Time,Pressure,PPGSignal,rawPPGSignal,Osc_Amp,Osc_SBP,MAP,Osc_DBP,Est_DBP,EnsembleSystolic,BL_W20_T2.0_D5,BL_W20_T2.0_D10,BL_W20_T2.5_D5,BL_W20_T2.5_D10,BL_W20_T3.0_D5,BL_W20_T3.0_D10,BL_W20_T3.5_D5,BL_W20_T3.5_D10,BL_W30_T2.0_D5,BL_W30_T2.0_D10,BL_W30_T2.5_D5,BL_W30_T2.5_D10,BL_W30_T3.0_D5,BL_W30_T3.0_D10,BL_W30_T3.5_D5,BL_W30_T3.5_D10,BL_W40_T2.0_D5,BL_W40_T2.0_D10,BL_W40_T2.5_D5,BL_W40_T2.5_D10,BL_W40_T3.0_D5,BL_W40_T3.0_D10,BL_W40_T3.5_D5,BL_W40_T3.5_D10,BL_W50_T2.0_D5,BL_W50_T2.0_D10,BL_W50_T2.5_D5,BL_W50_T2.5_D10,BL_W50_T3.0_D5,BL_W50_T3.0_D10,BL_W50_T3.5_D5,BL_W50_T3.5_D10
14828,-0.37,264,4095,0.00,97,139,67,156.68,103.64,0,0,0,0,0,0,0,0,0,0,0,0,0,0,0,0,0,0,0,0,0,0,0,0,0,0,0,0,0,0,0,0
14863,-0.20,1071,4095,0.00,97,139,67,156.68,103.64,0,0,0,0,0,0,0,0,0,0,0,0,0,0,0,0,0,0,0,0,0,0,0,0,0,0,0,0,0,0,0,0
14899,-0.21,2079,4095,0.00,97,139,67,156.68,103.64,0,0,0,0,0,0,0,0,0,0,0,0,0,0,0,0,0,0,0,0,0,0,0,0,0,0,0,0,0,0,0,0
14935,-0.21,2809,4095,0.00,97,139,67,156.68,103.64,0,0,0,0,0,0,0,0,0,0,0,0,0,0,0,0,0,0,0,0,0,0,0,0,0,0,0,0,0,0,0,0
14971,-0.17,3141,4095,0.00,97,139,67,156.68,103.64,0,0,0,0,0,0,0,0,0,0,0,0,0,0,0,0,0,0,0,0,0,0,0,0,0,0,0,0,0,0,0,0
15007,-0.12,3139,4095,0.00,97,139,67,156.68,103.64,0,0,0,0,0,0,0,0,0,0,0,0,0,0,0,0,0,0,0,0,0,0,0,0,0,0,0,0,0,0,0,0
15043,-0.11,2923,4095,0.00,97,139,67,156.68,103.64,0,0,0,0,0,0,0,0,0,0,0,0,0,0,0,0,0,0,0,0,0,0,0,0,0,0,0,0,0,0,0,0
15079,-0.15,2604,4095,0.00,97,139,67,156.68,103.64,0,0,0,0,0,0,0,0,0,0,0,0,0,0,0,0,0,0,0,0,0,0,0,0,0,0,0,0,0,0,0,0
15115,-0.09,2260,4095,0.00,97,139,67,156.68,103.64,0,0,0,0,0,0,0,0,0,0,0,0,0,0,0,0,0,0,0,0,0,0,0,0,0,0,0,0,0,0,0,0
15151,-0.15,1934,4095,0.00,97,139,67,156.68,103.64,0,0,0,0,0,0,0,0,0,0,0,0,0,0,0,0,0,0,0,0,0,0,0,0,0,0,0,0,0,0,0,0
15187,-0.14,1643,4095,0.00,97,139,67,156.68,103.64,0,0,0,0,0,0,0,0,0,0,0,0,0,0,0,0,0,0,0,0,0,0,0,0,0,0,0,0,0,0,0,0
15223,-0.12,1388,4095,0.00,97,139,67,156.68,103.64,0,0,0,0,0,0,0,0,0,0,0,0,0,0,0,0,0,0,0,0,0,0,0,0,0,0,0,0,0,0,0,0
15259,-0.20,1163,4095,0.00,97,139,67,156.68,103.64,0,0,0,0,0,0,0,0,0,0,0,0,0,0,0,0,0,0,0,0,0,0,0,0,0,0,0,0,0,0,0,0
15295,-0.15,962,4095,0.00,97,139,67,156.68,103.64,0,0,0,0,0,0,0,0,0,0,0,0,0,0,0,0,0,0,0,0,0,0,0,0,0,0,0,0,0,0,0,0
15331,-0.22,778,4095,0.00,97,139,67,156.68,103.64,0,0,0,0,0,0,0,0,0,0,0,0,0,0,0,0,0,0,0,0,0,0,0,0,0,0,0,0,0,0,0,0
15367,-0.21,609,4095,0.00,97,139,67,156.68,103.64,0,0,0,0,0,0,0,0,0,0,0,0,0,0,0,0,0,0,0,0,0,0,0,0,0,0,0,0,0,0,0,0
15403,-0.20,451,4095,0.00,97,139,67,156.68,103.64,0,0,0,0,0,0,0,0,0,0,0,0,0,0,0,0,0,0,0,0,0,0,0,0,0,0,0,0,0,0,0,0
15439,-0.25,304,4095,0.00,97,139,67,156.68,103.64,0,0,0,0,0,0,0,0,0,0,0,0,0,0,0,0,0,0,0,0,0,0,0,0,0,0,0,0,0,0,0,0
15475,-0.21,168,4095,0.00,97,139,67,156.68,103.64,0,0,0,0,0,0,0,0,0,0,0,0,0,0,0,0,0,0,0,0,0,0,0,0,0,0,0,0,0,0,0,0
15511,-0.17,41,4095,0.00,97,139,67,156.68,103.64,0,0,0,0,0,0,0,0,0,0,0,0,0,0,0,0,0,0,0,0,0,0,0,0,0,0,0,0,0,0,0,0
15547,-0.17,-73,4095,0.00,97,139,67,156.68,103.64,0,0,0,0,0,0,0,0,0,0,0,0,0,0,0,0,0,0,0,0,0,0,0,0,0,0,0,0,0,0,0,0
15583,-0.22,-179,4095,0.00,97,139,67,156.68,103.64,0,0,0,0,0,0,0,0,0,0,0,0,0,0,0,0,0,0,0,0,0,0,0,0,0,0,0,0,0,0,0,0
15619,-0.22,-276,4095,0.00,97,139,67,156.68,103.64,0,0,0,0,0,0,0,0,0,0,0,0,0,0,0,0,0,0,0,0,0,0,0,0,0,0,0,0,0,0,0,0
15655,-0.16,-363,4095,0.00,97,139,67,156.68,103.64,0,0,0,0,0,0,0,0,0,0,0,0,0,0,0,0,0,0,0,0,0,0,0,0,0,0,0,0,0,0,0,0
15691,-0.17,-441,4095,0.00,97,139,67,156.68,103.64,0,0,0,0,0,0,0,0,0,0,0,0,0,0,0,0,0,0,0,0,0,0,0,0,0,0,0,0,0,0,0,0
15727,-0.22,-511,4095,0.00,97,139,67,156.68,103.64,0,0,0,0,0,0,0,0,0,0,0,0,0,0,0,0,0,0,0,0,0,0,0,0,0,0,0,0,0,0,0,0
15763,-0.16,-573,4095,0.00,97,139,67,156.68,103.64,0,0,0,0,0,0,0,0,0,0,0,0,0,0,0,0,0,0,0,0,0,0,0,0,0,0,0,0,0,0,0,0
15799,-0.17,-627,4095,0.00,97,139,67,156.68,103.64,0,0,0,0,0,0,0,0,0,0,0,0,0,0,0,0,0,0,0,0,0,0,0,0,0,0,0,0,0,0,0,0
15835,-0.13,-675,4095,0.00,97,139,67,156.68,103.64,0,0,0,0,0,0,0,0,0,0,0,0,0,0,0,0,0,0,0,0,0,0,0,0,0,0,0,0,0,0,0,0
15871,-0.11,-716,4095,0.00,97,139,67,156.68,103.64,0,0,0,0,0,0,0,0,0,0,0,0,0,0,0,0,0,0,0,0,0,0,0,0,0,0,0,0,0,0,0,0
15907,-0.15,-750,4095,0.00,97,139,67,156.68,103.64,0,0,0,0,0,0,0,0,0,0,0,0,0,0,0,0,0,0,0,0,0,0,0,0,0,0,0,0,0,0,0,0
15943,-0.14,-779,4095,0.00,97,139,67,156.68,103.64,0,0,0,0,0,0,0,0,0,0,0,0,0,0,0,0,0,0,0,0,0,0,0,0,0,0,0,0,0,0,0,0
15979,-0.18,-803,4095,0.00,97,139,67,156.68,103.64,0,0,0,0,0,0,0,0,0,0,0,0,0,0,0,0,0,0,0,0,0,0,0,0,0,0,0,0,0,0,0,0
16015,-0.23,-821,4095,0.00,97,139,67,156.68,103.64,0,0,0,0,0,0,0,0,0,0,0,0,0,0,0,0,0,0,0,0,0,0,0,0,0,0,0,0,0,0,0,0
16051,-0.12,-835,4095,0.00,97,139,67,156.68,103.64,0,0,0,0,0,0,0,0,0,0,0,0,0,0,0,0,0,0,0,0,0,0,0,0,0,0,0,0,0,0,0,0
16087,-0.13,-845,4095,0.00,97,139,67,156.68,103.64,0,0,0,0,0,0,0,0,0,0,0,0,0,0,0,0,0,0,0,0,0,0,0,0,0,0,0,0,0,0,0,0
16123,-0.25,-850,4095,0.00,97,139,67,156.68,103.64,0,0,0,0,0,0,0,0,0,0,0,0,0,0,0,0,0,0,0,0,0,0,0,0,0,0,0,0,0,0,0,0
16159,-0.24,-852,4095,0.00,97,139,67,156.68,103.64,0,0,0,0,0,0,0,0,0,0,0,0,0,0,0,0,0,0,0,0,0,0,0,0,0,0,0,0,0,0,0,0
16195,-0.21,-850,4095,0.00,97,139,67,156.68,103.64,0,0,0,0,0,0,0,0,0,0,0,0,0,0,0,0,0,0,0,0,0,0,0,0,0,0,0,0,0,0,0,0
16231,-0.21,-846,4095,0.00,97,139,67,156.68,103.64,0,0,0,0,0,0,0,0,0,0,0,0,0,0,0,0,0,0,0,0,0,0,0,0,0,0,0,0,0,0,0,0
16267,-0.16,-838,4095,0.00,97,139,67,156.68,103.64,0,0,0,0,0,0,0,0,0,0,0,0,0,0,0,0,0,0,0,0,0,0,0,0,0,0,0,0,0,0,0,0
16303,-0.16,-828,4095,0.00,97,139,67,156.68,103.64,0,0,0,0,0,0,0,0,0,0,0,0,0,0,0,0,0,0,0,0,0,0,0,0,0,0,0,0,0,0,0,0
16339,-0.17,-816,4095,0.00,97,139,67,156.68,103.64,0,0,0,0,0,0,0,0,0,0,0,0,0,0,0,0,0,0,0,0,0,0,0,0,0,0,0,0,0,0,0,0
16375,-0.21,-802,4095,0.00,97,139,67,156.68,103.64,0,0,0,0,0,0,0,0,0,0,0,0,0,0,0,0,0,0,0,0,0,0,0,0,0,0,0,0,0,0,0,0
16411,-0.19,-785,4095,0.00,97,139,67,156.68,103.64,0,0,0,0,0,0,0,0,0,0,0,0,0,0,0,0,0,0,0,0,0,0,0,0,0,0,0,0,0,0,0,0
16447,-0.13,-768,4095,0.00,97,139,67,156.68,103.64,0,0,0,0,0,0,0,0,0,0,0,0,0,0,0,0,0,0,0,0,0,0,0,0,0,0,0,0,0,0,0,0
16483,-0.17,-749,4095,0.00,97,139,67,156.68,103.64,0,0,0,0,0,0,0,0,0,0,0,0,0,0,0,0,0,0,0,0,0,0,0,0,0,0,0,0,0,0,0,0
16519,-0.15,-728,4095,0.00,97,139,67,156.68,103.64,0,0,0,0,0,0,0,0,0,0,0,0,0,0,0,0,0,0,0,0,0,0,0,0,0,0,0,0,0,0,0,0
16555,-0.16,-707,4095,0.00,97,139,67,156.68,103.64,0,0,0,0,0,0,0,0,0,0,0,0,0,0,0,0,0,0,0,0,0,0,0,0,0,0,0,0,0,0,0,0
16591,-0.11,-685,4095,0.00,97,139,67,156.68,103.64,0,0,0,0,0,0,0,0,0,0,0,0,0,0,0,0,0,0,0,0,0,0,0,0,0,0,0,0,0,0,0,0
16627,-0.23,-662,4095,0.00,97,139,67,156.68,103.64,0,0,0,0,0,0,0,0,0,0,0,0,0,0,0,0,0,0,0,0,0,0,0,0,0,0,0,0,0,0,0,0
16663,-0.23,-638,4095,0.00,97,139,67,156.68,103.64,0,0,0,0,0,0,0,0,0,0,0,0,0,0,0,0,0,0,0,0,0,0,0,0,0,0,0,0,0,0,0,0
16699,-0.45,-614,4095,0.00,97,139,67,156.68,103.64,0,0,0,0,0,0,0,0,0,0,0,0,0,0,0,0,0,0,0,0,0,0,0,0,0,0,0,0,0,0,0,0
16735,-0.15,-590,4095,0.00,97,139,67,156.68,103.64,0,0,0,0,0,0,0,0,0,0,0,0,0,0,0,0,0,0,0,0,0,0,0,0,0,0,0,0,0,0,0,0
16771,-0.17,-566,4095,0.00,97,139,67,156.68,103.64,0,0,0,0,0,0,0,0,0,0,0,0,0,0,0,0,0,0,0,0,0,0,0,0,0,0,0,0,0,0,0,0
16807,-0.19,-541,4095,0.00,97,139,67,156.68,103.64,0,0,0,0,0,0,0,0,0,0,0,0,0,0,0,0,0,0,0,0,0,0,0,0,0,0,0,0,0,0,0,0
16843,-0.15,-517,4095,0.00,97,139,67,156.68,103.64,0,0,0,0,0,0,0,0,0,0,0,0,0,0,0,0,0,0,0,0,0,0,0,0,0,0,0,0,0,0,0,0
16879,-0.22,-493,4095,0.00,97,139,67,156.68,103.64,0,0,0,0,0,0,0,0,0,0,0,0,0,0,0,0,0,0,0,0,0,0,0,0,0,0,0,0,0,0,0,0
16915,-0.12,-469,4095,0.00,97,139,67,156.68,103.64,0,0,0,0,0,0,0,0,0,0,0,0,0,0,0,0,0,0,0,0,0,0,0,0,0,0,0,0,0,0,0,0
16951,-0.14,-445,4095,0.00,97,139,67,156.68,103.64,0,0,0,0,0,0,0,0,0,0,0,0,0,0,0,0,0,0,0,0,0,0,0,0,0,0,0,0,0,0,0,0
16987,-0.16,-421,4095,0.00,97,139,67,156.68,103.64,0,0,0,0,0,0,0,0,0,0,0,0,0,0,0,0,0,0,0,0,0,0,0,0,0,0,0,0,0,0,0,0
17023,-0.17,-398,4095,0.00,97,139,67,156.68,103.64,0,0,0,0,0,0,0,0,0,0,0,0,0,0,0,0,0,0,0,0,0,0,0,0,0,0,0,0,0,0,0,0
17059,-0.17,-376,4095,0.00,97,139,67,156.68,103.64,0,0,0,0,0,0,0,0,0,0,0,0,0,0,0,0,0,0,0,0,0,0,0,0,0,0,0,0,0,0,0,0
17095,-0.16,-454,2544,0.00,97,139,67,156.68,103.64,0,0,0,0,0,0,0,0,0,0,0,0,0,0,0,0,0,0,0,0,0,0,0,0,0,0,0,0,0,0,0,0
17131,-0.24,-902,0,0.00,97,139,67,156.68,103.64,0,0,0,0,0,0,0,0,0,0,0,0,0,0,0,0,0,0,0,0,0,0,0,0,0,0,0,0,0,0,0,0
17167,-0.18,-1764,0,0.00,97,139,67,156.68,103.64,0,0,0,0,0,0,0,0,0,0,0,0,0,0,0,0,0,0,0,0,0,0,0,0,0,0,0,0,0,0,0,0
17203,-0.21,-2647,0,0.00,97,139,67,156.68,103.64,0,0,0,0,0,0,0,0,0,0,0,0,0,0,0,0,0,0,0,0,0,0,0,0,0,0,0,0,0,0,0,0
17239,-0.20,-3206,0,0.00,97,139,67,156.68,103.64,0,0,0,0,0,0,0,0,0,0,0,0,0,0,0,0,0,0,0,0,0,0,0,0,0,0,0,0,0,0,0,0
17275,-0.20,-3393,0,0.00,97,139,67,156.68,103.64,0,0,0,0,0,0,0,0,0,0,0,0,0,0,0,0,0,0,0,0,0,0,0,0,0,0,0,0,0,0,0,0
17311,-0.18,-3291,0,0.00,97,139,67,156.68,103.64,0,0,0,0,0,0,0,0,0,0,0,0,0,0,0,0,0,0,0,0,0,0,0,0,0,0,0,0,0,0,0,0
17347,-0.16,-3018,0,0.00,97,139,67,156.68,103.64,0,0,0,0,0,0,0,0,0,0,0,0,0,0,0,0,0,0,0,0,0,0,0,0,0,0,0,0,0,0,0,0
17383,-0.18,-2673,0,0.00,97,139,67,156.68,103.64,0,0,0,0,0,0,0,0,0,0,0,0,0,0,0,0,0,0,0,0,0,0,0,0,0,0,0,0,0,0,0,0
17419,-0.21,-2319,0,0.00,97,139,67,156.68,103.64,0,0,0,0,0,0,0,0,0,0,0,0,0,0,0,0,0,0,0,0,0,0,0,0,0,0,0,0,0,0,0,0
17455,-0.07,-1991,0,0.00,97,139,67,156.68,103.64,0,0,0,0,0,0,0,0,0,0,0,0,0,0,0,0,0,0,0,0,0,0,0,0,0,0,0,0,0,0,0,0
17491,-0.17,-1698,0,0.00,97,139,67,156.68,103.64,0,0,0,0,0,0,0,0,0,0,0,0,0,0,0,0,0,0,0,0,0,0,0,0,0,0,0,0,0,0,0,0
17527,-0.14,-1440,0,0.00,97,139,67,156.68,103.64,0,0,0,0,0,0,0,0,0,0,0,0,0,0,0,0,0,0,0,0,0,0,0,0,0,0,0,0,0,0,0,0
17563,-0.19,-1211,0,0.00,97,139,67,156.68,103.64,0,0,0,0,0,0,0,0,0,0,0,0,0,0,0,0,0,0,0,0,0,0,0,0,0,0,0,0,0,0,0,0
17599,-0.29,-1004,0,0.00,97,139,67,156.68,103.64,0,0,0,0,0,0,0,0,0,0,0,0,0,0,0,0,0,0,0,0,0,0,0,0,0,0,0,0,0,0,0,0
17635,-0.17,-813,0,0.00,97,139,67,156.68,103.64,0,0,0,0,0,0,0,0,0,0,0,0,0,0,0,0,0,0,0,0,0,0,0,0,0,0,0,0,0,0,0,0
17671,-0.21,-637,0,0.00,97,139,67,156.68,103.64,0,0,0,0,0,0,0,0,0,0,0,0,0,0,0,0,0,0,0,0,0,0,0,0,0,0,0,0,0,0,0,0
17707,-0.16,-472,0,0.00,97,139,67,156.68,103.64,0,0,0,0,0,0,0,0,0,0,0,0,0,0,0,0,0,0,0,0,0,0,0,0,0,0,0,0,0,0,0,0
17743,-0.15,-319,0,0.00,97,139,67,156.68,103.64,0,0,0,0,0,0,0,0,0,0,0,0,0,0,0,0,0,0,0,0,0,0,0,0,0,0,0,0,0,0,0,0
17779,-0.22,-177,0,0.00,97,139,67,156.68,103.64,0,0,0,0,0,0,0,0,0,0,0,0,0,0,0,0,0,0,0,0,0,0,0,0,0,0,0,0,0,0,0,0
17815,-0.19,-45,0,0.00,97,139,67,156.68,103.64,0,0,0,0,0,0,0,0,0,0,0,0,0,0,0,0,0,0,0,0,0,0,0,0,0,0,0,0,0,0,0,0
17851,-0.14,74,0,0.00,97,139,67,156.68,103.64,0,0,0,0,0,0,0,0,0,0,0,0,0,0,0,0,0,0,0,0,0,0,0,0,0,0,0,0,0,0,0,0
17887,-0.16,184,0,0.00,97,139,67,156.68,103.64,0,0,0,0,0,0,0,0,0,0,0,0,0,0,0,0,0,0,0,0,0,0,0,0,0,0,0,0,0,0,0,0
17923,-0.16,284,0,0.00,97,139,67,156.68,103.64,0,0,0,0,0,0,0,0,0,0,0,0,0,0,0,0,0,0,0,0,0,0,0,0,0,0,0,0,0,0,0,0
17959,-0.16,375,0,0.00,97,139,67,156.68,103.64,0,0,0,0,0,0,0,0,0,0,0,0,0,0,0,0,0,0,0,0,0,0,0,0,0,0,0,0,0,0,0,0
17995,-0.24,456,0,0.00,97,139,67,156.68,103.64,0,0,0,0,0,0,0,0,0,0,0,0,0,0,0,0,0,0,0,0,0,0,0,0,0,0,0,0,0,0,0,0
18031,-0.22,529,0,0.00,97,139,67,156.68,103.64,0,0,0,0,0,0,0,0,0,0,0,0,0,0,0,0,0,0,0,0,0,0,0,0,0,0,0,0,0,0,0,0
18067,-0.23,593,0,0.00,97,139,67,156.68,103.64,0,0,0,0,0,0,0,0,0,0,0,0,0,0,0,0,0,0,0,0,0,0,0,0,0,0,0,0,0,0,0,0
18103,-0.21,650,0,0.00,97,139,67,156.68,103.64,0,0,0,0,0,0,0,0,0,0,0,0,0,0,0,0,0,0,0,0,0,0,0,0,0,0,0,0,0,0,0,0
18139,-0.18,699,0,0.00,97,139,67,156.68,103.64,0,0,0,0,0,0,0,0,0,0,0,0,0,0,0,0,0,0,0,0,0,0,0,0,0,0,0,0,0,0,0,0
18175,-0.23,742,0,0.00,97,139,67,156.68,103.64,0,0,0,0,0,0,0,0,0,0,0,0,0,0,0,0,0,0,0,0,0,0,0,0,0,0,0,0,0,0,0,0
18211,-0.21,778,0,0.00,97,139,67,156.68,103.64,0,0,0,0,0,0,0,0,0,0,0,0,0,0,0,0,0,0,0,0,0,0,0,0,0,0,0,0,0,0,0,0
18247,-0.19,808,0,0.00,97,139,67,156.68,103.64,0,0,0,0,0,0,0,0,0,0,0,0,0,0,0,0,0,0,0,0,0,0,0,0,0,0,0,0,0,0,0,0
18283,-0.25,833,0,0.00,97,139,67,156.68,103.64,0,0,0,0,0,0,0,0,0,0,0,0,0,0,0,0,0,0,0,0,0,0,0,0,0,0,0,0,0,0,0,0
18319,-0.31,1116,4095,0.00,97,139,67,156.68,103.64,0,0,0,0,0,0,0,0,0,0,0,0,0,0,0,0,0,0,0,0,0,0,0,0,0,0,0,0,0,0,0,0
18355,-0.16,1938,4095,0.00,97,139,67,156.68,103.64,0,0,0,0,0,0,0,0,0,0,0,0,0,0,0,0,0,0,0,0,0,0,0,0,0,0,0,0,0,0,0,0
18391,-0.12,2956,4095,0.00,97,139,67,156.68,103.64,0,0,0,0,0,0,0,0,0,0,0,0,0,0,0,0,0,0,0,0,0,0,0,0,0,0,0,0,0,0,0,0
18427,-0.26,3691,4095,0.00,97,139,67,156.68,103.64,0,0,0,0,0,0,0,0,0,0,0,0,0,0,0,0,0,0,0,0,0,0,0,0,0,0,0,0,0,0,0,0
18463,-0.17,3762,0,0.00,97,139,67,156.68,103.64,0,0,0,0,0,0,0,0,0,0,0,0,0,0,0,0,0,0,0,0,0,0,0,0,0,0,0,0,0,0,0,0
18499,-0.24,2951,0,0.00,97,139,67,156.68,103.64,0,0,0,0,0,0,0,0,0,0,0,0,0,0,0,0,0,0,0,0,0,0,0,0,0,0,0,0,0,0,0,0
18535,-0.12,1722,0,0.00,97,139,67,156.68,103.64,0,0,0,0,0,0,0,0,0,0,0,0,0,0,0,0,0,0,0,0,0,0,0,0,0,0,0,0,0,0,0,0
18571,-0.17,665,0,0.00,97,139,67,156.68,103.64,0,0,0,0,0,0,0,0,0,0,0,0,0,0,0,0,0,0,0,0,0,0,0,0,0,0,0,0,0,0,0,0
18607,-0.19,-20,0,0.00,97,139,67,156.68,103.64,0,0,0,0,0,0,0,0,0,0,0,0,0,0,0,0,0,0,0,0,0,0,0,0,0,0,0,0,0,0,0,0
18643,-0.15,-357,0,0.00,97,139,67,156.68,103.64,0,0,0,0,0,0,0,0,0,0,0,0,0,0,0,0,0,0,0,0,0,0,0,0,0,0,0,0,0,0,0,0
18679,-0.17,-447,0,0.00,97,139,67,156.68,103.64,0,0,0,0,0,0,0,0,0,0,0,0,0,0,0,0,0,0,0,0,0,0,0,0,0,0,0,0,0,0,0,0
18715,-0.11,-400,0,0.00,97,139,67,156.68,103.64,0,0,0,0,0,0,0,0,0,0,0,0,0,0,0,0,0,0,0,0,0,0,0,0,0,0,0,0,0,0,0,0
18751,-0.15,-299,0,0.00,97,139,67,156.68,103.64,0,0,0,0,0,0,0,0,0,0,0,0,0,0,0,0,0,0,0,0,0,0,0,0,0,0,0,0,0,0,0,0
18787,-0.15,-194,0,0.00,97,139,67,156.68,103.64,0,0,0,0,0,0,0,0,0,0,0,0,0,0,0,0,0,0,0,0,0,0,0,0,0,0,0,0,0,0,0,0
18823,-0.21,-107,0,0.00,97,139,67,156.68,103.64,0,0,0,0,0,0,0,0,0,0,0,0,0,0,0,0,0,0,0,0,0,0,0,0,0,0,0,0,0,0,0,0
18859,-0.17,-44,0,0.00,97,139,67,156.68,103.64,0,0,0,0,0,0,0,0,0,0,0,0,0,0,0,0,0,0,0,0,0,0,0,0,0,0,0,0,0,0,0,0
18895,-0.21,0,0,0.00,97,139,67,156.68,103.64,0,0,0,0,0,0,0,0,0,0,0,0,0,0,0,0,0,0,0,0,0,0,0,0,0,0,0,0,0,0,0,0
18931,-0.14,30,0,0.00,97,139,67,156.68,103.64,0,0,0,0,0,0,0,0,0,0,0,0,0,0,0,0,0,0,0,0,0,0,0,0,0,0,0,0,0,0,0,0
18967,-0.16,53,0,0.00,97,139,67,156.68,103.64,0,0,0,0,0,0,0,0,0,0,0,0,0,0,0,0,0,0,0,0,0,0,0,0,0,0,0,0,0,0,0,0
19003,-0.14,71,0,0.00,97,139,67,156.68,103.64,0,0,0,0,0,0,0,0,0,0,0,0,0,0,0,0,0,0,0,0,0,0,0,0,0,0,0,0,0,0,0,0
19039,-0.21,88,0,0.00,97,139,67,156.68,103.64,0,0,0,0,0,0,0,0,0,0,0,0,0,0,0,0,0,0,0,0,0,0,0,0,0,0,0,0,0,0,0,0
19075,-0.06,103,0,0.00,97,139,67,156.68,103.64,0,0,0,0,0,0,0,0,0,0,0,0,0,0,0,0,0,0,0,0,0,0,0,0,0,0,0,0,0,0,0,0
19111,-0.12,118,0,0.00,97,139,67,156.68,103.64,0,0,0,0,0,0,0,0,0,0,0,0,0,0,0,0,0,0,0,0,0,0,0,0,0,0,0,0,0,0,0,0
19147,-0.13,132,0,0.00,97,139,67,156.68,103.64,0,0,0,0,0,0,0,0,0,0,0,0,0,0,0,0,0,0,0,0,0,0,0,0,0,0,0,0,0,0,0,0
19183,-0.19,145,0,0.00,97,139,67,156.68,103.64,0,0,0,0,0,0,0,0,0,0,0,0,0,0,0,0,0,0,0,0,0,0,0,0,0,0,0,0,0,0,0,0
19219,-0.14,156,0,0.00,97,139,67,156.68,103.64,0,0,0,0,0,0,0,0,0,0,0,0,0,0,0,0,0,0,0,0,0,0,0,0,0,0,0,0,0,0,0,0
19255,-0.13,165,0,0.00,97,139,67,156.68,103.64,0,0,0,0,0,0,0,0,0,0,0,0,0,0,0,0,0,0,0,0,0,0,0,0,0,0,0,0,0,0,0,0
19291,-0.10,173,0,0.00,97,139,67,156.68,103.64,0,0,0,0,0,0,0,0,0,0,0,0,0,0,0,0,0,0,0,0,0,0,0,0,0,0,0,0,0,0,0,0
19327,-0.16,180,0,0.00,97,139,67,156.68,103.64,0,0,0,0,0,0,0,0,0,0,0,0,0,0,0,0,0,0,0,0,0,0,0,0,0,0,0,0,0,0,0,0
19363,-0.27,186,0,0.00,97,139,67,156.68,103.64,0,0,0,0,0,0,0,0,0,0,0,0,0,0,0,0,0,0,0,0,0,0,0,0,0,0,0,0,0,0,0,0
19399,-0.22,190,0,0.00,97,139,67,156.68,103.64,0,0,0,0,0,0,0,0,0,0,0,0,0,0,0,0,0,0,0,0,0,0,0,0,0,0,0,0,0,0,0,0
19435,-0.16,193,0,0.00,97,139,67,156.68,103.64,0,0,0,0,0,0,0,0,0,0,0,0,0,0,0,0,0,0,0,0,0,0,0,0,0,0,0,0,0,0,0,0
19471,-0.21,195,0,0.00,97,139,67,156.68,103.64,0,0,0,0,0,0,0,0,0,0,0,0,0,0,0,0,0,0,0,0,0,0,0,0,0,0,0,0,0,0,0,0
19507,-0.18,197,0,0.00,97,139,67,156.68,103.64,0,0,0,0,0,0,0,0,0,0,0,0,0,0,0,0,0,0,0,0,0,0,0,0,0,0,0,0,0,0,0,0
19543,-0.23,197,0,0.00,97,139,67,156.68,103.64,0,0,0,0,0,0,0,0,0,0,0,0,0,0,0,0,0,0,0,0,0,0,0,0,0,0,0,0,0,0,0,0
19579,-0.21,197,0,0.00,97,139,67,156.68,103.64,0,0,0,0,0,0,0,0,0,0,0,0,0,0,0,0,0,0,0,0,0,0,0,0,0,0,0,0,0,0,0,0
19615,-0.22,195,0,0.00,97,139,67,156.68,103.64,0,0,0,0,0,0,0,0,0,0,0,0,0,0,0,0,0,0,0,0,0,0,0,0,0,0,0,0,0,0,0,0
19651,-0.29,194,0,0.00,97,139,67,156.68,103.64,0,0,0,0,0,0,0,0,0,0,0,0,0,0,0,0,0,0,0,0,0,0,0,0,0,0,0,0,0,0,0,0
19687,-0.29,191,0,0.00,97,139,67,156.68,103.64,0,0,0,0,0,0,0,0,0,0,0,0,0,0,0,0,0,0,0,0,0,0,0,0,0,0,0,0,0,0,0,0
19723,-0.22,189,0,0.00,97,139,67,156.68,103.64,0,0,0,0,0,0,0,0,0,0,0,0,0,0,0,0,0,0,0,0,0,0,0,0,0,0,0,0,0,0,0,0
19759,-0.25,185,0,0.00,97,139,67,156.68,103.64,0,0,0,0,0,0,0,0,0,0,0,0,0,0,0,0,0,0,0,0,0,0,0,0,0,0,0,0,0,0,0,0
19795,-0.18,181,0,0.00,97,139,67,156.68,103.64,0,0,0,0,0,0,0,0,0,0,0,0,0,0,0,0,0,0,0,0,0,0,0,0,0,0,0,0,0,0,0,0
19831,-0.25,177,0,0.00,97,139,67,156.68,103.64,0,0,0,0,0,0,0,0,0,0,0,0,0,0,0,0,0,0,0,0,0,0,0,0,0,0,0,0,0,0,0,0
19867,-0.20,358,2875,0.00,97,139,67,156.68,103.64,0,0,0,0,0,0,0,0,0,0,0,0,0,0,0,0,0,0,0,0,0,0,0,0,0,0,0,0,0,0,0,0
19903,-0.23,999,4095,0.00,97,139,67,156.68,103.64,0,0,0,0,0,0,0,0,0,0,0,0,0,0,0,0,0,0,0,0,0,0,0,0,0,0,0,0,0,0,0,0
19939,-0.20,1942,4095,0.00,97,139,67,156.68,103.64,0,0,0,0,0,0,0,0,0,0,0,0,0,0,0,0,0,0,0,0,0,0,0,0,0,0,0,0,0,0,0,0
19975,-0.25,2750,4095,0.00,97,139,67,156.68,103.64,0,0,0,0,0,0,0,0,0,0,0,0,0,0,0,0,0,0,0,0,0,0,0,0,0,0,0,0,0,0,0,0
20011,-0.13,3195,4095,0.00,97,139,67,156.68,103.64,0,0,0,0,0,0,0,0,0,0,0,0,0,0,0,0,0,0,0,0,0,0,0,0,0,0,0,0,0,0,0,0
20047,-0.21,3288,4095,0.00,97,139,67,156.68,103.64,0,0,0,0,0,0,0,0,0,0,0,0,0,0,0,0,0,0,0,0,0,0,0,0,0,0,0,0,0,0,0,0
20083,-0.40,3130,4095,0.00,97,139,67,156.68,103.64,0,0,0,0,0,0,0,0,0,0,0,0,0,0,0,0,0,0,0,0,0,0,0,0,0,0,0,0,0,0,0,0
20119,-0.28,2836,4095,0.00,97,139,67,156.68,103.64,0,0,0,0,0,0,0,0,0,0,0,0,0,0,0,0,0,0,0,0,0,0,0,0,0,0,0,0,0,0,0,0
20155,-0.30,2494,4095,0.00,97,139,67,156.68,103.64,0,0,0,0,0,0,0,0,0,0,0,0,0,0,0,0,0,0,0,0,0,0,0,0,0,0,0,0,0,0,0,0
20191,-0.25,2157,4095,0.00,97,139,67,156.68,103.64,0,0,0,0,0,0,0,0,0,0,0,0,0,0,0,0,0,0,0,0,0,0,0,0,0,0,0,0,0,0,0,0
20227,-0.22,1849,4095,0.00,97,139,67,156.68,103.64,0,0,0,0,0,0,0,0,0,0,0,0,0,0,0,0,0,0,0,0,0,0,0,0,0,0,0,0,0,0,0,0
20263,-0.22,1578,4095,0.00,97,139,67,156.68,103.64,0,0,0,0,0,0,0,0,0,0,0,0,0,0,0,0,0,0,0,0,0,0,0,0,0,0,0,0,0,0,0,0
20299,-0.26,1338,4095,0.00,97,139,67,156.68,103.64,0,0,0,0,0,0,0,0,0,0,0,0,0,0,0,0,0,0,0,0,0,0,0,0,0,0,0,0,0,0,0,0
20335,-0.22,1125,4095,0.00,97,139,67,156.68,103.64,0,0,0,0,0,0,0,0,0,0,0,0,0,0,0,0,0,0,0,0,0,0,0,0,0,0,0,0,0,0,0,0
20371,-0.17,930,4095,0.00,97,139,67,156.68,103.64,0,0,0,0,0,0,0,0,0,0,0,0,0,0,0,0,0,0,0,0,0,0,0,0,0,0,0,0,0,0,0,0
20407,-0.20,751,4095,0.00,97,139,67,156.68,103.64,0,0,0,0,0,0,0,0,0,0,0,0,0,0,0,0,0,0,0,0,0,0,0,0,0,0,0,0,0,0,0,0
20443,-0.24,585,4095,0.00,97,139,67,156.68,103.64,0,0,0,0,0,0,0,0,0,0,0,0,0,0,0,0,0,0,0,0,0,0,0,0,0,0,0,0,0,0,0,0
20479,-0.20,430,4095,0.00,97,139,67,156.68,103.64,0,0,0,0,0,0,0,0,0,0,0,0,0,0,0,0,0,0,0,0,0,0,0,0,0,0,0,0,0,0,0,0
20515,-0.22,285,4095,0.00,97,139,67,156.68,103.64,0,0,0,0,0,0,0,0,0,0,0,0,0,0,0,0,0,0,0,0,0,0,0,0,0,0,0,0,0,0,0,0
20551,-0.23,151,4095,0.00,97,139,67,156.68,103.64,0,0,0,0,0,0,0,0,0,0,0,0,0,0,0,0,0,0,0,0,0,0,0,0,0,0,0,0,0,0,0,0
20587,-0.16,27,4095,0.00,97,139,67,156.68,103.64,0,0,0,0,0,0,0,0,0,0,0,0,0,0,0,0,0,0,0,0,0,0,0,0,0,0,0,0,0,0,0,0
20623,-0.15,-85,4095,0.00,97,139,67,156.68,103.64,0,0,0,0,0,0,0,0,0,0,0,0,0,0,0,0,0,0,0,0,0,0,0,0,0,0,0,0,0,0,0,0
20659,-0.22,-189,4095,0.00,97,139,67,156.68,103.64,0,0,0,0,0,0,0,0,0,0,0,0,0,0,0,0,0,0,0,0,0,0,0,0,0,0,0,0,0,0,0,0
20695,-0.16,-305,3750,0.00,97,139,67,156.68,103.64,0,0,0,0,0,0,0,0,0,0,0,0,0,0,0,0,0,0,0,0,0,0,0,0,0,0,0,0,0,0,0,0
20731,-0.11,-640,925,0.00,97,139,67,156.68,103.64,0,0,0,0,0,0,0,0,0,0,0,0,0,0,0,0,0,0,0,0,0,0,0,0,0,0,0,0,0,0,0,0
20767,-0.17,-1418,0,0.00,97,139,67,156.68,103.64,0,0,0,0,0,0,0,0,0,0,0,0,0,0,0,0,0,0,0,0,0,0,0,0,0,0,0,0,0,0,0,0
20803,-0.21,-2425,0,0.00,97,139,67,156.68,103.64,0,0,0,0,0,0,0,0,0,0,0,0,0,0,0,0,0,0,0,0,0,0,0,0,0,0,0,0,0,0,0,0
20839,-0.21,-3245,0,0.00,97,139,67,156.68,103.64,0,0,0,0,0,0,0,0,0,0,0,0,0,0,0,0,0,0,0,0,0,0,0,0,0,0,0,0,0,0,0,0
20875,-0.17,-3650,656,0.00,97,139,67,156.68,103.64,0,0,0,0,0,0,0,0,0,0,0,0,0,0,0,0,0,0,0,0,0,0,0,0,0,0,0,0,0,0,0,0
20911,-0.17,-3577,1346,0.00,97,139,67,156.68,103.64,0,0,0,0,0,0,0,0,0,0,0,0,0,0,0,0,0,0,0,0,0,0,0,0,0,0,0,0,0,0,0,0
20947,-0.20,-3106,1927,0.00,97,139,67,156.68,103.64,0,0,0,0,0,0,0,0,0,0,0,0,0,0,0,0,0,0,0,0,0,0,0,0,0,0,0,0,0,0,0,0
20983,-0.17,-2411,2371,0.00,97,139,67,156.68,103.64,0,0,0,0,0,0,0,0,0,0,0,0,0,0,0,0,0,0,0,0,0,0,0,0,0,0,0,0,0,0,0,0
21019,-0.17,-1676,2675,0.00,97,139,67,156.68,103.64,0,0,0,0,0,0,0,0,0,0,0,0,0,0,0,0,0,0,0,0,0,0,0,0,0,0,0,0,0,0,0,0
21055,-0.18,-1028,2911,0.00,97,139,67,156.68,103.64,0,0,0,0,0,0,0,0,0,0,0,0,0,0,0,0,0,0,0,0,0,0,0,0,0,0,0,0,0,0,0,0
21091,-0.19,-502,3458,0.00,97,139,67,156.68,103.64,0,0,0,0,0,0,0,0,0,0,0,0,0,0,0,0,0,0,0,0,0,0,0,0,0,0,0,0,0,0,0,0
21127,-0.16,-45,4095,0.00,97,139,67,156.68,103.64,0,0,0,0,0,0,0,0,0,0,0,0,0,0,0,0,0,0,0,0,0,0,0,0,0,0,0,0,0,0,0,0
21163,-0.14,362,4095,0.00,97,139,67,156.68,103.64,0,0,0,0,0,0,0,0,0,0,0,0,0,0,0,0,0,0,0,0,0,0,0,0,0,0,0,0,0,0,0,0
21199,-0.12,657,4095,0.00,97,139,67,156.68,103.64,0,0,0,0,0,0,0,0,0,0,0,0,0,0,0,0,0,0,0,0,0,0,0,0,0,0,0,0,0,0,0,0
21235,-0.13,799,4095,0.00,97,139,67,156.68,103.64,0,0,0,0,0,0,0,0,0,0,0,0,0,0,0,0,0,0,0,0,0,0,0,0,0,0,0,0,0,0,0,0
21271,-0.19,715,2553,0.00,97,139,67,156.68,103.64,0,0,0,0,0,0,0,0,0,0,0,0,0,0,0,0,0,0,0,0,0,0,0,0,0,0,0,0,0,0,0,0
21307,-0.23,309,1978,0.00,97,139,67,156.68,103.64,0,0,0,0,0,0,0,0,0,0,0,0,0,0,0,0,0,0,0,0,0,0,0,0,0,0,0,0,0,0,0,0
21343,-0.15,-281,2033,0.00,97,139,67,156.68,103.64,0,0,0,0,0,0,0,0,0,0,0,0,0,0,0,0,0,0,0,0,0,0,0,0,0,0,0,0,0,0,0,0
21379,-0.18,-774,2401,0.00,97,139,67,156.68,103.64,0,0,0,0,0,0,0,0,0,0,0,0,0,0,0,0,0,0,0,0,0,0,0,0,0,0,0,0,0,0,0,0
21415,-0.15,-998,2731,0.00,97,139,67,156.68,103.64,0,0,0,0,0,0,0,0,0,0,0,0,0,0,0,0,0,0,0,0,0,0,0,0,0,0,0,0,0,0,0,0
21451,-0.21,-962,2848,0.00,97,139,67,156.68,103.64,0,0,0,0,0,0,0,0,0,0,0,0,0,0,0,0,0,0,0,0,0,0,0,0,0,0,0,0,0,0,0,0
21487,-0.19,-774,3001,0.00,97,139,67,156.68,103.64,0,0,0,0,0,0,0,0,0,0,0,0,0,0,0,0,0,0,0,0,0,0,0,0,0,0,0,0,0,0,0,0
21523,-0.05,-537,3088,0.00,97,139,67,156.68,103.64,0,0,0,0,0,0,0,0,0,0,0,0,0,0,0,0,0,0,0,0,0,0,0,0,0,0,0,0,0,0,0,0
21559,-0.14,-342,2781,0.00,97,139,67,156.68,103.64,0,0,0,0,0,0,0,0,0,0,0,0,0,0,0,0,0,0,0,0,0,0,0,0,0,0,0,0,0,0,0,0
21595,-0.23,-236,2992,0.00,97,139,67,156.68,103.64,0,0,0,0,0,0,0,0,0,0,0,0,0,0,0,0,0,0,0,0,0,0,0,0,0,0,0,0,0,0,0,0
21631,-0.19,-167,3285,0.00,97,139,67,156.68,103.64,0,0,0,0,0,0,0,0,0,0,0,0,0,0,0,0,0,0,0,0,0,0,0,0,0,0,0,0,0,0,0,0
21667,-0.20,-142,2319,0.00,97,139,67,156.68,103.64,0,0,0,0,0,0,0,0,0,0,0,0,0,0,0,0,0,0,0,0,0,0,0,0,0,0,0,0,0,0,0,0
21703,-0.21,-395,0,0.00,97,139,67,156.68,103.64,0,0,0,0,0,0,0,0,0,0,0,0,0,0,0,0,0,0,0,0,0,0,0,0,0,0,0,0,0,0,0,0
21739,-0.16,-1033,0,0.00,97,139,67,156.68,103.64,0,0,0,0,0,0,0,0,0,0,0,0,0,0,0,0,0,0,0,0,0,0,0,0,0,0,0,0,0,0,0,0
21775,-0.14,-1752,0,0.00,97,139,67,156.68,103.64,0,0,0,0,0,0,0,0,0,0,0,0,0,0,0,0,0,0,0,0,0,0,0,0,0,0,0,0,0,0,0,0
21811,-0.24,-2243,0,0.00,97,139,67,156.68,103.64,0,0,0,0,0,0,0,0,0,0,0,0,0,0,0,0,0,0,0,0,0,0,0,0,0,0,0,0,0,0,0,0
21847,-0.16,-2212,3627,0.00,97,139,67,156.68,103.64,0,0,0,0,0,0,0,0,0,0,0,0,0,0,0,0,0,0,0,0,0,0,0,0,0,0,0,0,0,0,0,0
21883,-0.18,-1435,4095,0.00,97,139,67,156.68,103.64,0,0,0,0,0,0,0,0,0,0,0,0,0,0,0,0,0,0,0,0,0,0,0,0,0,0,0,0,0,0,0,0
21919,-0.16,-444,1456,0.00,97,139,67,156.68,103.64,0,0,0,0,0,0,0,0,0,0,0,0,0,0,0,0,0,0,0,0,0,0,0,0,0,0,0,0,0,0,0,0
21955,-0.09,-54,0,0.00,97,139,67,156.68,103.64,0,0,0,0,0,0,0,0,0,0,0,0,0,0,0,0,0,0,0,0,0,0,0,0,0,0,0,0,0,0,0,0
21991,-0.08,-321,558,0.00,97,139,67,156.68,103.64,0,0,0,0,0,0,0,0,0,0,0,0,0,0,0,0,0,0,0,0,0,0,0,0,0,0,0,0,0,0,0,0
22027,-0.23,-799,0,0.00,97,139,67,156.68,103.64,0,0,0,0,0,0,0,0,0,0,0,0,0,0,0,0,0,0,0,0,0,0,0,0,0,0,0,0,0,0,0,0
22063,-0.14,-1224,0,0.00,97,139,67,156.68,103.64,0,0,0,0,0,0,0,0,0,0,0,0,0,0,0,0,0,0,0,0,0,0,0,0,0,0,0,0,0,0,0,0
22099,-0.20,-1498,0,0.00,97,139,67,156.68,103.64,0,0,0,0,0,0,0,0,0,0,0,0,0,0,0,0,0,0,0,0,0,0,0,0,0,0,0,0,0,0,0,0
22135,-0.17,-1586,0,0.00,97,139,67,156.68,103.64,0,0,0,0,0,0,0,0,0,0,0,0,0,0,0,0,0,0,0,0,0,0,0,0,0,0,0,0,0,0,0,0
22171,-0.19,-1528,0,0.00,97,139,67,156.68,103.64,0,0,0,0,0,0,0,0,0,0,0,0,0,0,0,0,0,0,0,0,0,0,0,0,0,0,0,0,0,0,0,0
22207,-0.22,-1324,863,0.00,97,139,67,156.68,103.64,0,0,0,0,0,0,0,0,0,0,0,0,0,0,0,0,0,0,0,0,0,0,0,0,0,0,0,0,0,0,0,0
22243,-0.14,-1023,0,0.00,97,139,67,156.68,103.64,0,0,0,0,0,0,0,0,0,0,0,0,0,0,0,0,0,0,0,0,0,0,0,0,0,0,0,0,0,0,0,0
22279,-0.14,-790,0,0.00,97,139,67,156.68,103.64,0,0,0,0,0,0,0,0,0,0,0,0,0,0,0,0,0,0,0,0,0,0,0,0,0,0,0,0,0,0,0,0
22315,-0.13,-671,0,0.00,97,139,67,156.68,103.64,0,0,0,0,0,0,0,0,0,0,0,0,0,0,0,0,0,0,0,0,0,0,0,0,0,0,0,0,0,0,0,0
22351,-0.21,-597,0,0.00,97,139,67,156.68,103.64,0,0,0,0,0,0,0,0,0,0,0,0,0,0,0,0,0,0,0,0,0,0,0,0,0,0,0,0,0,0,0,0
22387,-0.11,-529,0,0.00,97,139,67,156.68,103.64,0,0,0,0,0,0,0,0,0,0,0,0,0,0,0,0,0,0,0,0,0,0,0,0,0,0,0,0,0,0,0,0
22423,-0.14,-451,0,0.00,97,139,67,156.68,103.64,0,0,0,0,0,0,0,0,0,0,0,0,0,0,0,0,0,0,0,0,0,0,0,0,0,0,0,0,0,0,0,0
22459,-0.17,-362,0,0.00,97,139,67,156.68,103.64,0,0,0,0,0,0,0,0,0,0,0,0,0,0,0,0,0,0,0,0,0,0,0,0,0,0,0,0,0,0,0,0
22495,-0.21,-268,0,0.00,97,139,67,156.68,103.64,0,0,0,0,0,0,0,0,0,0,0,0,0,0,0,0,0,0,0,0,0,0,0,0,0,0,0,0,0,0,0,0
22531,-0.23,91,4095,0.00,97,139,67,156.68,103.64,0,0,0,0,0,0,0,0,0,0,0,0,0,0,0,0,0,0,0,0,0,0,0,0,0,0,0,0,0,0,0,0
22567,-0.14,990,4095,0.00,97,139,67,156.68,103.64,0,0,0,0,0,0,0,0,0,0,0,0,0,0,0,0,0,0,0,0,0,0,0,0,0,0,0,0,0,0,0,0
22603,-0.09,2084,4095,0.00,97,139,67,156.68,103.64,0,0,0,0,0,0,0,0,0,0,0,0,0,0,0,0,0,0,0,0,0,0,0,0,0,0,0,0,0,0,0,0
22639,-0.16,2892,4095,0.00,97,139,67,156.68,103.64,0,0,0,0,0,0,0,0,0,0,0,0,0,0,0,0,0,0,0,0,0,0,0,0,0,0,0,0,0,0,0,0
22675,-0.12,3295,4095,0.00,97,139,67,156.68,103.64,0,0,0,0,0,0,0,0,0,0,0,0,0,0,0,0,0,0,0,0,0,0,0,0,0,0,0,0,0,0,0,0
22711,-0.16,3356,4095,0.00,97,139,67,156.68,103.64,0,0,0,0,0,0,0,0,0,0,0,0,0,0,0,0,0,0,0,0,0,0,0,0,0,0,0,0,0,0,0,0
22747,-0.15,3196,4095,0.00,97,139,67,156.68,103.64,0,0,0,0,0,0,0,0,0,0,0,0,0,0,0,0,0,0,0,0,0,0,0,0,0,0,0,0,0,0,0,0
22783,-0.16,2776,1757,0.00,97,139,67,156.68,103.64,0,0,0,0,0,0,0,0,0,0,0,0,0,0,0,0,0,0,0,0,0,0,0,0,0,0,0,0,0,0,0,0
22819,-0.18,2017,1786,0.00,97,139,67,156.68,103.64,0,0,0,0,0,0,0,0,0,0,0,0,0,0,0,0,0,0,0,0,0,0,0,0,0,0,0,0,0,0,0,0
22855,-0.17,1174,1993,0.00,97,139,67,156.68,103.64,0,0,0,0,0,0,0,0,0,0,0,0,0,0,0,0,0,0,0,0,0,0,0,0,0,0,0,0,0,0,0,0
22891,-0.20,564,2233,0.00,97,139,67,156.68,103.64,0,0,0,0,0,0,0,0,0,0,0,0,0,0,0,0,0,0,0,0,0,0,0,0,0,0,0,0,0,0,0,0
22927,-0.13,281,2679,0.00,97,139,67,156.68,103.64,0,0,0,0,0,0,0,0,0,0,0,0,0,0,0,0,0,0,0,0,0,0,0,0,0,0,0,0,0,0,0,0
22963,-0.14,360,4095,0.00,97,139,67,156.68,103.64,0,0,0,0,0,0,0,0,0,0,0,0,0,0,0,0,0,0,0,0,0,0,0,0,0,0,0,0,0,0,0,0
22999,-0.04,753,4095,0.00,97,139,67,156.68,103.64,0,0,0,0,0,0,0,0,0,0,0,0,0,0,0,0,0,0,0,0,0,0,0,0,0,0,0,0,0,0,0,0
23035,-0.09,1215,4095,0.00,97,139,67,156.68,103.64,0,0,0,0,0,0,0,0,0,0,0,0,0,0,0,0,0,0,0,0,0,0,0,0,0,0,0,0,0,0,0,0
23071,-0.16,1531,4095,0.00,97,139,67,156.68,103.64,0,0,0,0,0,0,0,0,0,0,0,0,0,0,0,0,0,0,0,0,0,0,0,0,0,0,0,0,0,0,0,0
23107,-0.23,1654,4095,0.00,97,139,67,156.68,103.64,0,0,0,0,0,0,0,0,0,0,0,0,0,0,0,0,0,0,0,0,0,0,0,0,0,0,0,0,0,0,0,0
23143,-0.14,1619,4095,0.00,97,139,67,156.68,103.64,0,0,0,0,0,0,0,0,0,0,0,0,0,0,0,0,0,0,0,0,0,0,0,0,0,0,0,0,0,0,0,0
23179,-0.23,1485,4095,0.00,97,139,67,156.68,103.64,0,0,0,0,0,0,0,0,0,0,0,0,0,0,0,0,0,0,0,0,0,0,0,0,0,0,0,0,0,0,0,0
23215,-0.22,1117,1152,0.00,97,139,67,156.68,103.64,0,0,0,0,0,0,0,0,0,0,0,0,0,0,0,0,0,0,0,0,0,0,0,0,0,0,0,0,0,0,0,0
23251,-0.09,275,0,0.00,97,139,67,156.68,103.64,0,0,0,0,0,0,0,0,0,0,0,0,0,0,0,0,0,0,0,0,0,0,0,0,0,0,0,0,0,0,0,0
23287,-0.24,-851,0,0.00,97,139,67,156.68,103.64,0,0,0,0,0,0,0,0,0,0,0,0,0,0,0,0,0,0,0,0,0,0,0,0,0,0,0,0,0,0,0,0
23323,-0.25,-1816,0,0.00,97,139,67,156.68,103.64,0,0,0,0,0,0,0,0,0,0,0,0,0,0,0,0,0,0,0,0,0,0,0,0,0,0,0,0,0,0,0,0
23359,-0.17,-2398,0,0.00,97,139,67,156.68,103.64,0,0,0,0,0,0,0,0,0,0,0,0,0,0,0,0,0,0,0,0,0,0,0,0,0,0,0,0,0,0,0,0
23395,-0.15,-2612,0,0.00,97,139,67,156.68,103.64,0,0,0,0,0,0,0,0,0,0,0,0,0,0,0,0,0,0,0,0,0,0,0,0,0,0,0,0,0,0,0,0
23431,-0.18,-2565,0,0.00,97,139,67,156.68,103.64,0,0,0,0,0,0,0,0,0,0,0,0,0,0,0,0,0,0,0,0,0,0,0,0,0,0,0,0,0,0,0,0
23467,-0.21,-2375,0,0.00,97,139,67,156.68,103.64,0,0,0,0,0,0,0,0,0,0,0,0,0,0,0,0,0,0,0,0,0,0,0,0,0,0,0,0,0,0,0,0
23503,-0.22,-2130,0,0.00,97,139,67,156.68,103.64,0,0,0,0,0,0,0,0,0,0,0,0,0,0,0,0,0,0,0,0,0,0,0,0,0,0,0,0,0,0,0,0
23539,-0.29,-1884,0,0.00,97,139,67,156.68,103.64,0,0,0,0,0,0,0,0,0,0,0,0,0,0,0,0,0,0,0,0,0,0,0,0,0,0,0,0,0,0,0,0
23575,-0.22,-1662,0,0.00,97,139,67,156.68,103.64,0,0,0,0,0,0,0,0,0,0,0,0,0,0,0,0,0,0,0,0,0,0,0,0,0,0,0,0,0,0,0,0
23611,-0.24,-1469,0,0.00,97,139,67,156.68,103.64,0,0,0,0,0,0,0,0,0,0,0,0,0,0,0,0,0,0,0,0,0,0,0,0,0,0,0,0,0,0,0,0
23647,-0.24,-1303,0,0.00,97,139,67,156.68,103.64,0,0,0,0,0,0,0,0,0,0,0,0,0,0,0,0,0,0,0,0,0,0,0,0,0,0,0,0,0,0,0,0
23683,-0.20,-1156,0,0.00,97,139,67,156.68,103.64,0,0,0,0,0,0,0,0,0,0,0,0,0,0,0,0,0,0,0,0,0,0,0,0,0,0,0,0,0,0,0,0
23719,-0.16,-759,4095,0.00,97,139,67,156.68,103.64,0,0,0,0,0,0,0,0,0,0,0,0,0,0,0,0,0,0,0,0,0,0,0,0,0,0,0,0,0,0,0,0
23755,-0.14,170,4095,0.00,97,139,67,156.68,103.64,0,0,0,0,0,0,0,0,0,0,0,0,0,0,0,0,0,0,0,0,0,0,0,0,0,0,0,0,0,0,0,0
23791,-0.15,1295,4095,0.00,97,139,67,156.68,103.64,0,0,0,0,0,0,0,0,0,0,0,0,0,0,0,0,0,0,0,0,0,0,0,0,0,0,0,0,0,0,0,0
23827,-0.04,2134,4095,0.00,97,139,67,156.68,103.64,0,0,0,0,0,0,0,0,0,0,0,0,0,0,0,0,0,0,0,0,0,0,0,0,0,0,0,0,0,0,0,0
23863,-0.14,2571,4095,0.00,97,139,67,156.68,103.64,0,0,0,0,0,0,0,0,0,0,0,0,0,0,0,0,0,0,0,0,0,0,0,0,0,0,0,0,0,0,0,0
23899,-0.16,2667,4095,0.00,97,139,67,156.68,103.64,0,0,0,0,0,0,0,0,0,0,0,0,0,0,0,0,0,0,0,0,0,0,0,0,0,0,0,0,0,0,0,0
23935,-0.18,2543,4095,0.00,97,139,67,156.68,103.64,0,0,0,0,0,0,0,0,0,0,0,0,0,0,0,0,0,0,0,0,0,0,0,0,0,0,0,0,0,0,0,0
23971,-0.19,2310,4095,0.00,97,139,67,156.68,103.64,0,0,0,0,0,0,0,0,0,0,0,0,0,0,0,0,0,0,0,0,0,0,0,0,0,0,0,0,0,0,0,0
24007,-0.13,2046,4095,0.00,97,139,67,156.68,103.64,0,0,0,0,0,0,0,0,0,0,0,0,0,0,0,0,0,0,0,0,0,0,0,0,0,0,0,0,0,0,0,0
24043,-0.15,1793,4095,0.00,97,139,67,156.68,103.64,0,0,0,0,0,0,0,0,0,0,0,0,0,0,0,0,0,0,0,0,0,0,0,0,0,0,0,0,0,0,0,0
24079,-0.25,1570,4095,0.00,97,139,67,156.68,103.64,0,0,0,0,0,0,0,0,0,0,0,0,0,0,0,0,0,0,0,0,0,0,0,0,0,0,0,0,0,0,0,0
24115,-0.17,1377,4095,0.00,97,139,67,156.68,103.64,0,0,0,0,0,0,0,0,0,0,0,0,0,0,0,0,0,0,0,0,0,0,0,0,0,0,0,0,0,0,0,0
24151,-0.17,1080,2082,0.00,97,139,67,156.68,103.64,0,0,0,0,0,0,0,0,0,0,0,0,0,0,0,0,0,0,0,0,0,0,0,0,0,0,0,0,0,0,0,0
24187,-0.19,489,1391,0.00,97,139,67,156.68,103.64,0,0,0,0,0,0,0,0,0,0,0,0,0,0,0,0,0,0,0,0,0,0,0,0,0,0,0,0,0,0,0,0
24223,-0.26,-242,1937,0.00,97,139,67,156.68,103.64,0,0,0,0,0,0,0,0,0,0,0,0,0,0,0,0,0,0,0,0,0,0,0,0,0,0,0,0,0,0,0,0
24259,-0.36,-750,2559,0.00,97,139,67,156.68,103.64,0,0,0,0,0,0,0,0,0,0,0,0,0,0,0,0,0,0,0,0,0,0,0,0,0,0,0,0,0,0,0,0
24295,-0.15,-862,3139,0.00,97,139,67,156.68,103.64,0,0,0,0,0,0,0,0,0,0,0,0,0,0,0,0,0,0,0,0,0,0,0,0,0,0,0,0,0,0,0,0
24331,-0.13,-603,4095,0.00,97,139,67,156.68,103.64,0,0,0,0,0,0,0,0,0,0,0,0,0,0,0,0,0,0,0,0,0,0,0,0,0,0,0,0,0,0,0,0
24367,-0.15,-116,4095,0.00,97,139,67,156.68,103.64,0,0,0,0,0,0,0,0,0,0,0,0,0,0,0,0,0,0,0,0,0,0,0,0,0,0,0,0,0,0,0,0
24403,-0.07,365,4095,0.00,97,139,67,156.68,103.64,0,0,0,0,0,0,0,0,0,0,0,0,0,0,0,0,0,0,0,0,0,0,0,0,0,0,0,0,0,0,0,0
24439,-0.15,684,4095,0.00,97,139,67,156.68,103.64,0,0,0,0,0,0,0,0,0,0,0,0,0,0,0,0,0,0,0,0,0,0,0,0,0,0,0,0,0,0,0,0
24475,-0.16,818,4095,0.00,97,139,67,156.68,103.64,0,0,0,0,0,0,0,0,0,0,0,0,0,0,0,0,0,0,0,0,0,0,0,0,0,0,0,0,0,0,0,0
24511,-0.23,777,3561,0.00,97,139,67,156.68,103.64,0,0,0,0,0,0,0,0,0,0,0,0,0,0,0,0,0,0,0,0,0,0,0,0,0,0,0,0,0,0,0,0
24547,-0.19,463,1711,0.00,97,139,67,156.68,103.64,0,0,0,0,0,0,0,0,0,0,0,0,0,0,0,0,0,0,0,0,0,0,0,0,0,0,0,0,0,0,0,0
24583,-0.17,-161,1645,0.00,97,139,67,156.68,103.64,0,0,0,0,0,0,0,0,0,0,0,0,0,0,0,0,0,0,0,0,0,0,0,0,0,0,0,0,0,0,0,0
24619,-0.15,-809,2343,0.00,97,139,67,156.68,103.64,0,0,0,0,0,0,0,0,0,0,0,0,0,0,0,0,0,0,0,0,0,0,0,0,0,0,0,0,0,0,0,0
24655,-0.17,-1151,2757,0.00,97,139,67,156.68,103.64,0,0,0,0,0,0,0,0,0,0,0,0,0,0,0,0,0,0,0,0,0,0,0,0,0,0,0,0,0,0,0,0
24691,-0.21,-1132,3199,0.00,97,139,67,156.68,103.64,0,0,0,0,0,0,0,0,0,0,0,0,0,0,0,0,0,0,0,0,0,0,0,0,0,0,0,0,0,0,0,0
24727,-0.15,-876,3275,0.00,97,139,67,156.68,103.64,0,0,0,0,0,0,0,0,0,0,0,0,0,0,0,0,0,0,0,0,0,0,0,0,0,0,0,0,0,0,0,0
24763,-0.13,-587,2771,0.00,97,139,67,156.68,103.64,0,0,0,0,0,0,0,0,0,0,0,0,0,0,0,0,0,0,0,0,0,0,0,0,0,0,0,0,0,0,0,0
24799,-0.17,-474,2039,0.00,97,139,67,156.68,103.64,0,0,0,0,0,0,0,0,0,0,0,0,0,0,0,0,0,0,0,0,0,0,0,0,0,0,0,0,0,0,0,0
24835,-0.19,-598,1826,0.00,97,139,67,156.68,103.64,0,0,0,0,0,0,0,0,0,0,0,0,0,0,0,0,0,0,0,0,0,0,0,0,0,0,0,0,0,0,0,0
24871,-0.22,-834,1941,0.00,97,139,67,156.68,103.64,0,0,0,0,0,0,0,0,0,0,0,0,0,0,0,0,0,0,0,0,0,0,0,0,0,0,0,0,0,0,0,0
24907,-0.15,-1045,1653,0.00,97,139,67,156.68,103.64,0,0,0,0,0,0,0,0,0,0,0,0,0,0,0,0,0,0,0,0,0,0,0,0,0,0,0,0,0,0,0,0
24943,-0.19,-1211,1376,0.00,97,139,67,156.68,103.64,0,0,0,0,0,0,0,0,0,0,0,0,0,0,0,0,0,0,0,0,0,0,0,0,0,0,0,0,0,0,0,0
24979,-0.22,-1347,1246,0.00,97,139,67,156.68,103.64,0,0,0,0,0,0,0,0,0,0,0,0,0,0,0,0,0,0,0,0,0,0,0,0,0,0,0,0,0,0,0,0
25015,-0.18,-1418,1535,0.00,97,139,67,156.68,103.64,0,0,0,0,0,0,0,0,0,0,0,0,0,0,0,0,0,0,0,0,0,0,0,0,0,0,0,0,0,0,0,0
25051,-0.15,-1362,1822,0.00,97,139,67,156.68,103.64,0,0,0,0,0,0,0,0,0,0,0,0,0,0,0,0,0,0,0,0,0,0,0,0,0,0,0,0,0,0,0,0
25087,-0.18,-1114,2926,0.00,97,139,67,156.68,103.64,0,0,0,0,0,0,0,0,0,0,0,0,0,0,0,0,0,0,0,0,0,0,0,0,0,0,0,0,0,0,0,0
25123,-0.26,-633,3621,0.00,97,139,67,156.68,103.64,0,0,0,0,0,0,0,0,0,0,0,0,0,0,0,0,0,0,0,0,0,0,0,0,0,0,0,0,0,0,0,0
25159,-0.27,-35,3539,0.00,97,139,67,156.68,103.64,0,0,0,0,0,0,0,0,0,0,0,0,0,0,0,0,0,0,0,0,0,0,0,0,0,0,0,0,0,0,0,0
25195,-0.26,456,3383,0.00,97,139,67,156.68,103.64,0,0,0,0,0,0,0,0,0,0,0,0,0,0,0,0,0,0,0,0,0,0,0,0,0,0,0,0,0,0,0,0
25231,-0.23,772,4095,0.00,97,139,67,156.68,103.64,0,0,0,0,0,0,0,0,0,0,0,0,0,0,0,0,0,0,0,0,0,0,0,0,0,0,0,0,0,0,0,0
25267,-0.29,992,4095,0.00,97,139,67,156.68,103.64,0,0,0,0,0,0,0,0,0,0,0,0,0,0,0,0,0,0,0,0,0,0,0,0,0,0,0,0,0,0,0,0
25303,-0.27,1131,4095,0.00,97,139,67,156.68,103.64,0,0,0,0,0,0,0,0,0,0,0,0,0,0,0,0,0,0,0,0,0,0,0,0,0,0,0,0,0,0,0,0
25339,-0.23,1171,4095,0.00,97,139,67,156.68,103.64,0,0,0,0,0,0,0,0,0,0,0,0,0,0,0,0,0,0,0,0,0,0,0,0,0,0,0,0,0,0,0,0
25375,-0.23,1130,4095,0.00,97,139,67,156.68,103.64,0,0,0,0,0,0,0,0,0,0,0,0,0,0,0,0,0,0,0,0,0,0,0,0,0,0,0,0,0,0,0,0
25411,-0.24,1041,4095,0.00,97,139,67,156.68,103.64,0,0,0,0,0,0,0,0,0,0,0,0,0,0,0,0,0,0,0,0,0,0,0,0,0,0,0,0,0,0,0,0
25447,-0.18,801,2101,0.00,97,139,67,156.68,103.64,0,0,0,0,0,0,0,0,0,0,0,0,0,0,0,0,0,0,0,0,0,0,0,0,0,0,0,0,0,0,0,0
25483,-0.24,252,1442,0.00,97,139,67,156.68,103.64,0,0,0,0,0,0,0,0,0,0,0,0,0,0,0,0,0,0,0,0,0,0,0,0,0,0,0,0,0,0,0,0
25519,-0.12,-457,1714,0.00,97,139,67,156.68,103.64,0,0,0,0,0,0,0,0,0,0,0,0,0,0,0,0,0,0,0,0,0,0,0,0,0,0,0,0,0,0,0,0
25555,-0.16,-984,2240,0.00,97,139,67,156.68,103.64,0,0,0,0,0,0,0,0,0,0,0,0,0,0,0,0,0,0,0,0,0,0,0,0,0,0,0,0,0,0,0,0
25591,-0.20,-1154,2622,0.00,97,139,67,156.68,103.64,0,0,0,0,0,0,0,0,0,0,0,0,0,0,0,0,0,0,0,0,0,0,0,0,0,0,0,0,0,0,0,0
25627,-0.14,-1005,3012,0.00,97,139,67,156.68,103.64,0,0,0,0,0,0,0,0,0,0,0,0,0,0,0,0,0,0,0,0,0,0,0,0,0,0,0,0,0,0,0,0
25663,-0.13,-657,3429,0.00,97,139,67,156.68,103.64,0,0,0,0,0,0,0,0,0,0,0,0,0,0,0,0,0,0,0,0,0,0,0,0,0,0,0,0,0,0,0,0
25699,-0.21,-229,3639,0.00,97,139,67,156.68,103.64,0,0,0,0,0,0,0,0,0,0,0,0,0,0,0,0,0,0,0,0,0,0,0,0,0,0,0,0,0,0,0,0
25735,-0.21,145,3425,0.00,97,139,67,156.68,103.64,0,0,0,0,0,0,0,0,0,0,0,0,0,0,0,0,0,0,0,0,0,0,0,0,0,0,0,0,0,0,0,0
25771,-0.21,361,3302,0.00,97,139,67,156.68,103.64,0,0,0,0,0,0,0,0,0,0,0,0,0,0,0,0,0,0,0,0,0,0,0,0,0,0,0,0,0,0,0,0
25807,-0.19,408,3232,0.00,97,139,67,156.68,103.64,0,0,0,0,0,0,0,0,0,0,0,0,0,0,0,0,0,0,0,0,0,0,0,0,0,0,0,0,0,0,0,0
25843,-0.13,341,3109,0.00,97,139,67,156.68,103.64,0,0,0,0,0,0,0,0,0,0,0,0,0,0,0,0,0,0,0,0,0,0,0,0,0,0,0,0,0,0,0,0
25879,-0.20,212,2993,0.00,97,139,67,156.68,103.64,0,0,0,0,0,0,0,0,0,0,0,0,0,0,0,0,0,0,0,0,0,0,0,0,0,0,0,0,0,0,0,0
25915,-0.22,66,2962,0.00,97,139,67,156.68,103.64,0,0,0,0,0,0,0,0,0,0,0,0,0,0,0,0,0,0,0,0,0,0,0,0,0,0,0,0,0,0,0,0
25951,-0.24,-55,3001,0.00,97,139,67,156.68,103.64,0,0,0,0,0,0,0,0,0,0,0,0,0,0,0,0,0,0,0,0,0,0,0,0,0,0,0,0,0,0,0,0
25987,-0.28,-127,3043,0.00,97,139,67,156.68,103.64,0,0,0,0,0,0,0,0,0,0,0,0,0,0,0,0,0,0,0,0,0,0,0,0,0,0,0,0,0,0,0,0
26023,-0.18,-155,2971,0.00,97,139,67,156.68,103.64,0,0,0,0,0,0,0,0,0,0,0,0,0,0,0,0,0,0,0,0,0,0,0,0,0,0,0,0,0,0,0,0
26059,-0.17,-169,2875,0.00,97,139,67,156.68,103.64,0,0,0,0,0,0,0,0,0,0,0,0,0,0,0,0,0,0,0,0,0,0,0,0,0,0,0,0,0,0,0,0
26095,-0.21,-192,2819,0.00,97,139,67,156.68,103.64,0,0,0,0,0,0,0,0,0,0,0,0,0,0,0,0,0,0,0,0,0,0,0,0,0,0,0,0,0,0,0,0
26131,-0.20,-222,2821,0.00,97,139,67,156.68,103.64,0,0,0,0,0,0,0,0,0,0,0,0,0,0,0,0,0,0,0,0,0,0,0,0,0,0,0,0,0,0,0,0
26167,-0.21,-227,3110,0.00,97,139,67,156.68,103.64,0,0,0,0,0,0,0,0,0,0,0,0,0,0,0,0,0,0,0,0,0,0,0,0,0,0,0,0,0,0,0,0
26203,-0.26,-115,4095,0.00,97,139,67,156.68,103.64,0,0,0,0,0,0,0,0,0,0,0,0,0,0,0,0,0,0,0,0,0,0,0,0,0,0,0,0,0,0,0,0
26239,-0.24,153,4095,0.00,97,139,67,156.68,103.64,0,0,0,0,0,0,0,0,0,0,0,0,0,0,0,0,0,0,0,0,0,0,0,0,0,0,0,0,0,0,0,0
26275,-0.15,460,4095,0.00,97,139,67,156.68,103.64,0,0,0,0,0,0,0,0,0,0,0,0,0,0,0,0,0,0,0,0,0,0,0,0,0,0,0,0,0,0,0,0
26311,-0.21,677,4095,0.00,97,139,67,156.68,103.64,0,0,0,0,0,0,0,0,0,0,0,0,0,0,0,0,0,0,0,0,0,0,0,0,0,0,0,0,0,0,0,0
26347,-0.25,776,4095,0.00,97,139,67,156.68,103.64,0,0,0,0,0,0,0,0,0,0,0,0,0,0,0,0,0,0,0,0,0,0,0,0,0,0,0,0,0,0,0,0
26383,-0.18,779,4095,0.00,97,139,67,156.68,103.64,0,0,0,0,0,0,0,0,0,0,0,0,0,0,0,0,0,0,0,0,0,0,0,0,0,0,0,0,0,0,0,0
26419,-0.18,685,3536,0.00,97,139,67,156.68,103.64,0,0,0,0,0,0,0,0,0,0,0,0,0,0,0,0,0,0,0,0,0,0,0,0,0,0,0,0,0,0,0,0
26455,-0.23,475,3297,0.00,97,139,67,156.68,103.64,0,0,0,0,0,0,0,0,0,0,0,0,0,0,0,0,0,0,0,0,0,0,0,0,0,0,0,0,0,0,0,0
26491,-0.23,204,3384,0.00,97,139,67,156.68,103.64,0,0,0,0,0,0,0,0,0,0,0,0,0,0,0,0,0,0,0,0,0,0,0,0,0,0,0,0,0,0,0,0
26527,-0.14,-12,3538,0.00,97,139,67,156.68,103.64,0,0,0,0,0,0,0,0,0,0,0,0,0,0,0,0,0,0,0,0,0,0,0,0,0,0,0,0,0,0,0,0
26563,-0.17,-127,3480,0.00,97,139,67,156.68,103.64,0,0,0,0,0,0,0,0,0,0,0,0,0,0,0,0,0,0,0,0,0,0,0,0,0,0,0,0,0,0,0,0
26599,-0.21,-183,3269,0.00,97,139,67,156.68,103.64,0,0,0,0,0,0,0,0,0,0,0,0,0,0,0,0,0,0,0,0,0,0,0,0,0,0,0,0,0,0,0,0
26635,-0.25,-242,3109,0.00,97,139,67,156.68,103.64,0,0,0,0,0,0,0,0,0,0,0,0,0,0,0,0,0,0,0,0,0,0,0,0,0,0,0,0,0,0,0,0
26671,-0.10,-326,2986,0.00,97,139,67,156.68,103.64,0,0,0,0,0,0,0,0,0,0,0,0,0,0,0,0,0,0,0,0,0,0,0,0,0,0,0,0,0,0,0,0
26707,-0.23,-430,2799,0.00,97,139,67,156.68,103.64,0,0,0,0,0,0,0,0,0,0,0,0,0,0,0,0,0,0,0,0,0,0,0,0,0,0,0,0,0,0,0,0
26743,-0.27,-542,2689,0.00,97,139,67,156.68,103.64,0,0,0,0,0,0,0,0,0,0,0,0,0,0,0,0,0,0,0,0,0,0,0,0,0,0,0,0,0,0,0,0
26779,-0.27,-639,2736,0.00,97,139,67,156.68,103.64,0,0,0,0,0,0,0,0,0,0,0,0,0,0,0,0,0,0,0,0,0,0,0,0,0,0,0,0,0,0,0,0
26815,-0.19,-684,2815,0.00,97,139,67,156.68,103.64,0,0,0,0,0,0,0,0,0,0,0,0,0,0,0,0,0,0,0,0,0,0,0,0,0,0,0,0,0,0,0,0
26851,-0.23,-664,2887,0.00,97,139,67,156.68,103.64,0,0,0,0,0,0,0,0,0,0,0,0,0,0,0,0,0,0,0,0,0,0,0,0,0,0,0,0,0,0,0,0
26887,-0.25,-597,2880,0.00,97,139,67,156.68,103.64,0,0,0,0,0,0,0,0,0,0,0,0,0,0,0,0,0,0,0,0,0,0,0,0,0,0,0,0,0,0,0,0
26923,-0.24,-515,2879,0.00,97,139,67,156.68,103.64,0,0,0,0,0,0,0,0,0,0,0,0,0,0,0,0,0,0,0,0,0,0,0,0,0,0,0,0,0,0,0,0
26959,-0.25,-442,2855,0.00,97,139,67,156.68,103.64,0,0,0,0,0,0,0,0,0,0,0,0,0,0,0,0,0,0,0,0,0,0,0,0,0,0,0,0,0,0,0,0
26995,-0.27,-388,2847,0.00,97,139,67,156.68,103.64,0,0,0,0,0,0,0,0,0,0,0,0,0,0,0,0,0,0,0,0,0,0,0,0,0,0,0,0,0,0,0,0
27031,-0.21,-355,2746,0.00,97,139,67,156.68,103.64,0,0,0,0,0,0,0,0,0,0,0,0,0,0,0,0,0,0,0,0,0,0,0,0,0,0,0,0,0,0,0,0
27067,-0.25,-336,2891,0.00,97,139,67,156.68,103.64,0,0,0,0,0,0,0,0,0,0,0,0,0,0,0,0,0,0,0,0,0,0,0,0,0,0,0,0,0,0,0,0
27103,-0.22,-228,4095,0.00,97,139,67,156.68,103.64,0,0,0,0,0,0,0,0,0,0,0,0,0,0,0,0,0,0,0,0,0,0,0,0,0,0,0,0,0,0,0,0
27139,-0.14,51,4095,0.00,97,139,67,156.68,103.64,0,0,0,0,0,0,0,0,0,0,0,0,0,0,0,0,0,0,0,0,0,0,0,0,0,0,0,0,0,0,0,0
27175,-0.20,391,4095,0.00,97,139,67,156.68,103.64,0,0,0,0,0,0,0,0,0,0,0,0,0,0,0,0,0,0,0,0,0,0,0,0,0,0,0,0,0,0,0,0
27211,-0.29,643,4095,0.00,97,139,67,156.68,103.64,0,0,0,0,0,0,0,0,0,0,0,0,0,0,0,0,0,0,0,0,0,0,0,0,0,0,0,0,0,0,0,0
27247,-0.22,772,4095,0.00,97,139,67,156.68,103.64,0,0,0,0,0,0,0,0,0,0,0,0,0,0,0,0,0,0,0,0,0,0,0,0,0,0,0,0,0,0,0,0
27283,-0.24,717,2869,0.00,97,139,67,156.68,103.64,0,0,0,0,0,0,0,0,0,0,0,0,0,0,0,0,0,0,0,0,0,0,0,0,0,0,0,0,0,0,0,0
27319,-0.19,393,2269,0.00,97,139,67,156.68,103.64,0,0,0,0,0,0,0,0,0,0,0,0,0,0,0,0,0,0,0,0,0,0,0,0,0,0,0,0,0,0,0,0
27355,-0.19,-95,2371,0.00,97,139,67,156.68,103.64,0,0,0,0,0,0,0,0,0,0,0,0,0,0,0,0,0,0,0,0,0,0,0,0,0,0,0,0,0,0,0,0
27391,-0.19,-500,2767,0.00,97,139,67,156.68,103.64,0,0,0,0,0,0,0,0,0,0,0,0,0,0,0,0,0,0,0,0,0,0,0,0,0,0,0,0,0,0,0,0
27427,-0.22,-667,3045,0.00,97,139,67,156.68,103.64,0,0,0,0,0,0,0,0,0,0,0,0,0,0,0,0,0,0,0,0,0,0,0,0,0,0,0,0,0,0,0,0
27463,-0.26,-614,3067,0.00,97,139,67,156.68,103.64,0,0,0,0,0,0,0,0,0,0,0,0,0,0,0,0,0,0,0,0,0,0,0,0,0,0,0,0,0,0,0,0
27499,-0.14,-468,2930,0.00,97,139,67,156.68,103.64,0,0,0,0,0,0,0,0,0,0,0,0,0,0,0,0,0,0,0,0,0,0,0,0,0,0,0,0,0,0,0,0
27535,-0.18,-344,2783,0.00,97,139,67,156.68,103.64,0,0,0,0,0,0,0,0,0,0,0,0,0,0,0,0,0,0,0,0,0,0,0,0,0,0,0,0,0,0,0,0
27571,-0.16,-291,2659,0.00,97,139,67,156.68,103.64,0,0,0,0,0,0,0,0,0,0,0,0,0,0,0,0,0,0,0,0,0,0,0,0,0,0,0,0,0,0,0,0
27607,-0.20,-300,2644,0.00,97,139,67,156.68,103.64,0,0,0,0,0,0,0,0,0,0,0,0,0,0,0,0,0,0,0,0,0,0,0,0,0,0,0,0,0,0,0,0
27643,-0.19,-329,2658,0.00,97,139,67,156.68,103.64,0,0,0,0,0,0,0,0,0,0,0,0,0,0,0,0,0,0,0,0,0,0,0,0,0,0,0,0,0,0,0,0
27679,-0.25,-344,2689,0.00,97,139,67,156.68,103.64,0,0,0,0,0,0,0,0,0,0,0,0,0,0,0,0,0,0,0,0,0,0,0,0,0,0,0,0,0,0,0,0
27715,-0.16,-335,2682,0.00,97,139,67,156.68,103.64,0,0,0,0,0,0,0,0,0,0,0,0,0,0,0,0,0,0,0,0,0,0,0,0,0,0,0,0,0,0,0,0
27751,-0.20,-309,2655,0.00,97,139,67,156.68,103.64,0,0,0,0,0,0,0,0,0,0,0,0,0,0,0,0,0,0,0,0,0,0,0,0,0,0,0,0,0,0,0,0
27787,-0.23,-279,2640,0.00,97,139,67,156.68,103.64,0,0,0,0,0,0,0,0,0,0,0,0,0,0,0,0,0,0,0,0,0,0,0,0,0,0,0,0,0,0,0,0
27823,-0.17,-251,2615,0.00,97,139,67,156.68,103.64,0,0,0,0,0,0,0,0,0,0,0,0,0,0,0,0,0,0,0,0,0,0,0,0,0,0,0,0,0,0,0,0
27859,-0.19,-228,2615,0.00,97,139,67,156.68,103.64,0,0,0,0,0,0,0,0,0,0,0,0,0,0,0,0,0,0,0,0,0,0,0,0,0,0,0,0,0,0,0,0
27895,-0.20,-203,2643,0.00,97,139,67,156.68,103.64,0,0,0,0,0,0,0,0,0,0,0,0,0,0,0,0,0,0,0,0,0,0,0,0,0,0,0,0,0,0,0,0
27931,-0.16,-172,2659,0.00,97,139,67,156.68,103.64,0,0,0,0,0,0,0,0,0,0,0,0,0,0,0,0,0,0,0,0,0,0,0,0,0,0,0,0,0,0,0,0
27967,-0.19,-135,2669,0.00,97,139,67,156.68,103.64,0,0,0,0,0,0,0,0,0,0,0,0,0,0,0,0,0,0,0,0,0,0,0,0,0,0,0,0,0,0,0,0
28003,-0.20,-99,2641,0.00,97,139,67,156.68,103.64,0,0,0,0,0,0,0,0,0,0,0,0,0,0,0,0,0,0,0,0,0,0,0,0,0,0,0,0,0,0,0,0
28039,-0.28,-63,2737,0.00,97,139,67,156.68,103.64,0,0,0,0,0,0,0,0,0,0,0,0,0,0,0,0,0,0,0,0,0,0,0,0,0,0,0,0,0,0,0,0
28075,-0.14,45,3797,0.00,97,139,67,156.68,103.64,0,0,0,0,0,0,0,0,0,0,0,0,0,0,0,0,0,0,0,0,0,0,0,0,0,0,0,0,0,0,0,0
28111,-0.24,315,4095,0.00,97,139,67,156.68,103.64,0,0,0,0,0,0,0,0,0,0,0,0,0,0,0,0,0,0,0,0,0,0,0,0,0,0,0,0,0,0,0,0
28147,-0.20,669,4095,0.00,97,139,67,156.68,103.64,0,0,0,0,0,0,0,0,0,0,0,0,0,0,0,0,0,0,0,0,0,0,0,0,0,0,0,0,0,0,0,0
28183,-0.24,955,4095,0.00,97,139,67,156.68,103.64,0,0,0,0,0,0,0,0,0,0,0,0,0,0,0,0,0,0,0,0,0,0,0,0,0,0,0,0,0,0,0,0
28219,-0.22,1109,4095,0.00,97,139,67,156.68,103.64,0,0,0,0,0,0,0,0,0,0,0,0,0,0,0,0,0,0,0,0,0,0,0,0,0,0,0,0,0,0,0,0
28255,-0.24,1142,4095,0.00,97,139,67,156.68,103.64,0,0,0,0,0,0,0,0,0,0,0,0,0,0,0,0,0,0,0,0,0,0,0,0,0,0,0,0,0,0,0,0
28291,-0.07,965,2112,0.00,97,139,67,156.68,103.64,0,0,0,0,0,0,0,0,0,0,0,0,0,0,0,0,0,0,0,0,0,0,0,0,0,0,0,0,0,0,0,0
28327,-0.10,458,1765,0.00,97,139,67,156.68,103.64,0,0,0,0,0,0,0,0,0,0,0,0,0,0,0,0,0,0,0,0,0,0,0,0,0,0,0,0,0,0,0,0
28363,-0.14,-182,2149,0.00,97,139,67,156.68,103.64,0,0,0,0,0,0,0,0,0,0,0,0,0,0,0,0,0,0,0,0,0,0,0,0,0,0,0,0,0,0,0,0
28399,-0.10,-616,2693,0.00,97,139,67,156.68,103.64,0,0,0,0,0,0,0,0,0,0,0,0,0,0,0,0,0,0,0,0,0,0,0,0,0,0,0,0,0,0,0,0
28435,-0.25,-714,2996,0.00,97,139,67,156.68,103.64,0,0,0,0,0,0,0,0,0,0,0,0,0,0,0,0,0,0,0,0,0,0,0,0,0,0,0,0,0,0,0,0
28471,-0.20,-561,3042,0.00,97,139,67,156.68,103.64,0,0,0,0,0,0,0,0,0,0,0,0,0,0,0,0,0,0,0,0,0,0,0,0,0,0,0,0,0,0,0,0
28507,-0.16,-333,2832,0.00,97,139,67,156.68,103.64,0,0,0,0,0,0,0,0,0,0,0,0,0,0,0,0,0,0,0,0,0,0,0,0,0,0,0,0,0,0,0,0
28543,-0.19,-173,2615,0.00,97,139,67,156.68,103.64,0,0,0,0,0,0,0,0,0,0,0,0,0,0,0,0,0,0,0,0,0,0,0,0,0,0,0,0,0,0,0,0
28579,-0.13,-130,2505,0.00,97,139,67,156.68,103.64,0,0,0,0,0,0,0,0,0,0,0,0,0,0,0,0,0,0,0,0,0,0,0,0,0,0,0,0,0,0,0,0
28615,-0.27,-168,2502,0.00,97,139,67,156.68,103.64,0,0,0,0,0,0,0,0,0,0,0,0,0,0,0,0,0,0,0,0,0,0,0,0,0,0,0,0,0,0,0,0
28651,-0.21,-225,2532,0.00,97,139,67,156.68,103.64,0,0,0,0,0,0,0,0,0,0,0,0,0,0,0,0,0,0,0,0,0,0,0,0,0,0,0,0,0,0,0,0
28687,-0.23,-258,2582,0.00,97,139,67,156.68,103.64,0,0,0,0,0,0,0,0,0,0,0,0,0,0,0,0,0,0,0,0,0,0,0,0,0,0,0,0,0,0,0,0
28723,-0.14,-255,2587,0.00,97,139,67,156.68,103.64,0,0,0,0,0,0,0,0,0,0,0,0,0,0,0,0,0,0,0,0,0,0,0,0,0,0,0,0,0,0,0,0
28759,-0.10,-226,2589,0.00,97,139,67,156.68,103.64,0,0,0,0,0,0,0,0,0,0,0,0,0,0,0,0,0,0,0,0,0,0,0,0,0,0,0,0,0,0,0,0
28795,-0.15,-189,2587,0.00,97,139,67,156.68,103.64,0,0,0,0,0,0,0,0,0,0,0,0,0,0,0,0,0,0,0,0,0,0,0,0,0,0,0,0,0,0,0,0
28831,-0.15,-151,2595,0.00,97,139,67,156.68,103.64,0,0,0,0,0,0,0,0,0,0,0,0,0,0,0,0,0,0,0,0,0,0,0,0,0,0,0,0,0,0,0,0
28867,-0.28,-117,2587,0.00,97,139,67,156.68,103.64,0,0,0,0,0,0,0,0,0,0,0,0,0,0,0,0,0,0,0,0,0,0,0,0,0,0,0,0,0,0,0,0
28903,-0.18,-92,2559,0.00,97,139,67,156.68,103.64,0,0,0,0,0,0,0,0,0,0,0,0,0,0,0,0,0,0,0,0,0,0,0,0,0,0,0,0,0,0,0,0
28939,-0.23,-76,2559,0.00,97,139,67,156.68,103.64,0,0,0,0,0,0,0,0,0,0,0,0,0,0,0,0,0,0,0,0,0,0,0,0,0,0,0,0,0,0,0,0
28975,-0.22,-65,2559,0.00,97,139,67,156.68,103.64,0,0,0,0,0,0,0,0,0,0,0,0,0,0,0,0,0,0,0,0,0,0,0,0,0,0,0,0,0,0,0,0
29011,-0.30,-52,2585,0.00,97,139,67,156.68,103.64,0,0,0,0,0,0,0,0,0,0,0,0,0,0,0,0,0,0,0,0,0,0,0,0,0,0,0,0,0,0,0,0
29047,-0.20,-32,2631,0.00,97,139,67,156.68,103.64,0,0,0,0,0,0,0,0,0,0,0,0,0,0,0,0,0,0,0,0,0,0,0,0,0,0,0,0,0,0,0,0
29083,-0.17,-4,2624,0.00,97,139,67,156.68,103.64,0,0,0,0,0,0,0,0,0,0,0,0,0,0,0,0,0,0,0,0,0,0,0,0,0,0,0,0,0,0,0,0
29119,-0.25,48,3006,0.00,97,139,67,156.68,103.64,0,0,0,0,0,0,0,0,0,0,0,0,0,0,0,0,0,0,0,0,0,0,0,0,0,0,0,0,0,0,0,0
29155,-0.23,216,4095,0.00,97,139,67,156.68,103.64,0,0,0,0,0,0,0,0,0,0,0,0,0,0,0,0,0,0,0,0,0,0,0,0,0,0,0,0,0,0,0,0
29191,-0.24,541,4095,0.00,97,139,67,156.68,103.64,0,0,0,0,0,0,0,0,0,0,0,0,0,0,0,0,0,0,0,0,0,0,0,0,0,0,0,0,0,0,0,0
29227,-0.24,887,4095,0.00,97,139,67,156.68,103.64,0,0,0,0,0,0,0,0,0,0,0,0,0,0,0,0,0,0,0,0,0,0,0,0,0,0,0,0,0,0,0,0
29263,-0.24,1118,4095,0.00,97,139,67,156.68,103.64,0,0,0,0,0,0,0,0,0,0,0,0,0,0,0,0,0,0,0,0,0,0,0,0,0,0,0,0,0,0,0,0
29299,-0.24,1211,4095,0.00,97,139,67,156.68,103.64,0,0,0,0,0,0,0,0,0,0,0,0,0,0,0,0,0,0,0,0,0,0,0,0,0,0,0,0,0,0,0,0
29335,-0.23,1099,2637,0.00,97,139,67,156.68,103.64,0,0,0,0,0,0,0,0,0,0,0,0,0,0,0,0,0,0,0,0,0,0,0,0,0,0,0,0,0,0,0,0
29371,-0.25,681,1921,0.00,97,139,67,156.68,103.64,0,0,0,0,0,0,0,0,0,0,0,0,0,0,0,0,0,0,0,0,0,0,0,0,0,0,0,0,0,0,0,0
29407,-0.19,86,2213,0.00,97,139,67,156.68,103.64,0,0,0,0,0,0,0,0,0,0,0,0,0,0,0,0,0,0,0,0,0,0,0,0,0,0,0,0,0,0,0,0
29443,-0.23,-372,2831,0.00,97,139,67,156.68,103.64,0,0,0,0,0,0,0,0,0,0,0,0,0,0,0,0,0,0,0,0,0,0,0,0,0,0,0,0,0,0,0,0
29479,-0.19,-504,3331,0.00,97,139,67,156.68,103.64,0,0,0,0,0,0,0,0,0,0,0,0,0,0,0,0,0,0,0,0,0,0,0,0,0,0,0,0,0,0,0,0
29515,-0.25,-349,3485,0.00,97,139,67,156.68,103.64,0,0,0,0,0,0,0,0,0,0,0,0,0,0,0,0,0,0,0,0,0,0,0,0,0,0,0,0,0,0,0,0
29551,-0.18,-90,3211,0.00,97,139,67,156.68,103.64,0,0,0,0,0,0,0,0,0,0,0,0,0,0,0,0,0,0,0,0,0,0,0,0,0,0,0,0,0,0,0,0
29587,-0.21,90,2973,0.00,97,139,67,156.68,103.64,0,0,0,0,0,0,0,0,0,0,0,0,0,0,0,0,0,0,0,0,0,0,0,0,0,0,0,0,0,0,0,0
29623,-0.24,127,2831,0.00,97,139,67,156.68,103.64,0,0,0,0,0,0,0,0,0,0,0,0,0,0,0,0,0,0,0,0,0,0,0,0,0,0,0,0,0,0,0,0
29659,-0.21,56,2775,0.00,97,139,67,156.68,103.64,0,0,0,0,0,0,0,0,0,0,0,0,0,0,0,0,0,0,0,0,0,0,0,0,0,0,0,0,0,0,0,0
29695,-0.14,-54,2757,0.00,97,139,67,156.68,103.64,0,0,0,0,0,0,0,0,0,0,0,0,0,0,0,0,0,0,0,0,0,0,0,0,0,0,0,0,0,0,0,0
29731,-0.18,-151,2782,0.00,97,139,67,156.68,103.64,0,0,0,0,0,0,0,0,0,0,0,0,0,0,0,0,0,0,0,0,0,0,0,0,0,0,0,0,0,0,0,0
29767,-0.16,-206,2843,0.00,97,139,67,156.68,103.64,0,0,0,0,0,0,0,0,0,0,0,0,0,0,0,0,0,0,0,0,0,0,0,0,0,0,0,0,0,0,0,0
29803,-0.20,-215,2843,0.00,97,139,67,156.68,103.64,0,0,0,0,0,0,0,0,0,0,0,0,0,0,0,0,0,0,0,0,0,0,0,0,0,0,0,0,0,0,0,0
29839,-0.17,-198,2811,0.00,97,139,67,156.68,103.64,0,0,0,0,0,0,0,0,0,0,0,0,0,0,0,0,0,0,0,0,0,0,0,0,0,0,0,0,0,0,0,0
29875,-0.09,-180,2762,0.00,97,139,67,156.68,103.64,0,0,0,0,0,0,0,0,0,0,0,0,0,0,0,0,0,0,0,0,0,0,0,0,0,0,0,0,0,0,0,0
29911,-0.18,-173,2726,0.00,97,139,67,156.68,103.64,0,0,0,0,0,0,0,0,0,0,0,0,0,0,0,0,0,0,0,0,0,0,0,0,0,0,0,0,0,0,0,0
29947,-0.19,-176,2733,0.00,97,139,67,156.68,103.64,0,0,0,0,0,0,0,0,0,0,0,0,0,0,0,0,0,0,0,0,0,0,0,0,0,0,0,0,0,0,0,0
29983,-0.19,-177,2768,0.00,97,139,67,156.68,103.64,0,0,0,0,0,0,0,0,0,0,0,0,0,0,0,0,0,0,0,0,0,0,0,0,0,0,0,0,0,0,0,0
30019,-0.18,-164,2827,0.00,97,139,67,156.68,103.64,0,0,0,0,0,0,0,0,0,0,0,0,0,0,0,0,0,0,0,0,0,0,0,0,0,0,0,0,0,0,0,0
30055,-0.12,-138,2800,0.00,97,139,67,156.68,103.64,0,0,0,0,0,0,0,0,0,0,0,0,0,0,0,0,0,0,0,0,0,0,0,0,0,0,0,0,0,0,0,0
30091,-0.24,-114,2723,0.00,97,139,67,156.68,103.64,0,0,0,0,0,0,0,0,0,0,0,0,0,0,0,0,0,0,0,0,0,0,0,0,0,0,0,0,0,0,0,0
30127,-0.18,-111,2687,0.00,97,139,67,156.68,103.64,0,0,0,0,0,0,0,0,0,0,0,0,0,0,0,0,0,0,0,0,0,0,0,0,0,0,0,0,0,0,0,0
30163,-0.17,-98,3043,0.00,97,139,67,156.68,103.64,0,0,0,0,0,0,0,0,0,0,0,0,0,0,0,0,0,0,0,0,0,0,0,0,0,0,0,0,0,0,0,0
30199,-0.15,27,4095,0.00,97,139,67,156.68,103.64,0,0,0,0,0,0,0,0,0,0,0,0,0,0,0,0,0,0,0,0,0,0,0,0,0,0,0,0,0,0,0,0
30235,-0.29,317,4095,0.00,97,139,67,156.68,103.64,0,0,0,0,0,0,0,0,0,0,0,0,0,0,0,0,0,0,0,0,0,0,0,0,0,0,0,0,0,0,0,0
30271,-0.17,643,4095,0.00,97,139,67,156.68,103.64,0,0,0,0,0,0,0,0,0,0,0,0,0,0,0,0,0,0,0,0,0,0,0,0,0,0,0,0,0,0,0,0
30307,-0.22,869,4095,0.00,97,139,67,156.68,103.64,0,0,0,0,0,0,0,0,0,0,0,0,0,0,0,0,0,0,0,0,0,0,0,0,0,0,0,0,0,0,0,0
30343,-0.21,969,4095,0.00,97,139,67,156.68,103.64,0,0,0,0,0,0,0,0,0,0,0,0,0,0,0,0,0,0,0,0,0,0,0,0,0,0,0,0,0,0,0,0
30379,-0.17,912,3290,0.00,97,139,67,156.68,103.64,0,0,0,0,0,0,0,0,0,0,0,0,0,0,0,0,0,0,0,0,0,0,0,0,0,0,0,0,0,0,0,0
30415,-0.21,629,2416,0.00,97,139,67,156.68,103.64,0,0,0,0,0,0,0,0,0,0,0,0,0,0,0,0,0,0,0,0,0,0,0,0,0,0,0,0,0,0,0,0
30451,-0.28,169,2555,0.00,97,139,67,156.68,103.64,0,0,0,0,0,0,0,0,0,0,0,0,0,0,0,0,0,0,0,0,0,0,0,0,0,0,0,0,0,0,0,0
30487,-0.26,-235,3029,0.00,97,139,67,156.68,103.64,0,0,0,0,0,0,0,0,0,0,0,0,0,0,0,0,0,0,0,0,0,0,0,0,0,0,0,0,0,0,0,0
30523,-0.27,-397,3482,0.00,97,139,67,156.68,103.64,0,0,0,0,0,0,0,0,0,0,0,0,0,0,0,0,0,0,0,0,0,0,0,0,0,0,0,0,0,0,0,0
30559,-0.16,-321,3523,0.00,97,139,67,156.68,103.64,0,0,0,0,0,0,0,0,0,0,0,0,0,0,0,0,0,0,0,0,0,0,0,0,0,0,0,0,0,0,0,0
30595,-0.22,-157,3245,0.00,97,139,67,156.68,103.64,0,0,0,0,0,0,0,0,0,0,0,0,0,0,0,0,0,0,0,0,0,0,0,0,0,0,0,0,0,0,0,0
30631,-0.22,-54,3031,0.00,97,139,67,156.68,103.64,0,0,0,0,0,0,0,0,0,0,0,0,0,0,0,0,0,0,0,0,0,0,0,0,0,0,0,0,0,0,0,0
30667,-0.20,-61,2891,0.00,97,139,67,156.68,103.64,0,0,0,0,0,0,0,0,0,0,0,0,0,0,0,0,0,0,0,0,0,0,0,0,0,0,0,0,0,0,0,0
30703,-0.11,-144,2837,0.00,97,139,67,156.68,103.64,0,0,0,0,0,0,0,0,0,0,0,0,0,0,0,0,0,0,0,0,0,0,0,0,0,0,0,0,0,0,0,0
30739,-0.20,-247,2839,0.00,97,139,67,156.68,103.64,0,0,0,0,0,0,0,0,0,0,0,0,0,0,0,0,0,0,0,0,0,0,0,0,0,0,0,0,0,0,0,0
30775,-0.16,-325,2832,0.00,97,139,67,156.68,103.64,0,0,0,0,0,0,0,0,0,0,0,0,0,0,0,0,0,0,0,0,0,0,0,0,0,0,0,0,0,0,0,0
30811,-0.17,-368,2815,0.00,97,139,67,156.68,103.64,0,0,0,0,0,0,0,0,0,0,0,0,0,0,0,0,0,0,0,0,0,0,0,0,0,0,0,0,0,0,0,0
30847,-0.22,-380,2801,0.00,97,139,67,156.68,103.64,0,0,0,0,0,0,0,0,0,0,0,0,0,0,0,0,0,0,0,0,0,0,0,0,0,0,0,0,0,0,0,0
30883,-0.20,-373,2790,0.00,97,139,67,156.68,103.64,0,0,0,0,0,0,0,0,0,0,0,0,0,0,0,0,0,0,0,0,0,0,0,0,0,0,0,0,0,0,0,0
30919,-0.26,-357,2753,0.00,97,139,67,156.68,103.64,0,0,0,0,0,0,0,0,0,0,0,0,0,0,0,0,0,0,0,0,0,0,0,0,0,0,0,0,0,0,0,0
30955,-0.23,-341,2747,0.00,97,139,67,156.68,103.64,0,0,0,0,0,0,0,0,0,0,0,0,0,0,0,0,0,0,0,0,0,0,0,0,0,0,0,0,0,0,0,0
30991,-0.15,-324,2753,0.00,97,139,67,156.68,103.64,0,0,0,0,0,0,0,0,0,0,0,0,0,0,0,0,0,0,0,0,0,0,0,0,0,0,0,0,0,0,0,0
31027,-0.14,-303,2746,0.00,97,139,67,156.68,103.64,0,0,0,0,0,0,0,0,0,0,0,0,0,0,0,0,0,0,0,0,0,0,0,0,0,0,0,0,0,0,0,0
31063,-0.21,-280,2753,0.00,97,139,67,156.68,103.64,0,0,0,0,0,0,0,0,0,0,0,0,0,0,0,0,0,0,0,0,0,0,0,0,0,0,0,0,0,0,0,0
31099,-0.24,-253,2774,0.00,97,139,67,156.68,103.64,0,0,0,0,0,0,0,0,0,0,0,0,0,0,0,0,0,0,0,0,0,0,0,0,0,0,0,0,0,0,0,0
31135,-0.17,-220,2816,0.00,97,139,67,156.68,103.64,0,0,0,0,0,0,0,0,0,0,0,0,0,0,0,0,0,0,0,0,0,0,0,0,0,0,0,0,0,0,0,0
31171,-0.23,-182,2800,0.00,97,139,67,156.68,103.64,0,0,0,0,0,0,0,0,0,0,0,0,0,0,0,0,0,0,0,0,0,0,0,0,0,0,0,0,0,0,0,0
31207,-0.22,-116,3280,0.00,97,139,67,156.68,103.64,0,0,0,0,0,0,0,0,0,0,0,0,0,0,0,0,0,0,0,0,0,0,0,0,0,0,0,0,0,0,0,0
31243,-0.26,57,4095,0.00,97,139,67,156.68,103.64,0,0,0,0,0,0,0,0,0,0,0,0,0,0,0,0,0,0,0,0,0,0,0,0,0,0,0,0,0,0,0,0
31279,-0.21,357,4095,0.00,97,139,67,156.68,103.64,0,0,0,0,0,0,0,0,0,0,0,0,0,0,0,0,0,0,0,0,0,0,0,0,0,0,0,0,0,0,0,0
31315,-0.21,660,4095,0.00,97,139,67,156.68,103.64,0,0,0,0,0,0,0,0,0,0,0,0,0,0,0,0,0,0,0,0,0,0,0,0,0,0,0,0,0,0,0,0
31351,-0.30,858,4095,0.00,97,139,67,156.68,103.64,0,0,0,0,0,0,0,0,0,0,0,0,0,0,0,0,0,0,0,0,0,0,0,0,0,0,0,0,0,0,0,0
31387,-0.18,937,4095,0.00,97,139,67,156.68,103.64,0,0,0,0,0,0,0,0,0,0,0,0,0,0,0,0,0,0,0,0,0,0,0,0,0,0,0,0,0,0,0,0
31423,-0.21,863,3183,0.00,97,139,67,156.68,103.64,0,0,0,0,0,0,0,0,0,0,0,0,0,0,0,0,0,0,0,0,0,0,0,0,0,0,0,0,0,0,0,0
31459,-0.21,562,2378,0.00,97,139,67,156.68,103.64,0,0,0,0,0,0,0,0,0,0,0,0,0,0,0,0,0,0,0,0,0,0,0,0,0,0,0,0,0,0,0,0
31495,-0.24,95,2522,0.00,97,139,67,156.68,103.64,0,0,0,0,0,0,0,0,0,0,0,0,0,0,0,0,0,0,0,0,0,0,0,0,0,0,0,0,0,0,0,0
31531,-0.22,-302,3002,0.00,97,139,67,156.68,103.64,0,0,0,0,0,0,0,0,0,0,0,0,0,0,0,0,0,0,0,0,0,0,0,0,0,0,0,0,0,0,0,0
31567,-0.22,-451,3440,0.00,97,139,67,156.68,103.64,0,0,0,0,0,0,0,0,0,0,0,0,0,0,0,0,0,0,0,0,0,0,0,0,0,0,0,0,0,0,0,0
31603,-0.21,-362,3504,0.00,97,139,67,156.68,103.64,0,0,0,0,0,0,0,0,0,0,0,0,0,0,0,0,0,0,0,0,0,0,0,0,0,0,0,0,0,0,0,0
31639,-0.14,-181,3246,0.00,97,139,67,156.68,103.64,0,0,0,0,0,0,0,0,0,0,0,0,0,0,0,0,0,0,0,0,0,0,0,0,0,0,0,0,0,0,0,0
31675,-0.18,-64,2991,0.00,97,139,67,156.68,103.64,0,0,0,0,0,0,0,0,0,0,0,0,0,0,0,0,0,0,0,0,0,0,0,0,0,0,0,0,0,0,0,0
31711,-0.17,-63,2861,0.00,97,139,67,156.68,103.64,0,0,0,0,0,0,0,0,0,0,0,0,0,0,0,0,0,0,0,0,0,0,0,0,0,0,0,0,0,0,0,0
31747,-0.25,-142,2820,0.00,97,139,67,156.68,103.64,0,0,0,0,0,0,0,0,0,0,0,0,0,0,0,0,0,0,0,0,0,0,0,0,0,0,0,0,0,0,0,0
31783,-0.16,-238,2843,0.00,97,139,67,156.68,103.64,0,0,0,0,0,0,0,0,0,0,0,0,0,0,0,0,0,0,0,0,0,0,0,0,0,0,0,0,0,0,0,0
31819,-0.27,-307,2832,0.00,97,139,67,156.68,103.64,0,0,0,0,0,0,0,0,0,0,0,0,0,0,0,0,0,0,0,0,0,0,0,0,0,0,0,0,0,0,0,0
31855,-0.19,-339,2823,0.00,97,139,67,156.68,103.64,0,0,0,0,0,0,0,0,0,0,0,0,0,0,0,0,0,0,0,0,0,0,0,0,0,0,0,0,0,0,0,0
31891,-0.22,-345,2779,0.00,97,139,67,156.68,103.64,0,0,0,0,0,0,0,0,0,0,0,0,0,0,0,0,0,0,0,0,0,0,0,0,0,0,0,0,0,0,0,0
31927,-0.21,-342,2705,0.00,97,139,67,156.68,103.64,0,0,0,0,0,0,0,0,0,0,0,0,0,0,0,0,0,0,0,0,0,0,0,0,0,0,0,0,0,0,0,0
31963,-0.25,-342,2677,0.00,97,139,67,156.68,103.64,0,0,0,0,0,0,0,0,0,0,0,0,0,0,0,0,0,0,0,0,0,0,0,0,0,0,0,0,0,0,0,0
31999,-0.20,-339,2730,0.00,97,139,67,156.68,103.64,0,0,0,0,0,0,0,0,0,0,0,0,0,0,0,0,0,0,0,0,0,0,0,0,0,0,0,0,0,0,0,0
32035,-0.32,-321,2737,0.00,97,139,67,156.68,103.64,0,0,0,0,0,0,0,0,0,0,0,0,0,0,0,0,0,0,0,0,0,0,0,0,0,0,0,0,0,0,0,0
32071,-0.29,-293,2694,0.00,97,139,67,156.68,103.64,0,0,0,0,0,0,0,0,0,0,0,0,0,0,0,0,0,0,0,0,0,0,0,0,0,0,0,0,0,0,0,0
32107,-0.17,-264,2711,0.00,97,139,67,156.68,103.64,0,0,0,0,0,0,0,0,0,0,0,0,0,0,0,0,0,0,0,0,0,0,0,0,0,0,0,0,0,0,0,0
32143,-0.23,-206,3170,0.00,97,139,67,156.68,103.64,0,0,0,0,0,0,0,0,0,0,0,0,0,0,0,0,0,0,0,0,0,0,0,0,0,0,0,0,0,0,0,0
32179,-0.25,-28,4095,0.00,97,139,67,156.68,103.64,0,0,0,0,0,0,0,0,0,0,0,0,0,0,0,0,0,0,0,0,0,0,0,0,0,0,0,0,0,0,0,0
32215,-0.24,294,4095,0.00,97,139,67,156.68,103.64,0,0,0,0,0,0,0,0,0,0,0,0,0,0,0,0,0,0,0,0,0,0,0,0,0,0,0,0,0,0,0,0
32251,-0.17,629,4095,0.00,97,139,67,156.68,103.64,0,0,0,0,0,0,0,0,0,0,0,0,0,0,0,0,0,0,0,0,0,0,0,0,0,0,0,0,0,0,0,0
32287,-0.22,855,4095,0.00,97,139,67,156.68,103.64,0,0,0,0,0,0,0,0,0,0,0,0,0,0,0,0,0,0,0,0,0,0,0,0,0,0,0,0,0,0,0,0
32323,-0.14,952,4095,0.00,97,139,67,156.68,103.64,0,0,0,0,0,0,0,0,0,0,0,0,0,0,0,0,0,0,0,0,0,0,0,0,0,0,0,0,0,0,0,0
32359,-0.19,852,2612,0.00,97,139,67,156.68,103.64,0,0,0,0,0,0,0,0,0,0,0,0,0,0,0,0,0,0,0,0,0,0,0,0,0,0,0,0,0,0,0,0
32395,-0.24,442,1809,0.00,97,139,67,156.68,103.64,0,0,0,0,0,0,0,0,0,0,0,0,0,0,0,0,0,0,0,0,0,0,0,0,0,0,0,0,0,0,0,0
32431,-0.19,-164,1952,0.00,97,139,67,156.68,103.64,0,0,0,0,0,0,0,0,0,0,0,0,0,0,0,0,0,0,0,0,0,0,0,0,0,0,0,0,0,0,0,0
32467,-0.21,-661,2497,0.00,97,139,67,156.68,103.64,0,0,0,0,0,0,0,0,0,0,0,0,0,0,0,0,0,0,0,0,0,0,0,0,0,0,0,0,0,0,0,0
32503,-0.16,-847,2909,0.00,97,139,67,156.68,103.64,0,0,0,0,0,0,0,0,0,0,0,0,0,0,0,0,0,0,0,0,0,0,0,0,0,0,0,0,0,0,0,0
32539,-0.18,-748,2961,0.00,97,139,67,156.68,103.64,0,0,0,0,0,0,0,0,0,0,0,0,0,0,0,0,0,0,0,0,0,0,0,0,0,0,0,0,0,0,0,0
32575,-0.20,-531,2781,0.00,97,139,67,156.68,103.64,0,0,0,0,0,0,0,0,0,0,0,0,0,0,0,0,0,0,0,0,0,0,0,0,0,0,0,0,0,0,0,0
32611,-0.28,-352,2598,0.00,97,139,67,156.68,103.64,0,0,0,0,0,0,0,0,0,0,0,0,0,0,0,0,0,0,0,0,0,0,0,0,0,0,0,0,0,0,0,0
32647,-0.23,-270,2522,0.00,97,139,67,156.68,103.64,0,0,0,0,0,0,0,0,0,0,0,0,0,0,0,0,0,0,0,0,0,0,0,0,0,0,0,0,0,0,0,0
32683,0.13,-264,2527,0.00,97,139,67,156.68,103.64,0,0,0,0,0,0,0,0,0,0,0,0,0,0,0,0,0,0,0,0,0,0,0,0,0,0,0,0,0,0,0,0
32719,-0.29,-281,2559,0.00,97,139,67,156.68,103.64,0,0,0,0,0,0,0,0,0,0,0,0,0,0,0,0,0,0,0,0,0,0,0,0,0,0,0,0,0,0,0,0
32755,-0.18,-284,2627,0.00,97,139,67,156.68,103.64,0,0,0,0,0,0,0,0,0,0,0,0,0,0,0,0,0,0,0,0,0,0,0,0,0,0,0,0,0,0,0,0
32791,-0.23,-258,2672,0.00,97,139,67,156.68,103.64,0,0,0,0,0,0,0,0,0,0,0,0,0,0,0,0,0,0,0,0,0,0,0,0,0,0,0,0,0,0,0,0
32827,-0.16,-212,2624,0.00,97,139,67,156.68,103.64,0,0,0,0,0,0,0,0,0,0,0,0,0,0,0,0,0,0,0,0,0,0,0,0,0,0,0,0,0,0,0,0
32863,-0.27,-173,2559,0.00,97,139,67,156.68,103.64,0,0,0,0,0,0,0,0,0,0,0,0,0,0,0,0,0,0,0,0,0,0,0,0,0,0,0,0,0,0,0,0
32899,-0.17,-154,2512,0.00,97,139,67,156.68,103.64,0,0,0,0,0,0,0,0,0,0,0,0,0,0,0,0,0,0,0,0,0,0,0,0,0,0,0,0,0,0,0,0
32935,-0.23,-152,2509,0.00,97,139,67,156.68,103.64,0,0,0,0,0,0,0,0,0,0,0,0,0,0,0,0,0,0,0,0,0,0,0,0,0,0,0,0,0,0,0,0
32971,-0.27,-151,2555,0.00,97,139,67,156.68,103.64,0,0,0,0,0,0,0,0,0,0,0,0,0,0,0,0,0,0,0,0,0,0,0,0,0,0,0,0,0,0,0,0
33007,-0.23,-134,2599,0.00,97,139,67,156.68,103.64,0,0,0,0,0,0,0,0,0,0,0,0,0,0,0,0,0,0,0,0,0,0,0,0,0,0,0,0,0,0,0,0
33043,-0.27,-100,2608,0.00,97,139,67,156.68,103.64,0,0,0,0,0,0,0,0,0,0,0,0,0,0,0,0,0,0,0,0,0,0,0,0,0,0,0,0,0,0,0,0
33079,-0.18,-60,2607,0.00,97,139,67,156.68,103.64,0,0,0,0,0,0,0,0,0,0,0,0,0,0,0,0,0,0,0,0,0,0,0,0,0,0,0,0,0,0,0,0
33115,-0.29,-23,2608,0.00,97,139,67,156.68,103.64,0,0,0,0,0,0,0,0,0,0,0,0,0,0,0,0,0,0,0,0,0,0,0,0,0,0,0,0,0,0,0,0
33151,-0.22,47,3263,0.00,97,139,67,156.68,103.64,0,0,0,0,0,0,0,0,0,0,0,0,0,0,0,0,0,0,0,0,0,0,0,0,0,0,0,0,0,0,0,0
33187,-0.25,251,4095,0.00,97,139,67,156.68,103.64,0,0,0,0,0,0,0,0,0,0,0,0,0,0,0,0,0,0,0,0,0,0,0,0,0,0,0,0,0,0,0,0
33223,-0.27,592,4095,0.00,97,139,67,156.68,103.64,0,0,0,0,0,0,0,0,0,0,0,0,0,0,0,0,0,0,0,0,0,0,0,0,0,0,0,0,0,0,0,0
33259,-0.12,925,4095,0.00,97,139,67,156.68,103.64,0,0,0,0,0,0,0,0,0,0,0,0,0,0,0,0,0,0,0,0,0,0,0,0,0,0,0,0,0,0,0,0
33295,-0.21,1135,4095,0.00,97,139,67,156.68,103.64,0,0,0,0,0,0,0,0,0,0,0,0,0,0,0,0,0,0,0,0,0,0,0,0,0,0,0,0,0,0,0,0
33331,-0.29,1210,4095,0.00,97,139,67,156.68,103.64,0,0,0,0,0,0,0,0,0,0,0,0,0,0,0,0,0,0,0,0,0,0,0,0,0,0,0,0,0,0,0,0
33367,-0.19,1107,2923,0.00,97,139,67,156.68,103.64,0,0,0,0,0,0,0,0,0,0,0,0,0,0,0,0,0,0,0,0,0,0,0,0,0,0,0,0,0,0,0,0
33403,-0.18,715,1808,0.00,97,139,67,156.68,103.64,0,0,0,0,0,0,0,0,0,0,0,0,0,0,0,0,0,0,0,0,0,0,0,0,0,0,0,0,0,0,0,0
33439,-0.19,96,1855,0.00,97,139,67,156.68,103.64,0,0,0,0,0,0,0,0,0,0,0,0,0,0,0,0,0,0,0,0,0,0,0,0,0,0,0,0,0,0,0,0
33475,-0.17,-462,2354,0.00,97,139,67,156.68,103.64,0,0,0,0,0,0,0,0,0,0,0,0,0,0,0,0,0,0,0,0,0,0,0,0,0,0,0,0,0,0,0,0
33511,-0.17,-731,2717,0.00,97,139,67,156.68,103.64,0,0,0,0,0,0,0,0,0,0,0,0,0,0,0,0,0,0,0,0,0,0,0,0,0,0,0,0,0,0,0,0
33547,-0.18,-716,2705,0.00,97,139,67,156.68,103.64,0,0,0,0,0,0,0,0,0,0,0,0,0,0,0,0,0,0,0,0,0,0,0,0,0,0,0,0,0,0,0,0
33583,-0.28,-573,2484,0.00,97,139,67,156.68,103.64,0,0,0,0,0,0,0,0,0,0,0,0,0,0,0,0,0,0,0,0,0,0,0,0,0,0,0,0,0,0,0,0
33619,-0.24,-450,2320,0.00,97,139,67,156.68,103.64,0,0,0,0,0,0,0,0,0,0,0,0,0,0,0,0,0,0,0,0,0,0,0,0,0,0,0,0,0,0,0,0
33655,-0.20,-393,2355,0.00,97,139,67,156.68,103.64,0,0,0,0,0,0,0,0,0,0,0,0,0,0,0,0,0,0,0,0,0,0,0,0,0,0,0,0,0,0,0,0
33691,-0.19,-368,2442,0.00,97,139,67,156.68,103.64,0,0,0,0,0,0,0,0,0,0,0,0,0,0,0,0,0,0,0,0,0,0,0,0,0,0,0,0,0,0,0,0
33727,-0.21,-335,2480,0.00,97,139,67,156.68,103.64,0,0,0,0,0,0,0,0,0,0,0,0,0,0,0,0,0,0,0,0,0,0,0,0,0,0,0,0,0,0,0,0
33763,-0.24,-287,2523,0.00,97,139,67,156.68,103.64,0,0,0,0,0,0,0,0,0,0,0,0,0,0,0,0,0,0,0,0,0,0,0,0,0,0,0,0,0,0,0,0
33799,-0.21,-229,2543,0.00,97,139,67,156.68,103.64,0,0,0,0,0,0,0,0,0,0,0,0,0,0,0,0,0,0,0,0,0,0,0,0,0,0,0,0,0,0,0,0
33835,-0.23,-174,2482,0.00,97,139,67,156.68,103.64,0,0,0,0,0,0,0,0,0,0,0,0,0,0,0,0,0,0,0,0,0,0,0,0,0,0,0,0,0,0,0,0
33871,-0.22,-144,2384,0.00,97,139,67,156.68,103.64,0,0,0,0,0,0,0,0,0,0,0,0,0,0,0,0,0,0,0,0,0,0,0,0,0,0,0,0,0,0,0,0
33907,-0.26,-142,2395,0.00,97,139,67,156.68,103.64,0,0,0,0,0,0,0,0,0,0,0,0,0,0,0,0,0,0,0,0,0,0,0,0,0,0,0,0,0,0,0,0
33943,-0.26,-145,2459,0.00,97,139,67,156.68,103.64,0,0,0,0,0,0,0,0,0,0,0,0,0,0,0,0,0,0,0,0,0,0,0,0,0,0,0,0,0,0,0,0
33979,-0.18,-132,2480,0.00,97,139,67,156.68,103.64,0,0,0,0,0,0,0,0,0,0,0,0,0,0,0,0,0,0,0,0,0,0,0,0,0,0,0,0,0,0,0,0
34015,-0.15,-106,2450,0.00,97,139,67,156.68,103.64,0,0,0,0,0,0,0,0,0,0,0,0,0,0,0,0,0,0,0,0,0,0,0,0,0,0,0,0,0,0,0,0
34051,-0.23,-83,2397,0.00,97,139,67,156.68,103.64,0,0,0,0,0,0,0,0,0,0,0,0,0,0,0,0,0,0,0,0,0,0,0,0,0,0,0,0,0,0,0,0
34087,-0.16,-72,2395,0.00,97,139,67,156.68,103.64,0,0,0,0,0,0,0,0,0,0,0,0,0,0,0,0,0,0,0,0,0,0,0,0,0,0,0,0,0,0,0,0
34123,-0.20,-63,2450,0.00,97,139,67,156.68,103.64,0,0,0,0,0,0,0,0,0,0,0,0,0,0,0,0,0,0,0,0,0,0,0,0,0,0,0,0,0,0,0,0
34159,-0.16,-39,2555,0.00,97,139,67,156.68,103.64,0,0,0,0,0,0,0,0,0,0,0,0,0,0,0,0,0,0,0,0,0,0,0,0,0,0,0,0,0,0,0,0
34195,-0.19,10,2640,0.00,97,139,67,156.68,103.64,0,0,0,0,0,0,0,0,0,0,0,0,0,0,0,0,0,0,0,0,0,0,0,0,0,0,0,0,0,0,0,0
34231,-0.20,117,3285,0.00,97,139,67,156.68,103.64,0,0,0,0,0,0,0,0,0,0,0,0,0,0,0,0,0,0,0,0,0,0,0,0,0,0,0,0,0,0,0,0
34267,-0.17,355,4095,0.00,97,139,67,156.68,103.64,0,0,0,0,0,0,0,0,0,0,0,0,0,0,0,0,0,0,0,0,0,0,0,0,0,0,0,0,0,0,0,0
34303,-0.21,713,4095,0.00,97,139,67,156.68,103.64,0,0,0,0,0,0,0,0,0,0,0,0,0,0,0,0,0,0,0,0,0,0,0,0,0,0,0,0,0,0,0,0
34339,-0.21,1046,4095,0.00,97,139,67,156.68,103.64,0,0,0,0,0,0,0,0,0,0,0,0,0,0,0,0,0,0,0,0,0,0,0,0,0,0,0,0,0,0,0,0
34375,-0.26,1246,4095,0.00,97,139,67,156.68,103.64,0,0,0,0,0,0,0,0,0,0,0,0,0,0,0,0,0,0,0,0,0,0,0,0,0,0,0,0,0,0,0,0
34411,-0.26,1307,4095,0.00,97,139,67,156.68,103.64,0,0,0,0,0,0,0,0,0,0,0,0,0,0,0,0,0,0,0,0,0,0,0,0,0,0,0,0,0,0,0,0
34447,-0.20,1149,2329,0.00,97,139,67,156.68,103.64,0,0,0,0,0,0,0,0,0,0,0,0,0,0,0,0,0,0,0,0,0,0,0,0,0,0,0,0,0,0,0,0
34483,-0.19,647,1533,0.00,97,139,67,156.68,103.64,0,0,0,0,0,0,0,0,0,0,0,0,0,0,0,0,0,0,0,0,0,0,0,0,0,0,0,0,0,0,0,0
34519,-0.22,-63,1642,0.00,97,139,67,156.68,103.64,0,0,0,0,0,0,0,0,0,0,0,0,0,0,0,0,0,0,0,0,0,0,0,0,0,0,0,0,0,0,0,0
34555,-0.30,-646,2161,0.00,97,139,67,156.68,103.64,0,0,0,0,0,0,0,0,0,0,0,0,0,0,0,0,0,0,0,0,0,0,0,0,0,0,0,0,0,0,0,0
34591,-0.23,-891,2617,0.00,97,139,67,156.68,103.64,0,0,0,0,0,0,0,0,0,0,0,0,0,0,0,0,0,0,0,0,0,0,0,0,0,0,0,0,0,0,0,0
34627,-0.28,-813,2760,0.00,97,139,67,156.68,103.64,0,0,0,0,0,0,0,0,0,0,0,0,0,0,0,0,0,0,0,0,0,0,0,0,0,0,0,0,0,0,0,0
34663,-0.13,-575,2675,0.00,97,139,67,156.68,103.64,0,0,0,0,0,0,0,0,0,0,0,0,0,0,0,0,0,0,0,0,0,0,0,0,0,0,0,0,0,0,0,0
34699,-0.21,-344,2546,0.00,97,139,67,156.68,103.64,0,0,0,0,0,0,0,0,0,0,0,0,0,0,0,0,0,0,0,0,0,0,0,0,0,0,0,0,0,0,0,0
34735,-0.18,-204,2449,0.00,97,139,67,156.68,103.64,0,0,0,0,0,0,0,0,0,0,0,0,0,0,0,0,0,0,0,0,0,0,0,0,0,0,0,0,0,0,0,0
34771,-0.26,-159,2417,0.00,97,139,67,156.68,103.64,0,0,0,0,0,0,0,0,0,0,0,0,0,0,0,0,0,0,0,0,0,0,0,0,0,0,0,0,0,0,0,0
34807,-0.23,-165,2463,0.00,97,139,67,156.68,103.64,0,0,0,0,0,0,0,0,0,0,0,0,0,0,0,0,0,0,0,0,0,0,0,0,0,0,0,0,0,0,0,0
34843,-0.22,-172,2589,0.00,97,139,67,156.68,103.64,0,0,0,0,0,0,0,0,0,0,0,0,0,0,0,0,0,0,0,0,0,0,0,0,0,0,0,0,0,0,0,0
34879,-0.16,-150,2644,0.00,97,139,67,156.68,103.64,0,0,0,0,0,0,0,0,0,0,0,0,0,0,0,0,0,0,0,0,0,0,0,0,0,0,0,0,0,0,0,0
34915,-0.17,-105,2617,0.00,97,139,67,156.68,103.64,0,0,0,0,0,0,0,0,0,0,0,0,0,0,0,0,0,0,0,0,0,0,0,0,0,0,0,0,0,0,0,0
34951,-0.21,-63,2589,0.00,97,139,67,156.68,103.64,0,0,0,0,0,0,0,0,0,0,0,0,0,0,0,0,0,0,0,0,0,0,0,0,0,0,0,0,0,0,0,0
34987,-0.17,-39,2550,0.00,97,139,67,156.68,103.64,0,0,0,0,0,0,0,0,0,0,0,0,0,0,0,0,0,0,0,0,0,0,0,0,0,0,0,0,0,0,0,0
35023,-0.22,-35,2549,0.00,97,139,67,156.68,103.64,0,0,0,0,0,0,0,0,0,0,0,0,0,0,0,0,0,0,0,0,0,0,0,0,0,0,0,0,0,0,0,0
35059,-0.15,-41,2515,0.00,97,139,67,156.68,103.64,0,0,0,0,0,0,0,0,0,0,0,0,0,0,0,0,0,0,0,0,0,0,0,0,0,0,0,0,0,0,0,0
35095,-0.13,-52,2512,0.00,97,139,67,156.68,103.64,0,0,0,0,0,0,0,0,0,0,0,0,0,0,0,0,0,0,0,0,0,0,0,0,0,0,0,0,0,0,0,0
35131,-0.18,-55,2614,0.00,97,139,67,156.68,103.64,0,0,0,0,0,0,0,0,0,0,0,0,0,0,0,0,0,0,0,0,0,0,0,0,0,0,0,0,0,0,0,0
35167,-0.19,-31,2729,0.00,97,139,67,156.68,103.64,0,0,0,0,0,0,0,0,0,0,0,0,0,0,0,0,0,0,0,0,0,0,0,0,0,0,0,0,0,0,0,0
35203,-0.14,20,2742,0.00,97,139,67,156.68,103.64,0,0,0,0,0,0,0,0,0,0,0,0,0,0,0,0,0,0,0,0,0,0,0,0,0,0,0,0,0,0,0,0
35239,-0.23,108,3228,0.00,97,139,67,156.68,103.64,0,0,0,0,0,0,0,0,0,0,0,0,0,0,0,0,0,0,0,0,0,0,0,0,0,0,0,0,0,0,0,0
35275,-0.20,302,4095,0.00,97,139,67,156.68,103.64,0,0,0,0,0,0,0,0,0,0,0,0,0,0,0,0,0,0,0,0,0,0,0,0,0,0,0,0,0,0,0,0
35311,-0.20,615,4095,0.00,97,139,67,156.68,103.64,0,0,0,0,0,0,0,0,0,0,0,0,0,0,0,0,0,0,0,0,0,0,0,0,0,0,0,0,0,0,0,0
35347,-0.17,921,4095,0.00,97,139,67,156.68,103.64,0,0,0,0,0,0,0,0,0,0,0,0,0,0,0,0,0,0,0,0,0,0,0,0,0,0,0,0,0,0,0,0
35383,-0.21,1111,4095,0.00,97,139,67,156.68,103.64,0,0,0,0,0,0,0,0,0,0,0,0,0,0,0,0,0,0,0,0,0,0,0,0,0,0,0,0,0,0,0,0
35419,-0.19,1171,4095,0.00,97,139,67,156.68,103.64,0,0,0,0,0,0,0,0,0,0,0,0,0,0,0,0,0,0,0,0,0,0,0,0,0,0,0,0,0,0,0,0
35455,-0.14,1023,2384,0.00,97,139,67,156.68,103.64,0,0,0,0,0,0,0,0,0,0,0,0,0,0,0,0,0,0,0,0,0,0,0,0,0,0,0,0,0,0,0,0
35491,-0.16,548,1710,0.00,97,139,67,156.68,103.64,0,0,0,0,0,0,0,0,0,0,0,0,0,0,0,0,0,0,0,0,0,0,0,0,0,0,0,0,0,0,0,0
35527,-0.13,-105,1997,0.00,97,139,67,156.68,103.64,0,0,0,0,0,0,0,0,0,0,0,0,0,0,0,0,0,0,0,0,0,0,0,0,0,0,0,0,0,0,0,0
35563,-0.14,-598,2633,0.00,97,139,67,156.68,103.64,0,0,0,0,0,0,0,0,0,0,0,0,0,0,0,0,0,0,0,0,0,0,0,0,0,0,0,0,0,0,0,0
35599,-0.18,-750,2981,0.00,97,139,67,156.68,103.64,0,0,0,0,0,0,0,0,0,0,0,0,0,0,0,0,0,0,0,0,0,0,0,0,0,0,0,0,0,0,0,0
35635,-0.16,-627,2966,0.00,97,139,67,156.68,103.64,0,0,0,0,0,0,0,0,0,0,0,0,0,0,0,0,0,0,0,0,0,0,0,0,0,0,0,0,0,0,0,0
35671,-0.18,-418,2745,0.00,97,139,67,156.68,103.64,0,0,0,0,0,0,0,0,0,0,0,0,0,0,0,0,0,0,0,0,0,0,0,0,0,0,0,0,0,0,0,0
35707,-0.20,-274,2535,0.00,97,139,67,156.68,103.64,0,0,0,0,0,0,0,0,0,0,0,0,0,0,0,0,0,0,0,0,0,0,0,0,0,0,0,0,0,0,0,0
35743,-0.23,-239,2450,0.00,97,139,67,156.68,103.64,0,0,0,0,0,0,0,0,0,0,0,0,0,0,0,0,0,0,0,0,0,0,0,0,0,0,0,0,0,0,0,0
35779,-0.19,-273,2498,0.00,97,139,67,156.68,103.64,0,0,0,0,0,0,0,0,0,0,0,0,0,0,0,0,0,0,0,0,0,0,0,0,0,0,0,0,0,0,0,0
35815,-0.27,-306,2653,0.00,97,139,67,156.68,103.64,0,0,0,0,0,0,0,0,0,0,0,0,0,0,0,0,0,0,0,0,0,0,0,0,0,0,0,0,0,0,0,0
35851,-0.10,-296,2715,0.00,97,139,67,156.68,103.64,0,0,0,0,0,0,0,0,0,0,0,0,0,0,0,0,0,0,0,0,0,0,0,0,0,0,0,0,0,0,0,0
35887,-0.20,-251,2661,0.00,97,139,67,156.68,103.64,0,0,0,0,0,0,0,0,0,0,0,0,0,0,0,0,0,0,0,0,0,0,0,0,0,0,0,0,0,0,0,0
35923,-0.22,-210,2554,0.00,97,139,67,156.68,103.64,0,0,0,0,0,0,0,0,0,0,0,0,0,0,0,0,0,0,0,0,0,0,0,0,0,0,0,0,0,0,0,0
35959,-0.27,-197,2530,0.00,97,139,67,156.68,103.64,0,0,0,0,0,0,0,0,0,0,0,0,0,0,0,0,0,0,0,0,0,0,0,0,0,0,0,0,0,0,0,0
35995,-0.08,-201,2559,0.00,97,139,67,156.68,103.64,0,0,0,0,0,0,0,0,0,0,0,0,0,0,0,0,0,0,0,0,0,0,0,0,0,0,0,0,0,0,0,0
36031,-0.22,-204,2557,0.00,97,139,67,156.68,103.64,0,0,0,0,0,0,0,0,0,0,0,0,0,0,0,0,0,0,0,0,0,0,0,0,0,0,0,0,0,0,0,0
36067,-0.15,-199,2528,0.00,97,139,67,156.68,103.64,0,0,0,0,0,0,0,0,0,0,0,0,0,0,0,0,0,0,0,0,0,0,0,0,0,0,0,0,0,0,0,0
36103,-0.16,-194,2496,0.00,97,139,67,156.68,103.64,0,0,0,0,0,0,0,0,0,0,0,0,0,0,0,0,0,0,0,0,0,0,0,0,0,0,0,0,0,0,0,0
36139,-0.18,-189,2515,0.00,97,139,67,156.68,103.64,0,0,0,0,0,0,0,0,0,0,0,0,0,0,0,0,0,0,0,0,0,0,0,0,0,0,0,0,0,0,0,0
36175,-0.20,-175,2583,0.00,97,139,67,156.68,103.64,0,0,0,0,0,0,0,0,0,0,0,0,0,0,0,0,0,0,0,0,0,0,0,0,0,0,0,0,0,0,0,0
36211,-0.20,-143,2630,0.00,97,139,67,156.68,103.64,0,0,0,0,0,0,0,0,0,0,0,0,0,0,0,0,0,0,0,0,0,0,0,0,0,0,0,0,0,0,0,0
36247,-0.25,-98,2635,0.00,97,139,67,156.68,103.64,0,0,0,0,0,0,0,0,0,0,0,0,0,0,0,0,0,0,0,0,0,0,0,0,0,0,0,0,0,0,0,0
36283,-0.21,-52,2672,0.00,97,139,67,156.68,103.64,0,0,0,0,0,0,0,0,0,0,0,0,0,0,0,0,0,0,0,0,0,0,0,0,0,0,0,0,0,0,0,0
36319,-0.21,58,3751,0.00,97,139,67,156.68,103.64,0,0,0,0,0,0,0,0,0,0,0,0,0,0,0,0,0,0,0,0,0,0,0,0,0,0,0,0,0,0,0,0
36355,-0.22,324,4095,0.00,97,139,67,156.68,103.64,0,0,0,0,0,0,0,0,0,0,0,0,0,0,0,0,0,0,0,0,0,0,0,0,0,0,0,0,0,0,0,0
36391,-0.25,677,4095,0.00,97,139,67,156.68,103.64,0,0,0,0,0,0,0,0,0,0,0,0,0,0,0,0,0,0,0,0,0,0,0,0,0,0,0,0,0,0,0,0
36427,-0.19,964,4095,0.00,97,139,67,156.68,103.64,0,0,0,0,0,0,0,0,0,0,0,0,0,0,0,0,0,0,0,0,0,0,0,0,0,0,0,0,0,0,0,0
36463,-0.30,1117,4095,0.00,97,139,67,156.68,103.64,0,0,0,0,0,0,0,0,0,0,0,0,0,0,0,0,0,0,0,0,0,0,0,0,0,0,0,0,0,0,0,0
36499,-0.26,1145,4095,0.00,97,139,67,156.68,103.64,0,0,0,0,0,0,0,0,0,0,0,0,0,0,0,0,0,0,0,0,0,0,0,0,0,0,0,0,0,0,0,0
36535,-0.25,1020,3067,0.00,97,139,67,156.68,103.64,0,0,0,0,0,0,0,0,0,0,0,0,0,0,0,0,0,0,0,0,0,0,0,0,0,0,0,0,0,0,0,0
36571,-0.23,640,1905,0.00,97,139,67,156.68,103.64,0,0,0,0,0,0,0,0,0,0,0,0,0,0,0,0,0,0,0,0,0,0,0,0,0,0,0,0,0,0,0,0
36607,-0.17,48,2032,0.00,97,139,67,156.68,103.64,0,0,0,0,0,0,0,0,0,0,0,0,0,0,0,0,0,0,0,0,0,0,0,0,0,0,0,0,0,0,0,0
36643,-0.26,-470,2659,0.00,97,139,67,156.68,103.64,0,0,0,0,0,0,0,0,0,0,0,0,0,0,0,0,0,0,0,0,0,0,0,0,0,0,0,0,0,0,0,0
36679,-0.20,-680,3121,0.00,97,139,67,156.68,103.64,0,0,0,0,0,0,0,0,0,0,0,0,0,0,0,0,0,0,0,0,0,0,0,0,0,0,0,0,0,0,0,0
36715,-0.16,-598,3110,0.00,97,139,67,156.68,103.64,0,0,0,0,0,0,0,0,0,0,0,0,0,0,0,0,0,0,0,0,0,0,0,0,0,0,0,0,0,0,0,0
36751,-0.17,-408,2835,0.00,97,139,67,156.68,103.64,0,0,0,0,0,0,0,0,0,0,0,0,0,0,0,0,0,0,0,0,0,0,0,0,0,0,0,0,0,0,0,0
36787,-0.35,-275,2631,0.00,97,139,67,156.68,103.64,0,0,0,0,0,0,0,0,0,0,0,0,0,0,0,0,0,0,0,0,0,0,0,0,0,0,0,0,0,0,0,0
36823,-0.27,-249,2553,0.00,97,139,67,156.68,103.64,0,0,0,0,0,0,0,0,0,0,0,0,0,0,0,0,0,0,0,0,0,0,0,0,0,0,0,0,0,0,0,0
36859,-0.22,-288,2559,0.00,97,139,67,156.68,103.64,0,0,0,0,0,0,0,0,0,0,0,0,0,0,0,0,0,0,0,0,0,0,0,0,0,0,0,0,0,0,0,0
36895,-0.29,-338,2590,0.00,97,139,67,156.68,103.64,0,0,0,0,0,0,0,0,0,0,0,0,0,0,0,0,0,0,0,0,0,0,0,0,0,0,0,0,0,0,0,0
36931,-0.37,-364,2599,0.00,97,139,67,156.68,103.64,0,0,0,0,0,0,0,0,0,0,0,0,0,0,0,0,0,0,0,0,0,0,0,0,0,0,0,0,0,0,0,0
36967,-0.24,-363,2595,0.00,97,139,67,156.68,103.64,0,0,0,0,0,0,0,0,0,0,0,0,0,0,0,0,0,0,0,0,0,0,0,0,0,0,0,0,0,0,0,0
37003,-0.19,-342,2614,0.00,97,139,67,156.68,103.64,0,0,0,0,0,0,0,0,0,0,0,0,0,0,0,0,0,0,0,0,0,0,0,0,0,0,0,0,0,0,0,0
37039,-0.23,-308,2626,0.00,97,139,67,156.68,103.64,0,0,0,0,0,0,0,0,0,0,0,0,0,0,0,0,0,0,0,0,0,0,0,0,0,0,0,0,0,0,0,0
37075,-0.26,-271,2602,0.00,97,139,67,156.68,103.64,0,0,0,0,0,0,0,0,0,0,0,0,0,0,0,0,0,0,0,0,0,0,0,0,0,0,0,0,0,0,0,0
37111,-0.24,-239,2598,0.00,97,139,67,156.68,103.64,0,0,0,0,0,0,0,0,0,0,0,0,0,0,0,0,0,0,0,0,0,0,0,0,0,0,0,0,0,0,0,0
37147,-0.24,-213,2609,0.00,97,139,67,156.68,103.64,0,0,0,0,0,0,0,0,0,0,0,0,0,0,0,0,0,0,0,0,0,0,0,0,0,0,0,0,0,0,0,0
37183,-0.22,-190,2602,0.00,97,139,67,156.68,103.64,0,0,0,0,0,0,0,0,0,0,0,0,0,0,0,0,0,0,0,0,0,0,0,0,0,0,0,0,0,0,0,0
37219,-0.18,-172,2559,0.00,97,139,67,156.68,103.64,0,0,0,0,0,0,0,0,0,0,0,0,0,0,0,0,0,0,0,0,0,0,0,0,0,0,0,0,0,0,0,0
37255,-0.21,-162,2559,0.00,97,139,67,156.68,103.64,0,0,0,0,0,0,0,0,0,0,0,0,0,0,0,0,0,0,0,0,0,0,0,0,0,0,0,0,0,0,0,0
37291,-0.24,-153,2591,0.00,97,139,67,156.68,103.64,0,0,0,0,0,0,0,0,0,0,0,0,0,0,0,0,0,0,0,0,0,0,0,0,0,0,0,0,0,0,0,0
37327,-0.25,-137,2599,0.00,97,139,67,156.68,103.64,0,0,0,0,0,0,0,0,0,0,0,0,0,0,0,0,0,0,0,0,0,0,0,0,0,0,0,0,0,0,0,0
37363,-0.20,-111,2650,0.00,97,139,67,156.68,103.64,0,0,0,0,0,0,0,0,0,0,0,0,0,0,0,0,0,0,0,0,0,0,0,0,0,0,0,0,0,0,0,0
37399,-0.26,-59,2948,0.00,97,139,67,156.68,103.64,0,0,0,0,0,0,0,0,0,0,0,0,0,0,0,0,0,0,0,0,0,0,0,0,0,0,0,0,0,0,0,0
37435,-0.16,107,4095,0.00,97,139,67,156.68,103.64,0,0,0,0,0,0,0,0,0,0,0,0,0,0,0,0,0,0,0,0,0,0,0,0,0,0,0,0,0,0,0,0
37471,-0.20,433,4095,0.00,97,139,67,156.68,103.64,0,0,0,0,0,0,0,0,0,0,0,0,0,0,0,0,0,0,0,0,0,0,0,0,0,0,0,0,0,0,0,0
37507,-0.19,788,4095,0.00,97,139,67,156.68,103.64,0,0,0,0,0,0,0,0,0,0,0,0,0,0,0,0,0,0,0,0,0,0,0,0,0,0,0,0,0,0,0,0
37543,-0.35,1029,4095,0.00,97,139,67,156.68,103.64,0,0,0,0,0,0,0,0,0,0,0,0,0,0,0,0,0,0,0,0,0,0,0,0,0,0,0,0,0,0,0,0
37579,-0.25,1130,4095,0.00,97,139,67,156.68,103.64,0,0,0,0,0,0,0,0,0,0,0,0,0,0,0,0,0,0,0,0,0,0,0,0,0,0,0,0,0,0,0,0
37615,-0.29,1119,4095,0.00,97,139,67,156.68,103.64,0,0,0,0,0,0,0,0,0,0,0,0,0,0,0,0,0,0,0,0,0,0,0,0,0,0,0,0,0,0,0,0
37651,-0.24,969,2992,0.00,97,139,67,156.68,103.64,0,0,0,0,0,0,0,0,0,0,0,0,0,0,0,0,0,0,0,0,0,0,0,0,0,0,0,0,0,0,0,0
37687,-0.21,569,1873,0.00,97,139,67,156.68,103.64,0,0,0,0,0,0,0,0,0,0,0,0,0,0,0,0,0,0,0,0,0,0,0,0,0,0,0,0,0,0,0,0
37723,-0.21,-23,2112,0.00,97,139,67,156.68,103.64,0,0,0,0,0,0,0,0,0,0,0,0,0,0,0,0,0,0,0,0,0,0,0,0,0,0,0,0,0,0,0,0
37759,-0.27,-518,2717,0.00,97,139,67,156.68,103.64,0,0,0,0,0,0,0,0,0,0,0,0,0,0,0,0,0,0,0,0,0,0,0,0,0,0,0,0,0,0,0,0
37795,-0.19,-699,3133,0.00,97,139,67,156.68,103.64,0,0,0,0,0,0,0,0,0,0,0,0,0,0,0,0,0,0,0,0,0,0,0,0,0,0,0,0,0,0,0,0
37831,-0.21,-597,3188,0.00,97,139,67,156.68,103.64,0,0,0,0,0,0,0,0,0,0,0,0,0,0,0,0,0,0,0,0,0,0,0,0,0,0,0,0,0,0,0,0
37867,-0.22,-385,2993,0.00,97,139,67,156.68,103.64,0,0,0,0,0,0,0,0,0,0,0,0,0,0,0,0,0,0,0,0,0,0,0,0,0,0,0,0,0,0,0,0
37903,-0.26,-222,2790,0.00,97,139,67,156.68,103.64,0,0,0,0,0,0,0,0,0,0,0,0,0,0,0,0,0,0,0,0,0,0,0,0,0,0,0,0,0,0,0,0
37939,-0.15,-167,2709,0.00,97,139,67,156.68,103.64,0,0,0,0,0,0,0,0,0,0,0,0,0,0,0,0,0,0,0,0,0,0,0,0,0,0,0,0,0,0,0,0
37975,-0.14,-189,2720,0.00,97,139,67,156.68,103.64,0,0,0,0,0,0,0,0,0,0,0,0,0,0,0,0,0,0,0,0,0,0,0,0,0,0,0,0,0,0,0,0
38011,-0.18,-233,2733,0.00,97,139,67,156.68,103.64,0,0,0,0,0,0,0,0,0,0,0,0,0,0,0,0,0,0,0,0,0,0,0,0,0,0,0,0,0,0,0,0
38047,-0.27,-265,2751,0.00,97,139,67,156.68,103.64,0,0,0,0,0,0,0,0,0,0,0,0,0,0,0,0,0,0,0,0,0,0,0,0,0,0,0,0,0,0,0,0
38083,-0.32,-275,2721,0.00,97,139,67,156.68,103.64,0,0,0,0,0,0,0,0,0,0,0,0,0,0,0,0,0,0,0,0,0,0,0,0,0,0,0,0,0,0,0,0
38119,-0.19,-274,2678,0.00,97,139,67,156.68,103.64,0,0,0,0,0,0,0,0,0,0,0,0,0,0,0,0,0,0,0,0,0,0,0,0,0,0,0,0,0,0,0,0
38155,-0.28,-272,2634,0.00,97,139,67,156.68,103.64,0,0,0,0,0,0,0,0,0,0,0,0,0,0,0,0,0,0,0,0,0,0,0,0,0,0,0,0,0,0,0,0
38191,-0.27,-272,2651,0.00,97,139,67,156.68,103.64,0,0,0,0,0,0,0,0,0,0,0,0,0,0,0,0,0,0,0,0,0,0,0,0,0,0,0,0,0,0,0,0
38227,-0.17,-265,2666,0.00,97,139,67,156.68,103.64,0,0,0,0,0,0,0,0,0,0,0,0,0,0,0,0,0,0,0,0,0,0,0,0,0,0,0,0,0,0,0,0
38263,-0.22,-248,2665,0.00,97,139,67,156.68,103.64,0,0,0,0,0,0,0,0,0,0,0,0,0,0,0,0,0,0,0,0,0,0,0,0,0,0,0,0,0,0,0,0
38299,-0.31,-223,2679,0.00,97,139,67,156.68,103.64,0,0,0,0,0,0,0,0,0,0,0,0,0,0,0,0,0,0,0,0,0,0,0,0,0,0,0,0,0,0,0,0
38335,-0.15,-190,2751,0.00,97,139,67,156.68,103.64,0,0,0,0,0,0,0,0,0,0,0,0,0,0,0,0,0,0,0,0,0,0,0,0,0,0,0,0,0,0,0,0
38371,-0.24,-144,2800,0.00,97,139,67,156.68,103.64,0,0,0,0,0,0,0,0,0,0,0,0,0,0,0,0,0,0,0,0,0,0,0,0,0,0,0,0,0,0,0,0
38407,-0.24,-95,2751,0.00,97,139,67,156.68,103.64,0,0,0,0,0,0,0,0,0,0,0,0,0,0,0,0,0,0,0,0,0,0,0,0,0,0,0,0,0,0,0,0
38443,-0.27,-60,2723,0.00,97,139,67,156.68,103.64,0,0,0,0,0,0,0,0,0,0,0,0,0,0,0,0,0,0,0,0,0,0,0,0,0,0,0,0,0,0,0,0
38479,-0.20,-7,3309,0.00,97,139,67,156.68,103.64,0,0,0,0,0,0,0,0,0,0,0,0,0,0,0,0,0,0,0,0,0,0,0,0,0,0,0,0,0,0,0,0
38515,-0.14,162,4095,0.00,97,139,67,156.68,103.64,0,0,0,0,0,0,0,0,0,0,0,0,0,0,0,0,0,0,0,0,0,0,0,0,0,0,0,0,0,0,0,0
38551,-0.22,463,4095,0.00,97,139,67,156.68,103.64,0,0,0,0,0,0,0,0,0,0,0,0,0,0,0,0,0,0,0,0,0,0,0,0,0,0,0,0,0,0,0,0
38587,-0.24,764,4095,0.00,97,139,67,156.68,103.64,0,0,0,0,0,0,0,0,0,0,0,0,0,0,0,0,0,0,0,0,0,0,0,0,0,0,0,0,0,0,0,0
38623,-0.26,956,4095,0.00,97,139,67,156.68,103.64,0,0,0,0,0,0,0,0,0,0,0,0,0,0,0,0,0,0,0,0,0,0,0,0,0,0,0,0,0,0,0,0
38659,-0.22,1027,4095,0.00,97,139,67,156.68,103.64,0,0,0,0,0,0,0,0,0,0,0,0,0,0,0,0,0,0,0,0,0,0,0,0,0,0,0,0,0,0,0,0
38695,-0.21,949,3255,0.00,97,139,67,156.68,103.64,0,0,0,0,0,0,0,0,0,0,0,0,0,0,0,0,0,0,0,0,0,0,0,0,0,0,0,0,0,0,0,0
38731,-0.21,626,2032,0.00,97,139,67,156.68,103.64,0,0,0,0,0,0,0,0,0,0,0,0,0,0,0,0,0,0,0,0,0,0,0,0,0,0,0,0,0,0,0,0
38767,-0.24,78,2075,0.00,97,139,67,156.68,103.64,0,0,0,0,0,0,0,0,0,0,0,0,0,0,0,0,0,0,0,0,0,0,0,0,0,0,0,0,0,0,0,0
38803,-0.23,-434,2608,0.00,97,139,67,156.68,103.64,0,0,0,0,0,0,0,0,0,0,0,0,0,0,0,0,0,0,0,0,0,0,0,0,0,0,0,0,0,0,0,0
38839,-0.29,-670,3107,0.00,97,139,67,156.68,103.64,0,0,0,0,0,0,0,0,0,0,0,0,0,0,0,0,0,0,0,0,0,0,0,0,0,0,0,0,0,0,0,0
38875,-0.23,-615,3163,0.00,97,139,67,156.68,103.64,0,0,0,0,0,0,0,0,0,0,0,0,0,0,0,0,0,0,0,0,0,0,0,0,0,0,0,0,0,0,0,0
38911,-0.29,-434,2849,0.00,97,139,67,156.68,103.64,0,0,0,0,0,0,0,0,0,0,0,0,0,0,0,0,0,0,0,0,0,0,0,0,0,0,0,0,0,0,0,0
38947,-0.22,-309,2519,0.00,97,139,67,156.68,103.64,0,0,0,0,0,0,0,0,0,0,0,0,0,0,0,0,0,0,0,0,0,0,0,0,0,0,0,0,0,0,0,0
38983,-0.28,-307,2387,0.00,97,139,67,156.68,103.64,0,0,0,0,0,0,0,0,0,0,0,0,0,0,0,0,0,0,0,0,0,0,0,0,0,0,0,0,0,0,0,0
39019,-0.26,-382,2403,0.00,97,139,67,156.68,103.64,0,0,0,0,0,0,0,0,0,0,0,0,0,0,0,0,0,0,0,0,0,0,0,0,0,0,0,0,0,0,0,0
39055,-0.22,-453,2545,0.00,97,139,67,156.68,103.64,0,0,0,0,0,0,0,0,0,0,0,0,0,0,0,0,0,0,0,0,0,0,0,0,0,0,0,0,0,0,0,0
39091,-0.26,-460,2717,0.00,97,139,67,156.68,103.64,0,0,0,0,0,0,0,0,0,0,0,0,0,0,0,0,0,0,0,0,0,0,0,0,0,0,0,0,0,0,0,0
39127,-0.18,-386,2875,0.00,97,139,67,156.68,103.64,0,0,0,0,0,0,0,0,0,0,0,0,0,0,0,0,0,0,0,0,0,0,0,0,0,0,0,0,0,0,0,0
39163,-0.21,-261,2914,0.00,97,139,67,156.68,103.64,0,0,0,0,0,0,0,0,0,0,0,0,0,0,0,0,0,0,0,0,0,0,0,0,0,0,0,0,0,0,0,0
39199,-0.18,-129,2926,0.00,97,139,67,156.68,103.64,0,0,0,0,0,0,0,0,0,0,0,0,0,0,0,0,0,0,0,0,0,0,0,0,0,0,0,0,0,0,0,0
39235,-0.18,-31,2843,0.00,97,139,67,156.68,103.64,0,0,0,0,0,0,0,0,0,0,0,0,0,0,0,0,0,0,0,0,0,0,0,0,0,0,0,0,0,0,0,0
39271,-0.28,10,2758,0.00,97,139,67,156.68,103.64,0,0,0,0,0,0,0,0,0,0,0,0,0,0,0,0,0,0,0,0,0,0,0,0,0,0,0,0,0,0,0,0
39307,-0.18,-1,2661,0.00,97,139,67,156.68,103.64,0,0,0,0,0,0,0,0,0,0,0,0,0,0,0,0,0,0,0,0,0,0,0,0,0,0,0,0,0,0,0,0
39343,-0.26,-54,2559,0.00,97,139,67,156.68,103.64,0,0,0,0,0,0,0,0,0,0,0,0,0,0,0,0,0,0,0,0,0,0,0,0,0,0,0,0,0,0,0,0
39379,-0.20,-127,2483,0.00,97,139,67,156.68,103.64,0,0,0,0,0,0,0,0,0,0,0,0,0,0,0,0,0,0,0,0,0,0,0,0,0,0,0,0,0,0,0,0
39415,-0.20,-197,2500,0.00,97,139,67,156.68,103.64,0,0,0,0,0,0,0,0,0,0,0,0,0,0,0,0,0,0,0,0,0,0,0,0,0,0,0,0,0,0,0,0
39451,-0.16,-233,2629,0.00,97,139,67,156.68,103.64,0,0,0,0,0,0,0,0,0,0,0,0,0,0,0,0,0,0,0,0,0,0,0,0,0,0,0,0,0,0,0,0
39487,-0.18,-214,2715,0.00,97,139,67,156.68,103.64,0,0,0,0,0,0,0,0,0,0,0,0,0,0,0,0,0,0,0,0,0,0,0,0,0,0,0,0,0,0,0,0
39523,-0.18,-153,2730,0.00,97,139,67,156.68,103.64,0,0,0,0,0,0,0,0,0,0,0,0,0,0,0,0,0,0,0,0,0,0,0,0,0,0,0,0,0,0,0,0
39559,-0.26,-79,2738,0.00,97,139,67,156.68,103.64,0,0,0,0,0,0,0,0,0,0,0,0,0,0,0,0,0,0,0,0,0,0,0,0,0,0,0,0,0,0,0,0
39595,-0.24,-1,2980,0.00,97,139,67,156.68,103.64,0,0,0,0,0,0,0,0,0,0,0,0,0,0,0,0,0,0,0,0,0,0,0,0,0,0,0,0,0,0,0,0
39631,-0.27,161,4095,0.00,97,139,67,156.68,103.64,0,0,0,0,0,0,0,0,0,0,0,0,0,0,0,0,0,0,0,0,0,0,0,0,0,0,0,0,0,0,0,0
39667,-0.11,465,4095,0.00,97,139,67,156.68,103.64,0,0,0,0,0,0,0,0,0,0,0,0,0,0,0,0,0,0,0,0,0,0,0,0,0,0,0,0,0,0,0,0
39703,-0.27,794,4095,0.00,97,139,67,156.68,103.64,0,0,0,0,0,0,0,0,0,0,0,0,0,0,0,0,0,0,0,0,0,0,0,0,0,0,0,0,0,0,0,0
39739,-0.22,1017,4095,0.00,97,139,67,156.68,103.64,0,0,0,0,0,0,0,0,0,0,0,0,0,0,0,0,0,0,0,0,0,0,0,0,0,0,0,0,0,0,0,0
39775,-0.26,1108,4095,0.00,97,139,67,156.68,103.64,0,0,0,0,0,0,0,0,0,0,0,0,0,0,0,0,0,0,0,0,0,0,0,0,0,0,0,0,0,0,0,0
39811,-0.27,1094,4095,0.00,97,139,67,156.68,103.64,0,0,0,0,0,0,0,0,0,0,0,0,0,0,0,0,0,0,0,0,0,0,0,0,0,0,0,0,0,0,0,0
39847,-0.22,939,2887,0.00,97,139,67,156.68,103.64,0,0,0,0,0,0,0,0,0,0,0,0,0,0,0,0,0,0,0,0,0,0,0,0,0,0,0,0,0,0,0,0
39883,-0.21,519,1718,0.00,97,139,67,156.68,103.64,0,0,0,0,0,0,0,0,0,0,0,0,0,0,0,0,0,0,0,0,0,0,0,0,0,0,0,0,0,0,0,0
39919,-0.25,-114,1803,0.00,97,139,67,156.68,103.64,0,0,0,0,0,0,0,0,0,0,0,0,0,0,0,0,0,0,0,0,0,0,0,0,0,0,0,0,0,0,0,0
39955,-0.24,-667,2406,0.00,97,139,67,156.68,103.64,0,0,0,0,0,0,0,0,0,0,0,0,0,0,0,0,0,0,0,0,0,0,0,0,0,0,0,0,0,0,0,0
39991,-0.18,-898,2847,0.00,97,139,67,156.68,103.64,0,0,0,0,0,0,0,0,0,0,0,0,0,0,0,0,0,0,0,0,0,0,0,0,0,0,0,0,0,0,0,0
40027,-0.38,-824,2849,0.00,97,139,67,156.68,103.64,0,0,0,0,0,0,0,0,0,0,0,0,0,0,0,0,0,0,0,0,0,0,0,0,0,0,0,0,0,0,0,0
40063,-0.26,-625,2603,0.00,97,139,67,156.68,103.64,0,0,0,0,0,0,0,0,0,0,0,0,0,0,0,0,0,0,0,0,0,0,0,0,0,0,0,0,0,0,0,0
40099,-0.28,-469,2384,0.00,97,139,67,156.68,103.64,0,0,0,0,0,0,0,0,0,0,0,0,0,0,0,0,0,0,0,0,0,0,0,0,0,0,0,0,0,0,0,0
40135,-0.19,-413,2320,0.00,97,139,67,156.68,103.64,0,0,0,0,0,0,0,0,0,0,0,0,0,0,0,0,0,0,0,0,0,0,0,0,0,0,0,0,0,0,0,0
40171,-0.20,-421,2359,0.00,97,139,67,156.68,103.64,0,0,0,0,0,0,0,0,0,0,0,0,0,0,0,0,0,0,0,0,0,0,0,0,0,0,0,0,0,0,0,0
40207,-0.24,-434,2435,0.00,97,139,67,156.68,103.64,0,0,0,0,0,0,0,0,0,0,0,0,0,0,0,0,0,0,0,0,0,0,0,0,0,0,0,0,0,0,0,0
40243,-0.24,-416,2511,0.00,97,139,67,156.68,103.64,0,0,0,0,0,0,0,0,0,0,0,0,0,0,0,0,0,0,0,0,0,0,0,0,0,0,0,0,0,0,0,0
40279,-0.23,-364,2525,0.00,97,139,67,156.68,103.64,0,0,0,0,0,0,0,0,0,0,0,0,0,0,0,0,0,0,0,0,0,0,0,0,0,0,0,0,0,0,0,0
40315,-0.20,-301,2483,0.00,97,139,67,156.68,103.64,0,0,0,0,0,0,0,0,0,0,0,0,0,0,0,0,0,0,0,0,0,0,0,0,0,0,0,0,0,0,0,0
40351,-0.24,-247,2470,0.00,97,139,67,156.68,103.64,0,0,0,0,0,0,0,0,0,0,0,0,0,0,0,0,0,0,0,0,0,0,0,0,0,0,0,0,0,0,0,0
40387,-0.19,-210,2448,0.00,97,139,67,156.68,103.64,0,0,0,0,0,0,0,0,0,0,0,0,0,0,0,0,0,0,0,0,0,0,0,0,0,0,0,0,0,0,0,0
40423,-0.20,-186,2471,0.00,97,139,67,156.68,103.64,0,0,0,0,0,0,0,0,0,0,0,0,0,0,0,0,0,0,0,0,0,0,0,0,0,0,0,0,0,0,0,0
40459,-0.23,-162,2495,0.00,97,139,67,156.68,103.64,0,0,0,0,0,0,0,0,0,0,0,0,0,0,0,0,0,0,0,0,0,0,0,0,0,0,0,0,0,0,0,0
40495,-0.24,-135,2474,0.00,97,139,67,156.68,103.64,0,0,0,0,0,0,0,0,0,0,0,0,0,0,0,0,0,0,0,0,0,0,0,0,0,0,0,0,0,0,0,0
40531,-0.25,-112,2453,0.00,97,139,67,156.68,103.64,0,0,0,0,0,0,0,0,0,0,0,0,0,0,0,0,0,0,0,0,0,0,0,0,0,0,0,0,0,0,0,0
40567,-0.19,-94,2451,0.00,97,139,67,156.68,103.64,0,0,0,0,0,0,0,0,0,0,0,0,0,0,0,0,0,0,0,0,0,0,0,0,0,0,0,0,0,0,0,0
40603,-0.25,-82,2417,0.00,97,139,67,156.68,103.64,0,0,0,0,0,0,0,0,0,0,0,0,0,0,0,0,0,0,0,0,0,0,0,0,0,0,0,0,0,0,0,0
40639,-0.27,-70,2496,0.00,97,139,67,156.68,103.64,0,0,0,0,0,0,0,0,0,0,0,0,0,0,0,0,0,0,0,0,0,0,0,0,0,0,0,0,0,0,0,0
40675,-0.23,-44,2554,0.00,97,139,67,156.68,103.64,0,0,0,0,0,0,0,0,0,0,0,0,0,0,0,0,0,0,0,0,0,0,0,0,0,0,0,0,0,0,0,0
40711,-0.31,18,2896,0.00,97,139,67,156.68,103.64,0,0,0,0,0,0,0,0,0,0,0,0,0,0,0,0,0,0,0,0,0,0,0,0,0,0,0,0,0,0,0,0
40747,-0.29,205,4095,0.00,97,139,67,156.68,103.64,0,0,0,0,0,0,0,0,0,0,0,0,0,0,0,0,0,0,0,0,0,0,0,0,0,0,0,0,0,0,0,0
40783,-0.23,557,4095,0.00,97,139,67,156.68,103.64,0,0,0,0,0,0,0,0,0,0,0,0,0,0,0,0,0,0,0,0,0,0,0,0,0,0,0,0,0,0,0,0
40819,-0.30,935,4095,0.00,97,139,67,156.68,103.64,0,0,0,0,0,0,0,0,0,0,0,0,0,0,0,0,0,0,0,0,0,0,0,0,0,0,0,0,0,0,0,0
40855,-0.26,1188,4095,0.00,97,139,67,156.68,103.64,0,0,0,0,0,0,0,0,0,0,0,0,0,0,0,0,0,0,0,0,0,0,0,0,0,0,0,0,0,0,0,0
40891,-0.25,1291,4095,0.00,97,139,67,156.68,103.64,0,0,0,0,0,0,0,0,0,0,0,0,0,0,0,0,0,0,0,0,0,0,0,0,0,0,0,0,0,0,0,0
40927,-0.19,1204,2997,0.00,97,139,67,156.68,103.64,0,0,0,0,0,0,0,0,0,0,0,0,0,0,0,0,0,0,0,0,0,0,0,0,0,0,0,0,0,0,0,0
40963,-0.21,818,1754,0.00,97,139,67,156.68,103.64,0,0,0,0,0,0,0,0,0,0,0,0,0,0,0,0,0,0,0,0,0,0,0,0,0,0,0,0,0,0,0,0
40999,-0.29,180,1743,0.00,97,139,67,156.68,103.64,0,0,0,0,0,0,0,0,0,0,0,0,0,0,0,0,0,0,0,0,0,0,0,0,0,0,0,0,0,0,0,0
41035,-0.15,-414,2300,0.00,97,139,67,156.68,103.64,0,0,0,0,0,0,0,0,0,0,0,0,0,0,0,0,0,0,0,0,0,0,0,0,0,0,0,0,0,0,0,0
41071,-0.30,-708,2755,0.00,97,139,67,156.68,103.64,0,0,0,0,0,0,0,0,0,0,0,0,0,0,0,0,0,0,0,0,0,0,0,0,0,0,0,0,0,0,0,0
41107,-0.23,-684,2837,0.00,97,139,67,156.68,103.64,0,0,0,0,0,0,0,0,0,0,0,0,0,0,0,0,0,0,0,0,0,0,0,0,0,0,0,0,0,0,0,0
41143,-0.26,-505,2643,0.00,97,139,67,156.68,103.64,0,0,0,0,0,0,0,0,0,0,0,0,0,0,0,0,0,0,0,0,0,0,0,0,0,0,0,0,0,0,0,0
41179,-0.16,-341,2460,0.00,97,139,67,156.68,103.64,0,0,0,0,0,0,0,0,0,0,0,0,0,0,0,0,0,0,0,0,0,0,0,0,0,0,0,0,0,0,0,0
41215,-0.20,-263,2389,0.00,97,139,67,156.68,103.64,0,0,0,0,0,0,0,0,0,0,0,0,0,0,0,0,0,0,0,0,0,0,0,0,0,0,0,0,0,0,0,0
41251,-0.15,-253,2432,0.00,97,139,67,156.68,103.64,0,0,0,0,0,0,0,0,0,0,0,0,0,0,0,0,0,0,0,0,0,0,0,0,0,0,0,0,0,0,0,0
41287,-0.33,-259,2518,0.00,97,139,67,156.68,103.64,0,0,0,0,0,0,0,0,0,0,0,0,0,0,0,0,0,0,0,0,0,0,0,0,0,0,0,0,0,0,0,0
41323,-0.28,-245,2559,0.00,97,139,67,156.68,103.64,0,0,0,0,0,0,0,0,0,0,0,0,0,0,0,0,0,0,0,0,0,0,0,0,0,0,0,0,0,0,0,0
41359,-0.20,-211,2559,0.00,97,139,67,156.68,103.64,0,0,0,0,0,0,0,0,0,0,0,0,0,0,0,0,0,0,0,0,0,0,0,0,0,0,0,0,0,0,0,0
41395,-0.16,-170,2559,0.00,97,139,67,156.68,103.64,0,0,0,0,0,0,0,0,0,0,0,0,0,0,0,0,0,0,0,0,0,0,0,0,0,0,0,0,0,0,0,0
41431,-0.18,-130,2595,0.00,97,139,67,156.68,103.64,0,0,0,0,0,0,0,0,0,0,0,0,0,0,0,0,0,0,0,0,0,0,0,0,0,0,0,0,0,0,0,0
41467,-0.11,-98,2547,0.00,97,139,67,156.68,103.64,0,0,0,0,0,0,0,0,0,0,0,0,0,0,0,0,0,0,0,0,0,0,0,0,0,0,0,0,0,0,0,0
41503,-0.23,-81,2478,0.00,97,139,67,156.68,103.64,0,0,0,0,0,0,0,0,0,0,0,0,0,0,0,0,0,0,0,0,0,0,0,0,0,0,0,0,0,0,0,0
41539,-0.25,-86,2463,0.00,97,139,67,156.68,103.64,0,0,0,0,0,0,0,0,0,0,0,0,0,0,0,0,0,0,0,0,0,0,0,0,0,0,0,0,0,0,0,0
41575,-0.29,-97,2494,0.00,97,139,67,156.68,103.64,0,0,0,0,0,0,0,0,0,0,0,0,0,0,0,0,0,0,0,0,0,0,0,0,0,0,0,0,0,0,0,0
41611,-0.23,-97,2547,0.00,97,139,67,156.68,103.64,0,0,0,0,0,0,0,0,0,0,0,0,0,0,0,0,0,0,0,0,0,0,0,0,0,0,0,0,0,0,0,0
41647,-0.24,-79,2558,0.00,97,139,67,156.68,103.64,0,0,0,0,0,0,0,0,0,0,0,0,0,0,0,0,0,0,0,0,0,0,0,0,0,0,0,0,0,0,0,0
41683,-0.21,-53,2518,0.00,97,139,67,156.68,103.64,0,0,0,0,0,0,0,0,0,0,0,0,0,0,0,0,0,0,0,0,0,0,0,0,0,0,0,0,0,0,0,0
41719,-0.22,-32,2539,0.00,97,139,67,156.68,103.64,0,0,0,0,0,0,0,0,0,0,0,0,0,0,0,0,0,0,0,0,0,0,0,0,0,0,0,0,0,0,0,0
41755,-0.23,-10,2624,0.00,97,139,67,156.68,103.64,0,0,0,0,0,0,0,0,0,0,0,0,0,0,0,0,0,0,0,0,0,0,0,0,0,0,0,0,0,0,0,0
41791,-0.23,92,3751,0.00,97,139,67,156.68,103.64,0,0,0,0,0,0,0,0,0,0,0,0,0,0,0,0,0,0,0,0,0,0,0,0,0,0,0,0,0,0,0,0
41827,-0.21,367,4095,0.00,97,139,67,156.68,103.64,0,0,0,0,0,0,0,0,0,0,0,0,0,0,0,0,0,0,0,0,0,0,0,0,0,0,0,0,0,0,0,0
41863,-0.27,736,4095,0.00,97,139,67,156.68,103.64,0,0,0,0,0,0,0,0,0,0,0,0,0,0,0,0,0,0,0,0,0,0,0,0,0,0,0,0,0,0,0,0
41899,-0.18,1035,4095,0.00,97,139,67,156.68,103.64,0,0,0,0,0,0,0,0,0,0,0,0,0,0,0,0,0,0,0,0,0,0,0,0,0,0,0,0,0,0,0,0
41935,-0.31,1193,4095,0.00,97,139,67,156.68,103.64,0,0,0,0,0,0,0,0,0,0,0,0,0,0,0,0,0,0,0,0,0,0,0,0,0,0,0,0,0,0,0,0
41971,-0.25,1221,4095,0.00,97,139,67,156.68,103.64,0,0,0,0,0,0,0,0,0,0,0,0,0,0,0,0,0,0,0,0,0,0,0,0,0,0,0,0,0,0,0,0
42007,-0.17,1051,2416,0.00,97,139,67,156.68,103.64,0,0,0,0,0,0,0,0,0,0,0,0,0,0,0,0,0,0,0,0,0,0,0,0,0,0,0,0,0,0,0,0
42043,-0.23,562,1658,0.00,97,139,67,156.68,103.64,0,0,0,0,0,0,0,0,0,0,0,0,0,0,0,0,0,0,0,0,0,0,0,0,0,0,0,0,0,0,0,0
42079,-0.23,-105,1953,0.00,97,139,67,156.68,103.64,0,0,0,0,0,0,0,0,0,0,0,0,0,0,0,0,0,0,0,0,0,0,0,0,0,0,0,0,0,0,0,0
42115,-0.18,-615,2559,0.00,97,139,67,156.68,103.64,0,0,0,0,0,0,0,0,0,0,0,0,0,0,0,0,0,0,0,0,0,0,0,0,0,0,0,0,0,0,0,0
42151,-0.23,-778,2975,0.00,97,139,67,156.68,103.64,0,0,0,0,0,0,0,0,0,0,0,0,0,0,0,0,0,0,0,0,0,0,0,0,0,0,0,0,0,0,0,0
42187,-0.19,-656,2911,0.00,97,139,67,156.68,103.64,0,0,0,0,0,0,0,0,0,0,0,0,0,0,0,0,0,0,0,0,0,0,0,0,0,0,0,0,0,0,0,0
42223,-0.15,-448,2646,0.00,97,139,67,156.68,103.64,0,0,0,0,0,0,0,0,0,0,0,0,0,0,0,0,0,0,0,0,0,0,0,0,0,0,0,0,0,0,0,0
42259,-0.26,-314,2407,0.00,97,139,67,156.68,103.64,0,0,0,0,0,0,0,0,0,0,0,0,0,0,0,0,0,0,0,0,0,0,0,0,0,0,0,0,0,0,0,0
42295,-0.20,-292,2368,0.00,97,139,67,156.68,103.64,0,0,0,0,0,0,0,0,0,0,0,0,0,0,0,0,0,0,0,0,0,0,0,0,0,0,0,0,0,0,0,0
42331,-0.26,-330,2416,0.00,97,139,67,156.68,103.64,0,0,0,0,0,0,0,0,0,0,0,0,0,0,0,0,0,0,0,0,0,0,0,0,0,0,0,0,0,0,0,0
42367,-0.17,-367,2445,0.00,97,139,67,156.68,103.64,0,0,0,0,0,0,0,0,0,0,0,0,0,0,0,0,0,0,0,0,0,0,0,0,0,0,0,0,0,0,0,0
42403,-0.25,-377,2447,0.00,97,139,67,156.68,103.64,0,0,0,0,0,0,0,0,0,0,0,0,0,0,0,0,0,0,0,0,0,0,0,0,0,0,0,0,0,0,0,0
42439,-0.21,-360,2475,0.00,97,139,67,156.68,103.64,0,0,0,0,0,0,0,0,0,0,0,0,0,0,0,0,0,0,0,0,0,0,0,0,0,0,0,0,0,0,0,0
42475,-0.27,-318,2592,0.00,97,139,67,156.68,103.64,0,0,0,0,0,0,0,0,0,0,0,0,0,0,0,0,0,0,0,0,0,0,0,0,0,0,0,0,0,0,0,0
42511,-0.17,-246,2714,0.00,97,139,67,156.68,103.64,0,0,0,0,0,0,0,0,0,0,0,0,0,0,0,0,0,0,0,0,0,0,0,0,0,0,0,0,0,0,0,0
42547,-0.26,-153,2716,0.00,97,139,67,156.68,103.64,0,0,0,0,0,0,0,0,0,0,0,0,0,0,0,0,0,0,0,0,0,0,0,0,0,0,0,0,0,0,0,0
42583,-0.22,-70,2672,0.00,97,139,67,156.68,103.64,0,0,0,0,0,0,0,0,0,0,0,0,0,0,0,0,0,0,0,0,0,0,0,0,0,0,0,0,0,0,0,0
42619,-0.25,-24,2589,0.00,97,139,67,156.68,103.64,0,0,0,0,0,0,0,0,0,0,0,0,0,0,0,0,0,0,0,0,0,0,0,0,0,0,0,0,0,0,0,0
42655,-0.25,-21,2519,0.00,97,139,67,156.68,103.64,0,0,0,0,0,0,0,0,0,0,0,0,0,0,0,0,0,0,0,0,0,0,0,0,0,0,0,0,0,0,0,0
42691,-0.31,-51,2478,0.00,97,139,67,156.68,103.64,0,0,0,0,0,0,0,0,0,0,0,0,0,0,0,0,0,0,0,0,0,0,0,0,0,0,0,0,0,0,0,0
42727,-0.18,-92,2465,0.00,97,139,67,156.68,103.64,0,0,0,0,0,0,0,0,0,0,0,0,0,0,0,0,0,0,0,0,0,0,0,0,0,0,0,0,0,0,0,0
42763,-0.24,-126,2466,0.00,97,139,67,156.68,103.64,0,0,0,0,0,0,0,0,0,0,0,0,0,0,0,0,0,0,0,0,0,0,0,0,0,0,0,0,0,0,0,0
42799,-0.24,-142,2474,0.00,97,139,67,156.68,103.64,0,0,0,0,0,0,0,0,0,0,0,0,0,0,0,0,0,0,0,0,0,0,0,0,0,0,0,0,0,0,0,0
42835,-0.20,-140,2484,0.00,97,139,67,156.68,103.64,0,0,0,0,0,0,0,0,0,0,0,0,0,0,0,0,0,0,0,0,0,0,0,0,0,0,0,0,0,0,0,0
42871,-0.25,-115,2646,0.00,97,139,67,156.68,103.64,0,0,0,0,0,0,0,0,0,0,0,0,0,0,0,0,0,0,0,0,0,0,0,0,0,0,0,0,0,0,0,0
42907,-0.31,31,4095,0.00,97,139,67,156.68,103.64,0,0,0,0,0,0,0,0,0,0,0,0,0,0,0,0,0,0,0,0,0,0,0,0,0,0,0,0,0,0,0,0
42943,-0.21,379,4095,0.00,97,139,67,156.68,103.64,0,0,0,0,0,0,0,0,0,0,0,0,0,0,0,0,0,0,0,0,0,0,0,0,0,0,0,0,0,0,0,0
42979,-0.30,784,4095,0.00,97,139,67,156.68,103.64,0,0,0,0,0,0,0,0,0,0,0,0,0,0,0,0,0,0,0,0,0,0,0,0,0,0,0,0,0,0,0,0
43015,-0.20,1073,4095,0.00,97,139,67,156.68,103.64,0,0,0,0,0,0,0,0,0,0,0,0,0,0,0,0,0,0,0,0,0,0,0,0,0,0,0,0,0,0,0,0
43051,-0.22,1204,4095,0.00,97,139,67,156.68,103.64,0,0,0,0,0,0,0,0,0,0,0,0,0,0,0,0,0,0,0,0,0,0,0,0,0,0,0,0,0,0,0,0
43087,-0.20,1207,4095,0.00,97,139,67,156.68,103.64,0,0,0,0,0,0,0,0,0,0,0,0,0,0,0,0,0,0,0,0,0,0,0,0,0,0,0,0,0,0,0,0
43123,-0.26,1045,2805,0.00,97,139,67,156.68,103.64,0,0,0,0,0,0,0,0,0,0,0,0,0,0,0,0,0,0,0,0,0,0,0,0,0,0,0,0,0,0,0,0
43159,-0.33,584,1412,0.00,97,139,67,156.68,103.64,0,0,0,0,0,0,0,0,0,0,0,0,0,0,0,0,0,0,0,0,0,0,0,0,0,0,0,0,0,0,0,0
43195,-0.25,-127,1508,0.00,97,139,67,156.68,103.64,0,0,0,0,0,0,0,0,0,0,0,0,0,0,0,0,0,0,0,0,0,0,0,0,0,0,0,0,0,0,0,0
43231,-0.23,-755,2210,0.00,97,139,67,156.68,103.64,0,0,0,0,0,0,0,0,0,0,0,0,0,0,0,0,0,0,0,0,0,0,0,0,0,0,0,0,0,0,0,0
43267,-0.10,-1014,2799,0.00,97,139,67,156.68,103.64,0,0,0,0,0,0,0,0,0,0,0,0,0,0,0,0,0,0,0,0,0,0,0,0,0,0,0,0,0,0,0,0
43303,-0.17,-901,2992,0.00,97,139,67,156.68,103.64,0,0,0,0,0,0,0,0,0,0,0,0,0,0,0,0,0,0,0,0,0,0,0,0,0,0,0,0,0,0,0,0
43339,-0.19,-607,2848,0.00,97,139,67,156.68,103.64,0,0,0,0,0,0,0,0,0,0,0,0,0,0,0,0,0,0,0,0,0,0,0,0,0,0,0,0,0,0,0,0
43375,-0.21,-337,2666,0.00,97,139,67,156.68,103.64,0,0,0,0,0,0,0,0,0,0,0,0,0,0,0,0,0,0,0,0,0,0,0,0,0,0,0,0,0,0,0,0
43411,-0.22,-188,2559,0.00,97,139,67,156.68,103.64,0,0,0,0,0,0,0,0,0,0,0,0,0,0,0,0,0,0,0,0,0,0,0,0,0,0,0,0,0,0,0,0
43447,-0.24,-148,2609,0.00,97,139,67,156.68,103.64,0,0,0,0,0,0,0,0,0,0,0,0,0,0,0,0,0,0,0,0,0,0,0,0,0,0,0,0,0,0,0,0
43483,-0.18,-161,2559,0.00,97,139,67,156.68,103.64,0,0,0,0,0,0,0,0,0,0,0,0,0,0,0,0,0,0,0,0,0,0,0,0,0,0,0,0,0,0,0,0
43519,-0.12,-195,2487,0.00,97,139,67,156.68,103.64,0,0,0,0,0,0,0,0,0,0,0,0,0,0,0,0,0,0,0,0,0,0,0,0,0,0,0,0,0,0,0,0
43555,-0.15,-237,2443,0.00,97,139,67,156.68,103.64,0,0,0,0,0,0,0,0,0,0,0,0,0,0,0,0,0,0,0,0,0,0,0,0,0,0,0,0,0,0,0,0
43591,-0.18,-274,2431,0.00,97,139,67,156.68,103.64,0,0,0,0,0,0,0,0,0,0,0,0,0,0,0,0,0,0,0,0,0,0,0,0,0,0,0,0,0,0,0,0
43627,-0.29,-296,2432,0.00,97,139,67,156.68,103.64,0,0,0,0,0,0,0,0,0,0,0,0,0,0,0,0,0,0,0,0,0,0,0,0,0,0,0,0,0,0,0,0
43663,-0.19,-297,2438,0.00,97,139,67,156.68,103.64,0,0,0,0,0,0,0,0,0,0,0,0,0,0,0,0,0,0,0,0,0,0,0,0,0,0,0,0,0,0,0,0
43699,-0.15,-281,2447,0.00,97,139,67,156.68,103.64,0,0,0,0,0,0,0,0,0,0,0,0,0,0,0,0,0,0,0,0,0,0,0,0,0,0,0,0,0,0,0,0
43735,-0.20,-250,2490,0.00,97,139,67,156.68,103.64,0,0,0,0,0,0,0,0,0,0,0,0,0,0,0,0,0,0,0,0,0,0,0,0,0,0,0,0,0,0,0,0
43771,-0.17,-208,2505,0.00,97,139,67,156.68,103.64,0,0,0,0,0,0,0,0,0,0,0,0,0,0,0,0,0,0,0,0,0,0,0,0,0,0,0,0,0,0,0,0
43807,-0.16,-161,2526,0.00,97,139,67,156.68,103.64,0,0,0,0,0,0,0,0,0,0,0,0,0,0,0,0,0,0,0,0,0,0,0,0,0,0,0,0,0,0,0,0
43843,-0.12,-115,2559,0.00,97,139,67,156.68,103.64,0,0,0,0,0,0,0,0,0,0,0,0,0,0,0,0,0,0,0,0,0,0,0,0,0,0,0,0,0,0,0,0
43879,-0.18,-71,2559,0.00,97,139,67,156.68,103.64,0,0,0,0,0,0,0,0,0,0,0,0,0,0,0,0,0,0,0,0,0,0,0,0,0,0,0,0,0,0,0,0
43915,-0.22,-38,2530,0.00,97,139,67,156.68,103.64,0,0,0,0,0,0,0,0,0,0,0,0,0,0,0,0,0,0,0,0,0,0,0,0,0,0,0,0,0,0,0,0
43951,-0.19,1,2861,0.00,97,139,67,156.68,103.64,0,0,0,0,0,0,0,0,0,0,0,0,0,0,0,0,0,0,0,0,0,0,0,0,0,0,0,0,0,0,0,0
43987,-0.25,155,4095,0.00,97,139,67,156.68,103.64,0,0,0,0,0,0,0,0,0,0,0,0,0,0,0,0,0,0,0,0,0,0,0,0,0,0,0,0,0,0,0,0
44023,-0.16,485,4095,0.00,97,139,67,156.68,103.64,0,0,0,0,0,0,0,0,0,0,0,0,0,0,0,0,0,0,0,0,0,0,0,0,0,0,0,0,0,0,0,0
44059,-0.16,853,4095,0.00,97,139,67,156.68,103.64,0,0,0,0,0,0,0,0,0,0,0,0,0,0,0,0,0,0,0,0,0,0,0,0,0,0,0,0,0,0,0,0
44095,-0.25,1105,4095,0.00,97,139,67,156.68,103.64,0,0,0,0,0,0,0,0,0,0,0,0,0,0,0,0,0,0,0,0,0,0,0,0,0,0,0,0,0,0,0,0
44131,-0.18,1212,4095,0.00,97,139,67,156.68,103.64,0,0,0,0,0,0,0,0,0,0,0,0,0,0,0,0,0,0,0,0,0,0,0,0,0,0,0,0,0,0,0,0
44167,-0.19,1095,2459,0.00,97,139,67,156.68,103.64,0,0,0,0,0,0,0,0,0,0,0,0,0,0,0,0,0,0,0,0,0,0,0,0,0,0,0,0,0,0,0,0
44203,-0.22,641,1724,0.00,97,139,67,156.68,103.64,0,0,0,0,0,0,0,0,0,0,0,0,0,0,0,0,0,0,0,0,0,0,0,0,0,0,0,0,0,0,0,0
44239,-0.11,-6,1986,0.00,97,139,67,156.68,103.64,0,0,0,0,0,0,0,0,0,0,0,0,0,0,0,0,0,0,0,0,0,0,0,0,0,0,0,0,0,0,0,0
44275,-0.20,-513,2559,0.00,97,139,67,156.68,103.64,0,0,0,0,0,0,0,0,0,0,0,0,0,0,0,0,0,0,0,0,0,0,0,0,0,0,0,0,0,0,0,0
44311,-0.23,-686,3024,0.00,97,139,67,156.68,103.64,0,0,0,0,0,0,0,0,0,0,0,0,0,0,0,0,0,0,0,0,0,0,0,0,0,0,0,0,0,0,0,0
44347,-0.10,-567,3061,0.00,97,139,67,156.68,103.64,0,0,0,0,0,0,0,0,0,0,0,0,0,0,0,0,0,0,0,0,0,0,0,0,0,0,0,0,0,0,0,0
44383,-0.25,-343,2807,0.00,97,139,67,156.68,103.64,0,0,0,0,0,0,0,0,0,0,0,0,0,0,0,0,0,0,0,0,0,0,0,0,0,0,0,0,0,0,0,0
44419,-0.16,-185,2548,0.00,97,139,67,156.68,103.64,0,0,0,0,0,0,0,0,0,0,0,0,0,0,0,0,0,0,0,0,0,0,0,0,0,0,0,0,0,0,0,0
44455,-0.25,-154,2432,0.00,97,139,67,156.68,103.64,0,0,0,0,0,0,0,0,0,0,0,0,0,0,0,0,0,0,0,0,0,0,0,0,0,0,0,0,0,0,0,0
44491,-0.28,-207,2458,0.00,97,139,67,156.68,103.64,0,0,0,0,0,0,0,0,0,0,0,0,0,0,0,0,0,0,0,0,0,0,0,0,0,0,0,0,0,0,0,0
44527,-0.34,-272,2512,0.00,97,139,67,156.68,103.64,0,0,0,0,0,0,0,0,0,0,0,0,0,0,0,0,0,0,0,0,0,0,0,0,0,0,0,0,0,0,0,0
44563,-0.21,-300,2624,0.00,97,139,67,156.68,103.64,0,0,0,0,0,0,0,0,0,0,0,0,0,0,0,0,0,0,0,0,0,0,0,0,0,0,0,0,0,0,0,0
44599,-0.22,-272,2753,0.00,97,139,67,156.68,103.64,0,0,0,0,0,0,0,0,0,0,0,0,0,0,0,0,0,0,0,0,0,0,0,0,0,0,0,0,0,0,0,0
44635,-0.20,-193,2877,0.00,97,139,67,156.68,103.64,0,0,0,0,0,0,0,0,0,0,0,0,0,0,0,0,0,0,0,0,0,0,0,0,0,0,0,0,0,0,0,0
44671,-0.18,-85,2928,0.00,97,139,67,156.68,103.64,0,0,0,0,0,0,0,0,0,0,0,0,0,0,0,0,0,0,0,0,0,0,0,0,0,0,0,0,0,0,0,0
44707,-0.32,10,2798,0.00,97,139,67,156.68,103.64,0,0,0,0,0,0,0,0,0,0,0,0,0,0,0,0,0,0,0,0,0,0,0,0,0,0,0,0,0,0,0,0
44743,-0.26,47,2624,0.00,97,139,67,156.68,103.64,0,0,0,0,0,0,0,0,0,0,0,0,0,0,0,0,0,0,0,0,0,0,0,0,0,0,0,0,0,0,0,0
44779,-0.17,13,2503,0.00,97,139,67,156.68,103.64,0,0,0,0,0,0,0,0,0,0,0,0,0,0,0,0,0,0,0,0,0,0,0,0,0,0,0,0,0,0,0,0
44815,-0.28,-68,2453,0.00,97,139,67,156.68,103.64,0,0,0,0,0,0,0,0,0,0,0,0,0,0,0,0,0,0,0,0,0,0,0,0,0,0,0,0,0,0,0,0
44851,-0.32,-154,2467,0.00,97,139,67,156.68,103.64,0,0,0,0,0,0,0,0,0,0,0,0,0,0,0,0,0,0,0,0,0,0,0,0,0,0,0,0,0,0,0,0
44887,-0.17,-210,2511,0.00,97,139,67,156.68,103.64,0,0,0,0,0,0,0,0,0,0,0,0,0,0,0,0,0,0,0,0,0,0,0,0,0,0,0,0,0,0,0,0
44923,-0.21,-223,2544,0.00,97,139,67,156.68,103.64,0,0,0,0,0,0,0,0,0,0,0,0,0,0,0,0,0,0,0,0,0,0,0,0,0,0,0,0,0,0,0,0
44959,-0.31,-174,2995,0.00,97,139,67,156.68,103.64,0,0,0,0,0,0,0,0,0,0,0,0,0,0,0,0,0,0,0,0,0,0,0,0,0,0,0,0,0,0,0,0
44995,-0.18,20,4095,0.00,97,139,67,156.68,103.64,0,0,0,0,0,0,0,0,0,0,0,0,0,0,0,0,0,0,0,0,0,0,0,0,0,0,0,0,0,0,0,0
45031,-0.21,384,4095,0.00,97,139,67,156.68,103.64,0,0,0,0,0,0,0,0,0,0,0,0,0,0,0,0,0,0,0,0,0,0,0,0,0,0,0,0,0,0,0,0
45067,-0.24,766,4095,0.00,97,139,67,156.68,103.64,0,0,0,0,0,0,0,0,0,0,0,0,0,0,0,0,0,0,0,0,0,0,0,0,0,0,0,0,0,0,0,0
45103,-0.16,1022,4095,0.00,97,139,67,156.68,103.64,0,0,0,0,0,0,0,0,0,0,0,0,0,0,0,0,0,0,0,0,0,0,0,0,0,0,0,0,0,0,0,0
45139,-0.22,1129,4095,0.00,97,139,67,156.68,103.64,0,0,0,0,0,0,0,0,0,0,0,0,0,0,0,0,0,0,0,0,0,0,0,0,0,0,0,0,0,0,0,0
45175,-0.21,1052,3071,0.00,97,139,67,156.68,103.64,0,0,0,0,0,0,0,0,0,0,0,0,0,0,0,0,0,0,0,0,0,0,0,0,0,0,0,0,0,0,0,0
45211,-0.26,684,1761,0.00,97,139,67,156.68,103.64,0,0,0,0,0,0,0,0,0,0,0,0,0,0,0,0,0,0,0,0,0,0,0,0,0,0,0,0,0,0,0,0
45247,-0.29,50,1619,0.00,97,139,67,156.68,103.64,0,0,0,0,0,0,0,0,0,0,0,0,0,0,0,0,0,0,0,0,0,0,0,0,0,0,0,0,0,0,0,0
45283,-0.23,-566,2157,0.00,97,139,67,156.68,103.64,0,0,0,0,0,0,0,0,0,0,0,0,0,0,0,0,0,0,0,0,0,0,0,0,0,0,0,0,0,0,0,0
45319,-0.22,-889,2686,0.00,97,139,67,156.68,103.64,0,0,0,0,0,0,0,0,0,0,0,0,0,0,0,0,0,0,0,0,0,0,0,0,0,0,0,0,0,0,0,0
45355,-0.28,-868,2903,0.00,97,139,67,156.68,103.64,0,0,0,0,0,0,0,0,0,0,0,0,0,0,0,0,0,0,0,0,0,0,0,0,0,0,0,0,0,0,0,0
45391,-0.22,-651,2765,0.00,97,139,67,156.68,103.64,0,0,0,0,0,0,0,0,0,0,0,0,0,0,0,0,0,0,0,0,0,0,0,0,0,0,0,0,0,0,0,0
45427,-0.38,-428,2528,0.00,97,139,67,156.68,103.64,0,0,0,0,0,0,0,0,0,0,0,0,0,0,0,0,0,0,0,0,0,0,0,0,0,0,0,0,0,0,0,0
45463,-0.22,-305,2443,0.00,97,139,67,156.68,103.64,0,0,0,0,0,0,0,0,0,0,0,0,0,0,0,0,0,0,0,0,0,0,0,0,0,0,0,0,0,0,0,0
45499,-0.30,-272,2494,0.00,97,139,67,156.68,103.64,0,0,0,0,0,0,0,0,0,0,0,0,0,0,0,0,0,0,0,0,0,0,0,0,0,0,0,0,0,0,0,0
45535,-0.12,-271,2559,0.00,97,139,67,156.68,103.64,0,0,0,0,0,0,0,0,0,0,0,0,0,0,0,0,0,0,0,0,0,0,0,0,0,0,0,0,0,0,0,0
45571,-0.20,-260,2603,0.00,97,139,67,156.68,103.64,0,0,0,0,0,0,0,0,0,0,0,0,0,0,0,0,0,0,0,0,0,0,0,0,0,0,0,0,0,0,0,0
45607,-0.18,-236,2559,0.00,97,139,67,156.68,103.64,0,0,0,0,0,0,0,0,0,0,0,0,0,0,0,0,0,0,0,0,0,0,0,0,0,0,0,0,0,0,0,0
45643,-0.20,-210,2544,0.00,97,139,67,156.68,103.64,0,0,0,0,0,0,0,0,0,0,0,0,0,0,0,0,0,0,0,0,0,0,0,0,0,0,0,0,0,0,0,0
45679,-0.51,-192,2514,0.00,97,139,67,156.68,103.64,0,0,0,0,0,0,0,0,0,0,0,0,0,0,0,0,0,0,0,0,0,0,0,0,0,0,0,0,0,0,0,0
45715,1.58,-185,2448,0.00,97,139,67,156.68,103.64,0,0,0,0,0,0,0,0,0,0,0,0,0,0,0,0,0,0,0,0,0,0,0,0,0,0,0,0,0,0,0,0
45751,1.75,-191,2427,0.00,97,139,67,156.68,103.64,0,0,0,0,0,0,0,0,0,0,0,0,0,0,0,0,0,0,0,0,0,0,0,0,0,0,0,0,0,0,0,0
45787,1.97,-197,2475,0.00,97,139,67,156.68,103.64,0,0,0,0,0,0,0,0,0,0,0,0,0,0,0,0,0,0,0,0,0,0,0,0,0,0,0,0,0,0,0,0
45823,1.90,-182,2585,0.00,97,139,67,156.68,103.64,0,0,0,0,0,0,0,0,0,0,0,0,0,0,0,0,0,0,0,0,0,0,0,0,0,0,0,0,0,0,0,0
45859,3.60,-137,2646,0.00,97,139,67,156.68,103.64,0,0,0,0,0,0,0,0,0,0,0,0,0,0,0,0,0,0,0,0,0,0,0,0,0,0,0,0,0,0,0,0
45895,0.69,-71,2667,0.00,97,139,67,156.68,103.64,0,0,0,0,0,0,0,0,0,0,0,0,0,0,0,0,0,0,0,0,0,0,0,0,0,0,0,0,0,0,0,0
45931,0.90,-5,2695,0.00,97,139,67,156.68,103.64,0,0,0,0,0,0,0,0,0,0,0,0,0,0,0,0,0,0,0,0,0,0,0,0,0,0,0,0,0,0,0,0
45967,4.60,49,2702,0.00,97,139,67,156.68,103.64,0,0,0,0,0,0,0,0,0,0,0,0,0,0,0,0,0,0,0,0,0,0,0,0,0,0,0,0,0,0,0,0
46003,3.89,87,2713,0.00,97,139,67,156.68,103.64,0,0,0,0,0,0,0,0,0,0,0,0,0,0,0,0,0,0,0,0,0,0,0,0,0,0,0,0,0,0,0,0
46039,1.30,110,2713,0.00,97,139,67,156.68,103.64,0,0,0,0,0,0,0,0,0,0,0,0,0,0,0,0,0,0,0,0,0,0,0,0,0,0,0,0,0,0,0,0
46075,3.71,171,3487,0.00,97,139,67,156.68,103.64,0,0,0,0,0,0,0,0,0,0,0,0,0,0,0,0,0,0,0,0,0,0,0,0,0,0,0,0,0,0,0,0
46111,3.96,364,4095,0.00,97,139,67,156.68,103.64,0,0,0,0,0,0,0,0,0,0,0,0,0,0,0,0,0,0,0,0,0,0,0,0,0,0,0,0,0,0,0,0
46147,0.51,671,4095,0.00,97,139,67,156.68,103.64,0,0,0,0,0,0,0,0,0,0,0,0,0,0,0,0,0,0,0,0,0,0,0,0,0,0,0,0,0,0,0,0
46183,5.23,953,4095,0.00,97,139,67,156.68,103.64,0,0,0,0,0,0,0,0,0,0,0,0,0,0,0,0,0,0,0,0,0,0,0,0,0,0,0,0,0,0,0,0
46219,2.52,1119,4095,0.00,97,139,67,156.68,103.64,0,0,0,0,0,0,0,0,0,0,0,0,0,0,0,0,0,0,0,0,0,0,0,0,0,0,0,0,0,0,0,0
46255,3.43,1163,4095,0.00,97,139,67,156.68,103.64,0,0,0,0,0,0,0,0,0,0,0,0,0,0,0,0,0,0,0,0,0,0,0,0,0,0,0,0,0,0,0,0
46291,4.73,1117,4095,0.00,97,139,67,156.68,103.64,0,0,0,0,0,0,0,0,0,0,0,0,0,0,0,0,0,0,0,0,0,0,0,0,0,0,0,0,0,0,0,0
46327,1.12,911,2395,0.00,97,139,67,156.68,103.64,0,0,0,0,0,0,0,0,0,0,0,0,0,0,0,0,0,0,0,0,0,0,0,0,0,0,0,0,0,0,0,0
46363,5.82,419,1763,0.00,97,139,67,156.68,103.64,0,0,0,0,0,0,0,0,0,0,0,0,0,0,0,0,0,0,0,0,0,0,0,0,0,0,0,0,0,0,0,0
46399,2.73,-208,2240,0.00,97,139,67,156.68,103.64,0,0,0,0,0,0,0,0,0,0,0,0,0,0,0,0,0,0,0,0,0,0,0,0,0,0,0,0,0,0,0,0
46435,5.16,-638,2886,0.00,97,139,67,156.68,103.64,0,0,0,0,0,0,0,0,0,0,0,0,0,0,0,0,0,0,0,0,0,0,0,0,0,0,0,0,0,0,0,0
46471,4.59,-721,3169,0.00,97,139,67,156.68,103.64,0,0,0,0,0,0,0,0,0,0,0,0,0,0,0,0,0,0,0,0,0,0,0,0,0,0,0,0,0,0,0,0
46507,2.37,-566,3008,0.00,97,139,67,156.68,103.64,0,0,0,0,0,0,0,0,0,0,0,0,0,0,0,0,0,0,0,0,0,0,0,0,0,0,0,0,0,0,0,0
46543,6.26,-375,2759,0.00,97,139,67,156.68,103.64,0,0,0,0,0,0,0,0,0,0,0,0,0,0,0,0,0,0,0,0,0,0,0,0,0,0,0,0,0,0,0,0
46579,2.88,-273,2609,0.00,97,139,67,156.68,103.64,0,0,0,0,0,0,0,0,0,0,0,0,0,0,0,0,0,0,0,0,0,0,0,0,0,0,0,0,0,0,0,0
46615,6.43,-269,2559,0.00,97,139,67,156.68,103.64,0,0,0,0,0,0,0,0,0,0,0,0,0,0,0,0,0,0,0,0,0,0,0,0,0,0,0,0,0,0,0,0
46651,4.65,-308,2669,0.00,97,139,67,156.68,103.64,0,0,0,0,0,0,0,0,0,0,0,0,0,0,0,0,0,0,0,0,0,0,0,0,0,0,0,0,0,0,0,0
46687,4.00,-330,2736,0.00,97,139,67,156.68,103.64,0,0,0,0,0,0,0,0,0,0,0,0,0,0,0,0,0,0,0,0,0,0,0,0,0,0,0,0,0,0,0,0
46723,6.49,-318,2709,0.00,97,139,67,156.68,103.64,0,0,0,0,0,0,0,0,0,0,0,0,0,0,0,0,0,0,0,0,0,0,0,0,0,0,0,0,0,0,0,0
46759,2.92,-294,2634,0.00,97,139,67,156.68,103.64,0,0,0,0,0,0,0,0,0,0,0,0,0,0,0,0,0,0,0,0,0,0,0,0,0,0,0,0,0,0,0,0
46795,7.03,-281,2586,0.00,97,139,67,156.68,103.64,0,0,0,0,0,0,0,0,0,0,0,0,0,0,0,0,0,0,0,0,0,0,0,0,0,0,0,0,0,0,0,0
46831,4.26,-278,2608,0.00,97,139,67,156.68,103.64,0,0,0,0,0,0,0,0,0,0,0,0,0,0,0,0,0,0,0,0,0,0,0,0,0,0,0,0,0,0,0,0
46867,4.79,-274,2606,0.00,97,139,67,156.68,103.64,0,0,0,0,0,0,0,0,0,0,0,0,0,0,0,0,0,0,0,0,0,0,0,0,0,0,0,0,0,0,0,0
46903,6.11,-266,2559,0.00,97,139,67,156.68,103.64,0,0,0,0,0,0,0,0,0,0,0,0,0,0,0,0,0,0,0,0,0,0,0,0,0,0,0,0,0,0,0,0
46939,2.54,-256,2582,0.00,97,139,67,156.68,103.64,0,0,0,0,0,0,0,0,0,0,0,0,0,0,0,0,0,0,0,0,0,0,0,0,0,0,0,0,0,0,0,0
46975,6.83,-238,2640,0.00,97,139,67,156.68,103.64,0,0,0,0,0,0,0,0,0,0,0,0,0,0,0,0,0,0,0,0,0,0,0,0,0,0,0,0,0,0,0,0
47011,4.07,-204,2677,0.00,97,139,67,156.68,103.64,0,0,0,0,0,0,0,0,0,0,0,0,0,0,0,0,0,0,0,0,0,0,0,0,0,0,0,0,0,0,0,0
47047,6.17,-160,2661,0.00,97,139,67,156.68,103.64,0,0,0,0,0,0,0,0,0,0,0,0,0,0,0,0,0,0,0,0,0,0,0,0,0,0,0,0,0,0,0,0
47083,6.08,-118,2685,0.00,97,139,67,156.68,103.64,0,0,0,0,0,0,0,0,0,0,0,0,0,0,0,0,0,0,0,0,0,0,0,0,0,0,0,0,0,0,0,0
47119,3.38,-79,2751,0.00,97,139,67,156.68,103.64,0,0,0,0,0,0,0,0,0,0,0,0,0,0,0,0,0,0,0,0,0,0,0,0,0,0,0,0,0,0,0,0
47155,6.92,-39,2744,0.00,97,139,67,156.68,103.64,0,0,0,0,0,0,0,0,0,0,0,0,0,0,0,0,0,0,0,0,0,0,0,0,0,0,0,0,0,0,0,0
47191,3.38,9,2979,0.00,97,139,67,156.68,103.64,0,0,0,0,0,0,0,0,0,0,0,0,0,0,0,0,0,0,0,0,0,0,0,0,0,0,0,0,0,0,0,0
47227,8.22,150,4095,0.00,97,139,67,156.68,103.64,0,0,0,0,0,0,0,0,0,0,0,0,0,0,0,0,0,0,0,0,0,0,0,0,0,0,0,0,0,0,0,0
47263,4.75,442,4095,0.00,97,139,67,156.68,103.64,0,0,0,0,0,0,0,0,0,0,0,0,0,0,0,0,0,0,0,0,0,0,0,0,0,0,0,0,0,0,0,0
47299,7.20,765,4095,0.00,97,139,67,156.68,103.64,0,0,0,0,0,0,0,0,0,0,0,0,0,0,0,0,0,0,0,0,0,0,0,0,0,0,0,0,0,0,0,0
47335,5.93,986,4095,0.00,97,139,67,156.68,103.64,0,0,0,0,0,0,0,0,0,0,0,0,0,0,0,0,0,0,0,0,0,0,0,0,0,0,0,0,0,0,0,0
47371,5.89,1078,4095,0.00,97,139,67,156.68,103.64,0,0,0,0,0,0,0,0,0,0,0,0,0,0,0,0,0,0,0,0,0,0,0,0,0,0,0,0,0,0,0,0
47407,7.36,1066,4095,0.00,97,139,67,156.68,103.64,0,0,0,0,0,0,0,0,0,0,0,0,0,0,0,0,0,0,0,0,0,0,0,0,0,0,0,0,0,0,0,0
47443,3.98,889,2542,0.00,97,139,67,156.68,103.64,0,0,0,0,0,0,0,0,0,0,0,0,0,0,0,0,0,0,0,0,0,0,0,0,0,0,0,0,0,0,0,0
47479,8.39,433,1857,0.00,97,139,67,156.68,103.64,0,0,0,0,0,0,0,0,0,0,0,0,0,0,0,0,0,0,0,0,0,0,0,0,0,0,0,0,0,0,0,0
47515,4.72,-175,2160,0.00,97,139,67,156.68,103.64,0,0,0,0,0,0,0,0,0,0,0,0,0,0,0,0,0,0,0,0,0,0,0,0,0,0,0,0,0,0,0,0
47551,8.67,-631,2688,0.00,97,139,67,156.68,103.64,0,0,0,0,0,0,0,0,0,0,0,0,0,0,0,0,0,0,0,0,0,0,0,0,0,0,0,0,0,0,0,0
47587,5.94,-777,2950,0.00,97,139,67,156.68,103.64,0,0,0,0,0,0,0,0,0,0,0,0,0,0,0,0,0,0,0,0,0,0,0,0,0,0,0,0,0,0,0,0
47623,7.89,-685,2833,0.00,97,139,67,156.68,103.64,0,0,0,0,0,0,0,0,0,0,0,0,0,0,0,0,0,0,0,0,0,0,0,0,0,0,0,0,0,0,0,0
47659,7.57,-534,2536,0.00,97,139,67,156.68,103.64,0,0,0,0,0,0,0,0,0,0,0,0,0,0,0,0,0,0,0,0,0,0,0,0,0,0,0,0,0,0,0,0
47695,5.39,-451,2365,0.00,97,139,67,156.68,103.64,0,0,0,0,0,0,0,0,0,0,0,0,0,0,0,0,0,0,0,0,0,0,0,0,0,0,0,0,0,0,0,0
47731,8.59,-450,2358,0.00,97,139,67,156.68,103.64,0,0,0,0,0,0,0,0,0,0,0,0,0,0,0,0,0,0,0,0,0,0,0,0,0,0,0,0,0,0,0,0
47767,5.04,-478,2418,0.00,97,139,67,156.68,103.64,0,0,0,0,0,0,0,0,0,0,0,0,0,0,0,0,0,0,0,0,0,0,0,0,0,0,0,0,0,0,0,0
47803,9.83,-486,2475,0.00,97,139,67,156.68,103.64,0,0,0,0,0,0,0,0,0,0,0,0,0,0,0,0,0,0,0,0,0,0,0,0,0,0,0,0,0,0,0,0
47839,6.56,-463,2427,0.00,97,139,67,156.68,103.64,0,0,0,0,0,0,0,0,0,0,0,0,0,0,0,0,0,0,0,0,0,0,0,0,0,0,0,0,0,0,0,0
47875,8.47,-430,2371,0.00,97,139,67,156.68,103.64,0,0,0,0,0,0,0,0,0,0,0,0,0,0,0,0,0,0,0,0,0,0,0,0,0,0,0,0,0,0,0,0
47911,7.91,-401,2381,0.00,97,139,67,156.68,103.64,0,0,0,0,0,0,0,0,0,0,0,0,0,0,0,0,0,0,0,0,0,0,0,0,0,0,0,0,0,0,0,0
47947,6.74,-372,2381,0.00,97,139,67,156.68,103.64,0,0,0,0,0,0,0,0,0,0,0,0,0,0,0,0,0,0,0,0,0,0,0,0,0,0,0,0,0,0,0,0
47983,9.48,-340,2384,0.00,97,139,67,156.68,103.64,0,0,0,0,0,0,0,0,0,0,0,0,0,0,0,0,0,0,0,0,0,0,0,0,0,0,0,0,0,0,0,0
48019,5.47,-300,2461,0.00,97,139,67,156.68,103.64,0,0,0,0,0,0,0,0,0,0,0,0,0,0,0,0,0,0,0,0,0,0,0,0,0,0,0,0,0,0,0,0
48055,10.08,-246,2512,0.00,97,139,67,156.68,103.64,0,0,0,0,0,0,0,0,0,0,0,0,0,0,0,0,0,0,0,0,0,0,0,0,0,0,0,0,0,0,0,0
48091,7.02,-179,2557,0.00,97,139,67,156.68,103.64,0,0,0,0,0,0,0,0,0,0,0,0,0,0,0,0,0,0,0,0,0,0,0,0,0,0,0,0,0,0,0,0
48127,8.83,-106,2614,0.00,97,139,67,156.68,103.64,0,0,0,0,0,0,0,0,0,0,0,0,0,0,0,0,0,0,0,0,0,0,0,0,0,0,0,0,0,0,0,0
48163,8.48,-33,2671,0.00,97,139,67,156.68,103.64,0,0,0,0,0,0,0,0,0,0,0,0,0,0,0,0,0,0,0,0,0,0,0,0,0,0,0,0,0,0,0,0
48199,6.40,36,2723,0.00,97,139,67,156.68,103.64,0,0,0,0,0,0,0,0,0,0,0,0,0,0,0,0,0,0,0,0,0,0,0,0,0,0,0,0,0,0,0,0
48235,10.02,177,3973,0.00,97,139,67,156.68,103.64,0,0,0,0,0,0,0,0,0,0,0,0,0,0,0,0,0,0,0,0,0,0,0,0,0,0,0,0,0,0,0,0
48271,6.33,475,4095,0.00,97,139,67,156.68,103.64,0,0,0,0,0,0,0,0,0,0,0,0,0,0,0,0,0,0,0,0,0,0,0,0,0,0,0,0,0,0,0,0
48307,10.27,831,4095,0.00,97,139,67,156.68,103.64,0,0,0,0,0,0,0,0,0,0,0,0,0,0,0,0,0,0,0,0,0,0,0,0,0,0,0,0,0,0,0,0
48343,8.03,1092,4095,0.00,97,139,67,156.68,103.64,0,0,0,0,0,0,0,0,0,0,0,0,0,0,0,0,0,0,0,0,0,0,0,0,0,0,0,0,0,0,0,0
48379,8.56,1214,4095,0.00,97,139,67,156.68,103.64,0,0,0,0,0,0,0,0,0,0,0,0,0,0,0,0,0,0,0,0,0,0,0,0,0,0,0,0,0,0,0,0
48415,9.99,1217,4095,0.00,97,139,67,156.68,103.64,0,0,0,0,0,0,0,0,0,0,0,0,0,0,0,0,0,0,0,0,0,0,0,0,0,0,0,0,0,0,0,0
48451,6.29,1031,2351,0.00,97,139,67,156.68,103.64,0,0,0,0,0,0,0,0,0,0,0,0,0,0,0,0,0,0,0,0,0,0,0,0,0,0,0,0,0,0,0,0
48487,10.81,526,1563,0.00,97,139,67,156.68,103.64,0,0,0,0,0,0,0,0,0,0,0,0,0,0,0,0,0,0,0,0,0,0,0,0,0,0,0,0,0,0,0,0
48523,7.83,-164,1791,0.00,97,139,67,156.68,103.64,0,0,0,0,0,0,0,0,0,0,0,0,0,0,0,0,0,0,0,0,0,0,0,0,0,0,0,0,0,0,0,0
48559,10.59,-704,2341,0.00,97,139,67,156.68,103.64,0,0,0,0,0,0,0,0,0,0,0,0,0,0,0,0,0,0,0,0,0,0,0,0,0,0,0,0,0,0,0,0
48595,9.95,-904,2673,0.00,97,139,67,156.68,103.64,0,0,0,0,0,0,0,0,0,0,0,0,0,0,0,0,0,0,0,0,0,0,0,0,0,0,0,0,0,0,0,0
48631,7.45,-817,2671,0.00,97,139,67,156.68,103.64,0,0,0,0,0,0,0,0,0,0,0,0,0,0,0,0,0,0,0,0,0,0,0,0,0,0,0,0,0,0,0,0
48667,11.29,-619,2491,0.00,97,139,67,156.68,103.64,0,0,0,0,0,0,0,0,0,0,0,0,0,0,0,0,0,0,0,0,0,0,0,0,0,0,0,0,0,0,0,0
48703,8.06,-454,2378,0.00,97,139,67,156.68,103.64,0,0,0,0,0,0,0,0,0,0,0,0,0,0,0,0,0,0,0,0,0,0,0,0,0,0,0,0,0,0,0,0
48739,11.97,-364,2411,0.00,97,139,67,156.68,103.64,0,0,0,0,0,0,0,0,0,0,0,0,0,0,0,0,0,0,0,0,0,0,0,0,0,0,0,0,0,0,0,0
48775,10.14,-316,2498,0.00,97,139,67,156.68,103.64,0,0,0,0,0,0,0,0,0,0,0,0,0,0,0,0,0,0,0,0,0,0,0,0,0,0,0,0,0,0,0,0
48811,8.73,-272,2555,0.00,97,139,67,156.68,103.64,0,0,0,0,0,0,0,0,0,0,0,0,0,0,0,0,0,0,0,0,0,0,0,0,0,0,0,0,0,0,0,0
48847,11.64,-222,2559,0.00,97,139,67,156.68,103.64,0,0,0,0,0,0,0,0,0,0,0,0,0,0,0,0,0,0,0,0,0,0,0,0,0,0,0,0,0,0,0,0
48883,8.31,-168,2653,0.00,97,139,67,156.68,103.64,0,0,0,0,0,0,0,0,0,0,0,0,0,0,0,0,0,0,0,0,0,0,0,0,0,0,0,0,0,0,0,0
48919,12.91,-106,2706,0.00,97,139,67,156.68,103.64,0,0,0,0,0,0,0,0,0,0,0,0,0,0,0,0,0,0,0,0,0,0,0,0,0,0,0,0,0,0,0,0
48955,10.54,-44,2674,0.00,97,139,67,156.68,103.64,0,0,0,0,0,0,0,0,0,0,0,0,0,0,0,0,0,0,0,0,0,0,0,0,0,0,0,0,0,0,0,0
48991,9.71,-4,2589,0.00,97,139,67,156.68,103.64,0,0,0,0,0,0,0,0,0,0,0,0,0,0,0,0,0,0,0,0,0,0,0,0,0,0,0,0,0,0,0,0
49027,12.24,5,2596,0.00,97,139,67,156.68,103.64,0,0,0,0,0,0,0,0,0,0,0,0,0,0,0,0,0,0,0,0,0,0,0,0,0,0,0,0,0,0,0,0
49063,8.93,-1,2615,0.00,97,139,67,156.68,103.64,0,0,0,0,0,0,0,0,0,0,0,0,0,0,0,0,0,0,0,0,0,0,0,0,0,0,0,0,0,0,0,0
49099,13.61,-8,2583,0.00,97,139,67,156.68,103.64,0,0,0,0,0,0,0,0,0,0,0,0,0,0,0,0,0,0,0,0,0,0,0,0,0,0,0,0,0,0,0,0
49135,11.16,-12,2622,0.00,97,139,67,156.68,103.64,0,0,0,0,0,0,0,0,0,0,0,0,0,0,0,0,0,0,0,0,0,0,0,0,0,0,0,0,0,0,0,0
49171,10.29,-6,2663,0.00,97,139,67,156.68,103.64,0,0,0,0,0,0,0,0,0,0,0,0,0,0,0,0,0,0,0,0,0,0,0,0,0,0,0,0,0,0,0,0
49207,12.90,15,2718,0.00,97,139,67,156.68,103.64,0,0,0,0,0,0,0,0,0,0,0,0,0,0,0,0,0,0,0,0,0,0,0,0,0,0,0,0,0,0,0,0
49243,9.71,47,2704,0.00,97,139,67,156.68,103.64,0,0,0,0,0,0,0,0,0,0,0,0,0,0,0,0,0,0,0,0,0,0,0,0,0,0,0,0,0,0,0,0
49279,14.28,97,3035,0.00,97,139,67,156.68,103.64,0,0,0,0,0,0,0,0,0,0,0,0,0,0,0,0,0,0,0,0,0,0,0,0,0,0,0,0,0,0,0,0
49315,12.07,249,4095,0.00,97,139,67,156.68,103.64,0,0,0,0,0,0,0,0,0,0,0,0,0,0,0,0,0,0,0,0,0,0,0,0,0,0,0,0,0,0,0,0
49351,10.63,547,4095,0.00,97,139,67,156.68,103.64,0,0,0,0,0,0,0,0,0,0,0,0,0,0,0,0,0,0,0,0,0,0,0,0,0,0,0,0,0,0,0,0
49387,13.75,869,4095,0.00,97,139,67,156.68,103.64,0,0,0,0,0,0,0,0,0,0,0,0,0,0,0,0,0,0,0,0,0,0,0,0,0,0,0,0,0,0,0,0
49423,10.72,1082,4095,0.00,97,139,67,156.68,103.64,0,0,0,0,0,0,0,0,0,0,0,0,0,0,0,0,0,0,0,0,0,0,0,0,0,0,0,0,0,0,0,0
49459,14.56,1163,4095,0.00,97,139,67,156.68,103.64,0,0,0,0,0,0,0,0,0,0,0,0,0,0,0,0,0,0,0,0,0,0,0,0,0,0,0,0,0,0,0,0
49495,13.26,1141,4095,0.00,97,139,67,156.68,103.64,0,0,0,0,0,0,0,0,0,0,0,0,0,0,0,0,0,0,0,0,0,0,0,0,0,0,0,0,0,0,0,0
49531,10.61,1055,4095,0.00,97,139,67,156.68,103.64,0,0,0,0,0,0,0,0,0,0,0,0,0,0,0,0,0,0,0,0,0,0,0,0,0,0,0,0,0,0,0,0
49567,14.80,941,4095,0.00,97,139,67,156.68,103.64,0,0,0,0,0,0,0,0,0,0,0,0,0,0,0,0,0,0,0,0,0,0,0,0,0,0,0,0,0,0,0,0
49603,12.05,753,3023,0.00,97,139,67,156.68,103.64,0,0,0,0,0,0,0,0,0,0,0,0,0,0,0,0,0,0,0,0,0,0,0,0,0,0,0,0,0,0,0,0
49639,14.21,387,2355,0.00,97,139,67,156.68,103.64,0,0,0,0,0,0,0,0,0,0,0,0,0,0,0,0,0,0,0,0,0,0,0,0,0,0,0,0,0,0,0,0
49675,14.76,-93,2555,0.00,97,139,67,156.68,103.64,0,0,0,0,0,0,0,0,0,0,0,0,0,0,0,0,0,0,0,0,0,0,0,0,0,0,0,0,0,0,0,0
49711,11.31,-473,2921,0.00,97,139,67,156.68,103.64,0,0,0,0,0,0,0,0,0,0,0,0,0,0,0,0,0,0,0,0,0,0,0,0,0,0,0,0,0,0,0,0
49747,15.58,-624,3089,0.00,97,139,67,156.68,103.64,0,0,0,0,0,0,0,0,0,0,0,0,0,0,0,0,0,0,0,0,0,0,0,0,0,0,0,0,0,0,0,0
49783,13.79,-591,3058,0.00,97,139,67,156.68,103.64,0,0,0,0,0,0,0,0,0,0,0,0,0,0,0,0,0,0,0,0,0,0,0,0,0,0,0,0,0,0,0,0
49819,13.06,-488,2960,0.00,97,139,67,156.68,103.64,0,0,0,0,0,0,0,0,0,0,0,0,0,0,0,0,0,0,0,0,0,0,0,0,0,0,0,0,0,0,0,0
49855,16.37,-403,2863,0.00,97,139,67,156.68,103.64,0,0,0,0,0,0,0,0,0,0,0,0,0,0,0,0,0,0,0,0,0,0,0,0,0,0,0,0,0,0,0,0
49891,13.28,-367,2784,0.00,97,139,67,156.68,103.64,0,0,0,0,0,0,0,0,0,0,0,0,0,0,0,0,0,0,0,0,0,0,0,0,0,0,0,0,0,0,0,0
49927,15.71,-374,2766,0.00,97,139,67,156.68,103.64,0,0,0,0,0,0,0,0,0,0,0,0,0,0,0,0,0,0,0,0,0,0,0,0,0,0,0,0,0,0,0,0
49963,15.84,-397,2734,0.00,97,139,67,156.68,103.64,0,0,0,0,0,0,0,0,0,0,0,0,0,0,0,0,0,0,0,0,0,0,0,0,0,0,0,0,0,0,0,0
49999,12.47,-424,2642,0.00,97,139,67,156.68,103.64,0,0,0,0,0,0,0,0,0,0,0,0,0,0,0,0,0,0,0,0,0,0,0,0,0,0,0,0,0,0,0,0
50035,17.35,-457,2547,0.00,97,139,67,156.68,103.64,0,0,0,0,0,0,0,0,0,0,0,0,0,0,0,0,0,0,0,0,0,0,0,0,0,0,0,0,0,0,0,0
50071,15.15,-493,2507,0.00,97,139,67,156.68,103.64,0,0,0,0,0,0,0,0,0,0,0,0,0,0,0,0,0,0,0,0,0,0,0,0,0,0,0,0,0,0,0,0
50107,14.19,-520,2515,0.00,97,139,67,156.68,103.64,0,0,0,0,0,0,0,0,0,0,0,0,0,0,0,0,0,0,0,0,0,0,0,0,0,0,0,0,0,0,0,0
50143,17.80,-523,2544,0.00,97,139,67,156.68,103.64,0,0,0,0,0,0,0,0,0,0,0,0,0,0,0,0,0,0,0,0,0,0,0,0,0,0,0,0,0,0,0,0
50179,14.68,-500,2527,0.00,97,139,67,156.68,103.64,0,0,0,0,0,0,0,0,0,0,0,0,0,0,0,0,0,0,0,0,0,0,0,0,0,0,0,0,0,0,0,0
50215,15.84,-464,2511,0.00,97,139,67,156.68,103.64,0,0,0,0,0,0,0,0,0,0,0,0,0,0,0,0,0,0,0,0,0,0,0,0,0,0,0,0,0,0,0,0
50251,17.32,-425,2497,0.00,97,139,67,156.68,103.64,0,0,0,0,0,0,0,0,0,0,0,0,0,0,0,0,0,0,0,0,0,0,0,0,0,0,0,0,0,0,0,0
50287,14.33,-387,2502,0.00,97,139,67,156.68,103.64,0,0,0,0,0,0,0,0,0,0,0,0,0,0,0,0,0,0,0,0,0,0,0,0,0,0,0,0,0,0,0,0
50323,18.41,-350,2518,0.00,97,139,67,156.68,103.64,0,0,0,0,0,0,0,0,0,0,0,0,0,0,0,0,0,0,0,0,0,0,0,0,0,0,0,0,0,0,0,0
50359,17.41,-272,3113,0.00,97,139,67,156.68,103.64,0,0,0,0,0,0,0,0,0,0,0,0,0,0,0,0,0,0,0,0,0,0,0,0,0,0,0,0,0,0,0,0
50395,14.17,-53,4095,0.00,97,139,67,156.68,103.64,0,0,0,0,0,0,0,0,0,0,0,0,0,0,0,0,0,0,0,0,0,0,0,0,0,0,0,0,0,0,0,0
50431,19.02,323,4095,0.00,97,139,67,156.68,103.64,0,0,0,0,0,0,0,0,0,0,0,0,0,0,0,0,0,0,0,0,0,0,0,0,0,0,0,0,0,0,0,0
50467,17.06,704,4095,0.00,97,139,67,156.68,103.64,0,0,0,0,0,0,0,0,0,0,0,0,0,0,0,0,0,0,0,0,0,0,0,0,0,0,0,0,0,0,0,0
50503,15.41,957,4095,0.00,97,139,67,156.68,103.64,0,0,0,0,0,0,0,0,0,0,0,0,0,0,0,0,0,0,0,0,0,0,0,0,0,0,0,0,0,0,0,0
50539,19.77,1064,4095,0.00,97,139,67,156.68,103.64,0,0,0,0,0,0,0,0,0,0,0,0,0,0,0,0,0,0,0,0,0,0,0,0,0,0,0,0,0,0,0,0
50575,17.11,1016,3451,0.00,97,139,67,156.68,103.64,0,0,0,0,0,0,0,0,0,0,0,0,0,0,0,0,0,0,0,0,0,0,0,0,0,0,0,0,0,0,0,0
50611,17.37,735,2224,0.00,97,139,67,156.68,103.64,0,0,0,0,0,0,0,0,0,0,0,0,0,0,0,0,0,0,0,0,0,0,0,0,0,0,0,0,0,0,0,0
50647,20.24,229,2213,0.00,97,139,67,156.68,103.64,0,0,0,0,0,0,0,0,0,0,0,0,0,0,0,0,0,0,0,0,0,0,0,0,0,0,0,0,0,0,0,0
50683,17.14,-265,2739,0.00,97,139,67,156.68,103.64,0,0,0,0,0,0,0,0,0,0,0,0,0,0,0,0,0,0,0,0,0,0,0,0,0,0,0,0,0,0,0,0
50719,18.26,-510,3155,0.00,97,139,67,156.68,103.64,0,0,0,0,0,0,0,0,0,0,0,0,0,0,0,0,0,0,0,0,0,0,0,0,0,0,0,0,0,0,0,0
50755,20.16,-489,3165,0.00,97,139,67,156.68,103.64,0,0,0,0,0,0,0,0,0,0,0,0,0,0,0,0,0,0,0,0,0,0,0,0,0,0,0,0,0,0,0,0
50791,17.22,-350,2935,0.00,97,139,67,156.68,103.64,0,0,0,0,0,0,0,0,0,0,0,0,0,0,0,0,0,0,0,0,0,0,0,0,0,0,0,0,0,0,0,0
50827,19.91,-249,2643,0.00,97,139,67,156.68,103.64,0,0,0,0,0,0,0,0,0,0,0,0,0,0,0,0,0,0,0,0,0,0,0,0,0,0,0,0,0,0,0,0
50863,20.75,-251,2453,0.00,97,139,67,156.68,103.64,0,0,0,0,0,0,0,0,0,0,0,0,0,0,0,0,0,0,0,0,0,0,0,0,0,0,0,0,0,0,0,0
50899,17.65,-330,2454,0.00,97,139,67,156.68,103.64,0,0,0,0,0,0,0,0,0,0,0,0,0,0,0,0,0,0,0,0,0,0,0,0,0,0,0,0,0,0,0,0
50935,20.80,-414,2522,0.00,97,139,67,156.68,103.64,0,0,0,0,0,0,0,0,0,0,0,0,0,0,0,0,0,0,0,0,0,0,0,0,0,0,0,0,0,0,0,0
50971,21.10,-455,2544,0.00,97,139,67,156.68,103.64,0,0,0,0,0,0,0,0,0,0,0,0,0,0,0,0,0,0,0,0,0,0,0,0,0,0,0,0,0,0,0,0
51007,17.91,-448,2547,0.00,97,139,67,156.68,103.64,0,0,0,0,0,0,0,0,0,0,0,0,0,0,0,0,0,0,0,0,0,0,0,0,0,0,0,0,0,0,0,0
51043,21.35,-411,2544,0.00,97,139,67,156.68,103.64,0,0,0,0,0,0,0,0,0,0,0,0,0,0,0,0,0,0,0,0,0,0,0,0,0,0,0,0,0,0,0,0
51079,21.20,-364,2529,0.00,97,139,67,156.68,103.64,0,0,0,0,0,0,0,0,0,0,0,0,0,0,0,0,0,0,0,0,0,0,0,0,0,0,0,0,0,0,0,0
51115,18.33,-321,2496,0.00,97,139,67,156.68,103.64,0,0,0,0,0,0,0,0,0,0,0,0,0,0,0,0,0,0,0,0,0,0,0,0,0,0,0,0,0,0,0,0
51151,22.87,-290,2455,0.00,97,139,67,156.68,103.64,0,0,0,0,0,0,0,0,0,0,0,0,0,0,0,0,0,0,0,0,0,0,0,0,0,0,0,0,0,0,0,0
51187,21.75,-267,2512,0.00,97,139,67,156.68,103.64,0,0,0,0,0,0,0,0,0,0,0,0,0,0,0,0,0,0,0,0,0,0,0,0,0,0,0,0,0,0,0,0
51223,18.47,-241,2491,0.00,97,139,67,156.68,103.64,0,0,0,0,0,0,0,0,0,0,0,0,0,0,0,0,0,0,0,0,0,0,0,0,0,0,0,0,0,0,0,0
51259,23.39,-211,2509,0.00,97,139,67,156.68,103.64,0,0,0,0,0,0,0,0,0,0,0,0,0,0,0,0,0,0,0,0,0,0,0,0,0,0,0,0,0,0,0,0
51295,21.38,-178,2519,0.00,97,139,67,156.68,103.64,0,0,0,0,0,0,0,0,0,0,0,0,0,0,0,0,0,0,0,0,0,0,0,0,0,0,0,0,0,0,0,0
51331,19.86,-142,2559,0.00,97,139,67,156.68,103.64,0,0,0,0,0,0,0,0,0,0,0,0,0,0,0,0,0,0,0,0,0,0,0,0,0,0,0,0,0,0,0,0
51367,24.18,-53,3312,0.00,97,139,67,156.68,103.64,0,0,0,0,0,0,0,0,0,0,0,0,0,0,0,0,0,0,0,0,0,0,0,0,0,0,0,0,0,0,0,0
51403,21.41,183,4095,0.00,97,139,67,156.68,103.64,0,0,0,0,0,0,0,0,0,0,0,0,0,0,0,0,0,0,0,0,0,0,0,0,0,0,0,0,0,0,0,0
51439,21.84,554,4095,0.00,97,139,67,156.68,103.64,0,0,0,0,0,0,0,0,0,0,0,0,0,0,0,0,0,0,0,0,0,0,0,0,0,0,0,0,0,0,0,0
51475,24.67,905,4095,0.00,97,139,67,156.68,103.64,0,0,0,0,0,0,0,0,0,0,0,0,0,0,0,0,0,0,0,0,0,0,0,0,0,0,0,0,0,0,0,0
51511,21.68,1124,4095,0.00,97,139,67,156.68,103.64,0,0,0,0,0,0,0,0,0,0,0,0,0,0,0,0,0,0,0,0,0,0,0,0,0,0,0,0,0,0,0,0
51547,22.97,1201,4095,0.00,97,139,67,156.68,103.64,0,0,0,0,0,0,0,0,0,0,0,0,0,0,0,0,0,0,0,0,0,0,0,0,0,0,0,0,0,0,0,0
51583,24.73,1114,3198,0.00,97,139,67,156.68,103.64,0,0,0,0,0,0,0,0,0,0,0,0,0,0,0,0,0,0,0,0,0,0,0,0,0,0,0,0,0,0,0,0
51619,21.83,783,2197,0.00,97,139,67,156.68,103.64,0,0,0,0,0,0,0,0,0,0,0,0,0,0,0,0,0,0,0,0,0,0,0,0,0,0,0,0,0,0,0,0
51655,25.01,248,2170,0.00,97,139,67,156.68,103.64,0,0,0,0,0,0,0,0,0,0,0,0,0,0,0,0,0,0,0,0,0,0,0,0,0,0,0,0,0,0,0,0
51691,25.56,-251,2627,0.00,97,139,67,156.68,103.64,0,0,0,0,0,0,0,0,0,0,0,0,0,0,0,0,0,0,0,0,0,0,0,0,0,0,0,0,0,0,0,0
51727,22.47,-502,3011,0.00,97,139,67,156.68,103.64,0,0,0,0,0,0,0,0,0,0,0,0,0,0,0,0,0,0,0,0,0,0,0,0,0,0,0,0,0,0,0,0
51763,25.76,-489,3106,0.00,97,139,67,156.68,103.64,0,0,0,0,0,0,0,0,0,0,0,0,0,0,0,0,0,0,0,0,0,0,0,0,0,0,0,0,0,0,0,0
51799,26.02,-342,2969,0.00,97,139,67,156.68,103.64,0,0,0,0,0,0,0,0,0,0,0,0,0,0,0,0,0,0,0,0,0,0,0,0,0,0,0,0,0,0,0,0
51835,22.91,-204,2771,0.00,97,139,67,156.68,103.64,0,0,0,0,0,0,0,0,0,0,0,0,0,0,0,0,0,0,0,0,0,0,0,0,0,0,0,0,0,0,0,0
51871,26.33,-151,2640,0.00,97,139,67,156.68,103.64,0,0,0,0,0,0,0,0,0,0,0,0,0,0,0,0,0,0,0,0,0,0,0,0,0,0,0,0,0,0,0,0
51907,26.40,-172,2619,0.00,97,139,67,156.68,103.64,0,0,0,0,0,0,0,0,0,0,0,0,0,0,0,0,0,0,0,0,0,0,0,0,0,0,0,0,0,0,0,0
51943,23.62,-222,2647,0.00,97,139,67,156.68,103.64,0,0,0,0,0,0,0,0,0,0,0,0,0,0,0,0,0,0,0,0,0,0,0,0,0,0,0,0,0,0,0,0
51979,27.41,-259,2651,0.00,97,139,67,156.68,103.64,0,0,0,0,0,0,0,0,0,0,0,0,0,0,0,0,0,0,0,0,0,0,0,0,0,0,0,0,0,0,0,0
52015,27.44,-274,2621,0.00,97,139,67,156.68,103.64,0,0,0,0,0,0,0,0,0,0,0,0,0,0,0,0,0,0,0,0,0,0,0,0,0,0,0,0,0,0,0,0
52051,24.41,-275,2601,0.00,97,139,67,156.68,103.64,0,0,0,0,0,0,0,0,0,0,0,0,0,0,0,0,0,0,0,0,0,0,0,0,0,0,0,0,0,0,0,0
52087,27.87,-269,2558,0.00,97,139,67,156.68,103.64,0,0,0,0,0,0,0,0,0,0,0,0,0,0,0,0,0,0,0,0,0,0,0,0,0,0,0,0,0,0,0,0
52123,28.21,-263,2550,0.00,97,139,67,156.68,103.64,0,0,0,0,0,0,0,0,0,0,0,0,0,0,0,0,0,0,0,0,0,0,0,0,0,0,0,0,0,0,0,0
52159,25.35,-255,2543,0.00,97,139,67,156.68,103.64,0,0,0,0,0,0,0,0,0,0,0,0,0,0,0,0,0,0,0,0,0,0,0,0,0,0,0,0,0,0,0,0
52195,27.60,-242,2555,0.00,97,139,67,156.68,103.64,0,0,0,0,0,0,0,0,0,0,0,0,0,0,0,0,0,0,0,0,0,0,0,0,0,0,0,0,0,0,0,0
52231,28.91,-219,2608,0.00,97,139,67,156.68,103.64,0,0,0,0,0,0,0,0,0,0,0,0,0,0,0,0,0,0,0,0,0,0,0,0,0,0,0,0,0,0,0,0
52267,26.22,-183,2621,0.00,97,139,67,156.68,103.64,0,0,0,0,0,0,0,0,0,0,0,0,0,0,0,0,0,0,0,0,0,0,0,0,0,0,0,0,0,0,0,0
52303,28.04,-143,2603,0.00,97,139,67,156.68,103.64,0,0,0,0,0,0,0,0,0,0,0,0,0,0,0,0,0,0,0,0,0,0,0,0,0,0,0,0,0,0,0,0
52339,30.33,-112,2559,0.00,97,139,67,156.68,103.64,0,0,0,0,0,0,0,0,0,0,0,0,0,0,0,0,0,0,0,0,0,0,0,0,0,0,0,0,0,0,0,0
52375,27.62,-96,2545,0.00,97,139,67,156.68,103.64,0,0,0,0,0,0,0,0,0,0,0,0,0,0,0,0,0,0,0,0,0,0,0,0,0,0,0,0,0,0,0,0
52411,28.07,-84,2640,0.00,97,139,67,156.68,103.64,0,0,0,0,0,0,0,0,0,0,0,0,0,0,0,0,0,0,0,0,0,0,0,0,0,0,0,0,0,0,0,0
52447,31.73,14,3829,0.00,97,139,67,156.68,103.64,0,0,0,0,0,0,0,0,0,0,0,0,0,0,0,0,0,0,0,0,0,0,0,0,0,0,0,0,0,0,0,0
52483,29.17,295,4095,0.00,97,139,67,156.68,103.64,0,0,0,0,0,0,0,0,0,0,0,0,0,0,0,0,0,0,0,0,0,0,0,0,0,0,0,0,0,0,0,0
52519,27.20,668,4095,0.00,97,139,67,156.68,103.64,0,0,0,0,0,0,0,0,0,0,0,0,0,0,0,0,0,0,0,0,0,0,0,0,0,0,0,0,0,0,0,0
52555,32.34,966,4095,0.00,97,139,67,156.68,103.64,0,0,0,0,0,0,0,0,0,0,0,0,0,0,0,0,0,0,0,0,0,0,0,0,0,0,0,0,0,0,0,0
52591,30.75,1124,4095,0.00,97,139,67,156.68,103.64,0,0,0,0,0,0,0,0,0,0,0,0,0,0,0,0,0,0,0,0,0,0,0,0,0,0,0,0,0,0,0,0
52627,28.20,1155,4095,0.00,97,139,67,156.68,103.64,0,0,0,0,0,0,0,0,0,0,0,0,0,0,0,0,0,0,0,0,0,0,0,0,0,0,0,0,0,0,0,0
52663,32.38,1098,4095,0.00,97,139,67,156.68,103.64,0,0,0,0,0,0,0,0,0,0,0,0,0,0,0,0,0,0,0,0,0,0,0,0,0,0,0,0,0,0,0,0
52699,32.55,891,2462,0.00,97,139,67,156.68,103.64,0,0,0,0,0,0,0,0,0,0,0,0,0,0,0,0,0,0,0,0,0,0,0,0,0,0,0,0,0,0,0,0
52735,30.12,412,1840,0.00,97,139,67,156.68,103.64,0,0,0,0,0,0,0,0,0,0,0,0,0,0,0,0,0,0,0,0,0,0,0,0,0,0,0,0,0,0,0,0
52771,31.77,-204,2162,0.00,97,139,67,156.68,103.64,0,0,0,0,0,0,0,0,0,0,0,0,0,0,0,0,0,0,0,0,0,0,0,0,0,0,0,0,0,0,0,0
52807,34.65,-655,2655,0.00,97,139,67,156.68,103.64,0,0,0,0,0,0,0,0,0,0,0,0,0,0,0,0,0,0,0,0,0,0,0,0,0,0,0,0,0,0,0,0
52843,32.26,-802,2826,0.00,97,139,67,156.68,103.64,0,0,0,0,0,0,0,0,0,0,0,0,0,0,0,0,0,0,0,0,0,0,0,0,0,0,0,0,0,0,0,0
52879,30.87,-730,2637,0.00,97,139,67,156.68,103.64,0,0,0,0,0,0,0,0,0,0,0,0,0,0,0,0,0,0,0,0,0,0,0,0,0,0,0,0,0,0,0,0
52915,36.06,-610,2414,0.00,97,139,67,156.68,103.64,0,0,0,0,0,0,0,0,0,0,0,0,0,0,0,0,0,0,0,0,0,0,0,0,0,0,0,0,0,0,0,0
52951,34.67,-539,2350,0.00,97,139,67,156.68,103.64,0,0,0,0,0,0,0,0,0,0,0,0,0,0,0,0,0,0,0,0,0,0,0,0,0,0,0,0,0,0,0,0
52987,32.22,-518,2342,0.00,97,139,67,156.68,103.64,0,0,0,0,0,0,0,0,0,0,0,0,0,0,0,0,0,0,0,0,0,0,0,0,0,0,0,0,0,0,0,0
53023,34.48,-513,2384,0.00,97,139,67,156.68,103.64,0,0,0,0,0,0,0,0,0,0,0,0,0,0,0,0,0,0,0,0,0,0,0,0,0,0,0,0,0,0,0,0
53059,37.04,-494,2432,0.00,97,139,67,156.68,103.64,0,0,0,0,0,0,0,0,0,0,0,0,0,0,0,0,0,0,0,0,0,0,0,0,0,0,0,0,0,0,0,0
53095,34.62,-453,2448,0.00,97,139,67,156.68,103.64,0,0,0,0,0,0,0,0,0,0,0,0,0,0,0,0,0,0,0,0,0,0,0,0,0,0,0,0,0,0,0,0
53131,32.43,-400,2415,0.00,97,139,67,156.68,103.64,0,0,0,0,0,0,0,0,0,0,0,0,0,0,0,0,0,0,0,0,0,0,0,0,0,0,0,0,0,0,0,0
53167,37.59,-354,2368,0.00,97,139,67,156.68,103.64,0,0,0,0,0,0,0,0,0,0,0,0,0,0,0,0,0,0,0,0,0,0,0,0,0,0,0,0,0,0,0,0
53203,37.50,-323,2343,0.00,97,139,67,156.68,103.64,0,0,0,0,0,0,0,0,0,0,0,0,0,0,0,0,0,0,0,0,0,0,0,0,0,0,0,0,0,0,0,0
53239,35.12,-302,2342,0.00,97,139,67,156.68,103.64,0,0,0,0,0,0,0,0,0,0,0,0,0,0,0,0,0,0,0,0,0,0,0,0,0,0,0,0,0,0,0,0
53275,35.03,-283,2354,0.00,97,139,67,156.68,103.64,0,0,0,0,0,0,0,0,0,0,0,0,0,0,0,0,0,0,0,0,0,0,0,0,0,0,0,0,0,0,0,0
53311,39.44,-259,2355,0.00,97,139,67,156.68,103.64,0,0,0,0,0,0,0,0,0,0,0,0,0,0,0,0,0,0,0,0,0,0,0,0,0,0,0,0,0,0,0,0
53347,38.04,-230,2347,0.00,97,139,67,156.68,103.64,0,0,0,0,0,0,0,0,0,0,0,0,0,0,0,0,0,0,0,0,0,0,0,0,0,0,0,0,0,0,0,0
53383,36.08,-201,2323,0.00,97,139,67,156.68,103.64,0,0,0,0,0,0,0,0,0,0,0,0,0,0,0,0,0,0,0,0,0,0,0,0,0,0,0,0,0,0,0,0
53419,37.76,-174,2346,0.00,97,139,67,156.68,103.64,0,0,0,0,0,0,0,0,0,0,0,0,0,0,0,0,0,0,0,0,0,0,0,0,0,0,0,0,0,0,0,0
53455,40.84,-81,3359,0.00,97,139,67,156.68,103.64,0,0,0,0,0,0,0,0,0,0,0,0,0,0,0,0,0,0,0,0,0,0,0,0,0,0,0,0,0,0,0,0
53491,39.30,194,4095,0.00,97,139,67,156.68,103.64,0,0,0,0,0,0,0,0,0,0,0,0,0,0,0,0,0,0,0,0,0,0,0,0,0,0,0,0,0,0,0,0
53527,37.35,616,4095,0.00,97,139,67,156.68,103.64,0,0,0,0,0,0,0,0,0,0,0,0,0,0,0,0,0,0,0,0,0,0,0,0,0,0,0,0,0,0,0,0
53563,39.69,1003,4095,0.00,97,139,67,156.68,103.64,0,0,0,0,0,0,0,0,0,0,0,0,0,0,0,0,0,0,0,0,0,0,0,0,0,0,0,0,0,0,0,0
53599,42.41,1240,4095,0.00,97,139,67,156.68,103.64,0,0,0,0,0,0,0,0,0,0,0,0,0,0,0,0,0,0,0,0,0,0,0,0,0,0,0,0,0,0,0,0
53635,40.76,1219,2529,0.00,97,139,67,156.68,103.64,0,0,0,0,0,0,0,0,0,0,0,0,0,0,0,0,0,0,0,0,0,0,0,0,0,0,0,0,0,0,0,0
53671,38.95,807,1472,0.00,97,139,67,156.68,103.64,0,0,0,0,0,0,0,0,0,0,0,0,0,0,0,0,0,0,0,0,0,0,0,0,0,0,0,0,0,0,0,0
53707,41.08,109,1427,0.00,97,139,67,156.68,103.64,0,0,0,0,0,0,0,0,0,0,0,0,0,0,0,0,0,0,0,0,0,0,0,0,0,0,0,0,0,0,0,0
53743,44.11,-529,1987,0.00,97,139,67,156.68,103.64,0,0,0,0,0,0,0,0,0,0,0,0,0,0,0,0,0,0,0,0,0,0,0,0,0,0,0,0,0,0,0,0
53779,42.60,-844,2456,0.00,97,139,67,156.68,103.64,0,0,0,0,0,0,0,0,0,0,0,0,0,0,0,0,0,0,0,0,0,0,0,0,0,0,0,0,0,0,0,0
53815,40.85,-822,2510,0.00,97,139,67,156.68,103.64,0,0,0,0,0,0,0,0,0,0,0,0,0,0,0,0,0,0,0,0,0,0,0,0,0,0,0,0,0,0,0,0
53851,41.47,-632,2327,0.00,97,139,67,156.68,103.64,0,0,0,0,0,0,0,0,0,0,0,0,0,0,0,0,0,0,0,0,0,0,0,0,0,0,0,0,0,0,0,0
53887,45.71,-452,2129,0.00,97,139,67,156.68,103.64,0,0,0,0,0,0,0,0,0,0,0,0,0,0,0,0,0,0,0,0,0,0,0,0,0,0,0,0,0,0,0,0
53923,45.09,-358,2070,0.00,97,139,67,156.68,103.64,0,0,0,0,0,0,0,0,0,0,0,0,0,0,0,0,0,0,0,0,0,0,0,0,0,0,0,0,0,0,0,0
53959,43.31,-330,2118,0.00,97,139,67,156.68,103.64,0,0,0,0,0,0,0,0,0,0,0,0,0,0,0,0,0,0,0,0,0,0,0,0,0,0,0,0,0,0,0,0
53995,41.79,-318,2179,0.00,97,139,67,156.68,103.64,0,0,0,0,0,0,0,0,0,0,0,0,0,0,0,0,0,0,0,0,0,0,0,0,0,0,0,0,0,0,0,0
54031,46.58,-289,2266,0.00,97,139,67,156.68,103.64,0,0,0,0,0,0,0,0,0,0,0,0,0,0,0,0,0,0,0,0,0,0,0,0,0,0,0,0,0,0,0,0
54067,47.73,-234,2304,0.00,97,139,67,156.68,103.64,0,0,0,0,0,0,0,0,0,0,0,0,0,0,0,0,0,0,0,0,0,0,0,0,0,0,0,0,0,0,0,0
54103,45.50,-166,2287,0.00,97,139,67,156.68,103.64,0,0,0,0,0,0,0,0,0,0,0,0,0,0,0,0,0,0,0,0,0,0,0,0,0,0,0,0,0,0,0,0
54139,43.48,-107,2274,0.00,97,139,67,156.68,103.64,0,0,0,0,0,0,0,0,0,0,0,0,0,0,0,0,0,0,0,0,0,0,0,0,0,0,0,0,0,0,0,0
54175,47.91,-65,2279,0.00,97,139,67,156.68,103.64,0,0,0,0,0,0,0,0,0,0,0,0,0,0,0,0,0,0,0,0,0,0,0,0,0,0,0,0,0,0,0,0
54211,49.55,-33,2321,0.00,97,139,67,156.68,103.64,0,0,0,0,0,0,0,0,0,0,0,0,0,0,0,0,0,0,0,0,0,0,0,0,0,0,0,0,0,0,0,0
54247,47.51,-2,2357,0.00,97,139,67,156.68,103.64,0,0,0,0,0,0,0,0,0,0,0,0,0,0,0,0,0,0,0,0,0,0,0,0,0,0,0,0,0,0,0,0
54283,45.78,31,2370,0.00,97,139,67,156.68,103.64,0,0,0,0,0,0,0,0,0,0,0,0,0,0,0,0,0,0,0,0,0,0,0,0,0,0,0,0,0,0,0,0
54319,48.90,60,2327,0.00,97,139,67,156.68,103.64,0,0,0,0,0,0,0,0,0,0,0,0,0,0,0,0,0,0,0,0,0,0,0,0,0,0,0,0,0,0,0,0
54355,52.17,106,2778,0.00,97,139,67,156.68,103.64,0,0,0,0,0,0,0,0,0,0,0,0,0,0,0,0,0,0,0,0,0,0,0,0,0,0,0,0,0,0,0,0
54391,50.37,286,4095,0.00,97,139,67,156.68,103.64,0,0,0,0,0,0,0,0,0,0,0,0,0,0,0,0,0,0,0,0,0,0,0,0,0,0,0,0,0,0,0,0
54427,48.65,658,4095,0.00,97,139,67,156.68,103.64,0,0,0,0,0,0,0,0,0,0,0,0,0,0,0,0,0,0,0,0,0,0,0,0,0,0,0,0,0,0,0,0
54463,49.04,1065,4095,0.00,97,139,67,156.68,103.64,0,0,0,0,0,0,0,0,0,0,0,0,0,0,0,0,0,0,0,0,0,0,0,0,0,0,0,0,0,0,0,0
54499,53.86,1338,4095,0.00,97,139,67,156.68,103.64,0,0,0,0,0,0,0,0,0,0,0,0,0,0,0,0,0,0,0,0,0,0,0,0,0,0,0,0,0,0,0,0
54535,53.36,1449,4095,0.00,97,139,67,156.68,103.64,0,0,0,0,0,0,0,0,0,0,0,0,0,0,0,0,0,0,0,0,0,0,0,0,0,0,0,0,0,0,0,0
54571,51.42,1361,3056,0.00,97,139,67,156.68,103.64,0,0,0,0,0,0,0,0,0,0,0,0,0,0,0,0,0,0,0,0,0,0,0,0,0,0,0,0,0,0,0,0
54607,50.05,978,1860,0.00,97,139,67,156.68,103.64,0,0,0,0,0,0,0,0,0,0,0,0,0,0,0,0,0,0,0,0,0,0,0,0,0,0,0,0,0,0,0,0
54643,52.67,350,1866,0.00,97,139,67,156.68,103.64,0,0,0,0,0,0,0,0,0,0,0,0,0,0,0,0,0,0,0,0,0,0,0,0,0,0,0,0,0,0,0,0
54679,56.30,-234,2433,0.00,97,139,67,156.68,103.64,0,0,0,0,0,0,0,0,0,0,0,0,0,0,0,0,0,0,0,0,0,0,0,0,0,0,0,0,0,0,0,0
54715,54.96,-524,2879,0.00,97,139,67,156.68,103.64,0,0,0,0,0,0,0,0,0,0,0,0,0,0,0,0,0,0,0,0,0,0,0,0,0,0,0,0,0,0,0,0
54751,53.44,-507,2969,0.00,97,139,67,156.68,103.64,0,0,0,0,0,0,0,0,0,0,0,0,0,0,0,0,0,0,0,0,0,0,0,0,0,0,0,0,0,0,0,0
54787,52.12,-344,2717,0.00,97,139,67,156.68,103.64,0,0,0,0,0,0,0,0,0,0,0,0,0,0,0,0,0,0,0,0,0,0,0,0,0,0,0,0,0,0,0,0
54823,54.83,-212,2477,0.00,97,139,67,156.68,103.64,0,0,0,0,0,0,0,0,0,0,0,0,0,0,0,0,0,0,0,0,0,0,0,0,0,0,0,0,0,0,0,0
54859,58.39,-178,2415,0.00,97,139,67,156.68,103.64,0,0,0,0,0,0,0,0,0,0,0,0,0,0,0,0,0,0,0,0,0,0,0,0,0,0,0,0,0,0,0,0
54895,58.02,-209,2467,0.00,97,139,67,156.68,103.64,0,0,0,0,0,0,0,0,0,0,0,0,0,0,0,0,0,0,0,0,0,0,0,0,0,0,0,0,0,0,0,0
54931,56.43,-240,2617,0.00,97,139,67,156.68,103.64,0,0,0,0,0,0,0,0,0,0,0,0,0,0,0,0,0,0,0,0,0,0,0,0,0,0,0,0,0,0,0,0
54967,55.15,-225,2742,0.00,97,139,67,156.68,103.64,0,0,0,0,0,0,0,0,0,0,0,0,0,0,0,0,0,0,0,0,0,0,0,0,0,0,0,0,0,0,0,0
55003,56.67,-168,2754,0.00,97,139,67,156.68,103.64,0,0,0,0,0,0,0,0,0,0,0,0,0,0,0,0,0,0,0,0,0,0,0,0,0,0,0,0,0,0,0,0
55039,61.08,-101,2707,0.00,97,139,67,156.68,103.64,0,0,0,0,0,0,0,0,0,0,0,0,0,0,0,0,0,0,0,0,0,0,0,0,0,0,0,0,0,0,0,0
55075,61.29,-58,2643,0.00,97,139,67,156.68,103.64,0,0,0,0,0,0,0,0,0,0,0,0,0,0,0,0,0,0,0,0,0,0,0,0,0,0,0,0,0,0,0,0
55111,59.73,-49,2640,0.00,97,139,67,156.68,103.64,0,0,0,0,0,0,0,0,0,0,0,0,0,0,0,0,0,0,0,0,0,0,0,0,0,0,0,0,0,0,0,0
55147,58.58,-59,2622,0.00,97,139,67,156.68,103.64,0,0,0,0,0,0,0,0,0,0,0,0,0,0,0,0,0,0,0,0,0,0,0,0,0,0,0,0,0,0,0,0
55183,57.58,-75,2640,0.00,97,139,67,156.68,103.64,0,0,0,0,0,0,0,0,0,0,0,0,0,0,0,0,0,0,0,0,0,0,0,0,0,0,0,0,0,0,0,0
55219,60.83,-82,2686,0.00,97,139,67,156.68,103.64,0,0,0,0,0,0,0,0,0,0,0,0,0,0,0,0,0,0,0,0,0,0,0,0,0,0,0,0,0,0,0,0
55255,64.16,-72,2751,0.00,97,139,67,156.68,103.64,0,0,0,0,0,0,0,0,0,0,0,0,0,0,0,0,0,0,0,0,0,0,0,0,0,0,0,0,0,0,0,0
55291,64.33,-43,2783,0.00,97,139,67,156.68,103.64,0,0,0,0,0,0,0,0,0,0,0,0,0,0,0,0,0,0,0,0,0,0,0,0,0,0,0,0,0,0,0,0
55327,63.22,-4,2822,0.00,97,139,67,156.68,103.64,0,0,0,0,0,0,0,0,0,0,0,0,0,0,0,0,0,0,0,0,0,0,0,0,0,0,0,0,0,0,0,0
55363,62.15,115,4095,0.00,97,139,67,156.68,103.64,0,0,0,0,0,0,0,0,0,0,0,0,0,0,0,0,0,0,0,0,0,0,0,0,0,0,0,0,0,0,0,0
55399,61.58,394,4095,0.00,97,139,67,156.68,103.64,0,0,0,0,0,0,0,0,0,0,0,0,0,0,0,0,0,0,0,0,0,0,0,0,0,0,0,0,0,0,0,0
55435,64.84,721,4095,0.00,97,139,67,156.68,103.64,0,0,0,0,0,0,0,0,0,0,0,0,0,0,0,0,0,0,0,0,0,0,0,0,0,0,0,0,0,0,0,0
55471,68.34,950,4095,0.00,97,139,67,156.68,103.64,0,0,0,0,0,0,0,0,0,0,0,0,0,0,0,0,0,0,0,0,0,0,0,0,0,0,0,0,0,0,0,0
55507,67.51,1047,4095,0.00,97,139,67,156.68,103.64,0,0,0,0,0,0,0,0,0,0,0,0,0,0,0,0,0,0,0,0,0,0,0,0,0,0,0,0,0,0,0,0
55543,65.97,1038,4095,0.00,97,139,67,156.68,103.64,0,0,0,0,0,0,0,0,0,0,0,0,0,0,0,0,0,0,0,0,0,0,0,0,0,0,0,0,0,0,0,0
55579,64.65,961,4095,0.00,97,139,67,156.68,103.64,0,0,0,0,0,0,0,0,0,0,0,0,0,0,0,0,0,0,0,0,0,0,0,0,0,0,0,0,0,0,0,0
55615,65.78,765,2750,0.00,97,139,67,156.68,103.64,0,0,0,0,0,0,0,0,0,0,0,0,0,0,0,0,0,0,0,0,0,0,0,0,0,0,0,0,0,0,0,0
55651,70.75,323,1791,0.00,97,139,67,156.68,103.64,0,0,0,0,0,0,0,0,0,0,0,0,0,0,0,0,0,0,0,0,0,0,0,0,0,0,0,0,0,0,0,0
55687,69.73,-284,2095,0.00,97,139,67,156.68,103.64,0,0,0,0,0,0,0,0,0,0,0,0,0,0,0,0,0,0,0,0,0,0,0,0,0,0,0,0,0,0,0,0
55723,67.44,-764,2610,0.00,97,139,67,156.68,103.64,0,0,0,0,0,0,0,0,0,0,0,0,0,0,0,0,0,0,0,0,0,0,0,0,0,0,0,0,0,0,0,0
55759,67.70,-932,2915,0.00,97,139,67,156.68,103.64,0,0,0,0,0,0,0,0,0,0,0,0,0,0,0,0,0,0,0,0,0,0,0,0,0,0,0,0,0,0,0,0
55795,72.85,-845,2892,0.00,97,139,67,156.68,103.64,0,0,0,0,0,0,0,0,0,0,0,0,0,0,0,0,0,0,0,0,0,0,0,0,0,0,0,0,0,0,0,0
55831,70.41,-662,2757,0.00,97,139,67,156.68,103.64,0,0,0,0,0,0,0,0,0,0,0,0,0,0,0,0,0,0,0,0,0,0,0,0,0,0,0,0,0,0,0,0
55867,68.33,-507,2710,0.00,97,139,67,156.68,103.64,0,0,0,0,0,0,0,0,0,0,0,0,0,0,0,0,0,0,0,0,0,0,0,0,0,0,0,0,0,0,0,0
55903,75.02,-414,2701,0.00,97,139,67,156.68,103.64,0,0,0,0,0,0,0,0,0,0,0,0,0,0,0,0,0,0,0,0,0,0,0,0,0,0,0,0,0,0,0,0
55939,72.41,-373,2642,0.00,97,139,67,156.68,103.64,0,0,0,0,0,0,0,0,0,0,0,0,0,0,0,0,0,0,0,0,0,0,0,0,0,0,0,0,0,0,0,0
55975,70.40,-366,2629,0.00,97,139,67,156.68,103.64,0,0,0,0,0,0,0,0,0,0,0,0,0,0,0,0,0,0,0,0,0,0,0,0,0,0,0,0,0,0,0,0
56011,77.36,-369,2659,0.00,97,139,67,156.68,103.64,0,0,0,0,0,0,0,0,0,0,0,0,0,0,0,0,0,0,0,0,0,0,0,0,0,0,0,0,0,0,0,0
56047,73.36,-363,2695,0.00,97,139,67,156.68,103.64,0,0,0,0,0,0,0,0,0,0,0,0,0,0,0,0,0,0,0,0,0,0,0,0,0,0,0,0,0,0,0,0
56083,74.49,-343,2657,0.00,97,139,67,156.68,103.64,0,0,0,0,0,0,0,0,0,0,0,0,0,0,0,0,0,0,0,0,0,0,0,0,0,0,0,0,0,0,0,0
56119,76.86,-322,2586,0.00,97,139,67,156.68,103.64,0,0,0,0,0,0,0,0,0,0,0,0,0,0,0,0,0,0,0,0,0,0,0,0,0,0,0,0,0,0,0,0
56155,73.19,-315,2534,0.00,97,139,67,156.68,103.64,0,0,0,0,0,0,0,0,0,0,0,0,0,0,0,0,0,0,0,0,0,0,0,0,0,0,0,0,0,0,0,0
56191,79.93,-318,2545,0.00,97,139,67,156.68,103.64,0,0,0,0,0,0,0,0,0,0,0,0,0,0,0,0,0,0,0,0,0,0,0,0,0,0,0,0,0,0,0,0
56227,74.64,-315,2587,0.00,97,139,67,156.68,103.64,0,0,0,0,0,0,0,0,0,0,0,0,0,0,0,0,0,0,0,0,0,0,0,0,0,0,0,0,0,0,0,0
56263,81.33,-296,2589,0.00,97,139,67,156.68,103.64,0,0,0,0,0,0,0,0,0,0,0,0,0,0,0,0,0,0,0,0,0,0,0,0,0,0,0,0,0,0,0,0
56313,77.18,-269,2529,0.00,97,139,67,156.68,103.64,0,0,0,0,0,0,0,0,0,0,0,0,0,0,0,0,0,0,0,0,0,0,0,0,0,0,0,0,0,0,0,0
56362,83.42,-225,2859,0.00,97,139,67,156.68,103.64,0,0,0,0,0,0,0,0,0,0,0,0,0,0,0,0,0,0,0,0,0,0,0,0,0,0,0,0,0,0,0,0
56411,78.92,-63,4095,0.00,97,139,67,156.68,103.64,0,0,0,0,0,0,0,0,0,0,0,0,0,0,0,0,0,0,0,0,0,0,0,0,0,0,0,0,0,0,0,0
56460,85.49,279,4095,0.00,97,139,67,156.68,103.64,0,0,0,0,0,0,0,0,0,0,0,0,0,0,0,0,0,0,0,0,0,0,0,0,0,0,0,0,0,0,0,0
56509,79.65,662,4095,0.00,97,139,67,156.68,103.64,0,0,0,0,0,0,0,0,0,0,0,0,0,0,0,0,0,0,0,0,0,0,0,0,0,0,0,0,0,0,0,0
56558,86.64,831,2542,0.00,97,139,67,156.68,103.64,0,0,0,0,0,0,0,0,0,0,0,0,0,0,0,0,0,0,0,0,0,0,0,0,0,0,0,0,0,0,0,0
56607,80.46,599,1781,0.00,97,139,67,156.68,103.64,0,0,0,0,0,0,0,0,0,0,0,0,0,0,0,0,0,0,0,0,0,0,0,0,0,0,0,0,0,0,0,0
56656,85.20,114,2449,0.00,97,139,67,156.68,103.64,0,0,0,0,0,0,0,0,0,0,0,0,0,0,0,0,0,0,0,0,0,0,0,0,0,0,0,0,0,0,0,0
56705,88.82,-250,3021,0.00,97,139,67,156.68,103.64,0,0,0,0,0,0,0,0,0,0,0,0,0,0,0,0,0,0,0,0,0,0,0,0,0,0,0,0,0,0,0,0
56754,83.28,-337,3056,0.00,97,139,67,156.68,103.64,0,0,0,0,0,0,0,0,0,0,0,0,0,0,0,0,0,0,0,0,0,0,0,0,0,0,0,0,0,0,0,0
56803,87.31,-261,2767,0.00,97,139,67,156.68,103.64,0,0,0,0,0,0,0,0,0,0,0,0,0,0,0,0,0,0,0,0,0,0,0,0,0,0,0,0,0,0,0,0
56852,91.81,-189,2559,0.00,97,139,67,156.68,103.64,0,0,0,0,0,0,0,0,0,0,0,0,0,0,0,0,0,0,0,0,0,0,0,0,0,0,0,0,0,0,0,0
56901,87.71,-177,2606,0.00,97,139,67,156.68,103.64,0,0,0,0,0,0,0,0,0,0,0,0,0,0,0,0,0,0,0,0,0,0,0,0,0,0,0,0,0,0,0,0
56950,86.40,-195,2595,0.00,97,139,67,156.68,103.64,0,0,0,0,0,0,0,0,0,0,0,0,0,0,0,0,0,0,0,0,0,0,0,0,0,0,0,0,0,0,0,0
56999,90.19,-215,2559,0.00,97,139,67,156.68,103.64,0,0,0,0,0,0,0,0,0,0,0,0,0,0,0,0,0,0,0,0,0,0,0,0,0,0,0,0,0,0,0,0
57048,94.59,-224,2616,0.00,97,139,67,156.68,103.64,0,0,0,0,0,0,0,0,0,0,0,0,0,0,0,0,0,0,0,0,0,0,0,0,0,0,0,0,0,0,0,0
57097,94.88,-214,2640,0.00,97,139,67,156.68,103.64,0,0,0,0,0,0,0,0,0,0,0,0,0,0,0,0,0,0,0,0,0,0,0,0,0,0,0,0,0,0,0,0
57146,89.42,-181,2721,0.00,97,139,67,156.68,103.64,0,0,0,0,0,0,0,0,0,0,0,0,0,0,0,0,0,0,0,0,0,0,0,0,0,0,0,0,0,0,0,0
57195,91.79,-127,2781,0.00,97,139,67,156.68,103.64,0,0,0,0,0,0,0,0,0,0,0,0,0,0,0,0,0,0,0,0,0,0,0,0,0,0,0,0,0,0,0,0
57244,96.53,-61,2832,0.00,97,139,67,156.68,103.64,0,0,0,0,0,0,0,0,0,0,0,0,0,0,0,0,0,0,0,0,0,0,0,0,0,0,0,0,0,0,0,0
57293,99.70,2,2822,0.00,97,139,67,156.68,103.64,0,0,0,0,0,0,0,0,0,0,0,0,0,0,0,0,0,0,0,0,0,0,0,0,0,0,0,0,0,0,0,0
57342,95.34,46,2756,0.00,97,139,67,156.68,103.64,0,0,0,0,0,0,0,0,0,0,0,0,0,0,0,0,0,0,0,0,0,0,0,0,0,0,0,0,0,0,0,0
57391,96.65,78,3034,0.00,97,139,67,156.68,103.64,0,0,0,0,0,0,0,0,0,0,0,0,0,0,0,0,0,0,0,0,0,0,0,0,0,0,0,0,0,0,0,0
57440,101.81,196,4095,0.00,97,139,67,156.68,103.64,0,0,0,0,0,0,0,0,0,0,0,0,0,0,0,0,0,0,0,0,0,0,0,0,0,0,0,0,0,0,0,0
57490,105.00,463,4095,0.00,97,139,67,156.68,103.64,0,0,0,0,0,0,0,0,0,0,0,0,0,0,0,0,0,0,0,0,0,0,0,0,0,0,0,0,0,0,0,0
57540,104.27,764,4095,0.00,97,139,67,156.68,103.64,0,0,0,0,0,0,0,0,0,0,0,0,0,0,0,0,0,0,0,0,0,0,0,0,0,0,0,0,0,0,0,0
57590,102.68,917,3268,0.00,97,139,67,156.68,103.64,0,0,0,0,0,0,0,0,0,0,0,0,0,0,0,0,0,0,0,0,0,0,0,0,0,0,0,0,0,0,0,0
57640,100.25,758,2023,0.00,97,139,67,156.68,103.64,0,0,0,0,0,0,0,0,0,0,0,0,0,0,0,0,0,0,0,0,0,0,0,0,0,0,0,0,0,0,0,0
57690,99.88,315,2333,0.00,97,139,67,156.68,103.64,0,0,0,0,0,0,0,0,0,0,0,0,0,0,0,0,0,0,0,0,0,0,0,0,0,0,0,0,0,0,0,0
57739,103.54,-115,2902,0.00,97,139,67,156.68,103.64,0,0,0,0,0,0,0,0,0,0,0,0,0,0,0,0,0,0,0,0,0,0,0,0,0,0,0,0,0,0,0,0
57789,106.47,-306,3113,0.00,97,139,67,156.68,103.64,0,0,0,0,0,0,0,0,0,0,0,0,0,0,0,0,0,0,0,0,0,0,0,0,0,0,0,0,0,0,0,0
57839,108.78,-287,2981,0.00,97,139,67,156.68,103.64,0,0,0,0,0,0,0,0,0,0,0,0,0,0,0,0,0,0,0,0,0,0,0,0,0,0,0,0,0,0,0,0
57889,111.56,-195,2942,0.00,97,139,67,156.68,103.64,0,0,0,0,0,0,0,0,0,0,0,0,0,0,0,0,0,0,0,0,0,0,0,0,0,0,0,0,0,0,0,0
57939,109.42,-113,2922,0.00,97,139,67,156.68,103.64,0,0,0,0,0,0,0,0,0,0,0,0,0,0,0,0,0,0,0,0,0,0,0,0,0,0,0,0,0,0,0,0
57989,107.09,-63,2928,0.00,97,139,67,156.68,103.64,0,0,0,0,0,0,0,0,0,0,0,0,0,0,0,0,0,0,0,0,0,0,0,0,0,0,0,0,0,0,0,0
58039,105.83,-42,2896,0.00,97,139,67,156.68,103.64,0,0,0,0,0,0,0,0,0,0,0,0,0,0,0,0,0,0,0,0,0,0,0,0,0,0,0,0,0,0,0,0
58089,108.17,-42,2890,0.00,97,139,67,156.68,103.64,0,0,0,0,0,0,0,0,0,0,0,0,0,0,0,0,0,0,0,0,0,0,0,0,0,0,0,0,0,0,0,0
58139,111.58,-52,2887,0.00,97,139,67,156.68,103.64,0,0,0,0,0,0,0,0,0,0,0,0,0,0,0,0,0,0,0,0,0,0,0,0,0,0,0,0,0,0,0,0
58189,115.24,-64,2883,0.00,97,139,67,156.68,103.64,0,0,0,0,0,0,0,0,0,0,0,0,0,0,0,0,0,0,0,0,0,0,0,0,0,0,0,0,0,0,0,0
58239,117.34,-72,2886,0.00,97,139,67,156.68,103.64,0,0,0,0,0,0,0,0,0,0,0,0,0,0,0,0,0,0,0,0,0,0,0,0,0,0,0,0,0,0,0,0
58289,114.65,-77,2869,0.00,97,139,67,156.68,103.64,0,0,0,0,0,0,0,0,0,0,0,0,0,0,0,0,0,0,0,0,0,0,0,0,0,0,0,0,0,0,0,0
58339,111.44,-78,2875,0.00,97,139,67,156.68,103.64,0,0,0,0,0,0,0,0,0,0,0,0,0,0,0,0,0,0,0,0,0,0,0,0,0,0,0,0,0,0,0,0
58389,114.45,-78,2863,0.00,97,139,67,156.68,103.64,0,0,0,0,0,0,0,0,0,0,0,0,0,0,0,0,0,0,0,0,0,0,0,0,0,0,0,0,0,0,0,0
58439,119.51,-79,2834,0.00,97,139,67,156.68,103.64,0,0,0,0,0,0,0,0,0,0,0,0,0,0,0,0,0,0,0,0,0,0,0,0,0,0,0,0,0,0,0,0
58489,123.17,-81,2847,0.00,97,139,67,156.68,103.64,0,0,0,0,0,0,0,0,0,0,0,0,0,0,0,0,0,0,0,0,0,0,0,0,0,0,0,0,0,0,0,0
58539,122.31,-50,3351,0.00,97,139,67,156.68,103.64,0,0,0,0,0,0,0,0,0,0,0,0,0,0,0,0,0,0,0,0,0,0,0,0,0,0,0,0,0,0,0,0
58589,117.32,93,4001,0.00,97,139,67,156.68,103.64,0,0,0,0,0,0,0,0,0,0,0,0,0,0,0,0,0,0,0,0,0,0,0,0,0,0,0,0,0,0,0,0
58639,119.91,341,3858,0.00,97,139,67,156.68,103.64,0,0,0,0,0,0,0,0,0,0,0,0,0,0,0,0,0,0,0,0,0,0,0,0,0,0,0,0,0,0,0,0
58689,124.80,540,3405,0.00,97,139,67,156.68,103.64,0,0,0,0,0,0,0,0,0,0,0,0,0,0,0,0,0,0,0,0,0,0,0,0,0,0,0,0,0,0,0,0
58739,127.83,561,3116,0.00,97,139,67,156.68,103.64,0,0,0,0,0,0,0,0,0,0,0,0,0,0,0,0,0,0,0,0,0,0,0,0,0,0,0,0,0,0,0,0
58789,122.63,419,3002,0.00,97,139,67,156.68,103.64,0,0,0,0,0,0,0,0,0,0,0,0,0,0,0,0,0,0,0,0,0,0,0,0,0,0,0,0,0,0,0,0
58839,122.63,215,3045,0.00,97,139,67,156.68,103.64,0,0,0,0,0,0,0,0,0,0,0,0,0,0,0,0,0,0,0,0,0,0,0,0,0,0,0,0,0,0,0,0
58889,127.47,39,3039,0.00,97,139,67,156.68,103.64,0,0,0,0,0,0,0,0,0,0,0,0,0,0,0,0,0,0,0,0,0,0,0,0,0,0,0,0,0,0,0,0
58939,131.87,-75,3027,0.00,97,139,67,156.68,103.64,0,0,0,0,0,0,0,0,0,0,0,0,0,0,0,0,0,0,0,0,0,0,0,0,0,0,0,0,0,0,0,0
58989,127.27,-142,2928,0.00,97,139,67,156.68,103.64,0,0,0,0,0,0,0,0,0,0,0,0,0,0,0,0,0,0,0,0,0,0,0,0,0,0,0,0,0,0,0,0
59039,126.44,-189,2821,0.00,97,139,67,156.68,103.64,0,0,0,0,0,0,0,0,0,0,0,0,0,0,0,0,0,0,0,0,0,0,0,0,0,0,0,0,0,0,0,0
59089,131.32,-237,2753,0.00,97,139,67,156.68,103.64,0,0,0,0,0,0,0,0,0,0,0,0,0,0,0,0,0,0,0,0,0,0,0,0,0,0,0,0,0,0,0,0
59139,135.67,-276,2863,0.00,97,139,67,156.68,103.64,0,0,0,0,0,0,0,0,0,0,0,0,0,0,0,0,0,0,0,0,0,0,0,0,0,0,0,0,0,0,0,0
59189,128.59,-282,2883,0.00,97,139,67,156.68,103.64,0,0,0,0,0,0,0,0,0,0,0,0,0,0,0,0,0,0,0,0,0,0,0,0,0,0,0,0,0,0,0,0
59239,131.44,-264,2817,0.00,97,139,67,156.68,103.64,0,0,0,0,0,0,0,0,0,0,0,0,0,0,0,0,0,0,0,0,0,0,0,0,0,0,0,0,0,0,0,0
59289,137.51,-248,2751,0.00,97,139,67,156.68,103.64,0,0,0,0,0,0,0,0,0,0,0,0,0,0,0,0,0,0,0,0,0,0,0,0,0,0,0,0,0,0,0,0
59339,137.07,-244,2767,0.00,97,139,67,156.68,103.64,0,0,0,0,0,0,0,0,0,0,0,0,0,0,0,0,0,0,0,0,0,0,0,0,0,0,0,0,0,0,0,0
59389,132.56,-243,2755,0.00,97,139,67,156.68,103.64,0,0,0,0,0,0,0,0,0,0,0,0,0,0,0,0,0,0,0,0,0,0,0,0,0,0,0,0,0,0,0,0
59439,137.24,-241,2699,0.00,97,139,67,156.68,103.64,0,0,0,0,0,0,0,0,0,0,0,0,0,0,0,0,0,0,0,0,0,0,0,0,0,0,0,0,0,0,0,0
59489,143.47,-243,2695,0.00,97,139,67,156.68,103.64,0,0,0,0,0,0,0,0,0,0,0,0,0,0,0,0,0,0,0,0,0,0,0,0,0,0,0,0,0,0,0,0
59539,139.61,-239,2750,0.00,97,139,67,156.68,103.64,0,0,0,0,0,0,0,0,0,0,0,0,0,0,0,0,0,0,0,0,0,0,0,0,0,0,0,0,0,0,0,0
59589,137.62,-218,2798,0.00,97,139,67,156.68,103.64,0,0,0,0,0,0,0,0,0,0,0,0,0,0,0,0,0,0,0,0,0,0,0,0,0,0,0,0,0,0,0,0
59639,142.54,-181,2791,0.00,97,139,67,156.68,103.64,0,0,0,0,0,0,0,0,0,0,0,0,0,0,0,0,0,0,0,0,0,0,0,0,0,0,0,0,0,0,0,0
59689,146.90,-140,2829,0.00,97,139,67,156.68,103.64,0,0,0,0,0,0,0,0,0,0,0,0,0,0,0,0,0,0,0,0,0,0,0,0,0,0,0,0,0,0,0,0
59739,140.37,-97,2861,0.00,97,139,67,156.68,103.64,0,0,0,0,0,0,0,0,0,0,0,0,0,0,0,0,0,0,0,0,0,0,0,0,0,0,0,0,0,0,0,0
59789,142.87,-57,2863,0.00,97,139,67,156.68,103.64,0,0,0,0,0,0,0,0,0,0,0,0,0,0,0,0,0,0,0,0,0,0,0,0,0,0,0,0,0,0,0,0
59839,149.58,-30,2775,0.00,97,139,67,156.68,103.64,0,0,0,0,0,0,0,0,0,0,0,0,0,0,0,0,0,0,0,0,0,0,0,0,0,0,0,0,0,0,0,0
59889,145.82,-22,2831,0.00,97,139,67,156.68,103.64,0,0,0,0,0,0,0,0,0,0,0,0,0,0,0,0,0,0,0,0,0,0,0,0,0,0,0,0,0,0,0,0
59939,144.88,-14,2910,0.00,97,139,67,156.68,103.64,0,0,0,0,0,0,0,0,0,0,0,0,0,0,0,0,0,0,0,0,0,0,0,0,0,0,0,0,0,0,0,0
59989,151.01,7,2947,0.00,97,139,67,156.68,103.64,0,0,0,0,0,0,0,0,0,0,0,0,0,0,0,0,0,0,0,0,0,0,0,0,0,0,0,0,0,0,0,0
60039,151.88,39,2918,0.00,97,139,67,156.68,103.64,0,0,0,0,0,0,0,0,0,0,0,0,0,0,0,0,0,0,0,0,0,0,0,0,0,0,0,0,0,0,0,0
60089,147.13,61,2896,0.00,97,139,67,156.68,103.64,0,0,0,0,0,0,0,0,0,0,0,0,0,0,0,0,0,0,0,0,0,0,0,0,0,0,0,0,0,0,0,0
60139,153.13,71,2928,0.00,97,139,67,156.68,103.64,0,0,0,0,0,0,0,0,0,0,0,0,0,0,0,0,0,0,0,0,0,0,0,0,0,0,0,0,0,0,0,0
60189,155.45,77,2960,0.00,97,139,67,156.68,103.64,0,0,0,0,0,0,0,0,0,0,0,0,0,0,0,0,0,0,0,0,0,0,0,0,0,0,0,0,0,0,0,0
60239,150.24,89,3008,0.00,97,139,67,156.68,103.64,0,0,0,0,0,0,0,0,0,0,0,0,0,0,0,0,0,0,0,0,0,0,0,0,0,0,0,0,0,0,0,0
60289,156.65,106,3003,0.00,97,139,67,156.68,103.64,0,0,0,0,0,0,0,0,0,0,0,0,0,0,0,0,0,0,0,0,0,0,0,0,0,0,0,0,0,0,0,0
60339,157.25,115,2910,0.00,97,139,67,156.68,103.64,0,0,0,0,0,0,0,0,0,0,0,0,0,0,0,0,0,0,0,0,0,0,0,0,0,0,0,0,0,0,0,0
60389,153.78,106,2935,0.00,97,139,67,156.68,103.64,0,0,0,0,0,0,0,0,0,0,0,0,0,0,0,0,0,0,0,0,0,0,0,0,0,0,0,0,0,0,0,0
60439,160.64,89,2961,0.00,97,139,67,156.68,103.64,0,0,0,0,0,0,0,0,0,0,0,0,0,0,0,0,0,0,0,0,0,0,0,0,0,0,0,0,0,0,0,0
60489,159.28,77,2939,0.00,97,139,67,156.68,103.64,0,0,0,0,0,0,0,0,0,0,0,0,0,0,0,0,0,0,0,0,0,0,0,0,0,0,0,0,0,0,0,0
60539,158.28,65,2910,0.00,97,139,67,156.68,103.64,0,0,0,0,0,0,0,0,0,0,0,0,0,0,0,0,0,0,0,0,0,0,0,0,0,0,0,0,0,0,0,0
60589,165.33,53,2927,0.00,97,139,67,156.68,103.64,0,0,0,0,0,0,0,0,0,0,0,0,0,0,0,0,0,0,0,0,0,0,0,0,0,0,0,0,0,0,0,0
60639,158.69,44,2942,0.00,97,139,67,156.68,103.64,0,0,0,0,0,0,0,0,0,0,0,0,0,0,0,0,0,0,0,0,0,0,0,0,0,0,0,0,0,0,0,0
60689,163.24,42,2953,0.00,97,139,67,156.68,103.64,0,0,0,0,0,0,0,0,0,0,0,0,0,0,0,0,0,0,0,0,0,0,0,0,0,0,0,0,0,0,0,0
60739,167.16,44,2937,0.00,97,139,67,156.68,103.64,0,0,0,0,0,0,0,0,0,0,0,0,0,0,0,0,0,0,0,0,0,0,0,0,0,0,0,0,0,0,0,0
60789,161.83,46,2958,0.00,97,139,67,156.68,103.64,0,0,0,0,0,0,0,0,0,0,0,0,0,0,0,0,0,0,0,0,0,0,0,0,0,0,0,0,0,0,0,0
60839,169.67,52,3003,0.00,97,139,67,156.68,103.64,0,0,0,0,0,0,0,0,0,0,0,0,0,0,0,0,0,0,0,0,0,0,0,0,0,0,0,0,0,0,0,0
60889,163.51,64,3018,0.00,97,139,67,156.68,103.64,0,0,0,0,0,0,0,0,0,0,0,0,0,0,0,0,0,0,0,0,0,0,0,0,0,0,0,0,0,0,0,0
60939,167.17,76,2992,0.00,97,139,67,156.68,103.64,0,0,0,0,0,0,0,0,0,0,0,0,0,0,0,0,0,0,0,0,0,0,0,0,0,0,0,0,0,0,0,0
60989,171.95,82,3007,0.00,97,139,67,156.68,103.64,0,0,0,0,0,0,0,0,0,0,0,0,0,0,0,0,0,0,0,0,0,0,0,0,0,0,0,0,0,0,0,0
61039,166.44,82,3002,0.00,97,139,67,156.68,103.64,0,0,0,0,0,0,0,0,0,0,0,0,0,0,0,0,0,0,0,0,0,0,0,0,0,0,0,0,0,0,0,0
61089,174.32,75,2963,0.00,97,139,67,156.68,103.64,0,0,0,0,0,0,0,0,0,0,0,0,0,0,0,0,0,0,0,0,0,0,0,0,0,0,0,0,0,0,0,0
61139,169.24,60,2962,0.00,97,139,67,156.68,103.64,0,0,0,0,0,0,0,0,0,0,0,0,0,0,0,0,0,0,0,0,0,0,0,0,0,0,0,0,0,0,0,0
61189,171.82,44,2994,0.00,97,139,67,156.68,103.64,0,0,0,0,0,0,0,0,0,0,0,0,0,0,0,0,0,0,0,0,0,0,0,0,0,0,0,0,0,0,0,0
61239,177.80,40,3063,0.00,97,139,67,156.68,103.64,0,0,0,0,0,0,0,0,0,0,0,0,0,0,0,0,0,0,0,0,0,0,0,0,0,0,0,0,0,0,0,0
61289,170.88,51,3056,0.00,97,139,67,156.68,103.64,0,0,0,0,0,0,0,0,0,0,0,0,0,0,0,0,0,0,0,0,0,0,0,0,0,0,0,0,0,0,0,0
61339,175.99,64,3030,0.00,97,139,67,156.68,103.64,0,0,0,0,0,0,0,0,0,0,0,0,0,0,0,0,0,0,0,0,0,0,0,0,0,0,0,0,0,0,0,0
61389,175.40,67,3005,0.00,97,139,67,156.68,103.64,0,0,0,0,0,0,0,0,0,0,0,0,0,0,0,0,0,0,0,0,0,0,0,0,0,0,0,0,0,0,0,0
61439,173.94,58,2997,0.00,97,139,67,156.68,103.64,0,0,0,0,0,0,0,0,0,0,0,0,0,0,0,0,0,0,0,0,0,0,0,0,0,0,0,0,0,0,0,0
61489,173.54,44,3026,0.00,97,139,67,156.68,103.64,0,0,0,0,0,0,0,0,0,0,0,0,0,0,0,0,0,0,0,0,0,0,0,0,0,0,0,0,0,0,0,0
61539,173.23,35,3046,0.00,97,139,67,156.68,103.64,0,0,0,0,0,0,0,0,0,0,0,0,0,0,0,0,0,0,0,0,0,0,0,0,0,0,0,0,0,0,0,0
61589,173.35,33,3039,0.00,97,139,67,156.68,103.64,0,0,0,0,0,0,0,0,0,0,0,0,0,0,0,0,0,0,0,0,0,0,0,0,0,0,0,0,0,0,0,0
61639,173.52,29,2960,0.00,97,139,67,156.68,103.64,0,0,0,0,0,0,0,0,0,0,0,0,0,0,0,0,0,0,0,0,0,0,0,0,0,0,0,0,0,0,0,0
61689,172.78,13,2978,0.00,97,139,67,156.68,103.64,0,0,0,0,0,0,0,0,0,0,0,0,0,0,0,0,0,0,0,0,0,0,0,0,0,0,0,0,0,0,0,0
61739,172.53,-1,3024,0.00,97,139,67,156.68,103.64,0,0,0,0,0,0,0,0,0,0,0,0,0,0,0,0,0,0,0,0,0,0,0,0,0,0,0,0,0,0,0,0
61789,172.16,-7,3015,0.00,97,139,67,156.68,103.64,0,0,0,0,0,0,0,0,0,0,0,0,0,0,0,0,0,0,0,0,0,0,0,0,0,0,0,0,0,0,0,0
61839,171.85,-5,3013,0.00,97,139,67,156.68,103.64,0,0,0,0,0,0,0,0,0,0,0,0,0,0,0,0,0,0,0,0,0,0,0,0,0,0,0,0,0,0,0,0
61889,171.84,-5,2979,0.00,97,139,67,156.68,103.64,0,0,0,0,0,0,0,0,0,0,0,0,0,0,0,0,0,0,0,0,0,0,0,0,0,0,0,0,0,0,0,0
61939,171.51,-12,2967,0.00,97,139,67,156.68,103.64,0,0,0,0,0,0,0,0,0,0,0,0,0,0,0,0,0,0,0,0,0,0,0,0,0,0,0,0,0,0,0,0
61989,171.23,-16,3070,0.00,97,139,67,156.68,103.64,0,0,0,0,0,0,0,0,0,0,0,0,0,0,0,0,0,0,0,0,0,0,0,0,0,0,0,0,0,0,0,0
62039,171.00,-3,3120,0.00,97,139,67,156.68,103.64,0,0,0,0,0,0,0,0,0,0,0,0,0,0,0,0,0,0,0,0,0,0,0,0,0,0,0,0,0,0,0,0
62089,170.90,23,3105,0.00,97,139,67,156.68,103.64,0,0,0,0,0,0,0,0,0,0,0,0,0,0,0,0,0,0,0,0,0,0,0,0,0,0,0,0,0,0,0,0
62139,170.72,45,3061,0.00,97,139,67,156.68,103.64,0,0,0,0,0,0,0,0,0,0,0,0,0,0,0,0,0,0,0,0,0,0,0,0,0,0,0,0,0,0,0,0
62189,170.49,50,3063,0.00,97,139,67,156.68,103.64,0,0,0,0,0,0,0,0,0,0,0,0,0,0,0,0,0,0,0,0,0,0,0,0,0,0,0,0,0,0,0,0
62239,170.34,40,3033,0.00,97,139,67,156.68,103.64,0,0,0,0,0,0,0,0,0,0,0,0,0,0,0,0,0,0,0,0,0,0,0,0,0,0,0,0,0,0,0,0
62289,170.20,25,3066,0.00,97,139,67,156.68,103.64,0,0,0,0,0,0,0,0,0,0,0,0,0,0,0,0,0,0,0,0,0,0,0,0,0,0,0,0,0,0,0,0
62339,170.01,14,3088,0.00,97,139,67,156.68,103.64,0,0,0,0,0,0,0,0,0,0,0,0,0,0,0,0,0,0,0,0,0,0,0,0,0,0,0,0,0,0,0,0
62389,169.85,8,3038,0.00,97,139,67,156.68,103.64,0,0,0,0,0,0,0,0,0,0,0,0,0,0,0,0,0,0,0,0,0,0,0,0,0,0,0,0,0,0,0,0
62439,169.63,0,3009,0.00,97,139,67,156.68,103.64,0,0,0,0,0,0,0,0,0,0,0,0,0,0,0,0,0,0,0,0,0,0,0,0,0,0,0,0,0,0,0,0
62489,169.60,-14,3056,0.00,97,139,67,156.68,103.64,0,0,0,0,0,0,0,0,0,0,0,0,0,0,0,0,0,0,0,0,0,0,0,0,0,0,0,0,0,0,0,0
62539,169.46,-18,3095,0.00,97,139,67,156.68,103.64,0,0,0,0,0,0,0,0,0,0,0,0,0,0,0,0,0,0,0,0,0,0,0,0,0,0,0,0,0,0,0,0
62589,169.52,-11,3089,0.00,97,139,67,156.68,103.64,0,0,0,0,0,0,0,0,0,0,0,0,0,0,0,0,0,0,0,0,0,0,0,0,0,0,0,0,0,0,0,0
62639,170.05,-4,3027,0.00,97,139,67,156.68,103.64,0,0,0,0,0,0,0,0,0,0,0,0,0,0,0,0,0,0,0,0,0,0,0,0,0,0,0,0,0,0,0,0
62689,169.79,-7,3045,0.00,97,139,67,156.68,103.64,0,0,0,0,0,0,0,0,0,0,0,0,0,0,0,0,0,0,0,0,0,0,0,0,0,0,0,0,0,0,0,0
62739,169.42,-11,3120,0.00,97,139,67,156.68,103.64,0,0,0,0,0,0,0,0,0,0,0,0,0,0,0,0,0,0,0,0,0,0,0,0,0,0,0,0,0,0,0,0
62789,169.31,-5,3084,0.00,97,139,67,156.68,103.64,0,0,0,0,0,0,0,0,0,0,0,0,0,0,0,0,0,0,0,0,0,0,0,0,0,0,0,0,0,0,0,0
62839,169.09,-3,3022,0.00,97,139,67,156.68,103.64,0,0,0,0,0,0,0,0,0,0,0,0,0,0,0,0,0,0,0,0,0,0,0,0,0,0,0,0,0,0,0,0
62889,169.08,-16,2984,0.00,97,139,67,156.68,103.64,0,0,0,0,0,0,0,0,0,0,0,0,0,0,0,0,0,0,0,0,0,0,0,0,0,0,0,0,0,0,0,0
62939,168.99,-39,2990,0.00,97,139,67,156.68,103.64,0,0,0,0,0,0,0,0,0,0,0,0,0,0,0,0,0,0,0,0,0,0,0,0,0,0,0,0,0,0,0,0
62989,168.71,-55,3090,0.00,97,139,67,156.68,103.64,0,0,0,0,0,0,0,0,0,0,0,0,0,0,0,0,0,0,0,0,0,0,0,0,0,0,0,0,0,0,0,0
63039,168.55,-44,3161,0.00,97,139,67,156.68,103.64,0,0,0,0,0,0,0,0,0,0,0,0,0,0,0,0,0,0,0,0,0,0,0,0,0,0,0,0,0,0,0,0
63089,168.38,-10,3178,0.00,97,139,67,156.68,103.64,0,0,0,0,0,0,0,0,0,0,0,0,0,0,0,0,0,0,0,0,0,0,0,0,0,0,0,0,0,0,0,0
63139,168.49,30,3200,0.00,97,139,67,156.68,103.64,0,0,0,0,0,0,0,0,0,0,0,0,0,0,0,0,0,0,0,0,0,0,0,0,0,0,0,0,0,0,0,0
63189,168.28,57,3095,0.00,97,139,67,156.68,103.64,0,0,0,0,0,0,0,0,0,0,0,0,0,0,0,0,0,0,0,0,0,0,0,0,0,0,0,0,0,0,0,0
63239,168.23,52,3026,0.00,97,139,67,156.68,103.64,0,0,0,0,0,0,0,0,0,0,0,0,0,0,0,0,0,0,0,0,0,0,0,0,0,0,0,0,0,0,0,0
63289,168.19,20,3041,0.00,97,139,67,156.68,103.64,0,0,0,0,0,0,0,0,0,0,0,0,0,0,0,0,0,0,0,0,0,0,0,0,0,0,0,0,0,0,0,0
63339,167.96,-16,3053,0.00,97,139,67,156.68,103.64,0,0,0,0,0,0,0,0,0,0,0,0,0,0,0,0,0,0,0,0,0,0,0,0,0,0,0,0,0,0,0,0
63389,167.92,-38,3088,0.00,97,139,67,156.68,103.64,0,0,0,0,0,0,0,0,0,0,0,0,0,0,0,0,0,0,0,0,0,0,0,0,0,0,0,0,0,0,0,0
63439,167.89,-42,3106,0.00,97,139,67,156.68,103.64,0,0,0,0,0,0,0,0,0,0,0,0,0,0,0,0,0,0,0,0,0,0,0,0,0,0,0,0,0,0,0,0
63489,167.80,-32,3115,0.00,97,139,67,156.68,103.64,0,0,0,0,0,0,0,0,0,0,0,0,0,0,0,0,0,0,0,0,0,0,0,0,0,0,0,0,0,0,0,0
63539,167.75,-15,3155,0.00,97,139,67,156.68,103.64,0,0,0,0,0,0,0,0,0,0,0,0,0,0,0,0,0,0,0,0,0,0,0,0,0,0,0,0,0,0,0,0
63589,167.62,3,3139,0.00,97,139,67,156.68,103.64,0,0,0,0,0,0,0,0,0,0,0,0,0,0,0,0,0,0,0,0,0,0,0,0,0,0,0,0,0,0,0,0
63639,167.74,18,3151,0.00,97,139,67,156.68,103.64,0,0,0,0,0,0,0,0,0,0,0,0,0,0,0,0,0,0,0,0,0,0,0,0,0,0,0,0,0,0,0,0
63689,168.43,24,3122,0.00,97,139,67,156.68,103.64,0,0,0,0,0,0,0,0,0,0,0,0,0,0,0,0,0,0,0,0,0,0,0,0,0,0,0,0,0,0,0,0
63739,168.03,19,3090,0.00,97,139,67,156.68,103.64,0,0,0,0,0,0,0,0,0,0,0,0,0,0,0,0,0,0,0,0,0,0,0,0,0,0,0,0,0,0,0,0
63789,167.85,7,3133,0.00,97,139,67,156.68,103.64,0,0,0,0,0,0,0,0,0,0,0,0,0,0,0,0,0,0,0,0,0,0,0,0,0,0,0,0,0,0,0,0
63839,167.72,-3,3099,0.00,97,139,67,156.68,103.64,0,0,0,0,0,0,0,0,0,0,0,0,0,0,0,0,0,0,0,0,0,0,0,0,0,0,0,0,0,0,0,0
63889,167.49,-13,3100,0.00,97,139,67,156.68,103.64,0,0,0,0,0,0,0,0,0,0,0,0,0,0,0,0,0,0,0,0,0,0,0,0,0,0,0,0,0,0,0,0
63939,167.52,-15,3195,0.00,97,139,67,156.68,103.64,0,0,0,0,0,0,0,0,0,0,0,0,0,0,0,0,0,0,0,0,0,0,0,0,0,0,0,0,0,0,0,0
63989,167.46,-2,3200,0.00,97,139,67,156.68,103.64,0,0,0,0,0,0,0,0,0,0,0,0,0,0,0,0,0,0,0,0,0,0,0,0,0,0,0,0,0,0,0,0
64039,167.36,16,3159,0.00,97,139,67,156.68,103.64,0,0,0,0,0,0,0,0,0,0,0,0,0,0,0,0,0,0,0,0,0,0,0,0,0,0,0,0,0,0,0,0
64089,167.35,23,3131,0.00,97,139,67,156.68,103.64,0,0,0,0,0,0,0,0,0,0,0,0,0,0,0,0,0,0,0,0,0,0,0,0,0,0,0,0,0,0,0,0
64139,167.26,18,3158,0.00,97,139,67,156.68,103.64,0,0,0,0,0,0,0,0,0,0,0,0,0,0,0,0,0,0,0,0,0,0,0,0,0,0,0,0,0,0,0,0
64189,167.20,12,3173,0.00,97,139,67,156.68,103.64,0,0,0,0,0,0,0,0,0,0,0,0,0,0,0,0,0,0,0,0,0,0,0,0,0,0,0,0,0,0,0,0
64239,167.24,12,3216,0.00,97,139,67,156.68,103.64,0,0,0,0,0,0,0,0,0,0,0,0,0,0,0,0,0,0,0,0,0,0,0,0,0,0,0,0,0,0,0,0
64289,167.14,13,3119,0.00,97,139,67,156.68,103.64,0,0,0,0,0,0,0,0,0,0,0,0,0,0,0,0,0,0,0,0,0,0,0,0,0,0,0,0,0,0,0,0
64339,167.03,2,3085,0.00,97,139,67,156.68,103.64,0,0,0,0,0,0,0,0,0,0,0,0,0,0,0,0,0,0,0,0,0,0,0,0,0,0,0,0,0,0,0,0
64389,166.95,-23,3061,0.00,97,139,67,156.68,103.64,0,0,0,0,0,0,0,0,0,0,0,0,0,0,0,0,0,0,0,0,0,0,0,0,0,0,0,0,0,0,0,0
64439,166.74,-53,3045,0.00,97,139,67,156.68,103.64,0,0,0,0,0,0,0,0,0,0,0,0,0,0,0,0,0,0,0,0,0,0,0,0,0,0,0,0,0,0,0,0
64489,166.74,-76,3088,0.00,97,139,67,156.68,103.64,0,0,0,0,0,0,0,0,0,0,0,0,0,0,0,0,0,0,0,0,0,0,0,0,0,0,0,0,0,0,0,0
64539,166.57,-86,3044,0.00,97,139,67,156.68,103.64,0,0,0,0,0,0,0,0,0,0,0,0,0,0,0,0,0,0,0,0,0,0,0,0,0,0,0,0,0,0,0,0
64589,166.48,-89,3069,0.00,97,139,67,156.68,103.64,0,0,0,0,0,0,0,0,0,0,0,0,0,0,0,0,0,0,0,0,0,0,0,0,0,0,0,0,0,0,0,0
64639,166.38,-81,3145,0.00,97,139,67,156.68,103.64,0,0,0,0,0,0,0,0,0,0,0,0,0,0,0,0,0,0,0,0,0,0,0,0,0,0,0,0,0,0,0,0
64689,166.57,-57,3150,0.00,97,139,67,156.68,103.64,0,0,0,0,0,0,0,0,0,0,0,0,0,0,0,0,0,0,0,0,0,0,0,0,0,0,0,0,0,0,0,0
64739,167.13,-31,3110,0.00,97,139,67,156.68,103.64,0,0,0,0,0,0,0,0,0,0,0,0,0,0,0,0,0,0,0,0,0,0,0,0,0,0,0,0,0,0,0,0
64789,166.84,-24,2999,0.00,97,139,67,156.68,103.64,0,0,0,0,0,0,0,0,0,0,0,0,0,0,0,0,0,0,0,0,0,0,0,0,0,0,0,0,0,0,0,0
64839,166.54,-41,3006,0.00,97,139,67,156.68,103.64,0,0,0,0,0,0,0,0,0,0,0,0,0,0,0,0,0,0,0,0,0,0,0,0,0,0,0,0,0,0,0,0
64889,166.44,-65,3056,0.00,97,139,67,156.68,103.64,0,0,0,0,0,0,0,0,0,0,0,0,0,0,0,0,0,0,0,0,0,0,0,0,0,0,0,0,0,0,0,0
64939,166.22,-78,3034,0.00,97,139,67,156.68,103.64,0,0,0,0,0,0,0,0,0,0,0,0,0,0,0,0,0,0,0,0,0,0,0,0,0,0,0,0,0,0,0,0
64989,166.08,-80,3037,0.00,97,139,67,156.68,103.64,0,0,0,0,0,0,0,0,0,0,0,0,0,0,0,0,0,0,0,0,0,0,0,0,0,0,0,0,0,0,0,0
65039,166.05,-71,3115,0.00,97,139,67,156.68,103.64,0,0,0,0,0,0,0,0,0,0,0,0,0,0,0,0,0,0,0,0,0,0,0,0,0,0,0,0,0,0,0,0
65089,165.87,-50,3105,0.00,97,139,67,156.68,103.64,0,0,0,0,0,0,0,0,0,0,0,0,0,0,0,0,0,0,0,0,0,0,0,0,0,0,0,0,0,0,0,0
65139,165.58,-29,3043,0.00,97,139,67,156.68,103.64,0,0,0,0,0,0,0,0,0,0,0,0,0,0,0,0,0,0,0,0,0,0,0,0,0,0,0,0,0,0,0,0
65189,165.50,-19,3091,0.00,97,139,67,156.68,103.64,0,0,0,0,0,0,0,0,0,0,0,0,0,0,0,0,0,0,0,0,0,0,0,0,0,0,0,0,0,0,0,0
65239,165.43,-13,3099,0.00,97,139,67,156.68,103.64,0,0,0,0,0,0,0,0,0,0,0,0,0,0,0,0,0,0,0,0,0,0,0,0,0,0,0,0,0,0,0,0
65289,165.32,-4,3114,0.00,97,139,67,156.68,103.64,0,0,0,0,0,0,0,0,0,0,0,0,0,0,0,0,0,0,0,0,0,0,0,0,0,0,0,0,0,0,0,0
65339,165.24,5,3131,0.00,97,139,67,156.68,103.64,0,0,0,0,0,0,0,0,0,0,0,0,0,0,0,0,0,0,0,0,0,0,0,0,0,0,0,0,0,0,0,0
65389,164.98,10,3030,0.00,97,139,67,156.68,103.64,0,0,0,0,0,0,0,0,0,0,0,0,0,0,0,0,0,0,0,0,0,0,0,0,0,0,0,0,0,0,0,0
65439,164.79,0,3041,0.00,97,139,67,156.68,103.64,0,0,0,0,0,0,0,0,0,0,0,0,0,0,0,0,0,0,0,0,0,0,0,0,0,0,0,0,0,0,0,0
65489,164.45,-13,3083,0.00,97,139,67,156.68,103.64,0,0,0,0,0,0,0,0,0,0,0,0,0,0,0,0,0,0,0,0,0,0,0,0,0,0,0,0,0,0,0,0
65539,164.18,-20,3061,0.00,97,139,67,156.68,103.64,0,0,0,0,0,0,0,0,0,0,0,0,0,0,0,0,0,0,0,0,0,0,0,0,0,0,0,0,0,0,0,0
65589,163.91,-22,3061,0.00,97,139,67,156.68,103.64,0,0,0,0,0,0,0,0,0,0,0,0,0,0,0,0,0,0,0,0,0,0,0,0,0,0,0,0,0,0,0,0
65639,164.04,-18,3109,0.00,97,139,67,156.68,103.64,0,0,0,0,0,0,0,0,0,0,0,0,0,0,0,0,0,0,0,0,0,0,0,0,0,0,0,0,0,0,0,0
65689,164.22,-12,3029,0.00,97,139,67,156.68,103.64,0,0,0,0,0,0,0,0,0,0,0,0,0,0,0,0,0,0,0,0,0,0,0,0,0,0,0,0,0,0,0,0
65739,163.60,-15,2999,0.00,97,139,67,156.68,103.64,0,0,0,0,0,0,0,0,0,0,0,0,0,0,0,0,0,0,0,0,0,0,0,0,0,0,0,0,0,0,0,0
65789,163.20,-20,3056,0.00,97,139,67,156.68,103.64,0,0,0,0,0,0,0,0,0,0,0,0,0,0,0,0,0,0,0,0,0,0,0,0,0,0,0,0,0,0,0,0
65839,162.82,-23,3057,0.00,97,139,67,156.68,103.64,0,0,0,0,0,0,0,0,0,0,0,0,0,0,0,0,0,0,0,0,0,0,0,0,0,0,0,0,0,0,0,0
65889,162.62,-23,3114,0.00,97,139,67,156.68,103.64,0,0,0,0,0,0,0,0,0,0,0,0,0,0,0,0,0,0,0,0,0,0,0,0,0,0,0,0,0,0,0,0
65939,162.46,-18,3119,0.00,97,139,67,156.68,103.64,0,0,0,0,0,0,0,0,0,0,0,0,0,0,0,0,0,0,0,0,0,0,0,0,0,0,0,0,0,0,0,0
65989,162.18,-10,3088,0.00,97,139,67,156.68,103.64,0,0,0,0,0,0,0,0,0,0,0,0,0,0,0,0,0,0,0,0,0,0,0,0,0,0,0,0,0,0,0,0
66039,161.91,-2,3055,0.00,97,139,67,156.68,103.64,0,0,0,0,0,0,0,0,0,0,0,0,0,0,0,0,0,0,0,0,0,0,0,0,0,0,0,0,0,0,0,0
66089,161.58,3,3103,0.00,97,139,67,156.68,103.64,0,0,0,0,0,0,0,0,0,0,0,0,0,0,0,0,0,0,0,0,0,0,0,0,0,0,0,0,0,0,0,0
66139,161.40,9,3142,0.00,97,139,67,156.68,103.64,0,0,0,0,0,0,0,0,0,0,0,0,0,0,0,0,0,0,0,0,0,0,0,0,0,0,0,0,0,0,0,0
66189,161.10,18,3165,0.00,97,139,67,156.68,103.64,0,0,0,0,0,0,0,0,0,0,0,0,0,0,0,0,0,0,0,0,0,0,0,0,0,0,0,0,0,0,0,0
66239,160.84,29,3153,0.00,97,139,67,156.68,103.64,0,0,0,0,0,0,0,0,0,0,0,0,0,0,0,0,0,0,0,0,0,0,0,0,0,0,0,0,0,0,0,0
66289,160.65,38,3091,0.00,97,139,67,156.68,103.64,0,0,0,0,0,0,0,0,0,0,0,0,0,0,0,0,0,0,0,0,0,0,0,0,0,0,0,0,0,0,0,0
66339,160.24,44,3086,0.00,97,139,67,156.68,103.64,0,0,0,0,0,0,0,0,0,0,0,0,0,0,0,0,0,0,0,0,0,0,0,0,0,0,0,0,0,0,0,0
66389,160.01,44,3081,0.00,97,139,67,156.68,103.64,0,0,0,0,0,0,0,0,0,0,0,0,0,0,0,0,0,0,0,0,0,0,0,0,0,0,0,0,0,0,0,0
66439,159.79,40,3054,0.00,97,139,67,156.68,103.64,0,0,0,0,0,0,0,0,0,0,0,0,0,0,0,0,0,0,0,0,0,0,0,0,0,0,0,0,0,0,0,0
66489,159.51,34,3088,0.00,97,139,67,156.68,103.64,0,0,0,0,0,0,0,0,0,0,0,0,0,0,0,0,0,0,0,0,0,0,0,0,0,0,0,0,0,0,0,0
66539,159.14,28,3107,0.00,97,139,67,156.68,103.64,0,0,0,0,0,0,0,0,0,0,0,0,0,0,0,0,0,0,0,0,0,0,0,0,0,0,0,0,0,0,0,0
66589,159.34,23,3047,0.00,97,139,67,156.68,103.64,0,0,0,0,0,0,0,0,0,0,0,0,0,0,0,0,0,0,0,0,0,0,0,0,0,0,0,0,0,0,0,0
66639,159.86,17,3082,0.00,97,139,67,156.68,103.64,0,0,0,0,0,0,0,0,0,0,0,0,0,0,0,0,0,0,0,0,0,0,0,0,0,0,0,0,0,0,0,0
66689,159.27,12,3086,0.00,97,139,67,156.68,103.64,0,0,0,0,0,0,0,0,0,0,0,0,0,0,0,0,0,0,0,0,0,0,0,0,0,0,0,0,0,0,0,0
66739,158.84,7,3035,0.00,97,139,67,156.68,103.64,0,0,0,0,0,0,0,0,0,0,0,0,0,0,0,0,0,0,0,0,0,0,0,0,0,0,0,0,0,0,0,0
66789,158.67,2,3049,0.00,97,139,67,156.68,103.64,0,0,0,0,0,0,0,0,0,0,0,0,0,0,0,0,0,0,0,0,0,0,0,0,0,0,0,0,0,0,0,0
66839,158.16,-3,2999,0.00,97,139,67,156.68,103.64,0,0,0,0,0,0,0,0,0,0,0,0,0,0,0,0,0,0,0,0,0,0,0,0,0,0,0,0,0,0,0,0
66889,158.00,-11,3039,0.00,97,139,67,156.68,103.64,0,0,0,0,0,0,0,0,0,0,0,0,0,0,0,0,0,0,0,0,0,0,0,0,0,0,0,0,0,0,0,0
66939,157.64,-16,3069,0.00,97,139,67,156.68,103.64,0,0,0,0,0,0,0,0,0,0,0,0,0,0,0,0,0,0,0,0,0,0,0,0,0,0,0,0,0,0,0,0
66989,157.34,-19,3042,0.00,97,139,67,156.68,103.64,0,0,0,0,0,0,0,0,0,0,0,0,0,0,0,0,0,0,0,0,0,0,0,0,0,0,0,0,0,0,0,0
67039,156.96,-18,3146,0.00,97,139,67,156.68,103.64,0,0,0,0,0,0,0,0,0,0,0,0,0,0,0,0,0,0,0,0,0,0,0,0,0,0,0,0,0,0,0,0
67089,156.71,-11,3152,0.00,97,139,67,156.68,103.64,0,0,0,0,0,0,0,0,0,0,0,0,0,0,0,0,0,0,0,0,0,0,0,0,0,0,0,0,0,0,0,0
67139,156.41,-1,3088,0.00,97,139,67,156.68,103.64,0,0,0,0,0,0,0,0,0,0,0,0,0,0,0,0,0,0,0,0,0,0,0,0,0,0,0,0,0,0,0,0
67189,156.13,7,3039,0.00,97,139,67,156.68,103.64,0,0,0,0,0,0,0,0,0,0,0,0,0,0,0,0,0,0,0,0,0,0,0,0,0,0,0,0,0,0,0,0
67239,155.94,11,3018,0.00,97,139,67,156.68,103.64,0,0,0,0,0,0,0,0,0,0,0,0,0,0,0,0,0,0,0,0,0,0,0,0,0,0,0,0,0,0,0,0
67289,155.58,10,3090,0.00,97,139,67,156.68,103.64,0,0,0,0,0,0,0,0,0,0,0,0,0,0,0,0,0,0,0,0,0,0,0,0,0,0,0,0,0,0,0,0
67339,155.27,10,3123,0.00,97,139,67,156.68,103.64,0,0,0,0,0,0,0,0,0,0,0,0,0,0,0,0,0,0,0,0,0,0,0,0,0,0,0,0,0,0,0,0
67389,154.99,13,3070,0.00,97,139,67,156.68,103.64,0,0,0,0,0,0,0,0,0,0,0,0,0,0,0,0,0,0,0,0,0,0,0,0,0,0,0,0,0,0,0,0
67439,154.67,14,3066,0.00,97,139,67,156.68,103.64,0,0,0,0,0,0,0,0,0,0,0,0,0,0,0,0,0,0,0,0,0,0,0,0,0,0,0,0,0,0,0,0
67489,154.34,16,3158,0.00,97,139,67,156.68,103.64,0,0,0,0,0,0,0,0,0,0,0,0,0,0,0,0,0,0,0,0,0,0,0,0,0,0,0,0,0,0,0,0
67539,154.14,20,3133,0.00,97,139,67,156.68,103.64,0,0,0,0,0,0,0,0,0,0,0,0,0,0,0,0,0,0,0,0,0,0,0,0,0,0,0,0,0,0,0,0
67589,153.81,26,3095,0.00,97,139,67,156.68,103.64,0,0,0,0,0,0,0,0,0,0,0,0,0,0,0,0,0,0,0,0,0,0,0,0,0,0,0,0,0,0,0,0
67639,153.78,29,3104,0.00,97,139,67,156.68,103.64,0,0,0,0,0,0,0,0,0,0,0,0,0,0,0,0,0,0,0,0,0,0,0,0,0,0,0,0,0,0,0,0
67689,154.45,31,3102,0.00,97,139,67,156.68,103.64,0,0,0,0,0,0,0,0,0,0,0,0,0,0,0,0,0,0,0,0,0,0,0,0,0,0,0,0,0,0,0,0
67739,154.01,31,3042,0.00,97,139,67,156.68,103.64,0,0,0,0,0,0,0,0,0,0,0,0,0,0,0,0,0,0,0,0,0,0,0,0,0,0,0,0,0,0,0,0
67789,153.54,26,3059,0.00,97,139,67,156.68,103.64,0,0,0,0,0,0,0,0,0,0,0,0,0,0,0,0,0,0,0,0,0,0,0,0,0,0,0,0,0,0,0,0
67839,153.22,19,3024,0.00,97,139,67,156.68,103.64,0,0,0,0,0,0,0,0,0,0,0,0,0,0,0,0,0,0,0,0,0,0,0,0,0,0,0,0,0,0,0,0
67889,152.73,7,2911,0.00,97,139,67,156.68,103.64,0,0,0,0,0,0,0,0,0,0,0,0,0,0,0,0,0,0,0,0,0,0,0,0,0,0,0,0,0,0,0,0
67939,152.44,-7,3040,0.00,97,139,67,156.68,103.64,0,0,0,0,0,0,0,0,0,0,0,0,0,0,0,0,0,0,0,0,0,0,0,0,0,0,0,0,0,0,0,0
67989,152.17,-18,3175,0.00,97,139,67,156.68,103.64,0,0,0,0,0,0,0,0,0,0,0,0,0,0,0,0,0,0,0,0,0,0,0,0,0,0,0,0,0,0,0,0
68039,151.87,-18,3153,0.00,97,139,67,156.68,103.64,0,0,0,0,0,0,0,0,0,0,0,0,0,0,0,0,0,0,0,0,0,0,0,0,0,0,0,0,0,0,0,0
68089,151.57,-10,3169,0.00,97,139,67,156.68,103.64,0,0,0,0,0,0,0,0,0,0,0,0,0,0,0,0,0,0,0,0,0,0,0,0,0,0,0,0,0,0,0,0
68139,151.36,2,3166,0.00,97,139,67,156.68,103.64,0,0,0,0,0,0,0,0,0,0,0,0,0,0,0,0,0,0,0,0,0,0,0,0,0,0,0,0,0,0,0,0
68189,150.88,16,3120,0.00,97,139,67,156.68,103.64,0,0,0,0,0,0,0,0,0,0,0,0,0,0,0,0,0,0,0,0,0,0,0,0,0,0,0,0,0,0,0,0
68239,150.78,29,3184,0.00,97,139,67,156.68,103.64,0,0,0,0,0,0,0,0,0,0,0,0,0,0,0,0,0,0,0,0,0,0,0,0,0,0,0,0,0,0,0,0
68289,150.40,39,3106,0.00,97,139,67,156.68,103.64,0,0,0,0,0,0,0,0,0,0,0,0,0,0,0,0,0,0,0,0,0,0,0,0,0,0,0,0,0,0,0,0
68339,150.06,43,3037,0.00,97,139,67,156.68,103.64,0,0,0,0,0,0,0,0,0,0,0,0,0,0,0,0,0,0,0,0,0,0,0,0,0,0,0,0,0,0,0,0
68389,149.76,40,3056,0.00,97,139,67,156.68,103.64,0,0,0,0,0,0,0,0,0,0,0,0,0,0,0,0,0,0,0,0,0,0,0,0,0,0,0,0,0,0,0,0
68439,149.43,33,3164,0.00,97,139,67,156.68,103.64,0,0,0,0,0,0,0,0,0,0,0,0,0,0,0,0,0,0,0,0,0,0,0,0,0,0,0,0,0,0,0,0
68489,149.03,30,3216,0.00,97,139,67,156.68,103.64,0,0,0,0,0,0,0,0,0,0,0,0,0,0,0,0,0,0,0,0,0,0,0,0,0,0,0,0,0,0,0,0
68539,148.91,33,3164,0.00,97,139,67,156.68,103.64,0,0,0,0,0,0,0,0,0,0,0,0,0,0,0,0,0,0,0,0,0,0,0,0,0,0,0,0,0,0,0,0
68589,148.70,37,3150,0.00,97,139,67,156.68,103.64,0,0,0,0,0,0,0,0,0,0,0,0,0,0,0,0,0,0,0,0,0,0,0,0,0,0,0,0,0,0,0,0
68639,148.47,39,3119,0.00,97,139,67,156.68,103.64,0,0,0,0,0,0,0,0,0,0,0,0,0,0,0,0,0,0,0,0,0,0,0,0,0,0,0,0,0,0,0,0
68689,148.05,38,3111,0.00,97,139,67,156.68,103.64,0,0,0,0,0,0,0,0,0,0,0,0,0,0,0,0,0,0,0,0,0,0,0,0,0,0,0,0,0,0,0,0
68739,147.86,33,3083,0.00,97,139,67,156.68,103.64,0,0,0,0,0,0,0,0,0,0,0,0,0,0,0,0,0,0,0,0,0,0,0,0,0,0,0,0,0,0,0,0
68789,148.39,25,3056,0.00,97,139,67,156.68,103.64,0,0,0,0,0,0,0,0,0,0,0,0,0,0,0,0,0,0,0,0,0,0,0,0,0,0,0,0,0,0,0,0
68839,148.28,12,2974,0.00,97,139,67,156.68,103.64,0,0,0,0,0,0,0,0,0,0,0,0,0,0,0,0,0,0,0,0,0,0,0,0,0,0,0,0,0,0,0,0
68889,147.61,-5,3003,0.00,97,139,67,156.68,103.64,0,0,0,0,0,0,0,0,0,0,0,0,0,0,0,0,0,0,0,0,0,0,0,0,0,0,0,0,0,0,0,0
68939,147.25,-23,3039,0.00,97,139,67,156.68,103.64,0,0,0,0,0,0,0,0,0,0,0,0,0,0,0,0,0,0,0,0,0,0,0,0,0,0,0,0,0,0,0,0
68989,147.01,-38,3054,0.00,97,139,67,156.68,103.64,0,0,0,0,0,0,0,0,0,0,0,0,0,0,0,0,0,0,0,0,0,0,0,0,0,0,0,0,0,0,0,0
69039,146.68,-47,3106,0.00,97,139,67,156.68,103.64,0,0,0,0,0,0,0,0,0,0,0,0,0,0,0,0,0,0,0,0,0,0,0,0,0,0,0,0,0,0,0,0
69089,146.47,-48,3139,0.00,97,139,67,156.68,103.64,0,0,0,0,0,0,0,0,0,0,0,0,0,0,0,0,0,0,0,0,0,0,0,0,0,0,0,0,0,0,0,0
69139,146.29,-42,3151,0.00,97,139,67,156.68,103.64,0,0,0,0,0,0,0,0,0,0,0,0,0,0,0,0,0,0,0,0,0,0,0,0,0,0,0,0,0,0,0,0
69189,145.96,-31,3159,0.00,97,139,67,156.68,103.64,0,0,0,0,0,0,0,0,0,0,0,0,0,0,0,0,0,0,0,0,0,0,0,0,0,0,0,0,0,0,0,0
69239,145.64,-17,3146,0.00,97,139,67,156.68,103.64,0,0,0,0,0,0,0,0,0,0,0,0,0,0,0,0,0,0,0,0,0,0,0,0,0,0,0,0,0,0,0,0
69289,145.39,-4,3111,0.00,97,139,67,156.68,103.64,0,0,0,0,0,0,0,0,0,0,0,0,0,0,0,0,0,0,0,0,0,0,0,0,0,0,0,0,0,0,0,0
69339,145.10,5,3125,0.00,97,139,67,156.68,103.64,0,0,0,0,0,0,0,0,0,0,0,0,0,0,0,0,0,0,0,0,0,0,0,0,0,0,0,0,0,0,0,0
69389,144.91,11,3101,0.00,97,139,67,156.68,103.64,0,0,0,0,0,0,0,0,0,0,0,0,0,0,0,0,0,0,0,0,0,0,0,0,0,0,0,0,0,0,0,0
69439,144.54,14,3054,0.00,97,139,67,156.68,103.64,0,0,0,0,0,0,0,0,0,0,0,0,0,0,0,0,0,0,0,0,0,0,0,0,0,0,0,0,0,0,0,0
69489,144.22,11,3093,0.00,97,139,67,156.68,103.64,0,0,0,0,0,0,0,0,0,0,0,0,0,0,0,0,0,0,0,0,0,0,0,0,0,0,0,0,0,0,0,0
69539,144.06,8,3120,0.00,97,139,67,156.68,103.64,0,0,0,0,0,0,0,0,0,0,0,0,0,0,0,0,0,0,0,0,0,0,0,0,0,0,0,0,0,0,0,0
69589,143.83,6,3184,0.00,97,139,67,156.68,103.64,0,0,0,0,0,0,0,0,0,0,0,0,0,0,0,0,0,0,0,0,0,0,0,0,0,0,0,0,0,0,0,0
69639,143.38,8,3122,0.00,97,139,67,156.68,103.64,0,0,0,0,0,0,0,0,0,0,0,0,0,0,0,0,0,0,0,0,0,0,0,0,0,0,0,0,0,0,0,0
69689,142.85,8,2989,0.00,97,139,67,156.68,103.64,0,0,0,0,0,0,0,0,0,0,0,0,0,0,0,0,0,0,0,0,0,0,0,0,0,0,0,0,0,0,0,0
69739,142.54,1,2992,0.00,97,139,67,156.68,103.64,0,0,0,0,0,0,0,0,0,0,0,0,0,0,0,0,0,0,0,0,0,0,0,0,0,0,0,0,0,0,0,0
69789,142.64,-10,3111,0.00,97,139,67,156.68,103.64,0,0,0,0,0,0,0,0,0,0,0,0,0,0,0,0,0,0,0,0,0,0,0,0,0,0,0,0,0,0,0,0
69839,143.37,-17,3158,0.00,97,139,67,156.68,103.64,0,0,0,0,0,0,0,0,0,0,0,0,0,0,0,0,0,0,0,0,0,0,0,0,0,0,0,0,0,0,0,0
69889,143.01,-16,3195,5.15,97,139,67,156.68,103.64,0,0,0,0,0,0,0,0,0,0,0,0,0,0,0,0,0,0,0,0,0,0,0,0,0,0,0,0,0,0,0,0
69939,142.62,-8,3169,5.15,97,139,67,156.68,103.64,0,0,0,0,0,0,0,0,0,0,0,0,0,0,0,0,0,0,0,0,0,0,0,0,0,0,0,0,0,0,0,0
69989,142.29,0,3056,5.15,97,139,67,156.68,103.64,0,0,0,0,0,0,0,0,0,0,0,0,0,0,0,0,0,0,0,0,0,0,0,0,0,0,0,0,0,0,0,0
70039,142.01,2,3041,5.15,97,139,67,156.68,103.64,0,0,0,0,0,0,0,0,0,0,0,0,0,0,0,0,0,0,0,0,0,0,0,0,0,0,0,0,0,0,0,0
70089,141.96,0,3146,5.15,97,139,67,156.68,103.64,0,0,0,0,0,0,0,0,0,0,0,0,0,0,0,0,0,0,0,0,0,0,0,0,0,0,0,0,0,0,0,0
70139,141.60,0,3135,5.15,97,139,67,156.68,103.64,0,0,0,0,0,0,0,0,0,0,0,0,0,0,0,0,0,0,0,0,0,0,0,0,0,0,0,0,0,0,0,0
70189,141.33,0,3093,5.15,97,139,67,156.68,103.64,0,0,0,0,0,0,0,0,0,0,0,0,0,0,0,0,0,0,0,0,0,0,0,0,0,0,0,0,0,0,0,0
70239,141.02,0,3148,5.15,97,139,67,156.68,103.64,0,0,0,0,0,0,0,0,0,0,0,0,0,0,0,0,0,0,0,0,0,0,0,0,0,0,0,0,0,0,0,0
70289,140.85,1,3162,5.15,97,139,67,156.68,103.64,0,0,0,0,0,0,0,0,0,0,0,0,0,0,0,0,0,0,0,0,0,0,0,0,0,0,0,0,0,0,0,0
70339,140.51,3,3118,5.15,97,139,67,156.68,103.64,0,0,0,0,0,0,0,0,0,0,0,0,0,0,0,0,0,0,0,0,0,0,0,0,0,0,0,0,0,0,0,0
70389,140.42,4,3113,5.15,97,139,67,156.68,103.64,0,0,0,0,0,0,0,0,0,0,0,0,0,0,0,0,0,0,0,0,0,0,0,0,0,0,0,0,0,0,0,0
70439,140.02,4,3152,5.15,97,139,67,156.68,103.64,0,0,0,0,0,0,0,0,0,0,0,0,0,0,0,0,0,0,0,0,0,0,0,0,0,0,0,0,0,0,0,0
70489,139.70,4,3138,5.15,97,139,67,156.68,103.64,0,0,0,0,0,0,0,0,0,0,0,0,0,0,0,0,0,0,0,0,0,0,0,0,0,0,0,0,0,0,0,0
70539,139.50,5,3155,5.15,97,139,67,156.68,103.64,0,0,0,0,0,0,0,0,0,0,0,0,0,0,0,0,0,0,0,0,0,0,0,0,0,0,0,0,0,0,0,0
70589,139.18,5,3153,5.15,97,139,67,156.68,103.64,0,0,0,0,0,0,0,0,0,0,0,0,0,0,0,0,0,0,0,0,0,0,0,0,0,0,0,0,0,0,0,0
70639,138.93,6,3131,5.15,97,139,67,156.68,103.64,0,0,0,0,0,0,0,0,0,0,0,0,0,0,0,0,0,0,0,0,0,0,0,0,0,0,0,0,0,0,0,0
70689,138.73,5,3111,5.15,97,139,67,156.68,103.64,0,0,0,0,0,0,0,0,0,0,0,0,0,0,0,0,0,0,0,0,0,0,0,0,0,0,0,0,0,0,0,0
70739,138.48,2,3116,5.15,97,139,67,156.68,103.64,0,0,0,0,0,0,0,0,0,0,0,0,0,0,0,0,0,0,0,0,0,0,0,0,0,0,0,0,0,0,0,0
70789,138.51,0,3137,5.15,97,139,67,156.68,103.64,0,0,0,0,0,0,0,0,0,0,0,0,0,0,0,0,0,0,0,0,0,0,0,0,0,0,0,0,0,0,0,0
70839,139.04,-5,3062,5.15,97,139,67,156.68,103.64,0,0,0,0,0,0,0,0,0,0,0,0,0,0,0,0,0,0,0,0,0,0,0,0,0,0,0,0,0,0,0,0
70889,138.64,-13,2988,3.36,97,139,67,156.68,103.64,0,0,0,0,0,0,0,0,0,0,0,0,0,0,0,0,0,0,0,0,0,0,0,0,0,0,0,0,0,0,0,0
70939,138.22,-26,3071,3.36,97,139,67,156.68,103.64,0,0,0,0,0,0,0,0,0,0,0,0,0,0,0,0,0,0,0,0,0,0,0,0,0,0,0,0,0,0,0,0
70989,138.05,-36,3184,3.36,97,139,67,156.68,103.64,0,0,0,0,0,0,0,0,0,0,0,0,0,0,0,0,0,0,0,0,0,0,0,0,0,0,0,0,0,0,0,0
71039,137.60,-40,3189,3.36,97,139,67,156.68,103.64,0,0,0,0,0,0,0,0,0,0,0,0,0,0,0,0,0,0,0,0,0,0,0,0,0,0,0,0,0,0,0,0
71089,137.39,-36,3175,3.36,97,139,67,156.68,103.64,0,0,0,0,0,0,0,0,0,0,0,0,0,0,0,0,0,0,0,0,0,0,0,0,0,0,0,0,0,0,0,0
71139,137.10,-30,3107,3.36,97,139,67,156.68,103.64,0,0,0,0,0,0,0,0,0,0,0,0,0,0,0,0,0,0,0,0,0,0,0,0,0,0,0,0,0,0,0,0
71189,136.79,-26,3065,3.36,97,139,67,156.68,103.64,0,0,0,0,0,0,0,0,0,0,0,0,0,0,0,0,0,0,0,0,0,0,0,0,0,0,0,0,0,0,0,0
71239,136.59,-25,3143,3.36,97,139,67,156.68,103.64,0,0,0,0,0,0,0,0,0,0,0,0,0,0,0,0,0,0,0,0,0,0,0,0,0,0,0,0,0,0,0,0
71289,136.32,-23,3183,3.36,97,139,67,156.68,103.64,0,0,0,0,0,0,0,0,0,0,0,0,0,0,0,0,0,0,0,0,0,0,0,0,0,0,0,0,0,0,0,0
71339,136.03,-19,3165,3.36,97,139,67,156.68,103.64,0,0,0,0,0,0,0,0,0,0,0,0,0,0,0,0,0,0,0,0,0,0,0,0,0,0,0,0,0,0,0,0
71389,135.72,-14,3134,3.36,97,139,67,156.68,103.64,0,0,0,0,0,0,0,0,0,0,0,0,0,0,0,0,0,0,0,0,0,0,0,0,0,0,0,0,0,0,0,0
71439,135.43,-12,3058,3.36,97,139,67,156.68,103.64,0,0,0,0,0,0,0,0,0,0,0,0,0,0,0,0,0,0,0,0,0,0,0,0,0,0,0,0,0,0,0,0
71489,135.11,-15,3055,3.36,97,139,67,156.68,103.64,0,0,0,0,0,0,0,0,0,0,0,0,0,0,0,0,0,0,0,0,0,0,0,0,0,0,0,0,0,0,0,0
71539,134.85,-22,3059,3.36,97,139,67,156.68,103.64,0,0,0,0,0,0,0,0,0,0,0,0,0,0,0,0,0,0,0,0,0,0,0,0,0,0,0,0,0,0,0,0
71589,134.56,-30,3082,3.36,97,139,67,156.68,103.64,0,0,0,0,0,0,0,0,0,0,0,0,0,0,0,0,0,0,0,0,0,0,0,0,0,0,0,0,0,0,0,0
71639,134.27,-40,3008,3.36,97,139,67,156.68,103.64,0,0,0,0,0,0,0,0,0,0,0,0,0,0,0,0,0,0,0,0,0,0,0,0,0,0,0,0,0,0,0,0
71689,134.03,-49,3088,3.36,97,139,67,156.68,103.64,0,0,0,0,0,0,0,0,0,0,0,0,0,0,0,0,0,0,0,0,0,0,0,0,0,0,0,0,0,0,0,0
71739,133.85,-57,3088,3.36,97,139,67,156.68,103.64,0,0,0,0,0,0,0,0,0,0,0,0,0,0,0,0,0,0,0,0,0,0,0,0,0,0,0,0,0,0,0,0
71789,133.60,-60,3118,3.36,97,139,67,156.68,103.64,0,0,0,0,0,0,0,0,0,0,0,0,0,0,0,0,0,0,0,0,0,0,0,0,0,0,0,0,0,0,0,0
71839,133.32,-60,3123,3.36,97,139,67,156.68,103.64,0,0,0,0,0,0,0,0,0,0,0,0,0,0,0,0,0,0,0,0,0,0,0,0,0,0,0,0,0,0,0,0
71889,133.92,-57,3041,3.36,97,139,67,156.68,103.64,0,0,0,0,0,0,0,0,0,0,0,0,0,0,0,0,0,0,0,0,0,0,0,0,0,0,0,0,0,0,0,0
71939,134.31,-56,3054,1.41,97,139,67,156.68,103.64,0,0,0,0,0,0,0,0,0,0,0,0,0,0,0,0,0,0,0,0,0,0,0,0,0,0,0,0,0,0,0,0
71989,133.71,-57,2992,1.41,97,139,67,156.68,103.64,0,0,0,0,0,0,0,0,0,0,0,0,0,0,0,0,0,0,0,0,0,0,0,0,0,0,0,0,0,0,0,0
72039,133.44,-61,3024,1.41,97,139,67,156.68,103.64,0,0,0,0,0,0,0,0,0,0,0,0,0,0,0,0,0,0,0,0,0,0,0,0,0,0,0,0,0,0,0,0
72089,133.12,-67,3022,1.41,97,139,67,156.68,103.64,0,0,0,0,0,0,0,0,0,0,0,0,0,0,0,0,0,0,0,0,0,0,0,0,0,0,0,0,0,0,0,0
72139,132.69,-71,3041,1.41,97,139,67,156.68,103.64,0,0,0,0,0,0,0,0,0,0,0,0,0,0,0,0,0,0,0,0,0,0,0,0,0,0,0,0,0,0,0,0
72189,132.45,-74,3050,1.41,97,139,67,156.68,103.64,0,0,0,0,0,0,0,0,0,0,0,0,0,0,0,0,0,0,0,0,0,0,0,0,0,0,0,0,0,0,0,0
72239,132.20,-74,3095,1.41,97,139,67,156.68,103.64,0,0,0,0,0,0,0,0,0,0,0,0,0,0,0,0,0,0,0,0,0,0,0,0,0,0,0,0,0,0,0,0
72289,131.81,-69,3140,1.41,97,139,67,156.68,103.64,0,0,0,0,0,0,0,0,0,0,0,0,0,0,0,0,0,0,0,0,0,0,0,0,0,0,0,0,0,0,0,0
72339,131.57,-60,3087,1.41,97,139,67,156.68,103.64,0,0,0,0,0,0,0,0,0,0,0,0,0,0,0,0,0,0,0,0,0,0,0,0,0,0,0,0,0,0,0,0
72389,131.20,-49,3111,1.41,97,139,67,156.68,103.64,0,0,0,0,0,0,0,0,0,0,0,0,0,0,0,0,0,0,0,0,0,0,0,0,0,0,0,0,0,0,0,0
72439,131.01,-38,3121,1.41,97,139,67,156.68,103.64,0,0,0,0,0,0,0,0,0,0,0,0,0,0,0,0,0,0,0,0,0,0,0,0,0,0,0,0,0,0,0,0
72489,130.72,-27,3138,1.41,97,139,67,156.68,103.64,0,0,0,0,0,0,0,0,0,0,0,0,0,0,0,0,0,0,0,0,0,0,0,0,0,0,0,0,0,0,0,0
72539,130.44,-15,3184,1.41,97,139,67,156.68,103.64,0,0,0,0,0,0,0,0,0,0,0,0,0,0,0,0,0,0,0,0,0,0,0,0,0,0,0,0,0,0,0,0
72589,130.17,-1,3149,1.41,97,139,67,156.68,103.64,0,0,0,0,0,0,0,0,0,0,0,0,0,0,0,0,0,0,0,0,0,0,0,0,0,0,0,0,0,0,0,0
72639,129.70,9,3097,1.41,97,139,67,156.68,103.64,0,0,0,0,0,0,0,0,0,0,0,0,0,0,0,0,0,0,0,0,0,0,0,0,0,0,0,0,0,0,0,0
72689,129.63,14,3022,1.41,97,139,67,156.68,103.64,0,0,0,0,0,0,0,0,0,0,0,0,0,0,0,0,0,0,0,0,0,0,0,0,0,0,0,0,0,0,0,0
72739,129.23,13,3046,1.41,97,139,67,156.68,103.64,0,0,0,0,0,0,0,0,0,0,0,0,0,0,0,0,0,0,0,0,0,0,0,0,0,0,0,0,0,0,0,0
72789,129.18,7,3071,1.41,97,139,67,156.68,103.64,0,0,0,0,0,0,0,0,0,0,0,0,0,0,0,0,0,0,0,0,0,0,0,0,0,0,0,0,0,0,0,0
72839,128.74,0,3127,1.41,97,139,67,156.68,103.64,0,0,0,0,0,0,0,0,0,0,0,0,0,0,0,0,0,0,0,0,0,0,0,0,0,0,0,0,0,0,0,0
72889,128.38,-2,3115,1.41,97,139,67,156.68,103.64,0,0,0,0,0,0,0,0,0,0,0,0,0,0,0,0,0,0,0,0,0,0,0,0,0,0,0,0,0,0,0,0
72939,128.22,-4,3089,1.41,97,139,67,156.68,103.64,0,0,0,0,0,0,0,0,0,0,0,0,0,0,0,0,0,0,0,0,0,0,0,0,0,0,0,0,0,0,0,0
72989,128.48,-5,3065,1.41,97,139,67,156.68,103.64,0,0,0,0,0,0,0,0,0,0,0,0,0,0,0,0,0,0,0,0,0,0,0,0,0,0,0,0,0,0,0,0
73039,129.10,-10,2959,4.07,97,139,67,156.68,103.64,0,0,0,0,0,0,0,0,0,0,0,0,0,0,0,0,0,0,0,0,0,0,0,0,0,0,0,0,0,0,0,0
73089,128.64,-20,2961,4.07,97,139,67,156.68,103.64,0,0,0,0,0,0,0,0,0,0,0,0,0,0,0,0,0,0,0,0,0,0,0,0,0,0,0,0,0,0,0,0
73139,128.15,-31,3115,4.07,97,139,67,156.68,103.64,0,0,0,0,0,0,0,0,0,0,0,0,0,0,0,0,0,0,0,0,0,0,0,0,0,0,0,0,0,0,0,0
73189,128.09,-37,3137,4.07,97,139,67,156.68,103.64,0,0,0,0,0,0,0,0,0,0,0,0,0,0,0,0,0,0,0,0,0,0,0,0,0,0,0,0,0,0,0,0
73239,127.63,-34,3182,4.07,97,139,67,156.68,103.64,0,0,0,0,0,0,0,0,0,0,0,0,0,0,0,0,0,0,0,0,0,0,0,0,0,0,0,0,0,0,0,0
73289,127.54,-25,3184,4.07,97,139,67,156.68,103.64,0,0,0,0,0,0,0,0,0,0,0,0,0,0,0,0,0,0,0,0,0,0,0,0,0,0,0,0,0,0,0,0
73339,127.26,-11,3137,4.07,97,139,67,156.68,103.64,0,0,0,0,0,0,0,0,0,0,0,0,0,0,0,0,0,0,0,0,0,0,0,0,0,0,0,0,0,0,0,0
73389,127.00,0,3063,4.07,97,139,67,156.68,103.64,0,0,0,0,0,0,0,0,0,0,0,0,0,0,0,0,0,0,0,0,0,0,0,0,0,0,0,0,0,0,0,0
73439,126.61,6,3001,4.07,97,139,67,156.68,103.64,0,0,0,0,0,0,0,0,0,0,0,0,0,0,0,0,0,0,0,0,0,0,0,0,0,0,0,0,0,0,0,0
73489,126.39,2,2896,4.07,97,139,67,156.68,103.64,0,0,0,0,0,0,0,0,0,0,0,0,0,0,0,0,0,0,0,0,0,0,0,0,0,0,0,0,0,0,0,0
73539,126.15,-12,2864,4.07,97,139,67,156.68,103.64,0,0,0,0,0,0,0,0,0,0,0,0,0,0,0,0,0,0,0,0,0,0,0,0,0,0,0,0,0,0,0,0
73589,125.76,-34,2911,4.07,97,139,67,156.68,103.64,0,0,0,0,0,0,0,0,0,0,0,0,0,0,0,0,0,0,0,0,0,0,0,0,0,0,0,0,0,0,0,0
73639,125.57,-56,3021,4.07,97,139,67,156.68,103.64,0,0,0,0,0,0,0,0,0,0,0,0,0,0,0,0,0,0,0,0,0,0,0,0,0,0,0,0,0,0,0,0
73689,125.31,-71,3023,4.07,97,139,67,156.68,103.64,0,0,0,0,0,0,0,0,0,0,0,0,0,0,0,0,0,0,0,0,0,0,0,0,0,0,0,0,0,0,0,0
73739,124.97,-77,3121,4.07,97,139,67,156.68,103.64,0,0,0,0,0,0,0,0,0,0,0,0,0,0,0,0,0,0,0,0,0,0,0,0,0,0,0,0,0,0,0,0
73789,124.76,-71,3179,4.07,97,139,67,156.68,103.64,0,0,0,0,0,0,0,0,0,0,0,0,0,0,0,0,0,0,0,0,0,0,0,0,0,0,0,0,0,0,0,0
73839,124.50,-56,3110,4.07,97,139,67,156.68,103.64,0,0,0,0,0,0,0,0,0,0,0,0,0,0,0,0,0,0,0,0,0,0,0,0,0,0,0,0,0,0,0,0
73889,124.09,-40,2958,4.07,97,139,67,156.68,103.64,0,0,0,0,0,0,0,0,0,0,0,0,0,0,0,0,0,0,0,0,0,0,0,0,0,0,0,0,0,0,0,0
73939,123.86,-32,2904,4.07,97,139,67,156.68,103.64,0,0,0,0,0,0,0,0,0,0,0,0,0,0,0,0,0,0,0,0,0,0,0,0,0,0,0,0,0,0,0,0
73989,123.87,-33,2941,4.07,97,139,67,156.68,103.64,0,0,0,0,0,0,0,0,0,0,0,0,0,0,0,0,0,0,0,0,0,0,0,0,0,0,0,0,0,0,0,0
74039,124.61,-39,2989,4.07,97,139,67,156.68,103.64,0,0,0,0,0,0,0,0,0,0,0,0,0,0,0,0,0,0,0,0,0,0,0,0,0,0,0,0,0,0,0,0
74089,124.57,-43,3023,5.73,97,139,67,156.68,103.64,0,0,0,0,0,0,0,0,0,0,0,0,0,0,0,0,0,0,0,0,0,0,0,0,0,0,0,0,0,0,0,0
74139,124.06,-44,3089,5.73,97,139,67,156.68,103.64,0,0,0,0,0,0,0,0,0,0,0,0,0,0,0,0,0,0,0,0,0,0,0,0,0,0,0,0,0,0,0,0
74189,123.60,-39,3060,5.73,97,139,67,156.68,103.64,0,0,0,0,0,0,0,0,0,0,0,0,0,0,0,0,0,0,0,0,0,0,0,0,0,0,0,0,0,0,0,0
74239,123.08,-31,2993,5.73,97,139,67,156.68,103.64,0,0,0,0,0,0,0,0,0,0,0,0,0,0,0,0,0,0,0,0,0,0,0,0,0,0,0,0,0,0,0,0
74289,122.86,-25,3069,5.73,97,139,67,156.68,103.64,0,0,0,0,0,0,0,0,0,0,0,0,0,0,0,0,0,0,0,0,0,0,0,0,0,0,0,0,0,0,0,0
74339,122.64,-18,3058,5.73,97,139,67,156.68,103.64,0,0,0,0,0,0,0,0,0,0,0,0,0,0,0,0,0,0,0,0,0,0,0,0,0,0,0,0,0,0,0,0
74389,122.27,-10,3037,5.73,97,139,67,156.68,103.64,0,0,0,0,0,0,0,0,0,0,0,0,0,0,0,0,0,0,0,0,0,0,0,0,0,0,0,0,0,0,0,0
74439,121.85,-3,3061,5.73,97,139,67,156.68,103.64,0,0,0,0,0,0,0,0,0,0,0,0,0,0,0,0,0,0,0,0,0,0,0,0,0,0,0,0,0,0,0,0
74489,121.68,3,3109,5.73,97,139,67,156.68,103.64,0,0,0,0,0,0,0,0,0,0,0,0,0,0,0,0,0,0,0,0,0,0,0,0,0,0,0,0,0,0,0,0
74539,121.45,11,3026,5.73,97,139,67,156.68,103.64,0,0,0,0,0,0,0,0,0,0,0,0,0,0,0,0,0,0,0,0,0,0,0,0,0,0,0,0,0,0,0,0
74589,121.09,18,3120,5.73,97,139,67,156.68,103.64,0,0,0,0,0,0,0,0,0,0,0,0,0,0,0,0,0,0,0,0,0,0,0,0,0,0,0,0,0,0,0,0
74639,120.81,24,3063,5.73,97,139,67,156.68,103.64,0,0,0,0,0,0,0,0,0,0,0,0,0,0,0,0,0,0,0,0,0,0,0,0,0,0,0,0,0,0,0,0
74689,120.54,28,2982,5.73,97,139,67,156.68,103.64,0,0,0,0,0,0,0,0,0,0,0,0,0,0,0,0,0,0,0,0,0,0,0,0,0,0,0,0,0,0,0,0
74739,120.31,26,2928,5.73,97,139,67,156.68,103.64,0,0,0,0,0,0,0,0,0,0,0,0,0,0,0,0,0,0,0,0,0,0,0,0,0,0,0,0,0,0,0,0
74789,120.03,20,3121,5.73,97,139,67,156.68,103.64,0,0,0,0,0,0,0,0,0,0,0,0,0,0,0,0,0,0,0,0,0,0,0,0,0,0,0,0,0,0,0,0
74839,119.85,19,3216,5.73,97,139,67,156.68,103.64,0,0,0,0,0,0,0,0,0,0,0,0,0,0,0,0,0,0,0,0,0,0,0,0,0,0,0,0,0,0,0,0
74889,119.60,25,3085,5.73,97,139,67,156.68,103.64,0,0,0,0,0,0,0,0,0,0,0,0,0,0,0,0,0,0,0,0,0,0,0,0,0,0,0,0,0,0,0,0
74939,119.40,33,3024,5.73,97,139,67,156.68,103.64,0,0,0,0,0,0,0,0,0,0,0,0,0,0,0,0,0,0,0,0,0,0,0,0,0,0,0,0,0,0,0,0
74989,119.15,32,2852,5.73,97,139,67,156.68,103.64,0,0,0,0,0,0,0,0,0,0,0,0,0,0,0,0,0,0,0,0,0,0,0,0,0,0,0,0,0,0,0,0
75039,119.53,22,2958,5.73,97,139,67,156.68,103.64,0,0,0,0,0,0,0,0,0,0,0,0,0,0,0,0,0,0,0,0,0,0,0,0,0,0,0,0,0,0,0,0
75089,120.28,10,3118,2.35,97,139,67,156.68,103.64,0,0,0,0,0,0,0,0,0,0,0,0,0,0,0,0,0,0,0,0,0,0,0,0,0,0,0,0,0,0,0,0
75139,119.79,5,3174,2.35,97,139,67,156.68,103.64,0,0,0,0,0,0,0,0,0,0,0,0,0,0,0,0,0,0,0,0,0,0,0,0,0,0,0,0,0,0,0,0
75189,119.47,8,2993,2.35,97,139,67,156.68,103.64,0,0,0,0,0,0,0,0,0,0,0,0,0,0,0,0,0,0,0,0,0,0,0,0,0,0,0,0,0,0,0,0
75239,119.24,8,2921,2.35,97,139,67,156.68,103.64,0,0,0,0,0,0,0,0,0,0,0,0,0,0,0,0,0,0,0,0,0,0,0,0,0,0,0,0,0,0,0,0
75289,118.74,3,3015,2.35,97,139,67,156.68,103.64,0,0,0,0,0,0,0,0,0,0,0,0,0,0,0,0,0,0,0,0,0,0,0,0,0,0,0,0,0,0,0,0
75339,118.57,3,3312,2.35,97,139,67,156.68,103.64,0,0,0,0,0,0,0,0,0,0,0,0,0,0,0,0,0,0,0,0,0,0,0,0,0,0,0,0,0,0,0,0
75389,118.30,17,3336,2.35,97,139,67,156.68,103.64,0,0,0,0,0,0,0,0,0,0,0,0,0,0,0,0,0,0,0,0,0,0,0,0,0,0,0,0,0,0,0,0
75439,117.92,42,3198,2.35,97,139,67,156.68,103.64,0,0,0,0,0,0,0,0,0,0,0,0,0,0,0,0,0,0,0,0,0,0,0,0,0,0,0,0,0,0,0,0
75489,117.60,66,3071,2.35,97,139,67,156.68,103.64,0,0,0,0,118,118,0,0,0,0,0,0,0,0,0,0,0,0,0,0,0,0,0,0,0,0,0,0,0,0,0,0
75539,117.34,81,3086,2.35,97,139,67,156.68,103.64,0,0,0,0,118,118,0,0,0,0,0,0,0,0,0,0,0,0,0,0,0,0,0,0,0,0,0,0,0,0,0,0
75589,117.08,87,3151,2.35,97,139,67,156.68,103.64,0,0,0,0,118,118,0,0,0,0,0,0,0,0,0,0,0,0,0,0,0,0,0,0,0,0,0,0,0,0,0,0
75639,116.82,90,3093,2.35,97,139,67,156.68,103.64,0,0,0,0,118,118,0,0,0,0,0,0,0,0,0,0,0,0,0,0,0,0,0,0,0,0,0,0,0,0,0,0
75689,116.56,87,3040,2.35,97,139,67,156.68,103.64,0,0,0,0,118,118,0,0,0,0,0,0,0,0,0,0,0,0,0,0,0,0,0,0,0,0,0,0,0,0,0,0
75739,116.36,79,3134,2.35,97,139,67,156.68,103.64,0,0,0,0,118,118,0,0,0,0,0,0,0,0,0,0,0,0,0,0,0,0,0,0,0,0,0,0,0,0,0,0
75789,115.96,71,3091,2.35,97,139,67,156.68,103.64,0,0,0,0,118,118,0,0,0,0,0,0,0,0,0,0,0,0,0,0,0,0,0,0,0,0,0,0,0,0,0,0
75839,115.84,61,2963,2.35,97,139,67,156.68,103.64,0,0,0,0,118,118,0,0,0,0,0,0,0,0,0,0,0,0,0,0,0,0,0,0,0,0,0,0,0,0,0,0
75889,115.48,45,2989,2.35,97,139,67,156.68,103.64,0,0,0,0,118,118,0,0,0,0,0,0,0,0,0,0,0,0,0,0,0,0,0,0,0,0,0,0,0,0,0,0
75939,115.38,26,3037,2.35,97,139,67,156.68,103.64,0,0,0,0,118,118,0,0,0,0,0,0,0,0,0,0,0,0,0,0,0,0,0,0,0,0,0,0,0,0,0,0
75989,115.02,11,3098,2.35,97,139,67,156.68,103.64,0,0,0,0,118,118,0,0,0,0,0,0,0,0,0,0,0,0,0,0,0,0,0,0,0,0,0,0,0,0,0,0
76039,114.75,2,3142,2.35,97,139,67,156.68,103.64,0,0,0,0,118,118,0,0,0,0,0,0,0,0,0,0,0,0,0,0,0,0,0,0,0,0,0,0,0,0,0,0
76089,114.58,0,3136,2.35,97,139,67,156.68,103.64,0,0,0,0,118,118,0,0,0,0,0,0,0,0,0,0,0,0,0,0,0,0,0,0,0,0,0,0,0,0,0,0
76139,114.27,3,3126,2.35,97,139,67,156.68,103.64,0,0,0,0,118,118,0,0,0,0,0,0,0,0,0,0,0,0,0,0,0,0,0,0,0,0,0,0,0,0,0,0
76189,114.86,10,3197,2.35,97,139,67,156.68,103.64,0,0,0,0,118,118,0,0,0,0,0,0,0,0,0,0,0,0,0,0,0,0,0,0,0,0,0,0,0,0,0,0
76239,115.49,19,3089,5.62,97,139,67,156.68,103.64,0,0,0,0,118,118,0,0,0,0,0,0,0,0,0,0,0,0,0,0,0,0,0,0,0,0,0,0,0,0,0,0
76289,115.05,24,2959,5.62,97,139,67,156.68,103.64,0,0,0,0,118,118,0,0,0,0,0,0,0,0,0,0,0,0,0,0,0,0,0,0,0,0,0,0,0,0,0,0
76339,114.65,21,3038,5.62,97,139,67,156.68,103.64,0,0,0,0,118,118,0,0,0,0,0,0,0,0,0,0,0,0,0,0,0,0,0,0,0,0,0,0,0,0,0,0
76389,114.29,14,3070,5.62,97,139,67,156.68,103.64,0,0,0,0,118,118,0,0,0,0,0,0,0,0,0,0,0,0,0,0,0,0,0,0,0,0,0,0,0,0,0,0
76439,113.76,8,3056,5.62,97,139,67,156.68,103.64,0,0,0,0,118,118,0,0,0,0,0,0,0,0,0,0,0,0,0,0,0,0,0,0,0,0,0,0,0,0,0,0
76489,113.50,2,3083,5.62,97,139,67,156.68,103.64,0,0,0,0,118,118,0,0,0,0,0,0,0,0,0,0,0,0,0,0,0,0,0,0,0,0,0,0,0,0,0,0
76539,113.29,-1,3062,5.62,97,139,67,156.68,103.64,0,0,0,0,118,118,0,0,0,0,0,0,0,0,0,0,0,0,0,0,0,0,0,0,0,0,0,0,0,0,0,0
76589,112.92,-3,3105,5.62,97,139,67,156.68,103.64,0,0,0,0,118,118,0,0,0,0,0,0,0,0,0,0,0,0,0,0,0,0,0,0,0,0,0,0,0,0,0,0
76639,112.65,-3,3152,5.62,97,139,67,156.68,103.64,0,0,0,0,118,118,0,0,0,0,0,0,0,0,0,0,0,0,0,0,0,0,0,0,0,0,0,0,0,0,0,0
76689,112.42,1,3117,5.62,97,139,67,156.68,103.64,0,0,0,0,118,118,0,0,0,0,0,0,0,0,0,0,0,0,0,0,0,0,0,0,0,0,0,0,0,0,0,0
76739,112.07,6,3082,5.62,97,139,67,156.68,103.64,0,0,0,0,118,118,0,0,0,0,0,0,0,0,0,0,0,0,0,0,0,0,0,0,0,0,0,0,0,0,0,0
76789,111.90,9,3056,5.62,97,139,67,156.68,103.64,0,0,0,0,118,118,0,0,0,0,0,0,0,0,0,0,0,0,0,0,0,0,0,0,0,0,0,0,0,0,0,0
76839,111.57,9,3040,5.62,97,139,67,156.68,103.64,0,0,0,0,118,118,0,0,0,0,0,0,0,0,0,0,0,0,0,0,0,0,0,0,0,0,0,0,0,0,0,0
76889,111.27,6,3056,5.62,97,139,67,156.68,103.64,0,0,0,0,118,118,0,0,0,0,0,0,0,0,0,0,0,0,0,0,0,0,0,0,0,0,0,0,0,0,0,0
76939,111.08,1,3027,5.62,97,139,67,156.68,103.64,0,0,0,0,118,118,0,0,0,0,0,0,0,0,0,0,0,0,0,0,0,0,0,0,0,0,0,0,0,0,0,0
76989,110.88,-3,3090,5.62,97,139,67,156.68,103.64,0,0,0,0,118,118,0,0,0,0,0,0,0,0,0,0,0,0,0,0,0,0,0,0,0,0,0,0,0,0,0,0
77039,110.59,-7,3070,5.62,97,139,67,156.68,103.64,0,0,0,0,118,118,0,0,0,0,0,0,0,0,0,0,0,0,0,0,0,0,0,0,0,0,0,0,0,0,0,0
77089,110.47,-10,3014,5.62,97,139,67,156.68,103.64,0,0,0,0,118,118,0,0,0,0,0,0,0,0,0,0,0,0,0,0,0,0,0,0,0,0,0,0,0,0,0,0
77139,110.15,-14,3083,5.62,97,139,67,156.68,103.64,0,0,0,0,118,118,0,0,0,0,0,0,0,0,0,0,0,0,0,0,0,0,0,0,0,0,0,0,0,0,0,0
77189,109.95,-17,3024,5.62,97,139,67,156.68,103.64,0,0,0,0,118,118,0,0,0,0,0,0,0,0,0,0,0,0,0,0,0,0,0,0,0,0,0,0,0,0,0,0
77239,110.15,-20,3007,5.62,97,139,67,156.68,103.64,0,0,0,0,118,118,0,0,0,0,0,0,0,0,0,0,0,0,0,0,0,0,0,0,0,0,0,0,0,0,0,0
77289,110.98,-25,3002,4.41,97,139,67,156.68,103.64,0,0,0,0,118,118,0,0,0,0,0,0,0,0,0,0,0,0,0,0,0,0,0,0,0,0,0,0,0,0,0,0
77339,110.69,-32,2943,4.41,97,139,67,156.68,103.64,0,0,0,0,118,118,0,0,0,0,0,0,0,0,0,0,0,0,0,0,0,0,0,0,0,0,0,0,0,0,0,0
77389,110.28,-41,2960,4.41,97,139,67,156.68,103.64,0,0,0,0,118,118,0,0,0,0,0,0,0,0,0,0,0,0,0,0,0,0,0,0,0,0,0,0,0,0,0,0
77439,109.78,-51,3025,4.41,97,139,67,156.68,103.64,0,0,0,0,118,118,0,0,0,0,0,0,0,0,0,0,0,0,0,0,0,0,0,0,0,0,0,0,0,0,0,0
77489,109.26,-55,3115,4.41,97,139,67,156.68,103.64,0,0,0,0,118,118,0,0,0,0,0,0,0,0,0,0,0,0,0,0,0,0,0,0,0,0,0,0,0,0,0,0
77539,109.21,-51,3117,4.41,97,139,67,156.68,103.64,0,0,0,0,118,118,0,0,0,0,0,0,0,0,0,0,0,0,0,0,0,0,0,0,0,0,0,0,0,0,0,0
77589,108.89,-42,3031,4.41,97,139,67,156.68,103.64,0,0,0,0,118,118,0,0,0,0,0,0,0,0,0,0,0,0,0,0,0,0,0,0,0,0,0,0,0,0,0,0
77639,108.56,-33,3039,4.41,97,139,67,156.68,103.64,0,0,0,0,118,118,0,0,0,0,0,0,0,0,0,0,0,0,0,0,0,0,0,0,0,0,0,0,0,0,0,0
77689,108.33,-25,3109,4.41,97,139,67,156.68,103.64,0,0,0,0,118,118,0,0,0,0,0,0,0,0,0,0,0,0,0,0,0,0,0,0,0,0,0,0,0,0,0,0
77739,107.97,-16,3092,4.41,97,139,67,156.68,103.64,0,0,0,0,118,118,0,0,0,0,0,0,0,0,0,0,0,0,0,0,0,0,0,0,0,0,0,0,0,0,0,0
77789,107.55,-8,2999,4.41,97,139,67,156.68,103.64,0,0,0,0,118,118,0,0,0,0,0,0,0,0,0,0,0,0,0,0,0,0,0,0,0,0,0,0,0,0,0,0
77839,107.58,-4,3019,4.41,97,139,67,156.68,103.64,0,0,0,0,118,118,0,0,0,0,0,0,0,0,0,0,0,0,0,0,0,0,0,0,0,0,0,0,0,0,0,0
77889,107.17,-3,3037,4.41,97,139,67,156.68,103.64,0,0,0,0,118,118,0,0,0,0,0,0,0,0,0,0,0,0,0,0,0,0,0,0,0,0,0,0,0,0,0,0
77939,106.98,-4,3056,4.41,97,139,67,156.68,103.64,0,0,0,0,118,118,0,0,0,0,0,0,0,0,0,0,0,0,0,0,0,0,0,0,0,0,0,0,0,0,0,0
77989,106.67,-4,3020,4.41,97,139,67,156.68,103.64,0,0,0,0,118,118,0,0,0,0,0,0,0,0,0,0,0,0,0,0,0,0,0,0,0,0,0,0,0,0,0,0
78039,106.41,-6,3007,4.41,97,139,67,156.68,103.64,0,0,0,0,118,118,0,0,0,0,0,0,0,0,0,0,0,0,0,0,0,0,0,0,0,0,0,0,0,0,0,0
78089,106.21,-9,3066,4.41,97,139,67,156.68,103.64,0,0,0,0,118,118,0,0,0,0,0,0,0,0,0,0,0,0,0,0,0,0,0,0,0,0,0,0,0,0,0,0
78139,105.87,-9,3085,4.41,97,139,67,156.68,103.64,0,0,0,0,118,118,0,0,0,0,0,0,0,0,0,0,0,0,0,0,0,0,0,0,0,0,0,0,0,0,0,0
78189,105.77,-8,3023,4.41,97,139,67,156.68,103.64,0,0,0,0,118,118,0,0,0,0,0,0,0,0,0,0,0,0,0,0,0,0,0,0,0,0,0,0,0,0,0,0
78239,106.26,-7,2990,4.41,97,139,67,156.68,103.64,0,0,0,0,118,118,0,0,0,0,0,0,0,0,0,0,0,0,0,0,0,0,0,0,0,0,0,0,0,0,0,0
78289,106.92,-11,2943,4.71,97,139,67,156.68,103.64,0,0,0,0,118,118,0,0,0,0,0,0,0,0,0,0,0,0,0,0,0,0,0,0,0,0,0,0,0,0,0,0
78339,106.62,-18,2933,4.71,97,139,67,156.68,103.64,0,0,0,0,118,118,0,0,0,0,0,0,0,0,0,0,0,0,0,0,0,0,0,0,0,0,0,0,0,0,0,0
78389,106.30,-26,3083,4.71,97,139,67,156.68,103.64,0,0,0,0,118,118,0,0,0,0,0,0,0,0,0,0,0,0,0,0,0,0,0,0,0,0,0,0,0,0,0,0
78439,105.97,-28,3136,4.71,97,139,67,156.68,103.64,0,0,0,0,118,118,0,0,0,0,0,0,0,0,0,0,0,0,0,0,0,0,0,0,0,0,0,0,0,0,0,0
78489,105.44,-22,3109,4.71,97,139,67,156.68,103.64,0,0,0,0,118,118,0,0,0,0,0,0,0,0,0,0,0,0,0,0,0,0,0,0,0,0,0,0,0,0,0,0
78539,105.16,-11,3098,4.71,97,139,67,156.68,103.64,0,0,0,0,118,118,0,0,0,0,0,0,0,0,0,0,0,0,0,0,0,0,0,0,0,0,0,0,0,0,0,0
78589,104.93,0,3061,4.71,97,139,67,156.68,103.64,0,105,0,105,118,118,0,105,0,0,0,0,0,0,0,0,0,0,0,0,0,0,0,0,0,0,0,0,0,0,0,0
78639,104.64,9,3071,4.71,97,139,67,156.68,103.64,105,105,0,105,118,118,0,105,0,0,0,0,0,0,0,0,0,0,0,0,0,0,0,0,0,0,0,0,0,0,0,0
78689,104.31,15,3041,4.71,97,139,67,156.68,103.64,105,105,0,105,118,118,0,105,0,0,0,0,0,0,0,0,0,0,0,0,0,0,0,0,0,0,0,0,0,0,0,0
78739,104.27,21,3181,4.71,97,139,67,156.68,103.64,105,105,0,105,118,118,0,105,104,104,0,0,0,0,0,0,0,0,0,0,0,0,0,0,0,0,0,0,0,0,0,0
78789,104.06,32,3281,4.71,97,139,67,156.68,103.64,105,105,104,105,118,118,0,105,104,104,0,0,0,0,0,0,104,104,0,0,0,0,0,0,104,104,0,0,0,0,0,0
78839,103.64,48,3116,4.71,97,139,67,156.68,103.64,105,105,104,105,118,118,0,105,104,104,104,104,0,0,0,0,104,104,104,104,0,0,0,0,104,104,104,104,0,0,0,0
78889,103.28,60,3056,4.71,97,139,67,156.68,103.64,105,105,104,105,118,118,0,105,104,104,104,104,0,0,0,0,104,104,104,104,103,103,0,0,104,104,104,104,103,103,0,0
78939,103.06,63,2975,4.71,97,139,67,156.68,103.64,105,105,104,105,118,118,0,105,104,104,104,104,0,0,0,0,104,104,104,104,103,103,0,0,104,104,104,104,103,103,0,0
78989,102.78,55,2903,4.71,97,139,67,156.68,103.64,105,105,104,105,118,118,0,105,104,104,104,104,0,0,0,0,104,104,104,104,103,103,0,0,104,104,104,104,103,103,0,0
79039,102.50,37,2961,4.71,97,139,67,156.68,103.64,105,105,104,105,118,118,0,105,104,104,104,104,0,0,0,0,104,104,104,104,103,103,0,0,104,104,104,104,103,103,0,0
79089,102.11,17,3046,4.71,97,139,67,156.68,103.64,105,105,104,105,118,118,0,105,104,104,104,104,0,0,0,0,104,104,104,104,103,103,0,0,104,104,104,104,103,103,0,0
79139,101.96,1,3068,4.71,97,139,67,156.68,103.64,105,105,104,105,118,118,0,105,104,104,104,104,0,0,0,0,104,104,104,104,103,103,0,0,104,104,104,104,103,103,0,0
79189,101.76,-7,3100,4.71,97,139,67,156.68,103.64,105,105,104,105,118,118,0,105,104,104,104,104,0,0,0,0,104,104,104,104,103,103,0,0,104,104,104,104,103,103,0,0
79239,101.64,-10,3089,4.71,97,139,67,156.68,103.64,105,105,104,105,118,118,0,105,104,104,104,104,0,0,0,0,104,104,104,104,103,103,0,0,104,104,104,104,103,103,0,0
79289,102.42,-8,3134,4.71,97,139,67,156.68,103.64,105,105,104,105,118,118,0,105,104,104,104,104,0,0,0,0,104,104,104,104,103,103,0,0,104,104,104,104,103,103,0,0
79339,102.87,-2,3091,6.47,97,139,67,156.68,103.64,105,105,104,105,118,118,0,105,104,104,104,104,0,0,0,0,104,104,104,104,103,103,0,0,104,104,104,104,103,103,0,0
79389,102.59,3,3013,6.47,97,139,67,156.68,103.64,105,105,104,105,118,118,0,105,104,104,104,104,0,0,0,0,104,104,104,104,103,103,0,0,104,104,104,104,103,103,0,0
79439,102.42,8,3184,6.47,97,139,67,156.68,103.64,105,105,104,105,118,118,0,105,104,104,104,104,0,0,0,0,104,104,104,104,103,103,0,0,104,104,104,104,103,103,0,0
79489,102.06,18,3321,6.47,97,139,67,156.68,103.64,105,105,104,105,118,118,0,105,104,104,104,104,0,0,0,0,104,104,104,104,103,103,0,0,104,104,104,104,103,103,0,0
79539,101.64,39,3364,6.47,97,139,67,156.68,103.64,105,105,104,105,118,118,0,105,104,104,104,104,0,0,0,0,104,104,104,104,103,103,0,0,104,104,104,104,103,103,0,0
79589,101.39,70,3398,6.47,97,139,67,156.68,103.64,105,105,104,105,118,118,0,105,104,104,104,104,0,0,0,0,104,104,104,104,103,103,0,0,104,104,104,104,103,103,0,0
79639,101.03,103,3264,6.47,97,139,67,156.68,103.64,105,105,104,105,118,118,0,105,104,104,104,104,0,0,0,0,104,104,104,104,103,103,0,0,104,104,104,104,103,103,0,0
79689,100.51,130,3230,6.47,97,139,67,156.68,103.64,105,105,104,105,118,118,0,105,104,104,104,104,0,0,0,0,104,104,104,104,103,103,0,0,104,104,104,104,103,103,0,0
79739,100.34,145,3157,6.47,97,139,67,156.68,103.64,105,105,104,105,118,118,0,105,104,104,104,104,0,0,0,0,104,104,104,104,103,103,0,0,104,104,104,104,103,103,0,0
79789,100.17,148,3088,6.47,97,139,67,156.68,103.64,105,105,104,105,118,118,0,105,104,104,104,104,0,0,0,0,104,104,104,104,103,103,0,0,104,104,104,104,103,103,0,0
79839,99.94,137,3050,6.47,97,139,67,156.68,103.64,105,105,104,105,118,118,0,105,104,104,104,104,0,0,0,0,104,104,104,104,103,103,0,0,104,104,104,104,103,103,0,0
79888,99.57,116,3120,6.47,97,139,67,156.68,103.64,105,105,104,105,118,118,0,105,104,104,104,104,0,0,0,0,104,104,104,104,103,103,0,0,104,104,104,104,103,103,0,0
79937,99.33,93,3102,6.47,97,139,67,156.68,103.64,105,105,104,105,118,118,0,105,104,104,104,104,0,0,0,0,104,104,104,104,103,103,0,0,104,104,104,104,103,103,0,0
79986,99.05,68,3038,6.47,97,139,67,156.68,103.64,105,105,104,105,118,118,0,105,104,104,104,104,0,0,0,0,104,104,104,104,103,103,0,0,104,104,104,104,103,103,0,0
80035,98.71,42,3023,6.47,97,139,67,156.68,103.64,105,105,104,105,118,118,0,105,104,104,104,104,0,0,0,0,104,104,104,104,103,103,0,0,104,104,104,104,103,103,0,0
80084,98.34,15,3049,6.47,97,139,67,156.68,103.64,105,105,104,105,118,118,0,105,104,104,104,104,0,0,0,0,104,104,104,104,103,103,0,0,104,104,104,104,103,103,0,0
80133,98.33,-7,3101,6.47,97,139,67,156.68,103.64,105,105,104,105,118,118,0,105,104,104,104,104,0,0,0,0,104,104,104,104,103,103,0,0,104,104,104,104,103,103,0,0
80182,98.02,-26,2989,6.47,97,139,67,156.68,103.64,105,105,104,105,118,118,0,105,104,104,104,104,0,0,0,0,104,104,104,104,103,103,0,0,104,104,104,104,103,103,0,0
80231,97.78,-44,2983,6.47,97,139,67,156.68,103.64,105,105,104,105,118,118,0,105,104,104,104,104,0,0,0,0,104,104,104,104,103,103,0,0,104,104,104,104,103,103,0,0
80280,98.17,-61,2999,6.47,97,139,67,156.68,103.64,105,105,104,105,118,118,0,105,104,104,104,104,0,0,0,0,104,104,104,104,103,103,0,0,104,104,104,104,103,103,0,0
80329,98.79,-77,2912,7.19,97,139,67,156.68,103.64,105,105,104,105,118,118,0,105,104,104,104,104,0,0,0,0,104,104,104,104,103,103,0,0,104,104,104,104,103,103,0,0
80378,98.44,-94,2912,7.19,97,139,67,156.68,103.64,105,105,104,105,118,118,0,105,104,104,104,104,0,0,0,0,104,104,104,104,103,103,0,0,104,104,104,104,103,103,0,0
80427,98.32,-108,3058,7.19,97,139,67,156.68,103.64,105,105,104,105,118,118,0,105,104,104,104,104,0,0,0,0,104,104,104,104,103,103,0,0,104,104,104,104,103,103,0,0
80476,98.05,-111,3277,7.19,97,139,67,156.68,103.64,105,105,104,105,118,118,0,105,104,104,104,104,0,0,0,0,104,104,104,104,103,103,0,0,104,104,104,104,103,103,0,0
80525,97.58,-94,3392,7.19,97,139,67,156.68,103.64,105,105,104,105,118,118,0,105,104,104,104,104,0,0,0,0,104,104,104,104,103,103,0,0,104,104,104,104,103,103,0,0
80574,97.30,-58,3372,7.19,97,139,67,156.68,103.64,105,105,104,105,118,118,0,105,104,104,104,104,0,0,0,0,104,104,104,104,103,103,0,0,104,104,104,104,103,103,0,0
80623,97.06,-15,3214,7.19,97,139,67,156.68,103.64,105,105,104,105,118,118,0,105,104,104,104,104,0,0,0,0,104,104,104,104,103,103,0,0,104,104,104,104,103,103,0,0
80672,96.71,21,3134,7.19,97,139,67,156.68,103.64,105,105,104,105,118,118,0,105,104,104,104,104,0,0,0,0,104,104,104,104,103,103,0,0,104,104,104,104,103,103,0,0
80721,96.22,46,3145,7.19,97,139,67,156.68,103.64,105,105,104,105,118,118,0,105,104,104,104,104,0,0,0,0,104,104,104,104,103,103,0,0,104,104,104,104,103,103,0,0
80770,95.97,60,3101,7.19,97,139,67,156.68,103.64,105,105,104,105,118,118,0,105,104,104,104,104,0,0,0,0,104,104,104,104,103,103,0,0,104,104,104,104,103,103,0,0
80819,95.81,63,3093,7.19,97,139,67,156.68,103.64,105,105,104,105,118,118,0,105,104,104,104,104,0,0,0,0,104,104,104,104,103,103,0,0,104,104,104,104,103,103,0,0
80868,95.55,58,3097,7.19,97,139,67,156.68,103.64,105,105,104,105,118,118,0,105,104,104,104,104,0,0,0,0,104,104,104,104,103,103,0,0,104,104,104,104,103,103,0,0
80917,95.32,47,3027,7.19,97,139,67,156.68,103.64,105,105,104,105,118,118,0,105,104,104,104,104,0,0,0,0,104,104,104,104,103,103,0,0,104,104,104,104,103,103,0,0
80966,95.04,32,3066,7.19,97,139,67,156.68,103.64,105,105,104,105,118,118,0,105,104,104,104,104,0,0,0,0,104,104,104,104,103,103,0,0,104,104,104,104,103,103,0,0
81015,94.76,15,3084,7.19,97,139,67,156.68,103.64,105,105,104,105,118,118,0,105,104,104,104,104,0,0,0,0,104,104,104,104,103,103,0,0,104,104,104,104,103,103,0,0
81064,94.62,0,3105,7.19,97,139,67,156.68,103.64,105,105,104,105,118,118,0,105,104,104,104,104,0,0,0,0,104,104,104,104,103,103,0,0,104,104,104,104,103,103,0,0
81113,94.28,-9,3202,7.19,97,139,67,156.68,103.64,105,105,104,105,118,118,0,105,104,104,104,104,0,0,0,0,104,104,104,104,103,103,0,0,104,104,104,104,103,103,0,0
81162,94.28,-12,3191,7.19,97,139,67,156.68,103.64,105,105,104,105,118,118,0,105,104,104,104,104,0,0,0,0,104,104,104,104,103,103,0,0,104,104,104,104,103,103,0,0
81211,95.23,-10,3109,7.19,97,139,67,156.68,103.64,105,105,104,105,118,118,0,105,104,104,104,104,0,0,0,0,104,104,104,104,103,103,0,0,104,104,104,104,103,103,0,0
81260,95.12,-11,2927,5.51,97,139,67,156.68,103.64,105,105,104,105,118,118,0,105,104,104,104,104,0,0,0,0,104,104,104,104,103,103,0,0,104,104,104,104,103,103,0,0
81309,94.93,-19,3057,5.51,97,139,67,156.68,103.64,105,105,104,105,118,118,0,105,104,104,104,104,0,0,0,0,104,104,104,104,103,103,0,0,104,104,104,104,103,103,0,0
81358,94.79,-24,3425,5.51,97,139,67,156.68,103.64,105,105,104,105,118,118,0,105,104,104,104,104,0,0,0,0,104,104,104,104,103,103,0,0,104,104,104,104,103,103,0,0
81407,94.41,-10,3515,5.51,97,139,67,156.68,103.64,105,105,104,105,118,118,0,105,104,104,104,104,0,0,0,0,104,104,104,104,103,103,0,0,104,104,104,104,103,103,0,0
81456,94.14,25,3638,5.51,97,139,67,156.68,103.64,105,105,104,105,118,118,0,105,104,104,104,104,0,0,0,0,104,104,104,104,103,103,0,0,104,104,104,104,103,103,0,0
81505,94.02,77,3583,5.51,97,139,67,156.68,103.64,105,105,104,105,118,118,0,105,104,104,104,104,0,0,0,0,104,104,104,104,103,103,0,0,104,104,104,104,103,103,0,0
81554,93.47,131,3426,5.51,97,139,67,156.68,103.64,105,105,104,105,118,118,0,105,104,104,104,104,0,0,0,0,104,104,104,104,103,103,0,0,104,104,104,104,103,103,0,0
81603,93.18,174,3374,5.51,97,139,67,156.68,103.64,105,105,104,105,118,118,0,105,104,104,104,104,0,0,0,0,104,104,104,104,103,103,0,0,104,104,104,104,103,103,0,0
81652,92.81,200,3288,5.51,97,139,67,156.68,103.64,105,105,104,105,118,118,0,105,104,104,104,104,0,0,0,0,104,104,104,104,103,103,0,0,104,104,104,104,103,103,0,0
81701,92.39,209,3259,5.51,97,139,67,156.68,103.64,105,105,104,105,118,118,0,105,104,104,104,104,0,0,0,0,104,104,104,104,103,103,0,0,104,104,104,104,103,103,0,0
81750,92.25,201,3205,5.51,97,139,67,156.68,103.64,105,105,104,105,118,118,0,105,104,104,104,104,0,0,0,0,104,104,104,104,103,103,0,0,104,104,104,104,103,103,0,0
81799,92.03,178,3087,5.51,97,139,67,156.68,103.64,105,105,104,105,118,118,0,105,104,104,104,104,0,0,0,0,104,104,104,104,103,103,0,0,104,104,104,104,103,103,0,0
81848,91.63,142,3087,5.51,97,139,67,156.68,103.64,105,105,104,105,118,118,0,105,104,104,104,104,0,0,0,0,104,104,104,104,103,103,0,0,104,104,104,104,103,103,0,0
81897,91.46,97,3057,5.51,97,139,67,156.68,103.64,105,105,104,105,118,118,0,105,104,104,104,104,0,0,0,0,104,104,104,104,103,103,0,0,104,104,104,104,103,103,0,0
81946,91.22,49,3086,5.51,97,139,67,156.68,103.64,105,105,104,105,118,118,0,105,104,104,104,104,0,0,0,0,104,104,104,104,103,103,0,0,104,104,104,104,103,103,0,0
81995,90.91,5,3100,5.51,97,139,67,156.68,103.64,105,105,104,105,118,118,0,105,104,104,104,104,0,0,0,0,104,104,104,104,103,103,0,0,104,104,104,104,103,103,0,0
82044,90.61,-33,3110,5.51,97,139,67,156.68,103.64,105,105,104,105,118,118,0,105,104,104,104,104,0,0,0,0,104,104,104,104,103,103,0,0,104,104,104,104,103,103,0,0
82093,90.42,-64,3088,5.51,97,139,67,156.68,103.64,105,105,104,105,118,118,0,105,104,104,104,104,0,0,0,0,104,104,104,104,103,103,0,0,104,104,104,104,103,103,0,0
82142,90.29,-89,3061,5.51,97,139,67,156.68,103.64,105,105,104,105,118,118,0,105,104,104,104,104,0,0,0,0,104,104,104,104,103,103,0,0,104,104,104,104,103,103,0,0
82191,90.37,-109,3085,5.51,97,139,67,156.68,103.64,105,105,104,105,118,118,0,105,104,104,104,104,0,0,0,0,104,104,104,104,103,103,0,0,104,104,104,104,103,103,0,0
82240,91.35,-124,3048,5.76,97,139,67,156.68,103.64,105,105,104,105,118,118,0,105,104,104,104,104,0,0,0,0,104,104,104,104,103,103,0,0,104,104,104,104,103,103,0,0
82289,91.28,-135,2992,5.76,97,139,67,156.68,103.64,105,105,104,105,118,118,0,105,104,104,104,104,0,0,0,0,104,104,104,104,103,103,0,0,104,104,104,104,103,103,0,0
82338,91.19,-140,3377,5.76,97,139,67,156.68,103.64,105,105,104,105,118,118,0,105,104,104,104,104,0,0,0,0,104,104,104,104,103,103,0,0,104,104,104,104,103,103,0,0
82387,91.10,-115,4095,5.76,97,139,67,156.68,103.64,105,105,104,105,118,118,0,105,104,104,104,104,0,0,0,0,104,104,104,104,103,103,0,0,104,104,104,104,103,103,0,0
82436,90.84,-43,4095,5.76,97,139,67,156.68,103.64,105,105,104,105,118,118,0,105,104,104,104,104,0,0,0,0,104,104,104,104,103,103,0,0,104,104,104,104,103,103,0,0
82485,90.52,65,4095,5.76,97,139,67,156.68,103.64,105,105,104,105,118,118,0,105,104,104,104,104,0,0,0,0,104,104,104,104,103,103,0,0,104,104,104,104,103,103,0,0
82534,90.32,186,4095,5.76,97,139,67,156.68,103.64,105,105,104,105,118,118,0,105,104,104,104,104,0,0,0,0,104,104,104,104,103,103,0,0,104,104,104,104,103,103,0,0
82583,89.99,304,4095,5.76,97,139,67,156.68,103.64,105,105,104,105,118,118,0,105,104,104,104,104,0,0,0,0,104,104,104,104,103,103,0,0,104,104,104,104,103,103,0,0
82632,89.72,410,4095,5.76,97,139,67,156.68,103.64,105,105,104,105,118,118,0,105,104,104,104,104,0,0,0,0,104,104,104,104,103,103,0,0,104,104,104,104,103,103,0,0
82681,89.35,496,4095,5.76,97,139,67,156.68,103.64,105,105,104,105,118,118,0,105,104,104,104,104,0,0,0,0,104,104,104,104,103,103,0,0,104,104,104,104,103,103,0,0
82730,88.96,559,3936,5.76,97,139,67,156.68,103.64,105,105,104,105,118,118,0,105,104,104,104,104,0,0,0,0,104,104,104,104,103,103,0,0,104,104,104,104,103,103,0,0
82779,88.56,586,3551,5.76,97,139,67,156.68,103.64,105,105,104,105,118,118,0,105,104,104,104,104,0,0,0,0,104,104,104,104,103,103,0,0,104,104,104,104,103,103,0,0
82828,88.30,568,3344,5.76,97,139,67,156.68,103.64,105,105,104,105,118,118,0,105,104,104,104,104,0,0,0,0,104,104,104,104,103,103,0,0,104,104,104,104,103,103,0,0
82877,88.09,504,3229,5.76,97,139,67,156.68,103.64,105,105,104,105,118,118,0,105,104,104,104,104,0,0,0,0,104,104,104,104,103,103,0,0,104,104,104,104,103,103,0,0
82926,87.76,406,3165,5.76,97,139,67,156.68,103.64,105,105,104,105,118,118,0,105,104,104,104,104,0,0,0,0,104,104,104,104,103,103,0,0,104,104,104,104,103,103,0,0
82975,87.56,286,3038,5.76,97,139,67,156.68,103.64,105,105,104,105,118,118,0,105,104,104,104,104,0,0,0,0,104,104,104,104,103,103,0,0,104,104,104,104,103,103,0,0
83024,87.31,156,3061,5.76,97,139,67,156.68,103.64,105,105,104,105,118,118,0,105,104,104,104,104,0,0,0,0,104,104,104,104,103,103,0,0,104,104,104,104,103,103,0,0
83073,87.10,29,3088,5.76,97,139,67,156.68,103.64,105,105,104,105,118,118,0,105,104,104,104,104,0,0,0,0,104,104,104,104,103,103,0,0,104,104,104,104,103,103,0,0
83122,86.89,-85,3083,5.76,97,139,67,156.68,103.64,105,105,104,105,118,118,0,105,104,104,104,104,0,0,0,0,104,104,104,104,103,103,0,0,104,104,104,104,103,103,0,0
83171,86.72,-183,3069,5.76,97,139,67,156.68,103.64,105,105,104,105,118,118,0,105,104,104,104,104,0,0,0,0,104,104,104,104,103,103,0,0,104,104,104,104,103,103,0,0
83220,86.50,-262,3053,5.76,97,139,67,156.68,103.64,105,105,104,105,118,118,0,105,104,104,104,104,0,0,0,0,104,104,104,104,103,103,0,0,104,104,104,104,103,103,0,0
83269,87.09,-321,3120,5.76,97,139,67,156.68,103.64,105,105,104,105,118,118,0,105,104,104,104,104,0,0,0,0,104,104,104,104,103,103,0,0,104,104,104,104,103,103,0,0
83318,87.63,-362,3051,11.02,97,139,67,156.68,103.64,105,105,104,105,118,118,0,105,104,104,104,104,0,0,0,0,104,104,104,104,103,103,0,0,104,104,104,104,103,103,0,0
83367,87.57,-386,3169,11.02,97,139,67,156.68,103.64,105,105,104,105,118,118,0,105,104,104,104,104,0,0,0,0,104,104,104,104,103,103,0,0,104,104,104,104,103,103,0,0
83416,87.53,-378,4095,11.02,97,139,67,156.68,103.64,105,105,104,105,118,118,0,105,104,104,104,104,0,0,0,0,104,104,104,104,103,103,0,0,104,104,104,104,103,103,0,0
83465,87.50,-316,4095,11.02,97,139,67,156.68,103.64,105,105,104,105,118,118,0,105,104,104,104,104,0,0,0,0,104,104,104,104,103,103,0,0,104,104,104,104,103,103,0,0
83514,87.23,-208,4095,11.02,97,139,67,156.68,103.64,105,105,104,105,118,118,0,105,104,104,104,104,0,0,0,0,104,104,104,104,103,103,0,0,104,104,104,104,103,103,0,0
83563,87.04,-81,4095,11.02,97,139,67,156.68,103.64,105,105,104,105,118,118,0,105,104,104,104,104,0,0,0,0,104,104,104,104,103,103,0,0,104,104,104,104,103,103,0,0
83612,86.87,47,4095,11.02,97,139,67,156.68,103.64,105,105,104,105,118,118,0,105,104,104,104,104,0,0,0,0,104,104,104,104,103,103,0,0,104,104,104,104,103,103,0,0
83661,86.46,166,4095,11.02,97,139,67,156.68,103.64,105,105,104,105,118,118,0,105,104,104,104,104,0,0,0,0,104,104,104,104,103,103,0,0,104,104,104,104,103,103,0,0
83710,86.19,268,4095,11.02,97,139,67,156.68,103.64,105,105,104,105,118,118,0,105,104,104,104,104,0,0,0,0,104,104,104,104,103,103,0,0,104,104,104,104,103,103,0,0
83759,85.95,349,4095,11.02,97,139,67,156.68,103.64,105,105,104,105,118,118,0,105,104,104,104,104,0,0,0,0,104,104,104,104,103,103,0,0,104,104,104,104,103,103,0,0
83808,85.54,402,3759,11.02,97,139,67,156.68,103.64,105,105,104,105,118,118,0,105,104,104,104,104,0,0,0,0,104,104,104,104,103,103,0,0,104,104,104,104,103,103,0,0
83857,85.33,416,3462,11.02,97,139,67,156.68,103.64,105,105,104,105,118,118,0,105,104,104,104,104,0,0,0,0,104,104,104,104,103,103,0,0,104,104,104,104,103,103,0,0
83906,84.90,381,3231,11.02,97,139,67,156.68,103.64,105,105,104,105,118,118,0,105,104,104,104,104,0,0,0,0,104,104,104,104,103,103,0,0,104,104,104,104,103,103,0,0
83955,84.67,303,3151,11.02,97,139,67,156.68,103.64,105,105,104,105,118,118,0,105,104,104,104,104,0,0,0,0,104,104,104,104,103,103,0,0,104,104,104,104,103,103,0,0
84004,84.31,194,3047,11.02,97,139,67,156.68,103.64,105,105,104,105,118,118,0,105,104,104,104,104,0,0,0,0,104,104,104,104,103,103,0,0,104,104,104,104,103,103,0,0
84053,84.02,67,2958,11.02,97,139,67,156.68,103.64,105,105,104,105,118,118,0,105,104,104,104,104,0,0,0,0,104,104,104,104,103,103,0,0,104,104,104,104,103,103,0,0
84102,83.79,-66,2897,11.02,97,139,67,156.68,103.64,105,105,104,105,118,118,0,105,104,104,104,104,0,0,0,0,104,104,104,104,103,103,0,0,104,104,104,104,103,103,0,0
84151,83.33,-197,2956,11.02,97,139,67,156.68,103.64,105,105,104,105,118,118,0,105,104,104,104,104,0,0,0,0,104,104,104,104,103,103,0,0,104,104,104,104,103,103,0,0
84200,83.37,-312,3010,11.02,97,139,67,156.68,103.64,105,105,104,105,118,118,0,105,104,104,104,104,0,0,0,0,104,104,104,104,103,103,0,0,104,104,104,104,103,103,0,0
84249,83.69,-405,2930,11.02,97,139,67,156.68,103.64,105,105,104,105,118,118,0,105,104,104,104,104,0,0,0,0,104,104,104,104,103,103,0,0,104,104,104,104,103,103,0,0
84298,84.47,-478,2879,12.94,97,139,67,156.68,103.64,105,105,104,105,118,118,0,105,104,104,104,104,0,0,0,0,104,104,104,104,103,103,0,0,104,104,104,104,103,103,0,0
84347,84.46,-532,3025,12.94,97,139,67,156.68,103.64,105,105,104,105,118,118,0,105,104,104,104,104,0,0,0,0,104,104,104,104,103,103,0,0,104,104,104,104,103,103,0,0
84396,84.63,-545,4095,12.94,97,139,67,156.68,103.64,105,105,104,105,118,118,0,105,104,104,104,104,0,0,0,0,104,104,104,104,103,103,0,0,104,104,104,104,103,103,0,0
84445,84.50,-492,4095,12.94,97,139,67,156.68,103.64,105,105,104,105,118,118,0,105,104,104,104,104,0,0,0,0,104,104,104,104,103,103,0,0,104,104,104,104,103,103,0,0
84494,84.14,-380,4095,12.94,97,139,67,156.68,103.64,105,105,104,105,118,118,0,105,104,104,104,104,0,0,0,0,104,104,104,104,103,103,0,0,104,104,104,104,103,103,0,0
84543,84.00,-241,4095,12.94,97,139,67,156.68,103.64,105,105,104,105,118,118,0,105,104,104,104,104,0,0,0,0,104,104,104,104,103,103,0,0,104,104,104,104,103,103,0,0
84592,83.67,-95,4095,12.94,97,139,67,156.68,103.64,105,105,104,105,118,118,0,105,104,104,104,104,0,0,0,0,104,104,104,104,103,103,0,0,104,104,104,104,103,103,0,0
84641,83.49,42,4095,12.94,97,139,67,156.68,103.64,105,105,104,105,118,118,0,105,104,104,104,104,0,0,0,0,104,104,104,104,103,103,0,0,104,104,104,104,103,103,0,0
84690,83.17,161,3959,12.94,97,139,67,156.68,103.64,105,105,104,105,118,118,0,105,104,104,104,104,0,0,0,0,104,104,104,104,103,103,0,0,104,104,104,104,103,103,0,0
84739,82.81,250,3842,12.94,97,139,67,156.68,103.64,105,105,104,105,118,118,0,105,104,104,104,104,0,0,0,0,104,104,104,104,103,103,0,0,104,104,104,104,103,103,0,0
84788,82.47,307,3891,12.94,97,139,67,156.68,103.64,105,105,104,105,118,118,0,105,104,104,104,104,0,0,0,0,104,104,104,104,103,103,0,0,104,104,104,104,103,103,0,0
84837,82.20,331,3546,12.94,97,139,67,156.68,103.64,105,105,104,105,118,118,0,105,104,104,104,104,0,0,0,0,104,104,104,104,103,103,0,0,104,104,104,104,103,103,0,0
84886,82.00,315,3253,12.94,97,139,67,156.68,103.64,105,105,104,105,118,118,0,105,104,104,104,104,0,0,0,0,104,104,104,104,103,103,0,0,104,104,104,104,103,103,0,0
84935,81.69,255,3111,12.94,97,139,67,156.68,103.64,105,105,104,105,118,118,0,105,104,104,104,104,0,0,0,0,104,104,104,104,103,103,0,0,104,104,104,104,103,103,0,0
84984,81.35,160,3039,12.94,97,139,67,156.68,103.64,105,105,104,105,118,118,0,105,104,104,104,104,0,0,0,0,104,104,104,104,103,103,0,0,104,104,104,104,103,103,0,0
85033,81.02,45,2969,12.94,97,139,67,156.68,103.64,105,105,104,105,118,118,0,105,104,104,104,104,0,0,0,0,104,104,104,104,103,103,0,0,104,104,104,104,103,103,0,0
85082,80.67,-77,2958,12.94,97,139,67,156.68,103.64,105,105,104,105,118,118,0,105,104,104,104,104,0,0,0,0,104,104,104,104,103,103,0,0,104,104,104,104,103,103,0,0
85131,80.40,-198,2896,12.94,97,139,67,156.68,103.64,105,105,104,105,118,118,0,105,104,104,104,104,0,0,0,0,104,104,104,104,103,103,0,0,104,104,104,104,103,103,0,0
85180,80.21,-308,2922,12.94,97,139,67,156.68,103.64,105,105,104,105,118,118,0,105,104,104,104,104,0,0,0,0,104,104,104,104,103,103,0,0,104,104,104,104,103,103,0,0
85229,79.96,-402,2894,12.94,97,139,67,156.68,103.64,105,105,104,105,118,118,0,105,104,104,104,104,0,0,0,0,104,104,104,104,103,103,0,0,104,104,104,104,103,103,0,0
85278,80.19,-476,2955,12.94,97,139,67,156.68,103.64,105,105,104,105,118,118,0,105,104,104,104,104,0,0,0,0,104,104,104,104,103,103,0,0,104,104,104,104,103,103,0,0
85327,81.11,-529,2887,14.70,97,139,67,156.68,103.64,105,105,104,105,118,118,0,105,104,104,104,104,0,0,0,0,104,104,104,104,103,103,0,0,104,104,104,104,103,103,0,0
85376,81.16,-562,3029,14.70,97,139,67,156.68,103.64,105,105,104,105,118,118,0,105,104,104,104,104,0,0,0,0,104,104,104,104,103,103,0,0,104,104,104,104,103,103,0,0
85425,81.30,-555,4095,14.70,97,139,67,156.68,103.64,105,105,104,105,118,118,0,105,104,104,104,104,0,0,0,0,104,104,104,104,103,103,0,0,104,104,104,104,103,103,0,0
85474,81.25,-484,4095,14.70,97,139,67,156.68,103.64,105,105,104,105,118,118,0,105,104,104,104,104,0,0,0,0,104,104,104,104,103,103,0,0,104,104,104,104,103,103,0,0
85523,80.98,-358,4095,14.70,97,139,67,156.68,103.64,105,105,104,105,118,118,0,105,104,104,104,104,0,0,0,0,104,104,104,104,103,103,0,0,104,104,104,104,103,103,0,0
85572,80.76,-207,4095,14.70,97,139,67,156.68,103.64,105,105,104,105,118,118,0,105,104,104,104,104,0,0,0,0,104,104,104,104,103,103,0,0,104,104,104,104,103,103,0,0
85621,80.50,-62,3477,14.70,97,139,67,156.68,103.64,105,105,104,105,118,118,0,105,104,104,104,104,0,0,0,0,104,104,104,104,103,103,0,0,104,104,104,104,103,103,0,0
85670,80.33,37,3024,14.70,97,139,67,156.68,103.64,105,105,104,105,118,118,0,105,104,104,104,104,0,0,0,0,104,104,104,104,103,103,0,0,104,104,104,104,103,103,0,0
85719,80.10,78,3155,14.70,97,139,67,156.68,103.64,105,105,104,105,118,118,0,105,104,104,104,104,0,0,0,0,104,104,104,104,103,103,0,0,104,104,104,104,103,103,0,0
85768,79.87,74,3178,14.70,97,139,67,156.68,103.64,105,105,104,105,118,118,0,105,104,104,104,104,0,0,0,0,104,104,104,104,103,103,0,0,104,104,104,104,103,103,0,0
85817,79.56,43,3058,14.70,97,139,67,156.68,103.64,105,105,104,105,118,118,0,105,104,104,104,104,0,0,0,0,104,104,104,104,103,103,0,0,104,104,104,104,103,103,0,0
85866,79.33,-6,2967,14.70,97,139,67,156.68,103.64,105,105,104,105,118,118,0,105,104,104,104,104,0,0,0,0,104,104,104,104,103,103,0,0,104,104,104,104,103,103,0,0
85915,78.97,-71,2887,14.70,97,139,67,156.68,103.64,105,105,104,105,118,118,0,105,104,104,104,104,0,0,0,0,104,104,104,104,103,103,0,0,104,104,104,104,103,103,0,0
85964,78.66,-143,2927,14.70,97,139,67,156.68,103.64,105,105,104,105,118,118,0,105,104,104,104,104,0,0,0,0,104,104,104,104,103,103,0,0,104,104,104,104,103,103,0,0
86013,78.44,-212,2960,14.70,97,139,67,156.68,103.64,105,105,104,105,118,118,0,105,104,104,104,104,0,0,0,0,104,104,104,104,103,103,0,0,104,104,104,104,103,103,0,0
86062,78.12,-272,2879,14.70,97,139,67,156.68,103.64,105,105,104,105,118,118,0,105,104,104,104,104,0,0,0,0,104,104,104,104,103,103,0,0,104,104,104,104,103,103,0,0
86111,77.81,-322,2914,14.70,97,139,67,156.68,103.64,105,105,104,105,118,118,0,105,104,104,104,104,0,0,0,0,104,104,104,104,103,103,0,0,104,104,104,104,103,103,0,0
86160,77.61,-360,2960,14.70,97,139,67,156.68,103.64,105,105,104,105,118,118,0,105,104,104,104,104,0,0,0,0,104,104,104,104,103,103,0,0,104,104,104,104,103,103,0,0
86209,77.32,-382,2985,14.70,97,139,67,156.68,103.64,105,105,104,105,118,118,0,105,104,104,104,104,0,0,0,0,104,104,104,104,103,103,0,0,104,104,104,104,103,103,0,0
86258,77.09,-388,3057,14.70,97,139,67,156.68,103.64,105,105,104,105,118,118,0,105,104,104,104,104,0,0,0,0,104,104,104,104,103,103,0,0,104,104,104,104,103,103,0,0
86307,76.75,-380,3023,14.70,97,139,67,156.68,103.64,105,105,104,105,118,118,0,105,104,104,104,104,0,0,0,0,104,104,104,104,103,103,0,0,104,104,104,104,103,103,0,0
86356,76.58,-362,2967,14.70,97,139,67,156.68,103.64,105,105,104,105,118,118,0,105,104,104,104,104,0,0,0,0,104,104,104,104,103,103,0,0,104,104,104,104,103,103,0,0
86405,77.51,-341,2928,14.70,97,139,67,156.68,103.64,105,105,104,105,118,118,0,105,104,104,104,104,0,0,0,0,104,104,104,104,103,103,0,0,104,104,104,104,103,103,0,0
86454,77.90,-322,2886,16.43,97,139,67,156.68,103.64,105,105,104,105,118,118,0,105,104,104,104,104,0,0,0,0,104,104,104,104,103,103,0,0,104,104,104,104,103,103,0,0
86503,77.85,-291,3719,16.43,97,139,67,156.68,103.64,105,105,104,105,118,118,0,105,104,104,104,104,0,0,0,0,104,104,104,104,103,103,0,0,104,104,104,104,103,103,0,0
86552,77.82,-221,4095,16.43,97,139,67,156.68,103.64,105,105,104,105,118,118,0,105,104,104,104,104,0,0,0,0,104,104,104,104,103,103,0,0,104,104,104,104,103,103,0,0
86601,77.65,-103,4095,16.43,97,139,67,156.68,103.64,105,105,104,105,118,118,0,105,104,104,104,104,0,0,0,0,104,104,104,104,103,103,0,0,104,104,104,104,103,103,0,0
86650,77.31,40,4095,16.43,97,139,67,156.68,103.64,105,105,104,105,118,118,0,105,104,104,104,104,0,0,0,0,104,104,104,104,103,103,0,0,104,104,104,104,103,103,0,0
86699,77.22,173,3088,16.43,97,139,67,156.68,103.64,105,105,104,105,118,118,0,105,104,104,104,104,0,0,0,0,104,104,104,104,103,103,0,0,104,104,104,104,103,103,0,0
86748,77.02,249,2878,16.43,97,139,67,156.68,103.64,105,105,104,105,118,118,0,105,104,104,104,104,0,0,0,0,104,104,104,104,103,103,0,0,104,104,104,104,103,103,0,0
86797,76.73,260,2991,16.43,97,139,67,156.68,103.64,105,105,104,105,118,118,0,105,104,104,104,104,0,0,0,0,104,104,104,104,103,103,0,0,104,104,104,104,103,103,0,0
86846,76.45,230,3010,16.43,97,139,67,156.68,103.64,105,105,104,105,118,118,0,105,104,104,104,104,0,0,0,0,104,104,104,104,103,103,0,0,104,104,104,104,103,103,0,0
86895,76.27,176,2894,16.43,97,139,67,156.68,103.64,105,105,104,105,118,118,0,105,104,104,104,104,0,0,0,0,104,104,104,104,103,103,0,0,104,104,104,104,103,103,0,0
86944,75.99,106,2769,16.43,97,139,67,156.68,103.64,105,105,104,105,118,118,0,105,104,104,104,104,0,0,0,0,104,104,104,104,103,103,0,0,104,104,104,104,103,103,0,0
86993,75.76,24,2753,16.43,97,139,67,156.68,103.64,105,105,104,105,118,118,0,105,104,104,104,104,0,0,0,0,104,104,104,104,103,103,0,0,104,104,104,104,103,103,0,0
87042,75.47,-58,2810,16.43,97,139,67,156.68,103.64,105,105,104,105,118,118,0,105,104,104,104,104,0,0,0,0,104,104,104,104,103,103,0,0,104,104,104,104,103,103,0,0
87091,75.21,-133,2816,16.43,97,139,67,156.68,103.64,105,105,104,105,118,118,0,105,104,104,104,104,0,0,0,0,104,104,104,104,103,103,0,0,104,104,104,104,103,103,0,0
87140,74.97,-195,2811,16.43,97,139,67,156.68,103.64,105,105,104,105,118,118,0,105,104,104,104,104,0,0,0,0,104,104,104,104,103,103,0,0,104,104,104,104,103,103,0,0
87189,74.64,-241,2850,16.43,97,139,67,156.68,103.64,105,105,104,105,118,118,0,105,104,104,104,104,0,0,0,0,104,104,104,104,103,103,0,0,104,104,104,104,103,103,0,0
87238,74.37,-271,2830,16.43,97,139,67,156.68,103.64,105,105,104,105,118,118,0,105,104,104,104,104,0,0,0,0,104,104,104,104,103,103,0,0,104,104,104,104,103,103,0,0
87287,74.09,-288,2833,16.43,97,139,67,156.68,103.64,105,105,104,105,118,118,0,105,104,104,104,104,0,0,0,0,104,104,104,104,103,103,0,0,104,104,104,104,103,103,0,0
87336,73.85,-294,2817,16.43,97,139,67,156.68,103.64,105,105,104,105,118,118,0,105,104,104,104,104,0,0,0,0,104,104,104,104,103,103,0,0,104,104,104,104,103,103,0,0
87385,74.68,-291,2781,16.43,97,139,67,156.68,103.64,105,105,104,105,118,118,0,105,104,104,104,104,0,0,0,0,104,104,104,104,103,103,0,0,104,104,104,104,103,103,0,0
87434,74.74,-283,2832,12.51,97,139,67,156.68,103.64,105,105,104,105,118,118,0,105,104,104,104,104,0,0,0,0,104,104,104,104,103,103,0,0,104,104,104,104,103,103,0,0
87483,74.68,-247,4095,12.51,97,139,67,156.68,103.64,105,105,104,105,118,118,0,105,104,104,104,104,0,0,0,0,104,104,104,104,103,103,0,0,104,104,104,104,103,103,0,0
87532,74.55,-153,4095,12.51,97,139,67,156.68,103.64,105,105,104,105,118,118,0,105,104,104,104,104,0,0,0,0,104,104,104,104,103,103,0,0,104,104,104,104,103,103,0,0
87581,74.35,-7,4095,12.51,97,139,67,156.68,103.64,105,105,104,105,118,118,0,105,104,104,104,104,0,0,0,0,104,104,104,104,103,103,0,0,104,104,104,104,103,103,0,0
87630,74.17,142,3130,12.51,97,139,67,156.68,103.64,105,105,104,105,118,118,0,105,104,104,104,104,0,0,0,0,104,104,104,104,103,103,0,0,104,104,104,104,103,103,0,0
87679,74.04,242,2672,12.51,97,139,67,156.68,103.64,105,105,104,105,118,118,0,105,104,104,104,104,0,0,0,0,104,104,104,104,103,103,0,0,104,104,104,104,103,103,0,0
87728,73.88,271,2736,12.51,97,139,67,156.68,103.64,105,105,104,105,118,118,0,105,104,104,104,104,0,0,0,0,104,104,104,104,103,103,0,0,104,104,104,104,103,103,0,0
87777,73.62,252,2986,12.51,97,139,67,156.68,103.64,105,105,104,105,118,118,0,105,104,104,104,104,0,0,0,0,104,104,104,104,103,103,0,0,104,104,104,104,103,103,0,0
87826,73.41,213,3094,12.51,97,139,67,156.68,103.64,105,105,104,105,118,118,0,105,104,104,104,104,0,0,0,0,104,104,104,104,103,103,0,0,104,104,104,104,103,103,0,0
87875,73.20,171,2945,12.51,97,139,67,156.68,103.64,105,105,104,105,118,118,0,105,104,104,104,104,0,0,0,0,104,104,104,104,103,103,0,0,104,104,104,104,103,103,0,0
87924,73.10,125,2831,12.51,97,139,67,156.68,103.64,105,105,104,105,118,118,0,105,104,104,104,104,0,0,0,0,104,104,104,104,103,103,0,0,104,104,104,104,103,103,0,0
87973,72.76,73,2752,12.51,97,139,67,156.68,103.64,105,105,104,105,118,118,0,105,104,104,104,104,0,0,0,0,104,104,104,104,103,103,0,0,104,104,104,104,103,103,0,0
88022,72.47,17,2781,12.51,97,139,67,156.68,103.64,105,105,104,105,118,118,0,105,104,104,104,104,0,0,0,0,104,104,104,104,103,103,0,0,104,104,104,104,103,103,0,0
88071,72.20,-35,2839,12.51,97,139,67,156.68,103.64,105,105,104,105,118,118,0,105,104,104,104,104,0,0,0,0,104,104,104,104,103,103,0,0,104,104,104,104,103,103,0,0
88120,72.06,-78,2880,12.51,97,139,67,156.68,103.64,105,105,104,105,118,118,0,105,104,104,104,104,0,0,0,0,104,104,104,104,103,103,0,0,104,104,104,104,103,103,0,0
88169,71.69,-108,2838,12.51,97,139,67,156.68,103.64,105,105,104,105,118,118,0,105,104,104,104,104,0,0,0,0,104,104,104,104,103,103,0,0,104,104,104,104,103,103,0,0
88218,71.43,-129,2766,12.51,97,139,67,156.68,103.64,105,105,104,105,118,118,0,105,104,104,104,104,0,0,0,0,104,104,104,104,103,103,0,0,104,104,104,104,103,103,0,0
88267,71.21,-145,2791,12.51,97,139,67,156.68,103.64,105,105,104,105,118,118,0,105,104,104,104,104,0,0,0,0,104,104,104,104,103,103,0,0,104,104,104,104,103,103,0,0
88316,71.21,-154,2843,12.51,97,139,67,156.68,103.64,105,105,104,105,118,118,0,105,104,104,104,104,0,0,0,0,104,104,104,104,103,103,0,0,104,104,104,104,103,103,0,0
88365,72.03,-154,2868,12.51,97,139,67,156.68,103.64,105,105,104,105,118,118,0,105,104,104,104,104,0,0,0,0,104,104,104,104,103,103,0,0,104,104,104,104,103,103,0,0
88414,72.00,-139,3312,8.72,97,139,67,156.68,103.64,105,105,104,105,118,118,0,105,104,104,104,104,0,0,0,0,104,104,104,104,103,103,0,0,104,104,104,104,103,103,0,0
88463,72.03,-86,4095,8.72,97,139,67,156.68,103.64,105,105,104,105,118,118,0,105,104,104,104,104,0,0,0,0,104,104,104,104,103,103,0,0,104,104,104,104,103,103,0,0
88512,71.93,20,4095,8.72,97,139,67,156.68,103.64,105,105,104,105,118,118,0,105,104,104,104,104,0,0,0,0,104,104,104,104,103,103,0,0,104,104,104,104,103,103,0,0
88561,71.77,160,3685,8.72,97,139,67,156.68,103.64,105,105,104,105,118,118,0,105,104,104,104,104,0,0,0,0,104,104,104,104,103,103,0,0,104,104,104,104,103,103,0,0
88610,71.58,278,2791,8.72,97,139,67,156.68,103.64,105,105,104,105,118,118,0,105,104,104,104,104,0,0,0,0,104,104,104,104,103,103,0,0,104,104,104,104,103,103,0,0
88659,71.52,331,2502,8.72,97,139,67,156.68,103.64,105,105,104,105,118,118,0,105,104,104,104,104,0,0,0,0,104,104,104,104,103,103,0,0,104,104,104,104,103,103,0,0
88708,71.23,315,2608,8.72,97,139,67,156.68,103.64,105,105,104,105,118,118,0,105,104,104,104,104,0,0,0,0,104,104,104,104,103,103,0,0,104,104,104,104,103,103,0,0
88757,71.05,257,2815,8.72,97,139,67,156.68,103.64,105,105,104,105,118,118,0,105,104,104,104,104,0,0,0,0,104,104,104,104,103,103,0,0,104,104,104,104,103,103,0,0
88806,70.81,186,2822,8.72,97,139,67,156.68,103.64,105,105,104,105,118,118,0,105,104,104,104,104,0,0,0,0,104,104,104,104,103,103,0,0,104,104,104,104,103,103,0,0
88855,70.66,115,2714,8.72,97,139,67,156.68,103.64,105,105,104,105,118,118,0,105,104,104,104,104,0,0,0,0,104,104,104,104,103,103,0,0,104,104,104,104,103,103,0,0
88904,70.40,44,2615,8.72,97,139,67,156.68,103.64,105,105,104,105,118,118,0,105,104,104,104,104,0,0,0,0,104,104,104,104,103,103,0,0,104,104,104,104,103,103,0,0
88953,70.12,-25,2629,8.72,97,139,67,156.68,103.64,105,105,104,105,118,118,0,105,104,104,104,104,0,0,0,0,104,104,104,104,103,103,0,0,104,104,104,104,103,103,0,0
89002,69.82,-89,2635,8.72,97,139,67,156.68,103.64,105,105,104,105,118,118,0,105,104,104,104,104,0,0,0,0,104,104,104,104,103,103,0,0,104,104,104,104,103,103,0,0
89051,69.60,-142,2660,8.72,97,139,67,156.68,103.64,105,105,104,105,118,118,0,105,104,104,104,104,0,0,0,0,104,104,104,104,103,103,0,0,104,104,104,104,103,103,0,0
89100,69.24,-182,2630,8.72,97,139,67,156.68,103.64,105,105,104,105,118,118,0,105,104,104,104,104,0,0,0,0,104,104,104,104,103,103,0,0,104,104,104,104,103,103,0,0
89149,69.12,-211,2629,8.72,97,139,67,156.68,103.64,105,105,104,105,118,118,0,105,104,104,104,104,0,0,0,0,104,104,104,104,103,103,0,0,104,104,104,104,103,103,0,0
89198,68.77,-228,2737,8.72,97,139,67,156.68,103.64,105,105,104,105,118,118,0,105,104,104,104,104,0,0,0,0,104,104,104,104,103,103,0,0,104,104,104,104,103,103,0,0
89247,68.57,-230,2736,8.72,97,139,67,156.68,103.64,105,105,104,105,118,118,0,105,104,104,104,104,0,0,0,0,104,104,104,104,103,103,0,0,104,104,104,104,103,103,0,0
89296,68.34,-220,2749,8.72,97,139,67,156.68,103.64,105,105,104,105,118,118,0,105,104,104,104,104,0,0,0,0,104,104,104,104,103,103,0,0,104,104,104,104,103,103,0,0
89345,68.59,-201,2784,8.72,97,139,67,156.68,103.64,105,105,104,105,118,118,0,105,104,104,104,104,0,0,0,0,104,104,104,104,103,103,0,0,104,104,104,104,103,103,0,0
89394,69.03,-175,2771,8.72,97,139,67,156.68,103.64,105,105,104,105,118,118,0,105,104,104,104,104,0,0,0,0,104,104,104,104,103,103,0,0,104,104,104,104,103,103,0,0
89443,69.12,-130,3700,9.33,97,139,67,156.68,103.64,105,105,104,105,118,118,0,105,104,104,104,104,0,0,0,0,104,104,104,104,103,103,0,0,104,104,104,104,103,103,0,0
89492,69.06,-38,4095,9.33,97,139,67,156.68,103.64,105,105,104,105,118,118,0,105,104,104,104,104,0,0,0,0,104,104,104,104,103,103,0,0,104,104,104,104,103,103,0,0
89541,69.04,104,4095,9.33,97,139,67,156.68,103.64,105,105,104,105,118,118,0,105,104,104,104,104,0,0,0,0,104,104,104,104,103,103,0,0,104,104,104,104,103,103,0,0
89590,68.76,256,3054,9.33,97,139,67,156.68,103.64,105,105,104,105,118,118,0,105,104,104,104,104,0,0,0,0,104,104,104,104,103,103,0,0,104,104,104,104,103,103,0,0
89639,68.59,358,2549,9.33,97,139,67,156.68,103.64,105,105,104,105,118,118,0,105,104,104,104,104,0,0,0,0,104,104,104,104,103,103,0,0,104,104,104,104,103,103,0,0
89688,68.47,382,2416,9.33,97,139,67,156.68,103.64,105,105,104,105,118,118,0,105,104,104,104,104,0,0,0,0,104,104,104,104,103,103,0,0,104,104,104,104,103,103,0,0
89737,68.34,342,2559,9.33,97,139,67,156.68,103.64,105,105,104,105,118,118,0,105,104,104,104,104,0,0,0,0,104,104,104,104,103,103,0,0,104,104,104,104,103,103,0,0
89786,68.11,271,2734,9.33,97,139,67,156.68,103.64,105,105,104,105,118,118,0,105,104,104,104,104,0,0,0,0,104,104,104,104,103,103,0,0,104,104,104,104,103,103,0,0
89835,67.92,192,2703,9.33,97,139,67,156.68,103.64,105,105,104,105,118,118,0,105,104,104,104,104,0,0,0,0,104,104,104,104,103,103,0,0,104,104,104,104,103,103,0,0
89884,67.64,116,2617,9.33,97,139,67,156.68,103.64,105,105,104,105,118,118,0,105,104,104,104,104,0,0,0,0,104,104,104,104,103,103,0,0,104,104,104,104,103,103,0,0
89933,67.40,43,2538,9.33,97,139,67,156.68,103.64,105,105,104,105,118,118,0,105,104,104,104,104,0,0,0,0,104,104,104,104,103,103,0,0,104,104,104,104,103,103,0,0
89982,67.06,-26,2535,9.33,97,139,67,156.68,103.64,105,105,104,105,118,118,0,105,104,104,104,104,0,0,0,0,104,104,104,104,103,103,0,0,104,104,104,104,103,103,0,0
90031,67.03,-87,2634,9.33,97,139,67,156.68,103.64,105,105,104,105,118,118,0,105,104,104,104,104,0,0,0,0,104,104,104,104,103,103,0,0,104,104,104,104,103,103,0,0
90080,66.73,-132,2640,9.33,97,139,67,156.68,103.64,105,105,104,105,118,118,0,105,104,104,104,104,0,0,0,0,104,104,104,104,103,103,0,0,104,104,104,104,103,103,0,0
90129,66.49,-163,2630,9.33,97,139,67,156.68,103.64,105,105,104,105,118,118,0,105,104,104,104,104,0,0,0,0,104,104,104,104,103,103,0,0,104,104,104,104,103,103,0,0
90178,66.31,-180,2630,9.33,97,139,67,156.68,103.64,105,105,104,105,118,118,0,105,104,104,104,104,0,0,0,0,104,104,104,104,103,103,0,0,104,104,104,104,103,103,0,0
90227,66.03,-186,2658,9.33,97,139,67,156.68,103.64,105,105,104,105,118,118,0,105,104,104,104,104,0,0,0,0,104,104,104,104,103,103,0,0,104,104,104,104,103,103,0,0
90276,65.80,-181,2736,9.33,97,139,67,156.68,103.64,105,105,104,105,118,118,0,105,104,104,104,104,0,0,0,0,104,104,104,104,103,103,0,0,104,104,104,104,103,103,0,0
90325,66.19,-165,2755,9.33,97,139,67,156.68,103.64,105,105,104,105,118,118,0,105,104,104,104,104,0,0,0,0,104,104,104,104,103,103,0,0,104,104,104,104,103,103,0,0
90374,66.24,-139,2823,9.33,97,139,67,156.68,103.64,105,105,104,105,118,118,0,105,104,104,104,104,0,0,0,0,104,104,104,104,103,103,0,0,104,104,104,104,103,103,0,0
90423,66.27,-85,4095,7.29,97,139,67,156.68,103.64,105,105,104,105,118,118,0,105,104,104,104,104,0,0,0,0,104,104,104,104,103,103,0,0,104,104,104,104,103,103,0,0
90472,66.25,27,4095,7.29,97,139,67,156.68,103.64,105,105,104,105,118,118,0,105,104,104,104,104,0,0,0,0,104,104,104,104,103,103,0,0,104,104,104,104,103,103,0,0
90521,65.94,182,3691,7.29,97,139,67,156.68,103.64,105,105,104,105,118,118,0,105,104,104,104,104,0,0,0,0,104,104,104,104,103,103,0,0,104,104,104,104,103,103,0,0
90570,65.75,319,2657,7.29,97,139,67,156.68,103.64,105,105,104,105,118,118,0,105,104,104,104,104,0,0,0,0,104,104,104,104,103,103,0,0,104,104,104,104,103,103,0,0
90619,65.65,386,2359,7.29,97,139,67,156.68,103.64,105,105,104,105,118,118,0,105,104,104,104,104,0,0,0,0,104,104,104,104,103,103,0,0,104,104,104,104,103,103,0,0
90668,65.34,379,2585,7.29,97,139,67,156.68,103.64,105,105,104,105,118,118,0,105,104,104,104,104,0,0,0,0,104,104,104,104,103,103,0,0,104,104,104,104,103,103,0,0
90717,65.22,330,2791,7.29,97,139,67,156.68,103.64,105,105,104,105,118,118,0,105,104,104,104,104,0,0,0,0,104,104,104,104,103,103,0,0,104,104,104,104,103,103,0,0
90766,65.01,268,2800,7.29,97,139,67,156.68,103.64,105,105,104,105,118,118,0,105,104,104,104,104,0,0,0,0,104,104,104,104,103,103,0,0,104,104,104,104,103,103,0,0
90815,64.65,205,2645,7.29,97,139,67,156.68,103.64,105,105,104,105,118,118,0,105,104,104,104,104,0,0,0,0,104,104,104,104,103,103,0,0,104,104,104,104,103,103,0,0
90864,64.47,138,2559,7.29,97,139,67,156.68,103.64,105,105,104,105,118,118,0,105,104,104,104,104,0,0,0,0,104,104,104,104,103,103,0,0,104,104,104,104,103,103,0,0
90913,64.13,69,2546,7.29,97,139,67,156.68,103.64,105,105,104,105,118,118,0,105,104,104,104,104,0,0,0,0,104,104,104,104,103,103,0,0,104,104,104,104,103,103,0,0
90962,64.05,3,2603,7.29,97,139,67,156.68,103.64,105,105,104,105,118,118,0,105,104,104,104,104,0,0,0,0,104,104,104,104,103,103,0,0,104,104,104,104,103,103,0,0
91011,63.73,-52,2643,7.29,97,139,67,156.68,103.64,105,105,104,105,118,118,0,105,104,104,104,104,0,0,0,0,104,104,104,104,103,103,0,0,104,104,104,104,103,103,0,0
91060,63.48,-94,2608,7.29,97,139,67,156.68,103.64,105,105,104,105,118,118,0,105,104,104,104,104,0,0,0,0,104,104,104,104,103,103,0,0,104,104,104,104,103,103,0,0
91109,63.06,-125,2609,7.29,97,139,67,156.68,103.64,105,105,104,105,118,118,0,105,104,104,104,104,0,0,0,0,104,104,104,104,103,103,0,0,104,104,104,104,103,103,0,0
91158,62.97,-145,2607,7.29,97,139,67,156.68,103.64,105,105,104,105,118,118,0,105,104,104,104,104,0,0,0,0,104,104,104,104,103,103,0,0,104,104,104,104,103,103,0,0
91207,62.78,-156,2627,7.29,97,139,67,156.68,103.64,105,105,104,105,118,118,0,105,104,104,104,104,0,0,0,0,104,104,104,104,103,103,0,0,104,104,104,104,103,103,0,0
91256,62.97,-158,2704,7.29,97,139,67,156.68,103.64,105,105,104,105,118,118,0,105,104,104,104,104,0,0,0,0,104,104,104,104,103,103,0,0,104,104,104,104,103,103,0,0
91305,63.24,-149,2747,7.29,97,139,67,156.68,103.64,105,105,104,105,118,118,0,105,104,104,104,104,0,0,0,0,104,104,104,104,103,103,0,0,104,104,104,104,103,103,0,0
91354,63.18,-107,4095,4.04,97,139,67,156.68,103.64,105,105,104,105,118,118,0,105,104,104,104,104,0,0,0,0,104,104,104,104,103,103,0,0,104,104,104,104,103,103,0,0
91403,63.25,-2,4095,4.04,97,139,67,156.68,103.64,105,105,104,105,118,118,0,105,104,104,104,104,0,0,0,0,104,104,104,104,103,103,0,0,104,104,104,104,103,103,0,0
91452,63.07,156,4095,4.04,97,139,67,156.68,103.64,105,105,104,105,118,118,0,105,104,104,104,104,0,0,0,0,104,104,104,104,103,103,0,0,104,104,104,104,103,103,0,0
91501,62.98,318,3055,4.04,97,139,67,156.68,103.64,105,105,104,105,118,118,0,105,104,104,104,104,0,0,0,0,104,104,104,104,103,103,0,0,104,104,104,104,103,103,0,0
91550,62.78,424,2497,4.04,97,139,67,156.68,103.64,105,105,104,105,118,118,0,105,104,104,104,104,0,0,0,0,104,104,104,104,103,103,0,0,104,104,104,104,103,103,0,0
91599,62.61,444,2365,4.04,97,139,67,156.68,103.64,105,105,104,105,118,118,0,105,104,104,104,104,0,0,0,0,104,104,104,104,103,103,0,0,104,104,104,104,103,103,0,0
91648,62.42,398,2589,4.04,97,139,67,156.68,103.64,105,105,104,105,118,118,0,105,104,104,104,104,0,0,0,0,104,104,104,104,103,103,0,0,104,104,104,104,103,103,0,0
91697,47.93,319,2722,4.04,97,139,67,156.68,103.64,105,105,104,105,118,118,0,105,104,104,104,104,0,0,0,0,104,104,104,104,103,103,0,0,104,104,104,104,103,103,0,0
91746,48.19,231,2555,4.04,97,139,67,156.68,103.64,105,105,104,105,118,118,0,105,104,104,104,104,0,0,0,0,104,104,104,104,103,103,0,0,104,104,104,104,103,103,0,0
91795,44.31,132,2053,4.04,97,139,67,156.68,103.64,105,105,104,105,118,118,0,105,104,104,104,104,0,0,0,0,104,104,104,104,103,103,0,0,104,104,104,104,103,103,0,0
91844,41.20,4,1419,4.04,97,139,67,156.68,103.64,105,105,104,105,118,118,0,105,104,104,104,104,0,0,0,0,104,104,104,104,103,103,0,0,104,104,104,104,103,103,0,0
91893,38.40,-169,937,4.04,97,139,67,156.68,103.64,105,105,104,105,118,118,0,105,104,104,104,104,0,0,0,0,104,104,104,104,103,103,0,0,104,104,104,104,103,103,0,0
91942,35.97,-385,882,4.04,97,139,67,156.68,103.64,105,105,104,105,118,118,0,105,104,104,104,104,0,0,0,0,104,104,104,104,103,103,0,0,104,104,104,104,103,103,0,0
91991,33.46,-615,967,4.04,97,139,67,156.68,103.64,105,105,104,105,118,118,0,105,104,104,104,104,0,0,0,0,104,104,104,104,103,103,0,0,104,104,104,104,103,103,0,0
92040,31.34,-831,970,4.04,97,139,67,156.68,103.64,105,105,104,105,118,118,0,105,104,104,104,104,0,0,0,0,104,104,104,104,103,103,0,0,104,104,104,104,103,103,0,0
92089,29.60,-1013,1040,4.04,97,139,67,156.68,103.64,105,105,104,105,118,118,0,105,104,104,104,104,0,0,0,0,104,104,104,104,103,103,0,0,104,104,104,104,103,103,0,0
92138,27.90,-1149,1152,4.04,97,82,67,71.18,103.64,105,105,104,105,118,118,0,105,104,104,104,104,0,0,0,0,104,104,104,104,103,103,0,0,104,104,104,104,103,103,0,0
