Time,Pressure,PPGSignal,rawPPGSignal,AUS_PULSE_HEARD,Osc_Amp,Osc_SBP,MAP,Osc_DBP,Est_DBP,EnsembleSystolic,BL_W20_T2.0_D5,BL_W20_T2.0_D10,BL_W20_T2.5_D5,BL_W20_T2.5_D10,BL_W20_T3.0_D5,BL_W20_T3.0_D10,BL_W20_T3.5_D5,BL_W20_T3.5_D10,BL_W30_T2.0_D5,BL_W30_T2.0_D10,BL_W30_T2.5_D5,BL_W30_T2.5_D10,BL_W30_T3.0_D5,BL_W30_T3.0_D10,BL_W30_T3.5_D5,BL_W30_T3.5_D10,BL_W40_T2.0_D5,BL_W40_T2.0_D10,BL_W40_T2.5_D5,BL_W40_T2.5_D10,BL_W40_T3.0_D5,BL_W40_T3.0_D10,BL_W40_T3.5_D5,BL_W40_T3.5_D10,BL_W50_T2.0_D5,BL_W50_T2.0_D10,BL_W50_T2.5_D5,BL_W50_T2.5_D10,BL_W50_T3.0_D5,BL_W50_T3.0_D10,BL_W50_T3.5_D5,BL_W50_T3.5_D10
14828,-0.24,193,3002,0,0.00,130,109,106,105.24,116.52,0,0,0,0,0,0,0,0,0,0,0,0,0,0,0,0,0,0,0,0,0,0,0,0,0,0,0,0,0,0,0,0
14863,-0.12,788,3054,0,0.00,130,109,106,105.24,116.52,0,0,0,0,0,0,0,0,0,0,0,0,0,0,0,0,0,0,0,0,0,0,0,0,0,0,0,0,0,0,0,0
14899,-0.18,1538,3054,0,0.00,130,109,106,105.24,116.52,0,0,0,0,0,0,0,0,0,0,0,0,0,0,0,0,0,0,0,0,0,0,0,0,0,0,0,0,0,0,0,0
14935,-0.22,2083,3013,0,0.00,130,109,106,105.24,116.52,0,0,0,0,0,0,0,0,0,0,0,0,0,0,0,0,0,0,0,0,0,0,0,0,0,0,0,0,0,0,0,0
14971,-0.23,2326,2994,0,0.00,130,109,106,105.24,116.52,0,0,0,0,0,0,0,0,0,0,0,0,0,0,0,0,0,0,0,0,0,0,0,0,0,0,0,0,0,0,0,0
15007,-0.20,2315,2985,0,0.00,130,109,106,105.24,116.52,0,0,0,0,0,0,0,0,0,0,0,0,0,0,0,0,0,0,0,0,0,0,0,0,0,0,0,0,0,0,0,0
15043,-0.14,2144,3011,0,0.00,130,109,106,105.24,116.52,0,0,0,0,0,0,0,0,0,0,0,0,0,0,0,0,0,0,0,0,0,0,0,0,0,0,0,0,0,0,0,0
15079,-0.16,1907,3066,0,0.00,130,109,106,105.24,116.52,0,0,0,0,0,0,0,0,0,0,0,0,0,0,0,0,0,0,0,0,0,0,0,0,0,0,0,0,0,0,0,0
15115,-0.22,1670,3136,0,0.00,130,109,106,105.24,116.52,0,0,0,0,0,0,0,0,0,0,0,0,0,0,0,0,0,0,0,0,0,0,0,0,0,0,0,0,0,0,0,0
15151,-0.23,1462,3167,0,0.00,130,109,106,105.24,116.52,0,0,0,0,0,0,0,0,0,0,0,0,0,0,0,0,0,0,0,0,0,0,0,0,0,0,0,0,0,0,0,0
15187,-0.28,1283,3152,0,0.00,130,109,106,105.24,116.52,0,0,0,0,0,0,0,0,0,0,0,0,0,0,0,0,0,0,0,0,0,0,0,0,0,0,0,0,0,0,0,0
15223,-0.19,1116,3114,0,0.00,130,109,106,105.24,116.52,0,0,0,0,0,0,0,0,0,0,0,0,0,0,0,0,0,0,0,0,0,0,0,0,0,0,0,0,0,0,0,0
15259,-0.21,949,3058,0,0.00,130,109,106,105.24,116.52,0,0,0,0,0,0,0,0,0,0,0,0,0,0,0,0,0,0,0,0,0,0,0,0,0,0,0,0,0,0,0,0
15295,-0.24,775,3014,0,0.00,130,109,106,105.24,116.52,0,0,0,0,0,0,0,0,0,0,0,0,0,0,0,0,0,0,0,0,0,0,0,0,0,0,0,0,0,0,0,0
15331,-0.20,602,3015,0,0.00,130,109,106,105.24,116.52,0,0,0,0,0,0,0,0,0,0,0,0,0,0,0,0,0,0,0,0,0,0,0,0,0,0,0,0,0,0,0,0
15367,-0.20,443,3019,0,0.00,130,109,106,105.24,116.52,0,0,0,0,0,0,0,0,0,0,0,0,0,0,0,0,0,0,0,0,0,0,0,0,0,0,0,0,0,0,0,0
15403,-0.23,304,3023,0,0.00,130,109,106,105.24,116.52,0,0,0,0,0,0,0,0,0,0,0,0,0,0,0,0,0,0,0,0,0,0,0,0,0,0,0,0,0,0,0,0
15439,-0.29,185,3023,0,0.00,130,109,106,105.24,116.52,0,0,0,0,0,0,0,0,0,0,0,0,0,0,0,0,0,0,0,0,0,0,0,0,0,0,0,0,0,0,0,0
15475,-0.14,82,3011,0,0.00,130,109,106,105.24,116.52,0,0,0,0,0,0,0,0,0,0,0,0,0,0,0,0,0,0,0,0,0,0,0,0,0,0,0,0,0,0,0,0
15511,-0.22,-11,2990,0,0.00,130,109,106,105.24,116.52,0,0,0,0,0,0,0,0,0,0,0,0,0,0,0,0,0,0,0,0,0,0,0,0,0,0,0,0,0,0,0,0
15547,-0.12,-100,2967,0,0.00,130,109,106,105.24,116.52,0,0,0,0,0,0,0,0,0,0,0,0,0,0,0,0,0,0,0,0,0,0,0,0,0,0,0,0,0,0,0,0
15583,-0.21,-186,2967,0,0.00,130,109,106,105.24,116.52,0,0,0,0,0,0,0,0,0,0,0,0,0,0,0,0,0,0,0,0,0,0,0,0,0,0,0,0,0,0,0,0
15619,-0.17,-264,2971,0,0.00,130,109,106,105.24,116.52,0,0,0,0,0,0,0,0,0,0,0,0,0,0,0,0,0,0,0,0,0,0,0,0,0,0,0,0,0,0,0,0
15655,-0.23,-330,2976,0,0.00,130,109,106,105.24,116.52,0,0,0,0,0,0,0,0,0,0,0,0,0,0,0,0,0,0,0,0,0,0,0,0,0,0,0,0,0,0,0,0
15691,-0.13,-384,2992,0,0.00,130,109,106,105.24,116.52,0,0,0,0,0,0,0,0,0,0,0,0,0,0,0,0,0,0,0,0,0,0,0,0,0,0,0,0,0,0,0,0
15727,-0.18,-428,2977,0,0.00,130,109,106,105.24,116.52,0,0,0,0,0,0,0,0,0,0,0,0,0,0,0,0,0,0,0,0,0,0,0,0,0,0,0,0,0,0,0,0
15763,-0.22,-468,2950,0,0.00,130,109,106,105.24,116.52,0,0,0,0,0,0,0,0,0,0,0,0,0,0,0,0,0,0,0,0,0,0,0,0,0,0,0,0,0,0,0,0
15799,-0.21,-510,2928,0,0.00,130,109,106,105.24,116.52,0,0,0,0,0,0,0,0,0,0,0,0,0,0,0,0,0,0,0,0,0,0,0,0,0,0,0,0,0,0,0,0
15835,-0.22,-552,2928,0,0.00,130,109,106,105.24,116.52,0,0,0,0,0,0,0,0,0,0,0,0,0,0,0,0,0,0,0,0,0,0,0,0,0,0,0,0,0,0,0,0
15871,-0.24,-583,3008,0,0.00,130,109,106,105.24,116.52,0,0,0,0,0,0,0,0,0,0,0,0,0,0,0,0,0,0,0,0,0,0,0,0,0,0,0,0,0,0,0,0
15907,-0.21,-587,3150,0,0.00,130,109,106,105.24,116.52,0,0,0,0,0,0,0,0,0,0,0,0,0,0,0,0,0,0,0,0,0,0,0,0,0,0,0,0,0,0,0,0
15943,-0.17,-554,3227,0,0.00,130,109,106,105.24,116.52,0,0,0,0,0,0,0,0,0,0,0,0,0,0,0,0,0,0,0,0,0,0,0,0,0,0,0,0,0,0,0,0
15979,-0.20,-504,3211,0,0.00,130,109,106,105.24,116.52,0,0,0,0,0,0,0,0,0,0,0,0,0,0,0,0,0,0,0,0,0,0,0,0,0,0,0,0,0,0,0,0
16015,-0.24,-469,3133,0,0.00,130,109,106,105.24,116.52,0,0,0,0,0,0,0,0,0,0,0,0,0,0,0,0,0,0,0,0,0,0,0,0,0,0,0,0,0,0,0,0
16051,-0.27,-468,3101,0,0.00,130,109,106,105.24,116.52,0,0,0,0,0,0,0,0,0,0,0,0,0,0,0,0,0,0,0,0,0,0,0,0,0,0,0,0,0,0,0,0
16087,-0.28,-496,3082,0,0.00,130,109,106,105.24,116.52,0,0,0,0,0,0,0,0,0,0,0,0,0,0,0,0,0,0,0,0,0,0,0,0,0,0,0,0,0,0,0,0
16123,-0.15,-538,3025,0,0.00,130,109,106,105.24,116.52,0,0,0,0,0,0,0,0,0,0,0,0,0,0,0,0,0,0,0,0,0,0,0,0,0,0,0,0,0,0,0,0
16159,-0.26,-585,3009,0,0.00,130,109,106,105.24,116.52,0,0,0,0,0,0,0,0,0,0,0,0,0,0,0,0,0,0,0,0,0,0,0,0,0,0,0,0,0,0,0,0
16195,-0.21,-624,3027,0,0.00,130,109,106,105.24,116.52,0,0,0,0,0,0,0,0,0,0,0,0,0,0,0,0,0,0,0,0,0,0,0,0,0,0,0,0,0,0,0,0
16231,-0.22,-646,3025,0,0.00,130,109,106,105.24,116.52,0,0,0,0,0,0,0,0,0,0,0,0,0,0,0,0,0,0,0,0,0,0,0,0,0,0,0,0,0,0,0,0
16267,-0.21,-651,3033,0,0.00,130,109,106,105.24,116.52,0,0,0,0,0,0,0,0,0,0,0,0,0,0,0,0,0,0,0,0,0,0,0,0,0,0,0,0,0,0,0,0
16303,-0.23,-644,3046,0,0.00,130,109,106,105.24,116.52,0,0,0,0,0,0,0,0,0,0,0,0,0,0,0,0,0,0,0,0,0,0,0,0,0,0,0,0,0,0,0,0
16339,-0.13,-628,3046,0,0.00,130,109,106,105.24,116.52,0,0,0,0,0,0,0,0,0,0,0,0,0,0,0,0,0,0,0,0,0,0,0,0,0,0,0,0,0,0,0,0
16375,-0.19,-612,2992,0,0.00,130,109,106,105.24,116.52,0,0,0,0,0,0,0,0,0,0,0,0,0,0,0,0,0,0,0,0,0,0,0,0,0,0,0,0,0,0,0,0
16411,-0.23,-605,2966,0,0.00,130,109,106,105.24,116.52,0,0,0,0,0,0,0,0,0,0,0,0,0,0,0,0,0,0,0,0,0,0,0,0,0,0,0,0,0,0,0,0
16447,-0.24,-605,2971,0,0.00,130,109,106,105.24,116.52,0,0,0,0,0,0,0,0,0,0,0,0,0,0,0,0,0,0,0,0,0,0,0,0,0,0,0,0,0,0,0,0
16483,-0.24,-605,2960,0,0.00,130,109,106,105.24,116.52,0,0,0,0,0,0,0,0,0,0,0,0,0,0,0,0,0,0,0,0,0,0,0,0,0,0,0,0,0,0,0,0
16519,-0.29,-598,2979,0,0.00,130,109,106,105.24,116.52,0,0,0,0,0,0,0,0,0,0,0,0,0,0,0,0,0,0,0,0,0,0,0,0,0,0,0,0,0,0,0,0
16555,-0.21,-582,2993,0,0.00,130,109,106,105.24,116.52,0,0,0,0,0,0,0,0,0,0,0,0,0,0,0,0,0,0,0,0,0,0,0,0,0,0,0,0,0,0,0,0
16591,-0.25,-560,2965,0,0.00,130,109,106,105.24,116.52,0,0,0,0,0,0,0,0,0,0,0,0,0,0,0,0,0,0,0,0,0,0,0,0,0,0,0,0,0,0,0,0
16627,-0.21,-537,2967,0,0.00,130,109,106,105.24,116.52,0,0,0,0,0,0,0,0,0,0,0,0,0,0,0,0,0,0,0,0,0,0,0,0,0,0,0,0,0,0,0,0
16663,-0.24,-512,3031,0,0.00,130,109,106,105.24,116.52,0,0,0,0,0,0,0,0,0,0,0,0,0,0,0,0,0,0,0,0,0,0,0,0,0,0,0,0,0,0,0,0
16699,-0.22,-468,3210,0,0.00,130,109,106,105.24,116.52,0,0,0,0,0,0,0,0,0,0,0,0,0,0,0,0,0,0,0,0,0,0,0,0,0,0,0,0,0,0,0,0
16735,-0.17,-389,3314,0,0.00,130,109,106,105.24,116.52,0,0,0,0,0,0,0,0,0,0,0,0,0,0,0,0,0,0,0,0,0,0,0,0,0,0,0,0,0,0,0,0
16771,-0.19,-294,3273,0,0.00,130,109,106,105.24,116.52,0,0,0,0,0,0,0,0,0,0,0,0,0,0,0,0,0,0,0,0,0,0,0,0,0,0,0,0,0,0,0,0
16807,-0.23,-222,3201,0,0.00,130,109,106,105.24,116.52,0,0,0,0,0,0,0,0,0,0,0,0,0,0,0,0,0,0,0,0,0,0,0,0,0,0,0,0,0,0,0,0
16843,-0.24,-194,3152,0,0.00,130,109,106,105.24,116.52,0,0,0,0,0,0,0,0,0,0,0,0,0,0,0,0,0,0,0,0,0,0,0,0,0,0,0,0,0,0,0,0
16879,-0.26,-208,3062,0,0.00,130,109,106,105.24,116.52,0,0,0,0,0,0,0,0,0,0,0,0,0,0,0,0,0,0,0,0,0,0,0,0,0,0,0,0,0,0,0,0
16915,-0.14,-249,3033,0,0.00,130,109,106,105.24,116.52,0,0,0,0,0,0,0,0,0,0,0,0,0,0,0,0,0,0,0,0,0,0,0,0,0,0,0,0,0,0,0,0
16951,-0.19,-294,3056,0,0.00,130,109,106,105.24,116.52,0,0,0,0,0,0,0,0,0,0,0,0,0,0,0,0,0,0,0,0,0,0,0,0,0,0,0,0,0,0,0,0
16987,-0.22,-319,3095,0,0.00,130,109,106,105.24,116.52,0,0,0,0,0,0,0,0,0,0,0,0,0,0,0,0,0,0,0,0,0,0,0,0,0,0,0,0,0,0,0,0
17023,-0.27,-319,3089,0,0.00,130,109,106,105.24,116.52,0,0,0,0,0,0,0,0,0,0,0,0,0,0,0,0,0,0,0,0,0,0,0,0,0,0,0,0,0,0,0,0
17059,-0.19,-305,3053,0,0.00,130,109,106,105.24,116.52,0,0,0,0,0,0,0,0,0,0,0,0,0,0,0,0,0,0,0,0,0,0,0,0,0,0,0,0,0,0,0,0
17095,-0.13,-292,3026,0,0.00,130,109,106,105.24,116.52,0,0,0,0,0,0,0,0,0,0,0,0,0,0,0,0,0,0,0,0,0,0,0,0,0,0,0,0,0,0,0,0
17131,-0.15,-285,3008,0,0.00,130,109,106,105.24,116.52,0,0,0,0,0,0,0,0,0,0,0,0,0,0,0,0,0,0,0,0,0,0,0,0,0,0,0,0,0,0,0,0
17167,-0.15,-282,3011,0,0.00,130,109,106,105.24,116.52,0,0,0,0,0,0,0,0,0,0,0,0,0,0,0,0,0,0,0,0,0,0,0,0,0,0,0,0,0,0,0,0
17203,-0.22,-276,3017,0,0.00,130,109,106,105.24,116.52,0,0,0,0,0,0,0,0,0,0,0,0,0,0,0,0,0,0,0,0,0,0,0,0,0,0,0,0,0,0,0,0
17239,-0.18,-265,3007,0,0.00,130,109,106,105.24,116.52,0,0,0,0,0,0,0,0,0,0,0,0,0,0,0,0,0,0,0,0,0,0,0,0,0,0,0,0,0,0,0,0
17275,-0.21,-252,3001,0,0.00,130,109,106,105.24,116.52,0,0,0,0,0,0,0,0,0,0,0,0,0,0,0,0,0,0,0,0,0,0,0,0,0,0,0,0,0,0,0,0
17311,-0.24,-238,2998,0,0.00,130,109,106,105.24,116.52,0,0,0,0,0,0,0,0,0,0,0,0,0,0,0,0,0,0,0,0,0,0,0,0,0,0,0,0,0,0,0,0
17347,-0.25,-223,2992,0,0.00,130,109,106,105.24,116.52,0,0,0,0,0,0,0,0,0,0,0,0,0,0,0,0,0,0,0,0,0,0,0,0,0,0,0,0,0,0,0,0
17383,-0.12,-211,2961,0,0.00,130,109,106,105.24,116.52,0,0,0,0,0,0,0,0,0,0,0,0,0,0,0,0,0,0,0,0,0,0,0,0,0,0,0,0,0,0,0,0
17419,-0.16,-203,2967,0,0.00,130,109,106,105.24,116.52,0,0,0,0,0,0,0,0,0,0,0,0,0,0,0,0,0,0,0,0,0,0,0,0,0,0,0,0,0,0,0,0
17455,-0.28,-194,2979,0,0.00,130,109,106,105.24,116.52,0,0,0,0,0,0,0,0,0,0,0,0,0,0,0,0,0,0,0,0,0,0,0,0,0,0,0,0,0,0,0,0
17491,-0.17,-180,2974,0,0.00,130,109,106,105.24,116.52,0,0,0,0,0,0,0,0,0,0,0,0,0,0,0,0,0,0,0,0,0,0,0,0,0,0,0,0,0,0,0,0
17527,-0.09,-161,3028,0,0.00,130,109,106,105.24,116.52,0,0,0,0,0,0,0,0,0,0,0,0,0,0,0,0,0,0,0,0,0,0,0,0,0,0,0,0,0,0,0,0
17563,-0.18,-124,3186,0,0.00,130,109,106,105.24,116.52,0,0,0,0,0,0,0,0,0,0,0,0,0,0,0,0,0,0,0,0,0,0,0,0,0,0,0,0,0,0,0,0
17599,-0.18,-56,3307,0,0.00,130,109,106,105.24,116.52,0,0,0,0,0,0,0,0,0,0,0,0,0,0,0,0,0,0,0,0,0,0,0,0,0,0,0,0,0,0,0,0
17635,-0.22,31,3303,0,0.00,130,109,106,105.24,116.52,0,0,0,0,0,0,0,0,0,0,0,0,0,0,0,0,0,0,0,0,0,0,0,0,0,0,0,0,0,0,0,0
17671,-0.12,102,3225,0,0.00,130,109,106,105.24,116.52,0,0,0,0,0,0,0,0,0,0,0,0,0,0,0,0,0,0,0,0,0,0,0,0,0,0,0,0,0,0,0,0
17707,-0.28,130,3186,0,0.00,130,109,106,105.24,116.52,0,0,0,0,0,0,0,0,0,0,0,0,0,0,0,0,0,0,0,0,0,0,0,0,0,0,0,0,0,0,0,0
17743,-0.19,120,3153,0,0.00,130,109,106,105.24,116.52,0,0,0,0,0,0,0,0,0,0,0,0,0,0,0,0,0,0,0,0,0,0,0,0,0,0,0,0,0,0,0,0
17779,-0.21,85,3102,0,0.00,130,109,106,105.24,116.52,0,0,0,0,0,0,0,0,0,0,0,0,0,0,0,0,0,0,0,0,0,0,0,0,0,0,0,0,0,0,0,0
17815,-0.26,38,3056,0,0.00,130,109,106,105.24,116.52,0,0,0,0,0,0,0,0,0,0,0,0,0,0,0,0,0,0,0,0,0,0,0,0,0,0,0,0,0,0,0,0
17851,-0.21,-9,3046,0,0.00,130,109,106,105.24,116.52,0,0,0,0,0,0,0,0,0,0,0,0,0,0,0,0,0,0,0,0,0,0,0,0,0,0,0,0,0,0,0,0
17887,-0.28,-47,3049,0,0.00,130,109,106,105.24,116.52,0,0,0,0,0,0,0,0,0,0,0,0,0,0,0,0,0,0,0,0,0,0,0,0,0,0,0,0,0,0,0,0
17923,-0.17,-69,3035,0,0.00,130,109,106,105.24,116.52,0,0,0,0,0,0,0,0,0,0,0,0,0,0,0,0,0,0,0,0,0,0,0,0,0,0,0,0,0,0,0,0
17959,-0.21,-82,2979,0,0.00,130,109,106,105.24,116.52,0,0,0,0,0,0,0,0,0,0,0,0,0,0,0,0,0,0,0,0,0,0,0,0,0,0,0,0,0,0,0,0
17995,-0.19,-95,2948,0,0.00,130,109,106,105.24,116.52,0,0,0,0,0,0,0,0,0,0,0,0,0,0,0,0,0,0,0,0,0,0,0,0,0,0,0,0,0,0,0,0
18031,-0.26,-108,2970,0,0.00,130,109,106,105.24,116.52,0,0,0,0,0,0,0,0,0,0,0,0,0,0,0,0,0,0,0,0,0,0,0,0,0,0,0,0,0,0,0,0
18067,-0.16,-110,3001,0,0.00,130,109,106,105.24,116.52,0,0,0,0,0,0,0,0,0,0,0,0,0,0,0,0,0,0,0,0,0,0,0,0,0,0,0,0,0,0,0,0
18103,-0.17,-97,3034,0,0.00,130,109,106,105.24,116.52,0,0,0,0,0,0,0,0,0,0,0,0,0,0,0,0,0,0,0,0,0,0,0,0,0,0,0,0,0,0,0,0
18139,-0.21,-71,3055,0,0.00,130,109,106,105.24,116.52,0,0,0,0,0,0,0,0,0,0,0,0,0,0,0,0,0,0,0,0,0,0,0,0,0,0,0,0,0,0,0,0
18175,-0.19,-45,2992,0,0.00,130,109,106,105.24,116.52,0,0,0,0,0,0,0,0,0,0,0,0,0,0,0,0,0,0,0,0,0,0,0,0,0,0,0,0,0,0,0,0
18211,-0.22,-32,2970,0,0.00,130,109,106,105.24,116.52,0,0,0,0,0,0,0,0,0,0,0,0,0,0,0,0,0,0,0,0,0,0,0,0,0,0,0,0,0,0,0,0
18247,-0.17,-33,2970,0,0.00,130,109,106,105.24,116.52,0,0,0,0,0,0,0,0,0,0,0,0,0,0,0,0,0,0,0,0,0,0,0,0,0,0,0,0,0,0,0,0
18283,-0.20,-38,2975,0,0.00,130,109,106,105.24,116.52,0,0,0,0,0,0,0,0,0,0,0,0,0,0,0,0,0,0,0,0,0,0,0,0,0,0,0,0,0,0,0,0
18319,-0.25,-42,2953,0,0.00,130,109,106,105.24,116.52,0,0,0,0,0,0,0,0,0,0,0,0,0,0,0,0,0,0,0,0,0,0,0,0,0,0,0,0,0,0,0,0
18355,-0.27,-46,2939,0,0.00,130,109,106,105.24,116.52,0,0,0,0,0,0,0,0,0,0,0,0,0,0,0,0,0,0,0,0,0,0,0,0,0,0,0,0,0,0,0,0
18391,-0.17,-48,2954,0,0.00,130,109,106,105.24,116.52,0,0,0,0,0,0,0,0,0,0,0,0,0,0,0,0,0,0,0,0,0,0,0,0,0,0,0,0,0,0,0,0
18427,-0.18,-43,2999,0,0.00,130,109,106,105.24,116.52,0,0,0,0,0,0,0,0,0,0,0,0,0,0,0,0,0,0,0,0,0,0,0,0,0,0,0,0,0,0,0,0
18463,-0.22,-26,3015,0,0.00,130,109,106,105.24,116.52,0,0,0,0,0,0,0,0,0,0,0,0,0,0,0,0,0,0,0,0,0,0,0,0,0,0,0,0,0,0,0,0
18499,-0.24,4,3136,0,0.00,130,109,106,105.24,116.52,0,0,0,0,0,0,0,0,0,0,0,0,0,0,0,0,0,0,0,0,0,0,0,0,0,0,0,0,0,0,0,0
18535,-0.15,61,3329,0,0.00,130,109,106,105.24,116.52,0,0,0,0,0,0,0,0,0,0,0,0,0,0,0,0,0,0,0,0,0,0,0,0,0,0,0,0,0,0,0,0
18571,-0.16,150,3423,0,0.00,130,109,106,105.24,116.52,0,0,0,0,0,0,0,0,0,0,0,0,0,0,0,0,0,0,0,0,0,0,0,0,0,0,0,0,0,0,0,0
18607,-0.23,239,3313,0,0.00,130,109,106,105.24,116.52,0,0,0,0,0,0,0,0,0,0,0,0,0,0,0,0,0,0,0,0,0,0,0,0,0,0,0,0,0,0,0,0
18643,-0.22,282,3211,0,0.00,130,109,106,105.24,116.52,0,0,0,0,0,0,0,0,0,0,0,0,0,0,0,0,0,0,0,0,0,0,0,0,0,0,0,0,0,0,0,0
18679,-0.24,265,3163,0,0.00,130,109,106,105.24,116.52,0,0,0,0,0,0,0,0,0,0,0,0,0,0,0,0,0,0,0,0,0,0,0,0,0,0,0,0,0,0,0,0
18715,-0.27,209,3106,0,0.00,130,109,106,105.24,116.52,0,0,0,0,0,0,0,0,0,0,0,0,0,0,0,0,0,0,0,0,0,0,0,0,0,0,0,0,0,0,0,0
18751,-0.25,135,3057,0,0.00,130,109,106,105.24,116.52,0,0,0,0,0,0,0,0,0,0,0,0,0,0,0,0,0,0,0,0,0,0,0,0,0,0,0,0,0,0,0,0
18787,-0.25,64,3062,0,0.00,130,109,106,105.24,116.52,0,0,0,0,0,0,0,0,0,0,0,0,0,0,0,0,0,0,0,0,0,0,0,0,0,0,0,0,0,0,0,0
18823,-0.19,12,3082,0,0.00,130,109,106,105.24,116.52,0,0,0,0,0,0,0,0,0,0,0,0,0,0,0,0,0,0,0,0,0,0,0,0,0,0,0,0,0,0,0,0
18859,-0.19,-13,3086,0,0.00,130,109,106,105.24,116.52,0,0,0,0,0,0,0,0,0,0,0,0,0,0,0,0,0,0,0,0,0,0,0,0,0,0,0,0,0,0,0,0
18895,-0.20,-21,3070,0,0.00,130,109,106,105.24,116.52,0,0,0,0,0,0,0,0,0,0,0,0,0,0,0,0,0,0,0,0,0,0,0,0,0,0,0,0,0,0,0,0
18931,-0.22,-21,3057,0,0.00,130,109,106,105.24,116.52,0,0,0,0,0,0,0,0,0,0,0,0,0,0,0,0,0,0,0,0,0,0,0,0,0,0,0,0,0,0,0,0
18967,-0.19,-22,3041,0,0.00,130,109,106,105.24,116.52,0,0,0,0,0,0,0,0,0,0,0,0,0,0,0,0,0,0,0,0,0,0,0,0,0,0,0,0,0,0,0,0
19003,-0.27,-27,3022,0,0.00,130,109,106,105.24,116.52,0,0,0,0,0,0,0,0,0,0,0,0,0,0,0,0,0,0,0,0,0,0,0,0,0,0,0,0,0,0,0,0
19039,-0.30,-33,3034,0,0.00,130,109,106,105.24,116.52,0,0,0,0,0,0,0,0,0,0,0,0,0,0,0,0,0,0,0,0,0,0,0,0,0,0,0,0,0,0,0,0
19075,-0.33,-37,3039,0,0.00,130,109,106,105.24,116.52,0,0,0,0,0,0,0,0,0,0,0,0,0,0,0,0,0,0,0,0,0,0,0,0,0,0,0,0,0,0,0,0
19111,-0.27,-37,3035,0,0.00,130,109,106,105.24,116.52,0,0,0,0,0,0,0,0,0,0,0,0,0,0,0,0,0,0,0,0,0,0,0,0,0,0,0,0,0,0,0,0
19147,-0.27,-35,3025,0,0.00,130,109,106,105.24,116.52,0,0,0,0,0,0,0,0,0,0,0,0,0,0,0,0,0,0,0,0,0,0,0,0,0,0,0,0,0,0,0,0
19183,-0.28,-33,3019,0,0.00,130,109,106,105.24,116.52,0,0,0,0,0,0,0,0,0,0,0,0,0,0,0,0,0,0,0,0,0,0,0,0,0,0,0,0,0,0,0,0
19219,-0.27,-35,2999,0,0.00,130,109,106,105.24,116.52,0,0,0,0,0,0,0,0,0,0,0,0,0,0,0,0,0,0,0,0,0,0,0,0,0,0,0,0,0,0,0,0
19255,-0.21,-39,2993,0,0.00,130,109,106,105.24,116.52,0,0,0,0,0,0,0,0,0,0,0,0,0,0,0,0,0,0,0,0,0,0,0,0,0,0,0,0,0,0,0,0
19291,-0.23,-44,2987,0,0.00,130,109,106,105.24,116.52,0,0,0,0,0,0,0,0,0,0,0,0,0,0,0,0,0,0,0,0,0,0,0,0,0,0,0,0,0,0,0,0
19327,-0.20,-47,2995,0,0.00,130,109,106,105.24,116.52,0,0,0,0,0,0,0,0,0,0,0,0,0,0,0,0,0,0,0,0,0,0,0,0,0,0,0,0,0,0,0,0
19363,-0.16,-45,3013,0,0.00,130,109,106,105.24,116.52,0,0,0,0,0,0,0,0,0,0,0,0,0,0,0,0,0,0,0,0,0,0,0,0,0,0,0,0,0,0,0,0
19399,-0.25,-39,2992,0,0.00,130,109,106,105.24,116.52,0,0,0,0,0,0,0,0,0,0,0,0,0,0,0,0,0,0,0,0,0,0,0,0,0,0,0,0,0,0,0,0
19435,-0.22,-33,2993,0,0.00,130,109,106,105.24,116.52,0,0,0,0,0,0,0,0,0,0,0,0,0,0,0,0,0,0,0,0,0,0,0,0,0,0,0,0,0,0,0,0
19471,-0.21,-21,3123,0,0.00,130,109,106,105.24,116.52,0,0,0,0,0,0,0,0,0,0,0,0,0,0,0,0,0,0,0,0,0,0,0,0,0,0,0,0,0,0,0,0
19507,-0.19,20,3324,0,0.00,130,109,106,105.24,116.52,0,0,0,0,0,0,0,0,0,0,0,0,0,0,0,0,0,0,0,0,0,0,0,0,0,0,0,0,0,0,0,0
19543,-0.18,101,3419,0,0.00,130,109,106,105.24,116.52,0,0,0,0,0,0,0,0,0,0,0,0,0,0,0,0,0,0,0,0,0,0,0,0,0,0,0,0,0,0,0,0
19579,-0.15,191,3338,0,0.00,130,109,106,105.24,116.52,0,0,0,0,0,0,0,0,0,0,0,0,0,0,0,0,0,0,0,0,0,0,0,0,0,0,0,0,0,0,0,0
19615,-0.11,240,3219,0,0.00,130,109,106,105.24,116.52,0,0,0,0,0,0,0,0,0,0,0,0,0,0,0,0,0,0,0,0,0,0,0,0,0,0,0,0,0,0,0,0
19651,-0.16,232,3189,0,0.00,130,109,106,105.24,116.52,0,0,0,0,0,0,0,0,0,0,0,0,0,0,0,0,0,0,0,0,0,0,0,0,0,0,0,0,0,0,0,0
19687,-0.27,183,3145,0,0.00,130,109,106,105.24,116.52,0,0,0,0,0,0,0,0,0,0,0,0,0,0,0,0,0,0,0,0,0,0,0,0,0,0,0,0,0,0,0,0
19723,-0.22,120,3110,0,0.00,130,109,106,105.24,116.52,0,0,0,0,0,0,0,0,0,0,0,0,0,0,0,0,0,0,0,0,0,0,0,0,0,0,0,0,0,0,0,0
19759,-0.26,58,3103,0,0.00,130,109,106,105.24,116.52,0,0,0,0,0,0,0,0,0,0,0,0,0,0,0,0,0,0,0,0,0,0,0,0,0,0,0,0,0,0,0,0
19795,-0.26,13,3151,0,0.00,130,109,106,105.24,116.52,0,0,0,0,0,0,0,0,0,0,0,0,0,0,0,0,0,0,0,0,0,0,0,0,0,0,0,0,0,0,0,0
19831,-0.22,-8,3133,0,0.00,130,109,106,105.24,116.52,0,0,0,0,0,0,0,0,0,0,0,0,0,0,0,0,0,0,0,0,0,0,0,0,0,0,0,0,0,0,0,0
19867,-0.26,-16,3088,0,0.00,130,109,106,105.24,116.52,0,0,0,0,0,0,0,0,0,0,0,0,0,0,0,0,0,0,0,0,0,0,0,0,0,0,0,0,0,0,0,0
19903,-0.27,-29,3029,0,0.00,130,109,106,105.24,116.52,0,0,0,0,0,0,0,0,0,0,0,0,0,0,0,0,0,0,0,0,0,0,0,0,0,0,0,0,0,0,0,0
19939,-0.14,-49,3030,0,0.00,130,109,106,105.24,116.52,0,0,0,0,0,0,0,0,0,0,0,0,0,0,0,0,0,0,0,0,0,0,0,0,0,0,0,0,0,0,0,0
19975,-0.15,-72,2990,0,0.00,130,109,106,105.24,116.52,0,0,0,0,0,0,0,0,0,0,0,0,0,0,0,0,0,0,0,0,0,0,0,0,0,0,0,0,0,0,0,0
20011,-0.18,-94,2987,0,0.00,130,109,106,105.24,116.52,0,0,0,0,0,0,0,0,0,0,0,0,0,0,0,0,0,0,0,0,0,0,0,0,0,0,0,0,0,0,0,0
20047,-0.24,-107,3019,0,0.00,130,109,106,105.24,116.52,0,0,0,0,0,0,0,0,0,0,0,0,0,0,0,0,0,0,0,0,0,0,0,0,0,0,0,0,0,0,0,0
20083,-0.20,-106,3026,0,0.00,130,109,106,105.24,116.52,0,0,0,0,0,0,0,0,0,0,0,0,0,0,0,0,0,0,0,0,0,0,0,0,0,0,0,0,0,0,0,0
20119,-0.12,-96,3024,0,0.00,130,109,106,105.24,116.52,0,0,0,0,0,0,0,0,0,0,0,0,0,0,0,0,0,0,0,0,0,0,0,0,0,0,0,0,0,0,0,0
20155,-0.24,-80,3052,0,0.00,130,109,106,105.24,116.52,0,0,0,0,0,0,0,0,0,0,0,0,0,0,0,0,0,0,0,0,0,0,0,0,0,0,0,0,0,0,0,0
20191,-0.17,-63,3029,0,0.00,130,109,106,105.24,116.52,0,0,0,0,0,0,0,0,0,0,0,0,0,0,0,0,0,0,0,0,0,0,0,0,0,0,0,0,0,0,0,0
20227,-0.30,-52,3007,0,0.00,130,109,106,105.24,116.52,0,0,0,0,0,0,0,0,0,0,0,0,0,0,0,0,0,0,0,0,0,0,0,0,0,0,0,0,0,0,0,0
20263,-0.22,-51,2987,0,0.00,130,109,106,105.24,116.52,0,0,0,0,0,0,0,0,0,0,0,0,0,0,0,0,0,0,0,0,0,0,0,0,0,0,0,0,0,0,0,0
20299,-0.21,-57,2974,0,0.00,130,109,106,105.24,116.52,0,0,0,0,0,0,0,0,0,0,0,0,0,0,0,0,0,0,0,0,0,0,0,0,0,0,0,0,0,0,0,0
20335,-0.22,-61,3041,0,0.00,130,109,106,105.24,116.52,0,0,0,0,0,0,0,0,0,0,0,0,0,0,0,0,0,0,0,0,0,0,0,0,0,0,0,0,0,0,0,0
20371,-0.23,-42,3217,0,0.00,130,109,106,105.24,116.52,0,0,0,0,0,0,0,0,0,0,0,0,0,0,0,0,0,0,0,0,0,0,0,0,0,0,0,0,0,0,0,0
20407,-0.27,17,3376,0,0.00,130,109,106,105.24,116.52,0,0,0,0,0,0,0,0,0,0,0,0,0,0,0,0,0,0,0,0,0,0,0,0,0,0,0,0,0,0,0,0
20443,-0.19,106,3351,0,0.00,130,109,106,105.24,116.52,0,0,0,0,0,0,0,0,0,0,0,0,0,0,0,0,0,0,0,0,0,0,0,0,0,0,0,0,0,0,0,0
20479,-0.23,174,3219,0,0.00,130,109,106,105.24,116.52,0,0,0,0,0,0,0,0,0,0,0,0,0,0,0,0,0,0,0,0,0,0,0,0,0,0,0,0,0,0,0,0
20515,-0.16,186,3125,0,0.00,130,109,106,105.24,116.52,0,0,0,0,0,0,0,0,0,0,0,0,0,0,0,0,0,0,0,0,0,0,0,0,0,0,0,0,0,0,0,0
20551,-0.18,144,3071,0,0.00,130,109,106,105.24,116.52,0,0,0,0,0,0,0,0,0,0,0,0,0,0,0,0,0,0,0,0,0,0,0,0,0,0,0,0,0,0,0,0
20587,-0.20,75,3031,0,0.00,130,109,106,105.24,116.52,0,0,0,0,0,0,0,0,0,0,0,0,0,0,0,0,0,0,0,0,0,0,0,0,0,0,0,0,0,0,0,0
20623,-0.14,6,3037,0,0.00,130,109,106,105.24,116.52,0,0,0,0,0,0,0,0,0,0,0,0,0,0,0,0,0,0,0,0,0,0,0,0,0,0,0,0,0,0,0,0
20659,-0.16,-43,3051,0,0.00,130,109,106,105.24,116.52,0,0,0,0,0,0,0,0,0,0,0,0,0,0,0,0,0,0,0,0,0,0,0,0,0,0,0,0,0,0,0,0
20695,-0.18,-68,3057,0,0.00,130,109,106,105.24,116.52,0,0,0,0,0,0,0,0,0,0,0,0,0,0,0,0,0,0,0,0,0,0,0,0,0,0,0,0,0,0,0,0
20731,-0.27,-72,3070,0,0.00,130,109,106,105.24,116.52,0,0,0,0,0,0,0,0,0,0,0,0,0,0,0,0,0,0,0,0,0,0,0,0,0,0,0,0,0,0,0,0
20767,-0.23,-67,3006,0,0.00,130,109,106,105.24,116.52,0,0,0,0,0,0,0,0,0,0,0,0,0,0,0,0,0,0,0,0,0,0,0,0,0,0,0,0,0,0,0,0
20803,-0.16,-70,2958,0,0.00,130,109,106,105.24,116.52,0,0,0,0,0,0,0,0,0,0,0,0,0,0,0,0,0,0,0,0,0,0,0,0,0,0,0,0,0,0,0,0
20839,-0.18,-84,2945,0,0.00,130,109,106,105.24,116.52,0,0,0,0,0,0,0,0,0,0,0,0,0,0,0,0,0,0,0,0,0,0,0,0,0,0,0,0,0,0,0,0
20875,-0.19,-101,2947,0,0.00,130,109,106,105.24,116.52,0,0,0,0,0,0,0,0,0,0,0,0,0,0,0,0,0,0,0,0,0,0,0,0,0,0,0,0,0,0,0,0
20911,-0.22,-108,2995,0,0.00,130,109,106,105.24,116.52,0,0,0,0,0,0,0,0,0,0,0,0,0,0,0,0,0,0,0,0,0,0,0,0,0,0,0,0,0,0,0,0
20947,-0.18,-98,3038,0,0.00,130,109,106,105.24,116.52,0,0,0,0,0,0,0,0,0,0,0,0,0,0,0,0,0,0,0,0,0,0,0,0,0,0,0,0,0,0,0,0
20983,-0.19,-75,3019,0,0.00,130,109,106,105.24,116.52,0,0,0,0,0,0,0,0,0,0,0,0,0,0,0,0,0,0,0,0,0,0,0,0,0,0,0,0,0,0,0,0
21019,-0.24,-51,3003,0,0.00,130,109,106,105.24,116.52,0,0,0,0,0,0,0,0,0,0,0,0,0,0,0,0,0,0,0,0,0,0,0,0,0,0,0,0,0,0,0,0
21055,-0.26,-38,2983,0,0.00,130,109,106,105.24,116.52,0,0,0,0,0,0,0,0,0,0,0,0,0,0,0,0,0,0,0,0,0,0,0,0,0,0,0,0,0,0,0,0
21091,-0.14,-35,2967,0,0.00,130,109,106,105.24,116.52,0,0,0,0,0,0,0,0,0,0,0,0,0,0,0,0,0,0,0,0,0,0,0,0,0,0,0,0,0,0,0,0
21127,-0.26,-40,2966,0,0.00,130,109,106,105.24,116.52,0,0,0,0,0,0,0,0,0,0,0,0,0,0,0,0,0,0,0,0,0,0,0,0,0,0,0,0,0,0,0,0
21163,-0.27,-44,2983,0,0.00,130,109,106,105.24,116.52,0,0,0,0,0,0,0,0,0,0,0,0,0,0,0,0,0,0,0,0,0,0,0,0,0,0,0,0,0,0,0,0
21199,-0.15,-43,2980,0,0.00,130,109,106,105.24,116.52,0,0,0,0,0,0,0,0,0,0,0,0,0,0,0,0,0,0,0,0,0,0,0,0,0,0,0,0,0,0,0,0
21235,-0.16,-39,2979,0,0.00,130,109,106,105.24,116.52,0,0,0,0,0,0,0,0,0,0,0,0,0,0,0,0,0,0,0,0,0,0,0,0,0,0,0,0,0,0,0,0
21271,-0.19,-34,2951,0,0.00,130,109,106,105.24,116.52,0,0,0,0,0,0,0,0,0,0,0,0,0,0,0,0,0,0,0,0,0,0,0,0,0,0,0,0,0,0,0,0
21307,-0.19,-33,2957,0,0.00,130,109,106,105.24,116.52,0,0,0,0,0,0,0,0,0,0,0,0,0,0,0,0,0,0,0,0,0,0,0,0,0,0,0,0,0,0,0,0
21343,-0.15,-29,3014,0,0.00,130,109,106,105.24,116.52,0,0,0,0,0,0,0,0,0,0,0,0,0,0,0,0,0,0,0,0,0,0,0,0,0,0,0,0,0,0,0,0
21379,-0.20,-5,3179,0,0.00,130,109,106,105.24,116.52,0,0,0,0,0,0,0,0,0,0,0,0,0,0,0,0,0,0,0,0,0,0,0,0,0,0,0,0,0,0,0,0
21415,-0.16,51,3297,0,0.00,130,109,106,105.24,116.52,0,0,0,0,0,0,0,0,0,0,0,0,0,0,0,0,0,0,0,0,0,0,0,0,0,0,0,0,0,0,0,0
21451,-0.27,129,3283,0,0.00,130,109,106,105.24,116.52,0,0,0,0,0,0,0,0,0,0,0,0,0,0,0,0,0,0,0,0,0,0,0,0,0,0,0,0,0,0,0,0
21487,-0.17,188,3181,0,0.00,130,109,106,105.24,116.52,0,0,0,0,0,0,0,0,0,0,0,0,0,0,0,0,0,0,0,0,0,0,0,0,0,0,0,0,0,0,0,0
21523,-0.18,198,3090,0,0.00,130,109,106,105.24,116.52,0,0,0,0,0,0,0,0,0,0,0,0,0,0,0,0,0,0,0,0,0,0,0,0,0,0,0,0,0,0,0,0
21559,-0.20,160,3038,0,0.00,130,109,106,105.24,116.52,0,0,0,0,0,0,0,0,0,0,0,0,0,0,0,0,0,0,0,0,0,0,0,0,0,0,0,0,0,0,0,0
21595,-0.18,98,3007,0,0.00,130,109,106,105.24,116.52,0,0,0,0,0,0,0,0,0,0,0,0,0,0,0,0,0,0,0,0,0,0,0,0,0,0,0,0,0,0,0,0
21631,-0.20,34,3006,0,0.00,130,109,106,105.24,116.52,0,0,0,0,0,0,0,0,0,0,0,0,0,0,0,0,0,0,0,0,0,0,0,0,0,0,0,0,0,0,0,0
21667,-0.20,-11,3030,0,0.00,130,109,106,105.24,116.52,0,0,0,0,0,0,0,0,0,0,0,0,0,0,0,0,0,0,0,0,0,0,0,0,0,0,0,0,0,0,0,0
21703,-0.26,-33,3034,0,0.00,130,109,106,105.24,116.52,0,0,0,0,0,0,0,0,0,0,0,0,0,0,0,0,0,0,0,0,0,0,0,0,0,0,0,0,0,0,0,0
21739,-0.24,-38,3026,0,0.00,130,109,106,105.24,116.52,0,0,0,0,0,0,0,0,0,0,0,0,0,0,0,0,0,0,0,0,0,0,0,0,0,0,0,0,0,0,0,0
21775,-0.24,-34,3024,0,0.00,130,109,106,105.24,116.52,0,0,0,0,0,0,0,0,0,0,0,0,0,0,0,0,0,0,0,0,0,0,0,0,0,0,0,0,0,0,0,0
21811,-0.20,-31,2983,0,0.00,130,109,106,105.24,116.52,0,0,0,0,0,0,0,0,0,0,0,0,0,0,0,0,0,0,0,0,0,0,0,0,0,0,0,0,0,0,0,0
21847,-0.22,-36,2947,0,0.00,130,109,106,105.24,116.52,0,0,0,0,0,0,0,0,0,0,0,0,0,0,0,0,0,0,0,0,0,0,0,0,0,0,0,0,0,0,0,0
21883,-0.16,-48,2962,0,0.00,130,109,106,105.24,116.52,0,0,0,0,0,0,0,0,0,0,0,0,0,0,0,0,0,0,0,0,0,0,0,0,0,0,0,0,0,0,0,0
21919,-0.17,-56,2990,0,0.00,130,109,106,105.24,116.52,0,0,0,0,0,0,0,0,0,0,0,0,0,0,0,0,0,0,0,0,0,0,0,0,0,0,0,0,0,0,0,0
21955,-0.23,-55,2971,0,0.00,130,109,106,105.24,116.52,0,0,0,0,0,0,0,0,0,0,0,0,0,0,0,0,0,0,0,0,0,0,0,0,0,0,0,0,0,0,0,0
21991,-0.23,-49,2987,0,0.00,130,109,106,105.24,116.52,0,0,0,0,0,0,0,0,0,0,0,0,0,0,0,0,0,0,0,0,0,0,0,0,0,0,0,0,0,0,0,0
22027,-0.18,-39,3024,0,0.00,130,109,106,105.24,116.52,0,0,0,0,0,0,0,0,0,0,0,0,0,0,0,0,0,0,0,0,0,0,0,0,0,0,0,0,0,0,0,0
22063,-0.13,-22,3017,0,0.00,130,109,106,105.24,116.52,0,0,0,0,0,0,0,0,0,0,0,0,0,0,0,0,0,0,0,0,0,0,0,0,0,0,0,0,0,0,0,0
22099,-0.22,-8,2998,0,0.00,130,109,106,105.24,116.52,0,0,0,0,0,0,0,0,0,0,0,0,0,0,0,0,0,0,0,0,0,0,0,0,0,0,0,0,0,0,0,0
22135,-0.18,-3,2958,0,0.00,130,109,106,105.24,116.52,0,0,0,0,0,0,0,0,0,0,0,0,0,0,0,0,0,0,0,0,0,0,0,0,0,0,0,0,0,0,0,0
22171,-0.11,-11,2941,0,0.00,130,109,106,105.24,116.52,0,0,0,0,0,0,0,0,0,0,0,0,0,0,0,0,0,0,0,0,0,0,0,0,0,0,0,0,0,0,0,0
22207,-0.15,-25,2935,0,0.00,130,109,106,105.24,116.52,0,0,0,0,0,0,0,0,0,0,0,0,0,0,0,0,0,0,0,0,0,0,0,0,0,0,0,0,0,0,0,0
22243,-0.21,-36,2963,0,0.00,130,109,106,105.24,116.52,0,0,0,0,0,0,0,0,0,0,0,0,0,0,0,0,0,0,0,0,0,0,0,0,0,0,0,0,0,0,0,0
22279,-0.23,-37,2986,0,0.00,130,109,106,105.24,116.52,0,0,0,0,0,0,0,0,0,0,0,0,0,0,0,0,0,0,0,0,0,0,0,0,0,0,0,0,0,0,0,0
22315,-0.14,-27,3005,0,0.00,130,109,106,105.24,116.52,0,0,0,0,0,0,0,0,0,0,0,0,0,0,0,0,0,0,0,0,0,0,0,0,0,0,0,0,0,0,0,0
22351,-0.15,-5,3070,0,0.00,130,109,106,105.24,116.52,0,0,0,0,0,0,0,0,0,0,0,0,0,0,0,0,0,0,0,0,0,0,0,0,0,0,0,0,0,0,0,0
22387,-0.03,31,3197,0,0.00,130,109,106,105.24,116.52,0,0,0,0,0,0,0,0,0,0,0,0,0,0,0,0,0,0,0,0,0,0,0,0,0,0,0,0,0,0,0,0
22423,-0.21,88,3263,0,0.00,130,109,106,105.24,116.52,0,0,0,0,0,0,0,0,0,0,0,0,0,0,0,0,0,0,0,0,0,0,0,0,0,0,0,0,0,0,0,0
22459,-0.13,146,3198,0,0.00,130,109,106,105.24,116.52,0,0,0,0,0,0,0,0,0,0,0,0,0,0,0,0,0,0,0,0,0,0,0,0,0,0,0,0,0,0,0,0
22495,-0.14,174,3107,0,0.00,130,109,106,105.24,116.52,0,0,0,0,0,0,0,0,0,0,0,0,0,0,0,0,0,0,0,0,0,0,0,0,0,0,0,0,0,0,0,0
22531,-0.21,158,3037,0,0.00,130,109,106,105.24,116.52,0,0,0,0,0,0,0,0,0,0,0,0,0,0,0,0,0,0,0,0,0,0,0,0,0,0,0,0,0,0,0,0
22567,-0.23,109,3011,0,0.00,130,109,106,105.24,116.52,0,0,0,0,0,0,0,0,0,0,0,0,0,0,0,0,0,0,0,0,0,0,0,0,0,0,0,0,0,0,0,0
22603,-0.13,53,3022,0,0.00,130,109,106,105.24,116.52,0,0,0,0,0,0,0,0,0,0,0,0,0,0,0,0,0,0,0,0,0,0,0,0,0,0,0,0,0,0,0,0
22639,-0.19,8,3004,0,0.00,130,109,106,105.24,116.52,0,0,0,0,0,0,0,0,0,0,0,0,0,0,0,0,0,0,0,0,0,0,0,0,0,0,0,0,0,0,0,0
22675,-0.20,-22,2995,0,0.00,130,109,106,105.24,116.52,0,0,0,0,0,0,0,0,0,0,0,0,0,0,0,0,0,0,0,0,0,0,0,0,0,0,0,0,0,0,0,0
22711,-0.15,-39,2999,0,0.00,130,109,106,105.24,116.52,0,0,0,0,0,0,0,0,0,0,0,0,0,0,0,0,0,0,0,0,0,0,0,0,0,0,0,0,0,0,0,0
22747,-0.12,-45,3004,0,0.00,130,109,106,105.24,116.52,0,0,0,0,0,0,0,0,0,0,0,0,0,0,0,0,0,0,0,0,0,0,0,0,0,0,0,0,0,0,0,0
22783,-0.19,-45,2987,0,0.00,130,109,106,105.24,116.52,0,0,0,0,0,0,0,0,0,0,0,0,0,0,0,0,0,0,0,0,0,0,0,0,0,0,0,0,0,0,0,0
22819,-0.21,-42,2989,0,0.00,130,109,106,105.24,116.52,0,0,0,0,0,0,0,0,0,0,0,0,0,0,0,0,0,0,0,0,0,0,0,0,0,0,0,0,0,0,0,0
22855,-0.25,-40,2988,0,0.00,130,109,106,105.24,116.52,0,0,0,0,0,0,0,0,0,0,0,0,0,0,0,0,0,0,0,0,0,0,0,0,0,0,0,0,0,0,0,0
22891,-0.17,-38,2978,0,0.00,130,109,106,105.24,116.52,0,0,0,0,0,0,0,0,0,0,0,0,0,0,0,0,0,0,0,0,0,0,0,0,0,0,0,0,0,0,0,0
22927,-0.26,-40,2938,0,0.00,130,109,106,105.24,116.52,0,0,0,0,0,0,0,0,0,0,0,0,0,0,0,0,0,0,0,0,0,0,0,0,0,0,0,0,0,0,0,0
22963,-0.26,-46,2951,0,0.00,130,109,106,105.24,116.52,0,0,0,0,0,0,0,0,0,0,0,0,0,0,0,0,0,0,0,0,0,0,0,0,0,0,0,0,0,0,0,0
22999,-0.27,-51,2970,0,0.00,130,109,106,105.24,116.52,0,0,0,0,0,0,0,0,0,0,0,0,0,0,0,0,0,0,0,0,0,0,0,0,0,0,0,0,0,0,0,0
23035,-0.21,-48,2983,0,0.00,130,109,106,105.24,116.52,0,0,0,0,0,0,0,0,0,0,0,0,0,0,0,0,0,0,0,0,0,0,0,0,0,0,0,0,0,0,0,0
23071,-0.19,-39,2986,0,0.00,130,109,106,105.24,116.52,0,0,0,0,0,0,0,0,0,0,0,0,0,0,0,0,0,0,0,0,0,0,0,0,0,0,0,0,0,0,0,0
23107,-0.14,-28,2966,0,0.00,130,109,106,105.24,116.52,0,0,0,0,0,0,0,0,0,0,0,0,0,0,0,0,0,0,0,0,0,0,0,0,0,0,0,0,0,0,0,0
23143,-0.15,-23,2959,0,0.00,130,109,106,105.24,116.52,0,0,0,0,0,0,0,0,0,0,0,0,0,0,0,0,0,0,0,0,0,0,0,0,0,0,0,0,0,0,0,0
23179,-0.17,-21,2971,0,0.00,130,109,106,105.24,116.52,0,0,0,0,0,0,0,0,0,0,0,0,0,0,0,0,0,0,0,0,0,0,0,0,0,0,0,0,0,0,0,0
23215,-0.17,-19,2969,0,0.00,130,109,106,105.24,116.52,0,0,0,0,0,0,0,0,0,0,0,0,0,0,0,0,0,0,0,0,0,0,0,0,0,0,0,0,0,0,0,0
23251,-0.13,-17,2975,0,0.00,130,109,106,105.24,116.52,0,0,0,0,0,0,0,0,0,0,0,0,0,0,0,0,0,0,0,0,0,0,0,0,0,0,0,0,0,0,0,0
23287,-0.17,-14,2961,0,0.00,130,109,106,105.24,116.52,0,0,0,0,0,0,0,0,0,0,0,0,0,0,0,0,0,0,0,0,0,0,0,0,0,0,0,0,0,0,0,0
23323,-0.17,-12,2956,0,0.00,130,109,106,105.24,116.52,0,0,0,0,0,0,0,0,0,0,0,0,0,0,0,0,0,0,0,0,0,0,0,0,0,0,0,0,0,0,0,0
23359,-0.21,-13,2960,0,0.00,130,109,106,105.24,116.52,0,0,0,0,0,0,0,0,0,0,0,0,0,0,0,0,0,0,0,0,0,0,0,0,0,0,0,0,0,0,0,0
23395,-0.19,-12,2973,0,0.00,130,109,106,105.24,116.52,0,0,0,0,0,0,0,0,0,0,0,0,0,0,0,0,0,0,0,0,0,0,0,0,0,0,0,0,0,0,0,0
23431,-0.07,-9,2957,0,0.00,130,109,106,105.24,116.52,0,0,0,0,0,0,0,0,0,0,0,0,0,0,0,0,0,0,0,0,0,0,0,0,0,0,0,0,0,0,0,0
23467,-0.23,-3,3023,0,0.00,130,109,106,105.24,116.52,0,0,0,0,0,0,0,0,0,0,0,0,0,0,0,0,0,0,0,0,0,0,0,0,0,0,0,0,0,0,0,0
23503,-0.15,19,3163,0,0.00,130,109,106,105.24,116.52,0,0,0,0,0,0,0,0,0,0,0,0,0,0,0,0,0,0,0,0,0,0,0,0,0,0,0,0,0,0,0,0
23539,-0.23,69,3249,0,0.00,130,109,106,105.24,116.52,0,0,0,0,0,0,0,0,0,0,0,0,0,0,0,0,0,0,0,0,0,0,0,0,0,0,0,0,0,0,0,0
23575,-0.20,129,3172,0,0.00,130,109,106,105.24,116.52,0,0,0,0,0,0,0,0,0,0,0,0,0,0,0,0,0,0,0,0,0,0,0,0,0,0,0,0,0,0,0,0
23611,-0.25,159,3063,0,0.00,130,109,106,105.24,116.52,0,0,0,0,0,0,0,0,0,0,0,0,0,0,0,0,0,0,0,0,0,0,0,0,0,0,0,0,0,0,0,0
23647,-0.15,145,3023,0,0.00,130,109,106,105.24,116.52,0,0,0,0,0,0,0,0,0,0,0,0,0,0,0,0,0,0,0,0,0,0,0,0,0,0,0,0,0,0,0,0
23683,-0.24,101,3020,0,0.00,130,109,106,105.24,116.52,0,0,0,0,0,0,0,0,0,0,0,0,0,0,0,0,0,0,0,0,0,0,0,0,0,0,0,0,0,0,0,0
23719,-0.13,56,3046,0,0.00,130,109,106,105.24,116.52,0,0,0,0,0,0,0,0,0,0,0,0,0,0,0,0,0,0,0,0,0,0,0,0,0,0,0,0,0,0,0,0
23755,-0.20,25,3039,0,0.00,130,109,106,105.24,116.52,0,0,0,0,0,0,0,0,0,0,0,0,0,0,0,0,0,0,0,0,0,0,0,0,0,0,0,0,0,0,0,0
23791,-0.19,6,3008,0,0.00,130,109,106,105.24,116.52,0,0,0,0,0,0,0,0,0,0,0,0,0,0,0,0,0,0,0,0,0,0,0,0,0,0,0,0,0,0,0,0
23827,-0.19,-7,2991,0,0.00,130,109,106,105.24,116.52,0,0,0,0,0,0,0,0,0,0,0,0,0,0,0,0,0,0,0,0,0,0,0,0,0,0,0,0,0,0,0,0
23863,-0.15,-20,2992,0,0.00,130,109,106,105.24,116.52,0,0,0,0,0,0,0,0,0,0,0,0,0,0,0,0,0,0,0,0,0,0,0,0,0,0,0,0,0,0,0,0
23899,-0.07,-29,2992,0,0.00,130,109,106,105.24,116.52,0,0,0,0,0,0,0,0,0,0,0,0,0,0,0,0,0,0,0,0,0,0,0,0,0,0,0,0,0,0,0,0
23935,-0.13,-33,2993,0,0.00,130,109,106,105.24,116.52,0,0,0,0,0,0,0,0,0,0,0,0,0,0,0,0,0,0,0,0,0,0,0,0,0,0,0,0,0,0,0,0
23971,-0.11,-34,2990,0,0.00,130,109,106,105.24,116.52,0,0,0,0,0,0,0,0,0,0,0,0,0,0,0,0,0,0,0,0,0,0,0,0,0,0,0,0,0,0,0,0
24007,-0.16,-33,2982,0,0.00,130,109,106,105.24,116.52,0,0,0,0,0,0,0,0,0,0,0,0,0,0,0,0,0,0,0,0,0,0,0,0,0,0,0,0,0,0,0,0
24043,-0.16,-33,2978,0,0.00,130,109,106,105.24,116.52,0,0,0,0,0,0,0,0,0,0,0,0,0,0,0,0,0,0,0,0,0,0,0,0,0,0,0,0,0,0,0,0
24079,-0.24,-33,2977,0,0.00,130,109,106,105.24,116.52,0,0,0,0,0,0,0,0,0,0,0,0,0,0,0,0,0,0,0,0,0,0,0,0,0,0,0,0,0,0,0,0
24115,-0.17,-33,2975,0,0.00,130,109,106,105.24,116.52,0,0,0,0,0,0,0,0,0,0,0,0,0,0,0,0,0,0,0,0,0,0,0,0,0,0,0,0,0,0,0,0
24151,-0.28,-34,2961,0,0.00,130,109,106,105.24,116.52,0,0,0,0,0,0,0,0,0,0,0,0,0,0,0,0,0,0,0,0,0,0,0,0,0,0,0,0,0,0,0,0
24187,-0.18,-36,2950,0,0.00,130,109,106,105.24,116.52,0,0,0,0,0,0,0,0,0,0,0,0,0,0,0,0,0,0,0,0,0,0,0,0,0,0,0,0,0,0,0,0
24223,-0.13,-39,2967,0,0.00,130,109,106,105.24,116.52,0,0,0,0,0,0,0,0,0,0,0,0,0,0,0,0,0,0,0,0,0,0,0,0,0,0,0,0,0,0,0,0
24259,3.42,-37,2974,0,0.00,130,109,106,105.24,116.52,0,0,0,0,0,0,0,0,0,0,0,0,0,0,0,0,0,0,0,0,0,0,0,0,0,0,0,0,0,0,0,0
24295,1.82,-34,2947,0,0.00,130,109,106,105.24,116.52,0,0,0,0,0,0,0,0,0,0,0,0,0,0,0,0,0,0,0,0,0,0,0,0,0,0,0,0,0,0,0,0
24331,4.74,-34,2931,0,0.00,130,109,106,105.24,116.52,0,0,0,0,0,0,0,0,0,0,0,0,0,0,0,0,0,0,0,0,0,0,0,0,0,0,0,0,0,0,0,0
24367,2.38,-36,2960,0,0.00,130,109,106,105.24,116.52,0,0,0,0,0,0,0,0,0,0,0,0,0,0,0,0,0,0,0,0,0,0,0,0,0,0,0,0,0,0,0,0
24403,1.32,-32,2983,0,0.00,130,109,106,105.24,116.52,0,0,0,0,0,0,0,0,0,0,0,0,0,0,0,0,0,0,0,0,0,0,0,0,0,0,0,0,0,0,0,0
24439,17.53,-23,2966,0,0.00,130,109,106,105.24,116.52,0,0,0,0,0,0,0,0,0,0,0,0,0,0,0,0,0,0,0,0,0,0,0,0,0,0,0,0,0,0,0,0
24475,26.96,-14,2971,0,0.00,130,109,106,105.24,116.52,0,0,0,0,0,0,0,0,0,0,0,0,0,0,0,0,0,0,0,0,0,0,0,0,0,0,0,0,0,0,0,0
24511,31.36,-8,2966,0,0.00,130,109,106,105.24,116.52,0,0,0,0,0,0,0,0,0,0,0,0,0,0,0,0,0,0,0,0,0,0,0,0,0,0,0,0,0,0,0,0
24547,34.13,-4,2976,0,0.00,130,109,106,105.24,116.52,0,0,0,0,0,0,0,0,0,0,0,0,0,0,0,0,0,0,0,0,0,0,0,0,0,0,0,0,0,0,0,0
24583,35.59,-1,2967,0,0.00,130,109,106,105.24,116.52,0,0,0,0,0,0,0,0,0,0,0,0,0,0,0,0,0,0,0,0,0,0,0,0,0,0,0,0,0,0,0,0
24619,36.28,5,3054,0,0.00,130,109,106,105.24,116.52,0,0,0,0,0,0,0,0,0,0,0,0,0,0,0,0,0,0,0,0,0,0,0,0,0,0,0,0,0,0,0,0
24655,35.27,33,3212,0,0.00,130,109,106,105.24,116.52,0,0,0,0,0,0,0,0,0,0,0,0,0,0,0,0,0,0,0,0,0,0,0,0,0,0,0,0,0,0,0,0
24691,33.33,90,3280,0,0.00,130,109,106,105.24,116.52,0,0,0,0,0,0,0,0,0,0,0,0,0,0,0,0,0,0,0,0,0,0,0,0,0,0,0,0,0,0,0,0
24727,30.48,154,3215,0,0.00,130,109,106,105.24,116.52,0,0,0,0,0,0,0,0,0,0,0,0,0,0,0,0,0,0,0,0,0,0,0,0,0,0,0,0,0,0,0,0
24763,30.43,186,3102,0,0.00,130,109,106,105.24,116.52,0,0,0,0,0,0,0,0,0,0,0,0,0,0,0,0,0,0,0,0,0,0,0,0,0,0,0,0,0,0,0,0
24799,32.52,169,3027,0,0.00,130,109,106,105.24,116.52,0,0,0,0,0,0,0,0,0,0,0,0,0,0,0,0,0,0,0,0,0,0,0,0,0,0,0,0,0,0,0,0
24835,31.91,115,3003,0,0.00,130,109,106,105.24,116.52,0,0,0,0,0,0,0,0,0,0,0,0,0,0,0,0,0,0,0,0,0,0,0,0,0,0,0,0,0,0,0,0
24871,32.68,51,2990,0,0.00,130,109,106,105.24,116.52,0,0,0,0,0,0,0,0,0,0,0,0,0,0,0,0,0,0,0,0,0,0,0,0,0,0,0,0,0,0,0,0
24907,33.12,0,3023,0,0.00,130,109,106,105.24,116.52,0,0,0,0,0,0,0,0,0,0,0,0,0,0,0,0,0,0,0,0,0,0,0,0,0,0,0,0,0,0,0,0
24943,32.75,-25,3056,0,0.00,130,109,106,105.24,116.52,0,0,0,0,0,0,0,0,0,0,0,0,0,0,0,0,0,0,0,0,0,0,0,0,0,0,0,0,0,0,0,0
24979,32.49,-25,3083,0,0.00,130,109,106,105.24,116.52,0,0,0,0,0,0,0,0,0,0,0,0,0,0,0,0,0,0,0,0,0,0,0,0,0,0,0,0,0,0,0,0
25015,32.23,-12,3063,0,0.00,130,109,106,105.24,116.52,0,0,0,0,0,0,0,0,0,0,0,0,0,0,0,0,0,0,0,0,0,0,0,0,0,0,0,0,0,0,0,0
25051,32.34,0,3024,0,0.00,130,109,106,105.24,116.52,0,0,0,0,0,0,0,0,0,0,0,0,0,0,0,0,0,0,0,0,0,0,0,0,0,0,0,0,0,0,0,0
25087,32.47,-3,2977,0,0.00,130,109,106,105.24,116.52,0,0,0,0,0,0,0,0,0,0,0,0,0,0,0,0,0,0,0,0,0,0,0,0,0,0,0,0,0,0,0,0
25123,32.74,-19,2975,0,0.00,130,109,106,105.24,116.52,0,0,0,0,0,0,0,0,0,0,0,0,0,0,0,0,0,0,0,0,0,0,0,0,0,0,0,0,0,0,0,0
25159,32.99,-38,2973,0,0.00,130,109,106,105.24,116.52,0,0,0,0,0,0,0,0,0,0,0,0,0,0,0,0,0,0,0,0,0,0,0,0,0,0,0,0,0,0,0,0
25195,33.29,-53,2976,0,0.00,130,109,106,105.24,116.52,0,0,0,0,0,0,0,0,0,0,0,0,0,0,0,0,0,0,0,0,0,0,0,0,0,0,0,0,0,0,0,0
25231,33.43,-60,2990,0,0.00,130,109,106,105.24,116.52,0,0,0,0,0,0,0,0,0,0,0,0,0,0,0,0,0,0,0,0,0,0,0,0,0,0,0,0,0,0,0,0
25267,33.90,-58,2991,0,0.00,130,109,106,105.24,116.52,0,0,0,0,0,0,0,0,0,0,0,0,0,0,0,0,0,0,0,0,0,0,0,0,0,0,0,0,0,0,0,0
25303,33.88,-51,2992,0,0.00,130,109,106,105.24,116.52,0,0,0,0,0,0,0,0,0,0,0,0,0,0,0,0,0,0,0,0,0,0,0,0,0,0,0,0,0,0,0,0
25339,34.24,-42,3002,0,0.00,130,109,106,105.24,116.52,0,0,0,0,0,0,0,0,0,0,0,0,0,0,0,0,0,0,0,0,0,0,0,0,0,0,0,0,0,0,0,0
25375,34.68,-34,2990,0,0.00,130,109,106,105.24,116.52,0,0,0,0,0,0,0,0,0,0,0,0,0,0,0,0,0,0,0,0,0,0,0,0,0,0,0,0,0,0,0,0
25411,34.74,-29,2986,0,0.00,130,109,106,105.24,116.52,0,0,0,0,0,0,0,0,0,0,0,0,0,0,0,0,0,0,0,0,0,0,0,0,0,0,0,0,0,0,0,0
25447,35.41,-26,2990,0,0.00,130,109,106,105.24,116.52,0,0,0,0,0,0,0,0,0,0,0,0,0,0,0,0,0,0,0,0,0,0,0,0,0,0,0,0,0,0,0,0
25483,35.81,-26,2977,0,0.00,130,109,106,105.24,116.52,0,0,0,0,0,0,0,0,0,0,0,0,0,0,0,0,0,0,0,0,0,0,0,0,0,0,0,0,0,0,0,0
25519,36.09,-27,2973,0,0.00,130,109,106,105.24,116.52,0,0,0,0,0,0,0,0,0,0,0,0,0,0,0,0,0,0,0,0,0,0,0,0,0,0,0,0,0,0,0,0
25555,36.87,-30,2969,0,0.00,130,109,106,105.24,116.52,0,0,0,0,0,0,0,0,0,0,0,0,0,0,0,0,0,0,0,0,0,0,0,0,0,0,0,0,0,0,0,0
25591,37.45,-32,2966,0,0.00,130,109,106,105.24,116.52,0,0,0,0,0,0,0,0,0,0,0,0,0,0,0,0,0,0,0,0,0,0,0,0,0,0,0,0,0,0,0,0
25627,37.95,-32,2981,0,0.00,130,109,106,105.24,116.52,0,0,0,0,0,0,0,0,0,0,0,0,0,0,0,0,0,0,0,0,0,0,0,0,0,0,0,0,0,0,0,0
25663,38.45,-25,3047,0,0.00,130,109,106,105.24,116.52,0,0,0,0,0,0,0,0,0,0,0,0,0,0,0,0,0,0,0,0,0,0,0,0,0,0,0,0,0,0,0,0
25699,38.37,1,3184,0,0.00,130,109,106,105.24,116.52,0,0,0,0,0,0,0,0,0,0,0,0,0,0,0,0,0,0,0,0,0,0,0,0,0,0,0,0,0,0,0,0
25735,38.36,57,3293,0,0.00,130,109,106,105.24,116.52,0,0,0,0,0,0,0,0,0,0,0,0,0,0,0,0,0,0,0,0,0,0,0,0,0,0,0,0,0,0,0,0
25771,38.65,127,3267,0,0.00,130,109,106,105.24,116.52,0,0,0,0,0,0,0,0,0,0,0,0,0,0,0,0,0,0,0,0,0,0,0,0,0,0,0,0,0,0,0,0
25807,38.73,175,3163,0,0.00,130,109,106,105.24,116.52,0,0,0,0,0,0,0,0,0,0,0,0,0,0,0,0,0,0,0,0,0,0,0,0,0,0,0,0,0,0,0,0
25843,38.39,177,3098,0,0.00,130,109,106,105.24,116.52,0,0,0,0,0,0,0,0,0,0,0,0,0,0,0,0,0,0,0,0,0,0,0,0,0,0,0,0,0,0,0,0
25879,38.90,139,3058,0,0.00,130,109,106,105.24,116.52,0,0,0,0,0,0,0,0,0,0,0,0,0,0,0,0,0,0,0,0,0,0,0,0,0,0,0,0,0,0,0,0
25915,39.09,83,3056,0,0.00,130,109,106,105.24,116.52,0,0,0,0,0,0,0,0,0,0,0,0,0,0,0,0,0,0,0,0,0,0,0,0,0,0,0,0,0,0,0,0
25951,39.06,32,3054,0,0.00,130,109,106,105.24,116.52,0,0,0,0,0,0,0,0,0,0,0,0,0,0,0,0,0,0,0,0,0,0,0,0,0,0,0,0,0,0,0,0
25987,39.63,-4,3038,0,0.00,130,109,106,105.24,116.52,0,0,0,0,0,0,0,0,0,0,0,0,0,0,0,0,0,0,0,0,0,0,0,0,0,0,0,0,0,0,0,0
26023,39.82,-28,3025,0,0.00,130,109,106,105.24,116.52,0,0,0,0,0,0,0,0,0,0,0,0,0,0,0,0,0,0,0,0,0,0,0,0,0,0,0,0,0,0,0,0
26059,39.66,-42,3041,0,0.00,130,109,106,105.24,116.52,0,0,0,0,0,0,0,0,0,0,0,0,0,0,0,0,0,0,0,0,0,0,0,0,0,0,0,0,0,0,0,0
26095,40.24,-45,3056,0,0.00,130,109,106,105.24,116.52,0,0,0,0,0,0,0,0,0,0,0,0,0,0,0,0,0,0,0,0,0,0,0,0,0,0,0,0,0,0,0,0
26131,40.49,-39,3053,0,0.00,130,109,106,105.24,116.52,0,0,0,0,0,0,0,0,0,0,0,0,0,0,0,0,0,0,0,0,0,0,0,0,0,0,0,0,0,0,0,0
26167,40.58,-33,3026,0,0.00,130,109,106,105.24,116.52,0,0,0,0,0,0,0,0,0,0,0,0,0,0,0,0,0,0,0,0,0,0,0,0,0,0,0,0,0,0,0,0
26203,41.22,-33,3012,0,0.00,130,109,106,105.24,116.52,0,0,0,0,0,0,0,0,0,0,0,0,0,0,0,0,0,0,0,0,0,0,0,0,0,0,0,0,0,0,0,0
26239,41.61,-37,3013,0,0.00,130,109,106,105.24,116.52,0,0,0,0,0,0,0,0,0,0,0,0,0,0,0,0,0,0,0,0,0,0,0,0,0,0,0,0,0,0,0,0
26275,41.65,-44,3001,0,0.00,130,109,106,105.24,116.52,0,0,0,0,0,0,0,0,0,0,0,0,0,0,0,0,0,0,0,0,0,0,0,0,0,0,0,0,0,0,0,0
26311,42.31,-49,3008,0,0.00,130,109,106,105.24,116.52,0,0,0,0,0,0,0,0,0,0,0,0,0,0,0,0,0,0,0,0,0,0,0,0,0,0,0,0,0,0,0,0
26347,42.44,-52,3008,0,0.00,130,109,106,105.24,116.52,0,0,0,0,0,0,0,0,0,0,0,0,0,0,0,0,0,0,0,0,0,0,0,0,0,0,0,0,0,0,0,0
26383,42.69,-52,2987,0,0.00,130,109,106,105.24,116.52,0,0,0,0,0,0,0,0,0,0,0,0,0,0,0,0,0,0,0,0,0,0,0,0,0,0,0,0,0,0,0,0
26419,43.19,-53,2981,0,0.00,130,109,106,105.24,116.52,0,0,0,0,0,0,0,0,0,0,0,0,0,0,0,0,0,0,0,0,0,0,0,0,0,0,0,0,0,0,0,0
26455,43.20,-56,2973,0,0.00,130,109,106,105.24,116.52,0,0,0,0,0,0,0,0,0,0,0,0,0,0,0,0,0,0,0,0,0,0,0,0,0,0,0,0,0,0,0,0
26491,43.40,-58,2981,0,0.00,130,109,106,105.24,116.52,0,0,0,0,0,0,0,0,0,0,0,0,0,0,0,0,0,0,0,0,0,0,0,0,0,0,0,0,0,0,0,0
26527,43.38,-57,2992,0,0.00,130,109,106,105.24,116.52,0,0,0,0,0,0,0,0,0,0,0,0,0,0,0,0,0,0,0,0,0,0,0,0,0,0,0,0,0,0,0,0
26563,43.45,-50,3009,0,0.00,130,109,106,105.24,116.52,0,0,0,0,0,0,0,0,0,0,0,0,0,0,0,0,0,0,0,0,0,0,0,0,0,0,0,0,0,0,0,0
26599,43.53,-39,3000,0,0.00,130,109,106,105.24,116.52,0,0,0,0,0,0,0,0,0,0,0,0,0,0,0,0,0,0,0,0,0,0,0,0,0,0,0,0,0,0,0,0
26635,43.49,-29,3002,0,0.00,130,109,106,105.24,116.52,0,0,0,0,0,0,0,0,0,0,0,0,0,0,0,0,0,0,0,0,0,0,0,0,0,0,0,0,0,0,0,0
26671,44.03,-23,2983,0,0.00,130,109,106,105.24,116.52,0,0,0,0,0,0,0,0,0,0,0,0,0,0,0,0,0,0,0,0,0,0,0,0,0,0,0,0,0,0,0,0
26707,44.16,-21,2991,0,0.00,130,109,106,105.24,116.52,0,0,0,0,0,0,0,0,0,0,0,0,0,0,0,0,0,0,0,0,0,0,0,0,0,0,0,0,0,0,0,0
26743,45.66,-21,2991,0,0.00,130,109,106,105.24,116.52,0,0,0,0,0,0,0,0,0,0,0,0,0,0,0,0,0,0,0,0,0,0,0,0,0,0,0,0,0,0,0,0
26779,46.73,-19,3008,0,0.00,130,109,106,105.24,116.52,0,0,0,0,0,0,0,0,0,0,0,0,0,0,0,0,0,0,0,0,0,0,0,0,0,0,0,0,0,0,0,0
26815,46.88,-6,3130,0,0.00,130,109,106,105.24,116.52,0,0,0,0,0,0,0,0,0,0,0,0,0,0,0,0,0,0,0,0,0,0,0,0,0,0,0,0,0,0,0,0
26851,46.29,35,3313,0,0.00,130,109,106,105.24,116.52,0,0,0,0,0,0,0,0,0,0,0,0,0,0,0,0,0,0,0,0,0,0,0,0,0,0,0,0,0,0,0,0
26887,44.75,111,3385,0,0.00,130,109,106,105.24,116.52,0,0,0,0,0,0,0,0,0,0,0,0,0,0,0,0,0,0,0,0,0,0,0,0,0,0,0,0,0,0,0,0
26923,43.66,192,3313,0,0.00,130,109,106,105.24,116.52,0,0,0,0,0,0,0,0,0,0,0,0,0,0,0,0,0,0,0,0,0,0,0,0,0,0,0,0,0,0,0,0
26959,42.73,232,3184,0,0.00,130,109,106,105.24,116.52,0,0,0,0,0,0,0,0,0,0,0,0,0,0,0,0,0,0,0,0,0,0,0,0,0,0,0,0,0,0,0,0
26995,42.83,213,3118,0,0.00,130,109,106,105.24,116.52,0,0,0,0,0,0,0,0,0,0,0,0,0,0,0,0,0,0,0,0,0,0,0,0,0,0,0,0,0,0,0,0
27031,42.95,155,3098,0,0.00,130,109,106,105.24,116.52,0,0,0,0,0,0,0,0,0,0,0,0,0,0,0,0,0,0,0,0,0,0,0,0,0,0,0,0,0,0,0,0
27067,43.25,86,3085,0,0.00,130,109,106,105.24,116.52,0,0,0,0,0,0,0,0,0,0,0,0,0,0,0,0,0,0,0,0,0,0,0,0,0,0,0,0,0,0,0,0
27103,43.46,29,3089,0,0.00,130,109,106,105.24,116.52,0,0,0,0,0,0,0,0,0,0,0,0,0,0,0,0,0,0,0,0,0,0,0,0,0,0,0,0,0,0,0,0
27139,43.43,-8,3094,0,0.00,130,109,106,105.24,116.52,0,0,0,0,0,0,0,0,0,0,0,0,0,0,0,0,0,0,0,0,0,0,0,0,0,0,0,0,0,0,0,0
27175,43.91,-26,3103,0,0.00,130,109,106,105.24,116.52,0,0,0,0,0,0,0,0,0,0,0,0,0,0,0,0,0,0,0,0,0,0,0,0,0,0,0,0,0,0,0,0
27211,44.26,-31,3085,0,0.00,130,109,106,105.24,116.52,0,0,0,0,0,0,0,0,0,0,0,0,0,0,0,0,0,0,0,0,0,0,0,0,0,0,0,0,0,0,0,0
27247,44.83,-32,3063,0,0.00,130,109,106,105.24,116.52,0,0,0,0,0,0,0,0,0,0,0,0,0,0,0,0,0,0,0,0,0,0,0,0,0,0,0,0,0,0,0,0
27283,45.49,-38,3039,0,0.00,130,109,106,105.24,116.52,0,0,0,0,0,0,0,0,0,0,0,0,0,0,0,0,0,0,0,0,0,0,0,0,0,0,0,0,0,0,0,0
27319,45.86,-49,3018,0,0.00,130,109,106,105.24,116.52,0,0,0,0,0,0,0,0,0,0,0,0,0,0,0,0,0,0,0,0,0,0,0,0,0,0,0,0,0,0,0,0
27355,46.39,-62,3013,0,0.00,130,109,106,105.24,116.52,0,0,0,0,0,0,0,0,0,0,0,0,0,0,0,0,0,0,0,0,0,0,0,0,0,0,0,0,0,0,0,0
27391,47.37,-73,3022,0,0.00,130,109,106,105.24,116.52,0,0,0,0,0,0,0,0,0,0,0,0,0,0,0,0,0,0,0,0,0,0,0,0,0,0,0,0,0,0,0,0
27427,48.25,-77,3029,0,0.00,130,109,106,105.24,116.52,0,0,0,0,0,0,0,0,0,0,0,0,0,0,0,0,0,0,0,0,0,0,0,0,0,0,0,0,0,0,0,0
27463,49.49,-74,3031,0,0.00,130,109,106,105.24,116.52,0,0,0,0,0,0,0,0,0,0,0,0,0,0,0,0,0,0,0,0,0,0,0,0,0,0,0,0,0,0,0,0
27499,49.48,-68,3023,0,0.00,130,109,106,105.24,116.52,0,0,0,0,0,0,0,0,0,0,0,0,0,0,0,0,0,0,0,0,0,0,0,0,0,0,0,0,0,0,0,0
27535,49.38,-64,2997,0,0.00,130,109,106,105.24,116.52,0,0,0,0,0,0,0,0,0,0,0,0,0,0,0,0,0,0,0,0,0,0,0,0,0,0,0,0,0,0,0,0
27571,49.43,-64,2990,0,0.00,130,109,106,105.24,116.52,0,0,0,0,0,0,0,0,0,0,0,0,0,0,0,0,0,0,0,0,0,0,0,0,0,0,0,0,0,0,0,0
27607,50.91,-67,2993,0,0.00,130,109,106,105.24,116.52,0,0,0,0,0,0,0,0,0,0,0,0,0,0,0,0,0,0,0,0,0,0,0,0,0,0,0,0,0,0,0,0
27643,50.77,-68,3001,0,0.00,130,109,106,105.24,116.52,0,0,0,0,0,0,0,0,0,0,0,0,0,0,0,0,0,0,0,0,0,0,0,0,0,0,0,0,0,0,0,0
27679,47.67,-66,2989,0,0.00,130,109,106,105.24,116.52,0,0,0,0,0,0,0,0,0,0,0,0,0,0,0,0,0,0,0,0,0,0,0,0,0,0,0,0,0,0,0,0
27715,46.57,-61,3006,0,0.00,130,109,106,105.24,116.52,0,0,0,0,0,0,0,0,0,0,0,0,0,0,0,0,0,0,0,0,0,0,0,0,0,0,0,0,0,0,0,0
27751,46.35,-55,2992,0,0.00,130,109,106,105.24,116.52,0,0,0,0,0,0,0,0,0,0,0,0,0,0,0,0,0,0,0,0,0,0,0,0,0,0,0,0,0,0,0,0
27787,46.38,-50,2981,0,0.00,130,109,106,105.24,116.52,0,0,0,0,0,0,0,0,0,0,0,0,0,0,0,0,0,0,0,0,0,0,0,0,0,0,0,0,0,0,0,0
27823,46.65,-47,2990,0,0.00,130,109,106,105.24,116.52,0,0,0,0,0,0,0,0,0,0,0,0,0,0,0,0,0,0,0,0,0,0,0,0,0,0,0,0,0,0,0,0
27859,46.90,-42,3014,0,0.00,130,109,106,105.24,116.52,0,0,0,0,0,0,0,0,0,0,0,0,0,0,0,0,0,0,0,0,0,0,0,0,0,0,0,0,0,0,0,0
27895,48.36,-35,2983,0,0.00,130,109,106,105.24,116.52,0,0,0,0,0,0,0,0,0,0,0,0,0,0,0,0,0,0,0,0,0,0,0,0,0,0,0,0,0,0,0,0
27931,49.26,-32,2964,0,0.00,130,109,106,105.24,116.52,0,0,0,0,0,0,0,0,0,0,0,0,0,0,0,0,0,0,0,0,0,0,0,0,0,0,0,0,0,0,0,0
27967,49.82,-28,3054,0,0.00,130,109,106,105.24,116.52,0,0,0,0,0,0,0,0,0,0,0,0,0,0,0,0,0,0,0,0,0,0,0,0,0,0,0,0,0,0,0,0
28003,50.93,-1,3250,0,0.00,130,109,106,105.24,116.52,0,0,0,0,0,0,0,0,0,0,0,0,0,0,0,0,0,0,0,0,0,0,0,0,0,0,0,0,0,0,0,0
28039,52.13,67,3409,0,0.00,130,109,106,105.24,116.52,0,0,0,0,0,0,0,0,0,0,0,0,0,0,0,0,0,0,0,0,0,0,0,0,0,0,0,0,0,0,0,0
28075,53.00,164,3413,0,0.00,130,109,106,105.24,116.52,0,0,0,0,0,0,0,0,0,0,0,0,0,0,0,0,0,0,0,0,0,0,0,0,0,0,0,0,0,0,0,0
28111,52.72,241,3280,0,0.00,130,109,106,105.24,116.52,0,0,0,0,0,0,0,0,0,0,0,0,0,0,0,0,0,0,0,0,0,0,0,0,0,0,0,0,0,0,0,0
28147,52.86,258,3167,0,0.00,130,109,106,105.24,116.52,0,0,0,0,0,0,0,0,0,0,0,0,0,0,0,0,0,0,0,0,0,0,0,0,0,0,0,0,0,0,0,0
28183,54.41,213,3113,0,0.00,130,109,106,105.24,116.52,0,0,0,0,0,0,0,0,0,0,0,0,0,0,0,0,0,0,0,0,0,0,0,0,0,0,0,0,0,0,0,0
28219,51.20,136,3062,0,0.00,130,109,106,105.24,116.52,0,0,0,0,0,0,0,0,0,0,0,0,0,0,0,0,0,0,0,0,0,0,0,0,0,0,0,0,0,0,0,0
28255,49.81,54,3045,0,0.00,130,109,106,105.24,116.52,0,0,0,0,0,0,0,0,0,0,0,0,0,0,0,0,0,0,0,0,0,0,0,0,0,0,0,0,0,0,0,0
28291,49.66,-10,3071,0,0.00,130,109,106,105.24,116.52,0,0,0,0,0,0,0,0,0,0,0,0,0,0,0,0,0,0,0,0,0,0,0,0,0,0,0,0,0,0,0,0
28327,49.84,-44,3125,0,0.00,130,109,106,105.24,116.52,0,0,0,0,0,0,0,0,0,0,0,0,0,0,0,0,0,0,0,0,0,0,0,0,0,0,0,0,0,0,0,0
28363,49.97,-45,3152,0,0.00,130,109,106,105.24,116.52,0,0,0,0,0,0,0,0,0,0,0,0,0,0,0,0,0,0,0,0,0,0,0,0,0,0,0,0,0,0,0,0
28399,50.73,-28,3114,0,0.00,130,109,106,105.24,116.52,0,0,0,0,0,0,0,0,0,0,0,0,0,0,0,0,0,0,0,0,0,0,0,0,0,0,0,0,0,0,0,0
28435,51.41,-16,3063,0,0.00,130,109,106,105.24,116.52,0,0,0,0,0,0,0,0,0,0,0,0,0,0,0,0,0,0,0,0,0,0,0,0,0,0,0,0,0,0,0,0
28471,52.16,-22,3007,0,0.00,130,109,106,105.24,116.52,0,0,0,0,0,0,0,0,0,0,0,0,0,0,0,0,0,0,0,0,0,0,0,0,0,0,0,0,0,0,0,0
28507,54.06,-44,3011,0,0.00,130,109,106,105.24,116.52,0,0,0,0,0,0,0,0,0,0,0,0,0,0,0,0,0,0,0,0,0,0,0,0,0,0,0,0,0,0,0,0
28543,55.10,-66,3024,0,0.00,130,109,106,105.24,116.52,0,0,0,0,0,0,0,0,0,0,0,0,0,0,0,0,0,0,0,0,0,0,0,0,0,0,0,0,0,0,0,0
28579,54.75,-79,3024,0,0.00,130,109,106,105.24,116.52,0,0,0,0,0,0,0,0,0,0,0,0,0,0,0,0,0,0,0,0,0,0,0,0,0,0,0,0,0,0,0,0
28615,55.91,-82,3027,0,0.00,130,109,106,105.24,116.52,0,0,0,0,0,0,0,0,0,0,0,0,0,0,0,0,0,0,0,0,0,0,0,0,0,0,0,0,0,0,0,0
28651,56.19,-77,3039,0,0.00,130,109,106,105.24,116.52,0,0,0,0,0,0,0,0,0,0,0,0,0,0,0,0,0,0,0,0,0,0,0,0,0,0,0,0,0,0,0,0
28687,52.19,-68,3038,0,0.00,130,109,106,105.24,116.52,0,0,0,0,0,0,0,0,0,0,0,0,0,0,0,0,0,0,0,0,0,0,0,0,0,0,0,0,0,0,0,0
28723,51.91,-55,3067,0,0.00,130,109,106,105.24,116.52,0,0,0,0,0,0,0,0,0,0,0,0,0,0,0,0,0,0,0,0,0,0,0,0,0,0,0,0,0,0,0,0
28759,51.71,-41,3045,0,0.00,130,109,106,105.24,116.52,0,0,0,0,0,0,0,0,0,0,0,0,0,0,0,0,0,0,0,0,0,0,0,0,0,0,0,0,0,0,0,0
28795,52.07,-32,3030,0,0.00,130,109,106,105.24,116.52,0,0,0,0,0,0,0,0,0,0,0,0,0,0,0,0,0,0,0,0,0,0,0,0,0,0,0,0,0,0,0,0
28831,52.72,-32,3008,0,0.00,130,109,106,105.24,116.52,0,0,0,0,0,0,0,0,0,0,0,0,0,0,0,0,0,0,0,0,0,0,0,0,0,0,0,0,0,0,0,0
28867,53.63,-38,3002,0,0.00,130,109,106,105.24,116.52,0,0,0,0,0,0,0,0,0,0,0,0,0,0,0,0,0,0,0,0,0,0,0,0,0,0,0,0,0,0,0,0
28903,54.82,-45,3018,0,0.00,130,109,106,105.24,116.52,0,0,0,0,0,0,0,0,0,0,0,0,0,0,0,0,0,0,0,0,0,0,0,0,0,0,0,0,0,0,0,0
28939,56.60,-48,3006,0,0.00,130,109,106,105.24,116.52,0,0,0,0,0,0,0,0,0,0,0,0,0,0,0,0,0,0,0,0,0,0,0,0,0,0,0,0,0,0,0,0
28975,57.45,-48,2992,0,0.00,130,109,106,105.24,116.52,0,0,0,0,0,0,0,0,0,0,0,0,0,0,0,0,0,0,0,0,0,0,0,0,0,0,0,0,0,0,0,0
29011,58.09,-49,2995,0,0.00,130,109,106,105.24,116.52,0,0,0,0,0,0,0,0,0,0,0,0,0,0,0,0,0,0,0,0,0,0,0,0,0,0,0,0,0,0,0,0
29047,58.81,-38,3153,0,0.00,130,109,106,105.24,116.52,0,0,0,0,0,0,0,0,0,0,0,0,0,0,0,0,0,0,0,0,0,0,0,0,0,0,0,0,0,0,0,0
29083,54.76,10,3390,0,0.00,130,109,106,105.24,116.52,0,0,0,0,0,0,0,0,0,0,0,0,0,0,0,0,0,0,0,0,0,0,0,0,0,0,0,0,0,0,0,0
29119,54.25,105,3472,0,0.00,130,109,106,105.24,116.52,0,0,0,0,0,0,0,0,0,0,0,0,0,0,0,0,0,0,0,0,0,0,0,0,0,0,0,0,0,0,0,0
29155,53.89,206,3374,0,0.00,130,109,106,105.24,116.52,0,0,0,0,0,0,0,0,0,0,0,0,0,0,0,0,0,0,0,0,0,0,0,0,0,0,0,0,0,0,0,0
29191,53.84,258,3223,0,0.00,130,109,106,105.24,116.52,0,0,0,0,0,0,0,0,0,0,0,0,0,0,0,0,0,0,0,0,0,0,0,0,0,0,0,0,0,0,0,0
29227,54.03,237,3134,0,0.00,130,109,106,105.24,116.52,0,0,0,0,0,0,0,0,0,0,0,0,0,0,0,0,0,0,0,0,0,0,0,0,0,0,0,0,0,0,0,0
29263,54.66,163,3056,0,0.00,130,109,106,105.24,116.52,0,0,0,0,0,0,0,0,0,0,0,0,0,0,0,0,0,0,0,0,0,0,0,0,0,0,0,0,0,0,0,0
29299,55.36,68,3030,0,0.00,130,109,106,105.24,116.52,0,0,0,0,0,0,0,0,0,0,0,0,0,0,0,0,0,0,0,0,0,0,0,0,0,0,0,0,0,0,0,0
29335,55.68,-13,3071,0,0.00,130,109,106,105.24,116.52,0,0,0,0,0,0,0,0,0,0,0,0,0,0,0,0,0,0,0,0,0,0,0,0,0,0,0,0,0,0,0,0
29371,56.34,-59,3124,0,0.00,130,109,106,105.24,116.52,0,0,0,0,0,0,0,0,0,0,0,0,0,0,0,0,0,0,0,0,0,0,0,0,0,0,0,0,0,0,0,0
29407,56.57,-67,3136,0,0.00,130,109,106,105.24,116.52,0,0,0,0,0,0,0,0,0,0,0,0,0,0,0,0,0,0,0,0,0,0,0,0,0,0,0,0,0,0,0,0
29443,56.75,-54,3105,0,0.00,130,109,106,105.24,116.52,0,0,0,0,0,0,0,0,0,0,0,0,0,0,0,0,0,0,0,0,0,0,0,0,0,0,0,0,0,0,0,0
29479,56.94,-41,3071,0,0.00,130,109,106,105.24,116.52,0,0,0,0,0,0,0,0,0,0,0,0,0,0,0,0,0,0,0,0,0,0,0,0,0,0,0,0,0,0,0,0
29515,57.21,-40,3056,0,0.00,130,109,106,105.24,116.52,0,0,0,0,0,0,0,0,0,0,0,0,0,0,0,0,0,0,0,0,0,0,0,0,0,0,0,0,0,0,0,0
29551,57.43,-48,3031,0,0.00,130,109,106,105.24,116.52,0,0,0,0,0,0,0,0,0,0,0,0,0,0,0,0,0,0,0,0,0,0,0,0,0,0,0,0,0,0,0,0
29587,57.62,-60,3034,0,0.00,130,109,106,105.24,116.52,0,0,0,0,0,0,0,0,0,0,0,0,0,0,0,0,0,0,0,0,0,0,0,0,0,0,0,0,0,0,0,0
29623,57.65,-71,3042,0,0.00,130,109,106,105.24,116.52,0,0,0,0,0,0,0,0,0,0,0,0,0,0,0,0,0,0,0,0,0,0,0,0,0,0,0,0,0,0,0,0
29659,57.69,-74,3034,0,0.00,130,109,106,105.24,116.52,0,0,0,0,0,0,0,0,0,0,0,0,0,0,0,0,0,0,0,0,0,0,0,0,0,0,0,0,0,0,0,0
29695,57.48,-74,3024,0,0.00,130,109,106,105.24,116.52,0,0,0,0,0,0,0,0,0,0,0,0,0,0,0,0,0,0,0,0,0,0,0,0,0,0,0,0,0,0,0,0
29731,57.44,-74,3014,0,0.00,130,109,106,105.24,116.52,0,0,0,0,0,0,0,0,0,0,0,0,0,0,0,0,0,0,0,0,0,0,0,0,0,0,0,0,0,0,0,0
29767,57.13,-74,3002,0,0.00,130,109,106,105.24,116.52,0,0,0,0,0,0,0,0,0,0,0,0,0,0,0,0,0,0,0,0,0,0,0,0,0,0,0,0,0,0,0,0
29803,56.73,-74,3005,0,0.00,130,109,106,105.24,116.52,0,0,0,0,0,0,0,0,0,0,0,0,0,0,0,0,0,0,0,0,0,0,0,0,0,0,0,0,0,0,0,0
29839,56.47,-74,2990,0,0.00,130,109,106,105.24,116.52,0,0,0,0,0,0,0,0,0,0,0,0,0,0,0,0,0,0,0,0,0,0,0,0,0,0,0,0,0,0,0,0
29875,56.69,-73,3005,0,0.00,130,109,106,105.24,116.52,0,0,0,0,0,0,0,0,0,0,0,0,0,0,0,0,0,0,0,0,0,0,0,0,0,0,0,0,0,0,0,0
29911,56.85,-68,3012,0,0.00,130,109,106,105.24,116.52,0,0,0,0,0,0,0,0,0,0,0,0,0,0,0,0,0,0,0,0,0,0,0,0,0,0,0,0,0,0,0,0
29947,58.45,-57,3039,0,0.00,130,109,106,105.24,116.52,0,0,0,0,0,0,0,0,0,0,0,0,0,0,0,0,0,0,0,0,0,0,0,0,0,0,0,0,0,0,0,0
29983,62.47,-43,3025,0,0.00,130,109,106,105.24,116.52,0,0,0,0,0,0,0,0,0,0,0,0,0,0,0,0,0,0,0,0,0,0,0,0,0,0,0,0,0,0,0,0
30019,61.75,-31,3008,0,0.00,130,109,106,105.24,116.52,0,0,0,0,0,0,0,0,0,0,0,0,0,0,0,0,0,0,0,0,0,0,0,0,0,0,0,0,0,0,0,0
30055,62.22,-26,3008,0,0.00,130,109,106,105.24,116.52,0,0,0,0,0,0,0,0,0,0,0,0,0,0,0,0,0,0,0,0,0,0,0,0,0,0,0,0,0,0,0,0
30091,63.18,-25,2992,0,0.00,130,109,106,105.24,116.52,0,0,0,0,0,0,0,0,0,0,0,0,0,0,0,0,0,0,0,0,0,0,0,0,0,0,0,0,0,0,0,0
30127,61.46,-31,2947,0,0.00,130,109,106,105.24,116.52,0,0,0,0,0,0,0,0,0,0,0,0,0,0,0,0,0,0,0,0,0,0,0,0,0,0,0,0,0,0,0,0
30163,60.77,-37,3024,0,0.00,130,109,106,105.24,116.52,0,0,0,0,0,0,0,0,0,0,0,0,0,0,0,0,0,0,0,0,0,0,0,0,0,0,0,0,0,0,0,0
30199,59.73,-17,3278,0,0.00,130,109,106,105.24,116.52,0,0,0,0,0,0,0,0,0,0,0,0,0,0,0,0,0,0,0,0,0,0,0,0,0,0,0,0,0,0,0,0
30235,59.48,62,3545,0,0.00,130,109,106,105.24,116.52,0,0,0,0,0,0,0,0,0,0,0,0,0,0,0,0,0,0,0,0,0,0,0,0,0,0,0,0,0,0,0,0
30271,63.80,192,3574,0,0.00,130,109,106,105.24,116.52,0,0,0,0,0,0,0,0,0,0,0,0,0,0,0,0,0,0,0,0,0,0,0,0,0,0,0,0,0,0,0,0
30307,64.07,309,3404,0,0.00,130,109,106,105.24,116.52,0,0,0,0,0,0,0,0,0,0,0,0,0,0,0,0,0,0,0,0,0,0,0,0,0,0,0,0,0,0,0,0
30343,64.75,348,3248,0,0.00,130,109,106,105.24,116.52,0,0,0,0,0,0,0,0,0,0,0,0,0,0,0,0,0,0,0,0,0,0,0,0,0,0,0,0,0,0,0,0
30379,63.38,300,3163,0,0.00,130,109,106,105.24,116.52,0,0,0,0,0,0,0,0,0,0,0,0,0,0,0,0,0,0,0,0,0,0,0,0,0,0,0,0,0,0,0,0
30415,61.85,202,3106,0,0.00,130,109,106,105.24,116.52,0,0,0,0,0,0,0,0,0,0,0,0,0,0,0,0,0,0,0,0,0,0,0,0,0,0,0,0,0,0,0,0
30451,60.50,94,3093,0,0.00,130,109,106,105.24,116.52,0,0,0,0,0,0,0,0,0,0,0,0,0,0,0,0,0,0,0,0,0,0,0,0,0,0,0,0,0,0,0,0
30487,61.51,8,3109,0,0.00,130,109,106,105.24,116.52,0,0,0,0,0,0,0,0,0,0,0,0,0,0,0,0,0,0,0,0,0,0,0,0,0,0,0,0,0,0,0,0
30523,65.30,-42,3136,0,0.00,130,109,106,105.24,116.52,0,0,0,0,0,0,0,0,0,0,0,0,0,0,0,0,0,0,0,0,0,0,0,0,0,0,0,0,0,0,0,0
30559,66.12,-59,3147,0,0.00,130,109,106,105.24,116.52,0,0,0,0,0,0,0,0,0,0,0,0,0,0,0,0,0,0,0,0,0,0,0,0,0,0,0,0,0,0,0,0
30595,63.46,-57,3107,0,0.00,130,109,106,105.24,116.52,0,0,0,0,0,0,0,0,0,0,0,0,0,0,0,0,0,0,0,0,0,0,0,0,0,0,0,0,0,0,0,0
30631,61.87,-55,3065,0,0.00,130,109,106,105.24,116.52,0,0,0,0,0,0,0,0,0,0,0,0,0,0,0,0,0,0,0,0,0,0,0,0,0,0,0,0,0,0,0,0
30667,61.85,-62,3048,0,0.00,130,109,106,105.24,116.52,0,0,0,0,0,0,0,0,0,0,0,0,0,0,0,0,0,0,0,0,0,0,0,0,0,0,0,0,0,0,0,0
30703,66.23,-73,3056,0,0.00,130,109,106,105.24,116.52,0,0,0,0,0,0,0,0,0,0,0,0,0,0,0,0,0,0,0,0,0,0,0,0,0,0,0,0,0,0,0,0
30739,67.22,-82,3056,0,0.00,130,109,106,105.24,116.52,0,0,0,0,0,0,0,0,0,0,0,0,0,0,0,0,0,0,0,0,0,0,0,0,0,0,0,0,0,0,0,0
30775,64.42,-87,3038,0,0.00,130,109,106,105.24,116.52,0,0,0,0,0,0,0,0,0,0,0,0,0,0,0,0,0,0,0,0,0,0,0,0,0,0,0,0,0,0,0,0
30811,62.85,-88,3042,0,0.00,130,109,106,105.24,116.52,0,0,0,0,0,0,0,0,0,0,0,0,0,0,0,0,0,0,0,0,0,0,0,0,0,0,0,0,0,0,0,0
30847,62.68,-87,3043,0,0.00,130,109,106,105.24,116.52,0,0,0,0,0,0,0,0,0,0,0,0,0,0,0,0,0,0,0,0,0,0,0,0,0,0,0,0,0,0,0,0
30883,67.64,-84,3031,0,0.00,130,109,106,105.24,116.52,0,0,0,0,0,0,0,0,0,0,0,0,0,0,0,0,0,0,0,0,0,0,0,0,0,0,0,0,0,0,0,0
30919,68.05,-80,3027,0,0.00,130,109,106,105.24,116.52,0,0,0,0,0,0,0,0,0,0,0,0,0,0,0,0,0,0,0,0,0,0,0,0,0,0,0,0,0,0,0,0
30955,65.64,-77,3031,0,0.00,130,109,106,105.24,116.52,0,0,0,0,0,0,0,0,0,0,0,0,0,0,0,0,0,0,0,0,0,0,0,0,0,0,0,0,0,0,0,0
30991,64.05,-73,3029,0,0.00,130,109,106,105.24,116.52,0,0,0,0,0,0,0,0,0,0,0,0,0,0,0,0,0,0,0,0,0,0,0,0,0,0,0,0,0,0,0,0
31027,63.27,-68,3024,0,0.00,130,109,106,105.24,116.52,0,0,0,0,0,0,0,0,0,0,0,0,0,0,0,0,0,0,0,0,0,0,0,0,0,0,0,0,0,0,0,0
31063,68.78,-63,3031,0,0.00,130,109,106,105.24,116.52,0,0,0,0,0,0,0,0,0,0,0,0,0,0,0,0,0,0,0,0,0,0,0,0,0,0,0,0,0,0,0,0
31099,68.69,-59,2996,0,0.00,130,109,106,105.24,116.52,0,0,0,0,0,0,0,0,0,0,0,0,0,0,0,0,0,0,0,0,0,0,0,0,0,0,0,0,0,0,0,0
31135,67.16,-59,3001,0,0.00,130,109,106,105.24,116.52,0,0,0,0,0,0,0,0,0,0,0,0,0,0,0,0,0,0,0,0,0,0,0,0,0,0,0,0,0,0,0,0
31171,65.22,-59,3012,0,0.00,130,109,106,105.24,116.52,0,0,0,0,0,0,0,0,0,0,0,0,0,0,0,0,0,0,0,0,0,0,0,0,0,0,0,0,0,0,0,0
31207,64.01,-55,3025,0,0.00,130,109,106,105.24,116.52,0,0,0,0,0,0,0,0,0,0,0,0,0,0,0,0,0,0,0,0,0,0,0,0,0,0,0,0,0,0,0,0
31243,68.96,-46,3037,0,0.00,130,109,106,105.24,116.52,0,0,0,0,0,0,0,0,0,0,0,0,0,0,0,0,0,0,0,0,0,0,0,0,0,0,0,0,0,0,0,0
31279,70.12,-34,3017,0,0.00,130,109,106,105.24,116.52,0,0,0,0,0,0,0,0,0,0,0,0,0,0,0,0,0,0,0,0,0,0,0,0,0,0,0,0,0,0,0,0
31315,71.02,-28,2979,0,0.00,130,109,106,105.24,116.52,0,0,0,0,0,0,0,0,0,0,0,0,0,0,0,0,0,0,0,0,0,0,0,0,0,0,0,0,0,0,0,0
31351,68.65,-27,3036,0,0.00,130,109,106,105.24,116.52,0,0,0,0,0,0,0,0,0,0,0,0,0,0,0,0,0,0,0,0,0,0,0,0,0,0,0,0,0,0,0,0
31387,67.20,-6,3293,0,0.00,130,109,106,105.24,116.52,0,0,0,0,0,0,0,0,0,0,0,0,0,0,0,0,0,0,0,0,0,0,0,0,0,0,0,0,0,0,0,0
31423,66.84,75,3631,0,0.00,130,109,106,105.24,116.52,0,0,0,0,0,0,0,0,0,0,0,0,0,0,0,0,0,0,0,0,0,0,0,0,0,0,0,0,0,0,0,0
31459,72.55,218,3684,0,0.00,130,109,106,105.24,116.52,0,0,0,0,0,0,0,0,0,0,0,0,0,0,0,0,0,0,0,0,0,0,0,0,0,0,0,0,0,0,0,0
31495,71.97,352,3483,0,0.00,130,109,106,105.24,116.52,0,0,0,0,0,0,0,0,0,0,0,0,0,0,0,0,0,0,0,0,0,0,0,0,0,0,0,0,0,0,0,0
31531,71.51,401,3305,0,0.00,130,109,106,105.24,116.52,0,0,0,0,0,0,0,0,0,0,0,0,0,0,0,0,0,0,0,0,0,0,0,0,0,0,0,0,0,0,0,0
31567,69.20,348,3179,0,0.00,130,109,106,105.24,116.52,0,0,0,0,0,0,0,0,0,0,0,0,0,0,0,0,0,0,0,0,0,0,0,0,0,0,0,0,0,0,0,0
31603,67.86,231,3116,0,0.00,130,109,106,105.24,116.52,0,0,0,0,0,0,0,0,0,0,0,0,0,0,0,0,0,0,0,0,0,0,0,0,0,0,0,0,0,0,0,0
31639,69.04,102,3095,0,0.00,130,109,106,105.24,116.52,0,0,0,0,0,0,0,0,0,0,0,0,0,0,0,0,0,0,0,0,0,0,0,0,0,0,0,0,0,0,0,0
31675,72.81,-2,3118,0,0.00,130,109,106,105.24,116.52,0,0,0,0,0,0,0,0,0,0,0,0,0,0,0,0,0,0,0,0,0,0,0,0,0,0,0,0,0,0,0,0
31711,73.53,-65,3136,0,0.00,130,109,106,105.24,116.52,0,0,0,0,0,0,0,0,0,0,0,0,0,0,0,0,0,0,0,0,0,0,0,0,0,0,0,0,0,0,0,0
31747,70.81,-88,3146,0,0.00,130,109,106,105.24,116.52,0,0,0,0,0,0,0,0,0,0,0,0,0,0,0,0,0,0,0,0,0,0,0,0,0,0,0,0,0,0,0,0
31783,68.83,-86,3143,0,0.00,130,109,106,105.24,116.52,0,0,0,0,0,0,0,0,0,0,0,0,0,0,0,0,0,0,0,0,0,0,0,0,0,0,0,0,0,0,0,0
31819,71.79,-72,3152,0,0.00,130,109,106,105.24,116.52,0,0,0,0,0,0,0,0,0,0,0,0,0,0,0,0,0,0,0,0,0,0,0,0,0,0,0,0,0,0,0,0
31855,73.43,-61,3088,0,0.00,130,109,106,105.24,116.52,0,0,0,0,0,0,0,0,0,0,0,0,0,0,0,0,0,0,0,0,0,0,0,0,0,0,0,0,0,0,0,0
31891,72.74,-64,3046,0,0.00,130,109,106,105.24,116.52,0,0,0,0,0,0,0,0,0,0,0,0,0,0,0,0,0,0,0,0,0,0,0,0,0,0,0,0,0,0,0,0
31927,70.19,-80,3038,0,0.00,130,109,106,105.24,116.52,0,0,0,0,0,0,0,0,0,0,0,0,0,0,0,0,0,0,0,0,0,0,0,0,0,0,0,0,0,0,0,0
31963,71.97,-100,3026,0,0.00,130,109,106,105.24,116.52,0,0,0,0,0,0,0,0,0,0,0,0,0,0,0,0,0,0,0,0,0,0,0,0,0,0,0,0,0,0,0,0
31999,74.47,-115,3023,0,0.00,130,109,106,105.24,116.52,0,0,0,0,0,0,0,0,0,0,0,0,0,0,0,0,0,0,0,0,0,0,0,0,0,0,0,0,0,0,0,0
32035,72.88,-122,3047,0,0.00,130,109,106,105.24,116.52,0,0,0,0,0,0,0,0,0,0,0,0,0,0,0,0,0,0,0,0,0,0,0,0,0,0,0,0,0,0,0,0
32071,70.34,-117,3057,0,0.00,130,109,106,105.24,116.52,0,0,0,0,0,0,0,0,0,0,0,0,0,0,0,0,0,0,0,0,0,0,0,0,0,0,0,0,0,0,0,0
32107,76.00,-104,3043,0,0.00,130,109,106,105.24,116.52,0,0,0,0,0,0,0,0,0,0,0,0,0,0,0,0,0,0,0,0,0,0,0,0,0,0,0,0,0,0,0,0
32143,75.51,-92,3023,0,0.00,130,109,106,105.24,116.52,0,0,0,0,0,0,0,0,0,0,0,0,0,0,0,0,0,0,0,0,0,0,0,0,0,0,0,0,0,0,0,0
32179,71.68,-86,3021,0,0.00,130,109,106,105.24,116.52,0,0,0,0,0,0,0,0,0,0,0,0,0,0,0,0,0,0,0,0,0,0,0,0,0,0,0,0,0,0,0,0
32215,74.47,-83,3005,0,0.00,130,109,106,105.24,116.52,0,0,0,0,0,0,0,0,0,0,0,0,0,0,0,0,0,0,0,0,0,0,0,0,0,0,0,0,0,0,0,0
32251,76.03,-83,3005,0,0.00,130,109,106,105.24,116.52,0,0,0,0,0,0,0,0,0,0,0,0,0,0,0,0,0,0,0,0,0,0,0,0,0,0,0,0,0,0,0,0
32287,72.47,-82,3017,0,0.00,130,109,106,105.24,116.52,0,0,0,0,0,0,0,0,0,0,0,0,0,0,0,0,0,0,0,0,0,0,0,0,0,0,0,0,0,0,0,0
32323,73.95,-77,3008,0,0.00,130,109,106,105.24,116.52,0,0,0,0,0,0,0,0,0,0,0,0,0,0,0,0,0,0,0,0,0,0,0,0,0,0,0,0,0,0,0,0
32359,76.60,-71,3008,0,0.00,130,109,106,105.24,116.52,0,0,0,0,0,0,0,0,0,0,0,0,0,0,0,0,0,0,0,0,0,0,0,0,0,0,0,0,0,0,0,0
32395,73.84,-62,3039,0,0.00,130,109,106,105.24,116.52,0,0,0,0,0,0,0,0,0,0,0,0,0,0,0,0,0,0,0,0,0,0,0,0,0,0,0,0,0,0,0,0
32431,77.72,-48,3042,0,0.00,130,109,106,105.24,116.52,0,0,0,0,0,0,0,0,0,0,0,0,0,0,0,0,0,0,0,0,0,0,0,0,0,0,0,0,0,0,0,0
32467,78.81,-32,3051,0,0.00,130,109,106,105.24,116.52,0,0,0,0,0,0,0,0,0,0,0,0,0,0,0,0,0,0,0,0,0,0,0,0,0,0,0,0,0,0,0,0
32503,74.77,-7,3199,0,0.00,130,109,106,105.24,116.52,0,0,0,0,0,0,0,0,0,0,0,0,0,0,0,0,0,0,0,0,0,0,0,0,0,0,0,0,0,0,0,0
32539,78.91,53,3507,0,0.00,130,109,106,105.24,116.52,0,0,0,0,0,0,0,0,0,0,0,0,0,0,0,0,0,0,0,0,0,0,0,0,0,0,0,0,0,0,0,0
32575,77.68,169,3683,0,0.00,130,109,106,105.24,116.52,0,0,0,0,0,0,0,0,0,0,0,0,0,0,0,0,0,0,0,0,0,0,0,0,0,0,0,0,0,0,0,0
32611,74.58,301,3537,0,0.00,130,109,106,105.24,116.52,0,0,0,0,0,0,0,0,0,0,0,0,0,0,0,0,0,0,0,0,0,0,0,0,0,0,0,0,0,0,0,0
32647,79.75,372,3328,0,0.00,130,109,106,105.24,116.52,0,0,0,0,0,0,0,0,0,0,0,0,0,0,0,0,0,0,0,0,0,0,0,0,0,0,0,0,0,0,0,0
32683,75.84,344,3187,0,0.00,130,109,106,105.24,116.52,0,0,0,0,0,0,0,0,0,0,0,0,0,0,0,0,0,0,0,0,0,0,0,0,0,0,0,0,0,0,0,0
32719,79.80,240,3088,0,0.00,130,109,106,105.24,116.52,0,0,0,0,0,0,0,0,0,0,0,0,0,0,0,0,0,0,0,0,0,0,0,0,0,0,0,0,0,0,0,0
32755,78.10,107,3051,0,0.00,130,109,106,105.24,116.52,0,0,0,0,0,0,0,0,0,0,0,0,0,0,0,0,0,0,0,0,0,0,0,0,0,0,0,0,0,0,0,0
32791,78.60,-8,3093,0,0.00,130,109,106,105.24,116.52,0,0,0,0,0,0,0,0,0,0,0,0,0,0,0,0,0,0,0,0,0,0,0,0,0,0,0,0,0,0,0,0
32827,80.89,-78,3128,0,0.00,130,109,106,105.24,116.52,0,0,0,0,0,0,0,0,0,0,0,0,0,0,0,0,0,0,0,0,0,0,0,0,0,0,0,0,0,0,0,0
32877,76.23,-100,3152,0,0.00,130,109,106,105.24,116.52,0,0,0,0,0,0,0,0,0,0,0,0,0,0,0,0,0,0,0,0,0,0,0,0,0,0,0,0,0,0,0,0
32926,80.94,-92,3133,0,0.00,130,109,106,105.24,116.52,0,0,0,0,0,0,0,0,0,0,0,0,0,0,0,0,0,0,0,0,0,0,0,0,0,0,0,0,0,0,0,0
32975,79.91,-76,3093,0,0.00,130,109,106,105.24,116.52,0,0,0,0,0,0,0,0,0,0,0,0,0,0,0,0,0,0,0,0,0,0,0,0,0,0,0,0,0,0,0,0
33024,77.08,-70,3055,0,0.00,130,109,106,105.24,116.52,0,0,0,0,0,0,0,0,0,0,0,0,0,0,0,0,0,0,0,0,0,0,0,0,0,0,0,0,0,0,0,0
33073,81.98,-76,3047,0,0.00,130,109,106,105.24,116.52,0,0,0,0,0,0,0,0,0,0,0,0,0,0,0,0,0,0,0,0,0,0,0,0,0,0,0,0,0,0,0,0
33122,80.44,-87,3056,0,0.00,130,109,106,105.24,116.52,0,0,0,0,0,0,0,0,0,0,0,0,0,0,0,0,0,0,0,0,0,0,0,0,0,0,0,0,0,0,0,0
33171,77.99,-95,3024,0,0.00,130,109,106,105.24,116.52,0,0,0,0,0,0,0,0,0,0,0,0,0,0,0,0,0,0,0,0,0,0,0,0,0,0,0,0,0,0,0,0
33220,82.88,-101,3028,0,0.00,130,109,106,105.24,116.52,0,0,0,0,0,0,0,0,0,0,0,0,0,0,0,0,0,0,0,0,0,0,0,0,0,0,0,0,0,0,0,0
33269,81.25,-105,3024,0,0.00,130,109,106,105.24,116.52,0,0,0,0,0,0,0,0,0,0,0,0,0,0,0,0,0,0,0,0,0,0,0,0,0,0,0,0,0,0,0,0
33318,78.86,-103,3024,0,0.00,130,109,106,105.24,116.52,0,0,0,0,0,0,0,0,0,0,0,0,0,0,0,0,0,0,0,0,0,0,0,0,0,0,0,0,0,0,0,0
33367,84.03,-100,3001,0,0.00,130,109,106,105.24,116.52,0,0,0,0,0,0,0,0,0,0,0,0,0,0,0,0,0,0,0,0,0,0,0,0,0,0,0,0,0,0,0,0
33416,82.10,-99,2970,0,0.00,130,109,106,105.24,116.52,0,0,0,0,0,0,0,0,0,0,0,0,0,0,0,0,0,0,0,0,0,0,0,0,0,0,0,0,0,0,0,0
33465,86.05,-100,3001,0,0.00,130,109,106,105.24,116.52,0,0,0,0,0,0,0,0,0,0,0,0,0,0,0,0,0,0,0,0,0,0,0,0,0,0,0,0,0,0,0,0
33514,88.35,-93,3059,0,0.00,130,109,106,105.24,116.52,0,0,0,0,0,0,0,0,0,0,0,0,0,0,0,0,0,0,0,0,0,0,0,0,0,0,0,0,0,0,0,0
33563,84.61,-51,3399,0,0.00,130,109,106,105.24,116.52,0,0,0,0,0,0,0,0,0,0,0,0,0,0,0,0,0,0,0,0,0,0,0,0,0,0,0,0,0,0,0,0
33612,88.97,60,3706,0,0.00,130,109,106,105.24,116.52,0,0,0,0,0,0,0,0,0,0,0,0,0,0,0,0,0,0,0,0,0,0,0,0,0,0,0,0,0,0,0,0
33661,88.46,213,3505,0,0.00,130,109,106,105.24,116.52,0,0,0,0,0,0,0,0,0,0,0,0,0,0,0,0,0,0,0,0,0,0,0,0,0,0,0,0,0,0,0,0
33710,84.34,306,3218,0,0.00,130,109,106,105.24,116.52,0,0,0,0,0,0,0,0,0,0,0,0,0,0,0,0,0,0,0,0,0,0,0,0,0,0,0,0,0,0,0,0
33759,89.45,283,3082,0,0.00,130,109,106,105.24,116.52,0,0,0,0,0,0,0,0,0,0,0,0,0,0,0,0,0,0,0,0,0,0,0,0,0,0,0,0,0,0,0,0
33808,88.95,178,3069,0,0.00,130,109,106,105.24,116.52,0,0,0,0,0,0,0,0,0,0,0,0,0,0,0,0,0,0,0,0,0,0,0,0,0,0,0,0,0,0,0,0
33857,85.24,60,3091,0,0.00,130,109,106,105.24,116.52,0,0,0,0,0,0,0,0,0,0,0,0,0,0,0,0,0,0,0,0,0,0,0,0,0,0,0,0,0,0,0,0
33906,90.27,-24,3131,0,0.00,130,109,106,105.24,116.52,0,0,0,0,0,0,0,0,0,0,0,0,0,0,0,0,0,0,0,0,0,0,0,0,0,0,0,0,0,0,0,0
33955,89.77,-67,3102,0,0.00,130,109,106,105.24,116.52,0,0,0,0,0,0,0,0,0,0,0,0,0,0,0,0,0,0,0,0,0,0,0,0,0,0,0,0,0,0,0,0
34004,85.83,-81,3100,0,0.00,130,109,106,105.24,116.52,0,0,0,0,0,0,0,0,0,0,0,0,0,0,0,0,0,0,0,0,0,0,0,0,0,0,0,0,0,0,0,0
34053,90.47,-81,3091,0,0.00,130,109,106,105.24,116.52,0,0,0,0,0,0,0,0,0,0,0,0,0,0,0,0,0,0,0,0,0,0,0,0,0,0,0,0,0,0,0,0
34102,90.10,-77,3070,0,0.00,130,109,106,105.24,116.52,0,0,0,0,0,0,0,0,0,0,0,0,0,0,0,0,0,0,0,0,0,0,0,0,0,0,0,0,0,0,0,0
34151,86.39,-74,3058,0,0.00,130,109,106,105.24,116.52,0,0,0,0,0,0,0,0,0,0,0,0,0,0,0,0,0,0,0,0,0,0,0,0,0,0,0,0,0,0,0,0
34200,91.18,-77,3026,0,0.00,130,109,106,105.24,116.52,0,0,0,0,0,0,0,0,0,0,0,0,0,0,0,0,0,0,0,0,0,0,0,0,0,0,0,0,0,0,0,0
34249,89.02,-83,3037,0,0.00,130,109,106,105.24,116.52,0,0,0,0,0,0,0,0,0,0,0,0,0,0,0,0,0,0,0,0,0,0,0,0,0,0,0,0,0,0,0,0
34298,92.34,-87,3039,0,0.00,130,109,106,105.24,116.52,0,0,0,0,0,0,0,0,0,0,0,0,0,0,0,0,0,0,0,0,0,0,0,0,0,0,0,0,0,0,0,0
34347,92.22,-88,3011,0,0.00,130,109,106,105.24,116.52,0,0,0,0,0,0,0,0,0,0,0,0,0,0,0,0,0,0,0,0,0,0,0,0,0,0,0,0,0,0,0,0
34396,88.60,-89,2999,0,0.00,130,109,106,105.24,116.52,0,0,0,0,0,0,0,0,0,0,0,0,0,0,0,0,0,0,0,0,0,0,0,0,0,0,0,0,0,0,0,0
34445,94.30,-89,3025,0,0.00,130,109,106,105.24,116.52,0,0,0,0,0,0,0,0,0,0,0,0,0,0,0,0,0,0,0,0,0,0,0,0,0,0,0,0,0,0,0,0
34494,90.32,-84,3024,0,0.00,130,109,106,105.24,116.52,0,0,0,0,0,0,0,0,0,0,0,0,0,0,0,0,0,0,0,0,0,0,0,0,0,0,0,0,0,0,0,0
34543,97.38,-74,3026,0,0.00,130,109,106,105.24,116.52,0,0,0,0,0,0,0,0,0,0,0,0,0,0,0,0,0,0,0,0,0,0,0,0,0,0,0,0,0,0,0,0
34592,93.26,-60,3062,0,0.00,130,109,106,105.24,116.52,0,0,0,0,0,0,0,0,0,0,0,0,0,0,0,0,0,0,0,0,0,0,0,0,0,0,0,0,0,0,0,0
34641,99.02,-24,3354,0,0.00,130,109,106,105.24,116.52,0,0,0,0,0,0,0,0,0,0,0,0,0,0,0,0,0,0,0,0,0,0,0,0,0,0,0,0,0,0,0,0
34690,94.12,73,3695,0,0.00,130,109,106,105.24,116.52,0,0,0,0,0,0,0,0,0,0,0,0,0,0,0,0,0,0,0,0,0,0,0,0,0,0,0,0,0,0,0,0
34739,99.28,217,3561,0,0.00,130,109,106,105.24,116.52,0,0,0,0,0,0,0,0,0,0,0,0,0,0,0,0,0,0,0,0,0,0,0,0,0,0,0,0,0,0,0,0
34788,96.11,319,3285,0,0.00,130,109,106,105.24,116.52,0,0,0,0,0,0,0,0,0,0,0,0,0,0,0,0,0,0,0,0,0,0,0,0,0,0,0,0,0,0,0,0
34837,98.22,310,3114,0,0.00,130,109,106,105.24,116.52,0,0,0,0,0,0,0,0,0,0,0,0,0,0,0,0,0,0,0,0,0,0,0,0,0,0,0,0,0,0,0,0
34886,100.65,211,3053,0,0.00,130,109,106,105.24,116.52,0,0,0,0,0,0,0,0,0,0,0,0,0,0,0,0,0,0,0,0,0,0,0,0,0,0,0,0,0,0,0,0
34936,95.96,85,3092,0,0.00,130,109,106,105.24,116.52,0,0,0,0,0,0,0,0,0,0,0,0,0,0,0,0,0,0,0,0,0,0,0,0,0,0,0,0,0,0,0,0
34985,100.91,-12,3106,0,0.00,130,109,106,105.24,116.52,0,0,0,0,0,0,0,0,0,0,0,0,0,0,0,0,0,0,0,0,0,0,0,0,0,0,0,0,0,0,0,0
35035,101.41,-67,3120,0,0.00,130,109,106,105.24,116.52,0,0,0,0,0,0,0,0,0,0,0,0,0,0,0,0,0,0,0,0,0,0,0,0,0,0,0,0,0,0,0,0
35085,96.76,-86,3094,0,0.00,130,109,106,105.24,116.52,0,0,0,0,0,0,0,0,0,0,0,0,0,0,0,0,0,0,0,0,0,0,0,0,0,0,0,0,0,0,0,0
35134,101.26,-88,3085,0,0.00,130,109,106,105.24,116.52,0,0,0,0,0,0,0,0,0,0,0,0,0,0,0,0,0,0,0,0,0,0,0,0,0,0,0,0,0,0,0,0
35184,101.81,-86,3039,0,0.00,130,109,106,105.24,116.52,0,0,0,0,0,0,0,0,0,0,0,0,0,0,0,0,0,0,0,0,0,0,0,0,0,0,0,0,0,0,0,0
35234,101.35,-89,3038,0,0.00,130,109,106,105.24,116.52,0,0,0,0,0,0,0,0,0,0,0,0,0,0,0,0,0,0,0,0,0,0,0,0,0,0,0,0,0,0,0,0
35284,99.07,-92,3061,0,0.00,130,109,106,105.24,116.52,0,0,0,0,0,0,0,0,0,0,0,0,0,0,0,0,0,0,0,0,0,0,0,0,0,0,0,0,0,0,0,0
35333,103.35,-88,3071,0,0.00,130,109,106,105.24,116.52,0,0,0,0,0,0,0,0,0,0,0,0,0,0,0,0,0,0,0,0,0,0,0,0,0,0,0,0,0,0,0,0
35383,104.14,-77,3087,0,0.00,130,109,106,105.24,116.52,0,0,0,0,0,0,0,0,0,0,0,0,0,0,0,0,0,0,0,0,0,0,0,0,0,0,0,0,0,0,0,0
35433,105.44,-61,3100,0,0.00,130,109,106,105.24,116.52,0,0,0,0,0,0,0,0,0,0,0,0,0,0,0,0,0,0,0,0,0,0,0,0,0,0,0,0,0,0,0,0
35483,103.69,-46,3063,0,0.00,130,109,106,105.24,116.52,0,0,0,0,0,0,0,0,0,0,0,0,0,0,0,0,0,0,0,0,0,0,0,0,0,0,0,0,0,0,0,0
35533,102.24,-39,3056,0,0.00,130,109,106,105.24,116.52,0,0,0,0,0,0,0,0,0,0,0,0,0,0,0,0,0,0,0,0,0,0,0,0,0,0,0,0,0,0,0,0
35583,105.24,-39,3059,0,0.00,130,109,106,105.24,116.52,0,0,0,0,0,0,0,0,0,0,0,0,0,0,0,0,0,0,0,0,0,0,0,0,0,0,0,0,0,0,0,0
35633,108.59,-40,3071,0,0.00,130,109,106,105.24,116.52,0,0,0,0,0,0,0,0,0,0,0,0,0,0,0,0,0,0,0,0,0,0,0,0,0,0,0,0,0,0,0,0
35683,111.56,-31,3173,0,0.00,130,109,106,105.24,116.52,0,0,0,0,0,0,0,0,0,0,0,0,0,0,0,0,0,0,0,0,0,0,0,0,0,0,0,0,0,0,0,0
35733,111.34,9,3422,0,0.00,130,109,106,105.24,116.52,0,0,0,0,0,0,0,0,0,0,0,0,0,0,0,0,0,0,0,0,0,0,0,0,0,0,0,0,0,0,0,0
35783,112.34,92,3471,0,0.00,130,109,106,105.24,116.52,0,0,0,0,0,0,0,0,0,0,0,0,0,0,0,0,0,0,0,0,0,0,0,0,0,0,0,0,0,0,0,0
35833,106.74,178,3344,0,0.00,130,109,106,105.24,116.52,0,0,0,0,0,0,0,0,0,0,0,0,0,0,0,0,0,0,0,0,0,0,0,0,0,0,0,0,0,0,0,0
35883,107.90,213,3199,0,0.00,130,109,106,105.24,116.52,0,0,0,0,0,0,0,0,0,0,0,0,0,0,0,0,0,0,0,0,0,0,0,0,0,0,0,0,0,0,0,0
35933,110.33,179,3097,0,0.00,130,109,106,105.24,116.52,0,0,0,0,0,0,0,0,0,0,0,0,0,0,0,0,0,0,0,0,0,0,0,0,0,0,0,0,0,0,0,0
35983,112.44,102,3088,0,0.00,130,109,106,105.24,116.52,0,0,0,0,0,0,0,0,0,0,0,0,0,0,0,0,0,0,0,0,0,0,0,0,0,0,0,0,0,0,0,0
36033,112.43,23,3128,0,0.00,130,109,106,105.24,116.52,0,0,0,0,0,0,0,0,0,0,0,0,0,0,0,0,0,0,0,0,0,0,0,0,0,0,0,0,0,0,0,0
36083,112.66,-28,3131,0,0.00,130,109,106,105.24,116.52,0,0,0,0,0,0,0,0,0,0,0,0,0,0,0,0,0,0,0,0,0,0,0,0,0,0,0,0,0,0,0,0
36133,109.45,-51,3133,0,0.00,130,109,106,105.24,116.52,0,0,0,0,0,0,0,0,0,0,0,0,0,0,0,0,0,0,0,0,0,0,0,0,0,0,0,0,0,0,0,0
36183,111.63,-59,3065,0,0.00,130,109,106,105.24,116.52,0,0,0,0,0,0,0,0,0,0,0,0,0,0,0,0,0,0,0,0,0,0,0,0,0,0,0,0,0,0,0,0
36233,115.39,-65,3093,0,0.00,130,109,106,105.24,116.52,0,0,0,0,0,0,0,0,0,0,0,0,0,0,0,0,0,0,0,0,0,0,0,0,0,0,0,0,0,0,0,0
36283,115.16,-64,3150,0,0.00,130,109,106,105.24,116.52,0,0,0,0,0,0,0,0,0,0,0,0,0,0,0,0,0,0,0,0,0,0,0,0,0,0,0,0,0,0,0,0
36333,116.96,-50,3162,0,0.00,130,109,106,105.24,116.52,0,0,0,0,0,0,0,0,0,0,0,0,0,0,0,0,0,0,0,0,0,0,0,0,0,0,0,0,0,0,0,0
36383,112.36,-31,3120,0,0.00,130,109,106,105.24,116.52,0,0,0,0,0,0,0,0,0,0,0,0,0,0,0,0,0,0,0,0,0,0,0,0,0,0,0,0,0,0,0,0
36433,114.33,-20,3114,0,0.00,130,109,106,105.24,116.52,0,0,0,0,0,0,0,0,0,0,0,0,0,0,0,0,0,0,0,0,0,0,0,0,0,0,0,0,0,0,0,0
36483,118.41,-20,3102,0,0.00,130,109,106,105.24,116.52,0,0,0,0,0,0,0,0,0,0,0,0,0,0,0,0,0,0,0,0,0,0,0,0,0,0,0,0,0,0,0,0
36533,119.20,-24,3120,0,0.00,130,109,106,105.24,116.52,0,0,0,0,0,0,0,0,0,0,0,0,0,0,0,0,0,0,0,0,0,0,0,0,0,0,0,0,0,0,0,0
36583,121.85,-26,3120,0,0.00,130,109,106,105.24,116.52,0,0,0,0,0,0,0,0,0,0,0,0,0,0,0,0,0,0,0,0,0,0,0,0,0,0,0,0,0,0,0,0
36633,116.81,-26,3104,0,0.00,130,109,106,105.24,116.52,0,0,0,0,0,0,0,0,0,0,0,0,0,0,0,0,0,0,0,0,0,0,0,0,0,0,0,0,0,0,0,0
36683,118.00,-26,3125,0,0.00,130,109,106,105.24,116.52,0,0,0,0,0,0,0,0,0,0,0,0,0,0,0,0,0,0,0,0,0,0,0,0,0,0,0,0,0,0,0,0
36733,119.62,-17,3216,0,0.00,130,109,106,105.24,116.52,0,0,0,0,0,0,0,0,0,0,0,0,0,0,0,0,0,0,0,0,0,0,0,0,0,0,0,0,0,0,0,0
36783,122.12,5,3215,0,0.00,130,109,106,105.24,116.52,0,0,0,0,0,0,0,0,0,0,0,0,0,0,0,0,0,0,0,0,0,0,0,0,0,0,0,0,0,0,0,0
36833,123.67,31,3195,0,0.00,130,109,106,105.24,116.52,0,0,0,0,0,0,0,0,0,0,0,0,0,0,0,0,0,0,0,0,0,0,0,0,0,0,0,0,0,0,0,0
36883,123.81,47,3199,0,0.00,130,109,106,105.24,116.52,0,0,0,0,0,0,0,0,0,0,0,0,0,0,0,0,0,0,0,0,0,0,0,0,0,0,0,0,0,0,0,0
36933,124.53,52,3189,0,0.00,130,109,106,105.24,116.52,0,0,0,0,0,0,0,0,0,0,0,0,0,0,0,0,0,0,0,0,0,0,0,0,0,0,0,0,0,0,0,0
36983,125.04,46,3150,0,0.00,130,109,106,105.24,116.52,0,0,0,0,0,0,0,0,0,0,0,0,0,0,0,0,0,0,0,0,0,0,0,0,0,0,0,0,0,0,0,0
37033,125.77,31,3148,0,0.00,130,109,106,105.24,116.52,0,0,0,0,0,0,0,0,0,0,0,0,0,0,0,0,0,0,0,0,0,0,0,0,0,0,0,0,0,0,0,0
37083,126.48,15,3162,0,0.00,130,109,106,105.24,116.52,0,0,0,0,0,0,0,0,0,0,0,0,0,0,0,0,0,0,0,0,0,0,0,0,0,0,0,0,0,0,0,0
37133,126.98,2,3150,0,0.00,130,109,106,105.24,116.52,0,0,0,0,0,0,0,0,0,0,0,0,0,0,0,0,0,0,0,0,0,0,0,0,0,0,0,0,0,0,0,0
37183,127.77,-5,3140,0,0.00,130,109,106,105.24,116.52,0,0,0,0,0,0,0,0,0,0,0,0,0,0,0,0,0,0,0,0,0,0,0,0,0,0,0,0,0,0,0,0
37233,128.47,-13,3118,0,0.00,130,109,106,105.24,116.52,0,0,0,0,0,0,0,0,0,0,0,0,0,0,0,0,0,0,0,0,0,0,0,0,0,0,0,0,0,0,0,0
37283,129.08,-21,3119,0,0.00,130,109,106,105.24,116.52,0,0,0,0,0,0,0,0,0,0,0,0,0,0,0,0,0,0,0,0,0,0,0,0,0,0,0,0,0,0,0,0
37333,130.21,-28,3133,0,0.00,130,109,106,105.24,116.52,0,0,0,0,0,0,0,0,0,0,0,0,0,0,0,0,0,0,0,0,0,0,0,0,0,0,0,0,0,0,0,0
37383,131.03,-31,3107,0,0.00,130,109,106,105.24,116.52,0,0,0,0,0,0,0,0,0,0,0,0,0,0,0,0,0,0,0,0,0,0,0,0,0,0,0,0,0,0,0,0
37433,130.35,-34,3088,0,0.00,130,109,106,105.24,116.52,0,0,0,0,0,0,0,0,0,0,0,0,0,0,0,0,0,0,0,0,0,0,0,0,0,0,0,0,0,0,0,0
37483,128.82,-42,3071,0,0.00,130,109,106,105.24,116.52,0,0,0,0,0,0,0,0,0,0,0,0,0,0,0,0,0,0,0,0,0,0,0,0,0,0,0,0,0,0,0,0
37533,129.33,-50,3071,0,0.00,130,109,106,105.24,116.52,0,0,0,0,0,0,0,0,0,0,0,0,0,0,0,0,0,0,0,0,0,0,0,0,0,0,0,0,0,0,0,0
37583,131.17,-58,3055,0,0.00,130,109,106,105.24,116.52,0,0,0,0,0,0,0,0,0,0,0,0,0,0,0,0,0,0,0,0,0,0,0,0,0,0,0,0,0,0,0,0
37633,136.57,-62,3086,0,0.00,130,109,106,105.24,116.52,0,0,0,0,0,0,0,0,0,0,0,0,0,0,0,0,0,0,0,0,0,0,0,0,0,0,0,0,0,0,0,0
37683,135.24,-58,3085,0,0.00,130,109,106,105.24,116.52,0,0,0,0,0,0,0,0,0,0,0,0,0,0,0,0,0,0,0,0,0,0,0,0,0,0,0,0,0,0,0,0
37733,136.52,-51,3057,0,0.00,130,109,106,105.24,116.52,0,0,0,0,0,0,0,0,0,0,0,0,0,0,0,0,0,0,0,0,0,0,0,0,0,0,0,0,0,0,0,0
37783,133.21,-47,3057,0,0.00,130,109,106,105.24,116.52,0,0,0,0,0,0,0,0,0,0,0,0,0,0,0,0,0,0,0,0,0,0,0,0,0,0,0,0,0,0,0,0
37833,134.11,-45,3061,0,0.00,130,109,106,105.24,116.52,0,0,0,0,0,0,0,0,0,0,0,0,0,0,0,0,0,0,0,0,0,0,0,0,0,0,0,0,0,0,0,0
37883,138.98,-45,3029,0,0.00,130,109,106,105.24,116.52,0,0,0,0,0,0,0,0,0,0,0,0,0,0,0,0,0,0,0,0,0,0,0,0,0,0,0,0,0,0,0,0
37933,139.46,-48,3021,0,0.00,130,109,106,105.24,116.52,0,0,0,0,0,0,0,0,0,0,0,0,0,0,0,0,0,0,0,0,0,0,0,0,0,0,0,0,0,0,0,0
37983,135.88,-49,3083,0,0.00,130,109,106,105.24,116.52,0,0,0,0,0,0,0,0,0,0,0,0,0,0,0,0,0,0,0,0,0,0,0,0,0,0,0,0,0,0,0,0
38033,140.66,-38,3117,0,0.00,130,109,106,105.24,116.52,0,0,0,0,0,0,0,0,0,0,0,0,0,0,0,0,0,0,0,0,0,0,0,0,0,0,0,0,0,0,0,0
38083,141.30,-19,3054,0,0.00,130,109,106,105.24,116.52,0,0,0,0,0,0,0,0,0,0,0,0,0,0,0,0,0,0,0,0,0,0,0,0,0,0,0,0,0,0,0,0
38133,140.61,-11,3015,0,0.00,130,109,106,105.24,116.52,0,0,0,0,0,0,0,0,0,0,0,0,0,0,0,0,0,0,0,0,0,0,0,0,0,0,0,0,0,0,0,0
38183,139.19,-15,3049,0,0.00,130,109,106,105.24,116.52,0,0,0,0,0,0,0,0,0,0,0,0,0,0,0,0,0,0,0,0,0,0,0,0,0,0,0,0,0,0,0,0
38233,144.45,-20,3045,0,0.00,130,109,106,105.24,116.52,0,0,0,0,0,0,0,0,0,0,0,0,0,0,0,0,0,0,0,0,0,0,0,0,0,0,0,0,0,0,0,0
38283,145.65,-22,3029,0,0.00,130,109,106,105.24,116.52,0,0,0,0,0,0,0,0,0,0,0,0,0,0,0,0,0,0,0,0,0,0,0,0,0,0,0,0,0,0,0,0
38333,142.52,-24,3019,0,0.00,130,109,106,105.24,116.52,0,0,0,0,0,0,0,0,0,0,0,0,0,0,0,0,0,0,0,0,0,0,0,0,0,0,0,0,0,0,0,0
38383,148.35,-25,3039,0,0.00,130,109,106,105.24,116.52,0,0,0,0,0,0,0,0,0,0,0,0,0,0,0,0,0,0,0,0,0,0,0,0,0,0,0,0,0,0,0,0
38433,148.14,-22,3042,0,0.00,130,109,106,105.24,116.52,0,0,0,0,0,0,0,0,0,0,0,0,0,0,0,0,0,0,0,0,0,0,0,0,0,0,0,0,0,0,0,0
38483,147.07,-14,3061,0,0.00,130,109,106,105.24,116.52,0,0,0,0,0,0,0,0,0,0,0,0,0,0,0,0,0,0,0,0,0,0,0,0,0,0,0,0,0,0,0,0
38533,144.69,-5,3041,0,0.00,130,109,106,105.24,116.52,0,0,0,0,0,0,0,0,0,0,0,0,0,0,0,0,0,0,0,0,0,0,0,0,0,0,0,0,0,0,0,0
38583,151.66,0,3007,0,0.00,130,109,106,105.24,116.52,0,0,0,0,0,0,0,0,0,0,0,0,0,0,0,0,0,0,0,0,0,0,0,0,0,0,0,0,0,0,0,0
38633,151.62,-3,3003,0,0.00,130,109,106,105.24,116.52,0,0,0,0,0,0,0,0,0,0,0,0,0,0,0,0,0,0,0,0,0,0,0,0,0,0,0,0,0,0,0,0
38683,149.67,-11,2994,0,0.00,130,109,106,105.24,116.52,0,0,0,0,0,0,0,0,0,0,0,0,0,0,0,0,0,0,0,0,0,0,0,0,0,0,0,0,0,0,0,0
38733,148.18,-17,3021,0,0.00,130,109,106,105.24,116.52,0,0,0,0,0,0,0,0,0,0,0,0,0,0,0,0,0,0,0,0,0,0,0,0,0,0,0,0,0,0,0,0
38783,155.37,-15,3050,0,0.00,130,109,106,105.24,116.52,0,0,0,0,0,0,0,0,0,0,0,0,0,0,0,0,0,0,0,0,0,0,0,0,0,0,0,0,0,0,0,0
38833,154.18,-4,3039,0,0.00,130,109,106,105.24,116.52,0,0,0,0,0,0,0,0,0,0,0,0,0,0,0,0,0,0,0,0,0,0,0,0,0,0,0,0,0,0,0,0
38883,153.24,6,3024,0,0.00,130,109,106,105.24,116.52,0,0,0,0,0,0,0,0,0,0,0,0,0,0,0,0,0,0,0,0,0,0,0,0,0,0,0,0,0,0,0,0
38933,151.56,11,3007,0,0.00,130,109,106,105.24,116.52,0,0,0,0,0,0,0,0,0,0,0,0,0,0,0,0,0,0,0,0,0,0,0,0,0,0,0,0,0,0,0,0
38983,155.33,7,2969,0,0.00,130,109,106,105.24,116.52,0,0,0,0,0,0,0,0,0,0,0,0,0,0,0,0,0,0,0,0,0,0,0,0,0,0,0,0,0,0,0,0
39033,153.63,0,3033,0,0.00,130,109,106,105.24,116.52,0,0,0,0,0,0,0,0,0,0,0,0,0,0,0,0,0,0,0,0,0,0,0,0,0,0,0,0,0,0,0,0
39083,153.27,1,3047,0,0.00,130,109,106,105.24,116.52,0,0,0,0,0,0,0,0,0,0,0,0,0,0,0,0,0,0,0,0,0,0,0,0,0,0,0,0,0,0,0,0
39133,152.96,10,3021,0,0.00,130,109,106,105.24,116.52,0,0,0,0,0,0,0,0,0,0,0,0,0,0,0,0,0,0,0,0,0,0,0,0,0,0,0,0,0,0,0,0
39183,152.66,15,2992,0,0.00,130,109,106,105.24,116.52,0,0,0,0,0,0,0,0,0,0,0,0,0,0,0,0,0,0,0,0,0,0,0,0,0,0,0,0,0,0,0,0
39233,152.47,13,2997,0,0.00,130,109,106,105.24,116.52,0,0,0,0,0,0,0,0,0,0,0,0,0,0,0,0,0,0,0,0,0,0,0,0,0,0,0,0,0,0,0,0
39283,152.21,8,3013,0,0.00,130,109,106,105.24,116.52,0,0,0,0,0,0,0,0,0,0,0,0,0,0,0,0,0,0,0,0,0,0,0,0,0,0,0,0,0,0,0,0
39333,152.11,8,3013,0,0.00,130,109,106,105.24,116.52,0,0,0,0,0,0,0,0,0,0,0,0,0,0,0,0,0,0,0,0,0,0,0,0,0,0,0,0,0,0,0,0
39383,151.87,10,3015,0,0.00,130,109,106,105.24,116.52,0,0,0,0,0,0,0,0,0,0,0,0,0,0,0,0,0,0,0,0,0,0,0,0,0,0,0,0,0,0,0,0
39433,151.77,12,2982,0,0.00,130,109,106,105.24,116.52,0,0,0,0,0,0,0,0,0,0,0,0,0,0,0,0,0,0,0,0,0,0,0,0,0,0,0,0,0,0,0,0
39483,151.49,9,2990,0,0.00,130,109,106,105.24,116.52,0,0,0,0,0,0,0,0,0,0,0,0,0,0,0,0,0,0,0,0,0,0,0,0,0,0,0,0,0,0,0,0
39533,151.34,6,3005,0,0.00,130,109,106,105.24,116.52,0,0,0,0,0,0,0,0,0,0,0,0,0,0,0,0,0,0,0,0,0,0,0,0,0,0,0,0,0,0,0,0
39583,151.17,6,2991,0,0.00,130,109,106,105.24,116.52,0,0,0,0,0,0,0,0,0,0,0,0,0,0,0,0,0,0,0,0,0,0,0,0,0,0,0,0,0,0,0,0
39633,151.05,7,3002,0,0.00,130,109,106,105.24,116.52,0,0,0,0,0,0,0,0,0,0,0,0,0,0,0,0,0,0,0,0,0,0,0,0,0,0,0,0,0,0,0,0
39683,151.27,9,2993,0,0.00,130,109,106,105.24,116.52,0,0,0,0,0,0,0,0,0,0,0,0,0,0,0,0,0,0,0,0,0,0,0,0,0,0,0,0,0,0,0,0
39733,151.54,11,3003,0,0.00,130,109,106,105.24,116.52,0,0,0,0,0,0,0,0,0,0,0,0,0,0,0,0,0,0,0,0,0,0,0,0,0,0,0,0,0,0,0,0
39783,150.94,14,2997,0,0.00,130,109,106,105.24,116.52,0,0,0,0,0,0,0,0,0,0,0,0,0,0,0,0,0,0,0,0,0,0,0,0,0,0,0,0,0,0,0,0
39833,150.79,16,2997,0,0.00,130,109,106,105.24,116.52,0,0,0,0,0,0,0,0,0,0,0,0,0,0,0,0,0,0,0,0,0,0,0,0,0,0,0,0,0,0,0,0
39883,150.76,17,3002,0,0.00,130,109,106,105.24,116.52,0,0,0,0,0,0,0,0,0,0,0,0,0,0,0,0,0,0,0,0,0,0,0,0,0,0,0,0,0,0,0,0
39933,150.40,19,3005,0,0.00,130,109,106,105.24,116.52,0,0,0,0,0,0,0,0,0,0,0,0,0,0,0,0,0,0,0,0,0,0,0,0,0,0,0,0,0,0,0,0
39983,150.49,21,3005,0,0.00,130,109,106,105.24,116.52,0,0,0,0,0,0,0,0,0,0,0,0,0,0,0,0,0,0,0,0,0,0,0,0,0,0,0,0,0,0,0,0
40033,150.41,22,2999,0,0.00,130,109,106,105.24,116.52,0,0,0,0,0,0,0,0,0,0,0,0,0,0,0,0,0,0,0,0,0,0,0,0,0,0,0,0,0,0,0,0
40083,150.12,20,2966,0,0.00,130,109,106,105.24,116.52,0,0,0,0,0,0,0,0,0,0,0,0,0,0,0,0,0,0,0,0,0,0,0,0,0,0,0,0,0,0,0,0
40133,150.07,14,2992,0,0.00,130,109,106,105.24,116.52,0,0,0,0,0,0,0,0,0,0,0,0,0,0,0,0,0,0,0,0,0,0,0,0,0,0,0,0,0,0,0,0
40183,149.96,12,3013,0,0.00,130,109,106,105.24,116.52,0,0,0,0,0,0,0,0,0,0,0,0,0,0,0,0,0,0,0,0,0,0,0,0,0,0,0,0,0,0,0,0
40233,149.98,16,3018,0,0.00,130,109,106,105.24,116.52,0,0,0,0,0,0,0,0,0,0,0,0,0,0,0,0,0,0,0,0,0,0,0,0,0,0,0,0,0,0,0,0
40283,149.74,23,3014,0,0.00,130,109,106,105.24,116.52,0,0,0,0,0,0,0,0,0,0,0,0,0,0,0,0,0,0,0,0,0,0,0,0,0,0,0,0,0,0,0,0
40333,149.67,29,3018,0,0.00,130,109,106,105.24,116.52,0,0,0,0,0,0,0,0,0,0,0,0,0,0,0,0,0,0,0,0,0,0,0,0,0,0,0,0,0,0,0,0
40383,149.41,33,3014,0,0.00,130,109,106,105.24,116.52,0,0,0,0,0,0,0,0,0,0,0,0,0,0,0,0,0,0,0,0,0,0,0,0,0,0,0,0,0,0,0,0
40433,149.42,33,3005,0,0.00,130,109,106,105.24,116.52,0,0,0,0,0,0,0,0,0,0,0,0,0,0,0,0,0,0,0,0,0,0,0,0,0,0,0,0,0,0,0,0
40483,149.25,31,3007,0,0.00,130,109,106,105.24,116.52,0,0,0,0,0,0,0,0,0,0,0,0,0,0,0,0,0,0,0,0,0,0,0,0,0,0,0,0,0,0,0,0
40533,149.13,27,3006,0,0.00,130,109,106,105.24,116.52,0,0,0,0,0,0,0,0,0,0,0,0,0,0,0,0,0,0,0,0,0,0,0,0,0,0,0,0,0,0,0,0
40583,148.98,22,2986,0,0.00,130,109,106,105.24,116.52,0,0,0,0,0,0,0,0,0,0,0,0,0,0,0,0,0,0,0,0,0,0,0,0,0,0,0,0,0,0,0,0
40633,149.00,15,2987,0,0.00,130,109,106,105.24,116.52,0,0,0,0,0,0,0,0,0,0,0,0,0,0,0,0,0,0,0,0,0,0,0,0,0,0,0,0,0,0,0,0
40683,149.28,9,2992,0,0.00,130,109,106,105.24,116.52,0,0,0,0,0,0,0,0,0,0,0,0,0,0,0,0,0,0,0,0,0,0,0,0,0,0,0,0,0,0,0,0
40733,149.72,8,3025,0,0.00,130,109,106,105.24,116.52,0,0,0,0,0,0,0,0,0,0,0,0,0,0,0,0,0,0,0,0,0,0,0,0,0,0,0,0,0,0,0,0
40783,149.38,15,3053,0,0.00,130,109,106,105.24,116.52,0,0,0,0,0,0,0,0,0,0,0,0,0,0,0,0,0,0,0,0,0,0,0,0,0,0,0,0,0,0,0,0
40833,149.11,28,3035,0,0.00,130,109,106,105.24,116.52,0,0,0,0,0,0,0,0,0,0,0,0,0,0,0,0,0,0,0,0,0,0,0,0,0,0,0,0,0,0,0,0
40883,149.15,35,2999,0,0.00,130,109,106,105.24,116.52,0,0,0,0,0,0,0,0,0,0,0,0,0,0,0,0,0,0,0,0,0,0,0,0,0,0,0,0,0,0,0,0
40933,148.83,30,2969,0,0.00,130,109,106,105.24,116.52,0,0,0,0,0,0,0,0,0,0,0,0,0,0,0,0,0,0,0,0,0,0,0,0,0,0,0,0,0,0,0,0
40983,148.77,17,2995,0,0.00,130,109,106,105.24,116.52,0,0,0,0,0,0,0,0,0,0,0,0,0,0,0,0,0,0,0,0,0,0,0,0,0,0,0,0,0,0,0,0
41033,148.69,6,2997,0,0.00,130,109,106,105.24,116.52,0,0,0,0,0,0,0,0,0,0,0,0,0,0,0,0,0,0,0,0,0,0,0,0,0,0,0,0,0,0,0,0
41083,148.44,2,3024,0,0.00,130,109,106,105.24,116.52,0,0,0,0,0,0,0,0,0,0,0,0,0,0,0,0,0,0,0,0,0,0,0,0,0,0,0,0,0,0,0,0
41133,148.20,5,3010,0,0.00,130,109,106,105.24,116.52,0,0,0,0,0,0,0,0,0,0,0,0,0,0,0,0,0,0,0,0,0,0,0,0,0,0,0,0,0,0,0,0
41183,148.06,9,2997,0,0.00,130,109,106,105.24,116.52,0,0,0,0,0,0,0,0,0,0,0,0,0,0,0,0,0,0,0,0,0,0,0,0,0,0,0,0,0,0,0,0
41233,147.99,9,2991,0,0.00,130,109,106,105.24,116.52,0,0,0,0,0,0,0,0,0,0,0,0,0,0,0,0,0,0,0,0,0,0,0,0,0,0,0,0,0,0,0,0
41283,147.94,6,3008,0,0.00,130,109,106,105.24,116.52,0,0,0,0,0,0,0,0,0,0,0,0,0,0,0,0,0,0,0,0,0,0,0,0,0,0,0,0,0,0,0,0
41333,147.69,6,3007,0,0.00,130,109,106,105.24,116.52,0,0,0,0,0,0,0,0,0,0,0,0,0,0,0,0,0,0,0,0,0,0,0,0,0,0,0,0,0,0,0,0
41383,147.81,6,2995,0,0.00,130,109,106,105.24,116.52,0,0,0,0,0,0,0,0,0,0,0,0,0,0,0,0,0,0,0,0,0,0,0,0,0,0,0,0,0,0,0,0
41433,147.66,4,2995,0,0.00,130,109,106,105.24,116.52,0,0,0,0,0,0,0,0,0,0,0,0,0,0,0,0,0,0,0,0,0,0,0,0,0,0,0,0,0,0,0,0
41483,147.61,2,2999,0,0.00,130,109,106,105.24,116.52,0,0,0,0,0,0,0,0,0,0,0,0,0,0,0,0,0,0,0,0,0,0,0,0,0,0,0,0,0,0,0,0
41533,147.53,2,3019,0,0.00,130,109,106,105.24,116.52,0,0,0,0,0,0,0,0,0,0,0,0,0,0,0,0,0,0,0,0,0,0,0,0,0,0,0,0,0,0,0,0
41583,147.40,5,3003,0,0.00,130,109,106,105.24,116.52,0,0,0,0,0,0,0,0,0,0,0,0,0,0,0,0,0,0,0,0,0,0,0,0,0,0,0,0,0,0,0,0
41633,147.38,7,3009,0,0.00,130,109,106,105.24,116.52,0,0,0,0,0,0,0,0,0,0,0,0,0,0,0,0,0,0,0,0,0,0,0,0,0,0,0,0,0,0,0,0
41683,147.32,9,3022,0,0.00,130,109,106,105.24,116.52,0,0,0,0,0,0,0,0,0,0,0,0,0,0,0,0,0,0,0,0,0,0,0,0,0,0,0,0,0,0,0,0
41733,147.78,11,3006,0,0.00,130,109,106,105.24,116.52,0,0,0,0,0,0,0,0,0,0,0,0,0,0,0,0,0,0,0,0,0,0,0,0,0,0,0,0,0,0,0,0
41783,148.18,12,3018,0,0.00,130,109,106,105.24,116.52,0,0,0,0,0,0,0,0,0,0,0,0,0,0,0,0,0,0,0,0,0,0,0,0,0,0,0,0,0,0,0,0
41833,147.49,14,3046,0,0.00,130,109,106,105.24,116.52,0,0,0,0,0,0,0,0,0,0,0,0,0,0,0,0,0,0,0,0,0,0,0,0,0,0,0,0,0,0,0,0
41883,147.35,17,3008,0,0.00,130,109,106,105.24,116.52,0,0,0,0,0,0,0,0,0,0,0,0,0,0,0,0,0,0,0,0,0,0,0,0,0,0,0,0,0,0,0,0
41933,147.51,16,2999,0,0.00,130,109,106,105.24,116.52,0,0,0,0,0,0,0,0,0,0,0,0,0,0,0,0,0,0,0,0,0,0,0,0,0,0,0,0,0,0,0,0
41983,147.13,10,2999,0,0.00,130,109,106,105.24,116.52,0,0,0,0,0,0,0,0,0,0,0,0,0,0,0,0,0,0,0,0,0,0,0,0,0,0,0,0,0,0,0,0
42033,147.05,3,3011,0,0.00,130,109,106,105.24,116.52,0,0,0,0,0,0,0,0,0,0,0,0,0,0,0,0,0,0,0,0,0,0,0,0,0,0,0,0,0,0,0,0
42083,147.05,0,3005,0,0.00,130,109,106,105.24,116.52,0,0,0,0,0,0,0,0,0,0,0,0,0,0,0,0,0,0,0,0,0,0,0,0,0,0,0,0,0,0,0,0
42133,146.80,-2,3006,0,0.00,130,109,106,105.24,116.52,0,0,0,0,0,0,0,0,0,0,0,0,0,0,0,0,0,0,0,0,0,0,0,0,0,0,0,0,0,0,0,0
42183,146.70,-1,3023,0,0.00,130,109,106,105.24,116.52,0,0,0,0,0,0,0,0,0,0,0,0,0,0,0,0,0,0,0,0,0,0,0,0,0,0,0,0,0,0,0,0
42233,146.64,0,2991,0,0.00,130,109,106,105.24,116.52,0,0,0,0,0,0,0,0,0,0,0,0,0,0,0,0,0,0,0,0,0,0,0,0,0,0,0,0,0,0,0,0
42283,146.57,-1,2997,0,0.00,130,109,106,105.24,116.52,0,0,0,0,0,0,0,0,0,0,0,0,0,0,0,0,0,0,0,0,0,0,0,0,0,0,0,0,0,0,0,0
42333,146.46,-3,3015,0,0.00,130,109,106,105.24,116.52,0,0,0,0,0,0,0,0,0,0,0,0,0,0,0,0,0,0,0,0,0,0,0,0,0,0,0,0,0,0,0,0
42383,146.30,-4,2995,0,0.00,130,109,106,105.24,116.52,0,0,0,0,0,0,0,0,0,0,0,0,0,0,0,0,0,0,0,0,0,0,0,0,0,0,0,0,0,0,0,0
42433,146.10,-5,2988,0,0.00,130,109,106,105.24,116.52,0,0,0,0,0,0,0,0,0,0,0,0,0,0,0,0,0,0,0,0,0,0,0,0,0,0,0,0,0,0,0,0
42483,145.97,-8,3006,0,0.00,130,109,106,105.24,116.52,0,0,0,0,0,0,0,0,0,0,0,0,0,0,0,0,0,0,0,0,0,0,0,0,0,0,0,0,0,0,0,0
42533,145.67,-8,3007,0,0.00,130,109,106,105.24,116.52,0,0,0,0,0,0,0,0,0,0,0,0,0,0,0,0,0,0,0,0,0,0,0,0,0,0,0,0,0,0,0,0
42583,145.52,-7,2979,0,0.00,130,109,106,105.24,116.52,0,0,0,0,0,0,0,0,0,0,0,0,0,0,0,0,0,0,0,0,0,0,0,0,0,0,0,0,0,0,0,0
42633,145.45,-7,3013,0,0.00,130,109,106,105.24,116.52,0,0,0,0,0,0,0,0,0,0,0,0,0,0,0,0,0,0,0,0,0,0,0,0,0,0,0,0,0,0,0,0
42683,145.23,-5,3024,0,0.00,130,109,106,105.24,116.52,0,0,0,0,0,0,0,0,0,0,0,0,0,0,0,0,0,0,0,0,0,0,0,0,0,0,0,0,0,0,0,0
42733,145.11,1,3021,0,0.00,130,109,106,105.24,116.52,0,0,0,0,0,0,0,0,0,0,0,0,0,0,0,0,0,0,0,0,0,0,0,0,0,0,0,0,0,0,0,0
42783,145.38,8,3029,0,0.00,130,109,106,105.24,116.52,0,0,0,0,0,0,0,0,0,0,0,0,0,0,0,0,0,0,0,0,0,0,0,0,0,0,0,0,0,0,0,0
42833,145.33,13,3027,0,0.00,130,109,106,105.24,116.52,0,0,0,0,0,0,0,0,0,0,0,0,0,0,0,0,0,0,0,0,0,0,0,0,0,0,0,0,0,0,0,0
42883,144.64,16,3020,0,0.00,130,109,106,105.24,116.52,0,0,0,0,0,0,0,0,0,0,0,0,0,0,0,0,0,0,0,0,0,0,0,0,0,0,0,0,0,0,0,0
42933,144.42,16,3026,0,0.00,130,109,106,105.24,116.52,0,0,0,0,0,0,0,0,0,0,0,0,0,0,0,0,0,0,0,0,0,0,0,0,0,0,0,0,0,0,0,0
42983,143.97,14,3024,0,0.00,130,109,106,105.24,116.52,0,0,0,0,0,0,0,0,0,0,0,0,0,0,0,0,0,0,0,0,0,0,0,0,0,0,0,0,0,0,0,0
43033,143.51,12,3020,0,0.00,130,109,106,105.24,116.52,0,0,0,0,0,0,0,0,0,0,0,0,0,0,0,0,0,0,0,0,0,0,0,0,0,0,0,0,0,0,0,0
43083,143.22,8,3010,0,0.00,130,109,106,105.24,116.52,0,0,0,0,0,0,0,0,0,0,0,0,0,0,0,0,0,0,0,0,0,0,0,0,0,0,0,0,0,0,0,0
43133,142.83,3,2997,0,0.00,130,109,106,105.24,116.52,0,0,0,0,0,0,0,0,0,0,0,0,0,0,0,0,0,0,0,0,0,0,0,0,0,0,0,0,0,0,0,0
43183,142.31,-3,3008,0,0.00,130,109,106,105.24,116.52,0,0,0,0,0,0,0,0,0,0,0,0,0,0,0,0,0,0,0,0,0,0,0,0,0,0,0,0,0,0,0,0
43233,141.94,-6,3021,0,0.00,130,109,106,105.24,116.52,0,0,0,0,0,0,0,0,0,0,0,0,0,0,0,0,0,0,0,0,0,0,0,0,0,0,0,0,0,0,0,0
43283,141.53,-6,3003,0,0.00,130,109,106,105.24,116.52,0,0,0,0,0,0,0,0,0,0,0,0,0,0,0,0,0,0,0,0,0,0,0,0,0,0,0,0,0,0,0,0
43333,141.22,-5,3021,0,0.00,130,109,106,105.24,116.52,0,0,0,0,0,0,0,0,0,0,0,0,0,0,0,0,0,0,0,0,0,0,0,0,0,0,0,0,0,0,0,0
43383,140.92,-1,3058,0,0.00,130,109,106,105.24,116.52,0,0,0,0,0,0,0,0,0,0,0,0,0,0,0,0,0,0,0,0,0,0,0,0,0,0,0,0,0,0,0,0
43433,140.40,5,2996,0,0.00,130,109,106,105.24,116.52,0,0,0,0,0,0,0,0,0,0,0,0,0,0,0,0,0,0,0,0,0,0,0,0,0,0,0,0,0,0,0,0
43483,140.11,6,3021,0,0.00,130,109,106,105.24,116.52,0,0,0,0,0,0,0,0,0,0,0,0,0,0,0,0,0,0,0,0,0,0,0,0,0,0,0,0,0,0,0,0
43533,139.59,4,3022,0,0.00,130,109,106,105.24,116.52,0,0,0,0,0,0,0,0,0,0,0,0,0,0,0,0,0,0,0,0,0,0,0,0,0,0,0,0,0,0,0,0
43583,139.37,2,3015,0,0.00,130,109,106,105.24,116.52,0,0,0,0,0,0,0,0,0,0,0,0,0,0,0,0,0,0,0,0,0,0,0,0,0,0,0,0,0,0,0,0
43633,139.00,0,3004,0,0.00,130,109,106,105.24,116.52,0,0,0,0,0,0,0,0,0,0,0,0,0,0,0,0,0,0,0,0,0,0,0,0,0,0,0,0,0,0,0,0
43683,138.78,-3,3024,0,0.00,130,109,106,105.24,116.52,0,0,0,0,0,0,0,0,0,0,0,0,0,0,0,0,0,0,0,0,0,0,0,0,0,0,0,0,0,0,0,0
43733,138.93,-2,3039,0,0.00,130,109,106,105.24,116.52,0,0,0,0,0,0,0,0,0,0,0,0,0,0,0,0,0,0,0,0,0,0,0,0,0,0,0,0,0,0,0,0
43783,138.92,1,3025,0,0.00,130,109,106,105.24,116.52,0,0,0,0,0,0,0,0,0,0,0,0,0,0,0,0,0,0,0,0,0,0,0,0,0,0,0,0,0,0,0,0
43833,138.02,4,3017,0,0.00,130,109,106,105.24,116.52,0,0,0,0,0,0,0,0,0,0,0,0,0,0,0,0,0,0,0,0,0,0,0,0,0,0,0,0,0,0,0,0
43883,137.70,4,3038,0,0.00,130,109,106,105.24,116.52,0,0,0,0,0,0,0,0,0,0,0,0,0,0,0,0,0,0,0,0,0,0,0,0,0,0,0,0,0,0,0,0
43933,137.15,3,2995,0,0.00,130,109,106,105.24,116.52,0,0,0,0,0,0,0,0,0,0,0,0,0,0,0,0,0,0,0,0,0,0,0,0,0,0,0,0,0,0,0,0
43983,136.74,-2,2992,0,0.00,130,109,106,105.24,116.52,0,0,0,0,0,0,0,0,0,0,0,0,0,0,0,0,0,0,0,0,0,0,0,0,0,0,0,0,0,0,0,0
44033,136.50,-10,3010,0,0.00,130,109,106,105.24,116.52,0,0,0,0,0,0,0,0,0,0,0,0,0,0,0,0,0,0,0,0,0,0,0,0,0,0,0,0,0,0,0,0
44083,136.01,-14,3018,0,0.00,130,109,106,105.24,116.52,0,0,0,0,0,0,0,0,0,0,0,0,0,0,0,0,0,0,0,0,0,0,0,0,0,0,0,0,0,0,0,0
44133,135.58,-13,3008,0,0.00,130,109,106,105.24,116.52,0,0,0,0,0,0,0,0,0,0,0,0,0,0,0,0,0,0,0,0,0,0,0,0,0,0,0,0,0,0,0,0
44183,135.18,-8,3057,0,0.00,130,109,106,105.24,116.52,0,0,0,0,0,0,0,0,0,0,0,0,0,0,0,0,0,0,0,0,0,0,0,0,0,0,0,0,0,0,0,0
44233,134.86,0,3008,0,0.00,130,109,106,105.24,116.52,0,0,0,0,0,0,0,0,0,0,0,0,0,0,0,0,0,0,0,0,0,0,0,0,0,0,0,0,0,0,0,0
44283,134.46,2,3006,0,0.00,130,109,106,105.24,116.52,0,0,0,0,0,0,0,0,0,0,0,0,0,0,0,0,0,0,0,0,0,0,0,0,0,0,0,0,0,0,0,0
44333,134.18,0,3008,0,0.00,130,109,106,105.24,116.52,0,0,0,0,0,0,0,0,0,0,0,0,0,0,0,0,0,0,0,0,0,0,0,0,0,0,0,0,0,0,0,0
44383,133.68,-3,3039,0,0.00,130,109,106,105.24,116.52,0,0,0,0,0,0,0,0,0,0,0,0,0,0,0,0,0,0,0,0,0,0,0,0,0,0,0,0,0,0,0,0
44433,133.43,0,3041,0,0.00,130,109,106,105.24,116.52,0,0,0,0,0,0,0,0,0,0,0,0,0,0,0,0,0,0,0,0,0,0,0,0,0,0,0,0,0,0,0,0
44483,133.13,4,3013,0,0.00,130,109,106,105.24,116.52,0,0,0,0,0,0,0,0,0,0,0,0,0,0,0,0,0,0,0,0,0,0,0,0,0,0,0,0,0,0,0,0
44533,132.84,4,3021,0,0.00,130,109,106,105.24,116.52,0,0,0,0,0,0,0,0,0,0,0,0,0,0,0,0,0,0,0,0,0,0,0,0,0,0,0,0,0,0,0,0
44583,132.51,3,3039,0,0.00,130,109,106,105.24,116.52,0,0,0,0,0,0,0,0,0,0,0,0,0,0,0,0,0,0,0,0,0,0,0,0,0,0,0,0,0,0,0,0
44633,132.29,4,3024,0,0.00,130,109,106,105.24,116.52,0,0,0,0,0,0,0,0,0,0,0,0,0,0,0,0,0,0,0,0,0,0,0,0,0,0,0,0,0,0,0,0
44683,132.74,4,3024,0,0.00,130,109,106,105.24,116.52,0,0,0,0,0,0,0,0,0,0,0,0,0,0,0,0,0,0,0,0,0,0,0,0,0,0,0,0,0,0,0,0
44733,132.97,1,3009,0,0.00,130,109,106,105.24,116.52,0,0,0,0,0,0,0,0,0,0,0,0,0,0,0,0,0,0,0,0,0,0,0,0,0,0,0,0,0,0,0,0
44783,132.08,-3,2991,0,0.00,130,109,106,105.24,116.52,0,0,0,0,0,0,0,0,0,0,0,0,0,0,0,0,0,0,0,0,0,0,0,0,0,0,0,0,0,0,0,0
44833,131.68,-9,2998,0,0.00,130,109,106,105.24,116.52,0,0,0,0,0,0,0,0,0,0,0,0,0,0,0,0,0,0,0,0,0,0,0,0,0,0,0,0,0,0,0,0
44883,131.39,-13,3031,0,0.00,130,109,106,105.24,116.52,0,0,0,0,0,0,0,0,0,0,0,0,0,0,0,0,0,0,0,0,0,0,0,0,0,0,0,0,0,0,0,0
44933,130.85,-14,3024,0,0.00,130,109,106,105.24,116.52,0,0,0,0,0,0,0,0,0,0,0,0,0,0,0,0,0,0,0,0,0,0,0,0,0,0,0,0,0,0,0,0
44983,130.71,-14,3015,0,0.00,130,109,106,105.24,116.52,0,0,0,0,0,0,0,0,0,0,0,0,0,0,0,0,0,0,0,0,0,0,0,0,0,0,0,0,0,0,0,0
45033,130.32,-13,3023,0,0.00,130,109,106,105.24,116.52,0,0,0,0,0,0,0,0,0,0,0,0,0,0,0,0,0,0,0,0,0,0,0,0,0,0,0,0,0,0,0,0
45083,129.87,-10,3056,0,0.00,130,109,106,105.24,116.52,0,0,0,0,0,0,0,0,0,0,0,0,0,0,0,0,0,0,0,0,0,0,0,0,0,0,0,0,0,0,0,0
45133,129.53,-6,3030,0,0.00,130,109,106,105.24,116.52,0,0,0,0,0,0,0,0,0,0,0,0,0,0,0,0,0,0,0,0,0,0,0,0,0,0,0,0,0,0,0,0
45183,129.17,-2,3014,0,0.00,130,109,106,105.24,116.52,0,0,0,0,0,0,0,0,0,0,0,0,0,0,0,0,0,0,0,0,0,0,0,0,0,0,0,0,0,0,0,0
45233,128.96,0,3006,0,0.00,130,109,106,105.24,116.52,0,0,0,0,0,0,0,0,0,0,0,0,0,0,0,0,0,0,0,0,0,0,0,0,0,0,0,0,0,0,0,0
45283,128.73,0,2995,0,0.00,130,109,106,105.24,116.52,0,0,0,0,0,0,0,0,0,0,0,0,0,0,0,0,0,0,0,0,0,0,0,0,0,0,0,0,0,0,0,0
45333,128.47,0,3008,0,0.00,130,109,106,105.24,116.52,0,0,0,0,0,0,0,0,0,0,0,0,0,0,0,0,0,0,0,0,0,0,0,0,0,0,0,0,0,0,0,0
45383,128.09,-1,3054,0,0.00,130,109,106,105.24,116.52,0,0,0,0,0,0,0,0,0,0,0,0,0,0,0,0,0,0,0,0,0,0,0,0,0,0,0,0,0,0,0,0
45433,127.91,0,3047,0,0.00,130,109,106,105.24,116.52,0,0,0,0,0,0,0,0,0,0,0,0,0,0,0,0,0,0,0,0,0,0,0,0,0,0,0,0,0,0,0,0
45483,127.74,2,3040,0,0.00,130,109,106,105.24,116.52,0,0,0,0,0,0,0,0,0,0,0,0,0,0,0,0,0,0,0,0,0,0,0,0,0,0,0,0,0,0,0,0
45533,127.43,5,3014,0,0.00,130,109,106,105.24,116.52,0,0,0,0,0,0,0,0,0,0,0,0,0,0,0,0,0,0,0,0,0,0,0,0,0,0,0,0,0,0,0,0
45583,127.07,6,3008,0,0.00,130,109,106,105.24,116.52,0,0,0,0,0,0,0,0,0,0,0,0,0,0,0,0,0,0,0,0,0,0,0,0,0,0,0,0,0,0,0,0
45633,126.79,6,3031,0,0.00,130,109,106,105.24,116.52,0,0,0,0,0,0,0,0,0,0,0,0,0,0,0,0,0,0,0,0,0,0,0,0,0,0,0,0,0,0,0,0
45683,127.26,6,3022,0,0.00,130,109,106,105.24,116.52,0,0,0,0,0,0,0,0,0,0,0,0,0,0,0,0,0,0,0,0,0,0,0,0,0,0,0,0,0,0,0,0
45733,127.91,5,3027,0,0.00,130,109,106,105.24,116.52,0,0,0,0,0,0,0,0,0,0,0,0,0,0,0,0,0,0,0,0,0,0,0,0,0,0,0,0,0,0,0,0
45783,127.35,5,3005,0,0.00,130,109,106,105.24,116.52,0,0,0,0,0,0,0,0,0,0,0,0,0,0,0,0,0,0,0,0,0,0,0,0,0,0,0,0,0,0,0,0
45833,126.78,3,3003,0,0.00,130,109,106,105.24,116.52,0,0,0,0,0,0,0,0,0,0,0,0,0,0,0,0,0,0,0,0,0,0,0,0,0,0,0,0,0,0,0,0
45883,126.59,1,3030,0,0.00,130,109,106,105.24,116.52,0,0,0,0,0,0,0,0,0,0,0,0,0,0,0,0,0,0,0,0,0,0,0,0,0,0,0,0,0,0,0,0
45933,126.00,0,3025,0,0.00,130,109,106,105.24,116.52,0,0,0,0,0,0,0,0,0,0,0,0,0,0,0,0,0,0,0,0,0,0,0,0,0,0,0,0,0,0,0,0
45983,125.86,0,3001,0,0.00,130,109,106,105.24,116.52,0,0,0,0,0,0,0,0,0,0,0,0,0,0,0,0,0,0,0,0,0,0,0,0,0,0,0,0,0,0,0,0
46033,125.44,-1,3027,0,0.00,130,109,106,105.24,116.52,0,0,0,0,0,0,0,0,0,0,0,0,0,0,0,0,0,0,0,0,0,0,0,0,0,0,0,0,0,0,0,0
46083,125.00,-1,3039,0,0.00,130,109,106,105.24,116.52,0,0,0,0,0,0,0,0,0,0,0,0,0,0,0,0,0,0,0,0,0,0,0,0,0,0,0,0,0,0,0,0
46133,124.70,0,3019,0,0.00,130,109,106,105.24,116.52,0,0,0,0,0,0,0,0,0,0,0,0,0,0,0,0,0,0,0,0,0,0,0,0,0,0,0,0,0,0,0,0
46183,124.36,0,3009,0,0.00,130,109,106,105.24,116.52,0,0,0,0,0,0,0,0,0,0,0,0,0,0,0,0,0,0,0,0,0,0,0,0,0,0,0,0,0,0,0,0
46233,124.07,0,3024,0,0.00,130,109,106,105.24,116.52,0,0,0,0,0,0,0,0,0,0,0,0,0,0,0,0,0,0,0,0,0,0,0,0,0,0,0,0,0,0,0,0
46283,123.78,0,3009,0,0.00,130,109,106,105.24,116.52,0,0,0,0,0,0,0,0,0,0,0,0,0,0,0,0,0,0,0,0,0,0,0,0,0,0,0,0,0,0,0,0
46333,123.62,0,2999,0,0.00,130,109,106,105.24,116.52,0,0,0,0,0,0,0,0,0,0,0,0,0,0,0,0,0,0,0,0,0,0,0,0,0,0,0,0,0,0,0,0
46383,123.23,-1,3031,0,0.00,130,109,106,105.24,116.52,0,0,0,0,0,0,0,0,0,0,0,0,0,0,0,0,0,0,0,0,0,0,0,0,0,0,0,0,0,0,0,0
46433,122.93,-1,3034,0,0.00,130,109,106,105.24,116.52,0,0,0,0,0,0,0,0,0,0,0,0,0,0,0,0,0,0,0,0,0,0,0,0,0,0,0,0,0,0,0,0
46483,122.83,0,3024,0,0.00,130,109,106,105.24,116.52,0,0,0,0,0,0,0,0,0,0,0,0,0,0,0,0,0,0,0,0,0,0,0,0,0,0,0,0,0,0,0,0
46533,122.59,1,3023,0,0.00,130,109,106,105.24,116.52,0,0,0,0,0,0,0,0,0,0,0,0,0,0,0,0,0,0,0,0,0,0,0,0,0,0,0,0,0,0,0,0
46583,122.38,2,3015,0,0.00,130,109,106,105.24,116.52,0,0,0,0,0,0,0,0,0,0,0,0,0,0,0,0,0,0,0,0,0,0,0,0,0,0,0,0,0,0,0,0
46633,122.76,2,3007,0,0.00,130,109,106,105.24,116.52,0,0,0,0,0,0,0,0,0,0,0,0,0,0,0,0,0,0,0,0,0,0,0,0,0,0,0,0,0,0,0,0
46683,123.60,1,3003,0,0.00,130,109,106,105.24,116.52,0,0,0,0,0,0,0,0,0,0,0,0,0,0,0,0,0,0,0,0,0,0,0,0,0,0,0,0,0,0,0,0
46733,123.27,0,3034,0,0.00,130,109,106,105.24,116.52,0,0,0,0,0,0,0,0,0,0,0,0,0,0,0,0,0,0,0,0,0,0,0,0,0,0,0,0,0,0,0,0
46783,122.68,0,3054,0,0.00,130,109,106,105.24,116.52,0,0,0,0,0,0,0,0,0,0,0,0,0,0,0,0,0,0,0,0,0,0,0,0,0,0,0,0,0,0,0,0
46833,122.21,2,2994,0,0.00,130,109,106,105.24,116.52,0,0,0,0,0,0,0,0,0,0,0,0,0,0,0,0,0,0,0,0,0,0,0,0,0,0,0,0,0,0,0,0
46883,121.55,2,2992,0,0.00,130,109,106,105.24,116.52,0,0,0,0,0,0,0,0,0,0,0,0,0,0,0,0,0,0,0,0,0,0,0,0,0,0,0,0,0,0,0,0
46933,121.51,1,3042,0,0.00,130,109,106,105.24,116.52,0,0,0,0,0,0,0,0,0,0,0,0,0,0,0,0,0,0,0,0,0,0,0,0,0,0,0,0,0,0,0,0
46983,121.21,1,3045,0,0.00,130,109,106,105.24,116.52,0,0,0,0,0,0,0,0,0,0,0,0,0,0,0,0,0,0,0,0,0,0,0,0,0,0,0,0,0,0,0,0
47033,120.59,3,3030,0,0.00,130,109,106,105.24,116.52,0,0,0,0,0,0,0,0,0,0,0,0,0,0,0,0,0,0,0,0,0,0,0,0,0,0,0,0,0,0,0,0
47083,120.38,4,3022,0,0.00,130,109,106,105.24,116.52,0,0,0,0,0,0,0,0,0,0,0,0,0,0,0,0,0,0,0,0,0,0,0,0,0,0,0,0,0,0,0,0
47133,120.15,5,2987,0,0.00,130,109,106,105.24,116.52,0,0,0,0,0,0,0,0,0,0,0,0,0,0,0,0,0,0,0,0,0,0,0,0,120,0,120,0,120,0,120,0
47183,119.87,3,2999,0,0.00,130,109,106,105.24,116.52,0,0,0,0,0,0,0,0,0,0,0,0,0,0,0,0,0,0,0,0,0,0,0,0,120,0,120,0,120,0,120,0
47233,119.70,1,3024,0,0.00,130,109,106,105.24,116.52,0,0,0,0,0,0,0,0,0,0,0,0,0,0,0,0,0,0,0,0,0,0,0,0,120,0,120,0,120,0,120,0
47283,119.45,0,3023,0,0.00,130,109,106,105.24,116.52,0,0,0,0,0,0,0,0,0,0,0,0,0,0,0,0,0,0,0,0,0,0,0,0,120,0,120,0,120,0,120,0
47333,119.04,-1,3003,0,0.00,130,109,106,105.24,116.52,0,0,0,0,0,0,0,0,0,0,0,0,0,0,0,0,0,0,0,0,0,0,0,0,120,0,120,0,120,0,120,0
47383,118.79,-1,3045,0,0.00,130,109,106,105.24,116.52,0,0,0,0,0,0,0,0,0,0,0,0,0,0,0,0,0,0,0,0,0,0,0,0,120,0,120,0,120,0,120,0
47433,118.46,0,3030,0,0.00,130,109,106,105.24,116.52,0,0,0,0,0,0,0,0,0,0,0,0,0,0,0,0,0,0,0,0,0,0,0,0,120,0,120,0,120,0,120,0
47483,118.19,0,3007,0,0.00,130,109,106,105.24,116.52,0,0,0,0,0,0,0,0,0,0,0,0,0,0,0,0,0,0,0,0,0,0,0,0,120,0,120,0,120,0,120,0
47533,117.80,1,3008,0,0.00,130,109,106,105.24,116.52,0,0,0,0,0,0,0,0,0,0,0,0,0,0,0,0,0,0,0,0,0,0,0,0,120,0,120,0,120,0,120,0
47583,118.30,0,3021,0,0.00,130,109,106,105.24,116.52,0,0,0,0,0,0,0,0,0,0,0,0,0,0,0,0,0,0,0,0,0,0,0,0,120,0,120,0,120,0,120,0
47633,119.41,0,3018,0,0.00,130,109,106,105.24,116.52,0,0,0,0,0,0,0,0,0,0,0,0,0,0,0,0,0,0,0,0,0,0,0,0,120,0,120,0,120,0,120,0
47683,119.49,0,3019,0,0.00,130,109,106,105.24,116.52,0,0,0,0,0,0,0,0,0,0,0,0,0,0,0,0,0,0,0,0,0,0,0,0,120,0,120,0,120,0,120,0
47733,119.02,0,2994,0,0.00,130,109,106,105.24,116.52,0,0,0,0,0,0,0,0,0,0,0,0,0,0,0,0,0,0,0,0,0,0,0,0,120,0,120,0,120,0,120,0
47783,118.61,0,3043,0,0.00,130,109,106,105.24,116.52,0,0,0,0,0,0,0,0,0,0,0,0,0,0,0,0,0,0,0,0,0,0,0,0,120,0,120,0,120,0,120,0
47833,117.76,0,3051,0,0.00,130,109,106,105.24,116.52,0,0,0,0,0,0,0,0,0,0,0,0,0,0,0,0,0,0,0,0,0,0,0,0,120,0,120,0,120,0,120,0
47883,116.98,3,3041,0,0.00,130,109,106,105.24,116.52,0,0,0,0,0,0,0,0,0,0,0,0,0,0,0,0,0,0,0,0,0,0,0,0,120,0,120,0,120,0,120,0
47933,116.72,6,3029,0,0.00,130,109,106,105.24,116.52,0,0,0,0,0,0,0,0,0,0,0,0,0,0,0,0,117,0,117,0,117,0,117,0,120,0,120,0,120,0,120,0
47983,116.18,8,3044,0,0.00,130,109,106,105.24,116.52,116,0,116,0,116,0,116,0,0,0,116,0,116,0,116,0,117,0,117,0,117,0,117,0,120,0,120,0,120,0,120,0
48033,115.93,10,3041,0,0.00,130,109,106,105.24,116.52,116,0,116,0,116,0,116,0,0,0,116,0,116,0,116,0,117,0,117,0,117,0,117,0,120,0,120,0,120,0,120,0
48083,115.68,13,3056,0,0.00,130,109,106,105.24,116.52,116,116,116,116,116,116,116,116,0,116,116,116,116,116,116,116,117,116,117,116,117,116,117,116,120,116,120,116,120,116,120,116
48133,115.49,15,3030,0,0.00,130,109,106,105.24,116.52,116,116,116,116,116,116,116,116,0,116,116,116,116,116,116,116,117,116,117,116,117,116,117,116,120,116,120,116,120,116,120,116
48183,115.28,15,2999,0,0.00,130,109,106,105.24,116.52,116,116,116,116,116,116,116,116,0,116,116,116,116,116,116,116,117,116,117,116,117,116,117,116,120,116,120,116,120,116,120,116
48233,115.06,13,3009,0,0.00,130,109,106,105.24,116.52,116,116,116,116,116,116,116,116,0,116,116,116,116,116,116,116,117,116,117,116,117,116,117,116,120,116,120,116,120,116,120,116
48283,114.75,10,3041,0,0.00,130,109,106,105.24,116.52,116,116,116,116,116,116,116,116,0,116,116,116,116,116,116,116,117,116,117,116,117,116,117,116,120,116,120,116,120,116,120,116
48333,114.56,7,3024,0,0.00,130,109,106,105.24,116.52,116,116,116,116,116,116,116,116,0,116,116,116,116,116,116,116,117,116,117,116,117,116,117,116,120,116,120,116,120,116,120,116
48383,114.29,5,3029,0,0.00,130,109,106,105.24,116.52,116,116,116,116,116,116,116,116,0,116,116,116,116,116,116,116,117,116,117,116,117,116,117,116,120,116,120,116,120,116,120,116
48433,114.06,3,3021,0,0.00,130,109,106,105.24,116.52,116,116,116,116,116,116,116,116,0,116,116,116,116,116,116,116,117,116,117,116,117,116,117,116,120,116,120,116,120,116,120,116
48483,113.75,2,3024,0,0.00,130,109,106,105.24,116.52,116,116,116,116,116,116,116,116,0,116,116,116,116,116,116,116,117,116,117,116,117,116,117,116,120,116,120,116,120,116,120,116
48533,113.60,0,3022,0,0.00,130,109,106,105.24,116.52,116,116,116,116,116,116,116,116,0,116,116,116,116,116,116,116,117,116,117,116,117,116,117,116,120,116,120,116,120,116,120,116
48583,114.11,0,2992,0,0.00,130,109,106,105.24,116.52,116,116,116,116,116,116,116,116,0,116,116,116,116,116,116,116,117,116,117,116,117,116,117,116,120,116,120,116,120,116,120,116
48633,115.28,-3,3010,0,1.81,130,109,106,105.24,116.52,116,116,116,116,116,116,116,116,0,116,116,116,116,116,116,116,117,116,117,116,117,116,117,116,120,116,120,116,120,116,120,116
48683,115.52,-6,3027,0,1.81,130,109,106,105.24,116.52,116,116,116,116,116,116,116,116,0,116,116,116,116,116,116,116,117,116,117,116,117,116,117,116,120,116,120,116,120,116,120,116
48733,115.14,-7,3027,0,1.81,130,109,106,105.24,116.52,116,116,116,116,116,116,116,116,0,116,116,116,116,116,116,116,117,116,117,116,117,116,117,116,120,116,120,116,120,116,120,116
48783,114.79,-6,3055,0,1.81,130,109,106,105.24,116.52,116,116,116,116,116,116,116,116,0,116,116,116,116,116,116,116,117,116,117,116,117,116,117,116,120,116,120,116,120,116,120,116
48833,113.90,-3,3084,0,1.81,130,109,106,105.24,116.52,116,116,116,116,116,116,116,116,0,116,116,116,116,116,116,116,117,116,117,116,117,116,117,116,120,116,120,116,120,116,120,116
48883,113.30,2,3087,0,1.81,130,109,106,105.24,116.52,116,116,116,116,116,116,116,116,0,116,116,116,116,116,116,116,117,116,117,116,117,116,117,116,120,116,120,116,120,116,120,116
48933,112.81,9,3055,0,1.81,130,109,106,105.24,116.52,116,116,116,116,116,116,116,116,0,116,116,116,116,116,116,116,117,116,117,116,117,116,117,116,120,116,120,116,120,116,120,116
48983,112.33,14,3025,0,1.81,130,109,106,105.24,116.52,116,116,116,116,116,116,116,116,0,116,116,116,116,116,116,116,117,116,117,116,117,116,117,116,120,116,120,116,120,116,120,116
49033,111.90,17,3022,0,1.81,130,109,106,105.24,116.52,116,116,116,116,116,116,116,116,0,116,116,116,116,116,116,116,117,116,117,116,117,116,117,116,120,116,120,116,120,116,120,116
49083,111.59,16,3019,0,1.81,130,109,106,105.24,116.52,116,116,116,116,116,116,116,116,0,116,116,116,116,116,116,116,117,116,117,116,117,116,117,116,120,116,120,116,120,116,120,116
49133,111.26,13,3021,0,1.81,130,109,106,105.24,116.52,116,116,116,116,116,116,116,116,0,116,116,116,116,116,116,116,117,116,117,116,117,116,117,116,120,116,120,116,120,116,120,116
49183,110.86,10,3052,0,1.81,130,109,106,105.24,116.52,116,116,116,116,116,116,116,116,0,116,116,116,116,116,116,116,117,116,117,116,117,116,117,116,120,116,120,116,120,116,120,116
49233,110.68,8,3070,0,1.81,130,109,106,105.24,116.52,116,116,116,116,116,116,116,116,0,116,116,116,116,116,116,116,117,116,117,116,117,116,117,116,120,116,120,116,120,116,120,116
49283,110.45,8,3046,0,1.81,130,109,106,105.24,116.52,116,116,116,116,116,116,116,116,0,116,116,116,116,116,116,116,117,116,117,116,117,116,117,116,120,116,120,116,120,116,120,116
49333,110.12,8,3008,0,1.81,130,109,106,105.24,116.52,116,116,116,116,116,116,116,116,0,116,116,116,116,116,116,116,117,116,117,116,117,116,117,116,120,116,120,116,120,116,120,116
49383,110.03,5,3013,0,1.81,130,109,106,105.24,116.52,116,116,116,116,116,116,116,116,0,116,116,116,116,116,116,116,117,116,117,116,117,116,117,116,120,116,120,116,120,116,120,116
49433,109.71,2,3009,0,1.81,130,109,106,105.24,116.52,116,116,116,116,116,116,116,116,0,116,116,116,116,116,116,116,117,116,117,116,117,116,117,116,120,116,120,116,120,116,120,116
49483,109.48,-2,3027,0,1.81,130,109,106,105.24,116.52,116,116,116,116,116,116,116,116,0,116,116,116,116,116,116,116,117,116,117,116,117,116,117,116,120,116,120,116,120,116,120,116
49533,110.10,-5,3046,0,1.81,130,109,106,105.24,116.52,116,116,116,116,116,116,116,116,0,116,116,116,116,116,116,116,117,116,117,116,117,116,117,116,120,116,120,116,120,116,120,116
49583,111.37,-6,3040,0,9.06,130,109,106,105.24,116.52,116,116,116,116,116,116,116,116,0,116,116,116,116,116,116,116,117,116,117,116,117,116,117,116,120,116,120,116,120,116,120,116
49633,111.78,-6,3013,0,9.06,130,109,106,105.24,116.52,116,116,116,116,116,116,116,116,0,116,116,116,116,116,116,116,117,116,117,116,117,116,117,116,120,116,120,116,120,116,120,116
49683,111.47,-7,3026,0,9.06,130,109,106,105.24,116.52,116,116,116,116,116,116,116,116,0,116,116,116,116,116,116,116,117,116,117,116,117,116,117,116,120,116,120,116,120,116,120,116
49733,111.05,-6,3107,0,9.06,130,109,106,105.24,116.52,116,116,116,116,116,116,116,116,0,116,116,116,116,116,116,116,117,116,117,116,117,116,117,116,120,116,120,116,120,116,120,116
49783,109.98,-1,3122,0,9.06,130,109,106,105.24,116.52,116,116,116,116,116,116,116,116,0,116,116,116,116,116,116,116,117,116,117,116,117,116,117,116,120,116,120,116,120,116,120,116
49833,109.45,6,3118,0,9.06,130,109,106,105.24,116.52,116,116,116,116,116,116,116,116,0,116,116,116,116,116,116,116,117,116,117,116,117,116,117,116,120,116,120,116,120,116,120,116
49883,108.90,16,3066,0,9.06,130,109,106,105.24,116.52,116,116,116,116,116,116,116,116,0,116,116,116,116,116,116,116,117,116,117,116,117,116,117,116,120,116,120,116,120,116,120,116
49933,108.35,22,3023,0,9.06,130,109,106,105.24,116.52,116,116,116,116,116,116,116,116,108,116,116,116,116,116,116,116,117,116,117,116,117,116,117,116,120,116,120,116,120,116,120,116
49983,107.85,24,3037,0,9.06,130,109,106,105.24,116.52,116,116,116,116,116,116,116,116,108,116,116,116,116,116,116,116,117,116,117,116,117,116,117,116,120,116,120,116,120,116,120,116
50033,107.57,22,3062,0,9.06,130,109,106,105.24,116.52,116,116,116,116,116,116,116,116,108,116,116,116,116,116,116,116,117,116,117,116,117,116,117,116,120,116,120,116,120,116,120,116
50083,107.35,19,3056,0,9.06,130,109,106,105.24,116.52,116,116,116,116,116,116,116,116,108,116,116,116,116,116,116,116,117,116,117,116,117,116,117,116,120,116,120,116,120,116,120,116
50133,107.16,16,3015,0,9.06,130,109,106,105.24,116.52,116,116,116,116,116,116,116,116,108,116,116,116,116,116,116,116,117,116,117,116,117,116,117,116,120,116,120,116,120,116,120,116
50183,106.94,10,3009,0,9.06,130,109,106,105.24,116.52,116,116,116,116,116,116,116,116,108,116,116,116,116,116,116,116,117,116,117,116,117,116,117,116,120,116,120,116,120,116,120,116
50233,106.69,3,3027,0,9.06,130,109,106,105.24,116.52,116,116,116,116,116,116,116,116,108,116,116,116,116,116,116,116,117,116,117,116,117,116,117,116,120,116,120,116,120,116,120,116
50283,106.46,-2,3039,0,9.06,130,109,106,105.24,116.52,116,116,116,116,116,116,116,116,108,116,116,116,116,116,116,116,117,116,117,116,117,116,117,116,120,116,120,116,120,116,120,116
50333,106.22,-7,3056,0,9.06,130,109,106,105.24,116.52,116,116,116,116,116,116,116,116,108,116,116,116,116,116,116,116,117,116,117,116,117,116,117,116,120,116,120,116,120,116,120,116
50383,105.99,-10,3047,0,9.06,130,109,106,105.24,116.52,116,116,116,116,116,116,116,116,108,116,116,116,116,116,116,116,117,116,117,116,117,116,117,116,120,116,120,116,120,116,120,116
50433,105.68,-11,3039,0,9.06,130,109,106,105.24,116.52,116,116,116,116,116,116,116,116,108,116,116,116,116,116,116,116,117,116,117,116,117,116,117,116,120,116,120,116,120,116,120,116
50483,105.64,-11,3024,0,9.06,130,109,106,105.24,116.52,116,116,116,116,116,116,116,116,108,116,116,116,116,116,116,116,117,116,117,116,117,116,117,116,120,116,120,116,120,116,120,116
50533,105.76,-12,3015,0,9.06,130,109,106,105.24,116.52,116,116,116,116,116,116,116,116,108,116,116,116,116,116,116,116,117,116,117,116,117,116,117,116,120,116,120,116,120,116,120,116
50583,107.30,-15,3009,0,9.74,130,109,106,105.24,116.52,116,116,116,116,116,116,116,116,108,116,116,116,116,116,116,116,117,116,117,116,117,116,117,116,120,116,120,116,120,116,120,116
50633,108.26,-17,3024,0,9.74,130,109,106,105.24,116.52,116,116,116,116,116,116,116,116,108,116,116,116,116,116,116,116,117,116,117,116,117,116,117,116,120,116,120,116,120,116,120,116
50683,108.00,-19,3063,0,9.74,130,109,106,105.24,116.52,116,116,116,116,116,116,116,116,108,116,116,116,116,116,116,116,117,116,117,116,117,116,117,116,120,116,120,116,120,116,120,116
50733,107.92,-16,3152,0,9.74,130,109,106,105.24,116.52,116,116,116,116,116,116,116,116,108,116,116,116,116,116,116,116,117,116,117,116,117,116,117,116,120,116,120,116,120,116,120,116
50783,107.57,-6,3204,0,9.74,130,109,106,105.24,116.52,116,116,116,116,116,116,116,116,108,116,116,116,116,116,116,116,117,116,117,116,117,116,117,116,120,116,120,116,120,116,120,116
50833,106.81,10,3221,0,9.74,130,109,106,105.24,116.52,116,116,116,116,116,116,116,116,108,116,116,116,116,116,116,116,117,116,117,116,117,116,117,116,120,116,120,116,120,116,120,116
50883,106.17,32,3234,0,9.74,130,109,106,105.24,116.52,116,116,116,116,116,116,116,116,108,116,116,116,116,116,116,116,117,116,117,116,117,116,117,116,120,116,120,116,120,116,120,116
50933,105.60,54,3205,0,9.74,130,109,106,105.24,116.52,116,116,116,116,116,116,116,116,108,116,116,116,116,116,116,116,117,116,117,116,117,116,117,116,120,116,120,116,120,116,120,116
50983,105.07,73,3149,0,9.74,130,109,106,105.24,116.52,116,116,116,116,116,116,116,116,108,116,116,116,116,116,116,116,117,116,117,116,117,116,117,116,120,116,120,116,120,116,120,116
51033,104.39,84,3131,0,9.74,130,109,106,105.24,116.52,116,116,116,116,116,116,116,116,108,116,116,116,116,116,116,116,117,116,117,116,117,116,117,116,120,116,120,116,120,116,120,116
51083,103.86,87,3109,0,9.74,130,109,106,105.24,116.52,116,116,116,116,116,116,116,116,108,116,116,116,116,116,116,116,117,116,117,116,117,116,117,116,120,116,120,116,120,116,120,116
51133,103.59,83,3089,0,9.74,130,109,106,105.24,116.52,116,116,116,116,116,116,116,116,108,116,116,116,116,116,116,116,117,116,117,116,117,116,117,116,120,116,120,116,120,116,120,116
51183,103.31,73,3070,0,9.74,130,109,106,105.24,116.52,116,116,116,116,116,116,116,116,108,116,116,116,116,116,116,116,117,116,117,116,117,116,117,116,120,116,120,116,120,116,120,116
51233,103.09,59,3071,0,9.74,130,109,106,105.24,116.52,116,116,116,116,116,116,116,116,108,116,116,116,116,116,116,116,117,116,117,116,117,116,117,116,120,116,120,116,120,116,120,116
51283,102.84,42,3069,0,9.74,130,109,106,105.24,116.52,116,116,116,116,116,116,116,116,108,116,116,116,116,116,116,116,117,116,117,116,117,116,117,116,120,116,120,116,120,116,120,116
51333,102.65,26,3098,0,9.74,130,109,106,105.24,116.52,116,116,116,116,116,116,116,116,108,116,116,116,116,116,116,116,117,116,117,116,117,116,117,116,120,116,120,116,120,116,120,116
51383,102.26,12,3071,0,9.74,130,109,106,105.24,116.52,116,116,116,116,116,116,116,116,108,116,116,116,116,116,116,116,117,116,117,116,117,116,117,116,120,116,120,116,120,116,120,116
51433,102.08,0,3037,0,9.74,130,109,106,105.24,116.52,116,116,116,116,116,116,116,116,108,116,116,116,116,116,116,116,117,116,117,116,117,116,117,116,120,116,120,116,120,116,120,116
51483,101.84,-13,3038,0,9.74,130,109,106,105.24,116.52,116,116,116,116,116,116,116,116,108,116,116,116,116,116,116,116,117,116,117,116,117,116,117,116,120,116,120,116,120,116,120,116
51533,101.66,-24,3043,0,9.74,130,109,106,105.24,116.52,116,116,116,116,116,116,116,116,108,116,116,116,116,116,116,116,117,116,117,116,117,116,117,116,120,116,120,116,120,116,120,116
51583,101.42,-34,3055,0,9.74,130,109,106,105.24,116.52,116,116,116,116,116,116,116,116,108,116,116,116,116,116,116,116,117,116,117,116,117,116,117,116,120,116,120,116,120,116,120,116
51633,101.84,-42,3055,0,9.74,130,109,106,105.24,116.52,116,116,116,116,116,116,116,116,108,116,116,116,116,116,116,116,117,116,117,116,117,116,117,116,120,116,120,116,120,116,120,116
51683,103.36,-46,3047,0,15.97,130,109,106,105.24,116.52,116,116,116,116,116,116,116,116,108,116,116,116,116,116,116,116,117,116,117,116,117,116,117,116,120,116,120,116,120,116,120,116
51733,104.06,-49,3056,0,15.97,130,109,106,105.24,116.52,116,116,116,116,116,116,116,116,108,116,116,116,116,116,116,116,117,116,117,116,117,116,117,116,120,116,120,116,120,116,120,116
51783,103.96,-49,3071,0,15.97,130,109,106,105.24,116.52,116,116,116,116,116,116,116,116,108,116,116,116,116,116,116,116,117,116,117,116,117,116,117,116,120,116,120,116,120,116,120,116
51833,103.85,-45,3203,0,15.97,130,109,106,105.24,116.52,116,116,116,116,116,116,116,116,108,116,116,116,116,116,116,116,117,116,117,116,117,116,117,116,120,116,120,116,120,116,120,116
51883,103.31,-32,3337,0,15.97,130,109,106,105.24,116.52,116,116,116,116,116,116,116,116,108,116,116,116,116,116,116,116,117,116,117,116,117,116,117,116,120,116,120,116,120,116,120,116
51933,102.77,-5,3357,0,15.97,130,109,106,105.24,116.52,116,116,116,116,116,116,116,116,108,116,116,116,116,116,116,116,117,116,117,116,117,116,117,116,120,116,120,116,120,116,120,116
51983,102.34,28,3316,0,15.97,130,109,106,105.24,116.52,116,116,116,116,116,116,116,116,108,116,116,116,116,116,116,116,117,116,117,116,117,116,117,116,120,116,120,116,120,116,120,116
52033,101.71,61,3266,0,15.97,130,109,106,105.24,116.52,116,116,116,116,116,116,116,116,108,116,116,116,116,116,116,116,117,116,117,116,117,116,117,116,120,116,120,116,120,116,120,116
52083,101.05,86,3229,0,15.97,130,109,106,105.24,116.52,116,116,116,116,116,116,116,116,108,116,116,116,116,116,116,116,117,116,117,116,117,116,117,116,120,116,120,116,120,116,120,116
52133,100.38,102,3209,0,15.97,130,109,106,105.24,116.52,116,116,116,116,116,116,116,116,108,116,116,116,116,116,116,116,117,116,117,116,117,116,117,116,120,116,120,116,120,116,120,116
52183,99.87,108,3168,0,15.97,130,109,106,105.24,116.52,116,116,116,116,116,116,116,116,108,116,116,116,116,116,116,116,117,116,117,116,117,116,117,116,120,116,120,116,120,116,120,116
52232,99.74,104,3183,0,15.97,130,109,106,105.24,116.52,116,116,116,116,116,116,116,116,108,116,116,116,116,116,116,116,117,116,117,116,117,116,117,116,120,116,120,116,120,116,120,116
52281,99.31,93,3143,1,15.97,130,109,106,105.24,116.52,116,116,116,116,116,116,116,116,108,116,116,116,116,116,116,116,117,116,117,116,117,116,117,116,120,116,120,116,120,116,120,116
52330,99.04,78,3139,1,15.97,130,109,106,105.24,116.52,116,116,116,116,116,116,116,116,108,116,116,116,116,116,116,116,117,116,117,116,117,116,117,116,120,116,120,116,120,116,120,116
52379,98.86,58,3108,1,15.97,130,109,106,105.24,116.52,116,116,116,116,116,116,116,116,108,116,116,116,116,116,116,116,117,116,117,116,117,116,117,116,120,116,120,116,120,116,120,116
52428,98.56,37,3093,0,15.97,130,109,106,105.24,116.52,116,116,116,116,116,116,116,116,108,116,116,116,116,116,116,116,117,116,117,116,117,116,117,116,120,116,120,116,120,116,120,116
52477,98.26,14,3086,0,15.97,130,109,106,105.24,116.52,116,116,116,116,116,116,116,116,108,116,116,116,116,116,116,116,117,116,117,116,117,116,117,116,120,116,120,116,120,116,120,116
52526,98.00,-8,3069,0,15.97,130,109,106,105.24,116.52,116,116,116,116,116,116,116,116,108,116,116,116,116,116,116,116,117,116,117,116,117,116,117,116,120,116,120,116,120,116,120,116
52575,97.76,-28,3102,0,15.97,130,109,106,105.24,116.52,116,116,116,116,116,116,116,116,108,116,116,116,116,116,116,116,117,116,117,116,117,116,117,116,120,116,120,116,120,116,120,116
52624,97.69,-45,3094,0,15.97,130,109,106,105.24,116.52,116,116,116,116,116,116,116,116,108,116,116,116,116,116,116,116,117,116,117,116,117,116,117,116,120,116,120,116,120,116,120,116
52673,98.24,-57,3082,0,15.97,130,109,106,105.24,116.52,116,116,116,116,116,116,116,116,108,116,116,116,116,116,116,116,117,116,117,116,117,116,117,116,120,116,120,116,120,116,120,116
52722,99.79,-67,3062,0,16.89,130,109,106,105.24,116.52,116,116,116,116,116,116,116,116,108,116,116,116,116,116,116,116,117,116,117,116,117,116,117,116,120,116,120,116,120,116,120,116
52771,100.20,-75,3071,0,16.89,130,109,106,105.24,116.52,116,116,116,116,116,116,116,116,108,116,116,116,116,116,116,116,117,116,117,116,117,116,117,116,120,116,120,116,120,116,120,116
52821,100.04,-79,3108,0,16.89,130,109,106,105.24,116.52,116,116,116,116,116,116,116,116,108,116,116,116,116,116,116,116,117,116,117,116,117,116,117,116,120,116,120,116,120,116,120,116
52871,99.70,-77,3285,0,16.89,130,109,106,105.24,116.52,116,116,116,116,116,116,116,116,108,116,116,116,116,116,116,116,117,116,117,116,117,116,117,116,120,116,120,116,120,116,120,116
52920,99.15,-61,3399,0,16.89,130,109,106,105.24,116.52,116,116,116,116,116,116,116,116,108,116,116,116,116,116,116,116,117,116,117,116,117,116,117,116,120,116,120,116,120,116,120,116
52969,98.64,-33,3317,0,16.89,130,109,106,105.24,116.52,116,116,116,116,116,116,116,116,108,116,116,116,116,116,116,116,117,116,117,116,117,116,117,116,120,116,120,116,120,116,120,116
53018,98.28,-1,3255,0,16.89,130,109,106,105.24,116.52,116,116,116,116,116,116,116,116,108,116,116,116,116,116,116,116,117,116,117,116,117,116,117,116,120,116,120,116,120,116,120,116
53067,97.76,24,3214,0,16.89,130,109,106,105.24,116.52,116,116,116,116,116,116,116,116,108,116,116,116,116,116,116,116,117,116,117,116,117,116,117,116,120,116,120,116,120,116,120,116
53116,96.99,42,3203,0,16.89,130,109,106,105.24,116.52,116,116,116,116,116,116,116,116,108,116,116,116,116,116,116,116,117,116,117,116,117,116,117,116,120,116,120,116,120,116,120,116
53165,96.45,51,3236,0,16.89,130,109,106,105.24,116.52,116,116,116,116,116,116,116,116,108,116,116,116,116,116,116,116,117,116,117,116,117,116,117,116,120,116,120,116,120,116,120,116
53214,96.10,56,3279,0,16.89,130,109,106,105.24,116.52,116,116,116,116,116,116,116,116,108,116,116,116,116,116,116,116,117,116,117,116,117,116,117,116,120,116,120,116,120,116,120,116
53263,95.77,58,3214,0,16.89,130,109,106,105.24,116.52,116,116,116,116,116,116,116,116,108,116,116,116,116,116,116,116,117,116,117,116,117,116,117,116,120,116,120,116,120,116,120,116
53312,95.48,56,3135,0,16.89,130,109,106,105.24,116.52,116,116,116,116,116,116,116,116,108,116,116,116,116,116,116,116,117,116,117,116,117,116,117,116,120,116,120,116,120,116,120,116
53361,95.33,45,3101,0,16.89,130,109,106,105.24,116.52,116,116,116,116,116,116,116,116,108,116,116,116,116,116,116,116,117,116,117,116,117,116,117,116,120,116,120,116,120,116,120,116
53410,95.15,27,3101,0,16.89,130,109,106,105.24,116.52,116,116,116,116,116,116,116,116,108,116,116,116,116,116,116,116,117,116,117,116,117,116,117,116,120,116,120,116,120,116,120,116
53459,94.80,6,3102,0,16.89,130,109,106,105.24,116.52,116,116,116,116,116,116,116,116,108,116,116,116,116,116,116,116,117,116,117,116,117,116,117,116,120,116,120,116,120,116,120,116
53508,94.60,-15,3091,0,16.89,130,109,106,105.24,116.52,116,116,116,116,116,116,116,116,108,116,116,116,116,116,116,116,117,116,117,116,117,116,117,116,120,116,120,116,120,116,120,116
53557,94.30,-36,3095,0,16.89,130,109,106,105.24,116.52,116,116,116,116,116,116,116,116,108,116,116,116,116,116,116,116,117,116,117,116,117,116,117,116,120,116,120,116,120,116,120,116
53606,94.18,-54,3084,0,16.89,130,109,106,105.24,116.52,116,116,116,116,116,116,116,116,108,116,116,116,116,116,116,116,117,116,117,116,117,116,117,116,120,116,120,116,120,116,120,116
53655,94.08,-69,3067,0,16.89,130,109,106,105.24,116.52,116,116,116,116,116,116,116,116,108,116,116,116,116,116,116,116,117,116,117,116,117,116,117,116,120,116,120,116,120,116,120,116
53704,95.06,-82,3061,0,15.22,130,109,106,105.24,116.52,116,116,116,116,116,116,116,116,108,116,116,116,116,116,116,116,117,116,117,116,117,116,117,116,120,116,120,116,120,116,120,116
53753,96.65,-92,3061,0,15.22,130,109,106,105.24,116.52,116,116,116,116,116,116,116,116,108,116,116,116,116,116,116,116,117,116,117,116,117,116,117,116,120,116,120,116,120,116,120,116
53802,96.99,-100,3056,0,15.22,130,109,106,105.24,116.52,116,116,116,116,116,116,116,116,108,116,116,116,116,116,116,116,117,116,117,116,117,116,117,116,120,116,120,116,120,116,120,116
53851,97.27,-103,3175,0,15.22,130,109,106,105.24,116.52,116,116,116,116,116,116,116,116,108,116,116,116,116,116,116,116,117,116,117,116,117,116,117,116,120,116,120,116,120,116,120,116
53900,97.49,-93,3449,0,15.22,130,109,106,105.24,116.52,116,116,116,116,116,116,116,116,108,116,116,116,116,116,116,116,117,116,117,116,117,116,117,116,120,116,120,116,120,116,120,116
53949,96.82,-63,3499,0,15.22,130,109,106,105.24,116.52,116,116,116,116,116,116,116,116,108,116,116,116,116,116,116,116,117,116,117,116,117,116,117,116,120,116,120,116,120,116,120,116
53998,96.24,-18,3448,0,15.22,130,109,106,105.24,116.52,116,116,116,116,116,116,116,116,108,116,116,116,116,116,116,116,117,116,117,116,117,116,117,116,120,116,120,116,120,116,120,116
54047,95.68,29,3309,1,15.22,130,109,106,105.24,116.52,116,116,116,116,116,116,116,116,108,116,116,116,116,116,116,116,117,116,117,116,117,116,117,116,120,116,120,116,120,116,120,116
54096,95.06,65,3200,1,15.22,130,109,106,105.24,116.52,116,116,116,116,116,116,116,116,108,116,116,116,116,116,116,116,117,116,117,116,117,116,117,116,120,116,120,116,120,116,120,116
54145,94.16,83,3149,1,15.22,130,109,106,105.24,116.52,116,116,116,116,116,116,116,116,108,116,116,116,116,116,116,116,117,116,117,116,117,116,117,116,120,116,120,116,120,116,120,116
54194,93.71,84,3184,1,15.22,130,109,106,105.24,116.52,116,116,116,116,116,116,116,116,108,116,116,116,116,116,116,116,117,116,117,116,117,116,117,116,120,116,120,116,120,116,120,116
54243,93.15,76,3190,0,15.22,130,109,106,105.24,116.52,116,116,116,116,116,116,116,116,108,116,116,116,116,116,116,116,117,116,117,116,117,116,117,116,120,116,120,116,120,116,120,116
54292,92.69,62,3177,0,15.22,130,109,106,105.24,116.52,116,116,116,116,116,116,116,116,108,116,116,116,116,116,116,116,117,116,117,116,117,116,117,116,120,116,120,116,120,116,120,116
54341,92.29,44,3127,0,15.22,130,109,106,105.24,116.52,116,116,116,116,116,116,116,116,108,116,116,116,116,116,116,116,117,116,117,116,117,116,117,116,120,116,120,116,120,116,120,116
54390,91.98,24,3123,0,15.22,130,109,106,105.24,116.52,116,116,116,116,116,116,116,116,108,116,116,116,116,116,116,116,117,116,117,116,117,116,117,116,120,116,120,116,120,116,120,116
54439,91.89,1,3099,0,15.22,130,109,106,105.24,116.52,116,116,116,116,116,116,116,116,108,116,116,116,116,116,116,116,117,116,117,116,117,116,117,116,120,116,120,116,120,116,120,116
54488,91.60,-20,3098,0,15.22,130,109,106,105.24,116.52,116,116,116,116,116,116,116,116,108,116,116,116,116,116,116,116,117,116,117,116,117,116,117,116,120,116,120,116,120,116,120,116
54537,91.27,-41,3115,0,15.22,130,109,106,105.24,116.52,116,116,116,116,116,116,116,116,108,116,116,116,116,116,116,116,117,116,117,116,117,116,117,116,120,116,120,116,120,116,120,116
54586,91.02,-58,3071,0,15.22,130,109,106,105.24,116.52,116,116,116,116,116,116,116,116,108,116,116,116,116,116,116,116,117,116,117,116,117,116,117,116,120,116,120,116,120,116,120,116
54635,90.87,-73,3092,0,15.22,130,109,106,105.24,116.52,116,116,116,116,116,116,116,116,108,116,116,116,116,116,116,116,117,116,117,116,117,116,117,116,120,116,120,116,120,116,120,116
54684,90.74,-84,3096,0,15.22,130,109,106,105.24,116.52,116,116,116,116,116,116,116,116,108,116,116,116,116,116,116,116,117,116,117,116,117,116,117,116,120,116,120,116,120,116,120,116
54733,90.54,-92,3088,0,15.22,130,109,106,105.24,116.52,116,116,116,116,116,116,116,116,108,116,116,116,116,116,116,116,117,116,117,116,117,116,117,116,120,116,120,116,120,116,120,116
54782,92.00,-96,3087,0,24.82,130,109,106,105.24,116.52,116,116,116,116,116,116,116,116,108,116,116,116,116,116,116,116,117,116,117,116,117,116,117,116,120,116,120,116,120,116,120,116
54831,93.43,-98,3071,0,24.82,130,109,106,105.24,116.52,116,116,116,116,116,116,116,116,108,116,116,116,116,116,116,116,117,116,117,116,117,116,117,116,120,116,120,116,120,116,120,116
54880,93.74,-97,3102,0,24.82,130,109,106,105.24,116.52,116,116,116,116,116,116,116,116,108,116,116,116,116,116,116,116,117,116,117,116,117,116,117,116,120,116,120,116,120,116,120,116
54929,94.07,-91,3285,0,24.82,130,109,106,105.24,116.52,116,116,116,116,116,116,116,116,108,116,116,116,116,116,116,116,117,116,117,116,117,116,117,116,120,116,120,116,120,116,120,116
54978,93.97,-71,3490,0,24.82,130,109,106,105.24,116.52,116,116,116,116,116,116,116,116,108,116,116,116,116,116,116,116,117,116,117,116,117,116,117,116,120,116,120,116,120,116,120,116
55027,93.16,-33,3458,0,24.82,130,109,106,105.24,116.52,116,116,116,116,116,116,116,116,108,116,116,116,116,116,116,116,117,116,117,116,117,116,117,116,120,116,120,116,120,116,120,116
55076,92.54,11,3312,0,24.82,130,109,106,105.24,116.52,116,116,116,116,116,116,116,116,108,116,116,116,116,116,116,116,117,116,117,116,117,116,117,116,120,116,120,116,120,116,120,116
55125,91.94,47,3151,0,24.82,130,109,106,105.24,116.52,116,116,116,116,116,116,116,116,108,116,116,116,116,116,116,116,117,116,117,116,117,116,117,116,120,116,120,116,120,116,120,116
55174,91.42,66,3136,0,24.82,130,109,106,105.24,116.52,116,116,116,116,116,116,116,116,108,116,116,116,116,116,116,116,117,116,117,116,117,116,117,116,120,116,120,116,120,116,120,116
55223,90.86,68,3135,0,24.82,130,109,106,105.24,116.52,116,116,116,116,116,116,116,116,108,116,116,116,116,116,116,116,117,116,117,116,117,116,117,116,120,116,120,116,120,116,120,116
55272,90.29,60,3130,0,24.82,130,109,106,105.24,116.52,116,116,116,116,116,116,116,116,108,116,116,116,116,116,116,116,117,116,117,116,117,116,117,116,120,116,120,116,120,116,120,116
55321,89.79,45,3135,0,24.82,130,109,106,105.24,116.52,116,116,116,116,116,116,116,116,108,116,116,116,116,116,116,116,117,116,117,116,117,116,117,116,120,116,120,116,120,116,120,116
55370,89.43,27,3136,0,24.82,130,109,106,105.24,116.52,116,116,116,116,116,116,116,116,108,116,116,116,116,116,116,116,117,116,117,116,117,116,117,116,120,116,120,116,120,116,120,116
55419,89.11,9,3088,0,24.82,130,109,106,105.24,116.52,116,116,116,116,116,116,116,116,108,116,116,116,116,116,116,116,117,116,117,116,117,116,117,116,120,116,120,116,120,116,120,116
55468,88.80,-9,3104,0,24.82,130,109,106,105.24,116.52,116,116,116,116,116,116,116,116,108,116,116,116,116,116,116,116,117,116,117,116,117,116,117,116,120,116,120,116,120,116,120,116
55517,88.40,-26,3111,0,24.82,130,109,106,105.24,116.52,116,116,116,116,116,116,116,116,108,116,116,116,116,116,116,116,117,116,117,116,117,116,117,116,120,116,120,116,120,116,120,116
55566,88.18,-41,3088,0,24.82,130,109,106,105.24,116.52,116,116,116,116,116,116,116,116,108,116,116,116,116,116,116,116,117,116,117,116,117,116,117,116,120,116,120,116,120,116,120,116
55615,88.09,-53,3071,1,24.82,130,109,106,105.24,116.52,116,116,116,116,116,116,116,116,108,116,116,116,116,116,116,116,117,116,117,116,117,116,117,116,120,116,120,116,120,116,120,116
55664,87.86,-64,3071,1,24.82,130,109,106,105.24,116.52,116,116,116,116,116,116,116,116,108,116,116,116,116,116,116,116,117,116,117,116,117,116,117,116,120,116,120,116,120,116,120,116
55713,87.71,-73,3056,1,24.82,130,109,106,105.24,116.52,116,116,116,116,116,116,116,116,108,116,116,116,116,116,116,116,117,116,117,116,117,116,117,116,120,116,120,116,120,116,120,116
55762,87.83,-79,3099,1,24.82,130,109,106,105.24,116.52,116,116,116,116,116,116,116,116,108,116,116,116,116,116,116,116,117,116,117,116,117,116,117,116,120,116,120,116,120,116,120,116
55811,89.25,-82,3088,0,24.49,130,109,106,105.24,116.52,116,116,116,116,116,116,116,116,108,116,116,116,116,116,116,116,117,116,117,116,117,116,117,116,120,116,120,116,120,116,120,116
55860,90.29,-81,3104,0,24.49,130,109,106,105.24,116.52,116,116,116,116,116,116,116,116,108,116,116,116,116,116,116,116,117,116,117,116,117,116,117,116,120,116,120,116,120,116,120,116
55909,90.72,-76,3141,0,24.49,130,109,106,105.24,116.52,116,116,116,116,116,116,116,116,108,116,116,116,116,116,116,116,117,116,117,116,117,116,117,116,120,116,120,116,120,116,120,116
55958,90.71,-64,3313,0,24.49,130,109,106,105.24,116.52,116,116,116,116,116,116,116,116,108,116,116,116,116,116,116,116,117,116,117,116,117,116,117,116,120,116,120,116,120,116,120,116
56007,90.16,-41,3407,0,24.49,130,109,106,105.24,116.52,116,116,116,116,116,116,116,116,108,116,116,116,116,116,116,116,117,116,117,116,117,116,117,116,120,116,120,116,120,116,120,116
56056,89.37,-7,3308,0,24.49,130,109,106,105.24,116.52,116,116,116,116,116,116,116,116,108,116,116,116,116,116,116,116,117,116,117,116,117,116,117,116,120,116,120,116,120,116,120,116
56105,88.93,25,3169,0,24.49,130,109,106,105.24,116.52,116,116,116,116,116,116,116,116,108,116,116,116,116,116,116,116,117,116,117,116,117,116,117,116,120,116,120,116,120,116,120,116
56154,88.45,45,3091,0,24.49,130,109,106,105.24,116.52,116,116,116,116,116,116,116,116,108,116,116,116,116,116,116,116,117,116,117,116,117,116,117,116,120,116,120,116,120,116,120,116
56203,87.96,51,3083,0,24.49,130,109,106,105.24,116.52,116,116,116,116,116,116,116,116,108,116,116,116,116,116,116,116,117,116,117,116,117,116,117,116,120,116,120,116,120,116,120,116
56252,87.42,46,3108,0,24.49,130,109,106,105.24,116.52,116,116,116,116,116,116,116,116,108,116,116,116,116,116,116,116,117,116,117,116,117,116,117,116,120,116,120,116,120,116,120,116
56301,87.06,35,3107,0,24.49,130,109,106,105.24,116.52,116,116,116,116,116,116,116,116,108,116,116,116,116,116,116,116,117,116,117,116,117,116,117,116,120,116,120,116,120,116,120,116
56350,86.81,22,3094,0,24.49,130,109,106,105.24,116.52,116,116,116,116,116,116,116,116,108,116,116,116,116,116,116,116,117,116,117,116,117,116,117,116,120,116,120,116,120,116,120,116
56399,86.44,7,3071,0,24.49,130,109,106,105.24,116.52,116,116,116,116,116,116,116,116,108,116,116,116,116,116,116,116,117,116,117,116,117,116,117,116,120,116,120,116,120,116,120,116
56448,86.63,-8,3030,0,24.49,130,109,106,105.24,116.52,116,116,116,116,116,116,116,116,108,116,116,116,116,116,116,116,117,116,117,116,117,116,117,116,120,116,120,116,120,116,120,116
56497,86.45,-25,3047,0,24.49,130,109,106,105.24,116.52,116,116,116,116,116,116,116,116,108,116,116,116,116,116,116,116,117,116,117,116,117,116,117,116,120,116,120,116,120,116,120,116
56546,86.13,-40,3071,0,24.49,130,109,106,105.24,116.52,116,116,116,116,116,116,116,116,108,116,116,116,116,116,116,116,117,116,117,116,117,116,117,116,120,116,120,116,120,116,120,116
56595,85.85,-51,3083,0,24.49,130,109,106,105.24,116.52,116,116,116,116,116,116,116,116,108,116,116,116,116,116,116,116,117,116,117,116,117,116,117,116,120,116,120,116,120,116,120,116
56644,85.63,-57,3058,0,24.49,130,109,106,105.24,116.52,116,116,116,116,116,116,116,116,108,116,116,116,116,116,116,116,117,116,117,116,117,116,117,116,120,116,120,116,120,116,120,116
56693,85.70,-61,3066,0,24.49,130,109,106,105.24,116.52,116,116,116,116,116,116,116,116,108,116,116,116,116,116,116,116,117,116,117,116,117,116,117,116,120,116,120,116,120,116,120,116
56742,87.30,-62,3071,0,18.70,130,109,106,105.24,116.52,116,116,116,116,116,116,116,116,108,116,116,116,116,116,116,116,117,116,117,116,117,116,117,116,120,116,120,116,120,116,120,116
56791,88.52,-60,3103,0,18.70,130,109,106,105.24,116.52,116,116,116,116,116,116,116,116,108,116,116,116,116,116,116,116,117,116,117,116,117,116,117,116,120,116,120,116,120,116,120,116
56840,88.96,-54,3167,0,18.70,130,109,106,105.24,116.52,116,116,116,116,116,116,116,116,108,116,116,116,116,116,116,116,117,116,117,116,117,116,117,116,120,116,120,116,120,116,120,116
56889,88.91,-38,3417,0,18.70,130,109,106,105.24,116.52,116,116,116,116,116,116,116,116,108,116,116,116,116,116,116,116,117,116,117,116,117,116,117,116,120,116,120,116,120,116,120,116
56938,88.52,-6,3474,0,18.70,130,109,106,105.24,116.52,116,116,116,116,116,116,116,116,108,116,116,116,116,116,116,116,117,116,117,116,117,116,117,116,120,116,120,116,120,116,120,116
56987,87.58,36,3308,0,18.70,130,109,106,105.24,116.52,116,116,116,116,116,116,116,116,108,116,116,116,116,116,116,116,117,116,117,116,117,116,117,116,120,116,120,116,120,116,120,116
57036,87.35,73,3154,1,18.70,130,109,106,105.24,116.52,116,116,116,116,116,116,116,116,108,116,116,116,116,116,116,116,117,116,117,116,117,116,117,116,120,116,120,116,120,116,120,116
57085,86.72,94,3131,1,18.70,130,109,106,105.24,116.52,116,116,116,116,116,116,116,116,108,116,116,116,116,116,116,116,117,116,117,116,117,116,117,116,120,116,120,116,120,116,120,116
57134,86.30,100,3150,1,18.70,130,109,106,105.24,116.52,116,116,116,116,116,116,116,116,108,116,116,116,116,116,116,116,117,116,117,116,117,116,117,116,120,116,120,116,120,116,120,116
57183,85.89,96,3166,1,18.70,130,109,106,105.24,116.52,116,116,116,116,116,116,116,116,108,116,116,116,116,116,116,116,117,116,117,116,117,116,117,116,120,116,120,116,120,116,120,116
57232,85.37,86,3120,0,18.70,130,109,106,105.24,116.52,116,116,116,116,116,116,116,116,108,116,116,116,116,116,116,116,117,116,117,116,117,116,117,116,120,116,120,116,120,116,120,116
57281,84.92,70,3085,0,18.70,130,109,106,105.24,116.52,116,116,116,116,116,116,116,116,108,116,116,116,116,116,116,116,117,116,117,116,117,116,117,116,120,116,120,116,120,116,120,116
57330,84.66,51,3083,0,18.70,130,109,106,105.24,116.52,116,116,116,116,116,116,116,116,108,116,116,116,116,116,116,116,117,116,117,116,117,116,117,116,120,116,120,116,120,116,120,116
57379,84.14,30,3071,0,18.70,130,109,106,105.24,116.52,116,116,116,116,116,116,116,116,108,116,116,116,116,116,116,116,117,116,117,116,117,116,117,116,120,116,120,116,120,116,120,116
57428,83.70,8,3069,0,18.70,130,109,106,105.24,116.52,116,116,116,116,116,116,116,116,108,116,116,116,116,116,116,116,117,116,117,116,117,116,117,116,120,116,120,116,120,116,120,116
57477,83.40,-10,3065,0,18.70,130,109,106,105.24,116.52,116,116,116,116,116,116,116,116,108,116,116,116,116,116,116,116,117,116,117,116,117,116,117,116,120,116,120,116,120,116,120,116
57526,83.20,-27,3058,0,18.70,130,109,106,105.24,116.52,116,116,116,116,116,116,116,116,108,116,116,116,116,116,116,116,117,116,117,116,117,116,117,116,120,116,120,116,120,116,120,116
57575,83.14,-41,3082,0,18.70,130,109,106,105.24,116.52,116,116,116,116,116,116,116,116,108,116,116,116,116,116,116,116,117,116,117,116,117,116,117,116,120,116,120,116,120,116,120,116
57624,83.00,-51,3040,0,18.70,130,109,106,105.24,116.52,116,116,116,116,116,116,116,116,108,116,116,116,116,116,116,116,117,116,117,116,117,116,117,116,120,116,120,116,120,116,120,116
57673,82.74,-59,3024,0,18.70,130,109,106,105.24,116.52,116,116,116,116,116,116,116,116,108,116,116,116,116,116,116,116,117,116,117,116,117,116,117,116,120,116,120,116,120,116,120,116
57722,83.89,-65,3029,0,22.47,130,109,106,105.24,116.52,116,116,116,116,116,116,116,116,108,116,116,116,116,116,116,116,117,116,117,116,117,116,117,116,120,116,120,116,120,116,120,116
57771,85.88,-70,3046,0,22.47,130,109,106,105.24,116.52,116,116,116,116,116,116,116,116,108,116,116,116,116,116,116,116,117,116,117,116,117,116,117,116,120,116,120,116,120,116,120,116
57820,86.55,-71,3120,0,22.47,130,109,106,105.24,116.52,116,116,116,116,116,116,116,116,108,116,116,116,116,116,116,116,117,116,117,116,117,116,117,116,120,116,120,116,120,116,120,116
57869,86.87,-58,3520,0,22.47,130,109,106,105.24,116.52,116,116,116,116,116,116,116,116,108,116,116,116,116,116,116,116,117,116,117,116,117,116,117,116,120,116,120,116,120,116,120,116
57918,86.74,-19,3743,0,22.47,130,109,106,105.24,116.52,116,116,116,116,116,116,116,116,108,116,116,116,116,116,116,116,117,116,117,116,117,116,117,116,120,116,120,116,120,116,120,116
57967,85.84,43,3520,0,22.47,130,109,106,105.24,116.52,116,116,116,116,116,116,116,116,108,116,116,116,116,116,116,116,117,116,117,116,117,116,117,116,120,116,120,116,120,116,120,116
58016,85.29,107,3281,0,22.47,130,109,106,105.24,116.52,116,116,116,116,116,116,116,116,108,116,116,116,116,116,116,116,117,116,117,116,117,116,117,116,120,116,120,116,120,116,120,116
58065,84.92,149,3163,0,22.47,130,109,106,105.24,116.52,116,116,116,116,116,116,116,116,108,116,116,116,116,116,116,116,117,116,117,116,117,116,117,116,120,116,120,116,120,116,120,116
58114,84.50,166,3132,0,22.47,130,109,106,105.24,116.52,116,116,116,116,116,116,116,116,108,116,116,116,116,116,116,116,117,116,117,116,117,116,117,116,120,116,120,116,120,116,120,116
58163,83.84,160,3136,0,22.47,130,109,106,105.24,116.52,116,116,116,116,116,116,116,116,108,116,116,116,116,116,116,116,117,116,117,116,117,116,117,116,120,116,120,116,120,116,120,116
58212,83.35,141,3140,0,22.47,130,109,106,105.24,116.52,116,116,116,116,116,116,116,116,108,116,116,116,116,116,116,116,117,116,117,116,117,116,117,116,120,116,120,116,120,116,120,116
58261,82.80,113,3123,0,22.47,130,109,106,105.24,116.52,116,116,116,116,116,116,116,116,108,116,116,116,116,116,116,116,117,116,117,116,117,116,117,116,120,116,120,116,120,116,120,116
58310,82.39,82,3090,0,22.47,130,109,106,105.24,116.52,116,116,116,116,116,116,116,116,108,116,116,116,116,116,116,116,117,116,117,116,117,116,117,116,120,116,120,116,120,116,120,116
58359,81.94,49,3086,0,22.47,130,109,106,105.24,116.52,116,116,116,116,116,116,116,116,108,116,116,116,116,116,116,116,117,116,117,116,117,116,117,116,120,116,120,116,120,116,120,116
58408,81.51,17,3054,0,22.47,130,109,106,105.24,116.52,116,116,116,116,116,116,116,116,108,116,116,116,116,116,116,116,117,116,117,116,117,116,117,116,120,116,120,116,120,116,120,116
58457,81.42,-13,3050,0,22.47,130,109,106,105.24,116.52,116,116,116,116,116,116,116,116,108,116,116,116,116,116,116,116,117,116,117,116,117,116,117,116,120,116,120,116,120,116,120,116
58506,82.29,-40,3065,0,22.47,130,109,106,105.24,116.52,116,116,116,116,116,116,116,116,108,116,116,116,116,116,116,116,117,116,117,116,117,116,117,116,120,116,120,116,120,116,120,116
58555,82.41,-61,3082,0,29.12,130,109,106,105.24,116.52,116,116,116,116,116,116,116,116,108,116,116,116,116,116,116,116,117,116,117,116,117,116,117,116,120,116,120,116,120,116,120,116
58604,81.78,-77,3059,0,29.12,130,109,106,105.24,116.52,116,116,116,116,116,116,116,116,108,116,116,116,116,116,116,116,117,116,117,116,117,116,117,116,120,116,120,116,120,116,120,116
58653,81.16,-86,3081,0,29.12,130,109,106,105.24,116.52,116,116,116,116,116,116,116,116,108,116,116,116,116,116,116,116,117,116,117,116,117,116,117,116,120,116,120,116,120,116,120,116
58702,80.54,-92,3057,0,29.12,130,109,106,105.24,116.52,116,116,116,116,116,116,116,116,108,116,116,116,116,116,116,116,117,116,117,116,117,116,117,116,120,116,120,116,120,116,120,116
58751,80.32,-94,3035,0,29.12,130,109,106,105.24,116.52,116,116,116,116,116,116,116,116,108,116,116,116,116,116,116,116,117,116,117,116,117,116,117,116,120,116,120,116,120,116,120,116
58800,81.87,-96,3007,1,29.12,130,109,106,105.24,116.52,116,116,116,116,116,116,116,116,108,116,116,116,116,116,116,116,117,116,117,116,117,116,117,116,120,116,120,116,120,116,120,116
58849,83.15,-97,3025,1,29.12,130,109,106,105.24,116.52,116,116,116,116,116,116,116,116,108,116,116,116,116,116,116,116,117,116,117,116,117,116,117,116,120,116,120,116,120,116,120,116
58898,83.81,-94,3219,1,29.12,130,109,106,105.24,116.52,116,116,116,116,116,116,116,116,108,116,116,116,116,116,116,116,117,116,117,116,117,116,117,116,120,116,120,116,120,116,120,116
58947,83.89,-73,3665,1,29.12,130,109,106,105.24,116.52,116,116,116,116,116,116,116,116,108,116,116,116,116,116,116,116,117,116,117,116,117,116,117,116,120,116,120,116,120,116,120,116
58996,83.25,-23,3645,1,29.12,130,109,106,105.24,116.52,116,116,116,116,116,116,116,116,108,116,116,116,116,116,116,116,117,116,117,116,117,116,117,116,120,116,120,116,120,116,120,116
59045,82.48,40,3344,0,29.12,130,109,106,105.24,116.52,116,116,116,116,116,116,116,116,108,116,116,116,116,116,116,116,117,116,117,116,117,116,117,116,120,116,120,116,120,116,120,116
59094,81.94,93,3143,0,29.12,130,109,106,105.24,116.52,116,116,116,116,116,116,116,116,108,116,116,116,116,116,116,116,117,116,117,116,117,116,117,116,120,116,120,116,120,116,120,116
59143,81.54,119,3045,0,29.12,130,109,106,105.24,116.52,116,116,116,116,116,116,116,116,108,116,116,116,116,116,116,116,117,116,117,116,117,116,117,116,120,116,120,116,120,116,120,116
59192,81.13,119,3088,0,29.12,130,109,106,105.24,116.52,116,116,116,116,116,116,116,116,108,116,116,116,116,116,116,116,117,116,117,116,117,116,117,116,120,116,120,116,120,116,120,116
59241,80.74,103,3152,0,29.12,130,109,106,105.24,116.52,116,116,116,116,116,116,116,116,108,116,116,116,116,116,116,116,117,116,117,116,117,116,117,116,120,116,120,116,120,116,120,116
59290,80.34,82,3121,0,29.12,130,109,106,105.24,116.52,116,116,116,116,116,116,116,116,108,116,116,116,116,116,116,116,117,116,117,116,117,116,117,116,120,116,120,116,120,116,120,116
59339,79.88,57,3064,0,29.12,130,109,106,105.24,116.52,116,116,116,116,116,116,116,116,108,116,116,116,116,116,116,116,117,116,117,116,117,116,117,116,120,116,120,116,120,116,120,116
59388,79.37,29,3050,0,29.12,130,109,106,105.24,116.52,116,116,116,116,116,116,116,116,108,116,116,116,116,116,116,116,117,116,117,116,117,116,117,116,120,116,120,116,120,116,120,116
59437,78.94,1,3043,0,29.12,130,109,106,105.24,116.52,116,116,116,116,116,116,116,116,108,116,116,116,116,116,116,116,117,116,117,116,117,116,117,116,120,116,120,116,120,116,120,116
59486,78.68,-25,3086,0,29.12,130,109,106,105.24,116.52,116,116,116,116,116,116,116,116,108,116,116,116,116,116,116,116,117,116,117,116,117,116,117,116,120,116,120,116,120,116,120,116
59535,78.26,-45,3111,0,29.12,130,109,106,105.24,116.52,116,116,116,116,116,116,116,116,108,116,116,116,116,116,116,116,117,116,117,116,117,116,117,116,120,116,120,116,120,116,120,116
59584,77.95,-60,3047,0,29.12,130,109,106,105.24,116.52,116,116,116,116,116,116,116,116,108,116,116,116,116,116,116,116,117,116,117,116,117,116,117,116,120,116,120,116,120,116,120,116
59633,77.46,-71,3006,0,29.12,130,109,106,105.24,116.52,116,116,116,116,116,116,116,116,108,116,116,116,116,116,116,116,117,116,117,116,117,116,117,116,120,116,120,116,120,116,120,116
59682,77.32,-82,3020,0,29.12,130,109,106,105.24,116.52,116,116,116,116,116,116,116,116,108,116,116,116,116,116,116,116,117,116,117,116,117,116,117,116,120,116,120,116,120,116,120,116
59731,77.81,-91,3028,0,29.12,130,109,106,105.24,116.52,116,116,116,116,116,116,116,116,108,116,116,116,116,116,116,116,117,116,117,116,117,116,117,116,120,116,120,116,120,116,120,116
59780,79.50,-97,3013,0,27.52,130,109,106,105.24,116.52,116,116,116,116,116,116,116,116,108,116,116,116,116,116,116,116,117,116,117,116,117,116,117,116,120,116,120,116,120,116,120,116
59829,79.93,-100,3066,0,27.52,130,109,106,105.24,116.52,116,116,116,116,116,116,116,116,108,116,116,116,116,116,116,116,117,116,117,116,117,116,117,116,120,116,120,116,120,116,120,116
59878,80.06,-91,3462,0,27.52,130,109,106,105.24,116.52,116,116,116,116,116,116,116,116,108,116,116,116,116,116,116,116,117,116,117,116,117,116,117,116,120,116,120,116,120,116,120,116
59927,79.72,-57,3639,0,27.52,130,109,106,105.24,116.52,116,116,116,116,116,116,116,116,108,116,116,116,116,116,116,116,117,116,117,116,117,116,117,116,120,116,120,116,120,116,120,116
59976,79.15,-1,3403,0,27.52,130,109,106,105.24,116.52,116,116,116,116,116,116,116,116,108,116,116,116,116,116,116,116,117,116,117,116,117,116,117,116,120,116,120,116,120,116,120,116
60025,78.64,52,3171,0,27.52,130,109,106,105.24,116.52,116,116,116,116,116,116,116,116,108,116,116,116,116,116,116,116,117,116,117,116,117,116,117,116,120,116,120,116,120,116,120,116
60074,78.41,85,3041,0,27.52,130,109,106,105.24,116.52,116,116,116,116,116,116,116,116,108,116,116,116,116,116,116,116,117,116,117,116,117,116,117,116,120,116,120,116,120,116,120,116
60123,78.14,94,3055,0,27.52,130,109,106,105.24,116.52,116,116,116,116,116,116,116,116,108,116,116,116,116,116,116,116,117,116,117,116,117,116,117,116,120,116,120,116,120,116,120,116
60172,77.84,86,3124,0,27.52,130,109,106,105.24,116.52,116,116,116,116,116,116,116,116,108,116,116,116,116,116,116,116,117,116,117,116,117,116,117,116,120,116,120,116,120,116,120,116
60221,77.47,70,3151,0,27.52,130,109,106,105.24,116.52,116,116,116,116,116,116,116,116,108,116,116,116,116,116,116,116,117,116,117,116,117,116,117,116,120,116,120,116,120,116,120,116
60270,77.06,53,3088,0,27.52,130,109,106,105.24,116.52,116,116,116,116,116,116,116,116,108,116,116,116,116,116,116,116,117,116,117,116,117,116,117,116,120,116,120,116,120,116,120,116
60319,76.60,33,3059,0,27.52,130,109,106,105.24,116.52,116,116,116,116,116,116,116,116,108,116,116,116,116,116,116,116,117,116,117,116,117,116,117,116,120,116,120,116,120,116,120,116
60368,76.17,10,2989,0,27.52,130,109,106,105.24,116.52,116,116,116,116,116,116,116,116,108,116,116,116,116,116,116,116,117,116,117,116,117,116,117,116,120,116,120,116,120,116,120,116
60417,75.84,-14,2987,0,27.52,130,109,106,105.24,116.52,116,116,116,116,116,116,116,116,108,116,116,116,116,116,116,116,117,116,117,116,117,116,117,116,120,116,120,116,120,116,120,116
60466,75.57,-40,3041,0,27.52,130,109,106,105.24,116.52,116,116,116,116,116,116,116,116,108,116,116,116,116,116,116,116,117,116,117,116,117,116,117,116,120,116,120,116,120,116,120,116
60515,75.33,-61,3028,0,27.52,130,109,106,105.24,116.52,116,116,116,116,116,116,116,116,108,116,116,116,116,116,116,116,117,116,117,116,117,116,117,116,120,116,120,116,120,116,120,116
60564,75.02,-77,3005,0,27.52,130,109,106,105.24,116.52,116,116,116,116,116,116,116,116,108,116,116,116,116,116,116,116,117,116,117,116,117,116,117,116,120,116,120,116,120,116,120,116
60613,74.66,-88,3008,0,27.52,130,109,106,105.24,116.52,116,116,116,116,116,116,116,116,108,116,116,116,116,116,116,116,117,116,117,116,117,116,117,116,120,116,120,116,120,116,120,116
60662,74.35,-96,3022,0,27.52,130,109,106,105.24,116.52,116,116,116,116,116,116,116,116,108,116,116,116,116,116,116,116,117,116,117,116,117,116,117,116,120,116,120,116,120,116,120,116
60711,75.96,-100,2992,0,27.52,130,109,106,105.24,116.52,116,116,116,116,116,116,116,116,108,116,116,116,116,116,116,116,117,116,117,116,117,116,117,116,120,116,120,116,120,116,120,116
60760,77.21,-101,3007,0,20.36,130,109,106,105.24,116.52,116,116,116,116,116,116,116,116,108,116,116,116,116,116,116,116,117,116,117,116,117,116,117,116,120,116,120,116,120,116,120,116
60809,77.43,-96,3230,0,20.36,130,109,106,105.24,116.52,116,116,116,116,116,116,116,116,108,116,116,116,116,116,116,116,117,116,117,116,117,116,117,116,120,116,120,116,120,116,120,116
60858,77.51,-71,3664,0,20.36,130,109,106,105.24,116.52,116,116,116,116,116,116,116,116,108,116,116,116,116,116,116,116,117,116,117,116,117,116,117,116,120,116,120,116,120,116,120,116
60907,77.30,-18,3562,0,20.36,130,109,106,105.24,116.52,116,116,116,116,116,116,116,116,108,116,116,116,116,116,116,116,117,116,117,116,117,116,117,116,120,116,120,116,120,116,120,116
60956,76.61,47,3322,0,20.36,130,109,106,105.24,116.52,116,116,116,116,116,116,116,116,108,116,116,116,116,116,116,116,117,116,117,116,117,116,117,116,120,116,120,116,120,116,120,116
61005,76.39,100,3131,0,20.36,130,109,106,105.24,116.52,116,116,116,116,116,116,116,116,108,116,116,116,116,116,116,116,117,116,117,116,117,116,117,116,120,116,120,116,120,116,120,116
61054,76.07,127,3071,0,20.36,130,109,106,105.24,116.52,116,116,116,116,116,116,116,116,108,116,116,116,116,116,116,116,117,116,117,116,117,116,117,116,120,116,120,116,120,116,120,116
61103,75.77,131,3104,0,20.36,130,109,106,105.24,116.52,116,116,116,116,116,116,116,116,108,116,116,116,116,116,116,116,117,116,117,116,117,116,117,116,120,116,120,116,120,116,120,116
61152,75.30,120,3121,0,20.36,130,109,106,105.24,116.52,116,116,116,116,116,116,116,116,108,116,116,116,116,116,116,116,117,116,117,116,117,116,117,116,120,116,120,116,120,116,120,116
61201,74.88,100,3053,0,20.36,130,109,106,105.24,116.52,116,116,116,116,116,116,116,116,108,116,116,116,116,116,116,116,117,116,117,116,117,116,117,116,120,116,120,116,120,116,120,116
61250,74.59,73,2999,0,20.36,130,109,106,105.24,116.52,116,116,116,116,116,116,116,116,108,116,116,116,116,116,116,116,117,116,117,116,117,116,117,116,120,116,120,116,120,116,120,116
61299,74.11,41,2997,0,20.36,130,109,106,105.24,116.52,116,116,116,116,116,116,116,116,108,116,116,116,116,116,116,116,117,116,117,116,117,116,117,116,120,116,120,116,120,116,120,116
61348,73.81,7,3039,0,20.36,130,109,106,105.24,116.52,116,116,116,116,116,116,116,116,108,116,116,116,116,116,116,116,117,116,117,116,117,116,117,116,120,116,120,116,120,116,120,116
61397,73.58,-21,3043,0,20.36,130,109,106,105.24,116.52,116,116,116,116,116,116,116,116,108,116,116,116,116,116,116,116,117,116,117,116,117,116,117,116,120,116,120,116,120,116,120,116
61446,73.24,-44,3017,0,20.36,130,109,106,105.24,116.52,116,116,116,116,116,116,116,116,108,116,116,116,116,116,116,116,117,116,117,116,117,116,117,116,120,116,120,116,120,116,120,116
61495,72.95,-63,2996,0,20.36,130,109,106,105.24,116.52,116,116,116,116,116,116,116,116,108,116,116,116,116,116,116,116,117,116,117,116,117,116,117,116,120,116,120,116,120,116,120,116
61544,72.62,-78,2989,0,20.36,130,109,106,105.24,116.52,116,116,116,116,116,116,116,116,108,116,116,116,116,116,116,116,117,116,117,116,117,116,117,116,120,116,120,116,120,116,120,116
61593,72.45,-90,2992,0,20.36,130,109,106,105.24,116.52,116,116,116,116,116,116,116,116,108,116,116,116,116,116,116,116,117,116,117,116,117,116,117,116,120,116,120,116,120,116,120,116
61642,72.18,-98,2974,0,20.36,130,109,106,105.24,116.52,116,116,116,116,116,116,116,116,108,116,116,116,116,116,116,116,117,116,117,116,117,116,117,116,120,116,120,116,120,116,120,116
61691,73.08,-103,2960,0,20.36,130,109,106,105.24,116.52,116,116,116,116,116,116,116,116,108,116,116,116,116,116,116,116,117,116,117,116,117,116,117,116,120,116,120,116,120,116,120,116
61740,74.31,-107,2935,0,20.55,130,109,106,105.24,116.52,116,116,116,116,116,116,116,116,108,116,116,116,116,116,116,116,117,116,117,116,117,116,117,116,120,116,120,116,120,116,120,116
61789,74.75,-107,3119,0,20.55,130,109,106,105.24,116.52,116,116,116,116,116,116,116,116,108,116,116,116,116,116,116,116,117,116,117,116,117,116,117,116,120,116,120,116,120,116,120,116
61838,74.90,-90,3568,0,20.55,130,109,106,105.24,116.52,116,116,116,116,116,116,116,116,108,116,116,116,116,116,116,116,117,116,117,116,117,116,117,116,120,116,120,116,120,116,120,116
61887,74.57,-42,3676,0,20.55,130,109,106,105.24,116.52,116,116,116,116,116,116,116,116,108,116,116,116,116,116,116,116,117,116,117,116,117,116,117,116,120,116,120,116,120,116,120,116
61936,74.01,27,3409,0,20.55,130,109,106,105.24,116.52,116,116,116,116,116,116,116,116,108,116,116,116,116,116,116,116,117,116,117,116,117,116,117,116,120,116,120,116,120,116,120,116
61985,73.69,92,3169,0,20.55,130,109,106,105.24,116.52,116,116,116,116,116,116,116,116,108,116,116,116,116,116,116,116,117,116,117,116,117,116,117,116,120,116,120,116,120,116,120,116
62034,73.40,132,3047,0,20.55,130,109,106,105.24,116.52,116,116,116,116,116,116,116,116,108,116,116,116,116,116,116,116,117,116,117,116,117,116,117,116,120,116,120,116,120,116,120,116
62083,73.14,143,3002,0,20.55,130,109,106,105.24,116.52,116,116,116,116,116,116,116,116,108,116,116,116,116,116,116,116,117,116,117,116,117,116,117,116,120,116,120,116,120,116,120,116
62132,72.84,131,3047,0,20.55,130,109,106,105.24,116.52,116,116,116,116,116,116,116,116,108,116,116,116,116,116,116,116,117,116,117,116,117,116,117,116,120,116,120,116,120,116,120,116
62181,72.34,107,3093,0,20.55,130,109,106,105.24,116.52,116,116,116,116,116,116,116,116,108,116,116,116,116,116,116,116,117,116,117,116,117,116,117,116,120,116,120,116,120,116,120,116
62230,71.89,80,3071,0,20.55,130,109,106,105.24,116.52,116,116,116,116,116,116,116,116,108,116,116,116,116,116,116,116,117,116,117,116,117,116,117,116,120,116,120,116,120,116,120,116
62279,71.63,53,3039,0,20.55,130,109,106,105.24,116.52,116,116,116,116,116,116,116,116,108,116,116,116,116,116,116,116,117,116,117,116,117,116,117,116,120,116,120,116,120,116,120,116
62328,71.49,25,2989,0,20.55,130,109,106,105.24,116.52,116,116,116,116,116,116,116,116,108,116,116,116,116,116,116,116,117,116,117,116,117,116,117,116,120,116,120,116,120,116,120,116
62377,71.13,-3,2987,0,20.55,130,109,106,105.24,116.52,116,116,116,116,116,116,116,116,108,116,116,116,116,116,116,116,117,116,117,116,117,116,117,116,120,116,120,116,120,116,120,116
62426,70.91,-28,3049,0,20.55,130,109,106,105.24,116.52,116,116,116,116,116,116,116,116,108,116,116,116,116,116,116,116,117,116,117,116,117,116,117,116,120,116,120,116,120,116,120,116
62475,70.59,-47,3051,0,20.55,130,109,106,105.24,116.52,116,116,116,116,116,116,116,116,108,116,116,116,116,116,116,116,117,116,117,116,117,116,117,116,120,116,120,116,120,116,120,116
62524,70.27,-59,3063,0,20.55,130,109,106,105.24,116.52,116,116,116,116,116,116,116,116,108,116,116,116,116,116,116,116,117,116,117,116,117,116,117,116,120,116,120,116,120,116,120,116
62573,70.08,-65,3024,0,20.55,130,109,106,105.24,116.52,116,116,116,116,116,116,116,116,108,116,116,116,116,116,116,116,117,116,117,116,117,116,117,116,120,116,120,116,120,116,120,116
62622,69.92,-69,3000,0,20.55,130,109,106,105.24,116.52,116,116,116,116,116,116,116,116,108,116,116,116,116,116,116,116,117,116,117,116,117,116,117,116,120,116,120,116,120,116,120,116
62671,71.07,-71,2975,0,20.55,130,109,106,105.24,116.52,116,116,116,116,116,116,116,116,108,116,116,116,116,116,116,116,117,116,117,116,117,116,117,116,120,116,120,116,120,116,120,116
62720,71.98,-74,2988,0,17.63,130,109,106,105.24,116.52,116,116,116,116,116,116,116,116,108,116,116,116,116,116,116,116,117,116,117,116,117,116,117,116,120,116,120,116,120,116,120,116
62769,72.02,-72,3249,0,17.63,130,109,106,105.24,116.52,116,116,116,116,116,116,116,116,108,116,116,116,116,116,116,116,117,116,117,116,117,116,117,116,120,116,120,116,120,116,120,116
62818,71.88,-50,3598,0,17.63,130,109,106,105.24,116.52,116,116,116,116,116,116,116,116,108,116,116,116,116,116,116,116,117,116,117,116,117,116,117,116,120,116,120,116,120,116,120,116
62867,71.38,-4,3449,0,17.63,130,109,106,105.24,116.52,116,116,116,116,116,116,116,116,108,116,116,116,116,116,116,116,117,116,117,116,117,116,117,116,120,116,120,116,120,116,120,116
62916,70.86,49,3201,0,17.63,130,109,106,105.24,116.52,116,116,116,116,116,116,116,116,108,116,116,116,116,116,116,116,117,116,117,116,117,116,117,116,120,116,120,116,120,116,120,116
62965,70.68,88,3071,0,17.63,130,109,106,105.24,116.52,116,116,116,116,116,116,116,116,108,116,116,116,116,116,116,116,117,116,117,116,117,116,117,116,120,116,120,116,120,116,120,116
63014,70.51,104,3041,0,17.63,130,109,106,105.24,116.52,116,116,116,116,116,116,116,116,108,116,116,116,116,116,116,116,117,116,117,116,117,116,117,116,120,116,120,116,120,116,120,116
63063,70.12,103,3088,0,17.63,130,109,106,105.24,116.52,116,116,116,116,116,116,116,116,108,116,116,116,116,116,116,116,117,116,117,116,117,116,117,116,120,116,120,116,120,116,120,116
63112,69.87,91,3109,0,17.63,130,109,106,105.24,116.52,116,116,116,116,116,116,116,116,108,116,116,116,116,116,116,116,117,116,117,116,117,116,117,116,120,116,120,116,120,116,120,116
63161,69.43,74,3066,0,17.63,130,109,106,105.24,116.52,116,116,116,116,116,116,116,116,108,116,116,116,116,116,116,116,117,116,117,116,117,116,117,116,120,116,120,116,120,116,120,116
63210,69.06,54,3045,0,17.63,130,109,106,105.24,116.52,116,116,116,116,116,116,116,116,108,116,116,116,116,116,116,116,117,116,117,116,117,116,117,116,120,116,120,116,120,116,120,116
63259,68.87,31,3015,0,17.63,130,109,106,105.24,116.52,116,116,116,116,116,116,116,116,108,116,116,116,116,116,116,116,117,116,117,116,117,116,117,116,120,116,120,116,120,116,120,116
63308,68.57,8,3010,0,17.63,130,109,106,105.24,116.52,116,116,116,116,116,116,116,116,108,116,116,116,116,116,116,116,117,116,117,116,117,116,117,116,120,116,120,116,120,116,120,116
63357,68.30,-14,3007,0,17.63,130,109,106,105.24,116.52,116,116,116,116,116,116,116,116,108,116,116,116,116,116,116,116,117,116,117,116,117,116,117,116,120,116,120,116,120,116,120,116
63406,68.01,-35,3005,0,17.63,130,109,106,105.24,116.52,116,116,116,116,116,116,116,116,108,116,116,116,116,116,116,116,117,116,117,116,117,116,117,116,120,116,120,116,120,116,120,116
63455,67.84,-51,3021,0,17.63,130,109,106,105.24,116.52,116,116,116,116,116,116,116,116,108,116,116,116,116,116,116,116,117,116,117,116,117,116,117,116,120,116,120,116,120,116,120,116
63504,67.59,-63,3025,0,17.63,130,109,106,105.24,116.52,116,116,116,116,116,116,116,116,108,116,116,116,116,116,116,116,117,116,117,116,117,116,117,116,120,116,120,116,120,116,120,116
63553,67.33,-71,3008,0,17.63,130,109,106,105.24,116.52,116,116,116,116,116,116,116,116,108,116,116,116,116,116,116,116,117,116,117,116,117,116,117,116,120,116,120,116,120,116,120,116
63602,67.35,-75,3022,0,17.63,130,109,106,105.24,116.52,116,116,116,116,116,116,116,116,108,116,116,116,116,116,116,116,117,116,117,116,117,116,117,116,120,116,120,116,120,116,120,116
63651,68.98,-76,3023,0,12.44,130,109,106,105.24,116.52,116,116,116,116,116,116,116,116,108,116,116,116,116,116,116,116,117,116,117,116,117,116,117,116,120,116,120,116,120,116,120,116
63700,69.80,-73,3056,0,12.44,130,109,106,105.24,116.52,116,116,116,116,116,116,116,116,108,116,116,116,116,116,116,116,117,116,117,116,117,116,117,116,120,116,120,116,120,116,120,116
63749,69.80,-59,3468,0,12.44,130,109,106,105.24,116.52,116,116,116,116,116,116,116,116,108,116,116,116,116,116,116,116,117,116,117,116,117,116,117,116,120,116,120,116,120,116,120,116
63798,69.73,-19,3821,0,12.44,130,109,106,105.24,116.52,116,116,116,116,116,116,116,116,108,116,116,116,116,116,116,116,117,116,117,116,117,116,117,116,120,116,120,116,120,116,120,116
63847,69.47,50,3568,0,12.44,130,109,106,105.24,116.52,116,116,116,116,116,116,116,116,108,116,116,116,116,116,116,116,117,116,117,116,117,116,117,116,120,116,120,116,120,116,120,116
63896,68.98,123,3326,0,12.44,130,109,106,105.24,116.52,116,116,116,116,116,116,116,116,108,116,116,116,116,116,116,116,117,116,117,116,117,116,117,116,120,116,120,116,120,116,120,116
63945,68.71,175,3174,0,12.44,130,109,106,105.24,116.52,116,116,116,116,116,116,116,116,108,116,116,116,116,116,116,116,117,116,117,116,117,116,117,116,120,116,120,116,120,116,120,116
63994,68.45,198,3151,0,12.44,130,109,106,105.24,116.52,116,116,116,116,116,116,116,116,108,116,116,116,116,116,116,116,117,116,117,116,117,116,117,116,120,116,120,116,120,116,120,116
64043,68.00,197,3168,0,12.44,130,109,106,105.24,116.52,116,116,116,116,116,116,116,116,108,116,116,116,116,116,116,116,117,116,117,116,117,116,117,116,120,116,120,116,120,116,120,116
64092,67.70,180,3161,0,12.44,130,109,106,105.24,116.52,116,116,116,116,116,116,116,116,108,116,116,116,116,116,116,116,117,116,117,116,117,116,117,116,120,116,120,116,120,116,120,116
64141,67.33,153,3082,0,12.44,130,109,106,105.24,116.52,116,116,116,116,116,116,116,116,108,116,116,116,116,116,116,116,117,116,117,116,117,116,117,116,120,116,120,116,120,116,120,116
64190,67.11,118,3061,0,12.44,130,109,106,105.24,116.52,116,116,116,116,116,116,116,116,108,116,116,116,116,116,116,116,117,116,117,116,117,116,117,116,120,116,120,116,120,116,120,116
64239,66.88,78,3050,0,12.44,130,109,106,105.24,116.52,116,116,116,116,116,116,116,116,108,116,116,116,116,116,116,116,117,116,117,116,117,116,117,116,120,116,120,116,120,116,120,116
64288,66.60,38,3056,0,12.44,130,109,106,105.24,116.52,116,116,116,116,116,116,116,116,108,116,116,116,116,116,116,116,117,116,117,116,117,116,117,116,120,116,120,116,120,116,120,116
64337,66.27,0,3056,0,12.44,130,109,106,105.24,116.52,116,116,116,116,116,116,116,116,108,116,116,116,116,116,116,116,117,116,117,116,117,116,117,116,120,116,120,116,120,116,120,116
64386,66.11,-31,3027,0,12.44,130,109,106,105.24,116.52,116,116,116,116,116,116,116,116,108,116,116,116,116,116,116,116,117,116,117,116,117,116,117,116,120,116,120,116,120,116,120,116
64435,65.86,-60,2967,0,12.44,130,109,106,105.24,116.52,116,116,116,116,116,116,116,116,108,116,116,116,116,116,116,116,117,116,117,116,117,116,117,116,120,116,120,116,120,116,120,116
64484,65.64,-85,2974,0,12.44,130,109,106,105.24,116.52,116,116,116,116,116,116,116,116,108,116,116,116,116,116,116,116,117,116,117,116,117,116,117,116,120,116,120,116,120,116,120,116
64533,65.25,-107,2992,0,12.44,130,109,106,105.24,116.52,116,116,116,116,116,116,116,116,108,116,116,116,116,116,116,116,117,116,117,116,117,116,117,116,120,116,120,116,120,116,120,116
64582,65.13,-123,3017,0,12.44,130,109,106,105.24,116.52,116,116,116,116,116,116,116,116,108,116,116,116,116,116,116,116,117,116,117,116,117,116,117,116,120,116,120,116,120,116,120,116
64631,64.93,-132,3009,0,12.44,130,109,106,105.24,116.52,116,116,116,116,116,116,116,116,108,116,116,116,116,116,116,116,117,116,117,116,117,116,117,116,120,116,120,116,120,116,120,116
64680,66.00,-135,2992,0,12.44,130,109,106,105.24,116.52,116,116,116,116,116,116,116,116,108,116,116,116,116,116,116,116,117,116,117,116,117,116,117,116,120,116,120,116,120,116,120,116
64729,67.05,-135,2971,0,19.89,130,109,106,105.24,116.52,116,116,116,116,116,116,116,116,108,116,116,116,116,116,116,116,117,116,117,116,117,116,117,116,120,116,120,116,120,116,120,116
64778,67.34,-129,3184,0,19.89,130,109,106,105.24,116.52,116,116,116,116,116,116,116,116,108,116,116,116,116,116,116,116,117,116,117,116,117,116,117,116,120,116,120,116,120,116,120,116
64827,67.41,-103,3751,0,19.89,130,109,106,105.24,116.52,116,116,116,116,116,116,116,116,108,116,116,116,116,116,116,116,117,116,117,116,117,116,117,116,120,116,120,116,120,116,120,116
64876,67.31,-42,3710,0,19.89,130,109,106,105.24,116.52,116,116,116,116,116,116,116,116,108,116,116,116,116,116,116,116,117,116,117,116,117,116,117,116,120,116,120,116,120,116,120,116
64925,66.58,35,3319,0,19.89,130,109,106,105.24,116.52,116,116,116,116,116,116,116,116,108,116,116,116,116,116,116,116,117,116,117,116,117,116,117,116,120,116,120,116,120,116,120,116
64974,66.40,98,3155,0,19.89,130,109,106,105.24,116.52,116,116,116,116,116,116,116,116,108,116,116,116,116,116,116,116,117,116,117,116,117,116,117,116,120,116,120,116,120,116,120,116
65023,66.09,132,3067,0,19.89,130,109,106,105.24,116.52,116,116,116,116,116,116,116,116,108,116,116,116,116,116,116,116,117,116,117,116,117,116,117,116,120,116,120,116,120,116,120,116
65072,65.84,137,3068,0,19.89,130,109,106,105.24,116.52,116,116,116,116,116,116,116,116,108,116,116,116,116,116,116,116,117,116,117,116,117,116,117,116,120,116,120,116,120,116,120,116
65121,65.50,123,3088,0,19.89,130,109,106,105.24,116.52,116,116,116,116,116,116,116,116,108,116,116,116,116,116,116,116,117,116,117,116,117,116,117,116,120,116,120,116,120,116,120,116
65170,65.03,98,3046,0,19.89,130,109,106,105.24,116.52,116,116,116,116,116,116,116,116,108,116,116,116,116,116,116,116,117,116,117,116,117,116,117,116,120,116,120,116,120,116,120,116
65219,64.76,66,3039,0,19.89,130,109,106,105.24,116.52,116,116,116,116,116,116,116,116,108,116,116,116,116,116,116,116,117,116,117,116,117,116,117,116,120,116,120,116,120,116,120,116
65268,64.51,31,3039,0,19.89,130,109,106,105.24,116.52,116,116,116,116,116,116,116,116,108,116,116,116,116,116,116,116,117,116,117,116,117,116,117,116,120,116,120,116,120,116,120,116
65317,64.19,-1,3025,0,19.89,130,109,106,105.24,116.52,116,116,116,116,116,116,116,116,108,116,116,116,116,116,116,116,117,116,117,116,117,116,117,116,120,116,120,116,120,116,120,116
65366,64.00,-32,2987,0,19.89,130,109,106,105.24,116.52,116,116,116,116,116,116,116,116,108,116,116,116,116,116,116,116,117,116,117,116,117,116,117,116,120,116,120,116,120,116,120,116
65415,63.71,-60,2977,0,19.89,130,109,106,105.24,116.52,116,116,116,116,116,116,116,116,108,116,116,116,116,116,116,116,117,116,117,116,117,116,117,116,120,116,120,116,120,116,120,116
65464,63.56,-84,2978,0,19.89,130,109,106,105.24,116.52,116,116,116,116,116,116,116,116,108,116,116,116,116,116,116,116,117,116,117,116,117,116,117,116,120,116,120,116,120,116,120,116
65513,63.35,-104,2979,0,19.89,130,109,106,105.24,116.52,116,116,116,116,116,116,116,116,108,116,116,116,116,116,116,116,117,116,117,116,117,116,117,116,120,116,120,116,120,116,120,116
65562,63.08,-118,3002,0,19.89,130,109,106,105.24,116.52,116,116,116,116,116,116,116,116,108,116,116,116,116,116,116,116,117,116,117,116,117,116,117,116,120,116,120,116,120,116,120,116
65611,62.85,-126,2991,0,19.89,130,109,106,105.24,116.52,116,116,116,116,116,116,116,116,108,116,116,116,116,116,116,116,117,116,117,116,117,116,117,116,120,116,120,116,120,116,120,116
65660,62.86,-129,2992,0,19.89,130,109,106,105.24,116.52,116,116,116,116,116,116,116,116,108,116,116,116,116,116,116,116,117,116,117,116,117,116,117,116,120,116,120,116,120,116,120,116
65709,64.09,-128,2963,0,19.89,130,109,106,105.24,116.52,116,116,116,116,116,116,116,116,108,116,116,116,116,116,116,116,117,116,117,116,117,116,117,116,120,116,120,116,120,116,120,116
65758,64.60,-124,3013,0,15.15,130,109,106,105.24,116.52,116,116,116,116,116,116,116,116,108,116,116,116,116,116,116,116,117,116,117,116,117,116,117,116,120,116,120,116,120,116,120,116
65807,64.66,-111,3371,0,15.15,130,109,106,105.24,116.52,116,116,116,116,116,116,116,116,108,116,116,116,116,116,116,116,117,116,117,116,117,116,117,116,120,116,120,116,120,116,120,116
65856,64.70,-74,3663,0,15.15,130,109,106,105.24,116.52,116,116,116,116,116,116,116,116,108,116,116,116,116,116,116,116,117,116,117,116,117,116,117,116,120,116,120,116,120,116,120,116
65905,64.04,-12,3391,0,15.15,130,109,106,105.24,116.52,116,116,116,116,116,116,116,116,108,116,116,116,116,116,116,116,117,116,117,116,117,116,117,116,120,116,120,116,120,116,120,116
65954,63.69,48,3142,0,15.15,130,109,106,105.24,116.52,116,116,116,116,116,116,116,116,108,116,116,116,116,116,116,116,117,116,117,116,117,116,117,116,120,116,120,116,120,116,120,116
66003,63.70,87,3013,0,15.15,130,109,106,105.24,116.52,116,116,116,116,116,116,116,116,108,116,116,116,116,116,116,116,117,116,117,116,117,116,117,116,120,116,120,116,120,116,120,116
66052,63.41,100,3010,0,15.15,130,109,106,105.24,116.52,116,116,116,116,116,116,116,116,108,116,116,116,116,116,116,116,117,116,117,116,117,116,117,116,120,116,120,116,120,116,120,116
66101,63.02,94,3071,0,15.15,130,109,106,105.24,116.52,116,116,116,116,116,116,116,116,108,116,116,116,116,116,116,116,117,116,117,116,117,116,117,116,120,116,120,116,120,116,120,116
66150,62.88,78,3084,0,15.15,130,109,106,105.24,116.52,116,116,116,116,116,116,116,116,108,116,116,116,116,116,116,116,117,116,117,116,117,116,117,116,120,116,120,116,120,116,120,116
66199,62.50,59,3056,0,15.15,130,109,106,105.24,116.52,116,116,116,116,116,116,116,116,108,116,116,116,116,116,116,116,117,116,117,116,117,116,117,116,120,116,120,116,120,116,120,116
66248,62.33,38,3003,0,15.15,130,109,106,105.24,116.52,116,116,116,116,116,116,116,116,108,116,116,116,116,116,116,116,117,116,117,116,117,116,117,116,120,116,120,116,120,116,120,116
66297,62.00,13,2971,0,15.15,130,109,106,105.24,116.52,116,116,116,116,116,116,116,116,108,116,116,116,116,116,116,116,117,116,117,116,117,116,117,116,120,116,120,116,120,116,120,116
66346,61.70,-11,2982,0,15.15,130,109,106,105.24,116.52,116,116,116,116,116,116,116,116,108,116,116,116,116,116,116,116,117,116,117,116,117,116,117,116,120,116,120,116,120,116,120,116
66395,61.58,-35,2983,0,15.15,130,109,106,105.24,116.52,116,116,116,116,116,116,116,116,108,116,116,116,116,116,116,116,117,116,117,116,117,116,117,116,120,116,120,116,120,116,120,116
66444,61.39,-55,3014,0,15.15,130,109,106,105.24,116.52,116,116,116,116,116,116,116,116,108,116,116,116,116,116,116,116,117,116,117,116,117,116,117,116,120,116,120,116,120,116,120,116
66493,61.02,-69,2997,0,15.15,130,109,106,105.24,116.52,116,116,116,116,116,116,116,116,108,116,116,116,116,116,116,116,117,116,117,116,117,116,117,116,120,116,120,116,120,116,120,116
66542,60.74,-79,2962,0,15.15,130,109,106,105.24,116.52,116,116,116,116,116,116,116,116,108,116,116,116,116,116,116,116,117,116,117,116,117,116,117,116,120,116,120,116,120,116,120,116
66591,60.57,-86,2981,0,15.15,130,109,106,105.24,116.52,116,116,116,116,116,116,116,116,108,116,116,116,116,116,116,116,117,116,117,116,117,116,117,116,120,116,120,116,120,116,120,116
66640,60.39,-89,2988,0,15.15,130,109,106,105.24,116.52,116,116,116,116,116,116,116,116,108,116,116,116,116,116,116,116,117,116,117,116,117,116,117,116,120,116,120,116,120,116,120,116
66689,60.68,-90,2955,0,15.15,130,109,106,105.24,116.52,116,116,116,116,116,116,116,116,108,116,116,116,116,116,116,116,117,116,117,116,117,116,117,116,120,116,120,116,120,116,120,116
66738,62.06,-90,2949,0,11.77,130,109,106,105.24,116.52,116,116,116,116,116,116,116,116,108,116,116,116,116,116,116,116,117,116,117,116,117,116,117,116,120,116,120,116,120,116,120,116
66787,62.49,-86,3088,0,11.77,130,109,106,105.24,116.52,116,116,116,116,116,116,116,116,108,116,116,116,116,116,116,116,117,116,117,116,117,116,117,116,120,116,120,116,120,116,120,116
66836,62.63,-68,3553,0,11.77,130,109,106,105.24,116.52,116,116,116,116,116,116,116,116,108,116,116,116,116,116,116,116,117,116,117,116,117,116,117,116,120,116,120,116,120,116,120,116
66885,62.52,-19,3677,0,11.77,130,109,106,105.24,116.52,116,116,116,116,116,116,116,116,108,116,116,116,116,116,116,116,117,116,117,116,117,116,117,116,120,116,120,116,120,116,120,116
66934,62.20,49,3367,0,11.77,130,109,106,105.24,116.52,116,116,116,116,116,116,116,116,108,116,116,116,116,116,116,116,117,116,117,116,117,116,117,116,120,116,120,116,120,116,120,116
66983,61.74,112,3191,0,11.77,130,109,106,105.24,116.52,116,116,116,116,116,116,116,116,108,116,116,116,116,116,116,116,117,116,117,116,117,116,117,116,120,116,120,116,120,116,120,116
67032,61.64,152,3098,0,11.77,130,109,106,105.24,116.52,116,116,116,116,116,116,116,116,108,116,116,116,116,116,116,116,117,116,117,116,117,116,117,116,120,116,120,116,120,116,120,116
67081,61.31,166,3071,0,11.77,130,109,106,105.24,116.52,116,116,116,116,116,116,116,116,108,116,116,116,116,116,116,116,117,116,117,116,117,116,117,116,120,116,120,116,120,116,120,116
67130,61.07,160,3082,0,11.77,130,109,106,105.24,116.52,116,116,116,116,116,116,116,116,108,116,116,116,116,116,116,116,117,116,117,116,117,116,117,116,120,116,120,116,120,116,120,116
67179,60.65,141,3088,0,11.77,130,109,106,105.24,116.52,116,116,116,116,116,116,116,116,108,116,116,116,116,116,116,116,117,116,117,116,117,116,117,116,120,116,120,116,120,116,120,116
67228,60.31,116,3097,0,11.77,130,109,106,105.24,116.52,116,116,116,116,116,116,116,116,108,116,116,116,116,116,116,116,117,116,117,116,117,116,117,116,120,116,120,116,120,116,120,116
67277,59.94,88,3018,0,11.77,130,109,106,105.24,116.52,116,116,116,116,116,116,116,116,108,116,116,116,116,116,116,116,117,116,117,116,117,116,117,116,120,116,120,116,120,116,120,116
67326,59.87,57,3001,0,11.77,130,109,106,105.24,116.52,116,116,116,116,116,116,116,116,108,116,116,116,116,116,116,116,117,116,117,116,117,116,117,116,120,116,120,116,120,116,120,116
67375,59.62,25,2998,0,11.77,130,109,106,105.24,116.52,116,116,116,116,116,116,116,116,108,116,116,116,116,116,116,116,117,116,117,116,117,116,117,116,120,116,120,116,120,116,120,116
67424,59.30,-4,2976,0,11.77,130,109,106,105.24,116.52,116,116,116,116,116,116,116,116,108,116,116,116,116,116,116,116,117,116,117,116,117,116,117,116,120,116,120,116,120,116,120,116
67473,59.13,-33,2960,0,11.77,130,109,106,105.24,116.52,116,116,116,116,116,116,116,116,108,116,116,116,116,116,116,116,117,116,117,116,117,116,117,116,120,116,120,116,120,116,120,116
67522,58.95,-57,2960,0,11.77,130,109,106,105.24,116.52,116,116,116,116,116,116,116,116,108,116,116,116,116,116,116,116,117,116,117,116,117,116,117,116,120,116,120,116,120,116,120,116
67571,58.60,-78,2970,0,11.77,130,109,106,105.24,116.52,116,116,116,116,116,116,116,116,108,116,116,116,116,116,116,116,117,116,117,116,117,116,117,116,120,116,120,116,120,116,120,116
67620,58.44,-92,2988,0,11.77,130,109,106,105.24,116.52,116,116,116,116,116,116,116,116,108,116,116,116,116,116,116,116,117,116,117,116,117,116,117,116,120,116,120,116,120,116,120,116
67669,58.26,-101,2969,0,11.77,130,109,106,105.24,116.52,116,116,116,116,116,116,116,116,108,116,116,116,116,116,116,116,117,116,117,116,117,116,117,116,120,116,120,116,120,116,120,116
67718,58.16,-105,2947,0,11.77,130,109,106,105.24,116.52,116,116,116,116,116,116,116,116,108,116,116,116,116,116,116,116,117,116,117,116,117,116,117,116,120,116,120,116,120,116,120,116
67767,59.27,-107,2923,0,11.77,130,109,106,105.24,116.52,116,116,116,116,116,116,116,116,108,116,116,116,116,116,116,116,117,116,117,116,117,116,117,116,120,116,120,116,120,116,120,116
67816,59.99,-108,2971,0,16.75,130,109,106,105.24,116.52,116,116,116,116,116,116,116,116,108,116,116,116,116,116,116,116,117,116,117,116,117,116,117,116,120,116,120,116,120,116,120,116
67865,60.16,-99,3314,0,16.75,130,109,106,105.24,116.52,116,116,116,116,116,116,116,116,108,116,116,116,116,116,116,116,117,116,117,116,117,116,117,116,120,116,120,116,120,116,120,116
67914,60.04,-64,3754,0,16.75,130,109,106,105.24,116.52,116,116,116,116,116,116,116,116,108,116,116,116,116,116,116,116,117,116,117,116,117,116,117,116,120,116,120,116,120,116,120,116
67963,59.87,1,3520,0,16.75,130,109,106,105.24,116.52,116,116,116,116,116,116,116,116,108,116,116,116,116,116,116,116,117,116,117,116,117,116,117,116,120,116,120,116,120,116,120,116
68012,59.29,75,3253,0,16.75,130,109,106,105.24,116.52,116,116,116,116,116,116,116,116,108,116,116,116,116,116,116,116,117,116,117,116,117,116,117,116,120,116,120,116,120,116,120,116
68061,59.08,130,3151,0,16.75,130,109,106,105.24,116.52,116,116,116,116,116,116,116,116,108,116,116,116,116,116,116,116,117,116,117,116,117,116,117,116,120,116,120,116,120,116,120,116
68110,59.01,159,3061,0,16.75,130,109,106,105.24,116.52,116,116,116,116,116,116,116,116,108,116,116,116,116,116,116,116,117,116,117,116,117,116,117,116,120,116,120,116,120,116,120,116
68159,58.68,162,3049,0,16.75,130,109,106,105.24,116.52,116,116,116,116,116,116,116,116,108,116,116,116,116,116,116,116,117,116,117,116,117,116,117,116,120,116,120,116,120,116,120,116
68208,58.61,148,3083,0,16.75,130,109,106,105.24,116.52,116,116,116,116,116,116,116,116,108,116,116,116,116,116,116,116,117,116,117,116,117,116,117,116,120,116,120,116,120,116,120,116
68257,58.37,124,3071,0,16.75,130,109,106,105.24,116.52,116,116,116,116,116,116,116,116,108,116,116,116,116,116,116,116,117,116,117,116,117,116,117,116,120,116,120,116,120,116,120,116
68306,58.09,95,3063,0,16.75,130,109,106,105.24,116.52,116,116,116,116,116,116,116,116,108,116,116,116,116,116,116,116,117,116,117,116,117,116,117,116,120,116,120,116,120,116,120,116
68355,57.89,66,3071,0,16.75,130,109,106,105.24,116.52,116,116,116,116,116,116,116,116,108,116,116,116,116,116,116,116,117,116,117,116,117,116,117,116,120,116,120,116,120,116,120,116
68404,57.76,38,3056,0,16.75,130,109,106,105.24,116.52,116,116,116,116,116,116,116,116,108,116,116,116,116,116,116,116,117,116,117,116,117,116,117,116,120,116,120,116,120,116,120,116
68453,57.52,13,3038,0,16.75,130,109,106,105.24,116.52,116,116,116,116,116,116,116,116,108,116,116,116,116,116,116,116,117,116,117,116,117,116,117,116,120,116,120,116,120,116,120,116
68502,57.19,-8,3042,0,16.75,130,109,106,105.24,116.52,116,116,116,116,116,116,116,116,108,116,116,116,116,116,116,116,117,116,117,116,117,116,117,116,120,116,120,116,120,116,120,116
68551,56.91,-27,3008,0,16.75,130,109,106,105.24,116.52,116,116,116,116,116,116,116,116,108,116,116,116,116,116,116,116,117,116,117,116,117,116,117,116,120,116,120,116,120,116,120,116
68600,56.71,-44,2987,0,16.75,130,109,106,105.24,116.52,116,116,116,116,116,116,116,116,108,116,116,116,116,116,116,116,117,116,117,116,117,116,117,116,120,116,120,116,120,116,120,116
68649,56.34,-59,3007,0,16.75,130,109,106,105.24,116.52,116,116,116,116,116,116,116,116,108,116,116,116,116,116,116,116,117,116,117,116,117,116,117,116,120,116,120,116,120,116,120,116
68698,56.10,-70,3019,0,16.75,130,109,106,105.24,116.52,116,116,116,116,116,116,116,116,108,116,116,116,116,116,116,116,117,116,117,116,117,116,117,116,120,116,120,116,120,116,120,116
68747,56.46,-77,2992,0,16.75,130,109,106,105.24,116.52,116,116,116,116,116,116,116,116,108,116,116,116,116,116,116,116,117,116,117,116,117,116,117,116,120,116,120,116,120,116,120,116
68796,57.35,-82,2962,0,16.75,130,109,106,105.24,116.52,116,116,116,116,116,116,116,116,108,116,116,116,116,116,116,116,117,116,117,116,117,116,117,116,120,116,120,116,120,116,120,116
68845,57.62,-84,3135,0,13.73,130,109,106,105.24,116.52,116,116,116,116,116,116,116,116,108,116,116,116,116,116,116,116,117,116,117,116,117,116,117,116,120,116,120,116,120,116,120,116
68894,57.54,-68,3598,0,13.73,130,109,106,105.24,116.52,116,116,116,116,116,116,116,116,108,116,116,116,116,116,116,116,117,116,117,116,117,116,117,116,120,116,120,116,120,116,120,116
68943,57.41,-24,3613,0,13.73,130,109,106,105.24,116.52,116,116,116,116,116,116,116,116,108,116,116,116,116,116,116,116,117,116,117,116,117,116,117,116,120,116,120,116,120,116,120,116
68992,56.96,36,3261,0,13.73,130,109,106,105.24,116.52,116,116,116,116,116,116,116,116,108,116,116,116,116,116,116,116,117,116,117,116,117,116,117,116,120,116,120,116,120,116,120,116
69041,56.81,86,3086,0,13.73,130,109,106,105.24,116.52,116,116,116,116,116,116,116,116,108,116,116,116,116,116,116,116,117,116,117,116,117,116,117,116,120,116,120,116,120,116,120,116
69090,56.69,110,3040,0,13.73,130,109,106,105.24,116.52,116,116,116,116,116,116,116,116,108,116,116,116,116,116,116,116,117,116,117,116,117,116,117,116,120,116,120,116,120,116,120,116
69139,56.58,112,3071,0,13.73,130,109,106,105.24,116.52,116,116,116,116,116,116,116,116,108,116,116,116,116,116,116,116,117,116,117,116,117,116,117,116,120,116,120,116,120,116,120,116
69188,56.40,100,3122,0,13.73,130,109,106,105.24,116.52,116,116,116,116,116,116,116,116,108,116,116,116,116,116,116,116,117,116,117,116,117,116,117,116,120,116,120,116,120,116,120,116
69237,43.67,83,3087,0,13.73,130,109,106,105.24,116.52,116,116,116,116,116,116,116,116,108,116,116,116,116,116,116,116,117,116,117,116,117,116,117,116,120,116,120,116,120,116,120,116
69286,40.35,61,3022,0,13.73,130,109,106,105.24,116.52,116,116,116,116,116,116,116,116,108,116,116,116,116,116,116,116,117,116,117,116,117,116,117,116,120,116,120,116,120,116,120,116
69335,38.04,34,2964,0,13.73,130,109,106,105.24,116.52,116,116,116,116,116,116,116,116,108,116,116,116,116,116,116,116,117,116,117,116,117,116,117,116,120,116,120,116,120,116,120,116
69384,35.56,4,2963,0,13.73,130,109,106,105.24,116.52,116,116,116,116,116,116,116,116,108,116,116,116,116,116,116,116,117,116,117,116,117,116,117,116,120,116,120,116,120,116,120,116
69433,33.03,-26,2997,0,13.73,130,109,106,105.24,116.52,116,116,116,116,116,116,116,116,108,116,116,116,116,116,116,116,117,116,117,116,117,116,117,116,120,116,120,116,120,116,120,116
69482,31.00,-52,2989,0,13.73,130,109,106,105.24,116.52,116,116,116,116,116,116,116,116,108,116,116,116,116,116,116,116,117,116,117,116,117,116,117,116,120,116,120,116,120,116,120,116
69531,28.55,-74,2960,0,13.73,130,109,106,105.24,116.52,116,116,116,116,116,116,116,116,108,116,116,116,116,116,116,116,117,116,117,116,117,116,117,116,120,116,120,116,120,116,120,116
69580,25.81,-93,2858,0,13.73,130,86,106,70.74,116.52,116,116,116,116,116,116,116,116,108,116,116,116,116,116,116,116,117,116,117,116,117,116,117,116,120,116,120,116,120,116,120,116
