Time,Pressure,PPGSignal,rawPPGSignal,AUS_PULSE_HEARD,BaselineBeat,Osc_Amp,Osc_SBP,MAP,Osc_DBP,Est_DBP,EnsembleSystolic,BL_W25_T2.0_D10,BL_W25_T2.2_D10,BL_W25_T2.4_D10,BL_W25_T2.6_D10,BL_W25_T3.0_D10,BL_W30_T2.0_D10,BL_W30_T2.2_D10,BL_W30_T2.4_D10,BL_W30_T2.6_D10,BL_W30_T3.0_D10,BL_W35_T2.0_D10,BL_W35_T2.2_D10,BL_W35_T2.4_D10,BL_W35_T2.6_D10,BL_W35_T3.0_D10,BL_W40_T2.0_D10,BL_W40_T2.2_D10,BL_W40_T2.4_D10,BL_W40_T2.6_D10,BL_W40_T3.0_D10
14828,-0.23,195,3031,0,0,0.00,0,90,0,89.43,91.13,0,0,0,0,0,0,0,0,0,0,0,0,0,0,0,0,0,0,0,0
14863,-0.19,793,3034,0,0,0.00,0,90,0,89.43,91.13,0,0,0,0,0,0,0,0,0,0,0,0,0,0,0,0,0,0,0,0
14899,-0.21,1542,3071,0,0,0.00,0,90,0,89.43,91.13,0,0,0,0,0,0,0,0,0,0,0,0,0,0,0,0,0,0,0,0
14935,-0.23,2092,3098,0,0,0.00,0,90,0,89.43,91.13,0,0,0,0,0,0,0,0,0,0,0,0,0,0,0,0,0,0,0,0
14971,-0.15,2353,3102,0,0,0.00,0,90,0,89.43,91.13,0,0,0,0,0,0,0,0,0,0,0,0,0,0,0,0,0,0,0,0
15007,-0.22,2366,3110,0,0,0.00,0,90,0,89.43,91.13,0,0,0,0,0,0,0,0,0,0,0,0,0,0,0,0,0,0,0,0
15043,-0.20,2218,3123,0,0,0.00,0,90,0,89.43,91.13,0,0,0,0,0,0,0,0,0,0,0,0,0,0,0,0,0,0,0,0
15079,-0.28,1987,3090,0,0,0.00,0,90,0,89.43,91.13,0,0,0,0,0,0,0,0,0,0,0,0,0,0,0,0,0,0,0,0
15115,-0.21,1728,3085,0,0,0.00,0,90,0,89.43,91.13,0,0,0,0,0,0,0,0,0,0,0,0,0,0,0,0,0,0,0,0
15151,-0.23,1474,3057,0,0,0.00,0,90,0,89.43,91.13,0,0,0,0,0,0,0,0,0,0,0,0,0,0,0,0,0,0,0,0
15187,-0.28,1241,3057,0,0,0.00,0,90,0,89.43,91.13,0,0,0,0,0,0,0,0,0,0,0,0,0,0,0,0,0,0,0,0
15223,-0.25,1036,3063,0,0,0.00,0,90,0,89.43,91.13,0,0,0,0,0,0,0,0,0,0,0,0,0,0,0,0,0,0,0,0
15259,-0.20,860,3086,0,0,0.00,0,90,0,89.43,91.13,0,0,0,0,0,0,0,0,0,0,0,0,0,0,0,0,0,0,0,0
15295,-0.27,712,3102,0,0,0.00,0,90,0,89.43,91.13,0,0,0,0,0,0,0,0,0,0,0,0,0,0,0,0,0,0,0,0
15331,-0.16,583,3114,0,0,0.00,0,90,0,89.43,91.13,0,0,0,0,0,0,0,0,0,0,0,0,0,0,0,0,0,0,0,0
15367,-0.26,467,3099,0,0,0.00,0,90,0,89.43,91.13,0,0,0,0,0,0,0,0,0,0,0,0,0,0,0,0,0,0,0,0
15403,-0.21,356,3105,0,0,0.00,0,90,0,89.43,91.13,0,0,0,0,0,0,0,0,0,0,0,0,0,0,0,0,0,0,0,0
15439,-0.19,248,3087,0,0,0.00,0,90,0,89.43,91.13,0,0,0,0,0,0,0,0,0,0,0,0,0,0,0,0,0,0,0,0
15475,-0.27,140,3056,0,0,0.00,0,90,0,89.43,91.13,0,0,0,0,0,0,0,0,0,0,0,0,0,0,0,0,0,0,0,0
15511,-0.24,31,3018,0,0,0.00,0,90,0,89.43,91.13,0,0,0,0,0,0,0,0,0,0,0,0,0,0,0,0,0,0,0,0
15547,-0.22,-75,3026,0,0,0.00,0,90,0,89.43,91.13,0,0,0,0,0,0,0,0,0,0,0,0,0,0,0,0,0,0,0,0
15583,-0.18,-174,2992,0,0,0.00,0,90,0,89.43,91.13,0,0,0,0,0,0,0,0,0,0,0,0,0,0,0,0,0,0,0,0
15619,-0.23,-263,2992,0,0,0.00,0,90,0,89.43,91.13,0,0,0,0,0,0,0,0,0,0,0,0,0,0,0,0,0,0,0,0
15655,-0.21,-342,2957,0,0,0.00,0,90,0,89.43,91.13,0,0,0,0,0,0,0,0,0,0,0,0,0,0,0,0,0,0,0,0
15691,-0.19,-412,2951,0,0,0.00,0,90,0,89.43,91.13,0,0,0,0,0,0,0,0,0,0,0,0,0,0,0,0,0,0,0,0
15727,-0.25,-469,3001,0,0,0.00,0,90,0,89.43,91.13,0,0,0,0,0,0,0,0,0,0,0,0,0,0,0,0,0,0,0,0
15763,-0.24,-506,3043,0,0,0.00,0,90,0,89.43,91.13,0,0,0,0,0,0,0,0,0,0,0,0,0,0,0,0,0,0,0,0
15799,-0.22,-521,3071,0,0,0.00,0,90,0,89.43,91.13,0,0,0,0,0,0,0,0,0,0,0,0,0,0,0,0,0,0,0,0
15835,-0.27,-525,3071,0,0,0.00,0,90,0,89.43,91.13,0,0,0,0,0,0,0,0,0,0,0,0,0,0,0,0,0,0,0,0
15871,-0.19,-530,3056,0,0,0.00,0,90,0,89.43,91.13,0,0,0,0,0,0,0,0,0,0,0,0,0,0,0,0,0,0,0,0
15907,-0.23,-535,3158,0,0,0.00,0,90,0,89.43,91.13,0,0,0,0,0,0,0,0,0,0,0,0,0,0,0,0,0,0,0,0
15943,-0.13,-535,3103,0,0,0.00,0,90,0,89.43,91.13,0,0,0,0,0,0,0,0,0,0,0,0,0,0,0,0,0,0,0,0
15979,-0.27,-546,3006,0,0,0.00,0,90,0,89.43,91.13,0,0,0,0,0,0,0,0,0,0,0,0,0,0,0,0,0,0,0,0
16015,-0.23,-577,2998,0,0,0.00,0,90,0,89.43,91.13,0,0,0,0,0,0,0,0,0,0,0,0,0,0,0,0,0,0,0,0
16051,-0.20,-615,3039,0,0,0.00,0,90,0,89.43,91.13,0,0,0,0,0,0,0,0,0,0,0,0,0,0,0,0,0,0,0,0
16087,-0.19,-637,3087,0,0,0.00,0,90,0,89.43,91.13,0,0,0,0,0,0,0,0,0,0,0,0,0,0,0,0,0,0,0,0
16123,-0.16,-637,3105,0,0,0.00,0,90,0,89.43,91.13,0,0,0,0,0,0,0,0,0,0,0,0,0,0,0,0,0,0,0,0
16159,-0.22,-623,3100,0,0,0.00,0,90,0,89.43,91.13,0,0,0,0,0,0,0,0,0,0,0,0,0,0,0,0,0,0,0,0
16195,-0.26,-606,3099,0,0,0.00,0,90,0,89.43,91.13,0,0,0,0,0,0,0,0,0,0,0,0,0,0,0,0,0,0,0,0
16231,-0.20,-592,3103,0,0,0.00,0,90,0,89.43,91.13,0,0,0,0,0,0,0,0,0,0,0,0,0,0,0,0,0,0,0,0
16267,-0.14,-582,3105,0,0,0.00,0,90,0,89.43,91.13,0,0,0,0,0,0,0,0,0,0,0,0,0,0,0,0,0,0,0,0
16303,-0.26,-575,3095,0,0,0.00,0,90,0,89.43,91.13,0,0,0,0,0,0,0,0,0,0,0,0,0,0,0,0,0,0,0,0
16339,-0.31,-570,3092,0,0,0.00,0,90,0,89.43,91.13,0,0,0,0,0,0,0,0,0,0,0,0,0,0,0,0,0,0,0,0
16375,-0.17,-565,3103,0,0,0.00,0,90,0,89.43,91.13,0,0,0,0,0,0,0,0,0,0,0,0,0,0,0,0,0,0,0,0
16411,-0.26,-557,3111,0,0,0.00,0,90,0,89.43,91.13,0,0,0,0,0,0,0,0,0,0,0,0,0,0,0,0,0,0,0,0
16447,-0.25,-544,3114,0,0,0.00,0,90,0,89.43,91.13,0,0,0,0,0,0,0,0,0,0,0,0,0,0,0,0,0,0,0,0
16483,-0.18,-531,3101,0,0,0.00,0,90,0,89.43,91.13,0,0,0,0,0,0,0,0,0,0,0,0,0,0,0,0,0,0,0,0
16519,-0.17,-517,3109,0,0,0.00,0,90,0,89.43,91.13,0,0,0,0,0,0,0,0,0,0,0,0,0,0,0,0,0,0,0,0
16555,-0.26,-503,3126,0,0,0.00,0,90,0,89.43,91.13,0,0,0,0,0,0,0,0,0,0,0,0,0,0,0,0,0,0,0,0
16591,-0.22,-484,3143,0,0,0.00,0,90,0,89.43,91.13,0,0,0,0,0,0,0,0,0,0,0,0,0,0,0,0,0,0,0,0
16627,-0.18,-461,3159,0,0,0.00,0,90,0,89.43,91.13,0,0,0,0,0,0,0,0,0,0,0,0,0,0,0,0,0,0,0,0
16663,-0.15,-435,3171,0,0,0.00,0,90,0,89.43,91.13,0,0,0,0,0,0,0,0,0,0,0,0,0,0,0,0,0,0,0,0
16699,-0.20,-408,3179,0,0,0.00,0,90,0,89.43,91.13,0,0,0,0,0,0,0,0,0,0,0,0,0,0,0,0,0,0,0,0
16735,-0.26,-385,3151,0,0,0.00,0,90,0,89.43,91.13,0,0,0,0,0,0,0,0,0,0,0,0,0,0,0,0,0,0,0,0
16771,-0.19,-371,3143,0,0,0.00,0,90,0,89.43,91.13,0,0,0,0,0,0,0,0,0,0,0,0,0,0,0,0,0,0,0,0
16807,-0.13,-365,3115,0,0,0.00,0,90,0,89.43,91.13,0,0,0,0,0,0,0,0,0,0,0,0,0,0,0,0,0,0,0,0
16843,-0.21,-364,3116,0,0,0.00,0,90,0,89.43,91.13,0,0,0,0,0,0,0,0,0,0,0,0,0,0,0,0,0,0,0,0
16879,-0.32,-363,3120,0,0,0.00,0,90,0,89.43,91.13,0,0,0,0,0,0,0,0,0,0,0,0,0,0,0,0,0,0,0,0
16915,-0.16,-356,3125,0,0,0.00,0,90,0,89.43,91.13,0,0,0,0,0,0,0,0,0,0,0,0,0,0,0,0,0,0,0,0
16951,-0.27,-344,3121,0,0,0.00,0,90,0,89.43,91.13,0,0,0,0,0,0,0,0,0,0,0,0,0,0,0,0,0,0,0,0
16987,-0.20,-329,3121,0,0,0.00,0,90,0,89.43,91.13,0,0,0,0,0,0,0,0,0,0,0,0,0,0,0,0,0,0,0,0
17023,-0.25,-313,3115,0,0,0.00,0,90,0,89.43,91.13,0,0,0,0,0,0,0,0,0,0,0,0,0,0,0,0,0,0,0,0
17059,-0.20,-297,3118,0,0,0.00,0,90,0,89.43,91.13,0,0,0,0,0,0,0,0,0,0,0,0,0,0,0,0,0,0,0,0
17095,-0.18,-280,3133,0,0,0.00,0,90,0,89.43,91.13,0,0,0,0,0,0,0,0,0,0,0,0,0,0,0,0,0,0,0,0
17131,-0.24,-260,3170,0,0,0.00,0,90,0,89.43,91.13,0,0,0,0,0,0,0,0,0,0,0,0,0,0,0,0,0,0,0,0
17167,-0.20,-232,3180,0,0,0.00,0,90,0,89.43,91.13,0,0,0,0,0,0,0,0,0,0,0,0,0,0,0,0,0,0,0,0
17203,-0.15,-204,3180,0,0,0.00,0,90,0,89.43,91.13,0,0,0,0,0,0,0,0,0,0,0,0,0,0,0,0,0,0,0,0
17239,-0.26,-180,3151,0,0,0.00,0,90,0,89.43,91.13,0,0,0,0,0,0,0,0,0,0,0,0,0,0,0,0,0,0,0,0
17275,-0.24,-168,3134,0,0,0.00,0,90,0,89.43,91.13,0,0,0,0,0,0,0,0,0,0,0,0,0,0,0,0,0,0,0,0
17311,-0.29,-165,3136,0,0,0.00,0,90,0,89.43,91.13,0,0,0,0,0,0,0,0,0,0,0,0,0,0,0,0,0,0,0,0
17347,-0.24,-163,3143,0,0,0.00,0,90,0,89.43,91.13,0,0,0,0,0,0,0,0,0,0,0,0,0,0,0,0,0,0,0,0
17383,-0.18,-159,3137,0,0,0.00,0,90,0,89.43,91.13,0,0,0,0,0,0,0,0,0,0,0,0,0,0,0,0,0,0,0,0
17419,-0.15,-152,3129,0,0,0.00,0,90,0,89.43,91.13,0,0,0,0,0,0,0,0,0,0,0,0,0,0,0,0,0,0,0,0
17455,-0.14,-147,3109,0,0,0.00,0,90,0,89.43,91.13,0,0,0,0,0,0,0,0,0,0,0,0,0,0,0,0,0,0,0,0
17491,-0.25,-144,3089,0,0,0.00,0,90,0,89.43,91.13,0,0,0,0,0,0,0,0,0,0,0,0,0,0,0,0,0,0,0,0
17527,-0.15,-144,3086,0,0,0.00,0,90,0,89.43,91.13,0,0,0,0,0,0,0,0,0,0,0,0,0,0,0,0,0,0,0,0
17563,-0.38,-145,3071,0,0,0.00,0,90,0,89.43,91.13,0,0,0,0,0,0,0,0,0,0,0,0,0,0,0,0,0,0,0,0
17599,-0.24,-143,3085,0,0,0.00,0,90,0,89.43,91.13,0,0,0,0,0,0,0,0,0,0,0,0,0,0,0,0,0,0,0,0
17635,-0.21,-135,3102,0,0,0.00,0,90,0,89.43,91.13,0,0,0,0,0,0,0,0,0,0,0,0,0,0,0,0,0,0,0,0
17671,-0.23,-119,3115,0,0,0.00,0,90,0,89.43,91.13,0,0,0,0,0,0,0,0,0,0,0,0,0,0,0,0,0,0,0,0
17707,-0.11,-100,3109,0,0,0.00,0,90,0,89.43,91.13,0,0,0,0,0,0,0,0,0,0,0,0,0,0,0,0,0,0,0,0
17743,-0.22,-83,3093,0,0,0.00,0,90,0,89.43,91.13,0,0,0,0,0,0,0,0,0,0,0,0,0,0,0,0,0,0,0,0
17779,-0.19,-72,3088,0,0,0.00,0,90,0,89.43,91.13,0,0,0,0,0,0,0,0,0,0,0,0,0,0,0,0,0,0,0,0
17815,-0.20,-64,3107,0,0,0.00,0,90,0,89.43,91.13,0,0,0,0,0,0,0,0,0,0,0,0,0,0,0,0,0,0,0,0
17851,-0.18,-54,3136,0,0,0.00,0,90,0,89.43,91.13,0,0,0,0,0,0,0,0,0,0,0,0,0,0,0,0,0,0,0,0
17887,-0.19,-39,3120,0,0,0.00,0,90,0,89.43,91.13,0,0,0,0,0,0,0,0,0,0,0,0,0,0,0,0,0,0,0,0
17923,-0.19,-26,3115,0,0,0.00,0,90,0,89.43,91.13,0,0,0,0,0,0,0,0,0,0,0,0,0,0,0,0,0,0,0,0
17959,-0.21,-19,3098,0,0,0.00,0,90,0,89.43,91.13,0,0,0,0,0,0,0,0,0,0,0,0,0,0,0,0,0,0,0,0
17995,-0.25,-17,3095,0,0,0.00,0,90,0,89.43,91.13,0,0,0,0,0,0,0,0,0,0,0,0,0,0,0,0,0,0,0,0
18031,-0.22,-18,3104,0,0,0.00,0,90,0,89.43,91.13,0,0,0,0,0,0,0,0,0,0,0,0,0,0,0,0,0,0,0,0
18067,-0.20,-15,3127,0,0,0.00,0,90,0,89.43,91.13,0,0,0,0,0,0,0,0,0,0,0,0,0,0,0,0,0,0,0,0
18103,-0.25,-7,3120,0,0,0.00,0,90,0,89.43,91.13,0,0,0,0,0,0,0,0,0,0,0,0,0,0,0,0,0,0,0,0
18139,-0.17,0,3113,0,0,0.00,0,90,0,89.43,91.13,0,0,0,0,0,0,0,0,0,0,0,0,0,0,0,0,0,0,0,0
18175,-0.15,5,3088,0,0,0.00,0,90,0,89.43,91.13,0,0,0,0,0,0,0,0,0,0,0,0,0,0,0,0,0,0,0,0
18211,-0.16,3,3088,0,0,0.00,0,90,0,89.43,91.13,0,0,0,0,0,0,0,0,0,0,0,0,0,0,0,0,0,0,0,0
18247,-0.18,0,3082,0,0,0.00,0,90,0,89.43,91.13,0,0,0,0,0,0,0,0,0,0,0,0,0,0,0,0,0,0,0,0
18283,-0.24,-4,3071,0,0,0.00,0,90,0,89.43,91.13,0,0,0,0,0,0,0,0,0,0,0,0,0,0,0,0,0,0,0,0
18319,-0.17,-7,3082,0,0,0.00,0,90,0,89.43,91.13,0,0,0,0,0,0,0,0,0,0,0,0,0,0,0,0,0,0,0,0
18355,-0.19,-7,3082,0,0,0.00,0,90,0,89.43,91.13,0,0,0,0,0,0,0,0,0,0,0,0,0,0,0,0,0,0,0,0
18391,-0.18,-4,3088,0,0,0.00,0,90,0,89.43,91.13,0,0,0,0,0,0,0,0,0,0,0,0,0,0,0,0,0,0,0,0
18427,-0.17,2,3097,0,0,0.00,0,90,0,89.43,91.13,0,0,0,0,0,0,0,0,0,0,0,0,0,0,0,0,0,0,0,0
18463,-0.32,10,3094,0,0,0.00,0,90,0,89.43,91.13,0,0,0,0,0,0,0,0,0,0,0,0,0,0,0,0,0,0,0,0
18499,-0.19,17,3105,0,0,0.00,0,90,0,89.43,91.13,0,0,0,0,0,0,0,0,0,0,0,0,0,0,0,0,0,0,0,0
18535,-0.25,24,3093,0,0,0.00,0,90,0,89.43,91.13,0,0,0,0,0,0,0,0,0,0,0,0,0,0,0,0,0,0,0,0
18571,-0.16,27,3087,0,0,0.00,0,90,0,89.43,91.13,0,0,0,0,0,0,0,0,0,0,0,0,0,0,0,0,0,0,0,0
18607,-0.23,27,3085,0,0,0.00,0,90,0,89.43,91.13,0,0,0,0,0,0,0,0,0,0,0,0,0,0,0,0,0,0,0,0
18643,-0.24,24,3071,0,0,0.00,0,90,0,89.43,91.13,0,0,0,0,0,0,0,0,0,0,0,0,0,0,0,0,0,0,0,0
18679,-0.21,20,3087,0,0,0.00,0,90,0,89.43,91.13,0,0,0,0,0,0,0,0,0,0,0,0,0,0,0,0,0,0,0,0
18715,-0.26,19,3089,0,0,0.00,0,90,0,89.43,91.13,0,0,0,0,0,0,0,0,0,0,0,0,0,0,0,0,0,0,0,0
18751,-0.23,21,3088,0,0,0.00,0,90,0,89.43,91.13,0,0,0,0,0,0,0,0,0,0,0,0,0,0,0,0,0,0,0,0
18787,-0.11,22,3067,0,0,0.00,0,90,0,89.43,91.13,0,0,0,0,0,0,0,0,0,0,0,0,0,0,0,0,0,0,0,0
18823,-0.17,18,3039,0,0,0.00,0,90,0,89.43,91.13,0,0,0,0,0,0,0,0,0,0,0,0,0,0,0,0,0,0,0,0
18859,-0.09,11,3056,0,0,0.00,0,90,0,89.43,91.13,0,0,0,0,0,0,0,0,0,0,0,0,0,0,0,0,0,0,0,0
18895,-0.17,5,3069,0,0,0.00,0,90,0,89.43,91.13,0,0,0,0,0,0,0,0,0,0,0,0,0,0,0,0,0,0,0,0
18931,-0.16,7,3082,0,0,0.00,0,90,0,89.43,91.13,0,0,0,0,0,0,0,0,0,0,0,0,0,0,0,0,0,0,0,0
18967,-0.23,15,3107,0,0,0.00,0,90,0,89.43,91.13,0,0,0,0,0,0,0,0,0,0,0,0,0,0,0,0,0,0,0,0
19003,-0.27,27,3095,0,0,0.00,0,90,0,89.43,91.13,0,0,0,0,0,0,0,0,0,0,0,0,0,0,0,0,0,0,0,0
19039,-0.22,37,3100,0,0,0.00,0,90,0,89.43,91.13,0,0,0,0,0,0,0,0,0,0,0,0,0,0,0,0,0,0,0,0
19075,-0.24,43,3099,0,0,0.00,0,90,0,89.43,91.13,0,0,0,0,0,0,0,0,0,0,0,0,0,0,0,0,0,0,0,0
19111,-0.17,46,3101,0,0,0.00,0,90,0,89.43,91.13,0,0,0,0,0,0,0,0,0,0,0,0,0,0,0,0,0,0,0,0
19147,-0.13,47,3111,0,0,0.00,0,90,0,89.43,91.13,0,0,0,0,0,0,0,0,0,0,0,0,0,0,0,0,0,0,0,0
19183,-0.17,49,3125,0,0,0.00,0,90,0,89.43,91.13,0,0,0,0,0,0,0,0,0,0,0,0,0,0,0,0,0,0,0,0
19219,-0.23,52,3124,0,0,0.00,0,90,0,89.43,91.13,0,0,0,0,0,0,0,0,0,0,0,0,0,0,0,0,0,0,0,0
19255,-0.18,54,3120,0,0,0.00,0,90,0,89.43,91.13,0,0,0,0,0,0,0,0,0,0,0,0,0,0,0,0,0,0,0,0
19291,-0.14,54,3125,0,0,0.00,0,90,0,89.43,91.13,0,0,0,0,0,0,0,0,0,0,0,0,0,0,0,0,0,0,0,0
19327,-0.17,56,3163,0,0,0.00,0,90,0,89.43,91.13,0,0,0,0,0,0,0,0,0,0,0,0,0,0,0,0,0,0,0,0
19363,-0.13,64,3201,0,0,0.00,0,90,0,89.43,91.13,0,0,0,0,0,0,0,0,0,0,0,0,0,0,0,0,0,0,0,0
19399,-0.20,79,3218,0,0,0.00,0,90,0,89.43,91.13,0,0,0,0,0,0,0,0,0,0,0,0,0,0,0,0,0,0,0,0
19435,-0.12,93,3187,0,0,0.00,0,90,0,89.43,91.13,0,0,0,0,0,0,0,0,0,0,0,0,0,0,0,0,0,0,0,0
19471,-0.12,98,3195,0,0,0.00,0,90,0,89.43,91.13,0,0,0,0,0,0,0,0,0,0,0,0,0,0,0,0,0,0,0,0
19507,-0.10,95,3200,0,0,0.00,0,90,0,89.43,91.13,0,0,0,0,0,0,0,0,0,0,0,0,0,0,0,0,0,0,0,0
19543,-0.18,84,3136,0,0,0.00,0,90,0,89.43,91.13,0,0,0,0,0,0,0,0,0,0,0,0,0,0,0,0,0,0,0,0
19579,-0.12,63,3126,0,0,0.00,0,90,0,89.43,91.13,0,0,0,0,0,0,0,0,0,0,0,0,0,0,0,0,0,0,0,0
19615,-0.20,38,3145,0,0,0.00,0,90,0,89.43,91.13,0,0,0,0,0,0,0,0,0,0,0,0,0,0,0,0,0,0,0,0
19651,-0.18,22,3179,0,0,0.00,0,90,0,89.43,91.13,0,0,0,0,0,0,0,0,0,0,0,0,0,0,0,0,0,0,0,0
19687,-0.24,19,3184,0,0,0.00,0,90,0,89.43,91.13,0,0,0,0,0,0,0,0,0,0,0,0,0,0,0,0,0,0,0,0
19723,-0.19,24,3191,0,0,0.00,0,90,0,89.43,91.13,0,0,0,0,0,0,0,0,0,0,0,0,0,0,0,0,0,0,0,0
19759,-0.23,32,3202,0,0,0.00,0,90,0,89.43,91.13,0,0,0,0,0,0,0,0,0,0,0,0,0,0,0,0,0,0,0,0
19795,-0.23,40,3216,0,0,0.00,0,90,0,89.43,91.13,0,0,0,0,0,0,0,0,0,0,0,0,0,0,0,0,0,0,0,0
19831,-0.28,44,3184,0,0,0.00,0,90,0,89.43,91.13,0,0,0,0,0,0,0,0,0,0,0,0,0,0,0,0,0,0,0,0
19867,-0.15,41,3179,0,0,0.00,0,90,0,89.43,91.13,0,0,0,0,0,0,0,0,0,0,0,0,0,0,0,0,0,0,0,0
19903,-0.25,30,3159,0,0,0.00,0,90,0,89.43,91.13,0,0,0,0,0,0,0,0,0,0,0,0,0,0,0,0,0,0,0,0
19939,-0.24,16,3169,0,0,0.00,0,90,0,89.43,91.13,0,0,0,0,0,0,0,0,0,0,0,0,0,0,0,0,0,0,0,0
19975,-0.26,4,3162,0,0,0.00,0,90,0,89.43,91.13,0,0,0,0,0,0,0,0,0,0,0,0,0,0,0,0,0,0,0,0
20011,-0.19,-5,3151,0,0,0.00,0,90,0,89.43,91.13,0,0,0,0,0,0,0,0,0,0,0,0,0,0,0,0,0,0,0,0
20047,-0.08,-14,3139,0,0,0.00,0,90,0,89.43,91.13,0,0,0,0,0,0,0,0,0,0,0,0,0,0,0,0,0,0,0,0
20083,-0.24,-24,3125,0,0,0.00,0,90,0,89.43,91.13,0,0,0,0,0,0,0,0,0,0,0,0,0,0,0,0,0,0,0,0
20119,-0.31,-35,3099,0,0,0.00,0,90,0,89.43,91.13,0,0,0,0,0,0,0,0,0,0,0,0,0,0,0,0,0,0,0,0
20155,-0.15,-48,3088,0,0,0.00,0,90,0,89.43,91.13,0,0,0,0,0,0,0,0,0,0,0,0,0,0,0,0,0,0,0,0
20191,-0.10,-62,3071,0,0,0.00,0,90,0,89.43,91.13,0,0,0,0,0,0,0,0,0,0,0,0,0,0,0,0,0,0,0,0
20227,-0.09,-72,3089,0,0,0.00,0,90,0,89.43,91.13,0,0,0,0,0,0,0,0,0,0,0,0,0,0,0,0,0,0,0,0
20263,-0.14,-75,3086,0,0,0.00,0,90,0,89.43,91.13,0,0,0,0,0,0,0,0,0,0,0,0,0,0,0,0,0,0,0,0
20299,-0.16,-73,3091,0,0,0.00,0,90,0,89.43,91.13,0,0,0,0,0,0,0,0,0,0,0,0,0,0,0,0,0,0,0,0
20335,-0.21,-66,3092,0,0,0.00,0,90,0,89.43,91.13,0,0,0,0,0,0,0,0,0,0,0,0,0,0,0,0,0,0,0,0
20371,-0.14,-59,3089,0,0,0.00,0,90,0,89.43,91.13,0,0,0,0,0,0,0,0,0,0,0,0,0,0,0,0,0,0,0,0
20407,-0.18,-53,3071,0,0,0.00,0,90,0,89.43,91.13,0,0,0,0,0,0,0,0,0,0,0,0,0,0,0,0,0,0,0,0
20443,-0.12,-50,3087,0,0,0.00,0,90,0,89.43,91.13,0,0,0,0,0,0,0,0,0,0,0,0,0,0,0,0,0,0,0,0
20479,-0.20,-47,3087,0,0,0.00,0,90,0,89.43,91.13,0,0,0,0,0,0,0,0,0,0,0,0,0,0,0,0,0,0,0,0
20515,-0.22,-42,3095,0,0,0.00,0,90,0,89.43,91.13,0,0,0,0,0,0,0,0,0,0,0,0,0,0,0,0,0,0,0,0
20551,-0.14,-37,3071,0,0,0.00,0,90,0,89.43,91.13,0,0,0,0,0,0,0,0,0,0,0,0,0,0,0,0,0,0,0,0
20587,-0.13,-35,3071,0,0,0.00,0,90,0,89.43,91.13,0,0,0,0,0,0,0,0,0,0,0,0,0,0,0,0,0,0,0,0
20623,-0.24,-36,3070,0,0,0.00,0,90,0,89.43,91.13,0,0,0,0,0,0,0,0,0,0,0,0,0,0,0,0,0,0,0,0
20659,-0.18,-34,3097,0,0,0.00,0,90,0,89.43,91.13,0,0,0,0,0,0,0,0,0,0,0,0,0,0,0,0,0,0,0,0
20695,-0.16,-26,3131,0,0,0.00,0,90,0,89.43,91.13,0,0,0,0,0,0,0,0,0,0,0,0,0,0,0,0,0,0,0,0
20731,-0.16,-8,3167,0,0,0.00,0,90,0,89.43,91.13,0,0,0,0,0,0,0,0,0,0,0,0,0,0,0,0,0,0,0,0
20767,-0.13,13,3140,0,0,0.00,0,90,0,89.43,91.13,0,0,0,0,0,0,0,0,0,0,0,0,0,0,0,0,0,0,0,0
20803,-0.15,25,3087,0,0,0.00,0,90,0,89.43,91.13,0,0,0,0,0,0,0,0,0,0,0,0,0,0,0,0,0,0,0,0
20839,-0.13,17,3029,0,0,0.00,0,90,0,89.43,91.13,0,0,0,0,0,0,0,0,0,0,0,0,0,0,0,0,0,0,0,0
20875,-0.24,-5,3041,0,0,0.00,0,90,0,89.43,91.13,0,0,0,0,0,0,0,0,0,0,0,0,0,0,0,0,0,0,0,0
20911,-0.18,-27,3070,0,0,0.00,0,90,0,89.43,91.13,0,0,0,0,0,0,0,0,0,0,0,0,0,0,0,0,0,0,0,0
20947,-0.30,-35,3098,0,0,0.00,0,90,0,89.43,91.13,0,0,0,0,0,0,0,0,0,0,0,0,0,0,0,0,0,0,0,0
20983,-0.26,-29,3092,0,0,0.00,0,90,0,89.43,91.13,0,0,0,0,0,0,0,0,0,0,0,0,0,0,0,0,0,0,0,0
21019,-0.27,-17,3095,0,0,0.00,0,90,0,89.43,91.13,0,0,0,0,0,0,0,0,0,0,0,0,0,0,0,0,0,0,0,0
21055,-0.27,-6,3087,0,0,0.00,0,90,0,89.43,91.13,0,0,0,0,0,0,0,0,0,0,0,0,0,0,0,0,0,0,0,0
21091,-0.31,0,3088,0,0,0.00,0,90,0,89.43,91.13,0,0,0,0,0,0,0,0,0,0,0,0,0,0,0,0,0,0,0,0
21127,-0.33,3,3083,0,0,0.00,0,90,0,89.43,91.13,0,0,0,0,0,0,0,0,0,0,0,0,0,0,0,0,0,0,0,0
21163,-0.23,4,3102,0,0,0.00,0,90,0,89.43,91.13,0,0,0,0,0,0,0,0,0,0,0,0,0,0,0,0,0,0,0,0
21199,-0.27,7,3104,0,0,0.00,0,90,0,89.43,91.13,0,0,0,0,0,0,0,0,0,0,0,0,0,0,0,0,0,0,0,0
21235,-0.18,13,3122,0,0,0.00,0,90,0,89.43,91.13,0,0,0,0,0,0,0,0,0,0,0,0,0,0,0,0,0,0,0,0
21271,-0.20,18,3100,0,0,0.00,0,90,0,89.43,91.13,0,0,0,0,0,0,0,0,0,0,0,0,0,0,0,0,0,0,0,0
21307,-0.26,21,3097,0,0,0.00,0,90,0,89.43,91.13,0,0,0,0,0,0,0,0,0,0,0,0,0,0,0,0,0,0,0,0
21343,-0.15,18,3091,0,0,0.00,0,90,0,89.43,91.13,0,0,0,0,0,0,0,0,0,0,0,0,0,0,0,0,0,0,0,0
21379,-0.22,14,3093,0,0,0.00,0,90,0,89.43,91.13,0,0,0,0,0,0,0,0,0,0,0,0,0,0,0,0,0,0,0,0
21415,-0.24,10,3092,0,0,0.00,0,90,0,89.43,91.13,0,0,0,0,0,0,0,0,0,0,0,0,0,0,0,0,0,0,0,0
21451,-0.24,5,3050,0,0,0.00,0,90,0,89.43,91.13,0,0,0,0,0,0,0,0,0,0,0,0,0,0,0,0,0,0,0,0
21487,-0.22,-7,3011,0,0,0.00,0,90,0,89.43,91.13,0,0,0,0,0,0,0,0,0,0,0,0,0,0,0,0,0,0,0,0
21523,-0.20,-25,3008,0,0,0.00,0,90,0,89.43,91.13,0,0,0,0,0,0,0,0,0,0,0,0,0,0,0,0,0,0,0,0
21559,-0.22,-41,3039,0,0,0.00,0,90,0,89.43,91.13,0,0,0,0,0,0,0,0,0,0,0,0,0,0,0,0,0,0,0,0
21595,-0.17,-43,3071,0,0,0.00,0,90,0,89.43,91.13,0,0,0,0,0,0,0,0,0,0,0,0,0,0,0,0,0,0,0,0
21631,-0.20,-33,3069,0,0,0.00,0,90,0,89.43,91.13,0,0,0,0,0,0,0,0,0,0,0,0,0,0,0,0,0,0,0,0
21667,-0.12,-17,3071,0,0,0.00,0,90,0,89.43,91.13,0,0,0,0,0,0,0,0,0,0,0,0,0,0,0,0,0,0,0,0
21703,-0.20,-4,3071,0,0,0.00,0,90,0,89.43,91.13,0,0,0,0,0,0,0,0,0,0,0,0,0,0,0,0,0,0,0,0
21739,-0.19,6,3087,0,0,0.00,0,90,0,89.43,91.13,0,0,0,0,0,0,0,0,0,0,0,0,0,0,0,0,0,0,0,0
21775,-0.15,15,3091,0,0,0.00,0,90,0,89.43,91.13,0,0,0,0,0,0,0,0,0,0,0,0,0,0,0,0,0,0,0,0
21811,-0.20,24,3117,0,0,0.00,0,90,0,89.43,91.13,0,0,0,0,0,0,0,0,0,0,0,0,0,0,0,0,0,0,0,0
21847,-0.20,33,3114,0,0,0.00,0,90,0,89.43,91.13,0,0,0,0,0,0,0,0,0,0,0,0,0,0,0,0,0,0,0,0
21883,-0.22,41,3115,0,0,0.00,0,90,0,89.43,91.13,0,0,0,0,0,0,0,0,0,0,0,0,0,0,0,0,0,0,0,0
21919,-0.20,45,3125,0,0,0.00,0,90,0,89.43,91.13,0,0,0,0,0,0,0,0,0,0,0,0,0,0,0,0,0,0,0,0
21955,-0.16,49,3137,0,0,0.00,0,90,0,89.43,91.13,0,0,0,0,0,0,0,0,0,0,0,0,0,0,0,0,0,0,0,0
21991,-0.24,50,3114,0,0,0.00,0,90,0,89.43,91.13,0,0,0,0,0,0,0,0,0,0,0,0,0,0,0,0,0,0,0,0
22027,-0.23,46,3091,0,0,0.00,0,90,0,89.43,91.13,0,0,0,0,0,0,0,0,0,0,0,0,0,0,0,0,0,0,0,0
22063,-0.28,34,3071,0,0,0.00,0,90,0,89.43,91.13,0,0,0,0,0,0,0,0,0,0,0,0,0,0,0,0,0,0,0,0
22099,-0.19,19,3088,0,0,0.00,0,90,0,89.43,91.13,0,0,0,0,0,0,0,0,0,0,0,0,0,0,0,0,0,0,0,0
22135,-0.27,8,3103,0,0,0.00,0,90,0,89.43,91.13,0,0,0,0,0,0,0,0,0,0,0,0,0,0,0,0,0,0,0,0
22171,-0.15,6,3101,0,0,0.00,0,90,0,89.43,91.13,0,0,0,0,0,0,0,0,0,0,0,0,0,0,0,0,0,0,0,0
22207,-0.26,7,3099,0,0,0.00,0,90,0,89.43,91.13,0,0,0,0,0,0,0,0,0,0,0,0,0,0,0,0,0,0,0,0
22243,-0.26,11,3121,0,0,0.00,0,90,0,89.43,91.13,0,0,0,0,0,0,0,0,0,0,0,0,0,0,0,0,0,0,0,0
22279,-0.25,16,3117,0,0,0.00,0,90,0,89.43,91.13,0,0,0,0,0,0,0,0,0,0,0,0,0,0,0,0,0,0,0,0
22315,-0.25,20,3104,0,0,0.00,0,90,0,89.43,91.13,0,0,0,0,0,0,0,0,0,0,0,0,0,0,0,0,0,0,0,0
22351,-0.27,19,3088,0,0,0.00,0,90,0,89.43,91.13,0,0,0,0,0,0,0,0,0,0,0,0,0,0,0,0,0,0,0,0
22387,-0.16,13,3091,0,0,0.00,0,90,0,89.43,91.13,0,0,0,0,0,0,0,0,0,0,0,0,0,0,0,0,0,0,0,0
22423,-0.16,7,3103,0,0,0.00,0,90,0,89.43,91.13,0,0,0,0,0,0,0,0,0,0,0,0,0,0,0,0,0,0,0,0
22459,-0.20,5,3120,0,0,0.00,0,90,0,89.43,91.13,0,0,0,0,0,0,0,0,0,0,0,0,0,0,0,0,0,0,0,0
22495,-0.17,7,3098,0,0,0.00,0,90,0,89.43,91.13,0,0,0,0,0,0,0,0,0,0,0,0,0,0,0,0,0,0,0,0
22531,-0.23,8,3106,0,0,0.00,0,90,0,89.43,91.13,0,0,0,0,0,0,0,0,0,0,0,0,0,0,0,0,0,0,0,0
22567,0.03,8,3118,0,0,0.00,0,90,0,89.43,91.13,0,0,0,0,0,0,0,0,0,0,0,0,0,0,0,0,0,0,0,0
22603,0.13,11,3129,0,0,0.00,0,90,0,89.43,91.13,0,0,0,0,0,0,0,0,0,0,0,0,0,0,0,0,0,0,0,0
22639,-0.06,16,3135,0,0,0.00,0,90,0,89.43,91.13,0,0,0,0,0,0,0,0,0,0,0,0,0,0,0,0,0,0,0,0
22675,-0.01,20,3117,0,0,0.00,0,90,0,89.43,91.13,0,0,0,0,0,0,0,0,0,0,0,0,0,0,0,0,0,0,0,0
22711,-0.15,19,3098,0,0,0.00,0,90,0,89.43,91.13,0,0,0,0,0,0,0,0,0,0,0,0,0,0,0,0,0,0,0,0
22747,-0.06,12,3115,0,0,0.00,0,90,0,89.43,91.13,0,0,0,0,0,0,0,0,0,0,0,0,0,0,0,0,0,0,0,0
22783,-0.09,6,3105,0,0,0.00,0,90,0,89.43,91.13,0,0,0,0,0,0,0,0,0,0,0,0,0,0,0,0,0,0,0,0
22819,-0.11,2,3110,0,0,0.00,0,90,0,89.43,91.13,0,0,0,0,0,0,0,0,0,0,0,0,0,0,0,0,0,0,0,0
22855,-0.01,0,3120,0,0,0.00,0,90,0,89.43,91.13,0,0,0,0,0,0,0,0,0,0,0,0,0,0,0,0,0,0,0,0
22891,-0.11,1,3134,0,0,0.00,0,90,0,89.43,91.13,0,0,0,0,0,0,0,0,0,0,0,0,0,0,0,0,0,0,0,0
22927,-0.10,5,3120,0,0,0.00,0,90,0,89.43,91.13,0,0,0,0,0,0,0,0,0,0,0,0,0,0,0,0,0,0,0,0
22963,-0.29,6,3107,0,0,0.00,0,90,0,89.43,91.13,0,0,0,0,0,0,0,0,0,0,0,0,0,0,0,0,0,0,0,0
22999,-0.26,4,3105,0,0,0.00,0,90,0,89.43,91.13,0,0,0,0,0,0,0,0,0,0,0,0,0,0,0,0,0,0,0,0
23035,-0.92,0,3108,0,0,0.00,0,90,0,89.43,91.13,0,0,0,0,0,0,0,0,0,0,0,0,0,0,0,0,0,0,0,0
23071,-0.64,-5,3107,0,0,0.00,0,90,0,89.43,91.13,0,0,0,0,0,0,0,0,0,0,0,0,0,0,0,0,0,0,0,0
23107,-0.34,-7,3117,0,0,0.00,0,90,0,89.43,91.13,0,0,0,0,0,0,0,0,0,0,0,0,0,0,0,0,0,0,0,0
23143,-0.15,-5,3132,0,0,0.00,0,90,0,89.43,91.13,0,0,0,0,0,0,0,0,0,0,0,0,0,0,0,0,0,0,0,0
23179,-0.13,0,3139,0,0,0.00,0,90,0,89.43,91.13,0,0,0,0,0,0,0,0,0,0,0,0,0,0,0,0,0,0,0,0
23215,-0.28,6,3136,0,0,0.00,0,90,0,89.43,91.13,0,0,0,0,0,0,0,0,0,0,0,0,0,0,0,0,0,0,0,0
23251,-0.34,11,3136,0,0,0.00,0,90,0,89.43,91.13,0,0,0,0,0,0,0,0,0,0,0,0,0,0,0,0,0,0,0,0
23287,-0.47,14,3143,0,0,0.00,0,90,0,89.43,91.13,0,0,0,0,0,0,0,0,0,0,0,0,0,0,0,0,0,0,0,0
23323,0.20,19,3205,0,0,0.00,0,90,0,89.43,91.13,0,0,0,0,0,0,0,0,0,0,0,0,0,0,0,0,0,0,0,0
23359,-0.06,31,3201,0,0,0.00,0,90,0,89.43,91.13,0,0,0,0,0,0,0,0,0,0,0,0,0,0,0,0,0,0,0,0
23395,0.12,43,3175,0,0,0.00,0,90,0,89.43,91.13,0,0,0,0,0,0,0,0,0,0,0,0,0,0,0,0,0,0,0,0
23431,-0.07,43,3126,0,0,0.00,0,90,0,89.43,91.13,0,0,0,0,0,0,0,0,0,0,0,0,0,0,0,0,0,0,0,0
23467,-0.22,27,3094,0,0,0.00,0,90,0,89.43,91.13,0,0,0,0,0,0,0,0,0,0,0,0,0,0,0,0,0,0,0,0
23503,-0.32,2,3103,0,0,0.00,0,90,0,89.43,91.13,0,0,0,0,0,0,0,0,0,0,0,0,0,0,0,0,0,0,0,0
23539,-0.44,-19,3107,0,0,0.00,0,90,0,89.43,91.13,0,0,0,0,0,0,0,0,0,0,0,0,0,0,0,0,0,0,0,0
23575,-0.41,-31,3120,0,0,0.00,0,90,0,89.43,91.13,0,0,0,0,0,0,0,0,0,0,0,0,0,0,0,0,0,0,0,0
23611,-0.39,-34,3123,0,0,0.00,0,90,0,89.43,91.13,0,0,0,0,0,0,0,0,0,0,0,0,0,0,0,0,0,0,0,0
23647,-0.28,-30,3117,0,0,0.00,0,90,0,89.43,91.13,0,0,0,0,0,0,0,0,0,0,0,0,0,0,0,0,0,0,0,0
23683,-0.21,-25,3129,0,0,0.00,0,90,0,89.43,91.13,0,0,0,0,0,0,0,0,0,0,0,0,0,0,0,0,0,0,0,0
23719,-0.16,-17,3154,0,0,0.00,0,90,0,89.43,91.13,0,0,0,0,0,0,0,0,0,0,0,0,0,0,0,0,0,0,0,0
23755,-0.21,-6,3174,0,0,0.00,0,90,0,89.43,91.13,0,0,0,0,0,0,0,0,0,0,0,0,0,0,0,0,0,0,0,0
23791,-0.38,6,3165,0,0,0.00,0,90,0,89.43,91.13,0,0,0,0,0,0,0,0,0,0,0,0,0,0,0,0,0,0,0,0
23827,-0.26,14,3135,0,0,0.00,0,90,0,89.43,91.13,0,0,0,0,0,0,0,0,0,0,0,0,0,0,0,0,0,0,0,0
23863,-0.32,10,3092,0,0,0.00,0,90,0,89.43,91.13,0,0,0,0,0,0,0,0,0,0,0,0,0,0,0,0,0,0,0,0
23899,-0.29,-7,3070,0,0,0.00,0,90,0,89.43,91.13,0,0,0,0,0,0,0,0,0,0,0,0,0,0,0,0,0,0,0,0
23935,-0.26,-31,3038,0,0,0.00,0,90,0,89.43,91.13,0,0,0,0,0,0,0,0,0,0,0,0,0,0,0,0,0,0,0,0
23971,-0.26,-55,3059,0,0,0.00,0,90,0,89.43,91.13,0,0,0,0,0,0,0,0,0,0,0,0,0,0,0,0,0,0,0,0
24007,-0.34,-69,3071,0,0,0.00,0,90,0,89.43,91.13,0,0,0,0,0,0,0,0,0,0,0,0,0,0,0,0,0,0,0,0
24043,-0.31,-69,3088,0,0,0.00,0,90,0,89.43,91.13,0,0,0,0,0,0,0,0,0,0,0,0,0,0,0,0,0,0,0,0
24079,-0.30,-58,3105,0,0,0.00,0,90,0,89.43,91.13,0,0,0,0,0,0,0,0,0,0,0,0,0,0,0,0,0,0,0,0
24115,-0.24,-40,3131,0,0,0.00,0,90,0,89.43,91.13,0,0,0,0,0,0,0,0,0,0,0,0,0,0,0,0,0,0,0,0
24151,-0.26,-20,3123,0,0,0.00,0,90,0,89.43,91.13,0,0,0,0,0,0,0,0,0,0,0,0,0,0,0,0,0,0,0,0
24187,-0.25,-4,3115,0,0,0.00,0,90,0,89.43,91.13,0,0,0,0,0,0,0,0,0,0,0,0,0,0,0,0,0,0,0,0
24223,-0.20,2,3090,0,0,0.00,0,90,0,89.43,91.13,0,0,0,0,0,0,0,0,0,0,0,0,0,0,0,0,0,0,0,0
24259,-0.22,0,3086,0,0,0.00,0,90,0,89.43,91.13,0,0,0,0,0,0,0,0,0,0,0,0,0,0,0,0,0,0,0,0
24295,-0.18,-7,3095,0,0,0.00,0,90,0,89.43,91.13,0,0,0,0,0,0,0,0,0,0,0,0,0,0,0,0,0,0,0,0
24331,-0.26,-11,3119,0,0,0.00,0,90,0,89.43,91.13,0,0,0,0,0,0,0,0,0,0,0,0,0,0,0,0,0,0,0,0
24367,-0.21,-8,3123,0,0,0.00,0,90,0,89.43,91.13,0,0,0,0,0,0,0,0,0,0,0,0,0,0,0,0,0,0,0,0
24403,-0.15,0,3139,0,0,0.00,0,90,0,89.43,91.13,0,0,0,0,0,0,0,0,0,0,0,0,0,0,0,0,0,0,0,0
24439,-0.25,9,3136,0,0,0.00,0,90,0,89.43,91.13,0,0,0,0,0,0,0,0,0,0,0,0,0,0,0,0,0,0,0,0
24475,-0.26,16,3118,0,0,0.00,0,90,0,89.43,91.13,0,0,0,0,0,0,0,0,0,0,0,0,0,0,0,0,0,0,0,0
24511,-0.18,13,3057,0,0,0.00,0,90,0,89.43,91.13,0,0,0,0,0,0,0,0,0,0,0,0,0,0,0,0,0,0,0,0
24547,-0.28,-2,3045,0,0,0.00,0,90,0,89.43,91.13,0,0,0,0,0,0,0,0,0,0,0,0,0,0,0,0,0,0,0,0
24583,-0.30,-22,3061,0,0,0.00,0,90,0,89.43,91.13,0,0,0,0,0,0,0,0,0,0,0,0,0,0,0,0,0,0,0,0
24619,-0.28,-34,3103,0,0,0.00,0,90,0,89.43,91.13,0,0,0,0,0,0,0,0,0,0,0,0,0,0,0,0,0,0,0,0
24655,-0.27,-31,3104,0,0,0.00,0,90,0,89.43,91.13,0,0,0,0,0,0,0,0,0,0,0,0,0,0,0,0,0,0,0,0
24691,-0.20,-18,3118,0,0,0.00,0,90,0,89.43,91.13,0,0,0,0,0,0,0,0,0,0,0,0,0,0,0,0,0,0,0,0
24727,-0.07,-4,3111,0,0,0.00,0,90,0,89.43,91.13,0,0,0,0,0,0,0,0,0,0,0,0,0,0,0,0,0,0,0,0
24763,-0.02,6,3122,0,0,0.00,0,90,0,89.43,91.13,0,0,0,0,0,0,0,0,0,0,0,0,0,0,0,0,0,0,0,0
24799,-0.15,14,3120,0,0,0.00,0,90,0,89.43,91.13,0,0,0,0,0,0,0,0,0,0,0,0,0,0,0,0,0,0,0,0
24835,-0.24,19,3111,0,0,0.00,0,90,0,89.43,91.13,0,0,0,0,0,0,0,0,0,0,0,0,0,0,0,0,0,0,0,0
24871,-0.23,17,3095,0,0,0.00,0,90,0,89.43,91.13,0,0,0,0,0,0,0,0,0,0,0,0,0,0,0,0,0,0,0,0
24907,-0.12,12,3103,0,0,0.00,0,90,0,89.43,91.13,0,0,0,0,0,0,0,0,0,0,0,0,0,0,0,0,0,0,0,0
24943,-0.14,8,3120,0,0,0.00,0,90,0,89.43,91.13,0,0,0,0,0,0,0,0,0,0,0,0,0,0,0,0,0,0,0,0
24979,-0.23,8,3120,0,0,0.00,0,90,0,89.43,91.13,0,0,0,0,0,0,0,0,0,0,0,0,0,0,0,0,0,0,0,0
25015,-0.22,10,3122,0,0,0.00,0,90,0,89.43,91.13,0,0,0,0,0,0,0,0,0,0,0,0,0,0,0,0,0,0,0,0
25051,-0.30,13,3120,0,0,0.00,0,90,0,89.43,91.13,0,0,0,0,0,0,0,0,0,0,0,0,0,0,0,0,0,0,0,0
25087,-0.28,14,3099,0,0,0.00,0,90,0,89.43,91.13,0,0,0,0,0,0,0,0,0,0,0,0,0,0,0,0,0,0,0,0
25123,-0.16,9,3081,0,0,0.00,0,90,0,89.43,91.13,0,0,0,0,0,0,0,0,0,0,0,0,0,0,0,0,0,0,0,0
25159,-0.22,0,3071,0,0,0.00,0,90,0,89.43,91.13,0,0,0,0,0,0,0,0,0,0,0,0,0,0,0,0,0,0,0,0
25195,-0.24,-10,3095,0,0,0.00,0,90,0,89.43,91.13,0,0,0,0,0,0,0,0,0,0,0,0,0,0,0,0,0,0,0,0
25231,-0.19,-11,3137,0,0,0.00,0,90,0,89.43,91.13,0,0,0,0,0,0,0,0,0,0,0,0,0,0,0,0,0,0,0,0
25267,-0.22,-1,3141,0,0,0.00,0,90,0,89.43,91.13,0,0,0,0,0,0,0,0,0,0,0,0,0,0,0,0,0,0,0,0
25303,-0.30,12,3137,0,0,0.00,0,90,0,89.43,91.13,0,0,0,0,0,0,0,0,0,0,0,0,0,0,0,0,0,0,0,0
25339,-0.18,23,3125,0,0,0.00,0,90,0,89.43,91.13,0,0,0,0,0,0,0,0,0,0,0,0,0,0,0,0,0,0,0,0
25375,-0.29,26,3117,0,0,0.00,0,90,0,89.43,91.13,0,0,0,0,0,0,0,0,0,0,0,0,0,0,0,0,0,0,0,0
25411,-0.42,23,3126,0,0,0.00,0,90,0,89.43,91.13,0,0,0,0,0,0,0,0,0,0,0,0,0,0,0,0,0,0,0,0
25447,-0.32,20,3134,0,0,0.00,0,90,0,89.43,91.13,0,0,0,0,0,0,0,0,0,0,0,0,0,0,0,0,0,0,0,0
25483,-0.19,21,3171,0,0,0.00,0,90,0,89.43,91.13,0,0,0,0,0,0,0,0,0,0,0,0,0,0,0,0,0,0,0,0
25519,-0.12,29,3195,0,0,0.00,0,90,0,89.43,91.13,0,0,0,0,0,0,0,0,0,0,0,0,0,0,0,0,0,0,0,0
25555,-0.10,40,3154,0,0,0.00,0,90,0,89.43,91.13,0,0,0,0,0,0,0,0,0,0,0,0,0,0,0,0,0,0,0,0
25591,-0.10,42,3122,0,0,0.00,0,90,0,89.43,91.13,0,0,0,0,0,0,0,0,0,0,0,0,0,0,0,0,0,0,0,0
25627,-0.14,30,3103,0,0,0.00,0,90,0,89.43,91.13,0,0,0,0,0,0,0,0,0,0,0,0,0,0,0,0,0,0,0,0
25663,-0.28,11,3090,0,0,0.00,0,90,0,89.43,91.13,0,0,0,0,0,0,0,0,0,0,0,0,0,0,0,0,0,0,0,0
25699,-0.16,-7,3097,0,0,0.00,0,90,0,89.43,91.13,0,0,0,0,0,0,0,0,0,0,0,0,0,0,0,0,0,0,0,0
25735,-0.22,-21,3101,0,0,0.00,0,90,0,89.43,91.13,0,0,0,0,0,0,0,0,0,0,0,0,0,0,0,0,0,0,0,0
25771,-0.21,-26,3108,0,0,0.00,0,90,0,89.43,91.13,0,0,0,0,0,0,0,0,0,0,0,0,0,0,0,0,0,0,0,0
25807,-0.22,-25,3111,0,0,0.00,0,90,0,89.43,91.13,0,0,0,0,0,0,0,0,0,0,0,0,0,0,0,0,0,0,0,0
25843,-0.25,-21,3100,0,0,0.00,0,90,0,89.43,91.13,0,0,0,0,0,0,0,0,0,0,0,0,0,0,0,0,0,0,0,0
25879,-0.19,-18,3104,0,0,0.00,0,90,0,89.43,91.13,0,0,0,0,0,0,0,0,0,0,0,0,0,0,0,0,0,0,0,0
25915,-0.10,-14,3120,0,0,0.00,0,90,0,89.43,91.13,0,0,0,0,0,0,0,0,0,0,0,0,0,0,0,0,0,0,0,0
25951,-0.16,-12,3090,0,0,0.00,0,90,0,89.43,91.13,0,0,0,0,0,0,0,0,0,0,0,0,0,0,0,0,0,0,0,0
25987,-0.17,-14,3069,0,0,0.00,0,90,0,89.43,91.13,0,0,0,0,0,0,0,0,0,0,0,0,0,0,0,0,0,0,0,0
26023,-0.20,-21,3067,0,0,0.00,0,90,0,89.43,91.13,0,0,0,0,0,0,0,0,0,0,0,0,0,0,0,0,0,0,0,0
26059,-0.17,-29,3083,0,0,0.00,0,90,0,89.43,91.13,0,0,0,0,0,0,0,0,0,0,0,0,0,0,0,0,0,0,0,0
26095,-0.27,-31,3088,0,0,0.00,0,90,0,89.43,91.13,0,0,0,0,0,0,0,0,0,0,0,0,0,0,0,0,0,0,0,0
26131,-0.17,-27,3105,0,0,0.00,0,90,0,89.43,91.13,0,0,0,0,0,0,0,0,0,0,0,0,0,0,0,0,0,0,0,0
26167,-0.16,-19,3101,0,0,0.00,0,90,0,89.43,91.13,0,0,0,0,0,0,0,0,0,0,0,0,0,0,0,0,0,0,0,0
26203,-0.20,-9,3133,0,0,0.00,0,90,0,89.43,91.13,0,0,0,0,0,0,0,0,0,0,0,0,0,0,0,0,0,0,0,0
26239,-0.32,4,3142,0,0,0.00,0,90,0,89.43,91.13,0,0,0,0,0,0,0,0,0,0,0,0,0,0,0,0,0,0,0,0
26275,-0.23,17,3136,0,0,0.00,0,90,0,89.43,91.13,0,0,0,0,0,0,0,0,0,0,0,0,0,0,0,0,0,0,0,0
26311,-0.28,24,3125,0,0,0.00,0,90,0,89.43,91.13,0,0,0,0,0,0,0,0,0,0,0,0,0,0,0,0,0,0,0,0
26347,-0.22,25,3121,0,0,0.00,0,90,0,89.43,91.13,0,0,0,0,0,0,0,0,0,0,0,0,0,0,0,0,0,0,0,0
26383,-0.25,21,3106,0,0,0.00,0,90,0,89.43,91.13,0,0,0,0,0,0,0,0,0,0,0,0,0,0,0,0,0,0,0,0
26419,-0.16,13,3113,0,0,0.00,0,90,0,89.43,91.13,0,0,0,0,0,0,0,0,0,0,0,0,0,0,0,0,0,0,0,0
26455,-0.23,4,3085,0,0,0.00,0,90,0,89.43,91.13,0,0,0,0,0,0,0,0,0,0,0,0,0,0,0,0,0,0,0,0
26491,-0.13,-7,3053,0,0,0.00,0,90,0,89.43,91.13,0,0,0,0,0,0,0,0,0,0,0,0,0,0,0,0,0,0,0,0
26527,-0.15,-21,3066,0,0,0.00,0,90,0,89.43,91.13,0,0,0,0,0,0,0,0,0,0,0,0,0,0,0,0,0,0,0,0
26563,-0.09,-29,3107,0,0,0.00,0,90,0,89.43,91.13,0,0,0,0,0,0,0,0,0,0,0,0,0,0,0,0,0,0,0,0
26599,-0.28,-25,3118,0,0,0.00,0,90,0,89.43,91.13,0,0,0,0,0,0,0,0,0,0,0,0,0,0,0,0,0,0,0,0
26635,-0.21,-12,3136,0,0,0.00,0,90,0,89.43,91.13,0,0,0,0,0,0,0,0,0,0,0,0,0,0,0,0,0,0,0,0
26671,-0.11,3,3127,0,0,0.00,0,90,0,89.43,91.13,0,0,0,0,0,0,0,0,0,0,0,0,0,0,0,0,0,0,0,0
26707,-0.16,15,3126,0,0,0.00,0,90,0,89.43,91.13,0,0,0,0,0,0,0,0,0,0,0,0,0,0,0,0,0,0,0,0
26743,-0.17,21,3122,0,0,0.00,0,90,0,89.43,91.13,0,0,0,0,0,0,0,0,0,0,0,0,0,0,0,0,0,0,0,0
26779,-0.20,21,3120,0,0,0.00,0,90,0,89.43,91.13,0,0,0,0,0,0,0,0,0,0,0,0,0,0,0,0,0,0,0,0
26815,-0.21,18,3105,0,0,0.00,0,90,0,89.43,91.13,0,0,0,0,0,0,0,0,0,0,0,0,0,0,0,0,0,0,0,0
26851,-0.14,12,3114,0,0,0.00,0,90,0,89.43,91.13,0,0,0,0,0,0,0,0,0,0,0,0,0,0,0,0,0,0,0,0
26887,-0.12,8,3134,0,0,0.00,0,90,0,89.43,91.13,0,0,0,0,0,0,0,0,0,0,0,0,0,0,0,0,0,0,0,0
26923,-0.09,8,3131,0,0,0.00,0,90,0,89.43,91.13,0,0,0,0,0,0,0,0,0,0,0,0,0,0,0,0,0,0,0,0
26959,-0.03,11,3120,0,0,0.00,0,90,0,89.43,91.13,0,0,0,0,0,0,0,0,0,0,0,0,0,0,0,0,0,0,0,0
26995,-0.02,10,3100,0,0,0.00,0,90,0,89.43,91.13,0,0,0,0,0,0,0,0,0,0,0,0,0,0,0,0,0,0,0,0
27031,-0.01,3,3088,0,0,0.00,0,90,0,89.43,91.13,0,0,0,0,0,0,0,0,0,0,0,0,0,0,0,0,0,0,0,0
27067,-0.14,-5,3090,0,0,0.00,0,90,0,89.43,91.13,0,0,0,0,0,0,0,0,0,0,0,0,0,0,0,0,0,0,0,0
27103,-0.15,-14,3069,0,0,0.00,0,90,0,89.43,91.13,0,0,0,0,0,0,0,0,0,0,0,0,0,0,0,0,0,0,0,0
27139,-0.25,-23,3071,0,0,0.00,0,90,0,89.43,91.13,0,0,0,0,0,0,0,0,0,0,0,0,0,0,0,0,0,0,0,0
27175,-0.24,-31,3040,0,0,0.00,0,90,0,89.43,91.13,0,0,0,0,0,0,0,0,0,0,0,0,0,0,0,0,0,0,0,0
27211,-0.06,-41,3030,0,0,0.00,0,90,0,89.43,91.13,0,0,0,0,0,0,0,0,0,0,0,0,0,0,0,0,0,0,0,0
27247,-0.17,-51,3019,0,0,0.00,0,90,0,89.43,91.13,0,0,0,0,0,0,0,0,0,0,0,0,0,0,0,0,0,0,0,0
27283,-0.15,-60,3008,0,0,0.00,0,90,0,89.43,91.13,0,0,0,0,0,0,0,0,0,0,0,0,0,0,0,0,0,0,0,0
27319,-0.15,-65,3021,0,0,0.00,0,90,0,89.43,91.13,0,0,0,0,0,0,0,0,0,0,0,0,0,0,0,0,0,0,0,0
27355,-0.09,-60,3087,0,0,0.00,0,90,0,89.43,91.13,0,0,0,0,0,0,0,0,0,0,0,0,0,0,0,0,0,0,0,0
27391,-0.18,-40,3114,0,0,0.00,0,90,0,89.43,91.13,0,0,0,0,0,0,0,0,0,0,0,0,0,0,0,0,0,0,0,0
27427,-0.22,-11,3116,0,0,0.00,0,90,0,89.43,91.13,0,0,0,0,0,0,0,0,0,0,0,0,0,0,0,0,0,0,0,0
27463,-0.20,13,3099,0,0,0.00,0,90,0,89.43,91.13,0,0,0,0,0,0,0,0,0,0,0,0,0,0,0,0,0,0,0,0
27499,-0.10,26,3071,0,0,0.00,0,90,0,89.43,91.13,0,0,0,0,0,0,0,0,0,0,0,0,0,0,0,0,0,0,0,0
27535,-0.14,25,3071,0,0,0.00,0,90,0,89.43,91.13,0,0,0,0,0,0,0,0,0,0,0,0,0,0,0,0,0,0,0,0
27571,-0.17,21,3133,0,0,0.00,0,90,0,89.43,91.13,0,0,0,0,0,0,0,0,0,0,0,0,0,0,0,0,0,0,0,0
27607,-0.18,27,3174,0,0,0.00,0,90,0,89.43,91.13,0,0,0,0,0,0,0,0,0,0,0,0,0,0,0,0,0,0,0,0
27643,-0.18,45,3184,0,0,0.00,0,90,0,89.43,91.13,0,0,0,0,0,0,0,0,0,0,0,0,0,0,0,0,0,0,0,0
27679,-0.08,63,3146,0,0,0.00,0,90,0,89.43,91.13,0,0,0,0,0,0,0,0,0,0,0,0,0,0,0,0,0,0,0,0
27715,-0.07,68,3129,0,0,0.00,0,90,0,89.43,91.13,0,0,0,0,0,0,0,0,0,0,0,0,0,0,0,0,0,0,0,0
27751,0.40,61,3121,0,0,0.00,0,90,0,89.43,91.13,0,0,0,0,0,0,0,0,0,0,0,0,0,0,0,0,0,0,0,0
27787,0.02,48,3129,0,0,0.00,0,90,0,89.43,91.13,0,0,0,0,0,0,0,0,0,0,0,0,0,0,0,0,0,0,0,0
27823,-0.09,34,3109,0,0,0.00,0,90,0,89.43,91.13,0,0,0,0,0,0,0,0,0,0,0,0,0,0,0,0,0,0,0,0
27859,-0.04,21,3093,0,0,0.00,0,90,0,89.43,91.13,0,0,0,0,0,0,0,0,0,0,0,0,0,0,0,0,0,0,0,0
27895,-0.15,7,3087,0,0,0.00,0,90,0,89.43,91.13,0,0,0,0,0,0,0,0,0,0,0,0,0,0,0,0,0,0,0,0
27931,-0.20,-4,3095,0,0,0.00,0,90,0,89.43,91.13,0,0,0,0,0,0,0,0,0,0,0,0,0,0,0,0,0,0,0,0
27967,-0.15,-9,3110,0,0,0.00,0,90,0,89.43,91.13,0,0,0,0,0,0,0,0,0,0,0,0,0,0,0,0,0,0,0,0
28003,-0.09,-7,3122,0,0,0.00,0,90,0,89.43,91.13,0,0,0,0,0,0,0,0,0,0,0,0,0,0,0,0,0,0,0,0
28039,-0.19,-1,3117,0,0,0.00,0,90,0,89.43,91.13,0,0,0,0,0,0,0,0,0,0,0,0,0,0,0,0,0,0,0,0
28075,-0.17,6,3139,0,0,0.00,0,90,0,89.43,91.13,0,0,0,0,0,0,0,0,0,0,0,0,0,0,0,0,0,0,0,0
28111,-0.28,14,3138,0,0,0.00,0,90,0,89.43,91.13,0,0,0,0,0,0,0,0,0,0,0,0,0,0,0,0,0,0,0,0
28147,-0.24,19,3120,0,0,0.00,0,90,0,89.43,91.13,0,0,0,0,0,0,0,0,0,0,0,0,0,0,0,0,0,0,0,0
28183,-0.21,18,3102,0,0,0.00,0,90,0,89.43,91.13,0,0,0,0,0,0,0,0,0,0,0,0,0,0,0,0,0,0,0,0
28219,-0.24,10,3092,0,0,0.00,0,90,0,89.43,91.13,0,0,0,0,0,0,0,0,0,0,0,0,0,0,0,0,0,0,0,0
28255,-0.27,-1,3088,0,0,0.00,0,90,0,89.43,91.13,0,0,0,0,0,0,0,0,0,0,0,0,0,0,0,0,0,0,0,0
28291,-0.16,-10,3098,0,0,0.00,0,90,0,89.43,91.13,0,0,0,0,0,0,0,0,0,0,0,0,0,0,0,0,0,0,0,0
28327,-0.17,-15,3102,0,0,0.00,0,90,0,89.43,91.13,0,0,0,0,0,0,0,0,0,0,0,0,0,0,0,0,0,0,0,0
28363,-0.21,-14,3123,0,0,0.00,0,90,0,89.43,91.13,0,0,0,0,0,0,0,0,0,0,0,0,0,0,0,0,0,0,0,0
28399,-0.19,-9,3101,0,0,0.00,0,90,0,89.43,91.13,0,0,0,0,0,0,0,0,0,0,0,0,0,0,0,0,0,0,0,0
28435,-0.17,-6,3098,0,0,0.00,0,90,0,89.43,91.13,0,0,0,0,0,0,0,0,0,0,0,0,0,0,0,0,0,0,0,0
28471,-0.21,-5,3107,0,0,0.00,0,90,0,89.43,91.13,0,0,0,0,0,0,0,0,0,0,0,0,0,0,0,0,0,0,0,0
28507,-0.33,-5,3111,0,0,0.00,0,90,0,89.43,91.13,0,0,0,0,0,0,0,0,0,0,0,0,0,0,0,0,0,0,0,0
28543,-0.39,-4,3103,0,0,0.00,0,90,0,89.43,91.13,0,0,0,0,0,0,0,0,0,0,0,0,0,0,0,0,0,0,0,0
28579,-0.39,-4,3096,0,0,0.00,0,90,0,89.43,91.13,0,0,0,0,0,0,0,0,0,0,0,0,0,0,0,0,0,0,0,0
28615,-0.56,-6,3090,0,0,0.00,0,90,0,89.43,91.13,0,0,0,0,0,0,0,0,0,0,0,0,0,0,0,0,0,0,0,0
28651,-0.46,-9,3105,0,0,0.00,0,90,0,89.43,91.13,0,0,0,0,0,0,0,0,0,0,0,0,0,0,0,0,0,0,0,0
28687,-0.49,-10,3091,0,0,0.00,0,90,0,89.43,91.13,0,0,0,0,0,0,0,0,0,0,0,0,0,0,0,0,0,0,0,0
28723,-0.49,-12,3071,0,0,0.00,0,90,0,89.43,91.13,0,0,0,0,0,0,0,0,0,0,0,0,0,0,0,0,0,0,0,0
28759,-0.48,-17,3071,0,0,0.00,0,90,0,89.43,91.13,0,0,0,0,0,0,0,0,0,0,0,0,0,0,0,0,0,0,0,0
28795,-0.42,-22,3088,0,0,0.00,0,90,0,89.43,91.13,0,0,0,0,0,0,0,0,0,0,0,0,0,0,0,0,0,0,0,0
28831,-0.40,-21,3101,0,0,0.00,0,90,0,89.43,91.13,0,0,0,0,0,0,0,0,0,0,0,0,0,0,0,0,0,0,0,0
28867,-0.47,-15,3099,0,0,0.00,0,90,0,89.43,91.13,0,0,0,0,0,0,0,0,0,0,0,0,0,0,0,0,0,0,0,0
28903,-0.38,-7,3119,0,0,0.00,0,90,0,89.43,91.13,0,0,0,0,0,0,0,0,0,0,0,0,0,0,0,0,0,0,0,0
28939,-0.46,1,3123,0,0,0.00,0,90,0,89.43,91.13,0,0,0,0,0,0,0,0,0,0,0,0,0,0,0,0,0,0,0,0
28975,-0.39,10,3111,0,0,0.00,0,90,0,89.43,91.13,0,0,0,0,0,0,0,0,0,0,0,0,0,0,0,0,0,0,0,0
29011,-0.32,14,3111,0,0,0.00,0,90,0,89.43,91.13,0,0,0,0,0,0,0,0,0,0,0,0,0,0,0,0,0,0,0,0
29047,-0.33,13,3106,0,0,0.00,0,90,0,89.43,91.13,0,0,0,0,0,0,0,0,0,0,0,0,0,0,0,0,0,0,0,0
29083,-0.25,10,3103,0,0,0.00,0,90,0,89.43,91.13,0,0,0,0,0,0,0,0,0,0,0,0,0,0,0,0,0,0,0,0
29119,-0.15,5,3093,0,0,0.00,0,90,0,89.43,91.13,0,0,0,0,0,0,0,0,0,0,0,0,0,0,0,0,0,0,0,0
29155,0.24,0,3090,0,0,0.00,0,90,0,89.43,91.13,0,0,0,0,0,0,0,0,0,0,0,0,0,0,0,0,0,0,0,0
29191,0.98,-4,3095,0,0,0.00,0,90,0,89.43,91.13,0,0,0,0,0,0,0,0,0,0,0,0,0,0,0,0,0,0,0,0
29227,0.55,-6,3115,0,0,0.00,0,90,0,89.43,91.13,0,0,0,0,0,0,0,0,0,0,0,0,0,0,0,0,0,0,0,0
29263,0.06,-3,3113,0,0,0.00,0,90,0,89.43,91.13,0,0,0,0,0,0,0,0,0,0,0,0,0,0,0,0,0,0,0,0
29299,-0.09,2,3114,0,0,0.00,0,90,0,89.43,91.13,0,0,0,0,0,0,0,0,0,0,0,0,0,0,0,0,0,0,0,0
29335,-0.09,6,3109,0,0,0.00,0,90,0,89.43,91.13,0,0,0,0,0,0,0,0,0,0,0,0,0,0,0,0,0,0,0,0
29371,-0.22,8,3116,0,0,0.00,0,90,0,89.43,91.13,0,0,0,0,0,0,0,0,0,0,0,0,0,0,0,0,0,0,0,0
29407,-0.19,9,3115,0,0,0.00,0,90,0,89.43,91.13,0,0,0,0,0,0,0,0,0,0,0,0,0,0,0,0,0,0,0,0
29443,-0.21,10,3122,0,0,0.00,0,90,0,89.43,91.13,0,0,0,0,0,0,0,0,0,0,0,0,0,0,0,0,0,0,0,0
29479,-0.32,11,3118,0,0,0.00,0,90,0,89.43,91.13,0,0,0,0,0,0,0,0,0,0,0,0,0,0,0,0,0,0,0,0
29515,-0.27,10,3105,0,0,0.00,0,90,0,89.43,91.13,0,0,0,0,0,0,0,0,0,0,0,0,0,0,0,0,0,0,0,0
29551,-0.22,8,3115,0,0,0.00,0,90,0,89.43,91.13,0,0,0,0,0,0,0,0,0,0,0,0,0,0,0,0,0,0,0,0
29587,-0.13,5,3113,0,0,0.00,0,90,0,89.43,91.13,0,0,0,0,0,0,0,0,0,0,0,0,0,0,0,0,0,0,0,0
29623,-0.14,3,3111,0,0,0.00,0,90,0,89.43,91.13,0,0,0,0,0,0,0,0,0,0,0,0,0,0,0,0,0,0,0,0
29659,-0.10,2,3102,0,0,0.00,0,90,0,89.43,91.13,0,0,0,0,0,0,0,0,0,0,0,0,0,0,0,0,0,0,0,0
29695,-0.16,-2,3071,0,0,0.00,0,90,0,89.43,91.13,0,0,0,0,0,0,0,0,0,0,0,0,0,0,0,0,0,0,0,0
29731,-0.14,-11,3082,0,0,0.00,0,90,0,89.43,91.13,0,0,0,0,0,0,0,0,0,0,0,0,0,0,0,0,0,0,0,0
29767,-0.24,-17,3098,0,0,0.00,0,90,0,89.43,91.13,0,0,0,0,0,0,0,0,0,0,0,0,0,0,0,0,0,0,0,0
29803,-0.23,-17,3118,0,0,0.00,0,90,0,89.43,91.13,0,0,0,0,0,0,0,0,0,0,0,0,0,0,0,0,0,0,0,0
29839,-0.24,-9,3120,0,0,0.00,0,90,0,89.43,91.13,0,0,0,0,0,0,0,0,0,0,0,0,0,0,0,0,0,0,0,0
29875,-0.16,0,3120,0,0,0.00,0,90,0,89.43,91.13,0,0,0,0,0,0,0,0,0,0,0,0,0,0,0,0,0,0,0,0
29911,-0.22,6,3117,0,0,0.00,0,90,0,89.43,91.13,0,0,0,0,0,0,0,0,0,0,0,0,0,0,0,0,0,0,0,0
29947,-0.24,9,3106,0,0,0.00,0,90,0,89.43,91.13,0,0,0,0,0,0,0,0,0,0,0,0,0,0,0,0,0,0,0,0
29983,-0.32,6,3067,0,0,0.00,0,90,0,89.43,91.13,0,0,0,0,0,0,0,0,0,0,0,0,0,0,0,0,0,0,0,0
30019,-0.22,-3,3085,0,0,0.00,0,90,0,89.43,91.13,0,0,0,0,0,0,0,0,0,0,0,0,0,0,0,0,0,0,0,0
30055,-0.23,-13,3091,0,0,0.00,0,90,0,89.43,91.13,0,0,0,0,0,0,0,0,0,0,0,0,0,0,0,0,0,0,0,0
30091,-0.26,-15,3113,0,0,0.00,0,90,0,89.43,91.13,0,0,0,0,0,0,0,0,0,0,0,0,0,0,0,0,0,0,0,0
30127,-0.33,-11,3102,0,0,0.00,0,90,0,89.43,91.13,0,0,0,0,0,0,0,0,0,0,0,0,0,0,0,0,0,0,0,0
30163,-0.25,-6,3105,0,0,0.00,0,90,0,89.43,91.13,0,0,0,0,0,0,0,0,0,0,0,0,0,0,0,0,0,0,0,0
30199,-0.26,-1,3106,0,0,0.00,0,90,0,89.43,91.13,0,0,0,0,0,0,0,0,0,0,0,0,0,0,0,0,0,0,0,0
30235,-0.18,2,3123,0,0,0.00,0,90,0,89.43,91.13,0,0,0,0,0,0,0,0,0,0,0,0,0,0,0,0,0,0,0,0
30271,-0.14,6,3116,0,0,0.00,0,90,0,89.43,91.13,0,0,0,0,0,0,0,0,0,0,0,0,0,0,0,0,0,0,0,0
30307,-0.21,9,3101,0,0,0.00,0,90,0,89.43,91.13,0,0,0,0,0,0,0,0,0,0,0,0,0,0,0,0,0,0,0,0
30343,-0.18,7,3095,0,0,0.00,0,90,0,89.43,91.13,0,0,0,0,0,0,0,0,0,0,0,0,0,0,0,0,0,0,0,0
30379,-0.22,2,3101,0,0,0.00,0,90,0,89.43,91.13,0,0,0,0,0,0,0,0,0,0,0,0,0,0,0,0,0,0,0,0
30415,-0.25,-1,3102,0,0,0.00,0,90,0,89.43,91.13,0,0,0,0,0,0,0,0,0,0,0,0,0,0,0,0,0,0,0,0
30451,-0.20,-2,3113,0,0,0.00,0,90,0,89.43,91.13,0,0,0,0,0,0,0,0,0,0,0,0,0,0,0,0,0,0,0,0
30487,-0.25,0,3111,0,0,0.00,0,90,0,89.43,91.13,0,0,0,0,0,0,0,0,0,0,0,0,0,0,0,0,0,0,0,0
30523,-0.17,1,3102,0,0,0.00,0,90,0,89.43,91.13,0,0,0,0,0,0,0,0,0,0,0,0,0,0,0,0,0,0,0,0
30559,-0.12,1,3098,0,0,0.00,0,90,0,89.43,91.13,0,0,0,0,0,0,0,0,0,0,0,0,0,0,0,0,0,0,0,0
30595,-0.12,0,3101,0,0,0.00,0,90,0,89.43,91.13,0,0,0,0,0,0,0,0,0,0,0,0,0,0,0,0,0,0,0,0
30631,-0.13,-1,3102,0,0,0.00,0,90,0,89.43,91.13,0,0,0,0,0,0,0,0,0,0,0,0,0,0,0,0,0,0,0,0
30667,-0.17,-1,3115,0,0,0.00,0,90,0,89.43,91.13,0,0,0,0,0,0,0,0,0,0,0,0,0,0,0,0,0,0,0,0
30703,-0.16,0,3102,0,0,0.00,0,90,0,89.43,91.13,0,0,0,0,0,0,0,0,0,0,0,0,0,0,0,0,0,0,0,0
30739,-0.16,0,3097,0,0,0.00,0,90,0,89.43,91.13,0,0,0,0,0,0,0,0,0,0,0,0,0,0,0,0,0,0,0,0
30775,-0.05,0,3113,0,0,0.00,0,90,0,89.43,91.13,0,0,0,0,0,0,0,0,0,0,0,0,0,0,0,0,0,0,0,0
30811,-0.03,1,3113,0,0,0.00,0,90,0,89.43,91.13,0,0,0,0,0,0,0,0,0,0,0,0,0,0,0,0,0,0,0,0
30847,-0.14,2,3104,0,0,0.00,0,90,0,89.43,91.13,0,0,0,0,0,0,0,0,0,0,0,0,0,0,0,0,0,0,0,0
30883,-0.06,2,3099,0,0,0.00,0,90,0,89.43,91.13,0,0,0,0,0,0,0,0,0,0,0,0,0,0,0,0,0,0,0,0
30919,-0.17,0,3092,0,0,0.00,0,90,0,89.43,91.13,0,0,0,0,0,0,0,0,0,0,0,0,0,0,0,0,0,0,0,0
30955,-0.14,-2,3104,0,0,0.00,0,90,0,89.43,91.13,0,0,0,0,0,0,0,0,0,0,0,0,0,0,0,0,0,0,0,0
30991,-0.20,-4,3099,0,0,0.00,0,90,0,89.43,91.13,0,0,0,0,0,0,0,0,0,0,0,0,0,0,0,0,0,0,0,0
31027,-0.12,-5,3088,0,0,0.00,0,90,0,89.43,91.13,0,0,0,0,0,0,0,0,0,0,0,0,0,0,0,0,0,0,0,0
31063,-0.15,-8,3071,0,0,0.00,0,90,0,89.43,91.13,0,0,0,0,0,0,0,0,0,0,0,0,0,0,0,0,0,0,0,0
31099,-0.26,-13,3083,0,0,0.00,0,90,0,89.43,91.13,0,0,0,0,0,0,0,0,0,0,0,0,0,0,0,0,0,0,0,0
31135,-0.22,-15,3105,0,0,0.00,0,90,0,89.43,91.13,0,0,0,0,0,0,0,0,0,0,0,0,0,0,0,0,0,0,0,0
31171,-0.24,-10,3118,0,0,0.00,0,90,0,89.43,91.13,0,0,0,0,0,0,0,0,0,0,0,0,0,0,0,0,0,0,0,0
31207,-0.27,-1,3122,0,0,0.00,0,90,0,89.43,91.13,0,0,0,0,0,0,0,0,0,0,0,0,0,0,0,0,0,0,0,0
31243,-0.22,8,3118,0,0,0.00,0,90,0,89.43,91.13,0,0,0,0,0,0,0,0,0,0,0,0,0,0,0,0,0,0,0,0
31279,-0.33,14,3115,0,0,0.00,0,90,0,89.43,91.13,0,0,0,0,0,0,0,0,0,0,0,0,0,0,0,0,0,0,0,0
31315,-0.37,16,3115,0,0,0.00,0,90,0,89.43,91.13,0,0,0,0,0,0,0,0,0,0,0,0,0,0,0,0,0,0,0,0
31351,-0.21,15,3104,0,0,0.00,0,90,0,89.43,91.13,0,0,0,0,0,0,0,0,0,0,0,0,0,0,0,0,0,0,0,0
31387,-0.35,12,3120,0,0,0.00,0,90,0,89.43,91.13,0,0,0,0,0,0,0,0,0,0,0,0,0,0,0,0,0,0,0,0
31423,-0.26,10,3115,0,0,0.00,0,90,0,89.43,91.13,0,0,0,0,0,0,0,0,0,0,0,0,0,0,0,0,0,0,0,0
31459,-0.50,9,3115,0,0,0.00,0,90,0,89.43,91.13,0,0,0,0,0,0,0,0,0,0,0,0,0,0,0,0,0,0,0,0
31495,-0.42,9,3122,0,0,0.00,0,90,0,89.43,91.13,0,0,0,0,0,0,0,0,0,0,0,0,0,0,0,0,0,0,0,0
31531,-0.43,10,3135,0,0,0.00,0,90,0,89.43,91.13,0,0,0,0,0,0,0,0,0,0,0,0,0,0,0,0,0,0,0,0
31567,-0.32,12,3110,0,0,0.00,0,90,0,89.43,91.13,0,0,0,0,0,0,0,0,0,0,0,0,0,0,0,0,0,0,0,0
31603,-0.33,12,3126,0,0,0.00,0,90,0,89.43,91.13,0,0,0,0,0,0,0,0,0,0,0,0,0,0,0,0,0,0,0,0
31639,-0.34,11,3124,0,0,0.00,0,90,0,89.43,91.13,0,0,0,0,0,0,0,0,0,0,0,0,0,0,0,0,0,0,0,0
31675,-0.34,11,3131,0,0,0.00,0,90,0,89.43,91.13,0,0,0,0,0,0,0,0,0,0,0,0,0,0,0,0,0,0,0,0
31711,-0.35,11,3119,0,0,0.00,0,90,0,89.43,91.13,0,0,0,0,0,0,0,0,0,0,0,0,0,0,0,0,0,0,0,0
31747,-0.25,7,3095,0,0,0.00,0,90,0,89.43,91.13,0,0,0,0,0,0,0,0,0,0,0,0,0,0,0,0,0,0,0,0
31783,-0.28,0,3090,0,0,0.00,0,90,0,89.43,91.13,0,0,0,0,0,0,0,0,0,0,0,0,0,0,0,0,0,0,0,0
31819,-0.25,-7,3120,0,0,0.00,0,90,0,89.43,91.13,0,0,0,0,0,0,0,0,0,0,0,0,0,0,0,0,0,0,0,0
31855,-0.32,-7,3143,0,0,0.00,0,90,0,89.43,91.13,0,0,0,0,0,0,0,0,0,0,0,0,0,0,0,0,0,0,0,0
31891,0.16,0,3154,0,0,0.00,0,90,0,89.43,91.13,0,0,0,0,0,0,0,0,0,0,0,0,0,0,0,0,0,0,0,0
31927,0.87,11,3129,0,0,0.00,0,90,0,89.43,91.13,0,0,0,0,0,0,0,0,0,0,0,0,0,0,0,0,0,0,0,0
31963,0.53,13,3093,0,0,0.00,0,90,0,89.43,91.13,0,0,0,0,0,0,0,0,0,0,0,0,0,0,0,0,0,0,0,0
31999,0.20,3,3046,0,0,0.00,0,90,0,89.43,91.13,0,0,0,0,0,0,0,0,0,0,0,0,0,0,0,0,0,0,0,0
32035,0.18,-18,3035,0,0,0.00,0,90,0,89.43,91.13,0,0,0,0,0,0,0,0,0,0,0,0,0,0,0,0,0,0,0,0
32071,-0.01,-42,3035,0,0,0.00,0,90,0,89.43,91.13,0,0,0,0,0,0,0,0,0,0,0,0,0,0,0,0,0,0,0,0
32107,0.06,-57,3071,0,0,0.00,0,90,0,89.43,91.13,0,0,0,0,0,0,0,0,0,0,0,0,0,0,0,0,0,0,0,0
32143,0.07,-58,3071,0,0,0.00,0,90,0,89.43,91.13,0,0,0,0,0,0,0,0,0,0,0,0,0,0,0,0,0,0,0,0
32179,-0.13,-49,3071,0,0,0.00,0,90,0,89.43,91.13,0,0,0,0,0,0,0,0,0,0,0,0,0,0,0,0,0,0,0,0
32215,-0.06,-38,3084,0,0,0.00,0,90,0,89.43,91.13,0,0,0,0,0,0,0,0,0,0,0,0,0,0,0,0,0,0,0,0
32251,-0.14,-25,3094,0,0,0.00,0,90,0,89.43,91.13,0,0,0,0,0,0,0,0,0,0,0,0,0,0,0,0,0,0,0,0
32287,-0.24,-12,3103,0,0,0.00,0,90,0,89.43,91.13,0,0,0,0,0,0,0,0,0,0,0,0,0,0,0,0,0,0,0,0
32323,-0.27,0,3129,0,0,0.00,0,90,0,89.43,91.13,0,0,0,0,0,0,0,0,0,0,0,0,0,0,0,0,0,0,0,0
32359,-0.23,13,3132,0,0,0.00,0,90,0,89.43,91.13,0,0,0,0,0,0,0,0,0,0,0,0,0,0,0,0,0,0,0,0
32395,-0.19,24,3119,0,0,0.00,0,90,0,89.43,91.13,0,0,0,0,0,0,0,0,0,0,0,0,0,0,0,0,0,0,0,0
32431,-0.22,27,3099,0,0,0.00,0,90,0,89.43,91.13,0,0,0,0,0,0,0,0,0,0,0,0,0,0,0,0,0,0,0,0
32467,-0.20,23,3097,0,0,0.00,0,90,0,89.43,91.13,0,0,0,0,0,0,0,0,0,0,0,0,0,0,0,0,0,0,0,0
32503,-0.27,14,3087,0,0,0.00,0,90,0,89.43,91.13,0,0,0,0,0,0,0,0,0,0,0,0,0,0,0,0,0,0,0,0
32539,-0.26,5,3105,0,0,0.00,0,90,0,89.43,91.13,0,0,0,0,0,0,0,0,0,0,0,0,0,0,0,0,0,0,0,0
32575,-0.31,0,3093,0,0,0.00,0,90,0,89.43,91.13,0,0,0,0,0,0,0,0,0,0,0,0,0,0,0,0,0,0,0,0
32611,-0.28,-1,3095,0,0,0.00,0,90,0,89.43,91.13,0,0,0,0,0,0,0,0,0,0,0,0,0,0,0,0,0,0,0,0
32647,-0.28,-1,3103,0,0,0.00,0,90,0,89.43,91.13,0,0,0,0,0,0,0,0,0,0,0,0,0,0,0,0,0,0,0,0
32683,-0.27,0,3118,0,0,0.00,0,90,0,89.43,91.13,0,0,0,0,0,0,0,0,0,0,0,0,0,0,0,0,0,0,0,0
32719,-0.19,6,3130,0,0,0.00,0,90,0,89.43,91.13,0,0,0,0,0,0,0,0,0,0,0,0,0,0,0,0,0,0,0,0
32755,-0.14,14,3120,0,0,0.00,0,90,0,89.43,91.13,0,0,0,0,0,0,0,0,0,0,0,0,0,0,0,0,0,0,0,0
32791,-0.22,18,3107,0,0,0.00,0,90,0,89.43,91.13,0,0,0,0,0,0,0,0,0,0,0,0,0,0,0,0,0,0,0,0
32827,-0.13,18,3121,0,0,0.00,0,90,0,89.43,91.13,0,0,0,0,0,0,0,0,0,0,0,0,0,0,0,0,0,0,0,0
32863,-0.26,17,3125,0,0,0.00,0,90,0,89.43,91.13,0,0,0,0,0,0,0,0,0,0,0,0,0,0,0,0,0,0,0,0
32899,0.02,18,3136,0,0,0.00,0,90,0,89.43,91.13,0,0,0,0,0,0,0,0,0,0,0,0,0,0,0,0,0,0,0,0
32935,-0.16,18,3105,0,0,0.00,0,90,0,89.43,91.13,0,0,0,0,0,0,0,0,0,0,0,0,0,0,0,0,0,0,0,0
32971,-0.23,14,3102,0,0,0.00,0,90,0,89.43,91.13,0,0,0,0,0,0,0,0,0,0,0,0,0,0,0,0,0,0,0,0
33007,-0.18,6,3088,0,0,0.00,0,90,0,89.43,91.13,0,0,0,0,0,0,0,0,0,0,0,0,0,0,0,0,0,0,0,0
33043,-0.12,-3,3083,0,0,0.00,0,90,0,89.43,91.13,0,0,0,0,0,0,0,0,0,0,0,0,0,0,0,0,0,0,0,0
33079,0.00,-11,3095,0,0,0.00,0,90,0,89.43,91.13,0,0,0,0,0,0,0,0,0,0,0,0,0,0,0,0,0,0,0,0
33115,-0.02,-14,3103,0,0,0.00,0,90,0,89.43,91.13,0,0,0,0,0,0,0,0,0,0,0,0,0,0,0,0,0,0,0,0
33151,-0.11,-13,3088,0,0,0.00,0,90,0,89.43,91.13,0,0,0,0,0,0,0,0,0,0,0,0,0,0,0,0,0,0,0,0
33187,-0.10,-12,3088,0,0,0.00,0,90,0,89.43,91.13,0,0,0,0,0,0,0,0,0,0,0,0,0,0,0,0,0,0,0,0
33223,-0.08,-14,3070,0,0,0.00,0,90,0,89.43,91.13,0,0,0,0,0,0,0,0,0,0,0,0,0,0,0,0,0,0,0,0
33259,-0.12,-16,3088,0,0,0.00,0,90,0,89.43,91.13,0,0,0,0,0,0,0,0,0,0,0,0,0,0,0,0,0,0,0,0
33295,-0.11,-16,3091,0,0,0.00,0,90,0,89.43,91.13,0,0,0,0,0,0,0,0,0,0,0,0,0,0,0,0,0,0,0,0
33331,-0.22,-13,3108,0,0,0.00,0,90,0,89.43,91.13,0,0,0,0,0,0,0,0,0,0,0,0,0,0,0,0,0,0,0,0
33367,-0.11,-4,3136,0,0,0.00,0,90,0,89.43,91.13,0,0,0,0,0,0,0,0,0,0,0,0,0,0,0,0,0,0,0,0
33403,-0.13,9,3153,0,0,0.00,0,90,0,89.43,91.13,0,0,0,0,0,0,0,0,0,0,0,0,0,0,0,0,0,0,0,0
33439,-0.21,24,3146,0,0,0.00,0,90,0,89.43,91.13,0,0,0,0,0,0,0,0,0,0,0,0,0,0,0,0,0,0,0,0
33475,-0.26,34,3131,0,0,0.00,0,90,0,89.43,91.13,0,0,0,0,0,0,0,0,0,0,0,0,0,0,0,0,0,0,0,0
33511,-0.37,34,3118,0,0,0.00,0,90,0,89.43,91.13,0,0,0,0,0,0,0,0,0,0,0,0,0,0,0,0,0,0,0,0
33547,-0.38,29,3139,0,0,0.00,0,90,0,89.43,91.13,0,0,0,0,0,0,0,0,0,0,0,0,0,0,0,0,0,0,0,0
33583,-0.40,24,3123,0,0,0.00,0,90,0,89.43,91.13,0,0,0,0,0,0,0,0,0,0,0,0,0,0,0,0,0,0,0,0
33619,-0.48,18,3123,0,0,0.00,0,90,0,89.43,91.13,0,0,0,0,0,0,0,0,0,0,0,0,0,0,0,0,0,0,0,0
33655,-0.54,12,3120,0,0,0.00,0,90,0,89.43,91.13,0,0,0,0,0,0,0,0,0,0,0,0,0,0,0,0,0,0,0,0
33691,-0.26,5,3088,0,0,0.00,0,90,0,89.43,91.13,0,0,0,0,0,0,0,0,0,0,0,0,0,0,0,0,0,0,0,0
33727,-0.11,-5,3061,0,0,0.00,0,90,0,89.43,91.13,0,0,0,0,0,0,0,0,0,0,0,0,0,0,0,0,0,0,0,0
33763,0.08,-19,3089,0,0,0.00,0,90,0,89.43,91.13,0,0,0,0,0,0,0,0,0,0,0,0,0,0,0,0,0,0,0,0
33799,0.27,-25,3121,0,0,0.00,0,90,0,89.43,91.13,0,0,0,0,0,0,0,0,0,0,0,0,0,0,0,0,0,0,0,0
33835,0.28,-20,3119,0,0,0.00,0,90,0,89.43,91.13,0,0,0,0,0,0,0,0,0,0,0,0,0,0,0,0,0,0,0,0
33871,0.19,-12,3098,0,0,0.00,0,90,0,89.43,91.13,0,0,0,0,0,0,0,0,0,0,0,0,0,0,0,0,0,0,0,0
33907,0.25,-7,3099,0,0,0.00,0,90,0,89.43,91.13,0,0,0,0,0,0,0,0,0,0,0,0,0,0,0,0,0,0,0,0
33943,-0.07,-6,3103,0,0,0.00,0,90,0,89.43,91.13,0,0,0,0,0,0,0,0,0,0,0,0,0,0,0,0,0,0,0,0
33979,-0.03,-5,3117,0,0,0.00,0,90,0,89.43,91.13,0,0,0,0,0,0,0,0,0,0,0,0,0,0,0,0,0,0,0,0
34015,-0.12,-4,3091,0,0,0.00,0,90,0,89.43,91.13,0,0,0,0,0,0,0,0,0,0,0,0,0,0,0,0,0,0,0,0
34051,-0.14,-5,3088,0,0,0.00,0,90,0,89.43,91.13,0,0,0,0,0,0,0,0,0,0,0,0,0,0,0,0,0,0,0,0
34087,-0.23,-9,3091,0,0,0.00,0,90,0,89.43,91.13,0,0,0,0,0,0,0,0,0,0,0,0,0,0,0,0,0,0,0,0
34123,-0.22,-12,3103,0,0,0.00,0,90,0,89.43,91.13,0,0,0,0,0,0,0,0,0,0,0,0,0,0,0,0,0,0,0,0
34159,-0.14,-11,3107,0,0,0.00,0,90,0,89.43,91.13,0,0,0,0,0,0,0,0,0,0,0,0,0,0,0,0,0,0,0,0
34195,-0.17,-6,3120,0,0,0.00,0,90,0,89.43,91.13,0,0,0,0,0,0,0,0,0,0,0,0,0,0,0,0,0,0,0,0
34231,-0.20,-1,3093,0,0,0.00,0,90,0,89.43,91.13,0,0,0,0,0,0,0,0,0,0,0,0,0,0,0,0,0,0,0,0
34267,-0.17,-1,3090,0,0,0.00,0,90,0,89.43,91.13,0,0,0,0,0,0,0,0,0,0,0,0,0,0,0,0,0,0,0,0
34303,-0.23,-2,3119,0,0,0.00,0,90,0,89.43,91.13,0,0,0,0,0,0,0,0,0,0,0,0,0,0,0,0,0,0,0,0
34339,-0.20,0,3133,0,0,0.00,0,90,0,89.43,91.13,0,0,0,0,0,0,0,0,0,0,0,0,0,0,0,0,0,0,0,0
34375,-0.22,7,3126,0,0,0.00,0,90,0,89.43,91.13,0,0,0,0,0,0,0,0,0,0,0,0,0,0,0,0,0,0,0,0
34411,-0.08,13,3120,0,0,0.00,0,90,0,89.43,91.13,0,0,0,0,0,0,0,0,0,0,0,0,0,0,0,0,0,0,0,0
34447,-0.16,13,3097,0,0,0.00,0,90,0,89.43,91.13,0,0,0,0,0,0,0,0,0,0,0,0,0,0,0,0,0,0,0,0
34483,-0.09,9,3118,0,0,0.00,0,90,0,89.43,91.13,0,0,0,0,0,0,0,0,0,0,0,0,0,0,0,0,0,0,0,0
34519,-0.11,6,3121,0,0,0.00,0,90,0,89.43,91.13,0,0,0,0,0,0,0,0,0,0,0,0,0,0,0,0,0,0,0,0
34555,-0.08,5,3118,0,0,0.00,0,90,0,89.43,91.13,0,0,0,0,0,0,0,0,0,0,0,0,0,0,0,0,0,0,0,0
34591,-0.20,5,3105,0,0,0.00,0,90,0,89.43,91.13,0,0,0,0,0,0,0,0,0,0,0,0,0,0,0,0,0,0,0,0
34627,-0.14,3,3114,0,0,0.00,0,90,0,89.43,91.13,0,0,0,0,0,0,0,0,0,0,0,0,0,0,0,0,0,0,0,0
34663,-0.13,2,3136,0,0,0.00,0,90,0,89.43,91.13,0,0,0,0,0,0,0,0,0,0,0,0,0,0,0,0,0,0,0,0
34699,-0.07,8,3159,0,0,0.00,0,90,0,89.43,91.13,0,0,0,0,0,0,0,0,0,0,0,0,0,0,0,0,0,0,0,0
34735,-0.22,16,3126,0,0,0.00,0,90,0,89.43,91.13,0,0,0,0,0,0,0,0,0,0,0,0,0,0,0,0,0,0,0,0
34771,-0.11,15,3069,0,0,0.00,0,90,0,89.43,91.13,0,0,0,0,0,0,0,0,0,0,0,0,0,0,0,0,0,0,0,0
34807,-0.12,0,3028,0,0,0.00,0,90,0,89.43,91.13,0,0,0,0,0,0,0,0,0,0,0,0,0,0,0,0,0,0,0,0
34843,-0.12,-25,3053,0,0,0.00,0,90,0,89.43,91.13,0,0,0,0,0,0,0,0,0,0,0,0,0,0,0,0,0,0,0,0
34879,-0.15,-42,3088,0,0,0.00,0,90,0,89.43,91.13,0,0,0,0,0,0,0,0,0,0,0,0,0,0,0,0,0,0,0,0
34915,-0.09,-43,3106,0,0,0.00,0,90,0,89.43,91.13,0,0,0,0,0,0,0,0,0,0,0,0,0,0,0,0,0,0,0,0
34951,-0.09,-31,3114,0,0,0.00,0,90,0,89.43,91.13,0,0,0,0,0,0,0,0,0,0,0,0,0,0,0,0,0,0,0,0
34987,-0.26,-15,3119,0,0,0.00,0,90,0,89.43,91.13,0,0,0,0,0,0,0,0,0,0,0,0,0,0,0,0,0,0,0,0
35023,-0.12,-1,3105,0,0,0.00,0,90,0,89.43,91.13,0,0,0,0,0,0,0,0,0,0,0,0,0,0,0,0,0,0,0,0
35059,-0.16,5,3099,0,0,0.00,0,90,0,89.43,91.13,0,0,0,0,0,0,0,0,0,0,0,0,0,0,0,0,0,0,0,0
35095,-0.24,6,3097,0,0,0.00,0,90,0,89.43,91.13,0,0,0,0,0,0,0,0,0,0,0,0,0,0,0,0,0,0,0,0
35131,-0.23,3,3102,0,0,0.00,0,90,0,89.43,91.13,0,0,0,0,0,0,0,0,0,0,0,0,0,0,0,0,0,0,0,0
35167,-0.22,0,3094,0,0,0.00,0,90,0,89.43,91.13,0,0,0,0,0,0,0,0,0,0,0,0,0,0,0,0,0,0,0,0
35203,-0.20,-1,3108,0,0,0.00,0,90,0,89.43,91.13,0,0,0,0,0,0,0,0,0,0,0,0,0,0,0,0,0,0,0,0
35239,-0.17,-1,3103,0,0,0.00,0,90,0,89.43,91.13,0,0,0,0,0,0,0,0,0,0,0,0,0,0,0,0,0,0,0,0
35275,-0.21,0,3091,0,0,0.00,0,90,0,89.43,91.13,0,0,0,0,0,0,0,0,0,0,0,0,0,0,0,0,0,0,0,0
35311,-0.23,-2,3085,0,0,0.00,0,90,0,89.43,91.13,0,0,0,0,0,0,0,0,0,0,0,0,0,0,0,0,0,0,0,0
35347,-0.27,-5,3094,0,0,0.00,0,90,0,89.43,91.13,0,0,0,0,0,0,0,0,0,0,0,0,0,0,0,0,0,0,0,0
35383,-0.21,-6,3105,0,0,0.00,0,90,0,89.43,91.13,0,0,0,0,0,0,0,0,0,0,0,0,0,0,0,0,0,0,0,0
35419,-0.18,-2,3120,0,0,0.00,0,90,0,89.43,91.13,0,0,0,0,0,0,0,0,0,0,0,0,0,0,0,0,0,0,0,0
35455,-0.23,3,3115,0,0,0.00,0,90,0,89.43,91.13,0,0,0,0,0,0,0,0,0,0,0,0,0,0,0,0,0,0,0,0
35491,-0.29,9,3118,0,0,0.00,0,90,0,89.43,91.13,0,0,0,0,0,0,0,0,0,0,0,0,0,0,0,0,0,0,0,0
35527,-0.23,13,3114,0,0,0.00,0,90,0,89.43,91.13,0,0,0,0,0,0,0,0,0,0,0,0,0,0,0,0,0,0,0,0
35563,-0.16,14,3111,0,0,0.00,0,90,0,89.43,91.13,0,0,0,0,0,0,0,0,0,0,0,0,0,0,0,0,0,0,0,0
35599,-0.32,14,3126,0,0,0.00,0,90,0,89.43,91.13,0,0,0,0,0,0,0,0,0,0,0,0,0,0,0,0,0,0,0,0
35635,-0.20,14,3120,0,0,0.00,0,90,0,89.43,91.13,0,0,0,0,0,0,0,0,0,0,0,0,0,0,0,0,0,0,0,0
35671,-0.25,15,3127,0,0,0.00,0,90,0,89.43,91.13,0,0,0,0,0,0,0,0,0,0,0,0,0,0,0,0,0,0,0,0
35707,-0.18,15,3122,0,0,0.00,0,90,0,89.43,91.13,0,0,0,0,0,0,0,0,0,0,0,0,0,0,0,0,0,0,0,0
35743,-0.18,14,3109,0,0,0.00,0,90,0,89.43,91.13,0,0,0,0,0,0,0,0,0,0,0,0,0,0,0,0,0,0,0,0
35779,-0.20,9,3087,0,0,0.00,0,90,0,89.43,91.13,0,0,0,0,0,0,0,0,0,0,0,0,0,0,0,0,0,0,0,0
35815,-0.24,0,3081,0,0,0.00,0,90,0,89.43,91.13,0,0,0,0,0,0,0,0,0,0,0,0,0,0,0,0,0,0,0,0
35851,-0.21,-8,3119,0,0,0.00,0,90,0,89.43,91.13,0,0,0,0,0,0,0,0,0,0,0,0,0,0,0,0,0,0,0,0
35887,-0.08,-8,3127,0,0,0.00,0,90,0,89.43,91.13,0,0,0,0,0,0,0,0,0,0,0,0,0,0,0,0,0,0,0,0
35923,-0.19,-2,3119,0,0,0.00,0,90,0,89.43,91.13,0,0,0,0,0,0,0,0,0,0,0,0,0,0,0,0,0,0,0,0
35959,-0.20,3,3109,0,0,0.00,0,90,0,89.43,91.13,0,0,0,0,0,0,0,0,0,0,0,0,0,0,0,0,0,0,0,0
35995,-0.14,5,3109,0,0,0.00,0,90,0,89.43,91.13,0,0,0,0,0,0,0,0,0,0,0,0,0,0,0,0,0,0,0,0
36031,-0.17,3,3105,0,0,0.00,0,90,0,89.43,91.13,0,0,0,0,0,0,0,0,0,0,0,0,0,0,0,0,0,0,0,0
36067,-0.18,1,3110,0,0,0.00,0,90,0,89.43,91.13,0,0,0,0,0,0,0,0,0,0,0,0,0,0,0,0,0,0,0,0
36103,-0.21,-1,3093,0,0,0.00,0,90,0,89.43,91.13,0,0,0,0,0,0,0,0,0,0,0,0,0,0,0,0,0,0,0,0
36139,-0.24,-7,3059,0,0,0.00,0,90,0,89.43,91.13,0,0,0,0,0,0,0,0,0,0,0,0,0,0,0,0,0,0,0,0
36175,-0.17,-19,3043,0,0,0.00,0,90,0,89.43,91.13,0,0,0,0,0,0,0,0,0,0,0,0,0,0,0,0,0,0,0,0
36211,-0.18,-32,3063,0,0,0.00,0,90,0,89.43,91.13,0,0,0,0,0,0,0,0,0,0,0,0,0,0,0,0,0,0,0,0
36247,-0.17,-37,3109,0,0,0.00,0,90,0,89.43,91.13,0,0,0,0,0,0,0,0,0,0,0,0,0,0,0,0,0,0,0,0
36283,-0.23,-27,3121,0,0,0.00,0,90,0,89.43,91.13,0,0,0,0,0,0,0,0,0,0,0,0,0,0,0,0,0,0,0,0
36319,-0.18,-13,3088,0,0,0.00,0,90,0,89.43,91.13,0,0,0,0,0,0,0,0,0,0,0,0,0,0,0,0,0,0,0,0
36355,-0.13,-3,3097,0,0,0.00,0,90,0,89.43,91.13,0,0,0,0,0,0,0,0,0,0,0,0,0,0,0,0,0,0,0,0
36391,-0.28,1,3103,0,0,0.00,0,90,0,89.43,91.13,0,0,0,0,0,0,0,0,0,0,0,0,0,0,0,0,0,0,0,0
36427,-0.20,4,3110,0,0,0.00,0,90,0,89.43,91.13,0,0,0,0,0,0,0,0,0,0,0,0,0,0,0,0,0,0,0,0
36463,-0.20,7,3098,0,0,0.00,0,90,0,89.43,91.13,0,0,0,0,0,0,0,0,0,0,0,0,0,0,0,0,0,0,0,0
36499,-0.18,8,3117,0,0,0.00,0,90,0,89.43,91.13,0,0,0,0,0,0,0,0,0,0,0,0,0,0,0,0,0,0,0,0
36535,-0.18,10,3113,0,0,0.00,0,90,0,89.43,91.13,0,0,0,0,0,0,0,0,0,0,0,0,0,0,0,0,0,0,0,0
36571,-0.25,12,3118,0,0,0.00,0,90,0,89.43,91.13,0,0,0,0,0,0,0,0,0,0,0,0,0,0,0,0,0,0,0,0
36607,-0.29,14,3120,0,0,0.00,0,90,0,89.43,91.13,0,0,0,0,0,0,0,0,0,0,0,0,0,0,0,0,0,0,0,0
36643,-0.22,16,3123,0,0,0.00,0,90,0,89.43,91.13,0,0,0,0,0,0,0,0,0,0,0,0,0,0,0,0,0,0,0,0
36679,-0.17,17,3120,0,0,0.00,0,90,0,89.43,91.13,0,0,0,0,0,0,0,0,0,0,0,0,0,0,0,0,0,0,0,0
36715,-0.28,17,3126,0,0,0.00,0,90,0,89.43,91.13,0,0,0,0,0,0,0,0,0,0,0,0,0,0,0,0,0,0,0,0
36751,-0.28,17,3119,0,0,0.00,0,90,0,89.43,91.13,0,0,0,0,0,0,0,0,0,0,0,0,0,0,0,0,0,0,0,0
36787,-0.23,16,3125,0,0,0.00,0,90,0,89.43,91.13,0,0,0,0,0,0,0,0,0,0,0,0,0,0,0,0,0,0,0,0
36823,-0.31,14,3111,0,0,0.00,0,90,0,89.43,91.13,0,0,0,0,0,0,0,0,0,0,0,0,0,0,0,0,0,0,0,0
36859,-0.19,10,3103,0,0,0.00,0,90,0,89.43,91.13,0,0,0,0,0,0,0,0,0,0,0,0,0,0,0,0,0,0,0,0
36895,-0.22,3,3097,0,0,0.00,0,90,0,89.43,91.13,0,0,0,0,0,0,0,0,0,0,0,0,0,0,0,0,0,0,0,0
36931,-0.21,-2,3099,0,0,0.00,0,90,0,89.43,91.13,0,0,0,0,0,0,0,0,0,0,0,0,0,0,0,0,0,0,0,0
36967,-0.20,-8,3092,0,0,0.00,0,90,0,89.43,91.13,0,0,0,0,0,0,0,0,0,0,0,0,0,0,0,0,0,0,0,0
37003,-0.28,-11,3102,0,0,0.00,0,90,0,89.43,91.13,0,0,0,0,0,0,0,0,0,0,0,0,0,0,0,0,0,0,0,0
37039,-0.18,-11,3111,0,0,0.00,0,90,0,89.43,91.13,0,0,0,0,0,0,0,0,0,0,0,0,0,0,0,0,0,0,0,0
37075,-0.20,-7,3110,0,0,0.00,0,90,0,89.43,91.13,0,0,0,0,0,0,0,0,0,0,0,0,0,0,0,0,0,0,0,0
37111,-0.18,-3,3106,0,0,0.00,0,90,0,89.43,91.13,0,0,0,0,0,0,0,0,0,0,0,0,0,0,0,0,0,0,0,0
37147,-0.23,-2,3096,0,0,0.00,0,90,0,89.43,91.13,0,0,0,0,0,0,0,0,0,0,0,0,0,0,0,0,0,0,0,0
37183,-0.30,-3,3088,0,0,0.00,0,90,0,89.43,91.13,0,0,0,0,0,0,0,0,0,0,0,0,0,0,0,0,0,0,0,0
37219,-0.28,-6,3105,0,0,0.00,0,90,0,89.43,91.13,0,0,0,0,0,0,0,0,0,0,0,0,0,0,0,0,0,0,0,0
37255,-0.20,-6,3121,0,0,0.00,0,90,0,89.43,91.13,0,0,0,0,0,0,0,0,0,0,0,0,0,0,0,0,0,0,0,0
37291,-0.28,-1,3115,0,0,0.00,0,90,0,89.43,91.13,0,0,0,0,0,0,0,0,0,0,0,0,0,0,0,0,0,0,0,0
37327,-0.28,0,3083,0,0,0.00,0,90,0,89.43,91.13,0,0,0,0,0,0,0,0,0,0,0,0,0,0,0,0,0,0,0,0
37363,-0.31,0,3103,0,0,0.00,0,90,0,89.43,91.13,0,0,0,0,0,0,0,0,0,0,0,0,0,0,0,0,0,0,0,0
37399,-0.18,-3,3104,0,0,0.00,0,90,0,89.43,91.13,0,0,0,0,0,0,0,0,0,0,0,0,0,0,0,0,0,0,0,0
37435,-0.19,-4,3092,0,0,0.00,0,90,0,89.43,91.13,0,0,0,0,0,0,0,0,0,0,0,0,0,0,0,0,0,0,0,0
37471,-0.25,-6,3085,0,0,0.00,0,90,0,89.43,91.13,0,0,0,0,0,0,0,0,0,0,0,0,0,0,0,0,0,0,0,0
37507,-0.17,-8,3120,0,0,0.00,0,90,0,89.43,91.13,0,0,0,0,0,0,0,0,0,0,0,0,0,0,0,0,0,0,0,0
37543,-0.13,-4,3120,0,0,0.00,0,90,0,89.43,91.13,0,0,0,0,0,0,0,0,0,0,0,0,0,0,0,0,0,0,0,0
37579,-0.22,2,3123,0,0,0.00,0,90,0,89.43,91.13,0,0,0,0,0,0,0,0,0,0,0,0,0,0,0,0,0,0,0,0
37615,-0.23,8,3114,0,0,0.00,0,90,0,89.43,91.13,0,0,0,0,0,0,0,0,0,0,0,0,0,0,0,0,0,0,0,0
37651,-0.13,10,3099,0,0,0.00,0,90,0,89.43,91.13,0,0,0,0,0,0,0,0,0,0,0,0,0,0,0,0,0,0,0,0
37687,-0.28,6,3090,0,0,0.00,0,90,0,89.43,91.13,0,0,0,0,0,0,0,0,0,0,0,0,0,0,0,0,0,0,0,0
37723,-0.25,0,3099,0,0,0.00,0,90,0,89.43,91.13,0,0,0,0,0,0,0,0,0,0,0,0,0,0,0,0,0,0,0,0
37759,-0.27,-5,3085,0,0,0.00,0,90,0,89.43,91.13,0,0,0,0,0,0,0,0,0,0,0,0,0,0,0,0,0,0,0,0
37795,-0.21,-10,3093,0,0,0.00,0,90,0,89.43,91.13,0,0,0,0,0,0,0,0,0,0,0,0,0,0,0,0,0,0,0,0
37831,-0.26,-12,3090,0,0,0.00,0,90,0,89.43,91.13,0,0,0,0,0,0,0,0,0,0,0,0,0,0,0,0,0,0,0,0
37867,-0.25,-12,3093,0,0,0.00,0,90,0,89.43,91.13,0,0,0,0,0,0,0,0,0,0,0,0,0,0,0,0,0,0,0,0
37903,-0.24,-11,3092,0,0,0.00,0,90,0,89.43,91.13,0,0,0,0,0,0,0,0,0,0,0,0,0,0,0,0,0,0,0,0
37939,-0.23,-9,3101,0,0,0.00,0,90,0,89.43,91.13,0,0,0,0,0,0,0,0,0,0,0,0,0,0,0,0,0,0,0,0
37975,-0.18,-6,3101,0,0,0.00,0,90,0,89.43,91.13,0,0,0,0,0,0,0,0,0,0,0,0,0,0,0,0,0,0,0,0
38011,-0.26,-1,3114,0,0,0.00,0,90,0,89.43,91.13,0,0,0,0,0,0,0,0,0,0,0,0,0,0,0,0,0,0,0,0
38047,-0.23,2,3095,0,0,0.00,0,90,0,89.43,91.13,0,0,0,0,0,0,0,0,0,0,0,0,0,0,0,0,0,0,0,0
38083,-0.27,2,3086,0,0,0.00,0,90,0,89.43,91.13,0,0,0,0,0,0,0,0,0,0,0,0,0,0,0,0,0,0,0,0
38119,-0.25,0,3087,0,0,0.00,0,90,0,89.43,91.13,0,0,0,0,0,0,0,0,0,0,0,0,0,0,0,0,0,0,0,0
38155,-0.24,-4,3091,0,0,0.00,0,90,0,89.43,91.13,0,0,0,0,0,0,0,0,0,0,0,0,0,0,0,0,0,0,0,0
38191,-0.22,-5,3099,0,0,0.00,0,90,0,89.43,91.13,0,0,0,0,0,0,0,0,0,0,0,0,0,0,0,0,0,0,0,0
38227,-0.26,-4,3101,0,0,0.00,0,90,0,89.43,91.13,0,0,0,0,0,0,0,0,0,0,0,0,0,0,0,0,0,0,0,0
38263,-0.20,-2,3088,0,0,0.00,0,90,0,89.43,91.13,0,0,0,0,0,0,0,0,0,0,0,0,0,0,0,0,0,0,0,0
38299,-0.16,-1,3099,0,0,0.00,0,90,0,89.43,91.13,0,0,0,0,0,0,0,0,0,0,0,0,0,0,0,0,0,0,0,0
38335,-0.28,0,3105,0,0,0.00,0,90,0,89.43,91.13,0,0,0,0,0,0,0,0,0,0,0,0,0,0,0,0,0,0,0,0
38371,-0.28,2,3097,0,0,0.00,0,90,0,89.43,91.13,0,0,0,0,0,0,0,0,0,0,0,0,0,0,0,0,0,0,0,0
38407,-0.23,4,3108,0,0,0.00,0,90,0,89.43,91.13,0,0,0,0,0,0,0,0,0,0,0,0,0,0,0,0,0,0,0,0
38443,-0.25,6,3104,0,0,0.00,0,90,0,89.43,91.13,0,0,0,0,0,0,0,0,0,0,0,0,0,0,0,0,0,0,0,0
38479,-0.18,7,3099,0,0,0.00,0,90,0,89.43,91.13,0,0,0,0,0,0,0,0,0,0,0,0,0,0,0,0,0,0,0,0
38515,-0.21,7,3120,0,0,0.00,0,90,0,89.43,91.13,0,0,0,0,0,0,0,0,0,0,0,0,0,0,0,0,0,0,0,0
38551,-0.19,11,3141,0,0,0.00,0,90,0,89.43,91.13,0,0,0,0,0,0,0,0,0,0,0,0,0,0,0,0,0,0,0,0
38587,-0.18,21,3170,0,0,0.00,0,90,0,89.43,91.13,0,0,0,0,0,0,0,0,0,0,0,0,0,0,0,0,0,0,0,0
38623,-0.29,35,3174,0,0,0.00,0,90,0,89.43,91.13,0,0,0,0,0,0,0,0,0,0,0,0,0,0,0,0,0,0,0,0
38659,-0.27,47,3161,0,0,0.00,0,90,0,89.43,91.13,0,0,0,0,0,0,0,0,0,0,0,0,0,0,0,0,0,0,0,0
38695,-0.30,51,3139,0,0,0.00,0,90,0,89.43,91.13,0,0,0,0,0,0,0,0,0,0,0,0,0,0,0,0,0,0,0,0
38731,-0.20,44,3130,0,0,0.00,0,90,0,89.43,91.13,0,0,0,0,0,0,0,0,0,0,0,0,0,0,0,0,0,0,0,0
38767,-0.25,32,3119,0,0,0.00,0,90,0,89.43,91.13,0,0,0,0,0,0,0,0,0,0,0,0,0,0,0,0,0,0,0,0
38803,-0.28,17,3116,0,0,0.00,0,90,0,89.43,91.13,0,0,0,0,0,0,0,0,0,0,0,0,0,0,0,0,0,0,0,0
38839,-0.19,4,3099,0,0,0.00,0,90,0,89.43,91.13,0,0,0,0,0,0,0,0,0,0,0,0,0,0,0,0,0,0,0,0
38875,-0.18,-6,3114,0,0,0.00,0,90,0,89.43,91.13,0,0,0,0,0,0,0,0,0,0,0,0,0,0,0,0,0,0,0,0
38911,-0.14,-12,3122,0,0,0.00,0,90,0,89.43,91.13,0,0,0,0,0,0,0,0,0,0,0,0,0,0,0,0,0,0,0,0
38947,-0.12,-10,3147,0,0,0.00,0,90,0,89.43,91.13,0,0,0,0,0,0,0,0,0,0,0,0,0,0,0,0,0,0,0,0
38983,-0.17,-2,3150,0,0,0.00,0,90,0,89.43,91.13,0,0,0,0,0,0,0,0,0,0,0,0,0,0,0,0,0,0,0,0
39019,-0.19,6,3133,0,0,0.00,0,90,0,89.43,91.13,0,0,0,0,0,0,0,0,0,0,0,0,0,0,0,0,0,0,0,0
39055,-0.26,9,3117,0,0,0.00,0,90,0,89.43,91.13,0,0,0,0,0,0,0,0,0,0,0,0,0,0,0,0,0,0,0,0
39091,-0.24,7,3133,0,0,0.00,0,90,0,89.43,91.13,0,0,0,0,0,0,0,0,0,0,0,0,0,0,0,0,0,0,0,0
39127,-0.20,4,3139,0,0,0.00,0,90,0,89.43,91.13,0,0,0,0,0,0,0,0,0,0,0,0,0,0,0,0,0,0,0,0
39163,-0.19,4,3151,0,0,0.00,0,90,0,89.43,91.13,0,0,0,0,0,0,0,0,0,0,0,0,0,0,0,0,0,0,0,0
39199,-0.20,6,3142,0,0,0.00,0,90,0,89.43,91.13,0,0,0,0,0,0,0,0,0,0,0,0,0,0,0,0,0,0,0,0
39235,-0.25,5,3107,0,0,0.00,0,90,0,89.43,91.13,0,0,0,0,0,0,0,0,0,0,0,0,0,0,0,0,0,0,0,0
39271,-0.25,-3,3071,0,0,0.00,0,90,0,89.43,91.13,0,0,0,0,0,0,0,0,0,0,0,0,0,0,0,0,0,0,0,0
39307,-0.12,-19,3084,0,0,0.00,0,90,0,89.43,91.13,0,0,0,0,0,0,0,0,0,0,0,0,0,0,0,0,0,0,0,0
39343,-0.19,-34,3069,0,0,0.00,0,90,0,89.43,91.13,0,0,0,0,0,0,0,0,0,0,0,0,0,0,0,0,0,0,0,0
39379,-0.15,-43,3093,0,0,0.00,0,90,0,89.43,91.13,0,0,0,0,0,0,0,0,0,0,0,0,0,0,0,0,0,0,0,0
39415,-0.28,-44,3103,0,0,0.00,0,90,0,89.43,91.13,0,0,0,0,0,0,0,0,0,0,0,0,0,0,0,0,0,0,0,0
39451,-0.13,-36,3121,0,0,0.00,0,90,0,89.43,91.13,0,0,0,0,0,0,0,0,0,0,0,0,0,0,0,0,0,0,0,0
39487,-0.15,-22,3137,0,0,0.00,0,90,0,89.43,91.13,0,0,0,0,0,0,0,0,0,0,0,0,0,0,0,0,0,0,0,0
39523,-0.31,-7,3143,0,0,0.00,0,90,0,89.43,91.13,0,0,0,0,0,0,0,0,0,0,0,0,0,0,0,0,0,0,0,0
39559,-0.54,4,3112,0,0,0.00,0,90,0,89.43,91.13,0,0,0,0,0,0,0,0,0,0,0,0,0,0,0,0,0,0,0,0
39595,-0.25,7,3099,0,0,0.00,0,90,0,89.43,91.13,0,0,0,0,0,0,0,0,0,0,0,0,0,0,0,0,0,0,0,0
39631,-0.37,0,3088,0,0,0.00,0,90,0,89.43,91.13,0,0,0,0,0,0,0,0,0,0,0,0,0,0,0,0,0,0,0,0
39667,-0.03,-10,3086,0,0,0.00,0,90,0,89.43,91.13,0,0,0,0,0,0,0,0,0,0,0,0,0,0,0,0,0,0,0,0
39703,0.17,-18,3100,0,0,0.00,0,90,0,89.43,91.13,0,0,0,0,0,0,0,0,0,0,0,0,0,0,0,0,0,0,0,0
39739,-0.25,-21,3100,0,0,0.00,0,90,0,89.43,91.13,0,0,0,0,0,0,0,0,0,0,0,0,0,0,0,0,0,0,0,0
39775,-0.10,-20,3103,0,0,0.00,0,90,0,89.43,91.13,0,0,0,0,0,0,0,0,0,0,0,0,0,0,0,0,0,0,0,0
39811,-0.04,-16,3106,0,0,0.00,0,90,0,89.43,91.13,0,0,0,0,0,0,0,0,0,0,0,0,0,0,0,0,0,0,0,0
39847,-0.02,-12,3103,0,0,0.00,0,90,0,89.43,91.13,0,0,0,0,0,0,0,0,0,0,0,0,0,0,0,0,0,0,0,0
39883,-0.12,-9,3092,0,0,0.00,0,90,0,89.43,91.13,0,0,0,0,0,0,0,0,0,0,0,0,0,0,0,0,0,0,0,0
39919,-0.20,-9,3083,0,0,0.00,0,90,0,89.43,91.13,0,0,0,0,0,0,0,0,0,0,0,0,0,0,0,0,0,0,0,0
39955,-0.22,-12,3096,0,0,0.00,0,90,0,89.43,91.13,0,0,0,0,0,0,0,0,0,0,0,0,0,0,0,0,0,0,0,0
39991,-0.25,-13,3091,0,0,0.00,0,90,0,89.43,91.13,0,0,0,0,0,0,0,0,0,0,0,0,0,0,0,0,0,0,0,0
40027,-0.20,-12,3104,0,0,0.00,0,90,0,89.43,91.13,0,0,0,0,0,0,0,0,0,0,0,0,0,0,0,0,0,0,0,0
40063,-0.31,-8,3105,0,0,0.00,0,90,0,89.43,91.13,0,0,0,0,0,0,0,0,0,0,0,0,0,0,0,0,0,0,0,0
40099,-0.46,-4,3104,0,0,0.00,0,90,0,89.43,91.13,0,0,0,0,0,0,0,0,0,0,0,0,0,0,0,0,0,0,0,0
40135,-0.47,0,3096,0,0,0.00,0,90,0,89.43,91.13,0,0,0,0,0,0,0,0,0,0,0,0,0,0,0,0,0,0,0,0
40171,-0.45,0,3082,0,0,0.00,0,90,0,89.43,91.13,0,0,0,0,0,0,0,0,0,0,0,0,0,0,0,0,0,0,0,0
40207,-0.26,-5,3063,0,0,0.00,0,90,0,89.43,91.13,0,0,0,0,0,0,0,0,0,0,0,0,0,0,0,0,0,0,0,0
40243,-0.21,-13,3071,0,0,0.00,0,90,0,89.43,91.13,0,0,0,0,0,0,0,0,0,0,0,0,0,0,0,0,0,0,0,0
40279,-0.27,-17,3091,0,0,0.00,0,90,0,89.43,91.13,0,0,0,0,0,0,0,0,0,0,0,0,0,0,0,0,0,0,0,0
40315,-0.18,-15,3105,0,0,0.00,0,90,0,89.43,91.13,0,0,0,0,0,0,0,0,0,0,0,0,0,0,0,0,0,0,0,0
40351,-0.19,-7,3104,0,0,0.00,0,90,0,89.43,91.13,0,0,0,0,0,0,0,0,0,0,0,0,0,0,0,0,0,0,0,0
40387,-0.13,1,3105,0,0,0.00,0,90,0,89.43,91.13,0,0,0,0,0,0,0,0,0,0,0,0,0,0,0,0,0,0,0,0
40423,-0.08,8,3111,0,0,0.00,0,90,0,89.43,91.13,0,0,0,0,0,0,0,0,0,0,0,0,0,0,0,0,0,0,0,0
40459,-0.01,13,3116,0,0,0.00,0,90,0,89.43,91.13,0,0,0,0,0,0,0,0,0,0,0,0,0,0,0,0,0,0,0,0
40495,-0.29,18,3117,0,0,0.00,0,90,0,89.43,91.13,0,0,0,0,0,0,0,0,0,0,0,0,0,0,0,0,0,0,0,0
40531,-0.17,20,3115,0,0,0.00,0,90,0,89.43,91.13,0,0,0,0,0,0,0,0,0,0,0,0,0,0,0,0,0,0,0,0
40567,-0.29,21,3119,0,0,0.00,0,90,0,89.43,91.13,0,0,0,0,0,0,0,0,0,0,0,0,0,0,0,0,0,0,0,0
40603,-0.31,22,3130,0,0,0.00,0,90,0,89.43,91.13,0,0,0,0,0,0,0,0,0,0,0,0,0,0,0,0,0,0,0,0
40639,-0.19,23,3120,0,0,0.00,0,90,0,89.43,91.13,0,0,0,0,0,0,0,0,0,0,0,0,0,0,0,0,0,0,0,0
40675,-0.27,22,3110,0,0,0.00,0,90,0,89.43,91.13,0,0,0,0,0,0,0,0,0,0,0,0,0,0,0,0,0,0,0,0
40711,-0.21,17,3091,0,0,0.00,0,90,0,89.43,91.13,0,0,0,0,0,0,0,0,0,0,0,0,0,0,0,0,0,0,0,0
40747,-0.23,9,3097,0,0,0.00,0,90,0,89.43,91.13,0,0,0,0,0,0,0,0,0,0,0,0,0,0,0,0,0,0,0,0
40783,0.10,1,3095,0,0,0.00,0,90,0,89.43,91.13,0,0,0,0,0,0,0,0,0,0,0,0,0,0,0,0,0,0,0,0
40819,0.00,-3,3102,0,0,0.00,0,90,0,89.43,91.13,0,0,0,0,0,0,0,0,0,0,0,0,0,0,0,0,0,0,0,0
40855,-0.10,-6,3071,0,0,0.00,0,90,0,89.43,91.13,0,0,0,0,0,0,0,0,0,0,0,0,0,0,0,0,0,0,0,0
40891,-0.19,-12,3063,0,0,0.00,0,90,0,89.43,91.13,0,0,0,0,0,0,0,0,0,0,0,0,0,0,0,0,0,0,0,0
40927,-0.23,-19,3071,0,0,0.00,0,90,0,89.43,91.13,0,0,0,0,0,0,0,0,0,0,0,0,0,0,0,0,0,0,0,0
40963,-0.17,-23,3071,0,0,0.00,0,90,0,89.43,91.13,0,0,0,0,0,0,0,0,0,0,0,0,0,0,0,0,0,0,0,0
40999,-0.12,-24,3070,0,0,0.00,0,90,0,89.43,91.13,0,0,0,0,0,0,0,0,0,0,0,0,0,0,0,0,0,0,0,0
41035,-0.13,-22,3081,0,0,0.00,0,90,0,89.43,91.13,0,0,0,0,0,0,0,0,0,0,0,0,0,0,0,0,0,0,0,0
41071,-0.17,-17,3086,0,0,0.00,0,90,0,89.43,91.13,0,0,0,0,0,0,0,0,0,0,0,0,0,0,0,0,0,0,0,0
41107,-0.16,-10,3096,0,0,0.00,0,90,0,89.43,91.13,0,0,0,0,0,0,0,0,0,0,0,0,0,0,0,0,0,0,0,0
41143,-0.25,-2,3103,0,0,0.00,0,90,0,89.43,91.13,0,0,0,0,0,0,0,0,0,0,0,0,0,0,0,0,0,0,0,0
41179,-0.64,7,3136,0,0,0.00,0,90,0,89.43,91.13,0,0,0,0,0,0,0,0,0,0,0,0,0,0,0,0,0,0,0,0
41215,-0.52,20,3138,0,0,0.00,0,90,0,89.43,91.13,0,0,0,0,0,0,0,0,0,0,0,0,0,0,0,0,0,0,0,0
41251,-0.41,32,3151,0,0,0.00,0,90,0,89.43,91.13,0,0,0,0,0,0,0,0,0,0,0,0,0,0,0,0,0,0,0,0
41287,-0.39,43,3151,0,0,0.00,0,90,0,89.43,91.13,0,0,0,0,0,0,0,0,0,0,0,0,0,0,0,0,0,0,0,0
41323,-0.19,48,3141,0,0,0.00,0,90,0,89.43,91.13,0,0,0,0,0,0,0,0,0,0,0,0,0,0,0,0,0,0,0,0
41359,-0.29,46,3120,0,0,0.00,0,90,0,89.43,91.13,0,0,0,0,0,0,0,0,0,0,0,0,0,0,0,0,0,0,0,0
41395,-0.40,37,3109,0,0,0.00,0,90,0,89.43,91.13,0,0,0,0,0,0,0,0,0,0,0,0,0,0,0,0,0,0,0,0
41431,-0.28,22,3092,0,0,0.00,0,90,0,89.43,91.13,0,0,0,0,0,0,0,0,0,0,0,0,0,0,0,0,0,0,0,0
41467,-0.13,7,3091,0,0,0.00,0,90,0,89.43,91.13,0,0,0,0,0,0,0,0,0,0,0,0,0,0,0,0,0,0,0,0
41503,-0.18,-6,3068,0,0,0.00,0,90,0,89.43,91.13,0,0,0,0,0,0,0,0,0,0,0,0,0,0,0,0,0,0,0,0
41539,-0.26,-20,3047,0,0,0.00,0,90,0,89.43,91.13,0,0,0,0,0,0,0,0,0,0,0,0,0,0,0,0,0,0,0,0
41575,0.05,-33,3050,0,0,0.00,0,90,0,89.43,91.13,0,0,0,0,0,0,0,0,0,0,0,0,0,0,0,0,0,0,0,0
41611,0.15,-42,3056,0,0,0.00,0,90,0,89.43,91.13,0,0,0,0,0,0,0,0,0,0,0,0,0,0,0,0,0,0,0,0
41647,0.10,-44,3061,0,0,0.00,0,90,0,89.43,91.13,0,0,0,0,0,0,0,0,0,0,0,0,0,0,0,0,0,0,0,0
41683,0.08,-40,3086,0,0,0.00,0,90,0,89.43,91.13,0,0,0,0,0,0,0,0,0,0,0,0,0,0,0,0,0,0,0,0
41719,-0.12,-28,3101,0,0,0.00,0,90,0,89.43,91.13,0,0,0,0,0,0,0,0,0,0,0,0,0,0,0,0,0,0,0,0
41755,-0.19,-11,3135,0,0,0.00,0,90,0,89.43,91.13,0,0,0,0,0,0,0,0,0,0,0,0,0,0,0,0,0,0,0,0
41791,-0.20,9,3148,0,0,0.00,0,90,0,89.43,91.13,0,0,0,0,0,0,0,0,0,0,0,0,0,0,0,0,0,0,0,0
41827,-0.14,29,3157,0,0,0.00,0,90,0,89.43,91.13,0,0,0,0,0,0,0,0,0,0,0,0,0,0,0,0,0,0,0,0
41863,-0.04,43,3136,0,0,0.00,0,90,0,89.43,91.13,0,0,0,0,0,0,0,0,0,0,0,0,0,0,0,0,0,0,0,0
41899,0.22,48,3133,0,0,0.00,0,90,0,89.43,91.13,0,0,0,0,0,0,0,0,0,0,0,0,0,0,0,0,0,0,0,0
41935,-0.08,43,3119,0,0,0.00,0,90,0,89.43,91.13,0,0,0,0,0,0,0,0,0,0,0,0,0,0,0,0,0,0,0,0
41971,-0.27,32,3098,0,0,0.00,0,90,0,89.43,91.13,0,0,0,0,0,0,0,0,0,0,0,0,0,0,0,0,0,0,0,0
42007,-0.29,16,3083,0,0,0.00,0,90,0,89.43,91.13,0,0,0,0,0,0,0,0,0,0,0,0,0,0,0,0,0,0,0,0
42043,-0.23,0,3084,0,0,0.00,0,90,0,89.43,91.13,0,0,0,0,0,0,0,0,0,0,0,0,0,0,0,0,0,0,0,0
42079,-0.30,-13,3071,0,0,0.00,0,90,0,89.43,91.13,0,0,0,0,0,0,0,0,0,0,0,0,0,0,0,0,0,0,0,0
42115,-0.29,-21,3094,0,0,0.00,0,90,0,89.43,91.13,0,0,0,0,0,0,0,0,0,0,0,0,0,0,0,0,0,0,0,0
42151,-0.22,-22,3094,0,0,0.00,0,90,0,89.43,91.13,0,0,0,0,0,0,0,0,0,0,0,0,0,0,0,0,0,0,0,0
42187,-0.40,-19,3088,0,0,0.00,0,90,0,89.43,91.13,0,0,0,0,0,0,0,0,0,0,0,0,0,0,0,0,0,0,0,0
42223,-0.25,-16,3071,0,0,0.00,0,90,0,89.43,91.13,0,0,0,0,0,0,0,0,0,0,0,0,0,0,0,0,0,0,0,0
42259,-0.21,-16,3088,0,0,0.00,0,90,0,89.43,91.13,0,0,0,0,0,0,0,0,0,0,0,0,0,0,0,0,0,0,0,0
42295,-0.12,-14,3098,0,0,0.00,0,90,0,89.43,91.13,0,0,0,0,0,0,0,0,0,0,0,0,0,0,0,0,0,0,0,0
42331,0.02,-9,3104,0,0,0.00,0,90,0,89.43,91.13,0,0,0,0,0,0,0,0,0,0,0,0,0,0,0,0,0,0,0,0
42367,-0.15,-2,3114,0,0,0.00,0,90,0,89.43,91.13,0,0,0,0,0,0,0,0,0,0,0,0,0,0,0,0,0,0,0,0
42403,-0.14,4,3120,0,0,0.00,0,90,0,89.43,91.13,0,0,0,0,0,0,0,0,0,0,0,0,0,0,0,0,0,0,0,0
42439,-0.33,10,3102,0,0,0.00,0,90,0,89.43,91.13,0,0,0,0,0,0,0,0,0,0,0,0,0,0,0,0,0,0,0,0
42475,-0.26,11,3093,0,0,0.00,0,90,0,89.43,91.13,0,0,0,0,0,0,0,0,0,0,0,0,0,0,0,0,0,0,0,0
42511,-0.26,6,3083,0,0,0.00,0,90,0,89.43,91.13,0,0,0,0,0,0,0,0,0,0,0,0,0,0,0,0,0,0,0,0
42547,-0.45,0,3093,0,0,0.00,0,90,0,89.43,91.13,0,0,0,0,0,0,0,0,0,0,0,0,0,0,0,0,0,0,0,0
42583,-0.16,-4,3094,0,0,0.00,0,90,0,89.43,91.13,0,0,0,0,0,0,0,0,0,0,0,0,0,0,0,0,0,0,0,0
42619,-0.20,-5,3107,0,0,0.00,0,90,0,89.43,91.13,0,0,0,0,0,0,0,0,0,0,0,0,0,0,0,0,0,0,0,0
42655,0.04,-1,3120,0,0,0.00,0,90,0,89.43,91.13,0,0,0,0,0,0,0,0,0,0,0,0,0,0,0,0,0,0,0,0
42691,0.39,4,3119,0,0,0.00,0,90,0,89.43,91.13,0,0,0,0,0,0,0,0,0,0,0,0,0,0,0,0,0,0,0,0
42727,0.75,9,3088,0,0,0.00,0,90,0,89.43,91.13,0,0,0,0,0,0,0,0,0,0,0,0,0,0,0,0,0,0,0,0
42763,-0.13,7,3086,0,0,0.00,0,90,0,89.43,91.13,0,0,0,0,0,0,0,0,0,0,0,0,0,0,0,0,0,0,0,0
42799,-0.19,1,3099,0,0,0.00,0,90,0,89.43,91.13,0,0,0,0,0,0,0,0,0,0,0,0,0,0,0,0,0,0,0,0
42835,-0.27,-1,3110,0,0,0.00,0,90,0,89.43,91.13,0,0,0,0,0,0,0,0,0,0,0,0,0,0,0,0,0,0,0,0
42871,-0.19,0,3103,0,0,0.00,0,90,0,89.43,91.13,0,0,0,0,0,0,0,0,0,0,0,0,0,0,0,0,0,0,0,0
42907,-0.20,2,3119,0,0,0.00,0,90,0,89.43,91.13,0,0,0,0,0,0,0,0,0,0,0,0,0,0,0,0,0,0,0,0
42943,-0.15,5,3103,0,0,0.00,0,90,0,89.43,91.13,0,0,0,0,0,0,0,0,0,0,0,0,0,0,0,0,0,0,0,0
42979,-0.13,6,3106,0,0,0.00,0,90,0,89.43,91.13,0,0,0,0,0,0,0,0,0,0,0,0,0,0,0,0,0,0,0,0
43015,-0.15,6,3105,0,0,0.00,0,90,0,89.43,91.13,0,0,0,0,0,0,0,0,0,0,0,0,0,0,0,0,0,0,0,0
43051,-0.04,4,3099,0,0,0.00,0,90,0,89.43,91.13,0,0,0,0,0,0,0,0,0,0,0,0,0,0,0,0,0,0,0,0
43087,-0.03,2,3107,0,0,0.00,0,90,0,89.43,91.13,0,0,0,0,0,0,0,0,0,0,0,0,0,0,0,0,0,0,0,0
43123,-0.07,2,3118,0,0,0.00,0,90,0,89.43,91.13,0,0,0,0,0,0,0,0,0,0,0,0,0,0,0,0,0,0,0,0
43159,0.08,4,3110,0,0,0.00,0,90,0,89.43,91.13,0,0,0,0,0,0,0,0,0,0,0,0,0,0,0,0,0,0,0,0
43195,0.07,5,3109,0,0,0.00,0,90,0,89.43,91.13,0,0,0,0,0,0,0,0,0,0,0,0,0,0,0,0,0,0,0,0
43231,0.03,6,3118,0,0,0.00,0,90,0,89.43,91.13,0,0,0,0,0,0,0,0,0,0,0,0,0,0,0,0,0,0,0,0
43267,-0.06,7,3119,0,0,0.00,0,90,0,89.43,91.13,0,0,0,0,0,0,0,0,0,0,0,0,0,0,0,0,0,0,0,0
43303,-0.10,8,3106,0,0,0.00,0,90,0,89.43,91.13,0,0,0,0,0,0,0,0,0,0,0,0,0,0,0,0,0,0,0,0
43339,-0.21,6,3104,0,0,0.00,0,90,0,89.43,91.13,0,0,0,0,0,0,0,0,0,0,0,0,0,0,0,0,0,0,0,0
43375,-0.16,1,3088,0,0,0.00,0,90,0,89.43,91.13,0,0,0,0,0,0,0,0,0,0,0,0,0,0,0,0,0,0,0,0
43411,-0.41,-4,3089,0,0,0.00,0,90,0,89.43,91.13,0,0,0,0,0,0,0,0,0,0,0,0,0,0,0,0,0,0,0,0
43447,-0.36,-9,3103,0,0,0.00,0,90,0,89.43,91.13,0,0,0,0,0,0,0,0,0,0,0,0,0,0,0,0,0,0,0,0
43483,-0.41,-10,3118,0,0,0.00,0,90,0,89.43,91.13,0,0,0,0,0,0,0,0,0,0,0,0,0,0,0,0,0,0,0,0
43519,-0.31,-5,3120,0,0,0.00,0,90,0,89.43,91.13,0,0,0,0,0,0,0,0,0,0,0,0,0,0,0,0,0,0,0,0
43555,-0.38,0,3081,0,0,0.00,0,90,0,89.43,91.13,0,0,0,0,0,0,0,0,0,0,0,0,0,0,0,0,0,0,0,0
43591,-0.36,-3,3070,0,0,0.00,0,90,0,89.43,91.13,0,0,0,0,0,0,0,0,0,0,0,0,0,0,0,0,0,0,0,0
43627,-0.42,-10,3109,0,0,0.00,0,90,0,89.43,91.13,0,0,0,0,0,0,0,0,0,0,0,0,0,0,0,0,0,0,0,0
43663,-0.23,-9,3137,0,0,0.00,0,90,0,89.43,91.13,0,0,0,0,0,0,0,0,0,0,0,0,0,0,0,0,0,0,0,0
43699,-0.30,-1,3110,0,0,0.00,0,90,0,89.43,91.13,0,0,0,0,0,0,0,0,0,0,0,0,0,0,0,0,0,0,0,0
43735,-0.31,4,3107,0,0,0.00,0,90,0,89.43,91.13,0,0,0,0,0,0,0,0,0,0,0,0,0,0,0,0,0,0,0,0
43771,-0.25,6,3107,0,0,0.00,0,90,0,89.43,91.13,0,0,0,0,0,0,0,0,0,0,0,0,0,0,0,0,0,0,0,0
43807,-0.25,4,3088,0,0,0.00,0,90,0,89.43,91.13,0,0,0,0,0,0,0,0,0,0,0,0,0,0,0,0,0,0,0,0
43843,-0.30,-1,3089,0,0,0.00,0,90,0,89.43,91.13,0,0,0,0,0,0,0,0,0,0,0,0,0,0,0,0,0,0,0,0
43879,-0.27,-6,3104,0,0,0.00,0,90,0,89.43,91.13,0,0,0,0,0,0,0,0,0,0,0,0,0,0,0,0,0,0,0,0
43915,-0.26,-7,3120,0,0,0.00,0,90,0,89.43,91.13,0,0,0,0,0,0,0,0,0,0,0,0,0,0,0,0,0,0,0,0
43951,-0.44,-2,3120,0,0,0.00,0,90,0,89.43,91.13,0,0,0,0,0,0,0,0,0,0,0,0,0,0,0,0,0,0,0,0
43987,-0.83,3,3115,0,0,0.00,0,90,0,89.43,91.13,0,0,0,0,0,0,0,0,0,0,0,0,0,0,0,0,0,0,0,0
44023,-0.80,8,3126,0,0,0.00,0,90,0,89.43,91.13,0,0,0,0,0,0,0,0,0,0,0,0,0,0,0,0,0,0,0,0
44059,-0.55,12,3134,0,0,0.00,0,90,0,89.43,91.13,0,0,0,0,0,0,0,0,0,0,0,0,0,0,0,0,0,0,0,0
44095,-0.42,14,3107,0,0,0.00,0,90,0,89.43,91.13,0,0,0,0,0,0,0,0,0,0,0,0,0,0,0,0,0,0,0,0
44131,-0.32,10,3081,0,0,0.00,0,90,0,89.43,91.13,0,0,0,0,0,0,0,0,0,0,0,0,0,0,0,0,0,0,0,0
44167,-0.42,-1,3056,0,0,0.00,0,90,0,89.43,91.13,0,0,0,0,0,0,0,0,0,0,0,0,0,0,0,0,0,0,0,0
44203,-0.30,-18,3056,0,0,0.00,0,90,0,89.43,91.13,0,0,0,0,0,0,0,0,0,0,0,0,0,0,0,0,0,0,0,0
44239,-0.19,-31,3085,0,0,0.00,0,90,0,89.43,91.13,0,0,0,0,0,0,0,0,0,0,0,0,0,0,0,0,0,0,0,0
44275,0.00,-31,3119,0,0,0.00,0,90,0,89.43,91.13,0,0,0,0,0,0,0,0,0,0,0,0,0,0,0,0,0,0,0,0
44311,-0.21,-19,3145,0,0,0.00,0,90,0,89.43,91.13,0,0,0,0,0,0,0,0,0,0,0,0,0,0,0,0,0,0,0,0
44347,0.29,2,3167,0,0,0.00,0,90,0,89.43,91.13,0,0,0,0,0,0,0,0,0,0,0,0,0,0,0,0,0,0,0,0
44383,-0.03,25,3169,0,0,0.00,0,90,0,89.43,91.13,0,0,0,0,0,0,0,0,0,0,0,0,0,0,0,0,0,0,0,0
44419,-0.14,43,3174,0,0,0.00,0,90,0,89.43,91.13,0,0,0,0,0,0,0,0,0,0,0,0,0,0,0,0,0,0,0,0
44455,-0.14,53,3168,0,0,0.00,0,90,0,89.43,91.13,0,0,0,0,0,0,0,0,0,0,0,0,0,0,0,0,0,0,0,0
44491,-0.27,55,3161,0,0,0.00,0,90,0,89.43,91.13,0,0,0,0,0,0,0,0,0,0,0,0,0,0,0,0,0,0,0,0
44527,-0.23,49,3137,0,0,0.00,0,90,0,89.43,91.13,0,0,0,0,0,0,0,0,0,0,0,0,0,0,0,0,0,0,0,0
44563,-0.25,36,3130,0,0,0.00,0,90,0,89.43,91.13,0,0,0,0,0,0,0,0,0,0,0,0,0,0,0,0,0,0,0,0
44599,-0.24,21,3121,0,0,0.00,0,90,0,89.43,91.13,0,0,0,0,0,0,0,0,0,0,0,0,0,0,0,0,0,0,0,0
44635,-0.13,6,3119,0,0,0.00,0,90,0,89.43,91.13,0,0,0,0,0,0,0,0,0,0,0,0,0,0,0,0,0,0,0,0
44671,-0.15,-5,3100,0,0,0.00,0,90,0,89.43,91.13,0,0,0,0,0,0,0,0,0,0,0,0,0,0,0,0,0,0,0,0
44707,-0.14,-14,3122,0,0,0.00,0,90,0,89.43,91.13,0,0,0,0,0,0,0,0,0,0,0,0,0,0,0,0,0,0,0,0
44743,-0.19,-17,3138,0,0,0.00,0,90,0,89.43,91.13,0,0,0,0,0,0,0,0,0,0,0,0,0,0,0,0,0,0,0,0
44779,-0.22,-11,3148,0,0,0.00,0,90,0,89.43,91.13,0,0,0,0,0,0,0,0,0,0,0,0,0,0,0,0,0,0,0,0
44815,-0.29,-4,3133,0,0,0.00,0,90,0,89.43,91.13,0,0,0,0,0,0,0,0,0,0,0,0,0,0,0,0,0,0,0,0
44851,-0.24,0,3126,0,0,0.00,0,90,0,89.43,91.13,0,0,0,0,0,0,0,0,0,0,0,0,0,0,0,0,0,0,0,0
44887,-0.28,0,3124,0,0,0.00,0,90,0,89.43,91.13,0,0,0,0,0,0,0,0,0,0,0,0,0,0,0,0,0,0,0,0
44923,-0.22,-3,3102,0,0,0.00,0,90,0,89.43,91.13,0,0,0,0,0,0,0,0,0,0,0,0,0,0,0,0,0,0,0,0
44959,-0.27,-12,3085,0,0,0.00,0,90,0,89.43,91.13,0,0,0,0,0,0,0,0,0,0,0,0,0,0,0,0,0,0,0,0
44995,-0.26,-22,3097,0,0,0.00,0,90,0,89.43,91.13,0,0,0,0,0,0,0,0,0,0,0,0,0,0,0,0,0,0,0,0
45031,-0.46,-30,3098,0,0,0.00,0,90,0,89.43,91.13,0,0,0,0,0,0,0,0,0,0,0,0,0,0,0,0,0,0,0,0
45067,-0.23,-31,3111,0,0,0.00,0,90,0,89.43,91.13,0,0,0,0,0,0,0,0,0,0,0,0,0,0,0,0,0,0,0,0
45103,-0.18,-28,3098,0,0,0.00,0,90,0,89.43,91.13,0,0,0,0,0,0,0,0,0,0,0,0,0,0,0,0,0,0,0,0
45139,-0.09,-25,3105,0,0,0.00,0,90,0,89.43,91.13,0,0,0,0,0,0,0,0,0,0,0,0,0,0,0,0,0,0,0,0
45175,-0.10,-21,3108,0,0,0.00,0,90,0,89.43,91.13,0,0,0,0,0,0,0,0,0,0,0,0,0,0,0,0,0,0,0,0
45211,-0.19,-17,3103,0,0,0.00,0,90,0,89.43,91.13,0,0,0,0,0,0,0,0,0,0,0,0,0,0,0,0,0,0,0,0
45247,-0.12,-17,3062,0,0,0.00,0,90,0,89.43,91.13,0,0,0,0,0,0,0,0,0,0,0,0,0,0,0,0,0,0,0,0
45283,-0.28,-25,3050,0,0,0.00,0,90,0,89.43,91.13,0,0,0,0,0,0,0,0,0,0,0,0,0,0,0,0,0,0,0,0
45319,-0.46,-37,3033,0,0,0.00,0,90,0,89.43,91.13,0,0,0,0,0,0,0,0,0,0,0,0,0,0,0,0,0,0,0,0
45355,-0.35,-48,3066,0,0,0.00,0,90,0,89.43,91.13,0,0,0,0,0,0,0,0,0,0,0,0,0,0,0,0,0,0,0,0
45391,-0.13,-49,3088,0,0,0.00,0,90,0,89.43,91.13,0,0,0,0,0,0,0,0,0,0,0,0,0,0,0,0,0,0,0,0
45427,-0.22,-39,3105,0,0,0.00,0,90,0,89.43,91.13,0,0,0,0,0,0,0,0,0,0,0,0,0,0,0,0,0,0,0,0
45463,-0.33,-23,3095,0,0,0.00,0,90,0,89.43,91.13,0,0,0,0,0,0,0,0,0,0,0,0,0,0,0,0,0,0,0,0
45499,-0.36,-9,3099,0,0,0.00,0,90,0,89.43,91.13,0,0,0,0,0,0,0,0,0,0,0,0,0,0,0,0,0,0,0,0
45535,-0.39,0,3109,0,0,0.00,0,90,0,89.43,91.13,0,0,0,0,0,0,0,0,0,0,0,0,0,0,0,0,0,0,0,0
45571,-0.31,9,3123,0,0,0.00,0,90,0,89.43,91.13,0,0,0,0,0,0,0,0,0,0,0,0,0,0,0,0,0,0,0,0
45607,-0.33,14,3095,0,0,0.00,0,90,0,89.43,91.13,0,0,0,0,0,0,0,0,0,0,0,0,0,0,0,0,0,0,0,0
45643,-0.38,13,3070,0,0,0.00,0,90,0,89.43,91.13,0,0,0,0,0,0,0,0,0,0,0,0,0,0,0,0,0,0,0,0
45679,-0.31,2,3042,0,0,0.00,0,90,0,89.43,91.13,0,0,0,0,0,0,0,0,0,0,0,0,0,0,0,0,0,0,0,0
45715,-0.36,-12,3052,0,0,0.00,0,90,0,89.43,91.13,0,0,0,0,0,0,0,0,0,0,0,0,0,0,0,0,0,0,0,0
45751,-0.32,-24,3053,0,0,0.00,0,90,0,89.43,91.13,0,0,0,0,0,0,0,0,0,0,0,0,0,0,0,0,0,0,0,0
45787,-0.27,-30,3063,0,0,0.00,0,90,0,89.43,91.13,0,0,0,0,0,0,0,0,0,0,0,0,0,0,0,0,0,0,0,0
45823,-0.26,-27,3085,0,0,0.00,0,90,0,89.43,91.13,0,0,0,0,0,0,0,0,0,0,0,0,0,0,0,0,0,0,0,0
45859,-0.20,-18,3087,0,0,0.00,0,90,0,89.43,91.13,0,0,0,0,0,0,0,0,0,0,0,0,0,0,0,0,0,0,0,0
45895,-0.26,-8,3059,0,0,0.00,0,90,0,89.43,91.13,0,0,0,0,0,0,0,0,0,0,0,0,0,0,0,0,0,0,0,0
45931,-0.38,-4,3060,0,0,0.00,0,90,0,89.43,91.13,0,0,0,0,0,0,0,0,0,0,0,0,0,0,0,0,0,0,0,0
45967,-0.30,-4,3071,0,0,0.00,0,90,0,89.43,91.13,0,0,0,0,0,0,0,0,0,0,0,0,0,0,0,0,0,0,0,0
46003,-0.28,-3,3071,0,0,0.00,0,90,0,89.43,91.13,0,0,0,0,0,0,0,0,0,0,0,0,0,0,0,0,0,0,0,0
46039,-0.28,-2,3063,0,0,0.00,0,90,0,89.43,91.13,0,0,0,0,0,0,0,0,0,0,0,0,0,0,0,0,0,0,0,0
46075,-0.33,0,3097,0,0,0.00,0,90,0,89.43,91.13,0,0,0,0,0,0,0,0,0,0,0,0,0,0,0,0,0,0,0,0
46111,-0.42,9,3130,0,0,0.00,0,90,0,89.43,91.13,0,0,0,0,0,0,0,0,0,0,0,0,0,0,0,0,0,0,0,0
46147,-0.27,24,3141,0,0,0.00,0,90,0,89.43,91.13,0,0,0,0,0,0,0,0,0,0,0,0,0,0,0,0,0,0,0,0
46183,-0.26,40,3122,0,0,0.00,0,90,0,89.43,91.13,0,0,0,0,0,0,0,0,0,0,0,0,0,0,0,0,0,0,0,0
46219,-0.40,48,3120,0,0,0.00,0,90,0,89.43,91.13,0,0,0,0,0,0,0,0,0,0,0,0,0,0,0,0,0,0,0,0
46255,-0.38,48,3109,0,0,0.00,0,90,0,89.43,91.13,0,0,0,0,0,0,0,0,0,0,0,0,0,0,0,0,0,0,0,0
46291,-0.44,43,3111,0,0,0.00,0,90,0,89.43,91.13,0,0,0,0,0,0,0,0,0,0,0,0,0,0,0,0,0,0,0,0
46327,-0.29,36,3126,0,0,0.00,0,90,0,89.43,91.13,0,0,0,0,0,0,0,0,0,0,0,0,0,0,0,0,0,0,0,0
46363,-0.10,32,3121,0,0,0.00,0,90,0,89.43,91.13,0,0,0,0,0,0,0,0,0,0,0,0,0,0,0,0,0,0,0,0
46399,-0.27,30,3125,0,0,0.00,0,90,0,89.43,91.13,0,0,0,0,0,0,0,0,0,0,0,0,0,0,0,0,0,0,0,0
46435,-0.23,30,3141,0,0,0.00,0,90,0,89.43,91.13,0,0,0,0,0,0,0,0,0,0,0,0,0,0,0,0,0,0,0,0
46471,-0.30,31,3121,0,0,0.00,0,90,0,89.43,91.13,0,0,0,0,0,0,0,0,0,0,0,0,0,0,0,0,0,0,0,0
46507,-0.26,30,3119,0,0,0.00,0,90,0,89.43,91.13,0,0,0,0,0,0,0,0,0,0,0,0,0,0,0,0,0,0,0,0
46543,-0.22,24,3094,0,0,0.00,0,90,0,89.43,91.13,0,0,0,0,0,0,0,0,0,0,0,0,0,0,0,0,0,0,0,0
46579,-0.26,14,3089,0,0,0.00,0,90,0,89.43,91.13,0,0,0,0,0,0,0,0,0,0,0,0,0,0,0,0,0,0,0,0
46615,-0.24,2,3090,0,0,0.00,0,90,0,89.43,91.13,0,0,0,0,0,0,0,0,0,0,0,0,0,0,0,0,0,0,0,0
46651,-0.22,-5,3106,0,0,0.00,0,90,0,89.43,91.13,0,0,0,0,0,0,0,0,0,0,0,0,0,0,0,0,0,0,0,0
46687,-0.17,-7,3107,0,0,0.00,0,90,0,89.43,91.13,0,0,0,0,0,0,0,0,0,0,0,0,0,0,0,0,0,0,0,0
46723,-0.25,-4,3114,0,0,0.00,0,90,0,89.43,91.13,0,0,0,0,0,0,0,0,0,0,0,0,0,0,0,0,0,0,0,0
46759,-0.26,-1,3094,0,0,0.00,0,90,0,89.43,91.13,0,0,0,0,0,0,0,0,0,0,0,0,0,0,0,0,0,0,0,0
46795,-0.30,-1,3091,0,0,0.00,0,90,0,89.43,91.13,0,0,0,0,0,0,0,0,0,0,0,0,0,0,0,0,0,0,0,0
46831,-0.34,-3,3103,0,0,0.00,0,90,0,89.43,91.13,0,0,0,0,0,0,0,0,0,0,0,0,0,0,0,0,0,0,0,0
46867,-0.30,-4,3107,0,0,0.00,0,90,0,89.43,91.13,0,0,0,0,0,0,0,0,0,0,0,0,0,0,0,0,0,0,0,0
46903,-0.29,-4,3086,0,0,0.00,0,90,0,89.43,91.13,0,0,0,0,0,0,0,0,0,0,0,0,0,0,0,0,0,0,0,0
46939,-0.26,-7,3071,0,0,0.00,0,90,0,89.43,91.13,0,0,0,0,0,0,0,0,0,0,0,0,0,0,0,0,0,0,0,0
46975,-0.30,-14,3063,0,0,0.00,0,90,0,89.43,91.13,0,0,0,0,0,0,0,0,0,0,0,0,0,0,0,0,0,0,0,0
47011,-0.29,-20,3088,0,0,0.00,0,90,0,89.43,91.13,0,0,0,0,0,0,0,0,0,0,0,0,0,0,0,0,0,0,0,0
47047,-0.24,-22,3090,0,0,0.00,0,90,0,89.43,91.13,0,0,0,0,0,0,0,0,0,0,0,0,0,0,0,0,0,0,0,0
47083,-0.23,-17,3106,0,0,0.00,0,90,0,89.43,91.13,0,0,0,0,0,0,0,0,0,0,0,0,0,0,0,0,0,0,0,0
47119,-0.25,-8,3111,0,0,0.00,0,90,0,89.43,91.13,0,0,0,0,0,0,0,0,0,0,0,0,0,0,0,0,0,0,0,0
47155,-0.33,0,3115,0,0,0.00,0,90,0,89.43,91.13,0,0,0,0,0,0,0,0,0,0,0,0,0,0,0,0,0,0,0,0
47191,-0.53,8,3109,0,0,0.00,0,90,0,89.43,91.13,0,0,0,0,0,0,0,0,0,0,0,0,0,0,0,0,0,0,0,0
47227,-0.40,12,3120,0,0,0.00,0,90,0,89.43,91.13,0,0,0,0,0,0,0,0,0,0,0,0,0,0,0,0,0,0,0,0
47263,-0.13,14,3111,0,0,0.00,0,90,0,89.43,91.13,0,0,0,0,0,0,0,0,0,0,0,0,0,0,0,0,0,0,0,0
47299,-0.01,13,3102,0,0,0.00,0,90,0,89.43,91.13,0,0,0,0,0,0,0,0,0,0,0,0,0,0,0,0,0,0,0,0
47335,-0.19,9,3090,0,0,0.00,0,90,0,89.43,91.13,0,0,0,0,0,0,0,0,0,0,0,0,0,0,0,0,0,0,0,0
47371,-0.23,2,3093,0,0,0.00,0,90,0,89.43,91.13,0,0,0,0,0,0,0,0,0,0,0,0,0,0,0,0,0,0,0,0
47407,-0.32,-2,3103,0,0,0.00,0,90,0,89.43,91.13,0,0,0,0,0,0,0,0,0,0,0,0,0,0,0,0,0,0,0,0
47443,-0.13,-4,3110,0,0,0.00,0,90,0,89.43,91.13,0,0,0,0,0,0,0,0,0,0,0,0,0,0,0,0,0,0,0,0
47479,-0.08,-1,3119,0,0,0.00,0,90,0,89.43,91.13,0,0,0,0,0,0,0,0,0,0,0,0,0,0,0,0,0,0,0,0
47515,-0.52,4,3130,0,0,0.00,0,90,0,89.43,91.13,0,0,0,0,0,0,0,0,0,0,0,0,0,0,0,0,0,0,0,0
47551,-0.30,11,3141,0,0,0.00,0,90,0,89.43,91.13,0,0,0,0,0,0,0,0,0,0,0,0,0,0,0,0,0,0,0,0
47587,-0.26,19,3142,0,0,0.00,0,90,0,89.43,91.13,0,0,0,0,0,0,0,0,0,0,0,0,0,0,0,0,0,0,0,0
47623,-0.23,22,3091,0,0,0.00,0,90,0,89.43,91.13,0,0,0,0,0,0,0,0,0,0,0,0,0,0,0,0,0,0,0,0
47659,-0.22,14,3071,0,0,0.00,0,90,0,89.43,91.13,0,0,0,0,0,0,0,0,0,0,0,0,0,0,0,0,0,0,0,0
47695,-0.26,0,3094,0,0,0.00,0,90,0,89.43,91.13,0,0,0,0,0,0,0,0,0,0,0,0,0,0,0,0,0,0,0,0
47731,-0.26,-12,3093,0,0,0.00,0,90,0,89.43,91.13,0,0,0,0,0,0,0,0,0,0,0,0,0,0,0,0,0,0,0,0
47767,-0.22,-18,3087,0,0,0.00,0,90,0,89.43,91.13,0,0,0,0,0,0,0,0,0,0,0,0,0,0,0,0,0,0,0,0
47803,-0.15,-21,3069,0,0,0.00,0,90,0,89.43,91.13,0,0,0,0,0,0,0,0,0,0,0,0,0,0,0,0,0,0,0,0
47839,-0.19,-24,3086,0,0,0.00,0,90,0,89.43,91.13,0,0,0,0,0,0,0,0,0,0,0,0,0,0,0,0,0,0,0,0
47875,-0.30,-22,3106,0,0,0.00,0,90,0,89.43,91.13,0,0,0,0,0,0,0,0,0,0,0,0,0,0,0,0,0,0,0,0
47911,-0.54,-14,3131,0,0,0.00,0,90,0,89.43,91.13,0,0,0,0,0,0,0,0,0,0,0,0,0,0,0,0,0,0,0,0
47947,-0.58,-1,3131,0,0,0.00,0,90,0,89.43,91.13,0,0,0,0,0,0,0,0,0,0,0,0,0,0,0,0,0,0,0,0
47983,-0.23,11,3129,0,0,0.00,0,90,0,89.43,91.13,0,0,0,0,0,0,0,0,0,0,0,0,0,0,0,0,0,0,0,0
48019,-0.10,19,3133,0,0,0.00,0,90,0,89.43,91.13,0,0,0,0,0,0,0,0,0,0,0,0,0,0,0,0,0,0,0,0
48055,-0.16,22,3107,0,0,0.00,0,90,0,89.43,91.13,0,0,0,0,0,0,0,0,0,0,0,0,0,0,0,0,0,0,0,0
48091,-0.31,16,3091,0,0,0.00,0,90,0,89.43,91.13,0,0,0,0,0,0,0,0,0,0,0,0,0,0,0,0,0,0,0,0
48127,-0.30,7,3104,0,0,0.00,0,90,0,89.43,91.13,0,0,0,0,0,0,0,0,0,0,0,0,0,0,0,0,0,0,0,0
48163,-0.28,0,3114,0,0,0.00,0,90,0,89.43,91.13,0,0,0,0,0,0,0,0,0,0,0,0,0,0,0,0,0,0,0,0
48199,-0.18,-2,3120,0,0,0.00,0,90,0,89.43,91.13,0,0,0,0,0,0,0,0,0,0,0,0,0,0,0,0,0,0,0,0
48235,-0.27,-1,3115,0,0,0.00,0,90,0,89.43,91.13,0,0,0,0,0,0,0,0,0,0,0,0,0,0,0,0,0,0,0,0
48271,-0.12,0,3094,0,0,0.00,0,90,0,89.43,91.13,0,0,0,0,0,0,0,0,0,0,0,0,0,0,0,0,0,0,0,0
48307,-0.19,-4,3071,0,0,0.00,0,90,0,89.43,91.13,0,0,0,0,0,0,0,0,0,0,0,0,0,0,0,0,0,0,0,0
48343,-0.13,-11,3101,0,0,0.00,0,90,0,89.43,91.13,0,0,0,0,0,0,0,0,0,0,0,0,0,0,0,0,0,0,0,0
48379,-0.06,-13,3120,0,0,0.00,0,90,0,89.43,91.13,0,0,0,0,0,0,0,0,0,0,0,0,0,0,0,0,0,0,0,0
48415,-0.11,-10,3104,0,0,0.00,0,90,0,89.43,91.13,0,0,0,0,0,0,0,0,0,0,0,0,0,0,0,0,0,0,0,0
48451,-0.16,-6,3086,0,0,0.00,0,90,0,89.43,91.13,0,0,0,0,0,0,0,0,0,0,0,0,0,0,0,0,0,0,0,0
48487,-0.21,-8,3088,0,0,0.00,0,90,0,89.43,91.13,0,0,0,0,0,0,0,0,0,0,0,0,0,0,0,0,0,0,0,0
48523,-0.14,-10,3098,0,0,0.00,0,90,0,89.43,91.13,0,0,0,0,0,0,0,0,0,0,0,0,0,0,0,0,0,0,0,0
48559,-0.06,-11,3094,0,0,0.00,0,90,0,89.43,91.13,0,0,0,0,0,0,0,0,0,0,0,0,0,0,0,0,0,0,0,0
48595,-0.04,-10,3098,0,0,0.00,0,90,0,89.43,91.13,0,0,0,0,0,0,0,0,0,0,0,0,0,0,0,0,0,0,0,0
48631,-0.10,-9,3088,0,0,0.00,0,90,0,89.43,91.13,0,0,0,0,0,0,0,0,0,0,0,0,0,0,0,0,0,0,0,0
48667,-0.02,-9,3091,0,0,0.00,0,90,0,89.43,91.13,0,0,0,0,0,0,0,0,0,0,0,0,0,0,0,0,0,0,0,0
48703,-0.04,-9,3088,0,0,0.00,0,90,0,89.43,91.13,0,0,0,0,0,0,0,0,0,0,0,0,0,0,0,0,0,0,0,0
48739,-0.14,-10,3088,0,0,0.00,0,90,0,89.43,91.13,0,0,0,0,0,0,0,0,0,0,0,0,0,0,0,0,0,0,0,0
48775,-0.20,-10,3088,0,0,0.00,0,90,0,89.43,91.13,0,0,0,0,0,0,0,0,0,0,0,0,0,0,0,0,0,0,0,0
48811,-0.20,-9,3101,0,0,0.00,0,90,0,89.43,91.13,0,0,0,0,0,0,0,0,0,0,0,0,0,0,0,0,0,0,0,0
48847,-0.23,-6,3095,0,0,0.00,0,90,0,89.43,91.13,0,0,0,0,0,0,0,0,0,0,0,0,0,0,0,0,0,0,0,0
48883,-0.34,-3,3100,0,0,0.00,0,90,0,89.43,91.13,0,0,0,0,0,0,0,0,0,0,0,0,0,0,0,0,0,0,0,0
48919,-0.42,0,3114,0,0,0.00,0,90,0,89.43,91.13,0,0,0,0,0,0,0,0,0,0,0,0,0,0,0,0,0,0,0,0
48955,-0.29,4,3102,0,0,0.00,0,90,0,89.43,91.13,0,0,0,0,0,0,0,0,0,0,0,0,0,0,0,0,0,0,0,0
48991,-0.17,7,3097,0,0,0.00,0,90,0,89.43,91.13,0,0,0,0,0,0,0,0,0,0,0,0,0,0,0,0,0,0,0,0
49027,-0.19,6,3104,0,0,0.00,0,90,0,89.43,91.13,0,0,0,0,0,0,0,0,0,0,0,0,0,0,0,0,0,0,0,0
49063,-0.16,5,3100,0,0,0.00,0,90,0,89.43,91.13,0,0,0,0,0,0,0,0,0,0,0,0,0,0,0,0,0,0,0,0
49099,-0.20,6,3126,0,0,0.00,0,90,0,89.43,91.13,0,0,0,0,0,0,0,0,0,0,0,0,0,0,0,0,0,0,0,0
49135,-0.25,10,3131,0,0,0.00,0,90,0,89.43,91.13,0,0,0,0,0,0,0,0,0,0,0,0,0,0,0,0,0,0,0,0
49171,-0.21,16,3117,0,0,0.00,0,90,0,89.43,91.13,0,0,0,0,0,0,0,0,0,0,0,0,0,0,0,0,0,0,0,0
49207,-0.31,19,3119,0,0,0.00,0,90,0,89.43,91.13,0,0,0,0,0,0,0,0,0,0,0,0,0,0,0,0,0,0,0,0
49243,-0.25,19,3125,0,0,0.00,0,90,0,89.43,91.13,0,0,0,0,0,0,0,0,0,0,0,0,0,0,0,0,0,0,0,0
49279,-0.29,18,3121,0,0,0.00,0,90,0,89.43,91.13,0,0,0,0,0,0,0,0,0,0,0,0,0,0,0,0,0,0,0,0
49315,-0.16,17,3126,0,0,0.00,0,90,0,89.43,91.13,0,0,0,0,0,0,0,0,0,0,0,0,0,0,0,0,0,0,0,0
49351,-0.19,14,3101,0,0,0.00,0,90,0,89.43,91.13,0,0,0,0,0,0,0,0,0,0,0,0,0,0,0,0,0,0,0,0
49387,-0.21,9,3110,0,0,0.00,0,90,0,89.43,91.13,0,0,0,0,0,0,0,0,0,0,0,0,0,0,0,0,0,0,0,0
49423,-0.18,4,3118,0,0,0.00,0,90,0,89.43,91.13,0,0,0,0,0,0,0,0,0,0,0,0,0,0,0,0,0,0,0,0
49459,-0.04,2,3109,0,0,0.00,0,90,0,89.43,91.13,0,0,0,0,0,0,0,0,0,0,0,0,0,0,0,0,0,0,0,0
49495,-0.18,-1,3082,0,0,0.00,0,90,0,89.43,91.13,0,0,0,0,0,0,0,0,0,0,0,0,0,0,0,0,0,0,0,0
49531,-0.13,-7,3088,0,0,0.00,0,90,0,89.43,91.13,0,0,0,0,0,0,0,0,0,0,0,0,0,0,0,0,0,0,0,0
49567,-0.07,-13,3099,0,0,0.00,0,90,0,89.43,91.13,0,0,0,0,0,0,0,0,0,0,0,0,0,0,0,0,0,0,0,0
49603,-0.09,-14,3103,0,0,0.00,0,90,0,89.43,91.13,0,0,0,0,0,0,0,0,0,0,0,0,0,0,0,0,0,0,0,0
49639,-0.13,-13,3088,0,0,0.00,0,90,0,89.43,91.13,0,0,0,0,0,0,0,0,0,0,0,0,0,0,0,0,0,0,0,0
49675,0.18,-13,3090,0,0,0.00,0,90,0,89.43,91.13,0,0,0,0,0,0,0,0,0,0,0,0,0,0,0,0,0,0,0,0
49711,0.31,-14,3071,0,0,0.00,0,90,0,89.43,91.13,0,0,0,0,0,0,0,0,0,0,0,0,0,0,0,0,0,0,0,0
49747,0.55,-16,3104,0,0,0.00,0,90,0,89.43,91.13,0,0,0,0,0,0,0,0,0,0,0,0,0,0,0,0,0,0,0,0
49783,-0.11,-13,3120,0,0,0.00,0,90,0,89.43,91.13,0,0,0,0,0,0,0,0,0,0,0,0,0,0,0,0,0,0,0,0
49819,-0.21,-4,3111,0,0,0.00,0,90,0,89.43,91.13,0,0,0,0,0,0,0,0,0,0,0,0,0,0,0,0,0,0,0,0
49855,-0.32,1,3098,0,0,0.00,0,90,0,89.43,91.13,0,0,0,0,0,0,0,0,0,0,0,0,0,0,0,0,0,0,0,0
49891,-0.55,4,3109,0,0,0.00,0,90,0,89.43,91.13,0,0,0,0,0,0,0,0,0,0,0,0,0,0,0,0,0,0,0,0
49927,-0.39,4,3104,0,0,0.00,0,90,0,89.43,91.13,0,0,0,0,0,0,0,0,0,0,0,0,0,0,0,0,0,0,0,0
49963,-0.45,3,3088,0,0,0.00,0,90,0,89.43,91.13,0,0,0,0,0,0,0,0,0,0,0,0,0,0,0,0,0,0,0,0
49999,-0.43,-2,3071,0,0,0.00,0,90,0,89.43,91.13,0,0,0,0,0,0,0,0,0,0,0,0,0,0,0,0,0,0,0,0
50035,-0.37,-9,3086,0,0,0.00,0,90,0,89.43,91.13,0,0,0,0,0,0,0,0,0,0,0,0,0,0,0,0,0,0,0,0
50071,-0.17,-14,3088,0,0,0.00,0,90,0,89.43,91.13,0,0,0,0,0,0,0,0,0,0,0,0,0,0,0,0,0,0,0,0
50107,-0.26,-14,3093,0,0,0.00,0,90,0,89.43,91.13,0,0,0,0,0,0,0,0,0,0,0,0,0,0,0,0,0,0,0,0
50143,-0.12,-12,3090,0,0,0.00,0,90,0,89.43,91.13,0,0,0,0,0,0,0,0,0,0,0,0,0,0,0,0,0,0,0,0
50179,-0.14,-8,3111,0,0,0.00,0,90,0,89.43,91.13,0,0,0,0,0,0,0,0,0,0,0,0,0,0,0,0,0,0,0,0
50215,-0.29,0,3127,0,0,0.00,0,90,0,89.43,91.13,0,0,0,0,0,0,0,0,0,0,0,0,0,0,0,0,0,0,0,0
50251,-0.24,11,3150,0,0,0.00,0,90,0,89.43,91.13,0,0,0,0,0,0,0,0,0,0,0,0,0,0,0,0,0,0,0,0
50287,-0.13,24,3150,0,0,0.00,0,90,0,89.43,91.13,0,0,0,0,0,0,0,0,0,0,0,0,0,0,0,0,0,0,0,0
50323,-0.23,33,3123,0,0,0.00,0,90,0,89.43,91.13,0,0,0,0,0,0,0,0,0,0,0,0,0,0,0,0,0,0,0,0
50359,-0.38,32,3098,0,0,0.00,0,90,0,89.43,91.13,0,0,0,0,0,0,0,0,0,0,0,0,0,0,0,0,0,0,0,0
50395,-0.08,22,3103,0,0,0.00,0,90,0,89.43,91.13,0,0,0,0,0,0,0,0,0,0,0,0,0,0,0,0,0,0,0,0
50431,0.00,11,3104,0,0,0.00,0,90,0,89.43,91.13,0,0,0,0,0,0,0,0,0,0,0,0,0,0,0,0,0,0,0,0
50467,0.31,1,3094,0,0,0.00,0,90,0,89.43,91.13,0,0,0,0,0,0,0,0,0,0,0,0,0,0,0,0,0,0,0,0
50503,0.02,-5,3099,0,0,0.00,0,90,0,89.43,91.13,0,0,0,0,0,0,0,0,0,0,0,0,0,0,0,0,0,0,0,0
50539,0.02,-7,3120,0,0,0.00,0,90,0,89.43,91.13,0,0,0,0,0,0,0,0,0,0,0,0,0,0,0,0,0,0,0,0
50575,0.02,-3,3131,0,0,0.00,0,90,0,89.43,91.13,0,0,0,0,0,0,0,0,0,0,0,0,0,0,0,0,0,0,0,0
50611,-0.14,3,3130,0,0,0.00,0,90,0,89.43,91.13,0,0,0,0,0,0,0,0,0,0,0,0,0,0,0,0,0,0,0,0
50647,-0.44,9,3101,0,0,0.00,0,90,0,89.43,91.13,0,0,0,0,0,0,0,0,0,0,0,0,0,0,0,0,0,0,0,0
50683,-0.36,8,3098,0,0,0.00,0,90,0,89.43,91.13,0,0,0,0,0,0,0,0,0,0,0,0,0,0,0,0,0,0,0,0
50719,-0.36,2,3099,0,0,0.00,0,90,0,89.43,91.13,0,0,0,0,0,0,0,0,0,0,0,0,0,0,0,0,0,0,0,0
50755,-0.46,-3,3107,0,0,0.00,0,90,0,89.43,91.13,0,0,0,0,0,0,0,0,0,0,0,0,0,0,0,0,0,0,0,0
50791,-0.47,-5,3113,0,0,0.00,0,90,0,89.43,91.13,0,0,0,0,0,0,0,0,0,0,0,0,0,0,0,0,0,0,0,0
50827,0.13,-4,3111,0,0,0.00,0,90,0,89.43,91.13,0,0,0,0,0,0,0,0,0,0,0,0,0,0,0,0,0,0,0,0
50863,0.58,-3,3104,0,0,0.00,0,90,0,89.43,91.13,0,0,0,0,0,0,0,0,0,0,0,0,0,0,0,0,0,0,0,0
50899,-0.09,-1,3120,0,0,0.00,0,90,0,89.43,91.13,0,0,0,0,0,0,0,0,0,0,0,0,0,0,0,0,0,0,0,0
50935,-0.18,0,3113,0,0,0.00,0,90,0,89.43,91.13,0,0,0,0,0,0,0,0,0,0,0,0,0,0,0,0,0,0,0,0
50971,-0.26,1,3105,0,0,0.00,0,90,0,89.43,91.13,0,0,0,0,0,0,0,0,0,0,0,0,0,0,0,0,0,0,0,0
51007,-0.42,0,3091,0,0,0.00,0,90,0,89.43,91.13,0,0,0,0,0,0,0,0,0,0,0,0,0,0,0,0,0,0,0,0
51043,-0.15,-4,3102,0,0,0.00,0,90,0,89.43,91.13,0,0,0,0,0,0,0,0,0,0,0,0,0,0,0,0,0,0,0,0
51079,-0.13,-7,3109,0,0,0.00,0,90,0,89.43,91.13,0,0,0,0,0,0,0,0,0,0,0,0,0,0,0,0,0,0,0,0
51115,-0.19,-6,3111,0,0,0.00,0,90,0,89.43,91.13,0,0,0,0,0,0,0,0,0,0,0,0,0,0,0,0,0,0,0,0
51151,-0.17,-4,3106,0,0,0.00,0,90,0,89.43,91.13,0,0,0,0,0,0,0,0,0,0,0,0,0,0,0,0,0,0,0,0
51187,-0.24,-3,3108,0,0,0.00,0,90,0,89.43,91.13,0,0,0,0,0,0,0,0,0,0,0,0,0,0,0,0,0,0,0,0
51223,-0.12,-1,3117,0,0,0.00,0,90,0,89.43,91.13,0,0,0,0,0,0,0,0,0,0,0,0,0,0,0,0,0,0,0,0
51259,-0.34,0,3105,0,0,0.00,0,90,0,89.43,91.13,0,0,0,0,0,0,0,0,0,0,0,0,0,0,0,0,0,0,0,0
51295,-0.33,0,3088,0,0,0.00,0,90,0,89.43,91.13,0,0,0,0,0,0,0,0,0,0,0,0,0,0,0,0,0,0,0,0
51331,-0.41,-4,3094,0,0,0.00,0,90,0,89.43,91.13,0,0,0,0,0,0,0,0,0,0,0,0,0,0,0,0,0,0,0,0
51367,-0.17,-7,3126,0,0,0.00,0,90,0,89.43,91.13,0,0,0,0,0,0,0,0,0,0,0,0,0,0,0,0,0,0,0,0
51403,-0.24,-3,3127,0,0,0.00,0,90,0,89.43,91.13,0,0,0,0,0,0,0,0,0,0,0,0,0,0,0,0,0,0,0,0
51439,-0.34,2,3107,0,0,0.00,0,90,0,89.43,91.13,0,0,0,0,0,0,0,0,0,0,0,0,0,0,0,0,0,0,0,0
51475,-0.30,5,3120,0,0,0.00,0,90,0,89.43,91.13,0,0,0,0,0,0,0,0,0,0,0,0,0,0,0,0,0,0,0,0
51511,-0.18,6,3109,0,0,0.00,0,90,0,89.43,91.13,0,0,0,0,0,0,0,0,0,0,0,0,0,0,0,0,0,0,0,0
51547,-0.28,4,3100,0,0,0.00,0,90,0,89.43,91.13,0,0,0,0,0,0,0,0,0,0,0,0,0,0,0,0,0,0,0,0
51583,-0.18,0,3101,0,0,0.00,0,90,0,89.43,91.13,0,0,0,0,0,0,0,0,0,0,0,0,0,0,0,0,0,0,0,0
51619,-0.17,-2,3117,0,0,0.00,0,90,0,89.43,91.13,0,0,0,0,0,0,0,0,0,0,0,0,0,0,0,0,0,0,0,0
51655,-0.08,-2,3114,0,0,0.00,0,90,0,89.43,91.13,0,0,0,0,0,0,0,0,0,0,0,0,0,0,0,0,0,0,0,0
51691,-0.25,-1,3103,0,0,0.00,0,90,0,89.43,91.13,0,0,0,0,0,0,0,0,0,0,0,0,0,0,0,0,0,0,0,0
51727,-0.36,-1,3102,0,0,0.00,0,90,0,89.43,91.13,0,0,0,0,0,0,0,0,0,0,0,0,0,0,0,0,0,0,0,0
51763,-0.45,-2,3110,0,0,0.00,0,90,0,89.43,91.13,0,0,0,0,0,0,0,0,0,0,0,0,0,0,0,0,0,0,0,0
51799,-0.36,-3,3098,0,0,0.00,0,90,0,89.43,91.13,0,0,0,0,0,0,0,0,0,0,0,0,0,0,0,0,0,0,0,0
51835,-0.25,-4,3103,0,0,0.00,0,90,0,89.43,91.13,0,0,0,0,0,0,0,0,0,0,0,0,0,0,0,0,0,0,0,0
51871,-0.19,-5,3111,0,0,0.00,0,90,0,89.43,91.13,0,0,0,0,0,0,0,0,0,0,0,0,0,0,0,0,0,0,0,0
51907,-0.15,-3,3113,0,0,0.00,0,90,0,89.43,91.13,0,0,0,0,0,0,0,0,0,0,0,0,0,0,0,0,0,0,0,0
51943,-0.05,0,3121,0,0,0.00,0,90,0,89.43,91.13,0,0,0,0,0,0,0,0,0,0,0,0,0,0,0,0,0,0,0,0
51979,-0.26,3,3115,0,0,0.00,0,90,0,89.43,91.13,0,0,0,0,0,0,0,0,0,0,0,0,0,0,0,0,0,0,0,0
52015,-0.32,5,3106,0,0,0.00,0,90,0,89.43,91.13,0,0,0,0,0,0,0,0,0,0,0,0,0,0,0,0,0,0,0,0
52051,-0.43,4,3106,0,0,0.00,0,90,0,89.43,91.13,0,0,0,0,0,0,0,0,0,0,0,0,0,0,0,0,0,0,0,0
52087,-0.29,2,3115,0,0,0.00,0,90,0,89.43,91.13,0,0,0,0,0,0,0,0,0,0,0,0,0,0,0,0,0,0,0,0
52123,-0.20,0,3100,0,0,0.00,0,90,0,89.43,91.13,0,0,0,0,0,0,0,0,0,0,0,0,0,0,0,0,0,0,0,0
52159,-0.25,-2,3083,0,0,0.00,0,90,0,89.43,91.13,0,0,0,0,0,0,0,0,0,0,0,0,0,0,0,0,0,0,0,0
52195,-0.02,-10,3069,0,0,0.00,0,90,0,89.43,91.13,0,0,0,0,0,0,0,0,0,0,0,0,0,0,0,0,0,0,0,0
52231,0.82,-19,3063,0,0,0.00,0,90,0,89.43,91.13,0,0,0,0,0,0,0,0,0,0,0,0,0,0,0,0,0,0,0,0
52267,0.06,-27,3069,0,0,0.00,0,90,0,89.43,91.13,0,0,0,0,0,0,0,0,0,0,0,0,0,0,0,0,0,0,0,0
52303,-0.16,-32,3071,0,0,0.00,0,90,0,89.43,91.13,0,0,0,0,0,0,0,0,0,0,0,0,0,0,0,0,0,0,0,0
52339,-0.10,-30,3088,0,0,0.00,0,90,0,89.43,91.13,0,0,0,0,0,0,0,0,0,0,0,0,0,0,0,0,0,0,0,0
52375,-0.11,-23,3104,0,0,0.00,0,90,0,89.43,91.13,0,0,0,0,0,0,0,0,0,0,0,0,0,0,0,0,0,0,0,0
52411,0.00,-12,3105,0,0,0.00,0,90,0,89.43,91.13,0,0,0,0,0,0,0,0,0,0,0,0,0,0,0,0,0,0,0,0
52447,-0.12,-2,3089,0,0,0.00,0,90,0,89.43,91.13,0,0,0,0,0,0,0,0,0,0,0,0,0,0,0,0,0,0,0,0
52483,-0.15,3,3105,0,0,0.00,0,90,0,89.43,91.13,0,0,0,0,0,0,0,0,0,0,0,0,0,0,0,0,0,0,0,0
52519,-0.06,6,3109,0,0,0.00,0,90,0,89.43,91.13,0,0,0,0,0,0,0,0,0,0,0,0,0,0,0,0,0,0,0,0
52555,-0.06,10,3109,0,0,0.00,0,90,0,89.43,91.13,0,0,0,0,0,0,0,0,0,0,0,0,0,0,0,0,0,0,0,0
52591,-0.29,13,3120,0,0,0.00,0,90,0,89.43,91.13,0,0,0,0,0,0,0,0,0,0,0,0,0,0,0,0,0,0,0,0
52627,-0.14,16,3120,0,0,0.00,0,90,0,89.43,91.13,0,0,0,0,0,0,0,0,0,0,0,0,0,0,0,0,0,0,0,0
52663,-0.24,20,3131,0,0,0.00,0,90,0,89.43,91.13,0,0,0,0,0,0,0,0,0,0,0,0,0,0,0,0,0,0,0,0
52699,-0.13,23,3127,0,0,0.00,0,90,0,89.43,91.13,0,0,0,0,0,0,0,0,0,0,0,0,0,0,0,0,0,0,0,0
52735,-0.20,26,3137,0,0,0.00,0,90,0,89.43,91.13,0,0,0,0,0,0,0,0,0,0,0,0,0,0,0,0,0,0,0,0
52771,-0.16,27,3134,0,0,0.00,0,90,0,89.43,91.13,0,0,0,0,0,0,0,0,0,0,0,0,0,0,0,0,0,0,0,0
52807,-0.21,27,3119,0,0,0.00,0,90,0,89.43,91.13,0,0,0,0,0,0,0,0,0,0,0,0,0,0,0,0,0,0,0,0
52843,-0.23,23,3120,0,0,0.00,0,90,0,89.43,91.13,0,0,0,0,0,0,0,0,0,0,0,0,0,0,0,0,0,0,0,0
52879,-0.24,17,3115,0,0,0.00,0,90,0,89.43,91.13,0,0,0,0,0,0,0,0,0,0,0,0,0,0,0,0,0,0,0,0
52915,-0.15,11,3119,0,0,0.00,0,90,0,89.43,91.13,0,0,0,0,0,0,0,0,0,0,0,0,0,0,0,0,0,0,0,0
52951,-0.18,7,3120,0,0,0.00,0,90,0,89.43,91.13,0,0,0,0,0,0,0,0,0,0,0,0,0,0,0,0,0,0,0,0
52987,-0.24,5,3120,0,0,0.00,0,90,0,89.43,91.13,0,0,0,0,0,0,0,0,0,0,0,0,0,0,0,0,0,0,0,0
53023,-0.23,5,3127,0,0,0.00,0,90,0,89.43,91.13,0,0,0,0,0,0,0,0,0,0,0,0,0,0,0,0,0,0,0,0
53059,-0.25,6,3121,0,0,0.00,0,90,0,89.43,91.13,0,0,0,0,0,0,0,0,0,0,0,0,0,0,0,0,0,0,0,0
53095,-0.20,5,3117,0,0,0.00,0,90,0,89.43,91.13,0,0,0,0,0,0,0,0,0,0,0,0,0,0,0,0,0,0,0,0
53131,-0.16,3,3106,0,0,0.00,0,90,0,89.43,91.13,0,0,0,0,0,0,0,0,0,0,0,0,0,0,0,0,0,0,0,0
53167,-0.14,0,3103,0,0,0.00,0,90,0,89.43,91.13,0,0,0,0,0,0,0,0,0,0,0,0,0,0,0,0,0,0,0,0
53203,-0.16,-5,3110,0,0,0.00,0,90,0,89.43,91.13,0,0,0,0,0,0,0,0,0,0,0,0,0,0,0,0,0,0,0,0
53239,-0.11,-8,3095,0,0,0.00,0,90,0,89.43,91.13,0,0,0,0,0,0,0,0,0,0,0,0,0,0,0,0,0,0,0,0
53275,-0.08,-11,3114,0,0,0.00,0,90,0,89.43,91.13,0,0,0,0,0,0,0,0,0,0,0,0,0,0,0,0,0,0,0,0
53311,-0.26,-11,3094,0,0,0.00,0,90,0,89.43,91.13,0,0,0,0,0,0,0,0,0,0,0,0,0,0,0,0,0,0,0,0
53347,-0.25,-13,3088,0,0,0.00,0,90,0,89.43,91.13,0,0,0,0,0,0,0,0,0,0,0,0,0,0,0,0,0,0,0,0
53383,-0.13,-17,3071,0,0,0.00,0,90,0,89.43,91.13,0,0,0,0,0,0,0,0,0,0,0,0,0,0,0,0,0,0,0,0
53419,-0.19,-22,3087,0,0,0.00,0,90,0,89.43,91.13,0,0,0,0,0,0,0,0,0,0,0,0,0,0,0,0,0,0,0,0
53455,-0.15,-24,3102,0,0,0.00,0,90,0,89.43,91.13,0,0,0,0,0,0,0,0,0,0,0,0,0,0,0,0,0,0,0,0
53491,-0.15,-20,3106,0,0,0.00,0,90,0,89.43,91.13,0,0,0,0,0,0,0,0,0,0,0,0,0,0,0,0,0,0,0,0
53527,-0.07,-13,3102,0,0,0.00,0,90,0,89.43,91.13,0,0,0,0,0,0,0,0,0,0,0,0,0,0,0,0,0,0,0,0
53563,-0.05,-7,3105,0,0,0.00,0,90,0,89.43,91.13,0,0,0,0,0,0,0,0,0,0,0,0,0,0,0,0,0,0,0,0
53599,-0.12,-3,3104,0,0,0.00,0,90,0,89.43,91.13,0,0,0,0,0,0,0,0,0,0,0,0,0,0,0,0,0,0,0,0
53635,-0.04,0,3111,0,0,0.00,0,90,0,89.43,91.13,0,0,0,0,0,0,0,0,0,0,0,0,0,0,0,0,0,0,0,0
53671,-0.04,2,3111,0,0,0.00,0,90,0,89.43,91.13,0,0,0,0,0,0,0,0,0,0,0,0,0,0,0,0,0,0,0,0
53707,-0.10,5,3125,0,0,0.00,0,90,0,89.43,91.13,0,0,0,0,0,0,0,0,0,0,0,0,0,0,0,0,0,0,0,0
53743,-0.07,7,3106,0,0,0.00,0,90,0,89.43,91.13,0,0,0,0,0,0,0,0,0,0,0,0,0,0,0,0,0,0,0,0
53779,-0.01,8,3120,0,0,0.00,0,90,0,89.43,91.13,0,0,0,0,0,0,0,0,0,0,0,0,0,0,0,0,0,0,0,0
53815,-0.12,9,3120,0,0,0.00,0,90,0,89.43,91.13,0,0,0,0,0,0,0,0,0,0,0,0,0,0,0,0,0,0,0,0
53851,-0.07,9,3113,0,0,0.00,0,90,0,89.43,91.13,0,0,0,0,0,0,0,0,0,0,0,0,0,0,0,0,0,0,0,0
53887,-0.13,8,3114,0,0,0.00,0,90,0,89.43,91.13,0,0,0,0,0,0,0,0,0,0,0,0,0,0,0,0,0,0,0,0
53923,-0.15,7,3120,0,0,0.00,0,90,0,89.43,91.13,0,0,0,0,0,0,0,0,0,0,0,0,0,0,0,0,0,0,0,0
53959,0.01,6,3111,0,0,0.00,0,90,0,89.43,91.13,0,0,0,0,0,0,0,0,0,0,0,0,0,0,0,0,0,0,0,0
53995,0.00,4,3108,0,0,0.00,0,90,0,89.43,91.13,0,0,0,0,0,0,0,0,0,0,0,0,0,0,0,0,0,0,0,0
54031,0.11,2,3113,0,0,0.00,0,90,0,89.43,91.13,0,0,0,0,0,0,0,0,0,0,0,0,0,0,0,0,0,0,0,0
54067,-0.03,0,3107,0,0,0.00,0,90,0,89.43,91.13,0,0,0,0,0,0,0,0,0,0,0,0,0,0,0,0,0,0,0,0
54103,-0.05,0,3107,0,0,0.00,0,90,0,89.43,91.13,0,0,0,0,0,0,0,0,0,0,0,0,0,0,0,0,0,0,0,0
54139,-0.01,-1,3120,0,0,0.00,0,90,0,89.43,91.13,0,0,0,0,0,0,0,0,0,0,0,0,0,0,0,0,0,0,0,0
54175,-0.15,-1,3101,0,0,0.00,0,90,0,89.43,91.13,0,0,0,0,0,0,0,0,0,0,0,0,0,0,0,0,0,0,0,0
54211,-0.15,-2,3095,0,0,0.00,0,90,0,89.43,91.13,0,0,0,0,0,0,0,0,0,0,0,0,0,0,0,0,0,0,0,0
54247,-0.12,-5,3095,0,0,0.00,0,90,0,89.43,91.13,0,0,0,0,0,0,0,0,0,0,0,0,0,0,0,0,0,0,0,0
54283,-0.16,-8,3119,0,0,0.00,0,90,0,89.43,91.13,0,0,0,0,0,0,0,0,0,0,0,0,0,0,0,0,0,0,0,0
54319,-0.27,-5,3120,0,0,0.00,0,90,0,89.43,91.13,0,0,0,0,0,0,0,0,0,0,0,0,0,0,0,0,0,0,0,0
54355,-0.23,0,3123,0,0,0.00,0,90,0,89.43,91.13,0,0,0,0,0,0,0,0,0,0,0,0,0,0,0,0,0,0,0,0
54391,-0.23,4,3114,0,0,0.00,0,90,0,89.43,91.13,0,0,0,0,0,0,0,0,0,0,0,0,0,0,0,0,0,0,0,0
54427,-0.14,6,3118,0,0,0.00,0,90,0,89.43,91.13,0,0,0,0,0,0,0,0,0,0,0,0,0,0,0,0,0,0,0,0
54463,-0.21,6,3104,0,0,0.00,0,90,0,89.43,91.13,0,0,0,0,0,0,0,0,0,0,0,0,0,0,0,0,0,0,0,0
54499,-0.24,4,3119,0,0,0.00,0,90,0,89.43,91.13,0,0,0,0,0,0,0,0,0,0,0,0,0,0,0,0,0,0,0,0
54535,-0.23,3,3119,0,0,0.00,0,90,0,89.43,91.13,0,0,0,0,0,0,0,0,0,0,0,0,0,0,0,0,0,0,0,0
54571,-0.17,3,3114,0,0,0.00,0,90,0,89.43,91.13,0,0,0,0,0,0,0,0,0,0,0,0,0,0,0,0,0,0,0,0
54607,-0.12,1,3095,0,0,0.00,0,90,0,89.43,91.13,0,0,0,0,0,0,0,0,0,0,0,0,0,0,0,0,0,0,0,0
54643,-0.12,-3,3088,0,0,0.00,0,90,0,89.43,91.13,0,0,0,0,0,0,0,0,0,0,0,0,0,0,0,0,0,0,0,0
54679,-0.21,-8,3106,0,0,0.00,0,90,0,89.43,91.13,0,0,0,0,0,0,0,0,0,0,0,0,0,0,0,0,0,0,0,0
54715,-0.22,-10,3123,0,0,0.00,0,90,0,89.43,91.13,0,0,0,0,0,0,0,0,0,0,0,0,0,0,0,0,0,0,0,0
54751,-0.19,-6,3105,0,0,0.00,0,90,0,89.43,91.13,0,0,0,0,0,0,0,0,0,0,0,0,0,0,0,0,0,0,0,0
54787,-0.17,-4,3095,0,0,0.00,0,90,0,89.43,91.13,0,0,0,0,0,0,0,0,0,0,0,0,0,0,0,0,0,0,0,0
54823,-0.30,-4,3108,0,0,0.00,0,90,0,89.43,91.13,0,0,0,0,0,0,0,0,0,0,0,0,0,0,0,0,0,0,0,0
54859,-0.25,-3,3120,0,0,0.00,0,90,0,89.43,91.13,0,0,0,0,0,0,0,0,0,0,0,0,0,0,0,0,0,0,0,0
54895,-0.22,0,3119,0,0,0.00,0,90,0,89.43,91.13,0,0,0,0,0,0,0,0,0,0,0,0,0,0,0,0,0,0,0,0
54931,-0.21,2,3111,0,0,0.00,0,90,0,89.43,91.13,0,0,0,0,0,0,0,0,0,0,0,0,0,0,0,0,0,0,0,0
54967,-0.21,3,3106,0,0,0.00,0,90,0,89.43,91.13,0,0,0,0,0,0,0,0,0,0,0,0,0,0,0,0,0,0,0,0
55003,-0.23,3,3117,0,0,0.00,0,90,0,89.43,91.13,0,0,0,0,0,0,0,0,0,0,0,0,0,0,0,0,0,0,0,0
55039,-0.17,2,3107,0,0,0.00,0,90,0,89.43,91.13,0,0,0,0,0,0,0,0,0,0,0,0,0,0,0,0,0,0,0,0
55075,-0.29,1,3115,0,0,0.00,0,90,0,89.43,91.13,0,0,0,0,0,0,0,0,0,0,0,0,0,0,0,0,0,0,0,0
55111,-0.25,1,3119,0,0,0.00,0,90,0,89.43,91.13,0,0,0,0,0,0,0,0,0,0,0,0,0,0,0,0,0,0,0,0
55147,-0.35,3,3121,0,0,0.00,0,90,0,89.43,91.13,0,0,0,0,0,0,0,0,0,0,0,0,0,0,0,0,0,0,0,0
55183,-0.27,3,3094,0,0,0.00,0,90,0,89.43,91.13,0,0,0,0,0,0,0,0,0,0,0,0,0,0,0,0,0,0,0,0
55219,-0.20,0,3090,0,0,0.00,0,90,0,89.43,91.13,0,0,0,0,0,0,0,0,0,0,0,0,0,0,0,0,0,0,0,0
55255,-0.25,-7,3090,0,0,0.00,0,90,0,89.43,91.13,0,0,0,0,0,0,0,0,0,0,0,0,0,0,0,0,0,0,0,0
55291,-0.20,-12,3099,0,0,0.00,0,90,0,89.43,91.13,0,0,0,0,0,0,0,0,0,0,0,0,0,0,0,0,0,0,0,0
55327,-0.25,-12,3119,0,0,0.00,0,90,0,89.43,91.13,0,0,0,0,0,0,0,0,0,0,0,0,0,0,0,0,0,0,0,0
55363,-0.26,-8,3102,0,0,0.00,0,90,0,89.43,91.13,0,0,0,0,0,0,0,0,0,0,0,0,0,0,0,0,0,0,0,0
55399,-0.24,-5,3093,0,0,0.00,0,90,0,89.43,91.13,0,0,0,0,0,0,0,0,0,0,0,0,0,0,0,0,0,0,0,0
55435,-0.24,-5,3092,0,0,0.00,0,90,0,89.43,91.13,0,0,0,0,0,0,0,0,0,0,0,0,0,0,0,0,0,0,0,0
55471,-0.25,-7,3098,0,0,0.00,0,90,0,89.43,91.13,0,0,0,0,0,0,0,0,0,0,0,0,0,0,0,0,0,0,0,0
55507,-0.26,-8,3091,0,0,0.00,0,90,0,89.43,91.13,0,0,0,0,0,0,0,0,0,0,0,0,0,0,0,0,0,0,0,0
55543,-0.21,-9,3087,0,0,0.00,0,90,0,89.43,91.13,0,0,0,0,0,0,0,0,0,0,0,0,0,0,0,0,0,0,0,0
55579,-0.14,-12,3065,0,0,0.00,0,90,0,89.43,91.13,0,0,0,0,0,0,0,0,0,0,0,0,0,0,0,0,0,0,0,0
55615,-0.22,-18,3050,0,0,0.00,0,90,0,89.43,91.13,0,0,0,0,0,0,0,0,0,0,0,0,0,0,0,0,0,0,0,0
55651,-0.16,-27,3050,0,0,0.00,0,90,0,89.43,91.13,0,0,0,0,0,0,0,0,0,0,0,0,0,0,0,0,0,0,0,0
55687,-0.21,-34,3056,0,0,0.00,0,90,0,89.43,91.13,0,0,0,0,0,0,0,0,0,0,0,0,0,0,0,0,0,0,0,0
55723,-0.26,-35,3071,0,0,0.00,0,90,0,89.43,91.13,0,0,0,0,0,0,0,0,0,0,0,0,0,0,0,0,0,0,0,0
55759,-0.24,-28,3105,0,0,0.00,0,90,0,89.43,91.13,0,0,0,0,0,0,0,0,0,0,0,0,0,0,0,0,0,0,0,0
55795,-0.13,-14,3109,0,0,0.00,0,90,0,89.43,91.13,0,0,0,0,0,0,0,0,0,0,0,0,0,0,0,0,0,0,0,0
55831,-0.15,1,3102,0,0,0.00,0,90,0,89.43,91.13,0,0,0,0,0,0,0,0,0,0,0,0,0,0,0,0,0,0,0,0
55867,-0.13,12,3104,0,0,0.00,0,90,0,89.43,91.13,0,0,0,0,0,0,0,0,0,0,0,0,0,0,0,0,0,0,0,0
55903,-0.05,18,3102,0,0,0.00,0,90,0,89.43,91.13,0,0,0,0,0,0,0,0,0,0,0,0,0,0,0,0,0,0,0,0
55939,-0.11,20,3103,0,0,0.00,0,90,0,89.43,91.13,0,0,0,0,0,0,0,0,0,0,0,0,0,0,0,0,0,0,0,0
55975,-0.09,19,3110,0,0,0.00,0,90,0,89.43,91.13,0,0,0,0,0,0,0,0,0,0,0,0,0,0,0,0,0,0,0,0
56011,-0.16,20,3120,0,0,0.00,0,90,0,89.43,91.13,0,0,0,0,0,0,0,0,0,0,0,0,0,0,0,0,0,0,0,0
56047,-0.18,21,3102,0,0,0.00,0,90,0,89.43,91.13,0,0,0,0,0,0,0,0,0,0,0,0,0,0,0,0,0,0,0,0
56083,-0.13,18,3088,0,0,0.00,0,90,0,89.43,91.13,0,0,0,0,0,0,0,0,0,0,0,0,0,0,0,0,0,0,0,0
56119,-0.12,11,3061,0,0,0.00,0,90,0,89.43,91.13,0,0,0,0,0,0,0,0,0,0,0,0,0,0,0,0,0,0,0,0
56155,-0.11,1,3101,0,0,0.00,0,90,0,89.43,91.13,0,0,0,0,0,0,0,0,0,0,0,0,0,0,0,0,0,0,0,0
56191,-0.16,0,3127,0,0,0.00,0,90,0,89.43,91.13,0,0,0,0,0,0,0,0,0,0,0,0,0,0,0,0,0,0,0,0
56227,-0.14,6,3122,0,0,0.00,0,90,0,89.43,91.13,0,0,0,0,0,0,0,0,0,0,0,0,0,0,0,0,0,0,0,0
56263,-0.14,15,3115,0,0,0.00,0,90,0,89.43,91.13,0,0,0,0,0,0,0,0,0,0,0,0,0,0,0,0,0,0,0,0
56299,-0.10,20,3115,0,0,0.00,0,90,0,89.43,91.13,0,0,0,0,0,0,0,0,0,0,0,0,0,0,0,0,0,0,0,0
56335,-0.15,22,3117,0,0,0.00,0,90,0,89.43,91.13,0,0,0,0,0,0,0,0,0,0,0,0,0,0,0,0,0,0,0,0
56371,-0.14,22,3135,0,0,0.00,0,90,0,89.43,91.13,0,0,0,0,0,0,0,0,0,0,0,0,0,0,0,0,0,0,0,0
56407,-0.14,24,3133,0,0,0.00,0,90,0,89.43,91.13,0,0,0,0,0,0,0,0,0,0,0,0,0,0,0,0,0,0,0,0
56443,-0.15,27,3140,0,0,0.00,0,90,0,89.43,91.13,0,0,0,0,0,0,0,0,0,0,0,0,0,0,0,0,0,0,0,0
56479,-0.14,30,3152,0,0,0.00,0,90,0,89.43,91.13,0,0,0,0,0,0,0,0,0,0,0,0,0,0,0,0,0,0,0,0
56515,-0.17,34,3175,0,0,0.00,0,90,0,89.43,91.13,0,0,0,0,0,0,0,0,0,0,0,0,0,0,0,0,0,0,0,0
56551,-0.17,39,3138,0,0,0.00,0,90,0,89.43,91.13,0,0,0,0,0,0,0,0,0,0,0,0,0,0,0,0,0,0,0,0
56587,-0.10,38,3139,0,0,0.00,0,90,0,89.43,91.13,0,0,0,0,0,0,0,0,0,0,0,0,0,0,0,0,0,0,0,0
56623,-0.07,30,3121,0,0,0.00,0,90,0,89.43,91.13,0,0,0,0,0,0,0,0,0,0,0,0,0,0,0,0,0,0,0,0
56659,-0.18,18,3098,0,0,0.00,0,90,0,89.43,91.13,0,0,0,0,0,0,0,0,0,0,0,0,0,0,0,0,0,0,0,0
56695,-0.26,2,3102,0,0,0.00,0,90,0,89.43,91.13,0,0,0,0,0,0,0,0,0,0,0,0,0,0,0,0,0,0,0,0
56731,-0.20,-8,3118,0,0,0.00,0,90,0,89.43,91.13,0,0,0,0,0,0,0,0,0,0,0,0,0,0,0,0,0,0,0,0
56767,-0.20,-13,3119,0,0,0.00,0,90,0,89.43,91.13,0,0,0,0,0,0,0,0,0,0,0,0,0,0,0,0,0,0,0,0
56803,-0.22,-13,3115,0,0,0.00,0,90,0,89.43,91.13,0,0,0,0,0,0,0,0,0,0,0,0,0,0,0,0,0,0,0,0
56839,-0.20,-12,3102,0,0,0.00,0,90,0,89.43,91.13,0,0,0,0,0,0,0,0,0,0,0,0,0,0,0,0,0,0,0,0
56875,-0.21,-11,3130,0,0,0.00,0,90,0,89.43,91.13,0,0,0,0,0,0,0,0,0,0,0,0,0,0,0,0,0,0,0,0
56911,-0.17,-8,3125,0,0,0.00,0,90,0,89.43,91.13,0,0,0,0,0,0,0,0,0,0,0,0,0,0,0,0,0,0,0,0
56947,-0.11,-6,3093,0,0,0.00,0,90,0,89.43,91.13,0,0,0,0,0,0,0,0,0,0,0,0,0,0,0,0,0,0,0,0
56983,-0.14,-9,3088,0,0,0.00,0,90,0,89.43,91.13,0,0,0,0,0,0,0,0,0,0,0,0,0,0,0,0,0,0,0,0
57019,-0.15,-16,3099,0,0,0.00,0,90,0,89.43,91.13,0,0,0,0,0,0,0,0,0,0,0,0,0,0,0,0,0,0,0,0
57055,-0.27,-20,3110,0,0,0.00,0,90,0,89.43,91.13,0,0,0,0,0,0,0,0,0,0,0,0,0,0,0,0,0,0,0,0
57091,-0.20,-17,3136,0,0,0.00,0,90,0,89.43,91.13,0,0,0,0,0,0,0,0,0,0,0,0,0,0,0,0,0,0,0,0
57127,-0.16,-7,3154,0,0,0.00,0,90,0,89.43,91.13,0,0,0,0,0,0,0,0,0,0,0,0,0,0,0,0,0,0,0,0
57163,-0.22,6,3167,0,0,0.00,0,90,0,89.43,91.13,0,0,0,0,0,0,0,0,0,0,0,0,0,0,0,0,0,0,0,0
57199,-0.16,19,3137,0,0,0.00,0,90,0,89.43,91.13,0,0,0,0,0,0,0,0,0,0,0,0,0,0,0,0,0,0,0,0
57235,-0.23,22,3109,0,0,0.00,0,90,0,89.43,91.13,0,0,0,0,0,0,0,0,0,0,0,0,0,0,0,0,0,0,0,0
57271,-0.24,13,3108,0,0,0.00,0,90,0,89.43,91.13,0,0,0,0,0,0,0,0,0,0,0,0,0,0,0,0,0,0,0,0
57307,-0.21,2,3123,0,0,0.00,0,90,0,89.43,91.13,0,0,0,0,0,0,0,0,0,0,0,0,0,0,0,0,0,0,0,0
57343,-0.22,-4,3129,0,0,0.00,0,90,0,89.43,91.13,0,0,0,0,0,0,0,0,0,0,0,0,0,0,0,0,0,0,0,0
57379,-0.17,-2,3179,0,0,0.00,0,90,0,89.43,91.13,0,0,0,0,0,0,0,0,0,0,0,0,0,0,0,0,0,0,0,0
57415,-0.19,10,3209,0,0,0.00,0,90,0,89.43,91.13,0,0,0,0,0,0,0,0,0,0,0,0,0,0,0,0,0,0,0,0
57451,-0.12,30,3216,0,0,0.00,0,90,0,89.43,91.13,0,0,0,0,0,0,0,0,0,0,0,0,0,0,0,0,0,0,0,0
57487,-0.16,50,3219,0,0,0.00,0,90,0,89.43,91.13,0,0,0,0,0,0,0,0,0,0,0,0,0,0,0,0,0,0,0,0
57523,-0.23,64,3251,0,0,0.00,0,90,0,89.43,91.13,0,0,0,0,0,0,0,0,0,0,0,0,0,0,0,0,0,0,0,0
57559,-0.23,76,3266,0,0,0.00,0,90,0,89.43,91.13,0,0,0,0,0,0,0,0,0,0,0,0,0,0,0,0,0,0,0,0
57595,-0.16,86,3281,0,0,0.00,0,90,0,89.43,91.13,0,0,0,0,0,0,0,0,0,0,0,0,0,0,0,0,0,0,0,0
57631,-0.24,93,3289,0,0,0.00,0,90,0,89.43,91.13,0,0,0,0,0,0,0,0,0,0,0,0,0,0,0,0,0,0,0,0
57667,-0.22,92,3225,0,0,0.00,0,90,0,89.43,91.13,0,0,0,0,0,0,0,0,0,0,0,0,0,0,0,0,0,0,0,0
57703,-0.20,79,3250,0,0,0.00,0,90,0,89.43,91.13,0,0,0,0,0,0,0,0,0,0,0,0,0,0,0,0,0,0,0,0
57739,-0.24,68,3344,0,0,0.00,0,90,0,89.43,91.13,0,0,0,0,0,0,0,0,0,0,0,0,0,0,0,0,0,0,0,0
57775,-0.29,74,3361,0,0,0.00,0,90,0,89.43,91.13,0,0,0,0,0,0,0,0,0,0,0,0,0,0,0,0,0,0,0,0
57811,-0.19,84,3279,0,0,0.00,0,90,0,89.43,91.13,0,0,0,0,0,0,0,0,0,0,0,0,0,0,0,0,0,0,0,0
57847,-0.24,69,3106,0,0,0.00,0,90,0,89.43,91.13,0,0,0,0,0,0,0,0,0,0,0,0,0,0,0,0,0,0,0,0
57883,-0.30,11,2987,0,0,0.00,0,90,0,89.43,91.13,0,0,0,0,0,0,0,0,0,0,0,0,0,0,0,0,0,0,0,0
57919,-0.20,-70,3023,0,0,0.00,0,90,0,89.43,91.13,0,0,0,0,0,0,0,0,0,0,0,0,0,0,0,0,0,0,0,0
57955,-0.23,-141,2992,0,0,0.00,0,90,0,89.43,91.13,0,0,0,0,0,0,0,0,0,0,0,0,0,0,0,0,0,0,0,0
57991,-0.17,-182,3058,0,0,0.00,0,90,0,89.43,91.13,0,0,0,0,0,0,0,0,0,0,0,0,0,0,0,0,0,0,0,0
58027,-0.29,-183,3152,0,0,0.00,0,90,0,89.43,91.13,0,0,0,0,0,0,0,0,0,0,0,0,0,0,0,0,0,0,0,0
58063,-0.13,-147,3170,0,0,0.00,0,90,0,89.43,91.13,0,0,0,0,0,0,0,0,0,0,0,0,0,0,0,0,0,0,0,0
58099,-0.15,-97,3153,0,0,0.00,0,90,0,89.43,91.13,0,0,0,0,0,0,0,0,0,0,0,0,0,0,0,0,0,0,0,0
58135,-0.20,-57,3129,0,0,0.00,0,90,0,89.43,91.13,0,0,0,0,0,0,0,0,0,0,0,0,0,0,0,0,0,0,0,0
58171,-0.28,-53,2869,0,0,0.00,0,90,0,89.43,91.13,0,0,0,0,0,0,0,0,0,0,0,0,0,0,0,0,0,0,0,0
58207,-0.29,-151,2033,0,0,0.00,0,90,0,89.43,91.13,0,0,0,0,0,0,0,0,0,0,0,0,0,0,0,0,0,0,0,0
58243,-0.28,-396,1790,0,0,0.00,0,90,0,89.43,91.13,0,0,0,0,0,0,0,0,0,0,0,0,0,0,0,0,0,0,0,0
58279,-0.20,-692,1869,0,0,0.00,0,90,0,89.43,91.13,0,0,0,0,0,0,0,0,0,0,0,0,0,0,0,0,0,0,0,0
58315,-0.24,-893,2098,0,0,0.00,0,90,0,89.43,91.13,0,0,0,0,0,0,0,0,0,0,0,0,0,0,0,0,0,0,0,0
58351,-0.28,-933,2203,0,0,0.00,0,90,0,89.43,91.13,0,0,0,0,0,0,0,0,0,0,0,0,0,0,0,0,0,0,0,0
58387,-0.25,-857,2035,0,0,0.00,0,90,0,89.43,91.13,0,0,0,0,0,0,0,0,0,0,0,0,0,0,0,0,0,0,0,0
58423,-0.24,-753,1984,0,0,0.00,0,90,0,89.43,91.13,0,0,0,0,0,0,0,0,0,0,0,0,0,0,0,0,0,0,0,0
58459,-0.18,-660,2063,0,0,0.00,0,90,0,89.43,91.13,0,0,0,0,0,0,0,0,0,0,0,0,0,0,0,0,0,0,0,0
58495,-0.25,-452,3884,0,0,0.00,0,90,0,89.43,91.13,0,0,0,0,0,0,0,0,0,0,0,0,0,0,0,0,0,0,0,0
58531,-0.30,6,4095,0,0,0.00,0,90,0,89.43,91.13,0,0,0,0,0,0,0,0,0,0,0,0,0,0,0,0,0,0,0,0
58567,-0.18,573,4095,0,0,0.00,0,90,0,89.43,91.13,0,0,0,0,0,0,0,0,0,0,0,0,0,0,0,0,0,0,0,0
58603,-0.27,979,3498,0,0,0.00,0,90,0,89.43,91.13,0,0,0,0,0,0,0,0,0,0,0,0,0,0,0,0,0,0,0,0
58639,-0.22,1077,3059,0,0,0.00,0,90,0,89.43,91.13,0,0,0,0,0,0,0,0,0,0,0,0,0,0,0,0,0,0,0,0
58675,-0.30,927,3291,0,0,0.00,0,90,0,89.43,91.13,0,0,0,0,0,0,0,0,0,0,0,0,0,0,0,0,0,0,0,0
58711,-0.28,708,3264,0,0,0.00,0,90,0,89.43,91.13,0,0,0,0,0,0,0,0,0,0,0,0,0,0,0,0,0,0,0,0
58747,-0.24,572,4016,0,0,0.00,0,90,0,89.43,91.13,0,0,0,0,0,0,0,0,0,0,0,0,0,0,0,0,0,0,0,0
58783,-0.26,596,4095,0,0,0.00,0,90,0,89.43,91.13,0,0,0,0,0,0,0,0,0,0,0,0,0,0,0,0,0,0,0,0
58819,-0.17,717,4095,0,0,0.00,0,90,0,89.43,91.13,0,0,0,0,0,0,0,0,0,0,0,0,0,0,0,0,0,0,0,0
58855,-0.23,804,3739,0,0,0.00,0,90,0,89.43,91.13,0,0,0,0,0,0,0,0,0,0,0,0,0,0,0,0,0,0,0,0
58891,-0.29,754,3267,0,0,0.00,0,90,0,89.43,91.13,0,0,0,0,0,0,0,0,0,0,0,0,0,0,0,0,0,0,0,0
58927,-0.25,550,3059,0,0,0.00,0,90,0,89.43,91.13,0,0,0,0,0,0,0,0,0,0,0,0,0,0,0,0,0,0,0,0
58963,-0.23,275,3047,0,0,0.00,0,90,0,89.43,91.13,0,0,0,0,0,0,0,0,0,0,0,0,0,0,0,0,0,0,0,0
58999,-0.16,35,3117,0,0,0.00,0,90,0,89.43,91.13,0,0,0,0,0,0,0,0,0,0,0,0,0,0,0,0,0,0,0,0
59035,-0.23,-114,3139,0,0,0.00,0,90,0,89.43,91.13,0,0,0,0,0,0,0,0,0,0,0,0,0,0,0,0,0,0,0,0
59071,-0.11,-177,3144,0,0,0.00,0,90,0,89.43,91.13,0,0,0,0,0,0,0,0,0,0,0,0,0,0,0,0,0,0,0,0
59107,-0.22,-185,3141,0,0,0.00,0,90,0,89.43,91.13,0,0,0,0,0,0,0,0,0,0,0,0,0,0,0,0,0,0,0,0
59143,-0.26,-172,3067,0,0,0.00,0,90,0,89.43,91.13,0,0,0,0,0,0,0,0,0,0,0,0,0,0,0,0,0,0,0,0
59179,-0.26,-167,3022,0,0,0.00,0,90,0,89.43,91.13,0,0,0,0,0,0,0,0,0,0,0,0,0,0,0,0,0,0,0,0
59215,-0.23,-179,2955,0,0,0.00,0,90,0,89.43,91.13,0,0,0,0,0,0,0,0,0,0,0,0,0,0,0,0,0,0,0,0
59251,-0.20,-219,2690,0,0,0.00,0,90,0,89.43,91.13,0,0,0,0,0,0,0,0,0,0,0,0,0,0,0,0,0,0,0,0
59287,-0.24,-348,1858,0,0,0.00,0,90,0,89.43,91.13,0,0,0,0,0,0,0,0,0,0,0,0,0,0,0,0,0,0,0,0
59323,-0.23,-562,2267,0,0,0.00,0,90,0,89.43,91.13,0,0,0,0,0,0,0,0,0,0,0,0,0,0,0,0,0,0,0,0
59359,-0.28,-629,3870,0,0,0.00,0,90,0,89.43,91.13,0,0,0,0,0,0,0,0,0,0,0,0,0,0,0,0,0,0,0,0
59395,-0.25,-358,4095,0,0,0.00,0,90,0,89.43,91.13,0,0,0,0,0,0,0,0,0,0,0,0,0,0,0,0,0,0,0,0
59431,-0.24,100,4095,0,0,0.00,0,90,0,89.43,91.13,0,0,0,0,0,0,0,0,0,0,0,0,0,0,0,0,0,0,0,0
59467,-0.28,479,3677,0,0,0.00,0,90,0,89.43,91.13,0,0,0,0,0,0,0,0,0,0,0,0,0,0,0,0,0,0,0,0
59503,-0.26,621,3258,0,0,0.00,0,90,0,89.43,91.13,0,0,0,0,0,0,0,0,0,0,0,0,0,0,0,0,0,0,0,0
59539,-0.21,525,3111,0,0,0.00,0,90,0,89.43,91.13,0,0,0,0,0,0,0,0,0,0,0,0,0,0,0,0,0,0,0,0
59575,-0.26,306,3086,0,0,0.00,0,90,0,89.43,91.13,0,0,0,0,0,0,0,0,0,0,0,0,0,0,0,0,0,0,0,0
59611,-0.18,83,3083,0,0,0.00,0,90,0,89.43,91.13,0,0,0,0,0,0,0,0,0,0,0,0,0,0,0,0,0,0,0,0
59647,-0.30,-79,3087,0,0,0.00,0,90,0,89.43,91.13,0,0,0,0,0,0,0,0,0,0,0,0,0,0,0,0,0,0,0,0
59683,-0.28,-168,3118,0,0,0.00,0,90,0,89.43,91.13,0,0,0,0,0,0,0,0,0,0,0,0,0,0,0,0,0,0,0,0
59719,-0.22,-194,3155,0,0,0.00,0,90,0,89.43,91.13,0,0,0,0,0,0,0,0,0,0,0,0,0,0,0,0,0,0,0,0
59755,-0.26,-169,3306,0,0,0.00,0,90,0,89.43,91.13,0,0,0,0,0,0,0,0,0,0,0,0,0,0,0,0,0,0,0,0
59791,-0.29,-99,3438,0,0,0.00,0,90,0,89.43,91.13,0,0,0,0,0,0,0,0,0,0,0,0,0,0,0,0,0,0,0,0
59827,-0.20,-4,3438,0,0,0.00,0,90,0,89.43,91.13,0,0,0,0,0,0,0,0,0,0,0,0,0,0,0,0,0,0,0,0
59863,-0.34,73,3369,0,0,0.00,0,90,0,89.43,91.13,0,0,0,0,0,0,0,0,0,0,0,0,0,0,0,0,0,0,0,0
59899,-0.21,104,3269,0,0,0.00,0,90,0,89.43,91.13,0,0,0,0,0,0,0,0,0,0,0,0,0,0,0,0,0,0,0,0
59935,-0.27,77,3141,0,0,0.00,0,90,0,89.43,91.13,0,0,0,0,0,0,0,0,0,0,0,0,0,0,0,0,0,0,0,0
59971,-0.25,7,3071,0,0,0.00,0,90,0,89.43,91.13,0,0,0,0,0,0,0,0,0,0,0,0,0,0,0,0,0,0,0,0
60007,-0.27,-83,2994,0,0,0.00,0,90,0,89.43,91.13,0,0,0,0,0,0,0,0,0,0,0,0,0,0,0,0,0,0,0,0
60043,-0.33,-172,2919,0,0,0.00,0,90,0,89.43,91.13,0,0,0,0,0,0,0,0,0,0,0,0,0,0,0,0,0,0,0,0
60079,-0.25,-262,2667,0,0,0.00,0,90,0,89.43,91.13,0,0,0,0,0,0,0,0,0,0,0,0,0,0,0,0,0,0,0,0
60115,-0.26,-420,1708,0,0,0.00,0,90,0,89.43,91.13,0,0,0,0,0,0,0,0,0,0,0,0,0,0,0,0,0,0,0,0
60151,-0.21,-760,573,0,0,0.00,0,90,0,89.43,91.13,0,0,0,0,0,0,0,0,0,0,0,0,0,0,0,0,0,0,0,0
60187,-0.26,-1293,0,0,0,0.00,0,90,0,89.43,91.13,0,0,0,0,0,0,0,0,0,0,0,0,0,0,0,0,0,0,0,0
60223,-0.27,-1767,1369,0,0,0.00,0,90,0,89.43,91.13,0,0,0,0,0,0,0,0,0,0,0,0,0,0,0,0,0,0,0,0
60259,-0.25,-1759,3426,0,0,0.00,0,90,0,89.43,91.13,0,0,0,0,0,0,0,0,0,0,0,0,0,0,0,0,0,0,0,0
60295,-0.23,-1126,4095,0,0,0.00,0,90,0,89.43,91.13,0,0,0,0,0,0,0,0,0,0,0,0,0,0,0,0,0,0,0,0
60331,-0.23,-193,4095,0,0,0.00,0,90,0,89.43,91.13,0,0,0,0,0,0,0,0,0,0,0,0,0,0,0,0,0,0,0,0
60367,-0.25,585,3435,0,0,0.00,0,90,0,89.43,91.13,0,0,0,0,0,0,0,0,0,0,0,0,0,0,0,0,0,0,0,0
60403,-0.23,920,2496,0,0,0.00,0,90,0,89.43,91.13,0,0,0,0,0,0,0,0,0,0,0,0,0,0,0,0,0,0,0,0
60439,-0.32,751,1642,0,0,0.00,0,90,0,89.43,91.13,0,0,0,0,0,0,0,0,0,0,0,0,0,0,0,0,0,0,0,0
60475,-0.31,232,1263,0,0,0.00,0,90,0,89.43,91.13,0,0,0,0,0,0,0,0,0,0,0,0,0,0,0,0,0,0,0,0
60511,-0.25,-351,1516,0,0,0.00,0,90,0,89.43,91.13,0,0,0,0,0,0,0,0,0,0,0,0,0,0,0,0,0,0,0,0
60547,-0.16,-722,2193,0,0,0.00,0,90,0,89.43,91.13,0,0,0,0,0,0,0,0,0,0,0,0,0,0,0,0,0,0,0,0
60583,-0.31,-693,3465,0,0,0.00,0,90,0,89.43,91.13,0,0,0,0,0,0,0,0,0,0,0,0,0,0,0,0,0,0,0,0
60619,-0.23,-250,4095,0,0,0.00,0,90,0,89.43,91.13,0,0,0,0,0,0,0,0,0,0,0,0,0,0,0,0,0,0,0,0
60655,-0.19,390,4095,0,0,0.00,0,90,0,89.43,91.13,0,0,0,0,0,0,0,0,0,0,0,0,0,0,0,0,0,0,0,0
60691,-0.19,953,4095,0,0,0.00,0,90,0,89.43,91.13,0,0,0,0,0,0,0,0,0,0,0,0,0,0,0,0,0,0,0,0
60727,-0.24,1300,4095,0,0,0.00,0,90,0,89.43,91.13,0,0,0,0,0,0,0,0,0,0,0,0,0,0,0,0,0,0,0,0
60763,-0.32,1428,4015,0,0,0.00,0,90,0,89.43,91.13,0,0,0,0,0,0,0,0,0,0,0,0,0,0,0,0,0,0,0,0
60799,-0.20,1350,3357,0,0,0.00,0,90,0,89.43,91.13,0,0,0,0,0,0,0,0,0,0,0,0,0,0,0,0,0,0,0,0
60835,-0.32,1083,3165,0,0,0.00,0,90,0,89.43,91.13,0,0,0,0,0,0,0,0,0,0,0,0,0,0,0,0,0,0,0,0
60871,-0.28,748,3445,0,0,0.00,0,90,0,89.43,91.13,0,0,0,0,0,0,0,0,0,0,0,0,0,0,0,0,0,0,0,0
60907,-0.29,534,4095,0,0,0.00,0,90,0,89.43,91.13,0,0,0,0,0,0,0,0,0,0,0,0,0,0,0,0,0,0,0,0
60943,-0.31,517,4095,0,0,0.00,0,90,0,89.43,91.13,0,0,0,0,0,0,0,0,0,0,0,0,0,0,0,0,0,0,0,0
60979,-0.27,605,4095,0,0,0.00,0,90,0,89.43,91.13,0,0,0,0,0,0,0,0,0,0,0,0,0,0,0,0,0,0,0,0
61015,-0.35,668,3751,0,0,0.00,0,90,0,89.43,91.13,0,0,0,0,0,0,0,0,0,0,0,0,0,0,0,0,0,0,0,0
61051,-0.32,618,3441,0,0,0.00,0,90,0,89.43,91.13,0,0,0,0,0,0,0,0,0,0,0,0,0,0,0,0,0,0,0,0
61087,-0.33,449,3296,0,0,0.00,0,90,0,89.43,91.13,0,0,0,0,0,0,0,0,0,0,0,0,0,0,0,0,0,0,0,0
61123,-0.27,229,3245,0,0,0.00,0,90,0,89.43,91.13,0,0,0,0,0,0,0,0,0,0,0,0,0,0,0,0,0,0,0,0
61159,-0.34,26,3221,0,0,0.00,0,90,0,89.43,91.13,0,0,0,0,0,0,0,0,0,0,0,0,0,0,0,0,0,0,0,0
61195,-0.25,-122,3202,0,0,0.00,0,90,0,89.43,91.13,0,0,0,0,0,0,0,0,0,0,0,0,0,0,0,0,0,0,0,0
61231,-0.30,-214,3173,0,0,0.00,0,90,0,89.43,91.13,0,0,0,0,0,0,0,0,0,0,0,0,0,0,0,0,0,0,0,0
61267,-0.25,-261,3169,0,0,0.00,0,90,0,89.43,91.13,0,0,0,0,0,0,0,0,0,0,0,0,0,0,0,0,0,0,0,0
61303,-0.33,-279,3164,0,0,0.00,0,90,0,89.43,91.13,0,0,0,0,0,0,0,0,0,0,0,0,0,0,0,0,0,0,0,0
61339,-0.22,-279,3159,0,0,0.00,0,90,0,89.43,91.13,0,0,0,0,0,0,0,0,0,0,0,0,0,0,0,0,0,0,0,0
61375,-0.36,-271,3142,0,0,0.00,0,90,0,89.43,91.13,0,0,0,0,0,0,0,0,0,0,0,0,0,0,0,0,0,0,0,0
61411,-0.25,-264,3117,0,0,0.00,0,90,0,89.43,91.13,0,0,0,0,0,0,0,0,0,0,0,0,0,0,0,0,0,0,0,0
61447,-0.33,-258,3155,0,0,0.00,0,90,0,89.43,91.13,0,0,0,0,0,0,0,0,0,0,0,0,0,0,0,0,0,0,0,0
61483,-0.29,-246,3184,0,0,0.00,0,90,0,89.43,91.13,0,0,0,0,0,0,0,0,0,0,0,0,0,0,0,0,0,0,0,0
61519,-0.26,-230,3130,0,0,0.00,0,90,0,89.43,91.13,0,0,0,0,0,0,0,0,0,0,0,0,0,0,0,0,0,0,0,0
61555,-0.30,-216,3170,0,0,0.00,0,90,0,89.43,91.13,0,0,0,0,0,0,0,0,0,0,0,0,0,0,0,0,0,0,0,0
61591,-0.27,-200,3217,0,0,0.00,0,90,0,89.43,91.13,0,0,0,0,0,0,0,0,0,0,0,0,0,0,0,0,0,0,0,0
61627,-0.25,-178,3197,0,0,0.00,0,90,0,89.43,91.13,0,0,0,0,0,0,0,0,0,0,0,0,0,0,0,0,0,0,0,0
61663,-0.29,-158,3178,0,0,0.00,0,90,0,89.43,91.13,0,0,0,0,0,0,0,0,0,0,0,0,0,0,0,0,0,0,0,0
61699,-0.29,-146,3198,0,0,0.00,0,90,0,89.43,91.13,0,0,0,0,0,0,0,0,0,0,0,0,0,0,0,0,0,0,0,0
61735,-0.22,-138,3185,0,0,0.00,0,90,0,89.43,91.13,0,0,0,0,0,0,0,0,0,0,0,0,0,0,0,0,0,0,0,0
61771,-0.24,-133,3174,0,0,0.00,0,90,0,89.43,91.13,0,0,0,0,0,0,0,0,0,0,0,0,0,0,0,0,0,0,0,0
61807,-0.23,-133,3140,0,0,0.00,0,90,0,89.43,91.13,0,0,0,0,0,0,0,0,0,0,0,0,0,0,0,0,0,0,0,0
61843,-0.26,-138,3147,0,0,0.00,0,90,0,89.43,91.13,0,0,0,0,0,0,0,0,0,0,0,0,0,0,0,0,0,0,0,0
61879,-0.26,-144,3134,0,0,0.00,0,90,0,89.43,91.13,0,0,0,0,0,0,0,0,0,0,0,0,0,0,0,0,0,0,0,0
61915,-0.29,-147,3119,0,0,0.00,0,90,0,89.43,91.13,0,0,0,0,0,0,0,0,0,0,0,0,0,0,0,0,0,0,0,0
61951,-0.36,-151,3091,0,0,0.00,0,90,0,89.43,91.13,0,0,0,0,0,0,0,0,0,0,0,0,0,0,0,0,0,0,0,0
61987,-0.15,-158,3045,0,0,0.00,0,90,0,89.43,91.13,0,0,0,0,0,0,0,0,0,0,0,0,0,0,0,0,0,0,0,0
62023,-0.29,-172,2997,0,0,0.00,0,90,0,89.43,91.13,0,0,0,0,0,0,0,0,0,0,0,0,0,0,0,0,0,0,0,0
62059,-0.22,-191,2973,0,0,0.00,0,90,0,89.43,91.13,0,0,0,0,0,0,0,0,0,0,0,0,0,0,0,0,0,0,0,0
62095,-0.23,-208,2967,0,0,0.00,0,90,0,89.43,91.13,0,0,0,0,0,0,0,0,0,0,0,0,0,0,0,0,0,0,0,0
62131,-0.36,-213,3031,0,0,0.00,0,90,0,89.43,91.13,0,0,0,0,0,0,0,0,0,0,0,0,0,0,0,0,0,0,0,0
62167,-0.18,-196,3071,0,0,0.00,0,90,0,89.43,91.13,0,0,0,0,0,0,0,0,0,0,0,0,0,0,0,0,0,0,0,0
62203,-0.18,-157,3138,0,0,0.00,0,90,0,89.43,91.13,0,0,0,0,0,0,0,0,0,0,0,0,0,0,0,0,0,0,0,0
62239,-0.24,-102,3187,0,0,0.00,0,90,0,89.43,91.13,0,0,0,0,0,0,0,0,0,0,0,0,0,0,0,0,0,0,0,0
62275,-0.17,-41,3224,0,0,0.00,0,90,0,89.43,91.13,0,0,0,0,0,0,0,0,0,0,0,0,0,0,0,0,0,0,0,0
62311,-0.18,10,3187,0,0,0.00,0,90,0,89.43,91.13,0,0,0,0,0,0,0,0,0,0,0,0,0,0,0,0,0,0,0,0
62347,-0.20,38,3136,0,0,0.00,0,90,0,89.43,91.13,0,0,0,0,0,0,0,0,0,0,0,0,0,0,0,0,0,0,0,0
62383,-0.26,31,3003,0,0,0.00,0,90,0,89.43,91.13,0,0,0,0,0,0,0,0,0,0,0,0,0,0,0,0,0,0,0,0
62419,-0.30,-10,2955,0,0,0.00,0,90,0,89.43,91.13,0,0,0,0,0,0,0,0,0,0,0,0,0,0,0,0,0,0,0,0
62455,-0.19,-64,2992,0,0,0.00,0,90,0,89.43,91.13,0,0,0,0,0,0,0,0,0,0,0,0,0,0,0,0,0,0,0,0
62491,-0.22,-95,3102,0,0,0.00,0,90,0,89.43,91.13,0,0,0,0,0,0,0,0,0,0,0,0,0,0,0,0,0,0,0,0
62527,-0.23,-79,3248,0,0,0.00,0,90,0,89.43,91.13,0,0,0,0,0,0,0,0,0,0,0,0,0,0,0,0,0,0,0,0
62563,-0.22,2,3635,0,0,0.00,0,90,0,89.43,91.13,0,0,0,0,0,0,0,0,0,0,0,0,0,0,0,0,0,0,0,0
62599,-0.13,152,3735,0,0,0.00,0,90,0,89.43,91.13,0,0,0,0,0,0,0,0,0,0,0,0,0,0,0,0,0,0,0,0
62635,-0.18,296,3391,0,0,0.00,0,90,0,89.43,91.13,0,0,0,0,0,0,0,0,0,0,0,0,0,0,0,0,0,0,0,0
62671,-0.26,331,3108,0,0,0.00,0,90,0,89.43,91.13,0,0,0,0,0,0,0,0,0,0,0,0,0,0,0,0,0,0,0,0
62707,-0.25,238,2951,0,0,0.00,0,90,0,89.43,91.13,0,0,0,0,0,0,0,0,0,0,0,0,0,0,0,0,0,0,0,0
62743,-0.28,69,2779,0,0,0.00,0,90,0,89.43,91.13,0,0,0,0,0,0,0,0,0,0,0,0,0,0,0,0,0,0,0,0
62779,-0.14,-152,2145,0,0,0.00,0,90,0,89.43,91.13,0,0,0,0,0,0,0,0,0,0,0,0,0,0,0,0,0,0,0,0
62815,-0.22,-556,0,0,0,0.00,0,90,0,89.43,91.13,0,0,0,0,0,0,0,0,0,0,0,0,0,0,0,0,0,0,0,0
62851,-0.28,-1211,0,0,0,0.00,0,90,0,89.43,91.13,0,0,0,0,0,0,0,0,0,0,0,0,0,0,0,0,0,0,0,0
62887,-0.18,-1874,0,0,0,0.00,0,90,0,89.43,91.13,0,0,0,0,0,0,0,0,0,0,0,0,0,0,0,0,0,0,0,0
62923,-0.25,-2292,0,0,0,0.00,0,90,0,89.43,91.13,0,0,0,0,0,0,0,0,0,0,0,0,0,0,0,0,0,0,0,0
62959,-0.18,-2432,0,0,0,0.00,0,90,0,89.43,91.13,0,0,0,0,0,0,0,0,0,0,0,0,0,0,0,0,0,0,0,0
62995,-0.25,-2358,0,0,0,0.00,0,90,0,89.43,91.13,0,0,0,0,0,0,0,0,0,0,0,0,0,0,0,0,0,0,0,0
63031,-0.14,-2021,2107,0,0,0.00,0,90,0,89.43,91.13,0,0,0,0,0,0,0,0,0,0,0,0,0,0,0,0,0,0,0,0
63067,-0.22,-1224,4095,0,0,0.00,0,90,0,89.43,91.13,0,0,0,0,0,0,0,0,0,0,0,0,0,0,0,0,0,0,0,0
63103,-0.33,-54,4095,0,0,0.00,0,90,0,89.43,91.13,0,0,0,0,0,0,0,0,0,0,0,0,0,0,0,0,0,0,0,0
63139,-0.27,1050,4095,0,0,0.00,0,90,0,89.43,91.13,0,0,0,0,0,0,0,0,0,0,0,0,0,0,0,0,0,0,0,0
63175,-0.27,1789,4095,0,0,0.00,0,90,0,89.43,91.13,0,0,0,0,0,0,0,0,0,0,0,0,0,0,0,0,0,0,0,0
63211,-0.18,2138,4095,0,0,0.00,0,90,0,89.43,91.13,0,0,0,0,0,0,0,0,0,0,0,0,0,0,0,0,0,0,0,0
63247,-0.28,2192,4095,0,0,0.00,0,90,0,89.43,91.13,0,0,0,0,0,0,0,0,0,0,0,0,0,0,0,0,0,0,0,0
63283,-0.23,1809,0,0,0,0.00,0,90,0,89.43,91.13,0,0,0,0,0,0,0,0,0,0,0,0,0,0,0,0,0,0,0,0
63319,-0.28,809,0,0,0,0.00,0,90,0,89.43,91.13,0,0,0,0,0,0,0,0,0,0,0,0,0,0,0,0,0,0,0,0
63355,-0.31,-406,0,0,0,0.00,0,90,0,89.43,91.13,0,0,0,0,0,0,0,0,0,0,0,0,0,0,0,0,0,0,0,0
63391,-0.29,-1324,0,0,0,0.00,0,90,0,89.43,91.13,0,0,0,0,0,0,0,0,0,0,0,0,0,0,0,0,0,0,0,0
63427,-0.30,-1819,0,0,0,0.00,0,90,0,89.43,91.13,0,0,0,0,0,0,0,0,0,0,0,0,0,0,0,0,0,0,0,0
63463,-0.32,-1861,1455,0,0,0.00,0,90,0,89.43,91.13,0,0,0,0,0,0,0,0,0,0,0,0,0,0,0,0,0,0,0,0
63499,-0.21,-1305,4095,0,0,0.00,0,90,0,89.43,91.13,0,0,0,0,0,0,0,0,0,0,0,0,0,0,0,0,0,0,0,0
63535,-0.26,-213,4095,0,0,0.00,0,90,0,89.43,91.13,0,0,0,0,0,0,0,0,0,0,0,0,0,0,0,0,0,0,0,0
63571,-0.25,942,4095,0,0,0.00,0,90,0,89.43,91.13,0,0,0,0,0,0,0,0,0,0,0,0,0,0,0,0,0,0,0,0
63607,-0.27,1765,4095,0,0,0.00,0,90,0,89.43,91.13,0,0,0,0,0,0,0,0,0,0,0,0,0,0,0,0,0,0,0,0
63643,-0.31,2182,4095,0,0,0.00,0,90,0,89.43,91.13,0,0,0,0,0,0,0,0,0,0,0,0,0,0,0,0,0,0,0,0
63679,-0.31,2203,2966,0,0,0.00,0,90,0,89.43,91.13,0,0,0,0,0,0,0,0,0,0,0,0,0,0,0,0,0,0,0,0
63715,-0.19,1821,2155,0,0,0.00,0,90,0,89.43,91.13,0,0,0,0,0,0,0,0,0,0,0,0,0,0,0,0,0,0,0,0
63751,-0.29,1196,2390,0,0,0.00,0,90,0,89.43,91.13,0,0,0,0,0,0,0,0,0,0,0,0,0,0,0,0,0,0,0,0
63787,-0.28,655,2992,0,0,0.00,0,90,0,89.43,91.13,0,0,0,0,0,0,0,0,0,0,0,0,0,0,0,0,0,0,0,0
63823,-0.26,425,3603,0,0,0.00,0,90,0,89.43,91.13,0,0,0,0,0,0,0,0,0,0,0,0,0,0,0,0,0,0,0,0
63859,-0.24,519,4095,0,0,0.00,0,90,0,89.43,91.13,0,0,0,0,0,0,0,0,0,0,0,0,0,0,0,0,0,0,0,0
63895,-0.27,798,4095,0,0,0.00,0,90,0,89.43,91.13,0,0,0,0,0,0,0,0,0,0,0,0,0,0,0,0,0,0,0,0
63931,-0.35,1074,4095,0,0,0.00,0,90,0,89.43,91.13,0,0,0,0,0,0,0,0,0,0,0,0,0,0,0,0,0,0,0,0
63967,-0.22,1239,4095,0,0,0.00,0,90,0,89.43,91.13,0,0,0,0,0,0,0,0,0,0,0,0,0,0,0,0,0,0,0,0
64003,-0.24,1278,4095,0,0,0.00,0,90,0,89.43,91.13,0,0,0,0,0,0,0,0,0,0,0,0,0,0,0,0,0,0,0,0
64039,-0.24,1223,4095,0,0,0.00,0,90,0,89.43,91.13,0,0,0,0,0,0,0,0,0,0,0,0,0,0,0,0,0,0,0,0
64075,-0.33,1113,4095,0,0,0.00,0,90,0,89.43,91.13,0,0,0,0,0,0,0,0,0,0,0,0,0,0,0,0,0,0,0,0
64111,-0.33,980,4095,0,0,0.00,0,90,0,89.43,91.13,0,0,0,0,0,0,0,0,0,0,0,0,0,0,0,0,0,0,0,0
64147,-0.28,846,4095,0,0,0.00,0,90,0,89.43,91.13,0,0,0,0,0,0,0,0,0,0,0,0,0,0,0,0,0,0,0,0
64183,-0.27,723,4095,0,0,0.00,0,90,0,89.43,91.13,0,0,0,0,0,0,0,0,0,0,0,0,0,0,0,0,0,0,0,0
64219,-0.24,612,4095,0,0,0.00,0,90,0,89.43,91.13,0,0,0,0,0,0,0,0,0,0,0,0,0,0,0,0,0,0,0,0
64255,-0.34,514,4095,0,0,0.00,0,90,0,89.43,91.13,0,0,0,0,0,0,0,0,0,0,0,0,0,0,0,0,0,0,0,0
64291,-0.26,426,4095,0,0,0.00,0,90,0,89.43,91.13,0,0,0,0,0,0,0,0,0,0,0,0,0,0,0,0,0,0,0,0
64327,-0.29,83,0,0,0,0.00,0,90,0,89.43,91.13,0,0,0,0,0,0,0,0,0,0,0,0,0,0,0,0,0,0,0,0
64363,-0.24,-796,0,0,0,0.00,0,90,0,89.43,91.13,0,0,0,0,0,0,0,0,0,0,0,0,0,0,0,0,0,0,0,0
64399,-0.32,-1872,0,0,0,0.00,0,90,0,89.43,91.13,0,0,0,0,0,0,0,0,0,0,0,0,0,0,0,0,0,0,0,0
64435,-0.29,-2665,0,0,0,0.00,0,90,0,89.43,91.13,0,0,0,0,0,0,0,0,0,0,0,0,0,0,0,0,0,0,0,0
64471,-0.32,-3056,0,0,0,0.00,0,90,0,89.43,91.13,0,0,0,0,0,0,0,0,0,0,0,0,0,0,0,0,0,0,0,0
64507,-0.24,-3108,0,0,0,0.00,0,90,0,89.43,91.13,0,0,0,0,0,0,0,0,0,0,0,0,0,0,0,0,0,0,0,0
64543,-0.26,-2941,0,0,0,0.00,0,90,0,89.43,91.13,0,0,0,0,0,0,0,0,0,0,0,0,0,0,0,0,0,0,0,0
64579,-0.23,-2668,0,0,0,0.00,0,90,0,89.43,91.13,0,0,0,0,0,0,0,0,0,0,0,0,0,0,0,0,0,0,0,0
64615,-0.24,-2365,0,0,0,0.00,0,90,0,89.43,91.13,0,0,0,0,0,0,0,0,0,0,0,0,0,0,0,0,0,0,0,0
64651,-0.27,-2077,0,0,0,0.00,0,90,0,89.43,91.13,0,0,0,0,0,0,0,0,0,0,0,0,0,0,0,0,0,0,0,0
64687,-0.24,-1819,0,0,0,0.00,0,90,0,89.43,91.13,0,0,0,0,0,0,0,0,0,0,0,0,0,0,0,0,0,0,0,0
64723,-0.26,-1594,0,0,0,0.00,0,90,0,89.43,91.13,0,0,0,0,0,0,0,0,0,0,0,0,0,0,0,0,0,0,0,0
64759,-0.24,-1396,0,0,0,0.00,0,90,0,89.43,91.13,0,0,0,0,0,0,0,0,0,0,0,0,0,0,0,0,0,0,0,0
64795,-0.22,-1219,0,0,0,0.00,0,90,0,89.43,91.13,0,0,0,0,0,0,0,0,0,0,0,0,0,0,0,0,0,0,0,0
64831,-0.19,-1056,0,0,0,0.00,0,90,0,89.43,91.13,0,0,0,0,0,0,0,0,0,0,0,0,0,0,0,0,0,0,0,0
64867,-0.28,-904,0,0,0,0.00,0,90,0,89.43,91.13,0,0,0,0,0,0,0,0,0,0,0,0,0,0,0,0,0,0,0,0
64903,-0.27,-762,0,0,0,0.00,0,90,0,89.43,91.13,0,0,0,0,0,0,0,0,0,0,0,0,0,0,0,0,0,0,0,0
64939,-0.25,-628,0,0,0,0.00,0,90,0,89.43,91.13,0,0,0,0,0,0,0,0,0,0,0,0,0,0,0,0,0,0,0,0
64975,-0.25,-502,0,0,0,0.00,0,90,0,89.43,91.13,0,0,0,0,0,0,0,0,0,0,0,0,0,0,0,0,0,0,0,0
65011,-0.23,-384,0,0,0,0.00,0,90,0,89.43,91.13,0,0,0,0,0,0,0,0,0,0,0,0,0,0,0,0,0,0,0,0
65047,-0.28,-274,0,0,0,0.00,0,90,0,89.43,91.13,0,0,0,0,0,0,0,0,0,0,0,0,0,0,0,0,0,0,0,0
65083,-0.28,-173,0,0,0,0.00,0,90,0,89.43,91.13,0,0,0,0,0,0,0,0,0,0,0,0,0,0,0,0,0,0,0,0
65119,-0.25,-79,0,0,0,0.00,0,90,0,89.43,91.13,0,0,0,0,0,0,0,0,0,0,0,0,0,0,0,0,0,0,0,0
65155,-0.21,6,0,0,0,0.00,0,90,0,89.43,91.13,0,0,0,0,0,0,0,0,0,0,0,0,0,0,0,0,0,0,0,0
65191,-0.29,84,0,0,0,0.00,0,90,0,89.43,91.13,0,0,0,0,0,0,0,0,0,0,0,0,0,0,0,0,0,0,0,0
65227,-0.27,156,0,0,0,0.00,0,90,0,89.43,91.13,0,0,0,0,0,0,0,0,0,0,0,0,0,0,0,0,0,0,0,0
65263,-0.35,220,0,0,0,0.00,0,90,0,89.43,91.13,0,0,0,0,0,0,0,0,0,0,0,0,0,0,0,0,0,0,0,0
65299,-0.21,279,0,0,0,0.00,0,90,0,89.43,91.13,0,0,0,0,0,0,0,0,0,0,0,0,0,0,0,0,0,0,0,0
65335,-0.29,331,0,0,0,0.00,0,90,0,89.43,91.13,0,0,0,0,0,0,0,0,0,0,0,0,0,0,0,0,0,0,0,0
65371,-0.26,378,0,0,0,0.00,0,90,0,89.43,91.13,0,0,0,0,0,0,0,0,0,0,0,0,0,0,0,0,0,0,0,0
65407,-0.27,419,0,0,0,0.00,0,90,0,89.43,91.13,0,0,0,0,0,0,0,0,0,0,0,0,0,0,0,0,0,0,0,0
65443,-0.33,455,0,0,0,0.00,0,90,0,89.43,91.13,0,0,0,0,0,0,0,0,0,0,0,0,0,0,0,0,0,0,0,0
65479,-0.22,487,0,0,0,0.00,0,90,0,89.43,91.13,0,0,0,0,0,0,0,0,0,0,0,0,0,0,0,0,0,0,0,0
65515,-0.28,513,0,0,0,0.00,0,90,0,89.43,91.13,0,0,0,0,0,0,0,0,0,0,0,0,0,0,0,0,0,0,0,0
65551,-0.29,536,0,0,0,0.00,0,90,0,89.43,91.13,0,0,0,0,0,0,0,0,0,0,0,0,0,0,0,0,0,0,0,0
65587,-0.26,555,0,0,0,0.00,0,90,0,89.43,91.13,0,0,0,0,0,0,0,0,0,0,0,0,0,0,0,0,0,0,0,0
65623,-0.23,570,0,0,0,0.00,0,90,0,89.43,91.13,0,0,0,0,0,0,0,0,0,0,0,0,0,0,0,0,0,0,0,0
65659,-0.23,581,0,0,0,0.00,0,90,0,89.43,91.13,0,0,0,0,0,0,0,0,0,0,0,0,0,0,0,0,0,0,0,0
65695,-0.27,590,0,0,0,0.00,0,90,0,89.43,91.13,0,0,0,0,0,0,0,0,0,0,0,0,0,0,0,0,0,0,0,0
65731,-0.28,595,0,0,0,0.00,0,90,0,89.43,91.13,0,0,0,0,0,0,0,0,0,0,0,0,0,0,0,0,0,0,0,0
65767,-0.31,598,0,0,0,0.00,0,90,0,89.43,91.13,0,0,0,0,0,0,0,0,0,0,0,0,0,0,0,0,0,0,0,0
65803,-0.24,598,0,0,0,0.00,0,90,0,89.43,91.13,0,0,0,0,0,0,0,0,0,0,0,0,0,0,0,0,0,0,0,0
65839,-0.22,596,0,0,0,0.00,0,90,0,89.43,91.13,0,0,0,0,0,0,0,0,0,0,0,0,0,0,0,0,0,0,0,0
65875,-0.26,592,0,0,0,0.00,0,90,0,89.43,91.13,0,0,0,0,0,0,0,0,0,0,0,0,0,0,0,0,0,0,0,0
65911,-0.25,586,0,0,0,0.00,0,90,0,89.43,91.13,0,0,0,0,0,0,0,0,0,0,0,0,0,0,0,0,0,0,0,0
65947,-0.28,578,0,0,0,0.00,0,90,0,89.43,91.13,0,0,0,0,0,0,0,0,0,0,0,0,0,0,0,0,0,0,0,0
65983,-0.26,569,0,0,0,0.00,0,90,0,89.43,91.13,0,0,0,0,0,0,0,0,0,0,0,0,0,0,0,0,0,0,0,0
66019,-0.27,558,0,0,0,0.00,0,90,0,89.43,91.13,0,0,0,0,0,0,0,0,0,0,0,0,0,0,0,0,0,0,0,0
66055,-0.24,547,0,0,0,0.00,0,90,0,89.43,91.13,0,0,0,0,0,0,0,0,0,0,0,0,0,0,0,0,0,0,0,0
66091,-0.23,534,0,0,0,0.00,0,90,0,89.43,91.13,0,0,0,0,0,0,0,0,0,0,0,0,0,0,0,0,0,0,0,0
66127,-0.29,520,0,0,0,0.00,0,90,0,89.43,91.13,0,0,0,0,0,0,0,0,0,0,0,0,0,0,0,0,0,0,0,0
66163,-0.26,505,0,0,0,0.00,0,90,0,89.43,91.13,0,0,0,0,0,0,0,0,0,0,0,0,0,0,0,0,0,0,0,0
66199,-0.15,490,0,0,0,0.00,0,90,0,89.43,91.13,0,0,0,0,0,0,0,0,0,0,0,0,0,0,0,0,0,0,0,0
66235,-0.21,474,0,0,0,0.00,0,90,0,89.43,91.13,0,0,0,0,0,0,0,0,0,0,0,0,0,0,0,0,0,0,0,0
66271,-0.25,458,0,0,0,0.00,0,90,0,89.43,91.13,0,0,0,0,0,0,0,0,0,0,0,0,0,0,0,0,0,0,0,0
66307,-0.25,441,0,0,0,0.00,0,90,0,89.43,91.13,0,0,0,0,0,0,0,0,0,0,0,0,0,0,0,0,0,0,0,0
66343,-0.19,424,0,0,0,0.00,0,90,0,89.43,91.13,0,0,0,0,0,0,0,0,0,0,0,0,0,0,0,0,0,0,0,0
66379,-0.22,407,0,0,0,0.00,0,90,0,89.43,91.13,0,0,0,0,0,0,0,0,0,0,0,0,0,0,0,0,0,0,0,0
66415,-0.24,390,0,0,0,0.00,0,90,0,89.43,91.13,0,0,0,0,0,0,0,0,0,0,0,0,0,0,0,0,0,0,0,0
66451,-0.29,373,0,0,0,0.00,0,90,0,89.43,91.13,0,0,0,0,0,0,0,0,0,0,0,0,0,0,0,0,0,0,0,0
66487,-0.24,356,0,0,0,0.00,0,90,0,89.43,91.13,0,0,0,0,0,0,0,0,0,0,0,0,0,0,0,0,0,0,0,0
66523,-0.29,339,0,0,0,0.00,0,90,0,89.43,91.13,0,0,0,0,0,0,0,0,0,0,0,0,0,0,0,0,0,0,0,0
66559,-0.34,322,0,0,0,0.00,0,90,0,89.43,91.13,0,0,0,0,0,0,0,0,0,0,0,0,0,0,0,0,0,0,0,0
66595,-0.23,306,0,0,0,0.00,0,90,0,89.43,91.13,0,0,0,0,0,0,0,0,0,0,0,0,0,0,0,0,0,0,0,0
66631,-0.26,289,0,0,0,0.00,0,90,0,89.43,91.13,0,0,0,0,0,0,0,0,0,0,0,0,0,0,0,0,0,0,0,0
66667,-0.29,273,0,0,0,0.00,0,90,0,89.43,91.13,0,0,0,0,0,0,0,0,0,0,0,0,0,0,0,0,0,0,0,0
66703,-0.27,257,0,0,0,0.00,0,90,0,89.43,91.13,0,0,0,0,0,0,0,0,0,0,0,0,0,0,0,0,0,0,0,0
66739,-0.19,242,0,0,0,0.00,0,90,0,89.43,91.13,0,0,0,0,0,0,0,0,0,0,0,0,0,0,0,0,0,0,0,0
66775,-0.26,227,0,0,0,0.00,0,90,0,89.43,91.13,0,0,0,0,0,0,0,0,0,0,0,0,0,0,0,0,0,0,0,0
66811,-0.30,212,0,0,0,0.00,0,90,0,89.43,91.13,0,0,0,0,0,0,0,0,0,0,0,0,0,0,0,0,0,0,0,0
66847,-0.27,198,0,0,0,0.00,0,90,0,89.43,91.13,0,0,0,0,0,0,0,0,0,0,0,0,0,0,0,0,0,0,0,0
66883,-0.24,185,0,0,0,0.00,0,90,0,89.43,91.13,0,0,0,0,0,0,0,0,0,0,0,0,0,0,0,0,0,0,0,0
66919,-0.28,171,0,0,0,0.00,0,90,0,89.43,91.13,0,0,0,0,0,0,0,0,0,0,0,0,0,0,0,0,0,0,0,0
66955,-0.28,159,0,0,0,0.00,0,90,0,89.43,91.13,0,0,0,0,0,0,0,0,0,0,0,0,0,0,0,0,0,0,0,0
66991,-0.26,146,0,0,0,0.00,0,90,0,89.43,91.13,0,0,0,0,0,0,0,0,0,0,0,0,0,0,0,0,0,0,0,0
67027,-0.27,135,0,0,0,0.00,0,90,0,89.43,91.13,0,0,0,0,0,0,0,0,0,0,0,0,0,0,0,0,0,0,0,0
67063,-0.30,123,0,0,0,0.00,0,90,0,89.43,91.13,0,0,0,0,0,0,0,0,0,0,0,0,0,0,0,0,0,0,0,0
67099,-0.32,112,0,0,0,0.00,0,90,0,89.43,91.13,0,0,0,0,0,0,0,0,0,0,0,0,0,0,0,0,0,0,0,0
67135,-0.32,102,0,0,0,0.00,0,90,0,89.43,91.13,0,0,0,0,0,0,0,0,0,0,0,0,0,0,0,0,0,0,0,0
67171,-0.29,92,0,0,0,0.00,0,90,0,89.43,91.13,0,0,0,0,0,0,0,0,0,0,0,0,0,0,0,0,0,0,0,0
67207,-0.37,83,0,0,0,0.00,0,90,0,89.43,91.13,0,0,0,0,0,0,0,0,0,0,0,0,0,0,0,0,0,0,0,0
67243,-0.32,74,0,0,0,0.00,0,90,0,89.43,91.13,0,0,0,0,0,0,0,0,0,0,0,0,0,0,0,0,0,0,0,0
67279,-0.27,66,0,0,0,0.00,0,90,0,89.43,91.13,0,0,0,0,0,0,0,0,0,0,0,0,0,0,0,0,0,0,0,0
67315,-0.37,58,0,0,0,0.00,0,90,0,89.43,91.13,0,0,0,0,0,0,0,0,0,0,0,0,0,0,0,0,0,0,0,0
67351,-0.29,50,0,0,0,0.00,0,90,0,89.43,91.13,0,0,0,0,0,0,0,0,0,0,0,0,0,0,0,0,0,0,0,0
67387,-0.25,43,0,0,0,0.00,0,90,0,89.43,91.13,0,0,0,0,0,0,0,0,0,0,0,0,0,0,0,0,0,0,0,0
67423,-0.29,37,0,0,0,0.00,0,90,0,89.43,91.13,0,0,0,0,0,0,0,0,0,0,0,0,0,0,0,0,0,0,0,0
67459,-0.23,31,0,0,0,0.00,0,90,0,89.43,91.13,0,0,0,0,0,0,0,0,0,0,0,0,0,0,0,0,0,0,0,0
67495,-0.34,25,0,0,0,0.00,0,90,0,89.43,91.13,0,0,0,0,0,0,0,0,0,0,0,0,0,0,0,0,0,0,0,0
67531,-0.22,19,0,0,0,0.00,0,90,0,89.43,91.13,0,0,0,0,0,0,0,0,0,0,0,0,0,0,0,0,0,0,0,0
67567,-0.29,14,0,0,0,0.00,0,90,0,89.43,91.13,0,0,0,0,0,0,0,0,0,0,0,0,0,0,0,0,0,0,0,0
67603,-0.22,10,0,0,0,0.00,0,90,0,89.43,91.13,0,0,0,0,0,0,0,0,0,0,0,0,0,0,0,0,0,0,0,0
67639,-0.21,6,0,0,0,0.00,0,90,0,89.43,91.13,0,0,0,0,0,0,0,0,0,0,0,0,0,0,0,0,0,0,0,0
67675,-0.31,2,0,0,0,0.00,0,90,0,89.43,91.13,0,0,0,0,0,0,0,0,0,0,0,0,0,0,0,0,0,0,0,0
67711,-0.28,-1,0,0,0,0.00,0,90,0,89.43,91.13,0,0,0,0,0,0,0,0,0,0,0,0,0,0,0,0,0,0,0,0
67747,-0.20,-4,0,0,0,0.00,0,90,0,89.43,91.13,0,0,0,0,0,0,0,0,0,0,0,0,0,0,0,0,0,0,0,0
67783,-0.27,-7,0,0,0,0.00,0,90,0,89.43,91.13,0,0,0,0,0,0,0,0,0,0,0,0,0,0,0,0,0,0,0,0
67819,-0.27,-10,0,0,0,0.00,0,90,0,89.43,91.13,0,0,0,0,0,0,0,0,0,0,0,0,0,0,0,0,0,0,0,0
67855,-0.23,-12,0,0,0,0.00,0,90,0,89.43,91.13,0,0,0,0,0,0,0,0,0,0,0,0,0,0,0,0,0,0,0,0
67891,-0.25,-15,0,0,0,0.00,0,90,0,89.43,91.13,0,0,0,0,0,0,0,0,0,0,0,0,0,0,0,0,0,0,0,0
67927,-0.28,-16,0,0,0,0.00,0,90,0,89.43,91.13,0,0,0,0,0,0,0,0,0,0,0,0,0,0,0,0,0,0,0,0
67963,-0.25,-18,0,0,0,0.00,0,90,0,89.43,91.13,0,0,0,0,0,0,0,0,0,0,0,0,0,0,0,0,0,0,0,0
67999,-0.30,-20,0,0,0,0.00,0,90,0,89.43,91.13,0,0,0,0,0,0,0,0,0,0,0,0,0,0,0,0,0,0,0,0
68035,-0.30,-21,0,0,0,0.00,0,90,0,89.43,91.13,0,0,0,0,0,0,0,0,0,0,0,0,0,0,0,0,0,0,0,0
68071,-0.26,-22,0,0,0,0.00,0,90,0,89.43,91.13,0,0,0,0,0,0,0,0,0,0,0,0,0,0,0,0,0,0,0,0
68107,-0.32,-23,0,0,0,0.00,0,90,0,89.43,91.13,0,0,0,0,0,0,0,0,0,0,0,0,0,0,0,0,0,0,0,0
68143,-0.23,-24,0,0,0,0.00,0,90,0,89.43,91.13,0,0,0,0,0,0,0,0,0,0,0,0,0,0,0,0,0,0,0,0
68179,-0.19,-24,0,0,0,0.00,0,90,0,89.43,91.13,0,0,0,0,0,0,0,0,0,0,0,0,0,0,0,0,0,0,0,0
68215,-0.24,-25,0,0,0,0.00,0,90,0,89.43,91.13,0,0,0,0,0,0,0,0,0,0,0,0,0,0,0,0,0,0,0,0
68251,-0.25,-25,0,0,0,0.00,0,90,0,89.43,91.13,0,0,0,0,0,0,0,0,0,0,0,0,0,0,0,0,0,0,0,0
68287,-0.32,-25,0,0,0,0.00,0,90,0,89.43,91.13,0,0,0,0,0,0,0,0,0,0,0,0,0,0,0,0,0,0,0,0
68323,-0.23,-25,0,0,0,0.00,0,90,0,89.43,91.13,0,0,0,0,0,0,0,0,0,0,0,0,0,0,0,0,0,0,0,0
68359,-0.23,-25,0,0,0,0.00,0,90,0,89.43,91.13,0,0,0,0,0,0,0,0,0,0,0,0,0,0,0,0,0,0,0,0
68395,-0.27,-25,0,0,0,0.00,0,90,0,89.43,91.13,0,0,0,0,0,0,0,0,0,0,0,0,0,0,0,0,0,0,0,0
68431,-0.24,-25,0,0,0,0.00,0,90,0,89.43,91.13,0,0,0,0,0,0,0,0,0,0,0,0,0,0,0,0,0,0,0,0
68467,-0.37,-25,0,0,0,0.00,0,90,0,89.43,91.13,0,0,0,0,0,0,0,0,0,0,0,0,0,0,0,0,0,0,0,0
68503,-0.27,-24,0,0,0,0.00,0,90,0,89.43,91.13,0,0,0,0,0,0,0,0,0,0,0,0,0,0,0,0,0,0,0,0
68539,-0.28,-24,0,0,0,0.00,0,90,0,89.43,91.13,0,0,0,0,0,0,0,0,0,0,0,0,0,0,0,0,0,0,0,0
68575,-0.26,-24,0,0,0,0.00,0,90,0,89.43,91.13,0,0,0,0,0,0,0,0,0,0,0,0,0,0,0,0,0,0,0,0
68611,-0.22,-23,0,0,0,0.00,0,90,0,89.43,91.13,0,0,0,0,0,0,0,0,0,0,0,0,0,0,0,0,0,0,0,0
68647,-0.20,-22,0,0,0,0.00,0,90,0,89.43,91.13,0,0,0,0,0,0,0,0,0,0,0,0,0,0,0,0,0,0,0,0
68683,-0.24,-22,0,0,0,0.00,0,90,0,89.43,91.13,0,0,0,0,0,0,0,0,0,0,0,0,0,0,0,0,0,0,0,0
68719,-0.23,-21,0,0,0,0.00,0,90,0,89.43,91.13,0,0,0,0,0,0,0,0,0,0,0,0,0,0,0,0,0,0,0,0
68755,-0.30,-21,0,0,0,0.00,0,90,0,89.43,91.13,0,0,0,0,0,0,0,0,0,0,0,0,0,0,0,0,0,0,0,0
68791,-0.25,-20,0,0,0,0.00,0,90,0,89.43,91.13,0,0,0,0,0,0,0,0,0,0,0,0,0,0,0,0,0,0,0,0
68827,-0.21,-19,0,0,0,0.00,0,90,0,89.43,91.13,0,0,0,0,0,0,0,0,0,0,0,0,0,0,0,0,0,0,0,0
68863,-0.25,-18,0,0,0,0.00,0,90,0,89.43,91.13,0,0,0,0,0,0,0,0,0,0,0,0,0,0,0,0,0,0,0,0
68899,-0.26,-18,0,0,0,0.00,0,90,0,89.43,91.13,0,0,0,0,0,0,0,0,0,0,0,0,0,0,0,0,0,0,0,0
68935,-0.28,-17,0,0,0,0.00,0,90,0,89.43,91.13,0,0,0,0,0,0,0,0,0,0,0,0,0,0,0,0,0,0,0,0
68971,-0.25,-16,0,0,0,0.00,0,90,0,89.43,91.13,0,0,0,0,0,0,0,0,0,0,0,0,0,0,0,0,0,0,0,0
69007,-0.23,-15,0,0,0,0.00,0,90,0,89.43,91.13,0,0,0,0,0,0,0,0,0,0,0,0,0,0,0,0,0,0,0,0
69043,-0.23,-15,0,0,0,0.00,0,90,0,89.43,91.13,0,0,0,0,0,0,0,0,0,0,0,0,0,0,0,0,0,0,0,0
69079,-0.28,-14,0,0,0,0.00,0,90,0,89.43,91.13,0,0,0,0,0,0,0,0,0,0,0,0,0,0,0,0,0,0,0,0
69115,-0.22,-13,0,0,0,0.00,0,90,0,89.43,91.13,0,0,0,0,0,0,0,0,0,0,0,0,0,0,0,0,0,0,0,0
69151,-0.30,-13,0,0,0,0.00,0,90,0,89.43,91.13,0,0,0,0,0,0,0,0,0,0,0,0,0,0,0,0,0,0,0,0
69187,-0.28,-12,0,0,0,0.00,0,90,0,89.43,91.13,0,0,0,0,0,0,0,0,0,0,0,0,0,0,0,0,0,0,0,0
69223,-0.34,-11,0,0,0,0.00,0,90,0,89.43,91.13,0,0,0,0,0,0,0,0,0,0,0,0,0,0,0,0,0,0,0,0
69259,-0.22,-10,0,0,0,0.00,0,90,0,89.43,91.13,0,0,0,0,0,0,0,0,0,0,0,0,0,0,0,0,0,0,0,0
69295,-0.29,-10,0,0,0,0.00,0,90,0,89.43,91.13,0,0,0,0,0,0,0,0,0,0,0,0,0,0,0,0,0,0,0,0
69331,-0.24,-9,0,0,0,0.00,0,90,0,89.43,91.13,0,0,0,0,0,0,0,0,0,0,0,0,0,0,0,0,0,0,0,0
69367,-0.26,-9,0,0,0,0.00,0,90,0,89.43,91.13,0,0,0,0,0,0,0,0,0,0,0,0,0,0,0,0,0,0,0,0
69403,-0.19,-8,0,0,0,0.00,0,90,0,89.43,91.13,0,0,0,0,0,0,0,0,0,0,0,0,0,0,0,0,0,0,0,0
69439,-0.32,-7,0,0,0,0.00,0,90,0,89.43,91.13,0,0,0,0,0,0,0,0,0,0,0,0,0,0,0,0,0,0,0,0
69475,-0.22,-7,0,0,0,0.00,0,90,0,89.43,91.13,0,0,0,0,0,0,0,0,0,0,0,0,0,0,0,0,0,0,0,0
69511,-0.22,-6,0,0,0,0.00,0,90,0,89.43,91.13,0,0,0,0,0,0,0,0,0,0,0,0,0,0,0,0,0,0,0,0
69547,-0.27,-6,0,0,0,0.00,0,90,0,89.43,91.13,0,0,0,0,0,0,0,0,0,0,0,0,0,0,0,0,0,0,0,0
69583,-0.30,-5,0,0,0,0.00,0,90,0,89.43,91.13,0,0,0,0,0,0,0,0,0,0,0,0,0,0,0,0,0,0,0,0
69619,-0.25,-5,0,0,0,0.00,0,90,0,89.43,91.13,0,0,0,0,0,0,0,0,0,0,0,0,0,0,0,0,0,0,0,0
69655,-0.22,-4,0,0,0,0.00,0,90,0,89.43,91.13,0,0,0,0,0,0,0,0,0,0,0,0,0,0,0,0,0,0,0,0
69691,-0.25,-4,0,0,0,0.00,0,90,0,89.43,91.13,0,0,0,0,0,0,0,0,0,0,0,0,0,0,0,0,0,0,0,0
69727,-0.25,-3,0,0,0,0.00,0,90,0,89.43,91.13,0,0,0,0,0,0,0,0,0,0,0,0,0,0,0,0,0,0,0,0
69763,-0.29,-3,0,0,0,0.00,0,90,0,89.43,91.13,0,0,0,0,0,0,0,0,0,0,0,0,0,0,0,0,0,0,0,0
69799,-0.30,-3,0,0,0,0.00,0,90,0,89.43,91.13,0,0,0,0,0,0,0,0,0,0,0,0,0,0,0,0,0,0,0,0
69835,-0.31,-2,0,0,0,0.00,0,90,0,89.43,91.13,0,0,0,0,0,0,0,0,0,0,0,0,0,0,0,0,0,0,0,0
69871,-0.22,-2,0,0,0,0.00,0,90,0,89.43,91.13,0,0,0,0,0,0,0,0,0,0,0,0,0,0,0,0,0,0,0,0
69907,-0.23,-2,0,0,0,0.00,0,90,0,89.43,91.13,0,0,0,0,0,0,0,0,0,0,0,0,0,0,0,0,0,0,0,0
69943,-0.20,-1,0,0,0,0.00,0,90,0,89.43,91.13,0,0,0,0,0,0,0,0,0,0,0,0,0,0,0,0,0,0,0,0
69979,-0.22,-1,0,0,0,0.00,0,90,0,89.43,91.13,0,0,0,0,0,0,0,0,0,0,0,0,0,0,0,0,0,0,0,0
70015,-0.26,-1,0,0,0,0.00,0,90,0,89.43,91.13,0,0,0,0,0,0,0,0,0,0,0,0,0,0,0,0,0,0,0,0
70051,-0.25,-1,0,0,0,0.00,0,90,0,89.43,91.13,0,0,0,0,0,0,0,0,0,0,0,0,0,0,0,0,0,0,0,0
70087,-0.33,0,0,0,0,0.00,0,90,0,89.43,91.13,0,0,0,0,0,0,0,0,0,0,0,0,0,0,0,0,0,0,0,0
70123,-0.27,0,0,0,0,0.00,0,90,0,89.43,91.13,0,0,0,0,0,0,0,0,0,0,0,0,0,0,0,0,0,0,0,0
70159,-0.29,0,0,0,0,0.00,0,90,0,89.43,91.13,0,0,0,0,0,0,0,0,0,0,0,0,0,0,0,0,0,0,0,0
70195,-0.28,0,0,0,0,0.00,0,90,0,89.43,91.13,0,0,0,0,0,0,0,0,0,0,0,0,0,0,0,0,0,0,0,0
70231,-0.34,0,0,0,0,0.00,0,90,0,89.43,91.13,0,0,0,0,0,0,0,0,0,0,0,0,0,0,0,0,0,0,0,0
70267,-0.26,0,0,0,0,0.00,0,90,0,89.43,91.13,0,0,0,0,0,0,0,0,0,0,0,0,0,0,0,0,0,0,0,0
70303,-0.24,0,0,0,0,0.00,0,90,0,89.43,91.13,0,0,0,0,0,0,0,0,0,0,0,0,0,0,0,0,0,0,0,0
70339,-0.29,0,0,0,0,0.00,0,90,0,89.43,91.13,0,0,0,0,0,0,0,0,0,0,0,0,0,0,0,0,0,0,0,0
70375,-0.32,0,0,0,0,0.00,0,90,0,89.43,91.13,0,0,0,0,0,0,0,0,0,0,0,0,0,0,0,0,0,0,0,0
70411,-0.28,0,0,0,0,0.00,0,90,0,89.43,91.13,0,0,0,0,0,0,0,0,0,0,0,0,0,0,0,0,0,0,0,0
70447,-0.27,0,0,0,0,0.00,0,90,0,89.43,91.13,0,0,0,0,0,0,0,0,0,0,0,0,0,0,0,0,0,0,0,0
70483,-0.19,0,0,0,0,0.00,0,90,0,89.43,91.13,0,0,0,0,0,0,0,0,0,0,0,0,0,0,0,0,0,0,0,0
70519,-0.23,2,25,0,0,0.00,0,90,0,89.43,91.13,0,0,0,0,0,0,0,0,0,0,0,0,0,0,0,0,0,0,0,0
70555,-0.24,149,2226,0,0,0.00,0,90,0,89.43,91.13,0,0,0,0,0,0,0,0,0,0,0,0,0,0,0,0,0,0,0,0
70591,-0.24,666,3423,0,0,0.00,0,90,0,89.43,91.13,0,0,0,0,0,0,0,0,0,0,0,0,0,0,0,0,0,0,0,0
70627,-0.22,1469,3742,0,0,0.00,0,90,0,89.43,91.13,0,0,0,0,0,0,0,0,0,0,0,0,0,0,0,0,0,0,0,0
70663,-0.33,2197,3376,0,0,0.00,0,90,0,89.43,91.13,0,0,0,0,0,0,0,0,0,0,0,0,0,0,0,0,0,0,0,0
70699,-0.22,2573,3018,0,0,0.00,0,90,0,89.43,91.13,0,0,0,0,0,0,0,0,0,0,0,0,0,0,0,0,0,0,0,0
70735,-0.26,2554,2864,0,0,0.00,0,90,0,89.43,91.13,0,0,0,0,0,0,0,0,0,0,0,0,0,0,0,0,0,0,0,0
70771,-0.24,2277,2864,0,0,0.00,0,90,0,89.43,91.13,0,0,0,0,0,0,0,0,0,0,0,0,0,0,0,0,0,0,0,0
70807,-0.27,1909,2869,0,0,0.00,0,90,0,89.43,91.13,0,0,0,0,0,0,0,0,0,0,0,0,0,0,0,0,0,0,0,0
70843,-0.28,1561,2927,0,0,0.00,0,90,0,89.43,91.13,0,0,0,0,0,0,0,0,0,0,0,0,0,0,0,0,0,0,0,0
70879,-0.37,1278,2928,0,0,0.00,0,90,0,89.43,91.13,0,0,0,0,0,0,0,0,0,0,0,0,0,0,0,0,0,0,0,0
70915,-0.31,1060,2913,0,0,0.00,0,90,0,89.43,91.13,0,0,0,0,0,0,0,0,0,0,0,0,0,0,0,0,0,0,0,0
70951,-0.32,886,2928,0,0,0.00,0,90,0,89.43,91.13,0,0,0,0,0,0,0,0,0,0,0,0,0,0,0,0,0,0,0,0
70987,-0.29,744,2961,0,0,0.00,0,90,0,89.43,91.13,0,0,0,0,0,0,0,0,0,0,0,0,0,0,0,0,0,0,0,0
71023,-0.32,626,2992,0,0,0.00,0,90,0,89.43,91.13,0,0,0,0,0,0,0,0,0,0,0,0,0,0,0,0,0,0,0,0
71059,-0.26,526,3040,0,0,0.00,0,90,0,89.43,91.13,0,0,0,0,0,0,0,0,0,0,0,0,0,0,0,0,0,0,0,0
71095,-0.30,438,3056,0,0,0.00,0,90,0,89.43,91.13,0,0,0,0,0,0,0,0,0,0,0,0,0,0,0,0,0,0,0,0
71131,-0.25,359,3115,0,0,0.00,0,90,0,89.43,91.13,0,0,0,0,0,0,0,0,0,0,0,0,0,0,0,0,0,0,0,0
71167,-0.32,297,3312,0,0,0.00,0,90,0,89.43,91.13,0,0,0,0,0,0,0,0,0,0,0,0,0,0,0,0,0,0,0,0
71203,-0.14,283,3677,0,0,0.00,0,90,0,89.43,91.13,0,0,0,0,0,0,0,0,0,0,0,0,0,0,0,0,0,0,0,0
71239,-0.29,322,3657,0,0,0.00,0,90,0,89.43,91.13,0,0,0,0,0,0,0,0,0,0,0,0,0,0,0,0,0,0,0,0
71275,-0.31,331,3210,0,0,0.00,0,90,0,89.43,91.13,0,0,0,0,0,0,0,0,0,0,0,0,0,0,0,0,0,0,0,0
71311,-0.31,209,2810,0,0,0.00,0,90,0,89.43,91.13,0,0,0,0,0,0,0,0,0,0,0,0,0,0,0,0,0,0,0,0
71347,-0.27,-45,2608,0,0,0.00,0,90,0,89.43,91.13,0,0,0,0,0,0,0,0,0,0,0,0,0,0,0,0,0,0,0,0
71383,-0.24,-347,2640,0,0,0.00,0,90,0,89.43,91.13,0,0,0,0,0,0,0,0,0,0,0,0,0,0,0,0,0,0,0,0
71419,-0.27,-585,2864,0,0,0.00,0,90,0,89.43,91.13,0,0,0,0,0,0,0,0,0,0,0,0,0,0,0,0,0,0,0,0
71455,-0.18,-689,3119,0,0,0.00,0,90,0,89.43,91.13,0,0,0,0,0,0,0,0,0,0,0,0,0,0,0,0,0,0,0,0
71491,-0.26,-668,3121,0,0,0.00,0,90,0,89.43,91.13,0,0,0,0,0,0,0,0,0,0,0,0,0,0,0,0,0,0,0,0
71527,-0.30,-600,3027,0,0,0.00,0,90,0,89.43,91.13,0,0,0,0,0,0,0,0,0,0,0,0,0,0,0,0,0,0,0,0
71563,-0.24,-552,3047,0,0,0.00,0,90,0,89.43,91.13,0,0,0,0,0,0,0,0,0,0,0,0,0,0,0,0,0,0,0,0
71599,-0.22,-531,3098,0,0,0.00,0,90,0,89.43,91.13,0,0,0,0,0,0,0,0,0,0,0,0,0,0,0,0,0,0,0,0
71635,-0.28,-523,3137,0,0,0.00,0,90,0,89.43,91.13,0,0,0,0,0,0,0,0,0,0,0,0,0,0,0,0,0,0,0,0
71671,-0.25,-524,3069,0,0,0.00,0,90,0,89.43,91.13,0,0,0,0,0,0,0,0,0,0,0,0,0,0,0,0,0,0,0,0
71707,-0.25,-541,3046,0,0,0.00,0,90,0,89.43,91.13,0,0,0,0,0,0,0,0,0,0,0,0,0,0,0,0,0,0,0,0
71743,-0.29,-567,3107,0,0,0.00,0,90,0,89.43,91.13,0,0,0,0,0,0,0,0,0,0,0,0,0,0,0,0,0,0,0,0
71779,-0.21,-578,3214,0,0,0.00,0,90,0,89.43,91.13,0,0,0,0,0,0,0,0,0,0,0,0,0,0,0,0,0,0,0,0
71815,-0.24,-566,3211,0,0,0.00,0,90,0,89.43,91.13,0,0,0,0,0,0,0,0,0,0,0,0,0,0,0,0,0,0,0,0
71851,-0.30,-549,3123,0,0,0.00,0,90,0,89.43,91.13,0,0,0,0,0,0,0,0,0,0,0,0,0,0,0,0,0,0,0,0
71887,-0.25,-558,2983,0,0,0.00,0,90,0,89.43,91.13,0,0,0,0,0,0,0,0,0,0,0,0,0,0,0,0,0,0,0,0
71923,-0.24,-607,2847,0,0,0.00,0,90,0,89.43,91.13,0,0,0,0,0,0,0,0,0,0,0,0,0,0,0,0,0,0,0,0
71959,-0.14,-682,2862,0,0,0.00,0,90,0,89.43,91.13,0,0,0,0,0,0,0,0,0,0,0,0,0,0,0,0,0,0,0,0
71995,-0.34,-742,2960,0,0,0.00,0,90,0,89.43,91.13,0,0,0,0,0,0,0,0,0,0,0,0,0,0,0,0,0,0,0,0
72031,-0.29,-762,2906,0,0,0.00,0,90,0,89.43,91.13,0,0,0,0,0,0,0,0,0,0,0,0,0,0,0,0,0,0,0,0
72067,-0.26,-761,2822,0,0,0.00,0,90,0,89.43,91.13,0,0,0,0,0,0,0,0,0,0,0,0,0,0,0,0,0,0,0,0
72103,-0.29,-764,2739,0,0,0.00,0,90,0,89.43,91.13,0,0,0,0,0,0,0,0,0,0,0,0,0,0,0,0,0,0,0,0
72139,-0.24,-779,2687,0,0,0.00,0,90,0,89.43,91.13,0,0,0,0,0,0,0,0,0,0,0,0,0,0,0,0,0,0,0,0
72175,-0.29,-797,2685,0,0,0.00,0,90,0,89.43,91.13,0,0,0,0,0,0,0,0,0,0,0,0,0,0,0,0,0,0,0,0
72211,-0.24,-799,2760,0,0,0.00,0,90,0,89.43,91.13,0,0,0,0,0,0,0,0,0,0,0,0,0,0,0,0,0,0,0,0
72247,-0.25,-777,2685,0,0,0.00,0,90,0,89.43,91.13,0,0,0,0,0,0,0,0,0,0,0,0,0,0,0,0,0,0,0,0
72283,-0.30,-753,2589,0,0,0.00,0,90,0,89.43,91.13,0,0,0,0,0,0,0,0,0,0,0,0,0,0,0,0,0,0,0,0
72319,-0.24,-736,2640,0,0,0.00,0,90,0,89.43,91.13,0,0,0,0,0,0,0,0,0,0,0,0,0,0,0,0,0,0,0,0
72355,-0.24,-709,2741,0,0,0.00,0,90,0,89.43,91.13,0,0,0,0,0,0,0,0,0,0,0,0,0,0,0,0,0,0,0,0
72391,-0.27,-643,2945,0,0,0.00,0,90,0,89.43,91.13,0,0,0,0,0,0,0,0,0,0,0,0,0,0,0,0,0,0,0,0
72427,-0.26,-514,3312,0,0,0.00,0,90,0,89.43,91.13,0,0,0,0,0,0,0,0,0,0,0,0,0,0,0,0,0,0,0,0
72463,-0.26,-307,3679,0,0,0.00,0,90,0,89.43,91.13,0,0,0,0,0,0,0,0,0,0,0,0,0,0,0,0,0,0,0,0
72499,-0.24,-46,3846,0,0,0.00,0,90,0,89.43,91.13,0,0,0,0,0,0,0,0,0,0,0,0,0,0,0,0,0,0,0,0
72535,-0.33,199,3843,0,0,0.00,0,90,0,89.43,91.13,0,0,0,0,0,0,0,0,0,0,0,0,0,0,0,0,0,0,0,0
72571,-0.30,359,3687,0,0,0.00,0,90,0,89.43,91.13,0,0,0,0,0,0,0,0,0,0,0,0,0,0,0,0,0,0,0,0
72607,-0.28,395,3531,0,0,0.00,0,90,0,89.43,91.13,0,0,0,0,0,0,0,0,0,0,0,0,0,0,0,0,0,0,0,0
72643,-0.29,327,3474,0,0,0.00,0,90,0,89.43,91.13,0,0,0,0,0,0,0,0,0,0,0,0,0,0,0,0,0,0,0,0
72679,-0.25,203,3375,0,0,0.00,0,90,0,89.43,91.13,0,0,0,0,0,0,0,0,0,0,0,0,0,0,0,0,0,0,0,0
72715,-0.26,59,3217,0,0,0.00,0,90,0,89.43,91.13,0,0,0,0,0,0,0,0,0,0,0,0,0,0,0,0,0,0,0,0
72751,-0.31,-83,3197,0,0,0.00,0,90,0,89.43,91.13,0,0,0,0,0,0,0,0,0,0,0,0,0,0,0,0,0,0,0,0
72787,-0.19,-197,3216,0,0,0.00,0,90,0,89.43,91.13,0,0,0,0,0,0,0,0,0,0,0,0,0,0,0,0,0,0,0,0
72823,-0.34,-265,3200,0,0,0.00,0,90,0,89.43,91.13,0,0,0,0,0,0,0,0,0,0,0,0,0,0,0,0,0,0,0,0
72859,-0.21,-295,3200,0,0,0.00,0,90,0,89.43,91.13,0,0,0,0,0,0,0,0,0,0,0,0,0,0,0,0,0,0,0,0
72895,-0.22,-299,3189,0,0,0.00,0,90,0,89.43,91.13,0,0,0,0,0,0,0,0,0,0,0,0,0,0,0,0,0,0,0,0
72931,-0.18,-294,3137,0,0,0.00,0,90,0,89.43,91.13,0,0,0,0,0,0,0,0,0,0,0,0,0,0,0,0,0,0,0,0
72967,-0.27,-292,3118,0,0,0.00,0,90,0,89.43,91.13,0,0,0,0,0,0,0,0,0,0,0,0,0,0,0,0,0,0,0,0
73003,-0.30,-293,3110,0,0,0.00,0,90,0,89.43,91.13,0,0,0,0,0,0,0,0,0,0,0,0,0,0,0,0,0,0,0,0
73039,-0.20,-296,3068,0,0,0.00,0,90,0,89.43,91.13,0,0,0,0,0,0,0,0,0,0,0,0,0,0,0,0,0,0,0,0
73075,-0.20,-301,3054,0,0,0.00,0,90,0,89.43,91.13,0,0,0,0,0,0,0,0,0,0,0,0,0,0,0,0,0,0,0,0
73111,-0.23,-302,3086,0,0,0.00,0,90,0,89.43,91.13,0,0,0,0,0,0,0,0,0,0,0,0,0,0,0,0,0,0,0,0
73147,-0.23,-288,3153,0,0,0.00,0,90,0,89.43,91.13,0,0,0,0,0,0,0,0,0,0,0,0,0,0,0,0,0,0,0,0
73183,-0.25,-256,3173,0,0,0.00,0,90,0,89.43,91.13,0,0,0,0,0,0,0,0,0,0,0,0,0,0,0,0,0,0,0,0
73219,-0.29,-218,3110,0,0,0.00,0,90,0,89.43,91.13,0,0,0,0,0,0,0,0,0,0,0,0,0,0,0,0,0,0,0,0
73255,-0.28,-195,3054,0,0,0.00,0,90,0,89.43,91.13,0,0,0,0,0,0,0,0,0,0,0,0,0,0,0,0,0,0,0,0
73291,-0.32,-194,3025,0,0,0.00,0,90,0,89.43,91.13,0,0,0,0,0,0,0,0,0,0,0,0,0,0,0,0,0,0,0,0
73327,-0.28,-204,3041,0,0,0.00,0,90,0,89.43,91.13,0,0,0,0,0,0,0,0,0,0,0,0,0,0,0,0,0,0,0,0
73363,-0.33,-209,3062,0,0,0.00,0,90,0,89.43,91.13,0,0,0,0,0,0,0,0,0,0,0,0,0,0,0,0,0,0,0,0
73399,-0.24,-198,3126,0,0,0.00,0,90,0,89.43,91.13,0,0,0,0,0,0,0,0,0,0,0,0,0,0,0,0,0,0,0,0
73435,-0.19,-159,3275,0,0,0.00,0,90,0,89.43,91.13,0,0,0,0,0,0,0,0,0,0,0,0,0,0,0,0,0,0,0,0
73471,-0.25,-89,3362,0,0,0.00,0,90,0,89.43,91.13,0,0,0,0,0,0,0,0,0,0,0,0,0,0,0,0,0,0,0,0
73507,-0.26,-5,3357,0,0,0.00,0,90,0,89.43,91.13,0,0,0,0,0,0,0,0,0,0,0,0,0,0,0,0,0,0,0,0
73543,-0.25,63,3357,0,0,0.00,0,90,0,89.43,91.13,0,0,0,0,0,0,0,0,0,0,0,0,0,0,0,0,0,0,0,0
73579,-0.25,101,3289,0,0,0.00,0,90,0,89.43,91.13,0,0,0,0,0,0,0,0,0,0,0,0,0,0,0,0,0,0,0,0
73615,-0.29,97,3184,0,0,0.00,0,90,0,89.43,91.13,0,0,0,0,0,0,0,0,0,0,0,0,0,0,0,0,0,0,0,0
73651,-0.29,54,3108,0,0,0.00,0,90,0,89.43,91.13,0,0,0,0,0,0,0,0,0,0,0,0,0,0,0,0,0,0,0,0
73687,-0.22,-10,3085,0,0,0.00,0,90,0,89.43,91.13,0,0,0,0,0,0,0,0,0,0,0,0,0,0,0,0,0,0,0,0
73723,-0.30,-74,3026,0,0,0.00,0,90,0,89.43,91.13,0,0,0,0,0,0,0,0,0,0,0,0,0,0,0,0,0,0,0,0
73759,-0.25,-128,3015,0,0,0.00,0,90,0,89.43,91.13,0,0,0,0,0,0,0,0,0,0,0,0,0,0,0,0,0,0,0,0
73795,-0.32,-161,3051,0,0,0.00,0,90,0,89.43,91.13,0,0,0,0,0,0,0,0,0,0,0,0,0,0,0,0,0,0,0,0
73831,-0.28,-168,3055,0,0,0.00,0,90,0,89.43,91.13,0,0,0,0,0,0,0,0,0,0,0,0,0,0,0,0,0,0,0,0
73867,-0.30,-157,3025,0,0,0.00,0,90,0,89.43,91.13,0,0,0,0,0,0,0,0,0,0,0,0,0,0,0,0,0,0,0,0
73903,-0.29,-146,2969,0,0,0.00,0,90,0,89.43,91.13,0,0,0,0,0,0,0,0,0,0,0,0,0,0,0,0,0,0,0,0
73939,-0.28,-144,2943,0,0,0.00,0,90,0,89.43,91.13,0,0,0,0,0,0,0,0,0,0,0,0,0,0,0,0,0,0,0,0
73975,-0.30,-148,2945,0,0,0.00,0,90,0,89.43,91.13,0,0,0,0,0,0,0,0,0,0,0,0,0,0,0,0,0,0,0,0
74011,-0.26,-152,2931,0,0,0.00,0,90,0,89.43,91.13,0,0,0,0,0,0,0,0,0,0,0,0,0,0,0,0,0,0,0,0
74047,-0.29,-151,2917,0,0,0.00,0,90,0,89.43,91.13,0,0,0,0,0,0,0,0,0,0,0,0,0,0,0,0,0,0,0,0
74083,-0.26,-147,2918,0,0,0.00,0,90,0,89.43,91.13,0,0,0,0,0,0,0,0,0,0,0,0,0,0,0,0,0,0,0,0
74119,-0.30,-139,2905,0,0,0.00,0,90,0,89.43,91.13,0,0,0,0,0,0,0,0,0,0,0,0,0,0,0,0,0,0,0,0
74155,-0.35,-128,2907,0,0,0.00,0,90,0,89.43,91.13,0,0,0,0,0,0,0,0,0,0,0,0,0,0,0,0,0,0,0,0
74191,-0.20,-114,2919,0,0,0.00,0,90,0,89.43,91.13,0,0,0,0,0,0,0,0,0,0,0,0,0,0,0,0,0,0,0,0
74227,-0.27,-97,2911,0,0,0.00,0,90,0,89.43,91.13,0,0,0,0,0,0,0,0,0,0,0,0,0,0,0,0,0,0,0,0
74263,-0.25,-83,2878,0,0,0.00,0,90,0,89.43,91.13,0,0,0,0,0,0,0,0,0,0,0,0,0,0,0,0,0,0,0,0
74299,-0.21,-73,2879,0,0,0.00,0,90,0,89.43,91.13,0,0,0,0,0,0,0,0,0,0,0,0,0,0,0,0,0,0,0,0
74335,-0.21,-62,2951,0,0,0.00,0,90,0,89.43,91.13,0,0,0,0,0,0,0,0,0,0,0,0,0,0,0,0,0,0,0,0
74371,-0.26,-33,3069,0,0,0.00,0,90,0,89.43,91.13,0,0,0,0,0,0,0,0,0,0,0,0,0,0,0,0,0,0,0,0
74407,-0.30,23,3168,0,0,0.00,0,90,0,89.43,91.13,0,0,0,0,0,0,0,0,0,0,0,0,0,0,0,0,0,0,0,0
74443,-0.26,99,3214,0,0,0.00,0,90,0,89.43,91.13,0,0,0,0,0,0,0,0,0,0,0,0,0,0,0,0,0,0,0,0
74479,-0.29,169,3191,0,0,0.00,0,90,0,89.43,91.13,0,0,0,0,0,0,0,0,0,0,0,0,0,0,0,0,0,0,0,0
74515,-0.30,211,3131,0,0,0.00,0,90,0,89.43,91.13,0,0,0,0,0,0,0,0,0,0,0,0,0,0,0,0,0,0,0,0
74551,-0.33,211,3031,0,0,0.00,0,90,0,89.43,91.13,0,0,0,0,0,0,0,0,0,0,0,0,0,0,0,0,0,0,0,0
74587,-0.28,171,2983,0,0,0.00,0,90,0,89.43,91.13,0,0,0,0,0,0,0,0,0,0,0,0,0,0,0,0,0,0,0,0
74623,-0.32,112,2961,0,0,0.00,0,90,0,89.43,91.13,0,0,0,0,0,0,0,0,0,0,0,0,0,0,0,0,0,0,0,0
74659,-0.25,57,2983,0,0,0.00,0,90,0,89.43,91.13,0,0,0,0,0,0,0,0,0,0,0,0,0,0,0,0,0,0,0,0
74695,-0.32,23,3008,0,0,0.00,0,90,0,89.43,91.13,0,0,0,0,0,0,0,0,0,0,0,0,0,0,0,0,0,0,0,0
74731,-0.23,13,3019,0,0,0.00,0,90,0,89.43,91.13,0,0,0,0,0,0,0,0,0,0,0,0,0,0,0,0,0,0,0,0
74767,-0.30,19,3009,0,0,0.00,0,90,0,89.43,91.13,0,0,0,0,0,0,0,0,0,0,0,0,0,0,0,0,0,0,0,0
74803,-0.24,27,2991,0,0,0.00,0,90,0,89.43,91.13,0,0,0,0,0,0,0,0,0,0,0,0,0,0,0,0,0,0,0,0
74839,-0.26,30,2955,0,0,0.00,0,90,0,89.43,91.13,0,0,0,0,0,0,0,0,0,0,0,0,0,0,0,0,0,0,0,0
74875,-0.20,23,2937,0,0,0.00,0,90,0,89.43,91.13,0,0,0,0,0,0,0,0,0,0,0,0,0,0,0,0,0,0,0,0
74911,-0.20,9,2917,0,0,0.00,0,90,0,89.43,91.13,0,0,0,0,0,0,0,0,0,0,0,0,0,0,0,0,0,0,0,0
74947,-0.25,-5,2916,0,0,0.00,0,90,0,89.43,91.13,0,0,0,0,0,0,0,0,0,0,0,0,0,0,0,0,0,0,0,0
74983,-0.40,-19,2882,0,0,0.00,0,90,0,89.43,91.13,0,0,0,0,0,0,0,0,0,0,0,0,0,0,0,0,0,0,0,0
75019,-0.22,-32,2855,0,0,0.00,0,90,0,89.43,91.13,0,0,0,0,0,0,0,0,0,0,0,0,0,0,0,0,0,0,0,0
75055,-0.33,-43,2891,0,0,0.00,0,90,0,89.43,91.13,0,0,0,0,0,0,0,0,0,0,0,0,0,0,0,0,0,0,0,0
75091,-0.22,-44,2899,0,0,0.00,0,90,0,89.43,91.13,0,0,0,0,0,0,0,0,0,0,0,0,0,0,0,0,0,0,0,0
75127,-0.27,-35,2890,0,0,0.00,0,90,0,89.43,91.13,0,0,0,0,0,0,0,0,0,0,0,0,0,0,0,0,0,0,0,0
75163,-0.37,-26,2868,0,0,0.00,0,90,0,89.43,91.13,0,0,0,0,0,0,0,0,0,0,0,0,0,0,0,0,0,0,0,0
75199,-0.34,-20,2864,0,0,0.00,0,90,0,89.43,91.13,0,0,0,0,0,0,0,0,0,0,0,0,0,0,0,0,0,0,0,0
75235,-0.21,-17,2889,0,0,0.00,0,90,0,89.43,91.13,0,0,0,0,0,0,0,0,0,0,0,0,0,0,0,0,0,0,0,0
75271,-0.29,-9,2896,0,0,0.00,0,90,0,89.43,91.13,0,0,0,0,0,0,0,0,0,0,0,0,0,0,0,0,0,0,0,0
75307,-0.23,5,2973,0,0,0.00,0,90,0,89.43,91.13,0,0,0,0,0,0,0,0,0,0,0,0,0,0,0,0,0,0,0,0
75343,-0.32,36,3051,0,0,0.00,0,90,0,89.43,91.13,0,0,0,0,0,0,0,0,0,0,0,0,0,0,0,0,0,0,0,0
75379,-0.28,83,3120,0,0,0.00,0,90,0,89.43,91.13,0,0,0,0,0,0,0,0,0,0,0,0,0,0,0,0,0,0,0,0
75415,-0.23,139,3168,0,0,0.00,0,90,0,89.43,91.13,0,0,0,0,0,0,0,0,0,0,0,0,0,0,0,0,0,0,0,0
75451,-0.34,191,3185,0,0,0.00,0,90,0,89.43,91.13,0,0,0,0,0,0,0,0,0,0,0,0,0,0,0,0,0,0,0,0
75487,-0.33,226,3159,0,0,0.00,0,90,0,89.43,91.13,0,0,0,0,0,0,0,0,0,0,0,0,0,0,0,0,0,0,0,0
75523,-0.24,232,3082,0,0,0.00,0,90,0,89.43,91.13,0,0,0,0,0,0,0,0,0,0,0,0,0,0,0,0,0,0,0,0
75559,-0.29,203,3002,0,0,0.00,0,90,0,89.43,91.13,0,0,0,0,0,0,0,0,0,0,0,0,0,0,0,0,0,0,0,0
75595,-0.28,149,2983,0,0,0.00,0,90,0,89.43,91.13,0,0,0,0,0,0,0,0,0,0,0,0,0,0,0,0,0,0,0,0
75631,-0.19,91,2996,0,0,0.00,0,90,0,89.43,91.13,0,0,0,0,0,0,0,0,0,0,0,0,0,0,0,0,0,0,0,0
75667,-0.32,46,2985,0,0,0.00,0,90,0,89.43,91.13,0,0,0,0,0,0,0,0,0,0,0,0,0,0,0,0,0,0,0,0
75703,-0.27,17,2959,0,0,0.00,0,90,0,89.43,91.13,0,0,0,0,0,0,0,0,0,0,0,0,0,0,0,0,0,0,0,0
75739,-0.30,-4,2931,0,0,0.00,0,90,0,89.43,91.13,0,0,0,0,0,0,0,0,0,0,0,0,0,0,0,0,0,0,0,0
75775,-0.29,-22,2913,0,0,0.00,0,90,0,89.43,91.13,0,0,0,0,0,0,0,0,0,0,0,0,0,0,0,0,0,0,0,0
75811,-0.28,-38,2907,0,0,0.00,0,90,0,89.43,91.13,0,0,0,0,0,0,0,0,0,0,0,0,0,0,0,0,0,0,0,0
75847,-0.25,-48,2917,0,0,0.00,0,90,0,89.43,91.13,0,0,0,0,0,0,0,0,0,0,0,0,0,0,0,0,0,0,0,0
75883,-0.25,-50,2938,0,0,0.00,0,90,0,89.43,91.13,0,0,0,0,0,0,0,0,0,0,0,0,0,0,0,0,0,0,0,0
75919,-0.29,-41,2970,0,0,0.00,0,90,0,89.43,91.13,0,0,0,0,0,0,0,0,0,0,0,0,0,0,0,0,0,0,0,0
75955,-0.27,-22,3003,0,0,0.00,0,90,0,89.43,91.13,0,0,0,0,0,0,0,0,0,0,0,0,0,0,0,0,0,0,0,0
75991,-0.25,3,3027,0,0,0.00,0,90,0,89.43,91.13,0,0,0,0,0,0,0,0,0,0,0,0,0,0,0,0,0,0,0,0
76027,-0.27,26,2995,0,0,0.00,0,90,0,89.43,91.13,0,0,0,0,0,0,0,0,0,0,0,0,0,0,0,0,0,0,0,0
76063,-0.26,35,2919,0,0,0.00,0,90,0,89.43,91.13,0,0,0,0,0,0,0,0,0,0,0,0,0,0,0,0,0,0,0,0
76099,-0.30,21,2912,0,0,0.00,0,90,0,89.43,91.13,0,0,0,0,0,0,0,0,0,0,0,0,0,0,0,0,0,0,0,0
76135,-0.31,-1,2921,0,0,0.00,0,90,0,89.43,91.13,0,0,0,0,0,0,0,0,0,0,0,0,0,0,0,0,0,0,0,0
76171,-0.24,-18,2956,0,0,0.00,0,90,0,89.43,91.13,0,0,0,0,0,0,0,0,0,0,0,0,0,0,0,0,0,0,0,0
76207,-0.30,-22,2944,0,0,0.00,0,90,0,89.43,91.13,0,0,0,0,0,0,0,0,0,0,0,0,0,0,0,0,0,0,0,0
76243,-0.24,-24,2863,0,0,0.00,0,90,0,89.43,91.13,0,0,0,0,0,0,0,0,0,0,0,0,0,0,0,0,0,0,0,0
76279,-0.31,-39,2817,0,0,0.00,0,90,0,89.43,91.13,0,0,0,0,0,0,0,0,0,0,0,0,0,0,0,0,0,0,0,0
76315,-0.22,-64,2803,0,0,0.00,0,90,0,89.43,91.13,0,0,0,0,0,0,0,0,0,0,0,0,0,0,0,0,0,0,0,0
76351,-0.26,-84,2879,0,0,0.00,0,90,0,89.43,91.13,0,0,0,0,0,0,0,0,0,0,0,0,0,0,0,0,0,0,0,0
76387,-0.31,-78,2992,0,0,0.00,0,90,0,89.43,91.13,0,0,0,0,0,0,0,0,0,0,0,0,0,0,0,0,0,0,0,0
76423,-0.25,-35,3081,0,0,0.00,0,90,0,89.43,91.13,0,0,0,0,0,0,0,0,0,0,0,0,0,0,0,0,0,0,0,0
76459,-0.29,31,3151,0,0,0.00,0,90,0,89.43,91.13,0,0,0,0,0,0,0,0,0,0,0,0,0,0,0,0,0,0,0,0
76495,-0.25,102,3136,0,0,0.00,0,90,0,89.43,91.13,0,0,0,0,0,0,0,0,0,0,0,0,0,0,0,0,0,0,0,0
76531,-0.23,128,2752,0,0,0.00,0,90,0,89.43,91.13,0,0,0,0,0,0,0,0,0,0,0,0,0,0,0,0,0,0,0,0
76567,-0.17,23,1927,0,0,0.00,0,90,0,89.43,91.13,0,0,0,0,0,0,0,0,0,0,0,0,0,0,0,0,0,0,0,0
76603,-0.24,-197,2449,0,0,0.00,0,90,0,89.43,91.13,0,0,0,0,0,0,0,0,0,0,0,0,0,0,0,0,0,0,0,0
76639,-0.33,-333,3121,0,0,0.00,0,90,0,89.43,91.13,0,0,0,0,0,0,0,0,0,0,0,0,0,0,0,0,0,0,0,0
76675,-0.28,-242,3523,0,0,0.00,0,90,0,89.43,91.13,0,0,0,0,0,0,0,0,0,0,0,0,0,0,0,0,0,0,0,0
76711,-0.28,-10,3200,0,0,0.00,0,90,0,89.43,91.13,0,0,0,0,0,0,0,0,0,0,0,0,0,0,0,0,0,0,0,0
76747,-0.25,166,2841,0,0,0.00,0,90,0,89.43,91.13,0,0,0,0,0,0,0,0,0,0,0,0,0,0,0,0,0,0,0,0
76783,-0.31,120,1600,0,0,0.00,0,90,0,89.43,91.13,0,0,0,0,0,0,0,0,0,0,0,0,0,0,0,0,0,0,0,0
76819,-0.22,-285,0,0,0,0.00,0,90,0,89.43,91.13,0,0,0,0,0,0,0,0,0,0,0,0,0,0,0,0,0,0,0,0
76855,-0.32,-719,4095,0,0,0.00,0,90,0,89.43,91.13,0,0,0,0,0,0,0,0,0,0,0,0,0,0,0,0,0,0,0,0
76891,-0.26,-591,4095,0,0,0.00,0,90,0,89.43,91.13,0,0,0,0,0,0,0,0,0,0,0,0,0,0,0,0,0,0,0,0
76927,-0.30,-8,4095,0,0,0.00,0,90,0,89.43,91.13,0,0,0,0,0,0,0,0,0,0,0,0,0,0,0,0,0,0,0,0
76963,-0.29,575,4095,0,0,0.00,0,90,0,89.43,91.13,0,0,0,0,0,0,0,0,0,0,0,0,0,0,0,0,0,0,0,0
76999,-0.34,973,4095,0,0,0.00,0,90,0,89.43,91.13,0,0,0,0,0,0,0,0,0,0,0,0,0,0,0,0,0,0,0,0
77035,-0.33,1159,4095,0,0,0.00,0,90,0,89.43,91.13,0,0,0,0,0,0,0,0,0,0,0,0,0,0,0,0,0,0,0,0
77071,-0.35,1181,4095,0,0,0.00,0,90,0,89.43,91.13,0,0,0,0,0,0,0,0,0,0,0,0,0,0,0,0,0,0,0,0
77107,-0.25,1104,4095,0,0,0.00,0,90,0,89.43,91.13,0,0,0,0,0,0,0,0,0,0,0,0,0,0,0,0,0,0,0,0
77143,-0.33,984,4095,0,0,0.00,0,90,0,89.43,91.13,0,0,0,0,0,0,0,0,0,0,0,0,0,0,0,0,0,0,0,0
77179,-0.31,855,4095,0,0,0.00,0,90,0,89.43,91.13,0,0,0,0,0,0,0,0,0,0,0,0,0,0,0,0,0,0,0,0
77215,-0.28,737,4095,0,0,0.00,0,90,0,89.43,91.13,0,0,0,0,0,0,0,0,0,0,0,0,0,0,0,0,0,0,0,0
77251,-0.24,634,4095,0,0,0.00,0,90,0,89.43,91.13,0,0,0,0,0,0,0,0,0,0,0,0,0,0,0,0,0,0,0,0
77287,-0.37,547,4095,0,0,0.00,0,90,0,89.43,91.13,0,0,0,0,0,0,0,0,0,0,0,0,0,0,0,0,0,0,0,0
77323,-0.33,471,4095,0,0,0.00,0,90,0,89.43,91.13,0,0,0,0,0,0,0,0,0,0,0,0,0,0,0,0,0,0,0,0
77359,-0.23,405,4095,0,0,0.00,0,90,0,89.43,91.13,0,0,0,0,0,0,0,0,0,0,0,0,0,0,0,0,0,0,0,0
77395,-0.31,344,4095,0,0,0.00,0,90,0,89.43,91.13,0,0,0,0,0,0,0,0,0,0,0,0,0,0,0,0,0,0,0,0
77431,-0.27,287,4095,0,0,0.00,0,90,0,89.43,91.13,0,0,0,0,0,0,0,0,0,0,0,0,0,0,0,0,0,0,0,0
77467,-0.23,234,4095,0,0,0.00,0,90,0,89.43,91.13,0,0,0,0,0,0,0,0,0,0,0,0,0,0,0,0,0,0,0,0
77503,-0.26,184,4095,0,0,0.00,0,90,0,89.43,91.13,0,0,0,0,0,0,0,0,0,0,0,0,0,0,0,0,0,0,0,0
77539,-0.22,137,4095,0,0,0.00,0,90,0,89.43,91.13,0,0,0,0,0,0,0,0,0,0,0,0,0,0,0,0,0,0,0,0
77575,-0.13,93,4095,0,0,0.00,0,90,0,89.43,91.13,0,0,0,0,0,0,0,0,0,0,0,0,0,0,0,0,0,0,0,0
77611,-0.22,53,4095,0,0,0.00,0,90,0,89.43,91.13,0,0,0,0,0,0,0,0,0,0,0,0,0,0,0,0,0,0,0,0
77647,-0.26,15,4095,0,0,0.00,0,90,0,89.43,91.13,0,0,0,0,0,0,0,0,0,0,0,0,0,0,0,0,0,0,0,0
77683,-0.31,-18,4095,0,0,0.00,0,90,0,89.43,91.13,0,0,0,0,0,0,0,0,0,0,0,0,0,0,0,0,0,0,0,0
77719,-0.33,-49,4095,0,0,0.00,0,90,0,89.43,91.13,0,0,0,0,0,0,0,0,0,0,0,0,0,0,0,0,0,0,0,0
77755,-0.24,-78,4095,0,0,0.00,0,90,0,89.43,91.13,0,0,0,0,0,0,0,0,0,0,0,0,0,0,0,0,0,0,0,0
77791,-0.34,-103,4095,0,0,0.00,0,90,0,89.43,91.13,0,0,0,0,0,0,0,0,0,0,0,0,0,0,0,0,0,0,0,0
77827,-0.37,-126,4095,0,0,0.00,0,90,0,89.43,91.13,0,0,0,0,0,0,0,0,0,0,0,0,0,0,0,0,0,0,0,0
77863,-0.26,-147,4095,0,0,0.00,0,90,0,89.43,91.13,0,0,0,0,0,0,0,0,0,0,0,0,0,0,0,0,0,0,0,0
77899,-0.32,-165,4095,0,0,0.00,0,90,0,89.43,91.13,0,0,0,0,0,0,0,0,0,0,0,0,0,0,0,0,0,0,0,0
77935,-0.25,-181,4095,0,0,0.00,0,90,0,89.43,91.13,0,0,0,0,0,0,0,0,0,0,0,0,0,0,0,0,0,0,0,0
77971,-0.23,-196,4095,0,0,0.00,0,90,0,89.43,91.13,0,0,0,0,0,0,0,0,0,0,0,0,0,0,0,0,0,0,0,0
78007,-0.29,-208,4095,0,0,0.00,0,90,0,89.43,91.13,0,0,0,0,0,0,0,0,0,0,0,0,0,0,0,0,0,0,0,0
78043,-0.34,-218,4095,0,0,0.00,0,90,0,89.43,91.13,0,0,0,0,0,0,0,0,0,0,0,0,0,0,0,0,0,0,0,0
78079,-0.23,-227,4095,0,0,0.00,0,90,0,89.43,91.13,0,0,0,0,0,0,0,0,0,0,0,0,0,0,0,0,0,0,0,0
78115,-0.25,-234,4095,0,0,0.00,0,90,0,89.43,91.13,0,0,0,0,0,0,0,0,0,0,0,0,0,0,0,0,0,0,0,0
78151,-0.24,-239,4095,0,0,0.00,0,90,0,89.43,91.13,0,0,0,0,0,0,0,0,0,0,0,0,0,0,0,0,0,0,0,0
78187,-0.32,-243,4095,0,0,0.00,0,90,0,89.43,91.13,0,0,0,0,0,0,0,0,0,0,0,0,0,0,0,0,0,0,0,0
78223,-0.22,-246,4095,0,0,0.00,0,90,0,89.43,91.13,0,0,0,0,0,0,0,0,0,0,0,0,0,0,0,0,0,0,0,0
78259,-0.23,-248,4095,0,0,0.00,0,90,0,89.43,91.13,0,0,0,0,0,0,0,0,0,0,0,0,0,0,0,0,0,0,0,0
78295,-0.26,-249,4095,0,0,0.00,0,90,0,89.43,91.13,0,0,0,0,0,0,0,0,0,0,0,0,0,0,0,0,0,0,0,0
78331,-0.32,-248,4095,0,0,0.00,0,90,0,89.43,91.13,0,0,0,0,0,0,0,0,0,0,0,0,0,0,0,0,0,0,0,0
78367,-0.22,-247,4095,0,0,0.00,0,90,0,89.43,91.13,0,0,0,0,0,0,0,0,0,0,0,0,0,0,0,0,0,0,0,0
78403,-0.25,-245,4095,0,0,0.00,0,90,0,89.43,91.13,0,0,0,0,0,0,0,0,0,0,0,0,0,0,0,0,0,0,0,0
78439,-0.24,-242,4095,0,0,0.00,0,90,0,89.43,91.13,0,0,0,0,0,0,0,0,0,0,0,0,0,0,0,0,0,0,0,0
78475,-0.28,-238,4095,0,0,0.00,0,90,0,89.43,91.13,0,0,0,0,0,0,0,0,0,0,0,0,0,0,0,0,0,0,0,0
78511,-0.26,-234,4095,0,0,0.00,0,90,0,89.43,91.13,0,0,0,0,0,0,0,0,0,0,0,0,0,0,0,0,0,0,0,0
78547,-0.27,-230,4095,0,0,0.00,0,90,0,89.43,91.13,0,0,0,0,0,0,0,0,0,0,0,0,0,0,0,0,0,0,0,0
78583,-0.28,-225,4095,0,0,0.00,0,90,0,89.43,91.13,0,0,0,0,0,0,0,0,0,0,0,0,0,0,0,0,0,0,0,0
78619,-0.20,-219,4095,0,0,0.00,0,90,0,89.43,91.13,0,0,0,0,0,0,0,0,0,0,0,0,0,0,0,0,0,0,0,0
78655,-0.20,-213,4095,0,0,0.00,0,90,0,89.43,91.13,0,0,0,0,0,0,0,0,0,0,0,0,0,0,0,0,0,0,0,0
78691,-0.28,-207,4095,0,0,0.00,0,90,0,89.43,91.13,0,0,0,0,0,0,0,0,0,0,0,0,0,0,0,0,0,0,0,0
78727,-0.26,-200,4095,0,0,0.00,0,90,0,89.43,91.13,0,0,0,0,0,0,0,0,0,0,0,0,0,0,0,0,0,0,0,0
78763,-0.12,-194,4095,0,0,0.00,0,90,0,89.43,91.13,0,0,0,0,0,0,0,0,0,0,0,0,0,0,0,0,0,0,0,0
78799,-0.30,-187,4095,0,0,0.00,0,90,0,89.43,91.13,0,0,0,0,0,0,0,0,0,0,0,0,0,0,0,0,0,0,0,0
78835,-0.31,-180,4095,0,0,0.00,0,90,0,89.43,91.13,0,0,0,0,0,0,0,0,0,0,0,0,0,0,0,0,0,0,0,0
78871,-0.19,-173,4095,0,0,0.00,0,90,0,89.43,91.13,0,0,0,0,0,0,0,0,0,0,0,0,0,0,0,0,0,0,0,0
78907,-0.25,-166,4095,0,0,0.00,0,90,0,89.43,91.13,0,0,0,0,0,0,0,0,0,0,0,0,0,0,0,0,0,0,0,0
78943,-0.30,-159,4095,0,0,0.00,0,90,0,89.43,91.13,0,0,0,0,0,0,0,0,0,0,0,0,0,0,0,0,0,0,0,0
78979,-0.24,-151,4095,0,0,0.00,0,90,0,89.43,91.13,0,0,0,0,0,0,0,0,0,0,0,0,0,0,0,0,0,0,0,0
79015,-0.27,-144,4095,0,0,0.00,0,90,0,89.43,91.13,0,0,0,0,0,0,0,0,0,0,0,0,0,0,0,0,0,0,0,0
79051,-0.27,-137,4095,0,0,0.00,0,90,0,89.43,91.13,0,0,0,0,0,0,0,0,0,0,0,0,0,0,0,0,0,0,0,0
79087,-0.26,-130,4095,0,0,0.00,0,90,0,89.43,91.13,0,0,0,0,0,0,0,0,0,0,0,0,0,0,0,0,0,0,0,0
79123,-0.17,-123,4095,0,0,0.00,0,90,0,89.43,91.13,0,0,0,0,0,0,0,0,0,0,0,0,0,0,0,0,0,0,0,0
79159,-0.27,-117,4095,0,0,0.00,0,90,0,89.43,91.13,0,0,0,0,0,0,0,0,0,0,0,0,0,0,0,0,0,0,0,0
79195,-0.36,-110,4095,0,0,0.00,0,90,0,89.43,91.13,0,0,0,0,0,0,0,0,0,0,0,0,0,0,0,0,0,0,0,0
79231,-0.29,-104,4095,0,0,0.00,0,90,0,89.43,91.13,0,0,0,0,0,0,0,0,0,0,0,0,0,0,0,0,0,0,0,0
79267,-0.27,-97,4095,0,0,0.00,0,90,0,89.43,91.13,0,0,0,0,0,0,0,0,0,0,0,0,0,0,0,0,0,0,0,0
79303,-0.27,-91,4095,0,0,0.00,0,90,0,89.43,91.13,0,0,0,0,0,0,0,0,0,0,0,0,0,0,0,0,0,0,0,0
79339,-0.22,-85,4095,0,0,0.00,0,90,0,89.43,91.13,0,0,0,0,0,0,0,0,0,0,0,0,0,0,0,0,0,0,0,0
79375,-0.26,-79,4095,0,0,0.00,0,90,0,89.43,91.13,0,0,0,0,0,0,0,0,0,0,0,0,0,0,0,0,0,0,0,0
79411,-0.29,-74,4095,0,0,0.00,0,90,0,89.43,91.13,0,0,0,0,0,0,0,0,0,0,0,0,0,0,0,0,0,0,0,0
79447,-0.30,-68,4095,0,0,0.00,0,90,0,89.43,91.13,0,0,0,0,0,0,0,0,0,0,0,0,0,0,0,0,0,0,0,0
79483,-0.26,-63,4095,0,0,0.00,0,90,0,89.43,91.13,0,0,0,0,0,0,0,0,0,0,0,0,0,0,0,0,0,0,0,0
79519,-0.23,-58,4095,0,0,0.00,0,90,0,89.43,91.13,0,0,0,0,0,0,0,0,0,0,0,0,0,0,0,0,0,0,0,0
79555,-0.22,-53,4095,0,0,0.00,0,90,0,89.43,91.13,0,0,0,0,0,0,0,0,0,0,0,0,0,0,0,0,0,0,0,0
79591,-0.28,-49,4095,0,0,0.00,0,90,0,89.43,91.13,0,0,0,0,0,0,0,0,0,0,0,0,0,0,0,0,0,0,0,0
79627,-0.26,-44,4095,0,0,0.00,0,90,0,89.43,91.13,0,0,0,0,0,0,0,0,0,0,0,0,0,0,0,0,0,0,0,0
79663,-0.26,-40,4095,0,0,0.00,0,90,0,89.43,91.13,0,0,0,0,0,0,0,0,0,0,0,0,0,0,0,0,0,0,0,0
79699,-0.24,-36,4095,0,0,0.00,0,90,0,89.43,91.13,0,0,0,0,0,0,0,0,0,0,0,0,0,0,0,0,0,0,0,0
79735,-0.30,-32,4095,0,0,0.00,0,90,0,89.43,91.13,0,0,0,0,0,0,0,0,0,0,0,0,0,0,0,0,0,0,0,0
79771,-0.30,-29,4095,0,0,0.00,0,90,0,89.43,91.13,0,0,0,0,0,0,0,0,0,0,0,0,0,0,0,0,0,0,0,0
79807,-0.26,-25,4095,0,0,0.00,0,90,0,89.43,91.13,0,0,0,0,0,0,0,0,0,0,0,0,0,0,0,0,0,0,0,0
79843,-0.28,-22,4095,0,0,0.00,0,90,0,89.43,91.13,0,0,0,0,0,0,0,0,0,0,0,0,0,0,0,0,0,0,0,0
79879,-0.24,-19,4095,0,0,0.00,0,90,0,89.43,91.13,0,0,0,0,0,0,0,0,0,0,0,0,0,0,0,0,0,0,0,0
79915,-0.27,-16,4095,0,0,0.00,0,90,0,89.43,91.13,0,0,0,0,0,0,0,0,0,0,0,0,0,0,0,0,0,0,0,0
79951,-0.32,-14,4095,0,0,0.00,0,90,0,89.43,91.13,0,0,0,0,0,0,0,0,0,0,0,0,0,0,0,0,0,0,0,0
79987,-0.18,-11,4095,0,0,0.00,0,90,0,89.43,91.13,0,0,0,0,0,0,0,0,0,0,0,0,0,0,0,0,0,0,0,0
80023,-0.38,-9,4095,0,0,0.00,0,90,0,89.43,91.13,0,0,0,0,0,0,0,0,0,0,0,0,0,0,0,0,0,0,0,0
80059,-0.31,-7,4095,0,0,0.00,0,90,0,89.43,91.13,0,0,0,0,0,0,0,0,0,0,0,0,0,0,0,0,0,0,0,0
80095,-0.28,-5,4095,0,0,0.00,0,90,0,89.43,91.13,0,0,0,0,0,0,0,0,0,0,0,0,0,0,0,0,0,0,0,0
80131,-0.27,-3,4095,0,0,0.00,0,90,0,89.43,91.13,0,0,0,0,0,0,0,0,0,0,0,0,0,0,0,0,0,0,0,0
80167,-0.26,-1,4095,0,0,0.00,0,90,0,89.43,91.13,0,0,0,0,0,0,0,0,0,0,0,0,0,0,0,0,0,0,0,0
80203,-0.25,0,4095,0,0,0.00,0,90,0,89.43,91.13,0,0,0,0,0,0,0,0,0,0,0,0,0,0,0,0,0,0,0,0
80239,-0.24,1,4095,0,0,0.00,0,90,0,89.43,91.13,0,0,0,0,0,0,0,0,0,0,0,0,0,0,0,0,0,0,0,0
80275,-0.30,2,4095,0,0,0.00,0,90,0,89.43,91.13,0,0,0,0,0,0,0,0,0,0,0,0,0,0,0,0,0,0,0,0
80311,-0.23,3,4095,0,0,0.00,0,90,0,89.43,91.13,0,0,0,0,0,0,0,0,0,0,0,0,0,0,0,0,0,0,0,0
80347,-0.23,4,4095,0,0,0.00,0,90,0,89.43,91.13,0,0,0,0,0,0,0,0,0,0,0,0,0,0,0,0,0,0,0,0
80383,-0.18,5,4095,0,0,0.00,0,90,0,89.43,91.13,0,0,0,0,0,0,0,0,0,0,0,0,0,0,0,0,0,0,0,0
80419,-0.27,6,4095,0,0,0.00,0,90,0,89.43,91.13,0,0,0,0,0,0,0,0,0,0,0,0,0,0,0,0,0,0,0,0
80455,-0.24,7,4095,0,0,0.00,0,90,0,89.43,91.13,0,0,0,0,0,0,0,0,0,0,0,0,0,0,0,0,0,0,0,0
80491,-0.22,8,4095,0,0,0.00,0,90,0,89.43,91.13,0,0,0,0,0,0,0,0,0,0,0,0,0,0,0,0,0,0,0,0
80527,-0.21,8,4095,0,0,0.00,0,90,0,89.43,91.13,0,0,0,0,0,0,0,0,0,0,0,0,0,0,0,0,0,0,0,0
80563,-0.26,9,4095,0,0,0.00,0,90,0,89.43,91.13,0,0,0,0,0,0,0,0,0,0,0,0,0,0,0,0,0,0,0,0
80599,-0.25,9,4095,0,0,0.00,0,90,0,89.43,91.13,0,0,0,0,0,0,0,0,0,0,0,0,0,0,0,0,0,0,0,0
80635,-0.31,9,4095,0,0,0.00,0,90,0,89.43,91.13,0,0,0,0,0,0,0,0,0,0,0,0,0,0,0,0,0,0,0,0
80671,-0.32,10,4095,0,0,0.00,0,90,0,89.43,91.13,0,0,0,0,0,0,0,0,0,0,0,0,0,0,0,0,0,0,0,0
80707,-0.23,10,4095,0,0,0.00,0,90,0,89.43,91.13,0,0,0,0,0,0,0,0,0,0,0,0,0,0,0,0,0,0,0,0
80743,-0.22,10,4095,0,0,0.00,0,90,0,89.43,91.13,0,0,0,0,0,0,0,0,0,0,0,0,0,0,0,0,0,0,0,0
80779,-0.29,10,4095,0,0,0.00,0,90,0,89.43,91.13,0,0,0,0,0,0,0,0,0,0,0,0,0,0,0,0,0,0,0,0
80815,-0.17,10,4095,0,0,0.00,0,90,0,89.43,91.13,0,0,0,0,0,0,0,0,0,0,0,0,0,0,0,0,0,0,0,0
80851,-0.20,10,4095,0,0,0.00,0,90,0,89.43,91.13,0,0,0,0,0,0,0,0,0,0,0,0,0,0,0,0,0,0,0,0
80887,-0.18,10,4095,0,0,0.00,0,90,0,89.43,91.13,0,0,0,0,0,0,0,0,0,0,0,0,0,0,0,0,0,0,0,0
80923,-0.28,10,4095,0,0,0.00,0,90,0,89.43,91.13,0,0,0,0,0,0,0,0,0,0,0,0,0,0,0,0,0,0,0,0
80959,-0.28,10,4095,0,0,0.00,0,90,0,89.43,91.13,0,0,0,0,0,0,0,0,0,0,0,0,0,0,0,0,0,0,0,0
80995,-0.25,10,4095,0,0,0.00,0,90,0,89.43,91.13,0,0,0,0,0,0,0,0,0,0,0,0,0,0,0,0,0,0,0,0
81031,-0.20,10,4095,0,0,0.00,0,90,0,89.43,91.13,0,0,0,0,0,0,0,0,0,0,0,0,0,0,0,0,0,0,0,0
81067,-0.29,10,4095,0,0,0.00,0,90,0,89.43,91.13,0,0,0,0,0,0,0,0,0,0,0,0,0,0,0,0,0,0,0,0
81103,-0.11,9,4095,0,0,0.00,0,90,0,89.43,91.13,0,0,0,0,0,0,0,0,0,0,0,0,0,0,0,0,0,0,0,0
81139,-0.18,9,4095,0,0,0.00,0,90,0,89.43,91.13,0,0,0,0,0,0,0,0,0,0,0,0,0,0,0,0,0,0,0,0
81175,-0.16,9,4095,0,0,0.00,0,90,0,89.43,91.13,0,0,0,0,0,0,0,0,0,0,0,0,0,0,0,0,0,0,0,0
81211,-0.22,9,4095,0,0,0.00,0,90,0,89.43,91.13,0,0,0,0,0,0,0,0,0,0,0,0,0,0,0,0,0,0,0,0
81247,-0.16,8,4095,0,0,0.00,0,90,0,89.43,91.13,0,0,0,0,0,0,0,0,0,0,0,0,0,0,0,0,0,0,0,0
81283,-0.19,8,4095,0,0,0.00,0,90,0,89.43,91.13,0,0,0,0,0,0,0,0,0,0,0,0,0,0,0,0,0,0,0,0
81319,-0.20,8,4095,0,0,0.00,0,90,0,89.43,91.13,0,0,0,0,0,0,0,0,0,0,0,0,0,0,0,0,0,0,0,0
81355,-0.18,8,4095,0,0,0.00,0,90,0,89.43,91.13,0,0,0,0,0,0,0,0,0,0,0,0,0,0,0,0,0,0,0,0
81391,-0.23,7,4095,0,0,0.00,0,90,0,89.43,91.13,0,0,0,0,0,0,0,0,0,0,0,0,0,0,0,0,0,0,0,0
81427,-0.29,7,4095,0,0,0.00,0,90,0,89.43,91.13,0,0,0,0,0,0,0,0,0,0,0,0,0,0,0,0,0,0,0,0
81463,-0.22,7,4095,0,0,0.00,0,90,0,89.43,91.13,0,0,0,0,0,0,0,0,0,0,0,0,0,0,0,0,0,0,0,0
81499,-0.25,6,4095,0,0,0.00,0,90,0,89.43,91.13,0,0,0,0,0,0,0,0,0,0,0,0,0,0,0,0,0,0,0,0
81535,-0.21,6,4095,0,0,0.00,0,90,0,89.43,91.13,0,0,0,0,0,0,0,0,0,0,0,0,0,0,0,0,0,0,0,0
81571,-0.23,6,4095,0,0,0.00,0,90,0,89.43,91.13,0,0,0,0,0,0,0,0,0,0,0,0,0,0,0,0,0,0,0,0
81607,-0.22,5,4095,0,0,0.00,0,90,0,89.43,91.13,0,0,0,0,0,0,0,0,0,0,0,0,0,0,0,0,0,0,0,0
81643,-0.20,5,4095,0,0,0.00,0,90,0,89.43,91.13,0,0,0,0,0,0,0,0,0,0,0,0,0,0,0,0,0,0,0,0
81679,-0.25,5,4095,0,0,0.00,0,90,0,89.43,91.13,0,0,0,0,0,0,0,0,0,0,0,0,0,0,0,0,0,0,0,0
81715,-0.25,4,4095,0,0,0.00,0,90,0,89.43,91.13,0,0,0,0,0,0,0,0,0,0,0,0,0,0,0,0,0,0,0,0
81751,-0.23,4,4095,0,0,0.00,0,90,0,89.43,91.13,0,0,0,0,0,0,0,0,0,0,0,0,0,0,0,0,0,0,0,0
81787,-0.23,4,4095,0,0,0.00,0,90,0,89.43,91.13,0,0,0,0,0,0,0,0,0,0,0,0,0,0,0,0,0,0,0,0
81823,-0.31,4,4095,0,0,0.00,0,90,0,89.43,91.13,0,0,0,0,0,0,0,0,0,0,0,0,0,0,0,0,0,0,0,0
81859,-0.32,3,4095,0,0,0.00,0,90,0,89.43,91.13,0,0,0,0,0,0,0,0,0,0,0,0,0,0,0,0,0,0,0,0
81895,-0.27,3,4095,0,0,0.00,0,90,0,89.43,91.13,0,0,0,0,0,0,0,0,0,0,0,0,0,0,0,0,0,0,0,0
81931,-0.18,3,4095,0,0,0.00,0,90,0,89.43,91.13,0,0,0,0,0,0,0,0,0,0,0,0,0,0,0,0,0,0,0,0
81967,-0.30,3,4095,0,0,0.00,0,90,0,89.43,91.13,0,0,0,0,0,0,0,0,0,0,0,0,0,0,0,0,0,0,0,0
82003,-0.24,2,4095,0,0,0.00,0,90,0,89.43,91.13,0,0,0,0,0,0,0,0,0,0,0,0,0,0,0,0,0,0,0,0
82039,-0.27,2,4095,0,0,0.00,0,90,0,89.43,91.13,0,0,0,0,0,0,0,0,0,0,0,0,0,0,0,0,0,0,0,0
82075,-0.30,2,4095,0,0,0.00,0,90,0,89.43,91.13,0,0,0,0,0,0,0,0,0,0,0,0,0,0,0,0,0,0,0,0
82111,-0.27,2,4095,0,0,0.00,0,90,0,89.43,91.13,0,0,0,0,0,0,0,0,0,0,0,0,0,0,0,0,0,0,0,0
82147,-0.32,2,4095,0,0,0.00,0,90,0,89.43,91.13,0,0,0,0,0,0,0,0,0,0,0,0,0,0,0,0,0,0,0,0
82183,-0.33,1,4095,0,0,0.00,0,90,0,89.43,91.13,0,0,0,0,0,0,0,0,0,0,0,0,0,0,0,0,0,0,0,0
82219,-0.30,1,4095,0,0,0.00,0,90,0,89.43,91.13,0,0,0,0,0,0,0,0,0,0,0,0,0,0,0,0,0,0,0,0
82255,-0.20,1,4095,0,0,0.00,0,90,0,89.43,91.13,0,0,0,0,0,0,0,0,0,0,0,0,0,0,0,0,0,0,0,0
82291,-0.30,1,4095,0,0,0.00,0,90,0,89.43,91.13,0,0,0,0,0,0,0,0,0,0,0,0,0,0,0,0,0,0,0,0
82327,-0.26,1,4095,0,0,0.00,0,90,0,89.43,91.13,0,0,0,0,0,0,0,0,0,0,0,0,0,0,0,0,0,0,0,0
82363,-0.14,1,4095,0,0,0.00,0,90,0,89.43,91.13,0,0,0,0,0,0,0,0,0,0,0,0,0,0,0,0,0,0,0,0
82399,-0.17,0,4095,0,0,0.00,0,90,0,89.43,91.13,0,0,0,0,0,0,0,0,0,0,0,0,0,0,0,0,0,0,0,0
82435,-0.27,0,4095,0,0,0.00,0,90,0,89.43,91.13,0,0,0,0,0,0,0,0,0,0,0,0,0,0,0,0,0,0,0,0
82471,-0.21,0,4095,0,0,0.00,0,90,0,89.43,91.13,0,0,0,0,0,0,0,0,0,0,0,0,0,0,0,0,0,0,0,0
82507,-0.26,0,4095,0,0,0.00,0,90,0,89.43,91.13,0,0,0,0,0,0,0,0,0,0,0,0,0,0,0,0,0,0,0,0
82543,-0.20,0,4095,0,0,0.00,0,90,0,89.43,91.13,0,0,0,0,0,0,0,0,0,0,0,0,0,0,0,0,0,0,0,0
82579,-0.20,0,4095,0,0,0.00,0,90,0,89.43,91.13,0,0,0,0,0,0,0,0,0,0,0,0,0,0,0,0,0,0,0,0
82615,-0.22,0,4095,0,0,0.00,0,90,0,89.43,91.13,0,0,0,0,0,0,0,0,0,0,0,0,0,0,0,0,0,0,0,0
82651,-0.20,0,4095,0,0,0.00,0,90,0,89.43,91.13,0,0,0,0,0,0,0,0,0,0,0,0,0,0,0,0,0,0,0,0
82687,-0.23,0,4095,0,0,0.00,0,90,0,89.43,91.13,0,0,0,0,0,0,0,0,0,0,0,0,0,0,0,0,0,0,0,0
82723,-0.30,0,4095,0,0,0.00,0,90,0,89.43,91.13,0,0,0,0,0,0,0,0,0,0,0,0,0,0,0,0,0,0,0,0
82759,-0.28,0,4095,0,0,0.00,0,90,0,89.43,91.13,0,0,0,0,0,0,0,0,0,0,0,0,0,0,0,0,0,0,0,0
82795,-0.31,0,4095,0,0,0.00,0,90,0,89.43,91.13,0,0,0,0,0,0,0,0,0,0,0,0,0,0,0,0,0,0,0,0
82831,-0.29,0,4095,0,0,0.00,0,90,0,89.43,91.13,0,0,0,0,0,0,0,0,0,0,0,0,0,0,0,0,0,0,0,0
82867,-0.30,0,4095,0,0,0.00,0,90,0,89.43,91.13,0,0,0,0,0,0,0,0,0,0,0,0,0,0,0,0,0,0,0,0
82903,-0.21,0,4095,0,0,0.00,0,90,0,89.43,91.13,0,0,0,0,0,0,0,0,0,0,0,0,0,0,0,0,0,0,0,0
82939,-0.28,0,4095,0,0,0.00,0,90,0,89.43,91.13,0,0,0,0,0,0,0,0,0,0,0,0,0,0,0,0,0,0,0,0
82975,-0.30,0,4095,0,0,0.00,0,90,0,89.43,91.13,0,0,0,0,0,0,0,0,0,0,0,0,0,0,0,0,0,0,0,0
83011,-0.24,0,4095,0,0,0.00,0,90,0,89.43,91.13,0,0,0,0,0,0,0,0,0,0,0,0,0,0,0,0,0,0,0,0
83047,-0.27,0,4095,0,0,0.00,0,90,0,89.43,91.13,0,0,0,0,0,0,0,0,0,0,0,0,0,0,0,0,0,0,0,0
83083,-0.30,0,4095,0,0,0.00,0,90,0,89.43,91.13,0,0,0,0,0,0,0,0,0,0,0,0,0,0,0,0,0,0,0,0
83119,-0.31,0,4095,0,0,0.00,0,90,0,89.43,91.13,0,0,0,0,0,0,0,0,0,0,0,0,0,0,0,0,0,0,0,0
83155,-0.31,0,4095,0,0,0.00,0,90,0,89.43,91.13,0,0,0,0,0,0,0,0,0,0,0,0,0,0,0,0,0,0,0,0
83191,-0.30,0,4095,0,0,0.00,0,90,0,89.43,91.13,0,0,0,0,0,0,0,0,0,0,0,0,0,0,0,0,0,0,0,0
83227,-0.33,0,4095,0,0,0.00,0,90,0,89.43,91.13,0,0,0,0,0,0,0,0,0,0,0,0,0,0,0,0,0,0,0,0
83263,-0.30,0,4095,0,0,0.00,0,90,0,89.43,91.13,0,0,0,0,0,0,0,0,0,0,0,0,0,0,0,0,0,0,0,0
83299,-0.34,0,4095,0,0,0.00,0,90,0,89.43,91.13,0,0,0,0,0,0,0,0,0,0,0,0,0,0,0,0,0,0,0,0
83335,-0.35,0,4095,0,0,0.00,0,90,0,89.43,91.13,0,0,0,0,0,0,0,0,0,0,0,0,0,0,0,0,0,0,0,0
83371,-0.32,0,4095,0,0,0.00,0,90,0,89.43,91.13,0,0,0,0,0,0,0,0,0,0,0,0,0,0,0,0,0,0,0,0
83407,-0.33,0,4095,0,0,0.00,0,90,0,89.43,91.13,0,0,0,0,0,0,0,0,0,0,0,0,0,0,0,0,0,0,0,0
83443,-0.24,0,4095,0,0,0.00,0,90,0,89.43,91.13,0,0,0,0,0,0,0,0,0,0,0,0,0,0,0,0,0,0,0,0
83479,-0.35,0,4095,0,0,0.00,0,90,0,89.43,91.13,0,0,0,0,0,0,0,0,0,0,0,0,0,0,0,0,0,0,0,0
83515,-0.36,0,4095,0,0,0.00,0,90,0,89.43,91.13,0,0,0,0,0,0,0,0,0,0,0,0,0,0,0,0,0,0,0,0
83551,-0.35,0,4095,0,0,0.00,0,90,0,89.43,91.13,0,0,0,0,0,0,0,0,0,0,0,0,0,0,0,0,0,0,0,0
83587,-0.30,0,4095,0,0,0.00,0,90,0,89.43,91.13,0,0,0,0,0,0,0,0,0,0,0,0,0,0,0,0,0,0,0,0
83623,-0.35,0,4095,0,0,0.00,0,90,0,89.43,91.13,0,0,0,0,0,0,0,0,0,0,0,0,0,0,0,0,0,0,0,0
83659,-0.33,0,4095,0,0,0.00,0,90,0,89.43,91.13,0,0,0,0,0,0,0,0,0,0,0,0,0,0,0,0,0,0,0,0
83695,-0.31,0,4095,0,0,0.00,0,90,0,89.43,91.13,0,0,0,0,0,0,0,0,0,0,0,0,0,0,0,0,0,0,0,0
83731,-0.34,-3,4050,0,0,0.00,0,90,0,89.43,91.13,0,0,0,0,0,0,0,0,0,0,0,0,0,0,0,0,0,0,0,0
83767,-0.34,-12,4041,0,0,0.00,0,90,0,89.43,91.13,0,0,0,0,0,0,0,0,0,0,0,0,0,0,0,0,0,0,0,0
83803,-0.34,-38,3839,0,0,0.00,0,90,0,89.43,91.13,0,0,0,0,0,0,0,0,0,0,0,0,0,0,0,0,0,0,0,0
83839,-0.32,-108,3533,0,0,0.00,0,90,0,89.43,91.13,0,0,0,0,0,0,0,0,0,0,0,0,0,0,0,0,0,0,0,0
83875,-0.34,-228,3454,0,0,0.00,0,90,0,89.43,91.13,0,0,0,0,0,0,0,0,0,0,0,0,0,0,0,0,0,0,0,0
83911,-0.35,-358,3418,0,0,0.00,0,90,0,89.43,91.13,0,0,0,0,0,0,0,0,0,0,0,0,0,0,0,0,0,0,0,0
83947,-0.24,-459,3334,0,0,0.00,0,90,0,89.43,91.13,0,0,0,0,0,0,0,0,0,0,0,0,0,0,0,0,0,0,0,0
83983,-0.39,-548,2879,0,0,0.00,0,90,0,89.43,91.13,0,0,0,0,0,0,0,0,0,0,0,0,0,0,0,0,0,0,0,0
84019,-0.25,-660,2819,0,0,0.00,0,90,0,89.43,91.13,0,0,0,0,0,0,0,0,0,0,0,0,0,0,0,0,0,0,0,0
84055,-0.31,-759,2918,0,0,0.00,0,90,0,89.43,91.13,0,0,0,0,0,0,0,0,0,0,0,0,0,0,0,0,0,0,0,0
84091,-0.25,-780,3120,0,0,0.00,0,90,0,89.43,91.13,0,0,0,0,0,0,0,0,0,0,0,0,0,0,0,0,0,0,0,0
84127,-0.32,-709,3141,0,0,0.00,0,90,0,89.43,91.13,0,0,0,0,0,0,0,0,0,0,0,0,0,0,0,0,0,0,0,0
84163,-0.31,-652,2127,0,0,0.00,0,90,0,89.43,91.13,0,0,0,0,0,0,0,0,0,0,0,0,0,0,0,0,0,0,0,0
84199,-0.32,-599,4095,0,0,0.00,0,90,0,89.43,91.13,0,0,0,0,0,0,0,0,0,0,0,0,0,0,0,0,0,0,0,0
84235,-0.30,-354,4095,0,0,0.00,0,90,0,89.43,91.13,0,0,0,0,0,0,0,0,0,0,0,0,0,0,0,0,0,0,0,0
84271,-0.32,32,4095,0,0,0.00,0,90,0,89.43,91.13,0,0,0,0,0,0,0,0,0,0,0,0,0,0,0,0,0,0,0,0
84307,-0.38,362,4095,0,0,0.00,0,90,0,89.43,91.13,0,0,0,0,0,0,0,0,0,0,0,0,0,0,0,0,0,0,0,0
84343,-0.33,569,4095,0,0,0.00,0,90,0,89.43,91.13,0,0,0,0,0,0,0,0,0,0,0,0,0,0,0,0,0,0,0,0
84379,-0.35,660,4095,0,0,0.00,0,90,0,89.43,91.13,0,0,0,0,0,0,0,0,0,0,0,0,0,0,0,0,0,0,0,0
84415,-0.27,669,4095,0,0,0.00,0,90,0,89.43,91.13,0,0,0,0,0,0,0,0,0,0,0,0,0,0,0,0,0,0,0,0
84451,-0.32,577,3253,0,0,0.00,0,90,0,89.43,91.13,0,0,0,0,0,0,0,0,0,0,0,0,0,0,0,0,0,0,0,0
84487,-0.31,306,2479,0,0,0.00,0,90,0,89.43,91.13,0,0,0,0,0,0,0,0,0,0,0,0,0,0,0,0,0,0,0,0
84523,-0.25,-107,2514,0,0,0.00,0,90,0,89.43,91.13,0,0,0,0,0,0,0,0,0,0,0,0,0,0,0,0,0,0,0,0
84559,-0.24,-489,2558,0,0,0.00,0,90,0,89.43,91.13,0,0,0,0,0,0,0,0,0,0,0,0,0,0,0,0,0,0,0,0
84595,-0.27,-819,1021,0,0,0.00,0,90,0,89.43,91.13,0,0,0,0,0,0,0,0,0,0,0,0,0,0,0,0,0,0,0,0
84631,-0.28,-1270,0,0,0,0.00,0,90,0,89.43,91.13,0,0,0,0,0,0,0,0,0,0,0,0,0,0,0,0,0,0,0,0
84667,-0.28,-1825,0,0,0,0.00,0,90,0,89.43,91.13,0,0,0,0,0,0,0,0,0,0,0,0,0,0,0,0,0,0,0,0
84703,-0.25,-2268,0,0,0,0.00,0,90,0,89.43,91.13,0,0,0,0,0,0,0,0,0,0,0,0,0,0,0,0,0,0,0,0
84739,-0.31,-2472,0,0,0,0.00,0,90,0,89.43,91.13,0,0,0,0,0,0,0,0,0,0,0,0,0,0,0,0,0,0,0,0
84775,-0.28,-2452,0,0,0,0.00,0,90,0,89.43,91.13,0,0,0,0,0,0,0,0,0,0,0,0,0,0,0,0,0,0,0,0
84811,-0.35,-2280,0,0,0,0.00,0,90,0,89.43,91.13,0,0,0,0,0,0,0,0,0,0,0,0,0,0,0,0,0,0,0,0
84847,-0.33,-2029,0,0,0,0.00,0,90,0,89.43,91.13,0,0,0,0,0,0,0,0,0,0,0,0,0,0,0,0,0,0,0,0
84883,-0.27,-1754,0,0,0,0.00,0,90,0,89.43,91.13,0,0,0,0,0,0,0,0,0,0,0,0,0,0,0,0,0,0,0,0
84919,-0.37,-1489,0,0,0,0.00,0,90,0,89.43,91.13,0,0,0,0,0,0,0,0,0,0,0,0,0,0,0,0,0,0,0,0
84955,-0.31,-1248,0,0,0,0.00,0,90,0,89.43,91.13,0,0,0,0,0,0,0,0,0,0,0,0,0,0,0,0,0,0,0,0
84991,-0.32,-1034,0,0,0,0.00,0,90,0,89.43,91.13,0,0,0,0,0,0,0,0,0,0,0,0,0,0,0,0,0,0,0,0
85027,-0.23,-843,0,0,0,0.00,0,90,0,89.43,91.13,0,0,0,0,0,0,0,0,0,0,0,0,0,0,0,0,0,0,0,0
85063,-0.24,-673,0,0,0,0.00,0,90,0,89.43,91.13,0,0,0,0,0,0,0,0,0,0,0,0,0,0,0,0,0,0,0,0
85099,-0.22,-517,0,0,0,0.00,0,90,0,89.43,91.13,0,0,0,0,0,0,0,0,0,0,0,0,0,0,0,0,0,0,0,0
85135,-0.30,-374,0,0,0,0.00,0,90,0,89.43,91.13,0,0,0,0,0,0,0,0,0,0,0,0,0,0,0,0,0,0,0,0
85171,-0.33,-242,0,0,0,0.00,0,90,0,89.43,91.13,0,0,0,0,0,0,0,0,0,0,0,0,0,0,0,0,0,0,0,0
85207,-0.30,-120,0,0,0,0.00,0,90,0,89.43,91.13,0,0,0,0,0,0,0,0,0,0,0,0,0,0,0,0,0,0,0,0
85243,-0.19,-7,0,0,0,0.00,0,90,0,89.43,91.13,0,0,0,0,0,0,0,0,0,0,0,0,0,0,0,0,0,0,0,0
85279,-0.32,96,0,0,0,0.00,0,90,0,89.43,91.13,0,0,0,0,0,0,0,0,0,0,0,0,0,0,0,0,0,0,0,0
85315,-0.34,191,0,0,0,0.00,0,90,0,89.43,91.13,0,0,0,0,0,0,0,0,0,0,0,0,0,0,0,0,0,0,0,0
85351,-0.40,277,0,0,0,0.00,0,90,0,89.43,91.13,0,0,0,0,0,0,0,0,0,0,0,0,0,0,0,0,0,0,0,0
85387,-0.25,355,0,0,0,0.00,0,90,0,89.43,91.13,0,0,0,0,0,0,0,0,0,0,0,0,0,0,0,0,0,0,0,0
85423,-0.35,425,0,0,0,0.00,0,90,0,89.43,91.13,0,0,0,0,0,0,0,0,0,0,0,0,0,0,0,0,0,0,0,0
85459,-0.36,488,0,0,0,0.00,0,90,0,89.43,91.13,0,0,0,0,0,0,0,0,0,0,0,0,0,0,0,0,0,0,0,0
85495,-0.44,543,0,0,0,0.00,0,90,0,89.43,91.13,0,0,0,0,0,0,0,0,0,0,0,0,0,0,0,0,0,0,0,0
85531,-0.34,591,0,0,0,0.00,0,90,0,89.43,91.13,0,0,0,0,0,0,0,0,0,0,0,0,0,0,0,0,0,0,0,0
85567,-0.30,633,0,0,0,0.00,0,90,0,89.43,91.13,0,0,0,0,0,0,0,0,0,0,0,0,0,0,0,0,0,0,0,0
85603,-0.26,669,0,0,0,0.00,0,90,0,89.43,91.13,0,0,0,0,0,0,0,0,0,0,0,0,0,0,0,0,0,0,0,0
85639,-0.32,700,0,0,0,0.00,0,90,0,89.43,91.13,0,0,0,0,0,0,0,0,0,0,0,0,0,0,0,0,0,0,0,0
85675,-0.35,725,0,0,0,0.00,0,90,0,89.43,91.13,0,0,0,0,0,0,0,0,0,0,0,0,0,0,0,0,0,0,0,0
85711,-0.35,745,0,0,0,0.00,0,90,0,89.43,91.13,0,0,0,0,0,0,0,0,0,0,0,0,0,0,0,0,0,0,0,0
85747,-0.36,761,0,0,0,0.00,0,90,0,89.43,91.13,0,0,0,0,0,0,0,0,0,0,0,0,0,0,0,0,0,0,0,0
85783,-0.36,773,0,0,0,0.00,0,90,0,89.43,91.13,0,0,0,0,0,0,0,0,0,0,0,0,0,0,0,0,0,0,0,0
85819,-0.40,780,0,0,0,0.00,0,90,0,89.43,91.13,0,0,0,0,0,0,0,0,0,0,0,0,0,0,0,0,0,0,0,0
85855,-0.32,785,0,0,0,0.00,0,90,0,89.43,91.13,0,0,0,0,0,0,0,0,0,0,0,0,0,0,0,0,0,0,0,0
85891,-0.28,785,0,0,0,0.00,0,90,0,89.43,91.13,0,0,0,0,0,0,0,0,0,0,0,0,0,0,0,0,0,0,0,0
85927,-0.30,783,0,0,0,0.00,0,90,0,89.43,91.13,0,0,0,0,0,0,0,0,0,0,0,0,0,0,0,0,0,0,0,0
85963,-0.29,778,0,0,0,0.00,0,90,0,89.43,91.13,0,0,0,0,0,0,0,0,0,0,0,0,0,0,0,0,0,0,0,0
85999,-0.37,770,0,0,0,0.00,0,90,0,89.43,91.13,0,0,0,0,0,0,0,0,0,0,0,0,0,0,0,0,0,0,0,0
86035,-0.27,761,0,0,0,0.00,0,90,0,89.43,91.13,0,0,0,0,0,0,0,0,0,0,0,0,0,0,0,0,0,0,0,0
86071,-0.33,749,0,0,0,0.00,0,90,0,89.43,91.13,0,0,0,0,0,0,0,0,0,0,0,0,0,0,0,0,0,0,0,0
86107,-0.28,735,0,0,0,0.00,0,90,0,89.43,91.13,0,0,0,0,0,0,0,0,0,0,0,0,0,0,0,0,0,0,0,0
86143,-0.38,720,0,0,0,0.00,0,90,0,89.43,91.13,0,0,0,0,0,0,0,0,0,0,0,0,0,0,0,0,0,0,0,0
86179,-0.29,703,0,0,0,0.00,0,90,0,89.43,91.13,0,0,0,0,0,0,0,0,0,0,0,0,0,0,0,0,0,0,0,0
86215,-0.35,685,0,0,0,0.00,0,90,0,89.43,91.13,0,0,0,0,0,0,0,0,0,0,0,0,0,0,0,0,0,0,0,0
86251,-0.34,666,0,0,0,0.00,0,90,0,89.43,91.13,0,0,0,0,0,0,0,0,0,0,0,0,0,0,0,0,0,0,0,0
86287,-0.36,646,0,0,0,0.00,0,90,0,89.43,91.13,0,0,0,0,0,0,0,0,0,0,0,0,0,0,0,0,0,0,0,0
86323,-0.29,625,0,0,0,0.00,0,90,0,89.43,91.13,0,0,0,0,0,0,0,0,0,0,0,0,0,0,0,0,0,0,0,0
86359,-0.30,604,0,0,0,0.00,0,90,0,89.43,91.13,0,0,0,0,0,0,0,0,0,0,0,0,0,0,0,0,0,0,0,0
86395,-0.24,582,0,0,0,0.00,0,90,0,89.43,91.13,0,0,0,0,0,0,0,0,0,0,0,0,0,0,0,0,0,0,0,0
86431,-0.31,560,0,0,0,0.00,0,90,0,89.43,91.13,0,0,0,0,0,0,0,0,0,0,0,0,0,0,0,0,0,0,0,0
86467,-0.32,538,0,0,0,0.00,0,90,0,89.43,91.13,0,0,0,0,0,0,0,0,0,0,0,0,0,0,0,0,0,0,0,0
86503,-0.35,516,0,0,0,0.00,0,90,0,89.43,91.13,0,0,0,0,0,0,0,0,0,0,0,0,0,0,0,0,0,0,0,0
86539,-0.34,493,0,0,0,0.00,0,90,0,89.43,91.13,0,0,0,0,0,0,0,0,0,0,0,0,0,0,0,0,0,0,0,0
86575,-0.32,471,0,0,0,0.00,0,90,0,89.43,91.13,0,0,0,0,0,0,0,0,0,0,0,0,0,0,0,0,0,0,0,0
86611,-0.28,448,0,0,0,0.00,0,90,0,89.43,91.13,0,0,0,0,0,0,0,0,0,0,0,0,0,0,0,0,0,0,0,0
86647,-0.31,426,0,0,0,0.00,0,90,0,89.43,91.13,0,0,0,0,0,0,0,0,0,0,0,0,0,0,0,0,0,0,0,0
86683,-0.40,404,0,0,0,0.00,0,90,0,89.43,91.13,0,0,0,0,0,0,0,0,0,0,0,0,0,0,0,0,0,0,0,0
86719,-0.29,383,0,0,0,0.00,0,90,0,89.43,91.13,0,0,0,0,0,0,0,0,0,0,0,0,0,0,0,0,0,0,0,0
86755,-0.38,361,0,0,0,0.00,0,90,0,89.43,91.13,0,0,0,0,0,0,0,0,0,0,0,0,0,0,0,0,0,0,0,0
86791,-0.30,341,0,0,0,0.00,0,90,0,89.43,91.13,0,0,0,0,0,0,0,0,0,0,0,0,0,0,0,0,0,0,0,0
86827,-0.33,321,0,0,0,0.00,0,90,0,89.43,91.13,0,0,0,0,0,0,0,0,0,0,0,0,0,0,0,0,0,0,0,0
86863,-0.37,301,0,0,0,0.00,0,90,0,89.43,91.13,0,0,0,0,0,0,0,0,0,0,0,0,0,0,0,0,0,0,0,0
86899,-0.28,282,0,0,0,0.00,0,90,0,89.43,91.13,0,0,0,0,0,0,0,0,0,0,0,0,0,0,0,0,0,0,0,0
86935,-0.24,263,0,0,0,0.00,0,90,0,89.43,91.13,0,0,0,0,0,0,0,0,0,0,0,0,0,0,0,0,0,0,0,0
86971,-0.33,245,0,0,0,0.00,0,90,0,89.43,91.13,0,0,0,0,0,0,0,0,0,0,0,0,0,0,0,0,0,0,0,0
87007,-0.27,227,0,0,0,0.00,0,90,0,89.43,91.13,0,0,0,0,0,0,0,0,0,0,0,0,0,0,0,0,0,0,0,0
87043,-0.30,211,0,0,0,0.00,0,90,0,89.43,91.13,0,0,0,0,0,0,0,0,0,0,0,0,0,0,0,0,0,0,0,0
87079,-0.29,194,0,0,0,0.00,0,90,0,89.43,91.13,0,0,0,0,0,0,0,0,0,0,0,0,0,0,0,0,0,0,0,0
87115,-0.31,179,0,0,0,0.00,0,90,0,89.43,91.13,0,0,0,0,0,0,0,0,0,0,0,0,0,0,0,0,0,0,0,0
87151,-0.27,164,0,0,0,0.00,0,90,0,89.43,91.13,0,0,0,0,0,0,0,0,0,0,0,0,0,0,0,0,0,0,0,0
87187,-0.11,150,0,0,0,0.00,0,90,0,89.43,91.13,0,0,0,0,0,0,0,0,0,0,0,0,0,0,0,0,0,0,0,0
87223,-0.32,136,0,0,0,0.00,0,90,0,89.43,91.13,0,0,0,0,0,0,0,0,0,0,0,0,0,0,0,0,0,0,0,0
87259,-0.24,123,0,0,0,0.00,0,90,0,89.43,91.13,0,0,0,0,0,0,0,0,0,0,0,0,0,0,0,0,0,0,0,0
87295,-0.22,111,0,0,0,0.00,0,90,0,89.43,91.13,0,0,0,0,0,0,0,0,0,0,0,0,0,0,0,0,0,0,0,0
87331,-0.28,99,0,0,0,0.00,0,90,0,89.43,91.13,0,0,0,0,0,0,0,0,0,0,0,0,0,0,0,0,0,0,0,0
87367,-0.27,88,0,0,0,0.00,0,90,0,89.43,91.13,0,0,0,0,0,0,0,0,0,0,0,0,0,0,0,0,0,0,0,0
87403,-0.31,78,0,0,0,0.00,0,90,0,89.43,91.13,0,0,0,0,0,0,0,0,0,0,0,0,0,0,0,0,0,0,0,0
87439,-0.32,68,0,0,0,0.00,0,90,0,89.43,91.13,0,0,0,0,0,0,0,0,0,0,0,0,0,0,0,0,0,0,0,0
87475,-0.28,58,0,0,0,0.00,0,90,0,89.43,91.13,0,0,0,0,0,0,0,0,0,0,0,0,0,0,0,0,0,0,0,0
87511,-0.36,50,0,0,0,0.00,0,90,0,89.43,91.13,0,0,0,0,0,0,0,0,0,0,0,0,0,0,0,0,0,0,0,0
87547,-0.23,41,0,0,0,0.00,0,90,0,89.43,91.13,0,0,0,0,0,0,0,0,0,0,0,0,0,0,0,0,0,0,0,0
87583,-0.24,34,0,0,0,0.00,0,90,0,89.43,91.13,0,0,0,0,0,0,0,0,0,0,0,0,0,0,0,0,0,0,0,0
87619,-0.33,27,0,0,0,0.00,0,90,0,89.43,91.13,0,0,0,0,0,0,0,0,0,0,0,0,0,0,0,0,0,0,0,0
87655,-0.36,20,0,0,0,0.00,0,90,0,89.43,91.13,0,0,0,0,0,0,0,0,0,0,0,0,0,0,0,0,0,0,0,0
87691,-0.30,14,0,0,0,0.00,0,90,0,89.43,91.13,0,0,0,0,0,0,0,0,0,0,0,0,0,0,0,0,0,0,0,0
87727,-0.35,8,0,0,0,0.00,0,90,0,89.43,91.13,0,0,0,0,0,0,0,0,0,0,0,0,0,0,0,0,0,0,0,0
87763,-0.29,3,0,0,0,0.00,0,90,0,89.43,91.13,0,0,0,0,0,0,0,0,0,0,0,0,0,0,0,0,0,0,0,0
87799,-0.28,-1,0,0,0,0.00,0,90,0,89.43,91.13,0,0,0,0,0,0,0,0,0,0,0,0,0,0,0,0,0,0,0,0
87835,-0.31,-5,0,0,0,0.00,0,90,0,89.43,91.13,0,0,0,0,0,0,0,0,0,0,0,0,0,0,0,0,0,0,0,0
87871,-0.31,-9,0,0,0,0.00,0,90,0,89.43,91.13,0,0,0,0,0,0,0,0,0,0,0,0,0,0,0,0,0,0,0,0
87907,-0.28,-13,0,0,0,0.00,0,90,0,89.43,91.13,0,0,0,0,0,0,0,0,0,0,0,0,0,0,0,0,0,0,0,0
87943,-0.23,-16,0,0,0,0.00,0,90,0,89.43,91.13,0,0,0,0,0,0,0,0,0,0,0,0,0,0,0,0,0,0,0,0
87979,-0.36,-19,0,0,0,0.00,0,90,0,89.43,91.13,0,0,0,0,0,0,0,0,0,0,0,0,0,0,0,0,0,0,0,0
88015,-0.24,-21,0,0,0,0.00,0,90,0,89.43,91.13,0,0,0,0,0,0,0,0,0,0,0,0,0,0,0,0,0,0,0,0
88051,-0.31,-24,0,0,0,0.00,0,90,0,89.43,91.13,0,0,0,0,0,0,0,0,0,0,0,0,0,0,0,0,0,0,0,0
88087,-0.19,-26,0,0,0,0.00,0,90,0,89.43,91.13,0,0,0,0,0,0,0,0,0,0,0,0,0,0,0,0,0,0,0,0
88123,-0.28,-27,0,0,0,0.00,0,90,0,89.43,91.13,0,0,0,0,0,0,0,0,0,0,0,0,0,0,0,0,0,0,0,0
88159,-0.30,-29,0,0,0,0.00,0,90,0,89.43,91.13,0,0,0,0,0,0,0,0,0,0,0,0,0,0,0,0,0,0,0,0
88195,-0.28,-30,0,0,0,0.00,0,90,0,89.43,91.13,0,0,0,0,0,0,0,0,0,0,0,0,0,0,0,0,0,0,0,0
88231,-0.33,-31,0,0,0,0.00,0,90,0,89.43,91.13,0,0,0,0,0,0,0,0,0,0,0,0,0,0,0,0,0,0,0,0
88267,-0.28,-32,0,0,0,0.00,0,90,0,89.43,91.13,0,0,0,0,0,0,0,0,0,0,0,0,0,0,0,0,0,0,0,0
88303,-0.24,-33,0,0,0,0.00,0,90,0,89.43,91.13,0,0,0,0,0,0,0,0,0,0,0,0,0,0,0,0,0,0,0,0
88339,-0.32,-33,0,0,0,0.00,0,90,0,89.43,91.13,0,0,0,0,0,0,0,0,0,0,0,0,0,0,0,0,0,0,0,0
88375,-0.28,-33,0,0,0,0.00,0,90,0,89.43,91.13,0,0,0,0,0,0,0,0,0,0,0,0,0,0,0,0,0,0,0,0
88411,-0.30,-34,0,0,0,0.00,0,90,0,89.43,91.13,0,0,0,0,0,0,0,0,0,0,0,0,0,0,0,0,0,0,0,0
88447,-0.23,-34,0,0,0,0.00,0,90,0,89.43,91.13,0,0,0,0,0,0,0,0,0,0,0,0,0,0,0,0,0,0,0,0
88483,-0.26,-33,0,0,0,0.00,0,90,0,89.43,91.13,0,0,0,0,0,0,0,0,0,0,0,0,0,0,0,0,0,0,0,0
88519,-0.30,-33,0,0,0,0.00,0,90,0,89.43,91.13,0,0,0,0,0,0,0,0,0,0,0,0,0,0,0,0,0,0,0,0
88555,-0.35,-33,0,0,0,0.00,0,90,0,89.43,91.13,0,0,0,0,0,0,0,0,0,0,0,0,0,0,0,0,0,0,0,0
88591,-0.29,-32,0,0,0,0.00,0,90,0,89.43,91.13,0,0,0,0,0,0,0,0,0,0,0,0,0,0,0,0,0,0,0,0
88627,-0.26,-32,0,0,0,0.00,0,90,0,89.43,91.13,0,0,0,0,0,0,0,0,0,0,0,0,0,0,0,0,0,0,0,0
88663,-0.33,-31,0,0,0,0.00,0,90,0,89.43,91.13,0,0,0,0,0,0,0,0,0,0,0,0,0,0,0,0,0,0,0,0
88699,-0.29,-30,0,0,0,0.00,0,90,0,89.43,91.13,0,0,0,0,0,0,0,0,0,0,0,0,0,0,0,0,0,0,0,0
88735,-0.28,-30,0,0,0,0.00,0,90,0,89.43,91.13,0,0,0,0,0,0,0,0,0,0,0,0,0,0,0,0,0,0,0,0
88771,-0.32,-29,0,0,0,0.00,0,90,0,89.43,91.13,0,0,0,0,0,0,0,0,0,0,0,0,0,0,0,0,0,0,0,0
88807,-0.29,-28,0,0,0,0.00,0,90,0,89.43,91.13,0,0,0,0,0,0,0,0,0,0,0,0,0,0,0,0,0,0,0,0
88843,-0.32,-27,0,0,0,0.00,0,90,0,89.43,91.13,0,0,0,0,0,0,0,0,0,0,0,0,0,0,0,0,0,0,0,0
88879,-0.39,-26,0,0,0,0.00,0,90,0,89.43,91.13,0,0,0,0,0,0,0,0,0,0,0,0,0,0,0,0,0,0,0,0
88915,-0.33,-25,0,0,0,0.00,0,90,0,89.43,91.13,0,0,0,0,0,0,0,0,0,0,0,0,0,0,0,0,0,0,0,0
88951,-0.37,-24,0,0,0,0.00,0,90,0,89.43,91.13,0,0,0,0,0,0,0,0,0,0,0,0,0,0,0,0,0,0,0,0
88987,-0.25,-23,0,0,0,0.00,0,90,0,89.43,91.13,0,0,0,0,0,0,0,0,0,0,0,0,0,0,0,0,0,0,0,0
89023,-0.28,-22,0,0,0,0.00,0,90,0,89.43,91.13,0,0,0,0,0,0,0,0,0,0,0,0,0,0,0,0,0,0,0,0
89059,-0.25,-22,0,0,0,0.00,0,90,0,89.43,91.13,0,0,0,0,0,0,0,0,0,0,0,0,0,0,0,0,0,0,0,0
89095,-0.35,-21,0,0,0,0.00,0,90,0,89.43,91.13,0,0,0,0,0,0,0,0,0,0,0,0,0,0,0,0,0,0,0,0
89131,-0.32,-20,0,0,0,0.00,0,90,0,89.43,91.13,0,0,0,0,0,0,0,0,0,0,0,0,0,0,0,0,0,0,0,0
89167,-0.32,-19,0,0,0,0.00,0,90,0,89.43,91.13,0,0,0,0,0,0,0,0,0,0,0,0,0,0,0,0,0,0,0,0
89203,-0.30,-18,0,0,0,0.00,0,90,0,89.43,91.13,0,0,0,0,0,0,0,0,0,0,0,0,0,0,0,0,0,0,0,0
89239,-0.31,-17,0,0,0,0.00,0,90,0,89.43,91.13,0,0,0,0,0,0,0,0,0,0,0,0,0,0,0,0,0,0,0,0
89275,-0.33,-16,0,0,0,0.00,0,90,0,89.43,91.13,0,0,0,0,0,0,0,0,0,0,0,0,0,0,0,0,0,0,0,0
89311,-0.30,-15,0,0,0,0.00,0,90,0,89.43,91.13,0,0,0,0,0,0,0,0,0,0,0,0,0,0,0,0,0,0,0,0
89347,-0.31,-14,0,0,0,0.00,0,90,0,89.43,91.13,0,0,0,0,0,0,0,0,0,0,0,0,0,0,0,0,0,0,0,0
89383,-0.28,-13,0,0,0,0.00,0,90,0,89.43,91.13,0,0,0,0,0,0,0,0,0,0,0,0,0,0,0,0,0,0,0,0
89419,-0.32,-12,0,0,0,0.00,0,90,0,89.43,91.13,0,0,0,0,0,0,0,0,0,0,0,0,0,0,0,0,0,0,0,0
89455,-0.28,-11,0,0,0,0.00,0,90,0,89.43,91.13,0,0,0,0,0,0,0,0,0,0,0,0,0,0,0,0,0,0,0,0
89491,-0.24,-11,0,0,0,0.00,0,90,0,89.43,91.13,0,0,0,0,0,0,0,0,0,0,0,0,0,0,0,0,0,0,0,0
89527,-0.28,-10,0,0,0,0.00,0,90,0,89.43,91.13,0,0,0,0,0,0,0,0,0,0,0,0,0,0,0,0,0,0,0,0
89563,-0.37,-9,0,0,0,0.00,0,90,0,89.43,91.13,0,0,0,0,0,0,0,0,0,0,0,0,0,0,0,0,0,0,0,0
89599,-0.19,-8,0,0,0,0.00,0,90,0,89.43,91.13,0,0,0,0,0,0,0,0,0,0,0,0,0,0,0,0,0,0,0,0
89635,-0.20,-8,0,0,0,0.00,0,90,0,89.43,91.13,0,0,0,0,0,0,0,0,0,0,0,0,0,0,0,0,0,0,0,0
89671,-0.22,-7,0,0,0,0.00,0,90,0,89.43,91.13,0,0,0,0,0,0,0,0,0,0,0,0,0,0,0,0,0,0,0,0
89707,-0.22,-6,0,0,0,0.00,0,90,0,89.43,91.13,0,0,0,0,0,0,0,0,0,0,0,0,0,0,0,0,0,0,0,0
89743,-0.26,-6,0,0,0,0.00,0,90,0,89.43,91.13,0,0,0,0,0,0,0,0,0,0,0,0,0,0,0,0,0,0,0,0
89779,-0.24,-5,0,0,0,0.00,0,90,0,89.43,91.13,0,0,0,0,0,0,0,0,0,0,0,0,0,0,0,0,0,0,0,0
89815,-0.28,-5,0,0,0,0.00,0,90,0,89.43,91.13,0,0,0,0,0,0,0,0,0,0,0,0,0,0,0,0,0,0,0,0
89851,-0.29,-4,0,0,0,0.00,0,90,0,89.43,91.13,0,0,0,0,0,0,0,0,0,0,0,0,0,0,0,0,0,0,0,0
89887,-0.34,-4,0,0,0,0.00,0,90,0,89.43,91.13,0,0,0,0,0,0,0,0,0,0,0,0,0,0,0,0,0,0,0,0
89923,-0.31,-3,0,0,0,0.00,0,90,0,89.43,91.13,0,0,0,0,0,0,0,0,0,0,0,0,0,0,0,0,0,0,0,0
89959,-0.34,-3,0,0,0,0.00,0,90,0,89.43,91.13,0,0,0,0,0,0,0,0,0,0,0,0,0,0,0,0,0,0,0,0
89995,-0.26,-2,0,0,0,0.00,0,90,0,89.43,91.13,0,0,0,0,0,0,0,0,0,0,0,0,0,0,0,0,0,0,0,0
90031,-0.29,-2,0,0,0,0.00,0,90,0,89.43,91.13,0,0,0,0,0,0,0,0,0,0,0,0,0,0,0,0,0,0,0,0
90067,-0.31,-2,0,0,0,0.00,0,90,0,89.43,91.13,0,0,0,0,0,0,0,0,0,0,0,0,0,0,0,0,0,0,0,0
90103,-0.31,-1,0,0,0,0.00,0,90,0,89.43,91.13,0,0,0,0,0,0,0,0,0,0,0,0,0,0,0,0,0,0,0,0
90139,-0.32,-1,0,0,0,0.00,0,90,0,89.43,91.13,0,0,0,0,0,0,0,0,0,0,0,0,0,0,0,0,0,0,0,0
90175,-0.33,-1,0,0,0,0.00,0,90,0,89.43,91.13,0,0,0,0,0,0,0,0,0,0,0,0,0,0,0,0,0,0,0,0
90211,-0.21,0,0,0,0,0.00,0,90,0,89.43,91.13,0,0,0,0,0,0,0,0,0,0,0,0,0,0,0,0,0,0,0,0
90247,-0.31,0,0,0,0,0.00,0,90,0,89.43,91.13,0,0,0,0,0,0,0,0,0,0,0,0,0,0,0,0,0,0,0,0
90283,-0.40,0,0,0,0,0.00,0,90,0,89.43,91.13,0,0,0,0,0,0,0,0,0,0,0,0,0,0,0,0,0,0,0,0
90319,-0.31,0,0,0,0,0.00,0,90,0,89.43,91.13,0,0,0,0,0,0,0,0,0,0,0,0,0,0,0,0,0,0,0,0
90355,-0.30,0,0,0,0,0.00,0,90,0,89.43,91.13,0,0,0,0,0,0,0,0,0,0,0,0,0,0,0,0,0,0,0,0
90391,-0.26,77,1190,0,0,0.00,0,90,0,89.43,91.13,0,0,0,0,0,0,0,0,0,0,0,0,0,0,0,0,0,0,0,0
90427,-0.35,429,3013,0,0,0.00,0,90,0,89.43,91.13,0,0,0,0,0,0,0,0,0,0,0,0,0,0,0,0,0,0,0,0
90463,-0.32,1147,4032,0,0,0.00,0,90,0,89.43,91.13,0,0,0,0,0,0,0,0,0,0,0,0,0,0,0,0,0,0,0,0
90499,-0.28,2001,3903,0,0,0.00,0,90,0,89.43,91.13,0,0,0,0,0,0,0,0,0,0,0,0,0,0,0,0,0,0,0,0
90535,-0.28,2618,3444,0,0,0.00,0,90,0,89.43,91.13,0,0,0,0,0,0,0,0,0,0,0,0,0,0,0,0,0,0,0,0
90571,-0.23,2816,3299,0,0,0.00,0,90,0,89.43,91.13,0,0,0,0,0,0,0,0,0,0,0,0,0,0,0,0,0,0,0,0
90607,-0.32,2677,3406,0,0,0.00,0,90,0,89.43,91.13,0,0,0,0,0,0,0,0,0,0,0,0,0,0,0,0,0,0,0,0
90643,-0.33,2413,3911,0,0,0.00,0,90,0,89.43,91.13,0,0,0,0,0,0,0,0,0,0,0,0,0,0,0,0,0,0,0,0
90679,-0.34,2192,4095,0,0,0.00,0,90,0,89.43,91.13,0,0,0,0,0,0,0,0,0,0,0,0,0,0,0,0,0,0,0,0
90715,-0.28,2040,4095,0,0,0.00,0,90,0,89.43,91.13,0,0,0,0,0,0,0,0,0,0,0,0,0,0,0,0,0,0,0,0
90751,-0.33,1903,4095,0,0,0.00,0,90,0,89.43,91.13,0,0,0,0,0,0,0,0,0,0,0,0,0,0,0,0,0,0,0,0
90787,-0.21,1746,4095,0,0,0.00,0,90,0,89.43,91.13,0,0,0,0,0,0,0,0,0,0,0,0,0,0,0,0,0,0,0,0
90823,-0.29,1549,3869,0,0,0.00,0,90,0,89.43,91.13,0,0,0,0,0,0,0,0,0,0,0,0,0,0,0,0,0,0,0,0
90859,-0.29,1292,3665,0,0,0.00,0,90,0,89.43,91.13,0,0,0,0,0,0,0,0,0,0,0,0,0,0,0,0,0,0,0,0
90895,-0.33,985,3554,0,0,0.00,0,90,0,89.43,91.13,0,0,0,0,0,0,0,0,0,0,0,0,0,0,0,0,0,0,0,0
90931,-0.24,663,3408,0,0,0.00,0,90,0,89.43,91.13,0,0,0,0,0,0,0,0,0,0,0,0,0,0,0,0,0,0,0,0
90967,-0.34,333,2954,0,0,0.00,0,90,0,89.43,91.13,0,0,0,0,0,0,0,0,0,0,0,0,0,0,0,0,0,0,0,0
91003,-0.31,-69,1941,0,0,0.00,0,90,0,89.43,91.13,0,0,0,0,0,0,0,0,0,0,0,0,0,0,0,0,0,0,0,0
91039,-0.30,-655,549,0,0,0.00,0,90,0,89.43,91.13,0,0,0,0,0,0,0,0,0,0,0,0,0,0,0,0,0,0,0,0
91075,-0.27,-1419,113,0,0,0.00,0,90,0,89.43,91.13,0,0,0,0,0,0,0,0,0,0,0,0,0,0,0,0,0,0,0,0
91111,-0.32,-2045,1888,0,0,0.00,0,90,0,89.43,91.13,0,0,0,0,0,0,0,0,0,0,0,0,0,0,0,0,0,0,0,0
91147,-0.33,-2062,4095,0,0,0.00,0,90,0,89.43,91.13,0,0,0,0,0,0,0,0,0,0,0,0,0,0,0,0,0,0,0,0
91183,-0.28,-1416,4095,0,0,0.00,0,90,0,89.43,91.13,0,0,0,0,0,0,0,0,0,0,0,0,0,0,0,0,0,0,0,0
91219,-0.34,-556,4095,0,0,0.00,0,90,0,89.43,91.13,0,0,0,0,0,0,0,0,0,0,0,0,0,0,0,0,0,0,0,0
91255,-0.28,123,4095,0,0,0.00,0,90,0,89.43,91.13,0,0,0,0,0,0,0,0,0,0,0,0,0,0,0,0,0,0,0,0
91291,-0.31,509,4095,0,0,0.00,0,90,0,89.43,91.13,0,0,0,0,0,0,0,0,0,0,0,0,0,0,0,0,0,0,0,0
91327,-0.18,637,4095,0,0,0.00,0,90,0,89.43,91.13,0,0,0,0,0,0,0,0,0,0,0,0,0,0,0,0,0,0,0,0
91363,-0.31,594,4095,0,0,0.00,0,90,0,89.43,91.13,0,0,0,0,0,0,0,0,0,0,0,0,0,0,0,0,0,0,0,0
91399,-0.34,334,2080,0,0,0.00,0,90,0,89.43,91.13,0,0,0,0,0,0,0,0,0,0,0,0,0,0,0,0,0,0,0,0
91435,-0.23,-309,687,0,0,0.00,0,90,0,89.43,91.13,0,0,0,0,0,0,0,0,0,0,0,0,0,0,0,0,0,0,0,0
91471,-0.32,-1174,1531,0,0,0.00,0,90,0,89.43,91.13,0,0,0,0,0,0,0,0,0,0,0,0,0,0,0,0,0,0,0,0
91507,-0.29,-1740,3033,0,0,0.00,0,90,0,89.43,91.13,0,0,0,0,0,0,0,0,0,0,0,0,0,0,0,0,0,0,0,0
91543,-0.32,-1684,4095,0,0,0.00,0,90,0,89.43,91.13,0,0,0,0,0,0,0,0,0,0,0,0,0,0,0,0,0,0,0,0
91579,-0.22,-1150,4095,0,0,0.00,0,90,0,89.43,91.13,0,0,0,0,0,0,0,0,0,0,0,0,0,0,0,0,0,0,0,0
91615,-0.33,-559,3408,0,0,0.00,0,90,0,89.43,91.13,0,0,0,0,0,0,0,0,0,0,0,0,0,0,0,0,0,0,0,0
91651,-0.23,-222,3262,0,0,0.00,0,90,0,89.43,91.13,0,0,0,0,0,0,0,0,0,0,0,0,0,0,0,0,0,0,0,0
91687,-0.20,-146,3365,0,0,0.00,0,90,0,89.43,91.13,0,0,0,0,0,0,0,0,0,0,0,0,0,0,0,0,0,0,0,0
91723,-0.24,-220,3025,0,0,0.00,0,90,0,89.43,91.13,0,0,0,0,0,0,0,0,0,0,0,0,0,0,0,0,0,0,0,0
91759,-0.24,-398,2666,0,0,0.00,0,90,0,89.43,91.13,0,0,0,0,0,0,0,0,0,0,0,0,0,0,0,0,0,0,0,0
91795,-0.25,-728,1216,0,0,0.00,0,90,0,89.43,91.13,0,0,0,0,0,0,0,0,0,0,0,0,0,0,0,0,0,0,0,0
91831,-0.29,-1300,0,0,0,0.00,0,90,0,89.43,91.13,0,0,0,0,0,0,0,0,0,0,0,0,0,0,0,0,0,0,0,0
91867,-0.23,-2013,170,0,0,0.00,0,90,0,89.43,91.13,0,0,0,0,0,0,0,0,0,0,0,0,0,0,0,0,0,0,0,0
91903,-0.24,-2526,1059,0,0,0.00,0,90,0,89.43,91.13,0,0,0,0,0,0,0,0,0,0,0,0,0,0,0,0,0,0,0,0
91939,-0.30,-2594,1622,0,0,0.00,0,90,0,89.43,91.13,0,0,0,0,0,0,0,0,0,0,0,0,0,0,0,0,0,0,0,0
91975,-0.30,-2276,1773,0,0,0.00,0,90,0,89.43,91.13,0,0,0,0,0,0,0,0,0,0,0,0,0,0,0,0,0,0,0,0
92011,-0.20,-1789,1901,0,0,0.00,0,90,0,89.43,91.13,0,0,0,0,0,0,0,0,0,0,0,0,0,0,0,0,0,0,0,0
92047,-0.27,-1298,2165,0,0,0.00,0,90,0,89.43,91.13,0,0,0,0,0,0,0,0,0,0,0,0,0,0,0,0,0,0,0,0
92083,-0.21,-858,2448,0,0,0.00,0,90,0,89.43,91.13,0,0,0,0,0,0,0,0,0,0,0,0,0,0,0,0,0,0,0,0
92119,-0.20,-480,2637,0,0,0.00,0,90,0,89.43,91.13,0,0,0,0,0,0,0,0,0,0,0,0,0,0,0,0,0,0,0,0
92155,-0.26,-174,2756,0,0,0.00,0,90,0,89.43,91.13,0,0,0,0,0,0,0,0,0,0,0,0,0,0,0,0,0,0,0,0
92191,-0.20,60,2934,0,0,0.00,0,90,0,89.43,91.13,0,0,0,0,0,0,0,0,0,0,0,0,0,0,0,0,0,0,0,0
92227,-0.21,242,3138,0,0,0.00,0,90,0,89.43,91.13,0,0,0,0,0,0,0,0,0,0,0,0,0,0,0,0,0,0,0,0
92263,-0.21,381,3093,0,0,0.00,0,90,0,89.43,91.13,0,0,0,0,0,0,0,0,0,0,0,0,0,0,0,0,0,0,0,0
92299,-0.25,459,3024,0,0,0.00,0,90,0,89.43,91.13,0,0,0,0,0,0,0,0,0,0,0,0,0,0,0,0,0,0,0,0
92335,-0.26,470,3023,0,0,0.00,0,90,0,89.43,91.13,0,0,0,0,0,0,0,0,0,0,0,0,0,0,0,0,0,0,0,0
92371,-0.22,449,3215,0,0,0.00,0,90,0,89.43,91.13,0,0,0,0,0,0,0,0,0,0,0,0,0,0,0,0,0,0,0,0
92407,-0.23,430,3105,0,0,0.00,0,90,0,89.43,91.13,0,0,0,0,0,0,0,0,0,0,0,0,0,0,0,0,0,0,0,0
92443,-0.33,398,2990,0,0,0.00,0,90,0,89.43,91.13,0,0,0,0,0,0,0,0,0,0,0,0,0,0,0,0,0,0,0,0
92479,-0.28,335,2926,0,0,0.00,0,90,0,89.43,91.13,0,0,0,0,0,0,0,0,0,0,0,0,0,0,0,0,0,0,0,0
92515,-0.25,261,3013,0,0,0.00,0,90,0,89.43,91.13,0,0,0,0,0,0,0,0,0,0,0,0,0,0,0,0,0,0,0,0
92551,-0.22,230,3408,0,0,0.00,0,90,0,89.43,91.13,0,0,0,0,0,0,0,0,0,0,0,0,0,0,0,0,0,0,0,0
92587,-0.27,306,3894,0,0,0.00,0,90,0,89.43,91.13,0,0,0,0,0,0,0,0,0,0,0,0,0,0,0,0,0,0,0,0
92623,-0.23,490,4049,0,0,0.00,0,90,0,89.43,91.13,0,0,0,0,0,0,0,0,0,0,0,0,0,0,0,0,0,0,0,0
92659,-0.29,668,3609,0,0,0.00,0,90,0,89.43,91.13,0,0,0,0,0,0,0,0,0,0,0,0,0,0,0,0,0,0,0,0
92695,-0.29,700,3203,0,0,0.00,0,90,0,89.43,91.13,0,0,0,0,0,0,0,0,0,0,0,0,0,0,0,0,0,0,0,0
92731,-0.15,542,2818,0,0,0.00,0,90,0,89.43,91.13,0,0,0,0,0,0,0,0,0,0,0,0,0,0,0,0,0,0,0,0
92767,-0.23,254,2641,0,0,0.00,0,90,0,89.43,91.13,0,0,0,0,0,0,0,0,0,0,0,0,0,0,0,0,0,0,0,0
92803,-0.36,-49,2694,0,0,0.00,0,90,0,89.43,91.13,0,0,0,0,0,0,0,0,0,0,0,0,0,0,0,0,0,0,0,0
92839,-0.23,-269,2812,0,0,0.00,0,90,0,89.43,91.13,0,0,0,0,0,0,0,0,0,0,0,0,0,0,0,0,0,0,0,0
92875,-0.20,-344,3203,0,0,0.00,0,90,0,89.43,91.13,0,0,0,0,0,0,0,0,0,0,0,0,0,0,0,0,0,0,0,0
92911,-0.28,-250,3655,0,0,0.00,0,90,0,89.43,91.13,0,0,0,0,0,0,0,0,0,0,0,0,0,0,0,0,0,0,0,0
92947,-0.18,-36,3621,0,0,0.00,0,90,0,89.43,91.13,0,0,0,0,0,0,0,0,0,0,0,0,0,0,0,0,0,0,0,0
92983,-0.19,160,3287,0,0,0.00,0,90,0,89.43,91.13,0,0,0,0,0,0,0,0,0,0,0,0,0,0,0,0,0,0,0,0
93019,-0.22,228,3114,0,0,0.00,0,90,0,89.43,91.13,0,0,0,0,0,0,0,0,0,0,0,0,0,0,0,0,0,0,0,0
93055,-0.23,175,3125,0,0,0.00,0,90,0,89.43,91.13,0,0,0,0,0,0,0,0,0,0,0,0,0,0,0,0,0,0,0,0
93091,-0.28,85,3279,0,0,0.00,0,90,0,89.43,91.13,0,0,0,0,0,0,0,0,0,0,0,0,0,0,0,0,0,0,0,0
93127,-0.37,31,3419,0,0,0.00,0,90,0,89.43,91.13,0,0,0,0,0,0,0,0,0,0,0,0,0,0,0,0,0,0,0,0
93163,-0.20,29,3383,0,0,0.00,0,90,0,89.43,91.13,0,0,0,0,0,0,0,0,0,0,0,0,0,0,0,0,0,0,0,0
93199,-0.29,39,3265,0,0,0.00,0,90,0,89.43,91.13,0,0,0,0,0,0,0,0,0,0,0,0,0,0,0,0,0,0,0,0
93235,-0.25,18,3113,0,0,0.00,0,90,0,89.43,91.13,0,0,0,0,0,0,0,0,0,0,0,0,0,0,0,0,0,0,0,0
93271,-0.30,-44,3023,0,0,0.00,0,90,0,89.43,91.13,0,0,0,0,0,0,0,0,0,0,0,0,0,0,0,0,0,0,0,0
93307,-0.31,-132,2957,0,0,0.00,0,90,0,89.43,91.13,0,0,0,0,0,0,0,0,0,0,0,0,0,0,0,0,0,0,0,0
93343,-0.34,-222,2899,0,0,0.00,0,90,0,89.43,91.13,0,0,0,0,0,0,0,0,0,0,0,0,0,0,0,0,0,0,0,0
93379,-0.27,-294,2933,0,0,0.00,0,90,0,89.43,91.13,0,0,0,0,0,0,0,0,0,0,0,0,0,0,0,0,0,0,0,0
93415,-0.32,-329,2975,0,0,0.00,0,90,0,89.43,91.13,0,0,0,0,0,0,0,0,0,0,0,0,0,0,0,0,0,0,0,0
93451,-0.21,-324,3037,0,0,0.00,0,90,0,89.43,91.13,0,0,0,0,0,0,0,0,0,0,0,0,0,0,0,0,0,0,0,0
93487,-0.32,-285,3086,0,0,0.00,0,90,0,89.43,91.13,0,0,0,0,0,0,0,0,0,0,0,0,0,0,0,0,0,0,0,0
93523,-0.27,-227,3145,0,0,0.00,0,90,0,89.43,91.13,0,0,0,0,0,0,0,0,0,0,0,0,0,0,0,0,0,0,0,0
93559,-0.23,-164,3135,0,0,0.00,0,90,0,89.43,91.13,0,0,0,0,0,0,0,0,0,0,0,0,0,0,0,0,0,0,0,0
93595,-0.26,-121,3024,0,0,0.00,0,90,0,89.43,91.13,0,0,0,0,0,0,0,0,0,0,0,0,0,0,0,0,0,0,0,0
93631,-0.24,-122,2871,0,0,0.00,0,90,0,89.43,91.13,0,0,0,0,0,0,0,0,0,0,0,0,0,0,0,0,0,0,0,0
93667,-0.30,-169,2805,0,0,0.00,0,90,0,89.43,91.13,0,0,0,0,0,0,0,0,0,0,0,0,0,0,0,0,0,0,0,0
93703,-0.30,-233,2817,0,0,0.00,0,90,0,89.43,91.13,0,0,0,0,0,0,0,0,0,0,0,0,0,0,0,0,0,0,0,0
93739,-0.29,-279,2894,0,0,0.00,0,90,0,89.43,91.13,0,0,0,0,0,0,0,0,0,0,0,0,0,0,0,0,0,0,0,0
93775,-0.27,-282,2971,0,0,0.00,0,90,0,89.43,91.13,0,0,0,0,0,0,0,0,0,0,0,0,0,0,0,0,0,0,0,0
93811,-0.27,-238,3107,0,0,0.00,0,90,0,89.43,91.13,0,0,0,0,0,0,0,0,0,0,0,0,0,0,0,0,0,0,0,0
93847,-0.27,-150,3280,0,0,0.00,0,90,0,89.43,91.13,0,0,0,0,0,0,0,0,0,0,0,0,0,0,0,0,0,0,0,0
93883,-0.28,-32,3361,0,0,0.00,0,90,0,89.43,91.13,0,0,0,0,0,0,0,0,0,0,0,0,0,0,0,0,0,0,0,0
93919,-0.27,84,3355,0,0,0.00,0,90,0,89.43,91.13,0,0,0,0,0,0,0,0,0,0,0,0,0,0,0,0,0,0,0,0
93955,-0.28,164,3315,0,0,0.00,0,90,0,89.43,91.13,0,0,0,0,0,0,0,0,0,0,0,0,0,0,0,0,0,0,0,0
93991,-0.28,195,3271,0,0,0.00,0,90,0,89.43,91.13,0,0,0,0,0,0,0,0,0,0,0,0,0,0,0,0,0,0,0,0
94027,-0.27,178,3186,0,0,0.00,0,90,0,89.43,91.13,0,0,0,0,0,0,0,0,0,0,0,0,0,0,0,0,0,0,0,0
94063,-0.32,124,3095,0,0,0.00,0,90,0,89.43,91.13,0,0,0,0,0,0,0,0,0,0,0,0,0,0,0,0,0,0,0,0
94099,-0.30,47,3031,0,0,0.00,0,90,0,89.43,91.13,0,0,0,0,0,0,0,0,0,0,0,0,0,0,0,0,0,0,0,0
94135,-0.30,-30,3038,0,0,0.00,0,90,0,89.43,91.13,0,0,0,0,0,0,0,0,0,0,0,0,0,0,0,0,0,0,0,0
94171,-0.30,-88,3056,0,0,0.00,0,90,0,89.43,91.13,0,0,0,0,0,0,0,0,0,0,0,0,0,0,0,0,0,0,0,0
94207,-0.23,-114,3095,0,0,0.00,0,90,0,89.43,91.13,0,0,0,0,0,0,0,0,0,0,0,0,0,0,0,0,0,0,0,0
94243,-0.26,-109,3133,0,0,0.00,0,90,0,89.43,91.13,0,0,0,0,0,0,0,0,0,0,0,0,0,0,0,0,0,0,0,0
94279,-0.32,-86,3120,0,0,0.00,0,90,0,89.43,91.13,0,0,0,0,0,0,0,0,0,0,0,0,0,0,0,0,0,0,0,0
94315,-0.27,-63,3071,0,0,0.00,0,90,0,89.43,91.13,0,0,0,0,0,0,0,0,0,0,0,0,0,0,0,0,0,0,0,0
94351,-0.31,-54,3047,0,0,0.00,0,90,0,89.43,91.13,0,0,0,0,0,0,0,0,0,0,0,0,0,0,0,0,0,0,0,0
94387,-0.18,-61,3024,0,0,0.00,0,90,0,89.43,91.13,0,0,0,0,0,0,0,0,0,0,0,0,0,0,0,0,0,0,0,0
94423,-0.28,-75,3006,0,0,0.00,0,90,0,89.43,91.13,0,0,0,0,0,0,0,0,0,0,0,0,0,0,0,0,0,0,0,0
94459,-0.25,-89,3029,0,0,0.00,0,90,0,89.43,91.13,0,0,0,0,0,0,0,0,0,0,0,0,0,0,0,0,0,0,0,0
94495,-0.34,-93,3056,0,0,0.00,0,90,0,89.43,91.13,0,0,0,0,0,0,0,0,0,0,0,0,0,0,0,0,0,0,0,0
94531,-0.28,-79,3142,0,0,0.00,0,90,0,89.43,91.13,0,0,0,0,0,0,0,0,0,0,0,0,0,0,0,0,0,0,0,0
94567,-0.25,-37,3302,0,0,0.00,0,90,0,89.43,91.13,0,0,0,0,0,0,0,0,0,0,0,0,0,0,0,0,0,0,0,0
94603,-0.32,36,3402,0,0,0.00,0,90,0,89.43,91.13,0,0,0,0,0,0,0,0,0,0,0,0,0,0,0,0,0,0,0,0
94639,-0.32,121,3386,0,0,0.00,0,90,0,89.43,91.13,0,0,0,0,0,0,0,0,0,0,0,0,0,0,0,0,0,0,0,0
94675,-0.36,181,3314,0,0,0.00,0,90,0,89.43,91.13,0,0,0,0,0,0,0,0,0,0,0,0,0,0,0,0,0,0,0,0
94711,-0.27,194,3214,0,0,0.00,0,90,0,89.43,91.13,0,0,0,0,0,0,0,0,0,0,0,0,0,0,0,0,0,0,0,0
94747,-0.25,159,3185,0,0,0.00,0,90,0,89.43,91.13,0,0,0,0,0,0,0,0,0,0,0,0,0,0,0,0,0,0,0,0
94783,-0.29,103,3181,0,0,0.00,0,90,0,89.43,91.13,0,0,0,0,0,0,0,0,0,0,0,0,0,0,0,0,0,0,0,0
94819,-0.25,50,3184,0,0,0.00,0,90,0,89.43,91.13,0,0,0,0,0,0,0,0,0,0,0,0,0,0,0,0,0,0,0,0
94855,-0.32,12,3183,0,0,0.00,0,90,0,89.43,91.13,0,0,0,0,0,0,0,0,0,0,0,0,0,0,0,0,0,0,0,0
94891,-0.28,-10,3164,0,0,0.00,0,90,0,89.43,91.13,0,0,0,0,0,0,0,0,0,0,0,0,0,0,0,0,0,0,0,0
94927,-0.26,-23,3178,0,0,0.00,0,90,0,89.43,91.13,0,0,0,0,0,0,0,0,0,0,0,0,0,0,0,0,0,0,0,0
94963,-0.29,-28,3168,0,0,0.00,0,90,0,89.43,91.13,0,0,0,0,0,0,0,0,0,0,0,0,0,0,0,0,0,0,0,0
94999,-0.35,-31,3135,0,0,0.00,0,90,0,89.43,91.13,0,0,0,0,0,0,0,0,0,0,0,0,0,0,0,0,0,0,0,0
95035,-0.19,-39,3109,0,0,0.00,0,90,0,89.43,91.13,0,0,0,0,0,0,0,0,0,0,0,0,0,0,0,0,0,0,0,0
95071,-0.34,-54,3067,0,0,0.00,0,90,0,89.43,91.13,0,0,0,0,0,0,0,0,0,0,0,0,0,0,0,0,0,0,0,0
95107,-0.33,-77,3015,0,0,0.00,0,90,0,89.43,91.13,0,0,0,0,0,0,0,0,0,0,0,0,0,0,0,0,0,0,0,0
95143,-0.32,-105,2999,0,0,0.00,0,90,0,89.43,91.13,0,0,0,0,0,0,0,0,0,0,0,0,0,0,0,0,0,0,0,0
95179,-0.30,-129,3013,0,0,0.00,0,90,0,89.43,91.13,0,0,0,0,0,0,0,0,0,0,0,0,0,0,0,0,0,0,0,0
95215,-0.32,-141,3008,0,0,0.00,0,90,0,89.43,91.13,0,0,0,0,0,0,0,0,0,0,0,0,0,0,0,0,0,0,0,0
95251,-0.24,-142,2991,0,0,0.00,0,90,0,89.43,91.13,0,0,0,0,0,0,0,0,0,0,0,0,0,0,0,0,0,0,0,0
95287,-0.31,-140,2961,0,0,0.00,0,90,0,89.43,91.13,0,0,0,0,0,0,0,0,0,0,0,0,0,0,0,0,0,0,0,0
95323,-0.29,-140,2937,0,0,0.00,0,90,0,89.43,91.13,0,0,0,0,0,0,0,0,0,0,0,0,0,0,0,0,0,0,0,0
95359,-0.31,-138,2994,0,0,0.00,0,90,0,89.43,91.13,0,0,0,0,0,0,0,0,0,0,0,0,0,0,0,0,0,0,0,0
95395,-0.29,-116,3168,0,0,0.00,0,90,0,89.43,91.13,0,0,0,0,0,0,0,0,0,0,0,0,0,0,0,0,0,0,0,0
95431,-0.26,-47,3397,0,0,0.00,0,90,0,89.43,91.13,0,0,0,0,0,0,0,0,0,0,0,0,0,0,0,0,0,0,0,0
95467,-0.18,68,3527,0,0,0.00,0,90,0,89.43,91.13,0,0,0,0,0,0,0,0,0,0,0,0,0,0,0,0,0,0,0,0
95503,-0.34,197,3520,0,0,0.00,0,90,0,89.43,91.13,0,0,0,0,0,0,0,0,0,0,0,0,0,0,0,0,0,0,0,0
95539,-0.31,295,3492,0,0,0.00,0,90,0,89.43,91.13,0,0,0,0,0,0,0,0,0,0,0,0,0,0,0,0,0,0,0,0
95575,-0.26,336,3429,0,0,0.00,0,90,0,89.43,91.13,0,0,0,0,0,0,0,0,0,0,0,0,0,0,0,0,0,0,0,0
95611,-0.30,318,3326,0,0,0.00,0,90,0,89.43,91.13,0,0,0,0,0,0,0,0,0,0,0,0,0,0,0,0,0,0,0,0
95647,-0.23,253,3250,0,0,0.00,0,90,0,89.43,91.13,0,0,0,0,0,0,0,0,0,0,0,0,0,0,0,0,0,0,0,0
95683,-0.27,168,3274,0,0,0.00,0,90,0,89.43,91.13,0,0,0,0,0,0,0,0,0,0,0,0,0,0,0,0,0,0,0,0
95719,-0.30,94,3275,0,0,0.00,0,90,0,89.43,91.13,0,0,0,0,0,0,0,0,0,0,0,0,0,0,0,0,0,0,0,0
95755,-0.20,43,3248,0,0,0.00,0,90,0,89.43,91.13,0,0,0,0,0,0,0,0,0,0,0,0,0,0,0,0,0,0,0,0
95791,-0.28,10,3248,0,0,0.00,0,90,0,89.43,91.13,0,0,0,0,0,0,0,0,0,0,0,0,0,0,0,0,0,0,0,0
95827,-0.25,-9,3238,0,0,0.00,0,90,0,89.43,91.13,0,0,0,0,0,0,0,0,0,0,0,0,0,0,0,0,0,0,0,0
95863,-0.27,-23,3198,0,0,0.00,0,90,0,89.43,91.13,0,0,0,0,0,0,0,0,0,0,0,0,0,0,0,0,0,0,0,0
95899,-0.28,-39,3167,0,0,0.00,0,90,0,89.43,91.13,0,0,0,0,0,0,0,0,0,0,0,0,0,0,0,0,0,0,0,0
95935,-0.24,-58,3148,0,0,0.00,0,90,0,89.43,91.13,0,0,0,0,0,0,0,0,0,0,0,0,0,0,0,0,0,0,0,0
95971,-0.19,-79,3131,0,0,0.00,0,90,0,89.43,91.13,0,0,0,0,0,0,0,0,0,0,0,0,0,0,0,0,0,0,0,0
96007,-0.32,-98,3103,0,0,0.00,0,90,0,89.43,91.13,0,0,0,0,0,0,0,0,0,0,0,0,0,0,0,0,0,0,0,0
96043,-0.23,-114,3097,0,0,0.00,0,90,0,89.43,91.13,0,0,0,0,0,0,0,0,0,0,0,0,0,0,0,0,0,0,0,0
96079,-0.28,-125,3098,0,0,0.00,0,90,0,89.43,91.13,0,0,0,0,0,0,0,0,0,0,0,0,0,0,0,0,0,0,0,0
96115,-0.24,-127,3104,0,0,0.00,0,90,0,89.43,91.13,0,0,0,0,0,0,0,0,0,0,0,0,0,0,0,0,0,0,0,0
96151,-0.20,-126,3055,0,0,0.00,0,90,0,89.43,91.13,0,0,0,0,0,0,0,0,0,0,0,0,0,0,0,0,0,0,0,0
96187,-0.22,-133,2959,0,0,0.00,0,90,0,89.43,91.13,0,0,0,0,0,0,0,0,0,0,0,0,0,0,0,0,0,0,0,0
96223,-0.24,-160,2857,0,0,0.00,0,90,0,89.43,91.13,0,0,0,0,0,0,0,0,0,0,0,0,0,0,0,0,0,0,0,0
96259,-0.23,-200,2891,0,0,0.00,0,90,0,89.43,91.13,0,0,0,0,0,0,0,0,0,0,0,0,0,0,0,0,0,0,0,0
96295,-0.32,-215,3120,0,0,0.00,0,90,0,89.43,91.13,0,0,0,0,0,0,0,0,0,0,0,0,0,0,0,0,0,0,0,0
96331,-0.25,-157,3459,0,0,0.00,0,90,0,89.43,91.13,0,0,0,0,0,0,0,0,0,0,0,0,0,0,0,0,0,0,0,0
96367,-0.21,-15,3630,0,0,0.00,0,90,0,89.43,91.13,0,0,0,0,0,0,0,0,0,0,0,0,0,0,0,0,0,0,0,0
96403,-0.32,156,3567,0,0,0.00,0,90,0,89.43,91.13,0,0,0,0,0,0,0,0,0,0,0,0,0,0,0,0,0,0,0,0
96439,-0.31,277,3397,0,0,0.00,0,90,0,89.43,91.13,0,0,0,0,0,0,0,0,0,0,0,0,0,0,0,0,0,0,0,0
96475,-0.23,303,3283,0,0,0.00,0,90,0,89.43,91.13,0,0,0,0,0,0,0,0,0,0,0,0,0,0,0,0,0,0,0,0
96511,-0.29,245,3173,0,0,0.00,0,90,0,89.43,91.13,0,0,0,0,0,0,0,0,0,0,0,0,0,0,0,0,0,0,0,0
96547,-0.28,140,3104,0,0,0.00,0,90,0,89.43,91.13,0,0,0,0,0,0,0,0,0,0,0,0,0,0,0,0,0,0,0,0
96583,-0.28,28,3103,0,0,0.00,0,90,0,89.43,91.13,0,0,0,0,0,0,0,0,0,0,0,0,0,0,0,0,0,0,0,0
96619,-0.32,-53,3168,0,0,0.00,0,90,0,89.43,91.13,0,0,0,0,0,0,0,0,0,0,0,0,0,0,0,0,0,0,0,0
96655,-0.23,-88,3205,0,0,0.00,0,90,0,89.43,91.13,0,0,0,0,0,0,0,0,0,0,0,0,0,0,0,0,0,0,0,0
96691,-0.32,-86,3179,0,0,0.00,0,90,0,89.43,91.13,0,0,0,0,0,0,0,0,0,0,0,0,0,0,0,0,0,0,0,0
96727,-0.22,-72,3145,0,0,0.00,0,90,0,89.43,91.13,0,0,0,0,0,0,0,0,0,0,0,0,0,0,0,0,0,0,0,0
96763,-0.22,-65,3092,0,0,0.00,0,90,0,89.43,91.13,0,0,0,0,0,0,0,0,0,0,0,0,0,0,0,0,0,0,0,0
96799,-0.34,-73,3063,0,0,0.00,0,90,0,89.43,91.13,0,0,0,0,0,0,0,0,0,0,0,0,0,0,0,0,0,0,0,0
96835,-0.25,-88,3088,0,0,0.00,0,90,0,89.43,91.13,0,0,0,0,0,0,0,0,0,0,0,0,0,0,0,0,0,0,0,0
96871,-0.30,-99,3070,0,0,0.00,0,90,0,89.43,91.13,0,0,0,0,0,0,0,0,0,0,0,0,0,0,0,0,0,0,0,0
96907,-0.21,-105,3039,0,0,0.00,0,90,0,89.43,91.13,0,0,0,0,0,0,0,0,0,0,0,0,0,0,0,0,0,0,0,0
96943,-0.27,-111,3026,0,0,0.00,0,90,0,89.43,91.13,0,0,0,0,0,0,0,0,0,0,0,0,0,0,0,0,0,0,0,0
96979,-0.34,-114,3046,0,0,0.00,0,90,0,89.43,91.13,0,0,0,0,0,0,0,0,0,0,0,0,0,0,0,0,0,0,0,0
97015,-0.36,-112,3030,0,0,0.00,0,90,0,89.43,91.13,0,0,0,0,0,0,0,0,0,0,0,0,0,0,0,0,0,0,0,0
97051,-0.27,-105,3046,0,0,0.00,0,90,0,89.43,91.13,0,0,0,0,0,0,0,0,0,0,0,0,0,0,0,0,0,0,0,0
97087,-0.29,-93,3049,0,0,0.00,0,90,0,89.43,91.13,0,0,0,0,0,0,0,0,0,0,0,0,0,0,0,0,0,0,0,0
97123,-0.27,-81,3019,0,0,0.00,0,90,0,89.43,91.13,0,0,0,0,0,0,0,0,0,0,0,0,0,0,0,0,0,0,0,0
97159,-0.33,-75,3002,0,0,0.00,0,90,0,89.43,91.13,0,0,0,0,0,0,0,0,0,0,0,0,0,0,0,0,0,0,0,0
97195,-0.23,-72,3021,0,0,0.00,0,90,0,89.43,91.13,0,0,0,0,0,0,0,0,0,0,0,0,0,0,0,0,0,0,0,0
97231,-0.22,-68,3017,0,0,0.00,0,90,0,89.43,91.13,0,0,0,0,0,0,0,0,0,0,0,0,0,0,0,0,0,0,0,0
97267,-0.27,-59,3056,0,0,0.00,0,90,0,89.43,91.13,0,0,0,0,0,0,0,0,0,0,0,0,0,0,0,0,0,0,0,0
97303,-0.38,-34,3200,0,0,0.00,0,90,0,89.43,91.13,0,0,0,0,0,0,0,0,0,0,0,0,0,0,0,0,0,0,0,0
97339,-0.19,25,3406,0,0,0.00,0,90,0,89.43,91.13,0,0,0,0,0,0,0,0,0,0,0,0,0,0,0,0,0,0,0,0
97375,-0.33,127,3569,0,0,0.00,0,90,0,89.43,91.13,0,0,0,0,0,0,0,0,0,0,0,0,0,0,0,0,0,0,0,0
97411,-0.26,243,3503,0,0,0.00,0,90,0,89.43,91.13,0,0,0,0,0,0,0,0,0,0,0,0,0,0,0,0,0,0,0,0
97447,-0.32,319,3406,0,0,0.00,0,90,0,89.43,91.13,0,0,0,0,0,0,0,0,0,0,0,0,0,0,0,0,0,0,0,0
97483,-0.25,331,3357,0,0,0.00,0,90,0,89.43,91.13,0,0,0,0,0,0,0,0,0,0,0,0,0,0,0,0,0,0,0,0
97519,-0.22,291,3298,0,0,0.00,0,90,0,89.43,91.13,0,0,0,0,0,0,0,0,0,0,0,0,0,0,0,0,0,0,0,0
97555,-0.24,226,3318,0,0,0.00,0,90,0,89.43,91.13,0,0,0,0,0,0,0,0,0,0,0,0,0,0,0,0,0,0,0,0
97591,-0.33,162,3293,0,0,0.00,0,90,0,89.43,91.13,0,0,0,0,0,0,0,0,0,0,0,0,0,0,0,0,0,0,0,0
97627,-0.28,109,3248,0,0,0.00,0,90,0,89.43,91.13,0,0,0,0,0,0,0,0,0,0,0,0,0,0,0,0,0,0,0,0
97663,-0.19,61,3202,0,0,0.00,0,90,0,89.43,91.13,0,0,0,0,0,0,0,0,0,0,0,0,0,0,0,0,0,0,0,0
97699,-0.24,18,3187,0,0,0.00,0,90,0,89.43,91.13,0,0,0,0,0,0,0,0,0,0,0,0,0,0,0,0,0,0,0,0
97735,-0.36,-16,3191,0,0,0.00,0,90,0,89.43,91.13,0,0,0,0,0,0,0,0,0,0,0,0,0,0,0,0,0,0,0,0
97771,-0.28,-39,3173,0,0,0.00,0,90,0,89.43,91.13,0,0,0,0,0,0,0,0,0,0,0,0,0,0,0,0,0,0,0,0
97807,-0.32,-51,3191,0,0,0.00,0,90,0,89.43,91.13,0,0,0,0,0,0,0,0,0,0,0,0,0,0,0,0,0,0,0,0
97843,-0.30,-56,3162,0,0,0.00,0,90,0,89.43,91.13,0,0,0,0,0,0,0,0,0,0,0,0,0,0,0,0,0,0,0,0
97879,-0.33,-60,3143,0,0,0.00,0,90,0,89.43,91.13,0,0,0,0,0,0,0,0,0,0,0,0,0,0,0,0,0,0,0,0
97915,-0.26,-65,3156,0,0,0.00,0,90,0,89.43,91.13,0,0,0,0,0,0,0,0,0,0,0,0,0,0,0,0,0,0,0,0
97951,-0.29,-67,3156,0,0,0.00,0,90,0,89.43,91.13,0,0,0,0,0,0,0,0,0,0,0,0,0,0,0,0,0,0,0,0
97987,-0.32,-68,3127,0,0,0.00,0,90,0,89.43,91.13,0,0,0,0,0,0,0,0,0,0,0,0,0,0,0,0,0,0,0,0
98023,-0.28,-70,3120,0,0,0.00,0,90,0,89.43,91.13,0,0,0,0,0,0,0,0,0,0,0,0,0,0,0,0,0,0,0,0
98059,-0.27,-75,3113,0,0,0.00,0,90,0,89.43,91.13,0,0,0,0,0,0,0,0,0,0,0,0,0,0,0,0,0,0,0,0
98095,-0.23,-80,3090,0,0,0.00,0,90,0,89.43,91.13,0,0,0,0,0,0,0,0,0,0,0,0,0,0,0,0,0,0,0,0
98131,-0.25,-84,3119,0,0,0.00,0,90,0,89.43,91.13,0,0,0,0,0,0,0,0,0,0,0,0,0,0,0,0,0,0,0,0
98167,-0.32,-80,3133,0,0,0.00,0,90,0,89.43,91.13,0,0,0,0,0,0,0,0,0,0,0,0,0,0,0,0,0,0,0,0
98203,-0.28,-70,3131,0,0,0.00,0,90,0,89.43,91.13,0,0,0,0,0,0,0,0,0,0,0,0,0,0,0,0,0,0,0,0
98239,-0.27,-61,3090,0,0,0.00,0,90,0,89.43,91.13,0,0,0,0,0,0,0,0,0,0,0,0,0,0,0,0,0,0,0,0
98275,-0.27,-60,3063,0,0,0.00,0,90,0,89.43,91.13,0,0,0,0,0,0,0,0,0,0,0,0,0,0,0,0,0,0,0,0
98311,-0.29,-62,3136,0,0,0.00,0,90,0,89.43,91.13,0,0,0,0,0,0,0,0,0,0,0,0,0,0,0,0,0,0,0,0
98347,-0.26,-42,3341,0,0,0.00,0,90,0,89.43,91.13,0,0,0,0,0,0,0,0,0,0,0,0,0,0,0,0,0,0,0,0
98383,-0.28,28,3600,0,0,0.00,0,90,0,89.43,91.13,0,0,0,0,0,0,0,0,0,0,0,0,0,0,0,0,0,0,0,0
98419,-0.28,152,3727,0,0,0.00,0,90,0,89.43,91.13,0,0,0,0,0,0,0,0,0,0,0,0,0,0,0,0,0,0,0,0
98455,-0.26,288,3710,0,0,0.00,0,90,0,89.43,91.13,0,0,0,0,0,0,0,0,0,0,0,0,0,0,0,0,0,0,0,0
98491,-0.31,380,3614,0,0,0.00,0,90,0,89.43,91.13,0,0,0,0,0,0,0,0,0,0,0,0,0,0,0,0,0,0,0,0
98527,-0.30,397,3503,0,0,0.00,0,90,0,89.43,91.13,0,0,0,0,0,0,0,0,0,0,0,0,0,0,0,0,0,0,0,0
98563,-0.27,342,3377,0,0,0.00,0,90,0,89.43,91.13,0,0,0,0,0,0,0,0,0,0,0,0,0,0,0,0,0,0,0,0
98599,-0.28,241,3344,0,0,0.00,0,90,0,89.43,91.13,0,0,0,0,0,0,0,0,0,0,0,0,0,0,0,0,0,0,0,0
98635,-0.23,133,3347,0,0,0.00,0,90,0,89.43,91.13,0,0,0,0,0,0,0,0,0,0,0,0,0,0,0,0,0,0,0,0
98671,-0.27,50,3375,0,0,0.00,0,90,0,89.43,91.13,0,0,0,0,0,0,0,0,0,0,0,0,0,0,0,0,0,0,0,0
98707,-0.24,3,3387,0,0,0.00,0,90,0,89.43,91.13,0,0,0,0,0,0,0,0,0,0,0,0,0,0,0,0,0,0,0,0
98743,-0.19,-15,3385,0,0,0.00,0,90,0,89.43,91.13,0,0,0,0,0,0,0,0,0,0,0,0,0,0,0,0,0,0,0,0
98779,-0.21,-18,3374,0,0,0.00,0,90,0,89.43,91.13,0,0,0,0,0,0,0,0,0,0,0,0,0,0,0,0,0,0,0,0
98815,-0.29,-23,3299,0,0,0.00,0,90,0,89.43,91.13,0,0,0,0,0,0,0,0,0,0,0,0,0,0,0,0,0,0,0,0
98851,-0.33,-41,3248,0,0,0.00,0,90,0,89.43,91.13,0,0,0,0,0,0,0,0,0,0,0,0,0,0,0,0,0,0,0,0
98887,-0.31,-72,3233,0,0,0.00,0,90,0,89.43,91.13,0,0,0,0,0,0,0,0,0,0,0,0,0,0,0,0,0,0,0,0
98923,-0.31,-104,3231,0,0,0.00,0,90,0,89.43,91.13,0,0,0,0,0,0,0,0,0,0,0,0,0,0,0,0,0,0,0,0
98959,-0.20,-127,3234,0,0,0.00,0,90,0,89.43,91.13,0,0,0,0,0,0,0,0,0,0,0,0,0,0,0,0,0,0,0,0
98995,-0.33,-136,3248,0,0,0.00,0,90,0,89.43,91.13,0,0,0,0,0,0,0,0,0,0,0,0,0,0,0,0,0,0,0,0
99031,-0.24,-134,3248,0,0,0.00,0,90,0,89.43,91.13,0,0,0,0,0,0,0,0,0,0,0,0,0,0,0,0,0,0,0,0
99067,-0.29,-125,3246,0,0,0.00,0,90,0,89.43,91.13,0,0,0,0,0,0,0,0,0,0,0,0,0,0,0,0,0,0,0,0
99103,-0.28,-114,3239,0,0,0.00,0,90,0,89.43,91.13,0,0,0,0,0,0,0,0,0,0,0,0,0,0,0,0,0,0,0,0
99139,-0.34,-106,3231,0,0,0.00,0,90,0,89.43,91.13,0,0,0,0,0,0,0,0,0,0,0,0,0,0,0,0,0,0,0,0
99175,-0.25,-103,3207,0,0,0.00,0,90,0,89.43,91.13,0,0,0,0,0,0,0,0,0,0,0,0,0,0,0,0,0,0,0,0
99211,-0.26,-104,3194,0,0,0.00,0,90,0,89.43,91.13,0,0,0,0,0,0,0,0,0,0,0,0,0,0,0,0,0,0,0,0
99247,-0.27,-108,3200,0,0,0.00,0,90,0,89.43,91.13,0,0,0,0,0,0,0,0,0,0,0,0,0,0,0,0,0,0,0,0
99283,-0.32,-111,3184,0,0,0.00,0,90,0,89.43,91.13,0,0,0,0,0,0,0,0,0,0,0,0,0,0,0,0,0,0,0,0
99319,-0.28,-109,3217,0,0,0.00,0,90,0,89.43,91.13,0,0,0,0,0,0,0,0,0,0,0,0,0,0,0,0,0,0,0,0
99355,-0.32,-89,3406,0,0,0.00,0,90,0,89.43,91.13,0,0,0,0,0,0,0,0,0,0,0,0,0,0,0,0,0,0,0,0
99391,-0.35,-13,3807,0,0,0.00,0,90,0,89.43,91.13,0,0,0,0,0,0,0,0,0,0,0,0,0,0,0,0,0,0,0,0
99427,-0.28,144,4095,0,0,0.00,0,90,0,89.43,91.13,0,0,0,0,0,0,0,0,0,0,0,0,0,0,0,0,0,0,0,0
99463,-0.27,344,4095,0,0,0.00,0,90,0,89.43,91.13,0,0,0,0,0,0,0,0,0,0,0,0,0,0,0,0,0,0,0,0
99499,-0.27,501,3954,0,0,0.00,0,90,0,89.43,91.13,0,0,0,0,0,0,0,0,0,0,0,0,0,0,0,0,0,0,0,0
99535,-0.32,549,3719,0,0,0.00,0,90,0,89.43,91.13,0,0,0,0,0,0,0,0,0,0,0,0,0,0,0,0,0,0,0,0
99571,-0.25,474,3533,0,0,0.00,0,90,0,89.43,91.13,0,0,0,0,0,0,0,0,0,0,0,0,0,0,0,0,0,0,0,0
99607,-0.30,320,3473,0,0,0.00,0,90,0,89.43,91.13,0,0,0,0,0,0,0,0,0,0,0,0,0,0,0,0,0,0,0,0
99643,-0.32,153,3515,0,0,0.00,0,90,0,89.43,91.13,0,0,0,0,0,0,0,0,0,0,0,0,0,0,0,0,0,0,0,0
99679,-0.32,28,3520,0,0,0.00,0,90,0,89.43,91.13,0,0,0,0,0,0,0,0,0,0,0,0,0,0,0,0,0,0,0,0
99715,-0.24,-45,3497,0,0,0.00,0,90,0,89.43,91.13,0,0,0,0,0,0,0,0,0,0,0,0,0,0,0,0,0,0,0,0
99751,-0.28,-85,3442,0,0,0.00,0,90,0,89.43,91.13,0,0,0,0,0,0,0,0,0,0,0,0,0,0,0,0,0,0,0,0
99787,-0.23,-115,3355,0,0,0.00,0,90,0,89.43,91.13,0,0,0,0,0,0,0,0,0,0,0,0,0,0,0,0,0,0,0,0
99823,-0.31,-152,3282,0,0,0.00,0,90,0,89.43,91.13,0,0,0,0,0,0,0,0,0,0,0,0,0,0,0,0,0,0,0,0
99859,-0.30,-196,3239,0,0,0.00,0,90,0,89.43,91.13,0,0,0,0,0,0,0,0,0,0,0,0,0,0,0,0,0,0,0,0
99895,-0.26,-238,3232,0,0,0.00,0,90,0,89.43,91.13,0,0,0,0,0,0,0,0,0,0,0,0,0,0,0,0,0,0,0,0
99931,-0.36,-265,3248,0,0,0.00,0,90,0,89.43,91.13,0,0,0,0,0,0,0,0,0,0,0,0,0,0,0,0,0,0,0,0
99967,-0.34,-271,3260,0,0,0.00,0,90,0,89.43,91.13,0,0,0,0,0,0,0,0,0,0,0,0,0,0,0,0,0,0,0,0
100003,-0.23,-263,3216,0,0,0.00,0,90,0,89.43,91.13,0,0,0,0,0,0,0,0,0,0,0,0,0,0,0,0,0,0,0,0
100039,-0.23,-254,3164,0,0,0.00,0,90,0,89.43,91.13,0,0,0,0,0,0,0,0,0,0,0,0,0,0,0,0,0,0,0,0
100075,-0.29,-253,3146,0,0,0.00,0,90,0,89.43,91.13,0,0,0,0,0,0,0,0,0,0,0,0,0,0,0,0,0,0,0,0
100111,-0.25,-257,3127,0,0,0.00,0,90,0,89.43,91.13,0,0,0,0,0,0,0,0,0,0,0,0,0,0,0,0,0,0,0,0
100147,-0.30,-258,3135,0,0,0.00,0,90,0,89.43,91.13,0,0,0,0,0,0,0,0,0,0,0,0,0,0,0,0,0,0,0,0
100183,-0.25,-254,3099,0,0,0.00,0,90,0,89.43,91.13,0,0,0,0,0,0,0,0,0,0,0,0,0,0,0,0,0,0,0,0
100219,-0.31,-254,2995,0,0,0.00,0,90,0,89.43,91.13,0,0,0,0,0,0,0,0,0,0,0,0,0,0,0,0,0,0,0,0
100255,-0.20,-266,2960,0,0,0.00,0,90,0,89.43,91.13,0,0,0,0,0,0,0,0,0,0,0,0,0,0,0,0,0,0,0,0
100291,-0.22,-282,2982,0,0,0.00,0,90,0,89.43,91.13,0,0,0,0,0,0,0,0,0,0,0,0,0,0,0,0,0,0,0,0
100327,-0.29,-273,3188,0,0,0.00,0,90,0,89.43,91.13,0,0,0,0,0,0,0,0,0,0,0,0,0,0,0,0,0,0,0,0
100363,-0.26,-191,3655,0,0,0.00,0,90,0,89.43,91.13,0,0,0,0,0,0,0,0,0,0,0,0,0,0,0,0,0,0,0,0
100399,-0.35,2,4095,0,0,0.00,0,90,0,89.43,91.13,0,0,0,0,0,0,0,0,0,0,0,0,0,0,0,0,0,0,0,0
100435,-0.22,268,4095,0,0,0.00,0,90,0,89.43,91.13,0,0,0,0,0,0,0,0,0,0,0,0,0,0,0,0,0,0,0,0
100471,-0.21,505,4095,0,0,0.00,0,90,0,89.43,91.13,0,0,0,0,0,0,0,0,0,0,0,0,0,0,0,0,0,0,0,0
100507,-0.21,650,4095,0,0,0.00,0,90,0,89.43,91.13,0,0,0,0,0,0,0,0,0,0,0,0,0,0,0,0,0,0,0,0
100543,-0.35,696,4028,0,0,0.00,0,90,0,89.43,91.13,0,0,0,0,0,0,0,0,0,0,0,0,0,0,0,0,0,0,0,0
100579,-0.26,651,3799,0,0,0.00,0,90,0,89.43,91.13,0,0,0,0,0,0,0,0,0,0,0,0,0,0,0,0,0,0,0,0
100615,-0.23,524,3649,0,0,0.00,0,90,0,89.43,91.13,0,0,0,0,0,0,0,0,0,0,0,0,0,0,0,0,0,0,0,0
100651,-0.27,351,3583,0,0,0.00,0,90,0,89.43,91.13,0,0,0,0,0,0,0,0,0,0,0,0,0,0,0,0,0,0,0,0
100687,-0.28,184,3572,0,0,0.00,0,90,0,89.43,91.13,0,0,0,0,0,0,0,0,0,0,0,0,0,0,0,0,0,0,0,0
100723,-0.28,53,3536,0,0,0.00,0,90,0,89.43,91.13,0,0,0,0,0,0,0,0,0,0,0,0,0,0,0,0,0,0,0,0
100759,-0.41,-33,3533,0,0,0.00,0,90,0,89.43,91.13,0,0,0,0,0,0,0,0,0,0,0,0,0,0,0,0,0,0,0,0
100795,-0.30,-86,3467,0,0,0.00,0,90,0,89.43,91.13,0,0,0,0,0,0,0,0,0,0,0,0,0,0,0,0,0,0,0,0
100831,-0.29,-126,3363,0,0,0.00,0,90,0,89.43,91.13,0,0,0,0,0,0,0,0,0,0,0,0,0,0,0,0,0,0,0,0
100867,-0.32,-169,3312,0,0,0.00,0,90,0,89.43,91.13,0,0,0,0,0,0,0,0,0,0,0,0,0,0,0,0,0,0,0,0
100903,-0.30,-215,3257,0,0,0.00,0,90,0,89.43,91.13,0,0,0,0,0,0,0,0,0,0,0,0,0,0,0,0,0,0,0,0
100939,-0.23,-257,3219,0,0,0.00,0,90,0,89.43,91.13,0,0,0,0,0,0,0,0,0,0,0,0,0,0,0,0,0,0,0,0
100975,-0.20,-290,3213,0,0,0.00,0,90,0,89.43,91.13,0,0,0,0,0,0,0,0,0,0,0,0,0,0,0,0,0,0,0,0
101011,-0.30,-311,3145,0,0,0.00,0,90,0,89.43,91.13,0,0,0,0,0,0,0,0,0,0,0,0,0,0,0,0,0,0,0,0
101047,-0.23,-326,3118,0,0,0.00,0,90,0,89.43,91.13,0,0,0,0,0,0,0,0,0,0,0,0,0,0,0,0,0,0,0,0
101083,-0.34,-334,3122,0,0,0.00,0,90,0,89.43,91.13,0,0,0,0,0,0,0,0,0,0,0,0,0,0,0,0,0,0,0,0
101119,-0.28,-332,3093,0,0,0.00,0,90,0,89.43,91.13,0,0,0,0,0,0,0,0,0,0,0,0,0,0,0,0,0,0,0,0
101155,-0.29,-323,3085,0,0,0.00,0,90,0,89.43,91.13,0,0,0,0,0,0,0,0,0,0,0,0,0,0,0,0,0,0,0,0
101191,-0.23,-306,3120,0,0,0.00,0,90,0,89.43,91.13,0,0,0,0,0,0,0,0,0,0,0,0,0,0,0,0,0,0,0,0
101227,-0.32,-280,3110,0,0,0.00,0,90,0,89.43,91.13,0,0,0,0,0,0,0,0,0,0,0,0,0,0,0,0,0,0,0,0
101263,-0.30,-248,3127,0,0,0.00,0,90,0,89.43,91.13,0,0,0,0,0,0,0,0,0,0,0,0,0,0,0,0,0,0,0,0
101299,-0.21,-212,3152,0,0,0.00,0,90,0,89.43,91.13,0,0,0,0,0,0,0,0,0,0,0,0,0,0,0,0,0,0,0,0
101335,-0.30,-162,3367,0,0,0.00,0,90,0,89.43,91.13,0,0,0,0,0,0,0,0,0,0,0,0,0,0,0,0,0,0,0,0
101371,-0.32,-45,3983,0,0,0.00,0,90,0,89.43,91.13,0,0,0,0,0,0,0,0,0,0,0,0,0,0,0,0,0,0,0,0
101407,-0.28,164,4095,0,0,0.00,0,90,0,89.43,91.13,0,0,0,0,0,0,0,0,0,0,0,0,0,0,0,0,0,0,0,0
101443,-0.30,398,4095,0,0,0.00,0,90,0,89.43,91.13,0,0,0,0,0,0,0,0,0,0,0,0,0,0,0,0,0,0,0,0
101479,-0.28,571,4095,0,0,0.00,0,90,0,89.43,91.13,0,0,0,0,0,0,0,0,0,0,0,0,0,0,0,0,0,0,0,0
101515,-0.33,655,4095,0,0,0.00,0,90,0,89.43,91.13,0,0,0,0,0,0,0,0,0,0,0,0,0,0,0,0,0,0,0,0
101551,-0.26,666,4095,0,0,0.00,0,90,0,89.43,91.13,0,0,0,0,0,0,0,0,0,0,0,0,0,0,0,0,0,0,0,0
101587,-0.25,628,4095,0,0,0.00,0,90,0,89.43,91.13,0,0,0,0,0,0,0,0,0,0,0,0,0,0,0,0,0,0,0,0
101623,-0.31,556,3924,0,0,0.00,0,90,0,89.43,91.13,0,0,0,0,0,0,0,0,0,0,0,0,0,0,0,0,0,0,0,0
101659,-0.27,448,3818,0,0,0.00,0,90,0,89.43,91.13,0,0,0,0,0,0,0,0,0,0,0,0,0,0,0,0,0,0,0,0
101695,-0.26,308,3619,0,0,0.00,0,90,0,89.43,91.13,0,0,0,0,0,0,0,0,0,0,0,0,0,0,0,0,0,0,0,0
101731,-0.28,147,3491,0,0,0.00,0,90,0,89.43,91.13,0,0,0,0,0,0,0,0,0,0,0,0,0,0,0,0,0,0,0,0
101767,-0.32,-14,3405,0,0,0.00,0,90,0,89.43,91.13,0,0,0,0,0,0,0,0,0,0,0,0,0,0,0,0,0,0,0,0
101803,-0.27,-152,3383,0,0,0.00,0,90,0,89.43,91.13,0,0,0,0,0,0,0,0,0,0,0,0,0,0,0,0,0,0,0,0
101839,-0.33,-249,3352,0,0,0.00,0,90,0,89.43,91.13,0,0,0,0,0,0,0,0,0,0,0,0,0,0,0,0,0,0,0,0
101875,-0.27,-308,3263,0,0,0.00,0,90,0,89.43,91.13,0,0,0,0,0,0,0,0,0,0,0,0,0,0,0,0,0,0,0,0
101911,-0.24,-346,3237,0,0,0.00,0,90,0,89.43,91.13,0,0,0,0,0,0,0,0,0,0,0,0,0,0,0,0,0,0,0,0
101947,-0.26,-368,3215,0,0,0.00,0,90,0,89.43,91.13,0,0,0,0,0,0,0,0,0,0,0,0,0,0,0,0,0,0,0,0
101983,-0.28,-374,3231,0,0,0.00,0,90,0,89.43,91.13,0,0,0,0,0,0,0,0,0,0,0,0,0,0,0,0,0,0,0,0
102019,-0.31,-366,3190,0,0,0.00,0,90,0,89.43,91.13,0,0,0,0,0,0,0,0,0,0,0,0,0,0,0,0,0,0,0,0
102055,-0.32,-350,3203,0,0,0.00,0,90,0,89.43,91.13,0,0,0,0,0,0,0,0,0,0,0,0,0,0,0,0,0,0,0,0
102091,-0.29,-327,3216,0,0,0.00,0,90,0,89.43,91.13,0,0,0,0,0,0,0,0,0,0,0,0,0,0,0,0,0,0,0,0
102127,-0.34,-297,3251,0,0,0.00,0,90,0,89.43,91.13,0,0,0,0,0,0,0,0,0,0,0,0,0,0,0,0,0,0,0,0
102163,-0.34,-262,3201,0,0,0.00,0,90,0,89.43,91.13,0,0,0,0,0,0,0,0,0,0,0,0,0,0,0,0,0,0,0,0
102199,-0.32,-237,3145,0,0,0.00,0,90,0,89.43,91.13,0,0,0,0,0,0,0,0,0,0,0,0,0,0,0,0,0,0,0,0
102235,-0.26,-233,3055,0,0,0.00,0,90,0,89.43,91.13,0,0,0,0,0,0,0,0,0,0,0,0,0,0,0,0,0,0,0,0
102271,-0.25,-250,2997,0,0,0.00,0,90,0,89.43,91.13,0,0,0,0,0,0,0,0,0,0,0,0,0,0,0,0,0,0,0,0
102307,-0.31,-277,2993,0,0,0.00,0,90,0,89.43,91.13,0,0,0,0,0,0,0,0,0,0,0,0,0,0,0,0,0,0,0,0
102343,-0.30,-292,3023,0,0,0.00,0,90,0,89.43,91.13,0,0,0,0,0,0,0,0,0,0,0,0,0,0,0,0,0,0,0,0
102379,-0.33,-279,3143,0,0,0.00,0,90,0,89.43,91.13,0,0,0,0,0,0,0,0,0,0,0,0,0,0,0,0,0,0,0,0
102415,-0.21,-205,3567,0,0,0.00,0,90,0,89.43,91.13,0,0,0,0,0,0,0,0,0,0,0,0,0,0,0,0,0,0,0,0
102451,-0.23,-26,4095,0,0,0.00,0,90,0,89.43,91.13,0,0,0,0,0,0,0,0,0,0,0,0,0,0,0,0,0,0,0,0
102487,-0.27,237,4095,0,0,0.00,0,90,0,89.43,91.13,0,0,0,0,0,0,0,0,0,0,0,0,0,0,0,0,0,0,0,0
102523,-0.31,485,4095,0,0,0.00,0,90,0,89.43,91.13,0,0,0,0,0,0,0,0,0,0,0,0,0,0,0,0,0,0,0,0
102559,-0.29,642,4095,0,0,0.00,0,90,0,89.43,91.13,0,0,0,0,0,0,0,0,0,0,0,0,0,0,0,0,0,0,0,0
102595,-0.31,689,3853,0,0,0.00,0,90,0,89.43,91.13,0,0,0,0,0,0,0,0,0,0,0,0,0,0,0,0,0,0,0,0
102631,-0.23,619,3649,0,0,0.00,0,90,0,89.43,91.13,0,0,0,0,0,0,0,0,0,0,0,0,0,0,0,0,0,0,0,0
102667,-0.26,464,3573,0,0,0.00,0,90,0,89.43,91.13,0,0,0,0,0,0,0,0,0,0,0,0,0,0,0,0,0,0,0,0
102703,-0.31,286,3533,0,0,0.00,0,90,0,89.43,91.13,0,0,0,0,0,0,0,0,0,0,0,0,0,0,0,0,0,0,0,0
102739,-0.22,132,3510,0,0,0.00,0,90,0,89.43,91.13,0,0,0,0,0,0,0,0,0,0,0,0,0,0,0,0,0,0,0,0
102775,-0.24,19,3435,0,0,0.00,0,90,0,89.43,91.13,0,0,0,0,0,0,0,0,0,0,0,0,0,0,0,0,0,0,0,0
102811,-0.24,-60,3378,0,0,0.00,0,90,0,89.43,91.13,0,0,0,0,0,0,0,0,0,0,0,0,0,0,0,0,0,0,0,0
102847,-0.26,-120,3321,0,0,0.00,0,90,0,89.43,91.13,0,0,0,0,0,0,0,0,0,0,0,0,0,0,0,0,0,0,0,0
102883,-0.32,-166,3269,0,0,0.00,0,90,0,89.43,91.13,0,0,0,0,0,0,0,0,0,0,0,0,0,0,0,0,0,0,0,0
102919,-0.30,-204,3226,0,0,0.00,0,90,0,89.43,91.13,0,0,0,0,0,0,0,0,0,0,0,0,0,0,0,0,0,0,0,0
102955,-0.23,-234,3184,0,0,0.00,0,90,0,89.43,91.13,0,0,0,0,0,0,0,0,0,0,0,0,0,0,0,0,0,0,0,0
102991,-0.22,-255,3187,0,0,0.00,0,90,0,89.43,91.13,0,0,0,0,0,0,0,0,0,0,0,0,0,0,0,0,0,0,0,0
103027,-0.29,-261,3216,0,0,0.00,0,90,0,89.43,91.13,0,0,0,0,0,0,0,0,0,0,0,0,0,0,0,0,0,0,0,0
103063,-0.24,-251,3186,0,0,0.00,0,90,0,89.43,91.13,0,0,0,0,0,0,0,0,0,0,0,0,0,0,0,0,0,0,0,0
103099,-0.27,-237,3122,0,0,0.00,0,90,0,89.43,91.13,0,0,0,0,0,0,0,0,0,0,0,0,0,0,0,0,0,0,0,0
103135,-0.24,-230,3129,0,0,0.00,0,90,0,89.43,91.13,0,0,0,0,0,0,0,0,0,0,0,0,0,0,0,0,0,0,0,0
103171,-0.31,-220,3183,0,0,0.00,0,90,0,89.43,91.13,0,0,0,0,0,0,0,0,0,0,0,0,0,0,0,0,0,0,0,0
103207,-0.26,-201,3147,0,0,0.00,0,90,0,89.43,91.13,0,0,0,0,0,0,0,0,0,0,0,0,0,0,0,0,0,0,0,0
103243,-0.30,-184,3071,0,0,0.00,0,90,0,89.43,91.13,0,0,0,0,0,0,0,0,0,0,0,0,0,0,0,0,0,0,0,0
103279,-0.24,-180,3041,0,0,0.00,0,90,0,89.43,91.13,0,0,0,0,0,0,0,0,0,0,0,0,0,0,0,0,0,0,0,0
103315,-0.28,-188,3011,0,0,0.00,0,90,0,89.43,91.13,0,0,0,0,0,0,0,0,0,0,0,0,0,0,0,0,0,0,0,0
103351,-0.18,-197,3009,0,0,0.00,0,90,0,89.43,91.13,0,0,0,0,0,0,0,0,0,0,0,0,0,0,0,0,0,0,0,0
103387,-0.28,-197,3045,0,0,0.00,0,90,0,89.43,91.13,0,0,0,0,0,0,0,0,0,0,0,0,0,0,0,0,0,0,0,0
103423,-0.22,-168,3248,0,0,0.00,0,90,0,89.43,91.13,0,0,0,0,0,0,0,0,0,0,0,0,0,0,0,0,0,0,0,0
103459,-0.23,-83,3558,0,0,0.00,0,90,0,89.43,91.13,0,0,0,0,0,0,0,0,0,0,0,0,0,0,0,0,0,0,0,0
103495,-0.24,77,3899,0,0,0.00,0,90,0,89.43,91.13,0,0,0,0,0,0,0,0,0,0,0,0,0,0,0,0,0,0,0,0
103531,-0.18,290,3999,0,0,0.00,0,90,0,89.43,91.13,0,0,0,0,0,0,0,0,0,0,0,0,0,0,0,0,0,0,0,0
103567,-0.30,474,3766,0,0,0.00,0,90,0,89.43,91.13,0,0,0,0,0,0,0,0,0,0,0,0,0,0,0,0,0,0,0,0
103603,-0.23,545,3549,0,0,0.00,0,90,0,89.43,91.13,0,0,0,0,0,0,0,0,0,0,0,0,0,0,0,0,0,0,0,0
103639,-0.29,488,3407,0,0,0.00,0,90,0,89.43,91.13,0,0,0,0,0,0,0,0,0,0,0,0,0,0,0,0,0,0,0,0
103675,-0.26,349,3312,0,0,0.00,0,90,0,89.43,91.13,0,0,0,0,0,0,0,0,0,0,0,0,0,0,0,0,0,0,0,0
103711,-0.22,194,3332,0,0,0.00,0,90,0,89.43,91.13,0,0,0,0,0,0,0,0,0,0,0,0,0,0,0,0,0,0,0,0
103747,-0.25,75,3421,0,0,0.00,0,90,0,89.43,91.13,0,0,0,0,0,0,0,0,0,0,0,0,0,0,0,0,0,0,0,0
103783,-0.21,24,3517,0,0,0.00,0,90,0,89.43,91.13,0,0,0,0,0,0,0,0,0,0,0,0,0,0,0,0,0,0,0,0
103819,-0.19,34,3579,0,0,0.00,0,90,0,89.43,91.13,0,0,0,0,0,0,0,0,0,0,0,0,0,0,0,0,0,0,0,0
103855,-0.28,72,3488,0,0,0.00,0,90,0,89.43,91.13,0,0,0,0,0,0,0,0,0,0,0,0,0,0,0,0,0,0,0,0
103891,-0.27,89,3322,0,0,0.00,0,90,0,89.43,91.13,0,0,0,0,0,0,0,0,0,0,0,0,0,0,0,0,0,0,0,0
103927,-0.28,58,3243,0,0,0.00,0,90,0,89.43,91.13,0,0,0,0,0,0,0,0,0,0,0,0,0,0,0,0,0,0,0,0
103963,-0.21,-5,3216,0,0,0.00,0,90,0,89.43,91.13,0,0,0,0,0,0,0,0,0,0,0,0,0,0,0,0,0,0,0,0
103999,-0.30,-71,3211,0,0,0.00,0,90,0,89.43,91.13,0,0,0,0,0,0,0,0,0,0,0,0,0,0,0,0,0,0,0,0
104035,-0.25,-120,3206,0,0,0.00,0,90,0,89.43,91.13,0,0,0,0,0,0,0,0,0,0,0,0,0,0,0,0,0,0,0,0
104071,-0.35,-150,3139,0,0,0.00,0,90,0,89.43,91.13,0,0,0,0,0,0,0,0,0,0,0,0,0,0,0,0,0,0,0,0
104107,-0.30,-173,3071,0,0,0.00,0,90,0,89.43,91.13,0,0,0,0,0,0,0,0,0,0,0,0,0,0,0,0,0,0,0,0
104143,-0.29,-197,3056,0,0,0.00,0,90,0,89.43,91.13,0,0,0,0,0,0,0,0,0,0,0,0,0,0,0,0,0,0,0,0
104179,-0.26,-215,3049,0,0,0.00,0,90,0,89.43,91.13,0,0,0,0,0,0,0,0,0,0,0,0,0,0,0,0,0,0,0,0
104215,-0.31,-223,3039,0,0,0.00,0,90,0,89.43,91.13,0,0,0,0,0,0,0,0,0,0,0,0,0,0,0,0,0,0,0,0
104251,-0.32,-220,3031,0,0,0.00,0,90,0,89.43,91.13,0,0,0,0,0,0,0,0,0,0,0,0,0,0,0,0,0,0,0,0
104287,-0.29,-209,3029,0,0,0.00,0,90,0,89.43,91.13,0,0,0,0,0,0,0,0,0,0,0,0,0,0,0,0,0,0,0,0
104323,-0.29,-193,3024,0,0,0.00,0,90,0,89.43,91.13,0,0,0,0,0,0,0,0,0,0,0,0,0,0,0,0,0,0,0,0
104359,-0.29,-177,2992,0,0,0.00,0,90,0,89.43,91.13,0,0,0,0,0,0,0,0,0,0,0,0,0,0,0,0,0,0,0,0
104395,-0.32,-159,3065,0,0,0.00,0,90,0,89.43,91.13,0,0,0,0,0,0,0,0,0,0,0,0,0,0,0,0,0,0,0,0
104431,-0.27,-113,3371,0,0,0.00,0,90,0,89.43,91.13,0,0,0,0,0,0,0,0,0,0,0,0,0,0,0,0,0,0,0,0
104467,-0.27,13,3920,0,0,0.00,0,90,0,89.43,91.13,0,0,0,0,0,0,0,0,0,0,0,0,0,0,0,0,0,0,0,0
104503,-0.29,237,4095,0,0,0.00,0,90,0,89.43,91.13,0,0,0,0,0,0,0,0,0,0,0,0,0,0,0,0,0,0,0,0
104539,-0.36,484,4095,0,0,0.00,0,90,0,89.43,91.13,0,0,0,0,0,0,0,0,0,0,0,0,0,0,0,0,0,0,0,0
104575,-0.30,658,3943,0,0,0.00,0,90,0,89.43,91.13,0,0,0,0,0,0,0,0,0,0,0,0,0,0,0,0,0,0,0,0
104611,-0.29,702,3719,0,0,0.00,0,90,0,89.43,91.13,0,0,0,0,0,0,0,0,0,0,0,0,0,0,0,0,0,0,0,0
104647,-0.29,616,3521,0,0,0.00,0,90,0,89.43,91.13,0,0,0,0,0,0,0,0,0,0,0,0,0,0,0,0,0,0,0,0
104683,-0.23,443,3408,0,0,0.00,0,90,0,89.43,91.13,0,0,0,0,0,0,0,0,0,0,0,0,0,0,0,0,0,0,0,0
104719,-0.29,248,3376,0,0,0.00,0,90,0,89.43,91.13,0,0,0,0,0,0,0,0,0,0,0,0,0,0,0,0,0,0,0,0
104755,-0.37,82,3355,0,0,0.00,0,90,0,89.43,91.13,0,0,0,0,0,0,0,0,0,0,0,0,0,0,0,0,0,0,0,0
104791,-0.35,-35,3281,0,0,0.00,0,90,0,89.43,91.13,0,0,0,0,0,0,0,0,0,0,0,0,0,0,0,0,0,0,0,0
104827,-0.26,-114,3245,0,0,0.00,0,90,0,89.43,91.13,0,0,0,0,0,0,0,0,0,0,0,0,0,0,0,0,0,0,0,0
104863,-0.29,-168,3157,0,0,0.00,0,90,0,89.43,91.13,0,0,0,0,0,0,0,0,0,0,0,0,0,0,0,0,0,0,0,0
104899,-0.28,-209,3136,0,0,0.00,0,90,0,89.43,91.13,0,0,0,0,0,0,0,0,0,0,0,0,0,0,0,0,0,0,0,0
104935,-0.23,-239,3104,0,0,0.00,0,90,0,89.43,91.13,0,0,0,0,0,0,0,0,0,0,0,0,0,0,0,0,0,0,0,0
104971,-0.26,-260,3055,0,0,0.00,0,90,0,89.43,91.13,0,0,0,0,0,0,0,0,0,0,0,0,0,0,0,0,0,0,0,0
105007,-0.31,-272,3065,0,0,0.00,0,90,0,89.43,91.13,0,0,0,0,0,0,0,0,0,0,0,0,0,0,0,0,0,0,0,0
105043,-0.36,-272,3103,0,0,0.00,0,90,0,89.43,91.13,0,0,0,0,0,0,0,0,0,0,0,0,0,0,0,0,0,0,0,0
105079,-0.22,-254,3101,0,0,0.00,0,90,0,89.43,91.13,0,0,0,0,0,0,0,0,0,0,0,0,0,0,0,0,0,0,0,0
105115,-0.33,-227,3087,0,0,0.00,0,90,0,89.43,91.13,0,0,0,0,0,0,0,0,0,0,0,0,0,0,0,0,0,0,0,0
105151,-0.18,-201,3088,0,0,0.00,0,90,0,89.43,91.13,0,0,0,0,0,0,0,0,0,0,0,0,0,0,0,0,0,0,0,0
105187,-0.29,-179,3069,0,0,0.00,0,90,0,89.43,91.13,0,0,0,0,0,0,0,0,0,0,0,0,0,0,0,0,0,0,0,0
105223,-0.32,-165,3027,0,0,0.00,0,90,0,89.43,91.13,0,0,0,0,0,0,0,0,0,0,0,0,0,0,0,0,0,0,0,0
105259,-0.24,-161,3014,0,0,0.00,0,90,0,89.43,91.13,0,0,0,0,0,0,0,0,0,0,0,0,0,0,0,0,0,0,0,0
105295,-0.26,-161,3009,0,0,0.00,0,90,0,89.43,91.13,0,0,0,0,0,0,0,0,0,0,0,0,0,0,0,0,0,0,0,0
105331,-0.27,-159,3013,0,0,0.00,0,90,0,89.43,91.13,0,0,0,0,0,0,0,0,0,0,0,0,0,0,0,0,0,0,0,0
105367,-0.21,-152,2992,0,0,0.00,0,90,0,89.43,91.13,0,0,0,0,0,0,0,0,0,0,0,0,0,0,0,0,0,0,0,0
105403,-0.32,-142,2991,0,0,0.00,0,90,0,89.43,91.13,0,0,0,0,0,0,0,0,0,0,0,0,0,0,0,0,0,0,0,0
105439,-0.30,-132,2977,0,0,0.00,0,90,0,89.43,91.13,0,0,0,0,0,0,0,0,0,0,0,0,0,0,0,0,0,0,0,0
105475,-0.36,-117,3031,0,0,0.00,0,90,0,89.43,91.13,0,0,0,0,0,0,0,0,0,0,0,0,0,0,0,0,0,0,0,0
105511,-0.24,-76,3312,0,0,0.00,0,90,0,89.43,91.13,0,0,0,0,0,0,0,0,0,0,0,0,0,0,0,0,0,0,0,0
105547,-0.30,37,3801,0,0,0.00,0,90,0,89.43,91.13,0,0,0,0,0,0,0,0,0,0,0,0,0,0,0,0,0,0,0,0
105583,-0.25,246,4095,0,0,0.00,0,90,0,89.43,91.13,0,0,0,0,0,0,0,0,0,0,0,0,0,0,0,0,0,0,0,0
105619,-0.22,494,4095,0,0,0.00,0,90,0,89.43,91.13,0,0,0,0,0,0,0,0,0,0,0,0,0,0,0,0,0,0,0,0
105655,-0.27,678,3883,0,0,0.00,0,90,0,89.43,91.13,0,0,0,0,0,0,0,0,0,0,0,0,0,0,0,0,0,0,0,0
105691,-0.30,725,3667,0,0,0.00,0,90,0,89.43,91.13,0,0,0,0,0,0,0,0,0,0,0,0,0,0,0,0,0,0,0,0
105727,-0.30,638,3505,0,0,0.00,0,90,0,89.43,91.13,0,0,0,0,0,0,0,0,0,0,0,0,0,0,0,0,0,0,0,0
105763,-0.21,469,3419,0,0,0.00,0,90,0,89.43,91.13,0,0,0,0,0,0,0,0,0,0,0,0,0,0,0,0,0,0,0,0
105799,-0.29,285,3405,0,0,0.00,0,90,0,89.43,91.13,0,0,0,0,0,0,0,0,0,0,0,0,0,0,0,0,0,0,0,0
105835,-0.19,135,3425,0,0,0.00,0,90,0,89.43,91.13,0,0,0,0,0,0,0,0,0,0,0,0,0,0,0,0,0,0,0,0
105871,-0.34,43,3465,0,0,0.00,0,90,0,89.43,91.13,0,0,0,0,0,0,0,0,0,0,0,0,0,0,0,0,0,0,0,0
105907,-0.30,-1,3376,0,0,0.00,0,90,0,89.43,91.13,0,0,0,0,0,0,0,0,0,0,0,0,0,0,0,0,0,0,0,0
105943,-0.29,-32,3267,0,0,0.00,0,90,0,89.43,91.13,0,0,0,0,0,0,0,0,0,0,0,0,0,0,0,0,0,0,0,0
105979,-0.27,-73,3210,0,0,0.00,0,90,0,89.43,91.13,0,0,0,0,0,0,0,0,0,0,0,0,0,0,0,0,0,0,0,0
106015,-0.28,-124,3141,0,0,0.00,0,90,0,89.43,91.13,0,0,0,0,0,0,0,0,0,0,0,0,0,0,0,0,0,0,0,0
106051,-0.27,-181,3049,0,0,0.00,0,90,0,89.43,91.13,0,0,0,0,0,0,0,0,0,0,0,0,0,0,0,0,0,0,0,0
106087,-0.28,-236,3034,0,0,0.00,0,90,0,89.43,91.13,0,0,0,0,0,0,0,0,0,0,0,0,0,0,0,0,0,0,0,0
106123,-0.30,-277,3057,0,0,0.00,0,90,0,89.43,91.13,0,0,0,0,0,0,0,0,0,0,0,0,0,0,0,0,0,0,0,0
106159,-0.29,-291,3061,0,0,0.00,0,90,0,89.43,91.13,0,0,0,0,0,0,0,0,0,0,0,0,0,0,0,0,0,0,0,0
106195,-0.32,-284,3035,0,0,0.00,0,90,0,89.43,91.13,0,0,0,0,0,0,0,0,0,0,0,0,0,0,0,0,0,0,0,0
106231,-0.24,-269,3015,0,0,0.00,0,90,0,89.43,91.13,0,0,0,0,0,0,0,0,0,0,0,0,0,0,0,0,0,0,0,0
106267,-0.35,-254,2992,0,0,0.00,0,90,0,89.43,91.13,0,0,0,0,0,0,0,0,0,0,0,0,0,0,0,0,0,0,0,0
106303,-0.31,-241,3003,0,0,0.00,0,90,0,89.43,91.13,0,0,0,0,0,0,0,0,0,0,0,0,0,0,0,0,0,0,0,0
106339,-0.28,-228,2974,0,0,0.00,0,90,0,89.43,91.13,0,0,0,0,0,0,0,0,0,0,0,0,0,0,0,0,0,0,0,0
106375,-0.30,-216,2949,0,0,0.00,0,90,0,89.43,91.13,0,0,0,0,0,0,0,0,0,0,0,0,0,0,0,0,0,0,0,0
106411,-0.10,-206,2976,0,0,0.00,0,90,0,89.43,91.13,0,0,0,0,0,0,0,0,0,0,0,0,0,0,0,0,0,0,0,0
106447,-0.27,-189,3008,0,0,0.00,0,90,0,89.43,91.13,0,0,0,0,0,0,0,0,0,0,0,0,0,0,0,0,0,0,0,0
106483,-0.25,-163,3001,0,0,0.00,0,90,0,89.43,91.13,0,0,0,0,0,0,0,0,0,0,0,0,0,0,0,0,0,0,0,0
106519,-0.22,-139,2927,0,0,0.00,0,90,0,89.43,91.13,0,0,0,0,0,0,0,0,0,0,0,0,0,0,0,0,0,0,0,0
106555,-0.27,-134,2839,0,0,0.00,0,90,0,89.43,91.13,0,0,0,0,0,0,0,0,0,0,0,0,0,0,0,0,0,0,0,0
106591,-0.23,-150,2802,0,0,0.00,0,90,0,89.43,91.13,0,0,0,0,0,0,0,0,0,0,0,0,0,0,0,0,0,0,0,0
106627,-0.28,-172,2849,0,0,0.00,0,90,0,89.43,91.13,0,0,0,0,0,0,0,0,0,0,0,0,0,0,0,0,0,0,0,0
106663,-0.30,-165,3062,0,0,0.00,0,90,0,89.43,91.13,0,0,0,0,0,0,0,0,0,0,0,0,0,0,0,0,0,0,0,0
106699,-0.28,-87,3443,0,0,0.00,0,90,0,89.43,91.13,0,0,0,0,0,0,0,0,0,0,0,0,0,0,0,0,0,0,0,0
106735,-0.24,78,3725,0,0,0.00,0,90,0,89.43,91.13,0,0,0,0,0,0,0,0,0,0,0,0,0,0,0,0,0,0,0,0
106771,-0.27,294,3776,0,0,0.00,0,90,0,89.43,91.13,0,0,0,0,0,0,0,0,0,0,0,0,0,0,0,0,0,0,0,0
106807,-0.31,471,3583,0,0,0.00,0,90,0,89.43,91.13,0,0,0,0,0,0,0,0,0,0,0,0,0,0,0,0,0,0,0,0
106843,-0.25,542,3465,0,0,0.00,0,90,0,89.43,91.13,0,0,0,0,0,0,0,0,0,0,0,0,0,0,0,0,0,0,0,0
106879,-0.27,505,3351,0,0,0.00,0,90,0,89.43,91.13,0,0,0,0,0,0,0,0,0,0,0,0,0,0,0,0,0,0,0,0
106915,-0.34,401,3312,0,0,0.00,0,90,0,89.43,91.13,0,0,0,0,0,0,0,0,0,0,0,0,0,0,0,0,0,0,0,0
106951,-0.27,285,3353,0,0,0.00,0,90,0,89.43,91.13,0,0,0,0,0,0,0,0,0,0,0,0,0,0,0,0,0,0,0,0
106987,-0.23,201,3470,0,0,0.00,0,90,0,89.43,91.13,0,0,0,0,0,0,0,0,0,0,0,0,0,0,0,0,0,0,0,0
107023,-0.27,170,3499,0,0,0.00,0,90,0,89.43,91.13,0,0,0,0,0,0,0,0,0,0,0,0,0,0,0,0,0,0,0,0
107059,-0.30,166,3383,0,0,0.00,0,90,0,89.43,91.13,0,0,0,0,0,0,0,0,0,0,0,0,0,0,0,0,0,0,0,0
107095,-0.28,151,3295,0,0,0.00,0,90,0,89.43,91.13,0,0,0,0,0,0,0,0,0,0,0,0,0,0,0,0,0,0,0,0
107131,-0.27,109,3221,0,0,0.00,0,90,0,89.43,91.13,0,0,0,0,0,0,0,0,0,0,0,0,0,0,0,0,0,0,0,0
107167,-0.28,45,3148,0,0,0.00,0,90,0,89.43,91.13,0,0,0,0,0,0,0,0,0,0,0,0,0,0,0,0,0,0,0,0
107203,-0.20,-26,3109,0,0,0.00,0,90,0,89.43,91.13,0,0,0,0,0,0,0,0,0,0,0,0,0,0,0,0,0,0,0,0
107239,-0.27,-91,3081,0,0,0.00,0,90,0,89.43,91.13,0,0,0,0,0,0,0,0,0,0,0,0,0,0,0,0,0,0,0,0
107275,-0.16,-140,3059,0,0,0.00,0,90,0,89.43,91.13,0,0,0,0,0,0,0,0,0,0,0,0,0,0,0,0,0,0,0,0
107311,-0.25,-170,3061,0,0,0.00,0,90,0,89.43,91.13,0,0,0,0,0,0,0,0,0,0,0,0,0,0,0,0,0,0,0,0
107347,-0.29,-180,3088,0,0,0.00,0,90,0,89.43,91.13,0,0,0,0,0,0,0,0,0,0,0,0,0,0,0,0,0,0,0,0
107383,-0.30,-170,3113,0,0,0.00,0,90,0,89.43,91.13,0,0,0,0,0,0,0,0,0,0,0,0,0,0,0,0,0,0,0,0
107419,-0.26,-150,3061,0,0,0.00,0,90,0,89.43,91.13,0,0,0,0,0,0,0,0,0,0,0,0,0,0,0,0,0,0,0,0
107455,-0.30,-134,3043,0,0,0.00,0,90,0,89.43,91.13,0,0,0,0,0,0,0,0,0,0,0,0,0,0,0,0,0,0,0,0
107491,-0.26,-131,2991,0,0,0.00,0,90,0,89.43,91.13,0,0,0,0,0,0,0,0,0,0,0,0,0,0,0,0,0,0,0,0
107527,-0.28,-139,2967,0,0,0.00,0,90,0,89.43,91.13,0,0,0,0,0,0,0,0,0,0,0,0,0,0,0,0,0,0,0,0
107563,-0.21,-146,3045,0,0,0.00,0,90,0,89.43,91.13,0,0,0,0,0,0,0,0,0,0,0,0,0,0,0,0,0,0,0,0
107599,-0.22,-138,3062,0,0,0.00,0,90,0,89.43,91.13,0,0,0,0,0,0,0,0,0,0,0,0,0,0,0,0,0,0,0,0
107635,-0.22,-117,3022,0,0,0.00,0,90,0,89.43,91.13,0,0,0,0,0,0,0,0,0,0,0,0,0,0,0,0,0,0,0,0
107671,-0.31,-98,3015,0,0,0.00,0,90,0,89.43,91.13,0,0,0,0,0,0,0,0,0,0,0,0,0,0,0,0,0,0,0,0
107707,-0.32,-76,3173,0,0,0.00,0,90,0,89.43,91.13,0,0,0,0,0,0,0,0,0,0,0,0,0,0,0,0,0,0,0,0
107743,-0.27,-17,3476,0,0,0.00,0,90,0,89.43,91.13,0,0,0,0,0,0,0,0,0,0,0,0,0,0,0,0,0,0,0,0
107779,-0.23,103,3696,0,0,0.00,0,90,0,89.43,91.13,0,0,0,0,0,0,0,0,0,0,0,0,0,0,0,0,0,0,0,0
107815,-0.29,256,3669,0,0,0.00,0,90,0,89.43,91.13,0,0,0,0,0,0,0,0,0,0,0,0,0,0,0,0,0,0,0,0
107851,-0.22,374,3579,0,0,0.00,0,90,0,89.43,91.13,0,0,0,0,0,0,0,0,0,0,0,0,0,0,0,0,0,0,0,0
107887,-0.28,413,3443,0,0,0.00,0,90,0,89.43,91.13,0,0,0,0,0,0,0,0,0,0,0,0,0,0,0,0,0,0,0,0
107923,-0.15,371,3341,0,0,0.00,0,90,0,89.43,91.13,0,0,0,0,0,0,0,0,0,0,0,0,0,0,0,0,0,0,0,0
107959,-0.29,271,3218,0,0,0.00,0,90,0,89.43,91.13,0,0,0,0,0,0,0,0,0,0,0,0,0,0,0,0,0,0,0,0
107995,-0.25,150,3218,0,0,0.00,0,90,0,89.43,91.13,0,0,0,0,0,0,0,0,0,0,0,0,0,0,0,0,0,0,0,0
108031,-0.30,46,3244,0,0,0.00,0,90,0,89.43,91.13,0,0,0,0,0,0,0,0,0,0,0,0,0,0,0,0,0,0,0,0
108067,-0.28,-17,3265,0,0,0.00,0,90,0,89.43,91.13,0,0,0,0,0,0,0,0,0,0,0,0,0,0,0,0,0,0,0,0
108103,-0.32,-43,3261,0,0,0.00,0,90,0,89.43,91.13,0,0,0,0,0,0,0,0,0,0,0,0,0,0,0,0,0,0,0,0
108139,-0.25,-49,3216,0,0,0.00,0,90,0,89.43,91.13,0,0,0,0,0,0,0,0,0,0,0,0,0,0,0,0,0,0,0,0
108175,-0.30,-56,3147,0,0,0.00,0,90,0,89.43,91.13,0,0,0,0,0,0,0,0,0,0,0,0,0,0,0,0,0,0,0,0
108211,-0.30,-76,3088,0,0,0.00,0,90,0,89.43,91.13,0,0,0,0,0,0,0,0,0,0,0,0,0,0,0,0,0,0,0,0
108247,-0.29,-109,3042,0,0,0.00,0,90,0,89.43,91.13,0,0,0,0,0,0,0,0,0,0,0,0,0,0,0,0,0,0,0,0
108283,-0.25,-146,3014,0,0,0.00,0,90,0,89.43,91.13,0,0,0,0,0,0,0,0,0,0,0,0,0,0,0,0,0,0,0,0
108319,-0.35,-179,2999,0,0,0.00,0,90,0,89.43,91.13,0,0,0,0,0,0,0,0,0,0,0,0,0,0,0,0,0,0,0,0
108355,-0.42,-200,2993,0,0,0.00,0,90,0,89.43,91.13,0,0,0,0,0,0,0,0,0,0,0,0,0,0,0,0,0,0,0,0
108391,-0.35,-206,3007,0,0,0.00,0,90,0,89.43,91.13,0,0,0,0,0,0,0,0,0,0,0,0,0,0,0,0,0,0,0,0
108427,-0.22,-197,3029,0,0,0.00,0,90,0,89.43,91.13,0,0,0,0,0,0,0,0,0,0,0,0,0,0,0,0,0,0,0,0
108463,-0.35,-179,2981,0,0,0.00,0,90,0,89.43,91.13,0,0,0,0,0,0,0,0,0,0,0,0,0,0,0,0,0,0,0,0
108499,-0.31,-164,2961,0,0,0.00,0,90,0,89.43,91.13,0,0,0,0,0,0,0,0,0,0,0,0,0,0,0,0,0,0,0,0
108535,-0.22,-156,2959,0,0,0.00,0,90,0,89.43,91.13,0,0,0,0,0,0,0,0,0,0,0,0,0,0,0,0,0,0,0,0
108571,-0.27,-151,2947,0,0,0.00,0,90,0,89.43,91.13,0,0,0,0,0,0,0,0,0,0,0,0,0,0,0,0,0,0,0,0
108607,-0.30,-145,2946,0,0,0.00,0,90,0,89.43,91.13,0,0,0,0,0,0,0,0,0,0,0,0,0,0,0,0,0,0,0,0
108643,-0.27,-138,2928,0,0,0.00,0,90,0,89.43,91.13,0,0,0,0,0,0,0,0,0,0,0,0,0,0,0,0,0,0,0,0
108679,-0.25,-130,2942,0,0,0.00,0,90,0,89.43,91.13,0,0,0,0,0,0,0,0,0,0,0,0,0,0,0,0,0,0,0,0
108715,-0.18,-118,2941,0,0,0.00,0,90,0,89.43,91.13,0,0,0,0,0,0,0,0,0,0,0,0,0,0,0,0,0,0,0,0
108751,-0.23,-101,2980,0,0,0.00,0,90,0,89.43,91.13,0,0,0,0,0,0,0,0,0,0,0,0,0,0,0,0,0,0,0,0
108787,-0.27,-64,3200,0,0,0.00,0,90,0,89.43,91.13,0,0,0,0,0,0,0,0,0,0,0,0,0,0,0,0,0,0,0,0
108823,-0.26,24,3515,0,0,0.00,0,90,0,89.43,91.13,0,0,0,0,0,0,0,0,0,0,0,0,0,0,0,0,0,0,0,0
108859,-0.22,177,3770,0,0,0.00,0,90,0,89.43,91.13,0,0,0,0,0,0,0,0,0,0,0,0,0,0,0,0,0,0,0,0
108895,-0.16,362,3790,0,0,0.00,0,90,0,89.43,91.13,0,0,0,0,0,0,0,0,0,0,0,0,0,0,0,0,0,0,0,0
108931,-0.23,508,3698,0,0,0.00,0,90,0,89.43,91.13,0,0,0,0,0,0,0,0,0,0,0,0,0,0,0,0,0,0,0,0
108967,-0.18,568,3599,0,0,0.00,0,90,0,89.43,91.13,0,0,0,0,0,0,0,0,0,0,0,0,0,0,0,0,0,0,0,0
109003,-0.24,534,3439,0,0,0.00,0,90,0,89.43,91.13,0,0,0,0,0,0,0,0,0,0,0,0,0,0,0,0,0,0,0,0
109039,-0.21,425,3280,0,0,0.00,0,90,0,89.43,91.13,0,0,0,0,0,0,0,0,0,0,0,0,0,0,0,0,0,0,0,0
109075,-0.25,274,3219,0,0,0.00,0,90,0,89.43,91.13,0,0,0,0,0,0,0,0,0,0,0,0,0,0,0,0,0,0,0,0
109111,-0.32,126,3229,0,0,0.00,0,90,0,89.43,91.13,0,0,0,0,0,0,0,0,0,0,0,0,0,0,0,0,0,0,0,0
109147,-0.31,18,3245,0,0,0.00,0,90,0,89.43,91.13,0,0,0,0,0,0,0,0,0,0,0,0,0,0,0,0,0,0,0,0
109183,-0.28,-40,3254,0,0,0.00,0,90,0,89.43,91.13,0,0,0,0,0,0,0,0,0,0,0,0,0,0,0,0,0,0,0,0
109219,-0.25,-64,3217,0,0,0.00,0,90,0,89.43,91.13,0,0,0,0,0,0,0,0,0,0,0,0,0,0,0,0,0,0,0,0
109255,-0.26,-76,3137,0,0,0.00,0,90,0,89.43,91.13,0,0,0,0,0,0,0,0,0,0,0,0,0,0,0,0,0,0,0,0
109291,-0.32,-96,3071,0,0,0.00,0,90,0,89.43,91.13,0,0,0,0,0,0,0,0,0,0,0,0,0,0,0,0,0,0,0,0
109327,-0.18,-130,3023,0,0,0.00,0,90,0,89.43,91.13,0,0,0,0,0,0,0,0,0,0,0,0,0,0,0,0,0,0,0,0
109363,-0.28,-168,2991,0,0,0.00,0,90,0,89.43,91.13,0,0,0,0,0,0,0,0,0,0,0,0,0,0,0,0,0,0,0,0
109399,-0.27,-202,2962,0,0,0.00,0,90,0,89.43,91.13,0,0,0,0,0,0,0,0,0,0,0,0,0,0,0,0,0,0,0,0
109435,-0.23,-225,2993,0,0,0.00,0,90,0,89.43,91.13,0,0,0,0,0,0,0,0,0,0,0,0,0,0,0,0,0,0,0,0
109471,-0.29,-228,2993,0,0,0.00,0,90,0,89.43,91.13,0,0,0,0,0,0,0,0,0,0,0,0,0,0,0,0,0,0,0,0
109507,-0.23,-218,2972,0,0,0.00,0,90,0,89.43,91.13,0,0,0,0,0,0,0,0,0,0,0,0,0,0,0,0,0,0,0,0
109543,-0.25,-201,2992,0,0,0.00,0,90,0,89.43,91.13,0,0,0,0,0,0,0,0,0,0,0,0,0,0,0,0,0,0,0,0
109579,-0.31,-181,2994,0,0,0.00,0,90,0,89.43,91.13,0,0,0,0,0,0,0,0,0,0,0,0,0,0,0,0,0,0,0,0
109615,-0.09,-159,2983,0,0,0.00,0,90,0,89.43,91.13,0,0,0,0,0,0,0,0,0,0,0,0,0,0,0,0,0,0,0,0
109651,-0.27,-140,2975,0,0,0.00,0,90,0,89.43,91.13,0,0,0,0,0,0,0,0,0,0,0,0,0,0,0,0,0,0,0,0
109687,-0.23,-125,2993,0,0,0.00,0,90,0,89.43,91.13,0,0,0,0,0,0,0,0,0,0,0,0,0,0,0,0,0,0,0,0
109723,-0.23,-108,3018,0,0,0.00,0,90,0,89.43,91.13,0,0,0,0,0,0,0,0,0,0,0,0,0,0,0,0,0,0,0,0
109759,-0.26,-86,3047,0,0,0.00,0,90,0,89.43,91.13,0,0,0,0,0,0,0,0,0,0,0,0,0,0,0,0,0,0,0,0
109795,-0.28,-59,3043,0,0,0.00,0,90,0,89.43,91.13,0,0,0,0,0,0,0,0,0,0,0,0,0,0,0,0,0,0,0,0
109831,-0.27,-35,3055,0,0,0.00,0,90,0,89.43,91.13,0,0,0,0,0,0,0,0,0,0,0,0,0,0,0,0,0,0,0,0
109867,-0.28,0,3303,0,0,0.00,0,90,0,89.43,91.13,0,0,0,0,0,0,0,0,0,0,0,0,0,0,0,0,0,0,0,0
109903,-0.33,90,3702,0,0,0.00,0,90,0,89.43,91.13,0,0,0,0,0,0,0,0,0,0,0,0,0,0,0,0,0,0,0,0
109939,-0.28,257,3984,0,0,0.00,0,90,0,89.43,91.13,0,0,0,0,0,0,0,0,0,0,0,0,0,0,0,0,0,0,0,0
109975,-0.19,460,3974,0,0,0.00,0,90,0,89.43,91.13,0,0,0,0,0,0,0,0,0,0,0,0,0,0,0,0,0,0,0,0
110011,-0.27,606,3710,0,0,0.00,0,90,0,89.43,91.13,0,0,0,0,0,0,0,0,0,0,0,0,0,0,0,0,0,0,0,0
110047,-0.25,620,3456,0,0,0.00,0,90,0,89.43,91.13,0,0,0,0,0,0,0,0,0,0,0,0,0,0,0,0,0,0,0,0
110083,-0.26,507,3345,0,0,0.00,0,90,0,89.43,91.13,0,0,0,0,0,0,0,0,0,0,0,0,0,0,0,0,0,0,0,0
110119,-0.27,330,3244,0,0,0.00,0,90,0,89.43,91.13,0,0,0,0,0,0,0,0,0,0,0,0,0,0,0,0,0,0,0,0
110155,-0.28,145,3146,0,0,0.00,0,90,0,89.43,91.13,0,0,0,0,0,0,0,0,0,0,0,0,0,0,0,0,0,0,0,0
110191,-0.26,-11,3152,0,0,0.00,0,90,0,89.43,91.13,0,0,0,0,0,0,0,0,0,0,0,0,0,0,0,0,0,0,0,0
110227,-0.25,-116,3187,0,0,0.00,0,90,0,89.43,91.13,0,0,0,0,0,0,0,0,0,0,0,0,0,0,0,0,0,0,0,0
110263,-0.28,-163,3191,0,0,0.00,0,90,0,89.43,91.13,0,0,0,0,0,0,0,0,0,0,0,0,0,0,0,0,0,0,0,0
110299,-0.26,-172,3147,0,0,0.00,0,90,0,89.43,91.13,0,0,0,0,0,0,0,0,0,0,0,0,0,0,0,0,0,0,0,0
110335,-0.29,-171,3065,0,0,0.00,0,90,0,89.43,91.13,0,0,0,0,0,0,0,0,0,0,0,0,0,0,0,0,0,0,0,0
110371,-0.30,-180,3042,0,0,0.00,0,90,0,89.43,91.13,0,0,0,0,0,0,0,0,0,0,0,0,0,0,0,0,0,0,0,0
110407,-0.32,-195,3024,0,0,0.00,0,90,0,89.43,91.13,0,0,0,0,0,0,0,0,0,0,0,0,0,0,0,0,0,0,0,0
110443,-0.22,-208,3023,0,0,0.00,0,90,0,89.43,91.13,0,0,0,0,0,0,0,0,0,0,0,0,0,0,0,0,0,0,0,0
110479,-0.28,-215,2991,0,0,0.00,0,90,0,89.43,91.13,0,0,0,0,0,0,0,0,0,0,0,0,0,0,0,0,0,0,0,0
110515,-0.22,-219,2974,0,0,0.00,0,90,0,89.43,91.13,0,0,0,0,0,0,0,0,0,0,0,0,0,0,0,0,0,0,0,0
110551,-0.19,-218,2979,0,0,0.00,0,90,0,89.43,91.13,0,0,0,0,0,0,0,0,0,0,0,0,0,0,0,0,0,0,0,0
110587,-0.23,-212,2982,0,0,0.00,0,90,0,89.43,91.13,0,0,0,0,0,0,0,0,0,0,0,0,0,0,0,0,0,0,0,0
110623,-0.30,-198,2981,0,0,0.00,0,90,0,89.43,91.13,0,0,0,0,0,0,0,0,0,0,0,0,0,0,0,0,0,0,0,0
110659,-0.34,-180,2995,0,0,0.00,0,90,0,89.43,91.13,0,0,0,0,0,0,0,0,0,0,0,0,0,0,0,0,0,0,0,0
110695,-0.24,-160,2989,0,0,0.00,0,90,0,89.43,91.13,0,0,0,0,0,0,0,0,0,0,0,0,0,0,0,0,0,0,0,0
110731,-0.24,-140,2973,0,0,0.00,0,90,0,89.43,91.13,0,0,0,0,0,0,0,0,0,0,0,0,0,0,0,0,0,0,0,0
110767,-0.26,-130,2897,0,0,0.00,0,90,0,89.43,91.13,0,0,0,0,0,0,0,0,0,0,0,0,0,0,0,0,0,0,0,0
110803,-0.32,-132,2903,0,0,0.00,0,90,0,89.43,91.13,0,0,0,0,0,0,0,0,0,0,0,0,0,0,0,0,0,0,0,0
110839,-0.26,-135,2950,0,0,0.00,0,90,0,89.43,91.13,0,0,0,0,0,0,0,0,0,0,0,0,0,0,0,0,0,0,0,0
110875,-0.15,-112,3184,0,0,0.00,0,90,0,89.43,91.13,0,0,0,0,0,0,0,0,0,0,0,0,0,0,0,0,0,0,0,0
110911,-0.27,-28,3487,0,0,0.00,0,90,0,89.43,91.13,0,0,0,0,0,0,0,0,0,0,0,0,0,0,0,0,0,0,0,0
110947,-0.32,126,3751,0,0,0.00,0,90,0,89.43,91.13,0,0,0,0,0,0,0,0,0,0,0,0,0,0,0,0,0,0,0,0
110983,-0.32,314,3755,0,0,0.00,0,90,0,89.43,91.13,0,0,0,0,0,0,0,0,0,0,0,0,0,0,0,0,0,0,0,0
111019,-0.28,455,3527,0,0,0.00,0,90,0,89.43,91.13,0,0,0,0,0,0,0,0,0,0,0,0,0,0,0,0,0,0,0,0
111055,-0.30,488,3398,0,0,0.00,0,90,0,89.43,91.13,0,0,0,0,0,0,0,0,0,0,0,0,0,0,0,0,0,0,0,0
111091,-0.23,422,3313,0,0,0.00,0,90,0,89.43,91.13,0,0,0,0,0,0,0,0,0,0,0,0,0,0,0,0,0,0,0,0
111127,-0.32,306,3286,0,0,0.00,0,90,0,89.43,91.13,0,0,0,0,0,0,0,0,0,0,0,0,0,0,0,0,0,0,0,0
111163,-0.28,189,3274,0,0,0.00,0,90,0,89.43,91.13,0,0,0,0,0,0,0,0,0,0,0,0,0,0,0,0,0,0,0,0
111199,-0.26,100,3314,0,0,0.00,0,90,0,89.43,91.13,0,0,0,0,0,0,0,0,0,0,0,0,0,0,0,0,0,0,0,0
111235,-0.30,48,3296,0,0,0.00,0,90,0,89.43,91.13,0,0,0,0,0,0,0,0,0,0,0,0,0,0,0,0,0,0,0,0
111271,-0.24,17,3193,0,0,0.00,0,90,0,89.43,91.13,0,0,0,0,0,0,0,0,0,0,0,0,0,0,0,0,0,0,0,0
111307,-0.29,-20,3065,0,0,0.00,0,90,0,89.43,91.13,0,0,0,0,0,0,0,0,0,0,0,0,0,0,0,0,0,0,0,0
111343,-0.24,-77,2992,0,0,0.00,0,90,0,89.43,91.13,0,0,0,0,0,0,0,0,0,0,0,0,0,0,0,0,0,0,0,0
111379,-0.27,-141,3008,0,0,0.00,0,90,0,89.43,91.13,0,0,0,0,0,0,0,0,0,0,0,0,0,0,0,0,0,0,0,0
111415,-0.26,-188,2992,0,0,0.00,0,90,0,89.43,91.13,0,0,0,0,0,0,0,0,0,0,0,0,0,0,0,0,0,0,0,0
111451,-0.39,-214,2981,0,0,0.00,0,90,0,89.43,91.13,0,0,0,0,0,0,0,0,0,0,0,0,0,0,0,0,0,0,0,0
111487,-0.26,-221,2965,0,0,0.00,0,90,0,89.43,91.13,0,0,0,0,0,0,0,0,0,0,0,0,0,0,0,0,0,0,0,0
111523,-0.19,-215,3007,0,0,0.00,0,90,0,89.43,91.13,0,0,0,0,0,0,0,0,0,0,0,0,0,0,0,0,0,0,0,0
111559,-0.22,-197,2992,0,0,0.00,0,90,0,89.43,91.13,0,0,0,0,0,0,0,0,0,0,0,0,0,0,0,0,0,0,0,0
111595,-0.32,-172,3014,0,0,0.00,0,90,0,89.43,91.13,0,0,0,0,0,0,0,0,0,0,0,0,0,0,0,0,0,0,0,0
111631,-0.25,-146,3003,0,0,0.00,0,90,0,89.43,91.13,0,0,0,0,0,0,0,0,0,0,0,0,0,0,0,0,0,0,0,0
111667,-0.37,-125,2987,0,0,0.00,0,90,0,89.43,91.13,0,0,0,0,0,0,0,0,0,0,0,0,0,0,0,0,0,0,0,0
111703,-0.25,-110,2990,0,0,0.00,0,90,0,89.43,91.13,0,0,0,0,0,0,0,0,0,0,0,0,0,0,0,0,0,0,0,0
111739,-0.25,-98,3000,0,0,0.00,0,90,0,89.43,91.13,0,0,0,0,0,0,0,0,0,0,0,0,0,0,0,0,0,0,0,0
111775,-0.28,-88,2990,0,0,0.00,0,90,0,89.43,91.13,0,0,0,0,0,0,0,0,0,0,0,0,0,0,0,0,0,0,0,0
111811,-0.27,-80,2945,0,0,0.00,0,90,0,89.43,91.13,0,0,0,0,0,0,0,0,0,0,0,0,0,0,0,0,0,0,0,0
111847,-0.31,-71,3083,0,0,0.00,0,90,0,89.43,91.13,0,0,0,0,0,0,0,0,0,0,0,0,0,0,0,0,0,0,0,0
111883,-0.22,-28,3360,0,0,0.00,0,90,0,89.43,91.13,0,0,0,0,0,0,0,0,0,0,0,0,0,0,0,0,0,0,0,0
111919,-0.19,81,3687,0,0,0.00,0,90,0,89.43,91.13,0,0,0,0,0,0,0,0,0,0,0,0,0,0,0,0,0,0,0,0
111955,-0.27,250,3776,0,0,0.00,0,90,0,89.43,91.13,0,0,0,0,0,0,0,0,0,0,0,0,0,0,0,0,0,0,0,0
111991,-0.21,410,3670,0,0,0.00,0,90,0,89.43,91.13,0,0,0,0,0,0,0,0,0,0,0,0,0,0,0,0,0,0,0,0
112027,-0.26,487,3439,0,0,0.00,0,90,0,89.43,91.13,0,0,0,0,0,0,0,0,0,0,0,0,0,0,0,0,0,0,0,0
112063,-0.26,453,3306,0,0,0.00,0,90,0,89.43,91.13,0,0,0,0,0,0,0,0,0,0,0,0,0,0,0,0,0,0,0,0
112099,-0.26,340,3249,0,0,0.00,0,90,0,89.43,91.13,0,0,0,0,0,0,0,0,0,0,0,0,0,0,0,0,0,0,0,0
112135,-0.21,208,3277,0,0,0.00,0,90,0,89.43,91.13,0,0,0,0,0,0,0,0,0,0,0,0,0,0,0,0,0,0,0,0
112171,-0.34,104,3307,0,0,0.00,0,90,0,89.43,91.13,0,0,0,0,0,0,0,0,0,0,0,0,0,0,0,0,0,0,0,0
112207,-0.29,41,3275,0,0,0.00,0,90,0,89.43,91.13,0,0,0,0,0,0,0,0,0,0,0,0,0,0,0,0,0,0,0,0
112243,-0.28,8,3263,0,0,0.00,0,90,0,89.43,91.13,0,0,0,0,0,0,0,0,0,0,0,0,0,0,0,0,0,0,0,0
112279,-0.32,-14,3178,0,0,0.00,0,90,0,89.43,91.13,0,0,0,0,0,0,0,0,0,0,0,0,0,0,0,0,0,0,0,0
112315,-0.25,-47,3053,0,0,0.00,0,90,0,89.43,91.13,0,0,0,0,0,0,0,0,0,0,0,0,0,0,0,0,0,0,0,0
112351,-0.29,-100,2978,0,0,0.00,0,90,0,89.43,91.13,0,0,0,0,0,0,0,0,0,0,0,0,0,0,0,0,0,0,0,0
112387,-0.24,-162,2960,0,0,0.00,0,90,0,89.43,91.13,0,0,0,0,0,0,0,0,0,0,0,0,0,0,0,0,0,0,0,0
112423,-0.27,-215,2928,0,0,0.00,0,90,0,89.43,91.13,0,0,0,0,0,0,0,0,0,0,0,0,0,0,0,0,0,0,0,0
112459,-0.24,-252,2898,0,0,0.00,0,90,0,89.43,91.13,0,0,0,0,0,0,0,0,0,0,0,0,0,0,0,0,0,0,0,0
112495,-0.30,-272,2898,0,0,0.00,0,90,0,89.43,91.13,0,0,0,0,0,0,0,0,0,0,0,0,0,0,0,0,0,0,0,0
112531,-0.25,-275,2896,0,0,0.00,0,90,0,89.43,91.13,0,0,0,0,0,0,0,0,0,0,0,0,0,0,0,0,0,0,0,0
112567,-0.27,-260,2954,0,0,0.00,0,90,0,89.43,91.13,0,0,0,0,0,0,0,0,0,0,0,0,0,0,0,0,0,0,0,0
112603,-0.26,-228,2975,0,0,0.00,0,90,0,89.43,91.13,0,0,0,0,0,0,0,0,0,0,0,0,0,0,0,0,0,0,0,0
112639,-0.22,-184,2999,0,0,0.00,0,90,0,89.43,91.13,0,0,0,0,0,0,0,0,0,0,0,0,0,0,0,0,0,0,0,0
112675,-0.30,-138,3021,0,0,0.00,0,90,0,89.43,91.13,0,0,0,0,0,0,0,0,0,0,0,0,0,0,0,0,0,0,0,0
112711,-0.29,-98,2995,0,0,0.00,0,90,0,89.43,91.13,0,0,0,0,0,0,0,0,0,0,0,0,0,0,0,0,0,0,0,0
112747,-0.24,-71,2971,0,0,0.00,0,90,0,89.43,91.13,0,0,0,0,0,0,0,0,0,0,0,0,0,0,0,0,0,0,0,0
112783,-0.35,-61,2954,0,0,0.00,0,90,0,89.43,91.13,0,0,0,0,0,0,0,0,0,0,0,0,0,0,0,0,0,0,0,0
112819,-0.26,-62,2941,0,0,0.00,0,90,0,89.43,91.13,0,0,0,0,0,0,0,0,0,0,0,0,0,0,0,0,0,0,0,0
112855,-0.24,-66,2954,0,0,0.00,0,90,0,89.43,91.13,0,0,0,0,0,0,0,0,0,0,0,0,0,0,0,0,0,0,0,0
112891,-0.28,-63,2991,0,0,0.00,0,90,0,89.43,91.13,0,0,0,0,0,0,0,0,0,0,0,0,0,0,0,0,0,0,0,0
112927,-0.28,-50,3009,0,0,0.00,0,90,0,89.43,91.13,0,0,0,0,0,0,0,0,0,0,0,0,0,0,0,0,0,0,0,0
112963,-0.23,-16,3191,0,0,0.00,0,90,0,89.43,91.13,0,0,0,0,0,0,0,0,0,0,0,0,0,0,0,0,0,0,0,0
112999,-0.30,61,3522,0,0,0.00,0,90,0,89.43,91.13,0,0,0,0,0,0,0,0,0,0,0,0,0,0,0,0,0,0,0,0
113035,-0.27,213,3904,0,0,0.00,0,90,0,89.43,91.13,0,0,0,0,0,0,0,0,0,0,0,0,0,0,0,0,0,0,0,0
113071,-0.25,422,4037,0,0,0.00,0,90,0,89.43,91.13,0,0,0,0,0,0,0,0,0,0,0,0,0,0,0,0,0,0,0,0
113107,-0.20,623,4044,0,0,0.00,0,90,0,89.43,91.13,0,0,0,0,0,0,0,0,0,0,0,0,0,0,0,0,0,0,0,0
113143,-0.32,749,3942,0,0,0.00,0,90,0,89.43,91.13,0,0,0,0,0,0,0,0,0,0,0,0,0,0,0,0,0,0,0,0
113179,-0.32,775,3891,0,0,0.00,0,90,0,89.43,91.13,0,0,0,0,0,0,0,0,0,0,0,0,0,0,0,0,0,0,0,0
113215,-0.20,726,3950,0,0,0.00,0,90,0,89.43,91.13,0,0,0,0,0,0,0,0,0,0,0,0,0,0,0,0,0,0,0,0
113251,-0.23,650,3984,0,0,0.00,0,90,0,89.43,91.13,0,0,0,0,0,0,0,0,0,0,0,0,0,0,0,0,0,0,0,0
113287,-0.25,566,3836,0,0,0.00,0,90,0,89.43,91.13,0,0,0,0,0,0,0,0,0,0,0,0,0,0,0,0,0,0,0,0
113323,-0.31,455,3583,0,0,0.00,0,90,0,89.43,91.13,0,0,0,0,0,0,0,0,0,0,0,0,0,0,0,0,0,0,0,0
113359,-0.30,291,3311,0,0,0.00,0,90,0,89.43,91.13,0,0,0,0,0,0,0,0,0,0,0,0,0,0,0,0,0,0,0,0
113395,-0.24,80,3092,0,0,0.00,0,90,0,89.43,91.13,0,0,0,0,0,0,0,0,0,0,0,0,0,0,0,0,0,0,0,0
113431,-0.22,-146,2942,0,0,0.00,0,90,0,89.43,91.13,0,0,0,0,0,0,0,0,0,0,0,0,0,0,0,0,0,0,0,0
113467,-0.21,-352,2849,0,0,0.00,0,90,0,89.43,91.13,0,0,0,0,0,0,0,0,0,0,0,0,0,0,0,0,0,0,0,0
113503,-0.25,-507,2830,0,0,0.00,0,90,0,89.43,91.13,0,0,0,0,0,0,0,0,0,0,0,0,0,0,0,0,0,0,0,0
113539,-0.25,-593,2857,0,0,0.00,0,90,0,89.43,91.13,0,0,0,0,0,0,0,0,0,0,0,0,0,0,0,0,0,0,0,0
113575,-0.25,-612,2883,0,0,0.00,0,90,0,89.43,91.13,0,0,0,0,0,0,0,0,0,0,0,0,0,0,0,0,0,0,0,0
113611,-0.28,-578,2962,0,0,0.00,0,90,0,89.43,91.13,0,0,0,0,0,0,0,0,0,0,0,0,0,0,0,0,0,0,0,0
113647,-0.29,-509,2949,0,0,0.00,0,90,0,89.43,91.13,0,0,0,0,0,0,0,0,0,0,0,0,0,0,0,0,0,0,0,0
113683,-0.28,-436,2910,0,0,0.00,0,90,0,89.43,91.13,0,0,0,0,0,0,0,0,0,0,0,0,0,0,0,0,0,0,0,0
113719,-0.26,-379,2899,0,0,0.00,0,90,0,89.43,91.13,0,0,0,0,0,0,0,0,0,0,0,0,0,0,0,0,0,0,0,0
113755,-0.24,-340,2896,0,0,0.00,0,90,0,89.43,91.13,0,0,0,0,0,0,0,0,0,0,0,0,0,0,0,0,0,0,0,0
113791,-0.29,-312,2913,0,0,0.00,0,90,0,89.43,91.13,0,0,0,0,0,0,0,0,0,0,0,0,0,0,0,0,0,0,0,0
113827,-0.26,-283,2943,0,0,0.00,0,90,0,89.43,91.13,0,0,0,0,0,0,0,0,0,0,0,0,0,0,0,0,0,0,0,0
113863,-0.27,-252,2917,0,0,0.00,0,90,0,89.43,91.13,0,0,0,0,0,0,0,0,0,0,0,0,0,0,0,0,0,0,0,0
113899,-0.29,-223,2923,0,0,0.00,0,90,0,89.43,91.13,0,0,0,0,0,0,0,0,0,0,0,0,0,0,0,0,0,0,0,0
113935,-0.26,-187,3081,0,0,0.00,0,90,0,89.43,91.13,0,0,0,0,0,0,0,0,0,0,0,0,0,0,0,0,0,0,0,0
113971,-0.35,-111,3409,0,0,0.00,0,90,0,89.43,91.13,0,0,0,0,0,0,0,0,0,0,0,0,0,0,0,0,0,0,0,0
114007,-0.22,30,3669,0,0,0.00,0,90,0,89.43,91.13,0,0,0,0,0,0,0,0,0,0,0,0,0,0,0,0,0,0,0,0
114043,-0.33,211,3683,0,0,0.00,0,90,0,89.43,91.13,0,0,0,0,0,0,0,0,0,0,0,0,0,0,0,0,0,0,0,0
114079,-0.32,363,3609,0,0,0.00,0,90,0,89.43,91.13,0,0,0,0,0,0,0,0,0,0,0,0,0,0,0,0,0,0,0,0
114115,-0.33,434,3478,0,0,0.00,0,90,0,89.43,91.13,0,0,0,0,0,0,0,0,0,0,0,0,0,0,0,0,0,0,0,0
114151,-0.28,412,3326,0,0,0.00,0,90,0,89.43,91.13,0,0,0,0,0,0,0,0,0,0,0,0,0,0,0,0,0,0,0,0
114187,-0.24,312,3149,0,0,0.00,0,90,0,89.43,91.13,0,0,0,0,0,0,0,0,0,0,0,0,0,0,0,0,0,0,0,0
114223,-0.23,172,3141,0,0,0.00,0,90,0,89.43,91.13,0,0,0,0,0,0,0,0,0,0,0,0,0,0,0,0,0,0,0,0
114259,-0.26,45,3184,0,0,0.00,0,90,0,89.43,91.13,0,0,0,0,0,0,0,0,0,0,0,0,0,0,0,0,0,0,0,0
114295,-0.21,-33,3225,0,0,0.00,0,90,0,89.43,91.13,0,0,0,0,0,0,0,0,0,0,0,0,0,0,0,0,0,0,0,0
114331,-0.28,-60,3238,0,0,0.00,0,90,0,89.43,91.13,0,0,0,0,0,0,0,0,0,0,0,0,0,0,0,0,0,0,0,0
114367,-0.26,-59,3155,0,0,0.00,0,90,0,89.43,91.13,0,0,0,0,0,0,0,0,0,0,0,0,0,0,0,0,0,0,0,0
114403,-0.23,-60,3105,0,0,0.00,0,90,0,89.43,91.13,0,0,0,0,0,0,0,0,0,0,0,0,0,0,0,0,0,0,0,0
114439,-0.28,-72,3098,0,0,0.00,0,90,0,89.43,91.13,0,0,0,0,0,0,0,0,0,0,0,0,0,0,0,0,0,0,0,0
114475,-0.26,-90,3056,0,0,0.00,0,90,0,89.43,91.13,0,0,0,0,0,0,0,0,0,0,0,0,0,0,0,0,0,0,0,0
114511,-0.28,-108,3050,0,0,0.00,0,90,0,89.43,91.13,0,0,0,0,0,0,0,0,0,0,0,0,0,0,0,0,0,0,0,0
114547,-0.32,-121,3070,0,0,0.00,0,90,0,89.43,91.13,0,0,0,0,0,0,0,0,0,0,0,0,0,0,0,0,0,0,0,0
114583,-0.26,-123,3057,0,0,0.00,0,90,0,89.43,91.13,0,0,0,0,0,0,0,0,0,0,0,0,0,0,0,0,0,0,0,0
114619,-0.22,-119,3024,0,0,0.00,0,90,0,89.43,91.13,0,0,0,0,0,0,0,0,0,0,0,0,0,0,0,0,0,0,0,0
114655,-0.30,-120,2973,0,0,0.00,0,90,0,89.43,91.13,0,0,0,0,0,0,0,0,0,0,0,0,0,0,0,0,0,0,0,0
114691,-0.28,-126,2987,0,0,0.00,0,90,0,89.43,91.13,0,0,0,0,0,0,0,0,0,0,0,0,0,0,0,0,0,0,0,0
114727,-0.25,-127,3025,0,0,0.00,0,90,0,89.43,91.13,0,0,0,0,0,0,0,0,0,0,0,0,0,0,0,0,0,0,0,0
114763,-0.27,-115,3039,0,0,0.00,0,90,0,89.43,91.13,0,0,0,0,0,0,0,0,0,0,0,0,0,0,0,0,0,0,0,0
114799,-0.28,-97,2997,0,0,0.00,0,90,0,89.43,91.13,0,0,0,0,0,0,0,0,0,0,0,0,0,0,0,0,0,0,0,0
114835,-0.25,-86,2943,0,0,0.00,0,90,0,89.43,91.13,0,0,0,0,0,0,0,0,0,0,0,0,0,0,0,0,0,0,0,0
114871,-0.24,-89,2911,0,0,0.00,0,90,0,89.43,91.13,0,0,0,0,0,0,0,0,0,0,0,0,0,0,0,0,0,0,0,0
114907,-0.30,-99,2949,0,0,0.00,0,90,0,89.43,91.13,0,0,0,0,0,0,0,0,0,0,0,0,0,0,0,0,0,0,0,0
114943,-0.23,-83,3222,0,0,0.00,0,90,0,89.43,91.13,0,0,0,0,0,0,0,0,0,0,0,0,0,0,0,0,0,0,0,0
114979,-0.28,5,3655,0,0,0.00,0,90,0,89.43,91.13,0,0,0,0,0,0,0,0,0,0,0,0,0,0,0,0,0,0,0,0
115015,-0.30,191,3975,0,0,0.00,0,90,0,89.43,91.13,0,0,0,0,0,0,0,0,0,0,0,0,0,0,0,0,0,0,0,0
115051,-0.37,432,4095,0,0,0.00,0,90,0,89.43,91.13,0,0,0,0,0,0,0,0,0,0,0,0,0,0,0,0,0,0,0,0
115087,-0.21,644,4029,0,0,0.00,0,90,0,89.43,91.13,0,0,0,0,0,0,0,0,0,0,0,0,0,0,0,0,0,0,0,0
115123,-0.33,751,3789,0,0,0.00,0,90,0,89.43,91.13,0,0,0,0,0,0,0,0,0,0,0,0,0,0,0,0,0,0,0,0
115159,-0.30,720,3607,0,0,0.00,0,90,0,89.43,91.13,0,0,0,0,0,0,0,0,0,0,0,0,0,0,0,0,0,0,0,0
115195,-0.30,584,3534,0,0,0.00,0,90,0,89.43,91.13,0,0,0,0,0,0,0,0,0,0,0,0,0,0,0,0,0,0,0,0
115231,-0.28,422,3694,0,0,0.00,0,90,0,89.43,91.13,0,0,0,0,0,0,0,0,0,0,0,0,0,0,0,0,0,0,0,0
115267,-0.20,311,3829,0,0,0.00,0,90,0,89.43,91.13,0,0,0,0,0,0,0,0,0,0,0,0,0,0,0,0,0,0,0,0
115303,-0.23,270,3833,0,0,0.00,0,90,0,89.43,91.13,0,0,0,0,0,0,0,0,0,0,0,0,0,0,0,0,0,0,0,0
115339,-0.30,248,3523,0,0,0.00,0,90,0,89.43,91.13,0,0,0,0,0,0,0,0,0,0,0,0,0,0,0,0,0,0,0,0
115375,-0.30,161,3071,0,0,0.00,0,90,0,89.43,91.13,0,0,0,0,0,0,0,0,0,0,0,0,0,0,0,0,0,0,0,0
115411,-0.25,-28,2768,0,0,0.00,0,90,0,89.43,91.13,0,0,0,0,0,0,0,0,0,0,0,0,0,0,0,0,0,0,0,0
115447,-0.26,-272,2755,0,0,0.00,0,90,0,89.43,91.13,0,0,0,0,0,0,0,0,0,0,0,0,0,0,0,0,0,0,0,0
115483,-0.33,-479,2798,0,0,0.00,0,90,0,89.43,91.13,0,0,0,0,0,0,0,0,0,0,0,0,0,0,0,0,0,0,0,0
115519,-0.29,-601,2711,0,0,0.00,0,90,0,89.43,91.13,0,0,0,0,0,0,0,0,0,0,0,0,0,0,0,0,0,0,0,0
115555,-0.26,-662,2539,0,0,0.00,0,90,0,89.43,91.13,0,0,0,0,0,0,0,0,0,0,0,0,0,0,0,0,0,0,0,0
115591,-0.24,-705,2384,0,0,0.00,0,90,0,89.43,91.13,0,0,0,0,0,0,0,0,0,0,0,0,0,0,0,0,0,0,0,0
115627,-0.32,-744,2367,0,0,0.00,0,90,0,89.43,91.13,0,0,0,0,0,0,0,0,0,0,0,0,0,0,0,0,0,0,0,0
115663,-0.27,-751,2551,0,0,0.00,0,90,0,89.43,91.13,0,0,0,0,0,0,0,0,0,0,0,0,0,0,0,0,0,0,0,0
115699,-0.33,-681,2902,0,0,0.00,0,90,0,89.43,91.13,0,0,0,0,0,0,0,0,0,0,0,0,0,0,0,0,0,0,0,0
115735,-0.23,-501,3293,0,0,0.00,0,90,0,89.43,91.13,0,0,0,0,0,0,0,0,0,0,0,0,0,0,0,0,0,0,0,0
115771,-0.23,-223,3645,0,0,0.00,0,90,0,89.43,91.13,0,0,0,0,0,0,0,0,0,0,0,0,0,0,0,0,0,0,0,0
115807,-0.29,74,3454,0,0,0.00,0,90,0,89.43,91.13,0,0,0,0,0,0,0,0,0,0,0,0,0,0,0,0,0,0,0,0
115843,-0.25,276,3250,0,0,0.00,0,90,0,89.43,91.13,0,0,0,0,0,0,0,0,0,0,0,0,0,0,0,0,0,0,0,0
115879,-0.29,356,3514,0,0,0.00,0,90,0,89.43,91.13,0,0,0,0,0,0,0,0,0,0,0,0,0,0,0,0,0,0,0,0
115915,-0.26,417,4095,0,0,0.00,0,90,0,89.43,91.13,0,0,0,0,0,0,0,0,0,0,0,0,0,0,0,0,0,0,0,0
115951,-0.23,536,4095,0,0,0.00,0,90,0,89.43,91.13,0,0,0,0,0,0,0,0,0,0,0,0,0,0,0,0,0,0,0,0
115987,-0.27,647,3794,0,0,0.00,0,90,0,89.43,91.13,0,0,0,0,0,0,0,0,0,0,0,0,0,0,0,0,0,0,0,0
116023,-0.30,633,3245,0,0,0.00,0,90,0,89.43,91.13,0,0,0,0,0,0,0,0,0,0,0,0,0,0,0,0,0,0,0,0
116059,-0.17,454,3015,0,0,0.00,0,90,0,89.43,91.13,0,0,0,0,0,0,0,0,0,0,0,0,0,0,0,0,0,0,0,0
116095,-0.20,193,3070,0,0,0.00,0,90,0,89.43,91.13,0,0,0,0,0,0,0,0,0,0,0,0,0,0,0,0,0,0,0,0
116131,-0.28,-20,3271,0,0,0.00,0,90,0,89.43,91.13,0,0,0,0,0,0,0,0,0,0,0,0,0,0,0,0,0,0,0,0
116167,-0.25,-118,3376,0,0,0.00,0,90,0,89.43,91.13,0,0,0,0,0,0,0,0,0,0,0,0,0,0,0,0,0,0,0,0
116203,-0.27,-117,3327,0,0,0.00,0,90,0,89.43,91.13,0,0,0,0,0,0,0,0,0,0,0,0,0,0,0,0,0,0,0,0
116239,-0.25,-84,3216,0,0,0.00,0,90,0,89.43,91.13,0,0,0,0,0,0,0,0,0,0,0,0,0,0,0,0,0,0,0,0
116275,-0.32,-68,3167,0,0,0.00,0,90,0,89.43,91.13,0,0,0,0,0,0,0,0,0,0,0,0,0,0,0,0,0,0,0,0
116311,-0.26,-76,3171,0,0,0.00,0,90,0,89.43,91.13,0,0,0,0,0,0,0,0,0,0,0,0,0,0,0,0,0,0,0,0
116347,-0.32,-86,3247,0,0,0.00,0,90,0,89.43,91.13,0,0,0,0,0,0,0,0,0,0,0,0,0,0,0,0,0,0,0,0
116383,-0.28,-81,3292,0,0,0.00,0,90,0,89.43,91.13,0,0,0,0,0,0,0,0,0,0,0,0,0,0,0,0,0,0,0,0
116419,-0.28,-57,3312,0,0,0.00,0,90,0,89.43,91.13,0,0,0,0,0,0,0,0,0,0,0,0,0,0,0,0,0,0,0,0
116455,-0.29,-28,3307,0,0,0.00,0,90,0,89.43,91.13,0,0,0,0,0,0,0,0,0,0,0,0,0,0,0,0,0,0,0,0
116491,-0.27,-6,3269,0,0,0.00,0,90,0,89.43,91.13,0,0,0,0,0,0,0,0,0,0,0,0,0,0,0,0,0,0,0,0
116527,-0.25,-4,3199,0,0,0.00,0,90,0,89.43,91.13,0,0,0,0,0,0,0,0,0,0,0,0,0,0,0,0,0,0,0,0
116563,-0.30,-21,3216,0,0,0.00,0,90,0,89.43,91.13,0,0,0,0,0,0,0,0,0,0,0,0,0,0,0,0,0,0,0,0
116599,-0.31,-30,3394,0,0,0.00,0,90,0,89.43,91.13,0,0,0,0,0,0,0,0,0,0,0,0,0,0,0,0,0,0,0,0
116635,-0.25,19,3857,0,0,0.00,0,90,0,89.43,91.13,0,0,0,0,0,0,0,0,0,0,0,0,0,0,0,0,0,0,0,0
116671,-0.20,163,4095,0,0,0.00,0,90,0,89.43,91.13,0,0,0,0,0,0,0,0,0,0,0,0,0,0,0,0,0,0,0,0
116707,-0.26,355,4095,0,0,0.00,0,90,0,89.43,91.13,0,0,0,0,0,0,0,0,0,0,0,0,0,0,0,0,0,0,0,0
116743,-0.29,514,4092,0,0,0.00,0,90,0,89.43,91.13,0,0,0,0,0,0,0,0,0,0,0,0,0,0,0,0,0,0,0,0
116779,-0.36,581,3819,0,0,0.00,0,90,0,89.43,91.13,0,0,0,0,0,0,0,0,0,0,0,0,0,0,0,0,0,0,0,0
116815,-0.35,530,3641,0,0,0.00,0,90,0,89.43,91.13,0,0,0,0,0,0,0,0,0,0,0,0,0,0,0,0,0,0,0,0
116851,-0.23,381,3442,0,0,0.00,0,90,0,89.43,91.13,0,0,0,0,0,0,0,0,0,0,0,0,0,0,0,0,0,0,0,0
116887,-0.30,184,3333,0,0,0.00,0,90,0,89.43,91.13,0,0,0,0,0,0,0,0,0,0,0,0,0,0,0,0,0,0,0,0
116923,-0.18,-9,3303,0,0,0.00,0,90,0,89.43,91.13,0,0,0,0,0,0,0,0,0,0,0,0,0,0,0,0,0,0,0,0
116959,-0.36,-159,3279,0,0,0.00,0,90,0,89.43,91.13,0,0,0,0,0,0,0,0,0,0,0,0,0,0,0,0,0,0,0,0
116995,-0.32,-251,3278,0,0,0.00,0,90,0,89.43,91.13,0,0,0,0,0,0,0,0,0,0,0,0,0,0,0,0,0,0,0,0
117031,-0.29,-293,3285,0,0,0.00,0,90,0,89.43,91.13,0,0,0,0,0,0,0,0,0,0,0,0,0,0,0,0,0,0,0,0
117067,-0.25,-298,3260,0,0,0.00,0,90,0,89.43,91.13,0,0,0,0,0,0,0,0,0,0,0,0,0,0,0,0,0,0,0,0
117103,-0.28,-291,3200,0,0,0.00,0,90,0,89.43,91.13,0,0,0,0,0,0,0,0,0,0,0,0,0,0,0,0,0,0,0,0
117139,-0.33,-287,3159,0,0,0.00,0,90,0,89.43,91.13,0,0,0,0,0,0,0,0,0,0,0,0,0,0,0,0,0,0,0,0
117175,-0.24,-293,3104,0,0,0.00,0,90,0,89.43,91.13,0,0,0,0,0,0,0,0,0,0,0,0,0,0,0,0,0,0,0,0
117211,-0.32,-307,3065,0,0,0.00,0,90,0,89.43,91.13,0,0,0,0,0,0,0,0,0,0,0,0,0,0,0,0,0,0,0,0
117247,-0.38,-321,3083,0,0,0.00,0,90,0,89.43,91.13,0,0,0,0,0,0,0,0,0,0,0,0,0,0,0,0,0,0,0,0
117283,-0.29,-326,3057,0,0,0.00,0,90,0,89.43,91.13,0,0,0,0,0,0,0,0,0,0,0,0,0,0,0,0,0,0,0,0
117319,-0.34,-322,3023,0,0,0.00,0,90,0,89.43,91.13,0,0,0,0,0,0,0,0,0,0,0,0,0,0,0,0,0,0,0,0
117355,-0.37,-317,2988,0,0,0.00,0,90,0,89.43,91.13,0,0,0,0,0,0,0,0,0,0,0,0,0,0,0,0,0,0,0,0
117391,-0.29,-312,2975,0,0,0.00,0,90,0,89.43,91.13,0,0,0,0,0,0,0,0,0,0,0,0,0,0,0,0,0,0,0,0
117427,-0.33,-305,2973,0,0,0.00,0,90,0,89.43,91.13,0,0,0,0,0,0,0,0,0,0,0,0,0,0,0,0,0,0,0,0
117463,-0.39,-292,2963,0,0,0.00,0,90,0,89.43,91.13,0,0,0,0,0,0,0,0,0,0,0,0,0,0,0,0,0,0,0,0
117499,-0.30,-270,3015,0,0,0.00,0,90,0,89.43,91.13,0,0,0,0,0,0,0,0,0,0,0,0,0,0,0,0,0,0,0,0
117535,-0.29,-233,3088,0,0,0.00,0,90,0,89.43,91.13,0,0,0,0,0,0,0,0,0,0,0,0,0,0,0,0,0,0,0,0
117571,-0.36,-168,3280,0,0,0.00,0,90,0,89.43,91.13,0,0,0,0,0,0,0,0,0,0,0,0,0,0,0,0,0,0,0,0
117607,-0.27,-58,3583,0,0,0.00,0,90,0,89.43,91.13,0,0,0,0,0,0,0,0,0,0,0,0,0,0,0,0,0,0,0,0
117643,-0.37,112,3893,0,0,0.00,0,90,0,89.43,91.13,0,0,0,0,0,0,0,0,0,0,0,0,0,0,0,0,0,0,0,0
117679,-0.34,311,3875,0,0,0.00,0,90,0,89.43,91.13,0,0,0,0,0,0,0,0,0,0,0,0,0,0,0,0,0,0,0,0
117715,-0.30,465,3730,0,0,0.00,0,90,0,89.43,91.13,0,0,0,0,0,0,0,0,0,0,0,0,0,0,0,0,0,0,0,0
117751,-0.31,522,3680,0,0,0.00,0,90,0,89.43,91.13,0,0,0,0,0,0,0,0,0,0,0,0,0,0,0,0,0,0,0,0
117787,-0.24,487,3518,0,0,0.00,0,90,0,89.43,91.13,0,0,0,0,0,0,0,0,0,0,0,0,0,0,0,0,0,0,0,0
117823,-0.30,386,3410,0,0,0.00,0,90,0,89.43,91.13,0,0,0,0,0,0,0,0,0,0,0,0,0,0,0,0,0,0,0,0
117859,-0.34,255,3408,0,0,0.00,0,90,0,89.43,91.13,0,0,0,0,0,0,0,0,0,0,0,0,0,0,0,0,0,0,0,0
117895,-0.37,137,3382,0,0,0.00,0,90,0,89.43,91.13,0,0,0,0,0,0,0,0,0,0,0,0,0,0,0,0,0,0,0,0
117931,-0.34,47,3318,0,0,0.00,0,90,0,89.43,91.13,0,0,0,0,0,0,0,0,0,0,0,0,0,0,0,0,0,0,0,0
117967,-0.29,-22,3230,0,0,0.00,0,90,0,89.43,91.13,0,0,0,0,0,0,0,0,0,0,0,0,0,0,0,0,0,0,0,0
118003,-0.31,-79,3222,0,0,0.00,0,90,0,89.43,91.13,0,0,0,0,0,0,0,0,0,0,0,0,0,0,0,0,0,0,0,0
118039,-0.31,-119,3236,0,0,0.00,0,90,0,89.43,91.13,0,0,0,0,0,0,0,0,0,0,0,0,0,0,0,0,0,0,0,0
118075,-0.27,-137,3248,0,0,0.00,0,90,0,89.43,91.13,0,0,0,0,0,0,0,0,0,0,0,0,0,0,0,0,0,0,0,0
118111,-0.34,-134,3255,0,0,0.00,0,90,0,89.43,91.13,0,0,0,0,0,0,0,0,0,0,0,0,0,0,0,0,0,0,0,0
118147,-0.23,-123,3210,0,0,0.00,0,90,0,89.43,91.13,0,0,0,0,0,0,0,0,0,0,0,0,0,0,0,0,0,0,0,0
118183,-0.25,-119,3136,0,0,0.00,0,90,0,89.43,91.13,0,0,0,0,0,0,0,0,0,0,0,0,0,0,0,0,0,0,0,0
118219,-0.32,-133,3071,0,0,0.00,0,90,0,89.43,91.13,0,0,0,0,0,0,0,0,0,0,0,0,0,0,0,0,0,0,0,0
118255,-0.30,-163,3011,0,0,0.00,0,90,0,89.43,91.13,0,0,0,0,0,0,0,0,0,0,0,0,0,0,0,0,0,0,0,0
118291,-0.32,-197,3024,0,0,0.00,0,90,0,89.43,91.13,0,0,0,0,0,0,0,0,0,0,0,0,0,0,0,0,0,0,0,0
118327,-0.32,-220,3010,0,0,0.00,0,90,0,89.43,91.13,0,0,0,0,0,0,0,0,0,0,0,0,0,0,0,0,0,0,0,0
118363,-0.23,-225,3035,0,0,0.00,0,90,0,89.43,91.13,0,0,0,0,0,0,0,0,0,0,0,0,0,0,0,0,0,0,0,0
118399,-0.22,-214,3035,0,0,0.00,0,90,0,89.43,91.13,0,0,0,0,0,0,0,0,0,0,0,0,0,0,0,0,0,0,0,0
118435,-0.23,-191,3038,0,0,0.00,0,90,0,89.43,91.13,0,0,0,0,0,0,0,0,0,0,0,0,0,0,0,0,0,0,0,0
118471,-0.26,-167,2985,0,0,0.00,0,90,0,89.43,91.13,0,0,0,0,0,0,0,0,0,0,0,0,0,0,0,0,0,0,0,0
118507,-0.26,-155,2942,0,0,0.00,0,90,0,89.43,91.13,0,0,0,0,0,0,0,0,0,0,0,0,0,0,0,0,0,0,0,0
118543,-0.33,-151,2979,0,0,0.00,0,90,0,89.43,91.13,0,0,0,0,0,0,0,0,0,0,0,0,0,0,0,0,0,0,0,0
118579,-0.31,-130,3191,0,0,0.00,0,90,0,89.43,91.13,0,0,0,0,0,0,0,0,0,0,0,0,0,0,0,0,0,0,0,0
118615,-0.30,-57,3469,0,0,0.00,0,90,0,89.43,91.13,0,0,0,0,0,0,0,0,0,0,0,0,0,0,0,0,0,0,0,0
118651,-0.31,81,3679,0,0,0.00,0,90,0,89.43,91.13,0,0,0,0,0,0,0,0,0,0,0,0,0,0,0,0,0,0,0,0
118687,-0.30,250,3726,0,0,0.00,0,90,0,89.43,91.13,0,0,0,0,0,0,0,0,0,0,0,0,0,0,0,0,0,0,0,0
118723,-0.27,386,3558,0,0,0.00,0,90,0,89.43,91.13,0,0,0,0,0,0,0,0,0,0,0,0,0,0,0,0,0,0,0,0
118759,-0.35,432,3411,0,0,0.00,0,90,0,89.43,91.13,0,0,0,0,0,0,0,0,0,0,0,0,0,0,0,0,0,0,0,0
118795,-0.27,382,3283,0,0,0.00,0,90,0,89.43,91.13,0,0,0,0,0,0,0,0,0,0,0,0,0,0,0,0,0,0,0,0
118831,-0.35,275,3248,0,0,0.00,0,90,0,89.43,91.13,0,0,0,0,0,0,0,0,0,0,0,0,0,0,0,0,0,0,0,0
118867,-0.27,157,3221,0,0,0.00,0,90,0,89.43,91.13,0,0,0,0,0,0,0,0,0,0,0,0,0,0,0,0,0,0,0,0
118903,-0.31,59,3194,0,0,0.00,0,90,0,89.43,91.13,0,0,0,0,0,0,0,0,0,0,0,0,0,0,0,0,0,0,0,0
118939,-0.32,-10,3161,0,0,0.00,0,90,0,89.43,91.13,0,0,0,0,0,0,0,0,0,0,0,0,0,0,0,0,0,0,0,0
118975,-0.30,-56,3139,0,0,0.00,0,90,0,89.43,91.13,0,0,0,0,0,0,0,0,0,0,0,0,0,0,0,0,0,0,0,0
119011,-0.39,-82,3153,0,0,0.00,0,90,0,89.43,91.13,0,0,0,0,0,0,0,0,0,0,0,0,0,0,0,0,0,0,0,0
119047,-0.28,-93,3101,0,0,0.00,0,90,0,89.43,91.13,0,0,0,0,0,0,0,0,0,0,0,0,0,0,0,0,0,0,0,0
119083,-0.29,-104,3009,0,0,0.00,0,90,0,89.43,91.13,0,0,0,0,0,0,0,0,0,0,0,0,0,0,0,0,0,0,0,0
119119,-0.32,-126,2992,0,0,0.00,0,90,0,89.43,91.13,0,0,0,0,0,0,0,0,0,0,0,0,0,0,0,0,0,0,0,0
119155,-0.21,-150,2975,0,0,0.00,0,90,0,89.43,91.13,0,0,0,0,0,0,0,0,0,0,0,0,0,0,0,0,0,0,0,0
119191,-0.24,-169,2962,0,0,0.00,0,90,0,89.43,91.13,0,0,0,0,0,0,0,0,0,0,0,0,0,0,0,0,0,0,0,0
119227,-0.27,-174,3004,0,0,0.00,0,90,0,89.43,91.13,0,0,0,0,0,0,0,0,0,0,0,0,0,0,0,0,0,0,0,0
119263,-0.24,-161,3043,0,0,0.00,0,90,0,89.43,91.13,0,0,0,0,0,0,0,0,0,0,0,0,0,0,0,0,0,0,0,0
119299,-0.27,-131,3057,0,0,0.00,0,90,0,89.43,91.13,0,0,0,0,0,0,0,0,0,0,0,0,0,0,0,0,0,0,0,0
119335,-0.27,-94,3069,0,0,0.00,0,90,0,89.43,91.13,0,0,0,0,0,0,0,0,0,0,0,0,0,0,0,0,0,0,0,0
119371,-0.27,-60,3045,0,0,0.00,0,90,0,89.43,91.13,0,0,0,0,0,0,0,0,0,0,0,0,0,0,0,0,0,0,0,0
119407,-0.21,-33,3118,0,0,0.00,0,90,0,89.43,91.13,0,0,0,0,0,0,0,0,0,0,0,0,0,0,0,0,0,0,0,0
119443,-0.24,5,3307,0,0,0.00,0,90,0,89.43,91.13,0,0,0,0,0,0,0,0,0,0,0,0,0,0,0,0,0,0,0,0
119479,-0.26,79,3491,0,0,0.00,0,90,0,89.43,91.13,0,0,0,0,0,0,0,0,0,0,0,0,0,0,0,0,0,0,0,0
119515,-0.30,182,3518,0,0,0.00,0,90,0,89.43,91.13,0,0,0,0,0,0,0,0,0,0,0,0,0,0,0,0,0,0,0,0
119551,-0.34,275,3482,0,0,0.00,0,90,0,89.43,91.13,0,0,0,0,0,0,0,0,0,0,0,0,0,0,0,0,0,0,0,0
119587,-0.31,322,3405,0,0,0.00,0,90,0,89.43,91.13,0,0,0,0,0,0,0,0,0,0,0,0,0,0,0,0,0,0,0,0
119623,-0.26,313,3312,0,0,0.00,0,90,0,89.43,91.13,0,0,0,0,0,0,0,0,0,0,0,0,0,0,0,0,0,0,0,0
119659,-0.28,261,3312,0,0,0.00,0,90,0,89.43,91.13,0,0,0,0,0,0,0,0,0,0,0,0,0,0,0,0,0,0,0,0
119695,-0.26,195,3294,0,0,0.00,0,90,0,89.43,91.13,0,0,0,0,0,0,0,0,0,0,0,0,0,0,0,0,0,0,0,0
119731,-0.31,135,3280,0,0,0.00,0,90,0,89.43,91.13,0,0,0,0,0,0,0,0,0,0,0,0,0,0,0,0,0,0,0,0
119767,-0.25,86,3235,0,0,0.00,0,90,0,89.43,91.13,0,0,0,0,0,0,0,0,0,0,0,0,0,0,0,0,0,0,0,0
119803,-0.17,43,3172,0,0,0.00,0,90,0,89.43,91.13,0,0,0,0,0,0,0,0,0,0,0,0,0,0,0,0,0,0,0,0
119839,-0.30,0,3151,0,0,0.00,0,90,0,89.43,91.13,0,0,0,0,0,0,0,0,0,0,0,0,0,0,0,0,0,0,0,0
119875,-0.22,-34,3171,0,0,0.00,0,90,0,89.43,91.13,0,0,0,0,0,0,0,0,0,0,0,0,0,0,0,0,0,0,0,0
119911,-0.33,-52,3207,0,0,0.00,0,90,0,89.43,91.13,0,0,0,0,0,0,0,0,0,0,0,0,0,0,0,0,0,0,0,0
119947,-0.22,-48,3254,0,0,0.00,0,90,0,89.43,91.13,0,0,0,0,0,0,0,0,0,0,0,0,0,0,0,0,0,0,0,0
119983,-0.27,-24,3315,0,0,0.00,0,90,0,89.43,91.13,0,0,0,0,0,0,0,0,0,0,0,0,0,0,0,0,0,0,0,0
120019,-0.22,14,3363,0,0,0.00,0,90,0,89.43,91.13,0,0,0,0,0,0,0,0,0,0,0,0,0,0,0,0,0,0,0,0
120055,-0.27,53,3312,0,0,0.00,0,90,0,89.43,91.13,0,0,0,0,0,0,0,0,0,0,0,0,0,0,0,0,0,0,0,0
120091,-0.28,65,3152,0,0,0.00,0,90,0,89.43,91.13,0,0,0,0,0,0,0,0,0,0,0,0,0,0,0,0,0,0,0,0
120127,-0.29,23,2928,0,0,0.00,0,90,0,89.43,91.13,0,0,0,0,0,0,0,0,0,0,0,0,0,0,0,0,0,0,0,0
120163,-0.30,-76,2772,0,0,0.00,0,90,0,89.43,91.13,0,0,0,0,0,0,0,0,0,0,0,0,0,0,0,0,0,0,0,0
120199,-0.26,-204,2736,0,0,0.00,0,90,0,89.43,91.13,0,0,0,0,0,0,0,0,0,0,0,0,0,0,0,0,0,0,0,0
120235,-0.23,-307,2843,0,0,0.00,0,90,0,89.43,91.13,0,0,0,0,0,0,0,0,0,0,0,0,0,0,0,0,0,0,0,0
120271,-0.22,-343,2969,0,0,0.00,0,90,0,89.43,91.13,0,0,0,0,0,0,0,0,0,0,0,0,0,0,0,0,0,0,0,0
120307,-0.28,-300,3138,0,0,0.00,0,90,0,89.43,91.13,0,0,0,0,0,0,0,0,0,0,0,0,0,0,0,0,0,0,0,0
120343,-0.26,-191,3302,0,0,0.00,0,90,0,89.43,91.13,0,0,0,0,0,0,0,0,0,0,0,0,0,0,0,0,0,0,0,0
120379,-0.31,-45,3404,0,0,0.00,0,90,0,89.43,91.13,0,0,0,0,0,0,0,0,0,0,0,0,0,0,0,0,0,0,0,0
120415,-0.26,103,3530,0,0,0.00,0,90,0,89.43,91.13,0,0,0,0,0,0,0,0,0,0,0,0,0,0,0,0,0,0,0,0
120451,-0.26,235,3583,0,0,0.00,0,90,0,89.43,91.13,0,0,0,0,0,0,0,0,0,0,0,0,0,0,0,0,0,0,0,0
120487,-0.27,326,3507,0,0,0.00,0,90,0,89.43,91.13,0,0,0,0,0,0,0,0,0,0,0,0,0,0,0,0,0,0,0,0
120523,-0.20,354,3414,0,0,0.00,0,90,0,89.43,91.13,0,0,0,0,0,0,0,0,0,0,0,0,0,0,0,0,0,0,0,0
120559,-0.23,318,3318,0,0,0.00,0,90,0,89.43,91.13,0,0,0,0,0,0,0,0,0,0,0,0,0,0,0,0,0,0,0,0
120595,-0.24,241,3280,0,0,0.00,0,90,0,89.43,91.13,0,0,0,0,0,0,0,0,0,0,0,0,0,0,0,0,0,0,0,0
120631,-0.24,150,3241,0,0,0.00,0,90,0,89.43,91.13,0,0,0,0,0,0,0,0,0,0,0,0,0,0,0,0,0,0,0,0
120667,-0.23,66,3175,0,0,0.00,0,90,0,89.43,91.13,0,0,0,0,0,0,0,0,0,0,0,0,0,0,0,0,0,0,0,0
120703,-0.35,-7,3125,0,0,0.00,0,90,0,89.43,91.13,0,0,0,0,0,0,0,0,0,0,0,0,0,0,0,0,0,0,0,0
120739,-0.29,-60,3207,0,0,0.00,0,90,0,89.43,91.13,0,0,0,0,0,0,0,0,0,0,0,0,0,0,0,0,0,0,0,0
120775,-0.23,-77,3280,0,0,0.00,0,90,0,89.43,91.13,0,0,0,0,0,0,0,0,0,0,0,0,0,0,0,0,0,0,0,0
120811,-0.28,-63,3225,0,0,0.00,0,90,0,89.43,91.13,0,0,0,0,0,0,0,0,0,0,0,0,0,0,0,0,0,0,0,0
120847,-0.23,-54,3058,0,0,0.00,0,90,0,89.43,91.13,0,0,0,0,0,0,0,0,0,0,0,0,0,0,0,0,0,0,0,0
120883,-0.27,-78,2975,0,0,0.00,0,90,0,89.43,91.13,0,0,0,0,0,0,0,0,0,0,0,0,0,0,0,0,0,0,0,0
120919,-0.30,-125,3030,0,0,0.00,0,90,0,89.43,91.13,0,0,0,0,0,0,0,0,0,0,0,0,0,0,0,0,0,0,0,0
120955,-0.29,-155,3136,0,0,0.00,0,90,0,89.43,91.13,0,0,0,0,0,0,0,0,0,0,0,0,0,0,0,0,0,0,0,0
120991,-0.26,-145,3191,0,0,0.00,0,90,0,89.43,91.13,0,0,0,0,0,0,0,0,0,0,0,0,0,0,0,0,0,0,0,0
121027,-0.33,-104,3213,0,0,0.00,0,90,0,89.43,91.13,0,0,0,0,0,0,0,0,0,0,0,0,0,0,0,0,0,0,0,0
121063,-0.24,-64,3063,0,0,0.00,0,90,0,89.43,91.13,0,0,0,0,0,0,0,0,0,0,0,0,0,0,0,0,0,0,0,0
121099,-0.28,-63,2910,0,0,0.00,0,90,0,89.43,91.13,0,0,0,0,0,0,0,0,0,0,0,0,0,0,0,0,0,0,0,0
121135,-0.22,-111,2797,0,0,0.00,0,90,0,89.43,91.13,0,0,0,0,0,0,0,0,0,0,0,0,0,0,0,0,0,0,0,0
121171,-0.29,-187,2768,0,0,0.00,0,90,0,89.43,91.13,0,0,0,0,0,0,0,0,0,0,0,0,0,0,0,0,0,0,0,0
121207,-0.25,-252,2838,0,0,0.00,0,90,0,89.43,91.13,0,0,0,0,0,0,0,0,0,0,0,0,0,0,0,0,0,0,0,0
121243,-0.28,-270,2999,0,0,0.00,0,90,0,89.43,91.13,0,0,0,0,0,0,0,0,0,0,0,0,0,0,0,0,0,0,0,0
121279,-0.28,-214,3263,0,0,0.00,0,90,0,89.43,91.13,0,0,0,0,0,0,0,0,0,0,0,0,0,0,0,0,0,0,0,0
121315,-0.35,-75,3583,0,0,0.00,0,90,0,89.43,91.13,0,0,0,0,0,0,0,0,0,0,0,0,0,0,0,0,0,0,0,0
121351,-0.21,118,3653,0,0,0.00,0,90,0,89.43,91.13,0,0,0,0,0,0,0,0,0,0,0,0,0,0,0,0,0,0,0,0
121387,-0.28,284,3344,0,0,0.00,0,90,0,89.43,91.13,0,0,0,0,0,0,0,0,0,0,0,0,0,0,0,0,0,0,0,0
121423,-0.30,323,2958,0,0,0.00,0,90,0,89.43,91.13,0,0,0,0,0,0,0,0,0,0,0,0,0,0,0,0,0,0,0,0
121459,-0.26,213,2753,0,0,0.00,0,90,0,89.43,91.13,0,0,0,0,0,0,0,0,0,0,0,0,0,0,0,0,0,0,0,0
121495,-0.26,33,2908,0,0,0.00,0,90,0,89.43,91.13,0,0,0,0,0,0,0,0,0,0,0,0,0,0,0,0,0,0,0,0
121531,-0.26,-102,3061,0,0,0.00,0,90,0,89.43,91.13,0,0,0,0,0,0,0,0,0,0,0,0,0,0,0,0,0,0,0,0
121567,-0.34,-151,3026,0,0,0.00,0,90,0,89.43,91.13,0,0,0,0,0,0,0,0,0,0,0,0,0,0,0,0,0,0,0,0
121603,-0.22,-143,3025,0,0,0.00,0,90,0,89.43,91.13,0,0,0,0,0,0,0,0,0,0,0,0,0,0,0,0,0,0,0,0
121639,-0.26,-87,3427,0,0,0.00,0,90,0,89.43,91.13,0,0,0,0,0,0,0,0,0,0,0,0,0,0,0,0,0,0,0,0
121675,-0.35,66,4095,0,0,0.00,0,90,0,89.43,91.13,0,0,0,0,0,0,0,0,0,0,0,0,0,0,0,0,0,0,0,0
121711,-0.33,324,4095,0,0,0.00,0,90,0,89.43,91.13,0,0,0,0,0,0,0,0,0,0,0,0,0,0,0,0,0,0,0,0
121747,-0.32,533,3389,0,0,0.00,0,90,0,89.43,91.13,0,0,0,0,0,0,0,0,0,0,0,0,0,0,0,0,0,0,0,0
121783,-0.32,527,2906,0,0,0.00,0,90,0,89.43,91.13,0,0,0,0,0,0,0,0,0,0,0,0,0,0,0,0,0,0,0,0
121819,-0.26,321,2929,0,0,0.00,0,90,0,89.43,91.13,0,0,0,0,0,0,0,0,0,0,0,0,0,0,0,0,0,0,0,0
121855,-0.27,92,3344,0,0,0.00,0,90,0,89.43,91.13,0,0,0,0,0,0,0,0,0,0,0,0,0,0,0,0,0,0,0,0
121891,-0.24,0,3760,0,0,0.00,0,90,0,89.43,91.13,0,0,0,0,0,0,0,0,0,0,0,0,0,0,0,0,0,0,0,0
121927,-0.25,41,3357,0,0,0.00,0,90,0,89.43,91.13,0,0,0,0,0,0,0,0,0,0,0,0,0,0,0,0,0,0,0,0
121963,-0.23,53,2737,0,0,0.00,0,90,0,89.43,91.13,0,0,0,0,0,0,0,0,0,0,0,0,0,0,0,0,0,0,0,0
121999,-0.20,-74,2475,0,0,0.00,0,90,0,89.43,91.13,0,0,0,0,0,0,0,0,0,0,0,0,0,0,0,0,0,0,0,0
122035,-0.16,-262,2893,0,0,0.00,0,90,0,89.43,91.13,0,0,0,0,0,0,0,0,0,0,0,0,0,0,0,0,0,0,0,0
122071,-0.30,-335,3514,0,0,0.00,0,90,0,89.43,91.13,0,0,0,0,0,0,0,0,0,0,0,0,0,0,0,0,0,0,0,0
122107,-0.24,-199,3947,0,0,0.00,0,90,0,89.43,91.13,0,0,0,0,0,0,0,0,0,0,0,0,0,0,0,0,0,0,0,0
122143,-0.34,64,3798,0,0,0.00,0,90,0,89.43,91.13,0,0,0,0,0,0,0,0,0,0,0,0,0,0,0,0,0,0,0,0
122179,-0.27,325,4095,0,0,0.00,0,90,0,89.43,91.13,0,0,0,0,0,0,0,0,0,0,0,0,0,0,0,0,0,0,0,0
122215,-0.25,526,4095,0,0,0.00,0,90,0,89.43,91.13,0,0,0,0,0,0,0,0,0,0,0,0,0,0,0,0,0,0,0,0
122251,-0.24,651,4095,0,0,0.00,0,90,0,89.43,91.13,0,0,0,0,0,0,0,0,0,0,0,0,0,0,0,0,0,0,0,0
122287,-0.21,691,4095,0,0,0.00,0,90,0,89.43,91.13,0,0,0,0,0,0,0,0,0,0,0,0,0,0,0,0,0,0,0,0
122323,-0.30,669,4095,0,0,0.00,0,90,0,89.43,91.13,0,0,0,0,0,0,0,0,0,0,0,0,0,0,0,0,0,0,0,0
122359,-0.27,610,4095,0,0,0.00,0,90,0,89.43,91.13,0,0,0,0,0,0,0,0,0,0,0,0,0,0,0,0,0,0,0,0
122395,-0.24,536,4095,0,0,0.00,0,90,0,89.43,91.13,0,0,0,0,0,0,0,0,0,0,0,0,0,0,0,0,0,0,0,0
122431,-0.36,462,4095,0,0,0.00,0,90,0,89.43,91.13,0,0,0,0,0,0,0,0,0,0,0,0,0,0,0,0,0,0,0,0
122467,-0.28,393,4095,0,0,0.00,0,90,0,89.43,91.13,0,0,0,0,0,0,0,0,0,0,0,0,0,0,0,0,0,0,0,0
122503,-0.29,332,4095,0,0,0.00,0,90,0,89.43,91.13,0,0,0,0,0,0,0,0,0,0,0,0,0,0,0,0,0,0,0,0
122539,-0.28,279,4095,0,0,0.00,0,90,0,89.43,91.13,0,0,0,0,0,0,0,0,0,0,0,0,0,0,0,0,0,0,0,0
122575,-0.27,232,4095,0,0,0.00,0,90,0,89.43,91.13,0,0,0,0,0,0,0,0,0,0,0,0,0,0,0,0,0,0,0,0
122611,-0.26,190,4095,0,0,0.00,0,90,0,89.43,91.13,0,0,0,0,0,0,0,0,0,0,0,0,0,0,0,0,0,0,0,0
122647,-0.25,130,3779,0,0,0.00,0,90,0,89.43,91.13,0,0,0,0,0,0,0,0,0,0,0,0,0,0,0,0,0,0,0,0
122683,-0.32,15,3511,0,0,0.00,0,90,0,89.43,91.13,0,0,0,0,0,0,0,0,0,0,0,0,0,0,0,0,0,0,0,0
122719,-0.28,-162,3303,0,0,0.00,0,90,0,89.43,91.13,0,0,0,0,0,0,0,0,0,0,0,0,0,0,0,0,0,0,0,0
122755,-0.30,-387,2829,0,0,0.00,0,90,0,89.43,91.13,0,0,0,0,0,0,0,0,0,0,0,0,0,0,0,0,0,0,0,0
122791,-0.29,-607,3253,0,0,0.00,0,90,0,89.43,91.13,0,0,0,0,0,0,0,0,0,0,0,0,0,0,0,0,0,0,0,0
122827,-0.28,-671,4095,0,0,0.00,0,90,0,89.43,91.13,0,0,0,0,0,0,0,0,0,0,0,0,0,0,0,0,0,0,0,0
122863,-0.25,-521,3924,0,0,0.00,0,90,0,89.43,91.13,0,0,0,0,0,0,0,0,0,0,0,0,0,0,0,0,0,0,0,0
122899,-0.20,-322,3473,0,0,0.00,0,90,0,89.43,91.13,0,0,0,0,0,0,0,0,0,0,0,0,0,0,0,0,0,0,0,0
122935,-0.24,-233,3442,0,0,0.00,0,90,0,89.43,91.13,0,0,0,0,0,0,0,0,0,0,0,0,0,0,0,0,0,0,0,0
122971,-0.25,-224,3710,0,0,0.00,0,90,0,89.43,91.13,0,0,0,0,0,0,0,0,0,0,0,0,0,0,0,0,0,0,0,0
123007,-0.28,-219,3637,0,0,0.00,0,90,0,89.43,91.13,0,0,0,0,0,0,0,0,0,0,0,0,0,0,0,0,0,0,0,0
123043,-0.23,-239,3127,0,0,0.00,0,90,0,89.43,91.13,0,0,0,0,0,0,0,0,0,0,0,0,0,0,0,0,0,0,0,0
123079,-0.17,-372,2483,0,0,0.00,0,90,0,89.43,91.13,0,0,0,0,0,0,0,0,0,0,0,0,0,0,0,0,0,0,0,0
123115,-0.28,-608,2627,0,0,0.00,0,90,0,89.43,91.13,0,0,0,0,0,0,0,0,0,0,0,0,0,0,0,0,0,0,0,0
123151,-0.33,-783,3244,0,0,0.00,0,90,0,89.43,91.13,0,0,0,0,0,0,0,0,0,0,0,0,0,0,0,0,0,0,0,0
123187,-0.27,-794,2955,0,0,0.00,0,90,0,89.43,91.13,0,0,0,0,0,0,0,0,0,0,0,0,0,0,0,0,0,0,0,0
123223,-0.30,-737,2672,0,0,0.00,0,90,0,89.43,91.13,0,0,0,0,0,0,0,0,0,0,0,0,0,0,0,0,0,0,0,0
123259,-0.32,-692,2916,0,0,0.00,0,90,0,89.43,91.13,0,0,0,0,0,0,0,0,0,0,0,0,0,0,0,0,0,0,0,0
123295,-0.30,-607,3330,0,0,0.00,0,90,0,89.43,91.13,0,0,0,0,0,0,0,0,0,0,0,0,0,0,0,0,0,0,0,0
123331,-0.33,-424,3681,0,0,0.00,0,90,0,89.43,91.13,0,0,0,0,0,0,0,0,0,0,0,0,0,0,0,0,0,0,0,0
123367,-0.32,-165,3825,0,0,0.00,0,90,0,89.43,91.13,0,0,0,0,0,0,0,0,0,0,0,0,0,0,0,0,0,0,0,0
123403,-0.26,93,3831,0,0,0.00,0,90,0,89.43,91.13,0,0,0,0,0,0,0,0,0,0,0,0,0,0,0,0,0,0,0,0
123439,-0.16,271,3622,0,0,0.00,0,90,0,89.43,91.13,0,0,0,0,0,0,0,0,0,0,0,0,0,0,0,0,0,0,0,0
123475,-0.21,318,3362,0,0,0.00,0,90,0,89.43,91.13,0,0,0,0,0,0,0,0,0,0,0,0,0,0,0,0,0,0,0,0
123511,-0.21,241,3250,0,0,0.00,0,90,0,89.43,91.13,0,0,0,0,0,0,0,0,0,0,0,0,0,0,0,0,0,0,0,0
123547,-0.29,105,3253,0,0,0.00,0,90,0,89.43,91.13,0,0,0,0,0,0,0,0,0,0,0,0,0,0,0,0,0,0,0,0
123583,-0.24,-26,3159,0,0,0.00,0,90,0,89.43,91.13,0,0,0,0,0,0,0,0,0,0,0,0,0,0,0,0,0,0,0,0
123619,-0.32,-125,3175,0,0,0.00,0,90,0,89.43,91.13,0,0,0,0,0,0,0,0,0,0,0,0,0,0,0,0,0,0,0,0
123655,-0.31,-178,3242,0,0,0.00,0,90,0,89.43,91.13,0,0,0,0,0,0,0,0,0,0,0,0,0,0,0,0,0,0,0,0
123691,-0.27,-178,3301,0,0,0.00,0,90,0,89.43,91.13,0,0,0,0,0,0,0,0,0,0,0,0,0,0,0,0,0,0,0,0
123727,-0.22,-140,3297,0,0,0.00,0,90,0,89.43,91.13,0,0,0,0,0,0,0,0,0,0,0,0,0,0,0,0,0,0,0,0
123763,-0.30,-87,3344,0,0,0.00,0,90,0,89.43,91.13,0,0,0,0,0,0,0,0,0,0,0,0,0,0,0,0,0,0,0,0
123799,-0.34,-35,3334,0,0,0.00,0,90,0,89.43,91.13,0,0,0,0,0,0,0,0,0,0,0,0,0,0,0,0,0,0,0,0
123835,-0.33,3,3296,0,0,0.00,0,90,0,89.43,91.13,0,0,0,0,0,0,0,0,0,0,0,0,0,0,0,0,0,0,0,0
123871,-0.27,20,3269,0,0,0.00,0,90,0,89.43,91.13,0,0,0,0,0,0,0,0,0,0,0,0,0,0,0,0,0,0,0,0
123907,-0.31,20,3275,0,0,0.00,0,90,0,89.43,91.13,0,0,0,0,0,0,0,0,0,0,0,0,0,0,0,0,0,0,0,0
123943,-0.27,9,3205,0,0,0.00,0,90,0,89.43,91.13,0,0,0,0,0,0,0,0,0,0,0,0,0,0,0,0,0,0,0,0
123979,-0.25,-12,3129,0,0,0.00,0,90,0,89.43,91.13,0,0,0,0,0,0,0,0,0,0,0,0,0,0,0,0,0,0,0,0
124015,-0.31,-45,3120,0,0,0.00,0,90,0,89.43,91.13,0,0,0,0,0,0,0,0,0,0,0,0,0,0,0,0,0,0,0,0
124051,-0.22,-74,3141,0,0,0.00,0,90,0,89.43,91.13,0,0,0,0,0,0,0,0,0,0,0,0,0,0,0,0,0,0,0,0
124087,-0.28,-81,3221,0,0,0.00,0,90,0,89.43,91.13,0,0,0,0,0,0,0,0,0,0,0,0,0,0,0,0,0,0,0,0
124123,-0.33,-53,3347,0,0,0.00,0,90,0,89.43,91.13,0,0,0,0,0,0,0,0,0,0,0,0,0,0,0,0,0,0,0,0
124159,-0.35,14,3510,0,0,0.00,0,90,0,89.43,91.13,0,0,0,0,0,0,0,0,0,0,0,0,0,0,0,0,0,0,0,0
124195,-0.30,114,3600,0,0,0.00,0,90,0,89.43,91.13,0,0,0,0,0,0,0,0,0,0,0,0,0,0,0,0,0,0,0,0
124231,-0.36,214,3540,0,0,0.00,0,90,0,89.43,91.13,0,0,0,0,0,0,0,0,0,0,0,0,0,0,0,0,0,0,0,0
124267,-0.35,273,3447,0,0,0.00,0,90,0,89.43,91.13,0,0,0,0,0,0,0,0,0,0,0,0,0,0,0,0,0,0,0,0
124303,-0.30,274,3368,0,0,0.00,0,90,0,89.43,91.13,0,0,0,0,0,0,0,0,0,0,0,0,0,0,0,0,0,0,0,0
124339,-0.29,228,3329,0,0,0.00,0,90,0,89.43,91.13,0,0,0,0,0,0,0,0,0,0,0,0,0,0,0,0,0,0,0,0
124375,-0.35,160,3259,0,0,0.00,0,90,0,89.43,91.13,0,0,0,0,0,0,0,0,0,0,0,0,0,0,0,0,0,0,0,0
124411,-0.35,89,3262,0,0,0.00,0,90,0,89.43,91.13,0,0,0,0,0,0,0,0,0,0,0,0,0,0,0,0,0,0,0,0
124447,-0.34,34,3270,0,0,0.00,0,90,0,89.43,91.13,0,0,0,0,0,0,0,0,0,0,0,0,0,0,0,0,0,0,0,0
124483,-0.29,2,3255,0,0,0.00,0,90,0,89.43,91.13,0,0,0,0,0,0,0,0,0,0,0,0,0,0,0,0,0,0,0,0
124519,-0.29,-15,3209,0,0,0.00,0,90,0,89.43,91.13,0,0,0,0,0,0,0,0,0,0,0,0,0,0,0,0,0,0,0,0
124555,-0.32,-32,3134,0,0,0.00,0,90,0,89.43,91.13,0,0,0,0,0,0,0,0,0,0,0,0,0,0,0,0,0,0,0,0
124591,-0.38,-59,3063,0,0,0.00,0,90,0,89.43,91.13,0,0,0,0,0,0,0,0,0,0,0,0,0,0,0,0,0,0,0,0
124627,-0.35,-95,3039,0,0,0.00,0,90,0,89.43,91.13,0,0,0,0,0,0,0,0,0,0,0,0,0,0,0,0,0,0,0,0
124663,-0.22,-126,3058,0,0,0.00,0,90,0,89.43,91.13,0,0,0,0,0,0,0,0,0,0,0,0,0,0,0,0,0,0,0,0
124699,-0.31,-139,3098,0,0,0.00,0,90,0,89.43,91.13,0,0,0,0,0,0,0,0,0,0,0,0,0,0,0,0,0,0,0,0
124735,-0.24,-131,3067,0,0,0.00,0,90,0,89.43,91.13,0,0,0,0,0,0,0,0,0,0,0,0,0,0,0,0,0,0,0,0
124771,-0.30,-111,3115,0,0,0.00,0,90,0,89.43,91.13,0,0,0,0,0,0,0,0,0,0,0,0,0,0,0,0,0,0,0,0
124807,-0.31,-85,3105,0,0,0.00,0,90,0,89.43,91.13,0,0,0,0,0,0,0,0,0,0,0,0,0,0,0,0,0,0,0,0
124843,-0.27,-61,3071,0,0,0.00,0,90,0,89.43,91.13,0,0,0,0,0,0,0,0,0,0,0,0,0,0,0,0,0,0,0,0
124879,-0.29,-48,3047,0,0,0.00,0,90,0,89.43,91.13,0,0,0,0,0,0,0,0,0,0,0,0,0,0,0,0,0,0,0,0
124915,-0.27,-44,3054,0,0,0.00,0,90,0,89.43,91.13,0,0,0,0,0,0,0,0,0,0,0,0,0,0,0,0,0,0,0,0
124951,-0.18,-29,3280,0,0,0.00,0,90,0,89.43,91.13,0,0,0,0,0,0,0,0,0,0,0,0,0,0,0,0,0,0,0,0
124987,-0.20,30,3457,0,0,0.00,0,90,0,89.43,91.13,0,0,0,0,0,0,0,0,0,0,0,0,0,0,0,0,0,0,0,0
125023,-0.28,136,3603,0,0,0.00,0,90,0,89.43,91.13,0,0,0,0,0,0,0,0,0,0,0,0,0,0,0,0,0,0,0,0
125059,-0.30,265,3723,0,0,0.00,0,90,0,89.43,91.13,0,0,0,0,0,0,0,0,0,0,0,0,0,0,0,0,0,0,0,0
125095,-0.29,379,3643,0,0,0.00,0,90,0,89.43,91.13,0,0,0,0,0,0,0,0,0,0,0,0,0,0,0,0,0,0,0,0
125131,-0.26,426,3383,0,0,0.00,0,90,0,89.43,91.13,0,0,0,0,0,0,0,0,0,0,0,0,0,0,0,0,0,0,0,0
125167,-0.26,351,2865,0,0,0.00,0,90,0,89.43,91.13,0,0,0,0,0,0,0,0,0,0,0,0,0,0,0,0,0,0,0,0
125203,-0.19,106,2000,0,0,0.00,0,90,0,89.43,91.13,0,0,0,0,0,0,0,0,0,0,0,0,0,0,0,0,0,0,0,0
125239,-0.33,-341,1005,0,0,0.00,0,90,0,89.43,91.13,0,0,0,0,0,0,0,0,0,0,0,0,0,0,0,0,0,0,0,0
125275,-0.21,-943,453,0,0,0.00,0,90,0,89.43,91.13,0,0,0,0,0,0,0,0,0,0,0,0,0,0,0,0,0,0,0,0
125311,-0.25,-1541,359,0,0,0.00,0,90,0,89.43,91.13,0,0,0,0,0,0,0,0,0,0,0,0,0,0,0,0,0,0,0,0
125347,-0.26,-1950,607,0,0,0.00,0,90,0,89.43,91.13,0,0,0,0,0,0,0,0,0,0,0,0,0,0,0,0,0,0,0,0
125383,-0.22,-2056,1090,0,0,0.00,0,90,0,89.43,91.13,0,0,0,0,0,0,0,0,0,0,0,0,0,0,0,0,0,0,0,0
125419,-0.23,-1849,1588,0,0,0.00,0,90,0,89.43,91.13,0,0,0,0,0,0,0,0,0,0,0,0,0,0,0,0,0,0,0,0
125455,-0.26,-1409,2018,0,0,0.00,0,90,0,89.43,91.13,0,0,0,0,0,0,0,0,0,0,0,0,0,0,0,0,0,0,0,0
125491,-0.27,-852,2443,0,0,0.00,0,90,0,89.43,91.13,0,0,0,0,0,0,0,0,0,0,0,0,0,0,0,0,0,0,0,0
125527,-0.31,-295,2554,0,0,0.00,0,90,0,89.43,91.13,0,0,0,0,0,0,0,0,0,0,0,0,0,0,0,0,0,0,0,0
125563,-0.21,150,2480,0,0,0.00,0,90,0,89.43,91.13,0,0,0,0,0,0,0,0,0,0,0,0,0,0,0,0,0,0,0,0
125599,-0.26,428,2489,0,0,0.00,0,90,0,89.43,91.13,0,0,0,0,0,0,0,0,0,0,0,0,0,0,0,0,0,0,0,0
125635,-0.29,565,2633,0,0,0.00,0,90,0,89.43,91.13,0,0,0,0,0,0,0,0,0,0,0,0,0,0,0,0,0,0,0,0
125671,-0.27,626,2643,0,0,0.00,0,90,0,89.43,91.13,0,0,0,0,0,0,0,0,0,0,0,0,0,0,0,0,0,0,0,0
125707,-0.27,641,2591,0,0,0.00,0,90,0,89.43,91.13,0,0,0,0,0,0,0,0,0,0,0,0,0,0,0,0,0,0,0,0
125743,-0.31,624,2619,0,0,0.00,0,90,0,89.43,91.13,0,0,0,0,0,0,0,0,0,0,0,0,0,0,0,0,0,0,0,0
125779,-0.20,602,2736,0,0,0.00,0,90,0,89.43,91.13,0,0,0,0,0,0,0,0,0,0,0,0,0,0,0,0,0,0,0,0
125815,-0.30,608,2949,0,0,0.00,0,90,0,89.43,91.13,0,0,0,0,0,0,0,0,0,0,0,0,0,0,0,0,0,0,0,0
125851,-0.21,674,3315,0,0,0.00,0,90,0,89.43,91.13,0,0,0,0,0,0,0,0,0,0,0,0,0,0,0,0,0,0,0,0
125887,-0.24,832,3888,0,0,0.00,0,90,0,89.43,91.13,0,0,0,0,0,0,0,0,0,0,0,0,0,0,0,0,0,0,0,0
125923,-0.26,1074,4095,0,0,0.00,0,90,0,89.43,91.13,0,0,0,0,0,0,0,0,0,0,0,0,0,0,0,0,0,0,0,0
125959,-0.29,1318,4095,0,0,0.00,0,90,0,89.43,91.13,0,0,0,0,0,0,0,0,0,0,0,0,0,0,0,0,0,0,0,0
125995,-0.31,1475,4095,0,0,0.00,0,90,0,89.43,91.13,0,0,0,0,0,0,0,0,0,0,0,0,0,0,0,0,0,0,0,0
126031,-0.20,1483,3543,0,0,0.00,0,90,0,89.43,91.13,0,0,0,0,0,0,0,0,0,0,0,0,0,0,0,0,0,0,0,0
126067,-0.36,1309,3283,0,0,0.00,0,90,0,89.43,91.13,0,0,0,0,0,0,0,0,0,0,0,0,0,0,0,0,0,0,0,0
126103,-0.30,1015,3258,0,0,0.00,0,90,0,89.43,91.13,0,0,0,0,0,0,0,0,0,0,0,0,0,0,0,0,0,0,0,0
126139,-0.26,728,3431,0,0,0.00,0,90,0,89.43,91.13,0,0,0,0,0,0,0,0,0,0,0,0,0,0,0,0,0,0,0,0
126175,-0.26,546,3693,0,0,0.00,0,90,0,89.43,91.13,0,0,0,0,0,0,0,0,0,0,0,0,0,0,0,0,0,0,0,0
126211,-0.31,492,3755,0,0,0.00,0,90,0,89.43,91.13,0,0,0,0,0,0,0,0,0,0,0,0,0,0,0,0,0,0,0,0
126247,-0.27,497,3548,0,0,0.00,0,90,0,89.43,91.13,0,0,0,0,0,0,0,0,0,0,0,0,0,0,0,0,0,0,0,0
126283,-0.23,461,3193,0,0,0.00,0,90,0,89.43,91.13,0,0,0,0,0,0,0,0,0,0,0,0,0,0,0,0,0,0,0,0
126319,-0.29,322,2825,0,0,0.00,0,90,0,89.43,91.13,0,0,0,0,0,0,0,0,0,0,0,0,0,0,0,0,0,0,0,0
126355,-0.30,88,2608,0,0,0.00,0,90,0,89.43,91.13,0,0,0,0,0,0,0,0,0,0,0,0,0,0,0,0,0,0,0,0
126391,-0.29,-168,2640,0,0,0.00,0,90,0,89.43,91.13,0,0,0,0,0,0,0,0,0,0,0,0,0,0,0,0,0,0,0,0
126427,-0.23,-358,2789,0,0,0.00,0,90,0,89.43,91.13,0,0,0,0,0,0,0,0,0,0,0,0,0,0,0,0,0,0,0,0
126463,-0.24,-428,2988,0,0,0.00,0,90,0,89.43,91.13,0,0,0,0,0,0,0,0,0,0,0,0,0,0,0,0,0,0,0,0
126499,-0.17,-374,3238,0,0,0.00,0,90,0,89.43,91.13,0,0,0,0,0,0,0,0,0,0,0,0,0,0,0,0,0,0,0,0
126535,-0.27,-231,3359,0,0,0.00,0,90,0,89.43,91.13,0,0,0,0,0,0,0,0,0,0,0,0,0,0,0,0,0,0,0,0
126571,-0.26,-69,3278,0,0,0.00,0,90,0,89.43,91.13,0,0,0,0,0,0,0,0,0,0,0,0,0,0,0,0,0,0,0,0
126607,-0.23,38,3145,0,0,0.00,0,90,0,89.43,91.13,0,0,0,0,0,0,0,0,0,0,0,0,0,0,0,0,0,0,0,0
126643,-0.18,65,3111,0,0,0.00,0,90,0,89.43,91.13,0,0,0,0,0,0,0,0,0,0,0,0,0,0,0,0,0,0,0,0
126679,-0.28,33,3094,0,0,0.00,0,90,0,89.43,91.13,0,0,0,0,0,0,0,0,0,0,0,0,0,0,0,0,0,0,0,0
126715,-0.25,-15,3143,0,0,0.00,0,90,0,89.43,91.13,0,0,0,0,0,0,0,0,0,0,0,0,0,0,0,0,0,0,0,0
126751,-0.18,-48,3252,0,0,0.00,0,90,0,89.43,91.13,0,0,0,0,0,0,0,0,0,0,0,0,0,0,0,0,0,0,0,0
126787,-0.24,-44,3340,0,0,0.00,0,90,0,89.43,91.13,0,0,0,0,0,0,0,0,0,0,0,0,0,0,0,0,0,0,0,0
126823,-0.28,-12,3331,0,0,0.00,0,90,0,89.43,91.13,0,0,0,0,0,0,0,0,0,0,0,0,0,0,0,0,0,0,0,0
126859,-0.22,19,3291,0,0,0.00,0,90,0,89.43,91.13,0,0,0,0,0,0,0,0,0,0,0,0,0,0,0,0,0,0,0,0
126895,-0.27,25,3189,0,0,0.00,0,90,0,89.43,91.13,0,0,0,0,0,0,0,0,0,0,0,0,0,0,0,0,0,0,0,0
126931,-0.27,-6,3088,0,0,0.00,0,90,0,89.43,91.13,0,0,0,0,0,0,0,0,0,0,0,0,0,0,0,0,0,0,0,0
126967,-0.22,-69,3039,0,0,0.00,0,90,0,89.43,91.13,0,0,0,0,0,0,0,0,0,0,0,0,0,0,0,0,0,0,0,0
127003,-0.20,-136,3103,0,0,0.00,0,90,0,89.43,91.13,0,0,0,0,0,0,0,0,0,0,0,0,0,0,0,0,0,0,0,0
127039,-0.19,-174,3177,0,0,0.00,0,90,0,89.43,91.13,0,0,0,0,0,0,0,0,0,0,0,0,0,0,0,0,0,0,0,0
127075,-0.27,-170,3246,0,0,0.00,0,90,0,89.43,91.13,0,0,0,0,0,0,0,0,0,0,0,0,0,0,0,0,0,0,0,0
127111,-0.28,-134,3303,0,0,0.00,0,90,0,89.43,91.13,0,0,0,0,0,0,0,0,0,0,0,0,0,0,0,0,0,0,0,0
127147,-0.13,-83,3311,0,0,0.00,0,90,0,89.43,91.13,0,0,0,0,0,0,0,0,0,0,0,0,0,0,0,0,0,0,0,0
127183,-0.23,-38,3320,0,0,0.00,0,90,0,89.43,91.13,0,0,0,0,0,0,0,0,0,0,0,0,0,0,0,0,0,0,0,0
127219,-0.28,-7,3331,0,0,0.00,0,90,0,89.43,91.13,0,0,0,0,0,0,0,0,0,0,0,0,0,0,0,0,0,0,0,0
127255,-0.23,10,3371,0,0,0.00,0,90,0,89.43,91.13,0,0,0,0,0,0,0,0,0,0,0,0,0,0,0,0,0,0,0,0
127291,-0.25,14,3266,0,0,0.00,0,90,0,89.43,91.13,0,0,0,0,0,0,0,0,0,0,0,0,0,0,0,0,0,0,0,0
127327,-0.23,-22,2960,0,0,0.00,0,90,0,89.43,91.13,0,0,0,0,0,0,0,0,0,0,0,0,0,0,0,0,0,0,0,0
127363,-0.28,-133,2612,0,0,0.00,0,90,0,89.43,91.13,0,0,0,0,0,0,0,0,0,0,0,0,0,0,0,0,0,0,0,0
127399,-0.24,-326,2270,0,0,0.00,0,90,0,89.43,91.13,0,0,0,0,0,0,0,0,0,0,0,0,0,0,0,0,0,0,0,0
127435,-0.25,-575,1931,0,0,0.00,0,90,0,89.43,91.13,0,0,0,0,0,0,0,0,0,0,0,0,0,0,0,0,0,0,0,0
127471,-0.32,-847,1573,0,0,0.00,0,90,0,89.43,91.13,0,0,0,0,0,0,0,0,0,0,0,0,0,0,0,0,0,0,0,0
127507,-0.26,-1104,1439,0,0,0.00,0,90,0,89.43,91.13,0,0,0,0,0,0,0,0,0,0,0,0,0,0,0,0,0,0,0,0
127543,-0.21,-1277,1667,0,0,0.00,0,90,0,89.43,91.13,0,0,0,0,0,0,0,0,0,0,0,0,0,0,0,0,0,0,0,0
127579,-0.19,-1269,2358,0,0,0.00,0,90,0,89.43,91.13,0,0,0,0,0,0,0,0,0,0,0,0,0,0,0,0,0,0,0,0
127615,-0.25,-985,3495,0,0,0.00,0,90,0,89.43,91.13,0,0,0,0,0,0,0,0,0,0,0,0,0,0,0,0,0,0,0,0
127651,-0.34,-422,4095,0,0,0.00,0,90,0,89.43,91.13,0,0,0,0,0,0,0,0,0,0,0,0,0,0,0,0,0,0,0,0
127687,-0.26,241,4095,0,0,0.00,0,90,0,89.43,91.13,0,0,0,0,0,0,0,0,0,0,0,0,0,0,0,0,0,0,0,0
127723,-0.24,783,4095,0,0,0.00,0,90,0,89.43,91.13,0,0,0,0,0,0,0,0,0,0,0,0,0,0,0,0,0,0,0,0
127759,-0.26,1073,3651,0,0,0.00,0,90,0,89.43,91.13,0,0,0,0,0,0,0,0,0,0,0,0,0,0,0,0,0,0,0,0
127795,-0.26,1038,2685,0,0,0.00,0,90,0,89.43,91.13,0,0,0,0,0,0,0,0,0,0,0,0,0,0,0,0,0,0,0,0
127831,-0.27,693,2384,0,0,0.00,0,90,0,89.43,91.13,0,0,0,0,0,0,0,0,0,0,0,0,0,0,0,0,0,0,0,0
127867,-0.27,243,2769,0,0,0.00,0,90,0,89.43,91.13,0,0,0,0,0,0,0,0,0,0,0,0,0,0,0,0,0,0,0,0
127903,-0.27,-5,4058,0,0,0.00,0,90,0,89.43,91.13,0,0,0,0,0,0,0,0,0,0,0,0,0,0,0,0,0,0,0,0
127939,-0.31,90,4095,0,0,0.00,0,90,0,89.43,91.13,0,0,0,0,0,0,0,0,0,0,0,0,0,0,0,0,0,0,0,0
127975,-0.23,373,4095,0,0,0.00,0,90,0,89.43,91.13,0,0,0,0,0,0,0,0,0,0,0,0,0,0,0,0,0,0,0,0
128011,-0.28,635,4095,0,0,0.00,0,90,0,89.43,91.13,0,0,0,0,0,0,0,0,0,0,0,0,0,0,0,0,0,0,0,0
128047,-0.26,784,3919,0,0,0.00,0,90,0,89.43,91.13,0,0,0,0,0,0,0,0,0,0,0,0,0,0,0,0,0,0,0,0
128083,-0.28,780,3567,0,0,0.00,0,90,0,89.43,91.13,0,0,0,0,0,0,0,0,0,0,0,0,0,0,0,0,0,0,0,0
128119,-0.22,632,3433,0,0,0.00,0,90,0,89.43,91.13,0,0,0,0,0,0,0,0,0,0,0,0,0,0,0,0,0,0,0,0
128155,-0.30,409,3326,0,0,0.00,0,90,0,89.43,91.13,0,0,0,0,0,0,0,0,0,0,0,0,0,0,0,0,0,0,0,0
128191,-0.30,191,3378,0,0,0.00,0,90,0,89.43,91.13,0,0,0,0,0,0,0,0,0,0,0,0,0,0,0,0,0,0,0,0
128227,-0.31,46,3605,0,0,0.00,0,90,0,89.43,91.13,0,0,0,0,0,0,0,0,0,0,0,0,0,0,0,0,0,0,0,0
128263,-0.23,10,3758,0,0,0.00,0,90,0,89.43,91.13,0,0,0,0,0,0,0,0,0,0,0,0,0,0,0,0,0,0,0,0
128299,-0.24,25,3280,0,0,0.00,0,90,0,89.43,91.13,0,0,0,0,0,0,0,0,0,0,0,0,0,0,0,0,0,0,0,0
128335,-0.28,-51,2496,0,0,0.00,0,90,0,89.43,91.13,0,0,0,0,0,0,0,0,0,0,0,0,0,0,0,0,0,0,0,0
128371,-0.21,-306,1995,0,0,0.00,0,90,0,89.43,91.13,0,0,0,0,0,0,0,0,0,0,0,0,0,0,0,0,0,0,0,0
128407,-0.29,-653,2180,0,0,0.00,0,90,0,89.43,91.13,0,0,0,0,0,0,0,0,0,0,0,0,0,0,0,0,0,0,0,0
128443,-0.28,-903,2519,0,0,0.00,0,90,0,89.43,91.13,0,0,0,0,0,0,0,0,0,0,0,0,0,0,0,0,0,0,0,0
128479,-0.20,-966,2544,0,0,0.00,0,90,0,89.43,91.13,0,0,0,0,0,0,0,0,0,0,0,0,0,0,0,0,0,0,0,0
128515,-0.21,-895,2479,0,0,0.00,0,90,0,89.43,91.13,0,0,0,0,0,0,0,0,0,0,0,0,0,0,0,0,0,0,0,0
128551,-0.27,-780,2499,0,0,0.00,0,90,0,89.43,91.13,0,0,0,0,0,0,0,0,0,0,0,0,0,0,0,0,0,0,0,0
128587,-0.27,-659,2559,0,0,0.00,0,90,0,89.43,91.13,0,0,0,0,0,0,0,0,0,0,0,0,0,0,0,0,0,0,0,0
128623,-0.29,-548,2545,0,0,0.00,0,90,0,89.43,91.13,0,0,0,0,0,0,0,0,0,0,0,0,0,0,0,0,0,0,0,0
128659,-0.26,-450,2633,0,0,0.00,0,90,0,89.43,91.13,0,0,0,0,0,0,0,0,0,0,0,0,0,0,0,0,0,0,0,0
128695,-0.29,-300,3600,0,0,0.00,0,90,0,89.43,91.13,0,0,0,0,0,0,0,0,0,0,0,0,0,0,0,0,0,0,0,0
128731,-0.27,-2,4095,0,0,0.00,0,90,0,89.43,91.13,0,0,0,0,0,0,0,0,0,0,0,0,0,0,0,0,0,0,0,0
128767,-0.36,390,4095,0,0,0.00,0,90,0,89.43,91.13,0,0,0,0,0,0,0,0,0,0,0,0,0,0,0,0,0,0,0,0
128803,-0.29,727,4095,0,0,0.00,0,90,0,89.43,91.13,0,0,0,0,0,0,0,0,0,0,0,0,0,0,0,0,0,0,0,0
128839,-0.23,927,4095,0,0,0.00,0,90,0,89.43,91.13,0,0,0,0,0,0,0,0,0,0,0,0,0,0,0,0,0,0,0,0
128875,-0.30,993,4095,0,0,0.00,0,90,0,89.43,91.13,0,0,0,0,0,0,0,0,0,0,0,0,0,0,0,0,0,0,0,0
128911,-0.31,965,4095,0,0,0.00,0,90,0,89.43,91.13,0,0,0,0,0,0,0,0,0,0,0,0,0,0,0,0,0,0,0,0
128947,-0.14,885,4095,0,0,0.00,0,90,0,89.43,91.13,0,0,0,0,0,0,0,0,0,0,0,0,0,0,0,0,0,0,0,0
128983,-0.29,689,2594,0,0,0.00,0,90,0,89.43,91.13,0,0,0,0,0,0,0,0,0,0,0,0,0,0,0,0,0,0,0,0
129019,-0.25,290,2524,0,0,0.00,0,90,0,89.43,91.13,0,0,0,0,0,0,0,0,0,0,0,0,0,0,0,0,0,0,0,0
129055,-0.27,-168,2740,0,0,0.00,0,90,0,89.43,91.13,0,0,0,0,0,0,0,0,0,0,0,0,0,0,0,0,0,0,0,0
129091,-0.29,-494,2658,0,0,0.00,0,90,0,89.43,91.13,0,0,0,0,0,0,0,0,0,0,0,0,0,0,0,0,0,0,0,0
129127,-0.28,-675,2399,0,0,0.00,0,90,0,89.43,91.13,0,0,0,0,0,0,0,0,0,0,0,0,0,0,0,0,0,0,0,0
129163,-0.29,-784,2223,0,0,0.00,0,90,0,89.43,91.13,0,0,0,0,0,0,0,0,0,0,0,0,0,0,0,0,0,0,0,0
129199,-0.23,-850,2291,0,0,0.00,0,90,0,89.43,91.13,0,0,0,0,0,0,0,0,0,0,0,0,0,0,0,0,0,0,0,0
129235,-0.22,-867,2224,0,0,0.00,0,90,0,89.43,91.13,0,0,0,0,0,0,0,0,0,0,0,0,0,0,0,0,0,0,0,0
129271,-0.28,-871,1773,0,0,0.00,0,90,0,89.43,91.13,0,0,0,0,0,0,0,0,0,0,0,0,0,0,0,0,0,0,0,0
129307,-0.29,-912,1751,0,0,0.00,0,90,0,89.43,91.13,0,0,0,0,0,0,0,0,0,0,0,0,0,0,0,0,0,0,0,0
129343,-0.33,-888,2871,0,0,0.00,0,90,0,89.43,91.13,0,0,0,0,0,0,0,0,0,0,0,0,0,0,0,0,0,0,0,0
129379,-0.24,-601,4095,0,0,0.00,0,90,0,89.43,91.13,0,0,0,0,0,0,0,0,0,0,0,0,0,0,0,0,0,0,0,0
129415,-0.24,-50,4095,0,0,0.00,0,90,0,89.43,91.13,0,0,0,0,0,0,0,0,0,0,0,0,0,0,0,0,0,0,0,0
129451,-0.29,518,4095,0,0,0.00,0,90,0,89.43,91.13,0,0,0,0,0,0,0,0,0,0,0,0,0,0,0,0,0,0,0,0
129487,-0.26,910,4003,0,0,0.00,0,90,0,89.43,91.13,0,0,0,0,0,0,0,0,0,0,0,0,0,0,0,0,0,0,0,0
129523,-0.31,1071,3755,0,0,0.00,0,90,0,89.43,91.13,0,0,0,0,0,0,0,0,0,0,0,0,0,0,0,0,0,0,0,0
129559,-0.22,1010,3375,0,0,0.00,0,90,0,89.43,91.13,0,0,0,0,0,0,0,0,0,0,0,0,0,0,0,0,0,0,0,0
129595,-0.25,771,3008,0,0,0.00,0,90,0,89.43,91.13,0,0,0,0,0,0,0,0,0,0,0,0,0,0,0,0,0,0,0,0
129631,-0.25,439,2924,0,0,0.00,0,90,0,89.43,91.13,0,0,0,0,0,0,0,0,0,0,0,0,0,0,0,0,0,0,0,0
129667,-0.26,129,2973,0,0,0.00,0,90,0,89.43,91.13,0,0,0,0,0,0,0,0,0,0,0,0,0,0,0,0,0,0,0,0
129703,-0.21,-73,3118,0,0,0.00,0,90,0,89.43,91.13,0,0,0,0,0,0,0,0,0,0,0,0,0,0,0,0,0,0,0,0
129739,-0.24,-112,3730,0,0,0.00,0,90,0,89.43,91.13,0,0,0,0,0,0,0,0,0,0,0,0,0,0,0,0,0,0,0,0
129775,-0.22,34,4095,0,0,0.00,0,90,0,89.43,91.13,0,0,0,0,0,0,0,0,0,0,0,0,0,0,0,0,0,0,0,0
129811,-0.25,294,4095,0,0,0.00,0,90,0,89.43,91.13,0,0,0,0,0,0,0,0,0,0,0,0,0,0,0,0,0,0,0,0
129847,-0.21,534,4095,0,0,0.00,0,90,0,89.43,91.13,0,0,0,0,0,0,0,0,0,0,0,0,0,0,0,0,0,0,0,0
129883,-0.26,680,4095,0,0,0.00,0,90,0,89.43,91.13,0,0,0,0,0,0,0,0,0,0,0,0,0,0,0,0,0,0,0,0
129919,-0.24,729,4095,0,0,0.00,0,90,0,89.43,91.13,0,0,0,0,0,0,0,0,0,0,0,0,0,0,0,0,0,0,0,0
129955,-0.32,706,4095,0,0,0.00,0,90,0,89.43,91.13,0,0,0,0,0,0,0,0,0,0,0,0,0,0,0,0,0,0,0,0
129991,-0.27,630,3912,0,0,0.00,0,90,0,89.43,91.13,0,0,0,0,0,0,0,0,0,0,0,0,0,0,0,0,0,0,0,0
130027,-0.34,458,3049,0,0,0.00,0,90,0,89.43,91.13,0,0,0,0,0,0,0,0,0,0,0,0,0,0,0,0,0,0,0,0
130063,-0.25,199,3632,0,0,0.00,0,90,0,89.43,91.13,0,0,0,0,0,0,0,0,0,0,0,0,0,0,0,0,0,0,0,0
130099,-0.29,25,4095,0,0,0.00,0,90,0,89.43,91.13,0,0,0,0,0,0,0,0,0,0,0,0,0,0,0,0,0,0,0,0
130135,-0.24,9,3829,0,0,0.00,0,90,0,89.43,91.13,0,0,0,0,0,0,0,0,0,0,0,0,0,0,0,0,0,0,0,0
130171,-0.21,-25,2675,0,0,0.00,0,90,0,89.43,91.13,0,0,0,0,0,0,0,0,0,0,0,0,0,0,0,0,0,0,0,0
130207,-0.28,-314,1347,0,0,0.00,0,90,0,89.43,91.13,0,0,0,0,0,0,0,0,0,0,0,0,0,0,0,0,0,0,0,0
130243,-0.26,-927,219,0,0,0.00,0,90,0,89.43,91.13,0,0,0,0,0,0,0,0,0,0,0,0,0,0,0,0,0,0,0,0
130279,-0.31,-1679,448,0,0,0.00,0,90,0,89.43,91.13,0,0,0,0,0,0,0,0,0,0,0,0,0,0,0,0,0,0,0,0
130315,-0.27,-2203,1373,0,0,0.00,0,90,0,89.43,91.13,0,0,0,0,0,0,0,0,0,0,0,0,0,0,0,0,0,0,0,0
130351,-0.29,-2237,2307,0,0,0.00,0,90,0,89.43,91.13,0,0,0,0,0,0,0,0,0,0,0,0,0,0,0,0,0,0,0,0
130387,-0.31,-1780,3211,0,0,0.00,0,90,0,89.43,91.13,0,0,0,0,0,0,0,0,0,0,0,0,0,0,0,0,0,0,0,0
130423,-0.30,-1010,3839,0,0,0.00,0,90,0,89.43,91.13,0,0,0,0,0,0,0,0,0,0,0,0,0,0,0,0,0,0,0,0
130459,-0.30,-195,3644,0,0,0.00,0,90,0,89.43,91.13,0,0,0,0,0,0,0,0,0,0,0,0,0,0,0,0,0,0,0,0
130495,-0.36,397,3307,0,0,0.00,0,90,0,89.43,91.13,0,0,0,0,0,0,0,0,0,0,0,0,0,0,0,0,0,0,0,0
130531,-0.27,658,3143,0,0,0.00,0,90,0,89.43,91.13,0,0,0,0,0,0,0,0,0,0,0,0,0,0,0,0,0,0,0,0
130567,-0.22,662,3149,0,0,0.00,0,90,0,89.43,91.13,0,0,0,0,0,0,0,0,0,0,0,0,0,0,0,0,0,0,0,0
130603,-0.29,548,3187,0,0,0.00,0,90,0,89.43,91.13,0,0,0,0,0,0,0,0,0,0,0,0,0,0,0,0,0,0,0,0
130639,-0.19,421,3212,0,0,0.00,0,90,0,89.43,91.13,0,0,0,0,0,0,0,0,0,0,0,0,0,0,0,0,0,0,0,0
130675,-0.32,304,2901,0,0,0.00,0,90,0,89.43,91.13,0,0,0,0,0,0,0,0,0,0,0,0,0,0,0,0,0,0,0,0
130711,-0.28,139,2217,0,0,0.00,0,90,0,89.43,91.13,0,0,0,0,0,0,0,0,0,0,0,0,0,0,0,0,0,0,0,0
130747,-0.31,-107,2158,0,0,0.00,0,90,0,89.43,91.13,0,0,0,0,0,0,0,0,0,0,0,0,0,0,0,0,0,0,0,0
130783,-0.23,-301,3042,0,0,0.00,0,90,0,89.43,91.13,0,0,0,0,0,0,0,0,0,0,0,0,0,0,0,0,0,0,0,0
130819,-0.33,-229,4095,0,0,0.00,0,90,0,89.43,91.13,0,0,0,0,0,0,0,0,0,0,0,0,0,0,0,0,0,0,0,0
130855,-0.28,123,4095,0,0,0.00,0,90,0,89.43,91.13,0,0,0,0,0,0,0,0,0,0,0,0,0,0,0,0,0,0,0,0
130891,-0.25,517,3686,0,0,0.00,0,90,0,89.43,91.13,0,0,0,0,0,0,0,0,0,0,0,0,0,0,0,0,0,0,0,0
130927,-0.20,718,3234,0,0,0.00,0,90,0,89.43,91.13,0,0,0,0,0,0,0,0,0,0,0,0,0,0,0,0,0,0,0,0
130963,-0.29,668,2966,0,0,0.00,0,90,0,89.43,91.13,0,0,0,0,0,0,0,0,0,0,0,0,0,0,0,0,0,0,0,0
130999,-0.25,455,2898,0,0,0.00,0,90,0,89.43,91.13,0,0,0,0,0,0,0,0,0,0,0,0,0,0,0,0,0,0,0,0
131035,-0.26,205,2866,0,0,0.00,0,90,0,89.43,91.13,0,0,0,0,0,0,0,0,0,0,0,0,0,0,0,0,0,0,0,0
131071,-0.20,6,2915,0,0,0.00,0,90,0,89.43,91.13,0,0,0,0,0,0,0,0,0,0,0,0,0,0,0,0,0,0,0,0
131107,-0.21,-113,2850,0,0,0.00,0,90,0,89.43,91.13,0,0,0,0,0,0,0,0,0,0,0,0,0,0,0,0,0,0,0,0
131143,-0.21,-182,2672,0,0,0.00,0,90,0,89.43,91.13,0,0,0,0,0,0,0,0,0,0,0,0,0,0,0,0,0,0,0,0
131179,-0.33,-234,2640,0,0,0.00,0,90,0,89.43,91.13,0,0,0,0,0,0,0,0,0,0,0,0,0,0,0,0,0,0,0,0
131215,-0.27,-255,2941,0,0,0.00,0,90,0,89.43,91.13,0,0,0,0,0,0,0,0,0,0,0,0,0,0,0,0,0,0,0,0
131251,-0.30,-193,3252,0,0,0.00,0,90,0,89.43,91.13,0,0,0,0,0,0,0,0,0,0,0,0,0,0,0,0,0,0,0,0
131287,-0.19,-52,3270,0,0,0.00,0,90,0,89.43,91.13,0,0,0,0,0,0,0,0,0,0,0,0,0,0,0,0,0,0,0,0
131323,-0.27,102,3285,0,0,0.00,0,90,0,89.43,91.13,0,0,0,0,0,0,0,0,0,0,0,0,0,0,0,0,0,0,0,0
131359,-0.27,222,3351,0,0,0.00,0,90,0,89.43,91.13,0,0,0,0,0,0,0,0,0,0,0,0,0,0,0,0,0,0,0,0
131395,-0.28,297,3344,0,0,0.00,0,90,0,89.43,91.13,0,0,0,0,0,0,0,0,0,0,0,0,0,0,0,0,0,0,0,0
131431,-0.30,326,3273,0,0,0.00,0,90,0,89.43,91.13,0,0,0,0,0,0,0,0,0,0,0,0,0,0,0,0,0,0,0,0
131467,-0.25,313,3295,0,0,0.00,0,90,0,89.43,91.13,0,0,0,0,0,0,0,0,0,0,0,0,0,0,0,0,0,0,0,0
131503,-0.22,293,3523,0,0,0.00,0,90,0,89.43,91.13,0,0,0,0,0,0,0,0,0,0,0,0,0,0,0,0,0,0,0,0
131539,-0.20,313,3732,0,0,0.00,0,90,0,89.43,91.13,0,0,0,0,0,0,0,0,0,0,0,0,0,0,0,0,0,0,0,0
131575,-0.24,375,3699,0,0,0.00,0,90,0,89.43,91.13,0,0,0,0,0,0,0,0,0,0,0,0,0,0,0,0,0,0,0,0
131611,-0.29,427,3617,0,0,0.00,0,90,0,89.43,91.13,0,0,0,0,0,0,0,0,0,0,0,0,0,0,0,0,0,0,0,0
131647,-0.25,417,3327,0,0,0.00,0,90,0,89.43,91.13,0,0,0,0,0,0,0,0,0,0,0,0,0,0,0,0,0,0,0,0
131683,-0.31,313,3042,0,0,0.00,0,90,0,89.43,91.13,0,0,0,0,0,0,0,0,0,0,0,0,0,0,0,0,0,0,0,0
131719,-0.34,132,2915,0,0,0.00,0,90,0,89.43,91.13,0,0,0,0,0,0,0,0,0,0,0,0,0,0,0,0,0,0,0,0
131755,-0.28,-70,2813,0,0,0.00,0,90,0,89.43,91.13,0,0,0,0,0,0,0,0,0,0,0,0,0,0,0,0,0,0,0,0
131791,-0.24,-352,1123,0,0,0.00,0,90,0,89.43,91.13,0,0,0,0,0,0,0,0,0,0,0,0,0,0,0,0,0,0,0,0
131827,-0.26,-870,0,0,0,0.00,0,90,0,89.43,91.13,0,0,0,0,0,0,0,0,0,0,0,0,0,0,0,0,0,0,0,0
131863,-0.36,-1557,0,0,0,0.00,0,90,0,89.43,91.13,0,0,0,0,0,0,0,0,0,0,0,0,0,0,0,0,0,0,0,0
131899,-0.23,-2136,0,0,0,0.00,0,90,0,89.43,91.13,0,0,0,0,0,0,0,0,0,0,0,0,0,0,0,0,0,0,0,0
131935,-0.22,-2448,0,0,0,0.00,0,90,0,89.43,91.13,0,0,0,0,0,0,0,0,0,0,0,0,0,0,0,0,0,0,0,0
131971,-0.30,-2353,2304,0,0,0.00,0,90,0,89.43,91.13,0,0,0,0,0,0,0,0,0,0,0,0,0,0,0,0,0,0,0,0
132007,-0.29,-1655,4095,0,0,0.00,0,90,0,89.43,91.13,0,0,0,0,0,0,0,0,0,0,0,0,0,0,0,0,0,0,0,0
132043,-0.21,-508,4095,0,0,0.00,0,90,0,89.43,91.13,0,0,0,0,0,0,0,0,0,0,0,0,0,0,0,0,0,0,0,0
132079,-0.32,603,4095,0,0,0.00,0,90,0,89.43,91.13,0,0,0,0,0,0,0,0,0,0,0,0,0,0,0,0,0,0,0,0
132115,-0.24,1364,4095,0,0,0.00,0,90,0,89.43,91.13,0,0,0,0,0,0,0,0,0,0,0,0,0,0,0,0,0,0,0,0
132151,-0.27,1741,4095,0,0,0.00,0,90,0,89.43,91.13,0,0,0,0,0,0,0,0,0,0,0,0,0,0,0,0,0,0,0,0
132187,-0.30,1824,4095,0,0,0.00,0,90,0,89.43,91.13,0,0,0,0,0,0,0,0,0,0,0,0,0,0,0,0,0,0,0,0
132223,-0.25,1732,4095,0,0,0.00,0,90,0,89.43,91.13,0,0,0,0,0,0,0,0,0,0,0,0,0,0,0,0,0,0,0,0
132259,-0.25,1562,4095,0,0,0.00,0,90,0,89.43,91.13,0,0,0,0,0,0,0,0,0,0,0,0,0,0,0,0,0,0,0,0
132295,-0.28,1372,4029,0,0,0.00,0,90,0,89.43,91.13,0,0,0,0,0,0,0,0,0,0,0,0,0,0,0,0,0,0,0,0
132331,-0.24,1179,3879,0,0,0.00,0,90,0,89.43,91.13,0,0,0,0,0,0,0,0,0,0,0,0,0,0,0,0,0,0,0,0
132367,-0.29,969,3571,0,0,0.00,0,90,0,89.43,91.13,0,0,0,0,0,0,0,0,0,0,0,0,0,0,0,0,0,0,0,0
132403,-0.25,732,3451,0,0,0.00,0,90,0,89.43,91.13,0,0,0,0,0,0,0,0,0,0,0,0,0,0,0,0,0,0,0,0
132439,-0.29,493,3351,0,0,0.00,0,90,0,89.43,91.13,0,0,0,0,0,0,0,0,0,0,0,0,0,0,0,0,0,0,0,0
132475,-0.24,283,3273,0,0,0.00,0,90,0,89.43,91.13,0,0,0,0,0,0,0,0,0,0,0,0,0,0,0,0,0,0,0,0
132511,-0.28,116,3237,0,0,0.00,0,90,0,89.43,91.13,0,0,0,0,0,0,0,0,0,0,0,0,0,0,0,0,0,0,0,0
132547,-0.25,0,3262,0,0,0.00,0,90,0,89.43,91.13,0,0,0,0,0,0,0,0,0,0,0,0,0,0,0,0,0,0,0,0
132583,-0.33,-69,3189,0,0,0.00,0,90,0,89.43,91.13,0,0,0,0,0,0,0,0,0,0,0,0,0,0,0,0,0,0,0,0
132619,-0.30,-120,3053,0,0,0.00,0,90,0,89.43,91.13,0,0,0,0,0,0,0,0,0,0,0,0,0,0,0,0,0,0,0,0
132655,-0.37,-176,2982,0,0,0.00,0,90,0,89.43,91.13,0,0,0,0,0,0,0,0,0,0,0,0,0,0,0,0,0,0,0,0
132691,-0.18,-239,2944,0,0,0.00,0,90,0,89.43,91.13,0,0,0,0,0,0,0,0,0,0,0,0,0,0,0,0,0,0,0,0
132727,-0.15,-293,2916,0,0,0.00,0,90,0,89.43,91.13,0,0,0,0,0,0,0,0,0,0,0,0,0,0,0,0,0,0,0,0
132763,-0.22,-336,2851,0,0,0.00,0,90,0,89.43,91.13,0,0,0,0,0,0,0,0,0,0,0,0,0,0,0,0,0,0,0,0
132799,-0.29,-366,2855,0,0,0.00,0,90,0,89.43,91.13,0,0,0,0,0,0,0,0,0,0,0,0,0,0,0,0,0,0,0,0
132835,-0.36,-374,2934,0,0,0.00,0,90,0,89.43,91.13,0,0,0,0,0,0,0,0,0,0,0,0,0,0,0,0,0,0,0,0
132871,-0.30,-351,3002,0,0,0.00,0,90,0,89.43,91.13,0,0,0,0,0,0,0,0,0,0,0,0,0,0,0,0,0,0,0,0
132907,-0.35,-294,3120,0,0,0.00,0,90,0,89.43,91.13,0,0,0,0,0,0,0,0,0,0,0,0,0,0,0,0,0,0,0,0
132943,-0.38,-204,3323,0,0,0.00,0,90,0,89.43,91.13,0,0,0,0,0,0,0,0,0,0,0,0,0,0,0,0,0,0,0,0
132979,-0.32,-79,3504,0,0,0.00,0,90,0,89.43,91.13,0,0,0,0,0,0,0,0,0,0,0,0,0,0,0,0,0,0,0,0
133015,-0.26,63,3579,0,0,0.00,0,90,0,89.43,91.13,0,0,0,0,0,0,0,0,0,0,0,0,0,0,0,0,0,0,0,0
133051,-0.33,181,3469,0,0,0.00,0,90,0,89.43,91.13,0,0,0,0,0,0,0,0,0,0,0,0,0,0,0,0,0,0,0,0
133087,-0.35,228,3289,0,0,0.00,0,90,0,89.43,91.13,0,0,0,0,0,0,0,0,0,0,0,0,0,0,0,0,0,0,0,0
133123,-0.34,186,3138,0,0,0.00,0,90,0,89.43,91.13,0,0,0,0,0,0,0,0,0,0,0,0,0,0,0,0,0,0,0,0
133159,-0.31,86,3137,0,0,0.00,0,90,0,89.43,91.13,0,0,0,0,0,0,0,0,0,0,0,0,0,0,0,0,0,0,0,0
133195,-0.32,-17,3179,0,0,0.00,0,90,0,89.43,91.13,0,0,0,0,0,0,0,0,0,0,0,0,0,0,0,0,0,0,0,0
133231,-0.30,-93,3097,0,0,0.00,0,90,0,89.43,91.13,0,0,0,0,0,0,0,0,0,0,0,0,0,0,0,0,0,0,0,0
133267,-0.26,-149,3014,0,0,0.00,0,90,0,89.43,91.13,0,0,0,0,0,0,0,0,0,0,0,0,0,0,0,0,0,0,0,0
133303,-0.30,-190,3092,0,0,0.00,0,90,0,89.43,91.13,0,0,0,0,0,0,0,0,0,0,0,0,0,0,0,0,0,0,0,0
133339,-0.29,-191,3305,0,0,0.00,0,90,0,89.43,91.13,0,0,0,0,0,0,0,0,0,0,0,0,0,0,0,0,0,0,0,0
133375,-0.29,-131,3472,0,0,0.00,0,90,0,89.43,91.13,0,0,0,0,0,0,0,0,0,0,0,0,0,0,0,0,0,0,0,0
133411,-0.34,-28,3483,0,0,0.00,0,90,0,89.43,91.13,0,0,0,0,0,0,0,0,0,0,0,0,0,0,0,0,0,0,0,0
133447,-0.32,65,3376,0,0,0.00,0,90,0,89.43,91.13,0,0,0,0,0,0,0,0,0,0,0,0,0,0,0,0,0,0,0,0
133483,-0.30,105,3285,0,0,0.00,0,90,0,89.43,91.13,0,0,0,0,0,0,0,0,0,0,0,0,0,0,0,0,0,0,0,0
133519,-0.27,84,3195,0,0,0.00,0,90,0,89.43,91.13,0,0,0,0,0,0,0,0,0,0,0,0,0,0,0,0,0,0,0,0
133555,-0.30,24,3171,0,0,0.00,0,90,0,89.43,91.13,0,0,0,0,0,0,0,0,0,0,0,0,0,0,0,0,0,0,0,0
133591,-0.33,-50,3071,0,0,0.00,0,90,0,89.43,91.13,0,0,0,0,0,0,0,0,0,0,0,0,0,0,0,0,0,0,0,0
133627,-0.32,-127,2992,0,0,0.00,0,90,0,89.43,91.13,0,0,0,0,0,0,0,0,0,0,0,0,0,0,0,0,0,0,0,0
133663,-0.38,-201,2939,0,0,0.00,0,90,0,89.43,91.13,0,0,0,0,0,0,0,0,0,0,0,0,0,0,0,0,0,0,0,0
133699,-0.27,-260,2944,0,0,0.00,0,90,0,89.43,91.13,0,0,0,0,0,0,0,0,0,0,0,0,0,0,0,0,0,0,0,0
133735,-0.36,-292,2960,0,0,0.00,0,90,0,89.43,91.13,0,0,0,0,0,0,0,0,0,0,0,0,0,0,0,0,0,0,0,0
133771,-0.31,-291,3017,0,0,0.00,0,90,0,89.43,91.13,0,0,0,0,0,0,0,0,0,0,0,0,0,0,0,0,0,0,0,0
133807,-0.32,-253,3185,0,0,0.00,0,90,0,89.43,91.13,0,0,0,0,0,0,0,0,0,0,0,0,0,0,0,0,0,0,0,0
133843,-0.30,-157,3553,0,0,0.00,0,90,0,89.43,91.13,0,0,0,0,0,0,0,0,0,0,0,0,0,0,0,0,0,0,0,0
133879,-0.32,9,3780,0,0,0.00,0,90,0,89.43,91.13,0,0,0,0,0,0,0,0,0,0,0,0,0,0,0,0,0,0,0,0
133915,-0.25,195,3633,0,0,0.00,0,90,0,89.43,91.13,0,0,0,0,0,0,0,0,0,0,0,0,0,0,0,0,0,0,0,0
133951,-0.26,306,3344,0,0,0.00,0,90,0,89.43,91.13,0,0,0,0,0,0,0,0,0,0,0,0,0,0,0,0,0,0,0,0
133987,-0.33,291,3200,0,0,0.00,0,90,0,89.43,91.13,0,0,0,0,0,0,0,0,0,0,0,0,0,0,0,0,0,0,0,0
134023,-0.28,185,3157,0,0,0.00,0,90,0,89.43,91.13,0,0,0,0,0,0,0,0,0,0,0,0,0,0,0,0,0,0,0,0
134059,-0.33,53,3104,0,0,0.00,0,90,0,89.43,91.13,0,0,0,0,0,0,0,0,0,0,0,0,0,0,0,0,0,0,0,0
134095,-0.32,-67,3009,0,0,0.00,0,90,0,89.43,91.13,0,0,0,0,0,0,0,0,0,0,0,0,0,0,0,0,0,0,0,0
134131,-0.36,-168,2915,0,0,0.00,0,90,0,89.43,91.13,0,0,0,0,0,0,0,0,0,0,0,0,0,0,0,0,0,0,0,0
134167,-0.35,-247,2919,0,0,0.00,0,90,0,89.43,91.13,0,0,0,0,0,0,0,0,0,0,0,0,0,0,0,0,0,0,0,0
134203,-0.31,-290,2978,0,0,0.00,0,90,0,89.43,91.13,0,0,0,0,0,0,0,0,0,0,0,0,0,0,0,0,0,0,0,0
134239,-0.33,-290,2997,0,0,0.00,0,90,0,89.43,91.13,0,0,0,0,0,0,0,0,0,0,0,0,0,0,0,0,0,0,0,0
134275,-0.27,-261,2999,0,0,0.00,0,90,0,89.43,91.13,0,0,0,0,0,0,0,0,0,0,0,0,0,0,0,0,0,0,0,0
134311,-0.28,-224,2957,0,0,0.00,0,90,0,89.43,91.13,0,0,0,0,0,0,0,0,0,0,0,0,0,0,0,0,0,0,0,0
134347,-0.36,-194,2965,0,0,0.00,0,90,0,89.43,91.13,0,0,0,0,0,0,0,0,0,0,0,0,0,0,0,0,0,0,0,0
134383,-0.36,-173,2946,0,0,0.00,0,90,0,89.43,91.13,0,0,0,0,0,0,0,0,0,0,0,0,0,0,0,0,0,0,0,0
134419,-0.33,-158,2946,0,0,0.00,0,90,0,89.43,91.13,0,0,0,0,0,0,0,0,0,0,0,0,0,0,0,0,0,0,0,0
134455,-0.26,-147,2942,0,0,0.00,0,90,0,89.43,91.13,0,0,0,0,0,0,0,0,0,0,0,0,0,0,0,0,0,0,0,0
134491,-0.40,-138,2911,0,0,0.00,0,90,0,89.43,91.13,0,0,0,0,0,0,0,0,0,0,0,0,0,0,0,0,0,0,0,0
134527,-0.26,-133,2895,0,0,0.00,0,90,0,89.43,91.13,0,0,0,0,0,0,0,0,0,0,0,0,0,0,0,0,0,0,0,0
134563,-0.30,-130,2908,0,0,0.00,0,90,0,89.43,91.13,0,0,0,0,0,0,0,0,0,0,0,0,0,0,0,0,0,0,0,0
134599,-0.31,-124,2882,0,0,0.00,0,90,0,89.43,91.13,0,0,0,0,0,0,0,0,0,0,0,0,0,0,0,0,0,0,0,0
134635,-0.33,-118,2866,0,0,0.00,0,90,0,89.43,91.13,0,0,0,0,0,0,0,0,0,0,0,0,0,0,0,0,0,0,0,0
134671,-0.32,-109,2918,0,0,0.00,0,90,0,89.43,91.13,0,0,0,0,0,0,0,0,0,0,0,0,0,0,0,0,0,0,0,0
134707,-0.33,-86,3007,0,0,0.00,0,90,0,89.43,91.13,0,0,0,0,0,0,0,0,0,0,0,0,0,0,0,0,0,0,0,0
134743,-0.29,-42,3051,0,0,0.00,0,90,0,89.43,91.13,0,0,0,0,0,0,0,0,0,0,0,0,0,0,0,0,0,0,0,0
134779,-0.23,10,3049,0,0,0.00,0,90,0,89.43,91.13,0,0,0,0,0,0,0,0,0,0,0,0,0,0,0,0,0,0,0,0
134815,-0.30,46,2912,0,0,0.00,0,90,0,89.43,91.13,0,0,0,0,0,0,0,0,0,0,0,0,0,0,0,0,0,0,0,0
134851,-0.38,46,2882,0,0,0.00,0,90,0,89.43,91.13,0,0,0,0,0,0,0,0,0,0,0,0,0,0,0,0,0,0,0,0
134887,-0.24,33,3059,0,0,0.00,0,90,0,89.43,91.13,0,0,0,0,0,0,0,0,0,0,0,0,0,0,0,0,0,0,0,0
134923,-0.29,54,3270,0,0,0.00,0,90,0,89.43,91.13,0,0,0,0,0,0,0,0,0,0,0,0,0,0,0,0,0,0,0,0
134959,-0.31,125,3340,0,0,0.00,0,90,0,89.43,91.13,0,0,0,0,0,0,0,0,0,0,0,0,0,0,0,0,0,0,0,0
134995,-0.26,214,3312,0,0,0.00,0,90,0,89.43,91.13,0,0,0,0,0,0,0,0,0,0,0,0,0,0,0,0,0,0,0,0
135031,-0.31,274,3219,0,0,0.00,0,90,0,89.43,91.13,0,0,0,0,0,0,0,0,0,0,0,0,0,0,0,0,0,0,0,0
135067,-0.45,282,3138,0,0,0.00,0,90,0,89.43,91.13,0,0,0,0,0,0,0,0,0,0,0,0,0,0,0,0,0,0,0,0
135103,-0.27,243,3111,0,0,0.00,0,90,0,89.43,91.13,0,0,0,0,0,0,0,0,0,0,0,0,0,0,0,0,0,0,0,0
135139,-0.34,183,3092,0,0,0.00,0,90,0,89.43,91.13,0,0,0,0,0,0,0,0,0,0,0,0,0,0,0,0,0,0,0,0
135175,-0.31,126,3102,0,0,0.00,0,90,0,89.43,91.13,0,0,0,0,0,0,0,0,0,0,0,0,0,0,0,0,0,0,0,0
135211,-0.33,80,3035,0,0,0.00,0,90,0,89.43,91.13,0,0,0,0,0,0,0,0,0,0,0,0,0,0,0,0,0,0,0,0
135247,-0.32,39,2979,0,0,0.00,0,90,0,89.43,91.13,0,0,0,0,0,0,0,0,0,0,0,0,0,0,0,0,0,0,0,0
135283,-0.28,-3,2918,0,0,0.00,0,90,0,89.43,91.13,0,0,0,0,0,0,0,0,0,0,0,0,0,0,0,0,0,0,0,0
135319,-0.32,-44,2946,0,0,0.00,0,90,0,89.43,91.13,0,0,0,0,0,0,0,0,0,0,0,0,0,0,0,0,0,0,0,0
135355,-0.32,-67,2979,0,0,0.00,0,90,0,89.43,91.13,0,0,0,0,0,0,0,0,0,0,0,0,0,0,0,0,0,0,0,0
135391,-0.38,-73,2925,0,0,0.00,0,90,0,89.43,91.13,0,0,0,0,0,0,0,0,0,0,0,0,0,0,0,0,0,0,0,0
135427,-0.34,-72,2946,0,0,0.00,0,90,0,89.43,91.13,0,0,0,0,0,0,0,0,0,0,0,0,0,0,0,0,0,0,0,0
135463,-0.28,-61,3019,0,0,0.00,0,90,0,89.43,91.13,0,0,0,0,0,0,0,0,0,0,0,0,0,0,0,0,0,0,0,0
135499,-0.29,-36,3045,0,0,0.00,0,90,0,89.43,91.13,0,0,0,0,0,0,0,0,0,0,0,0,0,0,0,0,0,0,0,0
135535,-0.30,-6,3010,0,0,0.00,0,90,0,89.43,91.13,0,0,0,0,0,0,0,0,0,0,0,0,0,0,0,0,0,0,0,0
135571,-0.30,13,2985,0,0,0.00,0,90,0,89.43,91.13,0,0,0,0,0,0,0,0,0,0,0,0,0,0,0,0,0,0,0,0
135607,-0.28,13,2898,0,0,0.00,0,90,0,89.43,91.13,0,0,0,0,0,0,0,0,0,0,0,0,0,0,0,0,0,0,0,0
135643,-0.29,-10,2845,0,0,0.00,0,90,0,89.43,91.13,0,0,0,0,0,0,0,0,0,0,0,0,0,0,0,0,0,0,0,0
135679,-0.35,-48,2846,0,0,0.00,0,90,0,89.43,91.13,0,0,0,0,0,0,0,0,0,0,0,0,0,0,0,0,0,0,0,0
135715,-0.27,-80,2851,0,0,0.00,0,90,0,89.43,91.13,0,0,0,0,0,0,0,0,0,0,0,0,0,0,0,0,0,0,0,0
135751,-0.34,-97,2853,0,0,0.00,0,90,0,89.43,91.13,0,0,0,0,0,0,0,0,0,0,0,0,0,0,0,0,0,0,0,0
135787,-0.27,-94,2929,0,0,0.00,0,90,0,89.43,91.13,0,0,0,0,0,0,0,0,0,0,0,0,0,0,0,0,0,0,0,0
135823,-0.26,-65,3024,0,0,0.00,0,90,0,89.43,91.13,0,0,0,0,0,0,0,0,0,0,0,0,0,0,0,0,0,0,0,0
135859,-0.31,-5,3187,0,0,0.00,0,90,0,89.43,91.13,0,0,0,0,0,0,0,0,0,0,0,0,0,0,0,0,0,0,0,0
135895,-0.34,91,3408,0,0,0.00,0,90,0,89.43,91.13,0,0,0,0,0,0,0,0,0,0,0,0,0,0,0,0,0,0,0,0
135931,-0.35,225,3631,0,0,0.00,0,90,0,89.43,91.13,0,0,0,0,0,0,0,0,0,0,0,0,0,0,0,0,0,0,0,0
135967,-0.33,370,3600,0,0,0.00,0,90,0,89.43,91.13,0,0,0,0,0,0,0,0,0,0,0,0,0,0,0,0,0,0,0,0
136003,-0.29,463,3381,0,0,0.00,0,90,0,89.43,91.13,0,0,0,0,0,0,0,0,0,0,0,0,0,0,0,0,0,0,0,0
136039,-0.36,459,3247,0,0,0.00,0,90,0,89.43,91.13,0,0,0,0,0,0,0,0,0,0,0,0,0,0,0,0,0,0,0,0
136075,-0.47,370,3162,0,0,0.00,0,90,0,89.43,91.13,0,0,0,0,0,0,0,0,0,0,0,0,0,0,0,0,0,0,0,0
136111,-0.40,242,3087,0,0,0.00,0,90,0,89.43,91.13,0,0,0,0,0,0,0,0,0,0,0,0,0,0,0,0,0,0,0,0
136147,-0.31,108,2966,0,0,0.00,0,90,0,89.43,91.13,0,0,0,0,0,0,0,0,0,0,0,0,0,0,0,0,0,0,0,0
136183,-0.34,-16,2922,0,0,0.00,0,90,0,89.43,91.13,0,0,0,0,0,0,0,0,0,0,0,0,0,0,0,0,0,0,0,0
136219,-0.38,-114,2902,0,0,0.00,0,90,0,89.43,91.13,0,0,0,0,0,0,0,0,0,0,0,0,0,0,0,0,0,0,0,0
136255,-0.32,-177,2915,0,0,0.00,0,90,0,89.43,91.13,0,0,0,0,0,0,0,0,0,0,0,0,0,0,0,0,0,0,0,0
136291,-0.33,-204,2911,0,0,0.00,0,90,0,89.43,91.13,0,0,0,0,0,0,0,0,0,0,0,0,0,0,0,0,0,0,0,0
136327,-0.27,-206,2896,0,0,0.00,0,90,0,89.43,91.13,0,0,0,0,0,0,0,0,0,0,0,0,0,0,0,0,0,0,0,0
136363,-0.35,-195,2905,0,0,0.00,0,90,0,89.43,91.13,0,0,0,0,0,0,0,0,0,0,0,0,0,0,0,0,0,0,0,0
136399,-0.37,-177,2909,0,0,0.00,0,90,0,89.43,91.13,0,0,0,0,0,0,0,0,0,0,0,0,0,0,0,0,0,0,0,0
136435,-0.31,-160,2865,0,0,0.00,0,90,0,89.43,91.13,0,0,0,0,0,0,0,0,0,0,0,0,0,0,0,0,0,0,0,0
136471,-0.27,-152,2829,0,0,0.00,0,90,0,89.43,91.13,0,0,0,0,0,0,0,0,0,0,0,0,0,0,0,0,0,0,0,0
136507,-0.33,-152,2857,0,0,0.00,0,90,0,89.43,91.13,0,0,0,0,0,0,0,0,0,0,0,0,0,0,0,0,0,0,0,0
136543,-0.30,-142,2957,0,0,0.00,0,90,0,89.43,91.13,0,0,0,0,0,0,0,0,0,0,0,0,0,0,0,0,0,0,0,0
136579,-0.32,-107,3071,0,0,0.00,0,90,0,89.43,91.13,0,0,0,0,0,0,0,0,0,0,0,0,0,0,0,0,0,0,0,0
136615,-0.35,-44,3117,0,0,0.00,0,90,0,89.43,91.13,0,0,0,0,0,0,0,0,0,0,0,0,0,0,0,0,0,0,0,0
136651,-0.32,20,3057,0,0,0.00,0,90,0,89.43,91.13,0,0,0,0,0,0,0,0,0,0,0,0,0,0,0,0,0,0,0,0
136687,-0.25,61,3043,0,0,0.00,0,90,0,89.43,91.13,0,0,0,0,0,0,0,0,0,0,0,0,0,0,0,0,0,0,0,0
136723,-0.26,70,2989,0,0,0.00,0,90,0,89.43,91.13,0,0,0,0,0,0,0,0,0,0,0,0,0,0,0,0,0,0,0,0
136759,-0.37,51,2907,0,0,0.00,0,90,0,89.43,91.13,0,0,0,0,0,0,0,0,0,0,0,0,0,0,0,0,0,0,0,0
136795,-0.28,9,2870,0,0,0.00,0,90,0,89.43,91.13,0,0,0,0,0,0,0,0,0,0,0,0,0,0,0,0,0,0,0,0
136831,-0.35,-36,2890,0,0,0.00,0,90,0,89.43,91.13,0,0,0,0,0,0,0,0,0,0,0,0,0,0,0,0,0,0,0,0
136867,-0.31,-65,2960,0,0,0.00,0,90,0,89.43,91.13,0,0,0,0,0,0,0,0,0,0,0,0,0,0,0,0,0,0,0,0
136903,-0.22,-56,3102,0,0,0.00,0,90,0,89.43,91.13,0,0,0,0,0,0,0,0,0,0,0,0,0,0,0,0,0,0,0,0
136939,-0.30,5,3374,0,0,0.00,0,90,0,89.43,91.13,0,0,0,0,0,0,0,0,0,0,0,0,0,0,0,0,0,0,0,0
136975,-0.31,129,3600,0,0,0.00,0,90,0,89.43,91.13,0,0,0,0,0,0,0,0,0,0,0,0,0,0,0,0,0,0,0,0
137011,-0.32,281,3582,0,0,0.00,0,90,0,89.43,91.13,0,0,0,0,0,0,0,0,0,0,0,0,0,0,0,0,0,0,0,0
137047,-0.32,392,3392,0,0,0.00,0,90,0,89.43,91.13,0,0,0,0,0,0,0,0,0,0,0,0,0,0,0,0,0,0,0,0
137083,-0.36,408,3216,0,0,0.00,0,90,0,89.43,91.13,0,0,0,0,0,0,0,0,0,0,0,0,0,0,0,0,0,0,0,0
137119,-0.25,331,3117,0,0,0.00,0,90,0,89.43,91.13,0,0,0,0,0,0,0,0,0,0,0,0,0,0,0,0,0,0,0,0
137155,-0.29,207,3083,0,0,0.00,0,90,0,89.43,91.13,0,0,0,0,0,0,0,0,0,0,0,0,0,0,0,0,0,0,0,0
137191,-0.23,84,3070,0,0,0.00,0,90,0,89.43,91.13,0,0,0,0,0,0,0,0,0,0,0,0,0,0,0,0,0,0,0,0
137227,-0.28,-9,3056,0,0,0.00,0,90,0,89.43,91.13,0,0,0,0,0,0,0,0,0,0,0,0,0,0,0,0,0,0,0,0
137263,-0.29,-65,3097,0,0,0.00,0,90,0,89.43,91.13,0,0,0,0,0,0,0,0,0,0,0,0,0,0,0,0,0,0,0,0
137299,-0.30,-83,3120,0,0,0.00,0,90,0,89.43,91.13,0,0,0,0,0,0,0,0,0,0,0,0,0,0,0,0,0,0,0,0
137335,-0.23,-81,3039,0,0,0.00,0,90,0,89.43,91.13,0,0,0,0,0,0,0,0,0,0,0,0,0,0,0,0,0,0,0,0
137371,-0.35,-82,3001,0,0,0.00,0,90,0,89.43,91.13,0,0,0,0,0,0,0,0,0,0,0,0,0,0,0,0,0,0,0,0
137407,-0.33,-96,2955,0,0,0.00,0,90,0,89.43,91.13,0,0,0,0,0,0,0,0,0,0,0,0,0,0,0,0,0,0,0,0
137443,-0.29,-117,2973,0,0,0.00,0,90,0,89.43,91.13,0,0,0,0,0,0,0,0,0,0,0,0,0,0,0,0,0,0,0,0
137479,-0.30,-135,2928,0,0,0.00,0,90,0,89.43,91.13,0,0,0,0,0,0,0,0,0,0,0,0,0,0,0,0,0,0,0,0
137515,-0.30,-152,2887,0,0,0.00,0,90,0,89.43,91.13,0,0,0,0,0,0,0,0,0,0,0,0,0,0,0,0,0,0,0,0
137551,-0.31,-168,2877,0,0,0.00,0,90,0,89.43,91.13,0,0,0,0,0,0,0,0,0,0,0,0,0,0,0,0,0,0,0,0
137587,-0.31,-179,2891,0,0,0.00,0,90,0,89.43,91.13,0,0,0,0,0,0,0,0,0,0,0,0,0,0,0,0,0,0,0,0
137623,-0.35,-177,2928,0,0,0.00,0,90,0,89.43,91.13,0,0,0,0,0,0,0,0,0,0,0,0,0,0,0,0,0,0,0,0
137659,-0.29,-158,2961,0,0,0.00,0,90,0,89.43,91.13,0,0,0,0,0,0,0,0,0,0,0,0,0,0,0,0,0,0,0,0
137695,-0.34,-127,2979,0,0,0.00,0,90,0,89.43,91.13,0,0,0,0,0,0,0,0,0,0,0,0,0,0,0,0,0,0,0,0
137731,-0.30,-93,2966,0,0,0.00,0,90,0,89.43,91.13,0,0,0,0,0,0,0,0,0,0,0,0,0,0,0,0,0,0,0,0
137767,-0.37,-68,2942,0,0,0.00,0,90,0,89.43,91.13,0,0,0,0,0,0,0,0,0,0,0,0,0,0,0,0,0,0,0,0
137803,-0.37,-58,2896,0,0,0.00,0,90,0,89.43,91.13,0,0,0,0,0,0,0,0,0,0,0,0,0,0,0,0,0,0,0,0
137839,-0.41,-67,2821,0,0,0.00,0,90,0,89.43,91.13,0,0,0,0,0,0,0,0,0,0,0,0,0,0,0,0,0,0,0,0
137875,-0.30,-92,2815,0,0,0.00,0,90,0,89.43,91.13,0,0,0,0,0,0,0,0,0,0,0,0,0,0,0,0,0,0,0,0
137911,-0.26,-114,2873,0,0,0.00,0,90,0,89.43,91.13,0,0,0,0,0,0,0,0,0,0,0,0,0,0,0,0,0,0,0,0
137947,-0.28,-113,2938,0,0,0.00,0,90,0,89.43,91.13,0,0,0,0,0,0,0,0,0,0,0,0,0,0,0,0,0,0,0,0
137983,-0.26,-74,3163,0,0,0.00,0,90,0,89.43,91.13,0,0,0,0,0,0,0,0,0,0,0,0,0,0,0,0,0,0,0,0
138019,-0.26,22,3451,0,0,0.00,0,90,0,89.43,91.13,0,0,0,0,0,0,0,0,0,0,0,0,0,0,0,0,0,0,0,0
138055,-0.34,174,3605,0,0,0.00,0,90,0,89.43,91.13,0,0,0,0,0,0,0,0,0,0,0,0,0,0,0,0,0,0,0,0
138091,-0.24,331,3520,0,0,0.00,0,90,0,89.43,91.13,0,0,0,0,0,0,0,0,0,0,0,0,0,0,0,0,0,0,0,0
138127,-0.31,420,3295,0,0,0.00,0,90,0,89.43,91.13,0,0,0,0,0,0,0,0,0,0,0,0,0,0,0,0,0,0,0,0
138163,-0.34,404,3168,0,0,0.00,0,90,0,89.43,91.13,0,0,0,0,0,0,0,0,0,0,0,0,0,0,0,0,0,0,0,0
138199,-0.31,307,3090,0,0,0.00,0,90,0,89.43,91.13,0,0,0,0,0,0,0,0,0,0,0,0,0,0,0,0,0,0,0,0
138235,-0.31,180,3049,0,0,0.00,0,90,0,89.43,91.13,0,0,0,0,0,0,0,0,0,0,0,0,0,0,0,0,0,0,0,0
138271,-0.31,64,3058,0,0,0.00,0,90,0,89.43,91.13,0,0,0,0,0,0,0,0,0,0,0,0,0,0,0,0,0,0,0,0
138307,-0.32,-13,3099,0,0,0.00,0,90,0,89.43,91.13,0,0,0,0,0,0,0,0,0,0,0,0,0,0,0,0,0,0,0,0
138343,-0.31,-47,3127,0,0,0.00,0,90,0,89.43,91.13,0,0,0,0,0,0,0,0,0,0,0,0,0,0,0,0,0,0,0,0
138379,-0.26,-45,3152,0,0,0.00,0,90,0,89.43,91.13,0,0,0,0,0,0,0,0,0,0,0,0,0,0,0,0,0,0,0,0
138415,-0.23,-30,3086,0,0,0.00,0,90,0,89.43,91.13,0,0,0,0,0,0,0,0,0,0,0,0,0,0,0,0,0,0,0,0
138451,-0.34,-25,3013,0,0,0.00,0,90,0,89.43,91.13,0,0,0,0,0,0,0,0,0,0,0,0,0,0,0,0,0,0,0,0
138487,-0.37,-44,2946,0,0,0.00,0,90,0,89.43,91.13,0,0,0,0,0,0,0,0,0,0,0,0,0,0,0,0,0,0,0,0
138523,-0.36,-82,2913,0,0,0.00,0,90,0,89.43,91.13,0,0,0,0,0,0,0,0,0,0,0,0,0,0,0,0,0,0,0,0
138559,-0.28,-123,2896,0,0,0.00,0,90,0,89.43,91.13,0,0,0,0,0,0,0,0,0,0,0,0,0,0,0,0,0,0,0,0
138595,-0.33,-155,2905,0,0,0.00,0,90,0,89.43,91.13,0,0,0,0,0,0,0,0,0,0,0,0,0,0,0,0,0,0,0,0
138631,-0.29,-170,2911,0,0,0.00,0,90,0,89.43,91.13,0,0,0,0,0,0,0,0,0,0,0,0,0,0,0,0,0,0,0,0
138667,-0.35,-170,2887,0,0,0.00,0,90,0,89.43,91.13,0,0,0,0,0,0,0,0,0,0,0,0,0,0,0,0,0,0,0,0
138703,-0.34,-165,2859,0,0,0.00,0,90,0,89.43,91.13,0,0,0,0,0,0,0,0,0,0,0,0,0,0,0,0,0,0,0,0
138739,-0.30,-158,2896,0,0,0.00,0,90,0,89.43,91.13,0,0,0,0,0,0,0,0,0,0,0,0,0,0,0,0,0,0,0,0
138775,-0.34,-143,2929,0,0,0.00,0,90,0,89.43,91.13,0,0,0,0,0,0,0,0,0,0,0,0,0,0,0,0,0,0,0,0
138811,-0.30,-120,2911,0,0,0.00,0,90,0,89.43,91.13,0,0,0,0,0,0,0,0,0,0,0,0,0,0,0,0,0,0,0,0
138847,-0.33,-101,2862,0,0,0.00,0,90,0,89.43,91.13,0,0,0,0,0,0,0,0,0,0,0,0,0,0,0,0,0,0,0,0
138883,-0.32,-94,2835,0,0,0.00,0,90,0,89.43,91.13,0,0,0,0,0,0,0,0,0,0,0,0,0,0,0,0,0,0,0,0
138919,-0.29,-102,2774,0,0,0.00,0,90,0,89.43,91.13,0,0,0,0,0,0,0,0,0,0,0,0,0,0,0,0,0,0,0,0
138955,-0.40,-118,2799,0,0,0.00,0,90,0,89.43,91.13,0,0,0,0,0,0,0,0,0,0,0,0,0,0,0,0,0,0,0,0
138991,-0.33,-129,2798,0,0,0.00,0,90,0,89.43,91.13,0,0,0,0,0,0,0,0,0,0,0,0,0,0,0,0,0,0,0,0
139027,-0.26,-123,2879,0,0,0.00,0,90,0,89.43,91.13,0,0,0,0,0,0,0,0,0,0,0,0,0,0,0,0,0,0,0,0
139063,-0.25,-86,3082,0,0,0.00,0,90,0,89.43,91.13,0,0,0,0,0,0,0,0,0,0,0,0,0,0,0,0,0,0,0,0
139099,-0.32,3,3333,0,0,0.00,0,90,0,89.43,91.13,0,0,0,0,0,0,0,0,0,0,0,0,0,0,0,0,0,0,0,0
139135,-0.32,148,3575,0,0,0.00,0,90,0,89.43,91.13,0,0,0,0,0,0,0,0,0,0,0,0,0,0,0,0,0,0,0,0
139171,-0.33,318,3600,0,0,0.00,0,90,0,89.43,91.13,0,0,0,0,0,0,0,0,0,0,0,0,0,0,0,0,0,0,0,0
139207,-0.31,449,3456,0,0,0.00,0,90,0,89.43,91.13,0,0,0,0,0,0,0,0,0,0,0,0,0,0,0,0,0,0,0,0
139243,-0.33,489,3316,0,0,0.00,0,90,0,89.43,91.13,0,0,0,0,0,0,0,0,0,0,0,0,0,0,0,0,0,0,0,0
139279,-0.23,436,3184,0,0,0.00,0,90,0,89.43,91.13,0,0,0,0,0,0,0,0,0,0,0,0,0,0,0,0,0,0,0,0
139315,-0.26,321,3088,0,0,0.00,0,90,0,89.43,91.13,0,0,0,0,0,0,0,0,0,0,0,0,0,0,0,0,0,0,0,0
139351,-0.31,183,3039,0,0,0.00,0,90,0,89.43,91.13,0,0,0,0,0,0,0,0,0,0,0,0,0,0,0,0,0,0,0,0
139387,-0.31,56,2981,0,0,0.00,0,90,0,89.43,91.13,0,0,0,0,0,0,0,0,0,0,0,0,0,0,0,0,0,0,0,0
139423,-0.23,-41,2973,0,0,0.00,0,90,0,89.43,91.13,0,0,0,0,0,0,0,0,0,0,0,0,0,0,0,0,0,0,0,0
139459,-0.27,-101,3014,0,0,0.00,0,90,0,89.43,91.13,0,0,0,0,0,0,0,0,0,0,0,0,0,0,0,0,0,0,0,0
139495,-0.33,-121,3045,0,0,0.00,0,90,0,89.43,91.13,0,0,0,0,0,0,0,0,0,0,0,0,0,0,0,0,0,0,0,0
139531,-0.33,-113,3003,0,0,0.00,0,90,0,89.43,91.13,0,0,0,0,0,0,0,0,0,0,0,0,0,0,0,0,0,0,0,0
139567,-0.26,-99,2988,0,0,0.00,0,90,0,89.43,91.13,0,0,0,0,0,0,0,0,0,0,0,0,0,0,0,0,0,0,0,0
139603,-0.33,-91,2991,0,0,0.00,0,90,0,89.43,91.13,0,0,0,0,0,0,0,0,0,0,0,0,0,0,0,0,0,0,0,0
139639,-0.30,-88,2942,0,0,0.00,0,90,0,89.43,91.13,0,0,0,0,0,0,0,0,0,0,0,0,0,0,0,0,0,0,0,0
139675,-0.26,-95,2913,0,0,0.00,0,90,0,89.43,91.13,0,0,0,0,0,0,0,0,0,0,0,0,0,0,0,0,0,0,0,0
139711,-0.30,-108,2917,0,0,0.00,0,90,0,89.43,91.13,0,0,0,0,0,0,0,0,0,0,0,0,0,0,0,0,0,0,0,0
139747,-0.28,-115,2958,0,0,0.00,0,90,0,89.43,91.13,0,0,0,0,0,0,0,0,0,0,0,0,0,0,0,0,0,0,0,0
139783,-0.22,-108,2995,0,0,0.00,0,90,0,89.43,91.13,0,0,0,0,0,0,0,0,0,0,0,0,0,0,0,0,0,0,0,0
139819,-0.31,-85,3022,0,0,0.00,0,90,0,89.43,91.13,0,0,0,0,0,0,0,0,0,0,0,0,0,0,0,0,0,0,0,0
139855,-0.23,-57,2995,0,0,0.00,0,90,0,89.43,91.13,0,0,0,0,0,0,0,0,0,0,0,0,0,0,0,0,0,0,0,0
139891,-0.29,-38,2960,0,0,0.00,0,90,0,89.43,91.13,0,0,0,0,0,0,0,0,0,0,0,0,0,0,0,0,0,0,0,0
139927,-0.27,-34,2939,0,0,0.00,0,90,0,89.43,91.13,0,0,0,0,0,0,0,0,0,0,0,0,0,0,0,0,0,0,0,0
139963,-0.30,-42,2931,0,0,0.00,0,90,0,89.43,91.13,0,0,0,0,0,0,0,0,0,0,0,0,0,0,0,0,0,0,0,0
139999,-0.28,-55,2885,0,0,0.00,0,90,0,89.43,91.13,0,0,0,0,0,0,0,0,0,0,0,0,0,0,0,0,0,0,0,0
140035,-0.27,-74,2851,0,0,0.00,0,90,0,89.43,91.13,0,0,0,0,0,0,0,0,0,0,0,0,0,0,0,0,0,0,0,0
140071,-0.39,-93,2862,0,0,0.00,0,90,0,89.43,91.13,0,0,0,0,0,0,0,0,0,0,0,0,0,0,0,0,0,0,0,0
140107,-0.35,-105,2869,0,0,0.00,0,90,0,89.43,91.13,0,0,0,0,0,0,0,0,0,0,0,0,0,0,0,0,0,0,0,0
140143,-0.36,-103,2905,0,0,0.00,0,90,0,89.43,91.13,0,0,0,0,0,0,0,0,0,0,0,0,0,0,0,0,0,0,0,0
140179,-0.30,-78,3058,0,0,0.00,0,90,0,89.43,91.13,0,0,0,0,0,0,0,0,0,0,0,0,0,0,0,0,0,0,0,0
140215,-0.30,-10,3313,0,0,0.00,0,90,0,89.43,91.13,0,0,0,0,0,0,0,0,0,0,0,0,0,0,0,0,0,0,0,0
140251,-0.27,109,3520,0,0,0.00,0,90,0,89.43,91.13,0,0,0,0,0,0,0,0,0,0,0,0,0,0,0,0,0,0,0,0
140287,-0.19,252,3468,0,0,0.00,0,90,0,89.43,91.13,0,0,0,0,0,0,0,0,0,0,0,0,0,0,0,0,0,0,0,0
140323,-0.23,351,3309,0,0,0.00,0,90,0,89.43,91.13,0,0,0,0,0,0,0,0,0,0,0,0,0,0,0,0,0,0,0,0
140359,-0.20,358,3097,0,0,0.00,0,90,0,89.43,91.13,0,0,0,0,0,0,0,0,0,0,0,0,0,0,0,0,0,0,0,0
140395,-0.26,273,2960,0,0,0.00,0,90,0,89.43,91.13,0,0,0,0,0,0,0,0,0,0,0,0,0,0,0,0,0,0,0,0
140431,-0.29,138,2925,0,0,0.00,0,90,0,89.43,91.13,0,0,0,0,0,0,0,0,0,0,0,0,0,0,0,0,0,0,0,0
140467,-0.28,9,2960,0,0,0.00,0,90,0,89.43,91.13,0,0,0,0,0,0,0,0,0,0,0,0,0,0,0,0,0,0,0,0
140503,-0.24,-72,3029,0,0,0.00,0,90,0,89.43,91.13,0,0,0,0,0,0,0,0,0,0,0,0,0,0,0,0,0,0,0,0
140539,-0.35,-100,3028,0,0,0.00,0,90,0,89.43,91.13,0,0,0,0,0,0,0,0,0,0,0,0,0,0,0,0,0,0,0,0
140575,-0.27,-95,2992,0,0,0.00,0,90,0,89.43,91.13,0,0,0,0,0,0,0,0,0,0,0,0,0,0,0,0,0,0,0,0
140611,-0.37,-84,2960,0,0,0.00,0,90,0,89.43,91.13,0,0,0,0,0,0,0,0,0,0,0,0,0,0,0,0,0,0,0,0
140647,-0.26,-80,2943,0,0,0.00,0,90,0,89.43,91.13,0,0,0,0,0,0,0,0,0,0,0,0,0,0,0,0,0,0,0,0
140683,-0.34,-83,2929,0,0,0.00,0,90,0,89.43,91.13,0,0,0,0,0,0,0,0,0,0,0,0,0,0,0,0,0,0,0,0
140719,-0.22,-86,2974,0,0,0.00,0,90,0,89.43,91.13,0,0,0,0,0,0,0,0,0,0,0,0,0,0,0,0,0,0,0,0
140755,-0.28,-78,3012,0,0,0.00,0,90,0,89.43,91.13,0,0,0,0,0,0,0,0,0,0,0,0,0,0,0,0,0,0,0,0
140791,-0.26,-56,3061,0,0,0.00,0,90,0,89.43,91.13,0,0,0,0,0,0,0,0,0,0,0,0,0,0,0,0,0,0,0,0
140827,-0.26,-30,2991,0,0,0.00,0,90,0,89.43,91.13,0,0,0,0,0,0,0,0,0,0,0,0,0,0,0,0,0,0,0,0
140863,-0.28,-28,2781,0,0,0.00,0,90,0,89.43,91.13,0,0,0,0,0,0,0,0,0,0,0,0,0,0,0,0,0,0,0,0
140899,-0.26,-67,2770,0,0,0.00,0,90,0,89.43,91.13,0,0,0,0,0,0,0,0,0,0,0,0,0,0,0,0,0,0,0,0
140935,-0.27,-108,3018,0,0,0.00,0,90,0,89.43,91.13,0,0,0,0,0,0,0,0,0,0,0,0,0,0,0,0,0,0,0,0
140971,-0.28,-96,3120,0,0,0.00,0,90,0,89.43,91.13,0,0,0,0,0,0,0,0,0,0,0,0,0,0,0,0,0,0,0,0
141007,-0.26,-41,3041,0,0,0.00,0,90,0,89.43,91.13,0,0,0,0,0,0,0,0,0,0,0,0,0,0,0,0,0,0,0,0
141043,-0.26,14,3088,0,0,0.00,0,90,0,89.43,91.13,0,0,0,0,0,0,0,0,0,0,0,0,0,0,0,0,0,0,0,0
141079,-0.34,44,2917,0,0,0.00,0,90,0,89.43,91.13,0,0,0,0,0,0,0,0,0,0,0,0,0,0,0,0,0,0,0,0
141115,-0.19,4,2443,0,0,0.00,0,90,0,89.43,91.13,0,0,0,0,0,0,0,0,0,0,0,0,0,0,0,0,0,0,0,0
141151,-0.26,-138,2175,0,0,0.00,0,90,0,89.43,91.13,0,0,0,0,0,0,0,0,0,0,0,0,0,0,0,0,0,0,0,0
141187,-0.28,-322,2423,0,0,0.00,0,90,0,89.43,91.13,0,0,0,0,0,0,0,0,0,0,0,0,0,0,0,0,0,0,0,0
141223,-0.28,-411,2948,0,0,0.00,0,90,0,89.43,91.13,0,0,0,0,0,0,0,0,0,0,0,0,0,0,0,0,0,0,0,0
141259,-0.21,-318,3303,0,0,0.00,0,90,0,89.43,91.13,0,0,0,0,0,0,0,0,0,0,0,0,0,0,0,0,0,0,0,0
141295,-0.31,-93,3343,0,0,0.00,0,90,0,89.43,91.13,0,0,0,0,0,0,0,0,0,0,0,0,0,0,0,0,0,0,0,0
141331,-0.31,127,3053,0,0,0.00,0,90,0,89.43,91.13,0,0,0,0,0,0,0,0,0,0,0,0,0,0,0,0,0,0,0,0
141367,-0.32,238,2960,0,0,0.00,0,90,0,89.43,91.13,0,0,0,0,0,0,0,0,0,0,0,0,0,0,0,0,0,0,0,0
141403,-0.24,312,4082,0,0,0.00,0,90,0,89.43,91.13,0,0,0,0,0,0,0,0,0,0,0,0,0,0,0,0,0,0,0,0
141439,-0.39,483,4095,0,0,0.00,0,90,0,89.43,91.13,0,0,0,0,0,0,0,0,0,0,0,0,0,0,0,0,0,0,0,0
141475,-0.28,702,4095,0,0,0.00,0,90,0,89.43,91.13,0,0,0,0,0,0,0,0,0,0,0,0,0,0,0,0,0,0,0,0
141511,-0.30,858,4095,0,0,0.00,0,90,0,89.43,91.13,0,0,0,0,0,0,0,0,0,0,0,0,0,0,0,0,0,0,0,0
141547,-0.33,920,4063,0,0,0.00,0,90,0,89.43,91.13,0,0,0,0,0,0,0,0,0,0,0,0,0,0,0,0,0,0,0,0
141583,-0.36,890,3915,0,0,0.00,0,90,0,89.43,91.13,0,0,0,0,0,0,0,0,0,0,0,0,0,0,0,0,0,0,0,0
141619,-0.36,779,3770,0,0,0.00,0,90,0,89.43,91.13,0,0,0,0,0,0,0,0,0,0,0,0,0,0,0,0,0,0,0,0
141655,-0.31,584,3218,0,0,0.00,0,90,0,89.43,91.13,0,0,0,0,0,0,0,0,0,0,0,0,0,0,0,0,0,0,0,0
141691,-0.25,295,2880,0,0,0.00,0,90,0,89.43,91.13,0,0,0,0,0,0,0,0,0,0,0,0,0,0,0,0,0,0,0,0
141727,-0.33,-45,2704,0,0,0.00,0,90,0,89.43,91.13,0,0,0,0,0,0,0,0,0,0,0,0,0,0,0,0,0,0,0,0
141763,-0.22,-403,1905,0,0,0.00,0,90,0,89.43,91.13,0,0,0,0,0,0,0,0,0,0,0,0,0,0,0,0,0,0,0,0
141799,-0.30,-775,1815,0,0,0.00,0,90,0,89.43,91.13,0,0,0,0,0,0,0,0,0,0,0,0,0,0,0,0,0,0,0,0
141835,-0.23,-1027,2787,0,0,0.00,0,90,0,89.43,91.13,0,0,0,0,0,0,0,0,0,0,0,0,0,0,0,0,0,0,0,0
141871,-0.30,-942,3937,0,0,0.00,0,90,0,89.43,91.13,0,0,0,0,0,0,0,0,0,0,0,0,0,0,0,0,0,0,0,0
141907,-0.34,-512,4095,0,0,0.00,0,90,0,89.43,91.13,0,0,0,0,0,0,0,0,0,0,0,0,0,0,0,0,0,0,0,0
141943,-0.32,-52,2897,0,0,0.00,0,90,0,89.43,91.13,0,0,0,0,0,0,0,0,0,0,0,0,0,0,0,0,0,0,0,0
141979,-0.30,100,2304,0,0,0.00,0,90,0,89.43,91.13,0,0,0,0,0,0,0,0,0,0,0,0,0,0,0,0,0,0,0,0
142015,-0.32,-50,2543,0,0,0.00,0,90,0,89.43,91.13,0,0,0,0,0,0,0,0,0,0,0,0,0,0,0,0,0,0,0,0
142051,-0.27,-212,3563,0,0,0.00,0,90,0,89.43,91.13,0,0,0,0,0,0,0,0,0,0,0,0,0,0,0,0,0,0,0,0
142087,-0.26,-143,4095,0,0,0.00,0,90,0,89.43,91.13,0,0,0,0,0,0,0,0,0,0,0,0,0,0,0,0,0,0,0,0
142123,-0.35,128,4095,0,0,0.00,0,90,0,89.43,91.13,0,0,0,0,0,0,0,0,0,0,0,0,0,0,0,0,0,0,0,0
142159,-0.28,427,4095,0,0,0.00,0,90,0,89.43,91.13,0,0,0,0,0,0,0,0,0,0,0,0,0,0,0,0,0,0,0,0
142195,-0.28,611,3722,0,0,0.00,0,90,0,89.43,91.13,0,0,0,0,0,0,0,0,0,0,0,0,0,0,0,0,0,0,0,0
142231,-0.29,622,3564,0,0,0.00,0,90,0,89.43,91.13,0,0,0,0,0,0,0,0,0,0,0,0,0,0,0,0,0,0,0,0
142267,-0.26,537,4095,0,0,0.00,0,90,0,89.43,91.13,0,0,0,0,0,0,0,0,0,0,0,0,0,0,0,0,0,0,0,0
142303,-0.29,484,4095,0,0,0.00,0,90,0,89.43,91.13,0,0,0,0,0,0,0,0,0,0,0,0,0,0,0,0,0,0,0,0
142339,-0.25,478,4095,0,0,0.00,0,90,0,89.43,91.13,0,0,0,0,0,0,0,0,0,0,0,0,0,0,0,0,0,0,0,0
142375,-0.31,465,3933,0,0,0.00,0,90,0,89.43,91.13,0,0,0,0,0,0,0,0,0,0,0,0,0,0,0,0,0,0,0,0
142411,-0.28,400,3655,0,0,0.00,0,90,0,89.43,91.13,0,0,0,0,0,0,0,0,0,0,0,0,0,0,0,0,0,0,0,0
142447,-0.38,255,3378,0,0,0.00,0,90,0,89.43,91.13,0,0,0,0,0,0,0,0,0,0,0,0,0,0,0,0,0,0,0,0
142483,-0.34,37,3029,0,0,0.00,0,90,0,89.43,91.13,0,0,0,0,0,0,0,0,0,0,0,0,0,0,0,0,0,0,0,0
142519,-0.34,-229,2766,0,0,0.00,0,90,0,89.43,91.13,0,0,0,0,0,0,0,0,0,0,0,0,0,0,0,0,0,0,0,0
142555,-0.35,-497,2666,0,0,0.00,0,90,0,89.43,91.13,0,0,0,0,0,0,0,0,0,0,0,0,0,0,0,0,0,0,0,0
142591,-0.35,-698,2819,0,0,0.00,0,90,0,89.43,91.13,0,0,0,0,0,0,0,0,0,0,0,0,0,0,0,0,0,0,0,0
142627,-0.28,-763,3184,0,0,0.00,0,90,0,89.43,91.13,0,0,0,0,0,0,0,0,0,0,0,0,0,0,0,0,0,0,0,0
142663,-0.36,-656,3626,0,0,0.00,0,90,0,89.43,91.13,0,0,0,0,0,0,0,0,0,0,0,0,0,0,0,0,0,0,0,0
142699,-0.31,-415,3727,0,0,0.00,0,90,0,89.43,91.13,0,0,0,0,0,0,0,0,0,0,0,0,0,0,0,0,0,0,0,0
142735,-0.30,-178,3229,0,0,0.00,0,90,0,89.43,91.13,0,0,0,0,0,0,0,0,0,0,0,0,0,0,0,0,0,0,0,0
142771,-0.23,-108,2610,0,0,0.00,0,90,0,89.43,91.13,0,0,0,0,0,0,0,0,0,0,0,0,0,0,0,0,0,0,0,0
142807,-0.30,-256,2237,0,0,0.00,0,90,0,89.43,91.13,0,0,0,0,0,0,0,0,0,0,0,0,0,0,0,0,0,0,0,0
142843,-0.37,-524,2276,0,0,0.00,0,90,0,89.43,91.13,0,0,0,0,0,0,0,0,0,0,0,0,0,0,0,0,0,0,0,0
142879,-0.32,-750,2483,0,0,0.00,0,90,0,89.43,91.13,0,0,0,0,0,0,0,0,0,0,0,0,0,0,0,0,0,0,0,0
142915,-0.30,-820,2875,0,0,0.00,0,90,0,89.43,91.13,0,0,0,0,0,0,0,0,0,0,0,0,0,0,0,0,0,0,0,0
142951,-0.24,-690,3431,0,0,0.00,0,90,0,89.43,91.13,0,0,0,0,0,0,0,0,0,0,0,0,0,0,0,0,0,0,0,0
142987,-0.32,-376,3911,0,0,0.00,0,90,0,89.43,91.13,0,0,0,0,0,0,0,0,0,0,0,0,0,0,0,0,0,0,0,0
143023,-0.34,12,3776,0,0,0.00,0,90,0,89.43,91.13,0,0,0,0,0,0,0,0,0,0,0,0,0,0,0,0,0,0,0,0
143059,-0.32,307,3423,0,0,0.00,0,90,0,89.43,91.13,0,0,0,0,0,0,0,0,0,0,0,0,0,0,0,0,0,0,0,0
143095,-0.33,412,3333,0,0,0.00,0,90,0,89.43,91.13,0,0,0,0,0,0,0,0,0,0,0,0,0,0,0,0,0,0,0,0
143131,-0.32,377,3419,0,0,0.00,0,90,0,89.43,91.13,0,0,0,0,0,0,0,0,0,0,0,0,0,0,0,0,0,0,0,0
143167,-0.31,294,3390,0,0,0.00,0,90,0,89.43,91.13,0,0,0,0,0,0,0,0,0,0,0,0,0,0,0,0,0,0,0,0
143203,-0.28,197,3121,0,0,0.00,0,90,0,89.43,91.13,0,0,0,0,0,0,0,0,0,0,0,0,0,0,0,0,0,0,0,0
143239,-0.34,62,2811,0,0,0.00,0,90,0,89.43,91.13,0,0,0,0,0,0,0,0,0,0,0,0,0,0,0,0,0,0,0,0
143275,-0.20,-122,2541,0,0,0.00,0,90,0,89.43,91.13,0,0,0,0,0,0,0,0,0,0,0,0,0,0,0,0,0,0,0,0
143311,-0.32,-331,2401,0,0,0.00,0,90,0,89.43,91.13,0,0,0,0,0,0,0,0,0,0,0,0,0,0,0,0,0,0,0,0
143347,-0.32,-485,2841,0,0,0.00,0,90,0,89.43,91.13,0,0,0,0,0,0,0,0,0,0,0,0,0,0,0,0,0,0,0,0
143383,-0.34,-443,3901,0,0,0.00,0,90,0,89.43,91.13,0,0,0,0,0,0,0,0,0,0,0,0,0,0,0,0,0,0,0,0
143419,-0.38,-149,4095,0,0,0.00,0,90,0,89.43,91.13,0,0,0,0,0,0,0,0,0,0,0,0,0,0,0,0,0,0,0,0
143455,-0.20,250,4095,0,0,0.00,0,90,0,89.43,91.13,0,0,0,0,0,0,0,0,0,0,0,0,0,0,0,0,0,0,0,0
143491,-0.33,579,4095,0,0,0.00,0,90,0,89.43,91.13,0,0,0,0,0,0,0,0,0,0,0,0,0,0,0,0,0,0,0,0
143527,-0.32,771,4095,0,0,0.00,0,90,0,89.43,91.13,0,0,0,0,0,0,0,0,0,0,0,0,0,0,0,0,0,0,0,0
143563,-0.37,835,4095,0,0,0.00,0,90,0,89.43,91.13,0,0,0,0,0,0,0,0,0,0,0,0,0,0,0,0,0,0,0,0
143599,-0.36,792,3812,0,0,0.00,0,90,0,89.43,91.13,0,0,0,0,0,0,0,0,0,0,0,0,0,0,0,0,0,0,0,0
143635,-0.31,673,3934,0,0,0.00,0,90,0,89.43,91.13,0,0,0,0,0,0,0,0,0,0,0,0,0,0,0,0,0,0,0,0
143671,-0.33,541,3937,0,0,0.00,0,90,0,89.43,91.13,0,0,0,0,0,0,0,0,0,0,0,0,0,0,0,0,0,0,0,0
143707,-0.24,406,3490,0,0,0.00,0,90,0,89.43,91.13,0,0,0,0,0,0,0,0,0,0,0,0,0,0,0,0,0,0,0,0
143743,-0.32,208,2983,0,0,0.00,0,90,0,89.43,91.13,0,0,0,0,0,0,0,0,0,0,0,0,0,0,0,0,0,0,0,0
143779,-0.29,-71,2771,0,0,0.00,0,90,0,89.43,91.13,0,0,0,0,0,0,0,0,0,0,0,0,0,0,0,0,0,0,0,0
143815,-0.47,-361,2737,0,0,0.00,0,90,0,89.43,91.13,0,0,0,0,0,0,0,0,0,0,0,0,0,0,0,0,0,0,0,0
143851,-0.31,-570,2906,0,0,0.00,0,90,0,89.43,91.13,0,0,0,0,0,0,0,0,0,0,0,0,0,0,0,0,0,0,0,0
143887,-0.24,-640,3132,0,0,0.00,0,90,0,89.43,91.13,0,0,0,0,0,0,0,0,0,0,0,0,0,0,0,0,0,0,0,0
143923,-0.38,-599,2880,0,0,0.00,0,90,0,89.43,91.13,0,0,0,0,0,0,0,0,0,0,0,0,0,0,0,0,0,0,0,0
143959,-0.30,-549,2627,0,0,0.00,0,90,0,89.43,91.13,0,0,0,0,0,0,0,0,0,0,0,0,0,0,0,0,0,0,0,0
143995,-0.32,-542,2691,0,0,0.00,0,90,0,89.43,91.13,0,0,0,0,0,0,0,0,0,0,0,0,0,0,0,0,0,0,0,0
144031,-0.28,-535,2903,0,0,0.00,0,90,0,89.43,91.13,0,0,0,0,0,0,0,0,0,0,0,0,0,0,0,0,0,0,0,0
144067,-0.33,-486,2880,0,0,0.00,0,90,0,89.43,91.13,0,0,0,0,0,0,0,0,0,0,0,0,0,0,0,0,0,0,0,0
144103,-0.28,-411,2897,0,0,0.00,0,90,0,89.43,91.13,0,0,0,0,0,0,0,0,0,0,0,0,0,0,0,0,0,0,0,0
144139,-0.27,-328,3020,0,0,0.00,0,90,0,89.43,91.13,0,0,0,0,0,0,0,0,0,0,0,0,0,0,0,0,0,0,0,0
144175,-0.36,-263,2669,0,0,0.00,0,90,0,89.43,91.13,0,0,0,0,0,0,0,0,0,0,0,0,0,0,0,0,0,0,0,0
144211,-0.34,-274,2334,0,0,0.00,0,90,0,89.43,91.13,0,0,0,0,0,0,0,0,0,0,0,0,0,0,0,0,0,0,0,0
144247,-0.35,-364,2394,0,0,0.00,0,90,0,89.43,91.13,0,0,0,0,0,0,0,0,0,0,0,0,0,0,0,0,0,0,0,0
144283,-0.38,-458,2393,0,0,0.00,0,90,0,89.43,91.13,0,0,0,0,0,0,0,0,0,0,0,0,0,0,0,0,0,0,0,0
144319,-0.25,-489,2698,0,0,0.00,0,90,0,89.43,91.13,0,0,0,0,0,0,0,0,0,0,0,0,0,0,0,0,0,0,0,0
144355,-0.36,-397,3215,0,0,0.00,0,90,0,89.43,91.13,0,0,0,0,0,0,0,0,0,0,0,0,0,0,0,0,0,0,0,0
144391,-0.34,-130,4095,0,0,0.00,0,90,0,89.43,91.13,0,0,0,0,0,0,0,0,0,0,0,0,0,0,0,0,0,0,0,0
144427,-0.32,277,4095,0,0,0.00,0,90,0,89.43,91.13,0,0,0,0,0,0,0,0,0,0,0,0,0,0,0,0,0,0,0,0
144463,-0.27,671,4095,0,0,0.00,0,90,0,89.43,91.13,0,0,0,0,0,0,0,0,0,0,0,0,0,0,0,0,0,0,0,0
144499,-0.24,930,4095,0,0,0.00,0,90,0,89.43,91.13,0,0,0,0,0,0,0,0,0,0,0,0,0,0,0,0,0,0,0,0
144535,-0.29,1040,4095,0,0,0.00,0,90,0,89.43,91.13,0,0,0,0,0,0,0,0,0,0,0,0,0,0,0,0,0,0,0,0
144571,-0.30,1037,4095,0,0,0.00,0,90,0,89.43,91.13,0,0,0,0,0,0,0,0,0,0,0,0,0,0,0,0,0,0,0,0
144607,-0.33,968,4095,0,0,0.00,0,90,0,89.43,91.13,0,0,0,0,0,0,0,0,0,0,0,0,0,0,0,0,0,0,0,0
144643,-0.31,862,3953,0,0,0.00,0,90,0,89.43,91.13,0,0,0,0,0,0,0,0,0,0,0,0,0,0,0,0,0,0,0,0
144679,-0.28,703,3496,0,0,0.00,0,90,0,89.43,91.13,0,0,0,0,0,0,0,0,0,0,0,0,0,0,0,0,0,0,0,0
144715,-0.25,480,3427,0,0,0.00,0,90,0,89.43,91.13,0,0,0,0,0,0,0,0,0,0,0,0,0,0,0,0,0,0,0,0
144751,-0.24,247,3441,0,0,0.00,0,90,0,89.43,91.13,0,0,0,0,0,0,0,0,0,0,0,0,0,0,0,0,0,0,0,0
144787,-0.31,70,3457,0,0,0.00,0,90,0,89.43,91.13,0,0,0,0,0,0,0,0,0,0,0,0,0,0,0,0,0,0,0,0
144823,-0.35,-15,3751,0,0,0.00,0,90,0,89.43,91.13,0,0,0,0,0,0,0,0,0,0,0,0,0,0,0,0,0,0,0,0
144859,-0.24,16,4095,0,0,0.00,0,90,0,89.43,91.13,0,0,0,0,0,0,0,0,0,0,0,0,0,0,0,0,0,0,0,0
144895,-0.26,134,3941,0,0,0.00,0,90,0,89.43,91.13,0,0,0,0,0,0,0,0,0,0,0,0,0,0,0,0,0,0,0,0
144931,-0.32,207,3357,0,0,0.00,0,90,0,89.43,91.13,0,0,0,0,0,0,0,0,0,0,0,0,0,0,0,0,0,0,0,0
144967,-0.37,120,2938,0,0,0.00,0,90,0,89.43,91.13,0,0,0,0,0,0,0,0,0,0,0,0,0,0,0,0,0,0,0,0
145003,-0.15,-108,2768,0,0,0.00,0,90,0,89.43,91.13,0,0,0,0,0,0,0,0,0,0,0,0,0,0,0,0,0,0,0,0
145039,-0.31,-362,2953,0,0,0.00,0,90,0,89.43,91.13,0,0,0,0,0,0,0,0,0,0,0,0,0,0,0,0,0,0,0,0
145075,-0.31,-504,3344,0,0,0.00,0,90,0,89.43,91.13,0,0,0,0,0,0,0,0,0,0,0,0,0,0,0,0,0,0,0,0
145111,-0.27,-484,3449,0,0,0.00,0,90,0,89.43,91.13,0,0,0,0,0,0,0,0,0,0,0,0,0,0,0,0,0,0,0,0
145147,-0.28,-370,3280,0,0,0.00,0,90,0,89.43,91.13,0,0,0,0,0,0,0,0,0,0,0,0,0,0,0,0,0,0,0,0
145183,-0.36,-269,3183,0,0,0.00,0,90,0,89.43,91.13,0,0,0,0,0,0,0,0,0,0,0,0,0,0,0,0,0,0,0,0
145219,-0.30,-213,3302,0,0,0.00,0,90,0,89.43,91.13,0,0,0,0,0,0,0,0,0,0,0,0,0,0,0,0,0,0,0,0
145255,-0.33,-163,3537,0,0,0.00,0,90,0,89.43,91.13,0,0,0,0,0,0,0,0,0,0,0,0,0,0,0,0,0,0,0,0
145291,-0.26,-87,3571,0,0,0.00,0,90,0,89.43,91.13,0,0,0,0,0,0,0,0,0,0,0,0,0,0,0,0,0,0,0,0
145327,-0.32,-10,3463,0,0,0.00,0,90,0,89.43,91.13,0,0,0,0,0,0,0,0,0,0,0,0,0,0,0,0,0,0,0,0
145363,-0.24,26,3385,0,0,0.00,0,90,0,89.43,91.13,0,0,0,0,0,0,0,0,0,0,0,0,0,0,0,0,0,0,0,0
145399,-0.33,7,3201,0,0,0.00,0,90,0,89.43,91.13,0,0,0,0,0,0,0,0,0,0,0,0,0,0,0,0,0,0,0,0
145435,-0.27,-61,3136,0,0,0.00,0,90,0,89.43,91.13,0,0,0,0,0,0,0,0,0,0,0,0,0,0,0,0,0,0,0,0
145471,-0.26,-115,3643,0,0,0.00,0,90,0,89.43,91.13,0,0,0,0,0,0,0,0,0,0,0,0,0,0,0,0,0,0,0,0
145507,-0.26,-55,4095,0,0,0.00,0,90,0,89.43,91.13,0,0,0,0,0,0,0,0,0,0,0,0,0,0,0,0,0,0,0,0
145543,-0.27,121,4095,0,0,0.00,0,90,0,89.43,91.13,0,0,0,0,0,0,0,0,0,0,0,0,0,0,0,0,0,0,0,0
145579,-0.29,315,4095,0,0,0.00,0,90,0,89.43,91.13,0,0,0,0,0,0,0,0,0,0,0,0,0,0,0,0,0,0,0,0
145615,-0.25,449,4095,0,0,0.00,0,90,0,89.43,91.13,0,0,0,0,0,0,0,0,0,0,0,0,0,0,0,0,0,0,0,0
145651,-0.27,508,4095,0,0,0.00,0,90,0,89.43,91.13,0,0,0,0,0,0,0,0,0,0,0,0,0,0,0,0,0,0,0,0
145687,-0.30,506,4095,0,0,0.00,0,90,0,89.43,91.13,0,0,0,0,0,0,0,0,0,0,0,0,0,0,0,0,0,0,0,0
145723,-0.27,449,3803,0,0,0.00,0,90,0,89.43,91.13,0,0,0,0,0,0,0,0,0,0,0,0,0,0,0,0,0,0,0,0
145759,-0.26,306,3349,0,0,0.00,0,90,0,89.43,91.13,0,0,0,0,0,0,0,0,0,0,0,0,0,0,0,0,0,0,0,0
145795,-0.29,87,3359,0,0,0.00,0,90,0,89.43,91.13,0,0,0,0,0,0,0,0,0,0,0,0,0,0,0,0,0,0,0,0
145831,-0.24,-117,3536,0,0,0.00,0,90,0,89.43,91.13,0,0,0,0,0,0,0,0,0,0,0,0,0,0,0,0,0,0,0,0
145867,-0.32,-238,3461,0,0,0.00,0,90,0,89.43,91.13,0,0,0,0,0,0,0,0,0,0,0,0,0,0,0,0,0,0,0,0
145903,-0.26,-300,3238,0,0,0.00,0,90,0,89.43,91.13,0,0,0,0,0,0,0,0,0,0,0,0,0,0,0,0,0,0,0,0
145939,-0.34,-363,3057,0,0,0.00,0,90,0,89.43,91.13,0,0,0,0,0,0,0,0,0,0,0,0,0,0,0,0,0,0,0,0
145975,-0.32,-437,3071,0,0,0.00,0,90,0,89.43,91.13,0,0,0,0,0,0,0,0,0,0,0,0,0,0,0,0,0,0,0,0
146011,-0.25,-484,3253,0,0,0.00,0,90,0,89.43,91.13,0,0,0,0,0,0,0,0,0,0,0,0,0,0,0,0,0,0,0,0
146047,-0.28,-467,3313,0,0,0.00,0,90,0,89.43,91.13,0,0,0,0,0,0,0,0,0,0,0,0,0,0,0,0,0,0,0,0
146083,-0.30,-410,3178,0,0,0.00,0,90,0,89.43,91.13,0,0,0,0,0,0,0,0,0,0,0,0,0,0,0,0,0,0,0,0
146119,-0.22,-369,3042,0,0,0.00,0,90,0,89.43,91.13,0,0,0,0,0,0,0,0,0,0,0,0,0,0,0,0,0,0,0,0
146155,-0.17,-363,3030,0,0,0.00,0,90,0,89.43,91.13,0,0,0,0,0,0,0,0,0,0,0,0,0,0,0,0,0,0,0,0
146191,-0.29,-375,3015,0,0,0.00,0,90,0,89.43,91.13,0,0,0,0,0,0,0,0,0,0,0,0,0,0,0,0,0,0,0,0
146227,-0.24,-389,2928,0,0,0.00,0,90,0,89.43,91.13,0,0,0,0,0,0,0,0,0,0,0,0,0,0,0,0,0,0,0,0
146263,-0.29,-403,2903,0,0,0.00,0,90,0,89.43,91.13,0,0,0,0,0,0,0,0,0,0,0,0,0,0,0,0,0,0,0,0
146299,-0.30,-404,3011,0,0,0.00,0,90,0,89.43,91.13,0,0,0,0,0,0,0,0,0,0,0,0,0,0,0,0,0,0,0,0
146335,-0.28,-370,3089,0,0,0.00,0,90,0,89.43,91.13,0,0,0,0,0,0,0,0,0,0,0,0,0,0,0,0,0,0,0,0
146371,-0.34,-306,3086,0,0,0.00,0,90,0,89.43,91.13,0,0,0,0,0,0,0,0,0,0,0,0,0,0,0,0,0,0,0,0
146407,-0.31,-246,2899,0,0,0.00,0,90,0,89.43,91.13,0,0,0,0,0,0,0,0,0,0,0,0,0,0,0,0,0,0,0,0
146443,-0.28,-238,2661,0,0,0.00,0,90,0,89.43,91.13,0,0,0,0,0,0,0,0,0,0,0,0,0,0,0,0,0,0,0,0
146479,-0.28,-288,2603,0,0,0.00,0,90,0,89.43,91.13,0,0,0,0,0,0,0,0,0,0,0,0,0,0,0,0,0,0,0,0
146515,-0.27,-354,2677,0,0,0.00,0,90,0,89.43,91.13,0,0,0,0,0,0,0,0,0,0,0,0,0,0,0,0,0,0,0,0
146551,-0.35,-381,2789,0,0,0.00,0,90,0,89.43,91.13,0,0,0,0,0,0,0,0,0,0,0,0,0,0,0,0,0,0,0,0
146587,-0.38,-336,3044,0,0,0.00,0,90,0,89.43,91.13,0,0,0,0,0,0,0,0,0,0,0,0,0,0,0,0,0,0,0,0
146623,-0.24,-175,3821,0,0,0.00,0,90,0,89.43,91.13,0,0,0,0,0,0,0,0,0,0,0,0,0,0,0,0,0,0,0,0
146659,-0.26,125,4095,0,0,0.00,0,90,0,89.43,91.13,0,0,0,0,0,0,0,0,0,0,0,0,0,0,0,0,0,0,0,0
146695,-0.26,475,4095,0,0,0.00,0,90,0,89.43,91.13,0,0,0,0,0,0,0,0,0,0,0,0,0,0,0,0,0,0,0,0
146731,-0.32,749,4095,0,0,0.00,0,90,0,89.43,91.13,0,0,0,0,0,0,0,0,0,0,0,0,0,0,0,0,0,0,0,0
146767,-0.31,899,4095,0,0,0.00,0,90,0,89.43,91.13,0,0,0,0,0,0,0,0,0,0,0,0,0,0,0,0,0,0,0,0
146803,-0.27,936,4095,0,0,0.00,0,90,0,89.43,91.13,0,0,0,0,0,0,0,0,0,0,0,0,0,0,0,0,0,0,0,0
146839,-0.31,888,3919,0,0,0.00,0,90,0,89.43,91.13,0,0,0,0,0,0,0,0,0,0,0,0,0,0,0,0,0,0,0,0
146875,-0.26,756,3581,0,0,0.00,0,90,0,89.43,91.13,0,0,0,0,0,0,0,0,0,0,0,0,0,0,0,0,0,0,0,0
146911,-0.26,547,3397,0,0,0.00,0,90,0,89.43,91.13,0,0,0,0,0,0,0,0,0,0,0,0,0,0,0,0,0,0,0,0
146947,-0.28,313,3431,0,0,0.00,0,90,0,89.43,91.13,0,0,0,0,0,0,0,0,0,0,0,0,0,0,0,0,0,0,0,0
146983,-0.30,121,3393,0,0,0.00,0,90,0,89.43,91.13,0,0,0,0,0,0,0,0,0,0,0,0,0,0,0,0,0,0,0,0
147019,-0.28,-22,3120,0,0,0.00,0,90,0,89.43,91.13,0,0,0,0,0,0,0,0,0,0,0,0,0,0,0,0,0,0,0,0
147055,-0.28,-161,2847,0,0,0.00,0,90,0,89.43,91.13,0,0,0,0,0,0,0,0,0,0,0,0,0,0,0,0,0,0,0,0
147091,-0.30,-315,2701,0,0,0.00,0,90,0,89.43,91.13,0,0,0,0,0,0,0,0,0,0,0,0,0,0,0,0,0,0,0,0
147127,-0.33,-464,2640,0,0,0.00,0,90,0,89.43,91.13,0,0,0,0,0,0,0,0,0,0,0,0,0,0,0,0,0,0,0,0
147163,-0.32,-579,2541,0,0,0.00,0,90,0,89.43,91.13,0,0,0,0,0,0,0,0,0,0,0,0,0,0,0,0,0,0,0,0
147199,-0.34,-650,2528,0,0,0.00,0,90,0,89.43,91.13,0,0,0,0,0,0,0,0,0,0,0,0,0,0,0,0,0,0,0,0
147235,-0.33,-669,2619,0,0,0.00,0,90,0,89.43,91.13,0,0,0,0,0,0,0,0,0,0,0,0,0,0,0,0,0,0,0,0
147271,-0.35,-627,2727,0,0,0.00,0,90,0,89.43,91.13,0,0,0,0,0,0,0,0,0,0,0,0,0,0,0,0,0,0,0,0
147307,-0.20,-533,2799,0,0,0.00,0,90,0,89.43,91.13,0,0,0,0,0,0,0,0,0,0,0,0,0,0,0,0,0,0,0,0
147343,-0.29,-415,2791,0,0,0.00,0,90,0,89.43,91.13,0,0,0,0,0,0,0,0,0,0,0,0,0,0,0,0,0,0,0,0
147379,-0.27,-304,2843,0,0,0.00,0,90,0,89.43,91.13,0,0,0,0,0,0,0,0,0,0,0,0,0,0,0,0,0,0,0,0
147415,-0.26,-203,2973,0,0,0.00,0,90,0,89.43,91.13,0,0,0,0,0,0,0,0,0,0,0,0,0,0,0,0,0,0,0,0
147451,-0.26,-88,3276,0,0,0.00,0,90,0,89.43,91.13,0,0,0,0,0,0,0,0,0,0,0,0,0,0,0,0,0,0,0,0
147487,-0.31,53,3313,0,0,0.00,0,90,0,89.43,91.13,0,0,0,0,0,0,0,0,0,0,0,0,0,0,0,0,0,0,0,0
147523,-0.32,179,3146,0,0,0.00,0,90,0,89.43,91.13,0,0,0,0,0,0,0,0,0,0,0,0,0,0,0,0,0,0,0,0
147559,-0.27,240,3127,0,0,0.00,0,90,0,89.43,91.13,0,0,0,0,0,0,0,0,0,0,0,0,0,0,0,0,0,0,0,0
147595,-0.27,244,3163,0,0,0.00,0,90,0,89.43,91.13,0,0,0,0,0,0,0,0,0,0,0,0,0,0,0,0,0,0,0,0
147631,-0.24,223,3102,0,0,0.00,0,90,0,89.43,91.13,0,0,0,0,0,0,0,0,0,0,0,0,0,0,0,0,0,0,0,0
147667,-0.35,180,2949,0,0,0.00,0,90,0,89.43,91.13,0,0,0,0,0,0,0,0,0,0,0,0,0,0,0,0,0,0,0,0
147703,-0.29,120,3005,0,0,0.00,0,90,0,89.43,91.13,0,0,0,0,0,0,0,0,0,0,0,0,0,0,0,0,0,0,0,0
147739,-0.20,99,3477,0,0,0.00,0,90,0,89.43,91.13,0,0,0,0,0,0,0,0,0,0,0,0,0,0,0,0,0,0,0,0
147775,-0.30,203,4095,0,0,0.00,0,90,0,89.43,91.13,0,0,0,0,0,0,0,0,0,0,0,0,0,0,0,0,0,0,0,0
147811,-0.23,431,4095,0,0,0.00,0,90,0,89.43,91.13,0,0,0,0,0,0,0,0,0,0,0,0,0,0,0,0,0,0,0,0
147847,-0.34,647,3747,0,0,0.00,0,90,0,89.43,91.13,0,0,0,0,0,0,0,0,0,0,0,0,0,0,0,0,0,0,0,0
147883,-0.29,720,3534,0,0,0.00,0,90,0,89.43,91.13,0,0,0,0,0,0,0,0,0,0,0,0,0,0,0,0,0,0,0,0
147919,-0.26,645,3455,0,0,0.00,0,90,0,89.43,91.13,0,0,0,0,0,0,0,0,0,0,0,0,0,0,0,0,0,0,0,0
147955,-0.22,492,3372,0,0,0.00,0,90,0,89.43,91.13,0,0,0,0,0,0,0,0,0,0,0,0,0,0,0,0,0,0,0,0
147991,-0.28,318,3239,0,0,0.00,0,90,0,89.43,91.13,0,0,0,0,0,0,0,0,0,0,0,0,0,0,0,0,0,0,0,0
148027,-0.21,148,3120,0,0,0.00,0,90,0,89.43,91.13,0,0,0,0,0,0,0,0,0,0,0,0,0,0,0,0,0,0,0,0
148063,-0.26,-18,2778,0,0,0.00,0,90,0,89.43,91.13,0,0,0,0,0,0,0,0,0,0,0,0,0,0,0,0,0,0,0,0
148099,-0.21,-222,2256,0,0,0.00,0,90,0,89.43,91.13,0,0,0,0,0,0,0,0,0,0,0,0,0,0,0,0,0,0,0,0
148135,-0.34,-488,1872,0,0,0.00,0,90,0,89.43,91.13,0,0,0,0,0,0,0,0,0,0,0,0,0,0,0,0,0,0,0,0
148171,-0.29,-756,2093,0,0,0.00,0,90,0,89.43,91.13,0,0,0,0,0,0,0,0,0,0,0,0,0,0,0,0,0,0,0,0
148207,-0.29,-876,2811,0,0,0.00,0,90,0,89.43,91.13,0,0,0,0,0,0,0,0,0,0,0,0,0,0,0,0,0,0,0,0
148243,-0.32,-724,3618,0,0,0.00,0,90,0,89.43,91.13,0,0,0,0,0,0,0,0,0,0,0,0,0,0,0,0,0,0,0,0
148279,-0.29,-328,3868,0,0,0.00,0,90,0,89.43,91.13,0,0,0,0,0,0,0,0,0,0,0,0,0,0,0,0,0,0,0,0
148315,-0.28,107,3422,0,0,0.00,0,90,0,89.43,91.13,0,0,0,0,0,0,0,0,0,0,0,0,0,0,0,0,0,0,0,0
148351,-0.27,353,2919,0,0,0.00,0,90,0,89.43,91.13,0,0,0,0,0,0,0,0,0,0,0,0,0,0,0,0,0,0,0,0
148387,-0.23,338,2670,0,0,0.00,0,90,0,89.43,91.13,0,0,0,0,0,0,0,0,0,0,0,0,0,0,0,0,0,0,0,0
148423,-0.29,154,2637,0,0,0.00,0,90,0,89.43,91.13,0,0,0,0,0,0,0,0,0,0,0,0,0,0,0,0,0,0,0,0
148459,-0.27,-53,2734,0,0,0.00,0,90,0,89.43,91.13,0,0,0,0,0,0,0,0,0,0,0,0,0,0,0,0,0,0,0,0
148495,-0.23,-197,2719,0,0,0.00,0,90,0,89.43,91.13,0,0,0,0,0,0,0,0,0,0,0,0,0,0,0,0,0,0,0,0
148531,-0.32,-273,2559,0,0,0.00,0,90,0,89.43,91.13,0,0,0,0,0,0,0,0,0,0,0,0,0,0,0,0,0,0,0,0
148567,-0.30,-316,2529,0,0,0.00,0,90,0,89.43,91.13,0,0,0,0,0,0,0,0,0,0,0,0,0,0,0,0,0,0,0,0
148603,-0.28,-337,2559,0,0,0.00,0,90,0,89.43,91.13,0,0,0,0,0,0,0,0,0,0,0,0,0,0,0,0,0,0,0,0
148639,-0.37,-325,2627,0,0,0.00,0,90,0,89.43,91.13,0,0,0,0,0,0,0,0,0,0,0,0,0,0,0,0,0,0,0,0
148675,-0.30,-279,2704,0,0,0.00,0,90,0,89.43,91.13,0,0,0,0,0,0,0,0,0,0,0,0,0,0,0,0,0,0,0,0
148711,-0.26,-200,2859,0,0,0.00,0,90,0,89.43,91.13,0,0,0,0,0,0,0,0,0,0,0,0,0,0,0,0,0,0,0,0
148747,-0.29,-92,2959,0,0,0.00,0,90,0,89.43,91.13,0,0,0,0,0,0,0,0,0,0,0,0,0,0,0,0,0,0,0,0
148783,-0.24,18,2896,0,0,0.00,0,90,0,89.43,91.13,0,0,0,0,0,0,0,0,0,0,0,0,0,0,0,0,0,0,0,0
148819,-0.26,100,2917,0,0,0.00,0,90,0,89.43,91.13,0,0,0,0,0,0,0,0,0,0,0,0,0,0,0,0,0,0,0,0
148855,-0.30,163,3195,0,0,0.00,0,90,0,89.43,91.13,0,0,0,0,0,0,0,0,0,0,0,0,0,0,0,0,0,0,0,0
148891,-0.24,272,3729,0,0,0.00,0,90,0,89.43,91.13,0,0,0,0,0,0,0,0,0,0,0,0,0,0,0,0,0,0,0,0
148927,-0.27,470,4075,0,0,0.00,0,90,0,89.43,91.13,0,0,0,0,0,0,0,0,0,0,0,0,0,0,0,0,0,0,0,0
148963,-0.26,694,3781,0,0,0.00,0,90,0,89.43,91.13,0,0,0,0,0,0,0,0,0,0,0,0,0,0,0,0,0,0,0,0
148999,-0.28,809,3447,0,0,0.00,0,90,0,89.43,91.13,0,0,0,0,0,0,0,0,0,0,0,0,0,0,0,0,0,0,0,0
149035,-0.39,749,3167,0,0,0.00,0,90,0,89.43,91.13,0,0,0,0,0,0,0,0,0,0,0,0,0,0,0,0,0,0,0,0
149071,-0.29,550,2928,0,0,0.00,0,90,0,89.43,91.13,0,0,0,0,0,0,0,0,0,0,0,0,0,0,0,0,0,0,0,0
149107,-0.27,290,2847,0,0,0.00,0,90,0,89.43,91.13,0,0,0,0,0,0,0,0,0,0,0,0,0,0,0,0,0,0,0,0
149143,-0.29,53,2882,0,0,0.00,0,90,0,89.43,91.13,0,0,0,0,0,0,0,0,0,0,0,0,0,0,0,0,0,0,0,0
149179,-0.27,-97,3030,0,0,0.00,0,90,0,89.43,91.13,0,0,0,0,0,0,0,0,0,0,0,0,0,0,0,0,0,0,0,0
149215,-0.29,-143,3105,0,0,0.00,0,90,0,89.43,91.13,0,0,0,0,0,0,0,0,0,0,0,0,0,0,0,0,0,0,0,0
149251,-0.22,-117,3046,0,0,0.00,0,90,0,89.43,91.13,0,0,0,0,0,0,0,0,0,0,0,0,0,0,0,0,0,0,0,0
149287,-0.25,-78,2965,0,0,0.00,0,90,0,89.43,91.13,0,0,0,0,0,0,0,0,0,0,0,0,0,0,0,0,0,0,0,0
149323,-0.20,-57,2982,0,0,0.00,0,90,0,89.43,91.13,0,0,0,0,0,0,0,0,0,0,0,0,0,0,0,0,0,0,0,0
149359,-0.32,-48,3034,0,0,0.00,0,90,0,89.43,91.13,0,0,0,0,0,0,0,0,0,0,0,0,0,0,0,0,0,0,0,0
149395,-0.28,-38,3018,0,0,0.00,0,90,0,89.43,91.13,0,0,0,0,0,0,0,0,0,0,0,0,0,0,0,0,0,0,0,0
149431,-0.31,-38,2881,0,0,0.00,0,90,0,89.43,91.13,0,0,0,0,0,0,0,0,0,0,0,0,0,0,0,0,0,0,0,0
149467,-0.32,-68,2766,0,0,0.00,0,90,0,89.43,91.13,0,0,0,0,0,0,0,0,0,0,0,0,0,0,0,0,0,0,0,0
149503,-0.31,-130,2629,0,0,0.00,0,90,0,89.43,91.13,0,0,0,0,0,0,0,0,0,0,0,0,0,0,0,0,0,0,0,0
149539,-0.28,-213,2559,0,0,0.00,0,90,0,89.43,91.13,0,0,0,0,0,0,0,0,0,0,0,0,0,0,0,0,0,0,0,0
149575,-0.30,-283,2694,0,0,0.00,0,90,0,89.43,91.13,0,0,0,0,0,0,0,0,0,0,0,0,0,0,0,0,0,0,0,0
149611,-0.30,-292,2928,0,0,0.00,0,90,0,89.43,91.13,0,0,0,0,0,0,0,0,0,0,0,0,0,0,0,0,0,0,0,0
149647,-0.34,-222,3023,0,0,0.00,0,90,0,89.43,91.13,0,0,0,0,0,0,0,0,0,0,0,0,0,0,0,0,0,0,0,0
149683,-0.35,-113,2979,0,0,0.00,0,90,0,89.43,91.13,0,0,0,0,0,0,0,0,0,0,0,0,0,0,0,0,0,0,0,0
149719,-0.30,-19,2951,0,0,0.00,0,90,0,89.43,91.13,0,0,0,0,0,0,0,0,0,0,0,0,0,0,0,0,0,0,0,0
149755,-0.34,34,2917,0,0,0.00,0,90,0,89.43,91.13,0,0,0,0,0,0,0,0,0,0,0,0,0,0,0,0,0,0,0,0
149791,-0.28,45,2849,0,0,0.00,0,90,0,89.43,91.13,0,0,0,0,0,0,0,0,0,0,0,0,0,0,0,0,0,0,0,0
149827,-0.35,44,3124,0,0,0.00,0,90,0,89.43,91.13,0,0,0,0,0,0,0,0,0,0,0,0,0,0,0,0,0,0,0,0
149863,-0.35,120,3901,0,0,0.00,0,90,0,89.43,91.13,0,0,0,0,0,0,0,0,0,0,0,0,0,0,0,0,0,0,0,0
149899,-0.30,330,4095,0,0,0.00,0,90,0,89.43,91.13,0,0,0,0,0,0,0,0,0,0,0,0,0,0,0,0,0,0,0,0
149935,-0.30,578,3807,0,0,0.00,0,90,0,89.43,91.13,0,0,0,0,0,0,0,0,0,0,0,0,0,0,0,0,0,0,0,0
149971,-0.32,695,3310,0,0,0.00,0,90,0,89.43,91.13,0,0,0,0,0,0,0,0,0,0,0,0,0,0,0,0,0,0,0,0
150007,-0.30,603,2934,0,0,0.00,0,90,0,89.43,91.13,0,0,0,0,0,0,0,0,0,0,0,0,0,0,0,0,0,0,0,0
150043,-0.26,350,2727,0,0,0.00,0,90,0,89.43,91.13,0,0,0,0,0,0,0,0,0,0,0,0,0,0,0,0,0,0,0,0
150079,-0.23,55,2795,0,0,0.00,0,90,0,89.43,91.13,0,0,0,0,0,0,0,0,0,0,0,0,0,0,0,0,0,0,0,0
150115,-0.35,-169,2896,0,0,0.00,0,90,0,89.43,91.13,0,0,0,0,0,0,0,0,0,0,0,0,0,0,0,0,0,0,0,0
150151,-0.34,-281,2877,0,0,0.00,0,90,0,89.43,91.13,0,0,0,0,0,0,0,0,0,0,0,0,0,0,0,0,0,0,0,0
150187,-0.32,-312,2816,0,0,0.00,0,90,0,89.43,91.13,0,0,0,0,0,0,0,0,0,0,0,0,0,0,0,0,0,0,0,0
150223,-0.26,-310,2736,0,0,0.00,0,90,0,89.43,91.13,0,0,0,0,0,0,0,0,0,0,0,0,0,0,0,0,0,0,0,0
150259,-0.32,-307,2704,0,0,0.00,0,90,0,89.43,91.13,0,0,0,0,0,0,0,0,0,0,0,0,0,0,0,0,0,0,0,0
150295,-0.31,-304,2722,0,0,0.00,0,90,0,89.43,91.13,0,0,0,0,0,0,0,0,0,0,0,0,0,0,0,0,0,0,0,0
150331,-0.28,-290,2816,0,0,0.00,0,90,0,89.43,91.13,0,0,0,0,0,0,0,0,0,0,0,0,0,0,0,0,0,0,0,0
150367,-0.31,-246,2944,0,0,0.00,0,90,0,89.43,91.13,0,0,0,0,0,0,0,0,0,0,0,0,0,0,0,0,0,0,0,0
150403,-0.26,-172,3008,0,0,0.00,0,90,0,89.43,91.13,0,0,0,0,0,0,0,0,0,0,0,0,0,0,0,0,0,0,0,0
150439,-0.34,-81,3087,0,0,0.00,0,90,0,89.43,91.13,0,0,0,0,0,0,0,0,0,0,0,0,0,0,0,0,0,0,0,0
150475,-0.32,22,3363,0,0,0.00,0,90,0,89.43,91.13,0,0,0,0,0,0,0,0,0,0,0,0,0,0,0,0,0,0,0,0
150511,-0.30,158,3619,0,0,0.00,0,90,0,89.43,91.13,0,0,0,0,0,0,0,0,0,0,0,0,0,0,0,0,0,0,0,0
150547,-0.30,315,3664,0,0,0.00,0,90,0,89.43,91.13,0,0,0,0,0,0,0,0,0,0,0,0,0,0,0,0,0,0,0,0
150583,-0.35,442,3554,0,0,0.00,0,90,0,89.43,91.13,0,0,0,0,0,0,0,0,0,0,0,0,0,0,0,0,0,0,0,0
150619,-0.36,480,3298,0,0,0.00,0,90,0,89.43,91.13,0,0,0,0,0,0,0,0,0,0,0,0,0,0,0,0,0,0,0,0
150655,-0.27,409,3099,0,0,0.00,0,90,0,89.43,91.13,0,0,0,0,0,0,0,0,0,0,0,0,0,0,0,0,0,0,0,0
150691,-0.33,253,2933,0,0,0.00,0,90,0,89.43,91.13,0,0,0,0,0,0,0,0,0,0,0,0,0,0,0,0,0,0,0,0
150727,-0.29,61,2797,0,0,0.00,0,90,0,89.43,91.13,0,0,0,0,0,0,0,0,0,0,0,0,0,0,0,0,0,0,0,0
150763,-0.28,-121,2746,0,0,0.00,0,90,0,89.43,91.13,0,0,0,0,0,0,0,0,0,0,0,0,0,0,0,0,0,0,0,0
150799,-0.32,-261,2721,0,0,0.00,0,90,0,89.43,91.13,0,0,0,0,0,0,0,0,0,0,0,0,0,0,0,0,0,0,0,0
150835,-0.26,-344,2720,0,0,0.00,0,90,0,89.43,91.13,0,0,0,0,0,0,0,0,0,0,0,0,0,0,0,0,0,0,0,0
150871,-0.31,-368,2850,0,0,0.00,0,90,0,89.43,91.13,0,0,0,0,0,0,0,0,0,0,0,0,0,0,0,0,0,0,0,0
150907,-0.32,-320,3098,0,0,0.00,0,90,0,89.43,91.13,0,0,0,0,0,0,0,0,0,0,0,0,0,0,0,0,0,0,0,0
150943,-0.21,-205,3199,0,0,0.00,0,90,0,89.43,91.13,0,0,0,0,0,0,0,0,0,0,0,0,0,0,0,0,0,0,0,0
150979,-0.21,-72,3088,0,0,0.00,0,90,0,89.43,91.13,0,0,0,0,0,0,0,0,0,0,0,0,0,0,0,0,0,0,0,0
151015,-0.32,19,3042,0,0,0.00,0,90,0,89.43,91.13,0,0,0,0,0,0,0,0,0,0,0,0,0,0,0,0,0,0,0,0
151051,-0.28,57,3093,0,0,0.00,0,90,0,89.43,91.13,0,0,0,0,0,0,0,0,0,0,0,0,0,0,0,0,0,0,0,0
151087,-0.29,66,3091,0,0,0.00,0,90,0,89.43,91.13,0,0,0,0,0,0,0,0,0,0,0,0,0,0,0,0,0,0,0,0
151123,-0.26,51,2914,0,0,0.00,0,90,0,89.43,91.13,0,0,0,0,0,0,0,0,0,0,0,0,0,0,0,0,0,0,0,0
151159,-0.27,-4,2715,0,0,0.00,0,90,0,89.43,91.13,0,0,0,0,0,0,0,0,0,0,0,0,0,0,0,0,0,0,0,0
151195,-0.28,-96,2715,0,0,0.00,0,90,0,89.43,91.13,0,0,0,0,0,0,0,0,0,0,0,0,0,0,0,0,0,0,0,0
151231,-0.32,-178,2815,0,0,0.00,0,90,0,89.43,91.13,0,0,0,0,0,0,0,0,0,0,0,0,0,0,0,0,0,0,0,0
151267,-0.37,-201,3024,0,0,0.00,0,90,0,89.43,91.13,0,0,0,0,0,0,0,0,0,0,0,0,0,0,0,0,0,0,0,0
151303,-0.31,-149,3131,0,0,0.00,0,90,0,89.43,91.13,0,0,0,0,0,0,0,0,0,0,0,0,0,0,0,0,0,0,0,0
151339,-0.30,-55,3097,0,0,0.00,0,90,0,89.43,91.13,0,0,0,0,0,0,0,0,0,0,0,0,0,0,0,0,0,0,0,0
151375,-0.31,32,3120,0,0,0.00,0,90,0,89.43,91.13,0,0,0,0,0,0,0,0,0,0,0,0,0,0,0,0,0,0,0,0
151411,-0.31,98,3207,0,0,0.00,0,90,0,89.43,91.13,0,0,0,0,0,0,0,0,0,0,0,0,0,0,0,0,0,0,0,0
151447,-0.38,140,3099,0,0,0.00,0,90,0,89.43,91.13,0,0,0,0,0,0,0,0,0,0,0,0,0,0,0,0,0,0,0,0
151483,-0.35,137,2919,0,0,0.00,0,90,0,89.43,91.13,0,0,0,0,0,0,0,0,0,0,0,0,0,0,0,0,0,0,0,0
151519,-0.30,69,2666,0,0,0.00,0,90,0,89.43,91.13,0,0,0,0,0,0,0,0,0,0,0,0,0,0,0,0,0,0,0,0
151555,-0.33,-72,2304,0,0,0.00,0,90,0,89.43,91.13,0,0,0,0,0,0,0,0,0,0,0,0,0,0,0,0,0,0,0,0
151591,-0.33,-262,2273,0,0,0.00,0,90,0,89.43,91.13,0,0,0,0,0,0,0,0,0,0,0,0,0,0,0,0,0,0,0,0
151627,-0.34,-416,2555,0,0,0.00,0,90,0,89.43,91.13,0,0,0,0,0,0,0,0,0,0,0,0,0,0,0,0,0,0,0,0
151663,-0.41,-447,2833,0,0,0.00,0,90,0,89.43,91.13,0,0,0,0,0,0,0,0,0,0,0,0,0,0,0,0,0,0,0,0
151699,-0.32,-354,2852,0,0,0.00,0,90,0,89.43,91.13,0,0,0,0,0,0,0,0,0,0,0,0,0,0,0,0,0,0,0,0
151735,-0.21,-223,2693,0,0,0.00,0,90,0,89.43,91.13,0,0,0,0,0,0,0,0,0,0,0,0,0,0,0,0,0,0,0,0
151771,-0.31,-129,2659,0,0,0.00,0,90,0,89.43,91.13,0,0,0,0,0,0,0,0,0,0,0,0,0,0,0,0,0,0,0,0
151807,-0.36,-75,2849,0,0,0.00,0,90,0,89.43,91.13,0,0,0,0,0,0,0,0,0,0,0,0,0,0,0,0,0,0,0,0
151843,-0.35,-5,3171,0,0,0.00,0,90,0,89.43,91.13,0,0,0,0,0,0,0,0,0,0,0,0,0,0,0,0,0,0,0,0
151879,-0.29,126,3489,0,0,0.00,0,90,0,89.43,91.13,0,0,0,0,0,0,0,0,0,0,0,0,0,0,0,0,0,0,0,0
151915,-0.29,319,3735,0,0,0.00,0,90,0,89.43,91.13,0,0,0,0,0,0,0,0,0,0,0,0,0,0,0,0,0,0,0,0
151951,-0.34,511,3548,0,0,0.00,0,90,0,89.43,91.13,0,0,0,0,0,0,0,0,0,0,0,0,0,0,0,0,0,0,0,0
151987,-0.32,611,3297,0,0,0.00,0,90,0,89.43,91.13,0,0,0,0,0,0,0,0,0,0,0,0,0,0,0,0,0,0,0,0
152023,-0.29,589,3335,0,0,0.00,0,90,0,89.43,91.13,0,0,0,0,0,0,0,0,0,0,0,0,0,0,0,0,0,0,0,0
152059,-0.30,516,3542,0,0,0.00,0,90,0,89.43,91.13,0,0,0,0,0,0,0,0,0,0,0,0,0,0,0,0,0,0,0,0
152095,-0.32,467,3611,0,0,0.00,0,90,0,89.43,91.13,0,0,0,0,0,0,0,0,0,0,0,0,0,0,0,0,0,0,0,0
152131,-0.29,449,3583,0,0,0.00,0,90,0,89.43,91.13,0,0,0,0,0,0,0,0,0,0,0,0,0,0,0,0,0,0,0,0
152167,-0.37,427,3440,0,0,0.00,0,90,0,89.43,91.13,0,0,0,0,0,0,0,0,0,0,0,0,0,0,0,0,0,0,0,0
152203,-0.43,359,3136,0,0,0.00,0,90,0,89.43,91.13,0,0,0,0,0,0,0,0,0,0,0,0,0,0,0,0,0,0,0,0
152239,-0.27,219,2899,0,0,0.00,0,90,0,89.43,91.13,0,0,0,0,0,0,0,0,0,0,0,0,0,0,0,0,0,0,0,0
152275,-0.38,31,2828,0,0,0.00,0,90,0,89.43,91.13,0,0,0,0,0,0,0,0,0,0,0,0,0,0,0,0,0,0,0,0
152311,-0.33,-146,2832,0,0,0.00,0,90,0,89.43,91.13,0,0,0,0,0,0,0,0,0,0,0,0,0,0,0,0,0,0,0,0
152347,-0.34,-271,2799,0,0,0.00,0,90,0,89.43,91.13,0,0,0,0,0,0,0,0,0,0,0,0,0,0,0,0,0,0,0,0
152383,-0.34,-341,2768,0,0,0.00,0,90,0,89.43,91.13,0,0,0,0,0,0,0,0,0,0,0,0,0,0,0,0,0,0,0,0
152419,-0.39,-365,2820,0,0,0.00,0,90,0,89.43,91.13,0,0,0,0,0,0,0,0,0,0,0,0,0,0,0,0,0,0,0,0
152455,-0.33,-348,2898,0,0,0.00,0,90,0,89.43,91.13,0,0,0,0,0,0,0,0,0,0,0,0,0,0,0,0,0,0,0,0
152491,-0.26,-293,2991,0,0,0.00,0,90,0,89.43,91.13,0,0,0,0,0,0,0,0,0,0,0,0,0,0,0,0,0,0,0,0
152527,-0.37,-215,3022,0,0,0.00,0,90,0,89.43,91.13,0,0,0,0,0,0,0,0,0,0,0,0,0,0,0,0,0,0,0,0
152563,-0.33,-135,3045,0,0,0.00,0,90,0,89.43,91.13,0,0,0,0,0,0,0,0,0,0,0,0,0,0,0,0,0,0,0,0
152599,-0.27,-74,2989,0,0,0.00,0,90,0,89.43,91.13,0,0,0,0,0,0,0,0,0,0,0,0,0,0,0,0,0,0,0,0
152635,-0.34,-47,2911,0,0,0.00,0,90,0,89.43,91.13,0,0,0,0,0,0,0,0,0,0,0,0,0,0,0,0,0,0,0,0
152671,-0.28,-57,2880,0,0,0.00,0,90,0,89.43,91.13,0,0,0,0,0,0,0,0,0,0,0,0,0,0,0,0,0,0,0,0
152707,-0.28,-82,2914,0,0,0.00,0,90,0,89.43,91.13,0,0,0,0,0,0,0,0,0,0,0,0,0,0,0,0,0,0,0,0
152743,-0.38,-106,2848,0,0,0.00,0,90,0,89.43,91.13,0,0,0,0,0,0,0,0,0,0,0,0,0,0,0,0,0,0,0,0
152779,-0.35,-131,2767,0,0,0.00,0,90,0,89.43,91.13,0,0,0,0,0,0,0,0,0,0,0,0,0,0,0,0,0,0,0,0
152815,-0.31,-167,2671,0,0,0.00,0,90,0,89.43,91.13,0,0,0,0,0,0,0,0,0,0,0,0,0,0,0,0,0,0,0,0
152851,-0.38,-211,2640,0,0,0.00,0,90,0,89.43,91.13,0,0,0,0,0,0,0,0,0,0,0,0,0,0,0,0,0,0,0,0
152887,-0.25,-234,2885,0,0,0.00,0,90,0,89.43,91.13,0,0,0,0,0,0,0,0,0,0,0,0,0,0,0,0,0,0,0,0
152923,-0.26,-192,3087,0,0,0.00,0,90,0,89.43,91.13,0,0,0,0,0,0,0,0,0,0,0,0,0,0,0,0,0,0,0,0
152959,-0.37,-92,3088,0,0,0.00,0,90,0,89.43,91.13,0,0,0,0,0,0,0,0,0,0,0,0,0,0,0,0,0,0,0,0
152995,-0.31,9,2960,0,0,0.00,0,90,0,89.43,91.13,0,0,0,0,0,0,0,0,0,0,0,0,0,0,0,0,0,0,0,0
153031,-0.33,59,2877,0,0,0.00,0,90,0,89.43,91.13,0,0,0,0,0,0,0,0,0,0,0,0,0,0,0,0,0,0,0,0
153067,-0.32,65,3022,0,0,0.00,0,90,0,89.43,91.13,0,0,0,0,0,0,0,0,0,0,0,0,0,0,0,0,0,0,0,0
153103,-0.39,84,3313,0,0,0.00,0,90,0,89.43,91.13,0,0,0,0,0,0,0,0,0,0,0,0,0,0,0,0,0,0,0,0
153139,-0.35,162,3520,0,0,0.00,0,90,0,89.43,91.13,0,0,0,0,0,0,0,0,0,0,0,0,0,0,0,0,0,0,0,0
153175,-0.40,282,3538,0,0,0.00,0,90,0,89.43,91.13,0,0,0,0,0,0,0,0,0,0,0,0,0,0,0,0,0,0,0,0
153211,-0.33,385,3449,0,0,0.00,0,90,0,89.43,91.13,0,0,0,0,0,0,0,0,0,0,0,0,0,0,0,0,0,0,0,0
153247,-0.35,424,3312,0,0,0.00,0,90,0,89.43,91.13,0,0,0,0,0,0,0,0,0,0,0,0,0,0,0,0,0,0,0,0
153283,1.89,380,3127,0,0,0.00,0,90,0,89.43,91.13,0,0,0,0,0,0,0,0,0,0,0,0,0,0,0,0,0,0,0,0
153319,0.36,270,3047,0,0,0.00,0,90,0,89.43,91.13,0,0,0,0,0,0,0,0,0,0,0,0,0,0,0,0,0,0,0,0
153355,4.17,138,3043,0,0,0.00,0,90,0,89.43,91.13,0,0,0,0,0,0,0,0,0,0,0,0,0,0,0,0,0,0,0,0
153391,1.27,33,3136,0,0,0.00,0,90,0,89.43,91.13,0,0,0,0,0,0,0,0,0,0,0,0,0,0,0,0,0,0,0,0
153427,3.80,-16,3198,0,0,0.00,0,90,0,89.43,91.13,0,0,0,0,0,0,0,0,0,0,0,0,0,0,0,0,0,0,0,0
153463,13.90,-19,3165,0,0,0.00,0,90,0,89.43,91.13,0,0,0,0,0,0,0,0,0,0,0,0,0,0,0,0,0,0,0,0
153499,28.14,-5,3150,0,0,0.00,0,90,0,89.43,91.13,0,0,0,0,0,0,0,0,0,0,0,0,0,0,0,0,0,0,0,0
153535,39.11,3,3125,0,0,0.00,0,90,0,89.43,91.13,0,0,0,0,0,0,0,0,0,0,0,0,0,0,0,0,0,0,0,0
153571,45.39,1,3115,0,0,0.00,0,90,0,89.43,91.13,0,0,0,0,0,0,0,0,0,0,0,0,0,0,0,0,0,0,0,0
153607,44.06,-5,3139,0,0,0.00,0,90,0,89.43,91.13,0,0,0,0,0,0,0,0,0,0,0,0,0,0,0,0,0,0,0,0
153643,49.93,-5,3235,0,0,0.00,0,90,0,89.43,91.13,0,0,0,0,0,0,0,0,0,0,0,0,0,0,0,0,0,0,0,0
153679,48.64,16,3339,0,0,0.00,0,90,0,89.43,91.13,0,0,0,0,0,0,0,0,0,0,0,0,0,0,0,0,0,0,0,0
153715,48.71,59,3338,0,0,0.00,0,90,0,89.43,91.13,0,0,0,0,0,0,0,0,0,0,0,0,0,0,0,0,0,0,0,0
153751,47.05,99,3323,0,0,0.00,0,90,0,89.43,91.13,0,0,0,0,0,0,0,0,0,0,0,0,0,0,0,0,0,0,0,0
153787,46.04,116,3266,0,0,0.00,0,90,0,89.43,91.13,0,0,0,0,0,0,0,0,0,0,0,0,0,0,0,0,0,0,0,0
153823,45.55,103,3190,0,0,0.00,0,90,0,89.43,91.13,0,0,0,0,0,0,0,0,0,0,0,0,0,0,0,0,0,0,0,0
153859,45.21,59,3105,0,0,0.00,0,90,0,89.43,91.13,0,0,0,0,0,0,0,0,0,0,0,0,0,0,0,0,0,0,0,0
153895,45.15,-8,3006,0,0,0.00,0,90,0,89.43,91.13,0,0,0,0,0,0,0,0,0,0,0,0,0,0,0,0,0,0,0,0
153931,45.28,-91,2898,0,0,0.00,0,90,0,89.43,91.13,0,0,0,0,0,0,0,0,0,0,0,0,0,0,0,0,0,0,0,0
153967,45.70,-177,2880,0,0,0.00,0,90,0,89.43,91.13,0,0,0,0,0,0,0,0,0,0,0,0,0,0,0,0,0,0,0,0
154003,46.20,-239,2943,0,0,0.00,0,90,0,89.43,91.13,0,0,0,0,0,0,0,0,0,0,0,0,0,0,0,0,0,0,0,0
154039,46.46,-253,3097,0,0,0.00,0,90,0,89.43,91.13,0,0,0,0,0,0,0,0,0,0,0,0,0,0,0,0,0,0,0,0
154075,46.83,-206,3237,0,0,0.00,0,90,0,89.43,91.13,0,0,0,0,0,0,0,0,0,0,0,0,0,0,0,0,0,0,0,0
154111,47.97,-113,3305,0,0,0.00,0,90,0,89.43,91.13,0,0,0,0,0,0,0,0,0,0,0,0,0,0,0,0,0,0,0,0
154147,48.67,-3,3438,0,0,0.00,0,90,0,89.43,91.13,0,0,0,0,0,0,0,0,0,0,0,0,0,0,0,0,0,0,0,0
154183,49.16,114,3619,0,0,0.00,0,90,0,89.43,91.13,0,0,0,0,0,0,0,0,0,0,0,0,0,0,0,0,0,0,0,0
154219,49.53,228,3628,0,0,0.00,0,90,0,89.43,91.13,0,0,0,0,0,0,0,0,0,0,0,0,0,0,0,0,0,0,0,0
154255,51.14,301,3442,0,0,0.00,0,90,0,89.43,91.13,0,0,0,0,0,0,0,0,0,0,0,0,0,0,0,0,0,0,0,0
154291,50.81,293,3251,0,0,0.00,0,90,0,89.43,91.13,0,0,0,0,0,0,0,0,0,0,0,0,0,0,0,0,0,0,0,0
154327,47.94,210,3238,0,0,0.00,0,90,0,89.43,91.13,0,0,0,0,0,0,0,0,0,0,0,0,0,0,0,0,0,0,0,0
154363,48.26,108,3312,0,0,0.00,0,90,0,89.43,91.13,0,0,0,0,0,0,0,0,0,0,0,0,0,0,0,0,0,0,0,0
154399,48.31,30,3264,0,0,0.00,0,90,0,89.43,91.13,0,0,0,0,0,0,0,0,0,0,0,0,0,0,0,0,0,0,0,0
154435,48.63,-29,3097,0,0,0.00,0,90,0,89.43,91.13,0,0,0,0,0,0,0,0,0,0,0,0,0,0,0,0,0,0,0,0
154471,49.28,-93,3057,0,0,0.00,0,90,0,89.43,91.13,0,0,0,0,0,0,0,0,0,0,0,0,0,0,0,0,0,0,0,0
154507,49.56,-150,3114,0,0,0.00,0,90,0,89.43,91.13,0,0,0,0,0,0,0,0,0,0,0,0,0,0,0,0,0,0,0,0
154543,50.12,-178,3171,0,0,0.00,0,90,0,89.43,91.13,0,0,0,0,0,0,0,0,0,0,0,0,0,0,0,0,0,0,0,0
154579,51.20,-171,3201,0,0,0.00,0,90,0,89.43,91.13,0,0,0,0,0,0,0,0,0,0,0,0,0,0,0,0,0,0,0,0
154615,51.32,-142,3190,0,0,0.00,0,90,0,89.43,91.13,0,0,0,0,0,0,0,0,0,0,0,0,0,0,0,0,0,0,0,0
154651,50.46,-98,3398,0,0,0.00,0,90,0,89.43,91.13,0,0,0,0,0,0,0,0,0,0,0,0,0,0,0,0,0,0,0,0
154687,50.74,-13,3714,0,0,0.00,0,90,0,89.43,91.13,0,0,0,0,0,0,0,0,0,0,0,0,0,0,0,0,0,0,0,0
154723,50.46,116,3728,0,0,0.00,0,90,0,89.43,91.13,0,0,0,0,0,0,0,0,0,0,0,0,0,0,0,0,0,0,0,0
154759,47.99,223,3441,0,0,0.00,0,90,0,89.43,91.13,0,0,0,0,0,0,0,0,0,0,0,0,0,0,0,0,0,0,0,0
154795,47.91,226,3108,0,0,0.00,0,90,0,89.43,91.13,0,0,0,0,0,0,0,0,0,0,0,0,0,0,0,0,0,0,0,0
154831,47.78,114,3019,0,0,0.00,0,90,0,89.43,91.13,0,0,0,0,0,0,0,0,0,0,0,0,0,0,0,0,0,0,0,0
154867,48.02,-33,3190,0,0,0.00,0,90,0,89.43,91.13,0,0,0,0,0,0,0,0,0,0,0,0,0,0,0,0,0,0,0,0
154903,48.10,-133,3216,0,0,0.00,0,90,0,89.43,91.13,0,0,0,0,0,0,0,0,0,0,0,0,0,0,0,0,0,0,0,0
154939,48.04,-168,3237,0,0,0.00,0,90,0,89.43,91.13,0,0,0,0,0,0,0,0,0,0,0,0,0,0,0,0,0,0,0,0
154975,48.81,-167,3145,0,0,0.00,0,90,0,89.43,91.13,0,0,0,0,0,0,0,0,0,0,0,0,0,0,0,0,0,0,0,0
155011,50.27,-177,2868,0,0,0.00,0,90,0,89.43,91.13,0,0,0,0,0,0,0,0,0,0,0,0,0,0,0,0,0,0,0,0
155047,52.16,-248,2559,0,0,0.00,0,90,0,89.43,91.13,0,0,0,0,0,0,0,0,0,0,0,0,0,0,0,0,0,0,0,0
155083,53.43,-385,2355,0,0,0.00,0,90,0,89.43,91.13,0,0,0,0,0,0,0,0,0,0,0,0,0,0,0,0,0,0,0,0
155119,54.26,-535,2499,0,0,0.00,0,90,0,89.43,91.13,0,0,0,0,0,0,0,0,0,0,0,0,0,0,0,0,0,0,0,0
155155,55.94,-603,2864,0,0,0.00,0,90,0,89.43,91.13,0,0,0,0,0,0,0,0,0,0,0,0,0,0,0,0,0,0,0,0
155191,53.69,-534,3063,0,0,0.00,0,90,0,89.43,91.13,0,0,0,0,0,0,0,0,0,0,0,0,0,0,0,0,0,0,0,0
155227,52.66,-362,3216,0,0,0.00,0,90,0,89.43,91.13,0,0,0,0,0,0,0,0,0,0,0,0,0,0,0,0,0,0,0,0
155263,52.89,-155,3264,0,0,0.00,0,90,0,89.43,91.13,0,0,0,0,0,0,0,0,0,0,0,0,0,0,0,0,0,0,0,0
155299,52.81,31,3376,0,0,0.00,0,90,0,89.43,91.13,0,0,0,0,0,0,0,0,0,0,0,0,0,0,0,0,0,0,0,0
155335,53.56,186,3569,0,0,0.00,0,90,0,89.43,91.13,0,0,0,0,0,0,0,0,0,0,0,0,0,0,0,0,0,0,0,0
155371,53.93,302,3422,0,0,0.00,0,90,0,89.43,91.13,0,0,0,0,0,0,0,0,0,0,0,0,0,0,0,0,0,0,0,0
155407,55.23,342,3188,0,0,0.00,0,90,0,89.43,91.13,0,0,0,0,0,0,0,0,0,0,0,0,0,0,0,0,0,0,0,0
155443,56.35,288,3094,0,0,0.00,0,90,0,89.43,91.13,0,0,0,0,0,0,0,0,0,0,0,0,0,0,0,0,0,0,0,0
155479,56.28,176,3008,0,0,0.00,0,90,0,89.43,91.13,0,0,0,0,0,0,0,0,0,0,0,0,0,0,0,0,0,0,0,0
155515,57.97,53,3002,0,0,0.00,0,90,0,89.43,91.13,0,0,0,0,0,0,0,0,0,0,0,0,0,0,0,0,0,0,0,0
155551,55.57,-43,2992,0,0,0.00,0,90,0,89.43,91.13,0,0,0,0,0,0,0,0,0,0,0,0,0,0,0,0,0,0,0,0
155587,54.29,-100,3009,0,0,0.00,0,90,0,89.43,91.13,0,0,0,0,0,0,0,0,0,0,0,0,0,0,0,0,0,0,0,0
155623,54.46,-117,3071,0,0,0.00,0,90,0,89.43,91.13,0,0,0,0,0,0,0,0,0,0,0,0,0,0,0,0,0,0,0,0
155659,54.76,-97,3129,0,0,0.00,0,90,0,89.43,91.13,0,0,0,0,0,0,0,0,0,0,0,0,0,0,0,0,0,0,0,0
155695,55.66,-54,3139,0,0,0.00,0,90,0,89.43,91.13,0,0,0,0,0,0,0,0,0,0,0,0,0,0,0,0,0,0,0,0
155731,56.27,-8,3120,0,0,0.00,0,90,0,89.43,91.13,0,0,0,0,0,0,0,0,0,0,0,0,0,0,0,0,0,0,0,0
155767,57.74,17,3033,0,0,0.00,0,90,0,89.43,91.13,0,0,0,0,0,0,0,0,0,0,0,0,0,0,0,0,0,0,0,0
155803,58.83,14,3003,0,0,0.00,0,90,0,89.43,91.13,0,0,0,0,0,0,0,0,0,0,0,0,0,0,0,0,0,0,0,0
155839,59.02,-5,3015,0,0,0.00,0,90,0,89.43,91.13,0,0,0,0,0,0,0,0,0,0,0,0,0,0,0,0,0,0,0,0
155875,60.43,-24,3056,0,0,0.00,0,90,0,89.43,91.13,0,0,0,0,0,0,0,0,0,0,0,0,0,0,0,0,0,0,0,0
155911,56.56,-26,3089,0,0,0.00,0,90,0,89.43,91.13,0,0,0,0,0,0,0,0,0,0,0,0,0,0,0,0,0,0,0,0
155947,56.73,-13,3086,0,0,0.00,0,90,0,89.43,91.13,0,0,0,0,0,0,0,0,0,0,0,0,0,0,0,0,0,0,0,0
155983,56.60,4,3090,0,0,0.00,0,90,0,89.43,91.13,0,0,0,0,0,0,0,0,0,0,0,0,0,0,0,0,0,0,0,0
156019,57.51,20,3086,0,0,0.00,0,90,0,89.43,91.13,0,0,0,0,0,0,0,0,0,0,0,0,0,0,0,0,0,0,0,0
156055,58.09,27,3040,0,0,0.00,0,90,0,89.43,91.13,0,0,0,0,0,0,0,0,0,0,0,0,0,0,0,0,0,0,0,0
156091,59.94,20,2989,0,0,0.00,0,90,0,89.43,91.13,0,0,0,0,0,0,0,0,0,0,0,0,0,0,0,0,0,0,0,0
156127,60.07,1,3002,0,0,0.00,0,90,0,89.43,91.13,0,0,0,0,0,0,0,0,0,0,0,0,0,0,0,0,0,0,0,0
156163,60.60,-14,3031,0,0,0.00,0,90,0,89.43,91.13,0,0,0,0,0,0,0,0,0,0,0,0,0,0,0,0,0,0,0,0
156199,60.21,-22,2985,0,0,0.00,0,90,0,89.43,91.13,0,0,0,0,0,0,0,0,0,0,0,0,0,0,0,0,0,0,0,0
156235,57.98,-29,2953,0,0,0.00,0,90,0,89.43,91.13,0,0,0,0,0,0,0,0,0,0,0,0,0,0,0,0,0,0,0,0
156271,59.02,-35,3003,0,0,0.00,0,90,0,89.43,91.13,0,0,0,0,0,0,0,0,0,0,0,0,0,0,0,0,0,0,0,0
156307,60.13,-32,3028,0,0,0.00,0,90,0,89.43,91.13,0,0,0,0,0,0,0,0,0,0,0,0,0,0,0,0,0,0,0,0
156343,60.91,-15,3059,0,0,0.00,0,90,0,89.43,91.13,0,0,0,0,0,0,0,0,0,0,0,0,0,0,0,0,0,0,0,0
156379,62.18,15,3190,0,0,0.00,0,90,0,89.43,91.13,0,0,0,0,0,0,0,0,0,0,0,0,0,0,0,0,0,0,0,0
156415,63.20,77,3401,0,0,0.00,0,90,0,89.43,91.13,0,0,0,0,0,0,0,0,0,0,0,0,0,0,0,0,0,0,0,0
156451,63.61,184,3677,0,0,0.00,0,90,0,89.43,91.13,0,0,0,0,0,0,0,0,0,0,0,0,0,0,0,0,0,0,0,0
156487,62.85,332,3841,0,0,0.00,0,90,0,89.43,91.13,0,0,0,0,0,0,0,0,0,0,0,0,0,0,0,0,0,0,0,0
156523,60.77,478,3757,0,0,0.00,0,90,0,89.43,91.13,0,0,0,0,0,0,0,0,0,0,0,0,0,0,0,0,0,0,0,0
156559,60.65,552,3525,0,0,0.00,0,90,0,89.43,91.13,0,0,0,0,0,0,0,0,0,0,0,0,0,0,0,0,0,0,0,0
156595,61.62,514,3296,0,0,0.00,0,90,0,89.43,91.13,0,0,0,0,0,0,0,0,0,0,0,0,0,0,0,0,0,0,0,0
156631,62.31,378,3179,0,0,0.00,0,90,0,89.43,91.13,0,0,0,0,0,0,0,0,0,0,0,0,0,0,0,0,0,0,0,0
156667,64.50,206,3175,0,0,0.00,0,90,0,89.43,91.13,0,0,0,0,0,0,0,0,0,0,0,0,0,0,0,0,0,0,0,0
156703,64.51,61,3253,0,0,0.00,0,90,0,89.43,91.13,0,0,0,0,0,0,0,0,0,0,0,0,0,0,0,0,0,0,0,0
156739,66.98,-19,3307,0,0,0.00,0,90,0,89.43,91.13,0,0,0,0,0,0,0,0,0,0,0,0,0,0,0,0,0,0,0,0
156775,62.33,-41,3306,0,0,0.00,0,90,0,89.43,91.13,0,0,0,0,0,0,0,0,0,0,0,0,0,0,0,0,0,0,0,0
156811,62.39,-36,3239,0,0,0.00,0,90,0,89.43,91.13,0,0,0,0,0,0,0,0,0,0,0,0,0,0,0,0,0,0,0,0
156847,62.37,-35,3189,0,0,0.00,0,90,0,89.43,91.13,0,0,0,0,0,0,0,0,0,0,0,0,0,0,0,0,0,0,0,0
156883,63.54,-51,3137,0,0,0.00,0,90,0,89.43,91.13,0,0,0,0,0,0,0,0,0,0,0,0,0,0,0,0,0,0,0,0
156919,65.15,-84,3041,0,0,0.00,0,90,0,89.43,91.13,0,0,0,0,0,0,0,0,0,0,0,0,0,0,0,0,0,0,0,0
156955,66.51,-133,2997,0,0,0.00,0,90,0,89.43,91.13,0,0,0,0,0,0,0,0,0,0,0,0,0,0,0,0,0,0,0,0
156991,68.77,-183,2987,0,0,0.00,0,90,0,89.43,91.13,0,0,0,0,0,0,0,0,0,0,0,0,0,0,0,0,0,0,0,0
157027,64.08,-220,2991,0,0,0.00,0,90,0,89.43,91.13,0,0,0,0,0,0,0,0,0,0,0,0,0,0,0,0,0,0,0,0
157063,63.62,-234,3021,0,0,0.00,0,90,0,89.43,91.13,0,0,0,0,0,0,0,0,0,0,0,0,0,0,0,0,0,0,0,0
157099,63.87,-226,3029,0,0,0.00,0,90,0,89.43,91.13,0,0,0,0,0,0,0,0,0,0,0,0,0,0,0,0,0,0,0,0
157135,64.72,-202,3070,0,0,0.00,0,90,0,89.43,91.13,0,0,0,0,0,0,0,0,0,0,0,0,0,0,0,0,0,0,0,0
157171,67.03,-167,3082,0,0,0.00,0,90,0,89.43,91.13,0,0,0,0,0,0,0,0,0,0,0,0,0,0,0,0,0,0,0,0
157207,67.39,-132,3066,0,0,0.00,0,90,0,89.43,91.13,0,0,0,0,0,0,0,0,0,0,0,0,0,0,0,0,0,0,0,0
157243,68.94,-105,3058,0,0,0.00,0,90,0,89.43,91.13,0,0,0,0,0,0,0,0,0,0,0,0,0,0,0,0,0,0,0,0
157279,64.87,-87,3095,0,0,0.00,0,90,0,89.43,91.13,0,0,0,0,0,0,0,0,0,0,0,0,0,0,0,0,0,0,0,0
157315,64.30,-72,3071,0,0,0.00,0,90,0,89.43,91.13,0,0,0,0,0,0,0,0,0,0,0,0,0,0,0,0,0,0,0,0
157351,64.95,-65,3021,0,0,0.00,0,90,0,89.43,91.13,0,0,0,0,0,0,0,0,0,0,0,0,0,0,0,0,0,0,0,0
157387,65.92,-67,3057,0,0,0.00,0,90,0,89.43,91.13,0,0,0,0,0,0,0,0,0,0,0,0,0,0,0,0,0,0,0,0
157423,68.82,-65,3098,0,0,0.00,0,90,0,89.43,91.13,0,0,0,0,0,0,0,0,0,0,0,0,0,0,0,0,0,0,0,0
157459,70.90,-53,3101,0,0,0.00,0,90,0,89.43,91.13,0,0,0,0,0,0,0,0,0,0,0,0,0,0,0,0,0,0,0,0
157495,69.84,-36,3083,0,0,0.00,0,90,0,89.43,91.13,0,0,0,0,0,0,0,0,0,0,0,0,0,0,0,0,0,0,0,0
157531,68.01,-33,2945,0,0,0.00,0,90,0,89.43,91.13,0,0,0,0,0,0,0,0,0,0,0,0,0,0,0,0,0,0,0,0
157567,67.79,-58,2871,0,0,0.00,0,90,0,89.43,91.13,0,0,0,0,0,0,0,0,0,0,0,0,0,0,0,0,0,0,0,0
157603,68.54,-92,3027,0,0,0.00,0,90,0,89.43,91.13,0,0,0,0,0,0,0,0,0,0,0,0,0,0,0,0,0,0,0,0
157639,69.60,-79,3374,0,0,0.00,0,90,0,89.43,91.13,0,0,0,0,0,0,0,0,0,0,0,0,0,0,0,0,0,0,0,0
157675,71.89,19,3600,0,0,0.00,0,90,0,89.43,91.13,0,0,0,0,0,0,0,0,0,0,0,0,0,0,0,0,0,0,0,0
157711,72.05,172,3572,0,0,0.00,0,90,0,89.43,91.13,0,0,0,0,0,0,0,0,0,0,0,0,0,0,0,0,0,0,0,0
157747,74.15,294,3383,0,0,0.00,0,90,0,89.43,91.13,0,0,0,0,0,0,0,0,0,0,0,0,0,0,0,0,0,0,0,0
157783,72.57,330,3306,0,0,0.00,0,90,0,89.43,91.13,0,0,0,0,0,0,0,0,0,0,0,0,0,0,0,0,0,0,0,0
157819,69.18,298,3376,0,0,0.00,0,90,0,89.43,91.13,0,0,0,0,0,0,0,0,0,0,0,0,0,0,0,0,0,0,0,0
157855,69.07,247,3391,0,0,0.00,0,90,0,89.43,91.13,0,0,0,0,0,0,0,0,0,0,0,0,0,0,0,0,0,0,0,0
157891,68.64,205,3415,0,0,0.00,0,90,0,89.43,91.13,0,0,0,0,0,0,0,0,0,0,0,0,0,0,0,0,0,0,0,0
157927,69.11,176,3376,0,0,0.00,0,90,0,89.43,91.13,0,0,0,0,0,0,0,0,0,0,0,0,0,0,0,0,0,0,0,0
157963,69.56,147,3314,0,0,0.00,0,90,0,89.43,91.13,0,0,0,0,0,0,0,0,0,0,0,0,0,0,0,0,0,0,0,0
157999,70.29,105,3211,0,0,0.00,0,90,0,89.43,91.13,0,0,0,0,0,0,0,0,0,0,0,0,0,0,0,0,0,0,0,0
158035,70.87,47,3164,0,0,0.00,0,90,0,89.43,91.13,0,0,0,0,0,0,0,0,0,0,0,0,0,0,0,0,0,0,0,0
158071,71.14,-15,3152,0,0,0.00,0,90,0,89.43,91.13,0,0,0,0,0,0,0,0,0,0,0,0,0,0,0,0,0,0,0,0
158107,72.42,-66,3166,0,0,0.00,0,90,0,89.43,91.13,0,0,0,0,0,0,0,0,0,0,0,0,0,0,0,0,0,0,0,0
158143,73.52,-93,3194,0,0,0.00,0,90,0,89.43,91.13,0,0,0,0,0,0,0,0,0,0,0,0,0,0,0,0,0,0,0,0
158179,73.87,-99,3171,0,0,0.00,0,90,0,89.43,91.13,0,0,0,0,0,0,0,0,0,0,0,0,0,0,0,0,0,0,0,0
158215,74.46,-95,3173,0,0,0.00,0,90,0,89.43,91.13,0,0,0,0,0,0,0,0,0,0,0,0,0,0,0,0,0,0,0,0
158251,74.87,-90,3152,0,0,0.00,0,90,0,89.43,91.13,0,0,0,0,0,0,0,0,0,0,0,0,0,0,0,0,0,0,0,0
158287,75.20,-88,3124,0,0,0.00,0,90,0,89.43,91.13,0,0,0,0,0,0,0,0,0,0,0,0,0,0,0,0,0,0,0,0
158323,75.39,-92,3121,0,0,0.00,0,90,0,89.43,91.13,0,0,0,0,0,0,0,0,0,0,0,0,0,0,0,0,0,0,0,0
158359,75.37,-101,3066,0,0,0.00,0,90,0,89.43,91.13,0,0,0,0,0,0,0,0,0,0,0,0,0,0,0,0,0,0,0,0
158395,75.01,-120,2989,0,0,0.00,0,90,0,89.43,91.13,0,0,0,0,0,0,0,0,0,0,0,0,0,0,0,0,0,0,0,0
158431,75.14,-148,2975,0,0,0.00,0,90,0,89.43,91.13,0,0,0,0,0,0,0,0,0,0,0,0,0,0,0,0,0,0,0,0
158467,74.85,-173,3017,0,0,0.00,0,90,0,89.43,91.13,0,0,0,0,0,0,0,0,0,0,0,0,0,0,0,0,0,0,0,0
158503,73.66,-176,3071,0,0,0.00,0,90,0,89.43,91.13,0,0,0,0,0,0,0,0,0,0,0,0,0,0,0,0,0,0,0,0
158539,73.43,-154,3099,0,0,0.00,0,90,0,89.43,91.13,0,0,0,0,0,0,0,0,0,0,0,0,0,0,0,0,0,0,0,0
158575,73.27,-124,3013,0,0,0.00,0,90,0,89.43,91.13,0,0,0,0,0,0,0,0,0,0,0,0,0,0,0,0,0,0,0,0
158611,72.96,-110,2951,0,0,0.00,0,90,0,89.43,91.13,0,0,0,0,0,0,0,0,0,0,0,0,0,0,0,0,0,0,0,0
158647,73.74,-118,2921,0,0,0.00,0,90,0,89.43,91.13,0,0,0,0,0,0,0,0,0,0,0,0,0,0,0,0,0,0,0,0
158683,74.47,-136,2929,0,0,0.00,0,90,0,89.43,91.13,0,0,0,0,0,0,0,0,0,0,0,0,0,0,0,0,0,0,0,0
158719,75.12,-146,2971,0,0,0.00,0,90,0,89.43,91.13,0,0,0,0,0,0,0,0,0,0,0,0,0,0,0,0,0,0,0,0
158755,75.46,-139,2986,0,0,0.00,0,90,0,89.43,91.13,0,0,0,0,0,0,0,0,0,0,0,0,0,0,0,0,0,0,0,0
158791,76.83,-116,3031,0,0,0.00,0,90,0,89.43,91.13,0,0,0,0,0,0,0,0,0,0,0,0,0,0,0,0,0,0,0,0
158827,81.40,-64,3312,0,0,0.00,0,90,0,89.43,91.13,0,0,0,0,0,0,0,0,0,0,0,0,0,0,0,0,0,0,0,0
158877,80.20,53,3758,0,0,0.00,0,90,0,89.43,91.13,0,0,0,0,0,0,0,0,0,0,0,0,0,0,0,0,0,0,0,0
158926,79.65,239,3809,0,0,0.00,0,90,0,89.43,91.13,0,0,0,0,0,0,0,0,0,0,0,0,0,0,0,0,0,0,0,0
158975,75.66,400,3396,0,0,0.00,0,90,0,89.43,91.13,0,0,0,0,0,0,0,0,0,0,0,0,0,0,0,0,0,0,0,0
159024,75.99,432,3216,0,0,0.00,0,90,0,89.43,91.13,0,0,0,0,0,0,0,0,0,0,0,0,0,0,0,0,0,0,0,0
159073,77.27,348,3241,0,0,0.00,0,90,0,89.43,91.13,0,0,0,0,0,0,0,0,0,0,0,0,0,0,0,0,0,0,0,0
159122,78.52,227,3229,0,0,0.00,0,90,0,89.43,91.13,0,0,0,0,0,0,0,0,0,0,0,0,0,0,0,0,0,0,0,0
159171,80.25,124,3255,0,0,0.00,0,90,0,89.43,91.13,0,0,0,0,0,0,0,0,0,0,0,0,0,0,0,0,0,0,0,0
159220,82.57,51,3149,0,0,0.00,0,90,0,89.43,91.13,0,0,0,0,0,0,0,0,0,0,0,0,0,0,0,0,0,0,0,0
159269,82.07,-12,2996,0,0,0.00,0,90,0,89.43,91.13,0,0,0,0,0,0,0,0,0,0,0,0,0,0,0,0,0,0,0,0
159318,83.42,-80,2995,0,0,0.00,0,90,0,89.43,91.13,0,0,0,0,0,0,0,0,0,0,0,0,0,0,0,0,0,0,0,0
159367,80.02,-135,3046,0,0,0.00,0,90,0,89.43,91.13,0,0,0,0,0,0,0,0,0,0,0,0,0,0,0,0,0,0,0,0
159416,78.00,-157,3087,0,0,0.00,0,90,0,89.43,91.13,0,0,0,0,0,0,0,0,0,0,0,0,0,0,0,0,0,0,0,0
159465,78.55,-144,3125,0,0,0.00,0,90,0,89.43,91.13,0,0,0,0,0,0,0,0,0,0,0,0,0,0,0,0,0,0,0,0
159514,79.99,-112,3125,0,0,0.00,0,90,0,89.43,91.13,0,0,0,0,0,0,0,0,0,0,0,0,0,0,0,0,0,0,0,0
159563,81.33,-79,3088,0,0,0.00,0,90,0,89.43,91.13,0,0,0,0,0,0,0,0,0,0,0,0,0,0,0,0,0,0,0,0
159612,84.26,-63,3006,0,0,0.00,0,90,0,89.43,91.13,0,0,0,0,0,0,0,0,0,0,0,0,0,0,0,0,0,0,0,0
159661,84.12,-73,2966,0,0,0.00,0,90,0,89.43,91.13,0,0,0,0,0,0,0,0,0,0,0,0,0,0,0,0,0,0,0,0
159710,85.90,-94,3018,0,0,0.00,0,90,0,89.43,91.13,0,0,0,0,0,0,0,0,0,0,0,0,0,0,0,0,0,0,0,0
159759,81.30,-104,3063,0,0,0.00,0,90,0,89.43,91.13,0,0,0,0,0,0,0,0,0,0,0,0,0,0,0,0,0,0,0,0
159808,80.80,-91,3111,0,0,0.00,0,90,0,89.43,91.13,0,0,0,0,0,0,0,0,0,0,0,0,0,0,0,0,0,0,0,0
159857,83.45,-59,3152,0,0,0.00,0,90,0,89.43,91.13,0,0,0,0,0,0,0,0,0,0,0,0,0,0,0,0,0,0,0,0
159906,85.82,-22,3099,0,0,0.00,0,90,0,89.43,91.13,0,0,0,0,0,0,0,0,0,0,0,0,0,0,0,0,0,0,0,0
159955,89.09,0,3066,0,0,0.00,0,90,0,89.43,91.13,0,0,0,0,0,0,0,0,0,0,0,0,0,0,0,0,0,0,0,0
160004,89.29,26,3431,0,0,0.00,0,90,0,89.43,91.13,0,0,0,0,0,0,0,0,0,0,0,0,0,0,0,0,0,0,0,0
160053,90.69,119,3862,0,0,0.00,0,90,0,89.43,91.13,0,0,0,0,0,0,0,0,0,0,0,0,0,0,0,0,0,0,0,0
160102,85.40,277,3721,0,0,0.00,0,90,0,89.43,91.13,0,0,0,0,0,0,0,0,0,0,0,0,0,0,0,0,0,0,0,0
160151,84.32,398,3439,0,0,0.00,0,90,0,89.43,91.13,0,0,0,0,0,0,0,0,0,0,0,0,0,0,0,0,0,0,0,0
160200,84.91,403,3287,0,0,0.00,0,90,0,89.43,91.13,0,0,0,0,0,0,0,0,0,0,0,0,0,0,0,0,0,0,0,0
160249,86.03,312,3245,0,0,0.00,0,90,0,89.43,91.13,0,0,0,0,0,0,0,0,0,0,0,0,0,0,0,0,0,0,0,0
160298,87.04,187,3219,0,0,0.00,0,90,0,89.43,91.13,0,0,0,0,0,0,0,0,0,0,0,0,0,0,0,0,0,0,0,0
160347,87.80,77,3268,0,0,0.00,0,90,0,89.43,91.13,0,0,0,0,0,0,0,0,0,0,0,0,0,0,0,0,0,0,0,0
160396,88.39,9,3279,0,0,0.00,0,90,0,89.43,91.13,0,0,0,0,0,0,0,0,0,0,0,0,0,0,0,0,0,0,0,0
160445,89.16,-22,3238,0,0,0.00,0,90,0,89.43,91.13,0,0,0,0,0,0,0,0,0,0,0,0,0,0,0,0,0,0,0,0
160494,89.29,-43,3141,0,0,0.00,0,90,0,89.43,91.13,0,0,0,0,0,0,0,0,0,0,0,0,0,0,0,0,0,0,0,0
160543,89.39,-71,3095,0,0,0.00,0,90,0,89.43,91.13,0,0,0,0,0,0,0,0,0,0,0,0,0,0,0,0,0,0,0,0
160592,89.37,-103,3122,0,0,0.00,0,90,0,89.43,91.13,0,0,0,0,0,0,0,0,0,0,0,0,0,0,0,0,0,0,0,0
160641,89.33,-126,3105,0,0,0.00,0,90,0,89.43,91.13,0,0,0,0,0,0,0,0,0,0,0,0,0,0,0,0,0,0,0,0
160690,89.16,-138,3101,0,0,0.00,0,90,0,89.43,91.13,0,0,0,0,0,0,0,0,0,0,0,0,0,0,0,0,0,0,0,0
160739,88.58,-137,3150,0,0,0.00,0,90,0,89.43,91.13,0,0,0,0,0,0,0,0,0,0,0,0,0,0,0,0,0,0,0,0
160788,88.30,-120,3195,0,0,0.00,0,90,0,89.43,91.13,0,0,0,0,0,0,0,0,0,0,0,0,0,0,0,0,0,0,0,0
160837,87.90,-93,3173,0,0,0.00,0,90,0,89.43,91.13,0,0,0,0,0,0,0,0,0,0,0,0,0,0,0,0,0,0,0,0
160886,89.56,-68,3157,0,0,0.00,0,90,0,89.43,91.13,0,0,0,0,0,0,0,0,0,0,0,0,0,0,0,0,0,0,0,0
160935,94.34,-58,3088,0,0,0.00,0,90,0,89.43,91.13,0,0,0,0,0,0,0,0,0,0,0,0,0,0,0,0,0,0,0,0
160984,92.21,-78,2907,0,0,0.00,0,90,0,89.43,91.13,0,0,0,0,0,0,0,0,0,0,0,0,0,0,0,0,0,0,0,0
161033,93.69,-121,3011,0,0,0.00,0,90,0,89.43,91.13,0,0,0,0,0,0,0,0,0,0,0,0,0,0,0,0,0,0,0,0
161082,90.56,-146,3174,0,0,0.00,0,90,0,89.43,91.13,0,0,0,0,0,0,0,0,0,0,0,0,0,0,0,0,0,0,0,0
161131,86.92,-132,3059,0,0,0.00,0,90,0,89.43,91.13,0,0,0,0,0,0,0,0,0,0,0,0,0,0,0,0,0,0,0,0
161180,82.78,-110,3045,0,0,0.00,0,90,0,89.43,91.13,0,0,0,0,0,0,0,0,0,0,0,0,0,0,0,0,0,0,0,0
161229,82.51,-84,3249,0,0,0.00,0,90,0,89.43,91.13,0,0,0,0,0,0,0,0,0,0,0,0,0,0,0,0,0,0,0,0
161278,78.50,-47,3088,0,0,0.00,0,90,0,89.43,91.13,0,0,0,0,0,0,0,0,0,0,0,0,0,0,0,0,0,0,0,0
161327,73.70,-42,2781,0,0,0.00,0,90,0,89.43,91.13,0,0,0,0,0,0,0,0,0,0,0,0,0,0,0,0,0,0,0,0
161376,77.69,-99,2797,0,0,0.00,0,90,0,89.43,91.13,0,0,0,0,0,0,0,0,0,0,0,0,0,0,0,0,0,0,0,0
161425,75.89,-167,2934,0,0,0.00,0,90,0,89.43,91.13,0,0,0,0,0,0,0,0,0,0,0,0,0,0,0,0,0,0,0,0
161474,72.92,-193,2989,0,0,0.00,0,90,0,89.43,91.13,0,0,0,0,0,0,0,0,0,0,0,0,0,0,0,0,0,0,0,0
161523,78.01,-162,3155,0,0,0.00,0,90,0,89.43,91.13,0,0,0,0,0,0,0,0,0,0,0,0,0,0,0,0,0,0,0,0
161572,74.41,-84,3227,0,0,0.00,0,90,0,89.43,91.13,0,0,0,0,0,0,0,0,0,0,0,0,0,0,0,0,0,0,0,0
161621,78.75,2,3101,0,0,0.00,0,90,0,89.43,91.13,0,0,0,0,0,0,0,0,0,0,0,0,0,0,0,0,0,0,0,0
161670,77.22,51,3009,0,0,0.00,0,90,0,89.43,91.13,0,0,0,0,0,0,0,0,0,0,0,0,0,0,0,0,0,0,0,0
161719,74.73,49,2992,0,0,0.00,0,90,0,89.43,91.13,0,0,0,0,0,0,0,0,0,0,0,0,0,0,0,0,0,0,0,0
161768,79.94,17,2935,0,0,0.00,0,90,0,89.43,91.13,0,0,0,0,0,0,0,0,0,0,0,0,0,0,0,0,0,0,0,0
161817,76.59,-24,2930,0,0,0.00,0,90,0,89.43,91.13,0,0,0,0,0,0,0,0,0,0,0,0,0,0,0,0,0,0,0,0
161866,81.31,-55,2993,0,0,0.00,0,90,0,89.43,91.13,0,0,0,0,0,0,0,0,0,0,0,0,0,0,0,0,0,0,0,0
161915,80.06,-61,3024,0,0,0.00,0,90,0,89.43,91.13,0,0,0,0,0,0,0,0,0,0,0,0,0,0,0,0,0,0,0,0
161964,76.70,-44,3039,0,0,0.00,0,90,0,89.43,91.13,0,0,0,0,0,0,0,0,0,0,0,0,0,0,0,0,0,0,0,0
162013,81.91,-19,3001,0,0,0.00,0,90,0,89.43,91.13,0,0,0,0,0,0,0,0,0,0,0,0,0,0,0,0,0,0,0,0
162062,79.77,-5,2929,0,0,0.00,0,90,0,89.43,91.13,0,0,0,0,0,0,0,0,0,0,0,0,0,0,0,0,0,0,0,0
162111,82.32,-10,2925,0,0,0.00,0,90,0,89.43,91.13,0,0,0,0,0,0,0,0,0,0,0,0,0,0,0,0,0,0,0,0
162160,85.88,-19,3006,0,0,0.00,0,90,0,89.43,91.13,0,0,0,0,0,0,0,0,0,0,0,0,0,0,0,0,0,0,0,0
162209,83.29,-13,3039,0,0,0.00,0,90,0,89.43,91.13,0,0,0,0,0,0,0,0,0,0,0,0,0,0,0,0,0,0,0,0
162258,88.54,8,3039,0,0,0.00,0,90,0,89.43,91.13,0,0,0,0,0,0,0,0,0,0,0,0,0,0,0,0,0,0,0,0
162307,88.29,33,3054,0,0,0.00,0,90,0,89.43,91.13,0,0,0,0,0,0,0,0,0,0,0,0,0,0,0,0,0,0,0,0
162356,84.18,72,3327,0,0,0.00,0,90,0,89.43,91.13,0,0,0,0,0,0,0,0,0,0,0,0,0,0,0,0,0,0,0,0
162405,89.43,152,3508,0,0,0.00,0,90,0,89.43,91.13,0,0,0,0,0,0,0,0,0,0,0,0,0,0,0,0,0,0,0,0
162454,88.70,262,3502,0,0,0.00,0,90,0,89.43,91.13,0,0,0,0,0,0,0,0,0,0,0,0,0,0,0,0,0,0,0,0
162503,84.97,350,3414,0,0,0.00,0,90,0,89.43,91.13,0,0,0,0,0,0,0,0,0,0,0,0,0,0,0,0,0,0,0,0
162552,89.61,377,3301,0,0,0.00,0,90,0,89.43,91.13,0,0,0,0,0,0,0,0,0,0,0,0,0,0,0,0,0,0,0,0
162601,88.90,335,3182,0,0,0.00,0,90,0,89.43,91.13,0,0,0,0,0,0,0,0,0,0,0,0,0,0,0,0,0,0,0,0
162650,85.68,248,3153,0,0,0.00,0,90,0,89.43,91.13,0,0,0,0,0,0,0,0,0,0,0,0,0,0,0,0,0,0,0,0
162699,91.08,154,3198,0,0,0.00,0,90,0,89.43,91.13,0,0,0,0,0,0,0,0,0,0,0,0,0,0,0,0,0,0,0,0
162748,88.15,79,3099,0,0,0.00,0,90,0,89.43,91.13,0,0,0,0,0,0,0,0,0,0,0,0,0,0,0,0,0,0,0,0
162797,92.31,21,3105,0,0,0.00,0,90,0,89.43,91.13,0,0,0,0,0,0,0,0,0,0,0,0,0,0,0,0,0,0,0,0
162846,89.84,-21,3071,0,0,0.00,0,90,0,89.43,91.13,0,0,0,0,0,0,0,0,0,0,0,0,0,0,0,0,0,0,0,0
162895,93.10,-52,3027,0,0,0.00,0,90,0,89.43,91.13,0,0,0,0,0,0,0,0,0,0,0,0,0,0,0,0,0,0,0,0
162944,91.78,-80,2975,0,0,0.00,0,90,0,89.43,91.13,0,0,0,0,0,0,0,0,0,0,0,0,0,0,0,0,0,0,0,0
162993,93.89,-100,3085,0,0,0.00,0,90,0,89.43,91.13,0,0,0,0,0,0,0,0,0,0,0,0,0,0,0,0,0,0,0,0
163042,92.85,-96,3119,0,0,0.00,0,90,0,89.43,91.13,0,0,0,0,0,0,0,0,0,0,0,0,0,0,0,0,0,0,0,0
163091,96.07,-72,3091,0,0,0.00,0,90,0,89.43,91.13,0,0,0,0,0,0,0,0,0,0,0,0,0,0,0,0,0,0,0,0
163140,92.95,-47,3098,0,0,0.00,0,90,0,89.43,91.13,0,0,0,0,0,0,0,0,0,0,0,0,0,0,0,0,0,0,0,0
163189,95.47,-26,3163,0,0,0.00,0,90,0,89.43,91.13,0,0,0,0,0,0,0,0,0,0,0,0,0,0,0,0,0,0,0,0
163238,92.73,-2,3159,0,0,0.00,0,90,0,89.43,91.13,0,0,0,0,0,0,0,0,0,0,0,0,0,0,0,0,0,0,0,0
163287,96.98,16,3143,0,0,0.00,0,90,0,89.43,91.13,0,0,0,0,0,0,0,0,0,0,0,0,0,0,0,0,0,0,0,0
163336,92.83,23,3109,0,0,0.00,0,90,0,89.43,91.13,0,0,0,0,0,0,0,0,0,0,0,0,0,0,0,0,0,0,0,0
163385,99.02,12,3031,0,0,0.00,0,90,0,89.43,91.13,0,0,0,0,0,0,0,0,0,0,0,0,0,0,0,0,0,0,0,0
163434,101.10,-14,3033,0,0,0.00,0,90,0,89.43,91.13,0,0,0,0,0,0,0,0,0,0,0,0,0,0,0,0,0,0,0,0
163484,97.07,-44,3041,0,0,0.00,0,90,0,89.43,91.13,0,0,0,0,0,0,0,0,0,0,0,0,0,0,0,0,0,0,0,0
163533,102.01,-52,3216,0,0,0.00,0,90,0,89.43,91.13,0,0,0,0,0,0,0,0,0,0,0,0,0,0,0,0,0,0,0,0
163583,102.06,-8,3485,0,0,0.00,0,90,0,89.43,91.13,0,0,0,0,0,0,0,0,0,0,0,0,0,0,0,0,0,0,0,0
163633,97.72,88,3481,0,0,0.00,0,90,0,89.43,91.13,0,0,0,0,0,0,0,0,0,0,0,0,0,0,0,0,0,0,0,0
163682,99.52,182,3363,0,0,0.00,0,90,0,89.43,91.13,0,0,0,0,0,0,0,0,0,0,0,0,0,0,0,0,0,0,0,0
163731,102.94,217,3215,0,0,0.00,0,90,0,89.43,91.13,0,0,0,0,0,0,0,0,0,0,0,0,0,0,0,0,0,0,0,0
163781,103.76,183,3143,0,0,0.00,0,90,0,89.43,91.13,0,0,0,0,0,0,0,0,0,0,0,0,0,0,0,0,0,0,0,0
163831,100.83,107,3122,0,0,0.00,0,90,0,89.43,91.13,0,0,0,0,0,0,0,0,0,0,0,0,0,0,0,0,0,0,0,0
163881,99.89,35,3243,0,0,0.00,0,90,0,89.43,91.13,0,0,0,0,0,0,0,0,0,0,0,0,0,0,0,0,0,0,0,0
163930,102.69,2,3301,0,0,0.00,0,90,0,89.43,91.13,0,0,0,0,0,0,0,0,0,0,0,0,0,0,0,0,0,0,0,0
163980,105.25,3,3221,0,0,0.00,0,90,0,89.43,91.13,0,0,0,0,0,0,0,0,0,0,0,0,0,0,0,0,0,0,0,0
164030,105.27,3,3141,0,0,0.00,0,90,0,89.43,91.13,0,0,0,0,0,0,0,0,0,0,0,0,0,0,0,0,0,0,0,0
164080,105.90,-14,3117,0,0,0.00,0,90,0,89.43,91.13,0,0,0,0,0,0,0,0,0,0,0,0,0,0,0,0,0,0,0,0
164130,106.55,-40,3152,0,0,0.00,0,90,0,89.43,91.13,0,0,0,0,0,0,0,0,0,0,0,0,0,0,0,0,0,0,0,0
164180,102.45,-56,3184,0,0,0.00,0,90,0,89.43,91.13,0,0,0,0,0,0,0,0,0,0,0,0,0,0,0,0,0,0,0,0
164230,103.89,-56,3203,0,0,0.00,0,90,0,89.43,91.13,0,0,0,0,0,0,0,0,0,0,0,0,0,0,0,0,0,0,0,0
164280,105.68,-45,3186,0,0,0.00,0,90,0,89.43,91.13,0,0,0,0,0,0,0,0,0,0,0,0,0,0,0,0,0,0,0,0
164330,108.93,-33,3206,0,0,0.00,0,90,0,89.43,91.13,0,0,0,0,0,0,0,0,0,0,0,0,0,0,0,0,0,0,0,0
164380,108.94,-19,3260,0,0,0.00,0,90,0,89.43,91.13,0,0,0,0,0,0,0,0,0,0,0,0,0,0,0,0,0,0,0,0
164430,110.45,-1,3258,0,0,0.00,0,90,0,89.43,91.13,0,0,0,0,0,0,0,0,0,0,0,0,0,0,0,0,0,0,0,0
164480,107.63,16,3259,0,0,0.00,0,90,0,89.43,91.13,0,0,0,0,0,0,0,0,0,0,0,0,0,0,0,0,0,0,0,0
164530,106.80,22,3201,0,0,0.00,0,90,0,89.43,91.13,0,0,0,0,0,0,0,0,0,0,0,0,0,0,0,0,0,0,0,0
164580,108.90,16,3219,0,0,0.00,0,90,0,89.43,91.13,0,0,0,0,0,0,0,0,0,0,0,0,0,0,0,0,0,0,0,0
164630,113.47,2,3196,0,0,0.00,0,90,0,89.43,91.13,0,0,0,0,0,0,0,0,0,0,0,0,0,0,0,0,0,0,0,0
164680,114.11,-13,3185,0,0,0.00,0,90,0,89.43,91.13,0,0,0,0,0,0,0,0,0,0,0,0,0,0,0,0,0,0,0,0
164730,115.51,-32,3125,0,0,0.00,0,90,0,89.43,91.13,0,0,0,0,0,0,0,0,0,0,0,0,0,0,0,0,0,0,0,0
164780,110.66,-45,3279,0,0,0.00,0,90,0,89.43,91.13,0,0,0,0,0,0,0,0,0,0,0,0,0,0,0,0,0,0,0,0
164830,112.37,-17,3563,0,0,0.00,0,90,0,89.43,91.13,0,0,0,0,0,0,0,0,0,0,0,0,0,0,0,0,0,0,0,0
164880,115.55,59,3489,0,0,0.00,0,90,0,89.43,91.13,0,0,0,0,0,0,0,0,0,0,0,0,0,0,0,0,0,0,0,0
164930,116.42,125,3294,0,0,0.00,0,90,0,89.43,91.13,0,0,0,0,0,0,0,0,0,0,0,0,0,0,0,0,0,0,0,0
164980,118.00,135,3311,0,0,0.00,0,90,0,89.43,91.13,0,0,0,0,0,0,0,0,0,0,0,0,0,0,0,0,0,0,0,0
165030,114.04,107,3328,0,0,0.00,0,90,0,89.43,91.13,0,0,0,0,0,0,0,0,0,0,0,0,0,0,0,0,0,0,0,0
165080,113.85,68,3254,0,0,0.00,0,90,0,89.43,91.13,0,0,0,0,0,0,0,0,0,0,0,0,0,0,0,0,0,0,0,0
165130,115.38,31,3338,0,0,0.00,0,90,0,89.43,91.13,0,0,0,0,0,0,0,0,0,0,0,0,0,0,0,0,0,0,0,0
165180,118.10,15,3434,0,0,0.00,0,90,0,89.43,91.13,0,0,0,0,0,0,0,0,0,0,0,0,0,0,0,0,0,0,0,0
165230,120.35,21,3310,0,0,0.00,0,90,0,89.43,91.13,0,0,0,0,0,0,0,0,0,0,0,0,0,0,0,0,0,0,0,0
165280,120.79,21,3306,0,0,0.00,0,90,0,89.43,91.13,0,0,0,0,0,0,0,0,0,0,0,0,0,0,0,0,0,0,0,0
165330,120.90,12,3342,0,0,0.00,0,90,0,89.43,91.13,0,0,0,0,0,0,0,0,0,0,0,0,0,0,0,0,0,0,0,0
165380,121.66,4,3342,0,0,0.00,0,90,0,89.43,91.13,0,0,0,0,0,0,0,0,0,0,0,0,0,0,0,0,0,0,0,0
165430,122.36,0,3323,0,0,0.00,0,90,0,89.43,91.13,0,0,0,0,0,0,0,0,0,0,0,0,0,0,0,0,0,0,0,0
165480,123.49,-9,3286,0,0,0.00,0,90,0,89.43,91.13,0,0,0,0,0,0,0,0,0,0,0,0,0,0,0,0,0,0,0,0
165530,124.34,-22,3303,0,0,0.00,0,90,0,89.43,91.13,0,0,0,0,0,0,0,0,0,0,0,0,0,0,0,0,0,0,0,0
165580,124.42,-28,3391,0,0,0.00,0,90,0,89.43,91.13,0,0,0,0,0,0,0,0,0,0,0,0,0,0,0,0,0,0,0,0
165630,125.00,-31,3200,0,0,0.00,0,90,0,89.43,91.13,0,0,0,0,0,0,0,0,0,0,0,0,0,0,0,0,0,0,0,0
165680,125.53,-65,2963,0,0,0.00,0,90,0,89.43,91.13,0,0,0,0,0,0,0,0,0,0,0,0,0,0,0,0,0,0,0,0
165730,126.67,-136,3091,0,0,0.00,0,90,0,89.43,91.13,0,0,0,0,0,0,0,0,0,0,0,0,0,0,0,0,0,0,0,0
165780,128.60,-192,3152,0,0,0.00,0,90,0,89.43,91.13,0,0,0,0,0,0,0,0,0,0,0,0,0,0,0,0,0,0,0,0
165830,129.11,-205,3151,0,0,0.00,0,90,0,89.43,91.13,0,0,0,0,0,0,0,0,0,0,0,0,0,0,0,0,0,0,0,0
165880,127.84,-196,3058,0,0,0.00,0,90,0,89.43,91.13,0,0,0,0,0,0,0,0,0,0,0,0,0,0,0,0,0,0,0,0
165930,126.08,-184,3151,0,0,0.00,0,90,0,89.43,91.13,0,0,0,0,0,0,0,0,0,0,0,0,0,0,0,0,0,0,0,0
165980,125.95,-160,3195,0,0,0.00,0,90,0,89.43,91.13,0,0,0,0,0,0,0,0,0,0,0,0,0,0,0,0,0,0,0,0
166030,128.95,-123,3204,0,0,0.00,0,90,0,89.43,91.13,0,0,0,0,0,0,0,0,0,0,0,0,0,0,0,0,0,0,0,0
166080,132.72,-90,3130,0,0,0.00,0,90,0,89.43,91.13,0,0,0,0,0,0,0,0,0,0,0,0,0,0,0,0,0,0,0,0
166130,132.28,-73,3155,0,0,0.00,0,90,0,89.43,91.13,0,0,0,0,0,0,0,0,0,0,0,0,0,0,0,0,0,0,0,0
166180,132.17,-65,3184,0,0,0.00,0,90,0,89.43,91.13,0,0,0,0,0,0,0,0,0,0,0,0,0,0,0,0,0,0,0,0
166230,129.38,-55,3184,0,0,0.00,0,90,0,89.43,91.13,0,0,0,0,0,0,0,0,0,0,0,0,0,0,0,0,0,0,0,0
166280,133.92,-44,3181,0,0,0.00,0,90,0,89.43,91.13,0,0,0,0,0,0,0,0,0,0,0,0,0,0,0,0,0,0,0,0
166330,134.99,-34,3205,0,0,0.00,0,90,0,89.43,91.13,0,0,0,0,0,0,0,0,0,0,0,0,0,0,0,0,0,0,0,0
166380,135.36,-25,3151,0,0,0.00,0,90,0,89.43,91.13,0,0,0,0,0,0,0,0,0,0,0,0,0,0,0,0,0,0,0,0
166430,132.38,-29,3088,0,0,0.00,0,90,0,89.43,91.13,0,0,0,0,0,0,0,0,0,0,0,0,0,0,0,0,0,0,0,0
166480,138.52,-44,3122,0,0,0.00,0,90,0,89.43,91.13,0,0,0,0,0,0,0,0,0,0,0,0,0,0,0,0,0,0,0,0
166530,138.31,-56,3131,0,0,0.00,0,90,0,89.43,91.13,0,0,0,0,0,0,0,0,0,0,0,0,0,0,0,0,0,0,0,0
166580,135.01,-57,3152,0,0,0.00,0,90,0,89.43,91.13,0,0,0,0,0,0,0,0,0,0,0,0,0,0,0,0,0,0,0,0
166630,138.89,-55,3047,0,0,0.00,0,90,0,89.43,91.13,0,0,0,0,0,0,0,0,0,0,0,0,0,0,0,0,0,0,0,0
166680,140.14,-73,2878,0,0,0.00,0,90,0,89.43,91.13,0,0,0,0,0,0,0,0,0,0,0,0,0,0,0,0,0,0,0,0
166730,139.89,-118,2903,0,0,0.00,0,90,0,89.43,91.13,0,0,0,0,0,0,0,0,0,0,0,0,0,0,0,0,0,0,0,0
166780,137.53,-153,3060,0,0,0.00,0,90,0,89.43,91.13,0,0,0,0,0,0,0,0,0,0,0,0,0,0,0,0,0,0,0,0
166830,143.91,-139,3184,0,0,0.00,0,90,0,89.43,91.13,0,0,0,0,0,0,0,0,0,0,0,0,0,0,0,0,0,0,0,0
166880,143.91,-83,3153,0,0,0.00,0,90,0,89.43,91.13,0,0,0,0,0,0,0,0,0,0,0,0,0,0,0,0,0,0,0,0
166930,141.77,-19,3157,0,0,0.00,0,90,0,89.43,91.13,0,0,0,0,0,0,0,0,0,0,0,0,0,0,0,0,0,0,0,0
166980,141.42,25,3106,0,0,0.00,0,90,0,89.43,91.13,0,0,0,0,0,0,0,0,0,0,0,0,0,0,0,0,0,0,0,0
167030,146.47,39,3053,0,0,0.00,0,90,0,89.43,91.13,0,0,0,0,0,0,0,0,0,0,0,0,0,0,0,0,0,0,0,0
167080,147.01,26,3012,0,0,0.00,0,90,0,89.43,91.13,0,0,0,0,0,0,0,0,0,0,0,0,0,0,0,0,0,0,0,0
167130,143.96,6,3122,0,0,0.00,0,90,0,89.43,91.13,0,0,0,0,0,0,0,0,0,0,0,0,0,0,0,0,0,0,0,0
167180,144.76,5,3187,0,0,0.00,0,90,0,89.43,91.13,0,0,0,0,0,0,0,0,0,0,0,0,0,0,0,0,0,0,0,0
167230,149.96,28,3177,0,0,0.00,0,90,0,89.43,91.13,0,0,0,0,0,0,0,0,0,0,0,0,0,0,0,0,0,0,0,0
167280,149.92,55,3157,0,0,0.00,0,90,0,89.43,91.13,0,0,0,0,0,0,0,0,0,0,0,0,0,0,0,0,0,0,0,0
167330,147.40,69,3099,0,0,0.00,0,90,0,89.43,91.13,0,0,0,0,0,0,0,0,0,0,0,0,0,0,0,0,0,0,0,0
167380,146.79,53,2922,0,0,0.00,0,90,0,89.43,91.13,0,0,0,0,0,0,0,0,0,0,0,0,0,0,0,0,0,0,0,0
167430,153.07,-4,2788,0,0,0.00,0,90,0,89.43,91.13,0,0,0,0,0,0,0,0,0,0,0,0,0,0,0,0,0,0,0,0
167480,152.40,-78,2947,0,0,0.00,0,90,0,89.43,91.13,0,0,0,0,0,0,0,0,0,0,0,0,0,0,0,0,0,0,0,0
167530,151.18,-115,3040,0,0,0.00,0,90,0,89.43,91.13,0,0,0,0,0,0,0,0,0,0,0,0,0,0,0,0,0,0,0,0
167580,150.32,-99,3071,0,0,0.00,0,90,0,89.43,91.13,0,0,0,0,0,0,0,0,0,0,0,0,0,0,0,0,0,0,0,0
167630,149.96,-53,3084,0,0,0.00,0,90,0,89.43,91.13,0,0,0,0,0,0,0,0,0,0,0,0,0,0,0,0,0,0,0,0
167680,149.60,-3,3071,0,0,0.00,0,90,0,89.43,91.13,0,0,0,0,0,0,0,0,0,0,0,0,0,0,0,0,0,0,0,0
167730,149.32,28,3009,0,0,0.00,0,90,0,89.43,91.13,0,0,0,0,0,0,0,0,0,0,0,0,0,0,0,0,0,0,0,0
167780,149.04,43,3110,0,0,0.00,0,90,0,89.43,91.13,0,0,0,0,0,0,0,0,0,0,0,0,0,0,0,0,0,0,0,0
167830,148.88,52,3058,0,0,0.00,0,90,0,89.43,91.13,0,0,0,0,0,0,0,0,0,0,0,0,0,0,0,0,0,0,0,0
167880,148.60,53,2993,0,0,0.00,0,90,0,89.43,91.13,0,0,0,0,0,0,0,0,0,0,0,0,0,0,0,0,0,0,0,0
167930,148.48,42,3055,0,0,0.00,0,90,0,89.43,91.13,0,0,0,0,0,0,0,0,0,0,0,0,0,0,0,0,0,0,0,0
167980,148.21,35,3071,0,0,0.00,0,90,0,89.43,91.13,0,0,0,0,0,0,0,0,0,0,0,0,0,0,0,0,0,0,0,0
168030,148.10,33,2997,0,0,0.00,0,90,0,89.43,91.13,0,0,0,0,0,0,0,0,0,0,0,0,0,0,0,0,0,0,0,0
168080,148.18,27,3011,0,0,0.00,0,90,0,89.43,91.13,0,0,0,0,0,0,0,0,0,0,0,0,0,0,0,0,0,0,0,0
168130,148.63,19,3029,0,0,0.00,0,90,0,89.43,91.13,0,0,0,0,0,0,0,0,0,0,0,0,0,0,0,0,0,0,0,0
168180,148.41,13,2977,0,0,0.00,0,90,0,89.43,91.13,0,0,0,0,0,0,0,0,0,0,0,0,0,0,0,0,0,0,0,0
168230,147.87,5,2965,0,0,0.00,0,90,0,89.43,91.13,0,0,0,0,0,0,0,0,0,0,0,0,0,0,0,0,0,0,0,0
168280,147.93,-3,3006,0,0,0.00,0,90,0,89.43,91.13,0,0,0,0,0,0,0,0,0,0,0,0,0,0,0,0,0,0,0,0
168330,147.64,0,3068,0,0,0.00,0,90,0,89.43,91.13,0,0,0,0,0,0,0,0,0,0,0,0,0,0,0,0,0,0,0,0
168380,147.38,23,3127,0,0,0.00,0,90,0,89.43,91.13,0,0,0,0,0,0,0,0,0,0,0,0,0,0,0,0,0,0,0,0
168430,147.27,50,3009,0,0,0.00,0,90,0,89.43,91.13,0,0,0,0,0,0,0,0,0,0,0,0,0,0,0,0,0,0,0,0
168480,147.07,57,2971,0,0,0.00,0,90,0,89.43,91.13,0,0,0,0,0,0,0,0,0,0,0,0,0,0,0,0,0,0,0,0
168530,147.04,41,2961,0,0,0.00,0,90,0,89.43,91.13,0,0,0,0,0,0,0,0,0,0,0,0,0,0,0,0,0,0,0,0
168580,146.81,13,2899,0,0,0.00,0,90,0,89.43,91.13,0,0,0,0,0,0,0,0,0,0,0,0,0,0,0,0,0,0,0,0
168630,146.77,-16,2946,0,0,0.00,0,90,0,89.43,91.13,0,0,0,0,0,0,0,0,0,0,0,0,0,0,0,0,0,0,0,0
168680,146.70,-28,3024,0,0,0.00,0,90,0,89.43,91.13,0,0,0,0,0,0,0,0,0,0,0,0,0,0,0,0,0,0,0,0
168730,146.55,-17,3011,0,0,0.00,0,90,0,89.43,91.13,0,0,0,0,0,0,0,0,0,0,0,0,0,0,0,0,0,0,0,0
168780,146.41,4,3012,0,0,0.00,0,90,0,89.43,91.13,0,0,0,0,0,0,0,0,0,0,0,0,0,0,0,0,0,0,0,0
168830,146.26,24,3019,0,0,0.00,0,90,0,89.43,91.13,0,0,0,0,0,0,0,0,0,0,0,0,0,0,0,0,0,0,0,0
168880,146.17,33,2939,0,0,0.00,0,90,0,89.43,91.13,0,0,0,0,0,0,0,0,0,0,0,0,0,0,0,0,0,0,0,0
168930,146.02,14,2757,0,0,0.00,0,90,0,89.43,91.13,0,0,0,0,0,0,0,0,0,0,0,0,0,0,0,0,0,0,0,0
168980,146.06,-39,2727,0,0,0.00,0,90,0,89.43,91.13,0,0,0,0,0,0,0,0,0,0,0,0,0,0,0,0,0,0,0,0
169030,145.88,-96,2861,0,0,0.00,0,90,0,89.43,91.13,0,0,0,0,0,0,0,0,0,0,0,0,0,0,0,0,0,0,0,0
169080,145.71,-112,2939,0,0,0.00,0,90,0,89.43,91.13,0,0,0,0,0,0,0,0,0,0,0,0,0,0,0,0,0,0,0,0
169130,145.62,-89,2896,0,0,0.00,0,90,0,89.43,91.13,0,0,0,0,0,0,0,0,0,0,0,0,0,0,0,0,0,0,0,0
169180,146.33,-53,2922,0,0,0.00,0,90,0,89.43,91.13,0,0,0,0,0,0,0,0,0,0,0,0,0,0,0,0,0,0,0,0
169230,146.33,-24,2866,0,0,0.00,0,90,0,89.43,91.13,0,0,0,0,0,0,0,0,0,0,0,0,0,0,0,0,0,0,0,0
169280,145.81,-7,2913,0,0,0.00,0,90,0,89.43,91.13,0,0,0,0,0,0,0,0,0,0,0,0,0,0,0,0,0,0,0,0
169330,145.76,7,2949,0,0,0.00,0,90,0,89.43,91.13,0,0,0,0,0,0,0,0,0,0,0,0,0,0,0,0,0,0,0,0
169380,145.70,35,3126,0,0,0.00,0,90,0,89.43,91.13,0,0,0,0,0,0,0,0,0,0,0,0,0,0,0,0,0,0,0,0
169430,145.54,90,3182,0,0,0.00,0,90,0,89.43,91.13,0,0,0,0,0,0,0,0,0,0,0,0,0,0,0,0,0,0,0,0
169480,145.49,153,3133,0,0,0.00,0,90,0,89.43,91.13,0,0,0,0,0,0,0,0,0,0,0,0,0,0,0,0,0,0,0,0
169530,145.30,190,3057,0,0,0.00,0,90,0,89.43,91.13,0,0,0,0,0,0,0,0,0,0,0,0,0,0,0,0,0,0,0,0
169580,145.19,193,3112,0,0,0.00,0,90,0,89.43,91.13,0,0,0,0,0,0,0,0,0,0,0,0,0,0,0,0,0,0,0,0
169630,144.91,178,3083,0,0,0.00,0,90,0,89.43,91.13,0,0,0,0,0,0,0,0,0,0,0,0,0,0,0,0,0,0,0,0
169680,144.94,161,3139,0,0,0.00,0,90,0,89.43,91.13,0,0,0,0,0,0,0,0,0,0,0,0,0,0,0,0,0,0,0,0
169730,144.78,150,3151,0,0,0.00,0,90,0,89.43,91.13,0,0,0,0,0,0,0,0,0,0,0,0,0,0,0,0,0,0,0,0
169780,144.71,142,3081,0,0,0.00,0,90,0,89.43,91.13,0,0,0,0,0,0,0,0,0,0,0,0,0,0,0,0,0,0,0,0
169830,144.58,124,3056,0,0,0.00,0,90,0,89.43,91.13,0,0,0,0,0,0,0,0,0,0,0,0,0,0,0,0,0,0,0,0
169880,144.46,94,3007,0,0,0.00,0,90,0,89.43,91.13,0,0,0,0,0,0,0,0,0,0,0,0,0,0,0,0,0,0,0,0
169930,144.31,61,3066,0,0,0.00,0,90,0,89.43,91.13,0,0,0,0,0,0,0,0,0,0,0,0,0,0,0,0,0,0,0,0
169980,144.26,43,3111,0,0,0.00,0,90,0,89.43,91.13,0,0,0,0,0,0,0,0,0,0,0,0,0,0,0,0,0,0,0,0
170030,144.25,44,3115,0,0,0.00,0,90,0,89.43,91.13,0,0,0,0,0,0,0,0,0,0,0,0,0,0,0,0,0,0,0,0
170080,144.13,52,3082,0,0,0.00,0,90,0,89.43,91.13,0,0,0,0,0,0,0,0,0,0,0,0,0,0,0,0,0,0,0,0
170130,144.09,54,3071,0,0,0.00,0,90,0,89.43,91.13,0,0,0,0,0,0,0,0,0,0,0,0,0,0,0,0,0,0,0,0
170180,143.93,49,3110,0,0,0.00,0,90,0,89.43,91.13,0,0,0,0,0,0,0,0,0,0,0,0,0,0,0,0,0,0,0,0
170230,143.94,48,3123,0,0,0.00,0,90,0,89.43,91.13,0,0,0,0,0,0,0,0,0,0,0,0,0,0,0,0,0,0,0,0
170280,144.07,50,3129,0,0,0.00,0,90,0,89.43,91.13,0,0,0,0,0,0,0,0,0,0,0,0,0,0,0,0,0,0,0,0
170330,144.94,51,3094,0,0,0.00,0,90,0,89.43,91.13,0,0,0,0,0,0,0,0,0,0,0,0,0,0,0,0,0,0,0,0
170380,144.67,44,3071,0,0,0.00,0,90,0,89.43,91.13,0,0,0,0,0,0,0,0,0,0,0,0,0,0,0,0,0,0,0,0
170430,144.27,23,2996,0,0,0.00,0,90,0,89.43,91.13,0,0,0,0,0,0,0,0,0,0,0,0,0,0,0,0,0,0,0,0
170480,144.27,-8,2991,0,0,0.00,0,90,0,89.43,91.13,0,0,0,0,0,0,0,0,0,0,0,0,0,0,0,0,0,0,0,0
170530,144.06,-33,3110,0,0,0.00,0,90,0,89.43,91.13,0,0,0,0,0,0,0,0,0,0,0,0,0,0,0,0,0,0,0,0
170580,143.81,-39,3025,0,0,0.00,0,90,0,89.43,91.13,0,0,0,0,0,0,0,0,0,0,0,0,0,0,0,0,0,0,0,0
170630,143.73,-45,2917,0,0,0.00,0,90,0,89.43,91.13,0,0,0,0,0,0,0,0,0,0,0,0,0,0,0,0,0,0,0,0
170680,143.54,-63,3017,0,0,0.00,0,90,0,89.43,91.13,0,0,0,0,0,0,0,0,0,0,0,0,0,0,0,0,0,0,0,0
170730,143.50,-66,3116,0,0,0.00,0,90,0,89.43,91.13,0,0,0,0,0,0,0,0,0,0,0,0,0,0,0,0,0,0,0,0
170780,143.30,-43,3105,0,0,0.00,0,90,0,89.43,91.13,0,0,0,0,0,0,0,0,0,0,0,0,0,0,0,0,0,0,0,0
170830,143.26,-11,3111,0,0,0.00,0,90,0,89.43,91.13,0,0,0,0,0,0,0,0,0,0,0,0,0,0,0,0,0,0,0,0
170880,143.19,10,3063,0,0,0.00,0,90,0,89.43,91.13,0,0,0,0,0,0,0,0,0,0,0,0,0,0,0,0,0,0,0,0
170930,143.03,10,2982,0,0,0.00,0,90,0,89.43,91.13,0,0,0,0,0,0,0,0,0,0,0,0,0,0,0,0,0,0,0,0
170980,142.96,-9,3009,0,0,0.00,0,90,0,89.43,91.13,0,0,0,0,0,0,0,0,0,0,0,0,0,0,0,0,0,0,0,0
171030,142.75,-28,3088,0,0,0.00,0,90,0,89.43,91.13,0,0,0,0,0,0,0,0,0,0,0,0,0,0,0,0,0,0,0,0
171080,142.52,-25,3153,0,0,0.00,0,90,0,89.43,91.13,0,0,0,0,0,0,0,0,0,0,0,0,0,0,0,0,0,0,0,0
171130,142.32,0,3177,0,0,0.00,0,90,0,89.43,91.13,0,0,0,0,0,0,0,0,0,0,0,0,0,0,0,0,0,0,0,0
171180,142.12,21,2975,0,0,0.00,0,90,0,89.43,91.13,0,0,0,0,0,0,0,0,0,0,0,0,0,0,0,0,0,0,0,0
171230,141.92,0,2860,0,0,0.00,0,90,0,89.43,91.13,0,0,0,0,0,0,0,0,0,0,0,0,0,0,0,0,0,0,0,0
171280,141.67,-56,2870,0,0,0.00,0,90,0,89.43,91.13,0,0,0,0,0,0,0,0,0,0,0,0,0,0,0,0,0,0,0,0
171330,141.29,-113,2911,0,0,0.00,0,90,0,89.43,91.13,0,0,0,0,0,0,0,0,0,0,0,0,0,0,0,0,0,0,0,0
171380,141.31,-137,3027,0,0,0.00,0,90,0,89.43,91.13,0,0,0,0,0,0,0,0,0,0,0,0,0,0,0,0,0,0,0,0
171430,141.99,-120,3033,0,0,0.00,0,90,0,89.43,91.13,0,0,0,0,0,0,0,0,0,0,0,0,0,0,0,0,0,0,0,0
171480,141.77,-83,3013,0,1,0.00,0,90,0,89.43,91.13,0,0,0,0,0,0,0,0,0,0,0,0,0,0,0,0,0,0,0,0
171530,141.24,-57,2895,0,0,0.00,0,90,0,89.43,91.13,0,0,0,0,0,0,0,0,0,0,0,0,0,0,0,0,0,0,0,0
171580,141.10,-55,2941,0,0,0.00,0,90,0,89.43,91.13,0,0,0,0,0,0,0,0,0,0,0,0,0,0,0,0,0,0,0,0
171630,140.82,-60,2991,0,0,0.00,0,90,0,89.43,91.13,0,0,0,0,0,0,0,0,0,0,0,0,0,0,0,0,0,0,0,0
171680,140.47,-50,3053,0,0,0.00,0,90,0,89.43,91.13,0,0,0,0,0,0,0,0,0,0,0,0,0,0,0,0,0,0,0,0
171730,140.22,-28,3013,0,0,0.00,0,90,0,89.43,91.13,0,0,0,0,0,0,0,0,0,0,0,0,0,0,0,0,0,0,0,0
171780,140.06,-8,3008,0,0,0.00,0,90,0,89.43,91.13,0,0,0,0,0,0,0,0,0,0,0,0,0,0,0,0,0,0,0,0
171830,139.79,6,3089,0,0,0.00,0,90,0,89.43,91.13,0,0,0,0,0,0,0,0,0,0,0,0,0,0,0,0,0,0,0,0
171880,139.57,32,3184,0,0,0.00,0,90,0,89.43,91.13,0,0,0,0,0,0,0,0,0,0,0,0,0,0,0,0,0,0,0,0
171930,139.32,73,3226,0,0,0.00,0,90,0,89.43,91.13,0,0,0,0,0,0,0,0,0,0,0,0,0,0,0,0,0,0,0,0
171980,139.12,111,3114,0,0,0.00,0,90,0,89.43,91.13,0,0,0,0,0,0,0,0,0,0,0,0,0,0,0,0,0,0,0,0
172030,138.90,116,3013,0,0,0.00,0,90,0,89.43,91.13,0,0,0,0,0,0,0,0,0,0,0,0,0,0,0,0,0,0,0,0
172080,138.65,82,3003,0,0,0.00,0,90,0,89.43,91.13,0,0,0,0,0,0,0,0,0,0,0,0,0,0,0,0,0,0,0,0
172130,138.39,35,3008,0,0,0.00,0,90,0,89.43,91.13,0,0,0,0,0,0,0,0,0,0,0,0,0,0,0,0,0,0,0,0
172180,138.09,11,3248,0,0,0.00,0,90,0,89.43,91.13,0,0,0,0,0,0,0,0,0,0,0,0,0,0,0,0,0,0,0,0
172230,137.96,42,3365,0,0,0.00,0,90,0,89.43,91.13,0,0,0,0,0,0,0,0,0,0,0,0,0,0,0,0,0,0,0,0
172280,137.66,99,3155,0,0,0.00,0,90,0,89.43,91.13,0,0,0,0,0,0,0,0,0,0,0,0,0,0,0,0,0,0,0,0
172330,137.35,124,3089,0,0,0.00,0,90,0,89.43,91.13,0,0,0,0,0,0,0,0,0,0,0,0,0,0,0,0,0,0,0,0
172380,137.36,105,3119,0,0,0.00,0,90,0,89.43,91.13,0,0,0,0,0,0,0,0,0,0,0,0,0,0,0,0,0,0,0,0
172430,137.96,72,3123,0,0,0.00,0,90,0,89.43,91.13,0,0,0,0,0,0,0,0,0,0,0,0,0,0,0,0,0,0,0,0
172480,138.04,38,3044,0,0,0.00,0,90,0,89.43,91.13,0,0,0,0,0,0,0,0,0,0,0,0,0,0,0,0,0,0,0,0
172530,137.21,-1,2961,0,1,0.00,0,90,0,89.43,91.13,0,0,0,0,0,0,0,0,0,0,0,0,0,0,0,0,0,0,0,0
172580,136.98,-36,2993,0,0,0.00,0,90,0,89.43,91.13,0,0,0,0,0,0,0,0,0,0,0,0,0,0,0,0,0,0,0,0
172630,136.60,-62,3037,0,0,0.00,0,90,0,89.43,91.13,0,0,0,0,0,0,0,0,0,0,0,0,0,0,0,0,0,0,0,0
172680,136.32,-80,3047,0,0,0.00,0,90,0,89.43,91.13,0,0,0,0,0,0,0,0,0,0,0,0,0,0,0,0,0,0,0,0
172730,136.16,-90,2981,0,0,0.00,0,90,0,89.43,91.13,0,0,0,0,0,0,0,0,0,0,0,0,0,0,0,0,0,0,0,0
172780,135.89,-96,2959,0,0,0.00,0,90,0,89.43,91.13,0,0,0,0,0,0,0,0,0,0,0,0,0,0,0,0,0,0,0,0
172830,135.52,-99,3057,0,0,0.00,0,90,0,89.43,91.13,0,0,0,0,0,0,0,0,0,0,0,0,0,0,0,0,0,0,0,0
172880,135.15,-97,2998,0,0,0.00,0,90,0,89.43,91.13,0,0,0,0,0,0,0,0,0,0,0,0,0,0,0,0,0,0,0,0
172930,135.01,-92,3056,0,0,0.00,0,90,0,89.43,91.13,0,0,0,0,0,0,0,0,0,0,0,0,0,0,0,0,0,0,0,0
172980,134.77,-82,3070,0,0,0.00,0,90,0,89.43,91.13,0,0,0,0,0,0,0,0,0,0,0,0,0,0,0,0,0,0,0,0
173030,134.52,-70,3053,0,0,0.00,0,90,0,89.43,91.13,0,0,0,0,0,0,0,0,0,0,0,0,0,0,0,0,0,0,0,0
173080,134.25,-57,3063,0,0,0.00,0,90,0,89.43,91.13,0,0,0,0,0,0,0,0,0,0,0,0,0,0,0,0,0,0,0,0
173130,133.97,-44,3035,0,0,0.00,0,90,0,89.43,91.13,0,0,0,0,0,0,0,0,0,0,0,0,0,0,0,0,0,0,0,0
173180,133.78,-32,3056,0,0,0.00,0,90,0,89.43,91.13,0,0,0,0,0,0,0,0,0,0,0,0,0,0,0,0,0,0,0,0
173230,133.48,-22,3035,0,0,0.00,0,90,0,89.43,91.13,0,0,0,0,0,0,0,0,0,0,0,0,0,0,0,0,0,0,0,0
173280,133.16,-14,3069,0,0,0.00,0,90,0,89.43,91.13,0,0,0,0,0,0,0,0,0,0,0,0,0,0,0,0,0,0,0,0
173330,132.99,-6,3070,0,0,0.00,0,90,0,89.43,91.13,0,0,0,0,0,0,0,0,0,0,0,0,0,0,0,0,0,0,0,0
173380,132.68,1,3071,0,0,0.00,0,90,0,89.43,91.13,0,0,0,0,0,0,0,0,0,0,0,0,0,0,0,0,0,0,0,0
173430,132.53,7,3046,0,0,0.00,0,90,0,89.43,91.13,0,0,0,0,0,0,0,0,0,0,0,0,0,0,0,0,0,0,0,0
173480,132.72,12,3070,0,0,0.00,0,90,0,89.43,91.13,0,0,0,0,0,0,0,0,0,0,0,0,0,0,0,0,0,0,0,0
173530,133.75,16,3071,0,0,0.00,0,90,0,89.43,91.13,0,0,0,0,0,0,0,0,0,0,0,0,0,0,0,0,0,0,0,0
173580,133.67,18,2987,0,1,0.00,0,90,0,89.43,91.13,0,0,0,0,0,0,0,0,0,0,0,0,0,0,0,0,0,0,0,0
173630,132.98,16,2960,0,0,0.00,0,90,0,89.43,91.13,0,0,0,0,0,0,0,0,0,0,0,0,0,0,0,0,0,0,0,0
173680,132.74,10,2991,0,0,0.00,0,90,0,89.43,91.13,0,0,0,0,0,0,0,0,0,0,0,0,0,0,0,0,0,0,0,0
173730,132.34,3,3088,0,0,0.00,0,90,0,89.43,91.13,0,0,0,0,0,0,0,0,0,0,0,0,0,0,0,0,0,0,0,0
173780,131.64,2,3117,0,0,0.00,0,90,0,89.43,91.13,0,0,0,0,0,0,0,0,0,0,0,0,0,0,0,0,0,0,0,0
173830,131.38,4,2981,0,0,0.00,0,90,0,89.43,91.13,0,0,0,0,0,0,0,0,0,0,0,0,0,0,0,0,0,0,0,0
173880,131.13,4,2943,0,0,0.00,0,90,0,89.43,91.13,0,0,0,0,0,0,0,0,0,0,0,0,0,0,0,0,0,0,0,0
173930,130.89,0,3034,0,0,0.00,0,90,0,89.43,91.13,0,0,0,0,0,0,0,0,0,0,0,0,0,0,0,0,0,0,0,0
173980,130.55,-1,3099,0,0,0.00,0,90,0,89.43,91.13,0,0,0,0,0,0,0,0,0,0,0,0,0,0,0,0,0,0,0,0
174030,130.43,2,3120,0,0,0.00,0,90,0,89.43,91.13,0,0,0,0,0,0,0,0,0,0,0,0,0,0,0,0,0,0,0,0
174080,130.22,12,3229,0,0,0.00,0,90,0,89.43,91.13,0,0,0,0,0,0,0,0,0,0,0,0,0,0,0,0,0,0,0,0
174130,129.94,30,3200,0,0,0.00,0,90,0,89.43,91.13,0,0,0,0,0,0,0,0,0,0,0,0,0,0,0,0,0,0,0,0
174180,129.69,49,3087,0,0,0.00,0,90,0,89.43,91.13,0,0,0,0,0,0,0,0,0,0,0,0,0,0,0,0,0,0,0,0
174230,129.41,63,3067,0,0,0.00,0,90,0,89.43,91.13,0,0,0,0,0,0,0,0,0,0,0,0,0,0,0,0,0,0,0,0
174280,129.11,71,3115,0,0,0.00,0,90,0,89.43,91.13,0,0,0,0,0,0,0,0,0,0,0,0,0,0,0,0,0,0,0,0
174330,128.74,75,3071,0,0,0.00,0,90,0,89.43,91.13,0,0,0,0,0,0,0,0,0,0,0,0,0,0,0,0,0,0,0,0
174380,128.50,75,3056,0,0,0.00,0,90,0,89.43,91.13,0,0,0,0,0,0,0,0,0,0,0,0,0,0,0,0,0,0,0,0
174430,128.30,70,3008,0,0,0.00,0,90,0,89.43,91.13,0,0,0,0,0,0,0,0,0,0,0,0,0,0,0,0,0,0,0,0
174480,127.95,61,3022,0,0,0.00,0,90,0,89.43,91.13,0,0,0,0,0,0,0,0,0,0,0,0,0,0,0,0,0,0,0,0
174530,127.81,49,3035,0,0,0.00,0,90,0,89.43,91.13,0,0,0,0,0,0,0,0,0,0,0,0,0,0,0,0,0,0,0,0
174580,127.59,38,3055,0,0,0.00,0,90,0,89.43,91.13,0,0,0,0,0,0,0,0,0,0,0,0,0,0,0,0,0,0,0,0
174630,127.36,28,3022,0,0,0.00,0,90,0,89.43,91.13,0,0,0,0,0,0,0,0,0,0,0,0,0,0,0,0,0,0,0,0
174680,128.00,20,3100,0,0,0.00,0,90,0,89.43,91.13,0,0,0,0,0,0,0,0,0,0,0,0,0,0,0,0,0,0,0,0
174730,128.67,16,3088,0,0,0.00,0,90,0,89.43,91.13,0,0,0,0,0,0,0,0,0,0,0,0,0,0,0,0,0,0,0,0
174780,128.32,15,3014,0,1,0.00,0,90,0,89.43,91.13,0,0,0,0,0,0,0,0,0,0,0,0,0,0,0,0,0,0,0,0
174830,127.80,12,2970,0,0,0.00,0,90,0,89.43,91.13,0,0,0,0,0,0,0,0,0,0,0,0,0,0,0,0,0,0,0,0
174880,127.44,7,3043,0,0,0.00,0,90,0,89.43,91.13,0,0,0,0,0,0,0,0,0,0,0,0,0,0,0,0,0,0,0,0
174930,126.85,3,3115,0,0,0.00,0,90,0,89.43,91.13,0,0,0,0,0,0,0,0,0,0,0,0,0,0,0,0,0,0,0,0
174980,126.66,3,3013,0,0,0.00,0,90,0,89.43,91.13,0,0,0,0,0,0,0,0,0,0,0,0,0,0,0,0,0,0,0,0
175030,126.35,3,3017,0,0,0.00,0,90,0,89.43,91.13,0,0,0,0,0,0,0,0,0,0,0,0,0,0,0,0,0,0,0,0
175080,126.07,4,3121,0,0,0.00,0,90,0,89.43,91.13,0,0,0,0,0,0,0,0,0,0,0,0,0,0,0,0,0,0,0,0
175130,125.73,7,3058,0,0,0.00,0,90,0,89.43,91.13,0,0,0,0,0,0,0,0,0,0,0,0,0,0,0,0,0,0,0,0
175180,125.54,9,2961,0,0,0.00,0,90,0,89.43,91.13,0,0,0,0,0,0,0,0,0,0,0,0,0,0,0,0,0,0,0,0
175230,125.29,9,3056,0,0,0.00,0,90,0,89.43,91.13,0,0,0,0,0,0,0,0,0,0,0,0,0,0,0,0,0,0,0,0
175280,125.13,8,3071,0,0,0.00,0,90,0,89.43,91.13,0,0,0,0,0,0,0,0,0,0,0,0,0,0,0,0,0,0,0,0
175330,124.92,9,3067,0,0,0.00,0,90,0,89.43,91.13,0,0,0,0,0,0,0,0,0,0,0,0,0,0,0,0,0,0,0,0
175380,124.61,12,3063,0,0,0.00,0,90,0,89.43,91.13,0,0,0,0,0,0,0,0,0,0,0,0,0,0,0,0,0,0,0,0
175430,124.43,13,2971,0,0,0.00,0,90,0,89.43,91.13,0,0,0,0,0,0,0,0,0,0,0,0,0,0,0,0,0,0,0,0
175480,124.18,10,2930,0,0,0.00,0,90,0,89.43,91.13,0,0,0,0,0,0,0,0,0,0,0,0,0,0,0,0,0,0,0,0
175530,124.03,2,3003,0,0,0.00,0,90,0,89.43,91.13,0,0,0,0,0,0,0,0,0,0,0,0,0,0,0,0,0,0,0,0
175580,123.82,-3,3113,0,0,0.00,0,90,0,89.43,91.13,0,0,0,0,0,0,0,0,0,0,0,0,0,0,0,0,0,0,0,0
175630,123.62,-2,3146,0,0,0.00,0,90,0,89.43,91.13,0,0,0,0,0,0,0,0,0,0,0,0,0,0,0,0,0,0,0,0
175680,123.44,4,3067,0,0,0.00,0,90,0,89.43,91.13,0,0,0,0,0,0,0,0,0,0,0,0,0,0,0,0,0,0,0,0
175730,123.28,10,2966,0,0,0.00,0,90,0,89.43,91.13,0,0,0,0,0,0,0,0,0,0,0,0,0,0,0,0,0,0,0,0
175780,123.84,10,2911,0,0,0.00,0,90,0,89.43,91.13,0,0,0,0,0,0,0,0,0,0,0,0,0,0,0,0,0,0,0,0
175830,124.80,3,2922,0,0,0.00,0,90,0,89.43,91.13,0,0,0,0,0,0,0,0,0,0,0,0,0,0,0,0,0,0,0,0
175880,124.72,-8,2946,0,1,0.00,0,90,0,89.43,91.13,0,0,0,0,0,0,0,0,0,0,0,0,0,0,0,0,0,0,0,0
175930,124.10,-20,2977,0,0,0.00,0,90,0,89.43,91.13,0,0,0,0,0,0,0,0,0,0,0,0,0,0,0,0,0,0,0,0
175980,123.64,-26,3123,0,0,0.00,0,90,0,89.43,91.13,0,0,0,0,0,0,0,0,0,0,0,0,0,0,0,0,0,0,0,0
176030,122.90,-23,3181,0,0,0.00,0,90,0,89.43,91.13,0,0,0,0,0,0,0,0,0,0,0,0,0,0,0,0,0,0,0,0
176080,122.54,-11,3042,0,0,0.00,0,90,0,89.43,91.13,0,0,0,0,0,0,0,0,0,0,0,0,0,0,0,0,0,0,0,0
176130,122.39,0,2993,0,0,0.00,0,90,0,89.43,91.13,0,0,0,0,0,0,0,0,0,0,0,0,0,0,0,0,0,0,0,0
176180,121.88,6,2995,0,0,0.00,0,90,0,89.43,91.13,0,0,0,0,0,0,0,0,0,0,0,0,0,0,0,0,0,0,0,0
176230,121.64,10,3071,0,0,0.00,0,90,0,89.43,91.13,0,0,0,0,0,0,0,0,0,0,0,0,0,0,0,0,0,0,0,0
176280,121.31,14,3063,0,0,0.00,0,90,0,89.43,91.13,0,0,0,0,0,0,0,0,0,0,0,0,0,0,0,0,0,0,0,0
176330,121.21,19,3089,0,0,0.00,0,90,0,89.43,91.13,0,0,0,0,0,0,0,0,0,0,0,0,0,0,0,0,0,0,0,0
176380,120.89,23,2968,0,0,0.00,0,90,0,89.43,91.13,0,0,0,0,0,0,0,0,0,0,0,0,0,0,0,0,0,0,0,0
176430,120.65,24,3006,0,0,0.00,0,90,0,89.43,91.13,0,0,0,0,0,0,0,0,0,0,0,0,0,0,0,0,0,0,0,0
176480,120.41,22,3115,0,0,0.00,0,90,0,89.43,91.13,0,0,0,0,0,0,0,0,0,0,0,0,0,0,0,0,0,0,0,0
176530,120.15,25,3135,0,0,0.00,0,90,0,89.43,91.13,0,0,0,0,0,0,0,0,0,0,0,0,0,0,0,0,0,0,0,0
176580,119.95,30,3024,0,0,0.00,0,90,0,89.43,91.13,0,0,0,0,0,0,0,0,0,0,0,0,0,0,0,0,0,0,0,0
176630,119.73,32,2944,0,0,0.00,0,90,0,89.43,91.13,0,0,0,0,0,0,0,0,0,0,0,0,0,0,0,0,0,0,0,0
176680,119.54,27,2943,0,0,0.00,0,90,0,89.43,91.13,0,0,0,0,0,0,0,0,0,0,0,0,0,0,0,0,0,0,0,0
176730,119.33,16,2970,0,0,0.00,0,90,0,89.43,91.13,0,0,0,0,0,0,0,0,0,0,0,0,0,0,0,0,0,0,0,0
176780,119.16,5,2963,0,0,0.00,0,90,0,89.43,91.13,0,0,0,0,0,0,0,0,0,0,0,0,0,0,0,0,0,0,0,0
176830,118.91,-5,2995,0,0,0.00,0,90,0,89.43,91.13,0,0,0,0,0,0,0,0,0,0,0,0,0,0,0,0,0,0,0,0
176880,118.78,-14,2979,0,0,0.00,0,90,0,89.43,91.13,0,0,0,0,0,0,0,0,0,0,0,0,0,0,0,0,0,0,0,0
176930,118.91,-20,2995,0,0,0.00,0,90,0,89.43,91.13,0,0,0,0,0,0,0,0,0,0,0,0,0,0,0,0,0,0,0,0
176980,120.15,-24,3031,0,0,0.00,0,90,0,89.43,91.13,0,0,0,0,0,0,0,0,0,0,0,0,0,0,0,0,0,0,0,0
177030,120.80,-22,3071,0,0,0.00,0,90,0,89.43,91.13,0,0,0,0,0,0,0,0,0,0,0,0,0,0,0,0,0,0,0,0
177080,120.32,-17,3019,0,1,0.00,0,90,0,89.43,91.13,0,0,0,0,0,0,0,0,0,0,0,0,0,0,0,0,0,0,0,0
177130,119.82,-12,3003,0,0,0.00,0,90,0,89.43,91.13,0,0,0,0,0,0,0,0,0,0,0,0,0,0,0,0,0,0,0,0
177180,119.28,-5,3095,0,0,0.00,0,90,0,89.43,91.13,0,0,0,0,0,0,0,0,0,0,0,0,0,0,0,0,0,0,0,0
177230,118.49,2,3087,0,0,0.00,0,90,0,89.43,91.13,0,0,0,0,0,0,0,0,0,0,0,0,0,0,0,0,0,0,0,0
177280,118.36,12,3039,0,0,0.00,0,90,0,89.43,91.13,0,0,0,0,0,0,0,0,0,0,0,0,0,0,0,0,0,0,0,0
177330,118.16,20,3071,0,0,0.00,0,90,0,89.43,91.13,0,0,0,0,0,0,0,0,0,0,0,0,0,0,0,0,0,0,0,0
177380,117.95,27,3047,0,0,0.00,0,90,0,89.43,91.13,0,0,0,0,0,0,0,0,0,0,0,0,0,0,0,0,0,0,0,0
177430,117.61,31,2973,0,0,0.00,0,90,0,89.43,91.13,0,0,0,0,0,0,0,0,0,0,0,0,0,0,0,0,0,0,0,0
177480,117.40,31,3024,0,0,0.00,0,90,0,89.43,91.13,0,0,0,0,0,0,0,0,0,0,0,0,0,0,0,0,0,0,0,0
177530,117.39,29,3082,0,0,0.00,0,90,0,89.43,91.13,0,0,0,0,0,0,0,0,0,0,0,0,0,0,0,0,0,0,0,0
177580,117.01,29,3067,0,0,0.00,0,90,0,89.43,91.13,0,0,0,0,0,0,0,0,0,0,0,0,0,0,0,0,0,0,0,0
177630,116.87,29,3011,0,0,0.00,0,90,0,89.43,91.13,0,0,0,0,0,0,0,0,0,0,0,0,0,0,0,0,0,0,0,0
177680,116.50,28,2999,0,0,0.00,0,90,0,89.43,91.13,0,0,0,0,0,0,0,0,0,0,0,0,0,0,0,0,0,0,0,0
177730,116.31,25,3056,0,0,0.00,0,90,0,89.43,91.13,0,0,0,0,0,0,0,0,0,0,0,0,0,0,0,0,0,0,0,0
177780,116.18,22,3057,0,0,0.00,0,90,0,89.43,91.13,0,0,0,0,0,0,0,0,0,0,0,0,0,0,0,0,0,0,0,0
177830,115.93,21,3042,0,0,0.00,0,90,0,89.43,91.13,0,0,0,0,0,0,0,0,0,0,0,0,0,0,0,0,0,0,0,0
177880,115.72,21,3090,0,0,0.00,0,90,0,89.43,91.13,0,0,0,0,0,0,0,0,0,0,0,0,0,0,0,0,0,0,0,0
177930,115.51,23,3062,0,0,0.00,0,90,0,89.43,91.13,0,0,0,0,0,0,0,0,0,0,0,0,0,0,0,0,0,0,0,0
177980,115.34,26,3142,0,0,0.00,0,90,0,89.43,91.13,0,0,0,0,0,0,0,0,0,0,0,0,0,0,0,0,0,0,0,0
178030,115.16,31,3057,0,0,0.00,0,90,0,89.43,91.13,0,0,0,0,0,0,0,0,0,0,0,0,0,0,0,0,0,0,0,0
178080,115.92,36,3063,0,0,0.00,0,90,0,89.43,91.13,0,0,0,0,0,0,0,0,0,0,0,0,0,0,0,0,0,0,0,0
178130,116.81,37,3027,0,0,8.80,0,90,0,89.43,91.13,0,0,0,0,0,0,0,0,0,0,0,0,0,0,0,0,0,0,0,0
178180,116.77,36,3025,0,1,8.80,0,90,0,89.43,91.13,0,0,0,0,0,0,0,0,0,0,0,0,0,0,0,0,0,0,0,0
178230,116.05,32,3058,0,0,8.80,0,90,0,89.43,91.13,0,0,0,0,0,0,0,0,0,0,0,0,0,0,0,0,0,0,0,0
178280,115.43,29,3117,0,0,8.80,0,90,0,89.43,91.13,0,0,0,0,0,0,0,0,0,0,0,0,0,0,0,0,0,0,0,0
178330,114.73,30,3136,0,0,8.80,0,90,0,89.43,91.13,0,0,0,0,0,0,0,0,0,0,0,0,0,0,0,0,0,0,0,0
178380,114.59,31,2945,0,0,8.80,0,90,0,89.43,91.13,0,0,0,0,0,0,0,0,0,0,0,0,0,0,0,0,0,0,0,0
178430,114.31,26,2951,0,0,8.80,0,90,0,89.43,91.13,0,0,0,0,0,0,0,0,0,0,0,0,0,0,0,0,0,0,0,0
178480,114.06,16,3024,0,0,8.80,0,90,0,89.43,91.13,0,0,0,0,0,0,0,0,0,0,0,0,0,0,0,0,0,0,0,0
178530,113.72,8,3100,0,0,8.80,0,90,0,89.43,91.13,0,0,0,0,0,0,0,0,0,0,0,0,0,0,0,0,0,0,0,0
178580,113.43,5,3150,0,0,8.80,0,90,0,89.43,91.13,0,0,0,0,0,0,0,0,0,0,0,0,0,0,0,0,0,0,0,0
178630,113.22,8,3093,0,0,8.80,0,90,0,89.43,91.13,0,0,0,0,0,0,0,0,0,0,0,0,0,0,0,0,0,0,0,0
178680,113.04,12,3010,0,0,8.80,0,90,0,89.43,91.13,0,0,0,0,0,0,0,0,0,0,0,0,0,0,0,0,0,0,0,0
178730,112.69,13,3037,0,0,8.80,0,90,0,89.43,91.13,0,0,0,0,0,0,0,0,0,0,0,0,0,0,0,0,0,0,0,0
178780,112.64,13,3120,0,0,8.80,0,90,0,89.43,91.13,0,0,0,0,0,0,0,0,0,0,0,0,0,0,0,0,0,0,0,0
178830,112.35,15,3107,0,0,8.80,0,90,0,89.43,91.13,0,0,0,0,0,0,0,0,0,0,0,0,0,0,0,0,0,0,0,0
178880,112.02,19,3113,0,0,8.80,0,90,0,89.43,91.13,0,0,0,0,0,0,0,0,0,0,0,0,0,0,0,0,0,0,0,0
178930,111.91,24,3111,0,0,8.80,0,90,0,89.43,91.13,0,0,0,0,0,0,0,0,0,0,0,0,0,0,0,0,0,0,0,0
178980,111.72,29,3088,0,0,8.80,0,90,0,89.43,91.13,0,0,0,0,0,0,0,0,0,0,0,0,0,0,0,0,0,0,0,0
179030,111.45,32,3056,0,0,8.80,0,90,0,89.43,91.13,0,0,0,0,0,0,0,0,0,0,0,0,0,0,0,0,0,0,0,0
179080,111.33,31,3006,0,0,8.80,0,90,0,89.43,91.13,0,0,0,0,0,0,0,0,0,0,0,0,0,0,0,0,0,0,0,0
179130,111.87,25,2985,0,0,8.80,0,90,0,89.43,91.13,0,0,0,0,0,0,0,0,0,0,0,0,0,0,0,0,0,0,0,0
179180,113.10,14,2979,0,0,4.91,0,90,0,89.43,91.13,0,0,0,0,0,0,0,0,0,0,0,0,0,0,0,0,0,0,0,0
179230,113.48,2,3011,0,0,4.91,0,90,0,89.43,91.13,0,0,0,0,0,0,0,0,0,0,0,0,0,0,0,0,0,0,0,0
179280,112.86,-9,3022,0,1,4.91,0,90,0,89.43,91.13,0,0,0,0,0,0,0,0,0,0,0,0,0,0,0,0,0,0,0,0
179330,112.38,-18,3046,0,0,4.91,0,90,0,89.43,91.13,0,0,0,0,0,0,0,0,0,0,0,0,0,0,0,0,0,0,0,0
179380,111.84,-22,3125,0,0,4.91,0,90,0,89.43,91.13,0,0,0,0,0,0,0,0,0,0,0,0,0,0,0,0,0,0,0,0
179430,110.91,-21,3106,0,0,4.91,0,90,0,89.43,91.13,0,0,0,0,0,0,0,0,0,0,0,0,0,0,0,0,0,0,0,0
179480,110.68,-17,2993,0,0,4.91,0,90,0,89.43,91.13,0,0,0,0,0,0,0,0,0,0,0,0,0,0,0,0,0,0,0,0
179530,110.33,-13,3095,0,0,4.91,0,90,0,89.43,91.13,0,0,0,0,0,0,0,0,0,0,0,0,0,0,0,0,0,0,0,0
179580,109.95,-9,3130,0,0,4.91,0,90,0,89.43,91.13,0,0,0,0,0,0,0,0,0,0,0,0,0,0,0,0,0,0,0,0
179630,109.62,0,3205,0,0,4.91,0,90,0,89.43,91.13,0,0,0,0,0,0,0,0,0,0,0,0,0,0,0,0,0,0,0,0
179680,109.32,13,3264,0,0,4.91,0,90,0,89.43,91.13,0,0,0,0,0,0,0,0,0,0,0,0,0,0,0,0,0,0,0,0
179730,109.11,32,3165,0,0,4.91,0,90,0,89.43,91.13,0,0,0,0,0,0,0,0,0,0,0,0,0,0,0,0,0,0,0,0
179780,108.90,48,3088,0,0,4.91,0,90,0,89.43,91.13,109,0,0,0,0,109,0,0,0,0,0,0,0,0,0,0,0,0,0,0
179830,108.64,56,3042,0,0,4.91,0,90,0,89.43,91.13,109,0,0,0,0,109,109,0,0,0,109,0,0,0,0,109,0,0,0,0
179880,108.46,56,3030,0,0,4.91,0,90,0,89.43,91.13,109,0,0,0,0,109,109,0,0,0,109,0,0,0,0,109,0,0,0,0
179930,108.21,49,3071,0,0,4.91,0,90,0,89.43,91.13,109,0,0,0,0,109,109,0,0,0,109,0,0,0,0,109,0,0,0,0
179980,108.04,39,3051,0,0,4.91,0,90,0,89.43,91.13,109,0,0,0,0,109,109,0,0,0,109,0,0,0,0,109,0,0,0,0
180030,107.81,29,3104,0,0,4.91,0,90,0,89.43,91.13,109,0,0,0,0,109,109,0,0,0,109,0,0,0,0,109,0,0,0,0
180080,107.61,20,3029,0,0,4.91,0,90,0,89.43,91.13,109,0,0,0,0,109,109,0,0,0,109,0,0,0,0,109,0,0,0,0
180130,107.53,10,3055,0,0,4.91,0,90,0,89.43,91.13,109,0,0,0,0,109,109,0,0,0,109,0,0,0,0,109,0,0,0,0
180180,107.26,0,3031,0,0,4.91,0,90,0,89.43,91.13,109,0,0,0,0,109,109,0,0,0,109,0,0,0,0,109,0,0,0,0
180230,107.03,-9,2992,0,0,4.91,0,90,0,89.43,91.13,109,0,0,0,0,109,109,0,0,0,109,0,0,0,0,109,0,0,0,0
180280,108.32,-20,3055,0,0,4.91,0,90,0,89.43,91.13,109,0,0,0,0,109,109,0,0,0,109,0,0,0,0,109,0,0,0,0
180330,109.58,-26,3143,0,0,7.79,0,90,0,89.43,91.13,109,0,0,0,0,109,109,0,0,0,109,0,0,0,0,109,0,0,0,0
180380,109.49,-28,3024,0,1,7.79,0,90,0,89.43,91.13,109,0,0,0,0,109,109,0,0,0,109,0,0,0,0,109,0,0,0,0
180430,109.19,-30,3009,0,0,7.79,0,90,0,89.43,91.13,109,0,0,0,0,109,109,0,0,0,109,0,0,0,0,109,0,0,0,0
180480,108.86,-31,3088,0,0,7.79,0,90,0,89.43,91.13,109,0,0,0,0,109,109,0,0,0,109,0,0,0,0,109,0,0,0,0
180530,107.97,-32,3067,0,0,7.79,0,90,0,89.43,91.13,109,0,0,0,0,109,109,0,0,0,109,0,0,0,0,109,0,0,0,0
180580,107.29,-29,3122,0,0,7.79,0,90,0,89.43,91.13,109,0,0,0,0,109,109,0,0,0,109,0,0,0,0,109,0,0,0,0
180630,106.88,-21,3273,0,0,7.79,0,90,0,89.43,91.13,109,0,0,0,0,109,109,0,0,0,109,0,0,0,0,109,0,0,0,0
180680,106.34,-4,3319,0,0,7.79,0,90,0,89.43,91.13,109,0,0,0,0,109,109,0,0,0,109,0,0,0,0,109,0,0,0,0
180730,106.00,21,3325,0,0,7.79,0,90,0,89.43,91.13,109,0,0,0,0,109,109,0,0,0,109,0,0,0,0,109,0,0,0,0
180780,105.63,51,3361,0,0,7.79,0,90,0,89.43,91.13,109,0,0,0,0,109,109,0,0,0,109,0,0,0,0,109,0,0,0,0
180830,105.46,84,3391,0,0,7.79,0,90,0,89.43,91.13,109,0,0,0,0,109,109,0,0,0,109,0,0,0,0,109,0,0,0,0
180880,105.23,114,3248,0,0,7.79,0,90,0,89.43,91.13,109,0,0,0,0,109,109,0,0,0,109,0,0,0,0,109,0,0,0,105
180930,104.99,133,3114,0,0,7.79,0,90,0,89.43,91.13,109,0,0,0,0,109,109,0,0,0,109,0,0,0,0,109,0,0,0,105
180980,104.80,135,2947,0,0,7.79,0,90,0,89.43,91.13,109,0,0,0,0,109,109,0,0,0,109,0,0,0,0,109,0,0,0,105
181030,104.52,116,2910,0,0,7.79,0,90,0,89.43,91.13,109,0,0,0,0,109,109,0,0,0,109,0,0,0,0,109,0,0,0,105
181080,104.40,83,2992,0,0,7.79,0,90,0,89.43,91.13,109,0,0,0,0,109,109,0,0,0,109,0,0,0,0,109,0,0,0,105
181130,104.17,47,3120,0,0,7.79,0,90,0,89.43,91.13,109,0,0,0,0,109,109,0,0,0,109,0,0,0,0,109,0,0,0,105
181180,104.01,17,3127,0,0,7.79,0,90,0,89.43,91.13,109,0,0,0,0,109,109,0,0,0,109,0,0,0,0,109,0,0,0,105
181230,103.86,-5,3085,0,0,7.79,0,90,0,89.43,91.13,109,0,0,0,0,109,109,0,0,0,109,0,0,0,0,109,0,0,0,105
181280,103.65,-21,3093,0,0,7.79,0,90,0,89.43,91.13,109,0,0,0,0,109,109,0,0,0,109,0,0,0,0,109,0,0,0,105
181330,103.48,-35,3012,0,0,7.79,0,90,0,89.43,91.13,109,0,0,0,0,109,109,0,0,0,109,0,0,0,0,109,0,0,0,105
181380,104.28,-48,3013,0,0,7.79,0,90,0,89.43,91.13,109,0,0,0,0,109,109,0,0,0,109,0,0,0,0,109,0,0,0,105
181430,105.60,-60,3042,0,0,9.63,0,90,0,89.43,91.13,109,0,0,0,0,109,109,0,0,0,109,0,0,0,0,109,0,0,0,105
181480,105.96,-70,3056,0,0,9.63,0,90,0,89.43,91.13,109,0,0,0,0,109,109,0,0,0,109,0,0,0,0,109,0,0,0,105
181530,105.41,-76,3003,0,1,9.63,0,90,0,89.43,91.13,109,0,0,0,0,109,109,0,0,0,109,0,0,0,0,109,0,0,0,105
181580,104.97,-80,3151,0,0,9.63,0,90,0,89.43,91.13,109,0,0,0,0,109,109,0,0,0,109,0,0,0,0,109,0,0,0,105
181630,104.20,-74,3306,0,0,9.63,0,90,0,89.43,91.13,109,0,0,0,0,109,109,0,0,0,109,0,0,0,0,109,0,0,0,105
181680,103.58,-56,3280,0,0,9.63,0,90,0,89.43,91.13,109,0,0,0,0,109,109,0,0,0,109,0,0,0,0,109,0,0,0,105
181730,103.07,-31,3231,0,0,9.63,0,90,0,89.43,91.13,109,0,0,0,0,109,109,0,0,0,109,0,0,0,0,109,0,0,0,105
181780,102.67,-3,3343,1,0,9.63,0,90,0,89.43,91.13,109,0,0,0,0,109,109,0,0,0,109,0,0,0,0,109,0,0,0,105
181830,102.17,27,3359,1,0,9.63,0,90,0,89.43,91.13,109,0,0,0,0,109,109,0,0,0,109,0,0,0,0,109,0,0,0,105
181880,101.81,58,3312,1,0,9.63,0,90,0,89.43,91.13,109,0,0,0,0,109,109,0,0,0,109,0,0,0,0,109,0,0,0,105
181930,101.70,83,3214,1,0,9.63,0,90,0,89.43,91.13,109,0,0,0,0,109,109,0,0,0,109,0,0,0,0,109,0,0,0,105
181980,101.56,96,3011,0,0,9.63,0,90,0,89.43,91.13,109,0,0,0,0,109,109,0,0,0,109,0,0,0,0,109,0,0,0,105
182030,101.43,89,2882,0,0,9.63,0,90,0,89.43,91.13,109,0,0,0,0,109,109,0,0,0,109,0,0,0,0,109,0,0,0,105
182080,101.25,63,2927,0,0,9.63,0,90,0,89.43,91.13,109,0,0,0,0,109,109,0,0,0,109,0,0,0,0,109,0,0,0,105
182130,100.94,28,3071,0,0,9.63,0,90,0,89.43,91.13,109,0,0,0,0,109,109,0,0,0,109,0,0,0,0,109,0,0,0,105
182180,100.80,0,3293,0,0,9.63,0,90,0,89.43,91.13,109,0,0,0,0,109,109,0,0,0,109,0,0,0,0,109,0,0,0,105
182230,100.74,-11,3439,0,0,9.63,0,90,0,89.43,91.13,109,0,0,0,0,109,109,0,0,0,109,0,0,0,0,109,0,0,0,105
182280,100.65,-2,3439,0,0,9.63,0,90,0,89.43,91.13,109,0,0,0,0,109,109,0,0,0,109,0,0,0,0,109,0,0,0,105
182330,100.39,15,3136,0,0,9.63,0,90,0,89.43,91.13,109,0,0,0,0,109,109,0,0,0,109,0,0,0,0,109,0,0,0,105
182380,101.53,26,2966,0,0,9.35,0,90,0,89.43,91.13,109,0,0,0,0,109,109,0,0,0,109,0,0,0,0,109,0,0,0,105
182430,102.92,20,2950,0,0,9.35,0,90,0,89.43,91.13,109,0,0,0,0,109,109,0,0,0,109,0,0,0,0,109,0,0,0,105
182480,102.94,0,2893,0,0,9.35,0,90,0,89.43,91.13,109,0,0,0,0,109,109,0,0,0,109,0,0,0,0,109,0,0,0,105
182530,102.55,-28,2996,0,1,9.35,0,90,0,89.43,91.13,109,0,0,0,0,109,109,0,0,0,109,0,0,0,0,109,0,0,0,105
182580,102.34,-52,3261,0,0,9.35,0,90,0,89.43,91.13,109,0,0,0,0,109,109,0,0,0,109,0,0,0,0,109,0,0,0,105
182630,101.44,-61,3361,0,0,9.35,0,90,0,89.43,91.13,109,0,0,0,0,109,109,0,0,0,109,0,0,0,0,109,0,0,0,105
182680,100.99,-53,3235,0,0,9.35,0,90,0,89.43,91.13,109,0,0,0,0,109,109,0,0,0,109,0,0,0,0,109,0,0,0,105
182730,100.49,-36,3328,0,0,9.35,0,90,0,89.43,91.13,109,0,0,0,0,109,109,0,0,0,109,0,0,0,0,109,0,0,0,105
182780,99.90,-13,3393,0,0,9.35,0,90,0,89.43,91.13,109,0,0,0,0,109,109,0,0,0,109,0,0,0,0,109,0,0,0,105
182829,99.35,15,3362,0,0,9.35,0,90,0,89.43,91.13,109,0,0,0,0,109,109,0,0,0,109,0,0,0,0,109,0,0,0,105
182878,98.88,45,3411,0,0,9.35,0,90,0,89.43,91.13,109,0,0,0,0,109,109,0,0,0,109,0,0,0,0,109,0,0,0,105
182927,98.57,74,3359,0,0,9.35,0,90,0,89.43,91.13,109,0,0,0,0,109,109,0,0,0,109,0,0,0,0,109,0,0,0,105
182976,98.42,97,3264,0,0,9.35,0,90,0,89.43,91.13,109,0,0,0,0,109,109,0,0,0,109,0,0,0,0,109,0,0,0,105
183025,98.07,110,3234,0,0,9.35,0,90,0,89.43,91.13,109,0,0,0,0,109,109,0,0,0,109,0,0,0,0,109,0,0,0,105
183074,97.87,112,3216,0,0,9.35,0,90,0,89.43,91.13,109,0,0,0,0,109,109,0,0,0,109,0,0,0,0,109,0,0,0,105
183123,97.66,104,3173,0,0,9.35,0,90,0,89.43,91.13,109,0,0,0,0,109,109,0,0,0,109,0,0,0,0,109,0,0,0,105
183172,97.36,88,3105,0,0,9.35,0,90,0,89.43,91.13,109,0,0,0,0,109,109,0,0,0,109,0,0,0,0,109,0,0,0,105
183221,97.18,64,3087,0,0,9.35,0,90,0,89.43,91.13,109,0,0,0,0,109,109,0,0,0,109,0,0,0,0,109,0,0,0,105
183270,97.03,36,3130,0,0,9.35,0,90,0,89.43,91.13,109,0,0,0,0,109,109,0,0,0,109,0,0,0,0,109,0,0,0,105
183319,96.93,7,3090,0,0,9.35,0,90,0,89.43,91.13,109,0,0,0,0,109,109,0,0,0,109,0,0,0,0,109,0,0,0,105
183368,96.68,-20,3104,0,0,9.35,0,90,0,89.43,91.13,109,0,0,0,0,109,109,0,0,0,109,0,0,0,0,109,0,0,0,105
183417,97.62,-43,3185,0,0,14.47,0,90,0,89.43,91.13,109,0,0,0,0,109,109,0,0,0,109,0,0,0,0,109,0,0,0,105
183466,99.44,-60,3119,0,0,14.47,0,90,0,89.43,91.13,109,0,0,0,0,109,109,0,0,0,109,0,0,0,0,109,0,0,0,105
183515,99.84,-72,3136,0,0,14.47,0,90,0,89.43,91.13,109,0,0,0,0,109,109,0,0,0,109,0,0,0,0,109,0,0,0,105
183564,100.06,-80,3135,0,0,14.47,0,90,0,89.43,91.13,109,0,0,0,0,109,109,0,0,0,109,0,0,0,0,109,0,0,0,105
183614,100.28,-82,3357,0,0,14.47,0,90,0,89.43,91.13,109,0,0,0,0,109,109,0,0,0,109,0,0,0,0,109,0,0,0,105
183664,100.01,-65,3743,0,1,14.47,0,90,0,89.43,91.13,109,0,0,0,0,109,109,0,0,0,109,0,0,0,0,109,0,0,0,105
183714,99.41,-19,3993,0,0,14.47,0,90,0,89.43,91.13,109,0,0,0,0,109,109,0,0,0,109,0,0,0,0,109,0,0,0,105
183763,98.81,54,3818,0,0,14.47,0,90,0,89.43,91.13,109,0,0,0,0,109,109,0,0,0,109,0,0,0,0,109,0,0,0,105
183812,98.18,134,3664,0,0,14.47,0,90,0,89.43,91.13,109,0,0,0,0,109,109,0,0,0,109,0,0,0,0,109,0,0,0,105
183861,97.59,201,3550,1,0,14.47,0,90,0,89.43,91.13,109,0,0,0,0,109,109,98,0,0,109,0,0,98,0,109,0,0,98,105
183910,96.88,248,3455,1,0,14.47,0,90,0,89.43,91.13,109,0,97,0,0,109,109,98,97,0,109,0,0,98,0,109,0,0,98,105
183959,96.31,270,3430,1,0,14.47,0,90,0,89.43,91.13,109,0,97,0,0,109,109,98,97,0,109,0,0,98,0,109,0,0,98,105
184008,95.82,271,3369,1,0,14.47,0,90,0,89.43,91.13,109,0,97,0,0,109,109,98,97,0,109,0,0,98,0,109,0,0,98,105
184057,95.41,252,3207,1,0,14.47,0,90,0,89.43,91.13,109,0,97,0,0,109,109,98,97,0,109,0,0,98,0,109,0,0,98,105
184106,94.99,214,3184,0,0,14.47,0,90,0,89.43,91.13,109,0,97,0,0,109,109,98,97,0,109,0,0,98,0,109,0,0,98,105
184155,94.60,164,3246,0,0,14.47,0,90,0,89.43,91.13,109,0,97,0,0,109,109,98,97,0,109,0,0,98,0,109,0,0,98,105
184204,94.33,110,3223,0,0,14.47,0,90,0,89.43,91.13,109,0,97,0,0,109,109,98,97,0,109,0,0,98,0,109,0,0,98,105
184253,94.10,58,3185,0,0,14.47,0,90,0,89.43,91.13,109,0,97,0,0,109,109,98,97,0,109,0,0,98,0,109,0,0,98,105
184302,93.79,7,3115,0,0,14.47,0,90,0,89.43,91.13,109,0,97,0,0,109,109,98,97,0,109,0,0,98,0,109,0,0,98,105
184351,93.66,-41,3137,0,0,14.47,0,90,0,89.43,91.13,109,0,97,0,0,109,109,98,97,0,109,0,0,98,0,109,0,0,98,105
184400,93.57,-87,3056,0,0,14.47,0,90,0,89.43,91.13,109,0,97,0,0,109,109,98,97,0,109,0,0,98,0,109,0,0,98,105
184449,93.31,-128,3062,0,0,14.47,0,90,0,89.43,91.13,109,0,97,0,0,109,109,98,97,0,109,0,0,98,0,109,0,0,98,105
184498,93.09,-164,3109,0,0,14.47,0,90,0,89.43,91.13,109,0,97,0,0,109,109,98,97,0,109,0,0,98,0,109,0,0,98,105
184547,93.02,-194,2964,0,0,14.47,0,90,0,89.43,91.13,109,0,97,0,0,109,109,98,97,0,109,0,0,98,0,109,0,0,98,105
184596,94.18,-219,3057,0,0,26.92,0,90,0,89.43,91.13,109,0,97,0,0,109,109,98,97,0,109,0,0,98,0,109,0,0,98,105
184645,96.21,-238,3125,0,0,26.92,0,90,0,89.43,91.13,109,0,97,0,0,109,109,98,97,0,109,0,0,98,0,109,0,0,98,105
184694,96.53,-247,3047,0,0,26.92,0,90,0,89.43,91.13,109,0,97,0,0,109,109,98,97,0,109,0,0,98,0,109,0,0,98,105
184743,97.04,-249,3088,0,0,26.92,0,90,0,89.43,91.13,109,0,97,0,0,109,109,98,97,0,109,0,0,98,0,109,0,0,98,105
184792,97.17,-240,3536,0,0,26.92,0,90,0,89.43,91.13,109,0,97,0,0,109,109,98,97,0,109,0,0,98,0,109,0,0,98,105
184841,96.51,-198,4095,0,1,26.92,0,90,0,89.43,91.13,109,0,97,0,0,109,109,98,97,0,109,0,0,98,0,109,0,0,98,105
184890,95.96,-116,4016,0,0,26.92,0,90,0,89.43,91.13,109,0,97,0,0,109,109,98,97,0,109,0,0,98,0,109,0,0,98,105
184939,95.45,-12,3701,0,0,26.92,0,90,0,89.43,91.13,109,0,97,0,0,109,109,98,97,0,109,0,0,98,0,109,0,0,98,105
184988,94.89,81,3475,0,0,26.92,0,90,0,89.43,91.13,109,0,97,0,0,109,109,98,97,0,109,0,0,98,0,109,0,0,98,105
185037,94.40,146,3293,0,0,26.92,0,90,0,89.43,91.13,109,0,97,0,0,109,109,98,97,0,109,0,0,98,0,109,0,0,98,105
185086,93.88,178,3290,0,0,26.92,0,90,0,89.43,91.13,109,0,97,0,0,109,109,98,97,0,109,0,0,98,0,109,0,0,98,105
185135,93.38,181,3242,0,0,26.92,0,90,0,89.43,91.13,109,0,97,0,0,109,109,98,97,0,109,0,0,98,0,109,0,0,98,105
185184,92.78,163,3248,0,0,26.92,0,90,0,89.43,91.13,109,0,97,0,0,109,109,98,97,0,109,0,0,98,0,109,0,0,98,105
185233,92.33,130,3194,0,0,26.92,0,90,0,89.43,91.13,109,0,97,0,0,109,109,98,97,0,109,0,0,98,0,109,0,0,98,105
185282,92.03,89,3146,0,0,26.92,0,90,0,89.43,91.13,109,0,97,0,0,109,109,98,97,0,109,0,0,98,0,109,0,0,98,105
185331,91.58,42,3157,1,0,26.92,0,90,0,89.43,91.13,109,0,97,0,0,109,109,98,97,0,109,0,0,98,0,109,0,0,98,105
185380,91.27,-5,3135,1,0,26.92,0,90,0,89.43,91.13,109,0,97,0,0,109,109,98,97,0,109,0,0,98,0,109,0,0,98,105
185429,90.94,-51,3097,1,0,26.92,0,90,0,89.43,91.13,109,0,97,0,0,109,109,98,97,0,109,0,0,98,0,109,0,0,98,105
185478,90.72,-93,3082,1,0,26.92,0,90,0,89.43,91.13,109,0,97,0,0,109,109,98,97,0,109,0,0,98,0,109,0,0,98,105
185527,90.52,-131,3118,0,0,26.92,0,90,0,89.43,91.13,109,0,97,0,0,109,109,98,97,0,109,0,0,98,0,109,0,0,98,105
185576,90.35,-162,3053,0,0,26.92,0,90,0,89.43,91.13,109,0,97,0,0,109,109,98,97,0,109,0,0,98,0,109,0,0,98,105
185625,90.15,-188,3042,0,0,26.92,0,90,0,89.43,91.13,109,0,97,0,0,109,109,98,97,0,109,0,0,98,0,109,0,0,98,105
185674,91.52,-208,3123,0,0,32.73,0,90,0,89.43,91.13,109,0,97,0,0,109,109,98,97,0,109,0,0,98,0,109,0,0,98,105
185723,93.14,-220,3091,0,0,32.73,0,90,0,89.43,91.13,109,0,97,0,0,109,109,98,97,0,109,0,0,98,0,109,0,0,98,105
185772,93.77,-226,3023,0,0,32.73,0,90,0,89.43,91.13,109,0,97,0,0,109,109,98,97,0,109,0,0,98,0,109,0,0,98,105
185821,93.92,-226,3238,0,0,32.73,0,90,0,89.43,91.13,109,0,97,0,0,109,109,98,97,0,109,0,0,98,0,109,0,0,98,105
185870,93.62,-206,3878,0,1,32.73,0,90,0,89.43,91.13,109,0,97,0,0,109,109,98,97,0,109,0,0,98,0,109,0,0,98,105
185919,92.87,-146,4095,0,0,32.73,0,90,0,89.43,91.13,109,0,97,0,0,109,109,98,97,0,109,0,0,98,0,109,0,0,98,105
185968,92.21,-52,3838,0,0,32.73,0,90,0,89.43,91.13,109,0,97,0,0,109,109,98,97,0,109,0,0,98,0,109,0,0,98,105
186017,91.81,43,3376,0,0,32.73,0,90,0,89.43,91.13,109,0,97,0,0,109,109,98,97,0,109,0,0,98,0,109,0,0,98,105
186066,91.42,112,3274,0,0,32.73,0,90,0,89.43,91.13,109,0,97,0,0,109,109,98,97,0,109,0,0,98,0,109,0,0,98,105
186115,90.95,147,3267,0,0,32.73,0,90,0,89.43,91.13,109,0,97,0,0,109,109,98,97,0,109,0,0,98,0,109,0,0,98,105
186164,90.40,155,3237,0,0,32.73,0,90,0,89.43,91.13,109,0,97,0,0,109,109,98,97,0,109,0,0,98,0,109,0,0,98,105
186213,89.97,142,3171,0,0,32.73,0,90,0,89.43,91.13,109,0,97,0,0,109,109,98,97,0,109,0,0,98,0,109,0,0,98,105
186262,89.55,112,3079,0,0,32.73,0,90,0,89.43,91.13,109,0,97,0,0,109,109,98,97,0,109,0,0,98,0,109,0,0,98,105
186311,89.01,69,3082,0,0,32.73,0,90,0,89.43,91.13,109,0,97,0,0,109,109,98,97,0,109,0,0,98,0,109,0,0,98,105
186360,88.77,21,3155,0,0,32.73,0,90,0,89.43,91.13,109,0,97,0,0,109,109,98,97,0,109,0,0,98,0,109,0,0,98,105
186409,88.34,-25,3038,0,0,32.73,0,90,0,89.43,91.13,109,0,97,0,0,109,109,98,97,0,109,0,0,98,0,109,0,0,98,105
186458,87.97,-70,3045,0,0,32.73,0,90,0,89.43,91.13,109,0,97,0,0,109,109,98,97,0,109,0,0,98,0,109,0,0,98,105
186507,87.60,-114,2946,0,0,32.73,0,90,0,89.43,91.13,109,0,97,0,0,109,109,98,97,0,109,0,0,98,0,109,0,0,98,105
186556,87.39,-155,2977,0,0,32.73,0,90,0,89.43,91.13,109,0,97,0,0,109,109,98,97,0,109,0,0,98,0,109,0,0,98,105
186605,87.21,-191,3025,0,0,32.73,0,90,0,89.43,91.13,109,0,97,0,0,109,109,98,97,0,109,0,0,98,0,109,0,0,98,105
186654,86.98,-217,3008,0,0,32.73,0,90,0,89.43,91.13,109,0,97,0,0,109,109,98,97,0,109,0,0,98,0,109,0,0,98,105
186703,88.90,-234,3087,0,0,28.84,0,90,0,89.43,91.13,109,0,97,0,0,109,109,98,97,0,109,0,0,98,0,109,0,0,98,105
186752,90.46,-241,3024,0,0,28.84,0,90,0,89.43,91.13,109,0,97,0,0,109,109,98,97,0,109,0,0,98,0,109,0,0,98,105
186801,90.87,-241,3005,0,0,28.84,0,90,0,89.43,91.13,109,0,97,0,0,109,109,98,97,0,109,0,0,98,0,109,0,0,98,105
186850,91.11,-231,3446,1,0,28.84,0,90,0,89.43,91.13,109,0,97,0,0,109,109,98,97,0,109,0,0,98,0,109,0,0,98,105
186899,90.76,-189,4095,1,1,28.84,0,90,0,89.43,91.13,109,0,97,0,0,109,109,98,97,0,109,0,0,98,0,109,0,0,98,105
186948,90.05,-102,4095,1,0,28.84,0,90,0,89.43,91.13,109,0,97,0,0,109,109,98,97,0,109,0,0,98,0,109,0,0,98,105
186997,89.66,10,3738,1,0,28.84,0,90,0,89.43,91.13,109,0,97,0,0,109,109,98,97,0,109,0,0,98,0,109,0,0,98,105
187046,89.19,116,3463,1,0,28.84,0,90,0,89.43,91.13,109,0,97,0,0,109,109,98,97,0,109,0,0,98,0,109,0,0,98,105
187095,88.83,190,3235,0,0,28.84,0,90,0,89.43,91.13,109,0,97,0,0,109,109,98,97,0,109,0,0,98,0,109,0,0,98,105
187144,88.35,223,3071,0,0,28.84,0,90,0,89.43,91.13,109,0,97,0,0,109,109,98,97,0,109,0,0,98,0,109,0,0,98,105
187193,87.80,217,3061,0,0,28.84,0,90,0,89.43,91.13,109,0,97,0,0,109,109,98,97,0,109,0,0,98,0,109,0,0,98,105
187242,87.24,184,3162,0,0,28.84,0,90,0,89.43,91.13,109,0,97,0,0,109,109,98,97,0,109,0,0,98,0,109,0,0,98,105
187291,86.74,140,3142,0,0,28.84,0,90,0,89.43,91.13,109,0,97,0,0,109,109,98,97,0,109,0,0,98,0,109,0,0,98,105
187340,86.30,89,2951,0,0,28.84,0,90,0,89.43,91.13,109,0,97,0,0,109,109,98,97,0,109,0,0,98,0,109,0,0,98,105
187389,85.90,30,2914,0,0,28.84,0,90,0,89.43,91.13,109,0,97,0,0,109,109,98,97,0,109,0,0,98,0,109,0,0,98,105
187438,85.37,-32,2901,0,0,28.84,0,90,0,89.43,91.13,109,0,97,0,0,109,109,98,97,0,109,0,0,98,0,109,0,0,98,105
187487,84.94,-95,2896,0,0,28.84,0,90,0,89.43,91.13,109,0,97,0,0,109,109,98,97,0,109,0,0,98,0,109,0,0,98,105
187536,84.68,-150,2964,0,0,28.84,0,90,0,89.43,91.13,109,0,97,0,0,109,109,98,97,0,109,0,0,98,0,109,0,0,98,105
187585,84.32,-194,2986,0,0,28.84,0,90,0,89.43,91.13,109,0,97,0,0,109,109,98,97,0,109,0,0,98,0,109,0,0,98,105
187634,84.03,-225,2922,0,0,28.84,0,90,0,89.43,91.13,109,0,97,0,0,109,109,98,97,0,109,0,0,98,0,109,0,0,98,105
187683,83.81,-247,2902,0,0,28.84,0,90,0,89.43,91.13,109,0,97,0,0,109,109,98,97,0,109,0,0,98,0,109,0,0,98,105
187732,83.61,-261,2953,0,0,28.84,0,90,0,89.43,91.13,109,0,97,0,0,109,109,98,97,0,109,0,0,98,0,109,0,0,98,105
187781,83.45,-266,2943,0,0,28.84,0,90,0,89.43,91.13,109,0,97,0,0,109,109,98,97,0,109,0,0,98,0,109,0,0,98,105
187830,83.97,-264,2956,0,0,32.96,0,90,0,89.43,91.13,109,0,97,0,0,109,109,98,97,0,109,0,0,98,0,109,0,0,98,105
187879,86.26,-257,2915,0,0,32.96,0,90,0,89.43,91.13,109,0,97,0,0,109,109,98,97,0,109,0,0,98,0,109,0,0,98,105
187928,87.14,-245,3011,0,0,32.96,0,90,0,89.43,91.13,109,0,97,0,0,109,109,98,97,0,109,0,0,98,0,109,0,0,98,105
187977,87.47,-224,3265,0,0,32.96,0,90,0,89.43,91.13,109,0,97,0,0,109,109,98,97,0,109,0,0,98,0,109,0,0,98,105
188026,87.42,-174,4095,0,1,32.96,0,90,0,89.43,91.13,109,0,97,0,0,109,109,98,97,0,109,0,0,98,0,109,0,0,98,105
188075,86.88,-79,4095,0,0,32.96,0,90,0,89.43,91.13,109,0,97,0,0,109,109,98,97,0,109,0,0,98,0,109,0,0,98,105
188124,86.26,50,4095,0,0,32.96,0,90,0,89.43,91.13,109,0,97,0,0,109,109,98,97,0,109,0,0,98,0,109,0,0,98,105
188173,85.90,183,3525,0,0,32.96,0,90,0,89.43,91.13,109,0,97,0,0,109,109,98,97,0,109,0,0,98,0,109,0,0,98,105
188222,85.57,284,3233,0,0,32.96,0,90,0,89.43,91.13,109,0,97,0,0,109,109,98,97,0,109,0,0,98,0,109,0,0,98,105
188271,85.18,336,3154,0,0,32.96,0,90,0,89.43,91.13,109,0,97,0,0,109,109,98,97,0,109,0,0,98,0,109,0,0,98,105
188320,84.78,345,3213,0,0,32.96,0,90,0,89.43,91.13,109,0,97,0,0,109,109,98,97,0,109,0,0,98,0,109,0,0,98,105
188369,84.22,326,3234,0,0,32.96,0,90,0,89.43,91.13,109,0,97,0,0,109,109,98,97,0,109,0,0,98,0,109,0,0,98,105
188418,83.78,289,3127,1,0,32.96,0,90,0,89.43,91.13,109,0,97,0,0,109,109,98,97,0,109,0,0,98,0,109,0,0,98,105
188467,83.29,239,3082,1,0,32.96,0,90,0,89.43,91.13,109,0,97,0,0,109,109,98,97,0,109,0,0,98,0,109,0,0,98,105
188516,82.85,178,2970,1,0,32.96,0,90,0,89.43,91.13,109,0,97,0,0,109,109,98,97,0,109,0,0,98,0,109,0,0,98,105
188565,82.63,110,2896,1,0,32.96,0,90,0,89.43,91.13,109,0,97,0,0,109,109,98,97,0,109,0,0,98,0,109,0,0,98,105
188614,82.26,38,2909,1,0,32.96,0,90,0,89.43,91.13,109,0,97,0,0,109,109,98,97,0,109,0,0,98,0,109,0,0,98,105
188663,81.86,-30,2935,1,0,32.96,0,90,0,89.43,91.13,109,0,97,0,0,109,109,98,97,0,109,0,0,98,0,109,0,0,98,105
188712,81.54,-90,2934,0,0,32.96,0,90,0,89.43,91.13,109,0,97,0,0,109,109,98,97,0,109,0,0,98,0,109,0,0,98,105
188761,81.37,-142,2810,0,0,32.96,0,90,0,89.43,91.13,109,0,97,0,0,109,109,98,97,0,109,0,0,98,0,109,0,0,98,105
188810,81.09,-186,2832,0,0,32.96,0,90,0,89.43,91.13,109,0,97,0,0,109,109,98,97,0,109,0,0,98,0,109,0,0,98,105
188859,80.85,-222,2896,0,0,32.96,0,90,0,89.43,91.13,109,0,97,0,0,109,109,98,97,0,109,0,0,98,0,109,0,0,98,105
188908,80.67,-247,2924,0,0,32.96,0,90,0,89.43,91.13,109,0,97,0,0,109,109,98,97,0,109,0,0,98,0,109,0,0,98,105
188957,80.53,-257,3024,0,0,32.96,0,90,0,89.43,91.13,109,0,97,0,0,109,109,98,97,0,109,0,0,98,0,109,0,0,98,105
189006,81.96,-250,3162,0,0,35.59,0,90,0,89.43,91.13,109,0,97,0,0,109,109,98,97,0,109,0,0,98,0,109,0,0,98,105
189055,83.70,-227,3122,0,0,35.59,0,90,0,89.43,91.13,109,0,97,0,0,109,109,98,97,0,109,0,0,98,0,109,0,0,98,105
189104,84.04,-195,2983,0,0,35.59,0,90,0,89.43,91.13,109,0,97,0,0,109,109,98,97,0,109,0,0,98,0,109,0,0,98,105
189153,84.00,-159,3339,0,1,35.59,0,90,0,89.43,91.13,109,0,97,0,0,109,109,98,97,0,109,0,0,98,0,109,0,0,98,105
189202,83.58,-101,4095,0,0,35.59,0,90,0,89.43,91.13,109,0,97,0,0,109,109,98,97,0,109,0,0,98,0,109,0,0,98,105
189251,82.94,-3,4095,0,0,35.59,0,90,0,89.43,91.13,109,0,97,0,0,109,109,98,97,0,109,0,0,98,0,109,0,0,98,105
189300,82.61,114,3499,0,0,35.59,0,90,0,89.43,91.13,109,0,97,0,0,109,109,98,97,0,109,0,0,98,0,109,0,0,98,105
189349,82.36,210,3123,0,0,35.59,0,90,0,89.43,91.13,109,0,97,0,0,109,109,98,97,0,109,0,0,98,0,109,0,0,98,105
189398,81.99,262,3096,0,0,35.59,0,90,0,89.43,91.13,109,0,97,0,0,109,109,98,97,0,109,0,0,98,0,109,0,0,98,105
189447,81.55,274,3088,0,0,35.59,0,90,0,89.43,91.13,109,0,97,0,0,109,109,98,97,0,109,0,0,98,0,109,0,0,98,105
189496,81.13,257,3071,0,0,35.59,0,90,0,89.43,91.13,109,0,97,0,0,109,109,98,97,0,109,0,0,98,0,109,0,0,98,105
189545,80.74,222,3063,0,0,35.59,0,90,0,89.43,91.13,109,0,97,0,0,109,109,98,97,0,109,0,0,98,0,109,0,0,98,105
189594,80.22,176,2973,0,0,35.59,0,90,0,89.43,91.13,109,0,97,0,0,109,109,98,97,0,109,0,0,98,0,109,0,0,98,105
189643,79.90,122,2970,0,0,35.59,0,90,0,89.43,91.13,109,0,97,0,0,109,109,98,97,0,109,0,0,98,0,109,0,0,98,105
189692,79.45,65,2964,0,0,35.59,0,90,0,89.43,91.13,109,0,97,0,0,109,109,98,97,0,109,0,0,98,0,109,0,0,98,105
189741,79.17,11,2959,0,0,35.59,0,90,0,89.43,91.13,109,0,97,0,0,109,109,98,97,0,109,0,0,98,0,109,0,0,98,105
189790,78.80,-36,2955,0,0,35.59,0,90,0,89.43,91.13,109,0,97,0,0,109,109,98,97,0,109,0,0,98,0,109,0,0,98,105
189839,78.48,-77,2974,0,0,35.59,0,90,0,89.43,91.13,109,0,97,0,0,109,109,98,97,0,109,0,0,98,0,109,0,0,98,105
189888,78.12,-109,2938,0,0,35.59,0,90,0,89.43,91.13,109,0,97,0,0,109,109,98,97,0,109,0,0,98,0,109,0,0,98,105
189937,77.82,-133,2918,0,0,35.59,0,90,0,89.43,91.13,109,0,97,0,0,109,109,98,97,0,109,0,0,98,0,109,0,0,98,105
189986,77.51,-152,2958,0,0,35.59,0,90,0,89.43,91.13,109,0,97,0,0,109,109,98,97,0,109,0,0,98,0,109,0,0,98,105
190035,77.37,-163,2943,0,0,35.59,0,90,0,89.43,91.13,109,0,97,0,0,109,109,98,97,0,109,0,0,98,0,109,0,0,98,105
190084,78.49,-168,2911,0,0,35.59,0,90,0,89.43,91.13,109,0,97,0,0,109,109,98,97,0,109,0,0,98,0,109,0,0,98,105
190133,80.40,-169,2919,0,0,29.04,0,90,0,89.43,91.13,109,0,97,0,0,109,109,98,97,0,109,0,0,98,0,109,0,0,98,105
190182,80.71,-168,2938,0,0,29.04,0,90,0,89.43,91.13,109,0,97,0,0,109,109,98,97,0,109,0,0,98,0,109,0,0,98,105
190231,80.94,-156,3312,0,0,29.04,0,90,0,89.43,91.13,109,0,97,0,0,109,109,98,97,0,109,0,0,98,0,109,0,0,98,105
190280,80.54,-114,4095,0,1,29.04,0,90,0,89.43,91.13,109,0,97,0,0,109,109,98,97,0,109,0,0,98,0,109,0,0,98,105
190329,79.97,-25,4095,0,0,29.04,0,90,0,89.43,91.13,109,0,97,0,0,109,109,98,97,0,109,0,0,98,0,109,0,0,98,105
190378,79.58,95,3754,1,0,29.04,0,90,0,89.43,91.13,109,0,97,0,0,109,109,98,97,0,109,0,0,98,0,109,0,0,98,105
190427,79.24,206,3246,1,0,29.04,0,90,0,89.43,91.13,109,0,97,0,0,109,109,98,97,0,109,0,0,98,0,109,0,0,98,105
190476,78.99,277,3071,1,0,29.04,0,90,0,89.43,91.13,109,0,97,0,0,109,109,98,97,0,109,0,0,98,0,109,0,0,98,105
190525,78.49,302,3066,0,0,29.04,0,90,0,89.43,91.13,109,0,97,0,0,109,109,98,97,0,109,0,0,98,0,109,0,0,98,105
190574,77.97,292,3121,0,0,29.04,0,90,0,89.43,91.13,109,0,97,0,0,109,109,98,97,0,109,0,0,98,0,109,0,0,98,105
190623,77.62,263,3135,0,0,29.04,0,90,0,89.43,91.13,109,0,97,0,0,109,109,98,97,0,109,0,0,98,0,109,0,0,98,105
190672,77.12,222,3059,0,0,29.04,0,90,0,89.43,91.13,109,0,97,0,0,109,109,98,97,0,109,0,0,98,0,109,0,0,98,105
190721,76.65,173,2992,0,0,29.04,0,90,0,89.43,91.13,109,0,97,0,0,109,109,98,97,0,109,0,0,98,0,109,0,0,98,105
190770,76.40,119,2963,0,0,29.04,0,90,0,89.43,91.13,109,0,97,0,0,109,109,98,97,0,109,0,0,98,0,109,0,0,98,105
190819,76.16,61,2897,0,0,29.04,0,90,0,89.43,91.13,109,0,97,0,0,109,109,98,97,0,109,0,0,98,0,109,0,0,98,105
190868,75.78,4,2863,0,0,29.04,0,90,0,89.43,91.13,109,0,97,0,0,109,109,98,97,0,109,0,0,98,0,109,0,0,98,105
190917,75.45,-50,2932,0,0,29.04,0,90,0,89.43,91.13,109,0,97,0,0,109,109,98,97,0,109,0,0,98,0,109,0,0,98,105
190966,75.21,-97,2880,0,0,29.04,0,90,0,89.43,91.13,109,0,97,0,0,109,109,98,97,0,109,0,0,98,0,109,0,0,98,105
191015,74.86,-136,2881,0,0,29.04,0,90,0,89.43,91.13,109,0,97,0,0,109,109,98,97,0,109,0,0,98,0,109,0,0,98,105
191064,74.66,-166,2914,0,0,29.04,0,90,0,89.43,91.13,109,0,97,0,0,109,109,98,97,0,109,0,0,98,0,109,0,0,98,105
191113,74.50,-185,2987,0,0,29.04,0,90,0,89.43,91.13,109,0,97,0,0,109,109,98,97,0,109,0,0,98,0,109,0,0,98,105
191162,74.30,-192,2995,0,0,29.04,0,90,0,89.43,91.13,109,0,97,0,0,109,109,98,97,0,109,0,0,98,0,109,0,0,98,105
191211,74.48,-188,3006,0,0,29.04,0,90,0,89.43,91.13,109,0,97,0,0,109,109,98,97,0,109,0,0,98,0,109,0,0,98,105
191260,76.66,-177,2960,0,0,23.50,0,90,0,89.43,91.13,109,0,97,0,0,109,109,98,97,0,109,0,0,98,0,109,0,0,98,105
191309,77.26,-163,2928,0,0,23.50,0,90,0,89.43,91.13,109,0,97,0,0,109,109,98,97,0,109,0,0,98,0,109,0,0,98,105
191358,77.53,-148,3096,0,0,23.50,0,90,0,89.43,91.13,109,0,97,0,0,109,109,98,97,0,109,0,0,98,0,109,0,0,98,105
191407,77.42,-110,4095,0,1,23.50,0,90,0,89.43,91.13,109,0,97,0,0,109,109,98,97,0,109,0,0,98,0,109,0,0,98,105
191456,77.06,-27,4095,0,0,23.50,0,90,0,89.43,91.13,109,0,97,0,0,109,109,98,97,0,109,0,0,98,0,109,0,0,98,105
191505,76.52,95,4095,0,0,23.50,0,90,0,89.43,91.13,109,0,97,0,0,109,109,98,97,0,109,0,0,98,0,109,0,0,98,105
191554,76.25,220,3357,0,0,23.50,0,90,0,89.43,91.13,109,0,97,0,0,109,109,98,97,0,109,0,0,98,0,109,0,0,98,105
191603,75.99,310,3200,0,0,23.50,0,90,0,89.43,91.13,109,0,97,0,0,109,109,98,97,0,109,0,0,98,0,109,0,0,98,105
191652,75.53,352,3184,0,0,23.50,0,90,0,89.43,91.13,109,0,97,0,0,109,109,98,97,0,109,0,0,98,0,109,0,0,98,105
191701,75.29,358,3246,0,0,23.50,0,90,0,89.43,91.13,109,0,97,0,0,109,109,98,97,0,109,0,0,98,0,109,0,0,98,105
191750,74.74,340,3239,1,0,23.50,0,90,0,89.43,91.13,109,0,97,0,0,109,109,98,97,0,109,0,0,98,0,109,0,0,98,105
191799,74.47,306,3157,1,0,23.50,0,90,0,89.43,91.13,109,0,97,0,0,109,109,98,97,0,109,0,0,98,0,109,0,0,98,105
191848,74.04,258,2958,1,0,23.50,0,90,0,89.43,91.13,109,0,97,0,0,109,109,98,97,0,109,0,0,98,0,109,0,0,98,105
191897,73.77,195,2933,1,0,23.50,0,90,0,89.43,91.13,109,0,97,0,0,109,109,98,97,0,109,0,0,98,0,109,0,0,98,105
191946,73.45,124,2952,0,0,23.50,0,90,0,89.43,91.13,109,0,97,0,0,109,109,98,97,0,109,0,0,98,0,109,0,0,98,105
191995,73.21,52,2887,0,0,23.50,0,90,0,89.43,91.13,109,0,97,0,0,109,109,98,97,0,109,0,0,98,0,109,0,0,98,105
192044,72.86,-16,2911,0,0,23.50,0,90,0,89.43,91.13,109,0,97,0,0,109,109,98,97,0,109,0,0,98,0,109,0,0,98,105
192093,72.56,-77,2957,0,0,23.50,0,90,0,89.43,91.13,109,0,97,0,0,109,109,98,97,0,109,0,0,98,0,109,0,0,98,105
192142,72.42,-126,2919,0,0,23.50,0,90,0,89.43,91.13,109,0,97,0,0,109,109,98,97,0,109,0,0,98,0,109,0,0,98,105
192191,72.16,-164,2874,0,0,23.50,0,90,0,89.43,91.13,109,0,97,0,0,109,109,98,97,0,109,0,0,98,0,109,0,0,98,105
192240,71.94,-195,2877,0,0,23.50,0,90,0,89.43,91.13,109,0,97,0,0,109,109,98,97,0,109,0,0,98,0,109,0,0,98,105
192289,71.73,-217,2892,0,0,23.50,0,90,0,89.43,91.13,109,0,97,0,0,109,109,98,97,0,109,0,0,98,0,109,0,0,98,105
192338,71.68,-231,2931,0,0,23.50,0,90,0,89.43,91.13,109,0,97,0,0,109,109,98,97,0,109,0,0,98,0,109,0,0,98,105
192387,73.58,-235,2939,0,0,26.04,0,90,0,89.43,91.13,109,0,97,0,0,109,109,98,97,0,109,0,0,98,0,109,0,0,98,105
192436,74.30,-231,2960,0,0,26.04,0,90,0,89.43,91.13,109,0,97,0,0,109,109,98,97,0,109,0,0,98,0,109,0,0,98,105
192485,74.58,-218,3059,0,0,26.04,0,90,0,89.43,91.13,109,0,97,0,0,109,109,98,97,0,109,0,0,98,0,109,0,0,98,105
192534,74.38,-188,3611,0,1,26.04,0,90,0,89.43,91.13,109,0,97,0,0,109,109,98,97,0,109,0,0,98,0,109,0,0,98,105
192583,73.95,-122,4053,0,0,26.04,0,90,0,89.43,91.13,109,0,97,0,0,109,109,98,97,0,109,0,0,98,0,109,0,0,98,105
192632,73.34,-21,3705,0,0,26.04,0,90,0,89.43,91.13,109,0,97,0,0,109,109,98,97,0,109,0,0,98,0,109,0,0,98,105
192681,73.12,82,3223,0,0,26.04,0,90,0,89.43,91.13,109,0,97,0,0,109,109,98,97,0,109,0,0,98,0,109,0,0,98,105
192730,72.87,156,3056,0,0,26.04,0,90,0,89.43,91.13,109,0,97,0,0,109,109,98,97,0,109,0,0,98,0,109,0,0,98,105
192779,72.66,191,3047,0,0,26.04,0,90,0,89.43,91.13,109,0,97,0,0,109,109,98,97,0,109,0,0,98,0,109,0,0,98,105
192828,72.22,196,3120,0,0,26.04,0,90,0,89.43,91.13,109,0,97,0,0,109,109,98,97,0,109,0,0,98,0,109,0,0,98,105
192877,72.00,184,3196,0,0,26.04,0,90,0,89.43,91.13,109,0,97,0,0,109,109,98,97,0,109,0,0,98,0,109,0,0,98,105
192926,71.57,163,3122,0,0,26.04,0,90,0,89.43,91.13,109,0,97,0,0,109,109,98,97,0,109,0,0,98,0,109,0,0,98,105
192975,71.34,136,3007,0,0,26.04,0,90,0,89.43,91.13,109,0,97,0,0,109,109,98,97,0,109,0,0,98,0,109,0,0,98,105
193024,70.94,100,2918,0,0,26.04,0,90,0,89.43,91.13,109,0,97,0,0,109,109,98,97,0,109,0,0,98,0,109,0,0,98,105
193073,70.71,55,2887,0,0,26.04,0,90,0,89.43,91.13,109,0,97,0,0,109,109,98,97,0,109,0,0,98,0,109,0,0,98,105
193122,70.32,6,2898,0,0,26.04,0,90,0,89.43,91.13,109,0,97,0,0,109,109,98,97,0,109,0,0,98,0,109,0,0,98,105
193171,70.18,-40,2955,0,0,26.04,0,90,0,89.43,91.13,109,0,97,0,0,109,109,98,97,0,109,0,0,98,0,109,0,0,98,105
193220,69.85,-80,2929,0,0,26.04,0,90,0,89.43,91.13,109,0,97,0,0,109,109,98,97,0,109,0,0,98,0,109,0,0,98,105
193269,69.64,-113,2891,0,0,26.04,0,90,0,89.43,91.13,109,0,97,0,0,109,109,98,97,0,109,0,0,98,0,109,0,0,98,105
193318,69.39,-141,2864,0,0,26.04,0,90,0,89.43,91.13,109,0,97,0,0,109,109,98,97,0,109,0,0,98,0,109,0,0,98,105
193367,70.15,-162,2914,0,0,26.04,0,90,0,89.43,91.13,109,0,97,0,0,109,109,98,97,0,109,0,0,98,0,109,0,0,98,105
193416,71.59,-177,2911,0,0,21.99,0,90,0,89.43,91.13,109,0,97,0,0,109,109,98,97,0,109,0,0,98,0,109,0,0,98,105
193465,71.93,-183,2992,0,0,21.99,0,90,0,89.43,91.13,109,0,97,0,0,109,109,98,97,0,109,0,0,98,0,109,0,0,98,105
193514,71.96,-176,3285,0,0,21.99,0,90,0,89.43,91.13,109,0,97,0,0,109,109,98,97,0,109,0,0,98,0,109,0,0,98,105
193563,71.84,-139,3830,0,1,21.99,0,90,0,89.43,91.13,109,0,97,0,0,109,109,98,97,0,109,0,0,98,0,109,0,0,98,105
193612,71.28,-65,3867,1,0,21.99,0,90,0,89.43,91.13,109,0,97,0,0,109,109,98,97,0,109,0,0,98,0,109,0,0,98,105
193661,71.03,29,3342,1,0,21.99,0,90,0,89.43,91.13,109,0,97,0,0,109,109,98,97,0,109,0,0,98,0,109,0,0,98,105
193710,70.85,108,3061,1,0,21.99,0,90,0,89.43,91.13,109,0,97,0,0,109,109,98,97,0,109,0,0,98,0,109,0,0,98,105
193759,70.55,154,3024,1,0,21.99,0,90,0,89.43,91.13,109,0,97,0,0,109,109,98,97,0,109,0,0,98,0,109,0,0,98,105
193808,70.22,168,3086,0,0,21.99,0,90,0,89.43,91.13,109,0,97,0,0,109,109,98,97,0,109,0,0,98,0,109,0,0,98,105
193857,69.82,163,3131,0,0,21.99,0,90,0,89.43,91.13,109,0,97,0,0,109,109,98,97,0,109,0,0,98,0,109,0,0,98,105
193906,69.46,148,3119,0,0,21.99,0,90,0,89.43,91.13,109,0,97,0,0,109,109,98,97,0,109,0,0,98,0,109,0,0,98,105
193955,69.09,126,3045,0,0,21.99,0,90,0,89.43,91.13,109,0,97,0,0,109,109,98,97,0,109,0,0,98,0,109,0,0,98,105
194004,68.78,97,2933,0,0,21.99,0,90,0,89.43,91.13,109,0,97,0,0,109,109,98,97,0,109,0,0,98,0,109,0,0,98,105
194053,68.52,60,2889,0,0,21.99,0,90,0,89.43,91.13,109,0,97,0,0,109,109,98,97,0,109,0,0,98,0,109,0,0,98,105
194102,68.27,20,3019,0,0,21.99,0,90,0,89.43,91.13,109,0,97,0,0,109,109,98,97,0,109,0,0,98,0,109,0,0,98,105
194151,68.00,-13,3169,0,0,21.99,0,90,0,89.43,91.13,109,0,97,0,0,109,109,98,97,0,109,0,0,98,0,109,0,0,98,105
194200,67.75,-35,3098,0,0,21.99,0,90,0,89.43,91.13,109,0,97,0,0,109,109,98,97,0,109,0,0,98,0,109,0,0,98,105
194249,67.51,-47,2992,0,0,21.99,0,90,0,89.43,91.13,109,0,97,0,0,109,109,98,97,0,109,0,0,98,0,109,0,0,98,105
194298,67.31,-59,2929,0,0,21.99,0,90,0,89.43,91.13,109,0,97,0,0,109,109,98,97,0,109,0,0,98,0,109,0,0,98,105
194347,67.08,-72,2928,0,0,21.99,0,90,0,89.43,91.13,109,0,97,0,0,109,109,98,97,0,109,0,0,98,0,109,0,0,98,105
194396,66.82,-86,2960,0,0,21.99,0,90,0,89.43,91.13,109,0,97,0,0,109,109,98,97,0,109,0,0,98,0,109,0,0,98,105
194445,66.79,-97,3002,0,0,21.99,0,90,0,89.43,91.13,109,0,97,0,0,109,109,98,97,0,109,0,0,98,0,109,0,0,98,105
194494,68.46,-102,3049,0,0,18.68,0,90,0,89.43,91.13,109,0,97,0,0,109,109,98,97,0,109,0,0,98,0,109,0,0,98,105
194543,69.07,-102,2950,0,0,18.68,0,90,0,89.43,91.13,109,0,97,0,0,109,109,98,97,0,109,0,0,98,0,109,0,0,98,105
194592,69.28,-98,3117,0,0,18.68,0,90,0,89.43,91.13,109,0,97,0,0,109,109,98,97,0,109,0,0,98,0,109,0,0,98,105
194641,69.33,-78,3725,0,0,18.68,0,90,0,89.43,91.13,109,0,97,0,0,109,109,98,97,0,109,0,0,98,0,109,0,0,98,105
194690,69.05,-21,4095,0,1,18.68,0,90,0,89.43,91.13,109,0,97,0,0,109,109,98,97,0,109,0,0,98,0,109,0,0,98,105
194739,68.58,75,4070,0,0,18.68,0,90,0,89.43,91.13,109,0,97,0,0,109,109,98,97,0,109,0,0,98,0,109,0,0,98,105
194788,68.48,186,3475,0,0,18.68,0,90,0,89.43,91.13,109,0,97,0,0,109,109,98,97,0,109,0,0,98,0,109,0,0,98,105
194837,68.20,275,3396,0,0,18.68,0,90,0,89.43,91.13,109,68,97,0,0,109,109,98,97,0,109,68,68,98,0,109,68,0,98,105
194886,67.95,327,3250,0,0,18.68,0,90,0,89.43,91.13,109,68,97,0,0,109,109,98,97,0,109,68,68,98,0,109,68,68,98,105
194935,67.54,345,3241,0,0,18.68,0,90,0,89.43,91.13,109,68,97,0,0,109,109,98,97,0,109,68,68,98,0,109,68,68,98,105
194984,67.12,338,3402,0,0,18.68,0,90,0,89.43,91.13,109,68,97,0,0,109,109,98,97,0,109,68,68,98,0,109,68,68,98,105
195033,66.85,318,3294,0,0,18.68,0,90,0,89.43,91.13,109,68,97,0,0,109,109,98,97,0,109,68,68,98,0,109,68,68,98,105
195082,66.57,285,3119,0,0,18.68,0,90,0,89.43,91.13,109,68,97,0,0,109,109,98,97,0,109,68,68,98,0,109,68,68,98,105
195131,66.31,237,2960,0,0,18.68,0,90,0,89.43,91.13,109,68,97,0,0,109,109,98,97,0,109,68,68,98,0,109,68,68,98,105
195180,66.02,173,2928,0,0,18.68,0,90,0,89.43,91.13,109,68,97,0,0,109,109,98,97,0,109,68,68,98,0,109,68,68,98,105
195229,65.82,101,3036,0,0,18.68,0,90,0,89.43,91.13,109,68,97,0,0,109,109,98,97,0,109,68,68,98,0,109,68,68,98,105
195278,65.57,33,3043,0,0,18.68,0,90,0,89.43,91.13,109,68,97,0,0,109,109,98,97,0,109,68,68,98,0,109,68,68,98,105
195327,65.35,-26,2991,0,0,18.68,0,90,0,89.43,91.13,109,68,97,0,0,109,109,98,97,0,109,68,68,98,0,109,68,68,98,105
195376,64.98,-76,3069,0,0,18.68,0,90,0,89.43,91.13,109,68,97,0,0,109,109,98,97,0,109,68,68,98,0,109,68,68,98,105
195425,64.85,-115,2970,0,0,18.68,0,90,0,89.43,91.13,109,68,97,0,0,109,109,98,97,0,109,68,68,98,0,109,68,68,98,105
195474,64.70,-147,2910,0,0,18.68,0,90,0,89.43,91.13,109,68,97,0,0,109,109,98,97,0,109,68,68,98,0,109,68,68,98,105
195523,64.55,-175,2928,0,0,18.68,0,90,0,89.43,91.13,109,68,97,0,0,109,109,98,97,0,109,68,68,98,0,109,68,68,98,105
195572,64.41,-197,2975,0,0,18.68,0,90,0,89.43,91.13,109,68,97,0,0,109,109,98,97,0,109,68,68,98,0,109,68,68,98,105
195621,65.49,-210,2993,0,0,18.68,0,90,0,89.43,91.13,109,68,97,0,0,109,109,98,97,0,109,68,68,98,0,109,68,68,98,105
195670,66.35,-216,2946,0,0,20.93,0,90,0,89.43,91.13,109,68,97,0,0,109,109,98,97,0,109,68,68,98,0,109,68,68,98,105
195719,66.64,-215,3062,0,0,20.93,0,90,0,89.43,91.13,109,68,97,0,0,109,109,98,97,0,109,68,68,98,0,109,68,68,98,105
195768,66.61,-197,3662,0,1,20.93,0,90,0,89.43,91.13,109,68,97,0,0,109,109,98,97,0,109,68,68,98,0,109,68,68,98,105
195817,66.52,-140,4095,0,0,20.93,0,90,0,89.43,91.13,109,68,97,0,0,109,109,98,97,0,109,68,68,98,0,109,68,68,98,105
195866,66.22,-40,4095,0,0,20.93,0,90,0,89.43,91.13,109,68,97,0,0,109,109,98,97,0,109,68,68,98,0,109,68,68,98,105
195915,65.92,78,3515,0,0,20.93,0,90,0,89.43,91.13,109,68,97,0,0,109,109,98,97,0,109,68,68,98,0,109,68,68,98,105
195964,65.75,173,3183,0,0,20.93,0,90,0,89.43,91.13,109,68,97,0,0,109,109,98,97,0,109,68,68,98,0,109,68,68,98,105
196013,65.61,226,3117,0,0,20.93,0,90,0,89.43,91.13,109,68,97,0,0,109,109,98,97,0,109,68,68,98,0,109,68,68,98,105
196062,65.32,237,3104,0,0,20.93,0,90,0,89.43,91.13,109,68,97,0,0,109,109,98,97,0,109,68,68,98,0,109,68,68,98,105
196111,65.04,220,3088,0,0,20.93,0,90,0,89.43,91.13,109,68,97,0,0,109,109,98,97,0,109,68,68,98,0,109,68,68,98,105
196160,64.80,183,3071,0,0,20.93,0,90,0,89.43,91.13,109,68,97,0,0,109,109,98,97,0,109,68,68,98,0,109,68,68,98,105
196209,64.60,135,3093,0,0,20.93,0,90,0,89.43,91.13,109,68,97,0,0,109,109,98,97,0,109,68,68,98,0,109,68,68,98,105
196258,64.30,83,2976,0,0,20.93,0,90,0,89.43,91.13,109,68,97,0,0,109,109,98,97,0,109,68,68,98,0,109,68,68,98,105
196307,64.17,26,2902,0,0,20.93,0,90,0,89.43,91.13,109,68,97,0,0,109,109,98,97,0,109,68,68,98,0,109,68,68,98,105
196356,63.84,-31,2950,0,0,20.93,0,90,0,89.43,91.13,109,68,97,0,0,109,109,98,97,0,109,68,68,98,0,109,68,68,98,105
196405,63.63,-86,2910,0,0,20.93,0,90,0,89.43,91.13,109,68,97,0,0,109,109,98,97,0,109,68,68,98,0,109,68,68,98,105
196454,63.33,-135,2893,0,0,20.93,0,90,0,89.43,91.13,109,68,97,0,0,109,109,98,97,0,109,68,68,98,0,109,68,68,98,105
196503,63.10,-176,2928,0,0,20.93,0,90,0,89.43,91.13,109,68,97,0,0,109,109,98,97,0,109,68,68,98,0,109,68,68,98,105
196552,62.89,-209,2870,0,0,20.93,0,90,0,89.43,91.13,109,68,97,0,0,109,109,98,97,0,109,68,68,98,0,109,68,68,98,105
196601,62.73,-234,2921,0,0,20.93,0,90,0,89.43,91.13,109,68,97,0,0,109,109,98,97,0,109,68,68,98,0,109,68,68,98,105
196650,63.16,-249,2939,0,0,20.93,0,90,0,89.43,91.13,109,68,97,0,0,109,109,98,97,0,109,68,68,98,0,109,68,68,98,105
196699,64.14,-256,2909,0,0,18.00,0,90,0,89.43,91.13,109,68,97,0,0,109,109,98,97,0,109,68,68,98,0,109,68,68,98,105
196748,64.49,-255,2993,0,0,18.00,0,90,0,89.43,91.13,109,68,97,0,0,109,109,98,97,0,109,68,68,98,0,109,68,68,98,105
196797,64.47,-239,3381,0,1,18.00,0,90,0,89.43,91.13,109,68,97,0,0,109,109,98,97,0,109,68,68,98,0,109,68,68,98,105
196846,64.32,-192,3935,0,0,18.00,0,90,0,89.43,91.13,109,68,97,0,0,109,109,98,97,0,109,68,68,98,0,109,68,68,98,105
196895,64.08,-107,3794,0,0,18.00,0,90,0,89.43,91.13,109,68,97,0,0,109,109,98,97,0,109,68,68,98,0,109,68,68,98,105
196944,63.84,-4,3440,0,0,18.00,0,90,0,89.43,91.13,109,68,97,0,0,109,109,98,97,0,109,68,68,98,0,109,68,68,98,105
196993,63.71,81,3135,0,0,18.00,0,90,0,89.43,91.13,109,68,97,0,0,109,109,98,97,0,109,68,68,98,0,109,68,68,98,105
197042,63.46,136,3151,0,0,18.00,0,90,0,89.43,91.13,109,68,97,0,0,109,109,98,97,0,109,68,68,98,0,109,68,68,98,105
197091,63.22,160,3126,0,0,18.00,0,90,0,89.43,91.13,109,68,97,0,0,109,109,98,97,0,109,68,68,98,0,109,68,68,98,105
197140,62.91,161,3117,0,0,18.00,0,90,0,89.43,91.13,109,68,97,0,0,109,109,98,97,0,109,68,68,98,0,109,68,68,98,105
197189,62.63,146,3026,0,0,18.00,0,90,0,89.43,91.13,109,68,97,0,0,109,109,98,97,0,109,68,68,98,0,109,68,68,98,105
197238,62.37,115,2891,0,0,18.00,0,90,0,89.43,91.13,109,68,97,0,0,109,109,98,97,0,109,68,68,98,0,109,68,68,98,105
197287,62.19,68,2758,0,0,18.00,0,90,0,89.43,91.13,109,68,97,0,0,109,109,98,97,0,109,68,68,98,0,109,68,68,98,105
197336,61.98,13,3031,0,0,18.00,0,90,0,89.43,91.13,109,68,97,0,0,109,109,98,97,0,109,68,68,98,0,109,68,68,98,105
197385,61.80,-35,3084,0,0,18.00,0,90,0,89.43,91.13,109,68,97,0,0,109,109,98,97,0,109,68,68,98,0,109,68,68,98,105
197434,61.41,-71,3061,0,0,18.00,0,90,0,89.43,91.13,109,68,97,0,0,109,109,98,97,0,109,68,68,98,0,109,68,68,98,105
197483,61.19,-98,2783,0,0,18.00,0,90,0,89.43,91.13,109,68,97,0,0,109,109,98,97,0,109,68,68,98,0,109,68,68,98,105
197532,61.05,-132,2482,0,0,18.00,0,90,0,89.43,91.13,109,68,97,0,0,109,109,98,97,0,109,68,68,98,0,109,68,68,98,105
197581,60.82,-180,2603,0,0,18.00,0,90,0,89.43,91.13,109,68,97,0,0,109,109,98,97,0,109,68,68,98,0,109,68,68,98,105
197630,60.65,-227,2942,0,0,18.00,0,90,0,89.43,91.13,109,68,97,0,0,109,109,98,97,0,109,68,68,98,0,109,68,68,98,105
197679,60.43,-252,3136,0,0,18.00,0,90,0,89.43,91.13,109,68,97,0,0,109,109,98,97,0,109,68,68,98,0,109,68,68,98,105
197728,60.46,-249,3216,0,0,18.00,0,90,0,89.43,91.13,109,68,97,0,0,109,109,98,97,0,109,68,68,98,0,109,68,68,98,105
197777,61.78,-223,3017,0,0,18.00,0,90,0,89.43,91.13,109,68,97,0,0,109,109,98,97,0,109,68,68,98,0,109,68,68,98,105
197826,62.20,-193,2822,0,0,13.91,0,90,0,89.43,91.13,109,68,97,0,0,109,109,98,97,0,109,68,68,98,0,109,68,68,98,105
197875,62.37,-171,2814,0,0,13.91,0,90,0,89.43,91.13,109,68,97,0,0,109,109,98,97,0,109,68,68,98,0,109,68,68,98,105
197924,62.32,-151,3328,0,1,13.91,0,90,0,89.43,91.13,109,68,97,0,0,109,109,98,97,0,109,68,68,98,0,109,68,68,98,105
197973,62.18,-106,3905,0,0,13.91,0,90,0,89.43,91.13,109,68,97,0,0,109,109,98,97,0,109,68,68,98,0,109,68,68,98,105
198022,61.83,-29,3487,0,0,13.91,0,90,0,89.43,91.13,109,68,97,0,0,109,109,98,97,0,109,68,68,98,0,109,68,68,98,105
198071,61.73,51,3129,0,0,13.91,0,90,0,89.43,91.13,109,68,97,0,0,109,109,98,97,0,109,68,68,98,0,109,68,68,98,105
198120,61.57,111,3122,0,0,13.91,0,90,0,89.43,91.13,109,68,97,0,0,109,109,98,97,0,109,68,68,98,0,109,68,68,98,105
198169,61.30,148,3309,0,0,13.91,0,90,0,89.43,91.13,109,68,97,0,0,109,109,98,97,0,109,68,68,98,0,109,68,68,98,105
198218,60.99,175,3311,0,0,13.91,0,90,0,89.43,91.13,109,68,97,0,0,109,109,98,97,0,109,68,68,98,0,109,68,68,98,105
198267,60.77,195,3385,0,0,13.91,0,90,0,89.43,91.13,109,68,97,0,0,109,109,98,97,0,109,68,68,98,0,109,68,68,98,105
198316,60.52,213,3410,0,0,13.91,0,90,0,89.43,91.13,109,68,97,0,0,109,109,98,97,0,109,68,68,98,0,109,68,68,98,105
198365,60.39,224,3164,0,0,13.91,0,90,0,89.43,91.13,109,68,97,0,0,109,109,98,97,0,109,68,68,98,0,109,68,68,98,105
198414,60.07,221,3065,0,0,13.91,0,90,0,89.43,91.13,109,68,97,0,0,109,109,98,97,0,109,68,68,98,0,109,68,68,98,105
198463,59.98,201,3057,0,0,13.91,0,90,0,89.43,91.13,109,68,97,0,0,109,109,98,97,0,109,68,68,98,0,109,68,68,98,105
198512,59.66,169,3040,0,0,13.91,0,90,0,89.43,91.13,109,68,97,0,0,109,109,98,97,0,109,68,68,98,0,109,68,68,98,105
198561,59.40,129,2969,0,0,13.91,0,90,0,89.43,91.13,109,68,97,0,0,109,109,98,97,0,109,68,68,98,0,109,68,68,98,105
198610,59.11,85,2987,0,0,13.91,0,90,0,89.43,91.13,109,68,97,0,0,109,109,98,97,0,109,68,68,98,0,109,68,68,98,105
198659,58.86,40,2955,0,0,13.91,0,90,0,89.43,91.13,109,68,97,0,0,109,109,98,97,0,109,68,68,98,0,109,68,68,98,105
198708,58.68,-3,2881,0,0,13.91,0,90,0,89.43,91.13,109,68,97,0,0,109,109,98,97,0,109,68,68,98,0,109,68,68,98,105
198757,58.53,-45,2887,0,0,13.91,0,90,0,89.43,91.13,109,68,97,0,0,109,109,98,97,0,109,68,68,98,0,109,68,68,98,105
198806,58.28,-82,2975,0,0,13.91,0,90,0,89.43,91.13,109,68,97,0,0,109,109,98,97,0,109,68,68,98,0,109,68,68,98,105
198855,58.05,-110,2986,0,0,13.91,0,90,0,89.43,91.13,109,68,97,0,0,109,109,98,97,0,109,68,68,98,0,109,68,68,98,105
198904,58.38,-126,3036,0,0,13.91,0,90,0,89.43,91.13,109,68,97,0,0,109,109,98,97,0,109,68,68,98,0,109,68,68,98,105
198953,59.48,-132,3013,0,0,15.14,0,90,0,89.43,91.13,109,68,97,0,0,109,109,98,97,0,109,68,68,98,0,109,68,68,98,105
199002,59.87,-130,3029,0,0,15.14,0,90,0,89.43,91.13,109,68,97,0,0,109,109,98,97,0,109,68,68,98,0,109,68,68,98,105
199051,59.91,-119,3281,0,0,15.14,0,90,0,89.43,91.13,109,68,97,0,0,109,109,98,97,0,109,68,68,98,0,109,68,68,98,105
199100,59.94,-87,3665,0,0,15.14,0,90,0,89.43,91.13,109,68,97,0,0,109,109,98,97,0,109,68,68,98,0,109,68,68,98,105
199149,59.69,-27,3728,0,1,15.14,0,90,0,89.43,91.13,109,68,97,0,0,109,109,98,97,0,109,68,68,98,0,109,68,68,98,105
199198,59.51,51,3612,0,0,15.14,0,90,0,89.43,91.13,109,68,97,0,0,109,109,98,97,0,109,68,68,98,0,109,68,68,98,105
199247,59.40,129,3334,0,0,15.14,0,90,0,89.43,91.13,109,68,97,0,0,109,109,98,97,0,109,68,68,98,0,109,68,68,98,105
199296,59.13,186,3137,0,0,15.14,0,90,0,89.43,91.13,109,68,97,0,0,109,109,98,97,0,109,68,68,98,0,109,68,68,98,105
199345,58.87,213,3102,0,0,15.14,0,90,0,89.43,91.13,109,68,97,0,0,109,109,98,97,0,109,68,68,98,0,109,68,68,98,105
199394,58.61,213,3088,0,0,15.14,0,90,0,89.43,91.13,109,68,97,0,0,109,109,98,97,0,109,68,68,98,0,109,68,68,98,105
199443,58.39,195,3149,0,0,15.14,0,90,0,89.43,91.13,109,68,97,0,0,109,109,98,97,0,109,68,68,98,0,109,68,68,98,105
199492,58.15,169,3141,0,0,15.14,0,90,0,89.43,91.13,109,68,97,0,0,109,109,98,97,0,109,68,68,98,0,109,68,68,98,105
199541,57.92,138,3094,0,0,15.14,0,90,0,89.43,91.13,109,68,97,0,0,109,109,98,97,0,109,68,68,98,0,109,68,68,98,105
199590,57.76,102,2941,0,0,15.14,0,90,0,89.43,91.13,109,68,97,0,0,109,109,98,97,0,109,68,68,98,0,109,68,68,98,105
199639,57.52,59,2903,0,0,15.14,0,90,0,89.43,91.13,109,68,97,0,0,109,109,98,97,0,109,68,68,98,0,109,68,68,98,105
199688,57.25,12,2946,0,0,15.14,0,90,0,89.43,91.13,109,68,97,0,0,109,109,98,97,0,109,68,68,98,0,109,68,68,98,105
199737,57.05,-32,2977,0,0,15.14,0,90,0,89.43,91.13,109,68,97,0,0,109,109,98,97,0,109,68,68,98,0,109,68,68,98,105
199786,56.80,-70,3023,0,0,15.14,0,90,0,89.43,91.13,109,68,97,0,0,109,109,98,97,0,109,68,68,98,0,109,68,68,98,105
199835,56.63,-97,3011,0,0,15.14,0,90,0,89.43,91.13,109,68,97,0,0,109,109,98,97,0,109,68,68,98,0,109,68,68,98,105
199884,56.36,-116,2962,0,0,15.14,0,90,0,89.43,91.13,109,68,97,0,0,109,109,98,97,0,109,68,68,98,0,109,68,68,98,105
199933,56.25,-131,2897,0,0,15.14,0,90,0,89.43,91.13,109,68,97,0,0,109,109,98,97,0,109,68,68,98,0,109,68,68,98,105
199982,56.07,-144,2929,0,0,15.14,0,90,0,89.43,91.13,109,68,97,0,0,109,109,98,97,0,109,68,68,98,0,109,68,68,98,105
200031,57.04,-153,2953,0,0,15.14,0,90,0,89.43,91.13,109,68,97,0,0,109,109,98,97,0,109,68,68,98,0,109,68,68,98,105
200080,57.58,-158,2911,0,0,17.53,0,90,0,89.43,91.13,109,68,97,0,0,109,109,98,97,0,109,68,68,98,0,109,68,68,98,105
200129,57.55,-159,3063,0,1,17.53,0,90,0,89.43,91.13,109,68,97,0,0,109,109,98,97,0,109,68,68,98,0,109,68,68,98,105
200178,57.49,-147,3318,0,0,17.53,0,90,0,89.43,91.13,109,68,97,0,0,109,109,98,97,0,109,68,68,98,0,109,68,68,98,105
200227,57.20,-114,3494,0,0,17.53,0,90,0,89.43,91.13,109,68,97,0,0,109,109,98,97,0,109,68,68,98,0,109,68,68,98,105
200276,56.74,-62,3357,0,0,17.53,0,90,0,89.43,91.13,109,68,97,0,0,109,109,98,97,0,109,68,68,98,0,109,68,68,98,105
200325,56.71,-9,3056,0,0,17.53,0,90,0,89.43,91.13,109,68,97,0,0,109,109,98,97,0,109,68,68,98,0,109,68,68,98,105
200374,56.45,27,3010,0,0,17.53,0,90,0,89.43,91.13,109,68,97,0,0,109,109,98,97,0,109,68,68,98,0,109,68,68,98,105
200423,56.23,46,3051,0,0,17.53,0,90,0,89.43,91.13,109,68,97,0,0,109,109,98,97,0,109,68,68,98,0,109,68,68,98,105
200472,53.07,53,3108,0,0,17.53,0,90,0,89.43,91.13,109,68,97,0,0,109,109,98,97,0,109,68,68,98,0,109,68,68,98,105
200521,42.04,54,3119,0,0,17.53,0,90,0,89.43,91.13,109,68,97,0,0,109,109,98,97,0,109,68,68,98,0,109,68,68,98,105
200570,39.11,48,2828,0,0,17.53,0,90,0,89.43,91.13,109,68,97,0,0,109,109,98,97,0,109,68,68,98,0,109,68,68,98,105
200619,36.45,18,2165,0,0,17.53,0,90,0,89.43,91.13,109,68,97,0,0,109,109,98,97,0,109,68,68,98,0,109,68,68,98,105
200668,32.98,-59,1619,0,0,17.53,0,90,0,89.43,91.13,109,68,97,0,0,109,109,98,97,0,109,68,68,98,0,109,68,68,98,105
200717,16.81,-187,1697,0,0,17.53,0,90,0,89.43,91.13,109,68,97,0,0,109,109,98,97,0,109,68,68,98,0,109,68,68,98,105
200765,9.53,-340,1840,0,0,17.53,0,87,0,84.93,91.13,109,68,97,0,0,109,109,98,97,0,109,68,68,98,0,109,68,68,98,105
