Time,Pressure,PPGSignal,rawPPGSignal,AUS_PULSE_HEARD,BaselineBeat,Osc_Amp,Osc_SBP,MAP,Osc_DBP,Est_DBP,EnsembleSystolic,BL_W20_T2.0_D5,BL_W20_T2.0_D10,BL_W20_T2.5_D5,BL_W20_T2.5_D10,BL_W20_T3.0_D5,BL_W20_T3.0_D10,BL_W20_T3.5_D5,BL_W20_T3.5_D10,BL_W30_T2.0_D5,BL_W30_T2.0_D10,BL_W30_T2.5_D5,BL_W30_T2.5_D10,BL_W30_T3.0_D5,BL_W30_T3.0_D10,BL_W30_T3.5_D5,BL_W30_T3.5_D10,BL_W40_T2.0_D5,BL_W40_T2.0_D10,BL_W40_T2.5_D5,BL_W40_T2.5_D10,BL_W40_T3.0_D5,BL_W40_T3.0_D10,BL_W40_T3.5_D5,BL_W40_T3.5_D10,BL_W50_T2.0_D5,BL_W50_T2.0_D10,BL_W50_T2.5_D5,BL_W50_T2.5_D10,BL_W50_T3.0_D5,BL_W50_T3.0_D10,BL_W50_T3.5_D5,BL_W50_T3.5_D10,Env_W15,Env_W20,Env_W25,Env_W30,Env_W35,Env_W40,Env_W45,Env_W50
14828,-0.17,156,2421,0,0,0.00,98,139,74,149.19,118.61,0,0,0,0,0,0,0,0,0,0,0,0,0,0,0,0,0,0,0,0,0,0,0,0,0,0,0,0,0,0,0,0,0,0,0,0,0,0,0,0
14863,-0.24,741,4095,0,0,0.00,98,139,74,149.19,118.61,0,0,0,0,0,0,0,0,0,0,0,0,0,0,0,0,0,0,0,0,0,0,0,0,0,0,0,0,0,0,0,0,0,0,0,0,0,0,0,0
14899,-0.19,1667,4095,0,0,0.00,98,139,74,149.19,118.61,0,0,0,0,0,0,0,0,0,0,0,0,0,0,0,0,0,0,0,0,0,0,0,0,0,0,0,0,0,0,0,0,0,0,0,0,0,0,0,0
14935,-0.11,2510,4095,0,0,0.00,98,139,74,149.19,118.61,0,0,0,0,0,0,0,0,0,0,0,0,0,0,0,0,0,0,0,0,0,0,0,0,0,0,0,0,0,0,0,0,0,0,0,0,0,0,0,0
14971,-0.15,3005,4095,0,0,0.00,98,139,74,149.19,118.61,0,0,0,0,0,0,0,0,0,0,0,0,0,0,0,0,0,0,0,0,0,0,0,0,0,0,0,0,0,0,0,0,0,0,0,0,0,0,0,0
15007,-0.18,3140,4095,0,0,0.00,98,139,74,149.19,118.61,0,0,0,0,0,0,0,0,0,0,0,0,0,0,0,0,0,0,0,0,0,0,0,0,0,0,0,0,0,0,0,0,0,0,0,0,0,0,0,0
15043,-0.13,2916,2623,0,0,0.00,98,139,74,149.19,118.61,0,0,0,0,0,0,0,0,0,0,0,0,0,0,0,0,0,0,0,0,0,0,0,0,0,0,0,0,0,0,0,0,0,0,0,0,0,0,0,0
15079,-0.23,2221,640,0,0,0.00,98,139,74,149.19,118.61,0,0,0,0,0,0,0,0,0,0,0,0,0,0,0,0,0,0,0,0,0,0,0,0,0,0,0,0,0,0,0,0,0,0,0,0,0,0,0,0
15115,-0.16,1128,547,0,0,0.00,98,139,74,149.19,118.61,0,0,0,0,0,0,0,0,0,0,0,0,0,0,0,0,0,0,0,0,0,0,0,0,0,0,0,0,0,0,0,0,0,0,0,0,0,0,0,0
15151,-0.17,90,1531,0,0,0.00,98,139,74,149.19,118.61,0,0,0,0,0,0,0,0,0,0,0,0,0,0,0,0,0,0,0,0,0,0,0,0,0,0,0,0,0,0,0,0,0,0,0,0,0,0,0,0
15187,-0.16,-446,2624,0,0,0.00,98,139,74,149.19,118.61,0,0,0,0,0,0,0,0,0,0,0,0,0,0,0,0,0,0,0,0,0,0,0,0,0,0,0,0,0,0,0,0,0,0,0,0,0,0,0,0
15223,-0.14,-399,3191,0,0,0.00,98,139,74,149.19,118.61,0,0,0,0,0,0,0,0,0,0,0,0,0,0,0,0,0,0,0,0,0,0,0,0,0,0,0,0,0,0,0,0,0,0,0,0,0,0,0,0
15259,-0.17,-18,3042,0,0,0.00,98,139,74,149.19,118.61,0,0,0,0,0,0,0,0,0,0,0,0,0,0,0,0,0,0,0,0,0,0,0,0,0,0,0,0,0,0,0,0,0,0,0,0,0,0,0,0
15295,-0.20,346,2605,0,0,0.00,98,139,74,149.19,118.61,0,0,0,0,0,0,0,0,0,0,0,0,0,0,0,0,0,0,0,0,0,0,0,0,0,0,0,0,0,0,0,0,0,0,0,0,0,0,0,0
15331,-0.06,480,2226,0,0,0.00,98,139,74,149.19,118.61,0,0,0,0,0,0,0,0,0,0,0,0,0,0,0,0,0,0,0,0,0,0,0,0,0,0,0,0,0,0,0,0,0,0,0,0,0,0,0,0
15367,-0.20,371,2064,0,0,0.00,98,139,74,149.19,118.61,0,0,0,0,0,0,0,0,0,0,0,0,0,0,0,0,0,0,0,0,0,0,0,0,0,0,0,0,0,0,0,0,0,0,0,0,0,0,0,0
15403,-0.14,123,1983,0,0,0.00,98,139,74,149.19,118.61,0,0,0,0,0,0,0,0,0,0,0,0,0,0,0,0,0,0,0,0,0,0,0,0,0,0,0,0,0,0,0,0,0,0,0,0,0,0,0,0
15439,-0.20,-148,1907,0,0,0.00,98,139,74,149.19,118.61,0,0,0,0,0,0,0,0,0,0,0,0,0,0,0,0,0,0,0,0,0,0,0,0,0,0,0,0,0,0,0,0,0,0,0,0,0,0,0,0
15475,-0.22,-377,1927,0,0,0.00,98,139,74,149.19,118.61,0,0,0,0,0,0,0,0,0,0,0,0,0,0,0,0,0,0,0,0,0,0,0,0,0,0,0,0,0,0,0,0,0,0,0,0,0,0,0,0
15511,-0.15,-531,1951,0,0,0.00,98,139,74,149.19,118.61,0,0,0,0,0,0,0,0,0,0,0,0,0,0,0,0,0,0,0,0,0,0,0,0,0,0,0,0,0,0,0,0,0,0,0,0,0,0,0,0
15547,-0.11,-589,2293,0,0,0.00,98,139,74,149.19,118.61,0,0,0,0,0,0,0,0,0,0,0,0,0,0,0,0,0,0,0,0,0,0,0,0,0,0,0,0,0,0,0,0,0,0,0,0,0,0,0,0
15583,-0.16,-433,4095,0,0,0.00,98,139,74,149.19,118.61,0,0,0,0,0,0,0,0,0,0,0,0,0,0,0,0,0,0,0,0,0,0,0,0,0,0,0,0,0,0,0,0,0,0,0,0,0,0,0,0
15619,-0.20,4,4095,0,0,0.00,98,139,74,149.19,118.61,0,0,0,0,0,0,0,0,0,0,0,0,0,0,0,0,0,0,0,0,0,0,0,0,0,0,0,0,0,0,0,0,0,0,0,0,0,0,0,0
15655,-0.19,518,4095,0,0,0.00,98,139,74,149.19,118.61,0,0,0,0,0,0,0,0,0,0,0,0,0,0,0,0,0,0,0,0,0,0,0,0,0,0,0,0,0,0,0,0,0,0,0,0,0,0,0,0
15691,-0.12,878,4095,0,0,0.00,98,139,74,149.19,118.61,0,0,0,0,0,0,0,0,0,0,0,0,0,0,0,0,0,0,0,0,0,0,0,0,0,0,0,0,0,0,0,0,0,0,0,0,0,0,0,0
15727,-0.13,1034,4095,0,0,0.00,98,139,74,149.19,118.61,0,0,0,0,0,0,0,0,0,0,0,0,0,0,0,0,0,0,0,0,0,0,0,0,0,0,0,0,0,0,0,0,0,0,0,0,0,0,0,0
15763,-0.20,882,1926,0,0,0.00,98,139,74,149.19,118.61,0,0,0,0,0,0,0,0,0,0,0,0,0,0,0,0,0,0,0,0,0,0,0,0,0,0,0,0,0,0,0,0,0,0,0,0,0,0,0,0
15799,-0.13,255,630,0,0,0.00,98,139,74,149.19,118.61,0,0,0,0,0,0,0,0,0,0,0,0,0,0,0,0,0,0,0,0,0,0,0,0,0,0,0,0,0,0,0,0,0,0,0,0,0,0,0,0
15835,-0.14,-675,967,0,0,0.00,98,139,74,149.19,118.61,0,0,0,0,0,0,0,0,0,0,0,0,0,0,0,0,0,0,0,0,0,0,0,0,0,0,0,0,0,0,0,0,0,0,0,0,0,0,0,0
15871,-0.16,-1412,2106,0,0,0.00,98,139,74,149.19,118.61,0,0,0,0,0,0,0,0,0,0,0,0,0,0,0,0,0,0,0,0,0,0,0,0,0,0,0,0,0,0,0,0,0,0,0,0,0,0,0,0
15907,-0.14,-1605,3139,0,0,0.00,98,139,74,149.19,118.61,0,0,0,0,0,0,0,0,0,0,0,0,0,0,0,0,0,0,0,0,0,0,0,0,0,0,0,0,0,0,0,0,0,0,0,0,0,0,0,0
15943,-0.14,-1283,3485,0,0,0.00,98,139,74,149.19,118.61,0,0,0,0,0,0,0,0,0,0,0,0,0,0,0,0,0,0,0,0,0,0,0,0,0,0,0,0,0,0,0,0,0,0,0,0,0,0,0,0
15979,-0.26,-764,3031,0,0,0.00,98,139,74,149.19,118.61,0,0,0,0,0,0,0,0,0,0,0,0,0,0,0,0,0,0,0,0,0,0,0,0,0,0,0,0,0,0,0,0,0,0,0,0,0,0,0,0
16015,-0.19,-392,2508,0,0,0.00,98,139,74,149.19,118.61,0,0,0,0,0,0,0,0,0,0,0,0,0,0,0,0,0,0,0,0,0,0,0,0,0,0,0,0,0,0,0,0,0,0,0,0,0,0,0,0
16051,-0.14,-310,2140,0,0,0.00,98,139,74,149.19,118.61,0,0,0,0,0,0,0,0,0,0,0,0,0,0,0,0,0,0,0,0,0,0,0,0,0,0,0,0,0,0,0,0,0,0,0,0,0,0,0,0
16087,-0.13,-461,1968,0,0,0.00,98,139,74,149.19,118.61,0,0,0,0,0,0,0,0,0,0,0,0,0,0,0,0,0,0,0,0,0,0,0,0,0,0,0,0,0,0,0,0,0,0,0,0,0,0,0,0
16123,-0.19,-703,1952,0,0,0.00,98,139,74,149.19,118.61,0,0,0,0,0,0,0,0,0,0,0,0,0,0,0,0,0,0,0,0,0,0,0,0,0,0,0,0,0,0,0,0,0,0,0,0,0,0,0,0
16159,-0.18,-917,1936,0,0,0.00,98,139,74,149.19,118.61,0,0,0,0,0,0,0,0,0,0,0,0,0,0,0,0,0,0,0,0,0,0,0,0,0,0,0,0,0,0,0,0,0,0,0,0,0,0,0,0
16195,-0.16,-1045,2001,0,0,0.00,98,139,74,149.19,118.61,0,0,0,0,0,0,0,0,0,0,0,0,0,0,0,0,0,0,0,0,0,0,0,0,0,0,0,0,0,0,0,0,0,0,0,0,0,0,0,0
16231,-0.16,-1045,2519,0,0,0.00,98,139,74,149.19,118.61,0,0,0,0,0,0,0,0,0,0,0,0,0,0,0,0,0,0,0,0,0,0,0,0,0,0,0,0,0,0,0,0,0,0,0,0,0,0,0,0
16267,-0.08,-809,4095,0,0,0.00,98,139,74,149.19,118.61,0,0,0,0,0,0,0,0,0,0,0,0,0,0,0,0,0,0,0,0,0,0,0,0,0,0,0,0,0,0,0,0,0,0,0,0,0,0,0,0
16303,-0.12,-306,4095,0,0,0.00,98,139,74,149.19,118.61,0,0,0,0,0,0,0,0,0,0,0,0,0,0,0,0,0,0,0,0,0,0,0,0,0,0,0,0,0,0,0,0,0,0,0,0,0,0,0,0
16339,-0.14,248,4095,0,0,0.00,98,139,74,149.19,118.61,0,0,0,0,0,0,0,0,0,0,0,0,0,0,0,0,0,0,0,0,0,0,0,0,0,0,0,0,0,0,0,0,0,0,0,0,0,0,0,0
16375,-0.19,643,4095,0,0,0.00,98,139,74,149.19,118.61,0,0,0,0,0,0,0,0,0,0,0,0,0,0,0,0,0,0,0,0,0,0,0,0,0,0,0,0,0,0,0,0,0,0,0,0,0,0,0,0
16411,-0.19,835,4095,0,0,0.00,98,139,74,149.19,118.61,0,0,0,0,0,0,0,0,0,0,0,0,0,0,0,0,0,0,0,0,0,0,0,0,0,0,0,0,0,0,0,0,0,0,0,0,0,0,0,0
16447,-0.09,768,2613,0,0,0.00,98,139,74,149.19,118.61,0,0,0,0,0,0,0,0,0,0,0,0,0,0,0,0,0,0,0,0,0,0,0,0,0,0,0,0,0,0,0,0,0,0,0,0,0,0,0,0
16483,-0.10,282,740,0,0,0.00,98,139,74,149.19,118.61,0,0,0,0,0,0,0,0,0,0,0,0,0,0,0,0,0,0,0,0,0,0,0,0,0,0,0,0,0,0,0,0,0,0,0,0,0,0,0,0
16519,-0.14,-576,677,0,0,0.00,98,139,74,149.19,118.61,0,0,0,0,0,0,0,0,0,0,0,0,0,0,0,0,0,0,0,0,0,0,0,0,0,0,0,0,0,0,0,0,0,0,0,0,0,0,0,0
16555,-0.15,-1378,1704,0,0,0.00,98,139,74,149.19,118.61,0,0,0,0,0,0,0,0,0,0,0,0,0,0,0,0,0,0,0,0,0,0,0,0,0,0,0,0,0,0,0,0,0,0,0,0,0,0,0,0
16591,-0.15,-1699,2739,0,0,0.00,98,139,74,149.19,118.61,0,0,0,0,0,0,0,0,0,0,0,0,0,0,0,0,0,0,0,0,0,0,0,0,0,0,0,0,0,0,0,0,0,0,0,0,0,0,0,0
16627,-0.19,-1480,3203,0,0,0.00,98,139,74,149.19,118.61,0,0,0,0,0,0,0,0,0,0,0,0,0,0,0,0,0,0,0,0,0,0,0,0,0,0,0,0,0,0,0,0,0,0,0,0,0,0,0,0
16663,-0.17,-979,2980,0,0,0.00,98,139,74,149.19,118.61,0,0,0,0,0,0,0,0,0,0,0,0,0,0,0,0,0,0,0,0,0,0,0,0,0,0,0,0,0,0,0,0,0,0,0,0,0,0,0,0
16699,-0.11,-532,2493,0,0,0.00,98,139,74,149.19,118.61,0,0,0,0,0,0,0,0,0,0,0,0,0,0,0,0,0,0,0,0,0,0,0,0,0,0,0,0,0,0,0,0,0,0,0,0,0,0,0,0
16735,-0.25,-327,2201,0,0,0.00,98,139,74,149.19,118.61,0,0,0,0,0,0,0,0,0,0,0,0,0,0,0,0,0,0,0,0,0,0,0,0,0,0,0,0,0,0,0,0,0,0,0,0,0,0,0,0
16771,-0.19,-339,2192,0,0,0.00,98,139,74,149.19,118.61,0,0,0,0,0,0,0,0,0,0,0,0,0,0,0,0,0,0,0,0,0,0,0,0,0,0,0,0,0,0,0,0,0,0,0,0,0,0,0,0
16807,-0.16,-440,2276,0,0,0.00,98,139,74,149.19,118.61,0,0,0,0,0,0,0,0,0,0,0,0,0,0,0,0,0,0,0,0,0,0,0,0,0,0,0,0,0,0,0,0,0,0,0,0,0,0,0,0
16843,-0.18,-514,2461,0,0,0.00,98,139,74,149.19,118.61,0,0,0,0,0,0,0,0,0,0,0,0,0,0,0,0,0,0,0,0,0,0,0,0,0,0,0,0,0,0,0,0,0,0,0,0,0,0,0,0
16879,-0.16,-501,2699,0,0,0.00,98,139,74,149.19,118.61,0,0,0,0,0,0,0,0,0,0,0,0,0,0,0,0,0,0,0,0,0,0,0,0,0,0,0,0,0,0,0,0,0,0,0,0,0,0,0,0
16915,-0.15,-328,3901,0,0,0.00,98,139,74,149.19,118.61,0,0,0,0,0,0,0,0,0,0,0,0,0,0,0,0,0,0,0,0,0,0,0,0,0,0,0,0,0,0,0,0,0,0,0,0,0,0,0,0
16951,-0.24,41,4095,0,0,0.00,98,139,74,149.19,118.61,0,0,0,0,0,0,0,0,0,0,0,0,0,0,0,0,0,0,0,0,0,0,0,0,0,0,0,0,0,0,0,0,0,0,0,0,0,0,0,0
16987,-0.06,476,4095,0,0,0.00,98,139,74,149.19,118.61,0,0,0,0,0,0,0,0,0,0,0,0,0,0,0,0,0,0,0,0,0,0,0,0,0,0,0,0,0,0,0,0,0,0,0,0,0,0,0,0
17023,-0.16,804,4095,0,0,0.00,98,139,74,149.19,118.61,0,0,0,0,0,0,0,0,0,0,0,0,0,0,0,0,0,0,0,0,0,0,0,0,0,0,0,0,0,0,0,0,0,0,0,0,0,0,0,0
17059,-0.22,972,4095,0,0,0.00,98,139,74,149.19,118.61,0,0,0,0,0,0,0,0,0,0,0,0,0,0,0,0,0,0,0,0,0,0,0,0,0,0,0,0,0,0,0,0,0,0,0,0,0,0,0,0
17095,-0.12,1002,4095,0,0,0.00,98,139,74,149.19,118.61,0,0,0,0,0,0,0,0,0,0,0,0,0,0,0,0,0,0,0,0,0,0,0,0,0,0,0,0,0,0,0,0,0,0,0,0,0,0,0,0
17131,-0.19,917,3703,0,0,0.00,98,139,74,149.19,118.61,0,0,0,0,0,0,0,0,0,0,0,0,0,0,0,0,0,0,0,0,0,0,0,0,0,0,0,0,0,0,0,0,0,0,0,0,0,0,0,0
17167,-0.19,553,895,0,0,0.00,98,139,74,149.19,118.61,0,0,0,0,0,0,0,0,0,0,0,0,0,0,0,0,0,0,0,0,0,0,0,0,0,0,0,0,0,0,0,0,0,0,0,0,0,0,0,0
17203,-0.15,-226,689,0,0,0.00,98,139,74,149.19,118.61,0,0,0,0,0,0,0,0,0,0,0,0,0,0,0,0,0,0,0,0,0,0,0,0,0,0,0,0,0,0,0,0,0,0,0,0,0,0,0,0
17239,-0.19,-1055,2005,0,0,0.00,98,139,74,149.19,118.61,0,0,0,0,0,0,0,0,0,0,0,0,0,0,0,0,0,0,0,0,0,0,0,0,0,0,0,0,0,0,0,0,0,0,0,0,0,0,0,0
17275,-0.22,-1385,3447,0,0,0.00,98,139,74,149.19,118.61,0,0,0,0,0,0,0,0,0,0,0,0,0,0,0,0,0,0,0,0,0,0,0,0,0,0,0,0,0,0,0,0,0,0,0,0,0,0,0,0
17311,-0.19,-1090,4022,0,0,0.00,98,139,74,149.19,118.61,0,0,0,0,0,0,0,0,0,0,0,0,0,0,0,0,0,0,0,0,0,0,0,0,0,0,0,0,0,0,0,0,0,0,0,0,0,0,0,0
17347,-0.04,-509,3194,0,0,0.00,98,139,74,149.19,118.61,0,0,0,0,0,0,0,0,0,0,0,0,0,0,0,0,0,0,0,0,0,0,0,0,0,0,0,0,0,0,0,0,0,0,0,0,0,0,0,0
17383,-0.18,-96,2537,0,0,0.00,98,139,74,149.19,118.61,0,0,0,0,0,0,0,0,0,0,0,0,0,0,0,0,0,0,0,0,0,0,0,0,0,0,0,0,0,0,0,0,0,0,0,0,0,0,0,0
17419,-0.15,-33,2123,0,0,0.00,98,139,74,149.19,118.61,0,0,0,0,0,0,0,0,0,0,0,0,0,0,0,0,0,0,0,0,0,0,0,0,0,0,0,0,0,0,0,0,0,0,0,0,0,0,0,0
17455,-0.22,-236,1856,0,0,0.00,98,139,74,149.19,118.61,0,0,0,0,0,0,0,0,0,0,0,0,0,0,0,0,0,0,0,0,0,0,0,0,0,0,0,0,0,0,0,0,0,0,0,0,0,0,0,0
17491,-0.19,-541,1782,0,0,0.00,98,139,74,149.19,118.61,0,0,0,0,0,0,0,0,0,0,0,0,0,0,0,0,0,0,0,0,0,0,0,0,0,0,0,0,0,0,0,0,0,0,0,0,0,0,0,0
17527,-0.21,-807,1797,0,0,0.00,98,139,74,149.19,118.61,0,0,0,0,0,0,0,0,0,0,0,0,0,0,0,0,0,0,0,0,0,0,0,0,0,0,0,0,0,0,0,0,0,0,0,0,0,0,0,0
17563,-0.11,-953,1935,0,0,0.00,98,139,74,149.19,118.61,0,0,0,0,0,0,0,0,0,0,0,0,0,0,0,0,0,0,0,0,0,0,0,0,0,0,0,0,0,0,0,0,0,0,0,0,0,0,0,0
17599,-0.22,-829,4095,0,0,0.00,98,139,74,149.19,118.61,0,0,0,0,0,0,0,0,0,0,0,0,0,0,0,0,0,0,0,0,0,0,0,0,0,0,0,0,0,0,0,0,0,0,0,0,0,0,0,0
17635,-0.17,-331,4095,0,0,0.00,98,139,74,149.19,118.61,0,0,0,0,0,0,0,0,0,0,0,0,0,0,0,0,0,0,0,0,0,0,0,0,0,0,0,0,0,0,0,0,0,0,0,0,0,0,0,0
17671,-0.22,309,4095,0,0,0.00,98,139,74,149.19,118.61,0,0,0,0,0,0,0,0,0,0,0,0,0,0,0,0,0,0,0,0,0,0,0,0,0,0,0,0,0,0,0,0,0,0,0,0,0,0,0,0
17707,-0.10,806,4095,0,0,0.00,98,139,74,149.19,118.61,0,0,0,0,0,0,0,0,0,0,0,0,0,0,0,0,0,0,0,0,0,0,0,0,0,0,0,0,0,0,0,0,0,0,0,0,0,0,0,0
17743,-0.15,1082,4095,0,0,0.00,98,139,74,149.19,118.61,0,0,0,0,0,0,0,0,0,0,0,0,0,0,0,0,0,0,0,0,0,0,0,0,0,0,0,0,0,0,0,0,0,0,0,0,0,0,0,0
17779,-0.14,1165,4095,0,0,0.00,98,139,74,149.19,118.61,0,0,0,0,0,0,0,0,0,0,0,0,0,0,0,0,0,0,0,0,0,0,0,0,0,0,0,0,0,0,0,0,0,0,0,0,0,0,0,0
17815,-0.16,1053,3040,0,0,0.00,98,139,74,149.19,118.61,0,0,0,0,0,0,0,0,0,0,0,0,0,0,0,0,0,0,0,0,0,0,0,0,0,0,0,0,0,0,0,0,0,0,0,0,0,0,0,0
17851,-0.13,572,474,0,0,0.00,98,139,74,149.19,118.61,0,0,0,0,0,0,0,0,0,0,0,0,0,0,0,0,0,0,0,0,0,0,0,0,0,0,0,0,0,0,0,0,0,0,0,0,0,0,0,0
17887,-0.11,-334,286,0,0,0.00,98,139,74,149.19,118.61,0,0,0,0,0,0,0,0,0,0,0,0,0,0,0,0,0,0,0,0,0,0,0,0,0,0,0,0,0,0,0,0,0,0,0,0,0,0,0,0
17923,-0.18,-1241,1424,0,0,0.00,98,139,74,149.19,118.61,0,0,0,0,0,0,0,0,0,0,0,0,0,0,0,0,0,0,0,0,0,0,0,0,0,0,0,0,0,0,0,0,0,0,0,0,0,0,0,0
17959,-0.15,-1645,2511,0,0,0.00,98,139,74,149.19,118.61,0,0,0,0,0,0,0,0,0,0,0,0,0,0,0,0,0,0,0,0,0,0,0,0,0,0,0,0,0,0,0,0,0,0,0,0,0,0,0,0
17995,-0.13,-1458,2919,0,0,0.00,98,139,74,149.19,118.61,0,0,0,0,0,0,0,0,0,0,0,0,0,0,0,0,0,0,0,0,0,0,0,0,0,0,0,0,0,0,0,0,0,0,0,0,0,0,0,0
18031,-0.20,-958,2707,0,0,0.00,98,139,74,149.19,118.61,0,0,0,0,0,0,0,0,0,0,0,0,0,0,0,0,0,0,0,0,0,0,0,0,0,0,0,0,0,0,0,0,0,0,0,0,0,0,0,0
18067,-0.20,-492,2279,0,0,0.00,98,139,74,149.19,118.61,0,0,0,0,0,0,0,0,0,0,0,0,0,0,0,0,0,0,0,0,0,0,0,0,0,0,0,0,0,0,0,0,0,0,0,0,0,0,0,0
18103,-0.12,-266,1744,0,0,0.00,98,139,74,149.19,118.61,0,0,0,0,0,0,0,0,0,0,0,0,0,0,0,0,0,0,0,0,0,0,0,0,0,0,0,0,0,0,0,0,0,0,0,0,0,0,0,0
18139,-0.09,-312,1335,0,0,0.00,98,139,74,149.19,118.61,0,0,0,0,0,0,0,0,0,0,0,0,0,0,0,0,0,0,0,0,0,0,0,0,0,0,0,0,0,0,0,0,0,0,0,0,0,0,0,0
18175,-0.12,-535,1147,0,0,0.00,98,139,74,149.19,118.61,0,0,0,0,0,0,0,0,0,0,0,0,0,0,0,0,0,0,0,0,0,0,0,0,0,0,0,0,0,0,0,0,0,0,0,0,0,0,0,0
18211,-0.11,-774,1424,0,0,0.00,98,139,74,149.19,118.61,0,0,0,0,0,0,0,0,0,0,0,0,0,0,0,0,0,0,0,0,0,0,0,0,0,0,0,0,0,0,0,0,0,0,0,0,0,0,0,0
18247,-0.14,-759,3607,0,0,0.00,98,139,74,149.19,118.61,0,0,0,0,0,0,0,0,0,0,0,0,0,0,0,0,0,0,0,0,0,0,0,0,0,0,0,0,0,0,0,0,0,0,0,0,0,0,0,0
18283,-0.22,-298,4095,0,0,0.00,98,139,74,149.19,118.61,0,0,0,0,0,0,0,0,0,0,0,0,0,0,0,0,0,0,0,0,0,0,0,0,0,0,0,0,0,0,0,0,0,0,0,0,0,0,0,0
18319,-0.15,410,4095,0,0,0.00,98,139,74,149.19,118.61,0,0,0,0,0,0,0,0,0,0,0,0,0,0,0,0,0,0,0,0,0,0,0,0,0,0,0,0,0,0,0,0,0,0,0,0,0,0,0,0
18355,-0.08,1028,4095,0,0,0.00,98,139,74,149.19,118.61,0,0,0,0,0,0,0,0,0,0,0,0,0,0,0,0,0,0,0,0,0,0,0,0,0,0,0,0,0,0,0,0,0,0,0,0,0,0,0,0
18391,-0.22,1408,4095,0,0,0.00,98,139,74,149.19,118.61,0,0,0,0,0,0,0,0,0,0,0,0,0,0,0,0,0,0,0,0,0,0,0,0,0,0,0,0,0,0,0,0,0,0,0,0,0,0,0,0
18427,-0.13,1553,4095,0,0,0.00,98,139,74,149.19,118.61,0,0,0,0,0,0,0,0,0,0,0,0,0,0,0,0,0,0,0,0,0,0,0,0,0,0,0,0,0,0,0,0,0,0,0,0,0,0,0,0
18463,-0.23,1328,960,0,0,0.00,98,139,74,149.19,118.61,0,0,0,0,0,0,0,0,0,0,0,0,0,0,0,0,0,0,0,0,0,0,0,0,0,0,0,0,0,0,0,0,0,0,0,0,0,0,0,0
18499,-0.18,532,0,0,0,0.00,98,139,74,149.19,118.61,0,0,0,0,0,0,0,0,0,0,0,0,0,0,0,0,0,0,0,0,0,0,0,0,0,0,0,0,0,0,0,0,0,0,0,0,0,0,0,0
18535,-0.15,-529,789,0,0,0.00,98,139,74,149.19,118.61,0,0,0,0,0,0,0,0,0,0,0,0,0,0,0,0,0,0,0,0,0,0,0,0,0,0,0,0,0,0,0,0,0,0,0,0,0,0,0,0
18571,-0.13,-1232,2193,0,0,0.00,98,139,74,149.19,118.61,0,0,0,0,0,0,0,0,0,0,0,0,0,0,0,0,0,0,0,0,0,0,0,0,0,0,0,0,0,0,0,0,0,0,0,0,0,0,0,0
18607,-0.09,-1273,3020,0,0,0.00,98,139,74,149.19,118.61,0,0,0,0,0,0,0,0,0,0,0,0,0,0,0,0,0,0,0,0,0,0,0,0,0,0,0,0,0,0,0,0,0,0,0,0,0,0,0,0
18643,-0.16,-810,3169,0,0,0.00,98,139,74,149.19,118.61,0,0,0,0,0,0,0,0,0,0,0,0,0,0,0,0,0,0,0,0,0,0,0,0,0,0,0,0,0,0,0,0,0,0,0,0,0,0,0,0
18679,-0.21,-220,2864,0,0,0.00,98,139,74,149.19,118.61,0,0,0,0,0,0,0,0,0,0,0,0,0,0,0,0,0,0,0,0,0,0,0,0,0,0,0,0,0,0,0,0,0,0,0,0,0,0,0,0
18715,-0.12,194,2448,0,0,0.00,98,139,74,149.19,118.61,0,0,0,0,0,0,0,0,0,0,0,0,0,0,0,0,0,0,0,0,0,0,0,0,0,0,0,0,0,0,0,0,0,0,0,0,0,0,0,0
18751,-0.12,323,2117,0,0,0.00,98,139,74,149.19,118.61,0,0,0,0,0,0,0,0,0,0,0,0,0,0,0,0,0,0,0,0,0,0,0,0,0,0,0,0,0,0,0,0,0,0,0,0,0,0,0,0
18787,-0.16,225,2007,0,0,0.00,98,139,74,149.19,118.61,0,0,0,0,0,0,0,0,0,0,0,0,0,0,0,0,0,0,0,0,0,0,0,0,0,0,0,0,0,0,0,0,0,0,0,0,0,0,0,0
18823,-0.16,39,2116,0,0,0.00,98,139,74,149.19,118.61,0,0,0,0,0,0,0,0,0,0,0,0,0,0,0,0,0,0,0,0,0,0,0,0,0,0,0,0,0,0,0,0,0,0,0,0,0,0,0,0
18859,-0.18,-2,3867,0,0,0.00,98,139,74,149.19,118.61,0,0,0,0,0,0,0,0,0,0,0,0,0,0,0,0,0,0,0,0,0,0,0,0,0,0,0,0,0,0,0,0,0,0,0,0,0,0,0,0
18895,-0.16,273,4095,0,0,0.00,98,139,74,149.19,118.61,0,0,0,0,0,0,0,0,0,0,0,0,0,0,0,0,0,0,0,0,0,0,0,0,0,0,0,0,0,0,0,0,0,0,0,0,0,0,0,0
18931,-0.13,726,4095,0,0,0.00,98,139,74,149.19,118.61,0,0,0,0,0,0,0,0,0,0,0,0,0,0,0,0,0,0,0,0,0,0,0,0,0,0,0,0,0,0,0,0,0,0,0,0,0,0,0,0
18967,-0.18,1109,4095,0,0,0.00,98,139,74,149.19,118.61,0,0,0,0,0,0,0,0,0,0,0,0,0,0,0,0,0,0,0,0,0,0,0,0,0,0,0,0,0,0,0,0,0,0,0,0,0,0,0,0
19003,-0.18,1326,4095,0,0,0.00,98,139,74,149.19,118.61,0,0,0,0,0,0,0,0,0,0,0,0,0,0,0,0,0,0,0,0,0,0,0,0,0,0,0,0,0,0,0,0,0,0,0,0,0,0,0,0
19039,-0.17,1382,4095,0,0,0.00,98,139,74,149.19,118.61,0,0,0,0,0,0,0,0,0,0,0,0,0,0,0,0,0,0,0,0,0,0,0,0,0,0,0,0,0,0,0,0,0,0,0,0,0,0,0,0
19075,-0.17,1272,3248,0,0,0.00,98,139,74,149.19,118.61,0,0,0,0,0,0,0,0,0,0,0,0,0,0,0,0,0,0,0,0,0,0,0,0,0,0,0,0,0,0,0,0,0,0,0,0,0,0,0,0
19111,-0.18,821,671,0,0,0.00,98,139,74,149.19,118.61,0,0,0,0,0,0,0,0,0,0,0,0,0,0,0,0,0,0,0,0,0,0,0,0,0,0,0,0,0,0,0,0,0,0,0,0,0,0,0,0
19147,-0.12,-35,629,0,0,0.00,98,139,74,149.19,118.61,0,0,0,0,0,0,0,0,0,0,0,0,0,0,0,0,0,0,0,0,0,0,0,0,0,0,0,0,0,0,0,0,0,0,0,0,0,0,0,0
19183,-0.13,-884,1904,0,0,0.00,98,139,74,149.19,118.61,0,0,0,0,0,0,0,0,0,0,0,0,0,0,0,0,0,0,0,0,0,0,0,0,0,0,0,0,0,0,0,0,0,0,0,0,0,0,0,0
19219,-0.10,-1227,2963,0,0,0.00,98,139,74,149.19,118.61,0,0,0,0,0,0,0,0,0,0,0,0,0,0,0,0,0,0,0,0,0,0,0,0,0,0,0,0,0,0,0,0,0,0,0,0,0,0,0,0
19255,-0.12,-1013,3234,0,0,0.00,98,139,74,149.19,118.61,0,0,0,0,0,0,0,0,0,0,0,0,0,0,0,0,0,0,0,0,0,0,0,0,0,0,0,0,0,0,0,0,0,0,0,0,0,0,0,0
19291,-0.13,-554,2795,0,0,0.00,98,139,74,149.19,118.61,0,0,0,0,0,0,0,0,0,0,0,0,0,0,0,0,0,0,0,0,0,0,0,0,0,0,0,0,0,0,0,0,0,0,0,0,0,0,0,0
19327,-0.18,-203,2203,0,0,0.00,98,139,74,149.19,118.61,0,0,0,0,0,0,0,0,0,0,0,0,0,0,0,0,0,0,0,0,0,0,0,0,0,0,0,0,0,0,0,0,0,0,0,0,0,0,0,0
19363,-0.10,-128,1740,0,0,0.00,98,139,74,149.19,118.61,0,0,0,0,0,0,0,0,0,0,0,0,0,0,0,0,0,0,0,0,0,0,0,0,0,0,0,0,0,0,0,0,0,0,0,0,0,0,0,0
19399,-0.22,-288,1515,0,0,0.00,98,139,74,149.19,118.61,0,0,0,0,0,0,0,0,0,0,0,0,0,0,0,0,0,0,0,0,0,0,0,0,0,0,0,0,0,0,0,0,0,0,0,0,0,0,0,0
19435,-0.21,-523,1792,0,0,0.00,98,139,74,149.19,118.61,0,0,0,0,0,0,0,0,0,0,0,0,0,0,0,0,0,0,0,0,0,0,0,0,0,0,0,0,0,0,0,0,0,0,0,0,0,0,0,0
19471,-0.12,-533,4095,0,0,0.00,98,139,74,149.19,118.61,0,0,0,0,0,0,0,0,0,0,0,0,0,0,0,0,0,0,0,0,0,0,0,0,0,0,0,0,0,0,0,0,0,0,0,0,0,0,0,0
19507,-0.11,-126,4095,0,0,0.00,98,139,74,149.19,118.61,0,0,0,0,0,0,0,0,0,0,0,0,0,0,0,0,0,0,0,0,0,0,0,0,0,0,0,0,0,0,0,0,0,0,0,0,0,0,0,0
19543,-0.19,470,4095,0,0,0.00,98,139,74,149.19,118.61,0,0,0,0,0,0,0,0,0,0,0,0,0,0,0,0,0,0,0,0,0,0,0,0,0,0,0,0,0,0,0,0,0,0,0,0,0,0,0,0
19579,-0.09,950,4095,0,0,0.00,98,139,74,149.19,118.61,0,0,0,0,0,0,0,0,0,0,0,0,0,0,0,0,0,0,0,0,0,0,0,0,0,0,0,0,0,0,0,0,0,0,0,0,0,0,0,0
19615,-0.13,1220,4095,0,0,0.00,98,139,74,149.19,118.61,0,0,0,0,0,0,0,0,0,0,0,0,0,0,0,0,0,0,0,0,0,0,0,0,0,0,0,0,0,0,0,0,0,0,0,0,0,0,0,0
19651,-0.15,1300,4095,0,0,0.00,98,139,74,149.19,118.61,0,0,0,0,0,0,0,0,0,0,0,0,0,0,0,0,0,0,0,0,0,0,0,0,0,0,0,0,0,0,0,0,0,0,0,0,0,0,0,0
19687,-0.18,1250,4095,0,0,0.00,98,139,74,149.19,118.61,0,0,0,0,0,0,0,0,0,0,0,0,0,0,0,0,0,0,0,0,0,0,0,0,0,0,0,0,0,0,0,0,0,0,0,0,0,0,0,0
19723,-0.10,933,1010,0,0,0.00,98,139,74,149.19,118.61,0,0,0,0,0,0,0,0,0,0,0,0,0,0,0,0,0,0,0,0,0,0,0,0,0,0,0,0,0,0,0,0,0,0,0,0,0,0,0,0
19759,-0.17,165,709,0,0,0.00,98,139,74,149.19,118.61,0,0,0,0,0,0,0,0,0,0,0,0,0,0,0,0,0,0,0,0,0,0,0,0,0,0,0,0,0,0,0,0,0,0,0,0,0,0,0,0
19795,-0.19,-720,1798,0,0,0.00,98,139,74,149.19,118.61,0,0,0,0,0,0,0,0,0,0,0,0,0,0,0,0,0,0,0,0,0,0,0,0,0,0,0,0,0,0,0,0,0,0,0,0,0,0,0,0
19831,-0.19,-1209,2449,0,0,0.00,98,139,74,149.19,118.61,0,0,0,0,0,0,0,0,0,0,0,0,0,0,0,0,0,0,0,0,0,0,0,0,0,0,0,0,0,0,0,0,0,0,0,0,0,0,0,0
19867,-0.13,-1247,2069,0,0,0.00,98,139,74,149.19,118.61,0,0,0,0,0,0,0,0,0,0,0,0,0,0,0,0,0,0,0,0,0,0,0,0,0,0,0,0,0,0,0,0,0,0,0,0,0,0,0,0
19903,-0.16,-1129,1316,0,0,0.00,98,139,74,149.19,118.61,0,0,0,0,0,0,0,0,0,0,0,0,0,0,0,0,0,0,0,0,0,0,0,0,0,0,0,0,0,0,0,0,0,0,0,0,0,0,0,0
19939,-0.14,-1112,879,0,0,0.00,98,139,74,149.19,118.61,0,0,0,0,0,0,0,0,0,0,0,0,0,0,0,0,0,0,0,0,0,0,0,0,0,0,0,0,0,0,0,0,0,0,0,0,0,0,0,0
19975,-0.20,-1215,870,0,0,0.00,98,139,74,149.19,118.61,0,0,0,0,0,0,0,0,0,0,0,0,0,0,0,0,0,0,0,0,0,0,0,0,0,0,0,0,0,0,0,0,0,0,0,0,0,0,0,0
20011,-0.14,-1307,1237,0,0,0.00,98,139,74,149.19,118.61,0,0,0,0,0,0,0,0,0,0,0,0,0,0,0,0,0,0,0,0,0,0,0,0,0,0,0,0,0,0,0,0,0,0,0,0,0,0,0,0
20047,-0.19,-1214,2359,0,0,0.00,98,139,74,149.19,118.61,0,0,0,0,0,0,0,0,0,0,0,0,0,0,0,0,0,0,0,0,0,0,0,0,0,0,0,0,0,0,0,0,0,0,0,0,0,0,0,0
20083,-0.12,-764,4095,0,0,0.00,98,139,74,149.19,118.61,0,0,0,0,0,0,0,0,0,0,0,0,0,0,0,0,0,0,0,0,0,0,0,0,0,0,0,0,0,0,0,0,0,0,0,0,0,0,0,0
20119,-0.19,5,4095,0,0,0.00,98,139,74,149.19,118.61,0,0,0,0,0,0,0,0,0,0,0,0,0,0,0,0,0,0,0,0,0,0,0,0,0,0,0,0,0,0,0,0,0,0,0,0,0,0,0,0
20155,-0.20,784,4095,0,0,0.00,98,139,74,149.19,118.61,0,0,0,0,0,0,0,0,0,0,0,0,0,0,0,0,0,0,0,0,0,0,0,0,0,0,0,0,0,0,0,0,0,0,0,0,0,0,0,0
20191,-0.15,1319,4095,0,0,0.00,98,139,74,149.19,118.61,0,0,0,0,0,0,0,0,0,0,0,0,0,0,0,0,0,0,0,0,0,0,0,0,0,0,0,0,0,0,0,0,0,0,0,0,0,0,0,0
20227,-0.08,1574,4095,0,0,0.00,98,139,74,149.19,118.61,0,0,0,0,0,0,0,0,0,0,0,0,0,0,0,0,0,0,0,0,0,0,0,0,0,0,0,0,0,0,0,0,0,0,0,0,0,0,0,0
20263,-0.22,1611,4095,0,0,0.00,98,139,74,149.19,118.61,0,0,0,0,0,0,0,0,0,0,0,0,0,0,0,0,0,0,0,0,0,0,0,0,0,0,0,0,0,0,0,0,0,0,0,0,0,0,0,0
20299,-0.12,1453,3141,0,0,0.00,98,139,74,149.19,118.61,0,0,0,0,0,0,0,0,0,0,0,0,0,0,0,0,0,0,0,0,0,0,0,0,0,0,0,0,0,0,0,0,0,0,0,0,0,0,0,0
20335,-0.13,969,966,0,0,0.00,98,139,74,149.19,118.61,0,0,0,0,0,0,0,0,0,0,0,0,0,0,0,0,0,0,0,0,0,0,0,0,0,0,0,0,0,0,0,0,0,0,0,0,0,0,0,0
20371,-0.15,154,1214,0,0,0.00,98,139,74,149.19,118.61,0,0,0,0,0,0,0,0,0,0,0,0,0,0,0,0,0,0,0,0,0,0,0,0,0,0,0,0,0,0,0,0,0,0,0,0,0,0,0,0
20407,-0.15,-586,2301,0,0,0.00,98,139,74,149.19,118.61,0,0,0,0,0,0,0,0,0,0,0,0,0,0,0,0,0,0,0,0,0,0,0,0,0,0,0,0,0,0,0,0,0,0,0,0,0,0,0,0
20443,-0.20,-867,2970,0,0,0.00,98,139,74,149.19,118.61,0,0,0,0,0,0,0,0,0,0,0,0,0,0,0,0,0,0,0,0,0,0,0,0,0,0,0,0,0,0,0,0,0,0,0,0,0,0,0,0
20479,-0.17,-720,2885,0,0,0.00,98,139,74,149.19,118.61,0,0,0,0,0,0,0,0,0,0,0,0,0,0,0,0,0,0,0,0,0,0,0,0,0,0,0,0,0,0,0,0,0,0,0,0,0,0,0,0
20515,-0.17,-434,2445,0,0,0.00,98,139,74,149.19,118.61,0,0,0,0,0,0,0,0,0,0,0,0,0,0,0,0,0,0,0,0,0,0,0,0,0,0,0,0,0,0,0,0,0,0,0,0,0,0,0,0
20551,-0.21,-259,2039,0,0,0.00,98,139,74,149.19,118.61,0,0,0,0,0,0,0,0,0,0,0,0,0,0,0,0,0,0,0,0,0,0,0,0,0,0,0,0,0,0,0,0,0,0,0,0,0,0,0,0
20587,-0.16,-269,1787,0,0,0.00,98,139,74,149.19,118.61,0,0,0,0,0,0,0,0,0,0,0,0,0,0,0,0,0,0,0,0,0,0,0,0,0,0,0,0,0,0,0,0,0,0,0,0,0,0,0,0
20623,-0.14,-404,1673,0,0,0.00,98,139,74,149.19,118.61,0,0,0,0,0,0,0,0,0,0,0,0,0,0,0,0,0,0,0,0,0,0,0,0,0,0,0,0,0,0,0,0,0,0,0,0,0,0,0,0
20659,-0.17,-562,1759,0,0,0.00,98,139,74,149.19,118.61,0,0,0,0,0,0,0,0,0,0,0,0,0,0,0,0,0,0,0,0,0,0,0,0,0,0,0,0,0,0,0,0,0,0,0,0,0,0,0,0
20695,-0.16,-552,3469,0,0,0.00,98,139,74,149.19,118.61,0,0,0,0,0,0,0,0,0,0,0,0,0,0,0,0,0,0,0,0,0,0,0,0,0,0,0,0,0,0,0,0,0,0,0,0,0,0,0,0
20731,-0.21,-199,4095,0,0,0.00,98,139,74,149.19,118.61,0,0,0,0,0,0,0,0,0,0,0,0,0,0,0,0,0,0,0,0,0,0,0,0,0,0,0,0,0,0,0,0,0,0,0,0,0,0,0,0
20767,-0.11,375,4095,0,0,0.00,98,139,74,149.19,118.61,0,0,0,0,0,0,0,0,0,0,0,0,0,0,0,0,0,0,0,0,0,0,0,0,0,0,0,0,0,0,0,0,0,0,0,0,0,0,0,0
20803,-0.18,895,4095,0,0,0.00,98,139,74,149.19,118.61,0,0,0,0,0,0,0,0,0,0,0,0,0,0,0,0,0,0,0,0,0,0,0,0,0,0,0,0,0,0,0,0,0,0,0,0,0,0,0,0
20839,-0.21,1219,4095,0,0,0.00,98,139,74,149.19,118.61,0,0,0,0,0,0,0,0,0,0,0,0,0,0,0,0,0,0,0,0,0,0,0,0,0,0,0,0,0,0,0,0,0,0,0,0,0,0,0,0
20875,-0.11,1343,4095,0,0,0.00,98,139,74,149.19,118.61,0,0,0,0,0,0,0,0,0,0,0,0,0,0,0,0,0,0,0,0,0,0,0,0,0,0,0,0,0,0,0,0,0,0,0,0,0,0,0,0
20911,-0.13,1319,4095,0,0,0.00,98,139,74,149.19,118.61,0,0,0,0,0,0,0,0,0,0,0,0,0,0,0,0,0,0,0,0,0,0,0,0,0,0,0,0,0,0,0,0,0,0,0,0,0,0,0,0
20947,-0.15,1015,1037,0,0,0.00,98,139,74,149.19,118.61,0,0,0,0,0,0,0,0,0,0,0,0,0,0,0,0,0,0,0,0,0,0,0,0,0,0,0,0,0,0,0,0,0,0,0,0,0,0,0,0
20983,-0.18,208,28,0,0,0.00,98,139,74,149.19,118.61,0,0,0,0,0,0,0,0,0,0,0,0,0,0,0,0,0,0,0,0,0,0,0,0,0,0,0,0,0,0,0,0,0,0,0,0,0,0,0,0
21019,-0.16,-828,912,0,0,0.00,98,139,74,149.19,118.61,0,0,0,0,0,0,0,0,0,0,0,0,0,0,0,0,0,0,0,0,0,0,0,0,0,0,0,0,0,0,0,0,0,0,0,0,0,0,0,0
21055,-0.25,-1505,2020,0,0,0.00,98,139,74,149.19,118.61,0,0,0,0,0,0,0,0,0,0,0,0,0,0,0,0,0,0,0,0,0,0,0,0,0,0,0,0,0,0,0,0,0,0,0,0,0,0,0,0
21091,-0.19,-1587,2364,0,0,0.00,98,139,74,149.19,118.61,0,0,0,0,0,0,0,0,0,0,0,0,0,0,0,0,0,0,0,0,0,0,0,0,0,0,0,0,0,0,0,0,0,0,0,0,0,0,0,0
21127,-0.23,-1290,1995,0,0,0.00,98,139,74,149.19,118.61,0,0,0,0,0,0,0,0,0,0,0,0,0,0,0,0,0,0,0,0,0,0,0,0,0,0,0,0,0,0,0,0,0,0,0,0,0,0,0,0
21163,-0.17,-974,1340,0,0,0.00,98,139,74,149.19,118.61,0,0,0,0,0,0,0,0,0,0,0,0,0,0,0,0,0,0,0,0,0,0,0,0,0,0,0,0,0,0,0,0,0,0,0,0,0,0,0,0
21199,-0.18,-862,807,0,0,0.00,98,139,74,149.19,118.61,0,0,0,0,0,0,0,0,0,0,0,0,0,0,0,0,0,0,0,0,0,0,0,0,0,0,0,0,0,0,0,0,0,0,0,0,0,0,0,0
21235,-0.15,-952,755,0,0,0.00,98,139,74,149.19,118.61,0,0,0,0,0,0,0,0,0,0,0,0,0,0,0,0,0,0,0,0,0,0,0,0,0,0,0,0,0,0,0,0,0,0,0,0,0,0,0,0
21271,-0.15,-1084,1070,0,0,0.00,98,139,74,149.19,118.61,0,0,0,0,0,0,0,0,0,0,0,0,0,0,0,0,0,0,0,0,0,0,0,0,0,0,0,0,0,0,0,0,0,0,0,0,0,0,0,0
21307,-0.17,-1098,1493,0,0,0.00,98,139,74,149.19,118.61,0,0,0,0,0,0,0,0,0,0,0,0,0,0,0,0,0,0,0,0,0,0,0,0,0,0,0,0,0,0,0,0,0,0,0,0,0,0,0,0
21343,-0.23,-919,2042,0,0,0.00,98,139,74,149.19,118.61,0,0,0,0,0,0,0,0,0,0,0,0,0,0,0,0,0,0,0,0,0,0,0,0,0,0,0,0,0,0,0,0,0,0,0,0,0,0,0,0
21379,-0.19,-462,4095,0,0,0.00,98,139,74,149.19,118.61,0,0,0,0,0,0,0,0,0,0,0,0,0,0,0,0,0,0,0,0,0,0,0,0,0,0,0,0,0,0,0,0,0,0,0,0,0,0,0,0
21415,-0.21,283,4095,0,0,0.00,98,139,74,149.19,118.61,0,0,0,0,0,0,0,0,0,0,0,0,0,0,0,0,0,0,0,0,0,0,0,0,0,0,0,0,0,0,0,0,0,0,0,0,0,0,0,0
21451,-0.20,1047,4095,0,0,0.00,98,139,74,149.19,118.61,0,0,0,0,0,0,0,0,0,0,0,0,0,0,0,0,0,0,0,0,0,0,0,0,0,0,0,0,0,0,0,0,0,0,0,0,0,0,0,0
21487,-0.23,1572,4095,0,0,0.00,98,139,74,149.19,118.61,0,0,0,0,0,0,0,0,0,0,0,0,0,0,0,0,0,0,0,0,0,0,0,0,0,0,0,0,0,0,0,0,0,0,0,0,0,0,0,0
21523,-0.18,1816,4095,0,0,0.00,98,139,74,149.19,118.61,0,0,0,0,0,0,0,0,0,0,0,0,0,0,0,0,0,0,0,0,0,0,0,0,0,0,0,0,0,0,0,0,0,0,0,0,0,0,0,0
21559,-0.17,1840,4095,0,0,0.00,98,139,74,149.19,118.61,0,0,0,0,0,0,0,0,0,0,0,0,0,0,0,0,0,0,0,0,0,0,0,0,0,0,0,0,0,0,0,0,0,0,0,0,0,0,0,0
21595,-0.12,1730,4095,0,0,0.00,98,139,74,149.19,118.61,0,0,0,0,0,0,0,0,0,0,0,0,0,0,0,0,0,0,0,0,0,0,0,0,0,0,0,0,0,0,0,0,0,0,0,0,0,0,0,0
21631,-0.19,1404,1680,0,0,0.00,98,139,74,149.19,118.61,0,0,0,0,0,0,0,0,0,0,0,0,0,0,0,0,0,0,0,0,0,0,0,0,0,0,0,0,0,0,0,0,0,0,0,0,0,0,0,0
21667,-0.21,670,511,0,0,0.00,98,139,74,149.19,118.61,0,0,0,0,0,0,0,0,0,0,0,0,0,0,0,0,0,0,0,0,0,0,0,0,0,0,0,0,0,0,0,0,0,0,0,0,0,0,0,0
21703,-0.15,-261,1482,0,0,0.00,98,139,74,149.19,118.61,0,0,0,0,0,0,0,0,0,0,0,0,0,0,0,0,0,0,0,0,0,0,0,0,0,0,0,0,0,0,0,0,0,0,0,0,0,0,0,0
21739,-0.23,-864,2601,0,0,0.00,98,139,74,149.19,118.61,0,0,0,0,0,0,0,0,0,0,0,0,0,0,0,0,0,0,0,0,0,0,0,0,0,0,0,0,0,0,0,0,0,0,0,0,0,0,0,0
21775,-0.16,-926,2780,0,0,0.00,98,139,74,149.19,118.61,0,0,0,0,0,0,0,0,0,0,0,0,0,0,0,0,0,0,0,0,0,0,0,0,0,0,0,0,0,0,0,0,0,0,0,0,0,0,0,0
21811,-0.18,-679,2293,0,0,0.00,98,139,74,149.19,118.61,0,0,0,0,0,0,0,0,0,0,0,0,0,0,0,0,0,0,0,0,0,0,0,0,0,0,0,0,0,0,0,0,0,0,0,0,0,0,0,0
21847,-0.16,-461,1737,0,0,0.00,98,139,74,149.19,118.61,0,0,0,0,0,0,0,0,0,0,0,0,0,0,0,0,0,0,0,0,0,0,0,0,0,0,0,0,0,0,0,0,0,0,0,0,0,0,0,0
21883,-0.18,-428,1451,0,0,0.00,98,139,74,149.19,118.61,0,0,0,0,0,0,0,0,0,0,0,0,0,0,0,0,0,0,0,0,0,0,0,0,0,0,0,0,0,0,0,0,0,0,0,0,0,0,0,0
21919,-0.16,-535,1485,0,0,0.00,98,139,74,149.19,118.61,0,0,0,0,0,0,0,0,0,0,0,0,0,0,0,0,0,0,0,0,0,0,0,0,0,0,0,0,0,0,0,0,0,0,0,0,0,0,0,0
21955,-0.09,-647,1729,0,0,0.00,98,139,74,149.19,118.61,0,0,0,0,0,0,0,0,0,0,0,0,0,0,0,0,0,0,0,0,0,0,0,0,0,0,0,0,0,0,0,0,0,0,0,0,0,0,0,0
21991,-0.14,-657,2039,0,0,0.00,98,139,74,149.19,118.61,0,0,0,0,0,0,0,0,0,0,0,0,0,0,0,0,0,0,0,0,0,0,0,0,0,0,0,0,0,0,0,0,0,0,0,0,0,0,0,0
22027,-0.20,-512,2640,0,0,0.00,98,139,74,149.19,118.61,0,0,0,0,0,0,0,0,0,0,0,0,0,0,0,0,0,0,0,0,0,0,0,0,0,0,0,0,0,0,0,0,0,0,0,0,0,0,0,0
22063,-0.18,-145,4095,0,0,0.00,98,139,74,149.19,118.61,0,0,0,0,0,0,0,0,0,0,0,0,0,0,0,0,0,0,0,0,0,0,0,0,0,0,0,0,0,0,0,0,0,0,0,0,0,0,0,0
22099,-0.11,429,4095,0,0,0.00,98,139,74,149.19,118.61,0,0,0,0,0,0,0,0,0,0,0,0,0,0,0,0,0,0,0,0,0,0,0,0,0,0,0,0,0,0,0,0,0,0,0,0,0,0,0,0
22135,-0.19,997,4095,0,0,0.00,98,139,74,149.19,118.61,0,0,0,0,0,0,0,0,0,0,0,0,0,0,0,0,0,0,0,0,0,0,0,0,0,0,0,0,0,0,0,0,0,0,0,0,0,0,0,0
22171,-0.19,1370,4095,0,0,0.00,98,139,74,149.19,118.61,0,0,0,0,0,0,0,0,0,0,0,0,0,0,0,0,0,0,0,0,0,0,0,0,0,0,0,0,0,0,0,0,0,0,0,0,0,0,0,0
22207,-0.20,1526,4095,0,0,0.00,98,139,74,149.19,118.61,0,0,0,0,0,0,0,0,0,0,0,0,0,0,0,0,0,0,0,0,0,0,0,0,0,0,0,0,0,0,0,0,0,0,0,0,0,0,0,0
22243,-0.24,1515,4095,0,0,0.00,98,139,74,149.19,118.61,0,0,0,0,0,0,0,0,0,0,0,0,0,0,0,0,0,0,0,0,0,0,0,0,0,0,0,0,0,0,0,0,0,0,0,0,0,0,0,0
22279,-0.16,1291,2318,0,0,0.00,98,139,74,149.19,118.61,0,0,0,0,0,0,0,0,0,0,0,0,0,0,0,0,0,0,0,0,0,0,0,0,0,0,0,0,0,0,0,0,0,0,0,0,0,0,0,0
22315,-0.24,674,553,0,0,0.00,98,139,74,149.19,118.61,0,0,0,0,0,0,0,0,0,0,0,0,0,0,0,0,0,0,0,0,0,0,0,0,0,0,0,0,0,0,0,0,0,0,0,0,0,0,0,0
22351,-0.20,-236,1072,0,0,0.00,98,139,74,149.19,118.61,0,0,0,0,0,0,0,0,0,0,0,0,0,0,0,0,0,0,0,0,0,0,0,0,0,0,0,0,0,0,0,0,0,0,0,0,0,0,0,0
22387,-0.20,-949,2349,0,0,0.00,98,139,74,149.19,118.61,0,0,0,0,0,0,0,0,0,0,0,0,0,0,0,0,0,0,0,0,0,0,0,0,0,0,0,0,0,0,0,0,0,0,0,0,0,0,0,0
22423,-0.23,-1118,2960,0,0,0.00,98,139,74,149.19,118.61,0,0,0,0,0,0,0,0,0,0,0,0,0,0,0,0,0,0,0,0,0,0,0,0,0,0,0,0,0,0,0,0,0,0,0,0,0,0,0,0
22459,-0.21,-860,2730,0,0,0.00,98,139,74,149.19,118.61,0,0,0,0,0,0,0,0,0,0,0,0,0,0,0,0,0,0,0,0,0,0,0,0,0,0,0,0,0,0,0,0,0,0,0,0,0,0,0,0
22495,-0.17,-524,2180,0,0,0.00,98,139,74,149.19,118.61,0,0,0,0,0,0,0,0,0,0,0,0,0,0,0,0,0,0,0,0,0,0,0,0,0,0,0,0,0,0,0,0,0,0,0,0,0,0,0,0
22531,-0.16,-360,1775,0,0,0.00,98,139,74,149.19,118.61,0,0,0,0,0,0,0,0,0,0,0,0,0,0,0,0,0,0,0,0,0,0,0,0,0,0,0,0,0,0,0,0,0,0,0,0,0,0,0,0
22567,-0.30,-395,1675,0,0,0.00,98,139,74,149.19,118.61,0,0,0,0,0,0,0,0,0,0,0,0,0,0,0,0,0,0,0,0,0,0,0,0,0,0,0,0,0,0,0,0,0,0,0,0,0,0,0,0
22603,-0.16,-510,1901,0,0,0.00,98,139,74,149.19,118.61,0,0,0,0,0,0,0,0,0,0,0,0,0,0,0,0,0,0,0,0,0,0,0,0,0,0,0,0,0,0,0,0,0,0,0,0,0,0,0,0
22639,-0.17,-567,2192,0,0,0.00,98,139,74,149.19,118.61,0,0,0,0,0,0,0,0,0,0,0,0,0,0,0,0,0,0,0,0,0,0,0,0,0,0,0,0,0,0,0,0,0,0,0,0,0,0,0,0
22675,-0.21,-507,2374,0,0,0.00,98,139,74,149.19,118.61,0,0,0,0,0,0,0,0,0,0,0,0,0,0,0,0,0,0,0,0,0,0,0,0,0,0,0,0,0,0,0,0,0,0,0,0,0,0,0,0
22711,-0.19,-364,2377,0,0,0.00,98,139,74,149.19,118.61,0,0,0,0,0,0,0,0,0,0,0,0,0,0,0,0,0,0,0,0,0,0,0,0,0,0,0,0,0,0,0,0,0,0,0,0,0,0,0,0
22747,-0.22,-214,2320,0,0,0.00,98,139,74,149.19,118.61,0,0,0,0,0,0,0,0,0,0,0,0,0,0,0,0,0,0,0,0,0,0,0,0,0,0,0,0,0,0,0,0,0,0,0,0,0,0,0,0
22783,-0.12,-80,2711,0,0,0.00,98,139,74,149.19,118.61,0,0,0,0,0,0,0,0,0,0,0,0,0,0,0,0,0,0,0,0,0,0,0,0,0,0,0,0,0,0,0,0,0,0,0,0,0,0,0,0
22819,-0.18,146,4095,0,0,0.00,98,139,74,149.19,118.61,0,0,0,0,0,0,0,0,0,0,0,0,0,0,0,0,0,0,0,0,0,0,0,0,0,0,0,0,0,0,0,0,0,0,0,0,0,0,0,0
22855,-0.18,544,4095,0,0,0.00,98,139,74,149.19,118.61,0,0,0,0,0,0,0,0,0,0,0,0,0,0,0,0,0,0,0,0,0,0,0,0,0,0,0,0,0,0,0,0,0,0,0,0,0,0,0,0
22891,-0.19,964,4095,0,0,0.00,98,139,74,149.19,118.61,0,0,0,0,0,0,0,0,0,0,0,0,0,0,0,0,0,0,0,0,0,0,0,0,0,0,0,0,0,0,0,0,0,0,0,0,0,0,0,0
22927,-0.16,1245,4095,0,0,0.00,98,139,74,149.19,118.61,0,0,0,0,0,0,0,0,0,0,0,0,0,0,0,0,0,0,0,0,0,0,0,0,0,0,0,0,0,0,0,0,0,0,0,0,0,0,0,0
22963,-0.17,1358,4095,0,0,0.00,98,139,74,149.19,118.61,0,0,0,0,0,0,0,0,0,0,0,0,0,0,0,0,0,0,0,0,0,0,0,0,0,0,0,0,0,0,0,0,0,0,0,0,0,0,0,0
22999,-0.21,1339,4095,0,0,0.00,98,139,74,149.19,118.61,0,0,0,0,0,0,0,0,0,0,0,0,0,0,0,0,0,0,0,0,0,0,0,0,0,0,0,0,0,0,0,0,0,0,0,0,0,0,0,0
23035,-0.20,1067,1407,0,0,0.00,98,139,74,149.19,118.61,0,0,0,0,0,0,0,0,0,0,0,0,0,0,0,0,0,0,0,0,0,0,0,0,0,0,0,0,0,0,0,0,0,0,0,0,0,0,0,0
23071,-0.21,350,592,0,0,0.00,98,139,74,149.19,118.61,0,0,0,0,0,0,0,0,0,0,0,0,0,0,0,0,0,0,0,0,0,0,0,0,0,0,0,0,0,0,0,0,0,0,0,0,0,0,0,0
23107,-0.19,-561,1394,0,0,0.00,98,139,74,149.19,118.61,0,0,0,0,0,0,0,0,0,0,0,0,0,0,0,0,0,0,0,0,0,0,0,0,0,0,0,0,0,0,0,0,0,0,0,0,0,0,0,0
23143,-0.19,-1142,2499,0,0,0.00,98,139,74,149.19,118.61,0,0,0,0,0,0,0,0,0,0,0,0,0,0,0,0,0,0,0,0,0,0,0,0,0,0,0,0,0,0,0,0,0,0,0,0,0,0,0,0
23179,-0.17,-1172,3055,0,0,0.00,98,139,74,149.19,118.61,0,0,0,0,0,0,0,0,0,0,0,0,0,0,0,0,0,0,0,0,0,0,0,0,0,0,0,0,0,0,0,0,0,0,0,0,0,0,0,0
23215,-0.28,-826,2876,0,0,0.00,98,139,74,149.19,118.61,0,0,0,0,0,0,0,0,0,0,0,0,0,0,0,0,0,0,0,0,0,0,0,0,0,0,0,0,0,0,0,0,0,0,0,0,0,0,0,0
23251,-0.18,-440,2410,0,0,0.00,98,139,74,149.19,118.61,0,0,0,0,0,0,0,0,0,0,0,0,0,0,0,0,0,0,0,0,0,0,0,0,0,0,0,0,0,0,0,0,0,0,0,0,0,0,0,0
23287,-0.12,-242,2019,0,0,0.00,98,139,74,149.19,118.61,0,0,0,0,0,0,0,0,0,0,0,0,0,0,0,0,0,0,0,0,0,0,0,0,0,0,0,0,0,0,0,0,0,0,0,0,0,0,0,0
23323,-0.19,-257,1885,0,0,0.00,98,139,74,149.19,118.61,0,0,0,0,0,0,0,0,0,0,0,0,0,0,0,0,0,0,0,0,0,0,0,0,0,0,0,0,0,0,0,0,0,0,0,0,0,0,0,0
23359,-0.17,-384,1898,0,0,0.00,98,139,74,149.19,118.61,0,0,0,0,0,0,0,0,0,0,0,0,0,0,0,0,0,0,0,0,0,0,0,0,0,0,0,0,0,0,0,0,0,0,0,0,0,0,0,0
23395,-0.19,-501,2098,0,0,0.00,98,139,74,149.19,118.61,0,0,0,0,0,0,0,0,0,0,0,0,0,0,0,0,0,0,0,0,0,0,0,0,0,0,0,0,0,0,0,0,0,0,0,0,0,0,0,0
23431,-0.14,-527,2291,0,0,0.00,98,139,74,149.19,118.61,0,0,0,0,0,0,0,0,0,0,0,0,0,0,0,0,0,0,0,0,0,0,0,0,0,0,0,0,0,0,0,0,0,0,0,0,0,0,0,0
23467,-0.17,-456,2332,0,0,0.00,98,139,74,149.19,118.61,0,0,0,0,0,0,0,0,0,0,0,0,0,0,0,0,0,0,0,0,0,0,0,0,0,0,0,0,0,0,0,0,0,0,0,0,0,0,0,0
23503,-0.21,-342,2304,0,0,0.00,98,139,74,149.19,118.61,0,0,0,0,0,0,0,0,0,0,0,0,0,0,0,0,0,0,0,0,0,0,0,0,0,0,0,0,0,0,0,0,0,0,0,0,0,0,0,0
23539,-0.18,-239,2267,0,0,0.00,98,139,74,149.19,118.61,0,0,0,0,0,0,0,0,0,0,0,0,0,0,0,0,0,0,0,0,0,0,0,0,0,0,0,0,0,0,0,0,0,0,0,0,0,0,0,0
23575,-0.09,-136,2775,0,0,0.00,98,139,74,149.19,118.61,0,0,0,0,0,0,0,0,0,0,0,0,0,0,0,0,0,0,0,0,0,0,0,0,0,0,0,0,0,0,0,0,0,0,0,0,0,0,0,0
23611,-0.17,89,4095,0,0,0.00,98,139,74,149.19,118.61,0,0,0,0,0,0,0,0,0,0,0,0,0,0,0,0,0,0,0,0,0,0,0,0,0,0,0,0,0,0,0,0,0,0,0,0,0,0,0,0
23647,-0.20,497,4095,0,0,0.00,98,139,74,149.19,118.61,0,0,0,0,0,0,0,0,0,0,0,0,0,0,0,0,0,0,0,0,0,0,0,0,0,0,0,0,0,0,0,0,0,0,0,0,0,0,0,0
23683,-0.19,927,4095,0,0,0.00,98,139,74,149.19,118.61,0,0,0,0,0,0,0,0,0,0,0,0,0,0,0,0,0,0,0,0,0,0,0,0,0,0,0,0,0,0,0,0,0,0,0,0,0,0,0,0
23719,-0.22,1215,4095,0,0,0.00,98,139,74,149.19,118.61,0,0,0,0,0,0,0,0,0,0,0,0,0,0,0,0,0,0,0,0,0,0,0,0,0,0,0,0,0,0,0,0,0,0,0,0,0,0,0,0
23755,-0.22,1334,4095,0,0,0.00,98,139,74,149.19,118.61,0,0,0,0,0,0,0,0,0,0,0,0,0,0,0,0,0,0,0,0,0,0,0,0,0,0,0,0,0,0,0,0,0,0,0,0,0,0,0,0
23791,-0.21,1173,1827,0,0,0.00,98,139,74,149.19,118.61,0,0,0,0,0,0,0,0,0,0,0,0,0,0,0,0,0,0,0,0,0,0,0,0,0,0,0,0,0,0,0,0,0,0,0,0,0,0,0,0
23827,-0.20,560,742,0,0,0.00,98,139,74,149.19,118.61,0,0,0,0,0,0,0,0,0,0,0,0,0,0,0,0,0,0,0,0,0,0,0,0,0,0,0,0,0,0,0,0,0,0,0,0,0,0,0,0
23863,-0.15,-317,1138,0,0,0.00,98,139,74,149.19,118.61,0,0,0,0,0,0,0,0,0,0,0,0,0,0,0,0,0,0,0,0,0,0,0,0,0,0,0,0,0,0,0,0,0,0,0,0,0,0,0,0
23899,-0.23,-978,2226,0,0,0.00,98,139,74,149.19,118.61,0,0,0,0,0,0,0,0,0,0,0,0,0,0,0,0,0,0,0,0,0,0,0,0,0,0,0,0,0,0,0,0,0,0,0,0,0,0,0,0
23935,-0.22,-1117,3089,0,0,0.00,98,139,74,149.19,118.61,0,0,0,0,0,0,0,0,0,0,0,0,0,0,0,0,0,0,0,0,0,0,0,0,0,0,0,0,0,0,0,0,0,0,0,0,0,0,0,0
23971,-0.21,-793,3350,0,0,0.00,98,139,74,149.19,118.61,0,0,0,0,0,0,0,0,0,0,0,0,0,0,0,0,0,0,0,0,0,0,0,0,0,0,0,0,0,0,0,0,0,0,0,0,0,0,0,0
24007,-0.23,-310,2933,0,0,0.00,98,139,74,149.19,118.61,0,0,0,0,0,0,0,0,0,0,0,0,0,0,0,0,0,0,0,0,0,0,0,0,0,0,0,0,0,0,0,0,0,0,0,0,0,0,0,0
24043,-0.19,26,2425,0,0,0.00,98,139,74,149.19,118.61,0,0,0,0,0,0,0,0,0,0,0,0,0,0,0,0,0,0,0,0,0,0,0,0,0,0,0,0,0,0,0,0,0,0,0,0,0,0,0,0
24079,-0.17,88,2009,0,0,0.00,98,139,74,149.19,118.61,0,0,0,0,0,0,0,0,0,0,0,0,0,0,0,0,0,0,0,0,0,0,0,0,0,0,0,0,0,0,0,0,0,0,0,0,0,0,0,0
24115,-0.24,-71,1861,0,0,0.00,98,139,74,149.19,118.61,0,0,0,0,0,0,0,0,0,0,0,0,0,0,0,0,0,0,0,0,0,0,0,0,0,0,0,0,0,0,0,0,0,0,0,0,0,0,0,0
24151,-0.17,-307,1916,0,0,0.00,98,139,74,149.19,118.61,0,0,0,0,0,0,0,0,0,0,0,0,0,0,0,0,0,0,0,0,0,0,0,0,0,0,0,0,0,0,0,0,0,0,0,0,0,0,0,0
24187,-0.23,-486,2078,0,0,0.00,98,139,74,149.19,118.61,0,0,0,0,0,0,0,0,0,0,0,0,0,0,0,0,0,0,0,0,0,0,0,0,0,0,0,0,0,0,0,0,0,0,0,0,0,0,0,0
24223,-0.16,-542,2246,0,0,0.00,98,139,74,149.19,118.61,0,0,0,0,0,0,0,0,0,0,0,0,0,0,0,0,0,0,0,0,0,0,0,0,0,0,0,0,0,0,0,0,0,0,0,0,0,0,0,0
24259,-0.20,-482,2347,0,0,0.00,98,139,74,149.19,118.61,0,0,0,0,0,0,0,0,0,0,0,0,0,0,0,0,0,0,0,0,0,0,0,0,0,0,0,0,0,0,0,0,0,0,0,0,0,0,0,0
24295,-0.26,-360,2335,0,0,0.00,98,139,74,149.19,118.61,0,0,0,0,0,0,0,0,0,0,0,0,0,0,0,0,0,0,0,0,0,0,0,0,0,0,0,0,0,0,0,0,0,0,0,0,0,0,0,0
24331,-0.25,-201,2846,0,0,0.00,98,139,74,149.19,118.61,0,0,0,0,0,0,0,0,0,0,0,0,0,0,0,0,0,0,0,0,0,0,0,0,0,0,0,0,0,0,0,0,0,0,0,0,0,0,0,0
24367,-0.19,75,4095,0,0,0.00,98,139,74,149.19,118.61,0,0,0,0,0,0,0,0,0,0,0,0,0,0,0,0,0,0,0,0,0,0,0,0,0,0,0,0,0,0,0,0,0,0,0,0,0,0,0,0
24403,-0.17,510,4095,0,0,0.00,98,139,74,149.19,118.61,0,0,0,0,0,0,0,0,0,0,0,0,0,0,0,0,0,0,0,0,0,0,0,0,0,0,0,0,0,0,0,0,0,0,0,0,0,0,0,0
24439,-0.16,944,4095,0,0,0.00,98,139,74,149.19,118.61,0,0,0,0,0,0,0,0,0,0,0,0,0,0,0,0,0,0,0,0,0,0,0,0,0,0,0,0,0,0,0,0,0,0,0,0,0,0,0,0
24475,-0.18,1226,4095,0,0,0.00,98,139,74,149.19,118.61,0,0,0,0,0,0,0,0,0,0,0,0,0,0,0,0,0,0,0,0,0,0,0,0,0,0,0,0,0,0,0,0,0,0,0,0,0,0,0,0
24511,-0.21,1303,3571,0,0,0.00,98,139,74,149.19,118.61,0,0,0,0,0,0,0,0,0,0,0,0,0,0,0,0,0,0,0,0,0,0,0,0,0,0,0,0,0,0,0,0,0,0,0,0,0,0,0,0
24547,-0.15,1036,1360,0,0,0.00,98,139,74,149.19,118.61,0,0,0,0,0,0,0,0,0,0,0,0,0,0,0,0,0,0,0,0,0,0,0,0,0,0,0,0,0,0,0,0,0,0,0,0,0,0,0,0
24583,-0.10,337,832,0,0,0.00,98,139,74,149.19,118.61,0,0,0,0,0,0,0,0,0,0,0,0,0,0,0,0,0,0,0,0,0,0,0,0,0,0,0,0,0,0,0,0,0,0,0,0,0,0,0,0
24619,-0.14,-494,1502,0,0,0.00,98,139,74,149.19,118.61,0,0,0,0,0,0,0,0,0,0,0,0,0,0,0,0,0,0,0,0,0,0,0,0,0,0,0,0,0,0,0,0,0,0,0,0,0,0,0,0
24655,-0.24,-995,2608,0,0,0.00,98,139,74,149.19,118.61,0,0,0,0,0,0,0,0,0,0,0,0,0,0,0,0,0,0,0,0,0,0,0,0,0,0,0,0,0,0,0,0,0,0,0,0,0,0,0,0
24691,-0.22,-961,3424,0,0,0.00,98,139,74,149.19,118.61,0,0,0,0,0,0,0,0,0,0,0,0,0,0,0,0,0,0,0,0,0,0,0,0,0,0,0,0,0,0,0,0,0,0,0,0,0,0,0,0
24727,-0.17,-535,3430,0,0,0.00,98,139,74,149.19,118.61,0,0,0,0,0,0,0,0,0,0,0,0,0,0,0,0,0,0,0,0,0,0,0,0,0,0,0,0,0,0,0,0,0,0,0,0,0,0,0,0
24763,-0.19,-59,2849,0,0,0.00,98,139,74,149.19,118.61,0,0,0,0,0,0,0,0,0,0,0,0,0,0,0,0,0,0,0,0,0,0,0,0,0,0,0,0,0,0,0,0,0,0,0,0,0,0,0,0
24799,-0.21,184,2319,0,0,0.00,98,139,74,149.19,118.61,0,0,0,0,0,0,0,0,0,0,0,0,0,0,0,0,0,0,0,0,0,0,0,0,0,0,0,0,0,0,0,0,0,0,0,0,0,0,0,0
24835,-0.21,140,2038,0,0,0.00,98,139,74,149.19,118.61,0,0,0,0,0,0,0,0,0,0,0,0,0,0,0,0,0,0,0,0,0,0,0,0,0,0,0,0,0,0,0,0,0,0,0,0,0,0,0,0
24871,-0.17,-80,1932,0,0,0.00,98,139,74,149.19,118.61,0,0,0,0,0,0,0,0,0,0,0,0,0,0,0,0,0,0,0,0,0,0,0,0,0,0,0,0,0,0,0,0,0,0,0,0,0,0,0,0
24907,-0.16,-334,1904,0,0,0.00,98,139,74,149.19,118.61,0,0,0,0,0,0,0,0,0,0,0,0,0,0,0,0,0,0,0,0,0,0,0,0,0,0,0,0,0,0,0,0,0,0,0,0,0,0,0,0
24943,-0.18,-522,1988,0,0,0.00,98,139,74,149.19,118.61,0,0,0,0,0,0,0,0,0,0,0,0,0,0,0,0,0,0,0,0,0,0,0,0,0,0,0,0,0,0,0,0,0,0,0,0,0,0,0,0
24979,-0.23,-598,2114,0,0,0.00,98,139,74,149.19,118.61,0,0,0,0,0,0,0,0,0,0,0,0,0,0,0,0,0,0,0,0,0,0,0,0,0,0,0,0,0,0,0,0,0,0,0,0,0,0,0,0
25015,-0.22,-532,2730,0,0,0.00,98,139,74,149.19,118.61,0,0,0,0,0,0,0,0,0,0,0,0,0,0,0,0,0,0,0,0,0,0,0,0,0,0,0,0,0,0,0,0,0,0,0,0,0,0,0,0
25051,-0.15,-243,4095,0,0,0.00,98,139,74,149.19,118.61,0,0,0,0,0,0,0,0,0,0,0,0,0,0,0,0,0,0,0,0,0,0,0,0,0,0,0,0,0,0,0,0,0,0,0,0,0,0,0,0
25087,-0.28,268,4095,0,0,0.00,98,139,74,149.19,118.61,0,0,0,0,0,0,0,0,0,0,0,0,0,0,0,0,0,0,0,0,0,0,0,0,0,0,0,0,0,0,0,0,0,0,0,0,0,0,0,0
25123,-0.23,794,4095,0,0,0.00,98,139,74,149.19,118.61,0,0,0,0,0,0,0,0,0,0,0,0,0,0,0,0,0,0,0,0,0,0,0,0,0,0,0,0,0,0,0,0,0,0,0,0,0,0,0,0
25159,-0.20,1150,4095,0,0,0.00,98,139,74,149.19,118.61,0,0,0,0,0,0,0,0,0,0,0,0,0,0,0,0,0,0,0,0,0,0,0,0,0,0,0,0,0,0,0,0,0,0,0,0,0,0,0,0
25195,-0.26,1308,4095,0,0,0.00,98,139,74,149.19,118.61,0,0,0,0,0,0,0,0,0,0,0,0,0,0,0,0,0,0,0,0,0,0,0,0,0,0,0,0,0,0,0,0,0,0,0,0,0,0,0,0
25231,-0.20,1196,2315,0,0,0.00,98,139,74,149.19,118.61,0,0,0,0,0,0,0,0,0,0,0,0,0,0,0,0,0,0,0,0,0,0,0,0,0,0,0,0,0,0,0,0,0,0,0,0,0,0,0,0
25267,-0.12,651,737,0,0,0.00,98,139,74,149.19,118.61,0,0,0,0,0,0,0,0,0,0,0,0,0,0,0,0,0,0,0,0,0,0,0,0,0,0,0,0,0,0,0,0,0,0,0,0,0,0,0,0
25303,-0.17,-223,846,0,0,0.00,98,139,74,149.19,118.61,0,0,0,0,0,0,0,0,0,0,0,0,0,0,0,0,0,0,0,0,0,0,0,0,0,0,0,0,0,0,0,0,0,0,0,0,0,0,0,0
25339,-0.15,-979,1930,0,0,0.00,98,139,74,149.19,118.61,0,0,0,0,0,0,0,0,0,0,0,0,0,0,0,0,0,0,0,0,0,0,0,0,0,0,0,0,0,0,0,0,0,0,0,0,0,0,0,0
25375,-0.16,-1229,2945,0,0,0.00,98,139,74,149.19,118.61,0,0,0,0,0,0,0,0,0,0,0,0,0,0,0,0,0,0,0,0,0,0,0,0,0,0,0,0,0,0,0,0,0,0,0,0,0,0,0,0
25411,-0.17,-961,3327,0,0,0.00,98,139,74,149.19,118.61,0,0,0,0,0,0,0,0,0,0,0,0,0,0,0,0,0,0,0,0,0,0,0,0,0,0,0,0,0,0,0,0,0,0,0,0,0,0,0,0
25447,-0.18,-457,3024,0,0,0.00,98,139,74,149.19,118.61,0,0,0,0,0,0,0,0,0,0,0,0,0,0,0,0,0,0,0,0,0,0,0,0,0,0,0,0,0,0,0,0,0,0,0,0,0,0,0,0
25483,-0.22,-50,2542,0,0,0.00,98,139,74,149.19,118.61,0,0,0,0,0,0,0,0,0,0,0,0,0,0,0,0,0,0,0,0,0,0,0,0,0,0,0,0,0,0,0,0,0,0,0,0,0,0,0,0
25519,-0.21,96,2192,0,0,0.00,98,139,74,149.19,118.61,0,0,0,0,0,0,0,0,0,0,0,0,0,0,0,0,0,0,0,0,0,0,0,0,0,0,0,0,0,0,0,0,0,0,0,0,0,0,0,0
25555,-0.21,9,1977,0,0,0.00,98,139,74,149.19,118.61,0,0,0,0,0,0,0,0,0,0,0,0,0,0,0,0,0,0,0,0,0,0,0,0,0,0,0,0,0,0,0,0,0,0,0,0,0,0,0,0
25591,-0.19,-193,1935,0,0,0.00,98,139,74,149.19,118.61,0,0,0,0,0,0,0,0,0,0,0,0,0,0,0,0,0,0,0,0,0,0,0,0,0,0,0,0,0,0,0,0,0,0,0,0,0,0,0,0
25627,-0.18,-390,1981,0,0,0.00,98,139,74,149.19,118.61,0,0,0,0,0,0,0,0,0,0,0,0,0,0,0,0,0,0,0,0,0,0,0,0,0,0,0,0,0,0,0,0,0,0,0,0,0,0,0,0
25663,-0.22,-500,2176,0,0,0.00,98,139,74,149.19,118.61,0,0,0,0,0,0,0,0,0,0,0,0,0,0,0,0,0,0,0,0,0,0,0,0,0,0,0,0,0,0,0,0,0,0,0,0,0,0,0,0
25699,-0.18,-422,3425,0,0,0.00,98,139,74,149.19,118.61,0,0,0,0,0,0,0,0,0,0,0,0,0,0,0,0,0,0,0,0,0,0,0,0,0,0,0,0,0,0,0,0,0,0,0,0,0,0,0,0
25735,-0.23,-67,4095,0,0,0.00,98,139,74,149.19,118.61,0,0,0,0,0,0,0,0,0,0,0,0,0,0,0,0,0,0,0,0,0,0,0,0,0,0,0,0,0,0,0,0,0,0,0,0,0,0,0,0
25771,-0.15,456,4095,0,0,0.00,98,139,74,149.19,118.61,0,0,0,0,0,0,0,0,0,0,0,0,0,0,0,0,0,0,0,0,0,0,0,0,0,0,0,0,0,0,0,0,0,0,0,0,0,0,0,0
25807,-0.20,921,4095,0,0,0.00,98,139,74,149.19,118.61,0,0,0,0,0,0,0,0,0,0,0,0,0,0,0,0,0,0,0,0,0,0,0,0,0,0,0,0,0,0,0,0,0,0,0,0,0,0,0,0
25843,-0.20,1204,4095,0,0,0.00,98,139,74,149.19,118.61,0,0,0,0,0,0,0,0,0,0,0,0,0,0,0,0,0,0,0,0,0,0,0,0,0,0,0,0,0,0,0,0,0,0,0,0,0,0,0,0
25879,-0.21,1303,4095,0,0,0.00,98,139,74,149.19,118.61,0,0,0,0,0,0,0,0,0,0,0,0,0,0,0,0,0,0,0,0,0,0,0,0,0,0,0,0,0,0,0,0,0,0,0,0,0,0,0,0
25915,-0.14,1155,2305,0,0,0.00,98,139,74,149.19,118.61,0,0,0,0,0,0,0,0,0,0,0,0,0,0,0,0,0,0,0,0,0,0,0,0,0,0,0,0,0,0,0,0,0,0,0,0,0,0,0,0
25951,-0.24,579,506,0,0,0.00,98,139,74,149.19,118.61,0,0,0,0,0,0,0,0,0,0,0,0,0,0,0,0,0,0,0,0,0,0,0,0,0,0,0,0,0,0,0,0,0,0,0,0,0,0,0,0
25987,-0.16,-338,716,0,0,0.00,98,139,74,149.19,118.61,0,0,0,0,0,0,0,0,0,0,0,0,0,0,0,0,0,0,0,0,0,0,0,0,0,0,0,0,0,0,0,0,0,0,0,0,0,0,0,0
26023,-0.25,-1117,1917,0,0,0.00,98,139,74,149.19,118.61,0,0,0,0,0,0,0,0,0,0,0,0,0,0,0,0,0,0,0,0,0,0,0,0,0,0,0,0,0,0,0,0,0,0,0,0,0,0,0,0
26059,-0.15,-1354,2922,0,0,0.00,98,139,74,149.19,118.61,0,0,0,0,0,0,0,0,0,0,0,0,0,0,0,0,0,0,0,0,0,0,0,0,0,0,0,0,0,0,0,0,0,0,0,0,0,0,0,0
26095,-0.22,-1058,3200,0,0,0.00,98,139,74,149.19,118.61,0,0,0,0,0,0,0,0,0,0,0,0,0,0,0,0,0,0,0,0,0,0,0,0,0,0,0,0,0,0,0,0,0,0,0,0,0,0,0,0
26131,-0.23,-545,2862,0,0,0.00,98,139,74,149.19,118.61,0,0,0,0,0,0,0,0,0,0,0,0,0,0,0,0,0,0,0,0,0,0,0,0,0,0,0,0,0,0,0,0,0,0,0,0,0,0,0,0
26167,-0.21,-146,2371,0,0,0.00,98,139,74,149.19,118.61,0,0,0,0,0,0,0,0,0,0,0,0,0,0,0,0,0,0,0,0,0,0,0,0,0,0,0,0,0,0,0,0,0,0,0,0,0,0,0,0
26203,-0.23,-15,1984,0,0,0.00,98,139,74,149.19,118.61,0,0,0,0,0,0,0,0,0,0,0,0,0,0,0,0,0,0,0,0,0,0,0,0,0,0,0,0,0,0,0,0,0,0,0,0,0,0,0,0
26239,-0.23,-117,1798,0,0,0.00,98,139,74,149.19,118.61,0,0,0,0,0,0,0,0,0,0,0,0,0,0,0,0,0,0,0,0,0,0,0,0,0,0,0,0,0,0,0,0,0,0,0,0,0,0,0,0
26275,-0.17,-321,1801,0,0,0.00,98,139,74,149.19,118.61,0,0,0,0,0,0,0,0,0,0,0,0,0,0,0,0,0,0,0,0,0,0,0,0,0,0,0,0,0,0,0,0,0,0,0,0,0,0,0,0
26311,-0.20,-498,1919,0,0,0.00,98,139,74,149.19,118.61,0,0,0,0,0,0,0,0,0,0,0,0,0,0,0,0,0,0,0,0,0,0,0,0,0,0,0,0,0,0,0,0,0,0,0,0,0,0,0,0
26347,-0.23,-569,2142,0,0,0.00,98,139,74,149.19,118.61,0,0,0,0,0,0,0,0,0,0,0,0,0,0,0,0,0,0,0,0,0,0,0,0,0,0,0,0,0,0,0,0,0,0,0,0,0,0,0,0
26383,-0.20,-460,3152,0,0,0.00,98,139,74,149.19,118.61,0,0,0,0,0,0,0,0,0,0,0,0,0,0,0,0,0,0,0,0,0,0,0,0,0,0,0,0,0,0,0,0,0,0,0,0,0,0,0,0
26419,-0.20,-96,4095,0,0,0.00,98,139,74,149.19,118.61,0,0,0,0,0,0,0,0,0,0,0,0,0,0,0,0,0,0,0,0,0,0,0,0,0,0,0,0,0,0,0,0,0,0,0,0,0,0,0,0
26455,-0.23,446,4095,0,0,0.00,98,139,74,149.19,118.61,0,0,0,0,0,0,0,0,0,0,0,0,0,0,0,0,0,0,0,0,0,0,0,0,0,0,0,0,0,0,0,0,0,0,0,0,0,0,0,0
26491,-0.11,948,4095,0,0,0.00,98,139,74,149.19,118.61,0,0,0,0,0,0,0,0,0,0,0,0,0,0,0,0,0,0,0,0,0,0,0,0,0,0,0,0,0,0,0,0,0,0,0,0,0,0,0,0
26527,-0.21,1263,4095,0,0,0.00,98,139,74,149.19,118.61,0,0,0,0,0,0,0,0,0,0,0,0,0,0,0,0,0,0,0,0,0,0,0,0,0,0,0,0,0,0,0,0,0,0,0,0,0,0,0,0
26563,-0.23,1383,4095,0,0,0.00,98,139,74,149.19,118.61,0,0,0,0,0,0,0,0,0,0,0,0,0,0,0,0,0,0,0,0,0,0,0,0,0,0,0,0,0,0,0,0,0,0,0,0,0,0,0,0
26599,-0.20,1226,2022,0,0,0.00,98,139,74,149.19,118.61,0,0,0,0,0,0,0,0,0,0,0,0,0,0,0,0,0,0,0,0,0,0,0,0,0,0,0,0,0,0,0,0,0,0,0,0,0,0,0,0
26635,-0.19,610,466,0,0,0.00,98,139,74,149.19,118.61,0,0,0,0,0,0,0,0,0,0,0,0,0,0,0,0,0,0,0,0,0,0,0,0,0,0,0,0,0,0,0,0,0,0,0,0,0,0,0,0
26671,-0.18,-328,743,0,0,0.00,98,139,74,149.19,118.61,0,0,0,0,0,0,0,0,0,0,0,0,0,0,0,0,0,0,0,0,0,0,0,0,0,0,0,0,0,0,0,0,0,0,0,0,0,0,0,0
26707,-0.17,-1093,1920,0,0,0.00,98,139,74,149.19,118.61,0,0,0,0,0,0,0,0,0,0,0,0,0,0,0,0,0,0,0,0,0,0,0,0,0,0,0,0,0,0,0,0,0,0,0,0,0,0,0,0
26743,-0.22,-1304,2919,0,0,0.00,98,139,74,149.19,118.61,0,0,0,0,0,0,0,0,0,0,0,0,0,0,0,0,0,0,0,0,0,0,0,0,0,0,0,0,0,0,0,0,0,0,0,0,0,0,0,0
26779,-0.18,-987,3233,0,0,0.00,98,139,74,149.19,118.61,0,0,0,0,0,0,0,0,0,0,0,0,0,0,0,0,0,0,0,0,0,0,0,0,0,0,0,0,0,0,0,0,0,0,0,0,0,0,0,0
26815,-0.13,-457,2906,0,0,0.00,98,139,74,149.19,118.61,0,0,0,0,0,0,0,0,0,0,0,0,0,0,0,0,0,0,0,0,0,0,0,0,0,0,0,0,0,0,0,0,0,0,0,0,0,0,0,0
26851,-0.16,-45,2427,0,0,0.00,98,139,74,149.19,118.61,0,0,0,0,0,0,0,0,0,0,0,0,0,0,0,0,0,0,0,0,0,0,0,0,0,0,0,0,0,0,0,0,0,0,0,0,0,0,0,0
26887,-0.18,95,2075,0,0,0.00,98,139,74,149.19,118.61,0,0,0,0,0,0,0,0,0,0,0,0,0,0,0,0,0,0,0,0,0,0,0,0,0,0,0,0,0,0,0,0,0,0,0,0,0,0,0,0
26923,1.25,4,1905,0,0,0.00,98,139,74,149.19,118.61,0,0,0,0,0,0,0,0,0,0,0,0,0,0,0,0,0,0,0,0,0,0,0,0,0,0,0,0,0,0,0,0,0,0,0,0,0,0,0,0
26959,3.33,-190,1921,0,0,0.00,98,139,74,149.19,118.61,0,0,0,0,0,0,0,0,0,0,0,0,0,0,0,0,0,0,0,0,0,0,0,0,0,0,0,0,0,0,0,0,0,0,0,0,0,0,0,0
26995,2.52,-364,1999,0,0,0.00,98,139,74,149.19,118.61,0,0,0,0,0,0,0,0,0,0,0,0,0,0,0,0,0,0,0,0,0,0,0,0,0,0,0,0,0,0,0,0,0,0,0,0,0,0,0,0
27031,2.93,-446,2153,0,0,0.00,98,139,74,149.19,118.61,0,0,0,0,0,0,0,0,0,0,0,0,0,0,0,0,0,0,0,0,0,0,0,0,0,0,0,0,0,0,0,0,0,0,0,0,0,0,0,0
27067,3.02,-371,3088,0,0,0.00,98,139,74,149.19,118.61,0,0,0,0,0,0,0,0,0,0,0,0,0,0,0,0,0,0,0,0,0,0,0,0,0,0,0,0,0,0,0,0,0,0,0,0,0,0,0,0
27103,9.38,-52,4095,0,0,0.00,98,139,74,149.19,118.61,0,0,0,0,0,0,0,0,0,0,0,0,0,0,0,0,0,0,0,0,0,0,0,0,0,0,0,0,0,0,0,0,0,0,0,0,0,0,0,0
27139,9.38,458,4095,0,0,0.00,98,139,74,149.19,118.61,0,0,0,0,0,0,0,0,0,0,0,0,0,0,0,0,0,0,0,0,0,0,0,0,0,0,0,0,0,0,0,0,0,0,0,0,0,0,0,0
27175,9.57,944,4095,0,0,0.00,98,139,74,149.19,118.61,0,0,0,0,0,0,0,0,0,0,0,0,0,0,0,0,0,0,0,0,0,0,0,0,0,0,0,0,0,0,0,0,0,0,0,0,0,0,0,0
27211,8.85,1254,4095,0,0,0.00,98,139,74,149.19,118.61,0,0,0,0,0,0,0,0,0,0,0,0,0,0,0,0,0,0,0,0,0,0,0,0,0,0,0,0,0,0,0,0,0,0,0,0,0,0,0,0
27247,7.22,1376,4095,0,0,0.00,98,139,74,149.19,118.61,0,0,0,0,0,0,0,0,0,0,0,0,0,0,0,0,0,0,0,0,0,0,0,0,0,0,0,0,0,0,0,0,0,0,0,0,0,0,0,0
27283,10.02,1176,1333,0,0,0.00,98,139,74,149.19,118.61,0,0,0,0,0,0,0,0,0,0,0,0,0,0,0,0,0,0,0,0,0,0,0,0,0,0,0,0,0,0,0,0,0,0,0,0,0,0,0,0
27319,11.72,467,391,0,0,0.00,98,139,74,149.19,118.61,0,0,0,0,0,0,0,0,0,0,0,0,0,0,0,0,0,0,0,0,0,0,0,0,0,0,0,0,0,0,0,0,0,0,0,0,0,0,0,0
27355,9.53,-495,1043,0,0,0.00,98,139,74,149.19,118.61,0,0,0,0,0,0,0,0,0,0,0,0,0,0,0,0,0,0,0,0,0,0,0,0,0,0,0,0,0,0,0,0,0,0,0,0,0,0,0,0
27391,7.58,-1151,2314,0,0,0.00,98,139,74,149.19,118.61,0,0,0,0,0,0,0,0,0,0,0,0,0,0,0,0,0,0,0,0,0,0,0,0,0,0,0,0,0,0,0,0,0,0,0,0,0,0,0,0
27427,12.88,-1206,3205,0,0,0.00,98,139,74,149.19,118.61,0,0,0,0,0,0,0,0,0,0,0,0,0,0,0,0,0,0,0,0,0,0,0,0,0,0,0,0,0,0,0,0,0,0,0,0,0,0,0,0
27463,11.64,-784,3327,0,0,0.00,98,139,74,149.19,118.61,0,0,0,0,0,0,0,0,0,0,0,0,0,0,0,0,0,0,0,0,0,0,0,0,0,0,0,0,0,0,0,0,0,0,0,0,0,0,0,0
27499,9.06,-242,2897,0,0,0.00,98,139,74,149.19,118.61,0,0,0,0,0,0,0,0,0,0,0,0,0,0,0,0,0,0,0,0,0,0,0,0,0,0,0,0,0,0,0,0,0,0,0,0,0,0,0,0
27535,12.83,110,2422,0,0,0.00,98,139,74,149.19,118.61,0,0,0,0,0,0,0,0,0,0,0,0,0,0,0,0,0,0,0,0,0,0,0,0,0,0,0,0,0,0,0,0,0,0,0,0,0,0,0,0
27571,12.71,177,2128,0,0,0.00,98,139,74,149.19,118.61,0,0,0,0,0,0,0,0,0,0,0,0,0,0,0,0,0,0,0,0,0,0,0,0,0,0,0,0,0,0,0,0,0,0,0,0,0,0,0,0
27607,9.70,35,1994,0,0,0.00,98,139,74,149.19,118.61,0,0,0,0,0,0,0,0,0,0,0,0,0,0,0,0,0,0,0,0,0,0,0,0,0,0,0,0,0,0,0,0,0,0,0,0,0,0,0,0
27643,12.99,-179,1999,0,0,0.00,98,139,74,149.19,118.61,0,0,0,0,0,0,0,0,0,0,0,0,0,0,0,0,0,0,0,0,0,0,0,0,0,0,0,0,0,0,0,0,0,0,0,0,0,0,0,0
27679,13.05,-353,2123,0,0,0.00,98,139,74,149.19,118.61,0,0,0,0,0,0,0,0,0,0,0,0,0,0,0,0,0,0,0,0,0,0,0,0,0,0,0,0,0,0,0,0,0,0,0,0,0,0,0,0
27715,10.19,-376,3009,0,0,0.00,98,139,74,149.19,118.61,0,0,0,0,0,0,0,0,0,0,0,0,0,0,0,0,0,0,0,0,0,0,0,0,0,0,0,0,0,0,0,0,0,0,0,0,0,0,0,0
27751,14.20,-132,4095,0,0,0.00,98,139,74,149.19,118.61,0,0,0,0,0,0,0,0,0,0,0,0,0,0,0,0,0,0,0,0,0,0,0,0,0,0,0,0,0,0,0,0,0,0,0,0,0,0,0,0
27787,13.97,340,4095,0,0,0.00,98,139,74,149.19,118.61,0,0,0,0,0,0,0,0,0,0,0,0,0,0,0,0,0,0,0,0,0,0,0,0,0,0,0,0,0,0,0,0,0,0,0,0,0,0,0,0
27823,11.17,823,4095,0,0,0.00,98,139,74,149.19,118.61,0,0,0,0,0,0,0,0,0,0,0,0,0,0,0,0,0,0,0,0,0,0,0,0,0,0,0,0,0,0,0,0,0,0,0,0,0,0,0,0
27859,14.77,1145,4095,0,0,0.00,98,139,74,149.19,118.61,0,0,0,0,0,0,0,0,0,0,0,0,0,0,0,0,0,0,0,0,0,0,0,0,0,0,0,0,0,0,0,0,0,0,0,0,0,0,0,0
27895,14.89,1282,4095,0,0,0.00,98,139,74,149.19,118.61,0,0,0,0,0,0,0,0,0,0,0,0,0,0,0,0,0,0,0,0,0,0,0,0,0,0,0,0,0,0,0,0,0,0,0,0,0,0,0,0
27931,12.04,1123,1739,0,0,0.00,98,139,74,149.19,118.61,0,0,0,0,0,0,0,0,0,0,0,0,0,0,0,0,0,0,0,0,0,0,0,0,0,0,0,0,0,0,0,0,0,0,0,0,0,0,0,0
27967,14.69,482,458,0,0,0.00,98,139,74,149.19,118.61,0,0,0,0,0,0,0,0,0,0,0,0,0,0,0,0,0,0,0,0,0,0,0,0,0,0,0,0,0,0,0,0,0,0,0,0,0,0,0,0
28003,15.58,-447,971,0,0,0.00,98,139,74,149.19,118.61,0,0,0,0,0,0,0,0,0,0,0,0,0,0,0,0,0,0,0,0,0,0,0,0,0,0,0,0,0,0,0,0,0,0,0,0,0,0,0,0
28039,13.04,-1136,2258,0,0,0.00,98,139,74,149.19,118.61,0,0,0,0,0,0,0,0,0,0,0,0,0,0,0,0,0,0,0,0,0,0,0,0,0,0,0,0,0,0,0,0,0,0,0,0,0,0,0,0
28075,14.96,-1243,3189,0,0,0.00,98,139,74,149.19,118.61,0,0,0,0,0,0,0,0,0,0,0,0,0,0,0,0,0,0,0,0,0,0,0,0,0,0,0,0,0,0,0,0,0,0,0,0,0,0,0,0
28111,16.91,-856,3347,0,0,0.00,98,139,74,149.19,118.61,0,0,0,0,0,0,0,0,0,0,0,0,0,0,0,0,0,0,0,0,0,0,0,0,0,0,0,0,0,0,0,0,0,0,0,0,0,0,0,0
28147,14.16,-325,2923,0,0,0.00,98,139,74,149.19,118.61,0,0,0,0,0,0,0,0,0,0,0,0,0,0,0,0,0,0,0,0,0,0,0,0,0,0,0,0,0,0,0,0,0,0,0,0,0,0,0,0
28183,14.47,35,2449,0,0,0.00,98,139,74,149.19,118.61,0,0,0,0,0,0,0,0,0,0,0,0,0,0,0,0,0,0,0,0,0,0,0,0,0,0,0,0,0,0,0,0,0,0,0,0,0,0,0,0
28219,17.92,113,2107,0,0,0.00,98,139,74,149.19,118.61,0,0,0,0,0,0,0,0,0,0,0,0,0,0,0,0,0,0,0,0,0,0,0,0,0,0,0,0,0,0,0,0,0,0,0,0,0,0,0,0
28255,15.42,-24,1977,0,0,0.00,98,139,74,149.19,118.61,0,0,0,0,0,0,0,0,0,0,0,0,0,0,0,0,0,0,0,0,0,0,0,0,0,0,0,0,0,0,0,0,0,0,0,0,0,0,0,0
28291,13.42,-239,2003,0,0,0.00,98,139,74,149.19,118.61,0,0,0,0,0,0,0,0,0,0,0,0,0,0,0,0,0,0,0,0,0,0,0,0,0,0,0,0,0,0,0,0,0,0,0,0,0,0,0,0
28327,18.70,-394,2369,0,0,0.00,98,139,74,149.19,118.61,0,0,0,0,0,0,0,0,0,0,0,0,0,0,0,0,0,0,0,0,0,0,0,0,0,0,0,0,0,0,0,0,0,0,0,0,0,0,0,0
28363,16.98,-310,4095,0,0,0.00,98,139,74,149.19,118.61,0,0,0,0,0,0,0,0,0,0,0,0,0,0,0,0,0,0,0,0,0,0,0,0,0,0,0,0,0,0,0,0,0,0,0,0,0,0,0,0
28399,14.52,94,4095,0,0,0.00,98,139,74,149.19,118.61,0,0,0,0,0,0,0,0,0,0,0,0,0,0,0,0,0,0,0,0,0,0,0,0,0,0,0,0,0,0,0,0,0,0,0,0,0,0,0,0
28435,18.39,609,4095,0,0,0.00,98,139,74,149.19,118.61,0,0,0,0,0,0,0,0,0,0,0,0,0,0,0,0,0,0,0,0,0,0,0,0,0,0,0,0,0,0,0,0,0,0,0,0,0,0,0,0
28471,18.70,998,4095,0,0,0.00,98,139,74,149.19,118.61,0,0,0,0,0,0,0,0,0,0,0,0,0,0,0,0,0,0,0,0,0,0,0,0,0,0,0,0,0,0,0,0,0,0,0,0,0,0,0,0
28507,16.31,1198,4095,0,0,0.00,98,139,74,149.19,118.61,0,0,0,0,0,0,0,0,0,0,0,0,0,0,0,0,0,0,0,0,0,0,0,0,0,0,0,0,0,0,0,0,0,0,0,0,0,0,0,0
28543,17.12,1179,3194,0,0,0.00,98,139,74,149.19,118.61,0,0,0,0,0,0,0,0,0,0,0,0,0,0,0,0,0,0,0,0,0,0,0,0,0,0,0,0,0,0,0,0,0,0,0,0,0,0,0,0
28579,20.50,782,837,0,0,0.00,98,139,74,149.19,118.61,0,0,0,0,0,0,0,0,0,0,0,0,0,0,0,0,0,0,0,0,0,0,0,0,0,0,0,0,0,0,0,0,0,0,0,0,0,0,0,0
28615,18.08,-40,561,0,0,0.00,98,139,74,149.19,118.61,0,0,0,0,0,0,0,0,0,0,0,0,0,0,0,0,0,0,0,0,0,0,0,0,0,0,0,0,0,0,0,0,0,0,0,0,0,0,0,0
28651,15.75,-900,1636,0,0,0.00,98,139,74,149.19,118.61,0,0,0,0,0,0,0,0,0,0,0,0,0,0,0,0,0,0,0,0,0,0,0,0,0,0,0,0,0,0,0,0,0,0,0,0,0,0,0,0
28687,20.69,-1299,2864,0,0,0.00,98,139,74,149.19,118.61,0,0,0,0,0,0,0,0,0,0,0,0,0,0,0,0,0,0,0,0,0,0,0,0,0,0,0,0,0,0,0,0,0,0,0,0,0,0,0,0
28723,19.91,-1102,3547,0,0,0.00,98,139,74,149.19,118.61,0,0,0,0,0,0,0,0,0,0,0,0,0,0,0,0,0,0,0,0,0,0,0,0,0,0,0,0,0,0,0,0,0,0,0,0,0,0,0,0
28759,17.33,-559,3341,0,0,0.00,98,139,74,149.19,118.61,0,0,0,0,0,0,0,0,0,0,0,0,0,0,0,0,0,0,0,0,0,0,0,0,0,0,0,0,0,0,0,0,0,0,0,0,0,0,0,0
28795,19.60,-52,2774,0,0,0.00,98,139,74,149.19,118.61,0,0,0,0,0,0,0,0,0,0,0,0,0,0,0,0,0,0,0,0,0,0,0,0,0,0,0,0,0,0,0,0,0,0,0,0,0,0,0,0
28831,21.15,176,2349,0,0,0.00,98,139,74,149.19,118.61,0,0,0,0,0,0,0,0,0,0,0,0,0,0,0,0,0,0,0,0,0,0,0,0,0,0,0,0,0,0,0,0,0,0,0,0,0,0,0,0
28867,18.30,122,2127,0,0,0.00,98,139,74,149.19,118.61,0,0,0,0,0,0,0,0,0,0,0,0,0,0,0,0,0,0,0,0,0,0,0,0,0,0,0,0,0,0,0,0,0,0,0,0,0,0,0,0
28903,18.42,-87,2045,0,0,0.00,98,139,74,149.19,118.61,0,0,0,0,0,0,0,0,0,0,0,0,0,0,0,0,0,0,0,0,0,0,0,0,0,0,0,0,0,0,0,0,0,0,0,0,0,0,0,0
28939,21.94,-310,2118,0,0,0.00,98,139,74,149.19,118.61,0,0,0,0,0,0,0,0,0,0,0,0,0,0,0,0,0,0,0,0,0,0,0,0,0,0,0,0,0,0,0,0,0,0,0,0,0,0,0,0
28975,19.79,-418,2768,0,0,0.00,98,139,74,149.19,118.61,0,0,0,0,0,0,0,0,0,0,0,0,0,0,0,0,0,0,0,0,0,0,0,0,0,0,0,0,0,0,0,0,0,0,0,0,0,0,0,0
29011,17.67,-266,4095,0,0,0.00,98,139,74,149.19,118.61,0,0,0,0,0,0,0,0,0,0,0,0,0,0,0,0,0,0,0,0,0,0,0,0,0,0,0,0,0,0,0,0,0,0,0,0,0,0,0,0
29047,22.82,159,4095,0,0,0.00,98,139,74,149.19,118.61,0,0,0,0,0,0,0,0,0,0,0,0,0,0,0,0,0,0,0,0,0,0,0,0,0,0,0,0,0,0,0,0,0,0,0,0,0,0,0,0
29083,21.47,645,4095,0,0,0.00,98,139,74,149.19,118.61,0,0,0,0,0,0,0,0,0,0,0,0,0,0,0,0,0,0,0,0,0,0,0,0,0,0,0,0,0,0,0,0,0,0,0,0,0,0,0,0
29119,19.06,992,4095,0,0,0.00,98,139,74,149.19,118.61,0,0,0,0,0,0,0,0,0,0,0,0,0,0,0,0,0,0,0,0,0,0,0,0,0,0,0,0,0,0,0,0,0,0,0,0,0,0,0,0
29155,21.77,1158,4095,0,0,0.00,98,139,74,149.19,118.61,0,0,0,0,0,0,0,0,0,0,0,0,0,0,0,0,0,0,0,0,0,0,0,0,0,0,0,0,0,0,0,0,0,0,0,0,0,0,0,0
29191,23.34,1177,4095,0,0,0.00,98,139,74,149.19,118.61,0,0,0,0,0,0,0,0,0,0,0,0,0,0,0,0,0,0,0,0,0,0,0,0,0,0,0,0,0,0,0,0,0,0,0,0,0,0,0,0
29227,21.00,927,1361,0,0,0.00,98,139,74,149.19,118.61,0,0,0,0,0,0,0,0,0,0,0,0,0,0,0,0,0,0,0,0,0,0,0,0,0,0,0,0,0,0,0,0,0,0,0,0,0,0,0,0
29263,20.06,220,595,0,0,0.00,98,139,74,149.19,118.61,0,0,0,0,0,0,0,0,0,0,0,0,0,0,0,0,0,0,0,0,0,0,0,0,0,0,0,0,0,0,0,0,0,0,0,0,0,0,0,0
29299,25.04,-673,1505,0,0,0.00,98,139,74,149.19,118.61,0,0,0,0,0,0,0,0,0,0,0,0,0,0,0,0,0,0,0,0,0,0,0,0,0,0,0,0,0,0,0,0,0,0,0,0,0,0,0,0
29335,22.94,-1214,2691,0,0,0.00,98,139,74,149.19,118.61,0,0,0,0,0,0,0,0,0,0,0,0,0,0,0,0,0,0,0,0,0,0,0,0,0,0,0,0,0,0,0,0,0,0,0,0,0,0,0,0
29371,20.71,-1181,3321,0,0,0.00,98,139,74,149.19,118.61,0,0,0,0,0,0,0,0,0,0,0,0,0,0,0,0,0,0,0,0,0,0,0,0,0,0,0,0,0,0,0,0,0,0,0,0,0,0,0,0
29407,23.84,-767,3149,0,0,0.00,98,139,74,149.19,118.61,0,0,0,0,0,0,0,0,0,0,0,0,0,0,0,0,0,0,0,0,0,0,0,0,0,0,0,0,0,0,0,0,0,0,0,0,0,0,0,0
29443,25.14,-327,2669,0,0,0.00,98,139,74,149.19,118.61,0,0,0,0,0,0,0,0,0,0,0,0,0,0,0,0,0,0,0,0,0,0,0,0,0,0,0,0,0,0,0,0,0,0,0,0,0,0,0,0
29479,22.72,-101,2254,0,0,0.00,98,139,74,149.19,118.61,0,0,0,0,0,0,0,0,0,0,0,0,0,0,0,0,0,0,0,0,0,0,0,0,0,0,0,0,0,0,0,0,0,0,0,0,0,0,0,0
29515,20.93,-120,2014,0,0,0.00,98,139,74,149.19,118.61,0,0,0,0,0,0,0,0,0,0,0,0,0,0,0,0,0,0,0,0,0,0,0,0,0,0,0,0,0,0,0,0,0,0,0,0,0,0,0,0
29551,26.24,-280,2023,0,0,0.00,98,139,74,149.19,118.61,0,0,0,0,0,0,0,0,0,0,0,0,0,0,0,0,0,0,0,0,0,0,0,0,0,0,0,0,0,0,0,0,0,0,0,0,0,0,0,0
29587,25.22,-447,2124,0,0,0.00,98,139,74,149.19,118.61,0,0,0,0,0,0,0,0,0,0,0,0,0,0,0,0,0,0,0,0,0,0,0,0,0,0,0,0,0,0,0,0,0,0,0,0,0,0,0,0
29623,22.94,-533,2245,0,0,0.00,98,139,74,149.19,118.61,0,0,0,0,0,0,0,0,0,0,0,0,0,0,0,0,0,0,0,0,0,0,0,0,0,0,0,0,0,0,0,0,0,0,0,0,0,0,0,0
29659,24.06,-474,3065,0,0,0.00,98,139,74,149.19,118.61,0,0,0,0,0,0,0,0,0,0,0,0,0,0,0,0,0,0,0,0,0,0,0,0,0,0,0,0,0,0,0,0,0,0,0,0,0,0,0,0
29695,27.25,-184,4095,0,0,0.00,98,139,74,149.19,118.61,0,0,0,0,0,0,0,0,0,0,0,0,0,0,0,0,0,0,0,0,0,0,0,0,0,0,0,0,0,0,0,0,0,0,0,0,0,0,0,0
29731,25.36,298,4095,0,0,0.00,98,139,74,149.19,118.61,0,0,0,0,0,0,0,0,0,0,0,0,0,0,0,0,0,0,0,0,0,0,0,0,0,0,0,0,0,0,0,0,0,0,0,0,0,0,0,0
29767,23.14,771,4095,0,0,0.00,98,139,74,149.19,118.61,0,0,0,0,0,0,0,0,0,0,0,0,0,0,0,0,0,0,0,0,0,0,0,0,0,0,0,0,0,0,0,0,0,0,0,0,0,0,0,0
29803,26.29,1081,4095,0,0,0.00,98,139,74,149.19,118.61,0,0,0,0,0,0,0,0,0,0,0,0,0,0,0,0,0,0,0,0,0,0,0,0,0,0,0,0,0,0,0,0,0,0,0,0,0,0,0,0
29839,27.86,1211,4095,0,0,0.00,98,139,74,149.19,118.61,0,0,0,0,0,0,0,0,0,0,0,0,0,0,0,0,0,0,0,0,0,0,0,0,0,0,0,0,0,0,0,0,0,0,0,0,0,0,0,0
29875,25.87,1104,2559,0,0,0.00,98,139,74,149.19,118.61,0,0,0,0,0,0,0,0,0,0,0,0,0,0,0,0,0,0,0,0,0,0,0,0,0,0,0,0,0,0,0,0,0,0,0,0,0,0,0,0
29911,23.99,593,703,0,0,0.00,98,139,74,149.19,118.61,0,0,0,0,0,0,0,0,0,0,0,0,0,0,0,0,0,0,0,0,0,0,0,0,0,0,0,0,0,0,0,0,0,0,0,0,0,0,0,0
29947,28.26,-269,779,0,0,0.00,98,139,74,149.19,118.61,0,0,0,0,0,0,0,0,0,0,0,0,0,0,0,0,0,0,0,0,0,0,0,0,0,0,0,0,0,0,0,0,0,0,0,0,0,0,0,0
29983,28.82,-1042,1875,0,0,0.00,98,139,74,149.19,118.61,0,0,0,0,0,0,0,0,0,0,0,0,0,0,0,0,0,0,0,0,0,0,0,0,0,0,0,0,0,0,0,0,0,0,0,0,0,0,0,0
30019,26.77,-1316,2896,0,0,0.00,98,139,74,149.19,118.61,0,0,0,0,0,0,0,0,0,0,0,0,0,0,0,0,0,0,0,0,0,0,0,0,0,0,0,0,0,0,0,0,0,0,0,0,0,0,0,0
30055,25.00,-1065,3205,0,0,0.00,98,139,74,149.19,118.61,0,0,0,0,0,0,0,0,0,0,0,0,0,0,0,0,0,0,0,0,0,0,0,0,0,0,0,0,0,0,0,0,0,0,0,0,0,0,0,0
30091,29.64,-580,2880,0,0,0.00,98,139,74,149.19,118.61,0,0,0,0,0,0,0,0,0,0,0,0,0,0,0,0,0,0,0,0,0,0,0,0,0,0,0,0,0,0,0,0,0,0,0,0,0,0,0,0
30127,29.90,-187,2432,0,0,0.00,98,139,74,149.19,118.61,0,0,0,0,0,0,0,0,0,0,0,0,0,0,0,0,0,0,0,0,0,0,0,0,0,0,0,0,0,0,0,0,0,0,0,0,0,0,0,0
30163,27.93,-38,2128,0,0,0.00,98,139,74,149.19,118.61,0,0,0,0,0,0,0,0,0,0,0,0,0,0,0,0,0,0,0,0,0,0,0,0,0,0,0,0,0,0,0,0,0,0,0,0,0,0,0,0
30199,26.17,-100,1989,0,0,0.00,98,139,74,149.19,118.61,0,0,0,0,0,0,0,0,0,0,0,0,0,0,0,0,0,0,0,0,0,0,0,0,0,0,0,0,0,0,0,0,0,0,0,0,0,0,0,0
30235,30.53,-258,1987,0,0,0.00,98,139,74,149.19,118.61,0,0,0,0,0,0,0,0,0,0,0,0,0,0,0,0,0,0,0,0,0,0,0,0,0,0,0,0,0,0,0,0,0,0,0,0,0,0,0,0
30271,31.26,-399,2082,0,0,0.00,98,139,74,149.19,118.61,0,0,0,0,0,0,0,0,0,0,0,0,0,0,0,0,0,0,0,0,0,0,0,0,0,0,0,0,0,0,0,0,0,0,0,0,0,0,0,0
30307,29.50,-461,2193,0,0,0.00,98,139,74,149.19,118.61,0,0,0,0,0,0,0,0,0,0,0,0,0,0,0,0,0,0,0,0,0,0,0,0,0,0,0,0,0,0,0,0,0,0,0,0,0,0,0,0
30343,27.55,-422,2469,0,0,0.00,98,139,74,149.19,118.61,0,0,0,0,0,0,0,0,0,0,0,0,0,0,0,0,0,0,0,0,0,0,0,0,0,0,0,0,0,0,0,0,0,0,0,0,0,0,0,0
30379,30.78,-196,4095,0,0,0.00,98,139,74,149.19,118.61,0,0,0,0,0,0,0,0,0,0,0,0,0,0,0,0,0,0,0,0,0,0,0,0,0,0,0,0,0,0,0,0,0,0,0,0,0,0,0,0
30415,32.74,268,4095,0,0,0.00,98,139,74,149.19,118.61,0,0,0,0,0,0,0,0,0,0,0,0,0,0,0,0,0,0,0,0,0,0,0,0,0,0,0,0,0,0,0,0,0,0,0,0,0,0,0,0
30451,31.22,787,4095,0,0,0.00,98,139,74,149.19,118.61,0,0,0,0,0,0,0,0,0,0,0,0,0,0,0,0,0,0,0,0,0,0,0,0,0,0,0,0,0,0,0,0,0,0,0,0,0,0,0,0
30487,29.44,1154,4095,0,0,0.00,98,139,74,149.19,118.61,0,0,0,0,0,0,0,0,0,0,0,0,0,0,0,0,0,0,0,0,0,0,0,0,0,0,0,0,0,0,0,0,0,0,0,0,0,0,0,0
30523,30.56,1327,4095,0,0,0.00,98,139,74,149.19,118.61,0,0,0,0,0,0,0,0,0,0,0,0,0,0,0,0,0,0,0,0,0,0,0,0,0,0,0,0,0,0,0,0,0,0,0,0,0,0,0,0
30559,34.44,1263,2846,0,0,0.00,98,139,74,149.19,118.61,0,0,0,0,0,0,0,0,0,0,0,0,0,0,0,0,0,0,0,0,0,0,0,0,0,0,0,0,0,0,0,0,0,0,0,0,0,0,0,0
30595,33.34,807,864,0,0,0.00,98,139,74,149.19,118.61,0,0,0,0,0,0,0,0,0,0,0,0,0,0,0,0,0,0,0,0,0,0,0,0,0,0,0,0,0,0,0,0,0,0,0,0,0,0,0,0
30631,31.23,-29,687,0,0,0.00,98,139,74,149.19,118.61,0,0,0,0,0,0,0,0,0,0,0,0,0,0,0,0,0,0,0,0,0,0,0,0,0,0,0,0,0,0,0,0,0,0,0,0,0,0,0,0
30667,31.20,-847,1719,0,0,0.00,98,139,74,149.19,118.61,0,0,0,0,0,0,0,0,0,0,0,0,0,0,0,0,0,0,0,0,0,0,0,0,0,0,0,0,0,0,0,0,0,0,0,0,0,0,0,0
30703,35.79,-1198,2863,0,0,0.00,98,139,74,149.19,118.61,0,0,0,0,0,0,0,0,0,0,0,0,0,0,0,0,0,0,0,0,0,0,0,0,0,0,0,0,0,0,0,0,0,0,0,0,0,0,0,0
30739,34.63,-988,3455,0,0,0.00,98,139,74,149.19,118.61,0,0,0,0,0,0,0,0,0,0,0,0,0,0,0,0,0,0,0,0,0,0,0,0,0,0,0,0,0,0,0,0,0,0,0,0,0,0,0,0
30775,32.58,-469,3199,0,0,0.00,98,139,74,149.19,118.61,0,0,0,0,0,0,0,0,0,0,0,0,0,0,0,0,0,0,0,0,0,0,0,0,0,0,0,0,0,0,0,0,0,0,0,0,0,0,0,0
30811,32.27,-4,2694,0,0,0.00,98,139,74,149.19,118.61,0,0,0,0,0,0,0,0,0,0,0,0,0,0,0,0,0,0,0,0,0,0,0,0,0,0,0,0,0,0,0,0,0,0,0,0,0,0,0,0
30847,37.08,193,2266,0,0,0.00,98,139,74,149.19,118.61,0,0,0,0,0,0,0,0,0,0,0,0,0,0,0,0,0,0,0,0,0,0,0,0,0,0,0,0,0,0,0,0,0,0,0,0,0,0,0,0
30883,36.54,125,2027,0,0,0.00,98,139,74,149.19,118.61,0,0,0,0,0,0,0,0,0,0,0,0,0,0,0,0,0,0,0,0,0,0,0,0,0,0,0,0,0,0,0,0,0,0,0,0,0,0,0,0
30919,34.64,-88,1968,0,0,0.00,98,139,74,149.19,118.61,0,0,0,0,0,0,0,0,0,0,0,0,0,0,0,0,0,0,0,0,0,0,0,0,0,0,0,0,0,0,0,0,0,0,0,0,0,0,0,0
30955,33.02,-306,2053,0,0,0.00,98,139,74,149.19,118.61,0,0,0,0,0,0,0,0,0,0,0,0,0,0,0,0,0,0,0,0,0,0,0,0,0,0,0,0,0,0,0,0,0,0,0,0,0,0,0,0
30991,37.90,-434,2240,0,0,0.00,98,139,74,149.19,118.61,0,0,0,0,0,0,0,0,0,0,0,0,0,0,0,0,0,0,0,0,0,0,0,0,0,0,0,0,0,0,0,0,0,0,0,0,0,0,0,0
31027,38.95,-406,2877,0,0,0.00,98,139,74,149.19,118.61,0,0,0,0,0,0,0,0,0,0,0,0,0,0,0,0,0,0,0,0,0,0,0,0,0,0,0,0,0,0,0,0,0,0,0,0,0,0,0,0
31063,37.11,-143,4095,0,0,0.00,98,139,74,149.19,118.61,0,0,0,0,0,0,0,0,0,0,0,0,0,0,0,0,0,0,0,0,0,0,0,0,0,0,0,0,0,0,0,0,0,0,0,0,0,0,0,0
31099,35.57,334,4095,0,0,0.00,98,139,74,149.19,118.61,0,0,0,0,0,0,0,0,0,0,0,0,0,0,0,0,0,0,0,0,0,0,0,0,0,0,0,0,0,0,0,0,0,0,0,0,0,0,0,0
31135,37.23,823,4095,0,0,0.00,98,139,74,149.19,118.61,0,0,0,0,0,0,0,0,0,0,0,0,0,0,0,0,0,0,0,0,0,0,0,0,0,0,0,0,0,0,0,0,0,0,0,0,0,0,0,0
31171,41.21,1151,4095,0,0,0.00,98,139,74,149.19,118.61,0,0,0,0,0,0,0,0,0,0,0,0,0,0,0,0,0,0,0,0,0,0,0,0,0,0,0,0,0,0,0,0,0,0,0,0,0,0,0,0
31207,39.93,1293,4095,0,0,0.00,98,139,74,149.19,118.61,0,0,0,0,0,0,0,0,0,0,0,0,0,0,0,0,0,0,0,0,0,0,0,0,0,0,0,0,0,0,0,0,0,0,0,0,0,0,0,0
31243,38.13,1150,1936,0,0,0.00,98,139,74,149.19,118.61,0,0,0,0,0,0,0,0,0,0,0,0,0,0,0,0,0,0,0,0,0,0,0,0,0,0,0,0,0,0,0,0,0,0,0,0,0,0,0,0
31279,36.65,548,603,0,0,0.00,98,139,74,149.19,118.61,0,0,0,0,0,0,0,0,0,0,0,0,0,0,0,0,0,0,0,0,0,0,0,0,0,0,0,0,0,0,0,0,0,0,0,0,0,0,0,0
31315,40.07,-354,937,0,0,0.00,98,139,74,149.19,118.61,0,0,0,0,0,0,0,0,0,0,0,0,0,0,0,0,0,0,0,0,0,0,0,0,0,0,0,0,0,0,0,0,0,0,0,0,0,0,0,0
31351,42.81,-1063,2096,0,0,0.00,98,139,74,149.19,118.61,0,0,0,0,0,0,0,0,0,0,0,0,0,0,0,0,0,0,0,0,0,0,0,0,0,0,0,0,0,0,0,0,0,0,0,0,0,0,0,0
31387,41.05,-1233,3005,0,0,0.00,98,139,74,149.19,118.61,0,0,0,0,0,0,0,0,0,0,0,0,0,0,0,0,0,0,0,0,0,0,0,0,0,0,0,0,0,0,0,0,0,0,0,0,0,0,0,0
31423,39.36,-911,3269,0,0,0.00,98,139,74,149.19,118.61,0,0,0,0,0,0,0,0,0,0,0,0,0,0,0,0,0,0,0,0,0,0,0,0,0,0,0,0,0,0,0,0,0,0,0,0,0,0,0,0
31459,38.09,-405,2934,0,0,0.00,98,139,74,149.19,118.61,0,0,0,0,0,0,0,0,0,0,0,0,0,0,0,0,0,0,0,0,0,0,0,0,0,0,0,0,0,0,0,0,0,0,0,0,0,0,0,0
31495,41.75,-22,2528,0,0,0.00,98,139,74,149.19,118.61,0,0,0,0,0,0,0,0,0,0,0,0,0,0,0,0,0,0,0,0,0,0,0,0,0,0,0,0,0,0,0,0,0,0,0,0,0,0,0,0
31531,44.24,106,2212,0,0,0.00,98,139,74,149.19,118.61,0,0,0,0,0,0,0,0,0,0,0,0,0,0,0,0,0,0,0,0,0,0,0,0,0,0,0,0,0,0,0,0,0,0,0,0,0,0,0,0
31567,43.12,22,2047,0,0,0.00,98,139,74,149.19,118.61,0,0,0,0,0,0,0,0,0,0,0,0,0,0,0,0,0,0,0,0,0,0,0,0,0,0,0,0,0,0,0,0,0,0,0,0,0,0,0,0
31603,41.67,-160,2027,0,0,0.00,98,139,74,149.19,118.61,0,0,0,0,0,0,0,0,0,0,0,0,0,0,0,0,0,0,0,0,0,0,0,0,0,0,0,0,0,0,0,0,0,0,0,0,0,0,0,0
31639,40.54,-328,2118,0,0,0.00,98,139,74,149.19,118.61,0,0,0,0,0,0,0,0,0,0,0,0,0,0,0,0,0,0,0,0,0,0,0,0,0,0,0,0,0,0,0,0,0,0,0,0,0,0,0,0
31675,43.93,-405,2351,0,0,0.00,98,139,74,149.19,118.61,0,0,0,0,0,0,0,0,0,0,0,0,0,0,0,0,0,0,0,0,0,0,0,0,0,0,0,0,0,0,0,0,0,0,0,0,0,0,0,0
31711,47.38,-265,4095,0,0,0.00,98,139,74,149.19,118.61,0,0,0,0,0,0,0,0,0,0,0,0,0,0,0,0,0,0,0,0,0,0,0,0,0,0,0,0,0,0,0,0,0,0,0,0,0,0,0,0
31747,46.19,163,4095,0,0,0.00,98,139,74,149.19,118.61,0,0,0,0,0,0,0,0,0,0,0,0,0,0,0,0,0,0,0,0,0,0,0,0,0,0,0,0,0,0,0,0,0,0,0,0,0,0,0,0
31783,44.56,684,4095,0,0,0.00,98,139,74,149.19,118.61,0,0,0,0,0,0,0,0,0,0,0,0,0,0,0,0,0,0,0,0,0,0,0,0,0,0,0,0,0,0,0,0,0,0,0,0,0,0,0,0
31819,43.21,1068,4095,0,0,0.00,98,139,74,149.19,118.61,0,0,0,0,0,0,0,0,0,0,0,0,0,0,0,0,0,0,0,0,0,0,0,0,0,0,0,0,0,0,0,0,0,0,0,0,0,0,0,0
31855,43.99,1261,4095,0,0,0.00,98,139,74,149.19,118.61,0,0,0,0,0,0,0,0,0,0,0,0,0,0,0,0,0,0,0,0,0,0,0,0,0,0,0,0,0,0,0,0,0,0,0,0,0,0,0,0
31891,48.10,1226,3071,0,0,0.00,98,139,74,149.19,118.61,0,0,0,0,0,0,0,0,0,0,0,0,0,0,0,0,0,0,0,0,0,0,0,0,0,0,0,0,0,0,0,0,0,0,0,0,0,0,0,0
31927,48.51,821,1053,0,0,0.00,98,139,74,149.19,118.61,0,0,0,0,0,0,0,0,0,0,0,0,0,0,0,0,0,0,0,0,0,0,0,0,0,0,0,0,0,0,0,0,0,0,0,0,0,0,0,0
31963,47.34,24,692,0,0,0.00,98,139,74,149.19,118.61,0,0,0,0,0,0,0,0,0,0,0,0,0,0,0,0,0,0,0,0,0,0,0,0,0,0,0,0,0,0,0,0,0,0,0,0,0,0,0,0
31999,45.98,-816,1415,0,0,0.00,98,139,74,149.19,118.61,0,0,0,0,0,0,0,0,0,0,0,0,0,0,0,0,0,0,0,0,0,0,0,0,0,0,0,0,0,0,0,0,0,0,0,0,0,0,0,0
32035,45.26,-1271,2416,0,0,0.00,98,139,74,149.19,118.61,0,0,0,0,0,0,0,0,0,0,0,0,0,0,0,0,0,0,0,0,0,0,0,0,0,0,0,0,0,0,0,0,0,0,0,0,0,0,0,0
32071,50.29,-1201,3005,0,0,0.00,98,139,74,149.19,118.61,0,0,0,0,0,0,0,0,0,0,0,0,0,0,0,0,0,0,0,0,0,0,0,0,0,0,0,0,0,0,0,0,0,0,0,0,0,0,0,0
32107,51.72,-783,3015,0,0,0.00,98,139,74,149.19,118.61,0,0,0,0,0,0,0,0,0,0,0,0,0,0,0,0,0,0,0,0,0,0,0,0,0,0,0,0,0,0,0,0,0,0,0,0,0,0,0,0
32143,50.09,-322,2680,0,0,0.00,98,139,74,149.19,118.61,0,0,0,0,0,0,0,0,0,0,0,0,0,0,0,0,0,0,0,0,0,0,0,0,0,0,0,0,0,0,0,0,0,0,0,0,0,0,0,0
32179,48.73,-38,2320,0,0,0.00,98,139,74,149.19,118.61,0,0,0,0,0,0,0,0,0,0,0,0,0,0,0,0,0,0,0,0,0,0,0,0,0,0,0,0,0,0,0,0,0,0,0,0,0,0,0,0
32215,47.84,12,2080,0,0,0.00,98,139,74,149.19,118.61,0,0,0,0,0,0,0,0,0,0,0,0,0,0,0,0,0,0,0,0,0,0,0,0,0,0,0,0,0,0,0,0,0,0,0,0,0,0,0,0
32251,51.77,-95,2045,0,0,0.00,98,139,74,149.19,118.61,0,0,0,0,0,0,0,0,0,0,0,0,0,0,0,0,0,0,0,0,0,0,0,0,0,0,0,0,0,0,0,0,0,0,0,0,0,0,0,0
32287,54.57,-247,2058,0,0,0.00,98,139,74,149.19,118.61,0,0,0,0,0,0,0,0,0,0,0,0,0,0,0,0,0,0,0,0,0,0,0,0,0,0,0,0,0,0,0,0,0,0,0,0,0,0,0,0
32323,53.24,-357,2142,0,0,0.00,98,139,74,149.19,118.61,0,0,0,0,0,0,0,0,0,0,0,0,0,0,0,0,0,0,0,0,0,0,0,0,0,0,0,0,0,0,0,0,0,0,0,0,0,0,0,0
32359,52.24,-392,2214,0,0,0.00,98,139,74,149.19,118.61,0,0,0,0,0,0,0,0,0,0,0,0,0,0,0,0,0,0,0,0,0,0,0,0,0,0,0,0,0,0,0,0,0,0,0,0,0,0,0,0
32395,51.30,-344,2478,0,0,0.00,98,139,74,149.19,118.61,0,0,0,0,0,0,0,0,0,0,0,0,0,0,0,0,0,0,0,0,0,0,0,0,0,0,0,0,0,0,0,0,0,0,0,0,0,0,0,0
32431,50.97,-126,4095,0,0,0.00,98,139,74,149.19,118.61,0,0,0,0,0,0,0,0,0,0,0,0,0,0,0,0,0,0,0,0,0,0,0,0,0,0,0,0,0,0,0,0,0,0,0,0,0,0,0,0
32467,55.65,323,4095,0,0,0.00,98,139,74,149.19,118.61,0,0,0,0,0,0,0,0,0,0,0,0,0,0,0,0,0,0,0,0,0,0,0,0,0,0,0,0,0,0,0,0,0,0,0,0,0,0,0,0
32503,58.08,824,4095,0,0,0.00,98,139,74,149.19,118.61,0,0,0,0,0,0,0,0,0,0,0,0,0,0,0,0,0,0,0,0,0,0,0,0,0,0,0,0,0,0,0,0,0,0,0,0,0,0,0,0
32539,56.79,1177,4095,0,0,0.00,98,139,74,149.19,118.61,0,0,0,0,0,0,0,0,0,0,0,0,0,0,0,0,0,0,0,0,0,0,0,0,0,0,0,0,0,0,0,0,0,0,0,0,0,0,0,0
32575,55.47,1341,4095,0,0,0.00,98,139,74,149.19,118.61,0,0,0,0,0,0,0,0,0,0,0,0,0,0,0,0,0,0,0,0,0,0,0,0,0,0,0,0,0,0,0,0,0,0,0,0,0,0,0,0
32611,54.64,1292,3177,0,0,0.00,98,139,74,149.19,118.61,0,0,0,0,0,0,0,0,0,0,0,0,0,0,0,0,0,0,0,0,0,0,0,0,0,0,0,0,0,0,0,0,0,0,0,0,0,0,0,0
32647,53.99,894,1137,0,0,0.00,98,139,74,149.19,118.61,0,0,0,0,0,0,0,0,0,0,0,0,0,0,0,0,0,0,0,0,0,0,0,0,0,0,0,0,0,0,0,0,0,0,0,0,0,0,0,0
32683,56.91,110,747,0,0,0.00,98,139,74,149.19,118.61,0,0,0,0,0,0,0,0,0,0,0,0,0,0,0,0,0,0,0,0,0,0,0,0,0,0,0,0,0,0,0,0,0,0,0,0,0,0,0,0
32719,60.64,-727,1455,0,0,0.00,98,139,74,149.19,118.61,0,0,0,0,0,0,0,0,0,0,0,0,0,0,0,0,0,0,0,0,0,0,0,0,0,0,0,0,0,0,0,0,0,0,0,0,0,0,0,0
32755,61.67,-1194,2378,0,0,0.00,98,139,74,149.19,118.61,0,0,0,0,0,0,0,0,0,0,0,0,0,0,0,0,0,0,0,0,0,0,0,0,0,0,0,0,0,0,0,0,0,0,0,0,0,0,0,0
32791,60.78,-1158,2882,0,0,0.00,98,139,74,149.19,118.61,0,0,0,0,0,0,0,0,0,0,0,0,0,0,0,0,0,0,0,0,0,0,0,0,0,0,0,0,0,0,0,0,0,0,0,0,0,0,0,0
32827,59.72,-788,2898,0,0,0.00,98,139,74,149.19,118.61,0,0,0,0,0,0,0,0,0,0,0,0,0,0,0,0,0,0,0,0,0,0,0,0,0,0,0,0,0,0,0,0,0,0,0,0,0,0,0,0
32863,58.96,-365,2643,0,0,0.00,98,139,74,149.19,118.61,0,0,0,0,0,0,0,0,0,0,0,0,0,0,0,0,0,0,0,0,0,0,0,0,0,0,0,0,0,0,0,0,0,0,0,0,0,0,0,0
32899,58.33,-90,2331,0,0,0.00,98,139,74,149.19,118.61,0,0,0,0,0,0,0,0,0,0,0,0,0,0,0,0,0,0,0,0,0,0,0,0,0,0,0,0,0,0,0,0,0,0,0,0,0,0,0,0
32935,58.49,-20,2121,0,0,0.00,98,139,74,149.19,118.61,0,0,0,0,0,0,0,0,0,0,0,0,0,0,0,0,0,0,0,0,0,0,0,0,0,0,0,0,0,0,0,0,0,0,0,0,0,0,0,0
32971,62.46,-100,2040,0,0,0.00,98,139,74,149.19,118.61,0,0,0,0,0,0,0,0,0,0,0,0,0,0,0,0,0,0,0,0,0,0,0,0,0,0,0,0,0,0,0,0,0,0,0,0,0,0,0,0
33007,65.27,-228,2096,0,0,0.00,98,139,74,149.19,118.61,0,0,0,0,0,0,0,0,0,0,0,0,0,0,0,0,0,0,0,0,0,0,0,0,0,0,0,0,0,0,0,0,0,0,0,0,0,0,0,0
33043,66.49,-322,2193,0,0,0.00,98,139,74,149.19,118.61,0,0,0,0,0,0,0,0,0,0,0,0,0,0,0,0,0,0,0,0,0,0,0,0,0,0,0,0,0,0,0,0,0,0,0,0,0,0,0,0
33079,65.52,-344,2265,0,0,0.00,98,139,74,149.19,118.61,0,0,0,0,0,0,0,0,0,0,0,0,0,0,0,0,0,0,0,0,0,0,0,0,0,0,0,0,0,0,0,0,0,0,0,0,0,0,0,0
33115,65.68,-302,2330,0,0,0.00,98,139,74,149.19,118.61,0,0,0,0,0,0,0,0,0,0,0,0,0,0,0,0,0,0,0,0,0,0,0,0,0,0,0,0,0,0,0,0,0,0,0,0,0,0,0,0
33151,65.11,-223,2381,0,0,0.00,98,139,74,149.19,118.61,0,0,0,0,0,0,0,0,0,0,0,0,0,0,0,0,0,0,0,0,0,0,0,0,0,0,0,0,0,0,0,0,0,0,0,0,0,0,0,0
33187,64.72,-90,3058,0,0,0.00,98,139,74,149.19,118.61,0,0,0,0,0,0,0,0,0,0,0,0,0,0,0,0,0,0,0,0,0,0,0,0,0,0,0,0,0,0,0,0,0,0,0,0,0,0,0,0
33223,64.20,185,4095,0,0,0.00,98,139,74,149.19,118.61,0,0,0,0,0,0,0,0,0,0,0,0,0,0,0,0,0,0,0,0,0,0,0,0,0,0,0,0,0,0,0,0,0,0,0,0,0,0,0,0
33259,64.61,608,4095,0,0,0.00,98,139,74,149.19,118.61,0,0,0,0,0,0,0,0,0,0,0,0,0,0,0,0,0,0,0,0,0,0,0,0,0,0,0,0,0,0,0,0,0,0,0,0,0,0,0,0
33295,67.98,1014,4095,0,0,0.00,98,139,74,149.19,118.61,0,0,0,0,0,0,0,0,0,0,0,0,0,0,0,0,0,0,0,0,0,0,0,0,0,0,0,0,0,0,0,0,0,0,0,0,0,0,0,0
33331,71.19,1270,4095,0,0,0.00,98,139,74,149.19,118.61,0,0,0,0,0,0,0,0,0,0,0,0,0,0,0,0,0,0,0,0,0,0,0,0,0,0,0,0,0,0,0,0,0,0,0,0,0,0,0,0
33367,71.17,1290,2993,0,0,0.00,98,139,74,149.19,118.61,0,0,0,0,0,0,0,0,0,0,0,0,0,0,0,0,0,0,0,0,0,0,0,0,0,0,0,0,0,0,0,0,0,0,0,0,0,0,0,0
33403,69.89,935,1360,0,0,0.00,98,139,74,149.19,118.61,0,0,0,0,0,0,0,0,0,0,0,0,0,0,0,0,0,0,0,0,0,0,0,0,0,0,0,0,0,0,0,0,0,0,0,0,0,0,0,0
33439,68.72,213,992,0,0,0.00,98,139,74,149.19,118.61,0,0,0,0,0,0,0,0,0,0,0,0,0,0,0,0,0,0,0,0,0,0,0,0,0,0,0,0,0,0,0,0,0,0,0,0,0,0,0,0
33475,68.31,-560,1477,0,0,0.00,98,139,74,149.19,118.61,0,0,0,0,0,0,0,0,0,0,0,0,0,0,0,0,0,0,0,0,0,0,0,0,0,0,0,0,0,0,0,0,0,0,0,0,0,0,0,0
33511,73.99,-1025,2219,0,0,0.00,98,139,74,149.19,118.61,0,0,0,0,0,0,0,0,0,0,0,0,0,0,0,0,0,0,0,0,0,0,0,0,0,0,0,0,0,0,0,0,0,0,0,0,0,0,0,0
33547,74.56,-1045,2831,0,0,0.00,98,139,74,149.19,118.61,0,0,0,0,0,0,0,0,0,0,0,0,0,0,0,0,0,0,0,0,0,0,0,0,0,0,0,0,0,0,0,0,0,0,0,0,0,0,0,0
33583,72.15,-723,3071,0,0,0.00,98,139,74,149.19,118.61,0,0,0,0,0,0,0,0,0,0,0,0,0,0,0,0,0,0,0,0,0,0,0,0,0,0,0,0,0,0,0,0,0,0,0,0,0,0,0,0
33619,70.56,-288,2940,0,0,0.00,98,139,74,149.19,118.61,0,0,0,0,0,0,0,0,0,0,0,0,0,0,0,0,0,0,0,0,0,0,0,0,0,0,0,0,0,0,0,0,0,0,0,0,0,0,0,0
33655,76.54,52,2736,0,0,0.00,98,139,74,149.19,118.61,0,0,0,0,0,0,0,0,0,0,0,0,0,0,0,0,0,0,0,0,0,0,0,0,0,0,0,0,0,0,0,0,0,0,0,0,0,0,0,0
33691,76.79,212,2593,0,0,0.00,98,139,74,149.19,118.61,0,0,0,0,0,0,0,0,0,0,0,0,0,0,0,0,0,0,0,0,0,0,0,0,0,0,0,0,0,0,0,0,0,0,0,0,0,0,0,0
33727,73.80,213,2499,0,0,0.00,98,139,74,149.19,118.61,0,0,0,0,0,0,0,0,0,0,0,0,0,0,0,0,0,0,0,0,0,0,0,0,0,0,0,0,0,0,0,0,0,0,0,0,0,0,0,0
33763,75.24,123,2422,0,0,0.00,98,139,74,149.19,118.61,0,0,0,0,0,0,0,0,0,0,0,0,0,0,0,0,0,0,0,0,0,0,0,0,0,0,0,0,0,0,0,0,0,0,0,0,0,0,0,0
33799,79.96,4,2385,0,0,0.00,98,139,74,149.19,118.61,0,0,0,0,0,0,0,0,0,0,0,0,0,0,0,0,0,0,0,0,0,0,0,0,0,0,0,0,0,0,0,0,0,0,0,0,0,0,0,0
33835,76.52,-100,2365,0,0,0.00,98,139,74,149.19,118.61,0,0,0,0,0,0,0,0,0,0,0,0,0,0,0,0,0,0,0,0,0,0,0,0,0,0,0,0,0,0,0,0,0,0,0,0,0,0,0,0
33871,76.78,-174,2320,0,0,0.00,98,139,74,149.19,118.61,0,0,0,0,0,0,0,0,0,0,0,0,0,0,0,0,0,0,0,0,0,0,0,0,0,0,0,0,0,0,0,0,0,0,0,0,0,0,0,0
33907,82.41,-213,2369,0,0,0.00,98,139,74,149.19,118.61,0,0,0,0,0,0,0,0,0,0,0,0,0,0,0,0,0,0,0,0,0,0,0,0,0,0,0,0,0,0,0,0,0,0,0,0,0,0,0,0
33957,78.74,-159,3273,0,0,0.00,98,139,74,149.19,118.61,0,0,0,0,0,0,0,0,0,0,0,0,0,0,0,0,0,0,0,0,0,0,0,0,0,0,0,0,0,0,0,0,0,0,0,0,0,0,0,0
34006,80.28,90,4095,0,0,0.00,98,139,74,149.19,118.61,0,0,0,0,0,0,0,0,0,0,0,0,0,0,0,0,0,0,0,0,0,0,0,0,0,0,0,0,0,0,0,0,0,0,0,0,0,0,0,0
34055,85.05,502,4095,0,0,0.00,98,139,74,149.19,118.61,0,0,0,0,0,0,0,0,0,0,0,0,0,0,0,0,0,0,0,0,0,0,0,0,0,0,0,0,0,0,0,0,0,0,0,0,0,0,0,0
34104,80.91,895,4095,0,0,0.00,98,139,74,149.19,118.61,0,0,0,0,0,0,0,0,0,0,0,0,0,0,0,0,0,0,0,0,0,0,0,0,0,0,0,0,0,0,0,0,0,0,0,0,0,0,0,0
34153,87.13,992,1795,0,0,0.00,98,139,74,149.19,118.61,0,0,0,0,0,0,0,0,0,0,0,0,0,0,0,0,0,0,0,0,0,0,0,0,0,0,0,0,0,0,0,0,0,0,0,0,0,0,0,0
34202,84.87,606,1488,0,0,0.00,98,139,74,149.19,118.61,0,0,0,0,0,0,0,0,0,0,0,0,0,0,0,0,0,0,0,0,0,0,0,0,0,0,0,0,0,0,0,0,0,0,0,0,0,0,0,0
34251,85.35,-14,2063,0,0,0.00,98,139,74,149.19,118.61,0,0,0,0,0,0,0,0,0,0,0,0,0,0,0,0,0,0,0,0,0,0,0,0,0,0,0,0,0,0,0,0,0,0,0,0,0,0,0,0
34300,88.55,-454,2551,0,0,0.00,98,139,74,149.19,118.61,0,0,0,0,0,0,0,0,0,0,0,0,0,0,0,0,0,0,0,0,0,0,0,0,0,0,0,0,0,0,0,0,0,0,0,0,0,0,0,0
34349,86.10,-571,2778,0,0,0.00,98,139,74,149.19,118.61,0,0,0,0,0,0,0,0,0,0,0,0,0,0,0,0,0,0,0,0,0,0,0,0,0,0,0,0,0,0,0,0,0,0,0,0,0,0,0,0
34398,90.12,-457,2786,0,0,0.00,98,139,74,149.19,118.61,0,0,0,0,0,0,0,0,0,0,0,0,0,0,0,0,0,0,0,0,0,0,0,0,0,0,0,0,0,0,0,0,0,0,0,0,0,0,0,0
34447,90.91,-264,2769,0,0,0.00,98,139,74,149.19,118.61,0,0,0,0,0,0,0,0,0,0,0,0,0,0,0,0,0,0,0,0,0,0,0,0,0,0,0,0,0,0,0,0,0,0,0,0,0,0,0,0
34496,90.19,-100,2699,0,0,0.00,98,139,74,149.19,118.61,0,0,0,0,0,0,0,0,0,0,0,0,0,0,0,0,0,0,0,0,0,0,0,0,0,0,0,0,0,0,0,0,0,0,0,0,0,0,0,0
34545,97.76,-1,2734,0,0,0.00,98,139,74,149.19,118.61,0,0,0,0,0,0,0,0,0,0,0,0,0,0,0,0,0,0,0,0,0,0,0,0,0,0,0,0,0,0,0,0,0,0,0,0,0,0,0,0
34594,91.56,51,2879,0,0,0.00,98,139,74,149.19,118.61,0,0,0,0,0,0,0,0,0,0,0,0,0,0,0,0,0,0,0,0,0,0,0,0,0,0,0,0,0,0,0,0,0,0,0,0,0,0,0,0
34643,98.11,168,4071,0,0,0.00,98,139,74,149.19,118.61,0,0,0,0,0,0,0,0,0,0,0,0,0,0,0,0,0,0,0,0,0,0,0,0,0,0,0,0,0,0,0,0,0,0,0,0,0,0,0,0
34692,99.22,434,4095,0,0,0.00,98,139,74,149.19,118.61,0,0,0,0,0,0,0,0,0,0,0,0,0,0,0,0,0,0,0,0,0,0,0,0,0,0,0,0,0,0,0,0,0,0,0,0,0,0,0,0
34741,94.73,746,4095,0,0,0.00,98,139,74,149.19,118.61,0,0,0,0,0,0,0,0,0,0,0,0,0,0,0,0,0,0,0,0,0,0,0,0,0,0,0,0,0,0,0,0,0,0,0,0,0,0,0,0
34790,100.08,963,4095,0,0,0.00,98,139,74,149.19,118.61,0,0,0,0,0,0,0,0,0,0,0,0,0,0,0,0,0,0,0,0,0,0,0,0,0,0,0,0,0,0,0,0,0,0,0,0,0,0,0,0
34840,103.08,945,2405,0,0,0.00,98,139,74,149.19,118.61,0,0,0,0,0,0,0,0,0,0,0,0,0,0,0,0,0,0,0,0,0,0,0,0,0,0,0,0,0,0,0,0,0,0,0,0,0,0,0,0
34890,105.42,591,2277,0,0,0.00,98,139,74,149.19,118.61,0,0,0,0,0,0,0,0,0,0,0,0,0,0,0,0,0,0,0,0,0,0,0,0,0,0,0,0,0,0,0,0,0,0,0,0,0,0,0,0
34940,102.90,92,2598,0,0,0.00,98,139,74,149.19,118.61,0,0,0,0,0,0,0,0,0,0,0,0,0,0,0,0,0,0,0,0,0,0,0,0,0,0,0,0,0,0,0,0,0,0,0,0,0,0,0,0
34990,100.80,-267,2891,0,0,0.00,98,139,74,149.19,118.61,0,0,0,0,0,0,0,0,0,0,0,0,0,0,0,0,0,0,0,0,0,0,0,0,0,0,0,0,0,0,0,0,0,0,0,0,0,0,0,0
35040,100.81,-392,3091,0,0,0.00,98,139,74,149.19,118.61,0,0,0,0,0,0,0,0,0,0,0,0,0,0,0,0,0,0,0,0,0,0,0,0,0,0,0,0,0,0,0,0,0,0,0,0,0,0,0,0
35090,103.84,-335,3189,0,0,0.00,98,139,74,149.19,118.61,0,0,0,0,0,0,0,0,0,0,0,0,0,0,0,0,0,0,0,0,0,0,0,0,0,0,0,0,0,0,0,0,0,0,0,0,0,0,0,0
35140,107.72,-200,3131,0,0,0.00,98,139,74,149.19,118.61,0,0,0,0,0,0,0,0,0,0,0,0,0,0,0,0,0,0,0,0,0,0,0,0,0,0,0,0,0,0,0,0,0,0,0,0,0,0,0,0
35190,112.64,-70,3207,0,0,0.00,98,139,74,149.19,118.61,0,0,0,0,0,0,0,0,0,0,0,0,0,0,0,0,0,0,0,0,0,0,0,0,0,0,0,0,0,0,0,0,0,0,0,0,0,0,0,0
35240,114.19,31,3331,0,0,0.00,98,139,74,149.19,118.61,0,0,0,0,0,0,0,0,0,0,0,0,0,0,0,0,0,0,0,0,0,0,0,0,0,0,0,0,0,0,0,0,0,0,0,0,0,0,0,0
35290,109.78,117,3459,0,0,0.00,98,139,74,149.19,118.61,0,0,0,0,0,0,0,0,0,0,0,0,0,0,0,0,0,0,0,0,0,0,0,0,0,0,0,0,0,0,0,0,0,0,0,0,0,0,0,0
35340,110.04,231,4095,0,0,0.00,98,139,74,149.19,118.61,0,0,0,0,0,0,0,0,0,0,0,0,0,0,0,0,0,0,0,0,0,0,0,0,0,0,0,0,0,0,0,0,0,0,0,0,0,0,0,0
35390,113.52,403,4095,0,0,0.00,98,139,74,149.19,118.61,0,0,0,0,0,0,0,0,0,0,0,0,0,0,0,0,0,0,0,0,0,0,0,0,0,0,0,0,0,0,0,0,0,0,0,0,0,0,0,0
35440,118.46,573,4095,0,0,0.00,98,139,74,149.19,118.61,0,0,0,0,0,0,0,0,0,0,0,0,0,0,0,0,0,0,0,0,0,0,0,0,0,0,0,0,0,0,0,0,0,0,0,0,0,0,0,0
35490,119.60,662,3926,0,0,0.00,98,139,74,149.19,118.61,0,0,0,0,0,0,0,0,0,0,0,0,0,0,0,0,0,0,0,0,0,0,0,0,0,0,0,0,0,0,0,0,0,0,0,0,0,0,0,0
35540,114.07,634,3674,0,0,0.00,98,139,74,149.19,118.61,0,0,0,0,0,0,0,0,0,0,0,0,0,0,0,0,0,0,0,0,0,0,0,0,0,0,0,0,0,0,0,0,0,0,0,0,0,0,0,0
35590,116.22,512,3751,0,0,0.00,98,139,74,149.19,118.61,0,0,0,0,0,0,0,0,0,0,0,0,0,0,0,0,0,0,0,0,0,0,0,0,0,0,0,0,0,0,0,0,0,0,0,0,0,0,0,0
35640,121.34,385,4069,0,0,0.00,98,139,74,149.19,118.61,0,0,0,0,0,0,0,0,0,0,0,0,0,0,0,0,0,0,0,0,0,0,0,0,0,0,0,0,0,0,0,0,0,0,0,0,0,0,0,0
35690,125.16,326,4079,0,0,0.00,98,139,74,149.19,118.61,0,0,0,0,0,0,0,0,0,0,0,0,0,0,0,0,0,0,0,0,0,0,0,0,0,0,0,0,0,0,0,0,0,0,0,0,0,0,0,0
35740,120.28,293,3728,0,0,0.00,98,139,74,149.19,118.61,0,0,0,0,0,0,0,0,0,0,0,0,0,0,0,0,0,0,0,0,0,0,0,0,0,0,0,0,0,0,0,0,0,0,0,0,0,0,0,0
35790,120.62,192,3261,0,0,0.00,98,139,74,149.19,118.61,0,0,0,0,0,0,0,0,0,0,0,0,0,0,0,0,0,0,0,0,0,0,0,0,0,0,0,0,0,0,0,0,0,0,0,0,0,0,0,0
35840,126.17,-15,3023,0,0,0.00,98,139,74,149.19,118.61,0,0,0,0,0,0,0,0,0,0,0,0,0,0,0,0,0,0,0,0,0,0,0,0,0,0,0,0,0,0,0,0,0,0,0,0,0,0,0,0
35890,131.13,-267,3061,0,0,0.00,98,139,74,149.19,118.61,0,0,0,0,0,0,0,0,0,0,0,0,0,0,0,0,0,0,0,0,0,0,0,0,0,0,0,0,0,0,0,0,0,0,0,0,0,0,0,0
35940,124.48,-463,3190,0,0,0.00,98,139,74,149.19,118.61,0,0,0,0,0,0,0,0,0,0,0,0,0,0,0,0,0,0,0,0,0,0,0,0,0,0,0,0,0,0,0,0,0,0,0,0,0,0,0,0
35990,127.95,-559,3134,0,0,0.00,98,139,74,149.19,118.61,0,0,0,0,0,0,0,0,0,0,0,0,0,0,0,0,0,0,0,0,0,0,0,0,0,0,0,0,0,0,0,0,0,0,0,0,0,0,0,0
36040,134.54,-601,2833,0,0,0.00,98,139,74,149.19,118.61,0,0,0,0,0,0,0,0,0,0,0,0,0,0,0,0,0,0,0,0,0,0,0,0,0,0,0,0,0,0,0,0,0,0,0,0,0,0,0,0
36090,131.23,-636,2931,0,0,0.00,98,139,74,149.19,118.61,0,0,0,0,0,0,0,0,0,0,0,0,0,0,0,0,0,0,0,0,0,0,0,0,0,0,0,0,0,0,0,0,0,0,0,0,0,0,0,0
36140,129.25,-640,3165,0,0,0.00,98,139,74,149.19,118.61,0,0,0,0,0,0,0,0,0,0,0,0,0,0,0,0,0,0,0,0,0,0,0,0,0,0,0,0,0,0,0,0,0,0,0,0,0,0,0,0
36190,134.99,-592,3026,0,0,0.00,98,139,74,149.19,118.61,0,0,0,0,0,0,0,0,0,0,0,0,0,0,0,0,0,0,0,0,0,0,0,0,0,0,0,0,0,0,0,0,0,0,0,0,0,0,0,0
36240,139.76,-529,3049,0,0,0.00,98,139,74,149.19,118.61,0,0,0,0,0,0,0,0,0,0,0,0,0,0,0,0,0,0,0,0,0,0,0,0,0,0,0,0,0,0,0,0,0,0,0,0,0,0,0,0
36290,132.60,-469,3162,0,0,0.00,98,139,74,149.19,118.61,0,0,0,0,0,0,0,0,0,0,0,0,0,0,0,0,0,0,0,0,0,0,0,0,0,0,0,0,0,0,0,0,0,0,0,0,0,0,0,0
36340,136.44,-403,3159,0,0,0.00,98,139,74,149.19,118.61,0,0,0,0,0,0,0,0,0,0,0,0,0,0,0,0,0,0,0,0,0,0,0,0,0,0,0,0,0,0,0,0,0,0,0,0,0,0,0,0
36390,143.33,-354,2944,0,0,0.00,98,139,74,149.19,118.61,0,0,0,0,0,0,0,0,0,0,0,0,0,0,0,0,0,0,0,0,0,0,0,0,0,0,0,0,0,0,0,0,0,0,0,0,0,0,0,0
36440,138.51,-349,2922,0,0,0.00,98,139,74,149.19,118.61,0,0,0,0,0,0,0,0,0,0,0,0,0,0,0,0,0,0,0,0,0,0,0,0,0,0,0,0,0,0,0,0,0,0,0,0,0,0,0,0
36490,139.03,-372,2915,0,0,0.00,98,139,74,149.19,118.61,0,0,0,0,0,0,0,0,0,0,0,0,0,0,0,0,0,0,0,0,0,0,0,0,0,0,0,0,0,0,0,0,0,0,0,0,0,0,0,0
36540,145.63,-384,3062,0,0,0.00,98,139,74,149.19,118.61,0,0,0,0,0,0,0,0,0,0,0,0,0,0,0,0,0,0,0,0,0,0,0,0,0,0,0,0,0,0,0,0,0,0,0,0,0,0,0,0
36590,143.65,-368,2956,0,0,0.00,98,139,74,149.19,118.61,0,0,0,0,0,0,0,0,0,0,0,0,0,0,0,0,0,0,0,0,0,0,0,0,0,0,0,0,0,0,0,0,0,0,0,0,0,0,0,0
36640,143.19,-357,2729,0,0,0.00,98,139,74,149.19,118.61,0,0,0,0,0,0,0,0,0,0,0,0,0,0,0,0,0,0,0,0,0,0,0,0,0,0,0,0,0,0,0,0,0,0,0,0,0,0,0,0
36690,150.36,-385,2618,0,0,0.00,98,139,74,149.19,118.61,0,0,0,0,0,0,0,0,0,0,0,0,0,0,0,0,0,0,0,0,0,0,0,0,0,0,0,0,0,0,0,0,0,0,0,0,0,0,0,0
36740,146.15,-440,2608,0,0,0.00,98,139,74,149.19,118.61,0,0,0,0,0,0,0,0,0,0,0,0,0,0,0,0,0,0,0,0,0,0,0,0,0,0,0,0,0,0,0,0,0,0,0,0,0,0,0,0
36790,146.63,-499,2407,0,0,0.00,98,139,74,149.19,118.61,0,0,0,0,0,0,0,0,0,0,0,0,0,0,0,0,0,0,0,0,0,0,0,0,0,0,0,0,0,0,0,0,0,0,0,0,0,0,0,0
36840,154.78,-567,2208,0,0,0.00,98,139,74,149.19,118.61,0,0,0,0,0,0,0,0,0,0,0,0,0,0,0,0,0,0,0,0,0,0,0,0,0,0,0,0,0,0,0,0,0,0,0,0,0,0,0,0
36890,149.19,-630,2386,0,0,0.00,98,139,74,149.19,118.61,0,0,0,0,0,0,0,0,0,0,0,0,0,0,0,0,0,0,0,0,0,0,0,0,0,0,0,0,0,0,0,0,0,0,0,0,0,0,0,0
36940,152.19,-637,2509,0,0,0.00,98,139,74,149.19,118.61,0,0,0,0,0,0,0,0,0,0,0,0,0,0,0,0,0,0,0,0,0,0,0,0,0,0,0,0,0,0,0,0,0,0,0,0,0,0,0,0
36990,158.49,-580,2427,0,0,0.00,98,139,74,149.19,118.61,0,0,0,0,0,0,0,0,0,0,0,0,0,0,0,0,0,0,0,0,0,0,0,0,0,0,0,0,0,0,0,0,0,0,0,0,0,0,0,0
37040,151.91,-504,2367,0,0,0.00,98,139,74,149.19,118.61,0,0,0,0,0,0,0,0,0,0,0,0,0,0,0,0,0,0,0,0,0,0,0,0,0,0,0,0,0,0,0,0,0,0,0,0,0,0,0,0
37090,158.44,-434,2475,0,0,0.00,98,139,74,149.19,118.61,0,0,0,0,0,0,0,0,0,0,0,0,0,0,0,0,0,0,0,0,0,0,0,0,0,0,0,0,0,0,0,0,0,0,0,0,0,0,0,0
37140,158.84,-347,2689,0,0,0.00,98,139,74,149.19,118.61,0,0,0,0,0,0,0,0,0,0,0,0,0,0,0,0,0,0,0,0,0,0,0,0,0,0,0,0,0,0,0,0,0,0,0,0,0,0,0,0
37190,157.23,-225,2799,0,0,0.00,98,139,74,149.19,118.61,0,0,0,0,0,0,0,0,0,0,0,0,0,0,0,0,0,0,0,0,0,0,0,0,0,0,0,0,0,0,0,0,0,0,0,0,0,0,0,0
37240,165.58,-85,2841,0,0,0.00,98,139,74,149.19,118.61,0,0,0,0,0,0,0,0,0,0,0,0,0,0,0,0,0,0,0,0,0,0,0,0,0,0,0,0,0,0,0,0,0,0,0,0,0,0,0,0
37290,158.08,36,2787,0,0,0.00,98,139,74,149.19,118.61,0,0,0,0,0,0,0,0,0,0,0,0,0,0,0,0,0,0,0,0,0,0,0,0,0,0,0,0,0,0,0,0,0,0,0,0,0,0,0,0
37340,164.35,117,2823,0,0,0.00,98,139,74,149.19,118.61,0,0,0,0,0,0,0,0,0,0,0,0,0,0,0,0,0,0,0,0,0,0,0,0,0,0,0,0,0,0,0,0,0,0,0,0,0,0,0,0
37390,166.40,168,2910,0,0,0.00,98,139,74,149.19,118.61,0,0,0,0,0,0,0,0,0,0,0,0,0,0,0,0,0,0,0,0,0,0,0,0,0,0,0,0,0,0,0,0,0,0,0,0,0,0,0,0
37440,162.69,207,2907,0,0,0.00,98,139,74,149.19,118.61,0,0,0,0,0,0,0,0,0,0,0,0,0,0,0,0,0,0,0,0,0,0,0,0,0,0,0,0,0,0,0,0,0,0,0,0,0,0,0,0
37490,171.05,225,2767,0,0,0.00,98,139,74,149.19,118.61,0,0,0,0,0,0,0,0,0,0,0,0,0,0,0,0,0,0,0,0,0,0,0,0,0,0,0,0,0,0,0,0,0,0,0,0,0,0,0,0
37540,165.26,208,2715,0,0,0.00,98,139,74,149.19,118.61,0,0,0,0,0,0,0,0,0,0,0,0,0,0,0,0,0,0,0,0,0,0,0,0,0,0,0,0,0,0,0,0,0,0,0,0,0,0,0,0
37590,169.52,165,2704,0,0,0.00,98,139,74,149.19,118.61,0,0,0,0,0,0,0,0,0,0,0,0,0,0,0,0,0,0,0,0,0,0,0,0,0,0,0,0,0,0,0,0,0,0,0,0,0,0,0,0
37640,173.73,120,2686,0,0,0.00,98,139,74,149.19,118.61,0,0,0,0,0,0,0,0,0,0,0,0,0,0,0,0,0,0,0,0,0,0,0,0,0,0,0,0,0,0,0,0,0,0,0,0,0,0,0,0
37690,168.69,88,2718,0,0,0.00,98,139,74,149.19,118.61,0,0,0,0,0,0,0,0,0,0,0,0,0,0,0,0,0,0,0,0,0,0,0,0,0,0,0,0,0,0,0,0,0,0,0,0,0,0,0,0
37740,176.93,78,2770,0,0,0.00,98,139,74,149.19,118.61,0,0,0,0,0,0,0,0,0,0,0,0,0,0,0,0,0,0,0,0,0,0,0,0,0,0,0,0,0,0,0,0,0,0,0,0,0,0,0,0
37790,171.77,89,2743,0,0,0.00,98,139,74,149.19,118.61,0,0,0,0,0,0,0,0,0,0,0,0,0,0,0,0,0,0,0,0,0,0,0,0,0,0,0,0,0,0,0,0,0,0,0,0,0,0,0,0
37840,172.48,107,2751,0,0,0.00,98,139,74,149.19,118.61,0,0,0,0,0,0,0,0,0,0,0,0,0,0,0,0,0,0,0,0,0,0,0,0,0,0,0,0,0,0,0,0,0,0,0,0,0,0,0,0
37890,173.31,124,2787,0,0,0.00,98,139,74,149.19,118.61,0,0,0,0,0,0,0,0,0,0,0,0,0,0,0,0,0,0,0,0,0,0,0,0,0,0,0,0,0,0,0,0,0,0,0,0,0,0,0,0
37940,172.50,142,2784,0,0,0.00,98,139,74,149.19,118.61,0,0,0,0,0,0,0,0,0,0,0,0,0,0,0,0,0,0,0,0,0,0,0,0,0,0,0,0,0,0,0,0,0,0,0,0,0,0,0,0
37990,172.42,156,2768,0,0,0.00,98,139,74,149.19,118.61,0,0,0,0,0,0,0,0,0,0,0,0,0,0,0,0,0,0,0,0,0,0,0,0,0,0,0,0,0,0,0,0,0,0,0,0,0,0,0,0
38040,172.02,160,2753,0,0,0.00,98,139,74,149.19,118.61,0,0,0,0,0,0,0,0,0,0,0,0,0,0,0,0,0,0,0,0,0,0,0,0,0,0,0,0,0,0,0,0,0,0,0,0,0,0,0,0
38090,171.60,154,2723,0,0,0.00,98,139,74,149.19,118.61,0,0,0,0,0,0,0,0,0,0,0,0,0,0,0,0,0,0,0,0,0,0,0,0,0,0,0,0,0,0,0,0,0,0,0,0,0,0,0,0
38140,171.18,139,2706,0,0,0.00,98,139,74,149.19,118.61,0,0,0,0,0,0,0,0,0,0,0,0,0,0,0,0,0,0,0,0,0,0,0,0,0,0,0,0,0,0,0,0,0,0,0,0,0,0,0,0
38190,170.72,120,2701,0,0,0.00,98,139,74,149.19,118.61,0,0,0,0,0,0,0,0,0,0,0,0,0,0,0,0,0,0,0,0,0,0,0,0,0,0,0,0,0,0,0,0,0,0,0,0,0,0,0,0
38240,170.53,106,2742,0,0,0.00,98,139,74,149.19,118.61,0,0,0,0,0,0,0,0,0,0,0,0,0,0,0,0,0,0,0,0,0,0,0,0,0,0,0,0,0,0,0,0,0,0,0,0,0,0,0,0
38290,170.33,104,2741,0,0,0.00,98,139,74,149.19,118.61,0,0,0,0,0,0,0,0,0,0,0,0,0,0,0,0,0,0,0,0,0,0,0,0,0,0,0,0,0,0,0,0,0,0,0,0,0,0,0,0
38340,170.08,108,2740,0,0,0.00,98,139,74,149.19,118.61,0,0,0,0,0,0,0,0,0,0,0,0,0,0,0,0,0,0,0,0,0,0,0,0,0,0,0,0,0,0,0,0,0,0,0,0,0,0,0,0
38390,169.73,115,2768,0,0,0.00,98,139,74,149.19,118.61,0,0,0,0,0,0,0,0,0,0,0,0,0,0,0,0,0,0,0,0,0,0,0,0,0,0,0,0,0,0,0,0,0,0,0,0,0,0,0,0
38440,169.55,123,2737,0,0,0.00,98,139,74,149.19,118.61,0,0,0,0,0,0,0,0,0,0,0,0,0,0,0,0,0,0,0,0,0,0,0,0,0,0,0,0,0,0,0,0,0,0,0,0,0,0,0,0
38490,169.26,125,2736,0,0,0.00,98,139,74,149.19,118.61,0,0,0,0,0,0,0,0,0,0,0,0,0,0,0,0,0,0,0,0,0,0,0,0,0,0,0,0,0,0,0,0,0,0,0,0,0,0,0,0
38540,169.12,123,2759,0,0,0.00,98,139,74,149.19,118.61,0,0,0,0,0,0,0,0,0,0,0,0,0,0,0,0,0,0,0,0,0,0,0,0,0,0,0,0,0,0,0,0,0,0,0,0,0,0,0,0
38590,169.01,124,2800,0,0,0.00,98,139,74,149.19,118.61,0,0,0,0,0,0,0,0,0,0,0,0,0,0,0,0,0,0,0,0,0,0,0,0,0,0,0,0,0,0,0,0,0,0,0,0,0,0,0,0
38640,169.04,140,2925,0,0,0.00,98,139,74,149.19,118.61,0,0,0,0,0,0,0,0,0,0,0,0,0,0,0,0,0,0,0,0,0,0,0,0,0,0,0,0,0,0,0,0,0,0,0,0,0,0,0,0
38690,169.11,181,3040,0,0,0.00,98,139,74,149.19,118.61,0,0,0,0,0,0,0,0,0,0,0,0,0,0,0,0,0,0,0,0,0,0,0,0,0,0,0,0,0,0,0,0,0,0,0,0,0,0,0,0
38740,168.81,226,2838,0,0,0.00,98,139,74,149.19,118.61,0,0,0,0,0,0,0,0,0,0,0,0,0,0,0,0,0,0,0,0,0,0,0,0,0,0,0,0,0,0,0,0,0,0,0,0,0,0,0,0
38790,168.49,223,2628,0,0,0.00,98,139,74,149.19,118.61,0,0,0,0,0,0,0,0,0,0,0,0,0,0,0,0,0,0,0,0,0,0,0,0,0,0,0,0,0,0,0,0,0,0,0,0,0,0,0,0
38840,168.29,153,2542,0,0,0.00,98,139,74,149.19,118.61,0,0,0,0,0,0,0,0,0,0,0,0,0,0,0,0,0,0,0,0,0,0,0,0,0,0,0,0,0,0,0,0,0,0,0,0,0,0,0,0
38890,168.04,51,2559,0,0,0.00,98,139,74,149.19,118.61,0,0,0,0,0,0,0,0,0,0,0,0,0,0,0,0,0,0,0,0,0,0,0,0,0,0,0,0,0,0,0,0,0,0,0,0,0,0,0,0
38940,167.80,-30,2618,0,0,0.00,98,139,74,149.19,118.61,0,0,0,0,0,0,0,0,0,0,0,0,0,0,0,0,0,0,0,0,0,0,0,0,0,0,0,0,0,0,0,0,0,0,0,0,0,0,0,0
38990,167.46,-68,2667,0,0,0.00,98,139,74,149.19,118.61,0,0,0,0,0,0,0,0,0,0,0,0,0,0,0,0,0,0,0,0,0,0,0,0,0,0,0,0,0,0,0,0,0,0,0,0,0,0,0,0
39040,167.44,-66,2640,0,0,0.00,98,139,74,149.19,118.61,0,0,0,0,0,0,0,0,0,0,0,0,0,0,0,0,0,0,0,0,0,0,0,0,0,0,0,0,0,0,0,0,0,0,0,0,0,0,0,0
39090,167.15,-51,2594,0,0,0.00,98,139,74,149.19,118.61,0,0,0,0,0,0,0,0,0,0,0,0,0,0,0,0,0,0,0,0,0,0,0,0,0,0,0,0,0,0,0,0,0,0,0,0,0,0,0,0
39140,166.99,-38,2635,0,0,0.00,98,139,74,149.19,118.61,0,0,0,0,0,0,0,0,0,0,0,0,0,0,0,0,0,0,0,0,0,0,0,0,0,0,0,0,0,0,0,0,0,0,0,0,0,0,0,0
39190,166.85,-22,2695,0,0,0.00,98,139,74,149.19,118.61,0,0,0,0,0,0,0,0,0,0,0,0,0,0,0,0,0,0,0,0,0,0,0,0,0,0,0,0,0,0,0,0,0,0,0,0,0,0,0,0
39240,166.57,0,2645,0,0,0.00,98,139,74,149.19,118.61,0,0,0,0,0,0,0,0,0,0,0,0,0,0,0,0,0,0,0,0,0,0,0,0,0,0,0,0,0,0,0,0,0,0,0,0,0,0,0,0
39290,166.42,13,2617,0,0,0.00,98,139,74,149.19,118.61,0,0,0,0,0,0,0,0,0,0,0,0,0,0,0,0,0,0,0,0,0,0,0,0,0,0,0,0,0,0,0,0,0,0,0,0,0,0,0,0
39340,166.83,13,2605,0,0,0.00,98,139,74,149.19,118.61,0,0,0,0,0,0,0,0,0,0,0,0,0,0,0,0,0,0,0,0,0,0,0,0,0,0,0,0,0,0,0,0,0,0,0,0,0,0,0,0
39390,166.77,7,2635,0,0,0.00,98,139,74,149.19,118.61,0,0,0,0,0,0,0,0,0,0,0,0,0,0,0,0,0,0,0,0,0,0,0,0,0,0,0,0,0,0,0,0,0,0,0,0,0,0,0,0
39440,166.49,5,2643,0,0,0.00,98,139,74,149.19,118.61,0,0,0,0,0,0,0,0,0,0,0,0,0,0,0,0,0,0,0,0,0,0,0,0,0,0,0,0,0,0,0,0,0,0,0,0,0,0,0,0
39490,166.34,8,2629,0,0,0.00,98,139,74,149.19,118.61,0,0,0,0,0,0,0,0,0,0,0,0,0,0,0,0,0,0,0,0,0,0,0,0,0,0,0,0,0,0,0,0,0,0,0,0,0,0,0,0
39540,166.29,14,2672,0,0,0.00,98,139,74,149.19,118.61,0,0,0,0,0,0,0,0,0,0,0,0,0,0,0,0,0,0,0,0,0,0,0,0,0,0,0,0,0,0,0,0,0,0,0,0,0,0,0,0
39590,166.27,26,2682,0,0,0.00,98,139,74,149.19,118.61,0,0,0,0,0,0,0,0,0,0,0,0,0,0,0,0,0,0,0,0,0,0,0,0,0,0,0,0,0,0,0,0,0,0,0,0,0,0,0,0
39640,166.29,38,2643,0,0,0.00,98,139,74,149.19,118.61,0,0,0,0,0,0,0,0,0,0,0,0,0,0,0,0,0,0,0,0,0,0,0,0,0,0,0,0,0,0,0,0,0,0,0,0,0,0,0,0
39690,166.24,44,2661,0,1,0.00,98,139,74,149.19,118.61,0,0,0,0,0,0,0,0,0,0,0,0,0,0,0,0,0,0,0,0,0,0,0,0,0,0,0,0,0,0,0,0,0,0,0,0,0,0,0,0
39740,166.05,43,2640,0,0,0.00,98,139,74,149.19,118.61,0,0,0,0,0,0,0,0,0,0,0,0,0,0,0,0,0,0,0,0,0,0,0,0,0,0,0,0,0,0,0,0,0,0,0,0,0,0,0,0
39790,165.96,41,2666,0,0,0.00,98,139,74,149.19,118.61,0,0,0,0,0,0,0,0,0,0,0,0,0,0,0,0,0,0,0,0,0,0,0,0,0,0,0,0,0,0,0,0,0,0,0,0,0,0,0,0
39840,165.90,41,2691,0,0,0.00,98,139,74,149.19,118.61,0,0,0,0,0,0,0,0,0,0,0,0,0,0,0,0,0,0,0,0,0,0,0,0,0,0,0,0,0,0,0,0,0,0,0,0,0,0,0,0
39890,165.71,47,2684,0,0,0.00,98,139,74,149.19,118.61,0,0,0,0,0,0,0,0,0,0,0,0,0,0,0,0,0,0,0,0,0,0,0,0,0,0,0,0,0,0,0,0,0,0,0,0,0,0,0,0
39940,165.52,57,2737,0,0,0.00,98,139,74,149.19,118.61,0,0,0,0,0,0,0,0,0,0,0,0,0,0,0,0,0,0,0,0,0,0,0,0,0,0,0,0,0,0,0,0,0,0,0,0,0,0,0,0
39990,165.35,73,2765,0,0,0.00,98,139,74,149.19,118.61,0,0,0,0,0,0,0,0,0,0,0,0,0,0,0,0,0,0,0,0,0,0,0,0,0,0,0,0,0,0,0,0,0,0,0,0,0,0,0,0
40040,165.32,91,2739,0,0,0.00,98,139,74,149.19,118.61,0,0,0,0,0,0,0,0,0,0,0,0,0,0,0,0,0,0,0,0,0,0,0,0,0,0,0,0,0,0,0,0,0,0,0,0,0,0,0,0
40090,165.65,99,2714,0,0,0.00,98,139,74,149.19,118.61,0,0,0,0,0,0,0,0,0,0,0,0,0,0,0,0,0,0,0,0,0,0,0,0,0,0,0,0,0,0,0,0,0,0,0,0,0,0,0,0
40140,165.32,90,2643,0,1,0.00,98,139,74,149.19,118.61,0,0,0,0,0,0,0,0,0,0,0,0,0,0,0,0,0,0,0,0,0,0,0,0,0,0,0,0,0,0,0,0,0,0,0,0,0,0,0,0
40190,165.23,73,2672,0,0,0.00,98,139,74,149.19,118.61,0,0,0,0,0,0,0,0,0,0,0,0,0,0,0,0,0,0,0,0,0,0,0,0,0,0,0,0,0,0,0,0,0,0,0,0,0,0,0,0
40240,165.02,59,2765,0,0,0.00,98,139,74,149.19,118.61,0,0,0,0,0,0,0,0,0,0,0,0,0,0,0,0,0,0,0,0,0,0,0,0,0,0,0,0,0,0,0,0,0,0,0,0,0,0,0,0
40290,164.85,53,2757,0,0,0.00,98,139,74,149.19,118.61,0,0,0,0,0,0,0,0,0,0,0,0,0,0,0,0,0,0,0,0,0,0,0,0,0,0,0,0,0,0,0,0,0,0,0,0,0,0,0,0
40340,164.89,54,2768,0,0,0.00,98,139,74,149.19,118.61,0,0,0,0,0,0,0,0,0,0,0,0,0,0,0,0,0,0,0,0,0,0,0,0,0,0,0,0,0,0,0,0,0,0,0,0,0,0,0,0
40390,164.87,56,2794,0,0,0.00,98,139,74,149.19,118.61,0,0,0,0,0,0,0,0,0,0,0,0,0,0,0,0,0,0,0,0,0,0,0,0,0,0,0,0,0,0,0,0,0,0,0,0,0,0,0,0
40440,164.72,59,2848,0,0,0.00,98,139,74,149.19,118.61,0,0,0,0,0,0,0,0,0,0,0,0,0,0,0,0,0,0,0,0,0,0,0,0,0,0,0,0,0,0,0,0,0,0,0,0,0,0,0,0
40490,164.48,62,2818,0,0,0.00,98,139,74,149.19,118.61,0,0,0,0,0,0,0,0,0,0,0,0,0,0,0,0,0,0,0,0,0,0,0,0,0,0,0,0,0,0,0,0,0,0,0,0,0,0,0,0
40540,164.47,60,2787,0,0,0.00,98,139,74,149.19,118.61,0,0,0,0,0,0,0,0,0,0,0,0,0,0,0,0,0,0,0,0,0,0,0,0,0,0,0,0,0,0,0,0,0,0,0,0,0,0,0,0
40590,164.26,50,2793,0,0,0.00,98,139,74,149.19,118.61,0,0,0,0,0,0,0,0,0,0,0,0,0,0,0,0,0,0,0,0,0,0,0,0,0,0,0,0,0,0,0,0,0,0,0,0,0,0,0,0
40640,164.12,34,2786,0,0,0.00,98,139,74,149.19,118.61,0,0,0,0,0,0,0,0,0,0,0,0,0,0,0,0,0,0,0,0,0,0,0,0,0,0,0,0,0,0,0,0,0,0,0,0,0,0,0,0
40690,164.04,18,2808,0,0,0.00,98,139,74,149.19,118.61,0,0,0,0,0,0,0,0,0,0,0,0,0,0,0,0,0,0,0,0,0,0,0,0,0,0,0,0,0,0,0,0,0,0,0,0,0,0,0,0
40740,164.07,5,2829,0,0,0.00,98,139,74,149.19,118.61,0,0,0,0,0,0,0,0,0,0,0,0,0,0,0,0,0,0,0,0,0,0,0,0,0,0,0,0,0,0,0,0,0,0,0,0,0,0,0,0
40790,164.35,-3,2805,0,0,0.00,98,139,74,149.19,118.61,0,0,0,0,0,0,0,0,0,0,0,0,0,0,0,0,0,0,0,0,0,0,0,0,0,0,0,0,0,0,0,0,0,0,0,0,0,0,0,0
40840,164.09,-10,2815,0,1,0.00,98,139,74,149.19,118.61,0,0,0,0,0,0,0,0,0,0,0,0,0,0,0,0,0,0,0,0,0,0,0,0,0,0,0,0,0,0,0,0,0,0,0,0,0,0,0,0
40890,163.97,-15,2813,0,0,0.00,98,139,74,149.19,118.61,0,0,0,0,0,0,0,0,0,0,0,0,0,0,0,0,0,0,0,0,0,0,0,0,0,0,0,0,0,0,0,0,0,0,0,0,0,0,0,0
40940,163.84,-19,2819,0,0,0.00,98,139,74,149.19,118.61,0,0,0,0,0,0,0,0,0,0,0,0,0,0,0,0,0,0,0,0,0,0,0,0,0,0,0,0,0,0,0,0,0,0,0,0,0,0,0,0
40990,163.76,-20,2852,0,0,0.00,98,139,74,149.19,118.61,0,0,0,0,0,0,0,0,0,0,0,0,0,0,0,0,0,0,0,0,0,0,0,0,0,0,0,0,0,0,0,0,0,0,0,0,0,0,0,0
41040,163.64,-18,2832,0,0,0.00,98,139,74,149.19,118.61,0,0,0,0,0,0,0,0,0,0,0,0,0,0,0,0,0,0,0,0,0,0,0,0,0,0,0,0,0,0,0,0,0,0,0,0,0,0,0,0
41090,163.64,-14,2879,0,0,0.00,98,139,74,149.19,118.61,0,0,0,0,0,0,0,0,0,0,0,0,0,0,0,0,0,0,0,0,0,0,0,0,0,0,0,0,0,0,0,0,0,0,0,0,0,0,0,0
41140,163.59,-7,2901,0,0,0.00,98,139,74,149.19,118.61,0,0,0,0,0,0,0,0,0,0,0,0,0,0,0,0,0,0,0,0,0,0,0,0,0,0,0,0,0,0,0,0,0,0,0,0,0,0,0,0
41190,163.38,0,2909,0,0,0.00,98,139,74,149.19,118.61,0,0,0,0,0,0,0,0,0,0,0,0,0,0,0,0,0,0,0,0,0,0,0,0,0,0,0,0,0,0,0,0,0,0,0,0,0,0,0,0
41240,163.34,7,2869,0,0,0.00,98,139,74,149.19,118.61,0,0,0,0,0,0,0,0,0,0,0,0,0,0,0,0,0,0,0,0,0,0,0,0,0,0,0,0,0,0,0,0,0,0,0,0,0,0,0,0
41290,163.19,6,2832,0,0,0.00,98,139,74,149.19,118.61,0,0,0,0,0,0,0,0,0,0,0,0,0,0,0,0,0,0,0,0,0,0,0,0,0,0,0,0,0,0,0,0,0,0,0,0,0,0,0,0
41340,163.16,-2,2826,0,0,0.00,98,139,74,149.19,118.61,0,0,0,0,0,0,0,0,0,0,0,0,0,0,0,0,0,0,0,0,0,0,0,0,0,0,0,0,0,0,0,0,0,0,0,0,0,0,0,0
41390,163.00,-13,2864,0,0,0.00,98,139,74,149.19,118.61,0,0,0,0,0,0,0,0,0,0,0,0,0,0,0,0,0,0,0,0,0,0,0,0,0,0,0,0,0,0,0,0,0,0,0,0,0,0,0,0
41440,163.26,-20,2849,0,0,0.00,98,139,74,149.19,118.61,0,0,0,0,0,0,0,0,0,0,0,0,0,0,0,0,0,0,0,0,0,0,0,0,0,0,0,0,0,0,0,0,0,0,0,0,0,0,0,0
41490,163.26,-23,2895,0,0,0.00,98,139,74,149.19,118.61,0,0,0,0,0,0,0,0,0,0,0,0,0,0,0,0,0,0,0,0,0,0,0,0,0,0,0,0,0,0,0,0,0,0,0,0,0,0,0,0
41540,163.05,-20,2894,0,0,0.00,98,139,74,149.19,118.61,0,0,0,0,0,0,0,0,0,0,0,0,0,0,0,0,0,0,0,0,0,0,0,0,0,0,0,0,0,0,0,0,0,0,0,0,0,0,0,0
41590,162.77,-14,2868,0,0,0.00,98,139,74,149.19,118.61,0,0,0,0,0,0,0,0,0,0,0,0,0,0,0,0,0,0,0,0,0,0,0,0,0,0,0,0,0,0,0,0,0,0,0,0,0,0,0,0
41640,162.56,-11,2842,0,0,0.00,98,139,74,149.19,118.61,0,0,0,0,0,0,0,0,0,0,0,0,0,0,0,0,0,0,0,0,0,0,0,0,0,0,0,0,0,0,0,0,0,0,0,0,0,0,0,0
41690,162.45,-13,2842,0,0,0.00,98,139,74,149.19,118.61,0,0,0,0,0,0,0,0,0,0,0,0,0,0,0,0,0,0,0,0,0,0,0,0,0,0,0,0,0,0,0,0,0,0,0,0,0,0,0,0
41740,162.42,-16,2841,0,0,0.00,98,139,74,149.19,118.61,0,0,0,0,0,0,0,0,0,0,0,0,0,0,0,0,0,0,0,0,0,0,0,0,0,0,0,0,0,0,0,0,0,0,0,0,0,0,0,0
41790,162.27,-17,2900,0,0,0.00,98,139,74,149.19,118.61,0,0,0,0,0,0,0,0,0,0,0,0,0,0,0,0,0,0,0,0,0,0,0,0,0,0,0,0,0,0,0,0,0,0,0,0,0,0,0,0
41840,162.21,-11,2944,0,0,0.00,98,139,74,149.19,118.61,0,0,0,0,0,0,0,0,0,0,0,0,0,0,0,0,0,0,0,0,0,0,0,0,0,0,0,0,0,0,0,0,0,0,0,0,0,0,0,0
41890,162.09,0,2915,0,0,0.00,98,139,74,149.19,118.61,0,162,0,0,0,0,0,0,0,0,0,0,0,0,0,0,0,0,0,0,0,0,0,0,0,0,0,0,0,0,0,0,0,0,0,0,0,0,0,0
41940,162.05,8,2847,0,0,0.00,98,139,74,149.19,118.61,0,162,0,0,0,0,0,0,0,0,0,0,0,0,0,0,0,0,0,0,0,0,0,0,0,0,0,0,0,0,0,0,0,0,0,0,0,0,0,0
41990,162.09,7,2853,0,0,0.00,98,139,74,149.19,118.61,0,162,0,0,0,0,0,0,0,0,0,0,0,0,0,0,0,0,0,0,0,0,0,0,0,0,0,0,0,0,0,0,0,0,0,0,0,0,0,0
42040,161.96,2,2895,0,1,0.00,98,139,74,149.19,118.61,0,162,0,0,0,0,0,0,0,0,0,0,0,0,0,0,0,0,0,0,0,0,0,0,0,0,0,0,0,0,0,0,0,0,0,0,0,0,0,0
42090,161.79,0,2931,0,0,0.00,98,139,74,149.19,118.61,0,162,0,0,0,0,0,0,0,0,0,0,0,0,0,0,0,0,0,0,0,0,0,0,0,0,0,0,0,0,0,0,0,0,0,0,0,0,0,0
42140,161.76,1,2864,0,0,0.00,98,139,74,149.19,118.61,0,162,0,0,0,0,0,0,0,0,0,0,0,0,0,0,0,0,0,0,0,0,0,0,0,0,0,0,0,0,0,0,0,0,0,0,0,0,0,0
42190,162.05,0,2881,0,0,0.00,98,139,74,149.19,118.61,0,162,0,0,0,0,0,0,0,0,0,0,0,0,0,0,0,0,0,0,0,0,0,0,0,0,0,0,0,0,0,0,0,0,0,0,0,0,0,0
42240,161.74,1,3003,0,0,0.00,98,139,74,149.19,118.61,0,162,0,0,0,0,0,0,0,0,0,0,0,0,0,0,0,0,0,0,0,0,0,0,0,0,0,0,0,0,0,0,0,0,0,0,0,0,0,0
42290,161.38,11,2995,0,0,0.00,98,139,74,149.19,118.61,0,162,0,0,0,0,0,0,0,0,0,0,0,0,0,0,0,0,0,0,0,0,0,0,0,0,0,0,0,0,0,0,0,0,0,0,0,0,0,0
42340,161.11,22,2928,0,0,0.00,98,139,74,149.19,118.61,0,162,0,0,0,0,0,0,0,0,0,0,0,0,0,0,0,0,0,0,0,0,0,0,0,0,0,0,0,0,0,0,0,0,0,0,0,0,0,0
42390,160.99,24,2890,0,0,0.00,98,139,74,149.19,118.61,0,162,0,0,0,0,0,0,0,0,0,0,0,0,0,0,0,0,0,0,0,0,0,0,0,0,0,0,0,0,0,0,0,0,0,0,0,0,0,0
42440,160.86,14,2852,0,0,0.00,98,139,74,149.19,118.61,0,162,0,0,0,0,0,0,0,0,0,0,0,0,0,0,0,0,0,0,0,0,0,0,0,0,0,0,0,0,0,0,0,0,0,0,0,0,0,0
42490,160.70,-3,2849,0,0,0.00,98,139,74,149.19,118.61,0,162,0,0,0,0,0,0,0,0,0,0,0,0,0,0,0,0,0,0,0,0,0,0,0,0,0,0,0,0,0,0,0,0,0,0,0,0,0,0
42540,160.34,-20,2882,0,0,0.00,98,139,74,149.19,118.61,0,162,0,0,0,0,0,0,0,0,0,0,0,0,0,0,0,0,0,0,0,0,0,0,0,0,0,0,0,0,0,0,0,0,0,0,0,0,0,0
42590,160.13,-29,2899,0,0,0.00,98,139,74,149.19,118.61,0,162,0,0,0,0,0,0,0,0,0,0,0,0,0,0,0,0,0,0,0,0,0,0,0,0,0,0,0,0,0,0,0,0,0,0,0,0,0,0
42640,159.86,-31,2889,0,0,0.00,98,139,74,149.19,118.61,0,162,0,0,0,0,0,0,0,0,0,0,0,0,0,0,0,0,0,0,0,0,0,0,0,0,0,0,0,0,0,0,0,0,0,0,0,0,0,0
42690,159.63,-29,2823,0,0,0.00,98,139,74,149.19,118.61,0,162,0,0,0,0,0,0,0,0,0,0,0,0,0,0,0,0,0,0,0,0,0,0,0,0,0,0,0,0,0,0,0,0,0,0,0,0,0,0
42740,159.36,-30,2849,0,0,0.00,98,139,74,149.19,118.61,0,162,0,0,0,0,0,0,0,0,0,0,0,0,0,0,0,0,0,0,0,0,0,0,0,0,0,0,0,0,0,0,0,0,0,0,0,0,0,0
42790,159.19,-27,2928,0,0,0.00,98,139,74,149.19,118.61,0,162,0,0,0,0,0,0,0,0,0,0,0,0,0,0,0,0,0,0,0,0,0,0,0,0,0,0,0,0,0,0,0,0,0,0,0,0,0,0
42840,158.77,-15,2957,0,0,0.00,98,139,74,149.19,118.61,0,162,0,0,0,0,0,0,0,0,0,0,0,0,0,0,0,0,0,0,0,0,0,0,0,0,0,0,0,0,0,0,0,0,0,0,0,0,0,0
42890,158.79,0,2899,0,0,0.00,98,139,74,149.19,118.61,0,162,0,0,0,0,0,0,0,0,0,0,0,0,0,0,0,0,0,0,0,0,0,0,0,0,0,0,0,0,0,0,0,0,0,0,0,0,0,0
42940,158.89,14,2962,0,0,0.00,98,139,74,149.19,118.61,0,162,0,0,0,0,0,0,0,0,0,0,0,0,0,0,0,0,0,0,0,0,0,0,0,0,0,0,0,0,0,0,0,0,0,0,0,0,0,0
42990,158.29,26,2983,0,1,0.00,98,139,74,149.19,118.61,0,162,0,0,0,0,0,0,0,0,0,0,0,0,0,0,0,0,0,0,0,0,0,0,0,0,0,0,0,0,0,0,0,0,0,0,0,0,0,0
43040,157.90,36,2971,0,0,0.00,98,139,74,149.19,118.61,0,162,0,0,0,0,0,0,0,0,0,0,0,0,0,0,0,0,0,0,0,0,0,0,0,0,0,0,0,0,0,0,0,0,0,0,0,0,0,0
43090,157.48,40,2957,0,0,0.00,98,139,74,149.19,118.61,0,162,0,0,0,0,0,0,0,0,0,0,0,0,0,0,0,0,0,0,0,0,0,0,0,0,0,0,0,0,0,0,0,0,0,0,0,0,0,0
43140,157.26,38,2959,0,0,0.00,98,139,74,149.19,118.61,0,162,0,0,0,0,0,0,0,0,0,0,0,0,0,0,0,0,0,0,0,0,0,0,0,0,0,0,0,0,0,0,0,0,0,0,0,0,0,0
43190,157.10,31,2949,0,0,0.00,98,139,74,149.19,118.61,0,162,0,0,0,0,0,0,0,0,0,0,0,0,0,0,0,0,0,0,0,0,0,0,0,0,0,0,0,0,0,0,0,0,0,0,0,0,0,0
43240,156.95,20,2930,0,0,0.00,98,139,74,149.19,118.61,0,162,0,0,0,0,0,0,0,0,0,0,0,0,0,0,0,0,0,0,0,0,0,0,0,0,0,0,0,0,0,0,0,0,0,0,0,0,0,0
43290,156.63,6,2885,0,0,0.00,98,139,74,149.19,118.61,0,162,0,0,0,0,0,0,0,0,0,0,0,0,0,0,0,0,0,0,0,0,0,0,0,0,0,0,0,0,0,0,0,0,0,0,0,0,0,0
43340,156.38,-11,2869,0,0,0.00,98,139,74,149.19,118.61,0,162,0,0,0,0,0,0,0,0,0,0,0,0,0,0,0,0,0,0,0,0,0,0,0,0,0,0,0,0,0,0,0,0,0,0,0,0,0,0
43390,156.05,-27,2900,0,0,0.00,98,139,74,149.19,118.61,0,162,0,0,0,0,0,0,0,0,0,0,0,0,0,0,0,0,0,0,0,0,0,0,0,0,0,0,0,0,0,0,0,0,0,0,0,0,0,0
43440,155.73,-35,2942,0,0,0.00,98,139,74,149.19,118.61,0,162,0,0,0,0,0,0,0,0,0,0,0,0,0,0,0,0,0,0,0,0,0,0,0,0,0,0,0,0,0,0,0,0,0,0,0,0,0,0
43490,155.48,-33,2931,0,0,0.00,98,139,74,149.19,118.61,0,162,0,0,0,0,0,0,0,0,0,0,0,0,0,0,0,0,0,0,0,0,0,0,0,0,0,0,0,0,0,0,0,0,0,0,0,0,0,0
43540,155.02,-25,2936,0,0,0.00,98,139,74,149.19,118.61,0,162,0,0,0,0,0,0,0,0,0,0,0,0,0,0,0,0,0,0,0,0,0,0,0,0,0,0,0,0,0,0,0,0,0,0,0,0,0,0
43590,154.82,-16,2928,0,0,0.00,98,139,74,149.19,118.61,0,162,0,0,0,0,0,0,0,0,0,0,0,0,0,0,0,0,0,0,0,0,0,0,0,0,0,0,0,0,0,0,0,0,0,0,0,0,0,0
43640,154.90,-6,2988,0,0,0.00,98,139,74,149.19,118.61,0,162,0,0,0,0,0,0,0,0,0,0,0,0,0,0,0,0,0,0,0,0,0,0,0,0,0,0,0,0,0,0,0,0,0,0,0,0,0,0
43690,154.74,3,2967,0,1,0.00,98,139,74,149.19,118.61,0,162,0,0,0,0,0,0,0,0,0,0,0,0,0,0,0,0,0,0,0,0,0,0,0,0,0,0,0,0,0,0,0,0,0,0,0,0,0,0
43740,154.21,12,2961,0,0,0.00,98,139,74,149.19,118.61,0,162,0,0,0,0,0,0,0,0,0,0,0,0,0,0,0,0,0,0,0,0,0,0,0,0,0,0,0,0,0,0,0,0,0,0,0,0,0,0
43790,153.83,15,2899,0,0,0.00,98,139,74,149.19,118.61,0,162,0,0,0,0,0,0,0,0,0,0,0,0,0,0,0,0,0,0,0,0,0,0,0,0,0,0,0,0,0,0,0,0,0,0,0,0,0,0
43840,153.44,8,2880,0,0,0.00,98,139,74,149.19,118.61,0,162,0,0,0,0,0,0,0,0,0,0,0,0,0,0,0,0,0,0,0,0,0,0,0,0,0,0,0,0,0,0,0,0,0,0,0,0,0,0
43890,153.18,-2,2935,0,0,0.00,98,139,74,149.19,118.61,0,162,0,0,0,0,0,0,0,0,0,0,0,0,0,0,0,0,0,0,0,0,0,0,0,0,0,0,0,0,0,0,0,0,0,0,0,0,0,0
43940,152.95,-8,2962,0,0,0.00,98,139,74,149.19,118.61,0,162,0,0,0,0,0,0,0,0,0,0,0,0,0,0,0,0,0,0,0,0,0,0,0,0,0,0,0,0,0,0,0,0,0,0,0,0,0,0
43990,152.63,-5,2996,0,0,0.00,98,139,74,149.19,118.61,0,162,0,0,0,0,0,0,0,0,0,0,0,0,0,0,0,0,0,0,0,0,0,0,0,0,0,0,0,0,0,0,0,0,0,0,0,0,0,0
44040,152.15,0,2931,0,0,0.00,98,139,74,149.19,118.61,0,162,0,0,0,0,0,0,0,0,0,0,0,0,0,0,0,0,0,0,0,0,0,0,0,0,0,0,0,0,0,0,0,0,0,0,0,0,0,0
44090,151.83,3,2928,0,0,0.00,98,139,74,149.19,118.61,0,162,0,0,0,0,0,0,0,0,0,0,0,0,0,0,0,0,0,0,0,0,0,0,0,0,0,0,0,0,0,0,0,0,0,0,0,0,0,0
44140,151.58,3,2960,0,0,0.00,98,139,74,149.19,118.61,0,162,0,0,0,0,0,0,0,0,0,0,0,0,0,0,0,0,0,0,0,0,0,0,0,0,0,0,0,0,0,0,0,0,0,0,0,0,0,0
44190,151.29,2,2947,0,0,0.00,98,139,74,149.19,118.61,0,162,0,0,0,0,0,0,0,0,0,0,0,0,0,0,0,0,0,0,0,0,0,0,0,0,0,0,0,0,0,0,0,0,0,0,0,0,0,0
44240,150.91,1,2940,0,0,0.00,98,139,74,149.19,118.61,0,162,0,0,0,0,0,0,0,0,0,0,0,0,0,0,0,0,0,0,0,0,0,0,0,0,0,0,0,0,0,0,0,0,0,0,0,0,0,0
44290,150.84,0,2947,0,0,0.00,98,139,74,149.19,118.61,0,162,0,0,0,0,0,0,0,0,0,0,0,0,0,0,0,0,0,0,0,0,0,0,0,0,0,0,0,0,0,0,0,0,0,0,0,0,0,0
44340,150.92,-1,2941,0,0,0.00,98,139,74,149.19,118.61,0,162,0,0,0,0,0,0,0,0,0,0,0,0,0,0,0,0,0,0,0,0,0,0,0,0,0,0,0,0,0,0,0,0,0,0,0,0,0,0
44390,150.48,-2,2957,0,1,0.00,98,139,74,149.19,118.61,0,162,0,0,0,0,0,0,0,0,0,0,0,0,0,0,0,0,0,0,0,0,0,0,0,0,0,0,0,0,0,0,0,0,0,0,0,0,0,0
44440,150.02,-2,2945,0,0,0.00,98,139,74,149.19,118.61,0,162,0,0,0,0,0,0,0,0,0,0,0,0,0,0,0,0,0,0,0,0,0,0,0,0,0,0,0,0,0,0,0,0,0,0,0,0,0,0
44490,149.53,-3,2917,0,0,0.00,98,139,74,149.19,118.61,0,162,0,0,0,0,0,0,0,0,0,0,0,0,0,0,0,0,0,0,0,0,0,0,0,0,0,0,0,0,0,0,0,0,0,0,0,0,0,0
44540,149.22,-5,2912,0,0,0.00,98,139,74,149.19,118.61,0,162,0,0,0,0,0,0,0,0,0,0,0,0,0,0,0,0,0,0,0,0,0,0,0,0,0,0,0,0,0,0,0,0,0,0,0,0,0,0
44590,149.01,-8,2972,0,0,0.00,98,139,74,149.19,118.61,0,162,0,0,0,0,0,0,0,0,0,0,0,0,0,0,0,0,0,0,0,0,0,0,0,0,0,0,0,0,0,0,0,0,0,0,0,0,0,0
44640,148.75,-7,2987,0,0,0.00,98,139,74,149.19,118.61,0,162,0,0,0,0,0,0,0,0,0,0,0,0,0,0,0,0,0,0,0,0,0,0,0,0,0,0,0,0,0,0,0,0,0,0,0,0,0,0
44690,148.45,-4,2943,0,0,0.00,98,139,74,149.19,118.61,0,162,0,0,0,0,0,0,0,0,0,0,0,0,0,0,0,0,0,0,0,0,0,0,0,0,0,0,0,0,0,0,0,0,0,0,0,0,0,0
44740,148.01,-2,2931,0,0,0.00,98,139,74,149.19,118.61,0,162,0,0,0,0,0,0,0,0,0,0,0,0,0,0,0,0,0,0,0,0,0,0,0,0,0,0,0,0,0,0,0,0,0,0,0,0,0,0
44790,147.73,-2,2945,0,0,0.00,98,139,74,149.19,118.61,0,162,0,0,0,0,0,0,0,0,0,0,0,0,0,0,0,0,0,0,0,0,0,0,0,0,0,0,0,0,0,0,0,0,0,0,0,0,0,0
44840,147.47,-2,2922,0,0,0.00,98,139,74,149.19,118.61,0,162,0,0,0,0,0,0,0,0,0,0,0,0,0,0,0,0,0,0,0,0,0,0,0,0,0,0,0,0,0,0,0,0,0,0,0,0,0,0
44890,147.15,-4,2957,0,0,0.00,98,139,74,149.19,118.61,0,162,0,0,0,0,0,0,0,0,0,0,0,0,0,0,0,0,0,0,0,0,0,0,0,0,0,0,0,0,0,0,0,0,0,0,0,0,0,0
44940,147.05,-5,2942,0,0,0.00,98,139,74,149.19,118.61,0,162,0,0,0,0,0,0,0,0,0,0,0,0,0,0,0,0,0,0,0,0,0,0,0,0,0,0,0,0,0,0,0,0,0,0,0,0,0,0
44990,147.08,-6,2902,0,0,0.00,98,139,74,149.19,118.61,0,162,0,0,0,0,0,0,0,0,0,0,0,0,0,0,0,0,0,0,0,0,0,0,0,0,0,0,0,0,0,0,0,0,0,0,0,0,0,0
45040,146.64,-9,2914,0,1,0.00,98,139,74,149.19,118.61,0,162,0,0,0,0,0,0,0,0,0,0,0,0,0,0,0,0,0,0,0,0,0,0,0,0,0,0,0,0,0,0,0,0,0,0,0,0,0,0
45090,146.20,-12,2943,0,0,0.00,98,139,74,149.19,118.61,0,162,0,0,0,0,0,0,0,0,0,0,0,0,0,0,0,0,0,0,0,0,0,0,0,0,0,0,0,0,0,0,146,146,146,146,146,146,146,146
45140,145.68,-12,3013,0,0,0.00,98,139,74,149.19,118.61,0,162,0,0,0,0,0,0,0,0,0,0,0,0,0,0,0,0,0,0,0,0,0,0,0,0,0,0,0,0,0,0,146,146,146,146,146,146,146,146
45190,145.41,-6,3009,0,0,0.00,98,139,74,149.19,118.61,0,162,0,0,0,0,0,0,0,0,0,0,0,0,0,0,0,0,0,0,0,0,0,0,0,0,0,0,0,0,0,0,146,146,146,146,146,146,146,146
45240,145.16,0,2931,0,0,0.00,98,139,74,149.19,118.61,0,162,0,0,0,0,0,0,0,0,0,0,0,0,0,0,0,0,0,0,0,0,0,0,0,0,0,0,0,0,0,0,146,146,146,146,146,146,146,146
45290,144.86,4,2915,0,0,0.00,98,139,74,149.19,118.61,145,162,0,0,0,0,0,0,145,0,145,0,145,0,145,0,0,0,0,0,0,0,0,0,0,0,0,0,0,0,0,0,146,146,146,146,146,146,146,146
45340,144.62,4,2934,0,0,0.00,98,139,74,149.19,118.61,145,162,0,0,0,0,0,0,145,0,145,0,145,0,145,0,0,0,0,0,0,0,0,0,0,0,0,0,0,0,0,0,146,146,146,146,146,146,146,146
45390,144.17,2,2943,0,0,0.00,98,139,74,149.19,118.61,145,162,0,0,0,0,0,0,145,0,145,0,145,0,145,0,0,0,0,0,0,0,0,0,0,0,0,0,0,0,0,0,146,146,146,146,146,146,146,146
45440,143.82,0,2983,0,0,0.00,98,139,74,149.19,118.61,145,162,0,0,0,0,0,0,145,0,145,0,145,0,145,0,0,0,0,0,0,0,0,0,0,0,0,0,0,0,0,0,146,146,146,146,146,146,146,146
45490,143.51,1,2979,0,0,0.00,98,139,74,149.19,118.61,145,162,0,0,0,0,0,0,145,0,145,0,145,0,145,0,0,0,0,0,0,0,0,0,0,0,0,0,0,0,0,0,146,146,146,146,146,146,146,146
45540,143.28,4,2966,0,0,0.00,98,139,74,149.19,118.61,145,162,0,0,0,0,0,0,145,0,145,0,145,0,145,0,0,0,0,0,0,0,0,0,0,0,0,0,0,0,0,0,146,146,146,146,146,146,146,146
45590,143.07,5,2933,0,0,0.00,98,139,74,149.19,118.61,145,162,0,0,0,0,0,0,145,0,145,0,145,0,145,0,0,0,0,0,0,0,0,0,0,0,0,0,0,0,0,0,146,146,146,146,146,146,146,146
45640,143.25,5,2946,0,0,0.00,98,139,74,149.19,118.61,145,162,0,0,0,0,0,0,145,0,145,0,145,0,145,0,0,0,0,0,0,0,0,0,0,0,0,0,0,0,0,0,146,146,146,146,146,146,146,146
45690,142.94,3,2925,0,1,0.00,98,139,74,149.19,118.61,145,162,0,0,0,0,0,0,145,0,145,0,145,0,145,0,0,0,0,0,0,0,0,0,0,0,0,0,0,0,0,0,146,146,146,146,146,146,146,146
45740,142.48,-1,2875,0,0,0.00,98,139,74,149.19,118.61,145,162,0,0,0,0,0,0,145,0,145,0,145,0,145,0,0,0,0,0,0,0,0,0,0,0,0,0,0,0,0,0,146,146,146,146,146,146,146,146
45790,142.09,-8,2919,0,0,0.00,98,139,74,149.19,118.61,145,162,0,0,0,0,0,0,145,0,145,0,145,0,145,0,0,0,0,0,0,0,0,0,0,0,0,0,0,0,0,0,146,146,146,146,146,146,146,146
45840,141.56,-13,2991,0,0,0.00,98,139,74,149.19,118.61,145,162,0,0,0,0,0,0,145,0,145,0,145,0,145,0,0,0,0,0,0,0,0,0,0,0,0,0,0,0,0,0,146,146,146,146,146,146,146,146
45890,141.35,-13,2997,0,0,0.00,98,139,74,149.19,118.61,145,162,0,0,0,0,0,0,145,0,145,0,145,0,145,0,0,0,0,0,0,0,0,0,0,0,0,0,0,0,0,0,146,146,146,146,146,146,146,146
45940,141.12,-9,2945,0,0,0.00,98,139,74,149.19,118.61,145,162,0,0,0,0,0,0,145,0,145,0,145,0,145,0,0,0,0,0,0,0,0,0,0,0,0,0,0,0,0,0,146,146,146,146,146,146,146,146
45990,140.76,-5,2927,0,0,0.00,98,139,74,149.19,118.61,145,162,0,0,0,0,0,0,145,0,145,0,145,0,145,0,0,0,0,0,0,0,0,0,0,0,0,0,0,0,0,0,146,146,146,146,146,146,146,146
46040,140.51,-3,2933,0,0,0.00,98,139,74,149.19,118.61,145,162,0,0,0,0,0,0,145,0,145,0,145,0,145,0,0,0,0,0,0,0,0,0,0,0,0,0,0,0,0,0,146,146,146,146,146,146,146,146
46090,140.07,-3,2960,0,0,0.00,98,139,74,149.19,118.61,145,162,0,0,0,0,0,0,145,0,145,0,145,0,145,0,0,0,0,0,0,0,0,0,0,0,0,0,0,0,0,0,146,146,146,146,146,146,146,146
46140,139.69,-2,2956,0,0,0.00,98,139,74,149.19,118.61,145,162,0,0,0,0,0,0,145,0,145,0,145,0,145,0,0,0,0,0,0,0,0,0,0,0,0,0,0,0,0,0,146,146,146,146,146,146,146,146
46190,139.39,-1,2960,0,0,0.00,98,139,74,149.19,118.61,145,162,0,0,0,0,0,0,145,0,145,0,145,0,145,0,0,0,0,0,0,0,0,0,0,0,0,0,0,0,0,0,146,146,146,146,146,146,146,146
46240,139.22,1,2986,0,0,0.00,98,139,74,149.19,118.61,145,162,0,0,0,0,0,0,145,0,145,0,145,0,145,0,0,0,0,0,0,0,0,0,0,0,0,0,0,0,0,0,146,146,146,146,146,146,146,146
46290,138.96,5,3006,0,0,0.00,98,139,74,149.19,118.61,145,162,0,0,0,0,0,0,145,0,145,0,145,0,145,0,0,0,0,0,0,0,0,0,0,0,0,0,0,0,0,0,146,146,146,146,146,146,146,146
46340,139.19,11,3010,0,0,0.00,98,139,74,149.19,118.61,145,162,0,0,0,0,0,0,145,0,145,0,145,0,145,0,0,0,0,0,0,0,0,0,0,0,0,0,0,0,0,0,146,146,146,146,146,146,146,146
46390,138.94,17,2958,0,1,0.00,98,139,74,149.19,118.61,145,162,0,0,0,0,0,0,145,0,145,0,145,0,145,0,0,0,0,0,0,0,0,0,0,0,0,0,0,0,0,0,146,146,146,146,146,146,146,146
46440,138.40,18,2913,0,0,0.00,98,139,74,149.19,118.61,145,162,0,0,0,0,0,0,145,0,145,0,145,0,145,0,0,0,0,0,0,0,0,0,0,0,0,0,0,0,0,0,146,146,146,146,146,146,146,146
46490,138.00,16,2991,0,0,0.00,98,139,74,149.19,118.61,145,162,0,0,0,0,0,0,145,0,145,0,145,0,145,0,0,0,0,0,0,0,0,0,0,0,0,0,0,0,0,0,146,146,146,146,146,146,146,146
46540,137.55,13,2981,0,0,0.00,98,139,74,149.19,118.61,145,162,0,0,0,0,0,0,145,0,145,0,145,0,145,0,0,0,0,0,0,0,0,0,0,0,0,0,0,0,0,0,146,146,146,146,146,146,146,146
46590,137.33,11,2947,0,0,0.00,98,139,74,149.19,118.61,145,162,0,0,0,0,0,0,145,0,145,0,145,0,145,0,0,0,0,0,0,0,0,0,0,0,0,0,0,0,0,0,146,146,146,146,146,146,146,146
46640,137.02,9,2993,0,0,0.00,98,139,74,149.19,118.61,145,162,0,0,0,0,0,0,145,0,145,0,145,0,145,0,0,0,0,0,0,0,0,0,0,0,0,0,0,0,0,0,146,146,146,146,146,146,146,146
46690,136.79,8,2994,0,0,0.00,98,139,74,149.19,118.61,145,162,0,0,0,0,0,0,145,0,145,0,145,0,145,0,0,0,0,0,0,0,0,0,0,0,0,0,0,0,0,0,146,146,146,146,146,146,146,146
46740,136.57,8,2969,0,0,0.00,98,139,74,149.19,118.61,145,162,0,0,0,0,0,0,145,0,145,0,145,0,145,0,0,0,0,0,0,0,0,0,0,0,0,0,0,0,0,0,146,146,146,146,146,146,146,146
46790,136.17,8,2985,0,0,0.00,98,139,74,149.19,118.61,145,162,0,0,0,0,0,0,145,0,145,0,145,0,145,0,0,0,0,0,0,0,0,0,0,0,0,0,0,0,0,0,146,146,146,146,146,146,146,146
46840,135.97,8,2990,0,0,0.00,98,139,74,149.19,118.61,145,162,0,0,0,0,0,0,145,0,145,0,145,0,145,0,0,0,0,0,0,0,0,0,0,0,0,0,0,0,0,0,146,146,146,146,146,146,146,146
46890,135.71,8,2976,0,0,0.00,98,139,74,149.19,118.61,145,162,0,0,0,0,0,0,145,0,145,0,145,0,145,0,0,0,0,0,0,0,0,0,0,0,0,0,0,0,0,0,146,146,146,146,146,146,146,146
46940,135.51,7,2960,0,0,0.00,98,139,74,149.19,118.61,145,162,0,0,0,0,0,0,145,0,145,0,145,0,145,0,0,0,0,0,0,0,0,0,0,0,0,0,0,0,0,0,146,146,146,146,146,146,146,146
46990,135.20,5,2999,0,0,0.00,98,139,74,149.19,118.61,145,162,0,0,0,0,0,0,145,0,145,0,145,0,145,0,0,0,0,0,0,0,0,0,0,0,0,0,0,0,0,0,146,146,146,146,146,146,146,146
47040,135.18,3,2960,0,0,0.00,98,139,74,149.19,118.61,145,162,0,0,0,0,0,0,145,0,145,0,145,0,145,0,0,0,0,0,0,0,0,0,0,0,0,0,0,0,0,0,146,146,146,146,146,146,146,146
47090,135.29,1,2941,0,0,0.00,98,139,74,149.19,118.61,145,162,0,0,0,0,0,0,145,0,145,0,145,0,145,0,0,0,0,0,0,0,0,0,0,0,0,0,0,0,0,0,146,146,146,146,146,146,146,146
47140,134.93,-2,2989,0,1,0.00,98,139,74,149.19,118.61,145,162,0,0,0,0,0,0,145,0,145,0,145,0,145,0,0,0,0,0,0,0,0,0,0,0,0,0,0,0,0,0,146,146,146,146,146,146,146,146
47190,134.31,-4,3009,0,0,0.00,98,139,74,149.19,118.61,145,162,0,0,0,0,0,0,145,0,145,0,145,0,145,0,0,0,0,0,0,0,0,0,0,0,0,0,0,0,0,0,146,146,146,146,146,146,146,146
47240,134.02,-4,2946,0,0,0.00,98,139,74,149.19,118.61,145,162,0,0,0,0,0,0,145,0,145,0,145,0,145,0,0,0,0,0,0,0,0,0,0,0,0,0,0,0,0,0,146,146,146,146,146,146,146,146
47290,133.77,-5,2928,0,0,0.00,98,139,74,149.19,118.61,145,162,0,0,0,0,0,0,145,0,145,0,145,0,145,0,0,0,0,0,0,0,0,0,0,0,0,0,0,0,0,0,146,146,146,146,146,146,146,146
47340,133.59,-9,2977,0,0,0.00,98,139,74,149.19,118.61,145,162,0,0,0,0,0,0,145,0,145,0,145,0,145,0,0,0,0,0,0,0,0,0,0,0,0,0,0,0,0,0,146,146,146,146,146,146,146,146
47390,133.30,-10,3017,0,0,0.00,98,139,74,149.19,118.61,145,162,0,0,0,0,0,0,145,0,145,0,145,0,145,0,0,0,0,0,0,0,0,0,0,0,0,0,0,0,0,0,146,146,146,146,146,146,146,146
47440,132.94,-7,3042,0,0,0.00,98,139,74,149.19,118.61,145,162,0,0,0,0,0,0,145,0,145,0,145,0,145,0,0,0,0,0,0,0,0,0,0,0,0,0,0,0,0,0,146,146,146,146,146,146,146,146
47490,132.63,-1,3024,0,0,0.00,98,139,74,149.19,118.61,145,162,0,0,0,0,0,0,145,0,145,0,145,0,145,0,0,0,0,0,0,0,0,0,0,0,0,0,0,0,0,0,146,146,146,146,146,146,146,146
47540,132.42,5,2969,0,0,0.00,98,139,74,149.19,118.61,145,162,0,0,0,0,0,0,145,0,145,0,145,0,145,0,0,0,0,0,0,0,0,0,0,0,0,0,0,0,0,0,146,146,146,146,146,146,146,146
47590,131.99,8,2960,0,0,0.00,98,139,74,149.19,118.61,145,162,0,0,0,0,0,0,145,0,145,0,145,0,145,0,0,0,0,0,0,0,0,0,0,0,0,0,0,0,0,0,146,146,146,146,146,146,146,146
47640,131.79,6,2965,0,0,0.00,98,139,74,149.19,118.61,145,162,0,0,0,0,0,0,145,0,145,0,145,0,145,0,0,0,0,0,0,0,0,0,0,0,0,0,0,0,0,0,146,146,146,146,146,146,146,146
47690,131.50,3,2962,0,0,0.00,98,139,74,149.19,118.61,145,162,0,0,0,0,0,0,145,0,145,0,145,0,145,0,0,0,0,0,0,0,0,0,0,0,0,0,0,0,0,0,146,146,146,146,146,146,146,146
47740,131.67,0,3003,0,0,0.00,98,139,74,149.19,118.61,145,162,0,0,0,0,0,0,145,0,145,0,145,0,145,0,0,0,0,0,0,0,0,0,0,0,0,0,0,0,0,0,146,146,146,146,146,146,146,146
47790,131.70,-1,3027,0,0,0.00,98,139,74,149.19,118.61,145,162,0,0,0,0,0,0,145,0,145,0,145,0,145,0,0,0,0,0,0,0,0,0,0,0,0,0,0,0,0,0,146,146,146,146,146,146,146,146
47840,131.34,0,3009,0,1,11.61,98,139,74,149.19,118.61,145,162,0,0,0,0,0,0,145,0,145,0,145,0,145,0,0,0,0,0,0,0,0,0,0,0,0,0,0,0,0,0,146,146,146,146,146,146,146,146
47890,130.77,2,3003,0,0,11.61,98,139,74,149.19,118.61,145,162,0,0,0,0,0,0,145,0,145,0,145,0,145,0,0,0,0,0,0,0,0,0,0,0,0,0,0,0,0,0,146,146,146,146,146,146,146,146
47940,130.24,3,2979,0,0,11.61,98,139,74,149.19,118.61,145,162,0,0,0,0,0,0,145,0,145,0,145,0,145,0,0,0,0,0,0,0,0,0,0,0,0,0,0,0,0,0,146,146,146,146,146,146,146,146
47990,130.01,3,2982,0,0,11.61,98,139,74,149.19,118.61,145,162,0,0,0,0,0,0,145,0,145,0,145,0,145,0,0,0,0,0,0,0,0,0,0,0,0,0,0,0,0,0,146,146,146,146,146,146,146,146
48040,129.74,2,2999,0,0,11.61,98,139,74,149.19,118.61,145,162,0,0,0,0,0,0,145,0,145,0,145,0,145,0,0,0,0,0,0,0,0,0,0,0,0,0,0,0,0,0,146,146,146,146,146,146,146,146
48090,129.51,1,3009,0,0,11.61,98,139,74,149.19,118.61,145,162,0,0,0,0,0,0,145,0,145,0,145,0,145,0,0,0,0,0,0,0,0,0,0,0,0,0,0,0,0,0,146,146,146,146,146,146,146,146
48140,129.09,0,2979,0,0,11.61,98,139,74,149.19,118.61,145,162,0,0,0,0,0,0,145,0,145,0,145,0,145,0,0,0,0,0,0,0,0,0,0,0,0,0,0,0,0,0,146,146,146,146,146,146,146,146
48190,128.74,-1,2960,0,0,11.61,98,139,74,149.19,118.61,145,162,0,0,0,0,0,0,145,0,145,0,145,0,145,0,0,0,0,0,0,0,0,0,0,0,0,0,0,0,0,0,146,146,146,146,146,146,146,146
48240,128.45,-3,3015,0,0,11.61,98,139,74,149.19,118.61,145,162,0,0,0,0,0,0,145,0,145,0,145,0,145,0,0,0,0,0,0,0,0,0,0,0,0,0,0,0,0,0,146,146,146,146,146,146,146,146
48290,128.07,-5,3010,0,0,11.61,98,139,74,149.19,118.61,145,162,0,0,0,0,0,0,145,0,145,0,145,0,145,0,0,0,0,0,0,0,0,0,0,0,0,0,0,0,0,0,146,146,146,146,146,146,146,146
48340,127.75,-3,3024,0,0,11.61,98,139,74,149.19,118.61,145,162,0,0,0,0,0,0,145,0,145,0,145,0,145,0,0,0,0,0,0,0,0,0,0,0,0,0,0,0,0,0,146,146,146,146,146,146,146,146
48390,127.69,0,3035,0,0,11.61,98,139,74,149.19,118.61,145,162,0,0,0,0,0,0,145,0,145,0,145,0,145,0,0,0,0,0,0,0,0,0,0,0,0,0,0,0,0,0,146,146,146,146,146,146,146,146
48440,127.83,2,2997,0,0,11.61,98,139,74,149.19,118.61,145,162,0,0,0,0,0,0,145,0,145,0,145,0,145,0,0,0,0,0,0,0,0,0,0,0,0,0,0,0,0,0,146,146,146,146,146,146,146,146
48490,127.80,4,2983,0,1,11.61,98,139,74,149.19,118.61,145,162,0,0,0,0,0,0,145,0,145,0,145,0,145,0,0,0,0,0,0,0,0,0,0,0,0,0,0,0,0,0,146,146,146,146,146,146,146,146
48540,127.29,3,3019,0,0,11.61,98,139,74,149.19,118.61,145,162,0,0,0,0,0,0,145,0,145,0,145,0,145,0,0,0,0,0,0,0,0,0,0,0,0,0,0,0,0,0,146,146,146,146,146,146,146,146
48590,126.64,2,2979,0,0,11.61,98,139,74,149.19,118.61,145,162,0,0,0,0,0,0,145,0,145,0,145,0,145,0,0,0,0,0,0,0,0,0,0,0,0,0,0,0,0,0,146,146,146,146,146,146,146,146
48640,126.20,0,2970,0,0,11.61,98,139,74,149.19,118.61,145,162,0,0,0,0,0,0,145,0,145,0,145,0,145,0,0,0,0,0,0,0,0,0,0,0,0,0,0,0,0,0,146,146,146,146,146,146,146,146
48690,126.02,-4,2992,0,0,11.61,98,139,74,149.19,118.61,145,162,0,0,0,0,0,0,145,0,145,0,145,0,145,0,0,0,0,0,0,0,0,0,0,0,0,0,0,0,0,0,146,146,146,146,146,146,146,146
48740,125.82,-7,3006,0,0,11.61,98,139,74,149.19,118.61,145,162,0,0,0,0,0,0,145,0,145,0,145,0,145,0,0,0,0,0,0,0,0,0,0,0,0,0,0,0,0,0,146,146,146,146,146,146,146,146
48790,125.47,-9,3006,0,0,11.61,98,139,74,149.19,118.61,145,162,0,0,0,0,0,0,145,0,145,0,145,0,145,0,0,0,0,0,0,0,0,0,0,0,0,0,0,0,0,0,146,146,146,146,146,146,146,146
48840,125.07,-9,2971,0,0,11.61,98,139,74,149.19,118.61,145,162,0,0,0,0,0,0,145,0,145,0,145,0,145,0,0,0,0,0,0,0,0,0,0,0,0,0,0,0,0,0,146,146,146,146,146,146,146,146
48890,124.87,-11,2987,0,0,11.61,98,139,74,149.19,118.61,145,162,0,0,0,0,0,0,145,0,145,0,145,0,145,0,0,0,0,0,0,0,0,0,0,0,0,0,0,0,0,0,146,146,146,146,146,146,146,146
48940,124.50,-12,2983,0,0,11.61,98,139,74,149.19,118.61,145,162,0,0,0,0,0,0,145,0,145,0,145,0,145,0,0,0,0,0,0,0,0,0,0,0,0,0,0,0,0,0,146,146,146,146,146,146,146,146
48990,124.15,-13,2983,0,0,11.61,98,139,74,149.19,118.61,145,162,0,0,0,0,0,0,145,0,145,0,145,0,145,0,0,0,0,0,0,0,0,0,0,0,0,0,0,0,0,0,146,146,146,146,146,146,146,146
49040,123.92,-13,3005,0,0,11.61,98,139,74,149.19,118.61,145,162,0,0,0,0,0,0,145,0,145,0,145,0,145,0,0,0,0,0,0,0,0,0,0,0,0,0,0,0,0,0,146,146,146,146,146,146,146,146
49090,124.47,-12,3018,0,0,11.61,98,139,74,149.19,118.61,145,162,0,0,0,0,0,0,145,0,145,0,145,0,145,0,0,0,0,0,0,0,0,0,0,0,0,0,0,0,0,0,146,146,146,146,146,146,146,146
49140,124.42,-8,3024,0,1,11.61,98,139,74,149.19,118.61,145,162,0,0,0,0,0,0,145,0,145,0,145,0,145,0,0,0,0,0,0,0,0,0,0,0,0,0,0,0,0,0,146,146,146,146,146,146,146,146
49190,123.83,-3,3015,0,0,11.61,98,139,74,149.19,118.61,145,162,0,0,0,0,0,0,145,0,145,0,145,0,145,0,0,0,0,0,0,0,0,0,0,0,0,0,0,0,0,0,146,146,146,146,146,146,146,146
49240,123.15,0,3004,0,0,11.61,98,139,74,149.19,118.61,145,162,0,0,0,0,0,0,145,0,145,0,145,0,145,0,0,0,0,0,0,0,0,0,0,0,0,0,0,0,0,0,146,146,146,146,146,146,146,146
49290,122.59,2,2975,0,0,11.61,98,139,74,149.19,118.61,145,162,0,0,0,0,0,0,145,0,145,0,145,0,145,0,0,0,0,0,0,0,0,0,0,0,0,0,0,0,0,0,146,146,146,146,146,146,146,146
49340,122.48,1,2983,0,0,11.61,98,139,74,149.19,118.61,145,162,0,0,0,0,0,0,145,0,145,0,145,0,145,0,0,0,0,0,0,0,0,0,0,0,0,0,0,0,0,0,146,146,146,146,146,146,146,146
49390,122.20,-1,2966,0,0,11.61,98,139,74,149.19,118.61,145,162,0,0,0,0,0,0,145,0,145,0,145,0,145,0,0,0,0,0,0,0,0,0,0,0,0,0,0,0,0,0,146,146,146,146,146,146,146,146
49440,121.87,-5,2979,0,0,11.61,98,139,74,149.19,118.61,145,162,0,0,0,0,0,0,145,0,145,0,145,0,145,0,0,0,0,0,0,0,0,0,0,0,0,0,0,0,0,0,146,146,146,146,146,146,146,146
49490,121.55,-8,2992,0,0,11.61,98,139,74,149.19,118.61,145,162,0,0,0,0,0,0,145,0,145,0,145,0,145,0,0,0,0,0,0,0,0,0,0,0,0,0,0,0,0,0,146,146,146,146,146,146,146,146
49540,121.22,-11,2966,0,0,11.61,98,139,74,149.19,118.61,145,162,0,0,0,0,0,0,145,0,145,0,145,0,145,0,0,0,0,0,0,0,0,0,0,0,0,0,0,0,0,0,146,146,146,146,146,146,146,146
49590,120.88,-13,2992,0,0,11.61,98,139,74,149.19,118.61,145,162,0,0,0,0,0,0,145,0,145,0,145,0,145,0,0,0,0,0,0,0,0,0,0,0,0,0,0,0,0,0,146,146,146,146,146,146,146,146
49640,120.57,-13,2991,0,0,11.61,98,139,74,149.19,118.61,145,162,0,0,0,0,0,0,145,0,145,0,145,0,145,0,0,0,0,0,0,0,0,0,0,0,0,0,0,0,0,0,146,146,146,146,146,146,146,146
49690,120.27,-12,2986,0,0,11.61,98,139,74,149.19,118.61,145,162,0,0,0,0,0,0,145,0,145,0,145,0,145,0,0,0,0,0,0,0,0,0,0,0,0,0,0,0,0,0,146,146,146,146,146,146,146,146
49740,120.75,-11,2950,0,0,11.61,98,139,74,149.19,118.61,145,162,0,0,0,0,0,0,145,0,145,0,145,0,145,0,0,0,0,0,0,0,0,0,0,0,0,0,0,0,0,0,146,146,146,146,146,146,146,146
49790,120.91,-11,2993,0,0,1.45,98,139,74,149.19,118.61,145,162,0,0,0,0,0,0,145,0,145,0,145,0,145,0,0,0,0,0,0,0,0,0,0,0,0,0,0,0,0,0,146,146,146,146,146,146,146,146
49840,120.64,-10,3025,0,1,1.45,98,139,74,149.19,118.61,145,162,0,0,0,0,0,0,145,0,145,0,145,0,145,0,0,0,0,0,0,0,0,0,0,0,0,0,0,0,0,0,146,146,146,146,146,146,146,146
49890,119.97,-5,3015,0,0,1.45,98,139,74,149.19,118.61,145,162,0,0,0,0,0,0,145,0,145,0,145,0,145,0,0,0,0,0,0,0,0,0,0,0,0,0,0,0,0,0,146,146,146,146,146,146,146,146
49940,119.31,0,2992,0,0,1.45,98,139,74,149.19,118.61,145,162,0,0,0,0,0,0,145,0,145,0,145,0,145,0,0,0,0,0,0,0,0,0,0,0,0,0,0,0,0,0,146,146,146,146,146,146,146,146
49990,118.97,2,2981,0,0,1.45,98,139,74,149.19,118.61,145,162,0,0,0,0,0,0,145,0,145,0,145,0,145,0,0,0,0,0,0,0,0,0,0,0,0,0,0,0,0,0,146,146,146,146,146,146,146,146
50040,118.58,4,3001,0,0,1.45,98,139,74,149.19,118.61,145,162,0,0,0,0,0,0,145,119,145,119,145,119,145,119,0,0,0,0,0,0,0,0,0,0,0,0,0,0,0,0,146,146,146,146,146,146,146,146
50090,118.34,5,2987,0,0,1.45,98,139,74,149.19,118.61,145,162,0,0,0,0,0,0,145,119,145,119,145,119,145,119,0,0,0,0,0,0,0,0,0,0,0,0,0,0,0,0,146,146,146,146,146,146,146,146
50140,118.07,4,2961,0,0,1.45,98,139,74,149.19,118.61,145,162,0,0,0,0,0,0,145,119,145,119,145,119,145,119,0,0,0,0,0,0,0,0,0,0,0,0,0,0,0,0,146,146,146,146,146,146,146,146
50190,117.67,3,3014,0,0,1.45,98,139,74,149.19,118.61,145,162,0,0,0,0,0,0,145,119,145,119,145,119,145,119,0,0,0,0,0,0,0,0,0,0,0,0,0,0,0,0,146,146,146,146,146,146,146,146
50240,117.47,3,3019,0,0,1.45,98,139,74,149.19,118.61,145,162,0,0,0,0,0,0,145,119,145,119,145,119,145,119,0,0,0,0,0,0,0,0,0,0,0,0,0,0,0,0,146,146,146,146,146,146,146,146
50290,117.08,5,3023,0,0,1.45,98,139,74,149.19,118.61,145,162,0,0,0,0,0,0,145,119,145,119,145,119,145,119,0,0,0,0,0,0,0,0,0,0,0,0,0,0,0,0,146,146,146,146,146,146,146,146
50340,116.85,7,2992,0,0,1.45,98,139,74,149.19,118.61,145,162,0,117,0,117,0,117,145,119,145,119,145,119,145,119,0,0,0,0,0,0,0,0,0,117,0,117,0,117,0,117,146,146,146,146,146,146,146,146
50390,116.69,9,2992,0,0,1.45,98,139,74,149.19,118.61,145,162,0,117,0,117,0,117,145,119,145,119,145,119,145,119,0,0,0,0,0,0,0,0,0,117,0,117,0,117,0,117,146,146,146,146,146,146,146,146
50440,117.34,8,2992,0,0,1.45,98,139,74,149.19,118.61,145,162,0,117,0,117,0,117,145,119,145,119,145,119,145,119,0,0,0,0,0,0,0,0,0,117,0,117,0,117,0,117,146,146,146,146,146,146,146,146
50490,117.43,7,3015,0,0,2.36,98,139,74,149.19,118.61,145,162,0,117,0,117,0,117,145,119,145,119,145,119,145,119,0,0,0,0,0,0,0,0,0,117,0,117,0,117,0,117,146,146,146,146,146,146,146,146
50540,117.18,7,2998,0,1,2.36,98,139,74,149.19,118.61,145,162,0,117,0,117,0,117,145,119,145,119,145,119,145,119,0,0,0,0,0,0,0,0,0,117,0,117,0,117,0,117,146,146,146,146,146,146,146,146
50590,116.44,5,2977,0,0,2.36,98,139,74,149.19,118.61,145,162,0,117,0,117,0,117,145,119,145,119,145,119,145,119,0,0,0,0,0,0,0,0,0,117,0,117,0,117,0,117,146,146,146,146,146,146,146,146
50640,115.66,3,2992,0,0,2.36,98,139,74,149.19,118.61,145,162,0,117,0,117,0,117,145,119,145,119,145,119,145,119,0,0,0,0,0,0,0,0,0,117,0,117,0,117,0,117,146,146,146,146,146,146,146,146
50690,115.41,1,3021,0,0,2.36,98,139,74,149.19,118.61,145,162,0,117,0,117,0,117,145,119,145,119,145,119,145,119,0,0,0,0,0,0,0,0,0,117,0,117,0,117,0,117,146,146,146,146,146,146,146,146
50740,115.24,4,3118,0,0,2.36,98,139,74,149.19,118.61,145,162,0,117,0,117,0,117,145,119,145,119,145,119,145,119,0,0,0,0,0,0,0,0,0,117,0,117,0,117,0,117,146,146,146,146,146,146,146,146
50790,114.97,11,3057,0,0,2.36,98,139,74,149.19,118.61,145,162,0,117,0,117,0,117,145,119,145,119,145,119,145,119,0,115,0,115,0,115,0,115,0,117,0,117,0,117,0,117,146,146,146,146,146,146,146,146
50840,114.71,19,2997,0,0,2.36,98,139,74,149.19,118.61,145,162,0,117,0,117,0,117,145,119,145,119,145,119,145,119,0,115,0,115,0,115,0,115,0,117,0,117,0,117,0,117,146,146,146,146,146,146,146,146
50890,114.39,21,3013,0,0,2.36,98,139,74,149.19,118.61,145,162,0,117,0,117,0,117,145,119,145,119,145,119,145,119,0,115,0,115,0,115,0,115,0,117,0,117,0,117,0,117,146,146,146,146,146,146,146,146
50940,114.03,20,3008,0,0,2.36,98,139,74,149.19,118.61,145,162,0,117,0,117,0,117,145,119,145,119,145,119,145,119,0,115,0,115,0,115,0,115,0,117,0,117,0,117,0,117,146,146,146,146,146,146,146,146
50990,113.68,16,3004,0,0,2.36,98,139,74,149.19,118.61,145,162,0,117,0,117,0,117,145,119,145,119,145,119,145,119,0,115,0,115,0,115,0,115,0,117,0,117,0,117,0,117,146,146,146,146,146,146,146,146
51040,113.36,12,3040,0,0,2.36,98,139,74,149.19,118.61,145,162,0,117,0,117,0,117,145,119,145,119,145,119,145,119,0,115,0,115,0,115,0,115,0,117,0,117,0,117,0,117,146,146,146,146,146,146,146,146
51090,113.58,10,3069,0,0,2.36,98,139,74,149.19,118.61,145,162,0,117,0,117,0,117,145,119,145,119,145,119,145,119,0,115,0,115,0,115,0,115,0,117,0,117,0,117,0,117,146,146,146,146,146,146,146,146
51140,114.16,10,3049,0,0,2.36,98,139,74,149.19,118.61,145,162,0,117,0,117,0,117,145,119,145,119,145,119,145,119,0,115,0,115,0,115,0,115,0,117,0,117,0,117,0,117,146,146,146,146,146,146,146,146
51190,114.00,11,3016,0,1,2.57,98,139,74,149.19,118.61,145,162,0,117,0,117,0,117,145,119,145,119,145,119,145,119,0,115,0,115,0,115,0,115,0,117,0,117,0,117,0,117,146,146,146,146,146,146,146,146
51240,113.51,9,2982,0,0,2.57,98,139,74,149.19,118.61,145,162,0,117,0,117,0,117,145,119,145,119,145,119,145,119,0,115,0,115,0,115,0,115,0,117,0,117,0,117,0,117,146,146,146,146,146,146,146,146
51290,112.78,4,3008,0,0,2.57,98,139,74,149.19,118.61,145,162,0,117,0,117,0,117,145,119,145,119,145,119,145,119,0,115,0,115,0,115,0,115,0,117,0,117,0,117,0,117,146,146,146,146,146,146,146,146
51340,112.34,-1,3011,0,0,2.57,98,139,74,149.19,118.61,145,162,0,117,0,117,0,117,145,119,145,119,145,119,145,119,0,115,0,115,0,115,0,115,0,117,0,117,0,117,0,117,146,146,146,146,146,146,146,146
51390,112.01,-5,3037,0,0,2.57,98,139,74,149.19,118.61,145,162,0,117,0,117,0,117,145,119,145,119,145,119,145,119,0,115,0,115,0,115,0,115,0,117,0,117,0,117,0,117,146,146,146,146,146,146,146,146
51440,111.85,-7,3021,0,0,2.57,98,139,74,149.19,118.61,145,162,0,117,0,117,0,117,145,119,145,119,145,119,145,119,0,115,0,115,0,115,0,115,0,117,0,117,0,117,0,117,146,146,146,146,146,146,146,146
51490,111.53,-8,3026,0,0,2.57,98,139,74,149.19,118.61,145,162,0,117,0,117,0,117,145,119,145,119,145,119,145,119,0,115,0,115,0,115,0,115,0,117,0,117,0,117,0,117,146,146,146,146,146,146,146,146
51540,111.31,-6,3118,0,0,2.57,98,139,74,149.19,118.61,145,162,0,117,0,117,0,117,145,119,145,119,145,119,145,119,0,115,0,115,0,115,0,115,0,117,0,117,0,117,0,117,146,146,146,146,146,146,146,146
51590,110.84,0,3129,0,0,2.57,98,139,74,149.19,118.61,145,162,0,117,0,117,0,117,145,119,145,119,145,119,145,119,0,115,0,115,0,115,0,115,0,117,0,117,0,117,0,117,146,146,146,146,146,146,146,146
51640,110.45,11,3051,0,0,2.57,98,139,74,149.19,118.61,145,162,0,117,0,117,0,117,145,119,145,119,145,119,145,119,0,115,0,115,0,115,0,115,0,117,0,117,0,117,0,117,146,146,146,146,146,146,146,146
51690,110.16,16,2991,0,0,2.57,98,139,74,149.19,118.61,145,162,0,117,0,117,0,117,145,119,145,119,145,119,145,119,0,115,0,115,0,115,0,115,0,117,0,117,0,117,0,117,146,146,146,146,146,146,146,146
51740,110.25,14,2960,0,0,2.57,98,139,74,149.19,118.61,145,162,0,117,0,117,0,117,145,119,145,119,145,119,145,119,0,115,0,115,0,115,0,115,0,117,0,117,0,117,0,117,146,146,146,146,146,146,146,146
51790,110.87,5,3010,0,0,2.57,98,139,74,149.19,118.61,145,162,0,117,0,117,0,117,145,119,145,119,145,119,145,119,0,115,0,115,0,115,0,115,0,117,0,117,0,117,0,117,146,146,146,146,146,146,146,146
51840,111.07,-5,2985,0,0,1.95,98,139,74,149.19,118.61,145,162,0,117,0,117,0,117,145,119,145,119,145,119,145,119,0,115,0,115,0,115,0,115,0,117,0,117,0,117,0,117,146,146,146,146,146,146,146,146
51890,110.59,-15,2947,0,1,1.95,98,139,74,149.19,118.61,145,162,0,117,0,117,0,117,145,119,145,119,145,119,145,119,0,115,0,115,0,115,0,115,0,117,0,117,0,117,0,117,146,146,146,146,146,146,146,146
51940,109.96,-27,2955,0,0,1.95,98,139,74,149.19,118.61,145,162,0,117,0,117,0,117,145,119,145,119,145,119,145,119,0,115,0,115,0,115,0,115,0,117,0,117,0,117,0,117,146,146,146,146,146,146,146,146
51990,109.23,-36,3013,0,0,1.95,98,139,74,149.19,118.61,145,162,0,117,0,117,0,117,145,119,145,119,145,119,145,119,0,115,0,115,0,115,0,115,0,117,0,117,0,117,0,117,146,146,146,146,146,146,146,146
52040,108.97,-39,3049,0,0,1.95,98,139,74,149.19,118.61,145,162,0,117,0,117,0,117,145,119,145,119,145,119,145,119,0,115,0,115,0,115,0,115,0,117,0,117,0,117,0,117,146,146,146,146,146,146,146,146
52090,108.62,-36,3022,0,0,1.95,98,139,74,149.19,118.61,145,162,0,117,0,117,0,117,145,119,145,119,145,119,145,119,0,115,0,115,0,115,0,115,0,117,0,117,0,117,0,117,146,146,146,146,146,146,146,146
52140,108.27,-29,3014,0,0,1.95,98,139,74,149.19,118.61,145,162,0,117,0,117,0,117,145,119,145,119,145,119,145,119,0,115,0,115,0,115,0,115,0,117,0,117,0,117,0,117,146,146,146,146,146,146,146,146
52190,107.94,-23,3019,0,0,1.95,98,139,74,149.19,118.61,145,162,0,117,0,117,0,117,145,119,145,119,145,119,145,119,0,115,0,115,0,115,0,115,0,117,0,117,0,117,0,117,146,146,146,146,146,146,146,146
52240,107.51,-16,3024,0,0,1.95,98,139,74,149.19,118.61,145,162,0,117,0,117,0,117,145,119,145,119,145,119,145,119,0,115,0,115,0,115,0,115,0,117,0,117,0,117,0,117,146,146,146,146,146,146,146,146
52290,107.10,-10,3031,0,0,1.95,98,139,74,149.19,118.61,145,162,0,117,0,117,0,117,145,119,145,119,145,119,145,119,0,115,0,115,0,115,0,115,0,117,0,117,0,117,0,117,146,146,146,146,146,146,146,146
52340,106.81,-3,3062,0,0,1.95,98,139,74,149.19,118.61,145,162,0,117,0,117,0,117,145,119,145,119,145,119,145,119,0,115,0,115,0,115,0,115,0,117,0,117,0,117,0,117,146,146,146,146,146,146,146,146
52390,106.99,2,3024,0,0,1.95,98,139,74,149.19,118.61,145,162,0,117,0,117,0,117,145,119,145,119,145,119,145,119,0,115,0,115,0,115,0,115,0,117,0,117,0,117,0,117,146,146,146,146,146,146,146,146
52440,107.74,7,3006,0,0,1.95,98,139,74,149.19,118.61,145,162,0,117,0,117,0,117,145,119,145,119,145,119,145,119,0,115,0,115,0,115,0,115,0,117,0,117,0,117,0,117,146,146,146,146,146,146,146,146
52490,107.72,8,3037,0,1,3.18,98,139,74,149.19,118.61,145,162,0,117,0,117,0,117,145,119,145,119,145,119,145,119,0,115,0,115,0,115,0,115,0,117,0,117,0,117,0,117,146,146,146,146,146,146,146,146
52540,107.15,10,3071,0,0,3.18,98,139,74,149.19,118.61,145,162,0,117,0,117,0,117,145,119,145,119,145,119,145,119,0,115,0,115,0,115,0,115,0,117,0,117,0,117,0,117,146,146,146,146,146,146,146,146
52590,106.59,14,3120,0,0,3.18,98,139,74,149.19,118.61,145,162,0,117,0,117,0,117,145,119,145,119,145,119,145,119,0,115,0,115,0,115,0,115,0,117,0,117,0,117,0,117,146,146,146,146,146,146,146,146
52640,105.92,26,3305,0,0,3.18,98,139,74,149.19,118.61,145,162,0,117,0,117,0,117,145,119,145,119,145,119,145,119,0,115,0,115,0,115,0,115,0,117,0,117,0,117,0,117,146,146,146,146,146,146,146,146
52690,105.56,66,4095,0,0,3.18,98,139,74,149.19,118.61,145,162,106,117,0,117,0,117,145,119,145,119,145,119,145,119,0,115,106,115,106,115,0,115,0,117,106,117,106,117,106,117,146,146,146,146,146,146,146,146
52740,105.18,154,4095,0,0,3.18,98,139,74,149.19,118.61,145,162,106,117,105,117,105,117,145,119,145,119,145,119,145,119,0,115,106,115,106,115,105,115,0,117,106,117,106,117,106,117,146,146,146,146,146,146,146,146
52790,104.86,265,3783,0,0,3.18,98,139,74,149.19,118.61,145,162,106,117,105,117,105,117,145,119,145,119,145,119,145,119,0,115,106,115,106,115,105,115,0,117,106,117,106,117,106,117,146,146,146,146,146,146,146,146
52840,104.46,346,3298,0,0,3.18,98,139,74,149.19,118.61,145,162,106,117,105,117,105,117,145,119,145,119,145,119,145,119,0,115,106,115,106,115,105,115,0,117,106,117,106,117,106,117,146,146,146,146,146,146,146,146
52890,104.11,364,3134,0,0,3.18,98,139,74,149.19,118.61,145,162,106,117,105,117,105,117,145,119,145,119,145,119,145,119,0,115,106,115,106,115,105,115,0,117,106,117,106,117,106,117,146,146,146,146,146,146,146,146
52940,103.68,321,3101,0,0,3.18,98,139,74,149.19,118.61,145,162,106,117,105,117,105,117,145,119,145,119,145,119,145,119,0,115,106,115,106,115,105,115,0,117,106,117,106,117,106,117,146,146,146,146,146,146,146,146
52990,103.52,241,3082,0,0,3.18,98,139,74,149.19,118.61,145,162,106,117,105,117,105,117,145,119,145,119,145,119,145,119,0,115,106,115,106,115,105,115,0,117,106,117,106,117,106,117,146,146,146,146,146,146,146,146
53040,103.44,144,3117,0,0,3.18,98,139,74,149.19,118.61,145,162,106,117,105,117,105,117,145,119,145,119,145,119,145,119,0,115,106,115,106,115,105,115,0,117,106,117,106,117,106,117,146,146,146,146,146,146,146,146
53090,104.27,49,3088,0,0,3.18,98,139,74,149.19,118.61,145,162,106,117,105,117,105,117,145,119,145,119,145,119,145,119,0,115,106,115,106,115,105,115,0,117,106,117,106,117,106,117,146,146,146,146,146,146,146,146
53140,104.54,-35,3031,0,0,2.99,98,139,74,149.19,118.61,145,162,106,117,105,117,105,117,145,119,145,119,145,119,145,119,0,115,106,115,106,115,105,115,0,117,106,117,106,117,106,117,146,146,146,146,146,146,146,146
53190,104.31,-107,3066,0,1,2.99,98,139,74,149.19,118.61,145,162,106,117,105,117,105,117,145,119,145,119,145,119,145,119,0,115,106,115,106,115,105,115,0,117,106,117,106,117,106,117,146,146,146,146,146,146,146,146
53240,103.86,-150,3615,0,0,2.99,98,139,74,149.19,118.61,145,162,106,117,105,117,105,117,145,119,145,119,145,119,145,119,0,115,106,115,106,115,105,115,0,117,106,117,106,117,106,117,146,146,146,146,146,146,146,146
53290,103.11,-135,4095,0,0,2.99,98,139,74,149.19,118.61,145,162,106,117,105,117,105,117,145,119,145,119,145,119,145,119,0,115,106,115,106,115,105,115,0,117,106,117,106,117,106,117,146,146,146,146,146,146,146,146
53340,102.61,-57,4095,0,0,2.99,98,139,74,149.19,118.61,145,162,106,117,105,117,105,117,145,119,145,119,145,119,145,119,0,115,106,115,106,115,105,115,0,117,106,117,106,117,106,117,146,146,146,146,146,146,146,146
53390,102.20,51,3935,0,0,2.99,98,139,74,149.19,118.61,145,162,106,117,105,117,105,117,145,119,145,119,145,119,145,119,0,115,106,115,106,115,105,115,0,117,106,117,106,117,106,117,146,146,146,146,146,146,146,146
53440,101.80,142,3467,0,0,2.99,98,139,74,149.19,118.61,145,162,106,117,105,117,105,117,145,119,145,119,145,119,145,119,0,115,106,115,106,115,105,115,0,117,106,117,106,117,106,117,146,146,146,146,146,146,146,146
53490,101.44,179,3295,0,0,2.99,98,139,74,149.19,118.61,145,162,106,117,105,117,105,117,145,119,145,119,145,119,145,119,0,115,106,115,106,115,105,115,0,117,106,117,106,117,106,117,146,146,146,146,146,146,146,146
53540,101.10,159,3243,0,0,2.99,98,139,74,149.19,118.61,145,162,106,117,105,117,105,117,145,119,145,119,145,119,145,119,0,115,106,115,106,115,105,115,0,117,106,117,106,117,106,117,146,146,146,146,146,146,146,146
53590,100.68,101,3205,0,0,2.99,98,139,74,149.19,118.61,145,162,106,117,105,117,105,117,145,119,145,119,145,119,145,119,0,115,106,115,106,115,105,115,0,117,106,117,106,117,106,117,146,146,146,146,146,146,146,146
53640,100.48,22,3172,0,0,2.99,98,139,74,149.19,118.61,145,162,106,117,105,117,105,117,145,119,145,119,145,119,145,119,0,115,106,115,106,115,105,115,0,117,106,117,106,117,106,117,146,146,146,146,146,146,146,146
53690,100.14,-61,3114,0,0,2.99,98,139,74,149.19,118.61,145,162,106,117,105,117,105,117,145,119,145,119,145,119,145,119,0,115,106,115,106,115,105,115,0,117,106,117,106,117,106,117,146,146,146,146,146,146,146,146
53740,100.05,-141,3095,0,0,2.99,98,139,74,149.19,118.61,145,162,106,117,105,117,105,117,145,119,145,119,145,119,145,119,0,115,106,115,106,115,105,115,0,117,106,117,106,117,106,117,146,146,146,146,146,146,146,146
53790,100.85,-209,3101,0,0,2.99,98,139,74,149.19,118.61,145,162,106,117,105,117,105,117,145,119,145,119,145,119,145,119,0,115,106,115,106,115,105,115,0,117,106,117,106,117,106,117,146,146,146,146,146,146,146,146
53840,101.31,-262,3053,0,0,5.17,98,139,74,149.19,118.61,145,162,106,117,105,117,105,117,145,119,145,119,145,119,145,119,0,115,106,115,106,115,105,115,0,117,106,117,106,117,106,117,146,146,146,146,146,146,146,146
53890,101.07,-299,3071,0,1,5.17,98,139,74,149.19,118.61,145,162,106,117,105,117,105,117,145,119,145,119,145,119,145,119,0,115,106,115,106,115,105,115,0,117,106,117,106,117,106,117,146,146,146,146,146,146,146,146
53940,100.68,-303,3749,0,0,5.17,98,139,74,149.19,118.61,145,162,106,117,105,117,105,117,145,119,145,119,145,119,145,119,0,115,106,115,106,115,105,115,0,117,106,117,106,117,106,117,146,146,146,146,146,146,146,146
53990,100.15,-248,4095,0,0,5.17,98,139,74,149.19,118.61,145,162,106,117,105,117,105,117,145,119,145,119,145,119,145,119,0,115,106,115,106,115,105,115,0,117,106,117,106,117,106,117,146,146,146,146,146,146,146,146
54040,99.70,-135,4095,0,0,5.17,98,139,74,149.19,118.61,145,162,106,117,105,117,105,117,145,119,145,119,145,119,145,119,0,115,106,115,106,115,105,115,0,117,106,117,106,117,106,117,146,146,146,146,146,146,146,146
54089,99.26,2,4095,0,0,5.17,98,139,74,149.19,118.61,145,162,106,117,105,117,105,117,145,119,145,119,145,119,145,119,0,115,106,115,106,115,105,115,0,117,106,117,106,117,106,117,146,146,146,146,146,146,146,146
54138,99.00,121,3503,0,0,5.17,98,139,74,149.19,118.61,145,162,106,117,105,117,105,117,145,119,145,119,145,119,145,119,0,115,106,115,106,115,105,115,0,117,106,117,106,117,106,117,146,146,146,146,146,146,146,146
54187,98.52,180,3264,0,0,5.17,98,139,74,149.19,118.61,145,162,106,117,105,117,105,117,145,119,145,119,145,119,145,119,0,115,106,115,106,115,105,115,0,117,106,117,106,117,106,117,146,146,146,146,146,146,146,146
54236,98.25,171,3226,0,0,5.17,98,139,74,149.19,118.61,145,162,106,117,105,117,105,117,145,119,145,119,145,119,145,119,0,115,106,115,106,115,105,115,0,117,106,117,106,117,106,117,146,146,146,146,146,146,146,146
54285,97.91,115,3168,0,0,5.17,98,139,74,149.19,118.61,145,162,106,117,105,117,105,117,145,119,145,119,145,119,145,119,0,115,106,115,106,115,105,115,0,117,106,117,106,117,106,117,146,146,146,146,146,146,146,146
54334,97.60,32,3052,0,0,5.17,98,139,74,149.19,118.61,145,162,106,117,105,117,105,117,145,119,145,119,145,119,145,119,0,115,106,115,106,115,105,115,0,117,106,117,106,117,106,117,146,146,146,146,146,146,146,146
54383,97.26,-59,3070,0,0,5.17,98,139,74,149.19,118.61,145,162,106,117,105,117,105,117,145,119,145,119,145,119,145,119,0,115,106,115,106,115,105,115,0,117,106,117,106,117,106,117,146,146,146,146,146,146,146,146
54432,97.10,-147,3047,0,0,5.17,98,139,74,149.19,118.61,145,162,106,117,105,117,105,117,145,119,145,119,145,119,145,119,0,115,106,115,106,115,105,115,0,117,106,117,106,117,106,117,146,146,146,146,146,146,146,146
54481,96.89,-221,3024,0,0,5.17,98,139,74,149.19,118.61,145,162,106,117,105,117,105,117,145,119,145,119,145,119,145,119,0,115,106,115,106,115,105,115,0,117,106,117,106,117,106,117,146,146,146,146,146,146,146,146
54530,97.60,-275,3019,0,0,5.17,98,139,74,149.19,118.61,145,162,106,117,105,117,105,117,145,119,145,119,145,119,145,119,0,115,106,115,106,115,105,115,0,117,106,117,106,117,106,117,146,146,146,146,146,146,146,146
54579,98.03,-310,3015,0,0,6.35,98,139,74,149.19,118.61,145,162,106,117,105,117,105,117,145,119,145,119,145,119,145,119,0,115,106,115,106,115,105,115,0,117,106,117,106,117,106,117,146,146,146,146,146,146,146,146
54628,97.69,-325,3011,0,1,6.35,98,139,74,149.19,118.61,145,162,106,117,105,117,105,117,145,119,145,119,145,119,145,119,0,115,106,115,106,115,105,115,0,117,106,117,106,117,106,117,146,146,146,146,146,146,146,146
54677,97.34,-312,3511,1,0,6.35,98,139,74,149.19,118.61,145,162,106,117,105,117,105,117,145,119,145,119,145,119,145,119,0,115,106,115,106,115,105,115,0,117,106,117,106,117,106,117,146,146,146,146,146,146,146,146
54726,96.86,-246,4095,1,0,6.35,98,139,74,149.19,118.61,145,162,106,117,105,117,105,117,145,119,145,119,145,119,145,119,0,115,106,115,106,115,105,115,0,117,106,117,106,117,106,117,146,146,146,146,146,146,146,146
54775,96.36,-119,4095,1,0,6.35,98,139,74,149.19,118.61,145,162,106,117,105,117,105,117,145,119,145,119,145,119,145,119,0,115,106,115,106,115,105,115,0,117,106,117,106,117,106,117,146,146,146,146,146,146,146,146
54824,96.09,37,4058,1,0,6.35,98,139,74,149.19,118.61,145,162,106,117,105,117,105,117,145,119,145,119,145,119,145,119,0,115,106,115,106,115,105,115,0,117,106,117,106,117,106,117,146,146,146,146,146,146,146,146
54873,95.62,173,3445,0,0,6.35,98,139,74,149.19,118.61,145,162,106,117,105,117,105,117,145,119,145,119,145,119,145,119,0,115,106,115,106,115,105,115,0,117,106,117,106,117,106,117,146,146,146,146,146,146,146,146
54922,95.21,245,3203,0,0,6.35,98,139,74,149.19,118.61,145,162,106,117,105,117,105,117,145,119,145,119,145,119,145,119,0,115,106,115,106,115,105,115,0,117,106,117,106,117,106,117,146,146,146,146,146,146,146,146
54971,94.78,244,3181,0,0,6.35,98,139,74,149.19,118.61,145,162,106,117,105,117,105,117,145,119,145,119,145,119,145,119,0,115,106,115,106,115,105,115,0,117,106,117,106,117,106,117,146,146,146,146,146,146,146,146
55020,94.49,194,3150,0,0,6.35,98,139,74,149.19,118.61,145,162,106,117,105,117,105,117,145,119,145,119,145,119,145,119,0,115,106,115,106,115,105,115,0,117,106,117,106,117,106,117,146,146,146,146,146,146,146,146
55069,94.17,118,3120,0,0,6.35,98,139,74,149.19,118.61,145,162,106,117,105,117,105,117,145,119,145,119,145,119,145,119,0,115,106,115,106,115,105,115,0,117,106,117,106,117,106,117,146,146,146,146,146,146,146,146
55118,93.74,34,3058,0,0,6.35,98,139,74,149.19,118.61,145,162,106,117,105,117,105,117,145,119,145,119,145,119,145,119,0,115,106,115,106,115,105,115,0,117,106,117,106,117,106,117,146,146,146,146,146,146,146,146
55167,93.58,-46,3071,0,0,6.35,98,139,74,149.19,118.61,145,162,106,117,105,117,105,117,145,119,145,119,145,119,145,119,0,115,106,115,106,115,105,115,0,117,106,117,106,117,106,117,146,146,146,146,146,146,146,146
55216,94.16,-114,3068,0,0,6.35,98,139,74,149.19,118.61,145,162,106,117,105,117,105,117,145,119,145,119,145,119,145,119,0,115,106,115,106,115,105,115,0,117,106,117,106,117,106,117,146,146,146,146,146,146,146,146
55265,94.80,-166,3039,0,0,6.01,98,139,74,149.19,118.61,145,162,106,117,105,117,105,117,145,119,145,119,145,119,145,119,0,115,106,115,106,115,105,115,0,117,106,117,106,117,106,117,146,146,146,146,146,146,146,146
55314,94.50,-200,3071,0,1,6.01,98,139,74,149.19,118.61,145,162,106,117,105,117,105,117,145,119,145,119,145,119,145,119,0,115,106,115,106,115,105,115,0,117,106,117,106,117,106,117,146,146,146,146,146,146,146,146
55363,94.29,-194,4003,0,0,6.01,98,139,74,149.19,118.61,145,162,106,117,105,117,105,117,145,119,145,119,145,119,145,119,0,115,106,115,106,115,105,115,0,117,106,117,106,117,106,117,146,146,146,146,146,146,146,146
55412,93.83,-122,4095,0,0,6.01,98,139,74,149.19,118.61,145,162,106,117,105,117,105,117,145,119,145,119,145,119,145,119,0,115,106,115,106,115,105,115,0,117,106,117,106,117,106,117,146,146,146,146,146,146,146,146
55461,93.23,3,4095,0,0,6.01,98,139,74,149.19,118.61,145,162,106,117,105,117,105,117,145,119,145,119,145,119,145,119,0,115,106,115,106,115,105,115,0,117,106,117,106,117,106,117,146,146,146,146,146,146,146,146
55510,92.81,143,4095,0,0,6.01,98,139,74,149.19,118.61,145,162,106,117,105,117,105,117,145,119,145,119,145,119,145,119,0,115,106,115,106,115,105,115,0,117,106,117,106,117,106,117,146,146,146,146,146,146,146,146
55559,92.46,270,4095,0,0,6.01,98,139,74,149.19,118.61,145,162,106,117,105,117,105,117,145,119,145,119,145,119,145,119,0,115,106,115,106,115,105,115,0,117,106,117,106,117,106,117,146,146,146,146,146,146,146,146
55608,92.06,366,3935,0,0,6.01,98,139,74,149.19,118.61,145,162,106,117,105,117,105,117,145,119,145,119,145,119,145,119,0,115,106,115,106,115,105,115,92,117,106,117,106,117,106,117,146,146,146,146,146,146,146,146
55657,91.61,421,4003,0,0,6.01,98,139,74,149.19,118.61,145,162,106,117,105,117,105,117,145,119,145,119,145,119,145,119,0,115,106,115,106,115,105,115,92,117,106,117,106,117,106,117,146,146,146,146,146,146,146,146
55706,91.17,440,4052,0,0,6.01,98,139,74,149.19,118.61,145,162,106,117,105,117,105,117,145,119,145,119,145,119,145,119,0,115,106,115,106,115,105,115,92,117,106,117,106,117,106,117,146,146,146,146,146,146,146,146
55755,90.68,433,3931,0,0,6.01,98,139,74,149.19,118.61,145,162,106,117,105,117,105,117,145,119,145,119,145,119,145,119,0,115,106,115,106,115,105,115,92,117,106,117,106,117,106,117,146,146,146,146,146,146,146,146
55804,90.39,392,3583,0,0,6.01,98,139,74,149.19,118.61,145,162,106,117,105,117,105,117,145,119,145,119,145,119,145,119,0,115,106,115,106,115,105,115,92,117,106,117,106,117,106,117,146,146,146,146,146,146,146,146
55853,90.17,309,3370,0,0,6.01,98,139,74,149.19,118.61,145,162,106,117,105,117,105,117,145,119,145,119,145,119,145,119,0,115,106,115,106,115,105,115,92,117,106,117,106,117,106,117,146,146,146,146,146,146,146,146
55902,90.69,188,3229,0,0,6.01,98,139,74,149.19,118.61,145,162,106,117,105,117,105,117,145,119,145,119,145,119,145,119,0,115,106,115,106,115,105,115,92,117,106,117,106,117,106,117,146,146,146,146,146,146,146,146
55951,91.28,48,3238,0,0,7.59,98,139,74,149.19,118.61,145,162,106,117,105,117,105,117,145,119,145,119,145,119,145,119,0,115,106,115,106,115,105,115,92,117,106,117,106,117,106,117,146,146,146,146,146,146,146,146
56000,91.37,-86,3322,0,0,7.59,98,139,74,149.19,118.61,145,162,106,117,105,117,105,117,145,119,145,119,145,119,145,119,0,115,106,115,106,115,105,115,92,117,106,117,106,117,106,117,146,146,146,146,146,146,146,146
56049,91.27,-179,4095,0,1,7.59,98,139,74,149.19,118.61,145,162,106,117,105,117,105,117,145,119,145,119,145,119,145,119,0,115,106,115,106,115,105,115,92,117,106,117,106,117,106,117,146,146,146,146,146,146,146,146
56098,90.81,-200,4095,0,0,7.59,98,139,74,149.19,118.61,145,162,106,117,105,117,105,117,145,119,145,119,145,119,145,119,0,115,106,115,106,115,105,115,92,117,106,117,106,117,106,117,146,146,146,146,146,146,146,146
56147,90.47,-160,4095,1,0,7.59,98,139,74,149.19,118.61,145,162,106,117,105,117,105,117,145,119,145,119,145,119,145,119,0,115,106,115,106,115,105,115,92,117,106,117,106,117,106,117,146,146,146,146,146,146,146,146
56196,89.96,-93,4095,1,0,7.59,98,139,74,149.19,118.61,145,162,106,117,105,117,105,117,145,119,145,119,145,119,145,119,0,115,106,115,106,115,105,115,92,117,106,117,106,117,106,117,146,146,146,146,146,146,146,146
56245,89.60,-20,4095,1,0,7.59,98,139,74,149.19,118.61,145,162,106,117,105,117,105,117,145,119,145,119,145,119,145,119,0,115,106,115,106,115,105,115,92,117,106,117,106,117,106,117,146,146,146,146,146,146,146,146
56294,89.19,8,2442,1,0,7.59,98,139,74,149.19,118.61,145,162,106,117,105,117,105,117,145,119,145,119,145,119,145,119,0,115,106,115,106,115,105,115,92,117,106,117,106,117,106,117,146,146,146,146,146,146,146,146
56343,88.72,-58,2766,0,0,7.59,98,139,74,149.19,118.61,145,162,106,117,105,117,105,117,145,119,145,119,145,119,145,119,0,115,106,115,106,115,105,115,92,117,106,117,106,117,106,117,146,146,146,146,146,146,146,146
56392,88.37,-177,3301,0,0,7.59,98,139,74,149.19,118.61,145,162,106,117,105,117,105,117,145,119,145,119,145,119,145,119,0,115,106,115,106,115,105,115,92,117,106,117,106,117,106,117,146,146,146,146,146,146,146,146
56441,88.03,-275,3408,0,0,7.59,98,139,74,149.19,118.61,145,162,106,117,105,117,105,117,145,119,145,119,145,119,145,119,0,115,106,115,106,115,105,115,92,117,106,117,106,117,106,117,146,146,146,146,146,146,146,146
56490,87.67,-331,3228,0,0,7.59,98,139,74,149.19,118.61,145,162,106,117,105,117,105,117,145,119,145,119,145,119,145,119,0,115,106,115,106,115,105,115,92,117,106,117,106,117,106,117,146,146,146,146,146,146,146,146
56539,87.34,-364,3030,0,0,7.59,98,139,74,149.19,118.61,145,162,106,117,105,117,105,117,145,119,145,119,145,119,145,119,0,115,106,115,106,115,105,115,92,117,106,117,106,117,106,117,146,146,146,146,146,146,146,146
56588,87.57,-388,3019,0,0,7.59,98,139,74,149.19,118.61,145,162,106,117,105,117,105,117,145,119,145,119,145,119,145,119,0,115,106,115,106,115,105,115,92,117,106,117,106,117,106,117,146,146,146,146,146,146,146,146
56637,88.52,-404,3021,0,0,7.59,98,139,74,149.19,118.61,145,162,106,117,105,117,105,117,145,119,145,119,145,119,145,119,0,115,106,115,106,115,105,115,92,117,106,117,106,117,106,117,146,146,146,146,146,146,146,146
56686,88.60,-406,3039,0,0,8.95,98,139,74,149.19,118.61,145,162,106,117,105,117,105,117,145,119,145,119,145,119,145,119,0,115,106,115,106,115,105,115,92,117,106,117,106,117,106,117,146,146,146,146,146,146,146,146
56735,88.61,-370,4095,0,0,8.95,98,139,74,149.19,118.61,145,162,106,117,105,117,105,117,145,119,145,119,145,119,145,119,0,115,106,115,106,115,105,115,92,117,106,117,106,117,106,117,146,146,146,146,146,146,146,146
56784,88.37,-266,4095,0,1,8.95,98,139,74,149.19,118.61,145,162,106,117,105,117,105,117,145,119,145,119,145,119,145,119,0,115,106,115,106,115,105,115,92,117,106,117,106,117,106,117,146,146,146,146,146,146,146,146
56833,87.93,-110,4095,0,0,8.95,98,139,74,149.19,118.61,145,162,106,117,105,117,105,117,145,119,145,119,145,119,145,119,0,115,106,115,106,115,105,115,92,117,106,117,106,117,106,117,146,146,146,146,146,146,146,146
56882,87.51,54,4095,0,0,8.95,98,139,74,149.19,118.61,145,162,106,117,105,117,105,117,145,119,145,119,145,119,145,119,0,115,106,115,106,115,105,115,92,117,106,117,106,117,106,117,146,146,146,146,146,146,146,146
56931,87.19,169,2642,0,0,8.95,98,139,74,149.19,118.61,145,162,106,117,105,117,105,117,145,119,145,119,145,119,145,119,0,115,106,115,106,115,105,115,92,117,106,117,106,117,106,117,146,146,146,146,146,146,146,146
56980,86.83,168,2261,0,0,8.95,98,139,74,149.19,118.61,145,162,106,117,105,117,105,117,145,119,145,119,145,119,145,119,0,115,106,115,106,115,105,115,92,117,106,117,106,117,106,117,146,146,146,146,146,146,146,146
57029,86.46,60,2559,0,0,8.95,98,139,74,149.19,118.61,145,162,106,117,105,117,105,117,145,119,145,119,145,119,145,119,0,115,106,115,106,115,105,115,92,117,106,117,106,117,106,117,146,146,146,146,146,146,146,146
57078,86.12,-78,2869,1,0,8.95,98,139,74,149.19,118.61,145,162,106,117,105,117,105,117,145,119,145,119,145,119,145,119,0,115,106,115,106,115,105,115,92,117,106,117,106,117,106,117,146,146,146,146,146,146,146,146
57127,85.74,-192,2873,1,0,8.95,98,139,74,149.19,118.61,145,162,106,117,105,117,105,117,145,119,145,119,145,119,145,119,0,115,106,115,106,115,105,115,92,117,106,117,106,117,106,117,146,146,146,146,146,146,146,146
57176,85.42,-272,2681,1,0,8.95,98,139,74,149.19,118.61,145,162,106,117,105,117,105,117,145,119,145,119,145,119,145,119,0,115,106,115,106,115,105,115,92,117,106,117,106,117,106,117,146,146,146,146,146,146,146,146
57225,85.03,-328,2559,1,0,8.95,98,139,74,149.19,118.61,145,162,106,117,105,117,105,117,145,119,145,119,145,119,145,119,0,115,106,115,106,115,105,115,92,117,106,117,106,117,106,117,146,146,146,146,146,146,146,146
57274,85.01,-365,2609,1,0,8.95,98,139,74,149.19,118.61,145,162,106,117,105,117,105,117,145,119,145,119,145,119,145,119,0,115,106,115,106,115,105,115,92,117,106,117,106,117,106,117,146,146,146,146,146,146,146,146
57323,85.77,-380,2692,0,0,8.95,98,139,74,149.19,118.61,145,162,106,117,105,117,105,117,145,119,145,119,145,119,145,119,0,115,106,115,106,115,105,115,92,117,106,117,106,117,106,117,146,146,146,146,146,146,146,146
57372,86.02,-368,2742,0,0,7.94,98,139,74,149.19,118.61,145,162,106,117,105,117,105,117,145,119,145,119,145,119,145,119,0,115,106,115,106,115,105,115,92,117,106,117,106,117,106,117,146,146,146,146,146,146,146,146
57421,85.99,-307,3792,0,1,7.94,98,139,74,149.19,118.61,145,162,106,117,105,117,105,117,145,119,145,119,145,119,145,119,0,115,106,115,106,115,105,115,92,117,106,117,106,117,106,117,146,146,146,146,146,146,146,146
57470,85.79,-167,4095,0,0,7.94,98,139,74,149.19,118.61,145,162,106,117,105,117,105,117,145,119,145,119,145,119,145,119,0,115,106,115,106,115,105,115,92,117,106,117,106,117,106,117,146,146,146,146,146,146,146,146
57519,85.37,38,4095,0,0,7.94,98,139,74,149.19,118.61,145,162,106,117,105,117,105,117,145,119,145,119,145,119,145,119,0,115,106,115,106,115,105,115,92,117,106,117,106,117,106,117,146,146,146,146,146,146,146,146
57568,85.02,256,3939,0,0,7.94,98,139,74,149.19,118.61,145,162,106,117,105,117,105,117,145,119,145,119,145,119,145,119,0,115,106,115,106,115,105,115,92,117,106,117,106,117,106,117,146,146,146,146,146,146,146,146
57617,84.66,415,2679,0,0,7.94,98,139,74,149.19,118.61,145,162,106,117,105,117,105,117,145,119,145,119,145,119,145,119,0,115,106,115,106,115,105,115,92,117,106,117,106,117,106,117,146,146,146,146,146,146,146,146
57666,84.32,454,2493,0,0,7.94,98,139,74,149.19,118.61,145,162,106,117,105,117,105,117,145,119,145,119,145,119,145,119,84,115,106,115,106,115,105,115,92,117,106,117,106,117,106,117,146,146,146,146,146,146,146,146
57715,84.04,385,2669,0,0,7.94,98,139,74,149.19,118.61,145,162,106,117,105,117,105,117,145,119,145,119,145,119,145,119,84,115,106,115,106,115,105,115,92,117,106,117,106,117,106,117,146,146,146,146,146,146,146,146
57764,83.58,271,2819,0,0,7.94,98,139,74,149.19,118.61,145,162,106,117,105,117,105,117,145,119,145,119,145,119,145,119,84,115,106,115,106,115,105,115,92,117,106,117,106,117,106,117,146,146,146,146,146,146,146,146
57813,83.18,156,2802,0,0,7.94,98,139,74,149.19,118.61,145,162,106,117,105,117,105,117,145,119,145,119,145,119,145,119,84,115,106,115,106,115,105,115,92,117,106,117,106,117,106,117,146,146,146,146,146,146,146,146
57862,82.85,57,2758,0,0,7.94,98,139,74,149.19,118.61,145,162,106,117,105,117,105,117,145,119,145,119,145,119,145,119,84,115,106,115,106,115,105,115,92,117,106,117,106,117,106,117,146,146,146,146,146,146,146,146
57911,82.56,-23,2687,0,0,7.94,98,139,74,149.19,118.61,145,162,106,117,105,117,105,117,145,119,145,119,145,119,145,119,84,115,106,115,106,115,105,115,92,117,106,117,106,117,106,117,146,146,146,146,146,146,146,146
57960,83.23,-87,2637,0,0,7.94,98,139,74,149.19,118.61,145,162,106,117,105,117,105,117,145,119,145,119,145,119,145,119,84,115,106,115,106,115,105,115,92,117,106,117,106,117,106,117,146,146,146,146,146,146,146,146
58009,83.50,-135,2640,0,0,7.94,98,139,74,149.19,118.61,145,162,106,117,105,117,105,117,145,119,145,119,145,119,145,119,84,115,106,115,106,115,105,115,92,117,106,117,106,117,106,117,146,146,146,146,146,146,146,146
58058,83.53,-146,3471,0,0,6.54,98,139,74,149.19,118.61,145,162,106,117,105,117,105,117,145,119,145,119,145,119,145,119,84,115,106,115,106,115,105,115,92,117,106,117,106,117,106,117,146,146,146,146,146,146,146,146
58107,83.33,-82,4095,0,1,6.54,98,139,74,149.19,118.61,145,162,106,117,105,117,105,117,145,119,145,119,145,119,145,119,84,115,106,115,106,115,105,115,92,117,106,117,106,117,106,117,146,146,146,146,146,146,146,146
58156,82.86,62,4095,0,0,6.54,98,139,74,149.19,118.61,145,162,106,117,105,117,105,117,145,119,145,119,145,119,145,119,84,115,106,115,106,115,105,115,92,117,106,117,106,117,106,117,146,146,146,146,146,146,146,146
58205,82.55,245,4095,0,0,6.54,98,139,74,149.19,118.61,145,162,106,117,105,117,105,117,145,119,145,119,145,119,145,119,84,115,106,115,106,115,105,115,92,117,106,117,106,117,106,117,146,146,146,146,146,146,146,146
58254,82.30,383,2374,1,0,6.54,98,139,74,149.19,118.61,145,162,106,117,105,117,105,117,145,119,145,119,145,119,145,119,84,115,106,115,106,115,105,115,92,117,106,117,106,117,106,117,146,146,146,146,146,146,146,146
58303,81.86,389,1963,1,0,6.54,98,139,74,149.19,118.61,145,162,106,117,105,117,105,117,145,119,145,119,145,119,145,119,84,115,106,115,106,115,105,115,92,117,106,117,106,117,106,117,146,146,146,146,146,146,146,146
58352,81.53,268,2326,1,0,6.54,98,139,74,149.19,118.61,145,162,106,117,105,117,105,117,145,119,145,119,145,119,145,119,84,115,106,115,106,115,105,115,92,117,106,117,106,117,106,117,146,146,146,146,146,146,146,146
58401,81.20,109,2711,1,0,6.54,98,139,74,149.19,118.61,145,162,106,117,105,117,105,117,145,119,145,119,145,119,145,119,84,115,106,115,106,115,105,115,92,117,106,117,106,117,106,117,146,146,146,146,146,146,146,146
58450,80.78,-22,2826,0,0,6.54,98,139,74,149.19,118.61,145,162,106,117,105,117,105,117,145,119,145,119,145,119,145,119,84,115,106,115,106,115,105,115,92,117,106,117,106,117,106,117,146,146,146,146,146,146,146,146
58499,80.37,-109,2739,0,0,6.54,98,139,74,149.19,118.61,145,162,106,117,105,117,105,117,145,119,145,119,145,119,145,119,84,115,106,115,106,115,105,115,92,117,106,117,106,117,106,117,146,146,146,146,146,146,146,146
58548,80.10,-161,2656,0,0,6.54,98,139,74,149.19,118.61,145,162,106,117,105,117,105,117,145,119,145,119,145,119,145,119,84,115,106,115,106,115,105,115,92,117,106,117,106,117,106,117,146,146,146,146,146,146,146,146
58597,80.60,-190,2645,0,0,6.54,98,139,74,149.19,118.61,145,162,106,117,105,117,105,117,145,119,145,119,145,119,145,119,84,115,106,115,106,115,105,115,92,117,106,117,106,117,106,117,146,146,146,146,146,146,146,146
58646,81.02,-202,2666,0,0,6.54,98,139,74,149.19,118.61,145,162,106,117,105,117,105,117,145,119,145,119,145,119,145,119,84,115,106,115,106,115,105,115,92,117,106,117,106,117,106,117,146,146,146,146,146,146,146,146
58695,80.97,-165,4095,0,1,4.09,98,139,74,149.19,118.61,145,162,106,117,105,117,105,117,145,119,145,119,145,119,145,119,84,115,106,115,106,115,105,115,92,117,106,117,106,117,106,117,146,146,146,146,146,146,146,146
58744,80.73,-41,4095,0,0,4.09,98,139,74,149.19,118.61,145,162,106,117,105,117,105,117,145,119,145,119,145,119,145,119,84,115,106,115,106,115,105,115,92,117,106,117,106,117,106,117,146,146,146,146,146,146,146,146
58793,80.34,146,4095,0,0,4.09,98,139,74,149.19,118.61,145,162,106,117,105,117,105,117,145,119,145,119,145,119,145,119,84,115,106,115,106,115,105,115,92,117,106,117,106,117,106,117,146,146,146,146,146,146,146,146
58842,79.97,341,4095,0,0,4.09,98,139,74,149.19,118.61,145,162,106,117,105,117,105,117,145,119,145,119,145,119,145,119,84,115,106,115,106,115,105,115,92,117,106,117,106,117,106,117,146,146,146,146,146,146,146,146
58891,79.56,469,2256,0,0,4.09,98,139,74,149.19,118.61,145,162,106,117,105,117,105,117,145,119,145,119,145,119,145,119,84,115,106,115,106,115,105,115,92,117,106,117,106,117,106,117,146,146,146,146,146,146,146,146
58940,79.34,436,1382,0,0,4.09,98,139,74,149.19,118.61,145,162,106,117,105,117,105,117,145,119,145,119,145,119,145,119,84,115,106,115,106,115,105,115,92,117,106,117,106,117,106,117,146,146,146,146,146,146,146,146
58989,79.07,249,1999,0,0,4.09,98,139,74,149.19,118.61,145,162,106,117,105,117,105,117,145,119,145,119,145,119,145,119,84,115,106,115,106,115,105,115,92,117,106,117,106,117,106,117,146,146,146,146,146,146,146,146
59038,78.70,22,2627,0,0,4.09,98,139,74,149.19,118.61,145,162,106,117,105,117,105,117,145,119,145,119,145,119,145,119,84,115,106,115,106,115,105,115,92,117,106,117,106,117,106,117,146,146,146,146,146,146,146,146
59087,78.44,-149,2803,0,0,4.09,98,139,74,149.19,118.61,145,162,106,117,105,117,105,117,145,119,145,119,145,119,145,119,84,115,106,115,106,115,105,115,92,117,106,117,106,117,106,117,146,146,146,146,146,146,146,146
59136,78.03,-247,2692,0,0,4.09,98,139,74,149.19,118.61,145,162,106,117,105,117,105,117,145,119,145,119,145,119,145,119,84,115,106,115,106,115,105,115,92,117,106,117,106,117,106,117,146,146,146,146,146,146,146,146
59185,77.60,-291,2639,0,0,4.09,98,139,74,149.19,118.61,145,162,106,117,105,117,105,117,145,119,145,119,145,119,145,119,84,115,106,115,106,115,105,115,92,117,106,117,106,117,106,117,146,146,146,146,146,146,146,146
59234,77.94,-302,2529,0,0,4.09,98,139,74,149.19,118.61,145,162,106,117,105,117,105,117,145,119,145,119,145,119,145,119,84,115,106,115,106,115,105,115,92,117,106,117,106,117,106,117,146,146,146,146,146,146,146,146
59283,78.37,-297,2429,0,0,4.09,98,139,74,149.19,118.61,145,162,106,117,105,117,105,117,145,119,145,119,145,119,145,119,84,115,106,115,106,115,105,115,92,117,106,117,106,117,106,117,146,146,146,146,146,146,146,146
59332,78.60,-262,3568,0,0,3.80,98,139,74,149.19,118.61,145,162,106,117,105,117,105,117,145,119,145,119,145,119,145,119,84,115,106,115,106,115,105,115,92,117,106,117,106,117,106,117,146,146,146,146,146,146,146,146
59381,78.37,-149,4095,0,1,3.80,98,139,74,149.19,118.61,145,162,106,117,105,117,105,117,145,119,145,119,145,119,145,119,84,115,106,115,106,115,105,115,92,117,106,117,106,117,106,117,146,146,146,146,146,146,146,146
59430,78.15,40,4095,0,0,3.80,98,139,74,149.19,118.61,145,162,106,117,105,117,105,117,145,119,145,119,145,119,145,119,84,115,106,115,106,115,105,115,92,117,106,117,106,117,106,117,146,146,146,146,146,146,146,146
59479,77.59,259,4095,0,0,3.80,98,139,74,149.19,118.61,145,162,106,117,105,117,105,117,145,119,145,119,145,119,145,119,84,115,106,115,106,115,105,115,92,117,106,117,106,117,106,117,146,146,146,146,146,146,146,146
59528,77.43,459,4070,0,0,3.80,98,139,74,149.19,118.61,145,162,106,117,105,117,105,117,145,119,145,119,145,119,145,119,84,115,106,115,106,115,105,115,92,117,106,117,106,117,106,117,146,146,146,146,146,146,146,146
59577,77.11,557,1425,0,0,3.80,98,139,74,149.19,118.61,145,162,106,117,105,117,105,117,145,119,145,119,145,119,145,119,84,115,106,115,106,115,105,115,92,117,106,117,106,117,106,117,146,146,146,146,146,146,146,146
59626,76.93,462,1488,0,0,3.80,98,139,74,149.19,118.61,145,162,106,117,105,117,105,117,145,119,145,119,145,119,145,119,84,115,106,115,106,115,105,115,92,117,106,117,106,117,106,117,146,146,146,146,146,146,146,146
59675,76.69,229,2211,0,0,3.80,98,139,74,149.19,118.61,145,162,106,117,105,117,105,117,145,119,145,119,145,119,145,119,84,115,106,115,106,115,105,115,92,117,106,117,106,117,106,117,146,146,146,146,146,146,146,146
59724,76.34,-8,2531,0,0,3.80,98,139,74,149.19,118.61,145,162,106,117,105,117,105,117,145,119,145,119,145,119,145,119,84,115,106,115,106,115,105,115,92,117,106,117,106,117,106,117,146,146,146,146,146,146,146,146
59773,76.00,-186,2582,0,0,3.80,98,139,74,149.19,118.61,145,162,106,117,105,117,105,117,145,119,145,119,145,119,145,119,84,115,106,115,106,115,105,115,92,117,106,117,106,117,106,117,146,146,146,146,146,146,146,146
59822,75.76,-300,2415,0,0,3.80,98,139,74,149.19,118.61,145,162,106,117,105,117,105,117,145,119,145,119,145,119,145,119,84,115,106,115,106,115,105,115,92,117,106,117,106,117,106,117,146,146,146,146,146,146,146,146
59871,75.48,-370,2192,0,0,3.80,98,139,74,149.19,118.61,145,162,106,117,105,117,105,117,145,119,145,119,145,119,145,119,84,115,106,115,106,115,105,115,92,117,106,117,106,117,106,117,146,146,146,146,146,146,146,146
59920,76.16,-417,2086,0,0,3.80,98,139,74,149.19,118.61,145,162,106,117,105,117,105,117,145,119,145,119,145,119,145,119,84,115,106,115,106,115,105,115,92,117,106,117,106,117,106,117,146,146,146,146,146,146,146,146
59969,76.34,-446,2253,1,0,4.84,98,139,74,149.19,118.61,145,162,106,117,105,117,105,117,145,119,145,119,145,119,145,119,84,115,106,115,106,115,105,115,92,117,106,117,106,117,106,117,146,146,146,146,146,146,146,146
60018,76.23,-408,4095,1,1,4.84,98,139,74,149.19,118.61,145,162,106,117,105,117,105,117,145,119,145,119,145,119,145,119,84,115,106,115,106,115,105,115,92,117,106,117,106,117,106,117,146,146,146,146,146,146,146,146
60067,75.95,-246,4095,1,0,4.84,98,139,74,149.19,118.61,145,162,106,117,105,117,105,117,145,119,145,119,145,119,145,119,84,115,106,115,106,115,105,115,92,117,106,117,106,117,106,117,146,146,146,146,146,146,146,146
60116,75.64,6,4095,0,0,4.84,98,139,74,149.19,118.61,145,162,106,117,105,117,105,117,145,119,145,119,145,119,145,119,84,115,106,115,106,115,105,115,92,117,106,117,106,117,106,117,146,146,146,146,146,146,146,146
60165,75.30,273,4095,0,0,4.84,98,139,74,149.19,118.61,145,162,106,117,105,117,105,117,145,119,145,119,145,119,145,119,84,115,106,115,106,115,105,115,92,117,106,117,106,117,106,117,146,146,146,146,146,146,146,146
60214,75.17,457,1675,0,0,4.84,98,139,74,149.19,118.61,145,162,106,117,105,117,105,117,145,119,145,119,145,119,145,119,84,115,106,115,106,115,105,115,92,117,106,117,106,117,106,117,146,146,146,146,146,146,146,146
60263,74.99,446,1212,0,0,4.84,98,139,74,149.19,118.61,145,162,106,117,105,117,105,117,145,119,145,119,145,119,145,119,84,115,106,115,106,115,105,115,92,117,106,117,106,117,106,117,146,146,146,146,146,146,146,146
60312,74.82,268,1890,0,0,4.84,98,139,74,149.19,118.61,145,162,106,117,105,117,105,117,145,119,145,119,145,119,145,119,84,115,106,115,106,115,105,115,92,117,106,117,106,117,106,117,146,146,146,146,146,146,146,146
60361,74.50,51,2434,0,0,4.84,98,139,74,149.19,118.61,145,162,106,117,105,117,105,117,145,119,145,119,145,119,145,119,84,115,106,115,106,115,105,115,92,117,106,117,106,117,106,117,146,146,146,146,146,146,146,146
60410,74.14,-113,2597,0,0,4.84,98,139,74,149.19,118.61,145,162,106,117,105,117,105,117,145,119,145,119,145,119,145,119,84,115,106,115,106,115,105,115,92,117,106,117,106,117,106,117,146,146,146,146,146,146,146,146
60459,73.88,-208,2522,0,0,4.84,98,139,74,149.19,118.61,145,162,106,117,105,117,105,117,145,119,145,119,145,119,145,119,84,115,106,115,106,115,105,115,92,117,106,117,106,117,106,117,146,146,146,146,146,146,146,146
60508,73.55,-254,2317,0,0,4.84,98,139,74,149.19,118.61,145,162,106,117,105,117,105,117,145,119,145,119,145,119,145,119,84,115,106,115,106,115,105,115,92,117,106,117,106,117,106,117,146,146,146,146,146,146,146,146
60557,73.72,-276,2192,0,0,4.84,98,139,74,149.19,118.61,145,162,106,117,105,117,105,117,145,119,145,119,145,119,145,119,84,115,106,115,106,115,105,115,92,117,106,117,106,117,106,117,146,146,146,146,146,146,146,146
60606,74.12,-286,2242,0,0,4.84,98,139,74,149.19,118.61,145,162,106,117,105,117,105,117,145,119,145,119,145,119,145,119,84,115,106,115,106,115,105,115,92,117,106,117,106,117,106,117,146,146,146,146,146,146,146,146
60655,74.19,-259,3391,0,0,4.87,98,139,74,149.19,118.61,145,162,106,117,105,117,105,117,145,119,145,119,145,119,145,119,84,115,106,115,106,115,105,115,92,117,106,117,106,117,106,117,146,146,146,146,146,146,146,146
60704,73.96,-142,4095,0,1,4.87,98,139,74,149.19,118.61,145,162,106,117,105,117,105,117,145,119,145,119,145,119,145,119,84,115,106,115,106,115,105,115,92,117,106,117,106,117,106,117,146,146,146,146,146,146,146,146
60753,73.66,66,4095,0,0,4.87,98,139,74,149.19,118.61,145,162,106,117,105,117,105,117,145,119,145,119,145,119,145,119,84,115,106,115,106,115,105,115,92,117,106,117,106,117,106,117,146,146,146,146,146,146,146,146
60802,73.26,312,4095,0,0,4.87,98,139,74,149.19,118.61,145,162,106,117,105,117,105,117,145,119,145,119,145,119,145,119,84,115,106,115,106,115,105,115,92,117,106,117,106,117,106,117,146,146,146,146,146,146,146,146
60851,72.95,516,2929,0,0,4.87,98,139,74,149.19,118.61,145,162,106,117,105,117,105,117,145,119,145,119,145,119,145,119,84,115,106,115,106,115,105,115,92,117,106,117,106,117,106,117,146,146,146,146,146,146,146,146
60900,72.71,578,1414,0,0,4.87,98,139,74,149.19,118.61,145,162,106,117,105,117,105,117,145,119,145,119,145,119,145,119,84,115,106,115,106,115,105,115,92,117,106,117,106,117,106,117,146,146,146,146,146,146,146,146
60949,72.44,460,1749,0,0,4.87,98,139,74,149.19,118.61,145,162,106,117,105,117,105,117,145,119,145,119,145,119,145,119,84,115,106,115,106,115,105,115,92,117,106,117,106,117,106,117,146,146,146,146,146,146,146,146
60998,72.25,255,2559,0,0,4.87,98,139,74,149.19,118.61,145,162,106,117,105,117,105,117,145,119,145,119,145,119,145,119,84,115,106,115,106,115,105,115,92,117,106,117,106,117,106,117,146,146,146,146,146,146,146,146
61047,71.92,77,2879,0,0,4.87,98,139,74,149.19,118.61,145,162,106,117,105,117,105,117,145,119,145,119,145,119,145,119,84,115,106,115,106,115,105,115,92,117,106,117,106,117,106,117,146,146,146,146,146,146,146,146
61096,71.60,-33,2752,0,0,4.87,98,139,74,149.19,118.61,145,162,106,117,105,117,105,117,145,119,145,119,145,119,145,119,84,115,106,115,106,115,105,115,92,117,106,117,106,117,106,117,146,146,146,146,146,146,146,146
61145,71.19,-97,2512,0,0,4.87,98,139,74,149.19,118.61,145,162,106,117,105,117,105,117,145,119,145,119,145,119,145,119,84,115,106,115,106,115,105,115,92,117,106,117,106,117,106,117,146,146,146,146,146,146,146,146
61194,71.41,-142,2342,0,0,4.87,98,139,74,149.19,118.61,145,162,106,117,105,117,105,117,145,119,145,119,145,119,145,119,84,115,106,115,106,115,105,115,92,117,106,117,106,117,106,117,146,146,146,146,146,146,146,146
61243,71.73,-184,2298,0,0,4.87,98,139,74,149.19,118.61,145,162,106,117,105,117,105,117,145,119,145,119,145,119,145,119,84,115,106,115,106,115,105,115,92,117,106,117,106,117,106,117,146,146,146,146,146,146,146,146
61292,71.81,-181,4095,0,0,3.18,98,139,74,149.19,118.61,145,162,106,117,105,117,105,117,145,119,145,119,145,119,145,119,84,115,106,115,106,115,105,115,92,117,106,117,106,117,106,117,146,146,146,146,146,146,146,146
61341,71.44,-73,4095,0,1,3.18,98,139,74,149.19,118.61,145,162,106,117,105,117,105,117,145,119,145,119,145,119,145,119,84,115,106,115,106,115,105,115,92,117,106,117,106,117,106,117,146,146,146,146,146,146,146,146
61390,71.22,118,4095,0,0,3.18,98,139,74,149.19,118.61,145,162,106,117,105,117,105,117,145,119,145,119,145,119,145,119,84,115,106,115,106,115,105,115,92,117,106,117,106,117,106,117,146,146,146,146,146,146,146,146
61439,70.79,326,4095,0,0,3.18,98,139,74,149.19,118.61,145,162,106,117,105,117,105,117,145,119,145,119,145,119,145,119,84,115,106,115,106,115,105,115,92,117,106,117,106,117,106,117,146,146,146,146,146,146,146,146
61488,70.67,511,4095,0,0,3.18,98,139,74,149.19,118.61,145,162,106,117,105,117,105,117,145,119,145,119,145,119,145,119,84,115,106,115,106,115,105,115,92,117,106,117,106,117,106,117,146,146,146,146,146,146,146,146
61537,70.31,601,1900,0,0,3.18,98,139,74,149.19,118.61,145,162,106,117,105,117,105,117,145,119,145,119,145,119,145,119,84,115,106,115,106,115,105,115,92,117,106,117,106,117,106,117,146,146,146,146,146,146,146,146
61586,70.08,506,1252,0,0,3.18,98,139,74,149.19,118.61,145,162,106,117,105,117,105,117,145,119,145,119,145,119,145,119,84,115,106,115,106,115,105,115,92,117,106,117,106,117,106,117,146,146,146,146,146,146,146,146
61635,69.86,257,2074,0,0,3.18,98,139,74,149.19,118.61,145,162,106,117,105,117,105,117,145,119,145,119,145,119,145,119,84,115,106,115,106,115,105,115,92,117,106,117,106,117,106,117,146,146,146,146,146,146,146,146
61684,55.74,-8,2752,0,0,3.18,98,139,74,149.19,118.61,145,162,106,117,105,117,105,117,145,119,145,119,145,119,145,119,84,115,106,115,106,115,105,115,92,117,106,117,106,117,106,117,146,146,146,146,146,146,146,146
61733,49.33,-203,2624,0,0,3.18,98,139,74,149.19,118.61,145,162,106,117,105,117,105,117,145,119,145,119,145,119,145,119,84,115,106,115,106,115,105,115,92,117,106,117,106,117,106,117,146,146,146,146,146,146,146,146
61782,44.45,-336,2023,0,0,3.18,98,139,74,149.19,118.61,145,162,106,117,105,117,105,117,145,119,145,119,145,119,145,119,84,115,106,115,106,115,105,115,92,117,106,117,106,117,106,117,146,146,146,146,146,146,146,146
61831,40.69,-452,1616,0,0,3.18,98,139,74,149.19,118.61,145,162,106,117,105,117,105,117,145,119,145,119,145,119,145,119,84,115,106,115,106,115,105,115,92,117,106,117,106,117,106,117,146,146,146,146,146,146,146,146
61880,37.79,-576,1341,0,0,3.18,98,139,74,149.19,118.61,145,162,106,117,105,117,105,117,145,119,145,119,145,119,145,119,84,115,106,115,106,115,105,115,92,117,106,117,106,117,106,117,146,146,146,146,146,146,146,146
61929,35.02,-671,2667,0,0,3.18,98,139,74,149.19,118.61,145,162,106,117,105,117,105,117,145,119,145,119,145,119,145,119,84,115,106,115,106,115,105,115,92,117,106,117,106,117,106,117,146,146,146,146,146,146,146,146
61978,32.60,-643,4095,0,0,3.18,98,139,74,149.19,118.61,145,162,106,117,105,117,105,117,145,119,145,119,145,119,145,119,84,115,106,115,106,115,105,115,92,117,106,117,106,117,106,117,146,146,146,146,146,146,146,146
62027,30.43,-450,4095,0,0,3.18,98,139,74,149.19,118.61,145,162,106,117,105,117,105,117,145,119,145,119,145,119,145,119,84,115,106,115,106,115,105,115,92,117,106,117,106,117,106,117,146,146,146,146,146,146,146,146
62076,28.45,-156,4095,0,0,3.18,98,139,74,149.19,118.61,145,162,106,117,105,117,105,117,145,119,145,119,145,119,145,119,84,115,106,115,106,115,105,115,92,117,106,117,106,117,106,117,146,146,146,146,146,146,146,146
62125,26.74,86,970,0,0,3.18,98,94,74,81.69,118.61,145,162,106,117,105,117,105,117,145,119,145,119,145,119,145,119,84,115,106,115,106,115,105,115,92,117,106,117,106,117,106,117,146,146,146,146,146,146,146,146
