Time,Pressure,rawPPGSignal,PPGSignal
72751,25.26,3070,82
72800,23.56,3051,352
72849,22.01,2951,728
72898,20.48,2928,1057
72947,19.08,2942,1266
72996,17.58,3015,1341
73045,15.83,3377,1306
73094,13.51,3383,1200
73142,5.80,3023,1031
73191,4.60,2839,796
73240,4.18,2927,513
73289,4.01,3071,230
73338,3.81,3049,-18
73387,3.61,2939,-226
73436,3.45,2898,-398
73485,3.35,2921,-535
73534,3.20,2959,-633
73583,3.12,3088,-689
73632,2.96,3412,-695
73681,2.92,3267,-655
73730,2.82,2947,-604
73779,2.78,2832,-576
73828,2.61,2959,-571
73877,2.59,3082,-564
73926,2.52,3005,-543
73975,2.33,2911,-514
74024,2.40,2884,-486
74073,2.27,2916,-459
74122,2.24,2935,-427
74171,2.13,3029,-386
74220,2.09,3344,-325
74269,1.95,3230,-242
74318,1.89,2931,-164
74367,1.81,2829,-121
74416,1.75,2958,-109
74465,1.63,3087,-103
74514,1.42,3021,-90
74563,1.27,2926,-75
74612,1.12,2915,-66
74661,0.99,2950,-62
74710,0.85,2943,-57
74759,0.70,3056,-45
74808,0.62,3299,-19
74857,0.52,3193,24
74906,0.48,2958,64
74955,0.35,2894,75
75004,0.29,3030,65
75053,0.41,3120,52
75102,0.26,3035,47
75151,0.24,2960,41
75200,0.23,2941,28
75249,0.24,2958,11
75298,0.21,2960,-3
75347,0.20,3200,-7
75396,0.21,3345,12
75445,0.31,3108,47
75494,0.20,2899,67
75543,0.20,2903,57
75592,0.12,3043,32
75641,0.12,3114,12
75690,0.21,3024,4
75739,0.16,2928,-3
75788,0.14,2928,-16
75837,0.05,2946,-31
75886,0.14,3150,-37
75935,0.10,3371,-19
75984,0.06,3175,18
76033,0.15,2948,48
76082,0.00,2911,49
76131,0.15,3040,29
76180,0.05,3115,11
76229,0.11,3033,1
76278,0.07,2965,-6
76327,0.01,2946,-19
76376,0.14,2954,-34
76425,0.01,3135,-41
76474,0.03,3406,-25
76523,0.01,3231,13
76572,0.06,2962,47
76621,0.06,2913,49
76670,0.04,3043,29
76719,0.06,3135,8
76768,0.03,3066,-1
76817,-0.02,2989,-9
76866,0.09,2963,-20
76915,0.02,2960,-35
76964,-0.01,3085,-44
77013,0.04,3386,-34
77062,-0.01,3238,0
77111,0.02,2959,31
77160,-0.07,2849,33
77209,0.01,2981,9
77258,0.05,3120,-13
77307,-0.00,3058,-23
77356,0.00,2986,-25
77405,-0.05,2931,-30
77454,-0.06,2882,-40
77503,-0.10,2978,-52
77552,-0.03,3270,-48
77601,0.03,3224,-19
77650,0.05,2991,15
77699,0.03,2890,30
77748,-0.11,2993,24
77797,-0.04,3106,14
77846,-0.00,3054,12
77895,0.02,2965,11
77944,-0.06,2943,4
77993,-0.05,2956,-7
78042,-0.04,3088,-14
78091,0.04,3321,-4
78140,-0.03,3168,23
78189,-0.00,2956,48
78238,-0.00,2902,47
78287,-0.07,3013,28
78336,-0.03,3071,8
78385,-0.05,3031,-1
78434,-0.05,2955,-9
78483,-0.04,2960,-19
78532,-0.06,2975,-29
78581,-0.04,3175,-29
78630,-0.10,3314,-10
78679,-0.04,3131,23
78728,-0.05,2925,45
78777,-0.12,2896,39
78826,-0.12,3029,16
78875,-0.14,3123,-1
78924,-0.09,3067,-6
78973,-0.06,3004,-7
79022,-0.07,2955,-11
79071,-0.11,2942,-21
79120,-0.07,3152,-28
79169,-0.10,3357,-14
79218,-0.15,3136,17
79267,-0.14,2905,38
79316,0.05,2893,30
79365,-0.09,3055,7
79414,-0.05,3131,-8
79463,-0.12,2991,-13
79512,-0.46,2832,-21
79561,-0.09,2855,-41
79610,-0.20,2935,-62
79659,-0.02,3196,-67
79708,0.16,3408,-38
79757,-0.04,3203,14
79806,-0.14,2960,57
79855,-0.05,2939,67
79904,-0.09,3041,53
79953,-0.09,3094,34
80002,-0.09,3091,22
80051,-0.15,3067,15
80100,-0.19,3044,9
80149,-0.10,3030,1
80198,-0.08,3178,-2
80247,-0.12,3373,8
80296,-0.07,3157,32
80345,-0.13,2948,45
80394,-0.13,2863,29
80443,-0.17,3002,-5
80492,-0.11,3099,-34
80541,-0.10,3071,-46
80590,-0.10,2975,-49
80639,-0.09,3006,-51
80688,-0.21,3038,-51
80737,-0.14,3254,-40
80786,-0.11,3486,-5
80835,-0.07,3212,43
80884,-0.19,2913,74
80933,-0.12,2878,63
80982,-0.15,3007,26
81031,-0.05,3091,-8
81080,-0.13,3071,-28
81129,-0.09,2982,-39
81178,-0.16,2961,-47
81227,-0.15,2979,-55
81276,-0.18,3216,-53
81325,-0.18,3473,-25
81374,-0.20,3131,21
81423,-0.19,2889,51
81472,-0.26,2889,42
81521,-0.16,3031,14
81570,-0.18,3099,-8
81619,-0.21,3011,-20
81668,-0.22,2909,-29
81717,-0.19,2915,-41
81766,-0.13,2993,-53
81815,-0.20,3299,-47
81864,-0.24,3502,-8
81913,-0.19,3248,51
81962,-0.16,3027,94
82011,-0.20,3055,102
82060,-0.19,3221,88
82109,-0.16,3217,74
82158,-0.12,3098,60
82207,-0.18,2944,37
82256,-0.09,2850,-2
82305,-0.12,2959,-48
82354,-0.14,3568,-69
82403,-0.07,4021,-25
82452,-0.11,3328,64
82501,-0.21,2807,117
82550,-0.16,2854,93
82599,-0.15,3039,28
82648,-0.24,3056,-34
82697,-0.18,2985,-80
82746,-0.23,2941,-113
82795,-0.24,2960,-135
82844,-0.20,3205,-138
82893,-0.21,3367,-109
82942,-0.17,3083,-60
82991,-0.15,2849,-26
83040,-0.19,2793,-25
83089,-0.21,2987,-43
83138,-0.26,3063,-54
83187,-0.22,2966,-51
83236,-0.28,2882,-45
83285,-0.12,2841,-44
83334,-0.12,2993,-45
83383,-0.19,3305,-28
83432,-0.22,3226,14
83481,-0.21,2980,60
83530,-0.27,2919,80
83579,-0.29,3057,78
83628,-0.30,3155,72
83677,-0.29,3184,74
83726,-0.23,3098,80
83775,-0.30,2995,78
83824,-0.24,3567,78
83873,-0.24,4095,119
83922,-0.31,3874,206
83971,-0.21,2910,269
84020,-0.28,2799,239
84069,-0.26,3164,141
84118,-0.29,3309,43
84167,-0.27,3088,-28
84216,-0.23,2943,-87
84265,-0.28,2958,-143
84314,-0.33,4095,-157
84363,-0.25,4095,-84
84412,-0.31,3525,32
84461,-0.29,2786,95
84510,-0.22,2802,62
84559,-0.23,3120,-22
84608,-0.29,3151,-100
84657,-0.22,3009,-151
84706,-0.19,2906,-188
84755,-0.24,3124,-209
84804,-0.30,4095,-179
84853,-0.27,4095,-67
84902,-0.29,3039,62
84951,-0.98,2544,104
85000,-0.22,2736,45
85049,-0.30,3057,-46
85098,-0.31,2993,-114
85147,-0.27,2874,-154
85196,-0.28,2820,-177
85245,-0.26,3132,-181
85294,-0.24,4095,-127
85343,-0.24,4095,9
85392,-0.51,3248,164
85441,-0.25,2541,231
85490,-0.27,2483,176
85539,-0.27,2832,56
85588,-0.53,3007,-50
85637,-0.31,2825,-116
85686,-0.21,2709,-155
85735,-0.26,2769,-178
85784,-0.25,2847,-182
85833,-0.23,2845,-163
85882,-0.26,3779,-103
85931,-0.17,4095,28
85980,-0.23,4095,213
86029,-0.29,3231,370
86078,-0.25,2735,416
86127,-0.26,2762,341
86176,-0.19,2930,205
86225,-0.28,2855,67
86274,-0.30,2750,-51
86323,-0.20,2738,-147
86372,-0.45,2711,-216
86421,-0.17,2739,-254
86470,-0.21,2789,-262
86519,-0.27,2745,-244
86568,-0.79,2672,-213
86617,-0.20,2622,-179
86666,-0.20,2559,-151
86715,-0.19,3111,-113
86764,-0.25,4095,-18
86813,-0.27,3795,149
86862,-0.19,2770,301
86911,-0.32,2608,344
86960,-0.26,2935,292
87009,-0.24,3337,220
87058,-0.25,3201,174
87107,-0.20,2833,137
87156,-0.36,2670,78
87205,-0.30,2720,0
87254,-0.25,2801,-73
87303,-0.22,2826,-123
87352,-0.19,2805,-147
87401,-0.12,2776,-152
87450,-0.16,2783,-144
87499,-0.23,3282,-115
87548,-0.26,4095,-28
87597,-0.28,3440,110
87646,-0.26,2673,212
87695,-0.27,2534,209
87744,-0.25,2798,130
87793,-0.32,2941,40
87842,-0.31,2854,-28
87891,-0.23,2745,-76
87940,-0.22,2745,-114
87989,-0.22,2799,-138
88038,-0.19,2835,-143
88087,-0.15,2864,-130
88136,-0.23,2870,-105
88185,-0.28,2880,-73
88234,-0.23,3251,-30
88283,-0.22,4095,54
88332,-0.23,3278,176
88381,-0.23,2758,254
88430,-0.16,2707,238
88479,-0.26,2893,162
88528,-0.21,2927,76
88577,-0.25,2891,4
88626,-0.30,2858,-50
88675,-0.22,2877,-88
88724,-0.24,2885,-110
88773,-0.20,2869,-117
88822,-0.23,2896,-113
88871,-0.22,3117,-94
88920,-0.25,3983,-33
88969,-0.24,3439,75
89018,-0.21,2850,163
89067,-0.18,2731,170
89116,-0.28,2887,114
89165,-0.22,3009,44
89214,-0.19,2979,-11
89263,-0.27,2896,-52
89312,-0.27,2895,-82
89361,-0.25,2914,-102
89410,-0.24,2918,-110
89459,-0.18,3010,-105
89508,-0.22,4095,-58
89557,-0.23,4065,62
89606,-0.30,3027,193
89655,-0.21,2722,234
89704,-0.25,2809,176
89753,-0.19,3007,78
89802,-0.20,3023,-10
89851,-0.24,2935,-76
89900,-0.22,2878,-124
89949,-0.22,2875,-157
89998,-0.27,2922,-175
90047,-0.12,3055,-171
90096,-0.26,4095,-116
90145,-0.17,4095,14
90194,-0.21,3091,159
90243,-0.17,2653,212
90292,-0.22,2767,159
90341,-0.22,2992,61
90390,-0.19,3021,-25
90439,-0.12,2913,-88
90488,-0.23,2876,-131
90537,-0.20,2879,-159
90586,-0.19,2910,-170
90635,-0.24,2947,-164
90684,-0.21,3822,-119
90733,-0.15,4095,-4
90782,-0.22,3314,139
90831,-0.12,2673,216
90880,-0.26,2671,185
90929,-0.16,2915,94
90978,0.07,3019,3
91027,-0.14,2931,-60
91076,-0.24,2864,-103
91125,-0.15,2861,-130
91174,-0.20,2903,-143
91223,-0.22,2933,-139
91272,-0.14,2931,-120
91321,-0.16,3493,-79
91370,-0.27,4095,16
91419,-0.20,3434,149
91468,-0.16,2717,233
91517,-0.17,2666,216
91566,-0.22,2890,131
91615,-0.19,2995,40
91664,-0.20,2928,-28
91713,-0.18,2849,-76
91762,-0.20,2837,-110
91811,-0.16,2881,-130
91860,-0.18,2913,-133
91909,-0.17,2926,-120
91958,-0.15,2913,-96
92007,-0.14,3344,-57
92056,-0.18,4095,26
92105,-0.14,3347,150
92154,-0.19,2785,230
92203,-0.16,2735,217
92252,-0.15,2950,145
92301,-0.21,3013,65
92350,-0.20,2928,1
92399,-0.18,2832,-49
92448,-0.15,2850,-90
92497,-0.19,2899,-118
92546,-0.26,2944,-126
92595,-0.22,2914,-118
92644,-0.24,2956,-98
92693,-0.20,3525,-58
92742,-0.26,3635,22
92791,-0.26,3040,112
92840,-0.25,2768,151
92889,-0.24,2832,125
92938,-0.26,3024,72
92987,-0.28,3037,25
93036,-0.26,2912,-7
93085,-0.23,2855,-35
93134,-0.21,2880,-62
93183,-0.20,2923,-80
93232,-0.21,2932,-85
93281,-0.11,2938,-79
93330,-0.25,3303,-55
93379,-0.19,3597,0
93428,-0.20,3127,76
93477,-0.22,2823,120
93526,-0.21,2832,108
93575,-0.18,3029,67
93624,-0.27,3071,29
93673,-0.22,2978,5
93722,-0.23,2901,-15
93771,-0.17,2895,-37
93820,-0.19,2919,-56
93869,-0.16,2938,-67
93918,-0.20,2963,-69
93967,-0.16,3342,-51
94016,-0.17,3466,-1
94065,-0.19,3091,60
94114,-0.15,2858,93
94163,-0.23,2901,81
94212,-0.20,3056,49
94261,-0.16,3051,20
94310,-0.21,2953,0
94359,-0.16,2899,-21
94408,-0.25,2907,-43
94457,-0.22,2939,-61
94506,-0.17,2962,-69
94555,-0.19,3025,-65
94604,0.09,3393,-41
94653,-0.14,3401,11
94702,-0.25,3022,67
94751,-0.18,2864,89
94800,-0.22,2935,71
94849,-0.18,3091,39
94898,-0.20,3063,15
94947,-0.27,2949,-1
94996,-0.21,2897,-21
95045,-0.15,2902,-43
95094,-0.36,2944,-62
95143,-0.25,2957,-71
95192,-0.16,3039,-67
95241,-0.19,3392,-43
95290,-0.22,3328,8
95339,-0.16,2966,58
95388,-0.24,2832,73
95437,-0.13,2939,53
95486,-0.22,3099,24
95535,-0.24,3057,6
95584,-0.13,2943,-4
95633,-0.22,2903,-17
95682,-0.24,2917,-34
95731,0.17,2946,-48
95780,-0.27,2958,-55
95829,-0.30,3124,-49
95878,-0.23,3442,-19
95927,-0.20,3201,32
95976,-0.19,2910,72
96025,-0.17,2828,72
96074,-0.23,2965,44
96123,-0.16,3099,14
96172,-0.25,3023,-1
96221,-0.24,2933,-11
96270,-0.23,2918,-24
96319,-0.34,2944,-37
96368,-0.24,2960,-46
96417,-0.17,3087,-44
96466,-0.27,3411,-21
96515,-0.29,3274,25
96564,-0.24,2960,68
96613,-0.24,2862,75
96662,-0.28,2960,51
96711,-0.19,3102,21
96760,-0.25,3047,2
96809,-0.24,2961,-8
96858,-0.18,2945,-22
96907,-0.14,2942,-36
96956,-0.11,2969,-47
97005,-0.26,3237,-45
97054,-0.23,3459,-14
97103,-0.18,3163,35
97152,-0.22,2899,67
97201,-0.20,2886,60
97250,-0.26,3050,30
97299,-0.17,3097,5
97348,-0.20,3007,-10
97397,-0.21,2957,-23
97446,-0.21,2944,-37
97495,-0.28,2960,-50
97544,-0.29,3119,-54
97593,-0.15,3476,-33
97642,-0.27,3297,15
97691,-0.28,2983,59
97740,-0.19,2893,67
97789,-0.19,3018,44
97838,-0.21,3123,17
97887,-0.21,3055,0
97936,-0.27,2975,-14
97985,-0.21,2957,-29
98034,-0.19,2967,-45
98083,-0.24,3042,-55
98132,-0.24,3439,-44
98181,-0.12,3447,0
98230,-0.27,3067,51
98279,-0.23,2896,72
98328,-0.23,2983,54
98377,-0.22,3111,23
98426,-0.19,3071,0
98475,-0.21,2978,-18
98524,-0.14,2944,-36
98573,-0.20,2958,-55
98622,-0.21,2994,-68
98671,-0.29,3287,-64
98720,-0.16,3563,-27
98769,-0.19,3203,33
98818,-0.21,2903,72
98867,-0.20,2897,66
98916,-0.23,3061,34
98965,-0.19,3104,4
99014,-0.20,3006,-14
99063,-0.41,2929,-31
99112,-0.17,2941,-50
99161,-0.21,2957,-65
99210,-0.18,2960,-73
99259,-0.19,3237,-66
99308,-0.18,3516,-28
99357,-0.09,3167,31
99406,-0.24,2871,70
99455,-0.28,2876,66
99504,-0.30,3058,37
99553,-0.21,3086,12
99602,-0.34,2979,-3
99651,-0.23,2908,-18
99700,-0.19,2915,-36
99749,-0.22,2963,-51
99798,-0.28,2967,-58
99847,-0.34,3057,-53
99896,-0.25,3377,-28
99945,-0.22,3248,18
99994,-0.22,2951,60
100043,-0.21,2869,70
100092,-0.30,2994,51
100141,-0.25,3092,29
100190,-0.30,3026,15
100239,-0.27,2953,5
100288,-0.26,2931,-8
100337,-0.24,2977,-22
100386,-0.23,2981,-31
100435,-0.24,3056,-32
100484,-0.27,3414,-13
100533,-0.41,3328,29
100582,-0.25,3008,73
100631,-0.19,2884,83
100680,-0.28,2973,60
100729,-0.25,3059,28
100778,-0.31,3054,4
100827,-0.24,2974,-13
100876,-0.27,2918,-29
100925,-0.23,2947,-46
100974,0.25,2985,-58
101023,2.66,3216,-55
101072,4.24,3509,-22
101121,4.34,3202,32
101171,14.25,2925,71
101220,19.97,2899,69
101269,21.85,3063,41
101318,20.60,3107,14
101367,21.06,3019,-2
101416,22.77,2942,-18
101465,24.36,2918,-38
101514,27.92,2942,-57
101563,28.04,3003,-69
101612,27.81,3428,-58
101661,26.30,3611,-6
101710,26.09,3159,63
101759,25.46,2880,100
101808,29.45,2928,86
101857,32.08,3071,47
101906,32.01,3104,12
101955,29.89,2995,-13
102004,32.31,2928,-36
102053,32.49,2945,-59
102102,28.91,2978,-76
102151,31.69,3021,-83
102200,32.29,3509,-64
102249,31.84,3807,0
102298,32.76,3211,88
102347,33.94,2882,135
102396,30.68,2899,117
102445,35.06,3088,65
102494,35.94,3084,15
102543,34.24,2946,-24
102592,35.92,2886,-61
102641,32.71,2923,-95
102690,37.16,2937,-117
102739,37.62,2941,-126
102788,37.81,3111,-117
102837,38.94,3599,-76
102886,36.44,3329,-1
102935,39.15,2922,64
102984,36.37,2801,80
103033,40.60,2951,53
103082,38.82,3057,18
103131,41.99,3018,-5
103180,42.70,2925,-21
103229,42.40,2883,-36
103278,44.90,2931,-51
103327,43.23,2955,-58
103376,45.74,3071,-53
103425,43.37,3361,-27
103474,45.89,3195,20
103523,44.06,2897,60
103572,46.99,2826,66
103621,44.94,2960,44
103670,48.02,3071,21
103719,46.00,3019,10
103768,49.05,2951,4
103817,46.50,2935,-2
103866,50.56,2962,-10
103915,48.18,3005,-15
103964,51.48,3281,-6
104013,48.80,3423,28
104062,52.51,3079,73
104111,50.37,2864,93
104160,54.33,2879,74
104209,52.08,3024,36
104258,55.82,3083,6
104307,53.70,3011,-10
104356,57.43,2961,-21
104405,56.93,2954,-32
104454,60.91,2973,-42
104503,59.69,3248,-39
104552,59.25,3583,-6
104601,61.05,3205,49
104650,57.60,2893,86
104699,62.27,2864,75
104748,60.46,2974,35
104797,64.62,3057,-5
104846,64.54,3034,-32
104895,63.14,2973,-48
104944,66.22,2934,-60
104993,64.00,2961,-69
105042,68.55,3197,-67
105091,68.05,3765,-29
105140,66.43,3358,44
105189,69.43,2929,103
105238,67.47,2843,104
105287,72.67,2949,61
105336,72.09,3053,10
105385,68.28,3041,-28
105434,72.93,2994,-53
105483,73.34,2960,-69
105532,71.75,2949,-80
105581,76.42,3007,-85
105630,76.47,3503,-66
105679,72.99,3664,-6
105728,77.74,3138,70
105777,78.26,2879,108
105826,75.45,2893,90
105875,79.67,2993,43
105924,79.40,3058,-3
105973,78.57,3021,-36
106022,81.03,2989,-57
106071,80.69,2988,-69
106120,81.62,2977,-75
106169,85.22,2993,-75
106218,85.33,3332,-59
106267,81.84,3544,-13
106316,86.99,3191,49
106365,87.92,2950,89
106414,84.64,2933,84
106463,89.21,2989,52
106512,89.19,3024,14
106561,88.33,3030,-15
106610,86.01,2999,-36
106659,91.47,2991,-49
106708,94.04,2991,-56
106757,92.07,3003,-57
106806,92.53,3157,-49
106855,96.01,3330,-22
106904,96.39,3183,18
106953,93.98,2987,49
107002,93.47,2950,53
107051,98.89,2981,36
107100,98.61,3019,13
107149,98.33,3038,-4
107198,96.00,3019,-15
107247,100.71,3006,-22
107297,103.27,3043,-24
107347,103.49,3061,-20
107397,100.24,3184,-9
107447,105.79,3239,12
107497,105.36,3110,38
107547,103.82,3001,51
107597,102.81,2989,45
107647,108.29,3027,28
107697,108.44,3055,9
107747,106.77,3055,-3
107797,105.72,3039,-11
107847,113.13,3061,-15
107897,113.41,3083,-15
107947,112.82,3093,-11
107997,109.83,3153,-2
108047,113.44,3130,9
108097,115.76,3087,20
108147,116.72,3082,24
108197,114.11,3082,22
108247,113.60,3071,16
108297,119.82,3069,9
108347,119.65,3066,0
108397,120.14,3056,-6
108447,118.73,3054,-13
108497,122.48,3056,-18
108547,123.46,3071,-21
108597,125.07,3081,-20
108647,123.58,3071,-17
108697,122.13,3066,-13
108747,125.46,3034,-11
108797,128.72,3042,-11
108847,128.69,3043,-12
108897,129.54,3026,-13
108947,128.64,3019,-15
108997,128.05,3008,-17
109047,128.85,3008,-19
109097,134.04,2981,-21
109147,134.09,2971,-24
109197,135.51,2981,-26
109247,135.52,2993,-26
109297,133.90,2987,-23
109347,133.40,2977,-18
109397,134.10,2971,-14
109447,137.80,2977,-9
109497,141.97,2983,-5
109547,141.60,2992,0
109597,141.20,2979,5
109647,143.02,2960,9
109697,143.66,2945,10
109747,143.21,2944,9
109797,142.18,2947,6
109847,142.05,2977,5
109897,142.62,2986,6
109947,143.49,2970,10
109997,145.39,2953,14
110047,149.77,2959,15
110097,151.56,2985,16
110147,152.92,2970,17
110197,152.37,2955,18
110247,153.30,2971,17
110297,154.33,2970,16
110347,155.42,2965,15
110397,155.73,2990,14
110447,155.58,2989,15
110497,154.99,2991,16
110547,154.91,2977,17
110597,156.06,2978,16
110647,156.50,2987,14
110697,158.02,2991,13
110747,157.68,2987,11
110797,157.40,2976,9
110847,157.04,2965,6
110897,156.66,2970,2
110947,156.26,2973,-1
110997,156.13,2975,-4
111047,155.80,2987,-6
111097,155.46,2992,-5
111147,155.91,2985,-3
111197,155.51,2990,-1
111247,155.00,3002,0
111297,154.77,2992,2
111347,154.67,3005,4
111397,154.62,2993,5
111447,154.33,2997,5
111497,154.01,2994,4
111547,153.89,2993,3
111597,153.77,2998,1
111647,153.61,2997,0
111697,154.25,3005,0
111747,154.03,2993,-1
111797,153.25,2999,-1
111847,152.99,2999,-2
111897,153.14,2997,-2
111947,153.07,2995,-3
111997,152.80,3002,-3
112047,152.55,3009,-3
112097,152.45,3001,-2
112147,152.35,2994,-2
112197,152.18,2989,-2
112247,153.06,3003,-3
112297,152.74,2999,-4
112347,152.11,2996,-4
112397,151.87,2999,-4
112447,152.04,2998,-3
112497,152.00,3019,-2
112547,151.70,3024,0
112597,151.50,3011,2
112647,151.41,3009,4
112697,151.26,3009,5
112747,151.26,3009,4
112797,152.07,3003,3
112847,151.51,3012,2
112897,150.92,3011,0
112947,150.73,3007,0
112997,150.57,3007,-1
113047,150.86,3010,-1
113097,150.67,3021,-2
113147,150.53,3022,-1
113197,150.33,3015,0
113247,150.34,3006,0
113297,150.26,3017,0
113347,151.12,3018,0
113397,150.65,3013,0
113447,150.02,3022,0
113497,149.94,3015,0
113547,150.01,3008,0
113597,149.95,3006,-1
113647,149.79,3010,-2
113697,149.51,3008,-4
113747,149.57,3014,-4
113797,149.42,3015,-4
113847,149.25,3022,-3
113897,150.05,3024,-2
113947,149.66,3013,0
113997,148.99,3017,0
114047,148.93,3011,1
114097,149.02,3001,0
114147,149.08,3010,-1
114197,148.93,3010,-2
114247,148.69,3012,-3
114297,148.62,3008,-3
114347,148.43,3006,-3
114397,148.34,3009,-3
114447,148.97,3015,-2
114497,148.67,3014,-1
114547,148.19,3008,0
114597,148.05,3017,0
114647,148.18,3020,1
114697,148.16,3010,2
114747,147.92,3017,2
114797,147.70,3024,3
114847,147.58,3019,4
114897,147.50,3023,4
114947,147.42,3024,5
114997,148.11,3022,5
115047,147.53,3027,5
115097,146.94,3025,4
115147,146.59,3024,4
115197,146.69,3018,3
115247,146.51,3013,2
115297,146.17,3023,0
115347,145.81,3023,-1
115397,145.60,3024,-1
115447,145.32,3024,-2
115497,145.21,3019,-1
115547,145.80,3017,-2
115597,144.93,3022,-2
115647,144.27,3022,-2
115697,144.04,3024,-2
115747,144.00,3023,-2
115797,143.60,3027,-1
115847,143.15,3025,0
115897,142.71,3023,0
115947,142.39,3027,0
115997,142.24,3023,0
116047,142.32,3014,0
116097,142.77,3023,0
116147,141.76,3025,-1
116197,141.01,3023,-1
116247,140.83,3023,-1
116297,140.66,3024,-1
116347,140.27,3024,-1
116397,139.79,3028,0
116447,139.27,3033,0
116497,138.98,3037,1
116547,138.68,3018,2
116597,139.11,3024,2
116647,139.41,3030,1
116697,138.23,3027,1
116747,137.64,3024,0
116797,137.49,3024,0
116847,137.45,3024,0
116897,137.02,3024,-1
116947,136.60,3026,-1
116997,136.26,3024,-2
117047,135.97,3024,-2
117097,135.70,3024,-1
117147,136.22,3025,-1
117197,136.27,3023,-1
117247,135.02,3020,-1
117297,134.59,3019,-1
117347,134.46,3025,-1
117397,134.36,3029,-1
117447,133.99,3027,0
117497,133.59,3019,0
117547,133.27,3023,0
117597,133.00,3021,0
117647,132.81,3018,0
117697,133.66,3021,0
117747,133.36,3019,-1
117797,132.15,3022,-1
117847,131.73,3024,-1
117897,131.73,3024,0
117947,131.56,3022,0
117997,131.05,3023,0
118047,130.66,3026,1
118097,130.42,3026,1
118147,130.16,3023,2
118197,130.15,3024,2
118247,131.16,3022,2
118297,130.85,3028,1
118347,129.49,3029,1
118397,129.28,3028,1
118447,129.18,3027,2
118497,129.04,3024,2
118547,128.50,3025,1
118597,128.18,3031,1
118647,127.95,3029,1
118697,127.65,3032,1
118747,128.08,3024,1
118797,128.84,3024,0
118847,128.05,3034,0
118897,126.98,3039,0
118947,126.88,3030,0
118997,126.34,3021,1
119047,126.32,3029,0
119097,125.91,3036,0
119147,125.63,3029,0
119197,125.32,3026,0
119247,125.07,3025,-1
119297,125.90,3026,-1
119347,126.51,3026,-2
119397,125.42,3036,-2
119447,124.30,3038,-1
119497,124.24,3039,0
119547,124.02,3030,1
119597,123.83,3037,1
119647,123.37,3035,2
119697,123.04,3034,2
119747,122.70,3030,1
119797,122.56,3030,0
119847,123.62,3026,0
119897,124.09,3030,-1
119947,122.86,3035,-2
119997,122.00,3037,-2
120047,121.89,3035,-1
120097,121.69,3033,0
120147,121.24,3037,0
120197,120.79,3033,0
120247,120.51,3031,0
120297,120.36,3027,0
120347,120.24,3029,-1
120397,121.41,3029,-1
120447,121.61,3026,-2
120497,120.27,3024,-3
120547,119.67,3027,-3
120597,119.50,3029,-3
120647,119.33,3035,-3
120697,118.86,3031,-1
120747,118.50,3035,0
120797,118.16,3035,1
120847,117.92,3025,1
120897,118.02,3035,2
120947,119.17,3025,2
120997,119.12,3030,1
121047,117.73,3028,0
121097,117.28,3031,0
121147,117.13,3031,0
121197,117.01,3030,0
121247,116.47,3034,0
121297,116.13,3035,0
121347,115.87,3035,1
121397,115.51,3036,1
121447,116.21,3037,2
121497,117.24,3038,2
121547,116.83,3035,3
121597,115.35,3038,2
121647,115.09,3039,2
121697,114.95,3040,2
121747,114.71,3043,2
121797,114.16,3043,2
121847,113.84,3043,2
121897,113.70,3037,2
121947,113.52,3036,1
121997,114.87,3043,0
122047,115.57,3049,0
122097,114.48,3041,0
122147,113.32,3049,0
122197,113.09,3063,0
122247,112.88,3066,2
122297,112.42,3053,4
122347,112.35,3056,5
122397,111.47,3066,5
122447,111.31,3055,5
122497,111.78,3047,4
122547,113.34,3055,2
122597,113.31,3058,0
122647,111.81,3056,-1
122697,110.98,3088,-1
122747,110.76,3118,1
122797,110.45,3117,7
122847,109.93,3105,13
122897,109.60,3090,17
122947,109.25,3091,17
122997,108.93,3084,14
123047,109.90,3085,9
123097,111.31,3071,3
123147,110.75,3083,-3
123197,109.19,3103,-7
123247,108.67,3155,-7
123297,108.69,3178,-1
123347,108.23,3169,8
123397,107.90,3152,17
123447,107.64,3135,21
123497,107.27,3120,19
123547,107.15,3114,13
123597,108.44,3094,3
123647,109.37,3090,-7
123697,108.17,3093,-18
123747,107.10,3134,-25
123797,106.61,3170,-25
123847,106.46,3173,-19
123897,106.07,3145,-10
123947,105.50,3125,-3
123997,105.16,3117,-1
124047,104.86,3105,-3
124097,105.21,3082,-8
124147,106.72,3088,-15
124197,106.91,3084,-22
124247,105.58,3095,-26
124297,104.55,3169,-25
124347,104.44,3173,-17
124397,104.26,3147,-4
124447,103.76,3129,5
124497,103.24,3118,10
124547,103.01,3107,10
124597,102.67,3088,6
124647,103.69,3083,0
124697,105.31,3071,-8
124747,104.84,3087,-15
124797,103.70,3162,-17
124847,103.13,3216,-9
124897,103.05,3181,4
124947,102.46,3146,18
124997,102.19,3129,25
125047,101.50,3126,25
125097,101.24,3130,20
125147,101.16,3116,13
125197,102.93,3094,4
125247,103.62,3104,-4
125297,103.08,3127,-11
125347,101.99,3233,-11
125397,101.43,3217,-2
125447,101.16,3152,10
125497,100.55,3125,16
125547,100.01,3127,14
125597,99.55,3114,7
125646,99.20,3104,-1
125695,99.92,3111,-10
125744,101.81,3091,-18
125794,101.82,3111,-24
125844,100.98,3250,-22
125894,99.83,3280,-8
125943,99.30,3174,11
125992,98.90,3097,23
126041,98.19,3087,20
126090,98.07,3093,8
126139,97.35,3093,-6
126188,96.95,3087,-19
126237,98.50,3070,-29
126286,99.88,3063,-35
126335,99.80,3127,-38
126384,98.79,3317,-27
126433,98.00,3271,-1
126482,97.48,3123,25
126531,96.86,3049,36
126580,96.31,3059,27
126629,95.74,3071,10
126678,95.35,3063,-6
126727,95.06,3046,-21
126776,96.84,3043,-32
126825,97.84,3043,-39
126874,97.61,3155,-38
126923,96.56,3326,-22
126972,95.72,3222,9
127021,95.47,3066,36
127070,94.74,3011,42
127119,94.24,3008,28
127168,93.82,3028,7
127217,93.29,3018,-13
127266,93.14,3007,-29
127315,95.05,3010,-40
127364,95.92,3015,-44
127413,95.40,3131,-40
127462,94.40,3253,-20
127511,93.70,3130,9
127560,93.37,3007,32
127609,92.79,2982,36
127658,92.39,2997,24
127707,91.81,3001,8
127756,91.51,2992,-5
127805,91.65,3007,-16
127854,93.63,3002,-22
127903,94.49,2998,-23
127952,93.56,3153,-16
128001,92.55,3229,3
128050,92.07,3120,31
128099,91.67,3008,50
128148,91.21,2985,51
128197,90.90,3022,37
128246,90.16,3030,21
128295,89.63,3024,7
128344,90.33,2997,-4
128393,92.13,2993,-13
128442,92.30,3045,-19
128491,91.70,3243,-13
128540,90.60,3230,9
128589,90.15,3052,35
128638,89.91,2978,43
128687,89.34,3001,33
128736,88.86,3038,14
128785,88.34,3025,-1
128834,88.35,3013,-14
128883,88.89,3008,-23
128932,90.37,3025,-29
128981,89.94,3120,-27
129030,89.55,3305,-11
129079,88.87,3198,19
129128,88.42,3034,44
129177,88.02,2975,46
129226,87.63,2997,29
129275,87.15,3017,5
129324,86.55,3037,-15
129373,85.93,3029,-28
129422,86.74,3013,-35
129471,88.38,3006,-38
129520,88.25,3102,-36
129569,87.64,3343,-18
129618,86.85,3234,15
129667,86.43,3037,46
129716,86.28,2969,52
129765,85.83,3002,35
129814,85.47,3024,9
129863,84.91,3006,-12
129912,84.27,2995,-30
129961,84.70,3013,-42
130010,86.33,3008,-47
130059,86.29,3070,-44
130108,85.54,3362,-26
130157,84.78,3285,13
130206,84.39,3054,51
130255,84.22,2944,62
130304,83.91,2981,44
130353,83.50,3034,16
130402,83.00,3009,-8
130451,82.58,2986,-27
130500,82.46,2979,-41
130549,84.30,2992,-49
130598,84.57,3014,-51
130647,83.97,3266,-39
130696,82.86,3308,-5
130745,82.50,3065,34
130794,82.37,2938,52
130843,82.17,2964,43
130892,81.80,3019,20
130941,81.29,3023,0
130990,80.81,3017,-14
131039,80.46,2997,-23
131088,82.58,2976,-29
131137,82.51,2998,-32
131186,81.86,3231,-26
131235,81.12,3285,0
131284,80.57,3062,34
131333,80.61,2931,49
131382,80.41,2939,38
131431,79.98,3007,14
131480,79.86,3019,-6
131529,79.64,3008,-19
131578,79.19,3005,-25
131627,80.83,2992,-28
131676,80.96,3029,-27
131725,80.34,3303,-14
131774,79.41,3300,18
131823,79.08,3029,53
131872,78.95,2919,63
131921,78.84,2952,44
131970,78.44,3033,15
132019,78.07,3019,-8
132068,77.45,2992,-23
132117,77.95,2976,-34
132166,79.33,2997,-40
132215,79.13,3111,-39
132264,78.60,3376,-18
132313,77.90,3229,22
132362,77.63,2992,55
132411,77.52,2923,58
132460,77.49,2981,35
132509,77.02,3042,7
132558,76.57,3023,-14
132607,76.05,2978,-28
132656,76.95,2986,-39
132705,77.91,3010,-44
132754,77.54,3255,-37
132803,76.77,3437,-4
132852,76.23,3159,42
132901,76.05,2943,70
132950,76.02,2928,60
132999,75.83,3038,29
133048,75.35,3085,0
133097,74.84,3046,-17
133146,74.45,2985,-29
133195,75.60,2951,-40
133244,75.81,2991,-51
133293,75.43,3346,-46
133342,74.73,3411,-11
133391,74.31,3105,36
133440,74.35,2895,58
133489,74.16,2911,42
133538,73.92,3042,9
133587,73.45,3083,-16
133636,73.16,3009,-30
133685,72.91,2960,-38
133734,74.08,2940,-47
133783,74.21,3009,-54
133832,73.64,3319,-44
133881,72.95,3301,-8
133930,72.68,3024,33
133979,72.65,2893,48
134028,72.51,2944,33
134077,72.24,3042,9
134126,71.86,3049,-7
134175,61.58,2992,-16
134224,52.37,2966,-22
134273,46.86,2942,-29
134322,42.10,3067,-32
134371,38.05,3299,-19
134420,34.66,3125,11
134469,31.70,2899,34
134518,29.43,2889,31
134567,27.22,3001,12
#SUMMARY_START
BL_W10_T1.2_D2,125992,99,1.200
BL_W10_T1.2_D2,126482,97,1.200
BL_W10_T1.2_D2,127021,95,1.200
BL_W10_T1.2_D2,127560,93,1.140
BL_W10_T1.2_D2,128050,92,1.060
BL_W10_T1.2_D2,128638,90,0.980
BL_W10_T1.2_D2,129128,88,0.900
BL_W10_T1.2_D2,129667,86,0.820
BL_W10_T1.2_D2,130206,84,0.740
BL_W10_T1.2_D2,130745,82,0.660
BL_W10_T1.2_D2,131284,81,0.580
BL_W10_T1.2_D2,131823,79,0.500
BL_W10_T1.2_D2,120797,118,0.420
BL_W10_T1.2_D2,132362,78,0.420
BL_W10_T1.2_D2,121547,117,0.340
BL_W10_T1.2_D2,132852,76,0.340
BL_W10_T1.2_D2,122297,112,0.260
BL_W10_T1.2_D2,133440,74,0.260
BL_W10_T1.2_D2,122797,110,0.126
BL_W10_T1.2_D2,124447,104,0.126
BL_W10_T1.2_D4,125992,99,1.200
BL_W10_T1.2_D4,126482,97,1.200
BL_W10_T1.2_D4,127021,95,1.200
BL_W10_T1.2_D4,127560,93,1.140
BL_W10_T1.2_D4,128050,92,1.060
BL_W10_T1.2_D4,128638,90,0.980
BL_W10_T1.2_D4,129128,88,0.900
BL_W10_T1.2_D4,129667,86,0.820
BL_W10_T1.2_D4,130206,84,0.740
BL_W10_T1.2_D4,130745,82,0.660
BL_W10_T1.2_D4,131284,81,0.580
BL_W10_T1.2_D4,131823,79,0.500
BL_W10_T1.2_D4,132362,78,0.420
BL_W10_T1.2_D4,132852,76,0.340
BL_W10_T1.2_D4,133440,74,0.260
BL_W10_T1.2_D4,122797,110,0.126
BL_W10_T1.2_D4,124447,104,0.126
BL_W10_T1.2_D4,133930,73,0.126
BL_W10_T1.2_D4,134469,32,0.050
BL_W10_T1.2_D4,123397,108,0.010
BL_W10_T1.2_D6,125992,99,1.200
BL_W10_T1.2_D6,126482,97,1.200
BL_W10_T1.2_D6,127021,95,1.200
BL_W10_T1.2_D6,127560,93,1.140
BL_W10_T1.2_D6,128050,92,1.060
BL_W10_T1.2_D6,128638,90,0.980
BL_W10_T1.2_D6,129128,88,0.900
BL_W10_T1.2_D6,129667,86,0.820
BL_W10_T1.2_D6,130206,84,0.740
BL_W10_T1.2_D6,130745,82,0.660
BL_W10_T1.2_D6,131284,81,0.580
BL_W10_T1.2_D6,131823,79,0.500
BL_W10_T1.2_D6,132362,78,0.420
BL_W10_T1.2_D6,132852,76,0.340
BL_W10_T1.2_D6,133440,74,0.260
BL_W10_T1.2_D6,122847,110,0.126
BL_W10_T1.2_D6,124447,104,0.126
BL_W10_T1.2_D6,133930,73,0.126
BL_W10_T1.2_D6,134469,32,0.050
BL_W10_T1.2_D6,123397,108,0.010
BL_W10_T1.2_D8,125992,99,1.200
BL_W10_T1.2_D8,126482,97,1.200
BL_W10_T1.2_D8,127021,95,1.200
BL_W10_T1.2_D8,127560,93,1.140
BL_W10_T1.2_D8,128050,92,1.060
BL_W10_T1.2_D8,128638,90,0.980
BL_W10_T1.2_D8,129128,88,0.900
BL_W10_T1.2_D8,129667,86,0.820
BL_W10_T1.2_D8,130206,84,0.740
BL_W10_T1.2_D8,130745,82,0.660
BL_W10_T1.2_D8,131284,81,0.580
BL_W10_T1.2_D8,131823,79,0.500
BL_W10_T1.2_D8,132362,78,0.420
BL_W10_T1.2_D8,132852,76,0.340
BL_W10_T1.2_D8,133440,74,0.260
BL_W10_T1.2_D8,122847,110,0.126
BL_W10_T1.2_D8,124447,104,0.126
BL_W10_T1.2_D8,133930,73,0.126
BL_W10_T1.2_D8,134469,32,0.050
BL_W10_T1.2_D8,123397,108,0.010
BL_W10_T1.2_D10,125992,99,1.200
BL_W10_T1.2_D10,126482,97,1.200
BL_W10_T1.2_D10,127021,95,1.200
BL_W10_T1.2_D10,127560,93,1.140
BL_W10_T1.2_D10,128050,92,1.060
BL_W10_T1.2_D10,128638,90,0.980
BL_W10_T1.2_D10,129128,88,0.900
BL_W10_T1.2_D10,129667,86,0.820
BL_W10_T1.2_D10,130206,84,0.740
BL_W10_T1.2_D10,130745,82,0.660
BL_W10_T1.2_D10,131284,81,0.580
BL_W10_T1.2_D10,131823,79,0.500
BL_W10_T1.2_D10,132362,78,0.420
BL_W10_T1.2_D10,132852,76,0.340
BL_W10_T1.2_D10,133440,74,0.260
BL_W10_T1.2_D10,122897,110,0.126
BL_W10_T1.2_D10,124447,104,0.126
BL_W10_T1.2_D10,133930,73,0.126
BL_W10_T1.2_D10,134469,32,0.050
BL_W10_T1.2_D10,123397,108,0.010
BL_W10_T1.2_D15,125992,99,1.200
BL_W10_T1.2_D15,126482,97,1.200
BL_W10_T1.2_D15,127021,95,1.200
BL_W10_T1.2_D15,127560,93,1.140
BL_W10_T1.2_D15,128050,92,1.060
BL_W10_T1.2_D15,128638,90,0.980
BL_W10_T1.2_D15,129128,88,0.900
BL_W10_T1.2_D15,129667,86,0.820
BL_W10_T1.2_D15,130206,84,0.740
BL_W10_T1.2_D15,130745,82,0.660
BL_W10_T1.2_D15,131284,81,0.580
BL_W10_T1.2_D15,131823,79,0.500
BL_W10_T1.2_D15,132362,78,0.420
BL_W10_T1.2_D15,132852,76,0.340
BL_W10_T1.2_D15,133440,74,0.260
BL_W10_T1.2_D15,124447,104,0.126
BL_W10_T1.2_D15,133930,73,0.126
BL_W10_T1.2_D15,134469,32,0.050
BL_W10_T1.2_D15,123447,108,0.010
BL_W10_T1.2_D15,124947,102,0.010
BL_W10_T1.2_D20,125992,99,1.200
BL_W10_T1.2_D20,126482,97,1.200
BL_W10_T1.2_D20,127021,95,1.200
BL_W10_T1.2_D20,127560,93,1.140
BL_W10_T1.2_D20,128050,92,1.060
BL_W10_T1.2_D20,128638,90,0.980
BL_W10_T1.2_D20,129128,88,0.900
BL_W10_T1.2_D20,129667,86,0.820
BL_W10_T1.2_D20,130206,84,0.740
BL_W10_T1.2_D20,130745,82,0.660
BL_W10_T1.2_D20,131284,81,0.580
BL_W10_T1.2_D20,131823,79,0.500
BL_W10_T1.2_D20,132362,78,0.420
BL_W10_T1.2_D20,132852,76,0.340
BL_W10_T1.2_D20,133440,74,0.260
BL_W10_T1.2_D20,124497,103,0.126
BL_W10_T1.2_D20,133930,73,0.126
BL_W10_T1.2_D20,134469,32,0.050
BL_W10_T1.2_D20,124997,102,0.010
BL_W10_T1.2_D25,125992,99,1.200
BL_W10_T1.2_D25,126482,97,1.200
BL_W10_T1.2_D25,127021,95,1.200
BL_W10_T1.2_D25,127560,93,1.140
BL_W10_T1.2_D25,128050,92,1.060
BL_W10_T1.2_D25,128638,90,0.980
BL_W10_T1.2_D25,129128,88,0.900
BL_W10_T1.2_D25,129667,86,0.820
BL_W10_T1.2_D25,130206,84,0.740
BL_W10_T1.2_D25,130745,82,0.660
BL_W10_T1.2_D25,131284,81,0.580
BL_W10_T1.2_D25,131823,79,0.500
BL_W10_T1.2_D25,132362,78,0.420
BL_W10_T1.2_D25,132852,76,0.340
BL_W10_T1.2_D25,133440,74,0.260
BL_W10_T1.2_D25,133930,73,0.126
BL_W10_T1.2_D25,134469,32,0.050
BL_W10_T1.2_D30,126482,97,1.200
BL_W10_T1.2_D30,127021,95,1.200
BL_W10_T1.2_D30,127560,93,1.140
BL_W10_T1.2_D30,128099,92,1.060
BL_W10_T1.2_D30,128638,90,0.980
BL_W10_T1.2_D30,129128,88,0.900
BL_W10_T1.2_D30,129667,86,0.820
BL_W10_T1.2_D30,130206,84,0.740
BL_W10_T1.2_D30,130745,82,0.660
BL_W10_T1.2_D30,131284,81,0.580
BL_W10_T1.2_D30,131823,79,0.500
BL_W10_T1.2_D30,132362,78,0.420
BL_W10_T1.2_D30,132852,76,0.340
BL_W10_T1.2_D30,133440,74,0.260
BL_W10_T1.2_D30,133930,73,0.126
BL_W10_T1.2_D30,134469,32,0.050
BL_W10_T1.5_D2,125992,99,1.200
BL_W10_T1.5_D2,126482,97,1.200
BL_W10_T1.5_D2,127021,95,1.200
BL_W10_T1.5_D2,127560,93,1.140
BL_W10_T1.5_D2,128099,92,1.060
BL_W10_T1.5_D2,128638,90,0.980
BL_W10_T1.5_D2,129128,88,0.900
BL_W10_T1.5_D2,129667,86,0.820
BL_W10_T1.5_D2,130206,84,0.740
BL_W10_T1.5_D2,130794,82,0.660
BL_W10_T1.5_D2,131333,81,0.580
BL_W10_T1.5_D2,131823,79,0.500
BL_W10_T1.5_D2,120797,118,0.420
BL_W10_T1.5_D2,132362,78,0.420
BL_W10_T1.5_D2,121547,117,0.340
BL_W10_T1.5_D2,132901,76,0.340
BL_W10_T1.5_D2,122297,112,0.260
BL_W10_T1.5_D2,133440,74,0.260
BL_W10_T1.5_D2,122797,110,0.126
BL_W10_T1.5_D2,124447,104,0.126
BL_W10_T1.5_D4,125992,99,1.200
BL_W10_T1.5_D4,126482,97,1.200
BL_W10_T1.5_D4,127021,95,1.200
BL_W10_T1.5_D4,127560,93,1.140
BL_W10_T1.5_D4,128099,92,1.060
BL_W10_T1.5_D4,128638,90,0.980
BL_W10_T1.5_D4,129128,88,0.900
BL_W10_T1.5_D4,129667,86,0.820
BL_W10_T1.5_D4,130206,84,0.740
BL_W10_T1.5_D4,130794,82,0.660
BL_W10_T1.5_D4,131333,81,0.580
BL_W10_T1.5_D4,131823,79,0.500
BL_W10_T1.5_D4,132362,78,0.420
BL_W10_T1.5_D4,132901,76,0.340
BL_W10_T1.5_D4,133440,74,0.260
BL_W10_T1.5_D4,122797,110,0.126
BL_W10_T1.5_D4,124447,104,0.126
BL_W10_T1.5_D4,133930,73,0.126
BL_W10_T1.5_D4,134469,32,0.050
BL_W10_T1.5_D4,123447,108,0.010
BL_W10_T1.5_D6,125992,99,1.200
BL_W10_T1.5_D6,126482,97,1.200
BL_W10_T1.5_D6,127021,95,1.200
BL_W10_T1.5_D6,127560,93,1.140
BL_W10_T1.5_D6,128099,92,1.060
BL_W10_T1.5_D6,128638,90,0.980
BL_W10_T1.5_D6,129128,88,0.900
BL_W10_T1.5_D6,129667,86,0.820
BL_W10_T1.5_D6,130206,84,0.740
BL_W10_T1.5_D6,130794,82,0.660
BL_W10_T1.5_D6,131333,81,0.580
BL_W10_T1.5_D6,131823,79,0.500
BL_W10_T1.5_D6,132362,78,0.420
BL_W10_T1.5_D6,132901,76,0.340
BL_W10_T1.5_D6,133440,74,0.260
BL_W10_T1.5_D6,122847,110,0.126
BL_W10_T1.5_D6,124447,104,0.126
BL_W10_T1.5_D6,133930,73,0.126
BL_W10_T1.5_D6,134469,32,0.050
BL_W10_T1.5_D6,123447,108,0.010
BL_W10_T1.5_D8,125992,99,1.200
BL_W10_T1.5_D8,126482,97,1.200
BL_W10_T1.5_D8,127021,95,1.200
BL_W10_T1.5_D8,127560,93,1.140
BL_W10_T1.5_D8,128099,92,1.060
BL_W10_T1.5_D8,128638,90,0.980
BL_W10_T1.5_D8,129128,88,0.900
BL_W10_T1.5_D8,129667,86,0.820
BL_W10_T1.5_D8,130206,84,0.740
BL_W10_T1.5_D8,130794,82,0.660
BL_W10_T1.5_D8,131333,81,0.580
BL_W10_T1.5_D8,131823,79,0.500
BL_W10_T1.5_D8,132362,78,0.420
BL_W10_T1.5_D8,132901,76,0.340
BL_W10_T1.5_D8,133440,74,0.260
BL_W10_T1.5_D8,122847,110,0.126
BL_W10_T1.5_D8,124447,104,0.126
BL_W10_T1.5_D8,133930,73,0.126
BL_W10_T1.5_D8,134469,32,0.050
BL_W10_T1.5_D8,123447,108,0.010
BL_W10_T1.5_D10,125992,99,1.200
BL_W10_T1.5_D10,126482,97,1.200
BL_W10_T1.5_D10,127021,95,1.200
BL_W10_T1.5_D10,127560,93,1.140
BL_W10_T1.5_D10,128099,92,1.060
BL_W10_T1.5_D10,128638,90,0.980
BL_W10_T1.5_D10,129128,88,0.900
BL_W10_T1.5_D10,129667,86,0.820
BL_W10_T1.5_D10,130206,84,0.740
BL_W10_T1.5_D10,130794,82,0.660
BL_W10_T1.5_D10,131333,81,0.580
BL_W10_T1.5_D10,131823,79,0.500
BL_W10_T1.5_D10,132362,78,0.420
BL_W10_T1.5_D10,132901,76,0.340
BL_W10_T1.5_D10,133440,74,0.260
BL_W10_T1.5_D10,122897,110,0.126
BL_W10_T1.5_D10,124447,104,0.126
BL_W10_T1.5_D10,133930,73,0.126
BL_W10_T1.5_D10,134469,32,0.050
BL_W10_T1.5_D10,123397,108,0.010
BL_W10_T1.5_D15,125992,99,1.200
BL_W10_T1.5_D15,126482,97,1.200
BL_W10_T1.5_D15,127021,95,1.200
BL_W10_T1.5_D15,127560,93,1.140
BL_W10_T1.5_D15,128099,92,1.060
BL_W10_T1.5_D15,128638,90,0.980
BL_W10_T1.5_D15,129128,88,0.900
BL_W10_T1.5_D15,129667,86,0.820
BL_W10_T1.5_D15,130206,84,0.740
BL_W10_T1.5_D15,130794,82,0.660
BL_W10_T1.5_D15,131333,81,0.580
BL_W10_T1.5_D15,131823,79,0.500
BL_W10_T1.5_D15,132362,78,0.420
BL_W10_T1.5_D15,132901,76,0.340
BL_W10_T1.5_D15,133440,74,0.260
BL_W10_T1.5_D15,124447,104,0.126
BL_W10_T1.5_D15,133930,73,0.126
BL_W10_T1.5_D15,134469,32,0.050
BL_W10_T1.5_D15,123447,108,0.010
BL_W10_T1.5_D15,124947,102,0.010
BL_W10_T1.5_D20,125992,99,1.200
BL_W10_T1.5_D20,126482,97,1.200
BL_W10_T1.5_D20,127021,95,1.200
BL_W10_T1.5_D20,127560,93,1.140
BL_W10_T1.5_D20,128099,92,1.060
BL_W10_T1.5_D20,128638,90,0.980
BL_W10_T1.5_D20,129128,88,0.900
BL_W10_T1.5_D20,129667,86,0.820
BL_W10_T1.5_D20,130206,84,0.740
BL_W10_T1.5_D20,130794,82,0.660
BL_W10_T1.5_D20,131333,81,0.580
BL_W10_T1.5_D20,131823,79,0.500
BL_W10_T1.5_D20,132362,78,0.420
BL_W10_T1.5_D20,132901,76,0.340
BL_W10_T1.5_D20,133440,74,0.260
BL_W10_T1.5_D20,124497,103,0.126
BL_W10_T1.5_D20,133930,73,0.126
BL_W10_T1.5_D20,134469,32,0.050
BL_W10_T1.5_D20,124997,102,0.010
BL_W10_T1.5_D25,125992,99,1.200
BL_W10_T1.5_D25,126482,97,1.200
BL_W10_T1.5_D25,127021,95,1.200
BL_W10_T1.5_D25,127560,93,1.140
BL_W10_T1.5_D25,128050,92,1.060
BL_W10_T1.5_D25,128638,90,0.980
BL_W10_T1.5_D25,129128,88,0.900
BL_W10_T1.5_D25,129667,86,0.820
BL_W10_T1.5_D25,130206,84,0.740
BL_W10_T1.5_D25,130794,82,0.660
BL_W10_T1.5_D25,131333,81,0.580
BL_W10_T1.5_D25,131823,79,0.500
BL_W10_T1.5_D25,132362,78,0.420
BL_W10_T1.5_D25,132901,76,0.340
BL_W10_T1.5_D25,133440,74,0.260
BL_W10_T1.5_D25,133930,73,0.126
BL_W10_T1.5_D25,134469,32,0.050
BL_W10_T1.5_D30,126482,97,1.200
BL_W10_T1.5_D30,127021,95,1.200
BL_W10_T1.5_D30,127560,93,1.140
BL_W10_T1.5_D30,128099,92,1.060
BL_W10_T1.5_D30,128638,90,0.980
BL_W10_T1.5_D30,129128,88,0.900
BL_W10_T1.5_D30,129667,86,0.820
BL_W10_T1.5_D30,130206,84,0.740
BL_W10_T1.5_D30,130794,82,0.660
BL_W10_T1.5_D30,131284,81,0.580
BL_W10_T1.5_D30,131823,79,0.500
BL_W10_T1.5_D30,132362,78,0.420
BL_W10_T1.5_D30,132901,76,0.340
BL_W10_T1.5_D30,133440,74,0.260
BL_W10_T1.5_D30,133930,73,0.126
BL_W10_T1.5_D30,134469,32,0.050
BL_W10_T1.7_D2,129128,88,0.820
BL_W10_T1.7_D2,129667,86,0.740
BL_W10_T1.7_D2,130206,84,0.660
BL_W10_T1.7_D2,130794,82,0.580
BL_W10_T1.7_D2,131333,81,0.500
BL_W10_T1.7_D2,131823,79,0.420
BL_W10_T1.7_D2,120797,118,0.340
BL_W10_T1.7_D2,132362,78,0.340
BL_W10_T1.7_D2,121547,117,0.260
BL_W10_T1.7_D2,132901,76,0.260
BL_W10_T1.7_D2,122297,112,0.126
BL_W10_T1.7_D2,124497,103,0.126
BL_W10_T1.7_D2,126531,97,0.126
BL_W10_T1.7_D2,133440,74,0.126
BL_W10_T1.7_D2,133979,73,0.050
BL_W10_T1.7_D2,116547,139,0.010
BL_W10_T1.7_D2,119647,123,0.010
BL_W10_T1.7_D2,122847,110,0.010
BL_W10_T1.7_D2,124997,102,0.010
BL_W10_T1.7_D2,127070,95,0.010
BL_W10_T1.7_D4,129128,88,0.820
BL_W10_T1.7_D4,129667,86,0.740
BL_W10_T1.7_D4,130206,84,0.660
BL_W10_T1.7_D4,130794,82,0.580
BL_W10_T1.7_D4,131333,81,0.500
BL_W10_T1.7_D4,131823,79,0.420
BL_W10_T1.7_D4,132362,78,0.340
BL_W10_T1.7_D4,132901,76,0.260
BL_W10_T1.7_D4,124497,103,0.126
BL_W10_T1.7_D4,126531,97,0.126
BL_W10_T1.7_D4,133440,74,0.126
BL_W10_T1.7_D4,133979,73,0.050
BL_W10_T1.7_D4,122797,110,0.010
BL_W10_T1.7_D4,124997,102,0.010
BL_W10_T1.7_D4,127070,95,0.010
BL_W10_T1.7_D4,128099,92,0.010
BL_W10_T1.7_D6,129128,88,0.820
BL_W10_T1.7_D6,129667,86,0.740
BL_W10_T1.7_D6,130206,84,0.660
BL_W10_T1.7_D6,130794,82,0.580
BL_W10_T1.7_D6,131333,81,0.500
BL_W10_T1.7_D6,131823,79,0.420
BL_W10_T1.7_D6,132362,78,0.340
BL_W10_T1.7_D6,132901,76,0.260
BL_W10_T1.7_D6,124497,103,0.126
BL_W10_T1.7_D6,126531,97,0.126
BL_W10_T1.7_D6,133440,74,0.126
BL_W10_T1.7_D6,133979,73,0.050
BL_W10_T1.7_D6,122847,110,0.010
BL_W10_T1.7_D6,124997,102,0.010
BL_W10_T1.7_D6,127070,95,0.010
BL_W10_T1.7_D6,128099,92,0.010
BL_W10_T1.7_D8,129128,88,0.820
BL_W10_T1.7_D8,129667,86,0.740
BL_W10_T1.7_D8,130206,84,0.660
BL_W10_T1.7_D8,130794,82,0.580
BL_W10_T1.7_D8,131333,81,0.500
BL_W10_T1.7_D8,131823,79,0.420
BL_W10_T1.7_D8,132362,78,0.340
BL_W10_T1.7_D8,132901,76,0.260
BL_W10_T1.7_D8,124497,103,0.126
BL_W10_T1.7_D8,126531,97,0.126
BL_W10_T1.7_D8,133440,74,0.126
BL_W10_T1.7_D8,133979,73,0.050
BL_W10_T1.7_D8,122847,110,0.010
BL_W10_T1.7_D8,124997,102,0.010
BL_W10_T1.7_D8,127070,95,0.010
BL_W10_T1.7_D8,128099,92,0.010
BL_W10_T1.7_D10,129128,88,0.820
BL_W10_T1.7_D10,129667,86,0.740
BL_W10_T1.7_D10,130206,84,0.660
BL_W10_T1.7_D10,130794,82,0.580
BL_W10_T1.7_D10,131333,81,0.500
BL_W10_T1.7_D10,131823,79,0.420
BL_W10_T1.7_D10,132362,78,0.340
BL_W10_T1.7_D10,132901,76,0.260
BL_W10_T1.7_D10,122897,110,0.126
BL_W10_T1.7_D10,124497,103,0.126
BL_W10_T1.7_D10,126531,97,0.126
BL_W10_T1.7_D10,133440,74,0.126
BL_W10_T1.7_D10,133979,73,0.050
BL_W10_T1.7_D10,123397,108,0.010
BL_W10_T1.7_D10,124997,102,0.010
BL_W10_T1.7_D10,127070,95,0.010
BL_W10_T1.7_D10,128099,92,0.010
BL_W10_T1.7_D15,129128,88,0.820
BL_W10_T1.7_D15,129667,86,0.740
BL_W10_T1.7_D15,130206,84,0.660
BL_W10_T1.7_D15,130794,82,0.580
BL_W10_T1.7_D15,131333,81,0.500
BL_W10_T1.7_D15,131823,79,0.420
BL_W10_T1.7_D15,132362,78,0.340
BL_W10_T1.7_D15,132901,76,0.260
BL_W10_T1.7_D15,124447,104,0.126
BL_W10_T1.7_D15,126531,97,0.126
BL_W10_T1.7_D15,133440,74,0.126
BL_W10_T1.7_D15,133979,73,0.050
BL_W10_T1.7_D15,123447,108,0.010
BL_W10_T1.7_D15,124947,102,0.010
BL_W10_T1.7_D15,127070,95,0.010
BL_W10_T1.7_D15,128099,92,0.010
BL_W10_T1.7_D20,129128,88,0.820
BL_W10_T1.7_D20,129667,86,0.740
BL_W10_T1.7_D20,130206,84,0.660
BL_W10_T1.7_D20,130794,82,0.580
BL_W10_T1.7_D20,131333,81,0.500
BL_W10_T1.7_D20,131823,79,0.420
BL_W10_T1.7_D20,132362,78,0.340
BL_W10_T1.7_D20,125992,99,0.260
BL_W10_T1.7_D20,132901,76,0.260
BL_W10_T1.7_D20,124497,103,0.126
BL_W10_T1.7_D20,126531,97,0.126
BL_W10_T1.7_D20,133440,74,0.126
BL_W10_T1.7_D20,133979,73,0.050
BL_W10_T1.7_D20,124997,102,0.010
BL_W10_T1.7_D20,127070,95,0.010
BL_W10_T1.7_D20,128099,92,0.010
BL_W10_T1.7_D25,128050,92,1.060
BL_W10_T1.7_D25,128638,90,0.980
BL_W10_T1.7_D25,129128,88,0.900
BL_W10_T1.7_D25,129667,86,0.820
BL_W10_T1.7_D25,130206,84,0.740
BL_W10_T1.7_D25,130794,82,0.660
BL_W10_T1.7_D25,131333,81,0.580
BL_W10_T1.7_D25,131823,79,0.500
BL_W10_T1.7_D25,132362,78,0.420
BL_W10_T1.7_D25,132901,76,0.340
BL_W10_T1.7_D25,125992,99,0.260
BL_W10_T1.7_D25,133440,74,0.260
BL_W10_T1.7_D25,126482,97,0.126
BL_W10_T1.7_D25,133979,73,0.126
BL_W10_T1.7_D25,134469,32,0.050
BL_W10_T1.7_D25,127070,95,0.010
BL_W10_T1.7_D30,126482,97,1.200
BL_W10_T1.7_D30,127021,95,1.200
BL_W10_T1.7_D30,127560,93,1.140
BL_W10_T1.7_D30,128099,92,1.060
BL_W10_T1.7_D30,128638,90,0.980
BL_W10_T1.7_D30,129128,88,0.900
BL_W10_T1.7_D30,129667,86,0.820
BL_W10_T1.7_D30,130206,84,0.740
BL_W10_T1.7_D30,130794,82,0.660
BL_W10_T1.7_D30,131284,81,0.580
BL_W10_T1.7_D30,131823,79,0.500
BL_W10_T1.7_D30,132362,78,0.420
BL_W10_T1.7_D30,132901,76,0.340
BL_W10_T1.7_D30,133440,74,0.260
BL_W10_T1.7_D30,133979,73,0.126
BL_W10_T1.7_D30,134469,32,0.050
BL_W10_T2.0_D2,120797,118,0.340
BL_W10_T2.0_D2,121547,117,0.260
BL_W10_T2.0_D2,122297,112,0.126
BL_W10_T2.0_D2,122847,110,0.050
BL_W10_T2.0_D2,116547,139,0.010
BL_W10_T2.0_D2,119647,123,0.010
BL_W10_T2.0_D4,122797,110,0.050
BL_W10_T2.0_D6,122847,110,0.050
BL_W10_T2.0_D8,122847,110,0.050
BL_W10_T2.0_D10,122897,110,0.126
BL_W10_T2.0_D10,123397,108,0.050
BL_W10_T2.0_D15,124447,104,0.126
BL_W10_T2.0_D15,124947,102,0.050
BL_W10_T2.0_D15,123447,108,0.010
BL_W10_T2.0_D20,124497,103,0.126
BL_W10_T2.0_D20,125992,99,0.050
BL_W10_T2.0_D20,124997,102,0.010
BL_W10_T2.0_D25,128050,92,0.260
BL_W10_T2.0_D25,125992,99,0.126
BL_W10_T2.0_D25,128638,90,0.126
BL_W10_T2.0_D25,134469,32,0.050
BL_W10_T2.0_D25,126482,97,0.010
BL_W10_T2.0_D25,129128,88,0.010
BL_W10_T2.0_D30,126482,97,0.580
BL_W10_T2.0_D30,127021,95,0.500
BL_W10_T2.0_D30,127560,93,0.420
BL_W10_T2.0_D30,128099,92,0.340
BL_W10_T2.0_D30,128638,90,0.260
BL_W10_T2.0_D30,129128,88,0.126
BL_W10_T2.0_D30,131284,81,0.126
BL_W10_T2.0_D30,134469,32,0.050
BL_W10_T2.0_D30,129667,86,0.010
BL_W10_T2.0_D30,131823,79,0.010
BL_W10_T2.2_D2,120797,118,0.340
BL_W10_T2.2_D2,121547,117,0.260
BL_W10_T2.2_D2,122297,112,0.126
BL_W10_T2.2_D2,122847,110,0.050
BL_W10_T2.2_D2,116547,139,0.010
BL_W10_T2.2_D2,119647,123,0.010
BL_W10_T2.2_D4,122797,110,0.050
BL_W10_T2.2_D6,122847,110,0.050
BL_W10_T2.2_D8,122847,110,0.050
BL_W10_T2.2_D10,122897,110,0.126
BL_W10_T2.2_D10,123397,108,0.050
BL_W10_T2.2_D15,124447,104,0.126
BL_W10_T2.2_D15,124947,102,0.050
BL_W10_T2.2_D15,123447,108,0.010
BL_W10_T2.2_D20,124497,103,0.126
BL_W10_T2.2_D20,125992,99,0.050
BL_W10_T2.2_D20,124997,102,0.010
BL_W10_T2.2_D25,128050,92,0.260
BL_W10_T2.2_D25,125992,99,0.126
BL_W10_T2.2_D25,128638,90,0.126
BL_W10_T2.2_D25,134469,32,0.050
BL_W10_T2.2_D25,126482,97,0.010
BL_W10_T2.2_D25,129128,88,0.010
BL_W10_T2.2_D30,126482,97,0.580
BL_W10_T2.2_D30,127021,95,0.500
BL_W10_T2.2_D30,127560,93,0.420
BL_W10_T2.2_D30,128099,92,0.340
BL_W10_T2.2_D30,128638,90,0.260
BL_W10_T2.2_D30,129128,88,0.126
BL_W10_T2.2_D30,131284,81,0.126
BL_W10_T2.2_D30,134469,32,0.050
BL_W10_T2.2_D30,129667,86,0.010
BL_W10_T2.2_D30,131823,79,0.010
BL_W10_T2.4_D2,120797,118,0.260
BL_W10_T2.4_D2,121547,117,0.126
BL_W10_T2.4_D2,122297,112,0.050
BL_W10_T2.4_D2,116547,139,0.010
BL_W10_T2.4_D2,119647,123,0.010
BL_W10_T2.4_D4,122797,110,0.050
BL_W10_T2.4_D6,122847,110,0.050
BL_W10_T2.4_D8,122847,110,0.050
BL_W10_T2.4_D10,122897,110,0.126
BL_W10_T2.4_D10,123397,108,0.050
BL_W10_T2.4_D15,124447,104,0.126
BL_W10_T2.4_D15,124947,102,0.050
BL_W10_T2.4_D15,123447,108,0.010
BL_W10_T2.4_D20,124497,103,0.126
BL_W10_T2.4_D20,125992,99,0.050
BL_W10_T2.4_D20,124997,102,0.010
BL_W10_T2.4_D25,128050,92,0.260
BL_W10_T2.4_D25,125992,99,0.126
BL_W10_T2.4_D25,128638,90,0.126
BL_W10_T2.4_D25,134469,32,0.050
BL_W10_T2.4_D25,126482,97,0.010
BL_W10_T2.4_D25,129128,88,0.010
BL_W10_T2.4_D30,126482,97,0.580
BL_W10_T2.4_D30,127021,95,0.500
BL_W10_T2.4_D30,127560,93,0.420
BL_W10_T2.4_D30,128099,92,0.340
BL_W10_T2.4_D30,128638,90,0.260
BL_W10_T2.4_D30,129128,88,0.126
BL_W10_T2.4_D30,131284,81,0.126
BL_W10_T2.4_D30,134469,32,0.050
BL_W10_T2.4_D30,129667,86,0.010
BL_W10_T2.4_D30,131823,79,0.010
BL_W10_T2.7_D2,120797,118,0.260
BL_W10_T2.7_D2,121547,117,0.126
BL_W10_T2.7_D2,122297,112,0.050
BL_W10_T2.7_D2,116547,139,0.010
BL_W10_T2.7_D2,119647,123,0.010
BL_W10_T2.7_D4,122797,110,0.050
BL_W10_T2.7_D6,122847,110,0.050
BL_W10_T2.7_D8,122847,110,0.050
BL_W10_T2.7_D10,122897,110,0.126
BL_W10_T2.7_D10,123397,108,0.050
BL_W10_T2.7_D15,124447,104,0.126
BL_W10_T2.7_D15,124947,102,0.050
BL_W10_T2.7_D15,123447,108,0.010
BL_W10_T2.7_D20,124497,103,0.126
BL_W10_T2.7_D20,125992,99,0.050
BL_W10_T2.7_D20,124997,102,0.010
BL_W10_T2.7_D25,128050,92,0.260
BL_W10_T2.7_D25,125992,99,0.126
BL_W10_T2.7_D25,128638,90,0.126
BL_W10_T2.7_D25,134469,32,0.050
BL_W10_T2.7_D25,126482,97,0.010
BL_W10_T2.7_D25,129128,88,0.010
BL_W10_T2.7_D30,126482,97,0.580
BL_W10_T2.7_D30,127021,95,0.500
BL_W10_T2.7_D30,127560,93,0.420
BL_W10_T2.7_D30,128099,92,0.340
BL_W10_T2.7_D30,128638,90,0.260
BL_W10_T2.7_D30,129128,88,0.126
BL_W10_T2.7_D30,131284,81,0.126
BL_W10_T2.7_D30,134469,32,0.050
BL_W10_T2.7_D30,129667,86,0.010
BL_W10_T2.7_D30,131823,79,0.010
BL_W10_T3.0_D2,120797,118,0.260
BL_W10_T3.0_D2,121547,117,0.126
BL_W10_T3.0_D2,122297,112,0.050
BL_W10_T3.0_D2,116547,139,0.010
BL_W10_T3.0_D2,119647,123,0.010
BL_W10_T3.0_D4,122797,110,0.050
BL_W10_T3.0_D6,122847,110,0.050
BL_W10_T3.0_D8,122847,110,0.050
BL_W10_T3.0_D10,122897,110,0.126
BL_W10_T3.0_D10,123397,108,0.050
BL_W10_T3.0_D15,124447,104,0.126
BL_W10_T3.0_D15,124947,102,0.050
BL_W10_T3.0_D15,123447,108,0.010
BL_W10_T3.0_D20,124497,103,0.126
BL_W10_T3.0_D20,125992,99,0.050
BL_W10_T3.0_D20,124997,102,0.010
BL_W10_T3.0_D25,128050,92,0.260
BL_W10_T3.0_D25,125992,99,0.126
BL_W10_T3.0_D25,128638,90,0.126
BL_W10_T3.0_D25,134469,32,0.050
BL_W10_T3.0_D25,126482,97,0.010
BL_W10_T3.0_D25,129128,88,0.010
BL_W10_T3.0_D30,126482,97,0.580
BL_W10_T3.0_D30,127021,95,0.500
BL_W10_T3.0_D30,127560,93,0.420
BL_W10_T3.0_D30,128099,92,0.340
BL_W10_T3.0_D30,128638,90,0.260
BL_W10_T3.0_D30,129128,88,0.126
BL_W10_T3.0_D30,131284,81,0.126
BL_W10_T3.0_D30,134469,32,0.050
BL_W10_T3.0_D30,129667,86,0.010
BL_W10_T3.0_D30,131823,79,0.010
BL_W20_T1.2_D2,125992,99,1.200
BL_W20_T1.2_D2,126482,97,1.200
BL_W20_T1.2_D2,127021,95,1.200
BL_W20_T1.2_D2,127560,93,1.140
BL_W20_T1.2_D2,128050,92,1.060
BL_W20_T1.2_D2,128638,90,0.980
BL_W20_T1.2_D2,129128,88,0.900
BL_W20_T1.2_D2,129667,86,0.820
BL_W20_T1.2_D2,130206,84,0.740
BL_W20_T1.2_D2,130745,82,0.660
BL_W20_T1.2_D2,131284,81,0.580
BL_W20_T1.2_D2,131823,79,0.500
BL_W20_T1.2_D2,132362,78,0.420
BL_W20_T1.2_D2,132852,76,0.340
BL_W20_T1.2_D2,122297,112,0.260
BL_W20_T1.2_D2,133440,74,0.260
BL_W20_T1.2_D2,120797,118,0.126
BL_W20_T1.2_D2,122797,110,0.126
BL_W20_T1.2_D2,124497,103,0.126
BL_W20_T1.2_D2,133930,73,0.126
BL_W20_T1.2_D4,125992,99,1.200
BL_W20_T1.2_D4,126482,97,1.200
BL_W20_T1.2_D4,127021,95,1.200
BL_W20_T1.2_D4,127560,93,1.140
BL_W20_T1.2_D4,128050,92,1.060
BL_W20_T1.2_D4,128638,90,0.980
BL_W20_T1.2_D4,129128,88,0.900
BL_W20_T1.2_D4,129667,86,0.820
BL_W20_T1.2_D4,130206,84,0.740
BL_W20_T1.2_D4,130745,82,0.660
BL_W20_T1.2_D4,131284,81,0.580
BL_W20_T1.2_D4,131823,79,0.500
BL_W20_T1.2_D4,132362,78,0.420
BL_W20_T1.2_D4,132852,76,0.340
BL_W20_T1.2_D4,133440,74,0.260
BL_W20_T1.2_D4,122797,110,0.126
BL_W20_T1.2_D4,124497,103,0.126
BL_W20_T1.2_D4,133930,73,0.126
BL_W20_T1.2_D4,134469,32,0.050
BL_W20_T1.2_D4,123397,108,0.010
BL_W20_T1.2_D6,125992,99,1.200
BL_W20_T1.2_D6,126482,97,1.200
BL_W20_T1.2_D6,127021,95,1.200
BL_W20_T1.2_D6,127560,93,1.140
BL_W20_T1.2_D6,128050,92,1.060
BL_W20_T1.2_D6,128638,90,0.980
BL_W20_T1.2_D6,129128,88,0.900
BL_W20_T1.2_D6,129667,86,0.820
BL_W20_T1.2_D6,130206,84,0.740
BL_W20_T1.2_D6,130745,82,0.660
BL_W20_T1.2_D6,131284,81,0.580
BL_W20_T1.2_D6,131823,79,0.500
BL_W20_T1.2_D6,132362,78,0.420
BL_W20_T1.2_D6,132852,76,0.340
BL_W20_T1.2_D6,133440,74,0.260
BL_W20_T1.2_D6,122847,110,0.126
BL_W20_T1.2_D6,124497,103,0.126
BL_W20_T1.2_D6,133930,73,0.126
BL_W20_T1.2_D6,134469,32,0.050
BL_W20_T1.2_D6,123397,108,0.010
BL_W20_T1.2_D8,125992,99,1.200
BL_W20_T1.2_D8,126482,97,1.200
BL_W20_T1.2_D8,127021,95,1.200
BL_W20_T1.2_D8,127560,93,1.140
BL_W20_T1.2_D8,128050,92,1.060
BL_W20_T1.2_D8,128638,90,0.980
BL_W20_T1.2_D8,129128,88,0.900
BL_W20_T1.2_D8,129667,86,0.820
BL_W20_T1.2_D8,130206,84,0.740
BL_W20_T1.2_D8,130745,82,0.660
BL_W20_T1.2_D8,131284,81,0.580
BL_W20_T1.2_D8,131823,79,0.500
BL_W20_T1.2_D8,132362,78,0.420
BL_W20_T1.2_D8,132852,76,0.340
BL_W20_T1.2_D8,133440,74,0.260
BL_W20_T1.2_D8,122847,110,0.126
BL_W20_T1.2_D8,124497,103,0.126
BL_W20_T1.2_D8,133930,73,0.126
BL_W20_T1.2_D8,134469,32,0.050
BL_W20_T1.2_D8,123397,108,0.010
BL_W20_T1.2_D10,125992,99,1.200
BL_W20_T1.2_D10,126482,97,1.200
BL_W20_T1.2_D10,127021,95,1.200
BL_W20_T1.2_D10,127560,93,1.140
BL_W20_T1.2_D10,128050,92,1.060
BL_W20_T1.2_D10,128638,90,0.980
BL_W20_T1.2_D10,129128,88,0.900
BL_W20_T1.2_D10,129667,86,0.820
BL_W20_T1.2_D10,130206,84,0.740
BL_W20_T1.2_D10,130745,82,0.660
BL_W20_T1.2_D10,131284,81,0.580
BL_W20_T1.2_D10,131823,79,0.500
BL_W20_T1.2_D10,132362,78,0.420
BL_W20_T1.2_D10,132852,76,0.340
BL_W20_T1.2_D10,133440,74,0.260
BL_W20_T1.2_D10,122847,110,0.126
BL_W20_T1.2_D10,124497,103,0.126
BL_W20_T1.2_D10,133930,73,0.126
BL_W20_T1.2_D10,134469,32,0.050
BL_W20_T1.2_D10,123397,108,0.010
BL_W20_T1.2_D15,125992,99,1.200
BL_W20_T1.2_D15,126482,97,1.200
BL_W20_T1.2_D15,127021,95,1.200
BL_W20_T1.2_D15,127560,93,1.140
BL_W20_T1.2_D15,128050,92,1.060
BL_W20_T1.2_D15,128638,90,0.980
BL_W20_T1.2_D15,129128,88,0.900
BL_W20_T1.2_D15,129667,86,0.820
BL_W20_T1.2_D15,130206,84,0.740
BL_W20_T1.2_D15,130745,82,0.660
BL_W20_T1.2_D15,131284,81,0.580
BL_W20_T1.2_D15,131823,79,0.500
BL_W20_T1.2_D15,132362,78,0.420
BL_W20_T1.2_D15,132852,76,0.340
BL_W20_T1.2_D15,133440,74,0.260
BL_W20_T1.2_D15,124497,103,0.126
BL_W20_T1.2_D15,133930,73,0.126
BL_W20_T1.2_D15,134469,32,0.050
BL_W20_T1.2_D15,123447,108,0.010
BL_W20_T1.2_D15,124947,102,0.010
BL_W20_T1.2_D20,125992,99,1.200
BL_W20_T1.2_D20,126482,97,1.200
BL_W20_T1.2_D20,127021,95,1.200
BL_W20_T1.2_D20,127560,93,1.140
BL_W20_T1.2_D20,128050,92,1.060
BL_W20_T1.2_D20,128638,90,0.980
BL_W20_T1.2_D20,129128,88,0.900
BL_W20_T1.2_D20,129667,86,0.820
BL_W20_T1.2_D20,130206,84,0.740
BL_W20_T1.2_D20,130745,82,0.660
BL_W20_T1.2_D20,131284,81,0.580
BL_W20_T1.2_D20,131823,79,0.500
BL_W20_T1.2_D20,132362,78,0.420
BL_W20_T1.2_D20,132852,76,0.340
BL_W20_T1.2_D20,133440,74,0.260
BL_W20_T1.2_D20,133930,73,0.126
BL_W20_T1.2_D20,134469,32,0.050
BL_W20_T1.2_D20,124947,102,0.010
BL_W20_T1.2_D25,126482,97,1.200
BL_W20_T1.2_D25,127021,95,1.200
BL_W20_T1.2_D25,127560,93,1.140
BL_W20_T1.2_D25,128050,92,1.060
BL_W20_T1.2_D25,128589,90,0.980
BL_W20_T1.2_D25,129128,88,0.900
BL_W20_T1.2_D25,129667,86,0.820
BL_W20_T1.2_D25,130206,84,0.740
BL_W20_T1.2_D25,130745,82,0.660
BL_W20_T1.2_D25,131284,81,0.580
BL_W20_T1.2_D25,131823,79,0.500
BL_W20_T1.2_D25,132362,78,0.420
BL_W20_T1.2_D25,132852,76,0.340
BL_W20_T1.2_D25,133440,74,0.260
BL_W20_T1.2_D25,133930,73,0.126
BL_W20_T1.2_D25,134469,32,0.050
BL_W20_T1.2_D25,124997,102,0.010
BL_W20_T1.2_D30,126482,97,1.200
BL_W20_T1.2_D30,127021,95,1.200
BL_W20_T1.2_D30,127560,93,1.140
BL_W20_T1.2_D30,128050,92,1.060
BL_W20_T1.2_D30,128638,90,0.980
BL_W20_T1.2_D30,129128,88,0.900
BL_W20_T1.2_D30,129667,86,0.820
BL_W20_T1.2_D30,130206,84,0.740
BL_W20_T1.2_D30,130745,82,0.660
BL_W20_T1.2_D30,131284,81,0.580
BL_W20_T1.2_D30,131823,79,0.500
BL_W20_T1.2_D30,132362,78,0.420
BL_W20_T1.2_D30,132852,76,0.340
BL_W20_T1.2_D30,133440,74,0.260
BL_W20_T1.2_D30,133930,73,0.126
BL_W20_T1.2_D30,134469,32,0.050
BL_W20_T1.5_D2,129128,88,0.820
BL_W20_T1.5_D2,129667,86,0.740
BL_W20_T1.5_D2,130206,84,0.660
BL_W20_T1.5_D2,130794,82,0.580
BL_W20_T1.5_D2,131333,81,0.500
BL_W20_T1.5_D2,131823,79,0.420
BL_W20_T1.5_D2,132362,78,0.340
BL_W20_T1.5_D2,122297,112,0.260
BL_W20_T1.5_D2,132901,76,0.260
BL_W20_T1.5_D2,120797,118,0.126
BL_W20_T1.5_D2,122797,110,0.126
BL_W20_T1.5_D2,124497,103,0.126
BL_W20_T1.5_D2,126482,97,0.126
BL_W20_T1.5_D2,133440,74,0.126
BL_W20_T1.5_D2,133979,73,0.050
BL_W20_T1.5_D2,116547,139,0.010
BL_W20_T1.5_D2,118147,130,0.010
BL_W20_T1.5_D2,121447,116,0.010
BL_W20_T1.5_D2,123397,108,0.010
BL_W20_T1.5_D2,124947,102,0.010
BL_W20_T1.5_D4,129128,88,0.820
BL_W20_T1.5_D4,129667,86,0.740
BL_W20_T1.5_D4,130206,84,0.660
BL_W20_T1.5_D4,130794,82,0.580
BL_W20_T1.5_D4,131333,81,0.500
BL_W20_T1.5_D4,131823,79,0.420
BL_W20_T1.5_D4,132362,78,0.340
BL_W20_T1.5_D4,132901,76,0.260
BL_W20_T1.5_D4,122797,110,0.126
BL_W20_T1.5_D4,124497,103,0.126
BL_W20_T1.5_D4,126482,97,0.126
BL_W20_T1.5_D4,133440,74,0.126
BL_W20_T1.5_D4,133979,73,0.050
BL_W20_T1.5_D4,123397,108,0.010
BL_W20_T1.5_D4,124947,102,0.010
BL_W20_T1.5_D4,127021,95,0.010
BL_W20_T1.5_D4,128099,92,0.010
BL_W20_T1.5_D6,129128,88,0.820
BL_W20_T1.5_D6,129667,86,0.740
BL_W20_T1.5_D6,130206,84,0.660
BL_W20_T1.5_D6,130794,82,0.580
BL_W20_T1.5_D6,131333,81,0.500
BL_W20_T1.5_D6,131823,79,0.420
BL_W20_T1.5_D6,132362,78,0.340
BL_W20_T1.5_D6,132901,76,0.260
BL_W20_T1.5_D6,122847,110,0.126
BL_W20_T1.5_D6,124497,103,0.126
BL_W20_T1.5_D6,126482,97,0.126
BL_W20_T1.5_D6,133440,74,0.126
BL_W20_T1.5_D6,133979,73,0.050
BL_W20_T1.5_D6,123397,108,0.010
BL_W20_T1.5_D6,124947,102,0.010
BL_W20_T1.5_D6,127021,95,0.010
BL_W20_T1.5_D6,128099,92,0.010
BL_W20_T1.5_D8,129128,88,0.820
BL_W20_T1.5_D8,129667,86,0.740
BL_W20_T1.5_D8,130206,84,0.660
BL_W20_T1.5_D8,130794,82,0.580
BL_W20_T1.5_D8,131333,81,0.500
BL_W20_T1.5_D8,131823,79,0.420
BL_W20_T1.5_D8,132362,78,0.340
BL_W20_T1.5_D8,132901,76,0.260
BL_W20_T1.5_D8,122847,110,0.126
BL_W20_T1.5_D8,124497,103,0.126
BL_W20_T1.5_D8,126482,97,0.126
BL_W20_T1.5_D8,133440,74,0.126
BL_W20_T1.5_D8,133979,73,0.050
BL_W20_T1.5_D8,123397,108,0.010
BL_W20_T1.5_D8,124947,102,0.010
BL_W20_T1.5_D8,127021,95,0.010
BL_W20_T1.5_D8,128099,92,0.010
BL_W20_T1.5_D10,129128,88,0.820
BL_W20_T1.5_D10,129667,86,0.740
BL_W20_T1.5_D10,130206,84,0.660
BL_W20_T1.5_D10,130794,82,0.580
BL_W20_T1.5_D10,131333,81,0.500
BL_W20_T1.5_D10,131823,79,0.420
BL_W20_T1.5_D10,132362,78,0.340
BL_W20_T1.5_D10,132901,76,0.260
BL_W20_T1.5_D10,122847,110,0.126
BL_W20_T1.5_D10,124497,103,0.126
BL_W20_T1.5_D10,126482,97,0.126
BL_W20_T1.5_D10,133440,74,0.126
BL_W20_T1.5_D10,133979,73,0.050
BL_W20_T1.5_D10,123397,108,0.010
BL_W20_T1.5_D10,124947,102,0.010
BL_W20_T1.5_D10,127021,95,0.010
BL_W20_T1.5_D10,128099,92,0.010
BL_W20_T1.5_D15,129128,88,0.820
BL_W20_T1.5_D15,129667,86,0.740
BL_W20_T1.5_D15,130206,84,0.660
BL_W20_T1.5_D15,130794,82,0.580
BL_W20_T1.5_D15,131333,81,0.500
BL_W20_T1.5_D15,131823,79,0.420
BL_W20_T1.5_D15,132362,78,0.340
BL_W20_T1.5_D15,125992,99,0.260
BL_W20_T1.5_D15,132901,76,0.260
BL_W20_T1.5_D15,124497,103,0.126
BL_W20_T1.5_D15,126482,97,0.126
BL_W20_T1.5_D15,133440,74,0.126
BL_W20_T1.5_D15,133979,73,0.050
BL_W20_T1.5_D15,123447,108,0.010
BL_W20_T1.5_D15,124947,102,0.010
BL_W20_T1.5_D15,127021,95,0.010
BL_W20_T1.5_D15,128099,92,0.010
BL_W20_T1.5_D20,129128,88,0.820
BL_W20_T1.5_D20,129667,86,0.740
BL_W20_T1.5_D20,130206,84,0.660
BL_W20_T1.5_D20,130794,82,0.580
BL_W20_T1.5_D20,131333,81,0.500
BL_W20_T1.5_D20,131823,79,0.420
BL_W20_T1.5_D20,132362,78,0.340
BL_W20_T1.5_D20,125992,99,0.260
BL_W20_T1.5_D20,132901,76,0.260
BL_W20_T1.5_D20,126482,97,0.126
BL_W20_T1.5_D20,133440,74,0.126
BL_W20_T1.5_D20,133979,73,0.050
BL_W20_T1.5_D20,124947,102,0.010
BL_W20_T1.5_D20,127021,95,0.010
BL_W20_T1.5_D20,128099,92,0.010
BL_W20_T1.5_D25,128099,92,0.980
BL_W20_T1.5_D25,128589,90,0.900
BL_W20_T1.5_D25,129128,88,0.820
BL_W20_T1.5_D25,129667,86,0.740
BL_W20_T1.5_D25,130206,84,0.660
BL_W20_T1.5_D25,130794,82,0.580
BL_W20_T1.5_D25,131333,81,0.500
BL_W20_T1.5_D25,131823,79,0.420
BL_W20_T1.5_D25,132362,78,0.340
BL_W20_T1.5_D25,132901,76,0.260
BL_W20_T1.5_D25,126482,97,0.126
BL_W20_T1.5_D25,133440,74,0.126
BL_W20_T1.5_D25,133979,73,0.050
BL_W20_T1.5_D25,124997,102,0.010
BL_W20_T1.5_D25,127021,95,0.010
BL_W20_T1.5_D30,126482,97,1.200
BL_W20_T1.5_D30,127021,95,1.200
BL_W20_T1.5_D30,127560,93,1.140
BL_W20_T1.5_D30,128050,92,1.060
BL_W20_T1.5_D30,128638,90,0.980
BL_W20_T1.5_D30,129128,88,0.900
BL_W20_T1.5_D30,129667,86,0.820
BL_W20_T1.5_D30,130206,84,0.740
BL_W20_T1.5_D30,130794,82,0.660
BL_W20_T1.5_D30,131333,81,0.580
BL_W20_T1.5_D30,131823,79,0.500
BL_W20_T1.5_D30,132362,78,0.420
BL_W20_T1.5_D30,132901,76,0.340
BL_W20_T1.5_D30,133440,74,0.260
BL_W20_T1.5_D30,133979,73,0.126
BL_W20_T1.5_D30,134469,32,0.050
BL_W20_T1.7_D2,122297,112,0.260
BL_W20_T1.7_D2,120797,118,0.126
BL_W20_T1.7_D2,122797,110,0.126
BL_W20_T1.7_D2,124547,103,0.126
BL_W20_T1.7_D2,126531,97,0.126
BL_W20_T1.7_D2,129667,86,0.126
BL_W20_T1.7_D2,132901,76,0.050
BL_W20_T1.7_D2,116547,139,0.010
BL_W20_T1.7_D2,118147,130,0.010
BL_W20_T1.7_D2,121447,116,0.010
BL_W20_T1.7_D2,123447,108,0.010
BL_W20_T1.7_D2,124947,102,0.010
BL_W20_T1.7_D2,127021,95,0.010
BL_W20_T1.7_D2,128099,92,0.010
BL_W20_T1.7_D2,130206,84,0.010
BL_W20_T1.7_D2,131823,79,0.010
BL_W20_T1.7_D4,122797,110,0.126
BL_W20_T1.7_D4,124547,103,0.126
BL_W20_T1.7_D4,126531,97,0.126
BL_W20_T1.7_D4,129667,86,0.126
BL_W20_T1.7_D4,132901,76,0.050
BL_W20_T1.7_D4,123447,108,0.010
BL_W20_T1.7_D4,124947,102,0.010
BL_W20_T1.7_D4,127021,95,0.010
BL_W20_T1.7_D4,128099,92,0.010
BL_W20_T1.7_D4,130206,84,0.010
BL_W20_T1.7_D4,131823,79,0.010
BL_W20_T1.7_D6,122847,110,0.126
BL_W20_T1.7_D6,124547,103,0.126
BL_W20_T1.7_D6,126531,97,0.126
BL_W20_T1.7_D6,129667,86,0.126
BL_W20_T1.7_D6,132901,76,0.050
BL_W20_T1.7_D6,123447,108,0.010
BL_W20_T1.7_D6,124947,102,0.010
BL_W20_T1.7_D6,127021,95,0.010
BL_W20_T1.7_D6,128099,92,0.010
BL_W20_T1.7_D6,130206,84,0.010
BL_W20_T1.7_D6,131823,79,0.010
BL_W20_T1.7_D8,122847,110,0.126
BL_W20_T1.7_D8,124547,103,0.126
BL_W20_T1.7_D8,126531,97,0.126
BL_W20_T1.7_D8,129667,86,0.126
BL_W20_T1.7_D8,132901,76,0.050
BL_W20_T1.7_D8,123397,108,0.010
BL_W20_T1.7_D8,124947,102,0.010
BL_W20_T1.7_D8,127021,95,0.010
BL_W20_T1.7_D8,128099,92,0.010
BL_W20_T1.7_D8,130206,84,0.010
BL_W20_T1.7_D8,131823,79,0.010
BL_W20_T1.7_D10,122847,110,0.126
BL_W20_T1.7_D10,124547,103,0.126
BL_W20_T1.7_D10,126531,97,0.126
BL_W20_T1.7_D10,129667,86,0.126
BL_W20_T1.7_D10,132901,76,0.050
BL_W20_T1.7_D10,123397,108,0.010
BL_W20_T1.7_D10,124947,102,0.010
BL_W20_T1.7_D10,127021,95,0.010
BL_W20_T1.7_D10,128099,92,0.010
BL_W20_T1.7_D10,130206,84,0.010
BL_W20_T1.7_D10,131823,79,0.010
BL_W20_T1.7_D15,125992,99,0.260
BL_W20_T1.7_D15,124497,103,0.126
BL_W20_T1.7_D15,126531,97,0.126
BL_W20_T1.7_D15,129667,86,0.126
BL_W20_T1.7_D15,132901,76,0.050
BL_W20_T1.7_D15,123447,108,0.010
BL_W20_T1.7_D15,124947,102,0.010
BL_W20_T1.7_D15,127021,95,0.010
BL_W20_T1.7_D15,128099,92,0.010
BL_W20_T1.7_D15,130206,84,0.010
BL_W20_T1.7_D15,131823,79,0.010
BL_W20_T1.7_D20,125992,99,0.260
BL_W20_T1.7_D20,126482,97,0.126
BL_W20_T1.7_D20,129667,86,0.126
BL_W20_T1.7_D20,132901,76,0.050
BL_W20_T1.7_D20,124947,102,0.010
BL_W20_T1.7_D20,127021,95,0.010
BL_W20_T1.7_D20,128099,92,0.010
BL_W20_T1.7_D20,130206,84,0.010
BL_W20_T1.7_D20,131823,79,0.010
BL_W20_T1.7_D25,128099,92,0.420
BL_W20_T1.7_D25,128589,90,0.340
BL_W20_T1.7_D25,129128,88,0.260
BL_W20_T1.7_D25,126482,97,0.126
BL_W20_T1.7_D25,129667,86,0.126
BL_W20_T1.7_D25,132901,76,0.050
BL_W20_T1.7_D25,124997,102,0.010
BL_W20_T1.7_D25,127021,95,0.010
BL_W20_T1.7_D25,130206,84,0.010
BL_W20_T1.7_D25,131823,79,0.010
BL_W20_T1.7_D30,126482,97,0.660
BL_W20_T1.7_D30,127021,95,0.580
BL_W20_T1.7_D30,127560,93,0.500
BL_W20_T1.7_D30,128050,92,0.420
BL_W20_T1.7_D30,128638,90,0.340
BL_W20_T1.7_D30,129128,88,0.260
BL_W20_T1.7_D30,129667,86,0.126
BL_W20_T1.7_D30,134469,32,0.050
BL_W20_T1.7_D30,130206,84,0.010
BL_W20_T1.7_D30,131823,79,0.010
BL_W20_T1.7_D30,132901,76,0.010
BL_W20_T2.0_D2,120797,118,0.126
BL_W20_T2.0_D2,122297,112,0.126
BL_W20_T2.0_D2,131872,79,0.050
BL_W20_T2.0_D2,116547,139,0.010
BL_W20_T2.0_D2,118147,130,0.010
BL_W20_T2.0_D2,121447,116,0.010
BL_W20_T2.0_D2,122797,110,0.010
BL_W20_T2.0_D2,124997,102,0.010
BL_W20_T2.0_D4,131872,79,0.050
BL_W20_T2.0_D4,122797,110,0.010
BL_W20_T2.0_D4,124997,102,0.010
BL_W20_T2.0_D6,131872,79,0.050
BL_W20_T2.0_D6,122847,110,0.010
BL_W20_T2.0_D6,124997,102,0.010
BL_W20_T2.0_D8,122847,110,0.126
BL_W20_T2.0_D8,131872,79,0.050
BL_W20_T2.0_D8,123397,108,0.010
BL_W20_T2.0_D8,124997,102,0.010
BL_W20_T2.0_D10,122847,110,0.126
BL_W20_T2.0_D10,131872,79,0.050
BL_W20_T2.0_D10,123397,108,0.010
BL_W20_T2.0_D10,124997,102,0.010
BL_W20_T2.0_D15,124497,103,0.126
BL_W20_T2.0_D15,131872,79,0.050
BL_W20_T2.0_D15,123447,108,0.010
BL_W20_T2.0_D15,124947,102,0.010
BL_W20_T2.0_D15,125992,99,0.010
BL_W20_T2.0_D20,125992,99,0.126
BL_W20_T2.0_D20,131872,79,0.050
BL_W20_T2.0_D20,124947,102,0.010
BL_W20_T2.0_D20,126482,97,0.010
BL_W20_T2.0_D25,126482,97,0.126
BL_W20_T2.0_D25,128589,90,0.126
BL_W20_T2.0_D25,131872,79,0.050
BL_W20_T2.0_D25,124997,102,0.010
BL_W20_T2.0_D25,127021,95,0.010
BL_W20_T2.0_D25,129128,88,0.010
BL_W20_T2.0_D30,126482,97,0.580
BL_W20_T2.0_D30,127021,95,0.500
BL_W20_T2.0_D30,127560,93,0.420
BL_W20_T2.0_D30,128050,92,0.340
BL_W20_T2.0_D30,128638,90,0.260
BL_W20_T2.0_D30,129128,88,0.126
BL_W20_T2.0_D30,134469,32,0.050
BL_W20_T2.0_D30,129667,86,0.010
BL_W20_T2.0_D30,131823,79,0.010
BL_W20_T2.2_D2,120797,118,0.126
BL_W20_T2.2_D2,122297,112,0.126
BL_W20_T2.2_D2,122797,110,0.050
BL_W20_T2.2_D2,116547,139,0.010
BL_W20_T2.2_D2,118147,130,0.010
BL_W20_T2.2_D2,121447,116,0.010
BL_W20_T2.2_D4,122797,110,0.050
BL_W20_T2.2_D6,122847,110,0.050
BL_W20_T2.2_D8,122847,110,0.126
BL_W20_T2.2_D8,123397,108,0.050
BL_W20_T2.2_D10,122847,110,0.126
BL_W20_T2.2_D10,123397,108,0.050
BL_W20_T2.2_D15,124497,103,0.126
BL_W20_T2.2_D15,125992,99,0.050
BL_W20_T2.2_D15,123447,108,0.010
BL_W20_T2.2_D15,124947,102,0.010
BL_W20_T2.2_D20,125992,99,0.126
BL_W20_T2.2_D20,126482,97,0.050
BL_W20_T2.2_D20,124947,102,0.010
BL_W20_T2.2_D25,126482,97,0.126
BL_W20_T2.2_D25,128589,90,0.126
BL_W20_T2.2_D25,129128,88,0.050
BL_W20_T2.2_D25,124997,102,0.010
BL_W20_T2.2_D25,127021,95,0.010
BL_W20_T2.2_D30,126482,97,0.580
BL_W20_T2.2_D30,127021,95,0.500
BL_W20_T2.2_D30,127560,93,0.420
BL_W20_T2.2_D30,128050,92,0.340
BL_W20_T2.2_D30,128638,90,0.260
BL_W20_T2.2_D30,129128,88,0.126
BL_W20_T2.2_D30,134469,32,0.050
BL_W20_T2.2_D30,129667,86,0.010
BL_W20_T2.2_D30,131823,79,0.010
BL_W20_T2.4_D2,120797,118,0.126
BL_W20_T2.4_D2,122297,112,0.126
BL_W20_T2.4_D2,122847,110,0.050
BL_W20_T2.4_D2,116547,139,0.010
BL_W20_T2.4_D2,118147,130,0.010
BL_W20_T2.4_D2,121447,116,0.010
BL_W20_T2.4_D4,122797,110,0.050
BL_W20_T2.4_D6,122847,110,0.050
BL_W20_T2.4_D8,122847,110,0.126
BL_W20_T2.4_D8,123397,108,0.050
BL_W20_T2.4_D10,122847,110,0.126
BL_W20_T2.4_D10,123397,108,0.050
BL_W20_T2.4_D15,124497,103,0.126
BL_W20_T2.4_D15,125992,99,0.050
BL_W20_T2.4_D15,123447,108,0.010
BL_W20_T2.4_D15,124947,102,0.010
BL_W20_T2.4_D20,125992,99,0.126
BL_W20_T2.4_D20,126482,97,0.050
BL_W20_T2.4_D20,124947,102,0.010
BL_W20_T2.4_D25,126482,97,0.126
BL_W20_T2.4_D25,128589,90,0.126
BL_W20_T2.4_D25,129128,88,0.050
BL_W20_T2.4_D25,124997,102,0.010
BL_W20_T2.4_D25,127021,95,0.010
BL_W20_T2.4_D30,126482,97,0.580
BL_W20_T2.4_D30,127021,95,0.500
BL_W20_T2.4_D30,127560,93,0.420
BL_W20_T2.4_D30,128050,92,0.340
BL_W20_T2.4_D30,128638,90,0.260
BL_W20_T2.4_D30,129128,88,0.126
BL_W20_T2.4_D30,134469,32,0.050
BL_W20_T2.4_D30,129667,86,0.010
BL_W20_T2.4_D30,131823,79,0.010
BL_W20_T2.7_D2,120797,118,0.126
BL_W20_T2.7_D2,122297,112,0.126
BL_W20_T2.7_D2,122847,110,0.050
BL_W20_T2.7_D2,116547,139,0.010
BL_W20_T2.7_D2,118147,130,0.010
BL_W20_T2.7_D2,121447,116,0.010
BL_W20_T2.7_D4,122797,110,0.050
BL_W20_T2.7_D6,122847,110,0.050
BL_W20_T2.7_D8,122847,110,0.126
BL_W20_T2.7_D8,123397,108,0.050
BL_W20_T2.7_D10,122847,110,0.126
BL_W20_T2.7_D10,123397,108,0.050
BL_W20_T2.7_D15,124497,103,0.126
BL_W20_T2.7_D15,125992,99,0.050
BL_W20_T2.7_D15,123447,108,0.010
BL_W20_T2.7_D15,124947,102,0.010
BL_W20_T2.7_D20,125992,99,0.126
BL_W20_T2.7_D20,126482,97,0.050
BL_W20_T2.7_D20,124947,102,0.010
BL_W20_T2.7_D25,126482,97,0.126
BL_W20_T2.7_D25,128589,90,0.126
BL_W20_T2.7_D25,129128,88,0.050
BL_W20_T2.7_D25,124997,102,0.010
BL_W20_T2.7_D25,127021,95,0.010
BL_W20_T2.7_D30,126482,97,0.580
BL_W20_T2.7_D30,127021,95,0.500
BL_W20_T2.7_D30,127560,93,0.420
BL_W20_T2.7_D30,128050,92,0.340
BL_W20_T2.7_D30,128638,90,0.260
BL_W20_T2.7_D30,129128,88,0.126
BL_W20_T2.7_D30,134469,32,0.050
BL_W20_T2.7_D30,129667,86,0.010
BL_W20_T2.7_D30,131823,79,0.010
BL_W20_T3.0_D2,120797,118,0.126
BL_W20_T3.0_D2,122297,112,0.126
BL_W20_T3.0_D2,122847,110,0.050
BL_W20_T3.0_D2,116547,139,0.010
BL_W20_T3.0_D2,118147,130,0.010
BL_W20_T3.0_D2,121447,116,0.010
BL_W20_T3.0_D4,122797,110,0.050
BL_W20_T3.0_D6,122847,110,0.050
BL_W20_T3.0_D8,122847,110,0.126
BL_W20_T3.0_D8,123397,108,0.050
BL_W20_T3.0_D10,122847,110,0.126
BL_W20_T3.0_D10,123397,108,0.050
BL_W20_T3.0_D15,124497,103,0.126
BL_W20_T3.0_D15,125992,99,0.050
BL_W20_T3.0_D15,123447,108,0.010
BL_W20_T3.0_D15,124947,102,0.010
BL_W20_T3.0_D20,125992,99,0.126
BL_W20_T3.0_D20,126482,97,0.050
BL_W20_T3.0_D20,124947,102,0.010
BL_W20_T3.0_D25,126482,97,0.126
BL_W20_T3.0_D25,128589,90,0.126
BL_W20_T3.0_D25,129128,88,0.050
BL_W20_T3.0_D25,124997,102,0.010
BL_W20_T3.0_D25,127021,95,0.010
BL_W20_T3.0_D30,126482,97,0.580
BL_W20_T3.0_D30,127021,95,0.500
BL_W20_T3.0_D30,127560,93,0.420
BL_W20_T3.0_D30,128050,92,0.340
BL_W20_T3.0_D30,128638,90,0.260
BL_W20_T3.0_D30,129128,88,0.126
BL_W20_T3.0_D30,134469,32,0.050
BL_W20_T3.0_D30,129667,86,0.010
BL_W20_T3.0_D30,131823,79,0.010
BL_W30_T1.2_D2,125992,99,1.200
BL_W30_T1.2_D2,126482,97,1.200
BL_W30_T1.2_D2,127021,95,1.200
BL_W30_T1.2_D2,127560,93,1.140
BL_W30_T1.2_D2,128050,92,1.060
BL_W30_T1.2_D2,128589,90,0.980
BL_W30_T1.2_D2,129128,88,0.900
BL_W30_T1.2_D2,129667,86,0.820
BL_W30_T1.2_D2,130206,84,0.740
BL_W30_T1.2_D2,130794,82,0.660
BL_W30_T1.2_D2,131333,81,0.580
BL_W30_T1.2_D2,131823,79,0.500
BL_W30_T1.2_D2,132362,78,0.420
BL_W30_T1.2_D2,132852,76,0.340
BL_W30_T1.2_D2,122297,112,0.260
BL_W30_T1.2_D2,133440,74,0.260
BL_W30_T1.2_D2,120897,118,0.126
BL_W30_T1.2_D2,122797,110,0.126
BL_W30_T1.2_D2,133979,73,0.126
BL_W30_T1.2_D2,134469,32,0.050
BL_W30_T1.2_D4,125992,99,1.200
BL_W30_T1.2_D4,126482,97,1.200
BL_W30_T1.2_D4,127021,95,1.200
BL_W30_T1.2_D4,127560,93,1.140
BL_W30_T1.2_D4,128050,92,1.060
BL_W30_T1.2_D4,128589,90,0.980
BL_W30_T1.2_D4,129128,88,0.900
BL_W30_T1.2_D4,129667,86,0.820
BL_W30_T1.2_D4,130206,84,0.740
BL_W30_T1.2_D4,130794,82,0.660
BL_W30_T1.2_D4,131333,81,0.580
BL_W30_T1.2_D4,131823,79,0.500
BL_W30_T1.2_D4,132362,78,0.420
BL_W30_T1.2_D4,132852,76,0.340
BL_W30_T1.2_D4,133440,74,0.260
BL_W30_T1.2_D4,122797,110,0.126
BL_W30_T1.2_D4,133979,73,0.126
BL_W30_T1.2_D4,134469,32,0.050
BL_W30_T1.2_D4,123397,108,0.010
BL_W30_T1.2_D4,124947,102,0.010
BL_W30_T1.2_D6,125992,99,1.200
BL_W30_T1.2_D6,126482,97,1.200
BL_W30_T1.2_D6,127021,95,1.200
BL_W30_T1.2_D6,127560,93,1.140
BL_W30_T1.2_D6,128050,92,1.060
BL_W30_T1.2_D6,128589,90,0.980
BL_W30_T1.2_D6,129128,88,0.900
BL_W30_T1.2_D6,129667,86,0.820
BL_W30_T1.2_D6,130206,84,0.740
BL_W30_T1.2_D6,130794,82,0.660
BL_W30_T1.2_D6,131333,81,0.580
BL_W30_T1.2_D6,131823,79,0.500
BL_W30_T1.2_D6,132362,78,0.420
BL_W30_T1.2_D6,132852,76,0.340
BL_W30_T1.2_D6,133440,74,0.260
BL_W30_T1.2_D6,122847,110,0.126
BL_W30_T1.2_D6,133979,73,0.126
BL_W30_T1.2_D6,134469,32,0.050
BL_W30_T1.2_D6,123397,108,0.010
BL_W30_T1.2_D6,124947,102,0.010
BL_W30_T1.2_D8,125992,99,1.200
BL_W30_T1.2_D8,126482,97,1.200
BL_W30_T1.2_D8,127021,95,1.200
BL_W30_T1.2_D8,127560,93,1.140
BL_W30_T1.2_D8,128050,92,1.060
BL_W30_T1.2_D8,128589,90,0.980
BL_W30_T1.2_D8,129128,88,0.900
BL_W30_T1.2_D8,129667,86,0.820
BL_W30_T1.2_D8,130206,84,0.740
BL_W30_T1.2_D8,130794,82,0.660
BL_W30_T1.2_D8,131333,81,0.580
BL_W30_T1.2_D8,131823,79,0.500
BL_W30_T1.2_D8,132362,78,0.420
BL_W30_T1.2_D8,132852,76,0.340
BL_W30_T1.2_D8,133440,74,0.260
BL_W30_T1.2_D8,122847,110,0.126
BL_W30_T1.2_D8,133979,73,0.126
BL_W30_T1.2_D8,134469,32,0.050
BL_W30_T1.2_D8,123397,108,0.010
BL_W30_T1.2_D8,124947,102,0.010
BL_W30_T1.2_D10,125992,99,1.200
BL_W30_T1.2_D10,126482,97,1.200
BL_W30_T1.2_D10,127021,95,1.200
BL_W30_T1.2_D10,127560,93,1.140
BL_W30_T1.2_D10,128050,92,1.060
BL_W30_T1.2_D10,128589,90,0.980
BL_W30_T1.2_D10,129128,88,0.900
BL_W30_T1.2_D10,129667,86,0.820
BL_W30_T1.2_D10,130206,84,0.740
BL_W30_T1.2_D10,130794,82,0.660
BL_W30_T1.2_D10,131333,81,0.580
BL_W30_T1.2_D10,131823,79,0.500
BL_W30_T1.2_D10,132362,78,0.420
BL_W30_T1.2_D10,132852,76,0.340
BL_W30_T1.2_D10,133440,74,0.260
BL_W30_T1.2_D10,122847,110,0.126
BL_W30_T1.2_D10,133979,73,0.126
BL_W30_T1.2_D10,134469,32,0.050
BL_W30_T1.2_D10,123397,108,0.010
BL_W30_T1.2_D10,124947,102,0.010
BL_W30_T1.2_D15,124947,102,1.200
BL_W30_T1.2_D15,125497,101,1.200
BL_W30_T1.2_D15,125992,99,1.200
BL_W30_T1.2_D15,126482,97,1.200
BL_W30_T1.2_D15,127021,95,1.200
BL_W30_T1.2_D15,127560,93,1.140
BL_W30_T1.2_D15,128050,92,1.060
BL_W30_T1.2_D15,128589,90,0.980
BL_W30_T1.2_D15,129128,88,0.900
BL_W30_T1.2_D15,129667,86,0.820
BL_W30_T1.2_D15,130206,84,0.740
BL_W30_T1.2_D15,130794,82,0.660
BL_W30_T1.2_D15,131333,81,0.580
BL_W30_T1.2_D15,131823,79,0.500
BL_W30_T1.2_D15,132362,78,0.420
BL_W30_T1.2_D15,132852,76,0.340
BL_W30_T1.2_D15,133440,74,0.260
BL_W30_T1.2_D15,133979,73,0.126
BL_W30_T1.2_D15,134469,32,0.050
BL_W30_T1.2_D15,123447,108,0.010
BL_W30_T1.2_D20,125992,99,1.200
BL_W30_T1.2_D20,126482,97,1.200
BL_W30_T1.2_D20,127021,95,1.200
BL_W30_T1.2_D20,127560,93,1.140
BL_W30_T1.2_D20,128050,92,1.060
BL_W30_T1.2_D20,128589,90,0.980
BL_W30_T1.2_D20,129128,88,0.900
BL_W30_T1.2_D20,129667,86,0.820
BL_W30_T1.2_D20,130206,84,0.740
BL_W30_T1.2_D20,130794,82,0.660
BL_W30_T1.2_D20,131333,81,0.580
BL_W30_T1.2_D20,131823,79,0.500
BL_W30_T1.2_D20,132362,78,0.420
BL_W30_T1.2_D20,132852,76,0.340
BL_W30_T1.2_D20,133440,74,0.260
BL_W30_T1.2_D20,133979,73,0.126
BL_W30_T1.2_D20,134469,32,0.050
BL_W30_T1.2_D20,124947,102,0.010
BL_W30_T1.2_D25,126482,97,1.200
BL_W30_T1.2_D25,127021,95,1.200
BL_W30_T1.2_D25,127560,93,1.140
BL_W30_T1.2_D25,128050,92,1.060
BL_W30_T1.2_D25,128589,90,0.980
BL_W30_T1.2_D25,129128,88,0.900
BL_W30_T1.2_D25,129667,86,0.820
BL_W30_T1.2_D25,130206,84,0.740
BL_W30_T1.2_D25,130794,82,0.660
BL_W30_T1.2_D25,131333,81,0.580
BL_W30_T1.2_D25,131823,79,0.500
BL_W30_T1.2_D25,132362,78,0.420
BL_W30_T1.2_D25,132852,76,0.340
BL_W30_T1.2_D25,133440,74,0.260
BL_W30_T1.2_D25,133979,73,0.126
BL_W30_T1.2_D25,134469,32,0.050
BL_W30_T1.2_D25,124997,102,0.010
BL_W30_T1.2_D30,126531,97,1.200
BL_W30_T1.2_D30,127021,95,1.200
BL_W30_T1.2_D30,127560,93,1.140
BL_W30_T1.2_D30,128050,92,1.060
BL_W30_T1.2_D30,128589,90,0.980
BL_W30_T1.2_D30,129128,88,0.900
BL_W30_T1.2_D30,129667,86,0.820
BL_W30_T1.2_D30,130206,84,0.740
BL_W30_T1.2_D30,130794,82,0.660
BL_W30_T1.2_D30,131333,81,0.580
BL_W30_T1.2_D30,131823,79,0.500
BL_W30_T1.2_D30,132362,78,0.420
BL_W30_T1.2_D30,132852,76,0.340
BL_W30_T1.2_D30,133440,74,0.260
BL_W30_T1.2_D30,133979,73,0.126
BL_W30_T1.2_D30,134469,32,0.050
BL_W30_T1.2_D30,124997,102,0.010
BL_W30_T1.5_D2,125992,99,0.420
BL_W30_T1.5_D2,126482,97,0.340
BL_W30_T1.5_D2,129128,88,0.340
BL_W30_T1.5_D2,131823,79,0.340
BL_W30_T1.5_D2,122297,112,0.260
BL_W30_T1.5_D2,127021,95,0.260
BL_W30_T1.5_D2,129667,86,0.260
BL_W30_T1.5_D2,132362,78,0.260
BL_W30_T1.5_D2,120897,118,0.126
BL_W30_T1.5_D2,122797,110,0.126
BL_W30_T1.5_D2,127609,93,0.126
BL_W30_T1.5_D2,130206,84,0.126
BL_W30_T1.5_D2,132901,76,0.126
BL_W30_T1.5_D2,133440,74,0.050
BL_W30_T1.5_D2,116547,139,0.010
BL_W30_T1.5_D2,118147,130,0.010
BL_W30_T1.5_D2,121447,116,0.010
BL_W30_T1.5_D2,123397,108,0.010
BL_W30_T1.5_D2,124947,102,0.010
BL_W30_T1.5_D2,128099,92,0.010
BL_W30_T1.5_D4,125992,99,0.420
BL_W30_T1.5_D4,126482,97,0.340
BL_W30_T1.5_D4,129128,88,0.340
BL_W30_T1.5_D4,131823,79,0.340
BL_W30_T1.5_D4,127021,95,0.260
BL_W30_T1.5_D4,129667,86,0.260
BL_W30_T1.5_D4,132362,78,0.260
BL_W30_T1.5_D4,122797,110,0.126
BL_W30_T1.5_D4,127609,93,0.126
BL_W30_T1.5_D4,130206,84,0.126
BL_W30_T1.5_D4,132901,76,0.126
BL_W30_T1.5_D4,133440,74,0.050
BL_W30_T1.5_D4,123397,108,0.010
BL_W30_T1.5_D4,124947,102,0.010
BL_W30_T1.5_D4,128099,92,0.010
BL_W30_T1.5_D4,130794,82,0.010
BL_W30_T1.5_D6,125992,99,0.420
BL_W30_T1.5_D6,126482,97,0.340
BL_W30_T1.5_D6,129128,88,0.340
BL_W30_T1.5_D6,131823,79,0.340
BL_W30_T1.5_D6,127021,95,0.260
BL_W30_T1.5_D6,129667,86,0.260
BL_W30_T1.5_D6,132362,78,0.260
BL_W30_T1.5_D6,122847,110,0.126
BL_W30_T1.5_D6,127609,93,0.126
BL_W30_T1.5_D6,130206,84,0.126
BL_W30_T1.5_D6,132901,76,0.126
BL_W30_T1.5_D6,133440,74,0.050
BL_W30_T1.5_D6,123397,108,0.010
BL_W30_T1.5_D6,124947,102,0.010
BL_W30_T1.5_D6,128099,92,0.010
BL_W30_T1.5_D6,130794,82,0.010
BL_W30_T1.5_D8,125992,99,0.420
BL_W30_T1.5_D8,126482,97,0.340
BL_W30_T1.5_D8,129128,88,0.340
BL_W30_T1.5_D8,131823,79,0.340
BL_W30_T1.5_D8,127021,95,0.260
BL_W30_T1.5_D8,129667,86,0.260
BL_W30_T1.5_D8,132362,78,0.260
BL_W30_T1.5_D8,122847,110,0.126
BL_W30_T1.5_D8,127609,93,0.126
BL_W30_T1.5_D8,130206,84,0.126
BL_W30_T1.5_D8,132901,76,0.126
BL_W30_T1.5_D8,133440,74,0.050
BL_W30_T1.5_D8,123397,108,0.010
BL_W30_T1.5_D8,124947,102,0.010
BL_W30_T1.5_D8,128099,92,0.010
BL_W30_T1.5_D8,130794,82,0.010
BL_W30_T1.5_D10,125992,99,0.420
BL_W30_T1.5_D10,126482,97,0.340
BL_W30_T1.5_D10,129128,88,0.340
BL_W30_T1.5_D10,131823,79,0.340
BL_W30_T1.5_D10,127021,95,0.260
BL_W30_T1.5_D10,129667,86,0.260
BL_W30_T1.5_D10,132362,78,0.260
BL_W30_T1.5_D10,122847,110,0.126
BL_W30_T1.5_D10,127609,93,0.126
BL_W30_T1.5_D10,130206,84,0.126
BL_W30_T1.5_D10,132901,76,0.126
BL_W30_T1.5_D10,133440,74,0.050
BL_W30_T1.5_D10,123397,108,0.010
BL_W30_T1.5_D10,124947,102,0.010
BL_W30_T1.5_D10,128099,92,0.010
BL_W30_T1.5_D10,130794,82,0.010
BL_W30_T1.5_D15,124947,102,0.580
BL_W30_T1.5_D15,125497,101,0.500
BL_W30_T1.5_D15,125992,99,0.420
BL_W30_T1.5_D15,126482,97,0.340
BL_W30_T1.5_D15,129128,88,0.340
BL_W30_T1.5_D15,131823,79,0.340
BL_W30_T1.5_D15,127021,95,0.260
BL_W30_T1.5_D15,129667,86,0.260
BL_W30_T1.5_D15,132362,78,0.260
BL_W30_T1.5_D15,127609,93,0.126
BL_W30_T1.5_D15,130206,84,0.126
BL_W30_T1.5_D15,132901,76,0.126
BL_W30_T1.5_D15,133440,74,0.050
BL_W30_T1.5_D15,123447,108,0.010
BL_W30_T1.5_D15,128099,92,0.010
BL_W30_T1.5_D15,130794,82,0.010
BL_W30_T1.5_D20,125992,99,0.420
BL_W30_T1.5_D20,126482,97,0.340
BL_W30_T1.5_D20,129128,88,0.340
BL_W30_T1.5_D20,131823,79,0.340
BL_W30_T1.5_D20,127021,95,0.260
BL_W30_T1.5_D20,129667,86,0.260
BL_W30_T1.5_D20,132362,78,0.260
BL_W30_T1.5_D20,127609,93,0.126
BL_W30_T1.5_D20,130206,84,0.126
BL_W30_T1.5_D20,132901,76,0.126
BL_W30_T1.5_D20,133440,74,0.050
BL_W30_T1.5_D20,124947,102,0.010
BL_W30_T1.5_D20,128099,92,0.010
BL_W30_T1.5_D20,130794,82,0.010
BL_W30_T1.5_D25,126482,97,0.340
BL_W30_T1.5_D25,129128,88,0.340
BL_W30_T1.5_D25,131823,79,0.340
BL_W30_T1.5_D25,127021,95,0.260
BL_W30_T1.5_D25,129667,86,0.260
BL_W30_T1.5_D25,132362,78,0.260
BL_W30_T1.5_D25,127609,93,0.126
BL_W30_T1.5_D25,130206,84,0.126
BL_W30_T1.5_D25,132901,76,0.126
BL_W30_T1.5_D25,133440,74,0.050
BL_W30_T1.5_D25,124997,102,0.010
BL_W30_T1.5_D25,128099,92,0.010
BL_W30_T1.5_D25,130794,82,0.010
BL_W30_T1.5_D30,126531,97,0.740
BL_W30_T1.5_D30,127021,95,0.660
BL_W30_T1.5_D30,127560,93,0.580
BL_W30_T1.5_D30,128050,92,0.500
BL_W30_T1.5_D30,128589,90,0.420
BL_W30_T1.5_D30,129128,88,0.340
BL_W30_T1.5_D30,131823,79,0.340
BL_W30_T1.5_D30,129667,86,0.260
BL_W30_T1.5_D30,132362,78,0.260
BL_W30_T1.5_D30,130206,84,0.126
BL_W30_T1.5_D30,132901,76,0.126
BL_W30_T1.5_D30,133440,74,0.050
BL_W30_T1.5_D30,124997,102,0.010
BL_W30_T1.5_D30,130794,82,0.010
BL_W30_T1.7_D2,122297,112,0.260
BL_W30_T1.7_D2,131823,79,0.260
BL_W30_T1.7_D2,120897,118,0.126
BL_W30_T1.7_D2,122797,110,0.126
BL_W30_T1.7_D2,126531,97,0.126
BL_W30_T1.7_D2,129716,86,0.126
BL_W30_T1.7_D2,132362,78,0.126
BL_W30_T1.7_D2,132901,76,0.050
BL_W30_T1.7_D2,116547,139,0.010
BL_W30_T1.7_D2,118147,130,0.010
BL_W30_T1.7_D2,121447,116,0.010
BL_W30_T1.7_D2,123397,108,0.010
BL_W30_T1.7_D2,124947,102,0.010
BL_W30_T1.7_D2,127021,95,0.010
BL_W30_T1.7_D2,128099,92,0.010
BL_W30_T1.7_D2,130206,84,0.010
BL_W30_T1.7_D4,131823,79,0.260
BL_W30_T1.7_D4,122797,110,0.126
BL_W30_T1.7_D4,126531,97,0.126
BL_W30_T1.7_D4,129716,86,0.126
BL_W30_T1.7_D4,132362,78,0.126
BL_W30_T1.7_D4,132901,76,0.050
BL_W30_T1.7_D4,123397,108,0.010
BL_W30_T1.7_D4,124947,102,0.010
BL_W30_T1.7_D4,127021,95,0.010
BL_W30_T1.7_D4,128099,92,0.010
BL_W30_T1.7_D4,130206,84,0.010
BL_W30_T1.7_D6,131823,79,0.260
BL_W30_T1.7_D6,122847,110,0.126
BL_W30_T1.7_D6,126531,97,0.126
BL_W30_T1.7_D6,129716,86,0.126
BL_W30_T1.7_D6,132362,78,0.126
BL_W30_T1.7_D6,132901,76,0.050
BL_W30_T1.7_D6,123397,108,0.010
BL_W30_T1.7_D6,124947,102,0.010
BL_W30_T1.7_D6,127021,95,0.010
BL_W30_T1.7_D6,128099,92,0.010
BL_W30_T1.7_D6,130206,84,0.010
BL_W30_T1.7_D8,131823,79,0.260
BL_W30_T1.7_D8,122847,110,0.126
BL_W30_T1.7_D8,126531,97,0.126
BL_W30_T1.7_D8,129716,86,0.126
BL_W30_T1.7_D8,132362,78,0.126
BL_W30_T1.7_D8,132901,76,0.050
BL_W30_T1.7_D8,123397,108,0.010
BL_W30_T1.7_D8,124947,102,0.010
BL_W30_T1.7_D8,127021,95,0.010
BL_W30_T1.7_D8,128099,92,0.010
BL_W30_T1.7_D8,130206,84,0.010
BL_W30_T1.7_D10,131823,79,0.260
BL_W30_T1.7_D10,122847,110,0.126
BL_W30_T1.7_D10,126531,97,0.126
BL_W30_T1.7_D10,129716,86,0.126
BL_W30_T1.7_D10,132362,78,0.126
BL_W30_T1.7_D10,132901,76,0.050
BL_W30_T1.7_D10,123397,108,0.010
BL_W30_T1.7_D10,124947,102,0.010
BL_W30_T1.7_D10,127021,95,0.010
BL_W30_T1.7_D10,128099,92,0.010
BL_W30_T1.7_D10,130206,84,0.010
BL_W30_T1.7_D15,124947,102,0.420
BL_W30_T1.7_D15,125497,101,0.340
BL_W30_T1.7_D15,125992,99,0.260
BL_W30_T1.7_D15,131823,79,0.260
BL_W30_T1.7_D15,126531,97,0.126
BL_W30_T1.7_D15,129716,86,0.126
BL_W30_T1.7_D15,132362,78,0.126
BL_W30_T1.7_D15,132901,76,0.050
BL_W30_T1.7_D15,123447,108,0.010
BL_W30_T1.7_D15,127021,95,0.010
BL_W30_T1.7_D15,128099,92,0.010
BL_W30_T1.7_D15,130206,84,0.010
BL_W30_T1.7_D20,125992,99,0.260
BL_W30_T1.7_D20,131823,79,0.260
BL_W30_T1.7_D20,126482,97,0.126
BL_W30_T1.7_D20,129716,86,0.126
BL_W30_T1.7_D20,132362,78,0.126
BL_W30_T1.7_D20,132901,76,0.050
BL_W30_T1.7_D20,124947,102,0.010
BL_W30_T1.7_D20,127021,95,0.010
BL_W30_T1.7_D20,128099,92,0.010
BL_W30_T1.7_D20,130206,84,0.010
BL_W30_T1.7_D25,129128,88,0.260
BL_W30_T1.7_D25,131823,79,0.260
BL_W30_T1.7_D25,126482,97,0.126
BL_W30_T1.7_D25,129716,86,0.126
BL_W30_T1.7_D25,132362,78,0.126
BL_W30_T1.7_D25,132901,76,0.050
BL_W30_T1.7_D25,124997,102,0.010
BL_W30_T1.7_D25,127021,95,0.010
BL_W30_T1.7_D25,128099,92,0.010
BL_W30_T1.7_D25,130206,84,0.010
BL_W30_T1.7_D30,126531,97,0.660
BL_W30_T1.7_D30,127021,95,0.580
BL_W30_T1.7_D30,127560,93,0.500
BL_W30_T1.7_D30,128050,92,0.420
BL_W30_T1.7_D30,128589,90,0.340
BL_W30_T1.7_D30,129128,88,0.260
BL_W30_T1.7_D30,131823,79,0.260
BL_W30_T1.7_D30,129667,86,0.126
BL_W30_T1.7_D30,132362,78,0.126
BL_W30_T1.7_D30,132901,76,0.050
BL_W30_T1.7_D30,124997,102,0.010
BL_W30_T1.7_D30,130206,84,0.010
BL_W30_T2.0_D2,122297,112,0.260
BL_W30_T2.0_D2,120897,118,0.126
BL_W30_T2.0_D2,122797,110,0.126
BL_W30_T2.0_D2,126531,97,0.050
BL_W30_T2.0_D2,116547,139,0.010
BL_W30_T2.0_D2,118147,130,0.010
BL_W30_T2.0_D2,121447,116,0.010
BL_W30_T2.0_D2,123397,108,0.010
BL_W30_T2.0_D2,124997,102,0.010
BL_W30_T2.0_D4,122797,110,0.126
BL_W30_T2.0_D4,126531,97,0.050
BL_W30_T2.0_D4,123397,108,0.010
BL_W30_T2.0_D4,124997,102,0.010
BL_W30_T2.0_D6,122847,110,0.126
BL_W30_T2.0_D6,126531,97,0.050
BL_W30_T2.0_D6,123397,108,0.010
BL_W30_T2.0_D6,124997,102,0.010
BL_W30_T2.0_D8,122847,110,0.126
BL_W30_T2.0_D8,126531,97,0.050
BL_W30_T2.0_D8,123397,108,0.010
BL_W30_T2.0_D8,124997,102,0.010
BL_W30_T2.0_D10,122847,110,0.126
BL_W30_T2.0_D10,126531,97,0.050
BL_W30_T2.0_D10,123397,108,0.010
BL_W30_T2.0_D10,124997,102,0.010
BL_W30_T2.0_D15,124947,102,0.340
BL_W30_T2.0_D15,125497,101,0.260
BL_W30_T2.0_D15,125992,99,0.126
BL_W30_T2.0_D15,126531,97,0.050
BL_W30_T2.0_D15,123447,108,0.010
BL_W30_T2.0_D20,125992,99,0.126
BL_W30_T2.0_D20,126482,97,0.050
BL_W30_T2.0_D20,124947,102,0.010
BL_W30_T2.0_D25,126482,97,0.126
BL_W30_T2.0_D25,129128,88,0.050
BL_W30_T2.0_D25,124997,102,0.010
BL_W30_T2.0_D25,127021,95,0.010
BL_W30_T2.0_D30,126531,97,0.580
BL_W30_T2.0_D30,127021,95,0.500
BL_W30_T2.0_D30,127560,93,0.420
BL_W30_T2.0_D30,128050,92,0.340
BL_W30_T2.0_D30,128589,90,0.260
BL_W30_T2.0_D30,129128,88,0.126
BL_W30_T2.0_D30,129667,86,0.050
BL_W30_T2.0_D30,124997,102,0.010
BL_W30_T2.2_D2,122297,112,0.260
BL_W30_T2.2_D2,120897,118,0.126
BL_W30_T2.2_D2,122797,110,0.126
BL_W30_T2.2_D2,124997,102,0.050
BL_W30_T2.2_D2,116547,139,0.010
BL_W30_T2.2_D2,118147,130,0.010
BL_W30_T2.2_D2,121447,116,0.010
BL_W30_T2.2_D2,123447,108,0.010
BL_W30_T2.2_D4,122797,110,0.126
BL_W30_T2.2_D4,124997,102,0.050
BL_W30_T2.2_D4,123447,108,0.010
BL_W30_T2.2_D6,122847,110,0.126
BL_W30_T2.2_D6,124997,102,0.050
BL_W30_T2.2_D6,123447,108,0.010
BL_W30_T2.2_D8,122847,110,0.126
BL_W30_T2.2_D8,124997,102,0.050
BL_W30_T2.2_D8,123397,108,0.010
BL_W30_T2.2_D10,122847,110,0.126
BL_W30_T2.2_D10,124997,102,0.050
BL_W30_T2.2_D10,123397,108,0.010
BL_W30_T2.2_D15,124947,102,0.260
BL_W30_T2.2_D15,125497,101,0.126
BL_W30_T2.2_D15,125992,99,0.050
BL_W30_T2.2_D15,123447,108,0.010
BL_W30_T2.2_D20,125992,99,0.126
BL_W30_T2.2_D20,126482,97,0.050
BL_W30_T2.2_D20,124947,102,0.010
BL_W30_T2.2_D25,126482,97,0.126
BL_W30_T2.2_D25,129128,88,0.050
BL_W30_T2.2_D25,124997,102,0.010
BL_W30_T2.2_D25,127021,95,0.010
BL_W30_T2.2_D30,126531,97,0.580
BL_W30_T2.2_D30,127021,95,0.500
BL_W30_T2.2_D30,127560,93,0.420
BL_W30_T2.2_D30,128050,92,0.340
BL_W30_T2.2_D30,128589,90,0.260
BL_W30_T2.2_D30,129128,88,0.126
BL_W30_T2.2_D30,129667,86,0.050
BL_W30_T2.2_D30,124997,102,0.010
BL_W30_T2.4_D2,120897,118,0.126
BL_W30_T2.4_D2,122297,112,0.126
BL_W30_T2.4_D2,122797,110,0.050
BL_W30_T2.4_D2,116547,139,0.010
BL_W30_T2.4_D2,118147,130,0.010
BL_W30_T2.4_D2,121447,116,0.010
BL_W30_T2.4_D4,122797,110,0.050
BL_W30_T2.4_D6,122847,110,0.050
BL_W30_T2.4_D8,122847,110,0.126
BL_W30_T2.4_D8,123397,108,0.050
BL_W30_T2.4_D10,122847,110,0.126
BL_W30_T2.4_D10,123397,108,0.050
BL_W30_T2.4_D15,124947,102,0.260
BL_W30_T2.4_D15,125497,101,0.126
BL_W30_T2.4_D15,125992,99,0.050
BL_W30_T2.4_D15,123447,108,0.010
BL_W30_T2.4_D20,125992,99,0.126
BL_W30_T2.4_D20,126482,97,0.050
BL_W30_T2.4_D20,124947,102,0.010
BL_W30_T2.4_D25,126482,97,0.126
BL_W30_T2.4_D25,129128,88,0.050
BL_W30_T2.4_D25,124997,102,0.010
BL_W30_T2.4_D25,127021,95,0.010
BL_W30_T2.4_D30,126531,97,0.580
BL_W30_T2.4_D30,127021,95,0.500
BL_W30_T2.4_D30,127560,93,0.420
BL_W30_T2.4_D30,128050,92,0.340
BL_W30_T2.4_D30,128589,90,0.260
BL_W30_T2.4_D30,129128,88,0.126
BL_W30_T2.4_D30,129667,86,0.050
BL_W30_T2.4_D30,124997,102,0.010
BL_W30_T2.7_D2,120897,118,0.126
BL_W30_T2.7_D2,122297,112,0.126
BL_W30_T2.7_D2,122797,110,0.050
BL_W30_T2.7_D2,116547,139,0.010
BL_W30_T2.7_D2,118147,130,0.010
BL_W30_T2.7_D2,121447,116,0.010
BL_W30_T2.7_D4,122797,110,0.050
BL_W30_T2.7_D6,122847,110,0.050
BL_W30_T2.7_D8,122847,110,0.126
BL_W30_T2.7_D8,123397,108,0.050
BL_W30_T2.7_D10,122847,110,0.126
BL_W30_T2.7_D10,123397,108,0.050
BL_W30_T2.7_D15,124947,102,0.260
BL_W30_T2.7_D15,125497,101,0.126
BL_W30_T2.7_D15,125992,99,0.050
BL_W30_T2.7_D15,123447,108,0.010
BL_W30_T2.7_D20,125992,99,0.126
BL_W30_T2.7_D20,126482,97,0.050
BL_W30_T2.7_D20,124947,102,0.010
BL_W30_T2.7_D25,126482,97,0.126
BL_W30_T2.7_D25,129128,88,0.050
BL_W30_T2.7_D25,124997,102,0.010
BL_W30_T2.7_D25,127021,95,0.010
BL_W30_T2.7_D30,126531,97,0.580
BL_W30_T2.7_D30,127021,95,0.500
BL_W30_T2.7_D30,127560,93,0.420
BL_W30_T2.7_D30,128050,92,0.340
BL_W30_T2.7_D30,128589,90,0.260
BL_W30_T2.7_D30,129128,88,0.126
BL_W30_T2.7_D30,129667,86,0.050
BL_W30_T2.7_D30,124997,102,0.010
BL_W30_T3.0_D2,120897,118,0.126
BL_W30_T3.0_D2,122297,112,0.126
BL_W30_T3.0_D2,122797,110,0.050
BL_W30_T3.0_D2,116547,139,0.010
BL_W30_T3.0_D2,118147,130,0.010
BL_W30_T3.0_D2,121447,116,0.010
BL_W30_T3.0_D4,122797,110,0.050
BL_W30_T3.0_D6,122847,110,0.050
BL_W30_T3.0_D8,122847,110,0.126
BL_W30_T3.0_D8,123397,108,0.050
BL_W30_T3.0_D10,122847,110,0.126
BL_W30_T3.0_D10,123397,108,0.050
BL_W30_T3.0_D15,124947,102,0.260
BL_W30_T3.0_D15,125497,101,0.126
BL_W30_T3.0_D15,125992,99,0.050
BL_W30_T3.0_D15,123447,108,0.010
BL_W30_T3.0_D20,125992,99,0.126
BL_W30_T3.0_D20,126482,97,0.050
BL_W30_T3.0_D20,124947,102,0.010
BL_W30_T3.0_D25,126482,97,0.126
BL_W30_T3.0_D25,129128,88,0.050
BL_W30_T3.0_D25,124997,102,0.010
BL_W30_T3.0_D25,127021,95,0.010
BL_W30_T3.0_D30,126531,97,0.580
BL_W30_T3.0_D30,127021,95,0.500
BL_W30_T3.0_D30,127560,93,0.420
BL_W30_T3.0_D30,128050,92,0.340
BL_W30_T3.0_D30,128589,90,0.260
BL_W30_T3.0_D30,129128,88,0.126
BL_W30_T3.0_D30,129667,86,0.050
BL_W30_T3.0_D30,124997,102,0.010
BL_W40_T1.2_D2,124947,102,1.200
BL_W40_T1.2_D2,125497,101,1.200
BL_W40_T1.2_D2,125992,99,1.200
BL_W40_T1.2_D2,126482,97,1.200
BL_W40_T1.2_D2,127021,95,1.140
BL_W40_T1.2_D2,127560,93,1.060
BL_W40_T1.2_D2,128050,92,0.980
BL_W40_T1.2_D2,128589,90,0.900
BL_W40_T1.2_D2,129128,88,0.820
BL_W40_T1.2_D2,129667,86,0.740
BL_W40_T1.2_D2,130206,84,0.660
BL_W40_T1.2_D2,130794,82,0.580
BL_W40_T1.2_D2,131333,81,0.500
BL_W40_T1.2_D2,131823,79,0.420
BL_W40_T1.2_D2,132362,78,0.340
BL_W40_T1.2_D2,122297,112,0.260
BL_W40_T1.2_D2,132852,76,0.260
BL_W40_T1.2_D2,120897,118,0.126
BL_W40_T1.2_D2,122797,110,0.126
BL_W40_T1.2_D2,133440,74,0.126
BL_W40_T1.2_D4,124947,102,1.200
BL_W40_T1.2_D4,125497,101,1.200
BL_W40_T1.2_D4,125992,99,1.200
BL_W40_T1.2_D4,126482,97,1.200
BL_W40_T1.2_D4,127021,95,1.140
BL_W40_T1.2_D4,127560,93,1.060
BL_W40_T1.2_D4,128050,92,0.980
BL_W40_T1.2_D4,128589,90,0.900
BL_W40_T1.2_D4,129128,88,0.820
BL_W40_T1.2_D4,129667,86,0.740
BL_W40_T1.2_D4,130206,84,0.660
BL_W40_T1.2_D4,130794,82,0.580
BL_W40_T1.2_D4,131333,81,0.500
BL_W40_T1.2_D4,131823,79,0.420
BL_W40_T1.2_D4,132362,78,0.340
BL_W40_T1.2_D4,122347,112,0.260
BL_W40_T1.2_D4,132852,76,0.260
BL_W40_T1.2_D4,122797,110,0.126
BL_W40_T1.2_D4,133440,74,0.126
BL_W40_T1.2_D4,133979,73,0.050
BL_W40_T1.2_D6,124947,102,1.200
BL_W40_T1.2_D6,125497,101,1.200
BL_W40_T1.2_D6,125992,99,1.200
BL_W40_T1.2_D6,126482,97,1.200
BL_W40_T1.2_D6,127021,95,1.140
BL_W40_T1.2_D6,127560,93,1.060
BL_W40_T1.2_D6,128050,92,0.980
BL_W40_T1.2_D6,128589,90,0.900
BL_W40_T1.2_D6,129128,88,0.820
BL_W40_T1.2_D6,129667,86,0.740
BL_W40_T1.2_D6,130206,84,0.660
BL_W40_T1.2_D6,130794,82,0.580
BL_W40_T1.2_D6,131333,81,0.500
BL_W40_T1.2_D6,131823,79,0.420
BL_W40_T1.2_D6,132362,78,0.340
BL_W40_T1.2_D6,132852,76,0.260
BL_W40_T1.2_D6,122847,110,0.126
BL_W40_T1.2_D6,133440,74,0.126
BL_W40_T1.2_D6,133979,73,0.050
BL_W40_T1.2_D6,123397,108,0.010
BL_W40_T1.2_D8,124947,102,1.200
BL_W40_T1.2_D8,125497,101,1.200
BL_W40_T1.2_D8,125992,99,1.200
BL_W40_T1.2_D8,126482,97,1.200
BL_W40_T1.2_D8,127021,95,1.140
BL_W40_T1.2_D8,127560,93,1.060
BL_W40_T1.2_D8,128050,92,0.980
BL_W40_T1.2_D8,128589,90,0.900
BL_W40_T1.2_D8,129128,88,0.820
BL_W40_T1.2_D8,129667,86,0.740
BL_W40_T1.2_D8,130206,84,0.660
BL_W40_T1.2_D8,130794,82,0.580
BL_W40_T1.2_D8,131333,81,0.500
BL_W40_T1.2_D8,131823,79,0.420
BL_W40_T1.2_D8,132362,78,0.340
BL_W40_T1.2_D8,132852,76,0.260
BL_W40_T1.2_D8,122847,110,0.126
BL_W40_T1.2_D8,133440,74,0.126
BL_W40_T1.2_D8,133979,73,0.050
BL_W40_T1.2_D8,123397,108,0.010
BL_W40_T1.2_D10,124947,102,1.200
BL_W40_T1.2_D10,125497,101,1.200
BL_W40_T1.2_D10,125992,99,1.200
BL_W40_T1.2_D10,126482,97,1.200
BL_W40_T1.2_D10,127021,95,1.140
BL_W40_T1.2_D10,127560,93,1.060
BL_W40_T1.2_D10,128050,92,0.980
BL_W40_T1.2_D10,128589,90,0.900
BL_W40_T1.2_D10,129128,88,0.820
BL_W40_T1.2_D10,129667,86,0.740
BL_W40_T1.2_D10,130206,84,0.660
BL_W40_T1.2_D10,130794,82,0.580
BL_W40_T1.2_D10,131333,81,0.500
BL_W40_T1.2_D10,131823,79,0.420
BL_W40_T1.2_D10,132362,78,0.340
BL_W40_T1.2_D10,132852,76,0.260
BL_W40_T1.2_D10,122847,110,0.126
BL_W40_T1.2_D10,133440,74,0.126
BL_W40_T1.2_D10,133979,73,0.050
BL_W40_T1.2_D10,123397,108,0.010
BL_W40_T1.2_D15,124947,102,1.200
BL_W40_T1.2_D15,125497,101,1.200
BL_W40_T1.2_D15,125992,99,1.200
BL_W40_T1.2_D15,126482,97,1.200
BL_W40_T1.2_D15,127021,95,1.140
BL_W40_T1.2_D15,127560,93,1.060
BL_W40_T1.2_D15,128050,92,0.980
BL_W40_T1.2_D15,128589,90,0.900
BL_W40_T1.2_D15,129128,88,0.820
BL_W40_T1.2_D15,129667,86,0.740
BL_W40_T1.2_D15,130206,84,0.660
BL_W40_T1.2_D15,130794,82,0.580
BL_W40_T1.2_D15,131333,81,0.500
BL_W40_T1.2_D15,131823,79,0.420
BL_W40_T1.2_D15,132362,78,0.340
BL_W40_T1.2_D15,132852,76,0.260
BL_W40_T1.2_D15,133440,74,0.126
BL_W40_T1.2_D15,133979,73,0.050
BL_W40_T1.2_D15,123447,108,0.010
BL_W40_T1.2_D20,125992,99,1.200
BL_W40_T1.2_D20,126482,97,1.200
BL_W40_T1.2_D20,127021,95,1.140
BL_W40_T1.2_D20,127560,93,1.060
BL_W40_T1.2_D20,128050,92,0.980
BL_W40_T1.2_D20,128589,90,0.900
BL_W40_T1.2_D20,129128,88,0.820
BL_W40_T1.2_D20,129667,86,0.740
BL_W40_T1.2_D20,130206,84,0.660
BL_W40_T1.2_D20,130794,82,0.580
BL_W40_T1.2_D20,131333,81,0.500
BL_W40_T1.2_D20,131823,79,0.420
BL_W40_T1.2_D20,132362,78,0.340
BL_W40_T1.2_D20,132852,76,0.260
BL_W40_T1.2_D20,133440,74,0.126
BL_W40_T1.2_D20,133979,73,0.050
BL_W40_T1.2_D20,124947,102,0.010
BL_W40_T1.2_D25,126482,97,1.200
BL_W40_T1.2_D25,127021,95,1.140
BL_W40_T1.2_D25,127560,93,1.060
BL_W40_T1.2_D25,128050,92,0.980
BL_W40_T1.2_D25,128589,90,0.900
BL_W40_T1.2_D25,129128,88,0.820
BL_W40_T1.2_D25,129667,86,0.740
BL_W40_T1.2_D25,130206,84,0.660
BL_W40_T1.2_D25,130794,82,0.580
BL_W40_T1.2_D25,131333,81,0.500
BL_W40_T1.2_D25,131823,79,0.420
BL_W40_T1.2_D25,132362,78,0.340
BL_W40_T1.2_D25,132852,76,0.260
BL_W40_T1.2_D25,133440,74,0.126
BL_W40_T1.2_D25,133979,73,0.050
BL_W40_T1.2_D25,124997,102,0.010
BL_W40_T1.2_D30,126531,97,1.200
BL_W40_T1.2_D30,127021,95,1.140
BL_W40_T1.2_D30,127560,93,1.060
BL_W40_T1.2_D30,128050,92,0.980
BL_W40_T1.2_D30,128589,90,0.900
BL_W40_T1.2_D30,129128,88,0.820
BL_W40_T1.2_D30,129667,86,0.740
BL_W40_T1.2_D30,130206,84,0.660
BL_W40_T1.2_D30,130794,82,0.580
BL_W40_T1.2_D30,131333,81,0.500
BL_W40_T1.2_D30,131823,79,0.420
BL_W40_T1.2_D30,132362,78,0.340
BL_W40_T1.2_D30,132852,76,0.260
BL_W40_T1.2_D30,133440,74,0.126
BL_W40_T1.2_D30,133979,73,0.050
BL_W40_T1.5_D2,125992,99,0.420
BL_W40_T1.5_D2,126482,97,0.340
BL_W40_T1.5_D2,129128,88,0.340
BL_W40_T1.5_D2,131823,79,0.340
BL_W40_T1.5_D2,122297,112,0.260
BL_W40_T1.5_D2,127021,95,0.260
BL_W40_T1.5_D2,129667,86,0.260
BL_W40_T1.5_D2,132362,78,0.260
BL_W40_T1.5_D2,120897,118,0.126
BL_W40_T1.5_D2,122797,110,0.126
BL_W40_T1.5_D2,127560,93,0.126
BL_W40_T1.5_D2,130206,84,0.126
BL_W40_T1.5_D2,132901,76,0.126
BL_W40_T1.5_D2,133440,74,0.050
BL_W40_T1.5_D2,118147,130,0.010
BL_W40_T1.5_D2,121447,116,0.010
BL_W40_T1.5_D2,123397,108,0.010
BL_W40_T1.5_D2,124947,102,0.010
BL_W40_T1.5_D2,128099,92,0.010
BL_W40_T1.5_D2,130794,82,0.010
BL_W40_T1.5_D4,125992,99,0.420
BL_W40_T1.5_D4,126482,97,0.340
BL_W40_T1.5_D4,129128,88,0.340
BL_W40_T1.5_D4,131823,79,0.340
BL_W40_T1.5_D4,122347,112,0.260
BL_W40_T1.5_D4,127021,95,0.260
BL_W40_T1.5_D4,129667,86,0.260
BL_W40_T1.5_D4,132362,78,0.260
BL_W40_T1.5_D4,122797,110,0.126
BL_W40_T1.5_D4,127560,93,0.126
BL_W40_T1.5_D4,130206,84,0.126
BL_W40_T1.5_D4,132901,76,0.126
BL_W40_T1.5_D4,133440,74,0.050
BL_W40_T1.5_D4,123397,108,0.010
BL_W40_T1.5_D4,124947,102,0.010
BL_W40_T1.5_D4,128099,92,0.010
BL_W40_T1.5_D4,130794,82,0.010
BL_W40_T1.5_D6,125992,99,0.420
BL_W40_T1.5_D6,126482,97,0.340
BL_W40_T1.5_D6,129128,88,0.340
BL_W40_T1.5_D6,131823,79,0.340
BL_W40_T1.5_D6,127021,95,0.260
BL_W40_T1.5_D6,129667,86,0.260
BL_W40_T1.5_D6,132362,78,0.260
BL_W40_T1.5_D6,122847,110,0.126
BL_W40_T1.5_D6,127560,93,0.126
BL_W40_T1.5_D6,130206,84,0.126
BL_W40_T1.5_D6,132901,76,0.126
BL_W40_T1.5_D6,133440,74,0.050
BL_W40_T1.5_D6,123397,108,0.010
BL_W40_T1.5_D6,124947,102,0.010
BL_W40_T1.5_D6,128099,92,0.010
BL_W40_T1.5_D6,130794,82,0.010
BL_W40_T1.5_D8,125992,99,0.420
BL_W40_T1.5_D8,126482,97,0.340
BL_W40_T1.5_D8,129128,88,0.340
BL_W40_T1.5_D8,131823,79,0.340
BL_W40_T1.5_D8,127021,95,0.260
BL_W40_T1.5_D8,129667,86,0.260
BL_W40_T1.5_D8,132362,78,0.260
BL_W40_T1.5_D8,122847,110,0.126
BL_W40_T1.5_D8,127560,93,0.126
BL_W40_T1.5_D8,130206,84,0.126
BL_W40_T1.5_D8,132901,76,0.126
BL_W40_T1.5_D8,133440,74,0.050
BL_W40_T1.5_D8,123397,108,0.010
BL_W40_T1.5_D8,124947,102,0.010
BL_W40_T1.5_D8,128099,92,0.010
BL_W40_T1.5_D8,130794,82,0.010
BL_W40_T1.5_D10,125992,99,0.420
BL_W40_T1.5_D10,126482,97,0.340
BL_W40_T1.5_D10,129128,88,0.340
BL_W40_T1.5_D10,131823,79,0.340
BL_W40_T1.5_D10,127021,95,0.260
BL_W40_T1.5_D10,129667,86,0.260
BL_W40_T1.5_D10,132362,78,0.260
BL_W40_T1.5_D10,122847,110,0.126
BL_W40_T1.5_D10,127560,93,0.126
BL_W40_T1.5_D10,130206,84,0.126
BL_W40_T1.5_D10,132901,76,0.126
BL_W40_T1.5_D10,133440,74,0.050
BL_W40_T1.5_D10,123397,108,0.010
BL_W40_T1.5_D10,124947,102,0.010
BL_W40_T1.5_D10,128099,92,0.010
BL_W40_T1.5_D10,130794,82,0.010
BL_W40_T1.5_D15,124947,102,0.580
BL_W40_T1.5_D15,125497,101,0.500
BL_W40_T1.5_D15,125992,99,0.420
BL_W40_T1.5_D15,126482,97,0.340
BL_W40_T1.5_D15,129128,88,0.340
BL_W40_T1.5_D15,131823,79,0.340
BL_W40_T1.5_D15,127021,95,0.260
BL_W40_T1.5_D15,129667,86,0.260
BL_W40_T1.5_D15,132362,78,0.260
BL_W40_T1.5_D15,127560,93,0.126
BL_W40_T1.5_D15,130206,84,0.126
BL_W40_T1.5_D15,132901,76,0.126
BL_W40_T1.5_D15,133440,74,0.050
BL_W40_T1.5_D15,123447,108,0.010
BL_W40_T1.5_D15,128099,92,0.010
BL_W40_T1.5_D15,130794,82,0.010
BL_W40_T1.5_D20,125992,99,0.420
BL_W40_T1.5_D20,126482,97,0.340
BL_W40_T1.5_D20,129128,88,0.340
BL_W40_T1.5_D20,131823,79,0.340
BL_W40_T1.5_D20,127021,95,0.260
BL_W40_T1.5_D20,129667,86,0.260
BL_W40_T1.5_D20,132362,78,0.260
BL_W40_T1.5_D20,127560,93,0.126
BL_W40_T1.5_D20,130206,84,0.126
BL_W40_T1.5_D20,132901,76,0.126
BL_W40_T1.5_D20,133440,74,0.050
BL_W40_T1.5_D20,124947,102,0.010
BL_W40_T1.5_D20,128099,92,0.010
BL_W40_T1.5_D20,130794,82,0.010
BL_W40_T1.5_D25,126482,97,0.340
BL_W40_T1.5_D25,129128,88,0.340
BL_W40_T1.5_D25,131823,79,0.340
BL_W40_T1.5_D25,127021,95,0.260
BL_W40_T1.5_D25,129667,86,0.260
BL_W40_T1.5_D25,132362,78,0.260
BL_W40_T1.5_D25,127560,93,0.126
BL_W40_T1.5_D25,130206,84,0.126
BL_W40_T1.5_D25,132901,76,0.126
BL_W40_T1.5_D25,133440,74,0.050
BL_W40_T1.5_D25,124997,102,0.010
BL_W40_T1.5_D25,128099,92,0.010
BL_W40_T1.5_D25,130794,82,0.010
BL_W40_T1.5_D30,126531,97,0.740
BL_W40_T1.5_D30,127021,95,0.660
BL_W40_T1.5_D30,127560,93,0.580
BL_W40_T1.5_D30,128050,92,0.500
BL_W40_T1.5_D30,128589,90,0.420
BL_W40_T1.5_D30,129128,88,0.340
BL_W40_T1.5_D30,131823,79,0.340
BL_W40_T1.5_D30,129667,86,0.260
BL_W40_T1.5_D30,132362,78,0.260
BL_W40_T1.5_D30,130206,84,0.126
BL_W40_T1.5_D30,132901,76,0.126
BL_W40_T1.5_D30,133440,74,0.050
BL_W40_T1.5_D30,130794,82,0.010
BL_W40_T1.7_D2,122297,112,0.260
BL_W40_T1.7_D2,131872,79,0.260
BL_W40_T1.7_D2,120897,118,0.126
BL_W40_T1.7_D2,122797,110,0.126
BL_W40_T1.7_D2,126531,97,0.126
BL_W40_T1.7_D2,132362,78,0.126
BL_W40_T1.7_D2,132901,76,0.050
BL_W40_T1.7_D2,118147,130,0.010
BL_W40_T1.7_D2,121447,116,0.010
BL_W40_T1.7_D2,123397,108,0.010
BL_W40_T1.7_D2,124997,102,0.010
BL_W40_T1.7_D2,127021,95,0.010
BL_W40_T1.7_D2,128099,92,0.010
BL_W40_T1.7_D2,130206,84,0.010
BL_W40_T1.7_D4,122347,112,0.260
BL_W40_T1.7_D4,131872,79,0.260
BL_W40_T1.7_D4,122797,110,0.126
BL_W40_T1.7_D4,126531,97,0.126
BL_W40_T1.7_D4,132362,78,0.126
BL_W40_T1.7_D4,132901,76,0.050
BL_W40_T1.7_D4,123397,108,0.010
BL_W40_T1.7_D4,124997,102,0.010
BL_W40_T1.7_D4,127021,95,0.010
BL_W40_T1.7_D4,128099,92,0.010
BL_W40_T1.7_D4,130206,84,0.010
BL_W40_T1.7_D6,131872,79,0.260
BL_W40_T1.7_D6,122847,110,0.126
BL_W40_T1.7_D6,126531,97,0.126
BL_W40_T1.7_D6,132362,78,0.126
BL_W40_T1.7_D6,132901,76,0.050
BL_W40_T1.7_D6,123397,108,0.010
BL_W40_T1.7_D6,124997,102,0.010
BL_W40_T1.7_D6,127021,95,0.010
BL_W40_T1.7_D6,128099,92,0.010
BL_W40_T1.7_D6,130206,84,0.010
BL_W40_T1.7_D8,131872,79,0.260
BL_W40_T1.7_D8,122847,110,0.126
BL_W40_T1.7_D8,126531,97,0.126
BL_W40_T1.7_D8,132362,78,0.126
BL_W40_T1.7_D8,132901,76,0.050
BL_W40_T1.7_D8,123397,108,0.010
BL_W40_T1.7_D8,124997,102,0.010
BL_W40_T1.7_D8,127021,95,0.010
BL_W40_T1.7_D8,128099,92,0.010
BL_W40_T1.7_D8,130206,84,0.010
BL_W40_T1.7_D10,131872,79,0.260
BL_W40_T1.7_D10,122847,110,0.126
BL_W40_T1.7_D10,126531,97,0.126
BL_W40_T1.7_D10,132362,78,0.126
BL_W40_T1.7_D10,132901,76,0.050
BL_W40_T1.7_D10,123397,108,0.010
BL_W40_T1.7_D10,124997,102,0.010
BL_W40_T1.7_D10,127021,95,0.010
BL_W40_T1.7_D10,128099,92,0.010
BL_W40_T1.7_D10,130206,84,0.010
BL_W40_T1.7_D15,124947,102,0.420
BL_W40_T1.7_D15,125497,101,0.340
BL_W40_T1.7_D15,125992,99,0.260
BL_W40_T1.7_D15,131872,79,0.260
BL_W40_T1.7_D15,126531,97,0.126
BL_W40_T1.7_D15,132362,78,0.126
BL_W40_T1.7_D15,132901,76,0.050
BL_W40_T1.7_D15,123447,108,0.010
BL_W40_T1.7_D15,127021,95,0.010
BL_W40_T1.7_D15,128099,92,0.010
BL_W40_T1.7_D15,130206,84,0.010
BL_W40_T1.7_D20,125992,99,0.260
BL_W40_T1.7_D20,131872,79,0.260
BL_W40_T1.7_D20,126482,97,0.126
BL_W40_T1.7_D20,132362,78,0.126
BL_W40_T1.7_D20,132901,76,0.050
BL_W40_T1.7_D20,124947,102,0.010
BL_W40_T1.7_D20,127021,95,0.010
BL_W40_T1.7_D20,128099,92,0.010
BL_W40_T1.7_D20,130206,84,0.010
BL_W40_T1.7_D25,126482,97,0.340
BL_W40_T1.7_D25,127021,95,0.260
BL_W40_T1.7_D25,131872,79,0.260
BL_W40_T1.7_D25,127560,93,0.126
BL_W40_T1.7_D25,132362,78,0.126
BL_W40_T1.7_D25,132901,76,0.050
BL_W40_T1.7_D25,124997,102,0.010
BL_W40_T1.7_D25,128099,92,0.010
BL_W40_T1.7_D25,130206,84,0.010
BL_W40_T1.7_D30,126531,97,0.660
BL_W40_T1.7_D30,127021,95,0.580
BL_W40_T1.7_D30,127560,93,0.500
BL_W40_T1.7_D30,128050,92,0.420
BL_W40_T1.7_D30,128589,90,0.340
BL_W40_T1.7_D30,129128,88,0.260
BL_W40_T1.7_D30,131872,79,0.260
BL_W40_T1.7_D30,129667,86,0.126
BL_W40_T1.7_D30,132362,78,0.126
BL_W40_T1.7_D30,132901,76,0.050
BL_W40_T1.7_D30,130206,84,0.010
BL_W40_T2.0_D2,122297,112,0.260
BL_W40_T2.0_D2,120897,118,0.126
BL_W40_T2.0_D2,122797,110,0.126
BL_W40_T2.0_D2,126531,97,0.126
BL_W40_T2.0_D2,132901,76,0.050
BL_W40_T2.0_D2,118147,130,0.010
BL_W40_T2.0_D2,121447,116,0.010
BL_W40_T2.0_D2,123397,108,0.010
BL_W40_T2.0_D2,124997,102,0.010
BL_W40_T2.0_D2,127070,95,0.010
BL_W40_T2.0_D4,122347,112,0.260
BL_W40_T2.0_D4,122797,110,0.126
BL_W40_T2.0_D4,126531,97,0.126
BL_W40_T2.0_D4,132901,76,0.050
BL_W40_T2.0_D4,123397,108,0.010
BL_W40_T2.0_D4,124997,102,0.010
BL_W40_T2.0_D4,127070,95,0.010
BL_W40_T2.0_D6,122847,110,0.126
BL_W40_T2.0_D6,126531,97,0.126
BL_W40_T2.0_D6,132901,76,0.050
BL_W40_T2.0_D6,123397,108,0.010
BL_W40_T2.0_D6,124997,102,0.010
BL_W40_T2.0_D6,127070,95,0.010
BL_W40_T2.0_D8,122847,110,0.126
BL_W40_T2.0_D8,126531,97,0.126
BL_W40_T2.0_D8,132901,76,0.050
BL_W40_T2.0_D8,123397,108,0.010
BL_W40_T2.0_D8,124997,102,0.010
BL_W40_T2.0_D8,127070,95,0.010
BL_W40_T2.0_D10,122847,110,0.126
BL_W40_T2.0_D10,126531,97,0.126
BL_W40_T2.0_D10,132901,76,0.050
BL_W40_T2.0_D10,123397,108,0.010
BL_W40_T2.0_D10,124997,102,0.010
BL_W40_T2.0_D10,127070,95,0.010
BL_W40_T2.0_D15,124947,102,0.420
BL_W40_T2.0_D15,125497,101,0.340
BL_W40_T2.0_D15,125992,99,0.260
BL_W40_T2.0_D15,126531,97,0.126
BL_W40_T2.0_D15,132901,76,0.050
BL_W40_T2.0_D15,123447,108,0.010
BL_W40_T2.0_D15,127070,95,0.010
BL_W40_T2.0_D20,125992,99,0.260
BL_W40_T2.0_D20,126482,97,0.126
BL_W40_T2.0_D20,132901,76,0.050
BL_W40_T2.0_D20,124947,102,0.010
BL_W40_T2.0_D20,127070,95,0.010
BL_W40_T2.0_D25,126482,97,0.260
BL_W40_T2.0_D25,127021,95,0.126
BL_W40_T2.0_D25,132901,76,0.050
BL_W40_T2.0_D25,124997,102,0.010
BL_W40_T2.0_D25,127560,93,0.010
BL_W40_T2.0_D30,126531,97,0.660
BL_W40_T2.0_D30,127021,95,0.580
BL_W40_T2.0_D30,127560,93,0.500
BL_W40_T2.0_D30,128050,92,0.420
BL_W40_T2.0_D30,128589,90,0.340
BL_W40_T2.0_D30,129128,88,0.260
BL_W40_T2.0_D30,129667,86,0.126
BL_W40_T2.0_D30,132901,76,0.050
BL_W40_T2.0_D30,130206,84,0.010
BL_W40_T2.2_D2,122297,112,0.260
BL_W40_T2.2_D2,120897,118,0.126
BL_W40_T2.2_D2,122797,110,0.126
BL_W40_T2.2_D2,123397,108,0.050
BL_W40_T2.2_D2,118147,130,0.010
BL_W40_T2.2_D2,121447,116,0.010
BL_W40_T2.2_D4,122347,112,0.260
BL_W40_T2.2_D4,122797,110,0.126
BL_W40_T2.2_D4,123397,108,0.050
BL_W40_T2.2_D6,122847,110,0.126
BL_W40_T2.2_D6,123397,108,0.050
BL_W40_T2.2_D8,122847,110,0.126
BL_W40_T2.2_D8,123397,108,0.050
BL_W40_T2.2_D10,122847,110,0.126
BL_W40_T2.2_D10,123397,108,0.050
BL_W40_T2.2_D15,124947,102,0.260
BL_W40_T2.2_D15,125497,101,0.126
BL_W40_T2.2_D15,125992,99,0.050
BL_W40_T2.2_D15,123447,108,0.010
BL_W40_T2.2_D20,125992,99,0.126
BL_W40_T2.2_D20,126482,97,0.050
BL_W40_T2.2_D20,124947,102,0.010
BL_W40_T2.2_D25,126482,97,0.260
BL_W40_T2.2_D25,127021,95,0.126
BL_W40_T2.2_D25,127560,93,0.050
BL_W40_T2.2_D25,124997,102,0.010
BL_W40_T2.2_D30,126531,97,0.660
BL_W40_T2.2_D30,127021,95,0.580
BL_W40_T2.2_D30,127560,93,0.500
BL_W40_T2.2_D30,128050,92,0.420
BL_W40_T2.2_D30,128589,90,0.340
BL_W40_T2.2_D30,129128,88,0.260
BL_W40_T2.2_D30,129667,86,0.126
BL_W40_T2.2_D30,130206,84,0.050
BL_W40_T2.4_D2,122297,112,0.260
BL_W40_T2.4_D2,120897,118,0.126
BL_W40_T2.4_D2,122797,110,0.126
BL_W40_T2.4_D2,123397,108,0.050
BL_W40_T2.4_D2,118147,130,0.010
BL_W40_T2.4_D2,121447,116,0.010
BL_W40_T2.4_D4,122347,112,0.260
BL_W40_T2.4_D4,122797,110,0.126
BL_W40_T2.4_D4,123397,108,0.050
BL_W40_T2.4_D6,122847,110,0.126
BL_W40_T2.4_D6,123397,108,0.050
BL_W40_T2.4_D8,122847,110,0.126
BL_W40_T2.4_D8,123397,108,0.050
BL_W40_T2.4_D10,122847,110,0.126
BL_W40_T2.4_D10,123397,108,0.050
BL_W40_T2.4_D15,124947,102,0.260
BL_W40_T2.4_D15,125497,101,0.126
BL_W40_T2.4_D15,125992,99,0.050
BL_W40_T2.4_D15,123447,108,0.010
BL_W40_T2.4_D20,125992,99,0.126
BL_W40_T2.4_D20,126482,97,0.050
BL_W40_T2.4_D20,124947,102,0.010
BL_W40_T2.4_D25,126482,97,0.260
BL_W40_T2.4_D25,127021,95,0.126
BL_W40_T2.4_D25,127560,93,0.050
BL_W40_T2.4_D25,124997,102,0.010
BL_W40_T2.4_D30,126531,97,0.660
BL_W40_T2.4_D30,127021,95,0.580
BL_W40_T2.4_D30,127560,93,0.500
BL_W40_T2.4_D30,128050,92,0.420
BL_W40_T2.4_D30,128589,90,0.340
BL_W40_T2.4_D30,129128,88,0.260
BL_W40_T2.4_D30,129667,86,0.126
BL_W40_T2.4_D30,130206,84,0.050
BL_W40_T2.7_D2,122297,112,0.260
BL_W40_T2.7_D2,120897,118,0.126
BL_W40_T2.7_D2,122797,110,0.126
BL_W40_T2.7_D2,123447,108,0.050
BL_W40_T2.7_D2,118147,130,0.010
BL_W40_T2.7_D2,121447,116,0.010
BL_W40_T2.7_D4,122347,112,0.260
BL_W40_T2.7_D4,122797,110,0.126
BL_W40_T2.7_D4,123447,108,0.050
BL_W40_T2.7_D6,122847,110,0.126
BL_W40_T2.7_D6,123397,108,0.050
BL_W40_T2.7_D8,122847,110,0.126
BL_W40_T2.7_D8,123397,108,0.050
BL_W40_T2.7_D10,122847,110,0.126
BL_W40_T2.7_D10,123397,108,0.050
BL_W40_T2.7_D15,124947,102,0.260
BL_W40_T2.7_D15,125497,101,0.126
BL_W40_T2.7_D15,125992,99,0.050
BL_W40_T2.7_D15,123447,108,0.010
BL_W40_T2.7_D20,125992,99,0.126
BL_W40_T2.7_D20,126482,97,0.050
BL_W40_T2.7_D20,124947,102,0.010
BL_W40_T2.7_D25,126482,97,0.260
BL_W40_T2.7_D25,127021,95,0.126
BL_W40_T2.7_D25,127560,93,0.050
BL_W40_T2.7_D25,124997,102,0.010
BL_W40_T2.7_D30,126531,97,0.660
BL_W40_T2.7_D30,127021,95,0.580
BL_W40_T2.7_D30,127560,93,0.500
BL_W40_T2.7_D30,128050,92,0.420
BL_W40_T2.7_D30,128589,90,0.340
BL_W40_T2.7_D30,129128,88,0.260
BL_W40_T2.7_D30,129667,86,0.126
BL_W40_T2.7_D30,130206,84,0.050
BL_W40_T3.0_D2,120897,118,0.126
BL_W40_T3.0_D2,122297,112,0.126
BL_W40_T3.0_D2,122797,110,0.050
BL_W40_T3.0_D2,118147,130,0.010
BL_W40_T3.0_D2,121447,116,0.010
BL_W40_T3.0_D4,122347,112,0.126
BL_W40_T3.0_D4,122797,110,0.050
BL_W40_T3.0_D6,122847,110,0.126
BL_W40_T3.0_D6,123397,108,0.050
BL_W40_T3.0_D8,122847,110,0.126
BL_W40_T3.0_D8,123397,108,0.050
BL_W40_T3.0_D10,122847,110,0.126
BL_W40_T3.0_D10,123397,108,0.050
BL_W40_T3.0_D15,124947,102,0.260
BL_W40_T3.0_D15,125497,101,0.126
BL_W40_T3.0_D15,125992,99,0.050
BL_W40_T3.0_D15,123447,108,0.010
BL_W40_T3.0_D20,125992,99,0.126
BL_W40_T3.0_D20,126482,97,0.050
BL_W40_T3.0_D20,124947,102,0.010
BL_W40_T3.0_D25,126482,97,0.260
BL_W40_T3.0_D25,127021,95,0.126
BL_W40_T3.0_D25,127560,93,0.050
BL_W40_T3.0_D25,124997,102,0.010
BL_W40_T3.0_D30,126531,97,0.660
BL_W40_T3.0_D30,127021,95,0.580
BL_W40_T3.0_D30,127560,93,0.500
BL_W40_T3.0_D30,128050,92,0.420
BL_W40_T3.0_D30,128589,90,0.340
BL_W40_T3.0_D30,129128,88,0.260
BL_W40_T3.0_D30,129667,86,0.126
BL_W40_T3.0_D30,130206,84,0.050
BL_W50_T1.2_D2,124947,102,1.200
BL_W50_T1.2_D2,125497,101,1.200
BL_W50_T1.2_D2,125992,99,1.200
BL_W50_T1.2_D2,126482,97,1.200
BL_W50_T1.2_D2,127021,95,1.140
BL_W50_T1.2_D2,127560,93,1.060
BL_W50_T1.2_D2,128050,92,0.980
BL_W50_T1.2_D2,128589,90,0.900
BL_W50_T1.2_D2,129128,88,0.820
BL_W50_T1.2_D2,129667,86,0.740
BL_W50_T1.2_D2,130206,84,0.660
BL_W50_T1.2_D2,130794,82,0.580
BL_W50_T1.2_D2,131333,81,0.500
BL_W50_T1.2_D2,131823,79,0.420
BL_W50_T1.2_D2,132362,78,0.340
BL_W50_T1.2_D2,122297,112,0.260
BL_W50_T1.2_D2,132852,76,0.260
BL_W50_T1.2_D2,120897,118,0.126
BL_W50_T1.2_D2,122797,110,0.126
BL_W50_T1.2_D2,133440,74,0.126
BL_W50_T1.2_D4,124947,102,1.200
BL_W50_T1.2_D4,125497,101,1.200
BL_W50_T1.2_D4,125992,99,1.200
BL_W50_T1.2_D4,126482,97,1.200
BL_W50_T1.2_D4,127021,95,1.140
BL_W50_T1.2_D4,127560,93,1.060
BL_W50_T1.2_D4,128050,92,0.980
BL_W50_T1.2_D4,128589,90,0.900
BL_W50_T1.2_D4,129128,88,0.820
BL_W50_T1.2_D4,129667,86,0.740
BL_W50_T1.2_D4,130206,84,0.660
BL_W50_T1.2_D4,130794,82,0.580
BL_W50_T1.2_D4,131333,81,0.500
BL_W50_T1.2_D4,131823,79,0.420
BL_W50_T1.2_D4,132362,78,0.340
BL_W50_T1.2_D4,122347,112,0.260
BL_W50_T1.2_D4,132852,76,0.260
BL_W50_T1.2_D4,122797,110,0.126
BL_W50_T1.2_D4,133440,74,0.126
BL_W50_T1.2_D4,133979,73,0.050
BL_W50_T1.2_D6,124947,102,1.200
BL_W50_T1.2_D6,125497,101,1.200
BL_W50_T1.2_D6,125992,99,1.200
BL_W50_T1.2_D6,126482,97,1.200
BL_W50_T1.2_D6,127021,95,1.140
BL_W50_T1.2_D6,127560,93,1.060
BL_W50_T1.2_D6,128050,92,0.980
BL_W50_T1.2_D6,128589,90,0.900
BL_W50_T1.2_D6,129128,88,0.820
BL_W50_T1.2_D6,129667,86,0.740
BL_W50_T1.2_D6,130206,84,0.660
BL_W50_T1.2_D6,130794,82,0.580
BL_W50_T1.2_D6,131333,81,0.500
BL_W50_T1.2_D6,131823,79,0.420
BL_W50_T1.2_D6,132362,78,0.340
BL_W50_T1.2_D6,132852,76,0.260
BL_W50_T1.2_D6,122797,110,0.126
BL_W50_T1.2_D6,133440,74,0.126
BL_W50_T1.2_D6,133979,73,0.050
BL_W50_T1.2_D6,123397,108,0.010
BL_W50_T1.2_D8,124947,102,1.200
BL_W50_T1.2_D8,125497,101,1.200
BL_W50_T1.2_D8,125992,99,1.200
BL_W50_T1.2_D8,126482,97,1.200
BL_W50_T1.2_D8,127021,95,1.140
BL_W50_T1.2_D8,127560,93,1.060
BL_W50_T1.2_D8,128050,92,0.980
BL_W50_T1.2_D8,128589,90,0.900
BL_W50_T1.2_D8,129128,88,0.820
BL_W50_T1.2_D8,129667,86,0.740
BL_W50_T1.2_D8,130206,84,0.660
BL_W50_T1.2_D8,130794,82,0.580
BL_W50_T1.2_D8,131333,81,0.500
BL_W50_T1.2_D8,131823,79,0.420
BL_W50_T1.2_D8,132362,78,0.340
BL_W50_T1.2_D8,132852,76,0.260
BL_W50_T1.2_D8,122847,110,0.126
BL_W50_T1.2_D8,133440,74,0.126
BL_W50_T1.2_D8,133979,73,0.050
BL_W50_T1.2_D8,123397,108,0.010
BL_W50_T1.2_D10,124947,102,1.200
BL_W50_T1.2_D10,125497,101,1.200
BL_W50_T1.2_D10,125992,99,1.200
BL_W50_T1.2_D10,126482,97,1.200
BL_W50_T1.2_D10,127021,95,1.140
BL_W50_T1.2_D10,127560,93,1.060
BL_W50_T1.2_D10,128050,92,0.980
BL_W50_T1.2_D10,128589,90,0.900
BL_W50_T1.2_D10,129128,88,0.820
BL_W50_T1.2_D10,129667,86,0.740
BL_W50_T1.2_D10,130206,84,0.660
BL_W50_T1.2_D10,130794,82,0.580
BL_W50_T1.2_D10,131333,81,0.500
BL_W50_T1.2_D10,131823,79,0.420
BL_W50_T1.2_D10,132362,78,0.340
BL_W50_T1.2_D10,132852,76,0.260
BL_W50_T1.2_D10,122847,110,0.126
BL_W50_T1.2_D10,133440,74,0.126
BL_W50_T1.2_D10,133979,73,0.050
BL_W50_T1.2_D10,123397,108,0.010
BL_W50_T1.2_D15,124947,102,1.200
BL_W50_T1.2_D15,125497,101,1.200
BL_W50_T1.2_D15,125992,99,1.200
BL_W50_T1.2_D15,126482,97,1.200
BL_W50_T1.2_D15,127021,95,1.140
BL_W50_T1.2_D15,127560,93,1.060
BL_W50_T1.2_D15,128050,92,0.980
BL_W50_T1.2_D15,128589,90,0.900
BL_W50_T1.2_D15,129128,88,0.820
BL_W50_T1.2_D15,129667,86,0.740
BL_W50_T1.2_D15,130206,84,0.660
BL_W50_T1.2_D15,130794,82,0.580
BL_W50_T1.2_D15,131333,81,0.500
BL_W50_T1.2_D15,131823,79,0.420
BL_W50_T1.2_D15,132362,78,0.340
BL_W50_T1.2_D15,132852,76,0.260
BL_W50_T1.2_D15,122897,110,0.126
BL_W50_T1.2_D15,133440,74,0.126
BL_W50_T1.2_D15,133979,73,0.050
BL_W50_T1.2_D15,123447,108,0.010
BL_W50_T1.2_D20,125992,99,1.200
BL_W50_T1.2_D20,126482,97,1.200
BL_W50_T1.2_D20,127021,95,1.140
BL_W50_T1.2_D20,127560,93,1.060
BL_W50_T1.2_D20,128050,92,0.980
BL_W50_T1.2_D20,128589,90,0.900
BL_W50_T1.2_D20,129128,88,0.820
BL_W50_T1.2_D20,129667,86,0.740
BL_W50_T1.2_D20,130206,84,0.660
BL_W50_T1.2_D20,130794,82,0.580
BL_W50_T1.2_D20,131333,81,0.500
BL_W50_T1.2_D20,131823,79,0.420
BL_W50_T1.2_D20,132362,78,0.340
BL_W50_T1.2_D20,132852,76,0.260
BL_W50_T1.2_D20,133440,74,0.126
BL_W50_T1.2_D20,133979,73,0.050
BL_W50_T1.2_D20,124997,102,0.010
BL_W50_T1.2_D25,125992,99,1.200
BL_W50_T1.2_D25,126482,97,1.200
BL_W50_T1.2_D25,127021,95,1.140
BL_W50_T1.2_D25,127560,93,1.060
BL_W50_T1.2_D25,128050,92,0.980
BL_W50_T1.2_D25,128589,90,0.900
BL_W50_T1.2_D25,129128,88,0.820
BL_W50_T1.2_D25,129667,86,0.740
BL_W50_T1.2_D25,130206,84,0.660
BL_W50_T1.2_D25,130794,82,0.580
BL_W50_T1.2_D25,131333,81,0.500
BL_W50_T1.2_D25,131823,79,0.420
BL_W50_T1.2_D25,132362,78,0.340
BL_W50_T1.2_D25,132852,76,0.260
BL_W50_T1.2_D25,133440,74,0.126
BL_W50_T1.2_D25,133979,73,0.050
BL_W50_T1.2_D25,124997,102,0.010
BL_W50_T1.2_D30,126531,97,1.200
BL_W50_T1.2_D30,127021,95,1.140
BL_W50_T1.2_D30,127560,93,1.060
BL_W50_T1.2_D30,128050,92,0.980
BL_W50_T1.2_D30,128589,90,0.900
BL_W50_T1.2_D30,129128,88,0.820
BL_W50_T1.2_D30,129667,86,0.740
BL_W50_T1.2_D30,130206,84,0.660
BL_W50_T1.2_D30,130794,82,0.580
BL_W50_T1.2_D30,131333,81,0.500
BL_W50_T1.2_D30,131823,79,0.420
BL_W50_T1.2_D30,132362,78,0.340
BL_W50_T1.2_D30,132852,76,0.260
BL_W50_T1.2_D30,133440,74,0.126
BL_W50_T1.2_D30,133979,73,0.050
BL_W50_T1.5_D2,125992,99,0.820
BL_W50_T1.5_D2,126482,97,0.740
BL_W50_T1.5_D2,127021,95,0.660
BL_W50_T1.5_D2,127560,93,0.580
BL_W50_T1.5_D2,128099,92,0.500
BL_W50_T1.5_D2,128638,90,0.420
BL_W50_T1.5_D2,129128,88,0.340
BL_W50_T1.5_D2,131823,79,0.340
BL_W50_T1.5_D2,122297,112,0.260
BL_W50_T1.5_D2,129667,86,0.260
BL_W50_T1.5_D2,132362,78,0.260
BL_W50_T1.5_D2,120897,118,0.126
BL_W50_T1.5_D2,122797,110,0.126
BL_W50_T1.5_D2,130206,84,0.126
BL_W50_T1.5_D2,132901,76,0.126
BL_W50_T1.5_D2,133440,74,0.050
BL_W50_T1.5_D2,118147,130,0.010
BL_W50_T1.5_D2,121447,116,0.010
BL_W50_T1.5_D2,123397,108,0.010
BL_W50_T1.5_D2,124947,102,0.010
BL_W50_T1.5_D4,125992,99,0.820
BL_W50_T1.5_D4,126482,97,0.740
BL_W50_T1.5_D4,127021,95,0.660
BL_W50_T1.5_D4,127560,93,0.580
BL_W50_T1.5_D4,128099,92,0.500
BL_W50_T1.5_D4,128638,90,0.420
BL_W50_T1.5_D4,129128,88,0.340
BL_W50_T1.5_D4,131823,79,0.340
BL_W50_T1.5_D4,122347,112,0.260
BL_W50_T1.5_D4,129667,86,0.260
BL_W50_T1.5_D4,132362,78,0.260
BL_W50_T1.5_D4,122797,110,0.126
BL_W50_T1.5_D4,130206,84,0.126
BL_W50_T1.5_D4,132901,76,0.126
BL_W50_T1.5_D4,133440,74,0.050
BL_W50_T1.5_D4,123397,108,0.010
BL_W50_T1.5_D4,124947,102,0.010
BL_W50_T1.5_D4,130794,82,0.010
BL_W50_T1.5_D6,125992,99,0.820
BL_W50_T1.5_D6,126482,97,0.740
BL_W50_T1.5_D6,127021,95,0.660
BL_W50_T1.5_D6,127560,93,0.580
BL_W50_T1.5_D6,128099,92,0.500
BL_W50_T1.5_D6,128638,90,0.420
BL_W50_T1.5_D6,129128,88,0.340
BL_W50_T1.5_D6,131823,79,0.340
BL_W50_T1.5_D6,129667,86,0.260
BL_W50_T1.5_D6,132362,78,0.260
BL_W50_T1.5_D6,122797,110,0.126
BL_W50_T1.5_D6,130206,84,0.126
BL_W50_T1.5_D6,132901,76,0.126
BL_W50_T1.5_D6,133440,74,0.050
BL_W50_T1.5_D6,123397,108,0.010
BL_W50_T1.5_D6,124947,102,0.010
BL_W50_T1.5_D6,130794,82,0.010
BL_W50_T1.5_D8,125992,99,0.820
BL_W50_T1.5_D8,126482,97,0.740
BL_W50_T1.5_D8,127021,95,0.660
BL_W50_T1.5_D8,127560,93,0.580
BL_W50_T1.5_D8,128099,92,0.500
BL_W50_T1.5_D8,128638,90,0.420
BL_W50_T1.5_D8,129128,88,0.340
BL_W50_T1.5_D8,131823,79,0.340
BL_W50_T1.5_D8,129667,86,0.260
BL_W50_T1.5_D8,132362,78,0.260
BL_W50_T1.5_D8,122847,110,0.126
BL_W50_T1.5_D8,130206,84,0.126
BL_W50_T1.5_D8,132901,76,0.126
BL_W50_T1.5_D8,133440,74,0.050
BL_W50_T1.5_D8,123397,108,0.010
BL_W50_T1.5_D8,124947,102,0.010
BL_W50_T1.5_D8,130794,82,0.010
BL_W50_T1.5_D10,125992,99,0.820
BL_W50_T1.5_D10,126482,97,0.740
BL_W50_T1.5_D10,127021,95,0.660
BL_W50_T1.5_D10,127560,93,0.580
BL_W50_T1.5_D10,128099,92,0.500
BL_W50_T1.5_D10,128638,90,0.420
BL_W50_T1.5_D10,129128,88,0.340
BL_W50_T1.5_D10,131823,79,0.340
BL_W50_T1.5_D10,129667,86,0.260
BL_W50_T1.5_D10,132362,78,0.260
BL_W50_T1.5_D10,122847,110,0.126
BL_W50_T1.5_D10,130206,84,0.126
BL_W50_T1.5_D10,132901,76,0.126
BL_W50_T1.5_D10,133440,74,0.050
BL_W50_T1.5_D10,123397,108,0.010
BL_W50_T1.5_D10,124947,102,0.010
BL_W50_T1.5_D10,130794,82,0.010
BL_W50_T1.5_D15,124947,102,0.980
BL_W50_T1.5_D15,125497,101,0.900
BL_W50_T1.5_D15,125992,99,0.820
BL_W50_T1.5_D15,126482,97,0.740
BL_W50_T1.5_D15,127021,95,0.660
BL_W50_T1.5_D15,127560,93,0.580
BL_W50_T1.5_D15,128099,92,0.500
BL_W50_T1.5_D15,128638,90,0.420
BL_W50_T1.5_D15,129128,88,0.340
BL_W50_T1.5_D15,131823,79,0.340
BL_W50_T1.5_D15,129667,86,0.260
BL_W50_T1.5_D15,132362,78,0.260
BL_W50_T1.5_D15,122897,110,0.126
BL_W50_T1.5_D15,130206,84,0.126
BL_W50_T1.5_D15,132901,76,0.126
BL_W50_T1.5_D15,133440,74,0.050
BL_W50_T1.5_D15,123447,108,0.010
BL_W50_T1.5_D15,130794,82,0.010
BL_W50_T1.5_D20,125992,99,0.820
BL_W50_T1.5_D20,126482,97,0.740
BL_W50_T1.5_D20,127021,95,0.660
BL_W50_T1.5_D20,127560,93,0.580
BL_W50_T1.5_D20,128099,92,0.500
BL_W50_T1.5_D20,128638,90,0.420
BL_W50_T1.5_D20,129128,88,0.340
BL_W50_T1.5_D20,131823,79,0.340
BL_W50_T1.5_D20,129667,86,0.260
BL_W50_T1.5_D20,132362,78,0.260
BL_W50_T1.5_D20,130206,84,0.126
BL_W50_T1.5_D20,132901,76,0.126
BL_W50_T1.5_D20,133440,74,0.050
BL_W50_T1.5_D20,124997,102,0.010
BL_W50_T1.5_D20,130794,82,0.010
BL_W50_T1.5_D25,125992,99,0.820
BL_W50_T1.5_D25,126482,97,0.740
BL_W50_T1.5_D25,127021,95,0.660
BL_W50_T1.5_D25,127560,93,0.580
BL_W50_T1.5_D25,128050,92,0.500
BL_W50_T1.5_D25,128638,90,0.420
BL_W50_T1.5_D25,129128,88,0.340
BL_W50_T1.5_D25,131823,79,0.340
BL_W50_T1.5_D25,129667,86,0.260
BL_W50_T1.5_D25,132362,78,0.260
BL_W50_T1.5_D25,130206,84,0.126
BL_W50_T1.5_D25,132901,76,0.126
BL_W50_T1.5_D25,133440,74,0.050
BL_W50_T1.5_D25,124997,102,0.010
BL_W50_T1.5_D25,130794,82,0.010
BL_W50_T1.5_D30,126531,97,0.740
BL_W50_T1.5_D30,127021,95,0.660
BL_W50_T1.5_D30,127560,93,0.580
BL_W50_T1.5_D30,128050,92,0.500
BL_W50_T1.5_D30,128589,90,0.420
BL_W50_T1.5_D30,129128,88,0.340
BL_W50_T1.5_D30,131823,79,0.340
BL_W50_T1.5_D30,129667,86,0.260
BL_W50_T1.5_D30,132362,78,0.260
BL_W50_T1.5_D30,130206,84,0.126
BL_W50_T1.5_D30,132901,76,0.126
BL_W50_T1.5_D30,133440,74,0.050
BL_W50_T1.5_D30,130794,82,0.010
BL_W50_T1.7_D2,122297,112,0.260
BL_W50_T1.7_D2,125992,99,0.260
BL_W50_T1.7_D2,120897,118,0.126
BL_W50_T1.7_D2,122797,110,0.126
BL_W50_T1.7_D2,126482,97,0.126
BL_W50_T1.7_D2,129716,86,0.126
BL_W50_T1.7_D2,132901,76,0.050
BL_W50_T1.7_D2,118147,130,0.010
BL_W50_T1.7_D2,121447,116,0.010
BL_W50_T1.7_D2,123397,108,0.010
BL_W50_T1.7_D2,124997,102,0.010
BL_W50_T1.7_D2,127021,95,0.010
BL_W50_T1.7_D2,128099,92,0.010
BL_W50_T1.7_D2,130255,84,0.010
BL_W50_T1.7_D2,131872,79,0.010
BL_W50_T1.7_D4,122347,112,0.260
BL_W50_T1.7_D4,125992,99,0.260
BL_W50_T1.7_D4,122797,110,0.126
BL_W50_T1.7_D4,126482,97,0.126
BL_W50_T1.7_D4,129716,86,0.126
BL_W50_T1.7_D4,132901,76,0.050
BL_W50_T1.7_D4,123397,108,0.010
BL_W50_T1.7_D4,124997,102,0.010
BL_W50_T1.7_D4,127021,95,0.010
BL_W50_T1.7_D4,128099,92,0.010
BL_W50_T1.7_D4,130255,84,0.010
BL_W50_T1.7_D4,131872,79,0.010
BL_W50_T1.7_D6,125992,99,0.260
BL_W50_T1.7_D6,122797,110,0.126
BL_W50_T1.7_D6,126482,97,0.126
BL_W50_T1.7_D6,129716,86,0.126
BL_W50_T1.7_D6,132901,76,0.050
BL_W50_T1.7_D6,123397,108,0.010
BL_W50_T1.7_D6,124997,102,0.010
BL_W50_T1.7_D6,127021,95,0.010
BL_W50_T1.7_D6,128099,92,0.010
BL_W50_T1.7_D6,130255,84,0.010
BL_W50_T1.7_D6,131872,79,0.010
BL_W50_T1.7_D8,125992,99,0.260
BL_W50_T1.7_D8,122847,110,0.126
BL_W50_T1.7_D8,126482,97,0.126
BL_W50_T1.7_D8,129716,86,0.126
BL_W50_T1.7_D8,132901,76,0.050
BL_W50_T1.7_D8,123397,108,0.010
BL_W50_T1.7_D8,124997,102,0.010
BL_W50_T1.7_D8,127021,95,0.010
BL_W50_T1.7_D8,128099,92,0.010
BL_W50_T1.7_D8,130255,84,0.010
BL_W50_T1.7_D8,131872,79,0.010
BL_W50_T1.7_D10,125992,99,0.260
BL_W50_T1.7_D10,122847,110,0.126
BL_W50_T1.7_D10,126482,97,0.126
BL_W50_T1.7_D10,129716,86,0.126
BL_W50_T1.7_D10,132901,76,0.050
BL_W50_T1.7_D10,123397,108,0.010
BL_W50_T1.7_D10,124997,102,0.010
BL_W50_T1.7_D10,127021,95,0.010
BL_W50_T1.7_D10,128099,92,0.010
BL_W50_T1.7_D10,130255,84,0.010
BL_W50_T1.7_D10,131872,79,0.010
BL_W50_T1.7_D15,124947,102,0.420
BL_W50_T1.7_D15,125497,101,0.340
BL_W50_T1.7_D15,125992,99,0.260
BL_W50_T1.7_D15,122897,110,0.126
BL_W50_T1.7_D15,126482,97,0.126
BL_W50_T1.7_D15,129716,86,0.126
BL_W50_T1.7_D15,132901,76,0.050
BL_W50_T1.7_D15,123447,108,0.010
BL_W50_T1.7_D15,127021,95,0.010
BL_W50_T1.7_D15,128099,92,0.010
BL_W50_T1.7_D15,130255,84,0.010
BL_W50_T1.7_D15,131872,79,0.010
BL_W50_T1.7_D20,125992,99,0.260
BL_W50_T1.7_D20,126482,97,0.126
BL_W50_T1.7_D20,129716,86,0.126
BL_W50_T1.7_D20,132901,76,0.050
BL_W50_T1.7_D20,124997,102,0.010
BL_W50_T1.7_D20,127021,95,0.010
BL_W50_T1.7_D20,128099,92,0.010
BL_W50_T1.7_D20,130255,84,0.010
BL_W50_T1.7_D20,131872,79,0.010
BL_W50_T1.7_D25,125992,99,0.420
BL_W50_T1.7_D25,126482,97,0.340
BL_W50_T1.7_D25,127021,95,0.260
BL_W50_T1.7_D25,127560,93,0.126
BL_W50_T1.7_D25,129716,86,0.126
BL_W50_T1.7_D25,132901,76,0.050
BL_W50_T1.7_D25,124997,102,0.010
BL_W50_T1.7_D25,128050,92,0.010
BL_W50_T1.7_D25,130255,84,0.010
BL_W50_T1.7_D25,131872,79,0.010
BL_W50_T1.7_D30,126531,97,0.660
BL_W50_T1.7_D30,127021,95,0.580
BL_W50_T1.7_D30,127560,93,0.500
BL_W50_T1.7_D30,128050,92,0.420
BL_W50_T1.7_D30,128589,90,0.340
BL_W50_T1.7_D30,129128,88,0.260
BL_W50_T1.7_D30,129667,86,0.126
BL_W50_T1.7_D30,132901,76,0.050
BL_W50_T1.7_D30,130206,84,0.010
BL_W50_T1.7_D30,131872,79,0.010
BL_W50_T2.0_D2,122297,112,0.260
BL_W50_T2.0_D2,120897,118,0.126
BL_W50_T2.0_D2,122797,110,0.126
BL_W50_T2.0_D2,126531,97,0.126
BL_W50_T2.0_D2,132901,76,0.050
BL_W50_T2.0_D2,118147,130,0.010
BL_W50_T2.0_D2,121447,116,0.010
BL_W50_T2.0_D2,123397,108,0.010
BL_W50_T2.0_D2,127070,95,0.010
BL_W50_T2.0_D2,128099,92,0.010
BL_W50_T2.0_D4,122347,112,0.260
BL_W50_T2.0_D4,122797,110,0.126
BL_W50_T2.0_D4,126531,97,0.126
BL_W50_T2.0_D4,132901,76,0.050
BL_W50_T2.0_D4,123397,108,0.010
BL_W50_T2.0_D4,127070,95,0.010
BL_W50_T2.0_D4,128099,92,0.010
BL_W50_T2.0_D6,122797,110,0.126
BL_W50_T2.0_D6,126531,97,0.126
BL_W50_T2.0_D6,132901,76,0.050
BL_W50_T2.0_D6,123397,108,0.010
BL_W50_T2.0_D6,127070,95,0.010
BL_W50_T2.0_D6,128099,92,0.010
BL_W50_T2.0_D8,122847,110,0.126
BL_W50_T2.0_D8,126531,97,0.126
BL_W50_T2.0_D8,132901,76,0.050
BL_W50_T2.0_D8,123397,108,0.010
BL_W50_T2.0_D8,127070,95,0.010
BL_W50_T2.0_D8,128099,92,0.010
BL_W50_T2.0_D10,122847,110,0.126
BL_W50_T2.0_D10,126531,97,0.126
BL_W50_T2.0_D10,132901,76,0.050
BL_W50_T2.0_D10,123397,108,0.010
BL_W50_T2.0_D10,127070,95,0.010
BL_W50_T2.0_D10,128099,92,0.010
BL_W50_T2.0_D15,124947,102,0.420
BL_W50_T2.0_D15,125497,101,0.340
BL_W50_T2.0_D15,125992,99,0.260
BL_W50_T2.0_D15,122897,110,0.126
BL_W50_T2.0_D15,126531,97,0.126
BL_W50_T2.0_D15,132901,76,0.050
BL_W50_T2.0_D15,123447,108,0.010
BL_W50_T2.0_D15,127070,95,0.010
BL_W50_T2.0_D15,128099,92,0.010
BL_W50_T2.0_D20,125992,99,0.260
BL_W50_T2.0_D20,126482,97,0.126
BL_W50_T2.0_D20,132901,76,0.050
BL_W50_T2.0_D20,124997,102,0.010
BL_W50_T2.0_D20,127021,95,0.010
BL_W50_T2.0_D20,128099,92,0.010
BL_W50_T2.0_D25,125992,99,0.420
BL_W50_T2.0_D25,126482,97,0.340
BL_W50_T2.0_D25,127021,95,0.260
BL_W50_T2.0_D25,127560,93,0.126
BL_W50_T2.0_D25,132901,76,0.050
BL_W50_T2.0_D25,124997,102,0.010
BL_W50_T2.0_D25,128050,92,0.010
BL_W50_T2.0_D30,126531,97,0.660
BL_W50_T2.0_D30,127021,95,0.580
BL_W50_T2.0_D30,127560,93,0.500
BL_W50_T2.0_D30,128050,92,0.420
BL_W50_T2.0_D30,128589,90,0.340
BL_W50_T2.0_D30,129128,88,0.260
BL_W50_T2.0_D30,129667,86,0.126
BL_W50_T2.0_D30,132901,76,0.050
BL_W50_T2.0_D30,130206,84,0.010
BL_W50_T2.2_D2,122297,112,0.260
BL_W50_T2.2_D2,120897,118,0.126
BL_W50_T2.2_D2,122797,110,0.126
BL_W50_T2.2_D2,126531,97,0.050
BL_W50_T2.2_D2,118147,130,0.010
BL_W50_T2.2_D2,121447,116,0.010
BL_W50_T2.2_D2,123397,108,0.010
BL_W50_T2.2_D4,122347,112,0.260
BL_W50_T2.2_D4,122797,110,0.126
BL_W50_T2.2_D4,126531,97,0.050
BL_W50_T2.2_D4,123397,108,0.010
BL_W50_T2.2_D6,122797,110,0.126
BL_W50_T2.2_D6,126531,97,0.050
BL_W50_T2.2_D6,123397,108,0.010
BL_W50_T2.2_D8,122847,110,0.126
BL_W50_T2.2_D8,126531,97,0.050
BL_W50_T2.2_D8,123397,108,0.010
BL_W50_T2.2_D10,122847,110,0.126
BL_W50_T2.2_D10,126531,97,0.050
BL_W50_T2.2_D10,123397,108,0.010
BL_W50_T2.2_D15,124947,102,0.340
BL_W50_T2.2_D15,125497,101,0.260
BL_W50_T2.2_D15,122897,110,0.126
BL_W50_T2.2_D15,125992,99,0.126
BL_W50_T2.2_D15,126531,97,0.050
BL_W50_T2.2_D15,123447,108,0.010
BL_W50_T2.2_D20,125992,99,0.260
BL_W50_T2.2_D20,126482,97,0.126
BL_W50_T2.2_D20,127021,95,0.050
BL_W50_T2.2_D20,124997,102,0.010
BL_W50_T2.2_D25,125992,99,0.420
BL_W50_T2.2_D25,126482,97,0.340
BL_W50_T2.2_D25,127021,95,0.260
BL_W50_T2.2_D25,127560,93,0.126
BL_W50_T2.2_D25,128050,92,0.050
BL_W50_T2.2_D25,124997,102,0.010
BL_W50_T2.2_D30,126531,97,0.660
BL_W50_T2.2_D30,127021,95,0.580
BL_W50_T2.2_D30,127560,93,0.500
BL_W50_T2.2_D30,128050,92,0.420
BL_W50_T2.2_D30,128589,90,0.340
BL_W50_T2.2_D30,129128,88,0.260
BL_W50_T2.2_D30,129667,86,0.126
BL_W50_T2.2_D30,130206,84,0.050
BL_W50_T2.4_D2,122297,112,0.260
BL_W50_T2.4_D2,120897,118,0.126
BL_W50_T2.4_D2,122797,110,0.126
BL_W50_T2.4_D2,123397,108,0.050
BL_W50_T2.4_D2,118147,130,0.010
BL_W50_T2.4_D2,121447,116,0.010
BL_W50_T2.4_D4,122347,112,0.260
BL_W50_T2.4_D4,122797,110,0.126
BL_W50_T2.4_D4,123397,108,0.050
BL_W50_T2.4_D6,122797,110,0.126
BL_W50_T2.4_D6,123397,108,0.050
BL_W50_T2.4_D8,122847,110,0.126
BL_W50_T2.4_D8,123397,108,0.050
BL_W50_T2.4_D10,122847,110,0.126
BL_W50_T2.4_D10,123397,108,0.050
BL_W50_T2.4_D15,124947,102,0.260
BL_W50_T2.4_D15,122897,110,0.126
BL_W50_T2.4_D15,125497,101,0.126
BL_W50_T2.4_D15,125992,99,0.050
BL_W50_T2.4_D15,123447,108,0.010
BL_W50_T2.4_D20,125992,99,0.260
BL_W50_T2.4_D20,126482,97,0.126
BL_W50_T2.4_D20,127021,95,0.050
BL_W50_T2.4_D20,124997,102,0.010
BL_W50_T2.4_D25,125992,99,0.420
BL_W50_T2.4_D25,126482,97,0.340
BL_W50_T2.4_D25,127021,95,0.260
BL_W50_T2.4_D25,127560,93,0.126
BL_W50_T2.4_D25,128050,92,0.050
BL_W50_T2.4_D25,124997,102,0.010
BL_W50_T2.4_D30,126531,97,0.660
BL_W50_T2.4_D30,127021,95,0.580
BL_W50_T2.4_D30,127560,93,0.500
BL_W50_T2.4_D30,128050,92,0.420
BL_W50_T2.4_D30,128589,90,0.340
BL_W50_T2.4_D30,129128,88,0.260
BL_W50_T2.4_D30,129667,86,0.126
BL_W50_T2.4_D30,130206,84,0.050
BL_W50_T2.7_D2,122297,112,0.260
BL_W50_T2.7_D2,120897,118,0.126
BL_W50_T2.7_D2,122797,110,0.126
BL_W50_T2.7_D2,123397,108,0.050
BL_W50_T2.7_D2,118147,130,0.010
BL_W50_T2.7_D2,121447,116,0.010
BL_W50_T2.7_D4,122347,112,0.260
BL_W50_T2.7_D4,122797,110,0.126
BL_W50_T2.7_D4,123397,108,0.050
BL_W50_T2.7_D6,122797,110,0.126
BL_W50_T2.7_D6,123397,108,0.050
BL_W50_T2.7_D8,122847,110,0.126
BL_W50_T2.7_D8,123397,108,0.050
BL_W50_T2.7_D10,122847,110,0.126
BL_W50_T2.7_D10,123397,108,0.050
BL_W50_T2.7_D15,124947,102,0.260
BL_W50_T2.7_D15,122897,110,0.126
BL_W50_T2.7_D15,125497,101,0.126
BL_W50_T2.7_D15,125992,99,0.050
BL_W50_T2.7_D15,123447,108,0.010
BL_W50_T2.7_D20,125992,99,0.260
BL_W50_T2.7_D20,126482,97,0.126
BL_W50_T2.7_D20,127021,95,0.050
BL_W50_T2.7_D20,124997,102,0.010
BL_W50_T2.7_D25,125992,99,0.420
BL_W50_T2.7_D25,126482,97,0.340
BL_W50_T2.7_D25,127021,95,0.260
BL_W50_T2.7_D25,127560,93,0.126
BL_W50_T2.7_D25,128050,92,0.050
BL_W50_T2.7_D25,124997,102,0.010
BL_W50_T2.7_D30,126531,97,0.660
BL_W50_T2.7_D30,127021,95,0.580
BL_W50_T2.7_D30,127560,93,0.500
BL_W50_T2.7_D30,128050,92,0.420
BL_W50_T2.7_D30,128589,90,0.340
BL_W50_T2.7_D30,129128,88,0.260
BL_W50_T2.7_D30,129667,86,0.126
BL_W50_T2.7_D30,130206,84,0.050
BL_W50_T3.0_D2,122297,112,0.260
BL_W50_T3.0_D2,120897,118,0.126
BL_W50_T3.0_D2,122847,110,0.126
BL_W50_T3.0_D2,123447,108,0.050
BL_W50_T3.0_D2,118147,130,0.010
BL_W50_T3.0_D2,121447,116,0.010
BL_W50_T3.0_D4,122347,112,0.260
BL_W50_T3.0_D4,122797,110,0.126
BL_W50_T3.0_D4,123447,108,0.050
BL_W50_T3.0_D6,122797,110,0.126
BL_W50_T3.0_D6,123397,108,0.050
BL_W50_T3.0_D8,122847,110,0.126
BL_W50_T3.0_D8,123397,108,0.050
BL_W50_T3.0_D10,122847,110,0.126
BL_W50_T3.0_D10,123397,108,0.050
BL_W50_T3.0_D15,124947,102,0.260
BL_W50_T3.0_D15,122897,110,0.126
BL_W50_T3.0_D15,125497,101,0.126
BL_W50_T3.0_D15,125992,99,0.050
BL_W50_T3.0_D15,123447,108,0.010
BL_W50_T3.0_D20,125992,99,0.260
BL_W50_T3.0_D20,126482,97,0.126
BL_W50_T3.0_D20,127021,95,0.050
BL_W50_T3.0_D20,124997,102,0.010
BL_W50_T3.0_D25,125992,99,0.420
BL_W50_T3.0_D25,126482,97,0.340
BL_W50_T3.0_D25,127021,95,0.260
BL_W50_T3.0_D25,127560,93,0.126
BL_W50_T3.0_D25,128050,92,0.050
BL_W50_T3.0_D25,124997,102,0.010
BL_W50_T3.0_D30,126531,97,0.660
BL_W50_T3.0_D30,127021,95,0.580
BL_W50_T3.0_D30,127560,93,0.500
BL_W50_T3.0_D30,128050,92,0.420
BL_W50_T3.0_D30,128589,90,0.340
BL_W50_T3.0_D30,129128,88,0.260
BL_W50_T3.0_D30,129667,86,0.126
BL_W50_T3.0_D30,130206,84,0.050
BL_W60_T1.2_D2,125992,99,1.200
BL_W60_T1.2_D2,126482,97,1.200
BL_W60_T1.2_D2,127021,95,1.140
BL_W60_T1.2_D2,127560,93,1.060
BL_W60_T1.2_D2,128050,92,0.980
BL_W60_T1.2_D2,128589,90,0.900
BL_W60_T1.2_D2,129128,88,0.820
BL_W60_T1.2_D2,129667,86,0.740
BL_W60_T1.2_D2,130206,84,0.660
BL_W60_T1.2_D2,130794,82,0.580
BL_W60_T1.2_D2,131333,81,0.500
BL_W60_T1.2_D2,131823,79,0.420
BL_W60_T1.2_D2,132362,78,0.340
BL_W60_T1.2_D2,122297,112,0.260
BL_W60_T1.2_D2,132852,76,0.260
BL_W60_T1.2_D2,118147,130,0.126
BL_W60_T1.2_D2,122797,110,0.126
BL_W60_T1.2_D2,133440,74,0.126
BL_W60_T1.2_D2,133979,73,0.050
BL_W60_T1.2_D2,118497,129,0.010
BL_W60_T1.2_D4,125992,99,1.200
BL_W60_T1.2_D4,126482,97,1.200
BL_W60_T1.2_D4,127021,95,1.140
BL_W60_T1.2_D4,127560,93,1.060
BL_W60_T1.2_D4,128050,92,0.980
BL_W60_T1.2_D4,128589,90,0.900
BL_W60_T1.2_D4,129128,88,0.820
BL_W60_T1.2_D4,129667,86,0.740
BL_W60_T1.2_D4,130206,84,0.660
BL_W60_T1.2_D4,130794,82,0.580
BL_W60_T1.2_D4,131333,81,0.500
BL_W60_T1.2_D4,131823,79,0.420
BL_W60_T1.2_D4,132362,78,0.340
BL_W60_T1.2_D4,122347,112,0.260
BL_W60_T1.2_D4,132852,76,0.260
BL_W60_T1.2_D4,122797,110,0.126
BL_W60_T1.2_D4,133440,74,0.126
BL_W60_T1.2_D4,133979,73,0.050
BL_W60_T1.2_D4,123347,108,0.010
BL_W60_T1.2_D4,124947,102,0.010
BL_W60_T1.2_D6,125992,99,1.200
BL_W60_T1.2_D6,126482,97,1.200
BL_W60_T1.2_D6,127021,95,1.140
BL_W60_T1.2_D6,127560,93,1.060
BL_W60_T1.2_D6,128050,92,0.980
BL_W60_T1.2_D6,128589,90,0.900
BL_W60_T1.2_D6,129128,88,0.820
BL_W60_T1.2_D6,129667,86,0.740
BL_W60_T1.2_D6,130206,84,0.660
BL_W60_T1.2_D6,130794,82,0.580
BL_W60_T1.2_D6,131333,81,0.500
BL_W60_T1.2_D6,131823,79,0.420
BL_W60_T1.2_D6,132362,78,0.340
BL_W60_T1.2_D6,132852,76,0.260
BL_W60_T1.2_D6,122797,110,0.126
BL_W60_T1.2_D6,133440,74,0.126
BL_W60_T1.2_D6,133979,73,0.050
BL_W60_T1.2_D6,123347,108,0.010
BL_W60_T1.2_D6,124947,102,0.010
BL_W60_T1.2_D8,125992,99,1.200
BL_W60_T1.2_D8,126482,97,1.200
BL_W60_T1.2_D8,127021,95,1.140
BL_W60_T1.2_D8,127560,93,1.060
BL_W60_T1.2_D8,128050,92,0.980
BL_W60_T1.2_D8,128589,90,0.900
BL_W60_T1.2_D8,129128,88,0.820
BL_W60_T1.2_D8,129667,86,0.740
BL_W60_T1.2_D8,130206,84,0.660
BL_W60_T1.2_D8,130794,82,0.580
BL_W60_T1.2_D8,131333,81,0.500
BL_W60_T1.2_D8,131823,79,0.420
BL_W60_T1.2_D8,132362,78,0.340
BL_W60_T1.2_D8,132852,76,0.260
BL_W60_T1.2_D8,122847,110,0.126
BL_W60_T1.2_D8,133440,74,0.126
BL_W60_T1.2_D8,133979,73,0.050
BL_W60_T1.2_D8,123397,108,0.010
BL_W60_T1.2_D8,124947,102,0.010
BL_W60_T1.2_D10,125992,99,1.200
BL_W60_T1.2_D10,126482,97,1.200
BL_W60_T1.2_D10,127021,95,1.140
BL_W60_T1.2_D10,127560,93,1.060
BL_W60_T1.2_D10,128050,92,0.980
BL_W60_T1.2_D10,128589,90,0.900
BL_W60_T1.2_D10,129128,88,0.820
BL_W60_T1.2_D10,129667,86,0.740
BL_W60_T1.2_D10,130206,84,0.660
BL_W60_T1.2_D10,130794,82,0.580
BL_W60_T1.2_D10,131333,81,0.500
BL_W60_T1.2_D10,131823,79,0.420
BL_W60_T1.2_D10,132362,78,0.340
BL_W60_T1.2_D10,132852,76,0.260
BL_W60_T1.2_D10,122847,110,0.126
BL_W60_T1.2_D10,133440,74,0.126
BL_W60_T1.2_D10,133979,73,0.050
BL_W60_T1.2_D10,123397,108,0.010
BL_W60_T1.2_D10,124947,102,0.010
BL_W60_T1.2_D15,124947,102,1.200
BL_W60_T1.2_D15,125497,101,1.200
BL_W60_T1.2_D15,125992,99,1.200
BL_W60_T1.2_D15,126482,97,1.200
BL_W60_T1.2_D15,127021,95,1.140
BL_W60_T1.2_D15,127560,93,1.060
BL_W60_T1.2_D15,128050,92,0.980
BL_W60_T1.2_D15,128589,90,0.900
BL_W60_T1.2_D15,129128,88,0.820
BL_W60_T1.2_D15,129667,86,0.740
BL_W60_T1.2_D15,130206,84,0.660
BL_W60_T1.2_D15,130794,82,0.580
BL_W60_T1.2_D15,131333,81,0.500
BL_W60_T1.2_D15,131823,79,0.420
BL_W60_T1.2_D15,132362,78,0.340
BL_W60_T1.2_D15,132852,76,0.260
BL_W60_T1.2_D15,122897,110,0.126
BL_W60_T1.2_D15,133440,74,0.126
BL_W60_T1.2_D15,133979,73,0.050
BL_W60_T1.2_D15,123447,108,0.010
BL_W60_T1.2_D20,125992,99,1.200
BL_W60_T1.2_D20,126482,97,1.200
BL_W60_T1.2_D20,127021,95,1.140
BL_W60_T1.2_D20,127560,93,1.060
BL_W60_T1.2_D20,128050,92,0.980
BL_W60_T1.2_D20,128589,90,0.900
BL_W60_T1.2_D20,129128,88,0.820
BL_W60_T1.2_D20,129667,86,0.740
BL_W60_T1.2_D20,130206,84,0.660
BL_W60_T1.2_D20,130794,82,0.580
BL_W60_T1.2_D20,131333,81,0.500
BL_W60_T1.2_D20,131823,79,0.420
BL_W60_T1.2_D20,132362,78,0.340
BL_W60_T1.2_D20,132852,76,0.260
BL_W60_T1.2_D20,133440,74,0.126
BL_W60_T1.2_D20,133979,73,0.050
BL_W60_T1.2_D20,124997,102,0.010
BL_W60_T1.2_D25,126482,97,1.200
BL_W60_T1.2_D25,127021,95,1.140
BL_W60_T1.2_D25,127560,93,1.060
BL_W60_T1.2_D25,128050,92,0.980
BL_W60_T1.2_D25,128589,90,0.900
BL_W60_T1.2_D25,129128,88,0.820
BL_W60_T1.2_D25,129667,86,0.740
BL_W60_T1.2_D25,130206,84,0.660
BL_W60_T1.2_D25,130794,82,0.580
BL_W60_T1.2_D25,131333,81,0.500
BL_W60_T1.2_D25,131823,79,0.420
BL_W60_T1.2_D25,132362,78,0.340
BL_W60_T1.2_D25,132852,76,0.260
BL_W60_T1.2_D25,133440,74,0.126
BL_W60_T1.2_D25,133979,73,0.050
BL_W60_T1.2_D25,124997,102,0.010
BL_W60_T1.2_D30,126531,97,1.200
BL_W60_T1.2_D30,127021,95,1.140
BL_W60_T1.2_D30,127560,93,1.060
BL_W60_T1.2_D30,128050,92,0.980
BL_W60_T1.2_D30,128589,90,0.900
BL_W60_T1.2_D30,129128,88,0.820
BL_W60_T1.2_D30,129667,86,0.740
BL_W60_T1.2_D30,130206,84,0.660
BL_W60_T1.2_D30,130794,82,0.580
BL_W60_T1.2_D30,131333,81,0.500
BL_W60_T1.2_D30,131823,79,0.420
BL_W60_T1.2_D30,132362,78,0.340
BL_W60_T1.2_D30,132852,76,0.260
BL_W60_T1.2_D30,133440,74,0.126
BL_W60_T1.2_D30,133979,73,0.050
BL_W60_T1.5_D2,125992,99,1.200
BL_W60_T1.5_D2,126482,97,1.140
BL_W60_T1.5_D2,127021,95,1.060
BL_W60_T1.5_D2,127560,93,0.980
BL_W60_T1.5_D2,128050,92,0.900
BL_W60_T1.5_D2,128638,90,0.820
BL_W60_T1.5_D2,129128,88,0.740
BL_W60_T1.5_D2,129667,86,0.660
BL_W60_T1.5_D2,130206,84,0.580
BL_W60_T1.5_D2,130794,82,0.500
BL_W60_T1.5_D2,131333,81,0.420
BL_W60_T1.5_D2,131823,79,0.340
BL_W60_T1.5_D2,122297,112,0.260
BL_W60_T1.5_D2,132362,78,0.260
BL_W60_T1.5_D2,118147,130,0.126
BL_W60_T1.5_D2,122797,110,0.126
BL_W60_T1.5_D2,132901,76,0.126
BL_W60_T1.5_D2,133440,74,0.050
BL_W60_T1.5_D2,118497,129,0.010
BL_W60_T1.5_D2,121447,116,0.010
BL_W60_T1.5_D4,125992,99,1.200
BL_W60_T1.5_D4,126482,97,1.140
BL_W60_T1.5_D4,127021,95,1.060
BL_W60_T1.5_D4,127560,93,0.980
BL_W60_T1.5_D4,128050,92,0.900
BL_W60_T1.5_D4,128638,90,0.820
BL_W60_T1.5_D4,129128,88,0.740
BL_W60_T1.5_D4,129667,86,0.660
BL_W60_T1.5_D4,130206,84,0.580
BL_W60_T1.5_D4,130794,82,0.500
BL_W60_T1.5_D4,131333,81,0.420
BL_W60_T1.5_D4,131823,79,0.340
BL_W60_T1.5_D4,122347,112,0.260
BL_W60_T1.5_D4,132362,78,0.260
BL_W60_T1.5_D4,122797,110,0.126
BL_W60_T1.5_D4,132901,76,0.126
BL_W60_T1.5_D4,133440,74,0.050
BL_W60_T1.5_D4,123397,108,0.010
BL_W60_T1.5_D4,124947,102,0.010
BL_W60_T1.5_D6,125992,99,1.200
BL_W60_T1.5_D6,126482,97,1.140
BL_W60_T1.5_D6,127021,95,1.060
BL_W60_T1.5_D6,127560,93,0.980
BL_W60_T1.5_D6,128050,92,0.900
BL_W60_T1.5_D6,128638,90,0.820
BL_W60_T1.5_D6,129128,88,0.740
BL_W60_T1.5_D6,129667,86,0.660
BL_W60_T1.5_D6,130206,84,0.580
BL_W60_T1.5_D6,130794,82,0.500
BL_W60_T1.5_D6,131333,81,0.420
BL_W60_T1.5_D6,131823,79,0.340
BL_W60_T1.5_D6,132362,78,0.260
BL_W60_T1.5_D6,122797,110,0.126
BL_W60_T1.5_D6,132901,76,0.126
BL_W60_T1.5_D6,133440,74,0.050
BL_W60_T1.5_D6,123347,108,0.010
BL_W60_T1.5_D6,124947,102,0.010
BL_W60_T1.5_D8,125992,99,1.200
BL_W60_T1.5_D8,126482,97,1.140
BL_W60_T1.5_D8,127021,95,1.060
BL_W60_T1.5_D8,127560,93,0.980
BL_W60_T1.5_D8,128050,92,0.900
BL_W60_T1.5_D8,128638,90,0.820
BL_W60_T1.5_D8,129128,88,0.740
BL_W60_T1.5_D8,129667,86,0.660
BL_W60_T1.5_D8,130206,84,0.580
BL_W60_T1.5_D8,130794,82,0.500
BL_W60_T1.5_D8,131333,81,0.420
BL_W60_T1.5_D8,131823,79,0.340
BL_W60_T1.5_D8,132362,78,0.260
BL_W60_T1.5_D8,122847,110,0.126
BL_W60_T1.5_D8,132901,76,0.126
BL_W60_T1.5_D8,133440,74,0.050
BL_W60_T1.5_D8,123397,108,0.010
BL_W60_T1.5_D8,124947,102,0.010
BL_W60_T1.5_D10,125992,99,1.200
BL_W60_T1.5_D10,126482,97,1.140
BL_W60_T1.5_D10,127021,95,1.060
BL_W60_T1.5_D10,127560,93,0.980
BL_W60_T1.5_D10,128050,92,0.900
BL_W60_T1.5_D10,128638,90,0.820
BL_W60_T1.5_D10,129128,88,0.740
BL_W60_T1.5_D10,129667,86,0.660
BL_W60_T1.5_D10,130206,84,0.580
BL_W60_T1.5_D10,130794,82,0.500
BL_W60_T1.5_D10,131333,81,0.420
BL_W60_T1.5_D10,131823,79,0.340
BL_W60_T1.5_D10,132362,78,0.260
BL_W60_T1.5_D10,122847,110,0.126
BL_W60_T1.5_D10,132901,76,0.126
BL_W60_T1.5_D10,133440,74,0.050
BL_W60_T1.5_D10,123397,108,0.010
BL_W60_T1.5_D10,124947,102,0.010
BL_W60_T1.5_D15,124947,102,1.200
BL_W60_T1.5_D15,125497,101,1.200
BL_W60_T1.5_D15,125992,99,1.200
BL_W60_T1.5_D15,126482,97,1.140
BL_W60_T1.5_D15,127021,95,1.060
BL_W60_T1.5_D15,127560,93,0.980
BL_W60_T1.5_D15,128050,92,0.900
BL_W60_T1.5_D15,128638,90,0.820
BL_W60_T1.5_D15,129128,88,0.740
BL_W60_T1.5_D15,129667,86,0.660
BL_W60_T1.5_D15,130206,84,0.580
BL_W60_T1.5_D15,130794,82,0.500
BL_W60_T1.5_D15,131333,81,0.420
BL_W60_T1.5_D15,131823,79,0.340
BL_W60_T1.5_D15,132362,78,0.260
BL_W60_T1.5_D15,122897,110,0.126
BL_W60_T1.5_D15,132901,76,0.126
BL_W60_T1.5_D15,133440,74,0.050
BL_W60_T1.5_D15,123447,108,0.010
BL_W60_T1.5_D20,125992,99,1.200
BL_W60_T1.5_D20,126482,97,1.140
BL_W60_T1.5_D20,127021,95,1.060
BL_W60_T1.5_D20,127560,93,0.980
BL_W60_T1.5_D20,128050,92,0.900
BL_W60_T1.5_D20,128638,90,0.820
BL_W60_T1.5_D20,129128,88,0.740
BL_W60_T1.5_D20,129667,86,0.660
BL_W60_T1.5_D20,130206,84,0.580
BL_W60_T1.5_D20,130794,82,0.500
BL_W60_T1.5_D20,131333,81,0.420
BL_W60_T1.5_D20,131823,79,0.340
BL_W60_T1.5_D20,132362,78,0.260
BL_W60_T1.5_D20,132901,76,0.126
BL_W60_T1.5_D20,133440,74,0.050
BL_W60_T1.5_D20,124997,102,0.010
BL_W60_T1.5_D25,126482,97,1.140
BL_W60_T1.5_D25,127021,95,1.060
BL_W60_T1.5_D25,127560,93,0.980
BL_W60_T1.5_D25,128050,92,0.900
BL_W60_T1.5_D25,128638,90,0.820
BL_W60_T1.5_D25,129128,88,0.740
BL_W60_T1.5_D25,129667,86,0.660
BL_W60_T1.5_D25,130206,84,0.580
BL_W60_T1.5_D25,130794,82,0.500
BL_W60_T1.5_D25,131333,81,0.420
BL_W60_T1.5_D25,131823,79,0.340
BL_W60_T1.5_D25,132362,78,0.260
BL_W60_T1.5_D25,132901,76,0.126
BL_W60_T1.5_D25,133440,74,0.050
BL_W60_T1.5_D25,124997,102,0.010
BL_W60_T1.5_D30,126531,97,1.140
BL_W60_T1.5_D30,127021,95,1.060
BL_W60_T1.5_D30,127560,93,0.980
BL_W60_T1.5_D30,128050,92,0.900
BL_W60_T1.5_D30,128589,90,0.820
BL_W60_T1.5_D30,129128,88,0.740
BL_W60_T1.5_D30,129667,86,0.660
BL_W60_T1.5_D30,130206,84,0.580
BL_W60_T1.5_D30,130794,82,0.500
BL_W60_T1.5_D30,131333,81,0.420
BL_W60_T1.5_D30,131823,79,0.340
BL_W60_T1.5_D30,132362,78,0.260
BL_W60_T1.5_D30,132901,76,0.126
BL_W60_T1.5_D30,133440,74,0.050
BL_W60_T1.7_D2,122297,112,0.260
BL_W60_T1.7_D2,125992,99,0.260
BL_W60_T1.7_D2,118147,130,0.126
BL_W60_T1.7_D2,122797,110,0.126
BL_W60_T1.7_D2,126482,97,0.126
BL_W60_T1.7_D2,129716,86,0.126
BL_W60_T1.7_D2,132901,76,0.050
BL_W60_T1.7_D2,118497,129,0.010
BL_W60_T1.7_D2,121447,116,0.010
BL_W60_T1.7_D2,123397,108,0.010
BL_W60_T1.7_D2,124997,102,0.010
BL_W60_T1.7_D2,127021,95,0.010
BL_W60_T1.7_D2,128099,92,0.010
BL_W60_T1.7_D2,130255,84,0.010
BL_W60_T1.7_D2,131872,79,0.010
BL_W60_T1.7_D4,122347,112,0.260
BL_W60_T1.7_D4,125992,99,0.260
BL_W60_T1.7_D4,122797,110,0.126
BL_W60_T1.7_D4,126482,97,0.126
BL_W60_T1.7_D4,129716,86,0.126
BL_W60_T1.7_D4,132901,76,0.050
BL_W60_T1.7_D4,123397,108,0.010
BL_W60_T1.7_D4,124997,102,0.010
BL_W60_T1.7_D4,127021,95,0.010
BL_W60_T1.7_D4,128099,92,0.010
BL_W60_T1.7_D4,130255,84,0.010
BL_W60_T1.7_D4,131872,79,0.010
BL_W60_T1.7_D6,125992,99,0.260
BL_W60_T1.7_D6,122797,110,0.126
BL_W60_T1.7_D6,126482,97,0.126
BL_W60_T1.7_D6,129716,86,0.126
BL_W60_T1.7_D6,132901,76,0.050
BL_W60_T1.7_D6,123347,108,0.010
BL_W60_T1.7_D6,124997,102,0.010
BL_W60_T1.7_D6,127021,95,0.010
BL_W60_T1.7_D6,128099,92,0.010
BL_W60_T1.7_D6,130255,84,0.010
BL_W60_T1.7_D6,131872,79,0.010
BL_W60_T1.7_D8,125992,99,0.260
BL_W60_T1.7_D8,122847,110,0.126
BL_W60_T1.7_D8,126482,97,0.126
BL_W60_T1.7_D8,129716,86,0.126
BL_W60_T1.7_D8,132901,76,0.050
BL_W60_T1.7_D8,123397,108,0.010
BL_W60_T1.7_D8,124997,102,0.010
BL_W60_T1.7_D8,127021,95,0.010
BL_W60_T1.7_D8,128099,92,0.010
BL_W60_T1.7_D8,130255,84,0.010
BL_W60_T1.7_D8,131872,79,0.010
BL_W60_T1.7_D10,125992,99,0.260
BL_W60_T1.7_D10,122847,110,0.126
BL_W60_T1.7_D10,126482,97,0.126
BL_W60_T1.7_D10,129716,86,0.126
BL_W60_T1.7_D10,132901,76,0.050
BL_W60_T1.7_D10,123397,108,0.010
BL_W60_T1.7_D10,124997,102,0.010
BL_W60_T1.7_D10,127021,95,0.010
BL_W60_T1.7_D10,128099,92,0.010
BL_W60_T1.7_D10,130255,84,0.010
BL_W60_T1.7_D10,131872,79,0.010
BL_W60_T1.7_D15,124947,102,0.420
BL_W60_T1.7_D15,125497,101,0.340
BL_W60_T1.7_D15,125992,99,0.260
BL_W60_T1.7_D15,122897,110,0.126
BL_W60_T1.7_D15,126482,97,0.126
BL_W60_T1.7_D15,129716,86,0.126
BL_W60_T1.7_D15,132901,76,0.050
BL_W60_T1.7_D15,123447,108,0.010
BL_W60_T1.7_D15,127021,95,0.010
BL_W60_T1.7_D15,128099,92,0.010
BL_W60_T1.7_D15,130255,84,0.010
BL_W60_T1.7_D15,131872,79,0.010
BL_W60_T1.7_D20,125992,99,0.260
BL_W60_T1.7_D20,126482,97,0.126
BL_W60_T1.7_D20,129716,86,0.126
BL_W60_T1.7_D20,132901,76,0.050
BL_W60_T1.7_D20,124997,102,0.010
BL_W60_T1.7_D20,127021,95,0.010
BL_W60_T1.7_D20,128099,92,0.010
BL_W60_T1.7_D20,130255,84,0.010
BL_W60_T1.7_D20,131872,79,0.010
BL_W60_T1.7_D25,126482,97,0.340
BL_W60_T1.7_D25,127021,95,0.260
BL_W60_T1.7_D25,127560,93,0.126
BL_W60_T1.7_D25,129716,86,0.126
BL_W60_T1.7_D25,132901,76,0.050
BL_W60_T1.7_D25,124997,102,0.010
BL_W60_T1.7_D25,128050,92,0.010
BL_W60_T1.7_D25,130255,84,0.010
BL_W60_T1.7_D25,131872,79,0.010
BL_W60_T1.7_D30,126531,97,0.660
BL_W60_T1.7_D30,127021,95,0.580
BL_W60_T1.7_D30,127560,93,0.500
BL_W60_T1.7_D30,128050,92,0.420
BL_W60_T1.7_D30,128589,90,0.340
BL_W60_T1.7_D30,129128,88,0.260
BL_W60_T1.7_D30,129667,86,0.126
BL_W60_T1.7_D30,132901,76,0.050
BL_W60_T1.7_D30,130206,84,0.010
BL_W60_T1.7_D30,131872,79,0.010
BL_W60_T2.0_D2,122297,112,0.260
BL_W60_T2.0_D2,118147,130,0.126
BL_W60_T2.0_D2,122797,110,0.126
BL_W60_T2.0_D2,126531,97,0.126
BL_W60_T2.0_D2,128099,92,0.050
BL_W60_T2.0_D2,118497,129,0.010
BL_W60_T2.0_D2,121447,116,0.010
BL_W60_T2.0_D2,123397,108,0.010
BL_W60_T2.0_D2,124997,102,0.010
BL_W60_T2.0_D2,127021,95,0.010
BL_W60_T2.0_D4,122347,112,0.260
BL_W60_T2.0_D4,122797,110,0.126
BL_W60_T2.0_D4,126531,97,0.126
BL_W60_T2.0_D4,128099,92,0.050
BL_W60_T2.0_D4,123397,108,0.010
BL_W60_T2.0_D4,124997,102,0.010
BL_W60_T2.0_D4,127021,95,0.010
BL_W60_T2.0_D6,122797,110,0.126
BL_W60_T2.0_D6,126531,97,0.126
BL_W60_T2.0_D6,128099,92,0.050
BL_W60_T2.0_D6,123347,108,0.010
BL_W60_T2.0_D6,124997,102,0.010
BL_W60_T2.0_D6,127021,95,0.010
BL_W60_T2.0_D8,122847,110,0.126
BL_W60_T2.0_D8,126531,97,0.126
BL_W60_T2.0_D8,128099,92,0.050
BL_W60_T2.0_D8,123397,108,0.010
BL_W60_T2.0_D8,124997,102,0.010
BL_W60_T2.0_D8,127021,95,0.010
BL_W60_T2.0_D10,122847,110,0.126
BL_W60_T2.0_D10,126531,97,0.126
BL_W60_T2.0_D10,128099,92,0.050
BL_W60_T2.0_D10,123397,108,0.010
BL_W60_T2.0_D10,124997,102,0.010
BL_W60_T2.0_D10,127021,95,0.010
BL_W60_T2.0_D15,124947,102,0.420
BL_W60_T2.0_D15,125497,101,0.340
BL_W60_T2.0_D15,125992,99,0.260
BL_W60_T2.0_D15,122897,110,0.126
BL_W60_T2.0_D15,126531,97,0.126
BL_W60_T2.0_D15,128099,92,0.050
BL_W60_T2.0_D15,123447,108,0.010
BL_W60_T2.0_D15,127021,95,0.010
BL_W60_T2.0_D20,125992,99,0.260
BL_W60_T2.0_D20,126482,97,0.126
BL_W60_T2.0_D20,128099,92,0.050
BL_W60_T2.0_D20,124997,102,0.010
BL_W60_T2.0_D20,127021,95,0.010
BL_W60_T2.0_D25,126482,97,0.340
BL_W60_T2.0_D25,127021,95,0.260
BL_W60_T2.0_D25,127560,93,0.126
BL_W60_T2.0_D25,128050,92,0.050
BL_W60_T2.0_D25,124997,102,0.010
BL_W60_T2.0_D30,126531,97,0.660
BL_W60_T2.0_D30,127021,95,0.580
BL_W60_T2.0_D30,127560,93,0.500
BL_W60_T2.0_D30,128050,92,0.420
BL_W60_T2.0_D30,128589,90,0.340
BL_W60_T2.0_D30,129128,88,0.260
BL_W60_T2.0_D30,129667,86,0.126
BL_W60_T2.0_D30,130206,84,0.050
BL_W60_T2.2_D2,122297,112,0.260
BL_W60_T2.2_D2,118147,130,0.126
BL_W60_T2.2_D2,122797,110,0.126
BL_W60_T2.2_D2,126531,97,0.126
BL_W60_T2.2_D2,128099,92,0.050
BL_W60_T2.2_D2,118497,129,0.010
BL_W60_T2.2_D2,121447,116,0.010
BL_W60_T2.2_D2,123397,108,0.010
BL_W60_T2.2_D2,127070,95,0.010
BL_W60_T2.2_D4,122347,112,0.260
BL_W60_T2.2_D4,122797,110,0.126
BL_W60_T2.2_D4,126531,97,0.126
BL_W60_T2.2_D4,128099,92,0.050
BL_W60_T2.2_D4,123397,108,0.010
BL_W60_T2.2_D4,127070,95,0.010
BL_W60_T2.2_D6,122797,110,0.126
BL_W60_T2.2_D6,126531,97,0.126
BL_W60_T2.2_D6,128099,92,0.050
BL_W60_T2.2_D6,123347,108,0.010
BL_W60_T2.2_D6,127070,95,0.010
BL_W60_T2.2_D8,122847,110,0.126
BL_W60_T2.2_D8,126531,97,0.126
BL_W60_T2.2_D8,128099,92,0.050
BL_W60_T2.2_D8,123397,108,0.010
BL_W60_T2.2_D8,127070,95,0.010
BL_W60_T2.2_D10,122847,110,0.126
BL_W60_T2.2_D10,126531,97,0.126
BL_W60_T2.2_D10,128099,92,0.050
BL_W60_T2.2_D10,123397,108,0.010
BL_W60_T2.2_D10,127070,95,0.010
BL_W60_T2.2_D15,124947,102,0.420
BL_W60_T2.2_D15,125497,101,0.340
BL_W60_T2.2_D15,125992,99,0.260
BL_W60_T2.2_D15,122897,110,0.126
BL_W60_T2.2_D15,126531,97,0.126
BL_W60_T2.2_D15,128099,92,0.050
BL_W60_T2.2_D15,123447,108,0.010
BL_W60_T2.2_D15,127070,95,0.010
BL_W60_T2.2_D20,125992,99,0.260
BL_W60_T2.2_D20,126482,97,0.126
BL_W60_T2.2_D20,128099,92,0.050
BL_W60_T2.2_D20,124997,102,0.010
BL_W60_T2.2_D20,127021,95,0.010
BL_W60_T2.2_D25,126482,97,0.340
BL_W60_T2.2_D25,127021,95,0.260
BL_W60_T2.2_D25,127560,93,0.126
BL_W60_T2.2_D25,128050,92,0.050
BL_W60_T2.2_D25,124997,102,0.010
BL_W60_T2.2_D30,126531,97,0.660
BL_W60_T2.2_D30,127021,95,0.580
BL_W60_T2.2_D30,127560,93,0.500
BL_W60_T2.2_D30,128050,92,0.420
BL_W60_T2.2_D30,128589,90,0.340
BL_W60_T2.2_D30,129128,88,0.260
BL_W60_T2.2_D30,129667,86,0.126
BL_W60_T2.2_D30,130206,84,0.050
BL_W60_T2.4_D2,122297,112,0.260
BL_W60_T2.4_D2,118147,130,0.126
BL_W60_T2.4_D2,122797,110,0.126
BL_W60_T2.4_D2,123397,108,0.050
BL_W60_T2.4_D2,118497,129,0.010
BL_W60_T2.4_D2,121447,116,0.010
BL_W60_T2.4_D4,122347,112,0.260
BL_W60_T2.4_D4,122797,110,0.126
BL_W60_T2.4_D4,123397,108,0.050
BL_W60_T2.4_D6,122797,110,0.126
BL_W60_T2.4_D6,123347,108,0.050
BL_W60_T2.4_D8,122847,110,0.126
BL_W60_T2.4_D8,123397,108,0.050
BL_W60_T2.4_D10,122847,110,0.126
BL_W60_T2.4_D10,123397,108,0.050
BL_W60_T2.4_D15,124947,102,0.260
BL_W60_T2.4_D15,122897,110,0.126
BL_W60_T2.4_D15,125497,101,0.126
BL_W60_T2.4_D15,125992,99,0.050
BL_W60_T2.4_D15,123447,108,0.010
BL_W60_T2.4_D20,125992,99,0.260
BL_W60_T2.4_D20,126482,97,0.126
BL_W60_T2.4_D20,127021,95,0.050
BL_W60_T2.4_D20,124997,102,0.010
BL_W60_T2.4_D25,126482,97,0.340
BL_W60_T2.4_D25,127021,95,0.260
BL_W60_T2.4_D25,127560,93,0.126
BL_W60_T2.4_D25,128050,92,0.050
BL_W60_T2.4_D25,124997,102,0.010
BL_W60_T2.4_D30,126531,97,0.660
BL_W60_T2.4_D30,127021,95,0.580
BL_W60_T2.4_D30,127560,93,0.500
BL_W60_T2.4_D30,128050,92,0.420
BL_W60_T2.4_D30,128589,90,0.340
BL_W60_T2.4_D30,129128,88,0.260
BL_W60_T2.4_D30,129667,86,0.126
BL_W60_T2.4_D30,130206,84,0.050
BL_W60_T2.7_D2,122297,112,0.260
BL_W60_T2.7_D2,118147,130,0.126
BL_W60_T2.7_D2,122797,110,0.126
BL_W60_T2.7_D2,123397,108,0.050
BL_W60_T2.7_D2,118497,129,0.010
BL_W60_T2.7_D2,121447,116,0.010
BL_W60_T2.7_D4,122347,112,0.260
BL_W60_T2.7_D4,122797,110,0.126
BL_W60_T2.7_D4,123397,108,0.050
BL_W60_T2.7_D6,122797,110,0.126
BL_W60_T2.7_D6,123347,108,0.050
BL_W60_T2.7_D8,122847,110,0.126
BL_W60_T2.7_D8,123397,108,0.050
BL_W60_T2.7_D10,122847,110,0.126
BL_W60_T2.7_D10,123397,108,0.050
BL_W60_T2.7_D15,124947,102,0.260
BL_W60_T2.7_D15,122897,110,0.126
BL_W60_T2.7_D15,125497,101,0.126
BL_W60_T2.7_D15,125992,99,0.050
BL_W60_T2.7_D15,123447,108,0.010
BL_W60_T2.7_D20,125992,99,0.260
BL_W60_T2.7_D20,126482,97,0.126
BL_W60_T2.7_D20,127021,95,0.050
BL_W60_T2.7_D20,124997,102,0.010
BL_W60_T2.7_D25,126482,97,0.340
BL_W60_T2.7_D25,127021,95,0.260
BL_W60_T2.7_D25,127560,93,0.126
BL_W60_T2.7_D25,128050,92,0.050
BL_W60_T2.7_D25,124997,102,0.010
BL_W60_T2.7_D30,126531,97,0.660
BL_W60_T2.7_D30,127021,95,0.580
BL_W60_T2.7_D30,127560,93,0.500
BL_W60_T2.7_D30,128050,92,0.420
BL_W60_T2.7_D30,128589,90,0.340
BL_W60_T2.7_D30,129128,88,0.260
BL_W60_T2.7_D30,129667,86,0.126
BL_W60_T2.7_D30,130206,84,0.050
BL_W60_T3.0_D2,122297,112,0.260
BL_W60_T3.0_D2,118147,130,0.126
BL_W60_T3.0_D2,122797,110,0.126
BL_W60_T3.0_D2,123447,108,0.050
BL_W60_T3.0_D2,118497,129,0.010
BL_W60_T3.0_D2,121447,116,0.010
BL_W60_T3.0_D4,122347,112,0.260
BL_W60_T3.0_D4,122797,110,0.126
BL_W60_T3.0_D4,123447,108,0.050
BL_W60_T3.0_D6,122797,110,0.126
BL_W60_T3.0_D6,123347,108,0.050
BL_W60_T3.0_D8,122847,110,0.126
BL_W60_T3.0_D8,123397,108,0.050
BL_W60_T3.0_D10,122847,110,0.126
BL_W60_T3.0_D10,123397,108,0.050
BL_W60_T3.0_D15,124947,102,0.260
BL_W60_T3.0_D15,122897,110,0.126
BL_W60_T3.0_D15,125497,101,0.126
BL_W60_T3.0_D15,125992,99,0.050
BL_W60_T3.0_D15,123447,108,0.010
BL_W60_T3.0_D20,125992,99,0.260
BL_W60_T3.0_D20,126482,97,0.126
BL_W60_T3.0_D20,127021,95,0.050
BL_W60_T3.0_D20,124997,102,0.010
BL_W60_T3.0_D25,126482,97,0.340
BL_W60_T3.0_D25,127021,95,0.260
BL_W60_T3.0_D25,127560,93,0.126
BL_W60_T3.0_D25,128050,92,0.050
BL_W60_T3.0_D25,124997,102,0.010
BL_W60_T3.0_D30,126531,97,0.660
BL_W60_T3.0_D30,127021,95,0.580
BL_W60_T3.0_D30,127560,93,0.500
BL_W60_T3.0_D30,128050,92,0.420
BL_W60_T3.0_D30,128589,90,0.340
BL_W60_T3.0_D30,129128,88,0.260
BL_W60_T3.0_D30,129667,86,0.126
BL_W60_T3.0_D30,130206,84,0.050
BL_W70_T1.2_D2,124947,102,1.200
BL_W70_T1.2_D2,125497,101,1.200
BL_W70_T1.2_D2,125992,99,1.200
BL_W70_T1.2_D2,126482,97,1.200
BL_W70_T1.2_D2,127021,95,1.140
BL_W70_T1.2_D2,127560,93,1.060
BL_W70_T1.2_D2,128050,92,0.980
BL_W70_T1.2_D2,128589,90,0.900
BL_W70_T1.2_D2,129128,88,0.820
BL_W70_T1.2_D2,129667,86,0.740
BL_W70_T1.2_D2,130206,84,0.660
BL_W70_T1.2_D2,130794,82,0.580
BL_W70_T1.2_D2,131333,81,0.500
BL_W70_T1.2_D2,120897,118,0.420
BL_W70_T1.2_D2,131823,79,0.420
BL_W70_T1.2_D2,121547,117,0.340
BL_W70_T1.2_D2,132362,78,0.340
BL_W70_T1.2_D2,122297,112,0.260
BL_W70_T1.2_D2,132852,76,0.260
BL_W70_T1.2_D2,122797,110,0.126
BL_W70_T1.2_D4,124947,102,1.200
BL_W70_T1.2_D4,125497,101,1.200
BL_W70_T1.2_D4,125992,99,1.200
BL_W70_T1.2_D4,126482,97,1.200
BL_W70_T1.2_D4,127021,95,1.140
BL_W70_T1.2_D4,127560,93,1.060
BL_W70_T1.2_D4,128050,92,0.980
BL_W70_T1.2_D4,128589,90,0.900
BL_W70_T1.2_D4,129128,88,0.820
BL_W70_T1.2_D4,129667,86,0.740
BL_W70_T1.2_D4,130206,84,0.660
BL_W70_T1.2_D4,130794,82,0.580
BL_W70_T1.2_D4,131333,81,0.500
BL_W70_T1.2_D4,131823,79,0.420
BL_W70_T1.2_D4,132362,78,0.340
BL_W70_T1.2_D4,122347,112,0.260
BL_W70_T1.2_D4,132852,76,0.260
BL_W70_T1.2_D4,122797,110,0.126
BL_W70_T1.2_D4,133440,74,0.126
BL_W70_T1.2_D4,133979,73,0.050
BL_W70_T1.2_D6,124947,102,1.200
BL_W70_T1.2_D6,125497,101,1.200
BL_W70_T1.2_D6,125992,99,1.200
BL_W70_T1.2_D6,126482,97,1.200
BL_W70_T1.2_D6,127021,95,1.140
BL_W70_T1.2_D6,127560,93,1.060
BL_W70_T1.2_D6,128050,92,0.980
BL_W70_T1.2_D6,128589,90,0.900
BL_W70_T1.2_D6,129128,88,0.820
BL_W70_T1.2_D6,129667,86,0.740
BL_W70_T1.2_D6,130206,84,0.660
BL_W70_T1.2_D6,130794,82,0.580
BL_W70_T1.2_D6,131333,81,0.500
BL_W70_T1.2_D6,131823,79,0.420
BL_W70_T1.2_D6,132362,78,0.340
BL_W70_T1.2_D6,132852,76,0.260
BL_W70_T1.2_D6,122797,110,0.126
BL_W70_T1.2_D6,133440,74,0.126
BL_W70_T1.2_D6,133979,73,0.050
BL_W70_T1.2_D6,123347,108,0.010
BL_W70_T1.2_D8,124947,102,1.200
BL_W70_T1.2_D8,125497,101,1.200
BL_W70_T1.2_D8,125992,99,1.200
BL_W70_T1.2_D8,126482,97,1.200
BL_W70_T1.2_D8,127021,95,1.140
BL_W70_T1.2_D8,127560,93,1.060
BL_W70_T1.2_D8,128050,92,0.980
BL_W70_T1.2_D8,128589,90,0.900
BL_W70_T1.2_D8,129128,88,0.820
BL_W70_T1.2_D8,129667,86,0.740
BL_W70_T1.2_D8,130206,84,0.660
BL_W70_T1.2_D8,130794,82,0.580
BL_W70_T1.2_D8,131333,81,0.500
BL_W70_T1.2_D8,131823,79,0.420
BL_W70_T1.2_D8,132362,78,0.340
BL_W70_T1.2_D8,132852,76,0.260
BL_W70_T1.2_D8,122847,110,0.126
BL_W70_T1.2_D8,133440,74,0.126
BL_W70_T1.2_D8,133979,73,0.050
BL_W70_T1.2_D8,123397,108,0.010
BL_W70_T1.2_D10,124947,102,1.200
BL_W70_T1.2_D10,125497,101,1.200
BL_W70_T1.2_D10,125992,99,1.200
BL_W70_T1.2_D10,126482,97,1.200
BL_W70_T1.2_D10,127021,95,1.140
BL_W70_T1.2_D10,127560,93,1.060
BL_W70_T1.2_D10,128050,92,0.980
BL_W70_T1.2_D10,128589,90,0.900
BL_W70_T1.2_D10,129128,88,0.820
BL_W70_T1.2_D10,129667,86,0.740
BL_W70_T1.2_D10,130206,84,0.660
BL_W70_T1.2_D10,130794,82,0.580
BL_W70_T1.2_D10,131333,81,0.500
BL_W70_T1.2_D10,131823,79,0.420
BL_W70_T1.2_D10,132362,78,0.340
BL_W70_T1.2_D10,132852,76,0.260
BL_W70_T1.2_D10,122847,110,0.126
BL_W70_T1.2_D10,133440,74,0.126
BL_W70_T1.2_D10,133979,73,0.050
BL_W70_T1.2_D10,123397,108,0.010
BL_W70_T1.2_D15,124947,102,1.200
BL_W70_T1.2_D15,125497,101,1.200
BL_W70_T1.2_D15,125992,99,1.200
BL_W70_T1.2_D15,126482,97,1.200
BL_W70_T1.2_D15,127021,95,1.140
BL_W70_T1.2_D15,127560,93,1.060
BL_W70_T1.2_D15,128050,92,0.980
BL_W70_T1.2_D15,128589,90,0.900
BL_W70_T1.2_D15,129128,88,0.820
BL_W70_T1.2_D15,129667,86,0.740
BL_W70_T1.2_D15,130206,84,0.660
BL_W70_T1.2_D15,130794,82,0.580
BL_W70_T1.2_D15,131333,81,0.500
BL_W70_T1.2_D15,131823,79,0.420
BL_W70_T1.2_D15,132362,78,0.340
BL_W70_T1.2_D15,132852,76,0.260
BL_W70_T1.2_D15,122897,110,0.126
BL_W70_T1.2_D15,133440,74,0.126
BL_W70_T1.2_D15,133979,73,0.050
BL_W70_T1.2_D15,123397,108,0.010
BL_W70_T1.2_D20,125992,99,1.200
BL_W70_T1.2_D20,126482,97,1.200
BL_W70_T1.2_D20,127021,95,1.140
BL_W70_T1.2_D20,127560,93,1.060
BL_W70_T1.2_D20,128050,92,0.980
BL_W70_T1.2_D20,128589,90,0.900
BL_W70_T1.2_D20,129128,88,0.820
BL_W70_T1.2_D20,129667,86,0.740
BL_W70_T1.2_D20,130206,84,0.660
BL_W70_T1.2_D20,130794,82,0.580
BL_W70_T1.2_D20,131333,81,0.500
BL_W70_T1.2_D20,131823,79,0.420
BL_W70_T1.2_D20,132362,78,0.340
BL_W70_T1.2_D20,132852,76,0.260
BL_W70_T1.2_D20,133440,74,0.126
BL_W70_T1.2_D20,133979,73,0.050
BL_W70_T1.2_D20,124997,102,0.010
BL_W70_T1.2_D25,126482,97,1.200
BL_W70_T1.2_D25,127021,95,1.140
BL_W70_T1.2_D25,127560,93,1.060
BL_W70_T1.2_D25,128050,92,0.980
BL_W70_T1.2_D25,128589,90,0.900
BL_W70_T1.2_D25,129128,88,0.820
BL_W70_T1.2_D25,129667,86,0.740
BL_W70_T1.2_D25,130206,84,0.660
BL_W70_T1.2_D25,130794,82,0.580
BL_W70_T1.2_D25,131333,81,0.500
BL_W70_T1.2_D25,131823,79,0.420
BL_W70_T1.2_D25,132362,78,0.340
BL_W70_T1.2_D25,132852,76,0.260
BL_W70_T1.2_D25,133440,74,0.126
BL_W70_T1.2_D25,133979,73,0.050
BL_W70_T1.2_D25,124997,102,0.010
BL_W70_T1.2_D30,126531,97,1.200
BL_W70_T1.2_D30,127021,95,1.140
BL_W70_T1.2_D30,127560,93,1.060
BL_W70_T1.2_D30,128050,92,0.980
BL_W70_T1.2_D30,128589,90,0.900
BL_W70_T1.2_D30,129128,88,0.820
BL_W70_T1.2_D30,129667,86,0.740
BL_W70_T1.2_D30,130206,84,0.660
BL_W70_T1.2_D30,130794,82,0.580
BL_W70_T1.2_D30,131333,81,0.500
BL_W70_T1.2_D30,131823,79,0.420
BL_W70_T1.2_D30,132362,78,0.340
BL_W70_T1.2_D30,132852,76,0.260
BL_W70_T1.2_D30,133440,74,0.126
BL_W70_T1.2_D30,133979,73,0.050
BL_W70_T1.5_D2,125992,99,0.820
BL_W70_T1.5_D2,126482,97,0.740
BL_W70_T1.5_D2,127021,95,0.660
BL_W70_T1.5_D2,127560,93,0.580
BL_W70_T1.5_D2,128050,92,0.500
BL_W70_T1.5_D2,120897,118,0.420
BL_W70_T1.5_D2,128638,90,0.420
BL_W70_T1.5_D2,121547,117,0.340
BL_W70_T1.5_D2,129128,88,0.340
BL_W70_T1.5_D2,131823,79,0.340
BL_W70_T1.5_D2,122297,112,0.260
BL_W70_T1.5_D2,129667,86,0.260
BL_W70_T1.5_D2,132362,78,0.260
BL_W70_T1.5_D2,122797,110,0.126
BL_W70_T1.5_D2,130206,84,0.126
BL_W70_T1.5_D2,132901,76,0.126
BL_W70_T1.5_D2,133440,74,0.050
BL_W70_T1.5_D2,123397,108,0.010
BL_W70_T1.5_D2,124947,102,0.010
BL_W70_T1.5_D2,130794,82,0.010
BL_W70_T1.5_D4,125992,99,0.820
BL_W70_T1.5_D4,126482,97,0.740
BL_W70_T1.5_D4,127021,95,0.660
BL_W70_T1.5_D4,127560,93,0.580
BL_W70_T1.5_D4,128050,92,0.500
BL_W70_T1.5_D4,128638,90,0.420
BL_W70_T1.5_D4,129128,88,0.340
BL_W70_T1.5_D4,131823,79,0.340
BL_W70_T1.5_D4,122347,112,0.260
BL_W70_T1.5_D4,129667,86,0.260
BL_W70_T1.5_D4,132362,78,0.260
BL_W70_T1.5_D4,122797,110,0.126
BL_W70_T1.5_D4,130206,84,0.126
BL_W70_T1.5_D4,132901,76,0.126
BL_W70_T1.5_D4,133440,74,0.050
BL_W70_T1.5_D4,123397,108,0.010
BL_W70_T1.5_D4,124947,102,0.010
BL_W70_T1.5_D4,130794,82,0.010
BL_W70_T1.5_D6,125992,99,0.820
BL_W70_T1.5_D6,126482,97,0.740
BL_W70_T1.5_D6,127021,95,0.660
BL_W70_T1.5_D6,127560,93,0.580
BL_W70_T1.5_D6,128050,92,0.500
BL_W70_T1.5_D6,128638,90,0.420
BL_W70_T1.5_D6,129128,88,0.340
BL_W70_T1.5_D6,131823,79,0.340
BL_W70_T1.5_D6,129667,86,0.260
BL_W70_T1.5_D6,132362,78,0.260
BL_W70_T1.5_D6,122797,110,0.126
BL_W70_T1.5_D6,130206,84,0.126
BL_W70_T1.5_D6,132901,76,0.126
BL_W70_T1.5_D6,133440,74,0.050
BL_W70_T1.5_D6,123347,108,0.010
BL_W70_T1.5_D6,124947,102,0.010
BL_W70_T1.5_D6,130794,82,0.010
BL_W70_T1.5_D8,125992,99,0.820
BL_W70_T1.5_D8,126482,97,0.740
BL_W70_T1.5_D8,127021,95,0.660
BL_W70_T1.5_D8,127560,93,0.580
BL_W70_T1.5_D8,128050,92,0.500
BL_W70_T1.5_D8,128638,90,0.420
BL_W70_T1.5_D8,129128,88,0.340
BL_W70_T1.5_D8,131823,79,0.340
BL_W70_T1.5_D8,129667,86,0.260
BL_W70_T1.5_D8,132362,78,0.260
BL_W70_T1.5_D8,122847,110,0.126
BL_W70_T1.5_D8,130206,84,0.126
BL_W70_T1.5_D8,132901,76,0.126
BL_W70_T1.5_D8,133440,74,0.050
BL_W70_T1.5_D8,123397,108,0.010
BL_W70_T1.5_D8,124947,102,0.010
BL_W70_T1.5_D8,130794,82,0.010
BL_W70_T1.5_D10,125992,99,0.820
BL_W70_T1.5_D10,126482,97,0.740
BL_W70_T1.5_D10,127021,95,0.660
BL_W70_T1.5_D10,127560,93,0.580
BL_W70_T1.5_D10,128050,92,0.500
BL_W70_T1.5_D10,128638,90,0.420
BL_W70_T1.5_D10,129128,88,0.340
BL_W70_T1.5_D10,131823,79,0.340
BL_W70_T1.5_D10,129667,86,0.260
BL_W70_T1.5_D10,132362,78,0.260
BL_W70_T1.5_D10,122847,110,0.126
BL_W70_T1.5_D10,130206,84,0.126
BL_W70_T1.5_D10,132901,76,0.126
BL_W70_T1.5_D10,133440,74,0.050
BL_W70_T1.5_D10,123397,108,0.010
BL_W70_T1.5_D10,124947,102,0.010
BL_W70_T1.5_D10,130794,82,0.010
BL_W70_T1.5_D15,124947,102,0.980
BL_W70_T1.5_D15,125497,101,0.900
BL_W70_T1.5_D15,125992,99,0.820
BL_W70_T1.5_D15,126482,97,0.740
BL_W70_T1.5_D15,127021,95,0.660
BL_W70_T1.5_D15,127560,93,0.580
BL_W70_T1.5_D15,128050,92,0.500
BL_W70_T1.5_D15,128638,90,0.420
BL_W70_T1.5_D15,129128,88,0.340
BL_W70_T1.5_D15,131823,79,0.340
BL_W70_T1.5_D15,129667,86,0.260
BL_W70_T1.5_D15,132362,78,0.260
BL_W70_T1.5_D15,122897,110,0.126
BL_W70_T1.5_D15,130206,84,0.126
BL_W70_T1.5_D15,132901,76,0.126
BL_W70_T1.5_D15,133440,74,0.050
BL_W70_T1.5_D15,123397,108,0.010
BL_W70_T1.5_D15,130794,82,0.010
BL_W70_T1.5_D20,125992,99,0.820
BL_W70_T1.5_D20,126482,97,0.740
BL_W70_T1.5_D20,127021,95,0.660
BL_W70_T1.5_D20,127560,93,0.580
BL_W70_T1.5_D20,128050,92,0.500
BL_W70_T1.5_D20,128638,90,0.420
BL_W70_T1.5_D20,129128,88,0.340
BL_W70_T1.5_D20,131823,79,0.340
BL_W70_T1.5_D20,129667,86,0.260
BL_W70_T1.5_D20,132362,78,0.260
BL_W70_T1.5_D20,130206,84,0.126
BL_W70_T1.5_D20,132901,76,0.126
BL_W70_T1.5_D20,133440,74,0.050
BL_W70_T1.5_D20,124997,102,0.010
BL_W70_T1.5_D20,130794,82,0.010
BL_W70_T1.5_D25,126482,97,0.740
BL_W70_T1.5_D25,127021,95,0.660
BL_W70_T1.5_D25,127560,93,0.580
BL_W70_T1.5_D25,128050,92,0.500
BL_W70_T1.5_D25,128589,90,0.420
BL_W70_T1.5_D25,129128,88,0.340
BL_W70_T1.5_D25,131823,79,0.340
BL_W70_T1.5_D25,129667,86,0.260
BL_W70_T1.5_D25,132362,78,0.260
BL_W70_T1.5_D25,130206,84,0.126
BL_W70_T1.5_D25,132901,76,0.126
BL_W70_T1.5_D25,133440,74,0.050
BL_W70_T1.5_D25,124997,102,0.010
BL_W70_T1.5_D25,130794,82,0.010
BL_W70_T1.5_D30,126531,97,0.740
BL_W70_T1.5_D30,127021,95,0.660
BL_W70_T1.5_D30,127560,93,0.580
BL_W70_T1.5_D30,128050,92,0.500
BL_W70_T1.5_D30,128589,90,0.420
BL_W70_T1.5_D30,129128,88,0.340
BL_W70_T1.5_D30,131823,79,0.340
BL_W70_T1.5_D30,129667,86,0.260
BL_W70_T1.5_D30,132362,78,0.260
BL_W70_T1.5_D30,130206,84,0.126
BL_W70_T1.5_D30,132901,76,0.126
BL_W70_T1.5_D30,133440,74,0.050
BL_W70_T1.5_D30,130794,82,0.010
BL_W70_T1.7_D2,125992,99,0.740
BL_W70_T1.7_D2,126482,97,0.660
BL_W70_T1.7_D2,127021,95,0.580
BL_W70_T1.7_D2,127609,93,0.500
BL_W70_T1.7_D2,120897,118,0.420
BL_W70_T1.7_D2,128099,92,0.420
BL_W70_T1.7_D2,121547,117,0.340
BL_W70_T1.7_D2,128638,90,0.340
BL_W70_T1.7_D2,122297,112,0.260
BL_W70_T1.7_D2,129177,88,0.260
BL_W70_T1.7_D2,122797,110,0.126
BL_W70_T1.7_D2,129716,86,0.126
BL_W70_T1.7_D2,132901,76,0.050
BL_W70_T1.7_D2,123397,108,0.010
BL_W70_T1.7_D2,124997,102,0.010
BL_W70_T1.7_D2,130206,84,0.010
BL_W70_T1.7_D2,131872,79,0.010
BL_W70_T1.7_D4,125992,99,0.740
BL_W70_T1.7_D4,126482,97,0.660
BL_W70_T1.7_D4,127021,95,0.580
BL_W70_T1.7_D4,127609,93,0.500
BL_W70_T1.7_D4,128099,92,0.420
BL_W70_T1.7_D4,128638,90,0.340
BL_W70_T1.7_D4,122347,112,0.260
BL_W70_T1.7_D4,129177,88,0.260
BL_W70_T1.7_D4,122797,110,0.126
BL_W70_T1.7_D4,129716,86,0.126
BL_W70_T1.7_D4,132901,76,0.050
BL_W70_T1.7_D4,123397,108,0.010
BL_W70_T1.7_D4,124997,102,0.010
BL_W70_T1.7_D4,130206,84,0.010
BL_W70_T1.7_D4,131872,79,0.010
BL_W70_T1.7_D6,125992,99,0.740
BL_W70_T1.7_D6,126482,97,0.660
BL_W70_T1.7_D6,127021,95,0.580
BL_W70_T1.7_D6,127609,93,0.500
BL_W70_T1.7_D6,128099,92,0.420
BL_W70_T1.7_D6,128638,90,0.340
BL_W70_T1.7_D6,129177,88,0.260
BL_W70_T1.7_D6,122797,110,0.126
BL_W70_T1.7_D6,129716,86,0.126
BL_W70_T1.7_D6,132901,76,0.050
BL_W70_T1.7_D6,123347,108,0.010
BL_W70_T1.7_D6,124997,102,0.010
BL_W70_T1.7_D6,130206,84,0.010
BL_W70_T1.7_D6,131872,79,0.010
BL_W70_T1.7_D8,125992,99,0.740
BL_W70_T1.7_D8,126482,97,0.660
BL_W70_T1.7_D8,127021,95,0.580
BL_W70_T1.7_D8,127609,93,0.500
BL_W70_T1.7_D8,128099,92,0.420
BL_W70_T1.7_D8,128638,90,0.340
BL_W70_T1.7_D8,129177,88,0.260
BL_W70_T1.7_D8,122847,110,0.126
BL_W70_T1.7_D8,129716,86,0.126
BL_W70_T1.7_D8,132901,76,0.050
BL_W70_T1.7_D8,123397,108,0.010
BL_W70_T1.7_D8,124997,102,0.010
BL_W70_T1.7_D8,130206,84,0.010
BL_W70_T1.7_D8,131872,79,0.010
BL_W70_T1.7_D10,125992,99,0.740
BL_W70_T1.7_D10,126482,97,0.660
BL_W70_T1.7_D10,127021,95,0.580
BL_W70_T1.7_D10,127609,93,0.500
BL_W70_T1.7_D10,128099,92,0.420
BL_W70_T1.7_D10,128638,90,0.340
BL_W70_T1.7_D10,129177,88,0.260
BL_W70_T1.7_D10,122847,110,0.126
BL_W70_T1.7_D10,129716,86,0.126
BL_W70_T1.7_D10,132901,76,0.050
BL_W70_T1.7_D10,123397,108,0.010
BL_W70_T1.7_D10,124997,102,0.010
BL_W70_T1.7_D10,130206,84,0.010
BL_W70_T1.7_D10,131872,79,0.010
BL_W70_T1.7_D15,124947,102,0.900
BL_W70_T1.7_D15,125497,101,0.820
BL_W70_T1.7_D15,125992,99,0.740
BL_W70_T1.7_D15,126482,97,0.660
BL_W70_T1.7_D15,127021,95,0.580
BL_W70_T1.7_D15,127609,93,0.500
BL_W70_T1.7_D15,128099,92,0.420
BL_W70_T1.7_D15,128638,90,0.340
BL_W70_T1.7_D15,129177,88,0.260
BL_W70_T1.7_D15,122897,110,0.126
BL_W70_T1.7_D15,129716,86,0.126
BL_W70_T1.7_D15,132901,76,0.050
BL_W70_T1.7_D15,123397,108,0.010
BL_W70_T1.7_D15,130206,84,0.010
BL_W70_T1.7_D15,131872,79,0.010
BL_W70_T1.7_D20,125992,99,0.740
BL_W70_T1.7_D20,126482,97,0.660
BL_W70_T1.7_D20,127021,95,0.580
BL_W70_T1.7_D20,127609,93,0.500
BL_W70_T1.7_D20,128099,92,0.420
BL_W70_T1.7_D20,128638,90,0.340
BL_W70_T1.7_D20,129177,88,0.260
BL_W70_T1.7_D20,129716,86,0.126
BL_W70_T1.7_D20,132901,76,0.050
BL_W70_T1.7_D20,124997,102,0.010
BL_W70_T1.7_D20,130206,84,0.010
BL_W70_T1.7_D20,131872,79,0.010
BL_W70_T1.7_D25,126482,97,0.660
BL_W70_T1.7_D25,127021,95,0.580
BL_W70_T1.7_D25,127560,93,0.500
BL_W70_T1.7_D25,128050,92,0.420
BL_W70_T1.7_D25,128589,90,0.340
BL_W70_T1.7_D25,129177,88,0.260
BL_W70_T1.7_D25,129716,86,0.126
BL_W70_T1.7_D25,132901,76,0.050
BL_W70_T1.7_D25,124997,102,0.010
BL_W70_T1.7_D25,130206,84,0.010
BL_W70_T1.7_D25,131872,79,0.010
BL_W70_T1.7_D30,126531,97,0.660
BL_W70_T1.7_D30,127021,95,0.580
BL_W70_T1.7_D30,127560,93,0.500
BL_W70_T1.7_D30,128050,92,0.420
BL_W70_T1.7_D30,128589,90,0.340
BL_W70_T1.7_D30,129128,88,0.260
BL_W70_T1.7_D30,129667,86,0.126
BL_W70_T1.7_D30,132901,76,0.050
BL_W70_T1.7_D30,130206,84,0.010
BL_W70_T1.7_D30,131872,79,0.010
BL_W70_T2.0_D2,120897,118,0.420
BL_W70_T2.0_D2,121547,117,0.340
BL_W70_T2.0_D2,122297,112,0.260
BL_W70_T2.0_D2,122797,110,0.126
BL_W70_T2.0_D2,126531,97,0.126
BL_W70_T2.0_D2,128099,92,0.050
BL_W70_T2.0_D2,123397,108,0.010
BL_W70_T2.0_D2,124997,102,0.010
BL_W70_T2.0_D2,127021,95,0.010
BL_W70_T2.0_D4,122347,112,0.260
BL_W70_T2.0_D4,122797,110,0.126
BL_W70_T2.0_D4,126531,97,0.126
BL_W70_T2.0_D4,128099,92,0.050
BL_W70_T2.0_D4,123397,108,0.010
BL_W70_T2.0_D4,124997,102,0.010
BL_W70_T2.0_D4,127021,95,0.010
BL_W70_T2.0_D6,122797,110,0.126
BL_W70_T2.0_D6,126531,97,0.126
BL_W70_T2.0_D6,128099,92,0.050
BL_W70_T2.0_D6,123347,108,0.010
BL_W70_T2.0_D6,124997,102,0.010
BL_W70_T2.0_D6,127021,95,0.010
BL_W70_T2.0_D8,122847,110,0.126
BL_W70_T2.0_D8,126531,97,0.126
BL_W70_T2.0_D8,128099,92,0.050
BL_W70_T2.0_D8,123397,108,0.010
BL_W70_T2.0_D8,124997,102,0.010
BL_W70_T2.0_D8,127021,95,0.010
BL_W70_T2.0_D10,122847,110,0.126
BL_W70_T2.0_D10,126531,97,0.126
BL_W70_T2.0_D10,128099,92,0.050
BL_W70_T2.0_D10,123397,108,0.010
BL_W70_T2.0_D10,124997,102,0.010
BL_W70_T2.0_D10,127021,95,0.010
BL_W70_T2.0_D15,124947,102,0.420
BL_W70_T2.0_D15,125497,101,0.340
BL_W70_T2.0_D15,125992,99,0.260
BL_W70_T2.0_D15,122897,110,0.126
BL_W70_T2.0_D15,126531,97,0.126
BL_W70_T2.0_D15,128099,92,0.050
BL_W70_T2.0_D15,123397,108,0.010
BL_W70_T2.0_D15,127021,95,0.010
BL_W70_T2.0_D20,125992,99,0.260
BL_W70_T2.0_D20,126482,97,0.126
BL_W70_T2.0_D20,128099,92,0.050
BL_W70_T2.0_D20,124997,102,0.010
BL_W70_T2.0_D20,127021,95,0.010
BL_W70_T2.0_D25,126482,97,0.420
BL_W70_T2.0_D25,127021,95,0.340
BL_W70_T2.0_D25,127560,93,0.260
BL_W70_T2.0_D25,128050,92,0.126
BL_W70_T2.0_D25,128589,90,0.050
BL_W70_T2.0_D25,124997,102,0.010
BL_W70_T2.0_D30,126531,97,0.660
BL_W70_T2.0_D30,127021,95,0.580
BL_W70_T2.0_D30,127560,93,0.500
BL_W70_T2.0_D30,128050,92,0.420
BL_W70_T2.0_D30,128589,90,0.340
BL_W70_T2.0_D30,129128,88,0.260
BL_W70_T2.0_D30,129667,86,0.126
BL_W70_T2.0_D30,130206,84,0.050
BL_W70_T2.2_D2,120897,118,0.420
BL_W70_T2.2_D2,121547,117,0.340
BL_W70_T2.2_D2,122297,112,0.260
BL_W70_T2.2_D2,122797,110,0.126
BL_W70_T2.2_D2,126531,97,0.126
BL_W70_T2.2_D2,128099,92,0.050
BL_W70_T2.2_D2,123397,108,0.010
BL_W70_T2.2_D2,124997,102,0.010
BL_W70_T2.2_D2,127021,95,0.010
BL_W70_T2.2_D4,122347,112,0.260
BL_W70_T2.2_D4,122797,110,0.126
BL_W70_T2.2_D4,126531,97,0.126
BL_W70_T2.2_D4,128099,92,0.050
BL_W70_T2.2_D4,123397,108,0.010
BL_W70_T2.2_D4,124997,102,0.010
BL_W70_T2.2_D4,127021,95,0.010
BL_W70_T2.2_D6,122797,110,0.126
BL_W70_T2.2_D6,126531,97,0.126
BL_W70_T2.2_D6,128099,92,0.050
BL_W70_T2.2_D6,123347,108,0.010
BL_W70_T2.2_D6,124997,102,0.010
BL_W70_T2.2_D6,127021,95,0.010
BL_W70_T2.2_D8,122847,110,0.126
BL_W70_T2.2_D8,126531,97,0.126
BL_W70_T2.2_D8,128099,92,0.050
BL_W70_T2.2_D8,123397,108,0.010
BL_W70_T2.2_D8,124997,102,0.010
BL_W70_T2.2_D8,127021,95,0.010
BL_W70_T2.2_D10,122847,110,0.126
BL_W70_T2.2_D10,126531,97,0.126
BL_W70_T2.2_D10,128099,92,0.050
BL_W70_T2.2_D10,123397,108,0.010
BL_W70_T2.2_D10,124997,102,0.010
BL_W70_T2.2_D10,127021,95,0.010
BL_W70_T2.2_D15,124947,102,0.420
BL_W70_T2.2_D15,125497,101,0.340
BL_W70_T2.2_D15,125992,99,0.260
BL_W70_T2.2_D15,122897,110,0.126
BL_W70_T2.2_D15,126531,97,0.126
BL_W70_T2.2_D15,128099,92,0.050
BL_W70_T2.2_D15,123397,108,0.010
BL_W70_T2.2_D15,127021,95,0.010
BL_W70_T2.2_D20,125992,99,0.260
BL_W70_T2.2_D20,126482,97,0.126
BL_W70_T2.2_D20,128099,92,0.050
BL_W70_T2.2_D20,124997,102,0.010
BL_W70_T2.2_D20,127021,95,0.010
BL_W70_T2.2_D25,126482,97,0.420
BL_W70_T2.2_D25,127021,95,0.340
BL_W70_T2.2_D25,127560,93,0.260
BL_W70_T2.2_D25,128050,92,0.126
BL_W70_T2.2_D25,128589,90,0.050
BL_W70_T2.2_D25,124997,102,0.010
BL_W70_T2.2_D30,126531,97,0.660
BL_W70_T2.2_D30,127021,95,0.580
BL_W70_T2.2_D30,127560,93,0.500
BL_W70_T2.2_D30,128050,92,0.420
BL_W70_T2.2_D30,128589,90,0.340
BL_W70_T2.2_D30,129128,88,0.260
BL_W70_T2.2_D30,129667,86,0.126
BL_W70_T2.2_D30,130206,84,0.050
BL_W70_T2.4_D2,120897,118,0.420
BL_W70_T2.4_D2,121547,117,0.340
BL_W70_T2.4_D2,122297,112,0.260
BL_W70_T2.4_D2,122797,110,0.126
BL_W70_T2.4_D2,123397,108,0.050
BL_W70_T2.4_D4,122347,112,0.260
BL_W70_T2.4_D4,122797,110,0.126
BL_W70_T2.4_D4,123397,108,0.050
BL_W70_T2.4_D6,122797,110,0.126
BL_W70_T2.4_D6,123347,108,0.050
BL_W70_T2.4_D8,122847,110,0.126
BL_W70_T2.4_D8,123397,108,0.050
BL_W70_T2.4_D10,122847,110,0.126
BL_W70_T2.4_D10,123397,108,0.050
BL_W70_T2.4_D15,124947,102,0.260
BL_W70_T2.4_D15,122897,110,0.126
BL_W70_T2.4_D15,125497,101,0.126
BL_W70_T2.4_D15,125992,99,0.050
BL_W70_T2.4_D15,123397,108,0.010
BL_W70_T2.4_D20,125992,99,0.260
BL_W70_T2.4_D20,126482,97,0.126
BL_W70_T2.4_D20,127021,95,0.050
BL_W70_T2.4_D20,124997,102,0.010
BL_W70_T2.4_D25,126482,97,0.420
BL_W70_T2.4_D25,127021,95,0.340
BL_W70_T2.4_D25,127560,93,0.260
BL_W70_T2.4_D25,128050,92,0.126
BL_W70_T2.4_D25,128589,90,0.050
BL_W70_T2.4_D25,124997,102,0.010
BL_W70_T2.4_D30,126531,97,0.660
BL_W70_T2.4_D30,127021,95,0.580
BL_W70_T2.4_D30,127560,93,0.500
BL_W70_T2.4_D30,128050,92,0.420
BL_W70_T2.4_D30,128589,90,0.340
BL_W70_T2.4_D30,129128,88,0.260
BL_W70_T2.4_D30,129667,86,0.126
BL_W70_T2.4_D30,130206,84,0.050
BL_W70_T2.7_D2,120897,118,0.420
BL_W70_T2.7_D2,121547,117,0.340
BL_W70_T2.7_D2,122297,112,0.260
BL_W70_T2.7_D2,122797,110,0.126
BL_W70_T2.7_D2,123397,108,0.050
BL_W70_T2.7_D4,122347,112,0.260
BL_W70_T2.7_D4,122797,110,0.126
BL_W70_T2.7_D4,123397,108,0.050
BL_W70_T2.7_D6,122797,110,0.126
BL_W70_T2.7_D6,123347,108,0.050
BL_W70_T2.7_D8,122847,110,0.126
BL_W70_T2.7_D8,123397,108,0.050
BL_W70_T2.7_D10,122847,110,0.126
BL_W70_T2.7_D10,123397,108,0.050
BL_W70_T2.7_D15,124947,102,0.260
BL_W70_T2.7_D15,122897,110,0.126
BL_W70_T2.7_D15,125497,101,0.126
BL_W70_T2.7_D15,125992,99,0.050
BL_W70_T2.7_D15,123397,108,0.010
BL_W70_T2.7_D20,125992,99,0.260
BL_W70_T2.7_D20,126482,97,0.126
BL_W70_T2.7_D20,127021,95,0.050
BL_W70_T2.7_D20,124997,102,0.010
BL_W70_T2.7_D25,126482,97,0.420
BL_W70_T2.7_D25,127021,95,0.340
BL_W70_T2.7_D25,127560,93,0.260
BL_W70_T2.7_D25,128050,92,0.126
BL_W70_T2.7_D25,128589,90,0.050
BL_W70_T2.7_D25,124997,102,0.010
BL_W70_T2.7_D30,126531,97,0.660
BL_W70_T2.7_D30,127021,95,0.580
BL_W70_T2.7_D30,127560,93,0.500
BL_W70_T2.7_D30,128050,92,0.420
BL_W70_T2.7_D30,128589,90,0.340
BL_W70_T2.7_D30,129128,88,0.260
BL_W70_T2.7_D30,129667,86,0.126
BL_W70_T2.7_D30,130206,84,0.050
BL_W70_T3.0_D2,120897,118,0.420
BL_W70_T3.0_D2,121547,117,0.340
BL_W70_T3.0_D2,122297,112,0.260
BL_W70_T3.0_D2,122797,110,0.126
BL_W70_T3.0_D2,123397,108,0.050
BL_W70_T3.0_D4,122347,112,0.260
BL_W70_T3.0_D4,122797,110,0.126
BL_W70_T3.0_D4,123397,108,0.050
BL_W70_T3.0_D6,122797,110,0.126
BL_W70_T3.0_D6,123347,108,0.050
BL_W70_T3.0_D8,122847,110,0.126
BL_W70_T3.0_D8,123397,108,0.050
BL_W70_T3.0_D10,122847,110,0.126
BL_W70_T3.0_D10,123397,108,0.050
BL_W70_T3.0_D15,124947,102,0.260
BL_W70_T3.0_D15,122897,110,0.126
BL_W70_T3.0_D15,125497,101,0.126
BL_W70_T3.0_D15,125992,99,0.050
BL_W70_T3.0_D15,123397,108,0.010
BL_W70_T3.0_D20,125992,99,0.260
BL_W70_T3.0_D20,126482,97,0.126
BL_W70_T3.0_D20,127021,95,0.050
BL_W70_T3.0_D20,124997,102,0.010
BL_W70_T3.0_D25,126482,97,0.420
BL_W70_T3.0_D25,127021,95,0.340
BL_W70_T3.0_D25,127560,93,0.260
BL_W70_T3.0_D25,128050,92,0.126
BL_W70_T3.0_D25,128589,90,0.050
BL_W70_T3.0_D25,124997,102,0.010
BL_W70_T3.0_D30,126531,97,0.660
BL_W70_T3.0_D30,127021,95,0.580
BL_W70_T3.0_D30,127560,93,0.500
BL_W70_T3.0_D30,128050,92,0.420
BL_W70_T3.0_D30,128589,90,0.340
BL_W70_T3.0_D30,129128,88,0.260
BL_W70_T3.0_D30,129667,86,0.126
BL_W70_T3.0_D30,130206,84,0.050
BL_W80_T1.2_D2,124947,102,1.200
BL_W80_T1.2_D2,125497,101,1.200
BL_W80_T1.2_D2,125992,99,1.200
BL_W80_T1.2_D2,126482,97,1.200
BL_W80_T1.2_D2,127021,95,1.140
BL_W80_T1.2_D2,127560,93,1.060
BL_W80_T1.2_D2,128050,92,0.980
BL_W80_T1.2_D2,128589,90,0.900
BL_W80_T1.2_D2,129128,88,0.820
BL_W80_T1.2_D2,129667,86,0.740
BL_W80_T1.2_D2,130206,84,0.660
BL_W80_T1.2_D2,130794,82,0.580
BL_W80_T1.2_D2,131333,81,0.500
BL_W80_T1.2_D2,120897,118,0.420
BL_W80_T1.2_D2,131823,79,0.420
BL_W80_T1.2_D2,121547,117,0.340
BL_W80_T1.2_D2,132362,78,0.340
BL_W80_T1.2_D2,122297,112,0.260
BL_W80_T1.2_D2,132852,76,0.260
BL_W80_T1.2_D2,122797,110,0.126
BL_W80_T1.2_D4,124947,102,1.200
BL_W80_T1.2_D4,125497,101,1.200
BL_W80_T1.2_D4,125992,99,1.200
BL_W80_T1.2_D4,126482,97,1.200
BL_W80_T1.2_D4,127021,95,1.140
BL_W80_T1.2_D4,127560,93,1.060
BL_W80_T1.2_D4,128050,92,0.980
BL_W80_T1.2_D4,128589,90,0.900
BL_W80_T1.2_D4,129128,88,0.820
BL_W80_T1.2_D4,129667,86,0.740
BL_W80_T1.2_D4,130206,84,0.660
BL_W80_T1.2_D4,130794,82,0.580
BL_W80_T1.2_D4,131333,81,0.500
BL_W80_T1.2_D4,131823,79,0.420
BL_W80_T1.2_D4,132362,78,0.340
BL_W80_T1.2_D4,122347,112,0.260
BL_W80_T1.2_D4,132852,76,0.260
BL_W80_T1.2_D4,122797,110,0.126
BL_W80_T1.2_D4,133440,74,0.126
BL_W80_T1.2_D4,133979,73,0.050
BL_W80_T1.2_D6,124947,102,1.200
BL_W80_T1.2_D6,125497,101,1.200
BL_W80_T1.2_D6,125992,99,1.200
BL_W80_T1.2_D6,126482,97,1.200
BL_W80_T1.2_D6,127021,95,1.140
BL_W80_T1.2_D6,127560,93,1.060
BL_W80_T1.2_D6,128050,92,0.980
BL_W80_T1.2_D6,128589,90,0.900
BL_W80_T1.2_D6,129128,88,0.820
BL_W80_T1.2_D6,129667,86,0.740
BL_W80_T1.2_D6,130206,84,0.660
BL_W80_T1.2_D6,130794,82,0.580
BL_W80_T1.2_D6,131333,81,0.500
BL_W80_T1.2_D6,131823,79,0.420
BL_W80_T1.2_D6,132362,78,0.340
BL_W80_T1.2_D6,132852,76,0.260
BL_W80_T1.2_D6,122797,110,0.126
BL_W80_T1.2_D6,133440,74,0.126
BL_W80_T1.2_D6,133979,73,0.050
BL_W80_T1.2_D6,123347,108,0.010
BL_W80_T1.2_D8,124947,102,1.200
BL_W80_T1.2_D8,125497,101,1.200
BL_W80_T1.2_D8,125992,99,1.200
BL_W80_T1.2_D8,126482,97,1.200
BL_W80_T1.2_D8,127021,95,1.140
BL_W80_T1.2_D8,127560,93,1.060
BL_W80_T1.2_D8,128050,92,0.980
BL_W80_T1.2_D8,128589,90,0.900
BL_W80_T1.2_D8,129128,88,0.820
BL_W80_T1.2_D8,129667,86,0.740
BL_W80_T1.2_D8,130206,84,0.660
BL_W80_T1.2_D8,130794,82,0.580
BL_W80_T1.2_D8,131333,81,0.500
BL_W80_T1.2_D8,131823,79,0.420
BL_W80_T1.2_D8,132362,78,0.340
BL_W80_T1.2_D8,132852,76,0.260
BL_W80_T1.2_D8,122847,110,0.126
BL_W80_T1.2_D8,133440,74,0.126
BL_W80_T1.2_D8,133979,73,0.050
BL_W80_T1.2_D8,123397,108,0.010
BL_W80_T1.2_D10,124497,103,1.200
BL_W80_T1.2_D10,124947,102,1.200
BL_W80_T1.2_D10,125497,101,1.200
BL_W80_T1.2_D10,125992,99,1.200
BL_W80_T1.2_D10,126482,97,1.200
BL_W80_T1.2_D10,127021,95,1.140
BL_W80_T1.2_D10,127560,93,1.060
BL_W80_T1.2_D10,128050,92,0.980
BL_W80_T1.2_D10,128589,90,0.900
BL_W80_T1.2_D10,129128,88,0.820
BL_W80_T1.2_D10,129667,86,0.740
BL_W80_T1.2_D10,130206,84,0.660
BL_W80_T1.2_D10,130794,82,0.580
BL_W80_T1.2_D10,131333,81,0.500
BL_W80_T1.2_D10,131823,79,0.420
BL_W80_T1.2_D10,132362,78,0.340
BL_W80_T1.2_D10,132852,76,0.260
BL_W80_T1.2_D10,122847,110,0.126
BL_W80_T1.2_D10,133440,74,0.126
BL_W80_T1.2_D10,133979,73,0.050
BL_W80_T1.2_D15,124947,102,1.200
BL_W80_T1.2_D15,125497,101,1.200
BL_W80_T1.2_D15,125992,99,1.200
BL_W80_T1.2_D15,126482,97,1.200
BL_W80_T1.2_D15,127021,95,1.140
BL_W80_T1.2_D15,127560,93,1.060
BL_W80_T1.2_D15,128050,92,0.980
BL_W80_T1.2_D15,128589,90,0.900
BL_W80_T1.2_D15,129128,88,0.820
BL_W80_T1.2_D15,129667,86,0.740
BL_W80_T1.2_D15,130206,84,0.660
BL_W80_T1.2_D15,130794,82,0.580
BL_W80_T1.2_D15,131333,81,0.500
BL_W80_T1.2_D15,131823,79,0.420
BL_W80_T1.2_D15,132362,78,0.340
BL_W80_T1.2_D15,132852,76,0.260
BL_W80_T1.2_D15,122897,110,0.126
BL_W80_T1.2_D15,133440,74,0.126
BL_W80_T1.2_D15,133979,73,0.050
BL_W80_T1.2_D15,123397,108,0.010
BL_W80_T1.2_D20,125992,99,1.200
BL_W80_T1.2_D20,126482,97,1.200
BL_W80_T1.2_D20,127021,95,1.140
BL_W80_T1.2_D20,127560,93,1.060
BL_W80_T1.2_D20,128050,92,0.980
BL_W80_T1.2_D20,128589,90,0.900
BL_W80_T1.2_D20,129128,88,0.820
BL_W80_T1.2_D20,129667,86,0.740
BL_W80_T1.2_D20,130206,84,0.660
BL_W80_T1.2_D20,130794,82,0.580
BL_W80_T1.2_D20,131333,81,0.500
BL_W80_T1.2_D20,131823,79,0.420
BL_W80_T1.2_D20,132362,78,0.340
BL_W80_T1.2_D20,132852,76,0.260
BL_W80_T1.2_D20,133440,74,0.126
BL_W80_T1.2_D20,133979,73,0.050
BL_W80_T1.2_D20,124997,102,0.010
BL_W80_T1.2_D25,126482,97,1.200
BL_W80_T1.2_D25,127021,95,1.140
BL_W80_T1.2_D25,127560,93,1.060
BL_W80_T1.2_D25,128050,92,0.980
BL_W80_T1.2_D25,128589,90,0.900
BL_W80_T1.2_D25,129128,88,0.820
BL_W80_T1.2_D25,129667,86,0.740
BL_W80_T1.2_D25,130206,84,0.660
BL_W80_T1.2_D25,130794,82,0.580
BL_W80_T1.2_D25,131333,81,0.500
BL_W80_T1.2_D25,131823,79,0.420
BL_W80_T1.2_D25,132362,78,0.340
BL_W80_T1.2_D25,132852,76,0.260
BL_W80_T1.2_D25,133440,74,0.126
BL_W80_T1.2_D25,133979,73,0.050
BL_W80_T1.2_D25,124997,102,0.010
BL_W80_T1.2_D30,126531,97,1.200
BL_W80_T1.2_D30,127021,95,1.140
BL_W80_T1.2_D30,127560,93,1.060
BL_W80_T1.2_D30,128050,92,0.980
BL_W80_T1.2_D30,128589,90,0.900
BL_W80_T1.2_D30,129128,88,0.820
BL_W80_T1.2_D30,129667,86,0.740
BL_W80_T1.2_D30,130206,84,0.660
BL_W80_T1.2_D30,130794,82,0.580
BL_W80_T1.2_D30,131333,81,0.500
BL_W80_T1.2_D30,131823,79,0.420
BL_W80_T1.2_D30,132362,78,0.340
BL_W80_T1.2_D30,132852,76,0.260
BL_W80_T1.2_D30,133440,74,0.126
BL_W80_T1.2_D30,133979,73,0.050
BL_W80_T1.5_D2,125992,99,1.200
BL_W80_T1.5_D2,126482,97,1.140
BL_W80_T1.5_D2,127021,95,1.060
BL_W80_T1.5_D2,127560,93,0.980
BL_W80_T1.5_D2,128050,92,0.900
BL_W80_T1.5_D2,128638,90,0.820
BL_W80_T1.5_D2,129128,88,0.740
BL_W80_T1.5_D2,129667,86,0.660
BL_W80_T1.5_D2,130206,84,0.580
BL_W80_T1.5_D2,130794,82,0.500
BL_W80_T1.5_D2,120897,118,0.420
BL_W80_T1.5_D2,131333,81,0.420
BL_W80_T1.5_D2,121547,117,0.340
BL_W80_T1.5_D2,131823,79,0.340
BL_W80_T1.5_D2,122297,112,0.260
BL_W80_T1.5_D2,132362,78,0.260
BL_W80_T1.5_D2,122797,110,0.126
BL_W80_T1.5_D2,132901,76,0.126
BL_W80_T1.5_D2,133440,74,0.050
BL_W80_T1.5_D2,119647,123,0.010
BL_W80_T1.5_D4,125992,99,1.200
BL_W80_T1.5_D4,126482,97,1.140
BL_W80_T1.5_D4,127021,95,1.060
BL_W80_T1.5_D4,127560,93,0.980
BL_W80_T1.5_D4,128050,92,0.900
BL_W80_T1.5_D4,128638,90,0.820
BL_W80_T1.5_D4,129128,88,0.740
BL_W80_T1.5_D4,129667,86,0.660
BL_W80_T1.5_D4,130206,84,0.580
BL_W80_T1.5_D4,130794,82,0.500
BL_W80_T1.5_D4,131333,81,0.420
BL_W80_T1.5_D4,131823,79,0.340
BL_W80_T1.5_D4,122347,112,0.260
BL_W80_T1.5_D4,132362,78,0.260
BL_W80_T1.5_D4,122797,110,0.126
BL_W80_T1.5_D4,132901,76,0.126
BL_W80_T1.5_D4,133440,74,0.050
BL_W80_T1.5_D4,123347,108,0.010
BL_W80_T1.5_D4,124947,102,0.010
BL_W80_T1.5_D6,125992,99,1.200
BL_W80_T1.5_D6,126482,97,1.140
BL_W80_T1.5_D6,127021,95,1.060
BL_W80_T1.5_D6,127560,93,0.980
BL_W80_T1.5_D6,128050,92,0.900
BL_W80_T1.5_D6,128638,90,0.820
BL_W80_T1.5_D6,129128,88,0.740
BL_W80_T1.5_D6,129667,86,0.660
BL_W80_T1.5_D6,130206,84,0.580
BL_W80_T1.5_D6,130794,82,0.500
BL_W80_T1.5_D6,131333,81,0.420
BL_W80_T1.5_D6,131823,79,0.340
BL_W80_T1.5_D6,132362,78,0.260
BL_W80_T1.5_D6,122797,110,0.126
BL_W80_T1.5_D6,132901,76,0.126
BL_W80_T1.5_D6,133440,74,0.050
BL_W80_T1.5_D6,123347,108,0.010
BL_W80_T1.5_D6,124947,102,0.010
BL_W80_T1.5_D8,125992,99,1.200
BL_W80_T1.5_D8,126482,97,1.140
BL_W80_T1.5_D8,127021,95,1.060
BL_W80_T1.5_D8,127560,93,0.980
BL_W80_T1.5_D8,128050,92,0.900
BL_W80_T1.5_D8,128638,90,0.820
BL_W80_T1.5_D8,129128,88,0.740
BL_W80_T1.5_D8,129667,86,0.660
BL_W80_T1.5_D8,130206,84,0.580
BL_W80_T1.5_D8,130794,82,0.500
BL_W80_T1.5_D8,131333,81,0.420
BL_W80_T1.5_D8,131823,79,0.340
BL_W80_T1.5_D8,132362,78,0.260
BL_W80_T1.5_D8,122847,110,0.126
BL_W80_T1.5_D8,132901,76,0.126
BL_W80_T1.5_D8,133440,74,0.050
BL_W80_T1.5_D8,123397,108,0.010
BL_W80_T1.5_D8,124947,102,0.010
BL_W80_T1.5_D10,125992,99,1.200
BL_W80_T1.5_D10,126482,97,1.140
BL_W80_T1.5_D10,127021,95,1.060
BL_W80_T1.5_D10,127560,93,0.980
BL_W80_T1.5_D10,128050,92,0.900
BL_W80_T1.5_D10,128638,90,0.820
BL_W80_T1.5_D10,129128,88,0.740
BL_W80_T1.5_D10,129667,86,0.660
BL_W80_T1.5_D10,130206,84,0.580
BL_W80_T1.5_D10,130794,82,0.500
BL_W80_T1.5_D10,131333,81,0.420
BL_W80_T1.5_D10,131823,79,0.340
BL_W80_T1.5_D10,132362,78,0.260
BL_W80_T1.5_D10,122847,110,0.126
BL_W80_T1.5_D10,124497,103,0.126
BL_W80_T1.5_D10,132901,76,0.126
BL_W80_T1.5_D10,133440,74,0.050
BL_W80_T1.5_D10,123397,108,0.010
BL_W80_T1.5_D10,124947,102,0.010
BL_W80_T1.5_D15,124947,102,1.200
BL_W80_T1.5_D15,125497,101,1.200
BL_W80_T1.5_D15,125992,99,1.200
BL_W80_T1.5_D15,126482,97,1.140
BL_W80_T1.5_D15,127021,95,1.060
BL_W80_T1.5_D15,127560,93,0.980
BL_W80_T1.5_D15,128050,92,0.900
BL_W80_T1.5_D15,128638,90,0.820
BL_W80_T1.5_D15,129128,88,0.740
BL_W80_T1.5_D15,129667,86,0.660
BL_W80_T1.5_D15,130206,84,0.580
BL_W80_T1.5_D15,130794,82,0.500
BL_W80_T1.5_D15,131333,81,0.420
BL_W80_T1.5_D15,131823,79,0.340
BL_W80_T1.5_D15,132362,78,0.260
BL_W80_T1.5_D15,122897,110,0.126
BL_W80_T1.5_D15,132901,76,0.126
BL_W80_T1.5_D15,133440,74,0.050
BL_W80_T1.5_D15,123397,108,0.010
BL_W80_T1.5_D20,125992,99,1.200
BL_W80_T1.5_D20,126482,97,1.140
BL_W80_T1.5_D20,127021,95,1.060
BL_W80_T1.5_D20,127560,93,0.980
BL_W80_T1.5_D20,128050,92,0.900
BL_W80_T1.5_D20,128638,90,0.820
BL_W80_T1.5_D20,129128,88,0.740
BL_W80_T1.5_D20,129667,86,0.660
BL_W80_T1.5_D20,130206,84,0.580
BL_W80_T1.5_D20,130794,82,0.500
BL_W80_T1.5_D20,131333,81,0.420
BL_W80_T1.5_D20,131823,79,0.340
BL_W80_T1.5_D20,132362,78,0.260
BL_W80_T1.5_D20,132901,76,0.126
BL_W80_T1.5_D20,133440,74,0.050
BL_W80_T1.5_D20,124997,102,0.010
BL_W80_T1.5_D25,126482,97,1.140
BL_W80_T1.5_D25,127021,95,1.060
BL_W80_T1.5_D25,127560,93,0.980
BL_W80_T1.5_D25,128050,92,0.900
BL_W80_T1.5_D25,128589,90,0.820
BL_W80_T1.5_D25,129128,88,0.740
BL_W80_T1.5_D25,129667,86,0.660
BL_W80_T1.5_D25,130206,84,0.580
BL_W80_T1.5_D25,130794,82,0.500
BL_W80_T1.5_D25,131333,81,0.420
BL_W80_T1.5_D25,131823,79,0.340
BL_W80_T1.5_D25,132362,78,0.260
BL_W80_T1.5_D25,132901,76,0.126
BL_W80_T1.5_D25,133440,74,0.050
BL_W80_T1.5_D25,124997,102,0.010
BL_W80_T1.5_D30,126531,97,1.140
BL_W80_T1.5_D30,127021,95,1.060
BL_W80_T1.5_D30,127560,93,0.980
BL_W80_T1.5_D30,128050,92,0.900
BL_W80_T1.5_D30,128589,90,0.820
BL_W80_T1.5_D30,129128,88,0.740
BL_W80_T1.5_D30,129667,86,0.660
BL_W80_T1.5_D30,130206,84,0.580
BL_W80_T1.5_D30,130794,82,0.500
BL_W80_T1.5_D30,131333,81,0.420
BL_W80_T1.5_D30,131823,79,0.340
BL_W80_T1.5_D30,132362,78,0.260
BL_W80_T1.5_D30,132901,76,0.126
BL_W80_T1.5_D30,133440,74,0.050
BL_W80_T1.7_D2,125992,99,0.740
BL_W80_T1.7_D2,126482,97,0.660
BL_W80_T1.7_D2,127021,95,0.580
BL_W80_T1.7_D2,127560,93,0.500
BL_W80_T1.7_D2,120897,118,0.420
BL_W80_T1.7_D2,128099,92,0.420
BL_W80_T1.7_D2,121547,117,0.340
BL_W80_T1.7_D2,128638,90,0.340
BL_W80_T1.7_D2,122297,112,0.260
BL_W80_T1.7_D2,129128,88,0.260
BL_W80_T1.7_D2,131872,79,0.260
BL_W80_T1.7_D2,122797,110,0.126
BL_W80_T1.7_D2,129667,86,0.126
BL_W80_T1.7_D2,132411,78,0.126
BL_W80_T1.7_D2,132901,76,0.050
BL_W80_T1.7_D2,119647,123,0.010
BL_W80_T1.7_D2,123397,108,0.010
BL_W80_T1.7_D2,124947,102,0.010
BL_W80_T1.7_D2,130206,84,0.010
BL_W80_T1.7_D4,125992,99,0.740
BL_W80_T1.7_D4,126482,97,0.660
BL_W80_T1.7_D4,127021,95,0.580
BL_W80_T1.7_D4,127560,93,0.500
BL_W80_T1.7_D4,128099,92,0.420
BL_W80_T1.7_D4,128638,90,0.340
BL_W80_T1.7_D4,122347,112,0.260
BL_W80_T1.7_D4,129128,88,0.260
BL_W80_T1.7_D4,131872,79,0.260
BL_W80_T1.7_D4,122797,110,0.126
BL_W80_T1.7_D4,129667,86,0.126
BL_W80_T1.7_D4,132411,78,0.126
BL_W80_T1.7_D4,132901,76,0.050
BL_W80_T1.7_D4,123397,108,0.010
BL_W80_T1.7_D4,124947,102,0.010
BL_W80_T1.7_D4,130206,84,0.010
BL_W80_T1.7_D6,125992,99,0.740
BL_W80_T1.7_D6,126482,97,0.660
BL_W80_T1.7_D6,127021,95,0.580
BL_W80_T1.7_D6,127560,93,0.500
BL_W80_T1.7_D6,128099,92,0.420
BL_W80_T1.7_D6,128638,90,0.340
BL_W80_T1.7_D6,129128,88,0.260
BL_W80_T1.7_D6,131872,79,0.260
BL_W80_T1.7_D6,122797,110,0.126
BL_W80_T1.7_D6,129667,86,0.126
BL_W80_T1.7_D6,132411,78,0.126
BL_W80_T1.7_D6,132901,76,0.050
BL_W80_T1.7_D6,123347,108,0.010
BL_W80_T1.7_D6,124947,102,0.010
BL_W80_T1.7_D6,130206,84,0.010
BL_W80_T1.7_D8,125992,99,0.740
BL_W80_T1.7_D8,126482,97,0.660
BL_W80_T1.7_D8,127021,95,0.580
BL_W80_T1.7_D8,127560,93,0.500
BL_W80_T1.7_D8,128099,92,0.420
BL_W80_T1.7_D8,128638,90,0.340
BL_W80_T1.7_D8,129128,88,0.260
BL_W80_T1.7_D8,131872,79,0.260
BL_W80_T1.7_D8,122847,110,0.126
BL_W80_T1.7_D8,129667,86,0.126
BL_W80_T1.7_D8,132411,78,0.126
BL_W80_T1.7_D8,132901,76,0.050
BL_W80_T1.7_D8,123397,108,0.010
BL_W80_T1.7_D8,124947,102,0.010
BL_W80_T1.7_D8,130206,84,0.010
BL_W80_T1.7_D10,125992,99,0.740
BL_W80_T1.7_D10,126482,97,0.660
BL_W80_T1.7_D10,127021,95,0.580
BL_W80_T1.7_D10,127560,93,0.500
BL_W80_T1.7_D10,128099,92,0.420
BL_W80_T1.7_D10,128638,90,0.340
BL_W80_T1.7_D10,129128,88,0.260
BL_W80_T1.7_D10,131872,79,0.260
BL_W80_T1.7_D10,122847,110,0.126
BL_W80_T1.7_D10,124497,103,0.126
BL_W80_T1.7_D10,129667,86,0.126
BL_W80_T1.7_D10,132411,78,0.126
BL_W80_T1.7_D10,132901,76,0.050
BL_W80_T1.7_D10,123397,108,0.010
BL_W80_T1.7_D10,124947,102,0.010
BL_W80_T1.7_D10,130206,84,0.010
BL_W80_T1.7_D15,124947,102,0.900
BL_W80_T1.7_D15,125497,101,0.820
BL_W80_T1.7_D15,125992,99,0.740
BL_W80_T1.7_D15,126482,97,0.660
BL_W80_T1.7_D15,127021,95,0.580
BL_W80_T1.7_D15,127560,93,0.500
BL_W80_T1.7_D15,128099,92,0.420
BL_W80_T1.7_D15,128638,90,0.340
BL_W80_T1.7_D15,129128,88,0.260
BL_W80_T1.7_D15,131872,79,0.260
BL_W80_T1.7_D15,122897,110,0.126
BL_W80_T1.7_D15,129667,86,0.126
BL_W80_T1.7_D15,132411,78,0.126
BL_W80_T1.7_D15,132901,76,0.050
BL_W80_T1.7_D15,123397,108,0.010
BL_W80_T1.7_D15,130206,84,0.010
BL_W80_T1.7_D20,125992,99,0.740
BL_W80_T1.7_D20,126482,97,0.660
BL_W80_T1.7_D20,127021,95,0.580
BL_W80_T1.7_D20,127560,93,0.500
BL_W80_T1.7_D20,128099,92,0.420
BL_W80_T1.7_D20,128638,90,0.340
BL_W80_T1.7_D20,129128,88,0.260
BL_W80_T1.7_D20,131872,79,0.260
BL_W80_T1.7_D20,129667,86,0.126
BL_W80_T1.7_D20,132411,78,0.126
BL_W80_T1.7_D20,132901,76,0.050
BL_W80_T1.7_D20,124997,102,0.010
BL_W80_T1.7_D20,130206,84,0.010
BL_W80_T1.7_D25,126482,97,0.660
BL_W80_T1.7_D25,127021,95,0.580
BL_W80_T1.7_D25,127560,93,0.500
BL_W80_T1.7_D25,128050,92,0.420
BL_W80_T1.7_D25,128589,90,0.340
BL_W80_T1.7_D25,129128,88,0.260
BL_W80_T1.7_D25,131872,79,0.260
BL_W80_T1.7_D25,129667,86,0.126
BL_W80_T1.7_D25,132411,78,0.126
BL_W80_T1.7_D25,132901,76,0.050
BL_W80_T1.7_D25,124997,102,0.010
BL_W80_T1.7_D25,130206,84,0.010
BL_W80_T1.7_D30,126531,97,0.660
BL_W80_T1.7_D30,127021,95,0.580
BL_W80_T1.7_D30,127560,93,0.500
BL_W80_T1.7_D30,128050,92,0.420
BL_W80_T1.7_D30,128589,90,0.340
BL_W80_T1.7_D30,129128,88,0.260
BL_W80_T1.7_D30,131872,79,0.260
BL_W80_T1.7_D30,129667,86,0.126
BL_W80_T1.7_D30,132411,78,0.126
BL_W80_T1.7_D30,132901,76,0.050
BL_W80_T1.7_D30,130206,84,0.010
BL_W80_T2.0_D2,120897,118,0.420
BL_W80_T2.0_D2,121547,117,0.340
BL_W80_T2.0_D2,122297,112,0.260
BL_W80_T2.0_D2,122797,110,0.126
BL_W80_T2.0_D2,126531,97,0.126
BL_W80_T2.0_D2,132901,76,0.050
BL_W80_T2.0_D2,119647,123,0.010
BL_W80_T2.0_D2,123397,108,0.010
BL_W80_T2.0_D2,124997,102,0.010
BL_W80_T2.0_D2,127021,95,0.010
BL_W80_T2.0_D2,128099,92,0.010
BL_W80_T2.0_D2,130255,84,0.010
BL_W80_T2.0_D4,122347,112,0.260
BL_W80_T2.0_D4,122797,110,0.126
BL_W80_T2.0_D4,126531,97,0.126
BL_W80_T2.0_D4,132901,76,0.050
BL_W80_T2.0_D4,123397,108,0.010
BL_W80_T2.0_D4,124997,102,0.010
BL_W80_T2.0_D4,127021,95,0.010
BL_W80_T2.0_D4,128099,92,0.010
BL_W80_T2.0_D4,130255,84,0.010
BL_W80_T2.0_D6,122797,110,0.126
BL_W80_T2.0_D6,126531,97,0.126
BL_W80_T2.0_D6,132901,76,0.050
BL_W80_T2.0_D6,123347,108,0.010
BL_W80_T2.0_D6,124997,102,0.010
BL_W80_T2.0_D6,127021,95,0.010
BL_W80_T2.0_D6,128099,92,0.010
BL_W80_T2.0_D6,130255,84,0.010
BL_W80_T2.0_D8,122847,110,0.126
BL_W80_T2.0_D8,126531,97,0.126
BL_W80_T2.0_D8,132901,76,0.050
BL_W80_T2.0_D8,123397,108,0.010
BL_W80_T2.0_D8,124997,102,0.010
BL_W80_T2.0_D8,127021,95,0.010
BL_W80_T2.0_D8,128099,92,0.010
BL_W80_T2.0_D8,130255,84,0.010
BL_W80_T2.0_D10,122847,110,0.126
BL_W80_T2.0_D10,124497,103,0.126
BL_W80_T2.0_D10,126531,97,0.126
BL_W80_T2.0_D10,132901,76,0.050
BL_W80_T2.0_D10,123397,108,0.010
BL_W80_T2.0_D10,124997,102,0.010
BL_W80_T2.0_D10,127021,95,0.010
BL_W80_T2.0_D10,128099,92,0.010
BL_W80_T2.0_D10,130255,84,0.010
BL_W80_T2.0_D15,124947,102,0.420
BL_W80_T2.0_D15,125497,101,0.340
BL_W80_T2.0_D15,125992,99,0.260
BL_W80_T2.0_D15,122897,110,0.126
BL_W80_T2.0_D15,126531,97,0.126
BL_W80_T2.0_D15,132901,76,0.050
BL_W80_T2.0_D15,123397,108,0.010
BL_W80_T2.0_D15,127021,95,0.010
BL_W80_T2.0_D15,128099,92,0.010
BL_W80_T2.0_D15,130255,84,0.010
BL_W80_T2.0_D20,125992,99,0.260
BL_W80_T2.0_D20,126482,97,0.126
BL_W80_T2.0_D20,132901,76,0.050
BL_W80_T2.0_D20,124997,102,0.010
BL_W80_T2.0_D20,127021,95,0.010
BL_W80_T2.0_D20,128099,92,0.010
BL_W80_T2.0_D20,130255,84,0.010
BL_W80_T2.0_D25,126482,97,0.500
BL_W80_T2.0_D25,127021,95,0.420
BL_W80_T2.0_D25,127560,93,0.340
BL_W80_T2.0_D25,128050,92,0.260
BL_W80_T2.0_D25,128589,90,0.126
BL_W80_T2.0_D25,132901,76,0.050
BL_W80_T2.0_D25,124997,102,0.010
BL_W80_T2.0_D25,129128,88,0.010
BL_W80_T2.0_D25,130255,84,0.010
BL_W80_T2.0_D30,126531,97,0.660
BL_W80_T2.0_D30,127021,95,0.580
BL_W80_T2.0_D30,127560,93,0.500
BL_W80_T2.0_D30,128050,92,0.420
BL_W80_T2.0_D30,128589,90,0.340
BL_W80_T2.0_D30,129128,88,0.260
BL_W80_T2.0_D30,129667,86,0.126
BL_W80_T2.0_D30,132901,76,0.050
BL_W80_T2.0_D30,130206,84,0.010
BL_W80_T2.2_D2,120897,118,0.420
BL_W80_T2.2_D2,121547,117,0.340
BL_W80_T2.2_D2,122297,112,0.260
BL_W80_T2.2_D2,122797,110,0.126
BL_W80_T2.2_D2,126531,97,0.126
BL_W80_T2.2_D2,128099,92,0.050
BL_W80_T2.2_D2,119647,123,0.010
BL_W80_T2.2_D2,123397,108,0.010
BL_W80_T2.2_D2,124997,102,0.010
BL_W80_T2.2_D2,127070,95,0.010
BL_W80_T2.2_D4,122347,112,0.260
BL_W80_T2.2_D4,122797,110,0.126
BL_W80_T2.2_D4,126531,97,0.126
BL_W80_T2.2_D4,128099,92,0.050
BL_W80_T2.2_D4,123397,108,0.010
BL_W80_T2.2_D4,124997,102,0.010
BL_W80_T2.2_D4,127070,95,0.010
BL_W80_T2.2_D6,122797,110,0.126
BL_W80_T2.2_D6,126531,97,0.126
BL_W80_T2.2_D6,128099,92,0.050
BL_W80_T2.2_D6,123347,108,0.010
BL_W80_T2.2_D6,124997,102,0.010
BL_W80_T2.2_D6,127070,95,0.010
BL_W80_T2.2_D8,122847,110,0.126
BL_W80_T2.2_D8,126531,97,0.126
BL_W80_T2.2_D8,128099,92,0.050
BL_W80_T2.2_D8,123397,108,0.010
BL_W80_T2.2_D8,124997,102,0.010
BL_W80_T2.2_D8,127070,95,0.010
BL_W80_T2.2_D10,122847,110,0.126
BL_W80_T2.2_D10,124497,103,0.126
BL_W80_T2.2_D10,126531,97,0.126
BL_W80_T2.2_D10,128099,92,0.050
BL_W80_T2.2_D10,123397,108,0.010
BL_W80_T2.2_D10,124997,102,0.010
BL_W80_T2.2_D10,127070,95,0.010
BL_W80_T2.2_D15,124947,102,0.420
BL_W80_T2.2_D15,125497,101,0.340
BL_W80_T2.2_D15,125992,99,0.260
BL_W80_T2.2_D15,122897,110,0.126
BL_W80_T2.2_D15,126531,97,0.126
BL_W80_T2.2_D15,128099,92,0.050
BL_W80_T2.2_D15,123397,108,0.010
BL_W80_T2.2_D15,127070,95,0.010
BL_W80_T2.2_D20,125992,99,0.260
BL_W80_T2.2_D20,126482,97,0.126
BL_W80_T2.2_D20,128099,92,0.050
BL_W80_T2.2_D20,124997,102,0.010
BL_W80_T2.2_D20,127021,95,0.010
BL_W80_T2.2_D25,126482,97,0.500
BL_W80_T2.2_D25,127021,95,0.420
BL_W80_T2.2_D25,127560,93,0.340
BL_W80_T2.2_D25,128050,92,0.260
BL_W80_T2.2_D25,128589,90,0.126
BL_W80_T2.2_D25,129128,88,0.050
BL_W80_T2.2_D25,124997,102,0.010
BL_W80_T2.2_D30,126531,97,0.660
BL_W80_T2.2_D30,127021,95,0.580
BL_W80_T2.2_D30,127560,93,0.500
BL_W80_T2.2_D30,128050,92,0.420
BL_W80_T2.2_D30,128589,90,0.340
BL_W80_T2.2_D30,129128,88,0.260
BL_W80_T2.2_D30,129667,86,0.126
BL_W80_T2.2_D30,130206,84,0.050
BL_W80_T2.4_D2,120897,118,0.420
BL_W80_T2.4_D2,121547,117,0.340
BL_W80_T2.4_D2,122297,112,0.260
BL_W80_T2.4_D2,122797,110,0.126
BL_W80_T2.4_D2,127070,95,0.050
BL_W80_T2.4_D2,119647,123,0.010
BL_W80_T2.4_D2,123397,108,0.010
BL_W80_T2.4_D4,122347,112,0.260
BL_W80_T2.4_D4,122797,110,0.126
BL_W80_T2.4_D4,127070,95,0.050
BL_W80_T2.4_D4,123397,108,0.010
BL_W80_T2.4_D6,122797,110,0.126
BL_W80_T2.4_D6,127070,95,0.050
BL_W80_T2.4_D6,123347,108,0.010
BL_W80_T2.4_D8,122847,110,0.126
BL_W80_T2.4_D8,127070,95,0.050
BL_W80_T2.4_D8,123397,108,0.010
BL_W80_T2.4_D10,122847,110,0.126
BL_W80_T2.4_D10,127070,95,0.050
BL_W80_T2.4_D10,123397,108,0.010
BL_W80_T2.4_D10,124497,103,0.010
BL_W80_T2.4_D15,124947,102,0.260
BL_W80_T2.4_D15,122897,110,0.126
BL_W80_T2.4_D15,125497,101,0.126
BL_W80_T2.4_D15,127070,95,0.050
BL_W80_T2.4_D15,123397,108,0.010
BL_W80_T2.4_D15,125992,99,0.010
BL_W80_T2.4_D20,125992,99,0.260
BL_W80_T2.4_D20,126482,97,0.126
BL_W80_T2.4_D20,127021,95,0.050
BL_W80_T2.4_D20,124997,102,0.010
BL_W80_T2.4_D25,126482,97,0.500
BL_W80_T2.4_D25,127021,95,0.420
BL_W80_T2.4_D25,127560,93,0.340
BL_W80_T2.4_D25,128050,92,0.260
BL_W80_T2.4_D25,128589,90,0.126
BL_W80_T2.4_D25,129128,88,0.050
BL_W80_T2.4_D25,124997,102,0.010
BL_W80_T2.4_D30,126531,97,0.660
BL_W80_T2.4_D30,127021,95,0.580
BL_W80_T2.4_D30,127560,93,0.500
BL_W80_T2.4_D30,128050,92,0.420
BL_W80_T2.4_D30,128589,90,0.340
BL_W80_T2.4_D30,129128,88,0.260
BL_W80_T2.4_D30,129667,86,0.126
BL_W80_T2.4_D30,130206,84,0.050
BL_W80_T2.7_D2,120897,118,0.420
BL_W80_T2.7_D2,121547,117,0.340
BL_W80_T2.7_D2,122297,112,0.260
BL_W80_T2.7_D2,122797,110,0.126
BL_W80_T2.7_D2,123397,108,0.050
BL_W80_T2.7_D2,119647,123,0.010
BL_W80_T2.7_D4,122347,112,0.260
BL_W80_T2.7_D4,122797,110,0.126
BL_W80_T2.7_D4,123397,108,0.050
BL_W80_T2.7_D6,122797,110,0.126
BL_W80_T2.7_D6,123347,108,0.050
BL_W80_T2.7_D8,122847,110,0.126
BL_W80_T2.7_D8,123397,108,0.050
BL_W80_T2.7_D10,122847,110,0.126
BL_W80_T2.7_D10,124497,103,0.050
BL_W80_T2.7_D10,123397,108,0.010
BL_W80_T2.7_D15,124947,102,0.260
BL_W80_T2.7_D15,122897,110,0.126
BL_W80_T2.7_D15,125497,101,0.126
BL_W80_T2.7_D15,125992,99,0.050
BL_W80_T2.7_D15,123397,108,0.010
BL_W80_T2.7_D20,125992,99,0.260
BL_W80_T2.7_D20,126482,97,0.126
BL_W80_T2.7_D20,127021,95,0.050
BL_W80_T2.7_D20,124997,102,0.010
BL_W80_T2.7_D25,126482,97,0.500
BL_W80_T2.7_D25,127021,95,0.420
BL_W80_T2.7_D25,127560,93,0.340
BL_W80_T2.7_D25,128050,92,0.260
BL_W80_T2.7_D25,128589,90,0.126
BL_W80_T2.7_D25,129128,88,0.050
BL_W80_T2.7_D25,124997,102,0.010
BL_W80_T2.7_D30,126531,97,0.660
BL_W80_T2.7_D30,127021,95,0.580
BL_W80_T2.7_D30,127560,93,0.500
BL_W80_T2.7_D30,128050,92,0.420
BL_W80_T2.7_D30,128589,90,0.340
BL_W80_T2.7_D30,129128,88,0.260
BL_W80_T2.7_D30,129667,86,0.126
BL_W80_T2.7_D30,130206,84,0.050
BL_W80_T3.0_D2,120897,118,0.420
BL_W80_T3.0_D2,121547,117,0.340
BL_W80_T3.0_D2,122297,112,0.260
BL_W80_T3.0_D2,122797,110,0.126
BL_W80_T3.0_D2,123397,108,0.050
BL_W80_T3.0_D2,119647,123,0.010
BL_W80_T3.0_D4,122347,112,0.260
BL_W80_T3.0_D4,122797,110,0.126
BL_W80_T3.0_D4,123397,108,0.050
BL_W80_T3.0_D6,122797,110,0.126
BL_W80_T3.0_D6,123347,108,0.050
BL_W80_T3.0_D8,122847,110,0.126
BL_W80_T3.0_D8,123397,108,0.050
BL_W80_T3.0_D10,122847,110,0.126
BL_W80_T3.0_D10,124497,103,0.050
BL_W80_T3.0_D10,123397,108,0.010
BL_W80_T3.0_D15,124947,102,0.260
BL_W80_T3.0_D15,122897,110,0.126
BL_W80_T3.0_D15,125497,101,0.126
BL_W80_T3.0_D15,125992,99,0.050
BL_W80_T3.0_D15,123397,108,0.010
BL_W80_T3.0_D20,125992,99,0.260
BL_W80_T3.0_D20,126482,97,0.126
BL_W80_T3.0_D20,127021,95,0.050
BL_W80_T3.0_D20,124997,102,0.010
BL_W80_T3.0_D25,126482,97,0.500
BL_W80_T3.0_D25,127021,95,0.420
BL_W80_T3.0_D25,127560,93,0.340
BL_W80_T3.0_D25,128050,92,0.260
BL_W80_T3.0_D25,128589,90,0.126
BL_W80_T3.0_D25,129128,88,0.050
BL_W80_T3.0_D25,124997,102,0.010
BL_W80_T3.0_D30,126531,97,0.660
BL_W80_T3.0_D30,127021,95,0.580
BL_W80_T3.0_D30,127560,93,0.500
BL_W80_T3.0_D30,128050,92,0.420
BL_W80_T3.0_D30,128589,90,0.340
BL_W80_T3.0_D30,129128,88,0.260
BL_W80_T3.0_D30,129667,86,0.126
BL_W80_T3.0_D30,130206,84,0.050
BL_W90_T1.2_D2,124947,102,1.200
BL_W90_T1.2_D2,125497,101,1.200
BL_W90_T1.2_D2,125992,99,1.200
BL_W90_T1.2_D2,126482,97,1.200
BL_W90_T1.2_D2,127021,95,1.140
BL_W90_T1.2_D2,127560,93,1.060
BL_W90_T1.2_D2,128050,92,0.980
BL_W90_T1.2_D2,128589,90,0.900
BL_W90_T1.2_D2,129128,88,0.820
BL_W90_T1.2_D2,129667,86,0.740
BL_W90_T1.2_D2,130206,84,0.660
BL_W90_T1.2_D2,130794,82,0.580
BL_W90_T1.2_D2,131333,81,0.500
BL_W90_T1.2_D2,131823,79,0.420
BL_W90_T1.2_D2,132362,78,0.340
BL_W90_T1.2_D2,122297,112,0.260
BL_W90_T1.2_D2,132852,76,0.260
BL_W90_T1.2_D2,120897,118,0.126
BL_W90_T1.2_D2,122797,110,0.126
BL_W90_T1.2_D2,133440,74,0.126
BL_W90_T1.2_D4,124947,102,1.200
BL_W90_T1.2_D4,125497,101,1.200
BL_W90_T1.2_D4,125992,99,1.200
BL_W90_T1.2_D4,126482,97,1.200
BL_W90_T1.2_D4,127021,95,1.140
BL_W90_T1.2_D4,127560,93,1.060
BL_W90_T1.2_D4,128050,92,0.980
BL_W90_T1.2_D4,128589,90,0.900
BL_W90_T1.2_D4,129128,88,0.820
BL_W90_T1.2_D4,129667,86,0.740
BL_W90_T1.2_D4,130206,84,0.660
BL_W90_T1.2_D4,130794,82,0.580
BL_W90_T1.2_D4,131333,81,0.500
BL_W90_T1.2_D4,131823,79,0.420
BL_W90_T1.2_D4,132362,78,0.340
BL_W90_T1.2_D4,122347,112,0.260
BL_W90_T1.2_D4,132852,76,0.260
BL_W90_T1.2_D4,122797,110,0.126
BL_W90_T1.2_D4,133440,74,0.126
BL_W90_T1.2_D4,133979,73,0.050
BL_W90_T1.2_D6,124947,102,1.200
BL_W90_T1.2_D6,125497,101,1.200
BL_W90_T1.2_D6,125992,99,1.200
BL_W90_T1.2_D6,126482,97,1.200
BL_W90_T1.2_D6,127021,95,1.140
BL_W90_T1.2_D6,127560,93,1.060
BL_W90_T1.2_D6,128050,92,0.980
BL_W90_T1.2_D6,128589,90,0.900
BL_W90_T1.2_D6,129128,88,0.820
BL_W90_T1.2_D6,129667,86,0.740
BL_W90_T1.2_D6,130206,84,0.660
BL_W90_T1.2_D6,130794,82,0.580
BL_W90_T1.2_D6,131333,81,0.500
BL_W90_T1.2_D6,131823,79,0.420
BL_W90_T1.2_D6,132362,78,0.340
BL_W90_T1.2_D6,132852,76,0.260
BL_W90_T1.2_D6,122797,110,0.126
BL_W90_T1.2_D6,133440,74,0.126
BL_W90_T1.2_D6,133979,73,0.050
BL_W90_T1.2_D6,123347,108,0.010
BL_W90_T1.2_D8,124947,102,1.200
BL_W90_T1.2_D8,125497,101,1.200
BL_W90_T1.2_D8,125992,99,1.200
BL_W90_T1.2_D8,126482,97,1.200
BL_W90_T1.2_D8,127021,95,1.140
BL_W90_T1.2_D8,127560,93,1.060
BL_W90_T1.2_D8,128050,92,0.980
BL_W90_T1.2_D8,128589,90,0.900
BL_W90_T1.2_D8,129128,88,0.820
BL_W90_T1.2_D8,129667,86,0.740
BL_W90_T1.2_D8,130206,84,0.660
BL_W90_T1.2_D8,130794,82,0.580
BL_W90_T1.2_D8,131333,81,0.500
BL_W90_T1.2_D8,131823,79,0.420
BL_W90_T1.2_D8,132362,78,0.340
BL_W90_T1.2_D8,132852,76,0.260
BL_W90_T1.2_D8,122847,110,0.126
BL_W90_T1.2_D8,133440,74,0.126
BL_W90_T1.2_D8,133979,73,0.050
BL_W90_T1.2_D8,123397,108,0.010
BL_W90_T1.2_D10,124497,103,1.200
BL_W90_T1.2_D10,124947,102,1.200
BL_W90_T1.2_D10,125497,101,1.200
BL_W90_T1.2_D10,125992,99,1.200
BL_W90_T1.2_D10,126482,97,1.200
BL_W90_T1.2_D10,127021,95,1.140
BL_W90_T1.2_D10,127560,93,1.060
BL_W90_T1.2_D10,128050,92,0.980
BL_W90_T1.2_D10,128589,90,0.900
BL_W90_T1.2_D10,129128,88,0.820
BL_W90_T1.2_D10,129667,86,0.740
BL_W90_T1.2_D10,130206,84,0.660
BL_W90_T1.2_D10,130794,82,0.580
BL_W90_T1.2_D10,131333,81,0.500
BL_W90_T1.2_D10,131823,79,0.420
BL_W90_T1.2_D10,132362,78,0.340
BL_W90_T1.2_D10,132852,76,0.260
BL_W90_T1.2_D10,122847,110,0.126
BL_W90_T1.2_D10,133440,74,0.126
BL_W90_T1.2_D10,133979,73,0.050
BL_W90_T1.2_D15,124947,102,1.200
BL_W90_T1.2_D15,125497,101,1.200
BL_W90_T1.2_D15,125992,99,1.200
BL_W90_T1.2_D15,126482,97,1.200
BL_W90_T1.2_D15,127021,95,1.140
BL_W90_T1.2_D15,127560,93,1.060
BL_W90_T1.2_D15,128050,92,0.980
BL_W90_T1.2_D15,128589,90,0.900
BL_W90_T1.2_D15,129128,88,0.820
BL_W90_T1.2_D15,129667,86,0.740
BL_W90_T1.2_D15,130206,84,0.660
BL_W90_T1.2_D15,130794,82,0.580
BL_W90_T1.2_D15,131333,81,0.500
BL_W90_T1.2_D15,131823,79,0.420
BL_W90_T1.2_D15,132362,78,0.340
BL_W90_T1.2_D15,132852,76,0.260
BL_W90_T1.2_D15,122897,110,0.126
BL_W90_T1.2_D15,133440,74,0.126
BL_W90_T1.2_D15,133979,73,0.050
BL_W90_T1.2_D15,123397,108,0.010
BL_W90_T1.2_D20,125992,99,1.200
BL_W90_T1.2_D20,126482,97,1.200
BL_W90_T1.2_D20,127021,95,1.140
BL_W90_T1.2_D20,127560,93,1.060
BL_W90_T1.2_D20,128050,92,0.980
BL_W90_T1.2_D20,128589,90,0.900
BL_W90_T1.2_D20,129128,88,0.820
BL_W90_T1.2_D20,129667,86,0.740
BL_W90_T1.2_D20,130206,84,0.660
BL_W90_T1.2_D20,130794,82,0.580
BL_W90_T1.2_D20,131333,81,0.500
BL_W90_T1.2_D20,131823,79,0.420
BL_W90_T1.2_D20,132362,78,0.340
BL_W90_T1.2_D20,132852,76,0.260
BL_W90_T1.2_D20,133440,74,0.126
BL_W90_T1.2_D20,133979,73,0.050
BL_W90_T1.2_D20,124997,102,0.010
BL_W90_T1.2_D25,126482,97,1.200
BL_W90_T1.2_D25,127021,95,1.140
BL_W90_T1.2_D25,127560,93,1.060
BL_W90_T1.2_D25,128050,92,0.980
BL_W90_T1.2_D25,128589,90,0.900
BL_W90_T1.2_D25,129128,88,0.820
BL_W90_T1.2_D25,129667,86,0.740
BL_W90_T1.2_D25,130206,84,0.660
BL_W90_T1.2_D25,130794,82,0.580
BL_W90_T1.2_D25,131333,81,0.500
BL_W90_T1.2_D25,131823,79,0.420
BL_W90_T1.2_D25,132362,78,0.340
BL_W90_T1.2_D25,132852,76,0.260
BL_W90_T1.2_D25,133440,74,0.126
BL_W90_T1.2_D25,133979,73,0.050
BL_W90_T1.2_D25,124997,102,0.010
BL_W90_T1.2_D30,126531,97,1.200
BL_W90_T1.2_D30,127021,95,1.140
BL_W90_T1.2_D30,127560,93,1.060
BL_W90_T1.2_D30,128050,92,0.980
BL_W90_T1.2_D30,128589,90,0.900
BL_W90_T1.2_D30,129128,88,0.820
BL_W90_T1.2_D30,129667,86,0.740
BL_W90_T1.2_D30,130206,84,0.660
BL_W90_T1.2_D30,130794,82,0.580
BL_W90_T1.2_D30,131333,81,0.500
BL_W90_T1.2_D30,131823,79,0.420
BL_W90_T1.2_D30,132362,78,0.340
BL_W90_T1.2_D30,132852,76,0.260
BL_W90_T1.2_D30,133440,74,0.126
BL_W90_T1.2_D30,133979,73,0.050
BL_W90_T1.5_D2,125992,99,1.200
BL_W90_T1.5_D2,126482,97,1.140
BL_W90_T1.5_D2,127021,95,1.060
BL_W90_T1.5_D2,127560,93,0.980
BL_W90_T1.5_D2,128050,92,0.900
BL_W90_T1.5_D2,128589,90,0.820
BL_W90_T1.5_D2,129128,88,0.740
BL_W90_T1.5_D2,129667,86,0.660
BL_W90_T1.5_D2,130206,84,0.580
BL_W90_T1.5_D2,130794,82,0.500
BL_W90_T1.5_D2,131333,81,0.420
BL_W90_T1.5_D2,131823,79,0.340
BL_W90_T1.5_D2,122297,112,0.260
BL_W90_T1.5_D2,132362,78,0.260
BL_W90_T1.5_D2,120897,118,0.126
BL_W90_T1.5_D2,122797,110,0.126
BL_W90_T1.5_D2,132901,76,0.126
BL_W90_T1.5_D2,133440,74,0.050
BL_W90_T1.5_D2,119647,123,0.010
BL_W90_T1.5_D2,121447,116,0.010
BL_W90_T1.5_D4,125992,99,1.200
BL_W90_T1.5_D4,126482,97,1.140
BL_W90_T1.5_D4,127021,95,1.060
BL_W90_T1.5_D4,127560,93,0.980
BL_W90_T1.5_D4,128050,92,0.900
BL_W90_T1.5_D4,128589,90,0.820
BL_W90_T1.5_D4,129128,88,0.740
BL_W90_T1.5_D4,129667,86,0.660
BL_W90_T1.5_D4,130206,84,0.580
BL_W90_T1.5_D4,130794,82,0.500
BL_W90_T1.5_D4,131333,81,0.420
BL_W90_T1.5_D4,131823,79,0.340
BL_W90_T1.5_D4,122347,112,0.260
BL_W90_T1.5_D4,132362,78,0.260
BL_W90_T1.5_D4,122797,110,0.126
BL_W90_T1.5_D4,132901,76,0.126
BL_W90_T1.5_D4,133440,74,0.050
BL_W90_T1.5_D4,123347,108,0.010
BL_W90_T1.5_D4,124947,102,0.010
BL_W90_T1.5_D6,125992,99,1.200
BL_W90_T1.5_D6,126482,97,1.140
BL_W90_T1.5_D6,127021,95,1.060
BL_W90_T1.5_D6,127560,93,0.980
BL_W90_T1.5_D6,128050,92,0.900
BL_W90_T1.5_D6,128589,90,0.820
BL_W90_T1.5_D6,129128,88,0.740
BL_W90_T1.5_D6,129667,86,0.660
BL_W90_T1.5_D6,130206,84,0.580
BL_W90_T1.5_D6,130794,82,0.500
BL_W90_T1.5_D6,131333,81,0.420
BL_W90_T1.5_D6,131823,79,0.340
BL_W90_T1.5_D6,132362,78,0.260
BL_W90_T1.5_D6,122797,110,0.126
BL_W90_T1.5_D6,132901,76,0.126
BL_W90_T1.5_D6,133440,74,0.050
BL_W90_T1.5_D6,123347,108,0.010
BL_W90_T1.5_D6,124947,102,0.010
BL_W90_T1.5_D8,125992,99,1.200
BL_W90_T1.5_D8,126482,97,1.140
BL_W90_T1.5_D8,127021,95,1.060
BL_W90_T1.5_D8,127560,93,0.980
BL_W90_T1.5_D8,128050,92,0.900
BL_W90_T1.5_D8,128589,90,0.820
BL_W90_T1.5_D8,129128,88,0.740
BL_W90_T1.5_D8,129667,86,0.660
BL_W90_T1.5_D8,130206,84,0.580
BL_W90_T1.5_D8,130794,82,0.500
BL_W90_T1.5_D8,131333,81,0.420
BL_W90_T1.5_D8,131823,79,0.340
BL_W90_T1.5_D8,132362,78,0.260
BL_W90_T1.5_D8,122847,110,0.126
BL_W90_T1.5_D8,132901,76,0.126
BL_W90_T1.5_D8,133440,74,0.050
BL_W90_T1.5_D8,123397,108,0.010
BL_W90_T1.5_D8,124947,102,0.010
BL_W90_T1.5_D10,125992,99,1.200
BL_W90_T1.5_D10,126482,97,1.140
BL_W90_T1.5_D10,127021,95,1.060
BL_W90_T1.5_D10,127560,93,0.980
BL_W90_T1.5_D10,128050,92,0.900
BL_W90_T1.5_D10,128589,90,0.820
BL_W90_T1.5_D10,129128,88,0.740
BL_W90_T1.5_D10,129667,86,0.660
BL_W90_T1.5_D10,130206,84,0.580
BL_W90_T1.5_D10,130794,82,0.500
BL_W90_T1.5_D10,131333,81,0.420
BL_W90_T1.5_D10,131823,79,0.340
BL_W90_T1.5_D10,132362,78,0.260
BL_W90_T1.5_D10,122847,110,0.126
BL_W90_T1.5_D10,124497,103,0.126
BL_W90_T1.5_D10,132901,76,0.126
BL_W90_T1.5_D10,133440,74,0.050
BL_W90_T1.5_D10,123397,108,0.010
BL_W90_T1.5_D10,124947,102,0.010
BL_W90_T1.5_D15,124947,102,1.200
BL_W90_T1.5_D15,125497,101,1.200
BL_W90_T1.5_D15,125992,99,1.200
BL_W90_T1.5_D15,126482,97,1.140
BL_W90_T1.5_D15,127021,95,1.060
BL_W90_T1.5_D15,127560,93,0.980
BL_W90_T1.5_D15,128050,92,0.900
BL_W90_T1.5_D15,128589,90,0.820
BL_W90_T1.5_D15,129128,88,0.740
BL_W90_T1.5_D15,129667,86,0.660
BL_W90_T1.5_D15,130206,84,0.580
BL_W90_T1.5_D15,130794,82,0.500
BL_W90_T1.5_D15,131333,81,0.420
BL_W90_T1.5_D15,131823,79,0.340
BL_W90_T1.5_D15,132362,78,0.260
BL_W90_T1.5_D15,122897,110,0.126
BL_W90_T1.5_D15,132901,76,0.126
BL_W90_T1.5_D15,133440,74,0.050
BL_W90_T1.5_D15,123397,108,0.010
BL_W90_T1.5_D20,125992,99,1.200
BL_W90_T1.5_D20,126482,97,1.140
BL_W90_T1.5_D20,127021,95,1.060
BL_W90_T1.5_D20,127560,93,0.980
BL_W90_T1.5_D20,128050,92,0.900
BL_W90_T1.5_D20,128589,90,0.820
BL_W90_T1.5_D20,129128,88,0.740
BL_W90_T1.5_D20,129667,86,0.660
BL_W90_T1.5_D20,130206,84,0.580
BL_W90_T1.5_D20,130794,82,0.500
BL_W90_T1.5_D20,131333,81,0.420
BL_W90_T1.5_D20,131823,79,0.340
BL_W90_T1.5_D20,132362,78,0.260
BL_W90_T1.5_D20,132901,76,0.126
BL_W90_T1.5_D20,133440,74,0.050
BL_W90_T1.5_D20,124997,102,0.010
BL_W90_T1.5_D25,126482,97,1.140
BL_W90_T1.5_D25,127021,95,1.060
BL_W90_T1.5_D25,127560,93,0.980
BL_W90_T1.5_D25,128050,92,0.900
BL_W90_T1.5_D25,128589,90,0.820
BL_W90_T1.5_D25,129128,88,0.740
BL_W90_T1.5_D25,129667,86,0.660
BL_W90_T1.5_D25,130206,84,0.580
BL_W90_T1.5_D25,130794,82,0.500
BL_W90_T1.5_D25,131333,81,0.420
BL_W90_T1.5_D25,131823,79,0.340
BL_W90_T1.5_D25,132362,78,0.260
BL_W90_T1.5_D25,132901,76,0.126
BL_W90_T1.5_D25,133440,74,0.050
BL_W90_T1.5_D25,124997,102,0.010
BL_W90_T1.5_D30,126531,97,1.140
BL_W90_T1.5_D30,127021,95,1.060
BL_W90_T1.5_D30,127560,93,0.980
BL_W90_T1.5_D30,128050,92,0.900
BL_W90_T1.5_D30,128589,90,0.820
BL_W90_T1.5_D30,129128,88,0.740
BL_W90_T1.5_D30,129667,86,0.660
BL_W90_T1.5_D30,130206,84,0.580
BL_W90_T1.5_D30,130794,82,0.500
BL_W90_T1.5_D30,131333,81,0.420
BL_W90_T1.5_D30,131823,79,0.340
BL_W90_T1.5_D30,132362,78,0.260
BL_W90_T1.5_D30,132901,76,0.126
BL_W90_T1.5_D30,133440,74,0.050
BL_W90_T1.7_D2,125992,99,0.740
BL_W90_T1.7_D2,126482,97,0.660
BL_W90_T1.7_D2,127021,95,0.580
BL_W90_T1.7_D2,127560,93,0.500
BL_W90_T1.7_D2,128099,92,0.420
BL_W90_T1.7_D2,128638,90,0.340
BL_W90_T1.7_D2,122297,112,0.260
BL_W90_T1.7_D2,129128,88,0.260
BL_W90_T1.7_D2,120897,118,0.126
BL_W90_T1.7_D2,122797,110,0.126
BL_W90_T1.7_D2,129667,86,0.126
BL_W90_T1.7_D2,132901,76,0.050
BL_W90_T1.7_D2,119647,123,0.010
BL_W90_T1.7_D2,121447,116,0.010
BL_W90_T1.7_D2,123347,108,0.010
BL_W90_T1.7_D2,124947,102,0.010
BL_W90_T1.7_D2,130206,84,0.010
BL_W90_T1.7_D2,131872,79,0.010
BL_W90_T1.7_D4,125992,99,0.740
BL_W90_T1.7_D4,126482,97,0.660
BL_W90_T1.7_D4,127021,95,0.580
BL_W90_T1.7_D4,127560,93,0.500
BL_W90_T1.7_D4,128099,92,0.420
BL_W90_T1.7_D4,128638,90,0.340
BL_W90_T1.7_D4,122347,112,0.260
BL_W90_T1.7_D4,129128,88,0.260
BL_W90_T1.7_D4,122797,110,0.126
BL_W90_T1.7_D4,129667,86,0.126
BL_W90_T1.7_D4,132901,76,0.050
BL_W90_T1.7_D4,123347,108,0.010
BL_W90_T1.7_D4,124947,102,0.010
BL_W90_T1.7_D4,130206,84,0.010
BL_W90_T1.7_D4,131872,79,0.010
BL_W90_T1.7_D6,125992,99,0.740
BL_W90_T1.7_D6,126482,97,0.660
BL_W90_T1.7_D6,127021,95,0.580
BL_W90_T1.7_D6,127560,93,0.500
BL_W90_T1.7_D6,128099,92,0.420
BL_W90_T1.7_D6,128638,90,0.340
BL_W90_T1.7_D6,129128,88,0.260
BL_W90_T1.7_D6,122797,110,0.126
BL_W90_T1.7_D6,129667,86,0.126
BL_W90_T1.7_D6,132901,76,0.050
BL_W90_T1.7_D6,123347,108,0.010
BL_W90_T1.7_D6,124947,102,0.010
BL_W90_T1.7_D6,130206,84,0.010
BL_W90_T1.7_D6,131872,79,0.010
BL_W90_T1.7_D8,125992,99,0.740
BL_W90_T1.7_D8,126482,97,0.660
BL_W90_T1.7_D8,127021,95,0.580
BL_W90_T1.7_D8,127560,93,0.500
BL_W90_T1.7_D8,128099,92,0.420
BL_W90_T1.7_D8,128638,90,0.340
BL_W90_T1.7_D8,129128,88,0.260
BL_W90_T1.7_D8,122847,110,0.126
BL_W90_T1.7_D8,129667,86,0.126
BL_W90_T1.7_D8,132901,76,0.050
BL_W90_T1.7_D8,123397,108,0.010
BL_W90_T1.7_D8,124947,102,0.010
BL_W90_T1.7_D8,130206,84,0.010
BL_W90_T1.7_D8,131872,79,0.010
BL_W90_T1.7_D10,125992,99,0.740
BL_W90_T1.7_D10,126482,97,0.660
BL_W90_T1.7_D10,127021,95,0.580
BL_W90_T1.7_D10,127560,93,0.500
BL_W90_T1.7_D10,128099,92,0.420
BL_W90_T1.7_D10,128638,90,0.340
BL_W90_T1.7_D10,129128,88,0.260
BL_W90_T1.7_D10,122847,110,0.126
BL_W90_T1.7_D10,124497,103,0.126
BL_W90_T1.7_D10,129667,86,0.126
BL_W90_T1.7_D10,132901,76,0.050
BL_W90_T1.7_D10,123397,108,0.010
BL_W90_T1.7_D10,124947,102,0.010
BL_W90_T1.7_D10,130206,84,0.010
BL_W90_T1.7_D10,131872,79,0.010
BL_W90_T1.7_D15,124947,102,0.900
BL_W90_T1.7_D15,125497,101,0.820
BL_W90_T1.7_D15,125992,99,0.740
BL_W90_T1.7_D15,126482,97,0.660
BL_W90_T1.7_D15,127021,95,0.580
BL_W90_T1.7_D15,127560,93,0.500
BL_W90_T1.7_D15,128099,92,0.420
BL_W90_T1.7_D15,128638,90,0.340
BL_W90_T1.7_D15,129128,88,0.260
BL_W90_T1.7_D15,122897,110,0.126
BL_W90_T1.7_D15,129667,86,0.126
BL_W90_T1.7_D15,132901,76,0.050
BL_W90_T1.7_D15,123397,108,0.010
BL_W90_T1.7_D15,130206,84,0.010
BL_W90_T1.7_D15,131872,79,0.010
BL_W90_T1.7_D20,125992,99,0.740
BL_W90_T1.7_D20,126482,97,0.660
BL_W90_T1.7_D20,127021,95,0.580
BL_W90_T1.7_D20,127560,93,0.500
BL_W90_T1.7_D20,128099,92,0.420
BL_W90_T1.7_D20,128638,90,0.340
BL_W90_T1.7_D20,129128,88,0.260
BL_W90_T1.7_D20,129667,86,0.126
BL_W90_T1.7_D20,132901,76,0.050
BL_W90_T1.7_D20,124997,102,0.010
BL_W90_T1.7_D20,130206,84,0.010
BL_W90_T1.7_D20,131872,79,0.010
BL_W90_T1.7_D25,126482,97,0.660
BL_W90_T1.7_D25,127021,95,0.580
BL_W90_T1.7_D25,127560,93,0.500
BL_W90_T1.7_D25,128050,92,0.420
BL_W90_T1.7_D25,128589,90,0.340
BL_W90_T1.7_D25,129128,88,0.260
BL_W90_T1.7_D25,129667,86,0.126
BL_W90_T1.7_D25,132901,76,0.050
BL_W90_T1.7_D25,124997,102,0.010
BL_W90_T1.7_D25,130206,84,0.010
BL_W90_T1.7_D25,131872,79,0.010
BL_W90_T1.7_D30,126531,97,0.660
BL_W90_T1.7_D30,127021,95,0.580
BL_W90_T1.7_D30,127560,93,0.500
BL_W90_T1.7_D30,128050,92,0.420
BL_W90_T1.7_D30,128589,90,0.340
BL_W90_T1.7_D30,129128,88,0.260
BL_W90_T1.7_D30,129667,86,0.126
BL_W90_T1.7_D30,132901,76,0.050
BL_W90_T1.7_D30,130206,84,0.010
BL_W90_T1.7_D30,131872,79,0.010
BL_W90_T2.0_D2,122297,112,0.260
BL_W90_T2.0_D2,120897,118,0.126
BL_W90_T2.0_D2,122797,110,0.126
BL_W90_T2.0_D2,126531,97,0.126
BL_W90_T2.0_D2,132901,76,0.050
BL_W90_T2.0_D2,119647,123,0.010
BL_W90_T2.0_D2,121447,116,0.010
BL_W90_T2.0_D2,123397,108,0.010
BL_W90_T2.0_D2,124997,102,0.010
BL_W90_T2.0_D2,127021,95,0.010
BL_W90_T2.0_D2,128099,92,0.010
BL_W90_T2.0_D2,130255,84,0.010
BL_W90_T2.0_D4,122347,112,0.260
BL_W90_T2.0_D4,122797,110,0.126
BL_W90_T2.0_D4,126531,97,0.126
BL_W90_T2.0_D4,132901,76,0.050
BL_W90_T2.0_D4,123347,108,0.010
BL_W90_T2.0_D4,124997,102,0.010
BL_W90_T2.0_D4,127021,95,0.010
BL_W90_T2.0_D4,128099,92,0.010
BL_W90_T2.0_D4,130255,84,0.010
BL_W90_T2.0_D6,122797,110,0.126
BL_W90_T2.0_D6,126531,97,0.126
BL_W90_T2.0_D6,132901,76,0.050
BL_W90_T2.0_D6,123347,108,0.010
BL_W90_T2.0_D6,124997,102,0.010
BL_W90_T2.0_D6,127021,95,0.010
BL_W90_T2.0_D6,128099,92,0.010
BL_W90_T2.0_D6,130255,84,0.010
BL_W90_T2.0_D8,122847,110,0.126
BL_W90_T2.0_D8,126531,97,0.126
BL_W90_T2.0_D8,132901,76,0.050
BL_W90_T2.0_D8,123397,108,0.010
BL_W90_T2.0_D8,124997,102,0.010
BL_W90_T2.0_D8,127021,95,0.010
BL_W90_T2.0_D8,128099,92,0.010
BL_W90_T2.0_D8,130255,84,0.010
BL_W90_T2.0_D10,122847,110,0.126
BL_W90_T2.0_D10,124497,103,0.126
BL_W90_T2.0_D10,126531,97,0.126
BL_W90_T2.0_D10,132901,76,0.050
BL_W90_T2.0_D10,123397,108,0.010
BL_W90_T2.0_D10,124947,102,0.010
BL_W90_T2.0_D10,127021,95,0.010
BL_W90_T2.0_D10,128099,92,0.010
BL_W90_T2.0_D10,130255,84,0.010
BL_W90_T2.0_D15,124947,102,0.420
BL_W90_T2.0_D15,125497,101,0.340
BL_W90_T2.0_D15,125992,99,0.260
BL_W90_T2.0_D15,122897,110,0.126
BL_W90_T2.0_D15,126482,97,0.126
BL_W90_T2.0_D15,132901,76,0.050
BL_W90_T2.0_D15,123397,108,0.010
BL_W90_T2.0_D15,127021,95,0.010
BL_W90_T2.0_D15,128099,92,0.010
BL_W90_T2.0_D15,130255,84,0.010
BL_W90_T2.0_D20,125992,99,0.420
BL_W90_T2.0_D20,126482,97,0.340
BL_W90_T2.0_D20,127021,95,0.260
BL_W90_T2.0_D20,127560,93,0.126
BL_W90_T2.0_D20,132901,76,0.050
BL_W90_T2.0_D20,124997,102,0.010
BL_W90_T2.0_D20,128099,92,0.010
BL_W90_T2.0_D20,130255,84,0.010
BL_W90_T2.0_D25,126482,97,0.500
BL_W90_T2.0_D25,127021,95,0.420
BL_W90_T2.0_D25,127560,93,0.340
BL_W90_T2.0_D25,128050,92,0.260
BL_W90_T2.0_D25,128589,90,0.126
BL_W90_T2.0_D25,132901,76,0.050
BL_W90_T2.0_D25,124997,102,0.010
BL_W90_T2.0_D25,129128,88,0.010
BL_W90_T2.0_D25,130255,84,0.010
BL_W90_T2.0_D30,126531,97,0.660
BL_W90_T2.0_D30,127021,95,0.580
BL_W90_T2.0_D30,127560,93,0.500
BL_W90_T2.0_D30,128050,92,0.420
BL_W90_T2.0_D30,128589,90,0.340
BL_W90_T2.0_D30,129128,88,0.260
BL_W90_T2.0_D30,129667,86,0.126
BL_W90_T2.0_D30,132901,76,0.050
BL_W90_T2.0_D30,130206,84,0.010
BL_W90_T2.2_D2,122297,112,0.260
BL_W90_T2.2_D2,120897,118,0.126
BL_W90_T2.2_D2,122797,110,0.126
BL_W90_T2.2_D2,126531,97,0.126
BL_W90_T2.2_D2,128099,92,0.050
BL_W90_T2.2_D2,119647,123,0.010
BL_W90_T2.2_D2,121447,116,0.010
BL_W90_T2.2_D2,123397,108,0.010
BL_W90_T2.2_D2,124997,102,0.010
BL_W90_T2.2_D2,127070,95,0.010
BL_W90_T2.2_D4,122347,112,0.260
BL_W90_T2.2_D4,122797,110,0.126
BL_W90_T2.2_D4,126531,97,0.126
BL_W90_T2.2_D4,128099,92,0.050
BL_W90_T2.2_D4,123347,108,0.010
BL_W90_T2.2_D4,124997,102,0.010
BL_W90_T2.2_D4,127070,95,0.010
BL_W90_T2.2_D6,122797,110,0.126
BL_W90_T2.2_D6,126531,97,0.126
BL_W90_T2.2_D6,128099,92,0.050
BL_W90_T2.2_D6,123347,108,0.010
BL_W90_T2.2_D6,124997,102,0.010
BL_W90_T2.2_D6,127070,95,0.010
BL_W90_T2.2_D8,122847,110,0.126
BL_W90_T2.2_D8,126531,97,0.126
BL_W90_T2.2_D8,128099,92,0.050
BL_W90_T2.2_D8,123397,108,0.010
BL_W90_T2.2_D8,124997,102,0.010
BL_W90_T2.2_D8,127070,95,0.010
BL_W90_T2.2_D10,122847,110,0.126
BL_W90_T2.2_D10,124497,103,0.126
BL_W90_T2.2_D10,126531,97,0.126
BL_W90_T2.2_D10,128099,92,0.050
BL_W90_T2.2_D10,123397,108,0.010
BL_W90_T2.2_D10,124947,102,0.010
BL_W90_T2.2_D10,127070,95,0.010
BL_W90_T2.2_D15,124947,102,0.420
BL_W90_T2.2_D15,125497,101,0.340
BL_W90_T2.2_D15,125992,99,0.260
BL_W90_T2.2_D15,122897,110,0.126
BL_W90_T2.2_D15,126482,97,0.126
BL_W90_T2.2_D15,128099,92,0.050
BL_W90_T2.2_D15,123397,108,0.010
BL_W90_T2.2_D15,127070,95,0.010
BL_W90_T2.2_D20,125992,99,0.420
BL_W90_T2.2_D20,126482,97,0.340
BL_W90_T2.2_D20,127021,95,0.260
BL_W90_T2.2_D20,127560,93,0.126
BL_W90_T2.2_D20,128099,92,0.050
BL_W90_T2.2_D20,124997,102,0.010
BL_W90_T2.2_D25,126482,97,0.500
BL_W90_T2.2_D25,127021,95,0.420
BL_W90_T2.2_D25,127560,93,0.340
BL_W90_T2.2_D25,128050,92,0.260
BL_W90_T2.2_D25,128589,90,0.126
BL_W90_T2.2_D25,129128,88,0.050
BL_W90_T2.2_D25,124997,102,0.010
BL_W90_T2.2_D30,126531,97,0.660
BL_W90_T2.2_D30,127021,95,0.580
BL_W90_T2.2_D30,127560,93,0.500
BL_W90_T2.2_D30,128050,92,0.420
BL_W90_T2.2_D30,128589,90,0.340
BL_W90_T2.2_D30,129128,88,0.260
BL_W90_T2.2_D30,129667,86,0.126
BL_W90_T2.2_D30,130206,84,0.050
BL_W90_T2.4_D2,122297,112,0.260
BL_W90_T2.4_D2,120897,118,0.126
BL_W90_T2.4_D2,122797,110,0.126
BL_W90_T2.4_D2,126531,97,0.126
BL_W90_T2.4_D2,128099,92,0.050
BL_W90_T2.4_D2,119647,123,0.010
BL_W90_T2.4_D2,121447,116,0.010
BL_W90_T2.4_D2,123397,108,0.010
BL_W90_T2.4_D2,124997,102,0.010
BL_W90_T2.4_D2,127070,95,0.010
BL_W90_T2.4_D4,122347,112,0.260
BL_W90_T2.4_D4,122797,110,0.126
BL_W90_T2.4_D4,126531,97,0.126
BL_W90_T2.4_D4,128099,92,0.050
BL_W90_T2.4_D4,123347,108,0.010
BL_W90_T2.4_D4,124997,102,0.010
BL_W90_T2.4_D4,127070,95,0.010
BL_W90_T2.4_D6,122797,110,0.126
BL_W90_T2.4_D6,126531,97,0.126
BL_W90_T2.4_D6,128099,92,0.050
BL_W90_T2.4_D6,123347,108,0.010
BL_W90_T2.4_D6,124997,102,0.010
BL_W90_T2.4_D6,127070,95,0.010
BL_W90_T2.4_D8,122847,110,0.126
BL_W90_T2.4_D8,126531,97,0.126
BL_W90_T2.4_D8,128099,92,0.050
BL_W90_T2.4_D8,123397,108,0.010
BL_W90_T2.4_D8,124997,102,0.010
BL_W90_T2.4_D8,127070,95,0.010
BL_W90_T2.4_D10,122847,110,0.126
BL_W90_T2.4_D10,124497,103,0.126
BL_W90_T2.4_D10,126531,97,0.126
BL_W90_T2.4_D10,128099,92,0.050
BL_W90_T2.4_D10,123397,108,0.010
BL_W90_T2.4_D10,124947,102,0.010
BL_W90_T2.4_D10,127070,95,0.010
BL_W90_T2.4_D15,124947,102,0.420
BL_W90_T2.4_D15,125497,101,0.340
BL_W90_T2.4_D15,125992,99,0.260
BL_W90_T2.4_D15,122897,110,0.126
BL_W90_T2.4_D15,126482,97,0.126
BL_W90_T2.4_D15,128099,92,0.050
BL_W90_T2.4_D15,123397,108,0.010
BL_W90_T2.4_D15,127070,95,0.010
BL_W90_T2.4_D20,125992,99,0.420
BL_W90_T2.4_D20,126482,97,0.340
BL_W90_T2.4_D20,127021,95,0.260
BL_W90_T2.4_D20,127560,93,0.126
BL_W90_T2.4_D20,128099,92,0.050
BL_W90_T2.4_D20,124997,102,0.010
BL_W90_T2.4_D25,126482,97,0.500
BL_W90_T2.4_D25,127021,95,0.420
BL_W90_T2.4_D25,127560,93,0.340
BL_W90_T2.4_D25,128050,92,0.260
BL_W90_T2.4_D25,128589,90,0.126
BL_W90_T2.4_D25,129128,88,0.050
BL_W90_T2.4_D25,124997,102,0.010
BL_W90_T2.4_D30,126531,97,0.660
BL_W90_T2.4_D30,127021,95,0.580
BL_W90_T2.4_D30,127560,93,0.500
BL_W90_T2.4_D30,128050,92,0.420
BL_W90_T2.4_D30,128589,90,0.340
BL_W90_T2.4_D30,129128,88,0.260
BL_W90_T2.4_D30,129667,86,0.126
BL_W90_T2.4_D30,130206,84,0.050
BL_W90_T2.7_D2,122297,112,0.260
BL_W90_T2.7_D2,120897,118,0.126
BL_W90_T2.7_D2,122797,110,0.126
BL_W90_T2.7_D2,123397,108,0.050
BL_W90_T2.7_D2,119647,123,0.010
BL_W90_T2.7_D2,121447,116,0.010
BL_W90_T2.7_D4,122347,112,0.260
BL_W90_T2.7_D4,122797,110,0.126
BL_W90_T2.7_D4,123347,108,0.050
BL_W90_T2.7_D6,122797,110,0.126
BL_W90_T2.7_D6,123347,108,0.050
BL_W90_T2.7_D8,122847,110,0.126
BL_W90_T2.7_D8,123397,108,0.050
BL_W90_T2.7_D10,122847,110,0.126
BL_W90_T2.7_D10,124497,103,0.126
BL_W90_T2.7_D10,124947,102,0.050
BL_W90_T2.7_D10,123397,108,0.010
BL_W90_T2.7_D15,124947,102,0.340
BL_W90_T2.7_D15,125497,101,0.260
BL_W90_T2.7_D15,122897,110,0.126
BL_W90_T2.7_D15,125992,99,0.126
BL_W90_T2.7_D15,126482,97,0.050
BL_W90_T2.7_D15,123397,108,0.010
BL_W90_T2.7_D20,125992,99,0.340
BL_W90_T2.7_D20,126482,97,0.260
BL_W90_T2.7_D20,127021,95,0.126
BL_W90_T2.7_D20,127560,93,0.050
BL_W90_T2.7_D20,124997,102,0.010
BL_W90_T2.7_D25,126482,97,0.500
BL_W90_T2.7_D25,127021,95,0.420
BL_W90_T2.7_D25,127560,93,0.340
BL_W90_T2.7_D25,128050,92,0.260
BL_W90_T2.7_D25,128589,90,0.126
BL_W90_T2.7_D25,129128,88,0.050
BL_W90_T2.7_D25,124997,102,0.010
BL_W90_T2.7_D30,126531,97,0.660
BL_W90_T2.7_D30,127021,95,0.580
BL_W90_T2.7_D30,127560,93,0.500
BL_W90_T2.7_D30,128050,92,0.420
BL_W90_T2.7_D30,128589,90,0.340
BL_W90_T2.7_D30,129128,88,0.260
BL_W90_T2.7_D30,129667,86,0.126
BL_W90_T2.7_D30,130206,84,0.050
BL_W90_T3.0_D2,122297,112,0.260
BL_W90_T3.0_D2,120897,118,0.126
BL_W90_T3.0_D2,122797,110,0.126
BL_W90_T3.0_D2,123397,108,0.050
BL_W90_T3.0_D2,119647,123,0.010
BL_W90_T3.0_D2,121447,116,0.010
BL_W90_T3.0_D4,122347,112,0.260
BL_W90_T3.0_D4,122797,110,0.126
BL_W90_T3.0_D4,123347,108,0.050
BL_W90_T3.0_D6,122797,110,0.126
BL_W90_T3.0_D6,123347,108,0.050
BL_W90_T3.0_D8,122847,110,0.126
BL_W90_T3.0_D8,123397,108,0.050
BL_W90_T3.0_D10,122847,110,0.126
BL_W90_T3.0_D10,124497,103,0.126
BL_W90_T3.0_D10,124947,102,0.050
BL_W90_T3.0_D10,123397,108,0.010
BL_W90_T3.0_D15,124947,102,0.340
BL_W90_T3.0_D15,125497,101,0.260
BL_W90_T3.0_D15,122897,110,0.126
BL_W90_T3.0_D15,125992,99,0.126
BL_W90_T3.0_D15,126482,97,0.050
BL_W90_T3.0_D15,123397,108,0.010
BL_W90_T3.0_D20,125992,99,0.340
BL_W90_T3.0_D20,126482,97,0.260
BL_W90_T3.0_D20,127021,95,0.126
BL_W90_T3.0_D20,127560,93,0.050
BL_W90_T3.0_D20,124997,102,0.010
BL_W90_T3.0_D25,126482,97,0.500
BL_W90_T3.0_D25,127021,95,0.420
BL_W90_T3.0_D25,127560,93,0.340
BL_W90_T3.0_D25,128050,92,0.260
BL_W90_T3.0_D25,128589,90,0.126
BL_W90_T3.0_D25,129128,88,0.050
BL_W90_T3.0_D25,124997,102,0.010
BL_W90_T3.0_D30,126531,97,0.660
BL_W90_T3.0_D30,127021,95,0.580
BL_W90_T3.0_D30,127560,93,0.500
BL_W90_T3.0_D30,128050,92,0.420
BL_W90_T3.0_D30,128589,90,0.340
BL_W90_T3.0_D30,129128,88,0.260
BL_W90_T3.0_D30,129667,86,0.126
BL_W90_T3.0_D30,130206,84,0.050
BL_W100_T1.2_D2,124947,102,1.200
BL_W100_T1.2_D2,125497,101,1.200
BL_W100_T1.2_D2,125992,99,1.200
BL_W100_T1.2_D2,126482,97,1.200
BL_W100_T1.2_D2,127021,95,1.140
BL_W100_T1.2_D2,127560,93,1.060
BL_W100_T1.2_D2,128050,92,0.980
BL_W100_T1.2_D2,128589,90,0.900
BL_W100_T1.2_D2,129128,88,0.820
BL_W100_T1.2_D2,129667,86,0.740
BL_W100_T1.2_D2,130206,84,0.660
BL_W100_T1.2_D2,130794,82,0.580
BL_W100_T1.2_D2,131333,81,0.500
BL_W100_T1.2_D2,120897,118,0.420
BL_W100_T1.2_D2,131823,79,0.420
BL_W100_T1.2_D2,121547,117,0.340
BL_W100_T1.2_D2,132362,78,0.340
BL_W100_T1.2_D2,122297,112,0.260
BL_W100_T1.2_D2,132852,76,0.260
BL_W100_T1.2_D2,122797,110,0.126
BL_W100_T1.2_D4,124947,102,1.200
BL_W100_T1.2_D4,125497,101,1.200
BL_W100_T1.2_D4,125992,99,1.200
BL_W100_T1.2_D4,126482,97,1.200
BL_W100_T1.2_D4,127021,95,1.140
BL_W100_T1.2_D4,127560,93,1.060
BL_W100_T1.2_D4,128050,92,0.980
BL_W100_T1.2_D4,128589,90,0.900
BL_W100_T1.2_D4,129128,88,0.820
BL_W100_T1.2_D4,129667,86,0.740
BL_W100_T1.2_D4,130206,84,0.660
BL_W100_T1.2_D4,130794,82,0.580
BL_W100_T1.2_D4,131333,81,0.500
BL_W100_T1.2_D4,131823,79,0.420
BL_W100_T1.2_D4,132362,78,0.340
BL_W100_T1.2_D4,122347,112,0.260
BL_W100_T1.2_D4,132852,76,0.260
BL_W100_T1.2_D4,122797,110,0.126
BL_W100_T1.2_D4,133440,74,0.126
BL_W100_T1.2_D4,133979,73,0.050
BL_W100_T1.2_D6,124947,102,1.200
BL_W100_T1.2_D6,125497,101,1.200
BL_W100_T1.2_D6,125992,99,1.200
BL_W100_T1.2_D6,126482,97,1.200
BL_W100_T1.2_D6,127021,95,1.140
BL_W100_T1.2_D6,127560,93,1.060
BL_W100_T1.2_D6,128050,92,0.980
BL_W100_T1.2_D6,128589,90,0.900
BL_W100_T1.2_D6,129128,88,0.820
BL_W100_T1.2_D6,129667,86,0.740
BL_W100_T1.2_D6,130206,84,0.660
BL_W100_T1.2_D6,130794,82,0.580
BL_W100_T1.2_D6,131333,81,0.500
BL_W100_T1.2_D6,131823,79,0.420
BL_W100_T1.2_D6,132362,78,0.340
BL_W100_T1.2_D6,132852,76,0.260
BL_W100_T1.2_D6,122797,110,0.126
BL_W100_T1.2_D6,133440,74,0.126
BL_W100_T1.2_D6,133979,73,0.050
BL_W100_T1.2_D6,123347,108,0.010
BL_W100_T1.2_D8,124947,102,1.200
BL_W100_T1.2_D8,125497,101,1.200
BL_W100_T1.2_D8,125992,99,1.200
BL_W100_T1.2_D8,126482,97,1.200
BL_W100_T1.2_D8,127021,95,1.140
BL_W100_T1.2_D8,127560,93,1.060
BL_W100_T1.2_D8,128050,92,0.980
BL_W100_T1.2_D8,128589,90,0.900
BL_W100_T1.2_D8,129128,88,0.820
BL_W100_T1.2_D8,129667,86,0.740
BL_W100_T1.2_D8,130206,84,0.660
BL_W100_T1.2_D8,130794,82,0.580
BL_W100_T1.2_D8,131333,81,0.500
BL_W100_T1.2_D8,131823,79,0.420
BL_W100_T1.2_D8,132362,78,0.340
BL_W100_T1.2_D8,132852,76,0.260
BL_W100_T1.2_D8,122847,110,0.126
BL_W100_T1.2_D8,133440,74,0.126
BL_W100_T1.2_D8,133979,73,0.050
BL_W100_T1.2_D8,123397,108,0.010
BL_W100_T1.2_D10,124497,103,1.200
BL_W100_T1.2_D10,124947,102,1.200
BL_W100_T1.2_D10,125497,101,1.200
BL_W100_T1.2_D10,125992,99,1.200
BL_W100_T1.2_D10,126482,97,1.200
BL_W100_T1.2_D10,127021,95,1.140
BL_W100_T1.2_D10,127560,93,1.060
BL_W100_T1.2_D10,128050,92,0.980
BL_W100_T1.2_D10,128589,90,0.900
BL_W100_T1.2_D10,129128,88,0.820
BL_W100_T1.2_D10,129667,86,0.740
BL_W100_T1.2_D10,130206,84,0.660
BL_W100_T1.2_D10,130794,82,0.580
BL_W100_T1.2_D10,131333,81,0.500
BL_W100_T1.2_D10,131823,79,0.420
BL_W100_T1.2_D10,132362,78,0.340
BL_W100_T1.2_D10,132852,76,0.260
BL_W100_T1.2_D10,122847,110,0.126
BL_W100_T1.2_D10,133440,74,0.126
BL_W100_T1.2_D10,133979,73,0.050
BL_W100_T1.2_D15,124947,102,1.200
BL_W100_T1.2_D15,125497,101,1.200
BL_W100_T1.2_D15,125992,99,1.200
BL_W100_T1.2_D15,126482,97,1.200
BL_W100_T1.2_D15,127021,95,1.140
BL_W100_T1.2_D15,127560,93,1.060
BL_W100_T1.2_D15,128050,92,0.980
BL_W100_T1.2_D15,128589,90,0.900
BL_W100_T1.2_D15,129128,88,0.820
BL_W100_T1.2_D15,129667,86,0.740
BL_W100_T1.2_D15,130206,84,0.660
BL_W100_T1.2_D15,130794,82,0.580
BL_W100_T1.2_D15,131333,81,0.500
BL_W100_T1.2_D15,131823,79,0.420
BL_W100_T1.2_D15,132362,78,0.340
BL_W100_T1.2_D15,132852,76,0.260
BL_W100_T1.2_D15,122897,110,0.126
BL_W100_T1.2_D15,133440,74,0.126
BL_W100_T1.2_D15,133979,73,0.050
BL_W100_T1.2_D15,123397,108,0.010
BL_W100_T1.2_D20,125992,99,1.200
BL_W100_T1.2_D20,126482,97,1.200
BL_W100_T1.2_D20,127021,95,1.140
BL_W100_T1.2_D20,127560,93,1.060
BL_W100_T1.2_D20,128050,92,0.980
BL_W100_T1.2_D20,128589,90,0.900
BL_W100_T1.2_D20,129128,88,0.820
BL_W100_T1.2_D20,129667,86,0.740
BL_W100_T1.2_D20,130206,84,0.660
BL_W100_T1.2_D20,130794,82,0.580
BL_W100_T1.2_D20,131333,81,0.500
BL_W100_T1.2_D20,131823,79,0.420
BL_W100_T1.2_D20,132362,78,0.340
BL_W100_T1.2_D20,132852,76,0.260
BL_W100_T1.2_D20,133440,74,0.126
BL_W100_T1.2_D20,133979,73,0.050
BL_W100_T1.2_D20,124997,102,0.010
BL_W100_T1.2_D25,126482,97,1.200
BL_W100_T1.2_D25,127021,95,1.140
BL_W100_T1.2_D25,127560,93,1.060
BL_W100_T1.2_D25,128050,92,0.980
BL_W100_T1.2_D25,128589,90,0.900
BL_W100_T1.2_D25,129128,88,0.820
BL_W100_T1.2_D25,129667,86,0.740
BL_W100_T1.2_D25,130206,84,0.660
BL_W100_T1.2_D25,130794,82,0.580
BL_W100_T1.2_D25,131333,81,0.500
BL_W100_T1.2_D25,131823,79,0.420
BL_W100_T1.2_D25,132362,78,0.340
BL_W100_T1.2_D25,132852,76,0.260
BL_W100_T1.2_D25,133440,74,0.126
BL_W100_T1.2_D25,133979,73,0.050
BL_W100_T1.2_D25,124997,102,0.010
BL_W100_T1.2_D30,126531,97,1.200
BL_W100_T1.2_D30,127021,95,1.140
BL_W100_T1.2_D30,127560,93,1.060
BL_W100_T1.2_D30,128050,92,0.980
BL_W100_T1.2_D30,128589,90,0.900
BL_W100_T1.2_D30,129128,88,0.820
BL_W100_T1.2_D30,129667,86,0.740
BL_W100_T1.2_D30,130206,84,0.660
BL_W100_T1.2_D30,130745,82,0.580
BL_W100_T1.2_D30,131333,81,0.500
BL_W100_T1.2_D30,131823,79,0.420
BL_W100_T1.2_D30,132362,78,0.340
BL_W100_T1.2_D30,132852,76,0.260
BL_W100_T1.2_D30,133440,74,0.126
BL_W100_T1.2_D30,133979,73,0.050
BL_W100_T1.5_D2,125992,99,1.200
BL_W100_T1.5_D2,126482,97,1.140
BL_W100_T1.5_D2,127021,95,1.060
BL_W100_T1.5_D2,127560,93,0.980
BL_W100_T1.5_D2,128050,92,0.900
BL_W100_T1.5_D2,128589,90,0.820
BL_W100_T1.5_D2,129128,88,0.740
BL_W100_T1.5_D2,129667,86,0.660
BL_W100_T1.5_D2,130206,84,0.580
BL_W100_T1.5_D2,130794,82,0.500
BL_W100_T1.5_D2,120897,118,0.420
BL_W100_T1.5_D2,131333,81,0.420
BL_W100_T1.5_D2,121547,117,0.340
BL_W100_T1.5_D2,131823,79,0.340
BL_W100_T1.5_D2,122297,112,0.260
BL_W100_T1.5_D2,132362,78,0.260
BL_W100_T1.5_D2,122797,110,0.126
BL_W100_T1.5_D2,132901,76,0.126
BL_W100_T1.5_D2,133440,74,0.050
BL_W100_T1.5_D2,123347,108,0.010
BL_W100_T1.5_D4,125992,99,1.200
BL_W100_T1.5_D4,126482,97,1.140
BL_W100_T1.5_D4,127021,95,1.060
BL_W100_T1.5_D4,127560,93,0.980
BL_W100_T1.5_D4,128050,92,0.900
BL_W100_T1.5_D4,128589,90,0.820
BL_W100_T1.5_D4,129128,88,0.740
BL_W100_T1.5_D4,129667,86,0.660
BL_W100_T1.5_D4,130206,84,0.580
BL_W100_T1.5_D4,130794,82,0.500
BL_W100_T1.5_D4,131333,81,0.420
BL_W100_T1.5_D4,131823,79,0.340
BL_W100_T1.5_D4,122347,112,0.260
BL_W100_T1.5_D4,132362,78,0.260
BL_W100_T1.5_D4,122797,110,0.126
BL_W100_T1.5_D4,132901,76,0.126
BL_W100_T1.5_D4,133440,74,0.050
BL_W100_T1.5_D4,123347,108,0.010
BL_W100_T1.5_D4,124947,102,0.010
BL_W100_T1.5_D6,125992,99,1.200
BL_W100_T1.5_D6,126482,97,1.140
BL_W100_T1.5_D6,127021,95,1.060
BL_W100_T1.5_D6,127560,93,0.980
BL_W100_T1.5_D6,128050,92,0.900
BL_W100_T1.5_D6,128589,90,0.820
BL_W100_T1.5_D6,129128,88,0.740
BL_W100_T1.5_D6,129667,86,0.660
BL_W100_T1.5_D6,130206,84,0.580
BL_W100_T1.5_D6,130794,82,0.500
BL_W100_T1.5_D6,131333,81,0.420
BL_W100_T1.5_D6,131823,79,0.340
BL_W100_T1.5_D6,132362,78,0.260
BL_W100_T1.5_D6,122797,110,0.126
BL_W100_T1.5_D6,132901,76,0.126
BL_W100_T1.5_D6,133440,74,0.050
BL_W100_T1.5_D6,123347,108,0.010
BL_W100_T1.5_D6,124947,102,0.010
BL_W100_T1.5_D8,125992,99,1.200
BL_W100_T1.5_D8,126482,97,1.140
BL_W100_T1.5_D8,127021,95,1.060
BL_W100_T1.5_D8,127560,93,0.980
BL_W100_T1.5_D8,128050,92,0.900
BL_W100_T1.5_D8,128589,90,0.820
BL_W100_T1.5_D8,129128,88,0.740
BL_W100_T1.5_D8,129667,86,0.660
BL_W100_T1.5_D8,130206,84,0.580
BL_W100_T1.5_D8,130794,82,0.500
BL_W100_T1.5_D8,131333,81,0.420
BL_W100_T1.5_D8,131823,79,0.340
BL_W100_T1.5_D8,132362,78,0.260
BL_W100_T1.5_D8,122847,110,0.126
BL_W100_T1.5_D8,132901,76,0.126
BL_W100_T1.5_D8,133440,74,0.050
BL_W100_T1.5_D8,123397,108,0.010
BL_W100_T1.5_D8,124947,102,0.010
BL_W100_T1.5_D10,125992,99,1.200
BL_W100_T1.5_D10,126482,97,1.140
BL_W100_T1.5_D10,127021,95,1.060
BL_W100_T1.5_D10,127560,93,0.980
BL_W100_T1.5_D10,128050,92,0.900
BL_W100_T1.5_D10,128589,90,0.820
BL_W100_T1.5_D10,129128,88,0.740
BL_W100_T1.5_D10,129667,86,0.660
BL_W100_T1.5_D10,130206,84,0.580
BL_W100_T1.5_D10,130794,82,0.500
BL_W100_T1.5_D10,131333,81,0.420
BL_W100_T1.5_D10,131823,79,0.340
BL_W100_T1.5_D10,132362,78,0.260
BL_W100_T1.5_D10,122847,110,0.126
BL_W100_T1.5_D10,124497,103,0.126
BL_W100_T1.5_D10,132901,76,0.126
BL_W100_T1.5_D10,133440,74,0.050
BL_W100_T1.5_D10,123397,108,0.010
BL_W100_T1.5_D10,124947,102,0.010
BL_W100_T1.5_D15,124947,102,1.200
BL_W100_T1.5_D15,125497,101,1.200
BL_W100_T1.5_D15,125992,99,1.200
BL_W100_T1.5_D15,126482,97,1.140
BL_W100_T1.5_D15,127021,95,1.060
BL_W100_T1.5_D15,127560,93,0.980
BL_W100_T1.5_D15,128050,92,0.900
BL_W100_T1.5_D15,128589,90,0.820
BL_W100_T1.5_D15,129128,88,0.740
BL_W100_T1.5_D15,129667,86,0.660
BL_W100_T1.5_D15,130206,84,0.580
BL_W100_T1.5_D15,130794,82,0.500
BL_W100_T1.5_D15,131333,81,0.420
BL_W100_T1.5_D15,131823,79,0.340
BL_W100_T1.5_D15,132362,78,0.260
BL_W100_T1.5_D15,122897,110,0.126
BL_W100_T1.5_D15,132901,76,0.126
BL_W100_T1.5_D15,133440,74,0.050
BL_W100_T1.5_D15,123397,108,0.010
BL_W100_T1.5_D20,125992,99,1.200
BL_W100_T1.5_D20,126482,97,1.140
BL_W100_T1.5_D20,127021,95,1.060
BL_W100_T1.5_D20,127560,93,0.980
BL_W100_T1.5_D20,128050,92,0.900
BL_W100_T1.5_D20,128589,90,0.820
BL_W100_T1.5_D20,129128,88,0.740
BL_W100_T1.5_D20,129667,86,0.660
BL_W100_T1.5_D20,130206,84,0.580
BL_W100_T1.5_D20,130794,82,0.500
BL_W100_T1.5_D20,131333,81,0.420
BL_W100_T1.5_D20,131823,79,0.340
BL_W100_T1.5_D20,132362,78,0.260
BL_W100_T1.5_D20,132901,76,0.126
BL_W100_T1.5_D20,133440,74,0.050
BL_W100_T1.5_D20,124997,102,0.010
BL_W100_T1.5_D25,126482,97,1.140
BL_W100_T1.5_D25,127021,95,1.060
BL_W100_T1.5_D25,127560,93,0.980
BL_W100_T1.5_D25,128050,92,0.900
BL_W100_T1.5_D25,128589,90,0.820
BL_W100_T1.5_D25,129128,88,0.740
BL_W100_T1.5_D25,129667,86,0.660
BL_W100_T1.5_D25,130206,84,0.580
BL_W100_T1.5_D25,130794,82,0.500
BL_W100_T1.5_D25,131333,81,0.420
BL_W100_T1.5_D25,131823,79,0.340
BL_W100_T1.5_D25,132362,78,0.260
BL_W100_T1.5_D25,132901,76,0.126
BL_W100_T1.5_D25,133440,74,0.050
BL_W100_T1.5_D25,124997,102,0.010
BL_W100_T1.5_D30,126531,97,1.140
BL_W100_T1.5_D30,127021,95,1.060
BL_W100_T1.5_D30,127560,93,0.980
BL_W100_T1.5_D30,128050,92,0.900
BL_W100_T1.5_D30,128589,90,0.820
BL_W100_T1.5_D30,129128,88,0.740
BL_W100_T1.5_D30,129667,86,0.660
BL_W100_T1.5_D30,130206,84,0.580
BL_W100_T1.5_D30,130745,82,0.500
BL_W100_T1.5_D30,131333,81,0.420
BL_W100_T1.5_D30,131823,79,0.340
BL_W100_T1.5_D30,132362,78,0.260
BL_W100_T1.5_D30,132901,76,0.126
BL_W100_T1.5_D30,133440,74,0.050
BL_W100_T1.7_D2,125992,99,0.820
BL_W100_T1.7_D2,126482,97,0.740
BL_W100_T1.7_D2,127021,95,0.660
BL_W100_T1.7_D2,127560,93,0.580
BL_W100_T1.7_D2,128099,92,0.500
BL_W100_T1.7_D2,120897,118,0.420
BL_W100_T1.7_D2,128638,90,0.420
BL_W100_T1.7_D2,121547,117,0.340
BL_W100_T1.7_D2,129128,88,0.340
BL_W100_T1.7_D2,122297,112,0.260
BL_W100_T1.7_D2,129667,86,0.260
BL_W100_T1.7_D2,131872,79,0.260
BL_W100_T1.7_D2,122797,110,0.126
BL_W100_T1.7_D2,130206,84,0.126
BL_W100_T1.7_D2,132411,78,0.126
BL_W100_T1.7_D2,132901,76,0.050
BL_W100_T1.7_D2,123347,108,0.010
BL_W100_T1.7_D2,124947,102,0.010
BL_W100_T1.7_D2,130794,82,0.010
BL_W100_T1.7_D4,125992,99,0.820
BL_W100_T1.7_D4,126482,97,0.740
BL_W100_T1.7_D4,127021,95,0.660
BL_W100_T1.7_D4,127560,93,0.580
BL_W100_T1.7_D4,128099,92,0.500
BL_W100_T1.7_D4,128638,90,0.420
BL_W100_T1.7_D4,129128,88,0.340
BL_W100_T1.7_D4,122347,112,0.260
BL_W100_T1.7_D4,129667,86,0.260
BL_W100_T1.7_D4,131872,79,0.260
BL_W100_T1.7_D4,122797,110,0.126
BL_W100_T1.7_D4,130206,84,0.126
BL_W100_T1.7_D4,132411,78,0.126
BL_W100_T1.7_D4,132901,76,0.050
BL_W100_T1.7_D4,123347,108,0.010
BL_W100_T1.7_D4,124947,102,0.010
BL_W100_T1.7_D4,130794,82,0.010
BL_W100_T1.7_D6,125992,99,0.820
BL_W100_T1.7_D6,126482,97,0.740
BL_W100_T1.7_D6,127021,95,0.660
BL_W100_T1.7_D6,127560,93,0.580
BL_W100_T1.7_D6,128099,92,0.500
BL_W100_T1.7_D6,128638,90,0.420
BL_W100_T1.7_D6,129128,88,0.340
BL_W100_T1.7_D6,129667,86,0.260
BL_W100_T1.7_D6,131872,79,0.260
BL_W100_T1.7_D6,122797,110,0.126
BL_W100_T1.7_D6,130206,84,0.126
BL_W100_T1.7_D6,132411,78,0.126
BL_W100_T1.7_D6,132901,76,0.050
BL_W100_T1.7_D6,123347,108,0.010
BL_W100_T1.7_D6,124947,102,0.010
BL_W100_T1.7_D6,130794,82,0.010
BL_W100_T1.7_D8,125992,99,0.820
BL_W100_T1.7_D8,126482,97,0.740
BL_W100_T1.7_D8,127021,95,0.660
BL_W100_T1.7_D8,127560,93,0.580
BL_W100_T1.7_D8,128099,92,0.500
BL_W100_T1.7_D8,128638,90,0.420
BL_W100_T1.7_D8,129128,88,0.340
BL_W100_T1.7_D8,129667,86,0.260
BL_W100_T1.7_D8,131872,79,0.260
BL_W100_T1.7_D8,122847,110,0.126
BL_W100_T1.7_D8,130206,84,0.126
BL_W100_T1.7_D8,132411,78,0.126
BL_W100_T1.7_D8,132901,76,0.050
BL_W100_T1.7_D8,123397,108,0.010
BL_W100_T1.7_D8,124947,102,0.010
BL_W100_T1.7_D8,130794,82,0.010
BL_W100_T1.7_D10,125992,99,0.820
BL_W100_T1.7_D10,126482,97,0.740
BL_W100_T1.7_D10,127021,95,0.660
BL_W100_T1.7_D10,127560,93,0.580
BL_W100_T1.7_D10,128099,92,0.500
BL_W100_T1.7_D10,128638,90,0.420
BL_W100_T1.7_D10,129128,88,0.340
BL_W100_T1.7_D10,129667,86,0.260
BL_W100_T1.7_D10,131872,79,0.260
BL_W100_T1.7_D10,122847,110,0.126
BL_W100_T1.7_D10,124497,103,0.126
BL_W100_T1.7_D10,130206,84,0.126
BL_W100_T1.7_D10,132411,78,0.126
BL_W100_T1.7_D10,132901,76,0.050
BL_W100_T1.7_D10,123397,108,0.010
BL_W100_T1.7_D10,124947,102,0.010
BL_W100_T1.7_D10,130794,82,0.010
BL_W100_T1.7_D15,124947,102,0.980
BL_W100_T1.7_D15,125497,101,0.900
BL_W100_T1.7_D15,125992,99,0.820
BL_W100_T1.7_D15,126482,97,0.740
BL_W100_T1.7_D15,127021,95,0.660
BL_W100_T1.7_D15,127560,93,0.580
BL_W100_T1.7_D15,128099,92,0.500
BL_W100_T1.7_D15,128638,90,0.420
BL_W100_T1.7_D15,129128,88,0.340
BL_W100_T1.7_D15,129667,86,0.260
BL_W100_T1.7_D15,131872,79,0.260
BL_W100_T1.7_D15,122897,110,0.126
BL_W100_T1.7_D15,130206,84,0.126
BL_W100_T1.7_D15,132411,78,0.126
BL_W100_T1.7_D15,132901,76,0.050
BL_W100_T1.7_D15,123397,108,0.010
BL_W100_T1.7_D15,130794,82,0.010
BL_W100_T1.7_D20,125992,99,0.820
BL_W100_T1.7_D20,126482,97,0.740
BL_W100_T1.7_D20,127021,95,0.660
BL_W100_T1.7_D20,127560,93,0.580
BL_W100_T1.7_D20,128099,92,0.500
BL_W100_T1.7_D20,128638,90,0.420
BL_W100_T1.7_D20,129128,88,0.340
BL_W100_T1.7_D20,129667,86,0.260
BL_W100_T1.7_D20,131872,79,0.260
BL_W100_T1.7_D20,130206,84,0.126
BL_W100_T1.7_D20,132411,78,0.126
BL_W100_T1.7_D20,132901,76,0.050
BL_W100_T1.7_D20,124997,102,0.010
BL_W100_T1.7_D20,130794,82,0.010
BL_W100_T1.7_D25,126482,97,0.740
BL_W100_T1.7_D25,127021,95,0.660
BL_W100_T1.7_D25,127560,93,0.580
BL_W100_T1.7_D25,128050,92,0.500
BL_W100_T1.7_D25,128589,90,0.420
BL_W100_T1.7_D25,129128,88,0.340
BL_W100_T1.7_D25,129667,86,0.260
BL_W100_T1.7_D25,131872,79,0.260
BL_W100_T1.7_D25,130206,84,0.126
BL_W100_T1.7_D25,132411,78,0.126
BL_W100_T1.7_D25,132901,76,0.050
BL_W100_T1.7_D25,124997,102,0.010
BL_W100_T1.7_D25,130794,82,0.010
BL_W100_T1.7_D30,126531,97,0.740
BL_W100_T1.7_D30,127021,95,0.660
BL_W100_T1.7_D30,127560,93,0.580
BL_W100_T1.7_D30,128050,92,0.500
BL_W100_T1.7_D30,128589,90,0.420
BL_W100_T1.7_D30,129128,88,0.340
BL_W100_T1.7_D30,129667,86,0.260
BL_W100_T1.7_D30,131872,79,0.260
BL_W100_T1.7_D30,130206,84,0.126
BL_W100_T1.7_D30,132411,78,0.126
BL_W100_T1.7_D30,132901,76,0.050
BL_W100_T1.7_D30,130745,82,0.010
BL_W100_T2.0_D2,120897,118,0.420
BL_W100_T2.0_D2,121547,117,0.340
BL_W100_T2.0_D2,122297,112,0.260
BL_W100_T2.0_D2,122797,110,0.126
BL_W100_T2.0_D2,126531,97,0.126
BL_W100_T2.0_D2,129716,86,0.126
BL_W100_T2.0_D2,132901,76,0.050
BL_W100_T2.0_D2,123397,108,0.010
BL_W100_T2.0_D2,124947,102,0.010
BL_W100_T2.0_D2,127021,95,0.010
BL_W100_T2.0_D2,128099,92,0.010
BL_W100_T2.0_D2,130255,84,0.010
BL_W100_T2.0_D4,122347,112,0.260
BL_W100_T2.0_D4,122797,110,0.126
BL_W100_T2.0_D4,126531,97,0.126
BL_W100_T2.0_D4,129716,86,0.126
BL_W100_T2.0_D4,132901,76,0.050
BL_W100_T2.0_D4,123347,108,0.010
BL_W100_T2.0_D4,124947,102,0.010
BL_W100_T2.0_D4,127021,95,0.010
BL_W100_T2.0_D4,128099,92,0.010
BL_W100_T2.0_D4,130255,84,0.010
BL_W100_T2.0_D6,122797,110,0.126
BL_W100_T2.0_D6,126531,97,0.126
BL_W100_T2.0_D6,129716,86,0.126
BL_W100_T2.0_D6,132901,76,0.050
BL_W100_T2.0_D6,123347,108,0.010
BL_W100_T2.0_D6,124947,102,0.010
BL_W100_T2.0_D6,127021,95,0.010
BL_W100_T2.0_D6,128099,92,0.010
BL_W100_T2.0_D6,130255,84,0.010
BL_W100_T2.0_D8,122847,110,0.126
BL_W100_T2.0_D8,126531,97,0.126
BL_W100_T2.0_D8,129716,86,0.126
BL_W100_T2.0_D8,132901,76,0.050
BL_W100_T2.0_D8,123397,108,0.010
BL_W100_T2.0_D8,124947,102,0.010
BL_W100_T2.0_D8,127021,95,0.010
BL_W100_T2.0_D8,128099,92,0.010
BL_W100_T2.0_D8,130255,84,0.010
BL_W100_T2.0_D10,122847,110,0.126
BL_W100_T2.0_D10,124497,103,0.126
BL_W100_T2.0_D10,126531,97,0.126
BL_W100_T2.0_D10,129716,86,0.126
BL_W100_T2.0_D10,132901,76,0.050
BL_W100_T2.0_D10,123397,108,0.010
BL_W100_T2.0_D10,124947,102,0.010
BL_W100_T2.0_D10,127021,95,0.010
BL_W100_T2.0_D10,128099,92,0.010
BL_W100_T2.0_D10,130255,84,0.010
BL_W100_T2.0_D15,124947,102,0.420
BL_W100_T2.0_D15,125497,101,0.340
BL_W100_T2.0_D15,125992,99,0.260
BL_W100_T2.0_D15,122897,110,0.126
BL_W100_T2.0_D15,126482,97,0.126
BL_W100_T2.0_D15,129716,86,0.126
BL_W100_T2.0_D15,132901,76,0.050
BL_W100_T2.0_D15,123397,108,0.010
BL_W100_T2.0_D15,127021,95,0.010
BL_W100_T2.0_D15,128099,92,0.010
BL_W100_T2.0_D15,130255,84,0.010
BL_W100_T2.0_D20,125992,99,0.420
BL_W100_T2.0_D20,126482,97,0.340
BL_W100_T2.0_D20,127021,95,0.260
BL_W100_T2.0_D20,127560,93,0.126
BL_W100_T2.0_D20,129716,86,0.126
BL_W100_T2.0_D20,132901,76,0.050
BL_W100_T2.0_D20,124997,102,0.010
BL_W100_T2.0_D20,128099,92,0.010
BL_W100_T2.0_D20,130255,84,0.010
BL_W100_T2.0_D25,126482,97,0.660
BL_W100_T2.0_D25,127021,95,0.580
BL_W100_T2.0_D25,127560,93,0.500
BL_W100_T2.0_D25,128050,92,0.420
BL_W100_T2.0_D25,128589,90,0.340
BL_W100_T2.0_D25,129128,88,0.260
BL_W100_T2.0_D25,129667,86,0.126
BL_W100_T2.0_D25,132901,76,0.050
BL_W100_T2.0_D25,124997,102,0.010
BL_W100_T2.0_D25,130255,84,0.010
BL_W100_T2.0_D30,126531,97,0.740
BL_W100_T2.0_D30,127021,95,0.660
BL_W100_T2.0_D30,127560,93,0.580
BL_W100_T2.0_D30,128050,92,0.500
BL_W100_T2.0_D30,128589,90,0.420
BL_W100_T2.0_D30,129128,88,0.340
BL_W100_T2.0_D30,129667,86,0.260
BL_W100_T2.0_D30,130206,84,0.126
BL_W100_T2.0_D30,132901,76,0.050
BL_W100_T2.0_D30,130745,82,0.010
BL_W100_T2.2_D2,120897,118,0.420
BL_W100_T2.2_D2,121547,117,0.340
BL_W100_T2.2_D2,122297,112,0.260
BL_W100_T2.2_D2,122797,110,0.126
BL_W100_T2.2_D2,126531,97,0.126
BL_W100_T2.2_D2,130255,84,0.050
BL_W100_T2.2_D2,123397,108,0.010
BL_W100_T2.2_D2,124997,102,0.010
BL_W100_T2.2_D2,127021,95,0.010
BL_W100_T2.2_D2,128099,92,0.010
BL_W100_T2.2_D4,122347,112,0.260
BL_W100_T2.2_D4,122797,110,0.126
BL_W100_T2.2_D4,126531,97,0.126
BL_W100_T2.2_D4,130255,84,0.050
BL_W100_T2.2_D4,123347,108,0.010
BL_W100_T2.2_D4,124997,102,0.010
BL_W100_T2.2_D4,127021,95,0.010
BL_W100_T2.2_D4,128099,92,0.010
BL_W100_T2.2_D6,122797,110,0.126
BL_W100_T2.2_D6,126531,97,0.126
BL_W100_T2.2_D6,130255,84,0.050
BL_W100_T2.2_D6,123347,108,0.010
BL_W100_T2.2_D6,124997,102,0.010
BL_W100_T2.2_D6,127021,95,0.010
BL_W100_T2.2_D6,128099,92,0.010
BL_W100_T2.2_D8,122847,110,0.126
BL_W100_T2.2_D8,126531,97,0.126
BL_W100_T2.2_D8,130255,84,0.050
BL_W100_T2.2_D8,123397,108,0.010
BL_W100_T2.2_D8,124997,102,0.010
BL_W100_T2.2_D8,127021,95,0.010
BL_W100_T2.2_D8,128099,92,0.010
BL_W100_T2.2_D10,122847,110,0.126
BL_W100_T2.2_D10,124497,103,0.126
BL_W100_T2.2_D10,126531,97,0.126
BL_W100_T2.2_D10,130255,84,0.050
BL_W100_T2.2_D10,123397,108,0.010
BL_W100_T2.2_D10,124947,102,0.010
BL_W100_T2.2_D10,127021,95,0.010
BL_W100_T2.2_D10,128099,92,0.010
BL_W100_T2.2_D15,124947,102,0.420
BL_W100_T2.2_D15,125497,101,0.340
BL_W100_T2.2_D15,125992,99,0.260
BL_W100_T2.2_D15,122897,110,0.126
BL_W100_T2.2_D15,126482,97,0.126
BL_W100_T2.2_D15,130255,84,0.050
BL_W100_T2.2_D15,123397,108,0.010
BL_W100_T2.2_D15,127021,95,0.010
BL_W100_T2.2_D15,128099,92,0.010
BL_W100_T2.2_D20,125992,99,0.420
BL_W100_T2.2_D20,126482,97,0.340
BL_W100_T2.2_D20,127021,95,0.260
BL_W100_T2.2_D20,127560,93,0.126
BL_W100_T2.2_D20,130255,84,0.050
BL_W100_T2.2_D20,124997,102,0.010
BL_W100_T2.2_D20,128099,92,0.010
BL_W100_T2.2_D25,126482,97,0.660
BL_W100_T2.2_D25,127021,95,0.580
BL_W100_T2.2_D25,127560,93,0.500
BL_W100_T2.2_D25,128050,92,0.420
BL_W100_T2.2_D25,128589,90,0.340
BL_W100_T2.2_D25,129128,88,0.260
BL_W100_T2.2_D25,129667,86,0.126
BL_W100_T2.2_D25,130255,84,0.050
BL_W100_T2.2_D25,124997,102,0.010
BL_W100_T2.2_D30,126531,97,0.740
BL_W100_T2.2_D30,127021,95,0.660
BL_W100_T2.2_D30,127560,93,0.580
BL_W100_T2.2_D30,128050,92,0.500
BL_W100_T2.2_D30,128589,90,0.420
BL_W100_T2.2_D30,129128,88,0.340
BL_W100_T2.2_D30,129667,86,0.260
BL_W100_T2.2_D30,130206,84,0.126
BL_W100_T2.2_D30,130745,82,0.050
BL_W100_T2.4_D2,120897,118,0.420
BL_W100_T2.4_D2,121547,117,0.340
BL_W100_T2.4_D2,122297,112,0.260
BL_W100_T2.4_D2,122797,110,0.126
BL_W100_T2.4_D2,126531,97,0.126
BL_W100_T2.4_D2,128099,92,0.050
BL_W100_T2.4_D2,123397,108,0.010
BL_W100_T2.4_D2,124997,102,0.010
BL_W100_T2.4_D2,127070,95,0.010
BL_W100_T2.4_D4,122347,112,0.260
BL_W100_T2.4_D4,122797,110,0.126
BL_W100_T2.4_D4,126531,97,0.126
BL_W100_T2.4_D4,128099,92,0.050
BL_W100_T2.4_D4,123347,108,0.010
BL_W100_T2.4_D4,124997,102,0.010
BL_W100_T2.4_D4,127070,95,0.010
BL_W100_T2.4_D6,122797,110,0.126
BL_W100_T2.4_D6,126531,97,0.126
BL_W100_T2.4_D6,128099,92,0.050
BL_W100_T2.4_D6,123347,108,0.010
BL_W100_T2.4_D6,124997,102,0.010
BL_W100_T2.4_D6,127070,95,0.010
BL_W100_T2.4_D8,122847,110,0.126
BL_W100_T2.4_D8,126531,97,0.126
BL_W100_T2.4_D8,128099,92,0.050
BL_W100_T2.4_D8,123397,108,0.010
BL_W100_T2.4_D8,124997,102,0.010
BL_W100_T2.4_D8,127070,95,0.010
BL_W100_T2.4_D10,122847,110,0.126
BL_W100_T2.4_D10,124497,103,0.126
BL_W100_T2.4_D10,126531,97,0.126
BL_W100_T2.4_D10,128099,92,0.050
BL_W100_T2.4_D10,123397,108,0.010
BL_W100_T2.4_D10,124947,102,0.010
BL_W100_T2.4_D10,127070,95,0.010
BL_W100_T2.4_D15,124947,102,0.420
BL_W100_T2.4_D15,125497,101,0.340
BL_W100_T2.4_D15,125992,99,0.260
BL_W100_T2.4_D15,122897,110,0.126
BL_W100_T2.4_D15,126482,97,0.126
BL_W100_T2.4_D15,128099,92,0.050
BL_W100_T2.4_D15,123397,108,0.010
BL_W100_T2.4_D15,127070,95,0.010
BL_W100_T2.4_D20,125992,99,0.420
BL_W100_T2.4_D20,126482,97,0.340
BL_W100_T2.4_D20,127021,95,0.260
BL_W100_T2.4_D20,127560,93,0.126
BL_W100_T2.4_D20,128099,92,0.050
BL_W100_T2.4_D20,124997,102,0.010
BL_W100_T2.4_D25,126482,97,0.580
BL_W100_T2.4_D25,127021,95,0.500
BL_W100_T2.4_D25,127560,93,0.420
BL_W100_T2.4_D25,128050,92,0.340
BL_W100_T2.4_D25,128589,90,0.260
BL_W100_T2.4_D25,129128,88,0.126
BL_W100_T2.4_D25,129667,86,0.050
BL_W100_T2.4_D25,124997,102,0.010
BL_W100_T2.4_D30,126531,97,0.740
BL_W100_T2.4_D30,127021,95,0.660
BL_W100_T2.4_D30,127560,93,0.580
BL_W100_T2.4_D30,128050,92,0.500
BL_W100_T2.4_D30,128589,90,0.420
BL_W100_T2.4_D30,129128,88,0.340
BL_W100_T2.4_D30,129667,86,0.260
BL_W100_T2.4_D30,130206,84,0.126
BL_W100_T2.4_D30,130745,82,0.050
BL_W100_T2.7_D2,120897,118,0.420
BL_W100_T2.7_D2,121547,117,0.340
BL_W100_T2.7_D2,122297,112,0.260
BL_W100_T2.7_D2,122797,110,0.126
BL_W100_T2.7_D2,123397,108,0.050
BL_W100_T2.7_D4,122347,112,0.260
BL_W100_T2.7_D4,122797,110,0.126
BL_W100_T2.7_D4,123347,108,0.050
BL_W100_T2.7_D6,122797,110,0.126
BL_W100_T2.7_D6,123347,108,0.050
BL_W100_T2.7_D8,122847,110,0.126
BL_W100_T2.7_D8,123397,108,0.050
BL_W100_T2.7_D10,122847,110,0.126
BL_W100_T2.7_D10,124497,103,0.126
BL_W100_T2.7_D10,124947,102,0.050
BL_W100_T2.7_D10,123397,108,0.010
BL_W100_T2.7_D15,124947,102,0.340
BL_W100_T2.7_D15,125497,101,0.260
BL_W100_T2.7_D15,122897,110,0.126
BL_W100_T2.7_D15,125992,99,0.126
BL_W100_T2.7_D15,126482,97,0.050
BL_W100_T2.7_D15,123397,108,0.010
BL_W100_T2.7_D20,125992,99,0.340
BL_W100_T2.7_D20,126482,97,0.260
BL_W100_T2.7_D20,127021,95,0.126
BL_W100_T2.7_D20,127560,93,0.050
BL_W100_T2.7_D20,124997,102,0.010
BL_W100_T2.7_D25,126482,97,0.580
BL_W100_T2.7_D25,127021,95,0.500
BL_W100_T2.7_D25,127560,93,0.420
BL_W100_T2.7_D25,128050,92,0.340
BL_W100_T2.7_D25,128589,90,0.260
BL_W100_T2.7_D25,129128,88,0.126
BL_W100_T2.7_D25,129667,86,0.050
BL_W100_T2.7_D25,124997,102,0.010
BL_W100_T2.7_D30,126531,97,0.740
BL_W100_T2.7_D30,127021,95,0.660
BL_W100_T2.7_D30,127560,93,0.580
BL_W100_T2.7_D30,128050,92,0.500
BL_W100_T2.7_D30,128589,90,0.420
BL_W100_T2.7_D30,129128,88,0.340
BL_W100_T2.7_D30,129667,86,0.260
BL_W100_T2.7_D30,130206,84,0.126
BL_W100_T2.7_D30,130745,82,0.050
BL_W100_T3.0_D2,120897,118,0.420
BL_W100_T3.0_D2,121547,117,0.340
BL_W100_T3.0_D2,122297,112,0.260
BL_W100_T3.0_D2,122797,110,0.126
BL_W100_T3.0_D2,123397,108,0.050
BL_W100_T3.0_D4,122347,112,0.260
BL_W100_T3.0_D4,122797,110,0.126
BL_W100_T3.0_D4,123347,108,0.050
BL_W100_T3.0_D6,122797,110,0.126
BL_W100_T3.0_D6,123347,108,0.050
BL_W100_T3.0_D8,122847,110,0.126
BL_W100_T3.0_D8,123397,108,0.050
BL_W100_T3.0_D10,122847,110,0.126
BL_W100_T3.0_D10,124497,103,0.126
BL_W100_T3.0_D10,124947,102,0.050
BL_W100_T3.0_D10,123397,108,0.010
BL_W100_T3.0_D15,124947,102,0.340
BL_W100_T3.0_D15,125497,101,0.260
BL_W100_T3.0_D15,122897,110,0.126
BL_W100_T3.0_D15,125992,99,0.126
BL_W100_T3.0_D15,126482,97,0.050
BL_W100_T3.0_D15,123397,108,0.010
BL_W100_T3.0_D20,125992,99,0.340
BL_W100_T3.0_D20,126482,97,0.260
BL_W100_T3.0_D20,127021,95,0.126
BL_W100_T3.0_D20,127560,93,0.050
BL_W100_T3.0_D20,124997,102,0.010
BL_W100_T3.0_D25,126482,97,0.580
BL_W100_T3.0_D25,127021,95,0.500
BL_W100_T3.0_D25,127560,93,0.420
BL_W100_T3.0_D25,128050,92,0.340
BL_W100_T3.0_D25,128589,90,0.260
BL_W100_T3.0_D25,129128,88,0.126
BL_W100_T3.0_D25,129667,86,0.050
BL_W100_T3.0_D25,124997,102,0.010
BL_W100_T3.0_D30,126531,97,0.740
BL_W100_T3.0_D30,127021,95,0.660
BL_W100_T3.0_D30,127560,93,0.580
BL_W100_T3.0_D30,128050,92,0.500
BL_W100_T3.0_D30,128589,90,0.420
BL_W100_T3.0_D30,129128,88,0.340
BL_W100_T3.0_D30,129667,86,0.260
BL_W100_T3.0_D30,130206,84,0.126
BL_W100_T3.0_D30,130745,82,0.050
BL_W110_T1.2_D2,124497,103,1.200
BL_W110_T1.2_D2,124947,102,1.200
BL_W110_T1.2_D2,125497,101,1.200
BL_W110_T1.2_D2,125992,99,1.200
BL_W110_T1.2_D2,126482,97,1.200
BL_W110_T1.2_D2,127021,95,1.140
BL_W110_T1.2_D2,127560,93,1.060
BL_W110_T1.2_D2,128050,92,0.980
BL_W110_T1.2_D2,128589,90,0.900
BL_W110_T1.2_D2,129128,88,0.820
BL_W110_T1.2_D2,129667,86,0.740
BL_W110_T1.2_D2,130206,84,0.660
BL_W110_T1.2_D2,130745,82,0.580
BL_W110_T1.2_D2,131333,81,0.500
BL_W110_T1.2_D2,131823,79,0.420
BL_W110_T1.2_D2,132362,78,0.340
BL_W110_T1.2_D2,122297,112,0.260
BL_W110_T1.2_D2,132852,76,0.260
BL_W110_T1.2_D2,120897,118,0.126
BL_W110_T1.2_D2,122797,110,0.126
BL_W110_T1.2_D4,124497,103,1.200
BL_W110_T1.2_D4,124947,102,1.200
BL_W110_T1.2_D4,125497,101,1.200
BL_W110_T1.2_D4,125992,99,1.200
BL_W110_T1.2_D4,126482,97,1.200
BL_W110_T1.2_D4,127021,95,1.140
BL_W110_T1.2_D4,127560,93,1.060
BL_W110_T1.2_D4,128050,92,0.980
BL_W110_T1.2_D4,128589,90,0.900
BL_W110_T1.2_D4,129128,88,0.820
BL_W110_T1.2_D4,129667,86,0.740
BL_W110_T1.2_D4,130206,84,0.660
BL_W110_T1.2_D4,130745,82,0.580
BL_W110_T1.2_D4,131333,81,0.500
BL_W110_T1.2_D4,131823,79,0.420
BL_W110_T1.2_D4,132362,78,0.340
BL_W110_T1.2_D4,122347,112,0.260
BL_W110_T1.2_D4,132852,76,0.260
BL_W110_T1.2_D4,122797,110,0.126
BL_W110_T1.2_D4,133440,74,0.126
BL_W110_T1.2_D6,124497,103,1.200
BL_W110_T1.2_D6,124947,102,1.200
BL_W110_T1.2_D6,125497,101,1.200
BL_W110_T1.2_D6,125992,99,1.200
BL_W110_T1.2_D6,126482,97,1.200
BL_W110_T1.2_D6,127021,95,1.140
BL_W110_T1.2_D6,127560,93,1.060
BL_W110_T1.2_D6,128050,92,0.980
BL_W110_T1.2_D6,128589,90,0.900
BL_W110_T1.2_D6,129128,88,0.820
BL_W110_T1.2_D6,129667,86,0.740
BL_W110_T1.2_D6,130206,84,0.660
BL_W110_T1.2_D6,130745,82,0.580
BL_W110_T1.2_D6,131333,81,0.500
BL_W110_T1.2_D6,131823,79,0.420
BL_W110_T1.2_D6,132362,78,0.340
BL_W110_T1.2_D6,132852,76,0.260
BL_W110_T1.2_D6,122797,110,0.126
BL_W110_T1.2_D6,133440,74,0.126
BL_W110_T1.2_D6,133979,73,0.050
BL_W110_T1.2_D8,124497,103,1.200
BL_W110_T1.2_D8,124947,102,1.200
BL_W110_T1.2_D8,125497,101,1.200
BL_W110_T1.2_D8,125992,99,1.200
BL_W110_T1.2_D8,126482,97,1.200
BL_W110_T1.2_D8,127021,95,1.140
BL_W110_T1.2_D8,127560,93,1.060
BL_W110_T1.2_D8,128050,92,0.980
BL_W110_T1.2_D8,128589,90,0.900
BL_W110_T1.2_D8,129128,88,0.820
BL_W110_T1.2_D8,129667,86,0.740
BL_W110_T1.2_D8,130206,84,0.660
BL_W110_T1.2_D8,130745,82,0.580
BL_W110_T1.2_D8,131333,81,0.500
BL_W110_T1.2_D8,131823,79,0.420
BL_W110_T1.2_D8,132362,78,0.340
BL_W110_T1.2_D8,132852,76,0.260
BL_W110_T1.2_D8,122847,110,0.126
BL_W110_T1.2_D8,133440,74,0.126
BL_W110_T1.2_D8,133979,73,0.050
BL_W110_T1.2_D10,124497,103,1.200
BL_W110_T1.2_D10,124947,102,1.200
BL_W110_T1.2_D10,125497,101,1.200
BL_W110_T1.2_D10,125992,99,1.200
BL_W110_T1.2_D10,126482,97,1.200
BL_W110_T1.2_D10,127021,95,1.140
BL_W110_T1.2_D10,127560,93,1.060
BL_W110_T1.2_D10,128050,92,0.980
BL_W110_T1.2_D10,128589,90,0.900
BL_W110_T1.2_D10,129128,88,0.820
BL_W110_T1.2_D10,129667,86,0.740
BL_W110_T1.2_D10,130206,84,0.660
BL_W110_T1.2_D10,130745,82,0.580
BL_W110_T1.2_D10,131333,81,0.500
BL_W110_T1.2_D10,131823,79,0.420
BL_W110_T1.2_D10,132362,78,0.340
BL_W110_T1.2_D10,132852,76,0.260
BL_W110_T1.2_D10,122847,110,0.126
BL_W110_T1.2_D10,133440,74,0.126
BL_W110_T1.2_D10,133979,73,0.050
BL_W110_T1.2_D15,124947,102,1.200
BL_W110_T1.2_D15,125497,101,1.200
BL_W110_T1.2_D15,125992,99,1.200
BL_W110_T1.2_D15,126482,97,1.200
BL_W110_T1.2_D15,127021,95,1.140
BL_W110_T1.2_D15,127560,93,1.060
BL_W110_T1.2_D15,128050,92,0.980
BL_W110_T1.2_D15,128589,90,0.900
BL_W110_T1.2_D15,129128,88,0.820
BL_W110_T1.2_D15,129667,86,0.740
BL_W110_T1.2_D15,130206,84,0.660
BL_W110_T1.2_D15,130745,82,0.580
BL_W110_T1.2_D15,131333,81,0.500
BL_W110_T1.2_D15,131823,79,0.420
BL_W110_T1.2_D15,132362,78,0.340
BL_W110_T1.2_D15,132852,76,0.260
BL_W110_T1.2_D15,122897,110,0.126
BL_W110_T1.2_D15,133440,74,0.126
BL_W110_T1.2_D15,133979,73,0.050
BL_W110_T1.2_D15,123397,108,0.010
BL_W110_T1.2_D20,125992,99,1.200
BL_W110_T1.2_D20,126482,97,1.200
BL_W110_T1.2_D20,127021,95,1.140
BL_W110_T1.2_D20,127560,93,1.060
BL_W110_T1.2_D20,128050,92,0.980
BL_W110_T1.2_D20,128589,90,0.900
BL_W110_T1.2_D20,129128,88,0.820
BL_W110_T1.2_D20,129667,86,0.740
BL_W110_T1.2_D20,130206,84,0.660
BL_W110_T1.2_D20,130745,82,0.580
BL_W110_T1.2_D20,131333,81,0.500
BL_W110_T1.2_D20,131823,79,0.420
BL_W110_T1.2_D20,132362,78,0.340
BL_W110_T1.2_D20,132852,76,0.260
BL_W110_T1.2_D20,133440,74,0.126
BL_W110_T1.2_D20,133979,73,0.050
BL_W110_T1.2_D20,124997,102,0.010
BL_W110_T1.2_D25,126482,97,1.200
BL_W110_T1.2_D25,127021,95,1.140
BL_W110_T1.2_D25,127560,93,1.060
BL_W110_T1.2_D25,128050,92,0.980
BL_W110_T1.2_D25,128589,90,0.900
BL_W110_T1.2_D25,129128,88,0.820
BL_W110_T1.2_D25,129667,86,0.740
BL_W110_T1.2_D25,130206,84,0.660
BL_W110_T1.2_D25,130745,82,0.580
BL_W110_T1.2_D25,131333,81,0.500
BL_W110_T1.2_D25,131823,79,0.420
BL_W110_T1.2_D25,132362,78,0.340
BL_W110_T1.2_D25,132852,76,0.260
BL_W110_T1.2_D25,133440,74,0.126
BL_W110_T1.2_D25,133979,73,0.050
BL_W110_T1.2_D25,124997,102,0.010
BL_W110_T1.2_D30,126531,97,1.200
BL_W110_T1.2_D30,127021,95,1.140
BL_W110_T1.2_D30,127560,93,1.060
BL_W110_T1.2_D30,128050,92,0.980
BL_W110_T1.2_D30,128589,90,0.900
BL_W110_T1.2_D30,129128,88,0.820
BL_W110_T1.2_D30,129667,86,0.740
BL_W110_T1.2_D30,130206,84,0.660
BL_W110_T1.2_D30,130745,82,0.580
BL_W110_T1.2_D30,131284,81,0.500
BL_W110_T1.2_D30,131823,79,0.420
BL_W110_T1.2_D30,132362,78,0.340
BL_W110_T1.2_D30,132852,76,0.260
BL_W110_T1.2_D30,133440,74,0.126
BL_W110_T1.2_D30,133979,73,0.050
BL_W110_T1.5_D2,124947,102,1.200
BL_W110_T1.5_D2,125497,101,1.200
BL_W110_T1.5_D2,125992,99,1.200
BL_W110_T1.5_D2,126482,97,1.140
BL_W110_T1.5_D2,127021,95,1.060
BL_W110_T1.5_D2,127560,93,0.980
BL_W110_T1.5_D2,128050,92,0.900
BL_W110_T1.5_D2,128589,90,0.820
BL_W110_T1.5_D2,129128,88,0.740
BL_W110_T1.5_D2,129667,86,0.660
BL_W110_T1.5_D2,130206,84,0.580
BL_W110_T1.5_D2,130794,82,0.500
BL_W110_T1.5_D2,131333,81,0.420
BL_W110_T1.5_D2,131823,79,0.340
BL_W110_T1.5_D2,122297,112,0.260
BL_W110_T1.5_D2,132362,78,0.260
BL_W110_T1.5_D2,120897,118,0.126
BL_W110_T1.5_D2,122797,110,0.126
BL_W110_T1.5_D2,132901,76,0.126
BL_W110_T1.5_D2,133440,74,0.050
BL_W110_T1.5_D4,124947,102,1.200
BL_W110_T1.5_D4,125497,101,1.200
BL_W110_T1.5_D4,125992,99,1.200
BL_W110_T1.5_D4,126482,97,1.140
BL_W110_T1.5_D4,127021,95,1.060
BL_W110_T1.5_D4,127560,93,0.980
BL_W110_T1.5_D4,128050,92,0.900
BL_W110_T1.5_D4,128589,90,0.820
BL_W110_T1.5_D4,129128,88,0.740
BL_W110_T1.5_D4,129667,86,0.660
BL_W110_T1.5_D4,130206,84,0.580
BL_W110_T1.5_D4,130794,82,0.500
BL_W110_T1.5_D4,131333,81,0.420
BL_W110_T1.5_D4,131823,79,0.340
BL_W110_T1.5_D4,122347,112,0.260
BL_W110_T1.5_D4,132362,78,0.260
BL_W110_T1.5_D4,122797,110,0.126
BL_W110_T1.5_D4,132901,76,0.126
BL_W110_T1.5_D4,133440,74,0.050
BL_W110_T1.5_D4,123347,108,0.010
BL_W110_T1.5_D6,124947,102,1.200
BL_W110_T1.5_D6,125497,101,1.200
BL_W110_T1.5_D6,125992,99,1.200
BL_W110_T1.5_D6,126482,97,1.140
BL_W110_T1.5_D6,127021,95,1.060
BL_W110_T1.5_D6,127560,93,0.980
BL_W110_T1.5_D6,128050,92,0.900
BL_W110_T1.5_D6,128589,90,0.820
BL_W110_T1.5_D6,129128,88,0.740
BL_W110_T1.5_D6,129667,86,0.660
BL_W110_T1.5_D6,130206,84,0.580
BL_W110_T1.5_D6,130794,82,0.500
BL_W110_T1.5_D6,131333,81,0.420
BL_W110_T1.5_D6,131823,79,0.340
BL_W110_T1.5_D6,132362,78,0.260
BL_W110_T1.5_D6,122797,110,0.126
BL_W110_T1.5_D6,132901,76,0.126
BL_W110_T1.5_D6,133440,74,0.050
BL_W110_T1.5_D6,123347,108,0.010
BL_W110_T1.5_D8,124947,102,1.200
BL_W110_T1.5_D8,125497,101,1.200
BL_W110_T1.5_D8,125992,99,1.200
BL_W110_T1.5_D8,126482,97,1.140
BL_W110_T1.5_D8,127021,95,1.060
BL_W110_T1.5_D8,127560,93,0.980
BL_W110_T1.5_D8,128050,92,0.900
BL_W110_T1.5_D8,128589,90,0.820
BL_W110_T1.5_D8,129128,88,0.740
BL_W110_T1.5_D8,129667,86,0.660
BL_W110_T1.5_D8,130206,84,0.580
BL_W110_T1.5_D8,130794,82,0.500
BL_W110_T1.5_D8,131333,81,0.420
BL_W110_T1.5_D8,131823,79,0.340
BL_W110_T1.5_D8,132362,78,0.260
BL_W110_T1.5_D8,122847,110,0.126
BL_W110_T1.5_D8,132901,76,0.126
BL_W110_T1.5_D8,133440,74,0.050
BL_W110_T1.5_D8,123397,108,0.010
BL_W110_T1.5_D10,124497,103,1.200
BL_W110_T1.5_D10,124947,102,1.200
BL_W110_T1.5_D10,125497,101,1.200
BL_W110_T1.5_D10,125992,99,1.200
BL_W110_T1.5_D10,126482,97,1.140
BL_W110_T1.5_D10,127021,95,1.060
BL_W110_T1.5_D10,127560,93,0.980
BL_W110_T1.5_D10,128050,92,0.900
BL_W110_T1.5_D10,128589,90,0.820
BL_W110_T1.5_D10,129128,88,0.740
BL_W110_T1.5_D10,129667,86,0.660
BL_W110_T1.5_D10,130206,84,0.580
BL_W110_T1.5_D10,130794,82,0.500
BL_W110_T1.5_D10,131333,81,0.420
BL_W110_T1.5_D10,131823,79,0.340
BL_W110_T1.5_D10,132362,78,0.260
BL_W110_T1.5_D10,122847,110,0.126
BL_W110_T1.5_D10,132901,76,0.126
BL_W110_T1.5_D10,133440,74,0.050
BL_W110_T1.5_D10,123397,108,0.010
BL_W110_T1.5_D15,124947,102,1.200
BL_W110_T1.5_D15,125497,101,1.200
BL_W110_T1.5_D15,125992,99,1.200
BL_W110_T1.5_D15,126482,97,1.140
BL_W110_T1.5_D15,127021,95,1.060
BL_W110_T1.5_D15,127560,93,0.980
BL_W110_T1.5_D15,128050,92,0.900
BL_W110_T1.5_D15,128589,90,0.820
BL_W110_T1.5_D15,129128,88,0.740
BL_W110_T1.5_D15,129667,86,0.660
BL_W110_T1.5_D15,130206,84,0.580
BL_W110_T1.5_D15,130794,82,0.500
BL_W110_T1.5_D15,131333,81,0.420
BL_W110_T1.5_D15,131823,79,0.340
BL_W110_T1.5_D15,132362,78,0.260
BL_W110_T1.5_D15,122897,110,0.126
BL_W110_T1.5_D15,132901,76,0.126
BL_W110_T1.5_D15,133440,74,0.050
BL_W110_T1.5_D15,123397,108,0.010
BL_W110_T1.5_D20,125992,99,1.200
BL_W110_T1.5_D20,126482,97,1.140
BL_W110_T1.5_D20,127021,95,1.060
BL_W110_T1.5_D20,127560,93,0.980
BL_W110_T1.5_D20,128050,92,0.900
BL_W110_T1.5_D20,128589,90,0.820
BL_W110_T1.5_D20,129128,88,0.740
BL_W110_T1.5_D20,129667,86,0.660
BL_W110_T1.5_D20,130206,84,0.580
BL_W110_T1.5_D20,130794,82,0.500
BL_W110_T1.5_D20,131333,81,0.420
BL_W110_T1.5_D20,131823,79,0.340
BL_W110_T1.5_D20,132362,78,0.260
BL_W110_T1.5_D20,132901,76,0.126
BL_W110_T1.5_D20,133440,74,0.050
BL_W110_T1.5_D20,124997,102,0.010
BL_W110_T1.5_D25,126482,97,1.140
BL_W110_T1.5_D25,127021,95,1.060
BL_W110_T1.5_D25,127560,93,0.980
BL_W110_T1.5_D25,128050,92,0.900
BL_W110_T1.5_D25,128589,90,0.820
BL_W110_T1.5_D25,129128,88,0.740
BL_W110_T1.5_D25,129667,86,0.660
BL_W110_T1.5_D25,130206,84,0.580
BL_W110_T1.5_D25,130794,82,0.500
BL_W110_T1.5_D25,131333,81,0.420
BL_W110_T1.5_D25,131823,79,0.340
BL_W110_T1.5_D25,132362,78,0.260
BL_W110_T1.5_D25,132901,76,0.126
BL_W110_T1.5_D25,133440,74,0.050
BL_W110_T1.5_D25,124997,102,0.010
BL_W110_T1.5_D30,126531,97,1.140
BL_W110_T1.5_D30,127021,95,1.060
BL_W110_T1.5_D30,127560,93,0.980
BL_W110_T1.5_D30,128050,92,0.900
BL_W110_T1.5_D30,128589,90,0.820
BL_W110_T1.5_D30,129128,88,0.740
BL_W110_T1.5_D30,129667,86,0.660
BL_W110_T1.5_D30,130206,84,0.580
BL_W110_T1.5_D30,130745,82,0.500
BL_W110_T1.5_D30,131284,81,0.420
BL_W110_T1.5_D30,131823,79,0.340
BL_W110_T1.5_D30,132362,78,0.260
BL_W110_T1.5_D30,132901,76,0.126
BL_W110_T1.5_D30,133440,74,0.050
BL_W110_T1.7_D2,125992,99,0.820
BL_W110_T1.7_D2,126482,97,0.740
BL_W110_T1.7_D2,127021,95,0.660
BL_W110_T1.7_D2,127560,93,0.580
BL_W110_T1.7_D2,128099,92,0.500
BL_W110_T1.7_D2,128589,90,0.420
BL_W110_T1.7_D2,129128,88,0.340
BL_W110_T1.7_D2,122297,112,0.260
BL_W110_T1.7_D2,129667,86,0.260
BL_W110_T1.7_D2,131823,79,0.260
BL_W110_T1.7_D2,120897,118,0.126
BL_W110_T1.7_D2,122797,110,0.126
BL_W110_T1.7_D2,130206,84,0.126
BL_W110_T1.7_D2,132362,78,0.126
BL_W110_T1.7_D2,132901,76,0.050
BL_W110_T1.7_D2,121447,116,0.010
BL_W110_T1.7_D2,123347,108,0.010
BL_W110_T1.7_D2,124947,102,0.010
BL_W110_T1.7_D2,130794,82,0.010
BL_W110_T1.7_D4,125992,99,0.820
BL_W110_T1.7_D4,126482,97,0.740
BL_W110_T1.7_D4,127021,95,0.660
BL_W110_T1.7_D4,127560,93,0.580
BL_W110_T1.7_D4,128099,92,0.500
BL_W110_T1.7_D4,128589,90,0.420
BL_W110_T1.7_D4,129128,88,0.340
BL_W110_T1.7_D4,122347,112,0.260
BL_W110_T1.7_D4,129667,86,0.260
BL_W110_T1.7_D4,131823,79,0.260
BL_W110_T1.7_D4,122797,110,0.126
BL_W110_T1.7_D4,130206,84,0.126
BL_W110_T1.7_D4,132362,78,0.126
BL_W110_T1.7_D4,132901,76,0.050
BL_W110_T1.7_D4,123347,108,0.010
BL_W110_T1.7_D4,124947,102,0.010
BL_W110_T1.7_D4,130794,82,0.010
BL_W110_T1.7_D6,125992,99,0.820
BL_W110_T1.7_D6,126482,97,0.740
BL_W110_T1.7_D6,127021,95,0.660
BL_W110_T1.7_D6,127560,93,0.580
BL_W110_T1.7_D6,128099,92,0.500
BL_W110_T1.7_D6,128589,90,0.420
BL_W110_T1.7_D6,129128,88,0.340
BL_W110_T1.7_D6,129667,86,0.260
BL_W110_T1.7_D6,131823,79,0.260
BL_W110_T1.7_D6,122797,110,0.126
BL_W110_T1.7_D6,130206,84,0.126
BL_W110_T1.7_D6,132362,78,0.126
BL_W110_T1.7_D6,132901,76,0.050
BL_W110_T1.7_D6,123347,108,0.010
BL_W110_T1.7_D6,124947,102,0.010
BL_W110_T1.7_D6,130794,82,0.010
BL_W110_T1.7_D8,125992,99,0.820
BL_W110_T1.7_D8,126482,97,0.740
BL_W110_T1.7_D8,127021,95,0.660
BL_W110_T1.7_D8,127560,93,0.580
BL_W110_T1.7_D8,128099,92,0.500
BL_W110_T1.7_D8,128589,90,0.420
BL_W110_T1.7_D8,129128,88,0.340
BL_W110_T1.7_D8,129667,86,0.260
BL_W110_T1.7_D8,131823,79,0.260
BL_W110_T1.7_D8,122847,110,0.126
BL_W110_T1.7_D8,130206,84,0.126
BL_W110_T1.7_D8,132362,78,0.126
BL_W110_T1.7_D8,132901,76,0.050
BL_W110_T1.7_D8,123397,108,0.010
BL_W110_T1.7_D8,124947,102,0.010
BL_W110_T1.7_D8,130794,82,0.010
BL_W110_T1.7_D10,124497,103,1.060
BL_W110_T1.7_D10,124947,102,0.980
BL_W110_T1.7_D10,125497,101,0.900
BL_W110_T1.7_D10,125992,99,0.820
BL_W110_T1.7_D10,126482,97,0.740
BL_W110_T1.7_D10,127021,95,0.660
BL_W110_T1.7_D10,127560,93,0.580
BL_W110_T1.7_D10,128099,92,0.500
BL_W110_T1.7_D10,128589,90,0.420
BL_W110_T1.7_D10,129128,88,0.340
BL_W110_T1.7_D10,129667,86,0.260
BL_W110_T1.7_D10,131823,79,0.260
BL_W110_T1.7_D10,122847,110,0.126
BL_W110_T1.7_D10,130206,84,0.126
BL_W110_T1.7_D10,132362,78,0.126
BL_W110_T1.7_D10,132901,76,0.050
BL_W110_T1.7_D10,123397,108,0.010
BL_W110_T1.7_D10,130794,82,0.010
BL_W110_T1.7_D15,124947,102,0.980
BL_W110_T1.7_D15,125497,101,0.900
BL_W110_T1.7_D15,125992,99,0.820
BL_W110_T1.7_D15,126482,97,0.740
BL_W110_T1.7_D15,127021,95,0.660
BL_W110_T1.7_D15,127560,93,0.580
BL_W110_T1.7_D15,128099,92,0.500
BL_W110_T1.7_D15,128589,90,0.420
BL_W110_T1.7_D15,129128,88,0.340
BL_W110_T1.7_D15,129667,86,0.260
BL_W110_T1.7_D15,131823,79,0.260
BL_W110_T1.7_D15,122897,110,0.126
BL_W110_T1.7_D15,130206,84,0.126
BL_W110_T1.7_D15,132362,78,0.126
BL_W110_T1.7_D15,132901,76,0.050
BL_W110_T1.7_D15,123397,108,0.010
BL_W110_T1.7_D15,130794,82,0.010
BL_W110_T1.7_D20,125992,99,0.820
BL_W110_T1.7_D20,126482,97,0.740
BL_W110_T1.7_D20,127021,95,0.660
BL_W110_T1.7_D20,127560,93,0.580
BL_W110_T1.7_D20,128050,92,0.500
BL_W110_T1.7_D20,128589,90,0.420
BL_W110_T1.7_D20,129128,88,0.340
BL_W110_T1.7_D20,129667,86,0.260
BL_W110_T1.7_D20,131823,79,0.260
BL_W110_T1.7_D20,130206,84,0.126
BL_W110_T1.7_D20,132362,78,0.126
BL_W110_T1.7_D20,132901,76,0.050
BL_W110_T1.7_D20,124997,102,0.010
BL_W110_T1.7_D20,130794,82,0.010
BL_W110_T1.7_D25,126482,97,0.740
BL_W110_T1.7_D25,127021,95,0.660
BL_W110_T1.7_D25,127560,93,0.580
BL_W110_T1.7_D25,128050,92,0.500
BL_W110_T1.7_D25,128589,90,0.420
BL_W110_T1.7_D25,129128,88,0.340
BL_W110_T1.7_D25,129667,86,0.260
BL_W110_T1.7_D25,131823,79,0.260
BL_W110_T1.7_D25,130206,84,0.126
BL_W110_T1.7_D25,132362,78,0.126
BL_W110_T1.7_D25,132901,76,0.050
BL_W110_T1.7_D25,124997,102,0.010
BL_W110_T1.7_D25,130794,82,0.010
BL_W110_T1.7_D30,126531,97,1.060
BL_W110_T1.7_D30,127021,95,0.980
BL_W110_T1.7_D30,127560,93,0.900
BL_W110_T1.7_D30,128050,92,0.820
BL_W110_T1.7_D30,128589,90,0.740
BL_W110_T1.7_D30,129128,88,0.660
BL_W110_T1.7_D30,129667,86,0.580
BL_W110_T1.7_D30,130206,84,0.500
BL_W110_T1.7_D30,130745,82,0.420
BL_W110_T1.7_D30,131284,81,0.340
BL_W110_T1.7_D30,131823,79,0.260
BL_W110_T1.7_D30,132362,78,0.126
BL_W110_T1.7_D30,132901,76,0.050
BL_W110_T2.0_D2,125992,99,0.740
BL_W110_T2.0_D2,126531,97,0.660
BL_W110_T2.0_D2,127021,95,0.580
BL_W110_T2.0_D2,127609,93,0.500
BL_W110_T2.0_D2,128099,92,0.420
BL_W110_T2.0_D2,128638,90,0.340
BL_W110_T2.0_D2,122297,112,0.260
BL_W110_T2.0_D2,129128,88,0.260
BL_W110_T2.0_D2,120897,118,0.126
BL_W110_T2.0_D2,122797,110,0.126
BL_W110_T2.0_D2,129716,86,0.126
BL_W110_T2.0_D2,132901,76,0.050
BL_W110_T2.0_D2,121447,116,0.010
BL_W110_T2.0_D2,123397,108,0.010
BL_W110_T2.0_D2,124947,102,0.010
BL_W110_T2.0_D2,130255,84,0.010
BL_W110_T2.0_D2,131872,79,0.010
BL_W110_T2.0_D4,125992,99,0.740
BL_W110_T2.0_D4,126531,97,0.660
BL_W110_T2.0_D4,127021,95,0.580
BL_W110_T2.0_D4,127609,93,0.500
BL_W110_T2.0_D4,128099,92,0.420
BL_W110_T2.0_D4,128638,90,0.340
BL_W110_T2.0_D4,122347,112,0.260
BL_W110_T2.0_D4,129128,88,0.260
BL_W110_T2.0_D4,122797,110,0.126
BL_W110_T2.0_D4,129716,86,0.126
BL_W110_T2.0_D4,132901,76,0.050
BL_W110_T2.0_D4,123347,108,0.010
BL_W110_T2.0_D4,124947,102,0.010
BL_W110_T2.0_D4,130255,84,0.010
BL_W110_T2.0_D4,131872,79,0.010
BL_W110_T2.0_D6,125992,99,0.740
BL_W110_T2.0_D6,126531,97,0.660
BL_W110_T2.0_D6,127021,95,0.580
BL_W110_T2.0_D6,127609,93,0.500
BL_W110_T2.0_D6,128099,92,0.420
BL_W110_T2.0_D6,128638,90,0.340
BL_W110_T2.0_D6,129128,88,0.260
BL_W110_T2.0_D6,122797,110,0.126
BL_W110_T2.0_D6,129716,86,0.126
BL_W110_T2.0_D6,132901,76,0.050
BL_W110_T2.0_D6,123347,108,0.010
BL_W110_T2.0_D6,124947,102,0.010
BL_W110_T2.0_D6,130255,84,0.010
BL_W110_T2.0_D6,131872,79,0.010
BL_W110_T2.0_D8,125992,99,0.740
BL_W110_T2.0_D8,126531,97,0.660
BL_W110_T2.0_D8,127021,95,0.580
BL_W110_T2.0_D8,127609,93,0.500
BL_W110_T2.0_D8,128099,92,0.420
BL_W110_T2.0_D8,128638,90,0.340
BL_W110_T2.0_D8,129128,88,0.260
BL_W110_T2.0_D8,122847,110,0.126
BL_W110_T2.0_D8,129716,86,0.126
BL_W110_T2.0_D8,132901,76,0.050
BL_W110_T2.0_D8,123397,108,0.010
BL_W110_T2.0_D8,124947,102,0.010
BL_W110_T2.0_D8,130255,84,0.010
BL_W110_T2.0_D8,131872,79,0.010
BL_W110_T2.0_D10,124497,103,0.980
BL_W110_T2.0_D10,124947,102,0.900
BL_W110_T2.0_D10,125497,101,0.820
BL_W110_T2.0_D10,125992,99,0.740
BL_W110_T2.0_D10,126531,97,0.660
BL_W110_T2.0_D10,127021,95,0.580
BL_W110_T2.0_D10,127609,93,0.500
BL_W110_T2.0_D10,128099,92,0.420
BL_W110_T2.0_D10,128638,90,0.340
BL_W110_T2.0_D10,129128,88,0.260
BL_W110_T2.0_D10,122847,110,0.126
BL_W110_T2.0_D10,129716,86,0.126
BL_W110_T2.0_D10,132901,76,0.050
BL_W110_T2.0_D10,123397,108,0.010
BL_W110_T2.0_D10,130255,84,0.010
BL_W110_T2.0_D10,131872,79,0.010
BL_W110_T2.0_D15,124947,102,0.900
BL_W110_T2.0_D15,125497,101,0.820
BL_W110_T2.0_D15,125992,99,0.740
BL_W110_T2.0_D15,126482,97,0.660
BL_W110_T2.0_D15,127021,95,0.580
BL_W110_T2.0_D15,127609,93,0.500
BL_W110_T2.0_D15,128099,92,0.420
BL_W110_T2.0_D15,128638,90,0.340
BL_W110_T2.0_D15,129128,88,0.260
BL_W110_T2.0_D15,122897,110,0.126
BL_W110_T2.0_D15,129716,86,0.126
BL_W110_T2.0_D15,132901,76,0.050
BL_W110_T2.0_D15,123397,108,0.010
BL_W110_T2.0_D15,130255,84,0.010
BL_W110_T2.0_D15,131872,79,0.010
BL_W110_T2.0_D20,125992,99,0.740
BL_W110_T2.0_D20,126482,97,0.660
BL_W110_T2.0_D20,127021,95,0.580
BL_W110_T2.0_D20,127560,93,0.500
BL_W110_T2.0_D20,128050,92,0.420
BL_W110_T2.0_D20,128638,90,0.340
BL_W110_T2.0_D20,129128,88,0.260
BL_W110_T2.0_D20,129716,86,0.126
BL_W110_T2.0_D20,132901,76,0.050
BL_W110_T2.0_D20,124997,102,0.010
BL_W110_T2.0_D20,130255,84,0.010
BL_W110_T2.0_D20,131872,79,0.010
BL_W110_T2.0_D25,126482,97,0.660
BL_W110_T2.0_D25,127021,95,0.580
BL_W110_T2.0_D25,127560,93,0.500
BL_W110_T2.0_D25,128050,92,0.420
BL_W110_T2.0_D25,128589,90,0.340
BL_W110_T2.0_D25,129128,88,0.260
BL_W110_T2.0_D25,129667,86,0.126
BL_W110_T2.0_D25,132901,76,0.050
BL_W110_T2.0_D25,124997,102,0.010
BL_W110_T2.0_D25,130255,84,0.010
BL_W110_T2.0_D25,131872,79,0.010
BL_W110_T2.0_D30,126531,97,0.900
BL_W110_T2.0_D30,127021,95,0.820
BL_W110_T2.0_D30,127560,93,0.740
BL_W110_T2.0_D30,128050,92,0.660
BL_W110_T2.0_D30,128589,90,0.580
BL_W110_T2.0_D30,129128,88,0.500
BL_W110_T2.0_D30,129667,86,0.420
BL_W110_T2.0_D30,130206,84,0.340
BL_W110_T2.0_D30,130745,82,0.260
BL_W110_T2.0_D30,131284,81,0.126
BL_W110_T2.0_D30,132901,76,0.050
BL_W110_T2.0_D30,131872,79,0.010
BL_W110_T2.2_D2,122297,112,0.260
BL_W110_T2.2_D2,120897,118,0.126
BL_W110_T2.2_D2,122797,110,0.126
BL_W110_T2.2_D2,126531,97,0.126
BL_W110_T2.2_D2,130255,84,0.050
BL_W110_T2.2_D2,121447,116,0.010
BL_W110_T2.2_D2,123397,108,0.010
BL_W110_T2.2_D2,124997,102,0.010
BL_W110_T2.2_D2,127021,95,0.010
BL_W110_T2.2_D2,128099,92,0.010
BL_W110_T2.2_D4,122347,112,0.260
BL_W110_T2.2_D4,122797,110,0.126
BL_W110_T2.2_D4,126531,97,0.126
BL_W110_T2.2_D4,130255,84,0.050
BL_W110_T2.2_D4,123347,108,0.010
BL_W110_T2.2_D4,124997,102,0.010
BL_W110_T2.2_D4,127021,95,0.010
BL_W110_T2.2_D4,128099,92,0.010
BL_W110_T2.2_D6,122797,110,0.126
BL_W110_T2.2_D6,126531,97,0.126
BL_W110_T2.2_D6,130255,84,0.050
BL_W110_T2.2_D6,123347,108,0.010
BL_W110_T2.2_D6,124997,102,0.010
BL_W110_T2.2_D6,127021,95,0.010
BL_W110_T2.2_D6,128099,92,0.010
BL_W110_T2.2_D8,122847,110,0.126
BL_W110_T2.2_D8,126531,97,0.126
BL_W110_T2.2_D8,130255,84,0.050
BL_W110_T2.2_D8,123397,108,0.010
BL_W110_T2.2_D8,124997,102,0.010
BL_W110_T2.2_D8,127021,95,0.010
BL_W110_T2.2_D8,128099,92,0.010
BL_W110_T2.2_D10,124497,103,0.260
BL_W110_T2.2_D10,122847,110,0.126
BL_W110_T2.2_D10,124947,102,0.126
BL_W110_T2.2_D10,126531,97,0.126
BL_W110_T2.2_D10,130255,84,0.050
BL_W110_T2.2_D10,123397,108,0.010
BL_W110_T2.2_D10,125497,101,0.010
BL_W110_T2.2_D10,127021,95,0.010
BL_W110_T2.2_D10,128099,92,0.010
BL_W110_T2.2_D15,124947,102,0.420
BL_W110_T2.2_D15,125497,101,0.340
BL_W110_T2.2_D15,125992,99,0.260
BL_W110_T2.2_D15,122897,110,0.126
BL_W110_T2.2_D15,126482,97,0.126
BL_W110_T2.2_D15,130255,84,0.050
BL_W110_T2.2_D15,123397,108,0.010
BL_W110_T2.2_D15,127021,95,0.010
BL_W110_T2.2_D15,128099,92,0.010
BL_W110_T2.2_D20,125992,99,0.420
BL_W110_T2.2_D20,126482,97,0.340
BL_W110_T2.2_D20,127021,95,0.260
BL_W110_T2.2_D20,127560,93,0.126
BL_W110_T2.2_D20,130255,84,0.050
BL_W110_T2.2_D20,124997,102,0.010
BL_W110_T2.2_D20,128050,92,0.010
BL_W110_T2.2_D25,126482,97,0.660
BL_W110_T2.2_D25,127021,95,0.580
BL_W110_T2.2_D25,127560,93,0.500
BL_W110_T2.2_D25,128050,92,0.420
BL_W110_T2.2_D25,128589,90,0.340
BL_W110_T2.2_D25,129128,88,0.260
BL_W110_T2.2_D25,129667,86,0.126
BL_W110_T2.2_D25,130255,84,0.050
BL_W110_T2.2_D25,124997,102,0.010
BL_W110_T2.2_D30,126531,97,0.820
BL_W110_T2.2_D30,127021,95,0.740
BL_W110_T2.2_D30,127560,93,0.660
BL_W110_T2.2_D30,128050,92,0.580
BL_W110_T2.2_D30,128589,90,0.500
BL_W110_T2.2_D30,129128,88,0.420
BL_W110_T2.2_D30,129667,86,0.340
BL_W110_T2.2_D30,130206,84,0.260
BL_W110_T2.2_D30,130745,82,0.126
BL_W110_T2.2_D30,131284,81,0.050
BL_W110_T2.4_D2,122297,112,0.260
BL_W110_T2.4_D2,120897,118,0.126
BL_W110_T2.4_D2,122797,110,0.126
BL_W110_T2.4_D2,126531,97,0.126
BL_W110_T2.4_D2,128099,92,0.050
BL_W110_T2.4_D2,121447,116,0.010
BL_W110_T2.4_D2,123397,108,0.010
BL_W110_T2.4_D2,124997,102,0.010
BL_W110_T2.4_D2,127070,95,0.010
BL_W110_T2.4_D4,122347,112,0.260
BL_W110_T2.4_D4,122797,110,0.126
BL_W110_T2.4_D4,126531,97,0.126
BL_W110_T2.4_D4,128099,92,0.050
BL_W110_T2.4_D4,123347,108,0.010
BL_W110_T2.4_D4,124997,102,0.010
BL_W110_T2.4_D4,127070,95,0.010
BL_W110_T2.4_D6,122797,110,0.126
BL_W110_T2.4_D6,126531,97,0.126
BL_W110_T2.4_D6,128099,92,0.050
BL_W110_T2.4_D6,123347,108,0.010
BL_W110_T2.4_D6,124997,102,0.010
BL_W110_T2.4_D6,127070,95,0.010
BL_W110_T2.4_D8,122847,110,0.126
BL_W110_T2.4_D8,126531,97,0.126
BL_W110_T2.4_D8,128099,92,0.050
BL_W110_T2.4_D8,123397,108,0.010
BL_W110_T2.4_D8,124997,102,0.010
BL_W110_T2.4_D8,127070,95,0.010
BL_W110_T2.4_D10,124497,103,0.260
BL_W110_T2.4_D10,122847,110,0.126
BL_W110_T2.4_D10,124947,102,0.126
BL_W110_T2.4_D10,126531,97,0.126
BL_W110_T2.4_D10,128099,92,0.050
BL_W110_T2.4_D10,123397,108,0.010
BL_W110_T2.4_D10,125497,101,0.010
BL_W110_T2.4_D10,127070,95,0.010
BL_W110_T2.4_D15,124947,102,0.420
BL_W110_T2.4_D15,125497,101,0.340
BL_W110_T2.4_D15,125992,99,0.260
BL_W110_T2.4_D15,122897,110,0.126
BL_W110_T2.4_D15,126482,97,0.126
BL_W110_T2.4_D15,128099,92,0.050
BL_W110_T2.4_D15,123397,108,0.010
BL_W110_T2.4_D15,127070,95,0.010
BL_W110_T2.4_D20,125992,99,0.420
BL_W110_T2.4_D20,126482,97,0.340
BL_W110_T2.4_D20,127021,95,0.260
BL_W110_T2.4_D20,127560,93,0.126
BL_W110_T2.4_D20,128050,92,0.050
BL_W110_T2.4_D20,124997,102,0.010
BL_W110_T2.4_D25,126482,97,0.580
BL_W110_T2.4_D25,127021,95,0.500
BL_W110_T2.4_D25,127560,93,0.420
BL_W110_T2.4_D25,128050,92,0.340
BL_W110_T2.4_D25,128589,90,0.260
BL_W110_T2.4_D25,129128,88,0.126
BL_W110_T2.4_D25,129667,86,0.050
BL_W110_T2.4_D25,124997,102,0.010
BL_W110_T2.4_D30,126531,97,0.820
BL_W110_T2.4_D30,127021,95,0.740
BL_W110_T2.4_D30,127560,93,0.660
BL_W110_T2.4_D30,128050,92,0.580
BL_W110_T2.4_D30,128589,90,0.500
BL_W110_T2.4_D30,129128,88,0.420
BL_W110_T2.4_D30,129667,86,0.340
BL_W110_T2.4_D30,130206,84,0.260
BL_W110_T2.4_D30,130745,82,0.126
BL_W110_T2.4_D30,131284,81,0.050
BL_W110_T2.7_D2,122297,112,0.260
BL_W110_T2.7_D2,120897,118,0.126
BL_W110_T2.7_D2,122797,110,0.126
BL_W110_T2.7_D2,124997,102,0.050
BL_W110_T2.7_D2,121447,116,0.010
BL_W110_T2.7_D2,123397,108,0.010
BL_W110_T2.7_D4,122347,112,0.260
BL_W110_T2.7_D4,122797,110,0.126
BL_W110_T2.7_D4,124997,102,0.050
BL_W110_T2.7_D4,123347,108,0.010
BL_W110_T2.7_D6,122797,110,0.126
BL_W110_T2.7_D6,124997,102,0.050
BL_W110_T2.7_D6,123347,108,0.010
BL_W110_T2.7_D8,122847,110,0.126
BL_W110_T2.7_D8,124997,102,0.050
BL_W110_T2.7_D8,123397,108,0.010
BL_W110_T2.7_D10,124497,103,0.260
BL_W110_T2.7_D10,122847,110,0.126
BL_W110_T2.7_D10,124947,102,0.126
BL_W110_T2.7_D10,125497,101,0.050
BL_W110_T2.7_D10,123397,108,0.010
BL_W110_T2.7_D15,124947,102,0.340
BL_W110_T2.7_D15,125497,101,0.260
BL_W110_T2.7_D15,122897,110,0.126
BL_W110_T2.7_D15,125992,99,0.126
BL_W110_T2.7_D15,126482,97,0.050
BL_W110_T2.7_D15,123397,108,0.010
BL_W110_T2.7_D20,125992,99,0.420
BL_W110_T2.7_D20,126482,97,0.340
BL_W110_T2.7_D20,127021,95,0.260
BL_W110_T2.7_D20,127560,93,0.126
BL_W110_T2.7_D20,128050,92,0.050
BL_W110_T2.7_D20,124997,102,0.010
BL_W110_T2.7_D25,126482,97,0.580
BL_W110_T2.7_D25,127021,95,0.500
BL_W110_T2.7_D25,127560,93,0.420
BL_W110_T2.7_D25,128050,92,0.340
BL_W110_T2.7_D25,128589,90,0.260
BL_W110_T2.7_D25,129128,88,0.126
BL_W110_T2.7_D25,129667,86,0.050
BL_W110_T2.7_D25,124997,102,0.010
BL_W110_T2.7_D30,126531,97,0.820
BL_W110_T2.7_D30,127021,95,0.740
BL_W110_T2.7_D30,127560,93,0.660
BL_W110_T2.7_D30,128050,92,0.580
BL_W110_T2.7_D30,128589,90,0.500
BL_W110_T2.7_D30,129128,88,0.420
BL_W110_T2.7_D30,129667,86,0.340
BL_W110_T2.7_D30,130206,84,0.260
BL_W110_T2.7_D30,130745,82,0.126
BL_W110_T2.7_D30,131284,81,0.050
BL_W110_T3.0_D2,122297,112,0.260
BL_W110_T3.0_D2,120897,118,0.126
BL_W110_T3.0_D2,122797,110,0.126
BL_W110_T3.0_D2,123397,108,0.050
BL_W110_T3.0_D2,121447,116,0.010
BL_W110_T3.0_D4,122347,112,0.260
BL_W110_T3.0_D4,122797,110,0.126
BL_W110_T3.0_D4,123347,108,0.050
BL_W110_T3.0_D6,122797,110,0.126
BL_W110_T3.0_D6,123347,108,0.050
BL_W110_T3.0_D8,122847,110,0.126
BL_W110_T3.0_D8,123397,108,0.050
BL_W110_T3.0_D10,124497,103,0.260
BL_W110_T3.0_D10,122847,110,0.126
BL_W110_T3.0_D10,124947,102,0.126
BL_W110_T3.0_D10,125497,101,0.050
BL_W110_T3.0_D10,123397,108,0.010
BL_W110_T3.0_D15,124947,102,0.340
BL_W110_T3.0_D15,125497,101,0.260
BL_W110_T3.0_D15,122897,110,0.126
BL_W110_T3.0_D15,125992,99,0.126
BL_W110_T3.0_D15,126482,97,0.050
BL_W110_T3.0_D15,123397,108,0.010
BL_W110_T3.0_D20,125992,99,0.420
BL_W110_T3.0_D20,126482,97,0.340
BL_W110_T3.0_D20,127021,95,0.260
BL_W110_T3.0_D20,127560,93,0.126
BL_W110_T3.0_D20,128050,92,0.050
BL_W110_T3.0_D20,124997,102,0.010
BL_W110_T3.0_D25,126482,97,0.580
BL_W110_T3.0_D25,127021,95,0.500
BL_W110_T3.0_D25,127560,93,0.420
BL_W110_T3.0_D25,128050,92,0.340
BL_W110_T3.0_D25,128589,90,0.260
BL_W110_T3.0_D25,129128,88,0.126
BL_W110_T3.0_D25,129667,86,0.050
BL_W110_T3.0_D25,124997,102,0.010
BL_W110_T3.0_D30,126531,97,0.820
BL_W110_T3.0_D30,127021,95,0.740
BL_W110_T3.0_D30,127560,93,0.660
BL_W110_T3.0_D30,128050,92,0.580
BL_W110_T3.0_D30,128589,90,0.500
BL_W110_T3.0_D30,129128,88,0.420
BL_W110_T3.0_D30,129667,86,0.340
BL_W110_T3.0_D30,130206,84,0.260
BL_W110_T3.0_D30,130745,82,0.126
BL_W110_T3.0_D30,131284,81,0.050
BL_W120_T1.2_D2,124497,103,1.200
BL_W120_T1.2_D2,124947,102,1.200
BL_W120_T1.2_D2,125497,101,1.200
BL_W120_T1.2_D2,125992,99,1.200
BL_W120_T1.2_D2,126482,97,1.200
BL_W120_T1.2_D2,127021,95,1.140
BL_W120_T1.2_D2,127560,93,1.060
BL_W120_T1.2_D2,128050,92,0.980
BL_W120_T1.2_D2,128589,90,0.900
BL_W120_T1.2_D2,129128,88,0.820
BL_W120_T1.2_D2,129667,86,0.740
BL_W120_T1.2_D2,130206,84,0.660
BL_W120_T1.2_D2,130745,82,0.580
BL_W120_T1.2_D2,131284,81,0.500
BL_W120_T1.2_D2,131823,79,0.420
BL_W120_T1.2_D2,132362,78,0.340
BL_W120_T1.2_D2,122297,112,0.260
BL_W120_T1.2_D2,132852,76,0.260
BL_W120_T1.2_D2,120947,119,0.126
BL_W120_T1.2_D2,122797,110,0.126
BL_W120_T1.2_D4,124497,103,1.200
BL_W120_T1.2_D4,124947,102,1.200
BL_W120_T1.2_D4,125497,101,1.200
BL_W120_T1.2_D4,125992,99,1.200
BL_W120_T1.2_D4,126482,97,1.200
BL_W120_T1.2_D4,127021,95,1.140
BL_W120_T1.2_D4,127560,93,1.060
BL_W120_T1.2_D4,128050,92,0.980
BL_W120_T1.2_D4,128589,90,0.900
BL_W120_T1.2_D4,129128,88,0.820
BL_W120_T1.2_D4,129667,86,0.740
BL_W120_T1.2_D4,130206,84,0.660
BL_W120_T1.2_D4,130745,82,0.580
BL_W120_T1.2_D4,131284,81,0.500
BL_W120_T1.2_D4,131823,79,0.420
BL_W120_T1.2_D4,132362,78,0.340
BL_W120_T1.2_D4,122347,112,0.260
BL_W120_T1.2_D4,132852,76,0.260
BL_W120_T1.2_D4,122797,110,0.126
BL_W120_T1.2_D4,133440,74,0.126
BL_W120_T1.2_D6,124497,103,1.200
BL_W120_T1.2_D6,124947,102,1.200
BL_W120_T1.2_D6,125497,101,1.200
BL_W120_T1.2_D6,125992,99,1.200
BL_W120_T1.2_D6,126482,97,1.200
BL_W120_T1.2_D6,127021,95,1.140
BL_W120_T1.2_D6,127560,93,1.060
BL_W120_T1.2_D6,128050,92,0.980
BL_W120_T1.2_D6,128589,90,0.900
BL_W120_T1.2_D6,129128,88,0.820
BL_W120_T1.2_D6,129667,86,0.740
BL_W120_T1.2_D6,130206,84,0.660
BL_W120_T1.2_D6,130745,82,0.580
BL_W120_T1.2_D6,131284,81,0.500
BL_W120_T1.2_D6,131823,79,0.420
BL_W120_T1.2_D6,132362,78,0.340
BL_W120_T1.2_D6,132852,76,0.260
BL_W120_T1.2_D6,122797,110,0.126
BL_W120_T1.2_D6,133440,74,0.126
BL_W120_T1.2_D6,133979,73,0.050
BL_W120_T1.2_D8,124497,103,1.200
BL_W120_T1.2_D8,124947,102,1.200
BL_W120_T1.2_D8,125497,101,1.200
BL_W120_T1.2_D8,125992,99,1.200
BL_W120_T1.2_D8,126482,97,1.200
BL_W120_T1.2_D8,127021,95,1.140
BL_W120_T1.2_D8,127560,93,1.060
BL_W120_T1.2_D8,128050,92,0.980
BL_W120_T1.2_D8,128589,90,0.900
BL_W120_T1.2_D8,129128,88,0.820
BL_W120_T1.2_D8,129667,86,0.740
BL_W120_T1.2_D8,130206,84,0.660
BL_W120_T1.2_D8,130745,82,0.580
BL_W120_T1.2_D8,131284,81,0.500
BL_W120_T1.2_D8,131823,79,0.420
BL_W120_T1.2_D8,132362,78,0.340
BL_W120_T1.2_D8,132852,76,0.260
BL_W120_T1.2_D8,122847,110,0.126
BL_W120_T1.2_D8,133440,74,0.126
BL_W120_T1.2_D8,133979,73,0.050
BL_W120_T1.2_D10,124497,103,1.200
BL_W120_T1.2_D10,124947,102,1.200
BL_W120_T1.2_D10,125497,101,1.200
BL_W120_T1.2_D10,125992,99,1.200
BL_W120_T1.2_D10,126482,97,1.200
BL_W120_T1.2_D10,127021,95,1.140
BL_W120_T1.2_D10,127560,93,1.060
BL_W120_T1.2_D10,128050,92,0.980
BL_W120_T1.2_D10,128589,90,0.900
BL_W120_T1.2_D10,129128,88,0.820
BL_W120_T1.2_D10,129667,86,0.740
BL_W120_T1.2_D10,130206,84,0.660
BL_W120_T1.2_D10,130745,82,0.580
BL_W120_T1.2_D10,131284,81,0.500
BL_W120_T1.2_D10,131823,79,0.420
BL_W120_T1.2_D10,132362,78,0.340
BL_W120_T1.2_D10,132852,76,0.260
BL_W120_T1.2_D10,122847,110,0.126
BL_W120_T1.2_D10,133440,74,0.126
BL_W120_T1.2_D10,133979,73,0.050
BL_W120_T1.2_D15,124947,102,1.200
BL_W120_T1.2_D15,125497,101,1.200
BL_W120_T1.2_D15,125992,99,1.200
BL_W120_T1.2_D15,126482,97,1.200
BL_W120_T1.2_D15,127021,95,1.140
BL_W120_T1.2_D15,127560,93,1.060
BL_W120_T1.2_D15,128050,92,0.980
BL_W120_T1.2_D15,128589,90,0.900
BL_W120_T1.2_D15,129128,88,0.820
BL_W120_T1.2_D15,129667,86,0.740
BL_W120_T1.2_D15,130206,84,0.660
BL_W120_T1.2_D15,130745,82,0.580
BL_W120_T1.2_D15,131284,81,0.500
BL_W120_T1.2_D15,131823,79,0.420
BL_W120_T1.2_D15,132362,78,0.340
BL_W120_T1.2_D15,132852,76,0.260
BL_W120_T1.2_D15,122897,110,0.126
BL_W120_T1.2_D15,133440,74,0.126
BL_W120_T1.2_D15,133979,73,0.050
BL_W120_T1.2_D15,123397,108,0.010
BL_W120_T1.2_D20,125992,99,1.200
BL_W120_T1.2_D20,126482,97,1.200
BL_W120_T1.2_D20,127021,95,1.140
BL_W120_T1.2_D20,127560,93,1.060
BL_W120_T1.2_D20,128050,92,0.980
BL_W120_T1.2_D20,128589,90,0.900
BL_W120_T1.2_D20,129128,88,0.820
BL_W120_T1.2_D20,129667,86,0.740
BL_W120_T1.2_D20,130206,84,0.660
BL_W120_T1.2_D20,130745,82,0.580
BL_W120_T1.2_D20,131284,81,0.500
BL_W120_T1.2_D20,131823,79,0.420
BL_W120_T1.2_D20,132362,78,0.340
BL_W120_T1.2_D20,132852,76,0.260
BL_W120_T1.2_D20,133440,74,0.126
BL_W120_T1.2_D20,133979,73,0.050
BL_W120_T1.2_D20,124997,102,0.010
BL_W120_T1.2_D25,126482,97,1.200
BL_W120_T1.2_D25,127021,95,1.140
BL_W120_T1.2_D25,127560,93,1.060
BL_W120_T1.2_D25,128050,92,0.980
BL_W120_T1.2_D25,128589,90,0.900
BL_W120_T1.2_D25,129128,88,0.820
BL_W120_T1.2_D25,129667,86,0.740
BL_W120_T1.2_D25,130206,84,0.660
BL_W120_T1.2_D25,130745,82,0.580
BL_W120_T1.2_D25,131284,81,0.500
BL_W120_T1.2_D25,131823,79,0.420
BL_W120_T1.2_D25,132362,78,0.340
BL_W120_T1.2_D25,132852,76,0.260
BL_W120_T1.2_D25,133440,74,0.126
BL_W120_T1.2_D25,133979,73,0.050
BL_W120_T1.2_D25,124997,102,0.010
BL_W120_T1.2_D30,126531,97,1.200
BL_W120_T1.2_D30,127021,95,1.140
BL_W120_T1.2_D30,127560,93,1.060
BL_W120_T1.2_D30,128050,92,0.980
BL_W120_T1.2_D30,128589,90,0.900
BL_W120_T1.2_D30,129128,88,0.820
BL_W120_T1.2_D30,129667,86,0.740
BL_W120_T1.2_D30,130206,84,0.660
BL_W120_T1.2_D30,130745,82,0.580
BL_W120_T1.2_D30,131284,81,0.500
BL_W120_T1.2_D30,131823,79,0.420
BL_W120_T1.2_D30,132362,78,0.340
BL_W120_T1.2_D30,132852,76,0.260
BL_W120_T1.2_D30,133440,74,0.126
BL_W120_T1.2_D30,133979,73,0.050
BL_W120_T1.5_D2,124947,102,1.200
BL_W120_T1.5_D2,125497,101,1.200
BL_W120_T1.5_D2,125992,99,1.200
BL_W120_T1.5_D2,126482,97,1.140
BL_W120_T1.5_D2,127021,95,1.060
BL_W120_T1.5_D2,127560,93,0.980
BL_W120_T1.5_D2,128050,92,0.900
BL_W120_T1.5_D2,128589,90,0.820
BL_W120_T1.5_D2,129128,88,0.740
BL_W120_T1.5_D2,129667,86,0.660
BL_W120_T1.5_D2,130206,84,0.580
BL_W120_T1.5_D2,130794,82,0.500
BL_W120_T1.5_D2,131333,81,0.420
BL_W120_T1.5_D2,131823,79,0.340
BL_W120_T1.5_D2,122297,112,0.260
BL_W120_T1.5_D2,132362,78,0.260
BL_W120_T1.5_D2,120947,119,0.126
BL_W120_T1.5_D2,122797,110,0.126
BL_W120_T1.5_D2,132901,76,0.126
BL_W120_T1.5_D2,133440,74,0.050
BL_W120_T1.5_D4,124947,102,1.200
BL_W120_T1.5_D4,125497,101,1.200
BL_W120_T1.5_D4,125992,99,1.200
BL_W120_T1.5_D4,126482,97,1.140
BL_W120_T1.5_D4,127021,95,1.060
BL_W120_T1.5_D4,127560,93,0.980
BL_W120_T1.5_D4,128050,92,0.900
BL_W120_T1.5_D4,128589,90,0.820
BL_W120_T1.5_D4,129128,88,0.740
BL_W120_T1.5_D4,129667,86,0.660
BL_W120_T1.5_D4,130206,84,0.580
BL_W120_T1.5_D4,130794,82,0.500
BL_W120_T1.5_D4,131333,81,0.420
BL_W120_T1.5_D4,131823,79,0.340
BL_W120_T1.5_D4,122347,112,0.260
BL_W120_T1.5_D4,132362,78,0.260
BL_W120_T1.5_D4,122797,110,0.126
BL_W120_T1.5_D4,132901,76,0.126
BL_W120_T1.5_D4,133440,74,0.050
BL_W120_T1.5_D4,123347,108,0.010
BL_W120_T1.5_D6,124947,102,1.200
BL_W120_T1.5_D6,125497,101,1.200
BL_W120_T1.5_D6,125992,99,1.200
BL_W120_T1.5_D6,126482,97,1.140
BL_W120_T1.5_D6,127021,95,1.060
BL_W120_T1.5_D6,127560,93,0.980
BL_W120_T1.5_D6,128050,92,0.900
BL_W120_T1.5_D6,128589,90,0.820
BL_W120_T1.5_D6,129128,88,0.740
BL_W120_T1.5_D6,129667,86,0.660
BL_W120_T1.5_D6,130206,84,0.580
BL_W120_T1.5_D6,130794,82,0.500
BL_W120_T1.5_D6,131333,81,0.420
BL_W120_T1.5_D6,131823,79,0.340
BL_W120_T1.5_D6,132362,78,0.260
BL_W120_T1.5_D6,122797,110,0.126
BL_W120_T1.5_D6,132901,76,0.126
BL_W120_T1.5_D6,133440,74,0.050
BL_W120_T1.5_D6,123347,108,0.010
BL_W120_T1.5_D8,124497,103,1.200
BL_W120_T1.5_D8,124947,102,1.200
BL_W120_T1.5_D8,125497,101,1.200
BL_W120_T1.5_D8,125992,99,1.200
BL_W120_T1.5_D8,126482,97,1.140
BL_W120_T1.5_D8,127021,95,1.060
BL_W120_T1.5_D8,127560,93,0.980
BL_W120_T1.5_D8,128050,92,0.900
BL_W120_T1.5_D8,128589,90,0.820
BL_W120_T1.5_D8,129128,88,0.740
BL_W120_T1.5_D8,129667,86,0.660
BL_W120_T1.5_D8,130206,84,0.580
BL_W120_T1.5_D8,130794,82,0.500
BL_W120_T1.5_D8,131333,81,0.420
BL_W120_T1.5_D8,131823,79,0.340
BL_W120_T1.5_D8,132362,78,0.260
BL_W120_T1.5_D8,122847,110,0.126
BL_W120_T1.5_D8,132901,76,0.126
BL_W120_T1.5_D8,133440,74,0.050
BL_W120_T1.5_D8,123397,108,0.010
BL_W120_T1.5_D10,124497,103,1.200
BL_W120_T1.5_D10,124947,102,1.200
BL_W120_T1.5_D10,125497,101,1.200
BL_W120_T1.5_D10,125992,99,1.200
BL_W120_T1.5_D10,126482,97,1.140
BL_W120_T1.5_D10,127021,95,1.060
BL_W120_T1.5_D10,127560,93,0.980
BL_W120_T1.5_D10,128050,92,0.900
BL_W120_T1.5_D10,128589,90,0.820
BL_W120_T1.5_D10,129128,88,0.740
BL_W120_T1.5_D10,129667,86,0.660
BL_W120_T1.5_D10,130206,84,0.580
BL_W120_T1.5_D10,130794,82,0.500
BL_W120_T1.5_D10,131333,81,0.420
BL_W120_T1.5_D10,131823,79,0.340
BL_W120_T1.5_D10,132362,78,0.260
BL_W120_T1.5_D10,122847,110,0.126
BL_W120_T1.5_D10,132901,76,0.126
BL_W120_T1.5_D10,133440,74,0.050
BL_W120_T1.5_D10,123397,108,0.010
BL_W120_T1.5_D15,124947,102,1.200
BL_W120_T1.5_D15,125497,101,1.200
BL_W120_T1.5_D15,125992,99,1.200
BL_W120_T1.5_D15,126482,97,1.140
BL_W120_T1.5_D15,127021,95,1.060
BL_W120_T1.5_D15,127560,93,0.980
BL_W120_T1.5_D15,128050,92,0.900
BL_W120_T1.5_D15,128589,90,0.820
BL_W120_T1.5_D15,129128,88,0.740
BL_W120_T1.5_D15,129667,86,0.660
BL_W120_T1.5_D15,130206,84,0.580
BL_W120_T1.5_D15,130794,82,0.500
BL_W120_T1.5_D15,131333,81,0.420
BL_W120_T1.5_D15,131823,79,0.340
BL_W120_T1.5_D15,132362,78,0.260
BL_W120_T1.5_D15,122897,110,0.126
BL_W120_T1.5_D15,132901,76,0.126
BL_W120_T1.5_D15,133440,74,0.050
BL_W120_T1.5_D15,123397,108,0.010
BL_W120_T1.5_D20,125992,99,1.200
BL_W120_T1.5_D20,126482,97,1.140
BL_W120_T1.5_D20,127021,95,1.060
BL_W120_T1.5_D20,127560,93,0.980
BL_W120_T1.5_D20,128050,92,0.900
BL_W120_T1.5_D20,128589,90,0.820
BL_W120_T1.5_D20,129128,88,0.740
BL_W120_T1.5_D20,129667,86,0.660
BL_W120_T1.5_D20,130206,84,0.580
BL_W120_T1.5_D20,130794,82,0.500
BL_W120_T1.5_D20,131333,81,0.420
BL_W120_T1.5_D20,131823,79,0.340
BL_W120_T1.5_D20,132362,78,0.260
BL_W120_T1.5_D20,132901,76,0.126
BL_W120_T1.5_D20,133440,74,0.050
BL_W120_T1.5_D20,124997,102,0.010
BL_W120_T1.5_D25,126482,97,1.140
BL_W120_T1.5_D25,127021,95,1.060
BL_W120_T1.5_D25,127560,93,0.980
BL_W120_T1.5_D25,128050,92,0.900
BL_W120_T1.5_D25,128589,90,0.820
BL_W120_T1.5_D25,129128,88,0.740
BL_W120_T1.5_D25,129667,86,0.660
BL_W120_T1.5_D25,130206,84,0.580
BL_W120_T1.5_D25,130794,82,0.500
BL_W120_T1.5_D25,131333,81,0.420
BL_W120_T1.5_D25,131823,79,0.340
BL_W120_T1.5_D25,132362,78,0.260
BL_W120_T1.5_D25,132901,76,0.126
BL_W120_T1.5_D25,133440,74,0.050
BL_W120_T1.5_D25,124997,102,0.010
BL_W120_T1.5_D30,126531,97,1.140
BL_W120_T1.5_D30,127021,95,1.060
BL_W120_T1.5_D30,127560,93,0.980
BL_W120_T1.5_D30,128050,92,0.900
BL_W120_T1.5_D30,128589,90,0.820
BL_W120_T1.5_D30,129128,88,0.740
BL_W120_T1.5_D30,129667,86,0.660
BL_W120_T1.5_D30,130206,84,0.580
BL_W120_T1.5_D30,130745,82,0.500
BL_W120_T1.5_D30,131284,81,0.420
BL_W120_T1.5_D30,131823,79,0.340
BL_W120_T1.5_D30,132362,78,0.260
BL_W120_T1.5_D30,132901,76,0.126
BL_W120_T1.5_D30,133440,74,0.050
BL_W120_T1.7_D2,125992,99,1.200
BL_W120_T1.7_D2,126482,97,1.140
BL_W120_T1.7_D2,127021,95,1.060
BL_W120_T1.7_D2,127560,93,0.980
BL_W120_T1.7_D2,128050,92,0.900
BL_W120_T1.7_D2,128589,90,0.820
BL_W120_T1.7_D2,129128,88,0.740
BL_W120_T1.7_D2,129667,86,0.660
BL_W120_T1.7_D2,130206,84,0.580
BL_W120_T1.7_D2,130794,82,0.500
BL_W120_T1.7_D2,131333,81,0.420
BL_W120_T1.7_D2,131823,79,0.340
BL_W120_T1.7_D2,122297,112,0.260
BL_W120_T1.7_D2,132362,78,0.260
BL_W120_T1.7_D2,120947,119,0.126
BL_W120_T1.7_D2,122797,110,0.126
BL_W120_T1.7_D2,132901,76,0.126
BL_W120_T1.7_D2,133440,74,0.050
BL_W120_T1.7_D2,121447,116,0.010
BL_W120_T1.7_D2,123347,108,0.010
BL_W120_T1.7_D4,125992,99,1.200
BL_W120_T1.7_D4,126482,97,1.140
BL_W120_T1.7_D4,127021,95,1.060
BL_W120_T1.7_D4,127560,93,0.980
BL_W120_T1.7_D4,128050,92,0.900
BL_W120_T1.7_D4,128589,90,0.820
BL_W120_T1.7_D4,129128,88,0.740
BL_W120_T1.7_D4,129667,86,0.660
BL_W120_T1.7_D4,130206,84,0.580
BL_W120_T1.7_D4,130794,82,0.500
BL_W120_T1.7_D4,131333,81,0.420
BL_W120_T1.7_D4,131823,79,0.340
BL_W120_T1.7_D4,122347,112,0.260
BL_W120_T1.7_D4,132362,78,0.260
BL_W120_T1.7_D4,122797,110,0.126
BL_W120_T1.7_D4,132901,76,0.126
BL_W120_T1.7_D4,133440,74,0.050
BL_W120_T1.7_D4,123347,108,0.010
BL_W120_T1.7_D4,124947,102,0.010
BL_W120_T1.7_D6,125992,99,1.200
BL_W120_T1.7_D6,126482,97,1.140
BL_W120_T1.7_D6,127021,95,1.060
BL_W120_T1.7_D6,127560,93,0.980
BL_W120_T1.7_D6,128050,92,0.900
BL_W120_T1.7_D6,128589,90,0.820
BL_W120_T1.7_D6,129128,88,0.740
BL_W120_T1.7_D6,129667,86,0.660
BL_W120_T1.7_D6,130206,84,0.580
BL_W120_T1.7_D6,130794,82,0.500
BL_W120_T1.7_D6,131333,81,0.420
BL_W120_T1.7_D6,131823,79,0.340
BL_W120_T1.7_D6,132362,78,0.260
BL_W120_T1.7_D6,122797,110,0.126
BL_W120_T1.7_D6,132901,76,0.126
BL_W120_T1.7_D6,133440,74,0.050
BL_W120_T1.7_D6,123347,108,0.010
BL_W120_T1.7_D6,124947,102,0.010
BL_W120_T1.7_D8,125992,99,1.200
BL_W120_T1.7_D8,126482,97,1.140
BL_W120_T1.7_D8,127021,95,1.060
BL_W120_T1.7_D8,127560,93,0.980
BL_W120_T1.7_D8,128050,92,0.900
BL_W120_T1.7_D8,128589,90,0.820
BL_W120_T1.7_D8,129128,88,0.740
BL_W120_T1.7_D8,129667,86,0.660
BL_W120_T1.7_D8,130206,84,0.580
BL_W120_T1.7_D8,130794,82,0.500
BL_W120_T1.7_D8,131333,81,0.420
BL_W120_T1.7_D8,131823,79,0.340
BL_W120_T1.7_D8,132362,78,0.260
BL_W120_T1.7_D8,122847,110,0.126
BL_W120_T1.7_D8,124497,103,0.126
BL_W120_T1.7_D8,132901,76,0.126
BL_W120_T1.7_D8,133440,74,0.050
BL_W120_T1.7_D8,123397,108,0.010
BL_W120_T1.7_D8,124947,102,0.010
BL_W120_T1.7_D10,124497,103,1.200
BL_W120_T1.7_D10,124947,102,1.200
BL_W120_T1.7_D10,125497,101,1.200
BL_W120_T1.7_D10,125992,99,1.200
BL_W120_T1.7_D10,126482,97,1.140
BL_W120_T1.7_D10,127021,95,1.060
BL_W120_T1.7_D10,127560,93,0.980
BL_W120_T1.7_D10,128050,92,0.900
BL_W120_T1.7_D10,128589,90,0.820
BL_W120_T1.7_D10,129128,88,0.740
BL_W120_T1.7_D10,129667,86,0.660
BL_W120_T1.7_D10,130206,84,0.580
BL_W120_T1.7_D10,130794,82,0.500
BL_W120_T1.7_D10,131333,81,0.420
BL_W120_T1.7_D10,131823,79,0.340
BL_W120_T1.7_D10,132362,78,0.260
BL_W120_T1.7_D10,122847,110,0.126
BL_W120_T1.7_D10,132901,76,0.126
BL_W120_T1.7_D10,133440,74,0.050
BL_W120_T1.7_D10,123397,108,0.010
BL_W120_T1.7_D15,124947,102,1.200
BL_W120_T1.7_D15,125497,101,1.200
BL_W120_T1.7_D15,125992,99,1.200
BL_W120_T1.7_D15,126482,97,1.140
BL_W120_T1.7_D15,127021,95,1.060
BL_W120_T1.7_D15,127560,93,0.980
BL_W120_T1.7_D15,128050,92,0.900
BL_W120_T1.7_D15,128589,90,0.820
BL_W120_T1.7_D15,129128,88,0.740
BL_W120_T1.7_D15,129667,86,0.660
BL_W120_T1.7_D15,130206,84,0.580
BL_W120_T1.7_D15,130794,82,0.500
BL_W120_T1.7_D15,131333,81,0.420
BL_W120_T1.7_D15,131823,79,0.340
BL_W120_T1.7_D15,132362,78,0.260
BL_W120_T1.7_D15,122897,110,0.126
BL_W120_T1.7_D15,132901,76,0.126
BL_W120_T1.7_D15,133440,74,0.050
BL_W120_T1.7_D15,123397,108,0.010
BL_W120_T1.7_D20,125992,99,1.200
BL_W120_T1.7_D20,126482,97,1.140
BL_W120_T1.7_D20,127021,95,1.060
BL_W120_T1.7_D20,127560,93,0.980
BL_W120_T1.7_D20,128050,92,0.900
BL_W120_T1.7_D20,128589,90,0.820
BL_W120_T1.7_D20,129128,88,0.740
BL_W120_T1.7_D20,129667,86,0.660
BL_W120_T1.7_D20,130206,84,0.580
BL_W120_T1.7_D20,130794,82,0.500
BL_W120_T1.7_D20,131333,81,0.420
BL_W120_T1.7_D20,131823,79,0.340
BL_W120_T1.7_D20,132362,78,0.260
BL_W120_T1.7_D20,132901,76,0.126
BL_W120_T1.7_D20,133440,74,0.050
BL_W120_T1.7_D20,124997,102,0.010
BL_W120_T1.7_D25,126482,97,1.140
BL_W120_T1.7_D25,127021,95,1.060
BL_W120_T1.7_D25,127560,93,0.980
BL_W120_T1.7_D25,128050,92,0.900
BL_W120_T1.7_D25,128589,90,0.820
BL_W120_T1.7_D25,129128,88,0.740
BL_W120_T1.7_D25,129667,86,0.660
BL_W120_T1.7_D25,130206,84,0.580
BL_W120_T1.7_D25,130794,82,0.500
BL_W120_T1.7_D25,131333,81,0.420
BL_W120_T1.7_D25,131823,79,0.340
BL_W120_T1.7_D25,132362,78,0.260
BL_W120_T1.7_D25,132901,76,0.126
BL_W120_T1.7_D25,133440,74,0.050
BL_W120_T1.7_D25,124997,102,0.010
BL_W120_T1.7_D30,126531,97,1.140
BL_W120_T1.7_D30,127021,95,1.060
BL_W120_T1.7_D30,127560,93,0.980
BL_W120_T1.7_D30,128050,92,0.900
BL_W120_T1.7_D30,128589,90,0.820
BL_W120_T1.7_D30,129128,88,0.740
BL_W120_T1.7_D30,129667,86,0.660
BL_W120_T1.7_D30,130206,84,0.580
BL_W120_T1.7_D30,130745,82,0.500
BL_W120_T1.7_D30,131284,81,0.420
BL_W120_T1.7_D30,131823,79,0.340
BL_W120_T1.7_D30,132362,78,0.260
BL_W120_T1.7_D30,132901,76,0.126
BL_W120_T1.7_D30,133440,74,0.050
BL_W120_T2.0_D2,125992,99,0.740
BL_W120_T2.0_D2,126482,97,0.660
BL_W120_T2.0_D2,127021,95,0.580
BL_W120_T2.0_D2,127609,93,0.500
BL_W120_T2.0_D2,128099,92,0.420
BL_W120_T2.0_D2,128638,90,0.340
BL_W120_T2.0_D2,122297,112,0.260
BL_W120_T2.0_D2,129128,88,0.260
BL_W120_T2.0_D2,120947,119,0.126
BL_W120_T2.0_D2,122797,110,0.126
BL_W120_T2.0_D2,129667,86,0.126
BL_W120_T2.0_D2,132901,76,0.050
BL_W120_T2.0_D2,121447,116,0.010
BL_W120_T2.0_D2,123347,108,0.010
BL_W120_T2.0_D2,124947,102,0.010
BL_W120_T2.0_D2,130206,84,0.010
BL_W120_T2.0_D2,131872,79,0.010
BL_W120_T2.0_D4,125992,99,0.740
BL_W120_T2.0_D4,126482,97,0.660
BL_W120_T2.0_D4,127021,95,0.580
BL_W120_T2.0_D4,127609,93,0.500
BL_W120_T2.0_D4,128099,92,0.420
BL_W120_T2.0_D4,128638,90,0.340
BL_W120_T2.0_D4,122347,112,0.260
BL_W120_T2.0_D4,129128,88,0.260
BL_W120_T2.0_D4,122797,110,0.126
BL_W120_T2.0_D4,129667,86,0.126
BL_W120_T2.0_D4,132901,76,0.050
BL_W120_T2.0_D4,123347,108,0.010
BL_W120_T2.0_D4,124947,102,0.010
BL_W120_T2.0_D4,130206,84,0.010
BL_W120_T2.0_D4,131872,79,0.010
BL_W120_T2.0_D6,125992,99,0.740
BL_W120_T2.0_D6,126482,97,0.660
BL_W120_T2.0_D6,127021,95,0.580
BL_W120_T2.0_D6,127609,93,0.500
BL_W120_T2.0_D6,128099,92,0.420
BL_W120_T2.0_D6,128638,90,0.340
BL_W120_T2.0_D6,129128,88,0.260
BL_W120_T2.0_D6,122797,110,0.126
BL_W120_T2.0_D6,129667,86,0.126
BL_W120_T2.0_D6,132901,76,0.050
BL_W120_T2.0_D6,123347,108,0.010
BL_W120_T2.0_D6,124947,102,0.010
BL_W120_T2.0_D6,130206,84,0.010
BL_W120_T2.0_D6,131872,79,0.010
BL_W120_T2.0_D8,125992,99,0.740
BL_W120_T2.0_D8,126482,97,0.660
BL_W120_T2.0_D8,127021,95,0.580
BL_W120_T2.0_D8,127609,93,0.500
BL_W120_T2.0_D8,128099,92,0.420
BL_W120_T2.0_D8,128638,90,0.340
BL_W120_T2.0_D8,129128,88,0.260
BL_W120_T2.0_D8,122847,110,0.126
BL_W120_T2.0_D8,124497,103,0.126
BL_W120_T2.0_D8,129667,86,0.126
BL_W120_T2.0_D8,132901,76,0.050
BL_W120_T2.0_D8,123397,108,0.010
BL_W120_T2.0_D8,124947,102,0.010
BL_W120_T2.0_D8,130206,84,0.010
BL_W120_T2.0_D8,131872,79,0.010
BL_W120_T2.0_D10,124497,103,0.980
BL_W120_T2.0_D10,124947,102,0.900
BL_W120_T2.0_D10,125497,101,0.820
BL_W120_T2.0_D10,125992,99,0.740
BL_W120_T2.0_D10,126482,97,0.660
BL_W120_T2.0_D10,127021,95,0.580
BL_W120_T2.0_D10,127609,93,0.500
BL_W120_T2.0_D10,128099,92,0.420
BL_W120_T2.0_D10,128638,90,0.340
BL_W120_T2.0_D10,129128,88,0.260
BL_W120_T2.0_D10,122847,110,0.126
BL_W120_T2.0_D10,129667,86,0.126
BL_W120_T2.0_D10,132901,76,0.050
BL_W120_T2.0_D10,123397,108,0.010
BL_W120_T2.0_D10,130206,84,0.010
BL_W120_T2.0_D10,131872,79,0.010
BL_W120_T2.0_D15,124947,102,0.900
BL_W120_T2.0_D15,125497,101,0.820
BL_W120_T2.0_D15,125992,99,0.740
BL_W120_T2.0_D15,126482,97,0.660
BL_W120_T2.0_D15,127021,95,0.580
BL_W120_T2.0_D15,127609,93,0.500
BL_W120_T2.0_D15,128099,92,0.420
BL_W120_T2.0_D15,128638,90,0.340
BL_W120_T2.0_D15,129128,88,0.260
BL_W120_T2.0_D15,122897,110,0.126
BL_W120_T2.0_D15,129667,86,0.126
BL_W120_T2.0_D15,132901,76,0.050
BL_W120_T2.0_D15,123397,108,0.010
BL_W120_T2.0_D15,130206,84,0.010
BL_W120_T2.0_D15,131872,79,0.010
BL_W120_T2.0_D20,125992,99,0.740
BL_W120_T2.0_D20,126482,97,0.660
BL_W120_T2.0_D20,127021,95,0.580
BL_W120_T2.0_D20,127560,93,0.500
BL_W120_T2.0_D20,128050,92,0.420
BL_W120_T2.0_D20,128638,90,0.340
BL_W120_T2.0_D20,129128,88,0.260
BL_W120_T2.0_D20,129667,86,0.126
BL_W120_T2.0_D20,132901,76,0.050
BL_W120_T2.0_D20,124997,102,0.010
BL_W120_T2.0_D20,130206,84,0.010
BL_W120_T2.0_D20,131872,79,0.010
BL_W120_T2.0_D25,126482,97,0.660
BL_W120_T2.0_D25,127021,95,0.580
BL_W120_T2.0_D25,127560,93,0.500
BL_W120_T2.0_D25,128050,92,0.420
BL_W120_T2.0_D25,128589,90,0.340
BL_W120_T2.0_D25,129128,88,0.260
BL_W120_T2.0_D25,129667,86,0.126
BL_W120_T2.0_D25,132901,76,0.050
BL_W120_T2.0_D25,124997,102,0.010
BL_W120_T2.0_D25,130206,84,0.010
BL_W120_T2.0_D25,131872,79,0.010
BL_W120_T2.0_D30,126531,97,0.900
BL_W120_T2.0_D30,127021,95,0.820
BL_W120_T2.0_D30,127560,93,0.740
BL_W120_T2.0_D30,128050,92,0.660
BL_W120_T2.0_D30,128589,90,0.580
BL_W120_T2.0_D30,129128,88,0.500
BL_W120_T2.0_D30,129667,86,0.420
BL_W120_T2.0_D30,130206,84,0.340
BL_W120_T2.0_D30,130745,82,0.260
BL_W120_T2.0_D30,131284,81,0.126
BL_W120_T2.0_D30,132901,76,0.050
BL_W120_T2.0_D30,131823,79,0.010
BL_W120_T2.2_D2,122297,112,0.260
BL_W120_T2.2_D2,120947,119,0.126
BL_W120_T2.2_D2,122797,110,0.126
BL_W120_T2.2_D2,126531,97,0.126
BL_W120_T2.2_D2,129716,86,0.126
BL_W120_T2.2_D2,130255,84,0.050
BL_W120_T2.2_D2,121447,116,0.010
BL_W120_T2.2_D2,123397,108,0.010
BL_W120_T2.2_D2,124997,102,0.010
BL_W120_T2.2_D2,127021,95,0.010
BL_W120_T2.2_D2,128099,92,0.010
BL_W120_T2.2_D4,122347,112,0.260
BL_W120_T2.2_D4,122797,110,0.126
BL_W120_T2.2_D4,126531,97,0.126
BL_W120_T2.2_D4,129716,86,0.126
BL_W120_T2.2_D4,130255,84,0.050
BL_W120_T2.2_D4,123347,108,0.010
BL_W120_T2.2_D4,124997,102,0.010
BL_W120_T2.2_D4,127021,95,0.010
BL_W120_T2.2_D4,128099,92,0.010
BL_W120_T2.2_D6,122797,110,0.126
BL_W120_T2.2_D6,126531,97,0.126
BL_W120_T2.2_D6,129716,86,0.126
BL_W120_T2.2_D6,130255,84,0.050
BL_W120_T2.2_D6,123347,108,0.010
BL_W120_T2.2_D6,124997,102,0.010
BL_W120_T2.2_D6,127021,95,0.010
BL_W120_T2.2_D6,128099,92,0.010
BL_W120_T2.2_D8,122847,110,0.126
BL_W120_T2.2_D8,124497,103,0.126
BL_W120_T2.2_D8,126531,97,0.126
BL_W120_T2.2_D8,129716,86,0.126
BL_W120_T2.2_D8,130255,84,0.050
BL_W120_T2.2_D8,123397,108,0.010
BL_W120_T2.2_D8,124997,102,0.010
BL_W120_T2.2_D8,127021,95,0.010
BL_W120_T2.2_D8,128099,92,0.010
BL_W120_T2.2_D10,124497,103,0.260
BL_W120_T2.2_D10,122847,110,0.126
BL_W120_T2.2_D10,124947,102,0.126
BL_W120_T2.2_D10,126531,97,0.126
BL_W120_T2.2_D10,129716,86,0.126
BL_W120_T2.2_D10,130255,84,0.050
BL_W120_T2.2_D10,123397,108,0.010
BL_W120_T2.2_D10,125497,101,0.010
BL_W120_T2.2_D10,127021,95,0.010
BL_W120_T2.2_D10,128099,92,0.010
BL_W120_T2.2_D15,124947,102,0.420
BL_W120_T2.2_D15,125497,101,0.340
BL_W120_T2.2_D15,125992,99,0.260
BL_W120_T2.2_D15,122897,110,0.126
BL_W120_T2.2_D15,126482,97,0.126
BL_W120_T2.2_D15,129716,86,0.126
BL_W120_T2.2_D15,130255,84,0.050
BL_W120_T2.2_D15,123397,108,0.010
BL_W120_T2.2_D15,127021,95,0.010
BL_W120_T2.2_D15,128099,92,0.010
BL_W120_T2.2_D20,125992,99,0.420
BL_W120_T2.2_D20,126482,97,0.340
BL_W120_T2.2_D20,127021,95,0.260
BL_W120_T2.2_D20,127560,93,0.126
BL_W120_T2.2_D20,129716,86,0.126
BL_W120_T2.2_D20,130255,84,0.050
BL_W120_T2.2_D20,124997,102,0.010
BL_W120_T2.2_D20,128050,92,0.010
BL_W120_T2.2_D25,126482,97,0.660
BL_W120_T2.2_D25,127021,95,0.580
BL_W120_T2.2_D25,127560,93,0.500
BL_W120_T2.2_D25,128050,92,0.420
BL_W120_T2.2_D25,128589,90,0.340
BL_W120_T2.2_D25,129128,88,0.260
BL_W120_T2.2_D25,129667,86,0.126
BL_W120_T2.2_D25,130255,84,0.050
BL_W120_T2.2_D25,124997,102,0.010
BL_W120_T2.2_D30,126531,97,0.900
BL_W120_T2.2_D30,127021,95,0.820
BL_W120_T2.2_D30,127560,93,0.740
BL_W120_T2.2_D30,128050,92,0.660
BL_W120_T2.2_D30,128589,90,0.580
BL_W120_T2.2_D30,129128,88,0.500
BL_W120_T2.2_D30,129667,86,0.420
BL_W120_T2.2_D30,130206,84,0.340
BL_W120_T2.2_D30,130745,82,0.260
BL_W120_T2.2_D30,131284,81,0.126
BL_W120_T2.2_D30,131823,79,0.050
BL_W120_T2.4_D2,122297,112,0.260
BL_W120_T2.4_D2,120947,119,0.126
BL_W120_T2.4_D2,122797,110,0.126
BL_W120_T2.4_D2,126531,97,0.126
BL_W120_T2.4_D2,128099,92,0.050
BL_W120_T2.4_D2,121447,116,0.010
BL_W120_T2.4_D2,123397,108,0.010
BL_W120_T2.4_D2,124997,102,0.010
BL_W120_T2.4_D2,127021,95,0.010
BL_W120_T2.4_D4,122347,112,0.260
BL_W120_T2.4_D4,122797,110,0.126
BL_W120_T2.4_D4,126531,97,0.126
BL_W120_T2.4_D4,128099,92,0.050
BL_W120_T2.4_D4,123347,108,0.010
BL_W120_T2.4_D4,124997,102,0.010
BL_W120_T2.4_D4,127021,95,0.010
BL_W120_T2.4_D6,122797,110,0.126
BL_W120_T2.4_D6,126531,97,0.126
BL_W120_T2.4_D6,128099,92,0.050
BL_W120_T2.4_D6,123347,108,0.010
BL_W120_T2.4_D6,124997,102,0.010
BL_W120_T2.4_D6,127021,95,0.010
BL_W120_T2.4_D8,122847,110,0.126
BL_W120_T2.4_D8,124497,103,0.126
BL_W120_T2.4_D8,126531,97,0.126
BL_W120_T2.4_D8,128099,92,0.050
BL_W120_T2.4_D8,123397,108,0.010
BL_W120_T2.4_D8,124997,102,0.010
BL_W120_T2.4_D8,127021,95,0.010
BL_W120_T2.4_D10,124497,103,0.260
BL_W120_T2.4_D10,122847,110,0.126
BL_W120_T2.4_D10,124947,102,0.126
BL_W120_T2.4_D10,126531,97,0.126
BL_W120_T2.4_D10,128099,92,0.050
BL_W120_T2.4_D10,123397,108,0.010
BL_W120_T2.4_D10,125497,101,0.010
BL_W120_T2.4_D10,127021,95,0.010
BL_W120_T2.4_D15,124947,102,0.420
BL_W120_T2.4_D15,125497,101,0.340
BL_W120_T2.4_D15,125992,99,0.260
BL_W120_T2.4_D15,122897,110,0.126
BL_W120_T2.4_D15,126482,97,0.126
BL_W120_T2.4_D15,128099,92,0.050
BL_W120_T2.4_D15,123397,108,0.010
BL_W120_T2.4_D15,127021,95,0.010
BL_W120_T2.4_D20,125992,99,0.420
BL_W120_T2.4_D20,126482,97,0.340
BL_W120_T2.4_D20,127021,95,0.260
BL_W120_T2.4_D20,127560,93,0.126
BL_W120_T2.4_D20,128050,92,0.050
BL_W120_T2.4_D20,124997,102,0.010
BL_W120_T2.4_D25,126482,97,0.580
BL_W120_T2.4_D25,127021,95,0.500
BL_W120_T2.4_D25,127560,93,0.420
BL_W120_T2.4_D25,128050,92,0.340
BL_W120_T2.4_D25,128589,90,0.260
BL_W120_T2.4_D25,129128,88,0.126
BL_W120_T2.4_D25,129667,86,0.050
BL_W120_T2.4_D25,124997,102,0.010
BL_W120_T2.4_D30,126531,97,0.900
BL_W120_T2.4_D30,127021,95,0.820
BL_W120_T2.4_D30,127560,93,0.740
BL_W120_T2.4_D30,128050,92,0.660
BL_W120_T2.4_D30,128589,90,0.580
BL_W120_T2.4_D30,129128,88,0.500
BL_W120_T2.4_D30,129667,86,0.420
BL_W120_T2.4_D30,130206,84,0.340
BL_W120_T2.4_D30,130745,82,0.260
BL_W120_T2.4_D30,131284,81,0.126
BL_W120_T2.4_D30,131823,79,0.050
BL_W120_T2.7_D2,122297,112,0.260
BL_W120_T2.7_D2,120947,119,0.126
BL_W120_T2.7_D2,122797,110,0.126
BL_W120_T2.7_D2,126531,97,0.126
BL_W120_T2.7_D2,127070,95,0.050
BL_W120_T2.7_D2,121447,116,0.010
BL_W120_T2.7_D2,123397,108,0.010
BL_W120_T2.7_D2,124997,102,0.010
BL_W120_T2.7_D4,122347,112,0.260
BL_W120_T2.7_D4,122797,110,0.126
BL_W120_T2.7_D4,126531,97,0.126
BL_W120_T2.7_D4,127070,95,0.050
BL_W120_T2.7_D4,123347,108,0.010
BL_W120_T2.7_D4,124997,102,0.010
BL_W120_T2.7_D6,122797,110,0.126
BL_W120_T2.7_D6,126531,97,0.126
BL_W120_T2.7_D6,127070,95,0.050
BL_W120_T2.7_D6,123347,108,0.010
BL_W120_T2.7_D6,124997,102,0.010
BL_W120_T2.7_D8,122847,110,0.126
BL_W120_T2.7_D8,124497,103,0.126
BL_W120_T2.7_D8,126531,97,0.126
BL_W120_T2.7_D8,127070,95,0.050
BL_W120_T2.7_D8,123397,108,0.010
BL_W120_T2.7_D8,124997,102,0.010
BL_W120_T2.7_D10,124497,103,0.260
BL_W120_T2.7_D10,122847,110,0.126
BL_W120_T2.7_D10,124947,102,0.126
BL_W120_T2.7_D10,126531,97,0.126
BL_W120_T2.7_D10,127070,95,0.050
BL_W120_T2.7_D10,123397,108,0.010
BL_W120_T2.7_D10,125497,101,0.010
BL_W120_T2.7_D15,124947,102,0.420
BL_W120_T2.7_D15,125497,101,0.340
BL_W120_T2.7_D15,125992,99,0.260
BL_W120_T2.7_D15,122897,110,0.126
BL_W120_T2.7_D15,126482,97,0.126
BL_W120_T2.7_D15,127070,95,0.050
BL_W120_T2.7_D15,123397,108,0.010
BL_W120_T2.7_D20,125992,99,0.420
BL_W120_T2.7_D20,126482,97,0.340
BL_W120_T2.7_D20,127021,95,0.260
BL_W120_T2.7_D20,127560,93,0.126
BL_W120_T2.7_D20,128050,92,0.050
BL_W120_T2.7_D20,124997,102,0.010
BL_W120_T2.7_D25,126482,97,0.580
BL_W120_T2.7_D25,127021,95,0.500
BL_W120_T2.7_D25,127560,93,0.420
BL_W120_T2.7_D25,128050,92,0.340
BL_W120_T2.7_D25,128589,90,0.260
BL_W120_T2.7_D25,129128,88,0.126
BL_W120_T2.7_D25,129667,86,0.050
BL_W120_T2.7_D25,124997,102,0.010
BL_W120_T2.7_D30,126531,97,0.900
BL_W120_T2.7_D30,127021,95,0.820
BL_W120_T2.7_D30,127560,93,0.740
BL_W120_T2.7_D30,128050,92,0.660
BL_W120_T2.7_D30,128589,90,0.580
BL_W120_T2.7_D30,129128,88,0.500
BL_W120_T2.7_D30,129667,86,0.420
BL_W120_T2.7_D30,130206,84,0.340
BL_W120_T2.7_D30,130745,82,0.260
BL_W120_T2.7_D30,131284,81,0.126
BL_W120_T2.7_D30,131823,79,0.050
BL_W120_T3.0_D2,122297,112,0.260
BL_W120_T3.0_D2,120947,119,0.126
BL_W120_T3.0_D2,122797,110,0.126
BL_W120_T3.0_D2,123397,108,0.050
BL_W120_T3.0_D2,121447,116,0.010
BL_W120_T3.0_D4,122347,112,0.260
BL_W120_T3.0_D4,122797,110,0.126
BL_W120_T3.0_D4,123347,108,0.050
BL_W120_T3.0_D6,122797,110,0.126
BL_W120_T3.0_D6,123347,108,0.050
BL_W120_T3.0_D8,122847,110,0.126
BL_W120_T3.0_D8,124497,103,0.050
BL_W120_T3.0_D8,123397,108,0.010
BL_W120_T3.0_D10,124497,103,0.260
BL_W120_T3.0_D10,122847,110,0.126
BL_W120_T3.0_D10,124947,102,0.126
BL_W120_T3.0_D10,125497,101,0.050
BL_W120_T3.0_D10,123397,108,0.010
BL_W120_T3.0_D15,124947,102,0.340
BL_W120_T3.0_D15,125497,101,0.260
BL_W120_T3.0_D15,122897,110,0.126
BL_W120_T3.0_D15,125992,99,0.126
BL_W120_T3.0_D15,126482,97,0.050
BL_W120_T3.0_D15,123397,108,0.010
BL_W120_T3.0_D20,125992,99,0.420
BL_W120_T3.0_D20,126482,97,0.340
BL_W120_T3.0_D20,127021,95,0.260
BL_W120_T3.0_D20,127560,93,0.126
BL_W120_T3.0_D20,128050,92,0.050
BL_W120_T3.0_D20,124997,102,0.010
BL_W120_T3.0_D25,126482,97,0.580
BL_W120_T3.0_D25,127021,95,0.500
BL_W120_T3.0_D25,127560,93,0.420
BL_W120_T3.0_D25,128050,92,0.340
BL_W120_T3.0_D25,128589,90,0.260
BL_W120_T3.0_D25,129128,88,0.126
BL_W120_T3.0_D25,129667,86,0.050
BL_W120_T3.0_D25,124997,102,0.010
BL_W120_T3.0_D30,126531,97,0.900
BL_W120_T3.0_D30,127021,95,0.820
BL_W120_T3.0_D30,127560,93,0.740
BL_W120_T3.0_D30,128050,92,0.660
BL_W120_T3.0_D30,128589,90,0.580
BL_W120_T3.0_D30,129128,88,0.500
BL_W120_T3.0_D30,129667,86,0.420
BL_W120_T3.0_D30,130206,84,0.340
BL_W120_T3.0_D30,130745,82,0.260
BL_W120_T3.0_D30,131284,81,0.126
BL_W120_T3.0_D30,131823,79,0.050
BL_W130_T1.2_D2,124497,103,1.200
BL_W130_T1.2_D2,124947,102,1.200
BL_W130_T1.2_D2,125497,101,1.200
BL_W130_T1.2_D2,125992,99,1.200
BL_W130_T1.2_D2,126482,97,1.200
BL_W130_T1.2_D2,127021,95,1.140
BL_W130_T1.2_D2,127560,93,1.060
BL_W130_T1.2_D2,128050,92,0.980
BL_W130_T1.2_D2,128589,90,0.900
BL_W130_T1.2_D2,129128,88,0.820
BL_W130_T1.2_D2,129667,86,0.740
BL_W130_T1.2_D2,130206,84,0.660
BL_W130_T1.2_D2,130745,82,0.580
BL_W130_T1.2_D2,131284,81,0.500
BL_W130_T1.2_D2,121497,117,0.420
BL_W130_T1.2_D2,131823,79,0.420
BL_W130_T1.2_D2,121847,114,0.340
BL_W130_T1.2_D2,132362,78,0.340
BL_W130_T1.2_D2,122297,112,0.260
BL_W130_T1.2_D2,132852,76,0.260
BL_W130_T1.2_D4,124497,103,1.200
BL_W130_T1.2_D4,124947,102,1.200
BL_W130_T1.2_D4,125497,101,1.200
BL_W130_T1.2_D4,125992,99,1.200
BL_W130_T1.2_D4,126482,97,1.200
BL_W130_T1.2_D4,127021,95,1.140
BL_W130_T1.2_D4,127560,93,1.060
BL_W130_T1.2_D4,128050,92,0.980
BL_W130_T1.2_D4,128589,90,0.900
BL_W130_T1.2_D4,129128,88,0.820
BL_W130_T1.2_D4,129667,86,0.740
BL_W130_T1.2_D4,130206,84,0.660
BL_W130_T1.2_D4,130745,82,0.580
BL_W130_T1.2_D4,131284,81,0.500
BL_W130_T1.2_D4,131823,79,0.420
BL_W130_T1.2_D4,132362,78,0.340
BL_W130_T1.2_D4,122347,112,0.260
BL_W130_T1.2_D4,132852,76,0.260
BL_W130_T1.2_D4,122797,110,0.126
BL_W130_T1.2_D4,133440,74,0.126
BL_W130_T1.2_D6,124497,103,1.200
BL_W130_T1.2_D6,124947,102,1.200
BL_W130_T1.2_D6,125497,101,1.200
BL_W130_T1.2_D6,125992,99,1.200
BL_W130_T1.2_D6,126482,97,1.200
BL_W130_T1.2_D6,127021,95,1.140
BL_W130_T1.2_D6,127560,93,1.060
BL_W130_T1.2_D6,128050,92,0.980
BL_W130_T1.2_D6,128589,90,0.900
BL_W130_T1.2_D6,129128,88,0.820
BL_W130_T1.2_D6,129667,86,0.740
BL_W130_T1.2_D6,130206,84,0.660
BL_W130_T1.2_D6,130745,82,0.580
BL_W130_T1.2_D6,131284,81,0.500
BL_W130_T1.2_D6,131823,79,0.420
BL_W130_T1.2_D6,132362,78,0.340
BL_W130_T1.2_D6,132852,76,0.260
BL_W130_T1.2_D6,122797,110,0.126
BL_W130_T1.2_D6,133440,74,0.126
BL_W130_T1.2_D6,133979,73,0.050
BL_W130_T1.2_D8,124497,103,1.200
BL_W130_T1.2_D8,124947,102,1.200
BL_W130_T1.2_D8,125497,101,1.200
BL_W130_T1.2_D8,125992,99,1.200
BL_W130_T1.2_D8,126482,97,1.200
BL_W130_T1.2_D8,127021,95,1.140
BL_W130_T1.2_D8,127560,93,1.060
BL_W130_T1.2_D8,128050,92,0.980
BL_W130_T1.2_D8,128589,90,0.900
BL_W130_T1.2_D8,129128,88,0.820
BL_W130_T1.2_D8,129667,86,0.740
BL_W130_T1.2_D8,130206,84,0.660
BL_W130_T1.2_D8,130745,82,0.580
BL_W130_T1.2_D8,131284,81,0.500
BL_W130_T1.2_D8,131823,79,0.420
BL_W130_T1.2_D8,132362,78,0.340
BL_W130_T1.2_D8,132852,76,0.260
BL_W130_T1.2_D8,122847,110,0.126
BL_W130_T1.2_D8,133440,74,0.126
BL_W130_T1.2_D8,133979,73,0.050
BL_W130_T1.2_D10,124497,103,1.200
BL_W130_T1.2_D10,124947,102,1.200
BL_W130_T1.2_D10,125497,101,1.200
BL_W130_T1.2_D10,125943,99,1.200
BL_W130_T1.2_D10,126482,97,1.200
BL_W130_T1.2_D10,127021,95,1.140
BL_W130_T1.2_D10,127560,93,1.060
BL_W130_T1.2_D10,128050,92,0.980
BL_W130_T1.2_D10,128589,90,0.900
BL_W130_T1.2_D10,129128,88,0.820
BL_W130_T1.2_D10,129667,86,0.740
BL_W130_T1.2_D10,130206,84,0.660
BL_W130_T1.2_D10,130745,82,0.580
BL_W130_T1.2_D10,131284,81,0.500
BL_W130_T1.2_D10,131823,79,0.420
BL_W130_T1.2_D10,132362,78,0.340
BL_W130_T1.2_D10,132852,76,0.260
BL_W130_T1.2_D10,122847,110,0.126
BL_W130_T1.2_D10,133440,74,0.126
BL_W130_T1.2_D10,133979,73,0.050
BL_W130_T1.2_D15,124947,102,1.200
BL_W130_T1.2_D15,125497,101,1.200
BL_W130_T1.2_D15,125992,99,1.200
BL_W130_T1.2_D15,126482,97,1.200
BL_W130_T1.2_D15,127021,95,1.140
BL_W130_T1.2_D15,127560,93,1.060
BL_W130_T1.2_D15,128050,92,0.980
BL_W130_T1.2_D15,128589,90,0.900
BL_W130_T1.2_D15,129128,88,0.820
BL_W130_T1.2_D15,129667,86,0.740
BL_W130_T1.2_D15,130206,84,0.660
BL_W130_T1.2_D15,130745,82,0.580
BL_W130_T1.2_D15,131284,81,0.500
BL_W130_T1.2_D15,131823,79,0.420
BL_W130_T1.2_D15,132362,78,0.340
BL_W130_T1.2_D15,132852,76,0.260
BL_W130_T1.2_D15,122897,110,0.126
BL_W130_T1.2_D15,133440,74,0.126
BL_W130_T1.2_D15,133979,73,0.050
BL_W130_T1.2_D15,123397,108,0.010
BL_W130_T1.2_D20,125992,99,1.200
BL_W130_T1.2_D20,126482,97,1.200
BL_W130_T1.2_D20,127021,95,1.140
BL_W130_T1.2_D20,127560,93,1.060
BL_W130_T1.2_D20,128050,92,0.980
BL_W130_T1.2_D20,128589,90,0.900
BL_W130_T1.2_D20,129128,88,0.820
BL_W130_T1.2_D20,129667,86,0.740
BL_W130_T1.2_D20,130206,84,0.660
BL_W130_T1.2_D20,130745,82,0.580
BL_W130_T1.2_D20,131284,81,0.500
BL_W130_T1.2_D20,131823,79,0.420
BL_W130_T1.2_D20,132362,78,0.340
BL_W130_T1.2_D20,132852,76,0.260
BL_W130_T1.2_D20,133440,74,0.126
BL_W130_T1.2_D20,133979,73,0.050
BL_W130_T1.2_D20,124997,102,0.010
BL_W130_T1.2_D25,126482,97,1.200
BL_W130_T1.2_D25,127021,95,1.140
BL_W130_T1.2_D25,127560,93,1.060
BL_W130_T1.2_D25,128050,92,0.980
BL_W130_T1.2_D25,128589,90,0.900
BL_W130_T1.2_D25,129128,88,0.820
BL_W130_T1.2_D25,129667,86,0.740
BL_W130_T1.2_D25,130206,84,0.660
BL_W130_T1.2_D25,130745,82,0.580
BL_W130_T1.2_D25,131284,81,0.500
BL_W130_T1.2_D25,131823,79,0.420
BL_W130_T1.2_D25,132362,78,0.340
BL_W130_T1.2_D25,132852,76,0.260
BL_W130_T1.2_D25,133440,74,0.126
BL_W130_T1.2_D25,133979,73,0.050
BL_W130_T1.2_D25,124997,102,0.010
BL_W130_T1.2_D30,126531,97,1.200
BL_W130_T1.2_D30,127021,95,1.140
BL_W130_T1.2_D30,127560,93,1.060
BL_W130_T1.2_D30,128050,92,0.980
BL_W130_T1.2_D30,128589,90,0.900
BL_W130_T1.2_D30,129128,88,0.820
BL_W130_T1.2_D30,129667,86,0.740
BL_W130_T1.2_D30,130206,84,0.660
BL_W130_T1.2_D30,130745,82,0.580
BL_W130_T1.2_D30,131284,81,0.500
BL_W130_T1.2_D30,131823,79,0.420
BL_W130_T1.2_D30,132362,78,0.340
BL_W130_T1.2_D30,132852,76,0.260
BL_W130_T1.2_D30,133440,74,0.126
BL_W130_T1.2_D30,133979,73,0.050
BL_W130_T1.5_D2,124947,102,1.200
BL_W130_T1.5_D2,125497,101,1.200
BL_W130_T1.5_D2,125992,99,1.200
BL_W130_T1.5_D2,126482,97,1.140
BL_W130_T1.5_D2,127021,95,1.060
BL_W130_T1.5_D2,127560,93,0.980
BL_W130_T1.5_D2,128050,92,0.900
BL_W130_T1.5_D2,128589,90,0.820
BL_W130_T1.5_D2,129128,88,0.740
BL_W130_T1.5_D2,129667,86,0.660
BL_W130_T1.5_D2,130206,84,0.580
BL_W130_T1.5_D2,130794,82,0.500
BL_W130_T1.5_D2,121497,117,0.420
BL_W130_T1.5_D2,131333,81,0.420
BL_W130_T1.5_D2,121847,114,0.340
BL_W130_T1.5_D2,131823,79,0.340
BL_W130_T1.5_D2,122297,112,0.260
BL_W130_T1.5_D2,132362,78,0.260
BL_W130_T1.5_D2,122797,110,0.126
BL_W130_T1.5_D2,132901,76,0.126
BL_W130_T1.5_D4,124947,102,1.200
BL_W130_T1.5_D4,125497,101,1.200
BL_W130_T1.5_D4,125992,99,1.200
BL_W130_T1.5_D4,126482,97,1.140
BL_W130_T1.5_D4,127021,95,1.060
BL_W130_T1.5_D4,127560,93,0.980
BL_W130_T1.5_D4,128050,92,0.900
BL_W130_T1.5_D4,128589,90,0.820
BL_W130_T1.5_D4,129128,88,0.740
BL_W130_T1.5_D4,129667,86,0.660
BL_W130_T1.5_D4,130206,84,0.580
BL_W130_T1.5_D4,130794,82,0.500
BL_W130_T1.5_D4,131333,81,0.420
BL_W130_T1.5_D4,131823,79,0.340
BL_W130_T1.5_D4,122347,112,0.260
BL_W130_T1.5_D4,132362,78,0.260
BL_W130_T1.5_D4,122797,110,0.126
BL_W130_T1.5_D4,132901,76,0.126
BL_W130_T1.5_D4,133440,74,0.050
BL_W130_T1.5_D4,123347,108,0.010
BL_W130_T1.5_D6,124947,102,1.200
BL_W130_T1.5_D6,125497,101,1.200
BL_W130_T1.5_D6,125992,99,1.200
BL_W130_T1.5_D6,126482,97,1.140
BL_W130_T1.5_D6,127021,95,1.060
BL_W130_T1.5_D6,127560,93,0.980
BL_W130_T1.5_D6,128050,92,0.900
BL_W130_T1.5_D6,128589,90,0.820
BL_W130_T1.5_D6,129128,88,0.740
BL_W130_T1.5_D6,129667,86,0.660
BL_W130_T1.5_D6,130206,84,0.580
BL_W130_T1.5_D6,130794,82,0.500
BL_W130_T1.5_D6,131333,81,0.420
BL_W130_T1.5_D6,131823,79,0.340
BL_W130_T1.5_D6,132362,78,0.260
BL_W130_T1.5_D6,122797,110,0.126
BL_W130_T1.5_D6,132901,76,0.126
BL_W130_T1.5_D6,133440,74,0.050
BL_W130_T1.5_D6,123347,108,0.010
BL_W130_T1.5_D8,124497,103,1.200
BL_W130_T1.5_D8,124947,102,1.200
BL_W130_T1.5_D8,125497,101,1.200
BL_W130_T1.5_D8,125992,99,1.200
BL_W130_T1.5_D8,126482,97,1.140
BL_W130_T1.5_D8,127021,95,1.060
BL_W130_T1.5_D8,127560,93,0.980
BL_W130_T1.5_D8,128050,92,0.900
BL_W130_T1.5_D8,128589,90,0.820
BL_W130_T1.5_D8,129128,88,0.740
BL_W130_T1.5_D8,129667,86,0.660
BL_W130_T1.5_D8,130206,84,0.580
BL_W130_T1.5_D8,130794,82,0.500
BL_W130_T1.5_D8,131333,81,0.420
BL_W130_T1.5_D8,131823,79,0.340
BL_W130_T1.5_D8,132362,78,0.260
BL_W130_T1.5_D8,122847,110,0.126
BL_W130_T1.5_D8,132901,76,0.126
BL_W130_T1.5_D8,133440,74,0.050
BL_W130_T1.5_D8,123397,108,0.010
BL_W130_T1.5_D10,124497,103,1.200
BL_W130_T1.5_D10,124947,102,1.200
BL_W130_T1.5_D10,125497,101,1.200
BL_W130_T1.5_D10,125943,99,1.200
BL_W130_T1.5_D10,126482,97,1.140
BL_W130_T1.5_D10,127021,95,1.060
BL_W130_T1.5_D10,127560,93,0.980
BL_W130_T1.5_D10,128050,92,0.900
BL_W130_T1.5_D10,128589,90,0.820
BL_W130_T1.5_D10,129128,88,0.740
BL_W130_T1.5_D10,129667,86,0.660
BL_W130_T1.5_D10,130206,84,0.580
BL_W130_T1.5_D10,130794,82,0.500
BL_W130_T1.5_D10,131333,81,0.420
BL_W130_T1.5_D10,131823,79,0.340
BL_W130_T1.5_D10,132362,78,0.260
BL_W130_T1.5_D10,122847,110,0.126
BL_W130_T1.5_D10,132901,76,0.126
BL_W130_T1.5_D10,133440,74,0.050
BL_W130_T1.5_D10,123397,108,0.010
BL_W130_T1.5_D15,124947,102,1.200
BL_W130_T1.5_D15,125497,101,1.200
BL_W130_T1.5_D15,125992,99,1.200
BL_W130_T1.5_D15,126482,97,1.140
BL_W130_T1.5_D15,127021,95,1.060
BL_W130_T1.5_D15,127560,93,0.980
BL_W130_T1.5_D15,128050,92,0.900
BL_W130_T1.5_D15,128589,90,0.820
BL_W130_T1.5_D15,129128,88,0.740
BL_W130_T1.5_D15,129667,86,0.660
BL_W130_T1.5_D15,130206,84,0.580
BL_W130_T1.5_D15,130794,82,0.500
BL_W130_T1.5_D15,131333,81,0.420
BL_W130_T1.5_D15,131823,79,0.340
BL_W130_T1.5_D15,132362,78,0.260
BL_W130_T1.5_D15,122897,110,0.126
BL_W130_T1.5_D15,132901,76,0.126
BL_W130_T1.5_D15,133440,74,0.050
BL_W130_T1.5_D15,123397,108,0.010
BL_W130_T1.5_D20,125992,99,1.200
BL_W130_T1.5_D20,126482,97,1.140
BL_W130_T1.5_D20,127021,95,1.060
BL_W130_T1.5_D20,127560,93,0.980
BL_W130_T1.5_D20,128050,92,0.900
BL_W130_T1.5_D20,128589,90,0.820
BL_W130_T1.5_D20,129128,88,0.740
BL_W130_T1.5_D20,129667,86,0.660
BL_W130_T1.5_D20,130206,84,0.580
BL_W130_T1.5_D20,130794,82,0.500
BL_W130_T1.5_D20,131333,81,0.420
BL_W130_T1.5_D20,131823,79,0.340
BL_W130_T1.5_D20,132362,78,0.260
BL_W130_T1.5_D20,132901,76,0.126
BL_W130_T1.5_D20,133440,74,0.050
BL_W130_T1.5_D20,124997,102,0.010
BL_W130_T1.5_D25,126482,97,1.140
BL_W130_T1.5_D25,127021,95,1.060
BL_W130_T1.5_D25,127560,93,0.980
BL_W130_T1.5_D25,128050,92,0.900
BL_W130_T1.5_D25,128589,90,0.820
BL_W130_T1.5_D25,129128,88,0.740
BL_W130_T1.5_D25,129667,86,0.660
BL_W130_T1.5_D25,130206,84,0.580
BL_W130_T1.5_D25,130794,82,0.500
BL_W130_T1.5_D25,131333,81,0.420
BL_W130_T1.5_D25,131823,79,0.340
BL_W130_T1.5_D25,132362,78,0.260
BL_W130_T1.5_D25,132901,76,0.126
BL_W130_T1.5_D25,133440,74,0.050
BL_W130_T1.5_D25,124997,102,0.010
BL_W130_T1.5_D30,126531,97,1.140
BL_W130_T1.5_D30,127021,95,1.060
BL_W130_T1.5_D30,127560,93,0.980
BL_W130_T1.5_D30,128050,92,0.900
BL_W130_T1.5_D30,128589,90,0.820
BL_W130_T1.5_D30,129128,88,0.740
BL_W130_T1.5_D30,129667,86,0.660
BL_W130_T1.5_D30,130206,84,0.580
BL_W130_T1.5_D30,130745,82,0.500
BL_W130_T1.5_D30,131284,81,0.420
BL_W130_T1.5_D30,131823,79,0.340
BL_W130_T1.5_D30,132362,78,0.260
BL_W130_T1.5_D30,132901,76,0.126
BL_W130_T1.5_D30,133440,74,0.050
BL_W130_T1.7_D2,124947,102,1.200
BL_W130_T1.7_D2,125497,101,1.200
BL_W130_T1.7_D2,125992,99,1.200
BL_W130_T1.7_D2,126482,97,1.140
BL_W130_T1.7_D2,127021,95,1.060
BL_W130_T1.7_D2,127560,93,0.980
BL_W130_T1.7_D2,128050,92,0.900
BL_W130_T1.7_D2,128589,90,0.820
BL_W130_T1.7_D2,129128,88,0.740
BL_W130_T1.7_D2,129667,86,0.660
BL_W130_T1.7_D2,130206,84,0.580
BL_W130_T1.7_D2,130794,82,0.500
BL_W130_T1.7_D2,121497,117,0.420
BL_W130_T1.7_D2,131333,81,0.420
BL_W130_T1.7_D2,121847,114,0.340
BL_W130_T1.7_D2,131823,79,0.340
BL_W130_T1.7_D2,122297,112,0.260
BL_W130_T1.7_D2,132362,78,0.260
BL_W130_T1.7_D2,122797,110,0.126
BL_W130_T1.7_D2,132901,76,0.126
BL_W130_T1.7_D4,124947,102,1.200
BL_W130_T1.7_D4,125497,101,1.200
BL_W130_T1.7_D4,125992,99,1.200
BL_W130_T1.7_D4,126482,97,1.140
BL_W130_T1.7_D4,127021,95,1.060
BL_W130_T1.7_D4,127560,93,0.980
BL_W130_T1.7_D4,128050,92,0.900
BL_W130_T1.7_D4,128589,90,0.820
BL_W130_T1.7_D4,129128,88,0.740
BL_W130_T1.7_D4,129667,86,0.660
BL_W130_T1.7_D4,130206,84,0.580
BL_W130_T1.7_D4,130794,82,0.500
BL_W130_T1.7_D4,131333,81,0.420
BL_W130_T1.7_D4,131823,79,0.340
BL_W130_T1.7_D4,122347,112,0.260
BL_W130_T1.7_D4,132362,78,0.260
BL_W130_T1.7_D4,122797,110,0.126
BL_W130_T1.7_D4,132901,76,0.126
BL_W130_T1.7_D4,133440,74,0.050
BL_W130_T1.7_D4,123347,108,0.010
BL_W130_T1.7_D6,124947,102,1.200
BL_W130_T1.7_D6,125497,101,1.200
BL_W130_T1.7_D6,125992,99,1.200
BL_W130_T1.7_D6,126482,97,1.140
BL_W130_T1.7_D6,127021,95,1.060
BL_W130_T1.7_D6,127560,93,0.980
BL_W130_T1.7_D6,128050,92,0.900
BL_W130_T1.7_D6,128589,90,0.820
BL_W130_T1.7_D6,129128,88,0.740
BL_W130_T1.7_D6,129667,86,0.660
BL_W130_T1.7_D6,130206,84,0.580
BL_W130_T1.7_D6,130794,82,0.500
BL_W130_T1.7_D6,131333,81,0.420
BL_W130_T1.7_D6,131823,79,0.340
BL_W130_T1.7_D6,132362,78,0.260
BL_W130_T1.7_D6,122797,110,0.126
BL_W130_T1.7_D6,132901,76,0.126
BL_W130_T1.7_D6,133440,74,0.050
BL_W130_T1.7_D6,123347,108,0.010
BL_W130_T1.7_D8,124497,103,1.200
BL_W130_T1.7_D8,124947,102,1.200
BL_W130_T1.7_D8,125497,101,1.200
BL_W130_T1.7_D8,125992,99,1.200
BL_W130_T1.7_D8,126482,97,1.140
BL_W130_T1.7_D8,127021,95,1.060
BL_W130_T1.7_D8,127560,93,0.980
BL_W130_T1.7_D8,128050,92,0.900
BL_W130_T1.7_D8,128589,90,0.820
BL_W130_T1.7_D8,129128,88,0.740
BL_W130_T1.7_D8,129667,86,0.660
BL_W130_T1.7_D8,130206,84,0.580
BL_W130_T1.7_D8,130794,82,0.500
BL_W130_T1.7_D8,131333,81,0.420
BL_W130_T1.7_D8,131823,79,0.340
BL_W130_T1.7_D8,132362,78,0.260
BL_W130_T1.7_D8,122847,110,0.126
BL_W130_T1.7_D8,132901,76,0.126
BL_W130_T1.7_D8,133440,74,0.050
BL_W130_T1.7_D8,123397,108,0.010
BL_W130_T1.7_D10,124497,103,1.200
BL_W130_T1.7_D10,124947,102,1.200
BL_W130_T1.7_D10,125497,101,1.200
BL_W130_T1.7_D10,125943,99,1.200
BL_W130_T1.7_D10,126482,97,1.140
BL_W130_T1.7_D10,127021,95,1.060
BL_W130_T1.7_D10,127560,93,0.980
BL_W130_T1.7_D10,128050,92,0.900
BL_W130_T1.7_D10,128589,90,0.820
BL_W130_T1.7_D10,129128,88,0.740
BL_W130_T1.7_D10,129667,86,0.660
BL_W130_T1.7_D10,130206,84,0.580
BL_W130_T1.7_D10,130794,82,0.500
BL_W130_T1.7_D10,131333,81,0.420
BL_W130_T1.7_D10,131823,79,0.340
BL_W130_T1.7_D10,132362,78,0.260
BL_W130_T1.7_D10,122847,110,0.126
BL_W130_T1.7_D10,132901,76,0.126
BL_W130_T1.7_D10,133440,74,0.050
BL_W130_T1.7_D10,123397,108,0.010
BL_W130_T1.7_D15,124947,102,1.200
BL_W130_T1.7_D15,125497,101,1.200
BL_W130_T1.7_D15,125992,99,1.200
BL_W130_T1.7_D15,126482,97,1.140
BL_W130_T1.7_D15,127021,95,1.060
BL_W130_T1.7_D15,127560,93,0.980
BL_W130_T1.7_D15,128050,92,0.900
BL_W130_T1.7_D15,128589,90,0.820
BL_W130_T1.7_D15,129128,88,0.740
BL_W130_T1.7_D15,129667,86,0.660
BL_W130_T1.7_D15,130206,84,0.580
BL_W130_T1.7_D15,130794,82,0.500
BL_W130_T1.7_D15,131333,81,0.420
BL_W130_T1.7_D15,131823,79,0.340
BL_W130_T1.7_D15,132362,78,0.260
BL_W130_T1.7_D15,122897,110,0.126
BL_W130_T1.7_D15,132901,76,0.126
BL_W130_T1.7_D15,133440,74,0.050
BL_W130_T1.7_D15,123397,108,0.010
BL_W130_T1.7_D20,125992,99,1.200
BL_W130_T1.7_D20,126482,97,1.140
BL_W130_T1.7_D20,127021,95,1.060
BL_W130_T1.7_D20,127560,93,0.980
BL_W130_T1.7_D20,128050,92,0.900
BL_W130_T1.7_D20,128589,90,0.820
BL_W130_T1.7_D20,129128,88,0.740
BL_W130_T1.7_D20,129667,86,0.660
BL_W130_T1.7_D20,130206,84,0.580
BL_W130_T1.7_D20,130794,82,0.500
BL_W130_T1.7_D20,131333,81,0.420
BL_W130_T1.7_D20,131823,79,0.340
BL_W130_T1.7_D20,132362,78,0.260
BL_W130_T1.7_D20,132901,76,0.126
BL_W130_T1.7_D20,133440,74,0.050
BL_W130_T1.7_D20,124997,102,0.010
BL_W130_T1.7_D25,126482,97,1.140
BL_W130_T1.7_D25,127021,95,1.060
BL_W130_T1.7_D25,127560,93,0.980
BL_W130_T1.7_D25,128050,92,0.900
BL_W130_T1.7_D25,128589,90,0.820
BL_W130_T1.7_D25,129128,88,0.740
BL_W130_T1.7_D25,129667,86,0.660
BL_W130_T1.7_D25,130206,84,0.580
BL_W130_T1.7_D25,130794,82,0.500
BL_W130_T1.7_D25,131333,81,0.420
BL_W130_T1.7_D25,131823,79,0.340
BL_W130_T1.7_D25,132362,78,0.260
BL_W130_T1.7_D25,132901,76,0.126
BL_W130_T1.7_D25,133440,74,0.050
BL_W130_T1.7_D25,124997,102,0.010
BL_W130_T1.7_D30,126531,97,1.140
BL_W130_T1.7_D30,127021,95,1.060
BL_W130_T1.7_D30,127560,93,0.980
BL_W130_T1.7_D30,128050,92,0.900
BL_W130_T1.7_D30,128589,90,0.820
BL_W130_T1.7_D30,129128,88,0.740
BL_W130_T1.7_D30,129667,86,0.660
BL_W130_T1.7_D30,130206,84,0.580
BL_W130_T1.7_D30,130745,82,0.500
BL_W130_T1.7_D30,131284,81,0.420
BL_W130_T1.7_D30,131823,79,0.340
BL_W130_T1.7_D30,132362,78,0.260
BL_W130_T1.7_D30,132901,76,0.126
BL_W130_T1.7_D30,133440,74,0.050
BL_W130_T2.0_D2,125992,99,0.740
BL_W130_T2.0_D2,126482,97,0.660
BL_W130_T2.0_D2,127021,95,0.580
BL_W130_T2.0_D2,127609,93,0.500
BL_W130_T2.0_D2,121497,117,0.420
BL_W130_T2.0_D2,128099,92,0.420
BL_W130_T2.0_D2,121847,114,0.340
BL_W130_T2.0_D2,128638,90,0.340
BL_W130_T2.0_D2,122297,112,0.260
BL_W130_T2.0_D2,129128,88,0.260
BL_W130_T2.0_D2,122797,110,0.126
BL_W130_T2.0_D2,129667,86,0.126
BL_W130_T2.0_D2,132901,76,0.050
BL_W130_T2.0_D2,123347,108,0.010
BL_W130_T2.0_D2,124947,102,0.010
BL_W130_T2.0_D2,130206,84,0.010
BL_W130_T2.0_D2,131872,79,0.010
BL_W130_T2.0_D4,125992,99,0.740
BL_W130_T2.0_D4,126482,97,0.660
BL_W130_T2.0_D4,127021,95,0.580
BL_W130_T2.0_D4,127609,93,0.500
BL_W130_T2.0_D4,128099,92,0.420
BL_W130_T2.0_D4,128638,90,0.340
BL_W130_T2.0_D4,122347,112,0.260
BL_W130_T2.0_D4,129128,88,0.260
BL_W130_T2.0_D4,122797,110,0.126
BL_W130_T2.0_D4,129667,86,0.126
BL_W130_T2.0_D4,132901,76,0.050
BL_W130_T2.0_D4,123347,108,0.010
BL_W130_T2.0_D4,124947,102,0.010
BL_W130_T2.0_D4,130206,84,0.010
BL_W130_T2.0_D4,131872,79,0.010
BL_W130_T2.0_D6,125992,99,0.740
BL_W130_T2.0_D6,126482,97,0.660
BL_W130_T2.0_D6,127021,95,0.580
BL_W130_T2.0_D6,127609,93,0.500
BL_W130_T2.0_D6,128099,92,0.420
BL_W130_T2.0_D6,128638,90,0.340
BL_W130_T2.0_D6,129128,88,0.260
BL_W130_T2.0_D6,122797,110,0.126
BL_W130_T2.0_D6,129667,86,0.126
BL_W130_T2.0_D6,132901,76,0.050
BL_W130_T2.0_D6,123347,108,0.010
BL_W130_T2.0_D6,124947,102,0.010
BL_W130_T2.0_D6,130206,84,0.010
BL_W130_T2.0_D6,131872,79,0.010
BL_W130_T2.0_D8,125992,99,0.740
BL_W130_T2.0_D8,126482,97,0.660
BL_W130_T2.0_D8,127021,95,0.580
BL_W130_T2.0_D8,127609,93,0.500
BL_W130_T2.0_D8,128099,92,0.420
BL_W130_T2.0_D8,128638,90,0.340
BL_W130_T2.0_D8,129128,88,0.260
BL_W130_T2.0_D8,122847,110,0.126
BL_W130_T2.0_D8,124497,103,0.126
BL_W130_T2.0_D8,129667,86,0.126
BL_W130_T2.0_D8,132901,76,0.050
BL_W130_T2.0_D8,123397,108,0.010
BL_W130_T2.0_D8,124947,102,0.010
BL_W130_T2.0_D8,130206,84,0.010
BL_W130_T2.0_D8,131872,79,0.010
BL_W130_T2.0_D10,124497,103,0.980
BL_W130_T2.0_D10,124947,102,0.900
BL_W130_T2.0_D10,125497,101,0.820
BL_W130_T2.0_D10,125943,99,0.740
BL_W130_T2.0_D10,126482,97,0.660
BL_W130_T2.0_D10,127021,95,0.580
BL_W130_T2.0_D10,127609,93,0.500
BL_W130_T2.0_D10,128099,92,0.420
BL_W130_T2.0_D10,128638,90,0.340
BL_W130_T2.0_D10,129128,88,0.260
BL_W130_T2.0_D10,122847,110,0.126
BL_W130_T2.0_D10,129667,86,0.126
BL_W130_T2.0_D10,132901,76,0.050
BL_W130_T2.0_D10,123397,108,0.010
BL_W130_T2.0_D10,130206,84,0.010
BL_W130_T2.0_D10,131872,79,0.010
BL_W130_T2.0_D15,124947,102,0.900
BL_W130_T2.0_D15,125497,101,0.820
BL_W130_T2.0_D15,125992,99,0.740
BL_W130_T2.0_D15,126482,97,0.660
BL_W130_T2.0_D15,127021,95,0.580
BL_W130_T2.0_D15,127609,93,0.500
BL_W130_T2.0_D15,128099,92,0.420
BL_W130_T2.0_D15,128638,90,0.340
BL_W130_T2.0_D15,129128,88,0.260
BL_W130_T2.0_D15,122897,110,0.126
BL_W130_T2.0_D15,129667,86,0.126
BL_W130_T2.0_D15,132901,76,0.050
BL_W130_T2.0_D15,123397,108,0.010
BL_W130_T2.0_D15,130206,84,0.010
BL_W130_T2.0_D15,131872,79,0.010
BL_W130_T2.0_D20,125992,99,0.740
BL_W130_T2.0_D20,126482,97,0.660
BL_W130_T2.0_D20,127021,95,0.580
BL_W130_T2.0_D20,127560,93,0.500
BL_W130_T2.0_D20,128050,92,0.420
BL_W130_T2.0_D20,128589,90,0.340
BL_W130_T2.0_D20,129128,88,0.260
BL_W130_T2.0_D20,129667,86,0.126
BL_W130_T2.0_D20,132901,76,0.050
BL_W130_T2.0_D20,124997,102,0.010
BL_W130_T2.0_D20,130206,84,0.010
BL_W130_T2.0_D20,131872,79,0.010
BL_W130_T2.0_D25,126482,97,0.660
BL_W130_T2.0_D25,127021,95,0.580
BL_W130_T2.0_D25,127560,93,0.500
BL_W130_T2.0_D25,128050,92,0.420
BL_W130_T2.0_D25,128589,90,0.340
BL_W130_T2.0_D25,129128,88,0.260
BL_W130_T2.0_D25,129667,86,0.126
BL_W130_T2.0_D25,132901,76,0.050
BL_W130_T2.0_D25,124997,102,0.010
BL_W130_T2.0_D25,130206,84,0.010
BL_W130_T2.0_D25,131872,79,0.010
BL_W130_T2.0_D30,126531,97,0.900
BL_W130_T2.0_D30,127021,95,0.820
BL_W130_T2.0_D30,127560,93,0.740
BL_W130_T2.0_D30,128050,92,0.660
BL_W130_T2.0_D30,128589,90,0.580
BL_W130_T2.0_D30,129128,88,0.500
BL_W130_T2.0_D30,129667,86,0.420
BL_W130_T2.0_D30,130206,84,0.340
BL_W130_T2.0_D30,130745,82,0.260
BL_W130_T2.0_D30,131284,81,0.126
BL_W130_T2.0_D30,132901,76,0.050
BL_W130_T2.0_D30,131823,79,0.010
BL_W130_T2.2_D2,121497,117,0.420
BL_W130_T2.2_D2,121847,114,0.340
BL_W130_T2.2_D2,122297,112,0.260
BL_W130_T2.2_D2,125992,99,0.260
BL_W130_T2.2_D2,122797,110,0.126
BL_W130_T2.2_D2,126531,97,0.126
BL_W130_T2.2_D2,129716,86,0.126
BL_W130_T2.2_D2,130255,84,0.050
BL_W130_T2.2_D2,123397,108,0.010
BL_W130_T2.2_D2,124947,102,0.010
BL_W130_T2.2_D2,127021,95,0.010
BL_W130_T2.2_D2,128099,92,0.010
BL_W130_T2.2_D4,122347,112,0.260
BL_W130_T2.2_D4,125992,99,0.260
BL_W130_T2.2_D4,122797,110,0.126
BL_W130_T2.2_D4,126531,97,0.126
BL_W130_T2.2_D4,129716,86,0.126
BL_W130_T2.2_D4,130255,84,0.050
BL_W130_T2.2_D4,123347,108,0.010
BL_W130_T2.2_D4,124947,102,0.010
BL_W130_T2.2_D4,127021,95,0.010
BL_W130_T2.2_D4,128099,92,0.010
BL_W130_T2.2_D6,125992,99,0.260
BL_W130_T2.2_D6,122797,110,0.126
BL_W130_T2.2_D6,126531,97,0.126
BL_W130_T2.2_D6,129716,86,0.126
BL_W130_T2.2_D6,130255,84,0.050
BL_W130_T2.2_D6,123347,108,0.010
BL_W130_T2.2_D6,124947,102,0.010
BL_W130_T2.2_D6,127021,95,0.010
BL_W130_T2.2_D6,128099,92,0.010
BL_W130_T2.2_D8,125992,99,0.260
BL_W130_T2.2_D8,122847,110,0.126
BL_W130_T2.2_D8,124497,103,0.126
BL_W130_T2.2_D8,126531,97,0.126
BL_W130_T2.2_D8,129716,86,0.126
BL_W130_T2.2_D8,130255,84,0.050
BL_W130_T2.2_D8,123397,108,0.010
BL_W130_T2.2_D8,124947,102,0.010
BL_W130_T2.2_D8,127021,95,0.010
BL_W130_T2.2_D8,128099,92,0.010
BL_W130_T2.2_D10,124497,103,0.500
BL_W130_T2.2_D10,124947,102,0.420
BL_W130_T2.2_D10,125497,101,0.340
BL_W130_T2.2_D10,125943,99,0.260
BL_W130_T2.2_D10,122847,110,0.126
BL_W130_T2.2_D10,126531,97,0.126
BL_W130_T2.2_D10,129716,86,0.126
BL_W130_T2.2_D10,130255,84,0.050
BL_W130_T2.2_D10,123397,108,0.010
BL_W130_T2.2_D10,127021,95,0.010
BL_W130_T2.2_D10,128099,92,0.010
BL_W130_T2.2_D15,124947,102,0.420
BL_W130_T2.2_D15,125497,101,0.340
BL_W130_T2.2_D15,125992,99,0.260
BL_W130_T2.2_D15,122897,110,0.126
BL_W130_T2.2_D15,126482,97,0.126
BL_W130_T2.2_D15,129716,86,0.126
BL_W130_T2.2_D15,130255,84,0.050
BL_W130_T2.2_D15,123397,108,0.010
BL_W130_T2.2_D15,127021,95,0.010
BL_W130_T2.2_D15,128099,92,0.010
BL_W130_T2.2_D20,125992,99,0.500
BL_W130_T2.2_D20,126482,97,0.420
BL_W130_T2.2_D20,127021,95,0.340
BL_W130_T2.2_D20,127560,93,0.260
BL_W130_T2.2_D20,128050,92,0.126
BL_W130_T2.2_D20,129716,86,0.126
BL_W130_T2.2_D20,130255,84,0.050
BL_W130_T2.2_D20,124997,102,0.010
BL_W130_T2.2_D20,128589,90,0.010
BL_W130_T2.2_D25,126482,97,0.660
BL_W130_T2.2_D25,127021,95,0.580
BL_W130_T2.2_D25,127560,93,0.500
BL_W130_T2.2_D25,128050,92,0.420
BL_W130_T2.2_D25,128589,90,0.340
BL_W130_T2.2_D25,129128,88,0.260
BL_W130_T2.2_D25,129667,86,0.126
BL_W130_T2.2_D25,130206,84,0.050
BL_W130_T2.2_D25,124997,102,0.010
BL_W130_T2.2_D30,126531,97,0.900
BL_W130_T2.2_D30,127021,95,0.820
BL_W130_T2.2_D30,127560,93,0.740
BL_W130_T2.2_D30,128050,92,0.660
BL_W130_T2.2_D30,128589,90,0.580
BL_W130_T2.2_D30,129128,88,0.500
BL_W130_T2.2_D30,129667,86,0.420
BL_W130_T2.2_D30,130206,84,0.340
BL_W130_T2.2_D30,130745,82,0.260
BL_W130_T2.2_D30,131284,81,0.126
BL_W130_T2.2_D30,131823,79,0.050
BL_W130_T2.4_D2,121497,117,0.420
BL_W130_T2.4_D2,121847,114,0.340
BL_W130_T2.4_D2,122297,112,0.260
BL_W130_T2.4_D2,122797,110,0.126
BL_W130_T2.4_D2,126531,97,0.126
BL_W130_T2.4_D2,130255,84,0.050
BL_W130_T2.4_D2,123397,108,0.010
BL_W130_T2.4_D2,124997,102,0.010
BL_W130_T2.4_D2,127021,95,0.010
BL_W130_T2.4_D2,128099,92,0.010
BL_W130_T2.4_D4,122347,112,0.260
BL_W130_T2.4_D4,122797,110,0.126
BL_W130_T2.4_D4,126531,97,0.126
BL_W130_T2.4_D4,130255,84,0.050
BL_W130_T2.4_D4,123347,108,0.010
BL_W130_T2.4_D4,124997,102,0.010
BL_W130_T2.4_D4,127021,95,0.010
BL_W130_T2.4_D4,128099,92,0.010
BL_W130_T2.4_D6,122797,110,0.126
BL_W130_T2.4_D6,126531,97,0.126
BL_W130_T2.4_D6,130255,84,0.050
BL_W130_T2.4_D6,123347,108,0.010
BL_W130_T2.4_D6,124997,102,0.010
BL_W130_T2.4_D6,127021,95,0.010
BL_W130_T2.4_D6,128099,92,0.010
BL_W130_T2.4_D8,122847,110,0.126
BL_W130_T2.4_D8,124497,103,0.126
BL_W130_T2.4_D8,126531,97,0.126
BL_W130_T2.4_D8,130255,84,0.050
BL_W130_T2.4_D8,123397,108,0.010
BL_W130_T2.4_D8,124997,102,0.010
BL_W130_T2.4_D8,127021,95,0.010
BL_W130_T2.4_D8,128099,92,0.010
BL_W130_T2.4_D10,124497,103,0.500
BL_W130_T2.4_D10,124947,102,0.420
BL_W130_T2.4_D10,125497,101,0.340
BL_W130_T2.4_D10,125943,99,0.260
BL_W130_T2.4_D10,122847,110,0.126
BL_W130_T2.4_D10,126531,97,0.126
BL_W130_T2.4_D10,130255,84,0.050
BL_W130_T2.4_D10,123397,108,0.010
BL_W130_T2.4_D10,127021,95,0.010
BL_W130_T2.4_D10,128099,92,0.010
BL_W130_T2.4_D15,124947,102,0.420
BL_W130_T2.4_D15,125497,101,0.340
BL_W130_T2.4_D15,125992,99,0.260
BL_W130_T2.4_D15,122897,110,0.126
BL_W130_T2.4_D15,126482,97,0.126
BL_W130_T2.4_D15,130255,84,0.050
BL_W130_T2.4_D15,123397,108,0.010
BL_W130_T2.4_D15,127021,95,0.010
BL_W130_T2.4_D15,128099,92,0.010
BL_W130_T2.4_D20,125992,99,0.500
BL_W130_T2.4_D20,126482,97,0.420
BL_W130_T2.4_D20,127021,95,0.340
BL_W130_T2.4_D20,127560,93,0.260
BL_W130_T2.4_D20,128050,92,0.126
BL_W130_T2.4_D20,130255,84,0.050
BL_W130_T2.4_D20,124997,102,0.010
BL_W130_T2.4_D20,128589,90,0.010
BL_W130_T2.4_D25,126482,97,0.660
BL_W130_T2.4_D25,127021,95,0.580
BL_W130_T2.4_D25,127560,93,0.500
BL_W130_T2.4_D25,128050,92,0.420
BL_W130_T2.4_D25,128589,90,0.340
BL_W130_T2.4_D25,129128,88,0.260
BL_W130_T2.4_D25,129667,86,0.126
BL_W130_T2.4_D25,130206,84,0.050
BL_W130_T2.4_D25,124997,102,0.010
BL_W130_T2.4_D30,126531,97,0.900
BL_W130_T2.4_D30,127021,95,0.820
BL_W130_T2.4_D30,127560,93,0.740
BL_W130_T2.4_D30,128050,92,0.660
BL_W130_T2.4_D30,128589,90,0.580
BL_W130_T2.4_D30,129128,88,0.500
BL_W130_T2.4_D30,129667,86,0.420
BL_W130_T2.4_D30,130206,84,0.340
BL_W130_T2.4_D30,130745,82,0.260
BL_W130_T2.4_D30,131284,81,0.126
BL_W130_T2.4_D30,131823,79,0.050
BL_W130_T2.7_D2,121497,117,0.420
BL_W130_T2.7_D2,121847,114,0.340
BL_W130_T2.7_D2,122297,112,0.260
BL_W130_T2.7_D2,122797,110,0.126
BL_W130_T2.7_D2,126531,97,0.126
BL_W130_T2.7_D2,128099,92,0.050
BL_W130_T2.7_D2,123397,108,0.010
BL_W130_T2.7_D2,124997,102,0.010
BL_W130_T2.7_D2,127070,95,0.010
BL_W130_T2.7_D4,122347,112,0.260
BL_W130_T2.7_D4,122797,110,0.126
BL_W130_T2.7_D4,126531,97,0.126
BL_W130_T2.7_D4,128099,92,0.050
BL_W130_T2.7_D4,123347,108,0.010
BL_W130_T2.7_D4,124997,102,0.010
BL_W130_T2.7_D4,127070,95,0.010
BL_W130_T2.7_D6,122797,110,0.126
BL_W130_T2.7_D6,126531,97,0.126
BL_W130_T2.7_D6,128099,92,0.050
BL_W130_T2.7_D6,123347,108,0.010
BL_W130_T2.7_D6,124997,102,0.010
BL_W130_T2.7_D6,127070,95,0.010
BL_W130_T2.7_D8,122847,110,0.126
BL_W130_T2.7_D8,124497,103,0.126
BL_W130_T2.7_D8,126531,97,0.126
BL_W130_T2.7_D8,128099,92,0.050
BL_W130_T2.7_D8,123397,108,0.010
BL_W130_T2.7_D8,124997,102,0.010
BL_W130_T2.7_D8,127070,95,0.010
BL_W130_T2.7_D10,124497,103,0.500
BL_W130_T2.7_D10,124947,102,0.420
BL_W130_T2.7_D10,125497,101,0.340
BL_W130_T2.7_D10,125943,99,0.260
BL_W130_T2.7_D10,122847,110,0.126
BL_W130_T2.7_D10,126531,97,0.126
BL_W130_T2.7_D10,128099,92,0.050
BL_W130_T2.7_D10,123397,108,0.010
BL_W130_T2.7_D10,127070,95,0.010
BL_W130_T2.7_D15,124947,102,0.420
BL_W130_T2.7_D15,125497,101,0.340
BL_W130_T2.7_D15,125992,99,0.260
BL_W130_T2.7_D15,122897,110,0.126
BL_W130_T2.7_D15,126482,97,0.126
BL_W130_T2.7_D15,128099,92,0.050
BL_W130_T2.7_D15,123397,108,0.010
BL_W130_T2.7_D15,127021,95,0.010
BL_W130_T2.7_D20,125992,99,0.500
BL_W130_T2.7_D20,126482,97,0.420
BL_W130_T2.7_D20,127021,95,0.340
BL_W130_T2.7_D20,127560,93,0.260
BL_W130_T2.7_D20,128050,92,0.126
BL_W130_T2.7_D20,128589,90,0.050
BL_W130_T2.7_D20,124997,102,0.010
BL_W130_T2.7_D25,126482,97,0.660
BL_W130_T2.7_D25,127021,95,0.580
BL_W130_T2.7_D25,127560,93,0.500
BL_W130_T2.7_D25,128050,92,0.420
BL_W130_T2.7_D25,128589,90,0.340
BL_W130_T2.7_D25,129128,88,0.260
BL_W130_T2.7_D25,129667,86,0.126
BL_W130_T2.7_D25,130206,84,0.050
BL_W130_T2.7_D25,124997,102,0.010
BL_W130_T2.7_D30,126531,97,0.900
BL_W130_T2.7_D30,127021,95,0.820
BL_W130_T2.7_D30,127560,93,0.740
BL_W130_T2.7_D30,128050,92,0.660
BL_W130_T2.7_D30,128589,90,0.580
BL_W130_T2.7_D30,129128,88,0.500
BL_W130_T2.7_D30,129667,86,0.420
BL_W130_T2.7_D30,130206,84,0.340
BL_W130_T2.7_D30,130745,82,0.260
BL_W130_T2.7_D30,131284,81,0.126
BL_W130_T2.7_D30,131823,79,0.050
BL_W130_T3.0_D2,121497,117,0.420
BL_W130_T3.0_D2,121847,114,0.340
BL_W130_T3.0_D2,122297,112,0.260
BL_W130_T3.0_D2,122797,110,0.126
BL_W130_T3.0_D2,123397,108,0.050
BL_W130_T3.0_D4,122347,112,0.260
BL_W130_T3.0_D4,122797,110,0.126
BL_W130_T3.0_D4,123347,108,0.050
BL_W130_T3.0_D6,122797,110,0.126
BL_W130_T3.0_D6,123347,108,0.050
BL_W130_T3.0_D8,122847,110,0.126
BL_W130_T3.0_D8,124497,103,0.050
BL_W130_T3.0_D8,123397,108,0.010
BL_W130_T3.0_D10,124497,103,0.340
BL_W130_T3.0_D10,124947,102,0.260
BL_W130_T3.0_D10,122847,110,0.126
BL_W130_T3.0_D10,125497,101,0.126
BL_W130_T3.0_D10,125943,99,0.050
BL_W130_T3.0_D10,123397,108,0.010
BL_W130_T3.0_D15,124947,102,0.420
BL_W130_T3.0_D15,125497,101,0.340
BL_W130_T3.0_D15,125992,99,0.260
BL_W130_T3.0_D15,122897,110,0.126
BL_W130_T3.0_D15,126482,97,0.126
BL_W130_T3.0_D15,127021,95,0.050
BL_W130_T3.0_D15,123397,108,0.010
BL_W130_T3.0_D20,125992,99,0.500
BL_W130_T3.0_D20,126482,97,0.420
BL_W130_T3.0_D20,127021,95,0.340
BL_W130_T3.0_D20,127560,93,0.260
BL_W130_T3.0_D20,128050,92,0.126
BL_W130_T3.0_D20,128589,90,0.050
BL_W130_T3.0_D20,124997,102,0.010
BL_W130_T3.0_D25,126482,97,0.660
BL_W130_T3.0_D25,127021,95,0.580
BL_W130_T3.0_D25,127560,93,0.500
BL_W130_T3.0_D25,128050,92,0.420
BL_W130_T3.0_D25,128589,90,0.340
BL_W130_T3.0_D25,129128,88,0.260
BL_W130_T3.0_D25,129667,86,0.126
BL_W130_T3.0_D25,130206,84,0.050
BL_W130_T3.0_D25,124997,102,0.010
BL_W130_T3.0_D30,126531,97,0.900
BL_W130_T3.0_D30,127021,95,0.820
BL_W130_T3.0_D30,127560,93,0.740
BL_W130_T3.0_D30,128050,92,0.660
BL_W130_T3.0_D30,128589,90,0.580
BL_W130_T3.0_D30,129128,88,0.500
BL_W130_T3.0_D30,129667,86,0.420
BL_W130_T3.0_D30,130206,84,0.340
BL_W130_T3.0_D30,130745,82,0.260
BL_W130_T3.0_D30,131284,81,0.126
BL_W130_T3.0_D30,131823,79,0.050
BL_W140_T1.2_D2,124497,103,1.200
BL_W140_T1.2_D2,124947,102,1.200
BL_W140_T1.2_D2,125497,101,1.200
BL_W140_T1.2_D2,125992,99,1.200
BL_W140_T1.2_D2,126482,97,1.200
BL_W140_T1.2_D2,127021,95,1.140
BL_W140_T1.2_D2,127560,93,1.060
BL_W140_T1.2_D2,128050,92,0.980
BL_W140_T1.2_D2,128589,90,0.900
BL_W140_T1.2_D2,129128,88,0.820
BL_W140_T1.2_D2,129667,86,0.740
BL_W140_T1.2_D2,130206,84,0.660
BL_W140_T1.2_D2,130745,82,0.580
BL_W140_T1.2_D2,131284,81,0.500
BL_W140_T1.2_D2,131823,79,0.420
BL_W140_T1.2_D2,132362,78,0.340
BL_W140_T1.2_D2,122297,112,0.260
BL_W140_T1.2_D2,132852,76,0.260
BL_W140_T1.2_D2,122797,110,0.126
BL_W140_T1.2_D2,133440,74,0.126
BL_W140_T1.2_D4,124497,103,1.200
BL_W140_T1.2_D4,124947,102,1.200
BL_W140_T1.2_D4,125497,101,1.200
BL_W140_T1.2_D4,125992,99,1.200
BL_W140_T1.2_D4,126482,97,1.200
BL_W140_T1.2_D4,127021,95,1.140
BL_W140_T1.2_D4,127560,93,1.060
BL_W140_T1.2_D4,128050,92,0.980
BL_W140_T1.2_D4,128589,90,0.900
BL_W140_T1.2_D4,129128,88,0.820
BL_W140_T1.2_D4,129667,86,0.740
BL_W140_T1.2_D4,130206,84,0.660
BL_W140_T1.2_D4,130745,82,0.580
BL_W140_T1.2_D4,131284,81,0.500
BL_W140_T1.2_D4,131823,79,0.420
BL_W140_T1.2_D4,132362,78,0.340
BL_W140_T1.2_D4,122347,112,0.260
BL_W140_T1.2_D4,132852,76,0.260
BL_W140_T1.2_D4,122797,110,0.126
BL_W140_T1.2_D4,133440,74,0.126
BL_W140_T1.2_D6,124497,103,1.200
BL_W140_T1.2_D6,124947,102,1.200
BL_W140_T1.2_D6,125497,101,1.200
BL_W140_T1.2_D6,125992,99,1.200
BL_W140_T1.2_D6,126482,97,1.200
BL_W140_T1.2_D6,127021,95,1.140
BL_W140_T1.2_D6,127560,93,1.060
BL_W140_T1.2_D6,128050,92,0.980
BL_W140_T1.2_D6,128589,90,0.900
BL_W140_T1.2_D6,129128,88,0.820
BL_W140_T1.2_D6,129667,86,0.740
BL_W140_T1.2_D6,130206,84,0.660
BL_W140_T1.2_D6,130745,82,0.580
BL_W140_T1.2_D6,131284,81,0.500
BL_W140_T1.2_D6,131823,79,0.420
BL_W140_T1.2_D6,132362,78,0.340
BL_W140_T1.2_D6,132852,76,0.260
BL_W140_T1.2_D6,122797,110,0.126
BL_W140_T1.2_D6,133440,74,0.126
BL_W140_T1.2_D6,133979,73,0.050
BL_W140_T1.2_D8,124497,103,1.200
BL_W140_T1.2_D8,124947,102,1.200
BL_W140_T1.2_D8,125497,101,1.200
BL_W140_T1.2_D8,125992,99,1.200
BL_W140_T1.2_D8,126482,97,1.200
BL_W140_T1.2_D8,127021,95,1.140
BL_W140_T1.2_D8,127560,93,1.060
BL_W140_T1.2_D8,128050,92,0.980
BL_W140_T1.2_D8,128589,90,0.900
BL_W140_T1.2_D8,129128,88,0.820
BL_W140_T1.2_D8,129667,86,0.740
BL_W140_T1.2_D8,130206,84,0.660
BL_W140_T1.2_D8,130745,82,0.580
BL_W140_T1.2_D8,131284,81,0.500
BL_W140_T1.2_D8,131823,79,0.420
BL_W140_T1.2_D8,132362,78,0.340
BL_W140_T1.2_D8,132852,76,0.260
BL_W140_T1.2_D8,122847,110,0.126
BL_W140_T1.2_D8,133440,74,0.126
BL_W140_T1.2_D8,133979,73,0.050
BL_W140_T1.2_D10,124497,103,1.200
BL_W140_T1.2_D10,124947,102,1.200
BL_W140_T1.2_D10,125497,101,1.200
BL_W140_T1.2_D10,125943,99,1.200
BL_W140_T1.2_D10,126482,97,1.200
BL_W140_T1.2_D10,127021,95,1.140
BL_W140_T1.2_D10,127560,93,1.060
BL_W140_T1.2_D10,128050,92,0.980
BL_W140_T1.2_D10,128589,90,0.900
BL_W140_T1.2_D10,129128,88,0.820
BL_W140_T1.2_D10,129667,86,0.740
BL_W140_T1.2_D10,130206,84,0.660
BL_W140_T1.2_D10,130745,82,0.580
BL_W140_T1.2_D10,131284,81,0.500
BL_W140_T1.2_D10,131823,79,0.420
BL_W140_T1.2_D10,132362,78,0.340
BL_W140_T1.2_D10,132852,76,0.260
BL_W140_T1.2_D10,122847,110,0.126
BL_W140_T1.2_D10,133440,74,0.126
BL_W140_T1.2_D10,133979,73,0.050
BL_W140_T1.2_D15,124947,102,1.200
BL_W140_T1.2_D15,125497,101,1.200
BL_W140_T1.2_D15,125992,99,1.200
BL_W140_T1.2_D15,126482,97,1.200
BL_W140_T1.2_D15,127021,95,1.140
BL_W140_T1.2_D15,127560,93,1.060
BL_W140_T1.2_D15,128050,92,0.980
BL_W140_T1.2_D15,128589,90,0.900
BL_W140_T1.2_D15,129128,88,0.820
BL_W140_T1.2_D15,129667,86,0.740
BL_W140_T1.2_D15,130206,84,0.660
BL_W140_T1.2_D15,130745,82,0.580
BL_W140_T1.2_D15,131284,81,0.500
BL_W140_T1.2_D15,131823,79,0.420
BL_W140_T1.2_D15,132362,78,0.340
BL_W140_T1.2_D15,132852,76,0.260
BL_W140_T1.2_D15,122897,110,0.126
BL_W140_T1.2_D15,133440,74,0.126
BL_W140_T1.2_D15,133979,73,0.050
BL_W140_T1.2_D15,123397,108,0.010
BL_W140_T1.2_D20,125992,99,1.200
BL_W140_T1.2_D20,126482,97,1.200
BL_W140_T1.2_D20,127021,95,1.140
BL_W140_T1.2_D20,127560,93,1.060
BL_W140_T1.2_D20,128050,92,0.980
BL_W140_T1.2_D20,128589,90,0.900
BL_W140_T1.2_D20,129128,88,0.820
BL_W140_T1.2_D20,129667,86,0.740
BL_W140_T1.2_D20,130206,84,0.660
BL_W140_T1.2_D20,130745,82,0.580
BL_W140_T1.2_D20,131284,81,0.500
BL_W140_T1.2_D20,131823,79,0.420
BL_W140_T1.2_D20,132362,78,0.340
BL_W140_T1.2_D20,132852,76,0.260
BL_W140_T1.2_D20,133440,74,0.126
BL_W140_T1.2_D20,133979,73,0.050
BL_W140_T1.2_D20,124997,102,0.010
BL_W140_T1.2_D25,126482,97,1.200
BL_W140_T1.2_D25,127021,95,1.140
BL_W140_T1.2_D25,127560,93,1.060
BL_W140_T1.2_D25,128050,92,0.980
BL_W140_T1.2_D25,128589,90,0.900
BL_W140_T1.2_D25,129128,88,0.820
BL_W140_T1.2_D25,129667,86,0.740
BL_W140_T1.2_D25,130206,84,0.660
BL_W140_T1.2_D25,130745,82,0.580
BL_W140_T1.2_D25,131284,81,0.500
BL_W140_T1.2_D25,131823,79,0.420
BL_W140_T1.2_D25,132362,78,0.340
BL_W140_T1.2_D25,132852,76,0.260
BL_W140_T1.2_D25,133440,74,0.126
BL_W140_T1.2_D25,133979,73,0.050
BL_W140_T1.2_D25,124997,102,0.010
BL_W140_T1.2_D30,126531,97,1.200
BL_W140_T1.2_D30,127021,95,1.140
BL_W140_T1.2_D30,127560,93,1.060
BL_W140_T1.2_D30,128050,92,0.980
BL_W140_T1.2_D30,128589,90,0.900
BL_W140_T1.2_D30,129128,88,0.820
BL_W140_T1.2_D30,129667,86,0.740
BL_W140_T1.2_D30,130206,84,0.660
BL_W140_T1.2_D30,130745,82,0.580
BL_W140_T1.2_D30,131284,81,0.500
BL_W140_T1.2_D30,131823,79,0.420
BL_W140_T1.2_D30,132362,78,0.340
BL_W140_T1.2_D30,132852,76,0.260
BL_W140_T1.2_D30,133440,74,0.126
BL_W140_T1.2_D30,133979,73,0.050
BL_W140_T1.5_D2,124947,102,1.200
BL_W140_T1.5_D2,125497,101,1.200
BL_W140_T1.5_D2,125992,99,1.200
BL_W140_T1.5_D2,126482,97,1.140
BL_W140_T1.5_D2,127021,95,1.060
BL_W140_T1.5_D2,127560,93,0.980
BL_W140_T1.5_D2,128050,92,0.900
BL_W140_T1.5_D2,128589,90,0.820
BL_W140_T1.5_D2,129128,88,0.740
BL_W140_T1.5_D2,129667,86,0.660
BL_W140_T1.5_D2,130206,84,0.580
BL_W140_T1.5_D2,130794,82,0.500
BL_W140_T1.5_D2,131333,81,0.420
BL_W140_T1.5_D2,131823,79,0.340
BL_W140_T1.5_D2,122297,112,0.260
BL_W140_T1.5_D2,132362,78,0.260
BL_W140_T1.5_D2,122797,110,0.126
BL_W140_T1.5_D2,132901,76,0.126
BL_W140_T1.5_D2,133440,74,0.050
BL_W140_T1.5_D2,123347,108,0.010
BL_W140_T1.5_D4,124947,102,1.200
BL_W140_T1.5_D4,125497,101,1.200
BL_W140_T1.5_D4,125992,99,1.200
BL_W140_T1.5_D4,126482,97,1.140
BL_W140_T1.5_D4,127021,95,1.060
BL_W140_T1.5_D4,127560,93,0.980
BL_W140_T1.5_D4,128050,92,0.900
BL_W140_T1.5_D4,128589,90,0.820
BL_W140_T1.5_D4,129128,88,0.740
BL_W140_T1.5_D4,129667,86,0.660
BL_W140_T1.5_D4,130206,84,0.580
BL_W140_T1.5_D4,130794,82,0.500
BL_W140_T1.5_D4,131333,81,0.420
BL_W140_T1.5_D4,131823,79,0.340
BL_W140_T1.5_D4,122347,112,0.260
BL_W140_T1.5_D4,132362,78,0.260
BL_W140_T1.5_D4,122797,110,0.126
BL_W140_T1.5_D4,132901,76,0.126
BL_W140_T1.5_D4,133440,74,0.050
BL_W140_T1.5_D4,123347,108,0.010
BL_W140_T1.5_D6,124947,102,1.200
BL_W140_T1.5_D6,125497,101,1.200
BL_W140_T1.5_D6,125992,99,1.200
BL_W140_T1.5_D6,126482,97,1.140
BL_W140_T1.5_D6,127021,95,1.060
BL_W140_T1.5_D6,127560,93,0.980
BL_W140_T1.5_D6,128050,92,0.900
BL_W140_T1.5_D6,128589,90,0.820
BL_W140_T1.5_D6,129128,88,0.740
BL_W140_T1.5_D6,129667,86,0.660
BL_W140_T1.5_D6,130206,84,0.580
BL_W140_T1.5_D6,130794,82,0.500
BL_W140_T1.5_D6,131333,81,0.420
BL_W140_T1.5_D6,131823,79,0.340
BL_W140_T1.5_D6,132362,78,0.260
BL_W140_T1.5_D6,122797,110,0.126
BL_W140_T1.5_D6,132901,76,0.126
BL_W140_T1.5_D6,133440,74,0.050
BL_W140_T1.5_D6,123347,108,0.010
BL_W140_T1.5_D8,124497,103,1.200
BL_W140_T1.5_D8,124947,102,1.200
BL_W140_T1.5_D8,125497,101,1.200
BL_W140_T1.5_D8,125992,99,1.200
BL_W140_T1.5_D8,126482,97,1.140
BL_W140_T1.5_D8,127021,95,1.060
BL_W140_T1.5_D8,127560,93,0.980
BL_W140_T1.5_D8,128050,92,0.900
BL_W140_T1.5_D8,128589,90,0.820
BL_W140_T1.5_D8,129128,88,0.740
BL_W140_T1.5_D8,129667,86,0.660
BL_W140_T1.5_D8,130206,84,0.580
BL_W140_T1.5_D8,130794,82,0.500
BL_W140_T1.5_D8,131333,81,0.420
BL_W140_T1.5_D8,131823,79,0.340
BL_W140_T1.5_D8,132362,78,0.260
BL_W140_T1.5_D8,122847,110,0.126
BL_W140_T1.5_D8,132901,76,0.126
BL_W140_T1.5_D8,133440,74,0.050
BL_W140_T1.5_D8,123397,108,0.010
BL_W140_T1.5_D10,124497,103,1.200
BL_W140_T1.5_D10,124947,102,1.200
BL_W140_T1.5_D10,125497,101,1.200
BL_W140_T1.5_D10,125943,99,1.200
BL_W140_T1.5_D10,126482,97,1.140
BL_W140_T1.5_D10,127021,95,1.060
BL_W140_T1.5_D10,127560,93,0.980
BL_W140_T1.5_D10,128050,92,0.900
BL_W140_T1.5_D10,128589,90,0.820
BL_W140_T1.5_D10,129128,88,0.740
BL_W140_T1.5_D10,129667,86,0.660
BL_W140_T1.5_D10,130206,84,0.580
BL_W140_T1.5_D10,130794,82,0.500
BL_W140_T1.5_D10,131333,81,0.420
BL_W140_T1.5_D10,131823,79,0.340
BL_W140_T1.5_D10,132362,78,0.260
BL_W140_T1.5_D10,122847,110,0.126
BL_W140_T1.5_D10,132901,76,0.126
BL_W140_T1.5_D10,133440,74,0.050
BL_W140_T1.5_D10,123397,108,0.010
BL_W140_T1.5_D15,124947,102,1.200
BL_W140_T1.5_D15,125497,101,1.200
BL_W140_T1.5_D15,125992,99,1.200
BL_W140_T1.5_D15,126482,97,1.140
BL_W140_T1.5_D15,127021,95,1.060
BL_W140_T1.5_D15,127560,93,0.980
BL_W140_T1.5_D15,128050,92,0.900
BL_W140_T1.5_D15,128589,90,0.820
BL_W140_T1.5_D15,129128,88,0.740
BL_W140_T1.5_D15,129667,86,0.660
BL_W140_T1.5_D15,130206,84,0.580
BL_W140_T1.5_D15,130794,82,0.500
BL_W140_T1.5_D15,131333,81,0.420
BL_W140_T1.5_D15,131823,79,0.340
BL_W140_T1.5_D15,132362,78,0.260
BL_W140_T1.5_D15,122897,110,0.126
BL_W140_T1.5_D15,132901,76,0.126
BL_W140_T1.5_D15,133440,74,0.050
BL_W140_T1.5_D15,123397,108,0.010
BL_W140_T1.5_D20,125992,99,1.200
BL_W140_T1.5_D20,126482,97,1.140
BL_W140_T1.5_D20,127021,95,1.060
BL_W140_T1.5_D20,127560,93,0.980
BL_W140_T1.5_D20,128050,92,0.900
BL_W140_T1.5_D20,128589,90,0.820
BL_W140_T1.5_D20,129128,88,0.740
BL_W140_T1.5_D20,129667,86,0.660
BL_W140_T1.5_D20,130206,84,0.580
BL_W140_T1.5_D20,130794,82,0.500
BL_W140_T1.5_D20,131333,81,0.420
BL_W140_T1.5_D20,131823,79,0.340
BL_W140_T1.5_D20,132362,78,0.260
BL_W140_T1.5_D20,132901,76,0.126
BL_W140_T1.5_D20,133440,74,0.050
BL_W140_T1.5_D20,124997,102,0.010
BL_W140_T1.5_D25,126482,97,1.140
BL_W140_T1.5_D25,127021,95,1.060
BL_W140_T1.5_D25,127560,93,0.980
BL_W140_T1.5_D25,128050,92,0.900
BL_W140_T1.5_D25,128589,90,0.820
BL_W140_T1.5_D25,129128,88,0.740
BL_W140_T1.5_D25,129667,86,0.660
BL_W140_T1.5_D25,130206,84,0.580
BL_W140_T1.5_D25,130794,82,0.500
BL_W140_T1.5_D25,131333,81,0.420
BL_W140_T1.5_D25,131823,79,0.340
BL_W140_T1.5_D25,132362,78,0.260
BL_W140_T1.5_D25,132901,76,0.126
BL_W140_T1.5_D25,133440,74,0.050
BL_W140_T1.5_D25,124997,102,0.010
BL_W140_T1.5_D30,126531,97,1.140
BL_W140_T1.5_D30,127021,95,1.060
BL_W140_T1.5_D30,127560,93,0.980
BL_W140_T1.5_D30,128050,92,0.900
BL_W140_T1.5_D30,128589,90,0.820
BL_W140_T1.5_D30,129128,88,0.740
BL_W140_T1.5_D30,129667,86,0.660
BL_W140_T1.5_D30,130206,84,0.580
BL_W140_T1.5_D30,130745,82,0.500
BL_W140_T1.5_D30,131284,81,0.420
BL_W140_T1.5_D30,131823,79,0.340
BL_W140_T1.5_D30,132362,78,0.260
BL_W140_T1.5_D30,132901,76,0.126
BL_W140_T1.5_D30,133440,74,0.050
BL_W140_T1.7_D2,124947,102,1.200
BL_W140_T1.7_D2,125497,101,1.200
BL_W140_T1.7_D2,125992,99,1.200
BL_W140_T1.7_D2,126482,97,1.140
BL_W140_T1.7_D2,127021,95,1.060
BL_W140_T1.7_D2,127560,93,0.980
BL_W140_T1.7_D2,128050,92,0.900
BL_W140_T1.7_D2,128589,90,0.820
BL_W140_T1.7_D2,129128,88,0.740
BL_W140_T1.7_D2,129667,86,0.660
BL_W140_T1.7_D2,130206,84,0.580
BL_W140_T1.7_D2,130794,82,0.500
BL_W140_T1.7_D2,131333,81,0.420
BL_W140_T1.7_D2,131823,79,0.340
BL_W140_T1.7_D2,122297,112,0.260
BL_W140_T1.7_D2,132362,78,0.260
BL_W140_T1.7_D2,122797,110,0.126
BL_W140_T1.7_D2,132901,76,0.126
BL_W140_T1.7_D2,133440,74,0.050
BL_W140_T1.7_D2,123347,108,0.010
BL_W140_T1.7_D4,124947,102,1.200
BL_W140_T1.7_D4,125497,101,1.200
BL_W140_T1.7_D4,125992,99,1.200
BL_W140_T1.7_D4,126482,97,1.140
BL_W140_T1.7_D4,127021,95,1.060
BL_W140_T1.7_D4,127560,93,0.980
BL_W140_T1.7_D4,128050,92,0.900
BL_W140_T1.7_D4,128589,90,0.820
BL_W140_T1.7_D4,129128,88,0.740
BL_W140_T1.7_D4,129667,86,0.660
BL_W140_T1.7_D4,130206,84,0.580
BL_W140_T1.7_D4,130794,82,0.500
BL_W140_T1.7_D4,131333,81,0.420
BL_W140_T1.7_D4,131823,79,0.340
BL_W140_T1.7_D4,122347,112,0.260
BL_W140_T1.7_D4,132362,78,0.260
BL_W140_T1.7_D4,122797,110,0.126
BL_W140_T1.7_D4,132901,76,0.126
BL_W140_T1.7_D4,133440,74,0.050
BL_W140_T1.7_D4,123347,108,0.010
BL_W140_T1.7_D6,124947,102,1.200
BL_W140_T1.7_D6,125497,101,1.200
BL_W140_T1.7_D6,125992,99,1.200
BL_W140_T1.7_D6,126482,97,1.140
BL_W140_T1.7_D6,127021,95,1.060
BL_W140_T1.7_D6,127560,93,0.980
BL_W140_T1.7_D6,128050,92,0.900
BL_W140_T1.7_D6,128589,90,0.820
BL_W140_T1.7_D6,129128,88,0.740
BL_W140_T1.7_D6,129667,86,0.660
BL_W140_T1.7_D6,130206,84,0.580
BL_W140_T1.7_D6,130794,82,0.500
BL_W140_T1.7_D6,131333,81,0.420
BL_W140_T1.7_D6,131823,79,0.340
BL_W140_T1.7_D6,132362,78,0.260
BL_W140_T1.7_D6,122797,110,0.126
BL_W140_T1.7_D6,132901,76,0.126
BL_W140_T1.7_D6,133440,74,0.050
BL_W140_T1.7_D6,123347,108,0.010
BL_W140_T1.7_D8,124497,103,1.200
BL_W140_T1.7_D8,124947,102,1.200
BL_W140_T1.7_D8,125497,101,1.200
BL_W140_T1.7_D8,125992,99,1.200
BL_W140_T1.7_D8,126482,97,1.140
BL_W140_T1.7_D8,127021,95,1.060
BL_W140_T1.7_D8,127560,93,0.980
BL_W140_T1.7_D8,128050,92,0.900
BL_W140_T1.7_D8,128589,90,0.820
BL_W140_T1.7_D8,129128,88,0.740
BL_W140_T1.7_D8,129667,86,0.660
BL_W140_T1.7_D8,130206,84,0.580
BL_W140_T1.7_D8,130794,82,0.500
BL_W140_T1.7_D8,131333,81,0.420
BL_W140_T1.7_D8,131823,79,0.340
BL_W140_T1.7_D8,132362,78,0.260
BL_W140_T1.7_D8,122847,110,0.126
BL_W140_T1.7_D8,132901,76,0.126
BL_W140_T1.7_D8,133440,74,0.050
BL_W140_T1.7_D8,123397,108,0.010
BL_W140_T1.7_D10,124497,103,1.200
BL_W140_T1.7_D10,124947,102,1.200
BL_W140_T1.7_D10,125497,101,1.200
BL_W140_T1.7_D10,125943,99,1.200
BL_W140_T1.7_D10,126482,97,1.140
BL_W140_T1.7_D10,127021,95,1.060
BL_W140_T1.7_D10,127560,93,0.980
BL_W140_T1.7_D10,128050,92,0.900
BL_W140_T1.7_D10,128589,90,0.820
BL_W140_T1.7_D10,129128,88,0.740
BL_W140_T1.7_D10,129667,86,0.660
BL_W140_T1.7_D10,130206,84,0.580
BL_W140_T1.7_D10,130794,82,0.500
BL_W140_T1.7_D10,131333,81,0.420
BL_W140_T1.7_D10,131823,79,0.340
BL_W140_T1.7_D10,132362,78,0.260
BL_W140_T1.7_D10,122847,110,0.126
BL_W140_T1.7_D10,132901,76,0.126
BL_W140_T1.7_D10,133440,74,0.050
BL_W140_T1.7_D10,123397,108,0.010
BL_W140_T1.7_D15,124947,102,1.200
BL_W140_T1.7_D15,125497,101,1.200
BL_W140_T1.7_D15,125992,99,1.200
BL_W140_T1.7_D15,126482,97,1.140
BL_W140_T1.7_D15,127021,95,1.060
BL_W140_T1.7_D15,127560,93,0.980
BL_W140_T1.7_D15,128050,92,0.900
BL_W140_T1.7_D15,128589,90,0.820
BL_W140_T1.7_D15,129128,88,0.740
BL_W140_T1.7_D15,129667,86,0.660
BL_W140_T1.7_D15,130206,84,0.580
BL_W140_T1.7_D15,130794,82,0.500
BL_W140_T1.7_D15,131333,81,0.420
BL_W140_T1.7_D15,131823,79,0.340
BL_W140_T1.7_D15,132362,78,0.260
BL_W140_T1.7_D15,122897,110,0.126
BL_W140_T1.7_D15,132901,76,0.126
BL_W140_T1.7_D15,133440,74,0.050
BL_W140_T1.7_D15,123397,108,0.010
BL_W140_T1.7_D20,125992,99,1.200
BL_W140_T1.7_D20,126482,97,1.140
BL_W140_T1.7_D20,127021,95,1.060
BL_W140_T1.7_D20,127560,93,0.980
BL_W140_T1.7_D20,128050,92,0.900
BL_W140_T1.7_D20,128589,90,0.820
BL_W140_T1.7_D20,129128,88,0.740
BL_W140_T1.7_D20,129667,86,0.660
BL_W140_T1.7_D20,130206,84,0.580
BL_W140_T1.7_D20,130794,82,0.500
BL_W140_T1.7_D20,131333,81,0.420
BL_W140_T1.7_D20,131823,79,0.340
BL_W140_T1.7_D20,132362,78,0.260
BL_W140_T1.7_D20,132901,76,0.126
BL_W140_T1.7_D20,133440,74,0.050
BL_W140_T1.7_D20,124997,102,0.010
BL_W140_T1.7_D25,126482,97,1.140
BL_W140_T1.7_D25,127021,95,1.060
BL_W140_T1.7_D25,127560,93,0.980
BL_W140_T1.7_D25,128050,92,0.900
BL_W140_T1.7_D25,128589,90,0.820
BL_W140_T1.7_D25,129128,88,0.740
BL_W140_T1.7_D25,129667,86,0.660
BL_W140_T1.7_D25,130206,84,0.580
BL_W140_T1.7_D25,130794,82,0.500
BL_W140_T1.7_D25,131333,81,0.420
BL_W140_T1.7_D25,131823,79,0.340
BL_W140_T1.7_D25,132362,78,0.260
BL_W140_T1.7_D25,132901,76,0.126
BL_W140_T1.7_D25,133440,74,0.050
BL_W140_T1.7_D25,124997,102,0.010
BL_W140_T1.7_D30,126531,97,1.140
BL_W140_T1.7_D30,127021,95,1.060
BL_W140_T1.7_D30,127560,93,0.980
BL_W140_T1.7_D30,128050,92,0.900
BL_W140_T1.7_D30,128589,90,0.820
BL_W140_T1.7_D30,129128,88,0.740
BL_W140_T1.7_D30,129667,86,0.660
BL_W140_T1.7_D30,130206,84,0.580
BL_W140_T1.7_D30,130745,82,0.500
BL_W140_T1.7_D30,131284,81,0.420
BL_W140_T1.7_D30,131823,79,0.340
BL_W140_T1.7_D30,132362,78,0.260
BL_W140_T1.7_D30,132901,76,0.126
BL_W140_T1.7_D30,133440,74,0.050
BL_W140_T2.0_D2,125992,99,0.740
BL_W140_T2.0_D2,126482,97,0.660
BL_W140_T2.0_D2,127021,95,0.580
BL_W140_T2.0_D2,127560,93,0.500
BL_W140_T2.0_D2,128099,92,0.420
BL_W140_T2.0_D2,128638,90,0.340
BL_W140_T2.0_D2,122297,112,0.260
BL_W140_T2.0_D2,129128,88,0.260
BL_W140_T2.0_D2,122797,110,0.126
BL_W140_T2.0_D2,129667,86,0.126
BL_W140_T2.0_D2,132901,76,0.050
BL_W140_T2.0_D2,123347,108,0.010
BL_W140_T2.0_D2,124947,102,0.010
BL_W140_T2.0_D2,130206,84,0.010
BL_W140_T2.0_D2,131872,79,0.010
BL_W140_T2.0_D4,125992,99,0.740
BL_W140_T2.0_D4,126482,97,0.660
BL_W140_T2.0_D4,127021,95,0.580
BL_W140_T2.0_D4,127560,93,0.500
BL_W140_T2.0_D4,128099,92,0.420
BL_W140_T2.0_D4,128638,90,0.340
BL_W140_T2.0_D4,122347,112,0.260
BL_W140_T2.0_D4,129128,88,0.260
BL_W140_T2.0_D4,122797,110,0.126
BL_W140_T2.0_D4,129667,86,0.126
BL_W140_T2.0_D4,132901,76,0.050
BL_W140_T2.0_D4,123347,108,0.010
BL_W140_T2.0_D4,124947,102,0.010
BL_W140_T2.0_D4,130206,84,0.010
BL_W140_T2.0_D4,131872,79,0.010
BL_W140_T2.0_D6,125992,99,0.740
BL_W140_T2.0_D6,126482,97,0.660
BL_W140_T2.0_D6,127021,95,0.580
BL_W140_T2.0_D6,127560,93,0.500
BL_W140_T2.0_D6,128099,92,0.420
BL_W140_T2.0_D6,128638,90,0.340
BL_W140_T2.0_D6,129128,88,0.260
BL_W140_T2.0_D6,122797,110,0.126
BL_W140_T2.0_D6,129667,86,0.126
BL_W140_T2.0_D6,132901,76,0.050
BL_W140_T2.0_D6,123347,108,0.010
BL_W140_T2.0_D6,124947,102,0.010
BL_W140_T2.0_D6,130206,84,0.010
BL_W140_T2.0_D6,131872,79,0.010
BL_W140_T2.0_D8,125992,99,0.740
BL_W140_T2.0_D8,126482,97,0.660
BL_W140_T2.0_D8,127021,95,0.580
BL_W140_T2.0_D8,127560,93,0.500
BL_W140_T2.0_D8,128099,92,0.420
BL_W140_T2.0_D8,128638,90,0.340
BL_W140_T2.0_D8,129128,88,0.260
BL_W140_T2.0_D8,122847,110,0.126
BL_W140_T2.0_D8,124497,103,0.126
BL_W140_T2.0_D8,129667,86,0.126
BL_W140_T2.0_D8,132901,76,0.050
BL_W140_T2.0_D8,123397,108,0.010
BL_W140_T2.0_D8,124947,102,0.010
BL_W140_T2.0_D8,130206,84,0.010
BL_W140_T2.0_D8,131872,79,0.010
BL_W140_T2.0_D10,124497,103,0.980
BL_W140_T2.0_D10,124947,102,0.900
BL_W140_T2.0_D10,125497,101,0.820
BL_W140_T2.0_D10,125943,99,0.740
BL_W140_T2.0_D10,126482,97,0.660
BL_W140_T2.0_D10,127021,95,0.580
BL_W140_T2.0_D10,127560,93,0.500
BL_W140_T2.0_D10,128099,92,0.420
BL_W140_T2.0_D10,128638,90,0.340
BL_W140_T2.0_D10,129128,88,0.260
BL_W140_T2.0_D10,122847,110,0.126
BL_W140_T2.0_D10,129667,86,0.126
BL_W140_T2.0_D10,132901,76,0.050
BL_W140_T2.0_D10,123397,108,0.010
BL_W140_T2.0_D10,130206,84,0.010
BL_W140_T2.0_D10,131872,79,0.010
BL_W140_T2.0_D15,124947,102,0.900
BL_W140_T2.0_D15,125497,101,0.820
BL_W140_T2.0_D15,125992,99,0.740
BL_W140_T2.0_D15,126482,97,0.660
BL_W140_T2.0_D15,127021,95,0.580
BL_W140_T2.0_D15,127560,93,0.500
BL_W140_T2.0_D15,128099,92,0.420
BL_W140_T2.0_D15,128638,90,0.340
BL_W140_T2.0_D15,129128,88,0.260
BL_W140_T2.0_D15,122897,110,0.126
BL_W140_T2.0_D15,129667,86,0.126
BL_W140_T2.0_D15,132901,76,0.050
BL_W140_T2.0_D15,123397,108,0.010
BL_W140_T2.0_D15,130206,84,0.010
BL_W140_T2.0_D15,131872,79,0.010
BL_W140_T2.0_D20,125992,99,0.740
BL_W140_T2.0_D20,126482,97,0.660
BL_W140_T2.0_D20,127021,95,0.580
BL_W140_T2.0_D20,127560,93,0.500
BL_W140_T2.0_D20,128050,92,0.420
BL_W140_T2.0_D20,128589,90,0.340
BL_W140_T2.0_D20,129128,88,0.260
BL_W140_T2.0_D20,129667,86,0.126
BL_W140_T2.0_D20,132901,76,0.050
BL_W140_T2.0_D20,124997,102,0.010
BL_W140_T2.0_D20,130206,84,0.010
BL_W140_T2.0_D20,131872,79,0.010
BL_W140_T2.0_D25,126482,97,0.660
BL_W140_T2.0_D25,127021,95,0.580
BL_W140_T2.0_D25,127560,93,0.500
BL_W140_T2.0_D25,128050,92,0.420
BL_W140_T2.0_D25,128589,90,0.340
BL_W140_T2.0_D25,129128,88,0.260
BL_W140_T2.0_D25,129667,86,0.126
BL_W140_T2.0_D25,132901,76,0.050
BL_W140_T2.0_D25,124997,102,0.010
BL_W140_T2.0_D25,130206,84,0.010
BL_W140_T2.0_D25,131872,79,0.010
BL_W140_T2.0_D30,126531,97,1.060
BL_W140_T2.0_D30,127021,95,0.980
BL_W140_T2.0_D30,127560,93,0.900
BL_W140_T2.0_D30,128050,92,0.820
BL_W140_T2.0_D30,128589,90,0.740
BL_W140_T2.0_D30,129128,88,0.660
BL_W140_T2.0_D30,129667,86,0.580
BL_W140_T2.0_D30,130206,84,0.500
BL_W140_T2.0_D30,130745,82,0.420
BL_W140_T2.0_D30,131284,81,0.340
BL_W140_T2.0_D30,131823,79,0.260
BL_W140_T2.0_D30,132362,78,0.126
BL_W140_T2.0_D30,132901,76,0.050
BL_W140_T2.2_D2,125992,99,0.500
BL_W140_T2.2_D2,126531,97,0.420
BL_W140_T2.2_D2,127021,95,0.340
BL_W140_T2.2_D2,122297,112,0.260
BL_W140_T2.2_D2,127609,93,0.260
BL_W140_T2.2_D2,122797,110,0.126
BL_W140_T2.2_D2,128099,92,0.126
BL_W140_T2.2_D2,129716,86,0.126
BL_W140_T2.2_D2,132901,76,0.050
BL_W140_T2.2_D2,123347,108,0.010
BL_W140_T2.2_D2,124947,102,0.010
BL_W140_T2.2_D2,128638,90,0.010
BL_W140_T2.2_D2,130255,84,0.010
BL_W140_T2.2_D4,125992,99,0.500
BL_W140_T2.2_D4,126531,97,0.420
BL_W140_T2.2_D4,127021,95,0.340
BL_W140_T2.2_D4,122347,112,0.260
BL_W140_T2.2_D4,127609,93,0.260
BL_W140_T2.2_D4,122797,110,0.126
BL_W140_T2.2_D4,128099,92,0.126
BL_W140_T2.2_D4,129716,86,0.126
BL_W140_T2.2_D4,132901,76,0.050
BL_W140_T2.2_D4,123347,108,0.010
BL_W140_T2.2_D4,124947,102,0.010
BL_W140_T2.2_D4,128638,90,0.010
BL_W140_T2.2_D4,130255,84,0.010
BL_W140_T2.2_D6,125992,99,0.500
BL_W140_T2.2_D6,126531,97,0.420
BL_W140_T2.2_D6,127021,95,0.340
BL_W140_T2.2_D6,127609,93,0.260
BL_W140_T2.2_D6,122797,110,0.126
BL_W140_T2.2_D6,128099,92,0.126
BL_W140_T2.2_D6,129716,86,0.126
BL_W140_T2.2_D6,132901,76,0.050
BL_W140_T2.2_D6,123347,108,0.010
BL_W140_T2.2_D6,124947,102,0.010
BL_W140_T2.2_D6,128638,90,0.010
BL_W140_T2.2_D6,130255,84,0.010
BL_W140_T2.2_D8,125992,99,0.500
BL_W140_T2.2_D8,126531,97,0.420
BL_W140_T2.2_D8,127021,95,0.340
BL_W140_T2.2_D8,127609,93,0.260
BL_W140_T2.2_D8,122847,110,0.126
BL_W140_T2.2_D8,124497,103,0.126
BL_W140_T2.2_D8,128099,92,0.126
BL_W140_T2.2_D8,129716,86,0.126
BL_W140_T2.2_D8,132901,76,0.050
BL_W140_T2.2_D8,123397,108,0.010
BL_W140_T2.2_D8,124947,102,0.010
BL_W140_T2.2_D8,128638,90,0.010
BL_W140_T2.2_D8,130255,84,0.010
BL_W140_T2.2_D10,124497,103,0.740
BL_W140_T2.2_D10,124947,102,0.660
BL_W140_T2.2_D10,125497,101,0.580
BL_W140_T2.2_D10,125943,99,0.500
BL_W140_T2.2_D10,126531,97,0.420
BL_W140_T2.2_D10,127021,95,0.340
BL_W140_T2.2_D10,127609,93,0.260
BL_W140_T2.2_D10,122847,110,0.126
BL_W140_T2.2_D10,128099,92,0.126
BL_W140_T2.2_D10,129716,86,0.126
BL_W140_T2.2_D10,132901,76,0.050
BL_W140_T2.2_D10,123397,108,0.010
BL_W140_T2.2_D10,128638,90,0.010
BL_W140_T2.2_D10,130255,84,0.010
BL_W140_T2.2_D15,124947,102,0.660
BL_W140_T2.2_D15,125497,101,0.580
BL_W140_T2.2_D15,125992,99,0.500
BL_W140_T2.2_D15,126482,97,0.420
BL_W140_T2.2_D15,127021,95,0.340
BL_W140_T2.2_D15,127609,93,0.260
BL_W140_T2.2_D15,122897,110,0.126
BL_W140_T2.2_D15,128099,92,0.126
BL_W140_T2.2_D15,129716,86,0.126
BL_W140_T2.2_D15,132901,76,0.050
BL_W140_T2.2_D15,123397,108,0.010
BL_W140_T2.2_D15,128638,90,0.010
BL_W140_T2.2_D15,130255,84,0.010
BL_W140_T2.2_D20,125992,99,0.500
BL_W140_T2.2_D20,126482,97,0.420
BL_W140_T2.2_D20,127021,95,0.340
BL_W140_T2.2_D20,127560,93,0.260
BL_W140_T2.2_D20,128050,92,0.126
BL_W140_T2.2_D20,129716,86,0.126
BL_W140_T2.2_D20,132901,76,0.050
BL_W140_T2.2_D20,124997,102,0.010
BL_W140_T2.2_D20,128589,90,0.010
BL_W140_T2.2_D20,130255,84,0.010
BL_W140_T2.2_D25,126482,97,0.660
BL_W140_T2.2_D25,127021,95,0.580
BL_W140_T2.2_D25,127560,93,0.500
BL_W140_T2.2_D25,128050,92,0.420
BL_W140_T2.2_D25,128589,90,0.340
BL_W140_T2.2_D25,129128,88,0.260
BL_W140_T2.2_D25,129667,86,0.126
BL_W140_T2.2_D25,132901,76,0.050
BL_W140_T2.2_D25,124997,102,0.010
BL_W140_T2.2_D25,130206,84,0.010
BL_W140_T2.2_D30,126531,97,1.060
BL_W140_T2.2_D30,127021,95,0.980
BL_W140_T2.2_D30,127560,93,0.900
BL_W140_T2.2_D30,128050,92,0.820
BL_W140_T2.2_D30,128589,90,0.740
BL_W140_T2.2_D30,129128,88,0.660
BL_W140_T2.2_D30,129667,86,0.580
BL_W140_T2.2_D30,130206,84,0.500
BL_W140_T2.2_D30,130745,82,0.420
BL_W140_T2.2_D30,131284,81,0.340
BL_W140_T2.2_D30,131823,79,0.260
BL_W140_T2.2_D30,132362,78,0.126
BL_W140_T2.2_D30,132901,76,0.050
BL_W140_T2.4_D2,122297,112,0.260
BL_W140_T2.4_D2,122797,110,0.126
BL_W140_T2.4_D2,126531,97,0.126
BL_W140_T2.4_D2,130255,84,0.050
BL_W140_T2.4_D2,123397,108,0.010
BL_W140_T2.4_D2,124997,102,0.010
BL_W140_T2.4_D2,127021,95,0.010
BL_W140_T2.4_D2,128099,92,0.010
BL_W140_T2.4_D4,122347,112,0.260
BL_W140_T2.4_D4,122797,110,0.126
BL_W140_T2.4_D4,126531,97,0.126
BL_W140_T2.4_D4,130255,84,0.050
BL_W140_T2.4_D4,123347,108,0.010
BL_W140_T2.4_D4,124997,102,0.010
BL_W140_T2.4_D4,127021,95,0.010
BL_W140_T2.4_D4,128099,92,0.010
BL_W140_T2.4_D6,122797,110,0.126
BL_W140_T2.4_D6,126531,97,0.126
BL_W140_T2.4_D6,130255,84,0.050
BL_W140_T2.4_D6,123347,108,0.010
BL_W140_T2.4_D6,124997,102,0.010
BL_W140_T2.4_D6,127021,95,0.010
BL_W140_T2.4_D6,128099,92,0.010
BL_W140_T2.4_D8,122847,110,0.126
BL_W140_T2.4_D8,124497,103,0.126
BL_W140_T2.4_D8,126531,97,0.126
BL_W140_T2.4_D8,130255,84,0.050
BL_W140_T2.4_D8,123397,108,0.010
BL_W140_T2.4_D8,124947,102,0.010
BL_W140_T2.4_D8,127021,95,0.010
BL_W140_T2.4_D8,128099,92,0.010
BL_W140_T2.4_D10,124497,103,0.500
BL_W140_T2.4_D10,124947,102,0.420
BL_W140_T2.4_D10,125497,101,0.340
BL_W140_T2.4_D10,125943,99,0.260
BL_W140_T2.4_D10,122847,110,0.126
BL_W140_T2.4_D10,126531,97,0.126
BL_W140_T2.4_D10,130255,84,0.050
BL_W140_T2.4_D10,123397,108,0.010
BL_W140_T2.4_D10,127021,95,0.010
BL_W140_T2.4_D10,128099,92,0.010
BL_W140_T2.4_D15,124947,102,0.420
BL_W140_T2.4_D15,125497,101,0.340
BL_W140_T2.4_D15,125992,99,0.260
BL_W140_T2.4_D15,122897,110,0.126
BL_W140_T2.4_D15,126482,97,0.126
BL_W140_T2.4_D15,130255,84,0.050
BL_W140_T2.4_D15,123397,108,0.010
BL_W140_T2.4_D15,127021,95,0.010
BL_W140_T2.4_D15,128099,92,0.010
BL_W140_T2.4_D20,125992,99,0.500
BL_W140_T2.4_D20,126482,97,0.420
BL_W140_T2.4_D20,127021,95,0.340
BL_W140_T2.4_D20,127560,93,0.260
BL_W140_T2.4_D20,128050,92,0.126
BL_W140_T2.4_D20,130255,84,0.050
BL_W140_T2.4_D20,124997,102,0.010
BL_W140_T2.4_D20,128589,90,0.010
BL_W140_T2.4_D25,126482,97,0.660
BL_W140_T2.4_D25,127021,95,0.580
BL_W140_T2.4_D25,127560,93,0.500
BL_W140_T2.4_D25,128050,92,0.420
BL_W140_T2.4_D25,128589,90,0.340
BL_W140_T2.4_D25,129128,88,0.260
BL_W140_T2.4_D25,129667,86,0.126
BL_W140_T2.4_D25,130206,84,0.050
BL_W140_T2.4_D25,124997,102,0.010
BL_W140_T2.4_D30,126531,97,0.980
BL_W140_T2.4_D30,127021,95,0.900
BL_W140_T2.4_D30,127560,93,0.820
BL_W140_T2.4_D30,128050,92,0.740
BL_W140_T2.4_D30,128589,90,0.660
BL_W140_T2.4_D30,129128,88,0.580
BL_W140_T2.4_D30,129667,86,0.500
BL_W140_T2.4_D30,130206,84,0.420
BL_W140_T2.4_D30,130745,82,0.340
BL_W140_T2.4_D30,131284,81,0.260
BL_W140_T2.4_D30,131823,79,0.126
BL_W140_T2.4_D30,132362,78,0.050
BL_W140_T2.7_D2,122297,112,0.260
BL_W140_T2.7_D2,122797,110,0.126
BL_W140_T2.7_D2,126531,97,0.126
BL_W140_T2.7_D2,128099,92,0.050
BL_W140_T2.7_D2,123397,108,0.010
BL_W140_T2.7_D2,124997,102,0.010
BL_W140_T2.7_D2,127070,95,0.010
BL_W140_T2.7_D4,122347,112,0.260
BL_W140_T2.7_D4,122797,110,0.126
BL_W140_T2.7_D4,126531,97,0.126
BL_W140_T2.7_D4,128099,92,0.050
BL_W140_T2.7_D4,123347,108,0.010
BL_W140_T2.7_D4,124997,102,0.010
BL_W140_T2.7_D4,127070,95,0.010
BL_W140_T2.7_D6,122797,110,0.126
BL_W140_T2.7_D6,126531,97,0.126
BL_W140_T2.7_D6,128099,92,0.050
BL_W140_T2.7_D6,123347,108,0.010
BL_W140_T2.7_D6,124997,102,0.010
BL_W140_T2.7_D6,127070,95,0.010
BL_W140_T2.7_D8,122847,110,0.126
BL_W140_T2.7_D8,124497,103,0.126
BL_W140_T2.7_D8,126531,97,0.126
BL_W140_T2.7_D8,128099,92,0.050
BL_W140_T2.7_D8,123397,108,0.010
BL_W140_T2.7_D8,124947,102,0.010
BL_W140_T2.7_D8,127070,95,0.010
BL_W140_T2.7_D10,124497,103,0.500
BL_W140_T2.7_D10,124947,102,0.420
BL_W140_T2.7_D10,125497,101,0.340
BL_W140_T2.7_D10,125943,99,0.260
BL_W140_T2.7_D10,122847,110,0.126
BL_W140_T2.7_D10,126531,97,0.126
BL_W140_T2.7_D10,128099,92,0.050
BL_W140_T2.7_D10,123397,108,0.010
BL_W140_T2.7_D10,127070,95,0.010
BL_W140_T2.7_D15,124947,102,0.420
BL_W140_T2.7_D15,125497,101,0.340
BL_W140_T2.7_D15,125992,99,0.260
BL_W140_T2.7_D15,122897,110,0.126
BL_W140_T2.7_D15,126482,97,0.126
BL_W140_T2.7_D15,128099,92,0.050
BL_W140_T2.7_D15,123397,108,0.010
BL_W140_T2.7_D15,127021,95,0.010
BL_W140_T2.7_D20,125992,99,0.500
BL_W140_T2.7_D20,126482,97,0.420
BL_W140_T2.7_D20,127021,95,0.340
BL_W140_T2.7_D20,127560,93,0.260
BL_W140_T2.7_D20,128050,92,0.126
BL_W140_T2.7_D20,128589,90,0.050
BL_W140_T2.7_D20,124997,102,0.010
BL_W140_T2.7_D25,126482,97,0.660
BL_W140_T2.7_D25,127021,95,0.580
BL_W140_T2.7_D25,127560,93,0.500
BL_W140_T2.7_D25,128050,92,0.420
BL_W140_T2.7_D25,128589,90,0.340
BL_W140_T2.7_D25,129128,88,0.260
BL_W140_T2.7_D25,129667,86,0.126
BL_W140_T2.7_D25,130206,84,0.050
BL_W140_T2.7_D25,124997,102,0.010
BL_W140_T2.7_D30,126531,97,0.980
BL_W140_T2.7_D30,127021,95,0.900
BL_W140_T2.7_D30,127560,93,0.820
BL_W140_T2.7_D30,128050,92,0.740
BL_W140_T2.7_D30,128589,90,0.660
BL_W140_T2.7_D30,129128,88,0.580
BL_W140_T2.7_D30,129667,86,0.500
BL_W140_T2.7_D30,130206,84,0.420
BL_W140_T2.7_D30,130745,82,0.340
BL_W140_T2.7_D30,131284,81,0.260
BL_W140_T2.7_D30,131823,79,0.126
BL_W140_T2.7_D30,132362,78,0.050
BL_W140_T3.0_D2,122297,112,0.260
BL_W140_T3.0_D2,122797,110,0.126
BL_W140_T3.0_D2,126531,97,0.050
BL_W140_T3.0_D2,123397,108,0.010
BL_W140_T3.0_D2,124997,102,0.010
BL_W140_T3.0_D4,122347,112,0.260
BL_W140_T3.0_D4,122797,110,0.126
BL_W140_T3.0_D4,126531,97,0.050
BL_W140_T3.0_D4,123347,108,0.010
BL_W140_T3.0_D4,124997,102,0.010
BL_W140_T3.0_D6,122797,110,0.126
BL_W140_T3.0_D6,126531,97,0.050
BL_W140_T3.0_D6,123347,108,0.010
BL_W140_T3.0_D6,124997,102,0.010
BL_W140_T3.0_D8,122847,110,0.126
BL_W140_T3.0_D8,124497,103,0.126
BL_W140_T3.0_D8,126531,97,0.050
BL_W140_T3.0_D8,123397,108,0.010
BL_W140_T3.0_D8,124947,102,0.010
BL_W140_T3.0_D10,124497,103,0.420
BL_W140_T3.0_D10,124947,102,0.340
BL_W140_T3.0_D10,125497,101,0.260
BL_W140_T3.0_D10,122847,110,0.126
BL_W140_T3.0_D10,125943,99,0.126
BL_W140_T3.0_D10,126531,97,0.050
BL_W140_T3.0_D10,123397,108,0.010
BL_W140_T3.0_D15,124947,102,0.420
BL_W140_T3.0_D15,125497,101,0.340
BL_W140_T3.0_D15,125992,99,0.260
BL_W140_T3.0_D15,122897,110,0.126
BL_W140_T3.0_D15,126482,97,0.126
BL_W140_T3.0_D15,127021,95,0.050
BL_W140_T3.0_D15,123397,108,0.010
BL_W140_T3.0_D20,125992,99,0.500
BL_W140_T3.0_D20,126482,97,0.420
BL_W140_T3.0_D20,127021,95,0.340
BL_W140_T3.0_D20,127560,93,0.260
BL_W140_T3.0_D20,128050,92,0.126
BL_W140_T3.0_D20,128589,90,0.050
BL_W140_T3.0_D20,124997,102,0.010
BL_W140_T3.0_D25,126482,97,0.660
BL_W140_T3.0_D25,127021,95,0.580
BL_W140_T3.0_D25,127560,93,0.500
BL_W140_T3.0_D25,128050,92,0.420
BL_W140_T3.0_D25,128589,90,0.340
BL_W140_T3.0_D25,129128,88,0.260
BL_W140_T3.0_D25,129667,86,0.126
BL_W140_T3.0_D25,130206,84,0.050
BL_W140_T3.0_D25,124997,102,0.010
BL_W140_T3.0_D30,126531,97,0.980
BL_W140_T3.0_D30,127021,95,0.900
BL_W140_T3.0_D30,127560,93,0.820
BL_W140_T3.0_D30,128050,92,0.740
BL_W140_T3.0_D30,128589,90,0.660
BL_W140_T3.0_D30,129128,88,0.580
BL_W140_T3.0_D30,129667,86,0.500
BL_W140_T3.0_D30,130206,84,0.420
BL_W140_T3.0_D30,130745,82,0.340
BL_W140_T3.0_D30,131284,81,0.260
BL_W140_T3.0_D30,131823,79,0.126
BL_W140_T3.0_D30,132362,78,0.050
BL_W150_T1.2_D2,124497,103,1.200
BL_W150_T1.2_D2,124947,102,1.200
BL_W150_T1.2_D2,125497,101,1.200
BL_W150_T1.2_D2,125992,99,1.200
BL_W150_T1.2_D2,126482,97,1.200
BL_W150_T1.2_D2,127021,95,1.140
BL_W150_T1.2_D2,127560,93,1.060
BL_W150_T1.2_D2,128050,92,0.980
BL_W150_T1.2_D2,128589,90,0.900
BL_W150_T1.2_D2,129128,88,0.820
BL_W150_T1.2_D2,129667,86,0.740
BL_W150_T1.2_D2,130206,84,0.660
BL_W150_T1.2_D2,130745,82,0.580
BL_W150_T1.2_D2,131284,81,0.500
BL_W150_T1.2_D2,131823,79,0.420
BL_W150_T1.2_D2,132362,78,0.340
BL_W150_T1.2_D2,122297,112,0.260
BL_W150_T1.2_D2,132852,76,0.260
BL_W150_T1.2_D2,122797,110,0.126
BL_W150_T1.2_D2,133440,74,0.126
BL_W150_T1.2_D4,124497,103,1.200
BL_W150_T1.2_D4,124947,102,1.200
BL_W150_T1.2_D4,125497,101,1.200
BL_W150_T1.2_D4,125992,99,1.200
BL_W150_T1.2_D4,126482,97,1.200
BL_W150_T1.2_D4,127021,95,1.140
BL_W150_T1.2_D4,127560,93,1.060
BL_W150_T1.2_D4,128050,92,0.980
BL_W150_T1.2_D4,128589,90,0.900
BL_W150_T1.2_D4,129128,88,0.820
BL_W150_T1.2_D4,129667,86,0.740
BL_W150_T1.2_D4,130206,84,0.660
BL_W150_T1.2_D4,130745,82,0.580
BL_W150_T1.2_D4,131284,81,0.500
BL_W150_T1.2_D4,131823,79,0.420
BL_W150_T1.2_D4,132362,78,0.340
BL_W150_T1.2_D4,122347,112,0.260
BL_W150_T1.2_D4,132852,76,0.260
BL_W150_T1.2_D4,122797,110,0.126
BL_W150_T1.2_D4,133440,74,0.126
BL_W150_T1.2_D6,124497,103,1.200
BL_W150_T1.2_D6,124947,102,1.200
BL_W150_T1.2_D6,125497,101,1.200
BL_W150_T1.2_D6,125992,99,1.200
BL_W150_T1.2_D6,126482,97,1.200
BL_W150_T1.2_D6,127021,95,1.140
BL_W150_T1.2_D6,127560,93,1.060
BL_W150_T1.2_D6,128050,92,0.980
BL_W150_T1.2_D6,128589,90,0.900
BL_W150_T1.2_D6,129128,88,0.820
BL_W150_T1.2_D6,129667,86,0.740
BL_W150_T1.2_D6,130206,84,0.660
BL_W150_T1.2_D6,130745,82,0.580
BL_W150_T1.2_D6,131284,81,0.500
BL_W150_T1.2_D6,131823,79,0.420
BL_W150_T1.2_D6,132362,78,0.340
BL_W150_T1.2_D6,132852,76,0.260
BL_W150_T1.2_D6,122797,110,0.126
BL_W150_T1.2_D6,133440,74,0.126
BL_W150_T1.2_D6,133979,73,0.050
BL_W150_T1.2_D8,124497,103,1.200
BL_W150_T1.2_D8,124947,102,1.200
BL_W150_T1.2_D8,125497,101,1.200
BL_W150_T1.2_D8,125992,99,1.200
BL_W150_T1.2_D8,126482,97,1.200
BL_W150_T1.2_D8,127021,95,1.140
BL_W150_T1.2_D8,127560,93,1.060
BL_W150_T1.2_D8,128050,92,0.980
BL_W150_T1.2_D8,128589,90,0.900
BL_W150_T1.2_D8,129128,88,0.820
BL_W150_T1.2_D8,129667,86,0.740
BL_W150_T1.2_D8,130206,84,0.660
BL_W150_T1.2_D8,130745,82,0.580
BL_W150_T1.2_D8,131284,81,0.500
BL_W150_T1.2_D8,131823,79,0.420
BL_W150_T1.2_D8,132362,78,0.340
BL_W150_T1.2_D8,132852,76,0.260
BL_W150_T1.2_D8,122847,110,0.126
BL_W150_T1.2_D8,133440,74,0.126
BL_W150_T1.2_D8,133979,73,0.050
BL_W150_T1.2_D10,124497,103,1.200
BL_W150_T1.2_D10,124947,102,1.200
BL_W150_T1.2_D10,125497,101,1.200
BL_W150_T1.2_D10,125943,99,1.200
BL_W150_T1.2_D10,126482,97,1.200
BL_W150_T1.2_D10,127021,95,1.140
BL_W150_T1.2_D10,127560,93,1.060
BL_W150_T1.2_D10,128050,92,0.980
BL_W150_T1.2_D10,128589,90,0.900
BL_W150_T1.2_D10,129128,88,0.820
BL_W150_T1.2_D10,129667,86,0.740
BL_W150_T1.2_D10,130206,84,0.660
BL_W150_T1.2_D10,130745,82,0.580
BL_W150_T1.2_D10,131284,81,0.500
BL_W150_T1.2_D10,131823,79,0.420
BL_W150_T1.2_D10,132362,78,0.340
BL_W150_T1.2_D10,132852,76,0.260
BL_W150_T1.2_D10,122847,110,0.126
BL_W150_T1.2_D10,133440,74,0.126
BL_W150_T1.2_D10,133979,73,0.050
BL_W150_T1.2_D15,124947,102,1.200
BL_W150_T1.2_D15,125497,101,1.200
BL_W150_T1.2_D15,125992,99,1.200
BL_W150_T1.2_D15,126482,97,1.200
BL_W150_T1.2_D15,127021,95,1.140
BL_W150_T1.2_D15,127560,93,1.060
BL_W150_T1.2_D15,128050,92,0.980
BL_W150_T1.2_D15,128589,90,0.900
BL_W150_T1.2_D15,129128,88,0.820
BL_W150_T1.2_D15,129667,86,0.740
BL_W150_T1.2_D15,130206,84,0.660
BL_W150_T1.2_D15,130745,82,0.580
BL_W150_T1.2_D15,131284,81,0.500
BL_W150_T1.2_D15,131823,79,0.420
BL_W150_T1.2_D15,132362,78,0.340
BL_W150_T1.2_D15,132852,76,0.260
BL_W150_T1.2_D15,122897,110,0.126
BL_W150_T1.2_D15,133440,74,0.126
BL_W150_T1.2_D15,133979,73,0.050
BL_W150_T1.2_D15,123397,108,0.010
BL_W150_T1.2_D20,125992,99,1.200
BL_W150_T1.2_D20,126482,97,1.200
BL_W150_T1.2_D20,127021,95,1.140
BL_W150_T1.2_D20,127560,93,1.060
BL_W150_T1.2_D20,128050,92,0.980
BL_W150_T1.2_D20,128589,90,0.900
BL_W150_T1.2_D20,129128,88,0.820
BL_W150_T1.2_D20,129667,86,0.740
BL_W150_T1.2_D20,130206,84,0.660
BL_W150_T1.2_D20,130745,82,0.580
BL_W150_T1.2_D20,131284,81,0.500
BL_W150_T1.2_D20,131823,79,0.420
BL_W150_T1.2_D20,132362,78,0.340
BL_W150_T1.2_D20,132852,76,0.260
BL_W150_T1.2_D20,133440,74,0.126
BL_W150_T1.2_D20,133979,73,0.050
BL_W150_T1.2_D20,123447,108,0.010
BL_W150_T1.2_D20,124997,102,0.010
BL_W150_T1.2_D25,126482,97,1.200
BL_W150_T1.2_D25,127021,95,1.140
BL_W150_T1.2_D25,127560,93,1.060
BL_W150_T1.2_D25,128050,92,0.980
BL_W150_T1.2_D25,128589,90,0.900
BL_W150_T1.2_D25,129128,88,0.820
BL_W150_T1.2_D25,129667,86,0.740
BL_W150_T1.2_D25,130206,84,0.660
BL_W150_T1.2_D25,130745,82,0.580
BL_W150_T1.2_D25,131284,81,0.500
BL_W150_T1.2_D25,131823,79,0.420
BL_W150_T1.2_D25,132362,78,0.340
BL_W150_T1.2_D25,132852,76,0.260
BL_W150_T1.2_D25,133440,74,0.126
BL_W150_T1.2_D25,133979,73,0.050
BL_W150_T1.2_D25,124997,102,0.010
BL_W150_T1.2_D30,126531,97,1.200
BL_W150_T1.2_D30,127021,95,1.140
BL_W150_T1.2_D30,127560,93,1.060
BL_W150_T1.2_D30,128050,92,0.980
BL_W150_T1.2_D30,128589,90,0.900
BL_W150_T1.2_D30,129128,88,0.820
BL_W150_T1.2_D30,129667,86,0.740
BL_W150_T1.2_D30,130206,84,0.660
BL_W150_T1.2_D30,130745,82,0.580
BL_W150_T1.2_D30,131284,81,0.500
BL_W150_T1.2_D30,131823,79,0.420
BL_W150_T1.2_D30,132362,78,0.340
BL_W150_T1.2_D30,132852,76,0.260
BL_W150_T1.2_D30,133440,74,0.126
BL_W150_T1.2_D30,133979,73,0.050
BL_W150_T1.5_D2,124947,102,1.200
BL_W150_T1.5_D2,125497,101,1.200
BL_W150_T1.5_D2,125992,99,1.200
BL_W150_T1.5_D2,126482,97,1.140
BL_W150_T1.5_D2,127021,95,1.060
BL_W150_T1.5_D2,127560,93,0.980
BL_W150_T1.5_D2,128050,92,0.900
BL_W150_T1.5_D2,128589,90,0.820
BL_W150_T1.5_D2,129128,88,0.740
BL_W150_T1.5_D2,129667,86,0.660
BL_W150_T1.5_D2,130206,84,0.580
BL_W150_T1.5_D2,130794,82,0.500
BL_W150_T1.5_D2,131333,81,0.420
BL_W150_T1.5_D2,131823,79,0.340
BL_W150_T1.5_D2,122297,112,0.260
BL_W150_T1.5_D2,132362,78,0.260
BL_W150_T1.5_D2,122797,110,0.126
BL_W150_T1.5_D2,132901,76,0.126
BL_W150_T1.5_D2,133440,74,0.050
BL_W150_T1.5_D2,123347,108,0.010
BL_W150_T1.5_D4,124947,102,1.200
BL_W150_T1.5_D4,125497,101,1.200
BL_W150_T1.5_D4,125992,99,1.200
BL_W150_T1.5_D4,126482,97,1.140
BL_W150_T1.5_D4,127021,95,1.060
BL_W150_T1.5_D4,127560,93,0.980
BL_W150_T1.5_D4,128050,92,0.900
BL_W150_T1.5_D4,128589,90,0.820
BL_W150_T1.5_D4,129128,88,0.740
BL_W150_T1.5_D4,129667,86,0.660
BL_W150_T1.5_D4,130206,84,0.580
BL_W150_T1.5_D4,130794,82,0.500
BL_W150_T1.5_D4,131333,81,0.420
BL_W150_T1.5_D4,131823,79,0.340
BL_W150_T1.5_D4,122347,112,0.260
BL_W150_T1.5_D4,132362,78,0.260
BL_W150_T1.5_D4,122797,110,0.126
BL_W150_T1.5_D4,132901,76,0.126
BL_W150_T1.5_D4,133440,74,0.050
BL_W150_T1.5_D4,123347,108,0.010
BL_W150_T1.5_D6,124947,102,1.200
BL_W150_T1.5_D6,125497,101,1.200
BL_W150_T1.5_D6,125992,99,1.200
BL_W150_T1.5_D6,126482,97,1.140
BL_W150_T1.5_D6,127021,95,1.060
BL_W150_T1.5_D6,127560,93,0.980
BL_W150_T1.5_D6,128050,92,0.900
BL_W150_T1.5_D6,128589,90,0.820
BL_W150_T1.5_D6,129128,88,0.740
BL_W150_T1.5_D6,129667,86,0.660
BL_W150_T1.5_D6,130206,84,0.580
BL_W150_T1.5_D6,130794,82,0.500
BL_W150_T1.5_D6,131333,81,0.420
BL_W150_T1.5_D6,131823,79,0.340
BL_W150_T1.5_D6,132362,78,0.260
BL_W150_T1.5_D6,122797,110,0.126
BL_W150_T1.5_D6,132901,76,0.126
BL_W150_T1.5_D6,133440,74,0.050
BL_W150_T1.5_D6,123347,108,0.010
BL_W150_T1.5_D8,124497,103,1.200
BL_W150_T1.5_D8,124947,102,1.200
BL_W150_T1.5_D8,125497,101,1.200
BL_W150_T1.5_D8,125992,99,1.200
BL_W150_T1.5_D8,126482,97,1.140
BL_W150_T1.5_D8,127021,95,1.060
BL_W150_T1.5_D8,127560,93,0.980
BL_W150_T1.5_D8,128050,92,0.900
BL_W150_T1.5_D8,128589,90,0.820
BL_W150_T1.5_D8,129128,88,0.740
BL_W150_T1.5_D8,129667,86,0.660
BL_W150_T1.5_D8,130206,84,0.580
BL_W150_T1.5_D8,130794,82,0.500
BL_W150_T1.5_D8,131333,81,0.420
BL_W150_T1.5_D8,131823,79,0.340
BL_W150_T1.5_D8,132362,78,0.260
BL_W150_T1.5_D8,122847,110,0.126
BL_W150_T1.5_D8,132901,76,0.126
BL_W150_T1.5_D8,133440,74,0.050
BL_W150_T1.5_D8,123397,108,0.010
BL_W150_T1.5_D10,124497,103,1.200
BL_W150_T1.5_D10,124947,102,1.200
BL_W150_T1.5_D10,125497,101,1.200
BL_W150_T1.5_D10,125943,99,1.200
BL_W150_T1.5_D10,126482,97,1.140
BL_W150_T1.5_D10,127021,95,1.060
BL_W150_T1.5_D10,127560,93,0.980
BL_W150_T1.5_D10,128050,92,0.900
BL_W150_T1.5_D10,128589,90,0.820
BL_W150_T1.5_D10,129128,88,0.740
BL_W150_T1.5_D10,129667,86,0.660
BL_W150_T1.5_D10,130206,84,0.580
BL_W150_T1.5_D10,130794,82,0.500
BL_W150_T1.5_D10,131333,81,0.420
BL_W150_T1.5_D10,131823,79,0.340
BL_W150_T1.5_D10,132362,78,0.260
BL_W150_T1.5_D10,122847,110,0.126
BL_W150_T1.5_D10,132901,76,0.126
BL_W150_T1.5_D10,133440,74,0.050
BL_W150_T1.5_D10,123397,108,0.010
BL_W150_T1.5_D15,124947,102,1.200
BL_W150_T1.5_D15,125497,101,1.200
BL_W150_T1.5_D15,125992,99,1.200
BL_W150_T1.5_D15,126482,97,1.140
BL_W150_T1.5_D15,127021,95,1.060
BL_W150_T1.5_D15,127560,93,0.980
BL_W150_T1.5_D15,128050,92,0.900
BL_W150_T1.5_D15,128589,90,0.820
BL_W150_T1.5_D15,129128,88,0.740
BL_W150_T1.5_D15,129667,86,0.660
BL_W150_T1.5_D15,130206,84,0.580
BL_W150_T1.5_D15,130794,82,0.500
BL_W150_T1.5_D15,131333,81,0.420
BL_W150_T1.5_D15,131823,79,0.340
BL_W150_T1.5_D15,132362,78,0.260
BL_W150_T1.5_D15,122897,110,0.126
BL_W150_T1.5_D15,132901,76,0.126
BL_W150_T1.5_D15,133440,74,0.050
BL_W150_T1.5_D15,123397,108,0.010
BL_W150_T1.5_D20,125992,99,1.200
BL_W150_T1.5_D20,126482,97,1.140
BL_W150_T1.5_D20,127021,95,1.060
BL_W150_T1.5_D20,127560,93,0.980
BL_W150_T1.5_D20,128050,92,0.900
BL_W150_T1.5_D20,128589,90,0.820
BL_W150_T1.5_D20,129128,88,0.740
BL_W150_T1.5_D20,129667,86,0.660
BL_W150_T1.5_D20,130206,84,0.580
BL_W150_T1.5_D20,130794,82,0.500
BL_W150_T1.5_D20,131333,81,0.420
BL_W150_T1.5_D20,131823,79,0.340
BL_W150_T1.5_D20,132362,78,0.260
BL_W150_T1.5_D20,132901,76,0.126
BL_W150_T1.5_D20,133440,74,0.050
BL_W150_T1.5_D20,123447,108,0.010
BL_W150_T1.5_D20,124997,102,0.010
BL_W150_T1.5_D25,126482,97,1.140
BL_W150_T1.5_D25,127021,95,1.060
BL_W150_T1.5_D25,127560,93,0.980
BL_W150_T1.5_D25,128050,92,0.900
BL_W150_T1.5_D25,128589,90,0.820
BL_W150_T1.5_D25,129128,88,0.740
BL_W150_T1.5_D25,129667,86,0.660
BL_W150_T1.5_D25,130206,84,0.580
BL_W150_T1.5_D25,130794,82,0.500
BL_W150_T1.5_D25,131333,81,0.420
BL_W150_T1.5_D25,131823,79,0.340
BL_W150_T1.5_D25,132362,78,0.260
BL_W150_T1.5_D25,132901,76,0.126
BL_W150_T1.5_D25,133440,74,0.050
BL_W150_T1.5_D25,124997,102,0.010
BL_W150_T1.5_D30,126531,97,1.140
BL_W150_T1.5_D30,127021,95,1.060
BL_W150_T1.5_D30,127560,93,0.980
BL_W150_T1.5_D30,128050,92,0.900
BL_W150_T1.5_D30,128589,90,0.820
BL_W150_T1.5_D30,129128,88,0.740
BL_W150_T1.5_D30,129667,86,0.660
BL_W150_T1.5_D30,130206,84,0.580
BL_W150_T1.5_D30,130745,82,0.500
BL_W150_T1.5_D30,131284,81,0.420
BL_W150_T1.5_D30,131823,79,0.340
BL_W150_T1.5_D30,132362,78,0.260
BL_W150_T1.5_D30,132901,76,0.126
BL_W150_T1.5_D30,133440,74,0.050
BL_W150_T1.7_D2,124947,102,1.200
BL_W150_T1.7_D2,125497,101,1.200
BL_W150_T1.7_D2,125992,99,1.200
BL_W150_T1.7_D2,126482,97,1.140
BL_W150_T1.7_D2,127021,95,1.060
BL_W150_T1.7_D2,127560,93,0.980
BL_W150_T1.7_D2,128050,92,0.900
BL_W150_T1.7_D2,128589,90,0.820
BL_W150_T1.7_D2,129128,88,0.740
BL_W150_T1.7_D2,129667,86,0.660
BL_W150_T1.7_D2,130206,84,0.580
BL_W150_T1.7_D2,130794,82,0.500
BL_W150_T1.7_D2,131333,81,0.420
BL_W150_T1.7_D2,131823,79,0.340
BL_W150_T1.7_D2,122297,112,0.260
BL_W150_T1.7_D2,132362,78,0.260
BL_W150_T1.7_D2,122797,110,0.126
BL_W150_T1.7_D2,132901,76,0.126
BL_W150_T1.7_D2,133440,74,0.050
BL_W150_T1.7_D2,123347,108,0.010
BL_W150_T1.7_D4,124947,102,1.200
BL_W150_T1.7_D4,125497,101,1.200
BL_W150_T1.7_D4,125992,99,1.200
BL_W150_T1.7_D4,126482,97,1.140
BL_W150_T1.7_D4,127021,95,1.060
BL_W150_T1.7_D4,127560,93,0.980
BL_W150_T1.7_D4,128050,92,0.900
BL_W150_T1.7_D4,128589,90,0.820
BL_W150_T1.7_D4,129128,88,0.740
BL_W150_T1.7_D4,129667,86,0.660
BL_W150_T1.7_D4,130206,84,0.580
BL_W150_T1.7_D4,130794,82,0.500
BL_W150_T1.7_D4,131333,81,0.420
BL_W150_T1.7_D4,131823,79,0.340
BL_W150_T1.7_D4,122347,112,0.260
BL_W150_T1.7_D4,132362,78,0.260
BL_W150_T1.7_D4,122797,110,0.126
BL_W150_T1.7_D4,132901,76,0.126
BL_W150_T1.7_D4,133440,74,0.050
BL_W150_T1.7_D4,123347,108,0.010
BL_W150_T1.7_D6,124947,102,1.200
BL_W150_T1.7_D6,125497,101,1.200
BL_W150_T1.7_D6,125992,99,1.200
BL_W150_T1.7_D6,126482,97,1.140
BL_W150_T1.7_D6,127021,95,1.060
BL_W150_T1.7_D6,127560,93,0.980
BL_W150_T1.7_D6,128050,92,0.900
BL_W150_T1.7_D6,128589,90,0.820
BL_W150_T1.7_D6,129128,88,0.740
BL_W150_T1.7_D6,129667,86,0.660
BL_W150_T1.7_D6,130206,84,0.580
BL_W150_T1.7_D6,130794,82,0.500
BL_W150_T1.7_D6,131333,81,0.420
BL_W150_T1.7_D6,131823,79,0.340
BL_W150_T1.7_D6,132362,78,0.260
BL_W150_T1.7_D6,122797,110,0.126
BL_W150_T1.7_D6,132901,76,0.126
BL_W150_T1.7_D6,133440,74,0.050
BL_W150_T1.7_D6,123347,108,0.010
BL_W150_T1.7_D8,124497,103,1.200
BL_W150_T1.7_D8,124947,102,1.200
BL_W150_T1.7_D8,125497,101,1.200
BL_W150_T1.7_D8,125992,99,1.200
BL_W150_T1.7_D8,126482,97,1.140
BL_W150_T1.7_D8,127021,95,1.060
BL_W150_T1.7_D8,127560,93,0.980
BL_W150_T1.7_D8,128050,92,0.900
BL_W150_T1.7_D8,128589,90,0.820
BL_W150_T1.7_D8,129128,88,0.740
BL_W150_T1.7_D8,129667,86,0.660
BL_W150_T1.7_D8,130206,84,0.580
BL_W150_T1.7_D8,130794,82,0.500
BL_W150_T1.7_D8,131333,81,0.420
BL_W150_T1.7_D8,131823,79,0.340
BL_W150_T1.7_D8,132362,78,0.260
BL_W150_T1.7_D8,122847,110,0.126
BL_W150_T1.7_D8,132901,76,0.126
BL_W150_T1.7_D8,133440,74,0.050
BL_W150_T1.7_D8,123397,108,0.010
BL_W150_T1.7_D10,124497,103,1.200
BL_W150_T1.7_D10,124947,102,1.200
BL_W150_T1.7_D10,125497,101,1.200
BL_W150_T1.7_D10,125943,99,1.200
BL_W150_T1.7_D10,126482,97,1.140
BL_W150_T1.7_D10,127021,95,1.060
BL_W150_T1.7_D10,127560,93,0.980
BL_W150_T1.7_D10,128050,92,0.900
BL_W150_T1.7_D10,128589,90,0.820
BL_W150_T1.7_D10,129128,88,0.740
BL_W150_T1.7_D10,129667,86,0.660
BL_W150_T1.7_D10,130206,84,0.580
BL_W150_T1.7_D10,130794,82,0.500
BL_W150_T1.7_D10,131333,81,0.420
BL_W150_T1.7_D10,131823,79,0.340
BL_W150_T1.7_D10,132362,78,0.260
BL_W150_T1.7_D10,122847,110,0.126
BL_W150_T1.7_D10,132901,76,0.126
BL_W150_T1.7_D10,133440,74,0.050
BL_W150_T1.7_D10,123397,108,0.010
BL_W150_T1.7_D15,124947,102,1.200
BL_W150_T1.7_D15,125497,101,1.200
BL_W150_T1.7_D15,125992,99,1.200
BL_W150_T1.7_D15,126482,97,1.140
BL_W150_T1.7_D15,127021,95,1.060
BL_W150_T1.7_D15,127560,93,0.980
BL_W150_T1.7_D15,128050,92,0.900
BL_W150_T1.7_D15,128589,90,0.820
BL_W150_T1.7_D15,129128,88,0.740
BL_W150_T1.7_D15,129667,86,0.660
BL_W150_T1.7_D15,130206,84,0.580
BL_W150_T1.7_D15,130794,82,0.500
BL_W150_T1.7_D15,131333,81,0.420
BL_W150_T1.7_D15,131823,79,0.340
BL_W150_T1.7_D15,132362,78,0.260
BL_W150_T1.7_D15,122897,110,0.126
BL_W150_T1.7_D15,132901,76,0.126
BL_W150_T1.7_D15,133440,74,0.050
BL_W150_T1.7_D15,123397,108,0.010
BL_W150_T1.7_D20,125992,99,1.200
BL_W150_T1.7_D20,126482,97,1.140
BL_W150_T1.7_D20,127021,95,1.060
BL_W150_T1.7_D20,127560,93,0.980
BL_W150_T1.7_D20,128050,92,0.900
BL_W150_T1.7_D20,128589,90,0.820
BL_W150_T1.7_D20,129128,88,0.740
BL_W150_T1.7_D20,129667,86,0.660
BL_W150_T1.7_D20,130206,84,0.580
BL_W150_T1.7_D20,130794,82,0.500
BL_W150_T1.7_D20,131333,81,0.420
BL_W150_T1.7_D20,131823,79,0.340
BL_W150_T1.7_D20,132362,78,0.260
BL_W150_T1.7_D20,132901,76,0.126
BL_W150_T1.7_D20,133440,74,0.050
BL_W150_T1.7_D20,123447,108,0.010
BL_W150_T1.7_D20,124997,102,0.010
BL_W150_T1.7_D25,126482,97,1.140
BL_W150_T1.7_D25,127021,95,1.060
BL_W150_T1.7_D25,127560,93,0.980
BL_W150_T1.7_D25,128050,92,0.900
BL_W150_T1.7_D25,128589,90,0.820
BL_W150_T1.7_D25,129128,88,0.740
BL_W150_T1.7_D25,129667,86,0.660
BL_W150_T1.7_D25,130206,84,0.580
BL_W150_T1.7_D25,130794,82,0.500
BL_W150_T1.7_D25,131333,81,0.420
BL_W150_T1.7_D25,131823,79,0.340
BL_W150_T1.7_D25,132362,78,0.260
BL_W150_T1.7_D25,132901,76,0.126
BL_W150_T1.7_D25,133440,74,0.050
BL_W150_T1.7_D25,124997,102,0.010
BL_W150_T1.7_D30,126531,97,1.140
BL_W150_T1.7_D30,127021,95,1.060
BL_W150_T1.7_D30,127560,93,0.980
BL_W150_T1.7_D30,128050,92,0.900
BL_W150_T1.7_D30,128589,90,0.820
BL_W150_T1.7_D30,129128,88,0.740
BL_W150_T1.7_D30,129667,86,0.660
BL_W150_T1.7_D30,130206,84,0.580
BL_W150_T1.7_D30,130745,82,0.500
BL_W150_T1.7_D30,131284,81,0.420
BL_W150_T1.7_D30,131823,79,0.340
BL_W150_T1.7_D30,132362,78,0.260
BL_W150_T1.7_D30,132901,76,0.126
BL_W150_T1.7_D30,133440,74,0.050
BL_W150_T2.0_D2,125992,99,0.820
BL_W150_T2.0_D2,126482,97,0.740
BL_W150_T2.0_D2,127021,95,0.660
BL_W150_T2.0_D2,127560,93,0.580
BL_W150_T2.0_D2,128099,92,0.500
BL_W150_T2.0_D2,128638,90,0.420
BL_W150_T2.0_D2,129128,88,0.340
BL_W150_T2.0_D2,122297,112,0.260
BL_W150_T2.0_D2,129667,86,0.260
BL_W150_T2.0_D2,122797,110,0.126
BL_W150_T2.0_D2,130206,84,0.126
BL_W150_T2.0_D2,132901,76,0.050
BL_W150_T2.0_D2,123347,108,0.010
BL_W150_T2.0_D2,124947,102,0.010
BL_W150_T2.0_D2,130794,82,0.010
BL_W150_T2.0_D2,131872,79,0.010
BL_W150_T2.0_D4,125992,99,0.820
BL_W150_T2.0_D4,126482,97,0.740
BL_W150_T2.0_D4,127021,95,0.660
BL_W150_T2.0_D4,127560,93,0.580
BL_W150_T2.0_D4,128099,92,0.500
BL_W150_T2.0_D4,128638,90,0.420
BL_W150_T2.0_D4,129128,88,0.340
BL_W150_T2.0_D4,122347,112,0.260
BL_W150_T2.0_D4,129667,86,0.260
BL_W150_T2.0_D4,122797,110,0.126
BL_W150_T2.0_D4,130206,84,0.126
BL_W150_T2.0_D4,132901,76,0.050
BL_W150_T2.0_D4,123347,108,0.010
BL_W150_T2.0_D4,124947,102,0.010
BL_W150_T2.0_D4,130794,82,0.010
BL_W150_T2.0_D4,131872,79,0.010
BL_W150_T2.0_D6,125992,99,0.820
BL_W150_T2.0_D6,126482,97,0.740
BL_W150_T2.0_D6,127021,95,0.660
BL_W150_T2.0_D6,127560,93,0.580
BL_W150_T2.0_D6,128099,92,0.500
BL_W150_T2.0_D6,128638,90,0.420
BL_W150_T2.0_D6,129128,88,0.340
BL_W150_T2.0_D6,129667,86,0.260
BL_W150_T2.0_D6,122797,110,0.126
BL_W150_T2.0_D6,130206,84,0.126
BL_W150_T2.0_D6,132901,76,0.050
BL_W150_T2.0_D6,123347,108,0.010
BL_W150_T2.0_D6,124947,102,0.010
BL_W150_T2.0_D6,130794,82,0.010
BL_W150_T2.0_D6,131872,79,0.010
BL_W150_T2.0_D8,125992,99,0.820
BL_W150_T2.0_D8,126482,97,0.740
BL_W150_T2.0_D8,127021,95,0.660
BL_W150_T2.0_D8,127560,93,0.580
BL_W150_T2.0_D8,128099,92,0.500
BL_W150_T2.0_D8,128638,90,0.420
BL_W150_T2.0_D8,129128,88,0.340
BL_W150_T2.0_D8,129667,86,0.260
BL_W150_T2.0_D8,122847,110,0.126
BL_W150_T2.0_D8,124497,103,0.126
BL_W150_T2.0_D8,130206,84,0.126
BL_W150_T2.0_D8,132901,76,0.050
BL_W150_T2.0_D8,123397,108,0.010
BL_W150_T2.0_D8,124947,102,0.010
BL_W150_T2.0_D8,130794,82,0.010
BL_W150_T2.0_D8,131872,79,0.010
BL_W150_T2.0_D10,124497,103,1.060
BL_W150_T2.0_D10,124947,102,0.980
BL_W150_T2.0_D10,125497,101,0.900
BL_W150_T2.0_D10,125943,99,0.820
BL_W150_T2.0_D10,126482,97,0.740
BL_W150_T2.0_D10,127021,95,0.660
BL_W150_T2.0_D10,127560,93,0.580
BL_W150_T2.0_D10,128099,92,0.500
BL_W150_T2.0_D10,128638,90,0.420
BL_W150_T2.0_D10,129128,88,0.340
BL_W150_T2.0_D10,129667,86,0.260
BL_W150_T2.0_D10,122847,110,0.126
BL_W150_T2.0_D10,130206,84,0.126
BL_W150_T2.0_D10,132901,76,0.050
BL_W150_T2.0_D10,123397,108,0.010
BL_W150_T2.0_D10,130794,82,0.010
BL_W150_T2.0_D10,131872,79,0.010
BL_W150_T2.0_D15,124947,102,0.980
BL_W150_T2.0_D15,125497,101,0.900
BL_W150_T2.0_D15,125992,99,0.820
BL_W150_T2.0_D15,126482,97,0.740
BL_W150_T2.0_D15,127021,95,0.660
BL_W150_T2.0_D15,127560,93,0.580
BL_W150_T2.0_D15,128099,92,0.500
BL_W150_T2.0_D15,128638,90,0.420
BL_W150_T2.0_D15,129128,88,0.340
BL_W150_T2.0_D15,129667,86,0.260
BL_W150_T2.0_D15,122897,110,0.126
BL_W150_T2.0_D15,130206,84,0.126
BL_W150_T2.0_D15,132901,76,0.050
BL_W150_T2.0_D15,123397,108,0.010
BL_W150_T2.0_D15,130794,82,0.010
BL_W150_T2.0_D15,131872,79,0.010
BL_W150_T2.0_D20,125992,99,0.820
BL_W150_T2.0_D20,126482,97,0.740
BL_W150_T2.0_D20,127021,95,0.660
BL_W150_T2.0_D20,127560,93,0.580
BL_W150_T2.0_D20,128050,92,0.500
BL_W150_T2.0_D20,128589,90,0.420
BL_W150_T2.0_D20,129128,88,0.340
BL_W150_T2.0_D20,129667,86,0.260
BL_W150_T2.0_D20,130206,84,0.126
BL_W150_T2.0_D20,132901,76,0.050
BL_W150_T2.0_D20,123447,108,0.010
BL_W150_T2.0_D20,124997,102,0.010
BL_W150_T2.0_D20,130794,82,0.010
BL_W150_T2.0_D20,131872,79,0.010
BL_W150_T2.0_D25,126482,97,0.740
BL_W150_T2.0_D25,127021,95,0.660
BL_W150_T2.0_D25,127560,93,0.580
BL_W150_T2.0_D25,128050,92,0.500
BL_W150_T2.0_D25,128589,90,0.420
BL_W150_T2.0_D25,129128,88,0.340
BL_W150_T2.0_D25,129667,86,0.260
BL_W150_T2.0_D25,130206,84,0.126
BL_W150_T2.0_D25,132901,76,0.050
BL_W150_T2.0_D25,124997,102,0.010
BL_W150_T2.0_D25,130794,82,0.010
BL_W150_T2.0_D25,131872,79,0.010
BL_W150_T2.0_D30,126531,97,1.060
BL_W150_T2.0_D30,127021,95,0.980
BL_W150_T2.0_D30,127560,93,0.900
BL_W150_T2.0_D30,128050,92,0.820
BL_W150_T2.0_D30,128589,90,0.740
BL_W150_T2.0_D30,129128,88,0.660
BL_W150_T2.0_D30,129667,86,0.580
BL_W150_T2.0_D30,130206,84,0.500
BL_W150_T2.0_D30,130745,82,0.420
BL_W150_T2.0_D30,131284,81,0.340
BL_W150_T2.0_D30,131823,79,0.260
BL_W150_T2.0_D30,132362,78,0.126
BL_W150_T2.0_D30,132901,76,0.050
BL_W150_T2.2_D2,125992,99,0.740
BL_W150_T2.2_D2,126482,97,0.660
BL_W150_T2.2_D2,127021,95,0.580
BL_W150_T2.2_D2,127609,93,0.500
BL_W150_T2.2_D2,128099,92,0.420
BL_W150_T2.2_D2,128638,90,0.340
BL_W150_T2.2_D2,122297,112,0.260
BL_W150_T2.2_D2,129128,88,0.260
BL_W150_T2.2_D2,122797,110,0.126
BL_W150_T2.2_D2,129716,86,0.126
BL_W150_T2.2_D2,132901,76,0.050
BL_W150_T2.2_D2,123347,108,0.010
BL_W150_T2.2_D2,124947,102,0.010
BL_W150_T2.2_D2,130255,84,0.010
BL_W150_T2.2_D2,131872,79,0.010
BL_W150_T2.2_D4,125992,99,0.740
BL_W150_T2.2_D4,126482,97,0.660
BL_W150_T2.2_D4,127021,95,0.580
BL_W150_T2.2_D4,127609,93,0.500
BL_W150_T2.2_D4,128099,92,0.420
BL_W150_T2.2_D4,128638,90,0.340
BL_W150_T2.2_D4,122347,112,0.260
BL_W150_T2.2_D4,129128,88,0.260
BL_W150_T2.2_D4,122797,110,0.126
BL_W150_T2.2_D4,129716,86,0.126
BL_W150_T2.2_D4,132901,76,0.050
BL_W150_T2.2_D4,123347,108,0.010
BL_W150_T2.2_D4,124947,102,0.010
BL_W150_T2.2_D4,130255,84,0.010
BL_W150_T2.2_D4,131872,79,0.010
BL_W150_T2.2_D6,125992,99,0.740
BL_W150_T2.2_D6,126482,97,0.660
BL_W150_T2.2_D6,127021,95,0.580
BL_W150_T2.2_D6,127609,93,0.500
BL_W150_T2.2_D6,128099,92,0.420
BL_W150_T2.2_D6,128638,90,0.340
BL_W150_T2.2_D6,129128,88,0.260
BL_W150_T2.2_D6,122797,110,0.126
BL_W150_T2.2_D6,129716,86,0.126
BL_W150_T2.2_D6,132901,76,0.050
BL_W150_T2.2_D6,123347,108,0.010
BL_W150_T2.2_D6,124947,102,0.010
BL_W150_T2.2_D6,130255,84,0.010
BL_W150_T2.2_D6,131872,79,0.010
BL_W150_T2.2_D8,125992,99,0.740
BL_W150_T2.2_D8,126482,97,0.660
BL_W150_T2.2_D8,127021,95,0.580
BL_W150_T2.2_D8,127609,93,0.500
BL_W150_T2.2_D8,128099,92,0.420
BL_W150_T2.2_D8,128638,90,0.340
BL_W150_T2.2_D8,129128,88,0.260
BL_W150_T2.2_D8,122847,110,0.126
BL_W150_T2.2_D8,124497,103,0.126
BL_W150_T2.2_D8,129716,86,0.126
BL_W150_T2.2_D8,132901,76,0.050
BL_W150_T2.2_D8,123397,108,0.010
BL_W150_T2.2_D8,124947,102,0.010
BL_W150_T2.2_D8,130255,84,0.010
BL_W150_T2.2_D8,131872,79,0.010
BL_W150_T2.2_D10,124497,103,0.980
BL_W150_T2.2_D10,124947,102,0.900
BL_W150_T2.2_D10,125497,101,0.820
BL_W150_T2.2_D10,125943,99,0.740
BL_W150_T2.2_D10,126482,97,0.660
BL_W150_T2.2_D10,127021,95,0.580
BL_W150_T2.2_D10,127609,93,0.500
BL_W150_T2.2_D10,128099,92,0.420
BL_W150_T2.2_D10,128638,90,0.340
BL_W150_T2.2_D10,129128,88,0.260
BL_W150_T2.2_D10,122847,110,0.126
BL_W150_T2.2_D10,129716,86,0.126
BL_W150_T2.2_D10,132901,76,0.050
BL_W150_T2.2_D10,123397,108,0.010
BL_W150_T2.2_D10,130255,84,0.010
BL_W150_T2.2_D10,131872,79,0.010
BL_W150_T2.2_D15,124947,102,0.900
BL_W150_T2.2_D15,125497,101,0.820
BL_W150_T2.2_D15,125992,99,0.740
BL_W150_T2.2_D15,126482,97,0.660
BL_W150_T2.2_D15,127021,95,0.580
BL_W150_T2.2_D15,127609,93,0.500
BL_W150_T2.2_D15,128099,92,0.420
BL_W150_T2.2_D15,128638,90,0.340
BL_W150_T2.2_D15,129128,88,0.260
BL_W150_T2.2_D15,122897,110,0.126
BL_W150_T2.2_D15,129716,86,0.126
BL_W150_T2.2_D15,132901,76,0.050
BL_W150_T2.2_D15,123397,108,0.010
BL_W150_T2.2_D15,130255,84,0.010
BL_W150_T2.2_D15,131872,79,0.010
BL_W150_T2.2_D20,125992,99,0.740
BL_W150_T2.2_D20,126482,97,0.660
BL_W150_T2.2_D20,127021,95,0.580
BL_W150_T2.2_D20,127560,93,0.500
BL_W150_T2.2_D20,128050,92,0.420
BL_W150_T2.2_D20,128589,90,0.340
BL_W150_T2.2_D20,129128,88,0.260
BL_W150_T2.2_D20,129716,86,0.126
BL_W150_T2.2_D20,132901,76,0.050
BL_W150_T2.2_D20,123447,108,0.010
BL_W150_T2.2_D20,124997,102,0.010
BL_W150_T2.2_D20,130255,84,0.010
BL_W150_T2.2_D20,131872,79,0.010
BL_W150_T2.2_D25,126482,97,0.660
BL_W150_T2.2_D25,127021,95,0.580
BL_W150_T2.2_D25,127560,93,0.500
BL_W150_T2.2_D25,128050,92,0.420
BL_W150_T2.2_D25,128589,90,0.340
BL_W150_T2.2_D25,129128,88,0.260
BL_W150_T2.2_D25,129667,86,0.126
BL_W150_T2.2_D25,132901,76,0.050
BL_W150_T2.2_D25,124997,102,0.010
BL_W150_T2.2_D25,130206,84,0.010
BL_W150_T2.2_D25,131872,79,0.010
BL_W150_T2.2_D30,126531,97,1.060
BL_W150_T2.2_D30,127021,95,0.980
BL_W150_T2.2_D30,127560,93,0.900
BL_W150_T2.2_D30,128050,92,0.820
BL_W150_T2.2_D30,128589,90,0.740
BL_W150_T2.2_D30,129128,88,0.660
BL_W150_T2.2_D30,129667,86,0.580
BL_W150_T2.2_D30,130206,84,0.500
BL_W150_T2.2_D30,130745,82,0.420
BL_W150_T2.2_D30,131284,81,0.340
BL_W150_T2.2_D30,131823,79,0.260
BL_W150_T2.2_D30,132362,78,0.126
BL_W150_T2.2_D30,132901,76,0.050
BL_W150_T2.4_D2,122297,112,0.260
BL_W150_T2.4_D2,125992,99,0.260
BL_W150_T2.4_D2,122797,110,0.126
BL_W150_T2.4_D2,126531,97,0.126
BL_W150_T2.4_D2,130255,84,0.050
BL_W150_T2.4_D2,123397,108,0.010
BL_W150_T2.4_D2,124947,102,0.010
BL_W150_T2.4_D2,127021,95,0.010
BL_W150_T2.4_D2,128099,92,0.010
BL_W150_T2.4_D4,122347,112,0.260
BL_W150_T2.4_D4,125992,99,0.260
BL_W150_T2.4_D4,122797,110,0.126
BL_W150_T2.4_D4,126531,97,0.126
BL_W150_T2.4_D4,130255,84,0.050
BL_W150_T2.4_D4,123347,108,0.010
BL_W150_T2.4_D4,124947,102,0.010
BL_W150_T2.4_D4,127021,95,0.010
BL_W150_T2.4_D4,128099,92,0.010
BL_W150_T2.4_D6,125992,99,0.260
BL_W150_T2.4_D6,122797,110,0.126
BL_W150_T2.4_D6,126531,97,0.126
BL_W150_T2.4_D6,130255,84,0.050
BL_W150_T2.4_D6,123347,108,0.010
BL_W150_T2.4_D6,124947,102,0.010
BL_W150_T2.4_D6,127021,95,0.010
BL_W150_T2.4_D6,128099,92,0.010
BL_W150_T2.4_D8,125992,99,0.260
BL_W150_T2.4_D8,122847,110,0.126
BL_W150_T2.4_D8,124497,103,0.126
BL_W150_T2.4_D8,126531,97,0.126
BL_W150_T2.4_D8,130255,84,0.050
BL_W150_T2.4_D8,123397,108,0.010
BL_W150_T2.4_D8,124947,102,0.010
BL_W150_T2.4_D8,127021,95,0.010
BL_W150_T2.4_D8,128099,92,0.010
BL_W150_T2.4_D10,124497,103,0.500
BL_W150_T2.4_D10,124947,102,0.420
BL_W150_T2.4_D10,125497,101,0.340
BL_W150_T2.4_D10,125943,99,0.260
BL_W150_T2.4_D10,122847,110,0.126
BL_W150_T2.4_D10,126531,97,0.126
BL_W150_T2.4_D10,130255,84,0.050
BL_W150_T2.4_D10,123397,108,0.010
BL_W150_T2.4_D10,127021,95,0.010
BL_W150_T2.4_D10,128099,92,0.010
BL_W150_T2.4_D15,124947,102,0.420
BL_W150_T2.4_D15,125497,101,0.340
BL_W150_T2.4_D15,125992,99,0.260
BL_W150_T2.4_D15,122897,110,0.126
BL_W150_T2.4_D15,126482,97,0.126
BL_W150_T2.4_D15,130255,84,0.050
BL_W150_T2.4_D15,123397,108,0.010
BL_W150_T2.4_D15,127021,95,0.010
BL_W150_T2.4_D15,128099,92,0.010
BL_W150_T2.4_D20,125992,99,0.580
BL_W150_T2.4_D20,126482,97,0.500
BL_W150_T2.4_D20,127021,95,0.420
BL_W150_T2.4_D20,127560,93,0.340
BL_W150_T2.4_D20,128050,92,0.260
BL_W150_T2.4_D20,128589,90,0.126
BL_W150_T2.4_D20,130255,84,0.050
BL_W150_T2.4_D20,123447,108,0.010
BL_W150_T2.4_D20,124997,102,0.010
BL_W150_T2.4_D20,129128,88,0.010
BL_W150_T2.4_D25,126482,97,0.660
BL_W150_T2.4_D25,127021,95,0.580
BL_W150_T2.4_D25,127560,93,0.500
BL_W150_T2.4_D25,128050,92,0.420
BL_W150_T2.4_D25,128589,90,0.340
BL_W150_T2.4_D25,129128,88,0.260
BL_W150_T2.4_D25,129667,86,0.126
BL_W150_T2.4_D25,130206,84,0.050
BL_W150_T2.4_D25,124997,102,0.010
BL_W150_T2.4_D30,126531,97,0.980
BL_W150_T2.4_D30,127021,95,0.900
BL_W150_T2.4_D30,127560,93,0.820
BL_W150_T2.4_D30,128050,92,0.740
BL_W150_T2.4_D30,128589,90,0.660
BL_W150_T2.4_D30,129128,88,0.580
BL_W150_T2.4_D30,129667,86,0.500
BL_W150_T2.4_D30,130206,84,0.420
BL_W150_T2.4_D30,130745,82,0.340
BL_W150_T2.4_D30,131284,81,0.260
BL_W150_T2.4_D30,131823,79,0.126
BL_W150_T2.4_D30,132362,78,0.050
BL_W150_T2.7_D2,122297,112,0.260
BL_W150_T2.7_D2,122797,110,0.126
BL_W150_T2.7_D2,126531,97,0.126
BL_W150_T2.7_D2,128099,92,0.050
BL_W150_T2.7_D2,123397,108,0.010
BL_W150_T2.7_D2,124997,102,0.010
BL_W150_T2.7_D2,127021,95,0.010
BL_W150_T2.7_D4,122347,112,0.260
BL_W150_T2.7_D4,122797,110,0.126
BL_W150_T2.7_D4,126531,97,0.126
BL_W150_T2.7_D4,128099,92,0.050
BL_W150_T2.7_D4,123347,108,0.010
BL_W150_T2.7_D4,124997,102,0.010
BL_W150_T2.7_D4,127021,95,0.010
BL_W150_T2.7_D6,122797,110,0.126
BL_W150_T2.7_D6,126531,97,0.126
BL_W150_T2.7_D6,128099,92,0.050
BL_W150_T2.7_D6,123347,108,0.010
BL_W150_T2.7_D6,124997,102,0.010
BL_W150_T2.7_D6,127021,95,0.010
BL_W150_T2.7_D8,122847,110,0.126
BL_W150_T2.7_D8,124497,103,0.126
BL_W150_T2.7_D8,126531,97,0.126
BL_W150_T2.7_D8,128099,92,0.050
BL_W150_T2.7_D8,123397,108,0.010
BL_W150_T2.7_D8,124947,102,0.010
BL_W150_T2.7_D8,127021,95,0.010
BL_W150_T2.7_D10,124497,103,0.500
BL_W150_T2.7_D10,124947,102,0.420
BL_W150_T2.7_D10,125497,101,0.340
BL_W150_T2.7_D10,125943,99,0.260
BL_W150_T2.7_D10,122847,110,0.126
BL_W150_T2.7_D10,126531,97,0.126
BL_W150_T2.7_D10,128099,92,0.050
BL_W150_T2.7_D10,123397,108,0.010
BL_W150_T2.7_D10,127021,95,0.010
BL_W150_T2.7_D15,124947,102,0.420
BL_W150_T2.7_D15,125497,101,0.340
BL_W150_T2.7_D15,125992,99,0.260
BL_W150_T2.7_D15,122897,110,0.126
BL_W150_T2.7_D15,126482,97,0.126
BL_W150_T2.7_D15,128099,92,0.050
BL_W150_T2.7_D15,123397,108,0.010
BL_W150_T2.7_D15,127021,95,0.010
BL_W150_T2.7_D20,125992,99,0.580
BL_W150_T2.7_D20,126482,97,0.500
BL_W150_T2.7_D20,127021,95,0.420
BL_W150_T2.7_D20,127560,93,0.340
BL_W150_T2.7_D20,128050,92,0.260
BL_W150_T2.7_D20,128589,90,0.126
BL_W150_T2.7_D20,129128,88,0.050
BL_W150_T2.7_D20,123447,108,0.010
BL_W150_T2.7_D20,124997,102,0.010
BL_W150_T2.7_D25,126482,97,0.660
BL_W150_T2.7_D25,127021,95,0.580
BL_W150_T2.7_D25,127560,93,0.500
BL_W150_T2.7_D25,128050,92,0.420
BL_W150_T2.7_D25,128589,90,0.340
BL_W150_T2.7_D25,129128,88,0.260
BL_W150_T2.7_D25,129667,86,0.126
BL_W150_T2.7_D25,130206,84,0.050
BL_W150_T2.7_D25,124997,102,0.010
BL_W150_T2.7_D30,126531,97,0.980
BL_W150_T2.7_D30,127021,95,0.900
BL_W150_T2.7_D30,127560,93,0.820
BL_W150_T2.7_D30,128050,92,0.740
BL_W150_T2.7_D30,128589,90,0.660
BL_W150_T2.7_D30,129128,88,0.580
BL_W150_T2.7_D30,129667,86,0.500
BL_W150_T2.7_D30,130206,84,0.420
BL_W150_T2.7_D30,130745,82,0.340
BL_W150_T2.7_D30,131284,81,0.260
BL_W150_T2.7_D30,131823,79,0.126
BL_W150_T2.7_D30,132362,78,0.050
BL_W150_T3.0_D2,122297,112,0.260
BL_W150_T3.0_D2,122797,110,0.126
BL_W150_T3.0_D2,126531,97,0.126
BL_W150_T3.0_D2,127070,95,0.050
BL_W150_T3.0_D2,123397,108,0.010
BL_W150_T3.0_D2,124997,102,0.010
BL_W150_T3.0_D4,122347,112,0.260
BL_W150_T3.0_D4,122797,110,0.126
BL_W150_T3.0_D4,126531,97,0.126
BL_W150_T3.0_D4,127070,95,0.050
BL_W150_T3.0_D4,123347,108,0.010
BL_W150_T3.0_D4,124997,102,0.010
BL_W150_T3.0_D6,122797,110,0.126
BL_W150_T3.0_D6,126531,97,0.126
BL_W150_T3.0_D6,127070,95,0.050
BL_W150_T3.0_D6,123347,108,0.010
BL_W150_T3.0_D6,124997,102,0.010
BL_W150_T3.0_D8,122847,110,0.126
BL_W150_T3.0_D8,124497,103,0.126
BL_W150_T3.0_D8,126531,97,0.126
BL_W150_T3.0_D8,127070,95,0.050
BL_W150_T3.0_D8,123397,108,0.010
BL_W150_T3.0_D8,124947,102,0.010
BL_W150_T3.0_D10,124497,103,0.500
BL_W150_T3.0_D10,124947,102,0.420
BL_W150_T3.0_D10,125497,101,0.340
BL_W150_T3.0_D10,125943,99,0.260
BL_W150_T3.0_D10,122847,110,0.126
BL_W150_T3.0_D10,126531,97,0.126
BL_W150_T3.0_D10,127070,95,0.050
BL_W150_T3.0_D10,123397,108,0.010
BL_W150_T3.0_D15,124947,102,0.420
BL_W150_T3.0_D15,125497,101,0.340
BL_W150_T3.0_D15,125992,99,0.260
BL_W150_T3.0_D15,122897,110,0.126
BL_W150_T3.0_D15,126482,97,0.126
BL_W150_T3.0_D15,127021,95,0.050
BL_W150_T3.0_D15,123397,108,0.010
BL_W150_T3.0_D20,125992,99,0.580
BL_W150_T3.0_D20,126482,97,0.500
BL_W150_T3.0_D20,127021,95,0.420
BL_W150_T3.0_D20,127560,93,0.340
BL_W150_T3.0_D20,128050,92,0.260
BL_W150_T3.0_D20,128589,90,0.126
BL_W150_T3.0_D20,129128,88,0.050
BL_W150_T3.0_D20,123447,108,0.010
BL_W150_T3.0_D20,124997,102,0.010
BL_W150_T3.0_D25,126482,97,0.660
BL_W150_T3.0_D25,127021,95,0.580
BL_W150_T3.0_D25,127560,93,0.500
BL_W150_T3.0_D25,128050,92,0.420
BL_W150_T3.0_D25,128589,90,0.340
BL_W150_T3.0_D25,129128,88,0.260
BL_W150_T3.0_D25,129667,86,0.126
BL_W150_T3.0_D25,130206,84,0.050
BL_W150_T3.0_D25,124997,102,0.010
BL_W150_T3.0_D30,126531,97,0.980
BL_W150_T3.0_D30,127021,95,0.900
BL_W150_T3.0_D30,127560,93,0.820
BL_W150_T3.0_D30,128050,92,0.740
BL_W150_T3.0_D30,128589,90,0.660
BL_W150_T3.0_D30,129128,88,0.580
BL_W150_T3.0_D30,129667,86,0.500
BL_W150_T3.0_D30,130206,84,0.420
BL_W150_T3.0_D30,130745,82,0.340
BL_W150_T3.0_D30,131284,81,0.260
BL_W150_T3.0_D30,131823,79,0.126
BL_W150_T3.0_D30,132362,78,0.050
BL_W160_T1.2_D2,124497,103,1.200
BL_W160_T1.2_D2,124947,102,1.200
BL_W160_T1.2_D2,125497,101,1.200
BL_W160_T1.2_D2,125943,99,1.200
BL_W160_T1.2_D2,126482,97,1.200
BL_W160_T1.2_D2,127021,95,1.140
BL_W160_T1.2_D2,127560,93,1.060
BL_W160_T1.2_D2,128050,92,0.980
BL_W160_T1.2_D2,128589,90,0.900
BL_W160_T1.2_D2,129128,88,0.820
BL_W160_T1.2_D2,129667,86,0.740
BL_W160_T1.2_D2,130206,84,0.660
BL_W160_T1.2_D2,130745,82,0.580
BL_W160_T1.2_D2,131284,81,0.500
BL_W160_T1.2_D2,131823,79,0.420
BL_W160_T1.2_D2,132362,78,0.340
BL_W160_T1.2_D2,132852,76,0.260
BL_W160_T1.2_D2,122797,110,0.126
BL_W160_T1.2_D2,133440,74,0.126
BL_W160_T1.2_D2,133979,73,0.050
BL_W160_T1.2_D4,124497,103,1.200
BL_W160_T1.2_D4,124947,102,1.200
BL_W160_T1.2_D4,125497,101,1.200
BL_W160_T1.2_D4,125943,99,1.200
BL_W160_T1.2_D4,126482,97,1.200
BL_W160_T1.2_D4,127021,95,1.140
BL_W160_T1.2_D4,127560,93,1.060
BL_W160_T1.2_D4,128050,92,0.980
BL_W160_T1.2_D4,128589,90,0.900
BL_W160_T1.2_D4,129128,88,0.820
BL_W160_T1.2_D4,129667,86,0.740
BL_W160_T1.2_D4,130206,84,0.660
BL_W160_T1.2_D4,130745,82,0.580
BL_W160_T1.2_D4,131284,81,0.500
BL_W160_T1.2_D4,131823,79,0.420
BL_W160_T1.2_D4,132362,78,0.340
BL_W160_T1.2_D4,132852,76,0.260
BL_W160_T1.2_D4,122797,110,0.126
BL_W160_T1.2_D4,133440,74,0.126
BL_W160_T1.2_D4,133979,73,0.050
BL_W160_T1.2_D6,124497,103,1.200
BL_W160_T1.2_D6,124947,102,1.200
BL_W160_T1.2_D6,125497,101,1.200
BL_W160_T1.2_D6,125943,99,1.200
BL_W160_T1.2_D6,126482,97,1.200
BL_W160_T1.2_D6,127021,95,1.140
BL_W160_T1.2_D6,127560,93,1.060
BL_W160_T1.2_D6,128050,92,0.980
BL_W160_T1.2_D6,128589,90,0.900
BL_W160_T1.2_D6,129128,88,0.820
BL_W160_T1.2_D6,129667,86,0.740
BL_W160_T1.2_D6,130206,84,0.660
BL_W160_T1.2_D6,130745,82,0.580
BL_W160_T1.2_D6,131284,81,0.500
BL_W160_T1.2_D6,131823,79,0.420
BL_W160_T1.2_D6,132362,78,0.340
BL_W160_T1.2_D6,132852,76,0.260
BL_W160_T1.2_D6,122797,110,0.126
BL_W160_T1.2_D6,133440,74,0.126
BL_W160_T1.2_D6,133979,73,0.050
BL_W160_T1.2_D8,124497,103,1.200
BL_W160_T1.2_D8,124947,102,1.200
BL_W160_T1.2_D8,125497,101,1.200
BL_W160_T1.2_D8,125943,99,1.200
BL_W160_T1.2_D8,126482,97,1.200
BL_W160_T1.2_D8,127021,95,1.140
BL_W160_T1.2_D8,127560,93,1.060
BL_W160_T1.2_D8,128050,92,0.980
BL_W160_T1.2_D8,128589,90,0.900
BL_W160_T1.2_D8,129128,88,0.820
BL_W160_T1.2_D8,129667,86,0.740
BL_W160_T1.2_D8,130206,84,0.660
BL_W160_T1.2_D8,130745,82,0.580
BL_W160_T1.2_D8,131284,81,0.500
BL_W160_T1.2_D8,131823,79,0.420
BL_W160_T1.2_D8,132362,78,0.340
BL_W160_T1.2_D8,132852,76,0.260
BL_W160_T1.2_D8,122847,110,0.126
BL_W160_T1.2_D8,133440,74,0.126
BL_W160_T1.2_D8,133979,73,0.050
BL_W160_T1.2_D10,124497,103,1.200
BL_W160_T1.2_D10,124947,102,1.200
BL_W160_T1.2_D10,125497,101,1.200
BL_W160_T1.2_D10,125943,99,1.200
BL_W160_T1.2_D10,126482,97,1.200
BL_W160_T1.2_D10,127021,95,1.140
BL_W160_T1.2_D10,127560,93,1.060
BL_W160_T1.2_D10,128050,92,0.980
BL_W160_T1.2_D10,128589,90,0.900
BL_W160_T1.2_D10,129128,88,0.820
BL_W160_T1.2_D10,129667,86,0.740
BL_W160_T1.2_D10,130206,84,0.660
BL_W160_T1.2_D10,130745,82,0.580
BL_W160_T1.2_D10,131284,81,0.500
BL_W160_T1.2_D10,131823,79,0.420
BL_W160_T1.2_D10,132362,78,0.340
BL_W160_T1.2_D10,132852,76,0.260
BL_W160_T1.2_D10,122847,110,0.126
BL_W160_T1.2_D10,133440,74,0.126
BL_W160_T1.2_D10,133979,73,0.050
BL_W160_T1.2_D15,124947,102,1.200
BL_W160_T1.2_D15,125497,101,1.200
BL_W160_T1.2_D15,125992,99,1.200
BL_W160_T1.2_D15,126482,97,1.200
BL_W160_T1.2_D15,127021,95,1.140
BL_W160_T1.2_D15,127560,93,1.060
BL_W160_T1.2_D15,128050,92,0.980
BL_W160_T1.2_D15,128589,90,0.900
BL_W160_T1.2_D15,129128,88,0.820
BL_W160_T1.2_D15,129667,86,0.740
BL_W160_T1.2_D15,130206,84,0.660
BL_W160_T1.2_D15,130745,82,0.580
BL_W160_T1.2_D15,131284,81,0.500
BL_W160_T1.2_D15,131823,79,0.420
BL_W160_T1.2_D15,132362,78,0.340
BL_W160_T1.2_D15,132852,76,0.260
BL_W160_T1.2_D15,122897,110,0.126
BL_W160_T1.2_D15,133440,74,0.126
BL_W160_T1.2_D15,133979,73,0.050
BL_W160_T1.2_D15,123397,108,0.010
BL_W160_T1.2_D20,125992,99,1.200
BL_W160_T1.2_D20,126482,97,1.200
BL_W160_T1.2_D20,127021,95,1.140
BL_W160_T1.2_D20,127560,93,1.060
BL_W160_T1.2_D20,128050,92,0.980
BL_W160_T1.2_D20,128589,90,0.900
BL_W160_T1.2_D20,129128,88,0.820
BL_W160_T1.2_D20,129667,86,0.740
BL_W160_T1.2_D20,130206,84,0.660
BL_W160_T1.2_D20,130745,82,0.580
BL_W160_T1.2_D20,131284,81,0.500
BL_W160_T1.2_D20,131823,79,0.420
BL_W160_T1.2_D20,132362,78,0.340
BL_W160_T1.2_D20,132852,76,0.260
BL_W160_T1.2_D20,133440,74,0.126
BL_W160_T1.2_D20,133979,73,0.050
BL_W160_T1.2_D20,123447,108,0.010
BL_W160_T1.2_D20,124997,102,0.010
BL_W160_T1.2_D25,126482,97,1.200
BL_W160_T1.2_D25,127021,95,1.140
BL_W160_T1.2_D25,127560,93,1.060
BL_W160_T1.2_D25,128050,92,0.980
BL_W160_T1.2_D25,128589,90,0.900
BL_W160_T1.2_D25,129128,88,0.820
BL_W160_T1.2_D25,129667,86,0.740
BL_W160_T1.2_D25,130206,84,0.660
BL_W160_T1.2_D25,130745,82,0.580
BL_W160_T1.2_D25,131284,81,0.500
BL_W160_T1.2_D25,131823,79,0.420
BL_W160_T1.2_D25,132362,78,0.340
BL_W160_T1.2_D25,132852,76,0.260
BL_W160_T1.2_D25,133440,74,0.126
BL_W160_T1.2_D25,133979,73,0.050
BL_W160_T1.2_D25,124997,102,0.010
BL_W160_T1.2_D30,126531,97,1.200
BL_W160_T1.2_D30,127021,95,1.140
BL_W160_T1.2_D30,127560,93,1.060
BL_W160_T1.2_D30,128050,92,0.980
BL_W160_T1.2_D30,128589,90,0.900
BL_W160_T1.2_D30,129128,88,0.820
BL_W160_T1.2_D30,129667,86,0.740
BL_W160_T1.2_D30,130206,84,0.660
BL_W160_T1.2_D30,130745,82,0.580
BL_W160_T1.2_D30,131284,81,0.500
BL_W160_T1.2_D30,131823,79,0.420
BL_W160_T1.2_D30,132362,78,0.340
BL_W160_T1.2_D30,132852,76,0.260
BL_W160_T1.2_D30,133440,74,0.126
BL_W160_T1.2_D30,133979,73,0.050
BL_W160_T1.5_D2,124947,102,1.200
BL_W160_T1.5_D2,125497,101,1.200
BL_W160_T1.5_D2,125992,99,1.200
BL_W160_T1.5_D2,126482,97,1.140
BL_W160_T1.5_D2,127021,95,1.060
BL_W160_T1.5_D2,127560,93,0.980
BL_W160_T1.5_D2,128050,92,0.900
BL_W160_T1.5_D2,128589,90,0.820
BL_W160_T1.5_D2,129128,88,0.740
BL_W160_T1.5_D2,129667,86,0.660
BL_W160_T1.5_D2,130206,84,0.580
BL_W160_T1.5_D2,130794,82,0.500
BL_W160_T1.5_D2,131333,81,0.420
BL_W160_T1.5_D2,131823,79,0.340
BL_W160_T1.5_D2,132362,78,0.260
BL_W160_T1.5_D2,122797,110,0.126
BL_W160_T1.5_D2,132901,76,0.126
BL_W160_T1.5_D2,133440,74,0.050
BL_W160_T1.5_D2,123347,108,0.010
BL_W160_T1.5_D4,124947,102,1.200
BL_W160_T1.5_D4,125497,101,1.200
BL_W160_T1.5_D4,125992,99,1.200
BL_W160_T1.5_D4,126482,97,1.140
BL_W160_T1.5_D4,127021,95,1.060
BL_W160_T1.5_D4,127560,93,0.980
BL_W160_T1.5_D4,128050,92,0.900
BL_W160_T1.5_D4,128589,90,0.820
BL_W160_T1.5_D4,129128,88,0.740
BL_W160_T1.5_D4,129667,86,0.660
BL_W160_T1.5_D4,130206,84,0.580
BL_W160_T1.5_D4,130794,82,0.500
BL_W160_T1.5_D4,131333,81,0.420
BL_W160_T1.5_D4,131823,79,0.340
BL_W160_T1.5_D4,132362,78,0.260
BL_W160_T1.5_D4,122797,110,0.126
BL_W160_T1.5_D4,132901,76,0.126
BL_W160_T1.5_D4,133440,74,0.050
BL_W160_T1.5_D4,123347,108,0.010
BL_W160_T1.5_D6,124947,102,1.200
BL_W160_T1.5_D6,125497,101,1.200
BL_W160_T1.5_D6,125992,99,1.200
BL_W160_T1.5_D6,126482,97,1.140
BL_W160_T1.5_D6,127021,95,1.060
BL_W160_T1.5_D6,127560,93,0.980
BL_W160_T1.5_D6,128050,92,0.900
BL_W160_T1.5_D6,128589,90,0.820
BL_W160_T1.5_D6,129128,88,0.740
BL_W160_T1.5_D6,129667,86,0.660
BL_W160_T1.5_D6,130206,84,0.580
BL_W160_T1.5_D6,130794,82,0.500
BL_W160_T1.5_D6,131333,81,0.420
BL_W160_T1.5_D6,131823,79,0.340
BL_W160_T1.5_D6,132362,78,0.260
BL_W160_T1.5_D6,122797,110,0.126
BL_W160_T1.5_D6,132901,76,0.126
BL_W160_T1.5_D6,133440,74,0.050
BL_W160_T1.5_D6,123347,108,0.010
BL_W160_T1.5_D8,124497,103,1.200
BL_W160_T1.5_D8,124947,102,1.200
BL_W160_T1.5_D8,125497,101,1.200
BL_W160_T1.5_D8,125992,99,1.200
BL_W160_T1.5_D8,126482,97,1.140
BL_W160_T1.5_D8,127021,95,1.060
BL_W160_T1.5_D8,127560,93,0.980
BL_W160_T1.5_D8,128050,92,0.900
BL_W160_T1.5_D8,128589,90,0.820
BL_W160_T1.5_D8,129128,88,0.740
BL_W160_T1.5_D8,129667,86,0.660
BL_W160_T1.5_D8,130206,84,0.580
BL_W160_T1.5_D8,130794,82,0.500
BL_W160_T1.5_D8,131333,81,0.420
BL_W160_T1.5_D8,131823,79,0.340
BL_W160_T1.5_D8,132362,78,0.260
BL_W160_T1.5_D8,122847,110,0.126
BL_W160_T1.5_D8,132901,76,0.126
BL_W160_T1.5_D8,133440,74,0.050
BL_W160_T1.5_D8,123397,108,0.010
BL_W160_T1.5_D10,124497,103,1.200
BL_W160_T1.5_D10,124947,102,1.200
BL_W160_T1.5_D10,125497,101,1.200
BL_W160_T1.5_D10,125943,99,1.200
BL_W160_T1.5_D10,126482,97,1.140
BL_W160_T1.5_D10,127021,95,1.060
BL_W160_T1.5_D10,127560,93,0.980
BL_W160_T1.5_D10,128050,92,0.900
BL_W160_T1.5_D10,128589,90,0.820
BL_W160_T1.5_D10,129128,88,0.740
BL_W160_T1.5_D10,129667,86,0.660
BL_W160_T1.5_D10,130206,84,0.580
BL_W160_T1.5_D10,130794,82,0.500
BL_W160_T1.5_D10,131333,81,0.420
BL_W160_T1.5_D10,131823,79,0.340
BL_W160_T1.5_D10,132362,78,0.260
BL_W160_T1.5_D10,122847,110,0.126
BL_W160_T1.5_D10,132901,76,0.126
BL_W160_T1.5_D10,133440,74,0.050
BL_W160_T1.5_D10,123397,108,0.010
BL_W160_T1.5_D15,124947,102,1.200
BL_W160_T1.5_D15,125497,101,1.200
BL_W160_T1.5_D15,125992,99,1.200
BL_W160_T1.5_D15,126482,97,1.140
BL_W160_T1.5_D15,127021,95,1.060
BL_W160_T1.5_D15,127560,93,0.980
BL_W160_T1.5_D15,128050,92,0.900
BL_W160_T1.5_D15,128589,90,0.820
BL_W160_T1.5_D15,129128,88,0.740
BL_W160_T1.5_D15,129667,86,0.660
BL_W160_T1.5_D15,130206,84,0.580
BL_W160_T1.5_D15,130794,82,0.500
BL_W160_T1.5_D15,131333,81,0.420
BL_W160_T1.5_D15,131823,79,0.340
BL_W160_T1.5_D15,132362,78,0.260
BL_W160_T1.5_D15,122897,110,0.126
BL_W160_T1.5_D15,132901,76,0.126
BL_W160_T1.5_D15,133440,74,0.050
BL_W160_T1.5_D15,123397,108,0.010
BL_W160_T1.5_D20,125992,99,1.200
BL_W160_T1.5_D20,126482,97,1.140
BL_W160_T1.5_D20,127021,95,1.060
BL_W160_T1.5_D20,127560,93,0.980
BL_W160_T1.5_D20,128050,92,0.900
BL_W160_T1.5_D20,128589,90,0.820
BL_W160_T1.5_D20,129128,88,0.740
BL_W160_T1.5_D20,129667,86,0.660
BL_W160_T1.5_D20,130206,84,0.580
BL_W160_T1.5_D20,130794,82,0.500
BL_W160_T1.5_D20,131333,81,0.420
BL_W160_T1.5_D20,131823,79,0.340
BL_W160_T1.5_D20,132362,78,0.260
BL_W160_T1.5_D20,132901,76,0.126
BL_W160_T1.5_D20,133440,74,0.050
BL_W160_T1.5_D20,123447,108,0.010
BL_W160_T1.5_D20,124997,102,0.010
BL_W160_T1.5_D25,126482,97,1.140
BL_W160_T1.5_D25,127021,95,1.060
BL_W160_T1.5_D25,127560,93,0.980
BL_W160_T1.5_D25,128050,92,0.900
BL_W160_T1.5_D25,128589,90,0.820
BL_W160_T1.5_D25,129128,88,0.740
BL_W160_T1.5_D25,129667,86,0.660
BL_W160_T1.5_D25,130206,84,0.580
BL_W160_T1.5_D25,130745,82,0.500
BL_W160_T1.5_D25,131333,81,0.420
BL_W160_T1.5_D25,131823,79,0.340
BL_W160_T1.5_D25,132362,78,0.260
BL_W160_T1.5_D25,132901,76,0.126
BL_W160_T1.5_D25,133440,74,0.050
BL_W160_T1.5_D25,124997,102,0.010
BL_W160_T1.5_D30,126531,97,1.140
BL_W160_T1.5_D30,127021,95,1.060
BL_W160_T1.5_D30,127560,93,0.980
BL_W160_T1.5_D30,128050,92,0.900
BL_W160_T1.5_D30,128589,90,0.820
BL_W160_T1.5_D30,129128,88,0.740
BL_W160_T1.5_D30,129667,86,0.660
BL_W160_T1.5_D30,130206,84,0.580
BL_W160_T1.5_D30,130745,82,0.500
BL_W160_T1.5_D30,131284,81,0.420
BL_W160_T1.5_D30,131823,79,0.340
BL_W160_T1.5_D30,132362,78,0.260
BL_W160_T1.5_D30,132852,76,0.126
BL_W160_T1.5_D30,133440,74,0.050
BL_W160_T1.7_D2,124947,102,1.200
BL_W160_T1.7_D2,125497,101,1.200
BL_W160_T1.7_D2,125992,99,1.200
BL_W160_T1.7_D2,126482,97,1.140
BL_W160_T1.7_D2,127021,95,1.060
BL_W160_T1.7_D2,127560,93,0.980
BL_W160_T1.7_D2,128050,92,0.900
BL_W160_T1.7_D2,128589,90,0.820
BL_W160_T1.7_D2,129128,88,0.740
BL_W160_T1.7_D2,129667,86,0.660
BL_W160_T1.7_D2,130206,84,0.580
BL_W160_T1.7_D2,130794,82,0.500
BL_W160_T1.7_D2,131333,81,0.420
BL_W160_T1.7_D2,131823,79,0.340
BL_W160_T1.7_D2,132362,78,0.260
BL_W160_T1.7_D2,122797,110,0.126
BL_W160_T1.7_D2,132901,76,0.126
BL_W160_T1.7_D2,133440,74,0.050
BL_W160_T1.7_D2,123347,108,0.010
BL_W160_T1.7_D4,124947,102,1.200
BL_W160_T1.7_D4,125497,101,1.200
BL_W160_T1.7_D4,125992,99,1.200
BL_W160_T1.7_D4,126482,97,1.140
BL_W160_T1.7_D4,127021,95,1.060
BL_W160_T1.7_D4,127560,93,0.980
BL_W160_T1.7_D4,128050,92,0.900
BL_W160_T1.7_D4,128589,90,0.820
BL_W160_T1.7_D4,129128,88,0.740
BL_W160_T1.7_D4,129667,86,0.660
BL_W160_T1.7_D4,130206,84,0.580
BL_W160_T1.7_D4,130794,82,0.500
BL_W160_T1.7_D4,131333,81,0.420
BL_W160_T1.7_D4,131823,79,0.340
BL_W160_T1.7_D4,132362,78,0.260
BL_W160_T1.7_D4,122797,110,0.126
BL_W160_T1.7_D4,132901,76,0.126
BL_W160_T1.7_D4,133440,74,0.050
BL_W160_T1.7_D4,123347,108,0.010
BL_W160_T1.7_D6,124947,102,1.200
BL_W160_T1.7_D6,125497,101,1.200
BL_W160_T1.7_D6,125992,99,1.200
BL_W160_T1.7_D6,126482,97,1.140
BL_W160_T1.7_D6,127021,95,1.060
BL_W160_T1.7_D6,127560,93,0.980
BL_W160_T1.7_D6,128050,92,0.900
BL_W160_T1.7_D6,128589,90,0.820
BL_W160_T1.7_D6,129128,88,0.740
BL_W160_T1.7_D6,129667,86,0.660
BL_W160_T1.7_D6,130206,84,0.580
BL_W160_T1.7_D6,130794,82,0.500
BL_W160_T1.7_D6,131333,81,0.420
BL_W160_T1.7_D6,131823,79,0.340
BL_W160_T1.7_D6,132362,78,0.260
BL_W160_T1.7_D6,122797,110,0.126
BL_W160_T1.7_D6,132901,76,0.126
BL_W160_T1.7_D6,133440,74,0.050
BL_W160_T1.7_D6,123347,108,0.010
BL_W160_T1.7_D8,124497,103,1.200
BL_W160_T1.7_D8,124947,102,1.200
BL_W160_T1.7_D8,125497,101,1.200
BL_W160_T1.7_D8,125992,99,1.200
BL_W160_T1.7_D8,126482,97,1.140
BL_W160_T1.7_D8,127021,95,1.060
BL_W160_T1.7_D8,127560,93,0.980
BL_W160_T1.7_D8,128050,92,0.900
BL_W160_T1.7_D8,128589,90,0.820
BL_W160_T1.7_D8,129128,88,0.740
BL_W160_T1.7_D8,129667,86,0.660
BL_W160_T1.7_D8,130206,84,0.580
BL_W160_T1.7_D8,130794,82,0.500
BL_W160_T1.7_D8,131333,81,0.420
BL_W160_T1.7_D8,131823,79,0.340
BL_W160_T1.7_D8,132362,78,0.260
BL_W160_T1.7_D8,122847,110,0.126
BL_W160_T1.7_D8,132901,76,0.126
BL_W160_T1.7_D8,133440,74,0.050
BL_W160_T1.7_D8,123397,108,0.010
BL_W160_T1.7_D10,124497,103,1.200
BL_W160_T1.7_D10,124947,102,1.200
BL_W160_T1.7_D10,125497,101,1.200
BL_W160_T1.7_D10,125943,99,1.200
BL_W160_T1.7_D10,126482,97,1.140
BL_W160_T1.7_D10,127021,95,1.060
BL_W160_T1.7_D10,127560,93,0.980
BL_W160_T1.7_D10,128050,92,0.900
BL_W160_T1.7_D10,128589,90,0.820
BL_W160_T1.7_D10,129128,88,0.740
BL_W160_T1.7_D10,129667,86,0.660
BL_W160_T1.7_D10,130206,84,0.580
BL_W160_T1.7_D10,130794,82,0.500
BL_W160_T1.7_D10,131333,81,0.420
BL_W160_T1.7_D10,131823,79,0.340
BL_W160_T1.7_D10,132362,78,0.260
BL_W160_T1.7_D10,122847,110,0.126
BL_W160_T1.7_D10,132901,76,0.126
BL_W160_T1.7_D10,133440,74,0.050
BL_W160_T1.7_D10,123397,108,0.010
BL_W160_T1.7_D15,124947,102,1.200
BL_W160_T1.7_D15,125497,101,1.200
BL_W160_T1.7_D15,125992,99,1.200
BL_W160_T1.7_D15,126482,97,1.140
BL_W160_T1.7_D15,127021,95,1.060
BL_W160_T1.7_D15,127560,93,0.980
BL_W160_T1.7_D15,128050,92,0.900
BL_W160_T1.7_D15,128589,90,0.820
BL_W160_T1.7_D15,129128,88,0.740
BL_W160_T1.7_D15,129667,86,0.660
BL_W160_T1.7_D15,130206,84,0.580
BL_W160_T1.7_D15,130794,82,0.500
BL_W160_T1.7_D15,131333,81,0.420
BL_W160_T1.7_D15,131823,79,0.340
BL_W160_T1.7_D15,132362,78,0.260
BL_W160_T1.7_D15,122897,110,0.126
BL_W160_T1.7_D15,132901,76,0.126
BL_W160_T1.7_D15,133440,74,0.050
BL_W160_T1.7_D15,123397,108,0.010
BL_W160_T1.7_D20,125992,99,1.200
BL_W160_T1.7_D20,126482,97,1.140
BL_W160_T1.7_D20,127021,95,1.060
BL_W160_T1.7_D20,127560,93,0.980
BL_W160_T1.7_D20,128050,92,0.900
BL_W160_T1.7_D20,128589,90,0.820
BL_W160_T1.7_D20,129128,88,0.740
BL_W160_T1.7_D20,129667,86,0.660
BL_W160_T1.7_D20,130206,84,0.580
BL_W160_T1.7_D20,130794,82,0.500
BL_W160_T1.7_D20,131333,81,0.420
BL_W160_T1.7_D20,131823,79,0.340
BL_W160_T1.7_D20,132362,78,0.260
BL_W160_T1.7_D20,132901,76,0.126
BL_W160_T1.7_D20,133440,74,0.050
BL_W160_T1.7_D20,123447,108,0.010
BL_W160_T1.7_D20,124997,102,0.010
BL_W160_T1.7_D25,126482,97,1.140
BL_W160_T1.7_D25,127021,95,1.060
BL_W160_T1.7_D25,127560,93,0.980
BL_W160_T1.7_D25,128050,92,0.900
BL_W160_T1.7_D25,128589,90,0.820
BL_W160_T1.7_D25,129128,88,0.740
BL_W160_T1.7_D25,129667,86,0.660
BL_W160_T1.7_D25,130206,84,0.580
BL_W160_T1.7_D25,130745,82,0.500
BL_W160_T1.7_D25,131333,81,0.420
BL_W160_T1.7_D25,131823,79,0.340
BL_W160_T1.7_D25,132362,78,0.260
BL_W160_T1.7_D25,132901,76,0.126
BL_W160_T1.7_D25,133440,74,0.050
BL_W160_T1.7_D25,124997,102,0.010
BL_W160_T1.7_D30,126531,97,1.140
BL_W160_T1.7_D30,127021,95,1.060
BL_W160_T1.7_D30,127560,93,0.980
BL_W160_T1.7_D30,128050,92,0.900
BL_W160_T1.7_D30,128589,90,0.820
BL_W160_T1.7_D30,129128,88,0.740
BL_W160_T1.7_D30,129667,86,0.660
BL_W160_T1.7_D30,130206,84,0.580
BL_W160_T1.7_D30,130745,82,0.500
BL_W160_T1.7_D30,131284,81,0.420
BL_W160_T1.7_D30,131823,79,0.340
BL_W160_T1.7_D30,132362,78,0.260
BL_W160_T1.7_D30,132852,76,0.126
BL_W160_T1.7_D30,133440,74,0.050
BL_W160_T2.0_D2,125992,99,0.820
BL_W160_T2.0_D2,126482,97,0.740
BL_W160_T2.0_D2,127021,95,0.660
BL_W160_T2.0_D2,127560,93,0.580
BL_W160_T2.0_D2,128099,92,0.500
BL_W160_T2.0_D2,128638,90,0.420
BL_W160_T2.0_D2,129128,88,0.340
BL_W160_T2.0_D2,129667,86,0.260
BL_W160_T2.0_D2,131823,79,0.260
BL_W160_T2.0_D2,122797,110,0.126
BL_W160_T2.0_D2,130206,84,0.126
BL_W160_T2.0_D2,132411,78,0.126
BL_W160_T2.0_D2,132901,76,0.050
BL_W160_T2.0_D2,123347,108,0.010
BL_W160_T2.0_D2,124947,102,0.010
BL_W160_T2.0_D2,130794,82,0.010
BL_W160_T2.0_D4,125992,99,0.820
BL_W160_T2.0_D4,126482,97,0.740
BL_W160_T2.0_D4,127021,95,0.660
BL_W160_T2.0_D4,127560,93,0.580
BL_W160_T2.0_D4,128099,92,0.500
BL_W160_T2.0_D4,128638,90,0.420
BL_W160_T2.0_D4,129128,88,0.340
BL_W160_T2.0_D4,129667,86,0.260
BL_W160_T2.0_D4,131823,79,0.260
BL_W160_T2.0_D4,122797,110,0.126
BL_W160_T2.0_D4,130206,84,0.126
BL_W160_T2.0_D4,132411,78,0.126
BL_W160_T2.0_D4,132901,76,0.050
BL_W160_T2.0_D4,123347,108,0.010
BL_W160_T2.0_D4,124947,102,0.010
BL_W160_T2.0_D4,130794,82,0.010
BL_W160_T2.0_D6,125992,99,0.820
BL_W160_T2.0_D6,126482,97,0.740
BL_W160_T2.0_D6,127021,95,0.660
BL_W160_T2.0_D6,127560,93,0.580
BL_W160_T2.0_D6,128099,92,0.500
BL_W160_T2.0_D6,128638,90,0.420
BL_W160_T2.0_D6,129128,88,0.340
BL_W160_T2.0_D6,129667,86,0.260
BL_W160_T2.0_D6,131823,79,0.260
BL_W160_T2.0_D6,122797,110,0.126
BL_W160_T2.0_D6,130206,84,0.126
BL_W160_T2.0_D6,132411,78,0.126
BL_W160_T2.0_D6,132901,76,0.050
BL_W160_T2.0_D6,123347,108,0.010
BL_W160_T2.0_D6,124947,102,0.010
BL_W160_T2.0_D6,130794,82,0.010
BL_W160_T2.0_D8,125992,99,0.820
BL_W160_T2.0_D8,126482,97,0.740
BL_W160_T2.0_D8,127021,95,0.660
BL_W160_T2.0_D8,127560,93,0.580
BL_W160_T2.0_D8,128099,92,0.500
BL_W160_T2.0_D8,128638,90,0.420
BL_W160_T2.0_D8,129128,88,0.340
BL_W160_T2.0_D8,129667,86,0.260
BL_W160_T2.0_D8,131823,79,0.260
BL_W160_T2.0_D8,122847,110,0.126
BL_W160_T2.0_D8,124497,103,0.126
BL_W160_T2.0_D8,130206,84,0.126
BL_W160_T2.0_D8,132411,78,0.126
BL_W160_T2.0_D8,132901,76,0.050
BL_W160_T2.0_D8,123397,108,0.010
BL_W160_T2.0_D8,124947,102,0.010
BL_W160_T2.0_D8,130794,82,0.010
BL_W160_T2.0_D10,124497,103,1.060
BL_W160_T2.0_D10,124947,102,0.980
BL_W160_T2.0_D10,125497,101,0.900
BL_W160_T2.0_D10,125943,99,0.820
BL_W160_T2.0_D10,126482,97,0.740
BL_W160_T2.0_D10,127021,95,0.660
BL_W160_T2.0_D10,127560,93,0.580
BL_W160_T2.0_D10,128099,92,0.500
BL_W160_T2.0_D10,128638,90,0.420
BL_W160_T2.0_D10,129128,88,0.340
BL_W160_T2.0_D10,129667,86,0.260
BL_W160_T2.0_D10,131823,79,0.260
BL_W160_T2.0_D10,122847,110,0.126
BL_W160_T2.0_D10,130206,84,0.126
BL_W160_T2.0_D10,132411,78,0.126
BL_W160_T2.0_D10,132901,76,0.050
BL_W160_T2.0_D10,123397,108,0.010
BL_W160_T2.0_D10,130794,82,0.010
BL_W160_T2.0_D15,124947,102,0.980
BL_W160_T2.0_D15,125497,101,0.900
BL_W160_T2.0_D15,125992,99,0.820
BL_W160_T2.0_D15,126482,97,0.740
BL_W160_T2.0_D15,127021,95,0.660
BL_W160_T2.0_D15,127560,93,0.580
BL_W160_T2.0_D15,128099,92,0.500
BL_W160_T2.0_D15,128638,90,0.420
BL_W160_T2.0_D15,129128,88,0.340
BL_W160_T2.0_D15,129667,86,0.260
BL_W160_T2.0_D15,131823,79,0.260
BL_W160_T2.0_D15,122897,110,0.126
BL_W160_T2.0_D15,130206,84,0.126
BL_W160_T2.0_D15,132411,78,0.126
BL_W160_T2.0_D15,132901,76,0.050
BL_W160_T2.0_D15,123397,108,0.010
BL_W160_T2.0_D15,130794,82,0.010
BL_W160_T2.0_D20,125992,99,0.820
BL_W160_T2.0_D20,126482,97,0.740
BL_W160_T2.0_D20,127021,95,0.660
BL_W160_T2.0_D20,127560,93,0.580
BL_W160_T2.0_D20,128050,92,0.500
BL_W160_T2.0_D20,128589,90,0.420
BL_W160_T2.0_D20,129128,88,0.340
BL_W160_T2.0_D20,129667,86,0.260
BL_W160_T2.0_D20,131823,79,0.260
BL_W160_T2.0_D20,130206,84,0.126
BL_W160_T2.0_D20,132411,78,0.126
BL_W160_T2.0_D20,132901,76,0.050
BL_W160_T2.0_D20,123447,108,0.010
BL_W160_T2.0_D20,124997,102,0.010
BL_W160_T2.0_D20,130794,82,0.010
BL_W160_T2.0_D25,126482,97,0.740
BL_W160_T2.0_D25,127021,95,0.660
BL_W160_T2.0_D25,127560,93,0.580
BL_W160_T2.0_D25,128050,92,0.500
BL_W160_T2.0_D25,128589,90,0.420
BL_W160_T2.0_D25,129128,88,0.340
BL_W160_T2.0_D25,129667,86,0.260
BL_W160_T2.0_D25,131823,79,0.260
BL_W160_T2.0_D25,130206,84,0.126
BL_W160_T2.0_D25,132411,78,0.126
BL_W160_T2.0_D25,132901,76,0.050
BL_W160_T2.0_D25,124997,102,0.010
BL_W160_T2.0_D25,130745,82,0.010
BL_W160_T2.0_D30,126531,97,1.060
BL_W160_T2.0_D30,127021,95,0.980
BL_W160_T2.0_D30,127560,93,0.900
BL_W160_T2.0_D30,128050,92,0.820
BL_W160_T2.0_D30,128589,90,0.740
BL_W160_T2.0_D30,129128,88,0.660
BL_W160_T2.0_D30,129667,86,0.580
BL_W160_T2.0_D30,130206,84,0.500
BL_W160_T2.0_D30,130745,82,0.420
BL_W160_T2.0_D30,131284,81,0.340
BL_W160_T2.0_D30,131823,79,0.260
BL_W160_T2.0_D30,132362,78,0.126
BL_W160_T2.0_D30,132852,76,0.050
BL_W160_T2.2_D2,125992,99,0.740
BL_W160_T2.2_D2,126482,97,0.660
BL_W160_T2.2_D2,127021,95,0.580
BL_W160_T2.2_D2,127609,93,0.500
BL_W160_T2.2_D2,128099,92,0.420
BL_W160_T2.2_D2,128638,90,0.340
BL_W160_T2.2_D2,129128,88,0.260
BL_W160_T2.2_D2,122797,110,0.126
BL_W160_T2.2_D2,129667,86,0.126
BL_W160_T2.2_D2,132901,76,0.050
BL_W160_T2.2_D2,123347,108,0.010
BL_W160_T2.2_D2,124947,102,0.010
BL_W160_T2.2_D2,130206,84,0.010
BL_W160_T2.2_D2,131872,79,0.010
BL_W160_T2.2_D4,125992,99,0.740
BL_W160_T2.2_D4,126482,97,0.660
BL_W160_T2.2_D4,127021,95,0.580
BL_W160_T2.2_D4,127609,93,0.500
BL_W160_T2.2_D4,128099,92,0.420
BL_W160_T2.2_D4,128638,90,0.340
BL_W160_T2.2_D4,129128,88,0.260
BL_W160_T2.2_D4,122797,110,0.126
BL_W160_T2.2_D4,129667,86,0.126
BL_W160_T2.2_D4,132901,76,0.050
BL_W160_T2.2_D4,123347,108,0.010
BL_W160_T2.2_D4,124947,102,0.010
BL_W160_T2.2_D4,130206,84,0.010
BL_W160_T2.2_D4,131872,79,0.010
BL_W160_T2.2_D6,125992,99,0.740
BL_W160_T2.2_D6,126482,97,0.660
BL_W160_T2.2_D6,127021,95,0.580
BL_W160_T2.2_D6,127609,93,0.500
BL_W160_T2.2_D6,128099,92,0.420
BL_W160_T2.2_D6,128638,90,0.340
BL_W160_T2.2_D6,129128,88,0.260
BL_W160_T2.2_D6,122797,110,0.126
BL_W160_T2.2_D6,129667,86,0.126
BL_W160_T2.2_D6,132901,76,0.050
BL_W160_T2.2_D6,123347,108,0.010
BL_W160_T2.2_D6,124947,102,0.010
BL_W160_T2.2_D6,130206,84,0.010
BL_W160_T2.2_D6,131872,79,0.010
BL_W160_T2.2_D8,125992,99,0.740
BL_W160_T2.2_D8,126482,97,0.660
BL_W160_T2.2_D8,127021,95,0.580
BL_W160_T2.2_D8,127609,93,0.500
BL_W160_T2.2_D8,128099,92,0.420
BL_W160_T2.2_D8,128638,90,0.340
BL_W160_T2.2_D8,129128,88,0.260
BL_W160_T2.2_D8,122847,110,0.126
BL_W160_T2.2_D8,124497,103,0.126
BL_W160_T2.2_D8,129667,86,0.126
BL_W160_T2.2_D8,132901,76,0.050
BL_W160_T2.2_D8,123397,108,0.010
BL_W160_T2.2_D8,124947,102,0.010
BL_W160_T2.2_D8,130206,84,0.010
BL_W160_T2.2_D8,131872,79,0.010
BL_W160_T2.2_D10,124497,103,0.980
BL_W160_T2.2_D10,124947,102,0.900
BL_W160_T2.2_D10,125497,101,0.820
BL_W160_T2.2_D10,125943,99,0.740
BL_W160_T2.2_D10,126482,97,0.660
BL_W160_T2.2_D10,127021,95,0.580
BL_W160_T2.2_D10,127609,93,0.500
BL_W160_T2.2_D10,128099,92,0.420
BL_W160_T2.2_D10,128638,90,0.340
BL_W160_T2.2_D10,129128,88,0.260
BL_W160_T2.2_D10,122847,110,0.126
BL_W160_T2.2_D10,129667,86,0.126
BL_W160_T2.2_D10,132901,76,0.050
BL_W160_T2.2_D10,123397,108,0.010
BL_W160_T2.2_D10,130206,84,0.010
BL_W160_T2.2_D10,131872,79,0.010
BL_W160_T2.2_D15,124947,102,0.900
BL_W160_T2.2_D15,125497,101,0.820
BL_W160_T2.2_D15,125992,99,0.740
BL_W160_T2.2_D15,126482,97,0.660
BL_W160_T2.2_D15,127021,95,0.580
BL_W160_T2.2_D15,127609,93,0.500
BL_W160_T2.2_D15,128099,92,0.420
BL_W160_T2.2_D15,128638,90,0.340
BL_W160_T2.2_D15,129128,88,0.260
BL_W160_T2.2_D15,122897,110,0.126
BL_W160_T2.2_D15,129667,86,0.126
BL_W160_T2.2_D15,132901,76,0.050
BL_W160_T2.2_D15,123397,108,0.010
BL_W160_T2.2_D15,130206,84,0.010
BL_W160_T2.2_D15,131872,79,0.010
BL_W160_T2.2_D20,125992,99,0.740
BL_W160_T2.2_D20,126482,97,0.660
BL_W160_T2.2_D20,127021,95,0.580
BL_W160_T2.2_D20,127560,93,0.500
BL_W160_T2.2_D20,128050,92,0.420
BL_W160_T2.2_D20,128589,90,0.340
BL_W160_T2.2_D20,129128,88,0.260
BL_W160_T2.2_D20,129667,86,0.126
BL_W160_T2.2_D20,132901,76,0.050
BL_W160_T2.2_D20,123447,108,0.010
BL_W160_T2.2_D20,124997,102,0.010
BL_W160_T2.2_D20,130206,84,0.010
BL_W160_T2.2_D20,131872,79,0.010
BL_W160_T2.2_D25,126482,97,0.740
BL_W160_T2.2_D25,127021,95,0.660
BL_W160_T2.2_D25,127560,93,0.580
BL_W160_T2.2_D25,128050,92,0.500
BL_W160_T2.2_D25,128589,90,0.420
BL_W160_T2.2_D25,129128,88,0.340
BL_W160_T2.2_D25,129667,86,0.260
BL_W160_T2.2_D25,130206,84,0.126
BL_W160_T2.2_D25,132901,76,0.050
BL_W160_T2.2_D25,124997,102,0.010
BL_W160_T2.2_D25,130745,82,0.010
BL_W160_T2.2_D25,131872,79,0.010
BL_W160_T2.2_D30,126531,97,1.060
BL_W160_T2.2_D30,127021,95,0.980
BL_W160_T2.2_D30,127560,93,0.900
BL_W160_T2.2_D30,128050,92,0.820
BL_W160_T2.2_D30,128589,90,0.740
BL_W160_T2.2_D30,129128,88,0.660
BL_W160_T2.2_D30,129667,86,0.580
BL_W160_T2.2_D30,130206,84,0.500
BL_W160_T2.2_D30,130745,82,0.420
BL_W160_T2.2_D30,131284,81,0.340
BL_W160_T2.2_D30,131823,79,0.260
BL_W160_T2.2_D30,132362,78,0.126
BL_W160_T2.2_D30,132852,76,0.050
BL_W160_T2.4_D2,125992,99,0.260
BL_W160_T2.4_D2,122797,110,0.126
BL_W160_T2.4_D2,126531,97,0.126
BL_W160_T2.4_D2,129716,86,0.126
BL_W160_T2.4_D2,130255,84,0.050
BL_W160_T2.4_D2,123397,108,0.010
BL_W160_T2.4_D2,124947,102,0.010
BL_W160_T2.4_D2,127021,95,0.010
BL_W160_T2.4_D2,128099,92,0.010
BL_W160_T2.4_D4,125992,99,0.260
BL_W160_T2.4_D4,122797,110,0.126
BL_W160_T2.4_D4,126531,97,0.126
BL_W160_T2.4_D4,129716,86,0.126
BL_W160_T2.4_D4,130255,84,0.050
BL_W160_T2.4_D4,123347,108,0.010
BL_W160_T2.4_D4,124947,102,0.010
BL_W160_T2.4_D4,127021,95,0.010
BL_W160_T2.4_D4,128099,92,0.010
BL_W160_T2.4_D6,125992,99,0.260
BL_W160_T2.4_D6,122797,110,0.126
BL_W160_T2.4_D6,126531,97,0.126
BL_W160_T2.4_D6,129716,86,0.126
BL_W160_T2.4_D6,130255,84,0.050
BL_W160_T2.4_D6,123347,108,0.010
BL_W160_T2.4_D6,124947,102,0.010
BL_W160_T2.4_D6,127021,95,0.010
BL_W160_T2.4_D6,128099,92,0.010
BL_W160_T2.4_D8,125992,99,0.260
BL_W160_T2.4_D8,122847,110,0.126
BL_W160_T2.4_D8,124497,103,0.126
BL_W160_T2.4_D8,126531,97,0.126
BL_W160_T2.4_D8,129716,86,0.126
BL_W160_T2.4_D8,130255,84,0.050
BL_W160_T2.4_D8,123397,108,0.010
BL_W160_T2.4_D8,124947,102,0.010
BL_W160_T2.4_D8,127021,95,0.010
BL_W160_T2.4_D8,128099,92,0.010
BL_W160_T2.4_D10,124497,103,0.500
BL_W160_T2.4_D10,124947,102,0.420
BL_W160_T2.4_D10,125497,101,0.340
BL_W160_T2.4_D10,125943,99,0.260
BL_W160_T2.4_D10,122847,110,0.126
BL_W160_T2.4_D10,126531,97,0.126
BL_W160_T2.4_D10,129716,86,0.126
BL_W160_T2.4_D10,130255,84,0.050
BL_W160_T2.4_D10,123397,108,0.010
BL_W160_T2.4_D10,127021,95,0.010
BL_W160_T2.4_D10,128099,92,0.010
BL_W160_T2.4_D15,124947,102,0.420
BL_W160_T2.4_D15,125497,101,0.340
BL_W160_T2.4_D15,125992,99,0.260
BL_W160_T2.4_D15,122897,110,0.126
BL_W160_T2.4_D15,126482,97,0.126
BL_W160_T2.4_D15,129716,86,0.126
BL_W160_T2.4_D15,130255,84,0.050
BL_W160_T2.4_D15,123397,108,0.010
BL_W160_T2.4_D15,127021,95,0.010
BL_W160_T2.4_D15,128099,92,0.010
BL_W160_T2.4_D20,125992,99,0.740
BL_W160_T2.4_D20,126482,97,0.660
BL_W160_T2.4_D20,127021,95,0.580
BL_W160_T2.4_D20,127560,93,0.500
BL_W160_T2.4_D20,128050,92,0.420
BL_W160_T2.4_D20,128589,90,0.340
BL_W160_T2.4_D20,129128,88,0.260
BL_W160_T2.4_D20,129716,86,0.126
BL_W160_T2.4_D20,130255,84,0.050
BL_W160_T2.4_D20,123447,108,0.010
BL_W160_T2.4_D20,124997,102,0.010
BL_W160_T2.4_D25,126482,97,0.740
BL_W160_T2.4_D25,127021,95,0.660
BL_W160_T2.4_D25,127560,93,0.580
BL_W160_T2.4_D25,128050,92,0.500
BL_W160_T2.4_D25,128589,90,0.420
BL_W160_T2.4_D25,129128,88,0.340
BL_W160_T2.4_D25,129667,86,0.260
BL_W160_T2.4_D25,130206,84,0.126
BL_W160_T2.4_D25,130745,82,0.050
BL_W160_T2.4_D25,124997,102,0.010
BL_W160_T2.4_D30,126531,97,1.060
BL_W160_T2.4_D30,127021,95,0.980
BL_W160_T2.4_D30,127560,93,0.900
BL_W160_T2.4_D30,128050,92,0.820
BL_W160_T2.4_D30,128589,90,0.740
BL_W160_T2.4_D30,129128,88,0.660
BL_W160_T2.4_D30,129667,86,0.580
BL_W160_T2.4_D30,130206,84,0.500
BL_W160_T2.4_D30,130745,82,0.420
BL_W160_T2.4_D30,131284,81,0.340
BL_W160_T2.4_D30,131823,79,0.260
BL_W160_T2.4_D30,132362,78,0.126
BL_W160_T2.4_D30,132852,76,0.050
BL_W160_T2.7_D2,122797,110,0.126
BL_W160_T2.7_D2,126531,97,0.126
BL_W160_T2.7_D2,128099,92,0.050
BL_W160_T2.7_D2,123397,108,0.010
BL_W160_T2.7_D2,124997,102,0.010
BL_W160_T2.7_D2,127021,95,0.010
BL_W160_T2.7_D4,122797,110,0.126
BL_W160_T2.7_D4,126531,97,0.126
BL_W160_T2.7_D4,128099,92,0.050
BL_W160_T2.7_D4,123347,108,0.010
BL_W160_T2.7_D4,124997,102,0.010
BL_W160_T2.7_D4,127021,95,0.010
BL_W160_T2.7_D6,122797,110,0.126
BL_W160_T2.7_D6,126531,97,0.126
BL_W160_T2.7_D6,128099,92,0.050
BL_W160_T2.7_D6,123347,108,0.010
BL_W160_T2.7_D6,124997,102,0.010
BL_W160_T2.7_D6,127021,95,0.010
BL_W160_T2.7_D8,122847,110,0.126
BL_W160_T2.7_D8,124497,103,0.126
BL_W160_T2.7_D8,126531,97,0.126
BL_W160_T2.7_D8,128099,92,0.050
BL_W160_T2.7_D8,123397,108,0.010
BL_W160_T2.7_D8,124947,102,0.010
BL_W160_T2.7_D8,127021,95,0.010
BL_W160_T2.7_D10,124497,103,0.500
BL_W160_T2.7_D10,124947,102,0.420
BL_W160_T2.7_D10,125497,101,0.340
BL_W160_T2.7_D10,125943,99,0.260
BL_W160_T2.7_D10,122847,110,0.126
BL_W160_T2.7_D10,126531,97,0.126
BL_W160_T2.7_D10,128099,92,0.050
BL_W160_T2.7_D10,123397,108,0.010
BL_W160_T2.7_D10,127021,95,0.010
BL_W160_T2.7_D15,124947,102,0.420
BL_W160_T2.7_D15,125497,101,0.340
BL_W160_T2.7_D15,125992,99,0.260
BL_W160_T2.7_D15,122897,110,0.126
BL_W160_T2.7_D15,126482,97,0.126
BL_W160_T2.7_D15,128099,92,0.050
BL_W160_T2.7_D15,123397,108,0.010
BL_W160_T2.7_D15,127021,95,0.010
BL_W160_T2.7_D20,125992,99,0.580
BL_W160_T2.7_D20,126482,97,0.500
BL_W160_T2.7_D20,127021,95,0.420
BL_W160_T2.7_D20,127560,93,0.340
BL_W160_T2.7_D20,128050,92,0.260
BL_W160_T2.7_D20,128589,90,0.126
BL_W160_T2.7_D20,129128,88,0.050
BL_W160_T2.7_D20,123447,108,0.010
BL_W160_T2.7_D20,124997,102,0.010
BL_W160_T2.7_D25,126482,97,0.740
BL_W160_T2.7_D25,127021,95,0.660
BL_W160_T2.7_D25,127560,93,0.580
BL_W160_T2.7_D25,128050,92,0.500
BL_W160_T2.7_D25,128589,90,0.420
BL_W160_T2.7_D25,129128,88,0.340
BL_W160_T2.7_D25,129667,86,0.260
BL_W160_T2.7_D25,130206,84,0.126
BL_W160_T2.7_D25,130745,82,0.050
BL_W160_T2.7_D25,124997,102,0.010
BL_W160_T2.7_D30,126531,97,1.060
BL_W160_T2.7_D30,127021,95,0.980
BL_W160_T2.7_D30,127560,93,0.900
BL_W160_T2.7_D30,128050,92,0.820
BL_W160_T2.7_D30,128589,90,0.740
BL_W160_T2.7_D30,129128,88,0.660
BL_W160_T2.7_D30,129667,86,0.580
BL_W160_T2.7_D30,130206,84,0.500
BL_W160_T2.7_D30,130745,82,0.420
BL_W160_T2.7_D30,131284,81,0.340
BL_W160_T2.7_D30,131823,79,0.260
BL_W160_T2.7_D30,132362,78,0.126
BL_W160_T2.7_D30,132852,76,0.050
BL_W160_T3.0_D2,122797,110,0.126
BL_W160_T3.0_D2,126531,97,0.126
BL_W160_T3.0_D2,128099,92,0.050
BL_W160_T3.0_D2,123397,108,0.010
BL_W160_T3.0_D2,124997,102,0.010
BL_W160_T3.0_D2,127070,95,0.010
BL_W160_T3.0_D4,122797,110,0.126
BL_W160_T3.0_D4,126531,97,0.126
BL_W160_T3.0_D4,128099,92,0.050
BL_W160_T3.0_D4,123347,108,0.010
BL_W160_T3.0_D4,124997,102,0.010
BL_W160_T3.0_D4,127070,95,0.010
BL_W160_T3.0_D6,122797,110,0.126
BL_W160_T3.0_D6,126531,97,0.126
BL_W160_T3.0_D6,128099,92,0.050
BL_W160_T3.0_D6,123347,108,0.010
BL_W160_T3.0_D6,124997,102,0.010
BL_W160_T3.0_D6,127070,95,0.010
BL_W160_T3.0_D8,122847,110,0.126
BL_W160_T3.0_D8,124497,103,0.126
BL_W160_T3.0_D8,126531,97,0.126
BL_W160_T3.0_D8,128099,92,0.050
BL_W160_T3.0_D8,123397,108,0.010
BL_W160_T3.0_D8,124947,102,0.010
BL_W160_T3.0_D8,127070,95,0.010
BL_W160_T3.0_D10,124497,103,0.500
BL_W160_T3.0_D10,124947,102,0.420
BL_W160_T3.0_D10,125497,101,0.340
BL_W160_T3.0_D10,125943,99,0.260
BL_W160_T3.0_D10,122847,110,0.126
BL_W160_T3.0_D10,126531,97,0.126
BL_W160_T3.0_D10,128099,92,0.050
BL_W160_T3.0_D10,123397,108,0.010
BL_W160_T3.0_D10,127070,95,0.010
BL_W160_T3.0_D15,124947,102,0.420
BL_W160_T3.0_D15,125497,101,0.340
BL_W160_T3.0_D15,125992,99,0.260
BL_W160_T3.0_D15,122897,110,0.126
BL_W160_T3.0_D15,126482,97,0.126
BL_W160_T3.0_D15,128099,92,0.050
BL_W160_T3.0_D15,123397,108,0.010
BL_W160_T3.0_D15,127021,95,0.010
BL_W160_T3.0_D20,125992,99,0.580
BL_W160_T3.0_D20,126482,97,0.500
BL_W160_T3.0_D20,127021,95,0.420
BL_W160_T3.0_D20,127560,93,0.340
BL_W160_T3.0_D20,128050,92,0.260
BL_W160_T3.0_D20,128589,90,0.126
BL_W160_T3.0_D20,129128,88,0.050
BL_W160_T3.0_D20,123447,108,0.010
BL_W160_T3.0_D20,124997,102,0.010
BL_W160_T3.0_D25,126482,97,0.740
BL_W160_T3.0_D25,127021,95,0.660
BL_W160_T3.0_D25,127560,93,0.580
BL_W160_T3.0_D25,128050,92,0.500
BL_W160_T3.0_D25,128589,90,0.420
BL_W160_T3.0_D25,129128,88,0.340
BL_W160_T3.0_D25,129667,86,0.260
BL_W160_T3.0_D25,130206,84,0.126
BL_W160_T3.0_D25,130745,82,0.050
BL_W160_T3.0_D25,124997,102,0.010
BL_W160_T3.0_D30,126531,97,1.060
BL_W160_T3.0_D30,127021,95,0.980
BL_W160_T3.0_D30,127560,93,0.900
BL_W160_T3.0_D30,128050,92,0.820
BL_W160_T3.0_D30,128589,90,0.740
BL_W160_T3.0_D30,129128,88,0.660
BL_W160_T3.0_D30,129667,86,0.580
BL_W160_T3.0_D30,130206,84,0.500
BL_W160_T3.0_D30,130745,82,0.420
BL_W160_T3.0_D30,131284,81,0.340
BL_W160_T3.0_D30,131823,79,0.260
BL_W160_T3.0_D30,132362,78,0.126
BL_W160_T3.0_D30,132852,76,0.050
BL_W170_T1.2_D2,124497,103,1.200
BL_W170_T1.2_D2,124947,102,1.200
BL_W170_T1.2_D2,125447,101,1.200
BL_W170_T1.2_D2,125943,99,1.200
BL_W170_T1.2_D2,126482,97,1.200
BL_W170_T1.2_D2,127021,95,1.140
BL_W170_T1.2_D2,127560,93,1.060
BL_W170_T1.2_D2,128050,92,0.980
BL_W170_T1.2_D2,128589,90,0.900
BL_W170_T1.2_D2,129128,88,0.820
BL_W170_T1.2_D2,129667,86,0.740
BL_W170_T1.2_D2,130206,84,0.660
BL_W170_T1.2_D2,130745,82,0.580
BL_W170_T1.2_D2,131284,81,0.500
BL_W170_T1.2_D2,131823,79,0.420
BL_W170_T1.2_D2,132362,78,0.340
BL_W170_T1.2_D2,132852,76,0.260
BL_W170_T1.2_D2,133440,74,0.126
BL_W170_T1.2_D2,133979,73,0.050
BL_W170_T1.2_D2,123347,108,0.010
BL_W170_T1.2_D4,124497,103,1.200
BL_W170_T1.2_D4,124947,102,1.200
BL_W170_T1.2_D4,125447,101,1.200
BL_W170_T1.2_D4,125943,99,1.200
BL_W170_T1.2_D4,126482,97,1.200
BL_W170_T1.2_D4,127021,95,1.140
BL_W170_T1.2_D4,127560,93,1.060
BL_W170_T1.2_D4,128050,92,0.980
BL_W170_T1.2_D4,128589,90,0.900
BL_W170_T1.2_D4,129128,88,0.820
BL_W170_T1.2_D4,129667,86,0.740
BL_W170_T1.2_D4,130206,84,0.660
BL_W170_T1.2_D4,130745,82,0.580
BL_W170_T1.2_D4,131284,81,0.500
BL_W170_T1.2_D4,131823,79,0.420
BL_W170_T1.2_D4,132362,78,0.340
BL_W170_T1.2_D4,132852,76,0.260
BL_W170_T1.2_D4,133440,74,0.126
BL_W170_T1.2_D4,133979,73,0.050
BL_W170_T1.2_D4,123347,108,0.010
BL_W170_T1.2_D6,124497,103,1.200
BL_W170_T1.2_D6,124947,102,1.200
BL_W170_T1.2_D6,125447,101,1.200
BL_W170_T1.2_D6,125943,99,1.200
BL_W170_T1.2_D6,126482,97,1.200
BL_W170_T1.2_D6,127021,95,1.140
BL_W170_T1.2_D6,127560,93,1.060
BL_W170_T1.2_D6,128050,92,0.980
BL_W170_T1.2_D6,128589,90,0.900
BL_W170_T1.2_D6,129128,88,0.820
BL_W170_T1.2_D6,129667,86,0.740
BL_W170_T1.2_D6,130206,84,0.660
BL_W170_T1.2_D6,130745,82,0.580
BL_W170_T1.2_D6,131284,81,0.500
BL_W170_T1.2_D6,131823,79,0.420
BL_W170_T1.2_D6,132362,78,0.340
BL_W170_T1.2_D6,132852,76,0.260
BL_W170_T1.2_D6,133440,74,0.126
BL_W170_T1.2_D6,133979,73,0.050
BL_W170_T1.2_D6,123347,108,0.010
BL_W170_T1.2_D8,124497,103,1.200
BL_W170_T1.2_D8,124947,102,1.200
BL_W170_T1.2_D8,125447,101,1.200
BL_W170_T1.2_D8,125943,99,1.200
BL_W170_T1.2_D8,126482,97,1.200
BL_W170_T1.2_D8,127021,95,1.140
BL_W170_T1.2_D8,127560,93,1.060
BL_W170_T1.2_D8,128050,92,0.980
BL_W170_T1.2_D8,128589,90,0.900
BL_W170_T1.2_D8,129128,88,0.820
BL_W170_T1.2_D8,129667,86,0.740
BL_W170_T1.2_D8,130206,84,0.660
BL_W170_T1.2_D8,130745,82,0.580
BL_W170_T1.2_D8,131284,81,0.500
BL_W170_T1.2_D8,131823,79,0.420
BL_W170_T1.2_D8,132362,78,0.340
BL_W170_T1.2_D8,132852,76,0.260
BL_W170_T1.2_D8,133440,74,0.126
BL_W170_T1.2_D8,133979,73,0.050
BL_W170_T1.2_D8,123397,108,0.010
BL_W170_T1.2_D10,124497,103,1.200
BL_W170_T1.2_D10,124947,102,1.200
BL_W170_T1.2_D10,125497,101,1.200
BL_W170_T1.2_D10,125943,99,1.200
BL_W170_T1.2_D10,126482,97,1.200
BL_W170_T1.2_D10,127021,95,1.140
BL_W170_T1.2_D10,127560,93,1.060
BL_W170_T1.2_D10,128050,92,0.980
BL_W170_T1.2_D10,128589,90,0.900
BL_W170_T1.2_D10,129128,88,0.820
BL_W170_T1.2_D10,129667,86,0.740
BL_W170_T1.2_D10,130206,84,0.660
BL_W170_T1.2_D10,130745,82,0.580
BL_W170_T1.2_D10,131284,81,0.500
BL_W170_T1.2_D10,131823,79,0.420
BL_W170_T1.2_D10,132362,78,0.340
BL_W170_T1.2_D10,132852,76,0.260
BL_W170_T1.2_D10,133440,74,0.126
BL_W170_T1.2_D10,133979,73,0.050
BL_W170_T1.2_D10,123397,108,0.010
BL_W170_T1.2_D15,124947,102,1.200
BL_W170_T1.2_D15,125497,101,1.200
BL_W170_T1.2_D15,125992,99,1.200
BL_W170_T1.2_D15,126482,97,1.200
BL_W170_T1.2_D15,127021,95,1.140
BL_W170_T1.2_D15,127560,93,1.060
BL_W170_T1.2_D15,128050,92,0.980
BL_W170_T1.2_D15,128589,90,0.900
BL_W170_T1.2_D15,129128,88,0.820
BL_W170_T1.2_D15,129667,86,0.740
BL_W170_T1.2_D15,130206,84,0.660
BL_W170_T1.2_D15,130745,82,0.580
BL_W170_T1.2_D15,131284,81,0.500
BL_W170_T1.2_D15,131823,79,0.420
BL_W170_T1.2_D15,132362,78,0.340
BL_W170_T1.2_D15,132852,76,0.260
BL_W170_T1.2_D15,133440,74,0.126
BL_W170_T1.2_D15,133979,73,0.050
BL_W170_T1.2_D15,123397,108,0.010
BL_W170_T1.2_D20,125992,99,1.200
BL_W170_T1.2_D20,126482,97,1.200
BL_W170_T1.2_D20,127021,95,1.140
BL_W170_T1.2_D20,127560,93,1.060
BL_W170_T1.2_D20,128050,92,0.980
BL_W170_T1.2_D20,128589,90,0.900
BL_W170_T1.2_D20,129128,88,0.820
BL_W170_T1.2_D20,129667,86,0.740
BL_W170_T1.2_D20,130206,84,0.660
BL_W170_T1.2_D20,130745,82,0.580
BL_W170_T1.2_D20,131284,81,0.500
BL_W170_T1.2_D20,131823,79,0.420
BL_W170_T1.2_D20,132362,78,0.340
BL_W170_T1.2_D20,132852,76,0.260
BL_W170_T1.2_D20,133440,74,0.126
BL_W170_T1.2_D20,133979,73,0.050
BL_W170_T1.2_D20,123447,108,0.010
BL_W170_T1.2_D20,124997,102,0.010
BL_W170_T1.2_D25,126482,97,1.200
BL_W170_T1.2_D25,127021,95,1.140
BL_W170_T1.2_D25,127560,93,1.060
BL_W170_T1.2_D25,128050,92,0.980
BL_W170_T1.2_D25,128589,90,0.900
BL_W170_T1.2_D25,129128,88,0.820
BL_W170_T1.2_D25,129667,86,0.740
BL_W170_T1.2_D25,130206,84,0.660
BL_W170_T1.2_D25,130745,82,0.580
BL_W170_T1.2_D25,131284,81,0.500
BL_W170_T1.2_D25,131823,79,0.420
BL_W170_T1.2_D25,132362,78,0.340
BL_W170_T1.2_D25,132852,76,0.260
BL_W170_T1.2_D25,133440,74,0.126
BL_W170_T1.2_D25,133979,73,0.050
BL_W170_T1.2_D25,124997,102,0.010
BL_W170_T1.2_D30,126531,97,1.200
BL_W170_T1.2_D30,127021,95,1.140
BL_W170_T1.2_D30,127560,93,1.060
BL_W170_T1.2_D30,128050,92,0.980
BL_W170_T1.2_D30,128589,90,0.900
BL_W170_T1.2_D30,129128,88,0.820
BL_W170_T1.2_D30,129667,86,0.740
BL_W170_T1.2_D30,130206,84,0.660
BL_W170_T1.2_D30,130745,82,0.580
BL_W170_T1.2_D30,131284,81,0.500
BL_W170_T1.2_D30,131823,79,0.420
BL_W170_T1.2_D30,132362,78,0.340
BL_W170_T1.2_D30,132852,76,0.260
BL_W170_T1.2_D30,133440,74,0.126
BL_W170_T1.2_D30,133979,73,0.050
BL_W170_T1.5_D2,124497,103,1.200
BL_W170_T1.5_D2,124947,102,1.200
BL_W170_T1.5_D2,125497,101,1.200
BL_W170_T1.5_D2,125992,99,1.200
BL_W170_T1.5_D2,126482,97,1.200
BL_W170_T1.5_D2,127021,95,1.140
BL_W170_T1.5_D2,127560,93,1.060
BL_W170_T1.5_D2,128050,92,0.980
BL_W170_T1.5_D2,128589,90,0.900
BL_W170_T1.5_D2,129128,88,0.820
BL_W170_T1.5_D2,129667,86,0.740
BL_W170_T1.5_D2,130206,84,0.660
BL_W170_T1.5_D2,130794,82,0.580
BL_W170_T1.5_D2,131333,81,0.500
BL_W170_T1.5_D2,131823,79,0.420
BL_W170_T1.5_D2,132362,78,0.340
BL_W170_T1.5_D2,132901,76,0.260
BL_W170_T1.5_D2,133440,74,0.126
BL_W170_T1.5_D2,133979,73,0.050
BL_W170_T1.5_D2,123347,108,0.010
BL_W170_T1.5_D4,124497,103,1.200
BL_W170_T1.5_D4,124947,102,1.200
BL_W170_T1.5_D4,125497,101,1.200
BL_W170_T1.5_D4,125992,99,1.200
BL_W170_T1.5_D4,126482,97,1.200
BL_W170_T1.5_D4,127021,95,1.140
BL_W170_T1.5_D4,127560,93,1.060
BL_W170_T1.5_D4,128050,92,0.980
BL_W170_T1.5_D4,128589,90,0.900
BL_W170_T1.5_D4,129128,88,0.820
BL_W170_T1.5_D4,129667,86,0.740
BL_W170_T1.5_D4,130206,84,0.660
BL_W170_T1.5_D4,130794,82,0.580
BL_W170_T1.5_D4,131333,81,0.500
BL_W170_T1.5_D4,131823,79,0.420
BL_W170_T1.5_D4,132362,78,0.340
BL_W170_T1.5_D4,132901,76,0.260
BL_W170_T1.5_D4,133440,74,0.126
BL_W170_T1.5_D4,133979,73,0.050
BL_W170_T1.5_D4,123347,108,0.010
BL_W170_T1.5_D6,124497,103,1.200
BL_W170_T1.5_D6,124947,102,1.200
BL_W170_T1.5_D6,125497,101,1.200
BL_W170_T1.5_D6,125992,99,1.200
BL_W170_T1.5_D6,126482,97,1.200
BL_W170_T1.5_D6,127021,95,1.140
BL_W170_T1.5_D6,127560,93,1.060
BL_W170_T1.5_D6,128050,92,0.980
BL_W170_T1.5_D6,128589,90,0.900
BL_W170_T1.5_D6,129128,88,0.820
BL_W170_T1.5_D6,129667,86,0.740
BL_W170_T1.5_D6,130206,84,0.660
BL_W170_T1.5_D6,130794,82,0.580
BL_W170_T1.5_D6,131333,81,0.500
BL_W170_T1.5_D6,131823,79,0.420
BL_W170_T1.5_D6,132362,78,0.340
BL_W170_T1.5_D6,132901,76,0.260
BL_W170_T1.5_D6,133440,74,0.126
BL_W170_T1.5_D6,133979,73,0.050
BL_W170_T1.5_D6,123347,108,0.010
BL_W170_T1.5_D8,124497,103,1.200
BL_W170_T1.5_D8,124947,102,1.200
BL_W170_T1.5_D8,125447,101,1.200
BL_W170_T1.5_D8,125992,99,1.200
BL_W170_T1.5_D8,126482,97,1.200
BL_W170_T1.5_D8,127021,95,1.140
BL_W170_T1.5_D8,127560,93,1.060
BL_W170_T1.5_D8,128050,92,0.980
BL_W170_T1.5_D8,128589,90,0.900
BL_W170_T1.5_D8,129128,88,0.820
BL_W170_T1.5_D8,129667,86,0.740
BL_W170_T1.5_D8,130206,84,0.660
BL_W170_T1.5_D8,130794,82,0.580
BL_W170_T1.5_D8,131333,81,0.500
BL_W170_T1.5_D8,131823,79,0.420
BL_W170_T1.5_D8,132362,78,0.340
BL_W170_T1.5_D8,132901,76,0.260
BL_W170_T1.5_D8,133440,74,0.126
BL_W170_T1.5_D8,133979,73,0.050
BL_W170_T1.5_D8,123397,108,0.010
BL_W170_T1.5_D10,124497,103,1.200
BL_W170_T1.5_D10,124947,102,1.200
BL_W170_T1.5_D10,125497,101,1.200
BL_W170_T1.5_D10,125943,99,1.200
BL_W170_T1.5_D10,126482,97,1.200
BL_W170_T1.5_D10,127021,95,1.140
BL_W170_T1.5_D10,127560,93,1.060
BL_W170_T1.5_D10,128050,92,0.980
BL_W170_T1.5_D10,128589,90,0.900
BL_W170_T1.5_D10,129128,88,0.820
BL_W170_T1.5_D10,129667,86,0.740
BL_W170_T1.5_D10,130206,84,0.660
BL_W170_T1.5_D10,130794,82,0.580
BL_W170_T1.5_D10,131333,81,0.500
BL_W170_T1.5_D10,131823,79,0.420
BL_W170_T1.5_D10,132362,78,0.340
BL_W170_T1.5_D10,132901,76,0.260
BL_W170_T1.5_D10,133440,74,0.126
BL_W170_T1.5_D10,133979,73,0.050
BL_W170_T1.5_D10,123397,108,0.010
BL_W170_T1.5_D15,124947,102,1.200
BL_W170_T1.5_D15,125497,101,1.200
BL_W170_T1.5_D15,125992,99,1.200
BL_W170_T1.5_D15,126482,97,1.200
BL_W170_T1.5_D15,127021,95,1.140
BL_W170_T1.5_D15,127560,93,1.060
BL_W170_T1.5_D15,128050,92,0.980
BL_W170_T1.5_D15,128589,90,0.900
BL_W170_T1.5_D15,129128,88,0.820
BL_W170_T1.5_D15,129667,86,0.740
BL_W170_T1.5_D15,130206,84,0.660
BL_W170_T1.5_D15,130794,82,0.580
BL_W170_T1.5_D15,131333,81,0.500
BL_W170_T1.5_D15,131823,79,0.420
BL_W170_T1.5_D15,132362,78,0.340
BL_W170_T1.5_D15,132901,76,0.260
BL_W170_T1.5_D15,133440,74,0.126
BL_W170_T1.5_D15,133979,73,0.050
BL_W170_T1.5_D15,123397,108,0.010
BL_W170_T1.5_D20,125992,99,1.200
BL_W170_T1.5_D20,126482,97,1.200
BL_W170_T1.5_D20,127021,95,1.140
BL_W170_T1.5_D20,127560,93,1.060
BL_W170_T1.5_D20,128050,92,0.980
BL_W170_T1.5_D20,128589,90,0.900
BL_W170_T1.5_D20,129128,88,0.820
BL_W170_T1.5_D20,129667,86,0.740
BL_W170_T1.5_D20,130206,84,0.660
BL_W170_T1.5_D20,130794,82,0.580
BL_W170_T1.5_D20,131333,81,0.500
BL_W170_T1.5_D20,131823,79,0.420
BL_W170_T1.5_D20,132362,78,0.340
BL_W170_T1.5_D20,132901,76,0.260
BL_W170_T1.5_D20,133440,74,0.126
BL_W170_T1.5_D20,133979,73,0.050
BL_W170_T1.5_D20,123447,108,0.010
BL_W170_T1.5_D20,124997,102,0.010
BL_W170_T1.5_D25,126482,97,1.200
BL_W170_T1.5_D25,127021,95,1.140
BL_W170_T1.5_D25,127560,93,1.060
BL_W170_T1.5_D25,128050,92,0.980
BL_W170_T1.5_D25,128589,90,0.900
BL_W170_T1.5_D25,129128,88,0.820
BL_W170_T1.5_D25,129667,86,0.740
BL_W170_T1.5_D25,130206,84,0.660
BL_W170_T1.5_D25,130745,82,0.580
BL_W170_T1.5_D25,131333,81,0.500
BL_W170_T1.5_D25,131823,79,0.420
BL_W170_T1.5_D25,132362,78,0.340
BL_W170_T1.5_D25,132901,76,0.260
BL_W170_T1.5_D25,133440,74,0.126
BL_W170_T1.5_D25,133979,73,0.050
BL_W170_T1.5_D25,124997,102,0.010
BL_W170_T1.5_D30,126531,97,1.200
BL_W170_T1.5_D30,127021,95,1.140
BL_W170_T1.5_D30,127560,93,1.060
BL_W170_T1.5_D30,128050,92,0.980
BL_W170_T1.5_D30,128589,90,0.900
BL_W170_T1.5_D30,129128,88,0.820
BL_W170_T1.5_D30,129667,86,0.740
BL_W170_T1.5_D30,130206,84,0.660
BL_W170_T1.5_D30,130745,82,0.580
BL_W170_T1.5_D30,131284,81,0.500
BL_W170_T1.5_D30,131823,79,0.420
BL_W170_T1.5_D30,132362,78,0.340
BL_W170_T1.5_D30,132852,76,0.260
BL_W170_T1.5_D30,133440,74,0.126
BL_W170_T1.5_D30,133979,73,0.050
BL_W170_T1.7_D2,124947,102,1.200
BL_W170_T1.7_D2,125497,101,1.200
BL_W170_T1.7_D2,125992,99,1.200
BL_W170_T1.7_D2,126482,97,1.140
BL_W170_T1.7_D2,127021,95,1.060
BL_W170_T1.7_D2,127560,93,0.980
BL_W170_T1.7_D2,128050,92,0.900
BL_W170_T1.7_D2,128589,90,0.820
BL_W170_T1.7_D2,129128,88,0.740
BL_W170_T1.7_D2,129667,86,0.660
BL_W170_T1.7_D2,130206,84,0.580
BL_W170_T1.7_D2,130794,82,0.500
BL_W170_T1.7_D2,131333,81,0.420
BL_W170_T1.7_D2,131823,79,0.340
BL_W170_T1.7_D2,132362,78,0.260
BL_W170_T1.7_D2,132901,76,0.126
BL_W170_T1.7_D2,133440,74,0.050
BL_W170_T1.7_D2,123347,108,0.010
BL_W170_T1.7_D4,124947,102,1.200
BL_W170_T1.7_D4,125497,101,1.200
BL_W170_T1.7_D4,125992,99,1.200
BL_W170_T1.7_D4,126482,97,1.140
BL_W170_T1.7_D4,127021,95,1.060
BL_W170_T1.7_D4,127560,93,0.980
BL_W170_T1.7_D4,128050,92,0.900
BL_W170_T1.7_D4,128589,90,0.820
BL_W170_T1.7_D4,129128,88,0.740
BL_W170_T1.7_D4,129667,86,0.660
BL_W170_T1.7_D4,130206,84,0.580
BL_W170_T1.7_D4,130794,82,0.500
BL_W170_T1.7_D4,131333,81,0.420
BL_W170_T1.7_D4,131823,79,0.340
BL_W170_T1.7_D4,132362,78,0.260
BL_W170_T1.7_D4,132901,76,0.126
BL_W170_T1.7_D4,133440,74,0.050
BL_W170_T1.7_D4,123347,108,0.010
BL_W170_T1.7_D6,124947,102,1.200
BL_W170_T1.7_D6,125497,101,1.200
BL_W170_T1.7_D6,125992,99,1.200
BL_W170_T1.7_D6,126482,97,1.140
BL_W170_T1.7_D6,127021,95,1.060
BL_W170_T1.7_D6,127560,93,0.980
BL_W170_T1.7_D6,128050,92,0.900
BL_W170_T1.7_D6,128589,90,0.820
BL_W170_T1.7_D6,129128,88,0.740
BL_W170_T1.7_D6,129667,86,0.660
BL_W170_T1.7_D6,130206,84,0.580
BL_W170_T1.7_D6,130794,82,0.500
BL_W170_T1.7_D6,131333,81,0.420
BL_W170_T1.7_D6,131823,79,0.340
BL_W170_T1.7_D6,132362,78,0.260
BL_W170_T1.7_D6,132901,76,0.126
BL_W170_T1.7_D6,133440,74,0.050
BL_W170_T1.7_D6,123347,108,0.010
BL_W170_T1.7_D8,124497,103,1.200
BL_W170_T1.7_D8,124947,102,1.200
BL_W170_T1.7_D8,125447,101,1.200
BL_W170_T1.7_D8,125992,99,1.200
BL_W170_T1.7_D8,126482,97,1.140
BL_W170_T1.7_D8,127021,95,1.060
BL_W170_T1.7_D8,127560,93,0.980
BL_W170_T1.7_D8,128050,92,0.900
BL_W170_T1.7_D8,128589,90,0.820
BL_W170_T1.7_D8,129128,88,0.740
BL_W170_T1.7_D8,129667,86,0.660
BL_W170_T1.7_D8,130206,84,0.580
BL_W170_T1.7_D8,130794,82,0.500
BL_W170_T1.7_D8,131333,81,0.420
BL_W170_T1.7_D8,131823,79,0.340
BL_W170_T1.7_D8,132362,78,0.260
BL_W170_T1.7_D8,132901,76,0.126
BL_W170_T1.7_D8,133440,74,0.050
BL_W170_T1.7_D8,123397,108,0.010
BL_W170_T1.7_D10,124497,103,1.200
BL_W170_T1.7_D10,124947,102,1.200
BL_W170_T1.7_D10,125497,101,1.200
BL_W170_T1.7_D10,125943,99,1.200
BL_W170_T1.7_D10,126482,97,1.140
BL_W170_T1.7_D10,127021,95,1.060
BL_W170_T1.7_D10,127560,93,0.980
BL_W170_T1.7_D10,128050,92,0.900
BL_W170_T1.7_D10,128589,90,0.820
BL_W170_T1.7_D10,129128,88,0.740
BL_W170_T1.7_D10,129667,86,0.660
BL_W170_T1.7_D10,130206,84,0.580
BL_W170_T1.7_D10,130794,82,0.500
BL_W170_T1.7_D10,131333,81,0.420
BL_W170_T1.7_D10,131823,79,0.340
BL_W170_T1.7_D10,132362,78,0.260
BL_W170_T1.7_D10,132901,76,0.126
BL_W170_T1.7_D10,133440,74,0.050
BL_W170_T1.7_D10,123397,108,0.010
BL_W170_T1.7_D15,124947,102,1.200
BL_W170_T1.7_D15,125497,101,1.200
BL_W170_T1.7_D15,125992,99,1.200
BL_W170_T1.7_D15,126482,97,1.140
BL_W170_T1.7_D15,127021,95,1.060
BL_W170_T1.7_D15,127560,93,0.980
BL_W170_T1.7_D15,128050,92,0.900
BL_W170_T1.7_D15,128589,90,0.820
BL_W170_T1.7_D15,129128,88,0.740
BL_W170_T1.7_D15,129667,86,0.660
BL_W170_T1.7_D15,130206,84,0.580
BL_W170_T1.7_D15,130794,82,0.500
BL_W170_T1.7_D15,131333,81,0.420
BL_W170_T1.7_D15,131823,79,0.340
BL_W170_T1.7_D15,132362,78,0.260
BL_W170_T1.7_D15,132901,76,0.126
BL_W170_T1.7_D15,133440,74,0.050
BL_W170_T1.7_D15,123397,108,0.010
BL_W170_T1.7_D20,125992,99,1.200
BL_W170_T1.7_D20,126482,97,1.140
BL_W170_T1.7_D20,127021,95,1.060
BL_W170_T1.7_D20,127560,93,0.980
BL_W170_T1.7_D20,128050,92,0.900
BL_W170_T1.7_D20,128589,90,0.820
BL_W170_T1.7_D20,129128,88,0.740
BL_W170_T1.7_D20,129667,86,0.660
BL_W170_T1.7_D20,130206,84,0.580
BL_W170_T1.7_D20,130794,82,0.500
BL_W170_T1.7_D20,131333,81,0.420
BL_W170_T1.7_D20,131823,79,0.340
BL_W170_T1.7_D20,132362,78,0.260
BL_W170_T1.7_D20,132901,76,0.126
BL_W170_T1.7_D20,133440,74,0.050
BL_W170_T1.7_D20,123447,108,0.010
BL_W170_T1.7_D20,124997,102,0.010
BL_W170_T1.7_D25,126482,97,1.140
BL_W170_T1.7_D25,127021,95,1.060
BL_W170_T1.7_D25,127560,93,0.980
BL_W170_T1.7_D25,128050,92,0.900
BL_W170_T1.7_D25,128589,90,0.820
BL_W170_T1.7_D25,129128,88,0.740
BL_W170_T1.7_D25,129667,86,0.660
BL_W170_T1.7_D25,130206,84,0.580
BL_W170_T1.7_D25,130745,82,0.500
BL_W170_T1.7_D25,131333,81,0.420
BL_W170_T1.7_D25,131823,79,0.340
BL_W170_T1.7_D25,132362,78,0.260
BL_W170_T1.7_D25,132901,76,0.126
BL_W170_T1.7_D25,133440,74,0.050
BL_W170_T1.7_D25,124997,102,0.010
BL_W170_T1.7_D30,126531,97,1.140
BL_W170_T1.7_D30,127021,95,1.060
BL_W170_T1.7_D30,127560,93,0.980
BL_W170_T1.7_D30,128050,92,0.900
BL_W170_T1.7_D30,128589,90,0.820
BL_W170_T1.7_D30,129128,88,0.740
BL_W170_T1.7_D30,129667,86,0.660
BL_W170_T1.7_D30,130206,84,0.580
BL_W170_T1.7_D30,130745,82,0.500
BL_W170_T1.7_D30,131284,81,0.420
BL_W170_T1.7_D30,131823,79,0.340
BL_W170_T1.7_D30,132362,78,0.260
BL_W170_T1.7_D30,132852,76,0.126
BL_W170_T1.7_D30,133440,74,0.050
BL_W170_T2.0_D2,125992,99,0.820
BL_W170_T2.0_D2,126482,97,0.740
BL_W170_T2.0_D2,127021,95,0.660
BL_W170_T2.0_D2,127560,93,0.580
BL_W170_T2.0_D2,128050,92,0.500
BL_W170_T2.0_D2,128589,90,0.420
BL_W170_T2.0_D2,129128,88,0.340
BL_W170_T2.0_D2,129667,86,0.260
BL_W170_T2.0_D2,131823,79,0.260
BL_W170_T2.0_D2,130206,84,0.126
BL_W170_T2.0_D2,132362,78,0.126
BL_W170_T2.0_D2,132901,76,0.050
BL_W170_T2.0_D2,123347,108,0.010
BL_W170_T2.0_D2,124947,102,0.010
BL_W170_T2.0_D2,130794,82,0.010
BL_W170_T2.0_D4,125992,99,0.820
BL_W170_T2.0_D4,126482,97,0.740
BL_W170_T2.0_D4,127021,95,0.660
BL_W170_T2.0_D4,127560,93,0.580
BL_W170_T2.0_D4,128050,92,0.500
BL_W170_T2.0_D4,128589,90,0.420
BL_W170_T2.0_D4,129128,88,0.340
BL_W170_T2.0_D4,129667,86,0.260
BL_W170_T2.0_D4,131823,79,0.260
BL_W170_T2.0_D4,130206,84,0.126
BL_W170_T2.0_D4,132362,78,0.126
BL_W170_T2.0_D4,132901,76,0.050
BL_W170_T2.0_D4,123347,108,0.010
BL_W170_T2.0_D4,124947,102,0.010
BL_W170_T2.0_D4,130794,82,0.010
BL_W170_T2.0_D6,125992,99,0.820
BL_W170_T2.0_D6,126482,97,0.740
BL_W170_T2.0_D6,127021,95,0.660
BL_W170_T2.0_D6,127560,93,0.580
BL_W170_T2.0_D6,128050,92,0.500
BL_W170_T2.0_D6,128589,90,0.420
BL_W170_T2.0_D6,129128,88,0.340
BL_W170_T2.0_D6,129667,86,0.260
BL_W170_T2.0_D6,131823,79,0.260
BL_W170_T2.0_D6,130206,84,0.126
BL_W170_T2.0_D6,132362,78,0.126
BL_W170_T2.0_D6,132901,76,0.050
BL_W170_T2.0_D6,123347,108,0.010
BL_W170_T2.0_D6,124947,102,0.010
BL_W170_T2.0_D6,130794,82,0.010
BL_W170_T2.0_D8,124497,103,1.060
BL_W170_T2.0_D8,124947,102,0.980
BL_W170_T2.0_D8,125447,101,0.900
BL_W170_T2.0_D8,125992,99,0.820
BL_W170_T2.0_D8,126482,97,0.740
BL_W170_T2.0_D8,127021,95,0.660
BL_W170_T2.0_D8,127560,93,0.580
BL_W170_T2.0_D8,128050,92,0.500
BL_W170_T2.0_D8,128589,90,0.420
BL_W170_T2.0_D8,129128,88,0.340
BL_W170_T2.0_D8,129667,86,0.260
BL_W170_T2.0_D8,131823,79,0.260
BL_W170_T2.0_D8,130206,84,0.126
BL_W170_T2.0_D8,132362,78,0.126
BL_W170_T2.0_D8,132901,76,0.050
BL_W170_T2.0_D8,123397,108,0.010
BL_W170_T2.0_D8,130794,82,0.010
BL_W170_T2.0_D10,124497,103,1.060
BL_W170_T2.0_D10,124947,102,0.980
BL_W170_T2.0_D10,125497,101,0.900
BL_W170_T2.0_D10,125943,99,0.820
BL_W170_T2.0_D10,126482,97,0.740
BL_W170_T2.0_D10,127021,95,0.660
BL_W170_T2.0_D10,127560,93,0.580
BL_W170_T2.0_D10,128050,92,0.500
BL_W170_T2.0_D10,128589,90,0.420
BL_W170_T2.0_D10,129128,88,0.340
BL_W170_T2.0_D10,129667,86,0.260
BL_W170_T2.0_D10,131823,79,0.260
BL_W170_T2.0_D10,130206,84,0.126
BL_W170_T2.0_D10,132362,78,0.126
BL_W170_T2.0_D10,132901,76,0.050
BL_W170_T2.0_D10,123397,108,0.010
BL_W170_T2.0_D10,130794,82,0.010
BL_W170_T2.0_D15,124947,102,0.980
BL_W170_T2.0_D15,125497,101,0.900
BL_W170_T2.0_D15,125992,99,0.820
BL_W170_T2.0_D15,126482,97,0.740
BL_W170_T2.0_D15,127021,95,0.660
BL_W170_T2.0_D15,127560,93,0.580
BL_W170_T2.0_D15,128050,92,0.500
BL_W170_T2.0_D15,128589,90,0.420
BL_W170_T2.0_D15,129128,88,0.340
BL_W170_T2.0_D15,129667,86,0.260
BL_W170_T2.0_D15,131823,79,0.260
BL_W170_T2.0_D15,130206,84,0.126
BL_W170_T2.0_D15,132362,78,0.126
BL_W170_T2.0_D15,132901,76,0.050
BL_W170_T2.0_D15,123397,108,0.010
BL_W170_T2.0_D15,130794,82,0.010
BL_W170_T2.0_D20,125992,99,0.820
BL_W170_T2.0_D20,126482,97,0.740
BL_W170_T2.0_D20,127021,95,0.660
BL_W170_T2.0_D20,127560,93,0.580
BL_W170_T2.0_D20,128050,92,0.500
BL_W170_T2.0_D20,128589,90,0.420
BL_W170_T2.0_D20,129128,88,0.340
BL_W170_T2.0_D20,129667,86,0.260
BL_W170_T2.0_D20,131823,79,0.260
BL_W170_T2.0_D20,130206,84,0.126
BL_W170_T2.0_D20,132362,78,0.126
BL_W170_T2.0_D20,132901,76,0.050
BL_W170_T2.0_D20,123447,108,0.010
BL_W170_T2.0_D20,124997,102,0.010
BL_W170_T2.0_D20,130794,82,0.010
BL_W170_T2.0_D25,126482,97,0.740
BL_W170_T2.0_D25,127021,95,0.660
BL_W170_T2.0_D25,127560,93,0.580
BL_W170_T2.0_D25,128050,92,0.500
BL_W170_T2.0_D25,128589,90,0.420
BL_W170_T2.0_D25,129128,88,0.340
BL_W170_T2.0_D25,129667,86,0.260
BL_W170_T2.0_D25,131823,79,0.260
BL_W170_T2.0_D25,130206,84,0.126
BL_W170_T2.0_D25,132362,78,0.126
BL_W170_T2.0_D25,132901,76,0.050
BL_W170_T2.0_D25,124997,102,0.010
BL_W170_T2.0_D25,130745,82,0.010
BL_W170_T2.0_D30,126531,97,1.060
BL_W170_T2.0_D30,127021,95,0.980
BL_W170_T2.0_D30,127560,93,0.900
BL_W170_T2.0_D30,128050,92,0.820
BL_W170_T2.0_D30,128589,90,0.740
BL_W170_T2.0_D30,129128,88,0.660
BL_W170_T2.0_D30,129667,86,0.580
BL_W170_T2.0_D30,130206,84,0.500
BL_W170_T2.0_D30,130745,82,0.420
BL_W170_T2.0_D30,131284,81,0.340
BL_W170_T2.0_D30,131823,79,0.260
BL_W170_T2.0_D30,132362,78,0.126
BL_W170_T2.0_D30,132852,76,0.050
BL_W170_T2.2_D2,125992,99,0.740
BL_W170_T2.2_D2,126482,97,0.660
BL_W170_T2.2_D2,127021,95,0.580
BL_W170_T2.2_D2,127560,93,0.500
BL_W170_T2.2_D2,128099,92,0.420
BL_W170_T2.2_D2,128638,90,0.340
BL_W170_T2.2_D2,129128,88,0.260
BL_W170_T2.2_D2,129667,86,0.126
BL_W170_T2.2_D2,132901,76,0.050
BL_W170_T2.2_D2,123347,108,0.010
BL_W170_T2.2_D2,124947,102,0.010
BL_W170_T2.2_D2,130206,84,0.010
BL_W170_T2.2_D2,131872,79,0.010
BL_W170_T2.2_D4,125992,99,0.740
BL_W170_T2.2_D4,126482,97,0.660
BL_W170_T2.2_D4,127021,95,0.580
BL_W170_T2.2_D4,127560,93,0.500
BL_W170_T2.2_D4,128099,92,0.420
BL_W170_T2.2_D4,128638,90,0.340
BL_W170_T2.2_D4,129128,88,0.260
BL_W170_T2.2_D4,129667,86,0.126
BL_W170_T2.2_D4,132901,76,0.050
BL_W170_T2.2_D4,123347,108,0.010
BL_W170_T2.2_D4,124947,102,0.010
BL_W170_T2.2_D4,130206,84,0.010
BL_W170_T2.2_D4,131872,79,0.010
BL_W170_T2.2_D6,125992,99,0.740
BL_W170_T2.2_D6,126482,97,0.660
BL_W170_T2.2_D6,127021,95,0.580
BL_W170_T2.2_D6,127560,93,0.500
BL_W170_T2.2_D6,128099,92,0.420
BL_W170_T2.2_D6,128638,90,0.340
BL_W170_T2.2_D6,129128,88,0.260
BL_W170_T2.2_D6,129667,86,0.126
BL_W170_T2.2_D6,132901,76,0.050
BL_W170_T2.2_D6,123347,108,0.010
BL_W170_T2.2_D6,124947,102,0.010
BL_W170_T2.2_D6,130206,84,0.010
BL_W170_T2.2_D6,131872,79,0.010
BL_W170_T2.2_D8,124497,103,0.980
BL_W170_T2.2_D8,124947,102,0.900
BL_W170_T2.2_D8,125447,101,0.820
BL_W170_T2.2_D8,125992,99,0.740
BL_W170_T2.2_D8,126482,97,0.660
BL_W170_T2.2_D8,127021,95,0.580
BL_W170_T2.2_D8,127560,93,0.500
BL_W170_T2.2_D8,128099,92,0.420
BL_W170_T2.2_D8,128638,90,0.340
BL_W170_T2.2_D8,129128,88,0.260
BL_W170_T2.2_D8,129667,86,0.126
BL_W170_T2.2_D8,132901,76,0.050
BL_W170_T2.2_D8,123397,108,0.010
BL_W170_T2.2_D8,130206,84,0.010
BL_W170_T2.2_D8,131872,79,0.010
BL_W170_T2.2_D10,124497,103,0.980
BL_W170_T2.2_D10,124947,102,0.900
BL_W170_T2.2_D10,125497,101,0.820
BL_W170_T2.2_D10,125943,99,0.740
BL_W170_T2.2_D10,126482,97,0.660
BL_W170_T2.2_D10,127021,95,0.580
BL_W170_T2.2_D10,127560,93,0.500
BL_W170_T2.2_D10,128099,92,0.420
BL_W170_T2.2_D10,128638,90,0.340
BL_W170_T2.2_D10,129128,88,0.260
BL_W170_T2.2_D10,129667,86,0.126
BL_W170_T2.2_D10,132901,76,0.050
BL_W170_T2.2_D10,123397,108,0.010
BL_W170_T2.2_D10,130206,84,0.010
BL_W170_T2.2_D10,131872,79,0.010
BL_W170_T2.2_D15,124947,102,0.900
BL_W170_T2.2_D15,125497,101,0.820
BL_W170_T2.2_D15,125992,99,0.740
BL_W170_T2.2_D15,126482,97,0.660
BL_W170_T2.2_D15,127021,95,0.580
BL_W170_T2.2_D15,127560,93,0.500
BL_W170_T2.2_D15,128099,92,0.420
BL_W170_T2.2_D15,128638,90,0.340
BL_W170_T2.2_D15,129128,88,0.260
BL_W170_T2.2_D15,129667,86,0.126
BL_W170_T2.2_D15,132901,76,0.050
BL_W170_T2.2_D15,123397,108,0.010
BL_W170_T2.2_D15,130206,84,0.010
BL_W170_T2.2_D15,131872,79,0.010
BL_W170_T2.2_D20,125992,99,0.740
BL_W170_T2.2_D20,126482,97,0.660
BL_W170_T2.2_D20,127021,95,0.580
BL_W170_T2.2_D20,127560,93,0.500
BL_W170_T2.2_D20,128050,92,0.420
BL_W170_T2.2_D20,128589,90,0.340
BL_W170_T2.2_D20,129128,88,0.260
BL_W170_T2.2_D20,129667,86,0.126
BL_W170_T2.2_D20,132901,76,0.050
BL_W170_T2.2_D20,123447,108,0.010
BL_W170_T2.2_D20,124997,102,0.010
BL_W170_T2.2_D20,130206,84,0.010
BL_W170_T2.2_D20,131872,79,0.010
BL_W170_T2.2_D25,126482,97,0.740
BL_W170_T2.2_D25,127021,95,0.660
BL_W170_T2.2_D25,127560,93,0.580
BL_W170_T2.2_D25,128050,92,0.500
BL_W170_T2.2_D25,128589,90,0.420
BL_W170_T2.2_D25,129128,88,0.340
BL_W170_T2.2_D25,129667,86,0.260
BL_W170_T2.2_D25,130206,84,0.126
BL_W170_T2.2_D25,132901,76,0.050
BL_W170_T2.2_D25,124997,102,0.010
BL_W170_T2.2_D25,130745,82,0.010
BL_W170_T2.2_D25,131872,79,0.010
BL_W170_T2.2_D30,126531,97,1.060
BL_W170_T2.2_D30,127021,95,0.980
BL_W170_T2.2_D30,127560,93,0.900
BL_W170_T2.2_D30,128050,92,0.820
BL_W170_T2.2_D30,128589,90,0.740
BL_W170_T2.2_D30,129128,88,0.660
BL_W170_T2.2_D30,129667,86,0.580
BL_W170_T2.2_D30,130206,84,0.500
BL_W170_T2.2_D30,130745,82,0.420
BL_W170_T2.2_D30,131284,81,0.340
BL_W170_T2.2_D30,131823,79,0.260
BL_W170_T2.2_D30,132362,78,0.126
BL_W170_T2.2_D30,132852,76,0.050
BL_W170_T2.4_D2,125992,99,0.500
BL_W170_T2.4_D2,126531,97,0.420
BL_W170_T2.4_D2,127021,95,0.340
BL_W170_T2.4_D2,127609,93,0.260
BL_W170_T2.4_D2,128099,92,0.126
BL_W170_T2.4_D2,129716,86,0.126
BL_W170_T2.4_D2,130255,84,0.050
BL_W170_T2.4_D2,123397,108,0.010
BL_W170_T2.4_D2,124947,102,0.010
BL_W170_T2.4_D2,128638,90,0.010
BL_W170_T2.4_D4,125992,99,0.500
BL_W170_T2.4_D4,126531,97,0.420
BL_W170_T2.4_D4,127021,95,0.340
BL_W170_T2.4_D4,127609,93,0.260
BL_W170_T2.4_D4,128099,92,0.126
BL_W170_T2.4_D4,129716,86,0.126
BL_W170_T2.4_D4,130255,84,0.050
BL_W170_T2.4_D4,123347,108,0.010
BL_W170_T2.4_D4,124947,102,0.010
BL_W170_T2.4_D4,128638,90,0.010
BL_W170_T2.4_D6,125992,99,0.500
BL_W170_T2.4_D6,126531,97,0.420
BL_W170_T2.4_D6,127021,95,0.340
BL_W170_T2.4_D6,127609,93,0.260
BL_W170_T2.4_D6,128099,92,0.126
BL_W170_T2.4_D6,129716,86,0.126
BL_W170_T2.4_D6,130255,84,0.050
BL_W170_T2.4_D6,123347,108,0.010
BL_W170_T2.4_D6,124947,102,0.010
BL_W170_T2.4_D6,128638,90,0.010
BL_W170_T2.4_D8,124497,103,0.740
BL_W170_T2.4_D8,124947,102,0.660
BL_W170_T2.4_D8,125447,101,0.580
BL_W170_T2.4_D8,125992,99,0.500
BL_W170_T2.4_D8,126531,97,0.420
BL_W170_T2.4_D8,127021,95,0.340
BL_W170_T2.4_D8,127609,93,0.260
BL_W170_T2.4_D8,128099,92,0.126
BL_W170_T2.4_D8,129716,86,0.126
BL_W170_T2.4_D8,130255,84,0.050
BL_W170_T2.4_D8,123397,108,0.010
BL_W170_T2.4_D8,128638,90,0.010
BL_W170_T2.4_D10,124497,103,0.740
BL_W170_T2.4_D10,124947,102,0.660
BL_W170_T2.4_D10,125497,101,0.580
BL_W170_T2.4_D10,125943,99,0.500
BL_W170_T2.4_D10,126531,97,0.420
BL_W170_T2.4_D10,127021,95,0.340
BL_W170_T2.4_D10,127609,93,0.260
BL_W170_T2.4_D10,128099,92,0.126
BL_W170_T2.4_D10,129716,86,0.126
BL_W170_T2.4_D10,130255,84,0.050
BL_W170_T2.4_D10,123397,108,0.010
BL_W170_T2.4_D10,128638,90,0.010
BL_W170_T2.4_D15,124947,102,0.660
BL_W170_T2.4_D15,125497,101,0.580
BL_W170_T2.4_D15,125992,99,0.500
BL_W170_T2.4_D15,126482,97,0.420
BL_W170_T2.4_D15,127021,95,0.340
BL_W170_T2.4_D15,127560,93,0.260
BL_W170_T2.4_D15,128099,92,0.126
BL_W170_T2.4_D15,129716,86,0.126
BL_W170_T2.4_D15,130255,84,0.050
BL_W170_T2.4_D15,123397,108,0.010
BL_W170_T2.4_D15,128638,90,0.010
BL_W170_T2.4_D20,125992,99,0.740
BL_W170_T2.4_D20,126482,97,0.660
BL_W170_T2.4_D20,127021,95,0.580
BL_W170_T2.4_D20,127560,93,0.500
BL_W170_T2.4_D20,128050,92,0.420
BL_W170_T2.4_D20,128589,90,0.340
BL_W170_T2.4_D20,129128,88,0.260
BL_W170_T2.4_D20,129716,86,0.126
BL_W170_T2.4_D20,130255,84,0.050
BL_W170_T2.4_D20,123447,108,0.010
BL_W170_T2.4_D20,124997,102,0.010
BL_W170_T2.4_D25,126482,97,0.740
BL_W170_T2.4_D25,127021,95,0.660
BL_W170_T2.4_D25,127560,93,0.580
BL_W170_T2.4_D25,128050,92,0.500
BL_W170_T2.4_D25,128589,90,0.420
BL_W170_T2.4_D25,129128,88,0.340
BL_W170_T2.4_D25,129667,86,0.260
BL_W170_T2.4_D25,130206,84,0.126
BL_W170_T2.4_D25,130745,82,0.050
BL_W170_T2.4_D25,124997,102,0.010
BL_W170_T2.4_D30,126531,97,1.060
BL_W170_T2.4_D30,127021,95,0.980
BL_W170_T2.4_D30,127560,93,0.900
BL_W170_T2.4_D30,128050,92,0.820
BL_W170_T2.4_D30,128589,90,0.740
BL_W170_T2.4_D30,129128,88,0.660
BL_W170_T2.4_D30,129667,86,0.580
BL_W170_T2.4_D30,130206,84,0.500
BL_W170_T2.4_D30,130745,82,0.420
BL_W170_T2.4_D30,131284,81,0.340
BL_W170_T2.4_D30,131823,79,0.260
BL_W170_T2.4_D30,132362,78,0.126
BL_W170_T2.4_D30,132852,76,0.050
BL_W170_T2.7_D2,126531,97,0.126
BL_W170_T2.7_D2,130255,84,0.050
BL_W170_T2.7_D2,123397,108,0.010
BL_W170_T2.7_D2,124997,102,0.010
BL_W170_T2.7_D2,127021,95,0.010
BL_W170_T2.7_D2,128099,92,0.010
BL_W170_T2.7_D4,126531,97,0.126
BL_W170_T2.7_D4,130255,84,0.050
BL_W170_T2.7_D4,123347,108,0.010
BL_W170_T2.7_D4,124997,102,0.010
BL_W170_T2.7_D4,127021,95,0.010
BL_W170_T2.7_D4,128099,92,0.010
BL_W170_T2.7_D6,126531,97,0.126
BL_W170_T2.7_D6,130255,84,0.050
BL_W170_T2.7_D6,123347,108,0.010
BL_W170_T2.7_D6,124997,102,0.010
BL_W170_T2.7_D6,127021,95,0.010
BL_W170_T2.7_D6,128099,92,0.010
BL_W170_T2.7_D8,124497,103,0.260
BL_W170_T2.7_D8,124947,102,0.126
BL_W170_T2.7_D8,126531,97,0.126
BL_W170_T2.7_D8,130255,84,0.050
BL_W170_T2.7_D8,123397,108,0.010
BL_W170_T2.7_D8,125447,101,0.010
BL_W170_T2.7_D8,127021,95,0.010
BL_W170_T2.7_D8,128099,92,0.010
BL_W170_T2.7_D10,124497,103,0.500
BL_W170_T2.7_D10,124947,102,0.420
BL_W170_T2.7_D10,125497,101,0.340
BL_W170_T2.7_D10,125943,99,0.260
BL_W170_T2.7_D10,126531,97,0.126
BL_W170_T2.7_D10,130255,84,0.050
BL_W170_T2.7_D10,123397,108,0.010
BL_W170_T2.7_D10,127021,95,0.010
BL_W170_T2.7_D10,128099,92,0.010
BL_W170_T2.7_D15,124947,102,0.580
BL_W170_T2.7_D15,125497,101,0.500
BL_W170_T2.7_D15,125992,99,0.420
BL_W170_T2.7_D15,126482,97,0.340
BL_W170_T2.7_D15,127021,95,0.260
BL_W170_T2.7_D15,127560,93,0.126
BL_W170_T2.7_D15,130255,84,0.050
BL_W170_T2.7_D15,123397,108,0.010
BL_W170_T2.7_D15,128099,92,0.010
BL_W170_T2.7_D20,125992,99,0.580
BL_W170_T2.7_D20,126482,97,0.500
BL_W170_T2.7_D20,127021,95,0.420
BL_W170_T2.7_D20,127560,93,0.340
BL_W170_T2.7_D20,128050,92,0.260
BL_W170_T2.7_D20,128589,90,0.126
BL_W170_T2.7_D20,130255,84,0.050
BL_W170_T2.7_D20,123447,108,0.010
BL_W170_T2.7_D20,124997,102,0.010
BL_W170_T2.7_D20,129128,88,0.010
BL_W170_T2.7_D25,126482,97,0.740
BL_W170_T2.7_D25,127021,95,0.660
BL_W170_T2.7_D25,127560,93,0.580
BL_W170_T2.7_D25,128050,92,0.500
BL_W170_T2.7_D25,128589,90,0.420
BL_W170_T2.7_D25,129128,88,0.340
BL_W170_T2.7_D25,129667,86,0.260
BL_W170_T2.7_D25,130206,84,0.126
BL_W170_T2.7_D25,130745,82,0.050
BL_W170_T2.7_D25,124997,102,0.010
BL_W170_T2.7_D30,126531,97,1.060
BL_W170_T2.7_D30,127021,95,0.980
BL_W170_T2.7_D30,127560,93,0.900
BL_W170_T2.7_D30,128050,92,0.820
BL_W170_T2.7_D30,128589,90,0.740
BL_W170_T2.7_D30,129128,88,0.660
BL_W170_T2.7_D30,129667,86,0.580
BL_W170_T2.7_D30,130206,84,0.500
BL_W170_T2.7_D30,130745,82,0.420
BL_W170_T2.7_D30,131284,81,0.340
BL_W170_T2.7_D30,131823,79,0.260
BL_W170_T2.7_D30,132362,78,0.126
BL_W170_T2.7_D30,132852,76,0.050
BL_W170_T3.0_D2,126531,97,0.126
BL_W170_T3.0_D2,128099,92,0.050
BL_W170_T3.0_D2,123397,108,0.010
BL_W170_T3.0_D2,124997,102,0.010
BL_W170_T3.0_D2,127070,95,0.010
BL_W170_T3.0_D4,126531,97,0.126
BL_W170_T3.0_D4,128099,92,0.050
BL_W170_T3.0_D4,123347,108,0.010
BL_W170_T3.0_D4,124997,102,0.010
BL_W170_T3.0_D4,127070,95,0.010
BL_W170_T3.0_D6,126531,97,0.126
BL_W170_T3.0_D6,128099,92,0.050
BL_W170_T3.0_D6,123347,108,0.010
BL_W170_T3.0_D6,124997,102,0.010
BL_W170_T3.0_D6,127070,95,0.010
BL_W170_T3.0_D8,124497,103,0.260
BL_W170_T3.0_D8,124947,102,0.126
BL_W170_T3.0_D8,126531,97,0.126
BL_W170_T3.0_D8,128099,92,0.050
BL_W170_T3.0_D8,123397,108,0.010
BL_W170_T3.0_D8,125447,101,0.010
BL_W170_T3.0_D8,127070,95,0.010
BL_W170_T3.0_D10,124497,103,0.500
BL_W170_T3.0_D10,124947,102,0.420
BL_W170_T3.0_D10,125497,101,0.340
BL_W170_T3.0_D10,125943,99,0.260
BL_W170_T3.0_D10,126531,97,0.126
BL_W170_T3.0_D10,128099,92,0.050
BL_W170_T3.0_D10,123397,108,0.010
BL_W170_T3.0_D10,127070,95,0.010
BL_W170_T3.0_D15,124947,102,0.580
BL_W170_T3.0_D15,125497,101,0.500
BL_W170_T3.0_D15,125992,99,0.420
BL_W170_T3.0_D15,126482,97,0.340
BL_W170_T3.0_D15,127021,95,0.260
BL_W170_T3.0_D15,127560,93,0.126
BL_W170_T3.0_D15,128099,92,0.050
BL_W170_T3.0_D15,123397,108,0.010
BL_W170_T3.0_D20,125992,99,0.580
BL_W170_T3.0_D20,126482,97,0.500
BL_W170_T3.0_D20,127021,95,0.420
BL_W170_T3.0_D20,127560,93,0.340
BL_W170_T3.0_D20,128050,92,0.260
BL_W170_T3.0_D20,128589,90,0.126
BL_W170_T3.0_D20,129128,88,0.050
BL_W170_T3.0_D20,123447,108,0.010
BL_W170_T3.0_D20,124997,102,0.010
BL_W170_T3.0_D25,126482,97,0.740
BL_W170_T3.0_D25,127021,95,0.660
BL_W170_T3.0_D25,127560,93,0.580
BL_W170_T3.0_D25,128050,92,0.500
BL_W170_T3.0_D25,128589,90,0.420
BL_W170_T3.0_D25,129128,88,0.340
BL_W170_T3.0_D25,129667,86,0.260
BL_W170_T3.0_D25,130206,84,0.126
BL_W170_T3.0_D25,130745,82,0.050
BL_W170_T3.0_D25,124997,102,0.010
BL_W170_T3.0_D30,126531,97,1.060
BL_W170_T3.0_D30,127021,95,0.980
BL_W170_T3.0_D30,127560,93,0.900
BL_W170_T3.0_D30,128050,92,0.820
BL_W170_T3.0_D30,128589,90,0.740
BL_W170_T3.0_D30,129128,88,0.660
BL_W170_T3.0_D30,129667,86,0.580
BL_W170_T3.0_D30,130206,84,0.500
BL_W170_T3.0_D30,130745,82,0.420
BL_W170_T3.0_D30,131284,81,0.340
BL_W170_T3.0_D30,131823,79,0.260
BL_W170_T3.0_D30,132362,78,0.126
BL_W170_T3.0_D30,132852,76,0.050
BL_W180_T1.2_D2,124497,103,1.200
BL_W180_T1.2_D2,124947,102,1.200
BL_W180_T1.2_D2,125447,101,1.200
BL_W180_T1.2_D2,125943,99,1.200
BL_W180_T1.2_D2,126482,97,1.200
BL_W180_T1.2_D2,127021,95,1.140
BL_W180_T1.2_D2,127560,93,1.060
BL_W180_T1.2_D2,128050,92,0.980
BL_W180_T1.2_D2,128589,90,0.900
BL_W180_T1.2_D2,129128,88,0.820
BL_W180_T1.2_D2,129667,86,0.740
BL_W180_T1.2_D2,130206,84,0.660
BL_W180_T1.2_D2,130745,82,0.580
BL_W180_T1.2_D2,131284,81,0.500
BL_W180_T1.2_D2,131823,79,0.420
BL_W180_T1.2_D2,132362,78,0.340
BL_W180_T1.2_D2,132852,76,0.260
BL_W180_T1.2_D2,133391,74,0.126
BL_W180_T1.2_D2,133979,73,0.050
BL_W180_T1.2_D4,124497,103,1.200
BL_W180_T1.2_D4,124947,102,1.200
BL_W180_T1.2_D4,125447,101,1.200
BL_W180_T1.2_D4,125943,99,1.200
BL_W180_T1.2_D4,126482,97,1.200
BL_W180_T1.2_D4,127021,95,1.140
BL_W180_T1.2_D4,127560,93,1.060
BL_W180_T1.2_D4,128050,92,0.980
BL_W180_T1.2_D4,128589,90,0.900
BL_W180_T1.2_D4,129128,88,0.820
BL_W180_T1.2_D4,129667,86,0.740
BL_W180_T1.2_D4,130206,84,0.660
BL_W180_T1.2_D4,130745,82,0.580
BL_W180_T1.2_D4,131284,81,0.500
BL_W180_T1.2_D4,131823,79,0.420
BL_W180_T1.2_D4,132362,78,0.340
BL_W180_T1.2_D4,132852,76,0.260
BL_W180_T1.2_D4,133391,74,0.126
BL_W180_T1.2_D4,133979,73,0.050
BL_W180_T1.2_D6,124497,103,1.200
BL_W180_T1.2_D6,124947,102,1.200
BL_W180_T1.2_D6,125447,101,1.200
BL_W180_T1.2_D6,125943,99,1.200
BL_W180_T1.2_D6,126482,97,1.200
BL_W180_T1.2_D6,127021,95,1.140
BL_W180_T1.2_D6,127560,93,1.060
BL_W180_T1.2_D6,128050,92,0.980
BL_W180_T1.2_D6,128589,90,0.900
BL_W180_T1.2_D6,129128,88,0.820
BL_W180_T1.2_D6,129667,86,0.740
BL_W180_T1.2_D6,130206,84,0.660
BL_W180_T1.2_D6,130745,82,0.580
BL_W180_T1.2_D6,131284,81,0.500
BL_W180_T1.2_D6,131823,79,0.420
BL_W180_T1.2_D6,132362,78,0.340
BL_W180_T1.2_D6,132852,76,0.260
BL_W180_T1.2_D6,133391,74,0.126
BL_W180_T1.2_D6,133979,73,0.050
BL_W180_T1.2_D8,124497,103,1.200
BL_W180_T1.2_D8,124947,102,1.200
BL_W180_T1.2_D8,125447,101,1.200
BL_W180_T1.2_D8,125943,99,1.200
BL_W180_T1.2_D8,126482,97,1.200
BL_W180_T1.2_D8,127021,95,1.140
BL_W180_T1.2_D8,127560,93,1.060
BL_W180_T1.2_D8,128050,92,0.980
BL_W180_T1.2_D8,128589,90,0.900
BL_W180_T1.2_D8,129128,88,0.820
BL_W180_T1.2_D8,129667,86,0.740
BL_W180_T1.2_D8,130206,84,0.660
BL_W180_T1.2_D8,130745,82,0.580
BL_W180_T1.2_D8,131284,81,0.500
BL_W180_T1.2_D8,131823,79,0.420
BL_W180_T1.2_D8,132362,78,0.340
BL_W180_T1.2_D8,132852,76,0.260
BL_W180_T1.2_D8,133391,74,0.126
BL_W180_T1.2_D8,133979,73,0.050
BL_W180_T1.2_D10,124497,103,1.200
BL_W180_T1.2_D10,124947,102,1.200
BL_W180_T1.2_D10,125497,101,1.200
BL_W180_T1.2_D10,125943,99,1.200
BL_W180_T1.2_D10,126482,97,1.200
BL_W180_T1.2_D10,127021,95,1.140
BL_W180_T1.2_D10,127560,93,1.060
BL_W180_T1.2_D10,128050,92,0.980
BL_W180_T1.2_D10,128589,90,0.900
BL_W180_T1.2_D10,129128,88,0.820
BL_W180_T1.2_D10,129667,86,0.740
BL_W180_T1.2_D10,130206,84,0.660
BL_W180_T1.2_D10,130745,82,0.580
BL_W180_T1.2_D10,131284,81,0.500
BL_W180_T1.2_D10,131823,79,0.420
BL_W180_T1.2_D10,132362,78,0.340
BL_W180_T1.2_D10,132852,76,0.260
BL_W180_T1.2_D10,133391,74,0.126
BL_W180_T1.2_D10,133979,73,0.050
BL_W180_T1.2_D15,124947,102,1.200
BL_W180_T1.2_D15,125497,101,1.200
BL_W180_T1.2_D15,125992,99,1.200
BL_W180_T1.2_D15,126482,97,1.200
BL_W180_T1.2_D15,127021,95,1.140
BL_W180_T1.2_D15,127560,93,1.060
BL_W180_T1.2_D15,128050,92,0.980
BL_W180_T1.2_D15,128589,90,0.900
BL_W180_T1.2_D15,129128,88,0.820
BL_W180_T1.2_D15,129667,86,0.740
BL_W180_T1.2_D15,130206,84,0.660
BL_W180_T1.2_D15,130745,82,0.580
BL_W180_T1.2_D15,131284,81,0.500
BL_W180_T1.2_D15,131823,79,0.420
BL_W180_T1.2_D15,132362,78,0.340
BL_W180_T1.2_D15,132852,76,0.260
BL_W180_T1.2_D15,133391,74,0.126
BL_W180_T1.2_D15,133979,73,0.050
BL_W180_T1.2_D20,125992,99,1.200
BL_W180_T1.2_D20,126482,97,1.200
BL_W180_T1.2_D20,127021,95,1.140
BL_W180_T1.2_D20,127560,93,1.060
BL_W180_T1.2_D20,128050,92,0.980
BL_W180_T1.2_D20,128589,90,0.900
BL_W180_T1.2_D20,129128,88,0.820
BL_W180_T1.2_D20,129667,86,0.740
BL_W180_T1.2_D20,130206,84,0.660
BL_W180_T1.2_D20,130745,82,0.580
BL_W180_T1.2_D20,131284,81,0.500
BL_W180_T1.2_D20,131823,79,0.420
BL_W180_T1.2_D20,132362,78,0.340
BL_W180_T1.2_D20,132852,76,0.260
BL_W180_T1.2_D20,133391,74,0.126
BL_W180_T1.2_D20,133979,73,0.050
BL_W180_T1.2_D20,124997,102,0.010
BL_W180_T1.2_D25,126482,97,1.200
BL_W180_T1.2_D25,127021,95,1.140
BL_W180_T1.2_D25,127560,93,1.060
BL_W180_T1.2_D25,128050,92,0.980
BL_W180_T1.2_D25,128589,90,0.900
BL_W180_T1.2_D25,129128,88,0.820
BL_W180_T1.2_D25,129667,86,0.740
BL_W180_T1.2_D25,130206,84,0.660
BL_W180_T1.2_D25,130745,82,0.580
BL_W180_T1.2_D25,131284,81,0.500
BL_W180_T1.2_D25,131823,79,0.420
BL_W180_T1.2_D25,132362,78,0.340
BL_W180_T1.2_D25,132852,76,0.260
BL_W180_T1.2_D25,133391,74,0.126
BL_W180_T1.2_D25,133979,73,0.050
BL_W180_T1.2_D25,124997,102,0.010
BL_W180_T1.2_D30,126531,97,1.200
BL_W180_T1.2_D30,127021,95,1.140
BL_W180_T1.2_D30,127560,93,1.060
BL_W180_T1.2_D30,128050,92,0.980
BL_W180_T1.2_D30,128589,90,0.900
BL_W180_T1.2_D30,129128,88,0.820
BL_W180_T1.2_D30,129667,86,0.740
BL_W180_T1.2_D30,130206,84,0.660
BL_W180_T1.2_D30,130745,82,0.580
BL_W180_T1.2_D30,131284,81,0.500
BL_W180_T1.2_D30,131823,79,0.420
BL_W180_T1.2_D30,132362,78,0.340
BL_W180_T1.2_D30,132852,76,0.260
BL_W180_T1.2_D30,133391,74,0.126
BL_W180_T1.2_D30,133979,73,0.050
BL_W180_T1.5_D2,124497,103,1.200
BL_W180_T1.5_D2,124947,102,1.200
BL_W180_T1.5_D2,125497,101,1.200
BL_W180_T1.5_D2,125992,99,1.200
BL_W180_T1.5_D2,126482,97,1.200
BL_W180_T1.5_D2,127021,95,1.140
BL_W180_T1.5_D2,127560,93,1.060
BL_W180_T1.5_D2,128050,92,0.980
BL_W180_T1.5_D2,128589,90,0.900
BL_W180_T1.5_D2,129128,88,0.820
BL_W180_T1.5_D2,129667,86,0.740
BL_W180_T1.5_D2,130206,84,0.660
BL_W180_T1.5_D2,130794,82,0.580
BL_W180_T1.5_D2,131333,81,0.500
BL_W180_T1.5_D2,131823,79,0.420
BL_W180_T1.5_D2,132362,78,0.340
BL_W180_T1.5_D2,132852,76,0.260
BL_W180_T1.5_D2,133440,74,0.126
BL_W180_T1.5_D2,133979,73,0.050
BL_W180_T1.5_D4,124497,103,1.200
BL_W180_T1.5_D4,124947,102,1.200
BL_W180_T1.5_D4,125497,101,1.200
BL_W180_T1.5_D4,125992,99,1.200
BL_W180_T1.5_D4,126482,97,1.200
BL_W180_T1.5_D4,127021,95,1.140
BL_W180_T1.5_D4,127560,93,1.060
BL_W180_T1.5_D4,128050,92,0.980
BL_W180_T1.5_D4,128589,90,0.900
BL_W180_T1.5_D4,129128,88,0.820
BL_W180_T1.5_D4,129667,86,0.740
BL_W180_T1.5_D4,130206,84,0.660
BL_W180_T1.5_D4,130794,82,0.580
BL_W180_T1.5_D4,131333,81,0.500
BL_W180_T1.5_D4,131823,79,0.420
BL_W180_T1.5_D4,132362,78,0.340
BL_W180_T1.5_D4,132852,76,0.260
BL_W180_T1.5_D4,133440,74,0.126
BL_W180_T1.5_D4,133979,73,0.050
BL_W180_T1.5_D6,124497,103,1.200
BL_W180_T1.5_D6,124947,102,1.200
BL_W180_T1.5_D6,125497,101,1.200
BL_W180_T1.5_D6,125992,99,1.200
BL_W180_T1.5_D6,126482,97,1.200
BL_W180_T1.5_D6,127021,95,1.140
BL_W180_T1.5_D6,127560,93,1.060
BL_W180_T1.5_D6,128050,92,0.980
BL_W180_T1.5_D6,128589,90,0.900
BL_W180_T1.5_D6,129128,88,0.820
BL_W180_T1.5_D6,129667,86,0.740
BL_W180_T1.5_D6,130206,84,0.660
BL_W180_T1.5_D6,130794,82,0.580
BL_W180_T1.5_D6,131333,81,0.500
BL_W180_T1.5_D6,131823,79,0.420
BL_W180_T1.5_D6,132362,78,0.340
BL_W180_T1.5_D6,132852,76,0.260
BL_W180_T1.5_D6,133440,74,0.126
BL_W180_T1.5_D6,133979,73,0.050
BL_W180_T1.5_D8,124497,103,1.200
BL_W180_T1.5_D8,124947,102,1.200
BL_W180_T1.5_D8,125447,101,1.200
BL_W180_T1.5_D8,125992,99,1.200
BL_W180_T1.5_D8,126482,97,1.200
BL_W180_T1.5_D8,127021,95,1.140
BL_W180_T1.5_D8,127560,93,1.060
BL_W180_T1.5_D8,128050,92,0.980
BL_W180_T1.5_D8,128589,90,0.900
BL_W180_T1.5_D8,129128,88,0.820
BL_W180_T1.5_D8,129667,86,0.740
BL_W180_T1.5_D8,130206,84,0.660
BL_W180_T1.5_D8,130794,82,0.580
BL_W180_T1.5_D8,131333,81,0.500
BL_W180_T1.5_D8,131823,79,0.420
BL_W180_T1.5_D8,132362,78,0.340
BL_W180_T1.5_D8,132852,76,0.260
BL_W180_T1.5_D8,133440,74,0.126
BL_W180_T1.5_D8,133979,73,0.050
BL_W180_T1.5_D10,124497,103,1.200
BL_W180_T1.5_D10,124947,102,1.200
BL_W180_T1.5_D10,125497,101,1.200
BL_W180_T1.5_D10,125943,99,1.200
BL_W180_T1.5_D10,126482,97,1.200
BL_W180_T1.5_D10,127021,95,1.140
BL_W180_T1.5_D10,127560,93,1.060
BL_W180_T1.5_D10,128050,92,0.980
BL_W180_T1.5_D10,128589,90,0.900
BL_W180_T1.5_D10,129128,88,0.820
BL_W180_T1.5_D10,129667,86,0.740
BL_W180_T1.5_D10,130206,84,0.660
BL_W180_T1.5_D10,130794,82,0.580
BL_W180_T1.5_D10,131333,81,0.500
BL_W180_T1.5_D10,131823,79,0.420
BL_W180_T1.5_D10,132362,78,0.340
BL_W180_T1.5_D10,132852,76,0.260
BL_W180_T1.5_D10,133440,74,0.126
BL_W180_T1.5_D10,133979,73,0.050
BL_W180_T1.5_D15,124947,102,1.200
BL_W180_T1.5_D15,125497,101,1.200
BL_W180_T1.5_D15,125992,99,1.200
BL_W180_T1.5_D15,126482,97,1.200
BL_W180_T1.5_D15,127021,95,1.140
BL_W180_T1.5_D15,127560,93,1.060
BL_W180_T1.5_D15,128050,92,0.980
BL_W180_T1.5_D15,128589,90,0.900
BL_W180_T1.5_D15,129128,88,0.820
BL_W180_T1.5_D15,129667,86,0.740
BL_W180_T1.5_D15,130206,84,0.660
BL_W180_T1.5_D15,130794,82,0.580
BL_W180_T1.5_D15,131333,81,0.500
BL_W180_T1.5_D15,131823,79,0.420
BL_W180_T1.5_D15,132362,78,0.340
BL_W180_T1.5_D15,132852,76,0.260
BL_W180_T1.5_D15,133440,74,0.126
BL_W180_T1.5_D15,133979,73,0.050
BL_W180_T1.5_D20,125992,99,1.200
BL_W180_T1.5_D20,126482,97,1.200
BL_W180_T1.5_D20,127021,95,1.140
BL_W180_T1.5_D20,127560,93,1.060
BL_W180_T1.5_D20,128050,92,0.980
BL_W180_T1.5_D20,128589,90,0.900
BL_W180_T1.5_D20,129128,88,0.820
BL_W180_T1.5_D20,129667,86,0.740
BL_W180_T1.5_D20,130206,84,0.660
BL_W180_T1.5_D20,130794,82,0.580
BL_W180_T1.5_D20,131333,81,0.500
BL_W180_T1.5_D20,131823,79,0.420
BL_W180_T1.5_D20,132362,78,0.340
BL_W180_T1.5_D20,132852,76,0.260
BL_W180_T1.5_D20,133440,74,0.126
BL_W180_T1.5_D20,133979,73,0.050
BL_W180_T1.5_D20,124997,102,0.010
BL_W180_T1.5_D25,126482,97,1.200
BL_W180_T1.5_D25,127021,95,1.140
BL_W180_T1.5_D25,127560,93,1.060
BL_W180_T1.5_D25,128050,92,0.980
BL_W180_T1.5_D25,128589,90,0.900
BL_W180_T1.5_D25,129128,88,0.820
BL_W180_T1.5_D25,129667,86,0.740
BL_W180_T1.5_D25,130206,84,0.660
BL_W180_T1.5_D25,130745,82,0.580
BL_W180_T1.5_D25,131284,81,0.500
BL_W180_T1.5_D25,131823,79,0.420
BL_W180_T1.5_D25,132362,78,0.340
BL_W180_T1.5_D25,132852,76,0.260
BL_W180_T1.5_D25,133440,74,0.126
BL_W180_T1.5_D25,133979,73,0.050
BL_W180_T1.5_D25,124997,102,0.010
BL_W180_T1.5_D30,126531,97,1.200
BL_W180_T1.5_D30,127021,95,1.140
BL_W180_T1.5_D30,127560,93,1.060
BL_W180_T1.5_D30,128050,92,0.980
BL_W180_T1.5_D30,128589,90,0.900
BL_W180_T1.5_D30,129128,88,0.820
BL_W180_T1.5_D30,129667,86,0.740
BL_W180_T1.5_D30,130206,84,0.660
BL_W180_T1.5_D30,130745,82,0.580
BL_W180_T1.5_D30,131284,81,0.500
BL_W180_T1.5_D30,131823,79,0.420
BL_W180_T1.5_D30,132362,78,0.340
BL_W180_T1.5_D30,132852,76,0.260
BL_W180_T1.5_D30,133391,74,0.126
BL_W180_T1.5_D30,133979,73,0.050
BL_W180_T1.7_D2,124947,102,1.200
BL_W180_T1.7_D2,125497,101,1.200
BL_W180_T1.7_D2,125992,99,1.200
BL_W180_T1.7_D2,126482,97,1.140
BL_W180_T1.7_D2,127021,95,1.060
BL_W180_T1.7_D2,127560,93,0.980
BL_W180_T1.7_D2,128050,92,0.900
BL_W180_T1.7_D2,128589,90,0.820
BL_W180_T1.7_D2,129128,88,0.740
BL_W180_T1.7_D2,129667,86,0.660
BL_W180_T1.7_D2,130206,84,0.580
BL_W180_T1.7_D2,130794,82,0.500
BL_W180_T1.7_D2,131333,81,0.420
BL_W180_T1.7_D2,131823,79,0.340
BL_W180_T1.7_D2,132362,78,0.260
BL_W180_T1.7_D2,132901,76,0.126
BL_W180_T1.7_D2,133440,74,0.050
BL_W180_T1.7_D4,124947,102,1.200
BL_W180_T1.7_D4,125497,101,1.200
BL_W180_T1.7_D4,125992,99,1.200
BL_W180_T1.7_D4,126482,97,1.140
BL_W180_T1.7_D4,127021,95,1.060
BL_W180_T1.7_D4,127560,93,0.980
BL_W180_T1.7_D4,128050,92,0.900
BL_W180_T1.7_D4,128589,90,0.820
BL_W180_T1.7_D4,129128,88,0.740
BL_W180_T1.7_D4,129667,86,0.660
BL_W180_T1.7_D4,130206,84,0.580
BL_W180_T1.7_D4,130794,82,0.500
BL_W180_T1.7_D4,131333,81,0.420
BL_W180_T1.7_D4,131823,79,0.340
BL_W180_T1.7_D4,132362,78,0.260
BL_W180_T1.7_D4,132901,76,0.126
BL_W180_T1.7_D4,133440,74,0.050
BL_W180_T1.7_D6,124947,102,1.200
BL_W180_T1.7_D6,125497,101,1.200
BL_W180_T1.7_D6,125992,99,1.200
BL_W180_T1.7_D6,126482,97,1.140
BL_W180_T1.7_D6,127021,95,1.060
BL_W180_T1.7_D6,127560,93,0.980
BL_W180_T1.7_D6,128050,92,0.900
BL_W180_T1.7_D6,128589,90,0.820
BL_W180_T1.7_D6,129128,88,0.740
BL_W180_T1.7_D6,129667,86,0.660
BL_W180_T1.7_D6,130206,84,0.580
BL_W180_T1.7_D6,130794,82,0.500
BL_W180_T1.7_D6,131333,81,0.420
BL_W180_T1.7_D6,131823,79,0.340
BL_W180_T1.7_D6,132362,78,0.260
BL_W180_T1.7_D6,132901,76,0.126
BL_W180_T1.7_D6,133440,74,0.050
BL_W180_T1.7_D8,124497,103,1.200
BL_W180_T1.7_D8,124947,102,1.200
BL_W180_T1.7_D8,125447,101,1.200
BL_W180_T1.7_D8,125992,99,1.200
BL_W180_T1.7_D8,126482,97,1.140
BL_W180_T1.7_D8,127021,95,1.060
BL_W180_T1.7_D8,127560,93,0.980
BL_W180_T1.7_D8,128050,92,0.900
BL_W180_T1.7_D8,128589,90,0.820
BL_W180_T1.7_D8,129128,88,0.740
BL_W180_T1.7_D8,129667,86,0.660
BL_W180_T1.7_D8,130206,84,0.580
BL_W180_T1.7_D8,130794,82,0.500
BL_W180_T1.7_D8,131333,81,0.420
BL_W180_T1.7_D8,131823,79,0.340
BL_W180_T1.7_D8,132362,78,0.260
BL_W180_T1.7_D8,132901,76,0.126
BL_W180_T1.7_D8,133440,74,0.050
BL_W180_T1.7_D10,124497,103,1.200
BL_W180_T1.7_D10,124947,102,1.200
BL_W180_T1.7_D10,125497,101,1.200
BL_W180_T1.7_D10,125943,99,1.200
BL_W180_T1.7_D10,126482,97,1.140
BL_W180_T1.7_D10,127021,95,1.060
BL_W180_T1.7_D10,127560,93,0.980
BL_W180_T1.7_D10,128050,92,0.900
BL_W180_T1.7_D10,128589,90,0.820
BL_W180_T1.7_D10,129128,88,0.740
BL_W180_T1.7_D10,129667,86,0.660
BL_W180_T1.7_D10,130206,84,0.580
BL_W180_T1.7_D10,130794,82,0.500
BL_W180_T1.7_D10,131333,81,0.420
BL_W180_T1.7_D10,131823,79,0.340
BL_W180_T1.7_D10,132362,78,0.260
BL_W180_T1.7_D10,132901,76,0.126
BL_W180_T1.7_D10,133440,74,0.050
BL_W180_T1.7_D15,124947,102,1.200
BL_W180_T1.7_D15,125497,101,1.200
BL_W180_T1.7_D15,125992,99,1.200
BL_W180_T1.7_D15,126482,97,1.140
BL_W180_T1.7_D15,127021,95,1.060
BL_W180_T1.7_D15,127560,93,0.980
BL_W180_T1.7_D15,128050,92,0.900
BL_W180_T1.7_D15,128589,90,0.820
BL_W180_T1.7_D15,129128,88,0.740
BL_W180_T1.7_D15,129667,86,0.660
BL_W180_T1.7_D15,130206,84,0.580
BL_W180_T1.7_D15,130794,82,0.500
BL_W180_T1.7_D15,131333,81,0.420
BL_W180_T1.7_D15,131823,79,0.340
BL_W180_T1.7_D15,132362,78,0.260
BL_W180_T1.7_D15,132901,76,0.126
BL_W180_T1.7_D15,133440,74,0.050
BL_W180_T1.7_D20,125992,99,1.200
BL_W180_T1.7_D20,126482,97,1.140
BL_W180_T1.7_D20,127021,95,1.060
BL_W180_T1.7_D20,127560,93,0.980
BL_W180_T1.7_D20,128050,92,0.900
BL_W180_T1.7_D20,128589,90,0.820
BL_W180_T1.7_D20,129128,88,0.740
BL_W180_T1.7_D20,129667,86,0.660
BL_W180_T1.7_D20,130206,84,0.580
BL_W180_T1.7_D20,130794,82,0.500
BL_W180_T1.7_D20,131333,81,0.420
BL_W180_T1.7_D20,131823,79,0.340
BL_W180_T1.7_D20,132362,78,0.260
BL_W180_T1.7_D20,132901,76,0.126
BL_W180_T1.7_D20,133440,74,0.050
BL_W180_T1.7_D20,124997,102,0.010
BL_W180_T1.7_D25,126482,97,1.140
BL_W180_T1.7_D25,127021,95,1.060
BL_W180_T1.7_D25,127560,93,0.980
BL_W180_T1.7_D25,128050,92,0.900
BL_W180_T1.7_D25,128589,90,0.820
BL_W180_T1.7_D25,129128,88,0.740
BL_W180_T1.7_D25,129667,86,0.660
BL_W180_T1.7_D25,130206,84,0.580
BL_W180_T1.7_D25,130745,82,0.500
BL_W180_T1.7_D25,131284,81,0.420
BL_W180_T1.7_D25,131823,79,0.340
BL_W180_T1.7_D25,132362,78,0.260
BL_W180_T1.7_D25,132901,76,0.126
BL_W180_T1.7_D25,133440,74,0.050
BL_W180_T1.7_D25,124997,102,0.010
BL_W180_T1.7_D30,126531,97,1.140
BL_W180_T1.7_D30,127021,95,1.060
BL_W180_T1.7_D30,127560,93,0.980
BL_W180_T1.7_D30,128050,92,0.900
BL_W180_T1.7_D30,128589,90,0.820
BL_W180_T1.7_D30,129128,88,0.740
BL_W180_T1.7_D30,129667,86,0.660
BL_W180_T1.7_D30,130206,84,0.580
BL_W180_T1.7_D30,130745,82,0.500
BL_W180_T1.7_D30,131284,81,0.420
BL_W180_T1.7_D30,131823,79,0.340
BL_W180_T1.7_D30,132362,78,0.260
BL_W180_T1.7_D30,132852,76,0.126
BL_W180_T1.7_D30,133391,74,0.050
BL_W180_T2.0_D2,124947,102,0.980
BL_W180_T2.0_D2,125497,101,0.900
BL_W180_T2.0_D2,125992,99,0.820
BL_W180_T2.0_D2,126482,97,0.740
BL_W180_T2.0_D2,127021,95,0.660
BL_W180_T2.0_D2,127560,93,0.580
BL_W180_T2.0_D2,128050,92,0.500
BL_W180_T2.0_D2,128589,90,0.420
BL_W180_T2.0_D2,129128,88,0.340
BL_W180_T2.0_D2,129667,86,0.260
BL_W180_T2.0_D2,131823,79,0.260
BL_W180_T2.0_D2,130206,84,0.126
BL_W180_T2.0_D2,132362,78,0.126
BL_W180_T2.0_D2,132901,76,0.050
BL_W180_T2.0_D2,130794,82,0.010
BL_W180_T2.0_D4,124947,102,0.980
BL_W180_T2.0_D4,125497,101,0.900
BL_W180_T2.0_D4,125992,99,0.820
BL_W180_T2.0_D4,126482,97,0.740
BL_W180_T2.0_D4,127021,95,0.660
BL_W180_T2.0_D4,127560,93,0.580
BL_W180_T2.0_D4,128050,92,0.500
BL_W180_T2.0_D4,128589,90,0.420
BL_W180_T2.0_D4,129128,88,0.340
BL_W180_T2.0_D4,129667,86,0.260
BL_W180_T2.0_D4,131823,79,0.260
BL_W180_T2.0_D4,130206,84,0.126
BL_W180_T2.0_D4,132362,78,0.126
BL_W180_T2.0_D4,132901,76,0.050
BL_W180_T2.0_D4,130794,82,0.010
BL_W180_T2.0_D6,124947,102,0.980
BL_W180_T2.0_D6,125497,101,0.900
BL_W180_T2.0_D6,125992,99,0.820
BL_W180_T2.0_D6,126482,97,0.740
BL_W180_T2.0_D6,127021,95,0.660
BL_W180_T2.0_D6,127560,93,0.580
BL_W180_T2.0_D6,128050,92,0.500
BL_W180_T2.0_D6,128589,90,0.420
BL_W180_T2.0_D6,129128,88,0.340
BL_W180_T2.0_D6,129667,86,0.260
BL_W180_T2.0_D6,131823,79,0.260
BL_W180_T2.0_D6,130206,84,0.126
BL_W180_T2.0_D6,132362,78,0.126
BL_W180_T2.0_D6,132901,76,0.050
BL_W180_T2.0_D6,130794,82,0.010
BL_W180_T2.0_D8,124497,103,1.060
BL_W180_T2.0_D8,124947,102,0.980
BL_W180_T2.0_D8,125447,101,0.900
BL_W180_T2.0_D8,125992,99,0.820
BL_W180_T2.0_D8,126482,97,0.740
BL_W180_T2.0_D8,127021,95,0.660
BL_W180_T2.0_D8,127560,93,0.580
BL_W180_T2.0_D8,128050,92,0.500
BL_W180_T2.0_D8,128589,90,0.420
BL_W180_T2.0_D8,129128,88,0.340
BL_W180_T2.0_D8,129667,86,0.260
BL_W180_T2.0_D8,131823,79,0.260
BL_W180_T2.0_D8,130206,84,0.126
BL_W180_T2.0_D8,132362,78,0.126
BL_W180_T2.0_D8,132901,76,0.050
BL_W180_T2.0_D8,130794,82,0.010
BL_W180_T2.0_D10,124497,103,1.060
BL_W180_T2.0_D10,124947,102,0.980
BL_W180_T2.0_D10,125497,101,0.900
BL_W180_T2.0_D10,125943,99,0.820
BL_W180_T2.0_D10,126482,97,0.740
BL_W180_T2.0_D10,127021,95,0.660
BL_W180_T2.0_D10,127560,93,0.580
BL_W180_T2.0_D10,128050,92,0.500
BL_W180_T2.0_D10,128589,90,0.420
BL_W180_T2.0_D10,129128,88,0.340
BL_W180_T2.0_D10,129667,86,0.260
BL_W180_T2.0_D10,131823,79,0.260
BL_W180_T2.0_D10,130206,84,0.126
BL_W180_T2.0_D10,132362,78,0.126
BL_W180_T2.0_D10,132901,76,0.050
BL_W180_T2.0_D10,130794,82,0.010
BL_W180_T2.0_D15,124947,102,0.980
BL_W180_T2.0_D15,125497,101,0.900
BL_W180_T2.0_D15,125992,99,0.820
BL_W180_T2.0_D15,126482,97,0.740
BL_W180_T2.0_D15,127021,95,0.660
BL_W180_T2.0_D15,127560,93,0.580
BL_W180_T2.0_D15,128050,92,0.500
BL_W180_T2.0_D15,128589,90,0.420
BL_W180_T2.0_D15,129128,88,0.340
BL_W180_T2.0_D15,129667,86,0.260
BL_W180_T2.0_D15,131823,79,0.260
BL_W180_T2.0_D15,130206,84,0.126
BL_W180_T2.0_D15,132362,78,0.126
BL_W180_T2.0_D15,132901,76,0.050
BL_W180_T2.0_D15,130794,82,0.010
BL_W180_T2.0_D20,125992,99,0.820
BL_W180_T2.0_D20,126482,97,0.740
BL_W180_T2.0_D20,127021,95,0.660
BL_W180_T2.0_D20,127560,93,0.580
BL_W180_T2.0_D20,128050,92,0.500
BL_W180_T2.0_D20,128589,90,0.420
BL_W180_T2.0_D20,129128,88,0.340
BL_W180_T2.0_D20,129667,86,0.260
BL_W180_T2.0_D20,131823,79,0.260
BL_W180_T2.0_D20,130206,84,0.126
BL_W180_T2.0_D20,132362,78,0.126
BL_W180_T2.0_D20,132901,76,0.050
BL_W180_T2.0_D20,124997,102,0.010
BL_W180_T2.0_D20,130794,82,0.010
BL_W180_T2.0_D25,126482,97,1.060
BL_W180_T2.0_D25,127021,95,0.980
BL_W180_T2.0_D25,127560,93,0.900
BL_W180_T2.0_D25,128050,92,0.820
BL_W180_T2.0_D25,128589,90,0.740
BL_W180_T2.0_D25,129128,88,0.660
BL_W180_T2.0_D25,129667,86,0.580
BL_W180_T2.0_D25,130206,84,0.500
BL_W180_T2.0_D25,130745,82,0.420
BL_W180_T2.0_D25,131284,81,0.340
BL_W180_T2.0_D25,131823,79,0.260
BL_W180_T2.0_D25,132362,78,0.126
BL_W180_T2.0_D25,132901,76,0.050
BL_W180_T2.0_D25,124997,102,0.010
BL_W180_T2.0_D30,126531,97,1.140
BL_W180_T2.0_D30,127021,95,1.060
BL_W180_T2.0_D30,127560,93,0.980
BL_W180_T2.0_D30,128050,92,0.900
BL_W180_T2.0_D30,128589,90,0.820
BL_W180_T2.0_D30,129128,88,0.740
BL_W180_T2.0_D30,129667,86,0.660
BL_W180_T2.0_D30,130206,84,0.580
BL_W180_T2.0_D30,130745,82,0.500
BL_W180_T2.0_D30,131284,81,0.420
BL_W180_T2.0_D30,131823,79,0.340
BL_W180_T2.0_D30,132362,78,0.260
BL_W180_T2.0_D30,132852,76,0.126
BL_W180_T2.0_D30,133391,74,0.050
BL_W180_T2.2_D2,125992,99,0.740
BL_W180_T2.2_D2,126482,97,0.660
BL_W180_T2.2_D2,127021,95,0.580
BL_W180_T2.2_D2,127560,93,0.500
BL_W180_T2.2_D2,128099,92,0.420
BL_W180_T2.2_D2,128638,90,0.340
BL_W180_T2.2_D2,129128,88,0.260
BL_W180_T2.2_D2,129667,86,0.126
BL_W180_T2.2_D2,132901,76,0.050
BL_W180_T2.2_D2,124947,102,0.010
BL_W180_T2.2_D2,130206,84,0.010
BL_W180_T2.2_D2,131872,79,0.010
BL_W180_T2.2_D4,125992,99,0.740
BL_W180_T2.2_D4,126482,97,0.660
BL_W180_T2.2_D4,127021,95,0.580
BL_W180_T2.2_D4,127560,93,0.500
BL_W180_T2.2_D4,128099,92,0.420
BL_W180_T2.2_D4,128638,90,0.340
BL_W180_T2.2_D4,129128,88,0.260
BL_W180_T2.2_D4,129667,86,0.126
BL_W180_T2.2_D4,132901,76,0.050
BL_W180_T2.2_D4,124947,102,0.010
BL_W180_T2.2_D4,130206,84,0.010
BL_W180_T2.2_D4,131872,79,0.010
BL_W180_T2.2_D6,125992,99,0.740
BL_W180_T2.2_D6,126482,97,0.660
BL_W180_T2.2_D6,127021,95,0.580
BL_W180_T2.2_D6,127560,93,0.500
BL_W180_T2.2_D6,128099,92,0.420
BL_W180_T2.2_D6,128638,90,0.340
BL_W180_T2.2_D6,129128,88,0.260
BL_W180_T2.2_D6,129667,86,0.126
BL_W180_T2.2_D6,132901,76,0.050
BL_W180_T2.2_D6,124947,102,0.010
BL_W180_T2.2_D6,130206,84,0.010
BL_W180_T2.2_D6,131872,79,0.010
BL_W180_T2.2_D8,124497,103,0.980
BL_W180_T2.2_D8,124947,102,0.900
BL_W180_T2.2_D8,125447,101,0.820
BL_W180_T2.2_D8,125992,99,0.740
BL_W180_T2.2_D8,126482,97,0.660
BL_W180_T2.2_D8,127021,95,0.580
BL_W180_T2.2_D8,127560,93,0.500
BL_W180_T2.2_D8,128099,92,0.420
BL_W180_T2.2_D8,128638,90,0.340
BL_W180_T2.2_D8,129128,88,0.260
BL_W180_T2.2_D8,129667,86,0.126
BL_W180_T2.2_D8,132901,76,0.050
BL_W180_T2.2_D8,130206,84,0.010
BL_W180_T2.2_D8,131872,79,0.010
BL_W180_T2.2_D10,124497,103,0.980
BL_W180_T2.2_D10,124947,102,0.900
BL_W180_T2.2_D10,125497,101,0.820
BL_W180_T2.2_D10,125943,99,0.740
BL_W180_T2.2_D10,126482,97,0.660
BL_W180_T2.2_D10,127021,95,0.580
BL_W180_T2.2_D10,127560,93,0.500
BL_W180_T2.2_D10,128099,92,0.420
BL_W180_T2.2_D10,128638,90,0.340
BL_W180_T2.2_D10,129128,88,0.260
BL_W180_T2.2_D10,129667,86,0.126
BL_W180_T2.2_D10,132901,76,0.050
BL_W180_T2.2_D10,130206,84,0.010
BL_W180_T2.2_D10,131872,79,0.010
BL_W180_T2.2_D15,124947,102,0.900
BL_W180_T2.2_D15,125497,101,0.820
BL_W180_T2.2_D15,125992,99,0.740
BL_W180_T2.2_D15,126482,97,0.660
BL_W180_T2.2_D15,127021,95,0.580
BL_W180_T2.2_D15,127560,93,0.500
BL_W180_T2.2_D15,128099,92,0.420
BL_W180_T2.2_D15,128638,90,0.340
BL_W180_T2.2_D15,129128,88,0.260
BL_W180_T2.2_D15,129667,86,0.126
BL_W180_T2.2_D15,132901,76,0.050
BL_W180_T2.2_D15,130206,84,0.010
BL_W180_T2.2_D15,131872,79,0.010
BL_W180_T2.2_D20,125992,99,0.740
BL_W180_T2.2_D20,126482,97,0.660
BL_W180_T2.2_D20,127021,95,0.580
BL_W180_T2.2_D20,127560,93,0.500
BL_W180_T2.2_D20,128050,92,0.420
BL_W180_T2.2_D20,128589,90,0.340
BL_W180_T2.2_D20,129128,88,0.260
BL_W180_T2.2_D20,129667,86,0.126
BL_W180_T2.2_D20,132901,76,0.050
BL_W180_T2.2_D20,124997,102,0.010
BL_W180_T2.2_D20,130206,84,0.010
BL_W180_T2.2_D20,131872,79,0.010
BL_W180_T2.2_D25,126482,97,0.900
BL_W180_T2.2_D25,127021,95,0.820
BL_W180_T2.2_D25,127560,93,0.740
BL_W180_T2.2_D25,128050,92,0.660
BL_W180_T2.2_D25,128589,90,0.580
BL_W180_T2.2_D25,129128,88,0.500
BL_W180_T2.2_D25,129667,86,0.420
BL_W180_T2.2_D25,130206,84,0.340
BL_W180_T2.2_D25,130745,82,0.260
BL_W180_T2.2_D25,131284,81,0.126
BL_W180_T2.2_D25,132901,76,0.050
BL_W180_T2.2_D25,124997,102,0.010
BL_W180_T2.2_D25,131872,79,0.010
BL_W180_T2.2_D30,126531,97,1.140
BL_W180_T2.2_D30,127021,95,1.060
BL_W180_T2.2_D30,127560,93,0.980
BL_W180_T2.2_D30,128050,92,0.900
BL_W180_T2.2_D30,128589,90,0.820
BL_W180_T2.2_D30,129128,88,0.740
BL_W180_T2.2_D30,129667,86,0.660
BL_W180_T2.2_D30,130206,84,0.580
BL_W180_T2.2_D30,130745,82,0.500
BL_W180_T2.2_D30,131284,81,0.420
BL_W180_T2.2_D30,131823,79,0.340
BL_W180_T2.2_D30,132362,78,0.260
BL_W180_T2.2_D30,132852,76,0.126
BL_W180_T2.2_D30,133391,74,0.050
BL_W180_T2.4_D2,125992,99,0.740
BL_W180_T2.4_D2,126482,97,0.660
BL_W180_T2.4_D2,127021,95,0.580
BL_W180_T2.4_D2,127609,93,0.500
BL_W180_T2.4_D2,128099,92,0.420
BL_W180_T2.4_D2,128638,90,0.340
BL_W180_T2.4_D2,129128,88,0.260
BL_W180_T2.4_D2,129716,86,0.126
BL_W180_T2.4_D2,132901,76,0.050
BL_W180_T2.4_D2,124947,102,0.010
BL_W180_T2.4_D2,130255,84,0.010
BL_W180_T2.4_D2,131872,79,0.010
BL_W180_T2.4_D4,125992,99,0.740
BL_W180_T2.4_D4,126482,97,0.660
BL_W180_T2.4_D4,127021,95,0.580
BL_W180_T2.4_D4,127609,93,0.500
BL_W180_T2.4_D4,128099,92,0.420
BL_W180_T2.4_D4,128638,90,0.340
BL_W180_T2.4_D4,129128,88,0.260
BL_W180_T2.4_D4,129716,86,0.126
BL_W180_T2.4_D4,132901,76,0.050
BL_W180_T2.4_D4,124947,102,0.010
BL_W180_T2.4_D4,130255,84,0.010
BL_W180_T2.4_D4,131872,79,0.010
BL_W180_T2.4_D6,125992,99,0.740
BL_W180_T2.4_D6,126482,97,0.660
BL_W180_T2.4_D6,127021,95,0.580
BL_W180_T2.4_D6,127609,93,0.500
BL_W180_T2.4_D6,128099,92,0.420
BL_W180_T2.4_D6,128638,90,0.340
BL_W180_T2.4_D6,129128,88,0.260
BL_W180_T2.4_D6,129716,86,0.126
BL_W180_T2.4_D6,132901,76,0.050
BL_W180_T2.4_D6,124947,102,0.010
BL_W180_T2.4_D6,130255,84,0.010
BL_W180_T2.4_D6,131872,79,0.010
BL_W180_T2.4_D8,124497,103,0.980
BL_W180_T2.4_D8,124947,102,0.900
BL_W180_T2.4_D8,125447,101,0.820
BL_W180_T2.4_D8,125992,99,0.740
BL_W180_T2.4_D8,126482,97,0.660
BL_W180_T2.4_D8,127021,95,0.580
BL_W180_T2.4_D8,127609,93,0.500
BL_W180_T2.4_D8,128099,92,0.420
BL_W180_T2.4_D8,128638,90,0.340
BL_W180_T2.4_D8,129128,88,0.260
BL_W180_T2.4_D8,129716,86,0.126
BL_W180_T2.4_D8,132901,76,0.050
BL_W180_T2.4_D8,130255,84,0.010
BL_W180_T2.4_D8,131872,79,0.010
BL_W180_T2.4_D10,124497,103,0.980
BL_W180_T2.4_D10,124947,102,0.900
BL_W180_T2.4_D10,125497,101,0.820
BL_W180_T2.4_D10,125943,99,0.740
BL_W180_T2.4_D10,126482,97,0.660
BL_W180_T2.4_D10,127021,95,0.580
BL_W180_T2.4_D10,127609,93,0.500
BL_W180_T2.4_D10,128099,92,0.420
BL_W180_T2.4_D10,128638,90,0.340
BL_W180_T2.4_D10,129128,88,0.260
BL_W180_T2.4_D10,129716,86,0.126
BL_W180_T2.4_D10,132901,76,0.050
BL_W180_T2.4_D10,130255,84,0.010
BL_W180_T2.4_D10,131872,79,0.010
BL_W180_T2.4_D15,124947,102,0.900
BL_W180_T2.4_D15,125497,101,0.820
BL_W180_T2.4_D15,125992,99,0.740
BL_W180_T2.4_D15,126482,97,0.660
BL_W180_T2.4_D15,127021,95,0.580
BL_W180_T2.4_D15,127560,93,0.500
BL_W180_T2.4_D15,128099,92,0.420
BL_W180_T2.4_D15,128638,90,0.340
BL_W180_T2.4_D15,129128,88,0.260
BL_W180_T2.4_D15,129716,86,0.126
BL_W180_T2.4_D15,132901,76,0.050
BL_W180_T2.4_D15,130255,84,0.010
BL_W180_T2.4_D15,131872,79,0.010
BL_W180_T2.4_D20,125992,99,0.740
BL_W180_T2.4_D20,126482,97,0.660
BL_W180_T2.4_D20,127021,95,0.580
BL_W180_T2.4_D20,127560,93,0.500
BL_W180_T2.4_D20,128050,92,0.420
BL_W180_T2.4_D20,128589,90,0.340
BL_W180_T2.4_D20,129128,88,0.260
BL_W180_T2.4_D20,129667,86,0.126
BL_W180_T2.4_D20,132901,76,0.050
BL_W180_T2.4_D20,124997,102,0.010
BL_W180_T2.4_D20,130255,84,0.010
BL_W180_T2.4_D20,131872,79,0.010
BL_W180_T2.4_D25,126482,97,0.900
BL_W180_T2.4_D25,127021,95,0.820
BL_W180_T2.4_D25,127560,93,0.740
BL_W180_T2.4_D25,128050,92,0.660
BL_W180_T2.4_D25,128589,90,0.580
BL_W180_T2.4_D25,129128,88,0.500
BL_W180_T2.4_D25,129667,86,0.420
BL_W180_T2.4_D25,130206,84,0.340
BL_W180_T2.4_D25,130745,82,0.260
BL_W180_T2.4_D25,131284,81,0.126
BL_W180_T2.4_D25,132901,76,0.050
BL_W180_T2.4_D25,124997,102,0.010
BL_W180_T2.4_D25,131872,79,0.010
BL_W180_T2.4_D30,126531,97,1.140
BL_W180_T2.4_D30,127021,95,1.060
BL_W180_T2.4_D30,127560,93,0.980
BL_W180_T2.4_D30,128050,92,0.900
BL_W180_T2.4_D30,128589,90,0.820
BL_W180_T2.4_D30,129128,88,0.740
BL_W180_T2.4_D30,129667,86,0.660
BL_W180_T2.4_D30,130206,84,0.580
BL_W180_T2.4_D30,130745,82,0.500
BL_W180_T2.4_D30,131284,81,0.420
BL_W180_T2.4_D30,131823,79,0.340
BL_W180_T2.4_D30,132362,78,0.260
BL_W180_T2.4_D30,132852,76,0.126
BL_W180_T2.4_D30,133391,74,0.050
BL_W180_T2.7_D2,126531,97,0.126
BL_W180_T2.7_D2,130255,84,0.050
BL_W180_T2.7_D2,124997,102,0.010
BL_W180_T2.7_D2,127021,95,0.010
BL_W180_T2.7_D2,128099,92,0.010
BL_W180_T2.7_D4,126531,97,0.126
BL_W180_T2.7_D4,130255,84,0.050
BL_W180_T2.7_D4,124997,102,0.010
BL_W180_T2.7_D4,127021,95,0.010
BL_W180_T2.7_D4,128099,92,0.010
BL_W180_T2.7_D6,126531,97,0.126
BL_W180_T2.7_D6,130255,84,0.050
BL_W180_T2.7_D6,124997,102,0.010
BL_W180_T2.7_D6,127021,95,0.010
BL_W180_T2.7_D6,128099,92,0.010
BL_W180_T2.7_D8,124497,103,0.260
BL_W180_T2.7_D8,124947,102,0.126
BL_W180_T2.7_D8,126531,97,0.126
BL_W180_T2.7_D8,130255,84,0.050
BL_W180_T2.7_D8,125447,101,0.010
BL_W180_T2.7_D8,127021,95,0.010
BL_W180_T2.7_D8,128099,92,0.010
BL_W180_T2.7_D10,124497,103,0.500
BL_W180_T2.7_D10,124947,102,0.420
BL_W180_T2.7_D10,125497,101,0.340
BL_W180_T2.7_D10,125943,99,0.260
BL_W180_T2.7_D10,126531,97,0.126
BL_W180_T2.7_D10,130255,84,0.050
BL_W180_T2.7_D10,127021,95,0.010
BL_W180_T2.7_D10,128099,92,0.010
BL_W180_T2.7_D15,124947,102,0.580
BL_W180_T2.7_D15,125497,101,0.500
BL_W180_T2.7_D15,125992,99,0.420
BL_W180_T2.7_D15,126482,97,0.340
BL_W180_T2.7_D15,127021,95,0.260
BL_W180_T2.7_D15,127560,93,0.126
BL_W180_T2.7_D15,130255,84,0.050
BL_W180_T2.7_D15,128099,92,0.010
BL_W180_T2.7_D20,125992,99,0.740
BL_W180_T2.7_D20,126482,97,0.660
BL_W180_T2.7_D20,127021,95,0.580
BL_W180_T2.7_D20,127560,93,0.500
BL_W180_T2.7_D20,128050,92,0.420
BL_W180_T2.7_D20,128589,90,0.340
BL_W180_T2.7_D20,129128,88,0.260
BL_W180_T2.7_D20,129667,86,0.126
BL_W180_T2.7_D20,130255,84,0.050
BL_W180_T2.7_D20,124997,102,0.010
BL_W180_T2.7_D25,126482,97,0.820
BL_W180_T2.7_D25,127021,95,0.740
BL_W180_T2.7_D25,127560,93,0.660
BL_W180_T2.7_D25,128050,92,0.580
BL_W180_T2.7_D25,128589,90,0.500
BL_W180_T2.7_D25,129128,88,0.420
BL_W180_T2.7_D25,129667,86,0.340
BL_W180_T2.7_D25,130206,84,0.260
BL_W180_T2.7_D25,130745,82,0.126
BL_W180_T2.7_D25,131284,81,0.050
BL_W180_T2.7_D25,124997,102,0.010
BL_W180_T2.7_D30,126531,97,1.140
BL_W180_T2.7_D30,127021,95,1.060
BL_W180_T2.7_D30,127560,93,0.980
BL_W180_T2.7_D30,128050,92,0.900
BL_W180_T2.7_D30,128589,90,0.820
BL_W180_T2.7_D30,129128,88,0.740
BL_W180_T2.7_D30,129667,86,0.660
BL_W180_T2.7_D30,130206,84,0.580
BL_W180_T2.7_D30,130745,82,0.500
BL_W180_T2.7_D30,131284,81,0.420
BL_W180_T2.7_D30,131823,79,0.340
BL_W180_T2.7_D30,132362,78,0.260
BL_W180_T2.7_D30,132852,76,0.126
BL_W180_T2.7_D30,133391,74,0.050
BL_W180_T3.0_D2,126531,97,0.126
BL_W180_T3.0_D2,128099,92,0.050
BL_W180_T3.0_D2,124997,102,0.010
BL_W180_T3.0_D2,127070,95,0.010
BL_W180_T3.0_D4,126531,97,0.126
BL_W180_T3.0_D4,128099,92,0.050
BL_W180_T3.0_D4,124997,102,0.010
BL_W180_T3.0_D4,127070,95,0.010
BL_W180_T3.0_D6,126531,97,0.126
BL_W180_T3.0_D6,128099,92,0.050
BL_W180_T3.0_D6,124997,102,0.010
BL_W180_T3.0_D6,127070,95,0.010
BL_W180_T3.0_D8,124497,103,0.260
BL_W180_T3.0_D8,124947,102,0.126
BL_W180_T3.0_D8,126531,97,0.126
BL_W180_T3.0_D8,128099,92,0.050
BL_W180_T3.0_D8,125447,101,0.010
BL_W180_T3.0_D8,127070,95,0.010
BL_W180_T3.0_D10,124497,103,0.500
BL_W180_T3.0_D10,124947,102,0.420
BL_W180_T3.0_D10,125497,101,0.340
BL_W180_T3.0_D10,125943,99,0.260
BL_W180_T3.0_D10,126531,97,0.126
BL_W180_T3.0_D10,128099,92,0.050
BL_W180_T3.0_D10,127070,95,0.010
BL_W180_T3.0_D15,124947,102,0.580
BL_W180_T3.0_D15,125497,101,0.500
BL_W180_T3.0_D15,125992,99,0.420
BL_W180_T3.0_D15,126482,97,0.340
BL_W180_T3.0_D15,127021,95,0.260
BL_W180_T3.0_D15,127560,93,0.126
BL_W180_T3.0_D15,128099,92,0.050
BL_W180_T3.0_D20,125992,99,0.660
BL_W180_T3.0_D20,126482,97,0.580
BL_W180_T3.0_D20,127021,95,0.500
BL_W180_T3.0_D20,127560,93,0.420
BL_W180_T3.0_D20,128050,92,0.340
BL_W180_T3.0_D20,128589,90,0.260
BL_W180_T3.0_D20,129128,88,0.126
BL_W180_T3.0_D20,129667,86,0.050
BL_W180_T3.0_D20,124997,102,0.010
BL_W180_T3.0_D25,126482,97,0.820
BL_W180_T3.0_D25,127021,95,0.740
BL_W180_T3.0_D25,127560,93,0.660
BL_W180_T3.0_D25,128050,92,0.580
BL_W180_T3.0_D25,128589,90,0.500
BL_W180_T3.0_D25,129128,88,0.420
BL_W180_T3.0_D25,129667,86,0.340
BL_W180_T3.0_D25,130206,84,0.260
BL_W180_T3.0_D25,130745,82,0.126
BL_W180_T3.0_D25,131284,81,0.050
BL_W180_T3.0_D25,124997,102,0.010
BL_W180_T3.0_D30,126531,97,1.140
BL_W180_T3.0_D30,127021,95,1.060
BL_W180_T3.0_D30,127560,93,0.980
BL_W180_T3.0_D30,128050,92,0.900
BL_W180_T3.0_D30,128589,90,0.820
BL_W180_T3.0_D30,129128,88,0.740
BL_W180_T3.0_D30,129667,86,0.660
BL_W180_T3.0_D30,130206,84,0.580
BL_W180_T3.0_D30,130745,82,0.500
BL_W180_T3.0_D30,131284,81,0.420
BL_W180_T3.0_D30,131823,79,0.340
BL_W180_T3.0_D30,132362,78,0.260
BL_W180_T3.0_D30,132852,76,0.126
BL_W180_T3.0_D30,133391,74,0.050
BL_W190_T1.2_D2,124497,103,1.200
BL_W190_T1.2_D2,124947,102,1.200
BL_W190_T1.2_D2,125447,101,1.200
BL_W190_T1.2_D2,125943,99,1.200
BL_W190_T1.2_D2,126482,97,1.200
BL_W190_T1.2_D2,127021,95,1.140
BL_W190_T1.2_D2,127560,93,1.060
BL_W190_T1.2_D2,128050,92,0.980
BL_W190_T1.2_D2,128589,90,0.900
BL_W190_T1.2_D2,129128,88,0.820
BL_W190_T1.2_D2,129667,86,0.740
BL_W190_T1.2_D2,130206,84,0.660
BL_W190_T1.2_D2,130745,82,0.580
BL_W190_T1.2_D2,131284,81,0.500
BL_W190_T1.2_D2,131823,79,0.420
BL_W190_T1.2_D2,132362,78,0.340
BL_W190_T1.2_D2,132852,76,0.260
BL_W190_T1.2_D2,133391,74,0.126
BL_W190_T1.2_D2,133979,73,0.050
BL_W190_T1.2_D4,124497,103,1.200
BL_W190_T1.2_D4,124947,102,1.200
BL_W190_T1.2_D4,125447,101,1.200
BL_W190_T1.2_D4,125943,99,1.200
BL_W190_T1.2_D4,126482,97,1.200
BL_W190_T1.2_D4,127021,95,1.140
BL_W190_T1.2_D4,127560,93,1.060
BL_W190_T1.2_D4,128050,92,0.980
BL_W190_T1.2_D4,128589,90,0.900
BL_W190_T1.2_D4,129128,88,0.820
BL_W190_T1.2_D4,129667,86,0.740
BL_W190_T1.2_D4,130206,84,0.660
BL_W190_T1.2_D4,130745,82,0.580
BL_W190_T1.2_D4,131284,81,0.500
BL_W190_T1.2_D4,131823,79,0.420
BL_W190_T1.2_D4,132362,78,0.340
BL_W190_T1.2_D4,132852,76,0.260
BL_W190_T1.2_D4,133391,74,0.126
BL_W190_T1.2_D4,133979,73,0.050
BL_W190_T1.2_D6,124497,103,1.200
BL_W190_T1.2_D6,124947,102,1.200
BL_W190_T1.2_D6,125447,101,1.200
BL_W190_T1.2_D6,125943,99,1.200
BL_W190_T1.2_D6,126482,97,1.200
BL_W190_T1.2_D6,127021,95,1.140
BL_W190_T1.2_D6,127560,93,1.060
BL_W190_T1.2_D6,128050,92,0.980
BL_W190_T1.2_D6,128589,90,0.900
BL_W190_T1.2_D6,129128,88,0.820
BL_W190_T1.2_D6,129667,86,0.740
BL_W190_T1.2_D6,130206,84,0.660
BL_W190_T1.2_D6,130745,82,0.580
BL_W190_T1.2_D6,131284,81,0.500
BL_W190_T1.2_D6,131823,79,0.420
BL_W190_T1.2_D6,132362,78,0.340
BL_W190_T1.2_D6,132852,76,0.260
BL_W190_T1.2_D6,133391,74,0.126
BL_W190_T1.2_D6,133979,73,0.050
BL_W190_T1.2_D8,124497,103,1.200
BL_W190_T1.2_D8,124947,102,1.200
BL_W190_T1.2_D8,125447,101,1.200
BL_W190_T1.2_D8,125943,99,1.200
BL_W190_T1.2_D8,126482,97,1.200
BL_W190_T1.2_D8,127021,95,1.140
BL_W190_T1.2_D8,127560,93,1.060
BL_W190_T1.2_D8,128050,92,0.980
BL_W190_T1.2_D8,128589,90,0.900
BL_W190_T1.2_D8,129128,88,0.820
BL_W190_T1.2_D8,129667,86,0.740
BL_W190_T1.2_D8,130206,84,0.660
BL_W190_T1.2_D8,130745,82,0.580
BL_W190_T1.2_D8,131284,81,0.500
BL_W190_T1.2_D8,131823,79,0.420
BL_W190_T1.2_D8,132362,78,0.340
BL_W190_T1.2_D8,132852,76,0.260
BL_W190_T1.2_D8,133391,74,0.126
BL_W190_T1.2_D8,133979,73,0.050
BL_W190_T1.2_D10,124497,103,1.200
BL_W190_T1.2_D10,124947,102,1.200
BL_W190_T1.2_D10,125497,101,1.200
BL_W190_T1.2_D10,125943,99,1.200
BL_W190_T1.2_D10,126482,97,1.200
BL_W190_T1.2_D10,127021,95,1.140
BL_W190_T1.2_D10,127560,93,1.060
BL_W190_T1.2_D10,128050,92,0.980
BL_W190_T1.2_D10,128589,90,0.900
BL_W190_T1.2_D10,129128,88,0.820
BL_W190_T1.2_D10,129667,86,0.740
BL_W190_T1.2_D10,130206,84,0.660
BL_W190_T1.2_D10,130745,82,0.580
BL_W190_T1.2_D10,131284,81,0.500
BL_W190_T1.2_D10,131823,79,0.420
BL_W190_T1.2_D10,132362,78,0.340
BL_W190_T1.2_D10,132852,76,0.260
BL_W190_T1.2_D10,133391,74,0.126
BL_W190_T1.2_D10,133979,73,0.050
BL_W190_T1.2_D15,124947,102,1.200
BL_W190_T1.2_D15,125497,101,1.200
BL_W190_T1.2_D15,125992,99,1.200
BL_W190_T1.2_D15,126482,97,1.200
BL_W190_T1.2_D15,127021,95,1.140
BL_W190_T1.2_D15,127560,93,1.060
BL_W190_T1.2_D15,128050,92,0.980
BL_W190_T1.2_D15,128589,90,0.900
BL_W190_T1.2_D15,129128,88,0.820
BL_W190_T1.2_D15,129667,86,0.740
BL_W190_T1.2_D15,130206,84,0.660
BL_W190_T1.2_D15,130745,82,0.580
BL_W190_T1.2_D15,131284,81,0.500
BL_W190_T1.2_D15,131823,79,0.420
BL_W190_T1.2_D15,132362,78,0.340
BL_W190_T1.2_D15,132852,76,0.260
BL_W190_T1.2_D15,133391,74,0.126
BL_W190_T1.2_D15,133979,73,0.050
BL_W190_T1.2_D20,125992,99,1.200
BL_W190_T1.2_D20,126482,97,1.200
BL_W190_T1.2_D20,127021,95,1.140
BL_W190_T1.2_D20,127560,93,1.060
BL_W190_T1.2_D20,128050,92,0.980
BL_W190_T1.2_D20,128589,90,0.900
BL_W190_T1.2_D20,129128,88,0.820
BL_W190_T1.2_D20,129667,86,0.740
BL_W190_T1.2_D20,130206,84,0.660
BL_W190_T1.2_D20,130745,82,0.580
BL_W190_T1.2_D20,131284,81,0.500
BL_W190_T1.2_D20,131823,79,0.420
BL_W190_T1.2_D20,132362,78,0.340
BL_W190_T1.2_D20,132852,76,0.260
BL_W190_T1.2_D20,133391,74,0.126
BL_W190_T1.2_D20,133979,73,0.050
BL_W190_T1.2_D20,124997,102,0.010
BL_W190_T1.2_D25,126482,97,1.200
BL_W190_T1.2_D25,127021,95,1.140
BL_W190_T1.2_D25,127560,93,1.060
BL_W190_T1.2_D25,128050,92,0.980
BL_W190_T1.2_D25,128589,90,0.900
BL_W190_T1.2_D25,129128,88,0.820
BL_W190_T1.2_D25,129667,86,0.740
BL_W190_T1.2_D25,130206,84,0.660
BL_W190_T1.2_D25,130745,82,0.580
BL_W190_T1.2_D25,131284,81,0.500
BL_W190_T1.2_D25,131823,79,0.420
BL_W190_T1.2_D25,132362,78,0.340
BL_W190_T1.2_D25,132852,76,0.260
BL_W190_T1.2_D25,133391,74,0.126
BL_W190_T1.2_D25,133979,73,0.050
BL_W190_T1.2_D25,124997,102,0.010
BL_W190_T1.2_D30,126531,97,1.200
BL_W190_T1.2_D30,127021,95,1.140
BL_W190_T1.2_D30,127560,93,1.060
BL_W190_T1.2_D30,128050,92,0.980
BL_W190_T1.2_D30,128589,90,0.900
BL_W190_T1.2_D30,129128,88,0.820
BL_W190_T1.2_D30,129667,86,0.740
BL_W190_T1.2_D30,130206,84,0.660
BL_W190_T1.2_D30,130745,82,0.580
BL_W190_T1.2_D30,131284,81,0.500
BL_W190_T1.2_D30,131823,79,0.420
BL_W190_T1.2_D30,132362,78,0.340
BL_W190_T1.2_D30,132852,76,0.260
BL_W190_T1.2_D30,133391,74,0.126
BL_W190_T1.2_D30,133979,73,0.050
BL_W190_T1.5_D2,124497,103,1.200
BL_W190_T1.5_D2,124947,102,1.200
BL_W190_T1.5_D2,125497,101,1.200
BL_W190_T1.5_D2,125992,99,1.200
BL_W190_T1.5_D2,126482,97,1.200
BL_W190_T1.5_D2,127021,95,1.140
BL_W190_T1.5_D2,127560,93,1.060
BL_W190_T1.5_D2,128050,92,0.980
BL_W190_T1.5_D2,128589,90,0.900
BL_W190_T1.5_D2,129128,88,0.820
BL_W190_T1.5_D2,129667,86,0.740
BL_W190_T1.5_D2,130206,84,0.660
BL_W190_T1.5_D2,130745,82,0.580
BL_W190_T1.5_D2,131333,81,0.500
BL_W190_T1.5_D2,131823,79,0.420
BL_W190_T1.5_D2,132362,78,0.340
BL_W190_T1.5_D2,132852,76,0.260
BL_W190_T1.5_D2,133440,74,0.126
BL_W190_T1.5_D2,133979,73,0.050
BL_W190_T1.5_D4,124497,103,1.200
BL_W190_T1.5_D4,124947,102,1.200
BL_W190_T1.5_D4,125497,101,1.200
BL_W190_T1.5_D4,125992,99,1.200
BL_W190_T1.5_D4,126482,97,1.200
BL_W190_T1.5_D4,127021,95,1.140
BL_W190_T1.5_D4,127560,93,1.060
BL_W190_T1.5_D4,128050,92,0.980
BL_W190_T1.5_D4,128589,90,0.900
BL_W190_T1.5_D4,129128,88,0.820
BL_W190_T1.5_D4,129667,86,0.740
BL_W190_T1.5_D4,130206,84,0.660
BL_W190_T1.5_D4,130745,82,0.580
BL_W190_T1.5_D4,131333,81,0.500
BL_W190_T1.5_D4,131823,79,0.420
BL_W190_T1.5_D4,132362,78,0.340
BL_W190_T1.5_D4,132852,76,0.260
BL_W190_T1.5_D4,133440,74,0.126
BL_W190_T1.5_D4,133979,73,0.050
BL_W190_T1.5_D6,124497,103,1.200
BL_W190_T1.5_D6,124947,102,1.200
BL_W190_T1.5_D6,125497,101,1.200
BL_W190_T1.5_D6,125992,99,1.200
BL_W190_T1.5_D6,126482,97,1.200
BL_W190_T1.5_D6,127021,95,1.140
BL_W190_T1.5_D6,127560,93,1.060
BL_W190_T1.5_D6,128050,92,0.980
BL_W190_T1.5_D6,128589,90,0.900
BL_W190_T1.5_D6,129128,88,0.820
BL_W190_T1.5_D6,129667,86,0.740
BL_W190_T1.5_D6,130206,84,0.660
BL_W190_T1.5_D6,130745,82,0.580
BL_W190_T1.5_D6,131333,81,0.500
BL_W190_T1.5_D6,131823,79,0.420
BL_W190_T1.5_D6,132362,78,0.340
BL_W190_T1.5_D6,132852,76,0.260
BL_W190_T1.5_D6,133440,74,0.126
BL_W190_T1.5_D6,133979,73,0.050
BL_W190_T1.5_D8,124497,103,1.200
BL_W190_T1.5_D8,124947,102,1.200
BL_W190_T1.5_D8,125447,101,1.200
BL_W190_T1.5_D8,125992,99,1.200
BL_W190_T1.5_D8,126482,97,1.200
BL_W190_T1.5_D8,127021,95,1.140
BL_W190_T1.5_D8,127560,93,1.060
BL_W190_T1.5_D8,128050,92,0.980
BL_W190_T1.5_D8,128589,90,0.900
BL_W190_T1.5_D8,129128,88,0.820
BL_W190_T1.5_D8,129667,86,0.740
BL_W190_T1.5_D8,130206,84,0.660
BL_W190_T1.5_D8,130745,82,0.580
BL_W190_T1.5_D8,131333,81,0.500
BL_W190_T1.5_D8,131823,79,0.420
BL_W190_T1.5_D8,132362,78,0.340
BL_W190_T1.5_D8,132852,76,0.260
BL_W190_T1.5_D8,133440,74,0.126
BL_W190_T1.5_D8,133979,73,0.050
BL_W190_T1.5_D10,124497,103,1.200
BL_W190_T1.5_D10,124947,102,1.200
BL_W190_T1.5_D10,125497,101,1.200
BL_W190_T1.5_D10,125943,99,1.200
BL_W190_T1.5_D10,126482,97,1.200
BL_W190_T1.5_D10,127021,95,1.140
BL_W190_T1.5_D10,127560,93,1.060
BL_W190_T1.5_D10,128050,92,0.980
BL_W190_T1.5_D10,128589,90,0.900
BL_W190_T1.5_D10,129128,88,0.820
BL_W190_T1.5_D10,129667,86,0.740
BL_W190_T1.5_D10,130206,84,0.660
BL_W190_T1.5_D10,130745,82,0.580
BL_W190_T1.5_D10,131333,81,0.500
BL_W190_T1.5_D10,131823,79,0.420
BL_W190_T1.5_D10,132362,78,0.340
BL_W190_T1.5_D10,132852,76,0.260
BL_W190_T1.5_D10,133440,74,0.126
BL_W190_T1.5_D10,133979,73,0.050
BL_W190_T1.5_D15,124947,102,1.200
BL_W190_T1.5_D15,125497,101,1.200
BL_W190_T1.5_D15,125992,99,1.200
BL_W190_T1.5_D15,126482,97,1.200
BL_W190_T1.5_D15,127021,95,1.140
BL_W190_T1.5_D15,127560,93,1.060
BL_W190_T1.5_D15,128050,92,0.980
BL_W190_T1.5_D15,128589,90,0.900
BL_W190_T1.5_D15,129128,88,0.820
BL_W190_T1.5_D15,129667,86,0.740
BL_W190_T1.5_D15,130206,84,0.660
BL_W190_T1.5_D15,130745,82,0.580
BL_W190_T1.5_D15,131333,81,0.500
BL_W190_T1.5_D15,131823,79,0.420
BL_W190_T1.5_D15,132362,78,0.340
BL_W190_T1.5_D15,132852,76,0.260
BL_W190_T1.5_D15,133440,74,0.126
BL_W190_T1.5_D15,133979,73,0.050
BL_W190_T1.5_D20,125992,99,1.200
BL_W190_T1.5_D20,126482,97,1.200
BL_W190_T1.5_D20,127021,95,1.140
BL_W190_T1.5_D20,127560,93,1.060
BL_W190_T1.5_D20,128050,92,0.980
BL_W190_T1.5_D20,128589,90,0.900
BL_W190_T1.5_D20,129128,88,0.820
BL_W190_T1.5_D20,129667,86,0.740
BL_W190_T1.5_D20,130206,84,0.660
BL_W190_T1.5_D20,130745,82,0.580
BL_W190_T1.5_D20,131333,81,0.500
BL_W190_T1.5_D20,131823,79,0.420
BL_W190_T1.5_D20,132362,78,0.340
BL_W190_T1.5_D20,132852,76,0.260
BL_W190_T1.5_D20,133440,74,0.126
BL_W190_T1.5_D20,133979,73,0.050
BL_W190_T1.5_D20,124997,102,0.010
BL_W190_T1.5_D25,126482,97,1.200
BL_W190_T1.5_D25,127021,95,1.140
BL_W190_T1.5_D25,127560,93,1.060
BL_W190_T1.5_D25,128050,92,0.980
BL_W190_T1.5_D25,128589,90,0.900
BL_W190_T1.5_D25,129128,88,0.820
BL_W190_T1.5_D25,129667,86,0.740
BL_W190_T1.5_D25,130206,84,0.660
BL_W190_T1.5_D25,130745,82,0.580
BL_W190_T1.5_D25,131284,81,0.500
BL_W190_T1.5_D25,131823,79,0.420
BL_W190_T1.5_D25,132362,78,0.340
BL_W190_T1.5_D25,132852,76,0.260
BL_W190_T1.5_D25,133440,74,0.126
BL_W190_T1.5_D25,133979,73,0.050
BL_W190_T1.5_D25,124997,102,0.010
BL_W190_T1.5_D30,126531,97,1.200
BL_W190_T1.5_D30,127021,95,1.140
BL_W190_T1.5_D30,127560,93,1.060
BL_W190_T1.5_D30,128050,92,0.980
BL_W190_T1.5_D30,128589,90,0.900
BL_W190_T1.5_D30,129128,88,0.820
BL_W190_T1.5_D30,129667,86,0.740
BL_W190_T1.5_D30,130206,84,0.660
BL_W190_T1.5_D30,130745,82,0.580
BL_W190_T1.5_D30,131284,81,0.500
BL_W190_T1.5_D30,131823,79,0.420
BL_W190_T1.5_D30,132362,78,0.340
BL_W190_T1.5_D30,132852,76,0.260
BL_W190_T1.5_D30,133391,74,0.126
BL_W190_T1.5_D30,133979,73,0.050
BL_W190_T1.7_D2,124947,102,1.200
BL_W190_T1.7_D2,125497,101,1.200
BL_W190_T1.7_D2,125992,99,1.200
BL_W190_T1.7_D2,126482,97,1.140
BL_W190_T1.7_D2,127021,95,1.060
BL_W190_T1.7_D2,127560,93,0.980
BL_W190_T1.7_D2,128050,92,0.900
BL_W190_T1.7_D2,128589,90,0.820
BL_W190_T1.7_D2,129128,88,0.740
BL_W190_T1.7_D2,129667,86,0.660
BL_W190_T1.7_D2,130206,84,0.580
BL_W190_T1.7_D2,130794,82,0.500
BL_W190_T1.7_D2,131333,81,0.420
BL_W190_T1.7_D2,131823,79,0.340
BL_W190_T1.7_D2,132362,78,0.260
BL_W190_T1.7_D2,132901,76,0.126
BL_W190_T1.7_D2,133440,74,0.050
BL_W190_T1.7_D4,124947,102,1.200
BL_W190_T1.7_D4,125497,101,1.200
BL_W190_T1.7_D4,125992,99,1.200
BL_W190_T1.7_D4,126482,97,1.140
BL_W190_T1.7_D4,127021,95,1.060
BL_W190_T1.7_D4,127560,93,0.980
BL_W190_T1.7_D4,128050,92,0.900
BL_W190_T1.7_D4,128589,90,0.820
BL_W190_T1.7_D4,129128,88,0.740
BL_W190_T1.7_D4,129667,86,0.660
BL_W190_T1.7_D4,130206,84,0.580
BL_W190_T1.7_D4,130794,82,0.500
BL_W190_T1.7_D4,131333,81,0.420
BL_W190_T1.7_D4,131823,79,0.340
BL_W190_T1.7_D4,132362,78,0.260
BL_W190_T1.7_D4,132901,76,0.126
BL_W190_T1.7_D4,133440,74,0.050
BL_W190_T1.7_D6,124947,102,1.200
BL_W190_T1.7_D6,125497,101,1.200
BL_W190_T1.7_D6,125992,99,1.200
BL_W190_T1.7_D6,126482,97,1.140
BL_W190_T1.7_D6,127021,95,1.060
BL_W190_T1.7_D6,127560,93,0.980
BL_W190_T1.7_D6,128050,92,0.900
BL_W190_T1.7_D6,128589,90,0.820
BL_W190_T1.7_D6,129128,88,0.740
BL_W190_T1.7_D6,129667,86,0.660
BL_W190_T1.7_D6,130206,84,0.580
BL_W190_T1.7_D6,130794,82,0.500
BL_W190_T1.7_D6,131333,81,0.420
BL_W190_T1.7_D6,131823,79,0.340
BL_W190_T1.7_D6,132362,78,0.260
BL_W190_T1.7_D6,132901,76,0.126
BL_W190_T1.7_D6,133440,74,0.050
BL_W190_T1.7_D8,124497,103,1.200
BL_W190_T1.7_D8,124947,102,1.200
BL_W190_T1.7_D8,125447,101,1.200
BL_W190_T1.7_D8,125992,99,1.200
BL_W190_T1.7_D8,126482,97,1.140
BL_W190_T1.7_D8,127021,95,1.060
BL_W190_T1.7_D8,127560,93,0.980
BL_W190_T1.7_D8,128050,92,0.900
BL_W190_T1.7_D8,128589,90,0.820
BL_W190_T1.7_D8,129128,88,0.740
BL_W190_T1.7_D8,129667,86,0.660
BL_W190_T1.7_D8,130206,84,0.580
BL_W190_T1.7_D8,130794,82,0.500
BL_W190_T1.7_D8,131333,81,0.420
BL_W190_T1.7_D8,131823,79,0.340
BL_W190_T1.7_D8,132362,78,0.260
BL_W190_T1.7_D8,132901,76,0.126
BL_W190_T1.7_D8,133440,74,0.050
BL_W190_T1.7_D10,124497,103,1.200
BL_W190_T1.7_D10,124947,102,1.200
BL_W190_T1.7_D10,125497,101,1.200
BL_W190_T1.7_D10,125943,99,1.200
BL_W190_T1.7_D10,126482,97,1.140
BL_W190_T1.7_D10,127021,95,1.060
BL_W190_T1.7_D10,127560,93,0.980
BL_W190_T1.7_D10,128050,92,0.900
BL_W190_T1.7_D10,128589,90,0.820
BL_W190_T1.7_D10,129128,88,0.740
BL_W190_T1.7_D10,129667,86,0.660
BL_W190_T1.7_D10,130206,84,0.580
BL_W190_T1.7_D10,130794,82,0.500
BL_W190_T1.7_D10,131333,81,0.420
BL_W190_T1.7_D10,131823,79,0.340
BL_W190_T1.7_D10,132362,78,0.260
BL_W190_T1.7_D10,132901,76,0.126
BL_W190_T1.7_D10,133440,74,0.050
BL_W190_T1.7_D15,124947,102,1.200
BL_W190_T1.7_D15,125497,101,1.200
BL_W190_T1.7_D15,125992,99,1.200
BL_W190_T1.7_D15,126482,97,1.140
BL_W190_T1.7_D15,127021,95,1.060
BL_W190_T1.7_D15,127560,93,0.980
BL_W190_T1.7_D15,128050,92,0.900
BL_W190_T1.7_D15,128589,90,0.820
BL_W190_T1.7_D15,129128,88,0.740
BL_W190_T1.7_D15,129667,86,0.660
BL_W190_T1.7_D15,130206,84,0.580
BL_W190_T1.7_D15,130794,82,0.500
BL_W190_T1.7_D15,131333,81,0.420
BL_W190_T1.7_D15,131823,79,0.340
BL_W190_T1.7_D15,132362,78,0.260
BL_W190_T1.7_D15,132901,76,0.126
BL_W190_T1.7_D15,133440,74,0.050
BL_W190_T1.7_D20,125992,99,1.200
BL_W190_T1.7_D20,126482,97,1.140
BL_W190_T1.7_D20,127021,95,1.060
BL_W190_T1.7_D20,127560,93,0.980
BL_W190_T1.7_D20,128050,92,0.900
BL_W190_T1.7_D20,128589,90,0.820
BL_W190_T1.7_D20,129128,88,0.740
BL_W190_T1.7_D20,129667,86,0.660
BL_W190_T1.7_D20,130206,84,0.580
BL_W190_T1.7_D20,130794,82,0.500
BL_W190_T1.7_D20,131333,81,0.420
BL_W190_T1.7_D20,131823,79,0.340
BL_W190_T1.7_D20,132362,78,0.260
BL_W190_T1.7_D20,132901,76,0.126
BL_W190_T1.7_D20,133440,74,0.050
BL_W190_T1.7_D20,124997,102,0.010
BL_W190_T1.7_D25,126482,97,1.140
BL_W190_T1.7_D25,127021,95,1.060
BL_W190_T1.7_D25,127560,93,0.980
BL_W190_T1.7_D25,128050,92,0.900
BL_W190_T1.7_D25,128589,90,0.820
BL_W190_T1.7_D25,129128,88,0.740
BL_W190_T1.7_D25,129667,86,0.660
BL_W190_T1.7_D25,130206,84,0.580
BL_W190_T1.7_D25,130745,82,0.500
BL_W190_T1.7_D25,131284,81,0.420
BL_W190_T1.7_D25,131823,79,0.340
BL_W190_T1.7_D25,132362,78,0.260
BL_W190_T1.7_D25,132901,76,0.126
BL_W190_T1.7_D25,133440,74,0.050
BL_W190_T1.7_D25,124997,102,0.010
BL_W190_T1.7_D30,126531,97,1.140
BL_W190_T1.7_D30,127021,95,1.060
BL_W190_T1.7_D30,127560,93,0.980
BL_W190_T1.7_D30,128050,92,0.900
BL_W190_T1.7_D30,128589,90,0.820
BL_W190_T1.7_D30,129128,88,0.740
BL_W190_T1.7_D30,129667,86,0.660
BL_W190_T1.7_D30,130206,84,0.580
BL_W190_T1.7_D30,130745,82,0.500
BL_W190_T1.7_D30,131284,81,0.420
BL_W190_T1.7_D30,131823,79,0.340
BL_W190_T1.7_D30,132362,78,0.260
BL_W190_T1.7_D30,132852,76,0.126
BL_W190_T1.7_D30,133391,74,0.050
BL_W190_T2.0_D2,124947,102,1.200
BL_W190_T2.0_D2,125497,101,1.200
BL_W190_T2.0_D2,125992,99,1.140
BL_W190_T2.0_D2,126482,97,1.060
BL_W190_T2.0_D2,127021,95,0.980
BL_W190_T2.0_D2,127560,93,0.900
BL_W190_T2.0_D2,128050,92,0.820
BL_W190_T2.0_D2,128589,90,0.740
BL_W190_T2.0_D2,129128,88,0.660
BL_W190_T2.0_D2,129667,86,0.580
BL_W190_T2.0_D2,130206,84,0.500
BL_W190_T2.0_D2,130794,82,0.420
BL_W190_T2.0_D2,131333,81,0.340
BL_W190_T2.0_D2,131823,79,0.260
BL_W190_T2.0_D2,132362,78,0.126
BL_W190_T2.0_D2,132901,76,0.050
BL_W190_T2.0_D4,124947,102,1.200
BL_W190_T2.0_D4,125497,101,1.200
BL_W190_T2.0_D4,125992,99,1.140
BL_W190_T2.0_D4,126482,97,1.060
BL_W190_T2.0_D4,127021,95,0.980
BL_W190_T2.0_D4,127560,93,0.900
BL_W190_T2.0_D4,128050,92,0.820
BL_W190_T2.0_D4,128589,90,0.740
BL_W190_T2.0_D4,129128,88,0.660
BL_W190_T2.0_D4,129667,86,0.580
BL_W190_T2.0_D4,130206,84,0.500
BL_W190_T2.0_D4,130794,82,0.420
BL_W190_T2.0_D4,131333,81,0.340
BL_W190_T2.0_D4,131823,79,0.260
BL_W190_T2.0_D4,132362,78,0.126
BL_W190_T2.0_D4,132901,76,0.050
BL_W190_T2.0_D6,124947,102,1.200
BL_W190_T2.0_D6,125497,101,1.200
BL_W190_T2.0_D6,125992,99,1.140
BL_W190_T2.0_D6,126482,97,1.060
BL_W190_T2.0_D6,127021,95,0.980
BL_W190_T2.0_D6,127560,93,0.900
BL_W190_T2.0_D6,128050,92,0.820
BL_W190_T2.0_D6,128589,90,0.740
BL_W190_T2.0_D6,129128,88,0.660
BL_W190_T2.0_D6,129667,86,0.580
BL_W190_T2.0_D6,130206,84,0.500
BL_W190_T2.0_D6,130794,82,0.420
BL_W190_T2.0_D6,131333,81,0.340
BL_W190_T2.0_D6,131823,79,0.260
BL_W190_T2.0_D6,132362,78,0.126
BL_W190_T2.0_D6,132901,76,0.050
BL_W190_T2.0_D8,124497,103,1.200
BL_W190_T2.0_D8,124947,102,1.200
BL_W190_T2.0_D8,125447,101,1.200
BL_W190_T2.0_D8,125992,99,1.140
BL_W190_T2.0_D8,126482,97,1.060
BL_W190_T2.0_D8,127021,95,0.980
BL_W190_T2.0_D8,127560,93,0.900
BL_W190_T2.0_D8,128050,92,0.820
BL_W190_T2.0_D8,128589,90,0.740
BL_W190_T2.0_D8,129128,88,0.660
BL_W190_T2.0_D8,129667,86,0.580
BL_W190_T2.0_D8,130206,84,0.500
BL_W190_T2.0_D8,130794,82,0.420
BL_W190_T2.0_D8,131333,81,0.340
BL_W190_T2.0_D8,131823,79,0.260
BL_W190_T2.0_D8,132362,78,0.126
BL_W190_T2.0_D8,132901,76,0.050
BL_W190_T2.0_D10,124497,103,1.200
BL_W190_T2.0_D10,124947,102,1.200
BL_W190_T2.0_D10,125497,101,1.200
BL_W190_T2.0_D10,125943,99,1.140
BL_W190_T2.0_D10,126482,97,1.060
BL_W190_T2.0_D10,127021,95,0.980
BL_W190_T2.0_D10,127560,93,0.900
BL_W190_T2.0_D10,128050,92,0.820
BL_W190_T2.0_D10,128589,90,0.740
BL_W190_T2.0_D10,129128,88,0.660
BL_W190_T2.0_D10,129667,86,0.580
BL_W190_T2.0_D10,130206,84,0.500
BL_W190_T2.0_D10,130794,82,0.420
BL_W190_T2.0_D10,131333,81,0.340
BL_W190_T2.0_D10,131823,79,0.260
BL_W190_T2.0_D10,132362,78,0.126
BL_W190_T2.0_D10,132901,76,0.050
BL_W190_T2.0_D15,124947,102,1.200
BL_W190_T2.0_D15,125497,101,1.200
BL_W190_T2.0_D15,125992,99,1.140
BL_W190_T2.0_D15,126482,97,1.060
BL_W190_T2.0_D15,127021,95,0.980
BL_W190_T2.0_D15,127560,93,0.900
BL_W190_T2.0_D15,128050,92,0.820
BL_W190_T2.0_D15,128589,90,0.740
BL_W190_T2.0_D15,129128,88,0.660
BL_W190_T2.0_D15,129667,86,0.580
BL_W190_T2.0_D15,130206,84,0.500
BL_W190_T2.0_D15,130794,82,0.420
BL_W190_T2.0_D15,131333,81,0.340
BL_W190_T2.0_D15,131823,79,0.260
BL_W190_T2.0_D15,132362,78,0.126
BL_W190_T2.0_D15,132901,76,0.050
BL_W190_T2.0_D20,125992,99,1.140
BL_W190_T2.0_D20,126482,97,1.060
BL_W190_T2.0_D20,127021,95,0.980
BL_W190_T2.0_D20,127560,93,0.900
BL_W190_T2.0_D20,128050,92,0.820
BL_W190_T2.0_D20,128589,90,0.740
BL_W190_T2.0_D20,129128,88,0.660
BL_W190_T2.0_D20,129667,86,0.580
BL_W190_T2.0_D20,130206,84,0.500
BL_W190_T2.0_D20,130794,82,0.420
BL_W190_T2.0_D20,131333,81,0.340
BL_W190_T2.0_D20,131823,79,0.260
BL_W190_T2.0_D20,132362,78,0.126
BL_W190_T2.0_D20,132901,76,0.050
BL_W190_T2.0_D20,124997,102,0.010
BL_W190_T2.0_D25,126482,97,1.060
BL_W190_T2.0_D25,127021,95,0.980
BL_W190_T2.0_D25,127560,93,0.900
BL_W190_T2.0_D25,128050,92,0.820
BL_W190_T2.0_D25,128589,90,0.740
BL_W190_T2.0_D25,129128,88,0.660
BL_W190_T2.0_D25,129667,86,0.580
BL_W190_T2.0_D25,130206,84,0.500
BL_W190_T2.0_D25,130745,82,0.420
BL_W190_T2.0_D25,131284,81,0.340
BL_W190_T2.0_D25,131823,79,0.260
BL_W190_T2.0_D25,132362,78,0.126
BL_W190_T2.0_D25,132901,76,0.050
BL_W190_T2.0_D25,124997,102,0.010
BL_W190_T2.0_D30,126531,97,1.140
BL_W190_T2.0_D30,127021,95,1.060
BL_W190_T2.0_D30,127560,93,0.980
BL_W190_T2.0_D30,128050,92,0.900
BL_W190_T2.0_D30,128589,90,0.820
BL_W190_T2.0_D30,129128,88,0.740
BL_W190_T2.0_D30,129667,86,0.660
BL_W190_T2.0_D30,130206,84,0.580
BL_W190_T2.0_D30,130745,82,0.500
BL_W190_T2.0_D30,131284,81,0.420
BL_W190_T2.0_D30,131823,79,0.340
BL_W190_T2.0_D30,132362,78,0.260
BL_W190_T2.0_D30,132852,76,0.126
BL_W190_T2.0_D30,133391,74,0.050
BL_W190_T2.2_D2,125992,99,0.820
BL_W190_T2.2_D2,126482,97,0.740
BL_W190_T2.2_D2,127021,95,0.660
BL_W190_T2.2_D2,127560,93,0.580
BL_W190_T2.2_D2,128099,92,0.500
BL_W190_T2.2_D2,128638,90,0.420
BL_W190_T2.2_D2,129128,88,0.340
BL_W190_T2.2_D2,129667,86,0.260
BL_W190_T2.2_D2,130206,84,0.126
BL_W190_T2.2_D2,132901,76,0.050
BL_W190_T2.2_D2,124947,102,0.010
BL_W190_T2.2_D2,130794,82,0.010
BL_W190_T2.2_D2,131872,79,0.010
BL_W190_T2.2_D4,125992,99,0.820
BL_W190_T2.2_D4,126482,97,0.740
BL_W190_T2.2_D4,127021,95,0.660
BL_W190_T2.2_D4,127560,93,0.580
BL_W190_T2.2_D4,128099,92,0.500
BL_W190_T2.2_D4,128638,90,0.420
BL_W190_T2.2_D4,129128,88,0.340
BL_W190_T2.2_D4,129667,86,0.260
BL_W190_T2.2_D4,130206,84,0.126
BL_W190_T2.2_D4,132901,76,0.050
BL_W190_T2.2_D4,124947,102,0.010
BL_W190_T2.2_D4,130794,82,0.010
BL_W190_T2.2_D4,131872,79,0.010
BL_W190_T2.2_D6,125992,99,0.820
BL_W190_T2.2_D6,126482,97,0.740
BL_W190_T2.2_D6,127021,95,0.660
BL_W190_T2.2_D6,127560,93,0.580
BL_W190_T2.2_D6,128099,92,0.500
BL_W190_T2.2_D6,128638,90,0.420
BL_W190_T2.2_D6,129128,88,0.340
BL_W190_T2.2_D6,129667,86,0.260
BL_W190_T2.2_D6,130206,84,0.126
BL_W190_T2.2_D6,132901,76,0.050
BL_W190_T2.2_D6,124947,102,0.010
BL_W190_T2.2_D6,130794,82,0.010
BL_W190_T2.2_D6,131872,79,0.010
BL_W190_T2.2_D8,124497,103,1.060
BL_W190_T2.2_D8,124947,102,0.980
BL_W190_T2.2_D8,125447,101,0.900
BL_W190_T2.2_D8,125992,99,0.820
BL_W190_T2.2_D8,126482,97,0.740
BL_W190_T2.2_D8,127021,95,0.660
BL_W190_T2.2_D8,127560,93,0.580
BL_W190_T2.2_D8,128099,92,0.500
BL_W190_T2.2_D8,128638,90,0.420
BL_W190_T2.2_D8,129128,88,0.340
BL_W190_T2.2_D8,129667,86,0.260
BL_W190_T2.2_D8,130206,84,0.126
BL_W190_T2.2_D8,132901,76,0.050
BL_W190_T2.2_D8,130794,82,0.010
BL_W190_T2.2_D8,131872,79,0.010
BL_W190_T2.2_D10,124497,103,1.060
BL_W190_T2.2_D10,124947,102,0.980
BL_W190_T2.2_D10,125497,101,0.900
BL_W190_T2.2_D10,125943,99,0.820
BL_W190_T2.2_D10,126482,97,0.740
BL_W190_T2.2_D10,127021,95,0.660
BL_W190_T2.2_D10,127560,93,0.580
BL_W190_T2.2_D10,128099,92,0.500
BL_W190_T2.2_D10,128638,90,0.420
BL_W190_T2.2_D10,129128,88,0.340
BL_W190_T2.2_D10,129667,86,0.260
BL_W190_T2.2_D10,130206,84,0.126
BL_W190_T2.2_D10,132901,76,0.050
BL_W190_T2.2_D10,130794,82,0.010
BL_W190_T2.2_D10,131872,79,0.010
BL_W190_T2.2_D15,124947,102,0.980
BL_W190_T2.2_D15,125497,101,0.900
BL_W190_T2.2_D15,125992,99,0.820
BL_W190_T2.2_D15,126482,97,0.740
BL_W190_T2.2_D15,127021,95,0.660
BL_W190_T2.2_D15,127560,93,0.580
BL_W190_T2.2_D15,128050,92,0.500
BL_W190_T2.2_D15,128638,90,0.420
BL_W190_T2.2_D15,129128,88,0.340
BL_W190_T2.2_D15,129667,86,0.260
BL_W190_T2.2_D15,130206,84,0.126
BL_W190_T2.2_D15,132901,76,0.050
BL_W190_T2.2_D15,130794,82,0.010
BL_W190_T2.2_D15,131872,79,0.010
BL_W190_T2.2_D20,125992,99,0.820
BL_W190_T2.2_D20,126482,97,0.740
BL_W190_T2.2_D20,127021,95,0.660
BL_W190_T2.2_D20,127560,93,0.580
BL_W190_T2.2_D20,128050,92,0.500
BL_W190_T2.2_D20,128589,90,0.420
BL_W190_T2.2_D20,129128,88,0.340
BL_W190_T2.2_D20,129667,86,0.260
BL_W190_T2.2_D20,130206,84,0.126
BL_W190_T2.2_D20,132901,76,0.050
BL_W190_T2.2_D20,124997,102,0.010
BL_W190_T2.2_D20,130794,82,0.010
BL_W190_T2.2_D20,131872,79,0.010
BL_W190_T2.2_D25,126482,97,0.900
BL_W190_T2.2_D25,127021,95,0.820
BL_W190_T2.2_D25,127560,93,0.740
BL_W190_T2.2_D25,128050,92,0.660
BL_W190_T2.2_D25,128589,90,0.580
BL_W190_T2.2_D25,129128,88,0.500
BL_W190_T2.2_D25,129667,86,0.420
BL_W190_T2.2_D25,130206,84,0.340
BL_W190_T2.2_D25,130745,82,0.260
BL_W190_T2.2_D25,131284,81,0.126
BL_W190_T2.2_D25,132901,76,0.050
BL_W190_T2.2_D25,124997,102,0.010
BL_W190_T2.2_D25,131872,79,0.010
BL_W190_T2.2_D30,126531,97,1.140
BL_W190_T2.2_D30,127021,95,1.060
BL_W190_T2.2_D30,127560,93,0.980
BL_W190_T2.2_D30,128050,92,0.900
BL_W190_T2.2_D30,128589,90,0.820
BL_W190_T2.2_D30,129128,88,0.740
BL_W190_T2.2_D30,129667,86,0.660
BL_W190_T2.2_D30,130206,84,0.580
BL_W190_T2.2_D30,130745,82,0.500
BL_W190_T2.2_D30,131284,81,0.420
BL_W190_T2.2_D30,131823,79,0.340
BL_W190_T2.2_D30,132362,78,0.260
BL_W190_T2.2_D30,132852,76,0.126
BL_W190_T2.2_D30,133391,74,0.050
BL_W190_T2.4_D2,125992,99,0.740
BL_W190_T2.4_D2,126482,97,0.660
BL_W190_T2.4_D2,127021,95,0.580
BL_W190_T2.4_D2,127609,93,0.500
BL_W190_T2.4_D2,128099,92,0.420
BL_W190_T2.4_D2,128638,90,0.340
BL_W190_T2.4_D2,129128,88,0.260
BL_W190_T2.4_D2,129716,86,0.126
BL_W190_T2.4_D2,132901,76,0.050
BL_W190_T2.4_D2,124947,102,0.010
BL_W190_T2.4_D2,130206,84,0.010
BL_W190_T2.4_D2,131872,79,0.010
BL_W190_T2.4_D4,125992,99,0.740
BL_W190_T2.4_D4,126482,97,0.660
BL_W190_T2.4_D4,127021,95,0.580
BL_W190_T2.4_D4,127609,93,0.500
BL_W190_T2.4_D4,128099,92,0.420
BL_W190_T2.4_D4,128638,90,0.340
BL_W190_T2.4_D4,129128,88,0.260
BL_W190_T2.4_D4,129716,86,0.126
BL_W190_T2.4_D4,132901,76,0.050
BL_W190_T2.4_D4,124947,102,0.010
BL_W190_T2.4_D4,130206,84,0.010
BL_W190_T2.4_D4,131872,79,0.010
BL_W190_T2.4_D6,125992,99,0.740
BL_W190_T2.4_D6,126482,97,0.660
BL_W190_T2.4_D6,127021,95,0.580
BL_W190_T2.4_D6,127609,93,0.500
BL_W190_T2.4_D6,128099,92,0.420
BL_W190_T2.4_D6,128638,90,0.340
BL_W190_T2.4_D6,129128,88,0.260
BL_W190_T2.4_D6,129716,86,0.126
BL_W190_T2.4_D6,132901,76,0.050
BL_W190_T2.4_D6,124947,102,0.010
BL_W190_T2.4_D6,130206,84,0.010
BL_W190_T2.4_D6,131872,79,0.010
BL_W190_T2.4_D8,124497,103,0.980
BL_W190_T2.4_D8,124947,102,0.900
BL_W190_T2.4_D8,125447,101,0.820
BL_W190_T2.4_D8,125992,99,0.740
BL_W190_T2.4_D8,126482,97,0.660
BL_W190_T2.4_D8,127021,95,0.580
BL_W190_T2.4_D8,127609,93,0.500
BL_W190_T2.4_D8,128099,92,0.420
BL_W190_T2.4_D8,128638,90,0.340
BL_W190_T2.4_D8,129128,88,0.260
BL_W190_T2.4_D8,129716,86,0.126
BL_W190_T2.4_D8,132901,76,0.050
BL_W190_T2.4_D8,130206,84,0.010
BL_W190_T2.4_D8,131872,79,0.010
BL_W190_T2.4_D10,124497,103,0.980
BL_W190_T2.4_D10,124947,102,0.900
BL_W190_T2.4_D10,125497,101,0.820
BL_W190_T2.4_D10,125943,99,0.740
BL_W190_T2.4_D10,126482,97,0.660
BL_W190_T2.4_D10,127021,95,0.580
BL_W190_T2.4_D10,127609,93,0.500
BL_W190_T2.4_D10,128099,92,0.420
BL_W190_T2.4_D10,128638,90,0.340
BL_W190_T2.4_D10,129128,88,0.260
BL_W190_T2.4_D10,129716,86,0.126
BL_W190_T2.4_D10,132901,76,0.050
BL_W190_T2.4_D10,130206,84,0.010
BL_W190_T2.4_D10,131872,79,0.010
BL_W190_T2.4_D15,124947,102,0.900
BL_W190_T2.4_D15,125497,101,0.820
BL_W190_T2.4_D15,125992,99,0.740
BL_W190_T2.4_D15,126482,97,0.660
BL_W190_T2.4_D15,127021,95,0.580
BL_W190_T2.4_D15,127560,93,0.500
BL_W190_T2.4_D15,128050,92,0.420
BL_W190_T2.4_D15,128638,90,0.340
BL_W190_T2.4_D15,129128,88,0.260
BL_W190_T2.4_D15,129716,86,0.126
BL_W190_T2.4_D15,132901,76,0.050
BL_W190_T2.4_D15,130206,84,0.010
BL_W190_T2.4_D15,131872,79,0.010
BL_W190_T2.4_D20,125992,99,0.740
BL_W190_T2.4_D20,126482,97,0.660
BL_W190_T2.4_D20,127021,95,0.580
BL_W190_T2.4_D20,127560,93,0.500
BL_W190_T2.4_D20,128050,92,0.420
BL_W190_T2.4_D20,128589,90,0.340
BL_W190_T2.4_D20,129128,88,0.260
BL_W190_T2.4_D20,129667,86,0.126
BL_W190_T2.4_D20,132901,76,0.050
BL_W190_T2.4_D20,124997,102,0.010
BL_W190_T2.4_D20,130206,84,0.010
BL_W190_T2.4_D20,131872,79,0.010
BL_W190_T2.4_D25,126482,97,0.900
BL_W190_T2.4_D25,127021,95,0.820
BL_W190_T2.4_D25,127560,93,0.740
BL_W190_T2.4_D25,128050,92,0.660
BL_W190_T2.4_D25,128589,90,0.580
BL_W190_T2.4_D25,129128,88,0.500
BL_W190_T2.4_D25,129667,86,0.420
BL_W190_T2.4_D25,130206,84,0.340
BL_W190_T2.4_D25,130745,82,0.260
BL_W190_T2.4_D25,131284,81,0.126
BL_W190_T2.4_D25,132901,76,0.050
BL_W190_T2.4_D25,124997,102,0.010
BL_W190_T2.4_D25,131872,79,0.010
BL_W190_T2.4_D30,126531,97,1.140
BL_W190_T2.4_D30,127021,95,1.060
BL_W190_T2.4_D30,127560,93,0.980
BL_W190_T2.4_D30,128050,92,0.900
BL_W190_T2.4_D30,128589,90,0.820
BL_W190_T2.4_D30,129128,88,0.740
BL_W190_T2.4_D30,129667,86,0.660
BL_W190_T2.4_D30,130206,84,0.580
BL_W190_T2.4_D30,130745,82,0.500
BL_W190_T2.4_D30,131284,81,0.420
BL_W190_T2.4_D30,131823,79,0.340
BL_W190_T2.4_D30,132362,78,0.260
BL_W190_T2.4_D30,132852,76,0.126
BL_W190_T2.4_D30,133391,74,0.050
BL_W190_T2.7_D2,125992,99,0.260
BL_W190_T2.7_D2,126531,97,0.126
BL_W190_T2.7_D2,130255,84,0.050
BL_W190_T2.7_D2,124947,102,0.010
BL_W190_T2.7_D2,127021,95,0.010
BL_W190_T2.7_D2,128099,92,0.010
BL_W190_T2.7_D4,125992,99,0.260
BL_W190_T2.7_D4,126531,97,0.126
BL_W190_T2.7_D4,130255,84,0.050
BL_W190_T2.7_D4,124947,102,0.010
BL_W190_T2.7_D4,127021,95,0.010
BL_W190_T2.7_D4,128099,92,0.010
BL_W190_T2.7_D6,125992,99,0.260
BL_W190_T2.7_D6,126531,97,0.126
BL_W190_T2.7_D6,130255,84,0.050
BL_W190_T2.7_D6,124947,102,0.010
BL_W190_T2.7_D6,127021,95,0.010
BL_W190_T2.7_D6,128099,92,0.010
BL_W190_T2.7_D8,124497,103,0.500
BL_W190_T2.7_D8,124947,102,0.420
BL_W190_T2.7_D8,125447,101,0.340
BL_W190_T2.7_D8,125992,99,0.260
BL_W190_T2.7_D8,126531,97,0.126
BL_W190_T2.7_D8,130255,84,0.050
BL_W190_T2.7_D8,127021,95,0.010
BL_W190_T2.7_D8,128099,92,0.010
BL_W190_T2.7_D10,124497,103,0.500
BL_W190_T2.7_D10,124947,102,0.420
BL_W190_T2.7_D10,125497,101,0.340
BL_W190_T2.7_D10,125943,99,0.260
BL_W190_T2.7_D10,126531,97,0.126
BL_W190_T2.7_D10,130255,84,0.050
BL_W190_T2.7_D10,127021,95,0.010
BL_W190_T2.7_D10,128099,92,0.010
BL_W190_T2.7_D15,124947,102,0.580
BL_W190_T2.7_D15,125497,101,0.500
BL_W190_T2.7_D15,125992,99,0.420
BL_W190_T2.7_D15,126482,97,0.340
BL_W190_T2.7_D15,127021,95,0.260
BL_W190_T2.7_D15,127560,93,0.126
BL_W190_T2.7_D15,130255,84,0.050
BL_W190_T2.7_D15,128050,92,0.010
BL_W190_T2.7_D20,125992,99,0.740
BL_W190_T2.7_D20,126482,97,0.660
BL_W190_T2.7_D20,127021,95,0.580
BL_W190_T2.7_D20,127560,93,0.500
BL_W190_T2.7_D20,128050,92,0.420
BL_W190_T2.7_D20,128589,90,0.340
BL_W190_T2.7_D20,129128,88,0.260
BL_W190_T2.7_D20,129667,86,0.126
BL_W190_T2.7_D20,130255,84,0.050
BL_W190_T2.7_D20,124997,102,0.010
BL_W190_T2.7_D25,126482,97,0.820
BL_W190_T2.7_D25,127021,95,0.740
BL_W190_T2.7_D25,127560,93,0.660
BL_W190_T2.7_D25,128050,92,0.580
BL_W190_T2.7_D25,128589,90,0.500
BL_W190_T2.7_D25,129128,88,0.420
BL_W190_T2.7_D25,129667,86,0.340
BL_W190_T2.7_D25,130206,84,0.260
BL_W190_T2.7_D25,130745,82,0.126
BL_W190_T2.7_D25,131284,81,0.050
BL_W190_T2.7_D25,124997,102,0.010
BL_W190_T2.7_D30,126531,97,1.140
BL_W190_T2.7_D30,127021,95,1.060
BL_W190_T2.7_D30,127560,93,0.980
BL_W190_T2.7_D30,128050,92,0.900
BL_W190_T2.7_D30,128589,90,0.820
BL_W190_T2.7_D30,129128,88,0.740
BL_W190_T2.7_D30,129667,86,0.660
BL_W190_T2.7_D30,130206,84,0.580
BL_W190_T2.7_D30,130745,82,0.500
BL_W190_T2.7_D30,131284,81,0.420
BL_W190_T2.7_D30,131823,79,0.340
BL_W190_T2.7_D30,132362,78,0.260
BL_W190_T2.7_D30,132852,76,0.126
BL_W190_T2.7_D30,133391,74,0.050
BL_W190_T3.0_D2,126531,97,0.126
BL_W190_T3.0_D2,128099,92,0.050
BL_W190_T3.0_D2,124997,102,0.010
BL_W190_T3.0_D2,127021,95,0.010
BL_W190_T3.0_D4,126531,97,0.126
BL_W190_T3.0_D4,128099,92,0.050
BL_W190_T3.0_D4,124997,102,0.010
BL_W190_T3.0_D4,127021,95,0.010
BL_W190_T3.0_D6,126531,97,0.126
BL_W190_T3.0_D6,128099,92,0.050
BL_W190_T3.0_D6,124997,102,0.010
BL_W190_T3.0_D6,127021,95,0.010
BL_W190_T3.0_D8,124497,103,0.260
BL_W190_T3.0_D8,124947,102,0.126
BL_W190_T3.0_D8,126531,97,0.126
BL_W190_T3.0_D8,128099,92,0.050
BL_W190_T3.0_D8,125447,101,0.010
BL_W190_T3.0_D8,127021,95,0.010
BL_W190_T3.0_D10,124497,103,0.500
BL_W190_T3.0_D10,124947,102,0.420
BL_W190_T3.0_D10,125497,101,0.340
BL_W190_T3.0_D10,125943,99,0.260
BL_W190_T3.0_D10,126531,97,0.126
BL_W190_T3.0_D10,128099,92,0.050
BL_W190_T3.0_D10,127021,95,0.010
BL_W190_T3.0_D15,124947,102,0.580
BL_W190_T3.0_D15,125497,101,0.500
BL_W190_T3.0_D15,125992,99,0.420
BL_W190_T3.0_D15,126482,97,0.340
BL_W190_T3.0_D15,127021,95,0.260
BL_W190_T3.0_D15,127560,93,0.126
BL_W190_T3.0_D15,128050,92,0.050
BL_W190_T3.0_D20,125992,99,0.660
BL_W190_T3.0_D20,126482,97,0.580
BL_W190_T3.0_D20,127021,95,0.500
BL_W190_T3.0_D20,127560,93,0.420
BL_W190_T3.0_D20,128050,92,0.340
BL_W190_T3.0_D20,128589,90,0.260
BL_W190_T3.0_D20,129128,88,0.126
BL_W190_T3.0_D20,129667,86,0.050
BL_W190_T3.0_D20,124997,102,0.010
BL_W190_T3.0_D25,126482,97,0.820
BL_W190_T3.0_D25,127021,95,0.740
BL_W190_T3.0_D25,127560,93,0.660
BL_W190_T3.0_D25,128050,92,0.580
BL_W190_T3.0_D25,128589,90,0.500
BL_W190_T3.0_D25,129128,88,0.420
BL_W190_T3.0_D25,129667,86,0.340
BL_W190_T3.0_D25,130206,84,0.260
BL_W190_T3.0_D25,130745,82,0.126
BL_W190_T3.0_D25,131284,81,0.050
BL_W190_T3.0_D25,124997,102,0.010
BL_W190_T3.0_D30,126531,97,1.140
BL_W190_T3.0_D30,127021,95,1.060
BL_W190_T3.0_D30,127560,93,0.980
BL_W190_T3.0_D30,128050,92,0.900
BL_W190_T3.0_D30,128589,90,0.820
BL_W190_T3.0_D30,129128,88,0.740
BL_W190_T3.0_D30,129667,86,0.660
BL_W190_T3.0_D30,130206,84,0.580
BL_W190_T3.0_D30,130745,82,0.500
BL_W190_T3.0_D30,131284,81,0.420
BL_W190_T3.0_D30,131823,79,0.340
BL_W190_T3.0_D30,132362,78,0.260
BL_W190_T3.0_D30,132852,76,0.126
BL_W190_T3.0_D30,133391,74,0.050
BL_W200_T1.2_D2,124947,102,1.200
BL_W200_T1.2_D2,125447,101,1.200
BL_W200_T1.2_D2,125943,99,1.200
BL_W200_T1.2_D2,126482,97,1.200
BL_W200_T1.2_D2,127021,95,1.140
BL_W200_T1.2_D2,127560,93,1.060
BL_W200_T1.2_D2,128050,92,0.980
BL_W200_T1.2_D2,128589,90,0.900
BL_W200_T1.2_D2,129128,88,0.820
BL_W200_T1.2_D2,129667,86,0.740
BL_W200_T1.2_D2,130206,84,0.660
BL_W200_T1.2_D2,130745,82,0.580
BL_W200_T1.2_D2,131284,81,0.500
BL_W200_T1.2_D2,131823,79,0.420
BL_W200_T1.2_D2,132362,78,0.340
BL_W200_T1.2_D2,132852,76,0.260
BL_W200_T1.2_D2,133391,74,0.126
BL_W200_T1.2_D2,133979,73,0.050
BL_W200_T1.2_D4,124947,102,1.200
BL_W200_T1.2_D4,125447,101,1.200
BL_W200_T1.2_D4,125943,99,1.200
BL_W200_T1.2_D4,126482,97,1.200
BL_W200_T1.2_D4,127021,95,1.140
BL_W200_T1.2_D4,127560,93,1.060
BL_W200_T1.2_D4,128050,92,0.980
BL_W200_T1.2_D4,128589,90,0.900
BL_W200_T1.2_D4,129128,88,0.820
BL_W200_T1.2_D4,129667,86,0.740
BL_W200_T1.2_D4,130206,84,0.660
BL_W200_T1.2_D4,130745,82,0.580
BL_W200_T1.2_D4,131284,81,0.500
BL_W200_T1.2_D4,131823,79,0.420
BL_W200_T1.2_D4,132362,78,0.340
BL_W200_T1.2_D4,132852,76,0.260
BL_W200_T1.2_D4,133391,74,0.126
BL_W200_T1.2_D4,133979,73,0.050
BL_W200_T1.2_D6,124947,102,1.200
BL_W200_T1.2_D6,125447,101,1.200
BL_W200_T1.2_D6,125943,99,1.200
BL_W200_T1.2_D6,126482,97,1.200
BL_W200_T1.2_D6,127021,95,1.140
BL_W200_T1.2_D6,127560,93,1.060
BL_W200_T1.2_D6,128050,92,0.980
BL_W200_T1.2_D6,128589,90,0.900
BL_W200_T1.2_D6,129128,88,0.820
BL_W200_T1.2_D6,129667,86,0.740
BL_W200_T1.2_D6,130206,84,0.660
BL_W200_T1.2_D6,130745,82,0.580
BL_W200_T1.2_D6,131284,81,0.500
BL_W200_T1.2_D6,131823,79,0.420
BL_W200_T1.2_D6,132362,78,0.340
BL_W200_T1.2_D6,132852,76,0.260
BL_W200_T1.2_D6,133391,74,0.126
BL_W200_T1.2_D6,133979,73,0.050
BL_W200_T1.2_D8,124947,102,1.200
BL_W200_T1.2_D8,125447,101,1.200
BL_W200_T1.2_D8,125943,99,1.200
BL_W200_T1.2_D8,126482,97,1.200
BL_W200_T1.2_D8,127021,95,1.140
BL_W200_T1.2_D8,127560,93,1.060
BL_W200_T1.2_D8,128050,92,0.980
BL_W200_T1.2_D8,128589,90,0.900
BL_W200_T1.2_D8,129128,88,0.820
BL_W200_T1.2_D8,129667,86,0.740
BL_W200_T1.2_D8,130206,84,0.660
BL_W200_T1.2_D8,130745,82,0.580
BL_W200_T1.2_D8,131284,81,0.500
BL_W200_T1.2_D8,131823,79,0.420
BL_W200_T1.2_D8,132362,78,0.340
BL_W200_T1.2_D8,132852,76,0.260
BL_W200_T1.2_D8,133391,74,0.126
BL_W200_T1.2_D8,133979,73,0.050
BL_W200_T1.2_D10,124947,102,1.200
BL_W200_T1.2_D10,125497,101,1.200
BL_W200_T1.2_D10,125943,99,1.200
BL_W200_T1.2_D10,126482,97,1.200
BL_W200_T1.2_D10,127021,95,1.140
BL_W200_T1.2_D10,127560,93,1.060
BL_W200_T1.2_D10,128050,92,0.980
BL_W200_T1.2_D10,128589,90,0.900
BL_W200_T1.2_D10,129128,88,0.820
BL_W200_T1.2_D10,129667,86,0.740
BL_W200_T1.2_D10,130206,84,0.660
BL_W200_T1.2_D10,130745,82,0.580
BL_W200_T1.2_D10,131284,81,0.500
BL_W200_T1.2_D10,131823,79,0.420
BL_W200_T1.2_D10,132362,78,0.340
BL_W200_T1.2_D10,132852,76,0.260
BL_W200_T1.2_D10,133391,74,0.126
BL_W200_T1.2_D10,133979,73,0.050
BL_W200_T1.2_D15,124947,102,1.200
BL_W200_T1.2_D15,125497,101,1.200
BL_W200_T1.2_D15,125992,99,1.200
BL_W200_T1.2_D15,126482,97,1.200
BL_W200_T1.2_D15,127021,95,1.140
BL_W200_T1.2_D15,127560,93,1.060
BL_W200_T1.2_D15,128050,92,0.980
BL_W200_T1.2_D15,128589,90,0.900
BL_W200_T1.2_D15,129128,88,0.820
BL_W200_T1.2_D15,129667,86,0.740
BL_W200_T1.2_D15,130206,84,0.660
BL_W200_T1.2_D15,130745,82,0.580
BL_W200_T1.2_D15,131284,81,0.500
BL_W200_T1.2_D15,131823,79,0.420
BL_W200_T1.2_D15,132362,78,0.340
BL_W200_T1.2_D15,132852,76,0.260
BL_W200_T1.2_D15,133391,74,0.126
BL_W200_T1.2_D15,133979,73,0.050
BL_W200_T1.2_D20,125992,99,1.200
BL_W200_T1.2_D20,126482,97,1.200
BL_W200_T1.2_D20,127021,95,1.140
BL_W200_T1.2_D20,127560,93,1.060
BL_W200_T1.2_D20,128050,92,0.980
BL_W200_T1.2_D20,128589,90,0.900
BL_W200_T1.2_D20,129128,88,0.820
BL_W200_T1.2_D20,129667,86,0.740
BL_W200_T1.2_D20,130206,84,0.660
BL_W200_T1.2_D20,130745,82,0.580
BL_W200_T1.2_D20,131284,81,0.500
BL_W200_T1.2_D20,131823,79,0.420
BL_W200_T1.2_D20,132362,78,0.340
BL_W200_T1.2_D20,132852,76,0.260
BL_W200_T1.2_D20,133391,74,0.126
BL_W200_T1.2_D20,133979,73,0.050
BL_W200_T1.2_D20,124997,102,0.010
BL_W200_T1.2_D25,126482,97,1.200
BL_W200_T1.2_D25,127021,95,1.140
BL_W200_T1.2_D25,127560,93,1.060
BL_W200_T1.2_D25,128050,92,0.980
BL_W200_T1.2_D25,128589,90,0.900
BL_W200_T1.2_D25,129128,88,0.820
BL_W200_T1.2_D25,129667,86,0.740
BL_W200_T1.2_D25,130206,84,0.660
BL_W200_T1.2_D25,130745,82,0.580
BL_W200_T1.2_D25,131284,81,0.500
BL_W200_T1.2_D25,131823,79,0.420
BL_W200_T1.2_D25,132362,78,0.340
BL_W200_T1.2_D25,132852,76,0.260
BL_W200_T1.2_D25,133391,74,0.126
BL_W200_T1.2_D25,133979,73,0.050
BL_W200_T1.2_D25,124997,102,0.010
BL_W200_T1.2_D30,126531,97,1.200
BL_W200_T1.2_D30,127021,95,1.140
BL_W200_T1.2_D30,127560,93,1.060
BL_W200_T1.2_D30,128050,92,0.980
BL_W200_T1.2_D30,128589,90,0.900
BL_W200_T1.2_D30,129128,88,0.820
BL_W200_T1.2_D30,129667,86,0.740
BL_W200_T1.2_D30,130206,84,0.660
BL_W200_T1.2_D30,130745,82,0.580
BL_W200_T1.2_D30,131284,81,0.500
BL_W200_T1.2_D30,131823,79,0.420
BL_W200_T1.2_D30,132362,78,0.340
BL_W200_T1.2_D30,132852,76,0.260
BL_W200_T1.2_D30,133391,74,0.126
BL_W200_T1.2_D30,133930,73,0.050
BL_W200_T1.5_D2,124947,102,1.200
BL_W200_T1.5_D2,125497,101,1.200
BL_W200_T1.5_D2,125992,99,1.200
BL_W200_T1.5_D2,126482,97,1.200
BL_W200_T1.5_D2,127021,95,1.140
BL_W200_T1.5_D2,127560,93,1.060
BL_W200_T1.5_D2,128050,92,0.980
BL_W200_T1.5_D2,128589,90,0.900
BL_W200_T1.5_D2,129128,88,0.820
BL_W200_T1.5_D2,129667,86,0.740
BL_W200_T1.5_D2,130206,84,0.660
BL_W200_T1.5_D2,130745,82,0.580
BL_W200_T1.5_D2,131333,81,0.500
BL_W200_T1.5_D2,131823,79,0.420
BL_W200_T1.5_D2,132362,78,0.340
BL_W200_T1.5_D2,132852,76,0.260
BL_W200_T1.5_D2,133440,74,0.126
BL_W200_T1.5_D2,133979,73,0.050
BL_W200_T1.5_D4,124947,102,1.200
BL_W200_T1.5_D4,125497,101,1.200
BL_W200_T1.5_D4,125992,99,1.200
BL_W200_T1.5_D4,126482,97,1.200
BL_W200_T1.5_D4,127021,95,1.140
BL_W200_T1.5_D4,127560,93,1.060
BL_W200_T1.5_D4,128050,92,0.980
BL_W200_T1.5_D4,128589,90,0.900
BL_W200_T1.5_D4,129128,88,0.820
BL_W200_T1.5_D4,129667,86,0.740
BL_W200_T1.5_D4,130206,84,0.660
BL_W200_T1.5_D4,130745,82,0.580
BL_W200_T1.5_D4,131333,81,0.500
BL_W200_T1.5_D4,131823,79,0.420
BL_W200_T1.5_D4,132362,78,0.340
BL_W200_T1.5_D4,132852,76,0.260
BL_W200_T1.5_D4,133440,74,0.126
BL_W200_T1.5_D4,133979,73,0.050
BL_W200_T1.5_D6,124947,102,1.200
BL_W200_T1.5_D6,125497,101,1.200
BL_W200_T1.5_D6,125992,99,1.200
BL_W200_T1.5_D6,126482,97,1.200
BL_W200_T1.5_D6,127021,95,1.140
BL_W200_T1.5_D6,127560,93,1.060
BL_W200_T1.5_D6,128050,92,0.980
BL_W200_T1.5_D6,128589,90,0.900
BL_W200_T1.5_D6,129128,88,0.820
BL_W200_T1.5_D6,129667,86,0.740
BL_W200_T1.5_D6,130206,84,0.660
BL_W200_T1.5_D6,130745,82,0.580
BL_W200_T1.5_D6,131333,81,0.500
BL_W200_T1.5_D6,131823,79,0.420
BL_W200_T1.5_D6,132362,78,0.340
BL_W200_T1.5_D6,132852,76,0.260
BL_W200_T1.5_D6,133440,74,0.126
BL_W200_T1.5_D6,133979,73,0.050
BL_W200_T1.5_D8,124947,102,1.200
BL_W200_T1.5_D8,125447,101,1.200
BL_W200_T1.5_D8,125992,99,1.200
BL_W200_T1.5_D8,126482,97,1.200
BL_W200_T1.5_D8,127021,95,1.140
BL_W200_T1.5_D8,127560,93,1.060
BL_W200_T1.5_D8,128050,92,0.980
BL_W200_T1.5_D8,128589,90,0.900
BL_W200_T1.5_D8,129128,88,0.820
BL_W200_T1.5_D8,129667,86,0.740
BL_W200_T1.5_D8,130206,84,0.660
BL_W200_T1.5_D8,130745,82,0.580
BL_W200_T1.5_D8,131333,81,0.500
BL_W200_T1.5_D8,131823,79,0.420
BL_W200_T1.5_D8,132362,78,0.340
BL_W200_T1.5_D8,132852,76,0.260
BL_W200_T1.5_D8,133440,74,0.126
BL_W200_T1.5_D8,133979,73,0.050
BL_W200_T1.5_D10,124947,102,1.200
BL_W200_T1.5_D10,125497,101,1.200
BL_W200_T1.5_D10,125943,99,1.200
BL_W200_T1.5_D10,126482,97,1.200
BL_W200_T1.5_D10,127021,95,1.140
BL_W200_T1.5_D10,127560,93,1.060
BL_W200_T1.5_D10,128050,92,0.980
BL_W200_T1.5_D10,128589,90,0.900
BL_W200_T1.5_D10,129128,88,0.820
BL_W200_T1.5_D10,129667,86,0.740
BL_W200_T1.5_D10,130206,84,0.660
BL_W200_T1.5_D10,130745,82,0.580
BL_W200_T1.5_D10,131333,81,0.500
BL_W200_T1.5_D10,131823,79,0.420
BL_W200_T1.5_D10,132362,78,0.340
BL_W200_T1.5_D10,132852,76,0.260
BL_W200_T1.5_D10,133440,74,0.126
BL_W200_T1.5_D10,133979,73,0.050
BL_W200_T1.5_D15,124947,102,1.200
BL_W200_T1.5_D15,125497,101,1.200
BL_W200_T1.5_D15,125992,99,1.200
BL_W200_T1.5_D15,126482,97,1.200
BL_W200_T1.5_D15,127021,95,1.140
BL_W200_T1.5_D15,127560,93,1.060
BL_W200_T1.5_D15,128050,92,0.980
BL_W200_T1.5_D15,128589,90,0.900
BL_W200_T1.5_D15,129128,88,0.820
BL_W200_T1.5_D15,129667,86,0.740
BL_W200_T1.5_D15,130206,84,0.660
BL_W200_T1.5_D15,130745,82,0.580
BL_W200_T1.5_D15,131333,81,0.500
BL_W200_T1.5_D15,131823,79,0.420
BL_W200_T1.5_D15,132362,78,0.340
BL_W200_T1.5_D15,132852,76,0.260
BL_W200_T1.5_D15,133440,74,0.126
BL_W200_T1.5_D15,133979,73,0.050
BL_W200_T1.5_D20,125992,99,1.200
BL_W200_T1.5_D20,126482,97,1.200
BL_W200_T1.5_D20,127021,95,1.140
BL_W200_T1.5_D20,127560,93,1.060
BL_W200_T1.5_D20,128050,92,0.980
BL_W200_T1.5_D20,128589,90,0.900
BL_W200_T1.5_D20,129128,88,0.820
BL_W200_T1.5_D20,129667,86,0.740
BL_W200_T1.5_D20,130206,84,0.660
BL_W200_T1.5_D20,130745,82,0.580
BL_W200_T1.5_D20,131333,81,0.500
BL_W200_T1.5_D20,131823,79,0.420
BL_W200_T1.5_D20,132362,78,0.340
BL_W200_T1.5_D20,132852,76,0.260
BL_W200_T1.5_D20,133440,74,0.126
BL_W200_T1.5_D20,133979,73,0.050
BL_W200_T1.5_D20,124997,102,0.010
BL_W200_T1.5_D25,126482,97,1.200
BL_W200_T1.5_D25,127021,95,1.140
BL_W200_T1.5_D25,127560,93,1.060
BL_W200_T1.5_D25,128050,92,0.980
BL_W200_T1.5_D25,128589,90,0.900
BL_W200_T1.5_D25,129128,88,0.820
BL_W200_T1.5_D25,129667,86,0.740
BL_W200_T1.5_D25,130206,84,0.660
BL_W200_T1.5_D25,130745,82,0.580
BL_W200_T1.5_D25,131284,81,0.500
BL_W200_T1.5_D25,131823,79,0.420
BL_W200_T1.5_D25,132362,78,0.340
BL_W200_T1.5_D25,132852,76,0.260
BL_W200_T1.5_D25,133440,74,0.126
BL_W200_T1.5_D25,133979,73,0.050
BL_W200_T1.5_D25,124997,102,0.010
BL_W200_T1.5_D30,126531,97,1.200
BL_W200_T1.5_D30,127021,95,1.140
BL_W200_T1.5_D30,127560,93,1.060
BL_W200_T1.5_D30,128050,92,0.980
BL_W200_T1.5_D30,128589,90,0.900
BL_W200_T1.5_D30,129128,88,0.820
BL_W200_T1.5_D30,129667,86,0.740
BL_W200_T1.5_D30,130206,84,0.660
BL_W200_T1.5_D30,130745,82,0.580
BL_W200_T1.5_D30,131284,81,0.500
BL_W200_T1.5_D30,131823,79,0.420
BL_W200_T1.5_D30,132362,78,0.340
BL_W200_T1.5_D30,132852,76,0.260
BL_W200_T1.5_D30,133391,74,0.126
BL_W200_T1.5_D30,133930,73,0.050
BL_W200_T1.7_D2,124947,102,1.200
BL_W200_T1.7_D2,125497,101,1.200
BL_W200_T1.7_D2,125992,99,1.200
BL_W200_T1.7_D2,126482,97,1.140
BL_W200_T1.7_D2,127021,95,1.060
BL_W200_T1.7_D2,127560,93,0.980
BL_W200_T1.7_D2,128050,92,0.900
BL_W200_T1.7_D2,128589,90,0.820
BL_W200_T1.7_D2,129128,88,0.740
BL_W200_T1.7_D2,129667,86,0.660
BL_W200_T1.7_D2,130206,84,0.580
BL_W200_T1.7_D2,130794,82,0.500
BL_W200_T1.7_D2,131333,81,0.420
BL_W200_T1.7_D2,131823,79,0.340
BL_W200_T1.7_D2,132362,78,0.260
BL_W200_T1.7_D2,132901,76,0.126
BL_W200_T1.7_D2,133440,74,0.050
BL_W200_T1.7_D4,124947,102,1.200
BL_W200_T1.7_D4,125497,101,1.200
BL_W200_T1.7_D4,125992,99,1.200
BL_W200_T1.7_D4,126482,97,1.140
BL_W200_T1.7_D4,127021,95,1.060
BL_W200_T1.7_D4,127560,93,0.980
BL_W200_T1.7_D4,128050,92,0.900
BL_W200_T1.7_D4,128589,90,0.820
BL_W200_T1.7_D4,129128,88,0.740
BL_W200_T1.7_D4,129667,86,0.660
BL_W200_T1.7_D4,130206,84,0.580
BL_W200_T1.7_D4,130794,82,0.500
BL_W200_T1.7_D4,131333,81,0.420
BL_W200_T1.7_D4,131823,79,0.340
BL_W200_T1.7_D4,132362,78,0.260
BL_W200_T1.7_D4,132901,76,0.126
BL_W200_T1.7_D4,133440,74,0.050
BL_W200_T1.7_D6,124947,102,1.200
BL_W200_T1.7_D6,125497,101,1.200
BL_W200_T1.7_D6,125992,99,1.200
BL_W200_T1.7_D6,126482,97,1.140
BL_W200_T1.7_D6,127021,95,1.060
BL_W200_T1.7_D6,127560,93,0.980
BL_W200_T1.7_D6,128050,92,0.900
BL_W200_T1.7_D6,128589,90,0.820
BL_W200_T1.7_D6,129128,88,0.740
BL_W200_T1.7_D6,129667,86,0.660
BL_W200_T1.7_D6,130206,84,0.580
BL_W200_T1.7_D6,130794,82,0.500
BL_W200_T1.7_D6,131333,81,0.420
BL_W200_T1.7_D6,131823,79,0.340
BL_W200_T1.7_D6,132362,78,0.260
BL_W200_T1.7_D6,132901,76,0.126
BL_W200_T1.7_D6,133440,74,0.050
BL_W200_T1.7_D8,124947,102,1.200
BL_W200_T1.7_D8,125447,101,1.200
BL_W200_T1.7_D8,125992,99,1.200
BL_W200_T1.7_D8,126482,97,1.140
BL_W200_T1.7_D8,127021,95,1.060
BL_W200_T1.7_D8,127560,93,0.980
BL_W200_T1.7_D8,128050,92,0.900
BL_W200_T1.7_D8,128589,90,0.820
BL_W200_T1.7_D8,129128,88,0.740
BL_W200_T1.7_D8,129667,86,0.660
BL_W200_T1.7_D8,130206,84,0.580
BL_W200_T1.7_D8,130794,82,0.500
BL_W200_T1.7_D8,131333,81,0.420
BL_W200_T1.7_D8,131823,79,0.340
BL_W200_T1.7_D8,132362,78,0.260
BL_W200_T1.7_D8,132901,76,0.126
BL_W200_T1.7_D8,133440,74,0.050
BL_W200_T1.7_D10,124947,102,1.200
BL_W200_T1.7_D10,125497,101,1.200
BL_W200_T1.7_D10,125943,99,1.200
BL_W200_T1.7_D10,126482,97,1.140
BL_W200_T1.7_D10,127021,95,1.060
BL_W200_T1.7_D10,127560,93,0.980
BL_W200_T1.7_D10,128050,92,0.900
BL_W200_T1.7_D10,128589,90,0.820
BL_W200_T1.7_D10,129128,88,0.740
BL_W200_T1.7_D10,129667,86,0.660
BL_W200_T1.7_D10,130206,84,0.580
BL_W200_T1.7_D10,130794,82,0.500
BL_W200_T1.7_D10,131333,81,0.420
BL_W200_T1.7_D10,131823,79,0.340
BL_W200_T1.7_D10,132362,78,0.260
BL_W200_T1.7_D10,132901,76,0.126
BL_W200_T1.7_D10,133440,74,0.050
BL_W200_T1.7_D15,124947,102,1.200
BL_W200_T1.7_D15,125497,101,1.200
BL_W200_T1.7_D15,125992,99,1.200
BL_W200_T1.7_D15,126482,97,1.140
BL_W200_T1.7_D15,127021,95,1.060
BL_W200_T1.7_D15,127560,93,0.980
BL_W200_T1.7_D15,128050,92,0.900
BL_W200_T1.7_D15,128589,90,0.820
BL_W200_T1.7_D15,129128,88,0.740
BL_W200_T1.7_D15,129667,86,0.660
BL_W200_T1.7_D15,130206,84,0.580
BL_W200_T1.7_D15,130794,82,0.500
BL_W200_T1.7_D15,131333,81,0.420
BL_W200_T1.7_D15,131823,79,0.340
BL_W200_T1.7_D15,132362,78,0.260
BL_W200_T1.7_D15,132901,76,0.126
BL_W200_T1.7_D15,133440,74,0.050
BL_W200_T1.7_D20,125992,99,1.200
BL_W200_T1.7_D20,126482,97,1.140
BL_W200_T1.7_D20,127021,95,1.060
BL_W200_T1.7_D20,127560,93,0.980
BL_W200_T1.7_D20,128050,92,0.900
BL_W200_T1.7_D20,128589,90,0.820
BL_W200_T1.7_D20,129128,88,0.740
BL_W200_T1.7_D20,129667,86,0.660
BL_W200_T1.7_D20,130206,84,0.580
BL_W200_T1.7_D20,130794,82,0.500
BL_W200_T1.7_D20,131333,81,0.420
BL_W200_T1.7_D20,131823,79,0.340
BL_W200_T1.7_D20,132362,78,0.260
BL_W200_T1.7_D20,132901,76,0.126
BL_W200_T1.7_D20,133440,74,0.050
BL_W200_T1.7_D20,124997,102,0.010
BL_W200_T1.7_D25,126482,97,1.140
BL_W200_T1.7_D25,127021,95,1.060
BL_W200_T1.7_D25,127560,93,0.980
BL_W200_T1.7_D25,128050,92,0.900
BL_W200_T1.7_D25,128589,90,0.820
BL_W200_T1.7_D25,129128,88,0.740
BL_W200_T1.7_D25,129667,86,0.660
BL_W200_T1.7_D25,130206,84,0.580
BL_W200_T1.7_D25,130745,82,0.500
BL_W200_T1.7_D25,131284,81,0.420
BL_W200_T1.7_D25,131823,79,0.340
BL_W200_T1.7_D25,132362,78,0.260
BL_W200_T1.7_D25,132901,76,0.126
BL_W200_T1.7_D25,133440,74,0.050
BL_W200_T1.7_D25,124997,102,0.010
BL_W200_T1.7_D30,126531,97,1.200
BL_W200_T1.7_D30,127021,95,1.140
BL_W200_T1.7_D30,127560,93,1.060
BL_W200_T1.7_D30,128050,92,0.980
BL_W200_T1.7_D30,128589,90,0.900
BL_W200_T1.7_D30,129128,88,0.820
BL_W200_T1.7_D30,129667,86,0.740
BL_W200_T1.7_D30,130206,84,0.660
BL_W200_T1.7_D30,130745,82,0.580
BL_W200_T1.7_D30,131284,81,0.500
BL_W200_T1.7_D30,131823,79,0.420
BL_W200_T1.7_D30,132362,78,0.340
BL_W200_T1.7_D30,132852,76,0.260
BL_W200_T1.7_D30,133391,74,0.126
BL_W200_T1.7_D30,133930,73,0.050
BL_W200_T2.0_D2,124947,102,1.200
BL_W200_T2.0_D2,125497,101,1.200
BL_W200_T2.0_D2,125992,99,1.200
BL_W200_T2.0_D2,126482,97,1.140
BL_W200_T2.0_D2,127021,95,1.060
BL_W200_T2.0_D2,127560,93,0.980
BL_W200_T2.0_D2,128050,92,0.900
BL_W200_T2.0_D2,128589,90,0.820
BL_W200_T2.0_D2,129128,88,0.740
BL_W200_T2.0_D2,129667,86,0.660
BL_W200_T2.0_D2,130206,84,0.580
BL_W200_T2.0_D2,130794,82,0.500
BL_W200_T2.0_D2,131333,81,0.420
BL_W200_T2.0_D2,131823,79,0.340
BL_W200_T2.0_D2,132362,78,0.260
BL_W200_T2.0_D2,132901,76,0.126
BL_W200_T2.0_D2,133440,74,0.050
BL_W200_T2.0_D4,124947,102,1.200
BL_W200_T2.0_D4,125497,101,1.200
BL_W200_T2.0_D4,125992,99,1.200
BL_W200_T2.0_D4,126482,97,1.140
BL_W200_T2.0_D4,127021,95,1.060
BL_W200_T2.0_D4,127560,93,0.980
BL_W200_T2.0_D4,128050,92,0.900
BL_W200_T2.0_D4,128589,90,0.820
BL_W200_T2.0_D4,129128,88,0.740
BL_W200_T2.0_D4,129667,86,0.660
BL_W200_T2.0_D4,130206,84,0.580
BL_W200_T2.0_D4,130794,82,0.500
BL_W200_T2.0_D4,131333,81,0.420
BL_W200_T2.0_D4,131823,79,0.340
BL_W200_T2.0_D4,132362,78,0.260
BL_W200_T2.0_D4,132901,76,0.126
BL_W200_T2.0_D4,133440,74,0.050
BL_W200_T2.0_D6,124947,102,1.200
BL_W200_T2.0_D6,125497,101,1.200
BL_W200_T2.0_D6,125992,99,1.200
BL_W200_T2.0_D6,126482,97,1.140
BL_W200_T2.0_D6,127021,95,1.060
BL_W200_T2.0_D6,127560,93,0.980
BL_W200_T2.0_D6,128050,92,0.900
BL_W200_T2.0_D6,128589,90,0.820
BL_W200_T2.0_D6,129128,88,0.740
BL_W200_T2.0_D6,129667,86,0.660
BL_W200_T2.0_D6,130206,84,0.580
BL_W200_T2.0_D6,130794,82,0.500
BL_W200_T2.0_D6,131333,81,0.420
BL_W200_T2.0_D6,131823,79,0.340
BL_W200_T2.0_D6,132362,78,0.260
BL_W200_T2.0_D6,132901,76,0.126
BL_W200_T2.0_D6,133440,74,0.050
BL_W200_T2.0_D8,124947,102,1.200
BL_W200_T2.0_D8,125447,101,1.200
BL_W200_T2.0_D8,125992,99,1.200
BL_W200_T2.0_D8,126482,97,1.140
BL_W200_T2.0_D8,127021,95,1.060
BL_W200_T2.0_D8,127560,93,0.980
BL_W200_T2.0_D8,128050,92,0.900
BL_W200_T2.0_D8,128589,90,0.820
BL_W200_T2.0_D8,129128,88,0.740
BL_W200_T2.0_D8,129667,86,0.660
BL_W200_T2.0_D8,130206,84,0.580
BL_W200_T2.0_D8,130794,82,0.500
BL_W200_T2.0_D8,131333,81,0.420
BL_W200_T2.0_D8,131823,79,0.340
BL_W200_T2.0_D8,132362,78,0.260
BL_W200_T2.0_D8,132901,76,0.126
BL_W200_T2.0_D8,133440,74,0.050
BL_W200_T2.0_D10,124947,102,1.200
BL_W200_T2.0_D10,125497,101,1.200
BL_W200_T2.0_D10,125943,99,1.200
BL_W200_T2.0_D10,126482,97,1.140
BL_W200_T2.0_D10,127021,95,1.060
BL_W200_T2.0_D10,127560,93,0.980
BL_W200_T2.0_D10,128050,92,0.900
BL_W200_T2.0_D10,128589,90,0.820
BL_W200_T2.0_D10,129128,88,0.740
BL_W200_T2.0_D10,129667,86,0.660
BL_W200_T2.0_D10,130206,84,0.580
BL_W200_T2.0_D10,130794,82,0.500
BL_W200_T2.0_D10,131333,81,0.420
BL_W200_T2.0_D10,131823,79,0.340
BL_W200_T2.0_D10,132362,78,0.260
BL_W200_T2.0_D10,132901,76,0.126
BL_W200_T2.0_D10,133440,74,0.050
BL_W200_T2.0_D15,124947,102,1.200
BL_W200_T2.0_D15,125497,101,1.200
BL_W200_T2.0_D15,125992,99,1.200
BL_W200_T2.0_D15,126482,97,1.140
BL_W200_T2.0_D15,127021,95,1.060
BL_W200_T2.0_D15,127560,93,0.980
BL_W200_T2.0_D15,128050,92,0.900
BL_W200_T2.0_D15,128589,90,0.820
BL_W200_T2.0_D15,129128,88,0.740
BL_W200_T2.0_D15,129667,86,0.660
BL_W200_T2.0_D15,130206,84,0.580
BL_W200_T2.0_D15,130794,82,0.500
BL_W200_T2.0_D15,131333,81,0.420
BL_W200_T2.0_D15,131823,79,0.340
BL_W200_T2.0_D15,132362,78,0.260
BL_W200_T2.0_D15,132901,76,0.126
BL_W200_T2.0_D15,133440,74,0.050
BL_W200_T2.0_D20,125992,99,1.200
BL_W200_T2.0_D20,126482,97,1.140
BL_W200_T2.0_D20,127021,95,1.060
BL_W200_T2.0_D20,127560,93,0.980
BL_W200_T2.0_D20,128050,92,0.900
BL_W200_T2.0_D20,128589,90,0.820
BL_W200_T2.0_D20,129128,88,0.740
BL_W200_T2.0_D20,129667,86,0.660
BL_W200_T2.0_D20,130206,84,0.580
BL_W200_T2.0_D20,130794,82,0.500
BL_W200_T2.0_D20,131333,81,0.420
BL_W200_T2.0_D20,131823,79,0.340
BL_W200_T2.0_D20,132362,78,0.260
BL_W200_T2.0_D20,132901,76,0.126
BL_W200_T2.0_D20,133440,74,0.050
BL_W200_T2.0_D20,124997,102,0.010
BL_W200_T2.0_D25,126482,97,1.140
BL_W200_T2.0_D25,127021,95,1.060
BL_W200_T2.0_D25,127560,93,0.980
BL_W200_T2.0_D25,128050,92,0.900
BL_W200_T2.0_D25,128589,90,0.820
BL_W200_T2.0_D25,129128,88,0.740
BL_W200_T2.0_D25,129667,86,0.660
BL_W200_T2.0_D25,130206,84,0.580
BL_W200_T2.0_D25,130745,82,0.500
BL_W200_T2.0_D25,131284,81,0.420
BL_W200_T2.0_D25,131823,79,0.340
BL_W200_T2.0_D25,132362,78,0.260
BL_W200_T2.0_D25,132901,76,0.126
BL_W200_T2.0_D25,133440,74,0.050
BL_W200_T2.0_D25,124997,102,0.010
BL_W200_T2.0_D30,126531,97,1.200
BL_W200_T2.0_D30,127021,95,1.140
BL_W200_T2.0_D30,127560,93,1.060
BL_W200_T2.0_D30,128050,92,0.980
BL_W200_T2.0_D30,128589,90,0.900
BL_W200_T2.0_D30,129128,88,0.820
BL_W200_T2.0_D30,129667,86,0.740
BL_W200_T2.0_D30,130206,84,0.660
BL_W200_T2.0_D30,130745,82,0.580
BL_W200_T2.0_D30,131284,81,0.500
BL_W200_T2.0_D30,131823,79,0.420
BL_W200_T2.0_D30,132362,78,0.340
BL_W200_T2.0_D30,132852,76,0.260
BL_W200_T2.0_D30,133391,74,0.126
BL_W200_T2.0_D30,133930,73,0.050
BL_W200_T2.2_D2,125992,99,0.820
BL_W200_T2.2_D2,126482,97,0.740
BL_W200_T2.2_D2,127021,95,0.660
BL_W200_T2.2_D2,127560,93,0.580
BL_W200_T2.2_D2,128099,92,0.500
BL_W200_T2.2_D2,128638,90,0.420
BL_W200_T2.2_D2,129128,88,0.340
BL_W200_T2.2_D2,129667,86,0.260
BL_W200_T2.2_D2,131872,79,0.260
BL_W200_T2.2_D2,130206,84,0.126
BL_W200_T2.2_D2,132411,78,0.126
BL_W200_T2.2_D2,132901,76,0.050
BL_W200_T2.2_D2,124947,102,0.010
BL_W200_T2.2_D2,130794,82,0.010
BL_W200_T2.2_D4,125992,99,0.820
BL_W200_T2.2_D4,126482,97,0.740
BL_W200_T2.2_D4,127021,95,0.660
BL_W200_T2.2_D4,127560,93,0.580
BL_W200_T2.2_D4,128099,92,0.500
BL_W200_T2.2_D4,128638,90,0.420
BL_W200_T2.2_D4,129128,88,0.340
BL_W200_T2.2_D4,129667,86,0.260
BL_W200_T2.2_D4,131872,79,0.260
BL_W200_T2.2_D4,130206,84,0.126
BL_W200_T2.2_D4,132411,78,0.126
BL_W200_T2.2_D4,132901,76,0.050
BL_W200_T2.2_D4,124947,102,0.010
BL_W200_T2.2_D4,130794,82,0.010
BL_W200_T2.2_D6,125992,99,0.820
BL_W200_T2.2_D6,126482,97,0.740
BL_W200_T2.2_D6,127021,95,0.660
BL_W200_T2.2_D6,127560,93,0.580
BL_W200_T2.2_D6,128099,92,0.500
BL_W200_T2.2_D6,128638,90,0.420
BL_W200_T2.2_D6,129128,88,0.340
BL_W200_T2.2_D6,129667,86,0.260
BL_W200_T2.2_D6,131872,79,0.260
BL_W200_T2.2_D6,130206,84,0.126
BL_W200_T2.2_D6,132411,78,0.126
BL_W200_T2.2_D6,132901,76,0.050
BL_W200_T2.2_D6,124947,102,0.010
BL_W200_T2.2_D6,130794,82,0.010
BL_W200_T2.2_D8,124947,102,0.980
BL_W200_T2.2_D8,125447,101,0.900
BL_W200_T2.2_D8,125992,99,0.820
BL_W200_T2.2_D8,126482,97,0.740
BL_W200_T2.2_D8,127021,95,0.660
BL_W200_T2.2_D8,127560,93,0.580
BL_W200_T2.2_D8,128099,92,0.500
BL_W200_T2.2_D8,128638,90,0.420
BL_W200_T2.2_D8,129128,88,0.340
BL_W200_T2.2_D8,129667,86,0.260
BL_W200_T2.2_D8,131872,79,0.260
BL_W200_T2.2_D8,130206,84,0.126
BL_W200_T2.2_D8,132411,78,0.126
BL_W200_T2.2_D8,132901,76,0.050
BL_W200_T2.2_D8,130794,82,0.010
BL_W200_T2.2_D10,124947,102,0.980
BL_W200_T2.2_D10,125497,101,0.900
BL_W200_T2.2_D10,125943,99,0.820
BL_W200_T2.2_D10,126482,97,0.740
BL_W200_T2.2_D10,127021,95,0.660
BL_W200_T2.2_D10,127560,93,0.580
BL_W200_T2.2_D10,128099,92,0.500
BL_W200_T2.2_D10,128638,90,0.420
BL_W200_T2.2_D10,129128,88,0.340
BL_W200_T2.2_D10,129667,86,0.260
BL_W200_T2.2_D10,131872,79,0.260
BL_W200_T2.2_D10,130206,84,0.126
BL_W200_T2.2_D10,132411,78,0.126
BL_W200_T2.2_D10,132901,76,0.050
BL_W200_T2.2_D10,130794,82,0.010
BL_W200_T2.2_D15,124947,102,0.980
BL_W200_T2.2_D15,125497,101,0.900
BL_W200_T2.2_D15,125992,99,0.820
BL_W200_T2.2_D15,126482,97,0.740
BL_W200_T2.2_D15,127021,95,0.660
BL_W200_T2.2_D15,127560,93,0.580
BL_W200_T2.2_D15,128050,92,0.500
BL_W200_T2.2_D15,128638,90,0.420
BL_W200_T2.2_D15,129128,88,0.340
BL_W200_T2.2_D15,129667,86,0.260
BL_W200_T2.2_D15,131872,79,0.260
BL_W200_T2.2_D15,130206,84,0.126
BL_W200_T2.2_D15,132411,78,0.126
BL_W200_T2.2_D15,132901,76,0.050
BL_W200_T2.2_D15,130794,82,0.010
BL_W200_T2.2_D20,125992,99,0.820
BL_W200_T2.2_D20,126482,97,0.740
BL_W200_T2.2_D20,127021,95,0.660
BL_W200_T2.2_D20,127560,93,0.580
BL_W200_T2.2_D20,128050,92,0.500
BL_W200_T2.2_D20,128589,90,0.420
BL_W200_T2.2_D20,129128,88,0.340
BL_W200_T2.2_D20,129667,86,0.260
BL_W200_T2.2_D20,131872,79,0.260
BL_W200_T2.2_D20,130206,84,0.126
BL_W200_T2.2_D20,132411,78,0.126
BL_W200_T2.2_D20,132901,76,0.050
BL_W200_T2.2_D20,124997,102,0.010
BL_W200_T2.2_D20,130794,82,0.010
BL_W200_T2.2_D25,126482,97,1.060
BL_W200_T2.2_D25,127021,95,0.980
BL_W200_T2.2_D25,127560,93,0.900
BL_W200_T2.2_D25,128050,92,0.820
BL_W200_T2.2_D25,128589,90,0.740
BL_W200_T2.2_D25,129128,88,0.660
BL_W200_T2.2_D25,129667,86,0.580
BL_W200_T2.2_D25,130206,84,0.500
BL_W200_T2.2_D25,130745,82,0.420
BL_W200_T2.2_D25,131284,81,0.340
BL_W200_T2.2_D25,131823,79,0.260
BL_W200_T2.2_D25,132411,78,0.126
BL_W200_T2.2_D25,132901,76,0.050
BL_W200_T2.2_D25,124997,102,0.010
BL_W200_T2.2_D30,126531,97,1.200
BL_W200_T2.2_D30,127021,95,1.140
BL_W200_T2.2_D30,127560,93,1.060
BL_W200_T2.2_D30,128050,92,0.980
BL_W200_T2.2_D30,128589,90,0.900
BL_W200_T2.2_D30,129128,88,0.820
BL_W200_T2.2_D30,129667,86,0.740
BL_W200_T2.2_D30,130206,84,0.660
BL_W200_T2.2_D30,130745,82,0.580
BL_W200_T2.2_D30,131284,81,0.500
BL_W200_T2.2_D30,131823,79,0.420
BL_W200_T2.2_D30,132362,78,0.340
BL_W200_T2.2_D30,132852,76,0.260
BL_W200_T2.2_D30,133391,74,0.126
BL_W200_T2.2_D30,133930,73,0.050
BL_W200_T2.4_D2,125992,99,0.740
BL_W200_T2.4_D2,126482,97,0.660
BL_W200_T2.4_D2,127021,95,0.580
BL_W200_T2.4_D2,127609,93,0.500
BL_W200_T2.4_D2,128099,92,0.420
BL_W200_T2.4_D2,128638,90,0.340
BL_W200_T2.4_D2,129128,88,0.260
BL_W200_T2.4_D2,129667,86,0.126
BL_W200_T2.4_D2,132901,76,0.050
BL_W200_T2.4_D2,124947,102,0.010
BL_W200_T2.4_D2,130206,84,0.010
BL_W200_T2.4_D2,131872,79,0.010
BL_W200_T2.4_D4,125992,99,0.740
BL_W200_T2.4_D4,126482,97,0.660
BL_W200_T2.4_D4,127021,95,0.580
BL_W200_T2.4_D4,127609,93,0.500
BL_W200_T2.4_D4,128099,92,0.420
BL_W200_T2.4_D4,128638,90,0.340
BL_W200_T2.4_D4,129128,88,0.260
BL_W200_T2.4_D4,129667,86,0.126
BL_W200_T2.4_D4,132901,76,0.050
BL_W200_T2.4_D4,124947,102,0.010
BL_W200_T2.4_D4,130206,84,0.010
BL_W200_T2.4_D4,131872,79,0.010
BL_W200_T2.4_D6,125992,99,0.740
BL_W200_T2.4_D6,126482,97,0.660
BL_W200_T2.4_D6,127021,95,0.580
BL_W200_T2.4_D6,127609,93,0.500
BL_W200_T2.4_D6,128099,92,0.420
BL_W200_T2.4_D6,128638,90,0.340
BL_W200_T2.4_D6,129128,88,0.260
BL_W200_T2.4_D6,129667,86,0.126
BL_W200_T2.4_D6,132901,76,0.050
BL_W200_T2.4_D6,124947,102,0.010
BL_W200_T2.4_D6,130206,84,0.010
BL_W200_T2.4_D6,131872,79,0.010
BL_W200_T2.4_D8,124947,102,0.900
BL_W200_T2.4_D8,125447,101,0.820
BL_W200_T2.4_D8,125992,99,0.740
BL_W200_T2.4_D8,126482,97,0.660
BL_W200_T2.4_D8,127021,95,0.580
BL_W200_T2.4_D8,127609,93,0.500
BL_W200_T2.4_D8,128099,92,0.420
BL_W200_T2.4_D8,128638,90,0.340
BL_W200_T2.4_D8,129128,88,0.260
BL_W200_T2.4_D8,129667,86,0.126
BL_W200_T2.4_D8,132901,76,0.050
BL_W200_T2.4_D8,130206,84,0.010
BL_W200_T2.4_D8,131872,79,0.010
BL_W200_T2.4_D10,124947,102,0.900
BL_W200_T2.4_D10,125497,101,0.820
BL_W200_T2.4_D10,125943,99,0.740
BL_W200_T2.4_D10,126482,97,0.660
BL_W200_T2.4_D10,127021,95,0.580
BL_W200_T2.4_D10,127609,93,0.500
BL_W200_T2.4_D10,128099,92,0.420
BL_W200_T2.4_D10,128638,90,0.340
BL_W200_T2.4_D10,129128,88,0.260
BL_W200_T2.4_D10,129667,86,0.126
BL_W200_T2.4_D10,132901,76,0.050
BL_W200_T2.4_D10,130206,84,0.010
BL_W200_T2.4_D10,131872,79,0.010
BL_W200_T2.4_D15,124947,102,0.900
BL_W200_T2.4_D15,125497,101,0.820
BL_W200_T2.4_D15,125992,99,0.740
BL_W200_T2.4_D15,126482,97,0.660
BL_W200_T2.4_D15,127021,95,0.580
BL_W200_T2.4_D15,127560,93,0.500
BL_W200_T2.4_D15,128050,92,0.420
BL_W200_T2.4_D15,128638,90,0.340
BL_W200_T2.4_D15,129128,88,0.260
BL_W200_T2.4_D15,129667,86,0.126
BL_W200_T2.4_D15,132901,76,0.050
BL_W200_T2.4_D15,130206,84,0.010
BL_W200_T2.4_D15,131872,79,0.010
BL_W200_T2.4_D20,125992,99,0.740
BL_W200_T2.4_D20,126482,97,0.660
BL_W200_T2.4_D20,127021,95,0.580
BL_W200_T2.4_D20,127560,93,0.500
BL_W200_T2.4_D20,128050,92,0.420
BL_W200_T2.4_D20,128589,90,0.340
BL_W200_T2.4_D20,129128,88,0.260
BL_W200_T2.4_D20,129667,86,0.126
BL_W200_T2.4_D20,132901,76,0.050
BL_W200_T2.4_D20,124997,102,0.010
BL_W200_T2.4_D20,130206,84,0.010
BL_W200_T2.4_D20,131872,79,0.010
BL_W200_T2.4_D25,126482,97,0.900
BL_W200_T2.4_D25,127021,95,0.820
BL_W200_T2.4_D25,127560,93,0.740
BL_W200_T2.4_D25,128050,92,0.660
BL_W200_T2.4_D25,128589,90,0.580
BL_W200_T2.4_D25,129128,88,0.500
BL_W200_T2.4_D25,129667,86,0.420
BL_W200_T2.4_D25,130206,84,0.340
BL_W200_T2.4_D25,130745,82,0.260
BL_W200_T2.4_D25,131284,81,0.126
BL_W200_T2.4_D25,132901,76,0.050
BL_W200_T2.4_D25,124997,102,0.010
BL_W200_T2.4_D25,131823,79,0.010
BL_W200_T2.4_D30,126531,97,1.200
BL_W200_T2.4_D30,127021,95,1.140
BL_W200_T2.4_D30,127560,93,1.060
BL_W200_T2.4_D30,128050,92,0.980
BL_W200_T2.4_D30,128589,90,0.900
BL_W200_T2.4_D30,129128,88,0.820
BL_W200_T2.4_D30,129667,86,0.740
BL_W200_T2.4_D30,130206,84,0.660
BL_W200_T2.4_D30,130745,82,0.580
BL_W200_T2.4_D30,131284,81,0.500
BL_W200_T2.4_D30,131823,79,0.420
BL_W200_T2.4_D30,132362,78,0.340
BL_W200_T2.4_D30,132852,76,0.260
BL_W200_T2.4_D30,133391,74,0.126
BL_W200_T2.4_D30,133930,73,0.050
BL_W200_T2.7_D2,125992,99,0.260
BL_W200_T2.7_D2,126531,97,0.126
BL_W200_T2.7_D2,129716,86,0.126
BL_W200_T2.7_D2,130255,84,0.050
BL_W200_T2.7_D2,124947,102,0.010
BL_W200_T2.7_D2,127021,95,0.010
BL_W200_T2.7_D2,128099,92,0.010
BL_W200_T2.7_D4,125992,99,0.260
BL_W200_T2.7_D4,126531,97,0.126
BL_W200_T2.7_D4,129716,86,0.126
BL_W200_T2.7_D4,130255,84,0.050
BL_W200_T2.7_D4,124947,102,0.010
BL_W200_T2.7_D4,127021,95,0.010
BL_W200_T2.7_D4,128099,92,0.010
BL_W200_T2.7_D6,125992,99,0.260
BL_W200_T2.7_D6,126531,97,0.126
BL_W200_T2.7_D6,129716,86,0.126
BL_W200_T2.7_D6,130255,84,0.050
BL_W200_T2.7_D6,124947,102,0.010
BL_W200_T2.7_D6,127021,95,0.010
BL_W200_T2.7_D6,128099,92,0.010
BL_W200_T2.7_D8,124947,102,0.420
BL_W200_T2.7_D8,125447,101,0.340
BL_W200_T2.7_D8,125992,99,0.260
BL_W200_T2.7_D8,126531,97,0.126
BL_W200_T2.7_D8,129716,86,0.126
BL_W200_T2.7_D8,130255,84,0.050
BL_W200_T2.7_D8,127021,95,0.010
BL_W200_T2.7_D8,128099,92,0.010
BL_W200_T2.7_D10,124947,102,0.420
BL_W200_T2.7_D10,125497,101,0.340
BL_W200_T2.7_D10,125943,99,0.260
BL_W200_T2.7_D10,126482,97,0.126
BL_W200_T2.7_D10,129716,86,0.126
BL_W200_T2.7_D10,130255,84,0.050
BL_W200_T2.7_D10,127021,95,0.010
BL_W200_T2.7_D10,128099,92,0.010
BL_W200_T2.7_D15,124947,102,0.580
BL_W200_T2.7_D15,125497,101,0.500
BL_W200_T2.7_D15,125992,99,0.420
BL_W200_T2.7_D15,126482,97,0.340
BL_W200_T2.7_D15,127021,95,0.260
BL_W200_T2.7_D15,127560,93,0.126
BL_W200_T2.7_D15,129716,86,0.126
BL_W200_T2.7_D15,130255,84,0.050
BL_W200_T2.7_D15,128050,92,0.010
BL_W200_T2.7_D20,125992,99,0.740
BL_W200_T2.7_D20,126482,97,0.660
BL_W200_T2.7_D20,127021,95,0.580
BL_W200_T2.7_D20,127560,93,0.500
BL_W200_T2.7_D20,128050,92,0.420
BL_W200_T2.7_D20,128589,90,0.340
BL_W200_T2.7_D20,129128,88,0.260
BL_W200_T2.7_D20,129667,86,0.126
BL_W200_T2.7_D20,130255,84,0.050
BL_W200_T2.7_D20,124997,102,0.010
BL_W200_T2.7_D25,126482,97,0.900
BL_W200_T2.7_D25,127021,95,0.820
BL_W200_T2.7_D25,127560,93,0.740
BL_W200_T2.7_D25,128050,92,0.660
BL_W200_T2.7_D25,128589,90,0.580
BL_W200_T2.7_D25,129128,88,0.500
BL_W200_T2.7_D25,129667,86,0.420
BL_W200_T2.7_D25,130206,84,0.340
BL_W200_T2.7_D25,130745,82,0.260
BL_W200_T2.7_D25,131284,81,0.126
BL_W200_T2.7_D25,131823,79,0.050
BL_W200_T2.7_D25,124997,102,0.010
BL_W200_T2.7_D30,126531,97,1.200
BL_W200_T2.7_D30,127021,95,1.140
BL_W200_T2.7_D30,127560,93,1.060
BL_W200_T2.7_D30,128050,92,0.980
BL_W200_T2.7_D30,128589,90,0.900
BL_W200_T2.7_D30,129128,88,0.820
BL_W200_T2.7_D30,129667,86,0.740
BL_W200_T2.7_D30,130206,84,0.660
BL_W200_T2.7_D30,130745,82,0.580
BL_W200_T2.7_D30,131284,81,0.500
BL_W200_T2.7_D30,131823,79,0.420
BL_W200_T2.7_D30,132362,78,0.340
BL_W200_T2.7_D30,132852,76,0.260
BL_W200_T2.7_D30,133391,74,0.126
BL_W200_T2.7_D30,133930,73,0.050
BL_W200_T3.0_D2,126531,97,0.126
BL_W200_T3.0_D2,128099,92,0.050
BL_W200_T3.0_D2,124997,102,0.010
BL_W200_T3.0_D2,127021,95,0.010
BL_W200_T3.0_D4,126531,97,0.126
BL_W200_T3.0_D4,128099,92,0.050
BL_W200_T3.0_D4,124997,102,0.010
BL_W200_T3.0_D4,127021,95,0.010
BL_W200_T3.0_D6,126531,97,0.126
BL_W200_T3.0_D6,128099,92,0.050
BL_W200_T3.0_D6,124997,102,0.010
BL_W200_T3.0_D6,127021,95,0.010
BL_W200_T3.0_D8,124947,102,0.126
BL_W200_T3.0_D8,126531,97,0.126
BL_W200_T3.0_D8,128099,92,0.050
BL_W200_T3.0_D8,125447,101,0.010
BL_W200_T3.0_D8,127021,95,0.010
BL_W200_T3.0_D10,124947,102,0.420
BL_W200_T3.0_D10,125497,101,0.340
BL_W200_T3.0_D10,125943,99,0.260
BL_W200_T3.0_D10,126482,97,0.126
BL_W200_T3.0_D10,128099,92,0.050
BL_W200_T3.0_D10,127021,95,0.010
BL_W200_T3.0_D15,124947,102,0.580
BL_W200_T3.0_D15,125497,101,0.500
BL_W200_T3.0_D15,125992,99,0.420
BL_W200_T3.0_D15,126482,97,0.340
BL_W200_T3.0_D15,127021,95,0.260
BL_W200_T3.0_D15,127560,93,0.126
BL_W200_T3.0_D15,128050,92,0.050
BL_W200_T3.0_D20,125992,99,0.660
BL_W200_T3.0_D20,126482,97,0.580
BL_W200_T3.0_D20,127021,95,0.500
BL_W200_T3.0_D20,127560,93,0.420
BL_W200_T3.0_D20,128050,92,0.340
BL_W200_T3.0_D20,128589,90,0.260
BL_W200_T3.0_D20,129128,88,0.126
BL_W200_T3.0_D20,129667,86,0.050
BL_W200_T3.0_D20,124997,102,0.010
BL_W200_T3.0_D25,126482,97,0.900
BL_W200_T3.0_D25,127021,95,0.820
BL_W200_T3.0_D25,127560,93,0.740
BL_W200_T3.0_D25,128050,92,0.660
BL_W200_T3.0_D25,128589,90,0.580
BL_W200_T3.0_D25,129128,88,0.500
BL_W200_T3.0_D25,129667,86,0.420
BL_W200_T3.0_D25,130206,84,0.340
BL_W200_T3.0_D25,130745,82,0.260
BL_W200_T3.0_D25,131284,81,0.126
BL_W200_T3.0_D25,131823,79,0.050
BL_W200_T3.0_D25,124997,102,0.010
BL_W200_T3.0_D30,126531,97,1.200
BL_W200_T3.0_D30,127021,95,1.140
BL_W200_T3.0_D30,127560,93,1.060
BL_W200_T3.0_D30,128050,92,0.980
BL_W200_T3.0_D30,128589,90,0.900
BL_W200_T3.0_D30,129128,88,0.820
BL_W200_T3.0_D30,129667,86,0.740
BL_W200_T3.0_D30,130206,84,0.660
BL_W200_T3.0_D30,130745,82,0.580
BL_W200_T3.0_D30,131284,81,0.500
BL_W200_T3.0_D30,131823,79,0.420
BL_W200_T3.0_D30,132362,78,0.340
BL_W200_T3.0_D30,132852,76,0.260
BL_W200_T3.0_D30,133391,74,0.126
BL_W200_T3.0_D30,133930,73,0.050
Ensemble,0,98,0
OscSys,0,-1,0
OscMAP,0,102,0
OscDia,0,-1,0
EstDia,0,103,0
BPM,0,112,0
#SUMMARY_END
