=== Blood Pressure Measurement Report - Run #1 ===

Baseline HR: 57.6 BPM
Valid interval: 510-1500 ms

*** ENSEMBLE RESULT ***
Ensemble Systolic: 117 mmHg
Confidence: 0.069
95% CI: [115 - 119] mmHg
Agreement: 11407/2000 detectors

MAP: 109 mmHg
Est. Diastolic: 105 mmHg
Oscillometric MAP Systolic: 131 mmHg
Oscillometric MAP Diastolic: 106 mmHg

--- DETECTOR PERFORMANCE SUMMARY ---

Detector                           Best        Conf         | Rank  Best        Error       
-----------------------------------------------------------------------------------------------
BL_W10_T1.2_D4                     135         1.060        | 1114  135         8.1         
BL_W10_T1.8_D6                     135         1.060        | 1009  135         7.6         
BL_W10_T1.8_D4                     135         1.060        | 1138  135         8.1         
BL_W10_T1.8_D2                     134         1.060        | 747   134         6.8         
BL_W10_T1.6_D6                     135         1.060        | 995   135         7.6         
BL_W10_T1.6_D4                     135         1.060        | 1139  135         8.1         
BL_W10_T1.6_D2                     135         1.060        | 1140  135         8.1         
BL_W10_T1.4_D6                     135         1.060        | 1015  135         7.6         
BL_W10_T1.4_D4                     135         1.060        | 1141  135         8.1         
BL_W10_T1.4_D2                     135         1.060        | 1143  135         8.4         
BL_W10_T1.2_D6                     135         1.060        | 965   135         7.6         
BL_W10_T1.2_D30                    128         0.980        | 110   128         1.3         
BL_W10_T1.8_D30                    128         0.980        | 101   128         1.3         
BL_W10_T1.8_D25                    129         0.980        | 369   129         1.7         
BL_W10_T1.8_D20                    129         0.980        | 370   129         1.7         
BL_W10_T1.8_D15                    129         0.980        | 494   129         2.3         
BL_W10_T1.8_D10                    129         0.980        | 492   129         2.3         
BL_W10_T1.8_D8                     129         0.980        | 509   129         2.5         
BL_W10_T1.2_D8                     129         0.980        | 508   129         2.5         
BL_W10_T1.6_D30                    128         0.980        | 104   128         1.3         
BL_W10_T1.6_D25                    129         0.980        | 427   129         1.7         
BL_W10_T1.6_D20                    129         0.980        | 428   129         1.7         
BL_W10_T1.6_D15                    129         0.980        | 497   129         2.3         
BL_W10_T1.6_D10                    129         0.980        | 496   129         2.3         
BL_W10_T1.2_D10                    129         0.980        | 489   129         2.3         
BL_W10_T1.2_D25                    129         0.980        | 412   129         1.7         
BL_W10_T1.4_D8                     129         0.980        | 503   129         2.5         
BL_W10_T1.4_D10                    129         0.980        | 495   129         2.3         
BL_W10_T1.4_D15                    129         0.980        | 491   129         2.3         
BL_W10_T1.4_D20                    129         0.980        | 401   129         1.7         
BL_W10_T1.6_D8                     129         0.980        | 505   129         2.5         
BL_W10_T1.4_D30                    128         0.980        | 91    128         1.3         
BL_W10_T1.2_D20                    129         0.980        | 413   129         1.7         
BL_W10_T1.2_D15                    129         0.980        | 490   129         2.3         
BL_W10_T1.4_D25                    129         0.980        | 400   129         1.7         
BL_W10_T1.6_D40                    125         0.900        | 482   125         2.1         
BL_W10_T1.4_D40                    125         0.900        | 475   125         2.1         
BL_W10_T1.2_D40                    125         0.900        | 469   125         2.1         
BL_W10_T1.8_D40                    125         0.900        | 485   125         2.1         
BL_W10_T1.2_D2                     136         0.900        | 1144  136         9.0         
BL_W130_T1.2_D30                   109         0.660        | 1361  109         18.1        
BL_W130_T1.2_D25                   109         0.660        | 1362  109         18.1        
BL_W130_T1.2_D20                   109         0.660        | 1354  109         18.1        
BL_W130_T1.2_D15                   109         0.660        | 1364  109         18.1        
BL_W130_T1.2_D10                   109         0.660        | 1365  109         18.1        
BL_W130_T1.2_D8                    109         0.660        | 1366  109         18.1        
BL_W130_T1.2_D6                    109         0.660        | 1367  109         18.1        
BL_W130_T1.2_D4                    109         0.660        | 1368  109         18.1        
BL_W130_T1.2_D2                    109         0.660        | 1369  109         18.1        
BL_W120_T1.4_D40                   108         0.660        | 1636  108         18.6        
BL_W130_T1.2_D40                   109         0.660        | 1360  109         18.1        
BL_W130_T1.4_D2                    109         0.660        | 1359  109         18.1        
BL_W130_T1.4_D4                    109         0.660        | 1358  109         18.1        
BL_W130_T1.4_D6                    109         0.660        | 1357  109         18.1        
BL_W130_T1.4_D8                    109         0.660        | 1356  109         18.1        
BL_W130_T1.4_D10                   109         0.660        | 1355  109         18.1        
BL_W130_T1.4_D15                   109         0.660        | 1363  109         18.1        
BL_W130_T1.4_D20                   109         0.660        | 1389  109         18.1        
BL_W130_T1.4_D25                   109         0.660        | 1388  109         18.1        
BL_W110_T1.4_D30                   108         0.660        | 1621  108         18.6        
BL_W130_T1.4_D30                   109         0.660        | 1387  109         18.1        
BL_W120_T1.2_D30                   109         0.660        | 1406  109         18.1        
BL_W150_T1.4_D2                    109         0.660        | 1258  109         18.1        
BL_W110_T1.4_D40                   108         0.660        | 1622  108         18.6        
BL_W120_T1.2_D2                    109         0.660        | 1398  109         18.1        
BL_W120_T1.2_D4                    109         0.660        | 1390  109         18.1        
BL_W120_T1.2_D6                    109         0.660        | 1400  109         18.1        
BL_W120_T1.2_D8                    109         0.660        | 1401  109         18.1        
BL_W120_T1.2_D10                   109         0.660        | 1402  109         18.1        
BL_W120_T1.2_D15                   109         0.660        | 1403  109         18.1        
BL_W120_T1.2_D20                   109         0.660        | 1404  109         18.1        
BL_W120_T1.2_D25                   109         0.660        | 1405  109         18.1        
BL_W120_T1.4_D30                   108         0.660        | 1637  108         18.6        
BL_W120_T1.2_D40                   109         0.660        | 1407  109         18.1        
BL_W120_T1.4_D2                    108         0.660        | 1623  108         18.6        
BL_W120_T1.4_D4                    108         0.660        | 1624  108         18.6        
BL_W120_T1.4_D6                    108         0.660        | 1625  108         18.6        
BL_W120_T1.4_D8                    108         0.660        | 1626  108         18.6        
BL_W120_T1.4_D10                   108         0.660        | 1640  108         18.6        
BL_W120_T1.4_D15                   108         0.660        | 1497  108         18.6        
BL_W120_T1.4_D20                   108         0.660        | 1639  108         18.6        
BL_W120_T1.4_D25                   108         0.660        | 1638  108         18.6        
BL_W150_T1.2_D4                    109         0.660        | 1269  109         18.1        
BL_W140_T1.6_D4                    108         0.660        | 1643  108         18.6        
BL_W140_T1.6_D6                    108         0.660        | 1642  108         18.6        
BL_W140_T1.6_D8                    108         0.660        | 1602  108         18.6        
BL_W140_T1.6_D10                   108         0.660        | 1588  108         18.6        
BL_W140_T1.6_D15                   108         0.660        | 1587  108         18.6        
BL_W140_T1.6_D20                   108         0.660        | 1586  108         18.6        
BL_W140_T1.6_D25                   108         0.660        | 1585  108         18.6        
BL_W140_T1.6_D30                   108         0.660        | 1584  108         18.6        
BL_W140_T1.6_D40                   108         0.660        | 1583  108         18.6        
BL_W150_T1.2_D2                    109         0.660        | 1270  109         18.1        
BL_W140_T1.6_D2                    108         0.660        | 1644  108         18.6        
BL_W150_T1.2_D6                    109         0.660        | 1268  109         18.1        
BL_W150_T1.2_D8                    109         0.660        | 1255  109         18.1        
BL_W150_T1.2_D10                   109         0.660        | 1266  109         18.1        
BL_W150_T1.2_D15                   109         0.660        | 1263  109         18.1        
BL_W150_T1.2_D20                   109         0.660        | 1262  109         18.1        
BL_W150_T1.2_D25                   109         0.660        | 1261  109         18.1        
BL_W150_T1.2_D30                   109         0.660        | 1260  109         18.1        
BL_W150_T1.2_D40                   109         0.660        | 1259  109         18.1        
BL_W50_T1.2_D2                     108         0.660        | 1554  108         18.6        
BL_W140_T1.4_D2                    109         0.660        | 1455  109         18.1        
BL_W140_T1.2_D2                    109         0.660        | 1454  109         18.1        
BL_W140_T1.2_D4                    109         0.660        | 1441  109         18.1        
BL_W140_T1.2_D6                    109         0.660        | 1440  109         18.1        
BL_W140_T1.2_D8                    109         0.660        | 1439  109         18.1        
BL_W140_T1.2_D10                   109         0.660        | 1426  109         18.1        
BL_W140_T1.2_D15                   109         0.660        | 1435  109         18.1        
BL_W140_T1.2_D20                   109         0.660        | 1462  109         18.1        
BL_W140_T1.2_D25                   109         0.660        | 1461  109         18.1        
BL_W140_T1.2_D30                   109         0.660        | 1459  109         18.1        
BL_W140_T1.2_D40                   109         0.660        | 1457  109         18.1        
BL_W130_T1.4_D40                   109         0.660        | 1386  109         18.1        
BL_W140_T1.4_D4                    109         0.660        | 1453  109         18.1        
BL_W140_T1.4_D6                    109         0.660        | 1452  109         18.1        
BL_W140_T1.4_D8                    109         0.660        | 1451  109         18.1        
BL_W140_T1.4_D10                   109         0.660        | 1450  109         18.1        
BL_W140_T1.4_D15                   109         0.660        | 1449  109         18.1        
BL_W140_T1.4_D20                   109         0.660        | 1448  109         18.1        
BL_W140_T1.4_D25                   109         0.660        | 1447  109         18.1        
BL_W140_T1.4_D30                   109         0.660        | 1446  109         18.1        
BL_W140_T1.4_D40                   109         0.660        | 1445  109         18.1        
BL_W90_T1.2_D8                     108         0.660        | 1567  108         18.6        
BL_W80_T1.2_D6                     108         0.660        | 1668  108         18.6        
BL_W80_T1.2_D8                     108         0.660        | 1590  108         18.6        
BL_W80_T1.2_D10                    108         0.660        | 1591  108         18.6        
BL_W80_T1.2_D15                    108         0.660        | 1592  108         18.6        
BL_W80_T1.2_D20                    108         0.660        | 1593  108         18.6        
BL_W80_T1.2_D25                    108         0.660        | 1594  108         18.6        
BL_W80_T1.2_D30                    108         0.660        | 1595  108         18.6        
BL_W80_T1.2_D40                    108         0.660        | 1596  108         18.6        
BL_W90_T1.2_D4                     108         0.660        | 1565  108         18.6        
BL_W90_T1.2_D6                     108         0.660        | 1566  108         18.6        
BL_W80_T1.2_D4                     108         0.660        | 1669  108         18.6        
BL_W90_T1.2_D10                    108         0.660        | 1568  108         18.6        
BL_W90_T1.2_D15                    108         0.660        | 1569  108         18.6        
BL_W90_T1.2_D20                    108         0.660        | 1570  108         18.6        
BL_W90_T1.2_D25                    108         0.660        | 1571  108         18.6        
BL_W90_T1.2_D30                    108         0.660        | 1572  108         18.6        
BL_W90_T1.2_D40                    108         0.660        | 1573  108         18.6        
BL_W90_T1.4_D4                     108         0.660        | 1574  108         18.6        
BL_W90_T1.4_D6                     108         0.660        | 1575  108         18.6        
BL_W90_T1.4_D8                     108         0.660        | 1563  108         18.6        
BL_W70_T1.2_D2                     108         0.660        | 1485  108         18.6        
BL_W110_T1.2_D2                    109         0.660        | 1373  109         18.1        
BL_W50_T1.2_D4                     108         0.660        | 1553  108         18.6        
BL_W50_T1.2_D6                     108         0.660        | 1552  108         18.6        
BL_W50_T1.2_D8                     108         0.660        | 1551  108         18.6        
BL_W50_T1.2_D10                    108         0.660        | 1550  108         18.6        
BL_W50_T1.2_D15                    108         0.660        | 1535  108         18.6        
BL_W50_T1.2_D20                    108         0.660        | 1548  108         18.6        
BL_W50_T1.2_D25                    108         0.660        | 1547  108         18.6        
BL_W50_T1.2_D30                    108         0.660        | 1546  108         18.6        
BL_W50_T1.2_D40                    108         0.660        | 1545  108         18.6        
BL_W90_T1.4_D10                    108         0.660        | 1654  108         18.6        
BL_W70_T1.2_D4                     108         0.660        | 1486  108         18.6        
BL_W70_T1.2_D6                     108         0.660        | 1487  108         18.6        
BL_W70_T1.2_D8                     108         0.660        | 1488  108         18.6        
BL_W70_T1.2_D10                    108         0.660        | 1489  108         18.6        
BL_W70_T1.2_D15                    108         0.660        | 1490  108         18.6        
BL_W70_T1.2_D20                    108         0.660        | 1577  108         18.6        
BL_W70_T1.2_D25                    108         0.660        | 1691  108         18.6        
BL_W70_T1.2_D30                    108         0.660        | 1690  108         18.6        
BL_W70_T1.2_D40                    108         0.660        | 1689  108         18.6        
BL_W110_T1.2_D25                   109         0.660        | 1380  109         18.1        
BL_W100_T1.4_D20                   108         0.660        | 1651  108         18.6        
BL_W100_T1.4_D25                   108         0.660        | 1652  108         18.6        
BL_W100_T1.4_D30                   108         0.660        | 1653  108         18.6        
BL_W100_T1.4_D40                   108         0.660        | 1641  108         18.6        
BL_W110_T1.2_D4                    109         0.660        | 1374  109         18.1        
BL_W110_T1.2_D6                    109         0.660        | 1375  109         18.1        
BL_W110_T1.2_D8                    109         0.660        | 1376  109         18.1        
BL_W110_T1.2_D10                   109         0.660        | 1377  109         18.1        
BL_W110_T1.2_D15                   109         0.660        | 1378  109         18.1        
BL_W110_T1.2_D20                   109         0.660        | 1379  109         18.1        
BL_W100_T1.4_D15                   108         0.660        | 1650  108         18.6        
BL_W110_T1.2_D30                   109         0.660        | 1372  109         18.1        
BL_W110_T1.2_D40                   109         0.660        | 1382  109         18.1        
BL_W110_T1.4_D2                    108         0.660        | 1655  108         18.6        
BL_W110_T1.4_D4                    108         0.660        | 1656  108         18.6        
BL_W110_T1.4_D6                    108         0.660        | 1628  108         18.6        
BL_W110_T1.4_D8                    108         0.660        | 1616  108         18.6        
BL_W110_T1.4_D10                   108         0.660        | 1617  108         18.6        
BL_W110_T1.4_D15                   108         0.660        | 1618  108         18.6        
BL_W110_T1.4_D20                   108         0.660        | 1619  108         18.6        
BL_W100_T1.2_D15                   109         0.660        | 1442  109         18.1        
BL_W90_T1.4_D15                    108         0.660        | 1578  108         18.6        
BL_W90_T1.4_D20                    108         0.660        | 1579  108         18.6        
BL_W90_T1.4_D25                    108         0.660        | 1580  108         18.6        
BL_W90_T1.4_D30                    108         0.660        | 1581  108         18.6        
BL_W90_T1.4_D40                    108         0.660        | 1582  108         18.6        
BL_W100_T1.2_D2                    109         0.660        | 1438  109         18.1        
BL_W100_T1.2_D4                    109         0.660        | 1433  109         18.1        
BL_W100_T1.2_D6                    109         0.660        | 1432  109         18.1        
BL_W100_T1.2_D8                    109         0.660        | 1431  109         18.1        
BL_W100_T1.2_D10                   109         0.660        | 1430  109         18.1        
BL_W110_T1.4_D25                   108         0.660        | 1620  108         18.6        
BL_W100_T1.2_D20                   109         0.660        | 1443  109         18.1        
BL_W100_T1.2_D25                   109         0.660        | 1474  109         18.1        
BL_W100_T1.2_D30                   109         0.660        | 1463  109         18.1        
BL_W100_T1.2_D40                   109         0.660        | 1475  109         18.1        
BL_W100_T1.4_D2                    108         0.660        | 1645  108         18.6        
BL_W100_T1.4_D4                    108         0.660        | 1646  108         18.6        
BL_W100_T1.4_D6                    108         0.660        | 1647  108         18.6        
BL_W100_T1.4_D8                    108         0.660        | 1648  108         18.6        
BL_W100_T1.4_D10                   108         0.660        | 1649  108         18.6        
BL_W190_T1.2_D25                   109         0.660        | 1464  109         18.1        
BL_W180_T1.6_D25                   109         0.660        | 1253  109         18.1        
BL_W180_T1.6_D30                   109         0.660        | 1267  109         18.1        
BL_W180_T1.6_D40                   109         0.660        | 1277  109         18.1        
BL_W190_T1.2_D2                    109         0.660        | 1246  109         18.1        
BL_W190_T1.2_D4                    109         0.660        | 1247  109         18.1        
BL_W190_T1.2_D6                    109         0.660        | 1248  109         18.1        
BL_W190_T1.2_D8                    109         0.660        | 1249  109         18.1        
BL_W190_T1.2_D10                   109         0.660        | 1250  109         18.1        
BL_W190_T1.2_D15                   109         0.660        | 1251  109         18.1        
BL_W190_T1.2_D20                   109         0.660        | 1276  109         18.1        
BL_W180_T1.6_D20                   109         0.660        | 1244  109         18.1        
BL_W190_T1.2_D30                   109         0.660        | 1417  109         18.1        
BL_W190_T1.2_D40                   109         0.660        | 1465  109         18.1        
BL_W190_T1.4_D2                    109         0.660        | 1466  109         18.1        
BL_W190_T1.4_D4                    109         0.660        | 1467  109         18.1        
BL_W190_T1.4_D6                    109         0.660        | 1468  109         18.1        
BL_W190_T1.4_D8                    109         0.660        | 1469  109         18.1        
BL_W190_T1.4_D10                   109         0.660        | 1470  109         18.1        
BL_W190_T1.4_D15                   109         0.660        | 1471  109         18.1        
BL_W190_T1.4_D20                   109         0.660        | 1472  109         18.1        
BL_W190_T1.4_D25                   109         0.660        | 1473  109         18.1        
BL_W180_T1.4_D20                   109         0.660        | 1316  109         18.1        
BL_W180_T1.2_D20                   109         0.660        | 1326  109         18.1        
BL_W180_T1.2_D25                   109         0.660        | 1317  109         18.1        
BL_W180_T1.2_D30                   109         0.660        | 1318  109         18.1        
BL_W180_T1.2_D40                   109         0.660        | 1319  109         18.1        
BL_W180_T1.4_D2                    109         0.660        | 1320  109         18.1        
BL_W180_T1.4_D4                    109         0.660        | 1321  109         18.1        
BL_W180_T1.4_D6                    109         0.660        | 1322  109         18.1        
BL_W180_T1.4_D8                    109         0.660        | 1323  109         18.1        
BL_W180_T1.4_D10                   109         0.660        | 1324  109         18.1        
BL_W180_T1.4_D15                   109         0.660        | 1325  109         18.1        
BL_W190_T1.4_D30                   109         0.660        | 1437  109         18.1        
BL_W180_T1.4_D25                   109         0.660        | 1327  109         18.1        
BL_W180_T1.4_D30                   109         0.660        | 1328  109         18.1        
BL_W180_T1.4_D40                   109         0.660        | 1329  109         18.1        
BL_W180_T1.6_D2                    109         0.660        | 1330  109         18.1        
BL_W180_T1.6_D4                    109         0.660        | 1331  109         18.1        
BL_W180_T1.6_D6                    109         0.660        | 1332  109         18.1        
BL_W180_T1.6_D8                    109         0.660        | 1333  109         18.1        
BL_W180_T1.6_D10                   109         0.660        | 1334  109         18.1        
BL_W180_T1.6_D15                   109         0.660        | 1345  109         18.1        
BL_W200_T1.6_D2                    109         0.660        | 1423  109         18.1        
BL_W200_T1.4_D2                    109         0.660        | 1413  109         18.1        
BL_W200_T1.4_D4                    109         0.660        | 1414  109         18.1        
BL_W200_T1.4_D6                    109         0.660        | 1415  109         18.1        
BL_W200_T1.4_D8                    109         0.660        | 1416  109         18.1        
BL_W200_T1.4_D10                   109         0.660        | 1408  109         18.1        
BL_W200_T1.4_D15                   109         0.660        | 1418  109         18.1        
BL_W200_T1.4_D20                   109         0.660        | 1419  109         18.1        
BL_W200_T1.4_D25                   109         0.660        | 1420  109         18.1        
BL_W200_T1.4_D30                   109         0.660        | 1421  109         18.1        
BL_W200_T1.4_D40                   109         0.660        | 1422  109         18.1        
BL_W200_T1.2_D40                   109         0.660        | 1412  109         18.1        
BL_W200_T1.6_D4                    109         0.660        | 1424  109         18.1        
BL_W200_T1.6_D6                    109         0.660        | 1399  109         18.1        
BL_W200_T1.6_D8                    109         0.660        | 1391  109         18.1        
BL_W200_T1.6_D10                   109         0.660        | 1392  109         18.1        
BL_W200_T1.6_D15                   109         0.660        | 1393  109         18.1        
BL_W200_T1.6_D20                   109         0.660        | 1394  109         18.1        
BL_W200_T1.6_D25                   109         0.660        | 1395  109         18.1        
BL_W200_T1.6_D30                   109         0.660        | 1396  109         18.1        
BL_W200_T1.6_D40                   109         0.660        | 1397  109         18.1        
BL_W190_T1.6_D40                   109         0.660        | 1444  109         18.1        
BL_W190_T1.4_D40                   109         0.660        | 1252  109         18.1        
BL_W190_T1.6_D2                    109         0.660        | 1436  109         18.1        
BL_W190_T1.6_D4                    109         0.660        | 1425  109         18.1        
BL_W190_T1.6_D6                    109         0.660        | 1434  109         18.1        
BL_W190_T1.6_D8                    109         0.660        | 1429  109         18.1        
BL_W190_T1.6_D10                   109         0.660        | 1428  109         18.1        
BL_W190_T1.6_D15                   109         0.660        | 1427  109         18.1        
BL_W190_T1.6_D20                   109         0.660        | 1460  109         18.1        
BL_W190_T1.6_D25                   109         0.660        | 1458  109         18.1        
BL_W190_T1.6_D30                   109         0.660        | 1456  109         18.1        
BL_W180_T1.2_D15                   109         0.660        | 1353  109         18.1        
BL_W200_T1.2_D2                    109         0.660        | 1383  109         18.1        
BL_W200_T1.2_D4                    109         0.660        | 1384  109         18.1        
BL_W200_T1.2_D6                    109         0.660        | 1385  109         18.1        
BL_W200_T1.2_D8                    109         0.660        | 1370  109         18.1        
BL_W200_T1.2_D10                   109         0.660        | 1371  109         18.1        
BL_W200_T1.2_D15                   109         0.660        | 1381  109         18.1        
BL_W200_T1.2_D20                   109         0.660        | 1409  109         18.1        
BL_W200_T1.2_D25                   109         0.660        | 1410  109         18.1        
BL_W200_T1.2_D30                   109         0.660        | 1411  109         18.1        
BL_W160_T1.4_D8                    109         0.660        | 1294  109         18.1        
BL_W160_T1.2_D8                    109         0.660        | 1342  109         18.1        
BL_W160_T1.2_D10                   109         0.660        | 1341  109         18.1        
BL_W160_T1.2_D15                   109         0.660        | 1340  109         18.1        
BL_W160_T1.2_D20                   109         0.660        | 1339  109         18.1        
BL_W160_T1.2_D25                   109         0.660        | 1338  109         18.1        
BL_W160_T1.2_D30                   109         0.660        | 1337  109         18.1        
BL_W160_T1.2_D40                   109         0.660        | 1336  109         18.1        
BL_W160_T1.4_D2                    109         0.660        | 1307  109         18.1        
BL_W160_T1.4_D4                    109         0.660        | 1296  109         18.1        
BL_W160_T1.4_D6                    109         0.660        | 1295  109         18.1        
BL_W160_T1.2_D6                    109         0.660        | 1343  109         18.1        
BL_W160_T1.4_D10                   109         0.660        | 1293  109         18.1        
BL_W160_T1.4_D15                   109         0.660        | 1292  109         18.1        
BL_W160_T1.4_D20                   109         0.660        | 1291  109         18.1        
BL_W160_T1.4_D25                   109         0.660        | 1290  109         18.1        
BL_W160_T1.4_D30                   109         0.660        | 1289  109         18.1        
BL_W160_T1.4_D40                   109         0.660        | 1278  109         18.1        
BL_W160_T1.6_D2                    108         0.660        | 1670  108         18.6        
BL_W160_T1.6_D4                    108         0.660        | 1671  108         18.6        
BL_W160_T1.6_D6                    108         0.660        | 1672  108         18.6        
BL_W150_T1.6_D6                    108         0.660        | 1614  108         18.6        
BL_W150_T1.4_D6                    109         0.660        | 1256  109         18.1        
BL_W150_T1.4_D8                    109         0.660        | 1254  109         18.1        
BL_W150_T1.4_D10                   109         0.660        | 1264  109         18.1        
BL_W150_T1.4_D15                   109         0.660        | 1265  109         18.1        
BL_W150_T1.4_D20                   109         0.660        | 1272  109         18.1        
BL_W150_T1.4_D25                   109         0.660        | 1273  109         18.1        
BL_W150_T1.4_D30                   109         0.660        | 1274  109         18.1        
BL_W150_T1.4_D40                   109         0.660        | 1275  109         18.1        
BL_W150_T1.6_D2                    108         0.660        | 1564  108         18.6        
BL_W150_T1.6_D4                    108         0.660        | 1576  108         18.6        
BL_W160_T1.6_D8                    108         0.660        | 1673  108         18.6        
BL_W150_T1.6_D8                    108         0.660        | 1613  108         18.6        
BL_W150_T1.6_D10                   108         0.660        | 1612  108         18.6        
BL_W150_T1.6_D15                   108         0.660        | 1611  108         18.6        
BL_W150_T1.6_D20                   108         0.660        | 1610  108         18.6        
BL_W150_T1.6_D25                   108         0.660        | 1609  108         18.6        
BL_W150_T1.6_D30                   108         0.660        | 1608  108         18.6        
BL_W150_T1.6_D40                   108         0.660        | 1607  108         18.6        
BL_W160_T1.2_D2                    109         0.660        | 1335  109         18.1        
BL_W160_T1.2_D4                    109         0.660        | 1344  109         18.1        
BL_W170_T1.6_D15                   109         0.660        | 1285  109         18.1        
BL_W170_T1.4_D15                   109         0.660        | 1313  109         18.1        
BL_W170_T1.4_D20                   109         0.660        | 1314  109         18.1        
BL_W170_T1.4_D25                   109         0.660        | 1315  109         18.1        
BL_W170_T1.4_D30                   109         0.660        | 1288  109         18.1        
BL_W170_T1.4_D40                   109         0.660        | 1279  109         18.1        
BL_W170_T1.6_D2                    109         0.660        | 1280  109         18.1        
BL_W170_T1.6_D4                    109         0.660        | 1281  109         18.1        
BL_W170_T1.6_D6                    109         0.660        | 1282  109         18.1        
BL_W170_T1.6_D8                    109         0.660        | 1283  109         18.1        
BL_W170_T1.6_D10                   109         0.660        | 1284  109         18.1        
BL_W170_T1.4_D10                   109         0.660        | 1312  109         18.1        
BL_W170_T1.6_D20                   109         0.660        | 1286  109         18.1        
BL_W170_T1.6_D25                   109         0.660        | 1287  109         18.1        
BL_W170_T1.6_D30                   109         0.660        | 1346  109         18.1        
BL_W170_T1.6_D40                   109         0.660        | 1347  109         18.1        
BL_W180_T1.2_D2                    109         0.660        | 1348  109         18.1        
BL_W180_T1.2_D4                    109         0.660        | 1349  109         18.1        
BL_W180_T1.2_D6                    109         0.660        | 1350  109         18.1        
BL_W180_T1.2_D8                    109         0.660        | 1351  109         18.1        
BL_W180_T1.2_D10                   109         0.660        | 1352  109         18.1        
BL_W170_T1.2_D10                   109         0.660        | 1302  109         18.1        
BL_W160_T1.6_D10                   108         0.660        | 1674  108         18.6        
BL_W160_T1.6_D15                   108         0.660        | 1675  108         18.6        
BL_W160_T1.6_D20                   108         0.660        | 1676  108         18.6        
BL_W160_T1.6_D25                   108         0.660        | 1677  108         18.6        
BL_W160_T1.6_D30                   108         0.660        | 1678  108         18.6        
BL_W160_T1.6_D40                   108         0.660        | 1679  108         18.6        
BL_W170_T1.2_D2                    109         0.660        | 1298  109         18.1        
BL_W170_T1.2_D4                    109         0.660        | 1299  109         18.1        
BL_W170_T1.2_D6                    109         0.660        | 1300  109         18.1        
BL_W170_T1.2_D8                    109         0.660        | 1301  109         18.1        
BL_W150_T1.4_D4                    109         0.660        | 1257  109         18.1        
BL_W170_T1.2_D15                   109         0.660        | 1303  109         18.1        
BL_W170_T1.2_D20                   109         0.660        | 1304  109         18.1        
BL_W170_T1.2_D25                   109         0.660        | 1305  109         18.1        
BL_W170_T1.2_D30                   109         0.660        | 1306  109         18.1        
BL_W170_T1.2_D40                   109         0.660        | 1297  109         18.1        
BL_W170_T1.4_D2                    109         0.660        | 1308  109         18.1        
BL_W170_T1.4_D4                    109         0.660        | 1309  109         18.1        
BL_W170_T1.4_D6                    109         0.660        | 1310  109         18.1        
BL_W170_T1.4_D8                    109         0.660        | 1311  109         18.1        
BL_W20_T1.4_D6                     110         0.660        | 1179  110         17.1        
BL_W20_T1.6_D15                    109         0.660        | 1215  109         17.7        
BL_W20_T1.6_D10                    109         0.660        | 1214  109         17.7        
BL_W20_T1.6_D8                     109         0.660        | 1213  109         17.7        
BL_W20_T1.6_D6                     109         0.660        | 1212  109         17.7        
BL_W20_T1.6_D4                     109         0.660        | 1211  109         17.7        
BL_W20_T1.6_D2                     109         0.660        | 1210  109         17.7        
BL_W20_T1.4_D40                    110         0.660        | 1208  110         17.1        
BL_W20_T1.4_D30                    110         0.660        | 1188  110         17.1        
BL_W20_T1.4_D25                    110         0.660        | 1185  110         17.1        
BL_W20_T1.4_D20                    110         0.660        | 1184  110         17.1        
BL_W20_T1.4_D15                    110         0.660        | 1183  110         17.1        
BL_W20_T1.4_D10                    110         0.660        | 1182  110         17.1        
BL_W20_T1.4_D8                     110         0.660        | 1181  110         17.1        
BL_W20_T1.6_D20                    109         0.660        | 1216  109         17.7        
BL_W20_T1.4_D4                     110         0.660        | 1190  110         17.1        
BL_W20_T1.4_D2                     110         0.660        | 1207  110         17.1        
BL_W20_T1.2_D40                    110         0.660        | 1206  110         17.1        
BL_W20_T1.2_D30                    110         0.660        | 1205  110         17.1        
BL_W20_T1.2_D25                    110         0.660        | 1204  110         17.1        
BL_W20_T1.2_D20                    110         0.660        | 1203  110         17.1        
BL_W20_T1.2_D15                    110         0.660        | 1202  110         17.1        
BL_W20_T1.2_D10                    110         0.660        | 1201  110         17.1        
BL_W20_T1.2_D8                     110         0.660        | 1200  110         17.1        
BL_W20_T1.2_D6                     110         0.660        | 1187  110         17.1        
BL_W20_T1.2_D4                     110         0.660        | 1186  110         17.1        
BL_W20_T1.2_D2                     110         0.660        | 1180  110         17.1        
BL_W10_T2.0_D8                     110         0.660        | 1164  110         16.7        
BL_W10_T2.2_D4                     110         0.660        | 1169  110         16.7        
BL_W10_T2.2_D2                     110         0.660        | 1170  110         16.7        
BL_W10_T2.0_D40                    110         0.660        | 1171  110         16.7        
BL_W10_T2.0_D30                    110         0.660        | 1172  110         16.7        
BL_W10_T2.0_D25                    110         0.660        | 1160  110         16.7        
BL_W10_T2.2_D6                     110         0.660        | 1174  110         16.7        
BL_W10_T2.2_D8                     110         0.660        | 1175  110         16.7        
BL_W10_T2.2_D10                    110         0.660        | 1176  110         16.7        
BL_W10_T2.2_D15                    110         0.660        | 1177  110         16.7        
BL_W10_T2.2_D20                    110         0.660        | 1178  110         16.7        
BL_W10_T2.0_D20                    110         0.660        | 1161  110         16.7        
BL_W10_T2.0_D15                    110         0.660        | 1162  110         16.7        
BL_W10_T2.0_D10                    110         0.660        | 1163  110         16.7        
BL_W30_T1.2_D8                     110         0.660        | 1189  110         17.1        
BL_W10_T2.0_D6                     110         0.660        | 1165  110         16.7        
BL_W10_T2.2_D25                    110         0.660        | 1168  110         16.7        
BL_W10_T2.2_D30                    110         0.660        | 1159  110         16.7        
BL_W10_T2.2_D40                    110         0.660        | 1173  110         16.7        
BL_W10_T2.0_D4                     110         0.660        | 1166  110         16.7        
BL_W10_T2.0_D2                     110         0.660        | 1167  110         16.7        
BL_W30_T1.2_D6                     110         0.660        | 1191  110         17.1        
BL_W30_T1.2_D4                     110         0.660        | 1192  110         17.1        
BL_W30_T1.2_D2                     110         0.660        | 1196  110         17.1        
BL_W20_T1.6_D40                    109         0.660        | 1219  109         17.7        
BL_W20_T1.6_D30                    109         0.660        | 1218  109         17.7        
BL_W20_T1.6_D25                    109         0.660        | 1217  109         17.7        
BL_W40_T1.2_D30                    108         0.660        | 1531  108         18.6        
BL_W40_T1.2_D2                     108         0.660        | 1511  108         18.6        
BL_W40_T1.2_D4                     108         0.660        | 1512  108         18.6        
BL_W40_T1.2_D6                     108         0.660        | 1513  108         18.6        
BL_W30_T1.4_D40                    109         0.660        | 1235  109         17.7        
BL_W30_T1.4_D20                    109         0.660        | 1238  109         17.7        
BL_W30_T1.4_D15                    109         0.660        | 1225  109         17.7        
BL_W40_T1.2_D20                    108         0.660        | 1533  108         18.6        
BL_W30_T1.4_D30                    109         0.660        | 1236  109         17.7        
BL_W30_T1.4_D10                    109         0.660        | 1239  109         17.7        
BL_W30_T1.4_D8                     109         0.660        | 1240  109         17.7        
BL_W30_T1.4_D6                     109         0.660        | 1241  109         17.7        
BL_W40_T1.2_D25                    108         0.660        | 1532  108         18.6        
BL_W40_T1.2_D40                    108         0.660        | 1555  108         18.6        
BL_W30_T1.4_D25                    109         0.660        | 1237  109         17.7        
BL_W40_T1.2_D8                     108         0.660        | 1514  108         18.6        
BL_W30_T1.4_D4                     109         0.660        | 1242  109         17.7        
BL_W30_T1.4_D2                     109         0.660        | 1243  109         17.7        
BL_W30_T1.2_D40                    110         0.660        | 1199  110         17.1        
BL_W30_T1.2_D30                    110         0.660        | 1198  110         17.1        
BL_W30_T1.2_D25                    110         0.660        | 1197  110         17.1        
BL_W30_T1.2_D20                    110         0.660        | 1195  110         17.1        
BL_W30_T1.2_D15                    110         0.660        | 1194  110         17.1        
BL_W40_T1.2_D15                    108         0.660        | 1534  108         18.6        
BL_W30_T1.2_D10                    110         0.660        | 1193  110         17.1        
BL_W40_T1.2_D10                    108         0.660        | 1538  108         18.6        
BL_W130_T1.6_D10                   108         0.580        | 1662  108         18.6        
BL_W120_T3.0_D2                    149         0.580        | 1695  149         21.8        
BL_W80_T1.2_D2                     149         0.580        | 1719  149         21.8        
BL_W130_T1.6_D2                    108         0.580        | 1666  108         18.6        
BL_W130_T1.6_D4                    108         0.580        | 1665  108         18.6        
BL_W130_T1.6_D6                    108         0.580        | 1664  108         18.6        
BL_W130_T1.6_D8                    108         0.580        | 1663  108         18.6        
BL_W80_T1.4_D10                    105         0.580        | 1849  105         22.5        
BL_W130_T1.6_D15                   108         0.580        | 1661  108         18.6        
BL_W130_T1.6_D20                   108         0.580        | 1660  108         18.6        
BL_W130_T1.6_D25                   108         0.580        | 1659  108         18.6        
BL_W130_T1.6_D30                   108         0.580        | 1658  108         18.6        
BL_W80_T1.4_D2                     149         0.580        | 1706  149         21.8        
BL_W80_T1.4_D4                     105         0.580        | 1910  105         22.5        
BL_W80_T1.4_D6                     105         0.580        | 1857  105         22.5        
BL_W80_T1.4_D8                     105         0.580        | 1853  105         22.5        
BL_W120_T2.8_D2                    149         0.580        | 1694  149         21.8        
BL_W80_T1.4_D15                    105         0.580        | 1848  105         22.5        
BL_W80_T1.4_D20                    105         0.580        | 1847  105         22.5        
BL_W80_T1.4_D25                    105         0.580        | 1846  105         22.5        
BL_W80_T1.4_D30                    105         0.580        | 1832  105         22.5        
BL_W80_T1.4_D40                    105         0.580        | 1844  105         22.5        
BL_W80_T1.6_D2                     149         0.580        | 1724  149         21.8        
BL_W100_T2.8_D2                    149         0.580        | 1700  149         21.8        
BL_W70_T1.4_D8                     105         0.580        | 1769  105         22.1        
BL_W180_T1.8_D2                    108         0.580        | 1507  108         18.6        
BL_W100_T2.6_D2                    149         0.580        | 1701  149         21.8        
BL_W100_T3.0_D2                    149         0.580        | 1699  149         21.8        
BL_W100_T2.4_D2                    149         0.580        | 1702  149         21.8        
BL_W170_T1.8_D2                    108         0.580        | 1549  108         18.6        
BL_W170_T1.8_D4                    108         0.580        | 1536  108         18.6        
BL_W170_T1.8_D6                    108         0.580        | 1537  108         18.6        
BL_W170_T1.8_D8                    108         0.580        | 1484  108         18.6        
BL_W170_T1.8_D10                   108         0.580        | 1539  108         18.6        
BL_W70_T1.4_D2                     105         0.580        | 1765  105         22.1        
BL_W70_T1.4_D4                     105         0.580        | 1766  105         22.1        
BL_W70_T1.4_D6                     105         0.580        | 1767  105         22.1        
BL_W130_T1.6_D40                   108         0.580        | 1657  108         18.6        
BL_W70_T1.4_D10                    105         0.580        | 1756  105         22.1        
BL_W70_T1.4_D15                    105         0.580        | 1757  105         22.1        
BL_W70_T1.4_D20                    105         0.580        | 1758  105         22.1        
BL_W70_T1.4_D25                    105         0.580        | 1759  105         22.1        
BL_W70_T1.4_D30                    105         0.580        | 1745  105         22.1        
BL_W70_T1.4_D40                    105         0.580        | 1747  105         22.1        
BL_W170_T1.8_D15                   108         0.580        | 1540  108         18.6        
BL_W170_T1.8_D20                   108         0.580        | 1541  108         18.6        
BL_W170_T1.8_D25                   108         0.580        | 1542  108         18.6        
BL_W170_T1.8_D30                   108         0.580        | 1543  108         18.6        
BL_W170_T1.8_D40                   108         0.580        | 1544  108         18.6        
BL_W180_T1.8_D6                    108         0.580        | 1523  108         18.6        
BL_W120_T1.6_D2                    149         0.580        | 1722  149         21.8        
BL_W90_T1.6_D2                     149         0.580        | 1713  149         21.8        
BL_W90_T1.8_D2                     149         0.580        | 1712  149         21.8        
BL_W100_T2.2_D2                    149         0.580        | 1707  149         21.8        
BL_W90_T2.0_D2                     149         0.580        | 1711  149         21.8        
BL_W180_T1.8_D40                   108         0.580        | 1530  108         18.6        
BL_W180_T1.8_D30                   108         0.580        | 1529  108         18.6        
BL_W180_T1.8_D25                   108         0.580        | 1528  108         18.6        
BL_W90_T2.2_D2                     149         0.580        | 1710  149         21.8        
BL_W180_T1.8_D20                   108         0.580        | 1527  108         18.6        
BL_W180_T1.8_D15                   108         0.580        | 1526  108         18.6        
BL_W180_T1.8_D10                   108         0.580        | 1525  108         18.6        
BL_W100_T2.0_D2                    149         0.580        | 1703  149         21.8        
BL_W180_T1.8_D8                    108         0.580        | 1524  108         18.6        
BL_W90_T2.4_D2                     149         0.580        | 1709  149         21.8        
BL_W120_T1.6_D4                    108         0.580        | 1635  108         18.6        
BL_W180_T1.8_D4                    108         0.580        | 1522  108         18.6        
BL_W100_T1.8_D2                    149         0.580        | 1704  149         21.8        
BL_W100_T1.6_D2                    149         0.580        | 1705  149         21.8        
BL_W40_T1.4_D2                     105         0.580        | 1741  105         21.8        
BL_W90_T2.6_D2                     149         0.580        | 1708  149         21.8        
BL_W40_T1.4_D4                     105         0.580        | 1740  105         21.8        
BL_W40_T1.4_D6                     105         0.580        | 1739  105         21.8        
BL_W40_T1.4_D8                     105         0.580        | 1738  105         21.8        
BL_W40_T1.4_D10                    105         0.580        | 1737  105         21.8        
BL_W40_T1.4_D15                    105         0.580        | 1736  105         21.8        
BL_W90_T2.8_D2                     149         0.580        | 1692  149         21.8        
BL_W40_T1.4_D20                    105         0.580        | 1743  105         21.8        
BL_W40_T1.4_D25                    105         0.580        | 1742  105         21.8        
BL_W40_T1.4_D30                    105         0.580        | 1744  105         21.8        
BL_W40_T1.4_D40                    105         0.580        | 1735  105         21.8        
BL_W80_T3.0_D2                     149         0.580        | 1717  149         21.8        
BL_W120_T2.6_D2                    149         0.580        | 1721  149         21.8        
BL_W80_T2.0_D2                     149         0.580        | 1697  149         21.8        
BL_W120_T2.4_D2                    149         0.580        | 1729  149         21.8        
BL_W80_T2.2_D2                     149         0.580        | 1698  149         21.8        
BL_W80_T2.4_D2                     149         0.580        | 1714  149         21.8        
BL_W120_T2.2_D2                    149         0.580        | 1726  149         21.8        
BL_W80_T2.6_D2                     149         0.580        | 1715  149         21.8        
BL_W190_T1.8_D40                   108         0.580        | 1562  108         18.6        
BL_W80_T2.8_D2                     149         0.580        | 1716  149         21.8        
BL_W120_T2.0_D2                    149         0.580        | 1725  149         21.8        
BL_W190_T1.8_D30                   108         0.580        | 1561  108         18.6        
BL_W190_T1.8_D25                   108         0.580        | 1560  108         18.6        
BL_W190_T1.8_D20                   108         0.580        | 1559  108         18.6        
BL_W190_T1.8_D15                   108         0.580        | 1558  108         18.6        
BL_W190_T1.8_D10                   108         0.580        | 1557  108         18.6        
BL_W80_T1.8_D2                     149         0.580        | 1731  149         21.8        
BL_W190_T1.8_D8                    108         0.580        | 1556  108         18.6        
BL_W190_T1.8_D6                    108         0.580        | 1483  108         18.6        
BL_W190_T1.8_D4                    108         0.580        | 1482  108         18.6        
BL_W190_T1.8_D2                    108         0.580        | 1481  108         18.6        
BL_W90_T1.2_D2                     149         0.580        | 1718  149         21.8        
BL_W120_T1.8_D2                    149         0.580        | 1723  149         21.8        
BL_W120_T1.6_D40                   108         0.580        | 1627  108         18.6        
BL_W120_T1.6_D30                   108         0.580        | 1615  108         18.6        
BL_W120_T1.6_D25                   108         0.580        | 1629  108         18.6        
BL_W120_T1.6_D20                   108         0.580        | 1630  108         18.6        
BL_W90_T1.4_D2                     149         0.580        | 1720  149         21.8        
BL_W120_T1.6_D15                   108         0.580        | 1631  108         18.6        
BL_W120_T1.6_D10                   108         0.580        | 1632  108         18.6        
BL_W120_T1.6_D8                    108         0.580        | 1633  108         18.6        
BL_W120_T1.6_D6                    108         0.580        | 1634  108         18.6        
BL_W200_T1.8_D30                   108         0.580        | 1505  108         18.6        
BL_W50_T1.4_D30                    105         0.580        | 1774  105         22.1        
BL_W60_T1.4_D40                    105         0.580        | 1826  105         22.5        
BL_W50_T1.4_D25                    105         0.580        | 1775  105         22.1        
BL_W60_T1.2_D4                     105         0.580        | 1786  105         22.1        
BL_W50_T1.4_D20                    105         0.580        | 1761  105         22.1        
BL_W50_T1.4_D15                    105         0.580        | 1755  105         22.1        
BL_W50_T1.4_D10                    105         0.580        | 1762  105         22.1        
BL_W60_T1.2_D2                     105         0.580        | 1777  105         22.1        
BL_W50_T1.4_D8                     105         0.580        | 1764  105         22.1        
BL_W50_T1.4_D6                     105         0.580        | 1763  105         22.1        
BL_W200_T1.8_D2                    108         0.580        | 1494  108         18.6        
BL_W60_T1.2_D10                    105         0.580        | 1780  105         22.1        
BL_W200_T1.8_D4                    108         0.580        | 1480  108         18.6        
BL_W200_T1.8_D6                    108         0.580        | 1492  108         18.6        
BL_W200_T1.8_D40                   108         0.580        | 1504  108         18.6        
BL_W50_T1.4_D4                     105         0.580        | 1768  105         22.1        
BL_W50_T1.4_D2                     105         0.580        | 1776  105         22.1        
BL_W200_T1.8_D8                    108         0.580        | 1493  108         18.6        
BL_W200_T1.8_D10                   108         0.580        | 1495  108         18.6        
BL_W200_T1.8_D15                   108         0.580        | 1496  108         18.6        
BL_W200_T1.8_D20                   108         0.580        | 1491  108         18.6        
BL_W200_T1.8_D25                   108         0.580        | 1506  108         18.6        
BL_W60_T1.2_D6                     105         0.580        | 1779  105         22.1        
BL_W60_T1.2_D15                    105         0.580        | 1781  105         22.1        
BL_W60_T1.2_D8                     105         0.580        | 1778  105         22.1        
BL_W60_T1.2_D20                    105         0.580        | 1783  105         22.1        
BL_W60_T1.2_D25                    105         0.580        | 1754  105         22.1        
BL_W60_T1.2_D30                    105         0.580        | 1753  105         22.1        
BL_W60_T1.2_D40                    105         0.580        | 1746  105         22.1        
BL_W60_T1.4_D2                     105         0.580        | 1817  105         22.5        
BL_W50_T1.4_D40                    105         0.580        | 1773  105         22.1        
BL_W60_T1.4_D4                     105         0.580        | 1818  105         22.5        
BL_W60_T1.4_D8                     105         0.580        | 1820  105         22.5        
BL_W60_T1.4_D10                    105         0.580        | 1821  105         22.5        
BL_W60_T1.4_D15                    105         0.580        | 1822  105         22.5        
BL_W60_T1.4_D20                    105         0.580        | 1823  105         22.5        
BL_W60_T1.4_D25                    105         0.580        | 1824  105         22.5        
BL_W60_T1.4_D30                    105         0.580        | 1825  105         22.5        
BL_W60_T1.4_D6                     105         0.580        | 1806  105         22.5        
BL_W90_T3.0_D2                     151         0.528        | 1980  151         23.9        
BL_W110_T2.2_D2                    149         0.500        | 1734  149         21.8        
BL_W110_T1.6_D2                    149         0.500        | 1696  149         21.8        
BL_W110_T1.8_D2                    149         0.500        | 1693  149         21.8        
BL_W130_T2.4_D2                    143         0.500        | 1154  143         16.2        
BL_W130_T1.8_D2                    143         0.500        | 1153  143         16.2        
BL_W110_T2.0_D2                    149         0.500        | 1732  149         21.8        
BL_W130_T2.6_D2                    143         0.500        | 1156  143         16.2        
BL_W130_T2.0_D2                    143         0.500        | 1158  143         16.2        
BL_W130_T2.2_D2                    143         0.500        | 1157  143         16.2        
BL_W110_T2.8_D2                    149         0.500        | 1728  149         21.8        
BL_W110_T2.6_D2                    149         0.500        | 1730  149         21.8        
BL_W110_T2.4_D2                    149         0.500        | 1733  149         21.8        
BL_W110_T3.0_D2                    149         0.500        | 1727  149         21.8        
BL_W130_T2.8_D2                    143         0.500        | 1155  143         16.2        
BL_W130_T3.0_D2                    143         0.500        | 1152  143         16.2        
BL_W200_T2.0_D6                    108         0.420        | 1501  108         18.6        
BL_W190_T2.0_D6                    108         0.420        | 1509  108         18.6        
BL_W190_T2.0_D4                    108         0.420        | 1508  108         18.6        
BL_W190_T2.0_D2                    108         0.420        | 1521  108         18.6        
BL_W200_T2.0_D4                    108         0.420        | 1502  108         18.6        
BL_W150_T1.8_D30                   108         0.420        | 1598  108         18.6        
BL_W150_T1.8_D15                   108         0.420        | 1601  108         18.6        
BL_W140_T3.0_D2                    140         0.420        | 1149  140         12.7        
BL_W140_T2.6_D2                    140         0.420        | 1145  140         12.7        
BL_W150_T1.8_D10                   108         0.420        | 1589  108         18.6        
BL_W140_T1.8_D2                    140         0.420        | 1146  140         12.7        
BL_W150_T1.8_D40                   108         0.420        | 1597  108         18.6        
BL_W190_T2.0_D15                   108         0.420        | 1519  108         18.6        
BL_W150_T1.8_D25                   108         0.420        | 1599  108         18.6        
BL_W150_T1.8_D20                   108         0.420        | 1600  108         18.6        
BL_W140_T2.4_D2                    140         0.420        | 1151  140         12.7        
BL_W140_T2.8_D2                    140         0.420        | 1147  140         12.7        
BL_W190_T2.0_D40                   108         0.420        | 1515  108         18.6        
BL_W200_T2.0_D40                   108         0.420        | 1479  108         18.6        
BL_W190_T2.0_D30                   108         0.420        | 1516  108         18.6        
BL_W190_T2.0_D8                    108         0.420        | 1510  108         18.6        
BL_W190_T2.0_D25                   108         0.420        | 1517  108         18.6        
BL_W190_T2.0_D20                   108         0.420        | 1518  108         18.6        
BL_W140_T2.2_D2                    140         0.420        | 1150  140         12.7        
BL_W200_T2.0_D2                    108         0.420        | 1503  108         18.6        
BL_W190_T2.0_D10                   108         0.420        | 1520  108         18.6        
BL_W10_T2.4_D8                     96          0.420        | 1983  96          31.4        
BL_W160_T1.8_D40                   108         0.420        | 1688  108         18.6        
BL_W150_T1.8_D4                    108         0.420        | 1605  108         18.6        
BL_W200_T2.0_D10                   108         0.420        | 1499  108         18.6        
BL_W160_T1.8_D30                   108         0.420        | 1687  108         18.6        
BL_W160_T1.8_D25                   108         0.420        | 1680  108         18.6        
BL_W160_T1.8_D20                   108         0.420        | 1686  108         18.6        
BL_W160_T1.8_D4                    108         0.420        | 1681  108         18.6        
BL_W10_T2.4_D6                     96          0.420        | 1985  96          31.4        
BL_W160_T1.8_D15                   108         0.420        | 1685  108         18.6        
BL_W160_T1.8_D10                   108         0.420        | 1684  108         18.6        
BL_W150_T1.8_D6                    108         0.420        | 1604  108         18.6        
BL_W10_T2.4_D40                    96          0.420        | 1987  96          31.4        
BL_W160_T1.8_D8                    108         0.420        | 1683  108         18.6        
BL_W160_T1.8_D6                    108         0.420        | 1682  108         18.6        
BL_W10_T2.4_D10                    96          0.420        | 1982  96          31.4        
BL_W10_T2.4_D15                    96          0.420        | 1989  96          31.4        
BL_W10_T2.4_D20                    96          0.420        | 1986  96          31.4        
BL_W160_T1.8_D2                    108         0.420        | 1667  108         18.6        
BL_W10_T2.4_D30                    96          0.420        | 1981  96          31.4        
BL_W10_T2.4_D25                    96          0.420        | 1984  96          31.4        
BL_W150_T1.8_D2                    108         0.420        | 1606  108         18.6        
BL_W110_T1.6_D15                   105         0.420        | 1790  105         22.5        
BL_W10_T2.4_D4                     96          0.420        | 1988  96          31.4        
BL_W10_T2.4_D2                     96          0.420        | 1990  96          31.4        
BL_W110_T1.6_D40                   105         0.420        | 1797  105         22.5        
BL_W200_T2.0_D20                   108         0.420        | 1477  108         18.6        
BL_W200_T2.0_D15                   108         0.420        | 1498  108         18.6        
BL_W200_T2.0_D30                   108         0.420        | 1478  108         18.6        
BL_W200_T2.0_D25                   108         0.420        | 1476  108         18.6        
BL_W110_T1.6_D30                   105         0.420        | 1796  105         22.5        
BL_W110_T1.6_D25                   105         0.420        | 1787  105         22.5        
BL_W110_T1.6_D20                   105         0.420        | 1789  105         22.5        
BL_W110_T1.6_D10                   105         0.420        | 1791  105         22.5        
BL_W110_T1.6_D8                    105         0.420        | 1792  105         22.5        
BL_W110_T1.6_D6                    105         0.420        | 1793  105         22.5        
BL_W110_T1.6_D4                    105         0.420        | 1794  105         22.5        
BL_W150_T1.8_D8                    108         0.420        | 1603  108         18.6        
BL_W140_T2.0_D2                    140         0.420        | 1148  140         12.7        
BL_W200_T2.0_D8                    108         0.420        | 1500  108         18.6        
BL_W140_T2.4_D6                    134         0.340        | 951   134         7.1         
BL_W150_T2.4_D6                    134         0.340        | 943   134         7.1         
BL_W150_T2.4_D4                    135         0.340        | 1028  135         7.6         
BL_W150_T2.4_D2                    135         0.340        | 1026  135         7.6         
BL_W140_T2.0_D10                   133         0.340        | 579   133         6.4         
BL_W140_T2.0_D8                    134         0.340        | 676   134         6.8         
BL_W110_T3.0_D4                    135         0.340        | 998   135         7.6         
BL_W140_T2.0_D6                    134         0.340        | 940   134         7.1         
BL_W140_T2.4_D4                    135         0.340        | 1044  135         7.6         
BL_W150_T2.0_D8                    134         0.340        | 801   134         6.8         
BL_W140_T2.0_D4                    135         0.340        | 1016  135         7.6         
BL_W140_T2.4_D8                    134         0.340        | 708   134         6.8         
BL_W140_T1.8_D40                   105         0.340        | 1890  105         22.5        
BL_W140_T1.8_D30                   105         0.340        | 1891  105         22.5        
BL_W140_T2.4_D10                   133         0.340        | 564   133         6.4         
BL_W140_T2.8_D6                    134         0.340        | 853   134         7.1         
BL_W150_T2.0_D10                   133         0.340        | 590   133         6.4         
BL_W170_T3.0_D8                    134         0.340        | 734   134         6.8         
BL_W140_T2.2_D10                   133         0.340        | 572   133         6.4         
BL_W170_T3.0_D10                   133         0.340        | 628   133         6.4         
BL_W170_T3.0_D6                    134         0.340        | 889   134         7.1         
BL_W150_T2.4_D10                   133         0.340        | 532   133         6.4         
BL_W140_T2.0_D20                   105         0.340        | 1887  105         22.5        
BL_W140_T2.0_D25                   105         0.340        | 1886  105         22.5        
BL_W140_T2.0_D30                   105         0.340        | 1885  105         22.5        
BL_W160_T2.8_D8                    134         0.340        | 836   134         6.8         
BL_W160_T2.8_D6                    134         0.340        | 947   134         7.1         
BL_W140_T2.0_D40                   105         0.340        | 1884  105         22.5        
BL_W140_T2.2_D4                    135         0.340        | 1057  135         7.6         
BL_W140_T2.2_D6                    134         0.340        | 938   134         7.1         
BL_W140_T2.2_D8                    134         0.340        | 702   134         6.8         
BL_W110_T3.0_D6                    134         0.340        | 926   134         7.1         
BL_W20_T2.0_D10                    133         0.340        | 612   133         6.4         
BL_W150_T2.0_D30                   105         0.340        | 1799  105         22.5        
BL_W170_T3.0_D4                    135         0.340        | 971   135         7.6         
BL_W150_T2.0_D25                   105         0.340        | 1798  105         22.5        
BL_W150_T2.0_D20                   105         0.340        | 1788  105         22.5        
BL_W150_T2.0_D15                   105         0.340        | 1819  105         22.5        
BL_W170_T3.0_D2                    134         0.340        | 881   134         7.1         
BL_W150_T2.4_D8                    134         0.340        | 779   134         6.8         
BL_W140_T2.0_D15                   105         0.340        | 1888  105         22.5        
BL_W110_T3.0_D10                   133         0.340        | 530   133         6.4         
BL_W110_T3.0_D8                    134         0.340        | 665   134         6.8         
BL_W140_T3.0_D4                    135         0.340        | 1075  135         7.6         
BL_W160_T2.8_D10                   133         0.340        | 635   133         6.4         
BL_W180_T2.0_D2                    135         0.340        | 1081  135         7.6         
BL_W110_T1.8_D4                    135         0.340        | 962   135         7.6         
BL_W110_T1.8_D6                    134         0.340        | 884   134         7.1         
BL_W110_T1.8_D8                    134         0.340        | 739   134         6.8         
BL_W110_T1.8_D10                   133         0.340        | 594   133         6.4         
BL_W140_T3.0_D10                   133         0.340        | 614   133         6.4         
BL_W140_T3.0_D8                    134         0.340        | 695   134         6.8         
BL_W140_T3.0_D6                    134         0.340        | 880   134         7.1         
BL_W180_T2.0_D4                    135         0.340        | 1080  135         7.6         
BL_W160_T3.0_D2                    134         0.340        | 847   134         7.1         
BL_W160_T3.0_D4                    135         0.340        | 974   135         7.6         
BL_W160_T3.0_D6                    134         0.340        | 891   134         7.1         
BL_W160_T3.0_D8                    134         0.340        | 694   134         6.8         
BL_W110_T1.8_D15                   105         0.340        | 1800  105         22.5        
BL_W110_T1.8_D20                   105         0.340        | 1801  105         22.5        
BL_W110_T1.8_D25                   105         0.340        | 1802  105         22.5        
BL_W110_T1.8_D30                   105         0.340        | 1803  105         22.5        
BL_W180_T2.0_D20                   105         0.340        | 1899  105         22.5        
BL_W20_T1.8_D20                    109         0.340        | 1221  109         17.7        
BL_W100_T2.8_D4                    135         0.340        | 1069  135         7.6         
BL_W100_T2.8_D6                    134         0.340        | 908   134         7.1         
BL_W100_T2.8_D8                    134         0.340        | 733   134         6.8         
BL_W100_T2.8_D10                   133         0.340        | 609   133         6.4         
BL_W180_T2.2_D2                    134         0.340        | 841   134         7.1         
BL_W180_T2.0_D40                   105         0.340        | 1896  105         22.5        
BL_W180_T2.0_D30                   105         0.340        | 1897  105         22.5        
BL_W180_T2.0_D25                   105         0.340        | 1898  105         22.5        
BL_W110_T1.8_D40                   105         0.340        | 1804  105         22.5        
BL_W100_T3.0_D4                    135         0.340        | 1076  135         7.6         
BL_W100_T3.0_D6                    134         0.340        | 876   134         7.1         
BL_W100_T3.0_D8                    134         0.340        | 724   134         6.8         
BL_W100_T3.0_D10                   133         0.340        | 605   133         6.4         
BL_W180_T2.0_D15                   105         0.340        | 1900  105         22.5        
BL_W180_T2.0_D10                   133         0.340        | 620   133         6.4         
BL_W180_T2.0_D8                    134         0.340        | 748   134         6.8         
BL_W180_T2.0_D6                    134         0.340        | 849   134         7.1         
BL_W110_T2.6_D10                   133         0.340        | 545   133         6.4         
BL_W110_T2.4_D6                    134         0.340        | 866   134         7.1         
BL_W160_T3.0_D10                   133         0.340        | 636   133         6.4         
BL_W110_T2.4_D8                    134         0.340        | 719   134         6.8         
BL_W110_T2.4_D10                   133         0.340        | 550   133         6.4         
BL_W140_T2.6_D10                   133         0.340        | 561   133         6.4         
BL_W110_T2.6_D4                    135         0.340        | 997   135         7.6         
BL_W140_T2.6_D8                    134         0.340        | 703   134         6.8         
BL_W110_T2.6_D6                    134         0.340        | 954   134         7.1         
BL_W110_T2.6_D8                    134         0.340        | 768   134         6.8         
BL_W110_T2.4_D4                    135         0.340        | 986   135         7.6         
BL_W140_T2.6_D6                    134         0.340        | 941   134         7.1         
BL_W140_T2.6_D4                    135         0.340        | 1022  135         7.6         
BL_W150_T2.0_D2                    135         0.340        | 1048  135         7.6         
BL_W150_T2.0_D4                    135         0.340        | 1051  135         7.6         
BL_W150_T2.0_D6                    134         0.340        | 933   134         7.1         
BL_W110_T2.8_D4                    135         0.340        | 984   135         7.6         
BL_W110_T2.8_D6                    134         0.340        | 953   134         7.1         
BL_W110_T2.8_D8                    134         0.340        | 684   134         6.8         
BL_W110_T2.0_D40                   105         0.340        | 1863  105         22.5        
BL_W110_T2.0_D4                    135         0.340        | 1001  135         7.6         
BL_W110_T2.0_D6                    134         0.340        | 901   134         7.1         
BL_W110_T2.0_D8                    134         0.340        | 744   134         6.8         
BL_W110_T2.0_D10                   133         0.340        | 601   133         6.4         
BL_W110_T2.0_D15                   105         0.340        | 1871  105         22.5        
BL_W110_T2.0_D20                   105         0.340        | 1831  105         22.5        
BL_W110_T2.0_D25                   105         0.340        | 1861  105         22.5        
BL_W110_T2.0_D30                   105         0.340        | 1862  105         22.5        
BL_W110_T2.8_D10                   133         0.340        | 553   133         6.4         
BL_W110_T2.2_D4                    135         0.340        | 1013  135         7.6         
BL_W110_T2.2_D6                    134         0.340        | 848   134         7.1         
BL_W110_T2.2_D8                    134         0.340        | 742   134         6.8         
BL_W110_T2.2_D10                   133         0.340        | 527   133         6.4         
BL_W140_T2.8_D10                   133         0.340        | 558   133         6.4         
BL_W140_T2.8_D8                    134         0.340        | 700   134         6.8         
BL_W150_T2.6_D6                    134         0.340        | 859   134         7.1         
BL_W140_T2.8_D4                    135         0.340        | 1103  135         7.6         
BL_W130_T2.0_D30                   105         0.340        | 1915  105         22.5        
BL_W130_T1.8_D25                   105         0.340        | 1811  105         22.5        
BL_W130_T1.8_D30                   105         0.340        | 1810  105         22.5        
BL_W130_T1.8_D40                   105         0.340        | 1809  105         22.5        
BL_W130_T2.0_D4                    135         0.340        | 1086  135         7.6         
BL_W130_T2.0_D6                    134         0.340        | 885   134         7.1         
BL_W130_T2.0_D8                    134         0.340        | 728   134         6.8         
BL_W130_T2.0_D10                   133         0.340        | 586   133         6.4         
BL_W130_T2.0_D15                   105         0.340        | 1808  105         22.5        
BL_W130_T2.0_D20                   105         0.340        | 1807  105         22.5        
BL_W130_T2.0_D25                   105         0.340        | 1955  105         22.5        
BL_W130_T1.8_D20                   105         0.340        | 1812  105         22.5        
BL_W130_T2.0_D40                   105         0.340        | 1954  105         22.5        
BL_W130_T2.2_D4                    135         0.340        | 1083  135         7.6         
BL_W130_T2.2_D6                    134         0.340        | 874   134         7.1         
BL_W130_T2.2_D8                    134         0.340        | 727   134         6.8         
BL_W130_T2.2_D10                   133         0.340        | 602   133         6.4         
BL_W170_T2.0_D15                   105         0.340        | 1901  105         22.5        
BL_W170_T2.0_D10                   133         0.340        | 640   133         6.4         
BL_W170_T2.0_D8                    134         0.340        | 707   134         6.8         
BL_W170_T2.0_D6                    134         0.340        | 927   134         7.1         
BL_W170_T2.0_D4                    135         0.340        | 1019  135         7.6         
BL_W30_T1.6_D25                    109         0.340        | 1227  109         17.7        
BL_W30_T2.2_D10                    133         0.340        | 643   133         6.4         
BL_W30_T2.2_D8                     134         0.340        | 795   134         6.8         
BL_W30_T2.2_D6                     134         0.340        | 914   134         7.1         
BL_W30_T2.2_D4                     135         0.340        | 1030  135         7.6         
BL_W30_T2.2_D2                     134         0.340        | 867   134         7.1         
BL_W30_T1.6_D6                     134         0.340        | 956   134         7.1         
BL_W30_T1.6_D8                     134         0.340        | 814   134         6.8         
BL_W30_T1.6_D10                    133         0.340        | 554   133         6.4         
BL_W30_T1.6_D15                    109         0.340        | 1234  109         17.7        
BL_W30_T1.6_D20                    109         0.340        | 1230  109         17.7        
BL_W130_T2.4_D4                    135         0.340        | 1108  135         7.6         
BL_W30_T1.6_D30                    109         0.340        | 1226  109         17.7        
BL_W30_T1.6_D40                    109         0.340        | 1228  109         17.7        
BL_W30_T1.8_D2                     135         0.340        | 1012  135         7.6         
BL_W30_T1.8_D4                     135         0.340        | 1000  135         7.6         
BL_W130_T1.8_D4                    135         0.340        | 1088  135         7.6         
BL_W130_T1.8_D6                    134         0.340        | 888   134         7.1         
BL_W130_T1.8_D8                    134         0.340        | 729   134         6.8         
BL_W130_T1.8_D10                   133         0.340        | 600   133         6.4         
BL_W130_T1.8_D15                   105         0.340        | 1813  105         22.5        
BL_W130_T3.0_D4                    135         0.340        | 1037  135         7.6         
BL_W130_T2.8_D8                    134         0.340        | 755   134         6.8         
BL_W130_T2.8_D10                   133         0.340        | 578   133         6.4         
BL_W30_T2.0_D8                     134         0.340        | 782   134         6.8         
BL_W20_T1.8_D2                     135         0.340        | 1064  135         7.6         
BL_W20_T1.8_D4                     135         0.340        | 1128  135         8.1         
BL_W30_T2.0_D10                    133         0.340        | 622   133         6.4         
BL_W20_T2.0_D8                     134         0.340        | 693   134         6.8         
BL_W20_T2.0_D6                     134         0.340        | 892   134         7.1         
BL_W20_T1.8_D6                     134         0.340        | 861   134         7.1         
BL_W20_T1.8_D8                     134         0.340        | 686   134         6.8         
BL_W130_T2.8_D6                    134         0.340        | 855   134         7.1         
BL_W130_T3.0_D6                    134         0.340        | 857   134         7.1         
BL_W20_T2.0_D4                     135         0.340        | 1126  135         8.1         
BL_W20_T2.0_D2                     135         0.340        | 1089  135         7.6         
BL_W20_T1.8_D40                    109         0.340        | 1224  109         17.7        
BL_W20_T1.8_D30                    109         0.340        | 1223  109         17.7        
BL_W20_T1.8_D25                    109         0.340        | 1222  109         17.7        
BL_W130_T3.0_D8                    134         0.340        | 752   134         6.8         
BL_W130_T3.0_D10                   133         0.340        | 582   133         6.4         
BL_W20_T1.8_D10                    133         0.340        | 559   133         6.4         
BL_W20_T1.8_D15                    109         0.340        | 1220  109         17.7        
BL_W130_T2.6_D8                    134         0.340        | 762   134         6.8         
BL_W130_T2.4_D6                    134         0.340        | 851   134         7.1         
BL_W130_T2.4_D8                    134         0.340        | 767   134         6.8         
BL_W130_T2.4_D10                   133         0.340        | 569   133         6.4         
BL_W170_T2.0_D2                    135         0.340        | 1034  135         7.6         
BL_W30_T1.8_D6                     134         0.340        | 904   134         7.1         
BL_W30_T1.8_D8                     134         0.340        | 823   134         6.8         
BL_W30_T1.8_D10                    133         0.340        | 631   133         6.4         
BL_W30_T1.8_D15                    109         0.340        | 1229  109         17.7        
BL_W130_T2.6_D4                    135         0.340        | 1099  135         7.6         
BL_W130_T2.6_D6                    134         0.340        | 865   134         7.1         
BL_W170_T2.0_D20                   105         0.340        | 1902  105         22.5        
BL_W130_T2.6_D10                   133         0.340        | 556   133         6.4         
BL_W30_T1.8_D20                    109         0.340        | 1209  109         17.7        
BL_W30_T1.8_D25                    109         0.340        | 1231  109         17.7        
BL_W30_T1.8_D30                    109         0.340        | 1232  109         17.7        
BL_W30_T1.8_D40                    109         0.340        | 1233  109         17.7        
BL_W30_T2.0_D2                     135         0.340        | 1072  135         7.6         
BL_W30_T2.0_D4                     135         0.340        | 1071  135         7.6         
BL_W30_T2.0_D6                     134         0.340        | 897   134         7.1         
BL_W130_T2.8_D4                    135         0.340        | 1092  135         7.6         
BL_W170_T2.8_D8                    134         0.340        | 670   134         6.8         
BL_W120_T2.0_D15                   105         0.340        | 1875  105         22.5        
BL_W120_T2.0_D20                   105         0.340        | 1874  105         22.5        
BL_W120_T2.0_D25                   105         0.340        | 1873  105         22.5        
BL_W120_T2.0_D30                   105         0.340        | 1872  105         22.5        
BL_W120_T2.0_D40                   105         0.340        | 1858  105         22.5        
BL_W120_T2.2_D4                    135         0.340        | 978   135         7.6         
BL_W120_T2.2_D6                    134         0.340        | 918   134         7.1         
BL_W120_T2.2_D8                    134         0.340        | 704   134         6.8         
BL_W120_T2.2_D10                   133         0.340        | 548   133         6.4         
BL_W170_T2.8_D10                   133         0.340        | 656   133         6.4         
BL_W120_T2.0_D10                   133         0.340        | 541   133         6.4         
BL_W170_T2.8_D6                    134         0.340        | 909   134         7.1         
BL_W170_T2.8_D4                    135         0.340        | 969   135         7.6         
BL_W120_T2.4_D4                    135         0.340        | 1005  135         7.6         
BL_W120_T2.4_D6                    134         0.340        | 856   134         7.1         
BL_W120_T2.4_D8                    134         0.340        | 725   134         6.8         
BL_W120_T2.4_D10                   133         0.340        | 551   133         6.4         
BL_W170_T2.8_D2                    134         0.340        | 878   134         7.1         
BL_W160_T2.6_D2                    135         0.340        | 1077  135         7.6         
BL_W160_T2.6_D4                    135         0.340        | 1112  135         7.6         
BL_W160_T2.6_D6                    134         0.340        | 868   134         7.1         
BL_W120_T1.8_D25                   105         0.340        | 1838  105         22.5        
BL_W140_T1.8_D20                   105         0.340        | 1893  105         22.5        
BL_W140_T1.8_D15                   105         0.340        | 1883  105         22.5        
BL_W120_T1.8_D4                    135         0.340        | 964   135         7.6         
BL_W120_T1.8_D6                    134         0.340        | 952   134         7.1         
BL_W120_T1.8_D8                    134         0.340        | 687   134         6.8         
BL_W120_T1.8_D10                   133         0.340        | 531   133         6.4         
BL_W140_T1.8_D10                   133         0.340        | 585   133         6.4         
BL_W120_T1.8_D15                   105         0.340        | 1840  105         22.5        
BL_W140_T1.8_D8                    134         0.340        | 749   134         6.8         
BL_W120_T1.8_D20                   105         0.340        | 1839  105         22.5        
BL_W160_T2.6_D8                    134         0.340        | 792   134         6.8         
BL_W120_T1.8_D30                   105         0.340        | 1837  105         22.5        
BL_W120_T1.8_D40                   105         0.340        | 1836  105         22.5        
BL_W140_T1.8_D6                    134         0.340        | 945   134         7.1         
BL_W140_T1.8_D4                    135         0.340        | 1031  135         7.6         
BL_W30_T1.6_D2                     135         0.340        | 993   135         7.6         
BL_W30_T1.6_D4                     135         0.340        | 992   135         7.6         
BL_W120_T2.0_D4                    135         0.340        | 966   135         7.6         
BL_W120_T2.0_D6                    134         0.340        | 948   134         7.1         
BL_W120_T2.0_D8                    134         0.340        | 699   134         6.8         
BL_W170_T2.2_D20                   105         0.340        | 1937  105         22.5        
BL_W120_T3.0_D10                   133         0.340        | 598   133         6.4         
BL_W150_T2.0_D40                   105         0.340        | 1805  105         22.5        
BL_W170_T2.4_D10                   133         0.340        | 626   133         6.4         
BL_W170_T2.4_D8                    134         0.340        | 722   134         6.8         
BL_W170_T2.4_D6                    134         0.340        | 906   134         7.1         
BL_W170_T2.4_D4                    135         0.340        | 1067  135         7.6         
BL_W170_T2.4_D2                    135         0.340        | 1066  135         7.6         
BL_W170_T2.2_D40                   105         0.340        | 1895  105         22.5        
BL_W170_T2.2_D30                   105         0.340        | 1951  105         22.5        
BL_W170_T2.2_D25                   105         0.340        | 1938  105         22.5        
BL_W120_T3.0_D8                    134         0.340        | 736   134         6.8         
BL_W170_T2.2_D15                   105         0.340        | 1932  105         22.5        
BL_W170_T2.2_D10                   133         0.340        | 623   133         6.4         
BL_W170_T2.2_D8                    134         0.340        | 774   134         6.8         
BL_W170_T2.2_D6                    134         0.340        | 842   134         7.1         
BL_W170_T2.2_D4                    135         0.340        | 1050  135         7.6         
BL_W170_T2.2_D2                    135         0.340        | 1049  135         7.6         
BL_W170_T2.0_D40                   105         0.340        | 1942  105         22.5        
BL_W170_T2.0_D30                   105         0.340        | 1946  105         22.5        
BL_W170_T2.0_D25                   105         0.340        | 1903  105         22.5        
BL_W120_T2.8_D6                    134         0.340        | 877   134         7.1         
BL_W120_T2.6_D4                    135         0.340        | 1006  135         7.6         
BL_W120_T2.6_D6                    134         0.340        | 872   134         7.1         
BL_W120_T2.6_D8                    134         0.340        | 743   134         6.8         
BL_W120_T2.6_D10                   133         0.340        | 592   133         6.4         
BL_W150_T2.2_D10                   133         0.340        | 588   133         6.4         
BL_W170_T2.6_D10                   133         0.340        | 627   133         6.4         
BL_W170_T2.6_D8                    134         0.340        | 730   134         6.8         
BL_W170_T2.6_D6                    134         0.340        | 887   134         7.1         
BL_W170_T2.6_D4                    135         0.340        | 1084  135         7.6         
BL_W120_T2.8_D4                    135         0.340        | 970   135         7.6         
BL_W140_T1.8_D25                   105         0.340        | 1892  105         22.5        
BL_W120_T2.8_D8                    134         0.340        | 738   134         6.8         
BL_W120_T2.8_D10                   133         0.340        | 596   133         6.4         
BL_W170_T2.6_D2                    134         0.340        | 882   134         7.1         
BL_W150_T2.2_D8                    134         0.340        | 799   134         6.8         
BL_W150_T2.2_D6                    134         0.340        | 928   134         7.1         
BL_W150_T2.2_D4                    135         0.340        | 1061  135         7.6         
BL_W150_T2.2_D2                    135         0.340        | 1060  135         7.6         
BL_W120_T3.0_D4                    135         0.340        | 967   135         7.6         
BL_W120_T3.0_D6                    134         0.340        | 886   134         7.1         
BL_W70_T1.6_D40                    105         0.340        | 1908  105         22.5        
BL_W40_T2.4_D4                     135         0.340        | 1011  135         7.6         
BL_W40_T2.4_D2                     134         0.340        | 922   134         7.1         
BL_W160_T2.0_D2                    135         0.340        | 976   135         7.6         
BL_W160_T2.0_D4                    135         0.340        | 959   135         7.6         
BL_W70_T1.6_D2                     135         0.340        | 1130  135         8.1         
BL_W70_T1.6_D4                     135         0.340        | 963   135         7.6         
BL_W70_T1.6_D6                     134         0.340        | 807   134         6.8         
BL_W70_T1.6_D8                     134         0.340        | 808   134         6.8         
BL_W70_T1.6_D10                    133         0.340        | 555   133         6.4         
BL_W70_T1.6_D15                    105         0.340        | 1859  105         22.5        
BL_W70_T1.6_D20                    105         0.340        | 1905  105         22.5        
BL_W70_T1.6_D25                    105         0.340        | 1906  105         22.5        
BL_W70_T1.6_D30                    105         0.340        | 1907  105         22.5        
BL_W40_T2.4_D6                     134         0.340        | 668   134         6.8         
BL_W70_T1.8_D2                     135         0.340        | 1131  135         8.1         
BL_W70_T1.8_D4                     135         0.340        | 989   135         7.6         
BL_W70_T1.8_D6                     134         0.340        | 812   134         6.8         
BL_W70_T1.8_D8                     134         0.340        | 813   134         6.8         
BL_W70_T1.8_D10                    133         0.340        | 539   133         6.4         
BL_W160_T2.0_D6                    134         0.340        | 939   134         7.1         
BL_W160_T2.0_D8                    134         0.340        | 766   134         6.8         
BL_W160_T2.0_D10                   133         0.340        | 650   133         6.4         
BL_W190_T3.0_D10                   133         0.340        | 583   133         6.4         
BL_W190_T3.0_D8                    134         0.340        | 675   134         6.8         
BL_W70_T2.0_D2                     135         0.340        | 1132  135         8.1         
BL_W70_T2.0_D4                     135         0.340        | 980   135         7.6         
BL_W70_T2.0_D6                     134         0.340        | 815   134         6.8         
BL_W60_T2.6_D10                    133         0.340        | 642   133         6.4         
BL_W60_T2.2_D4                     135         0.340        | 1062  135         7.6         
BL_W60_T2.2_D6                     134         0.340        | 798   134         6.8         
BL_W60_T2.2_D8                     134         0.340        | 796   134         6.8         
BL_W60_T2.2_D10                    133         0.340        | 647   133         6.4         
BL_W60_T2.4_D2                     135         0.340        | 1119  135         8.1         
BL_W60_T2.4_D4                     135         0.340        | 1035  135         7.6         
BL_W60_T2.4_D6                     134         0.340        | 789   134         6.8         
BL_W60_T2.4_D8                     134         0.340        | 788   134         6.8         
BL_W60_T2.4_D10                    133         0.340        | 619   133         6.4         
BL_W60_T2.6_D2                     135         0.340        | 1116  135         8.1         
BL_W60_T2.6_D4                     135         0.340        | 1101  135         7.6         
BL_W60_T2.6_D6                     134         0.340        | 787   134         6.8         
BL_W60_T2.6_D8                     134         0.340        | 786   134         6.8         
BL_W70_T2.0_D8                     134         0.340        | 816   134         6.8         
BL_W60_T2.8_D2                     135         0.340        | 1117  135         8.1         
BL_W60_T2.8_D4                     135         0.340        | 1113  135         7.6         
BL_W60_T2.8_D6                     134         0.340        | 781   134         6.8         
BL_W60_T2.8_D8                     134         0.340        | 780   134         6.8         
BL_W60_T2.8_D10                    133         0.340        | 625   133         6.4         
BL_W60_T3.0_D2                     135         0.340        | 1118  135         8.1         
BL_W60_T3.0_D4                     135         0.340        | 1065  135         7.6         
BL_W60_T3.0_D6                     134         0.340        | 828   134         6.8         
BL_W60_T3.0_D8                     134         0.340        | 826   134         6.8         
BL_W60_T3.0_D10                    133         0.340        | 629   133         6.4         
BL_W40_T2.4_D10                    133         0.340        | 655   133         6.4         
BL_W40_T2.4_D8                     134         0.340        | 669   134         6.8         
BL_W70_T2.8_D10                    133         0.340        | 546   133         6.4         
BL_W70_T2.6_D4                     135         0.340        | 1085  135         7.6         
BL_W70_T2.6_D6                     134         0.340        | 829   134         6.8         
BL_W70_T2.6_D8                     134         0.340        | 830   134         6.8         
BL_W70_T2.6_D10                    133         0.340        | 536   133         6.4         
BL_W160_T2.2_D6                    134         0.340        | 929   134         7.1         
BL_W160_T2.2_D8                    134         0.340        | 810   134         6.8         
BL_W150_T3.0_D10                   133         0.340        | 552   133         6.4         
BL_W190_T2.6_D10                   133         0.340        | 567   133         6.4         
BL_W190_T2.6_D8                    134         0.340        | 712   134         6.8         
BL_W70_T2.8_D2                     135         0.340        | 1136  135         8.1         
BL_W70_T2.8_D4                     135         0.340        | 1070  135         7.6         
BL_W70_T2.8_D6                     134         0.340        | 832   134         6.8         
BL_W70_T2.8_D8                     134         0.340        | 793   134         6.8         
BL_W70_T2.6_D2                     135         0.340        | 1135  135         8.1         
BL_W190_T2.6_D6                    134         0.340        | 955   134         7.1         
BL_W190_T2.6_D4                    135         0.340        | 1045  135         7.6         
BL_W190_T2.6_D2                    134         0.340        | 711   134         6.8         
BL_W190_T2.4_D40                   105         0.340        | 1930  105         22.5        
BL_W190_T2.4_D30                   105         0.340        | 1929  105         22.5        
BL_W70_T3.0_D2                     135         0.340        | 1137  135         8.1         
BL_W70_T3.0_D4                     135         0.340        | 1105  135         7.6         
BL_W70_T3.0_D6                     134         0.340        | 784   134         6.8         
BL_W70_T3.0_D8                     134         0.340        | 785   134         6.8         
BL_W70_T3.0_D10                    133         0.340        | 543   133         6.4         
BL_W190_T2.4_D25                   105         0.340        | 1927  105         22.5        
BL_W190_T2.4_D20                   105         0.340        | 1926  105         22.5        
BL_W160_T2.0_D40                   105         0.340        | 1842  105         22.5        
BL_W70_T2.0_D10                    133         0.340        | 544   133         6.4         
BL_W190_T3.0_D6                    134         0.340        | 920   134         7.1         
BL_W190_T3.0_D4                    135         0.340        | 1017  135         7.6         
BL_W190_T3.0_D2                    134         0.340        | 674   134         6.8         
BL_W160_T2.0_D15                   105         0.340        | 1943  105         22.5        
BL_W160_T2.0_D20                   105         0.340        | 1944  105         22.5        
BL_W70_T2.2_D2                     135         0.340        | 1133  135         8.1         
BL_W70_T2.2_D4                     135         0.340        | 1008  135         7.6         
BL_W70_T2.2_D6                     134         0.340        | 819   134         6.8         
BL_W70_T2.2_D8                     134         0.340        | 806   134         6.8         
BL_W70_T2.2_D10                    133         0.340        | 535   133         6.4         
BL_W160_T2.0_D25                   105         0.340        | 1814  105         22.5        
BL_W160_T2.0_D30                   105         0.340        | 1827  105         22.5        
BL_W60_T2.2_D2                     135         0.340        | 1122  135         8.1         
BL_W190_T2.8_D10                   133         0.340        | 576   133         6.4         
BL_W190_T2.8_D8                    134         0.340        | 661   134         6.8         
BL_W70_T2.4_D2                     135         0.340        | 1134  135         8.1         
BL_W70_T2.4_D4                     135         0.340        | 960   135         7.6         
BL_W70_T2.4_D6                     134         0.340        | 824   134         6.8         
BL_W70_T2.4_D8                     134         0.340        | 825   134         6.8         
BL_W70_T2.4_D10                    133         0.340        | 538   133         6.4         
BL_W190_T2.8_D6                    134         0.340        | 936   134         7.1         
BL_W190_T2.8_D4                    135         0.340        | 1055  135         7.6         
BL_W190_T2.8_D2                    134         0.340        | 660   134         6.8         
BL_W160_T2.2_D2                    135         0.340        | 979   135         7.6         
BL_W160_T2.2_D4                    135         0.340        | 972   135         7.6         
BL_W50_T2.0_D2                     135         0.340        | 1097  135         7.6         
BL_W50_T1.6_D25                    105         0.340        | 1770  105         22.1        
BL_W50_T1.6_D30                    105         0.340        | 1784  105         22.1        
BL_W50_T1.6_D40                    105         0.340        | 1782  105         22.1        
BL_W50_T1.8_D2                     135         0.340        | 1110  135         7.6         
BL_W50_T1.8_D4                     135         0.340        | 1106  135         7.6         
BL_W50_T1.8_D6                     134         0.340        | 771   134         6.8         
BL_W50_T1.8_D8                     134         0.340        | 770   134         6.8         
BL_W50_T1.8_D10                    133         0.340        | 621   133         6.4         
BL_W200_T2.6_D6                    134         0.340        | 905   134         7.1         
BL_W200_T2.6_D4                    135         0.340        | 1068  135         7.6         
BL_W200_T2.6_D2                    134         0.340        | 777   134         6.8         
BL_W200_T2.4_D40                   105         0.340        | 1834  105         22.5        
BL_W200_T2.4_D30                   105         0.340        | 1833  105         22.5        
BL_W50_T1.6_D20                    105         0.340        | 1771  105         22.1        
BL_W50_T2.0_D4                     135         0.340        | 1095  135         7.6         
BL_W50_T2.0_D6                     134         0.340        | 760   134         6.8         
BL_W50_T2.0_D8                     134         0.340        | 759   134         6.8         
BL_W50_T2.0_D10                    133         0.340        | 618   133         6.4         
BL_W200_T2.4_D25                   105         0.340        | 1845  105         22.5        
BL_W200_T2.4_D20                   105         0.340        | 1882  105         22.5        
BL_W200_T2.4_D15                   105         0.340        | 1881  105         22.5        
BL_W200_T2.4_D10                   133         0.340        | 610   133         6.4         
BL_W200_T2.4_D8                    134         0.340        | 775   134         6.8         
BL_W50_T2.2_D2                     134         0.340        | 858   134         7.1         
BL_W50_T2.2_D4                     135         0.340        | 1039  135         7.6         
BL_W50_T2.2_D6                     134         0.340        | 753   134         6.8         
BL_W50_T2.2_D8                     134         0.340        | 751   134         6.8         
BL_W40_T2.6_D10                    133         0.340        | 651   133         6.4         
BL_W160_T2.6_D10                   133         0.340        | 644   133         6.4         
BL_W160_T2.8_D2                    134         0.340        | 890   134         7.1         
BL_W160_T2.8_D4                    135         0.340        | 977   135         7.6         
BL_W200_T3.0_D10                   133         0.340        | 529   133         6.4         
BL_W200_T3.0_D8                    134         0.340        | 737   134         6.8         
BL_W200_T3.0_D6                    134         0.340        | 883   134         7.1         
BL_W200_T3.0_D4                    135         0.340        | 973   135         7.6         
BL_W200_T3.0_D2                    134         0.340        | 735   134         6.8         
BL_W200_T2.8_D10                   133         0.340        | 603   133         6.4         
BL_W200_T2.8_D8                    134         0.340        | 726   134         6.8         
BL_W200_T2.8_D6                    134         0.340        | 879   134         7.1         
BL_W200_T2.8_D4                    135         0.340        | 1079  135         7.6         
BL_W200_T2.8_D2                    134         0.340        | 723   134         6.8         
BL_W50_T2.2_D10                    133         0.340        | 617   133         6.4         
BL_W40_T2.6_D8                     134         0.340        | 758   134         6.8         
BL_W40_T2.6_D6                     134         0.340        | 757   134         6.8         
BL_W40_T2.6_D4                     135         0.340        | 987   135         7.6         
BL_W40_T2.6_D2                     134         0.340        | 685   134         6.8         
BL_W200_T2.6_D10                   133         0.340        | 608   133         6.4         
BL_W200_T2.6_D8                    134         0.340        | 778   134         6.8         
BL_W50_T1.6_D2                     135         0.340        | 1074  135         7.6         
BL_W50_T1.6_D4                     135         0.340        | 1073  135         7.6         
BL_W50_T1.6_D6                     134         0.340        | 721   134         6.8         
BL_W50_T1.6_D8                     134         0.340        | 720   134         6.8         
BL_W50_T1.6_D10                    133         0.340        | 615   133         6.4         
BL_W50_T1.6_D15                    105         0.340        | 1772  105         22.1        
BL_W60_T1.6_D25                    105         0.340        | 1830  105         22.5        
BL_W50_T2.8_D10                    133         0.340        | 646   133         6.4         
BL_W50_T3.0_D2                     134         0.340        | 664   134         6.8         
BL_W50_T3.0_D4                     135         0.340        | 1054  135         7.6         
BL_W50_T3.0_D6                     134         0.340        | 716   134         6.8         
BL_W50_T3.0_D8                     134         0.340        | 715   134         6.8         
BL_W50_T3.0_D10                    133         0.340        | 641   133         6.4         
BL_W60_T1.6_D2                     135         0.340        | 1125  135         8.1         
BL_W60_T1.6_D4                     135         0.340        | 990   135         7.6         
BL_W60_T1.6_D6                     134         0.340        | 690   134         6.8         
BL_W60_T1.6_D8                     134         0.340        | 689   134         6.8         
BL_W60_T1.6_D10                    133         0.340        | 634   133         6.4         
BL_W60_T1.6_D15                    105         0.340        | 1828  105         22.5        
BL_W60_T1.6_D20                    105         0.340        | 1829  105         22.5        
BL_W50_T2.8_D8                     134         0.340        | 671   134         6.8         
BL_W60_T1.6_D30                    105         0.340        | 1795  105         22.5        
BL_W60_T1.6_D40                    105         0.340        | 1841  105         22.5        
BL_W60_T1.8_D2                     135         0.340        | 1124  135         8.1         
BL_W60_T1.8_D4                     135         0.340        | 1082  135         7.6         
BL_W60_T1.8_D6                     134         0.340        | 833   134         6.8         
BL_W60_T1.8_D8                     134         0.340        | 839   134         6.8         
BL_W60_T1.8_D10                    133         0.340        | 637   133         6.4         
BL_W60_T2.0_D2                     135         0.340        | 1123  135         8.1         
BL_W60_T2.0_D4                     135         0.340        | 1042  135         7.6         
BL_W60_T2.0_D6                     134         0.340        | 804   134         6.8         
BL_W60_T2.0_D8                     134         0.340        | 803   134         6.8         
BL_W60_T2.0_D10                    133         0.340        | 633   133         6.4         
BL_W200_T2.2_D10                   133         0.340        | 571   133         6.4         
BL_W200_T2.4_D6                    134         0.340        | 900   134         7.1         
BL_W200_T2.4_D4                    135         0.340        | 1111  135         7.6         
BL_W200_T2.4_D2                    134         0.340        | 898   134         7.1         
BL_W200_T2.2_D40                   105         0.340        | 1880  105         22.5        
BL_W200_T2.2_D30                   105         0.340        | 1879  105         22.5        
BL_W50_T2.4_D2                     134         0.340        | 946   134         7.1         
BL_W50_T2.4_D4                     135         0.340        | 1032  135         7.6         
BL_W50_T2.4_D6                     134         0.340        | 764   134         6.8         
BL_W50_T2.4_D8                     134         0.340        | 667   134         6.8         
BL_W50_T2.4_D10                    133         0.340        | 624   133         6.4         
BL_W200_T2.2_D25                   105         0.340        | 1878  105         22.5        
BL_W200_T2.2_D20                   105         0.340        | 1877  105         22.5        
BL_W200_T2.2_D15                   105         0.340        | 1876  105         22.5        
BL_W180_T2.2_D6                    134         0.340        | 860   134         7.1         
BL_W200_T2.2_D8                    134         0.340        | 772   134         6.8         
BL_W50_T2.6_D2                     134         0.340        | 681   134         6.8         
BL_W50_T2.6_D4                     135         0.340        | 1023  135         7.6         
BL_W50_T2.6_D6                     134         0.340        | 680   134         6.8         
BL_W50_T2.6_D8                     134         0.340        | 679   134         6.8         
BL_W50_T2.6_D10                    133         0.340        | 648   133         6.4         
BL_W200_T2.2_D6                    134         0.340        | 854   134         7.1         
BL_W200_T2.2_D4                    135         0.340        | 1096  135         7.6         
BL_W200_T2.2_D2                    134         0.340        | 869   134         7.1         
BL_W50_T2.8_D2                     134         0.340        | 678   134         6.8         
BL_W50_T2.8_D4                     135         0.340        | 1018  135         7.6         
BL_W50_T2.8_D6                     134         0.340        | 673   134         6.8         
BL_W180_T2.6_D2                    134         0.340        | 809   134         6.8         
BL_W90_T2.8_D4                     135         0.340        | 1020  135         7.6         
BL_W90_T2.8_D6                     134         0.340        | 925   134         7.1         
BL_W90_T2.8_D8                     134         0.340        | 677   134         6.8         
BL_W90_T2.8_D10                    133         0.340        | 581   133         6.4         
BL_W150_T2.6_D10                   133         0.340        | 533   133         6.4         
BL_W180_T2.6_D10                   133         0.340        | 542   133         6.4         
BL_W180_T2.6_D8                    134         0.340        | 817   134         6.8         
BL_W180_T2.6_D6                    134         0.340        | 873   134         7.1         
BL_W180_T2.6_D4                    135         0.340        | 1014  135         7.6         
BL_W90_T3.0_D4                     135         0.340        | 1024  135         7.6         
BL_W90_T3.0_D6                     134         0.340        | 950   134         7.1         
BL_W90_T3.0_D8                     134         0.340        | 682   134         6.8         
BL_W90_T3.0_D10                    133         0.340        | 584   133         6.4         
BL_W160_T2.4_D8                    134         0.340        | 818   134         6.8         
BL_W150_T2.6_D8                    134         0.340        | 790   134         6.8         
BL_W150_T2.6_D4                    135         0.340        | 1038  135         7.6         
BL_W150_T2.6_D2                    135         0.340        | 1036  135         7.6         
BL_W40_T1.6_D40                    105         0.340        | 1752  105         22.1        
BL_W40_T1.6_D30                    105         0.340        | 1751  105         22.1        
BL_W40_T1.6_D25                    105         0.340        | 1750  105         22.1        
BL_W40_T1.6_D20                    105         0.340        | 1749  105         22.1        
BL_W40_T1.6_D15                    105         0.340        | 1748  105         22.1        
BL_W40_T1.6_D10                    133         0.340        | 653   133         6.4         
BL_W40_T1.6_D8                     134         0.340        | 741   134         6.8         
BL_W40_T1.6_D6                     134         0.340        | 740   134         6.8         
BL_W40_T1.6_D4                     135         0.340        | 957   135         7.6         
BL_W160_T2.2_D40                   105         0.340        | 1856  105         22.5        
BL_W90_T2.2_D4                     135         0.340        | 1041  135         7.6         
BL_W90_T2.2_D6                     134         0.340        | 924   134         7.1         
BL_W90_T2.2_D8                     134         0.340        | 663   134         6.8         
BL_W90_T2.2_D10                    133         0.340        | 573   133         6.4         
BL_W180_T3.0_D2                    134         0.340        | 827   134         6.8         
BL_W150_T2.8_D8                    134         0.340        | 783   134         6.8         
BL_W150_T2.8_D6                    134         0.340        | 845   134         7.1         
BL_W150_T2.8_D4                    135         0.340        | 1098  135         7.6         
BL_W150_T2.8_D2                    134         0.340        | 871   134         7.1         
BL_W90_T2.4_D4                     135         0.340        | 1058  135         7.6         
BL_W90_T2.4_D6                     134         0.340        | 934   134         7.1         
BL_W90_T2.4_D8                     134         0.340        | 662   134         6.8         
BL_W90_T2.4_D10                    133         0.340        | 574   133         6.4         
BL_W40_T1.6_D2                     135         0.340        | 958   135         7.6         
BL_W180_T2.8_D10                   133         0.340        | 528   133         6.4         
BL_W180_T2.8_D8                    134         0.340        | 822   134         6.8         
BL_W180_T2.8_D6                    134         0.340        | 910   134         7.1         
BL_W180_T2.8_D4                    135         0.340        | 1007  135         7.6         
BL_W90_T2.6_D4                     135         0.340        | 1063  135         7.6         
BL_W90_T2.6_D6                     134         0.340        | 911   134         7.1         
BL_W90_T2.6_D8                     134         0.340        | 672   134         6.8         
BL_W90_T2.6_D10                    133         0.340        | 580   133         6.4         
BL_W180_T2.8_D2                    134         0.340        | 821   134         6.8         
BL_W160_T2.4_D2                    135         0.340        | 988   135         7.6         
BL_W160_T2.4_D4                    135         0.340        | 982   135         7.6         
BL_W160_T2.4_D6                    134         0.340        | 843   134         7.1         
BL_W180_T2.4_D2                    134         0.340        | 917   134         7.1         
BL_W100_T2.2_D4                    135         0.340        | 1104  135         7.6         
BL_W100_T2.2_D6                    134         0.340        | 852   134         7.1         
BL_W100_T2.2_D8                    134         0.340        | 769   134         6.8         
BL_W100_T2.2_D10                   133         0.340        | 568   133         6.4         
BL_W160_T2.4_D10                   133         0.340        | 658   133         6.4         
BL_W180_T2.4_D10                   133         0.340        | 630   133         6.4         
BL_W180_T2.4_D8                    134         0.340        | 831   134         6.8         
BL_W180_T2.4_D6                    134         0.340        | 875   134         7.1         
BL_W180_T2.4_D4                    135         0.340        | 985   135         7.6         
BL_W100_T2.4_D4                    135         0.340        | 1109  135         7.6         
BL_W100_T2.4_D6                    134         0.340        | 895   134         7.1         
BL_W100_T2.4_D8                    134         0.340        | 773   134         6.8         
BL_W100_T2.4_D10                   133         0.340        | 560   133         6.4         
BL_W100_T2.0_D40                   104         0.340        | 1962  104         22.9        
BL_W180_T2.2_D40                   105         0.340        | 1916  105         22.5        
BL_W180_T2.2_D30                   105         0.340        | 1923  105         22.5        
BL_W180_T2.2_D25                   105         0.340        | 1924  105         22.5        
BL_W180_T2.2_D20                   105         0.340        | 1894  105         22.5        
BL_W100_T2.6_D4                    135         0.340        | 1078  135         7.6         
BL_W100_T2.6_D6                    134         0.340        | 893   134         7.1         
BL_W100_T2.6_D8                    134         0.340        | 776   134         6.8         
BL_W100_T2.6_D10                   133         0.340        | 611   133         6.4         
BL_W180_T2.2_D15                   105         0.340        | 1889  105         22.5        
BL_W180_T2.2_D10                   133         0.340        | 649   133         6.4         
BL_W180_T2.2_D8                    134         0.340        | 754   134         6.8         
BL_W180_T2.2_D4                    135         0.340        | 1040  135         7.6         
BL_W100_T1.8_D15                   105         0.340        | 1953  105         22.5        
BL_W100_T1.6_D4                    135         0.340        | 1053  135         7.6         
BL_W100_T1.6_D6                    134         0.340        | 863   134         7.1         
BL_W100_T1.6_D8                    134         0.340        | 756   134         6.8         
BL_W100_T1.6_D10                   133         0.340        | 577   133         6.4         
BL_W100_T1.6_D15                   105         0.340        | 1945  105         22.5        
BL_W100_T1.6_D20                   105         0.340        | 1947  105         22.5        
BL_W100_T1.6_D25                   105         0.340        | 1948  105         22.5        
BL_W100_T1.6_D30                   105         0.340        | 1949  105         22.5        
BL_W100_T1.6_D40                   105         0.340        | 1950  105         22.5        
BL_W100_T1.8_D4                    135         0.340        | 1094  135         7.6         
BL_W100_T1.8_D6                    134         0.340        | 870   134         7.1         
BL_W100_T1.8_D8                    134         0.340        | 761   134         6.8         
BL_W100_T1.8_D10                   133         0.340        | 575   133         6.4         
BL_W190_T2.4_D10                   133         0.340        | 563   133         6.4         
BL_W100_T1.8_D20                   105         0.340        | 1952  105         22.5        
BL_W100_T1.8_D25                   105         0.340        | 1941  105         22.5        
BL_W100_T1.8_D30                   105         0.340        | 1940  105         22.5        
BL_W100_T1.8_D40                   105         0.340        | 1933  105         22.5        
BL_W100_T2.0_D4                    135         0.340        | 1100  135         7.6         
BL_W100_T2.0_D6                    134         0.340        | 844   134         7.1         
BL_W100_T2.0_D8                    134         0.340        | 763   134         6.8         
BL_W100_T2.0_D10                   133         0.340        | 570   133         6.4         
BL_W100_T2.0_D15                   104         0.340        | 1976  104         22.9        
BL_W100_T2.0_D20                   104         0.340        | 1979  104         22.9        
BL_W100_T2.0_D25                   104         0.340        | 1964  104         22.9        
BL_W100_T2.0_D30                   104         0.340        | 1963  104         22.9        
BL_W80_T2.2_D8                     134         0.340        | 805   134         6.8         
BL_W80_T1.8_D30                    105         0.340        | 1816  105         22.5        
BL_W80_T1.8_D40                    105         0.340        | 1815  105         22.5        
BL_W80_T2.0_D4                     135         0.340        | 1056  135         7.6         
BL_W80_T2.0_D6                     134         0.340        | 931   134         7.1         
BL_W80_T2.0_D8                     134         0.340        | 802   134         6.8         
BL_W80_T2.0_D10                    133         0.340        | 591   133         6.4         
BL_W190_T2.2_D30                   105         0.340        | 1935  105         22.5        
BL_W190_T2.2_D25                   105         0.340        | 1936  105         22.5        
BL_W190_T2.2_D20                   105         0.340        | 1925  105         22.5        
BL_W190_T2.2_D15                   105         0.340        | 1939  105         22.5        
BL_W190_T2.2_D10                   133         0.340        | 557   133         6.4         
BL_W80_T2.2_D4                     135         0.340        | 1046  135         7.6         
BL_W80_T2.2_D6                     134         0.340        | 942   134         7.1         
BL_W80_T1.8_D25                    105         0.340        | 1860  105         22.5        
BL_W80_T2.2_D10                    133         0.340        | 595   133         6.4         
BL_W190_T2.2_D8                    134         0.340        | 697   134         6.8         
BL_W190_T2.2_D6                    134         0.340        | 907   134         7.1         
BL_W190_T2.2_D4                    135         0.340        | 1102  135         7.6         
BL_W190_T2.2_D2                    134         0.340        | 935   134         7.1         
BL_W80_T2.4_D4                     135         0.340        | 1091  135         7.6         
BL_W80_T2.4_D6                     134         0.340        | 864   134         7.1         
BL_W80_T2.4_D8                     134         0.340        | 834   134         6.8         
BL_W80_T2.4_D10                    133         0.340        | 599   133         6.4         
BL_W80_T2.6_D4                     135         0.340        | 999   135         7.6         
BL_W80_T2.6_D6                     134         0.340        | 846   134         7.1         
BL_W80_T2.6_D8                     134         0.340        | 838   134         6.8         
BL_W80_T2.6_D10                    133         0.340        | 604   133         6.4         
BL_W80_T1.6_D8                     134         0.340        | 794   134         6.8         
BL_W190_T2.4_D15                   105         0.340        | 1928  105         22.5        
BL_W190_T2.4_D8                    134         0.340        | 706   134         6.8         
BL_W190_T2.4_D6                    134         0.340        | 919   134         7.1         
BL_W190_T2.4_D4                    135         0.340        | 1090  135         7.6         
BL_W40_T2.2_D10                    133         0.340        | 659   133         6.4         
BL_W40_T2.2_D8                     134         0.340        | 714   134         6.8         
BL_W40_T2.2_D6                     134         0.340        | 710   134         6.8         
BL_W40_T2.2_D4                     135         0.340        | 961   135         7.6         
BL_W40_T2.2_D2                     135         0.340        | 968   135         7.6         
BL_W190_T2.4_D2                    134         0.340        | 896   134         7.1         
BL_W190_T2.2_D40                   105         0.340        | 1934  105         22.5        
BL_W80_T1.6_D4                     135         0.340        | 1025  135         7.6         
BL_W80_T1.6_D6                     134         0.340        | 912   134         7.1         
BL_W180_T3.0_D6                    134         0.340        | 850   134         7.1         
BL_W80_T1.6_D10                    133         0.340        | 534   133         6.4         
BL_W80_T1.6_D15                    105         0.340        | 1870  105         22.5        
BL_W80_T1.6_D20                    105         0.340        | 1869  105         22.5        
BL_W80_T1.6_D25                    105         0.340        | 1868  105         22.5        
BL_W80_T1.6_D30                    105         0.340        | 1867  105         22.5        
BL_W80_T1.6_D40                    105         0.340        | 1866  105         22.5        
BL_W80_T1.8_D4                     135         0.340        | 1029  135         7.6         
BL_W80_T1.8_D6                     134         0.340        | 923   134         7.1         
BL_W80_T1.8_D8                     134         0.340        | 800   134         6.8         
BL_W80_T1.8_D10                    133         0.340        | 589   133         6.4         
BL_W80_T1.8_D15                    105         0.340        | 1865  105         22.5        
BL_W80_T1.8_D20                    105         0.340        | 1864  105         22.5        
BL_W90_T1.8_D15                    105         0.340        | 1917  105         22.5        
BL_W90_T1.6_D4                     135         0.340        | 1021  135         7.6         
BL_W90_T1.6_D6                     134         0.340        | 915   134         7.1         
BL_W90_T1.6_D8                     134         0.340        | 705   134         6.8         
BL_W90_T1.6_D10                    133         0.340        | 562   133         6.4         
BL_W90_T1.6_D15                    105         0.340        | 1911  105         22.5        
BL_W90_T1.6_D20                    105         0.340        | 1912  105         22.5        
BL_W90_T1.6_D25                    105         0.340        | 1913  105         22.5        
BL_W90_T1.6_D30                    105         0.340        | 1914  105         22.5        
BL_W90_T1.6_D40                    105         0.340        | 1904  105         22.5        
BL_W90_T1.8_D4                     135         0.340        | 1043  135         7.6         
BL_W90_T1.8_D6                     134         0.340        | 894   134         7.1         
BL_W90_T1.8_D8                     134         0.340        | 709   134         6.8         
BL_W90_T1.8_D10                    133         0.340        | 565   133         6.4         
BL_W80_T2.8_D6                     134         0.340        | 916   134         7.1         
BL_W90_T1.8_D20                    105         0.340        | 1918  105         22.5        
BL_W90_T1.8_D25                    105         0.340        | 1920  105         22.5        
BL_W90_T1.8_D30                    105         0.340        | 1921  105         22.5        
BL_W90_T1.8_D40                    105         0.340        | 1922  105         22.5        
BL_W90_T2.0_D4                     135         0.340        | 1047  135         7.6         
BL_W90_T2.0_D6                     134         0.340        | 949   134         7.1         
BL_W90_T2.0_D8                     134         0.340        | 713   134         6.8         
BL_W90_T2.0_D10                    133         0.340        | 566   133         6.4         
BL_W150_T2.8_D10                   133         0.340        | 547   133         6.4         
BL_W180_T3.0_D10                   133         0.340        | 593   133         6.4         
BL_W180_T3.0_D8                    134         0.340        | 791   134         6.8         
BL_W180_T3.0_D4                    135         0.340        | 1087  135         7.6         
BL_W40_T1.8_D4                     135         0.340        | 996   135         7.6         
BL_W80_T2.8_D4                     135         0.340        | 975   135         7.6         
BL_W80_T2.8_D8                     134         0.340        | 688   134         6.8         
BL_W80_T2.8_D10                    133         0.340        | 607   133         6.4         
BL_W80_T3.0_D4                     135         0.340        | 1004  135         7.6         
BL_W80_T3.0_D6                     134         0.340        | 899   134         7.1         
BL_W80_T3.0_D8                     134         0.340        | 692   134         6.8         
BL_W80_T3.0_D10                    133         0.340        | 613   133         6.4         
BL_W150_T3.0_D8                    134         0.340        | 811   134         6.8         
BL_W150_T3.0_D6                    134         0.340        | 913   134         7.1         
BL_W150_T3.0_D4                    135         0.340        | 991   135         7.6         
BL_W150_T3.0_D2                    134         0.340        | 862   134         7.1         
BL_W40_T2.0_D10                    133         0.340        | 549   133         6.4         
BL_W40_T2.0_D8                     134         0.340        | 696   134         6.8         
BL_W40_T2.0_D6                     134         0.340        | 701   134         6.8         
BL_W40_T2.0_D4                     135         0.340        | 1002  135         7.6         
BL_W40_T2.0_D2                     135         0.340        | 1003  135         7.6         
BL_W160_T2.2_D10                   133         0.340        | 654   133         6.4         
BL_W160_T2.2_D15                   105         0.340        | 1850  105         22.5        
BL_W160_T2.2_D20                   105         0.340        | 1852  105         22.5        
BL_W160_T2.2_D25                   105         0.340        | 1854  105         22.5        
BL_W160_T2.2_D30                   105         0.340        | 1855  105         22.5        
BL_W40_T1.8_D10                    133         0.340        | 657   133         6.4         
BL_W40_T1.8_D8                     134         0.340        | 750   134         6.8         
BL_W40_T1.8_D6                     134         0.340        | 765   134         6.8         
BL_W40_T1.8_D2                     135         0.340        | 994   135         7.6         
BL_W160_T2.6_D15                   129         0.260        | 196   129         1.7         
BL_W20_T2.4_D10                    133         0.260        | 597   133         6.4         
BL_W160_T2.4_D40                   105         0.260        | 1851  105         22.5        
BL_W160_T2.4_D30                   128         0.260        | 55    128         1.3         
BL_W160_T2.4_D25                   129         0.260        | 156   129         1.7         
BL_W160_T2.4_D20                   129         0.260        | 126   129         1.7         
BL_W160_T2.4_D15                   129         0.260        | 154   129         1.7         
BL_W20_T2.4_D2                     186         0.260        | 1995  186         59.0        
BL_W20_T2.4_D4                     135         0.260        | 1129  135         8.1         
BL_W20_T2.4_D6                     134         0.260        | 902   134         7.1         
BL_W20_T2.4_D8                     134         0.260        | 835   134         6.8         
BL_W120_T2.8_D30                   128         0.260        | 98    128         1.3         
BL_W180_T3.0_D30                   128         0.260        | 81    128         1.3         
BL_W190_T2.8_D15                   129         0.260        | 388   129         1.7         
BL_W190_T2.6_D40                   128         0.260        | 5     128         0.8         
BL_W190_T2.6_D30                   128         0.260        | 22    128         1.3         
BL_W190_T2.6_D25                   129         0.260        | 389   129         1.7         
BL_W190_T2.6_D20                   129         0.260        | 390   129         1.7         
BL_W190_T2.6_D15                   129         0.260        | 391   129         1.7         
BL_W10_T2.6_D2                     189         0.260        | 1999  189         61.9        
BL_W10_T2.6_D4                     135         0.260        | 1120  135         8.1         
BL_W10_T2.6_D6                     135         0.260        | 1107  135         7.6         
BL_W10_T2.8_D2                     189         0.260        | 1998  189         61.9        
BL_W10_T3.0_D2                     189         0.260        | 2000  189         61.9        
BL_W180_T3.0_D40                   128         0.260        | 11    128         0.8         
BL_W190_T2.8_D20                   129         0.260        | 387   129         1.7         
BL_W180_T3.0_D25                   129         0.260        | 360   129         1.7         
BL_W180_T3.0_D20                   129         0.260        | 361   129         1.7         
BL_W180_T3.0_D15                   129         0.260        | 368   129         1.7         
BL_W180_T2.8_D40                   128         0.260        | 14    128         0.8         
BL_W180_T2.8_D30                   128         0.260        | 21    128         1.3         
BL_W180_T2.8_D25                   129         0.260        | 408   129         1.7         
BL_W180_T2.8_D20                   129         0.260        | 397   129         1.7         
BL_W180_T2.8_D15                   129         0.260        | 411   129         1.7         
BL_W180_T2.6_D40                   128         0.260        | 13    128         0.8         
BL_W180_T2.6_D30                   128         0.260        | 20    128         1.3         
BL_W180_T2.6_D25                   129         0.260        | 416   129         1.7         
BL_W200_T2.6_D30                   128         0.260        | 88    128         1.3         
BL_W200_T3.0_D40                   128         0.260        | 1     128         0.8         
BL_W200_T3.0_D30                   128         0.260        | 108   128         1.3         
BL_W200_T3.0_D25                   129         0.260        | 407   129         1.7         
BL_W200_T3.0_D20                   129         0.260        | 399   129         1.7         
BL_W200_T3.0_D15                   129         0.260        | 426   129         1.7         
BL_W200_T2.8_D40                   128         0.260        | 8     128         0.8         
BL_W200_T2.8_D30                   128         0.260        | 96    128         1.3         
BL_W200_T2.8_D25                   129         0.260        | 364   129         1.7         
BL_W200_T2.8_D20                   129         0.260        | 363   129         1.7         
BL_W200_T2.8_D15                   129         0.260        | 362   129         1.7         
BL_W200_T2.6_D40                   128         0.260        | 6     128         0.8         
BL_W180_T2.6_D20                   129         0.260        | 417   129         1.7         
BL_W200_T2.6_D25                   129         0.260        | 352   129         1.7         
BL_W200_T2.6_D20                   129         0.260        | 351   129         1.7         
BL_W200_T2.6_D15                   129         0.260        | 350   129         1.7         
BL_W190_T3.0_D40                   128         0.260        | 2     128         0.8         
BL_W190_T3.0_D30                   128         0.260        | 38    128         1.3         
BL_W190_T3.0_D25                   129         0.260        | 375   129         1.7         
BL_W190_T3.0_D20                   129         0.260        | 376   129         1.7         
BL_W190_T3.0_D15                   129         0.260        | 380   129         1.7         
BL_W190_T2.8_D40                   128         0.260        | 3     128         0.8         
BL_W190_T2.8_D30                   128         0.260        | 40    128         1.3         
BL_W190_T2.8_D25                   129         0.260        | 386   129         1.7         
BL_W160_T3.0_D30                   128         0.260        | 17    128         1.3         
BL_W170_T2.4_D20                   129         0.260        | 160   129         1.7         
BL_W170_T2.4_D15                   129         0.260        | 162   129         1.7         
BL_W20_T2.0_D15                    129         0.260        | 359   129         1.7         
BL_W20_T2.0_D20                    129         0.260        | 347   129         1.7         
BL_W20_T2.0_D25                    129         0.260        | 349   129         1.7         
BL_W20_T2.0_D30                    128         0.260        | 65    128         1.3         
BL_W20_T2.2_D2                     186         0.260        | 1994  186         59.0        
BL_W20_T2.2_D4                     135         0.260        | 1127  135         8.1         
BL_W20_T2.2_D6                     134         0.260        | 937   134         7.1         
BL_W20_T2.2_D8                     134         0.260        | 820   134         6.8         
BL_W20_T2.2_D10                    133         0.260        | 606   133         6.4         
BL_W170_T2.4_D25                   129         0.260        | 209   129         1.7         
BL_W160_T3.0_D25                   129         0.260        | 164   129         1.7         
BL_W160_T3.0_D20                   129         0.260        | 163   129         1.7         
BL_W160_T3.0_D15                   129         0.260        | 161   129         1.7         
BL_W160_T2.8_D40                   104         0.260        | 1969  104         22.9        
BL_W160_T2.8_D30                   128         0.260        | 19    128         1.3         
BL_W160_T2.8_D25                   129         0.260        | 172   129         1.7         
BL_W160_T2.8_D20                   129         0.260        | 210   129         1.7         
BL_W160_T2.8_D15                   129         0.260        | 208   129         1.7         
BL_W160_T2.6_D40                   104         0.260        | 1961  104         22.9        
BL_W160_T2.6_D30                   128         0.260        | 25    128         1.3         
BL_W160_T2.6_D25                   129         0.260        | 203   129         1.7         
BL_W170_T2.8_D40                   128         0.260        | 10    128         0.8         
BL_W180_T2.6_D15                   129         0.260        | 418   129         1.7         
BL_W180_T2.4_D40                   128         0.260        | 12    128         0.8         
BL_W180_T2.4_D30                   128         0.260        | 59    128         1.3         
BL_W180_T2.4_D25                   129         0.260        | 419   129         1.7         
BL_W180_T2.4_D20                   129         0.260        | 415   129         1.7         
BL_W180_T2.4_D15                   129         0.260        | 414   129         1.7         
BL_W170_T3.0_D40                   128         0.260        | 4     128         0.8         
BL_W170_T3.0_D30                   128         0.260        | 87    128         1.3         
BL_W170_T3.0_D25                   129         0.260        | 355   129         1.7         
BL_W170_T3.0_D20                   129         0.260        | 356   129         1.7         
BL_W170_T3.0_D15                   129         0.260        | 357   129         1.7         
BL_W160_T2.6_D20                   129         0.260        | 202   129         1.7         
BL_W170_T2.8_D30                   128         0.260        | 106   128         1.3         
BL_W170_T2.8_D25                   129         0.260        | 422   129         1.7         
BL_W170_T2.8_D20                   129         0.260        | 424   129         1.7         
BL_W170_T2.8_D15                   129         0.260        | 425   129         1.7         
BL_W170_T2.6_D40                   128         0.260        | 9     128         0.8         
BL_W170_T2.6_D30                   128         0.260        | 97    128         1.3         
BL_W170_T2.6_D25                   129         0.260        | 199   129         1.7         
BL_W170_T2.6_D20                   129         0.260        | 200   129         1.7         
BL_W170_T2.6_D15                   129         0.260        | 205   129         1.7         
BL_W170_T2.4_D40                   128         0.260        | 7     128         0.8         
BL_W170_T2.4_D30                   128         0.260        | 90    128         1.3         
BL_W40_T2.0_D25                    129         0.260        | 127   129         1.7         
BL_W80_T2.6_D15                    129         0.260        | 305   129         1.7         
BL_W80_T2.6_D20                    129         0.260        | 345   129         1.7         
BL_W80_T2.6_D25                    129         0.260        | 344   129         1.7         
BL_W80_T2.6_D30                    128         0.260        | 77    128         1.3         
BL_W80_T2.8_D15                    129         0.260        | 342   129         1.7         
BL_W80_T2.8_D20                    129         0.260        | 341   129         1.7         
BL_W80_T2.8_D25                    129         0.260        | 340   129         1.7         
BL_W80_T2.8_D30                    128         0.260        | 73    128         1.3         
BL_W80_T3.0_D15                    129         0.260        | 338   129         1.7         
BL_W80_T3.0_D20                    129         0.260        | 337   129         1.7         
BL_W80_T3.0_D25                    129         0.260        | 336   129         1.7         
BL_W80_T3.0_D30                    128         0.260        | 69    128         1.3         
BL_W80_T2.4_D30                    128         0.260        | 79    128         1.3         
BL_W40_T2.0_D20                    129         0.260        | 147   129         1.7         
BL_W40_T2.0_D15                    129         0.260        | 420   129         1.7         
BL_W40_T1.8_D40                    105         0.260        | 1760  105         22.1        
BL_W40_T1.8_D30                    128         0.260        | 83    128         1.3         
BL_W40_T1.8_D25                    129         0.260        | 410   129         1.7         
BL_W40_T1.8_D20                    129         0.260        | 405   129         1.7         
BL_W40_T1.8_D15                    129         0.260        | 404   129         1.7         
BL_W90_T2.0_D15                    129         0.260        | 320   129         1.7         
BL_W90_T2.0_D20                    129         0.260        | 321   129         1.7         
BL_W90_T2.0_D25                    129         0.260        | 313   129         1.7         
BL_W90_T2.0_D30                    128         0.260        | 15    128         1.3         
BL_W90_T2.0_D40                    104         0.260        | 1978  104         22.9        
BL_W80_T2.0_D20                    129         0.260        | 287   129         1.7         
BL_W70_T2.8_D15                    129         0.260        | 296   129         1.7         
BL_W70_T2.8_D20                    129         0.260        | 306   129         1.7         
BL_W70_T2.8_D25                    129         0.260        | 307   129         1.7         
BL_W70_T2.8_D30                    128         0.260        | 74    128         1.3         
BL_W70_T3.0_D15                    129         0.260        | 308   129         1.7         
BL_W70_T3.0_D20                    129         0.260        | 309   129         1.7         
BL_W70_T3.0_D25                    129         0.260        | 310   129         1.7         
BL_W70_T3.0_D30                    128         0.260        | 63    128         1.3         
BL_W40_T2.2_D20                    129         0.260        | 153   129         1.7         
BL_W40_T2.2_D15                    129         0.260        | 155   129         1.7         
BL_W40_T2.0_D30                    128         0.260        | 118   128         1.3         
BL_W80_T2.0_D15                    129         0.260        | 286   129         1.7         
BL_W90_T2.2_D15                    129         0.260        | 323   129         1.7         
BL_W80_T2.0_D25                    129         0.260        | 279   129         1.7         
BL_W80_T2.0_D30                    128         0.260        | 53    128         1.3         
BL_W80_T2.0_D40                    104         0.260        | 1960  104         22.9        
BL_W80_T2.2_D15                    129         0.260        | 289   129         1.7         
BL_W80_T2.2_D20                    129         0.260        | 290   129         1.7         
BL_W80_T2.2_D25                    129         0.260        | 291   129         1.7         
BL_W80_T2.2_D30                    128         0.260        | 50    128         1.3         
BL_W80_T2.2_D40                    104         0.260        | 1966  104         22.9        
BL_W80_T2.4_D15                    129         0.260        | 292   129         1.7         
BL_W80_T2.4_D20                    129         0.260        | 293   129         1.7         
BL_W80_T2.4_D25                    129         0.260        | 294   129         1.7         
BL_W100_T3.0_D20                   129         0.260        | 264   129         1.7         
BL_W100_T2.4_D20                   129         0.260        | 218   129         1.7         
BL_W100_T2.4_D25                   129         0.260        | 219   129         1.7         
BL_W100_T2.4_D30                   128         0.260        | 119   128         1.3         
BL_W100_T2.6_D15                   129         0.260        | 221   129         1.7         
BL_W100_T2.6_D20                   129         0.260        | 222   129         1.7         
BL_W100_T2.6_D25                   129         0.260        | 223   129         1.7         
BL_W100_T2.6_D30                   128         0.260        | 84    128         1.3         
BL_W100_T2.8_D15                   129         0.260        | 225   129         1.7         
BL_W100_T2.8_D20                   129         0.260        | 226   129         1.7         
BL_W100_T2.8_D25                   129         0.260        | 227   129         1.7         
BL_W100_T2.8_D30                   128         0.260        | 95    128         1.3         
BL_W100_T3.0_D15                   129         0.260        | 263   129         1.7         
BL_W100_T2.4_D15                   129         0.260        | 217   129         1.7         
BL_W100_T3.0_D25                   129         0.260        | 265   129         1.7         
BL_W100_T3.0_D30                   128         0.260        | 93    128         1.3         
BL_W30_T3.0_D10                    133         0.260        | 616   133         6.4         
BL_W30_T3.0_D8                     134         0.260        | 683   134         6.8         
BL_W30_T3.0_D6                     134         0.260        | 944   134         7.1         
BL_W30_T3.0_D4                     135         0.260        | 1027  135         7.6         
BL_W110_T2.2_D15                   129         0.260        | 278   129         1.7         
BL_W110_T2.2_D20                   129         0.260        | 254   129         1.7         
BL_W110_T2.2_D25                   129         0.260        | 246   129         1.7         
BL_W110_T2.2_D30                   128         0.260        | 99    128         1.3         
BL_W110_T2.2_D40                   104         0.260        | 1972  104         22.9        
BL_W90_T2.8_D15                    129         0.260        | 230   129         1.7         
BL_W90_T2.2_D20                    129         0.260        | 324   129         1.7         
BL_W90_T2.2_D25                    129         0.260        | 325   129         1.7         
BL_W90_T2.2_D30                    128         0.260        | 18    128         1.3         
BL_W90_T2.2_D40                    104         0.260        | 1977  104         22.9        
BL_W90_T2.4_D15                    129         0.260        | 326   129         1.7         
BL_W90_T2.4_D20                    129         0.260        | 327   129         1.7         
BL_W90_T2.4_D25                    129         0.260        | 328   129         1.7         
BL_W90_T2.4_D30                    128         0.260        | 16    128         1.3         
BL_W90_T2.6_D15                    129         0.260        | 329   129         1.7         
BL_W90_T2.6_D20                    129         0.260        | 271   129         1.7         
BL_W90_T2.6_D25                    129         0.260        | 229   129         1.7         
BL_W90_T2.6_D30                    128         0.260        | 45    128         1.3         
BL_W70_T2.6_D30                    128         0.260        | 76    128         1.3         
BL_W90_T2.8_D20                    129         0.260        | 231   129         1.7         
BL_W90_T2.8_D25                    129         0.260        | 232   129         1.7         
BL_W90_T2.8_D30                    128         0.260        | 43    128         1.3         
BL_W90_T3.0_D15                    129         0.260        | 233   129         1.7         
BL_W90_T3.0_D20                    129         0.260        | 234   129         1.7         
BL_W90_T3.0_D25                    129         0.260        | 235   129         1.7         
BL_W90_T3.0_D30                    128         0.260        | 41    128         1.3         
BL_W100_T2.2_D15                   129         0.260        | 214   129         1.7         
BL_W100_T2.2_D20                   129         0.260        | 215   129         1.7         
BL_W100_T2.2_D25                   129         0.260        | 216   129         1.7         
BL_W100_T2.2_D40                   104         0.260        | 1959  104         22.9        
BL_W50_T2.8_D20                    129         0.260        | 175   129         1.7         
BL_W50_T2.2_D20                    129         0.260        | 179   129         1.7         
BL_W50_T2.2_D25                    129         0.260        | 181   129         1.7         
BL_W50_T2.2_D30                    128         0.260        | 111   128         1.3         
BL_W50_T2.4_D15                    129         0.260        | 183   129         1.7         
BL_W50_T2.4_D20                    129         0.260        | 137   129         1.7         
BL_W50_T2.4_D25                    129         0.260        | 184   129         1.7         
BL_W50_T2.4_D30                    128         0.260        | 33    128         1.3         
BL_W50_T2.6_D15                    129         0.260        | 182   129         1.7         
BL_W50_T2.6_D20                    129         0.260        | 180   129         1.7         
BL_W50_T2.6_D25                    129         0.260        | 177   129         1.7         
BL_W50_T2.6_D30                    128         0.260        | 39    128         1.3         
BL_W50_T2.8_D15                    129         0.260        | 176   129         1.7         
BL_W50_T2.2_D15                    129         0.260        | 178   129         1.7         
BL_W50_T2.8_D25                    129         0.260        | 174   129         1.7         
BL_W50_T2.8_D30                    128         0.260        | 44    128         1.3         
BL_W50_T3.0_D15                    129         0.260        | 171   129         1.7         
BL_W50_T3.0_D20                    129         0.260        | 170   129         1.7         
BL_W50_T3.0_D25                    129         0.260        | 168   129         1.7         
BL_W50_T3.0_D30                    128         0.260        | 47    128         1.3         
BL_W60_T1.8_D15                    129         0.260        | 207   129         1.7         
BL_W60_T1.8_D20                    129         0.260        | 206   129         1.7         
BL_W60_T1.8_D25                    129         0.260        | 204   129         1.7         
BL_W60_T1.8_D30                    128         0.260        | 28    128         1.3         
BL_W60_T1.8_D40                    105         0.260        | 1843  105         22.5        
BL_W60_T2.0_D15                    129         0.260        | 201   129         1.7         
BL_W40_T2.6_D15                    129         0.260        | 157   129         1.7         
BL_W40_T2.6_D30                    128         0.260        | 102   128         1.3         
BL_W40_T2.8_D2                     134         0.260        | 718   134         6.8         
BL_W40_T2.8_D4                     135         0.260        | 983   135         7.6         
BL_W40_T2.8_D6                     134         0.260        | 731   134         6.8         
BL_W40_T2.8_D8                     134         0.260        | 732   134         6.8         
BL_W40_T2.8_D10                    133         0.260        | 652   133         6.4         
BL_W40_T3.0_D2                     134         0.260        | 717   134         6.8         
BL_W40_T3.0_D4                     135         0.260        | 1010  135         7.6         
BL_W40_T3.0_D6                     134         0.260        | 746   134         6.8         
BL_W40_T3.0_D8                     134         0.260        | 745   134         6.8         
BL_W40_T3.0_D10                    133         0.260        | 632   133         6.4         
BL_W40_T2.6_D20                    129         0.260        | 158   129         1.7         
BL_W60_T2.0_D20                    129         0.260        | 185   129         1.7         
BL_W40_T2.4_D30                    128         0.260        | 92    128         1.3         
BL_W40_T2.4_D25                    129         0.260        | 152   129         1.7         
BL_W50_T1.8_D15                    129         0.260        | 165   129         1.7         
BL_W50_T1.8_D20                    129         0.260        | 166   129         1.7         
BL_W50_T1.8_D25                    129         0.260        | 167   129         1.7         
BL_W50_T1.8_D30                    128         0.260        | 115   128         1.3         
BL_W50_T1.8_D40                    105         0.260        | 1785  105         22.1        
BL_W50_T2.0_D15                    129         0.260        | 169   129         1.7         
BL_W50_T2.0_D20                    129         0.260        | 159   129         1.7         
BL_W50_T2.0_D25                    129         0.260        | 173   129         1.7         
BL_W50_T2.0_D30                    128         0.260        | 114   128         1.3         
BL_W70_T2.2_D15                    129         0.260        | 124   129         1.7         
BL_W40_T2.2_D30                    128         0.260        | 85    128         1.3         
BL_W40_T2.2_D25                    129         0.260        | 150   129         1.7         
BL_W70_T1.8_D15                    129         0.260        | 141   129         1.7         
BL_W70_T1.8_D20                    129         0.260        | 140   129         1.7         
BL_W70_T1.8_D25                    129         0.260        | 139   129         1.7         
BL_W70_T1.8_D30                    128         0.260        | 61    128         1.3         
BL_W70_T1.8_D40                    105         0.260        | 1909  105         22.5        
BL_W70_T2.0_D15                    129         0.260        | 142   129         1.7         
BL_W70_T2.0_D20                    129         0.260        | 146   129         1.7         
BL_W70_T2.0_D25                    129         0.260        | 148   129         1.7         
BL_W70_T2.0_D30                    128         0.260        | 70    128         1.3         
BL_W70_T2.0_D40                    104         0.260        | 1965  104         22.9        
BL_W40_T2.4_D15                    129         0.260        | 144   129         1.7         
BL_W70_T2.2_D20                    129         0.260        | 131   129         1.7         
BL_W70_T2.2_D25                    129         0.260        | 136   129         1.7         
BL_W70_T2.2_D30                    128         0.260        | 37    128         1.3         
BL_W70_T2.2_D40                    104         0.260        | 1967  104         22.9        
BL_W70_T2.4_D15                    129         0.260        | 298   129         1.7         
BL_W70_T2.4_D20                    129         0.260        | 299   129         1.7         
BL_W70_T2.4_D25                    129         0.260        | 300   129         1.7         
BL_W70_T2.4_D30                    128         0.260        | 26    128         1.3         
BL_W70_T2.6_D15                    129         0.260        | 302   129         1.7         
BL_W70_T2.6_D20                    129         0.260        | 303   129         1.7         
BL_W70_T2.6_D25                    129         0.260        | 304   129         1.7         
BL_W60_T2.6_D20                    129         0.260        | 186   129         1.7         
BL_W60_T2.0_D25                    129         0.260        | 197   129         1.7         
BL_W60_T2.0_D30                    128         0.260        | 66    128         1.3         
BL_W60_T2.0_D40                    104         0.260        | 1957  104         22.9        
BL_W60_T2.2_D15                    129         0.260        | 195   129         1.7         
BL_W60_T2.2_D20                    129         0.260        | 194   129         1.7         
BL_W60_T2.2_D25                    129         0.260        | 128   129         1.7         
BL_W60_T2.2_D30                    128         0.260        | 72    128         1.3         
BL_W60_T2.4_D15                    129         0.260        | 193   129         1.7         
BL_W60_T2.4_D20                    129         0.260        | 192   129         1.7         
BL_W60_T2.4_D25                    129         0.260        | 190   129         1.7         
BL_W60_T2.4_D30                    128         0.260        | 78    128         1.3         
BL_W60_T2.6_D15                    129         0.260        | 187   129         1.7         
BL_W100_T2.2_D30                   128         0.260        | 113   128         1.3         
BL_W60_T2.6_D25                    129         0.260        | 198   129         1.7         
BL_W60_T2.6_D30                    128         0.260        | 57    128         1.3         
BL_W60_T2.8_D15                    129         0.260        | 133   129         1.7         
BL_W60_T2.8_D20                    129         0.260        | 132   129         1.7         
BL_W60_T2.8_D25                    129         0.260        | 129   129         1.7         
BL_W60_T2.8_D30                    128         0.260        | 51    128         1.3         
BL_W60_T3.0_D15                    129         0.260        | 125   129         1.7         
BL_W60_T3.0_D20                    129         0.260        | 122   129         1.7         
BL_W60_T3.0_D25                    129         0.260        | 149   129         1.7         
BL_W60_T3.0_D30                    128         0.260        | 54    128         1.3         
BL_W40_T2.4_D20                    129         0.260        | 151   129         1.7         
BL_W30_T2.2_D20                    129         0.260        | 421   129         1.7         
BL_W150_T2.2_D15                   129         0.260        | 285   129         1.7         
BL_W20_T3.0_D2                     186         0.260        | 1996  186         59.0        
BL_W20_T3.0_D10                    133         0.260        | 540   133         6.4         
BL_W30_T2.4_D10                    133         0.260        | 639   133         6.4         
BL_W30_T2.4_D8                     134         0.260        | 840   134         6.8         
BL_W30_T2.4_D6                     134         0.260        | 932   134         7.1         
BL_W30_T2.4_D4                     135         0.260        | 1052  135         7.6         
BL_W30_T2.4_D2                     134         0.260        | 837   134         6.8         
BL_W30_T2.2_D30                    128         0.260        | 23    128         1.3         
BL_W30_T2.2_D25                    129         0.260        | 371   129         1.7         
BL_W150_T2.2_D20                   129         0.260        | 284   129         1.7         
BL_W30_T2.2_D15                    129         0.260        | 409   129         1.7         
BL_W130_T2.2_D15                   129         0.260        | 237   129         1.7         
BL_W130_T2.2_D20                   129         0.260        | 224   129         1.7         
BL_W130_T2.2_D25                   129         0.260        | 211   129         1.7         
BL_W130_T2.2_D30                   128         0.260        | 109   128         1.3         
BL_W130_T2.2_D40                   105         0.260        | 1931  105         22.5        
BL_W130_T2.4_D15                   129         0.260        | 213   129         1.7         
BL_W130_T2.4_D20                   129         0.260        | 212   129         1.7         
BL_W130_T2.4_D25                   129         0.260        | 220   129         1.7         
BL_W150_T2.4_D30                   128         0.260        | 60    128         1.3         
BL_W150_T2.8_D25                   129         0.260        | 330   129         1.7         
BL_W150_T2.8_D20                   129         0.260        | 297   129         1.7         
BL_W150_T2.8_D15                   129         0.260        | 301   129         1.7         
BL_W150_T2.6_D40                   104         0.260        | 1970  104         22.9        
BL_W150_T2.6_D30                   128         0.260        | 62    128         1.3         
BL_W150_T2.6_D25                   129         0.260        | 311   129         1.7         
BL_W150_T2.6_D20                   129         0.260        | 312   129         1.7         
BL_W150_T2.6_D15                   129         0.260        | 288   129         1.7         
BL_W120_T3.0_D15                   129         0.260        | 268   129         1.7         
BL_W150_T2.4_D40                   104         0.260        | 1958  104         22.9        
BL_W130_T2.4_D30                   128         0.260        | 116   128         1.3         
BL_W150_T2.4_D25                   129         0.260        | 280   129         1.7         
BL_W150_T2.4_D20                   129         0.260        | 281   129         1.7         
BL_W150_T2.4_D15                   129         0.260        | 282   129         1.7         
BL_W120_T3.0_D20                   129         0.260        | 267   129         1.7         
BL_W120_T3.0_D25                   129         0.260        | 266   129         1.7         
BL_W150_T2.2_D40                   105         0.260        | 1835  105         22.5        
BL_W120_T3.0_D30                   128         0.260        | 82    128         1.3         
BL_W150_T2.2_D30                   128         0.260        | 56    128         1.3         
BL_W150_T2.2_D25                   129         0.260        | 283   129         1.7         
BL_W140_T2.4_D30                   128         0.260        | 29    128         1.3         
BL_W30_T2.0_D20                    129         0.260        | 429   129         1.7         
BL_W30_T2.0_D15                    129         0.260        | 398   129         1.7         
BL_W140_T2.2_D15                   129         0.260        | 319   129         1.7         
BL_W140_T2.2_D20                   129         0.260        | 318   129         1.7         
BL_W140_T2.2_D25                   129         0.260        | 317   129         1.7         
BL_W140_T2.2_D30                   128         0.260        | 27    128         1.3         
BL_W140_T2.2_D40                   105         0.260        | 1919  105         22.5        
BL_W140_T2.4_D15                   129         0.260        | 316   129         1.7         
BL_W140_T2.4_D20                   129         0.260        | 315   129         1.7         
BL_W140_T2.4_D25                   129         0.260        | 314   129         1.7         
BL_W30_T2.0_D25                    129         0.260        | 423   129         1.7         
BL_W140_T2.4_D40                   104         0.260        | 1956  104         22.9        
BL_W140_T2.8_D25                   129         0.260        | 335   129         1.7         
BL_W140_T2.8_D20                   129         0.260        | 334   129         1.7         
BL_W140_T2.8_D15                   129         0.260        | 333   129         1.7         
BL_W140_T2.6_D40                   104         0.260        | 1968  104         22.9        
BL_W140_T2.6_D30                   128         0.260        | 30    128         1.3         
BL_W140_T2.6_D25                   129         0.260        | 332   129         1.7         
BL_W140_T2.6_D20                   129         0.260        | 331   129         1.7         
BL_W140_T2.6_D15                   129         0.260        | 322   129         1.7         
BL_W130_T2.8_D25                   129         0.260        | 239   129         1.7         
BL_W130_T2.4_D40                   104         0.260        | 1975  104         22.9        
BL_W130_T2.6_D15                   129         0.260        | 244   129         1.7         
BL_W130_T2.6_D20                   129         0.260        | 243   129         1.7         
BL_W130_T2.6_D25                   129         0.260        | 242   129         1.7         
BL_W130_T2.6_D30                   128         0.260        | 32    128         1.3         
BL_W140_T3.0_D30                   128         0.260        | 49    128         1.3         
BL_W130_T2.8_D15                   129         0.260        | 241   129         1.7         
BL_W140_T3.0_D25                   129         0.260        | 295   129         1.7         
BL_W130_T2.8_D20                   129         0.260        | 240   129         1.7         
BL_W110_T2.4_D20                   129         0.260        | 248   129         1.7         
BL_W130_T2.8_D30                   128         0.260        | 35    128         1.3         
BL_W140_T3.0_D20                   129         0.260        | 343   129         1.7         
BL_W130_T3.0_D15                   129         0.260        | 238   129         1.7         
BL_W130_T3.0_D20                   129         0.260        | 228   129         1.7         
BL_W130_T3.0_D25                   129         0.260        | 236   129         1.7         
BL_W130_T3.0_D30                   128         0.260        | 31    128         1.3         
BL_W140_T3.0_D15                   129         0.260        | 339   129         1.7         
BL_W140_T2.8_D30                   128         0.260        | 68    128         1.3         
BL_W30_T2.0_D30                    128         0.260        | 75    128         1.3         
BL_W110_T2.8_D20                   129         0.260        | 245   129         1.7         
BL_W110_T2.4_D15                   129         0.260        | 247   129         1.7         
BL_W120_T2.2_D25                   129         0.260        | 256   129         1.7         
BL_W120_T2.2_D20                   129         0.260        | 260   129         1.7         
BL_W30_T2.6_D2                     134         0.260        | 691   134         6.8         
BL_W30_T2.6_D4                     135         0.260        | 981   135         7.6         
BL_W30_T2.6_D6                     134         0.260        | 903   134         7.1         
BL_W30_T2.6_D8                     134         0.260        | 698   134         6.8         
BL_W30_T2.6_D10                    133         0.260        | 638   133         6.4         
BL_W20_T2.6_D2                     186         0.260        | 1997  186         59.0        
BL_W20_T2.8_D10                    133         0.260        | 537   133         6.4         
BL_W20_T2.8_D2                     186         0.260        | 1993  186         59.0        
BL_W20_T2.6_D4                     135         0.260        | 1115  135         8.1         
BL_W150_T2.8_D30                   128         0.260        | 67    128         1.3         
BL_W110_T2.8_D15                   129         0.260        | 253   129         1.7         
BL_W120_T2.2_D15                   129         0.260        | 261   129         1.7         
BL_W30_T2.8_D4                     135         0.260        | 1059  135         7.6         
BL_W30_T2.8_D6                     134         0.260        | 930   134         7.1         
BL_W110_T2.8_D25                   129         0.260        | 255   129         1.7         
BL_W30_T2.8_D8                     134         0.260        | 666   134         6.8         
BL_W30_T2.8_D10                    133         0.260        | 645   133         6.4         
BL_W110_T2.8_D30                   128         0.260        | 121   128         1.3         
BL_W110_T3.0_D15                   129         0.260        | 257   129         1.7         
BL_W20_T2.6_D10                    133         0.260        | 587   133         6.4         
BL_W110_T3.0_D20                   129         0.260        | 258   129         1.7         
BL_W20_T2.6_D8                     134         0.260        | 797   134         6.8         
BL_W20_T2.6_D6                     134         0.260        | 921   134         7.1         
BL_W110_T3.0_D30                   128         0.260        | 117   128         1.3         
BL_W110_T3.0_D25                   129         0.260        | 259   129         1.7         
BL_W110_T2.6_D30                   128         0.260        | 89    128         1.3         
BL_W110_T2.4_D25                   129         0.260        | 249   129         1.7         
BL_W150_T3.0_D15                   129         0.260        | 143   129         1.7         
BL_W110_T2.4_D30                   128         0.260        | 94    128         1.3         
BL_W150_T3.0_D20                   129         0.260        | 145   129         1.7         
BL_W110_T2.4_D40                   104         0.260        | 1973  104         22.9        
BL_W150_T3.0_D25                   129         0.260        | 138   129         1.7         
BL_W150_T3.0_D30                   128         0.260        | 58    128         1.3         
BL_W40_T2.6_D25                    129         0.260        | 123   129         1.7         
BL_W110_T2.6_D15                   129         0.260        | 250   129         1.7         
BL_W120_T2.8_D25                   129         0.260        | 269   129         1.7         
BL_W120_T2.8_D20                   129         0.260        | 270   129         1.7         
BL_W120_T2.8_D15                   129         0.260        | 262   129         1.7         
BL_W110_T2.6_D20                   129         0.260        | 251   129         1.7         
BL_W110_T2.6_D25                   129         0.260        | 252   129         1.7         
BL_W120_T2.6_D30                   128         0.260        | 103   128         1.3         
BL_W120_T2.6_D20                   129         0.260        | 273   129         1.7         
BL_W120_T2.6_D25                   129         0.260        | 272   129         1.7         
BL_W120_T2.6_D15                   129         0.260        | 274   129         1.7         
BL_W120_T2.4_D40                   104         0.260        | 1971  104         22.9        
BL_W120_T2.2_D30                   128         0.260        | 86    128         1.3         
BL_W120_T2.4_D30                   128         0.260        | 105   128         1.3         
BL_W120_T2.4_D25                   129         0.260        | 275   129         1.7         
BL_W120_T2.4_D20                   129         0.260        | 276   129         1.7         
BL_W120_T2.2_D40                   104         0.260        | 1974  104         22.9        
BL_W120_T2.4_D15                   129         0.260        | 277   129         1.7         
BL_W30_T2.8_D2                     159         0.130        | 1991  159         31.7        
BL_W30_T3.0_D2                     159         0.130        | 1992  159         31.7        
BL_W20_T2.4_D20                    129         0.126        | 366   129         1.7         
BL_W40_T2.6_D40                    124         0.126        | 513   124         2.6         
BL_W20_T2.6_D25                    129         0.126        | 431   129         1.7         
BL_W140_T2.8_D40                   125         0.126        | 455   125         2.1         
BL_W20_T2.4_D25                    129         0.126        | 367   129         1.7         
BL_W40_T2.8_D25                    129         0.126        | 135   129         1.7         
BL_W20_T2.4_D30                    128         0.126        | 52    128         1.3         
BL_W60_T2.8_D40                    125         0.126        | 462   125         2.1         
BL_W40_T2.8_D20                    129         0.126        | 134   129         1.7         
BL_W60_T2.6_D40                    125         0.126        | 452   125         2.1         
BL_W40_T2.8_D15                    129         0.126        | 130   129         1.7         
BL_W20_T3.0_D30                    128         0.126        | 71    128         1.3         
BL_W50_T2.4_D40                    125         0.126        | 444   125         2.1         
BL_W150_T2.8_D40                   125         0.126        | 438   125         2.1         
BL_W50_T2.2_D40                    125         0.126        | 486   125         2.1         
BL_W50_T2.6_D40                    125         0.126        | 457   125         2.1         
BL_W150_T3.0_D40                   125         0.126        | 445   125         2.1         
BL_W50_T2.0_D40                    125         0.126        | 480   125         2.1         
BL_W50_T2.8_D40                    125         0.126        | 463   125         2.1         
BL_W20_T2.8_D30                    128         0.126        | 64    128         1.3         
BL_W50_T3.0_D40                    125         0.126        | 458   125         2.1         
BL_W20_T3.0_D15                    129         0.126        | 402   129         1.7         
BL_W20_T3.0_D20                    129         0.126        | 403   129         1.7         
BL_W20_T2.8_D25                    129         0.126        | 435   129         1.7         
BL_W20_T3.0_D25                    129         0.126        | 406   129         1.7         
BL_W40_T2.8_D30                    128         0.126        | 107   128         1.3         
BL_W20_T2.8_D20                    129         0.126        | 433   129         1.7         
BL_W20_T2.8_D15                    129         0.126        | 430   129         1.7         
BL_W40_T2.4_D40                    124         0.126        | 519   124         2.6         
BL_W20_T2.6_D30                    128         0.126        | 48    128         1.3         
BL_W40_T3.0_D30                    128         0.126        | 100   128         1.3         
BL_W60_T2.2_D40                    125         0.126        | 437   125         2.1         
BL_W140_T3.0_D40                   125         0.126        | 443   125         2.1         
BL_W40_T3.0_D25                    129         0.126        | 191   129         1.7         
BL_W40_T3.0_D20                    129         0.126        | 189   129         1.7         
BL_W40_T3.0_D15                    129         0.126        | 188   129         1.7         
BL_W20_T2.6_D20                    129         0.126        | 432   129         1.7         
BL_W20_T2.6_D15                    129         0.126        | 434   129         1.7         
BL_W60_T2.4_D40                    125         0.126        | 461   125         2.1         
BL_W10_T3.0_D6                     135         0.126        | 1033  135         7.6         
BL_W90_T2.8_D40                    125         0.126        | 442   125         2.1         
BL_W30_T2.6_D20                    129         0.126        | 395   129         1.7         
BL_W30_T2.6_D15                    129         0.126        | 396   129         1.7         
BL_W90_T2.6_D40                    125         0.126        | 465   125         2.1         
BL_W90_T2.4_D40                    125         0.126        | 464   125         2.1         
BL_W120_T2.6_D40                   125         0.126        | 487   125         2.1         
BL_W10_T3.0_D30                    128         0.126        | 42    128         1.3         
BL_W10_T3.0_D25                    129         0.126        | 374   129         1.7         
BL_W10_T3.0_D15                    129         0.126        | 499   129         2.3         
BL_W30_T2.6_D25                    129         0.126        | 394   129         1.7         
BL_W10_T3.0_D4                     135         0.126        | 1142  135         8.1         
BL_W120_T2.8_D40                   125         0.126        | 483   125         2.1         
BL_W60_T3.0_D40                    125         0.126        | 436   125         2.1         
BL_W10_T2.8_D25                    129         0.126        | 382   129         1.7         
BL_W10_T2.8_D15                    129         0.126        | 501   129         2.3         
BL_W10_T2.8_D6                     135         0.126        | 1093  135         7.6         
BL_W10_T2.8_D4                     135         0.126        | 1121  135         8.1         
BL_W10_T2.6_D30                    128         0.126        | 112   128         1.3         
BL_W110_T3.0_D40                   125         0.126        | 468   125         2.1         
BL_W30_T3.0_D15                    129         0.126        | 377   129         1.7         
BL_W30_T3.0_D20                    129         0.126        | 378   129         1.7         
BL_W30_T3.0_D25                    129         0.126        | 379   129         1.7         
BL_W30_T3.0_D30                    128         0.126        | 120   128         1.3         
BL_W100_T3.0_D40                   125         0.126        | 477   125         2.1         
BL_W110_T2.6_D40                   125         0.126        | 472   125         2.1         
BL_W100_T2.8_D40                   125         0.126        | 476   125         2.1         
BL_W110_T2.8_D40                   125         0.126        | 470   125         2.1         
BL_W100_T2.6_D40                   125         0.126        | 474   125         2.1         
BL_W10_T2.8_D30                    128         0.126        | 36    128         1.3         
BL_W100_T2.4_D40                   125         0.126        | 471   125         2.1         
BL_W30_T2.8_D30                    128         0.126        | 34    128         1.3         
BL_W30_T2.8_D25                    129         0.126        | 381   129         1.7         
BL_W30_T2.8_D20                    129         0.126        | 384   129         1.7         
BL_W30_T2.8_D15                    129         0.126        | 372   129         1.7         
BL_W20_T2.4_D15                    129         0.126        | 365   129         1.7         
BL_W90_T3.0_D40                    125         0.126        | 466   125         2.1         
BL_W30_T2.6_D30                    128         0.126        | 46    128         1.3         
BL_W70_T2.6_D40                    125         0.126        | 456   125         2.1         
BL_W20_T2.0_D40                    124         0.126        | 516   124         2.6         
BL_W30_T2.0_D40                    125         0.126        | 440   125         2.1         
BL_W130_T3.0_D40                   125         0.126        | 488   125         2.1         
BL_W30_T2.4_D20                    129         0.126        | 358   129         1.7         
BL_W30_T2.4_D15                    129         0.126        | 385   129         1.7         
BL_W80_T2.6_D40                    125         0.126        | 449   125         2.1         
BL_W70_T2.4_D40                    125         0.126        | 447   125         2.1         
BL_W10_T2.6_D25                    129         0.126        | 392   129         1.7         
BL_W30_T2.4_D25                    129         0.126        | 348   129         1.7         
BL_W80_T2.4_D40                    125         0.126        | 451   125         2.1         
BL_W130_T2.8_D40                   125         0.126        | 481   125         2.1         
BL_W30_T2.2_D40                    125         0.126        | 441   125         2.1         
BL_W40_T2.0_D40                    124         0.126        | 520   124         2.6         
BL_W70_T2.8_D40                    125         0.126        | 450   125         2.1         
BL_W130_T2.6_D40                   125         0.126        | 473   125         2.1         
BL_W70_T3.0_D40                    125         0.126        | 459   125         2.1         
BL_W160_T3.0_D40                   125         0.126        | 448   125         2.1         
BL_W80_T2.8_D40                    125         0.126        | 453   125         2.1         
BL_W20_T2.2_D20                    129         0.126        | 354   129         1.7         
BL_W10_T2.6_D20                    129         0.126        | 393   129         1.7         
BL_W20_T2.2_D25                    129         0.126        | 346   129         1.7         
BL_W10_T2.6_D15                    129         0.126        | 498   129         2.3         
BL_W30_T2.4_D30                    128         0.126        | 24    128         1.3         
BL_W120_T3.0_D40                   125         0.126        | 478   125         2.1         
BL_W20_T2.2_D15                    129         0.126        | 353   129         1.7         
BL_W80_T3.0_D40                    125         0.126        | 454   125         2.1         
BL_W10_T2.6_D8                     129         0.126        | 506   129         2.5         
BL_W20_T2.2_D30                    128         0.126        | 80    128         1.3         
BL_W10_T2.6_D10                    129         0.126        | 493   129         2.3         
BL_W40_T2.2_D40                    124         0.126        | 518   124         2.6         
BL_W20_T2.4_D40                    124         0.050        | 512   124         2.6         
BL_W20_T2.2_D40                    109         0.050        | 1245  109         18.1        
BL_W30_T3.0_D40                    125         0.050        | 479   125         2.1         
BL_W30_T2.8_D40                    125         0.050        | 439   125         2.1         
BL_W40_T2.8_D40                    124         0.050        | 511   124         2.6         
BL_W20_T2.8_D6                     124         0.050        | 523   124         3.2         
BL_W20_T3.0_D4                     124         0.050        | 525   124         3.2         
BL_W10_T2.6_D40                    125         0.050        | 467   125         2.1         
BL_W10_T2.8_D8                     129         0.050        | 504   129         2.5         
BL_W10_T2.8_D10                    129         0.050        | 500   129         2.3         
BL_W10_T2.8_D20                    129         0.050        | 383   129         1.7         
BL_W10_T2.8_D40                    125         0.050        | 484   125         2.1         
BL_W30_T2.4_D40                    109         0.050        | 1271  109         18.1        
BL_W10_T3.0_D8                     129         0.050        | 507   129         2.5         
BL_W10_T3.0_D10                    129         0.050        | 502   129         2.3         
BL_W10_T3.0_D20                    129         0.050        | 373   129         1.7         
BL_W20_T3.0_D40                    124         0.050        | 517   124         2.6         
BL_W10_T3.0_D40                    125         0.050        | 446   125         2.1         
BL_W20_T2.8_D40                    124         0.050        | 510   124         2.6         
BL_W20_T3.0_D6                     124         0.050        | 521   124         3.2         
BL_W20_T3.0_D8                     124         0.050        | 526   124         3.2         
BL_W20_T2.8_D8                     124         0.050        | 522   124         3.2         
BL_W20_T2.8_D4                     124         0.050        | 524   124         3.2         
BL_W20_T2.6_D40                    124         0.050        | 515   124         2.6         
BL_W30_T2.6_D40                    125         0.050        | 460   125         2.1         
BL_W40_T3.0_D40                    124         0.050        | 514   124         2.6         


=== DETAILED DETECTOR RESULTS ===

Detector: BL_W10_T1.2_D2
Best Detection: 136 mmHg (confidence: 0.900)
Top 10 readings:
  Rank  Pressure    Confidence  
  ------------------------------
  1     136         0.900
  2     133         0.900
  3     129         0.820
  4     125         0.740
  5     122         0.740
  6     120         0.660
  7     114         0.580
  8     111         0.500
  9     106         0.420
  10    102         0.340

Detector: BL_W10_T1.2_D4
Best Detection: 135 mmHg (confidence: 1.060)
Top 10 readings:
  Rank  Pressure    Confidence  
  ------------------------------
  1     135         1.060
  2     129         0.980
  3     125         0.900
  4     122         0.900
  5     120         0.820
  6     114         0.740
  7     111         0.660
  8     106         0.580
  9     102         0.500
  10    96          0.420

Detector: BL_W10_T1.2_D6
Best Detection: 135 mmHg (confidence: 1.060)
Top 10 readings:
  Rank  Pressure    Confidence  
  ------------------------------
  1     135         1.060
  2     129         0.980
  3     125         0.900
  4     122         0.900
  5     120         0.820
  6     114         0.740
  7     111         0.660
  8     106         0.580
  9     102         0.500
  10    96          0.420

Detector: BL_W10_T1.2_D8
Best Detection: 129 mmHg (confidence: 0.980)
Top 10 readings:
  Rank  Pressure    Confidence  
  ------------------------------
  1     129         0.980
  2     125         0.900
  3     122         0.900
  4     120         0.820
  5     114         0.740
  6     111         0.660
  7     106         0.580
  8     102         0.500
  9     96          0.420
  10    92          0.340

Detector: BL_W10_T1.2_D10
Best Detection: 129 mmHg (confidence: 0.980)
Top 10 readings:
  Rank  Pressure    Confidence  
  ------------------------------
  1     129         0.980
  2     125         0.900
  3     122         0.900
  4     120         0.820
  5     114         0.740
  6     111         0.660
  7     106         0.580
  8     102         0.500
  9     96          0.420
  10    92          0.340

Detector: BL_W10_T1.2_D15
Best Detection: 129 mmHg (confidence: 0.980)
Top 10 readings:
  Rank  Pressure    Confidence  
  ------------------------------
  1     129         0.980
  2     125         0.900
  3     122         0.900
  4     120         0.820
  5     114         0.740
  6     111         0.660
  7     106         0.580
  8     102         0.500
  9     96          0.420
  10    92          0.340

Detector: BL_W10_T1.2_D20
Best Detection: 129 mmHg (confidence: 0.980)
Top 10 readings:
  Rank  Pressure    Confidence  
  ------------------------------
  1     129         0.980
  2     125         0.900
  3     120         0.820
  4     114         0.740
  5     111         0.660
  6     106         0.580
  7     102         0.500
  8     96          0.420
  9     92          0.340
  10    88          0.260

Detector: BL_W10_T1.2_D25
Best Detection: 129 mmHg (confidence: 0.980)
Top 10 readings:
  Rank  Pressure    Confidence  
  ------------------------------
  1     129         0.980
  2     125         0.900
  3     120         0.820
  4     114         0.740
  5     111         0.660
  6     106         0.580
  7     102         0.500
  8     96          0.420
  9     92          0.340
  10    88          0.260

Detector: BL_W10_T1.2_D30
Best Detection: 128 mmHg (confidence: 0.980)
Top 10 readings:
  Rank  Pressure    Confidence  
  ------------------------------
  1     128         0.980
  2     125         0.900
  3     120         0.820
  4     114         0.740
  5     111         0.660
  6     106         0.580
  7     102         0.500
  8     96          0.420
  9     92          0.340
  10    88          0.260

Detector: BL_W10_T1.2_D40
Best Detection: 125 mmHg (confidence: 0.900)
Top 10 readings:
  Rank  Pressure    Confidence  
  ------------------------------
  1     125         0.900
  2     120         0.820
  3     114         0.740
  4     111         0.660
  5     106         0.580
  6     102         0.500
  7     96          0.420
  8     92          0.340
  9     88          0.260
  10    83          0.126

Detector: BL_W10_T1.4_D2
Best Detection: 135 mmHg (confidence: 1.060)
Top 10 readings:
  Rank  Pressure    Confidence  
  ------------------------------
  1     135         1.060
  2     129         0.980
  3     125         0.900
  4     120         0.820
  5     114         0.740
  6     111         0.660
  7     106         0.580
  8     102         0.500
  9     96          0.420
  10    92          0.340

Detector: BL_W10_T1.4_D4
Best Detection: 135 mmHg (confidence: 1.060)
Top 10 readings:
  Rank  Pressure    Confidence  
  ------------------------------
  1     135         1.060
  2     129         0.980
  3     125         0.900
  4     120         0.820
  5     114         0.740
  6     111         0.660
  7     106         0.580
  8     102         0.500
  9     96          0.420
  10    92          0.340

Detector: BL_W10_T1.4_D6
Best Detection: 135 mmHg (confidence: 1.060)
Top 10 readings:
  Rank  Pressure    Confidence  
  ------------------------------
  1     135         1.060
  2     129         0.980
  3     125         0.900
  4     120         0.820
  5     114         0.740
  6     111         0.660
  7     106         0.580
  8     102         0.500
  9     96          0.420
  10    92          0.340

Detector: BL_W10_T1.4_D8
Best Detection: 129 mmHg (confidence: 0.980)
Top 10 readings:
  Rank  Pressure    Confidence  
  ------------------------------
  1     129         0.980
  2     125         0.900
  3     120         0.820
  4     114         0.740
  5     111         0.660
  6     106         0.580
  7     102         0.500
  8     96          0.420
  9     92          0.340
  10    88          0.260

Detector: BL_W10_T1.4_D10
Best Detection: 129 mmHg (confidence: 0.980)
Top 10 readings:
  Rank  Pressure    Confidence  
  ------------------------------
  1     129         0.980
  2     125         0.900
  3     120         0.820
  4     114         0.740
  5     111         0.660
  6     106         0.580
  7     102         0.500
  8     96          0.420
  9     92          0.340
  10    88          0.260

Detector: BL_W10_T1.4_D15
Best Detection: 129 mmHg (confidence: 0.980)
Top 10 readings:
  Rank  Pressure    Confidence  
  ------------------------------
  1     129         0.980
  2     125         0.900
  3     120         0.820
  4     114         0.740
  5     111         0.660
  6     106         0.580
  7     102         0.500
  8     96          0.420
  9     92          0.340
  10    88          0.260

Detector: BL_W10_T1.4_D20
Best Detection: 129 mmHg (confidence: 0.980)
Top 10 readings:
  Rank  Pressure    Confidence  
  ------------------------------
  1     129         0.980
  2     125         0.900
  3     120         0.820
  4     114         0.740
  5     111         0.660
  6     106         0.580
  7     102         0.500
  8     96          0.420
  9     92          0.340
  10    88          0.260

Detector: BL_W10_T1.4_D25
Best Detection: 129 mmHg (confidence: 0.980)
Top 10 readings:
  Rank  Pressure    Confidence  
  ------------------------------
  1     129         0.980
  2     125         0.900
  3     120         0.820
  4     114         0.740
  5     111         0.660
  6     106         0.580
  7     102         0.500
  8     96          0.420
  9     92          0.340
  10    88          0.260

Detector: BL_W10_T1.4_D30
Best Detection: 128 mmHg (confidence: 0.980)
Top 10 readings:
  Rank  Pressure    Confidence  
  ------------------------------
  1     128         0.980
  2     125         0.900
  3     120         0.820
  4     114         0.740
  5     111         0.660
  6     106         0.580
  7     102         0.500
  8     96          0.420
  9     92          0.340
  10    88          0.260

Detector: BL_W10_T1.4_D40
Best Detection: 125 mmHg (confidence: 0.900)
Top 10 readings:
  Rank  Pressure    Confidence  
  ------------------------------
  1     125         0.900
  2     120         0.820
  3     114         0.740
  4     111         0.660
  5     106         0.580
  6     102         0.500
  7     96          0.420
  8     92          0.340
  9     88          0.260
  10    83          0.126

Detector: BL_W10_T1.6_D2
Best Detection: 135 mmHg (confidence: 1.060)
Top 10 readings:
  Rank  Pressure    Confidence  
  ------------------------------
  1     135         1.060
  2     129         0.980
  3     125         0.900
  4     120         0.820
  5     114         0.740
  6     111         0.660
  7     106         0.580
  8     101         0.500
  9     96          0.420
  10    92          0.340

Detector: BL_W10_T1.6_D4
Best Detection: 135 mmHg (confidence: 1.060)
Top 10 readings:
  Rank  Pressure    Confidence  
  ------------------------------
  1     135         1.060
  2     129         0.980
  3     125         0.900
  4     120         0.820
  5     114         0.740
  6     111         0.660
  7     106         0.580
  8     101         0.500
  9     96          0.420
  10    92          0.340

Detector: BL_W10_T1.6_D6
Best Detection: 135 mmHg (confidence: 1.060)
Top 10 readings:
  Rank  Pressure    Confidence  
  ------------------------------
  1     135         1.060
  2     129         0.980
  3     125         0.900
  4     120         0.820
  5     114         0.740
  6     111         0.660
  7     106         0.580
  8     101         0.500
  9     96          0.420
  10    92          0.340

Detector: BL_W10_T1.6_D8
Best Detection: 129 mmHg (confidence: 0.980)
Top 10 readings:
  Rank  Pressure    Confidence  
  ------------------------------
  1     129         0.980
  2     125         0.900
  3     120         0.820
  4     114         0.740
  5     111         0.660
  6     106         0.580
  7     101         0.500
  8     96          0.420
  9     92          0.340
  10    88          0.260

Detector: BL_W10_T1.6_D10
Best Detection: 129 mmHg (confidence: 0.980)
Top 10 readings:
  Rank  Pressure    Confidence  
  ------------------------------
  1     129         0.980
  2     125         0.900
  3     120         0.820
  4     114         0.740
  5     111         0.660
  6     106         0.580
  7     101         0.500
  8     96          0.420
  9     92          0.340
  10    88          0.260

Detector: BL_W10_T1.6_D15
Best Detection: 129 mmHg (confidence: 0.980)
Top 10 readings:
  Rank  Pressure    Confidence  
  ------------------------------
  1     129         0.980
  2     125         0.900
  3     120         0.820
  4     114         0.740
  5     111         0.660
  6     106         0.580
  7     101         0.500
  8     96          0.420
  9     92          0.340
  10    88          0.260

Detector: BL_W10_T1.6_D20
Best Detection: 129 mmHg (confidence: 0.980)
Top 10 readings:
  Rank  Pressure    Confidence  
  ------------------------------
  1     129         0.980
  2     125         0.900
  3     120         0.820
  4     114         0.740
  5     111         0.660
  6     106         0.580
  7     101         0.500
  8     96          0.420
  9     92          0.340
  10    88          0.260

Detector: BL_W10_T1.6_D25
Best Detection: 129 mmHg (confidence: 0.980)
Top 10 readings:
  Rank  Pressure    Confidence  
  ------------------------------
  1     129         0.980
  2     125         0.900
  3     120         0.820
  4     114         0.740
  5     111         0.660
  6     106         0.580
  7     101         0.500
  8     96          0.420
  9     92          0.340
  10    88          0.260

Detector: BL_W10_T1.6_D30
Best Detection: 128 mmHg (confidence: 0.980)
Top 10 readings:
  Rank  Pressure    Confidence  
  ------------------------------
  1     128         0.980
  2     125         0.900
  3     120         0.820
  4     114         0.740
  5     111         0.660
  6     106         0.580
  7     101         0.500
  8     96          0.420
  9     92          0.340
  10    88          0.260

Detector: BL_W10_T1.6_D40
Best Detection: 125 mmHg (confidence: 0.900)
Top 10 readings:
  Rank  Pressure    Confidence  
  ------------------------------
  1     125         0.900
  2     120         0.820
  3     114         0.740
  4     111         0.660
  5     106         0.580
  6     101         0.500
  7     96          0.420
  8     92          0.340
  9     88          0.260
  10    83          0.126

Detector: BL_W10_T1.8_D2
Best Detection: 134 mmHg (confidence: 1.060)
Top 10 readings:
  Rank  Pressure    Confidence  
  ------------------------------
  1     134         1.060
  2     129         0.980
  3     125         0.900
  4     120         0.820
  5     114         0.740
  6     111         0.660
  7     106         0.580
  8     101         0.500
  9     96          0.420
  10    92          0.340

Detector: BL_W10_T1.8_D4
Best Detection: 135 mmHg (confidence: 1.060)
Top 10 readings:
  Rank  Pressure    Confidence  
  ------------------------------
  1     135         1.060
  2     129         0.980
  3     125         0.900
  4     120         0.820
  5     114         0.740
  6     111         0.660
  7     106         0.580
  8     101         0.500
  9     96          0.420
  10    92          0.340

Detector: BL_W10_T1.8_D6
Best Detection: 135 mmHg (confidence: 1.060)
Top 10 readings:
  Rank  Pressure    Confidence  
  ------------------------------
  1     135         1.060
  2     129         0.980
  3     125         0.900
  4     120         0.820
  5     114         0.740
  6     111         0.660
  7     106         0.580
  8     101         0.500
  9     96          0.420
  10    92          0.340

Detector: BL_W10_T1.8_D8
Best Detection: 129 mmHg (confidence: 0.980)
Top 10 readings:
  Rank  Pressure    Confidence  
  ------------------------------
  1     129         0.980
  2     125         0.900
  3     120         0.820
  4     114         0.740
  5     111         0.660
  6     106         0.580
  7     101         0.500
  8     96          0.420
  9     92          0.340
  10    88          0.260

Detector: BL_W10_T1.8_D10
Best Detection: 129 mmHg (confidence: 0.980)
Top 10 readings:
  Rank  Pressure    Confidence  
  ------------------------------
  1     129         0.980
  2     125         0.900
  3     120         0.820
  4     114         0.740
  5     111         0.660
  6     106         0.580
  7     101         0.500
  8     96          0.420
  9     92          0.340
  10    88          0.260

Detector: BL_W10_T1.8_D15
Best Detection: 129 mmHg (confidence: 0.980)
Top 10 readings:
  Rank  Pressure    Confidence  
  ------------------------------
  1     129         0.980
  2     125         0.900
  3     120         0.820
  4     114         0.740
  5     111         0.660
  6     106         0.580
  7     101         0.500
  8     96          0.420
  9     92          0.340
  10    88          0.260

Detector: BL_W10_T1.8_D20
Best Detection: 129 mmHg (confidence: 0.980)
Top 10 readings:
  Rank  Pressure    Confidence  
  ------------------------------
  1     129         0.980
  2     125         0.900
  3     120         0.820
  4     114         0.740
  5     111         0.660
  6     106         0.580
  7     101         0.500
  8     96          0.420
  9     92          0.340
  10    88          0.260

Detector: BL_W10_T1.8_D25
Best Detection: 129 mmHg (confidence: 0.980)
Top 10 readings:
  Rank  Pressure    Confidence  
  ------------------------------
  1     129         0.980
  2     125         0.900
  3     120         0.820
  4     114         0.740
  5     111         0.660
  6     106         0.580
  7     101         0.500
  8     96          0.420
  9     92          0.340
  10    88          0.260

Detector: BL_W10_T1.8_D30
Best Detection: 128 mmHg (confidence: 0.980)
Top 10 readings:
  Rank  Pressure    Confidence  
  ------------------------------
  1     128         0.980
  2     125         0.900
  3     120         0.820
  4     114         0.740
  5     111         0.660
  6     106         0.580
  7     101         0.500
  8     96          0.420
  9     92          0.340
  10    88          0.260

Detector: BL_W10_T1.8_D40
Best Detection: 125 mmHg (confidence: 0.900)
Top 10 readings:
  Rank  Pressure    Confidence  
  ------------------------------
  1     125         0.900
  2     120         0.820
  3     114         0.740
  4     111         0.660
  5     106         0.580
  6     101         0.500
  7     96          0.420
  8     92          0.340
  9     88          0.260
  10    83          0.126

Detector: BL_W10_T2.0_D2
Best Detection: 110 mmHg (confidence: 0.660)
Top 10 readings:
  Rank  Pressure    Confidence  
  ------------------------------
  1     110         0.660
  2     106         0.580
  3     101         0.500
  4     96          0.420
  5     92          0.340
  6     189         0.260
  7     186         0.260
  8     129         0.260
  9     87          0.260
  10    180         0.126

Detector: BL_W10_T2.0_D4
Best Detection: 110 mmHg (confidence: 0.660)
Top 10 readings:
  Rank  Pressure    Confidence  
  ------------------------------
  1     110         0.660
  2     106         0.580
  3     101         0.500
  4     96          0.420
  5     135         0.340
  6     92          0.340
  7     129         0.260
  8     87          0.260
  9     125         0.126
  10    83          0.126

Detector: BL_W10_T2.0_D6
Best Detection: 110 mmHg (confidence: 0.660)
Top 10 readings:
  Rank  Pressure    Confidence  
  ------------------------------
  1     110         0.660
  2     106         0.580
  3     101         0.500
  4     96          0.420
  5     135         0.340
  6     92          0.340
  7     129         0.260
  8     87          0.260
  9     125         0.126
  10    83          0.126

Detector: BL_W10_T2.0_D8
Best Detection: 110 mmHg (confidence: 0.660)
Top 10 readings:
  Rank  Pressure    Confidence  
  ------------------------------
  1     110         0.660
  2     106         0.580
  3     101         0.500
  4     96          0.420
  5     92          0.340
  6     129         0.260
  7     87          0.260
  8     125         0.126
  9     83          0.126
  10    79          0.050

Detector: BL_W10_T2.0_D10
Best Detection: 110 mmHg (confidence: 0.660)
Top 10 readings:
  Rank  Pressure    Confidence  
  ------------------------------
  1     110         0.660
  2     106         0.580
  3     101         0.500
  4     96          0.420
  5     92          0.340
  6     129         0.260
  7     87          0.260
  8     125         0.126
  9     83          0.126
  10    79          0.050

Detector: BL_W10_T2.0_D15
Best Detection: 110 mmHg (confidence: 0.660)
Top 10 readings:
  Rank  Pressure    Confidence  
  ------------------------------
  1     110         0.660
  2     106         0.580
  3     101         0.500
  4     96          0.420
  5     92          0.340
  6     129         0.260
  7     87          0.260
  8     125         0.126
  9     83          0.126
  10    79          0.050

Detector: BL_W10_T2.0_D20
Best Detection: 110 mmHg (confidence: 0.660)
Top 10 readings:
  Rank  Pressure    Confidence  
  ------------------------------
  1     110         0.660
  2     106         0.580
  3     101         0.500
  4     96          0.420
  5     92          0.340
  6     129         0.260
  7     87          0.260
  8     125         0.126
  9     83          0.126
  10    79          0.050

Detector: BL_W10_T2.0_D25
Best Detection: 110 mmHg (confidence: 0.660)
Top 10 readings:
  Rank  Pressure    Confidence  
  ------------------------------
  1     110         0.660
  2     106         0.580
  3     101         0.500
  4     96          0.420
  5     92          0.340
  6     129         0.260
  7     87          0.260
  8     125         0.126
  9     83          0.126
  10    79          0.050

Detector: BL_W10_T2.0_D30
Best Detection: 110 mmHg (confidence: 0.660)
Top 10 readings:
  Rank  Pressure    Confidence  
  ------------------------------
  1     110         0.660
  2     106         0.580
  3     101         0.500
  4     96          0.420
  5     92          0.340
  6     128         0.260
  7     87          0.260
  8     125         0.126
  9     83          0.126
  10    79          0.050

Detector: BL_W10_T2.0_D40
Best Detection: 110 mmHg (confidence: 0.660)
Top 10 readings:
  Rank  Pressure    Confidence  
  ------------------------------
  1     110         0.660
  2     106         0.580
  3     101         0.500
  4     96          0.420
  5     92          0.340
  6     87          0.260
  7     125         0.126
  8     83          0.126
  9     79          0.050
  10    200         0.010

Detector: BL_W10_T2.2_D2
Best Detection: 110 mmHg (confidence: 0.660)
Top 10 readings:
  Rank  Pressure    Confidence  
  ------------------------------
  1     110         0.660
  2     106         0.580
  3     101         0.500
  4     96          0.420
  5     91          0.340
  6     189         0.260
  7     186         0.260
  8     129         0.260
  9     87          0.260
  10    180         0.126

Detector: BL_W10_T2.2_D4
Best Detection: 110 mmHg (confidence: 0.660)
Top 10 readings:
  Rank  Pressure    Confidence  
  ------------------------------
  1     110         0.660
  2     106         0.580
  3     101         0.500
  4     96          0.420
  5     135         0.340
  6     91          0.340
  7     129         0.260
  8     87          0.260
  9     125         0.126
  10    83          0.126

Detector: BL_W10_T2.2_D6
Best Detection: 110 mmHg (confidence: 0.660)
Top 10 readings:
  Rank  Pressure    Confidence  
  ------------------------------
  1     110         0.660
  2     106         0.580
  3     101         0.500
  4     96          0.420
  5     135         0.340
  6     91          0.340
  7     129         0.260
  8     87          0.260
  9     125         0.126
  10    83          0.126

Detector: BL_W10_T2.2_D8
Best Detection: 110 mmHg (confidence: 0.660)
Top 10 readings:
  Rank  Pressure    Confidence  
  ------------------------------
  1     110         0.660
  2     106         0.580
  3     101         0.500
  4     96          0.420
  5     91          0.340
  6     129         0.260
  7     87          0.260
  8     125         0.126
  9     83          0.126
  10    79          0.050

Detector: BL_W10_T2.2_D10
Best Detection: 110 mmHg (confidence: 0.660)
Top 10 readings:
  Rank  Pressure    Confidence  
  ------------------------------
  1     110         0.660
  2     106         0.580
  3     101         0.500
  4     96          0.420
  5     91          0.340
  6     129         0.260
  7     87          0.260
  8     125         0.126
  9     83          0.126
  10    79          0.050

Detector: BL_W10_T2.2_D15
Best Detection: 110 mmHg (confidence: 0.660)
Top 10 readings:
  Rank  Pressure    Confidence  
  ------------------------------
  1     110         0.660
  2     106         0.580
  3     101         0.500
  4     96          0.420
  5     91          0.340
  6     129         0.260
  7     87          0.260
  8     125         0.126
  9     83          0.126
  10    79          0.050

Detector: BL_W10_T2.2_D20
Best Detection: 110 mmHg (confidence: 0.660)
Top 10 readings:
  Rank  Pressure    Confidence  
  ------------------------------
  1     110         0.660
  2     106         0.580
  3     101         0.500
  4     96          0.420
  5     91          0.340
  6     129         0.260
  7     87          0.260
  8     125         0.126
  9     83          0.126
  10    79          0.050

Detector: BL_W10_T2.2_D25
Best Detection: 110 mmHg (confidence: 0.660)
Top 10 readings:
  Rank  Pressure    Confidence  
  ------------------------------
  1     110         0.660
  2     106         0.580
  3     101         0.500
  4     96          0.420
  5     91          0.340
  6     129         0.260
  7     87          0.260
  8     125         0.126
  9     83          0.126
  10    79          0.050

Detector: BL_W10_T2.2_D30
Best Detection: 110 mmHg (confidence: 0.660)
Top 10 readings:
  Rank  Pressure    Confidence  
  ------------------------------
  1     110         0.660
  2     106         0.580
  3     101         0.500
  4     96          0.420
  5     91          0.340
  6     128         0.260
  7     87          0.260
  8     125         0.126
  9     83          0.126
  10    79          0.050

Detector: BL_W10_T2.2_D40
Best Detection: 110 mmHg (confidence: 0.660)
Top 10 readings:
  Rank  Pressure    Confidence  
  ------------------------------
  1     110         0.660
  2     106         0.580
  3     101         0.500
  4     96          0.420
  5     91          0.340
  6     87          0.260
  7     125         0.126
  8     83          0.126
  9     79          0.050
  10    200         0.010

Detector: BL_W10_T2.4_D2
Best Detection: 96 mmHg (confidence: 0.420)
Top 10 readings:
  Rank  Pressure    Confidence  
  ------------------------------
  1     96          0.420
  2     91          0.340
  3     189         0.260
  4     87          0.260
  5     180         0.126
  6     129         0.126
  7     110         0.126
  8     83          0.126
  9     79          0.050
  10    173         0.010

Detector: BL_W10_T2.4_D4
Best Detection: 96 mmHg (confidence: 0.420)
Top 10 readings:
  Rank  Pressure    Confidence  
  ------------------------------
  1     96          0.420
  2     91          0.340
  3     135         0.260
  4     87          0.260
  5     129         0.126
  6     110         0.126
  7     83          0.126
  8     79          0.050
  9     186         0.010
  10    171         0.010

Detector: BL_W10_T2.4_D6
Best Detection: 96 mmHg (confidence: 0.420)
Top 10 readings:
  Rank  Pressure    Confidence  
  ------------------------------
  1     96          0.420
  2     91          0.340
  3     135         0.260
  4     87          0.260
  5     129         0.126
  6     110         0.126
  7     83          0.126
  8     79          0.050
  9     186         0.010
  10    125         0.010

Detector: BL_W10_T2.4_D8
Best Detection: 96 mmHg (confidence: 0.420)
Top 10 readings:
  Rank  Pressure    Confidence  
  ------------------------------
  1     96          0.420
  2     91          0.340
  3     87          0.260
  4     129         0.126
  5     110         0.126
  6     83          0.126
  7     79          0.050
  8     125         0.010
  9     106         0.010

Detector: BL_W10_T2.4_D10
Best Detection: 96 mmHg (confidence: 0.420)
Top 10 readings:
  Rank  Pressure    Confidence  
  ------------------------------
  1     96          0.420
  2     91          0.340
  3     87          0.260
  4     129         0.126
  5     110         0.126
  6     83          0.126
  7     79          0.050
  8     125         0.010
  9     106         0.010

Detector: BL_W10_T2.4_D15
Best Detection: 96 mmHg (confidence: 0.420)
Top 10 readings:
  Rank  Pressure    Confidence  
  ------------------------------
  1     96          0.420
  2     91          0.340
  3     87          0.260
  4     129         0.126
  5     110         0.126
  6     83          0.126
  7     79          0.050
  8     125         0.010
  9     106         0.010

Detector: BL_W10_T2.4_D20
Best Detection: 96 mmHg (confidence: 0.420)
Top 10 readings:
  Rank  Pressure    Confidence  
  ------------------------------
  1     96          0.420
  2     91          0.340
  3     87          0.260
  4     129         0.126
  5     110         0.126
  6     83          0.126
  7     79          0.050
  8     125         0.010
  9     106         0.010

Detector: BL_W10_T2.4_D25
Best Detection: 96 mmHg (confidence: 0.420)
Top 10 readings:
  Rank  Pressure    Confidence  
  ------------------------------
  1     96          0.420
  2     91          0.340
  3     87          0.260
  4     129         0.126
  5     110         0.126
  6     83          0.126
  7     79          0.050
  8     125         0.010
  9     106         0.010

Detector: BL_W10_T2.4_D30
Best Detection: 96 mmHg (confidence: 0.420)
Top 10 readings:
  Rank  Pressure    Confidence  
  ------------------------------
  1     96          0.420
  2     91          0.340
  3     87          0.260
  4     128         0.126
  5     110         0.126
  6     83          0.126
  7     79          0.050
  8     125         0.010
  9     106         0.010

Detector: BL_W10_T2.4_D40
Best Detection: 96 mmHg (confidence: 0.420)
Top 10 readings:
  Rank  Pressure    Confidence  
  ------------------------------
  1     96          0.420
  2     91          0.340
  3     87          0.260
  4     110         0.126
  5     83          0.126
  6     79          0.050
  7     200         0.010
  8     125         0.010
  9     106         0.010

Detector: BL_W10_T2.6_D2
Best Detection: 189 mmHg (confidence: 0.260)
Top 10 readings:
  Rank  Pressure    Confidence  
  ------------------------------
  1     189         0.260
  2     180         0.126
  3     129         0.126
  4     125         0.050
  5     173         0.010
  6     153         0.010

Detector: BL_W10_T2.6_D4
Best Detection: 135 mmHg (confidence: 0.260)
Top 10 readings:
  Rank  Pressure    Confidence  
  ------------------------------
  1     135         0.260
  2     129         0.126
  3     125         0.050
  4     186         0.010
  5     171         0.010

Detector: BL_W10_T2.6_D6
Best Detection: 135 mmHg (confidence: 0.260)
Top 10 readings:
  Rank  Pressure    Confidence  
  ------------------------------
  1     135         0.260
  2     129         0.126
  3     125         0.050
  4     186         0.010

Detector: BL_W10_T2.6_D8
Best Detection: 129 mmHg (confidence: 0.126)
Top 10 readings:
  Rank  Pressure    Confidence  
  ------------------------------
  1     129         0.126
  2     125         0.050

Detector: BL_W10_T2.6_D10
Best Detection: 129 mmHg (confidence: 0.126)
Top 10 readings:
  Rank  Pressure    Confidence  
  ------------------------------
  1     129         0.126
  2     125         0.050

Detector: BL_W10_T2.6_D15
Best Detection: 129 mmHg (confidence: 0.126)
Top 10 readings:
  Rank  Pressure    Confidence  
  ------------------------------
  1     129         0.126
  2     125         0.050

Detector: BL_W10_T2.6_D20
Best Detection: 129 mmHg (confidence: 0.126)
Top 10 readings:
  Rank  Pressure    Confidence  
  ------------------------------
  1     129         0.126
  2     125         0.050

Detector: BL_W10_T2.6_D25
Best Detection: 129 mmHg (confidence: 0.126)
Top 10 readings:
  Rank  Pressure    Confidence  
  ------------------------------
  1     129         0.126
  2     125         0.050

Detector: BL_W10_T2.6_D30
Best Detection: 128 mmHg (confidence: 0.126)
Top 10 readings:
  Rank  Pressure    Confidence  
  ------------------------------
  1     128         0.126
  2     125         0.050

Detector: BL_W10_T2.6_D40
Best Detection: 125 mmHg (confidence: 0.050)
Top 10 readings:
  Rank  Pressure    Confidence  
  ------------------------------
  1     125         0.050
  2     200         0.010

Detector: BL_W10_T2.8_D2
Best Detection: 189 mmHg (confidence: 0.260)
Top 10 readings:
  Rank  Pressure    Confidence  
  ------------------------------
  1     189         0.260
  2     180         0.126
  3     153         0.050
  4     173         0.010

Detector: BL_W10_T2.8_D4
Best Detection: 135 mmHg (confidence: 0.126)
Top 10 readings:
  Rank  Pressure    Confidence  
  ------------------------------
  1     135         0.126
  2     129         0.050
  3     186         0.010
  4     171         0.010

Detector: BL_W10_T2.8_D6
Best Detection: 135 mmHg (confidence: 0.126)
Top 10 readings:
  Rank  Pressure    Confidence  
  ------------------------------
  1     135         0.126
  2     129         0.050
  3     186         0.010

Detector: BL_W10_T2.8_D8
Best Detection: 129 mmHg (confidence: 0.050)
Top 10 readings:
  Rank  Pressure    Confidence  
  ------------------------------
  1     129         0.050

Detector: BL_W10_T2.8_D10
Best Detection: 129 mmHg (confidence: 0.050)
Top 10 readings:
  Rank  Pressure    Confidence  
  ------------------------------
  1     129         0.050

Detector: BL_W10_T2.8_D15
Best Detection: 129 mmHg (confidence: 0.126)
Top 10 readings:
  Rank  Pressure    Confidence  
  ------------------------------
  1     129         0.126
  2     125         0.050

Detector: BL_W10_T2.8_D20
Best Detection: 129 mmHg (confidence: 0.050)
Top 10 readings:
  Rank  Pressure    Confidence  
  ------------------------------
  1     129         0.050

Detector: BL_W10_T2.8_D25
Best Detection: 129 mmHg (confidence: 0.126)
Top 10 readings:
  Rank  Pressure    Confidence  
  ------------------------------
  1     129         0.126
  2     125         0.050

Detector: BL_W10_T2.8_D30
Best Detection: 128 mmHg (confidence: 0.126)
Top 10 readings:
  Rank  Pressure    Confidence  
  ------------------------------
  1     128         0.126
  2     125         0.050

Detector: BL_W10_T2.8_D40
Best Detection: 125 mmHg (confidence: 0.050)
Top 10 readings:
  Rank  Pressure    Confidence  
  ------------------------------
  1     125         0.050
  2     200         0.010

Detector: BL_W10_T3.0_D2
Best Detection: 189 mmHg (confidence: 0.260)
Top 10 readings:
  Rank  Pressure    Confidence  
  ------------------------------
  1     189         0.260
  2     180         0.126
  3     153         0.050
  4     173         0.010

Detector: BL_W10_T3.0_D4
Best Detection: 135 mmHg (confidence: 0.126)
Top 10 readings:
  Rank  Pressure    Confidence  
  ------------------------------
  1     135         0.126
  2     129         0.050
  3     186         0.010
  4     171         0.010

Detector: BL_W10_T3.0_D6
Best Detection: 135 mmHg (confidence: 0.126)
Top 10 readings:
  Rank  Pressure    Confidence  
  ------------------------------
  1     135         0.126
  2     129         0.050
  3     186         0.010

Detector: BL_W10_T3.0_D8
Best Detection: 129 mmHg (confidence: 0.050)
Top 10 readings:
  Rank  Pressure    Confidence  
  ------------------------------
  1     129         0.050

Detector: BL_W10_T3.0_D10
Best Detection: 129 mmHg (confidence: 0.050)
Top 10 readings:
  Rank  Pressure    Confidence  
  ------------------------------
  1     129         0.050

Detector: BL_W10_T3.0_D15
Best Detection: 129 mmHg (confidence: 0.126)
Top 10 readings:
  Rank  Pressure    Confidence  
  ------------------------------
  1     129         0.126
  2     125         0.050

Detector: BL_W10_T3.0_D20
Best Detection: 129 mmHg (confidence: 0.050)
Top 10 readings:
  Rank  Pressure    Confidence  
  ------------------------------
  1     129         0.050

Detector: BL_W10_T3.0_D25
Best Detection: 129 mmHg (confidence: 0.126)
Top 10 readings:
  Rank  Pressure    Confidence  
  ------------------------------
  1     129         0.126
  2     125         0.050

Detector: BL_W10_T3.0_D30
Best Detection: 128 mmHg (confidence: 0.126)
Top 10 readings:
  Rank  Pressure    Confidence  
  ------------------------------
  1     128         0.126
  2     125         0.050

Detector: BL_W10_T3.0_D40
Best Detection: 125 mmHg (confidence: 0.050)
Top 10 readings:
  Rank  Pressure    Confidence  
  ------------------------------
  1     125         0.050
  2     200         0.010

Detector: BL_W20_T1.2_D2
Best Detection: 110 mmHg (confidence: 0.660)
Top 10 readings:
  Rank  Pressure    Confidence  
  ------------------------------
  1     110         0.660
  2     105         0.580
  3     100         0.500
  4     95          0.420
  5     135         0.340
  6     90          0.340
  7     186         0.260
  8     129         0.260
  9     86          0.260
  10    159         0.130

Detector: BL_W20_T1.2_D4
Best Detection: 110 mmHg (confidence: 0.660)
Top 10 readings:
  Rank  Pressure    Confidence  
  ------------------------------
  1     110         0.660
  2     105         0.580
  3     100         0.500
  4     95          0.420
  5     135         0.340
  6     90          0.340
  7     129         0.260
  8     86          0.260
  9     125         0.126
  10    121         0.126

Detector: BL_W20_T1.2_D6
Best Detection: 110 mmHg (confidence: 0.660)
Top 10 readings:
  Rank  Pressure    Confidence  
  ------------------------------
  1     110         0.660
  2     105         0.580
  3     100         0.500
  4     95          0.420
  5     134         0.340
  6     90          0.340
  7     129         0.260
  8     86          0.260
  9     125         0.126
  10    121         0.126

Detector: BL_W20_T1.2_D8
Best Detection: 110 mmHg (confidence: 0.660)
Top 10 readings:
  Rank  Pressure    Confidence  
  ------------------------------
  1     110         0.660
  2     105         0.580
  3     100         0.500
  4     95          0.420
  5     134         0.340
  6     90          0.340
  7     129         0.260
  8     86          0.260
  9     125         0.126
  10    121         0.126

Detector: BL_W20_T1.2_D10
Best Detection: 110 mmHg (confidence: 0.660)
Top 10 readings:
  Rank  Pressure    Confidence  
  ------------------------------
  1     110         0.660
  2     105         0.580
  3     100         0.500
  4     95          0.420
  5     133         0.340
  6     90          0.340
  7     129         0.260
  8     86          0.260
  9     125         0.126
  10    121         0.126

Detector: BL_W20_T1.2_D15
Best Detection: 110 mmHg (confidence: 0.660)
Top 10 readings:
  Rank  Pressure    Confidence  
  ------------------------------
  1     110         0.660
  2     105         0.580
  3     100         0.500
  4     95          0.420
  5     90          0.340
  6     129         0.260
  7     86          0.260
  8     125         0.126
  9     121         0.126
  10    82          0.126

Detector: BL_W20_T1.2_D20
Best Detection: 110 mmHg (confidence: 0.660)
Top 10 readings:
  Rank  Pressure    Confidence  
  ------------------------------
  1     110         0.660
  2     105         0.580
  3     100         0.500
  4     95          0.420
  5     90          0.340
  6     129         0.260
  7     86          0.260
  8     125         0.126
  9     121         0.126
  10    82          0.126

Detector: BL_W20_T1.2_D25
Best Detection: 110 mmHg (confidence: 0.660)
Top 10 readings:
  Rank  Pressure    Confidence  
  ------------------------------
  1     110         0.660
  2     105         0.580
  3     100         0.500
  4     95          0.420
  5     90          0.340
  6     129         0.260
  7     86          0.260
  8     125         0.126
  9     121         0.126
  10    82          0.126

Detector: BL_W20_T1.2_D30
Best Detection: 110 mmHg (confidence: 0.660)
Top 10 readings:
  Rank  Pressure    Confidence  
  ------------------------------
  1     110         0.660
  2     105         0.580
  3     100         0.500
  4     95          0.420
  5     90          0.340
  6     128         0.260
  7     86          0.260
  8     125         0.126
  9     121         0.126
  10    82          0.126

Detector: BL_W20_T1.2_D40
Best Detection: 110 mmHg (confidence: 0.660)
Top 10 readings:
  Rank  Pressure    Confidence  
  ------------------------------
  1     110         0.660
  2     105         0.580
  3     100         0.500
  4     95          0.420
  5     90          0.340
  6     86          0.260
  7     124         0.126
  8     82          0.126
  9     78          0.050
  10    200         0.010

Detector: BL_W20_T1.4_D2
Best Detection: 110 mmHg (confidence: 0.660)
Top 10 readings:
  Rank  Pressure    Confidence  
  ------------------------------
  1     110         0.660
  2     105         0.580
  3     100         0.500
  4     94          0.420
  5     135         0.340
  6     90          0.340
  7     186         0.260
  8     129         0.260
  9     86          0.260
  10    179         0.126

Detector: BL_W20_T1.4_D4
Best Detection: 110 mmHg (confidence: 0.660)
Top 10 readings:
  Rank  Pressure    Confidence  
  ------------------------------
  1     110         0.660
  2     105         0.580
  3     100         0.500
  4     94          0.420
  5     135         0.340
  6     90          0.340
  7     129         0.260
  8     86          0.260
  9     125         0.126
  10    121         0.126

Detector: BL_W20_T1.4_D6
Best Detection: 110 mmHg (confidence: 0.660)
Top 10 readings:
  Rank  Pressure    Confidence  
  ------------------------------
  1     110         0.660
  2     105         0.580
  3     100         0.500
  4     94          0.420
  5     134         0.340
  6     90          0.340
  7     129         0.260
  8     86          0.260
  9     125         0.126
  10    121         0.126

Detector: BL_W20_T1.4_D8
Best Detection: 110 mmHg (confidence: 0.660)
Top 10 readings:
  Rank  Pressure    Confidence  
  ------------------------------
  1     110         0.660
  2     105         0.580
  3     100         0.500
  4     94          0.420
  5     134         0.340
  6     90          0.340
  7     129         0.260
  8     86          0.260
  9     125         0.126
  10    121         0.126

Detector: BL_W20_T1.4_D10
Best Detection: 110 mmHg (confidence: 0.660)
Top 10 readings:
  Rank  Pressure    Confidence  
  ------------------------------
  1     110         0.660
  2     105         0.580
  3     100         0.500
  4     94          0.420
  5     133         0.340
  6     90          0.340
  7     129         0.260
  8     86          0.260
  9     125         0.126
  10    121         0.126

Detector: BL_W20_T1.4_D15
Best Detection: 110 mmHg (confidence: 0.660)
Top 10 readings:
  Rank  Pressure    Confidence  
  ------------------------------
  1     110         0.660
  2     105         0.580
  3     100         0.500
  4     94          0.420
  5     90          0.340
  6     129         0.260
  7     86          0.260
  8     125         0.126
  9     121         0.126
  10    82          0.126

Detector: BL_W20_T1.4_D20
Best Detection: 110 mmHg (confidence: 0.660)
Top 10 readings:
  Rank  Pressure    Confidence  
  ------------------------------
  1     110         0.660
  2     105         0.580
  3     100         0.500
  4     94          0.420
  5     90          0.340
  6     129         0.260
  7     86          0.260
  8     125         0.126
  9     121         0.126
  10    82          0.126

Detector: BL_W20_T1.4_D25
Best Detection: 110 mmHg (confidence: 0.660)
Top 10 readings:
  Rank  Pressure    Confidence  
  ------------------------------
  1     110         0.660
  2     105         0.580
  3     100         0.500
  4     94          0.420
  5     90          0.340
  6     129         0.260
  7     86          0.260
  8     125         0.126
  9     121         0.126
  10    82          0.126

Detector: BL_W20_T1.4_D30
Best Detection: 110 mmHg (confidence: 0.660)
Top 10 readings:
  Rank  Pressure    Confidence  
  ------------------------------
  1     110         0.660
  2     105         0.580
  3     100         0.500
  4     94          0.420
  5     90          0.340
  6     128         0.260
  7     86          0.260
  8     125         0.126
  9     121         0.126
  10    82          0.126

Detector: BL_W20_T1.4_D40
Best Detection: 110 mmHg (confidence: 0.660)
Top 10 readings:
  Rank  Pressure    Confidence  
  ------------------------------
  1     110         0.660
  2     105         0.580
  3     100         0.500
  4     94          0.420
  5     90          0.340
  6     86          0.260
  7     124         0.126
  8     82          0.126
  9     78          0.050
  10    119         0.010

Detector: BL_W20_T1.6_D2
Best Detection: 109 mmHg (confidence: 0.660)
Top 10 readings:
  Rank  Pressure    Confidence  
  ------------------------------
  1     109         0.660
  2     105         0.580
  3     99          0.500
  4     94          0.420
  5     135         0.340
  6     90          0.340
  7     186         0.260
  8     129         0.260
  9     86          0.260
  10    178         0.126

Detector: BL_W20_T1.6_D4
Best Detection: 109 mmHg (confidence: 0.660)
Top 10 readings:
  Rank  Pressure    Confidence  
  ------------------------------
  1     109         0.660
  2     105         0.580
  3     99          0.500
  4     94          0.420
  5     135         0.340
  6     90          0.340
  7     129         0.260
  8     86          0.260
  9     124         0.126
  10    82          0.126

Detector: BL_W20_T1.6_D6
Best Detection: 109 mmHg (confidence: 0.660)
Top 10 readings:
  Rank  Pressure    Confidence  
  ------------------------------
  1     109         0.660
  2     105         0.580
  3     99          0.500
  4     94          0.420
  5     134         0.340
  6     90          0.340
  7     129         0.260
  8     86          0.260
  9     124         0.126
  10    82          0.126

Detector: BL_W20_T1.6_D8
Best Detection: 109 mmHg (confidence: 0.660)
Top 10 readings:
  Rank  Pressure    Confidence  
  ------------------------------
  1     109         0.660
  2     105         0.580
  3     99          0.500
  4     94          0.420
  5     134         0.340
  6     90          0.340
  7     129         0.260
  8     86          0.260
  9     124         0.126
  10    82          0.126

Detector: BL_W20_T1.6_D10
Best Detection: 109 mmHg (confidence: 0.660)
Top 10 readings:
  Rank  Pressure    Confidence  
  ------------------------------
  1     109         0.660
  2     105         0.580
  3     99          0.500
  4     94          0.420
  5     133         0.340
  6     90          0.340
  7     129         0.260
  8     86          0.260
  9     124         0.126
  10    82          0.126

Detector: BL_W20_T1.6_D15
Best Detection: 109 mmHg (confidence: 0.660)
Top 10 readings:
  Rank  Pressure    Confidence  
  ------------------------------
  1     109         0.660
  2     105         0.580
  3     99          0.500
  4     94          0.420
  5     90          0.340
  6     129         0.260
  7     86          0.260
  8     124         0.126
  9     82          0.126
  10    78          0.050

Detector: BL_W20_T1.6_D20
Best Detection: 109 mmHg (confidence: 0.660)
Top 10 readings:
  Rank  Pressure    Confidence  
  ------------------------------
  1     109         0.660
  2     105         0.580
  3     99          0.500
  4     94          0.420
  5     90          0.340
  6     129         0.260
  7     86          0.260
  8     124         0.126
  9     82          0.126
  10    78          0.050

Detector: BL_W20_T1.6_D25
Best Detection: 109 mmHg (confidence: 0.660)
Top 10 readings:
  Rank  Pressure    Confidence  
  ------------------------------
  1     109         0.660
  2     105         0.580
  3     99          0.500
  4     94          0.420
  5     90          0.340
  6     129         0.260
  7     86          0.260
  8     124         0.126
  9     82          0.126
  10    78          0.050

Detector: BL_W20_T1.6_D30
Best Detection: 109 mmHg (confidence: 0.660)
Top 10 readings:
  Rank  Pressure    Confidence  
  ------------------------------
  1     109         0.660
  2     105         0.580
  3     99          0.500
  4     94          0.420
  5     90          0.340
  6     128         0.260
  7     86          0.260
  8     125         0.126
  9     121         0.126
  10    82          0.126

Detector: BL_W20_T1.6_D40
Best Detection: 109 mmHg (confidence: 0.660)
Top 10 readings:
  Rank  Pressure    Confidence  
  ------------------------------
  1     109         0.660
  2     105         0.580
  3     99          0.500
  4     94          0.420
  5     90          0.340
  6     86          0.260
  7     124         0.126
  8     82          0.126
  9     78          0.050
  10    119         0.010

Detector: BL_W20_T1.8_D2
Best Detection: 135 mmHg (confidence: 0.340)
Top 10 readings:
  Rank  Pressure    Confidence  
  ------------------------------
  1     135         0.340
  2     109         0.340
  3     186         0.260
  4     129         0.260
  5     105         0.260
  6     178         0.126
  7     151         0.126
  8     124         0.126
  9     99          0.126
  10    82          0.126

Detector: BL_W20_T1.8_D4
Best Detection: 135 mmHg (confidence: 0.340)
Top 10 readings:
  Rank  Pressure    Confidence  
  ------------------------------
  1     135         0.340
  2     109         0.340
  3     129         0.260
  4     105         0.260
  5     124         0.126
  6     99          0.126
  7     82          0.126
  8     78          0.050
  9     186         0.010
  10    171         0.010

Detector: BL_W20_T1.8_D6
Best Detection: 134 mmHg (confidence: 0.340)
Top 10 readings:
  Rank  Pressure    Confidence  
  ------------------------------
  1     134         0.340
  2     109         0.340
  3     129         0.260
  4     105         0.260
  5     124         0.126
  6     99          0.126
  7     82          0.126
  8     78          0.050
  9     186         0.010
  10    118         0.010

Detector: BL_W20_T1.8_D8
Best Detection: 134 mmHg (confidence: 0.340)
Top 10 readings:
  Rank  Pressure    Confidence  
  ------------------------------
  1     134         0.340
  2     109         0.340
  3     129         0.260
  4     105         0.260
  5     124         0.126
  6     99          0.126
  7     82          0.126
  8     78          0.050
  9     185         0.010
  10    118         0.010

Detector: BL_W20_T1.8_D10
Best Detection: 133 mmHg (confidence: 0.340)
Top 10 readings:
  Rank  Pressure    Confidence  
  ------------------------------
  1     133         0.340
  2     109         0.340
  3     129         0.260
  4     105         0.260
  5     124         0.126
  6     99          0.126
  7     82          0.126
  8     78          0.050
  9     118         0.010
  10    94          0.010

Detector: BL_W20_T1.8_D15
Best Detection: 109 mmHg (confidence: 0.340)
Top 10 readings:
  Rank  Pressure    Confidence  
  ------------------------------
  1     109         0.340
  2     129         0.260
  3     105         0.260
  4     124         0.126
  5     99          0.126
  6     82          0.126
  7     78          0.050
  8     118         0.010
  9     94          0.010

Detector: BL_W20_T1.8_D20
Best Detection: 109 mmHg (confidence: 0.340)
Top 10 readings:
  Rank  Pressure    Confidence  
  ------------------------------
  1     109         0.340
  2     129         0.260
  3     105         0.260
  4     124         0.126
  5     99          0.126
  6     82          0.126
  7     78          0.050
  8     118         0.010
  9     94          0.010

Detector: BL_W20_T1.8_D25
Best Detection: 109 mmHg (confidence: 0.340)
Top 10 readings:
  Rank  Pressure    Confidence  
  ------------------------------
  1     109         0.340
  2     129         0.260
  3     105         0.260
  4     124         0.126
  5     99          0.126
  6     82          0.126
  7     78          0.050
  8     118         0.010
  9     94          0.010

Detector: BL_W20_T1.8_D30
Best Detection: 109 mmHg (confidence: 0.340)
Top 10 readings:
  Rank  Pressure    Confidence  
  ------------------------------
  1     109         0.340
  2     128         0.260
  3     105         0.260
  4     125         0.126
  5     99          0.126
  6     82          0.126
  7     78          0.050
  8     118         0.010
  9     94          0.010

Detector: BL_W20_T1.8_D40
Best Detection: 109 mmHg (confidence: 0.340)
Top 10 readings:
  Rank  Pressure    Confidence  
  ------------------------------
  1     109         0.340
  2     105         0.260
  3     124         0.126
  4     99          0.126
  5     82          0.126
  6     78          0.050
  7     118         0.010
  8     94          0.010

Detector: BL_W20_T2.0_D2
Best Detection: 135 mmHg (confidence: 0.340)
Top 10 readings:
  Rank  Pressure    Confidence  
  ------------------------------
  1     135         0.340
  2     186         0.260
  3     129         0.260
  4     178         0.126
  5     151         0.126
  6     124         0.126
  7     109         0.126
  8     104         0.050
  9     172         0.010
  10    149         0.010

Detector: BL_W20_T2.0_D4
Best Detection: 135 mmHg (confidence: 0.340)
Top 10 readings:
  Rank  Pressure    Confidence  
  ------------------------------
  1     135         0.340
  2     129         0.260
  3     124         0.126
  4     109         0.126
  5     104         0.050
  6     186         0.010
  7     171         0.010
  8     118         0.010

Detector: BL_W20_T2.0_D6
Best Detection: 134 mmHg (confidence: 0.340)
Top 10 readings:
  Rank  Pressure    Confidence  
  ------------------------------
  1     134         0.340
  2     129         0.260
  3     124         0.126
  4     109         0.126
  5     104         0.050
  6     186         0.010
  7     118         0.010

Detector: BL_W20_T2.0_D8
Best Detection: 134 mmHg (confidence: 0.340)
Top 10 readings:
  Rank  Pressure    Confidence  
  ------------------------------
  1     134         0.340
  2     129         0.260
  3     124         0.126
  4     109         0.126
  5     104         0.050
  6     185         0.010
  7     118         0.010

Detector: BL_W20_T2.0_D10
Best Detection: 133 mmHg (confidence: 0.340)
Top 10 readings:
  Rank  Pressure    Confidence  
  ------------------------------
  1     133         0.340
  2     129         0.260
  3     124         0.126
  4     109         0.126
  5     104         0.050
  6     118         0.010

Detector: BL_W20_T2.0_D15
Best Detection: 129 mmHg (confidence: 0.260)
Top 10 readings:
  Rank  Pressure    Confidence  
  ------------------------------
  1     129         0.260
  2     124         0.126
  3     109         0.126
  4     104         0.050
  5     118         0.010

Detector: BL_W20_T2.0_D20
Best Detection: 129 mmHg (confidence: 0.260)
Top 10 readings:
  Rank  Pressure    Confidence  
  ------------------------------
  1     129         0.260
  2     124         0.126
  3     109         0.126
  4     104         0.050
  5     118         0.010

Detector: BL_W20_T2.0_D25
Best Detection: 129 mmHg (confidence: 0.260)
Top 10 readings:
  Rank  Pressure    Confidence  
  ------------------------------
  1     129         0.260
  2     124         0.126
  3     109         0.126
  4     104         0.050
  5     118         0.010

Detector: BL_W20_T2.0_D30
Best Detection: 128 mmHg (confidence: 0.260)
Top 10 readings:
  Rank  Pressure    Confidence  
  ------------------------------
  1     128         0.260
  2     125         0.126
  3     109         0.126
  4     104         0.050
  5     118         0.010

Detector: BL_W20_T2.0_D40
Best Detection: 124 mmHg (confidence: 0.126)
Top 10 readings:
  Rank  Pressure    Confidence  
  ------------------------------
  1     124         0.126
  2     109         0.126
  3     104         0.050
  4     118         0.010

Detector: BL_W20_T2.2_D2
Best Detection: 186 mmHg (confidence: 0.260)
Top 10 readings:
  Rank  Pressure    Confidence  
  ------------------------------
  1     186         0.260
  2     134         0.260
  3     178         0.126
  4     151         0.126
  5     129         0.126
  6     109         0.050
  7     172         0.010
  8     149         0.010
  9     124         0.010

Detector: BL_W20_T2.2_D4
Best Detection: 135 mmHg (confidence: 0.260)
Top 10 readings:
  Rank  Pressure    Confidence  
  ------------------------------
  1     135         0.260
  2     129         0.126
  3     109         0.050
  4     186         0.010
  5     171         0.010
  6     124         0.010

Detector: BL_W20_T2.2_D6
Best Detection: 134 mmHg (confidence: 0.260)
Top 10 readings:
  Rank  Pressure    Confidence  
  ------------------------------
  1     134         0.260
  2     129         0.126
  3     109         0.050
  4     186         0.010
  5     124         0.010

Detector: BL_W20_T2.2_D8
Best Detection: 134 mmHg (confidence: 0.260)
Top 10 readings:
  Rank  Pressure    Confidence  
  ------------------------------
  1     134         0.260
  2     129         0.126
  3     109         0.050
  4     185         0.010
  5     124         0.010

Detector: BL_W20_T2.2_D10
Best Detection: 133 mmHg (confidence: 0.260)
Top 10 readings:
  Rank  Pressure    Confidence  
  ------------------------------
  1     133         0.260
  2     129         0.126
  3     109         0.050
  4     124         0.010

Detector: BL_W20_T2.2_D15
Best Detection: 129 mmHg (confidence: 0.126)
Top 10 readings:
  Rank  Pressure    Confidence  
  ------------------------------
  1     129         0.126
  2     109         0.050
  3     124         0.010

Detector: BL_W20_T2.2_D20
Best Detection: 129 mmHg (confidence: 0.126)
Top 10 readings:
  Rank  Pressure    Confidence  
  ------------------------------
  1     129         0.126
  2     109         0.050
  3     124         0.010

Detector: BL_W20_T2.2_D25
Best Detection: 129 mmHg (confidence: 0.126)
Top 10 readings:
  Rank  Pressure    Confidence  
  ------------------------------
  1     129         0.126
  2     109         0.050
  3     124         0.010

Detector: BL_W20_T2.2_D30
Best Detection: 128 mmHg (confidence: 0.126)
Top 10 readings:
  Rank  Pressure    Confidence  
  ------------------------------
  1     128         0.126
  2     109         0.050
  3     125         0.010

Detector: BL_W20_T2.2_D40
Best Detection: 109 mmHg (confidence: 0.050)
Top 10 readings:
  Rank  Pressure    Confidence  
  ------------------------------
  1     109         0.050
  2     124         0.010

Detector: BL_W20_T2.4_D2
Best Detection: 186 mmHg (confidence: 0.260)
Top 10 readings:
  Rank  Pressure    Confidence  
  ------------------------------
  1     186         0.260
  2     134         0.260
  3     178         0.126
  4     151         0.126
  5     129         0.126
  6     124         0.050
  7     172         0.010
  8     149         0.010

Detector: BL_W20_T2.4_D4
Best Detection: 135 mmHg (confidence: 0.260)
Top 10 readings:
  Rank  Pressure    Confidence  
  ------------------------------
  1     135         0.260
  2     129         0.126
  3     124         0.050
  4     186         0.010
  5     171         0.010

Detector: BL_W20_T2.4_D6
Best Detection: 134 mmHg (confidence: 0.260)
Top 10 readings:
  Rank  Pressure    Confidence  
  ------------------------------
  1     134         0.260
  2     129         0.126
  3     124         0.050
  4     186         0.010

Detector: BL_W20_T2.4_D8
Best Detection: 134 mmHg (confidence: 0.260)
Top 10 readings:
  Rank  Pressure    Confidence  
  ------------------------------
  1     134         0.260
  2     129         0.126
  3     124         0.050
  4     185         0.010

Detector: BL_W20_T2.4_D10
Best Detection: 133 mmHg (confidence: 0.260)
Top 10 readings:
  Rank  Pressure    Confidence  
  ------------------------------
  1     133         0.260
  2     129         0.126
  3     124         0.050

Detector: BL_W20_T2.4_D15
Best Detection: 129 mmHg (confidence: 0.126)
Top 10 readings:
  Rank  Pressure    Confidence  
  ------------------------------
  1     129         0.126
  2     124         0.050

Detector: BL_W20_T2.4_D20
Best Detection: 129 mmHg (confidence: 0.126)
Top 10 readings:
  Rank  Pressure    Confidence  
  ------------------------------
  1     129         0.126
  2     124         0.050

Detector: BL_W20_T2.4_D25
Best Detection: 129 mmHg (confidence: 0.126)
Top 10 readings:
  Rank  Pressure    Confidence  
  ------------------------------
  1     129         0.126
  2     124         0.050

Detector: BL_W20_T2.4_D30
Best Detection: 128 mmHg (confidence: 0.126)
Top 10 readings:
  Rank  Pressure    Confidence  
  ------------------------------
  1     128         0.126
  2     125         0.050

Detector: BL_W20_T2.4_D40
Best Detection: 124 mmHg (confidence: 0.050)
Top 10 readings:
  Rank  Pressure    Confidence  
  ------------------------------
  1     124         0.050

Detector: BL_W20_T2.6_D2
Best Detection: 186 mmHg (confidence: 0.260)
Top 10 readings:
  Rank  Pressure    Confidence  
  ------------------------------
  1     186         0.260
  2     178         0.126
  3     151         0.126
  4     128         0.126
  5     124         0.050
  6     172         0.010
  7     149         0.010

Detector: BL_W20_T2.6_D4
Best Detection: 135 mmHg (confidence: 0.260)
Top 10 readings:
  Rank  Pressure    Confidence  
  ------------------------------
  1     135         0.260
  2     128         0.126
  3     124         0.050
  4     186         0.010
  5     171         0.010

Detector: BL_W20_T2.6_D6
Best Detection: 134 mmHg (confidence: 0.260)
Top 10 readings:
  Rank  Pressure    Confidence  
  ------------------------------
  1     134         0.260
  2     128         0.126
  3     124         0.050
  4     186         0.010

Detector: BL_W20_T2.6_D8
Best Detection: 134 mmHg (confidence: 0.260)
Top 10 readings:
  Rank  Pressure    Confidence  
  ------------------------------
  1     134         0.260
  2     128         0.126
  3     124         0.050
  4     185         0.010

Detector: BL_W20_T2.6_D10
Best Detection: 133 mmHg (confidence: 0.260)
Top 10 readings:
  Rank  Pressure    Confidence  
  ------------------------------
  1     133         0.260
  2     129         0.126
  3     124         0.050

Detector: BL_W20_T2.6_D15
Best Detection: 129 mmHg (confidence: 0.126)
Top 10 readings:
  Rank  Pressure    Confidence  
  ------------------------------
  1     129         0.126
  2     124         0.050

Detector: BL_W20_T2.6_D20
Best Detection: 129 mmHg (confidence: 0.126)
Top 10 readings:
  Rank  Pressure    Confidence  
  ------------------------------
  1     129         0.126
  2     124         0.050

Detector: BL_W20_T2.6_D25
Best Detection: 129 mmHg (confidence: 0.126)
Top 10 readings:
  Rank  Pressure    Confidence  
  ------------------------------
  1     129         0.126
  2     124         0.050

Detector: BL_W20_T2.6_D30
Best Detection: 128 mmHg (confidence: 0.126)
Top 10 readings:
  Rank  Pressure    Confidence  
  ------------------------------
  1     128         0.126
  2     125         0.050

Detector: BL_W20_T2.6_D40
Best Detection: 124 mmHg (confidence: 0.050)
Top 10 readings:
  Rank  Pressure    Confidence  
  ------------------------------
  1     124         0.050

Detector: BL_W20_T2.8_D2
Best Detection: 186 mmHg (confidence: 0.260)
Top 10 readings:
  Rank  Pressure    Confidence  
  ------------------------------
  1     186         0.260
  2     178         0.126
  3     151         0.126
  4     124         0.050
  5     172         0.010
  6     149         0.010

Detector: BL_W20_T2.8_D4
Best Detection: 124 mmHg (confidence: 0.050)
Top 10 readings:
  Rank  Pressure    Confidence  
  ------------------------------
  1     124         0.050
  2     186         0.010
  3     171         0.010
  4     135         0.010

Detector: BL_W20_T2.8_D6
Best Detection: 124 mmHg (confidence: 0.050)
Top 10 readings:
  Rank  Pressure    Confidence  
  ------------------------------
  1     124         0.050
  2     186         0.010
  3     134         0.010

Detector: BL_W20_T2.8_D8
Best Detection: 124 mmHg (confidence: 0.050)
Top 10 readings:
  Rank  Pressure    Confidence  
  ------------------------------
  1     124         0.050
  2     185         0.010
  3     134         0.010

Detector: BL_W20_T2.8_D10
Best Detection: 133 mmHg (confidence: 0.260)
Top 10 readings:
  Rank  Pressure    Confidence  
  ------------------------------
  1     133         0.260
  2     129         0.126
  3     124         0.050

Detector: BL_W20_T2.8_D15
Best Detection: 129 mmHg (confidence: 0.126)
Top 10 readings:
  Rank  Pressure    Confidence  
  ------------------------------
  1     129         0.126
  2     124         0.050

Detector: BL_W20_T2.8_D20
Best Detection: 129 mmHg (confidence: 0.126)
Top 10 readings:
  Rank  Pressure    Confidence  
  ------------------------------
  1     129         0.126
  2     124         0.050

Detector: BL_W20_T2.8_D25
Best Detection: 129 mmHg (confidence: 0.126)
Top 10 readings:
  Rank  Pressure    Confidence  
  ------------------------------
  1     129         0.126
  2     124         0.050

Detector: BL_W20_T2.8_D30
Best Detection: 128 mmHg (confidence: 0.126)
Top 10 readings:
  Rank  Pressure    Confidence  
  ------------------------------
  1     128         0.126
  2     125         0.050

Detector: BL_W20_T2.8_D40
Best Detection: 124 mmHg (confidence: 0.050)
Top 10 readings:
  Rank  Pressure    Confidence  
  ------------------------------
  1     124         0.050

Detector: BL_W20_T3.0_D2
Best Detection: 186 mmHg (confidence: 0.260)
Top 10 readings:
  Rank  Pressure    Confidence  
  ------------------------------
  1     186         0.260
  2     178         0.126
  3     151         0.126
  4     124         0.050
  5     172         0.010
  6     149         0.010

Detector: BL_W20_T3.0_D4
Best Detection: 124 mmHg (confidence: 0.050)
Top 10 readings:
  Rank  Pressure    Confidence  
  ------------------------------
  1     124         0.050
  2     186         0.010
  3     171         0.010
  4     135         0.010

Detector: BL_W20_T3.0_D6
Best Detection: 124 mmHg (confidence: 0.050)
Top 10 readings:
  Rank  Pressure    Confidence  
  ------------------------------
  1     124         0.050
  2     186         0.010
  3     134         0.010

Detector: BL_W20_T3.0_D8
Best Detection: 124 mmHg (confidence: 0.050)
Top 10 readings:
  Rank  Pressure    Confidence  
  ------------------------------
  1     124         0.050
  2     185         0.010
  3     134         0.010

Detector: BL_W20_T3.0_D10
Best Detection: 133 mmHg (confidence: 0.260)
Top 10 readings:
  Rank  Pressure    Confidence  
  ------------------------------
  1     133         0.260
  2     129         0.126
  3     124         0.050

Detector: BL_W20_T3.0_D15
Best Detection: 129 mmHg (confidence: 0.126)
Top 10 readings:
  Rank  Pressure    Confidence  
  ------------------------------
  1     129         0.126
  2     124         0.050

Detector: BL_W20_T3.0_D20
Best Detection: 129 mmHg (confidence: 0.126)
Top 10 readings:
  Rank  Pressure    Confidence  
  ------------------------------
  1     129         0.126
  2     124         0.050

Detector: BL_W20_T3.0_D25
Best Detection: 129 mmHg (confidence: 0.126)
Top 10 readings:
  Rank  Pressure    Confidence  
  ------------------------------
  1     129         0.126
  2     124         0.050

Detector: BL_W20_T3.0_D30
Best Detection: 128 mmHg (confidence: 0.126)
Top 10 readings:
  Rank  Pressure    Confidence  
  ------------------------------
  1     128         0.126
  2     125         0.050

Detector: BL_W20_T3.0_D40
Best Detection: 124 mmHg (confidence: 0.050)
Top 10 readings:
  Rank  Pressure    Confidence  
  ------------------------------
  1     124         0.050

Detector: BL_W30_T1.2_D2
Best Detection: 110 mmHg (confidence: 0.660)
Top 10 readings:
  Rank  Pressure    Confidence  
  ------------------------------
  1     110         0.660
  2     105         0.580
  3     100         0.500
  4     95          0.420
  5     135         0.340
  6     91          0.340
  7     129         0.260
  8     86          0.260
  9     159         0.130
  10    151         0.126

Detector: BL_W30_T1.2_D4
Best Detection: 110 mmHg (confidence: 0.660)
Top 10 readings:
  Rank  Pressure    Confidence  
  ------------------------------
  1     110         0.660
  2     105         0.580
  3     100         0.500
  4     95          0.420
  5     135         0.340
  6     91          0.340
  7     129         0.260
  8     86          0.260
  9     125         0.126
  10    121         0.126

Detector: BL_W30_T1.2_D6
Best Detection: 110 mmHg (confidence: 0.660)
Top 10 readings:
  Rank  Pressure    Confidence  
  ------------------------------
  1     110         0.660
  2     105         0.580
  3     100         0.500
  4     95          0.420
  5     134         0.340
  6     91          0.340
  7     129         0.260
  8     86          0.260
  9     125         0.126
  10    121         0.126

Detector: BL_W30_T1.2_D8
Best Detection: 110 mmHg (confidence: 0.660)
Top 10 readings:
  Rank  Pressure    Confidence  
  ------------------------------
  1     110         0.660
  2     105         0.580
  3     100         0.500
  4     95          0.420
  5     134         0.340
  6     91          0.340
  7     129         0.260
  8     86          0.260
  9     125         0.126
  10    121         0.126

Detector: BL_W30_T1.2_D10
Best Detection: 110 mmHg (confidence: 0.660)
Top 10 readings:
  Rank  Pressure    Confidence  
  ------------------------------
  1     110         0.660
  2     105         0.580
  3     100         0.500
  4     95          0.420
  5     133         0.340
  6     91          0.340
  7     129         0.260
  8     86          0.260
  9     125         0.126
  10    121         0.126

Detector: BL_W30_T1.2_D15
Best Detection: 110 mmHg (confidence: 0.660)
Top 10 readings:
  Rank  Pressure    Confidence  
  ------------------------------
  1     110         0.660
  2     105         0.580
  3     100         0.500
  4     95          0.420
  5     91          0.340
  6     129         0.260
  7     86          0.260
  8     125         0.126
  9     121         0.126
  10    82          0.126

Detector: BL_W30_T1.2_D20
Best Detection: 110 mmHg (confidence: 0.660)
Top 10 readings:
  Rank  Pressure    Confidence  
  ------------------------------
  1     110         0.660
  2     105         0.580
  3     100         0.500
  4     95          0.420
  5     91          0.340
  6     129         0.260
  7     86          0.260
  8     125         0.126
  9     121         0.126
  10    82          0.126

Detector: BL_W30_T1.2_D25
Best Detection: 110 mmHg (confidence: 0.660)
Top 10 readings:
  Rank  Pressure    Confidence  
  ------------------------------
  1     110         0.660
  2     105         0.580
  3     100         0.500
  4     95          0.420
  5     91          0.340
  6     129         0.260
  7     86          0.260
  8     125         0.126
  9     121         0.126
  10    82          0.126

Detector: BL_W30_T1.2_D30
Best Detection: 110 mmHg (confidence: 0.660)
Top 10 readings:
  Rank  Pressure    Confidence  
  ------------------------------
  1     110         0.660
  2     105         0.580
  3     100         0.500
  4     95          0.420
  5     91          0.340
  6     128         0.260
  7     86          0.260
  8     125         0.126
  9     121         0.126
  10    82          0.126

Detector: BL_W30_T1.2_D40
Best Detection: 110 mmHg (confidence: 0.660)
Top 10 readings:
  Rank  Pressure    Confidence  
  ------------------------------
  1     110         0.660
  2     105         0.580
  3     100         0.500
  4     95          0.420
  5     91          0.340
  6     86          0.260
  7     125         0.126
  8     121         0.126
  9     82          0.126
  10    78          0.050

Detector: BL_W30_T1.4_D2
Best Detection: 109 mmHg (confidence: 0.660)
Top 10 readings:
  Rank  Pressure    Confidence  
  ------------------------------
  1     109         0.660
  2     105         0.580
  3     100         0.500
  4     95          0.420
  5     135         0.340
  6     90          0.340
  7     129         0.260
  8     86          0.260
  9     159         0.130
  10    151         0.126

Detector: BL_W30_T1.4_D4
Best Detection: 109 mmHg (confidence: 0.660)
Top 10 readings:
  Rank  Pressure    Confidence  
  ------------------------------
  1     109         0.660
  2     105         0.580
  3     100         0.500
  4     95          0.420
  5     135         0.340
  6     90          0.340
  7     129         0.260
  8     86          0.260
  9     125         0.126
  10    121         0.126

Detector: BL_W30_T1.4_D6
Best Detection: 109 mmHg (confidence: 0.660)
Top 10 readings:
  Rank  Pressure    Confidence  
  ------------------------------
  1     109         0.660
  2     105         0.580
  3     100         0.500
  4     95          0.420
  5     134         0.340
  6     90          0.340
  7     129         0.260
  8     86          0.260
  9     125         0.126
  10    121         0.126

Detector: BL_W30_T1.4_D8
Best Detection: 109 mmHg (confidence: 0.660)
Top 10 readings:
  Rank  Pressure    Confidence  
  ------------------------------
  1     109         0.660
  2     105         0.580
  3     100         0.500
  4     95          0.420
  5     134         0.340
  6     90          0.340
  7     129         0.260
  8     86          0.260
  9     125         0.126
  10    121         0.126

Detector: BL_W30_T1.4_D10
Best Detection: 109 mmHg (confidence: 0.660)
Top 10 readings:
  Rank  Pressure    Confidence  
  ------------------------------
  1     109         0.660
  2     105         0.580
  3     100         0.500
  4     95          0.420
  5     133         0.340
  6     90          0.340
  7     129         0.260
  8     86          0.260
  9     125         0.126
  10    121         0.126

Detector: BL_W30_T1.4_D15
Best Detection: 109 mmHg (confidence: 0.660)
Top 10 readings:
  Rank  Pressure    Confidence  
  ------------------------------
  1     109         0.660
  2     105         0.580
  3     100         0.500
  4     95          0.420
  5     90          0.340
  6     129         0.260
  7     86          0.260
  8     125         0.126
  9     121         0.126
  10    82          0.126

Detector: BL_W30_T1.4_D20
Best Detection: 109 mmHg (confidence: 0.660)
Top 10 readings:
  Rank  Pressure    Confidence  
  ------------------------------
  1     109         0.660
  2     105         0.580
  3     100         0.500
  4     95          0.420
  5     90          0.340
  6     129         0.260
  7     86          0.260
  8     125         0.126
  9     121         0.126
  10    82          0.126

Detector: BL_W30_T1.4_D25
Best Detection: 109 mmHg (confidence: 0.660)
Top 10 readings:
  Rank  Pressure    Confidence  
  ------------------------------
  1     109         0.660
  2     105         0.580
  3     100         0.500
  4     95          0.420
  5     90          0.340
  6     129         0.260
  7     86          0.260
  8     125         0.126
  9     121         0.126
  10    82          0.126

Detector: BL_W30_T1.4_D30
Best Detection: 109 mmHg (confidence: 0.660)
Top 10 readings:
  Rank  Pressure    Confidence  
  ------------------------------
  1     109         0.660
  2     105         0.580
  3     100         0.500
  4     95          0.420
  5     90          0.340
  6     128         0.260
  7     86          0.260
  8     125         0.126
  9     121         0.126
  10    82          0.126

Detector: BL_W30_T1.4_D40
Best Detection: 109 mmHg (confidence: 0.660)
Top 10 readings:
  Rank  Pressure    Confidence  
  ------------------------------
  1     109         0.660
  2     105         0.580
  3     100         0.500
  4     95          0.420
  5     90          0.340
  6     86          0.260
  7     125         0.126
  8     121         0.126
  9     82          0.126
  10    78          0.050

Detector: BL_W30_T1.6_D2
Best Detection: 135 mmHg (confidence: 0.340)
Top 10 readings:
  Rank  Pressure    Confidence  
  ------------------------------
  1     135         0.340
  2     109         0.340
  3     129         0.260
  4     105         0.260
  5     159         0.130
  6     151         0.126
  7     125         0.126
  8     121         0.126
  9     99          0.126
  10    82          0.126

Detector: BL_W30_T1.6_D4
Best Detection: 135 mmHg (confidence: 0.340)
Top 10 readings:
  Rank  Pressure    Confidence  
  ------------------------------
  1     135         0.340
  2     109         0.340
  3     129         0.260
  4     105         0.260
  5     125         0.126
  6     121         0.126
  7     99          0.126
  8     82          0.126
  9     78          0.050
  10    186         0.010

Detector: BL_W30_T1.6_D6
Best Detection: 134 mmHg (confidence: 0.340)
Top 10 readings:
  Rank  Pressure    Confidence  
  ------------------------------
  1     134         0.340
  2     109         0.340
  3     129         0.260
  4     105         0.260
  5     125         0.126
  6     121         0.126
  7     99          0.126
  8     82          0.126
  9     78          0.050
  10    186         0.010

Detector: BL_W30_T1.6_D8
Best Detection: 134 mmHg (confidence: 0.340)
Top 10 readings:
  Rank  Pressure    Confidence  
  ------------------------------
  1     134         0.340
  2     109         0.340
  3     129         0.260
  4     105         0.260
  5     125         0.126
  6     121         0.126
  7     99          0.126
  8     82          0.126
  9     78          0.050
  10    185         0.010

Detector: BL_W30_T1.6_D10
Best Detection: 133 mmHg (confidence: 0.340)
Top 10 readings:
  Rank  Pressure    Confidence  
  ------------------------------
  1     133         0.340
  2     109         0.340
  3     129         0.260
  4     105         0.260
  5     125         0.126
  6     121         0.126
  7     99          0.126
  8     82          0.126
  9     78          0.050
  10    119         0.010

Detector: BL_W30_T1.6_D15
Best Detection: 109 mmHg (confidence: 0.340)
Top 10 readings:
  Rank  Pressure    Confidence  
  ------------------------------
  1     109         0.340
  2     129         0.260
  3     105         0.260
  4     125         0.126
  5     121         0.126
  6     99          0.126
  7     82          0.126
  8     78          0.050
  9     119         0.010
  10    94          0.010

Detector: BL_W30_T1.6_D20
Best Detection: 109 mmHg (confidence: 0.340)
Top 10 readings:
  Rank  Pressure    Confidence  
  ------------------------------
  1     109         0.340
  2     129         0.260
  3     105         0.260
  4     125         0.126
  5     121         0.126
  6     99          0.126
  7     82          0.126
  8     78          0.050
  9     119         0.010
  10    94          0.010

Detector: BL_W30_T1.6_D25
Best Detection: 109 mmHg (confidence: 0.340)
Top 10 readings:
  Rank  Pressure    Confidence  
  ------------------------------
  1     109         0.340
  2     129         0.260
  3     105         0.260
  4     125         0.126
  5     121         0.126
  6     99          0.126
  7     82          0.126
  8     78          0.050
  9     119         0.010
  10    94          0.010

Detector: BL_W30_T1.6_D30
Best Detection: 109 mmHg (confidence: 0.340)
Top 10 readings:
  Rank  Pressure    Confidence  
  ------------------------------
  1     109         0.340
  2     128         0.260
  3     105         0.260
  4     125         0.126
  5     121         0.126
  6     99          0.126
  7     82          0.126
  8     78          0.050
  9     119         0.010
  10    94          0.010

Detector: BL_W30_T1.6_D40
Best Detection: 109 mmHg (confidence: 0.340)
Top 10 readings:
  Rank  Pressure    Confidence  
  ------------------------------
  1     109         0.340
  2     105         0.260
  3     125         0.126
  4     121         0.126
  5     99          0.126
  6     82          0.126
  7     78          0.050
  8     119         0.010
  9     94          0.010

Detector: BL_W30_T1.8_D2
Best Detection: 135 mmHg (confidence: 0.340)
Top 10 readings:
  Rank  Pressure    Confidence  
  ------------------------------
  1     135         0.340
  2     109         0.340
  3     129         0.260
  4     105         0.260
  5     159         0.130
  6     151         0.126
  7     125         0.126
  8     121         0.126
  9     99          0.126
  10    82          0.126

Detector: BL_W30_T1.8_D4
Best Detection: 135 mmHg (confidence: 0.340)
Top 10 readings:
  Rank  Pressure    Confidence  
  ------------------------------
  1     135         0.340
  2     109         0.340
  3     129         0.260
  4     105         0.260
  5     125         0.126
  6     121         0.126
  7     99          0.126
  8     82          0.126
  9     78          0.050
  10    186         0.010

Detector: BL_W30_T1.8_D6
Best Detection: 134 mmHg (confidence: 0.340)
Top 10 readings:
  Rank  Pressure    Confidence  
  ------------------------------
  1     134         0.340
  2     109         0.340
  3     129         0.260
  4     105         0.260
  5     125         0.126
  6     121         0.126
  7     99          0.126
  8     82          0.126
  9     78          0.050
  10    186         0.010

Detector: BL_W30_T1.8_D8
Best Detection: 134 mmHg (confidence: 0.340)
Top 10 readings:
  Rank  Pressure    Confidence  
  ------------------------------
  1     134         0.340
  2     109         0.340
  3     129         0.260
  4     105         0.260
  5     125         0.126
  6     121         0.126
  7     99          0.126
  8     82          0.126
  9     78          0.050
  10    185         0.010

Detector: BL_W30_T1.8_D10
Best Detection: 133 mmHg (confidence: 0.340)
Top 10 readings:
  Rank  Pressure    Confidence  
  ------------------------------
  1     133         0.340
  2     109         0.340
  3     129         0.260
  4     105         0.260
  5     125         0.126
  6     121         0.126
  7     99          0.126
  8     82          0.126
  9     78          0.050
  10    119         0.010

Detector: BL_W30_T1.8_D15
Best Detection: 109 mmHg (confidence: 0.340)
Top 10 readings:
  Rank  Pressure    Confidence  
  ------------------------------
  1     109         0.340
  2     129         0.260
  3     105         0.260
  4     125         0.126
  5     121         0.126
  6     99          0.126
  7     82          0.126
  8     78          0.050
  9     119         0.010
  10    94          0.010

Detector: BL_W30_T1.8_D20
Best Detection: 109 mmHg (confidence: 0.340)
Top 10 readings:
  Rank  Pressure    Confidence  
  ------------------------------
  1     109         0.340
  2     129         0.260
  3     105         0.260
  4     125         0.126
  5     121         0.126
  6     99          0.126
  7     82          0.126
  8     78          0.050
  9     119         0.010
  10    94          0.010

Detector: BL_W30_T1.8_D25
Best Detection: 109 mmHg (confidence: 0.340)
Top 10 readings:
  Rank  Pressure    Confidence  
  ------------------------------
  1     109         0.340
  2     129         0.260
  3     105         0.260
  4     125         0.126
  5     121         0.126
  6     99          0.126
  7     82          0.126
  8     78          0.050
  9     119         0.010
  10    94          0.010

Detector: BL_W30_T1.8_D30
Best Detection: 109 mmHg (confidence: 0.340)
Top 10 readings:
  Rank  Pressure    Confidence  
  ------------------------------
  1     109         0.340
  2     128         0.260
  3     105         0.260
  4     125         0.126
  5     121         0.126
  6     99          0.126
  7     82          0.126
  8     78          0.050
  9     119         0.010
  10    94          0.010

Detector: BL_W30_T1.8_D40
Best Detection: 109 mmHg (confidence: 0.340)
Top 10 readings:
  Rank  Pressure    Confidence  
  ------------------------------
  1     109         0.340
  2     105         0.260
  3     125         0.126
  4     121         0.126
  5     99          0.126
  6     82          0.126
  7     78          0.050
  8     119         0.010
  9     94          0.010

Detector: BL_W30_T2.0_D2
Best Detection: 135 mmHg (confidence: 0.340)
Top 10 readings:
  Rank  Pressure    Confidence  
  ------------------------------
  1     135         0.340
  2     129         0.260
  3     159         0.130
  4     151         0.126
  5     124         0.126
  6     109         0.126
  7     105         0.050
  8     186         0.010
  9     172         0.010
  10    149         0.010

Detector: BL_W30_T2.0_D4
Best Detection: 135 mmHg (confidence: 0.340)
Top 10 readings:
  Rank  Pressure    Confidence  
  ------------------------------
  1     135         0.340
  2     129         0.260
  3     124         0.126
  4     109         0.126
  5     105         0.050
  6     186         0.010
  7     171         0.010
  8     119         0.010

Detector: BL_W30_T2.0_D6
Best Detection: 134 mmHg (confidence: 0.340)
Top 10 readings:
  Rank  Pressure    Confidence  
  ------------------------------
  1     134         0.340
  2     129         0.260
  3     124         0.126
  4     109         0.126
  5     105         0.050
  6     186         0.010
  7     119         0.010

Detector: BL_W30_T2.0_D8
Best Detection: 134 mmHg (confidence: 0.340)
Top 10 readings:
  Rank  Pressure    Confidence  
  ------------------------------
  1     134         0.340
  2     129         0.260
  3     124         0.126
  4     109         0.126
  5     105         0.050
  6     185         0.010
  7     119         0.010

Detector: BL_W30_T2.0_D10
Best Detection: 133 mmHg (confidence: 0.340)
Top 10 readings:
  Rank  Pressure    Confidence  
  ------------------------------
  1     133         0.340
  2     129         0.260
  3     124         0.126
  4     109         0.126
  5     105         0.050
  6     119         0.010

Detector: BL_W30_T2.0_D15
Best Detection: 129 mmHg (confidence: 0.260)
Top 10 readings:
  Rank  Pressure    Confidence  
  ------------------------------
  1     129         0.260
  2     124         0.126
  3     109         0.126
  4     105         0.050
  5     119         0.010

Detector: BL_W30_T2.0_D20
Best Detection: 129 mmHg (confidence: 0.260)
Top 10 readings:
  Rank  Pressure    Confidence  
  ------------------------------
  1     129         0.260
  2     124         0.126
  3     109         0.126
  4     105         0.050
  5     119         0.010

Detector: BL_W30_T2.0_D25
Best Detection: 129 mmHg (confidence: 0.260)
Top 10 readings:
  Rank  Pressure    Confidence  
  ------------------------------
  1     129         0.260
  2     125         0.126
  3     121         0.126
  4     109         0.126
  5     105         0.050
  6     119         0.010

Detector: BL_W30_T2.0_D30
Best Detection: 128 mmHg (confidence: 0.260)
Top 10 readings:
  Rank  Pressure    Confidence  
  ------------------------------
  1     128         0.260
  2     125         0.126
  3     121         0.126
  4     109         0.126
  5     105         0.050
  6     119         0.010

Detector: BL_W30_T2.0_D40
Best Detection: 125 mmHg (confidence: 0.126)
Top 10 readings:
  Rank  Pressure    Confidence  
  ------------------------------
  1     125         0.126
  2     121         0.126
  3     109         0.126
  4     105         0.050
  5     119         0.010

Detector: BL_W30_T2.2_D2
Best Detection: 134 mmHg (confidence: 0.340)
Top 10 readings:
  Rank  Pressure    Confidence  
  ------------------------------
  1     134         0.340
  2     129         0.260
  3     159         0.130
  4     151         0.126
  5     124         0.126
  6     109         0.126
  7     105         0.050
  8     186         0.010
  9     172         0.010
  10    149         0.010

Detector: BL_W30_T2.2_D4
Best Detection: 135 mmHg (confidence: 0.340)
Top 10 readings:
  Rank  Pressure    Confidence  
  ------------------------------
  1     135         0.340
  2     129         0.260
  3     124         0.126
  4     109         0.126
  5     105         0.050
  6     186         0.010
  7     171         0.010
  8     118         0.010

Detector: BL_W30_T2.2_D6
Best Detection: 134 mmHg (confidence: 0.340)
Top 10 readings:
  Rank  Pressure    Confidence  
  ------------------------------
  1     134         0.340
  2     129         0.260
  3     124         0.126
  4     109         0.126
  5     105         0.050
  6     186         0.010
  7     118         0.010

Detector: BL_W30_T2.2_D8
Best Detection: 134 mmHg (confidence: 0.340)
Top 10 readings:
  Rank  Pressure    Confidence  
  ------------------------------
  1     134         0.340
  2     129         0.260
  3     124         0.126
  4     109         0.126
  5     105         0.050
  6     185         0.010
  7     118         0.010

Detector: BL_W30_T2.2_D10
Best Detection: 133 mmHg (confidence: 0.340)
Top 10 readings:
  Rank  Pressure    Confidence  
  ------------------------------
  1     133         0.340
  2     129         0.260
  3     124         0.126
  4     109         0.126
  5     105         0.050
  6     118         0.010

Detector: BL_W30_T2.2_D15
Best Detection: 129 mmHg (confidence: 0.260)
Top 10 readings:
  Rank  Pressure    Confidence  
  ------------------------------
  1     129         0.260
  2     124         0.126
  3     109         0.126
  4     105         0.050
  5     118         0.010

Detector: BL_W30_T2.2_D20
Best Detection: 129 mmHg (confidence: 0.260)
Top 10 readings:
  Rank  Pressure    Confidence  
  ------------------------------
  1     129         0.260
  2     124         0.126
  3     109         0.126
  4     105         0.050
  5     118         0.010

Detector: BL_W30_T2.2_D25
Best Detection: 129 mmHg (confidence: 0.260)
Top 10 readings:
  Rank  Pressure    Confidence  
  ------------------------------
  1     129         0.260
  2     125         0.126
  3     109         0.126
  4     105         0.050
  5     118         0.010

Detector: BL_W30_T2.2_D30
Best Detection: 128 mmHg (confidence: 0.260)
Top 10 readings:
  Rank  Pressure    Confidence  
  ------------------------------
  1     128         0.260
  2     125         0.126
  3     109         0.126
  4     105         0.050
  5     118         0.010

Detector: BL_W30_T2.2_D40
Best Detection: 125 mmHg (confidence: 0.126)
Top 10 readings:
  Rank  Pressure    Confidence  
  ------------------------------
  1     125         0.126
  2     109         0.126
  3     105         0.050
  4     118         0.010

Detector: BL_W30_T2.4_D2
Best Detection: 134 mmHg (confidence: 0.260)
Top 10 readings:
  Rank  Pressure    Confidence  
  ------------------------------
  1     134         0.260
  2     159         0.130
  3     151         0.126
  4     129         0.126
  5     109         0.050
  6     186         0.010
  7     172         0.010
  8     149         0.010
  9     124         0.010

Detector: BL_W30_T2.4_D4
Best Detection: 135 mmHg (confidence: 0.260)
Top 10 readings:
  Rank  Pressure    Confidence  
  ------------------------------
  1     135         0.260
  2     129         0.126
  3     109         0.050
  4     186         0.010
  5     171         0.010
  6     124         0.010

Detector: BL_W30_T2.4_D6
Best Detection: 134 mmHg (confidence: 0.260)
Top 10 readings:
  Rank  Pressure    Confidence  
  ------------------------------
  1     134         0.260
  2     129         0.126
  3     109         0.050
  4     186         0.010
  5     124         0.010

Detector: BL_W30_T2.4_D8
Best Detection: 134 mmHg (confidence: 0.260)
Top 10 readings:
  Rank  Pressure    Confidence  
  ------------------------------
  1     134         0.260
  2     129         0.126
  3     109         0.050
  4     185         0.010
  5     124         0.010

Detector: BL_W30_T2.4_D10
Best Detection: 133 mmHg (confidence: 0.260)
Top 10 readings:
  Rank  Pressure    Confidence  
  ------------------------------
  1     133         0.260
  2     129         0.126
  3     109         0.050
  4     124         0.010

Detector: BL_W30_T2.4_D15
Best Detection: 129 mmHg (confidence: 0.126)
Top 10 readings:
  Rank  Pressure    Confidence  
  ------------------------------
  1     129         0.126
  2     109         0.050
  3     124         0.010

Detector: BL_W30_T2.4_D20
Best Detection: 129 mmHg (confidence: 0.126)
Top 10 readings:
  Rank  Pressure    Confidence  
  ------------------------------
  1     129         0.126
  2     109         0.050
  3     124         0.010

Detector: BL_W30_T2.4_D25
Best Detection: 129 mmHg (confidence: 0.126)
Top 10 readings:
  Rank  Pressure    Confidence  
  ------------------------------
  1     129         0.126
  2     109         0.050
  3     125         0.010

Detector: BL_W30_T2.4_D30
Best Detection: 128 mmHg (confidence: 0.126)
Top 10 readings:
  Rank  Pressure    Confidence  
  ------------------------------
  1     128         0.126
  2     109         0.050
  3     125         0.010

Detector: BL_W30_T2.4_D40
Best Detection: 109 mmHg (confidence: 0.050)
Top 10 readings:
  Rank  Pressure    Confidence  
  ------------------------------
  1     109         0.050
  2     125         0.010

Detector: BL_W30_T2.6_D2
Best Detection: 134 mmHg (confidence: 0.260)
Top 10 readings:
  Rank  Pressure    Confidence  
  ------------------------------
  1     134         0.260
  2     159         0.130
  3     151         0.126
  4     129         0.126
  5     124         0.050
  6     186         0.010
  7     172         0.010
  8     149         0.010

Detector: BL_W30_T2.6_D4
Best Detection: 135 mmHg (confidence: 0.260)
Top 10 readings:
  Rank  Pressure    Confidence  
  ------------------------------
  1     135         0.260
  2     129         0.126
  3     124         0.050
  4     186         0.010
  5     171         0.010

Detector: BL_W30_T2.6_D6
Best Detection: 134 mmHg (confidence: 0.260)
Top 10 readings:
  Rank  Pressure    Confidence  
  ------------------------------
  1     134         0.260
  2     129         0.126
  3     124         0.050
  4     186         0.010

Detector: BL_W30_T2.6_D8
Best Detection: 134 mmHg (confidence: 0.260)
Top 10 readings:
  Rank  Pressure    Confidence  
  ------------------------------
  1     134         0.260
  2     129         0.126
  3     124         0.050
  4     185         0.010

Detector: BL_W30_T2.6_D10
Best Detection: 133 mmHg (confidence: 0.260)
Top 10 readings:
  Rank  Pressure    Confidence  
  ------------------------------
  1     133         0.260
  2     129         0.126
  3     124         0.050

Detector: BL_W30_T2.6_D15
Best Detection: 129 mmHg (confidence: 0.126)
Top 10 readings:
  Rank  Pressure    Confidence  
  ------------------------------
  1     129         0.126
  2     124         0.050

Detector: BL_W30_T2.6_D20
Best Detection: 129 mmHg (confidence: 0.126)
Top 10 readings:
  Rank  Pressure    Confidence  
  ------------------------------
  1     129         0.126
  2     124         0.050

Detector: BL_W30_T2.6_D25
Best Detection: 129 mmHg (confidence: 0.126)
Top 10 readings:
  Rank  Pressure    Confidence  
  ------------------------------
  1     129         0.126
  2     125         0.050

Detector: BL_W30_T2.6_D30
Best Detection: 128 mmHg (confidence: 0.126)
Top 10 readings:
  Rank  Pressure    Confidence  
  ------------------------------
  1     128         0.126
  2     125         0.050

Detector: BL_W30_T2.6_D40
Best Detection: 125 mmHg (confidence: 0.050)
Top 10 readings:
  Rank  Pressure    Confidence  
  ------------------------------
  1     125         0.050

Detector: BL_W30_T2.8_D2
Best Detection: 159 mmHg (confidence: 0.130)
Top 10 readings:
  Rank  Pressure    Confidence  
  ------------------------------
  1     159         0.130
  2     151         0.126
  3     129         0.126
  4     124         0.050
  5     186         0.010
  6     172         0.010
  7     149         0.010

Detector: BL_W30_T2.8_D4
Best Detection: 135 mmHg (confidence: 0.260)
Top 10 readings:
  Rank  Pressure    Confidence  
  ------------------------------
  1     135         0.260
  2     129         0.126
  3     124         0.050
  4     186         0.010
  5     171         0.010

Detector: BL_W30_T2.8_D6
Best Detection: 134 mmHg (confidence: 0.260)
Top 10 readings:
  Rank  Pressure    Confidence  
  ------------------------------
  1     134         0.260
  2     129         0.126
  3     124         0.050
  4     186         0.010

Detector: BL_W30_T2.8_D8
Best Detection: 134 mmHg (confidence: 0.260)
Top 10 readings:
  Rank  Pressure    Confidence  
  ------------------------------
  1     134         0.260
  2     129         0.126
  3     124         0.050
  4     185         0.010

Detector: BL_W30_T2.8_D10
Best Detection: 133 mmHg (confidence: 0.260)
Top 10 readings:
  Rank  Pressure    Confidence  
  ------------------------------
  1     133         0.260
  2     129         0.126
  3     124         0.050

Detector: BL_W30_T2.8_D15
Best Detection: 129 mmHg (confidence: 0.126)
Top 10 readings:
  Rank  Pressure    Confidence  
  ------------------------------
  1     129         0.126
  2     124         0.050

Detector: BL_W30_T2.8_D20
Best Detection: 129 mmHg (confidence: 0.126)
Top 10 readings:
  Rank  Pressure    Confidence  
  ------------------------------
  1     129         0.126
  2     124         0.050

Detector: BL_W30_T2.8_D25
Best Detection: 129 mmHg (confidence: 0.126)
Top 10 readings:
  Rank  Pressure    Confidence  
  ------------------------------
  1     129         0.126
  2     125         0.050

Detector: BL_W30_T2.8_D30
Best Detection: 128 mmHg (confidence: 0.126)
Top 10 readings:
  Rank  Pressure    Confidence  
  ------------------------------
  1     128         0.126
  2     125         0.050

Detector: BL_W30_T2.8_D40
Best Detection: 125 mmHg (confidence: 0.050)
Top 10 readings:
  Rank  Pressure    Confidence  
  ------------------------------
  1     125         0.050

Detector: BL_W30_T3.0_D2
Best Detection: 159 mmHg (confidence: 0.130)
Top 10 readings:
  Rank  Pressure    Confidence  
  ------------------------------
  1     159         0.130
  2     151         0.126
  3     128         0.126
  4     124         0.050
  5     186         0.010
  6     172         0.010
  7     149         0.010

Detector: BL_W30_T3.0_D4
Best Detection: 135 mmHg (confidence: 0.260)
Top 10 readings:
  Rank  Pressure    Confidence  
  ------------------------------
  1     135         0.260
  2     128         0.126
  3     124         0.050
  4     186         0.010
  5     171         0.010

Detector: BL_W30_T3.0_D6
Best Detection: 134 mmHg (confidence: 0.260)
Top 10 readings:
  Rank  Pressure    Confidence  
  ------------------------------
  1     134         0.260
  2     128         0.126
  3     124         0.050
  4     186         0.010

Detector: BL_W30_T3.0_D8
Best Detection: 134 mmHg (confidence: 0.260)
Top 10 readings:
  Rank  Pressure    Confidence  
  ------------------------------
  1     134         0.260
  2     129         0.126
  3     124         0.050
  4     185         0.010

Detector: BL_W30_T3.0_D10
Best Detection: 133 mmHg (confidence: 0.260)
Top 10 readings:
  Rank  Pressure    Confidence  
  ------------------------------
  1     133         0.260
  2     129         0.126
  3     124         0.050

Detector: BL_W30_T3.0_D15
Best Detection: 129 mmHg (confidence: 0.126)
Top 10 readings:
  Rank  Pressure    Confidence  
  ------------------------------
  1     129         0.126
  2     124         0.050

Detector: BL_W30_T3.0_D20
Best Detection: 129 mmHg (confidence: 0.126)
Top 10 readings:
  Rank  Pressure    Confidence  
  ------------------------------
  1     129         0.126
  2     124         0.050

Detector: BL_W30_T3.0_D25
Best Detection: 129 mmHg (confidence: 0.126)
Top 10 readings:
  Rank  Pressure    Confidence  
  ------------------------------
  1     129         0.126
  2     125         0.050

Detector: BL_W30_T3.0_D30
Best Detection: 128 mmHg (confidence: 0.126)
Top 10 readings:
  Rank  Pressure    Confidence  
  ------------------------------
  1     128         0.126
  2     125         0.050

Detector: BL_W30_T3.0_D40
Best Detection: 125 mmHg (confidence: 0.050)
Top 10 readings:
  Rank  Pressure    Confidence  
  ------------------------------
  1     125         0.050

Detector: BL_W40_T1.2_D2
Best Detection: 108 mmHg (confidence: 0.660)
Top 10 readings:
  Rank  Pressure    Confidence  
  ------------------------------
  1     108         0.660
  2     105         0.580
  3     100         0.500
  4     95          0.420
  5     135         0.340
  6     133         0.340
  7     90          0.340
  8     129         0.260
  9     86          0.260
  10    151         0.126

Detector: BL_W40_T1.2_D4
Best Detection: 108 mmHg (confidence: 0.660)
Top 10 readings:
  Rank  Pressure    Confidence  
  ------------------------------
  1     108         0.660
  2     105         0.580
  3     100         0.500
  4     95          0.420
  5     135         0.340
  6     90          0.340
  7     129         0.260
  8     86          0.260
  9     125         0.126
  10    121         0.126

Detector: BL_W40_T1.2_D6
Best Detection: 108 mmHg (confidence: 0.660)
Top 10 readings:
  Rank  Pressure    Confidence  
  ------------------------------
  1     108         0.660
  2     105         0.580
  3     100         0.500
  4     95          0.420
  5     134         0.340
  6     90          0.340
  7     129         0.260
  8     86          0.260
  9     125         0.126
  10    121         0.126

Detector: BL_W40_T1.2_D8
Best Detection: 108 mmHg (confidence: 0.660)
Top 10 readings:
  Rank  Pressure    Confidence  
  ------------------------------
  1     108         0.660
  2     105         0.580
  3     100         0.500
  4     95          0.420
  5     134         0.340
  6     90          0.340
  7     129         0.260
  8     86          0.260
  9     125         0.126
  10    121         0.126

Detector: BL_W40_T1.2_D10
Best Detection: 108 mmHg (confidence: 0.660)
Top 10 readings:
  Rank  Pressure    Confidence  
  ------------------------------
  1     108         0.660
  2     105         0.580
  3     100         0.500
  4     95          0.420
  5     133         0.340
  6     90          0.340
  7     129         0.260
  8     86          0.260
  9     125         0.126
  10    121         0.126

Detector: BL_W40_T1.2_D15
Best Detection: 108 mmHg (confidence: 0.660)
Top 10 readings:
  Rank  Pressure    Confidence  
  ------------------------------
  1     108         0.660
  2     105         0.580
  3     100         0.500
  4     95          0.420
  5     90          0.340
  6     129         0.260
  7     86          0.260
  8     125         0.126
  9     121         0.126
  10    82          0.126

Detector: BL_W40_T1.2_D20
Best Detection: 108 mmHg (confidence: 0.660)
Top 10 readings:
  Rank  Pressure    Confidence  
  ------------------------------
  1     108         0.660
  2     105         0.580
  3     100         0.500
  4     95          0.420
  5     90          0.340
  6     129         0.260
  7     86          0.260
  8     125         0.126
  9     121         0.126
  10    82          0.126

Detector: BL_W40_T1.2_D25
Best Detection: 108 mmHg (confidence: 0.660)
Top 10 readings:
  Rank  Pressure    Confidence  
  ------------------------------
  1     108         0.660
  2     105         0.580
  3     100         0.500
  4     95          0.420
  5     90          0.340
  6     129         0.260
  7     86          0.260
  8     125         0.126
  9     121         0.126
  10    82          0.126

Detector: BL_W40_T1.2_D30
Best Detection: 108 mmHg (confidence: 0.660)
Top 10 readings:
  Rank  Pressure    Confidence  
  ------------------------------
  1     108         0.660
  2     105         0.580
  3     100         0.500
  4     95          0.420
  5     90          0.340
  6     128         0.260
  7     86          0.260
  8     125         0.126
  9     121         0.126
  10    82          0.126

Detector: BL_W40_T1.2_D40
Best Detection: 108 mmHg (confidence: 0.660)
Top 10 readings:
  Rank  Pressure    Confidence  
  ------------------------------
  1     108         0.660
  2     105         0.580
  3     100         0.500
  4     95          0.420
  5     90          0.340
  6     86          0.260
  7     124         0.126
  8     121         0.126
  9     82          0.126
  10    78          0.050

Detector: BL_W40_T1.4_D2
Best Detection: 105 mmHg (confidence: 0.580)
Top 10 readings:
  Rank  Pressure    Confidence  
  ------------------------------
  1     105         0.580
  2     100         0.500
  3     95          0.420
  4     135         0.340
  5     133         0.340
  6     90          0.340
  7     129         0.260
  8     86          0.260
  9     151         0.126
  10    125         0.126

Detector: BL_W40_T1.4_D4
Best Detection: 105 mmHg (confidence: 0.580)
Top 10 readings:
  Rank  Pressure    Confidence  
  ------------------------------
  1     105         0.580
  2     100         0.500
  3     95          0.420
  4     135         0.340
  5     90          0.340
  6     129         0.260
  7     86          0.260
  8     125         0.126
  9     121         0.126
  10    82          0.126

Detector: BL_W40_T1.4_D6
Best Detection: 105 mmHg (confidence: 0.580)
Top 10 readings:
  Rank  Pressure    Confidence  
  ------------------------------
  1     105         0.580
  2     100         0.500
  3     95          0.420
  4     134         0.340
  5     90          0.340
  6     129         0.260
  7     86          0.260
  8     125         0.126
  9     121         0.126
  10    82          0.126

Detector: BL_W40_T1.4_D8
Best Detection: 105 mmHg (confidence: 0.580)
Top 10 readings:
  Rank  Pressure    Confidence  
  ------------------------------
  1     105         0.580
  2     100         0.500
  3     95          0.420
  4     134         0.340
  5     90          0.340
  6     129         0.260
  7     86          0.260
  8     125         0.126
  9     121         0.126
  10    82          0.126

Detector: BL_W40_T1.4_D10
Best Detection: 105 mmHg (confidence: 0.580)
Top 10 readings:
  Rank  Pressure    Confidence  
  ------------------------------
  1     105         0.580
  2     100         0.500
  3     95          0.420
  4     133         0.340
  5     90          0.340
  6     129         0.260
  7     86          0.260
  8     125         0.126
  9     121         0.126
  10    82          0.126

Detector: BL_W40_T1.4_D15
Best Detection: 105 mmHg (confidence: 0.580)
Top 10 readings:
  Rank  Pressure    Confidence  
  ------------------------------
  1     105         0.580
  2     100         0.500
  3     95          0.420
  4     90          0.340
  5     129         0.260
  6     86          0.260
  7     125         0.126
  8     121         0.126
  9     82          0.126
  10    78          0.050

Detector: BL_W40_T1.4_D20
Best Detection: 105 mmHg (confidence: 0.580)
Top 10 readings:
  Rank  Pressure    Confidence  
  ------------------------------
  1     105         0.580
  2     100         0.500
  3     95          0.420
  4     90          0.340
  5     129         0.260
  6     86          0.260
  7     125         0.126
  8     121         0.126
  9     82          0.126
  10    78          0.050

Detector: BL_W40_T1.4_D25
Best Detection: 105 mmHg (confidence: 0.580)
Top 10 readings:
  Rank  Pressure    Confidence  
  ------------------------------
  1     105         0.580
  2     100         0.500
  3     95          0.420
  4     90          0.340
  5     129         0.260
  6     86          0.260
  7     125         0.126
  8     121         0.126
  9     82          0.126
  10    78          0.050

Detector: BL_W40_T1.4_D30
Best Detection: 105 mmHg (confidence: 0.580)
Top 10 readings:
  Rank  Pressure    Confidence  
  ------------------------------
  1     105         0.580
  2     100         0.500
  3     95          0.420
  4     90          0.340
  5     128         0.260
  6     86          0.260
  7     125         0.126
  8     121         0.126
  9     82          0.126
  10    78          0.050

Detector: BL_W40_T1.4_D40
Best Detection: 105 mmHg (confidence: 0.580)
Top 10 readings:
  Rank  Pressure    Confidence  
  ------------------------------
  1     105         0.580
  2     100         0.500
  3     95          0.420
  4     90          0.340
  5     86          0.260
  6     124         0.126
  7     121         0.126
  8     82          0.126
  9     78          0.050
  10    119         0.010

Detector: BL_W40_T1.6_D2
Best Detection: 135 mmHg (confidence: 0.340)
Top 10 readings:
  Rank  Pressure    Confidence  
  ------------------------------
  1     135         0.340
  2     105         0.340
  3     129         0.260
  4     100         0.260
  5     151         0.126
  6     125         0.126
  7     121         0.126
  8     94          0.126
  9     82          0.126
  10    78          0.050

Detector: BL_W40_T1.6_D4
Best Detection: 135 mmHg (confidence: 0.340)
Top 10 readings:
  Rank  Pressure    Confidence  
  ------------------------------
  1     135         0.340
  2     105         0.340
  3     129         0.260
  4     100         0.260
  5     125         0.126
  6     121         0.126
  7     94          0.126
  8     82          0.126
  9     78          0.050
  10    186         0.010

Detector: BL_W40_T1.6_D6
Best Detection: 134 mmHg (confidence: 0.340)
Top 10 readings:
  Rank  Pressure    Confidence  
  ------------------------------
  1     134         0.340
  2     105         0.340
  3     129         0.260
  4     100         0.260
  5     125         0.126
  6     121         0.126
  7     94          0.126
  8     82          0.126
  9     78          0.050
  10    186         0.010

Detector: BL_W40_T1.6_D8
Best Detection: 134 mmHg (confidence: 0.340)
Top 10 readings:
  Rank  Pressure    Confidence  
  ------------------------------
  1     134         0.340
  2     105         0.340
  3     129         0.260
  4     100         0.260
  5     125         0.126
  6     121         0.126
  7     94          0.126
  8     82          0.126
  9     78          0.050
  10    186         0.010

Detector: BL_W40_T1.6_D10
Best Detection: 133 mmHg (confidence: 0.340)
Top 10 readings:
  Rank  Pressure    Confidence  
  ------------------------------
  1     133         0.340
  2     105         0.340
  3     129         0.260
  4     100         0.260
  5     125         0.126
  6     121         0.126
  7     94          0.126
  8     82          0.126
  9     78          0.050
  10    185         0.010

Detector: BL_W40_T1.6_D15
Best Detection: 105 mmHg (confidence: 0.340)
Top 10 readings:
  Rank  Pressure    Confidence  
  ------------------------------
  1     105         0.340
  2     129         0.260
  3     100         0.260
  4     125         0.126
  5     121         0.126
  6     94          0.126
  7     82          0.126
  8     78          0.050
  9     119         0.010
  10    90          0.010

Detector: BL_W40_T1.6_D20
Best Detection: 105 mmHg (confidence: 0.340)
Top 10 readings:
  Rank  Pressure    Confidence  
  ------------------------------
  1     105         0.340
  2     129         0.260
  3     100         0.260
  4     125         0.126
  5     121         0.126
  6     94          0.126
  7     82          0.126
  8     78          0.050
  9     119         0.010
  10    90          0.010

Detector: BL_W40_T1.6_D25
Best Detection: 105 mmHg (confidence: 0.340)
Top 10 readings:
  Rank  Pressure    Confidence  
  ------------------------------
  1     105         0.340
  2     129         0.260
  3     100         0.260
  4     125         0.126
  5     121         0.126
  6     94          0.126
  7     82          0.126
  8     78          0.050
  9     119         0.010
  10    90          0.010

Detector: BL_W40_T1.6_D30
Best Detection: 105 mmHg (confidence: 0.340)
Top 10 readings:
  Rank  Pressure    Confidence  
  ------------------------------
  1     105         0.340
  2     128         0.260
  3     100         0.260
  4     125         0.126
  5     121         0.126
  6     94          0.126
  7     82          0.126
  8     78          0.050
  9     119         0.010
  10    90          0.010

Detector: BL_W40_T1.6_D40
Best Detection: 105 mmHg (confidence: 0.340)
Top 10 readings:
  Rank  Pressure    Confidence  
  ------------------------------
  1     105         0.340
  2     100         0.260
  3     124         0.126
  4     121         0.126
  5     94          0.126
  6     82          0.126
  7     78          0.050
  8     119         0.010
  9     90          0.010

Detector: BL_W40_T1.8_D2
Best Detection: 135 mmHg (confidence: 0.340)
Top 10 readings:
  Rank  Pressure    Confidence  
  ------------------------------
  1     135         0.340
  2     129         0.260
  3     105         0.260
  4     151         0.126
  5     125         0.126
  6     121         0.126
  7     99          0.126
  8     78          0.050
  9     186         0.010
  10    172         0.010

Detector: BL_W40_T1.8_D4
Best Detection: 135 mmHg (confidence: 0.340)
Top 10 readings:
  Rank  Pressure    Confidence  
  ------------------------------
  1     135         0.340
  2     129         0.260
  3     105         0.260
  4     125         0.126
  5     121         0.126
  6     99          0.126
  7     78          0.050
  8     186         0.010
  9     171         0.010
  10    119         0.010

Detector: BL_W40_T1.8_D6
Best Detection: 134 mmHg (confidence: 0.340)
Top 10 readings:
  Rank  Pressure    Confidence  
  ------------------------------
  1     134         0.340
  2     129         0.260
  3     105         0.260
  4     125         0.126
  5     121         0.126
  6     99          0.126
  7     78          0.050
  8     186         0.010
  9     119         0.010
  10    94          0.010

Detector: BL_W40_T1.8_D8
Best Detection: 134 mmHg (confidence: 0.340)
Top 10 readings:
  Rank  Pressure    Confidence  
  ------------------------------
  1     134         0.340
  2     129         0.260
  3     105         0.260
  4     125         0.126
  5     121         0.126
  6     99          0.126
  7     78          0.050
  8     186         0.010
  9     119         0.010
  10    94          0.010

Detector: BL_W40_T1.8_D10
Best Detection: 133 mmHg (confidence: 0.340)
Top 10 readings:
  Rank  Pressure    Confidence  
  ------------------------------
  1     133         0.340
  2     129         0.260
  3     105         0.260
  4     125         0.126
  5     121         0.126
  6     99          0.126
  7     78          0.050
  8     185         0.010
  9     119         0.010
  10    94          0.010

Detector: BL_W40_T1.8_D15
Best Detection: 129 mmHg (confidence: 0.260)
Top 10 readings:
  Rank  Pressure    Confidence  
  ------------------------------
  1     129         0.260
  2     105         0.260
  3     125         0.126
  4     121         0.126
  5     99          0.126
  6     78          0.050
  7     119         0.010
  8     94          0.010

Detector: BL_W40_T1.8_D20
Best Detection: 129 mmHg (confidence: 0.260)
Top 10 readings:
  Rank  Pressure    Confidence  
  ------------------------------
  1     129         0.260
  2     105         0.260
  3     125         0.126
  4     121         0.126
  5     99          0.126
  6     78          0.050
  7     119         0.010
  8     94          0.010

Detector: BL_W40_T1.8_D25
Best Detection: 129 mmHg (confidence: 0.260)
Top 10 readings:
  Rank  Pressure    Confidence  
  ------------------------------
  1     129         0.260
  2     105         0.260
  3     125         0.126
  4     121         0.126
  5     99          0.126
  6     78          0.050
  7     119         0.010
  8     94          0.010

Detector: BL_W40_T1.8_D30
Best Detection: 128 mmHg (confidence: 0.260)
Top 10 readings:
  Rank  Pressure    Confidence  
  ------------------------------
  1     128         0.260
  2     105         0.260
  3     125         0.126
  4     121         0.126
  5     99          0.126
  6     78          0.050
  7     119         0.010
  8     94          0.010

Detector: BL_W40_T1.8_D40
Best Detection: 105 mmHg (confidence: 0.260)
Top 10 readings:
  Rank  Pressure    Confidence  
  ------------------------------
  1     105         0.260
  2     124         0.126
  3     121         0.126
  4     99          0.126
  5     78          0.050
  6     119         0.010
  7     94          0.010

Detector: BL_W40_T2.0_D2
Best Detection: 135 mmHg (confidence: 0.340)
Top 10 readings:
  Rank  Pressure    Confidence  
  ------------------------------
  1     135         0.340
  2     129         0.260
  3     151         0.126
  4     125         0.126
  5     121         0.126
  6     105         0.126
  7     99          0.050
  8     186         0.010
  9     172         0.010
  10    149         0.010

Detector: BL_W40_T2.0_D4
Best Detection: 135 mmHg (confidence: 0.340)
Top 10 readings:
  Rank  Pressure    Confidence  
  ------------------------------
  1     135         0.340
  2     129         0.260
  3     125         0.126
  4     121         0.126
  5     105         0.126
  6     99          0.050
  7     186         0.010
  8     171         0.010
  9     119         0.010

Detector: BL_W40_T2.0_D6
Best Detection: 134 mmHg (confidence: 0.340)
Top 10 readings:
  Rank  Pressure    Confidence  
  ------------------------------
  1     134         0.340
  2     129         0.260
  3     125         0.126
  4     121         0.126
  5     105         0.126
  6     99          0.050
  7     186         0.010
  8     119         0.010

Detector: BL_W40_T2.0_D8
Best Detection: 134 mmHg (confidence: 0.340)
Top 10 readings:
  Rank  Pressure    Confidence  
  ------------------------------
  1     134         0.340
  2     129         0.260
  3     125         0.126
  4     121         0.126
  5     105         0.126
  6     99          0.050
  7     186         0.010
  8     119         0.010

Detector: BL_W40_T2.0_D10
Best Detection: 133 mmHg (confidence: 0.340)
Top 10 readings:
  Rank  Pressure    Confidence  
  ------------------------------
  1     133         0.340
  2     129         0.260
  3     125         0.126
  4     121         0.126
  5     105         0.126
  6     99          0.050
  7     185         0.010
  8     119         0.010

Detector: BL_W40_T2.0_D15
Best Detection: 129 mmHg (confidence: 0.260)
Top 10 readings:
  Rank  Pressure    Confidence  
  ------------------------------
  1     129         0.260
  2     125         0.126
  3     121         0.126
  4     105         0.126
  5     99          0.050
  6     119         0.010

Detector: BL_W40_T2.0_D20
Best Detection: 129 mmHg (confidence: 0.260)
Top 10 readings:
  Rank  Pressure    Confidence  
  ------------------------------
  1     129         0.260
  2     125         0.126
  3     121         0.126
  4     105         0.126
  5     99          0.050
  6     119         0.010

Detector: BL_W40_T2.0_D25
Best Detection: 129 mmHg (confidence: 0.260)
Top 10 readings:
  Rank  Pressure    Confidence  
  ------------------------------
  1     129         0.260
  2     125         0.126
  3     121         0.126
  4     105         0.126
  5     99          0.050
  6     119         0.010

Detector: BL_W40_T2.0_D30
Best Detection: 128 mmHg (confidence: 0.260)
Top 10 readings:
  Rank  Pressure    Confidence  
  ------------------------------
  1     128         0.260
  2     125         0.126
  3     121         0.126
  4     105         0.126
  5     99          0.050
  6     119         0.010

Detector: BL_W40_T2.0_D40
Best Detection: 124 mmHg (confidence: 0.126)
Top 10 readings:
  Rank  Pressure    Confidence  
  ------------------------------
  1     124         0.126
  2     105         0.126
  3     99          0.050
  4     119         0.010

Detector: BL_W40_T2.2_D2
Best Detection: 135 mmHg (confidence: 0.340)
Top 10 readings:
  Rank  Pressure    Confidence  
  ------------------------------
  1     135         0.340
  2     129         0.260
  3     151         0.126
  4     124         0.126
  5     105         0.050
  6     172         0.010
  7     149         0.010
  8     119         0.010

Detector: BL_W40_T2.2_D4
Best Detection: 135 mmHg (confidence: 0.340)
Top 10 readings:
  Rank  Pressure    Confidence  
  ------------------------------
  1     135         0.340
  2     129         0.260
  3     124         0.126
  4     105         0.050
  5     171         0.010
  6     119         0.010

Detector: BL_W40_T2.2_D6
Best Detection: 134 mmHg (confidence: 0.340)
Top 10 readings:
  Rank  Pressure    Confidence  
  ------------------------------
  1     134         0.340
  2     129         0.260
  3     124         0.126
  4     105         0.050
  5     186         0.010
  6     119         0.010

Detector: BL_W40_T2.2_D8
Best Detection: 134 mmHg (confidence: 0.340)
Top 10 readings:
  Rank  Pressure    Confidence  
  ------------------------------
  1     134         0.340
  2     129         0.260
  3     124         0.126
  4     105         0.050
  5     186         0.010
  6     119         0.010

Detector: BL_W40_T2.2_D10
Best Detection: 133 mmHg (confidence: 0.340)
Top 10 readings:
  Rank  Pressure    Confidence  
  ------------------------------
  1     133         0.340
  2     129         0.260
  3     124         0.126
  4     105         0.050
  5     185         0.010
  6     119         0.010

Detector: BL_W40_T2.2_D15
Best Detection: 129 mmHg (confidence: 0.260)
Top 10 readings:
  Rank  Pressure    Confidence  
  ------------------------------
  1     129         0.260
  2     124         0.126
  3     105         0.050
  4     119         0.010

Detector: BL_W40_T2.2_D20
Best Detection: 129 mmHg (confidence: 0.260)
Top 10 readings:
  Rank  Pressure    Confidence  
  ------------------------------
  1     129         0.260
  2     125         0.126
  3     121         0.126
  4     105         0.050
  5     119         0.010

Detector: BL_W40_T2.2_D25
Best Detection: 129 mmHg (confidence: 0.260)
Top 10 readings:
  Rank  Pressure    Confidence  
  ------------------------------
  1     129         0.260
  2     125         0.126
  3     121         0.126
  4     105         0.050
  5     119         0.010

Detector: BL_W40_T2.2_D30
Best Detection: 128 mmHg (confidence: 0.260)
Top 10 readings:
  Rank  Pressure    Confidence  
  ------------------------------
  1     128         0.260
  2     125         0.126
  3     121         0.126
  4     105         0.050
  5     119         0.010

Detector: BL_W40_T2.2_D40
Best Detection: 124 mmHg (confidence: 0.126)
Top 10 readings:
  Rank  Pressure    Confidence  
  ------------------------------
  1     124         0.126
  2     105         0.050
  3     119         0.010

Detector: BL_W40_T2.4_D2
Best Detection: 134 mmHg (confidence: 0.340)
Top 10 readings:
  Rank  Pressure    Confidence  
  ------------------------------
  1     134         0.340
  2     129         0.260
  3     151         0.126
  4     124         0.126
  5     105         0.050
  6     172         0.010
  7     149         0.010
  8     119         0.010

Detector: BL_W40_T2.4_D4
Best Detection: 135 mmHg (confidence: 0.340)
Top 10 readings:
  Rank  Pressure    Confidence  
  ------------------------------
  1     135         0.340
  2     129         0.260
  3     124         0.126
  4     105         0.050
  5     171         0.010
  6     119         0.010

Detector: BL_W40_T2.4_D6
Best Detection: 134 mmHg (confidence: 0.340)
Top 10 readings:
  Rank  Pressure    Confidence  
  ------------------------------
  1     134         0.340
  2     129         0.260
  3     124         0.126
  4     105         0.050
  5     186         0.010
  6     119         0.010

Detector: BL_W40_T2.4_D8
Best Detection: 134 mmHg (confidence: 0.340)
Top 10 readings:
  Rank  Pressure    Confidence  
  ------------------------------
  1     134         0.340
  2     129         0.260
  3     124         0.126
  4     105         0.050
  5     186         0.010
  6     119         0.010

Detector: BL_W40_T2.4_D10
Best Detection: 133 mmHg (confidence: 0.340)
Top 10 readings:
  Rank  Pressure    Confidence  
  ------------------------------
  1     133         0.340
  2     129         0.260
  3     124         0.126
  4     105         0.050
  5     185         0.010
  6     119         0.010

Detector: BL_W40_T2.4_D15
Best Detection: 129 mmHg (confidence: 0.260)
Top 10 readings:
  Rank  Pressure    Confidence  
  ------------------------------
  1     129         0.260
  2     124         0.126
  3     105         0.050
  4     119         0.010

Detector: BL_W40_T2.4_D20
Best Detection: 129 mmHg (confidence: 0.260)
Top 10 readings:
  Rank  Pressure    Confidence  
  ------------------------------
  1     129         0.260
  2     125         0.126
  3     121         0.126
  4     105         0.050
  5     119         0.010

Detector: BL_W40_T2.4_D25
Best Detection: 129 mmHg (confidence: 0.260)
Top 10 readings:
  Rank  Pressure    Confidence  
  ------------------------------
  1     129         0.260
  2     125         0.126
  3     121         0.126
  4     105         0.050
  5     119         0.010

Detector: BL_W40_T2.4_D30
Best Detection: 128 mmHg (confidence: 0.260)
Top 10 readings:
  Rank  Pressure    Confidence  
  ------------------------------
  1     128         0.260
  2     125         0.126
  3     121         0.126
  4     105         0.050
  5     119         0.010

Detector: BL_W40_T2.4_D40
Best Detection: 124 mmHg (confidence: 0.126)
Top 10 readings:
  Rank  Pressure    Confidence  
  ------------------------------
  1     124         0.126
  2     105         0.050
  3     119         0.010

Detector: BL_W40_T2.6_D2
Best Detection: 134 mmHg (confidence: 0.340)
Top 10 readings:
  Rank  Pressure    Confidence  
  ------------------------------
  1     134         0.340
  2     129         0.260
  3     151         0.126
  4     124         0.126
  5     104         0.050
  6     172         0.010
  7     149         0.010
  8     118         0.010

Detector: BL_W40_T2.6_D4
Best Detection: 135 mmHg (confidence: 0.340)
Top 10 readings:
  Rank  Pressure    Confidence  
  ------------------------------
  1     135         0.340
  2     129         0.260
  3     124         0.126
  4     104         0.050
  5     171         0.010
  6     118         0.010

Detector: BL_W40_T2.6_D6
Best Detection: 134 mmHg (confidence: 0.340)
Top 10 readings:
  Rank  Pressure    Confidence  
  ------------------------------
  1     134         0.340
  2     129         0.260
  3     124         0.126
  4     104         0.050
  5     186         0.010
  6     118         0.010

Detector: BL_W40_T2.6_D8
Best Detection: 134 mmHg (confidence: 0.340)
Top 10 readings:
  Rank  Pressure    Confidence  
  ------------------------------
  1     134         0.340
  2     129         0.260
  3     124         0.126
  4     104         0.050
  5     186         0.010
  6     118         0.010

Detector: BL_W40_T2.6_D10
Best Detection: 133 mmHg (confidence: 0.340)
Top 10 readings:
  Rank  Pressure    Confidence  
  ------------------------------
  1     133         0.340
  2     129         0.260
  3     124         0.126
  4     104         0.050
  5     185         0.010
  6     118         0.010

Detector: BL_W40_T2.6_D15
Best Detection: 129 mmHg (confidence: 0.260)
Top 10 readings:
  Rank  Pressure    Confidence  
  ------------------------------
  1     129         0.260
  2     124         0.126
  3     104         0.050
  4     118         0.010

Detector: BL_W40_T2.6_D20
Best Detection: 129 mmHg (confidence: 0.260)
Top 10 readings:
  Rank  Pressure    Confidence  
  ------------------------------
  1     129         0.260
  2     125         0.126
  3     104         0.050
  4     118         0.010

Detector: BL_W40_T2.6_D25
Best Detection: 129 mmHg (confidence: 0.260)
Top 10 readings:
  Rank  Pressure    Confidence  
  ------------------------------
  1     129         0.260
  2     125         0.126
  3     104         0.050
  4     118         0.010

Detector: BL_W40_T2.6_D30
Best Detection: 128 mmHg (confidence: 0.260)
Top 10 readings:
  Rank  Pressure    Confidence  
  ------------------------------
  1     128         0.260
  2     125         0.126
  3     104         0.050
  4     118         0.010

Detector: BL_W40_T2.6_D40
Best Detection: 124 mmHg (confidence: 0.126)
Top 10 readings:
  Rank  Pressure    Confidence  
  ------------------------------
  1     124         0.126
  2     104         0.050
  3     118         0.010

Detector: BL_W40_T2.8_D2
Best Detection: 134 mmHg (confidence: 0.260)
Top 10 readings:
  Rank  Pressure    Confidence  
  ------------------------------
  1     134         0.260
  2     151         0.126
  3     129         0.126
  4     124         0.050
  5     172         0.010
  6     149         0.010

Detector: BL_W40_T2.8_D4
Best Detection: 135 mmHg (confidence: 0.260)
Top 10 readings:
  Rank  Pressure    Confidence  
  ------------------------------
  1     135         0.260
  2     129         0.126
  3     124         0.050
  4     171         0.010

Detector: BL_W40_T2.8_D6
Best Detection: 134 mmHg (confidence: 0.260)
Top 10 readings:
  Rank  Pressure    Confidence  
  ------------------------------
  1     134         0.260
  2     129         0.126
  3     124         0.050
  4     186         0.010

Detector: BL_W40_T2.8_D8
Best Detection: 134 mmHg (confidence: 0.260)
Top 10 readings:
  Rank  Pressure    Confidence  
  ------------------------------
  1     134         0.260
  2     129         0.126
  3     124         0.050
  4     186         0.010

Detector: BL_W40_T2.8_D10
Best Detection: 133 mmHg (confidence: 0.260)
Top 10 readings:
  Rank  Pressure    Confidence  
  ------------------------------
  1     133         0.260
  2     129         0.126
  3     124         0.050
  4     185         0.010

Detector: BL_W40_T2.8_D15
Best Detection: 129 mmHg (confidence: 0.126)
Top 10 readings:
  Rank  Pressure    Confidence  
  ------------------------------
  1     129         0.126
  2     124         0.050

Detector: BL_W40_T2.8_D20
Best Detection: 129 mmHg (confidence: 0.126)
Top 10 readings:
  Rank  Pressure    Confidence  
  ------------------------------
  1     129         0.126
  2     125         0.050

Detector: BL_W40_T2.8_D25
Best Detection: 129 mmHg (confidence: 0.126)
Top 10 readings:
  Rank  Pressure    Confidence  
  ------------------------------
  1     129         0.126
  2     125         0.050

Detector: BL_W40_T2.8_D30
Best Detection: 128 mmHg (confidence: 0.126)
Top 10 readings:
  Rank  Pressure    Confidence  
  ------------------------------
  1     128         0.126
  2     125         0.050

Detector: BL_W40_T2.8_D40
Best Detection: 124 mmHg (confidence: 0.050)
Top 10 readings:
  Rank  Pressure    Confidence  
  ------------------------------
  1     124         0.050

Detector: BL_W40_T3.0_D2
Best Detection: 134 mmHg (confidence: 0.260)
Top 10 readings:
  Rank  Pressure    Confidence  
  ------------------------------
  1     134         0.260
  2     151         0.126
  3     129         0.126
  4     124         0.050
  5     172         0.010
  6     149         0.010

Detector: BL_W40_T3.0_D4
Best Detection: 135 mmHg (confidence: 0.260)
Top 10 readings:
  Rank  Pressure    Confidence  
  ------------------------------
  1     135         0.260
  2     129         0.126
  3     124         0.050
  4     171         0.010

Detector: BL_W40_T3.0_D6
Best Detection: 134 mmHg (confidence: 0.260)
Top 10 readings:
  Rank  Pressure    Confidence  
  ------------------------------
  1     134         0.260
  2     129         0.126
  3     124         0.050
  4     186         0.010

Detector: BL_W40_T3.0_D8
Best Detection: 134 mmHg (confidence: 0.260)
Top 10 readings:
  Rank  Pressure    Confidence  
  ------------------------------
  1     134         0.260
  2     129         0.126
  3     124         0.050
  4     186         0.010

Detector: BL_W40_T3.0_D10
Best Detection: 133 mmHg (confidence: 0.260)
Top 10 readings:
  Rank  Pressure    Confidence  
  ------------------------------
  1     133         0.260
  2     129         0.126
  3     124         0.050
  4     185         0.010

Detector: BL_W40_T3.0_D15
Best Detection: 129 mmHg (confidence: 0.126)
Top 10 readings:
  Rank  Pressure    Confidence  
  ------------------------------
  1     129         0.126
  2     124         0.050

Detector: BL_W40_T3.0_D20
Best Detection: 129 mmHg (confidence: 0.126)
Top 10 readings:
  Rank  Pressure    Confidence  
  ------------------------------
  1     129         0.126
  2     125         0.050

Detector: BL_W40_T3.0_D25
Best Detection: 129 mmHg (confidence: 0.126)
Top 10 readings:
  Rank  Pressure    Confidence  
  ------------------------------
  1     129         0.126
  2     125         0.050

Detector: BL_W40_T3.0_D30
Best Detection: 128 mmHg (confidence: 0.126)
Top 10 readings:
  Rank  Pressure    Confidence  
  ------------------------------
  1     128         0.126
  2     125         0.050

Detector: BL_W40_T3.0_D40
Best Detection: 124 mmHg (confidence: 0.050)
Top 10 readings:
  Rank  Pressure    Confidence  
  ------------------------------
  1     124         0.050

Detector: BL_W50_T1.2_D2
Best Detection: 108 mmHg (confidence: 0.660)
Top 10 readings:
  Rank  Pressure    Confidence  
  ------------------------------
  1     108         0.660
  2     105         0.580
  3     100         0.500
  4     95          0.420
  5     135         0.340
  6     133         0.340
  7     91          0.340
  8     151         0.260
  9     129         0.260
  10    86          0.260

Detector: BL_W50_T1.2_D4
Best Detection: 108 mmHg (confidence: 0.660)
Top 10 readings:
  Rank  Pressure    Confidence  
  ------------------------------
  1     108         0.660
  2     105         0.580
  3     100         0.500
  4     95          0.420
  5     135         0.340
  6     91          0.340
  7     129         0.260
  8     86          0.260
  9     125         0.126
  10    121         0.126

Detector: BL_W50_T1.2_D6
Best Detection: 108 mmHg (confidence: 0.660)
Top 10 readings:
  Rank  Pressure    Confidence  
  ------------------------------
  1     108         0.660
  2     105         0.580
  3     100         0.500
  4     95          0.420
  5     134         0.340
  6     91          0.340
  7     129         0.260
  8     86          0.260
  9     125         0.126
  10    121         0.126

Detector: BL_W50_T1.2_D8
Best Detection: 108 mmHg (confidence: 0.660)
Top 10 readings:
  Rank  Pressure    Confidence  
  ------------------------------
  1     108         0.660
  2     105         0.580
  3     100         0.500
  4     95          0.420
  5     134         0.340
  6     91          0.340
  7     129         0.260
  8     86          0.260
  9     125         0.126
  10    121         0.126

Detector: BL_W50_T1.2_D10
Best Detection: 108 mmHg (confidence: 0.660)
Top 10 readings:
  Rank  Pressure    Confidence  
  ------------------------------
  1     108         0.660
  2     105         0.580
  3     100         0.500
  4     95          0.420
  5     133         0.340
  6     91          0.340
  7     129         0.260
  8     86          0.260
  9     125         0.126
  10    121         0.126

Detector: BL_W50_T1.2_D15
Best Detection: 108 mmHg (confidence: 0.660)
Top 10 readings:
  Rank  Pressure    Confidence  
  ------------------------------
  1     108         0.660
  2     105         0.580
  3     100         0.500
  4     95          0.420
  5     91          0.340
  6     129         0.260
  7     86          0.260
  8     125         0.126
  9     121         0.126
  10    82          0.126

Detector: BL_W50_T1.2_D20
Best Detection: 108 mmHg (confidence: 0.660)
Top 10 readings:
  Rank  Pressure    Confidence  
  ------------------------------
  1     108         0.660
  2     105         0.580
  3     100         0.500
  4     95          0.420
  5     91          0.340
  6     129         0.260
  7     86          0.260
  8     125         0.126
  9     121         0.126
  10    82          0.126

Detector: BL_W50_T1.2_D25
Best Detection: 108 mmHg (confidence: 0.660)
Top 10 readings:
  Rank  Pressure    Confidence  
  ------------------------------
  1     108         0.660
  2     105         0.580
  3     100         0.500
  4     95          0.420
  5     91          0.340
  6     129         0.260
  7     86          0.260
  8     125         0.126
  9     121         0.126
  10    82          0.126

Detector: BL_W50_T1.2_D30
Best Detection: 108 mmHg (confidence: 0.660)
Top 10 readings:
  Rank  Pressure    Confidence  
  ------------------------------
  1     108         0.660
  2     105         0.580
  3     100         0.500
  4     95          0.420
  5     91          0.340
  6     128         0.260
  7     86          0.260
  8     125         0.126
  9     121         0.126
  10    82          0.126

Detector: BL_W50_T1.2_D40
Best Detection: 108 mmHg (confidence: 0.660)
Top 10 readings:
  Rank  Pressure    Confidence  
  ------------------------------
  1     108         0.660
  2     105         0.580
  3     100         0.500
  4     95          0.420
  5     91          0.340
  6     86          0.260
  7     125         0.126
  8     121         0.126
  9     82          0.126
  10    78          0.050

Detector: BL_W50_T1.4_D2
Best Detection: 105 mmHg (confidence: 0.580)
Top 10 readings:
  Rank  Pressure    Confidence  
  ------------------------------
  1     105         0.580
  2     100         0.500
  3     95          0.420
  4     135         0.340
  5     90          0.340
  6     151         0.260
  7     129         0.260
  8     86          0.260
  9     149         0.126
  10    125         0.126

Detector: BL_W50_T1.4_D4
Best Detection: 105 mmHg (confidence: 0.580)
Top 10 readings:
  Rank  Pressure    Confidence  
  ------------------------------
  1     105         0.580
  2     100         0.500
  3     95          0.420
  4     135         0.340
  5     90          0.340
  6     129         0.260
  7     86          0.260
  8     125         0.126
  9     121         0.126
  10    82          0.126

Detector: BL_W50_T1.4_D6
Best Detection: 105 mmHg (confidence: 0.580)
Top 10 readings:
  Rank  Pressure    Confidence  
  ------------------------------
  1     105         0.580
  2     100         0.500
  3     95          0.420
  4     134         0.340
  5     90          0.340
  6     129         0.260
  7     86          0.260
  8     125         0.126
  9     121         0.126
  10    82          0.126

Detector: BL_W50_T1.4_D8
Best Detection: 105 mmHg (confidence: 0.580)
Top 10 readings:
  Rank  Pressure    Confidence  
  ------------------------------
  1     105         0.580
  2     100         0.500
  3     95          0.420
  4     134         0.340
  5     90          0.340
  6     129         0.260
  7     86          0.260
  8     125         0.126
  9     121         0.126
  10    82          0.126

Detector: BL_W50_T1.4_D10
Best Detection: 105 mmHg (confidence: 0.580)
Top 10 readings:
  Rank  Pressure    Confidence  
  ------------------------------
  1     105         0.580
  2     100         0.500
  3     95          0.420
  4     133         0.340
  5     90          0.340
  6     129         0.260
  7     86          0.260
  8     125         0.126
  9     121         0.126
  10    82          0.126

Detector: BL_W50_T1.4_D15
Best Detection: 105 mmHg (confidence: 0.580)
Top 10 readings:
  Rank  Pressure    Confidence  
  ------------------------------
  1     105         0.580
  2     100         0.500
  3     95          0.420
  4     90          0.340
  5     129         0.260
  6     86          0.260
  7     125         0.126
  8     121         0.126
  9     82          0.126
  10    78          0.050

Detector: BL_W50_T1.4_D20
Best Detection: 105 mmHg (confidence: 0.580)
Top 10 readings:
  Rank  Pressure    Confidence  
  ------------------------------
  1     105         0.580
  2     100         0.500
  3     95          0.420
  4     90          0.340
  5     129         0.260
  6     86          0.260
  7     125         0.126
  8     121         0.126
  9     82          0.126
  10    78          0.050

Detector: BL_W50_T1.4_D25
Best Detection: 105 mmHg (confidence: 0.580)
Top 10 readings:
  Rank  Pressure    Confidence  
  ------------------------------
  1     105         0.580
  2     100         0.500
  3     95          0.420
  4     90          0.340
  5     129         0.260
  6     86          0.260
  7     125         0.126
  8     121         0.126
  9     82          0.126
  10    78          0.050

Detector: BL_W50_T1.4_D30
Best Detection: 105 mmHg (confidence: 0.580)
Top 10 readings:
  Rank  Pressure    Confidence  
  ------------------------------
  1     105         0.580
  2     100         0.500
  3     95          0.420
  4     90          0.340
  5     128         0.260
  6     86          0.260
  7     125         0.126
  8     121         0.126
  9     82          0.126
  10    78          0.050

Detector: BL_W50_T1.4_D40
Best Detection: 105 mmHg (confidence: 0.580)
Top 10 readings:
  Rank  Pressure    Confidence  
  ------------------------------
  1     105         0.580
  2     100         0.500
  3     95          0.420
  4     90          0.340
  5     86          0.260
  6     125         0.126
  7     121         0.126
  8     82          0.126
  9     78          0.050
  10    119         0.010

Detector: BL_W50_T1.6_D2
Best Detection: 135 mmHg (confidence: 0.340)
Top 10 readings:
  Rank  Pressure    Confidence  
  ------------------------------
  1     135         0.340
  2     105         0.340
  3     151         0.260
  4     129         0.260
  5     100         0.260
  6     149         0.126
  7     125         0.126
  8     121         0.126
  9     95          0.126
  10    82          0.126

Detector: BL_W50_T1.6_D4
Best Detection: 135 mmHg (confidence: 0.340)
Top 10 readings:
  Rank  Pressure    Confidence  
  ------------------------------
  1     135         0.340
  2     105         0.340
  3     129         0.260
  4     100         0.260
  5     125         0.126
  6     121         0.126
  7     95          0.126
  8     82          0.126
  9     78          0.050
  10    185         0.010

Detector: BL_W50_T1.6_D6
Best Detection: 134 mmHg (confidence: 0.340)
Top 10 readings:
  Rank  Pressure    Confidence  
  ------------------------------
  1     134         0.340
  2     105         0.340
  3     129         0.260
  4     100         0.260
  5     125         0.126
  6     121         0.126
  7     95          0.126
  8     82          0.126
  9     78          0.050
  10    186         0.010

Detector: BL_W50_T1.6_D8
Best Detection: 134 mmHg (confidence: 0.340)
Top 10 readings:
  Rank  Pressure    Confidence  
  ------------------------------
  1     134         0.340
  2     105         0.340
  3     129         0.260
  4     100         0.260
  5     125         0.126
  6     121         0.126
  7     95          0.126
  8     82          0.126
  9     78          0.050
  10    186         0.010

Detector: BL_W50_T1.6_D10
Best Detection: 133 mmHg (confidence: 0.340)
Top 10 readings:
  Rank  Pressure    Confidence  
  ------------------------------
  1     133         0.340
  2     105         0.340
  3     129         0.260
  4     100         0.260
  5     125         0.126
  6     121         0.126
  7     95          0.126
  8     82          0.126
  9     78          0.050
  10    185         0.010

Detector: BL_W50_T1.6_D15
Best Detection: 105 mmHg (confidence: 0.340)
Top 10 readings:
  Rank  Pressure    Confidence  
  ------------------------------
  1     105         0.340
  2     129         0.260
  3     100         0.260
  4     125         0.126
  5     121         0.126
  6     95          0.126
  7     82          0.126
  8     78          0.050
  9     119         0.010
  10    116         0.010

Detector: BL_W50_T1.6_D20
Best Detection: 105 mmHg (confidence: 0.340)
Top 10 readings:
  Rank  Pressure    Confidence  
  ------------------------------
  1     105         0.340
  2     129         0.260
  3     100         0.260
  4     125         0.126
  5     121         0.126
  6     95          0.126
  7     82          0.126
  8     78          0.050
  9     119         0.010
  10    116         0.010

Detector: BL_W50_T1.6_D25
Best Detection: 105 mmHg (confidence: 0.340)
Top 10 readings:
  Rank  Pressure    Confidence  
  ------------------------------
  1     105         0.340
  2     129         0.260
  3     100         0.260
  4     125         0.126
  5     121         0.126
  6     95          0.126
  7     82          0.126
  8     78          0.050
  9     119         0.010
  10    116         0.010

Detector: BL_W50_T1.6_D30
Best Detection: 105 mmHg (confidence: 0.340)
Top 10 readings:
  Rank  Pressure    Confidence  
  ------------------------------
  1     105         0.340
  2     128         0.260
  3     100         0.260
  4     125         0.126
  5     121         0.126
  6     95          0.126
  7     82          0.126
  8     78          0.050
  9     119         0.010
  10    116         0.010

Detector: BL_W50_T1.6_D40
Best Detection: 105 mmHg (confidence: 0.340)
Top 10 readings:
  Rank  Pressure    Confidence  
  ------------------------------
  1     105         0.340
  2     100         0.260
  3     125         0.126
  4     121         0.126
  5     95          0.126
  6     82          0.126
  7     78          0.050
  8     119         0.010
  9     116         0.010
  10    90          0.010

Detector: BL_W50_T1.8_D2
Best Detection: 135 mmHg (confidence: 0.340)
Top 10 readings:
  Rank  Pressure    Confidence  
  ------------------------------
  1     135         0.340
  2     151         0.260
  3     129         0.260
  4     105         0.260
  5     149         0.126
  6     125         0.126
  7     121         0.126
  8     100         0.126
  9     78          0.050
  10    185         0.010

Detector: BL_W50_T1.8_D4
Best Detection: 135 mmHg (confidence: 0.340)
Top 10 readings:
  Rank  Pressure    Confidence  
  ------------------------------
  1     135         0.340
  2     129         0.260
  3     105         0.260
  4     125         0.126
  5     121         0.126
  6     100         0.126
  7     78          0.050
  8     185         0.010
  9     171         0.010
  10    119         0.010

Detector: BL_W50_T1.8_D6
Best Detection: 134 mmHg (confidence: 0.340)
Top 10 readings:
  Rank  Pressure    Confidence  
  ------------------------------
  1     134         0.340
  2     129         0.260
  3     105         0.260
  4     125         0.126
  5     121         0.126
  6     100         0.126
  7     78          0.050
  8     186         0.010
  9     119         0.010
  10    116         0.010

Detector: BL_W50_T1.8_D8
Best Detection: 134 mmHg (confidence: 0.340)
Top 10 readings:
  Rank  Pressure    Confidence  
  ------------------------------
  1     134         0.340
  2     129         0.260
  3     105         0.260
  4     125         0.126
  5     121         0.126
  6     100         0.126
  7     78          0.050
  8     186         0.010
  9     119         0.010
  10    116         0.010

Detector: BL_W50_T1.8_D10
Best Detection: 133 mmHg (confidence: 0.340)
Top 10 readings:
  Rank  Pressure    Confidence  
  ------------------------------
  1     133         0.340
  2     129         0.260
  3     105         0.260
  4     125         0.126
  5     121         0.126
  6     100         0.126
  7     78          0.050
  8     185         0.010
  9     119         0.010
  10    116         0.010

Detector: BL_W50_T1.8_D15
Best Detection: 129 mmHg (confidence: 0.260)
Top 10 readings:
  Rank  Pressure    Confidence  
  ------------------------------
  1     129         0.260
  2     105         0.260
  3     125         0.126
  4     121         0.126
  5     100         0.126
  6     78          0.050
  7     119         0.010
  8     116         0.010
  9     94          0.010

Detector: BL_W50_T1.8_D20
Best Detection: 129 mmHg (confidence: 0.260)
Top 10 readings:
  Rank  Pressure    Confidence  
  ------------------------------
  1     129         0.260
  2     105         0.260
  3     125         0.126
  4     121         0.126
  5     100         0.126
  6     78          0.050
  7     119         0.010
  8     116         0.010
  9     94          0.010

Detector: BL_W50_T1.8_D25
Best Detection: 129 mmHg (confidence: 0.260)
Top 10 readings:
  Rank  Pressure    Confidence  
  ------------------------------
  1     129         0.260
  2     105         0.260
  3     125         0.126
  4     121         0.126
  5     100         0.126
  6     78          0.050
  7     119         0.010
  8     116         0.010
  9     94          0.010

Detector: BL_W50_T1.8_D30
Best Detection: 128 mmHg (confidence: 0.260)
Top 10 readings:
  Rank  Pressure    Confidence  
  ------------------------------
  1     128         0.260
  2     105         0.260
  3     125         0.126
  4     121         0.126
  5     100         0.126
  6     78          0.050
  7     119         0.010
  8     116         0.010
  9     94          0.010

Detector: BL_W50_T1.8_D40
Best Detection: 105 mmHg (confidence: 0.260)
Top 10 readings:
  Rank  Pressure    Confidence  
  ------------------------------
  1     105         0.260
  2     125         0.126
  3     121         0.126
  4     100         0.126
  5     78          0.050
  6     119         0.010
  7     116         0.010
  8     94          0.010

Detector: BL_W50_T2.0_D2
Best Detection: 135 mmHg (confidence: 0.340)
Top 10 readings:
  Rank  Pressure    Confidence  
  ------------------------------
  1     135         0.340
  2     151         0.260
  3     129         0.260
  4     149         0.126
  5     125         0.126
  6     121         0.126
  7     105         0.126
  8     99          0.050
  9     185         0.010
  10    143         0.010

Detector: BL_W50_T2.0_D4
Best Detection: 135 mmHg (confidence: 0.340)
Top 10 readings:
  Rank  Pressure    Confidence  
  ------------------------------
  1     135         0.340
  2     129         0.260
  3     125         0.126
  4     121         0.126
  5     105         0.126
  6     99          0.050
  7     185         0.010
  8     171         0.010
  9     119         0.010

Detector: BL_W50_T2.0_D6
Best Detection: 134 mmHg (confidence: 0.340)
Top 10 readings:
  Rank  Pressure    Confidence  
  ------------------------------
  1     134         0.340
  2     129         0.260
  3     125         0.126
  4     121         0.126
  5     105         0.126
  6     99          0.050
  7     186         0.010
  8     119         0.010

Detector: BL_W50_T2.0_D8
Best Detection: 134 mmHg (confidence: 0.340)
Top 10 readings:
  Rank  Pressure    Confidence  
  ------------------------------
  1     134         0.340
  2     129         0.260
  3     125         0.126
  4     121         0.126
  5     105         0.126
  6     99          0.050
  7     186         0.010
  8     119         0.010

Detector: BL_W50_T2.0_D10
Best Detection: 133 mmHg (confidence: 0.340)
Top 10 readings:
  Rank  Pressure    Confidence  
  ------------------------------
  1     133         0.340
  2     129         0.260
  3     125         0.126
  4     121         0.126
  5     105         0.126
  6     99          0.050
  7     185         0.010
  8     119         0.010

Detector: BL_W50_T2.0_D15
Best Detection: 129 mmHg (confidence: 0.260)
Top 10 readings:
  Rank  Pressure    Confidence  
  ------------------------------
  1     129         0.260
  2     125         0.126
  3     121         0.126
  4     105         0.126
  5     99          0.050
  6     119         0.010

Detector: BL_W50_T2.0_D20
Best Detection: 129 mmHg (confidence: 0.260)
Top 10 readings:
  Rank  Pressure    Confidence  
  ------------------------------
  1     129         0.260
  2     125         0.126
  3     121         0.126
  4     105         0.126
  5     99          0.050
  6     119         0.010

Detector: BL_W50_T2.0_D25
Best Detection: 129 mmHg (confidence: 0.260)
Top 10 readings:
  Rank  Pressure    Confidence  
  ------------------------------
  1     129         0.260
  2     125         0.126
  3     121         0.126
  4     105         0.126
  5     99          0.050
  6     119         0.010

Detector: BL_W50_T2.0_D30
Best Detection: 128 mmHg (confidence: 0.260)
Top 10 readings:
  Rank  Pressure    Confidence  
  ------------------------------
  1     128         0.260
  2     125         0.126
  3     121         0.126
  4     105         0.126
  5     99          0.050
  6     119         0.010

Detector: BL_W50_T2.0_D40
Best Detection: 125 mmHg (confidence: 0.126)
Top 10 readings:
  Rank  Pressure    Confidence  
  ------------------------------
  1     125         0.126
  2     121         0.126
  3     105         0.126
  4     99          0.050
  5     119         0.010

Detector: BL_W50_T2.2_D2
Best Detection: 134 mmHg (confidence: 0.340)
Top 10 readings:
  Rank  Pressure    Confidence  
  ------------------------------
  1     134         0.340
  2     151         0.260
  3     129         0.260
  4     149         0.126
  5     125         0.126
  6     121         0.126
  7     105         0.126
  8     99          0.050
  9     143         0.010
  10    119         0.010

Detector: BL_W50_T2.2_D4
Best Detection: 135 mmHg (confidence: 0.340)
Top 10 readings:
  Rank  Pressure    Confidence  
  ------------------------------
  1     135         0.340
  2     129         0.260
  3     125         0.126
  4     121         0.126
  5     105         0.126
  6     99          0.050
  7     171         0.010
  8     119         0.010

Detector: BL_W50_T2.2_D6
Best Detection: 134 mmHg (confidence: 0.340)
Top 10 readings:
  Rank  Pressure    Confidence  
  ------------------------------
  1     134         0.340
  2     129         0.260
  3     125         0.126
  4     121         0.126
  5     105         0.126
  6     99          0.050
  7     186         0.010
  8     119         0.010

Detector: BL_W50_T2.2_D8
Best Detection: 134 mmHg (confidence: 0.340)
Top 10 readings:
  Rank  Pressure    Confidence  
  ------------------------------
  1     134         0.340
  2     129         0.260
  3     125         0.126
  4     121         0.126
  5     105         0.126
  6     99          0.050
  7     186         0.010
  8     119         0.010

Detector: BL_W50_T2.2_D10
Best Detection: 133 mmHg (confidence: 0.340)
Top 10 readings:
  Rank  Pressure    Confidence  
  ------------------------------
  1     133         0.340
  2     129         0.260
  3     125         0.126
  4     121         0.126
  5     105         0.126
  6     99          0.050
  7     185         0.010
  8     119         0.010

Detector: BL_W50_T2.2_D15
Best Detection: 129 mmHg (confidence: 0.260)
Top 10 readings:
  Rank  Pressure    Confidence  
  ------------------------------
  1     129         0.260
  2     125         0.126
  3     121         0.126
  4     105         0.126
  5     99          0.050
  6     119         0.010

Detector: BL_W50_T2.2_D20
Best Detection: 129 mmHg (confidence: 0.260)
Top 10 readings:
  Rank  Pressure    Confidence  
  ------------------------------
  1     129         0.260
  2     125         0.126
  3     121         0.126
  4     105         0.126
  5     99          0.050
  6     119         0.010

Detector: BL_W50_T2.2_D25
Best Detection: 129 mmHg (confidence: 0.260)
Top 10 readings:
  Rank  Pressure    Confidence  
  ------------------------------
  1     129         0.260
  2     125         0.126
  3     121         0.126
  4     105         0.126
  5     99          0.050
  6     119         0.010

Detector: BL_W50_T2.2_D30
Best Detection: 128 mmHg (confidence: 0.260)
Top 10 readings:
  Rank  Pressure    Confidence  
  ------------------------------
  1     128         0.260
  2     125         0.126
  3     121         0.126
  4     105         0.126
  5     99          0.050
  6     119         0.010

Detector: BL_W50_T2.2_D40
Best Detection: 125 mmHg (confidence: 0.126)
Top 10 readings:
  Rank  Pressure    Confidence  
  ------------------------------
  1     125         0.126
  2     121         0.126
  3     105         0.126
  4     99          0.050
  5     119         0.010

Detector: BL_W50_T2.4_D2
Best Detection: 134 mmHg (confidence: 0.340)
Top 10 readings:
  Rank  Pressure    Confidence  
  ------------------------------
  1     134         0.340
  2     151         0.260
  3     129         0.260
  4     149         0.126
  5     124         0.126
  6     105         0.050
  7     143         0.010
  8     119         0.010

Detector: BL_W50_T2.4_D4
Best Detection: 135 mmHg (confidence: 0.340)
Top 10 readings:
  Rank  Pressure    Confidence  
  ------------------------------
  1     135         0.340
  2     129         0.260
  3     124         0.126
  4     105         0.050
  5     171         0.010
  6     119         0.010

Detector: BL_W50_T2.4_D6
Best Detection: 134 mmHg (confidence: 0.340)
Top 10 readings:
  Rank  Pressure    Confidence  
  ------------------------------
  1     134         0.340
  2     129         0.260
  3     124         0.126
  4     105         0.050
  5     186         0.010
  6     119         0.010

Detector: BL_W50_T2.4_D8
Best Detection: 134 mmHg (confidence: 0.340)
Top 10 readings:
  Rank  Pressure    Confidence  
  ------------------------------
  1     134         0.340
  2     129         0.260
  3     124         0.126
  4     105         0.050
  5     186         0.010
  6     119         0.010

Detector: BL_W50_T2.4_D10
Best Detection: 133 mmHg (confidence: 0.340)
Top 10 readings:
  Rank  Pressure    Confidence  
  ------------------------------
  1     133         0.340
  2     129         0.260
  3     124         0.126
  4     105         0.050
  5     185         0.010
  6     119         0.010

Detector: BL_W50_T2.4_D15
Best Detection: 129 mmHg (confidence: 0.260)
Top 10 readings:
  Rank  Pressure    Confidence  
  ------------------------------
  1     129         0.260
  2     124         0.126
  3     105         0.050
  4     119         0.010

Detector: BL_W50_T2.4_D20
Best Detection: 129 mmHg (confidence: 0.260)
Top 10 readings:
  Rank  Pressure    Confidence  
  ------------------------------
  1     129         0.260
  2     125         0.126
  3     121         0.126
  4     105         0.050
  5     119         0.010

Detector: BL_W50_T2.4_D25
Best Detection: 129 mmHg (confidence: 0.260)
Top 10 readings:
  Rank  Pressure    Confidence  
  ------------------------------
  1     129         0.260
  2     125         0.126
  3     121         0.126
  4     105         0.050
  5     119         0.010

Detector: BL_W50_T2.4_D30
Best Detection: 128 mmHg (confidence: 0.260)
Top 10 readings:
  Rank  Pressure    Confidence  
  ------------------------------
  1     128         0.260
  2     125         0.126
  3     121         0.126
  4     105         0.050
  5     119         0.010

Detector: BL_W50_T2.4_D40
Best Detection: 125 mmHg (confidence: 0.126)
Top 10 readings:
  Rank  Pressure    Confidence  
  ------------------------------
  1     125         0.126
  2     121         0.126
  3     105         0.050
  4     119         0.010

Detector: BL_W50_T2.6_D2
Best Detection: 134 mmHg (confidence: 0.340)
Top 10 readings:
  Rank  Pressure    Confidence  
  ------------------------------
  1     134         0.340
  2     151         0.260
  3     129         0.260
  4     149         0.126
  5     124         0.126
  6     105         0.050
  7     143         0.010
  8     119         0.010

Detector: BL_W50_T2.6_D4
Best Detection: 135 mmHg (confidence: 0.340)
Top 10 readings:
  Rank  Pressure    Confidence  
  ------------------------------
  1     135         0.340
  2     129         0.260
  3     124         0.126
  4     105         0.050
  5     171         0.010
  6     119         0.010

Detector: BL_W50_T2.6_D6
Best Detection: 134 mmHg (confidence: 0.340)
Top 10 readings:
  Rank  Pressure    Confidence  
  ------------------------------
  1     134         0.340
  2     129         0.260
  3     124         0.126
  4     105         0.050
  5     186         0.010
  6     119         0.010

Detector: BL_W50_T2.6_D8
Best Detection: 134 mmHg (confidence: 0.340)
Top 10 readings:
  Rank  Pressure    Confidence  
  ------------------------------
  1     134         0.340
  2     129         0.260
  3     124         0.126
  4     105         0.050
  5     186         0.010
  6     119         0.010

Detector: BL_W50_T2.6_D10
Best Detection: 133 mmHg (confidence: 0.340)
Top 10 readings:
  Rank  Pressure    Confidence  
  ------------------------------
  1     133         0.340
  2     129         0.260
  3     124         0.126
  4     105         0.050
  5     185         0.010
  6     119         0.010

Detector: BL_W50_T2.6_D15
Best Detection: 129 mmHg (confidence: 0.260)
Top 10 readings:
  Rank  Pressure    Confidence  
  ------------------------------
  1     129         0.260
  2     124         0.126
  3     105         0.050
  4     119         0.010

Detector: BL_W50_T2.6_D20
Best Detection: 129 mmHg (confidence: 0.260)
Top 10 readings:
  Rank  Pressure    Confidence  
  ------------------------------
  1     129         0.260
  2     125         0.126
  3     121         0.126
  4     105         0.050
  5     119         0.010

Detector: BL_W50_T2.6_D25
Best Detection: 129 mmHg (confidence: 0.260)
Top 10 readings:
  Rank  Pressure    Confidence  
  ------------------------------
  1     129         0.260
  2     125         0.126
  3     121         0.126
  4     105         0.050
  5     119         0.010

Detector: BL_W50_T2.6_D30
Best Detection: 128 mmHg (confidence: 0.260)
Top 10 readings:
  Rank  Pressure    Confidence  
  ------------------------------
  1     128         0.260
  2     125         0.126
  3     121         0.126
  4     105         0.050
  5     119         0.010

Detector: BL_W50_T2.6_D40
Best Detection: 125 mmHg (confidence: 0.126)
Top 10 readings:
  Rank  Pressure    Confidence  
  ------------------------------
  1     125         0.126
  2     121         0.126
  3     105         0.050
  4     119         0.010

Detector: BL_W50_T2.8_D2
Best Detection: 134 mmHg (confidence: 0.340)
Top 10 readings:
  Rank  Pressure    Confidence  
  ------------------------------
  1     134         0.340
  2     151         0.260
  3     129         0.260
  4     149         0.126
  5     124         0.126
  6     104         0.050
  7     143         0.010
  8     118         0.010

Detector: BL_W50_T2.8_D4
Best Detection: 135 mmHg (confidence: 0.340)
Top 10 readings:
  Rank  Pressure    Confidence  
  ------------------------------
  1     135         0.340
  2     129         0.260
  3     124         0.126
  4     104         0.050
  5     171         0.010
  6     118         0.010

Detector: BL_W50_T2.8_D6
Best Detection: 134 mmHg (confidence: 0.340)
Top 10 readings:
  Rank  Pressure    Confidence  
  ------------------------------
  1     134         0.340
  2     129         0.260
  3     124         0.126
  4     104         0.050
  5     186         0.010
  6     118         0.010

Detector: BL_W50_T2.8_D8
Best Detection: 134 mmHg (confidence: 0.340)
Top 10 readings:
  Rank  Pressure    Confidence  
  ------------------------------
  1     134         0.340
  2     129         0.260
  3     124         0.126
  4     104         0.050
  5     186         0.010
  6     118         0.010

Detector: BL_W50_T2.8_D10
Best Detection: 133 mmHg (confidence: 0.340)
Top 10 readings:
  Rank  Pressure    Confidence  
  ------------------------------
  1     133         0.340
  2     129         0.260
  3     124         0.126
  4     104         0.050
  5     185         0.010
  6     118         0.010

Detector: BL_W50_T2.8_D15
Best Detection: 129 mmHg (confidence: 0.260)
Top 10 readings:
  Rank  Pressure    Confidence  
  ------------------------------
  1     129         0.260
  2     124         0.126
  3     104         0.050
  4     118         0.010

Detector: BL_W50_T2.8_D20
Best Detection: 129 mmHg (confidence: 0.260)
Top 10 readings:
  Rank  Pressure    Confidence  
  ------------------------------
  1     129         0.260
  2     125         0.126
  3     104         0.050
  4     118         0.010

Detector: BL_W50_T2.8_D25
Best Detection: 129 mmHg (confidence: 0.260)
Top 10 readings:
  Rank  Pressure    Confidence  
  ------------------------------
  1     129         0.260
  2     125         0.126
  3     104         0.050
  4     118         0.010

Detector: BL_W50_T2.8_D30
Best Detection: 128 mmHg (confidence: 0.260)
Top 10 readings:
  Rank  Pressure    Confidence  
  ------------------------------
  1     128         0.260
  2     125         0.126
  3     104         0.050
  4     118         0.010

Detector: BL_W50_T2.8_D40
Best Detection: 125 mmHg (confidence: 0.126)
Top 10 readings:
  Rank  Pressure    Confidence  
  ------------------------------
  1     125         0.126
  2     104         0.050
  3     118         0.010

Detector: BL_W50_T3.0_D2
Best Detection: 134 mmHg (confidence: 0.340)
Top 10 readings:
  Rank  Pressure    Confidence  
  ------------------------------
  1     134         0.340
  2     151         0.260
  3     129         0.260
  4     149         0.126
  5     124         0.126
  6     118         0.050
  7     143         0.010

Detector: BL_W50_T3.0_D4
Best Detection: 135 mmHg (confidence: 0.340)
Top 10 readings:
  Rank  Pressure    Confidence  
  ------------------------------
  1     135         0.340
  2     129         0.260
  3     124         0.126
  4     118         0.050
  5     171         0.010

Detector: BL_W50_T3.0_D6
Best Detection: 134 mmHg (confidence: 0.340)
Top 10 readings:
  Rank  Pressure    Confidence  
  ------------------------------
  1     134         0.340
  2     129         0.260
  3     124         0.126
  4     118         0.050
  5     186         0.010

Detector: BL_W50_T3.0_D8
Best Detection: 134 mmHg (confidence: 0.340)
Top 10 readings:
  Rank  Pressure    Confidence  
  ------------------------------
  1     134         0.340
  2     129         0.260
  3     124         0.126
  4     118         0.050
  5     186         0.010

Detector: BL_W50_T3.0_D10
Best Detection: 133 mmHg (confidence: 0.340)
Top 10 readings:
  Rank  Pressure    Confidence  
  ------------------------------
  1     133         0.340
  2     129         0.260
  3     124         0.126
  4     118         0.050
  5     185         0.010

Detector: BL_W50_T3.0_D15
Best Detection: 129 mmHg (confidence: 0.260)
Top 10 readings:
  Rank  Pressure    Confidence  
  ------------------------------
  1     129         0.260
  2     124         0.126
  3     118         0.050

Detector: BL_W50_T3.0_D20
Best Detection: 129 mmHg (confidence: 0.260)
Top 10 readings:
  Rank  Pressure    Confidence  
  ------------------------------
  1     129         0.260
  2     125         0.126
  3     118         0.050

Detector: BL_W50_T3.0_D25
Best Detection: 129 mmHg (confidence: 0.260)
Top 10 readings:
  Rank  Pressure    Confidence  
  ------------------------------
  1     129         0.260
  2     125         0.126
  3     118         0.050

Detector: BL_W50_T3.0_D30
Best Detection: 128 mmHg (confidence: 0.260)
Top 10 readings:
  Rank  Pressure    Confidence  
  ------------------------------
  1     128         0.260
  2     125         0.126
  3     118         0.050

Detector: BL_W50_T3.0_D40
Best Detection: 125 mmHg (confidence: 0.126)
Top 10 readings:
  Rank  Pressure    Confidence  
  ------------------------------
  1     125         0.126
  2     118         0.050

Detector: BL_W60_T1.2_D2
Best Detection: 105 mmHg (confidence: 0.580)
Top 10 readings:
  Rank  Pressure    Confidence  
  ------------------------------
  1     105         0.580
  2     100         0.500
  3     95          0.420
  4     135         0.340
  5     133         0.340
  6     91          0.340
  7     151         0.260
  8     129         0.260
  9     86          0.260
  10    149         0.126

Detector: BL_W60_T1.2_D4
Best Detection: 105 mmHg (confidence: 0.580)
Top 10 readings:
  Rank  Pressure    Confidence  
  ------------------------------
  1     105         0.580
  2     100         0.500
  3     95          0.420
  4     135         0.340
  5     91          0.340
  6     129         0.260
  7     86          0.260
  8     125         0.126
  9     121         0.126
  10    82          0.126

Detector: BL_W60_T1.2_D6
Best Detection: 105 mmHg (confidence: 0.580)
Top 10 readings:
  Rank  Pressure    Confidence  
  ------------------------------
  1     105         0.580
  2     100         0.500
  3     95          0.420
  4     134         0.340
  5     91          0.340
  6     129         0.260
  7     86          0.260
  8     125         0.126
  9     121         0.126
  10    82          0.126

Detector: BL_W60_T1.2_D8
Best Detection: 105 mmHg (confidence: 0.580)
Top 10 readings:
  Rank  Pressure    Confidence  
  ------------------------------
  1     105         0.580
  2     100         0.500
  3     95          0.420
  4     134         0.340
  5     91          0.340
  6     129         0.260
  7     86          0.260
  8     125         0.126
  9     121         0.126
  10    82          0.126

Detector: BL_W60_T1.2_D10
Best Detection: 105 mmHg (confidence: 0.580)
Top 10 readings:
  Rank  Pressure    Confidence  
  ------------------------------
  1     105         0.580
  2     100         0.500
  3     95          0.420
  4     133         0.340
  5     91          0.340
  6     129         0.260
  7     86          0.260
  8     125         0.126
  9     121         0.126
  10    82          0.126

Detector: BL_W60_T1.2_D15
Best Detection: 105 mmHg (confidence: 0.580)
Top 10 readings:
  Rank  Pressure    Confidence  
  ------------------------------
  1     105         0.580
  2     100         0.500
  3     95          0.420
  4     91          0.340
  5     129         0.260
  6     86          0.260
  7     125         0.126
  8     121         0.126
  9     82          0.126
  10    78          0.050

Detector: BL_W60_T1.2_D20
Best Detection: 105 mmHg (confidence: 0.580)
Top 10 readings:
  Rank  Pressure    Confidence  
  ------------------------------
  1     105         0.580
  2     100         0.500
  3     95          0.420
  4     91          0.340
  5     129         0.260
  6     86          0.260
  7     125         0.126
  8     121         0.126
  9     82          0.126
  10    78          0.050

Detector: BL_W60_T1.2_D25
Best Detection: 105 mmHg (confidence: 0.580)
Top 10 readings:
  Rank  Pressure    Confidence  
  ------------------------------
  1     105         0.580
  2     100         0.500
  3     95          0.420
  4     91          0.340
  5     129         0.260
  6     86          0.260
  7     125         0.126
  8     121         0.126
  9     82          0.126
  10    78          0.050

Detector: BL_W60_T1.2_D30
Best Detection: 105 mmHg (confidence: 0.580)
Top 10 readings:
  Rank  Pressure    Confidence  
  ------------------------------
  1     105         0.580
  2     100         0.500
  3     95          0.420
  4     91          0.340
  5     128         0.260
  6     86          0.260
  7     125         0.126
  8     121         0.126
  9     82          0.126
  10    78          0.050

Detector: BL_W60_T1.2_D40
Best Detection: 105 mmHg (confidence: 0.580)
Top 10 readings:
  Rank  Pressure    Confidence  
  ------------------------------
  1     105         0.580
  2     100         0.500
  3     95          0.420
  4     91          0.340
  5     86          0.260
  6     125         0.126
  7     121         0.126
  8     82          0.126
  9     78          0.050
  10    120         0.010

Detector: BL_W60_T1.4_D2
Best Detection: 105 mmHg (confidence: 0.580)
Top 10 readings:
  Rank  Pressure    Confidence  
  ------------------------------
  1     105         0.580
  2     100         0.500
  3     95          0.420
  4     135         0.340
  5     133         0.340
  6     90          0.340
  7     151         0.260
  8     129         0.260
  9     86          0.260
  10    149         0.126

Detector: BL_W60_T1.4_D4
Best Detection: 105 mmHg (confidence: 0.580)
Top 10 readings:
  Rank  Pressure    Confidence  
  ------------------------------
  1     105         0.580
  2     100         0.500
  3     95          0.420
  4     135         0.340
  5     90          0.340
  6     129         0.260
  7     86          0.260
  8     125         0.126
  9     121         0.126
  10    82          0.126

Detector: BL_W60_T1.4_D6
Best Detection: 105 mmHg (confidence: 0.580)
Top 10 readings:
  Rank  Pressure    Confidence  
  ------------------------------
  1     105         0.580
  2     100         0.500
  3     95          0.420
  4     134         0.340
  5     90          0.340
  6     129         0.260
  7     86          0.260
  8     125         0.126
  9     121         0.126
  10    82          0.126

Detector: BL_W60_T1.4_D8
Best Detection: 105 mmHg (confidence: 0.580)
Top 10 readings:
  Rank  Pressure    Confidence  
  ------------------------------
  1     105         0.580
  2     100         0.500
  3     95          0.420
  4     134         0.340
  5     90          0.340
  6     129         0.260
  7     86          0.260
  8     125         0.126
  9     121         0.126
  10    82          0.126

Detector: BL_W60_T1.4_D10
Best Detection: 105 mmHg (confidence: 0.580)
Top 10 readings:
  Rank  Pressure    Confidence  
  ------------------------------
  1     105         0.580
  2     100         0.500
  3     95          0.420
  4     133         0.340
  5     90          0.340
  6     129         0.260
  7     86          0.260
  8     125         0.126
  9     121         0.126
  10    82          0.126

Detector: BL_W60_T1.4_D15
Best Detection: 105 mmHg (confidence: 0.580)
Top 10 readings:
  Rank  Pressure    Confidence  
  ------------------------------
  1     105         0.580
  2     100         0.500
  3     95          0.420
  4     90          0.340
  5     129         0.260
  6     86          0.260
  7     125         0.126
  8     121         0.126
  9     82          0.126
  10    78          0.050

Detector: BL_W60_T1.4_D20
Best Detection: 105 mmHg (confidence: 0.580)
Top 10 readings:
  Rank  Pressure    Confidence  
  ------------------------------
  1     105         0.580
  2     100         0.500
  3     95          0.420
  4     90          0.340
  5     129         0.260
  6     86          0.260
  7     125         0.126
  8     121         0.126
  9     82          0.126
  10    78          0.050

Detector: BL_W60_T1.4_D25
Best Detection: 105 mmHg (confidence: 0.580)
Top 10 readings:
  Rank  Pressure    Confidence  
  ------------------------------
  1     105         0.580
  2     100         0.500
  3     95          0.420
  4     90          0.340
  5     129         0.260
  6     86          0.260
  7     125         0.126
  8     121         0.126
  9     82          0.126
  10    78          0.050

Detector: BL_W60_T1.4_D30
Best Detection: 105 mmHg (confidence: 0.580)
Top 10 readings:
  Rank  Pressure    Confidence  
  ------------------------------
  1     105         0.580
  2     100         0.500
  3     95          0.420
  4     90          0.340
  5     128         0.260
  6     86          0.260
  7     125         0.126
  8     121         0.126
  9     82          0.126
  10    78          0.050

Detector: BL_W60_T1.4_D40
Best Detection: 105 mmHg (confidence: 0.580)
Top 10 readings:
  Rank  Pressure    Confidence  
  ------------------------------
  1     105         0.580
  2     100         0.500
  3     95          0.420
  4     90          0.340
  5     86          0.260
  6     125         0.126
  7     121         0.126
  8     82          0.126
  9     78          0.050
  10    119         0.010

Detector: BL_W60_T1.6_D2
Best Detection: 135 mmHg (confidence: 0.340)
Top 10 readings:
  Rank  Pressure    Confidence  
  ------------------------------
  1     135         0.340
  2     133         0.340
  3     105         0.340
  4     151         0.260
  5     129         0.260
  6     100         0.260
  7     149         0.126
  8     125         0.126
  9     121         0.126
  10    95          0.126

Detector: BL_W60_T1.6_D4
Best Detection: 135 mmHg (confidence: 0.340)
Top 10 readings:
  Rank  Pressure    Confidence  
  ------------------------------
  1     135         0.340
  2     105         0.340
  3     129         0.260
  4     100         0.260
  5     125         0.126
  6     121         0.126
  7     95          0.126
  8     78          0.050
  9     171         0.010
  10    119         0.010

Detector: BL_W60_T1.6_D6
Best Detection: 134 mmHg (confidence: 0.340)
Top 10 readings:
  Rank  Pressure    Confidence  
  ------------------------------
  1     134         0.340
  2     105         0.340
  3     129         0.260
  4     100         0.260
  5     125         0.126
  6     121         0.126
  7     95          0.126
  8     78          0.050
  9     119         0.010
  10    116         0.010

Detector: BL_W60_T1.6_D8
Best Detection: 134 mmHg (confidence: 0.340)
Top 10 readings:
  Rank  Pressure    Confidence  
  ------------------------------
  1     134         0.340
  2     105         0.340
  3     129         0.260
  4     100         0.260
  5     125         0.126
  6     121         0.126
  7     95          0.126
  8     78          0.050
  9     119         0.010
  10    116         0.010

Detector: BL_W60_T1.6_D10
Best Detection: 133 mmHg (confidence: 0.340)
Top 10 readings:
  Rank  Pressure    Confidence  
  ------------------------------
  1     133         0.340
  2     105         0.340
  3     129         0.260
  4     100         0.260
  5     125         0.126
  6     121         0.126
  7     95          0.126
  8     78          0.050
  9     119         0.010
  10    116         0.010

Detector: BL_W60_T1.6_D15
Best Detection: 105 mmHg (confidence: 0.340)
Top 10 readings:
  Rank  Pressure    Confidence  
  ------------------------------
  1     105         0.340
  2     129         0.260
  3     100         0.260
  4     125         0.126
  5     121         0.126
  6     95          0.126
  7     78          0.050
  8     119         0.010
  9     116         0.010
  10    90          0.010

Detector: BL_W60_T1.6_D20
Best Detection: 105 mmHg (confidence: 0.340)
Top 10 readings:
  Rank  Pressure    Confidence  
  ------------------------------
  1     105         0.340
  2     129         0.260
  3     100         0.260
  4     125         0.126
  5     121         0.126
  6     95          0.126
  7     78          0.050
  8     119         0.010
  9     116         0.010
  10    90          0.010

Detector: BL_W60_T1.6_D25
Best Detection: 105 mmHg (confidence: 0.340)
Top 10 readings:
  Rank  Pressure    Confidence  
  ------------------------------
  1     105         0.340
  2     129         0.260
  3     100         0.260
  4     125         0.126
  5     121         0.126
  6     95          0.126
  7     78          0.050
  8     119         0.010
  9     116         0.010
  10    90          0.010

Detector: BL_W60_T1.6_D30
Best Detection: 105 mmHg (confidence: 0.340)
Top 10 readings:
  Rank  Pressure    Confidence  
  ------------------------------
  1     105         0.340
  2     128         0.260
  3     100         0.260
  4     125         0.126
  5     121         0.126
  6     95          0.126
  7     78          0.050
  8     119         0.010
  9     116         0.010
  10    90          0.010

Detector: BL_W60_T1.6_D40
Best Detection: 105 mmHg (confidence: 0.340)
Top 10 readings:
  Rank  Pressure    Confidence  
  ------------------------------
  1     105         0.340
  2     100         0.260
  3     125         0.126
  4     121         0.126
  5     95          0.126
  6     78          0.050
  7     119         0.010
  8     116         0.010
  9     90          0.010

Detector: BL_W60_T1.8_D2
Best Detection: 135 mmHg (confidence: 0.340)
Top 10 readings:
  Rank  Pressure    Confidence  
  ------------------------------
  1     135         0.340
  2     151         0.260
  3     129         0.260
  4     105         0.260
  5     149         0.126
  6     125         0.126
  7     121         0.126
  8     100         0.126
  9     94          0.050
  10    143         0.010

Detector: BL_W60_T1.8_D4
Best Detection: 135 mmHg (confidence: 0.340)
Top 10 readings:
  Rank  Pressure    Confidence  
  ------------------------------
  1     135         0.340
  2     129         0.260
  3     105         0.260
  4     125         0.126
  5     121         0.126
  6     100         0.126
  7     94          0.050
  8     171         0.010
  9     119         0.010
  10    116         0.010

Detector: BL_W60_T1.8_D6
Best Detection: 134 mmHg (confidence: 0.340)
Top 10 readings:
  Rank  Pressure    Confidence  
  ------------------------------
  1     134         0.340
  2     129         0.260
  3     105         0.260
  4     125         0.126
  5     121         0.126
  6     100         0.126
  7     94          0.050
  8     119         0.010
  9     116         0.010

Detector: BL_W60_T1.8_D8
Best Detection: 134 mmHg (confidence: 0.340)
Top 10 readings:
  Rank  Pressure    Confidence  
  ------------------------------
  1     134         0.340
  2     129         0.260
  3     105         0.260
  4     125         0.126
  5     121         0.126
  6     100         0.126
  7     94          0.050
  8     119         0.010
  9     116         0.010

Detector: BL_W60_T1.8_D10
Best Detection: 133 mmHg (confidence: 0.340)
Top 10 readings:
  Rank  Pressure    Confidence  
  ------------------------------
  1     133         0.340
  2     129         0.260
  3     105         0.260
  4     125         0.126
  5     121         0.126
  6     100         0.126
  7     94          0.050
  8     119         0.010
  9     116         0.010

Detector: BL_W60_T1.8_D15
Best Detection: 129 mmHg (confidence: 0.260)
Top 10 readings:
  Rank  Pressure    Confidence  
  ------------------------------
  1     129         0.260
  2     105         0.260
  3     125         0.126
  4     121         0.126
  5     100         0.126
  6     94          0.050
  7     119         0.010
  8     116         0.010

Detector: BL_W60_T1.8_D20
Best Detection: 129 mmHg (confidence: 0.260)
Top 10 readings:
  Rank  Pressure    Confidence  
  ------------------------------
  1     129         0.260
  2     105         0.260
  3     125         0.126
  4     121         0.126
  5     100         0.126
  6     94          0.050
  7     119         0.010
  8     116         0.010

Detector: BL_W60_T1.8_D25
Best Detection: 129 mmHg (confidence: 0.260)
Top 10 readings:
  Rank  Pressure    Confidence  
  ------------------------------
  1     129         0.260
  2     105         0.260
  3     125         0.126
  4     121         0.126
  5     100         0.126
  6     94          0.050
  7     119         0.010
  8     116         0.010

Detector: BL_W60_T1.8_D30
Best Detection: 128 mmHg (confidence: 0.260)
Top 10 readings:
  Rank  Pressure    Confidence  
  ------------------------------
  1     128         0.260
  2     105         0.260
  3     125         0.126
  4     121         0.126
  5     100         0.126
  6     94          0.050
  7     119         0.010
  8     116         0.010

Detector: BL_W60_T1.8_D40
Best Detection: 105 mmHg (confidence: 0.260)
Top 10 readings:
  Rank  Pressure    Confidence  
  ------------------------------
  1     105         0.260
  2     125         0.126
  3     121         0.126
  4     100         0.126
  5     94          0.050
  6     119         0.010
  7     116         0.010

Detector: BL_W60_T2.0_D2
Best Detection: 135 mmHg (confidence: 0.340)
Top 10 readings:
  Rank  Pressure    Confidence  
  ------------------------------
  1     135         0.340
  2     151         0.260
  3     129         0.260
  4     104         0.260
  5     149         0.126
  6     125         0.126
  7     121         0.126
  8     100         0.126
  9     94          0.050
  10    143         0.010

Detector: BL_W60_T2.0_D4
Best Detection: 135 mmHg (confidence: 0.340)
Top 10 readings:
  Rank  Pressure    Confidence  
  ------------------------------
  1     135         0.340
  2     129         0.260
  3     104         0.260
  4     125         0.126
  5     121         0.126
  6     100         0.126
  7     94          0.050
  8     171         0.010
  9     119         0.010
  10    116         0.010

Detector: BL_W60_T2.0_D6
Best Detection: 134 mmHg (confidence: 0.340)
Top 10 readings:
  Rank  Pressure    Confidence  
  ------------------------------
  1     134         0.340
  2     129         0.260
  3     104         0.260
  4     125         0.126
  5     121         0.126
  6     100         0.126
  7     94          0.050
  8     119         0.010
  9     116         0.010

Detector: BL_W60_T2.0_D8
Best Detection: 134 mmHg (confidence: 0.340)
Top 10 readings:
  Rank  Pressure    Confidence  
  ------------------------------
  1     134         0.340
  2     129         0.260
  3     104         0.260
  4     125         0.126
  5     121         0.126
  6     100         0.126
  7     94          0.050
  8     119         0.010
  9     116         0.010

Detector: BL_W60_T2.0_D10
Best Detection: 133 mmHg (confidence: 0.340)
Top 10 readings:
  Rank  Pressure    Confidence  
  ------------------------------
  1     133         0.340
  2     129         0.260
  3     104         0.260
  4     125         0.126
  5     121         0.126
  6     100         0.126
  7     94          0.050
  8     119         0.010
  9     116         0.010

Detector: BL_W60_T2.0_D15
Best Detection: 129 mmHg (confidence: 0.260)
Top 10 readings:
  Rank  Pressure    Confidence  
  ------------------------------
  1     129         0.260
  2     104         0.260
  3     125         0.126
  4     121         0.126
  5     100         0.126
  6     94          0.050
  7     119         0.010
  8     116         0.010

Detector: BL_W60_T2.0_D20
Best Detection: 129 mmHg (confidence: 0.260)
Top 10 readings:
  Rank  Pressure    Confidence  
  ------------------------------
  1     129         0.260
  2     104         0.260
  3     125         0.126
  4     121         0.126
  5     100         0.126
  6     94          0.050
  7     119         0.010
  8     116         0.010

Detector: BL_W60_T2.0_D25
Best Detection: 129 mmHg (confidence: 0.260)
Top 10 readings:
  Rank  Pressure    Confidence  
  ------------------------------
  1     129         0.260
  2     104         0.260
  3     125         0.126
  4     121         0.126
  5     100         0.126
  6     94          0.050
  7     119         0.010
  8     116         0.010

Detector: BL_W60_T2.0_D30
Best Detection: 128 mmHg (confidence: 0.260)
Top 10 readings:
  Rank  Pressure    Confidence  
  ------------------------------
  1     128         0.260
  2     104         0.260
  3     125         0.126
  4     121         0.126
  5     100         0.126
  6     94          0.050
  7     119         0.010
  8     116         0.010

Detector: BL_W60_T2.0_D40
Best Detection: 104 mmHg (confidence: 0.260)
Top 10 readings:
  Rank  Pressure    Confidence  
  ------------------------------
  1     104         0.260
  2     125         0.126
  3     121         0.126
  4     100         0.126
  5     94          0.050
  6     119         0.010
  7     116         0.010

Detector: BL_W60_T2.2_D2
Best Detection: 135 mmHg (confidence: 0.340)
Top 10 readings:
  Rank  Pressure    Confidence  
  ------------------------------
  1     135         0.340
  2     151         0.260
  3     129         0.260
  4     149         0.126
  5     125         0.126
  6     121         0.126
  7     104         0.126
  8     99          0.050
  9     143         0.010
  10    119         0.010

Detector: BL_W60_T2.2_D4
Best Detection: 135 mmHg (confidence: 0.340)
Top 10 readings:
  Rank  Pressure    Confidence  
  ------------------------------
  1     135         0.340
  2     129         0.260
  3     125         0.126
  4     121         0.126
  5     104         0.126
  6     99          0.050
  7     171         0.010
  8     119         0.010

Detector: BL_W60_T2.2_D6
Best Detection: 134 mmHg (confidence: 0.340)
Top 10 readings:
  Rank  Pressure    Confidence  
  ------------------------------
  1     134         0.340
  2     129         0.260
  3     125         0.126
  4     121         0.126
  5     104         0.126
  6     99          0.050
  7     119         0.010

Detector: BL_W60_T2.2_D8
Best Detection: 134 mmHg (confidence: 0.340)
Top 10 readings:
  Rank  Pressure    Confidence  
  ------------------------------
  1     134         0.340
  2     129         0.260
  3     125         0.126
  4     121         0.126
  5     104         0.126
  6     99          0.050
  7     119         0.010

Detector: BL_W60_T2.2_D10
Best Detection: 133 mmHg (confidence: 0.340)
Top 10 readings:
  Rank  Pressure    Confidence  
  ------------------------------
  1     133         0.340
  2     129         0.260
  3     125         0.126
  4     121         0.126
  5     104         0.126
  6     99          0.050
  7     119         0.010

Detector: BL_W60_T2.2_D15
Best Detection: 129 mmHg (confidence: 0.260)
Top 10 readings:
  Rank  Pressure    Confidence  
  ------------------------------
  1     129         0.260
  2     125         0.126
  3     121         0.126
  4     104         0.126
  5     99          0.050
  6     119         0.010

Detector: BL_W60_T2.2_D20
Best Detection: 129 mmHg (confidence: 0.260)
Top 10 readings:
  Rank  Pressure    Confidence  
  ------------------------------
  1     129         0.260
  2     125         0.126
  3     121         0.126
  4     104         0.126
  5     99          0.050
  6     119         0.010

Detector: BL_W60_T2.2_D25
Best Detection: 129 mmHg (confidence: 0.260)
Top 10 readings:
  Rank  Pressure    Confidence  
  ------------------------------
  1     129         0.260
  2     125         0.126
  3     121         0.126
  4     104         0.126
  5     99          0.050
  6     119         0.010

Detector: BL_W60_T2.2_D30
Best Detection: 128 mmHg (confidence: 0.260)
Top 10 readings:
  Rank  Pressure    Confidence  
  ------------------------------
  1     128         0.260
  2     125         0.126
  3     121         0.126
  4     104         0.126
  5     99          0.050
  6     119         0.010

Detector: BL_W60_T2.2_D40
Best Detection: 125 mmHg (confidence: 0.126)
Top 10 readings:
  Rank  Pressure    Confidence  
  ------------------------------
  1     125         0.126
  2     121         0.126
  3     104         0.126
  4     99          0.050
  5     119         0.010

Detector: BL_W60_T2.4_D2
Best Detection: 135 mmHg (confidence: 0.340)
Top 10 readings:
  Rank  Pressure    Confidence  
  ------------------------------
  1     135         0.340
  2     151         0.260
  3     129         0.260
  4     149         0.126
  5     125         0.126
  6     121         0.126
  7     99          0.050
  8     143         0.010
  9     119         0.010

Detector: BL_W60_T2.4_D4
Best Detection: 135 mmHg (confidence: 0.340)
Top 10 readings:
  Rank  Pressure    Confidence  
  ------------------------------
  1     135         0.340
  2     129         0.260
  3     125         0.126
  4     121         0.126
  5     99          0.050
  6     171         0.010
  7     119         0.010

Detector: BL_W60_T2.4_D6
Best Detection: 134 mmHg (confidence: 0.340)
Top 10 readings:
  Rank  Pressure    Confidence  
  ------------------------------
  1     134         0.340
  2     129         0.260
  3     125         0.126
  4     121         0.126
  5     99          0.050
  6     119         0.010

Detector: BL_W60_T2.4_D8
Best Detection: 134 mmHg (confidence: 0.340)
Top 10 readings:
  Rank  Pressure    Confidence  
  ------------------------------
  1     134         0.340
  2     129         0.260
  3     125         0.126
  4     121         0.126
  5     99          0.050
  6     119         0.010

Detector: BL_W60_T2.4_D10
Best Detection: 133 mmHg (confidence: 0.340)
Top 10 readings:
  Rank  Pressure    Confidence  
  ------------------------------
  1     133         0.340
  2     129         0.260
  3     125         0.126
  4     121         0.126
  5     99          0.050
  6     119         0.010

Detector: BL_W60_T2.4_D15
Best Detection: 129 mmHg (confidence: 0.260)
Top 10 readings:
  Rank  Pressure    Confidence  
  ------------------------------
  1     129         0.260
  2     125         0.126
  3     121         0.126
  4     99          0.050
  5     119         0.010

Detector: BL_W60_T2.4_D20
Best Detection: 129 mmHg (confidence: 0.260)
Top 10 readings:
  Rank  Pressure    Confidence  
  ------------------------------
  1     129         0.260
  2     125         0.126
  3     121         0.126
  4     99          0.050
  5     119         0.010

Detector: BL_W60_T2.4_D25
Best Detection: 129 mmHg (confidence: 0.260)
Top 10 readings:
  Rank  Pressure    Confidence  
  ------------------------------
  1     129         0.260
  2     125         0.126
  3     121         0.126
  4     99          0.050
  5     119         0.010

Detector: BL_W60_T2.4_D30
Best Detection: 128 mmHg (confidence: 0.260)
Top 10 readings:
  Rank  Pressure    Confidence  
  ------------------------------
  1     128         0.260
  2     125         0.126
  3     121         0.126
  4     99          0.050
  5     119         0.010

Detector: BL_W60_T2.4_D40
Best Detection: 125 mmHg (confidence: 0.126)
Top 10 readings:
  Rank  Pressure    Confidence  
  ------------------------------
  1     125         0.126
  2     121         0.126
  3     99          0.050
  4     119         0.010

Detector: BL_W60_T2.6_D2
Best Detection: 135 mmHg (confidence: 0.340)
Top 10 readings:
  Rank  Pressure    Confidence  
  ------------------------------
  1     135         0.340
  2     151         0.260
  3     129         0.260
  4     149         0.126
  5     124         0.126
  6     119         0.050
  7     143         0.010

Detector: BL_W60_T2.6_D4
Best Detection: 135 mmHg (confidence: 0.340)
Top 10 readings:
  Rank  Pressure    Confidence  
  ------------------------------
  1     135         0.340
  2     129         0.260
  3     124         0.126
  4     119         0.050
  5     171         0.010

Detector: BL_W60_T2.6_D6
Best Detection: 134 mmHg (confidence: 0.340)
Top 10 readings:
  Rank  Pressure    Confidence  
  ------------------------------
  1     134         0.340
  2     129         0.260
  3     124         0.126
  4     119         0.050

Detector: BL_W60_T2.6_D8
Best Detection: 134 mmHg (confidence: 0.340)
Top 10 readings:
  Rank  Pressure    Confidence  
  ------------------------------
  1     134         0.340
  2     129         0.260
  3     124         0.126
  4     119         0.050

Detector: BL_W60_T2.6_D10
Best Detection: 133 mmHg (confidence: 0.340)
Top 10 readings:
  Rank  Pressure    Confidence  
  ------------------------------
  1     133         0.340
  2     129         0.260
  3     124         0.126
  4     119         0.050

Detector: BL_W60_T2.6_D15
Best Detection: 129 mmHg (confidence: 0.260)
Top 10 readings:
  Rank  Pressure    Confidence  
  ------------------------------
  1     129         0.260
  2     124         0.126
  3     119         0.050

Detector: BL_W60_T2.6_D20
Best Detection: 129 mmHg (confidence: 0.260)
Top 10 readings:
  Rank  Pressure    Confidence  
  ------------------------------
  1     129         0.260
  2     125         0.126
  3     121         0.126
  4     119         0.050

Detector: BL_W60_T2.6_D25
Best Detection: 129 mmHg (confidence: 0.260)
Top 10 readings:
  Rank  Pressure    Confidence  
  ------------------------------
  1     129         0.260
  2     125         0.126
  3     121         0.126
  4     119         0.050

Detector: BL_W60_T2.6_D30
Best Detection: 128 mmHg (confidence: 0.260)
Top 10 readings:
  Rank  Pressure    Confidence  
  ------------------------------
  1     128         0.260
  2     125         0.126
  3     121         0.126
  4     119         0.050

Detector: BL_W60_T2.6_D40
Best Detection: 125 mmHg (confidence: 0.126)
Top 10 readings:
  Rank  Pressure    Confidence  
  ------------------------------
  1     125         0.126
  2     121         0.126
  3     119         0.050

Detector: BL_W60_T2.8_D2
Best Detection: 135 mmHg (confidence: 0.340)
Top 10 readings:
  Rank  Pressure    Confidence  
  ------------------------------
  1     135         0.340
  2     151         0.260
  3     129         0.260
  4     149         0.126
  5     124         0.126
  6     119         0.050
  7     143         0.010

Detector: BL_W60_T2.8_D4
Best Detection: 135 mmHg (confidence: 0.340)
Top 10 readings:
  Rank  Pressure    Confidence  
  ------------------------------
  1     135         0.340
  2     129         0.260
  3     124         0.126
  4     119         0.050
  5     171         0.010

Detector: BL_W60_T2.8_D6
Best Detection: 134 mmHg (confidence: 0.340)
Top 10 readings:
  Rank  Pressure    Confidence  
  ------------------------------
  1     134         0.340
  2     129         0.260
  3     124         0.126
  4     119         0.050

Detector: BL_W60_T2.8_D8
Best Detection: 134 mmHg (confidence: 0.340)
Top 10 readings:
  Rank  Pressure    Confidence  
  ------------------------------
  1     134         0.340
  2     129         0.260
  3     124         0.126
  4     119         0.050

Detector: BL_W60_T2.8_D10
Best Detection: 133 mmHg (confidence: 0.340)
Top 10 readings:
  Rank  Pressure    Confidence  
  ------------------------------
  1     133         0.340
  2     129         0.260
  3     124         0.126
  4     119         0.050

Detector: BL_W60_T2.8_D15
Best Detection: 129 mmHg (confidence: 0.260)
Top 10 readings:
  Rank  Pressure    Confidence  
  ------------------------------
  1     129         0.260
  2     124         0.126
  3     119         0.050

Detector: BL_W60_T2.8_D20
Best Detection: 129 mmHg (confidence: 0.260)
Top 10 readings:
  Rank  Pressure    Confidence  
  ------------------------------
  1     129         0.260
  2     125         0.126
  3     121         0.126
  4     119         0.050

Detector: BL_W60_T2.8_D25
Best Detection: 129 mmHg (confidence: 0.260)
Top 10 readings:
  Rank  Pressure    Confidence  
  ------------------------------
  1     129         0.260
  2     125         0.126
  3     121         0.126
  4     119         0.050

Detector: BL_W60_T2.8_D30
Best Detection: 128 mmHg (confidence: 0.260)
Top 10 readings:
  Rank  Pressure    Confidence  
  ------------------------------
  1     128         0.260
  2     125         0.126
  3     121         0.126
  4     119         0.050

Detector: BL_W60_T2.8_D40
Best Detection: 125 mmHg (confidence: 0.126)
Top 10 readings:
  Rank  Pressure    Confidence  
  ------------------------------
  1     125         0.126
  2     121         0.126
  3     119         0.050

Detector: BL_W60_T3.0_D2
Best Detection: 135 mmHg (confidence: 0.340)
Top 10 readings:
  Rank  Pressure    Confidence  
  ------------------------------
  1     135         0.340
  2     151         0.260
  3     129         0.260
  4     149         0.126
  5     124         0.126
  6     119         0.050
  7     143         0.010

Detector: BL_W60_T3.0_D4
Best Detection: 135 mmHg (confidence: 0.340)
Top 10 readings:
  Rank  Pressure    Confidence  
  ------------------------------
  1     135         0.340
  2     129         0.260
  3     124         0.126
  4     119         0.050
  5     171         0.010

Detector: BL_W60_T3.0_D6
Best Detection: 134 mmHg (confidence: 0.340)
Top 10 readings:
  Rank  Pressure    Confidence  
  ------------------------------
  1     134         0.340
  2     129         0.260
  3     124         0.126
  4     119         0.050

Detector: BL_W60_T3.0_D8
Best Detection: 134 mmHg (confidence: 0.340)
Top 10 readings:
  Rank  Pressure    Confidence  
  ------------------------------
  1     134         0.340
  2     129         0.260
  3     124         0.126
  4     119         0.050

Detector: BL_W60_T3.0_D10
Best Detection: 133 mmHg (confidence: 0.340)
Top 10 readings:
  Rank  Pressure    Confidence  
  ------------------------------
  1     133         0.340
  2     129         0.260
  3     124         0.126
  4     119         0.050

Detector: BL_W60_T3.0_D15
Best Detection: 129 mmHg (confidence: 0.260)
Top 10 readings:
  Rank  Pressure    Confidence  
  ------------------------------
  1     129         0.260
  2     124         0.126
  3     119         0.050

Detector: BL_W60_T3.0_D20
Best Detection: 129 mmHg (confidence: 0.260)
Top 10 readings:
  Rank  Pressure    Confidence  
  ------------------------------
  1     129         0.260
  2     125         0.126
  3     121         0.126
  4     119         0.050

Detector: BL_W60_T3.0_D25
Best Detection: 129 mmHg (confidence: 0.260)
Top 10 readings:
  Rank  Pressure    Confidence  
  ------------------------------
  1     129         0.260
  2     125         0.126
  3     121         0.126
  4     119         0.050

Detector: BL_W60_T3.0_D30
Best Detection: 128 mmHg (confidence: 0.260)
Top 10 readings:
  Rank  Pressure    Confidence  
  ------------------------------
  1     128         0.260
  2     125         0.126
  3     121         0.126
  4     119         0.050

Detector: BL_W60_T3.0_D40
Best Detection: 125 mmHg (confidence: 0.126)
Top 10 readings:
  Rank  Pressure    Confidence  
  ------------------------------
  1     125         0.126
  2     121         0.126
  3     119         0.050

Detector: BL_W70_T1.2_D2
Best Detection: 108 mmHg (confidence: 0.660)
Top 10 readings:
  Rank  Pressure    Confidence  
  ------------------------------
  1     108         0.660
  2     105         0.580
  3     100         0.500
  4     95          0.420
  5     135         0.340
  6     133         0.340
  7     91          0.340
  8     129         0.260
  9     86          0.260
  10    126         0.208

Detector: BL_W70_T1.2_D4
Best Detection: 108 mmHg (confidence: 0.660)
Top 10 readings:
  Rank  Pressure    Confidence  
  ------------------------------
  1     108         0.660
  2     105         0.580
  3     100         0.500
  4     95          0.420
  5     135         0.340
  6     91          0.340
  7     129         0.260
  8     86          0.260
  9     126         0.208
  10    125         0.126

Detector: BL_W70_T1.2_D6
Best Detection: 108 mmHg (confidence: 0.660)
Top 10 readings:
  Rank  Pressure    Confidence  
  ------------------------------
  1     108         0.660
  2     105         0.580
  3     100         0.500
  4     95          0.420
  5     134         0.340
  6     91          0.340
  7     129         0.260
  8     86          0.260
  9     126         0.208
  10    125         0.126

Detector: BL_W70_T1.2_D8
Best Detection: 108 mmHg (confidence: 0.660)
Top 10 readings:
  Rank  Pressure    Confidence  
  ------------------------------
  1     108         0.660
  2     105         0.580
  3     100         0.500
  4     95          0.420
  5     134         0.340
  6     91          0.340
  7     129         0.260
  8     86          0.260
  9     126         0.208
  10    125         0.126

Detector: BL_W70_T1.2_D10
Best Detection: 108 mmHg (confidence: 0.660)
Top 10 readings:
  Rank  Pressure    Confidence  
  ------------------------------
  1     108         0.660
  2     105         0.580
  3     100         0.500
  4     95          0.420
  5     133         0.340
  6     91          0.340
  7     129         0.260
  8     86          0.260
  9     126         0.208
  10    125         0.126

Detector: BL_W70_T1.2_D15
Best Detection: 108 mmHg (confidence: 0.660)
Top 10 readings:
  Rank  Pressure    Confidence  
  ------------------------------
  1     108         0.660
  2     105         0.580
  3     100         0.500
  4     95          0.420
  5     91          0.340
  6     129         0.260
  7     86          0.260
  8     125         0.126
  9     121         0.126
  10    82          0.126

Detector: BL_W70_T1.2_D20
Best Detection: 108 mmHg (confidence: 0.660)
Top 10 readings:
  Rank  Pressure    Confidence  
  ------------------------------
  1     108         0.660
  2     105         0.580
  3     100         0.500
  4     95          0.420
  5     91          0.340
  6     129         0.260
  7     86          0.260
  8     125         0.126
  9     121         0.126
  10    82          0.126

Detector: BL_W70_T1.2_D25
Best Detection: 108 mmHg (confidence: 0.660)
Top 10 readings:
  Rank  Pressure    Confidence  
  ------------------------------
  1     108         0.660
  2     105         0.580
  3     100         0.500
  4     95          0.420
  5     91          0.340
  6     129         0.260
  7     86          0.260
  8     125         0.126
  9     121         0.126
  10    82          0.126

Detector: BL_W70_T1.2_D30
Best Detection: 108 mmHg (confidence: 0.660)
Top 10 readings:
  Rank  Pressure    Confidence  
  ------------------------------
  1     108         0.660
  2     105         0.580
  3     100         0.500
  4     95          0.420
  5     91          0.340
  6     128         0.260
  7     86          0.260
  8     125         0.126
  9     121         0.126
  10    82          0.126

Detector: BL_W70_T1.2_D40
Best Detection: 108 mmHg (confidence: 0.660)
Top 10 readings:
  Rank  Pressure    Confidence  
  ------------------------------
  1     108         0.660
  2     105         0.580
  3     100         0.500
  4     95          0.420
  5     91          0.340
  6     86          0.260
  7     125         0.126
  8     121         0.126
  9     82          0.126
  10    78          0.050

Detector: BL_W70_T1.4_D2
Best Detection: 105 mmHg (confidence: 0.580)
Top 10 readings:
  Rank  Pressure    Confidence  
  ------------------------------
  1     105         0.580
  2     100         0.500
  3     95          0.420
  4     135         0.340
  5     133         0.340
  6     90          0.340
  7     129         0.260
  8     86          0.260
  9     150         0.126
  10    149         0.126

Detector: BL_W70_T1.4_D4
Best Detection: 105 mmHg (confidence: 0.580)
Top 10 readings:
  Rank  Pressure    Confidence  
  ------------------------------
  1     105         0.580
  2     100         0.500
  3     95          0.420
  4     135         0.340
  5     90          0.340
  6     129         0.260
  7     86          0.260
  8     125         0.126
  9     121         0.126
  10    82          0.126

Detector: BL_W70_T1.4_D6
Best Detection: 105 mmHg (confidence: 0.580)
Top 10 readings:
  Rank  Pressure    Confidence  
  ------------------------------
  1     105         0.580
  2     100         0.500
  3     95          0.420
  4     134         0.340
  5     90          0.340
  6     129         0.260
  7     86          0.260
  8     125         0.126
  9     121         0.126
  10    82          0.126

Detector: BL_W70_T1.4_D8
Best Detection: 105 mmHg (confidence: 0.580)
Top 10 readings:
  Rank  Pressure    Confidence  
  ------------------------------
  1     105         0.580
  2     100         0.500
  3     95          0.420
  4     134         0.340
  5     90          0.340
  6     129         0.260
  7     86          0.260
  8     125         0.126
  9     121         0.126
  10    82          0.126

Detector: BL_W70_T1.4_D10
Best Detection: 105 mmHg (confidence: 0.580)
Top 10 readings:
  Rank  Pressure    Confidence  
  ------------------------------
  1     105         0.580
  2     100         0.500
  3     95          0.420
  4     133         0.340
  5     90          0.340
  6     129         0.260
  7     86          0.260
  8     125         0.126
  9     121         0.126
  10    82          0.126

Detector: BL_W70_T1.4_D15
Best Detection: 105 mmHg (confidence: 0.580)
Top 10 readings:
  Rank  Pressure    Confidence  
  ------------------------------
  1     105         0.580
  2     100         0.500
  3     95          0.420
  4     90          0.340
  5     129         0.260
  6     86          0.260
  7     125         0.126
  8     121         0.126
  9     82          0.126
  10    78          0.050

Detector: BL_W70_T1.4_D20
Best Detection: 105 mmHg (confidence: 0.580)
Top 10 readings:
  Rank  Pressure    Confidence  
  ------------------------------
  1     105         0.580
  2     100         0.500
  3     95          0.420
  4     90          0.340
  5     129         0.260
  6     86          0.260
  7     125         0.126
  8     121         0.126
  9     82          0.126
  10    78          0.050

Detector: BL_W70_T1.4_D25
Best Detection: 105 mmHg (confidence: 0.580)
Top 10 readings:
  Rank  Pressure    Confidence  
  ------------------------------
  1     105         0.580
  2     100         0.500
  3     95          0.420
  4     90          0.340
  5     129         0.260
  6     86          0.260
  7     125         0.126
  8     121         0.126
  9     82          0.126
  10    78          0.050

Detector: BL_W70_T1.4_D30
Best Detection: 105 mmHg (confidence: 0.580)
Top 10 readings:
  Rank  Pressure    Confidence  
  ------------------------------
  1     105         0.580
  2     100         0.500
  3     95          0.420
  4     90          0.340
  5     128         0.260
  6     86          0.260
  7     125         0.126
  8     121         0.126
  9     82          0.126
  10    78          0.050

Detector: BL_W70_T1.4_D40
Best Detection: 105 mmHg (confidence: 0.580)
Top 10 readings:
  Rank  Pressure    Confidence  
  ------------------------------
  1     105         0.580
  2     100         0.500
  3     95          0.420
  4     90          0.340
  5     86          0.260
  6     125         0.126
  7     121         0.126
  8     82          0.126
  9     78          0.050
  10    119         0.010

Detector: BL_W70_T1.6_D2
Best Detection: 135 mmHg (confidence: 0.340)
Top 10 readings:
  Rank  Pressure    Confidence  
  ------------------------------
  1     135         0.340
  2     133         0.340
  3     105         0.340
  4     129         0.260
  5     100         0.260
  6     150         0.126
  7     149         0.126
  8     125         0.126
  9     121         0.126
  10    95          0.126

Detector: BL_W70_T1.6_D4
Best Detection: 135 mmHg (confidence: 0.340)
Top 10 readings:
  Rank  Pressure    Confidence  
  ------------------------------
  1     135         0.340
  2     105         0.340
  3     129         0.260
  4     100         0.260
  5     125         0.126
  6     121         0.126
  7     95          0.126
  8     78          0.050
  9     171         0.010
  10    119         0.010

Detector: BL_W70_T1.6_D6
Best Detection: 134 mmHg (confidence: 0.340)
Top 10 readings:
  Rank  Pressure    Confidence  
  ------------------------------
  1     134         0.340
  2     105         0.340
  3     129         0.260
  4     100         0.260
  5     125         0.126
  6     121         0.126
  7     95          0.126
  8     78          0.050
  9     179         0.010
  10    119         0.010

Detector: BL_W70_T1.6_D8
Best Detection: 134 mmHg (confidence: 0.340)
Top 10 readings:
  Rank  Pressure    Confidence  
  ------------------------------
  1     134         0.340
  2     105         0.340
  3     129         0.260
  4     100         0.260
  5     125         0.126
  6     121         0.126
  7     95          0.126
  8     78          0.050
  9     119         0.010
  10    116         0.010

Detector: BL_W70_T1.6_D10
Best Detection: 133 mmHg (confidence: 0.340)
Top 10 readings:
  Rank  Pressure    Confidence  
  ------------------------------
  1     133         0.340
  2     105         0.340
  3     129         0.260
  4     100         0.260
  5     125         0.126
  6     121         0.126
  7     95          0.126
  8     78          0.050
  9     119         0.010
  10    116         0.010

Detector: BL_W70_T1.6_D15
Best Detection: 105 mmHg (confidence: 0.340)
Top 10 readings:
  Rank  Pressure    Confidence  
  ------------------------------
  1     105         0.340
  2     129         0.260
  3     100         0.260
  4     125         0.126
  5     121         0.126
  6     95          0.126
  7     78          0.050
  8     119         0.010
  9     116         0.010
  10    90          0.010

Detector: BL_W70_T1.6_D20
Best Detection: 105 mmHg (confidence: 0.340)
Top 10 readings:
  Rank  Pressure    Confidence  
  ------------------------------
  1     105         0.340
  2     129         0.260
  3     100         0.260
  4     125         0.126
  5     121         0.126
  6     95          0.126
  7     78          0.050
  8     119         0.010
  9     116         0.010
  10    90          0.010

Detector: BL_W70_T1.6_D25
Best Detection: 105 mmHg (confidence: 0.340)
Top 10 readings:
  Rank  Pressure    Confidence  
  ------------------------------
  1     105         0.340
  2     129         0.260
  3     100         0.260
  4     125         0.126
  5     121         0.126
  6     95          0.126
  7     78          0.050
  8     119         0.010
  9     116         0.010
  10    90          0.010

Detector: BL_W70_T1.6_D30
Best Detection: 105 mmHg (confidence: 0.340)
Top 10 readings:
  Rank  Pressure    Confidence  
  ------------------------------
  1     105         0.340
  2     128         0.260
  3     100         0.260
  4     125         0.126
  5     121         0.126
  6     95          0.126
  7     78          0.050
  8     119         0.010
  9     116         0.010
  10    90          0.010

Detector: BL_W70_T1.6_D40
Best Detection: 105 mmHg (confidence: 0.340)
Top 10 readings:
  Rank  Pressure    Confidence  
  ------------------------------
  1     105         0.340
  2     100         0.260
  3     125         0.126
  4     121         0.126
  5     95          0.126
  6     78          0.050
  7     119         0.010
  8     116         0.010
  9     90          0.010

Detector: BL_W70_T1.8_D2
Best Detection: 135 mmHg (confidence: 0.340)
Top 10 readings:
  Rank  Pressure    Confidence  
  ------------------------------
  1     135         0.340
  2     133         0.340
  3     129         0.260
  4     105         0.260
  5     150         0.126
  6     149         0.126
  7     125         0.126
  8     121         0.126
  9     100         0.126
  10    95          0.050

Detector: BL_W70_T1.8_D4
Best Detection: 135 mmHg (confidence: 0.340)
Top 10 readings:
  Rank  Pressure    Confidence  
  ------------------------------
  1     135         0.340
  2     129         0.260
  3     105         0.260
  4     125         0.126
  5     121         0.126
  6     100         0.126
  7     95          0.050
  8     171         0.010
  9     119         0.010
  10    116         0.010

Detector: BL_W70_T1.8_D6
Best Detection: 134 mmHg (confidence: 0.340)
Top 10 readings:
  Rank  Pressure    Confidence  
  ------------------------------
  1     134         0.340
  2     129         0.260
  3     105         0.260
  4     125         0.126
  5     121         0.126
  6     100         0.126
  7     95          0.050
  8     179         0.010
  9     119         0.010
  10    116         0.010

Detector: BL_W70_T1.8_D8
Best Detection: 134 mmHg (confidence: 0.340)
Top 10 readings:
  Rank  Pressure    Confidence  
  ------------------------------
  1     134         0.340
  2     129         0.260
  3     105         0.260
  4     125         0.126
  5     121         0.126
  6     100         0.126
  7     95          0.050
  8     119         0.010
  9     116         0.010

Detector: BL_W70_T1.8_D10
Best Detection: 133 mmHg (confidence: 0.340)
Top 10 readings:
  Rank  Pressure    Confidence  
  ------------------------------
  1     133         0.340
  2     129         0.260
  3     105         0.260
  4     125         0.126
  5     121         0.126
  6     100         0.126
  7     95          0.050
  8     119         0.010
  9     116         0.010

Detector: BL_W70_T1.8_D15
Best Detection: 129 mmHg (confidence: 0.260)
Top 10 readings:
  Rank  Pressure    Confidence  
  ------------------------------
  1     129         0.260
  2     105         0.260
  3     125         0.126
  4     121         0.126
  5     100         0.126
  6     95          0.050
  7     119         0.010
  8     116         0.010

Detector: BL_W70_T1.8_D20
Best Detection: 129 mmHg (confidence: 0.260)
Top 10 readings:
  Rank  Pressure    Confidence  
  ------------------------------
  1     129         0.260
  2     105         0.260
  3     125         0.126
  4     121         0.126
  5     100         0.126
  6     95          0.050
  7     119         0.010
  8     116         0.010

Detector: BL_W70_T1.8_D25
Best Detection: 129 mmHg (confidence: 0.260)
Top 10 readings:
  Rank  Pressure    Confidence  
  ------------------------------
  1     129         0.260
  2     105         0.260
  3     125         0.126
  4     121         0.126
  5     100         0.126
  6     95          0.050
  7     119         0.010
  8     116         0.010

Detector: BL_W70_T1.8_D30
Best Detection: 128 mmHg (confidence: 0.260)
Top 10 readings:
  Rank  Pressure    Confidence  
  ------------------------------
  1     128         0.260
  2     105         0.260
  3     125         0.126
  4     121         0.126
  5     100         0.126
  6     95          0.050
  7     119         0.010
  8     116         0.010

Detector: BL_W70_T1.8_D40
Best Detection: 105 mmHg (confidence: 0.260)
Top 10 readings:
  Rank  Pressure    Confidence  
  ------------------------------
  1     105         0.260
  2     125         0.126
  3     121         0.126
  4     100         0.126
  5     95          0.050
  6     119         0.010
  7     116         0.010

Detector: BL_W70_T2.0_D2
Best Detection: 135 mmHg (confidence: 0.340)
Top 10 readings:
  Rank  Pressure    Confidence  
  ------------------------------
  1     135         0.340
  2     129         0.260
  3     104         0.260
  4     150         0.126
  5     149         0.126
  6     125         0.126
  7     121         0.126
  8     100         0.126
  9     94          0.050
  10    143         0.010

Detector: BL_W70_T2.0_D4
Best Detection: 135 mmHg (confidence: 0.340)
Top 10 readings:
  Rank  Pressure    Confidence  
  ------------------------------
  1     135         0.340
  2     129         0.260
  3     104         0.260
  4     125         0.126
  5     121         0.126
  6     100         0.126
  7     94          0.050
  8     171         0.010
  9     119         0.010
  10    116         0.010

Detector: BL_W70_T2.0_D6
Best Detection: 134 mmHg (confidence: 0.340)
Top 10 readings:
  Rank  Pressure    Confidence  
  ------------------------------
  1     134         0.340
  2     129         0.260
  3     104         0.260
  4     125         0.126
  5     121         0.126
  6     100         0.126
  7     94          0.050
  8     179         0.010
  9     119         0.010
  10    116         0.010

Detector: BL_W70_T2.0_D8
Best Detection: 134 mmHg (confidence: 0.340)
Top 10 readings:
  Rank  Pressure    Confidence  
  ------------------------------
  1     134         0.340
  2     129         0.260
  3     104         0.260
  4     125         0.126
  5     121         0.126
  6     100         0.126
  7     94          0.050
  8     119         0.010
  9     116         0.010

Detector: BL_W70_T2.0_D10
Best Detection: 133 mmHg (confidence: 0.340)
Top 10 readings:
  Rank  Pressure    Confidence  
  ------------------------------
  1     133         0.340
  2     129         0.260
  3     104         0.260
  4     125         0.126
  5     121         0.126
  6     100         0.126
  7     94          0.050
  8     119         0.010
  9     116         0.010

Detector: BL_W70_T2.0_D15
Best Detection: 129 mmHg (confidence: 0.260)
Top 10 readings:
  Rank  Pressure    Confidence  
  ------------------------------
  1     129         0.260
  2     104         0.260
  3     125         0.126
  4     121         0.126
  5     100         0.126
  6     94          0.050
  7     119         0.010
  8     116         0.010

Detector: BL_W70_T2.0_D20
Best Detection: 129 mmHg (confidence: 0.260)
Top 10 readings:
  Rank  Pressure    Confidence  
  ------------------------------
  1     129         0.260
  2     104         0.260
  3     125         0.126
  4     121         0.126
  5     100         0.126
  6     94          0.050
  7     119         0.010
  8     116         0.010

Detector: BL_W70_T2.0_D25
Best Detection: 129 mmHg (confidence: 0.260)
Top 10 readings:
  Rank  Pressure    Confidence  
  ------------------------------
  1     129         0.260
  2     104         0.260
  3     125         0.126
  4     121         0.126
  5     100         0.126
  6     94          0.050
  7     119         0.010
  8     116         0.010

Detector: BL_W70_T2.0_D30
Best Detection: 128 mmHg (confidence: 0.260)
Top 10 readings:
  Rank  Pressure    Confidence  
  ------------------------------
  1     128         0.260
  2     104         0.260
  3     125         0.126
  4     121         0.126
  5     100         0.126
  6     94          0.050
  7     119         0.010
  8     116         0.010

Detector: BL_W70_T2.0_D40
Best Detection: 104 mmHg (confidence: 0.260)
Top 10 readings:
  Rank  Pressure    Confidence  
  ------------------------------
  1     104         0.260
  2     125         0.126
  3     121         0.126
  4     100         0.126
  5     94          0.050
  6     119         0.010
  7     116         0.010

Detector: BL_W70_T2.2_D2
Best Detection: 135 mmHg (confidence: 0.340)
Top 10 readings:
  Rank  Pressure    Confidence  
  ------------------------------
  1     135         0.340
  2     129         0.260
  3     104         0.260
  4     150         0.126
  5     149         0.126
  6     125         0.126
  7     121         0.126
  8     99          0.126
  9     94          0.050
  10    143         0.010

Detector: BL_W70_T2.2_D4
Best Detection: 135 mmHg (confidence: 0.340)
Top 10 readings:
  Rank  Pressure    Confidence  
  ------------------------------
  1     135         0.340
  2     129         0.260
  3     104         0.260
  4     125         0.126
  5     121         0.126
  6     99          0.126
  7     94          0.050
  8     171         0.010
  9     119         0.010
  10    116         0.010

Detector: BL_W70_T2.2_D6
Best Detection: 134 mmHg (confidence: 0.340)
Top 10 readings:
  Rank  Pressure    Confidence  
  ------------------------------
  1     134         0.340
  2     129         0.260
  3     104         0.260
  4     125         0.126
  5     121         0.126
  6     99          0.126
  7     94          0.050
  8     179         0.010
  9     119         0.010
  10    116         0.010

Detector: BL_W70_T2.2_D8
Best Detection: 134 mmHg (confidence: 0.340)
Top 10 readings:
  Rank  Pressure    Confidence  
  ------------------------------
  1     134         0.340
  2     129         0.260
  3     104         0.260
  4     125         0.126
  5     121         0.126
  6     99          0.126
  7     94          0.050
  8     119         0.010
  9     116         0.010

Detector: BL_W70_T2.2_D10
Best Detection: 133 mmHg (confidence: 0.340)
Top 10 readings:
  Rank  Pressure    Confidence  
  ------------------------------
  1     133         0.340
  2     129         0.260
  3     104         0.260
  4     125         0.126
  5     121         0.126
  6     99          0.126
  7     94          0.050
  8     119         0.010
  9     116         0.010

Detector: BL_W70_T2.2_D15
Best Detection: 129 mmHg (confidence: 0.260)
Top 10 readings:
  Rank  Pressure    Confidence  
  ------------------------------
  1     129         0.260
  2     104         0.260
  3     125         0.126
  4     121         0.126
  5     99          0.126
  6     94          0.050
  7     119         0.010
  8     116         0.010

Detector: BL_W70_T2.2_D20
Best Detection: 129 mmHg (confidence: 0.260)
Top 10 readings:
  Rank  Pressure    Confidence  
  ------------------------------
  1     129         0.260
  2     104         0.260
  3     125         0.126
  4     121         0.126
  5     99          0.126
  6     94          0.050
  7     119         0.010
  8     116         0.010

Detector: BL_W70_T2.2_D25
Best Detection: 129 mmHg (confidence: 0.260)
Top 10 readings:
  Rank  Pressure    Confidence  
  ------------------------------
  1     129         0.260
  2     104         0.260
  3     125         0.126
  4     121         0.126
  5     99          0.126
  6     94          0.050
  7     119         0.010
  8     116         0.010

Detector: BL_W70_T2.2_D30
Best Detection: 128 mmHg (confidence: 0.260)
Top 10 readings:
  Rank  Pressure    Confidence  
  ------------------------------
  1     128         0.260
  2     104         0.260
  3     125         0.126
  4     121         0.126
  5     99          0.126
  6     94          0.050
  7     119         0.010
  8     116         0.010

Detector: BL_W70_T2.2_D40
Best Detection: 104 mmHg (confidence: 0.260)
Top 10 readings:
  Rank  Pressure    Confidence  
  ------------------------------
  1     104         0.260
  2     125         0.126
  3     121         0.126
  4     99          0.126
  5     94          0.050
  6     119         0.010
  7     116         0.010

Detector: BL_W70_T2.4_D2
Best Detection: 135 mmHg (confidence: 0.340)
Top 10 readings:
  Rank  Pressure    Confidence  
  ------------------------------
  1     135         0.340
  2     129         0.260
  3     150         0.126
  4     149         0.126
  5     125         0.126
  6     121         0.126
  7     99          0.050
  8     143         0.010
  9     119         0.010

Detector: BL_W70_T2.4_D4
Best Detection: 135 mmHg (confidence: 0.340)
Top 10 readings:
  Rank  Pressure    Confidence  
  ------------------------------
  1     135         0.340
  2     129         0.260
  3     125         0.126
  4     121         0.126
  5     99          0.050
  6     171         0.010
  7     119         0.010

Detector: BL_W70_T2.4_D6
Best Detection: 134 mmHg (confidence: 0.340)
Top 10 readings:
  Rank  Pressure    Confidence  
  ------------------------------
  1     134         0.340
  2     129         0.260
  3     125         0.126
  4     121         0.126
  5     99          0.050
  6     179         0.010
  7     119         0.010

Detector: BL_W70_T2.4_D8
Best Detection: 134 mmHg (confidence: 0.340)
Top 10 readings:
  Rank  Pressure    Confidence  
  ------------------------------
  1     134         0.340
  2     129         0.260
  3     125         0.126
  4     121         0.126
  5     99          0.050
  6     119         0.010

Detector: BL_W70_T2.4_D10
Best Detection: 133 mmHg (confidence: 0.340)
Top 10 readings:
  Rank  Pressure    Confidence  
  ------------------------------
  1     133         0.340
  2     129         0.260
  3     125         0.126
  4     121         0.126
  5     99          0.050
  6     119         0.010

Detector: BL_W70_T2.4_D15
Best Detection: 129 mmHg (confidence: 0.260)
Top 10 readings:
  Rank  Pressure    Confidence  
  ------------------------------
  1     129         0.260
  2     125         0.126
  3     121         0.126
  4     99          0.050
  5     119         0.010

Detector: BL_W70_T2.4_D20
Best Detection: 129 mmHg (confidence: 0.260)
Top 10 readings:
  Rank  Pressure    Confidence  
  ------------------------------
  1     129         0.260
  2     125         0.126
  3     121         0.126
  4     99          0.050
  5     119         0.010

Detector: BL_W70_T2.4_D25
Best Detection: 129 mmHg (confidence: 0.260)
Top 10 readings:
  Rank  Pressure    Confidence  
  ------------------------------
  1     129         0.260
  2     125         0.126
  3     121         0.126
  4     99          0.050
  5     119         0.010

Detector: BL_W70_T2.4_D30
Best Detection: 128 mmHg (confidence: 0.260)
Top 10 readings:
  Rank  Pressure    Confidence  
  ------------------------------
  1     128         0.260
  2     125         0.126
  3     121         0.126
  4     99          0.050
  5     119         0.010

Detector: BL_W70_T2.4_D40
Best Detection: 125 mmHg (confidence: 0.126)
Top 10 readings:
  Rank  Pressure    Confidence  
  ------------------------------
  1     125         0.126
  2     121         0.126
  3     99          0.050
  4     119         0.010

Detector: BL_W70_T2.6_D2
Best Detection: 135 mmHg (confidence: 0.340)
Top 10 readings:
  Rank  Pressure    Confidence  
  ------------------------------
  1     135         0.340
  2     129         0.260
  3     150         0.126
  4     149         0.126
  5     125         0.126
  6     121         0.126
  7     99          0.050
  8     143         0.010
  9     119         0.010

Detector: BL_W70_T2.6_D4
Best Detection: 135 mmHg (confidence: 0.340)
Top 10 readings:
  Rank  Pressure    Confidence  
  ------------------------------
  1     135         0.340
  2     129         0.260
  3     125         0.126
  4     121         0.126
  5     99          0.050
  6     171         0.010
  7     119         0.010

Detector: BL_W70_T2.6_D6
Best Detection: 134 mmHg (confidence: 0.340)
Top 10 readings:
  Rank  Pressure    Confidence  
  ------------------------------
  1     134         0.340
  2     129         0.260
  3     125         0.126
  4     121         0.126
  5     99          0.050
  6     179         0.010
  7     119         0.010

Detector: BL_W70_T2.6_D8
Best Detection: 134 mmHg (confidence: 0.340)
Top 10 readings:
  Rank  Pressure    Confidence  
  ------------------------------
  1     134         0.340
  2     129         0.260
  3     125         0.126
  4     121         0.126
  5     99          0.050
  6     119         0.010

Detector: BL_W70_T2.6_D10
Best Detection: 133 mmHg (confidence: 0.340)
Top 10 readings:
  Rank  Pressure    Confidence  
  ------------------------------
  1     133         0.340
  2     129         0.260
  3     125         0.126
  4     121         0.126
  5     99          0.050
  6     119         0.010

Detector: BL_W70_T2.6_D15
Best Detection: 129 mmHg (confidence: 0.260)
Top 10 readings:
  Rank  Pressure    Confidence  
  ------------------------------
  1     129         0.260
  2     125         0.126
  3     121         0.126
  4     99          0.050
  5     119         0.010

Detector: BL_W70_T2.6_D20
Best Detection: 129 mmHg (confidence: 0.260)
Top 10 readings:
  Rank  Pressure    Confidence  
  ------------------------------
  1     129         0.260
  2     125         0.126
  3     121         0.126
  4     99          0.050
  5     119         0.010

Detector: BL_W70_T2.6_D25
Best Detection: 129 mmHg (confidence: 0.260)
Top 10 readings:
  Rank  Pressure    Confidence  
  ------------------------------
  1     129         0.260
  2     125         0.126
  3     121         0.126
  4     99          0.050
  5     119         0.010

Detector: BL_W70_T2.6_D30
Best Detection: 128 mmHg (confidence: 0.260)
Top 10 readings:
  Rank  Pressure    Confidence  
  ------------------------------
  1     128         0.260
  2     125         0.126
  3     121         0.126
  4     99          0.050
  5     119         0.010

Detector: BL_W70_T2.6_D40
Best Detection: 125 mmHg (confidence: 0.126)
Top 10 readings:
  Rank  Pressure    Confidence  
  ------------------------------
  1     125         0.126
  2     121         0.126
  3     99          0.050
  4     119         0.010

Detector: BL_W70_T2.8_D2
Best Detection: 135 mmHg (confidence: 0.340)
Top 10 readings:
  Rank  Pressure    Confidence  
  ------------------------------
  1     135         0.340
  2     129         0.260
  3     150         0.126
  4     149         0.126
  5     124         0.126
  6     119         0.050
  7     143         0.010

Detector: BL_W70_T2.8_D4
Best Detection: 135 mmHg (confidence: 0.340)
Top 10 readings:
  Rank  Pressure    Confidence  
  ------------------------------
  1     135         0.340
  2     129         0.260
  3     124         0.126
  4     119         0.050
  5     171         0.010

Detector: BL_W70_T2.8_D6
Best Detection: 134 mmHg (confidence: 0.340)
Top 10 readings:
  Rank  Pressure    Confidence  
  ------------------------------
  1     134         0.340
  2     129         0.260
  3     124         0.126
  4     119         0.050
  5     179         0.010

Detector: BL_W70_T2.8_D8
Best Detection: 134 mmHg (confidence: 0.340)
Top 10 readings:
  Rank  Pressure    Confidence  
  ------------------------------
  1     134         0.340
  2     129         0.260
  3     124         0.126
  4     119         0.050

Detector: BL_W70_T2.8_D10
Best Detection: 133 mmHg (confidence: 0.340)
Top 10 readings:
  Rank  Pressure    Confidence  
  ------------------------------
  1     133         0.340
  2     129         0.260
  3     124         0.126
  4     119         0.050

Detector: BL_W70_T2.8_D15
Best Detection: 129 mmHg (confidence: 0.260)
Top 10 readings:
  Rank  Pressure    Confidence  
  ------------------------------
  1     129         0.260
  2     125         0.126
  3     121         0.126
  4     119         0.050

Detector: BL_W70_T2.8_D20
Best Detection: 129 mmHg (confidence: 0.260)
Top 10 readings:
  Rank  Pressure    Confidence  
  ------------------------------
  1     129         0.260
  2     125         0.126
  3     121         0.126
  4     119         0.050

Detector: BL_W70_T2.8_D25
Best Detection: 129 mmHg (confidence: 0.260)
Top 10 readings:
  Rank  Pressure    Confidence  
  ------------------------------
  1     129         0.260
  2     125         0.126
  3     121         0.126
  4     119         0.050

Detector: BL_W70_T2.8_D30
Best Detection: 128 mmHg (confidence: 0.260)
Top 10 readings:
  Rank  Pressure    Confidence  
  ------------------------------
  1     128         0.260
  2     125         0.126
  3     121         0.126
  4     119         0.050

Detector: BL_W70_T2.8_D40
Best Detection: 125 mmHg (confidence: 0.126)
Top 10 readings:
  Rank  Pressure    Confidence  
  ------------------------------
  1     125         0.126
  2     121         0.126
  3     119         0.050

Detector: BL_W70_T3.0_D2
Best Detection: 135 mmHg (confidence: 0.340)
Top 10 readings:
  Rank  Pressure    Confidence  
  ------------------------------
  1     135         0.340
  2     129         0.260
  3     150         0.126
  4     149         0.126
  5     124         0.126
  6     119         0.050
  7     143         0.010

Detector: BL_W70_T3.0_D4
Best Detection: 135 mmHg (confidence: 0.340)
Top 10 readings:
  Rank  Pressure    Confidence  
  ------------------------------
  1     135         0.340
  2     129         0.260
  3     124         0.126
  4     119         0.050
  5     171         0.010

Detector: BL_W70_T3.0_D6
Best Detection: 134 mmHg (confidence: 0.340)
Top 10 readings:
  Rank  Pressure    Confidence  
  ------------------------------
  1     134         0.340
  2     129         0.260
  3     124         0.126
  4     119         0.050
  5     179         0.010

Detector: BL_W70_T3.0_D8
Best Detection: 134 mmHg (confidence: 0.340)
Top 10 readings:
  Rank  Pressure    Confidence  
  ------------------------------
  1     134         0.340
  2     129         0.260
  3     124         0.126
  4     119         0.050

Detector: BL_W70_T3.0_D10
Best Detection: 133 mmHg (confidence: 0.340)
Top 10 readings:
  Rank  Pressure    Confidence  
  ------------------------------
  1     133         0.340
  2     129         0.260
  3     124         0.126
  4     119         0.050

Detector: BL_W70_T3.0_D15
Best Detection: 129 mmHg (confidence: 0.260)
Top 10 readings:
  Rank  Pressure    Confidence  
  ------------------------------
  1     129         0.260
  2     125         0.126
  3     121         0.126
  4     119         0.050

Detector: BL_W70_T3.0_D20
Best Detection: 129 mmHg (confidence: 0.260)
Top 10 readings:
  Rank  Pressure    Confidence  
  ------------------------------
  1     129         0.260
  2     125         0.126
  3     121         0.126
  4     119         0.050

Detector: BL_W70_T3.0_D25
Best Detection: 129 mmHg (confidence: 0.260)
Top 10 readings:
  Rank  Pressure    Confidence  
  ------------------------------
  1     129         0.260
  2     125         0.126
  3     121         0.126
  4     119         0.050

Detector: BL_W70_T3.0_D30
Best Detection: 128 mmHg (confidence: 0.260)
Top 10 readings:
  Rank  Pressure    Confidence  
  ------------------------------
  1     128         0.260
  2     125         0.126
  3     121         0.126
  4     119         0.050

Detector: BL_W70_T3.0_D40
Best Detection: 125 mmHg (confidence: 0.126)
Top 10 readings:
  Rank  Pressure    Confidence  
  ------------------------------
  1     125         0.126
  2     121         0.126
  3     119         0.050

Detector: BL_W80_T1.2_D2
Best Detection: 149 mmHg (confidence: 0.580)
Top 10 readings:
  Rank  Pressure    Confidence  
  ------------------------------
  1     149         0.580
  2     108         0.580
  3     151         0.528
  4     143         0.500
  5     105         0.500
  6     140         0.420
  7     100         0.420
  8     135         0.340
  9     133         0.340
  10    95          0.340

Detector: BL_W80_T1.2_D4
Best Detection: 108 mmHg (confidence: 0.660)
Top 10 readings:
  Rank  Pressure    Confidence  
  ------------------------------
  1     108         0.660
  2     105         0.580
  3     100         0.500
  4     95          0.420
  5     135         0.340
  6     91          0.340
  7     129         0.260
  8     86          0.260
  9     126         0.208
  10    125         0.126

Detector: BL_W80_T1.2_D6
Best Detection: 108 mmHg (confidence: 0.660)
Top 10 readings:
  Rank  Pressure    Confidence  
  ------------------------------
  1     108         0.660
  2     105         0.580
  3     100         0.500
  4     95          0.420
  5     134         0.340
  6     91          0.340
  7     129         0.260
  8     86          0.260
  9     126         0.208
  10    125         0.126

Detector: BL_W80_T1.2_D8
Best Detection: 108 mmHg (confidence: 0.660)
Top 10 readings:
  Rank  Pressure    Confidence  
  ------------------------------
  1     108         0.660
  2     105         0.580
  3     100         0.500
  4     95          0.420
  5     134         0.340
  6     91          0.340
  7     129         0.260
  8     86          0.260
  9     126         0.208
  10    125         0.126

Detector: BL_W80_T1.2_D10
Best Detection: 108 mmHg (confidence: 0.660)
Top 10 readings:
  Rank  Pressure    Confidence  
  ------------------------------
  1     108         0.660
  2     105         0.580
  3     100         0.500
  4     95          0.420
  5     133         0.340
  6     91          0.340
  7     129         0.260
  8     86          0.260
  9     126         0.208
  10    125         0.126

Detector: BL_W80_T1.2_D15
Best Detection: 108 mmHg (confidence: 0.660)
Top 10 readings:
  Rank  Pressure    Confidence  
  ------------------------------
  1     108         0.660
  2     105         0.580
  3     100         0.500
  4     95          0.420
  5     91          0.340
  6     129         0.260
  7     86          0.260
  8     125         0.126
  9     121         0.126
  10    82          0.126

Detector: BL_W80_T1.2_D20
Best Detection: 108 mmHg (confidence: 0.660)
Top 10 readings:
  Rank  Pressure    Confidence  
  ------------------------------
  1     108         0.660
  2     105         0.580
  3     100         0.500
  4     95          0.420
  5     91          0.340
  6     129         0.260
  7     86          0.260
  8     125         0.126
  9     121         0.126
  10    82          0.126

Detector: BL_W80_T1.2_D25
Best Detection: 108 mmHg (confidence: 0.660)
Top 10 readings:
  Rank  Pressure    Confidence  
  ------------------------------
  1     108         0.660
  2     105         0.580
  3     100         0.500
  4     95          0.420
  5     91          0.340
  6     129         0.260
  7     86          0.260
  8     125         0.126
  9     121         0.126
  10    82          0.126

Detector: BL_W80_T1.2_D30
Best Detection: 108 mmHg (confidence: 0.660)
Top 10 readings:
  Rank  Pressure    Confidence  
  ------------------------------
  1     108         0.660
  2     105         0.580
  3     100         0.500
  4     95          0.420
  5     91          0.340
  6     128         0.260
  7     86          0.260
  8     125         0.126
  9     121         0.126
  10    82          0.126

Detector: BL_W80_T1.2_D40
Best Detection: 108 mmHg (confidence: 0.660)
Top 10 readings:
  Rank  Pressure    Confidence  
  ------------------------------
  1     108         0.660
  2     105         0.580
  3     100         0.500
  4     95          0.420
  5     91          0.340
  6     86          0.260
  7     125         0.126
  8     121         0.126
  9     82          0.126
  10    78          0.050

Detector: BL_W80_T1.4_D2
Best Detection: 149 mmHg (confidence: 0.580)
Top 10 readings:
  Rank  Pressure    Confidence  
  ------------------------------
  1     149         0.580
  2     105         0.580
  3     151         0.528
  4     143         0.500
  5     100         0.500
  6     140         0.420
  7     95          0.420
  8     135         0.340
  9     133         0.340
  10    91          0.340

Detector: BL_W80_T1.4_D4
Best Detection: 105 mmHg (confidence: 0.580)
Top 10 readings:
  Rank  Pressure    Confidence  
  ------------------------------
  1     105         0.580
  2     100         0.500
  3     95          0.420
  4     135         0.340
  5     91          0.340
  6     129         0.260
  7     86          0.260
  8     125         0.126
  9     121         0.126
  10    82          0.126

Detector: BL_W80_T1.4_D6
Best Detection: 105 mmHg (confidence: 0.580)
Top 10 readings:
  Rank  Pressure    Confidence  
  ------------------------------
  1     105         0.580
  2     100         0.500
  3     95          0.420
  4     134         0.340
  5     91          0.340
  6     129         0.260
  7     86          0.260
  8     125         0.126
  9     121         0.126
  10    82          0.126

Detector: BL_W80_T1.4_D8
Best Detection: 105 mmHg (confidence: 0.580)
Top 10 readings:
  Rank  Pressure    Confidence  
  ------------------------------
  1     105         0.580
  2     100         0.500
  3     95          0.420
  4     134         0.340
  5     91          0.340
  6     129         0.260
  7     86          0.260
  8     125         0.126
  9     121         0.126
  10    82          0.126

Detector: BL_W80_T1.4_D10
Best Detection: 105 mmHg (confidence: 0.580)
Top 10 readings:
  Rank  Pressure    Confidence  
  ------------------------------
  1     105         0.580
  2     100         0.500
  3     95          0.420
  4     133         0.340
  5     91          0.340
  6     129         0.260
  7     86          0.260
  8     125         0.126
  9     121         0.126
  10    82          0.126

Detector: BL_W80_T1.4_D15
Best Detection: 105 mmHg (confidence: 0.580)
Top 10 readings:
  Rank  Pressure    Confidence  
  ------------------------------
  1     105         0.580
  2     100         0.500
  3     95          0.420
  4     91          0.340
  5     129         0.260
  6     86          0.260
  7     125         0.126
  8     121         0.126
  9     82          0.126
  10    78          0.050

Detector: BL_W80_T1.4_D20
Best Detection: 105 mmHg (confidence: 0.580)
Top 10 readings:
  Rank  Pressure    Confidence  
  ------------------------------
  1     105         0.580
  2     100         0.500
  3     95          0.420
  4     91          0.340
  5     129         0.260
  6     86          0.260
  7     125         0.126
  8     121         0.126
  9     82          0.126
  10    78          0.050

Detector: BL_W80_T1.4_D25
Best Detection: 105 mmHg (confidence: 0.580)
Top 10 readings:
  Rank  Pressure    Confidence  
  ------------------------------
  1     105         0.580
  2     100         0.500
  3     95          0.420
  4     91          0.340
  5     129         0.260
  6     86          0.260
  7     125         0.126
  8     121         0.126
  9     82          0.126
  10    78          0.050

Detector: BL_W80_T1.4_D30
Best Detection: 105 mmHg (confidence: 0.580)
Top 10 readings:
  Rank  Pressure    Confidence  
  ------------------------------
  1     105         0.580
  2     100         0.500
  3     95          0.420
  4     91          0.340
  5     128         0.260
  6     86          0.260
  7     125         0.126
  8     121         0.126
  9     82          0.126
  10    78          0.050

Detector: BL_W80_T1.4_D40
Best Detection: 105 mmHg (confidence: 0.580)
Top 10 readings:
  Rank  Pressure    Confidence  
  ------------------------------
  1     105         0.580
  2     100         0.500
  3     95          0.420
  4     91          0.340
  5     86          0.260
  6     125         0.126
  7     121         0.126
  8     82          0.126
  9     78          0.050
  10    120         0.010

Detector: BL_W80_T1.6_D2
Best Detection: 149 mmHg (confidence: 0.580)
Top 10 readings:
  Rank  Pressure    Confidence  
  ------------------------------
  1     149         0.580
  2     151         0.528
  3     143         0.500
  4     140         0.420
  5     135         0.340
  6     133         0.340
  7     105         0.340
  8     129         0.260
  9     100         0.260
  10    125         0.126

Detector: BL_W80_T1.6_D4
Best Detection: 135 mmHg (confidence: 0.340)
Top 10 readings:
  Rank  Pressure    Confidence  
  ------------------------------
  1     135         0.340
  2     105         0.340
  3     129         0.260
  4     100         0.260
  5     125         0.126
  6     121         0.126
  7     95          0.126
  8     78          0.050
  9     172         0.010
  10    119         0.010

Detector: BL_W80_T1.6_D6
Best Detection: 134 mmHg (confidence: 0.340)
Top 10 readings:
  Rank  Pressure    Confidence  
  ------------------------------
  1     134         0.340
  2     105         0.340
  3     129         0.260
  4     100         0.260
  5     125         0.126
  6     121         0.126
  7     95          0.126
  8     78          0.050
  9     119         0.010
  10    116         0.010

Detector: BL_W80_T1.6_D8
Best Detection: 134 mmHg (confidence: 0.340)
Top 10 readings:
  Rank  Pressure    Confidence  
  ------------------------------
  1     134         0.340
  2     105         0.340
  3     129         0.260
  4     100         0.260
  5     125         0.126
  6     121         0.126
  7     95          0.126
  8     78          0.050
  9     119         0.010
  10    116         0.010

Detector: BL_W80_T1.6_D10
Best Detection: 133 mmHg (confidence: 0.340)
Top 10 readings:
  Rank  Pressure    Confidence  
  ------------------------------
  1     133         0.340
  2     105         0.340
  3     129         0.260
  4     100         0.260
  5     125         0.126
  6     121         0.126
  7     95          0.126
  8     78          0.050
  9     119         0.010
  10    116         0.010

Detector: BL_W80_T1.6_D15
Best Detection: 105 mmHg (confidence: 0.340)
Top 10 readings:
  Rank  Pressure    Confidence  
  ------------------------------
  1     105         0.340
  2     129         0.260
  3     100         0.260
  4     125         0.126
  5     121         0.126
  6     95          0.126
  7     78          0.050
  8     119         0.010
  9     116         0.010
  10    90          0.010

Detector: BL_W80_T1.6_D20
Best Detection: 105 mmHg (confidence: 0.340)
Top 10 readings:
  Rank  Pressure    Confidence  
  ------------------------------
  1     105         0.340
  2     129         0.260
  3     100         0.260
  4     125         0.126
  5     121         0.126
  6     95          0.126
  7     78          0.050
  8     119         0.010
  9     116         0.010
  10    90          0.010

Detector: BL_W80_T1.6_D25
Best Detection: 105 mmHg (confidence: 0.340)
Top 10 readings:
  Rank  Pressure    Confidence  
  ------------------------------
  1     105         0.340
  2     129         0.260
  3     100         0.260
  4     125         0.126
  5     121         0.126
  6     95          0.126
  7     78          0.050
  8     119         0.010
  9     116         0.010
  10    90          0.010

Detector: BL_W80_T1.6_D30
Best Detection: 105 mmHg (confidence: 0.340)
Top 10 readings:
  Rank  Pressure    Confidence  
  ------------------------------
  1     105         0.340
  2     128         0.260
  3     100         0.260
  4     125         0.126
  5     121         0.126
  6     95          0.126
  7     78          0.050
  8     119         0.010
  9     116         0.010
  10    90          0.010

Detector: BL_W80_T1.6_D40
Best Detection: 105 mmHg (confidence: 0.340)
Top 10 readings:
  Rank  Pressure    Confidence  
  ------------------------------
  1     105         0.340
  2     100         0.260
  3     125         0.126
  4     121         0.126
  5     95          0.126
  6     78          0.050
  7     119         0.010
  8     116         0.010
  9     90          0.010

Detector: BL_W80_T1.8_D2
Best Detection: 149 mmHg (confidence: 0.580)
Top 10 readings:
  Rank  Pressure    Confidence  
  ------------------------------
  1     149         0.580
  2     151         0.528
  3     143         0.500
  4     140         0.420
  5     135         0.340
  6     105         0.340
  7     129         0.260
  8     99          0.260
  9     125         0.126
  10    121         0.126

Detector: BL_W80_T1.8_D4
Best Detection: 135 mmHg (confidence: 0.340)
Top 10 readings:
  Rank  Pressure    Confidence  
  ------------------------------
  1     135         0.340
  2     105         0.340
  3     129         0.260
  4     99          0.260
  5     125         0.126
  6     121         0.126
  7     95          0.126
  8     90          0.050
  9     172         0.010
  10    119         0.010

Detector: BL_W80_T1.8_D6
Best Detection: 134 mmHg (confidence: 0.340)
Top 10 readings:
  Rank  Pressure    Confidence  
  ------------------------------
  1     134         0.340
  2     105         0.340
  3     129         0.260
  4     99          0.260
  5     125         0.126
  6     121         0.126
  7     95          0.126
  8     90          0.050
  9     119         0.010
  10    116         0.010

Detector: BL_W80_T1.8_D8
Best Detection: 134 mmHg (confidence: 0.340)
Top 10 readings:
  Rank  Pressure    Confidence  
  ------------------------------
  1     134         0.340
  2     105         0.340
  3     129         0.260
  4     99          0.260
  5     125         0.126
  6     121         0.126
  7     95          0.126
  8     90          0.050
  9     119         0.010
  10    116         0.010

Detector: BL_W80_T1.8_D10
Best Detection: 133 mmHg (confidence: 0.340)
Top 10 readings:
  Rank  Pressure    Confidence  
  ------------------------------
  1     133         0.340
  2     105         0.340
  3     129         0.260
  4     99          0.260
  5     125         0.126
  6     121         0.126
  7     95          0.126
  8     90          0.050
  9     119         0.010
  10    116         0.010

Detector: BL_W80_T1.8_D15
Best Detection: 105 mmHg (confidence: 0.340)
Top 10 readings:
  Rank  Pressure    Confidence  
  ------------------------------
  1     105         0.340
  2     129         0.260
  3     99          0.260
  4     125         0.126
  5     121         0.126
  6     95          0.126
  7     90          0.050
  8     119         0.010
  9     116         0.010

Detector: BL_W80_T1.8_D20
Best Detection: 105 mmHg (confidence: 0.340)
Top 10 readings:
  Rank  Pressure    Confidence  
  ------------------------------
  1     105         0.340
  2     129         0.260
  3     99          0.260
  4     125         0.126
  5     121         0.126
  6     95          0.126
  7     90          0.050
  8     119         0.010
  9     116         0.010

Detector: BL_W80_T1.8_D25
Best Detection: 105 mmHg (confidence: 0.340)
Top 10 readings:
  Rank  Pressure    Confidence  
  ------------------------------
  1     105         0.340
  2     129         0.260
  3     99          0.260
  4     125         0.126
  5     121         0.126
  6     95          0.126
  7     90          0.050
  8     119         0.010
  9     116         0.010

Detector: BL_W80_T1.8_D30
Best Detection: 105 mmHg (confidence: 0.340)
Top 10 readings:
  Rank  Pressure    Confidence  
  ------------------------------
  1     105         0.340
  2     128         0.260
  3     99          0.260
  4     125         0.126
  5     121         0.126
  6     95          0.126
  7     90          0.050
  8     119         0.010
  9     116         0.010

Detector: BL_W80_T1.8_D40
Best Detection: 105 mmHg (confidence: 0.340)
Top 10 readings:
  Rank  Pressure    Confidence  
  ------------------------------
  1     105         0.340
  2     99          0.260
  3     125         0.126
  4     121         0.126
  5     95          0.126
  6     90          0.050
  7     119         0.010
  8     116         0.010

Detector: BL_W80_T2.0_D2
Best Detection: 149 mmHg (confidence: 0.580)
Top 10 readings:
  Rank  Pressure    Confidence  
  ------------------------------
  1     149         0.580
  2     151         0.528
  3     143         0.500
  4     140         0.420
  5     135         0.340
  6     129         0.260
  7     104         0.260
  8     125         0.126
  9     121         0.126
  10    99          0.126

Detector: BL_W80_T2.0_D4
Best Detection: 135 mmHg (confidence: 0.340)
Top 10 readings:
  Rank  Pressure    Confidence  
  ------------------------------
  1     135         0.340
  2     129         0.260
  3     104         0.260
  4     125         0.126
  5     121         0.126
  6     99          0.126
  7     95          0.050
  8     172         0.010
  9     119         0.010
  10    116         0.010

Detector: BL_W80_T2.0_D6
Best Detection: 134 mmHg (confidence: 0.340)
Top 10 readings:
  Rank  Pressure    Confidence  
  ------------------------------
  1     134         0.340
  2     129         0.260
  3     104         0.260
  4     125         0.126
  5     121         0.126
  6     99          0.126
  7     95          0.050
  8     119         0.010
  9     116         0.010

Detector: BL_W80_T2.0_D8
Best Detection: 134 mmHg (confidence: 0.340)
Top 10 readings:
  Rank  Pressure    Confidence  
  ------------------------------
  1     134         0.340
  2     129         0.260
  3     104         0.260
  4     125         0.126
  5     121         0.126
  6     99          0.126
  7     95          0.050
  8     119         0.010
  9     116         0.010

Detector: BL_W80_T2.0_D10
Best Detection: 133 mmHg (confidence: 0.340)
Top 10 readings:
  Rank  Pressure    Confidence  
  ------------------------------
  1     133         0.340
  2     129         0.260
  3     104         0.260
  4     125         0.126
  5     121         0.126
  6     99          0.126
  7     95          0.050
  8     119         0.010
  9     116         0.010

Detector: BL_W80_T2.0_D15
Best Detection: 129 mmHg (confidence: 0.260)
Top 10 readings:
  Rank  Pressure    Confidence  
  ------------------------------
  1     129         0.260
  2     104         0.260
  3     125         0.126
  4     121         0.126
  5     99          0.126
  6     95          0.050
  7     119         0.010
  8     116         0.010

Detector: BL_W80_T2.0_D20
Best Detection: 129 mmHg (confidence: 0.260)
Top 10 readings:
  Rank  Pressure    Confidence  
  ------------------------------
  1     129         0.260
  2     104         0.260
  3     125         0.126
  4     121         0.126
  5     99          0.126
  6     95          0.050
  7     119         0.010
  8     116         0.010

Detector: BL_W80_T2.0_D25
Best Detection: 129 mmHg (confidence: 0.260)
Top 10 readings:
  Rank  Pressure    Confidence  
  ------------------------------
  1     129         0.260
  2     104         0.260
  3     125         0.126
  4     121         0.126
  5     99          0.126
  6     95          0.050
  7     119         0.010
  8     116         0.010

Detector: BL_W80_T2.0_D30
Best Detection: 128 mmHg (confidence: 0.260)
Top 10 readings:
  Rank  Pressure    Confidence  
  ------------------------------
  1     128         0.260
  2     104         0.260
  3     125         0.126
  4     121         0.126
  5     99          0.126
  6     95          0.050
  7     119         0.010
  8     116         0.010

Detector: BL_W80_T2.0_D40
Best Detection: 104 mmHg (confidence: 0.260)
Top 10 readings:
  Rank  Pressure    Confidence  
  ------------------------------
  1     104         0.260
  2     125         0.126
  3     121         0.126
  4     99          0.126
  5     95          0.050
  6     119         0.010
  7     116         0.010

Detector: BL_W80_T2.2_D2
Best Detection: 149 mmHg (confidence: 0.580)
Top 10 readings:
  Rank  Pressure    Confidence  
  ------------------------------
  1     149         0.580
  2     151         0.528
  3     143         0.500
  4     140         0.420
  5     135         0.340
  6     129         0.260
  7     104         0.260
  8     125         0.126
  9     121         0.126
  10    99          0.126

Detector: BL_W80_T2.2_D4
Best Detection: 135 mmHg (confidence: 0.340)
Top 10 readings:
  Rank  Pressure    Confidence  
  ------------------------------
  1     135         0.340
  2     129         0.260
  3     104         0.260
  4     125         0.126
  5     121         0.126
  6     99          0.126
  7     94          0.050
  8     172         0.010
  9     119         0.010
  10    116         0.010

Detector: BL_W80_T2.2_D6
Best Detection: 134 mmHg (confidence: 0.340)
Top 10 readings:
  Rank  Pressure    Confidence  
  ------------------------------
  1     134         0.340
  2     129         0.260
  3     104         0.260
  4     125         0.126
  5     121         0.126
  6     99          0.126
  7     94          0.050
  8     119         0.010
  9     116         0.010

Detector: BL_W80_T2.2_D8
Best Detection: 134 mmHg (confidence: 0.340)
Top 10 readings:
  Rank  Pressure    Confidence  
  ------------------------------
  1     134         0.340
  2     129         0.260
  3     104         0.260
  4     125         0.126
  5     121         0.126
  6     99          0.126
  7     94          0.050
  8     119         0.010
  9     116         0.010

Detector: BL_W80_T2.2_D10
Best Detection: 133 mmHg (confidence: 0.340)
Top 10 readings:
  Rank  Pressure    Confidence  
  ------------------------------
  1     133         0.340
  2     129         0.260
  3     104         0.260
  4     125         0.126
  5     121         0.126
  6     99          0.126
  7     94          0.050
  8     119         0.010
  9     116         0.010

Detector: BL_W80_T2.2_D15
Best Detection: 129 mmHg (confidence: 0.260)
Top 10 readings:
  Rank  Pressure    Confidence  
  ------------------------------
  1     129         0.260
  2     104         0.260
  3     125         0.126
  4     121         0.126
  5     99          0.126
  6     94          0.050
  7     119         0.010
  8     116         0.010

Detector: BL_W80_T2.2_D20
Best Detection: 129 mmHg (confidence: 0.260)
Top 10 readings:
  Rank  Pressure    Confidence  
  ------------------------------
  1     129         0.260
  2     104         0.260
  3     125         0.126
  4     121         0.126
  5     99          0.126
  6     94          0.050
  7     119         0.010
  8     116         0.010

Detector: BL_W80_T2.2_D25
Best Detection: 129 mmHg (confidence: 0.260)
Top 10 readings:
  Rank  Pressure    Confidence  
  ------------------------------
  1     129         0.260
  2     104         0.260
  3     125         0.126
  4     121         0.126
  5     99          0.126
  6     94          0.050
  7     119         0.010
  8     116         0.010

Detector: BL_W80_T2.2_D30
Best Detection: 128 mmHg (confidence: 0.260)
Top 10 readings:
  Rank  Pressure    Confidence  
  ------------------------------
  1     128         0.260
  2     104         0.260
  3     125         0.126
  4     121         0.126
  5     99          0.126
  6     94          0.050
  7     119         0.010
  8     116         0.010

Detector: BL_W80_T2.2_D40
Best Detection: 104 mmHg (confidence: 0.260)
Top 10 readings:
  Rank  Pressure    Confidence  
  ------------------------------
  1     104         0.260
  2     125         0.126
  3     121         0.126
  4     99          0.126
  5     94          0.050
  6     119         0.010
  7     116         0.010

Detector: BL_W80_T2.4_D2
Best Detection: 149 mmHg (confidence: 0.580)
Top 10 readings:
  Rank  Pressure    Confidence  
  ------------------------------
  1     149         0.580
  2     151         0.528
  3     143         0.500
  4     140         0.420
  5     135         0.340
  6     129         0.260
  7     125         0.126
  8     121         0.126
  9     116         0.050
  10    119         0.010

Detector: BL_W80_T2.4_D4
Best Detection: 135 mmHg (confidence: 0.340)
Top 10 readings:
  Rank  Pressure    Confidence  
  ------------------------------
  1     135         0.340
  2     129         0.260
  3     125         0.126
  4     121         0.126
  5     116         0.050
  6     172         0.010
  7     119         0.010

Detector: BL_W80_T2.4_D6
Best Detection: 134 mmHg (confidence: 0.340)
Top 10 readings:
  Rank  Pressure    Confidence  
  ------------------------------
  1     134         0.340
  2     129         0.260
  3     125         0.126
  4     121         0.126
  5     116         0.050
  6     119         0.010

Detector: BL_W80_T2.4_D8
Best Detection: 134 mmHg (confidence: 0.340)
Top 10 readings:
  Rank  Pressure    Confidence  
  ------------------------------
  1     134         0.340
  2     129         0.260
  3     125         0.126
  4     121         0.126
  5     116         0.050
  6     119         0.010

Detector: BL_W80_T2.4_D10
Best Detection: 133 mmHg (confidence: 0.340)
Top 10 readings:
  Rank  Pressure    Confidence  
  ------------------------------
  1     133         0.340
  2     129         0.260
  3     125         0.126
  4     121         0.126
  5     116         0.050
  6     119         0.010

Detector: BL_W80_T2.4_D15
Best Detection: 129 mmHg (confidence: 0.260)
Top 10 readings:
  Rank  Pressure    Confidence  
  ------------------------------
  1     129         0.260
  2     125         0.126
  3     121         0.126
  4     116         0.050
  5     119         0.010

Detector: BL_W80_T2.4_D20
Best Detection: 129 mmHg (confidence: 0.260)
Top 10 readings:
  Rank  Pressure    Confidence  
  ------------------------------
  1     129         0.260
  2     125         0.126
  3     121         0.126
  4     116         0.050
  5     119         0.010

Detector: BL_W80_T2.4_D25
Best Detection: 129 mmHg (confidence: 0.260)
Top 10 readings:
  Rank  Pressure    Confidence  
  ------------------------------
  1     129         0.260
  2     125         0.126
  3     121         0.126
  4     116         0.050
  5     119         0.010

Detector: BL_W80_T2.4_D30
Best Detection: 128 mmHg (confidence: 0.260)
Top 10 readings:
  Rank  Pressure    Confidence  
  ------------------------------
  1     128         0.260
  2     125         0.126
  3     121         0.126
  4     116         0.050
  5     119         0.010

Detector: BL_W80_T2.4_D40
Best Detection: 125 mmHg (confidence: 0.126)
Top 10 readings:
  Rank  Pressure    Confidence  
  ------------------------------
  1     125         0.126
  2     121         0.126
  3     116         0.050
  4     119         0.010

Detector: BL_W80_T2.6_D2
Best Detection: 149 mmHg (confidence: 0.580)
Top 10 readings:
  Rank  Pressure    Confidence  
  ------------------------------
  1     149         0.580
  2     151         0.528
  3     143         0.500
  4     140         0.420
  5     134         0.340
  6     129         0.260
  7     125         0.126
  8     121         0.126
  9     119         0.050

Detector: BL_W80_T2.6_D4
Best Detection: 135 mmHg (confidence: 0.340)
Top 10 readings:
  Rank  Pressure    Confidence  
  ------------------------------
  1     135         0.340
  2     129         0.260
  3     125         0.126
  4     121         0.126
  5     119         0.050
  6     172         0.010

Detector: BL_W80_T2.6_D6
Best Detection: 134 mmHg (confidence: 0.340)
Top 10 readings:
  Rank  Pressure    Confidence  
  ------------------------------
  1     134         0.340
  2     129         0.260
  3     125         0.126
  4     121         0.126
  5     119         0.050

Detector: BL_W80_T2.6_D8
Best Detection: 134 mmHg (confidence: 0.340)
Top 10 readings:
  Rank  Pressure    Confidence  
  ------------------------------
  1     134         0.340
  2     129         0.260
  3     125         0.126
  4     121         0.126
  5     119         0.050

Detector: BL_W80_T2.6_D10
Best Detection: 133 mmHg (confidence: 0.340)
Top 10 readings:
  Rank  Pressure    Confidence  
  ------------------------------
  1     133         0.340
  2     129         0.260
  3     125         0.126
  4     121         0.126
  5     119         0.050

Detector: BL_W80_T2.6_D15
Best Detection: 129 mmHg (confidence: 0.260)
Top 10 readings:
  Rank  Pressure    Confidence  
  ------------------------------
  1     129         0.260
  2     125         0.126
  3     121         0.126
  4     119         0.050

Detector: BL_W80_T2.6_D20
Best Detection: 129 mmHg (confidence: 0.260)
Top 10 readings:
  Rank  Pressure    Confidence  
  ------------------------------
  1     129         0.260
  2     125         0.126
  3     121         0.126
  4     119         0.050

Detector: BL_W80_T2.6_D25
Best Detection: 129 mmHg (confidence: 0.260)
Top 10 readings:
  Rank  Pressure    Confidence  
  ------------------------------
  1     129         0.260
  2     125         0.126
  3     121         0.126
  4     119         0.050

Detector: BL_W80_T2.6_D30
Best Detection: 128 mmHg (confidence: 0.260)
Top 10 readings:
  Rank  Pressure    Confidence  
  ------------------------------
  1     128         0.260
  2     125         0.126
  3     121         0.126
  4     119         0.050

Detector: BL_W80_T2.6_D40
Best Detection: 125 mmHg (confidence: 0.126)
Top 10 readings:
  Rank  Pressure    Confidence  
  ------------------------------
  1     125         0.126
  2     121         0.126
  3     119         0.050

Detector: BL_W80_T2.8_D2
Best Detection: 149 mmHg (confidence: 0.580)
Top 10 readings:
  Rank  Pressure    Confidence  
  ------------------------------
  1     149         0.580
  2     151         0.528
  3     143         0.500
  4     140         0.420
  5     134         0.340
  6     129         0.260
  7     125         0.126
  8     121         0.126
  9     119         0.050

Detector: BL_W80_T2.8_D4
Best Detection: 135 mmHg (confidence: 0.340)
Top 10 readings:
  Rank  Pressure    Confidence  
  ------------------------------
  1     135         0.340
  2     129         0.260
  3     125         0.126
  4     121         0.126
  5     119         0.050
  6     172         0.010

Detector: BL_W80_T2.8_D6
Best Detection: 134 mmHg (confidence: 0.340)
Top 10 readings:
  Rank  Pressure    Confidence  
  ------------------------------
  1     134         0.340
  2     129         0.260
  3     125         0.126
  4     121         0.126
  5     119         0.050

Detector: BL_W80_T2.8_D8
Best Detection: 134 mmHg (confidence: 0.340)
Top 10 readings:
  Rank  Pressure    Confidence  
  ------------------------------
  1     134         0.340
  2     129         0.260
  3     125         0.126
  4     121         0.126
  5     119         0.050

Detector: BL_W80_T2.8_D10
Best Detection: 133 mmHg (confidence: 0.340)
Top 10 readings:
  Rank  Pressure    Confidence  
  ------------------------------
  1     133         0.340
  2     129         0.260
  3     125         0.126
  4     121         0.126
  5     119         0.050

Detector: BL_W80_T2.8_D15
Best Detection: 129 mmHg (confidence: 0.260)
Top 10 readings:
  Rank  Pressure    Confidence  
  ------------------------------
  1     129         0.260
  2     125         0.126
  3     121         0.126
  4     119         0.050

Detector: BL_W80_T2.8_D20
Best Detection: 129 mmHg (confidence: 0.260)
Top 10 readings:
  Rank  Pressure    Confidence  
  ------------------------------
  1     129         0.260
  2     125         0.126
  3     121         0.126
  4     119         0.050

Detector: BL_W80_T2.8_D25
Best Detection: 129 mmHg (confidence: 0.260)
Top 10 readings:
  Rank  Pressure    Confidence  
  ------------------------------
  1     129         0.260
  2     125         0.126
  3     121         0.126
  4     119         0.050

Detector: BL_W80_T2.8_D30
Best Detection: 128 mmHg (confidence: 0.260)
Top 10 readings:
  Rank  Pressure    Confidence  
  ------------------------------
  1     128         0.260
  2     125         0.126
  3     121         0.126
  4     119         0.050

Detector: BL_W80_T2.8_D40
Best Detection: 125 mmHg (confidence: 0.126)
Top 10 readings:
  Rank  Pressure    Confidence  
  ------------------------------
  1     125         0.126
  2     121         0.126
  3     119         0.050

Detector: BL_W80_T3.0_D2
Best Detection: 149 mmHg (confidence: 0.580)
Top 10 readings:
  Rank  Pressure    Confidence  
  ------------------------------
  1     149         0.580
  2     151         0.528
  3     143         0.500
  4     140         0.420
  5     134         0.340
  6     129         0.260
  7     124         0.126
  8     119         0.050

Detector: BL_W80_T3.0_D4
Best Detection: 135 mmHg (confidence: 0.340)
Top 10 readings:
  Rank  Pressure    Confidence  
  ------------------------------
  1     135         0.340
  2     129         0.260
  3     124         0.126
  4     119         0.050
  5     172         0.010

Detector: BL_W80_T3.0_D6
Best Detection: 134 mmHg (confidence: 0.340)
Top 10 readings:
  Rank  Pressure    Confidence  
  ------------------------------
  1     134         0.340
  2     129         0.260
  3     124         0.126
  4     119         0.050

Detector: BL_W80_T3.0_D8
Best Detection: 134 mmHg (confidence: 0.340)
Top 10 readings:
  Rank  Pressure    Confidence  
  ------------------------------
  1     134         0.340
  2     129         0.260
  3     124         0.126
  4     119         0.050

Detector: BL_W80_T3.0_D10
Best Detection: 133 mmHg (confidence: 0.340)
Top 10 readings:
  Rank  Pressure    Confidence  
  ------------------------------
  1     133         0.340
  2     129         0.260
  3     124         0.126
  4     119         0.050

Detector: BL_W80_T3.0_D15
Best Detection: 129 mmHg (confidence: 0.260)
Top 10 readings:
  Rank  Pressure    Confidence  
  ------------------------------
  1     129         0.260
  2     125         0.126
  3     121         0.126
  4     119         0.050

Detector: BL_W80_T3.0_D20
Best Detection: 129 mmHg (confidence: 0.260)
Top 10 readings:
  Rank  Pressure    Confidence  
  ------------------------------
  1     129         0.260
  2     125         0.126
  3     121         0.126
  4     119         0.050

Detector: BL_W80_T3.0_D25
Best Detection: 129 mmHg (confidence: 0.260)
Top 10 readings:
  Rank  Pressure    Confidence  
  ------------------------------
  1     129         0.260
  2     125         0.126
  3     121         0.126
  4     119         0.050

Detector: BL_W80_T3.0_D30
Best Detection: 128 mmHg (confidence: 0.260)
Top 10 readings:
  Rank  Pressure    Confidence  
  ------------------------------
  1     128         0.260
  2     125         0.126
  3     121         0.126
  4     119         0.050

Detector: BL_W80_T3.0_D40
Best Detection: 125 mmHg (confidence: 0.126)
Top 10 readings:
  Rank  Pressure    Confidence  
  ------------------------------
  1     125         0.126
  2     121         0.126
  3     119         0.050

Detector: BL_W90_T1.2_D2
Best Detection: 149 mmHg (confidence: 0.580)
Top 10 readings:
  Rank  Pressure    Confidence  
  ------------------------------
  1     149         0.580
  2     108         0.580
  3     151         0.528
  4     143         0.500
  5     105         0.500
  6     140         0.420
  7     100         0.420
  8     135         0.340
  9     133         0.340
  10    95          0.340

Detector: BL_W90_T1.2_D4
Best Detection: 108 mmHg (confidence: 0.660)
Top 10 readings:
  Rank  Pressure    Confidence  
  ------------------------------
  1     108         0.660
  2     105         0.580
  3     100         0.500
  4     95          0.420
  5     135         0.340
  6     91          0.340
  7     129         0.260
  8     86          0.260
  9     126         0.208
  10    125         0.126

Detector: BL_W90_T1.2_D6
Best Detection: 108 mmHg (confidence: 0.660)
Top 10 readings:
  Rank  Pressure    Confidence  
  ------------------------------
  1     108         0.660
  2     105         0.580
  3     100         0.500
  4     95          0.420
  5     134         0.340
  6     91          0.340
  7     129         0.260
  8     86          0.260
  9     126         0.208
  10    125         0.126

Detector: BL_W90_T1.2_D8
Best Detection: 108 mmHg (confidence: 0.660)
Top 10 readings:
  Rank  Pressure    Confidence  
  ------------------------------
  1     108         0.660
  2     105         0.580
  3     100         0.500
  4     95          0.420
  5     134         0.340
  6     91          0.340
  7     129         0.260
  8     86          0.260
  9     126         0.208
  10    125         0.126

Detector: BL_W90_T1.2_D10
Best Detection: 108 mmHg (confidence: 0.660)
Top 10 readings:
  Rank  Pressure    Confidence  
  ------------------------------
  1     108         0.660
  2     105         0.580
  3     100         0.500
  4     95          0.420
  5     133         0.340
  6     91          0.340
  7     129         0.260
  8     86          0.260
  9     126         0.208
  10    125         0.126

Detector: BL_W90_T1.2_D15
Best Detection: 108 mmHg (confidence: 0.660)
Top 10 readings:
  Rank  Pressure    Confidence  
  ------------------------------
  1     108         0.660
  2     105         0.580
  3     100         0.500
  4     95          0.420
  5     91          0.340
  6     129         0.260
  7     86          0.260
  8     125         0.126
  9     121         0.126
  10    82          0.126

Detector: BL_W90_T1.2_D20
Best Detection: 108 mmHg (confidence: 0.660)
Top 10 readings:
  Rank  Pressure    Confidence  
  ------------------------------
  1     108         0.660
  2     105         0.580
  3     100         0.500
  4     95          0.420
  5     91          0.340
  6     129         0.260
  7     86          0.260
  8     125         0.126
  9     121         0.126
  10    82          0.126

Detector: BL_W90_T1.2_D25
Best Detection: 108 mmHg (confidence: 0.660)
Top 10 readings:
  Rank  Pressure    Confidence  
  ------------------------------
  1     108         0.660
  2     105         0.580
  3     100         0.500
  4     95          0.420
  5     91          0.340
  6     129         0.260
  7     86          0.260
  8     125         0.126
  9     121         0.126
  10    82          0.126

Detector: BL_W90_T1.2_D30
Best Detection: 108 mmHg (confidence: 0.660)
Top 10 readings:
  Rank  Pressure    Confidence  
  ------------------------------
  1     108         0.660
  2     105         0.580
  3     100         0.500
  4     95          0.420
  5     91          0.340
  6     128         0.260
  7     86          0.260
  8     125         0.126
  9     121         0.126
  10    82          0.126

Detector: BL_W90_T1.2_D40
Best Detection: 108 mmHg (confidence: 0.660)
Top 10 readings:
  Rank  Pressure    Confidence  
  ------------------------------
  1     108         0.660
  2     105         0.580
  3     100         0.500
  4     95          0.420
  5     91          0.340
  6     86          0.260
  7     125         0.126
  8     121         0.126
  9     82          0.126
  10    78          0.050

Detector: BL_W90_T1.4_D2
Best Detection: 149 mmHg (confidence: 0.580)
Top 10 readings:
  Rank  Pressure    Confidence  
  ------------------------------
  1     149         0.580
  2     108         0.580
  3     151         0.528
  4     143         0.500
  5     105         0.500
  6     140         0.420
  7     100         0.420
  8     135         0.340
  9     133         0.340
  10    95          0.340

Detector: BL_W90_T1.4_D4
Best Detection: 108 mmHg (confidence: 0.660)
Top 10 readings:
  Rank  Pressure    Confidence  
  ------------------------------
  1     108         0.660
  2     105         0.580
  3     100         0.500
  4     95          0.420
  5     135         0.340
  6     91          0.340
  7     129         0.260
  8     86          0.260
  9     126         0.208
  10    125         0.126

Detector: BL_W90_T1.4_D6
Best Detection: 108 mmHg (confidence: 0.660)
Top 10 readings:
  Rank  Pressure    Confidence  
  ------------------------------
  1     108         0.660
  2     105         0.580
  3     100         0.500
  4     95          0.420
  5     134         0.340
  6     91          0.340
  7     129         0.260
  8     86          0.260
  9     126         0.208
  10    125         0.126

Detector: BL_W90_T1.4_D8
Best Detection: 108 mmHg (confidence: 0.660)
Top 10 readings:
  Rank  Pressure    Confidence  
  ------------------------------
  1     108         0.660
  2     105         0.580
  3     100         0.500
  4     95          0.420
  5     134         0.340
  6     91          0.340
  7     129         0.260
  8     86          0.260
  9     126         0.208
  10    125         0.126

Detector: BL_W90_T1.4_D10
Best Detection: 108 mmHg (confidence: 0.660)
Top 10 readings:
  Rank  Pressure    Confidence  
  ------------------------------
  1     108         0.660
  2     105         0.580
  3     100         0.500
  4     95          0.420
  5     133         0.340
  6     91          0.340
  7     129         0.260
  8     86          0.260
  9     126         0.208
  10    125         0.126

Detector: BL_W90_T1.4_D15
Best Detection: 108 mmHg (confidence: 0.660)
Top 10 readings:
  Rank  Pressure    Confidence  
  ------------------------------
  1     108         0.660
  2     105         0.580
  3     100         0.500
  4     95          0.420
  5     91          0.340
  6     129         0.260
  7     86          0.260
  8     125         0.126
  9     121         0.126
  10    82          0.126

Detector: BL_W90_T1.4_D20
Best Detection: 108 mmHg (confidence: 0.660)
Top 10 readings:
  Rank  Pressure    Confidence  
  ------------------------------
  1     108         0.660
  2     105         0.580
  3     100         0.500
  4     95          0.420
  5     91          0.340
  6     129         0.260
  7     86          0.260
  8     125         0.126
  9     121         0.126
  10    82          0.126

Detector: BL_W90_T1.4_D25
Best Detection: 108 mmHg (confidence: 0.660)
Top 10 readings:
  Rank  Pressure    Confidence  
  ------------------------------
  1     108         0.660
  2     105         0.580
  3     100         0.500
  4     95          0.420
  5     91          0.340
  6     129         0.260
  7     86          0.260
  8     125         0.126
  9     121         0.126
  10    82          0.126

Detector: BL_W90_T1.4_D30
Best Detection: 108 mmHg (confidence: 0.660)
Top 10 readings:
  Rank  Pressure    Confidence  
  ------------------------------
  1     108         0.660
  2     105         0.580
  3     100         0.500
  4     95          0.420
  5     91          0.340
  6     128         0.260
  7     86          0.260
  8     125         0.126
  9     121         0.126
  10    82          0.126

Detector: BL_W90_T1.4_D40
Best Detection: 108 mmHg (confidence: 0.660)
Top 10 readings:
  Rank  Pressure    Confidence  
  ------------------------------
  1     108         0.660
  2     105         0.580
  3     100         0.500
  4     95          0.420
  5     91          0.340
  6     86          0.260
  7     125         0.126
  8     121         0.126
  9     82          0.126
  10    78          0.050

Detector: BL_W90_T1.6_D2
Best Detection: 149 mmHg (confidence: 0.580)
Top 10 readings:
  Rank  Pressure    Confidence  
  ------------------------------
  1     149         0.580
  2     151         0.528
  3     143         0.500
  4     140         0.420
  5     135         0.340
  6     133         0.340
  7     105         0.340
  8     129         0.260
  9     100         0.260
  10    125         0.126

Detector: BL_W90_T1.6_D4
Best Detection: 135 mmHg (confidence: 0.340)
Top 10 readings:
  Rank  Pressure    Confidence  
  ------------------------------
  1     135         0.340
  2     105         0.340
  3     129         0.260
  4     100         0.260
  5     125         0.126
  6     121         0.126
  7     95          0.126
  8     90          0.050
  9     119         0.010
  10    116         0.010

Detector: BL_W90_T1.6_D6
Best Detection: 134 mmHg (confidence: 0.340)
Top 10 readings:
  Rank  Pressure    Confidence  
  ------------------------------
  1     134         0.340
  2     105         0.340
  3     129         0.260
  4     100         0.260
  5     125         0.126
  6     121         0.126
  7     95          0.126
  8     90          0.050
  9     171         0.010
  10    119         0.010

Detector: BL_W90_T1.6_D8
Best Detection: 134 mmHg (confidence: 0.340)
Top 10 readings:
  Rank  Pressure    Confidence  
  ------------------------------
  1     134         0.340
  2     105         0.340
  3     129         0.260
  4     100         0.260
  5     125         0.126
  6     121         0.126
  7     95          0.126
  8     90          0.050
  9     119         0.010
  10    116         0.010

Detector: BL_W90_T1.6_D10
Best Detection: 133 mmHg (confidence: 0.340)
Top 10 readings:
  Rank  Pressure    Confidence  
  ------------------------------
  1     133         0.340
  2     105         0.340
  3     129         0.260
  4     100         0.260
  5     126         0.208
  6     125         0.126
  7     121         0.126
  8     95          0.126
  9     90          0.050
  10    119         0.010

Detector: BL_W90_T1.6_D15
Best Detection: 105 mmHg (confidence: 0.340)
Top 10 readings:
  Rank  Pressure    Confidence  
  ------------------------------
  1     105         0.340
  2     129         0.260
  3     100         0.260
  4     125         0.126
  5     121         0.126
  6     95          0.126
  7     90          0.050
  8     119         0.010
  9     116         0.010

Detector: BL_W90_T1.6_D20
Best Detection: 105 mmHg (confidence: 0.340)
Top 10 readings:
  Rank  Pressure    Confidence  
  ------------------------------
  1     105         0.340
  2     129         0.260
  3     100         0.260
  4     125         0.126
  5     121         0.126
  6     95          0.126
  7     90          0.050
  8     119         0.010
  9     116         0.010

Detector: BL_W90_T1.6_D25
Best Detection: 105 mmHg (confidence: 0.340)
Top 10 readings:
  Rank  Pressure    Confidence  
  ------------------------------
  1     105         0.340
  2     129         0.260
  3     100         0.260
  4     125         0.126
  5     121         0.126
  6     95          0.126
  7     90          0.050
  8     119         0.010
  9     116         0.010

Detector: BL_W90_T1.6_D30
Best Detection: 105 mmHg (confidence: 0.340)
Top 10 readings:
  Rank  Pressure    Confidence  
  ------------------------------
  1     105         0.340
  2     128         0.260
  3     100         0.260
  4     125         0.126
  5     121         0.126
  6     95          0.126
  7     90          0.050
  8     119         0.010
  9     116         0.010

Detector: BL_W90_T1.6_D40
Best Detection: 105 mmHg (confidence: 0.340)
Top 10 readings:
  Rank  Pressure    Confidence  
  ------------------------------
  1     105         0.340
  2     100         0.260
  3     125         0.126
  4     121         0.126
  5     95          0.126
  6     90          0.050
  7     119         0.010
  8     116         0.010

Detector: BL_W90_T1.8_D2
Best Detection: 149 mmHg (confidence: 0.580)
Top 10 readings:
  Rank  Pressure    Confidence  
  ------------------------------
  1     149         0.580
  2     151         0.528
  3     143         0.500
  4     140         0.420
  5     135         0.340
  6     133         0.340
  7     105         0.340
  8     129         0.260
  9     100         0.260
  10    125         0.126

Detector: BL_W90_T1.8_D4
Best Detection: 135 mmHg (confidence: 0.340)
Top 10 readings:
  Rank  Pressure    Confidence  
  ------------------------------
  1     135         0.340
  2     105         0.340
  3     129         0.260
  4     100         0.260
  5     125         0.126
  6     121         0.126
  7     95          0.126
  8     90          0.050
  9     119         0.010
  10    116         0.010

Detector: BL_W90_T1.8_D6
Best Detection: 134 mmHg (confidence: 0.340)
Top 10 readings:
  Rank  Pressure    Confidence  
  ------------------------------
  1     134         0.340
  2     105         0.340
  3     129         0.260
  4     100         0.260
  5     125         0.126
  6     121         0.126
  7     95          0.126
  8     90          0.050
  9     171         0.010
  10    119         0.010

Detector: BL_W90_T1.8_D8
Best Detection: 134 mmHg (confidence: 0.340)
Top 10 readings:
  Rank  Pressure    Confidence  
  ------------------------------
  1     134         0.340
  2     105         0.340
  3     129         0.260
  4     100         0.260
  5     125         0.126
  6     121         0.126
  7     95          0.126
  8     90          0.050
  9     119         0.010
  10    116         0.010

Detector: BL_W90_T1.8_D10
Best Detection: 133 mmHg (confidence: 0.340)
Top 10 readings:
  Rank  Pressure    Confidence  
  ------------------------------
  1     133         0.340
  2     105         0.340
  3     129         0.260
  4     100         0.260
  5     126         0.208
  6     125         0.126
  7     121         0.126
  8     95          0.126
  9     90          0.050
  10    119         0.010

Detector: BL_W90_T1.8_D15
Best Detection: 105 mmHg (confidence: 0.340)
Top 10 readings:
  Rank  Pressure    Confidence  
  ------------------------------
  1     105         0.340
  2     129         0.260
  3     100         0.260
  4     125         0.126
  5     121         0.126
  6     95          0.126
  7     90          0.050
  8     119         0.010
  9     116         0.010

Detector: BL_W90_T1.8_D20
Best Detection: 105 mmHg (confidence: 0.340)
Top 10 readings:
  Rank  Pressure    Confidence  
  ------------------------------
  1     105         0.340
  2     129         0.260
  3     100         0.260
  4     125         0.126
  5     121         0.126
  6     95          0.126
  7     90          0.050
  8     119         0.010
  9     116         0.010

Detector: BL_W90_T1.8_D25
Best Detection: 105 mmHg (confidence: 0.340)
Top 10 readings:
  Rank  Pressure    Confidence  
  ------------------------------
  1     105         0.340
  2     129         0.260
  3     100         0.260
  4     125         0.126
  5     121         0.126
  6     95          0.126
  7     90          0.050
  8     119         0.010
  9     116         0.010

Detector: BL_W90_T1.8_D30
Best Detection: 105 mmHg (confidence: 0.340)
Top 10 readings:
  Rank  Pressure    Confidence  
  ------------------------------
  1     105         0.340
  2     128         0.260
  3     100         0.260
  4     125         0.126
  5     121         0.126
  6     95          0.126
  7     90          0.050
  8     119         0.010
  9     116         0.010

Detector: BL_W90_T1.8_D40
Best Detection: 105 mmHg (confidence: 0.340)
Top 10 readings:
  Rank  Pressure    Confidence  
  ------------------------------
  1     105         0.340
  2     100         0.260
  3     125         0.126
  4     121         0.126
  5     95          0.126
  6     90          0.050
  7     119         0.010
  8     116         0.010

Detector: BL_W90_T2.0_D2
Best Detection: 149 mmHg (confidence: 0.580)
Top 10 readings:
  Rank  Pressure    Confidence  
  ------------------------------
  1     149         0.580
  2     151         0.528
  3     143         0.500
  4     140         0.420
  5     135         0.340
  6     133         0.340
  7     129         0.260
  8     104         0.260
  9     125         0.126
  10    121         0.126

Detector: BL_W90_T2.0_D4
Best Detection: 135 mmHg (confidence: 0.340)
Top 10 readings:
  Rank  Pressure    Confidence  
  ------------------------------
  1     135         0.340
  2     129         0.260
  3     104         0.260
  4     125         0.126
  5     121         0.126
  6     99          0.126
  7     95          0.050
  8     119         0.010
  9     116         0.010

Detector: BL_W90_T2.0_D6
Best Detection: 134 mmHg (confidence: 0.340)
Top 10 readings:
  Rank  Pressure    Confidence  
  ------------------------------
  1     134         0.340
  2     129         0.260
  3     104         0.260
  4     125         0.126
  5     121         0.126
  6     99          0.126
  7     95          0.050
  8     171         0.010
  9     119         0.010
  10    116         0.010

Detector: BL_W90_T2.0_D8
Best Detection: 134 mmHg (confidence: 0.340)
Top 10 readings:
  Rank  Pressure    Confidence  
  ------------------------------
  1     134         0.340
  2     129         0.260
  3     104         0.260
  4     125         0.126
  5     121         0.126
  6     99          0.126
  7     95          0.050
  8     119         0.010
  9     116         0.010

Detector: BL_W90_T2.0_D10
Best Detection: 133 mmHg (confidence: 0.340)
Top 10 readings:
  Rank  Pressure    Confidence  
  ------------------------------
  1     133         0.340
  2     129         0.260
  3     104         0.260
  4     126         0.208
  5     125         0.126
  6     121         0.126
  7     99          0.126
  8     95          0.050
  9     119         0.010
  10    116         0.010

Detector: BL_W90_T2.0_D15
Best Detection: 129 mmHg (confidence: 0.260)
Top 10 readings:
  Rank  Pressure    Confidence  
  ------------------------------
  1     129         0.260
  2     104         0.260
  3     125         0.126
  4     121         0.126
  5     99          0.126
  6     95          0.050
  7     119         0.010
  8     116         0.010

Detector: BL_W90_T2.0_D20
Best Detection: 129 mmHg (confidence: 0.260)
Top 10 readings:
  Rank  Pressure    Confidence  
  ------------------------------
  1     129         0.260
  2     104         0.260
  3     125         0.126
  4     121         0.126
  5     99          0.126
  6     95          0.050
  7     119         0.010
  8     116         0.010

Detector: BL_W90_T2.0_D25
Best Detection: 129 mmHg (confidence: 0.260)
Top 10 readings:
  Rank  Pressure    Confidence  
  ------------------------------
  1     129         0.260
  2     104         0.260
  3     125         0.126
  4     121         0.126
  5     99          0.126
  6     95          0.050
  7     119         0.010
  8     116         0.010

Detector: BL_W90_T2.0_D30
Best Detection: 128 mmHg (confidence: 0.260)
Top 10 readings:
  Rank  Pressure    Confidence  
  ------------------------------
  1     128         0.260
  2     104         0.260
  3     125         0.126
  4     121         0.126
  5     99          0.126
  6     95          0.050
  7     119         0.010
  8     116         0.010

Detector: BL_W90_T2.0_D40
Best Detection: 104 mmHg (confidence: 0.260)
Top 10 readings:
  Rank  Pressure    Confidence  
  ------------------------------
  1     104         0.260
  2     125         0.126
  3     121         0.126
  4     99          0.126
  5     95          0.050
  6     119         0.010
  7     116         0.010

Detector: BL_W90_T2.2_D2
Best Detection: 149 mmHg (confidence: 0.580)
Top 10 readings:
  Rank  Pressure    Confidence  
  ------------------------------
  1     149         0.580
  2     151         0.528
  3     143         0.500
  4     140         0.420
  5     135         0.340
  6     129         0.260
  7     104         0.260
  8     125         0.126
  9     121         0.126
  10    99          0.126

Detector: BL_W90_T2.2_D4
Best Detection: 135 mmHg (confidence: 0.340)
Top 10 readings:
  Rank  Pressure    Confidence  
  ------------------------------
  1     135         0.340
  2     129         0.260
  3     104         0.260
  4     125         0.126
  5     121         0.126
  6     99          0.126
  7     94          0.050
  8     119         0.010
  9     116         0.010

Detector: BL_W90_T2.2_D6
Best Detection: 134 mmHg (confidence: 0.340)
Top 10 readings:
  Rank  Pressure    Confidence  
  ------------------------------
  1     134         0.340
  2     129         0.260
  3     104         0.260
  4     125         0.126
  5     121         0.126
  6     99          0.126
  7     94          0.050
  8     171         0.010
  9     119         0.010
  10    116         0.010

Detector: BL_W90_T2.2_D8
Best Detection: 134 mmHg (confidence: 0.340)
Top 10 readings:
  Rank  Pressure    Confidence  
  ------------------------------
  1     134         0.340
  2     129         0.260
  3     104         0.260
  4     125         0.126
  5     121         0.126
  6     99          0.126
  7     94          0.050
  8     119         0.010
  9     116         0.010

Detector: BL_W90_T2.2_D10
Best Detection: 133 mmHg (confidence: 0.340)
Top 10 readings:
  Rank  Pressure    Confidence  
  ------------------------------
  1     133         0.340
  2     129         0.260
  3     104         0.260
  4     126         0.208
  5     125         0.126
  6     121         0.126
  7     99          0.126
  8     94          0.050
  9     119         0.010
  10    116         0.010

Detector: BL_W90_T2.2_D15
Best Detection: 129 mmHg (confidence: 0.260)
Top 10 readings:
  Rank  Pressure    Confidence  
  ------------------------------
  1     129         0.260
  2     104         0.260
  3     125         0.126
  4     121         0.126
  5     99          0.126
  6     94          0.050
  7     119         0.010
  8     116         0.010

Detector: BL_W90_T2.2_D20
Best Detection: 129 mmHg (confidence: 0.260)
Top 10 readings:
  Rank  Pressure    Confidence  
  ------------------------------
  1     129         0.260
  2     104         0.260
  3     125         0.126
  4     121         0.126
  5     99          0.126
  6     94          0.050
  7     119         0.010
  8     116         0.010

Detector: BL_W90_T2.2_D25
Best Detection: 129 mmHg (confidence: 0.260)
Top 10 readings:
  Rank  Pressure    Confidence  
  ------------------------------
  1     129         0.260
  2     104         0.260
  3     125         0.126
  4     121         0.126
  5     99          0.126
  6     94          0.050
  7     119         0.010
  8     116         0.010

Detector: BL_W90_T2.2_D30
Best Detection: 128 mmHg (confidence: 0.260)
Top 10 readings:
  Rank  Pressure    Confidence  
  ------------------------------
  1     128         0.260
  2     104         0.260
  3     125         0.126
  4     121         0.126
  5     99          0.126
  6     94          0.050
  7     119         0.010
  8     116         0.010

Detector: BL_W90_T2.2_D40
Best Detection: 104 mmHg (confidence: 0.260)
Top 10 readings:
  Rank  Pressure    Confidence  
  ------------------------------
  1     104         0.260
  2     125         0.126
  3     121         0.126
  4     99          0.126
  5     94          0.050
  6     119         0.010
  7     116         0.010

Detector: BL_W90_T2.4_D2
Best Detection: 149 mmHg (confidence: 0.580)
Top 10 readings:
  Rank  Pressure    Confidence  
  ------------------------------
  1     149         0.580
  2     151         0.528
  3     143         0.500
  4     140         0.420
  5     135         0.340
  6     129         0.260
  7     125         0.126
  8     121         0.126
  9     99          0.126
  10    94          0.050

Detector: BL_W90_T2.4_D4
Best Detection: 135 mmHg (confidence: 0.340)
Top 10 readings:
  Rank  Pressure    Confidence  
  ------------------------------
  1     135         0.340
  2     129         0.260
  3     125         0.126
  4     121         0.126
  5     99          0.126
  6     94          0.050
  7     119         0.010
  8     116         0.010

Detector: BL_W90_T2.4_D6
Best Detection: 134 mmHg (confidence: 0.340)
Top 10 readings:
  Rank  Pressure    Confidence  
  ------------------------------
  1     134         0.340
  2     129         0.260
  3     125         0.126
  4     121         0.126
  5     99          0.126
  6     94          0.050
  7     171         0.010
  8     119         0.010
  9     116         0.010

Detector: BL_W90_T2.4_D8
Best Detection: 134 mmHg (confidence: 0.340)
Top 10 readings:
  Rank  Pressure    Confidence  
  ------------------------------
  1     134         0.340
  2     129         0.260
  3     125         0.126
  4     121         0.126
  5     99          0.126
  6     94          0.050
  7     119         0.010
  8     116         0.010

Detector: BL_W90_T2.4_D10
Best Detection: 133 mmHg (confidence: 0.340)
Top 10 readings:
  Rank  Pressure    Confidence  
  ------------------------------
  1     133         0.340
  2     129         0.260
  3     126         0.208
  4     125         0.126
  5     121         0.126
  6     99          0.126
  7     94          0.050
  8     119         0.010
  9     116         0.010

Detector: BL_W90_T2.4_D15
Best Detection: 129 mmHg (confidence: 0.260)
Top 10 readings:
  Rank  Pressure    Confidence  
  ------------------------------
  1     129         0.260
  2     125         0.126
  3     121         0.126
  4     99          0.126
  5     94          0.050
  6     119         0.010
  7     116         0.010

Detector: BL_W90_T2.4_D20
Best Detection: 129 mmHg (confidence: 0.260)
Top 10 readings:
  Rank  Pressure    Confidence  
  ------------------------------
  1     129         0.260
  2     125         0.126
  3     121         0.126
  4     99          0.126
  5     94          0.050
  6     119         0.010
  7     116         0.010

Detector: BL_W90_T2.4_D25
Best Detection: 129 mmHg (confidence: 0.260)
Top 10 readings:
  Rank  Pressure    Confidence  
  ------------------------------
  1     129         0.260
  2     125         0.126
  3     121         0.126
  4     99          0.126
  5     94          0.050
  6     119         0.010
  7     116         0.010

Detector: BL_W90_T2.4_D30
Best Detection: 128 mmHg (confidence: 0.260)
Top 10 readings:
  Rank  Pressure    Confidence  
  ------------------------------
  1     128         0.260
  2     125         0.126
  3     121         0.126
  4     99          0.126
  5     94          0.050
  6     119         0.010
  7     116         0.010

Detector: BL_W90_T2.4_D40
Best Detection: 125 mmHg (confidence: 0.126)
Top 10 readings:
  Rank  Pressure    Confidence  
  ------------------------------
  1     125         0.126
  2     121         0.126
  3     99          0.126
  4     94          0.050
  5     119         0.010
  6     116         0.010

Detector: BL_W90_T2.6_D2
Best Detection: 149 mmHg (confidence: 0.580)
Top 10 readings:
  Rank  Pressure    Confidence  
  ------------------------------
  1     149         0.580
  2     151         0.528
  3     143         0.500
  4     140         0.420
  5     135         0.340
  6     129         0.260
  7     125         0.126
  8     121         0.126
  9     119         0.050

Detector: BL_W90_T2.6_D4
Best Detection: 135 mmHg (confidence: 0.340)
Top 10 readings:
  Rank  Pressure    Confidence  
  ------------------------------
  1     135         0.340
  2     129         0.260
  3     125         0.126
  4     121         0.126
  5     119         0.050

Detector: BL_W90_T2.6_D6
Best Detection: 134 mmHg (confidence: 0.340)
Top 10 readings:
  Rank  Pressure    Confidence  
  ------------------------------
  1     134         0.340
  2     129         0.260
  3     125         0.126
  4     121         0.126
  5     119         0.050
  6     171         0.010

Detector: BL_W90_T2.6_D8
Best Detection: 134 mmHg (confidence: 0.340)
Top 10 readings:
  Rank  Pressure    Confidence  
  ------------------------------
  1     134         0.340
  2     129         0.260
  3     125         0.126
  4     121         0.126
  5     119         0.050

Detector: BL_W90_T2.6_D10
Best Detection: 133 mmHg (confidence: 0.340)
Top 10 readings:
  Rank  Pressure    Confidence  
  ------------------------------
  1     133         0.340
  2     129         0.260
  3     126         0.208
  4     125         0.126
  5     121         0.126
  6     119         0.050

Detector: BL_W90_T2.6_D15
Best Detection: 129 mmHg (confidence: 0.260)
Top 10 readings:
  Rank  Pressure    Confidence  
  ------------------------------
  1     129         0.260
  2     125         0.126
  3     121         0.126
  4     119         0.050

Detector: BL_W90_T2.6_D20
Best Detection: 129 mmHg (confidence: 0.260)
Top 10 readings:
  Rank  Pressure    Confidence  
  ------------------------------
  1     129         0.260
  2     125         0.126
  3     121         0.126
  4     119         0.050

Detector: BL_W90_T2.6_D25
Best Detection: 129 mmHg (confidence: 0.260)
Top 10 readings:
  Rank  Pressure    Confidence  
  ------------------------------
  1     129         0.260
  2     125         0.126
  3     121         0.126
  4     119         0.050

Detector: BL_W90_T2.6_D30
Best Detection: 128 mmHg (confidence: 0.260)
Top 10 readings:
  Rank  Pressure    Confidence  
  ------------------------------
  1     128         0.260
  2     125         0.126
  3     121         0.126
  4     119         0.050

Detector: BL_W90_T2.6_D40
Best Detection: 125 mmHg (confidence: 0.126)
Top 10 readings:
  Rank  Pressure    Confidence  
  ------------------------------
  1     125         0.126
  2     121         0.126
  3     119         0.050

Detector: BL_W90_T2.8_D2
Best Detection: 149 mmHg (confidence: 0.580)
Top 10 readings:
  Rank  Pressure    Confidence  
  ------------------------------
  1     149         0.580
  2     151         0.528
  3     143         0.500
  4     140         0.420
  5     135         0.340
  6     129         0.260
  7     125         0.126
  8     121         0.126
  9     119         0.050

Detector: BL_W90_T2.8_D4
Best Detection: 135 mmHg (confidence: 0.340)
Top 10 readings:
  Rank  Pressure    Confidence  
  ------------------------------
  1     135         0.340
  2     129         0.260
  3     125         0.126
  4     121         0.126
  5     119         0.050

Detector: BL_W90_T2.8_D6
Best Detection: 134 mmHg (confidence: 0.340)
Top 10 readings:
  Rank  Pressure    Confidence  
  ------------------------------
  1     134         0.340
  2     129         0.260
  3     125         0.126
  4     121         0.126
  5     119         0.050
  6     171         0.010

Detector: BL_W90_T2.8_D8
Best Detection: 134 mmHg (confidence: 0.340)
Top 10 readings:
  Rank  Pressure    Confidence  
  ------------------------------
  1     134         0.340
  2     129         0.260
  3     125         0.126
  4     121         0.126
  5     119         0.050

Detector: BL_W90_T2.8_D10
Best Detection: 133 mmHg (confidence: 0.340)
Top 10 readings:
  Rank  Pressure    Confidence  
  ------------------------------
  1     133         0.340
  2     129         0.260
  3     126         0.208
  4     125         0.126
  5     121         0.126
  6     119         0.050

Detector: BL_W90_T2.8_D15
Best Detection: 129 mmHg (confidence: 0.260)
Top 10 readings:
  Rank  Pressure    Confidence  
  ------------------------------
  1     129         0.260
  2     125         0.126
  3     121         0.126
  4     119         0.050

Detector: BL_W90_T2.8_D20
Best Detection: 129 mmHg (confidence: 0.260)
Top 10 readings:
  Rank  Pressure    Confidence  
  ------------------------------
  1     129         0.260
  2     125         0.126
  3     121         0.126
  4     119         0.050

Detector: BL_W90_T2.8_D25
Best Detection: 129 mmHg (confidence: 0.260)
Top 10 readings:
  Rank  Pressure    Confidence  
  ------------------------------
  1     129         0.260
  2     125         0.126
  3     121         0.126
  4     119         0.050

Detector: BL_W90_T2.8_D30
Best Detection: 128 mmHg (confidence: 0.260)
Top 10 readings:
  Rank  Pressure    Confidence  
  ------------------------------
  1     128         0.260
  2     125         0.126
  3     121         0.126
  4     119         0.050

Detector: BL_W90_T2.8_D40
Best Detection: 125 mmHg (confidence: 0.126)
Top 10 readings:
  Rank  Pressure    Confidence  
  ------------------------------
  1     125         0.126
  2     121         0.126
  3     119         0.050

Detector: BL_W90_T3.0_D2
Best Detection: 151 mmHg (confidence: 0.528)
Top 10 readings:
  Rank  Pressure    Confidence  
  ------------------------------
  1     151         0.528
  2     143         0.500
  3     149         0.464
  4     140         0.420
  5     135         0.340
  6     129         0.260
  7     125         0.126
  8     121         0.126
  9     119         0.050

Detector: BL_W90_T3.0_D4
Best Detection: 135 mmHg (confidence: 0.340)
Top 10 readings:
  Rank  Pressure    Confidence  
  ------------------------------
  1     135         0.340
  2     129         0.260
  3     125         0.126
  4     121         0.126
  5     119         0.050

Detector: BL_W90_T3.0_D6
Best Detection: 134 mmHg (confidence: 0.340)
Top 10 readings:
  Rank  Pressure    Confidence  
  ------------------------------
  1     134         0.340
  2     129         0.260
  3     125         0.126
  4     121         0.126
  5     119         0.050
  6     171         0.010

Detector: BL_W90_T3.0_D8
Best Detection: 134 mmHg (confidence: 0.340)
Top 10 readings:
  Rank  Pressure    Confidence  
  ------------------------------
  1     134         0.340
  2     129         0.260
  3     125         0.126
  4     121         0.126
  5     119         0.050

Detector: BL_W90_T3.0_D10
Best Detection: 133 mmHg (confidence: 0.340)
Top 10 readings:
  Rank  Pressure    Confidence  
  ------------------------------
  1     133         0.340
  2     129         0.260
  3     126         0.130
  4     125         0.126
  5     121         0.126
  6     119         0.050

Detector: BL_W90_T3.0_D15
Best Detection: 129 mmHg (confidence: 0.260)
Top 10 readings:
  Rank  Pressure    Confidence  
  ------------------------------
  1     129         0.260
  2     125         0.126
  3     121         0.126
  4     119         0.050

Detector: BL_W90_T3.0_D20
Best Detection: 129 mmHg (confidence: 0.260)
Top 10 readings:
  Rank  Pressure    Confidence  
  ------------------------------
  1     129         0.260
  2     125         0.126
  3     121         0.126
  4     119         0.050

Detector: BL_W90_T3.0_D25
Best Detection: 129 mmHg (confidence: 0.260)
Top 10 readings:
  Rank  Pressure    Confidence  
  ------------------------------
  1     129         0.260
  2     125         0.126
  3     121         0.126
  4     119         0.050

Detector: BL_W90_T3.0_D30
Best Detection: 128 mmHg (confidence: 0.260)
Top 10 readings:
  Rank  Pressure    Confidence  
  ------------------------------
  1     128         0.260
  2     125         0.126
  3     121         0.126
  4     119         0.050

Detector: BL_W90_T3.0_D40
Best Detection: 125 mmHg (confidence: 0.126)
Top 10 readings:
  Rank  Pressure    Confidence  
  ------------------------------
  1     125         0.126
  2     121         0.126
  3     119         0.050

Detector: BL_W100_T1.2_D2
Best Detection: 109 mmHg (confidence: 0.660)
Top 10 readings:
  Rank  Pressure    Confidence  
  ------------------------------
  1     109         0.660
  2     149         0.580
  3     105         0.580
  4     151         0.528
  5     143         0.500
  6     100         0.500
  7     140         0.420
  8     95          0.420
  9     135         0.340
  10    133         0.340

Detector: BL_W100_T1.2_D4
Best Detection: 109 mmHg (confidence: 0.660)
Top 10 readings:
  Rank  Pressure    Confidence  
  ------------------------------
  1     109         0.660
  2     105         0.580
  3     100         0.500
  4     95          0.420
  5     135         0.340
  6     91          0.340
  7     129         0.260
  8     86          0.260
  9     126         0.208
  10    125         0.126

Detector: BL_W100_T1.2_D6
Best Detection: 109 mmHg (confidence: 0.660)
Top 10 readings:
  Rank  Pressure    Confidence  
  ------------------------------
  1     109         0.660
  2     105         0.580
  3     100         0.500
  4     95          0.420
  5     134         0.340
  6     91          0.340
  7     129         0.260
  8     86          0.260
  9     126         0.208
  10    125         0.126

Detector: BL_W100_T1.2_D8
Best Detection: 109 mmHg (confidence: 0.660)
Top 10 readings:
  Rank  Pressure    Confidence  
  ------------------------------
  1     109         0.660
  2     105         0.580
  3     100         0.500
  4     95          0.420
  5     134         0.340
  6     91          0.340
  7     129         0.260
  8     86          0.260
  9     126         0.208
  10    125         0.126

Detector: BL_W100_T1.2_D10
Best Detection: 109 mmHg (confidence: 0.660)
Top 10 readings:
  Rank  Pressure    Confidence  
  ------------------------------
  1     109         0.660
  2     105         0.580
  3     100         0.500
  4     95          0.420
  5     133         0.340
  6     91          0.340
  7     129         0.260
  8     86          0.260
  9     126         0.208
  10    125         0.126

Detector: BL_W100_T1.2_D15
Best Detection: 109 mmHg (confidence: 0.660)
Top 10 readings:
  Rank  Pressure    Confidence  
  ------------------------------
  1     109         0.660
  2     105         0.580
  3     100         0.500
  4     95          0.420
  5     91          0.340
  6     129         0.260
  7     86          0.260
  8     125         0.126
  9     121         0.126
  10    82          0.126

Detector: BL_W100_T1.2_D20
Best Detection: 109 mmHg (confidence: 0.660)
Top 10 readings:
  Rank  Pressure    Confidence  
  ------------------------------
  1     109         0.660
  2     105         0.580
  3     100         0.500
  4     95          0.420
  5     91          0.340
  6     129         0.260
  7     86          0.260
  8     125         0.126
  9     121         0.126
  10    82          0.126

Detector: BL_W100_T1.2_D25
Best Detection: 109 mmHg (confidence: 0.660)
Top 10 readings:
  Rank  Pressure    Confidence  
  ------------------------------
  1     109         0.660
  2     105         0.580
  3     100         0.500
  4     95          0.420
  5     91          0.340
  6     129         0.260
  7     86          0.260
  8     125         0.126
  9     121         0.126
  10    82          0.126

Detector: BL_W100_T1.2_D30
Best Detection: 109 mmHg (confidence: 0.660)
Top 10 readings:
  Rank  Pressure    Confidence  
  ------------------------------
  1     109         0.660
  2     105         0.580
  3     100         0.500
  4     95          0.420
  5     91          0.340
  6     128         0.260
  7     86          0.260
  8     125         0.126
  9     121         0.126
  10    82          0.126

Detector: BL_W100_T1.2_D40
Best Detection: 109 mmHg (confidence: 0.660)
Top 10 readings:
  Rank  Pressure    Confidence  
  ------------------------------
  1     109         0.660
  2     105         0.580
  3     100         0.500
  4     95          0.420
  5     91          0.340
  6     86          0.260
  7     125         0.126
  8     121         0.126
  9     82          0.126
  10    78          0.050

Detector: BL_W100_T1.4_D2
Best Detection: 108 mmHg (confidence: 0.660)
Top 10 readings:
  Rank  Pressure    Confidence  
  ------------------------------
  1     108         0.660
  2     149         0.580
  3     105         0.580
  4     151         0.528
  5     143         0.500
  6     100         0.500
  7     140         0.420
  8     95          0.420
  9     135         0.340
  10    133         0.340

Detector: BL_W100_T1.4_D4
Best Detection: 108 mmHg (confidence: 0.660)
Top 10 readings:
  Rank  Pressure    Confidence  
  ------------------------------
  1     108         0.660
  2     105         0.580
  3     100         0.500
  4     95          0.420
  5     135         0.340
  6     91          0.340
  7     129         0.260
  8     86          0.260
  9     126         0.208
  10    125         0.126

Detector: BL_W100_T1.4_D6
Best Detection: 108 mmHg (confidence: 0.660)
Top 10 readings:
  Rank  Pressure    Confidence  
  ------------------------------
  1     108         0.660
  2     105         0.580
  3     100         0.500
  4     95          0.420
  5     134         0.340
  6     91          0.340
  7     129         0.260
  8     86          0.260
  9     126         0.208
  10    125         0.126

Detector: BL_W100_T1.4_D8
Best Detection: 108 mmHg (confidence: 0.660)
Top 10 readings:
  Rank  Pressure    Confidence  
  ------------------------------
  1     108         0.660
  2     105         0.580
  3     100         0.500
  4     95          0.420
  5     134         0.340
  6     91          0.340
  7     129         0.260
  8     86          0.260
  9     126         0.208
  10    125         0.126

Detector: BL_W100_T1.4_D10
Best Detection: 108 mmHg (confidence: 0.660)
Top 10 readings:
  Rank  Pressure    Confidence  
  ------------------------------
  1     108         0.660
  2     105         0.580
  3     100         0.500
  4     95          0.420
  5     133         0.340
  6     91          0.340
  7     129         0.260
  8     86          0.260
  9     126         0.208
  10    125         0.126

Detector: BL_W100_T1.4_D15
Best Detection: 108 mmHg (confidence: 0.660)
Top 10 readings:
  Rank  Pressure    Confidence  
  ------------------------------
  1     108         0.660
  2     105         0.580
  3     100         0.500
  4     95          0.420
  5     91          0.340
  6     129         0.260
  7     86          0.260
  8     125         0.126
  9     121         0.126
  10    82          0.126

Detector: BL_W100_T1.4_D20
Best Detection: 108 mmHg (confidence: 0.660)
Top 10 readings:
  Rank  Pressure    Confidence  
  ------------------------------
  1     108         0.660
  2     105         0.580
  3     100         0.500
  4     95          0.420
  5     91          0.340
  6     129         0.260
  7     86          0.260
  8     125         0.126
  9     121         0.126
  10    82          0.126

Detector: BL_W100_T1.4_D25
Best Detection: 108 mmHg (confidence: 0.660)
Top 10 readings:
  Rank  Pressure    Confidence  
  ------------------------------
  1     108         0.660
  2     105         0.580
  3     100         0.500
  4     95          0.420
  5     91          0.340
  6     129         0.260
  7     86          0.260
  8     125         0.126
  9     121         0.126
  10    82          0.126

Detector: BL_W100_T1.4_D30
Best Detection: 108 mmHg (confidence: 0.660)
Top 10 readings:
  Rank  Pressure    Confidence  
  ------------------------------
  1     108         0.660
  2     105         0.580
  3     100         0.500
  4     95          0.420
  5     91          0.340
  6     128         0.260
  7     86          0.260
  8     125         0.126
  9     121         0.126
  10    82          0.126

Detector: BL_W100_T1.4_D40
Best Detection: 108 mmHg (confidence: 0.660)
Top 10 readings:
  Rank  Pressure    Confidence  
  ------------------------------
  1     108         0.660
  2     105         0.580
  3     100         0.500
  4     95          0.420
  5     91          0.340
  6     86          0.260
  7     125         0.126
  8     121         0.126
  9     82          0.126
  10    78          0.050

Detector: BL_W100_T1.6_D2
Best Detection: 149 mmHg (confidence: 0.580)
Top 10 readings:
  Rank  Pressure    Confidence  
  ------------------------------
  1     149         0.580
  2     151         0.528
  3     143         0.500
  4     140         0.420
  5     135         0.340
  6     133         0.340
  7     105         0.340
  8     129         0.260
  9     100         0.260
  10    125         0.126

Detector: BL_W100_T1.6_D4
Best Detection: 135 mmHg (confidence: 0.340)
Top 10 readings:
  Rank  Pressure    Confidence  
  ------------------------------
  1     135         0.340
  2     105         0.340
  3     129         0.260
  4     100         0.260
  5     125         0.126
  6     121         0.126
  7     95          0.126
  8     91          0.050
  9     120         0.010
  10    116         0.010

Detector: BL_W100_T1.6_D6
Best Detection: 134 mmHg (confidence: 0.340)
Top 10 readings:
  Rank  Pressure    Confidence  
  ------------------------------
  1     134         0.340
  2     105         0.340
  3     129         0.260
  4     100         0.260
  5     125         0.126
  6     121         0.126
  7     95          0.126
  8     91          0.050
  9     171         0.010
  10    120         0.010

Detector: BL_W100_T1.6_D8
Best Detection: 134 mmHg (confidence: 0.340)
Top 10 readings:
  Rank  Pressure    Confidence  
  ------------------------------
  1     134         0.340
  2     105         0.340
  3     129         0.260
  4     100         0.260
  5     125         0.126
  6     121         0.126
  7     95          0.126
  8     91          0.050
  9     120         0.010
  10    116         0.010

Detector: BL_W100_T1.6_D10
Best Detection: 133 mmHg (confidence: 0.340)
Top 10 readings:
  Rank  Pressure    Confidence  
  ------------------------------
  1     133         0.340
  2     105         0.340
  3     129         0.260
  4     100         0.260
  5     126         0.208
  6     125         0.126
  7     121         0.126
  8     95          0.126
  9     91          0.050
  10    120         0.010

Detector: BL_W100_T1.6_D15
Best Detection: 105 mmHg (confidence: 0.340)
Top 10 readings:
  Rank  Pressure    Confidence  
  ------------------------------
  1     105         0.340
  2     129         0.260
  3     100         0.260
  4     125         0.126
  5     121         0.126
  6     95          0.126
  7     91          0.050
  8     120         0.010
  9     116         0.010

Detector: BL_W100_T1.6_D20
Best Detection: 105 mmHg (confidence: 0.340)
Top 10 readings:
  Rank  Pressure    Confidence  
  ------------------------------
  1     105         0.340
  2     129         0.260
  3     100         0.260
  4     125         0.126
  5     121         0.126
  6     95          0.126
  7     91          0.050
  8     120         0.010
  9     116         0.010

Detector: BL_W100_T1.6_D25
Best Detection: 105 mmHg (confidence: 0.340)
Top 10 readings:
  Rank  Pressure    Confidence  
  ------------------------------
  1     105         0.340
  2     129         0.260
  3     100         0.260
  4     125         0.126
  5     121         0.126
  6     95          0.126
  7     91          0.050
  8     120         0.010
  9     116         0.010

Detector: BL_W100_T1.6_D30
Best Detection: 105 mmHg (confidence: 0.340)
Top 10 readings:
  Rank  Pressure    Confidence  
  ------------------------------
  1     105         0.340
  2     128         0.260
  3     100         0.260
  4     125         0.126
  5     121         0.126
  6     95          0.126
  7     91          0.050
  8     120         0.010
  9     116         0.010

Detector: BL_W100_T1.6_D40
Best Detection: 105 mmHg (confidence: 0.340)
Top 10 readings:
  Rank  Pressure    Confidence  
  ------------------------------
  1     105         0.340
  2     100         0.260
  3     125         0.126
  4     121         0.126
  5     95          0.126
  6     91          0.050
  7     120         0.010
  8     116         0.010

Detector: BL_W100_T1.8_D2
Best Detection: 149 mmHg (confidence: 0.580)
Top 10 readings:
  Rank  Pressure    Confidence  
  ------------------------------
  1     149         0.580
  2     151         0.528
  3     143         0.500
  4     140         0.420
  5     135         0.340
  6     105         0.340
  7     129         0.260
  8     100         0.260
  9     125         0.126
  10    121         0.126

Detector: BL_W100_T1.8_D4
Best Detection: 135 mmHg (confidence: 0.340)
Top 10 readings:
  Rank  Pressure    Confidence  
  ------------------------------
  1     135         0.340
  2     105         0.340
  3     129         0.260
  4     100         0.260
  5     125         0.126
  6     121         0.126
  7     95          0.126
  8     90          0.050
  9     119         0.010
  10    116         0.010

Detector: BL_W100_T1.8_D6
Best Detection: 134 mmHg (confidence: 0.340)
Top 10 readings:
  Rank  Pressure    Confidence  
  ------------------------------
  1     134         0.340
  2     105         0.340
  3     129         0.260
  4     100         0.260
  5     125         0.126
  6     121         0.126
  7     95          0.126
  8     90          0.050
  9     171         0.010
  10    119         0.010

Detector: BL_W100_T1.8_D8
Best Detection: 134 mmHg (confidence: 0.340)
Top 10 readings:
  Rank  Pressure    Confidence  
  ------------------------------
  1     134         0.340
  2     105         0.340
  3     129         0.260
  4     100         0.260
  5     125         0.126
  6     121         0.126
  7     95          0.126
  8     90          0.050
  9     119         0.010
  10    116         0.010

Detector: BL_W100_T1.8_D10
Best Detection: 133 mmHg (confidence: 0.340)
Top 10 readings:
  Rank  Pressure    Confidence  
  ------------------------------
  1     133         0.340
  2     105         0.340
  3     129         0.260
  4     100         0.260
  5     126         0.208
  6     125         0.126
  7     121         0.126
  8     95          0.126
  9     90          0.050
  10    119         0.010

Detector: BL_W100_T1.8_D15
Best Detection: 105 mmHg (confidence: 0.340)
Top 10 readings:
  Rank  Pressure    Confidence  
  ------------------------------
  1     105         0.340
  2     129         0.260
  3     100         0.260
  4     125         0.126
  5     121         0.126
  6     95          0.126
  7     90          0.050
  8     119         0.010
  9     116         0.010

Detector: BL_W100_T1.8_D20
Best Detection: 105 mmHg (confidence: 0.340)
Top 10 readings:
  Rank  Pressure    Confidence  
  ------------------------------
  1     105         0.340
  2     129         0.260
  3     100         0.260
  4     125         0.126
  5     121         0.126
  6     95          0.126
  7     90          0.050
  8     119         0.010
  9     116         0.010

Detector: BL_W100_T1.8_D25
Best Detection: 105 mmHg (confidence: 0.340)
Top 10 readings:
  Rank  Pressure    Confidence  
  ------------------------------
  1     105         0.340
  2     129         0.260
  3     100         0.260
  4     125         0.126
  5     121         0.126
  6     95          0.126
  7     90          0.050
  8     119         0.010
  9     116         0.010

Detector: BL_W100_T1.8_D30
Best Detection: 105 mmHg (confidence: 0.340)
Top 10 readings:
  Rank  Pressure    Confidence  
  ------------------------------
  1     105         0.340
  2     128         0.260
  3     100         0.260
  4     125         0.126
  5     121         0.126
  6     95          0.126
  7     90          0.050
  8     119         0.010
  9     116         0.010

Detector: BL_W100_T1.8_D40
Best Detection: 105 mmHg (confidence: 0.340)
Top 10 readings:
  Rank  Pressure    Confidence  
  ------------------------------
  1     105         0.340
  2     100         0.260
  3     125         0.126
  4     121         0.126
  5     95          0.126
  6     90          0.050
  7     119         0.010
  8     116         0.010

Detector: BL_W100_T2.0_D2
Best Detection: 149 mmHg (confidence: 0.580)
Top 10 readings:
  Rank  Pressure    Confidence  
  ------------------------------
  1     149         0.580
  2     151         0.528
  3     143         0.500
  4     140         0.420
  5     135         0.340
  6     104         0.340
  7     129         0.260
  8     99          0.260
  9     125         0.126
  10    121         0.126

Detector: BL_W100_T2.0_D4
Best Detection: 135 mmHg (confidence: 0.340)
Top 10 readings:
  Rank  Pressure    Confidence  
  ------------------------------
  1     135         0.340
  2     104         0.340
  3     129         0.260
  4     99          0.260
  5     125         0.126
  6     121         0.126
  7     94          0.126
  8     90          0.050
  9     119         0.010
  10    116         0.010

Detector: BL_W100_T2.0_D6
Best Detection: 134 mmHg (confidence: 0.340)
Top 10 readings:
  Rank  Pressure    Confidence  
  ------------------------------
  1     134         0.340
  2     104         0.340
  3     129         0.260
  4     99          0.260
  5     125         0.126
  6     121         0.126
  7     94          0.126
  8     90          0.050
  9     171         0.010
  10    119         0.010

Detector: BL_W100_T2.0_D8
Best Detection: 134 mmHg (confidence: 0.340)
Top 10 readings:
  Rank  Pressure    Confidence  
  ------------------------------
  1     134         0.340
  2     104         0.340
  3     129         0.260
  4     99          0.260
  5     125         0.126
  6     121         0.126
  7     94          0.126
  8     90          0.050
  9     119         0.010
  10    116         0.010

Detector: BL_W100_T2.0_D10
Best Detection: 133 mmHg (confidence: 0.340)
Top 10 readings:
  Rank  Pressure    Confidence  
  ------------------------------
  1     133         0.340
  2     104         0.340
  3     129         0.260
  4     99          0.260
  5     126         0.208
  6     125         0.126
  7     121         0.126
  8     94          0.126
  9     90          0.050
  10    119         0.010

Detector: BL_W100_T2.0_D15
Best Detection: 104 mmHg (confidence: 0.340)
Top 10 readings:
  Rank  Pressure    Confidence  
  ------------------------------
  1     104         0.340
  2     129         0.260
  3     99          0.260
  4     125         0.126
  5     121         0.126
  6     94          0.126
  7     90          0.050
  8     119         0.010
  9     116         0.010

Detector: BL_W100_T2.0_D20
Best Detection: 104 mmHg (confidence: 0.340)
Top 10 readings:
  Rank  Pressure    Confidence  
  ------------------------------
  1     104         0.340
  2     129         0.260
  3     99          0.260
  4     125         0.126
  5     121         0.126
  6     94          0.126
  7     90          0.050
  8     119         0.010
  9     116         0.010

Detector: BL_W100_T2.0_D25
Best Detection: 104 mmHg (confidence: 0.340)
Top 10 readings:
  Rank  Pressure    Confidence  
  ------------------------------
  1     104         0.340
  2     129         0.260
  3     99          0.260
  4     125         0.126
  5     121         0.126
  6     94          0.126
  7     90          0.050
  8     119         0.010
  9     116         0.010

Detector: BL_W100_T2.0_D30
Best Detection: 104 mmHg (confidence: 0.340)
Top 10 readings:
  Rank  Pressure    Confidence  
  ------------------------------
  1     104         0.340
  2     128         0.260
  3     99          0.260
  4     125         0.126
  5     121         0.126
  6     94          0.126
  7     90          0.050
  8     119         0.010
  9     116         0.010

Detector: BL_W100_T2.0_D40
Best Detection: 104 mmHg (confidence: 0.340)
Top 10 readings:
  Rank  Pressure    Confidence  
  ------------------------------
  1     104         0.340
  2     99          0.260
  3     125         0.126
  4     121         0.126
  5     94          0.126
  6     90          0.050
  7     119         0.010
  8     116         0.010

Detector: BL_W100_T2.2_D2
Best Detection: 149 mmHg (confidence: 0.580)
Top 10 readings:
  Rank  Pressure    Confidence  
  ------------------------------
  1     149         0.580
  2     151         0.528
  3     143         0.500
  4     140         0.420
  5     135         0.340
  6     129         0.260
  7     104         0.260
  8     125         0.126
  9     121         0.126
  10    99          0.126

Detector: BL_W100_T2.2_D4
Best Detection: 135 mmHg (confidence: 0.340)
Top 10 readings:
  Rank  Pressure    Confidence  
  ------------------------------
  1     135         0.340
  2     129         0.260
  3     104         0.260
  4     125         0.126
  5     121         0.126
  6     99          0.126
  7     94          0.050
  8     119         0.010
  9     116         0.010

Detector: BL_W100_T2.2_D6
Best Detection: 134 mmHg (confidence: 0.340)
Top 10 readings:
  Rank  Pressure    Confidence  
  ------------------------------
  1     134         0.340
  2     129         0.260
  3     104         0.260
  4     125         0.126
  5     121         0.126
  6     99          0.126
  7     94          0.050
  8     171         0.010
  9     119         0.010
  10    116         0.010

Detector: BL_W100_T2.2_D8
Best Detection: 134 mmHg (confidence: 0.340)
Top 10 readings:
  Rank  Pressure    Confidence  
  ------------------------------
  1     134         0.340
  2     129         0.260
  3     104         0.260
  4     125         0.126
  5     121         0.126
  6     99          0.126
  7     94          0.050
  8     119         0.010
  9     116         0.010

Detector: BL_W100_T2.2_D10
Best Detection: 133 mmHg (confidence: 0.340)
Top 10 readings:
  Rank  Pressure    Confidence  
  ------------------------------
  1     133         0.340
  2     129         0.260
  3     104         0.260
  4     126         0.208
  5     125         0.126
  6     121         0.126
  7     99          0.126
  8     94          0.050
  9     119         0.010
  10    116         0.010

Detector: BL_W100_T2.2_D15
Best Detection: 129 mmHg (confidence: 0.260)
Top 10 readings:
  Rank  Pressure    Confidence  
  ------------------------------
  1     129         0.260
  2     104         0.260
  3     125         0.126
  4     121         0.126
  5     99          0.126
  6     94          0.050
  7     119         0.010
  8     116         0.010

Detector: BL_W100_T2.2_D20
Best Detection: 129 mmHg (confidence: 0.260)
Top 10 readings:
  Rank  Pressure    Confidence  
  ------------------------------
  1     129         0.260
  2     104         0.260
  3     125         0.126
  4     121         0.126
  5     99          0.126
  6     94          0.050
  7     119         0.010
  8     116         0.010

Detector: BL_W100_T2.2_D25
Best Detection: 129 mmHg (confidence: 0.260)
Top 10 readings:
  Rank  Pressure    Confidence  
  ------------------------------
  1     129         0.260
  2     104         0.260
  3     125         0.126
  4     121         0.126
  5     99          0.126
  6     94          0.050
  7     119         0.010
  8     116         0.010

Detector: BL_W100_T2.2_D30
Best Detection: 128 mmHg (confidence: 0.260)
Top 10 readings:
  Rank  Pressure    Confidence  
  ------------------------------
  1     128         0.260
  2     104         0.260
  3     125         0.126
  4     121         0.126
  5     99          0.126
  6     94          0.050
  7     119         0.010
  8     116         0.010

Detector: BL_W100_T2.2_D40
Best Detection: 104 mmHg (confidence: 0.260)
Top 10 readings:
  Rank  Pressure    Confidence  
  ------------------------------
  1     104         0.260
  2     125         0.126
  3     121         0.126
  4     99          0.126
  5     94          0.050
  6     119         0.010
  7     116         0.010

Detector: BL_W100_T2.4_D2
Best Detection: 149 mmHg (confidence: 0.580)
Top 10 readings:
  Rank  Pressure    Confidence  
  ------------------------------
  1     149         0.580
  2     151         0.528
  3     143         0.500
  4     140         0.420
  5     135         0.340
  6     129         0.260
  7     125         0.126
  8     121         0.126
  9     104         0.126
  10    99          0.050

Detector: BL_W100_T2.4_D4
Best Detection: 135 mmHg (confidence: 0.340)
Top 10 readings:
  Rank  Pressure    Confidence  
  ------------------------------
  1     135         0.340
  2     129         0.260
  3     125         0.126
  4     121         0.126
  5     104         0.126
  6     99          0.050
  7     119         0.010
  8     116         0.010

Detector: BL_W100_T2.4_D6
Best Detection: 134 mmHg (confidence: 0.340)
Top 10 readings:
  Rank  Pressure    Confidence  
  ------------------------------
  1     134         0.340
  2     129         0.260
  3     125         0.126
  4     121         0.126
  5     104         0.126
  6     99          0.050
  7     171         0.010
  8     119         0.010
  9     116         0.010

Detector: BL_W100_T2.4_D8
Best Detection: 134 mmHg (confidence: 0.340)
Top 10 readings:
  Rank  Pressure    Confidence  
  ------------------------------
  1     134         0.340
  2     129         0.260
  3     125         0.126
  4     121         0.126
  5     104         0.126
  6     99          0.050
  7     119         0.010
  8     116         0.010

Detector: BL_W100_T2.4_D10
Best Detection: 133 mmHg (confidence: 0.340)
Top 10 readings:
  Rank  Pressure    Confidence  
  ------------------------------
  1     133         0.340
  2     129         0.260
  3     126         0.208
  4     125         0.126
  5     121         0.126
  6     104         0.126
  7     99          0.050
  8     119         0.010
  9     116         0.010

Detector: BL_W100_T2.4_D15
Best Detection: 129 mmHg (confidence: 0.260)
Top 10 readings:
  Rank  Pressure    Confidence  
  ------------------------------
  1     129         0.260
  2     125         0.126
  3     121         0.126
  4     104         0.126
  5     99          0.050
  6     119         0.010
  7     116         0.010

Detector: BL_W100_T2.4_D20
Best Detection: 129 mmHg (confidence: 0.260)
Top 10 readings:
  Rank  Pressure    Confidence  
  ------------------------------
  1     129         0.260
  2     125         0.126
  3     121         0.126
  4     104         0.126
  5     99          0.050
  6     119         0.010
  7     116         0.010

Detector: BL_W100_T2.4_D25
Best Detection: 129 mmHg (confidence: 0.260)
Top 10 readings:
  Rank  Pressure    Confidence  
  ------------------------------
  1     129         0.260
  2     125         0.126
  3     121         0.126
  4     104         0.126
  5     99          0.050
  6     119         0.010
  7     116         0.010

Detector: BL_W100_T2.4_D30
Best Detection: 128 mmHg (confidence: 0.260)
Top 10 readings:
  Rank  Pressure    Confidence  
  ------------------------------
  1     128         0.260
  2     125         0.126
  3     121         0.126
  4     104         0.126
  5     99          0.050
  6     119         0.010
  7     116         0.010

Detector: BL_W100_T2.4_D40
Best Detection: 125 mmHg (confidence: 0.126)
Top 10 readings:
  Rank  Pressure    Confidence  
  ------------------------------
  1     125         0.126
  2     121         0.126
  3     104         0.126
  4     99          0.050
  5     119         0.010
  6     116         0.010

Detector: BL_W100_T2.6_D2
Best Detection: 149 mmHg (confidence: 0.580)
Top 10 readings:
  Rank  Pressure    Confidence  
  ------------------------------
  1     149         0.580
  2     151         0.528
  3     143         0.500
  4     140         0.420
  5     134         0.340
  6     129         0.260
  7     125         0.126
  8     121         0.126
  9     116         0.050
  10    119         0.010

Detector: BL_W100_T2.6_D4
Best Detection: 135 mmHg (confidence: 0.340)
Top 10 readings:
  Rank  Pressure    Confidence  
  ------------------------------
  1     135         0.340
  2     129         0.260
  3     125         0.126
  4     121         0.126
  5     116         0.050
  6     119         0.010

Detector: BL_W100_T2.6_D6
Best Detection: 134 mmHg (confidence: 0.340)
Top 10 readings:
  Rank  Pressure    Confidence  
  ------------------------------
  1     134         0.340
  2     129         0.260
  3     125         0.126
  4     121         0.126
  5     116         0.050
  6     171         0.010
  7     119         0.010

Detector: BL_W100_T2.6_D8
Best Detection: 134 mmHg (confidence: 0.340)
Top 10 readings:
  Rank  Pressure    Confidence  
  ------------------------------
  1     134         0.340
  2     129         0.260
  3     125         0.126
  4     121         0.126
  5     116         0.050
  6     119         0.010

Detector: BL_W100_T2.6_D10
Best Detection: 133 mmHg (confidence: 0.340)
Top 10 readings:
  Rank  Pressure    Confidence  
  ------------------------------
  1     133         0.340
  2     129         0.260
  3     126         0.208
  4     125         0.126
  5     121         0.126
  6     116         0.050
  7     119         0.010

Detector: BL_W100_T2.6_D15
Best Detection: 129 mmHg (confidence: 0.260)
Top 10 readings:
  Rank  Pressure    Confidence  
  ------------------------------
  1     129         0.260
  2     125         0.126
  3     121         0.126
  4     116         0.050
  5     119         0.010

Detector: BL_W100_T2.6_D20
Best Detection: 129 mmHg (confidence: 0.260)
Top 10 readings:
  Rank  Pressure    Confidence  
  ------------------------------
  1     129         0.260
  2     125         0.126
  3     121         0.126
  4     116         0.050
  5     119         0.010

Detector: BL_W100_T2.6_D25
Best Detection: 129 mmHg (confidence: 0.260)
Top 10 readings:
  Rank  Pressure    Confidence  
  ------------------------------
  1     129         0.260
  2     125         0.126
  3     121         0.126
  4     116         0.050
  5     119         0.010

Detector: BL_W100_T2.6_D30
Best Detection: 128 mmHg (confidence: 0.260)
Top 10 readings:
  Rank  Pressure    Confidence  
  ------------------------------
  1     128         0.260
  2     125         0.126
  3     121         0.126
  4     116         0.050
  5     119         0.010

Detector: BL_W100_T2.6_D40
Best Detection: 125 mmHg (confidence: 0.126)
Top 10 readings:
  Rank  Pressure    Confidence  
  ------------------------------
  1     125         0.126
  2     121         0.126
  3     116         0.050
  4     119         0.010

Detector: BL_W100_T2.8_D2
Best Detection: 149 mmHg (confidence: 0.580)
Top 10 readings:
  Rank  Pressure    Confidence  
  ------------------------------
  1     149         0.580
  2     151         0.528
  3     143         0.500
  4     140         0.420
  5     134         0.340
  6     129         0.260
  7     125         0.126
  8     121         0.126
  9     119         0.050

Detector: BL_W100_T2.8_D4
Best Detection: 135 mmHg (confidence: 0.340)
Top 10 readings:
  Rank  Pressure    Confidence  
  ------------------------------
  1     135         0.340
  2     129         0.260
  3     125         0.126
  4     121         0.126
  5     119         0.050

Detector: BL_W100_T2.8_D6
Best Detection: 134 mmHg (confidence: 0.340)
Top 10 readings:
  Rank  Pressure    Confidence  
  ------------------------------
  1     134         0.340
  2     129         0.260
  3     125         0.126
  4     121         0.126
  5     119         0.050
  6     171         0.010

Detector: BL_W100_T2.8_D8
Best Detection: 134 mmHg (confidence: 0.340)
Top 10 readings:
  Rank  Pressure    Confidence  
  ------------------------------
  1     134         0.340
  2     129         0.260
  3     125         0.126
  4     121         0.126
  5     119         0.050

Detector: BL_W100_T2.8_D10
Best Detection: 133 mmHg (confidence: 0.340)
Top 10 readings:
  Rank  Pressure    Confidence  
  ------------------------------
  1     133         0.340
  2     129         0.260
  3     126         0.208
  4     125         0.126
  5     121         0.126
  6     119         0.050

Detector: BL_W100_T2.8_D15
Best Detection: 129 mmHg (confidence: 0.260)
Top 10 readings:
  Rank  Pressure    Confidence  
  ------------------------------
  1     129         0.260
  2     125         0.126
  3     121         0.126
  4     119         0.050

Detector: BL_W100_T2.8_D20
Best Detection: 129 mmHg (confidence: 0.260)
Top 10 readings:
  Rank  Pressure    Confidence  
  ------------------------------
  1     129         0.260
  2     125         0.126
  3     121         0.126
  4     119         0.050

Detector: BL_W100_T2.8_D25
Best Detection: 129 mmHg (confidence: 0.260)
Top 10 readings:
  Rank  Pressure    Confidence  
  ------------------------------
  1     129         0.260
  2     125         0.126
  3     121         0.126
  4     119         0.050

Detector: BL_W100_T2.8_D30
Best Detection: 128 mmHg (confidence: 0.260)
Top 10 readings:
  Rank  Pressure    Confidence  
  ------------------------------
  1     128         0.260
  2     125         0.126
  3     121         0.126
  4     119         0.050

Detector: BL_W100_T2.8_D40
Best Detection: 125 mmHg (confidence: 0.126)
Top 10 readings:
  Rank  Pressure    Confidence  
  ------------------------------
  1     125         0.126
  2     121         0.126
  3     119         0.050

Detector: BL_W100_T3.0_D2
Best Detection: 149 mmHg (confidence: 0.580)
Top 10 readings:
  Rank  Pressure    Confidence  
  ------------------------------
  1     149         0.580
  2     151         0.528
  3     143         0.500
  4     140         0.420
  5     134         0.340
  6     129         0.260
  7     125         0.126
  8     121         0.126
  9     119         0.050

Detector: BL_W100_T3.0_D4
Best Detection: 135 mmHg (confidence: 0.340)
Top 10 readings:
  Rank  Pressure    Confidence  
  ------------------------------
  1     135         0.340
  2     129         0.260
  3     125         0.126
  4     121         0.126
  5     119         0.050

Detector: BL_W100_T3.0_D6
Best Detection: 134 mmHg (confidence: 0.340)
Top 10 readings:
  Rank  Pressure    Confidence  
  ------------------------------
  1     134         0.340
  2     129         0.260
  3     125         0.126
  4     121         0.126
  5     119         0.050
  6     171         0.010

Detector: BL_W100_T3.0_D8
Best Detection: 134 mmHg (confidence: 0.340)
Top 10 readings:
  Rank  Pressure    Confidence  
  ------------------------------
  1     134         0.340
  2     129         0.260
  3     125         0.126
  4     121         0.126
  5     119         0.050

Detector: BL_W100_T3.0_D10
Best Detection: 133 mmHg (confidence: 0.340)
Top 10 readings:
  Rank  Pressure    Confidence  
  ------------------------------
  1     133         0.340
  2     129         0.260
  3     126         0.208
  4     125         0.126
  5     121         0.126
  6     119         0.050

Detector: BL_W100_T3.0_D15
Best Detection: 129 mmHg (confidence: 0.260)
Top 10 readings:
  Rank  Pressure    Confidence  
  ------------------------------
  1     129         0.260
  2     125         0.126
  3     121         0.126
  4     119         0.050

Detector: BL_W100_T3.0_D20
Best Detection: 129 mmHg (confidence: 0.260)
Top 10 readings:
  Rank  Pressure    Confidence  
  ------------------------------
  1     129         0.260
  2     125         0.126
  3     121         0.126
  4     119         0.050

Detector: BL_W100_T3.0_D25
Best Detection: 129 mmHg (confidence: 0.260)
Top 10 readings:
  Rank  Pressure    Confidence  
  ------------------------------
  1     129         0.260
  2     125         0.126
  3     121         0.126
  4     119         0.050

Detector: BL_W100_T3.0_D30
Best Detection: 128 mmHg (confidence: 0.260)
Top 10 readings:
  Rank  Pressure    Confidence  
  ------------------------------
  1     128         0.260
  2     125         0.126
  3     121         0.126
  4     119         0.050

Detector: BL_W100_T3.0_D40
Best Detection: 125 mmHg (confidence: 0.126)
Top 10 readings:
  Rank  Pressure    Confidence  
  ------------------------------
  1     125         0.126
  2     121         0.126
  3     119         0.050

Detector: BL_W110_T1.2_D2
Best Detection: 109 mmHg (confidence: 0.660)
Top 10 readings:
  Rank  Pressure    Confidence  
  ------------------------------
  1     109         0.660
  2     149         0.580
  3     105         0.580
  4     151         0.528
  5     143         0.500
  6     100         0.500
  7     140         0.420
  8     95          0.420
  9     135         0.340
  10    133         0.340

Detector: BL_W110_T1.2_D4
Best Detection: 109 mmHg (confidence: 0.660)
Top 10 readings:
  Rank  Pressure    Confidence  
  ------------------------------
  1     109         0.660
  2     105         0.580
  3     100         0.500
  4     95          0.420
  5     135         0.340
  6     91          0.340
  7     129         0.260
  8     86          0.260
  9     126         0.208
  10    125         0.126

Detector: BL_W110_T1.2_D6
Best Detection: 109 mmHg (confidence: 0.660)
Top 10 readings:
  Rank  Pressure    Confidence  
  ------------------------------
  1     109         0.660
  2     105         0.580
  3     100         0.500
  4     95          0.420
  5     134         0.340
  6     91          0.340
  7     129         0.260
  8     86          0.260
  9     126         0.208
  10    125         0.126

Detector: BL_W110_T1.2_D8
Best Detection: 109 mmHg (confidence: 0.660)
Top 10 readings:
  Rank  Pressure    Confidence  
  ------------------------------
  1     109         0.660
  2     105         0.580
  3     100         0.500
  4     95          0.420
  5     134         0.340
  6     91          0.340
  7     129         0.260
  8     86          0.260
  9     126         0.208
  10    125         0.126

Detector: BL_W110_T1.2_D10
Best Detection: 109 mmHg (confidence: 0.660)
Top 10 readings:
  Rank  Pressure    Confidence  
  ------------------------------
  1     109         0.660
  2     105         0.580
  3     100         0.500
  4     95          0.420
  5     133         0.340
  6     91          0.340
  7     129         0.260
  8     86          0.260
  9     126         0.208
  10    125         0.126

Detector: BL_W110_T1.2_D15
Best Detection: 109 mmHg (confidence: 0.660)
Top 10 readings:
  Rank  Pressure    Confidence  
  ------------------------------
  1     109         0.660
  2     105         0.580
  3     100         0.500
  4     95          0.420
  5     91          0.340
  6     129         0.260
  7     86          0.260
  8     125         0.126
  9     121         0.126
  10    82          0.126

Detector: BL_W110_T1.2_D20
Best Detection: 109 mmHg (confidence: 0.660)
Top 10 readings:
  Rank  Pressure    Confidence  
  ------------------------------
  1     109         0.660
  2     105         0.580
  3     100         0.500
  4     95          0.420
  5     91          0.340
  6     129         0.260
  7     86          0.260
  8     125         0.126
  9     121         0.126
  10    82          0.126

Detector: BL_W110_T1.2_D25
Best Detection: 109 mmHg (confidence: 0.660)
Top 10 readings:
  Rank  Pressure    Confidence  
  ------------------------------
  1     109         0.660
  2     105         0.580
  3     100         0.500
  4     95          0.420
  5     91          0.340
  6     129         0.260
  7     86          0.260
  8     125         0.126
  9     121         0.126
  10    82          0.126

Detector: BL_W110_T1.2_D30
Best Detection: 109 mmHg (confidence: 0.660)
Top 10 readings:
  Rank  Pressure    Confidence  
  ------------------------------
  1     109         0.660
  2     105         0.580
  3     100         0.500
  4     95          0.420
  5     91          0.340
  6     128         0.260
  7     86          0.260
  8     125         0.126
  9     121         0.126
  10    82          0.126

Detector: BL_W110_T1.2_D40
Best Detection: 109 mmHg (confidence: 0.660)
Top 10 readings:
  Rank  Pressure    Confidence  
  ------------------------------
  1     109         0.660
  2     105         0.580
  3     100         0.500
  4     95          0.420
  5     91          0.340
  6     86          0.260
  7     125         0.126
  8     121         0.126
  9     82          0.126
  10    78          0.050

Detector: BL_W110_T1.4_D2
Best Detection: 108 mmHg (confidence: 0.660)
Top 10 readings:
  Rank  Pressure    Confidence  
  ------------------------------
  1     108         0.660
  2     105         0.580
  3     149         0.500
  4     100         0.500
  5     151         0.464
  6     140         0.420
  7     95          0.420
  8     135         0.340
  9     133         0.340
  10    91          0.340

Detector: BL_W110_T1.4_D4
Best Detection: 108 mmHg (confidence: 0.660)
Top 10 readings:
  Rank  Pressure    Confidence  
  ------------------------------
  1     108         0.660
  2     105         0.580
  3     100         0.500
  4     95          0.420
  5     135         0.340
  6     91          0.340
  7     129         0.260
  8     86          0.260
  9     126         0.208
  10    125         0.126

Detector: BL_W110_T1.4_D6
Best Detection: 108 mmHg (confidence: 0.660)
Top 10 readings:
  Rank  Pressure    Confidence  
  ------------------------------
  1     108         0.660
  2     105         0.580
  3     100         0.500
  4     95          0.420
  5     134         0.340
  6     91          0.340
  7     129         0.260
  8     86          0.260
  9     126         0.208
  10    125         0.126

Detector: BL_W110_T1.4_D8
Best Detection: 108 mmHg (confidence: 0.660)
Top 10 readings:
  Rank  Pressure    Confidence  
  ------------------------------
  1     108         0.660
  2     105         0.580
  3     100         0.500
  4     95          0.420
  5     134         0.340
  6     91          0.340
  7     129         0.260
  8     86          0.260
  9     126         0.208
  10    125         0.126

Detector: BL_W110_T1.4_D10
Best Detection: 108 mmHg (confidence: 0.660)
Top 10 readings:
  Rank  Pressure    Confidence  
  ------------------------------
  1     108         0.660
  2     105         0.580
  3     100         0.500
  4     95          0.420
  5     133         0.340
  6     91          0.340
  7     129         0.260
  8     86          0.260
  9     126         0.208
  10    125         0.126

Detector: BL_W110_T1.4_D15
Best Detection: 108 mmHg (confidence: 0.660)
Top 10 readings:
  Rank  Pressure    Confidence  
  ------------------------------
  1     108         0.660
  2     105         0.580
  3     100         0.500
  4     95          0.420
  5     91          0.340
  6     129         0.260
  7     86          0.260
  8     125         0.126
  9     121         0.126
  10    82          0.126

Detector: BL_W110_T1.4_D20
Best Detection: 108 mmHg (confidence: 0.660)
Top 10 readings:
  Rank  Pressure    Confidence  
  ------------------------------
  1     108         0.660
  2     105         0.580
  3     100         0.500
  4     95          0.420
  5     91          0.340
  6     129         0.260
  7     86          0.260
  8     125         0.126
  9     121         0.126
  10    82          0.126

Detector: BL_W110_T1.4_D25
Best Detection: 108 mmHg (confidence: 0.660)
Top 10 readings:
  Rank  Pressure    Confidence  
  ------------------------------
  1     108         0.660
  2     105         0.580
  3     100         0.500
  4     95          0.420
  5     91          0.340
  6     129         0.260
  7     86          0.260
  8     125         0.126
  9     121         0.126
  10    82          0.126

Detector: BL_W110_T1.4_D30
Best Detection: 108 mmHg (confidence: 0.660)
Top 10 readings:
  Rank  Pressure    Confidence  
  ------------------------------
  1     108         0.660
  2     105         0.580
  3     100         0.500
  4     95          0.420
  5     91          0.340
  6     128         0.260
  7     86          0.260
  8     125         0.126
  9     121         0.126
  10    82          0.126

Detector: BL_W110_T1.4_D40
Best Detection: 108 mmHg (confidence: 0.660)
Top 10 readings:
  Rank  Pressure    Confidence  
  ------------------------------
  1     108         0.660
  2     105         0.580
  3     100         0.500
  4     95          0.420
  5     91          0.340
  6     86          0.260
  7     125         0.126
  8     121         0.126
  9     82          0.126
  10    78          0.050

Detector: BL_W110_T1.6_D2
Best Detection: 149 mmHg (confidence: 0.500)
Top 10 readings:
  Rank  Pressure    Confidence  
  ------------------------------
  1     149         0.500
  2     151         0.464
  3     140         0.420
  4     105         0.420
  5     135         0.340
  6     133         0.340
  7     100         0.340
  8     129         0.260
  9     95          0.260
  10    126         0.208

Detector: BL_W110_T1.6_D4
Best Detection: 105 mmHg (confidence: 0.420)
Top 10 readings:
  Rank  Pressure    Confidence  
  ------------------------------
  1     105         0.420
  2     135         0.340
  3     100         0.340
  4     129         0.260
  5     95          0.260
  6     126         0.208
  7     125         0.126
  8     121         0.126
  9     91          0.126
  10    86          0.050

Detector: BL_W110_T1.6_D6
Best Detection: 105 mmHg (confidence: 0.420)
Top 10 readings:
  Rank  Pressure    Confidence  
  ------------------------------
  1     105         0.420
  2     134         0.340
  3     100         0.340
  4     129         0.260
  5     95          0.260
  6     126         0.208
  7     125         0.126
  8     121         0.126
  9     91          0.126
  10    86          0.050

Detector: BL_W110_T1.6_D8
Best Detection: 105 mmHg (confidence: 0.420)
Top 10 readings:
  Rank  Pressure    Confidence  
  ------------------------------
  1     105         0.420
  2     134         0.340
  3     100         0.340
  4     129         0.260
  5     95          0.260
  6     126         0.208
  7     125         0.126
  8     121         0.126
  9     91          0.126
  10    86          0.050

Detector: BL_W110_T1.6_D10
Best Detection: 105 mmHg (confidence: 0.420)
Top 10 readings:
  Rank  Pressure    Confidence  
  ------------------------------
  1     105         0.420
  2     133         0.340
  3     100         0.340
  4     129         0.260
  5     95          0.260
  6     126         0.208
  7     125         0.126
  8     121         0.126
  9     91          0.126
  10    86          0.050

Detector: BL_W110_T1.6_D15
Best Detection: 105 mmHg (confidence: 0.420)
Top 10 readings:
  Rank  Pressure    Confidence  
  ------------------------------
  1     105         0.420
  2     100         0.340
  3     129         0.260
  4     95          0.260
  5     125         0.126
  6     121         0.126
  7     91          0.126
  8     86          0.050
  9     120         0.010
  10    116         0.010

Detector: BL_W110_T1.6_D20
Best Detection: 105 mmHg (confidence: 0.420)
Top 10 readings:
  Rank  Pressure    Confidence  
  ------------------------------
  1     105         0.420
  2     100         0.340
  3     129         0.260
  4     95          0.260
  5     125         0.126
  6     121         0.126
  7     91          0.126
  8     86          0.050
  9     120         0.010
  10    116         0.010

Detector: BL_W110_T1.6_D25
Best Detection: 105 mmHg (confidence: 0.420)
Top 10 readings:
  Rank  Pressure    Confidence  
  ------------------------------
  1     105         0.420
  2     100         0.340
  3     129         0.260
  4     95          0.260
  5     125         0.126
  6     121         0.126
  7     91          0.126
  8     86          0.050
  9     120         0.010
  10    116         0.010

Detector: BL_W110_T1.6_D30
Best Detection: 105 mmHg (confidence: 0.420)
Top 10 readings:
  Rank  Pressure    Confidence  
  ------------------------------
  1     105         0.420
  2     100         0.340
  3     128         0.260
  4     95          0.260
  5     125         0.126
  6     121         0.126
  7     91          0.126
  8     86          0.050
  9     120         0.010
  10    116         0.010

Detector: BL_W110_T1.6_D40
Best Detection: 105 mmHg (confidence: 0.420)
Top 10 readings:
  Rank  Pressure    Confidence  
  ------------------------------
  1     105         0.420
  2     100         0.340
  3     95          0.260
  4     125         0.126
  5     121         0.126
  6     91          0.126
  7     86          0.050
  8     120         0.010
  9     116         0.010

Detector: BL_W110_T1.8_D2
Best Detection: 149 mmHg (confidence: 0.500)
Top 10 readings:
  Rank  Pressure    Confidence  
  ------------------------------
  1     149         0.500
  2     151         0.464
  3     140         0.420
  4     135         0.340
  5     105         0.340
  6     129         0.260
  7     100         0.260
  8     125         0.126
  9     121         0.126
  10    95          0.126

Detector: BL_W110_T1.8_D4
Best Detection: 135 mmHg (confidence: 0.340)
Top 10 readings:
  Rank  Pressure    Confidence  
  ------------------------------
  1     135         0.340
  2     105         0.340
  3     129         0.260
  4     100         0.260
  5     125         0.126
  6     121         0.126
  7     95          0.126
  8     90          0.050
  9     119         0.010
  10    116         0.010

Detector: BL_W110_T1.8_D6
Best Detection: 134 mmHg (confidence: 0.340)
Top 10 readings:
  Rank  Pressure    Confidence  
  ------------------------------
  1     134         0.340
  2     105         0.340
  3     129         0.260
  4     100         0.260
  5     125         0.126
  6     121         0.126
  7     95          0.126
  8     90          0.050
  9     119         0.010
  10    116         0.010

Detector: BL_W110_T1.8_D8
Best Detection: 134 mmHg (confidence: 0.340)
Top 10 readings:
  Rank  Pressure    Confidence  
  ------------------------------
  1     134         0.340
  2     105         0.340
  3     129         0.260
  4     100         0.260
  5     125         0.126
  6     121         0.126
  7     95          0.126
  8     90          0.050
  9     119         0.010
  10    116         0.010

Detector: BL_W110_T1.8_D10
Best Detection: 133 mmHg (confidence: 0.340)
Top 10 readings:
  Rank  Pressure    Confidence  
  ------------------------------
  1     133         0.340
  2     105         0.340
  3     129         0.260
  4     100         0.260
  5     126         0.208
  6     125         0.126
  7     121         0.126
  8     95          0.126
  9     90          0.050
  10    119         0.010

Detector: BL_W110_T1.8_D15
Best Detection: 105 mmHg (confidence: 0.340)
Top 10 readings:
  Rank  Pressure    Confidence  
  ------------------------------
  1     105         0.340
  2     129         0.260
  3     100         0.260
  4     125         0.126
  5     121         0.126
  6     95          0.126
  7     90          0.050
  8     119         0.010
  9     116         0.010

Detector: BL_W110_T1.8_D20
Best Detection: 105 mmHg (confidence: 0.340)
Top 10 readings:
  Rank  Pressure    Confidence  
  ------------------------------
  1     105         0.340
  2     129         0.260
  3     100         0.260
  4     125         0.126
  5     121         0.126
  6     95          0.126
  7     90          0.050
  8     119         0.010
  9     116         0.010

Detector: BL_W110_T1.8_D25
Best Detection: 105 mmHg (confidence: 0.340)
Top 10 readings:
  Rank  Pressure    Confidence  
  ------------------------------
  1     105         0.340
  2     129         0.260
  3     100         0.260
  4     125         0.126
  5     121         0.126
  6     95          0.126
  7     90          0.050
  8     119         0.010
  9     116         0.010

Detector: BL_W110_T1.8_D30
Best Detection: 105 mmHg (confidence: 0.340)
Top 10 readings:
  Rank  Pressure    Confidence  
  ------------------------------
  1     105         0.340
  2     128         0.260
  3     100         0.260
  4     125         0.126
  5     121         0.126
  6     95          0.126
  7     90          0.050
  8     119         0.010
  9     116         0.010

Detector: BL_W110_T1.8_D40
Best Detection: 105 mmHg (confidence: 0.340)
Top 10 readings:
  Rank  Pressure    Confidence  
  ------------------------------
  1     105         0.340
  2     100         0.260
  3     125         0.126
  4     121         0.126
  5     95          0.126
  6     90          0.050
  7     119         0.010
  8     116         0.010

Detector: BL_W110_T2.0_D2
Best Detection: 149 mmHg (confidence: 0.500)
Top 10 readings:
  Rank  Pressure    Confidence  
  ------------------------------
  1     149         0.500
  2     151         0.464
  3     140         0.420
  4     135         0.340
  5     105         0.340
  6     129         0.260
  7     99          0.260
  8     125         0.126
  9     121         0.126
  10    95          0.126

Detector: BL_W110_T2.0_D4
Best Detection: 135 mmHg (confidence: 0.340)
Top 10 readings:
  Rank  Pressure    Confidence  
  ------------------------------
  1     135         0.340
  2     105         0.340
  3     129         0.260
  4     99          0.260
  5     125         0.126
  6     121         0.126
  7     95          0.126
  8     90          0.050
  9     119         0.010
  10    116         0.010

Detector: BL_W110_T2.0_D6
Best Detection: 134 mmHg (confidence: 0.340)
Top 10 readings:
  Rank  Pressure    Confidence  
  ------------------------------
  1     134         0.340
  2     105         0.340
  3     129         0.260
  4     99          0.260
  5     125         0.126
  6     121         0.126
  7     95          0.126
  8     90          0.050
  9     119         0.010
  10    116         0.010

Detector: BL_W110_T2.0_D8
Best Detection: 134 mmHg (confidence: 0.340)
Top 10 readings:
  Rank  Pressure    Confidence  
  ------------------------------
  1     134         0.340
  2     105         0.340
  3     129         0.260
  4     99          0.260
  5     125         0.126
  6     121         0.126
  7     95          0.126
  8     90          0.050
  9     119         0.010
  10    116         0.010

Detector: BL_W110_T2.0_D10
Best Detection: 133 mmHg (confidence: 0.340)
Top 10 readings:
  Rank  Pressure    Confidence  
  ------------------------------
  1     133         0.340
  2     105         0.340
  3     129         0.260
  4     99          0.260
  5     126         0.208
  6     125         0.126
  7     121         0.126
  8     95          0.126
  9     90          0.050
  10    119         0.010

Detector: BL_W110_T2.0_D15
Best Detection: 105 mmHg (confidence: 0.340)
Top 10 readings:
  Rank  Pressure    Confidence  
  ------------------------------
  1     105         0.340
  2     129         0.260
  3     99          0.260
  4     125         0.126
  5     121         0.126
  6     95          0.126
  7     90          0.050
  8     119         0.010
  9     116         0.010

Detector: BL_W110_T2.0_D20
Best Detection: 105 mmHg (confidence: 0.340)
Top 10 readings:
  Rank  Pressure    Confidence  
  ------------------------------
  1     105         0.340
  2     129         0.260
  3     99          0.260
  4     125         0.126
  5     121         0.126
  6     95          0.126
  7     90          0.050
  8     119         0.010
  9     116         0.010

Detector: BL_W110_T2.0_D25
Best Detection: 105 mmHg (confidence: 0.340)
Top 10 readings:
  Rank  Pressure    Confidence  
  ------------------------------
  1     105         0.340
  2     129         0.260
  3     99          0.260
  4     125         0.126
  5     121         0.126
  6     95          0.126
  7     90          0.050
  8     119         0.010
  9     116         0.010

Detector: BL_W110_T2.0_D30
Best Detection: 105 mmHg (confidence: 0.340)
Top 10 readings:
  Rank  Pressure    Confidence  
  ------------------------------
  1     105         0.340
  2     128         0.260
  3     99          0.260
  4     125         0.126
  5     121         0.126
  6     95          0.126
  7     90          0.050
  8     119         0.010
  9     116         0.010

Detector: BL_W110_T2.0_D40
Best Detection: 105 mmHg (confidence: 0.340)
Top 10 readings:
  Rank  Pressure    Confidence  
  ------------------------------
  1     105         0.340
  2     99          0.260
  3     125         0.126
  4     121         0.126
  5     95          0.126
  6     90          0.050
  7     119         0.010
  8     116         0.010

Detector: BL_W110_T2.2_D2
Best Detection: 149 mmHg (confidence: 0.500)
Top 10 readings:
  Rank  Pressure    Confidence  
  ------------------------------
  1     149         0.500
  2     151         0.464
  3     140         0.420
  4     135         0.340
  5     129         0.260
  6     104         0.260
  7     125         0.126
  8     121         0.126
  9     99          0.126
  10    94          0.050

Detector: BL_W110_T2.2_D4
Best Detection: 135 mmHg (confidence: 0.340)
Top 10 readings:
  Rank  Pressure    Confidence  
  ------------------------------
  1     135         0.340
  2     129         0.260
  3     104         0.260
  4     125         0.126
  5     121         0.126
  6     99          0.126
  7     94          0.050
  8     119         0.010
  9     116         0.010

Detector: BL_W110_T2.2_D6
Best Detection: 134 mmHg (confidence: 0.340)
Top 10 readings:
  Rank  Pressure    Confidence  
  ------------------------------
  1     134         0.340
  2     129         0.260
  3     104         0.260
  4     125         0.126
  5     121         0.126
  6     99          0.126
  7     94          0.050
  8     119         0.010
  9     116         0.010

Detector: BL_W110_T2.2_D8
Best Detection: 134 mmHg (confidence: 0.340)
Top 10 readings:
  Rank  Pressure    Confidence  
  ------------------------------
  1     134         0.340
  2     129         0.260
  3     104         0.260
  4     125         0.126
  5     121         0.126
  6     99          0.126
  7     94          0.050
  8     119         0.010
  9     116         0.010

Detector: BL_W110_T2.2_D10
Best Detection: 133 mmHg (confidence: 0.340)
Top 10 readings:
  Rank  Pressure    Confidence  
  ------------------------------
  1     133         0.340
  2     129         0.260
  3     104         0.260
  4     126         0.208
  5     125         0.126
  6     121         0.126
  7     99          0.126
  8     94          0.050
  9     119         0.010
  10    116         0.010

Detector: BL_W110_T2.2_D15
Best Detection: 129 mmHg (confidence: 0.260)
Top 10 readings:
  Rank  Pressure    Confidence  
  ------------------------------
  1     129         0.260
  2     104         0.260
  3     125         0.126
  4     121         0.126
  5     99          0.126
  6     94          0.050
  7     119         0.010
  8     116         0.010

Detector: BL_W110_T2.2_D20
Best Detection: 129 mmHg (confidence: 0.260)
Top 10 readings:
  Rank  Pressure    Confidence  
  ------------------------------
  1     129         0.260
  2     104         0.260
  3     125         0.126
  4     121         0.126
  5     99          0.126
  6     94          0.050
  7     119         0.010
  8     116         0.010

Detector: BL_W110_T2.2_D25
Best Detection: 129 mmHg (confidence: 0.260)
Top 10 readings:
  Rank  Pressure    Confidence  
  ------------------------------
  1     129         0.260
  2     104         0.260
  3     125         0.126
  4     121         0.126
  5     99          0.126
  6     94          0.050
  7     119         0.010
  8     116         0.010

Detector: BL_W110_T2.2_D30
Best Detection: 128 mmHg (confidence: 0.260)
Top 10 readings:
  Rank  Pressure    Confidence  
  ------------------------------
  1     128         0.260
  2     104         0.260
  3     125         0.126
  4     121         0.126
  5     99          0.126
  6     94          0.050
  7     119         0.010
  8     116         0.010

Detector: BL_W110_T2.2_D40
Best Detection: 104 mmHg (confidence: 0.260)
Top 10 readings:
  Rank  Pressure    Confidence  
  ------------------------------
  1     104         0.260
  2     125         0.126
  3     121         0.126
  4     99          0.126
  5     94          0.050
  6     119         0.010
  7     116         0.010

Detector: BL_W110_T2.4_D2
Best Detection: 149 mmHg (confidence: 0.500)
Top 10 readings:
  Rank  Pressure    Confidence  
  ------------------------------
  1     149         0.500
  2     151         0.464
  3     140         0.420
  4     135         0.340
  5     129         0.260
  6     104         0.260
  7     125         0.126
  8     121         0.126
  9     99          0.126
  10    94          0.050

Detector: BL_W110_T2.4_D4
Best Detection: 135 mmHg (confidence: 0.340)
Top 10 readings:
  Rank  Pressure    Confidence  
  ------------------------------
  1     135         0.340
  2     129         0.260
  3     104         0.260
  4     125         0.126
  5     121         0.126
  6     99          0.126
  7     94          0.050
  8     119         0.010
  9     116         0.010

Detector: BL_W110_T2.4_D6
Best Detection: 134 mmHg (confidence: 0.340)
Top 10 readings:
  Rank  Pressure    Confidence  
  ------------------------------
  1     134         0.340
  2     129         0.260
  3     104         0.260
  4     125         0.126
  5     121         0.126
  6     99          0.126
  7     94          0.050
  8     119         0.010
  9     116         0.010

Detector: BL_W110_T2.4_D8
Best Detection: 134 mmHg (confidence: 0.340)
Top 10 readings:
  Rank  Pressure    Confidence  
  ------------------------------
  1     134         0.340
  2     129         0.260
  3     104         0.260
  4     125         0.126
  5     121         0.126
  6     99          0.126
  7     94          0.050
  8     119         0.010
  9     116         0.010

Detector: BL_W110_T2.4_D10
Best Detection: 133 mmHg (confidence: 0.340)
Top 10 readings:
  Rank  Pressure    Confidence  
  ------------------------------
  1     133         0.340
  2     129         0.260
  3     104         0.260
  4     126         0.208
  5     125         0.126
  6     121         0.126
  7     99          0.126
  8     94          0.050
  9     119         0.010
  10    116         0.010

Detector: BL_W110_T2.4_D15
Best Detection: 129 mmHg (confidence: 0.260)
Top 10 readings:
  Rank  Pressure    Confidence  
  ------------------------------
  1     129         0.260
  2     104         0.260
  3     125         0.126
  4     121         0.126
  5     99          0.126
  6     94          0.050
  7     119         0.010
  8     116         0.010

Detector: BL_W110_T2.4_D20
Best Detection: 129 mmHg (confidence: 0.260)
Top 10 readings:
  Rank  Pressure    Confidence  
  ------------------------------
  1     129         0.260
  2     104         0.260
  3     125         0.126
  4     121         0.126
  5     99          0.126
  6     94          0.050
  7     119         0.010
  8     116         0.010

Detector: BL_W110_T2.4_D25
Best Detection: 129 mmHg (confidence: 0.260)
Top 10 readings:
  Rank  Pressure    Confidence  
  ------------------------------
  1     129         0.260
  2     104         0.260
  3     125         0.126
  4     121         0.126
  5     99          0.126
  6     94          0.050
  7     119         0.010
  8     116         0.010

Detector: BL_W110_T2.4_D30
Best Detection: 128 mmHg (confidence: 0.260)
Top 10 readings:
  Rank  Pressure    Confidence  
  ------------------------------
  1     128         0.260
  2     104         0.260
  3     125         0.126
  4     121         0.126
  5     99          0.126
  6     94          0.050
  7     119         0.010
  8     116         0.010

Detector: BL_W110_T2.4_D40
Best Detection: 104 mmHg (confidence: 0.260)
Top 10 readings:
  Rank  Pressure    Confidence  
  ------------------------------
  1     104         0.260
  2     125         0.126
  3     121         0.126
  4     99          0.126
  5     94          0.050
  6     119         0.010
  7     116         0.010

Detector: BL_W110_T2.6_D2
Best Detection: 149 mmHg (confidence: 0.500)
Top 10 readings:
  Rank  Pressure    Confidence  
  ------------------------------
  1     149         0.500
  2     151         0.464
  3     140         0.420
  4     135         0.340
  5     129         0.260
  6     125         0.126
  7     121         0.126
  8     116         0.050
  9     119         0.010

Detector: BL_W110_T2.6_D4
Best Detection: 135 mmHg (confidence: 0.340)
Top 10 readings:
  Rank  Pressure    Confidence  
  ------------------------------
  1     135         0.340
  2     129         0.260
  3     125         0.126
  4     121         0.126
  5     116         0.050
  6     119         0.010

Detector: BL_W110_T2.6_D6
Best Detection: 134 mmHg (confidence: 0.340)
Top 10 readings:
  Rank  Pressure    Confidence  
  ------------------------------
  1     134         0.340
  2     129         0.260
  3     125         0.126
  4     121         0.126
  5     116         0.050
  6     119         0.010

Detector: BL_W110_T2.6_D8
Best Detection: 134 mmHg (confidence: 0.340)
Top 10 readings:
  Rank  Pressure    Confidence  
  ------------------------------
  1     134         0.340
  2     129         0.260
  3     125         0.126
  4     121         0.126
  5     116         0.050
  6     119         0.010

Detector: BL_W110_T2.6_D10
Best Detection: 133 mmHg (confidence: 0.340)
Top 10 readings:
  Rank  Pressure    Confidence  
  ------------------------------
  1     133         0.340
  2     129         0.260
  3     126         0.208
  4     125         0.126
  5     121         0.126
  6     116         0.050
  7     119         0.010

Detector: BL_W110_T2.6_D15
Best Detection: 129 mmHg (confidence: 0.260)
Top 10 readings:
  Rank  Pressure    Confidence  
  ------------------------------
  1     129         0.260
  2     125         0.126
  3     121         0.126
  4     116         0.050
  5     119         0.010

Detector: BL_W110_T2.6_D20
Best Detection: 129 mmHg (confidence: 0.260)
Top 10 readings:
  Rank  Pressure    Confidence  
  ------------------------------
  1     129         0.260
  2     125         0.126
  3     121         0.126
  4     116         0.050
  5     119         0.010

Detector: BL_W110_T2.6_D25
Best Detection: 129 mmHg (confidence: 0.260)
Top 10 readings:
  Rank  Pressure    Confidence  
  ------------------------------
  1     129         0.260
  2     125         0.126
  3     121         0.126
  4     116         0.050
  5     119         0.010

Detector: BL_W110_T2.6_D30
Best Detection: 128 mmHg (confidence: 0.260)
Top 10 readings:
  Rank  Pressure    Confidence  
  ------------------------------
  1     128         0.260
  2     125         0.126
  3     121         0.126
  4     116         0.050
  5     119         0.010

Detector: BL_W110_T2.6_D40
Best Detection: 125 mmHg (confidence: 0.126)
Top 10 readings:
  Rank  Pressure    Confidence  
  ------------------------------
  1     125         0.126
  2     121         0.126
  3     116         0.050
  4     119         0.010

Detector: BL_W110_T2.8_D2
Best Detection: 149 mmHg (confidence: 0.500)
Top 10 readings:
  Rank  Pressure    Confidence  
  ------------------------------
  1     149         0.500
  2     151         0.464
  3     140         0.420
  4     134         0.340
  5     129         0.260
  6     125         0.126
  7     121         0.126
  8     116         0.050
  9     119         0.010

Detector: BL_W110_T2.8_D4
Best Detection: 135 mmHg (confidence: 0.340)
Top 10 readings:
  Rank  Pressure    Confidence  
  ------------------------------
  1     135         0.340
  2     129         0.260
  3     125         0.126
  4     121         0.126
  5     116         0.050
  6     119         0.010

Detector: BL_W110_T2.8_D6
Best Detection: 134 mmHg (confidence: 0.340)
Top 10 readings:
  Rank  Pressure    Confidence  
  ------------------------------
  1     134         0.340
  2     129         0.260
  3     125         0.126
  4     121         0.126
  5     116         0.050
  6     119         0.010

Detector: BL_W110_T2.8_D8
Best Detection: 134 mmHg (confidence: 0.340)
Top 10 readings:
  Rank  Pressure    Confidence  
  ------------------------------
  1     134         0.340
  2     129         0.260
  3     125         0.126
  4     121         0.126
  5     116         0.050
  6     119         0.010

Detector: BL_W110_T2.8_D10
Best Detection: 133 mmHg (confidence: 0.340)
Top 10 readings:
  Rank  Pressure    Confidence  
  ------------------------------
  1     133         0.340
  2     129         0.260
  3     126         0.208
  4     125         0.126
  5     121         0.126
  6     116         0.050
  7     119         0.010

Detector: BL_W110_T2.8_D15
Best Detection: 129 mmHg (confidence: 0.260)
Top 10 readings:
  Rank  Pressure    Confidence  
  ------------------------------
  1     129         0.260
  2     125         0.126
  3     121         0.126
  4     116         0.050
  5     119         0.010

Detector: BL_W110_T2.8_D20
Best Detection: 129 mmHg (confidence: 0.260)
Top 10 readings:
  Rank  Pressure    Confidence  
  ------------------------------
  1     129         0.260
  2     125         0.126
  3     121         0.126
  4     116         0.050
  5     119         0.010

Detector: BL_W110_T2.8_D25
Best Detection: 129 mmHg (confidence: 0.260)
Top 10 readings:
  Rank  Pressure    Confidence  
  ------------------------------
  1     129         0.260
  2     125         0.126
  3     121         0.126
  4     116         0.050
  5     119         0.010

Detector: BL_W110_T2.8_D30
Best Detection: 128 mmHg (confidence: 0.260)
Top 10 readings:
  Rank  Pressure    Confidence  
  ------------------------------
  1     128         0.260
  2     125         0.126
  3     121         0.126
  4     116         0.050
  5     119         0.010

Detector: BL_W110_T2.8_D40
Best Detection: 125 mmHg (confidence: 0.126)
Top 10 readings:
  Rank  Pressure    Confidence  
  ------------------------------
  1     125         0.126
  2     121         0.126
  3     116         0.050
  4     119         0.010

Detector: BL_W110_T3.0_D2
Best Detection: 149 mmHg (confidence: 0.500)
Top 10 readings:
  Rank  Pressure    Confidence  
  ------------------------------
  1     149         0.500
  2     151         0.464
  3     140         0.420
  4     134         0.340
  5     129         0.260
  6     125         0.126
  7     121         0.126
  8     119         0.050

Detector: BL_W110_T3.0_D4
Best Detection: 135 mmHg (confidence: 0.340)
Top 10 readings:
  Rank  Pressure    Confidence  
  ------------------------------
  1     135         0.340
  2     129         0.260
  3     125         0.126
  4     121         0.126
  5     119         0.050

Detector: BL_W110_T3.0_D6
Best Detection: 134 mmHg (confidence: 0.340)
Top 10 readings:
  Rank  Pressure    Confidence  
  ------------------------------
  1     134         0.340
  2     129         0.260
  3     125         0.126
  4     121         0.126
  5     119         0.050

Detector: BL_W110_T3.0_D8
Best Detection: 134 mmHg (confidence: 0.340)
Top 10 readings:
  Rank  Pressure    Confidence  
  ------------------------------
  1     134         0.340
  2     129         0.260
  3     125         0.126
  4     121         0.126
  5     119         0.050

Detector: BL_W110_T3.0_D10
Best Detection: 133 mmHg (confidence: 0.340)
Top 10 readings:
  Rank  Pressure    Confidence  
  ------------------------------
  1     133         0.340
  2     129         0.260
  3     126         0.208
  4     125         0.126
  5     121         0.126
  6     119         0.050

Detector: BL_W110_T3.0_D15
Best Detection: 129 mmHg (confidence: 0.260)
Top 10 readings:
  Rank  Pressure    Confidence  
  ------------------------------
  1     129         0.260
  2     125         0.126
  3     121         0.126
  4     119         0.050

Detector: BL_W110_T3.0_D20
Best Detection: 129 mmHg (confidence: 0.260)
Top 10 readings:
  Rank  Pressure    Confidence  
  ------------------------------
  1     129         0.260
  2     125         0.126
  3     121         0.126
  4     119         0.050

Detector: BL_W110_T3.0_D25
Best Detection: 129 mmHg (confidence: 0.260)
Top 10 readings:
  Rank  Pressure    Confidence  
  ------------------------------
  1     129         0.260
  2     125         0.126
  3     121         0.126
  4     119         0.050

Detector: BL_W110_T3.0_D30
Best Detection: 128 mmHg (confidence: 0.260)
Top 10 readings:
  Rank  Pressure    Confidence  
  ------------------------------
  1     128         0.260
  2     125         0.126
  3     121         0.126
  4     119         0.050

Detector: BL_W110_T3.0_D40
Best Detection: 125 mmHg (confidence: 0.126)
Top 10 readings:
  Rank  Pressure    Confidence  
  ------------------------------
  1     125         0.126
  2     121         0.126
  3     119         0.050

Detector: BL_W120_T1.2_D2
Best Detection: 109 mmHg (confidence: 0.660)
Top 10 readings:
  Rank  Pressure    Confidence  
  ------------------------------
  1     109         0.660
  2     149         0.580
  3     105         0.580
  4     143         0.500
  5     100         0.500
  6     140         0.420
  7     95          0.420
  8     135         0.340
  9     133         0.340
  10    91          0.340

Detector: BL_W120_T1.2_D4
Best Detection: 109 mmHg (confidence: 0.660)
Top 10 readings:
  Rank  Pressure    Confidence  
  ------------------------------
  1     109         0.660
  2     105         0.580
  3     100         0.500
  4     95          0.420
  5     135         0.340
  6     132         0.340
  7     91          0.340
  8     129         0.260
  9     86          0.260
  10    126         0.208

Detector: BL_W120_T1.2_D6
Best Detection: 109 mmHg (confidence: 0.660)
Top 10 readings:
  Rank  Pressure    Confidence  
  ------------------------------
  1     109         0.660
  2     105         0.580
  3     100         0.500
  4     95          0.420
  5     134         0.340
  6     91          0.340
  7     129         0.260
  8     86          0.260
  9     126         0.208
  10    125         0.126

Detector: BL_W120_T1.2_D8
Best Detection: 109 mmHg (confidence: 0.660)
Top 10 readings:
  Rank  Pressure    Confidence  
  ------------------------------
  1     109         0.660
  2     105         0.580
  3     100         0.500
  4     95          0.420
  5     134         0.340
  6     91          0.340
  7     129         0.260
  8     86          0.260
  9     126         0.208
  10    125         0.126

Detector: BL_W120_T1.2_D10
Best Detection: 109 mmHg (confidence: 0.660)
Top 10 readings:
  Rank  Pressure    Confidence  
  ------------------------------
  1     109         0.660
  2     105         0.580
  3     100         0.500
  4     95          0.420
  5     133         0.340
  6     91          0.340
  7     129         0.260
  8     86          0.260
  9     126         0.208
  10    125         0.126

Detector: BL_W120_T1.2_D15
Best Detection: 109 mmHg (confidence: 0.660)
Top 10 readings:
  Rank  Pressure    Confidence  
  ------------------------------
  1     109         0.660
  2     105         0.580
  3     100         0.500
  4     95          0.420
  5     91          0.340
  6     129         0.260
  7     86          0.260
  8     125         0.126
  9     121         0.126
  10    82          0.126

Detector: BL_W120_T1.2_D20
Best Detection: 109 mmHg (confidence: 0.660)
Top 10 readings:
  Rank  Pressure    Confidence  
  ------------------------------
  1     109         0.660
  2     105         0.580
  3     100         0.500
  4     95          0.420
  5     91          0.340
  6     129         0.260
  7     86          0.260
  8     125         0.126
  9     121         0.126
  10    82          0.126

Detector: BL_W120_T1.2_D25
Best Detection: 109 mmHg (confidence: 0.660)
Top 10 readings:
  Rank  Pressure    Confidence  
  ------------------------------
  1     109         0.660
  2     105         0.580
  3     100         0.500
  4     95          0.420
  5     91          0.340
  6     129         0.260
  7     86          0.260
  8     125         0.126
  9     121         0.126
  10    82          0.126

Detector: BL_W120_T1.2_D30
Best Detection: 109 mmHg (confidence: 0.660)
Top 10 readings:
  Rank  Pressure    Confidence  
  ------------------------------
  1     109         0.660
  2     105         0.580
  3     100         0.500
  4     95          0.420
  5     91          0.340
  6     128         0.260
  7     86          0.260
  8     125         0.126
  9     121         0.126
  10    82          0.126

Detector: BL_W120_T1.2_D40
Best Detection: 109 mmHg (confidence: 0.660)
Top 10 readings:
  Rank  Pressure    Confidence  
  ------------------------------
  1     109         0.660
  2     105         0.580
  3     100         0.500
  4     95          0.420
  5     91          0.340
  6     86          0.260
  7     125         0.126
  8     121         0.126
  9     82          0.126
  10    78          0.050

Detector: BL_W120_T1.4_D2
Best Detection: 108 mmHg (confidence: 0.660)
Top 10 readings:
  Rank  Pressure    Confidence  
  ------------------------------
  1     108         0.660
  2     149         0.580
  3     105         0.580
  4     143         0.500
  5     100         0.500
  6     140         0.420
  7     95          0.420
  8     135         0.340
  9     133         0.340
  10    91          0.340

Detector: BL_W120_T1.4_D4
Best Detection: 108 mmHg (confidence: 0.660)
Top 10 readings:
  Rank  Pressure    Confidence  
  ------------------------------
  1     108         0.660
  2     105         0.580
  3     100         0.500
  4     95          0.420
  5     135         0.340
  6     132         0.340
  7     91          0.340
  8     129         0.260
  9     86          0.260
  10    126         0.208

Detector: BL_W120_T1.4_D6
Best Detection: 108 mmHg (confidence: 0.660)
Top 10 readings:
  Rank  Pressure    Confidence  
  ------------------------------
  1     108         0.660
  2     105         0.580
  3     100         0.500
  4     95          0.420
  5     134         0.340
  6     91          0.340
  7     129         0.260
  8     86          0.260
  9     126         0.208
  10    125         0.126

Detector: BL_W120_T1.4_D8
Best Detection: 108 mmHg (confidence: 0.660)
Top 10 readings:
  Rank  Pressure    Confidence  
  ------------------------------
  1     108         0.660
  2     105         0.580
  3     100         0.500
  4     95          0.420
  5     134         0.340
  6     91          0.340
  7     129         0.260
  8     86          0.260
  9     126         0.208
  10    125         0.126

Detector: BL_W120_T1.4_D10
Best Detection: 108 mmHg (confidence: 0.660)
Top 10 readings:
  Rank  Pressure    Confidence  
  ------------------------------
  1     108         0.660
  2     105         0.580
  3     100         0.500
  4     95          0.420
  5     133         0.340
  6     91          0.340
  7     129         0.260
  8     86          0.260
  9     126         0.208
  10    125         0.126

Detector: BL_W120_T1.4_D15
Best Detection: 108 mmHg (confidence: 0.660)
Top 10 readings:
  Rank  Pressure    Confidence  
  ------------------------------
  1     108         0.660
  2     105         0.580
  3     100         0.500
  4     95          0.420
  5     91          0.340
  6     129         0.260
  7     86          0.260
  8     125         0.126
  9     121         0.126
  10    82          0.126

Detector: BL_W120_T1.4_D20
Best Detection: 108 mmHg (confidence: 0.660)
Top 10 readings:
  Rank  Pressure    Confidence  
  ------------------------------
  1     108         0.660
  2     105         0.580
  3     100         0.500
  4     95          0.420
  5     91          0.340
  6     129         0.260
  7     86          0.260
  8     125         0.126
  9     121         0.126
  10    82          0.126

Detector: BL_W120_T1.4_D25
Best Detection: 108 mmHg (confidence: 0.660)
Top 10 readings:
  Rank  Pressure    Confidence  
  ------------------------------
  1     108         0.660
  2     105         0.580
  3     100         0.500
  4     95          0.420
  5     91          0.340
  6     129         0.260
  7     86          0.260
  8     125         0.126
  9     121         0.126
  10    82          0.126

Detector: BL_W120_T1.4_D30
Best Detection: 108 mmHg (confidence: 0.660)
Top 10 readings:
  Rank  Pressure    Confidence  
  ------------------------------
  1     108         0.660
  2     105         0.580
  3     100         0.500
  4     95          0.420
  5     91          0.340
  6     128         0.260
  7     86          0.260
  8     125         0.126
  9     121         0.126
  10    82          0.126

Detector: BL_W120_T1.4_D40
Best Detection: 108 mmHg (confidence: 0.660)
Top 10 readings:
  Rank  Pressure    Confidence  
  ------------------------------
  1     108         0.660
  2     105         0.580
  3     100         0.500
  4     95          0.420
  5     91          0.340
  6     86          0.260
  7     125         0.126
  8     121         0.126
  9     82          0.126
  10    78          0.050

Detector: BL_W120_T1.6_D2
Best Detection: 149 mmHg (confidence: 0.580)
Top 10 readings:
  Rank  Pressure    Confidence  
  ------------------------------
  1     149         0.580
  2     108         0.580
  3     143         0.500
  4     105         0.500
  5     140         0.420
  6     100         0.420
  7     135         0.340
  8     133         0.340
  9     95          0.340
  10    129         0.260

Detector: BL_W120_T1.6_D4
Best Detection: 108 mmHg (confidence: 0.580)
Top 10 readings:
  Rank  Pressure    Confidence  
  ------------------------------
  1     108         0.580
  2     105         0.500
  3     100         0.420
  4     135         0.340
  5     132         0.340
  6     95          0.340
  7     129         0.260
  8     91          0.260
  9     126         0.208
  10    125         0.126

Detector: BL_W120_T1.6_D6
Best Detection: 108 mmHg (confidence: 0.580)
Top 10 readings:
  Rank  Pressure    Confidence  
  ------------------------------
  1     108         0.580
  2     105         0.500
  3     100         0.420
  4     134         0.340
  5     95          0.340
  6     129         0.260
  7     91          0.260
  8     126         0.208
  9     125         0.126
  10    121         0.126

Detector: BL_W120_T1.6_D8
Best Detection: 108 mmHg (confidence: 0.580)
Top 10 readings:
  Rank  Pressure    Confidence  
  ------------------------------
  1     108         0.580
  2     105         0.500
  3     100         0.420
  4     134         0.340
  5     95          0.340
  6     129         0.260
  7     91          0.260
  8     126         0.208
  9     125         0.126
  10    121         0.126

Detector: BL_W120_T1.6_D10
Best Detection: 108 mmHg (confidence: 0.580)
Top 10 readings:
  Rank  Pressure    Confidence  
  ------------------------------
  1     108         0.580
  2     105         0.500
  3     100         0.420
  4     133         0.340
  5     95          0.340
  6     129         0.260
  7     91          0.260
  8     126         0.208
  9     125         0.126
  10    121         0.126

Detector: BL_W120_T1.6_D15
Best Detection: 108 mmHg (confidence: 0.580)
Top 10 readings:
  Rank  Pressure    Confidence  
  ------------------------------
  1     108         0.580
  2     105         0.500
  3     100         0.420
  4     95          0.340
  5     129         0.260
  6     91          0.260
  7     125         0.126
  8     121         0.126
  9     86          0.126
  10    82          0.050

Detector: BL_W120_T1.6_D20
Best Detection: 108 mmHg (confidence: 0.580)
Top 10 readings:
  Rank  Pressure    Confidence  
  ------------------------------
  1     108         0.580
  2     105         0.500
  3     100         0.420
  4     95          0.340
  5     129         0.260
  6     91          0.260
  7     125         0.126
  8     121         0.126
  9     86          0.126
  10    82          0.050

Detector: BL_W120_T1.6_D25
Best Detection: 108 mmHg (confidence: 0.580)
Top 10 readings:
  Rank  Pressure    Confidence  
  ------------------------------
  1     108         0.580
  2     105         0.500
  3     100         0.420
  4     95          0.340
  5     129         0.260
  6     91          0.260
  7     125         0.126
  8     121         0.126
  9     86          0.126
  10    82          0.050

Detector: BL_W120_T1.6_D30
Best Detection: 108 mmHg (confidence: 0.580)
Top 10 readings:
  Rank  Pressure    Confidence  
  ------------------------------
  1     108         0.580
  2     105         0.500
  3     100         0.420
  4     95          0.340
  5     128         0.260
  6     91          0.260
  7     125         0.126
  8     121         0.126
  9     86          0.126
  10    82          0.050

Detector: BL_W120_T1.6_D40
Best Detection: 108 mmHg (confidence: 0.580)
Top 10 readings:
  Rank  Pressure    Confidence  
  ------------------------------
  1     108         0.580
  2     105         0.500
  3     100         0.420
  4     95          0.340
  5     91          0.260
  6     125         0.126
  7     121         0.126
  8     86          0.126
  9     82          0.050
  10    120         0.010

Detector: BL_W120_T1.8_D2
Best Detection: 149 mmHg (confidence: 0.580)
Top 10 readings:
  Rank  Pressure    Confidence  
  ------------------------------
  1     149         0.580
  2     143         0.500
  3     140         0.420
  4     135         0.340
  5     133         0.340
  6     105         0.340
  7     129         0.260
  8     100         0.260
  9     125         0.126
  10    121         0.126

Detector: BL_W120_T1.8_D4
Best Detection: 135 mmHg (confidence: 0.340)
Top 10 readings:
  Rank  Pressure    Confidence  
  ------------------------------
  1     135         0.340
  2     132         0.340
  3     105         0.340
  4     129         0.260
  5     100         0.260
  6     125         0.126
  7     121         0.126
  8     95          0.126
  9     90          0.050
  10    120         0.010

Detector: BL_W120_T1.8_D6
Best Detection: 134 mmHg (confidence: 0.340)
Top 10 readings:
  Rank  Pressure    Confidence  
  ------------------------------
  1     134         0.340
  2     105         0.340
  3     129         0.260
  4     100         0.260
  5     125         0.126
  6     121         0.126
  7     95          0.126
  8     90          0.050
  9     120         0.010
  10    116         0.010

Detector: BL_W120_T1.8_D8
Best Detection: 134 mmHg (confidence: 0.340)
Top 10 readings:
  Rank  Pressure    Confidence  
  ------------------------------
  1     134         0.340
  2     105         0.340
  3     129         0.260
  4     100         0.260
  5     125         0.126
  6     121         0.126
  7     95          0.126
  8     90          0.050
  9     120         0.010
  10    116         0.010

Detector: BL_W120_T1.8_D10
Best Detection: 133 mmHg (confidence: 0.340)
Top 10 readings:
  Rank  Pressure    Confidence  
  ------------------------------
  1     133         0.340
  2     105         0.340
  3     129         0.260
  4     100         0.260
  5     126         0.208
  6     125         0.126
  7     121         0.126
  8     95          0.126
  9     90          0.050
  10    120         0.010

Detector: BL_W120_T1.8_D15
Best Detection: 105 mmHg (confidence: 0.340)
Top 10 readings:
  Rank  Pressure    Confidence  
  ------------------------------
  1     105         0.340
  2     129         0.260
  3     100         0.260
  4     125         0.126
  5     121         0.126
  6     95          0.126
  7     90          0.050
  8     120         0.010
  9     116         0.010

Detector: BL_W120_T1.8_D20
Best Detection: 105 mmHg (confidence: 0.340)
Top 10 readings:
  Rank  Pressure    Confidence  
  ------------------------------
  1     105         0.340
  2     129         0.260
  3     100         0.260
  4     125         0.126
  5     121         0.126
  6     95          0.126
  7     90          0.050
  8     120         0.010
  9     116         0.010

Detector: BL_W120_T1.8_D25
Best Detection: 105 mmHg (confidence: 0.340)
Top 10 readings:
  Rank  Pressure    Confidence  
  ------------------------------
  1     105         0.340
  2     129         0.260
  3     100         0.260
  4     125         0.126
  5     121         0.126
  6     95          0.126
  7     90          0.050
  8     120         0.010
  9     116         0.010

Detector: BL_W120_T1.8_D30
Best Detection: 105 mmHg (confidence: 0.340)
Top 10 readings:
  Rank  Pressure    Confidence  
  ------------------------------
  1     105         0.340
  2     128         0.260
  3     100         0.260
  4     125         0.126
  5     121         0.126
  6     95          0.126
  7     90          0.050
  8     120         0.010
  9     116         0.010

Detector: BL_W120_T1.8_D40
Best Detection: 105 mmHg (confidence: 0.340)
Top 10 readings:
  Rank  Pressure    Confidence  
  ------------------------------
  1     105         0.340
  2     100         0.260
  3     125         0.126
  4     121         0.126
  5     95          0.126
  6     90          0.050
  7     120         0.010
  8     116         0.010

Detector: BL_W120_T2.0_D2
Best Detection: 149 mmHg (confidence: 0.580)
Top 10 readings:
  Rank  Pressure    Confidence  
  ------------------------------
  1     149         0.580
  2     143         0.500
  3     140         0.420
  4     135         0.340
  5     133         0.340
  6     105         0.340
  7     129         0.260
  8     99          0.260
  9     125         0.126
  10    121         0.126

Detector: BL_W120_T2.0_D4
Best Detection: 135 mmHg (confidence: 0.340)
Top 10 readings:
  Rank  Pressure    Confidence  
  ------------------------------
  1     135         0.340
  2     105         0.340
  3     132         0.272
  4     129         0.260
  5     99          0.260
  6     125         0.126
  7     121         0.126
  8     94          0.126
  9     90          0.050
  10    119         0.010

Detector: BL_W120_T2.0_D6
Best Detection: 134 mmHg (confidence: 0.340)
Top 10 readings:
  Rank  Pressure    Confidence  
  ------------------------------
  1     134         0.340
  2     105         0.340
  3     129         0.260
  4     99          0.260
  5     125         0.126
  6     121         0.126
  7     94          0.126
  8     90          0.050
  9     119         0.010
  10    116         0.010

Detector: BL_W120_T2.0_D8
Best Detection: 134 mmHg (confidence: 0.340)
Top 10 readings:
  Rank  Pressure    Confidence  
  ------------------------------
  1     134         0.340
  2     105         0.340
  3     129         0.260
  4     99          0.260
  5     125         0.126
  6     121         0.126
  7     94          0.126
  8     90          0.050
  9     119         0.010
  10    116         0.010

Detector: BL_W120_T2.0_D10
Best Detection: 133 mmHg (confidence: 0.340)
Top 10 readings:
  Rank  Pressure    Confidence  
  ------------------------------
  1     133         0.340
  2     105         0.340
  3     129         0.260
  4     99          0.260
  5     126         0.208
  6     125         0.126
  7     121         0.126
  8     94          0.126
  9     90          0.050
  10    119         0.010

Detector: BL_W120_T2.0_D15
Best Detection: 105 mmHg (confidence: 0.340)
Top 10 readings:
  Rank  Pressure    Confidence  
  ------------------------------
  1     105         0.340
  2     129         0.260
  3     99          0.260
  4     125         0.126
  5     121         0.126
  6     94          0.126
  7     90          0.050
  8     119         0.010
  9     116         0.010

Detector: BL_W120_T2.0_D20
Best Detection: 105 mmHg (confidence: 0.340)
Top 10 readings:
  Rank  Pressure    Confidence  
  ------------------------------
  1     105         0.340
  2     129         0.260
  3     99          0.260
  4     125         0.126
  5     121         0.126
  6     94          0.126
  7     90          0.050
  8     119         0.010
  9     116         0.010

Detector: BL_W120_T2.0_D25
Best Detection: 105 mmHg (confidence: 0.340)
Top 10 readings:
  Rank  Pressure    Confidence  
  ------------------------------
  1     105         0.340
  2     129         0.260
  3     99          0.260
  4     125         0.126
  5     121         0.126
  6     94          0.126
  7     90          0.050
  8     119         0.010
  9     116         0.010

Detector: BL_W120_T2.0_D30
Best Detection: 105 mmHg (confidence: 0.340)
Top 10 readings:
  Rank  Pressure    Confidence  
  ------------------------------
  1     105         0.340
  2     128         0.260
  3     99          0.260
  4     125         0.126
  5     121         0.126
  6     94          0.126
  7     90          0.050
  8     119         0.010
  9     116         0.010

Detector: BL_W120_T2.0_D40
Best Detection: 105 mmHg (confidence: 0.340)
Top 10 readings:
  Rank  Pressure    Confidence  
  ------------------------------
  1     105         0.340
  2     99          0.260
  3     125         0.126
  4     121         0.126
  5     94          0.126
  6     90          0.050
  7     119         0.010
  8     116         0.010

Detector: BL_W120_T2.2_D2
Best Detection: 149 mmHg (confidence: 0.580)
Top 10 readings:
  Rank  Pressure    Confidence  
  ------------------------------
  1     149         0.580
  2     143         0.500
  3     140         0.420
  4     135         0.340
  5     133         0.340
  6     129         0.260
  7     104         0.260
  8     125         0.126
  9     121         0.126
  10    99          0.126

Detector: BL_W120_T2.2_D4
Best Detection: 135 mmHg (confidence: 0.340)
Top 10 readings:
  Rank  Pressure    Confidence  
  ------------------------------
  1     135         0.340
  2     132         0.272
  3     129         0.260
  4     104         0.260
  5     125         0.126
  6     121         0.126
  7     99          0.126
  8     94          0.050
  9     119         0.010
  10    116         0.010

Detector: BL_W120_T2.2_D6
Best Detection: 134 mmHg (confidence: 0.340)
Top 10 readings:
  Rank  Pressure    Confidence  
  ------------------------------
  1     134         0.340
  2     129         0.260
  3     104         0.260
  4     125         0.126
  5     121         0.126
  6     99          0.126
  7     94          0.050
  8     119         0.010
  9     116         0.010

Detector: BL_W120_T2.2_D8
Best Detection: 134 mmHg (confidence: 0.340)
Top 10 readings:
  Rank  Pressure    Confidence  
  ------------------------------
  1     134         0.340
  2     129         0.260
  3     104         0.260
  4     125         0.126
  5     121         0.126
  6     99          0.126
  7     94          0.050
  8     119         0.010
  9     116         0.010

Detector: BL_W120_T2.2_D10
Best Detection: 133 mmHg (confidence: 0.340)
Top 10 readings:
  Rank  Pressure    Confidence  
  ------------------------------
  1     133         0.340
  2     129         0.260
  3     104         0.260
  4     126         0.208
  5     125         0.126
  6     121         0.126
  7     99          0.126
  8     94          0.050
  9     119         0.010
  10    116         0.010

Detector: BL_W120_T2.2_D15
Best Detection: 129 mmHg (confidence: 0.260)
Top 10 readings:
  Rank  Pressure    Confidence  
  ------------------------------
  1     129         0.260
  2     104         0.260
  3     125         0.126
  4     121         0.126
  5     99          0.126
  6     94          0.050
  7     119         0.010
  8     116         0.010

Detector: BL_W120_T2.2_D20
Best Detection: 129 mmHg (confidence: 0.260)
Top 10 readings:
  Rank  Pressure    Confidence  
  ------------------------------
  1     129         0.260
  2     104         0.260
  3     125         0.126
  4     121         0.126
  5     99          0.126
  6     94          0.050
  7     119         0.010
  8     116         0.010

Detector: BL_W120_T2.2_D25
Best Detection: 129 mmHg (confidence: 0.260)
Top 10 readings:
  Rank  Pressure    Confidence  
  ------------------------------
  1     129         0.260
  2     104         0.260
  3     125         0.126
  4     121         0.126
  5     99          0.126
  6     94          0.050
  7     119         0.010
  8     116         0.010

Detector: BL_W120_T2.2_D30
Best Detection: 128 mmHg (confidence: 0.260)
Top 10 readings:
  Rank  Pressure    Confidence  
  ------------------------------
  1     128         0.260
  2     104         0.260
  3     125         0.126
  4     121         0.126
  5     99          0.126
  6     94          0.050
  7     119         0.010
  8     116         0.010

Detector: BL_W120_T2.2_D40
Best Detection: 104 mmHg (confidence: 0.260)
Top 10 readings:
  Rank  Pressure    Confidence  
  ------------------------------
  1     104         0.260
  2     125         0.126
  3     121         0.126
  4     99          0.126
  5     94          0.050
  6     119         0.010
  7     116         0.010

Detector: BL_W120_T2.4_D2
Best Detection: 149 mmHg (confidence: 0.580)
Top 10 readings:
  Rank  Pressure    Confidence  
  ------------------------------
  1     149         0.580
  2     143         0.500
  3     140         0.420
  4     135         0.340
  5     129         0.260
  6     104         0.260
  7     125         0.126
  8     121         0.126
  9     99          0.126
  10    94          0.050

Detector: BL_W120_T2.4_D4
Best Detection: 135 mmHg (confidence: 0.340)
Top 10 readings:
  Rank  Pressure    Confidence  
  ------------------------------
  1     135         0.340
  2     132         0.272
  3     129         0.260
  4     104         0.260
  5     125         0.126
  6     121         0.126
  7     99          0.126
  8     94          0.050
  9     119         0.010
  10    116         0.010

Detector: BL_W120_T2.4_D6
Best Detection: 134 mmHg (confidence: 0.340)
Top 10 readings:
  Rank  Pressure    Confidence  
  ------------------------------
  1     134         0.340
  2     129         0.260
  3     104         0.260
  4     125         0.126
  5     121         0.126
  6     99          0.126
  7     94          0.050
  8     119         0.010
  9     116         0.010

Detector: BL_W120_T2.4_D8
Best Detection: 134 mmHg (confidence: 0.340)
Top 10 readings:
  Rank  Pressure    Confidence  
  ------------------------------
  1     134         0.340
  2     129         0.260
  3     104         0.260
  4     125         0.126
  5     121         0.126
  6     99          0.126
  7     94          0.050
  8     119         0.010
  9     116         0.010

Detector: BL_W120_T2.4_D10
Best Detection: 133 mmHg (confidence: 0.340)
Top 10 readings:
  Rank  Pressure    Confidence  
  ------------------------------
  1     133         0.340
  2     129         0.260
  3     104         0.260
  4     126         0.208
  5     125         0.126
  6     121         0.126
  7     99          0.126
  8     94          0.050
  9     119         0.010
  10    116         0.010

Detector: BL_W120_T2.4_D15
Best Detection: 129 mmHg (confidence: 0.260)
Top 10 readings:
  Rank  Pressure    Confidence  
  ------------------------------
  1     129         0.260
  2     104         0.260
  3     125         0.126
  4     121         0.126
  5     99          0.126
  6     94          0.050
  7     119         0.010
  8     116         0.010

Detector: BL_W120_T2.4_D20
Best Detection: 129 mmHg (confidence: 0.260)
Top 10 readings:
  Rank  Pressure    Confidence  
  ------------------------------
  1     129         0.260
  2     104         0.260
  3     125         0.126
  4     121         0.126
  5     99          0.126
  6     94          0.050
  7     119         0.010
  8     116         0.010

Detector: BL_W120_T2.4_D25
Best Detection: 129 mmHg (confidence: 0.260)
Top 10 readings:
  Rank  Pressure    Confidence  
  ------------------------------
  1     129         0.260
  2     104         0.260
  3     125         0.126
  4     121         0.126
  5     99          0.126
  6     94          0.050
  7     119         0.010
  8     116         0.010

Detector: BL_W120_T2.4_D30
Best Detection: 128 mmHg (confidence: 0.260)
Top 10 readings:
  Rank  Pressure    Confidence  
  ------------------------------
  1     128         0.260
  2     104         0.260
  3     125         0.126
  4     121         0.126
  5     99          0.126
  6     94          0.050
  7     119         0.010
  8     116         0.010

Detector: BL_W120_T2.4_D40
Best Detection: 104 mmHg (confidence: 0.260)
Top 10 readings:
  Rank  Pressure    Confidence  
  ------------------------------
  1     104         0.260
  2     125         0.126
  3     121         0.126
  4     99          0.126
  5     94          0.050
  6     119         0.010
  7     116         0.010

Detector: BL_W120_T2.6_D2
Best Detection: 149 mmHg (confidence: 0.580)
Top 10 readings:
  Rank  Pressure    Confidence  
  ------------------------------
  1     149         0.580
  2     143         0.500
  3     140         0.420
  4     135         0.340
  5     129         0.260
  6     125         0.126
  7     121         0.126
  8     104         0.126
  9     99          0.050
  10    119         0.010

Detector: BL_W120_T2.6_D4
Best Detection: 135 mmHg (confidence: 0.340)
Top 10 readings:
  Rank  Pressure    Confidence  
  ------------------------------
  1     135         0.340
  2     132         0.272
  3     129         0.260
  4     125         0.126
  5     121         0.126
  6     104         0.126
  7     99          0.050
  8     119         0.010
  9     116         0.010

Detector: BL_W120_T2.6_D6
Best Detection: 134 mmHg (confidence: 0.340)
Top 10 readings:
  Rank  Pressure    Confidence  
  ------------------------------
  1     134         0.340
  2     129         0.260
  3     125         0.126
  4     121         0.126
  5     104         0.126
  6     99          0.050
  7     119         0.010
  8     116         0.010

Detector: BL_W120_T2.6_D8
Best Detection: 134 mmHg (confidence: 0.340)
Top 10 readings:
  Rank  Pressure    Confidence  
  ------------------------------
  1     134         0.340
  2     129         0.260
  3     125         0.126
  4     121         0.126
  5     104         0.126
  6     99          0.050
  7     119         0.010
  8     116         0.010

Detector: BL_W120_T2.6_D10
Best Detection: 133 mmHg (confidence: 0.340)
Top 10 readings:
  Rank  Pressure    Confidence  
  ------------------------------
  1     133         0.340
  2     129         0.260
  3     126         0.208
  4     125         0.126
  5     121         0.126
  6     104         0.126
  7     99          0.050
  8     119         0.010
  9     116         0.010

Detector: BL_W120_T2.6_D15
Best Detection: 129 mmHg (confidence: 0.260)
Top 10 readings:
  Rank  Pressure    Confidence  
  ------------------------------
  1     129         0.260
  2     125         0.126
  3     121         0.126
  4     104         0.126
  5     99          0.050
  6     119         0.010
  7     116         0.010

Detector: BL_W120_T2.6_D20
Best Detection: 129 mmHg (confidence: 0.260)
Top 10 readings:
  Rank  Pressure    Confidence  
  ------------------------------
  1     129         0.260
  2     125         0.126
  3     121         0.126
  4     104         0.126
  5     99          0.050
  6     119         0.010
  7     116         0.010

Detector: BL_W120_T2.6_D25
Best Detection: 129 mmHg (confidence: 0.260)
Top 10 readings:
  Rank  Pressure    Confidence  
  ------------------------------
  1     129         0.260
  2     125         0.126
  3     121         0.126
  4     104         0.126
  5     99          0.050
  6     119         0.010
  7     116         0.010

Detector: BL_W120_T2.6_D30
Best Detection: 128 mmHg (confidence: 0.260)
Top 10 readings:
  Rank  Pressure    Confidence  
  ------------------------------
  1     128         0.260
  2     125         0.126
  3     121         0.126
  4     104         0.126
  5     99          0.050
  6     119         0.010
  7     116         0.010

Detector: BL_W120_T2.6_D40
Best Detection: 125 mmHg (confidence: 0.126)
Top 10 readings:
  Rank  Pressure    Confidence  
  ------------------------------
  1     125         0.126
  2     121         0.126
  3     104         0.126
  4     99          0.050
  5     119         0.010
  6     116         0.010

Detector: BL_W120_T2.8_D2
Best Detection: 149 mmHg (confidence: 0.580)
Top 10 readings:
  Rank  Pressure    Confidence  
  ------------------------------
  1     149         0.580
  2     143         0.500
  3     140         0.420
  4     135         0.340
  5     129         0.260
  6     125         0.126
  7     121         0.126
  8     116         0.050
  9     119         0.010

Detector: BL_W120_T2.8_D4
Best Detection: 135 mmHg (confidence: 0.340)
Top 10 readings:
  Rank  Pressure    Confidence  
  ------------------------------
  1     135         0.340
  2     132         0.272
  3     129         0.260
  4     125         0.126
  5     121         0.126
  6     116         0.050
  7     119         0.010

Detector: BL_W120_T2.8_D6
Best Detection: 134 mmHg (confidence: 0.340)
Top 10 readings:
  Rank  Pressure    Confidence  
  ------------------------------
  1     134         0.340
  2     129         0.260
  3     125         0.126
  4     121         0.126
  5     116         0.050
  6     119         0.010

Detector: BL_W120_T2.8_D8
Best Detection: 134 mmHg (confidence: 0.340)
Top 10 readings:
  Rank  Pressure    Confidence  
  ------------------------------
  1     134         0.340
  2     129         0.260
  3     125         0.126
  4     121         0.126
  5     116         0.050
  6     119         0.010

Detector: BL_W120_T2.8_D10
Best Detection: 133 mmHg (confidence: 0.340)
Top 10 readings:
  Rank  Pressure    Confidence  
  ------------------------------
  1     133         0.340
  2     129         0.260
  3     126         0.208
  4     125         0.126
  5     121         0.126
  6     116         0.050
  7     119         0.010

Detector: BL_W120_T2.8_D15
Best Detection: 129 mmHg (confidence: 0.260)
Top 10 readings:
  Rank  Pressure    Confidence  
  ------------------------------
  1     129         0.260
  2     125         0.126
  3     121         0.126
  4     116         0.050
  5     119         0.010

Detector: BL_W120_T2.8_D20
Best Detection: 129 mmHg (confidence: 0.260)
Top 10 readings:
  Rank  Pressure    Confidence  
  ------------------------------
  1     129         0.260
  2     125         0.126
  3     121         0.126
  4     116         0.050
  5     119         0.010

Detector: BL_W120_T2.8_D25
Best Detection: 129 mmHg (confidence: 0.260)
Top 10 readings:
  Rank  Pressure    Confidence  
  ------------------------------
  1     129         0.260
  2     125         0.126
  3     121         0.126
  4     116         0.050
  5     119         0.010

Detector: BL_W120_T2.8_D30
Best Detection: 128 mmHg (confidence: 0.260)
Top 10 readings:
  Rank  Pressure    Confidence  
  ------------------------------
  1     128         0.260
  2     125         0.126
  3     121         0.126
  4     116         0.050
  5     119         0.010

Detector: BL_W120_T2.8_D40
Best Detection: 125 mmHg (confidence: 0.126)
Top 10 readings:
  Rank  Pressure    Confidence  
  ------------------------------
  1     125         0.126
  2     121         0.126
  3     116         0.050
  4     119         0.010

Detector: BL_W120_T3.0_D2
Best Detection: 149 mmHg (confidence: 0.580)
Top 10 readings:
  Rank  Pressure    Confidence  
  ------------------------------
  1     149         0.580
  2     143         0.500
  3     140         0.420
  4     135         0.340
  5     129         0.260
  6     125         0.126
  7     121         0.126
  8     116         0.050
  9     119         0.010

Detector: BL_W120_T3.0_D4
Best Detection: 135 mmHg (confidence: 0.340)
Top 10 readings:
  Rank  Pressure    Confidence  
  ------------------------------
  1     135         0.340
  2     132         0.340
  3     129         0.260
  4     125         0.126
  5     121         0.126
  6     116         0.050
  7     119         0.010

Detector: BL_W120_T3.0_D6
Best Detection: 134 mmHg (confidence: 0.340)
Top 10 readings:
  Rank  Pressure    Confidence  
  ------------------------------
  1     134         0.340
  2     129         0.260
  3     125         0.126
  4     121         0.126
  5     116         0.050
  6     119         0.010

Detector: BL_W120_T3.0_D8
Best Detection: 134 mmHg (confidence: 0.340)
Top 10 readings:
  Rank  Pressure    Confidence  
  ------------------------------
  1     134         0.340
  2     129         0.260
  3     125         0.126
  4     121         0.126
  5     116         0.050
  6     119         0.010

Detector: BL_W120_T3.0_D10
Best Detection: 133 mmHg (confidence: 0.340)
Top 10 readings:
  Rank  Pressure    Confidence  
  ------------------------------
  1     133         0.340
  2     129         0.260
  3     126         0.208
  4     125         0.126
  5     121         0.126
  6     116         0.050
  7     119         0.010

Detector: BL_W120_T3.0_D15
Best Detection: 129 mmHg (confidence: 0.260)
Top 10 readings:
  Rank  Pressure    Confidence  
  ------------------------------
  1     129         0.260
  2     125         0.126
  3     121         0.126
  4     116         0.050
  5     119         0.010

Detector: BL_W120_T3.0_D20
Best Detection: 129 mmHg (confidence: 0.260)
Top 10 readings:
  Rank  Pressure    Confidence  
  ------------------------------
  1     129         0.260
  2     125         0.126
  3     121         0.126
  4     116         0.050
  5     119         0.010

Detector: BL_W120_T3.0_D25
Best Detection: 129 mmHg (confidence: 0.260)
Top 10 readings:
  Rank  Pressure    Confidence  
  ------------------------------
  1     129         0.260
  2     125         0.126
  3     121         0.126
  4     116         0.050
  5     119         0.010

Detector: BL_W120_T3.0_D30
Best Detection: 128 mmHg (confidence: 0.260)
Top 10 readings:
  Rank  Pressure    Confidence  
  ------------------------------
  1     128         0.260
  2     125         0.126
  3     121         0.126
  4     116         0.050
  5     119         0.010

Detector: BL_W120_T3.0_D40
Best Detection: 125 mmHg (confidence: 0.126)
Top 10 readings:
  Rank  Pressure    Confidence  
  ------------------------------
  1     125         0.126
  2     121         0.126
  3     116         0.050
  4     119         0.010

Detector: BL_W130_T1.2_D2
Best Detection: 109 mmHg (confidence: 0.660)
Top 10 readings:
  Rank  Pressure    Confidence  
  ------------------------------
  1     109         0.660
  2     149         0.580
  3     105         0.580
  4     143         0.500
  5     100         0.500
  6     140         0.420
  7     95          0.420
  8     135         0.340
  9     133         0.340
  10    91          0.340

Detector: BL_W130_T1.2_D4
Best Detection: 109 mmHg (confidence: 0.660)
Top 10 readings:
  Rank  Pressure    Confidence  
  ------------------------------
  1     109         0.660
  2     105         0.580
  3     100         0.500
  4     95          0.420
  5     135         0.340
  6     132         0.340
  7     91          0.340
  8     129         0.260
  9     86          0.260
  10    126         0.208

Detector: BL_W130_T1.2_D6
Best Detection: 109 mmHg (confidence: 0.660)
Top 10 readings:
  Rank  Pressure    Confidence  
  ------------------------------
  1     109         0.660
  2     105         0.580
  3     100         0.500
  4     95          0.420
  5     134         0.340
  6     91          0.340
  7     129         0.260
  8     86          0.260
  9     126         0.208
  10    125         0.126

Detector: BL_W130_T1.2_D8
Best Detection: 109 mmHg (confidence: 0.660)
Top 10 readings:
  Rank  Pressure    Confidence  
  ------------------------------
  1     109         0.660
  2     105         0.580
  3     100         0.500
  4     95          0.420
  5     134         0.340
  6     91          0.340
  7     129         0.260
  8     86          0.260
  9     126         0.208
  10    125         0.126

Detector: BL_W130_T1.2_D10
Best Detection: 109 mmHg (confidence: 0.660)
Top 10 readings:
  Rank  Pressure    Confidence  
  ------------------------------
  1     109         0.660
  2     105         0.580
  3     100         0.500
  4     95          0.420
  5     133         0.340
  6     91          0.340
  7     129         0.260
  8     86          0.260
  9     126         0.208
  10    125         0.126

Detector: BL_W130_T1.2_D15
Best Detection: 109 mmHg (confidence: 0.660)
Top 10 readings:
  Rank  Pressure    Confidence  
  ------------------------------
  1     109         0.660
  2     105         0.580
  3     100         0.500
  4     95          0.420
  5     91          0.340
  6     129         0.260
  7     86          0.260
  8     125         0.126
  9     121         0.126
  10    82          0.126

Detector: BL_W130_T1.2_D20
Best Detection: 109 mmHg (confidence: 0.660)
Top 10 readings:
  Rank  Pressure    Confidence  
  ------------------------------
  1     109         0.660
  2     105         0.580
  3     100         0.500
  4     95          0.420
  5     91          0.340
  6     129         0.260
  7     86          0.260
  8     125         0.126
  9     121         0.126
  10    82          0.126

Detector: BL_W130_T1.2_D25
Best Detection: 109 mmHg (confidence: 0.660)
Top 10 readings:
  Rank  Pressure    Confidence  
  ------------------------------
  1     109         0.660
  2     105         0.580
  3     100         0.500
  4     95          0.420
  5     91          0.340
  6     129         0.260
  7     86          0.260
  8     125         0.126
  9     121         0.126
  10    82          0.126

Detector: BL_W130_T1.2_D30
Best Detection: 109 mmHg (confidence: 0.660)
Top 10 readings:
  Rank  Pressure    Confidence  
  ------------------------------
  1     109         0.660
  2     105         0.580
  3     100         0.500
  4     95          0.420
  5     91          0.340
  6     128         0.260
  7     86          0.260
  8     125         0.126
  9     121         0.126
  10    82          0.126

Detector: BL_W130_T1.2_D40
Best Detection: 109 mmHg (confidence: 0.660)
Top 10 readings:
  Rank  Pressure    Confidence  
  ------------------------------
  1     109         0.660
  2     105         0.580
  3     100         0.500
  4     95          0.420
  5     91          0.340
  6     86          0.260
  7     125         0.126
  8     121         0.126
  9     82          0.126
  10    78          0.050

Detector: BL_W130_T1.4_D2
Best Detection: 109 mmHg (confidence: 0.660)
Top 10 readings:
  Rank  Pressure    Confidence  
  ------------------------------
  1     109         0.660
  2     149         0.580
  3     105         0.580
  4     143         0.500
  5     100         0.500
  6     140         0.420
  7     95          0.420
  8     135         0.340
  9     133         0.340
  10    91          0.340

Detector: BL_W130_T1.4_D4
Best Detection: 109 mmHg (confidence: 0.660)
Top 10 readings:
  Rank  Pressure    Confidence  
  ------------------------------
  1     109         0.660
  2     105         0.580
  3     100         0.500
  4     95          0.420
  5     135         0.340
  6     132         0.340
  7     91          0.340
  8     129         0.260
  9     86          0.260
  10    126         0.208

Detector: BL_W130_T1.4_D6
Best Detection: 109 mmHg (confidence: 0.660)
Top 10 readings:
  Rank  Pressure    Confidence  
  ------------------------------
  1     109         0.660
  2     105         0.580
  3     100         0.500
  4     95          0.420
  5     134         0.340
  6     91          0.340
  7     129         0.260
  8     86          0.260
  9     126         0.208
  10    125         0.126

Detector: BL_W130_T1.4_D8
Best Detection: 109 mmHg (confidence: 0.660)
Top 10 readings:
  Rank  Pressure    Confidence  
  ------------------------------
  1     109         0.660
  2     105         0.580
  3     100         0.500
  4     95          0.420
  5     134         0.340
  6     91          0.340
  7     129         0.260
  8     86          0.260
  9     126         0.208
  10    125         0.126

Detector: BL_W130_T1.4_D10
Best Detection: 109 mmHg (confidence: 0.660)
Top 10 readings:
  Rank  Pressure    Confidence  
  ------------------------------
  1     109         0.660
  2     105         0.580
  3     100         0.500
  4     95          0.420
  5     133         0.340
  6     91          0.340
  7     129         0.260
  8     86          0.260
  9     126         0.208
  10    125         0.126

Detector: BL_W130_T1.4_D15
Best Detection: 109 mmHg (confidence: 0.660)
Top 10 readings:
  Rank  Pressure    Confidence  
  ------------------------------
  1     109         0.660
  2     105         0.580
  3     100         0.500
  4     95          0.420
  5     91          0.340
  6     129         0.260
  7     86          0.260
  8     125         0.126
  9     121         0.126
  10    82          0.126

Detector: BL_W130_T1.4_D20
Best Detection: 109 mmHg (confidence: 0.660)
Top 10 readings:
  Rank  Pressure    Confidence  
  ------------------------------
  1     109         0.660
  2     105         0.580
  3     100         0.500
  4     95          0.420
  5     91          0.340
  6     129         0.260
  7     86          0.260
  8     125         0.126
  9     121         0.126
  10    82          0.126

Detector: BL_W130_T1.4_D25
Best Detection: 109 mmHg (confidence: 0.660)
Top 10 readings:
  Rank  Pressure    Confidence  
  ------------------------------
  1     109         0.660
  2     105         0.580
  3     100         0.500
  4     95          0.420
  5     91          0.340
  6     129         0.260
  7     86          0.260
  8     125         0.126
  9     121         0.126
  10    82          0.126

Detector: BL_W130_T1.4_D30
Best Detection: 109 mmHg (confidence: 0.660)
Top 10 readings:
  Rank  Pressure    Confidence  
  ------------------------------
  1     109         0.660
  2     105         0.580
  3     100         0.500
  4     95          0.420
  5     91          0.340
  6     128         0.260
  7     86          0.260
  8     125         0.126
  9     121         0.126
  10    82          0.126

Detector: BL_W130_T1.4_D40
Best Detection: 109 mmHg (confidence: 0.660)
Top 10 readings:
  Rank  Pressure    Confidence  
  ------------------------------
  1     109         0.660
  2     105         0.580
  3     100         0.500
  4     95          0.420
  5     91          0.340
  6     86          0.260
  7     125         0.126
  8     121         0.126
  9     82          0.126
  10    78          0.050

Detector: BL_W130_T1.6_D2
Best Detection: 108 mmHg (confidence: 0.580)
Top 10 readings:
  Rank  Pressure    Confidence  
  ------------------------------
  1     108         0.580
  2     143         0.500
  3     105         0.500
  4     140         0.420
  5     100         0.420
  6     135         0.340
  7     133         0.340
  8     95          0.340
  9     129         0.260
  10    91          0.260

Detector: BL_W130_T1.6_D4
Best Detection: 108 mmHg (confidence: 0.580)
Top 10 readings:
  Rank  Pressure    Confidence  
  ------------------------------
  1     108         0.580
  2     105         0.500
  3     100         0.420
  4     135         0.340
  5     132         0.340
  6     95          0.340
  7     129         0.260
  8     91          0.260
  9     126         0.208
  10    125         0.126

Detector: BL_W130_T1.6_D6
Best Detection: 108 mmHg (confidence: 0.580)
Top 10 readings:
  Rank  Pressure    Confidence  
  ------------------------------
  1     108         0.580
  2     105         0.500
  3     100         0.420
  4     134         0.340
  5     95          0.340
  6     129         0.260
  7     91          0.260
  8     126         0.208
  9     125         0.126
  10    121         0.126

Detector: BL_W130_T1.6_D8
Best Detection: 108 mmHg (confidence: 0.580)
Top 10 readings:
  Rank  Pressure    Confidence  
  ------------------------------
  1     108         0.580
  2     105         0.500
  3     100         0.420
  4     134         0.340
  5     95          0.340
  6     129         0.260
  7     91          0.260
  8     126         0.208
  9     125         0.126
  10    121         0.126

Detector: BL_W130_T1.6_D10
Best Detection: 108 mmHg (confidence: 0.580)
Top 10 readings:
  Rank  Pressure    Confidence  
  ------------------------------
  1     108         0.580
  2     105         0.500
  3     100         0.420
  4     133         0.340
  5     95          0.340
  6     129         0.260
  7     91          0.260
  8     126         0.208
  9     125         0.126
  10    121         0.126

Detector: BL_W130_T1.6_D15
Best Detection: 108 mmHg (confidence: 0.580)
Top 10 readings:
  Rank  Pressure    Confidence  
  ------------------------------
  1     108         0.580
  2     105         0.500
  3     100         0.420
  4     95          0.340
  5     129         0.260
  6     91          0.260
  7     125         0.126
  8     121         0.126
  9     86          0.126
  10    82          0.050

Detector: BL_W130_T1.6_D20
Best Detection: 108 mmHg (confidence: 0.580)
Top 10 readings:
  Rank  Pressure    Confidence  
  ------------------------------
  1     108         0.580
  2     105         0.500
  3     100         0.420
  4     95          0.340
  5     129         0.260
  6     91          0.260
  7     125         0.126
  8     121         0.126
  9     86          0.126
  10    82          0.050

Detector: BL_W130_T1.6_D25
Best Detection: 108 mmHg (confidence: 0.580)
Top 10 readings:
  Rank  Pressure    Confidence  
  ------------------------------
  1     108         0.580
  2     105         0.500
  3     100         0.420
  4     95          0.340
  5     129         0.260
  6     91          0.260
  7     125         0.126
  8     121         0.126
  9     86          0.126
  10    82          0.050

Detector: BL_W130_T1.6_D30
Best Detection: 108 mmHg (confidence: 0.580)
Top 10 readings:
  Rank  Pressure    Confidence  
  ------------------------------
  1     108         0.580
  2     105         0.500
  3     100         0.420
  4     95          0.340
  5     128         0.260
  6     91          0.260
  7     125         0.126
  8     121         0.126
  9     86          0.126
  10    82          0.050

Detector: BL_W130_T1.6_D40
Best Detection: 108 mmHg (confidence: 0.580)
Top 10 readings:
  Rank  Pressure    Confidence  
  ------------------------------
  1     108         0.580
  2     105         0.500
  3     100         0.420
  4     95          0.340
  5     91          0.260
  6     125         0.126
  7     121         0.126
  8     86          0.126
  9     82          0.050
  10    120         0.010

Detector: BL_W130_T1.8_D2
Best Detection: 143 mmHg (confidence: 0.500)
Top 10 readings:
  Rank  Pressure    Confidence  
  ------------------------------
  1     143         0.500
  2     140         0.420
  3     135         0.340
  4     105         0.340
  5     129         0.260
  6     100         0.260
  7     125         0.126
  8     121         0.126
  9     95          0.126
  10    90          0.050

Detector: BL_W130_T1.8_D4
Best Detection: 135 mmHg (confidence: 0.340)
Top 10 readings:
  Rank  Pressure    Confidence  
  ------------------------------
  1     135         0.340
  2     132         0.340
  3     105         0.340
  4     129         0.260
  5     100         0.260
  6     125         0.126
  7     121         0.126
  8     95          0.126
  9     90          0.050
  10    120         0.010

Detector: BL_W130_T1.8_D6
Best Detection: 134 mmHg (confidence: 0.340)
Top 10 readings:
  Rank  Pressure    Confidence  
  ------------------------------
  1     134         0.340
  2     105         0.340
  3     129         0.260
  4     100         0.260
  5     125         0.126
  6     121         0.126
  7     95          0.126
  8     90          0.050
  9     120         0.010
  10    116         0.010

Detector: BL_W130_T1.8_D8
Best Detection: 134 mmHg (confidence: 0.340)
Top 10 readings:
  Rank  Pressure    Confidence  
  ------------------------------
  1     134         0.340
  2     105         0.340
  3     129         0.260
  4     100         0.260
  5     125         0.126
  6     121         0.126
  7     95          0.126
  8     90          0.050
  9     120         0.010
  10    116         0.010

Detector: BL_W130_T1.8_D10
Best Detection: 133 mmHg (confidence: 0.340)
Top 10 readings:
  Rank  Pressure    Confidence  
  ------------------------------
  1     133         0.340
  2     105         0.340
  3     129         0.260
  4     100         0.260
  5     126         0.208
  6     125         0.126
  7     121         0.126
  8     95          0.126
  9     90          0.050
  10    120         0.010

Detector: BL_W130_T1.8_D15
Best Detection: 105 mmHg (confidence: 0.340)
Top 10 readings:
  Rank  Pressure    Confidence  
  ------------------------------
  1     105         0.340
  2     129         0.260
  3     100         0.260
  4     125         0.126
  5     121         0.126
  6     95          0.126
  7     90          0.050
  8     120         0.010
  9     116         0.010

Detector: BL_W130_T1.8_D20
Best Detection: 105 mmHg (confidence: 0.340)
Top 10 readings:
  Rank  Pressure    Confidence  
  ------------------------------
  1     105         0.340
  2     129         0.260
  3     100         0.260
  4     125         0.126
  5     121         0.126
  6     95          0.126
  7     90          0.050
  8     120         0.010
  9     116         0.010

Detector: BL_W130_T1.8_D25
Best Detection: 105 mmHg (confidence: 0.340)
Top 10 readings:
  Rank  Pressure    Confidence  
  ------------------------------
  1     105         0.340
  2     129         0.260
  3     100         0.260
  4     125         0.126
  5     121         0.126
  6     95          0.126
  7     90          0.050
  8     120         0.010
  9     116         0.010

Detector: BL_W130_T1.8_D30
Best Detection: 105 mmHg (confidence: 0.340)
Top 10 readings:
  Rank  Pressure    Confidence  
  ------------------------------
  1     105         0.340
  2     128         0.260
  3     100         0.260
  4     125         0.126
  5     121         0.126
  6     95          0.126
  7     90          0.050
  8     120         0.010
  9     116         0.010

Detector: BL_W130_T1.8_D40
Best Detection: 105 mmHg (confidence: 0.340)
Top 10 readings:
  Rank  Pressure    Confidence  
  ------------------------------
  1     105         0.340
  2     100         0.260
  3     125         0.126
  4     121         0.126
  5     95          0.126
  6     90          0.050
  7     120         0.010
  8     116         0.010

Detector: BL_W130_T2.0_D2
Best Detection: 143 mmHg (confidence: 0.500)
Top 10 readings:
  Rank  Pressure    Confidence  
  ------------------------------
  1     143         0.500
  2     140         0.420
  3     135         0.340
  4     105         0.340
  5     129         0.260
  6     99          0.260
  7     125         0.126
  8     121         0.126
  9     95          0.126
  10    90          0.050

Detector: BL_W130_T2.0_D4
Best Detection: 135 mmHg (confidence: 0.340)
Top 10 readings:
  Rank  Pressure    Confidence  
  ------------------------------
  1     135         0.340
  2     105         0.340
  3     132         0.272
  4     129         0.260
  5     99          0.260
  6     125         0.126
  7     121         0.126
  8     95          0.126
  9     90          0.050
  10    119         0.010

Detector: BL_W130_T2.0_D6
Best Detection: 134 mmHg (confidence: 0.340)
Top 10 readings:
  Rank  Pressure    Confidence  
  ------------------------------
  1     134         0.340
  2     105         0.340
  3     129         0.260
  4     99          0.260
  5     125         0.126
  6     121         0.126
  7     95          0.126
  8     90          0.050
  9     119         0.010
  10    116         0.010

Detector: BL_W130_T2.0_D8
Best Detection: 134 mmHg (confidence: 0.340)
Top 10 readings:
  Rank  Pressure    Confidence  
  ------------------------------
  1     134         0.340
  2     105         0.340
  3     129         0.260
  4     99          0.260
  5     125         0.126
  6     121         0.126
  7     95          0.126
  8     90          0.050
  9     119         0.010
  10    116         0.010

Detector: BL_W130_T2.0_D10
Best Detection: 133 mmHg (confidence: 0.340)
Top 10 readings:
  Rank  Pressure    Confidence  
  ------------------------------
  1     133         0.340
  2     105         0.340
  3     129         0.260
  4     99          0.260
  5     126         0.208
  6     125         0.126
  7     121         0.126
  8     95          0.126
  9     90          0.050
  10    119         0.010

Detector: BL_W130_T2.0_D15
Best Detection: 105 mmHg (confidence: 0.340)
Top 10 readings:
  Rank  Pressure    Confidence  
  ------------------------------
  1     105         0.340
  2     129         0.260
  3     99          0.260
  4     125         0.126
  5     121         0.126
  6     95          0.126
  7     90          0.050
  8     119         0.010
  9     116         0.010

Detector: BL_W130_T2.0_D20
Best Detection: 105 mmHg (confidence: 0.340)
Top 10 readings:
  Rank  Pressure    Confidence  
  ------------------------------
  1     105         0.340
  2     129         0.260
  3     99          0.260
  4     125         0.126
  5     121         0.126
  6     95          0.126
  7     90          0.050
  8     119         0.010
  9     116         0.010

Detector: BL_W130_T2.0_D25
Best Detection: 105 mmHg (confidence: 0.340)
Top 10 readings:
  Rank  Pressure    Confidence  
  ------------------------------
  1     105         0.340
  2     129         0.260
  3     99          0.260
  4     125         0.126
  5     121         0.126
  6     95          0.126
  7     90          0.050
  8     119         0.010
  9     116         0.010

Detector: BL_W130_T2.0_D30
Best Detection: 105 mmHg (confidence: 0.340)
Top 10 readings:
  Rank  Pressure    Confidence  
  ------------------------------
  1     105         0.340
  2     128         0.260
  3     99          0.260
  4     125         0.126
  5     121         0.126
  6     95          0.126
  7     90          0.050
  8     119         0.010
  9     116         0.010

Detector: BL_W130_T2.0_D40
Best Detection: 105 mmHg (confidence: 0.340)
Top 10 readings:
  Rank  Pressure    Confidence  
  ------------------------------
  1     105         0.340
  2     99          0.260
  3     125         0.126
  4     121         0.126
  5     95          0.126
  6     90          0.050
  7     119         0.010
  8     116         0.010

Detector: BL_W130_T2.2_D2
Best Detection: 143 mmHg (confidence: 0.500)
Top 10 readings:
  Rank  Pressure    Confidence  
  ------------------------------
  1     143         0.500
  2     140         0.420
  3     135         0.340
  4     129         0.260
  5     105         0.260
  6     125         0.126
  7     121         0.126
  8     99          0.126
  9     94          0.050
  10    119         0.010

Detector: BL_W130_T2.2_D4
Best Detection: 135 mmHg (confidence: 0.340)
Top 10 readings:
  Rank  Pressure    Confidence  
  ------------------------------
  1     135         0.340
  2     132         0.272
  3     129         0.260
  4     105         0.260
  5     125         0.126
  6     121         0.126
  7     99          0.126
  8     94          0.050
  9     119         0.010
  10    116         0.010

Detector: BL_W130_T2.2_D6
Best Detection: 134 mmHg (confidence: 0.340)
Top 10 readings:
  Rank  Pressure    Confidence  
  ------------------------------
  1     134         0.340
  2     129         0.260
  3     105         0.260
  4     125         0.126
  5     121         0.126
  6     99          0.126
  7     94          0.050
  8     119         0.010
  9     116         0.010

Detector: BL_W130_T2.2_D8
Best Detection: 134 mmHg (confidence: 0.340)
Top 10 readings:
  Rank  Pressure    Confidence  
  ------------------------------
  1     134         0.340
  2     129         0.260
  3     105         0.260
  4     125         0.126
  5     121         0.126
  6     99          0.126
  7     94          0.050
  8     119         0.010
  9     116         0.010

Detector: BL_W130_T2.2_D10
Best Detection: 133 mmHg (confidence: 0.340)
Top 10 readings:
  Rank  Pressure    Confidence  
  ------------------------------
  1     133         0.340
  2     129         0.260
  3     105         0.260
  4     126         0.208
  5     125         0.126
  6     121         0.126
  7     99          0.126
  8     94          0.050
  9     119         0.010
  10    116         0.010

Detector: BL_W130_T2.2_D15
Best Detection: 129 mmHg (confidence: 0.260)
Top 10 readings:
  Rank  Pressure    Confidence  
  ------------------------------
  1     129         0.260
  2     105         0.260
  3     125         0.126
  4     121         0.126
  5     99          0.126
  6     94          0.050
  7     119         0.010
  8     116         0.010

Detector: BL_W130_T2.2_D20
Best Detection: 129 mmHg (confidence: 0.260)
Top 10 readings:
  Rank  Pressure    Confidence  
  ------------------------------
  1     129         0.260
  2     105         0.260
  3     125         0.126
  4     121         0.126
  5     99          0.126
  6     94          0.050
  7     119         0.010
  8     116         0.010

Detector: BL_W130_T2.2_D25
Best Detection: 129 mmHg (confidence: 0.260)
Top 10 readings:
  Rank  Pressure    Confidence  
  ------------------------------
  1     129         0.260
  2     105         0.260
  3     125         0.126
  4     121         0.126
  5     99          0.126
  6     94          0.050
  7     119         0.010
  8     116         0.010

Detector: BL_W130_T2.2_D30
Best Detection: 128 mmHg (confidence: 0.260)
Top 10 readings:
  Rank  Pressure    Confidence  
  ------------------------------
  1     128         0.260
  2     105         0.260
  3     125         0.126
  4     121         0.126
  5     99          0.126
  6     94          0.050
  7     119         0.010
  8     116         0.010

Detector: BL_W130_T2.2_D40
Best Detection: 105 mmHg (confidence: 0.260)
Top 10 readings:
  Rank  Pressure    Confidence  
  ------------------------------
  1     105         0.260
  2     125         0.126
  3     121         0.126
  4     99          0.126
  5     94          0.050
  6     119         0.010
  7     116         0.010

Detector: BL_W130_T2.4_D2
Best Detection: 143 mmHg (confidence: 0.500)
Top 10 readings:
  Rank  Pressure    Confidence  
  ------------------------------
  1     143         0.500
  2     140         0.420
  3     135         0.340
  4     129         0.260
  5     104         0.260
  6     125         0.126
  7     121         0.126
  8     99          0.126
  9     94          0.050
  10    119         0.010

Detector: BL_W130_T2.4_D4
Best Detection: 135 mmHg (confidence: 0.340)
Top 10 readings:
  Rank  Pressure    Confidence  
  ------------------------------
  1     135         0.340
  2     132         0.272
  3     129         0.260
  4     104         0.260
  5     125         0.126
  6     121         0.126
  7     99          0.126
  8     94          0.050
  9     119         0.010
  10    116         0.010

Detector: BL_W130_T2.4_D6
Best Detection: 134 mmHg (confidence: 0.340)
Top 10 readings:
  Rank  Pressure    Confidence  
  ------------------------------
  1     134         0.340
  2     129         0.260
  3     104         0.260
  4     125         0.126
  5     121         0.126
  6     99          0.126
  7     94          0.050
  8     119         0.010
  9     116         0.010

Detector: BL_W130_T2.4_D8
Best Detection: 134 mmHg (confidence: 0.340)
Top 10 readings:
  Rank  Pressure    Confidence  
  ------------------------------
  1     134         0.340
  2     129         0.260
  3     104         0.260
  4     125         0.126
  5     121         0.126
  6     99          0.126
  7     94          0.050
  8     119         0.010
  9     116         0.010

Detector: BL_W130_T2.4_D10
Best Detection: 133 mmHg (confidence: 0.340)
Top 10 readings:
  Rank  Pressure    Confidence  
  ------------------------------
  1     133         0.340
  2     129         0.260
  3     104         0.260
  4     126         0.208
  5     125         0.126
  6     121         0.126
  7     99          0.126
  8     94          0.050
  9     119         0.010
  10    116         0.010

Detector: BL_W130_T2.4_D15
Best Detection: 129 mmHg (confidence: 0.260)
Top 10 readings:
  Rank  Pressure    Confidence  
  ------------------------------
  1     129         0.260
  2     104         0.260
  3     125         0.126
  4     121         0.126
  5     99          0.126
  6     94          0.050
  7     119         0.010
  8     116         0.010

Detector: BL_W130_T2.4_D20
Best Detection: 129 mmHg (confidence: 0.260)
Top 10 readings:
  Rank  Pressure    Confidence  
  ------------------------------
  1     129         0.260
  2     104         0.260
  3     125         0.126
  4     121         0.126
  5     99          0.126
  6     94          0.050
  7     119         0.010
  8     116         0.010

Detector: BL_W130_T2.4_D25
Best Detection: 129 mmHg (confidence: 0.260)
Top 10 readings:
  Rank  Pressure    Confidence  
  ------------------------------
  1     129         0.260
  2     104         0.260
  3     125         0.126
  4     121         0.126
  5     99          0.126
  6     94          0.050
  7     119         0.010
  8     116         0.010

Detector: BL_W130_T2.4_D30
Best Detection: 128 mmHg (confidence: 0.260)
Top 10 readings:
  Rank  Pressure    Confidence  
  ------------------------------
  1     128         0.260
  2     104         0.260
  3     125         0.126
  4     121         0.126
  5     99          0.126
  6     94          0.050
  7     119         0.010
  8     116         0.010

Detector: BL_W130_T2.4_D40
Best Detection: 104 mmHg (confidence: 0.260)
Top 10 readings:
  Rank  Pressure    Confidence  
  ------------------------------
  1     104         0.260
  2     125         0.126
  3     121         0.126
  4     99          0.126
  5     94          0.050
  6     119         0.010
  7     116         0.010

Detector: BL_W130_T2.6_D2
Best Detection: 143 mmHg (confidence: 0.500)
Top 10 readings:
  Rank  Pressure    Confidence  
  ------------------------------
  1     143         0.500
  2     140         0.420
  3     134         0.340
  4     129         0.260
  5     125         0.126
  6     121         0.126
  7     104         0.126
  8     99          0.050
  9     119         0.010
  10    116         0.010

Detector: BL_W130_T2.6_D4
Best Detection: 135 mmHg (confidence: 0.340)
Top 10 readings:
  Rank  Pressure    Confidence  
  ------------------------------
  1     135         0.340
  2     132         0.272
  3     129         0.260
  4     125         0.126
  5     121         0.126
  6     104         0.126
  7     99          0.050
  8     119         0.010
  9     116         0.010

Detector: BL_W130_T2.6_D6
Best Detection: 134 mmHg (confidence: 0.340)
Top 10 readings:
  Rank  Pressure    Confidence  
  ------------------------------
  1     134         0.340
  2     129         0.260
  3     125         0.126
  4     121         0.126
  5     104         0.126
  6     99          0.050
  7     119         0.010
  8     116         0.010

Detector: BL_W130_T2.6_D8
Best Detection: 134 mmHg (confidence: 0.340)
Top 10 readings:
  Rank  Pressure    Confidence  
  ------------------------------
  1     134         0.340
  2     129         0.260
  3     125         0.126
  4     121         0.126
  5     104         0.126
  6     99          0.050
  7     119         0.010
  8     116         0.010

Detector: BL_W130_T2.6_D10
Best Detection: 133 mmHg (confidence: 0.340)
Top 10 readings:
  Rank  Pressure    Confidence  
  ------------------------------
  1     133         0.340
  2     129         0.260
  3     126         0.208
  4     125         0.126
  5     121         0.126
  6     104         0.126
  7     99          0.050
  8     119         0.010
  9     116         0.010

Detector: BL_W130_T2.6_D15
Best Detection: 129 mmHg (confidence: 0.260)
Top 10 readings:
  Rank  Pressure    Confidence  
  ------------------------------
  1     129         0.260
  2     125         0.126
  3     121         0.126
  4     104         0.126
  5     99          0.050
  6     119         0.010
  7     116         0.010

Detector: BL_W130_T2.6_D20
Best Detection: 129 mmHg (confidence: 0.260)
Top 10 readings:
  Rank  Pressure    Confidence  
  ------------------------------
  1     129         0.260
  2     125         0.126
  3     121         0.126
  4     104         0.126
  5     99          0.050
  6     119         0.010
  7     116         0.010

Detector: BL_W130_T2.6_D25
Best Detection: 129 mmHg (confidence: 0.260)
Top 10 readings:
  Rank  Pressure    Confidence  
  ------------------------------
  1     129         0.260
  2     125         0.126
  3     121         0.126
  4     104         0.126
  5     99          0.050
  6     119         0.010
  7     116         0.010

Detector: BL_W130_T2.6_D30
Best Detection: 128 mmHg (confidence: 0.260)
Top 10 readings:
  Rank  Pressure    Confidence  
  ------------------------------
  1     128         0.260
  2     125         0.126
  3     121         0.126
  4     104         0.126
  5     99          0.050
  6     119         0.010
  7     116         0.010

Detector: BL_W130_T2.6_D40
Best Detection: 125 mmHg (confidence: 0.126)
Top 10 readings:
  Rank  Pressure    Confidence  
  ------------------------------
  1     125         0.126
  2     121         0.126
  3     104         0.126
  4     99          0.050
  5     119         0.010
  6     116         0.010

Detector: BL_W130_T2.8_D2
Best Detection: 143 mmHg (confidence: 0.500)
Top 10 readings:
  Rank  Pressure    Confidence  
  ------------------------------
  1     143         0.500
  2     140         0.420
  3     134         0.340
  4     129         0.260
  5     125         0.126
  6     121         0.126
  7     116         0.050
  8     119         0.010

Detector: BL_W130_T2.8_D4
Best Detection: 135 mmHg (confidence: 0.340)
Top 10 readings:
  Rank  Pressure    Confidence  
  ------------------------------
  1     135         0.340
  2     132         0.272
  3     129         0.260
  4     125         0.126
  5     121         0.126
  6     116         0.050
  7     119         0.010

Detector: BL_W130_T2.8_D6
Best Detection: 134 mmHg (confidence: 0.340)
Top 10 readings:
  Rank  Pressure    Confidence  
  ------------------------------
  1     134         0.340
  2     129         0.260
  3     125         0.126
  4     121         0.126
  5     116         0.050
  6     119         0.010

Detector: BL_W130_T2.8_D8
Best Detection: 134 mmHg (confidence: 0.340)
Top 10 readings:
  Rank  Pressure    Confidence  
  ------------------------------
  1     134         0.340
  2     129         0.260
  3     125         0.126
  4     121         0.126
  5     116         0.050
  6     119         0.010

Detector: BL_W130_T2.8_D10
Best Detection: 133 mmHg (confidence: 0.340)
Top 10 readings:
  Rank  Pressure    Confidence  
  ------------------------------
  1     133         0.340
  2     129         0.260
  3     126         0.208
  4     125         0.126
  5     121         0.126
  6     116         0.050
  7     119         0.010

Detector: BL_W130_T2.8_D15
Best Detection: 129 mmHg (confidence: 0.260)
Top 10 readings:
  Rank  Pressure    Confidence  
  ------------------------------
  1     129         0.260
  2     125         0.126
  3     121         0.126
  4     116         0.050
  5     119         0.010

Detector: BL_W130_T2.8_D20
Best Detection: 129 mmHg (confidence: 0.260)
Top 10 readings:
  Rank  Pressure    Confidence  
  ------------------------------
  1     129         0.260
  2     125         0.126
  3     121         0.126
  4     116         0.050
  5     119         0.010

Detector: BL_W130_T2.8_D25
Best Detection: 129 mmHg (confidence: 0.260)
Top 10 readings:
  Rank  Pressure    Confidence  
  ------------------------------
  1     129         0.260
  2     125         0.126
  3     121         0.126
  4     116         0.050
  5     119         0.010

Detector: BL_W130_T2.8_D30
Best Detection: 128 mmHg (confidence: 0.260)
Top 10 readings:
  Rank  Pressure    Confidence  
  ------------------------------
  1     128         0.260
  2     125         0.126
  3     121         0.126
  4     116         0.050
  5     119         0.010

Detector: BL_W130_T2.8_D40
Best Detection: 125 mmHg (confidence: 0.126)
Top 10 readings:
  Rank  Pressure    Confidence  
  ------------------------------
  1     125         0.126
  2     121         0.126
  3     116         0.050
  4     119         0.010

Detector: BL_W130_T3.0_D2
Best Detection: 143 mmHg (confidence: 0.500)
Top 10 readings:
  Rank  Pressure    Confidence  
  ------------------------------
  1     143         0.500
  2     140         0.420
  3     134         0.340
  4     129         0.260
  5     125         0.126
  6     121         0.126
  7     116         0.050
  8     119         0.010

Detector: BL_W130_T3.0_D4
Best Detection: 135 mmHg (confidence: 0.340)
Top 10 readings:
  Rank  Pressure    Confidence  
  ------------------------------
  1     135         0.340
  2     132         0.272
  3     129         0.260
  4     125         0.126
  5     121         0.126
  6     116         0.050
  7     119         0.010

Detector: BL_W130_T3.0_D6
Best Detection: 134 mmHg (confidence: 0.340)
Top 10 readings:
  Rank  Pressure    Confidence  
  ------------------------------
  1     134         0.340
  2     129         0.260
  3     125         0.126
  4     121         0.126
  5     116         0.050
  6     119         0.010

Detector: BL_W130_T3.0_D8
Best Detection: 134 mmHg (confidence: 0.340)
Top 10 readings:
  Rank  Pressure    Confidence  
  ------------------------------
  1     134         0.340
  2     129         0.260
  3     125         0.126
  4     121         0.126
  5     116         0.050
  6     119         0.010

Detector: BL_W130_T3.0_D10
Best Detection: 133 mmHg (confidence: 0.340)
Top 10 readings:
  Rank  Pressure    Confidence  
  ------------------------------
  1     133         0.340
  2     129         0.260
  3     126         0.208
  4     125         0.126
  5     121         0.126
  6     116         0.050
  7     119         0.010

Detector: BL_W130_T3.0_D15
Best Detection: 129 mmHg (confidence: 0.260)
Top 10 readings:
  Rank  Pressure    Confidence  
  ------------------------------
  1     129         0.260
  2     125         0.126
  3     121         0.126
  4     116         0.050
  5     119         0.010

Detector: BL_W130_T3.0_D20
Best Detection: 129 mmHg (confidence: 0.260)
Top 10 readings:
  Rank  Pressure    Confidence  
  ------------------------------
  1     129         0.260
  2     125         0.126
  3     121         0.126
  4     116         0.050
  5     119         0.010

Detector: BL_W130_T3.0_D25
Best Detection: 129 mmHg (confidence: 0.260)
Top 10 readings:
  Rank  Pressure    Confidence  
  ------------------------------
  1     129         0.260
  2     125         0.126
  3     121         0.126
  4     116         0.050
  5     119         0.010

Detector: BL_W130_T3.0_D30
Best Detection: 128 mmHg (confidence: 0.260)
Top 10 readings:
  Rank  Pressure    Confidence  
  ------------------------------
  1     128         0.260
  2     125         0.126
  3     121         0.126
  4     116         0.050
  5     119         0.010

Detector: BL_W130_T3.0_D40
Best Detection: 125 mmHg (confidence: 0.126)
Top 10 readings:
  Rank  Pressure    Confidence  
  ------------------------------
  1     125         0.126
  2     121         0.126
  3     116         0.050
  4     119         0.010

Detector: BL_W140_T1.2_D2
Best Detection: 109 mmHg (confidence: 0.660)
Top 10 readings:
  Rank  Pressure    Confidence  
  ------------------------------
  1     109         0.660
  2     105         0.580
  3     149         0.500
  4     100         0.500
  5     140         0.420
  6     95          0.420
  7     135         0.340
  8     133         0.340
  9     91          0.340
  10    129         0.260

Detector: BL_W140_T1.2_D4
Best Detection: 109 mmHg (confidence: 0.660)
Top 10 readings:
  Rank  Pressure    Confidence  
  ------------------------------
  1     109         0.660
  2     105         0.580
  3     100         0.500
  4     95          0.420
  5     135         0.340
  6     91          0.340
  7     129         0.260
  8     86          0.260
  9     126         0.208
  10    125         0.126

Detector: BL_W140_T1.2_D6
Best Detection: 109 mmHg (confidence: 0.660)
Top 10 readings:
  Rank  Pressure    Confidence  
  ------------------------------
  1     109         0.660
  2     105         0.580
  3     100         0.500
  4     95          0.420
  5     134         0.340
  6     91          0.340
  7     129         0.260
  8     86          0.260
  9     126         0.208
  10    125         0.126

Detector: BL_W140_T1.2_D8
Best Detection: 109 mmHg (confidence: 0.660)
Top 10 readings:
  Rank  Pressure    Confidence  
  ------------------------------
  1     109         0.660
  2     105         0.580
  3     100         0.500
  4     95          0.420
  5     134         0.340
  6     91          0.340
  7     129         0.260
  8     86          0.260
  9     126         0.208
  10    125         0.126

Detector: BL_W140_T1.2_D10
Best Detection: 109 mmHg (confidence: 0.660)
Top 10 readings:
  Rank  Pressure    Confidence  
  ------------------------------
  1     109         0.660
  2     105         0.580
  3     100         0.500
  4     95          0.420
  5     133         0.340
  6     91          0.340
  7     129         0.260
  8     86          0.260
  9     126         0.208
  10    125         0.126

Detector: BL_W140_T1.2_D15
Best Detection: 109 mmHg (confidence: 0.660)
Top 10 readings:
  Rank  Pressure    Confidence  
  ------------------------------
  1     109         0.660
  2     105         0.580
  3     100         0.500
  4     95          0.420
  5     91          0.340
  6     129         0.260
  7     86          0.260
  8     125         0.126
  9     121         0.126
  10    82          0.126

Detector: BL_W140_T1.2_D20
Best Detection: 109 mmHg (confidence: 0.660)
Top 10 readings:
  Rank  Pressure    Confidence  
  ------------------------------
  1     109         0.660
  2     105         0.580
  3     100         0.500
  4     95          0.420
  5     91          0.340
  6     129         0.260
  7     86          0.260
  8     125         0.126
  9     121         0.126
  10    82          0.126

Detector: BL_W140_T1.2_D25
Best Detection: 109 mmHg (confidence: 0.660)
Top 10 readings:
  Rank  Pressure    Confidence  
  ------------------------------
  1     109         0.660
  2     105         0.580
  3     100         0.500
  4     95          0.420
  5     91          0.340
  6     129         0.260
  7     86          0.260
  8     125         0.126
  9     121         0.126
  10    82          0.126

Detector: BL_W140_T1.2_D30
Best Detection: 109 mmHg (confidence: 0.660)
Top 10 readings:
  Rank  Pressure    Confidence  
  ------------------------------
  1     109         0.660
  2     105         0.580
  3     100         0.500
  4     95          0.420
  5     91          0.340
  6     128         0.260
  7     86          0.260
  8     125         0.126
  9     121         0.126
  10    82          0.126

Detector: BL_W140_T1.2_D40
Best Detection: 109 mmHg (confidence: 0.660)
Top 10 readings:
  Rank  Pressure    Confidence  
  ------------------------------
  1     109         0.660
  2     105         0.580
  3     100         0.500
  4     95          0.420
  5     91          0.340
  6     86          0.260
  7     125         0.126
  8     121         0.126
  9     82          0.126
  10    78          0.050

Detector: BL_W140_T1.4_D2
Best Detection: 109 mmHg (confidence: 0.660)
Top 10 readings:
  Rank  Pressure    Confidence  
  ------------------------------
  1     109         0.660
  2     105         0.580
  3     149         0.500
  4     100         0.500
  5     140         0.420
  6     95          0.420
  7     135         0.340
  8     133         0.340
  9     91          0.340
  10    129         0.260

Detector: BL_W140_T1.4_D4
Best Detection: 109 mmHg (confidence: 0.660)
Top 10 readings:
  Rank  Pressure    Confidence  
  ------------------------------
  1     109         0.660
  2     105         0.580
  3     100         0.500
  4     95          0.420
  5     135         0.340
  6     91          0.340
  7     129         0.260
  8     86          0.260
  9     126         0.208
  10    125         0.126

Detector: BL_W140_T1.4_D6
Best Detection: 109 mmHg (confidence: 0.660)
Top 10 readings:
  Rank  Pressure    Confidence  
  ------------------------------
  1     109         0.660
  2     105         0.580
  3     100         0.500
  4     95          0.420
  5     134         0.340
  6     91          0.340
  7     129         0.260
  8     86          0.260
  9     126         0.208
  10    125         0.126

Detector: BL_W140_T1.4_D8
Best Detection: 109 mmHg (confidence: 0.660)
Top 10 readings:
  Rank  Pressure    Confidence  
  ------------------------------
  1     109         0.660
  2     105         0.580
  3     100         0.500
  4     95          0.420
  5     134         0.340
  6     91          0.340
  7     129         0.260
  8     86          0.260
  9     126         0.208
  10    125         0.126

Detector: BL_W140_T1.4_D10
Best Detection: 109 mmHg (confidence: 0.660)
Top 10 readings:
  Rank  Pressure    Confidence  
  ------------------------------
  1     109         0.660
  2     105         0.580
  3     100         0.500
  4     95          0.420
  5     133         0.340
  6     91          0.340
  7     129         0.260
  8     86          0.260
  9     126         0.208
  10    125         0.126

Detector: BL_W140_T1.4_D15
Best Detection: 109 mmHg (confidence: 0.660)
Top 10 readings:
  Rank  Pressure    Confidence  
  ------------------------------
  1     109         0.660
  2     105         0.580
  3     100         0.500
  4     95          0.420
  5     91          0.340
  6     129         0.260
  7     86          0.260
  8     125         0.126
  9     121         0.126
  10    82          0.126

Detector: BL_W140_T1.4_D20
Best Detection: 109 mmHg (confidence: 0.660)
Top 10 readings:
  Rank  Pressure    Confidence  
  ------------------------------
  1     109         0.660
  2     105         0.580
  3     100         0.500
  4     95          0.420
  5     91          0.340
  6     129         0.260
  7     86          0.260
  8     125         0.126
  9     121         0.126
  10    82          0.126

Detector: BL_W140_T1.4_D25
Best Detection: 109 mmHg (confidence: 0.660)
Top 10 readings:
  Rank  Pressure    Confidence  
  ------------------------------
  1     109         0.660
  2     105         0.580
  3     100         0.500
  4     95          0.420
  5     91          0.340
  6     129         0.260
  7     86          0.260
  8     125         0.126
  9     121         0.126
  10    82          0.126

Detector: BL_W140_T1.4_D30
Best Detection: 109 mmHg (confidence: 0.660)
Top 10 readings:
  Rank  Pressure    Confidence  
  ------------------------------
  1     109         0.660
  2     105         0.580
  3     100         0.500
  4     95          0.420
  5     91          0.340
  6     128         0.260
  7     86          0.260
  8     125         0.126
  9     121         0.126
  10    82          0.126

Detector: BL_W140_T1.4_D40
Best Detection: 109 mmHg (confidence: 0.660)
Top 10 readings:
  Rank  Pressure    Confidence  
  ------------------------------
  1     109         0.660
  2     105         0.580
  3     100         0.500
  4     95          0.420
  5     91          0.340
  6     86          0.260
  7     125         0.126
  8     121         0.126
  9     82          0.126
  10    78          0.050

Detector: BL_W140_T1.6_D2
Best Detection: 108 mmHg (confidence: 0.660)
Top 10 readings:
  Rank  Pressure    Confidence  
  ------------------------------
  1     108         0.660
  2     105         0.580
  3     100         0.500
  4     140         0.420
  5     95          0.420
  6     135         0.340
  7     133         0.340
  8     91          0.340
  9     129         0.260
  10    86          0.260

Detector: BL_W140_T1.6_D4
Best Detection: 108 mmHg (confidence: 0.660)
Top 10 readings:
  Rank  Pressure    Confidence  
  ------------------------------
  1     108         0.660
  2     105         0.580
  3     100         0.500
  4     95          0.420
  5     135         0.340
  6     91          0.340
  7     129         0.260
  8     86          0.260
  9     126         0.208
  10    125         0.126

Detector: BL_W140_T1.6_D6
Best Detection: 108 mmHg (confidence: 0.660)
Top 10 readings:
  Rank  Pressure    Confidence  
  ------------------------------
  1     108         0.660
  2     105         0.580
  3     100         0.500
  4     95          0.420
  5     134         0.340
  6     91          0.340
  7     129         0.260
  8     86          0.260
  9     126         0.208
  10    125         0.126

Detector: BL_W140_T1.6_D8
Best Detection: 108 mmHg (confidence: 0.660)
Top 10 readings:
  Rank  Pressure    Confidence  
  ------------------------------
  1     108         0.660
  2     105         0.580
  3     100         0.500
  4     95          0.420
  5     134         0.340
  6     91          0.340
  7     129         0.260
  8     86          0.260
  9     126         0.208
  10    125         0.126

Detector: BL_W140_T1.6_D10
Best Detection: 108 mmHg (confidence: 0.660)
Top 10 readings:
  Rank  Pressure    Confidence  
  ------------------------------
  1     108         0.660
  2     105         0.580
  3     100         0.500
  4     95          0.420
  5     133         0.340
  6     91          0.340
  7     129         0.260
  8     86          0.260
  9     126         0.208
  10    125         0.126

Detector: BL_W140_T1.6_D15
Best Detection: 108 mmHg (confidence: 0.660)
Top 10 readings:
  Rank  Pressure    Confidence  
  ------------------------------
  1     108         0.660
  2     105         0.580
  3     100         0.500
  4     95          0.420
  5     91          0.340
  6     129         0.260
  7     86          0.260
  8     125         0.126
  9     121         0.126
  10    82          0.126

Detector: BL_W140_T1.6_D20
Best Detection: 108 mmHg (confidence: 0.660)
Top 10 readings:
  Rank  Pressure    Confidence  
  ------------------------------
  1     108         0.660
  2     105         0.580
  3     100         0.500
  4     95          0.420
  5     91          0.340
  6     129         0.260
  7     86          0.260
  8     125         0.126
  9     121         0.126
  10    82          0.126

Detector: BL_W140_T1.6_D25
Best Detection: 108 mmHg (confidence: 0.660)
Top 10 readings:
  Rank  Pressure    Confidence  
  ------------------------------
  1     108         0.660
  2     105         0.580
  3     100         0.500
  4     95          0.420
  5     91          0.340
  6     129         0.260
  7     86          0.260
  8     125         0.126
  9     121         0.126
  10    82          0.126

Detector: BL_W140_T1.6_D30
Best Detection: 108 mmHg (confidence: 0.660)
Top 10 readings:
  Rank  Pressure    Confidence  
  ------------------------------
  1     108         0.660
  2     105         0.580
  3     100         0.500
  4     95          0.420
  5     91          0.340
  6     128         0.260
  7     86          0.260
  8     125         0.126
  9     121         0.126
  10    82          0.126

Detector: BL_W140_T1.6_D40
Best Detection: 108 mmHg (confidence: 0.660)
Top 10 readings:
  Rank  Pressure    Confidence  
  ------------------------------
  1     108         0.660
  2     105         0.580
  3     100         0.500
  4     95          0.420
  5     91          0.340
  6     86          0.260
  7     125         0.126
  8     121         0.126
  9     82          0.126
  10    78          0.050

Detector: BL_W140_T1.8_D2
Best Detection: 140 mmHg (confidence: 0.420)
Top 10 readings:
  Rank  Pressure    Confidence  
  ------------------------------
  1     140         0.420
  2     135         0.340
  3     105         0.340
  4     129         0.260
  5     100         0.260
  6     126         0.208
  7     125         0.126
  8     121         0.126
  9     95          0.126
  10    90          0.050

Detector: BL_W140_T1.8_D4
Best Detection: 135 mmHg (confidence: 0.340)
Top 10 readings:
  Rank  Pressure    Confidence  
  ------------------------------
  1     135         0.340
  2     105         0.340
  3     129         0.260
  4     100         0.260
  5     126         0.208
  6     125         0.126
  7     121         0.126
  8     95          0.126
  9     90          0.050
  10    120         0.010

Detector: BL_W140_T1.8_D6
Best Detection: 134 mmHg (confidence: 0.340)
Top 10 readings:
  Rank  Pressure    Confidence  
  ------------------------------
  1     134         0.340
  2     105         0.340
  3     129         0.260
  4     100         0.260
  5     126         0.208
  6     125         0.126
  7     121         0.126
  8     95          0.126
  9     90          0.050
  10    120         0.010

Detector: BL_W140_T1.8_D8
Best Detection: 134 mmHg (confidence: 0.340)
Top 10 readings:
  Rank  Pressure    Confidence  
  ------------------------------
  1     134         0.340
  2     105         0.340
  3     129         0.260
  4     100         0.260
  5     126         0.208
  6     125         0.126
  7     121         0.126
  8     95          0.126
  9     90          0.050
  10    120         0.010

Detector: BL_W140_T1.8_D10
Best Detection: 133 mmHg (confidence: 0.340)
Top 10 readings:
  Rank  Pressure    Confidence  
  ------------------------------
  1     133         0.340
  2     105         0.340
  3     129         0.260
  4     100         0.260
  5     126         0.208
  6     125         0.126
  7     121         0.126
  8     95          0.126
  9     90          0.050
  10    120         0.010

Detector: BL_W140_T1.8_D15
Best Detection: 105 mmHg (confidence: 0.340)
Top 10 readings:
  Rank  Pressure    Confidence  
  ------------------------------
  1     105         0.340
  2     129         0.260
  3     100         0.260
  4     125         0.126
  5     121         0.126
  6     95          0.126
  7     90          0.050
  8     120         0.010
  9     116         0.010

Detector: BL_W140_T1.8_D20
Best Detection: 105 mmHg (confidence: 0.340)
Top 10 readings:
  Rank  Pressure    Confidence  
  ------------------------------
  1     105         0.340
  2     129         0.260
  3     100         0.260
  4     125         0.126
  5     121         0.126
  6     95          0.126
  7     90          0.050
  8     120         0.010
  9     116         0.010

Detector: BL_W140_T1.8_D25
Best Detection: 105 mmHg (confidence: 0.340)
Top 10 readings:
  Rank  Pressure    Confidence  
  ------------------------------
  1     105         0.340
  2     129         0.260
  3     100         0.260
  4     125         0.126
  5     121         0.126
  6     95          0.126
  7     90          0.050
  8     120         0.010
  9     116         0.010

Detector: BL_W140_T1.8_D30
Best Detection: 105 mmHg (confidence: 0.340)
Top 10 readings:
  Rank  Pressure    Confidence  
  ------------------------------
  1     105         0.340
  2     128         0.260
  3     100         0.260
  4     125         0.126
  5     121         0.126
  6     95          0.126
  7     90          0.050
  8     120         0.010
  9     116         0.010

Detector: BL_W140_T1.8_D40
Best Detection: 105 mmHg (confidence: 0.340)
Top 10 readings:
  Rank  Pressure    Confidence  
  ------------------------------
  1     105         0.340
  2     100         0.260
  3     125         0.126
  4     121         0.126
  5     95          0.126
  6     90          0.050
  7     120         0.010
  8     116         0.010

Detector: BL_W140_T2.0_D2
Best Detection: 140 mmHg (confidence: 0.420)
Top 10 readings:
  Rank  Pressure    Confidence  
  ------------------------------
  1     140         0.420
  2     135         0.340
  3     105         0.340
  4     129         0.260
  5     100         0.260
  6     125         0.126
  7     121         0.126
  8     95          0.126
  9     90          0.050
  10    120         0.010

Detector: BL_W140_T2.0_D4
Best Detection: 135 mmHg (confidence: 0.340)
Top 10 readings:
  Rank  Pressure    Confidence  
  ------------------------------
  1     135         0.340
  2     105         0.340
  3     129         0.260
  4     100         0.260
  5     125         0.126
  6     121         0.126
  7     95          0.126
  8     90          0.050
  9     120         0.010
  10    116         0.010

Detector: BL_W140_T2.0_D6
Best Detection: 134 mmHg (confidence: 0.340)
Top 10 readings:
  Rank  Pressure    Confidence  
  ------------------------------
  1     134         0.340
  2     105         0.340
  3     129         0.260
  4     100         0.260
  5     125         0.126
  6     121         0.126
  7     95          0.126
  8     90          0.050
  9     120         0.010
  10    116         0.010

Detector: BL_W140_T2.0_D8
Best Detection: 134 mmHg (confidence: 0.340)
Top 10 readings:
  Rank  Pressure    Confidence  
  ------------------------------
  1     134         0.340
  2     105         0.340
  3     129         0.260
  4     100         0.260
  5     125         0.126
  6     121         0.126
  7     95          0.126
  8     90          0.050
  9     120         0.010
  10    116         0.010

Detector: BL_W140_T2.0_D10
Best Detection: 133 mmHg (confidence: 0.340)
Top 10 readings:
  Rank  Pressure    Confidence  
  ------------------------------
  1     133         0.340
  2     105         0.340
  3     129         0.260
  4     100         0.260
  5     126         0.208
  6     125         0.126
  7     121         0.126
  8     95          0.126
  9     90          0.050
  10    120         0.010

Detector: BL_W140_T2.0_D15
Best Detection: 105 mmHg (confidence: 0.340)
Top 10 readings:
  Rank  Pressure    Confidence  
  ------------------------------
  1     105         0.340
  2     129         0.260
  3     100         0.260
  4     125         0.126
  5     121         0.126
  6     95          0.126
  7     90          0.050
  8     120         0.010
  9     116         0.010

Detector: BL_W140_T2.0_D20
Best Detection: 105 mmHg (confidence: 0.340)
Top 10 readings:
  Rank  Pressure    Confidence  
  ------------------------------
  1     105         0.340
  2     129         0.260
  3     100         0.260
  4     125         0.126
  5     121         0.126
  6     95          0.126
  7     90          0.050
  8     120         0.010
  9     116         0.010

Detector: BL_W140_T2.0_D25
Best Detection: 105 mmHg (confidence: 0.340)
Top 10 readings:
  Rank  Pressure    Confidence  
  ------------------------------
  1     105         0.340
  2     129         0.260
  3     100         0.260
  4     125         0.126
  5     121         0.126
  6     95          0.126
  7     90          0.050
  8     120         0.010
  9     116         0.010

Detector: BL_W140_T2.0_D30
Best Detection: 105 mmHg (confidence: 0.340)
Top 10 readings:
  Rank  Pressure    Confidence  
  ------------------------------
  1     105         0.340
  2     128         0.260
  3     100         0.260
  4     125         0.126
  5     121         0.126
  6     95          0.126
  7     90          0.050
  8     120         0.010
  9     116         0.010

Detector: BL_W140_T2.0_D40
Best Detection: 105 mmHg (confidence: 0.340)
Top 10 readings:
  Rank  Pressure    Confidence  
  ------------------------------
  1     105         0.340
  2     100         0.260
  3     125         0.126
  4     121         0.126
  5     95          0.126
  6     90          0.050
  7     120         0.010
  8     116         0.010

Detector: BL_W140_T2.2_D2
Best Detection: 140 mmHg (confidence: 0.420)
Top 10 readings:
  Rank  Pressure    Confidence  
  ------------------------------
  1     140         0.420
  2     135         0.340
  3     129         0.260
  4     105         0.260
  5     125         0.126
  6     121         0.126
  7     99          0.126
  8     94          0.050
  9     119         0.010
  10    116         0.010

Detector: BL_W140_T2.2_D4
Best Detection: 135 mmHg (confidence: 0.340)
Top 10 readings:
  Rank  Pressure    Confidence  
  ------------------------------
  1     135         0.340
  2     129         0.260
  3     105         0.260
  4     125         0.126
  5     121         0.126
  6     99          0.126
  7     94          0.050
  8     119         0.010
  9     116         0.010

Detector: BL_W140_T2.2_D6
Best Detection: 134 mmHg (confidence: 0.340)
Top 10 readings:
  Rank  Pressure    Confidence  
  ------------------------------
  1     134         0.340
  2     129         0.260
  3     105         0.260
  4     125         0.126
  5     121         0.126
  6     99          0.126
  7     94          0.050
  8     119         0.010
  9     116         0.010

Detector: BL_W140_T2.2_D8
Best Detection: 134 mmHg (confidence: 0.340)
Top 10 readings:
  Rank  Pressure    Confidence  
  ------------------------------
  1     134         0.340
  2     129         0.260
  3     105         0.260
  4     125         0.126
  5     121         0.126
  6     99          0.126
  7     94          0.050
  8     119         0.010
  9     116         0.010

Detector: BL_W140_T2.2_D10
Best Detection: 133 mmHg (confidence: 0.340)
Top 10 readings:
  Rank  Pressure    Confidence  
  ------------------------------
  1     133         0.340
  2     129         0.260
  3     105         0.260
  4     126         0.208
  5     125         0.126
  6     121         0.126
  7     99          0.126
  8     94          0.050
  9     119         0.010
  10    116         0.010

Detector: BL_W140_T2.2_D15
Best Detection: 129 mmHg (confidence: 0.260)
Top 10 readings:
  Rank  Pressure    Confidence  
  ------------------------------
  1     129         0.260
  2     105         0.260
  3     125         0.126
  4     121         0.126
  5     99          0.126
  6     94          0.050
  7     119         0.010
  8     116         0.010

Detector: BL_W140_T2.2_D20
Best Detection: 129 mmHg (confidence: 0.260)
Top 10 readings:
  Rank  Pressure    Confidence  
  ------------------------------
  1     129         0.260
  2     105         0.260
  3     125         0.126
  4     121         0.126
  5     99          0.126
  6     94          0.050
  7     119         0.010
  8     116         0.010

Detector: BL_W140_T2.2_D25
Best Detection: 129 mmHg (confidence: 0.260)
Top 10 readings:
  Rank  Pressure    Confidence  
  ------------------------------
  1     129         0.260
  2     105         0.260
  3     125         0.126
  4     121         0.126
  5     99          0.126
  6     94          0.050
  7     119         0.010
  8     116         0.010

Detector: BL_W140_T2.2_D30
Best Detection: 128 mmHg (confidence: 0.260)
Top 10 readings:
  Rank  Pressure    Confidence  
  ------------------------------
  1     128         0.260
  2     105         0.260
  3     125         0.126
  4     121         0.126
  5     99          0.126
  6     94          0.050
  7     119         0.010
  8     116         0.010

Detector: BL_W140_T2.2_D40
Best Detection: 105 mmHg (confidence: 0.260)
Top 10 readings:
  Rank  Pressure    Confidence  
  ------------------------------
  1     105         0.260
  2     125         0.126
  3     121         0.126
  4     99          0.126
  5     94          0.050
  6     119         0.010
  7     116         0.010

Detector: BL_W140_T2.4_D2
Best Detection: 140 mmHg (confidence: 0.420)
Top 10 readings:
  Rank  Pressure    Confidence  
  ------------------------------
  1     140         0.420
  2     135         0.340
  3     129         0.260
  4     104         0.260
  5     125         0.126
  6     121         0.126
  7     99          0.126
  8     94          0.050
  9     119         0.010
  10    116         0.010

Detector: BL_W140_T2.4_D4
Best Detection: 135 mmHg (confidence: 0.340)
Top 10 readings:
  Rank  Pressure    Confidence  
  ------------------------------
  1     135         0.340
  2     129         0.260
  3     104         0.260
  4     125         0.126
  5     121         0.126
  6     99          0.126
  7     94          0.050
  8     119         0.010
  9     116         0.010

Detector: BL_W140_T2.4_D6
Best Detection: 134 mmHg (confidence: 0.340)
Top 10 readings:
  Rank  Pressure    Confidence  
  ------------------------------
  1     134         0.340
  2     129         0.260
  3     104         0.260
  4     125         0.126
  5     121         0.126
  6     99          0.126
  7     94          0.050
  8     119         0.010
  9     116         0.010

Detector: BL_W140_T2.4_D8
Best Detection: 134 mmHg (confidence: 0.340)
Top 10 readings:
  Rank  Pressure    Confidence  
  ------------------------------
  1     134         0.340
  2     129         0.260
  3     104         0.260
  4     125         0.126
  5     121         0.126
  6     99          0.126
  7     94          0.050
  8     119         0.010
  9     116         0.010

Detector: BL_W140_T2.4_D10
Best Detection: 133 mmHg (confidence: 0.340)
Top 10 readings:
  Rank  Pressure    Confidence  
  ------------------------------
  1     133         0.340
  2     129         0.260
  3     104         0.260
  4     126         0.208
  5     125         0.126
  6     121         0.126
  7     99          0.126
  8     94          0.050
  9     119         0.010
  10    116         0.010

Detector: BL_W140_T2.4_D15
Best Detection: 129 mmHg (confidence: 0.260)
Top 10 readings:
  Rank  Pressure    Confidence  
  ------------------------------
  1     129         0.260
  2     104         0.260
  3     125         0.126
  4     121         0.126
  5     99          0.126
  6     94          0.050
  7     119         0.010
  8     116         0.010

Detector: BL_W140_T2.4_D20
Best Detection: 129 mmHg (confidence: 0.260)
Top 10 readings:
  Rank  Pressure    Confidence  
  ------------------------------
  1     129         0.260
  2     104         0.260
  3     125         0.126
  4     121         0.126
  5     99          0.126
  6     94          0.050
  7     119         0.010
  8     116         0.010

Detector: BL_W140_T2.4_D25
Best Detection: 129 mmHg (confidence: 0.260)
Top 10 readings:
  Rank  Pressure    Confidence  
  ------------------------------
  1     129         0.260
  2     104         0.260
  3     125         0.126
  4     121         0.126
  5     99          0.126
  6     94          0.050
  7     119         0.010
  8     116         0.010

Detector: BL_W140_T2.4_D30
Best Detection: 128 mmHg (confidence: 0.260)
Top 10 readings:
  Rank  Pressure    Confidence  
  ------------------------------
  1     128         0.260
  2     104         0.260
  3     125         0.126
  4     121         0.126
  5     99          0.126
  6     94          0.050
  7     119         0.010
  8     116         0.010

Detector: BL_W140_T2.4_D40
Best Detection: 104 mmHg (confidence: 0.260)
Top 10 readings:
  Rank  Pressure    Confidence  
  ------------------------------
  1     104         0.260
  2     125         0.126
  3     121         0.126
  4     99          0.126
  5     94          0.050
  6     119         0.010
  7     116         0.010

Detector: BL_W140_T2.6_D2
Best Detection: 140 mmHg (confidence: 0.420)
Top 10 readings:
  Rank  Pressure    Confidence  
  ------------------------------
  1     140         0.420
  2     134         0.340
  3     129         0.260
  4     104         0.260
  5     125         0.126
  6     121         0.126
  7     99          0.126
  8     94          0.050
  9     119         0.010
  10    116         0.010

Detector: BL_W140_T2.6_D4
Best Detection: 135 mmHg (confidence: 0.340)
Top 10 readings:
  Rank  Pressure    Confidence  
  ------------------------------
  1     135         0.340
  2     129         0.260
  3     104         0.260
  4     125         0.126
  5     121         0.126
  6     99          0.126
  7     94          0.050
  8     119         0.010
  9     116         0.010

Detector: BL_W140_T2.6_D6
Best Detection: 134 mmHg (confidence: 0.340)
Top 10 readings:
  Rank  Pressure    Confidence  
  ------------------------------
  1     134         0.340
  2     129         0.260
  3     104         0.260
  4     125         0.126
  5     121         0.126
  6     99          0.126
  7     94          0.050
  8     119         0.010
  9     116         0.010

Detector: BL_W140_T2.6_D8
Best Detection: 134 mmHg (confidence: 0.340)
Top 10 readings:
  Rank  Pressure    Confidence  
  ------------------------------
  1     134         0.340
  2     129         0.260
  3     104         0.260
  4     125         0.126
  5     121         0.126
  6     99          0.126
  7     94          0.050
  8     119         0.010
  9     116         0.010

Detector: BL_W140_T2.6_D10
Best Detection: 133 mmHg (confidence: 0.340)
Top 10 readings:
  Rank  Pressure    Confidence  
  ------------------------------
  1     133         0.340
  2     129         0.260
  3     104         0.260
  4     126         0.208
  5     125         0.126
  6     121         0.126
  7     99          0.126
  8     94          0.050
  9     119         0.010
  10    116         0.010

Detector: BL_W140_T2.6_D15
Best Detection: 129 mmHg (confidence: 0.260)
Top 10 readings:
  Rank  Pressure    Confidence  
  ------------------------------
  1     129         0.260
  2     104         0.260
  3     125         0.126
  4     121         0.126
  5     99          0.126
  6     94          0.050
  7     119         0.010
  8     116         0.010

Detector: BL_W140_T2.6_D20
Best Detection: 129 mmHg (confidence: 0.260)
Top 10 readings:
  Rank  Pressure    Confidence  
  ------------------------------
  1     129         0.260
  2     104         0.260
  3     125         0.126
  4     121         0.126
  5     99          0.126
  6     94          0.050
  7     119         0.010
  8     116         0.010

Detector: BL_W140_T2.6_D25
Best Detection: 129 mmHg (confidence: 0.260)
Top 10 readings:
  Rank  Pressure    Confidence  
  ------------------------------
  1     129         0.260
  2     104         0.260
  3     125         0.126
  4     121         0.126
  5     99          0.126
  6     94          0.050
  7     119         0.010
  8     116         0.010

Detector: BL_W140_T2.6_D30
Best Detection: 128 mmHg (confidence: 0.260)
Top 10 readings:
  Rank  Pressure    Confidence  
  ------------------------------
  1     128         0.260
  2     104         0.260
  3     125         0.126
  4     121         0.126
  5     99          0.126
  6     94          0.050
  7     119         0.010
  8     116         0.010

Detector: BL_W140_T2.6_D40
Best Detection: 104 mmHg (confidence: 0.260)
Top 10 readings:
  Rank  Pressure    Confidence  
  ------------------------------
  1     104         0.260
  2     125         0.126
  3     121         0.126
  4     99          0.126
  5     94          0.050
  6     119         0.010
  7     116         0.010

Detector: BL_W140_T2.8_D2
Best Detection: 140 mmHg (confidence: 0.420)
Top 10 readings:
  Rank  Pressure    Confidence  
  ------------------------------
  1     140         0.420
  2     134         0.340
  3     129         0.260
  4     125         0.126
  5     121         0.126
  6     104         0.126
  7     99          0.050
  8     119         0.010
  9     116         0.010

Detector: BL_W140_T2.8_D4
Best Detection: 135 mmHg (confidence: 0.340)
Top 10 readings:
  Rank  Pressure    Confidence  
  ------------------------------
  1     135         0.340
  2     129         0.260
  3     125         0.126
  4     121         0.126
  5     104         0.126
  6     99          0.050
  7     119         0.010
  8     116         0.010

Detector: BL_W140_T2.8_D6
Best Detection: 134 mmHg (confidence: 0.340)
Top 10 readings:
  Rank  Pressure    Confidence  
  ------------------------------
  1     134         0.340
  2     129         0.260
  3     125         0.126
  4     121         0.126
  5     104         0.126
  6     99          0.050
  7     119         0.010
  8     116         0.010

Detector: BL_W140_T2.8_D8
Best Detection: 134 mmHg (confidence: 0.340)
Top 10 readings:
  Rank  Pressure    Confidence  
  ------------------------------
  1     134         0.340
  2     129         0.260
  3     125         0.126
  4     121         0.126
  5     104         0.126
  6     99          0.050
  7     119         0.010
  8     116         0.010

Detector: BL_W140_T2.8_D10
Best Detection: 133 mmHg (confidence: 0.340)
Top 10 readings:
  Rank  Pressure    Confidence  
  ------------------------------
  1     133         0.340
  2     129         0.260
  3     126         0.208
  4     125         0.126
  5     121         0.126
  6     104         0.126
  7     99          0.050
  8     119         0.010
  9     116         0.010

Detector: BL_W140_T2.8_D15
Best Detection: 129 mmHg (confidence: 0.260)
Top 10 readings:
  Rank  Pressure    Confidence  
  ------------------------------
  1     129         0.260
  2     125         0.126
  3     121         0.126
  4     104         0.126
  5     99          0.050
  6     119         0.010
  7     116         0.010

Detector: BL_W140_T2.8_D20
Best Detection: 129 mmHg (confidence: 0.260)
Top 10 readings:
  Rank  Pressure    Confidence  
  ------------------------------
  1     129         0.260
  2     125         0.126
  3     121         0.126
  4     104         0.126
  5     99          0.050
  6     119         0.010
  7     116         0.010

Detector: BL_W140_T2.8_D25
Best Detection: 129 mmHg (confidence: 0.260)
Top 10 readings:
  Rank  Pressure    Confidence  
  ------------------------------
  1     129         0.260
  2     125         0.126
  3     121         0.126
  4     104         0.126
  5     99          0.050
  6     119         0.010
  7     116         0.010

Detector: BL_W140_T2.8_D30
Best Detection: 128 mmHg (confidence: 0.260)
Top 10 readings:
  Rank  Pressure    Confidence  
  ------------------------------
  1     128         0.260
  2     125         0.126
  3     121         0.126
  4     104         0.126
  5     99          0.050
  6     119         0.010
  7     116         0.010

Detector: BL_W140_T2.8_D40
Best Detection: 125 mmHg (confidence: 0.126)
Top 10 readings:
  Rank  Pressure    Confidence  
  ------------------------------
  1     125         0.126
  2     121         0.126
  3     104         0.126
  4     99          0.050
  5     119         0.010
  6     116         0.010

Detector: BL_W140_T3.0_D2
Best Detection: 140 mmHg (confidence: 0.420)
Top 10 readings:
  Rank  Pressure    Confidence  
  ------------------------------
  1     140         0.420
  2     134         0.340
  3     129         0.260
  4     125         0.126
  5     121         0.126
  6     116         0.050
  7     119         0.010

Detector: BL_W140_T3.0_D4
Best Detection: 135 mmHg (confidence: 0.340)
Top 10 readings:
  Rank  Pressure    Confidence  
  ------------------------------
  1     135         0.340
  2     129         0.260
  3     125         0.126
  4     121         0.126
  5     116         0.050
  6     119         0.010

Detector: BL_W140_T3.0_D6
Best Detection: 134 mmHg (confidence: 0.340)
Top 10 readings:
  Rank  Pressure    Confidence  
  ------------------------------
  1     134         0.340
  2     129         0.260
  3     125         0.126
  4     121         0.126
  5     116         0.050
  6     119         0.010

Detector: BL_W140_T3.0_D8
Best Detection: 134 mmHg (confidence: 0.340)
Top 10 readings:
  Rank  Pressure    Confidence  
  ------------------------------
  1     134         0.340
  2     129         0.260
  3     125         0.126
  4     121         0.126
  5     116         0.050
  6     119         0.010

Detector: BL_W140_T3.0_D10
Best Detection: 133 mmHg (confidence: 0.340)
Top 10 readings:
  Rank  Pressure    Confidence  
  ------------------------------
  1     133         0.340
  2     129         0.260
  3     126         0.208
  4     125         0.126
  5     121         0.126
  6     116         0.050
  7     119         0.010

Detector: BL_W140_T3.0_D15
Best Detection: 129 mmHg (confidence: 0.260)
Top 10 readings:
  Rank  Pressure    Confidence  
  ------------------------------
  1     129         0.260
  2     125         0.126
  3     121         0.126
  4     116         0.050
  5     119         0.010

Detector: BL_W140_T3.0_D20
Best Detection: 129 mmHg (confidence: 0.260)
Top 10 readings:
  Rank  Pressure    Confidence  
  ------------------------------
  1     129         0.260
  2     125         0.126
  3     121         0.126
  4     116         0.050
  5     119         0.010

Detector: BL_W140_T3.0_D25
Best Detection: 129 mmHg (confidence: 0.260)
Top 10 readings:
  Rank  Pressure    Confidence  
  ------------------------------
  1     129         0.260
  2     125         0.126
  3     121         0.126
  4     116         0.050
  5     119         0.010

Detector: BL_W140_T3.0_D30
Best Detection: 128 mmHg (confidence: 0.260)
Top 10 readings:
  Rank  Pressure    Confidence  
  ------------------------------
  1     128         0.260
  2     125         0.126
  3     121         0.126
  4     116         0.050
  5     119         0.010

Detector: BL_W140_T3.0_D40
Best Detection: 125 mmHg (confidence: 0.126)
Top 10 readings:
  Rank  Pressure    Confidence  
  ------------------------------
  1     125         0.126
  2     121         0.126
  3     116         0.050
  4     119         0.010

Detector: BL_W150_T1.2_D2
Best Detection: 109 mmHg (confidence: 0.660)
Top 10 readings:
  Rank  Pressure    Confidence  
  ------------------------------
  1     109         0.660
  2     105         0.580
  3     149         0.500
  4     100         0.500
  5     140         0.420
  6     95          0.420
  7     135         0.340
  8     133         0.340
  9     91          0.340
  10    129         0.260

Detector: BL_W150_T1.2_D4
Best Detection: 109 mmHg (confidence: 0.660)
Top 10 readings:
  Rank  Pressure    Confidence  
  ------------------------------
  1     109         0.660
  2     105         0.580
  3     100         0.500
  4     95          0.420
  5     135         0.340
  6     132         0.340
  7     91          0.340
  8     129         0.260
  9     86          0.260
  10    126         0.208

Detector: BL_W150_T1.2_D6
Best Detection: 109 mmHg (confidence: 0.660)
Top 10 readings:
  Rank  Pressure    Confidence  
  ------------------------------
  1     109         0.660
  2     105         0.580
  3     100         0.500
  4     95          0.420
  5     134         0.340
  6     91          0.340
  7     129         0.260
  8     86          0.260
  9     126         0.208
  10    125         0.126

Detector: BL_W150_T1.2_D8
Best Detection: 109 mmHg (confidence: 0.660)
Top 10 readings:
  Rank  Pressure    Confidence  
  ------------------------------
  1     109         0.660
  2     105         0.580
  3     100         0.500
  4     95          0.420
  5     134         0.340
  6     91          0.340
  7     129         0.260
  8     86          0.260
  9     126         0.208
  10    125         0.126

Detector: BL_W150_T1.2_D10
Best Detection: 109 mmHg (confidence: 0.660)
Top 10 readings:
  Rank  Pressure    Confidence  
  ------------------------------
  1     109         0.660
  2     105         0.580
  3     100         0.500
  4     95          0.420
  5     133         0.340
  6     91          0.340
  7     129         0.260
  8     86          0.260
  9     126         0.208
  10    125         0.126

Detector: BL_W150_T1.2_D15
Best Detection: 109 mmHg (confidence: 0.660)
Top 10 readings:
  Rank  Pressure    Confidence  
  ------------------------------
  1     109         0.660
  2     105         0.580
  3     100         0.500
  4     95          0.420
  5     91          0.340
  6     129         0.260
  7     86          0.260
  8     125         0.126
  9     121         0.126
  10    82          0.126

Detector: BL_W150_T1.2_D20
Best Detection: 109 mmHg (confidence: 0.660)
Top 10 readings:
  Rank  Pressure    Confidence  
  ------------------------------
  1     109         0.660
  2     105         0.580
  3     100         0.500
  4     95          0.420
  5     91          0.340
  6     129         0.260
  7     86          0.260
  8     125         0.126
  9     121         0.126
  10    82          0.126

Detector: BL_W150_T1.2_D25
Best Detection: 109 mmHg (confidence: 0.660)
Top 10 readings:
  Rank  Pressure    Confidence  
  ------------------------------
  1     109         0.660
  2     105         0.580
  3     100         0.500
  4     95          0.420
  5     91          0.340
  6     129         0.260
  7     86          0.260
  8     125         0.126
  9     121         0.126
  10    82          0.126

Detector: BL_W150_T1.2_D30
Best Detection: 109 mmHg (confidence: 0.660)
Top 10 readings:
  Rank  Pressure    Confidence  
  ------------------------------
  1     109         0.660
  2     105         0.580
  3     100         0.500
  4     95          0.420
  5     91          0.340
  6     128         0.260
  7     86          0.260
  8     125         0.126
  9     121         0.126
  10    82          0.126

Detector: BL_W150_T1.2_D40
Best Detection: 109 mmHg (confidence: 0.660)
Top 10 readings:
  Rank  Pressure    Confidence  
  ------------------------------
  1     109         0.660
  2     105         0.580
  3     100         0.500
  4     95          0.420
  5     91          0.340
  6     86          0.260
  7     125         0.126
  8     121         0.126
  9     82          0.126
  10    78          0.050

Detector: BL_W150_T1.4_D2
Best Detection: 109 mmHg (confidence: 0.660)
Top 10 readings:
  Rank  Pressure    Confidence  
  ------------------------------
  1     109         0.660
  2     105         0.580
  3     100         0.500
  4     95          0.420
  5     135         0.340
  6     133         0.340
  7     91          0.340
  8     129         0.260
  9     86          0.260
  10    126         0.208

Detector: BL_W150_T1.4_D4
Best Detection: 109 mmHg (confidence: 0.660)
Top 10 readings:
  Rank  Pressure    Confidence  
  ------------------------------
  1     109         0.660
  2     105         0.580
  3     100         0.500
  4     95          0.420
  5     135         0.340
  6     132         0.340
  7     91          0.340
  8     129         0.260
  9     86          0.260
  10    126         0.208

Detector: BL_W150_T1.4_D6
Best Detection: 109 mmHg (confidence: 0.660)
Top 10 readings:
  Rank  Pressure    Confidence  
  ------------------------------
  1     109         0.660
  2     105         0.580
  3     100         0.500
  4     95          0.420
  5     134         0.340
  6     91          0.340
  7     129         0.260
  8     86          0.260
  9     126         0.208
  10    125         0.126

Detector: BL_W150_T1.4_D8
Best Detection: 109 mmHg (confidence: 0.660)
Top 10 readings:
  Rank  Pressure    Confidence  
  ------------------------------
  1     109         0.660
  2     105         0.580
  3     100         0.500
  4     95          0.420
  5     134         0.340
  6     91          0.340
  7     129         0.260
  8     86          0.260
  9     126         0.208
  10    125         0.126

Detector: BL_W150_T1.4_D10
Best Detection: 109 mmHg (confidence: 0.660)
Top 10 readings:
  Rank  Pressure    Confidence  
  ------------------------------
  1     109         0.660
  2     105         0.580
  3     100         0.500
  4     95          0.420
  5     133         0.340
  6     91          0.340
  7     129         0.260
  8     86          0.260
  9     126         0.208
  10    125         0.126

Detector: BL_W150_T1.4_D15
Best Detection: 109 mmHg (confidence: 0.660)
Top 10 readings:
  Rank  Pressure    Confidence  
  ------------------------------
  1     109         0.660
  2     105         0.580
  3     100         0.500
  4     95          0.420
  5     91          0.340
  6     129         0.260
  7     86          0.260
  8     125         0.126
  9     121         0.126
  10    82          0.126

Detector: BL_W150_T1.4_D20
Best Detection: 109 mmHg (confidence: 0.660)
Top 10 readings:
  Rank  Pressure    Confidence  
  ------------------------------
  1     109         0.660
  2     105         0.580
  3     100         0.500
  4     95          0.420
  5     91          0.340
  6     129         0.260
  7     86          0.260
  8     125         0.126
  9     121         0.126
  10    82          0.126

Detector: BL_W150_T1.4_D25
Best Detection: 109 mmHg (confidence: 0.660)
Top 10 readings:
  Rank  Pressure    Confidence  
  ------------------------------
  1     109         0.660
  2     105         0.580
  3     100         0.500
  4     95          0.420
  5     91          0.340
  6     129         0.260
  7     86          0.260
  8     125         0.126
  9     121         0.126
  10    82          0.126

Detector: BL_W150_T1.4_D30
Best Detection: 109 mmHg (confidence: 0.660)
Top 10 readings:
  Rank  Pressure    Confidence  
  ------------------------------
  1     109         0.660
  2     105         0.580
  3     100         0.500
  4     95          0.420
  5     91          0.340
  6     128         0.260
  7     86          0.260
  8     125         0.126
  9     121         0.126
  10    82          0.126

Detector: BL_W150_T1.4_D40
Best Detection: 109 mmHg (confidence: 0.660)
Top 10 readings:
  Rank  Pressure    Confidence  
  ------------------------------
  1     109         0.660
  2     105         0.580
  3     100         0.500
  4     95          0.420
  5     91          0.340
  6     86          0.260
  7     125         0.126
  8     121         0.126
  9     82          0.126
  10    78          0.050

Detector: BL_W150_T1.6_D2
Best Detection: 108 mmHg (confidence: 0.660)
Top 10 readings:
  Rank  Pressure    Confidence  
  ------------------------------
  1     108         0.660
  2     105         0.580
  3     100         0.500
  4     95          0.420
  5     135         0.340
  6     133         0.340
  7     91          0.340
  8     129         0.260
  9     86          0.260
  10    126         0.208

Detector: BL_W150_T1.6_D4
Best Detection: 108 mmHg (confidence: 0.660)
Top 10 readings:
  Rank  Pressure    Confidence  
  ------------------------------
  1     108         0.660
  2     105         0.580
  3     100         0.500
  4     95          0.420
  5     135         0.340
  6     132         0.340
  7     91          0.340
  8     129         0.260
  9     86          0.260
  10    126         0.208

Detector: BL_W150_T1.6_D6
Best Detection: 108 mmHg (confidence: 0.660)
Top 10 readings:
  Rank  Pressure    Confidence  
  ------------------------------
  1     108         0.660
  2     105         0.580
  3     100         0.500
  4     95          0.420
  5     134         0.340
  6     91          0.340
  7     129         0.260
  8     86          0.260
  9     126         0.208
  10    125         0.126

Detector: BL_W150_T1.6_D8
Best Detection: 108 mmHg (confidence: 0.660)
Top 10 readings:
  Rank  Pressure    Confidence  
  ------------------------------
  1     108         0.660
  2     105         0.580
  3     100         0.500
  4     95          0.420
  5     134         0.340
  6     91          0.340
  7     129         0.260
  8     86          0.260
  9     126         0.208
  10    125         0.126

Detector: BL_W150_T1.6_D10
Best Detection: 108 mmHg (confidence: 0.660)
Top 10 readings:
  Rank  Pressure    Confidence  
  ------------------------------
  1     108         0.660
  2     105         0.580
  3     100         0.500
  4     95          0.420
  5     133         0.340
  6     91          0.340
  7     129         0.260
  8     86          0.260
  9     126         0.208
  10    125         0.126

Detector: BL_W150_T1.6_D15
Best Detection: 108 mmHg (confidence: 0.660)
Top 10 readings:
  Rank  Pressure    Confidence  
  ------------------------------
  1     108         0.660
  2     105         0.580
  3     100         0.500
  4     95          0.420
  5     91          0.340
  6     129         0.260
  7     86          0.260
  8     125         0.126
  9     121         0.126
  10    82          0.126

Detector: BL_W150_T1.6_D20
Best Detection: 108 mmHg (confidence: 0.660)
Top 10 readings:
  Rank  Pressure    Confidence  
  ------------------------------
  1     108         0.660
  2     105         0.580
  3     100         0.500
  4     95          0.420
  5     91          0.340
  6     129         0.260
  7     86          0.260
  8     125         0.126
  9     121         0.126
  10    82          0.126

Detector: BL_W150_T1.6_D25
Best Detection: 108 mmHg (confidence: 0.660)
Top 10 readings:
  Rank  Pressure    Confidence  
  ------------------------------
  1     108         0.660
  2     105         0.580
  3     100         0.500
  4     95          0.420
  5     91          0.340
  6     129         0.260
  7     86          0.260
  8     125         0.126
  9     121         0.126
  10    82          0.126

Detector: BL_W150_T1.6_D30
Best Detection: 108 mmHg (confidence: 0.660)
Top 10 readings:
  Rank  Pressure    Confidence  
  ------------------------------
  1     108         0.660
  2     105         0.580
  3     100         0.500
  4     95          0.420
  5     91          0.340
  6     128         0.260
  7     86          0.260
  8     125         0.126
  9     121         0.126
  10    82          0.126

Detector: BL_W150_T1.6_D40
Best Detection: 108 mmHg (confidence: 0.660)
Top 10 readings:
  Rank  Pressure    Confidence  
  ------------------------------
  1     108         0.660
  2     105         0.580
  3     100         0.500
  4     95          0.420
  5     91          0.340
  6     86          0.260
  7     125         0.126
  8     121         0.126
  9     82          0.126
  10    78          0.050

Detector: BL_W150_T1.8_D2
Best Detection: 108 mmHg (confidence: 0.420)
Top 10 readings:
  Rank  Pressure    Confidence  
  ------------------------------
  1     108         0.420
  2     135         0.340
  3     105         0.340
  4     129         0.260
  5     100         0.260
  6     126         0.208
  7     125         0.126
  8     121         0.126
  9     95          0.126
  10    82          0.050

Detector: BL_W150_T1.8_D4
Best Detection: 108 mmHg (confidence: 0.420)
Top 10 readings:
  Rank  Pressure    Confidence  
  ------------------------------
  1     108         0.420
  2     135         0.340
  3     132         0.340
  4     105         0.340
  5     129         0.260
  6     100         0.260
  7     126         0.208
  8     125         0.126
  9     121         0.126
  10    95          0.126

Detector: BL_W150_T1.8_D6
Best Detection: 108 mmHg (confidence: 0.420)
Top 10 readings:
  Rank  Pressure    Confidence  
  ------------------------------
  1     108         0.420
  2     134         0.340
  3     105         0.340
  4     129         0.260
  5     100         0.260
  6     126         0.208
  7     125         0.126
  8     121         0.126
  9     95          0.126
  10    82          0.050

Detector: BL_W150_T1.8_D8
Best Detection: 108 mmHg (confidence: 0.420)
Top 10 readings:
  Rank  Pressure    Confidence  
  ------------------------------
  1     108         0.420
  2     134         0.340
  3     105         0.340
  4     129         0.260
  5     100         0.260
  6     126         0.208
  7     125         0.126
  8     121         0.126
  9     95          0.126
  10    82          0.050

Detector: BL_W150_T1.8_D10
Best Detection: 108 mmHg (confidence: 0.420)
Top 10 readings:
  Rank  Pressure    Confidence  
  ------------------------------
  1     108         0.420
  2     133         0.340
  3     105         0.340
  4     129         0.260
  5     100         0.260
  6     126         0.208
  7     125         0.126
  8     121         0.126
  9     95          0.126
  10    82          0.050

Detector: BL_W150_T1.8_D15
Best Detection: 108 mmHg (confidence: 0.420)
Top 10 readings:
  Rank  Pressure    Confidence  
  ------------------------------
  1     108         0.420
  2     105         0.340
  3     129         0.260
  4     100         0.260
  5     125         0.126
  6     121         0.126
  7     95          0.126
  8     82          0.050
  9     120         0.010
  10    116         0.010

Detector: BL_W150_T1.8_D20
Best Detection: 108 mmHg (confidence: 0.420)
Top 10 readings:
  Rank  Pressure    Confidence  
  ------------------------------
  1     108         0.420
  2     105         0.340
  3     129         0.260
  4     100         0.260
  5     125         0.126
  6     121         0.126
  7     95          0.126
  8     82          0.050
  9     120         0.010
  10    116         0.010

Detector: BL_W150_T1.8_D25
Best Detection: 108 mmHg (confidence: 0.420)
Top 10 readings:
  Rank  Pressure    Confidence  
  ------------------------------
  1     108         0.420
  2     105         0.340
  3     129         0.260
  4     100         0.260
  5     125         0.126
  6     121         0.126
  7     95          0.126
  8     82          0.050
  9     120         0.010
  10    116         0.010

Detector: BL_W150_T1.8_D30
Best Detection: 108 mmHg (confidence: 0.420)
Top 10 readings:
  Rank  Pressure    Confidence  
  ------------------------------
  1     108         0.420
  2     105         0.340
  3     128         0.260
  4     100         0.260
  5     125         0.126
  6     121         0.126
  7     95          0.126
  8     82          0.050
  9     120         0.010
  10    116         0.010

Detector: BL_W150_T1.8_D40
Best Detection: 108 mmHg (confidence: 0.420)
Top 10 readings:
  Rank  Pressure    Confidence  
  ------------------------------
  1     108         0.420
  2     105         0.340
  3     100         0.260
  4     125         0.126
  5     121         0.126
  6     95          0.126
  7     82          0.050
  8     120         0.010
  9     116         0.010
  10    90          0.010

Detector: BL_W150_T2.0_D2
Best Detection: 135 mmHg (confidence: 0.340)
Top 10 readings:
  Rank  Pressure    Confidence  
  ------------------------------
  1     135         0.340
  2     105         0.340
  3     129         0.260
  4     100         0.260
  5     125         0.126
  6     121         0.126
  7     95          0.126
  8     90          0.050
  9     120         0.010
  10    116         0.010

Detector: BL_W150_T2.0_D4
Best Detection: 135 mmHg (confidence: 0.340)
Top 10 readings:
  Rank  Pressure    Confidence  
  ------------------------------
  1     135         0.340
  2     132         0.340
  3     105         0.340
  4     129         0.260
  5     100         0.260
  6     125         0.126
  7     121         0.126
  8     95          0.126
  9     90          0.050
  10    149         0.010

Detector: BL_W150_T2.0_D6
Best Detection: 134 mmHg (confidence: 0.340)
Top 10 readings:
  Rank  Pressure    Confidence  
  ------------------------------
  1     134         0.340
  2     105         0.340
  3     129         0.260
  4     100         0.260
  5     125         0.126
  6     121         0.126
  7     95          0.126
  8     90          0.050
  9     120         0.010
  10    116         0.010

Detector: BL_W150_T2.0_D8
Best Detection: 134 mmHg (confidence: 0.340)
Top 10 readings:
  Rank  Pressure    Confidence  
  ------------------------------
  1     134         0.340
  2     105         0.340
  3     129         0.260
  4     100         0.260
  5     126         0.208
  6     125         0.126
  7     121         0.126
  8     95          0.126
  9     90          0.050
  10    120         0.010

Detector: BL_W150_T2.0_D10
Best Detection: 133 mmHg (confidence: 0.340)
Top 10 readings:
  Rank  Pressure    Confidence  
  ------------------------------
  1     133         0.340
  2     105         0.340
  3     129         0.260
  4     100         0.260
  5     126         0.208
  6     125         0.126
  7     121         0.126
  8     95          0.126
  9     90          0.050
  10    120         0.010

Detector: BL_W150_T2.0_D15
Best Detection: 105 mmHg (confidence: 0.340)
Top 10 readings:
  Rank  Pressure    Confidence  
  ------------------------------
  1     105         0.340
  2     129         0.260
  3     100         0.260
  4     125         0.126
  5     121         0.126
  6     95          0.126
  7     90          0.050
  8     120         0.010
  9     116         0.010

Detector: BL_W150_T2.0_D20
Best Detection: 105 mmHg (confidence: 0.340)
Top 10 readings:
  Rank  Pressure    Confidence  
  ------------------------------
  1     105         0.340
  2     129         0.260
  3     100         0.260
  4     125         0.126
  5     121         0.126
  6     95          0.126
  7     90          0.050
  8     120         0.010
  9     116         0.010

Detector: BL_W150_T2.0_D25
Best Detection: 105 mmHg (confidence: 0.340)
Top 10 readings:
  Rank  Pressure    Confidence  
  ------------------------------
  1     105         0.340
  2     129         0.260
  3     100         0.260
  4     125         0.126
  5     121         0.126
  6     95          0.126
  7     90          0.050
  8     120         0.010
  9     116         0.010

Detector: BL_W150_T2.0_D30
Best Detection: 105 mmHg (confidence: 0.340)
Top 10 readings:
  Rank  Pressure    Confidence  
  ------------------------------
  1     105         0.340
  2     128         0.260
  3     100         0.260
  4     125         0.126
  5     121         0.126
  6     95          0.126
  7     90          0.050
  8     120         0.010
  9     116         0.010

Detector: BL_W150_T2.0_D40
Best Detection: 105 mmHg (confidence: 0.340)
Top 10 readings:
  Rank  Pressure    Confidence  
  ------------------------------
  1     105         0.340
  2     100         0.260
  3     125         0.126
  4     121         0.126
  5     95          0.126
  6     90          0.050
  7     120         0.010
  8     116         0.010

Detector: BL_W150_T2.2_D2
Best Detection: 135 mmHg (confidence: 0.340)
Top 10 readings:
  Rank  Pressure    Confidence  
  ------------------------------
  1     135         0.340
  2     129         0.260
  3     105         0.260
  4     125         0.126
  5     121         0.126
  6     99          0.126
  7     94          0.050
  8     119         0.010
  9     116         0.010

Detector: BL_W150_T2.2_D4
Best Detection: 135 mmHg (confidence: 0.340)
Top 10 readings:
  Rank  Pressure    Confidence  
  ------------------------------
  1     135         0.340
  2     132         0.272
  3     129         0.260
  4     105         0.260
  5     125         0.126
  6     121         0.126
  7     99          0.126
  8     94          0.050
  9     149         0.010
  10    119         0.010

Detector: BL_W150_T2.2_D6
Best Detection: 134 mmHg (confidence: 0.340)
Top 10 readings:
  Rank  Pressure    Confidence  
  ------------------------------
  1     134         0.340
  2     129         0.260
  3     105         0.260
  4     125         0.126
  5     121         0.126
  6     99          0.126
  7     94          0.050
  8     119         0.010
  9     116         0.010

Detector: BL_W150_T2.2_D8
Best Detection: 134 mmHg (confidence: 0.340)
Top 10 readings:
  Rank  Pressure    Confidence  
  ------------------------------
  1     134         0.340
  2     129         0.260
  3     105         0.260
  4     126         0.208
  5     125         0.126
  6     121         0.126
  7     99          0.126
  8     94          0.050
  9     119         0.010
  10    116         0.010

Detector: BL_W150_T2.2_D10
Best Detection: 133 mmHg (confidence: 0.340)
Top 10 readings:
  Rank  Pressure    Confidence  
  ------------------------------
  1     133         0.340
  2     129         0.260
  3     105         0.260
  4     126         0.208
  5     125         0.126
  6     121         0.126
  7     99          0.126
  8     94          0.050
  9     119         0.010
  10    116         0.010

Detector: BL_W150_T2.2_D15
Best Detection: 129 mmHg (confidence: 0.260)
Top 10 readings:
  Rank  Pressure    Confidence  
  ------------------------------
  1     129         0.260
  2     105         0.260
  3     125         0.126
  4     121         0.126
  5     99          0.126
  6     94          0.050
  7     119         0.010
  8     116         0.010

Detector: BL_W150_T2.2_D20
Best Detection: 129 mmHg (confidence: 0.260)
Top 10 readings:
  Rank  Pressure    Confidence  
  ------------------------------
  1     129         0.260
  2     105         0.260
  3     125         0.126
  4     121         0.126
  5     99          0.126
  6     94          0.050
  7     119         0.010
  8     116         0.010

Detector: BL_W150_T2.2_D25
Best Detection: 129 mmHg (confidence: 0.260)
Top 10 readings:
  Rank  Pressure    Confidence  
  ------------------------------
  1     129         0.260
  2     105         0.260
  3     125         0.126
  4     121         0.126
  5     99          0.126
  6     94          0.050
  7     119         0.010
  8     116         0.010

Detector: BL_W150_T2.2_D30
Best Detection: 128 mmHg (confidence: 0.260)
Top 10 readings:
  Rank  Pressure    Confidence  
  ------------------------------
  1     128         0.260
  2     105         0.260
  3     125         0.126
  4     121         0.126
  5     99          0.126
  6     94          0.050
  7     119         0.010
  8     116         0.010

Detector: BL_W150_T2.2_D40
Best Detection: 105 mmHg (confidence: 0.260)
Top 10 readings:
  Rank  Pressure    Confidence  
  ------------------------------
  1     105         0.260
  2     125         0.126
  3     121         0.126
  4     99          0.126
  5     94          0.050
  6     119         0.010
  7     116         0.010

Detector: BL_W150_T2.4_D2
Best Detection: 135 mmHg (confidence: 0.340)
Top 10 readings:
  Rank  Pressure    Confidence  
  ------------------------------
  1     135         0.340
  2     129         0.260
  3     104         0.260
  4     125         0.126
  5     121         0.126
  6     99          0.126
  7     94          0.050
  8     119         0.010
  9     116         0.010

Detector: BL_W150_T2.4_D4
Best Detection: 135 mmHg (confidence: 0.340)
Top 10 readings:
  Rank  Pressure    Confidence  
  ------------------------------
  1     135         0.340
  2     132         0.272
  3     129         0.260
  4     104         0.260
  5     125         0.126
  6     121         0.126
  7     99          0.126
  8     94          0.050
  9     149         0.010
  10    119         0.010

Detector: BL_W150_T2.4_D6
Best Detection: 134 mmHg (confidence: 0.340)
Top 10 readings:
  Rank  Pressure    Confidence  
  ------------------------------
  1     134         0.340
  2     129         0.260
  3     104         0.260
  4     125         0.126
  5     121         0.126
  6     99          0.126
  7     94          0.050
  8     119         0.010
  9     116         0.010

Detector: BL_W150_T2.4_D8
Best Detection: 134 mmHg (confidence: 0.340)
Top 10 readings:
  Rank  Pressure    Confidence  
  ------------------------------
  1     134         0.340
  2     129         0.260
  3     104         0.260
  4     126         0.208
  5     125         0.126
  6     121         0.126
  7     99          0.126
  8     94          0.050
  9     119         0.010
  10    116         0.010

Detector: BL_W150_T2.4_D10
Best Detection: 133 mmHg (confidence: 0.340)
Top 10 readings:
  Rank  Pressure    Confidence  
  ------------------------------
  1     133         0.340
  2     129         0.260
  3     104         0.260
  4     126         0.208
  5     125         0.126
  6     121         0.126
  7     99          0.126
  8     94          0.050
  9     119         0.010
  10    116         0.010

Detector: BL_W150_T2.4_D15
Best Detection: 129 mmHg (confidence: 0.260)
Top 10 readings:
  Rank  Pressure    Confidence  
  ------------------------------
  1     129         0.260
  2     104         0.260
  3     125         0.126
  4     121         0.126
  5     99          0.126
  6     94          0.050
  7     119         0.010
  8     116         0.010

Detector: BL_W150_T2.4_D20
Best Detection: 129 mmHg (confidence: 0.260)
Top 10 readings:
  Rank  Pressure    Confidence  
  ------------------------------
  1     129         0.260
  2     104         0.260
  3     125         0.126
  4     121         0.126
  5     99          0.126
  6     94          0.050
  7     119         0.010
  8     116         0.010

Detector: BL_W150_T2.4_D25
Best Detection: 129 mmHg (confidence: 0.260)
Top 10 readings:
  Rank  Pressure    Confidence  
  ------------------------------
  1     129         0.260
  2     104         0.260
  3     125         0.126
  4     121         0.126
  5     99          0.126
  6     94          0.050
  7     119         0.010
  8     116         0.010

Detector: BL_W150_T2.4_D30
Best Detection: 128 mmHg (confidence: 0.260)
Top 10 readings:
  Rank  Pressure    Confidence  
  ------------------------------
  1     128         0.260
  2     104         0.260
  3     125         0.126
  4     121         0.126
  5     99          0.126
  6     94          0.050
  7     119         0.010
  8     116         0.010

Detector: BL_W150_T2.4_D40
Best Detection: 104 mmHg (confidence: 0.260)
Top 10 readings:
  Rank  Pressure    Confidence  
  ------------------------------
  1     104         0.260
  2     125         0.126
  3     121         0.126
  4     99          0.126
  5     94          0.050
  6     119         0.010
  7     116         0.010

Detector: BL_W150_T2.6_D2
Best Detection: 135 mmHg (confidence: 0.340)
Top 10 readings:
  Rank  Pressure    Confidence  
  ------------------------------
  1     135         0.340
  2     129         0.260
  3     104         0.260
  4     125         0.126
  5     121         0.126
  6     99          0.126
  7     94          0.050
  8     119         0.010
  9     116         0.010

Detector: BL_W150_T2.6_D4
Best Detection: 135 mmHg (confidence: 0.340)
Top 10 readings:
  Rank  Pressure    Confidence  
  ------------------------------
  1     135         0.340
  2     132         0.272
  3     129         0.260
  4     104         0.260
  5     125         0.126
  6     121         0.126
  7     99          0.126
  8     94          0.050
  9     149         0.010
  10    119         0.010

Detector: BL_W150_T2.6_D6
Best Detection: 134 mmHg (confidence: 0.340)
Top 10 readings:
  Rank  Pressure    Confidence  
  ------------------------------
  1     134         0.340
  2     129         0.260
  3     104         0.260
  4     125         0.126
  5     121         0.126
  6     99          0.126
  7     94          0.050
  8     119         0.010
  9     116         0.010

Detector: BL_W150_T2.6_D8
Best Detection: 134 mmHg (confidence: 0.340)
Top 10 readings:
  Rank  Pressure    Confidence  
  ------------------------------
  1     134         0.340
  2     129         0.260
  3     104         0.260
  4     126         0.208
  5     125         0.126
  6     121         0.126
  7     99          0.126
  8     94          0.050
  9     119         0.010
  10    116         0.010

Detector: BL_W150_T2.6_D10
Best Detection: 133 mmHg (confidence: 0.340)
Top 10 readings:
  Rank  Pressure    Confidence  
  ------------------------------
  1     133         0.340
  2     129         0.260
  3     104         0.260
  4     126         0.208
  5     125         0.126
  6     121         0.126
  7     99          0.126
  8     94          0.050
  9     119         0.010
  10    116         0.010

Detector: BL_W150_T2.6_D15
Best Detection: 129 mmHg (confidence: 0.260)
Top 10 readings:
  Rank  Pressure    Confidence  
  ------------------------------
  1     129         0.260
  2     104         0.260
  3     125         0.126
  4     121         0.126
  5     99          0.126
  6     94          0.050
  7     119         0.010
  8     116         0.010

Detector: BL_W150_T2.6_D20
Best Detection: 129 mmHg (confidence: 0.260)
Top 10 readings:
  Rank  Pressure    Confidence  
  ------------------------------
  1     129         0.260
  2     104         0.260
  3     125         0.126
  4     121         0.126
  5     99          0.126
  6     94          0.050
  7     119         0.010
  8     116         0.010

Detector: BL_W150_T2.6_D25
Best Detection: 129 mmHg (confidence: 0.260)
Top 10 readings:
  Rank  Pressure    Confidence  
  ------------------------------
  1     129         0.260
  2     104         0.260
  3     125         0.126
  4     121         0.126
  5     99          0.126
  6     94          0.050
  7     119         0.010
  8     116         0.010

Detector: BL_W150_T2.6_D30
Best Detection: 128 mmHg (confidence: 0.260)
Top 10 readings:
  Rank  Pressure    Confidence  
  ------------------------------
  1     128         0.260
  2     104         0.260
  3     125         0.126
  4     121         0.126
  5     99          0.126
  6     94          0.050
  7     119         0.010
  8     116         0.010

Detector: BL_W150_T2.6_D40
Best Detection: 104 mmHg (confidence: 0.260)
Top 10 readings:
  Rank  Pressure    Confidence  
  ------------------------------
  1     104         0.260
  2     125         0.126
  3     121         0.126
  4     99          0.126
  5     94          0.050
  6     119         0.010
  7     116         0.010

Detector: BL_W150_T2.8_D2
Best Detection: 134 mmHg (confidence: 0.340)
Top 10 readings:
  Rank  Pressure    Confidence  
  ------------------------------
  1     134         0.340
  2     129         0.260
  3     125         0.126
  4     121         0.126
  5     104         0.126
  6     99          0.050
  7     119         0.010
  8     116         0.010

Detector: BL_W150_T2.8_D4
Best Detection: 135 mmHg (confidence: 0.340)
Top 10 readings:
  Rank  Pressure    Confidence  
  ------------------------------
  1     135         0.340
  2     132         0.272
  3     129         0.260
  4     125         0.126
  5     121         0.126
  6     104         0.126
  7     99          0.050
  8     149         0.010
  9     119         0.010
  10    116         0.010

Detector: BL_W150_T2.8_D6
Best Detection: 134 mmHg (confidence: 0.340)
Top 10 readings:
  Rank  Pressure    Confidence  
  ------------------------------
  1     134         0.340
  2     129         0.260
  3     125         0.126
  4     121         0.126
  5     104         0.126
  6     99          0.050
  7     119         0.010
  8     116         0.010

Detector: BL_W150_T2.8_D8
Best Detection: 134 mmHg (confidence: 0.340)
Top 10 readings:
  Rank  Pressure    Confidence  
  ------------------------------
  1     134         0.340
  2     129         0.260
  3     126         0.208
  4     125         0.126
  5     121         0.126
  6     104         0.126
  7     99          0.050
  8     119         0.010
  9     116         0.010

Detector: BL_W150_T2.8_D10
Best Detection: 133 mmHg (confidence: 0.340)
Top 10 readings:
  Rank  Pressure    Confidence  
  ------------------------------
  1     133         0.340
  2     129         0.260
  3     126         0.208
  4     125         0.126
  5     121         0.126
  6     104         0.126
  7     99          0.050
  8     119         0.010
  9     116         0.010

Detector: BL_W150_T2.8_D15
Best Detection: 129 mmHg (confidence: 0.260)
Top 10 readings:
  Rank  Pressure    Confidence  
  ------------------------------
  1     129         0.260
  2     125         0.126
  3     121         0.126
  4     104         0.126
  5     99          0.050
  6     119         0.010
  7     116         0.010

Detector: BL_W150_T2.8_D20
Best Detection: 129 mmHg (confidence: 0.260)
Top 10 readings:
  Rank  Pressure    Confidence  
  ------------------------------
  1     129         0.260
  2     125         0.126
  3     121         0.126
  4     104         0.126
  5     99          0.050
  6     119         0.010
  7     116         0.010

Detector: BL_W150_T2.8_D25
Best Detection: 129 mmHg (confidence: 0.260)
Top 10 readings:
  Rank  Pressure    Confidence  
  ------------------------------
  1     129         0.260
  2     125         0.126
  3     121         0.126
  4     104         0.126
  5     99          0.050
  6     119         0.010
  7     116         0.010

Detector: BL_W150_T2.8_D30
Best Detection: 128 mmHg (confidence: 0.260)
Top 10 readings:
  Rank  Pressure    Confidence  
  ------------------------------
  1     128         0.260
  2     125         0.126
  3     121         0.126
  4     104         0.126
  5     99          0.050
  6     119         0.010
  7     116         0.010

Detector: BL_W150_T2.8_D40
Best Detection: 125 mmHg (confidence: 0.126)
Top 10 readings:
  Rank  Pressure    Confidence  
  ------------------------------
  1     125         0.126
  2     121         0.126
  3     104         0.126
  4     99          0.050
  5     119         0.010
  6     116         0.010

Detector: BL_W150_T3.0_D2
Best Detection: 134 mmHg (confidence: 0.340)
Top 10 readings:
  Rank  Pressure    Confidence  
  ------------------------------
  1     134         0.340
  2     129         0.260
  3     125         0.126
  4     121         0.126
  5     116         0.050
  6     119         0.010

Detector: BL_W150_T3.0_D4
Best Detection: 135 mmHg (confidence: 0.340)
Top 10 readings:
  Rank  Pressure    Confidence  
  ------------------------------
  1     135         0.340
  2     132         0.272
  3     129         0.260
  4     125         0.126
  5     121         0.126
  6     116         0.050
  7     149         0.010
  8     119         0.010

Detector: BL_W150_T3.0_D6
Best Detection: 134 mmHg (confidence: 0.340)
Top 10 readings:
  Rank  Pressure    Confidence  
  ------------------------------
  1     134         0.340
  2     129         0.260
  3     125         0.126
  4     121         0.126
  5     116         0.050
  6     119         0.010

Detector: BL_W150_T3.0_D8
Best Detection: 134 mmHg (confidence: 0.340)
Top 10 readings:
  Rank  Pressure    Confidence  
  ------------------------------
  1     134         0.340
  2     129         0.260
  3     126         0.208
  4     125         0.126
  5     121         0.126
  6     116         0.050
  7     119         0.010

Detector: BL_W150_T3.0_D10
Best Detection: 133 mmHg (confidence: 0.340)
Top 10 readings:
  Rank  Pressure    Confidence  
  ------------------------------
  1     133         0.340
  2     129         0.260
  3     126         0.208
  4     125         0.126
  5     121         0.126
  6     116         0.050
  7     119         0.010

Detector: BL_W150_T3.0_D15
Best Detection: 129 mmHg (confidence: 0.260)
Top 10 readings:
  Rank  Pressure    Confidence  
  ------------------------------
  1     129         0.260
  2     125         0.126
  3     121         0.126
  4     116         0.050
  5     119         0.010

Detector: BL_W150_T3.0_D20
Best Detection: 129 mmHg (confidence: 0.260)
Top 10 readings:
  Rank  Pressure    Confidence  
  ------------------------------
  1     129         0.260
  2     125         0.126
  3     121         0.126
  4     116         0.050
  5     119         0.010

Detector: BL_W150_T3.0_D25
Best Detection: 129 mmHg (confidence: 0.260)
Top 10 readings:
  Rank  Pressure    Confidence  
  ------------------------------
  1     129         0.260
  2     125         0.126
  3     121         0.126
  4     116         0.050
  5     119         0.010

Detector: BL_W150_T3.0_D30
Best Detection: 128 mmHg (confidence: 0.260)
Top 10 readings:
  Rank  Pressure    Confidence  
  ------------------------------
  1     128         0.260
  2     125         0.126
  3     121         0.126
  4     116         0.050
  5     119         0.010

Detector: BL_W150_T3.0_D40
Best Detection: 125 mmHg (confidence: 0.126)
Top 10 readings:
  Rank  Pressure    Confidence  
  ------------------------------
  1     125         0.126
  2     121         0.126
  3     116         0.050
  4     119         0.010

Detector: BL_W160_T1.2_D2
Best Detection: 109 mmHg (confidence: 0.660)
Top 10 readings:
  Rank  Pressure    Confidence  
  ------------------------------
  1     109         0.660
  2     105         0.580
  3     100         0.500
  4     95          0.420
  5     135         0.340
  6     133         0.340
  7     91          0.340
  8     129         0.260
  9     86          0.260
  10    126         0.208

Detector: BL_W160_T1.2_D4
Best Detection: 109 mmHg (confidence: 0.660)
Top 10 readings:
  Rank  Pressure    Confidence  
  ------------------------------
  1     109         0.660
  2     105         0.580
  3     100         0.500
  4     95          0.420
  5     135         0.340
  6     132         0.340
  7     91          0.340
  8     129         0.260
  9     86          0.260
  10    126         0.208

Detector: BL_W160_T1.2_D6
Best Detection: 109 mmHg (confidence: 0.660)
Top 10 readings:
  Rank  Pressure    Confidence  
  ------------------------------
  1     109         0.660
  2     105         0.580
  3     100         0.500
  4     95          0.420
  5     134         0.340
  6     91          0.340
  7     129         0.260
  8     86          0.260
  9     126         0.208
  10    125         0.126

Detector: BL_W160_T1.2_D8
Best Detection: 109 mmHg (confidence: 0.660)
Top 10 readings:
  Rank  Pressure    Confidence  
  ------------------------------
  1     109         0.660
  2     105         0.580
  3     100         0.500
  4     95          0.420
  5     134         0.340
  6     91          0.340
  7     129         0.260
  8     86          0.260
  9     126         0.208
  10    125         0.126

Detector: BL_W160_T1.2_D10
Best Detection: 109 mmHg (confidence: 0.660)
Top 10 readings:
  Rank  Pressure    Confidence  
  ------------------------------
  1     109         0.660
  2     105         0.580
  3     100         0.500
  4     95          0.420
  5     133         0.340
  6     91          0.340
  7     129         0.260
  8     86          0.260
  9     126         0.208
  10    125         0.126

Detector: BL_W160_T1.2_D15
Best Detection: 109 mmHg (confidence: 0.660)
Top 10 readings:
  Rank  Pressure    Confidence  
  ------------------------------
  1     109         0.660
  2     105         0.580
  3     100         0.500
  4     95          0.420
  5     91          0.340
  6     129         0.260
  7     86          0.260
  8     125         0.126
  9     121         0.126
  10    82          0.126

Detector: BL_W160_T1.2_D20
Best Detection: 109 mmHg (confidence: 0.660)
Top 10 readings:
  Rank  Pressure    Confidence  
  ------------------------------
  1     109         0.660
  2     105         0.580
  3     100         0.500
  4     95          0.420
  5     91          0.340
  6     129         0.260
  7     86          0.260
  8     125         0.126
  9     121         0.126
  10    82          0.126

Detector: BL_W160_T1.2_D25
Best Detection: 109 mmHg (confidence: 0.660)
Top 10 readings:
  Rank  Pressure    Confidence  
  ------------------------------
  1     109         0.660
  2     105         0.580
  3     100         0.500
  4     95          0.420
  5     91          0.340
  6     129         0.260
  7     86          0.260
  8     125         0.126
  9     121         0.126
  10    82          0.126

Detector: BL_W160_T1.2_D30
Best Detection: 109 mmHg (confidence: 0.660)
Top 10 readings:
  Rank  Pressure    Confidence  
  ------------------------------
  1     109         0.660
  2     105         0.580
  3     100         0.500
  4     95          0.420
  5     91          0.340
  6     128         0.260
  7     86          0.260
  8     125         0.126
  9     121         0.126
  10    82          0.126

Detector: BL_W160_T1.2_D40
Best Detection: 109 mmHg (confidence: 0.660)
Top 10 readings:
  Rank  Pressure    Confidence  
  ------------------------------
  1     109         0.660
  2     105         0.580
  3     100         0.500
  4     95          0.420
  5     91          0.340
  6     86          0.260
  7     125         0.126
  8     121         0.126
  9     82          0.126
  10    78          0.050

Detector: BL_W160_T1.4_D2
Best Detection: 109 mmHg (confidence: 0.660)
Top 10 readings:
  Rank  Pressure    Confidence  
  ------------------------------
  1     109         0.660
  2     105         0.580
  3     100         0.500
  4     95          0.420
  5     135         0.340
  6     133         0.340
  7     91          0.340
  8     129         0.260
  9     86          0.260
  10    126         0.208

Detector: BL_W160_T1.4_D4
Best Detection: 109 mmHg (confidence: 0.660)
Top 10 readings:
  Rank  Pressure    Confidence  
  ------------------------------
  1     109         0.660
  2     105         0.580
  3     100         0.500
  4     95          0.420
  5     135         0.340
  6     132         0.340
  7     91          0.340
  8     129         0.260
  9     86          0.260
  10    126         0.208

Detector: BL_W160_T1.4_D6
Best Detection: 109 mmHg (confidence: 0.660)
Top 10 readings:
  Rank  Pressure    Confidence  
  ------------------------------
  1     109         0.660
  2     105         0.580
  3     100         0.500
  4     95          0.420
  5     134         0.340
  6     91          0.340
  7     129         0.260
  8     86          0.260
  9     126         0.208
  10    125         0.126

Detector: BL_W160_T1.4_D8
Best Detection: 109 mmHg (confidence: 0.660)
Top 10 readings:
  Rank  Pressure    Confidence  
  ------------------------------
  1     109         0.660
  2     105         0.580
  3     100         0.500
  4     95          0.420
  5     134         0.340
  6     91          0.340
  7     129         0.260
  8     86          0.260
  9     126         0.208
  10    125         0.126

Detector: BL_W160_T1.4_D10
Best Detection: 109 mmHg (confidence: 0.660)
Top 10 readings:
  Rank  Pressure    Confidence  
  ------------------------------
  1     109         0.660
  2     105         0.580
  3     100         0.500
  4     95          0.420
  5     133         0.340
  6     91          0.340
  7     129         0.260
  8     86          0.260
  9     126         0.208
  10    125         0.126

Detector: BL_W160_T1.4_D15
Best Detection: 109 mmHg (confidence: 0.660)
Top 10 readings:
  Rank  Pressure    Confidence  
  ------------------------------
  1     109         0.660
  2     105         0.580
  3     100         0.500
  4     95          0.420
  5     91          0.340
  6     129         0.260
  7     86          0.260
  8     125         0.126
  9     121         0.126
  10    82          0.126

Detector: BL_W160_T1.4_D20
Best Detection: 109 mmHg (confidence: 0.660)
Top 10 readings:
  Rank  Pressure    Confidence  
  ------------------------------
  1     109         0.660
  2     105         0.580
  3     100         0.500
  4     95          0.420
  5     91          0.340
  6     129         0.260
  7     86          0.260
  8     125         0.126
  9     121         0.126
  10    82          0.126

Detector: BL_W160_T1.4_D25
Best Detection: 109 mmHg (confidence: 0.660)
Top 10 readings:
  Rank  Pressure    Confidence  
  ------------------------------
  1     109         0.660
  2     105         0.580
  3     100         0.500
  4     95          0.420
  5     91          0.340
  6     129         0.260
  7     86          0.260
  8     125         0.126
  9     121         0.126
  10    82          0.126

Detector: BL_W160_T1.4_D30
Best Detection: 109 mmHg (confidence: 0.660)
Top 10 readings:
  Rank  Pressure    Confidence  
  ------------------------------
  1     109         0.660
  2     105         0.580
  3     100         0.500
  4     95          0.420
  5     91          0.340
  6     128         0.260
  7     86          0.260
  8     125         0.126
  9     121         0.126
  10    82          0.126

Detector: BL_W160_T1.4_D40
Best Detection: 109 mmHg (confidence: 0.660)
Top 10 readings:
  Rank  Pressure    Confidence  
  ------------------------------
  1     109         0.660
  2     105         0.580
  3     100         0.500
  4     95          0.420
  5     91          0.340
  6     86          0.260
  7     125         0.126
  8     121         0.126
  9     82          0.126
  10    78          0.050

Detector: BL_W160_T1.6_D2
Best Detection: 108 mmHg (confidence: 0.660)
Top 10 readings:
  Rank  Pressure    Confidence  
  ------------------------------
  1     108         0.660
  2     105         0.580
  3     100         0.500
  4     95          0.420
  5     135         0.340
  6     133         0.340
  7     91          0.340
  8     129         0.260
  9     86          0.260
  10    126         0.208

Detector: BL_W160_T1.6_D4
Best Detection: 108 mmHg (confidence: 0.660)
Top 10 readings:
  Rank  Pressure    Confidence  
  ------------------------------
  1     108         0.660
  2     105         0.580
  3     100         0.500
  4     95          0.420
  5     135         0.340
  6     132         0.340
  7     91          0.340
  8     129         0.260
  9     86          0.260
  10    126         0.208

Detector: BL_W160_T1.6_D6
Best Detection: 108 mmHg (confidence: 0.660)
Top 10 readings:
  Rank  Pressure    Confidence  
  ------------------------------
  1     108         0.660
  2     105         0.580
  3     100         0.500
  4     95          0.420
  5     134         0.340
  6     91          0.340
  7     129         0.260
  8     86          0.260
  9     126         0.208
  10    125         0.126

Detector: BL_W160_T1.6_D8
Best Detection: 108 mmHg (confidence: 0.660)
Top 10 readings:
  Rank  Pressure    Confidence  
  ------------------------------
  1     108         0.660
  2     105         0.580
  3     100         0.500
  4     95          0.420
  5     134         0.340
  6     91          0.340
  7     129         0.260
  8     86          0.260
  9     126         0.208
  10    125         0.126

Detector: BL_W160_T1.6_D10
Best Detection: 108 mmHg (confidence: 0.660)
Top 10 readings:
  Rank  Pressure    Confidence  
  ------------------------------
  1     108         0.660
  2     105         0.580
  3     100         0.500
  4     95          0.420
  5     133         0.340
  6     91          0.340
  7     129         0.260
  8     86          0.260
  9     126         0.208
  10    125         0.126

Detector: BL_W160_T1.6_D15
Best Detection: 108 mmHg (confidence: 0.660)
Top 10 readings:
  Rank  Pressure    Confidence  
  ------------------------------
  1     108         0.660
  2     105         0.580
  3     100         0.500
  4     95          0.420
  5     91          0.340
  6     129         0.260
  7     86          0.260
  8     125         0.126
  9     121         0.126
  10    82          0.126

Detector: BL_W160_T1.6_D20
Best Detection: 108 mmHg (confidence: 0.660)
Top 10 readings:
  Rank  Pressure    Confidence  
  ------------------------------
  1     108         0.660
  2     105         0.580
  3     100         0.500
  4     95          0.420
  5     91          0.340
  6     129         0.260
  7     86          0.260
  8     125         0.126
  9     121         0.126
  10    82          0.126

Detector: BL_W160_T1.6_D25
Best Detection: 108 mmHg (confidence: 0.660)
Top 10 readings:
  Rank  Pressure    Confidence  
  ------------------------------
  1     108         0.660
  2     105         0.580
  3     100         0.500
  4     95          0.420
  5     91          0.340
  6     129         0.260
  7     86          0.260
  8     125         0.126
  9     121         0.126
  10    82          0.126

Detector: BL_W160_T1.6_D30
Best Detection: 108 mmHg (confidence: 0.660)
Top 10 readings:
  Rank  Pressure    Confidence  
  ------------------------------
  1     108         0.660
  2     105         0.580
  3     100         0.500
  4     95          0.420
  5     91          0.340
  6     128         0.260
  7     86          0.260
  8     125         0.126
  9     121         0.126
  10    82          0.126

Detector: BL_W160_T1.6_D40
Best Detection: 108 mmHg (confidence: 0.660)
Top 10 readings:
  Rank  Pressure    Confidence  
  ------------------------------
  1     108         0.660
  2     105         0.580
  3     100         0.500
  4     95          0.420
  5     91          0.340
  6     86          0.260
  7     125         0.126
  8     121         0.126
  9     82          0.126
  10    78          0.050

Detector: BL_W160_T1.8_D2
Best Detection: 108 mmHg (confidence: 0.420)
Top 10 readings:
  Rank  Pressure    Confidence  
  ------------------------------
  1     108         0.420
  2     135         0.340
  3     105         0.340
  4     129         0.260
  5     100         0.260
  6     126         0.208
  7     125         0.126
  8     121         0.126
  9     95          0.126
  10    90          0.050

Detector: BL_W160_T1.8_D4
Best Detection: 108 mmHg (confidence: 0.420)
Top 10 readings:
  Rank  Pressure    Confidence  
  ------------------------------
  1     108         0.420
  2     135         0.340
  3     132         0.340
  4     105         0.340
  5     129         0.260
  6     100         0.260
  7     126         0.208
  8     125         0.126
  9     121         0.126
  10    95          0.126

Detector: BL_W160_T1.8_D6
Best Detection: 108 mmHg (confidence: 0.420)
Top 10 readings:
  Rank  Pressure    Confidence  
  ------------------------------
  1     108         0.420
  2     134         0.340
  3     105         0.340
  4     129         0.260
  5     100         0.260
  6     126         0.208
  7     125         0.126
  8     121         0.126
  9     95          0.126
  10    90          0.050

Detector: BL_W160_T1.8_D8
Best Detection: 108 mmHg (confidence: 0.420)
Top 10 readings:
  Rank  Pressure    Confidence  
  ------------------------------
  1     108         0.420
  2     134         0.340
  3     105         0.340
  4     129         0.260
  5     100         0.260
  6     126         0.208
  7     125         0.126
  8     121         0.126
  9     95          0.126
  10    90          0.050

Detector: BL_W160_T1.8_D10
Best Detection: 108 mmHg (confidence: 0.420)
Top 10 readings:
  Rank  Pressure    Confidence  
  ------------------------------
  1     108         0.420
  2     133         0.340
  3     105         0.340
  4     129         0.260
  5     100         0.260
  6     126         0.208
  7     125         0.126
  8     121         0.126
  9     95          0.126
  10    90          0.050

Detector: BL_W160_T1.8_D15
Best Detection: 108 mmHg (confidence: 0.420)
Top 10 readings:
  Rank  Pressure    Confidence  
  ------------------------------
  1     108         0.420
  2     105         0.340
  3     129         0.260
  4     100         0.260
  5     125         0.126
  6     121         0.126
  7     95          0.126
  8     90          0.050
  9     120         0.010
  10    116         0.010

Detector: BL_W160_T1.8_D20
Best Detection: 108 mmHg (confidence: 0.420)
Top 10 readings:
  Rank  Pressure    Confidence  
  ------------------------------
  1     108         0.420
  2     105         0.340
  3     129         0.260
  4     100         0.260
  5     125         0.126
  6     121         0.126
  7     95          0.126
  8     90          0.050
  9     120         0.010
  10    116         0.010

Detector: BL_W160_T1.8_D25
Best Detection: 108 mmHg (confidence: 0.420)
Top 10 readings:
  Rank  Pressure    Confidence  
  ------------------------------
  1     108         0.420
  2     105         0.340
  3     129         0.260
  4     100         0.260
  5     125         0.126
  6     121         0.126
  7     95          0.126
  8     90          0.050
  9     120         0.010
  10    116         0.010

Detector: BL_W160_T1.8_D30
Best Detection: 108 mmHg (confidence: 0.420)
Top 10 readings:
  Rank  Pressure    Confidence  
  ------------------------------
  1     108         0.420
  2     105         0.340
  3     128         0.260
  4     100         0.260
  5     125         0.126
  6     121         0.126
  7     95          0.126
  8     90          0.050
  9     120         0.010
  10    116         0.010

Detector: BL_W160_T1.8_D40
Best Detection: 108 mmHg (confidence: 0.420)
Top 10 readings:
  Rank  Pressure    Confidence  
  ------------------------------
  1     108         0.420
  2     105         0.340
  3     100         0.260
  4     125         0.126
  5     121         0.126
  6     95          0.126
  7     90          0.050
  8     120         0.010
  9     116         0.010

Detector: BL_W160_T2.0_D2
Best Detection: 135 mmHg (confidence: 0.340)
Top 10 readings:
  Rank  Pressure    Confidence  
  ------------------------------
  1     135         0.340
  2     105         0.340
  3     129         0.260
  4     100         0.260
  5     126         0.208
  6     125         0.126
  7     121         0.126
  8     95          0.126
  9     90          0.050
  10    120         0.010

Detector: BL_W160_T2.0_D4
Best Detection: 135 mmHg (confidence: 0.340)
Top 10 readings:
  Rank  Pressure    Confidence  
  ------------------------------
  1     135         0.340
  2     132         0.340
  3     105         0.340
  4     129         0.260
  5     100         0.260
  6     126         0.208
  7     125         0.126
  8     121         0.126
  9     95          0.126
  10    90          0.050

Detector: BL_W160_T2.0_D6
Best Detection: 134 mmHg (confidence: 0.340)
Top 10 readings:
  Rank  Pressure    Confidence  
  ------------------------------
  1     134         0.340
  2     105         0.340
  3     129         0.260
  4     100         0.260
  5     126         0.208
  6     125         0.126
  7     121         0.126
  8     95          0.126
  9     90          0.050
  10    120         0.010

Detector: BL_W160_T2.0_D8
Best Detection: 134 mmHg (confidence: 0.340)
Top 10 readings:
  Rank  Pressure    Confidence  
  ------------------------------
  1     134         0.340
  2     105         0.340
  3     129         0.260
  4     100         0.260
  5     126         0.208
  6     125         0.126
  7     121         0.126
  8     95          0.126
  9     90          0.050
  10    120         0.010

Detector: BL_W160_T2.0_D10
Best Detection: 133 mmHg (confidence: 0.340)
Top 10 readings:
  Rank  Pressure    Confidence  
  ------------------------------
  1     133         0.340
  2     105         0.340
  3     129         0.260
  4     100         0.260
  5     126         0.208
  6     125         0.126
  7     121         0.126
  8     95          0.126
  9     90          0.050
  10    120         0.010

Detector: BL_W160_T2.0_D15
Best Detection: 105 mmHg (confidence: 0.340)
Top 10 readings:
  Rank  Pressure    Confidence  
  ------------------------------
  1     105         0.340
  2     129         0.260
  3     100         0.260
  4     125         0.126
  5     121         0.126
  6     95          0.126
  7     90          0.050
  8     120         0.010
  9     116         0.010

Detector: BL_W160_T2.0_D20
Best Detection: 105 mmHg (confidence: 0.340)
Top 10 readings:
  Rank  Pressure    Confidence  
  ------------------------------
  1     105         0.340
  2     129         0.260
  3     100         0.260
  4     125         0.126
  5     121         0.126
  6     95          0.126
  7     90          0.050
  8     120         0.010
  9     116         0.010

Detector: BL_W160_T2.0_D25
Best Detection: 105 mmHg (confidence: 0.340)
Top 10 readings:
  Rank  Pressure    Confidence  
  ------------------------------
  1     105         0.340
  2     129         0.260
  3     100         0.260
  4     125         0.126
  5     121         0.126
  6     95          0.126
  7     90          0.050
  8     120         0.010
  9     116         0.010

Detector: BL_W160_T2.0_D30
Best Detection: 105 mmHg (confidence: 0.340)
Top 10 readings:
  Rank  Pressure    Confidence  
  ------------------------------
  1     105         0.340
  2     128         0.260
  3     100         0.260
  4     125         0.126
  5     121         0.126
  6     95          0.126
  7     90          0.050
  8     120         0.010
  9     116         0.010

Detector: BL_W160_T2.0_D40
Best Detection: 105 mmHg (confidence: 0.340)
Top 10 readings:
  Rank  Pressure    Confidence  
  ------------------------------
  1     105         0.340
  2     100         0.260
  3     125         0.126
  4     121         0.126
  5     95          0.126
  6     90          0.050
  7     120         0.010
  8     116         0.010

Detector: BL_W160_T2.2_D2
Best Detection: 135 mmHg (confidence: 0.340)
Top 10 readings:
  Rank  Pressure    Confidence  
  ------------------------------
  1     135         0.340
  2     105         0.340
  3     129         0.260
  4     99          0.260
  5     125         0.126
  6     121         0.126
  7     95          0.126
  8     90          0.050
  9     119         0.010
  10    116         0.010

Detector: BL_W160_T2.2_D4
Best Detection: 135 mmHg (confidence: 0.340)
Top 10 readings:
  Rank  Pressure    Confidence  
  ------------------------------
  1     135         0.340
  2     105         0.340
  3     132         0.272
  4     129         0.260
  5     99          0.260
  6     125         0.126
  7     121         0.126
  8     95          0.126
  9     90          0.050
  10    149         0.010

Detector: BL_W160_T2.2_D6
Best Detection: 134 mmHg (confidence: 0.340)
Top 10 readings:
  Rank  Pressure    Confidence  
  ------------------------------
  1     134         0.340
  2     105         0.340
  3     129         0.260
  4     99          0.260
  5     125         0.126
  6     121         0.126
  7     95          0.126
  8     90          0.050
  9     119         0.010
  10    116         0.010

Detector: BL_W160_T2.2_D8
Best Detection: 134 mmHg (confidence: 0.340)
Top 10 readings:
  Rank  Pressure    Confidence  
  ------------------------------
  1     134         0.340
  2     105         0.340
  3     129         0.260
  4     99          0.260
  5     126         0.208
  6     125         0.126
  7     121         0.126
  8     95          0.126
  9     90          0.050
  10    119         0.010

Detector: BL_W160_T2.2_D10
Best Detection: 133 mmHg (confidence: 0.340)
Top 10 readings:
  Rank  Pressure    Confidence  
  ------------------------------
  1     133         0.340
  2     105         0.340
  3     129         0.260
  4     99          0.260
  5     126         0.208
  6     125         0.126
  7     121         0.126
  8     95          0.126
  9     90          0.050
  10    119         0.010

Detector: BL_W160_T2.2_D15
Best Detection: 105 mmHg (confidence: 0.340)
Top 10 readings:
  Rank  Pressure    Confidence  
  ------------------------------
  1     105         0.340
  2     129         0.260
  3     99          0.260
  4     125         0.126
  5     121         0.126
  6     95          0.126
  7     90          0.050
  8     119         0.010
  9     116         0.010

Detector: BL_W160_T2.2_D20
Best Detection: 105 mmHg (confidence: 0.340)
Top 10 readings:
  Rank  Pressure    Confidence  
  ------------------------------
  1     105         0.340
  2     129         0.260
  3     99          0.260
  4     125         0.126
  5     121         0.126
  6     95          0.126
  7     90          0.050
  8     119         0.010
  9     116         0.010

Detector: BL_W160_T2.2_D25
Best Detection: 105 mmHg (confidence: 0.340)
Top 10 readings:
  Rank  Pressure    Confidence  
  ------------------------------
  1     105         0.340
  2     129         0.260
  3     99          0.260
  4     125         0.126
  5     121         0.126
  6     95          0.126
  7     90          0.050
  8     119         0.010
  9     116         0.010

Detector: BL_W160_T2.2_D30
Best Detection: 105 mmHg (confidence: 0.340)
Top 10 readings:
  Rank  Pressure    Confidence  
  ------------------------------
  1     105         0.340
  2     128         0.260
  3     99          0.260
  4     125         0.126
  5     121         0.126
  6     95          0.126
  7     90          0.050
  8     119         0.010
  9     116         0.010

Detector: BL_W160_T2.2_D40
Best Detection: 105 mmHg (confidence: 0.340)
Top 10 readings:
  Rank  Pressure    Confidence  
  ------------------------------
  1     105         0.340
  2     99          0.260
  3     125         0.126
  4     121         0.126
  5     95          0.126
  6     90          0.050
  7     119         0.010
  8     116         0.010

Detector: BL_W160_T2.4_D2
Best Detection: 135 mmHg (confidence: 0.340)
Top 10 readings:
  Rank  Pressure    Confidence  
  ------------------------------
  1     135         0.340
  2     129         0.260
  3     105         0.260
  4     125         0.126
  5     121         0.126
  6     99          0.126
  7     94          0.050
  8     119         0.010
  9     116         0.010

Detector: BL_W160_T2.4_D4
Best Detection: 135 mmHg (confidence: 0.340)
Top 10 readings:
  Rank  Pressure    Confidence  
  ------------------------------
  1     135         0.340
  2     132         0.272
  3     129         0.260
  4     105         0.260
  5     125         0.126
  6     121         0.126
  7     99          0.126
  8     94          0.050
  9     149         0.010
  10    119         0.010

Detector: BL_W160_T2.4_D6
Best Detection: 134 mmHg (confidence: 0.340)
Top 10 readings:
  Rank  Pressure    Confidence  
  ------------------------------
  1     134         0.340
  2     129         0.260
  3     105         0.260
  4     125         0.126
  5     121         0.126
  6     99          0.126
  7     94          0.050
  8     119         0.010
  9     116         0.010

Detector: BL_W160_T2.4_D8
Best Detection: 134 mmHg (confidence: 0.340)
Top 10 readings:
  Rank  Pressure    Confidence  
  ------------------------------
  1     134         0.340
  2     129         0.260
  3     105         0.260
  4     126         0.208
  5     125         0.126
  6     121         0.126
  7     99          0.126
  8     94          0.050
  9     119         0.010
  10    116         0.010

Detector: BL_W160_T2.4_D10
Best Detection: 133 mmHg (confidence: 0.340)
Top 10 readings:
  Rank  Pressure    Confidence  
  ------------------------------
  1     133         0.340
  2     129         0.260
  3     105         0.260
  4     126         0.208
  5     125         0.126
  6     121         0.126
  7     99          0.126
  8     94          0.050
  9     119         0.010
  10    116         0.010

Detector: BL_W160_T2.4_D15
Best Detection: 129 mmHg (confidence: 0.260)
Top 10 readings:
  Rank  Pressure    Confidence  
  ------------------------------
  1     129         0.260
  2     105         0.260
  3     125         0.126
  4     121         0.126
  5     99          0.126
  6     94          0.050
  7     119         0.010
  8     116         0.010

Detector: BL_W160_T2.4_D20
Best Detection: 129 mmHg (confidence: 0.260)
Top 10 readings:
  Rank  Pressure    Confidence  
  ------------------------------
  1     129         0.260
  2     105         0.260
  3     125         0.126
  4     121         0.126
  5     99          0.126
  6     94          0.050
  7     119         0.010
  8     116         0.010

Detector: BL_W160_T2.4_D25
Best Detection: 129 mmHg (confidence: 0.260)
Top 10 readings:
  Rank  Pressure    Confidence  
  ------------------------------
  1     129         0.260
  2     105         0.260
  3     125         0.126
  4     121         0.126
  5     99          0.126
  6     94          0.050
  7     119         0.010
  8     116         0.010

Detector: BL_W160_T2.4_D30
Best Detection: 128 mmHg (confidence: 0.260)
Top 10 readings:
  Rank  Pressure    Confidence  
  ------------------------------
  1     128         0.260
  2     105         0.260
  3     125         0.126
  4     121         0.126
  5     99          0.126
  6     94          0.050
  7     119         0.010
  8     116         0.010

Detector: BL_W160_T2.4_D40
Best Detection: 105 mmHg (confidence: 0.260)
Top 10 readings:
  Rank  Pressure    Confidence  
  ------------------------------
  1     105         0.260
  2     125         0.126
  3     121         0.126
  4     99          0.126
  5     94          0.050
  6     119         0.010
  7     116         0.010

Detector: BL_W160_T2.6_D2
Best Detection: 135 mmHg (confidence: 0.340)
Top 10 readings:
  Rank  Pressure    Confidence  
  ------------------------------
  1     135         0.340
  2     129         0.260
  3     104         0.260
  4     125         0.126
  5     121         0.126
  6     99          0.126
  7     94          0.050
  8     119         0.010
  9     116         0.010

Detector: BL_W160_T2.6_D4
Best Detection: 135 mmHg (confidence: 0.340)
Top 10 readings:
  Rank  Pressure    Confidence  
  ------------------------------
  1     135         0.340
  2     132         0.272
  3     129         0.260
  4     104         0.260
  5     125         0.126
  6     121         0.126
  7     99          0.126
  8     94          0.050
  9     149         0.010
  10    119         0.010

Detector: BL_W160_T2.6_D6
Best Detection: 134 mmHg (confidence: 0.340)
Top 10 readings:
  Rank  Pressure    Confidence  
  ------------------------------
  1     134         0.340
  2     129         0.260
  3     104         0.260
  4     125         0.126
  5     121         0.126
  6     99          0.126
  7     94          0.050
  8     119         0.010
  9     116         0.010

Detector: BL_W160_T2.6_D8
Best Detection: 134 mmHg (confidence: 0.340)
Top 10 readings:
  Rank  Pressure    Confidence  
  ------------------------------
  1     134         0.340
  2     129         0.260
  3     104         0.260
  4     126         0.208
  5     125         0.126
  6     121         0.126
  7     99          0.126
  8     94          0.050
  9     119         0.010
  10    116         0.010

Detector: BL_W160_T2.6_D10
Best Detection: 133 mmHg (confidence: 0.340)
Top 10 readings:
  Rank  Pressure    Confidence  
  ------------------------------
  1     133         0.340
  2     129         0.260
  3     104         0.260
  4     126         0.208
  5     125         0.126
  6     121         0.126
  7     99          0.126
  8     94          0.050
  9     119         0.010
  10    116         0.010

Detector: BL_W160_T2.6_D15
Best Detection: 129 mmHg (confidence: 0.260)
Top 10 readings:
  Rank  Pressure    Confidence  
  ------------------------------
  1     129         0.260
  2     104         0.260
  3     125         0.126
  4     121         0.126
  5     99          0.126
  6     94          0.050
  7     119         0.010
  8     116         0.010

Detector: BL_W160_T2.6_D20
Best Detection: 129 mmHg (confidence: 0.260)
Top 10 readings:
  Rank  Pressure    Confidence  
  ------------------------------
  1     129         0.260
  2     104         0.260
  3     125         0.126
  4     121         0.126
  5     99          0.126
  6     94          0.050
  7     119         0.010
  8     116         0.010

Detector: BL_W160_T2.6_D25
Best Detection: 129 mmHg (confidence: 0.260)
Top 10 readings:
  Rank  Pressure    Confidence  
  ------------------------------
  1     129         0.260
  2     104         0.260
  3     125         0.126
  4     121         0.126
  5     99          0.126
  6     94          0.050
  7     119         0.010
  8     116         0.010

Detector: BL_W160_T2.6_D30
Best Detection: 128 mmHg (confidence: 0.260)
Top 10 readings:
  Rank  Pressure    Confidence  
  ------------------------------
  1     128         0.260
  2     104         0.260
  3     125         0.126
  4     121         0.126
  5     99          0.126
  6     94          0.050
  7     119         0.010
  8     116         0.010

Detector: BL_W160_T2.6_D40
Best Detection: 104 mmHg (confidence: 0.260)
Top 10 readings:
  Rank  Pressure    Confidence  
  ------------------------------
  1     104         0.260
  2     125         0.126
  3     121         0.126
  4     99          0.126
  5     94          0.050
  6     119         0.010
  7     116         0.010

Detector: BL_W160_T2.8_D2
Best Detection: 134 mmHg (confidence: 0.340)
Top 10 readings:
  Rank  Pressure    Confidence  
  ------------------------------
  1     134         0.340
  2     129         0.260
  3     104         0.260
  4     125         0.126
  5     121         0.126
  6     99          0.126
  7     94          0.050
  8     119         0.010
  9     116         0.010

Detector: BL_W160_T2.8_D4
Best Detection: 135 mmHg (confidence: 0.340)
Top 10 readings:
  Rank  Pressure    Confidence  
  ------------------------------
  1     135         0.340
  2     132         0.272
  3     129         0.260
  4     104         0.260
  5     125         0.126
  6     121         0.126
  7     99          0.126
  8     94          0.050
  9     149         0.010
  10    119         0.010

Detector: BL_W160_T2.8_D6
Best Detection: 134 mmHg (confidence: 0.340)
Top 10 readings:
  Rank  Pressure    Confidence  
  ------------------------------
  1     134         0.340
  2     129         0.260
  3     104         0.260
  4     125         0.126
  5     121         0.126
  6     99          0.126
  7     94          0.050
  8     119         0.010
  9     116         0.010

Detector: BL_W160_T2.8_D8
Best Detection: 134 mmHg (confidence: 0.340)
Top 10 readings:
  Rank  Pressure    Confidence  
  ------------------------------
  1     134         0.340
  2     129         0.260
  3     104         0.260
  4     126         0.208
  5     125         0.126
  6     121         0.126
  7     99          0.126
  8     94          0.050
  9     119         0.010
  10    116         0.010

Detector: BL_W160_T2.8_D10
Best Detection: 133 mmHg (confidence: 0.340)
Top 10 readings:
  Rank  Pressure    Confidence  
  ------------------------------
  1     133         0.340
  2     129         0.260
  3     104         0.260
  4     126         0.208
  5     125         0.126
  6     121         0.126
  7     99          0.126
  8     94          0.050
  9     119         0.010
  10    116         0.010

Detector: BL_W160_T2.8_D15
Best Detection: 129 mmHg (confidence: 0.260)
Top 10 readings:
  Rank  Pressure    Confidence  
  ------------------------------
  1     129         0.260
  2     104         0.260
  3     125         0.126
  4     121         0.126
  5     99          0.126
  6     94          0.050
  7     119         0.010
  8     116         0.010

Detector: BL_W160_T2.8_D20
Best Detection: 129 mmHg (confidence: 0.260)
Top 10 readings:
  Rank  Pressure    Confidence  
  ------------------------------
  1     129         0.260
  2     104         0.260
  3     125         0.126
  4     121         0.126
  5     99          0.126
  6     94          0.050
  7     119         0.010
  8     116         0.010

Detector: BL_W160_T2.8_D25
Best Detection: 129 mmHg (confidence: 0.260)
Top 10 readings:
  Rank  Pressure    Confidence  
  ------------------------------
  1     129         0.260
  2     104         0.260
  3     125         0.126
  4     121         0.126
  5     99          0.126
  6     94          0.050
  7     119         0.010
  8     116         0.010

Detector: BL_W160_T2.8_D30
Best Detection: 128 mmHg (confidence: 0.260)
Top 10 readings:
  Rank  Pressure    Confidence  
  ------------------------------
  1     128         0.260
  2     104         0.260
  3     125         0.126
  4     121         0.126
  5     99          0.126
  6     94          0.050
  7     119         0.010
  8     116         0.010

Detector: BL_W160_T2.8_D40
Best Detection: 104 mmHg (confidence: 0.260)
Top 10 readings:
  Rank  Pressure    Confidence  
  ------------------------------
  1     104         0.260
  2     125         0.126
  3     121         0.126
  4     99          0.126
  5     94          0.050
  6     119         0.010
  7     116         0.010

Detector: BL_W160_T3.0_D2
Best Detection: 134 mmHg (confidence: 0.340)
Top 10 readings:
  Rank  Pressure    Confidence  
  ------------------------------
  1     134         0.340
  2     129         0.260
  3     125         0.126
  4     121         0.126
  5     104         0.050
  6     119         0.010
  7     116         0.010

Detector: BL_W160_T3.0_D4
Best Detection: 135 mmHg (confidence: 0.340)
Top 10 readings:
  Rank  Pressure    Confidence  
  ------------------------------
  1     135         0.340
  2     132         0.272
  3     129         0.260
  4     125         0.126
  5     121         0.126
  6     104         0.050
  7     149         0.010
  8     119         0.010
  9     116         0.010

Detector: BL_W160_T3.0_D6
Best Detection: 134 mmHg (confidence: 0.340)
Top 10 readings:
  Rank  Pressure    Confidence  
  ------------------------------
  1     134         0.340
  2     129         0.260
  3     125         0.126
  4     121         0.126
  5     104         0.050
  6     119         0.010
  7     116         0.010

Detector: BL_W160_T3.0_D8
Best Detection: 134 mmHg (confidence: 0.340)
Top 10 readings:
  Rank  Pressure    Confidence  
  ------------------------------
  1     134         0.340
  2     129         0.260
  3     126         0.208
  4     125         0.126
  5     121         0.126
  6     104         0.050
  7     119         0.010
  8     116         0.010

Detector: BL_W160_T3.0_D10
Best Detection: 133 mmHg (confidence: 0.340)
Top 10 readings:
  Rank  Pressure    Confidence  
  ------------------------------
  1     133         0.340
  2     129         0.260
  3     126         0.208
  4     125         0.126
  5     121         0.126
  6     104         0.050
  7     119         0.010
  8     116         0.010

Detector: BL_W160_T3.0_D15
Best Detection: 129 mmHg (confidence: 0.260)
Top 10 readings:
  Rank  Pressure    Confidence  
  ------------------------------
  1     129         0.260
  2     125         0.126
  3     121         0.126
  4     104         0.050
  5     119         0.010
  6     116         0.010

Detector: BL_W160_T3.0_D20
Best Detection: 129 mmHg (confidence: 0.260)
Top 10 readings:
  Rank  Pressure    Confidence  
  ------------------------------
  1     129         0.260
  2     125         0.126
  3     121         0.126
  4     104         0.050
  5     119         0.010
  6     116         0.010

Detector: BL_W160_T3.0_D25
Best Detection: 129 mmHg (confidence: 0.260)
Top 10 readings:
  Rank  Pressure    Confidence  
  ------------------------------
  1     129         0.260
  2     125         0.126
  3     121         0.126
  4     104         0.050
  5     119         0.010
  6     116         0.010

Detector: BL_W160_T3.0_D30
Best Detection: 128 mmHg (confidence: 0.260)
Top 10 readings:
  Rank  Pressure    Confidence  
  ------------------------------
  1     128         0.260
  2     125         0.126
  3     121         0.126
  4     104         0.050
  5     119         0.010
  6     116         0.010

Detector: BL_W160_T3.0_D40
Best Detection: 125 mmHg (confidence: 0.126)
Top 10 readings:
  Rank  Pressure    Confidence  
  ------------------------------
  1     125         0.126
  2     121         0.126
  3     104         0.050
  4     119         0.010
  5     116         0.010

Detector: BL_W170_T1.2_D2
Best Detection: 109 mmHg (confidence: 0.660)
Top 10 readings:
  Rank  Pressure    Confidence  
  ------------------------------
  1     109         0.660
  2     105         0.580
  3     100         0.500
  4     95          0.420
  5     135         0.340
  6     133         0.340
  7     91          0.340
  8     129         0.260
  9     86          0.260
  10    126         0.208

Detector: BL_W170_T1.2_D4
Best Detection: 109 mmHg (confidence: 0.660)
Top 10 readings:
  Rank  Pressure    Confidence  
  ------------------------------
  1     109         0.660
  2     105         0.580
  3     100         0.500
  4     95          0.420
  5     135         0.340
  6     132         0.340
  7     91          0.340
  8     129         0.260
  9     86          0.260
  10    126         0.208

Detector: BL_W170_T1.2_D6
Best Detection: 109 mmHg (confidence: 0.660)
Top 10 readings:
  Rank  Pressure    Confidence  
  ------------------------------
  1     109         0.660
  2     105         0.580
  3     100         0.500
  4     95          0.420
  5     134         0.340
  6     91          0.340
  7     129         0.260
  8     86          0.260
  9     126         0.208
  10    125         0.126

Detector: BL_W170_T1.2_D8
Best Detection: 109 mmHg (confidence: 0.660)
Top 10 readings:
  Rank  Pressure    Confidence  
  ------------------------------
  1     109         0.660
  2     105         0.580
  3     100         0.500
  4     95          0.420
  5     134         0.340
  6     91          0.340
  7     129         0.260
  8     86          0.260
  9     126         0.208
  10    125         0.126

Detector: BL_W170_T1.2_D10
Best Detection: 109 mmHg (confidence: 0.660)
Top 10 readings:
  Rank  Pressure    Confidence  
  ------------------------------
  1     109         0.660
  2     105         0.580
  3     100         0.500
  4     95          0.420
  5     133         0.340
  6     91          0.340
  7     129         0.260
  8     86          0.260
  9     126         0.208
  10    125         0.126

Detector: BL_W170_T1.2_D15
Best Detection: 109 mmHg (confidence: 0.660)
Top 10 readings:
  Rank  Pressure    Confidence  
  ------------------------------
  1     109         0.660
  2     105         0.580
  3     100         0.500
  4     95          0.420
  5     91          0.340
  6     129         0.260
  7     86          0.260
  8     125         0.126
  9     121         0.126
  10    82          0.126

Detector: BL_W170_T1.2_D20
Best Detection: 109 mmHg (confidence: 0.660)
Top 10 readings:
  Rank  Pressure    Confidence  
  ------------------------------
  1     109         0.660
  2     105         0.580
  3     100         0.500
  4     95          0.420
  5     91          0.340
  6     129         0.260
  7     86          0.260
  8     125         0.126
  9     121         0.126
  10    82          0.126

Detector: BL_W170_T1.2_D25
Best Detection: 109 mmHg (confidence: 0.660)
Top 10 readings:
  Rank  Pressure    Confidence  
  ------------------------------
  1     109         0.660
  2     105         0.580
  3     100         0.500
  4     95          0.420
  5     91          0.340
  6     129         0.260
  7     86          0.260
  8     125         0.126
  9     121         0.126
  10    82          0.126

Detector: BL_W170_T1.2_D30
Best Detection: 109 mmHg (confidence: 0.660)
Top 10 readings:
  Rank  Pressure    Confidence  
  ------------------------------
  1     109         0.660
  2     105         0.580
  3     100         0.500
  4     95          0.420
  5     91          0.340
  6     128         0.260
  7     86          0.260
  8     125         0.126
  9     121         0.126
  10    82          0.126

Detector: BL_W170_T1.2_D40
Best Detection: 109 mmHg (confidence: 0.660)
Top 10 readings:
  Rank  Pressure    Confidence  
  ------------------------------
  1     109         0.660
  2     105         0.580
  3     100         0.500
  4     95          0.420
  5     91          0.340
  6     128         0.260
  7     86          0.260
  8     125         0.126
  9     121         0.126
  10    82          0.126

Detector: BL_W170_T1.4_D2
Best Detection: 109 mmHg (confidence: 0.660)
Top 10 readings:
  Rank  Pressure    Confidence  
  ------------------------------
  1     109         0.660
  2     105         0.580
  3     100         0.500
  4     95          0.420
  5     135         0.340
  6     133         0.340
  7     91          0.340
  8     129         0.260
  9     86          0.260
  10    126         0.208

Detector: BL_W170_T1.4_D4
Best Detection: 109 mmHg (confidence: 0.660)
Top 10 readings:
  Rank  Pressure    Confidence  
  ------------------------------
  1     109         0.660
  2     105         0.580
  3     100         0.500
  4     95          0.420
  5     135         0.340
  6     132         0.340
  7     91          0.340
  8     129         0.260
  9     86          0.260
  10    126         0.208

Detector: BL_W170_T1.4_D6
Best Detection: 109 mmHg (confidence: 0.660)
Top 10 readings:
  Rank  Pressure    Confidence  
  ------------------------------
  1     109         0.660
  2     105         0.580
  3     100         0.500
  4     95          0.420
  5     134         0.340
  6     91          0.340
  7     129         0.260
  8     86          0.260
  9     126         0.208
  10    125         0.126

Detector: BL_W170_T1.4_D8
Best Detection: 109 mmHg (confidence: 0.660)
Top 10 readings:
  Rank  Pressure    Confidence  
  ------------------------------
  1     109         0.660
  2     105         0.580
  3     100         0.500
  4     95          0.420
  5     134         0.340
  6     91          0.340
  7     129         0.260
  8     86          0.260
  9     126         0.208
  10    125         0.126

Detector: BL_W170_T1.4_D10
Best Detection: 109 mmHg (confidence: 0.660)
Top 10 readings:
  Rank  Pressure    Confidence  
  ------------------------------
  1     109         0.660
  2     105         0.580
  3     100         0.500
  4     95          0.420
  5     133         0.340
  6     91          0.340
  7     129         0.260
  8     86          0.260
  9     126         0.208
  10    125         0.126

Detector: BL_W170_T1.4_D15
Best Detection: 109 mmHg (confidence: 0.660)
Top 10 readings:
  Rank  Pressure    Confidence  
  ------------------------------
  1     109         0.660
  2     105         0.580
  3     100         0.500
  4     95          0.420
  5     91          0.340
  6     129         0.260
  7     86          0.260
  8     125         0.126
  9     121         0.126
  10    82          0.126

Detector: BL_W170_T1.4_D20
Best Detection: 109 mmHg (confidence: 0.660)
Top 10 readings:
  Rank  Pressure    Confidence  
  ------------------------------
  1     109         0.660
  2     105         0.580
  3     100         0.500
  4     95          0.420
  5     91          0.340
  6     129         0.260
  7     86          0.260
  8     125         0.126
  9     121         0.126
  10    82          0.126

Detector: BL_W170_T1.4_D25
Best Detection: 109 mmHg (confidence: 0.660)
Top 10 readings:
  Rank  Pressure    Confidence  
  ------------------------------
  1     109         0.660
  2     105         0.580
  3     100         0.500
  4     95          0.420
  5     91          0.340
  6     129         0.260
  7     86          0.260
  8     125         0.126
  9     121         0.126
  10    82          0.126

Detector: BL_W170_T1.4_D30
Best Detection: 109 mmHg (confidence: 0.660)
Top 10 readings:
  Rank  Pressure    Confidence  
  ------------------------------
  1     109         0.660
  2     105         0.580
  3     100         0.500
  4     95          0.420
  5     91          0.340
  6     128         0.260
  7     86          0.260
  8     125         0.126
  9     121         0.126
  10    82          0.126

Detector: BL_W170_T1.4_D40
Best Detection: 109 mmHg (confidence: 0.660)
Top 10 readings:
  Rank  Pressure    Confidence  
  ------------------------------
  1     109         0.660
  2     105         0.580
  3     100         0.500
  4     95          0.420
  5     91          0.340
  6     128         0.260
  7     86          0.260
  8     125         0.126
  9     121         0.126
  10    82          0.126

Detector: BL_W170_T1.6_D2
Best Detection: 109 mmHg (confidence: 0.660)
Top 10 readings:
  Rank  Pressure    Confidence  
  ------------------------------
  1     109         0.660
  2     105         0.580
  3     100         0.500
  4     95          0.420
  5     135         0.340
  6     91          0.340
  7     129         0.260
  8     86          0.260
  9     126         0.208
  10    125         0.126

Detector: BL_W170_T1.6_D4
Best Detection: 109 mmHg (confidence: 0.660)
Top 10 readings:
  Rank  Pressure    Confidence  
  ------------------------------
  1     109         0.660
  2     105         0.580
  3     100         0.500
  4     95          0.420
  5     135         0.340
  6     132         0.340
  7     91          0.340
  8     129         0.260
  9     86          0.260
  10    126         0.208

Detector: BL_W170_T1.6_D6
Best Detection: 109 mmHg (confidence: 0.660)
Top 10 readings:
  Rank  Pressure    Confidence  
  ------------------------------
  1     109         0.660
  2     105         0.580
  3     100         0.500
  4     95          0.420
  5     134         0.340
  6     91          0.340
  7     129         0.260
  8     86          0.260
  9     126         0.208
  10    125         0.126

Detector: BL_W170_T1.6_D8
Best Detection: 109 mmHg (confidence: 0.660)
Top 10 readings:
  Rank  Pressure    Confidence  
  ------------------------------
  1     109         0.660
  2     105         0.580
  3     100         0.500
  4     95          0.420
  5     134         0.340
  6     91          0.340
  7     129         0.260
  8     86          0.260
  9     126         0.208
  10    125         0.126

Detector: BL_W170_T1.6_D10
Best Detection: 109 mmHg (confidence: 0.660)
Top 10 readings:
  Rank  Pressure    Confidence  
  ------------------------------
  1     109         0.660
  2     105         0.580
  3     100         0.500
  4     95          0.420
  5     133         0.340
  6     91          0.340
  7     129         0.260
  8     86          0.260
  9     126         0.208
  10    125         0.126

Detector: BL_W170_T1.6_D15
Best Detection: 109 mmHg (confidence: 0.660)
Top 10 readings:
  Rank  Pressure    Confidence  
  ------------------------------
  1     109         0.660
  2     105         0.580
  3     100         0.500
  4     95          0.420
  5     91          0.340
  6     129         0.260
  7     86          0.260
  8     125         0.126
  9     121         0.126
  10    82          0.126

Detector: BL_W170_T1.6_D20
Best Detection: 109 mmHg (confidence: 0.660)
Top 10 readings:
  Rank  Pressure    Confidence  
  ------------------------------
  1     109         0.660
  2     105         0.580
  3     100         0.500
  4     95          0.420
  5     91          0.340
  6     129         0.260
  7     86          0.260
  8     125         0.126
  9     121         0.126
  10    82          0.126

Detector: BL_W170_T1.6_D25
Best Detection: 109 mmHg (confidence: 0.660)
Top 10 readings:
  Rank  Pressure    Confidence  
  ------------------------------
  1     109         0.660
  2     105         0.580
  3     100         0.500
  4     95          0.420
  5     91          0.340
  6     129         0.260
  7     86          0.260
  8     125         0.126
  9     121         0.126
  10    82          0.126

Detector: BL_W170_T1.6_D30
Best Detection: 109 mmHg (confidence: 0.660)
Top 10 readings:
  Rank  Pressure    Confidence  
  ------------------------------
  1     109         0.660
  2     105         0.580
  3     100         0.500
  4     95          0.420
  5     91          0.340
  6     128         0.260
  7     86          0.260
  8     125         0.126
  9     121         0.126
  10    82          0.126

Detector: BL_W170_T1.6_D40
Best Detection: 109 mmHg (confidence: 0.660)
Top 10 readings:
  Rank  Pressure    Confidence  
  ------------------------------
  1     109         0.660
  2     105         0.580
  3     100         0.500
  4     95          0.420
  5     91          0.340
  6     128         0.260
  7     86          0.260
  8     125         0.126
  9     121         0.126
  10    82          0.126

Detector: BL_W170_T1.8_D2
Best Detection: 108 mmHg (confidence: 0.580)
Top 10 readings:
  Rank  Pressure    Confidence  
  ------------------------------
  1     108         0.580
  2     105         0.500
  3     100         0.420
  4     135         0.340
  5     95          0.340
  6     129         0.260
  7     91          0.260
  8     126         0.208
  9     125         0.126
  10    121         0.126

Detector: BL_W170_T1.8_D4
Best Detection: 108 mmHg (confidence: 0.580)
Top 10 readings:
  Rank  Pressure    Confidence  
  ------------------------------
  1     108         0.580
  2     105         0.500
  3     100         0.420
  4     135         0.340
  5     132         0.340
  6     95          0.340
  7     129         0.260
  8     91          0.260
  9     126         0.208
  10    125         0.126

Detector: BL_W170_T1.8_D6
Best Detection: 108 mmHg (confidence: 0.580)
Top 10 readings:
  Rank  Pressure    Confidence  
  ------------------------------
  1     108         0.580
  2     105         0.500
  3     100         0.420
  4     134         0.340
  5     95          0.340
  6     129         0.260
  7     91          0.260
  8     126         0.208
  9     125         0.126
  10    121         0.126

Detector: BL_W170_T1.8_D8
Best Detection: 108 mmHg (confidence: 0.580)
Top 10 readings:
  Rank  Pressure    Confidence  
  ------------------------------
  1     108         0.580
  2     105         0.500
  3     100         0.420
  4     134         0.340
  5     95          0.340
  6     129         0.260
  7     91          0.260
  8     126         0.208
  9     125         0.126
  10    121         0.126

Detector: BL_W170_T1.8_D10
Best Detection: 108 mmHg (confidence: 0.580)
Top 10 readings:
  Rank  Pressure    Confidence  
  ------------------------------
  1     108         0.580
  2     105         0.500
  3     100         0.420
  4     133         0.340
  5     95          0.340
  6     129         0.260
  7     91          0.260
  8     126         0.208
  9     125         0.126
  10    121         0.126

Detector: BL_W170_T1.8_D15
Best Detection: 108 mmHg (confidence: 0.580)
Top 10 readings:
  Rank  Pressure    Confidence  
  ------------------------------
  1     108         0.580
  2     105         0.500
  3     100         0.420
  4     95          0.340
  5     129         0.260
  6     91          0.260
  7     125         0.126
  8     121         0.126
  9     86          0.126
  10    82          0.050

Detector: BL_W170_T1.8_D20
Best Detection: 108 mmHg (confidence: 0.580)
Top 10 readings:
  Rank  Pressure    Confidence  
  ------------------------------
  1     108         0.580
  2     105         0.500
  3     100         0.420
  4     95          0.340
  5     129         0.260
  6     91          0.260
  7     125         0.126
  8     121         0.126
  9     86          0.126
  10    82          0.050

Detector: BL_W170_T1.8_D25
Best Detection: 108 mmHg (confidence: 0.580)
Top 10 readings:
  Rank  Pressure    Confidence  
  ------------------------------
  1     108         0.580
  2     105         0.500
  3     100         0.420
  4     95          0.340
  5     129         0.260
  6     91          0.260
  7     125         0.126
  8     121         0.126
  9     86          0.126
  10    82          0.050

Detector: BL_W170_T1.8_D30
Best Detection: 108 mmHg (confidence: 0.580)
Top 10 readings:
  Rank  Pressure    Confidence  
  ------------------------------
  1     108         0.580
  2     105         0.500
  3     100         0.420
  4     95          0.340
  5     128         0.260
  6     91          0.260
  7     125         0.126
  8     121         0.126
  9     86          0.126
  10    82          0.050

Detector: BL_W170_T1.8_D40
Best Detection: 108 mmHg (confidence: 0.580)
Top 10 readings:
  Rank  Pressure    Confidence  
  ------------------------------
  1     108         0.580
  2     105         0.500
  3     100         0.420
  4     95          0.340
  5     128         0.260
  6     91          0.260
  7     125         0.126
  8     121         0.126
  9     86          0.126
  10    82          0.050

Detector: BL_W170_T2.0_D2
Best Detection: 135 mmHg (confidence: 0.340)
Top 10 readings:
  Rank  Pressure    Confidence  
  ------------------------------
  1     135         0.340
  2     105         0.340
  3     129         0.260
  4     100         0.260
  5     126         0.208
  6     125         0.126
  7     121         0.126
  8     95          0.126
  9     90          0.050
  10    120         0.010

Detector: BL_W170_T2.0_D4
Best Detection: 135 mmHg (confidence: 0.340)
Top 10 readings:
  Rank  Pressure    Confidence  
  ------------------------------
  1     135         0.340
  2     132         0.340
  3     105         0.340
  4     129         0.260
  5     100         0.260
  6     126         0.208
  7     125         0.126
  8     121         0.126
  9     95          0.126
  10    90          0.050

Detector: BL_W170_T2.0_D6
Best Detection: 134 mmHg (confidence: 0.340)
Top 10 readings:
  Rank  Pressure    Confidence  
  ------------------------------
  1     134         0.340
  2     105         0.340
  3     129         0.260
  4     100         0.260
  5     126         0.208
  6     125         0.126
  7     121         0.126
  8     95          0.126
  9     90          0.050
  10    120         0.010

Detector: BL_W170_T2.0_D8
Best Detection: 134 mmHg (confidence: 0.340)
Top 10 readings:
  Rank  Pressure    Confidence  
  ------------------------------
  1     134         0.340
  2     105         0.340
  3     129         0.260
  4     100         0.260
  5     126         0.208
  6     125         0.126
  7     121         0.126
  8     95          0.126
  9     90          0.050
  10    120         0.010

Detector: BL_W170_T2.0_D10
Best Detection: 133 mmHg (confidence: 0.340)
Top 10 readings:
  Rank  Pressure    Confidence  
  ------------------------------
  1     133         0.340
  2     105         0.340
  3     129         0.260
  4     100         0.260
  5     126         0.208
  6     125         0.126
  7     121         0.126
  8     95          0.126
  9     90          0.050
  10    120         0.010

Detector: BL_W170_T2.0_D15
Best Detection: 105 mmHg (confidence: 0.340)
Top 10 readings:
  Rank  Pressure    Confidence  
  ------------------------------
  1     105         0.340
  2     129         0.260
  3     100         0.260
  4     125         0.126
  5     121         0.126
  6     95          0.126
  7     90          0.050
  8     120         0.010
  9     116         0.010

Detector: BL_W170_T2.0_D20
Best Detection: 105 mmHg (confidence: 0.340)
Top 10 readings:
  Rank  Pressure    Confidence  
  ------------------------------
  1     105         0.340
  2     129         0.260
  3     100         0.260
  4     125         0.126
  5     121         0.126
  6     95          0.126
  7     90          0.050
  8     120         0.010
  9     116         0.010

Detector: BL_W170_T2.0_D25
Best Detection: 105 mmHg (confidence: 0.340)
Top 10 readings:
  Rank  Pressure    Confidence  
  ------------------------------
  1     105         0.340
  2     129         0.260
  3     100         0.260
  4     125         0.126
  5     121         0.126
  6     95          0.126
  7     90          0.050
  8     120         0.010
  9     116         0.010

Detector: BL_W170_T2.0_D30
Best Detection: 105 mmHg (confidence: 0.340)
Top 10 readings:
  Rank  Pressure    Confidence  
  ------------------------------
  1     105         0.340
  2     128         0.260
  3     100         0.260
  4     125         0.126
  5     121         0.126
  6     95          0.126
  7     90          0.050
  8     120         0.010
  9     116         0.010

Detector: BL_W170_T2.0_D40
Best Detection: 105 mmHg (confidence: 0.340)
Top 10 readings:
  Rank  Pressure    Confidence  
  ------------------------------
  1     105         0.340
  2     128         0.260
  3     100         0.260
  4     125         0.126
  5     121         0.126
  6     95          0.126
  7     90          0.050
  8     120         0.010
  9     116         0.010

Detector: BL_W170_T2.2_D2
Best Detection: 135 mmHg (confidence: 0.340)
Top 10 readings:
  Rank  Pressure    Confidence  
  ------------------------------
  1     135         0.340
  2     105         0.340
  3     129         0.260
  4     100         0.260
  5     125         0.126
  6     121         0.126
  7     95          0.126
  8     90          0.050
  9     120         0.010
  10    116         0.010

Detector: BL_W170_T2.2_D4
Best Detection: 135 mmHg (confidence: 0.340)
Top 10 readings:
  Rank  Pressure    Confidence  
  ------------------------------
  1     135         0.340
  2     132         0.340
  3     105         0.340
  4     129         0.260
  5     100         0.260
  6     125         0.126
  7     121         0.126
  8     95          0.126
  9     90          0.050
  10    148         0.010

Detector: BL_W170_T2.2_D6
Best Detection: 134 mmHg (confidence: 0.340)
Top 10 readings:
  Rank  Pressure    Confidence  
  ------------------------------
  1     134         0.340
  2     105         0.340
  3     129         0.260
  4     100         0.260
  5     125         0.126
  6     121         0.126
  7     95          0.126
  8     90          0.050
  9     120         0.010
  10    116         0.010

Detector: BL_W170_T2.2_D8
Best Detection: 134 mmHg (confidence: 0.340)
Top 10 readings:
  Rank  Pressure    Confidence  
  ------------------------------
  1     134         0.340
  2     105         0.340
  3     129         0.260
  4     100         0.260
  5     126         0.208
  6     125         0.126
  7     121         0.126
  8     95          0.126
  9     90          0.050
  10    120         0.010

Detector: BL_W170_T2.2_D10
Best Detection: 133 mmHg (confidence: 0.340)
Top 10 readings:
  Rank  Pressure    Confidence  
  ------------------------------
  1     133         0.340
  2     105         0.340
  3     129         0.260
  4     100         0.260
  5     126         0.208
  6     125         0.126
  7     121         0.126
  8     95          0.126
  9     90          0.050
  10    120         0.010

Detector: BL_W170_T2.2_D15
Best Detection: 105 mmHg (confidence: 0.340)
Top 10 readings:
  Rank  Pressure    Confidence  
  ------------------------------
  1     105         0.340
  2     129         0.260
  3     100         0.260
  4     125         0.126
  5     121         0.126
  6     95          0.126
  7     90          0.050
  8     120         0.010
  9     116         0.010

Detector: BL_W170_T2.2_D20
Best Detection: 105 mmHg (confidence: 0.340)
Top 10 readings:
  Rank  Pressure    Confidence  
  ------------------------------
  1     105         0.340
  2     129         0.260
  3     100         0.260
  4     125         0.126
  5     121         0.126
  6     95          0.126
  7     90          0.050
  8     120         0.010
  9     116         0.010

Detector: BL_W170_T2.2_D25
Best Detection: 105 mmHg (confidence: 0.340)
Top 10 readings:
  Rank  Pressure    Confidence  
  ------------------------------
  1     105         0.340
  2     129         0.260
  3     100         0.260
  4     125         0.126
  5     121         0.126
  6     95          0.126
  7     90          0.050
  8     120         0.010
  9     116         0.010

Detector: BL_W170_T2.2_D30
Best Detection: 105 mmHg (confidence: 0.340)
Top 10 readings:
  Rank  Pressure    Confidence  
  ------------------------------
  1     105         0.340
  2     128         0.260
  3     100         0.260
  4     125         0.126
  5     121         0.126
  6     95          0.126
  7     90          0.050
  8     120         0.010
  9     116         0.010

Detector: BL_W170_T2.2_D40
Best Detection: 105 mmHg (confidence: 0.340)
Top 10 readings:
  Rank  Pressure    Confidence  
  ------------------------------
  1     105         0.340
  2     128         0.260
  3     100         0.260
  4     125         0.126
  5     121         0.126
  6     95          0.126
  7     90          0.050
  8     120         0.010
  9     116         0.010

Detector: BL_W170_T2.4_D2
Best Detection: 135 mmHg (confidence: 0.340)
Top 10 readings:
  Rank  Pressure    Confidence  
  ------------------------------
  1     135         0.340
  2     129         0.260
  3     105         0.260
  4     125         0.126
  5     121         0.126
  6     99          0.126
  7     94          0.050
  8     119         0.010
  9     116         0.010

Detector: BL_W170_T2.4_D4
Best Detection: 135 mmHg (confidence: 0.340)
Top 10 readings:
  Rank  Pressure    Confidence  
  ------------------------------
  1     135         0.340
  2     132         0.272
  3     129         0.260
  4     105         0.260
  5     125         0.126
  6     121         0.126
  7     99          0.126
  8     94          0.050
  9     148         0.010
  10    119         0.010

Detector: BL_W170_T2.4_D6
Best Detection: 134 mmHg (confidence: 0.340)
Top 10 readings:
  Rank  Pressure    Confidence  
  ------------------------------
  1     134         0.340
  2     129         0.260
  3     105         0.260
  4     125         0.126
  5     121         0.126
  6     99          0.126
  7     94          0.050
  8     119         0.010
  9     116         0.010

Detector: BL_W170_T2.4_D8
Best Detection: 134 mmHg (confidence: 0.340)
Top 10 readings:
  Rank  Pressure    Confidence  
  ------------------------------
  1     134         0.340
  2     129         0.260
  3     105         0.260
  4     126         0.208
  5     125         0.126
  6     121         0.126
  7     99          0.126
  8     94          0.050
  9     119         0.010
  10    116         0.010

Detector: BL_W170_T2.4_D10
Best Detection: 133 mmHg (confidence: 0.340)
Top 10 readings:
  Rank  Pressure    Confidence  
  ------------------------------
  1     133         0.340
  2     129         0.260
  3     105         0.260
  4     126         0.208
  5     125         0.126
  6     121         0.126
  7     99          0.126
  8     94          0.050
  9     119         0.010
  10    116         0.010

Detector: BL_W170_T2.4_D15
Best Detection: 129 mmHg (confidence: 0.260)
Top 10 readings:
  Rank  Pressure    Confidence  
  ------------------------------
  1     129         0.260
  2     105         0.260
  3     125         0.126
  4     121         0.126
  5     99          0.126
  6     94          0.050
  7     119         0.010
  8     116         0.010

Detector: BL_W170_T2.4_D20
Best Detection: 129 mmHg (confidence: 0.260)
Top 10 readings:
  Rank  Pressure    Confidence  
  ------------------------------
  1     129         0.260
  2     105         0.260
  3     125         0.126
  4     121         0.126
  5     99          0.126
  6     94          0.050
  7     119         0.010
  8     116         0.010

Detector: BL_W170_T2.4_D25
Best Detection: 129 mmHg (confidence: 0.260)
Top 10 readings:
  Rank  Pressure    Confidence  
  ------------------------------
  1     129         0.260
  2     105         0.260
  3     125         0.126
  4     121         0.126
  5     99          0.126
  6     94          0.050
  7     119         0.010
  8     116         0.010

Detector: BL_W170_T2.4_D30
Best Detection: 128 mmHg (confidence: 0.260)
Top 10 readings:
  Rank  Pressure    Confidence  
  ------------------------------
  1     128         0.260
  2     105         0.260
  3     125         0.126
  4     121         0.126
  5     99          0.126
  6     94          0.050
  7     119         0.010
  8     116         0.010

Detector: BL_W170_T2.4_D40
Best Detection: 128 mmHg (confidence: 0.260)
Top 10 readings:
  Rank  Pressure    Confidence  
  ------------------------------
  1     128         0.260
  2     105         0.260
  3     125         0.126
  4     121         0.126
  5     99          0.126
  6     94          0.050
  7     119         0.010
  8     116         0.010

Detector: BL_W170_T2.6_D2
Best Detection: 134 mmHg (confidence: 0.340)
Top 10 readings:
  Rank  Pressure    Confidence  
  ------------------------------
  1     134         0.340
  2     129         0.260
  3     104         0.260
  4     125         0.126
  5     121         0.126
  6     99          0.126
  7     94          0.050
  8     119         0.010
  9     116         0.010

Detector: BL_W170_T2.6_D4
Best Detection: 135 mmHg (confidence: 0.340)
Top 10 readings:
  Rank  Pressure    Confidence  
  ------------------------------
  1     135         0.340
  2     132         0.272
  3     129         0.260
  4     104         0.260
  5     125         0.126
  6     121         0.126
  7     99          0.126
  8     94          0.050
  9     148         0.010
  10    119         0.010

Detector: BL_W170_T2.6_D6
Best Detection: 134 mmHg (confidence: 0.340)
Top 10 readings:
  Rank  Pressure    Confidence  
  ------------------------------
  1     134         0.340
  2     129         0.260
  3     104         0.260
  4     125         0.126
  5     121         0.126
  6     99          0.126
  7     94          0.050
  8     119         0.010
  9     116         0.010

Detector: BL_W170_T2.6_D8
Best Detection: 134 mmHg (confidence: 0.340)
Top 10 readings:
  Rank  Pressure    Confidence  
  ------------------------------
  1     134         0.340
  2     129         0.260
  3     104         0.260
  4     126         0.208
  5     125         0.126
  6     121         0.126
  7     99          0.126
  8     94          0.050
  9     119         0.010
  10    116         0.010

Detector: BL_W170_T2.6_D10
Best Detection: 133 mmHg (confidence: 0.340)
Top 10 readings:
  Rank  Pressure    Confidence  
  ------------------------------
  1     133         0.340
  2     129         0.260
  3     104         0.260
  4     126         0.208
  5     125         0.126
  6     121         0.126
  7     99          0.126
  8     94          0.050
  9     119         0.010
  10    116         0.010

Detector: BL_W170_T2.6_D15
Best Detection: 129 mmHg (confidence: 0.260)
Top 10 readings:
  Rank  Pressure    Confidence  
  ------------------------------
  1     129         0.260
  2     104         0.260
  3     125         0.126
  4     121         0.126
  5     99          0.126
  6     94          0.050
  7     119         0.010
  8     116         0.010

Detector: BL_W170_T2.6_D20
Best Detection: 129 mmHg (confidence: 0.260)
Top 10 readings:
  Rank  Pressure    Confidence  
  ------------------------------
  1     129         0.260
  2     104         0.260
  3     125         0.126
  4     121         0.126
  5     99          0.126
  6     94          0.050
  7     119         0.010
  8     116         0.010

Detector: BL_W170_T2.6_D25
Best Detection: 129 mmHg (confidence: 0.260)
Top 10 readings:
  Rank  Pressure    Confidence  
  ------------------------------
  1     129         0.260
  2     104         0.260
  3     125         0.126
  4     121         0.126
  5     99          0.126
  6     94          0.050
  7     119         0.010
  8     116         0.010

Detector: BL_W170_T2.6_D30
Best Detection: 128 mmHg (confidence: 0.260)
Top 10 readings:
  Rank  Pressure    Confidence  
  ------------------------------
  1     128         0.260
  2     104         0.260
  3     125         0.126
  4     121         0.126
  5     99          0.126
  6     94          0.050
  7     119         0.010
  8     116         0.010

Detector: BL_W170_T2.6_D40
Best Detection: 128 mmHg (confidence: 0.260)
Top 10 readings:
  Rank  Pressure    Confidence  
  ------------------------------
  1     128         0.260
  2     104         0.260
  3     125         0.126
  4     121         0.126
  5     99          0.126
  6     94          0.050
  7     119         0.010
  8     116         0.010

Detector: BL_W170_T2.8_D2
Best Detection: 134 mmHg (confidence: 0.340)
Top 10 readings:
  Rank  Pressure    Confidence  
  ------------------------------
  1     134         0.340
  2     129         0.260
  3     104         0.260
  4     125         0.126
  5     121         0.126
  6     99          0.126
  7     94          0.050
  8     119         0.010
  9     116         0.010

Detector: BL_W170_T2.8_D4
Best Detection: 135 mmHg (confidence: 0.340)
Top 10 readings:
  Rank  Pressure    Confidence  
  ------------------------------
  1     135         0.340
  2     132         0.272
  3     129         0.260
  4     104         0.260
  5     125         0.126
  6     121         0.126
  7     99          0.126
  8     94          0.050
  9     148         0.010
  10    119         0.010

Detector: BL_W170_T2.8_D6
Best Detection: 134 mmHg (confidence: 0.340)
Top 10 readings:
  Rank  Pressure    Confidence  
  ------------------------------
  1     134         0.340
  2     129         0.260
  3     104         0.260
  4     125         0.126
  5     121         0.126
  6     99          0.126
  7     94          0.050
  8     119         0.010
  9     116         0.010

Detector: BL_W170_T2.8_D8
Best Detection: 134 mmHg (confidence: 0.340)
Top 10 readings:
  Rank  Pressure    Confidence  
  ------------------------------
  1     134         0.340
  2     129         0.260
  3     104         0.260
  4     126         0.208
  5     125         0.126
  6     121         0.126
  7     99          0.126
  8     94          0.050
  9     119         0.010
  10    116         0.010

Detector: BL_W170_T2.8_D10
Best Detection: 133 mmHg (confidence: 0.340)
Top 10 readings:
  Rank  Pressure    Confidence  
  ------------------------------
  1     133         0.340
  2     129         0.260
  3     104         0.260
  4     126         0.208
  5     125         0.126
  6     121         0.126
  7     99          0.126
  8     94          0.050
  9     119         0.010
  10    116         0.010

Detector: BL_W170_T2.8_D15
Best Detection: 129 mmHg (confidence: 0.260)
Top 10 readings:
  Rank  Pressure    Confidence  
  ------------------------------
  1     129         0.260
  2     104         0.260
  3     125         0.126
  4     121         0.126
  5     99          0.126
  6     94          0.050
  7     119         0.010
  8     116         0.010

Detector: BL_W170_T2.8_D20
Best Detection: 129 mmHg (confidence: 0.260)
Top 10 readings:
  Rank  Pressure    Confidence  
  ------------------------------
  1     129         0.260
  2     104         0.260
  3     125         0.126
  4     121         0.126
  5     99          0.126
  6     94          0.050
  7     119         0.010
  8     116         0.010

Detector: BL_W170_T2.8_D25
Best Detection: 129 mmHg (confidence: 0.260)
Top 10 readings:
  Rank  Pressure    Confidence  
  ------------------------------
  1     129         0.260
  2     104         0.260
  3     125         0.126
  4     121         0.126
  5     99          0.126
  6     94          0.050
  7     119         0.010
  8     116         0.010

Detector: BL_W170_T2.8_D30
Best Detection: 128 mmHg (confidence: 0.260)
Top 10 readings:
  Rank  Pressure    Confidence  
  ------------------------------
  1     128         0.260
  2     104         0.260
  3     125         0.126
  4     121         0.126
  5     99          0.126
  6     94          0.050
  7     119         0.010
  8     116         0.010

Detector: BL_W170_T2.8_D40
Best Detection: 128 mmHg (confidence: 0.260)
Top 10 readings:
  Rank  Pressure    Confidence  
  ------------------------------
  1     128         0.260
  2     104         0.260
  3     125         0.126
  4     121         0.126
  5     99          0.126
  6     94          0.050
  7     119         0.010
  8     116         0.010

Detector: BL_W170_T3.0_D2
Best Detection: 134 mmHg (confidence: 0.340)
Top 10 readings:
  Rank  Pressure    Confidence  
  ------------------------------
  1     134         0.340
  2     129         0.260
  3     125         0.126
  4     121         0.126
  5     104         0.126
  6     99          0.050
  7     119         0.010
  8     116         0.010

Detector: BL_W170_T3.0_D4
Best Detection: 135 mmHg (confidence: 0.340)
Top 10 readings:
  Rank  Pressure    Confidence  
  ------------------------------
  1     135         0.340
  2     132         0.272
  3     129         0.260
  4     125         0.126
  5     121         0.126
  6     104         0.126
  7     99          0.050
  8     148         0.010
  9     119         0.010
  10    116         0.010

Detector: BL_W170_T3.0_D6
Best Detection: 134 mmHg (confidence: 0.340)
Top 10 readings:
  Rank  Pressure    Confidence  
  ------------------------------
  1     134         0.340
  2     129         0.260
  3     125         0.126
  4     121         0.126
  5     104         0.126
  6     99          0.050
  7     119         0.010
  8     116         0.010

Detector: BL_W170_T3.0_D8
Best Detection: 134 mmHg (confidence: 0.340)
Top 10 readings:
  Rank  Pressure    Confidence  
  ------------------------------
  1     134         0.340
  2     129         0.260
  3     126         0.208
  4     125         0.126
  5     121         0.126
  6     104         0.126
  7     99          0.050
  8     119         0.010
  9     116         0.010

Detector: BL_W170_T3.0_D10
Best Detection: 133 mmHg (confidence: 0.340)
Top 10 readings:
  Rank  Pressure    Confidence  
  ------------------------------
  1     133         0.340
  2     129         0.260
  3     126         0.208
  4     125         0.126
  5     121         0.126
  6     104         0.126
  7     99          0.050
  8     119         0.010
  9     116         0.010

Detector: BL_W170_T3.0_D15
Best Detection: 129 mmHg (confidence: 0.260)
Top 10 readings:
  Rank  Pressure    Confidence  
  ------------------------------
  1     129         0.260
  2     125         0.126
  3     121         0.126
  4     104         0.126
  5     99          0.050
  6     119         0.010
  7     116         0.010

Detector: BL_W170_T3.0_D20
Best Detection: 129 mmHg (confidence: 0.260)
Top 10 readings:
  Rank  Pressure    Confidence  
  ------------------------------
  1     129         0.260
  2     125         0.126
  3     121         0.126
  4     104         0.126
  5     99          0.050
  6     119         0.010
  7     116         0.010

Detector: BL_W170_T3.0_D25
Best Detection: 129 mmHg (confidence: 0.260)
Top 10 readings:
  Rank  Pressure    Confidence  
  ------------------------------
  1     129         0.260
  2     125         0.126
  3     121         0.126
  4     104         0.126
  5     99          0.050
  6     119         0.010
  7     116         0.010

Detector: BL_W170_T3.0_D30
Best Detection: 128 mmHg (confidence: 0.260)
Top 10 readings:
  Rank  Pressure    Confidence  
  ------------------------------
  1     128         0.260
  2     125         0.126
  3     121         0.126
  4     104         0.126
  5     99          0.050
  6     119         0.010
  7     116         0.010

Detector: BL_W170_T3.0_D40
Best Detection: 128 mmHg (confidence: 0.260)
Top 10 readings:
  Rank  Pressure    Confidence  
  ------------------------------
  1     128         0.260
  2     125         0.126
  3     121         0.126
  4     104         0.126
  5     99          0.050
  6     119         0.010
  7     116         0.010

Detector: BL_W180_T1.2_D2
Best Detection: 109 mmHg (confidence: 0.660)
Top 10 readings:
  Rank  Pressure    Confidence  
  ------------------------------
  1     109         0.660
  2     105         0.580
  3     100         0.500
  4     95          0.420
  5     135         0.340
  6     133         0.340
  7     91          0.340
  8     129         0.260
  9     86          0.260
  10    126         0.208

Detector: BL_W180_T1.2_D4
Best Detection: 109 mmHg (confidence: 0.660)
Top 10 readings:
  Rank  Pressure    Confidence  
  ------------------------------
  1     109         0.660
  2     105         0.580
  3     100         0.500
  4     95          0.420
  5     135         0.340
  6     132         0.340
  7     91          0.340
  8     129         0.260
  9     86          0.260
  10    126         0.208

Detector: BL_W180_T1.2_D6
Best Detection: 109 mmHg (confidence: 0.660)
Top 10 readings:
  Rank  Pressure    Confidence  
  ------------------------------
  1     109         0.660
  2     105         0.580
  3     100         0.500
  4     95          0.420
  5     134         0.340
  6     91          0.340
  7     129         0.260
  8     86          0.260
  9     126         0.208
  10    125         0.126

Detector: BL_W180_T1.2_D8
Best Detection: 109 mmHg (confidence: 0.660)
Top 10 readings:
  Rank  Pressure    Confidence  
  ------------------------------
  1     109         0.660
  2     105         0.580
  3     100         0.500
  4     95          0.420
  5     134         0.340
  6     91          0.340
  7     129         0.260
  8     86          0.260
  9     126         0.208
  10    125         0.126

Detector: BL_W180_T1.2_D10
Best Detection: 109 mmHg (confidence: 0.660)
Top 10 readings:
  Rank  Pressure    Confidence  
  ------------------------------
  1     109         0.660
  2     105         0.580
  3     100         0.500
  4     95          0.420
  5     133         0.340
  6     91          0.340
  7     129         0.260
  8     86          0.260
  9     126         0.208
  10    125         0.126

Detector: BL_W180_T1.2_D15
Best Detection: 109 mmHg (confidence: 0.660)
Top 10 readings:
  Rank  Pressure    Confidence  
  ------------------------------
  1     109         0.660
  2     105         0.580
  3     100         0.500
  4     95          0.420
  5     91          0.340
  6     129         0.260
  7     86          0.260
  8     125         0.126
  9     121         0.126
  10    82          0.126

Detector: BL_W180_T1.2_D20
Best Detection: 109 mmHg (confidence: 0.660)
Top 10 readings:
  Rank  Pressure    Confidence  
  ------------------------------
  1     109         0.660
  2     105         0.580
  3     100         0.500
  4     95          0.420
  5     91          0.340
  6     129         0.260
  7     86          0.260
  8     125         0.126
  9     121         0.126
  10    82          0.126

Detector: BL_W180_T1.2_D25
Best Detection: 109 mmHg (confidence: 0.660)
Top 10 readings:
  Rank  Pressure    Confidence  
  ------------------------------
  1     109         0.660
  2     105         0.580
  3     100         0.500
  4     95          0.420
  5     91          0.340
  6     129         0.260
  7     86          0.260
  8     125         0.126
  9     121         0.126
  10    82          0.126

Detector: BL_W180_T1.2_D30
Best Detection: 109 mmHg (confidence: 0.660)
Top 10 readings:
  Rank  Pressure    Confidence  
  ------------------------------
  1     109         0.660
  2     105         0.580
  3     100         0.500
  4     95          0.420
  5     91          0.340
  6     128         0.260
  7     86          0.260
  8     125         0.126
  9     121         0.126
  10    82          0.126

Detector: BL_W180_T1.2_D40
Best Detection: 109 mmHg (confidence: 0.660)
Top 10 readings:
  Rank  Pressure    Confidence  
  ------------------------------
  1     109         0.660
  2     105         0.580
  3     100         0.500
  4     95          0.420
  5     91          0.340
  6     128         0.260
  7     86          0.260
  8     125         0.126
  9     121         0.126
  10    82          0.126

Detector: BL_W180_T1.4_D2
Best Detection: 109 mmHg (confidence: 0.660)
Top 10 readings:
  Rank  Pressure    Confidence  
  ------------------------------
  1     109         0.660
  2     105         0.580
  3     100         0.500
  4     95          0.420
  5     135         0.340
  6     91          0.340
  7     129         0.260
  8     86          0.260
  9     126         0.208
  10    125         0.126

Detector: BL_W180_T1.4_D4
Best Detection: 109 mmHg (confidence: 0.660)
Top 10 readings:
  Rank  Pressure    Confidence  
  ------------------------------
  1     109         0.660
  2     105         0.580
  3     100         0.500
  4     95          0.420
  5     135         0.340
  6     132         0.340
  7     91          0.340
  8     129         0.260
  9     86          0.260
  10    126         0.208

Detector: BL_W180_T1.4_D6
Best Detection: 109 mmHg (confidence: 0.660)
Top 10 readings:
  Rank  Pressure    Confidence  
  ------------------------------
  1     109         0.660
  2     105         0.580
  3     100         0.500
  4     95          0.420
  5     134         0.340
  6     91          0.340
  7     129         0.260
  8     86          0.260
  9     126         0.208
  10    125         0.126

Detector: BL_W180_T1.4_D8
Best Detection: 109 mmHg (confidence: 0.660)
Top 10 readings:
  Rank  Pressure    Confidence  
  ------------------------------
  1     109         0.660
  2     105         0.580
  3     100         0.500
  4     95          0.420
  5     134         0.340
  6     91          0.340
  7     129         0.260
  8     86          0.260
  9     126         0.208
  10    125         0.126

Detector: BL_W180_T1.4_D10
Best Detection: 109 mmHg (confidence: 0.660)
Top 10 readings:
  Rank  Pressure    Confidence  
  ------------------------------
  1     109         0.660
  2     105         0.580
  3     100         0.500
  4     95          0.420
  5     133         0.340
  6     91          0.340
  7     129         0.260
  8     86          0.260
  9     126         0.208
  10    125         0.126

Detector: BL_W180_T1.4_D15
Best Detection: 109 mmHg (confidence: 0.660)
Top 10 readings:
  Rank  Pressure    Confidence  
  ------------------------------
  1     109         0.660
  2     105         0.580
  3     100         0.500
  4     95          0.420
  5     91          0.340
  6     129         0.260
  7     86          0.260
  8     125         0.126
  9     121         0.126
  10    82          0.126

Detector: BL_W180_T1.4_D20
Best Detection: 109 mmHg (confidence: 0.660)
Top 10 readings:
  Rank  Pressure    Confidence  
  ------------------------------
  1     109         0.660
  2     105         0.580
  3     100         0.500
  4     95          0.420
  5     91          0.340
  6     129         0.260
  7     86          0.260
  8     125         0.126
  9     121         0.126
  10    82          0.126

Detector: BL_W180_T1.4_D25
Best Detection: 109 mmHg (confidence: 0.660)
Top 10 readings:
  Rank  Pressure    Confidence  
  ------------------------------
  1     109         0.660
  2     105         0.580
  3     100         0.500
  4     95          0.420
  5     91          0.340
  6     129         0.260
  7     86          0.260
  8     125         0.126
  9     121         0.126
  10    82          0.126

Detector: BL_W180_T1.4_D30
Best Detection: 109 mmHg (confidence: 0.660)
Top 10 readings:
  Rank  Pressure    Confidence  
  ------------------------------
  1     109         0.660
  2     105         0.580
  3     100         0.500
  4     95          0.420
  5     91          0.340
  6     128         0.260
  7     86          0.260
  8     125         0.126
  9     121         0.126
  10    82          0.126

Detector: BL_W180_T1.4_D40
Best Detection: 109 mmHg (confidence: 0.660)
Top 10 readings:
  Rank  Pressure    Confidence  
  ------------------------------
  1     109         0.660
  2     105         0.580
  3     100         0.500
  4     95          0.420
  5     91          0.340
  6     128         0.260
  7     86          0.260
  8     125         0.126
  9     121         0.126
  10    82          0.126

Detector: BL_W180_T1.6_D2
Best Detection: 109 mmHg (confidence: 0.660)
Top 10 readings:
  Rank  Pressure    Confidence  
  ------------------------------
  1     109         0.660
  2     105         0.580
  3     100         0.500
  4     95          0.420
  5     135         0.340
  6     91          0.340
  7     129         0.260
  8     86          0.260
  9     126         0.208
  10    125         0.126

Detector: BL_W180_T1.6_D4
Best Detection: 109 mmHg (confidence: 0.660)
Top 10 readings:
  Rank  Pressure    Confidence  
  ------------------------------
  1     109         0.660
  2     105         0.580
  3     100         0.500
  4     95          0.420
  5     135         0.340
  6     132         0.340
  7     91          0.340
  8     129         0.260
  9     86          0.260
  10    126         0.208

Detector: BL_W180_T1.6_D6
Best Detection: 109 mmHg (confidence: 0.660)
Top 10 readings:
  Rank  Pressure    Confidence  
  ------------------------------
  1     109         0.660
  2     105         0.580
  3     100         0.500
  4     95          0.420
  5     134         0.340
  6     91          0.340
  7     129         0.260
  8     86          0.260
  9     126         0.208
  10    125         0.126

Detector: BL_W180_T1.6_D8
Best Detection: 109 mmHg (confidence: 0.660)
Top 10 readings:
  Rank  Pressure    Confidence  
  ------------------------------
  1     109         0.660
  2     105         0.580
  3     100         0.500
  4     95          0.420
  5     134         0.340
  6     91          0.340
  7     129         0.260
  8     86          0.260
  9     126         0.208
  10    125         0.126

Detector: BL_W180_T1.6_D10
Best Detection: 109 mmHg (confidence: 0.660)
Top 10 readings:
  Rank  Pressure    Confidence  
  ------------------------------
  1     109         0.660
  2     105         0.580
  3     100         0.500
  4     95          0.420
  5     133         0.340
  6     91          0.340
  7     129         0.260
  8     86          0.260
  9     126         0.208
  10    125         0.126

Detector: BL_W180_T1.6_D15
Best Detection: 109 mmHg (confidence: 0.660)
Top 10 readings:
  Rank  Pressure    Confidence  
  ------------------------------
  1     109         0.660
  2     105         0.580
  3     100         0.500
  4     95          0.420
  5     91          0.340
  6     129         0.260
  7     86          0.260
  8     125         0.126
  9     121         0.126
  10    82          0.126

Detector: BL_W180_T1.6_D20
Best Detection: 109 mmHg (confidence: 0.660)
Top 10 readings:
  Rank  Pressure    Confidence  
  ------------------------------
  1     109         0.660
  2     105         0.580
  3     100         0.500
  4     95          0.420
  5     91          0.340
  6     129         0.260
  7     86          0.260
  8     125         0.126
  9     121         0.126
  10    82          0.126

Detector: BL_W180_T1.6_D25
Best Detection: 109 mmHg (confidence: 0.660)
Top 10 readings:
  Rank  Pressure    Confidence  
  ------------------------------
  1     109         0.660
  2     105         0.580
  3     100         0.500
  4     95          0.420
  5     91          0.340
  6     129         0.260
  7     86          0.260
  8     125         0.126
  9     121         0.126
  10    82          0.126

Detector: BL_W180_T1.6_D30
Best Detection: 109 mmHg (confidence: 0.660)
Top 10 readings:
  Rank  Pressure    Confidence  
  ------------------------------
  1     109         0.660
  2     105         0.580
  3     100         0.500
  4     95          0.420
  5     91          0.340
  6     128         0.260
  7     86          0.260
  8     125         0.126
  9     121         0.126
  10    82          0.126

Detector: BL_W180_T1.6_D40
Best Detection: 109 mmHg (confidence: 0.660)
Top 10 readings:
  Rank  Pressure    Confidence  
  ------------------------------
  1     109         0.660
  2     105         0.580
  3     100         0.500
  4     95          0.420
  5     91          0.340
  6     128         0.260
  7     86          0.260
  8     125         0.126
  9     121         0.126
  10    82          0.126

Detector: BL_W180_T1.8_D2
Best Detection: 108 mmHg (confidence: 0.580)
Top 10 readings:
  Rank  Pressure    Confidence  
  ------------------------------
  1     108         0.580
  2     105         0.500
  3     100         0.420
  4     135         0.340
  5     95          0.340
  6     129         0.260
  7     91          0.260
  8     126         0.208
  9     125         0.126
  10    121         0.126

Detector: BL_W180_T1.8_D4
Best Detection: 108 mmHg (confidence: 0.580)
Top 10 readings:
  Rank  Pressure    Confidence  
  ------------------------------
  1     108         0.580
  2     105         0.500
  3     100         0.420
  4     135         0.340
  5     132         0.340
  6     95          0.340
  7     129         0.260
  8     91          0.260
  9     126         0.208
  10    125         0.126

Detector: BL_W180_T1.8_D6
Best Detection: 108 mmHg (confidence: 0.580)
Top 10 readings:
  Rank  Pressure    Confidence  
  ------------------------------
  1     108         0.580
  2     105         0.500
  3     100         0.420
  4     134         0.340
  5     95          0.340
  6     129         0.260
  7     91          0.260
  8     126         0.208
  9     125         0.126
  10    121         0.126

Detector: BL_W180_T1.8_D8
Best Detection: 108 mmHg (confidence: 0.580)
Top 10 readings:
  Rank  Pressure    Confidence  
  ------------------------------
  1     108         0.580
  2     105         0.500
  3     100         0.420
  4     134         0.340
  5     95          0.340
  6     129         0.260
  7     91          0.260
  8     126         0.208
  9     125         0.126
  10    121         0.126

Detector: BL_W180_T1.8_D10
Best Detection: 108 mmHg (confidence: 0.580)
Top 10 readings:
  Rank  Pressure    Confidence  
  ------------------------------
  1     108         0.580
  2     105         0.500
  3     100         0.420
  4     133         0.340
  5     95          0.340
  6     129         0.260
  7     91          0.260
  8     126         0.208
  9     125         0.126
  10    121         0.126

Detector: BL_W180_T1.8_D15
Best Detection: 108 mmHg (confidence: 0.580)
Top 10 readings:
  Rank  Pressure    Confidence  
  ------------------------------
  1     108         0.580
  2     105         0.500
  3     100         0.420
  4     95          0.340
  5     129         0.260
  6     91          0.260
  7     125         0.126
  8     121         0.126
  9     86          0.126
  10    82          0.050

Detector: BL_W180_T1.8_D20
Best Detection: 108 mmHg (confidence: 0.580)
Top 10 readings:
  Rank  Pressure    Confidence  
  ------------------------------
  1     108         0.580
  2     105         0.500
  3     100         0.420
  4     95          0.340
  5     129         0.260
  6     91          0.260
  7     125         0.126
  8     121         0.126
  9     86          0.126
  10    82          0.050

Detector: BL_W180_T1.8_D25
Best Detection: 108 mmHg (confidence: 0.580)
Top 10 readings:
  Rank  Pressure    Confidence  
  ------------------------------
  1     108         0.580
  2     105         0.500
  3     100         0.420
  4     95          0.340
  5     129         0.260
  6     91          0.260
  7     125         0.126
  8     121         0.126
  9     86          0.126
  10    82          0.050

Detector: BL_W180_T1.8_D30
Best Detection: 108 mmHg (confidence: 0.580)
Top 10 readings:
  Rank  Pressure    Confidence  
  ------------------------------
  1     108         0.580
  2     105         0.500
  3     100         0.420
  4     95          0.340
  5     128         0.260
  6     91          0.260
  7     125         0.126
  8     121         0.126
  9     86          0.126
  10    82          0.050

Detector: BL_W180_T1.8_D40
Best Detection: 108 mmHg (confidence: 0.580)
Top 10 readings:
  Rank  Pressure    Confidence  
  ------------------------------
  1     108         0.580
  2     105         0.500
  3     100         0.420
  4     95          0.340
  5     128         0.260
  6     91          0.260
  7     125         0.126
  8     121         0.126
  9     86          0.126
  10    82          0.050

Detector: BL_W180_T2.0_D2
Best Detection: 135 mmHg (confidence: 0.340)
Top 10 readings:
  Rank  Pressure    Confidence  
  ------------------------------
  1     135         0.340
  2     105         0.340
  3     129         0.260
  4     100         0.260
  5     126         0.208
  6     125         0.126
  7     121         0.126
  8     95          0.126
  9     90          0.050
  10    120         0.010

Detector: BL_W180_T2.0_D4
Best Detection: 135 mmHg (confidence: 0.340)
Top 10 readings:
  Rank  Pressure    Confidence  
  ------------------------------
  1     135         0.340
  2     132         0.340
  3     105         0.340
  4     129         0.260
  5     100         0.260
  6     126         0.208
  7     125         0.126
  8     121         0.126
  9     95          0.126
  10    90          0.050

Detector: BL_W180_T2.0_D6
Best Detection: 134 mmHg (confidence: 0.340)
Top 10 readings:
  Rank  Pressure    Confidence  
  ------------------------------
  1     134         0.340
  2     105         0.340
  3     129         0.260
  4     100         0.260
  5     126         0.208
  6     125         0.126
  7     121         0.126
  8     95          0.126
  9     90          0.050
  10    120         0.010

Detector: BL_W180_T2.0_D8
Best Detection: 134 mmHg (confidence: 0.340)
Top 10 readings:
  Rank  Pressure    Confidence  
  ------------------------------
  1     134         0.340
  2     105         0.340
  3     129         0.260
  4     100         0.260
  5     126         0.208
  6     125         0.126
  7     121         0.126
  8     95          0.126
  9     90          0.050
  10    120         0.010

Detector: BL_W180_T2.0_D10
Best Detection: 133 mmHg (confidence: 0.340)
Top 10 readings:
  Rank  Pressure    Confidence  
  ------------------------------
  1     133         0.340
  2     105         0.340
  3     129         0.260
  4     100         0.260
  5     126         0.208
  6     125         0.126
  7     121         0.126
  8     95          0.126
  9     90          0.050
  10    120         0.010

Detector: BL_W180_T2.0_D15
Best Detection: 105 mmHg (confidence: 0.340)
Top 10 readings:
  Rank  Pressure    Confidence  
  ------------------------------
  1     105         0.340
  2     129         0.260
  3     100         0.260
  4     125         0.126
  5     121         0.126
  6     95          0.126
  7     90          0.050
  8     120         0.010
  9     116         0.010

Detector: BL_W180_T2.0_D20
Best Detection: 105 mmHg (confidence: 0.340)
Top 10 readings:
  Rank  Pressure    Confidence  
  ------------------------------
  1     105         0.340
  2     129         0.260
  3     100         0.260
  4     125         0.126
  5     121         0.126
  6     95          0.126
  7     90          0.050
  8     120         0.010
  9     116         0.010

Detector: BL_W180_T2.0_D25
Best Detection: 105 mmHg (confidence: 0.340)
Top 10 readings:
  Rank  Pressure    Confidence  
  ------------------------------
  1     105         0.340
  2     129         0.260
  3     100         0.260
  4     125         0.126
  5     121         0.126
  6     95          0.126
  7     90          0.050
  8     120         0.010
  9     116         0.010

Detector: BL_W180_T2.0_D30
Best Detection: 105 mmHg (confidence: 0.340)
Top 10 readings:
  Rank  Pressure    Confidence  
  ------------------------------
  1     105         0.340
  2     128         0.260
  3     100         0.260
  4     125         0.126
  5     121         0.126
  6     95          0.126
  7     90          0.050
  8     120         0.010
  9     116         0.010

Detector: BL_W180_T2.0_D40
Best Detection: 105 mmHg (confidence: 0.340)
Top 10 readings:
  Rank  Pressure    Confidence  
  ------------------------------
  1     105         0.340
  2     128         0.260
  3     100         0.260
  4     125         0.126
  5     121         0.126
  6     95          0.126
  7     90          0.050
  8     120         0.010
  9     116         0.010

Detector: BL_W180_T2.2_D2
Best Detection: 134 mmHg (confidence: 0.340)
Top 10 readings:
  Rank  Pressure    Confidence  
  ------------------------------
  1     134         0.340
  2     105         0.340
  3     129         0.260
  4     100         0.260
  5     125         0.126
  6     121         0.126
  7     95          0.126
  8     90          0.050
  9     120         0.010
  10    116         0.010

Detector: BL_W180_T2.2_D4
Best Detection: 135 mmHg (confidence: 0.340)
Top 10 readings:
  Rank  Pressure    Confidence  
  ------------------------------
  1     135         0.340
  2     132         0.340
  3     105         0.340
  4     129         0.260
  5     100         0.260
  6     125         0.126
  7     121         0.126
  8     95          0.126
  9     90          0.050
  10    120         0.010

Detector: BL_W180_T2.2_D6
Best Detection: 134 mmHg (confidence: 0.340)
Top 10 readings:
  Rank  Pressure    Confidence  
  ------------------------------
  1     134         0.340
  2     105         0.340
  3     129         0.260
  4     100         0.260
  5     125         0.126
  6     121         0.126
  7     95          0.126
  8     90          0.050
  9     120         0.010
  10    116         0.010

Detector: BL_W180_T2.2_D8
Best Detection: 134 mmHg (confidence: 0.340)
Top 10 readings:
  Rank  Pressure    Confidence  
  ------------------------------
  1     134         0.340
  2     105         0.340
  3     129         0.260
  4     100         0.260
  5     126         0.208
  6     125         0.126
  7     121         0.126
  8     95          0.126
  9     90          0.050
  10    120         0.010

Detector: BL_W180_T2.2_D10
Best Detection: 133 mmHg (confidence: 0.340)
Top 10 readings:
  Rank  Pressure    Confidence  
  ------------------------------
  1     133         0.340
  2     105         0.340
  3     129         0.260
  4     100         0.260
  5     126         0.208
  6     125         0.126
  7     121         0.126
  8     95          0.126
  9     90          0.050
  10    120         0.010

Detector: BL_W180_T2.2_D15
Best Detection: 105 mmHg (confidence: 0.340)
Top 10 readings:
  Rank  Pressure    Confidence  
  ------------------------------
  1     105         0.340
  2     129         0.260
  3     100         0.260
  4     125         0.126
  5     121         0.126
  6     95          0.126
  7     90          0.050
  8     120         0.010
  9     116         0.010

Detector: BL_W180_T2.2_D20
Best Detection: 105 mmHg (confidence: 0.340)
Top 10 readings:
  Rank  Pressure    Confidence  
  ------------------------------
  1     105         0.340
  2     129         0.260
  3     100         0.260
  4     125         0.126
  5     121         0.126
  6     95          0.126
  7     90          0.050
  8     120         0.010
  9     116         0.010

Detector: BL_W180_T2.2_D25
Best Detection: 105 mmHg (confidence: 0.340)
Top 10 readings:
  Rank  Pressure    Confidence  
  ------------------------------
  1     105         0.340
  2     129         0.260
  3     100         0.260
  4     125         0.126
  5     121         0.126
  6     95          0.126
  7     90          0.050
  8     120         0.010
  9     116         0.010

Detector: BL_W180_T2.2_D30
Best Detection: 105 mmHg (confidence: 0.340)
Top 10 readings:
  Rank  Pressure    Confidence  
  ------------------------------
  1     105         0.340
  2     128         0.260
  3     100         0.260
  4     125         0.126
  5     121         0.126
  6     95          0.126
  7     90          0.050
  8     120         0.010
  9     116         0.010

Detector: BL_W180_T2.2_D40
Best Detection: 105 mmHg (confidence: 0.340)
Top 10 readings:
  Rank  Pressure    Confidence  
  ------------------------------
  1     105         0.340
  2     128         0.260
  3     100         0.260
  4     125         0.126
  5     121         0.126
  6     95          0.126
  7     90          0.050
  8     120         0.010
  9     116         0.010

Detector: BL_W180_T2.4_D2
Best Detection: 134 mmHg (confidence: 0.340)
Top 10 readings:
  Rank  Pressure    Confidence  
  ------------------------------
  1     134         0.340
  2     129         0.260
  3     105         0.260
  4     125         0.126
  5     121         0.126
  6     99          0.126
  7     94          0.050
  8     119         0.010
  9     116         0.010

Detector: BL_W180_T2.4_D4
Best Detection: 135 mmHg (confidence: 0.340)
Top 10 readings:
  Rank  Pressure    Confidence  
  ------------------------------
  1     135         0.340
  2     132         0.272
  3     129         0.260
  4     105         0.260
  5     125         0.126
  6     121         0.126
  7     99          0.126
  8     94          0.050
  9     119         0.010
  10    116         0.010

Detector: BL_W180_T2.4_D6
Best Detection: 134 mmHg (confidence: 0.340)
Top 10 readings:
  Rank  Pressure    Confidence  
  ------------------------------
  1     134         0.340
  2     129         0.260
  3     105         0.260
  4     125         0.126
  5     121         0.126
  6     99          0.126
  7     94          0.050
  8     119         0.010
  9     116         0.010

Detector: BL_W180_T2.4_D8
Best Detection: 134 mmHg (confidence: 0.340)
Top 10 readings:
  Rank  Pressure    Confidence  
  ------------------------------
  1     134         0.340
  2     129         0.260
  3     105         0.260
  4     126         0.208
  5     125         0.126
  6     121         0.126
  7     99          0.126
  8     94          0.050
  9     119         0.010
  10    116         0.010

Detector: BL_W180_T2.4_D10
Best Detection: 133 mmHg (confidence: 0.340)
Top 10 readings:
  Rank  Pressure    Confidence  
  ------------------------------
  1     133         0.340
  2     129         0.260
  3     105         0.260
  4     126         0.208
  5     125         0.126
  6     121         0.126
  7     99          0.126
  8     94          0.050
  9     119         0.010
  10    116         0.010

Detector: BL_W180_T2.4_D15
Best Detection: 129 mmHg (confidence: 0.260)
Top 10 readings:
  Rank  Pressure    Confidence  
  ------------------------------
  1     129         0.260
  2     105         0.260
  3     125         0.126
  4     121         0.126
  5     99          0.126
  6     94          0.050
  7     119         0.010
  8     116         0.010

Detector: BL_W180_T2.4_D20
Best Detection: 129 mmHg (confidence: 0.260)
Top 10 readings:
  Rank  Pressure    Confidence  
  ------------------------------
  1     129         0.260
  2     105         0.260
  3     125         0.126
  4     121         0.126
  5     99          0.126
  6     94          0.050
  7     119         0.010
  8     116         0.010

Detector: BL_W180_T2.4_D25
Best Detection: 129 mmHg (confidence: 0.260)
Top 10 readings:
  Rank  Pressure    Confidence  
  ------------------------------
  1     129         0.260
  2     105         0.260
  3     125         0.126
  4     121         0.126
  5     99          0.126
  6     94          0.050
  7     119         0.010
  8     116         0.010

Detector: BL_W180_T2.4_D30
Best Detection: 128 mmHg (confidence: 0.260)
Top 10 readings:
  Rank  Pressure    Confidence  
  ------------------------------
  1     128         0.260
  2     105         0.260
  3     125         0.126
  4     121         0.126
  5     99          0.126
  6     94          0.050
  7     119         0.010
  8     116         0.010

Detector: BL_W180_T2.4_D40
Best Detection: 128 mmHg (confidence: 0.260)
Top 10 readings:
  Rank  Pressure    Confidence  
  ------------------------------
  1     128         0.260
  2     105         0.260
  3     125         0.126
  4     121         0.126
  5     99          0.126
  6     94          0.050
  7     119         0.010
  8     116         0.010

Detector: BL_W180_T2.6_D2
Best Detection: 134 mmHg (confidence: 0.340)
Top 10 readings:
  Rank  Pressure    Confidence  
  ------------------------------
  1     134         0.340
  2     129         0.260
  3     104         0.260
  4     125         0.126
  5     121         0.126
  6     99          0.126
  7     94          0.050
  8     119         0.010
  9     116         0.010

Detector: BL_W180_T2.6_D4
Best Detection: 135 mmHg (confidence: 0.340)
Top 10 readings:
  Rank  Pressure    Confidence  
  ------------------------------
  1     135         0.340
  2     132         0.272
  3     129         0.260
  4     104         0.260
  5     125         0.126
  6     121         0.126
  7     99          0.126
  8     94          0.050
  9     119         0.010
  10    116         0.010

Detector: BL_W180_T2.6_D6
Best Detection: 134 mmHg (confidence: 0.340)
Top 10 readings:
  Rank  Pressure    Confidence  
  ------------------------------
  1     134         0.340
  2     129         0.260
  3     104         0.260
  4     125         0.126
  5     121         0.126
  6     99          0.126
  7     94          0.050
  8     119         0.010
  9     116         0.010

Detector: BL_W180_T2.6_D8
Best Detection: 134 mmHg (confidence: 0.340)
Top 10 readings:
  Rank  Pressure    Confidence  
  ------------------------------
  1     134         0.340
  2     129         0.260
  3     104         0.260
  4     126         0.208
  5     125         0.126
  6     121         0.126
  7     99          0.126
  8     94          0.050
  9     119         0.010
  10    116         0.010

Detector: BL_W180_T2.6_D10
Best Detection: 133 mmHg (confidence: 0.340)
Top 10 readings:
  Rank  Pressure    Confidence  
  ------------------------------
  1     133         0.340
  2     129         0.260
  3     104         0.260
  4     126         0.208
  5     125         0.126
  6     121         0.126
  7     99          0.126
  8     94          0.050
  9     119         0.010
  10    116         0.010

Detector: BL_W180_T2.6_D15
Best Detection: 129 mmHg (confidence: 0.260)
Top 10 readings:
  Rank  Pressure    Confidence  
  ------------------------------
  1     129         0.260
  2     104         0.260
  3     125         0.126
  4     121         0.126
  5     99          0.126
  6     94          0.050
  7     119         0.010
  8     116         0.010

Detector: BL_W180_T2.6_D20
Best Detection: 129 mmHg (confidence: 0.260)
Top 10 readings:
  Rank  Pressure    Confidence  
  ------------------------------
  1     129         0.260
  2     104         0.260
  3     125         0.126
  4     121         0.126
  5     99          0.126
  6     94          0.050
  7     119         0.010
  8     116         0.010

Detector: BL_W180_T2.6_D25
Best Detection: 129 mmHg (confidence: 0.260)
Top 10 readings:
  Rank  Pressure    Confidence  
  ------------------------------
  1     129         0.260
  2     104         0.260
  3     125         0.126
  4     121         0.126
  5     99          0.126
  6     94          0.050
  7     119         0.010
  8     116         0.010

Detector: BL_W180_T2.6_D30
Best Detection: 128 mmHg (confidence: 0.260)
Top 10 readings:
  Rank  Pressure    Confidence  
  ------------------------------
  1     128         0.260
  2     104         0.260
  3     125         0.126
  4     121         0.126
  5     99          0.126
  6     94          0.050
  7     119         0.010
  8     116         0.010

Detector: BL_W180_T2.6_D40
Best Detection: 128 mmHg (confidence: 0.260)
Top 10 readings:
  Rank  Pressure    Confidence  
  ------------------------------
  1     128         0.260
  2     104         0.260
  3     125         0.126
  4     121         0.126
  5     99          0.126
  6     94          0.050
  7     119         0.010
  8     116         0.010

Detector: BL_W180_T2.8_D2
Best Detection: 134 mmHg (confidence: 0.340)
Top 10 readings:
  Rank  Pressure    Confidence  
  ------------------------------
  1     134         0.340
  2     129         0.260
  3     104         0.260
  4     125         0.126
  5     121         0.126
  6     99          0.126
  7     94          0.050
  8     119         0.010
  9     116         0.010

Detector: BL_W180_T2.8_D4
Best Detection: 135 mmHg (confidence: 0.340)
Top 10 readings:
  Rank  Pressure    Confidence  
  ------------------------------
  1     135         0.340
  2     132         0.272
  3     129         0.260
  4     104         0.260
  5     125         0.126
  6     121         0.126
  7     99          0.126
  8     94          0.050
  9     119         0.010
  10    116         0.010

Detector: BL_W180_T2.8_D6
Best Detection: 134 mmHg (confidence: 0.340)
Top 10 readings:
  Rank  Pressure    Confidence  
  ------------------------------
  1     134         0.340
  2     129         0.260
  3     104         0.260
  4     125         0.126
  5     121         0.126
  6     99          0.126
  7     94          0.050
  8     119         0.010
  9     116         0.010

Detector: BL_W180_T2.8_D8
Best Detection: 134 mmHg (confidence: 0.340)
Top 10 readings:
  Rank  Pressure    Confidence  
  ------------------------------
  1     134         0.340
  2     129         0.260
  3     104         0.260
  4     126         0.208
  5     125         0.126
  6     121         0.126
  7     99          0.126
  8     94          0.050
  9     119         0.010
  10    116         0.010

Detector: BL_W180_T2.8_D10
Best Detection: 133 mmHg (confidence: 0.340)
Top 10 readings:
  Rank  Pressure    Confidence  
  ------------------------------
  1     133         0.340
  2     129         0.260
  3     104         0.260
  4     126         0.208
  5     125         0.126
  6     121         0.126
  7     99          0.126
  8     94          0.050
  9     119         0.010
  10    116         0.010

Detector: BL_W180_T2.8_D15
Best Detection: 129 mmHg (confidence: 0.260)
Top 10 readings:
  Rank  Pressure    Confidence  
  ------------------------------
  1     129         0.260
  2     104         0.260
  3     125         0.126
  4     121         0.126
  5     99          0.126
  6     94          0.050
  7     119         0.010
  8     116         0.010

Detector: BL_W180_T2.8_D20
Best Detection: 129 mmHg (confidence: 0.260)
Top 10 readings:
  Rank  Pressure    Confidence  
  ------------------------------
  1     129         0.260
  2     104         0.260
  3     125         0.126
  4     121         0.126
  5     99          0.126
  6     94          0.050
  7     119         0.010
  8     116         0.010

Detector: BL_W180_T2.8_D25
Best Detection: 129 mmHg (confidence: 0.260)
Top 10 readings:
  Rank  Pressure    Confidence  
  ------------------------------
  1     129         0.260
  2     104         0.260
  3     125         0.126
  4     121         0.126
  5     99          0.126
  6     94          0.050
  7     119         0.010
  8     116         0.010

Detector: BL_W180_T2.8_D30
Best Detection: 128 mmHg (confidence: 0.260)
Top 10 readings:
  Rank  Pressure    Confidence  
  ------------------------------
  1     128         0.260
  2     104         0.260
  3     125         0.126
  4     121         0.126
  5     99          0.126
  6     94          0.050
  7     119         0.010
  8     116         0.010

Detector: BL_W180_T2.8_D40
Best Detection: 128 mmHg (confidence: 0.260)
Top 10 readings:
  Rank  Pressure    Confidence  
  ------------------------------
  1     128         0.260
  2     104         0.260
  3     125         0.126
  4     121         0.126
  5     99          0.126
  6     94          0.050
  7     119         0.010
  8     116         0.010

Detector: BL_W180_T3.0_D2
Best Detection: 134 mmHg (confidence: 0.340)
Top 10 readings:
  Rank  Pressure    Confidence  
  ------------------------------
  1     134         0.340
  2     129         0.260
  3     125         0.126
  4     121         0.126
  5     104         0.126
  6     99          0.050
  7     119         0.010
  8     116         0.010

Detector: BL_W180_T3.0_D4
Best Detection: 135 mmHg (confidence: 0.340)
Top 10 readings:
  Rank  Pressure    Confidence  
  ------------------------------
  1     135         0.340
  2     132         0.272
  3     129         0.260
  4     125         0.126
  5     121         0.126
  6     104         0.126
  7     99          0.050
  8     119         0.010
  9     116         0.010

Detector: BL_W180_T3.0_D6
Best Detection: 134 mmHg (confidence: 0.340)
Top 10 readings:
  Rank  Pressure    Confidence  
  ------------------------------
  1     134         0.340
  2     129         0.260
  3     125         0.126
  4     121         0.126
  5     104         0.126
  6     99          0.050
  7     119         0.010
  8     116         0.010

Detector: BL_W180_T3.0_D8
Best Detection: 134 mmHg (confidence: 0.340)
Top 10 readings:
  Rank  Pressure    Confidence  
  ------------------------------
  1     134         0.340
  2     129         0.260
  3     126         0.208
  4     125         0.126
  5     121         0.126
  6     104         0.126
  7     99          0.050
  8     119         0.010
  9     116         0.010

Detector: BL_W180_T3.0_D10
Best Detection: 133 mmHg (confidence: 0.340)
Top 10 readings:
  Rank  Pressure    Confidence  
  ------------------------------
  1     133         0.340
  2     129         0.260
  3     126         0.208
  4     125         0.126
  5     121         0.126
  6     104         0.126
  7     99          0.050
  8     119         0.010
  9     116         0.010

Detector: BL_W180_T3.0_D15
Best Detection: 129 mmHg (confidence: 0.260)
Top 10 readings:
  Rank  Pressure    Confidence  
  ------------------------------
  1     129         0.260
  2     125         0.126
  3     121         0.126
  4     104         0.126
  5     99          0.050
  6     119         0.010
  7     116         0.010

Detector: BL_W180_T3.0_D20
Best Detection: 129 mmHg (confidence: 0.260)
Top 10 readings:
  Rank  Pressure    Confidence  
  ------------------------------
  1     129         0.260
  2     125         0.126
  3     121         0.126
  4     104         0.126
  5     99          0.050
  6     119         0.010
  7     116         0.010

Detector: BL_W180_T3.0_D25
Best Detection: 129 mmHg (confidence: 0.260)
Top 10 readings:
  Rank  Pressure    Confidence  
  ------------------------------
  1     129         0.260
  2     125         0.126
  3     121         0.126
  4     104         0.126
  5     99          0.050
  6     119         0.010
  7     116         0.010

Detector: BL_W180_T3.0_D30
Best Detection: 128 mmHg (confidence: 0.260)
Top 10 readings:
  Rank  Pressure    Confidence  
  ------------------------------
  1     128         0.260
  2     125         0.126
  3     121         0.126
  4     104         0.126
  5     99          0.050
  6     119         0.010
  7     116         0.010

Detector: BL_W180_T3.0_D40
Best Detection: 128 mmHg (confidence: 0.260)
Top 10 readings:
  Rank  Pressure    Confidence  
  ------------------------------
  1     128         0.260
  2     125         0.126
  3     121         0.126
  4     104         0.126
  5     99          0.050
  6     119         0.010
  7     116         0.010

Detector: BL_W190_T1.2_D2
Best Detection: 109 mmHg (confidence: 0.660)
Top 10 readings:
  Rank  Pressure    Confidence  
  ------------------------------
  1     109         0.660
  2     105         0.580
  3     100         0.500
  4     95          0.420
  5     135         0.340
  6     133         0.340
  7     91          0.340
  8     129         0.260
  9     86          0.260
  10    126         0.208

Detector: BL_W190_T1.2_D4
Best Detection: 109 mmHg (confidence: 0.660)
Top 10 readings:
  Rank  Pressure    Confidence  
  ------------------------------
  1     109         0.660
  2     105         0.580
  3     100         0.500
  4     95          0.420
  5     135         0.340
  6     132         0.340
  7     91          0.340
  8     129         0.260
  9     86          0.260
  10    126         0.208

Detector: BL_W190_T1.2_D6
Best Detection: 109 mmHg (confidence: 0.660)
Top 10 readings:
  Rank  Pressure    Confidence  
  ------------------------------
  1     109         0.660
  2     105         0.580
  3     100         0.500
  4     95          0.420
  5     134         0.340
  6     91          0.340
  7     129         0.260
  8     86          0.260
  9     126         0.208
  10    125         0.126

Detector: BL_W190_T1.2_D8
Best Detection: 109 mmHg (confidence: 0.660)
Top 10 readings:
  Rank  Pressure    Confidence  
  ------------------------------
  1     109         0.660
  2     105         0.580
  3     100         0.500
  4     95          0.420
  5     134         0.340
  6     91          0.340
  7     129         0.260
  8     86          0.260
  9     126         0.208
  10    125         0.126

Detector: BL_W190_T1.2_D10
Best Detection: 109 mmHg (confidence: 0.660)
Top 10 readings:
  Rank  Pressure    Confidence  
  ------------------------------
  1     109         0.660
  2     105         0.580
  3     100         0.500
  4     95          0.420
  5     133         0.340
  6     91          0.340
  7     129         0.260
  8     86          0.260
  9     126         0.208
  10    125         0.126

Detector: BL_W190_T1.2_D15
Best Detection: 109 mmHg (confidence: 0.660)
Top 10 readings:
  Rank  Pressure    Confidence  
  ------------------------------
  1     109         0.660
  2     105         0.580
  3     100         0.500
  4     95          0.420
  5     91          0.340
  6     129         0.260
  7     86          0.260
  8     125         0.126
  9     121         0.126
  10    82          0.126

Detector: BL_W190_T1.2_D20
Best Detection: 109 mmHg (confidence: 0.660)
Top 10 readings:
  Rank  Pressure    Confidence  
  ------------------------------
  1     109         0.660
  2     105         0.580
  3     100         0.500
  4     95          0.420
  5     91          0.340
  6     129         0.260
  7     86          0.260
  8     125         0.126
  9     121         0.126
  10    82          0.126

Detector: BL_W190_T1.2_D25
Best Detection: 109 mmHg (confidence: 0.660)
Top 10 readings:
  Rank  Pressure    Confidence  
  ------------------------------
  1     109         0.660
  2     105         0.580
  3     100         0.500
  4     95          0.420
  5     91          0.340
  6     129         0.260
  7     86          0.260
  8     125         0.126
  9     121         0.126
  10    82          0.126

Detector: BL_W190_T1.2_D30
Best Detection: 109 mmHg (confidence: 0.660)
Top 10 readings:
  Rank  Pressure    Confidence  
  ------------------------------
  1     109         0.660
  2     105         0.580
  3     100         0.500
  4     95          0.420
  5     91          0.340
  6     128         0.260
  7     86          0.260
  8     125         0.126
  9     121         0.126
  10    82          0.126

Detector: BL_W190_T1.2_D40
Best Detection: 109 mmHg (confidence: 0.660)
Top 10 readings:
  Rank  Pressure    Confidence  
  ------------------------------
  1     109         0.660
  2     105         0.580
  3     100         0.500
  4     95          0.420
  5     91          0.340
  6     128         0.260
  7     86          0.260
  8     125         0.126
  9     121         0.126
  10    82          0.126

Detector: BL_W190_T1.4_D2
Best Detection: 109 mmHg (confidence: 0.660)
Top 10 readings:
  Rank  Pressure    Confidence  
  ------------------------------
  1     109         0.660
  2     105         0.580
  3     100         0.500
  4     95          0.420
  5     135         0.340
  6     91          0.340
  7     129         0.260
  8     86          0.260
  9     126         0.208
  10    125         0.126

Detector: BL_W190_T1.4_D4
Best Detection: 109 mmHg (confidence: 0.660)
Top 10 readings:
  Rank  Pressure    Confidence  
  ------------------------------
  1     109         0.660
  2     105         0.580
  3     100         0.500
  4     95          0.420
  5     135         0.340
  6     132         0.340
  7     91          0.340
  8     129         0.260
  9     86          0.260
  10    126         0.208

Detector: BL_W190_T1.4_D6
Best Detection: 109 mmHg (confidence: 0.660)
Top 10 readings:
  Rank  Pressure    Confidence  
  ------------------------------
  1     109         0.660
  2     105         0.580
  3     100         0.500
  4     95          0.420
  5     134         0.340
  6     91          0.340
  7     129         0.260
  8     86          0.260
  9     126         0.208
  10    125         0.126

Detector: BL_W190_T1.4_D8
Best Detection: 109 mmHg (confidence: 0.660)
Top 10 readings:
  Rank  Pressure    Confidence  
  ------------------------------
  1     109         0.660
  2     105         0.580
  3     100         0.500
  4     95          0.420
  5     134         0.340
  6     91          0.340
  7     129         0.260
  8     86          0.260
  9     126         0.208
  10    125         0.126

Detector: BL_W190_T1.4_D10
Best Detection: 109 mmHg (confidence: 0.660)
Top 10 readings:
  Rank  Pressure    Confidence  
  ------------------------------
  1     109         0.660
  2     105         0.580
  3     100         0.500
  4     95          0.420
  5     133         0.340
  6     91          0.340
  7     129         0.260
  8     86          0.260
  9     126         0.208
  10    125         0.126

Detector: BL_W190_T1.4_D15
Best Detection: 109 mmHg (confidence: 0.660)
Top 10 readings:
  Rank  Pressure    Confidence  
  ------------------------------
  1     109         0.660
  2     105         0.580
  3     100         0.500
  4     95          0.420
  5     91          0.340
  6     129         0.260
  7     86          0.260
  8     125         0.126
  9     121         0.126
  10    82          0.126

Detector: BL_W190_T1.4_D20
Best Detection: 109 mmHg (confidence: 0.660)
Top 10 readings:
  Rank  Pressure    Confidence  
  ------------------------------
  1     109         0.660
  2     105         0.580
  3     100         0.500
  4     95          0.420
  5     91          0.340
  6     129         0.260
  7     86          0.260
  8     125         0.126
  9     121         0.126
  10    82          0.126

Detector: BL_W190_T1.4_D25
Best Detection: 109 mmHg (confidence: 0.660)
Top 10 readings:
  Rank  Pressure    Confidence  
  ------------------------------
  1     109         0.660
  2     105         0.580
  3     100         0.500
  4     95          0.420
  5     91          0.340
  6     129         0.260
  7     86          0.260
  8     125         0.126
  9     121         0.126
  10    82          0.126

Detector: BL_W190_T1.4_D30
Best Detection: 109 mmHg (confidence: 0.660)
Top 10 readings:
  Rank  Pressure    Confidence  
  ------------------------------
  1     109         0.660
  2     105         0.580
  3     100         0.500
  4     95          0.420
  5     91          0.340
  6     128         0.260
  7     86          0.260
  8     125         0.126
  9     121         0.126
  10    82          0.126

Detector: BL_W190_T1.4_D40
Best Detection: 109 mmHg (confidence: 0.660)
Top 10 readings:
  Rank  Pressure    Confidence  
  ------------------------------
  1     109         0.660
  2     105         0.580
  3     100         0.500
  4     95          0.420
  5     91          0.340
  6     128         0.260
  7     86          0.260
  8     125         0.126
  9     121         0.126
  10    82          0.126

Detector: BL_W190_T1.6_D2
Best Detection: 109 mmHg (confidence: 0.660)
Top 10 readings:
  Rank  Pressure    Confidence  
  ------------------------------
  1     109         0.660
  2     105         0.580
  3     100         0.500
  4     95          0.420
  5     135         0.340
  6     91          0.340
  7     129         0.260
  8     86          0.260
  9     126         0.208
  10    125         0.126

Detector: BL_W190_T1.6_D4
Best Detection: 109 mmHg (confidence: 0.660)
Top 10 readings:
  Rank  Pressure    Confidence  
  ------------------------------
  1     109         0.660
  2     105         0.580
  3     100         0.500
  4     95          0.420
  5     135         0.340
  6     132         0.340
  7     91          0.340
  8     129         0.260
  9     86          0.260
  10    126         0.208

Detector: BL_W190_T1.6_D6
Best Detection: 109 mmHg (confidence: 0.660)
Top 10 readings:
  Rank  Pressure    Confidence  
  ------------------------------
  1     109         0.660
  2     105         0.580
  3     100         0.500
  4     95          0.420
  5     134         0.340
  6     91          0.340
  7     129         0.260
  8     86          0.260
  9     126         0.208
  10    125         0.126

Detector: BL_W190_T1.6_D8
Best Detection: 109 mmHg (confidence: 0.660)
Top 10 readings:
  Rank  Pressure    Confidence  
  ------------------------------
  1     109         0.660
  2     105         0.580
  3     100         0.500
  4     95          0.420
  5     134         0.340
  6     91          0.340
  7     129         0.260
  8     86          0.260
  9     126         0.208
  10    125         0.126

Detector: BL_W190_T1.6_D10
Best Detection: 109 mmHg (confidence: 0.660)
Top 10 readings:
  Rank  Pressure    Confidence  
  ------------------------------
  1     109         0.660
  2     105         0.580
  3     100         0.500
  4     95          0.420
  5     133         0.340
  6     91          0.340
  7     129         0.260
  8     86          0.260
  9     126         0.208
  10    125         0.126

Detector: BL_W190_T1.6_D15
Best Detection: 109 mmHg (confidence: 0.660)
Top 10 readings:
  Rank  Pressure    Confidence  
  ------------------------------
  1     109         0.660
  2     105         0.580
  3     100         0.500
  4     95          0.420
  5     91          0.340
  6     129         0.260
  7     86          0.260
  8     125         0.126
  9     121         0.126
  10    82          0.126

Detector: BL_W190_T1.6_D20
Best Detection: 109 mmHg (confidence: 0.660)
Top 10 readings:
  Rank  Pressure    Confidence  
  ------------------------------
  1     109         0.660
  2     105         0.580
  3     100         0.500
  4     95          0.420
  5     91          0.340
  6     129         0.260
  7     86          0.260
  8     125         0.126
  9     121         0.126
  10    82          0.126

Detector: BL_W190_T1.6_D25
Best Detection: 109 mmHg (confidence: 0.660)
Top 10 readings:
  Rank  Pressure    Confidence  
  ------------------------------
  1     109         0.660
  2     105         0.580
  3     100         0.500
  4     95          0.420
  5     91          0.340
  6     129         0.260
  7     86          0.260
  8     125         0.126
  9     121         0.126
  10    82          0.126

Detector: BL_W190_T1.6_D30
Best Detection: 109 mmHg (confidence: 0.660)
Top 10 readings:
  Rank  Pressure    Confidence  
  ------------------------------
  1     109         0.660
  2     105         0.580
  3     100         0.500
  4     95          0.420
  5     91          0.340
  6     128         0.260
  7     86          0.260
  8     125         0.126
  9     121         0.126
  10    82          0.126

Detector: BL_W190_T1.6_D40
Best Detection: 109 mmHg (confidence: 0.660)
Top 10 readings:
  Rank  Pressure    Confidence  
  ------------------------------
  1     109         0.660
  2     105         0.580
  3     100         0.500
  4     95          0.420
  5     91          0.340
  6     128         0.260
  7     86          0.260
  8     125         0.126
  9     121         0.126
  10    82          0.126

Detector: BL_W190_T1.8_D2
Best Detection: 108 mmHg (confidence: 0.580)
Top 10 readings:
  Rank  Pressure    Confidence  
  ------------------------------
  1     108         0.580
  2     105         0.500
  3     100         0.420
  4     135         0.340
  5     95          0.340
  6     129         0.260
  7     91          0.260
  8     126         0.208
  9     125         0.126
  10    121         0.126

Detector: BL_W190_T1.8_D4
Best Detection: 108 mmHg (confidence: 0.580)
Top 10 readings:
  Rank  Pressure    Confidence  
  ------------------------------
  1     108         0.580
  2     105         0.500
  3     100         0.420
  4     135         0.340
  5     132         0.340
  6     95          0.340
  7     129         0.260
  8     91          0.260
  9     126         0.208
  10    125         0.126

Detector: BL_W190_T1.8_D6
Best Detection: 108 mmHg (confidence: 0.580)
Top 10 readings:
  Rank  Pressure    Confidence  
  ------------------------------
  1     108         0.580
  2     105         0.500
  3     100         0.420
  4     134         0.340
  5     95          0.340
  6     129         0.260
  7     91          0.260
  8     126         0.208
  9     125         0.126
  10    121         0.126

Detector: BL_W190_T1.8_D8
Best Detection: 108 mmHg (confidence: 0.580)
Top 10 readings:
  Rank  Pressure    Confidence  
  ------------------------------
  1     108         0.580
  2     105         0.500
  3     100         0.420
  4     134         0.340
  5     95          0.340
  6     129         0.260
  7     91          0.260
  8     126         0.208
  9     125         0.126
  10    121         0.126

Detector: BL_W190_T1.8_D10
Best Detection: 108 mmHg (confidence: 0.580)
Top 10 readings:
  Rank  Pressure    Confidence  
  ------------------------------
  1     108         0.580
  2     105         0.500
  3     100         0.420
  4     133         0.340
  5     95          0.340
  6     129         0.260
  7     91          0.260
  8     126         0.208
  9     125         0.126
  10    121         0.126

Detector: BL_W190_T1.8_D15
Best Detection: 108 mmHg (confidence: 0.580)
Top 10 readings:
  Rank  Pressure    Confidence  
  ------------------------------
  1     108         0.580
  2     105         0.500
  3     100         0.420
  4     95          0.340
  5     129         0.260
  6     91          0.260
  7     125         0.126
  8     121         0.126
  9     86          0.126
  10    82          0.050

Detector: BL_W190_T1.8_D20
Best Detection: 108 mmHg (confidence: 0.580)
Top 10 readings:
  Rank  Pressure    Confidence  
  ------------------------------
  1     108         0.580
  2     105         0.500
  3     100         0.420
  4     95          0.340
  5     129         0.260
  6     91          0.260
  7     125         0.126
  8     121         0.126
  9     86          0.126
  10    82          0.050

Detector: BL_W190_T1.8_D25
Best Detection: 108 mmHg (confidence: 0.580)
Top 10 readings:
  Rank  Pressure    Confidence  
  ------------------------------
  1     108         0.580
  2     105         0.500
  3     100         0.420
  4     95          0.340
  5     129         0.260
  6     91          0.260
  7     125         0.126
  8     121         0.126
  9     86          0.126
  10    82          0.050

Detector: BL_W190_T1.8_D30
Best Detection: 108 mmHg (confidence: 0.580)
Top 10 readings:
  Rank  Pressure    Confidence  
  ------------------------------
  1     108         0.580
  2     105         0.500
  3     100         0.420
  4     95          0.340
  5     128         0.260
  6     91          0.260
  7     125         0.126
  8     121         0.126
  9     86          0.126
  10    82          0.050

Detector: BL_W190_T1.8_D40
Best Detection: 108 mmHg (confidence: 0.580)
Top 10 readings:
  Rank  Pressure    Confidence  
  ------------------------------
  1     108         0.580
  2     105         0.500
  3     100         0.420
  4     95          0.340
  5     128         0.260
  6     91          0.260
  7     125         0.126
  8     121         0.126
  9     86          0.126
  10    82          0.050

Detector: BL_W190_T2.0_D2
Best Detection: 108 mmHg (confidence: 0.420)
Top 10 readings:
  Rank  Pressure    Confidence  
  ------------------------------
  1     108         0.420
  2     135         0.340
  3     105         0.340
  4     129         0.260
  5     100         0.260
  6     126         0.208
  7     125         0.126
  8     121         0.126
  9     95          0.126
  10    90          0.050

Detector: BL_W190_T2.0_D4
Best Detection: 108 mmHg (confidence: 0.420)
Top 10 readings:
  Rank  Pressure    Confidence  
  ------------------------------
  1     108         0.420
  2     135         0.340
  3     132         0.340
  4     105         0.340
  5     129         0.260
  6     100         0.260
  7     126         0.208
  8     125         0.126
  9     121         0.126
  10    95          0.126

Detector: BL_W190_T2.0_D6
Best Detection: 108 mmHg (confidence: 0.420)
Top 10 readings:
  Rank  Pressure    Confidence  
  ------------------------------
  1     108         0.420
  2     134         0.340
  3     105         0.340
  4     129         0.260
  5     100         0.260
  6     126         0.208
  7     125         0.126
  8     121         0.126
  9     95          0.126
  10    90          0.050

Detector: BL_W190_T2.0_D8
Best Detection: 108 mmHg (confidence: 0.420)
Top 10 readings:
  Rank  Pressure    Confidence  
  ------------------------------
  1     108         0.420
  2     134         0.340
  3     105         0.340
  4     129         0.260
  5     100         0.260
  6     126         0.208
  7     125         0.126
  8     121         0.126
  9     95          0.126
  10    90          0.050

Detector: BL_W190_T2.0_D10
Best Detection: 108 mmHg (confidence: 0.420)
Top 10 readings:
  Rank  Pressure    Confidence  
  ------------------------------
  1     108         0.420
  2     133         0.340
  3     105         0.340
  4     129         0.260
  5     100         0.260
  6     126         0.208
  7     125         0.126
  8     121         0.126
  9     95          0.126
  10    90          0.050

Detector: BL_W190_T2.0_D15
Best Detection: 108 mmHg (confidence: 0.420)
Top 10 readings:
  Rank  Pressure    Confidence  
  ------------------------------
  1     108         0.420
  2     105         0.340
  3     129         0.260
  4     100         0.260
  5     125         0.126
  6     121         0.126
  7     95          0.126
  8     90          0.050
  9     120         0.010
  10    116         0.010

Detector: BL_W190_T2.0_D20
Best Detection: 108 mmHg (confidence: 0.420)
Top 10 readings:
  Rank  Pressure    Confidence  
  ------------------------------
  1     108         0.420
  2     105         0.340
  3     129         0.260
  4     100         0.260
  5     125         0.126
  6     121         0.126
  7     95          0.126
  8     90          0.050
  9     120         0.010
  10    116         0.010

Detector: BL_W190_T2.0_D25
Best Detection: 108 mmHg (confidence: 0.420)
Top 10 readings:
  Rank  Pressure    Confidence  
  ------------------------------
  1     108         0.420
  2     105         0.340
  3     129         0.260
  4     100         0.260
  5     125         0.126
  6     121         0.126
  7     95          0.126
  8     90          0.050
  9     120         0.010
  10    116         0.010

Detector: BL_W190_T2.0_D30
Best Detection: 108 mmHg (confidence: 0.420)
Top 10 readings:
  Rank  Pressure    Confidence  
  ------------------------------
  1     108         0.420
  2     105         0.340
  3     128         0.260
  4     100         0.260
  5     125         0.126
  6     121         0.126
  7     95          0.126
  8     90          0.050
  9     120         0.010
  10    116         0.010

Detector: BL_W190_T2.0_D40
Best Detection: 108 mmHg (confidence: 0.420)
Top 10 readings:
  Rank  Pressure    Confidence  
  ------------------------------
  1     108         0.420
  2     105         0.340
  3     128         0.260
  4     100         0.260
  5     125         0.126
  6     121         0.126
  7     95          0.126
  8     90          0.050
  9     120         0.010
  10    116         0.010

Detector: BL_W190_T2.2_D2
Best Detection: 134 mmHg (confidence: 0.340)
Top 10 readings:
  Rank  Pressure    Confidence  
  ------------------------------
  1     134         0.340
  2     105         0.340
  3     129         0.260
  4     100         0.260
  5     126         0.208
  6     125         0.126
  7     121         0.126
  8     95          0.126
  9     90          0.050
  10    120         0.010

Detector: BL_W190_T2.2_D4
Best Detection: 135 mmHg (confidence: 0.340)
Top 10 readings:
  Rank  Pressure    Confidence  
  ------------------------------
  1     135         0.340
  2     132         0.340
  3     105         0.340
  4     129         0.260
  5     100         0.260
  6     126         0.208
  7     125         0.126
  8     121         0.126
  9     95          0.126
  10    90          0.050

Detector: BL_W190_T2.2_D6
Best Detection: 134 mmHg (confidence: 0.340)
Top 10 readings:
  Rank  Pressure    Confidence  
  ------------------------------
  1     134         0.340
  2     105         0.340
  3     129         0.260
  4     100         0.260
  5     126         0.208
  6     125         0.126
  7     121         0.126
  8     95          0.126
  9     90          0.050
  10    120         0.010

Detector: BL_W190_T2.2_D8
Best Detection: 134 mmHg (confidence: 0.340)
Top 10 readings:
  Rank  Pressure    Confidence  
  ------------------------------
  1     134         0.340
  2     105         0.340
  3     129         0.260
  4     100         0.260
  5     126         0.208
  6     125         0.126
  7     121         0.126
  8     95          0.126
  9     90          0.050
  10    120         0.010

Detector: BL_W190_T2.2_D10
Best Detection: 133 mmHg (confidence: 0.340)
Top 10 readings:
  Rank  Pressure    Confidence  
  ------------------------------
  1     133         0.340
  2     105         0.340
  3     129         0.260
  4     100         0.260
  5     126         0.208
  6     125         0.126
  7     121         0.126
  8     95          0.126
  9     90          0.050
  10    120         0.010

Detector: BL_W190_T2.2_D15
Best Detection: 105 mmHg (confidence: 0.340)
Top 10 readings:
  Rank  Pressure    Confidence  
  ------------------------------
  1     105         0.340
  2     129         0.260
  3     100         0.260
  4     125         0.126
  5     121         0.126
  6     95          0.126
  7     90          0.050
  8     120         0.010
  9     116         0.010

Detector: BL_W190_T2.2_D20
Best Detection: 105 mmHg (confidence: 0.340)
Top 10 readings:
  Rank  Pressure    Confidence  
  ------------------------------
  1     105         0.340
  2     129         0.260
  3     100         0.260
  4     125         0.126
  5     121         0.126
  6     95          0.126
  7     90          0.050
  8     120         0.010
  9     116         0.010

Detector: BL_W190_T2.2_D25
Best Detection: 105 mmHg (confidence: 0.340)
Top 10 readings:
  Rank  Pressure    Confidence  
  ------------------------------
  1     105         0.340
  2     129         0.260
  3     100         0.260
  4     125         0.126
  5     121         0.126
  6     95          0.126
  7     90          0.050
  8     120         0.010
  9     116         0.010

Detector: BL_W190_T2.2_D30
Best Detection: 105 mmHg (confidence: 0.340)
Top 10 readings:
  Rank  Pressure    Confidence  
  ------------------------------
  1     105         0.340
  2     128         0.260
  3     100         0.260
  4     125         0.126
  5     121         0.126
  6     95          0.126
  7     90          0.050
  8     120         0.010
  9     116         0.010

Detector: BL_W190_T2.2_D40
Best Detection: 105 mmHg (confidence: 0.340)
Top 10 readings:
  Rank  Pressure    Confidence  
  ------------------------------
  1     105         0.340
  2     128         0.260
  3     100         0.260
  4     125         0.126
  5     121         0.126
  6     95          0.126
  7     90          0.050
  8     120         0.010
  9     116         0.010

Detector: BL_W190_T2.4_D2
Best Detection: 134 mmHg (confidence: 0.340)
Top 10 readings:
  Rank  Pressure    Confidence  
  ------------------------------
  1     134         0.340
  2     105         0.340
  3     129         0.260
  4     99          0.260
  5     125         0.126
  6     121         0.126
  7     95          0.126
  8     90          0.050
  9     120         0.010
  10    116         0.010

Detector: BL_W190_T2.4_D4
Best Detection: 135 mmHg (confidence: 0.340)
Top 10 readings:
  Rank  Pressure    Confidence  
  ------------------------------
  1     135         0.340
  2     132         0.340
  3     105         0.340
  4     129         0.260
  5     99          0.260
  6     125         0.126
  7     121         0.126
  8     95          0.126
  9     90          0.050
  10    120         0.010

Detector: BL_W190_T2.4_D6
Best Detection: 134 mmHg (confidence: 0.340)
Top 10 readings:
  Rank  Pressure    Confidence  
  ------------------------------
  1     134         0.340
  2     105         0.340
  3     129         0.260
  4     99          0.260
  5     125         0.126
  6     121         0.126
  7     95          0.126
  8     90          0.050
  9     120         0.010
  10    116         0.010

Detector: BL_W190_T2.4_D8
Best Detection: 134 mmHg (confidence: 0.340)
Top 10 readings:
  Rank  Pressure    Confidence  
  ------------------------------
  1     134         0.340
  2     105         0.340
  3     129         0.260
  4     99          0.260
  5     126         0.208
  6     125         0.126
  7     121         0.126
  8     95          0.126
  9     90          0.050
  10    120         0.010

Detector: BL_W190_T2.4_D10
Best Detection: 133 mmHg (confidence: 0.340)
Top 10 readings:
  Rank  Pressure    Confidence  
  ------------------------------
  1     133         0.340
  2     105         0.340
  3     129         0.260
  4     99          0.260
  5     126         0.208
  6     125         0.126
  7     121         0.126
  8     95          0.126
  9     90          0.050
  10    120         0.010

Detector: BL_W190_T2.4_D15
Best Detection: 105 mmHg (confidence: 0.340)
Top 10 readings:
  Rank  Pressure    Confidence  
  ------------------------------
  1     105         0.340
  2     129         0.260
  3     99          0.260
  4     125         0.126
  5     121         0.126
  6     95          0.126
  7     90          0.050
  8     120         0.010
  9     116         0.010

Detector: BL_W190_T2.4_D20
Best Detection: 105 mmHg (confidence: 0.340)
Top 10 readings:
  Rank  Pressure    Confidence  
  ------------------------------
  1     105         0.340
  2     129         0.260
  3     99          0.260
  4     125         0.126
  5     121         0.126
  6     95          0.126
  7     90          0.050
  8     120         0.010
  9     116         0.010

Detector: BL_W190_T2.4_D25
Best Detection: 105 mmHg (confidence: 0.340)
Top 10 readings:
  Rank  Pressure    Confidence  
  ------------------------------
  1     105         0.340
  2     129         0.260
  3     99          0.260
  4     125         0.126
  5     121         0.126
  6     95          0.126
  7     90          0.050
  8     120         0.010
  9     116         0.010

Detector: BL_W190_T2.4_D30
Best Detection: 105 mmHg (confidence: 0.340)
Top 10 readings:
  Rank  Pressure    Confidence  
  ------------------------------
  1     105         0.340
  2     128         0.260
  3     99          0.260
  4     125         0.126
  5     121         0.126
  6     95          0.126
  7     90          0.050
  8     120         0.010
  9     116         0.010

Detector: BL_W190_T2.4_D40
Best Detection: 105 mmHg (confidence: 0.340)
Top 10 readings:
  Rank  Pressure    Confidence  
  ------------------------------
  1     105         0.340
  2     128         0.260
  3     99          0.260
  4     125         0.126
  5     121         0.126
  6     95          0.126
  7     90          0.050
  8     120         0.010
  9     116         0.010

Detector: BL_W190_T2.6_D2
Best Detection: 134 mmHg (confidence: 0.340)
Top 10 readings:
  Rank  Pressure    Confidence  
  ------------------------------
  1     134         0.340
  2     129         0.260
  3     104         0.260
  4     125         0.126
  5     121         0.126
  6     99          0.126
  7     94          0.050
  8     119         0.010
  9     116         0.010

Detector: BL_W190_T2.6_D4
Best Detection: 135 mmHg (confidence: 0.340)
Top 10 readings:
  Rank  Pressure    Confidence  
  ------------------------------
  1     135         0.340
  2     132         0.272
  3     129         0.260
  4     104         0.260
  5     125         0.126
  6     121         0.126
  7     99          0.126
  8     94          0.050
  9     119         0.010
  10    116         0.010

Detector: BL_W190_T2.6_D6
Best Detection: 134 mmHg (confidence: 0.340)
Top 10 readings:
  Rank  Pressure    Confidence  
  ------------------------------
  1     134         0.340
  2     129         0.260
  3     104         0.260
  4     125         0.126
  5     121         0.126
  6     99          0.126
  7     94          0.050
  8     119         0.010
  9     116         0.010

Detector: BL_W190_T2.6_D8
Best Detection: 134 mmHg (confidence: 0.340)
Top 10 readings:
  Rank  Pressure    Confidence  
  ------------------------------
  1     134         0.340
  2     129         0.260
  3     104         0.260
  4     126         0.208
  5     125         0.126
  6     121         0.126
  7     99          0.126
  8     94          0.050
  9     119         0.010
  10    116         0.010

Detector: BL_W190_T2.6_D10
Best Detection: 133 mmHg (confidence: 0.340)
Top 10 readings:
  Rank  Pressure    Confidence  
  ------------------------------
  1     133         0.340
  2     129         0.260
  3     104         0.260
  4     126         0.208
  5     125         0.126
  6     121         0.126
  7     99          0.126
  8     94          0.050
  9     119         0.010
  10    116         0.010

Detector: BL_W190_T2.6_D15
Best Detection: 129 mmHg (confidence: 0.260)
Top 10 readings:
  Rank  Pressure    Confidence  
  ------------------------------
  1     129         0.260
  2     104         0.260
  3     125         0.126
  4     121         0.126
  5     99          0.126
  6     94          0.050
  7     119         0.010
  8     116         0.010

Detector: BL_W190_T2.6_D20
Best Detection: 129 mmHg (confidence: 0.260)
Top 10 readings:
  Rank  Pressure    Confidence  
  ------------------------------
  1     129         0.260
  2     104         0.260
  3     125         0.126
  4     121         0.126
  5     99          0.126
  6     94          0.050
  7     119         0.010
  8     116         0.010

Detector: BL_W190_T2.6_D25
Best Detection: 129 mmHg (confidence: 0.260)
Top 10 readings:
  Rank  Pressure    Confidence  
  ------------------------------
  1     129         0.260
  2     104         0.260
  3     125         0.126
  4     121         0.126
  5     99          0.126
  6     94          0.050
  7     119         0.010
  8     116         0.010

Detector: BL_W190_T2.6_D30
Best Detection: 128 mmHg (confidence: 0.260)
Top 10 readings:
  Rank  Pressure    Confidence  
  ------------------------------
  1     128         0.260
  2     104         0.260
  3     125         0.126
  4     121         0.126
  5     99          0.126
  6     94          0.050
  7     119         0.010
  8     116         0.010

Detector: BL_W190_T2.6_D40
Best Detection: 128 mmHg (confidence: 0.260)
Top 10 readings:
  Rank  Pressure    Confidence  
  ------------------------------
  1     128         0.260
  2     104         0.260
  3     125         0.126
  4     121         0.126
  5     99          0.126
  6     94          0.050
  7     119         0.010
  8     116         0.010

Detector: BL_W190_T2.8_D2
Best Detection: 134 mmHg (confidence: 0.340)
Top 10 readings:
  Rank  Pressure    Confidence  
  ------------------------------
  1     134         0.340
  2     129         0.260
  3     104         0.260
  4     125         0.126
  5     121         0.126
  6     99          0.126
  7     94          0.050
  8     119         0.010
  9     116         0.010

Detector: BL_W190_T2.8_D4
Best Detection: 135 mmHg (confidence: 0.340)
Top 10 readings:
  Rank  Pressure    Confidence  
  ------------------------------
  1     135         0.340
  2     132         0.272
  3     129         0.260
  4     104         0.260
  5     125         0.126
  6     121         0.126
  7     99          0.126
  8     94          0.050
  9     119         0.010
  10    116         0.010

Detector: BL_W190_T2.8_D6
Best Detection: 134 mmHg (confidence: 0.340)
Top 10 readings:
  Rank  Pressure    Confidence  
  ------------------------------
  1     134         0.340
  2     129         0.260
  3     104         0.260
  4     125         0.126
  5     121         0.126
  6     99          0.126
  7     94          0.050
  8     119         0.010
  9     116         0.010

Detector: BL_W190_T2.8_D8
Best Detection: 134 mmHg (confidence: 0.340)
Top 10 readings:
  Rank  Pressure    Confidence  
  ------------------------------
  1     134         0.340
  2     129         0.260
  3     104         0.260
  4     126         0.208
  5     125         0.126
  6     121         0.126
  7     99          0.126
  8     94          0.050
  9     119         0.010
  10    116         0.010

Detector: BL_W190_T2.8_D10
Best Detection: 133 mmHg (confidence: 0.340)
Top 10 readings:
  Rank  Pressure    Confidence  
  ------------------------------
  1     133         0.340
  2     129         0.260
  3     104         0.260
  4     126         0.208
  5     125         0.126
  6     121         0.126
  7     99          0.126
  8     94          0.050
  9     119         0.010
  10    116         0.010

Detector: BL_W190_T2.8_D15
Best Detection: 129 mmHg (confidence: 0.260)
Top 10 readings:
  Rank  Pressure    Confidence  
  ------------------------------
  1     129         0.260
  2     104         0.260
  3     125         0.126
  4     121         0.126
  5     99          0.126
  6     94          0.050
  7     119         0.010
  8     116         0.010

Detector: BL_W190_T2.8_D20
Best Detection: 129 mmHg (confidence: 0.260)
Top 10 readings:
  Rank  Pressure    Confidence  
  ------------------------------
  1     129         0.260
  2     104         0.260
  3     125         0.126
  4     121         0.126
  5     99          0.126
  6     94          0.050
  7     119         0.010
  8     116         0.010

Detector: BL_W190_T2.8_D25
Best Detection: 129 mmHg (confidence: 0.260)
Top 10 readings:
  Rank  Pressure    Confidence  
  ------------------------------
  1     129         0.260
  2     104         0.260
  3     125         0.126
  4     121         0.126
  5     99          0.126
  6     94          0.050
  7     119         0.010
  8     116         0.010

Detector: BL_W190_T2.8_D30
Best Detection: 128 mmHg (confidence: 0.260)
Top 10 readings:
  Rank  Pressure    Confidence  
  ------------------------------
  1     128         0.260
  2     104         0.260
  3     125         0.126
  4     121         0.126
  5     99          0.126
  6     94          0.050
  7     119         0.010
  8     116         0.010

Detector: BL_W190_T2.8_D40
Best Detection: 128 mmHg (confidence: 0.260)
Top 10 readings:
  Rank  Pressure    Confidence  
  ------------------------------
  1     128         0.260
  2     104         0.260
  3     125         0.126
  4     121         0.126
  5     99          0.126
  6     94          0.050
  7     119         0.010
  8     116         0.010

Detector: BL_W190_T3.0_D2
Best Detection: 134 mmHg (confidence: 0.340)
Top 10 readings:
  Rank  Pressure    Confidence  
  ------------------------------
  1     134         0.340
  2     129         0.260
  3     104         0.260
  4     125         0.126
  5     121         0.126
  6     99          0.126
  7     94          0.050
  8     119         0.010
  9     116         0.010

Detector: BL_W190_T3.0_D4
Best Detection: 135 mmHg (confidence: 0.340)
Top 10 readings:
  Rank  Pressure    Confidence  
  ------------------------------
  1     135         0.340
  2     132         0.272
  3     129         0.260
  4     104         0.260
  5     125         0.126
  6     121         0.126
  7     99          0.126
  8     94          0.050
  9     119         0.010
  10    116         0.010

Detector: BL_W190_T3.0_D6
Best Detection: 134 mmHg (confidence: 0.340)
Top 10 readings:
  Rank  Pressure    Confidence  
  ------------------------------
  1     134         0.340
  2     129         0.260
  3     104         0.260
  4     125         0.126
  5     121         0.126
  6     99          0.126
  7     94          0.050
  8     119         0.010
  9     116         0.010

Detector: BL_W190_T3.0_D8
Best Detection: 134 mmHg (confidence: 0.340)
Top 10 readings:
  Rank  Pressure    Confidence  
  ------------------------------
  1     134         0.340
  2     129         0.260
  3     104         0.260
  4     126         0.208
  5     125         0.126
  6     121         0.126
  7     99          0.126
  8     94          0.050
  9     119         0.010
  10    116         0.010

Detector: BL_W190_T3.0_D10
Best Detection: 133 mmHg (confidence: 0.340)
Top 10 readings:
  Rank  Pressure    Confidence  
  ------------------------------
  1     133         0.340
  2     129         0.260
  3     104         0.260
  4     126         0.208
  5     125         0.126
  6     121         0.126
  7     99          0.126
  8     94          0.050
  9     119         0.010
  10    116         0.010

Detector: BL_W190_T3.0_D15
Best Detection: 129 mmHg (confidence: 0.260)
Top 10 readings:
  Rank  Pressure    Confidence  
  ------------------------------
  1     129         0.260
  2     104         0.260
  3     125         0.126
  4     121         0.126
  5     99          0.126
  6     94          0.050
  7     119         0.010
  8     116         0.010

Detector: BL_W190_T3.0_D20
Best Detection: 129 mmHg (confidence: 0.260)
Top 10 readings:
  Rank  Pressure    Confidence  
  ------------------------------
  1     129         0.260
  2     104         0.260
  3     125         0.126
  4     121         0.126
  5     99          0.126
  6     94          0.050
  7     119         0.010
  8     116         0.010

Detector: BL_W190_T3.0_D25
Best Detection: 129 mmHg (confidence: 0.260)
Top 10 readings:
  Rank  Pressure    Confidence  
  ------------------------------
  1     129         0.260
  2     104         0.260
  3     125         0.126
  4     121         0.126
  5     99          0.126
  6     94          0.050
  7     119         0.010
  8     116         0.010

Detector: BL_W190_T3.0_D30
Best Detection: 128 mmHg (confidence: 0.260)
Top 10 readings:
  Rank  Pressure    Confidence  
  ------------------------------
  1     128         0.260
  2     104         0.260
  3     125         0.126
  4     121         0.126
  5     99          0.126
  6     94          0.050
  7     119         0.010
  8     116         0.010

Detector: BL_W190_T3.0_D40
Best Detection: 128 mmHg (confidence: 0.260)
Top 10 readings:
  Rank  Pressure    Confidence  
  ------------------------------
  1     128         0.260
  2     104         0.260
  3     125         0.126
  4     121         0.126
  5     99          0.126
  6     94          0.050
  7     119         0.010
  8     116         0.010

Detector: BL_W200_T1.2_D2
Best Detection: 109 mmHg (confidence: 0.660)
Top 10 readings:
  Rank  Pressure    Confidence  
  ------------------------------
  1     109         0.660
  2     105         0.580
  3     100         0.500
  4     95          0.420
  5     135         0.340
  6     133         0.340
  7     91          0.340
  8     129         0.260
  9     86          0.260
  10    126         0.208

Detector: BL_W200_T1.2_D4
Best Detection: 109 mmHg (confidence: 0.660)
Top 10 readings:
  Rank  Pressure    Confidence  
  ------------------------------
  1     109         0.660
  2     105         0.580
  3     100         0.500
  4     95          0.420
  5     135         0.340
  6     132         0.340
  7     91          0.340
  8     129         0.260
  9     86          0.260
  10    126         0.208

Detector: BL_W200_T1.2_D6
Best Detection: 109 mmHg (confidence: 0.660)
Top 10 readings:
  Rank  Pressure    Confidence  
  ------------------------------
  1     109         0.660
  2     105         0.580
  3     100         0.500
  4     95          0.420
  5     134         0.340
  6     91          0.340
  7     129         0.260
  8     86          0.260
  9     126         0.208
  10    125         0.126

Detector: BL_W200_T1.2_D8
Best Detection: 109 mmHg (confidence: 0.660)
Top 10 readings:
  Rank  Pressure    Confidence  
  ------------------------------
  1     109         0.660
  2     105         0.580
  3     100         0.500
  4     95          0.420
  5     134         0.340
  6     91          0.340
  7     129         0.260
  8     86          0.260
  9     126         0.208
  10    125         0.126

Detector: BL_W200_T1.2_D10
Best Detection: 109 mmHg (confidence: 0.660)
Top 10 readings:
  Rank  Pressure    Confidence  
  ------------------------------
  1     109         0.660
  2     105         0.580
  3     100         0.500
  4     95          0.420
  5     133         0.340
  6     91          0.340
  7     129         0.260
  8     86          0.260
  9     126         0.208
  10    125         0.126

Detector: BL_W200_T1.2_D15
Best Detection: 109 mmHg (confidence: 0.660)
Top 10 readings:
  Rank  Pressure    Confidence  
  ------------------------------
  1     109         0.660
  2     105         0.580
  3     100         0.500
  4     95          0.420
  5     91          0.340
  6     129         0.260
  7     86          0.260
  8     125         0.126
  9     121         0.126
  10    82          0.126

Detector: BL_W200_T1.2_D20
Best Detection: 109 mmHg (confidence: 0.660)
Top 10 readings:
  Rank  Pressure    Confidence  
  ------------------------------
  1     109         0.660
  2     105         0.580
  3     100         0.500
  4     95          0.420
  5     91          0.340
  6     129         0.260
  7     86          0.260
  8     125         0.126
  9     121         0.126
  10    82          0.126

Detector: BL_W200_T1.2_D25
Best Detection: 109 mmHg (confidence: 0.660)
Top 10 readings:
  Rank  Pressure    Confidence  
  ------------------------------
  1     109         0.660
  2     105         0.580
  3     100         0.500
  4     95          0.420
  5     91          0.340
  6     129         0.260
  7     86          0.260
  8     125         0.126
  9     121         0.126
  10    82          0.126

Detector: BL_W200_T1.2_D30
Best Detection: 109 mmHg (confidence: 0.660)
Top 10 readings:
  Rank  Pressure    Confidence  
  ------------------------------
  1     109         0.660
  2     105         0.580
  3     100         0.500
  4     95          0.420
  5     91          0.340
  6     128         0.260
  7     86          0.260
  8     125         0.126
  9     121         0.126
  10    82          0.126

Detector: BL_W200_T1.2_D40
Best Detection: 109 mmHg (confidence: 0.660)
Top 10 readings:
  Rank  Pressure    Confidence  
  ------------------------------
  1     109         0.660
  2     105         0.580
  3     100         0.500
  4     95          0.420
  5     91          0.340
  6     128         0.260
  7     86          0.260
  8     125         0.126
  9     121         0.126
  10    82          0.126

Detector: BL_W200_T1.4_D2
Best Detection: 109 mmHg (confidence: 0.660)
Top 10 readings:
  Rank  Pressure    Confidence  
  ------------------------------
  1     109         0.660
  2     105         0.580
  3     100         0.500
  4     95          0.420
  5     135         0.340
  6     133         0.340
  7     91          0.340
  8     129         0.260
  9     86          0.260
  10    126         0.208

Detector: BL_W200_T1.4_D4
Best Detection: 109 mmHg (confidence: 0.660)
Top 10 readings:
  Rank  Pressure    Confidence  
  ------------------------------
  1     109         0.660
  2     105         0.580
  3     100         0.500
  4     95          0.420
  5     135         0.340
  6     132         0.340
  7     91          0.340
  8     129         0.260
  9     86          0.260
  10    126         0.208

Detector: BL_W200_T1.4_D6
Best Detection: 109 mmHg (confidence: 0.660)
Top 10 readings:
  Rank  Pressure    Confidence  
  ------------------------------
  1     109         0.660
  2     105         0.580
  3     100         0.500
  4     95          0.420
  5     134         0.340
  6     91          0.340
  7     129         0.260
  8     86          0.260
  9     126         0.208
  10    125         0.126

Detector: BL_W200_T1.4_D8
Best Detection: 109 mmHg (confidence: 0.660)
Top 10 readings:
  Rank  Pressure    Confidence  
  ------------------------------
  1     109         0.660
  2     105         0.580
  3     100         0.500
  4     95          0.420
  5     134         0.340
  6     91          0.340
  7     129         0.260
  8     86          0.260
  9     126         0.208
  10    125         0.126

Detector: BL_W200_T1.4_D10
Best Detection: 109 mmHg (confidence: 0.660)
Top 10 readings:
  Rank  Pressure    Confidence  
  ------------------------------
  1     109         0.660
  2     105         0.580
  3     100         0.500
  4     95          0.420
  5     133         0.340
  6     91          0.340
  7     129         0.260
  8     86          0.260
  9     126         0.208
  10    125         0.126

Detector: BL_W200_T1.4_D15
Best Detection: 109 mmHg (confidence: 0.660)
Top 10 readings:
  Rank  Pressure    Confidence  
  ------------------------------
  1     109         0.660
  2     105         0.580
  3     100         0.500
  4     95          0.420
  5     91          0.340
  6     129         0.260
  7     86          0.260
  8     125         0.126
  9     121         0.126
  10    82          0.126

Detector: BL_W200_T1.4_D20
Best Detection: 109 mmHg (confidence: 0.660)
Top 10 readings:
  Rank  Pressure    Confidence  
  ------------------------------
  1     109         0.660
  2     105         0.580
  3     100         0.500
  4     95          0.420
  5     91          0.340
  6     129         0.260
  7     86          0.260
  8     125         0.126
  9     121         0.126
  10    82          0.126

Detector: BL_W200_T1.4_D25
Best Detection: 109 mmHg (confidence: 0.660)
Top 10 readings:
  Rank  Pressure    Confidence  
  ------------------------------
  1     109         0.660
  2     105         0.580
  3     100         0.500
  4     95          0.420
  5     91          0.340
  6     129         0.260
  7     86          0.260
  8     125         0.126
  9     121         0.126
  10    82          0.126

Detector: BL_W200_T1.4_D30
Best Detection: 109 mmHg (confidence: 0.660)
Top 10 readings:
  Rank  Pressure    Confidence  
  ------------------------------
  1     109         0.660
  2     105         0.580
  3     100         0.500
  4     95          0.420
  5     91          0.340
  6     128         0.260
  7     86          0.260
  8     125         0.126
  9     121         0.126
  10    82          0.126

Detector: BL_W200_T1.4_D40
Best Detection: 109 mmHg (confidence: 0.660)
Top 10 readings:
  Rank  Pressure    Confidence  
  ------------------------------
  1     109         0.660
  2     105         0.580
  3     100         0.500
  4     95          0.420
  5     91          0.340
  6     128         0.260
  7     86          0.260
  8     125         0.126
  9     121         0.126
  10    82          0.126

Detector: BL_W200_T1.6_D2
Best Detection: 109 mmHg (confidence: 0.660)
Top 10 readings:
  Rank  Pressure    Confidence  
  ------------------------------
  1     109         0.660
  2     105         0.580
  3     100         0.500
  4     95          0.420
  5     135         0.340
  6     91          0.340
  7     129         0.260
  8     86          0.260
  9     126         0.208
  10    125         0.126

Detector: BL_W200_T1.6_D4
Best Detection: 109 mmHg (confidence: 0.660)
Top 10 readings:
  Rank  Pressure    Confidence  
  ------------------------------
  1     109         0.660
  2     105         0.580
  3     100         0.500
  4     95          0.420
  5     135         0.340
  6     132         0.340
  7     91          0.340
  8     129         0.260
  9     86          0.260
  10    126         0.208

Detector: BL_W200_T1.6_D6
Best Detection: 109 mmHg (confidence: 0.660)
Top 10 readings:
  Rank  Pressure    Confidence  
  ------------------------------
  1     109         0.660
  2     105         0.580
  3     100         0.500
  4     95          0.420
  5     134         0.340
  6     91          0.340
  7     129         0.260
  8     86          0.260
  9     126         0.208
  10    125         0.126

Detector: BL_W200_T1.6_D8
Best Detection: 109 mmHg (confidence: 0.660)
Top 10 readings:
  Rank  Pressure    Confidence  
  ------------------------------
  1     109         0.660
  2     105         0.580
  3     100         0.500
  4     95          0.420
  5     134         0.340
  6     91          0.340
  7     129         0.260
  8     86          0.260
  9     126         0.208
  10    125         0.126

Detector: BL_W200_T1.6_D10
Best Detection: 109 mmHg (confidence: 0.660)
Top 10 readings:
  Rank  Pressure    Confidence  
  ------------------------------
  1     109         0.660
  2     105         0.580
  3     100         0.500
  4     95          0.420
  5     133         0.340
  6     91          0.340
  7     129         0.260
  8     86          0.260
  9     126         0.208
  10    125         0.126

Detector: BL_W200_T1.6_D15
Best Detection: 109 mmHg (confidence: 0.660)
Top 10 readings:
  Rank  Pressure    Confidence  
  ------------------------------
  1     109         0.660
  2     105         0.580
  3     100         0.500
  4     95          0.420
  5     91          0.340
  6     129         0.260
  7     86          0.260
  8     125         0.126
  9     121         0.126
  10    82          0.126

Detector: BL_W200_T1.6_D20
Best Detection: 109 mmHg (confidence: 0.660)
Top 10 readings:
  Rank  Pressure    Confidence  
  ------------------------------
  1     109         0.660
  2     105         0.580
  3     100         0.500
  4     95          0.420
  5     91          0.340
  6     129         0.260
  7     86          0.260
  8     125         0.126
  9     121         0.126
  10    82          0.126

Detector: BL_W200_T1.6_D25
Best Detection: 109 mmHg (confidence: 0.660)
Top 10 readings:
  Rank  Pressure    Confidence  
  ------------------------------
  1     109         0.660
  2     105         0.580
  3     100         0.500
  4     95          0.420
  5     91          0.340
  6     129         0.260
  7     86          0.260
  8     125         0.126
  9     121         0.126
  10    82          0.126

Detector: BL_W200_T1.6_D30
Best Detection: 109 mmHg (confidence: 0.660)
Top 10 readings:
  Rank  Pressure    Confidence  
  ------------------------------
  1     109         0.660
  2     105         0.580
  3     100         0.500
  4     95          0.420
  5     91          0.340
  6     128         0.260
  7     86          0.260
  8     125         0.126
  9     121         0.126
  10    82          0.126

Detector: BL_W200_T1.6_D40
Best Detection: 109 mmHg (confidence: 0.660)
Top 10 readings:
  Rank  Pressure    Confidence  
  ------------------------------
  1     109         0.660
  2     105         0.580
  3     100         0.500
  4     95          0.420
  5     91          0.340
  6     128         0.260
  7     86          0.260
  8     125         0.126
  9     121         0.126
  10    82          0.126

Detector: BL_W200_T1.8_D2
Best Detection: 108 mmHg (confidence: 0.580)
Top 10 readings:
  Rank  Pressure    Confidence  
  ------------------------------
  1     108         0.580
  2     105         0.500
  3     100         0.420
  4     135         0.340
  5     95          0.340
  6     129         0.260
  7     91          0.260
  8     126         0.208
  9     125         0.126
  10    121         0.126

Detector: BL_W200_T1.8_D4
Best Detection: 108 mmHg (confidence: 0.580)
Top 10 readings:
  Rank  Pressure    Confidence  
  ------------------------------
  1     108         0.580
  2     105         0.500
  3     100         0.420
  4     135         0.340
  5     132         0.340
  6     95          0.340
  7     129         0.260
  8     91          0.260
  9     126         0.208
  10    125         0.126

Detector: BL_W200_T1.8_D6
Best Detection: 108 mmHg (confidence: 0.580)
Top 10 readings:
  Rank  Pressure    Confidence  
  ------------------------------
  1     108         0.580
  2     105         0.500
  3     100         0.420
  4     134         0.340
  5     95          0.340
  6     129         0.260
  7     91          0.260
  8     126         0.208
  9     125         0.126
  10    121         0.126

Detector: BL_W200_T1.8_D8
Best Detection: 108 mmHg (confidence: 0.580)
Top 10 readings:
  Rank  Pressure    Confidence  
  ------------------------------
  1     108         0.580
  2     105         0.500
  3     100         0.420
  4     134         0.340
  5     95          0.340
  6     129         0.260
  7     91          0.260
  8     126         0.208
  9     125         0.126
  10    121         0.126

Detector: BL_W200_T1.8_D10
Best Detection: 108 mmHg (confidence: 0.580)
Top 10 readings:
  Rank  Pressure    Confidence  
  ------------------------------
  1     108         0.580
  2     105         0.500
  3     100         0.420
  4     133         0.340
  5     95          0.340
  6     129         0.260
  7     91          0.260
  8     126         0.208
  9     125         0.126
  10    121         0.126

Detector: BL_W200_T1.8_D15
Best Detection: 108 mmHg (confidence: 0.580)
Top 10 readings:
  Rank  Pressure    Confidence  
  ------------------------------
  1     108         0.580
  2     105         0.500
  3     100         0.420
  4     95          0.340
  5     129         0.260
  6     91          0.260
  7     125         0.126
  8     121         0.126
  9     86          0.126
  10    82          0.050

Detector: BL_W200_T1.8_D20
Best Detection: 108 mmHg (confidence: 0.580)
Top 10 readings:
  Rank  Pressure    Confidence  
  ------------------------------
  1     108         0.580
  2     105         0.500
  3     100         0.420
  4     95          0.340
  5     129         0.260
  6     91          0.260
  7     125         0.126
  8     121         0.126
  9     86          0.126
  10    82          0.050

Detector: BL_W200_T1.8_D25
Best Detection: 108 mmHg (confidence: 0.580)
Top 10 readings:
  Rank  Pressure    Confidence  
  ------------------------------
  1     108         0.580
  2     105         0.500
  3     100         0.420
  4     95          0.340
  5     129         0.260
  6     91          0.260
  7     125         0.126
  8     121         0.126
  9     86          0.126
  10    82          0.050

Detector: BL_W200_T1.8_D30
Best Detection: 108 mmHg (confidence: 0.580)
Top 10 readings:
  Rank  Pressure    Confidence  
  ------------------------------
  1     108         0.580
  2     105         0.500
  3     100         0.420
  4     95          0.340
  5     128         0.260
  6     91          0.260
  7     125         0.126
  8     121         0.126
  9     86          0.126
  10    82          0.050

Detector: BL_W200_T1.8_D40
Best Detection: 108 mmHg (confidence: 0.580)
Top 10 readings:
  Rank  Pressure    Confidence  
  ------------------------------
  1     108         0.580
  2     105         0.500
  3     100         0.420
  4     95          0.340
  5     128         0.260
  6     91          0.260
  7     125         0.126
  8     121         0.126
  9     86          0.126
  10    82          0.050

Detector: BL_W200_T2.0_D2
Best Detection: 108 mmHg (confidence: 0.420)
Top 10 readings:
  Rank  Pressure    Confidence  
  ------------------------------
  1     108         0.420
  2     135         0.340
  3     105         0.340
  4     129         0.260
  5     100         0.260
  6     126         0.208
  7     125         0.126
  8     121         0.126
  9     95          0.126
  10    90          0.050

Detector: BL_W200_T2.0_D4
Best Detection: 108 mmHg (confidence: 0.420)
Top 10 readings:
  Rank  Pressure    Confidence  
  ------------------------------
  1     108         0.420
  2     135         0.340
  3     132         0.340
  4     105         0.340
  5     129         0.260
  6     100         0.260
  7     126         0.208
  8     125         0.126
  9     121         0.126
  10    95          0.126

Detector: BL_W200_T2.0_D6
Best Detection: 108 mmHg (confidence: 0.420)
Top 10 readings:
  Rank  Pressure    Confidence  
  ------------------------------
  1     108         0.420
  2     134         0.340
  3     105         0.340
  4     129         0.260
  5     100         0.260
  6     126         0.208
  7     125         0.126
  8     121         0.126
  9     95          0.126
  10    90          0.050

Detector: BL_W200_T2.0_D8
Best Detection: 108 mmHg (confidence: 0.420)
Top 10 readings:
  Rank  Pressure    Confidence  
  ------------------------------
  1     108         0.420
  2     134         0.340
  3     105         0.340
  4     129         0.260
  5     100         0.260
  6     126         0.208
  7     125         0.126
  8     121         0.126
  9     95          0.126
  10    90          0.050

Detector: BL_W200_T2.0_D10
Best Detection: 108 mmHg (confidence: 0.420)
Top 10 readings:
  Rank  Pressure    Confidence  
  ------------------------------
  1     108         0.420
  2     133         0.340
  3     105         0.340
  4     129         0.260
  5     100         0.260
  6     126         0.208
  7     125         0.126
  8     121         0.126
  9     95          0.126
  10    90          0.050

Detector: BL_W200_T2.0_D15
Best Detection: 108 mmHg (confidence: 0.420)
Top 10 readings:
  Rank  Pressure    Confidence  
  ------------------------------
  1     108         0.420
  2     105         0.340
  3     129         0.260
  4     100         0.260
  5     125         0.126
  6     121         0.126
  7     95          0.126
  8     90          0.050
  9     120         0.010
  10    116         0.010

Detector: BL_W200_T2.0_D20
Best Detection: 108 mmHg (confidence: 0.420)
Top 10 readings:
  Rank  Pressure    Confidence  
  ------------------------------
  1     108         0.420
  2     105         0.340
  3     129         0.260
  4     100         0.260
  5     125         0.126
  6     121         0.126
  7     95          0.126
  8     90          0.050
  9     120         0.010
  10    116         0.010

Detector: BL_W200_T2.0_D25
Best Detection: 108 mmHg (confidence: 0.420)
Top 10 readings:
  Rank  Pressure    Confidence  
  ------------------------------
  1     108         0.420
  2     105         0.340
  3     129         0.260
  4     100         0.260
  5     125         0.126
  6     121         0.126
  7     95          0.126
  8     90          0.050
  9     120         0.010
  10    116         0.010

Detector: BL_W200_T2.0_D30
Best Detection: 108 mmHg (confidence: 0.420)
Top 10 readings:
  Rank  Pressure    Confidence  
  ------------------------------
  1     108         0.420
  2     105         0.340
  3     128         0.260
  4     100         0.260
  5     125         0.126
  6     121         0.126
  7     95          0.126
  8     90          0.050
  9     120         0.010
  10    116         0.010

Detector: BL_W200_T2.0_D40
Best Detection: 108 mmHg (confidence: 0.420)
Top 10 readings:
  Rank  Pressure    Confidence  
  ------------------------------
  1     108         0.420
  2     105         0.340
  3     128         0.260
  4     100         0.260
  5     125         0.126
  6     121         0.126
  7     95          0.126
  8     90          0.050
  9     120         0.010
  10    116         0.010

Detector: BL_W200_T2.2_D2
Best Detection: 134 mmHg (confidence: 0.340)
Top 10 readings:
  Rank  Pressure    Confidence  
  ------------------------------
  1     134         0.340
  2     105         0.340
  3     129         0.260
  4     100         0.260
  5     126         0.208
  6     125         0.126
  7     121         0.126
  8     95          0.126
  9     90          0.050
  10    120         0.010

Detector: BL_W200_T2.2_D4
Best Detection: 135 mmHg (confidence: 0.340)
Top 10 readings:
  Rank  Pressure    Confidence  
  ------------------------------
  1     135         0.340
  2     132         0.340
  3     105         0.340
  4     129         0.260
  5     100         0.260
  6     126         0.208
  7     125         0.126
  8     121         0.126
  9     95          0.126
  10    90          0.050

Detector: BL_W200_T2.2_D6
Best Detection: 134 mmHg (confidence: 0.340)
Top 10 readings:
  Rank  Pressure    Confidence  
  ------------------------------
  1     134         0.340
  2     105         0.340
  3     129         0.260
  4     100         0.260
  5     126         0.208
  6     125         0.126
  7     121         0.126
  8     95          0.126
  9     90          0.050
  10    120         0.010

Detector: BL_W200_T2.2_D8
Best Detection: 134 mmHg (confidence: 0.340)
Top 10 readings:
  Rank  Pressure    Confidence  
  ------------------------------
  1     134         0.340
  2     105         0.340
  3     129         0.260
  4     100         0.260
  5     126         0.208
  6     125         0.126
  7     121         0.126
  8     95          0.126
  9     90          0.050
  10    120         0.010

Detector: BL_W200_T2.2_D10
Best Detection: 133 mmHg (confidence: 0.340)
Top 10 readings:
  Rank  Pressure    Confidence  
  ------------------------------
  1     133         0.340
  2     105         0.340
  3     129         0.260
  4     100         0.260
  5     126         0.208
  6     125         0.126
  7     121         0.126
  8     95          0.126
  9     90          0.050
  10    120         0.010

Detector: BL_W200_T2.2_D15
Best Detection: 105 mmHg (confidence: 0.340)
Top 10 readings:
  Rank  Pressure    Confidence  
  ------------------------------
  1     105         0.340
  2     129         0.260
  3     100         0.260
  4     125         0.126
  5     121         0.126
  6     95          0.126
  7     90          0.050
  8     120         0.010
  9     116         0.010

Detector: BL_W200_T2.2_D20
Best Detection: 105 mmHg (confidence: 0.340)
Top 10 readings:
  Rank  Pressure    Confidence  
  ------------------------------
  1     105         0.340
  2     129         0.260
  3     100         0.260
  4     125         0.126
  5     121         0.126
  6     95          0.126
  7     90          0.050
  8     120         0.010
  9     116         0.010

Detector: BL_W200_T2.2_D25
Best Detection: 105 mmHg (confidence: 0.340)
Top 10 readings:
  Rank  Pressure    Confidence  
  ------------------------------
  1     105         0.340
  2     129         0.260
  3     100         0.260
  4     125         0.126
  5     121         0.126
  6     95          0.126
  7     90          0.050
  8     120         0.010
  9     116         0.010

Detector: BL_W200_T2.2_D30
Best Detection: 105 mmHg (confidence: 0.340)
Top 10 readings:
  Rank  Pressure    Confidence  
  ------------------------------
  1     105         0.340
  2     128         0.260
  3     100         0.260
  4     125         0.126
  5     121         0.126
  6     95          0.126
  7     90          0.050
  8     120         0.010
  9     116         0.010

Detector: BL_W200_T2.2_D40
Best Detection: 105 mmHg (confidence: 0.340)
Top 10 readings:
  Rank  Pressure    Confidence  
  ------------------------------
  1     105         0.340
  2     128         0.260
  3     100         0.260
  4     125         0.126
  5     121         0.126
  6     95          0.126
  7     90          0.050
  8     120         0.010
  9     116         0.010

Detector: BL_W200_T2.4_D2
Best Detection: 134 mmHg (confidence: 0.340)
Top 10 readings:
  Rank  Pressure    Confidence  
  ------------------------------
  1     134         0.340
  2     105         0.340
  3     129         0.260
  4     99          0.260
  5     125         0.126
  6     121         0.126
  7     95          0.126
  8     90          0.050
  9     120         0.010
  10    116         0.010

Detector: BL_W200_T2.4_D4
Best Detection: 135 mmHg (confidence: 0.340)
Top 10 readings:
  Rank  Pressure    Confidence  
  ------------------------------
  1     135         0.340
  2     132         0.340
  3     105         0.340
  4     129         0.260
  5     99          0.260
  6     125         0.126
  7     121         0.126
  8     95          0.126
  9     90          0.050
  10    120         0.010

Detector: BL_W200_T2.4_D6
Best Detection: 134 mmHg (confidence: 0.340)
Top 10 readings:
  Rank  Pressure    Confidence  
  ------------------------------
  1     134         0.340
  2     105         0.340
  3     129         0.260
  4     99          0.260
  5     125         0.126
  6     121         0.126
  7     95          0.126
  8     90          0.050
  9     120         0.010
  10    116         0.010

Detector: BL_W200_T2.4_D8
Best Detection: 134 mmHg (confidence: 0.340)
Top 10 readings:
  Rank  Pressure    Confidence  
  ------------------------------
  1     134         0.340
  2     105         0.340
  3     129         0.260
  4     99          0.260
  5     126         0.208
  6     125         0.126
  7     121         0.126
  8     95          0.126
  9     90          0.050
  10    120         0.010

Detector: BL_W200_T2.4_D10
Best Detection: 133 mmHg (confidence: 0.340)
Top 10 readings:
  Rank  Pressure    Confidence  
  ------------------------------
  1     133         0.340
  2     105         0.340
  3     129         0.260
  4     99          0.260
  5     126         0.208
  6     125         0.126
  7     121         0.126
  8     95          0.126
  9     90          0.050
  10    120         0.010

Detector: BL_W200_T2.4_D15
Best Detection: 105 mmHg (confidence: 0.340)
Top 10 readings:
  Rank  Pressure    Confidence  
  ------------------------------
  1     105         0.340
  2     129         0.260
  3     99          0.260
  4     125         0.126
  5     121         0.126
  6     95          0.126
  7     90          0.050
  8     120         0.010
  9     116         0.010

Detector: BL_W200_T2.4_D20
Best Detection: 105 mmHg (confidence: 0.340)
Top 10 readings:
  Rank  Pressure    Confidence  
  ------------------------------
  1     105         0.340
  2     129         0.260
  3     99          0.260
  4     125         0.126
  5     121         0.126
  6     95          0.126
  7     90          0.050
  8     120         0.010
  9     116         0.010

Detector: BL_W200_T2.4_D25
Best Detection: 105 mmHg (confidence: 0.340)
Top 10 readings:
  Rank  Pressure    Confidence  
  ------------------------------
  1     105         0.340
  2     129         0.260
  3     99          0.260
  4     125         0.126
  5     121         0.126
  6     95          0.126
  7     90          0.050
  8     120         0.010
  9     116         0.010

Detector: BL_W200_T2.4_D30
Best Detection: 105 mmHg (confidence: 0.340)
Top 10 readings:
  Rank  Pressure    Confidence  
  ------------------------------
  1     105         0.340
  2     128         0.260
  3     99          0.260
  4     125         0.126
  5     121         0.126
  6     95          0.126
  7     90          0.050
  8     120         0.010
  9     116         0.010

Detector: BL_W200_T2.4_D40
Best Detection: 105 mmHg (confidence: 0.340)
Top 10 readings:
  Rank  Pressure    Confidence  
  ------------------------------
  1     105         0.340
  2     128         0.260
  3     99          0.260
  4     125         0.126
  5     121         0.126
  6     95          0.126
  7     90          0.050
  8     120         0.010
  9     116         0.010

Detector: BL_W200_T2.6_D2
Best Detection: 134 mmHg (confidence: 0.340)
Top 10 readings:
  Rank  Pressure    Confidence  
  ------------------------------
  1     134         0.340
  2     129         0.260
  3     105         0.260
  4     125         0.126
  5     121         0.126
  6     99          0.126
  7     94          0.050
  8     119         0.010
  9     116         0.010

Detector: BL_W200_T2.6_D4
Best Detection: 135 mmHg (confidence: 0.340)
Top 10 readings:
  Rank  Pressure    Confidence  
  ------------------------------
  1     135         0.340
  2     132         0.272
  3     129         0.260
  4     105         0.260
  5     125         0.126
  6     121         0.126
  7     99          0.126
  8     94          0.050
  9     119         0.010
  10    116         0.010

Detector: BL_W200_T2.6_D6
Best Detection: 134 mmHg (confidence: 0.340)
Top 10 readings:
  Rank  Pressure    Confidence  
  ------------------------------
  1     134         0.340
  2     129         0.260
  3     105         0.260
  4     125         0.126
  5     121         0.126
  6     99          0.126
  7     94          0.050
  8     119         0.010
  9     116         0.010

Detector: BL_W200_T2.6_D8
Best Detection: 134 mmHg (confidence: 0.340)
Top 10 readings:
  Rank  Pressure    Confidence  
  ------------------------------
  1     134         0.340
  2     129         0.260
  3     105         0.260
  4     126         0.208
  5     125         0.126
  6     121         0.126
  7     99          0.126
  8     94          0.050
  9     119         0.010
  10    116         0.010

Detector: BL_W200_T2.6_D10
Best Detection: 133 mmHg (confidence: 0.340)
Top 10 readings:
  Rank  Pressure    Confidence  
  ------------------------------
  1     133         0.340
  2     129         0.260
  3     105         0.260
  4     126         0.208
  5     125         0.126
  6     121         0.126
  7     99          0.126
  8     94          0.050
  9     119         0.010
  10    116         0.010

Detector: BL_W200_T2.6_D15
Best Detection: 129 mmHg (confidence: 0.260)
Top 10 readings:
  Rank  Pressure    Confidence  
  ------------------------------
  1     129         0.260
  2     105         0.260
  3     125         0.126
  4     121         0.126
  5     99          0.126
  6     94          0.050
  7     119         0.010
  8     116         0.010

Detector: BL_W200_T2.6_D20
Best Detection: 129 mmHg (confidence: 0.260)
Top 10 readings:
  Rank  Pressure    Confidence  
  ------------------------------
  1     129         0.260
  2     105         0.260
  3     125         0.126
  4     121         0.126
  5     99          0.126
  6     94          0.050
  7     119         0.010
  8     116         0.010

Detector: BL_W200_T2.6_D25
Best Detection: 129 mmHg (confidence: 0.260)
Top 10 readings:
  Rank  Pressure    Confidence  
  ------------------------------
  1     129         0.260
  2     105         0.260
  3     125         0.126
  4     121         0.126
  5     99          0.126
  6     94          0.050
  7     119         0.010
  8     116         0.010

Detector: BL_W200_T2.6_D30
Best Detection: 128 mmHg (confidence: 0.260)
Top 10 readings:
  Rank  Pressure    Confidence  
  ------------------------------
  1     128         0.260
  2     105         0.260
  3     125         0.126
  4     121         0.126
  5     99          0.126
  6     94          0.050
  7     119         0.010
  8     116         0.010

Detector: BL_W200_T2.6_D40
Best Detection: 128 mmHg (confidence: 0.260)
Top 10 readings:
  Rank  Pressure    Confidence  
  ------------------------------
  1     128         0.260
  2     105         0.260
  3     125         0.126
  4     121         0.126
  5     99          0.126
  6     94          0.050
  7     119         0.010
  8     116         0.010

Detector: BL_W200_T2.8_D2
Best Detection: 134 mmHg (confidence: 0.340)
Top 10 readings:
  Rank  Pressure    Confidence  
  ------------------------------
  1     134         0.340
  2     129         0.260
  3     104         0.260
  4     125         0.126
  5     121         0.126
  6     99          0.126
  7     94          0.050
  8     119         0.010
  9     116         0.010

Detector: BL_W200_T2.8_D4
Best Detection: 135 mmHg (confidence: 0.340)
Top 10 readings:
  Rank  Pressure    Confidence  
  ------------------------------
  1     135         0.340
  2     132         0.272
  3     129         0.260
  4     104         0.260
  5     125         0.126
  6     121         0.126
  7     99          0.126
  8     94          0.050
  9     119         0.010
  10    116         0.010

Detector: BL_W200_T2.8_D6
Best Detection: 134 mmHg (confidence: 0.340)
Top 10 readings:
  Rank  Pressure    Confidence  
  ------------------------------
  1     134         0.340
  2     129         0.260
  3     104         0.260
  4     125         0.126
  5     121         0.126
  6     99          0.126
  7     94          0.050
  8     119         0.010
  9     116         0.010

Detector: BL_W200_T2.8_D8
Best Detection: 134 mmHg (confidence: 0.340)
Top 10 readings:
  Rank  Pressure    Confidence  
  ------------------------------
  1     134         0.340
  2     129         0.260
  3     104         0.260
  4     126         0.208
  5     125         0.126
  6     121         0.126
  7     99          0.126
  8     94          0.050
  9     119         0.010
  10    116         0.010

Detector: BL_W200_T2.8_D10
Best Detection: 133 mmHg (confidence: 0.340)
Top 10 readings:
  Rank  Pressure    Confidence  
  ------------------------------
  1     133         0.340
  2     129         0.260
  3     104         0.260
  4     126         0.208
  5     125         0.126
  6     121         0.126
  7     99          0.126
  8     94          0.050
  9     119         0.010
  10    116         0.010

Detector: BL_W200_T2.8_D15
Best Detection: 129 mmHg (confidence: 0.260)
Top 10 readings:
  Rank  Pressure    Confidence  
  ------------------------------
  1     129         0.260
  2     104         0.260
  3     125         0.126
  4     121         0.126
  5     99          0.126
  6     94          0.050
  7     119         0.010
  8     116         0.010

Detector: BL_W200_T2.8_D20
Best Detection: 129 mmHg (confidence: 0.260)
Top 10 readings:
  Rank  Pressure    Confidence  
  ------------------------------
  1     129         0.260
  2     104         0.260
  3     125         0.126
  4     121         0.126
  5     99          0.126
  6     94          0.050
  7     119         0.010
  8     116         0.010

Detector: BL_W200_T2.8_D25
Best Detection: 129 mmHg (confidence: 0.260)
Top 10 readings:
  Rank  Pressure    Confidence  
  ------------------------------
  1     129         0.260
  2     104         0.260
  3     125         0.126
  4     121         0.126
  5     99          0.126
  6     94          0.050
  7     119         0.010
  8     116         0.010

Detector: BL_W200_T2.8_D30
Best Detection: 128 mmHg (confidence: 0.260)
Top 10 readings:
  Rank  Pressure    Confidence  
  ------------------------------
  1     128         0.260
  2     104         0.260
  3     125         0.126
  4     121         0.126
  5     99          0.126
  6     94          0.050
  7     119         0.010
  8     116         0.010

Detector: BL_W200_T2.8_D40
Best Detection: 128 mmHg (confidence: 0.260)
Top 10 readings:
  Rank  Pressure    Confidence  
  ------------------------------
  1     128         0.260
  2     104         0.260
  3     125         0.126
  4     121         0.126
  5     99          0.126
  6     94          0.050
  7     119         0.010
  8     116         0.010

Detector: BL_W200_T3.0_D2
Best Detection: 134 mmHg (confidence: 0.340)
Top 10 readings:
  Rank  Pressure    Confidence  
  ------------------------------
  1     134         0.340
  2     129         0.260
  3     104         0.260
  4     125         0.126
  5     121         0.126
  6     99          0.126
  7     94          0.050
  8     119         0.010
  9     116         0.010

Detector: BL_W200_T3.0_D4
Best Detection: 135 mmHg (confidence: 0.340)
Top 10 readings:
  Rank  Pressure    Confidence  
  ------------------------------
  1     135         0.340
  2     132         0.272
  3     129         0.260
  4     104         0.260
  5     125         0.126
  6     121         0.126
  7     99          0.126
  8     94          0.050
  9     119         0.010
  10    116         0.010

Detector: BL_W200_T3.0_D6
Best Detection: 134 mmHg (confidence: 0.340)
Top 10 readings:
  Rank  Pressure    Confidence  
  ------------------------------
  1     134         0.340
  2     129         0.260
  3     104         0.260
  4     125         0.126
  5     121         0.126
  6     99          0.126
  7     94          0.050
  8     119         0.010
  9     116         0.010

Detector: BL_W200_T3.0_D8
Best Detection: 134 mmHg (confidence: 0.340)
Top 10 readings:
  Rank  Pressure    Confidence  
  ------------------------------
  1     134         0.340
  2     129         0.260
  3     104         0.260
  4     126         0.208
  5     125         0.126
  6     121         0.126
  7     99          0.126
  8     94          0.050
  9     119         0.010
  10    116         0.010

Detector: BL_W200_T3.0_D10
Best Detection: 133 mmHg (confidence: 0.340)
Top 10 readings:
  Rank  Pressure    Confidence  
  ------------------------------
  1     133         0.340
  2     129         0.260
  3     104         0.260
  4     126         0.208
  5     125         0.126
  6     121         0.126
  7     99          0.126
  8     94          0.050
  9     119         0.010
  10    116         0.010

Detector: BL_W200_T3.0_D15
Best Detection: 129 mmHg (confidence: 0.260)
Top 10 readings:
  Rank  Pressure    Confidence  
  ------------------------------
  1     129         0.260
  2     104         0.260
  3     125         0.126
  4     121         0.126
  5     99          0.126
  6     94          0.050
  7     119         0.010
  8     116         0.010

Detector: BL_W200_T3.0_D20
Best Detection: 129 mmHg (confidence: 0.260)
Top 10 readings:
  Rank  Pressure    Confidence  
  ------------------------------
  1     129         0.260
  2     104         0.260
  3     125         0.126
  4     121         0.126
  5     99          0.126
  6     94          0.050
  7     119         0.010
  8     116         0.010

Detector: BL_W200_T3.0_D25
Best Detection: 129 mmHg (confidence: 0.260)
Top 10 readings:
  Rank  Pressure    Confidence  
  ------------------------------
  1     129         0.260
  2     104         0.260
  3     125         0.126
  4     121         0.126
  5     99          0.126
  6     94          0.050
  7     119         0.010
  8     116         0.010

Detector: BL_W200_T3.0_D30
Best Detection: 128 mmHg (confidence: 0.260)
Top 10 readings:
  Rank  Pressure    Confidence  
  ------------------------------
  1     128         0.260
  2     104         0.260
  3     125         0.126
  4     121         0.126
  5     99          0.126
  6     94          0.050
  7     119         0.010
  8     116         0.010

Detector: BL_W200_T3.0_D40
Best Detection: 128 mmHg (confidence: 0.260)
Top 10 readings:
  Rank  Pressure    Confidence  
  ------------------------------
  1     128         0.260
  2     104         0.260
  3     125         0.126
  4     121         0.126
  5     99          0.126
  6     94          0.050
  7     119         0.010
  8     116         0.010

