=== Blood Pressure Measurement Report - Run #1 ===

Baseline HR: 68.8 BPM
Valid interval: 476-1500 ms

*** ENSEMBLE RESULT ***
Ensemble Systolic: 93 mmHg
Confidence: 0.082
95% CI: [91 - 95] mmHg
Agreement: 9500/2000 detectors

MAP: 92 mmHg
Est. Diastolic: 91 mmHg
Oscillometric MAP Systolic: -1 mmHg
Oscillometric MAP Diastolic: -1 mmHg

--- DETECTOR PERFORMANCE SUMMARY ---

Detector                           Best        Conf         | Rank  Best        Error       
-----------------------------------------------------------------------------------------------
BL_W10_T1.8_D30                    102         1.200        | 582   102         7.5         
BL_W10_T1.6_D20                    102         1.200        | 727   102         8.2         
BL_W10_T1.6_D25                    102         1.200        | 586   102         7.5         
BL_W10_T1.6_D30                    102         1.200        | 585   102         7.5         
BL_W10_T1.6_D40                    102         1.200        | 584   102         7.5         
BL_W10_T2.2_D15                    108         1.200        | 1565  108         14.0        
BL_W10_T2.2_D10                    104         1.200        | 921   104         10.0        
BL_W10_T1.8_D6                     102         1.200        | 721   102         8.2         
BL_W10_T1.8_D8                     102         1.200        | 722   102         8.2         
BL_W10_T1.8_D10                    104         1.200        | 922   104         10.0        
BL_W10_T1.8_D15                    108         1.200        | 1562  108         14.0        
BL_W10_T1.8_D20                    102         1.200        | 724   102         8.2         
BL_W10_T1.8_D25                    102         1.200        | 569   102         7.5         
BL_W10_T2.2_D40                    102         1.200        | 575   102         7.5         
BL_W10_T1.8_D40                    102         1.200        | 581   102         7.5         
BL_W10_T2.2_D8                     102         1.200        | 734   102         8.2         
BL_W10_T2.2_D6                     102         1.200        | 733   102         8.2         
BL_W10_T2.0_D6                     102         1.200        | 729   102         8.2         
BL_W10_T2.0_D8                     102         1.200        | 730   102         8.2         
BL_W10_T2.0_D10                    104         1.200        | 918   104         10.0        
BL_W10_T2.0_D15                    108         1.200        | 1563  108         14.0        
BL_W10_T2.0_D20                    102         1.200        | 732   102         8.2         
BL_W10_T2.0_D25                    102         1.200        | 580   102         7.5         
BL_W10_T2.0_D30                    102         1.200        | 579   102         7.5         
BL_W10_T2.0_D40                    102         1.200        | 578   102         7.5         
BL_W10_T1.6_D10                    108         1.200        | 1532  108         13.7        
BL_W10_T1.2_D6                     112         1.200        | 1621  112         17.8        
BL_W10_T1.2_D8                     111         1.200        | 1617  111         17.3        
BL_W10_T1.2_D10                    108         1.200        | 1555  108         14.0        
BL_W10_T1.2_D15                    108         1.200        | 1556  108         14.0        
BL_W10_T1.2_D20                    102         1.200        | 746   102         8.2         
BL_W10_T1.2_D25                    102         1.200        | 594   102         7.5         
BL_W10_T1.2_D30                    102         1.200        | 593   102         7.5         
BL_W10_T1.2_D40                    102         1.200        | 592   102         7.5         
BL_W10_T2.2_D30                    102         1.200        | 576   102         7.5         
BL_W10_T2.2_D25                    102         1.200        | 577   102         7.5         
BL_W10_T1.4_D6                     112         1.200        | 1619  112         17.8        
BL_W10_T1.4_D8                     111         1.200        | 1618  111         17.3        
BL_W10_T1.4_D10                    108         1.200        | 1558  108         14.0        
BL_W10_T1.4_D15                    108         1.200        | 1557  108         14.0        
BL_W10_T1.4_D20                    102         1.200        | 740   102         8.2         
BL_W10_T1.4_D25                    102         1.200        | 590   102         7.5         
BL_W10_T1.4_D30                    102         1.200        | 589   102         7.5         
BL_W10_T1.4_D40                    102         1.200        | 588   102         7.5         
BL_W10_T2.2_D20                    102         1.200        | 783   102         8.2         
BL_W10_T1.6_D6                     112         1.200        | 1620  112         17.8        
BL_W10_T1.6_D8                     111         1.200        | 1616  111         17.3        
BL_W10_T1.6_D15                    108         1.200        | 1559  108         14.0        
BL_W10_T1.6_D4                     112         1.140        | 1693  112         18.1        
BL_W10_T1.2_D4                     112         1.060        | 1622  112         17.8        
BL_W10_T2.2_D4                     100         1.060        | 386   100         6.3         
BL_W10_T2.0_D4                     100         1.060        | 385   100         6.3         
BL_W10_T2.0_D2                     100         1.060        | 387   100         6.4         
BL_W10_T1.8_D4                     100         1.060        | 384   100         6.3         
BL_W10_T2.2_D2                     100         1.060        | 388   100         6.4         
BL_W10_T1.4_D4                     111         1.060        | 1615  111         17.3        
BL_W160_T1.2_D20                   92          0.980        | 69    92          2.0         
BL_W150_T1.2_D20                   92          0.980        | 54    92          2.0         
BL_W160_T1.2_D15                   92          0.980        | 68    92          2.0         
BL_W160_T1.2_D10                   92          0.980        | 31    92          2.0         
BL_W160_T1.2_D8                    92          0.980        | 66    92          2.0         
BL_W160_T1.2_D6                    92          0.980        | 65    92          2.0         
BL_W160_T1.2_D4                    92          0.980        | 64    92          2.0         
BL_W160_T1.2_D2                    92          0.980        | 63    92          2.0         
BL_W30_T1.2_D2                     93          0.980        | 20    93          1.3         
BL_W30_T1.2_D4                     93          0.980        | 19    93          1.3         
BL_W30_T1.2_D6                     93          0.980        | 18    93          1.3         
BL_W30_T1.2_D8                     93          0.980        | 17    93          1.3         
BL_W30_T1.2_D10                    93          0.980        | 16    93          1.3         
BL_W30_T1.2_D15                    93          0.980        | 11    93          1.3         
BL_W30_T1.2_D20                    93          0.980        | 15    93          1.3         
BL_W30_T1.2_D25                    93          0.980        | 14    93          1.3         
BL_W30_T1.2_D30                    93          0.980        | 13    93          1.3         
BL_W30_T1.2_D40                    93          0.980        | 12    93          1.3         
BL_W150_T1.2_D40                   92          0.980        | 42    92          2.0         
BL_W150_T1.2_D30                   92          0.980        | 56    92          2.0         
BL_W150_T1.2_D25                   92          0.980        | 55    92          2.0         
BL_W170_T1.2_D30                   92          0.980        | 84    92          2.0         
BL_W180_T1.2_D15                   92          0.980        | 100   92          2.0         
BL_W180_T1.2_D20                   92          0.980        | 67    92          2.0         
BL_W60_T1.2_D40                    92          0.980        | 120   92          2.5         
BL_W180_T1.2_D25                   92          0.980        | 89    92          2.0         
BL_W180_T1.2_D10                   92          0.980        | 93    92          2.0         
BL_W180_T1.2_D8                    92          0.980        | 92    92          2.0         
BL_W180_T1.2_D6                    92          0.980        | 72    92          2.0         
BL_W180_T1.2_D4                    92          0.980        | 90    92          2.0         
BL_W180_T1.2_D2                    92          0.980        | 91    92          2.0         
BL_W170_T1.2_D40                   92          0.980        | 83    92          2.0         
BL_W160_T1.2_D25                   92          0.980        | 70    92          2.0         
BL_W170_T1.2_D25                   92          0.980        | 85    92          2.0         
BL_W170_T1.2_D20                   92          0.980        | 86    92          2.0         
BL_W170_T1.2_D15                   92          0.980        | 87    92          2.0         
BL_W170_T1.2_D10                   92          0.980        | 99    92          2.0         
BL_W170_T1.2_D8                    92          0.980        | 88    92          2.0         
BL_W170_T1.2_D6                    92          0.980        | 98    92          2.0         
BL_W170_T1.2_D4                    92          0.980        | 97    92          2.0         
BL_W170_T1.2_D2                    92          0.980        | 96    92          2.0         
BL_W160_T1.2_D40                   92          0.980        | 57    92          2.0         
BL_W160_T1.2_D30                   92          0.980        | 71    92          2.0         
BL_W70_T1.2_D8                     92          0.980        | 109   92          2.5         
BL_W80_T1.2_D8                     92          0.980        | 21    92          2.0         
BL_W80_T1.2_D6                     92          0.980        | 24    92          2.0         
BL_W80_T1.2_D4                     92          0.980        | 25    92          2.0         
BL_W80_T1.2_D2                     92          0.980        | 23    92          2.0         
BL_W70_T1.2_D40                    92          0.980        | 119   92          2.5         
BL_W70_T1.2_D30                    92          0.980        | 112   92          2.5         
BL_W70_T1.2_D25                    92          0.980        | 118   92          2.5         
BL_W70_T1.2_D20                    92          0.980        | 117   92          2.5         
BL_W70_T1.2_D15                    92          0.980        | 107   92          2.5         
BL_W70_T1.2_D10                    92          0.980        | 108   92          2.5         
BL_W80_T1.2_D10                    92          0.980        | 22    92          2.0         
BL_W70_T1.2_D6                     92          0.980        | 110   92          2.5         
BL_W60_T1.2_D2                     92          0.980        | 113   92          2.5         
BL_W60_T1.2_D4                     92          0.980        | 106   92          2.5         
BL_W60_T1.2_D6                     92          0.980        | 105   92          2.5         
BL_W60_T1.2_D8                     92          0.980        | 104   92          2.5         
BL_W60_T1.2_D10                    92          0.980        | 103   92          2.5         
BL_W60_T1.2_D15                    92          0.980        | 102   92          2.5         
BL_W60_T1.2_D20                    92          0.980        | 114   92          2.5         
BL_W60_T1.2_D25                    92          0.980        | 115   92          2.5         
BL_W60_T1.2_D30                    92          0.980        | 116   92          2.5         
BL_W50_T1.2_D15                    92          0.980        | 77    92          2.0         
BL_W150_T1.2_D10                   92          0.980        | 52    92          2.0         
BL_W150_T1.2_D8                    92          0.980        | 51    92          2.0         
BL_W150_T1.2_D6                    92          0.980        | 50    92          2.0         
BL_W150_T1.2_D4                    92          0.980        | 49    92          2.0         
BL_W150_T1.2_D2                    92          0.980        | 48    92          2.0         
BL_W50_T1.2_D2                     92          0.980        | 82    92          2.0         
BL_W50_T1.2_D4                     92          0.980        | 81    92          2.0         
BL_W50_T1.2_D6                     92          0.980        | 80    92          2.0         
BL_W50_T1.2_D8                     92          0.980        | 79    92          2.0         
BL_W50_T1.2_D10                    92          0.980        | 78    92          2.0         
BL_W150_T1.2_D15                   92          0.980        | 53    92          2.0         
BL_W50_T1.2_D20                    92          0.980        | 76    92          2.0         
BL_W50_T1.2_D25                    92          0.980        | 75    92          2.0         
BL_W50_T1.2_D30                    92          0.980        | 74    92          2.0         
BL_W50_T1.2_D40                    92          0.980        | 73    92          2.0         
BL_W80_T1.2_D40                    92          0.980        | 26    92          2.0         
BL_W80_T1.2_D30                    92          0.980        | 30    92          2.0         
BL_W80_T1.2_D25                    92          0.980        | 29    92          2.0         
BL_W80_T1.2_D20                    92          0.980        | 28    92          2.0         
BL_W80_T1.2_D15                    92          0.980        | 27    92          2.0         
BL_W190_T1.2_D25                   92          0.980        | 34    92          2.0         
BL_W190_T1.2_D2                    92          0.980        | 41    92          2.0         
BL_W190_T1.2_D4                    92          0.980        | 40    92          2.0         
BL_W190_T1.2_D6                    92          0.980        | 39    92          2.0         
BL_W190_T1.2_D8                    92          0.980        | 38    92          2.0         
BL_W190_T1.2_D10                   92          0.980        | 37    92          2.0         
BL_W190_T1.2_D15                   92          0.980        | 36    92          2.0         
BL_W190_T1.2_D20                   92          0.980        | 35    92          2.0         
BL_W190_T1.2_D30                   92          0.980        | 33    92          2.0         
BL_W190_T1.2_D40                   92          0.980        | 32    92          2.0         
BL_W200_T1.2_D40                   92          0.980        | 43    92          2.0         
BL_W200_T1.2_D30                   92          0.980        | 44    92          2.0         
BL_W200_T1.2_D20                   92          0.980        | 46    92          2.0         
BL_W180_T1.2_D40                   92          0.980        | 95    92          2.0         
BL_W180_T1.2_D30                   92          0.980        | 94    92          2.0         
BL_W200_T1.2_D15                   92          0.980        | 47    92          2.0         
BL_W10_T1.6_D2                     108         0.980        | 1553  108         13.7        
BL_W10_T1.8_D2                     100         0.980        | 389   100         6.4         
BL_W200_T1.2_D10                   92          0.980        | 58    92          2.0         
BL_W200_T1.2_D8                    92          0.980        | 59    92          2.0         
BL_W200_T1.2_D6                    92          0.980        | 60    92          2.0         
BL_W200_T1.2_D4                    92          0.980        | 61    92          2.0         
BL_W200_T1.2_D2                    92          0.980        | 62    92          2.0         
BL_W200_T1.2_D25                   92          0.980        | 45    92          2.0         
BL_W70_T1.4_D40                    89          0.900        | 371   89          4.9         
BL_W70_T1.4_D30                    89          0.900        | 372   89          4.9         
BL_W70_T1.4_D20                    89          0.900        | 374   89          4.9         
BL_W70_T1.4_D15                    89          0.900        | 375   89          4.9         
BL_W70_T1.4_D10                    89          0.900        | 376   89          4.9         
BL_W70_T1.4_D8                     89          0.900        | 377   89          4.9         
BL_W70_T1.4_D6                     89          0.900        | 378   89          4.9         
BL_W70_T1.4_D4                     89          0.900        | 380   89          4.9         
BL_W70_T1.4_D2                     89          0.900        | 379   89          4.9         
BL_W70_T1.4_D25                    89          0.900        | 373   89          4.9         
BL_W10_T1.4_D2                     111         0.900        | 1614  111         17.3        
BL_W10_T1.2_D2                     112         0.900        | 1623  112         17.8        
BL_W70_T1.2_D4                     92          0.900        | 101   92          2.5         
BL_W70_T1.2_D2                     92          0.900        | 111   92          2.5         
BL_W100_T1.8_D4                    83          0.740        | 1359  83          11.0        
BL_W90_T1.2_D40                    84          0.740        | 1196  84          10.5        
BL_W90_T1.4_D2                     84          0.740        | 1161  84          10.5        
BL_W90_T1.4_D4                     84          0.740        | 1162  84          10.5        
BL_W90_T1.4_D6                     84          0.740        | 1176  84          10.5        
BL_W90_T1.4_D8                     84          0.740        | 1177  84          10.5        
BL_W90_T1.4_D10                    84          0.740        | 1178  84          10.5        
BL_W90_T1.4_D15                    84          0.740        | 1189  84          10.5        
BL_W90_T1.4_D20                    84          0.740        | 1218  84          10.5        
BL_W90_T1.4_D25                    84          0.740        | 1219  84          10.5        
BL_W100_T1.8_D6                    83          0.740        | 1363  83          11.0        
BL_W90_T1.2_D20                    84          0.740        | 1193  84          10.5        
BL_W100_T1.8_D2                    83          0.740        | 1362  83          11.0        
BL_W100_T1.6_D40                   84          0.740        | 1124  84          10.5        
BL_W90_T1.4_D30                    84          0.740        | 1220  84          10.5        
BL_W90_T1.4_D40                    84          0.740        | 1221  84          10.5        
BL_W90_T1.6_D2                     84          0.740        | 1222  84          10.5        
BL_W90_T1.6_D4                     84          0.740        | 1223  84          10.5        
BL_W190_T1.6_D20                   84          0.740        | 1042  84          10.5        
BL_W80_T1.8_D40                    83          0.740        | 1331  83          11.0        
BL_W110_T1.2_D2                    84          0.740        | 996   84          10.5        
BL_W100_T1.8_D15                   83          0.740        | 1348  83          11.0        
BL_W100_T1.8_D10                   83          0.740        | 1347  83          11.0        
BL_W100_T1.8_D8                    83          0.740        | 1373  83          11.0        
BL_W190_T1.6_D40                   84          0.740        | 1039  84          10.5        
BL_W190_T1.6_D30                   84          0.740        | 1040  84          10.5        
BL_W190_T1.6_D25                   84          0.740        | 1041  84          10.5        
BL_W90_T1.2_D30                    84          0.740        | 1195  84          10.5        
BL_W90_T1.2_D2                     84          0.740        | 1185  84          10.5        
BL_W90_T1.2_D4                     84          0.740        | 1186  84          10.5        
BL_W90_T1.2_D6                     84          0.740        | 1187  84          10.5        
BL_W90_T1.2_D8                     84          0.740        | 1188  84          10.5        
BL_W90_T1.2_D10                    84          0.740        | 1191  84          10.5        
BL_W90_T1.2_D15                    84          0.740        | 1192  84          10.5        
BL_W90_T1.6_D8                     84          0.740        | 1225  84          10.5        
BL_W90_T1.2_D25                    84          0.740        | 1194  84          10.5        
BL_W100_T1.4_D8                    84          0.740        | 1103  84          10.5        
BL_W100_T1.6_D6                    84          0.740        | 1153  84          10.5        
BL_W100_T1.6_D4                    84          0.740        | 1152  84          10.5        
BL_W100_T1.6_D2                    84          0.740        | 1142  84          10.5        
BL_W100_T1.4_D40                   84          0.740        | 1150  84          10.5        
BL_W100_T1.4_D30                   84          0.740        | 1149  84          10.5        
BL_W100_T1.4_D25                   84          0.740        | 1145  84          10.5        
BL_W100_T1.4_D20                   84          0.740        | 1144  84          10.5        
BL_W100_T1.4_D15                   84          0.740        | 1143  84          10.5        
BL_W100_T1.4_D10                   84          0.740        | 1114  84          10.5        
BL_W100_T1.8_D20                   83          0.740        | 1349  83          11.0        
BL_W100_T1.4_D6                    84          0.740        | 1102  84          10.5        
BL_W100_T1.2_D10                   84          0.740        | 1094  84          10.5        
BL_W100_T1.2_D15                   84          0.740        | 1085  84          10.5        
BL_W100_T1.2_D20                   84          0.740        | 1096  84          10.5        
BL_W100_T1.2_D25                   84          0.740        | 1097  84          10.5        
BL_W100_T1.2_D30                   84          0.740        | 1098  84          10.5        
BL_W100_T1.2_D40                   84          0.740        | 1099  84          10.5        
BL_W100_T1.4_D2                    84          0.740        | 1100  84          10.5        
BL_W100_T1.2_D4                    84          0.740        | 1091  84          10.5        
BL_W100_T1.4_D4                    84          0.740        | 1101  84          10.5        
BL_W90_T1.6_D10                    84          0.740        | 1217  84          10.5        
BL_W90_T1.6_D15                    84          0.740        | 1227  84          10.5        
BL_W90_T1.6_D20                    84          0.740        | 1228  84          10.5        
BL_W90_T1.6_D25                    84          0.740        | 1229  84          10.5        
BL_W90_T1.6_D30                    84          0.740        | 1230  84          10.5        
BL_W90_T1.6_D40                    84          0.740        | 1231  84          10.5        
BL_W100_T1.2_D2                    84          0.740        | 1090  84          10.5        
BL_W90_T1.6_D6                     84          0.740        | 1224  84          10.5        
BL_W100_T1.2_D6                    84          0.740        | 1092  84          10.5        
BL_W100_T1.2_D8                    84          0.740        | 1093  84          10.5        
BL_W100_T1.6_D30                   84          0.740        | 1133  84          10.5        
BL_W100_T1.6_D25                   84          0.740        | 1159  84          10.5        
BL_W100_T1.6_D20                   84          0.740        | 1158  84          10.5        
BL_W100_T1.6_D15                   84          0.740        | 1226  84          10.5        
BL_W100_T1.6_D10                   84          0.740        | 1155  84          10.5        
BL_W100_T1.6_D8                    84          0.740        | 1154  84          10.5        
BL_W200_T1.6_D2                    84          0.740        | 997   84          10.5        
BL_W60_T1.6_D10                    84          0.740        | 1255  84          10.5        
BL_W60_T1.6_D15                    84          0.740        | 1251  84          10.5        
BL_W60_T1.6_D20                    84          0.740        | 1250  84          10.5        
BL_W60_T1.6_D25                    84          0.740        | 1235  84          10.5        
BL_W60_T1.6_D30                    84          0.740        | 1246  84          10.5        
BL_W60_T1.6_D40                    84          0.740        | 1289  84          10.5        
BL_W200_T1.6_D8                    84          0.740        | 1017  84          10.5        
BL_W200_T1.6_D6                    84          0.740        | 999   84          10.5        
BL_W200_T1.6_D4                    84          0.740        | 998   84          10.5        
BL_W60_T1.6_D8                     84          0.740        | 1123  84          10.5        
BL_W200_T1.4_D40                   84          0.740        | 975   84          10.5        
BL_W200_T1.4_D30                   84          0.740        | 988   84          10.5        
BL_W200_T1.4_D25                   84          0.740        | 987   84          10.5        
BL_W200_T1.4_D20                   84          0.740        | 986   84          10.5        
BL_W70_T1.6_D2                     84          0.740        | 1290  84          10.5        
BL_W70_T1.6_D4                     84          0.740        | 1282  84          10.5        
BL_W70_T1.6_D6                     84          0.740        | 1271  84          10.5        
BL_W70_T1.6_D8                     84          0.740        | 1299  84          10.5        
BL_W70_T1.6_D10                    84          0.740        | 1297  84          10.5        
BL_W60_T1.4_D8                     84          0.740        | 1156  84          10.5        
BL_W200_T1.6_D40                   84          0.740        | 1064  84          10.5        
BL_W200_T1.6_D30                   84          0.740        | 1063  84          10.5        
BL_W200_T1.6_D25                   84          0.740        | 1062  84          10.5        
BL_W200_T1.6_D20                   84          0.740        | 1061  84          10.5        
BL_W200_T1.6_D15                   84          0.740        | 1060  84          10.5        
BL_W200_T1.6_D10                   84          0.740        | 1059  84          10.5        
BL_W60_T1.4_D2                     84          0.740        | 1089  84          10.5        
BL_W60_T1.4_D4                     84          0.740        | 1146  84          10.5        
BL_W60_T1.4_D6                     84          0.740        | 1147  84          10.5        
BL_W70_T1.6_D15                    84          0.740        | 1296  84          10.5        
BL_W60_T1.4_D10                    84          0.740        | 1157  84          10.5        
BL_W60_T1.4_D15                    84          0.740        | 1125  84          10.5        
BL_W60_T1.4_D20                    84          0.740        | 1126  84          10.5        
BL_W60_T1.4_D25                    84          0.740        | 1127  84          10.5        
BL_W60_T1.4_D30                    84          0.740        | 1128  84          10.5        
BL_W60_T1.4_D40                    84          0.740        | 1129  84          10.5        
BL_W60_T1.6_D2                     84          0.740        | 1130  84          10.5        
BL_W60_T1.6_D4                     84          0.740        | 1131  84          10.5        
BL_W60_T1.6_D6                     84          0.740        | 1132  84          10.5        
BL_W80_T1.6_D30                    84          0.740        | 1106  84          10.5        
BL_W80_T1.4_D40                    84          0.740        | 1263  84          10.5        
BL_W80_T1.6_D2                     84          0.740        | 1276  84          10.5        
BL_W80_T1.6_D4                     84          0.740        | 1277  84          10.5        
BL_W80_T1.6_D6                     84          0.740        | 1238  84          10.5        
BL_W80_T1.6_D8                     84          0.740        | 1240  84          10.5        
BL_W80_T1.6_D10                    84          0.740        | 1241  84          10.5        
BL_W80_T1.6_D15                    84          0.740        | 1243  84          10.5        
BL_W80_T1.6_D20                    84          0.740        | 1244  84          10.5        
BL_W80_T1.6_D25                    84          0.740        | 1107  84          10.5        
BL_W80_T1.4_D30                    84          0.740        | 1262  84          10.5        
BL_W80_T1.6_D40                    84          0.740        | 1216  84          10.5        
BL_W80_T1.8_D2                     83          0.740        | 1322  83          11.0        
BL_W80_T1.8_D4                     83          0.740        | 1323  83          11.0        
BL_W80_T1.8_D6                     83          0.740        | 1335  83          11.0        
BL_W80_T1.8_D8                     83          0.740        | 1342  83          11.0        
BL_W80_T1.8_D10                    83          0.740        | 1341  83          11.0        
BL_W80_T1.8_D15                    83          0.740        | 1318  83          11.0        
BL_W80_T1.8_D20                    83          0.740        | 1340  83          11.0        
BL_W80_T1.8_D25                    83          0.740        | 1339  83          11.0        
BL_W200_T1.4_D2                    84          0.740        | 1023  84          10.5        
BL_W70_T1.6_D20                    84          0.740        | 1295  84          10.5        
BL_W70_T1.6_D25                    84          0.740        | 1294  84          10.5        
BL_W70_T1.6_D30                    84          0.740        | 1293  84          10.5        
BL_W70_T1.6_D40                    84          0.740        | 1292  84          10.5        
BL_W200_T1.4_D15                   84          0.740        | 979   84          10.5        
BL_W200_T1.4_D10                   84          0.740        | 978   84          10.5        
BL_W200_T1.4_D8                    84          0.740        | 977   84          10.5        
BL_W200_T1.4_D6                    84          0.740        | 1028  84          10.5        
BL_W200_T1.4_D4                    84          0.740        | 1024  84          10.5        
BL_W80_T1.8_D30                    83          0.740        | 1338  83          11.0        
BL_W80_T1.4_D2                     84          0.740        | 1288  84          10.5        
BL_W80_T1.4_D4                     84          0.740        | 1304  84          10.5        
BL_W80_T1.4_D6                     84          0.740        | 1311  84          10.5        
BL_W80_T1.4_D8                     84          0.740        | 1257  84          10.5        
BL_W80_T1.4_D10                    84          0.740        | 1256  84          10.5        
BL_W80_T1.4_D15                    84          0.740        | 1270  84          10.5        
BL_W80_T1.4_D20                    84          0.740        | 1266  84          10.5        
BL_W80_T1.4_D25                    84          0.740        | 1264  84          10.5        
BL_W190_T1.4_D10                   84          0.740        | 951   84          10.5        
BL_W150_T1.4_D2                    84          0.740        | 1015  84          10.5        
BL_W150_T1.4_D4                    84          0.740        | 1014  84          10.5        
BL_W150_T1.4_D6                    84          0.740        | 1013  84          10.5        
BL_W150_T1.4_D8                    84          0.740        | 1012  84          10.5        
BL_W150_T1.4_D10                   84          0.740        | 1011  84          10.5        
BL_W150_T1.4_D15                   84          0.740        | 1010  84          10.5        
BL_W150_T1.4_D20                   84          0.740        | 1009  84          10.5        
BL_W150_T1.4_D25                   84          0.740        | 1008  84          10.5        
BL_W150_T1.4_D30                   84          0.740        | 1007  84          10.5        
BL_W150_T1.4_D40                   84          0.740        | 1006  84          10.5        
BL_W190_T1.4_D15                   84          0.740        | 952   84          10.5        
BL_W190_T1.4_D20                   84          0.740        | 954   84          10.5        
BL_W190_T1.4_D8                    84          0.740        | 950   84          10.5        
BL_W190_T1.4_D6                    84          0.740        | 949   84          10.5        
BL_W190_T1.4_D4                    84          0.740        | 948   84          10.5        
BL_W190_T1.4_D2                    84          0.740        | 927   84          10.5        
BL_W150_T1.6_D2                    83          0.740        | 1327  83          11.0        
BL_W150_T1.6_D4                    83          0.740        | 1328  83          11.0        
BL_W150_T1.6_D6                    83          0.740        | 1329  83          11.0        
BL_W150_T1.6_D8                    83          0.740        | 1330  83          11.0        
BL_W150_T1.6_D10                   83          0.740        | 1332  83          11.0        
BL_W150_T1.6_D15                   83          0.740        | 1333  83          11.0        
BL_W140_T1.6_D30                   83          0.740        | 1370  83          11.0        
BL_W140_T1.4_D30                   84          0.740        | 1001  84          10.5        
BL_W140_T1.4_D40                   84          0.740        | 1000  84          10.5        
BL_W140_T1.6_D2                    83          0.740        | 1345  83          11.0        
BL_W140_T1.6_D4                    83          0.740        | 1344  83          11.0        
BL_W140_T1.6_D6                    83          0.740        | 1353  83          11.0        
BL_W140_T1.6_D8                    83          0.740        | 1380  83          11.0        
BL_W140_T1.6_D10                   83          0.740        | 1379  83          11.0        
BL_W140_T1.6_D15                   83          0.740        | 1377  83          11.0        
BL_W140_T1.6_D20                   83          0.740        | 1376  83          11.0        
BL_W140_T1.6_D25                   83          0.740        | 1374  83          11.0        
BL_W150_T1.6_D20                   83          0.740        | 1334  83          11.0        
BL_W140_T1.6_D40                   83          0.740        | 1369  83          11.0        
BL_W190_T1.6_D15                   84          0.740        | 932   84          10.5        
BL_W190_T1.6_D10                   84          0.740        | 931   84          10.5        
BL_W190_T1.6_D8                    84          0.740        | 928   84          10.5        
BL_W190_T1.6_D6                    84          0.740        | 926   84          10.5        
BL_W190_T1.6_D4                    84          0.740        | 925   84          10.5        
BL_W190_T1.6_D2                    84          0.740        | 961   84          10.5        
BL_W190_T1.4_D40                   84          0.740        | 974   84          10.5        
BL_W190_T1.4_D30                   84          0.740        | 973   84          10.5        
BL_W190_T1.4_D25                   84          0.740        | 955   84          10.5        
BL_W170_T1.4_D15                   84          0.740        | 956   84          10.5        
BL_W180_T1.6_D2                    84          0.740        | 1026  84          10.5        
BL_W180_T1.4_D40                   84          0.740        | 1025  84          10.5        
BL_W180_T1.4_D30                   84          0.740        | 1022  84          10.5        
BL_W180_T1.4_D25                   84          0.740        | 1021  84          10.5        
BL_W180_T1.4_D20                   84          0.740        | 1019  84          10.5        
BL_W170_T1.4_D2                    84          0.740        | 962   84          10.5        
BL_W170_T1.4_D4                    84          0.740        | 947   84          10.5        
BL_W170_T1.4_D6                    84          0.740        | 960   84          10.5        
BL_W170_T1.4_D8                    84          0.740        | 959   84          10.5        
BL_W170_T1.4_D10                   84          0.740        | 958   84          10.5        
BL_W180_T1.6_D4                    84          0.740        | 1027  84          10.5        
BL_W170_T1.4_D20                   84          0.740        | 972   84          10.5        
BL_W170_T1.4_D25                   84          0.740        | 989   84          10.5        
BL_W170_T1.4_D30                   84          0.740        | 933   84          10.5        
BL_W170_T1.4_D40                   84          0.740        | 935   84          10.5        
BL_W180_T1.4_D15                   84          0.740        | 1018  84          10.5        
BL_W180_T1.4_D10                   84          0.740        | 1003  84          10.5        
BL_W180_T1.4_D8                    84          0.740        | 1016  84          10.5        
BL_W180_T1.4_D6                    84          0.740        | 1005  84          10.5        
BL_W180_T1.4_D4                    84          0.740        | 1004  84          10.5        
BL_W180_T1.4_D2                    84          0.740        | 1020  84          10.5        
BL_W160_T1.4_D8                    84          0.740        | 985   84          10.5        
BL_W150_T1.6_D25                   83          0.740        | 1326  83          11.0        
BL_W150_T1.6_D30                   83          0.740        | 1336  83          11.0        
BL_W150_T1.6_D40                   83          0.740        | 1337  83          11.0        
BL_W180_T1.6_D40                   84          0.740        | 957   84          10.5        
BL_W180_T1.6_D30                   84          0.740        | 953   84          10.5        
BL_W180_T1.6_D25                   84          0.740        | 1038  84          10.5        
BL_W180_T1.6_D20                   84          0.740        | 1037  84          10.5        
BL_W160_T1.4_D2                    84          0.740        | 982   84          10.5        
BL_W160_T1.4_D4                    84          0.740        | 983   84          10.5        
BL_W160_T1.4_D6                    84          0.740        | 984   84          10.5        
BL_W140_T1.4_D25                   84          0.740        | 1002  84          10.5        
BL_W160_T1.4_D10                   84          0.740        | 990   84          10.5        
BL_W160_T1.4_D15                   84          0.740        | 991   84          10.5        
BL_W160_T1.4_D20                   84          0.740        | 992   84          10.5        
BL_W160_T1.4_D25                   84          0.740        | 993   84          10.5        
BL_W160_T1.4_D30                   84          0.740        | 994   84          10.5        
BL_W160_T1.4_D40                   84          0.740        | 995   84          10.5        
BL_W180_T1.6_D15                   84          0.740        | 981   84          10.5        
BL_W180_T1.6_D10                   84          0.740        | 980   84          10.5        
BL_W180_T1.6_D8                    84          0.740        | 976   84          10.5        
BL_W180_T1.6_D6                    84          0.740        | 1029  84          10.5        
BL_W120_T1.4_D6                    84          0.740        | 970   84          10.5        
BL_W120_T1.2_D4                    84          0.740        | 937   84          10.5        
BL_W120_T1.2_D6                    84          0.740        | 945   84          10.5        
BL_W120_T1.2_D8                    84          0.740        | 944   84          10.5        
BL_W120_T1.2_D10                   84          0.740        | 942   84          10.5        
BL_W120_T1.2_D15                   84          0.740        | 941   84          10.5        
BL_W120_T1.2_D20                   84          0.740        | 940   84          10.5        
BL_W120_T1.2_D25                   84          0.740        | 939   84          10.5        
BL_W120_T1.2_D30                   84          0.740        | 938   84          10.5        
BL_W120_T1.2_D40                   84          0.740        | 924   84          10.5        
BL_W120_T1.4_D2                    84          0.740        | 936   84          10.5        
BL_W120_T1.4_D4                    84          0.740        | 971   84          10.5        
BL_W120_T1.2_D2                    84          0.740        | 946   84          10.5        
BL_W120_T1.4_D8                    84          0.740        | 969   84          10.5        
BL_W120_T1.4_D10                   84          0.740        | 968   84          10.5        
BL_W120_T1.4_D15                   84          0.740        | 967   84          10.5        
BL_W120_T1.4_D20                   84          0.740        | 966   84          10.5        
BL_W120_T1.4_D25                   84          0.740        | 965   84          10.5        
BL_W120_T1.4_D30                   84          0.740        | 964   84          10.5        
BL_W120_T1.4_D40                   84          0.740        | 963   84          10.5        
BL_W130_T1.2_D2                    84          0.740        | 929   84          10.5        
BL_W130_T1.2_D4                    84          0.740        | 930   84          10.5        
BL_W130_T1.2_D6                    84          0.740        | 934   84          10.5        
BL_W110_T1.2_D40                   84          0.740        | 1265  84          10.5        
BL_W100_T1.8_D30                   83          0.740        | 1361  83          11.0        
BL_W100_T1.8_D40                   83          0.740        | 1360  83          11.0        
BL_W110_T1.2_D4                    84          0.740        | 1236  84          10.5        
BL_W110_T1.2_D6                    84          0.740        | 1247  84          10.5        
BL_W110_T1.2_D8                    84          0.740        | 1281  84          10.5        
BL_W110_T1.2_D10                   84          0.740        | 1280  84          10.5        
BL_W110_T1.2_D15                   84          0.740        | 1279  84          10.5        
BL_W110_T1.2_D20                   84          0.740        | 1278  84          10.5        
BL_W110_T1.2_D25                   84          0.740        | 1274  84          10.5        
BL_W110_T1.2_D30                   84          0.740        | 1272  84          10.5        
BL_W130_T1.2_D8                    84          0.740        | 943   84          10.5        
BL_W110_T1.4_D2                    83          0.740        | 1366  83          11.0        
BL_W110_T1.4_D4                    83          0.740        | 1365  83          11.0        
BL_W110_T1.4_D6                    83          0.740        | 1364  83          11.0        
BL_W110_T1.4_D8                    83          0.740        | 1381  83          11.0        
BL_W110_T1.4_D10                   83          0.740        | 1367  83          11.0        
BL_W110_T1.4_D15                   83          0.740        | 1325  83          11.0        
BL_W110_T1.4_D20                   83          0.740        | 1324  83          11.0        
BL_W110_T1.4_D25                   83          0.740        | 1320  83          11.0        
BL_W110_T1.4_D30                   83          0.740        | 1319  83          11.0        
BL_W110_T1.4_D40                   83          0.740        | 1321  83          11.0        
BL_W140_T1.2_D20                   84          0.740        | 1079  84          10.5        
BL_W130_T1.6_D20                   83          0.740        | 1378  83          11.0        
BL_W130_T1.6_D25                   83          0.740        | 1375  83          11.0        
BL_W130_T1.6_D30                   83          0.740        | 1371  83          11.0        
BL_W130_T1.6_D40                   83          0.740        | 1368  83          11.0        
BL_W140_T1.2_D2                    84          0.740        | 1044  84          10.5        
BL_W140_T1.2_D4                    84          0.740        | 1084  84          10.5        
BL_W140_T1.2_D6                    84          0.740        | 1083  84          10.5        
BL_W140_T1.2_D8                    84          0.740        | 1082  84          10.5        
BL_W140_T1.2_D10                   84          0.740        | 1081  84          10.5        
BL_W140_T1.2_D15                   84          0.740        | 1080  84          10.5        
BL_W130_T1.6_D15                   83          0.740        | 1372  83          11.0        
BL_W140_T1.2_D25                   84          0.740        | 1078  84          10.5        
BL_W140_T1.2_D30                   84          0.740        | 1077  84          10.5        
BL_W140_T1.2_D40                   84          0.740        | 1076  84          10.5        
BL_W140_T1.4_D2                    84          0.740        | 1075  84          10.5        
BL_W140_T1.4_D4                    84          0.740        | 1074  84          10.5        
BL_W140_T1.4_D6                    84          0.740        | 1073  84          10.5        
BL_W140_T1.4_D8                    84          0.740        | 1058  84          10.5        
BL_W140_T1.4_D10                   84          0.740        | 1067  84          10.5        
BL_W140_T1.4_D15                   84          0.740        | 1066  84          10.5        
BL_W140_T1.4_D20                   84          0.740        | 1065  84          10.5        
BL_W130_T1.4_D10                   84          0.740        | 1048  84          10.5        
BL_W130_T1.2_D10                   84          0.740        | 1072  84          10.5        
BL_W130_T1.2_D15                   84          0.740        | 1057  84          10.5        
BL_W130_T1.2_D20                   84          0.740        | 1056  84          10.5        
BL_W130_T1.2_D25                   84          0.740        | 1055  84          10.5        
BL_W130_T1.2_D30                   84          0.740        | 1054  84          10.5        
BL_W130_T1.2_D40                   84          0.740        | 1053  84          10.5        
BL_W130_T1.4_D2                    84          0.740        | 1052  84          10.5        
BL_W130_T1.4_D4                    84          0.740        | 1051  84          10.5        
BL_W130_T1.4_D6                    84          0.740        | 1050  84          10.5        
BL_W130_T1.4_D8                    84          0.740        | 1049  84          10.5        
BL_W100_T1.8_D25                   83          0.740        | 1350  83          11.0        
BL_W130_T1.4_D15                   84          0.740        | 1047  84          10.5        
BL_W130_T1.4_D20                   84          0.740        | 1046  84          10.5        
BL_W130_T1.4_D25                   84          0.740        | 1045  84          10.5        
BL_W130_T1.4_D30                   84          0.740        | 1030  84          10.5        
BL_W130_T1.4_D40                   84          0.740        | 1043  84          10.5        
BL_W130_T1.6_D2                    83          0.740        | 1352  83          11.0        
BL_W130_T1.6_D4                    83          0.740        | 1355  83          11.0        
BL_W130_T1.6_D6                    83          0.740        | 1354  83          11.0        
BL_W130_T1.6_D8                    83          0.740        | 1351  83          11.0        
BL_W130_T1.6_D10                   83          0.740        | 1346  83          11.0        
BL_W30_T1.6_D4                     84          0.740        | 917   84          9.8         
BL_W30_T1.4_D6                     84          0.740        | 915   84          9.8         
BL_W30_T1.4_D8                     84          0.740        | 914   84          9.8         
BL_W30_T1.4_D10                    84          0.740        | 912   84          9.8         
BL_W30_T1.4_D15                    84          0.740        | 911   84          9.8         
BL_W30_T1.4_D20                    84          0.740        | 913   84          9.8         
BL_W30_T1.4_D25                    84          0.740        | 909   84          9.8         
BL_W30_T1.4_D30                    84          0.740        | 887   84          9.8         
BL_W30_T1.4_D40                    84          0.740        | 910   84          9.8         
BL_W30_T1.6_D2                     84          0.740        | 916   84          9.8         
BL_W30_T1.4_D4                     84          0.740        | 908   84          9.8         
BL_W30_T1.6_D6                     84          0.740        | 884   84          9.8         
BL_W20_T1.4_D40                    84          0.740        | 898   84          9.8         
BL_W20_T1.4_D30                    84          0.740        | 907   84          9.8         
BL_W20_T1.4_D25                    84          0.740        | 906   84          9.8         
BL_W20_T1.4_D20                    84          0.740        | 904   84          9.8         
BL_W20_T1.4_D15                    84          0.740        | 903   84          9.8         
BL_W20_T1.4_D10                    84          0.740        | 902   84          9.8         
BL_W20_T1.4_D8                     84          0.740        | 901   84          9.8         
BL_W40_T1.6_D8                     84          0.740        | 1215  84          10.5        
BL_W40_T1.4_D10                    84          0.740        | 1115  84          10.5        
BL_W40_T1.4_D15                    84          0.740        | 1104  84          10.5        
BL_W40_T1.4_D20                    84          0.740        | 1113  84          10.5        
BL_W40_T1.4_D25                    84          0.740        | 1111  84          10.5        
BL_W40_T1.4_D30                    84          0.740        | 1110  84          10.5        
BL_W40_T1.4_D40                    84          0.740        | 1109  84          10.5        
BL_W40_T1.6_D2                     84          0.740        | 1108  84          10.5        
BL_W40_T1.6_D4                     84          0.740        | 1105  84          10.5        
BL_W40_T1.6_D6                     84          0.740        | 1151  84          10.5        
BL_W20_T1.4_D6                     84          0.740        | 900   84          9.8         
BL_W40_T1.6_D10                    84          0.740        | 1214  84          10.5        
BL_W40_T1.6_D15                    84          0.740        | 1213  84          10.5        
BL_W40_T1.6_D20                    84          0.740        | 1212  84          10.5        
BL_W40_T1.6_D25                    84          0.740        | 1211  84          10.5        
BL_W40_T1.6_D30                    84          0.740        | 1210  84          10.5        
BL_W40_T1.6_D40                    84          0.740        | 1209  84          10.5        
BL_W30_T1.6_D40                    84          0.740        | 877   84          9.8         
BL_W30_T1.4_D2                     84          0.740        | 879   84          9.8         
BL_W50_T1.6_D4                     84          0.740        | 1164  84          10.5        
BL_W50_T1.4_D6                     84          0.740        | 1173  84          10.5        
BL_W50_T1.4_D8                     84          0.740        | 1172  84          10.5        
BL_W50_T1.4_D10                    84          0.740        | 1171  84          10.5        
BL_W50_T1.4_D15                    84          0.740        | 1160  84          10.5        
BL_W50_T1.4_D20                    84          0.740        | 1169  84          10.5        
BL_W50_T1.4_D25                    84          0.740        | 1168  84          10.5        
BL_W50_T1.4_D30                    84          0.740        | 1167  84          10.5        
BL_W50_T1.4_D40                    84          0.740        | 1166  84          10.5        
BL_W50_T1.6_D2                     84          0.740        | 1165  84          10.5        
BL_W50_T1.4_D4                     84          0.740        | 1174  84          10.5        
BL_W50_T1.6_D6                     84          0.740        | 1163  84          10.5        
BL_W50_T1.6_D8                     84          0.740        | 1170  84          10.5        
BL_W50_T1.6_D10                    84          0.740        | 1197  84          10.5        
BL_W50_T1.6_D15                    84          0.740        | 1190  84          10.5        
BL_W50_T1.6_D20                    84          0.740        | 1179  84          10.5        
BL_W50_T1.6_D25                    84          0.740        | 1184  84          10.5        
BL_W50_T1.6_D30                    84          0.740        | 1180  84          10.5        
BL_W50_T1.6_D40                    84          0.740        | 1181  84          10.5        
BL_W20_T1.2_D8                     84          0.740        | 896   84          9.8         
BL_W30_T1.6_D30                    84          0.740        | 878   84          9.8         
BL_W20_T1.4_D4                     84          0.740        | 899   84          9.8         
BL_W20_T1.4_D2                     84          0.740        | 894   84          9.8         
BL_W20_T1.2_D40                    84          0.740        | 893   84          9.8         
BL_W20_T1.2_D30                    84          0.740        | 892   84          9.8         
BL_W20_T1.2_D25                    84          0.740        | 891   84          9.8         
BL_W20_T1.2_D20                    84          0.740        | 890   84          9.8         
BL_W20_T1.2_D15                    84          0.740        | 889   84          9.8         
BL_W20_T1.2_D10                    84          0.740        | 895   84          9.8         
BL_W30_T1.8_D30                    84          0.740        | 1239  84          10.5        
BL_W20_T1.2_D6                     84          0.740        | 897   84          9.8         
BL_W20_T1.2_D4                     84          0.740        | 888   84          9.8         
BL_W30_T1.6_D8                     84          0.740        | 883   84          9.8         
BL_W30_T1.6_D10                    84          0.740        | 882   84          9.8         
BL_W30_T1.6_D15                    84          0.740        | 881   84          9.8         
BL_W30_T1.6_D20                    84          0.740        | 880   84          9.8         
BL_W30_T1.6_D25                    84          0.740        | 876   84          9.8         
BL_W50_T1.4_D2                     84          0.740        | 1232  84          10.5        
BL_W30_T1.8_D2                     84          0.740        | 1301  84          10.5        
BL_W40_T1.4_D8                     84          0.740        | 1116  84          10.5        
BL_W30_T1.8_D40                    84          0.740        | 1273  84          10.5        
BL_W30_T1.8_D25                    84          0.740        | 1254  84          10.5        
BL_W40_T1.2_D2                     84          0.740        | 1135  84          10.5        
BL_W30_T1.8_D20                    84          0.740        | 1258  84          10.5        
BL_W30_T1.8_D15                    84          0.740        | 1317  84          10.5        
BL_W30_T1.8_D10                    84          0.740        | 1314  84          10.5        
BL_W30_T1.8_D8                     84          0.740        | 1313  84          10.5        
BL_W30_T1.8_D6                     84          0.740        | 1308  84          10.5        
BL_W30_T1.8_D4                     84          0.740        | 1302  84          10.5        
BL_W40_T1.4_D6                     84          0.740        | 1117  84          10.5        
BL_W40_T1.2_D4                     84          0.740        | 1134  84          10.5        
BL_W40_T1.2_D6                     84          0.740        | 1148  84          10.5        
BL_W40_T1.2_D8                     84          0.740        | 1088  84          10.5        
BL_W40_T1.2_D10                    84          0.740        | 1087  84          10.5        
BL_W40_T1.2_D15                    84          0.740        | 1086  84          10.5        
BL_W40_T1.2_D20                    84          0.740        | 1095  84          10.5        
BL_W40_T1.2_D25                    84          0.740        | 1122  84          10.5        
BL_W40_T1.2_D30                    84          0.740        | 1121  84          10.5        
BL_W40_T1.2_D40                    84          0.740        | 1120  84          10.5        
BL_W40_T1.4_D4                     84          0.740        | 1118  84          10.5        
BL_W40_T1.4_D2                     84          0.740        | 1119  84          10.5        
BL_W110_T1.6_D25                   81          0.660        | 1446  81          12.8        
BL_W120_T1.6_D2                    81          0.660        | 1445  81          12.8        
BL_W120_T1.6_D4                    81          0.660        | 1444  81          12.8        
BL_W110_T1.6_D2                    81          0.660        | 1428  81          12.8        
BL_W110_T1.6_D4                    81          0.660        | 1426  81          12.8        
BL_W110_T1.6_D6                    81          0.660        | 1424  81          12.8        
BL_W110_T1.6_D8                    81          0.660        | 1421  81          12.8        
BL_W110_T1.6_D10                   81          0.660        | 1420  81          12.8        
BL_W110_T1.6_D15                   81          0.660        | 1425  81          12.8        
BL_W110_T1.6_D20                   81          0.660        | 1422  81          12.8        
BL_W120_T1.6_D6                    81          0.660        | 1443  81          12.8        
BL_W120_T1.6_D8                    81          0.660        | 1442  81          12.8        
BL_W120_T1.6_D10                   81          0.660        | 1441  81          12.8        
BL_W20_T1.2_D2                     84          0.660        | 905   84          9.8         
BL_W120_T1.6_D15                   81          0.660        | 1440  81          12.8        
BL_W120_T1.6_D20                   81          0.660        | 1437  81          12.8        
BL_W110_T1.6_D30                   81          0.660        | 1429  81          12.8        
BL_W120_T1.6_D25                   81          0.660        | 1436  81          12.8        
BL_W120_T1.6_D30                   81          0.660        | 1435  81          12.8        
BL_W110_T1.6_D40                   81          0.660        | 1423  81          12.8        
BL_W120_T1.6_D40                   81          0.660        | 1434  81          12.8        
BL_W10_T2.4_D40                    94          0.580        | 2     94          0.5         
BL_W10_T2.4_D2                     94          0.580        | 1     94          0.5         
BL_W10_T2.4_D15                    94          0.580        | 10    94          0.5         
BL_W10_T2.4_D20                    94          0.580        | 5     94          0.5         
BL_W10_T2.4_D25                    94          0.580        | 4     94          0.5         
BL_W10_T2.4_D30                    94          0.580        | 3     94          0.5         
BL_W10_T2.4_D10                    94          0.580        | 9     94          0.5         
BL_W10_T2.4_D8                     94          0.580        | 8     94          0.5         
BL_W10_T2.4_D6                     94          0.580        | 7     94          0.5         
BL_W10_T2.4_D4                     94          0.580        | 6     94          0.5         
BL_W150_T1.8_D15                   75          0.420        | 1815  75          19.5        
BL_W110_T1.8_D40                   75          0.420        | 1724  75          19.5        
BL_W120_T1.8_D4                    111         0.420        | 1604  111         17.3        
BL_W120_T1.8_D2                    111         0.420        | 1602  111         17.3        
BL_W110_T1.8_D30                   75          0.420        | 1725  75          19.5        
BL_W160_T1.8_D40                   75          0.420        | 1775  75          19.5        
BL_W160_T1.8_D30                   75          0.420        | 1786  75          19.5        
BL_W160_T1.8_D25                   75          0.420        | 1787  75          19.5        
BL_W160_T1.8_D20                   75          0.420        | 1788  75          19.5        
BL_W160_T1.8_D15                   75          0.420        | 1789  75          19.5        
BL_W160_T1.8_D10                   75          0.420        | 1790  75          19.5        
BL_W160_T1.8_D8                    75          0.420        | 1791  75          19.5        
BL_W160_T1.8_D6                    75          0.420        | 1792  75          19.5        
BL_W160_T1.8_D4                    75          0.420        | 1793  75          19.5        
BL_W160_T1.8_D2                    75          0.420        | 1794  75          19.5        
BL_W160_T1.6_D40                   75          0.420        | 1714  75          19.4        
BL_W160_T1.6_D30                   75          0.420        | 1716  75          19.4        
BL_W160_T1.6_D25                   75          0.420        | 1717  75          19.4        
BL_W160_T1.6_D20                   75          0.420        | 1718  75          19.4        
BL_W160_T1.6_D15                   75          0.420        | 1721  75          19.4        
BL_W160_T1.6_D10                   75          0.420        | 1719  75          19.4        
BL_W160_T1.6_D8                    75          0.420        | 1713  75          19.4        
BL_W160_T1.6_D6                    75          0.420        | 1712  75          19.4        
BL_W160_T1.6_D4                    75          0.420        | 1715  75          19.4        
BL_W160_T1.6_D2                    75          0.420        | 1720  75          19.4        
BL_W170_T1.6_D6                    75          0.420        | 1796  75          19.5        
BL_W170_T1.8_D15                   75          0.420        | 1808  75          19.5        
BL_W170_T1.8_D10                   75          0.420        | 1807  75          19.5        
BL_W170_T1.8_D8                    75          0.420        | 1806  75          19.5        
BL_W170_T1.8_D6                    75          0.420        | 1795  75          19.5        
BL_W170_T1.8_D4                    75          0.420        | 1804  75          19.5        
BL_W170_T1.8_D2                    75          0.420        | 1803  75          19.5        
BL_W170_T1.6_D40                   75          0.420        | 1802  75          19.5        
BL_W170_T1.6_D30                   75          0.420        | 1801  75          19.5        
BL_W170_T1.6_D25                   75          0.420        | 1800  75          19.5        
BL_W170_T1.6_D20                   75          0.420        | 1799  75          19.5        
BL_W170_T1.6_D15                   75          0.420        | 1798  75          19.5        
BL_W170_T1.6_D10                   75          0.420        | 1797  75          19.5        
BL_W170_T1.6_D8                    75          0.420        | 1742  75          19.5        
BL_W170_T1.8_D20                   75          0.420        | 1809  75          19.5        
BL_W170_T1.6_D4                    75          0.420        | 1813  75          19.5        
BL_W170_T1.6_D2                    75          0.420        | 1814  75          19.5        
BL_W120_T1.8_D40                   75          0.420        | 1750  75          19.5        
BL_W120_T1.8_D30                   75          0.420        | 1751  75          19.5        
BL_W120_T1.8_D25                   75          0.420        | 1759  75          19.5        
BL_W120_T1.8_D20                   75          0.420        | 1762  75          19.5        
BL_W120_T1.8_D15                   75          0.420        | 1763  75          19.5        
BL_W120_T1.8_D10                   75          0.420        | 1764  75          19.5        
BL_W120_T1.8_D8                    75          0.420        | 1765  75          19.5        
BL_W120_T1.8_D6                    112         0.420        | 1682  112         18.1        
BL_W110_T1.8_D6                    75          0.420        | 1768  75          19.5        
BL_W110_T1.8_D4                    75          0.420        | 1767  75          19.5        
BL_W110_T1.8_D2                    75          0.420        | 1766  75          19.5        
BL_W90_T1.8_D2                     75          0.420        | 1741  75          19.5        
BL_W110_T1.8_D20                   75          0.420        | 1727  75          19.5        
BL_W110_T1.8_D15                   75          0.420        | 1729  75          19.5        
BL_W110_T1.8_D10                   75          0.420        | 1770  75          19.5        
BL_W150_T1.8_D2                    111         0.420        | 1592  111         17.3        
BL_W150_T1.8_D4                    111         0.420        | 1593  111         17.3        
BL_W150_T1.8_D6                    112         0.420        | 1654  112         18.1        
BL_W150_T1.8_D8                    75          0.420        | 1743  75          19.5        
BL_W150_T1.8_D10                   75          0.420        | 1723  75          19.5        
BL_W150_T1.8_D20                   75          0.420        | 1805  75          19.5        
BL_W150_T1.8_D25                   75          0.420        | 1816  75          19.5        
BL_W150_T1.8_D30                   75          0.420        | 1817  75          19.5        
BL_W110_T1.8_D8                    75          0.420        | 1769  75          19.5        
BL_W150_T1.8_D40                   75          0.420        | 1818  75          19.5        
BL_W110_T1.8_D25                   75          0.420        | 1726  75          19.5        
BL_W90_T1.8_D4                     75          0.420        | 1740  75          19.5        
BL_W90_T1.8_D6                     75          0.420        | 1739  75          19.5        
BL_W90_T1.8_D8                     75          0.420        | 1738  75          19.5        
BL_W90_T1.8_D10                    75          0.420        | 1737  75          19.5        
BL_W90_T1.8_D15                    75          0.420        | 1736  75          19.5        
BL_W90_T1.8_D20                    75          0.420        | 1735  75          19.5        
BL_W90_T1.8_D25                    75          0.420        | 1734  75          19.5        
BL_W90_T1.8_D30                    75          0.420        | 1733  75          19.5        
BL_W90_T1.8_D40                    75          0.420        | 1728  75          19.5        
BL_W170_T1.8_D40                   75          0.420        | 1812  75          19.5        
BL_W170_T1.8_D30                   75          0.420        | 1811  75          19.5        
BL_W170_T1.8_D25                   75          0.420        | 1810  75          19.5        
BL_W140_T1.8_D40                   75          0.420        | 1758  75          19.5        
BL_W130_T1.8_D25                   75          0.420        | 1747  75          19.5        
BL_W60_T1.8_D15                    75          0.420        | 1779  75          19.5        
BL_W60_T1.8_D20                    75          0.420        | 1778  75          19.5        
BL_W60_T1.8_D25                    75          0.420        | 1777  75          19.5        
BL_W60_T1.8_D30                    75          0.420        | 1776  75          19.5        
BL_W60_T1.8_D40                    75          0.420        | 1785  75          19.5        
BL_W140_T1.8_D25                   75          0.420        | 1756  75          19.5        
BL_W140_T1.8_D30                   75          0.420        | 1757  75          19.5        
BL_W60_T1.8_D10                    75          0.420        | 1780  75          19.5        
BL_W130_T1.8_D20                   75          0.420        | 1748  75          19.5        
BL_W130_T1.8_D15                   75          0.420        | 1749  75          19.5        
BL_W130_T1.8_D10                   75          0.420        | 1744  75          19.5        
BL_W130_T1.8_D8                    75          0.420        | 1761  75          19.5        
BL_W130_T1.8_D6                    112         0.420        | 1643  112         18.1        
BL_W130_T1.8_D4                    112         0.420        | 1644  112         18.1        
BL_W130_T1.8_D2                    112         0.420        | 1645  112         18.1        
BL_W60_T1.8_D6                     75          0.420        | 1782  75          19.5        
BL_W130_T1.8_D40                   75          0.420        | 1745  75          19.5        
BL_W140_T1.8_D2                    111         0.420        | 1607  111         17.3        
BL_W140_T1.8_D4                    111         0.420        | 1585  111         17.3        
BL_W130_T1.8_D30                   75          0.420        | 1746  75          19.5        
BL_W140_T1.8_D6                    112         0.420        | 1632  112         18.1        
BL_W140_T1.8_D8                    75          0.420        | 1752  75          19.5        
BL_W140_T1.8_D10                   75          0.420        | 1753  75          19.5        
BL_W140_T1.8_D15                   75          0.420        | 1754  75          19.5        
BL_W140_T1.8_D20                   75          0.420        | 1755  75          19.5        
BL_W60_T1.8_D2                     75          0.420        | 1784  75          19.5        
BL_W60_T1.8_D4                     75          0.420        | 1783  75          19.5        
BL_W60_T1.8_D8                     75          0.420        | 1781  75          19.5        
BL_W150_T2.2_D10                   108         0.340        | 1543  108         13.7        
BL_W130_T2.0_D20                   73          0.340        | 1830  73          21.4        
BL_W130_T2.0_D15                   108         0.340        | 1500  108         13.5        
BL_W130_T2.0_D25                   73          0.340        | 1820  73          21.4        
BL_W170_T2.6_D15                   109         0.340        | 1578  109         14.7        
BL_W140_T2.2_D15                   108         0.340        | 1490  108         13.5        
BL_W130_T2.0_D30                   73          0.340        | 1846  73          21.4        
BL_W150_T2.2_D15                   108         0.340        | 1513  108         13.5        
BL_W130_T2.2_D15                   108         0.340        | 1506  108         13.5        
BL_W140_T2.2_D10                   108         0.340        | 1549  108         13.7        
BL_W110_T2.0_D2                    73          0.340        | 1855  73          21.4        
BL_W110_T2.0_D4                    73          0.340        | 1854  73          21.4        
BL_W130_T2.0_D10                   108         0.340        | 1528  108         13.7        
BL_W130_T2.0_D8                    73          0.340        | 1825  73          21.4        
BL_W130_T2.0_D6                    73          0.340        | 1824  73          21.4        
BL_W130_T2.0_D4                    73          0.340        | 1831  73          21.4        
BL_W110_T2.0_D6                    73          0.340        | 1847  73          21.4        
BL_W110_T2.0_D8                    73          0.340        | 1848  73          21.4        
BL_W140_T2.4_D15                   108         0.340        | 1485  108         13.5        
BL_W180_T1.8_D4                    73          0.340        | 1819  73          21.4        
BL_W180_T1.8_D6                    73          0.340        | 1832  73          21.4        
BL_W180_T1.8_D8                    73          0.340        | 1835  73          21.4        
BL_W180_T1.8_D10                   73          0.340        | 1836  73          21.4        
BL_W180_T1.8_D15                   73          0.340        | 1838  73          21.4        
BL_W180_T1.8_D20                   73          0.340        | 1840  73          21.4        
BL_W180_T1.8_D25                   73          0.340        | 1841  73          21.4        
BL_W180_T1.8_D30                   73          0.340        | 1842  73          21.4        
BL_W180_T1.8_D40                   73          0.340        | 1829  73          21.4        
BL_W160_T2.4_D15                   108         0.340        | 1455  108         13.5        
BL_W160_T2.4_D10                   108         0.340        | 1531  108         13.7        
BL_W120_T2.0_D10                   108         0.340        | 1524  108         13.7        
BL_W120_T2.0_D15                   108         0.340        | 1511  108         13.5        
BL_W130_T2.4_D10                   108         0.340        | 1538  108         13.7        
BL_W140_T2.4_D10                   108         0.340        | 1548  108         13.7        
BL_W160_T2.6_D10                   108         0.340        | 1525  108         13.7        
BL_W160_T2.6_D15                   108         0.340        | 1468  108         13.5        
BL_W180_T1.8_D2                    73          0.340        | 1821  73          21.4        
BL_W130_T2.2_D10                   108         0.340        | 1554  108         13.7        
BL_W150_T2.0_D15                   108         0.340        | 1515  108         13.5        
BL_W150_T2.0_D10                   108         0.340        | 1544  108         13.7        
BL_W150_T2.6_D15                   108         0.340        | 1516  108         13.5        
BL_W150_T2.6_D10                   108         0.340        | 1540  108         13.7        
BL_W120_T2.2_D10                   108         0.340        | 1530  108         13.7        
BL_W120_T2.2_D15                   108         0.340        | 1514  108         13.5        
BL_W130_T2.4_D15                   108         0.340        | 1505  108         13.5        
BL_W130_T2.0_D40                   73          0.340        | 1845  73          21.4        
BL_W170_T2.2_D10                   109         0.340        | 1577  109         14.7        
BL_W170_T2.4_D15                   109         0.340        | 1571  109         14.7        
BL_W170_T2.4_D10                   109         0.340        | 1569  109         14.7        
BL_W150_T2.4_D10                   108         0.340        | 1541  108         13.7        
BL_W150_T2.4_D15                   108         0.340        | 1509  108         13.5        
BL_W70_T1.8_D4                     73          0.340        | 1827  73          21.4        
BL_W70_T1.8_D6                     73          0.340        | 1826  73          21.4        
BL_W70_T1.8_D8                     73          0.340        | 1823  73          21.4        
BL_W70_T1.8_D10                    73          0.340        | 1833  73          21.4        
BL_W140_T2.0_D15                   108         0.340        | 1493  108         13.5        
BL_W140_T2.0_D10                   108         0.340        | 1550  108         13.7        
BL_W170_T2.2_D15                   109         0.340        | 1575  109         14.7        
BL_W110_T2.0_D15                   108         0.340        | 1504  108         13.5        
BL_W70_T1.8_D15                    73          0.340        | 1834  73          21.4        
BL_W70_T1.8_D20                    73          0.340        | 1837  73          21.4        
BL_W70_T1.8_D25                    73          0.340        | 1839  73          21.4        
BL_W70_T1.8_D30                    73          0.340        | 1843  73          21.4        
BL_W70_T1.8_D40                    73          0.340        | 1844  73          21.4        
BL_W170_T2.0_D2                    109         0.340        | 1568  109         14.7        
BL_W170_T2.0_D4                    109         0.340        | 1566  109         14.7        
BL_W170_T2.0_D6                    109         0.340        | 1570  109         14.7        
BL_W170_T2.0_D15                   109         0.340        | 1574  109         14.7        
BL_W170_T2.0_D10                   109         0.340        | 1573  109         14.7        
BL_W170_T2.0_D8                    109         0.340        | 1572  109         14.7        
BL_W160_T2.2_D15                   108         0.340        | 1476  108         13.5        
BL_W160_T2.0_D10                   108         0.340        | 1529  108         13.7        
BL_W160_T2.0_D15                   108         0.340        | 1463  108         13.5        
BL_W100_T2.0_D15                   108         0.340        | 1502  108         13.5        
BL_W160_T2.2_D10                   108         0.340        | 1535  108         13.7        
BL_W70_T1.8_D2                     73          0.340        | 1828  73          21.4        
BL_W170_T2.6_D10                   109         0.340        | 1576  109         14.7        
BL_W110_T2.0_D40                   73          0.340        | 1853  73          21.4        
BL_W110_T2.0_D30                   73          0.340        | 1852  73          21.4        
BL_W130_T2.0_D2                    73          0.340        | 1822  73          21.4        
BL_W110_T2.0_D25                   73          0.340        | 1851  73          21.4        
BL_W110_T2.0_D20                   73          0.340        | 1850  73          21.4        
BL_W110_T2.0_D10                   73          0.340        | 1849  73          21.4        
BL_W120_T2.0_D6                    71          0.260        | 1867  71          23.0        
BL_W200_T2.0_D6                    71          0.260        | 1890  71          23.0        
BL_W100_T2.8_D15                   108         0.260        | 1491  108         13.5        
BL_W100_T2.0_D40                   71          0.260        | 1943  71          23.0        
BL_W120_T2.0_D8                    71          0.260        | 1868  71          23.0        
BL_W100_T2.0_D30                   71          0.260        | 1915  71          23.0        
BL_W100_T2.0_D25                   71          0.260        | 1914  71          23.0        
BL_W100_T2.0_D20                   71          0.260        | 1913  71          23.0        
BL_W10_T2.8_D15                    108         0.260        | 1561  108         14.0        
BL_W160_T3.0_D15                   108         0.260        | 1478  108         13.5        
BL_W100_T2.0_D6                    71          0.260        | 1897  71          23.0        
BL_W20_T2.2_D2                     141         0.260        | 1983  141         47.2        
BL_W50_T2.2_D15                    108         0.260        | 1460  108         13.5        
BL_W100_T2.4_D15                   108         0.260        | 1495  108         13.5        
BL_W100_T2.0_D8                    71          0.260        | 1898  71          23.0        
BL_W100_T2.0_D4                    71          0.260        | 1896  71          23.0        
BL_W100_T2.0_D2                    71          0.260        | 1906  71          23.0        
BL_W100_T2.0_D10                   71          0.260        | 1901  71          23.0        
BL_W100_T2.2_D15                   108         0.260        | 1496  108         13.5        
BL_W120_T2.0_D20                   71          0.260        | 1869  71          23.0        
BL_W160_T3.0_D10                   108         0.260        | 1526  108         13.7        
BL_W140_T2.6_D10                   108         0.260        | 1547  108         13.7        
BL_W140_T2.6_D15                   108         0.260        | 1482  108         13.5        
BL_W160_T2.8_D15                   108         0.260        | 1473  108         13.5        
BL_W160_T2.8_D10                   108         0.260        | 1523  108         13.7        
BL_W100_T2.6_D15                   108         0.260        | 1481  108         13.5        
BL_W120_T2.0_D40                   71          0.260        | 1857  71          23.0        
BL_W120_T2.0_D30                   71          0.260        | 1871  71          23.0        
BL_W120_T2.0_D25                   71          0.260        | 1870  71          23.0        
BL_W160_T2.0_D8                    71          0.260        | 1910  71          23.0        
BL_W140_T2.0_D20                   71          0.260        | 1917  71          23.0        
BL_W140_T2.0_D25                   71          0.260        | 1933  71          23.0        
BL_W140_T2.0_D30                   71          0.260        | 1934  71          23.0        
BL_W60_T2.2_D15                    108         0.260        | 1477  108         13.5        
BL_W140_T2.0_D40                   71          0.260        | 1935  71          23.0        
BL_W160_T2.0_D2                    71          0.260        | 1907  71          23.0        
BL_W160_T2.0_D4                    71          0.260        | 1908  71          23.0        
BL_W160_T2.0_D6                    71          0.260        | 1909  71          23.0        
BL_W110_T2.6_D15                   108         0.260        | 1512  108         13.5        
BL_W110_T2.4_D15                   108         0.260        | 1510  108         13.5        
BL_W160_T2.0_D20                   71          0.260        | 1911  71          23.0        
BL_W160_T2.0_D25                   71          0.260        | 1912  71          23.0        
BL_W160_T2.0_D30                   71          0.260        | 1937  71          23.0        
BL_W160_T2.0_D40                   71          0.260        | 1942  71          23.0        
BL_W110_T2.2_D15                   108         0.260        | 1518  108         13.5        
BL_W130_T2.8_D15                   108         0.260        | 1501  108         13.5        
BL_W130_T2.8_D10                   108         0.260        | 1551  108         13.7        
BL_W130_T3.0_D10                   108         0.260        | 1527  108         13.7        
BL_W130_T3.0_D15                   108         0.260        | 1499  108         13.5        
BL_W140_T2.0_D8                    71          0.260        | 1881  71          23.0        
BL_W140_T2.0_D6                    71          0.260        | 1918  71          23.0        
BL_W60_T2.0_D15                    108         0.260        | 1475  108         13.5        
BL_W140_T2.0_D4                    71          0.260        | 1919  71          23.0        
BL_W140_T2.0_D2                    71          0.260        | 1920  71          23.0        
BL_W110_T2.8_D15                   108         0.260        | 1464  108         13.5        
BL_W110_T3.0_D15                   108         0.260        | 1488  108         13.5        
BL_W50_T2.8_D15                    108         0.260        | 1471  108         13.5        
BL_W50_T3.0_D15                    108         0.260        | 1466  108         13.5        
BL_W150_T3.0_D15                   108         0.260        | 1454  108         13.5        
BL_W150_T3.0_D10                   108         0.260        | 1542  108         13.7        
BL_W150_T2.8_D15                   108         0.260        | 1457  108         13.5        
BL_W150_T2.8_D10                   108         0.260        | 1539  108         13.7        
BL_W200_T1.8_D40                   84          0.260        | 1036  84          10.5        
BL_W120_T2.0_D2                    71          0.260        | 1865  71          23.0        
BL_W100_T3.0_D15                   108         0.260        | 1486  108         13.5        
BL_W10_T2.6_D15                    108         0.260        | 1564  108         14.0        
BL_W50_T2.4_D15                    108         0.260        | 1459  108         13.5        
BL_W50_T2.6_D15                    108         0.260        | 1452  108         13.5        
BL_W200_T1.8_D2                    84          0.260        | 1068  84          10.5        
BL_W200_T1.8_D4                    84          0.260        | 1069  84          10.5        
BL_W60_T3.0_D15                    108         0.260        | 1453  108         13.5        
BL_W200_T1.8_D6                    84          0.260        | 1070  84          10.5        
BL_W200_T1.8_D8                    84          0.260        | 1071  84          10.5        
BL_W200_T1.8_D10                   84          0.260        | 1031  84          10.5        
BL_W200_T1.8_D15                   84          0.260        | 1032  84          10.5        
BL_W200_T1.8_D20                   84          0.260        | 1033  84          10.5        
BL_W200_T1.8_D25                   84          0.260        | 1034  84          10.5        
BL_W200_T1.8_D30                   84          0.260        | 1035  84          10.5        
BL_W120_T2.0_D4                    71          0.260        | 1866  71          23.0        
BL_W200_T2.0_D2                    71          0.260        | 1892  71          23.0        
BL_W60_T2.8_D15                    108         0.260        | 1451  108         13.5        
BL_W200_T2.0_D4                    71          0.260        | 1891  71          23.0        
BL_W50_T1.8_D4                     84          0.260        | 1183  84          10.5        
BL_W200_T2.0_D8                    71          0.260        | 1889  71          23.0        
BL_W200_T2.0_D10                   71          0.260        | 1888  71          23.0        
BL_W200_T2.0_D15                   71          0.260        | 1887  71          23.0        
BL_W200_T2.0_D20                   71          0.260        | 1886  71          23.0        
BL_W200_T2.0_D25                   71          0.260        | 1872  71          23.0        
BL_W200_T2.0_D30                   71          0.260        | 1883  71          23.0        
BL_W200_T2.0_D40                   71          0.260        | 1880  71          23.0        
BL_W60_T2.6_D15                    108         0.260        | 1472  108         13.5        
BL_W130_T2.6_D10                   108         0.260        | 1552  108         13.7        
BL_W130_T2.6_D15                   108         0.260        | 1503  108         13.5        
BL_W60_T2.4_D15                    108         0.260        | 1480  108         13.5        
BL_W70_T2.8_D15                    108         0.260        | 1469  108         13.5        
BL_W80_T3.0_D15                    108         0.260        | 1508  108         13.5        
BL_W180_T2.8_D10                   106         0.260        | 1415  106         11.8        
BL_W180_T2.8_D15                   106         0.260        | 1411  106         11.8        
BL_W80_T2.8_D15                    108         0.260        | 1520  108         13.5        
BL_W70_T2.6_D15                    108         0.260        | 1470  108         13.5        
BL_W190_T2.2_D15                   105         0.260        | 1394  105         11.1        
BL_W190_T2.2_D10                   105         0.260        | 1393  105         11.1        
BL_W190_T2.0_D40                   71          0.260        | 1905  71          23.0        
BL_W190_T2.0_D30                   71          0.260        | 1904  71          23.0        
BL_W80_T2.6_D15                    108         0.260        | 1494  108         13.5        
BL_W190_T2.4_D10                   105         0.260        | 1383  105         11.1        
BL_W190_T2.0_D25                   71          0.260        | 1903  71          23.0        
BL_W190_T2.0_D20                   71          0.260        | 1902  71          23.0        
BL_W190_T2.0_D15                   105         0.260        | 1392  105         11.1        
BL_W190_T2.0_D10                   105         0.260        | 1391  105         11.1        
BL_W190_T2.0_D8                    105         0.260        | 1390  105         11.1        
BL_W190_T2.0_D6                    105         0.260        | 1389  105         11.1        
BL_W190_T2.0_D4                    105         0.260        | 1388  105         11.1        
BL_W190_T2.0_D2                    105         0.260        | 1387  105         11.1        
BL_W80_T2.4_D15                    108         0.260        | 1456  108         13.5        
BL_W140_T3.0_D15                   108         0.260        | 1519  108         13.5        
BL_W140_T2.8_D15                   108         0.260        | 1521  108         13.5        
BL_W140_T3.0_D10                   108         0.260        | 1545  108         13.7        
BL_W150_T2.0_D8                    71          0.260        | 1859  71          23.0        
BL_W150_T2.0_D6                    71          0.260        | 1860  71          23.0        
BL_W180_T2.2_D10                   106         0.260        | 1412  106         11.8        
BL_W180_T2.2_D15                   106         0.260        | 1413  106         11.8        
BL_W120_T3.0_D10                   108         0.260        | 1536  108         13.7        
BL_W120_T3.0_D15                   108         0.260        | 1484  108         13.5        
BL_W170_T2.0_D20                   71          0.260        | 1893  71          23.0        
BL_W150_T2.0_D2                    71          0.260        | 1862  71          23.0        
BL_W190_T1.8_D40                   83          0.260        | 1343  83          11.0        
BL_W190_T2.6_D15                   105         0.260        | 1397  105         11.1        
BL_W70_T2.2_D15                    108         0.260        | 1474  108         13.5        
BL_W180_T2.4_D10                   106         0.260        | 1419  106         11.8        
BL_W180_T2.4_D15                   106         0.260        | 1404  106         11.8        
BL_W190_T2.6_D10                   105         0.260        | 1399  105         11.1        
BL_W180_T2.6_D10                   106         0.260        | 1409  106         11.8        
BL_W180_T2.6_D15                   106         0.260        | 1408  106         11.8        
BL_W70_T2.4_D15                    108         0.260        | 1462  108         13.5        
BL_W190_T2.4_D15                   105         0.260        | 1395  105         11.1        
BL_W50_T2.0_D2                     71          0.260        | 1924  71          23.0        
BL_W80_T2.0_D2                     71          0.260        | 1923  71          23.0        
BL_W50_T2.0_D40                    71          0.260        | 1932  71          23.0        
BL_W50_T2.0_D30                    71          0.260        | 1931  71          23.0        
BL_W50_T2.0_D25                    71          0.260        | 1930  71          23.0        
BL_W50_T2.0_D20                    71          0.260        | 1929  71          23.0        
BL_W50_T2.0_D15                    108         0.260        | 1461  108         13.5        
BL_W50_T2.0_D10                    71          0.260        | 1928  71          23.0        
BL_W50_T2.0_D8                     71          0.260        | 1916  71          23.0        
BL_W50_T2.0_D6                     71          0.260        | 1926  71          23.0        
BL_W50_T2.0_D4                     71          0.260        | 1925  71          23.0        
BL_W80_T2.0_D4                     71          0.260        | 1922  71          23.0        
BL_W50_T1.8_D40                    84          0.260        | 1112  84          10.5        
BL_W50_T1.8_D30                    84          0.260        | 1205  84          10.5        
BL_W50_T1.8_D25                    84          0.260        | 1203  84          10.5        
BL_W50_T1.8_D20                    84          0.260        | 1202  84          10.5        
BL_W50_T1.8_D15                    108         0.260        | 1465  108         13.5        
BL_W50_T1.8_D10                    84          0.260        | 1208  84          10.5        
BL_W50_T1.8_D8                     84          0.260        | 1233  84          10.5        
BL_W50_T1.8_D6                     84          0.260        | 1175  84          10.5        
BL_W50_T1.8_D2                     84          0.260        | 1182  84          10.5        
BL_W190_T1.8_D8                    105         0.260        | 1382  105         11.1        
BL_W70_T3.0_D15                    108         0.260        | 1467  108         13.5        
BL_W190_T1.8_D30                   83          0.260        | 1356  83          11.0        
BL_W10_T3.0_D15                    108         0.260        | 1560  108         14.0        
BL_W190_T1.8_D25                   83          0.260        | 1357  83          11.0        
BL_W190_T1.8_D20                   83          0.260        | 1358  83          11.0        
BL_W190_T1.8_D15                   105         0.260        | 1386  105         11.1        
BL_W80_T2.2_D15                    108         0.260        | 1450  108         13.5        
BL_W190_T1.8_D2                    105         0.260        | 1398  105         11.1        
BL_W190_T1.8_D4                    105         0.260        | 1403  105         11.1        
BL_W190_T1.8_D6                    105         0.260        | 1384  105         11.1        
BL_W150_T2.0_D4                    71          0.260        | 1861  71          23.0        
BL_W190_T1.8_D10                   105         0.260        | 1385  105         11.1        
BL_W80_T2.0_D40                    71          0.260        | 1874  71          23.0        
BL_W80_T2.0_D30                    71          0.260        | 1873  71          23.0        
BL_W80_T2.0_D25                    71          0.260        | 1927  71          23.0        
BL_W80_T2.0_D20                    71          0.260        | 1900  71          23.0        
BL_W80_T2.0_D15                    108         0.260        | 1458  108         13.5        
BL_W80_T2.0_D10                    71          0.260        | 1899  71          23.0        
BL_W80_T2.0_D8                     71          0.260        | 1936  71          23.0        
BL_W80_T2.0_D6                     71          0.260        | 1921  71          23.0        
BL_W20_T1.6_D20                    75          0.260        | 1774  75          19.5        
BL_W150_T2.0_D30                   71          0.260        | 1882  71          23.0        
BL_W150_T2.0_D25                   71          0.260        | 1885  71          23.0        
BL_W90_T2.6_D15                    108         0.260        | 1492  108         13.5        
BL_W150_T2.0_D20                   71          0.260        | 1858  71          23.0        
BL_W70_T2.0_D15                    108         0.260        | 1479  108         13.5        
BL_W20_T1.6_D40                    75          0.260        | 1771  75          19.5        
BL_W20_T1.6_D30                    75          0.260        | 1772  75          19.5        
BL_W20_T1.6_D25                    75          0.260        | 1773  75          19.5        
BL_W150_T2.0_D40                   71          0.260        | 1879  71          23.0        
BL_W20_T1.6_D15                    75          0.260        | 1760  75          19.5        
BL_W20_T1.6_D10                    75          0.260        | 1722  75          19.5        
BL_W20_T1.6_D8                     75          0.260        | 1732  75          19.5        
BL_W90_T2.4_D15                    108         0.260        | 1489  108         13.5        
BL_W20_T1.6_D6                     75          0.260        | 1731  75          19.5        
BL_W20_T1.6_D4                     75          0.260        | 1730  75          19.5        
BL_W20_T1.6_D2                     141         0.260        | 1989  141         47.2        
BL_W90_T2.2_D15                    108         0.260        | 1487  108         13.5        
BL_W170_T2.8_D10                   109         0.260        | 1567  109         14.7        
BL_W170_T2.0_D25                   71          0.260        | 1894  71          23.0        
BL_W170_T2.0_D30                   71          0.260        | 1884  71          23.0        
BL_W170_T2.0_D40                   71          0.260        | 1856  71          23.0        
BL_W120_T2.4_D10                   108         0.260        | 1533  108         13.7        
BL_W120_T2.4_D15                   108         0.260        | 1517  108         13.5        
BL_W120_T2.6_D10                   108         0.260        | 1534  108         13.7        
BL_W120_T2.6_D15                   108         0.260        | 1522  108         13.5        
BL_W90_T3.0_D15                    108         0.260        | 1498  108         13.5        
BL_W20_T1.8_D2                     141         0.260        | 1982  141         47.2        
BL_W170_T2.8_D15                   109         0.260        | 1579  109         14.7        
BL_W170_T3.0_D10                   109         0.260        | 1581  109         14.7        
BL_W90_T2.8_D15                    108         0.260        | 1497  108         13.5        
BL_W170_T3.0_D15                   109         0.260        | 1580  109         14.7        
BL_W120_T2.8_D10                   108         0.260        | 1537  108         13.7        
BL_W120_T2.8_D15                   108         0.260        | 1483  108         13.5        
BL_W20_T2.0_D2                     141         0.260        | 1962  141         47.2        
BL_W180_T2.0_D15                   106         0.260        | 1414  106         11.8        
BL_W190_T2.8_D10                   105         0.260        | 1396  105         11.1        
BL_W190_T2.8_D15                   105         0.260        | 1402  105         11.1        
BL_W140_T2.8_D10                   108         0.260        | 1546  108         13.7        
BL_W180_T2.0_D40                   71          0.260        | 1878  71          23.0        
BL_W180_T2.0_D30                   71          0.260        | 1877  71          23.0        
BL_W180_T2.0_D25                   71          0.260        | 1876  71          23.0        
BL_W180_T2.0_D20                   71          0.260        | 1875  71          23.0        
BL_W180_T2.0_D2                    106         0.260        | 1407  106         11.8        
BL_W90_T2.0_D15                    108         0.260        | 1507  108         13.5        
BL_W180_T2.0_D10                   106         0.260        | 1417  106         11.8        
BL_W180_T2.0_D8                    106         0.260        | 1418  106         11.8        
BL_W180_T2.0_D4                    106         0.260        | 1410  106         11.8        
BL_W180_T2.0_D6                    106         0.260        | 1416  106         11.8        
BL_W10_T2.8_D2                     128         0.208        | 1952  128         33.9        
BL_W10_T3.0_D4                     142         0.208        | 1997  142         48.0        
BL_W10_T3.0_D2                     128         0.208        | 1954  128         33.9        
BL_W10_T2.6_D4                     142         0.208        | 1999  142         48.0        
BL_W10_T2.8_D4                     142         0.208        | 1995  142         48.0        
BL_W10_T2.6_D2                     128         0.208        | 1953  128         33.9        
BL_W20_T3.0_D10                    141         0.126        | 1973  141         47.2        
BL_W150_T2.2_D30                   102         0.126        | 490   102         7.5         
BL_W150_T2.2_D40                   102         0.126        | 480   102         7.5         
BL_W150_T2.4_D2                    102         0.126        | 698   102         8.2         
BL_W150_T2.4_D4                    102         0.126        | 697   102         8.2         
BL_W150_T2.2_D25                   102         0.126        | 699   102         8.2         
BL_W150_T2.2_D20                   102         0.126        | 700   102         8.2         
BL_W150_T2.4_D8                    112         0.126        | 1659  112         18.1        
BL_W150_T2.6_D30                   102         0.126        | 498   102         7.5         
BL_W150_T2.4_D6                    112         0.126        | 1658  112         18.1        
BL_W140_T2.6_D8                    112         0.126        | 1677  112         18.1        
BL_W140_T2.8_D8                    112         0.126        | 1674  112         18.1        
BL_W150_T2.4_D20                   102         0.126        | 696   102         8.2         
BL_W150_T2.4_D25                   102         0.126        | 695   102         8.2         
BL_W150_T2.4_D30                   102         0.126        | 479   102         7.5         
BL_W150_T2.4_D40                   102         0.126        | 478   102         7.5         
BL_W150_T2.6_D2                    102         0.126        | 694   102         8.2         
BL_W150_T2.6_D4                    102         0.126        | 711   102         8.2         
BL_W150_T2.6_D40                   102         0.126        | 497   102         7.5         
BL_W140_T2.8_D6                    112         0.126        | 1675  112         18.1        
BL_W150_T2.8_D6                    112         0.126        | 1664  112         18.1        
BL_W140_T3.0_D8                    112         0.126        | 1655  112         18.1        
BL_W140_T2.4_D30                   102         0.126        | 413   102         7.5         
BL_W140_T2.2_D6                    112         0.126        | 1631  112         18.1        
BL_W20_T3.0_D6                     141         0.126        | 1971  141         47.2        
BL_W140_T2.2_D20                   102         0.126        | 680   102         8.2         
BL_W140_T2.2_D25                   102         0.126        | 674   102         8.2         
BL_W140_T2.2_D30                   102         0.126        | 411   102         7.5         
BL_W140_T2.2_D40                   102         0.126        | 412   102         7.5         
BL_W140_T2.4_D2                    102         0.126        | 677   102         8.2         
BL_W140_T2.4_D4                    102         0.126        | 678   102         8.2         
BL_W140_T2.2_D4                    102         0.126        | 681   102         8.2         
BL_W170_T2.2_D8                    102         0.126        | 835   102         8.2         
BL_W150_T2.6_D25                   102         0.126        | 713   102         8.2         
BL_W150_T2.6_D20                   102         0.126        | 703   102         8.2         
BL_W140_T2.4_D6                    112         0.126        | 1626  112         18.1        
BL_W140_T2.4_D20                   102         0.126        | 714   102         8.2         
BL_W150_T2.2_D8                    112         0.126        | 1657  112         18.1        
BL_W20_T3.0_D8                     141         0.126        | 1972  141         47.2        
BL_W150_T2.2_D2                    102         0.126        | 702   102         8.2         
BL_W150_T2.6_D8                    112         0.126        | 1661  112         18.1        
BL_W150_T2.6_D6                    112         0.126        | 1660  112         18.1        
BL_W150_T2.2_D4                    102         0.126        | 701   102         8.2         
BL_W140_T2.4_D40                   102         0.126        | 414   102         7.5         
BL_W140_T2.2_D8                    112         0.126        | 1630  112         18.1        
BL_W140_T2.4_D25                   102         0.126        | 706   102         8.2         
BL_W140_T2.4_D8                    112         0.126        | 1625  112         18.1        
BL_W140_T2.6_D6                    112         0.126        | 1680  112         18.1        
BL_W140_T2.2_D2                    102         0.126        | 682   102         8.2         
BL_W150_T2.2_D6                    112         0.126        | 1656  112         18.1        
BL_W190_T2.8_D25                   102         0.126        | 707   102         8.2         
BL_W190_T2.6_D4                    102         0.126        | 856   102         8.2         
BL_W190_T2.6_D6                    102         0.126        | 857   102         8.2         
BL_W190_T2.6_D8                    102         0.126        | 858   102         8.2         
BL_W190_T2.6_D20                   102         0.126        | 859   102         8.2         
BL_W190_T2.6_D25                   102         0.126        | 860   102         8.2         
BL_W190_T2.6_D30                   102         0.126        | 602   102         7.5         
BL_W190_T2.6_D40                   102         0.126        | 603   102         7.5         
BL_W190_T2.8_D2                    102         0.126        | 829   102         8.2         
BL_W190_T2.8_D4                    102         0.126        | 861   102         8.2         
BL_W190_T2.8_D6                    102         0.126        | 704   102         8.2         
BL_W190_T2.8_D8                    102         0.126        | 712   102         8.2         
BL_W190_T2.8_D20                   102         0.126        | 708   102         8.2         
BL_W190_T2.6_D2                    102         0.126        | 855   102         8.2         
BL_W190_T2.8_D30                   102         0.126        | 604   102         7.5         
BL_W190_T2.8_D40                   102         0.126        | 605   102         7.5         
BL_W190_T3.0_D10                   105         0.126        | 1401  105         11.1        
BL_W190_T3.0_D15                   105         0.126        | 1400  105         11.1        
BL_W10_T2.8_D40                    87          0.126        | 392   87          6.6         
BL_W10_T2.8_D30                    88          0.126        | 383   88          6.0         
BL_W10_T2.8_D10                    104         0.126        | 920   104         10.0        
BL_W10_T2.8_D8                     142         0.126        | 1993  142         47.7        
BL_W10_T2.8_D6                     142         0.126        | 1998  142         48.0        
BL_W10_T2.6_D40                    87          0.126        | 390   87          6.6         
BL_W10_T2.6_D30                    88          0.126        | 381   88          6.0         
BL_W10_T2.6_D10                    104         0.126        | 923   104         10.0        
BL_W190_T2.2_D8                    102         0.126        | 813   102         8.2         
BL_W180_T2.8_D30                   102         0.126        | 522   102         7.5         
BL_W180_T2.8_D40                   102         0.126        | 523   102         7.5         
BL_W180_T3.0_D10                   106         0.126        | 1406  106         11.8        
BL_W180_T3.0_D15                   106         0.126        | 1405  106         11.8        
BL_W10_T3.0_D40                    87          0.126        | 391   87          6.6         
BL_W10_T3.0_D30                    88          0.126        | 382   88          6.0         
BL_W10_T3.0_D10                    104         0.126        | 919   104         10.0        
BL_W10_T3.0_D8                     142         0.126        | 1992  142         47.7        
BL_W10_T3.0_D6                     142         0.126        | 1996  142         48.0        
BL_W190_T2.2_D2                    102         0.126        | 817   102         8.2         
BL_W190_T2.2_D4                    102         0.126        | 818   102         8.2         
BL_W190_T2.2_D6                    102         0.126        | 797   102         8.2         
BL_W10_T2.6_D8                     142         0.126        | 1994  142         47.7        
BL_W190_T2.2_D20                   102         0.126        | 846   102         8.2         
BL_W190_T2.2_D25                   102         0.126        | 847   102         8.2         
BL_W190_T2.2_D30                   102         0.126        | 598   102         7.5         
BL_W190_T2.2_D40                   102         0.126        | 599   102         7.5         
BL_W190_T2.4_D2                    102         0.126        | 849   102         8.2         
BL_W190_T2.4_D4                    102         0.126        | 850   102         8.2         
BL_W190_T2.4_D6                    102         0.126        | 851   102         8.2         
BL_W190_T2.4_D8                    102         0.126        | 852   102         8.2         
BL_W190_T2.4_D20                   102         0.126        | 843   102         8.2         
BL_W190_T2.4_D25                   102         0.126        | 854   102         8.2         
BL_W190_T2.4_D30                   102         0.126        | 600   102         7.5         
BL_W190_T2.4_D40                   102         0.126        | 601   102         7.5         
BL_W200_T2.8_D20                   102         0.126        | 738   102         8.2         
BL_W200_T2.6_D10                   103         0.126        | 871   103         8.8         
BL_W200_T2.6_D15                   102         0.126        | 777   102         8.2         
BL_W200_T2.6_D20                   102         0.126        | 778   102         8.2         
BL_W200_T2.6_D25                   102         0.126        | 779   102         8.2         
BL_W200_T2.6_D30                   102         0.126        | 573   102         7.5         
BL_W200_T2.6_D40                   102         0.126        | 574   102         7.5         
BL_W200_T2.8_D2                    102         0.126        | 735   102         8.2         
BL_W200_T2.8_D4                    102         0.126        | 731   102         8.2         
BL_W200_T2.8_D6                    102         0.126        | 723   102         8.2         
BL_W200_T2.8_D8                    102         0.126        | 736   102         8.2         
BL_W200_T2.8_D10                   103         0.126        | 874   103         8.8         
BL_W200_T2.8_D15                   102         0.126        | 737   102         8.2         
BL_W200_T2.6_D8                    102         0.126        | 776   102         8.2         
BL_W200_T2.8_D25                   102         0.126        | 739   102         8.2         
BL_W200_T2.8_D30                   102         0.126        | 587   102         7.5         
BL_W200_T2.8_D40                   102         0.126        | 591   102         7.5         
BL_W200_T3.0_D2                    102         0.126        | 741   102         8.2         
BL_W200_T3.0_D4                    102         0.126        | 742   102         8.2         
BL_W200_T3.0_D6                    102         0.126        | 743   102         8.2         
BL_W200_T3.0_D8                    102         0.126        | 744   102         8.2         
BL_W200_T3.0_D10                   103         0.126        | 872   103         8.8         
BL_W200_T3.0_D15                   102         0.126        | 747   102         8.2         
BL_W200_T3.0_D20                   102         0.126        | 748   102         8.2         
BL_W200_T3.0_D25                   102         0.126        | 749   102         8.2         
BL_W200_T3.0_D30                   102         0.126        | 595   102         7.5         
BL_W200_T2.4_D4                    102         0.126        | 766   102         8.2         
BL_W10_T2.6_D6                     142         0.126        | 2000  142         48.0        
BL_W200_T2.2_D2                    102         0.126        | 686   102         8.2         
BL_W200_T2.2_D4                    102         0.126        | 687   102         8.2         
BL_W200_T2.2_D6                    102         0.126        | 688   102         8.2         
BL_W200_T2.2_D8                    102         0.126        | 689   102         8.2         
BL_W200_T2.2_D10                   103         0.126        | 873   103         8.8         
BL_W200_T2.2_D15                   102         0.126        | 690   102         8.2         
BL_W200_T2.2_D20                   102         0.126        | 691   102         8.2         
BL_W200_T2.2_D25                   102         0.126        | 692   102         8.2         
BL_W200_T2.2_D30                   102         0.126        | 623   102         7.5         
BL_W200_T2.2_D40                   102         0.126        | 624   102         7.5         
BL_W200_T2.4_D2                    102         0.126        | 767   102         8.2         
BL_W180_T2.8_D25                   102         0.126        | 836   102         8.2         
BL_W200_T2.4_D6                    102         0.126        | 765   102         8.2         
BL_W200_T2.4_D8                    102         0.126        | 764   102         8.2         
BL_W200_T2.4_D10                   103         0.126        | 875   103         8.8         
BL_W200_T2.4_D15                   102         0.126        | 753   102         8.2         
BL_W200_T2.4_D20                   102         0.126        | 752   102         8.2         
BL_W200_T2.4_D25                   102         0.126        | 760   102         8.2         
BL_W200_T2.4_D30                   102         0.126        | 570   102         7.5         
BL_W200_T2.4_D40                   102         0.126        | 571   102         7.5         
BL_W200_T2.6_D2                    102         0.126        | 773   102         8.2         
BL_W200_T2.6_D4                    102         0.126        | 774   102         8.2         
BL_W200_T2.6_D6                    102         0.126        | 775   102         8.2         
BL_W20_T2.2_D8                     141         0.126        | 1986  141         47.2        
BL_W160_T2.6_D4                    102         0.126        | 815   102         8.2         
BL_W160_T2.6_D6                    102         0.126        | 816   102         8.2         
BL_W160_T2.6_D8                    102         0.126        | 820   102         8.2         
BL_W160_T2.6_D20                   102         0.126        | 833   102         8.2         
BL_W160_T2.6_D25                   102         0.126        | 834   102         8.2         
BL_W160_T2.6_D30                   102         0.126        | 472   102         7.5         
BL_W160_T2.6_D40                   102         0.126        | 443   102         7.5         
BL_W20_T2.4_D10                    141         0.126        | 1991  141         47.2        
BL_W20_T2.4_D8                     141         0.126        | 1990  141         47.2        
BL_W20_T2.4_D6                     141         0.126        | 1976  141         47.2        
BL_W20_T2.4_D4                     141         0.126        | 1988  141         47.2        
BL_W20_T2.2_D10                    141         0.126        | 1987  141         47.2        
BL_W160_T2.6_D2                    102         0.126        | 819   102         8.2         
BL_W20_T2.2_D6                     141         0.126        | 1985  141         47.2        
BL_W20_T2.2_D4                     141         0.126        | 1984  141         47.2        
BL_W170_T2.2_D2                    102         0.126        | 845   102         8.2         
BL_W170_T2.2_D4                    102         0.126        | 844   102         8.2         
BL_W170_T2.2_D6                    102         0.126        | 791   102         8.2         
BL_W200_T3.0_D40                   102         0.126        | 596   102         7.5         
BL_W170_T2.2_D20                   102         0.126        | 812   102         8.2         
BL_W170_T2.2_D25                   102         0.126        | 848   102         8.2         
BL_W170_T2.2_D30                   102         0.126        | 435   102         7.5         
BL_W170_T2.2_D40                   102         0.126        | 428   102         7.5         
BL_W170_T2.4_D2                    102         0.126        | 715   102         8.2         
BL_W170_T2.4_D4                    102         0.126        | 673   102         8.2         
BL_W160_T2.2_D8                    102         0.126        | 831   102         8.2         
BL_W150_T3.0_D8                    112         0.126        | 1672  112         18.1        
BL_W20_T2.8_D10                    141         0.126        | 1970  141         47.2        
BL_W20_T2.8_D8                     141         0.126        | 1969  141         47.2        
BL_W20_T2.8_D6                     141         0.126        | 1968  141         47.2        
BL_W20_T2.8_D4                     141         0.126        | 1967  141         47.2        
BL_W20_T2.6_D10                    141         0.126        | 1966  141         47.2        
BL_W20_T2.6_D8                     141         0.126        | 1965  141         47.2        
BL_W20_T2.6_D6                     141         0.126        | 1964  141         47.2        
BL_W20_T2.6_D4                     141         0.126        | 1963  141         47.2        
BL_W160_T2.2_D2                    102         0.126        | 790   102         8.2         
BL_W160_T2.2_D4                    102         0.126        | 789   102         8.2         
BL_W160_T2.2_D6                    102         0.126        | 832   102         8.2         
BL_W170_T2.4_D6                    102         0.126        | 676   102         8.2         
BL_W160_T2.2_D20                   102         0.126        | 830   102         8.2         
BL_W160_T2.2_D25                   102         0.126        | 814   102         8.2         
BL_W160_T2.2_D30                   102         0.126        | 457   102         7.5         
BL_W160_T2.2_D40                   102         0.126        | 460   102         7.5         
BL_W160_T2.4_D2                    102         0.126        | 826   102         8.2         
BL_W160_T2.4_D4                    102         0.126        | 825   102         8.2         
BL_W160_T2.4_D6                    102         0.126        | 824   102         8.2         
BL_W160_T2.4_D8                    102         0.126        | 823   102         8.2         
BL_W160_T2.4_D20                   102         0.126        | 822   102         8.2         
BL_W160_T2.4_D25                   102         0.126        | 821   102         8.2         
BL_W160_T2.4_D30                   102         0.126        | 459   102         7.5         
BL_W160_T2.4_D40                   102         0.126        | 458   102         7.5         
BL_W180_T2.6_D2                    102         0.126        | 804   102         8.2         
BL_W180_T2.2_D20                   102         0.126        | 787   102         8.2         
BL_W180_T2.2_D25                   102         0.126        | 788   102         8.2         
BL_W180_T2.2_D30                   102         0.126        | 635   102         7.5         
BL_W180_T2.2_D40                   102         0.126        | 631   102         7.5         
BL_W180_T2.4_D2                    102         0.126        | 794   102         8.2         
BL_W180_T2.4_D4                    102         0.126        | 796   102         8.2         
BL_W180_T2.4_D6                    102         0.126        | 798   102         8.2         
BL_W180_T2.4_D8                    102         0.126        | 801   102         8.2         
BL_W180_T2.4_D20                   102         0.126        | 802   102         8.2         
BL_W180_T2.4_D25                   102         0.126        | 803   102         8.2         
BL_W180_T2.4_D30                   102         0.126        | 627   102         7.5         
BL_W180_T2.4_D40                   102         0.126        | 626   102         7.5         
BL_W180_T2.2_D8                    102         0.126        | 786   102         8.2         
BL_W180_T2.6_D4                    102         0.126        | 805   102         8.2         
BL_W180_T2.6_D6                    102         0.126        | 809   102         8.2         
BL_W180_T2.6_D8                    102         0.126        | 865   102         8.2         
BL_W180_T2.6_D20                   102         0.126        | 853   102         8.2         
BL_W180_T2.6_D25                   102         0.126        | 867   102         8.2         
BL_W180_T2.6_D30                   102         0.126        | 520   102         7.5         
BL_W180_T2.6_D40                   102         0.126        | 521   102         7.5         
BL_W180_T2.8_D2                    102         0.126        | 841   102         8.2         
BL_W180_T2.8_D4                    102         0.126        | 840   102         8.2         
BL_W180_T2.8_D6                    102         0.126        | 839   102         8.2         
BL_W180_T2.8_D8                    102         0.126        | 838   102         8.2         
BL_W180_T2.8_D20                   102         0.126        | 837   102         8.2         
BL_W170_T2.6_D40                   102         0.126        | 402   102         7.5         
BL_W170_T2.4_D8                    102         0.126        | 679   102         8.2         
BL_W170_T2.4_D20                   102         0.126        | 671   102         8.2         
BL_W170_T2.4_D25                   102         0.126        | 683   102         8.2         
BL_W170_T2.4_D30                   102         0.126        | 410   102         7.5         
BL_W170_T2.4_D40                   102         0.126        | 427   102         7.5         
BL_W170_T2.6_D2                    102         0.126        | 768   102         8.2         
BL_W170_T2.6_D4                    102         0.126        | 755   102         8.2         
BL_W170_T2.6_D6                    102         0.126        | 769   102         8.2         
BL_W170_T2.6_D8                    102         0.126        | 770   102         8.2         
BL_W170_T2.6_D20                   102         0.126        | 771   102         8.2         
BL_W170_T2.6_D25                   102         0.126        | 780   102         8.2         
BL_W170_T2.6_D30                   102         0.126        | 426   102         7.5         
BL_W150_T2.8_D8                    112         0.126        | 1665  112         18.1        
BL_W20_T2.0_D10                    141         0.126        | 1961  141         47.2        
BL_W20_T2.0_D8                     141         0.126        | 1977  141         47.2        
BL_W20_T2.0_D6                     141         0.126        | 1974  141         47.2        
BL_W20_T2.0_D4                     141         0.126        | 1975  141         47.2        
BL_W20_T1.8_D10                    141         0.126        | 1978  141         47.2        
BL_W20_T1.8_D8                     141         0.126        | 1979  141         47.2        
BL_W20_T1.8_D6                     141         0.126        | 1980  141         47.2        
BL_W20_T1.8_D4                     141         0.126        | 1981  141         47.2        
BL_W180_T2.2_D2                    102         0.126        | 842   102         8.2         
BL_W180_T2.2_D4                    102         0.126        | 799   102         8.2         
BL_W180_T2.2_D6                    102         0.126        | 785   102         8.2         
BL_W110_T2.6_D6                    112         0.126        | 1699  112         18.1        
BL_W70_T2.4_D8                     112         0.126        | 1705  112         18.1        
BL_W70_T2.4_D10                    111         0.126        | 1603  111         17.3        
BL_W70_T2.6_D8                     112         0.126        | 1650  112         18.1        
BL_W70_T2.6_D10                    111         0.126        | 1600  111         17.3        
BL_W110_T3.0_D8                    112         0.126        | 1696  112         18.1        
BL_W70_T2.8_D8                     112         0.126        | 1649  112         18.1        
BL_W70_T2.8_D10                    111         0.126        | 1598  111         17.3        
BL_W110_T2.8_D8                    112         0.126        | 1668  112         18.1        
BL_W70_T3.0_D8                     112         0.126        | 1648  112         18.1        
BL_W70_T3.0_D10                    111         0.126        | 1601  111         17.3        
BL_W110_T2.6_D8                    112         0.126        | 1700  112         18.1        
BL_W70_T2.2_D10                    111         0.126        | 1599  111         17.3        
BL_W80_T2.2_D6                     112         0.126        | 1673  112         18.1        
BL_W80_T2.2_D8                     112         0.126        | 1671  112         18.1        
BL_W110_T2.4_D8                    112         0.126        | 1698  112         18.1        
BL_W110_T2.4_D6                    112         0.126        | 1697  112         18.1        
BL_W80_T2.2_D10                    111         0.126        | 1594  111         17.3        
BL_W110_T2.2_D8                    112         0.126        | 1695  112         18.1        
BL_W110_T2.2_D6                    112         0.126        | 1694  112         18.1        
BL_W80_T2.4_D8                     112         0.126        | 1670  112         18.1        
BL_W80_T2.4_D10                    111         0.126        | 1595  111         17.3        
BL_W100_T3.0_D10                   111         0.126        | 1605  111         17.3        
BL_W100_T3.0_D8                    112         0.126        | 1703  112         18.1        
BL_W120_T2.2_D20                   102         0.126        | 718   102         8.2         
BL_W30_T2.8_D6                     137         0.126        | 1957  137         42.8        
BL_W120_T3.0_D8                    112         0.126        | 1702  112         18.1        
BL_W120_T2.8_D8                    112         0.126        | 1709  112         18.1        
BL_W120_T2.8_D6                    112         0.126        | 1701  112         18.1        
BL_W120_T2.6_D8                    112         0.126        | 1684  112         18.1        
BL_W120_T2.6_D6                    112         0.126        | 1685  112         18.1        
BL_W120_T2.4_D8                    112         0.126        | 1686  112         18.1        
BL_W120_T2.4_D6                    112         0.126        | 1687  112         18.1        
BL_W120_T2.2_D40                   102         0.126        | 506   102         7.5         
BL_W120_T2.2_D30                   102         0.126        | 507   102         7.5         
BL_W120_T2.2_D25                   102         0.126        | 728   102         8.2         
BL_W80_T2.6_D8                     112         0.126        | 1666  112         18.1        
BL_W120_T2.2_D8                    112         0.126        | 1688  112         18.1        
BL_W120_T2.2_D6                    112         0.126        | 1689  112         18.1        
BL_W120_T2.2_D4                    102         0.126        | 726   102         8.2         
BL_W120_T2.2_D2                    102         0.126        | 725   102         8.2         
BL_W30_T3.0_D6                     137         0.126        | 1955  137         42.8        
BL_W70_T2.0_D2                     111         0.126        | 1584  111         17.3        
BL_W70_T2.0_D4                     111         0.126        | 1582  111         17.3        
BL_W70_T2.0_D6                     112         0.126        | 1691  112         18.1        
BL_W70_T2.0_D8                     112         0.126        | 1690  112         18.1        
BL_W70_T2.0_D10                    111         0.126        | 1613  111         17.3        
BL_W70_T2.2_D8                     112         0.126        | 1704  112         18.1        
BL_W90_T2.2_D6                     112         0.126        | 1681  112         18.1        
BL_W40_T1.8_D20                    84          0.126        | 1201  84          10.5        
BL_W40_T1.8_D25                    84          0.126        | 1200  84          10.5        
BL_W40_T1.8_D30                    84          0.126        | 1199  84          10.5        
BL_W40_T1.8_D40                    84          0.126        | 1234  84          10.5        
BL_W90_T2.0_D2                     112         0.126        | 1667  112         18.1        
BL_W90_T2.0_D4                     112         0.126        | 1653  112         18.1        
BL_W90_T2.0_D6                     112         0.126        | 1669  112         18.1        
BL_W90_T2.0_D8                     112         0.126        | 1676  112         18.1        
BL_W90_T2.0_D10                    111         0.126        | 1591  111         17.3        
BL_W90_T2.2_D2                     111         0.126        | 1590  111         17.3        
BL_W90_T2.2_D4                     111         0.126        | 1589  111         17.3        
BL_W40_T1.8_D15                    84          0.126        | 1204  84          10.5        
BL_W90_T2.2_D8                     112         0.126        | 1639  112         18.1        
BL_W90_T2.2_D10                    111         0.126        | 1588  111         17.3        
BL_W90_T3.0_D10                    111         0.126        | 1611  111         17.3        
BL_W90_T3.0_D8                     112         0.126        | 1634  112         18.1        
BL_W90_T2.4_D6                     112         0.126        | 1627  112         18.1        
BL_W90_T2.4_D8                     112         0.126        | 1628  112         18.1        
BL_W90_T2.4_D10                    111         0.126        | 1587  111         17.3        
BL_W90_T2.6_D8                     112         0.126        | 1629  112         18.1        
BL_W90_T2.6_D10                    111         0.126        | 1586  111         17.3        
BL_W90_T2.8_D10                    111         0.126        | 1612  111         17.3        
BL_W90_T2.8_D8                     112         0.126        | 1633  112         18.1        
BL_W100_T2.4_D8                    112         0.126        | 1692  112         18.1        
BL_W100_T2.8_D10                   111         0.126        | 1606  111         17.3        
BL_W100_T2.8_D8                    112         0.126        | 1706  112         18.1        
BL_W80_T2.6_D10                    111         0.126        | 1583  111         17.3        
BL_W80_T2.8_D8                     112         0.126        | 1663  112         18.1        
BL_W80_T2.8_D10                    111         0.126        | 1597  111         17.3        
BL_W100_T2.6_D10                   111         0.126        | 1608  111         17.3        
BL_W100_T2.6_D8                    112         0.126        | 1707  112         18.1        
BL_W100_T2.6_D6                    112         0.126        | 1708  112         18.1        
BL_W80_T3.0_D8                     112         0.126        | 1662  112         18.1        
BL_W80_T3.0_D10                    111         0.126        | 1596  111         17.3        
BL_W100_T2.4_D10                   111         0.126        | 1609  111         17.3        
BL_W30_T2.0_D4                     84          0.126        | 1268  84          10.5        
BL_W100_T2.4_D6                    112         0.126        | 1710  112         18.1        
BL_W100_T2.2_D10                   111         0.126        | 1610  111         17.3        
BL_W100_T2.2_D8                    112         0.126        | 1652  112         18.1        
BL_W100_T2.2_D6                    112         0.126        | 1651  112         18.1        
BL_W100_T2.2_D4                    112         0.126        | 1647  112         18.1        
BL_W100_T2.2_D2                    112         0.126        | 1646  112         18.1        
BL_W40_T1.8_D2                     84          0.126        | 1198  84          10.5        
BL_W40_T1.8_D4                     84          0.126        | 1207  84          10.5        
BL_W40_T1.8_D6                     112         0.126        | 1679  112         18.1        
BL_W40_T1.8_D8                     112         0.126        | 1678  112         18.1        
BL_W40_T1.8_D10                    84          0.126        | 1206  84          10.5        
BL_W130_T2.2_D25                   102         0.126        | 759   102         8.2         
BL_W130_T2.6_D6                    112         0.126        | 1638  112         18.1        
BL_W30_T2.0_D15                    84          0.126        | 1261  84          10.5        
BL_W30_T2.0_D20                    84          0.126        | 1275  84          10.5        
BL_W30_T2.0_D25                    84          0.126        | 1237  84          10.5        
BL_W30_T2.0_D30                    84          0.126        | 1242  84          10.5        
BL_W30_T2.0_D40                    84          0.126        | 1245  84          10.5        
BL_W30_T2.0_D2                     84          0.126        | 1259  84          10.5        
BL_W30_T2.2_D6                     137         0.126        | 1960  137         42.8        
BL_W30_T2.6_D6                     137         0.126        | 1958  137         42.8        
BL_W130_T2.6_D8                    112         0.126        | 1637  112         18.1        
BL_W130_T2.2_D30                   102         0.126        | 502   102         7.5         
BL_W130_T2.2_D40                   102         0.126        | 494   102         7.5         
BL_W130_T2.2_D20                   102         0.126        | 758   102         8.2         
BL_W30_T2.4_D6                     137         0.126        | 1959  137         42.8        
BL_W130_T2.2_D2                    102         0.126        | 756   102         8.2         
BL_W130_T3.0_D8                    112         0.126        | 1635  112         18.1        
BL_W130_T2.2_D4                    102         0.126        | 757   102         8.2         
BL_W130_T2.2_D6                    112         0.126        | 1642  112         18.1        
BL_W130_T2.2_D8                    112         0.126        | 1641  112         18.1        
BL_W130_T2.8_D8                    112         0.126        | 1636  112         18.1        
BL_W60_T2.0_D6                     112         0.126        | 1711  112         18.1        
BL_W60_T2.0_D8                     112         0.126        | 1683  112         18.1        
BL_W30_T2.0_D6                     137         0.126        | 1956  137         42.8        
BL_W130_T2.4_D40                   102         0.126        | 505   102         7.5         
BL_W130_T2.4_D20                   102         0.126        | 762   102         8.2         
BL_W130_T2.4_D4                    102         0.126        | 761   102         8.2         
BL_W130_T2.4_D25                   102         0.126        | 763   102         8.2         
BL_W30_T2.0_D10                    84          0.126        | 1260  84          10.5        
BL_W130_T2.4_D30                   102         0.126        | 504   102         7.5         
BL_W130_T2.4_D8                    112         0.126        | 1624  112         18.1        
BL_W130_T2.4_D2                    102         0.126        | 751   102         8.2         
BL_W130_T2.4_D6                    112         0.126        | 1640  112         18.1        
BL_W30_T2.0_D8                     84          0.126        | 1267  84          10.5        
BL_W40_T3.0_D6                     102         0.050        | 542   102         7.5         
BL_W80_T3.0_D40                    102         0.050        | 477   102         7.5         
BL_W40_T3.0_D8                     102         0.050        | 655   102         7.5         
BL_W40_T3.0_D10                    102         0.050        | 656   102         7.5         
BL_W40_T3.0_D15                    102         0.050        | 869   102         8.2         
BL_W40_T3.0_D20                    102         0.050        | 868   102         8.2         
BL_W40_T3.0_D25                    102         0.050        | 650   102         7.5         
BL_W40_T3.0_D30                    102         0.050        | 660   102         7.5         
BL_W40_T3.0_D40                    102         0.050        | 667   102         7.5         
BL_W80_T3.0_D20                    98          0.050        | 348   98          4.4         
BL_W40_T3.0_D4                     102         0.050        | 543   102         7.5         
BL_W60_T2.0_D25                    71          0.050        | 1895  71          23.0        
BL_W60_T2.0_D20                    71          0.050        | 1938  71          23.0        
BL_W60_T2.0_D10                    71          0.050        | 1939  71          23.0        
BL_W80_T2.6_D20                    98          0.050        | 326   98          4.4         
BL_W40_T3.0_D2                     102         0.050        | 544   102         7.5         
BL_W40_T2.8_D40                    102         0.050        | 545   102         7.5         
BL_W40_T2.8_D30                    102         0.050        | 546   102         7.5         
BL_W40_T2.8_D25                    102         0.050        | 547   102         7.5         
BL_W40_T2.8_D20                    102         0.050        | 870   102         8.2         
BL_W40_T2.8_D15                    102         0.050        | 864   102         8.2         
BL_W60_T2.2_D6                     102         0.050        | 431   102         7.5         
BL_W80_T2.6_D6                     102         0.050        | 451   102         7.5         
BL_W80_T2.6_D40                    102         0.050        | 456   102         7.5         
BL_W80_T2.8_D20                    98          0.050        | 322   98          4.4         
BL_W60_T2.2_D4                     102         0.050        | 430   102         7.5         
BL_W80_T2.8_D6                     102         0.050        | 496   102         7.5         
BL_W180_T3.0_D40                   98          0.050        | 140   98          4.2         
BL_W80_T2.8_D4                     102         0.050        | 495   102         7.5         
BL_W180_T3.0_D30                   98          0.050        | 139   98          4.2         
BL_W180_T3.0_D25                   98          0.050        | 225   98          4.4         
BL_W180_T3.0_D20                   98          0.050        | 251   98          4.4         
BL_W80_T2.8_D25                    98          0.050        | 333   98          4.4         
BL_W80_T2.8_D30                    102         0.050        | 499   102         7.5         
BL_W180_T3.0_D8                    98          0.050        | 233   98          4.4         
BL_W80_T2.8_D2                     102         0.050        | 466   102         7.5         
BL_W180_T3.0_D6                    98          0.050        | 252   98          4.4         
BL_W80_T3.0_D30                    102         0.050        | 485   102         7.5         
BL_W50_T2.8_D6                     102         0.050        | 633   102         7.5         
BL_W80_T2.6_D30                    102         0.050        | 455   102         7.5         
BL_W180_T3.0_D4                    98          0.050        | 243   98          4.4         
BL_W80_T2.6_D25                    98          0.050        | 325   98          4.4         
BL_W180_T3.0_D2                    98          0.050        | 220   98          4.4         
BL_W80_T2.8_D40                    102         0.050        | 500   102         7.5         
BL_W80_T3.0_D2                     102         0.050        | 501   102         7.5         
BL_W80_T3.0_D4                     102         0.050        | 509   102         7.5         
BL_W80_T3.0_D6                     102         0.050        | 510   102         7.5         
BL_W60_T2.0_D40                    71          0.050        | 1863  71          23.0        
BL_W60_T2.0_D30                    71          0.050        | 1864  71          23.0        
BL_W60_T2.2_D2                     102         0.050        | 429   102         7.5         
BL_W80_T3.0_D25                    98          0.050        | 321   98          4.4         
BL_W90_T2.2_D30                    98          0.050        | 125   98          4.2         
BL_W90_T2.6_D2                     98          0.050        | 200   98          4.2         
BL_W90_T2.4_D40                    98          0.050        | 121   98          4.2         
BL_W90_T2.4_D30                    98          0.050        | 123   98          4.2         
BL_W90_T2.4_D25                    98          0.050        | 353   98          4.4         
BL_W90_T2.4_D20                    98          0.050        | 352   98          4.4         
BL_W90_T2.4_D4                     98          0.050        | 347   98          4.4         
BL_W90_T2.4_D2                     98          0.050        | 337   98          4.4         
BL_W90_T2.2_D40                    98          0.050        | 124   98          4.2         
BL_W90_T2.6_D4                     98          0.050        | 193   98          4.2         
BL_W90_T2.2_D25                    98          0.050        | 344   98          4.4         
BL_W90_T2.2_D20                    98          0.050        | 342   98          4.4         
BL_W50_T3.0_D30                    102         0.050        | 611   102         7.5         
BL_W50_T3.0_D25                    102         0.050        | 750   102         8.2         
BL_W50_T3.0_D20                    102         0.050        | 745   102         8.2         
BL_W90_T2.0_D40                    66          0.050        | 1944  66          27.7        
BL_W90_T2.0_D30                    66          0.050        | 1945  66          27.7        
BL_W90_T2.0_D25                    66          0.050        | 1949  66          27.7        
BL_W90_T2.6_D6                     98          0.050        | 211   98          4.2         
BL_W90_T2.6_D20                    98          0.050        | 345   98          4.4         
BL_W90_T2.6_D25                    98          0.050        | 360   98          4.4         
BL_W90_T2.6_D30                    98          0.050        | 212   98          4.2         
BL_W20_T1.8_D15                    84          0.050        | 1287  84          10.5        
BL_W20_T1.8_D20                    84          0.050        | 1286  84          10.5        
BL_W20_T1.8_D25                    84          0.050        | 1285  84          10.5        
BL_W20_T1.8_D30                    84          0.050        | 1284  84          10.5        
BL_W20_T1.8_D40                    84          0.050        | 1283  84          10.5        
BL_W90_T2.6_D40                    98          0.050        | 209   98          4.2         
BL_W90_T2.8_D2                     102         0.050        | 415   102         7.5         
BL_W90_T2.8_D4                     102         0.050        | 416   102         7.5         
BL_W90_T2.8_D6                     102         0.050        | 417   102         7.5         
BL_W50_T3.0_D40                    102         0.050        | 662   102         7.5         
BL_W20_T2.0_D15                    84          0.050        | 1309  84          10.5        
BL_W40_T2.6_D40                    102         0.050        | 553   102         7.5         
BL_W60_T2.0_D2                     71          0.050        | 1941  71          23.0        
BL_W50_T2.8_D2                     102         0.050        | 640   102         7.5         
BL_W50_T2.8_D4                     102         0.050        | 634   102         7.5         
BL_W80_T2.4_D20                    98          0.050        | 310   98          4.4         
BL_W50_T2.8_D8                     102         0.050        | 632   102         7.5         
BL_W50_T2.8_D10                    102         0.050        | 628   102         7.5         
BL_W50_T2.8_D20                    102         0.050        | 720   102         8.2         
BL_W50_T2.8_D25                    102         0.050        | 719   102         8.2         
BL_W50_T2.8_D30                    102         0.050        | 665   102         7.5         
BL_W50_T2.8_D40                    102         0.050        | 666   102         7.5         
BL_W40_T2.8_D10                    102         0.050        | 548   102         7.5         
BL_W40_T2.8_D8                     102         0.050        | 549   102         7.5         
BL_W40_T2.8_D6                     102         0.050        | 550   102         7.5         
BL_W40_T2.8_D4                     102         0.050        | 551   102         7.5         
BL_W40_T2.8_D2                     102         0.050        | 552   102         7.5         
BL_W60_T2.0_D4                     71          0.050        | 1940  71          23.0        
BL_W40_T2.6_D30                    102         0.050        | 554   102         7.5         
BL_W40_T2.6_D25                    102         0.050        | 541   102         7.5         
BL_W40_T2.6_D20                    102         0.050        | 811   102         8.2         
BL_W40_T2.6_D15                    102         0.050        | 810   102         8.2         
BL_W40_T2.6_D10                    102         0.050        | 556   102         7.5         
BL_W40_T2.6_D8                     102         0.050        | 557   102         7.5         
BL_W40_T2.6_D6                     102         0.050        | 558   102         7.5         
BL_W40_T2.6_D4                     102         0.050        | 559   102         7.5         
BL_W40_T2.6_D2                     102         0.050        | 560   102         7.5         
BL_W50_T3.0_D2                     102         0.050        | 664   102         7.5         
BL_W50_T3.0_D4                     102         0.050        | 663   102         7.5         
BL_W50_T3.0_D6                     102         0.050        | 658   102         7.5         
BL_W50_T3.0_D8                     102         0.050        | 652   102         7.5         
BL_W50_T3.0_D10                    102         0.050        | 651   102         7.5         
BL_W90_T2.0_D20                    66          0.050        | 1947  66          27.7        
BL_W190_T3.0_D40                   98          0.050        | 159   98          4.2         
BL_W190_T3.0_D8                    98          0.050        | 362   98          4.4         
BL_W50_T2.2_D4                     102         0.050        | 629   102         7.5         
BL_W60_T2.8_D6                     102         0.050        | 493   102         7.5         
BL_W60_T2.8_D8                     102         0.050        | 492   102         7.5         
BL_W50_T2.2_D6                     102         0.050        | 659   102         7.5         
BL_W190_T3.0_D20                   98          0.050        | 343   98          4.4         
BL_W190_T3.0_D25                   98          0.050        | 349   98          4.4         
BL_W190_T3.0_D30                   98          0.050        | 158   98          4.2         
BL_W60_T2.8_D4                     102         0.050        | 503   102         7.5         
BL_W50_T2.2_D8                     102         0.050        | 657   102         7.5         
BL_W60_T2.8_D10                    102         0.050        | 491   102         7.5         
BL_W50_T2.2_D10                    102         0.050        | 661   102         7.5         
BL_W10_T2.8_D25                    102         0.050        | 572   102         7.5         
BL_W10_T2.8_D20                    102         0.050        | 772   102         8.2         
BL_W50_T2.2_D20                    98          0.050        | 267   98          4.4         
BL_W50_T2.2_D25                    98          0.050        | 273   98          4.4         
BL_W190_T3.0_D4                    98          0.050        | 309   98          4.4         
BL_W70_T2.0_D20                    66          0.050        | 1946  66          27.7        
BL_W60_T2.4_D40                    102         0.050        | 400   102         7.5         
BL_W60_T2.6_D2                     102         0.050        | 401   102         7.5         
BL_W60_T2.6_D4                     102         0.050        | 393   102         7.5         
BL_W60_T2.6_D6                     102         0.050        | 403   102         7.5         
BL_W60_T2.6_D8                     102         0.050        | 404   102         7.5         
BL_W50_T2.2_D2                     102         0.050        | 630   102         7.5         
BL_W190_T3.0_D2                    98          0.050        | 306   98          4.4         
BL_W50_T2.2_D30                    102         0.050        | 653   102         7.5         
BL_W190_T3.0_D6                    98          0.050        | 361   98          4.4         
BL_W60_T2.6_D10                    102         0.050        | 405   102         7.5         
BL_W60_T2.6_D20                    98          0.050        | 264   98          4.4         
BL_W60_T2.6_D25                    98          0.050        | 263   98          4.4         
BL_W60_T2.6_D30                    102         0.050        | 406   102         7.5         
BL_W60_T2.6_D40                    102         0.050        | 407   102         7.5         
BL_W60_T2.8_D2                     102         0.050        | 408   102         7.5         
BL_W60_T3.0_D40                    102         0.050        | 481   102         7.5         
BL_W50_T2.6_D6                     102         0.050        | 649   102         7.5         
BL_W50_T2.6_D8                     102         0.050        | 647   102         7.5         
BL_W50_T2.6_D10                    102         0.050        | 646   102         7.5         
BL_W50_T2.6_D20                    102         0.050        | 781   102         8.2         
BL_W60_T2.8_D40                    102         0.050        | 488   102         7.5         
BL_W50_T2.6_D25                    102         0.050        | 782   102         8.2         
BL_W50_T2.6_D30                    102         0.050        | 642   102         7.5         
BL_W50_T2.6_D40                    102         0.050        | 641   102         7.5         
BL_W50_T2.6_D4                     102         0.050        | 648   102         7.5         
BL_W60_T3.0_D30                    102         0.050        | 482   102         7.5         
BL_W60_T3.0_D25                    102         0.050        | 793   102         8.2         
BL_W60_T3.0_D20                    102         0.050        | 792   102         8.2         
BL_W60_T3.0_D10                    102         0.050        | 483   102         7.5         
BL_W60_T3.0_D8                     102         0.050        | 484   102         7.5         
BL_W60_T3.0_D6                     102         0.050        | 475   102         7.5         
BL_W60_T3.0_D4                     102         0.050        | 486   102         7.5         
BL_W10_T2.6_D20                    84          0.050        | 886   84          9.8         
BL_W60_T2.8_D20                    98          0.050        | 260   98          4.4         
BL_W60_T2.8_D25                    98          0.050        | 259   98          4.4         
BL_W50_T2.2_D40                    102         0.050        | 654   102         7.5         
BL_W50_T2.4_D2                     102         0.050        | 636   102         7.5         
BL_W50_T2.4_D4                     102         0.050        | 638   102         7.5         
BL_W50_T2.4_D6                     102         0.050        | 637   102         7.5         
BL_W50_T2.4_D8                     102         0.050        | 625   102         7.5         
BL_W10_T2.6_D25                    84          0.050        | 885   84          9.8         
BL_W70_T2.0_D25                    66          0.050        | 1948  66          27.7        
BL_W60_T2.8_D30                    102         0.050        | 489   102         7.5         
BL_W50_T2.4_D10                    102         0.050        | 639   102         7.5         
BL_W50_T2.4_D20                    98          0.050        | 290   98          4.4         
BL_W50_T2.4_D25                    98          0.050        | 276   98          4.4         
BL_W50_T2.4_D30                    102         0.050        | 643   102         7.5         
BL_W50_T2.4_D40                    102         0.050        | 644   102         7.5         
BL_W50_T2.6_D2                     102         0.050        | 645   102         7.5         
BL_W70_T3.0_D25                    98          0.050        | 235   98          4.4         
BL_W60_T2.2_D25                    98          0.050        | 274   98          4.4         
BL_W60_T2.2_D30                    102         0.050        | 437   102         7.5         
BL_W60_T2.2_D40                    102         0.050        | 424   102         7.5         
BL_W60_T2.4_D2                     102         0.050        | 394   102         7.5         
BL_W80_T2.2_D4                     98          0.050        | 365   98          4.4         
BL_W80_T2.2_D2                     98          0.050        | 366   98          4.4         
BL_W70_T3.0_D40                    102         0.050        | 464   102         7.5         
BL_W70_T3.0_D30                    102         0.050        | 465   102         7.5         
BL_W60_T2.2_D20                    98          0.050        | 277   98          4.4         
BL_W70_T3.0_D20                    98          0.050        | 236   98          4.4         
BL_W70_T3.0_D6                     102         0.050        | 467   102         7.5         
BL_W70_T3.0_D4                     102         0.050        | 468   102         7.5         
BL_W70_T3.0_D2                     102         0.050        | 469   102         7.5         
BL_W70_T2.8_D40                    102         0.050        | 470   102         7.5         
BL_W70_T2.8_D30                    102         0.050        | 471   102         7.5         
BL_W60_T2.4_D4                     102         0.050        | 395   102         7.5         
BL_W10_T3.0_D20                    102         0.050        | 754   102         8.2         
BL_W80_T2.6_D2                     102         0.050        | 449   102         7.5         
BL_W80_T2.4_D40                    98          0.050        | 131   98          4.2         
BL_W80_T2.4_D30                    98          0.050        | 156   98          4.2         
BL_W80_T2.4_D25                    98          0.050        | 308   98          4.4         
BL_W60_T2.2_D8                     102         0.050        | 433   102         7.5         
BL_W60_T3.0_D2                     102         0.050        | 487   102         7.5         
BL_W80_T2.4_D6                     98          0.050        | 153   98          4.2         
BL_W10_T3.0_D25                    102         0.050        | 583   102         7.5         
BL_W70_T2.8_D25                    98          0.050        | 237   98          4.4         
BL_W60_T2.2_D10                    102         0.050        | 434   102         7.5         
BL_W80_T2.4_D4                     98          0.050        | 152   98          4.2         
BL_W80_T2.4_D2                     98          0.050        | 151   98          4.2         
BL_W80_T2.2_D40                    98          0.050        | 136   98          4.2         
BL_W80_T2.2_D30                    98          0.050        | 149   98          4.2         
BL_W80_T2.2_D25                    98          0.050        | 346   98          4.4         
BL_W80_T2.2_D20                    98          0.050        | 356   98          4.4         
BL_W70_T2.2_D30                    98          0.050        | 137   98          4.2         
BL_W70_T2.4_D30                    102         0.050        | 438   102         7.5         
BL_W70_T2.4_D25                    98          0.050        | 223   98          4.4         
BL_W70_T2.4_D20                    98          0.050        | 224   98          4.4         
BL_W60_T2.4_D30                    102         0.050        | 399   102         7.5         
BL_W70_T2.4_D6                     102         0.050        | 452   102         7.5         
BL_W70_T2.4_D4                     102         0.050        | 453   102         7.5         
BL_W70_T2.4_D2                     102         0.050        | 454   102         7.5         
BL_W70_T2.2_D40                    98          0.050        | 138   98          4.2         
BL_W70_T2.4_D40                    102         0.050        | 447   102         7.5         
BL_W70_T2.2_D25                    98          0.050        | 229   98          4.4         
BL_W70_T2.2_D20                    98          0.050        | 230   98          4.4         
BL_W70_T2.2_D6                     98          0.050        | 142   98          4.2         
BL_W70_T2.2_D4                     98          0.050        | 143   98          4.2         
BL_W70_T2.2_D2                     98          0.050        | 144   98          4.2         
BL_W70_T2.0_D40                    66          0.050        | 1951  66          27.7        
BL_W70_T2.0_D30                    66          0.050        | 1950  66          27.7        
BL_W60_T2.4_D10                    102         0.050        | 398   102         7.5         
BL_W70_T2.8_D20                    98          0.050        | 239   98          4.4         
BL_W60_T2.4_D6                     102         0.050        | 396   102         7.5         
BL_W60_T2.4_D8                     102         0.050        | 397   102         7.5         
BL_W70_T2.8_D6                     102         0.050        | 448   102         7.5         
BL_W70_T2.8_D4                     102         0.050        | 439   102         7.5         
BL_W70_T2.8_D2                     102         0.050        | 440   102         7.5         
BL_W70_T2.6_D40                    102         0.050        | 441   102         7.5         
BL_W70_T2.6_D30                    102         0.050        | 442   102         7.5         
BL_W80_T2.6_D4                     102         0.050        | 450   102         7.5         
BL_W70_T2.6_D25                    98          0.050        | 218   98          4.4         
BL_W70_T2.6_D20                    98          0.050        | 217   98          4.4         
BL_W60_T2.4_D20                    98          0.050        | 253   98          4.4         
BL_W60_T2.4_D25                    98          0.050        | 265   98          4.4         
BL_W70_T2.6_D6                     102         0.050        | 444   102         7.5         
BL_W70_T2.6_D4                     102         0.050        | 445   102         7.5         
BL_W70_T2.6_D2                     102         0.050        | 446   102         7.5         
BL_W120_T2.4_D40                   98          0.050        | 170   98          4.2         
BL_W120_T2.8_D20                   98          0.050        | 279   98          4.4         
BL_W120_T2.8_D4                    98          0.050        | 166   98          4.2         
BL_W120_T2.8_D2                    98          0.050        | 167   98          4.2         
BL_W120_T2.6_D40                   98          0.050        | 168   98          4.2         
BL_W120_T2.6_D30                   98          0.050        | 169   98          4.2         
BL_W120_T2.6_D25                   98          0.050        | 289   98          4.4         
BL_W120_T2.6_D20                   98          0.050        | 278   98          4.4         
BL_W120_T2.6_D4                    98          0.050        | 291   98          4.4         
BL_W120_T2.6_D2                    98          0.050        | 292   98          4.4         
BL_W120_T2.8_D25                   98          0.050        | 250   98          4.4         
BL_W120_T2.4_D30                   98          0.050        | 171   98          4.2         
BL_W120_T2.4_D25                   98          0.050        | 295   98          4.4         
BL_W120_T2.4_D20                   98          0.050        | 296   98          4.4         
BL_W120_T2.4_D4                    98          0.050        | 297   98          4.4         
BL_W120_T2.4_D2                    98          0.050        | 298   98          4.4         
BL_W30_T3.0_D2                     102         0.050        | 529   102         7.5         
BL_W30_T3.0_D4                     102         0.050        | 528   102         7.5         
BL_W150_T2.8_D2                    98          0.050        | 330   98          4.4         
BL_W120_T3.0_D40                   98          0.050        | 184   98          4.2         
BL_W20_T3.0_D2                     102         0.050        | 610   102         7.5         
BL_W30_T2.8_D8                     102         0.050        | 533   102         7.5         
BL_W30_T2.8_D10                    102         0.050        | 532   102         7.5         
BL_W30_T2.8_D15                    102         0.050        | 808   102         8.2         
BL_W30_T2.8_D20                    102         0.050        | 807   102         8.2         
BL_W30_T2.8_D25                    102         0.050        | 806   102         8.2         
BL_W30_T2.8_D30                    102         0.050        | 531   102         7.5         
BL_W30_T2.8_D40                    102         0.050        | 530   102         7.5         
BL_W150_T2.8_D4                    98          0.050        | 331   98          4.4         
BL_W120_T3.0_D30                   98          0.050        | 192   98          4.2         
BL_W120_T3.0_D25                   98          0.050        | 244   98          4.4         
BL_W120_T3.0_D20                   98          0.050        | 245   98          4.4         
BL_W120_T3.0_D6                    98          0.050        | 196   98          4.2         
BL_W120_T3.0_D4                    98          0.050        | 197   98          4.2         
BL_W120_T3.0_D2                    98          0.050        | 198   98          4.2         
BL_W120_T2.8_D40                   98          0.050        | 164   98          4.2         
BL_W120_T2.8_D30                   98          0.050        | 165   98          4.2         
BL_W20_T2.6_D40                    102         0.050        | 614   102         7.5         
BL_W20_T2.8_D30                    102         0.050        | 612   102         7.5         
BL_W20_T2.8_D25                    102         0.050        | 613   102         7.5         
BL_W20_T2.8_D20                    102         0.050        | 709   102         8.2         
BL_W20_T2.8_D15                    102         0.050        | 710   102         8.2         
BL_W30_T3.0_D40                    102         0.050        | 524   102         7.5         
BL_W110_T3.0_D40                   102         0.050        | 508   102         7.5         
BL_W110_T3.0_D30                   102         0.050        | 425   102         7.5         
BL_W110_T3.0_D25                   98          0.050        | 299   98          4.4         
BL_W20_T2.8_D2                     102         0.050        | 669   102         8.2         
BL_W20_T2.8_D40                    102         0.050        | 597   102         7.5         
BL_W20_T2.6_D30                    102         0.050        | 615   102         7.5         
BL_W20_T2.6_D25                    102         0.050        | 616   102         7.5         
BL_W20_T2.6_D20                    102         0.050        | 716   102         8.2         
BL_W20_T2.6_D15                    102         0.050        | 717   102         8.2         
BL_W110_T3.0_D20                   98          0.050        | 266   98          4.4         
BL_W110_T3.0_D10                   102         0.050        | 511   102         7.5         
BL_W110_T3.0_D6                    102         0.050        | 476   102         7.5         
BL_W20_T2.6_D2                     102         0.050        | 670   102         8.2         
BL_W150_T3.0_D4                    98          0.050        | 358   98          4.4         
BL_W30_T3.0_D8                     102         0.050        | 512   102         7.5         
BL_W30_T3.0_D10                    102         0.050        | 526   102         7.5         
BL_W30_T3.0_D15                    102         0.050        | 795   102         8.2         
BL_W150_T2.8_D20                   98          0.050        | 332   98          4.4         
BL_W150_T2.8_D25                   98          0.050        | 302   98          4.4         
BL_W150_T2.8_D30                   98          0.050        | 155   98          4.2         
BL_W150_T2.8_D40                   98          0.050        | 154   98          4.2         
BL_W150_T3.0_D2                    98          0.050        | 357   98          4.4         
BL_W20_T3.0_D4                     102         0.050        | 609   102         7.5         
BL_W150_T3.0_D6                    98          0.050        | 359   98          4.4         
BL_W30_T3.0_D20                    102         0.050        | 828   102         8.2         
BL_W30_T3.0_D25                    102         0.050        | 827   102         8.2         
BL_W30_T3.0_D30                    102         0.050        | 525   102         7.5         
BL_W150_T3.0_D20                   98          0.050        | 364   98          4.4         
BL_W150_T3.0_D25                   98          0.050        | 367   98          4.4         
BL_W150_T3.0_D30                   98          0.050        | 148   98          4.2         
BL_W150_T3.0_D40                   98          0.050        | 147   98          4.2         
BL_W130_T2.6_D4                    98          0.050        | 350   98          4.4         
BL_W130_T2.8_D25                   98          0.050        | 334   98          4.4         
BL_W130_T2.8_D20                   98          0.050        | 324   98          4.4         
BL_W130_T2.8_D6                    98          0.050        | 320   98          4.4         
BL_W130_T2.8_D4                    98          0.050        | 315   98          4.4         
BL_W130_T2.8_D2                    98          0.050        | 340   98          4.4         
BL_W130_T2.6_D40                   98          0.050        | 175   98          4.2         
BL_W130_T2.6_D30                   98          0.050        | 174   98          4.2         
BL_W130_T2.6_D25                   98          0.050        | 341   98          4.4         
BL_W130_T2.6_D20                   98          0.050        | 335   98          4.4         
BL_W130_T2.8_D30                   98          0.050        | 176   98          4.2         
BL_W130_T2.6_D2                    98          0.050        | 370   98          4.4         
BL_W140_T2.6_D2                    98          0.050        | 339   98          4.4         
BL_W140_T2.6_D4                    98          0.050        | 338   98          4.4         
BL_W140_T2.6_D20                   98          0.050        | 369   98          4.4         
BL_W140_T2.6_D25                   98          0.050        | 363   98          4.4         
BL_W140_T2.6_D30                   98          0.050        | 126   98          4.2         
BL_W140_T2.6_D40                   98          0.050        | 127   98          4.2         
BL_W140_T2.8_D2                    98          0.050        | 316   98          4.4         
BL_W30_T2.2_D40                    84          0.050        | 1310  84          10.5        
BL_W30_T2.2_D2                     84          0.050        | 1248  84          10.5        
BL_W30_T2.2_D4                     84          0.050        | 1249  84          10.5        
BL_W30_T2.2_D8                     84          0.050        | 1252  84          10.5        
BL_W30_T2.2_D10                    84          0.050        | 1253  84          10.5        
BL_W30_T2.2_D15                    84          0.050        | 1291  84          10.5        
BL_W30_T2.2_D20                    84          0.050        | 1316  84          10.5        
BL_W30_T2.2_D25                    84          0.050        | 1315  84          10.5        
BL_W30_T2.2_D30                    84          0.050        | 1312  84          10.5        
BL_W140_T2.8_D4                    98          0.050        | 314   98          4.4         
BL_W130_T3.0_D40                   98          0.050        | 182   98          4.2         
BL_W130_T3.0_D30                   98          0.050        | 181   98          4.2         
BL_W130_T3.0_D25                   98          0.050        | 304   98          4.4         
BL_W130_T3.0_D20                   98          0.050        | 329   98          4.4         
BL_W130_T3.0_D6                    98          0.050        | 180   98          4.2         
BL_W130_T3.0_D4                    98          0.050        | 179   98          4.2         
BL_W130_T3.0_D2                    98          0.050        | 178   98          4.2         
BL_W130_T2.8_D40                   98          0.050        | 177   98          4.2         
BL_W30_T2.6_D30                    102         0.050        | 537   102         7.5         
BL_W30_T2.4_D30                    84          0.050        | 1137  84          10.5        
BL_W30_T2.4_D40                    84          0.050        | 1136  84          10.5        
BL_W30_T2.6_D2                     102         0.050        | 555   102         7.5         
BL_W30_T2.6_D4                     102         0.050        | 540   102         7.5         
BL_W30_T2.6_D8                     102         0.050        | 539   102         7.5         
BL_W30_T2.6_D10                    102         0.050        | 538   102         7.5         
BL_W30_T2.6_D15                    102         0.050        | 863   102         8.2         
BL_W30_T2.6_D20                    102         0.050        | 866   102         8.2         
BL_W30_T2.6_D25                    102         0.050        | 862   102         8.2         
BL_W30_T2.4_D25                    84          0.050        | 1138  84          10.5        
BL_W20_T3.0_D40                    102         0.050        | 606   102         7.5         
BL_W20_T3.0_D30                    102         0.050        | 607   102         7.5         
BL_W20_T3.0_D25                    102         0.050        | 608   102         7.5         
BL_W20_T3.0_D20                    102         0.050        | 705   102         8.2         
BL_W20_T3.0_D15                    102         0.050        | 693   102         8.2         
BL_W30_T2.6_D40                    102         0.050        | 536   102         7.5         
BL_W30_T2.8_D2                     102         0.050        | 535   102         7.5         
BL_W30_T2.8_D4                     102         0.050        | 534   102         7.5         
BL_W140_T3.0_D25                   98          0.050        | 327   98          4.4         
BL_W140_T2.8_D20                   98          0.050        | 313   98          4.4         
BL_W140_T2.8_D25                   98          0.050        | 312   98          4.4         
BL_W140_T2.8_D30                   98          0.050        | 129   98          4.2         
BL_W140_T2.8_D40                   98          0.050        | 130   98          4.2         
BL_W140_T3.0_D2                    98          0.050        | 132   98          4.2         
BL_W140_T3.0_D4                    98          0.050        | 133   98          4.2         
BL_W140_T3.0_D6                    98          0.050        | 134   98          4.2         
BL_W140_T3.0_D20                   98          0.050        | 328   98          4.4         
BL_W110_T3.0_D4                    102         0.050        | 419   102         7.5         
BL_W140_T3.0_D30                   98          0.050        | 135   98          4.2         
BL_W140_T3.0_D40                   98          0.050        | 122   98          4.2         
BL_W30_T2.4_D2                     84          0.050        | 1300  84          10.5        
BL_W30_T2.4_D4                     84          0.050        | 1298  84          10.5        
BL_W30_T2.4_D8                     84          0.050        | 1269  84          10.5        
BL_W30_T2.4_D10                    84          0.050        | 1141  84          10.5        
BL_W30_T2.4_D15                    84          0.050        | 1140  84          10.5        
BL_W30_T2.4_D20                    84          0.050        | 1139  84          10.5        
BL_W40_T2.2_D10                    102         0.050        | 515   102         7.5         
BL_W40_T2.0_D15                    81          0.050        | 1427  81          12.8        
BL_W40_T2.0_D20                    81          0.050        | 1438  81          12.8        
BL_W40_T2.0_D25                    81          0.050        | 1433  81          12.8        
BL_W40_T2.0_D30                    81          0.050        | 1432  81          12.8        
BL_W40_T2.0_D40                    81          0.050        | 1439  81          12.8        
BL_W40_T2.2_D2                     102         0.050        | 519   102         7.5         
BL_W40_T2.2_D4                     102         0.050        | 518   102         7.5         
BL_W40_T2.2_D6                     102         0.050        | 517   102         7.5         
BL_W40_T2.2_D8                     102         0.050        | 516   102         7.5         
BL_W40_T2.0_D10                    81          0.050        | 1447  81          12.8        
BL_W40_T2.2_D15                    98          0.050        | 221   98          4.4         
BL_W40_T2.2_D20                    98          0.050        | 222   98          4.4         
BL_W40_T2.2_D25                    102         0.050        | 514   102         7.5         
BL_W40_T2.2_D30                    102         0.050        | 513   102         7.5         
BL_W40_T2.2_D40                    102         0.050        | 527   102         7.5         
BL_W40_T2.4_D2                     102         0.050        | 568   102         7.5         
BL_W40_T2.4_D4                     102         0.050        | 567   102         7.5         
BL_W40_T2.4_D6                     102         0.050        | 566   102         7.5         
BL_W100_T2.4_D2                    98          0.050        | 317   98          4.4         
BL_W20_T2.4_D2                     102         0.050        | 672   102         8.2         
BL_W20_T2.2_D40                    102         0.050        | 620   102         7.5         
BL_W20_T2.2_D30                    102         0.050        | 621   102         7.5         
BL_W20_T2.2_D25                    102         0.050        | 622   102         7.5         
BL_W20_T2.2_D20                    102         0.050        | 684   102         8.2         
BL_W20_T2.2_D15                    102         0.050        | 685   102         8.2         
BL_W100_T2.4_D20                   98          0.050        | 319   98          4.4         
BL_W100_T2.4_D4                    98          0.050        | 318   98          4.4         
BL_W40_T2.4_D8                     102         0.050        | 565   102         7.5         
BL_W100_T2.2_D40                   98          0.050        | 201   98          4.2         
BL_W100_T2.2_D30                   98          0.050        | 173   98          4.2         
BL_W100_T2.2_D25                   98          0.050        | 307   98          4.4         
BL_W100_T2.2_D20                   98          0.050        | 336   98          4.4         
BL_W40_T2.0_D2                     81          0.050        | 1431  81          12.8        
BL_W40_T2.0_D4                     81          0.050        | 1430  81          12.8        
BL_W40_T2.0_D6                     81          0.050        | 1449  81          12.8        
BL_W40_T2.0_D8                     81          0.050        | 1448  81          12.8        
BL_W170_T3.0_D8                    98          0.050        | 293   98          4.4         
BL_W90_T2.8_D30                    102         0.050        | 420   102         7.5         
BL_W90_T2.8_D25                    98          0.050        | 303   98          4.4         
BL_W170_T2.8_D20                   98          0.050        | 268   98          4.4         
BL_W170_T2.8_D25                   98          0.050        | 262   98          4.4         
BL_W170_T2.8_D30                   98          0.050        | 160   98          4.2         
BL_W170_T2.8_D40                   98          0.050        | 161   98          4.2         
BL_W170_T3.0_D2                    98          0.050        | 258   98          4.4         
BL_W170_T3.0_D4                    98          0.050        | 257   98          4.4         
BL_W170_T3.0_D6                    98          0.050        | 294   98          4.4         
BL_W170_T2.8_D8                    98          0.050        | 269   98          4.4         
BL_W90_T2.8_D20                    98          0.050        | 305   98          4.4         
BL_W170_T3.0_D20                   98          0.050        | 288   98          4.4         
BL_W170_T3.0_D25                   98          0.050        | 281   98          4.4         
BL_W170_T3.0_D30                   98          0.050        | 162   98          4.2         
BL_W170_T3.0_D40                   98          0.050        | 150   98          4.2         
BL_W20_T2.0_D40                    84          0.050        | 1303  84          10.5        
BL_W20_T2.0_D30                    84          0.050        | 1305  84          10.5        
BL_W20_T2.0_D25                    84          0.050        | 1306  84          10.5        
BL_W90_T3.0_D25                    98          0.050        | 311   98          4.4         
BL_W40_T2.4_D10                    102         0.050        | 564   102         7.5         
BL_W40_T2.4_D15                    102         0.050        | 784   102         8.2         
BL_W40_T2.4_D20                    102         0.050        | 800   102         8.2         
BL_W40_T2.4_D25                    102         0.050        | 563   102         7.5         
BL_W40_T2.4_D30                    102         0.050        | 562   102         7.5         
BL_W40_T2.4_D40                    102         0.050        | 561   102         7.5         
BL_W90_T3.0_D40                    102         0.050        | 436   102         7.5         
BL_W90_T3.0_D30                    102         0.050        | 432   102         7.5         
BL_W100_T2.4_D25                   98          0.050        | 355   98          4.4         
BL_W90_T3.0_D20                    98          0.050        | 323   98          4.4         
BL_W90_T3.0_D6                     102         0.050        | 409   102         7.5         
BL_W90_T3.0_D4                     102         0.050        | 423   102         7.5         
BL_W90_T3.0_D2                     102         0.050        | 422   102         7.5         
BL_W90_T2.8_D40                    102         0.050        | 421   102         7.5         
BL_W170_T2.8_D2                    98          0.050        | 272   98          4.4         
BL_W170_T2.8_D4                    98          0.050        | 271   98          4.4         
BL_W170_T2.8_D6                    98          0.050        | 270   98          4.4         
BL_W110_T2.2_D10                   98          0.050        | 254   98          4.4         
BL_W110_T2.4_D25                   98          0.050        | 219   98          4.4         
BL_W110_T2.4_D20                   98          0.050        | 228   98          4.4         
BL_W110_T2.4_D10                   98          0.050        | 280   98          4.4         
BL_W110_T2.4_D4                    98          0.050        | 261   98          4.4         
BL_W110_T2.4_D2                    98          0.050        | 275   98          4.4         
BL_W110_T2.2_D40                   98          0.050        | 163   98          4.2         
BL_W110_T2.2_D30                   98          0.050        | 172   98          4.2         
BL_W110_T2.2_D25                   98          0.050        | 256   98          4.4         
BL_W110_T2.2_D20                   98          0.050        | 255   98          4.4         
BL_W110_T2.4_D30                   98          0.050        | 202   98          4.2         
BL_W110_T2.2_D4                    98          0.050        | 301   98          4.4         
BL_W110_T2.2_D2                    98          0.050        | 300   98          4.4         
BL_W100_T3.0_D40                   102         0.050        | 474   102         7.5         
BL_W100_T3.0_D30                   102         0.050        | 473   102         7.5         
BL_W100_T3.0_D25                   98          0.050        | 247   98          4.4         
BL_W100_T3.0_D20                   98          0.050        | 246   98          4.4         
BL_W100_T3.0_D6                    102         0.050        | 463   102         7.5         
BL_W100_T3.0_D4                    102         0.050        | 462   102         7.5         
BL_W110_T2.8_D2                    98          0.050        | 206   98          4.2         
BL_W110_T3.0_D2                    102         0.050        | 418   102         7.5         
BL_W110_T2.8_D40                   98          0.050        | 205   98          4.2         
BL_W110_T2.8_D30                   98          0.050        | 213   98          4.2         
BL_W110_T2.8_D25                   98          0.050        | 232   98          4.4         
BL_W110_T2.8_D20                   98          0.050        | 241   98          4.4         
BL_W110_T2.8_D10                   98          0.050        | 128   98          4.2         
BL_W110_T2.8_D6                    98          0.050        | 203   98          4.2         
BL_W110_T2.8_D4                    98          0.050        | 204   98          4.2         
BL_W100_T3.0_D2                    102         0.050        | 461   102         7.5         
BL_W110_T2.6_D40                   98          0.050        | 207   98          4.2         
BL_W110_T2.6_D30                   98          0.050        | 210   98          4.2         
BL_W110_T2.6_D25                   98          0.050        | 238   98          4.4         
BL_W110_T2.6_D20                   98          0.050        | 240   98          4.4         
BL_W110_T2.6_D10                   98          0.050        | 242   98          4.4         
BL_W110_T2.6_D4                    98          0.050        | 248   98          4.4         
BL_W110_T2.6_D2                    98          0.050        | 249   98          4.4         
BL_W110_T2.4_D40                   98          0.050        | 208   98          4.2         
BL_W160_T3.0_D40                   98          0.050        | 146   98          4.2         
BL_W160_T2.8_D40                   98          0.050        | 141   98          4.2         
BL_W160_T3.0_D2                    98          0.050        | 282   98          4.4         
BL_W160_T3.0_D4                    98          0.050        | 283   98          4.4         
BL_W160_T3.0_D6                    98          0.050        | 284   98          4.4         
BL_W160_T3.0_D8                    98          0.050        | 285   98          4.4         
BL_W100_T2.6_D4                    98          0.050        | 183   98          4.2         
BL_W160_T3.0_D20                   98          0.050        | 286   98          4.4         
BL_W160_T3.0_D25                   98          0.050        | 287   98          4.4         
BL_W160_T3.0_D30                   98          0.050        | 145   98          4.2         
BL_W160_T2.8_D30                   98          0.050        | 157   98          4.2         
BL_W20_T2.4_D40                    102         0.050        | 617   102         7.5         
BL_W20_T2.4_D30                    102         0.050        | 618   102         7.5         
BL_W20_T2.4_D25                    102         0.050        | 619   102         7.5         
BL_W20_T2.4_D20                    102         0.050        | 675   102         8.2         
BL_W20_T2.4_D15                    102         0.050        | 668   102         8.2         
BL_W100_T2.6_D2                    98          0.050        | 194   98          4.2         
BL_W100_T2.4_D40                   98          0.050        | 195   98          4.2         
BL_W100_T2.4_D30                   98          0.050        | 199   98          4.2         
BL_W100_T2.6_D30                   98          0.050        | 191   98          4.2         
BL_W100_T2.8_D40                   98          0.050        | 186   98          4.2         
BL_W100_T2.8_D30                   98          0.050        | 185   98          4.2         
BL_W100_T2.8_D25                   98          0.050        | 234   98          4.4         
BL_W100_T2.8_D20                   98          0.050        | 351   98          4.4         
BL_W100_T2.8_D6                    98          0.050        | 187   98          4.2         
BL_W100_T2.8_D4                    98          0.050        | 188   98          4.2         
BL_W100_T2.8_D2                    98          0.050        | 189   98          4.2         
BL_W100_T2.6_D40                   98          0.050        | 190   98          4.2         
BL_W20_T2.0_D20                    84          0.050        | 1307  84          10.5        
BL_W100_T2.6_D25                   98          0.050        | 354   98          4.4         
BL_W100_T2.6_D20                   98          0.050        | 368   98          4.4         
BL_W160_T2.8_D2                    98          0.050        | 216   98          4.4         
BL_W160_T2.8_D4                    98          0.050        | 214   98          4.4         
BL_W160_T2.8_D6                    98          0.050        | 215   98          4.4         
BL_W160_T2.8_D8                    98          0.050        | 226   98          4.4         
BL_W160_T2.8_D20                   98          0.050        | 227   98          4.4         
BL_W160_T2.8_D25                   98          0.050        | 231   98          4.4         


=== DETAILED DETECTOR RESULTS ===

Detector: BL_W10_T1.2_D2
Best Detection: 112 mmHg (confidence: 0.900)
Top 10 readings:
  Rank  Pressure    Confidence  
  ------------------------------
  1     112         0.900
  2     112         0.900
  3     108         0.820
  4     104         0.740
  5     100         0.660
  6     102         0.660
  7     99          0.580
  8     95          0.500
  9     94          0.420
  10    142         0.400

Detector: BL_W10_T1.2_D4
Best Detection: 112 mmHg (confidence: 1.060)
Top 10 readings:
  Rank  Pressure    Confidence  
  ------------------------------
  1     112         1.060
  2     112         1.060
  3     108         0.980
  4     104         0.900
  5     100         0.820
  6     101         0.820
  7     99          0.740
  8     95          0.660
  9     94          0.580
  10    91          0.500

Detector: BL_W10_T1.2_D6
Best Detection: 112 mmHg (confidence: 1.200)
Top 10 readings:
  Rank  Pressure    Confidence  
  ------------------------------
  1     112         1.200
  2     108         1.200
  3     104         1.200
  4     102         1.200
  5     99          1.140
  6     95          1.060
  7     94          0.980
  8     91          0.900
  9     88          0.820
  10    85          0.740

Detector: BL_W10_T1.2_D8
Best Detection: 111 mmHg (confidence: 1.200)
Top 10 readings:
  Rank  Pressure    Confidence  
  ------------------------------
  1     111         1.200
  2     108         1.200
  3     104         1.200
  4     102         1.200
  5     99          1.140
  6     95          1.060
  7     94          0.980
  8     91          0.900
  9     88          0.820
  10    85          0.740

Detector: BL_W10_T1.2_D10
Best Detection: 108 mmHg (confidence: 1.200)
Top 10 readings:
  Rank  Pressure    Confidence  
  ------------------------------
  1     108         1.200
  2     104         1.200
  3     102         1.200
  4     99          1.140
  5     95          1.060
  6     94          0.980
  7     91          0.900
  8     88          0.820
  9     85          0.740
  10    82          0.660

Detector: BL_W10_T1.2_D15
Best Detection: 108 mmHg (confidence: 1.200)
Top 10 readings:
  Rank  Pressure    Confidence  
  ------------------------------
  1     108         1.200
  2     104         1.200
  3     102         1.200
  4     99          1.140
  5     95          1.060
  6     94          0.980
  7     91          0.900
  8     88          0.820
  9     85          0.740
  10    82          0.660

Detector: BL_W10_T1.2_D20
Best Detection: 102 mmHg (confidence: 1.200)
Top 10 readings:
  Rank  Pressure    Confidence  
  ------------------------------
  1     102         1.200
  2     99          1.140
  3     95          1.060
  4     94          0.980
  5     91          0.900
  6     88          0.820
  7     85          0.740
  8     82          0.660
  9     80          0.580
  10    78          0.500

Detector: BL_W10_T1.2_D25
Best Detection: 102 mmHg (confidence: 1.200)
Top 10 readings:
  Rank  Pressure    Confidence  
  ------------------------------
  1     102         1.200
  2     99          1.140
  3     95          1.060
  4     94          0.980
  5     91          0.900
  6     88          0.820
  7     85          0.740
  8     82          0.660
  9     80          0.580
  10    78          0.500

Detector: BL_W10_T1.2_D30
Best Detection: 102 mmHg (confidence: 1.200)
Top 10 readings:
  Rank  Pressure    Confidence  
  ------------------------------
  1     102         1.200
  2     99          1.140
  3     95          1.060
  4     94          0.980
  5     91          0.900
  6     88          0.820
  7     85          0.740
  8     82          0.660
  9     80          0.580
  10    78          0.500

Detector: BL_W10_T1.2_D40
Best Detection: 102 mmHg (confidence: 1.200)
Top 10 readings:
  Rank  Pressure    Confidence  
  ------------------------------
  1     102         1.200
  2     99          1.140
  3     95          1.060
  4     94          0.980
  5     91          0.900
  6     87          0.820
  7     85          0.740
  8     82          0.660
  9     80          0.580
  10    78          0.500

Detector: BL_W10_T1.4_D2
Best Detection: 111 mmHg (confidence: 0.900)
Top 10 readings:
  Rank  Pressure    Confidence  
  ------------------------------
  1     111         0.900
  2     108         0.820
  3     104         0.740
  4     111         0.720
  5     100         0.660
  6     102         0.660
  7     98          0.580
  8     95          0.500
  9     94          0.420
  10    142         0.400

Detector: BL_W10_T1.4_D4
Best Detection: 111 mmHg (confidence: 1.060)
Top 10 readings:
  Rank  Pressure    Confidence  
  ------------------------------
  1     111         1.060
  2     112         1.060
  3     108         0.980
  4     104         0.900
  5     100         0.820
  6     101         0.820
  7     98          0.740
  8     95          0.660
  9     94          0.580
  10    91          0.500

Detector: BL_W10_T1.4_D6
Best Detection: 112 mmHg (confidence: 1.200)
Top 10 readings:
  Rank  Pressure    Confidence  
  ------------------------------
  1     112         1.200
  2     108         1.200
  3     104         1.200
  4     102         1.200
  5     98          1.140
  6     95          1.060
  7     94          0.980
  8     91          0.900
  9     87          0.820
  10    85          0.740

Detector: BL_W10_T1.4_D8
Best Detection: 111 mmHg (confidence: 1.200)
Top 10 readings:
  Rank  Pressure    Confidence  
  ------------------------------
  1     111         1.200
  2     108         1.200
  3     104         1.200
  4     102         1.200
  5     98          1.140
  6     95          1.060
  7     94          0.980
  8     91          0.900
  9     87          0.820
  10    85          0.740

Detector: BL_W10_T1.4_D10
Best Detection: 108 mmHg (confidence: 1.200)
Top 10 readings:
  Rank  Pressure    Confidence  
  ------------------------------
  1     108         1.200
  2     104         1.200
  3     102         1.200
  4     98          1.140
  5     95          1.060
  6     94          0.980
  7     91          0.900
  8     87          0.820
  9     85          0.740
  10    82          0.660

Detector: BL_W10_T1.4_D15
Best Detection: 108 mmHg (confidence: 1.200)
Top 10 readings:
  Rank  Pressure    Confidence  
  ------------------------------
  1     108         1.200
  2     104         1.200
  3     102         1.200
  4     98          1.140
  5     95          1.060
  6     94          0.980
  7     91          0.900
  8     87          0.820
  9     85          0.740
  10    82          0.660

Detector: BL_W10_T1.4_D20
Best Detection: 102 mmHg (confidence: 1.200)
Top 10 readings:
  Rank  Pressure    Confidence  
  ------------------------------
  1     102         1.200
  2     98          1.140
  3     95          1.060
  4     94          0.980
  5     91          0.900
  6     87          0.820
  7     85          0.740
  8     82          0.660
  9     80          0.580
  10    78          0.500

Detector: BL_W10_T1.4_D25
Best Detection: 102 mmHg (confidence: 1.200)
Top 10 readings:
  Rank  Pressure    Confidence  
  ------------------------------
  1     102         1.200
  2     98          1.140
  3     95          1.060
  4     94          0.980
  5     91          0.900
  6     87          0.820
  7     85          0.740
  8     82          0.660
  9     80          0.580
  10    78          0.500

Detector: BL_W10_T1.4_D30
Best Detection: 102 mmHg (confidence: 1.200)
Top 10 readings:
  Rank  Pressure    Confidence  
  ------------------------------
  1     102         1.200
  2     98          1.140
  3     95          1.060
  4     94          0.980
  5     91          0.900
  6     88          0.820
  7     85          0.740
  8     82          0.660
  9     80          0.580
  10    78          0.500

Detector: BL_W10_T1.4_D40
Best Detection: 102 mmHg (confidence: 1.200)
Top 10 readings:
  Rank  Pressure    Confidence  
  ------------------------------
  1     102         1.200
  2     98          1.140
  3     95          1.060
  4     94          0.980
  5     91          0.900
  6     87          0.820
  7     85          0.740
  8     82          0.660
  9     80          0.580
  10    78          0.500

Detector: BL_W10_T1.6_D2
Best Detection: 108 mmHg (confidence: 0.980)
Top 10 readings:
  Rank  Pressure    Confidence  
  ------------------------------
  1     108         0.980
  2     104         0.900
  3     100         0.820
  4     102         0.820
  5     98          0.740
  6     95          0.660
  7     94          0.580
  8     91          0.500
  9     87          0.420
  10    142         0.400

Detector: BL_W10_T1.6_D4
Best Detection: 112 mmHg (confidence: 1.140)
Top 10 readings:
  Rank  Pressure    Confidence  
  ------------------------------
  1     112         1.140
  2     108         1.060
  3     104         0.980
  4     100         0.900
  5     101         0.900
  6     98          0.820
  7     95          0.740
  8     94          0.660
  9     91          0.580
  10    87          0.500

Detector: BL_W10_T1.6_D6
Best Detection: 112 mmHg (confidence: 1.200)
Top 10 readings:
  Rank  Pressure    Confidence  
  ------------------------------
  1     112         1.200
  2     108         1.200
  3     104         1.200
  4     102         1.200
  5     98          1.140
  6     95          1.060
  7     94          0.980
  8     91          0.900
  9     87          0.820
  10    85          0.740

Detector: BL_W10_T1.6_D8
Best Detection: 111 mmHg (confidence: 1.200)
Top 10 readings:
  Rank  Pressure    Confidence  
  ------------------------------
  1     111         1.200
  2     108         1.200
  3     104         1.200
  4     102         1.200
  5     98          1.140
  6     95          1.060
  7     94          0.980
  8     91          0.900
  9     87          0.820
  10    85          0.740

Detector: BL_W10_T1.6_D10
Best Detection: 108 mmHg (confidence: 1.200)
Top 10 readings:
  Rank  Pressure    Confidence  
  ------------------------------
  1     108         1.200
  2     104         1.200
  3     102         1.200
  4     98          1.140
  5     95          1.060
  6     94          0.980
  7     91          0.900
  8     87          0.820
  9     85          0.740
  10    82          0.660

Detector: BL_W10_T1.6_D15
Best Detection: 108 mmHg (confidence: 1.200)
Top 10 readings:
  Rank  Pressure    Confidence  
  ------------------------------
  1     108         1.200
  2     104         1.200
  3     102         1.200
  4     98          1.140
  5     95          1.060
  6     94          0.980
  7     91          0.900
  8     87          0.820
  9     85          0.740
  10    82          0.660

Detector: BL_W10_T1.6_D20
Best Detection: 102 mmHg (confidence: 1.200)
Top 10 readings:
  Rank  Pressure    Confidence  
  ------------------------------
  1     102         1.200
  2     98          1.140
  3     95          1.060
  4     94          0.980
  5     91          0.900
  6     87          0.820
  7     85          0.740
  8     82          0.660
  9     80          0.580
  10    78          0.500

Detector: BL_W10_T1.6_D25
Best Detection: 102 mmHg (confidence: 1.200)
Top 10 readings:
  Rank  Pressure    Confidence  
  ------------------------------
  1     102         1.200
  2     98          1.140
  3     95          1.060
  4     94          0.980
  5     91          0.900
  6     87          0.820
  7     85          0.740
  8     82          0.660
  9     80          0.580
  10    78          0.500

Detector: BL_W10_T1.6_D30
Best Detection: 102 mmHg (confidence: 1.200)
Top 10 readings:
  Rank  Pressure    Confidence  
  ------------------------------
  1     102         1.200
  2     98          1.140
  3     95          1.060
  4     94          0.980
  5     91          0.900
  6     88          0.820
  7     85          0.740
  8     82          0.660
  9     80          0.580
  10    78          0.500

Detector: BL_W10_T1.6_D40
Best Detection: 102 mmHg (confidence: 1.200)
Top 10 readings:
  Rank  Pressure    Confidence  
  ------------------------------
  1     102         1.200
  2     98          1.140
  3     95          1.060
  4     94          0.980
  5     91          0.900
  6     87          0.820
  7     85          0.740
  8     82          0.660
  9     80          0.580
  10    78          0.500

Detector: BL_W10_T1.8_D2
Best Detection: 100 mmHg (confidence: 0.980)
Top 10 readings:
  Rank  Pressure    Confidence  
  ------------------------------
  1     100         0.980
  2     102         0.980
  3     98          0.900
  4     95          0.820
  5     94          0.740
  6     91          0.660
  7     87          0.580
  8     85          0.500
  9     82          0.420
  10    142         0.400

Detector: BL_W10_T1.8_D4
Best Detection: 100 mmHg (confidence: 1.060)
Top 10 readings:
  Rank  Pressure    Confidence  
  ------------------------------
  1     100         1.060
  2     101         1.060
  3     98          0.980
  4     95          0.900
  5     94          0.820
  6     91          0.740
  7     87          0.660
  8     85          0.580
  9     82          0.500
  10    80          0.420

Detector: BL_W10_T1.8_D6
Best Detection: 102 mmHg (confidence: 1.200)
Top 10 readings:
  Rank  Pressure    Confidence  
  ------------------------------
  1     102         1.200
  2     98          1.140
  3     95          1.060
  4     94          0.980
  5     91          0.900
  6     87          0.820
  7     85          0.740
  8     82          0.660
  9     80          0.580
  10    78          0.500

Detector: BL_W10_T1.8_D8
Best Detection: 102 mmHg (confidence: 1.200)
Top 10 readings:
  Rank  Pressure    Confidence  
  ------------------------------
  1     102         1.200
  2     98          1.140
  3     95          1.060
  4     94          0.980
  5     91          0.900
  6     87          0.820
  7     85          0.740
  8     82          0.660
  9     80          0.580
  10    78          0.500

Detector: BL_W10_T1.8_D10
Best Detection: 104 mmHg (confidence: 1.200)
Top 10 readings:
  Rank  Pressure    Confidence  
  ------------------------------
  1     104         1.200
  2     102         1.200
  3     98          1.140
  4     95          1.060
  5     94          0.980
  6     91          0.900
  7     87          0.820
  8     85          0.740
  9     82          0.660
  10    80          0.580

Detector: BL_W10_T1.8_D15
Best Detection: 108 mmHg (confidence: 1.200)
Top 10 readings:
  Rank  Pressure    Confidence  
  ------------------------------
  1     108         1.200
  2     104         1.200
  3     102         1.200
  4     98          1.140
  5     95          1.060
  6     94          0.980
  7     91          0.900
  8     87          0.820
  9     85          0.740
  10    82          0.660

Detector: BL_W10_T1.8_D20
Best Detection: 102 mmHg (confidence: 1.200)
Top 10 readings:
  Rank  Pressure    Confidence  
  ------------------------------
  1     102         1.200
  2     98          1.140
  3     95          1.060
  4     94          0.980
  5     91          0.900
  6     87          0.820
  7     85          0.740
  8     82          0.660
  9     80          0.580
  10    78          0.500

Detector: BL_W10_T1.8_D25
Best Detection: 102 mmHg (confidence: 1.200)
Top 10 readings:
  Rank  Pressure    Confidence  
  ------------------------------
  1     102         1.200
  2     98          1.140
  3     95          1.060
  4     94          0.980
  5     91          0.900
  6     87          0.820
  7     85          0.740
  8     82          0.660
  9     80          0.580
  10    78          0.500

Detector: BL_W10_T1.8_D30
Best Detection: 102 mmHg (confidence: 1.200)
Top 10 readings:
  Rank  Pressure    Confidence  
  ------------------------------
  1     102         1.200
  2     98          1.140
  3     95          1.060
  4     94          0.980
  5     91          0.900
  6     88          0.820
  7     85          0.740
  8     82          0.660
  9     80          0.580
  10    78          0.500

Detector: BL_W10_T1.8_D40
Best Detection: 102 mmHg (confidence: 1.200)
Top 10 readings:
  Rank  Pressure    Confidence  
  ------------------------------
  1     102         1.200
  2     98          1.140
  3     95          1.060
  4     94          0.980
  5     91          0.900
  6     87          0.820
  7     85          0.740
  8     82          0.660
  9     80          0.580
  10    78          0.500

Detector: BL_W10_T2.0_D2
Best Detection: 100 mmHg (confidence: 1.060)
Top 10 readings:
  Rank  Pressure    Confidence  
  ------------------------------
  1     100         1.060
  2     102         1.060
  3     98          0.980
  4     95          0.900
  5     94          0.820
  6     91          0.740
  7     87          0.660
  8     85          0.580
  9     82          0.500
  10    80          0.420

Detector: BL_W10_T2.0_D4
Best Detection: 100 mmHg (confidence: 1.060)
Top 10 readings:
  Rank  Pressure    Confidence  
  ------------------------------
  1     100         1.060
  2     101         1.060
  3     98          0.980
  4     95          0.900
  5     94          0.820
  6     91          0.740
  7     87          0.660
  8     85          0.580
  9     82          0.500
  10    80          0.420

Detector: BL_W10_T2.0_D6
Best Detection: 102 mmHg (confidence: 1.200)
Top 10 readings:
  Rank  Pressure    Confidence  
  ------------------------------
  1     102         1.200
  2     98          1.140
  3     95          1.060
  4     94          0.980
  5     91          0.900
  6     87          0.820
  7     85          0.740
  8     82          0.660
  9     80          0.580
  10    77          0.500

Detector: BL_W10_T2.0_D8
Best Detection: 102 mmHg (confidence: 1.200)
Top 10 readings:
  Rank  Pressure    Confidence  
  ------------------------------
  1     102         1.200
  2     98          1.140
  3     95          1.060
  4     94          0.980
  5     91          0.900
  6     87          0.820
  7     85          0.740
  8     82          0.660
  9     80          0.580
  10    77          0.500

Detector: BL_W10_T2.0_D10
Best Detection: 104 mmHg (confidence: 1.200)
Top 10 readings:
  Rank  Pressure    Confidence  
  ------------------------------
  1     104         1.200
  2     102         1.200
  3     98          1.140
  4     95          1.060
  5     94          0.980
  6     91          0.900
  7     87          0.820
  8     85          0.740
  9     82          0.660
  10    80          0.580

Detector: BL_W10_T2.0_D15
Best Detection: 108 mmHg (confidence: 1.200)
Top 10 readings:
  Rank  Pressure    Confidence  
  ------------------------------
  1     108         1.200
  2     104         1.200
  3     102         1.200
  4     98          1.140
  5     95          1.060
  6     94          0.980
  7     91          0.900
  8     87          0.820
  9     85          0.740
  10    82          0.660

Detector: BL_W10_T2.0_D20
Best Detection: 102 mmHg (confidence: 1.200)
Top 10 readings:
  Rank  Pressure    Confidence  
  ------------------------------
  1     102         1.200
  2     98          1.140
  3     95          1.060
  4     94          0.980
  5     91          0.900
  6     87          0.820
  7     85          0.740
  8     82          0.660
  9     80          0.580
  10    77          0.500

Detector: BL_W10_T2.0_D25
Best Detection: 102 mmHg (confidence: 1.200)
Top 10 readings:
  Rank  Pressure    Confidence  
  ------------------------------
  1     102         1.200
  2     98          1.140
  3     95          1.060
  4     94          0.980
  5     91          0.900
  6     87          0.820
  7     85          0.740
  8     82          0.660
  9     80          0.580
  10    77          0.500

Detector: BL_W10_T2.0_D30
Best Detection: 102 mmHg (confidence: 1.200)
Top 10 readings:
  Rank  Pressure    Confidence  
  ------------------------------
  1     102         1.200
  2     98          1.140
  3     95          1.060
  4     94          0.980
  5     91          0.900
  6     88          0.820
  7     85          0.740
  8     82          0.660
  9     80          0.580
  10    77          0.500

Detector: BL_W10_T2.0_D40
Best Detection: 102 mmHg (confidence: 1.200)
Top 10 readings:
  Rank  Pressure    Confidence  
  ------------------------------
  1     102         1.200
  2     98          1.140
  3     95          1.060
  4     94          0.980
  5     91          0.900
  6     87          0.820
  7     85          0.740
  8     82          0.660
  9     80          0.580
  10    77          0.500

Detector: BL_W10_T2.2_D2
Best Detection: 100 mmHg (confidence: 1.060)
Top 10 readings:
  Rank  Pressure    Confidence  
  ------------------------------
  1     100         1.060
  2     102         1.060
  3     98          0.980
  4     95          0.900
  5     94          0.820
  6     91          0.740
  7     87          0.660
  8     85          0.580
  9     82          0.500
  10    80          0.420

Detector: BL_W10_T2.2_D4
Best Detection: 100 mmHg (confidence: 1.060)
Top 10 readings:
  Rank  Pressure    Confidence  
  ------------------------------
  1     100         1.060
  2     101         1.060
  3     98          0.980
  4     95          0.900
  5     94          0.820
  6     91          0.740
  7     87          0.660
  8     85          0.580
  9     82          0.500
  10    80          0.420

Detector: BL_W10_T2.2_D6
Best Detection: 102 mmHg (confidence: 1.200)
Top 10 readings:
  Rank  Pressure    Confidence  
  ------------------------------
  1     102         1.200
  2     98          1.140
  3     95          1.060
  4     94          0.980
  5     91          0.900
  6     87          0.820
  7     85          0.740
  8     82          0.660
  9     80          0.580
  10    77          0.500

Detector: BL_W10_T2.2_D8
Best Detection: 102 mmHg (confidence: 1.200)
Top 10 readings:
  Rank  Pressure    Confidence  
  ------------------------------
  1     102         1.200
  2     98          1.140
  3     95          1.060
  4     94          0.980
  5     91          0.900
  6     87          0.820
  7     85          0.740
  8     82          0.660
  9     80          0.580
  10    77          0.500

Detector: BL_W10_T2.2_D10
Best Detection: 104 mmHg (confidence: 1.200)
Top 10 readings:
  Rank  Pressure    Confidence  
  ------------------------------
  1     104         1.200
  2     102         1.200
  3     98          1.140
  4     95          1.060
  5     94          0.980
  6     91          0.900
  7     87          0.820
  8     85          0.740
  9     82          0.660
  10    80          0.580

Detector: BL_W10_T2.2_D15
Best Detection: 108 mmHg (confidence: 1.200)
Top 10 readings:
  Rank  Pressure    Confidence  
  ------------------------------
  1     108         1.200
  2     104         1.200
  3     102         1.200
  4     98          1.140
  5     95          1.060
  6     94          0.980
  7     91          0.900
  8     87          0.820
  9     85          0.740
  10    82          0.660

Detector: BL_W10_T2.2_D20
Best Detection: 102 mmHg (confidence: 1.200)
Top 10 readings:
  Rank  Pressure    Confidence  
  ------------------------------
  1     102         1.200
  2     98          1.140
  3     95          1.060
  4     94          0.980
  5     91          0.900
  6     87          0.820
  7     85          0.740
  8     82          0.660
  9     80          0.580
  10    77          0.500

Detector: BL_W10_T2.2_D25
Best Detection: 102 mmHg (confidence: 1.200)
Top 10 readings:
  Rank  Pressure    Confidence  
  ------------------------------
  1     102         1.200
  2     98          1.140
  3     95          1.060
  4     94          0.980
  5     91          0.900
  6     87          0.820
  7     85          0.740
  8     82          0.660
  9     80          0.580
  10    77          0.500

Detector: BL_W10_T2.2_D30
Best Detection: 102 mmHg (confidence: 1.200)
Top 10 readings:
  Rank  Pressure    Confidence  
  ------------------------------
  1     102         1.200
  2     98          1.140
  3     95          1.060
  4     94          0.980
  5     91          0.900
  6     88          0.820
  7     85          0.740
  8     82          0.660
  9     80          0.580
  10    77          0.500

Detector: BL_W10_T2.2_D40
Best Detection: 102 mmHg (confidence: 1.200)
Top 10 readings:
  Rank  Pressure    Confidence  
  ------------------------------
  1     102         1.200
  2     98          1.140
  3     95          1.060
  4     94          0.980
  5     91          0.900
  6     87          0.820
  7     85          0.740
  8     82          0.660
  9     80          0.580
  10    77          0.500

Detector: BL_W10_T2.4_D2
Best Detection: 94 mmHg (confidence: 0.580)
Top 10 readings:
  Rank  Pressure    Confidence  
  ------------------------------
  1     94          0.580
  2     91          0.500
  3     87          0.420
  4     84          0.340
  5     73          0.340
  6     82          0.260
  7     72          0.260
  8     128         0.208
  9     142         0.126
  10    124         0.126

Detector: BL_W10_T2.4_D4
Best Detection: 94 mmHg (confidence: 0.580)
Top 10 readings:
  Rank  Pressure    Confidence  
  ------------------------------
  1     94          0.580
  2     91          0.500
  3     87          0.420
  4     84          0.340
  5     73          0.340
  6     82          0.260
  7     72          0.260
  8     142         0.208
  9     137         0.126
  10    123         0.126

Detector: BL_W10_T2.4_D6
Best Detection: 94 mmHg (confidence: 0.580)
Top 10 readings:
  Rank  Pressure    Confidence  
  ------------------------------
  1     94          0.580
  2     91          0.500
  3     87          0.420
  4     84          0.340
  5     73          0.340
  6     82          0.260
  7     72          0.260
  8     142         0.126
  9     80          0.126
  10    69          0.126

Detector: BL_W10_T2.4_D8
Best Detection: 94 mmHg (confidence: 0.580)
Top 10 readings:
  Rank  Pressure    Confidence  
  ------------------------------
  1     94          0.580
  2     91          0.500
  3     87          0.420
  4     84          0.340
  5     73          0.340
  6     82          0.260
  7     72          0.260
  8     142         0.126
  9     80          0.126
  10    69          0.126

Detector: BL_W10_T2.4_D10
Best Detection: 94 mmHg (confidence: 0.580)
Top 10 readings:
  Rank  Pressure    Confidence  
  ------------------------------
  1     94          0.580
  2     91          0.500
  3     87          0.420
  4     84          0.340
  5     73          0.340
  6     82          0.260
  7     72          0.260
  8     104         0.126
  9     80          0.126
  10    69          0.126

Detector: BL_W10_T2.4_D15
Best Detection: 94 mmHg (confidence: 0.580)
Top 10 readings:
  Rank  Pressure    Confidence  
  ------------------------------
  1     94          0.580
  2     91          0.500
  3     87          0.420
  4     84          0.340
  5     73          0.340
  6     108         0.260
  7     82          0.260
  8     72          0.260
  9     104         0.126
  10    80          0.126

Detector: BL_W10_T2.4_D20
Best Detection: 94 mmHg (confidence: 0.580)
Top 10 readings:
  Rank  Pressure    Confidence  
  ------------------------------
  1     94          0.580
  2     91          0.500
  3     87          0.420
  4     84          0.340
  5     73          0.340
  6     82          0.260
  7     72          0.260
  8     80          0.126
  9     69          0.126
  10    67          0.050

Detector: BL_W10_T2.4_D25
Best Detection: 94 mmHg (confidence: 0.580)
Top 10 readings:
  Rank  Pressure    Confidence  
  ------------------------------
  1     94          0.580
  2     91          0.500
  3     87          0.420
  4     84          0.340
  5     73          0.340
  6     82          0.260
  7     72          0.260
  8     80          0.126
  9     69          0.126
  10    67          0.050

Detector: BL_W10_T2.4_D30
Best Detection: 94 mmHg (confidence: 0.580)
Top 10 readings:
  Rank  Pressure    Confidence  
  ------------------------------
  1     94          0.580
  2     91          0.500
  3     88          0.420
  4     85          0.340
  5     73          0.340
  6     82          0.260
  7     72          0.260
  8     80          0.126
  9     69          0.126
  10    67          0.050

Detector: BL_W10_T2.4_D40
Best Detection: 94 mmHg (confidence: 0.580)
Top 10 readings:
  Rank  Pressure    Confidence  
  ------------------------------
  1     94          0.580
  2     91          0.500
  3     87          0.420
  4     85          0.340
  5     73          0.340
  6     82          0.260
  7     72          0.260
  8     80          0.126
  9     69          0.126
  10    67          0.050

Detector: BL_W10_T2.6_D2
Best Detection: 128 mmHg (confidence: 0.208)
Top 10 readings:
  Rank  Pressure    Confidence  
  ------------------------------
  1     128         0.208
  2     124         0.126
  3     84          0.050
  4     138         0.010
  5     121         0.010
  6     119         0.010
  7     100         0.010
  8     102         0.010

Detector: BL_W10_T2.6_D4
Best Detection: 142 mmHg (confidence: 0.208)
Top 10 readings:
  Rank  Pressure    Confidence  
  ------------------------------
  1     142         0.208
  2     137         0.126
  3     123         0.126
  4     84          0.050
  5     134         0.010
  6     119         0.010
  7     112         0.010
  8     100         0.010
  9     101         0.010

Detector: BL_W10_T2.6_D6
Best Detection: 142 mmHg (confidence: 0.126)
Top 10 readings:
  Rank  Pressure    Confidence  
  ------------------------------
  1     142         0.126
  2     84          0.050
  3     134         0.010
  4     112         0.010
  5     102         0.010

Detector: BL_W10_T2.6_D8
Best Detection: 142 mmHg (confidence: 0.126)
Top 10 readings:
  Rank  Pressure    Confidence  
  ------------------------------
  1     142         0.126
  2     84          0.050
  3     134         0.010
  4     111         0.010
  5     102         0.010

Detector: BL_W10_T2.6_D10
Best Detection: 104 mmHg (confidence: 0.126)
Top 10 readings:
  Rank  Pressure    Confidence  
  ------------------------------
  1     104         0.126
  2     84          0.050
  3     142         0.010
  4     102         0.010

Detector: BL_W10_T2.6_D15
Best Detection: 108 mmHg (confidence: 0.260)
Top 10 readings:
  Rank  Pressure    Confidence  
  ------------------------------
  1     108         0.260
  2     104         0.126
  3     84          0.050
  4     141         0.010
  5     102         0.010

Detector: BL_W10_T2.6_D20
Best Detection: 84 mmHg (confidence: 0.050)
Top 10 readings:
  Rank  Pressure    Confidence  
  ------------------------------
  1     84          0.050
  2     108         0.010
  3     102         0.010

Detector: BL_W10_T2.6_D25
Best Detection: 84 mmHg (confidence: 0.050)
Top 10 readings:
  Rank  Pressure    Confidence  
  ------------------------------
  1     84          0.050
  2     102         0.010

Detector: BL_W10_T2.6_D30
Best Detection: 88 mmHg (confidence: 0.126)
Top 10 readings:
  Rank  Pressure    Confidence  
  ------------------------------
  1     88          0.126
  2     85          0.050
  3     102         0.010

Detector: BL_W10_T2.6_D40
Best Detection: 87 mmHg (confidence: 0.126)
Top 10 readings:
  Rank  Pressure    Confidence  
  ------------------------------
  1     87          0.126
  2     72          0.050
  3     102         0.010
  4     85          0.010

Detector: BL_W10_T2.8_D2
Best Detection: 128 mmHg (confidence: 0.208)
Top 10 readings:
  Rank  Pressure    Confidence  
  ------------------------------
  1     128         0.208
  2     124         0.126
  3     102         0.050
  4     138         0.010
  5     121         0.010
  6     119         0.010
  7     100         0.010

Detector: BL_W10_T2.8_D4
Best Detection: 142 mmHg (confidence: 0.208)
Top 10 readings:
  Rank  Pressure    Confidence  
  ------------------------------
  1     142         0.208
  2     137         0.126
  3     123         0.126
  4     100         0.050
  5     134         0.010
  6     119         0.010
  7     112         0.010

Detector: BL_W10_T2.8_D6
Best Detection: 142 mmHg (confidence: 0.126)
Top 10 readings:
  Rank  Pressure    Confidence  
  ------------------------------
  1     142         0.126
  2     102         0.050
  3     134         0.010
  4     112         0.010

Detector: BL_W10_T2.8_D8
Best Detection: 142 mmHg (confidence: 0.126)
Top 10 readings:
  Rank  Pressure    Confidence  
  ------------------------------
  1     142         0.126
  2     102         0.050
  3     134         0.010
  4     111         0.010

Detector: BL_W10_T2.8_D10
Best Detection: 104 mmHg (confidence: 0.126)
Top 10 readings:
  Rank  Pressure    Confidence  
  ------------------------------
  1     104         0.126
  2     102         0.050
  3     142         0.010

Detector: BL_W10_T2.8_D15
Best Detection: 108 mmHg (confidence: 0.260)
Top 10 readings:
  Rank  Pressure    Confidence  
  ------------------------------
  1     108         0.260
  2     104         0.126
  3     102         0.050
  4     141         0.010

Detector: BL_W10_T2.8_D20
Best Detection: 102 mmHg (confidence: 0.050)
Top 10 readings:
  Rank  Pressure    Confidence  
  ------------------------------
  1     102         0.050
  2     108         0.010

Detector: BL_W10_T2.8_D25
Best Detection: 102 mmHg (confidence: 0.050)
Top 10 readings:
  Rank  Pressure    Confidence  
  ------------------------------
  1     102         0.050

Detector: BL_W10_T2.8_D30
Best Detection: 88 mmHg (confidence: 0.126)
Top 10 readings:
  Rank  Pressure    Confidence  
  ------------------------------
  1     88          0.126
  2     85          0.050
  3     102         0.010

Detector: BL_W10_T2.8_D40
Best Detection: 87 mmHg (confidence: 0.126)
Top 10 readings:
  Rank  Pressure    Confidence  
  ------------------------------
  1     87          0.126
  2     72          0.050
  3     102         0.010
  4     85          0.010

Detector: BL_W10_T3.0_D2
Best Detection: 128 mmHg (confidence: 0.208)
Top 10 readings:
  Rank  Pressure    Confidence  
  ------------------------------
  1     128         0.208
  2     124         0.126
  3     100         0.050
  4     138         0.010
  5     121         0.010
  6     119         0.010

Detector: BL_W10_T3.0_D4
Best Detection: 142 mmHg (confidence: 0.208)
Top 10 readings:
  Rank  Pressure    Confidence  
  ------------------------------
  1     142         0.208
  2     137         0.126
  3     123         0.126
  4     100         0.050
  5     134         0.010
  6     119         0.010
  7     112         0.010

Detector: BL_W10_T3.0_D6
Best Detection: 142 mmHg (confidence: 0.126)
Top 10 readings:
  Rank  Pressure    Confidence  
  ------------------------------
  1     142         0.126
  2     112         0.050
  3     134         0.010

Detector: BL_W10_T3.0_D8
Best Detection: 142 mmHg (confidence: 0.126)
Top 10 readings:
  Rank  Pressure    Confidence  
  ------------------------------
  1     142         0.126
  2     102         0.050
  3     134         0.010
  4     111         0.010

Detector: BL_W10_T3.0_D10
Best Detection: 104 mmHg (confidence: 0.126)
Top 10 readings:
  Rank  Pressure    Confidence  
  ------------------------------
  1     104         0.126
  2     102         0.050
  3     142         0.010

Detector: BL_W10_T3.0_D15
Best Detection: 108 mmHg (confidence: 0.260)
Top 10 readings:
  Rank  Pressure    Confidence  
  ------------------------------
  1     108         0.260
  2     104         0.126
  3     102         0.050
  4     141         0.010

Detector: BL_W10_T3.0_D20
Best Detection: 102 mmHg (confidence: 0.050)
Top 10 readings:
  Rank  Pressure    Confidence  
  ------------------------------
  1     102         0.050
  2     108         0.010

Detector: BL_W10_T3.0_D25
Best Detection: 102 mmHg (confidence: 0.050)
Top 10 readings:
  Rank  Pressure    Confidence  
  ------------------------------
  1     102         0.050

Detector: BL_W10_T3.0_D30
Best Detection: 88 mmHg (confidence: 0.126)
Top 10 readings:
  Rank  Pressure    Confidence  
  ------------------------------
  1     88          0.126
  2     85          0.050
  3     102         0.010

Detector: BL_W10_T3.0_D40
Best Detection: 87 mmHg (confidence: 0.126)
Top 10 readings:
  Rank  Pressure    Confidence  
  ------------------------------
  1     87          0.126
  2     72          0.050
  3     102         0.010
  4     85          0.010

Detector: BL_W20_T1.2_D2
Best Detection: 84 mmHg (confidence: 0.660)
Top 10 readings:
  Rank  Pressure    Confidence  
  ------------------------------
  1     84          0.660
  2     82          0.580
  3     79          0.500
  4     77          0.420
  5     141         0.340
  6     75          0.340
  7     134         0.260
  8     73          0.260
  9     128         0.126
  10    111         0.126

Detector: BL_W20_T1.2_D4
Best Detection: 84 mmHg (confidence: 0.740)
Top 10 readings:
  Rank  Pressure    Confidence  
  ------------------------------
  1     84          0.740
  2     82          0.660
  3     79          0.580
  4     77          0.500
  5     75          0.420
  6     73          0.340
  7     71          0.260
  8     141         0.126
  9     111         0.126
  10    111         0.126

Detector: BL_W20_T1.2_D6
Best Detection: 84 mmHg (confidence: 0.740)
Top 10 readings:
  Rank  Pressure    Confidence  
  ------------------------------
  1     84          0.740
  2     82          0.660
  3     79          0.580
  4     77          0.500
  5     75          0.420
  6     73          0.340
  7     71          0.260
  8     141         0.126
  9     111         0.126
  10    111         0.126

Detector: BL_W20_T1.2_D8
Best Detection: 84 mmHg (confidence: 0.740)
Top 10 readings:
  Rank  Pressure    Confidence  
  ------------------------------
  1     84          0.740
  2     82          0.660
  3     79          0.580
  4     77          0.500
  5     75          0.420
  6     73          0.340
  7     71          0.260
  8     141         0.126
  9     112         0.126
  10    93          0.126

Detector: BL_W20_T1.2_D10
Best Detection: 84 mmHg (confidence: 0.740)
Top 10 readings:
  Rank  Pressure    Confidence  
  ------------------------------
  1     84          0.740
  2     82          0.660
  3     79          0.580
  4     77          0.500
  5     75          0.420
  6     73          0.340
  7     71          0.260
  8     141         0.126
  9     112         0.126
  10    93          0.126

Detector: BL_W20_T1.2_D15
Best Detection: 84 mmHg (confidence: 0.740)
Top 10 readings:
  Rank  Pressure    Confidence  
  ------------------------------
  1     84          0.740
  2     82          0.660
  3     79          0.580
  4     77          0.500
  5     75          0.420
  6     73          0.340
  7     71          0.260
  8     93          0.126
  9     69          0.126
  10    66          0.050

Detector: BL_W20_T1.2_D20
Best Detection: 84 mmHg (confidence: 0.740)
Top 10 readings:
  Rank  Pressure    Confidence  
  ------------------------------
  1     84          0.740
  2     82          0.660
  3     79          0.580
  4     77          0.500
  5     75          0.420
  6     73          0.340
  7     71          0.260
  8     93          0.126
  9     69          0.126
  10    66          0.050

Detector: BL_W20_T1.2_D25
Best Detection: 84 mmHg (confidence: 0.740)
Top 10 readings:
  Rank  Pressure    Confidence  
  ------------------------------
  1     84          0.740
  2     82          0.660
  3     79          0.580
  4     77          0.500
  5     75          0.420
  6     73          0.340
  7     71          0.260
  8     93          0.126
  9     69          0.126
  10    66          0.050

Detector: BL_W20_T1.2_D30
Best Detection: 84 mmHg (confidence: 0.740)
Top 10 readings:
  Rank  Pressure    Confidence  
  ------------------------------
  1     84          0.740
  2     82          0.660
  3     79          0.580
  4     77          0.500
  5     75          0.420
  6     73          0.340
  7     71          0.260
  8     93          0.126
  9     69          0.126
  10    66          0.050

Detector: BL_W20_T1.2_D40
Best Detection: 84 mmHg (confidence: 0.740)
Top 10 readings:
  Rank  Pressure    Confidence  
  ------------------------------
  1     84          0.740
  2     82          0.660
  3     79          0.580
  4     77          0.500
  5     75          0.420
  6     73          0.340
  7     71          0.260
  8     93          0.126
  9     69          0.126
  10    66          0.050

Detector: BL_W20_T1.4_D2
Best Detection: 84 mmHg (confidence: 0.740)
Top 10 readings:
  Rank  Pressure    Confidence  
  ------------------------------
  1     84          0.740
  2     81          0.660
  3     79          0.580
  4     77          0.500
  5     75          0.420
  6     73          0.340
  7     141         0.260
  8     71          0.260
  9     134         0.126
  10    93          0.126

Detector: BL_W20_T1.4_D4
Best Detection: 84 mmHg (confidence: 0.740)
Top 10 readings:
  Rank  Pressure    Confidence  
  ------------------------------
  1     84          0.740
  2     81          0.660
  3     79          0.580
  4     77          0.500
  5     75          0.420
  6     73          0.340
  7     71          0.260
  8     141         0.126
  9     93          0.126
  10    69          0.126

Detector: BL_W20_T1.4_D6
Best Detection: 84 mmHg (confidence: 0.740)
Top 10 readings:
  Rank  Pressure    Confidence  
  ------------------------------
  1     84          0.740
  2     81          0.660
  3     79          0.580
  4     77          0.500
  5     75          0.420
  6     73          0.340
  7     71          0.260
  8     141         0.126
  9     93          0.126
  10    69          0.126

Detector: BL_W20_T1.4_D8
Best Detection: 84 mmHg (confidence: 0.740)
Top 10 readings:
  Rank  Pressure    Confidence  
  ------------------------------
  1     84          0.740
  2     81          0.660
  3     79          0.580
  4     77          0.500
  5     75          0.420
  6     73          0.340
  7     71          0.260
  8     141         0.126
  9     93          0.126
  10    69          0.126

Detector: BL_W20_T1.4_D10
Best Detection: 84 mmHg (confidence: 0.740)
Top 10 readings:
  Rank  Pressure    Confidence  
  ------------------------------
  1     84          0.740
  2     81          0.660
  3     79          0.580
  4     77          0.500
  5     75          0.420
  6     73          0.340
  7     71          0.260
  8     141         0.126
  9     93          0.126
  10    69          0.126

Detector: BL_W20_T1.4_D15
Best Detection: 84 mmHg (confidence: 0.740)
Top 10 readings:
  Rank  Pressure    Confidence  
  ------------------------------
  1     84          0.740
  2     81          0.660
  3     79          0.580
  4     77          0.500
  5     75          0.420
  6     73          0.340
  7     71          0.260
  8     93          0.126
  9     69          0.126
  10    66          0.050

Detector: BL_W20_T1.4_D20
Best Detection: 84 mmHg (confidence: 0.740)
Top 10 readings:
  Rank  Pressure    Confidence  
  ------------------------------
  1     84          0.740
  2     81          0.660
  3     79          0.580
  4     77          0.500
  5     75          0.420
  6     73          0.340
  7     71          0.260
  8     93          0.126
  9     69          0.126
  10    66          0.050

Detector: BL_W20_T1.4_D25
Best Detection: 84 mmHg (confidence: 0.740)
Top 10 readings:
  Rank  Pressure    Confidence  
  ------------------------------
  1     84          0.740
  2     81          0.660
  3     79          0.580
  4     77          0.500
  5     75          0.420
  6     73          0.340
  7     71          0.260
  8     93          0.126
  9     69          0.126
  10    66          0.050

Detector: BL_W20_T1.4_D30
Best Detection: 84 mmHg (confidence: 0.740)
Top 10 readings:
  Rank  Pressure    Confidence  
  ------------------------------
  1     84          0.740
  2     81          0.660
  3     79          0.580
  4     77          0.500
  5     75          0.420
  6     73          0.340
  7     71          0.260
  8     93          0.126
  9     69          0.126
  10    66          0.050

Detector: BL_W20_T1.4_D40
Best Detection: 84 mmHg (confidence: 0.740)
Top 10 readings:
  Rank  Pressure    Confidence  
  ------------------------------
  1     84          0.740
  2     81          0.660
  3     79          0.580
  4     77          0.500
  5     75          0.420
  6     73          0.340
  7     71          0.260
  8     93          0.126
  9     69          0.126
  10    66          0.050

Detector: BL_W20_T1.6_D2
Best Detection: 141 mmHg (confidence: 0.260)
Top 10 readings:
  Rank  Pressure    Confidence  
  ------------------------------
  1     141         0.260
  2     75          0.260
  3     134         0.126
  4     92          0.126
  5     84          0.126
  6     73          0.126
  7     66          0.050
  8     128         0.010
  9     120         0.010
  10    119         0.010

Detector: BL_W20_T1.6_D4
Best Detection: 75 mmHg (confidence: 0.260)
Top 10 readings:
  Rank  Pressure    Confidence  
  ------------------------------
  1     75          0.260
  2     141         0.126
  3     92          0.126
  4     84          0.126
  5     73          0.126
  6     66          0.050
  7     134         0.010
  8     119         0.010
  9     102         0.010
  10    89          0.010

Detector: BL_W20_T1.6_D6
Best Detection: 75 mmHg (confidence: 0.260)
Top 10 readings:
  Rank  Pressure    Confidence  
  ------------------------------
  1     75          0.260
  2     141         0.126
  3     92          0.126
  4     84          0.126
  5     73          0.126
  6     66          0.050
  7     134         0.010
  8     119         0.010
  9     111         0.010
  10    102         0.010

Detector: BL_W20_T1.6_D8
Best Detection: 75 mmHg (confidence: 0.260)
Top 10 readings:
  Rank  Pressure    Confidence  
  ------------------------------
  1     75          0.260
  2     141         0.126
  3     92          0.126
  4     84          0.126
  5     73          0.126
  6     66          0.050
  7     134         0.010
  8     112         0.010
  9     102         0.010
  10    89          0.010

Detector: BL_W20_T1.6_D10
Best Detection: 75 mmHg (confidence: 0.260)
Top 10 readings:
  Rank  Pressure    Confidence  
  ------------------------------
  1     75          0.260
  2     141         0.126
  3     92          0.126
  4     84          0.126
  5     73          0.126
  6     66          0.050
  7     134         0.010
  8     112         0.010
  9     102         0.010
  10    89          0.010

Detector: BL_W20_T1.6_D15
Best Detection: 75 mmHg (confidence: 0.260)
Top 10 readings:
  Rank  Pressure    Confidence  
  ------------------------------
  1     75          0.260
  2     92          0.126
  3     84          0.126
  4     73          0.126
  5     66          0.050
  6     141         0.010
  7     108         0.010
  8     102         0.010
  9     89          0.010
  10    81          0.010

Detector: BL_W20_T1.6_D20
Best Detection: 75 mmHg (confidence: 0.260)
Top 10 readings:
  Rank  Pressure    Confidence  
  ------------------------------
  1     75          0.260
  2     92          0.126
  3     84          0.126
  4     73          0.126
  5     66          0.050
  6     109         0.010
  7     102         0.010
  8     89          0.010
  9     81          0.010
  10    71          0.010

Detector: BL_W20_T1.6_D25
Best Detection: 75 mmHg (confidence: 0.260)
Top 10 readings:
  Rank  Pressure    Confidence  
  ------------------------------
  1     75          0.260
  2     92          0.126
  3     84          0.126
  4     73          0.126
  5     66          0.050
  6     102         0.010
  7     89          0.010
  8     81          0.010
  9     71          0.010

Detector: BL_W20_T1.6_D30
Best Detection: 75 mmHg (confidence: 0.260)
Top 10 readings:
  Rank  Pressure    Confidence  
  ------------------------------
  1     75          0.260
  2     92          0.126
  3     84          0.126
  4     73          0.126
  5     66          0.050
  6     102         0.010
  7     89          0.010
  8     81          0.010
  9     71          0.010

Detector: BL_W20_T1.6_D40
Best Detection: 75 mmHg (confidence: 0.260)
Top 10 readings:
  Rank  Pressure    Confidence  
  ------------------------------
  1     75          0.260
  2     92          0.126
  3     84          0.126
  4     73          0.126
  5     66          0.050
  6     102         0.010
  7     89          0.010
  8     81          0.010
  9     71          0.010

Detector: BL_W20_T1.8_D2
Best Detection: 141 mmHg (confidence: 0.260)
Top 10 readings:
  Rank  Pressure    Confidence  
  ------------------------------
  1     141         0.260
  2     134         0.126
  3     84          0.050
  4     128         0.010
  5     120         0.010
  6     119         0.010
  7     102         0.010
  8     92          0.010

Detector: BL_W20_T1.8_D4
Best Detection: 141 mmHg (confidence: 0.126)
Top 10 readings:
  Rank  Pressure    Confidence  
  ------------------------------
  1     141         0.126
  2     84          0.050
  3     134         0.010
  4     119         0.010
  5     102         0.010
  6     92          0.010

Detector: BL_W20_T1.8_D6
Best Detection: 141 mmHg (confidence: 0.126)
Top 10 readings:
  Rank  Pressure    Confidence  
  ------------------------------
  1     141         0.126
  2     84          0.050
  3     134         0.010
  4     119         0.010
  5     111         0.010
  6     102         0.010
  7     92          0.010

Detector: BL_W20_T1.8_D8
Best Detection: 141 mmHg (confidence: 0.126)
Top 10 readings:
  Rank  Pressure    Confidence  
  ------------------------------
  1     141         0.126
  2     84          0.050
  3     134         0.010
  4     112         0.010
  5     102         0.010
  6     92          0.010

Detector: BL_W20_T1.8_D10
Best Detection: 141 mmHg (confidence: 0.126)
Top 10 readings:
  Rank  Pressure    Confidence  
  ------------------------------
  1     141         0.126
  2     84          0.050
  3     134         0.010
  4     112         0.010
  5     102         0.010
  6     92          0.010

Detector: BL_W20_T1.8_D15
Best Detection: 84 mmHg (confidence: 0.050)
Top 10 readings:
  Rank  Pressure    Confidence  
  ------------------------------
  1     84          0.050
  2     141         0.010
  3     108         0.010
  4     102         0.010
  5     92          0.010

Detector: BL_W20_T1.8_D20
Best Detection: 84 mmHg (confidence: 0.050)
Top 10 readings:
  Rank  Pressure    Confidence  
  ------------------------------
  1     84          0.050
  2     109         0.010
  3     102         0.010
  4     92          0.010

Detector: BL_W20_T1.8_D25
Best Detection: 84 mmHg (confidence: 0.050)
Top 10 readings:
  Rank  Pressure    Confidence  
  ------------------------------
  1     84          0.050
  2     102         0.010
  3     92          0.010

Detector: BL_W20_T1.8_D30
Best Detection: 84 mmHg (confidence: 0.050)
Top 10 readings:
  Rank  Pressure    Confidence  
  ------------------------------
  1     84          0.050
  2     102         0.010
  3     92          0.010

Detector: BL_W20_T1.8_D40
Best Detection: 84 mmHg (confidence: 0.050)
Top 10 readings:
  Rank  Pressure    Confidence  
  ------------------------------
  1     84          0.050
  2     102         0.010
  3     92          0.010

Detector: BL_W20_T2.0_D2
Best Detection: 141 mmHg (confidence: 0.260)
Top 10 readings:
  Rank  Pressure    Confidence  
  ------------------------------
  1     141         0.260
  2     134         0.126
  3     84          0.050
  4     128         0.010
  5     120         0.010
  6     119         0.010
  7     102         0.010

Detector: BL_W20_T2.0_D4
Best Detection: 141 mmHg (confidence: 0.126)
Top 10 readings:
  Rank  Pressure    Confidence  
  ------------------------------
  1     141         0.126
  2     84          0.050
  3     134         0.010
  4     119         0.010
  5     102         0.010

Detector: BL_W20_T2.0_D6
Best Detection: 141 mmHg (confidence: 0.126)
Top 10 readings:
  Rank  Pressure    Confidence  
  ------------------------------
  1     141         0.126
  2     84          0.050
  3     134         0.010
  4     119         0.010
  5     111         0.010
  6     102         0.010

Detector: BL_W20_T2.0_D8
Best Detection: 141 mmHg (confidence: 0.126)
Top 10 readings:
  Rank  Pressure    Confidence  
  ------------------------------
  1     141         0.126
  2     84          0.050
  3     134         0.010
  4     112         0.010
  5     102         0.010

Detector: BL_W20_T2.0_D10
Best Detection: 141 mmHg (confidence: 0.126)
Top 10 readings:
  Rank  Pressure    Confidence  
  ------------------------------
  1     141         0.126
  2     84          0.050
  3     134         0.010
  4     112         0.010
  5     102         0.010

Detector: BL_W20_T2.0_D15
Best Detection: 84 mmHg (confidence: 0.050)
Top 10 readings:
  Rank  Pressure    Confidence  
  ------------------------------
  1     84          0.050
  2     141         0.010
  3     108         0.010
  4     102         0.010

Detector: BL_W20_T2.0_D20
Best Detection: 84 mmHg (confidence: 0.050)
Top 10 readings:
  Rank  Pressure    Confidence  
  ------------------------------
  1     84          0.050
  2     109         0.010
  3     102         0.010

Detector: BL_W20_T2.0_D25
Best Detection: 84 mmHg (confidence: 0.050)
Top 10 readings:
  Rank  Pressure    Confidence  
  ------------------------------
  1     84          0.050
  2     102         0.010

Detector: BL_W20_T2.0_D30
Best Detection: 84 mmHg (confidence: 0.050)
Top 10 readings:
  Rank  Pressure    Confidence  
  ------------------------------
  1     84          0.050
  2     102         0.010

Detector: BL_W20_T2.0_D40
Best Detection: 84 mmHg (confidence: 0.050)
Top 10 readings:
  Rank  Pressure    Confidence  
  ------------------------------
  1     84          0.050
  2     102         0.010

Detector: BL_W20_T2.2_D2
Best Detection: 141 mmHg (confidence: 0.260)
Top 10 readings:
  Rank  Pressure    Confidence  
  ------------------------------
  1     141         0.260
  2     134         0.126
  3     102         0.050
  4     128         0.010
  5     120         0.010
  6     119         0.010

Detector: BL_W20_T2.2_D4
Best Detection: 141 mmHg (confidence: 0.126)
Top 10 readings:
  Rank  Pressure    Confidence  
  ------------------------------
  1     141         0.126
  2     102         0.050
  3     134         0.010
  4     119         0.010

Detector: BL_W20_T2.2_D6
Best Detection: 141 mmHg (confidence: 0.126)
Top 10 readings:
  Rank  Pressure    Confidence  
  ------------------------------
  1     141         0.126
  2     102         0.050
  3     134         0.010
  4     119         0.010
  5     111         0.010

Detector: BL_W20_T2.2_D8
Best Detection: 141 mmHg (confidence: 0.126)
Top 10 readings:
  Rank  Pressure    Confidence  
  ------------------------------
  1     141         0.126
  2     102         0.050
  3     134         0.010
  4     112         0.010

Detector: BL_W20_T2.2_D10
Best Detection: 141 mmHg (confidence: 0.126)
Top 10 readings:
  Rank  Pressure    Confidence  
  ------------------------------
  1     141         0.126
  2     102         0.050
  3     134         0.010
  4     112         0.010

Detector: BL_W20_T2.2_D15
Best Detection: 102 mmHg (confidence: 0.050)
Top 10 readings:
  Rank  Pressure    Confidence  
  ------------------------------
  1     102         0.050
  2     141         0.010
  3     108         0.010

Detector: BL_W20_T2.2_D20
Best Detection: 102 mmHg (confidence: 0.050)
Top 10 readings:
  Rank  Pressure    Confidence  
  ------------------------------
  1     102         0.050
  2     109         0.010

Detector: BL_W20_T2.2_D25
Best Detection: 102 mmHg (confidence: 0.050)
Top 10 readings:
  Rank  Pressure    Confidence  
  ------------------------------
  1     102         0.050

Detector: BL_W20_T2.2_D30
Best Detection: 102 mmHg (confidence: 0.050)
Top 10 readings:
  Rank  Pressure    Confidence  
  ------------------------------
  1     102         0.050

Detector: BL_W20_T2.2_D40
Best Detection: 102 mmHg (confidence: 0.050)
Top 10 readings:
  Rank  Pressure    Confidence  
  ------------------------------
  1     102         0.050

Detector: BL_W20_T2.4_D2
Best Detection: 102 mmHg (confidence: 0.050)
Top 10 readings:
  Rank  Pressure    Confidence  
  ------------------------------
  1     102         0.050
  2     141         0.010
  3     128         0.010
  4     120         0.010

Detector: BL_W20_T2.4_D4
Best Detection: 141 mmHg (confidence: 0.126)
Top 10 readings:
  Rank  Pressure    Confidence  
  ------------------------------
  1     141         0.126
  2     102         0.050
  3     134         0.010
  4     119         0.010

Detector: BL_W20_T2.4_D6
Best Detection: 141 mmHg (confidence: 0.126)
Top 10 readings:
  Rank  Pressure    Confidence  
  ------------------------------
  1     141         0.126
  2     102         0.050
  3     134         0.010
  4     119         0.010
  5     111         0.010

Detector: BL_W20_T2.4_D8
Best Detection: 141 mmHg (confidence: 0.126)
Top 10 readings:
  Rank  Pressure    Confidence  
  ------------------------------
  1     141         0.126
  2     102         0.050
  3     134         0.010
  4     112         0.010

Detector: BL_W20_T2.4_D10
Best Detection: 141 mmHg (confidence: 0.126)
Top 10 readings:
  Rank  Pressure    Confidence  
  ------------------------------
  1     141         0.126
  2     102         0.050
  3     134         0.010
  4     112         0.010

Detector: BL_W20_T2.4_D15
Best Detection: 102 mmHg (confidence: 0.050)
Top 10 readings:
  Rank  Pressure    Confidence  
  ------------------------------
  1     102         0.050
  2     141         0.010
  3     108         0.010

Detector: BL_W20_T2.4_D20
Best Detection: 102 mmHg (confidence: 0.050)
Top 10 readings:
  Rank  Pressure    Confidence  
  ------------------------------
  1     102         0.050
  2     109         0.010

Detector: BL_W20_T2.4_D25
Best Detection: 102 mmHg (confidence: 0.050)
Top 10 readings:
  Rank  Pressure    Confidence  
  ------------------------------
  1     102         0.050

Detector: BL_W20_T2.4_D30
Best Detection: 102 mmHg (confidence: 0.050)
Top 10 readings:
  Rank  Pressure    Confidence  
  ------------------------------
  1     102         0.050

Detector: BL_W20_T2.4_D40
Best Detection: 102 mmHg (confidence: 0.050)
Top 10 readings:
  Rank  Pressure    Confidence  
  ------------------------------
  1     102         0.050

Detector: BL_W20_T2.6_D2
Best Detection: 102 mmHg (confidence: 0.050)
Top 10 readings:
  Rank  Pressure    Confidence  
  ------------------------------
  1     102         0.050
  2     141         0.010
  3     128         0.010
  4     120         0.010

Detector: BL_W20_T2.6_D4
Best Detection: 141 mmHg (confidence: 0.126)
Top 10 readings:
  Rank  Pressure    Confidence  
  ------------------------------
  1     141         0.126
  2     102         0.050
  3     134         0.010
  4     119         0.010

Detector: BL_W20_T2.6_D6
Best Detection: 141 mmHg (confidence: 0.126)
Top 10 readings:
  Rank  Pressure    Confidence  
  ------------------------------
  1     141         0.126
  2     102         0.050
  3     134         0.010
  4     119         0.010
  5     111         0.010

Detector: BL_W20_T2.6_D8
Best Detection: 141 mmHg (confidence: 0.126)
Top 10 readings:
  Rank  Pressure    Confidence  
  ------------------------------
  1     141         0.126
  2     102         0.050
  3     134         0.010
  4     112         0.010

Detector: BL_W20_T2.6_D10
Best Detection: 141 mmHg (confidence: 0.126)
Top 10 readings:
  Rank  Pressure    Confidence  
  ------------------------------
  1     141         0.126
  2     102         0.050
  3     134         0.010
  4     112         0.010

Detector: BL_W20_T2.6_D15
Best Detection: 102 mmHg (confidence: 0.050)
Top 10 readings:
  Rank  Pressure    Confidence  
  ------------------------------
  1     102         0.050
  2     141         0.010
  3     108         0.010

Detector: BL_W20_T2.6_D20
Best Detection: 102 mmHg (confidence: 0.050)
Top 10 readings:
  Rank  Pressure    Confidence  
  ------------------------------
  1     102         0.050
  2     109         0.010

Detector: BL_W20_T2.6_D25
Best Detection: 102 mmHg (confidence: 0.050)
Top 10 readings:
  Rank  Pressure    Confidence  
  ------------------------------
  1     102         0.050

Detector: BL_W20_T2.6_D30
Best Detection: 102 mmHg (confidence: 0.050)
Top 10 readings:
  Rank  Pressure    Confidence  
  ------------------------------
  1     102         0.050

Detector: BL_W20_T2.6_D40
Best Detection: 102 mmHg (confidence: 0.050)
Top 10 readings:
  Rank  Pressure    Confidence  
  ------------------------------
  1     102         0.050

Detector: BL_W20_T2.8_D2
Best Detection: 102 mmHg (confidence: 0.050)
Top 10 readings:
  Rank  Pressure    Confidence  
  ------------------------------
  1     102         0.050
  2     141         0.010
  3     128         0.010
  4     120         0.010

Detector: BL_W20_T2.8_D4
Best Detection: 141 mmHg (confidence: 0.126)
Top 10 readings:
  Rank  Pressure    Confidence  
  ------------------------------
  1     141         0.126
  2     102         0.050
  3     134         0.010
  4     119         0.010

Detector: BL_W20_T2.8_D6
Best Detection: 141 mmHg (confidence: 0.126)
Top 10 readings:
  Rank  Pressure    Confidence  
  ------------------------------
  1     141         0.126
  2     102         0.050
  3     134         0.010
  4     119         0.010
  5     111         0.010

Detector: BL_W20_T2.8_D8
Best Detection: 141 mmHg (confidence: 0.126)
Top 10 readings:
  Rank  Pressure    Confidence  
  ------------------------------
  1     141         0.126
  2     102         0.050
  3     134         0.010
  4     112         0.010

Detector: BL_W20_T2.8_D10
Best Detection: 141 mmHg (confidence: 0.126)
Top 10 readings:
  Rank  Pressure    Confidence  
  ------------------------------
  1     141         0.126
  2     102         0.050
  3     134         0.010
  4     112         0.010

Detector: BL_W20_T2.8_D15
Best Detection: 102 mmHg (confidence: 0.050)
Top 10 readings:
  Rank  Pressure    Confidence  
  ------------------------------
  1     102         0.050
  2     141         0.010
  3     108         0.010

Detector: BL_W20_T2.8_D20
Best Detection: 102 mmHg (confidence: 0.050)
Top 10 readings:
  Rank  Pressure    Confidence  
  ------------------------------
  1     102         0.050
  2     109         0.010

Detector: BL_W20_T2.8_D25
Best Detection: 102 mmHg (confidence: 0.050)
Top 10 readings:
  Rank  Pressure    Confidence  
  ------------------------------
  1     102         0.050

Detector: BL_W20_T2.8_D30
Best Detection: 102 mmHg (confidence: 0.050)
Top 10 readings:
  Rank  Pressure    Confidence  
  ------------------------------
  1     102         0.050

Detector: BL_W20_T2.8_D40
Best Detection: 102 mmHg (confidence: 0.050)
Top 10 readings:
  Rank  Pressure    Confidence  
  ------------------------------
  1     102         0.050

Detector: BL_W20_T3.0_D2
Best Detection: 102 mmHg (confidence: 0.050)
Top 10 readings:
  Rank  Pressure    Confidence  
  ------------------------------
  1     102         0.050
  2     128         0.010
  3     120         0.010

Detector: BL_W20_T3.0_D4
Best Detection: 102 mmHg (confidence: 0.050)
Top 10 readings:
  Rank  Pressure    Confidence  
  ------------------------------
  1     102         0.050
  2     134         0.010
  3     119         0.010

Detector: BL_W20_T3.0_D6
Best Detection: 141 mmHg (confidence: 0.126)
Top 10 readings:
  Rank  Pressure    Confidence  
  ------------------------------
  1     141         0.126
  2     102         0.050
  3     134         0.010
  4     119         0.010
  5     111         0.010

Detector: BL_W20_T3.0_D8
Best Detection: 141 mmHg (confidence: 0.126)
Top 10 readings:
  Rank  Pressure    Confidence  
  ------------------------------
  1     141         0.126
  2     102         0.050
  3     134         0.010
  4     112         0.010

Detector: BL_W20_T3.0_D10
Best Detection: 141 mmHg (confidence: 0.126)
Top 10 readings:
  Rank  Pressure    Confidence  
  ------------------------------
  1     141         0.126
  2     102         0.050
  3     134         0.010
  4     112         0.010

Detector: BL_W20_T3.0_D15
Best Detection: 102 mmHg (confidence: 0.050)
Top 10 readings:
  Rank  Pressure    Confidence  
  ------------------------------
  1     102         0.050
  2     141         0.010
  3     108         0.010

Detector: BL_W20_T3.0_D20
Best Detection: 102 mmHg (confidence: 0.050)
Top 10 readings:
  Rank  Pressure    Confidence  
  ------------------------------
  1     102         0.050
  2     109         0.010

Detector: BL_W20_T3.0_D25
Best Detection: 102 mmHg (confidence: 0.050)
Top 10 readings:
  Rank  Pressure    Confidence  
  ------------------------------
  1     102         0.050

Detector: BL_W20_T3.0_D30
Best Detection: 102 mmHg (confidence: 0.050)
Top 10 readings:
  Rank  Pressure    Confidence  
  ------------------------------
  1     102         0.050

Detector: BL_W20_T3.0_D40
Best Detection: 102 mmHg (confidence: 0.050)
Top 10 readings:
  Rank  Pressure    Confidence  
  ------------------------------
  1     102         0.050

Detector: BL_W30_T1.2_D2
Best Detection: 93 mmHg (confidence: 0.980)
Top 10 readings:
  Rank  Pressure    Confidence  
  ------------------------------
  1     93          0.980
  2     90          0.900
  3     86          0.820
  4     84          0.740
  5     82          0.660
  6     79          0.580
  7     77          0.500
  8     75          0.420
  9     73          0.340
  10    71          0.260

Detector: BL_W30_T1.2_D4
Best Detection: 93 mmHg (confidence: 0.980)
Top 10 readings:
  Rank  Pressure    Confidence  
  ------------------------------
  1     93          0.980
  2     90          0.900
  3     86          0.820
  4     84          0.740
  5     82          0.660
  6     79          0.580
  7     77          0.500
  8     75          0.420
  9     73          0.340
  10    71          0.260

Detector: BL_W30_T1.2_D6
Best Detection: 93 mmHg (confidence: 0.980)
Top 10 readings:
  Rank  Pressure    Confidence  
  ------------------------------
  1     93          0.980
  2     90          0.900
  3     86          0.820
  4     84          0.740
  5     82          0.660
  6     79          0.580
  7     77          0.500
  8     75          0.420
  9     73          0.340
  10    71          0.260

Detector: BL_W30_T1.2_D8
Best Detection: 93 mmHg (confidence: 0.980)
Top 10 readings:
  Rank  Pressure    Confidence  
  ------------------------------
  1     93          0.980
  2     90          0.900
  3     86          0.820
  4     84          0.740
  5     82          0.660
  6     79          0.580
  7     77          0.500
  8     75          0.420
  9     73          0.340
  10    71          0.260

Detector: BL_W30_T1.2_D10
Best Detection: 93 mmHg (confidence: 0.980)
Top 10 readings:
  Rank  Pressure    Confidence  
  ------------------------------
  1     93          0.980
  2     90          0.900
  3     86          0.820
  4     84          0.740
  5     82          0.660
  6     79          0.580
  7     77          0.500
  8     75          0.420
  9     73          0.340
  10    71          0.260

Detector: BL_W30_T1.2_D15
Best Detection: 93 mmHg (confidence: 0.980)
Top 10 readings:
  Rank  Pressure    Confidence  
  ------------------------------
  1     93          0.980
  2     90          0.900
  3     86          0.820
  4     84          0.740
  5     82          0.660
  6     79          0.580
  7     77          0.500
  8     75          0.420
  9     73          0.340
  10    71          0.260

Detector: BL_W30_T1.2_D20
Best Detection: 93 mmHg (confidence: 0.980)
Top 10 readings:
  Rank  Pressure    Confidence  
  ------------------------------
  1     93          0.980
  2     90          0.900
  3     86          0.820
  4     84          0.740
  5     82          0.660
  6     79          0.580
  7     77          0.500
  8     75          0.420
  9     73          0.340
  10    71          0.260

Detector: BL_W30_T1.2_D25
Best Detection: 93 mmHg (confidence: 0.980)
Top 10 readings:
  Rank  Pressure    Confidence  
  ------------------------------
  1     93          0.980
  2     90          0.900
  3     86          0.820
  4     84          0.740
  5     82          0.660
  6     79          0.580
  7     77          0.500
  8     75          0.420
  9     73          0.340
  10    71          0.260

Detector: BL_W30_T1.2_D30
Best Detection: 93 mmHg (confidence: 0.980)
Top 10 readings:
  Rank  Pressure    Confidence  
  ------------------------------
  1     93          0.980
  2     90          0.900
  3     86          0.820
  4     84          0.740
  5     82          0.660
  6     79          0.580
  7     77          0.500
  8     75          0.420
  9     73          0.340
  10    71          0.260

Detector: BL_W30_T1.2_D40
Best Detection: 93 mmHg (confidence: 0.980)
Top 10 readings:
  Rank  Pressure    Confidence  
  ------------------------------
  1     93          0.980
  2     90          0.900
  3     86          0.820
  4     84          0.740
  5     82          0.660
  6     79          0.580
  7     77          0.500
  8     75          0.420
  9     73          0.340
  10    71          0.260

Detector: BL_W30_T1.4_D2
Best Detection: 84 mmHg (confidence: 0.740)
Top 10 readings:
  Rank  Pressure    Confidence  
  ------------------------------
  1     84          0.740
  2     82          0.660
  3     79          0.580
  4     77          0.500
  5     75          0.420
  6     73          0.340
  7     71          0.260
  8     112         0.126
  9     93          0.126
  10    69          0.126

Detector: BL_W30_T1.4_D4
Best Detection: 84 mmHg (confidence: 0.740)
Top 10 readings:
  Rank  Pressure    Confidence  
  ------------------------------
  1     84          0.740
  2     82          0.660
  3     79          0.580
  4     77          0.500
  5     75          0.420
  6     73          0.340
  7     71          0.260
  8     112         0.126
  9     93          0.126
  10    69          0.126

Detector: BL_W30_T1.4_D6
Best Detection: 84 mmHg (confidence: 0.740)
Top 10 readings:
  Rank  Pressure    Confidence  
  ------------------------------
  1     84          0.740
  2     82          0.660
  3     79          0.580
  4     77          0.500
  5     75          0.420
  6     73          0.340
  7     71          0.260
  8     137         0.126
  9     112         0.126
  10    93          0.126

Detector: BL_W30_T1.4_D8
Best Detection: 84 mmHg (confidence: 0.740)
Top 10 readings:
  Rank  Pressure    Confidence  
  ------------------------------
  1     84          0.740
  2     82          0.660
  3     79          0.580
  4     77          0.500
  5     75          0.420
  6     73          0.340
  7     71          0.260
  8     112         0.126
  9     93          0.126
  10    69          0.126

Detector: BL_W30_T1.4_D10
Best Detection: 84 mmHg (confidence: 0.740)
Top 10 readings:
  Rank  Pressure    Confidence  
  ------------------------------
  1     84          0.740
  2     82          0.660
  3     79          0.580
  4     77          0.500
  5     75          0.420
  6     73          0.340
  7     71          0.260
  8     111         0.126
  9     93          0.126
  10    69          0.126

Detector: BL_W30_T1.4_D15
Best Detection: 84 mmHg (confidence: 0.740)
Top 10 readings:
  Rank  Pressure    Confidence  
  ------------------------------
  1     84          0.740
  2     82          0.660
  3     79          0.580
  4     77          0.500
  5     75          0.420
  6     73          0.340
  7     71          0.260
  8     93          0.126
  9     69          0.126
  10    66          0.050

Detector: BL_W30_T1.4_D20
Best Detection: 84 mmHg (confidence: 0.740)
Top 10 readings:
  Rank  Pressure    Confidence  
  ------------------------------
  1     84          0.740
  2     82          0.660
  3     79          0.580
  4     77          0.500
  5     75          0.420
  6     73          0.340
  7     71          0.260
  8     93          0.126
  9     69          0.126
  10    66          0.050

Detector: BL_W30_T1.4_D25
Best Detection: 84 mmHg (confidence: 0.740)
Top 10 readings:
  Rank  Pressure    Confidence  
  ------------------------------
  1     84          0.740
  2     82          0.660
  3     79          0.580
  4     77          0.500
  5     75          0.420
  6     73          0.340
  7     71          0.260
  8     93          0.126
  9     69          0.126
  10    66          0.050

Detector: BL_W30_T1.4_D30
Best Detection: 84 mmHg (confidence: 0.740)
Top 10 readings:
  Rank  Pressure    Confidence  
  ------------------------------
  1     84          0.740
  2     82          0.660
  3     79          0.580
  4     77          0.500
  5     75          0.420
  6     73          0.340
  7     71          0.260
  8     93          0.126
  9     69          0.126
  10    66          0.050

Detector: BL_W30_T1.4_D40
Best Detection: 84 mmHg (confidence: 0.740)
Top 10 readings:
  Rank  Pressure    Confidence  
  ------------------------------
  1     84          0.740
  2     82          0.660
  3     79          0.580
  4     77          0.500
  5     75          0.420
  6     73          0.340
  7     71          0.260
  8     93          0.126
  9     69          0.126
  10    66          0.050

Detector: BL_W30_T1.6_D2
Best Detection: 84 mmHg (confidence: 0.740)
Top 10 readings:
  Rank  Pressure    Confidence  
  ------------------------------
  1     84          0.740
  2     81          0.660
  3     79          0.580
  4     77          0.500
  5     75          0.420
  6     73          0.340
  7     71          0.260
  8     112         0.126
  9     93          0.126
  10    69          0.126

Detector: BL_W30_T1.6_D4
Best Detection: 84 mmHg (confidence: 0.740)
Top 10 readings:
  Rank  Pressure    Confidence  
  ------------------------------
  1     84          0.740
  2     81          0.660
  3     79          0.580
  4     77          0.500
  5     75          0.420
  6     73          0.340
  7     71          0.260
  8     112         0.126
  9     93          0.126
  10    69          0.126

Detector: BL_W30_T1.6_D6
Best Detection: 84 mmHg (confidence: 0.740)
Top 10 readings:
  Rank  Pressure    Confidence  
  ------------------------------
  1     84          0.740
  2     81          0.660
  3     79          0.580
  4     77          0.500
  5     75          0.420
  6     73          0.340
  7     71          0.260
  8     137         0.126
  9     112         0.126
  10    93          0.126

Detector: BL_W30_T1.6_D8
Best Detection: 84 mmHg (confidence: 0.740)
Top 10 readings:
  Rank  Pressure    Confidence  
  ------------------------------
  1     84          0.740
  2     81          0.660
  3     79          0.580
  4     77          0.500
  5     75          0.420
  6     73          0.340
  7     71          0.260
  8     112         0.126
  9     93          0.126
  10    69          0.126

Detector: BL_W30_T1.6_D10
Best Detection: 84 mmHg (confidence: 0.740)
Top 10 readings:
  Rank  Pressure    Confidence  
  ------------------------------
  1     84          0.740
  2     81          0.660
  3     79          0.580
  4     77          0.500
  5     75          0.420
  6     73          0.340
  7     71          0.260
  8     111         0.126
  9     93          0.126
  10    69          0.126

Detector: BL_W30_T1.6_D15
Best Detection: 84 mmHg (confidence: 0.740)
Top 10 readings:
  Rank  Pressure    Confidence  
  ------------------------------
  1     84          0.740
  2     81          0.660
  3     79          0.580
  4     77          0.500
  5     75          0.420
  6     73          0.340
  7     71          0.260
  8     93          0.126
  9     69          0.126
  10    66          0.050

Detector: BL_W30_T1.6_D20
Best Detection: 84 mmHg (confidence: 0.740)
Top 10 readings:
  Rank  Pressure    Confidence  
  ------------------------------
  1     84          0.740
  2     81          0.660
  3     79          0.580
  4     77          0.500
  5     75          0.420
  6     73          0.340
  7     71          0.260
  8     93          0.126
  9     69          0.126
  10    66          0.050

Detector: BL_W30_T1.6_D25
Best Detection: 84 mmHg (confidence: 0.740)
Top 10 readings:
  Rank  Pressure    Confidence  
  ------------------------------
  1     84          0.740
  2     81          0.660
  3     79          0.580
  4     77          0.500
  5     75          0.420
  6     73          0.340
  7     71          0.260
  8     93          0.126
  9     69          0.126
  10    66          0.050

Detector: BL_W30_T1.6_D30
Best Detection: 84 mmHg (confidence: 0.740)
Top 10 readings:
  Rank  Pressure    Confidence  
  ------------------------------
  1     84          0.740
  2     81          0.660
  3     79          0.580
  4     77          0.500
  5     75          0.420
  6     73          0.340
  7     71          0.260
  8     93          0.126
  9     69          0.126
  10    66          0.050

Detector: BL_W30_T1.6_D40
Best Detection: 84 mmHg (confidence: 0.740)
Top 10 readings:
  Rank  Pressure    Confidence  
  ------------------------------
  1     84          0.740
  2     81          0.660
  3     79          0.580
  4     77          0.500
  5     75          0.420
  6     73          0.340
  7     71          0.260
  8     93          0.126
  9     69          0.126
  10    66          0.050

Detector: BL_W30_T1.8_D2
Best Detection: 84 mmHg (confidence: 0.740)
Top 10 readings:
  Rank  Pressure    Confidence  
  ------------------------------
  1     84          0.740
  2     81          0.660
  3     79          0.580
  4     77          0.500
  5     75          0.420
  6     73          0.340
  7     71          0.260
  8     92          0.126
  9     69          0.126
  10    66          0.050

Detector: BL_W30_T1.8_D4
Best Detection: 84 mmHg (confidence: 0.740)
Top 10 readings:
  Rank  Pressure    Confidence  
  ------------------------------
  1     84          0.740
  2     81          0.660
  3     79          0.580
  4     77          0.500
  5     75          0.420
  6     73          0.340
  7     71          0.260
  8     92          0.126
  9     69          0.126
  10    66          0.050

Detector: BL_W30_T1.8_D6
Best Detection: 84 mmHg (confidence: 0.740)
Top 10 readings:
  Rank  Pressure    Confidence  
  ------------------------------
  1     84          0.740
  2     81          0.660
  3     79          0.580
  4     77          0.500
  5     75          0.420
  6     73          0.340
  7     71          0.260
  8     137         0.126
  9     92          0.126
  10    69          0.126

Detector: BL_W30_T1.8_D8
Best Detection: 84 mmHg (confidence: 0.740)
Top 10 readings:
  Rank  Pressure    Confidence  
  ------------------------------
  1     84          0.740
  2     81          0.660
  3     79          0.580
  4     77          0.500
  5     75          0.420
  6     73          0.340
  7     71          0.260
  8     92          0.126
  9     69          0.126
  10    66          0.050

Detector: BL_W30_T1.8_D10
Best Detection: 84 mmHg (confidence: 0.740)
Top 10 readings:
  Rank  Pressure    Confidence  
  ------------------------------
  1     84          0.740
  2     81          0.660
  3     79          0.580
  4     77          0.500
  5     75          0.420
  6     73          0.340
  7     71          0.260
  8     92          0.126
  9     69          0.126
  10    66          0.050

Detector: BL_W30_T1.8_D15
Best Detection: 84 mmHg (confidence: 0.740)
Top 10 readings:
  Rank  Pressure    Confidence  
  ------------------------------
  1     84          0.740
  2     81          0.660
  3     79          0.580
  4     77          0.500
  5     75          0.420
  6     73          0.340
  7     71          0.260
  8     92          0.126
  9     69          0.126
  10    66          0.050

Detector: BL_W30_T1.8_D20
Best Detection: 84 mmHg (confidence: 0.740)
Top 10 readings:
  Rank  Pressure    Confidence  
  ------------------------------
  1     84          0.740
  2     81          0.660
  3     79          0.580
  4     77          0.500
  5     75          0.420
  6     73          0.340
  7     71          0.260
  8     92          0.126
  9     69          0.126
  10    66          0.050

Detector: BL_W30_T1.8_D25
Best Detection: 84 mmHg (confidence: 0.740)
Top 10 readings:
  Rank  Pressure    Confidence  
  ------------------------------
  1     84          0.740
  2     81          0.660
  3     79          0.580
  4     77          0.500
  5     75          0.420
  6     73          0.340
  7     71          0.260
  8     92          0.126
  9     69          0.126
  10    66          0.050

Detector: BL_W30_T1.8_D30
Best Detection: 84 mmHg (confidence: 0.740)
Top 10 readings:
  Rank  Pressure    Confidence  
  ------------------------------
  1     84          0.740
  2     81          0.660
  3     79          0.580
  4     77          0.500
  5     75          0.420
  6     73          0.340
  7     71          0.260
  8     92          0.126
  9     69          0.126
  10    66          0.050

Detector: BL_W30_T1.8_D40
Best Detection: 84 mmHg (confidence: 0.740)
Top 10 readings:
  Rank  Pressure    Confidence  
  ------------------------------
  1     84          0.740
  2     81          0.660
  3     79          0.580
  4     77          0.500
  5     75          0.420
  6     73          0.340
  7     71          0.260
  8     92          0.126
  9     69          0.126
  10    66          0.050

Detector: BL_W30_T2.0_D2
Best Detection: 84 mmHg (confidence: 0.126)
Top 10 readings:
  Rank  Pressure    Confidence  
  ------------------------------
  1     84          0.126
  2     66          0.050
  3     134         0.010
  4     119         0.010
  5     102         0.010
  6     92          0.010
  7     81          0.010
  8     71          0.010

Detector: BL_W30_T2.0_D4
Best Detection: 84 mmHg (confidence: 0.126)
Top 10 readings:
  Rank  Pressure    Confidence  
  ------------------------------
  1     84          0.126
  2     66          0.050
  3     134         0.010
  4     119         0.010
  5     102         0.010
  6     92          0.010
  7     81          0.010
  8     71          0.010

Detector: BL_W30_T2.0_D6
Best Detection: 137 mmHg (confidence: 0.126)
Top 10 readings:
  Rank  Pressure    Confidence  
  ------------------------------
  1     137         0.126
  2     84          0.126
  3     66          0.050
  4     134         0.010
  5     119         0.010
  6     102         0.010
  7     92          0.010
  8     81          0.010
  9     71          0.010

Detector: BL_W30_T2.0_D8
Best Detection: 84 mmHg (confidence: 0.126)
Top 10 readings:
  Rank  Pressure    Confidence  
  ------------------------------
  1     84          0.126
  2     66          0.050
  3     134         0.010
  4     112         0.010
  5     102         0.010
  6     92          0.010
  7     81          0.010
  8     71          0.010

Detector: BL_W30_T2.0_D10
Best Detection: 84 mmHg (confidence: 0.126)
Top 10 readings:
  Rank  Pressure    Confidence  
  ------------------------------
  1     84          0.126
  2     66          0.050
  3     134         0.010
  4     111         0.010
  5     102         0.010
  6     92          0.010
  7     81          0.010
  8     71          0.010

Detector: BL_W30_T2.0_D15
Best Detection: 84 mmHg (confidence: 0.126)
Top 10 readings:
  Rank  Pressure    Confidence  
  ------------------------------
  1     84          0.126
  2     66          0.050
  3     108         0.010
  4     107         0.010
  5     102         0.010
  6     92          0.010
  7     81          0.010
  8     71          0.010

Detector: BL_W30_T2.0_D20
Best Detection: 84 mmHg (confidence: 0.126)
Top 10 readings:
  Rank  Pressure    Confidence  
  ------------------------------
  1     84          0.126
  2     66          0.050
  3     109         0.010
  4     102         0.010
  5     92          0.010
  6     81          0.010
  7     71          0.010

Detector: BL_W30_T2.0_D25
Best Detection: 84 mmHg (confidence: 0.126)
Top 10 readings:
  Rank  Pressure    Confidence  
  ------------------------------
  1     84          0.126
  2     66          0.050
  3     102         0.010
  4     92          0.010
  5     81          0.010
  6     71          0.010

Detector: BL_W30_T2.0_D30
Best Detection: 84 mmHg (confidence: 0.126)
Top 10 readings:
  Rank  Pressure    Confidence  
  ------------------------------
  1     84          0.126
  2     66          0.050
  3     102         0.010
  4     92          0.010
  5     81          0.010
  6     71          0.010

Detector: BL_W30_T2.0_D40
Best Detection: 84 mmHg (confidence: 0.126)
Top 10 readings:
  Rank  Pressure    Confidence  
  ------------------------------
  1     84          0.126
  2     66          0.050
  3     102         0.010
  4     92          0.010
  5     81          0.010
  6     71          0.010

Detector: BL_W30_T2.2_D2
Best Detection: 84 mmHg (confidence: 0.050)
Top 10 readings:
  Rank  Pressure    Confidence  
  ------------------------------
  1     84          0.050
  2     119         0.010
  3     102         0.010
  4     92          0.010

Detector: BL_W30_T2.2_D4
Best Detection: 84 mmHg (confidence: 0.050)
Top 10 readings:
  Rank  Pressure    Confidence  
  ------------------------------
  1     84          0.050
  2     119         0.010
  3     102         0.010
  4     92          0.010

Detector: BL_W30_T2.2_D6
Best Detection: 137 mmHg (confidence: 0.126)
Top 10 readings:
  Rank  Pressure    Confidence  
  ------------------------------
  1     137         0.126
  2     84          0.050
  3     134         0.010
  4     119         0.010
  5     102         0.010
  6     92          0.010

Detector: BL_W30_T2.2_D8
Best Detection: 84 mmHg (confidence: 0.050)
Top 10 readings:
  Rank  Pressure    Confidence  
  ------------------------------
  1     84          0.050
  2     134         0.010
  3     112         0.010
  4     102         0.010
  5     92          0.010

Detector: BL_W30_T2.2_D10
Best Detection: 84 mmHg (confidence: 0.050)
Top 10 readings:
  Rank  Pressure    Confidence  
  ------------------------------
  1     84          0.050
  2     134         0.010
  3     111         0.010
  4     102         0.010
  5     92          0.010

Detector: BL_W30_T2.2_D15
Best Detection: 84 mmHg (confidence: 0.050)
Top 10 readings:
  Rank  Pressure    Confidence  
  ------------------------------
  1     84          0.050
  2     108         0.010
  3     107         0.010
  4     102         0.010
  5     92          0.010

Detector: BL_W30_T2.2_D20
Best Detection: 84 mmHg (confidence: 0.050)
Top 10 readings:
  Rank  Pressure    Confidence  
  ------------------------------
  1     84          0.050
  2     109         0.010
  3     102         0.010
  4     92          0.010

Detector: BL_W30_T2.2_D25
Best Detection: 84 mmHg (confidence: 0.050)
Top 10 readings:
  Rank  Pressure    Confidence  
  ------------------------------
  1     84          0.050
  2     102         0.010
  3     92          0.010

Detector: BL_W30_T2.2_D30
Best Detection: 84 mmHg (confidence: 0.050)
Top 10 readings:
  Rank  Pressure    Confidence  
  ------------------------------
  1     84          0.050
  2     102         0.010
  3     92          0.010

Detector: BL_W30_T2.2_D40
Best Detection: 84 mmHg (confidence: 0.050)
Top 10 readings:
  Rank  Pressure    Confidence  
  ------------------------------
  1     84          0.050
  2     102         0.010
  3     92          0.010

Detector: BL_W30_T2.4_D2
Best Detection: 84 mmHg (confidence: 0.050)
Top 10 readings:
  Rank  Pressure    Confidence  
  ------------------------------
  1     84          0.050
  2     102         0.010

Detector: BL_W30_T2.4_D4
Best Detection: 84 mmHg (confidence: 0.050)
Top 10 readings:
  Rank  Pressure    Confidence  
  ------------------------------
  1     84          0.050
  2     119         0.010
  3     102         0.010

Detector: BL_W30_T2.4_D6
Best Detection: 137 mmHg (confidence: 0.126)
Top 10 readings:
  Rank  Pressure    Confidence  
  ------------------------------
  1     137         0.126
  2     84          0.050
  3     134         0.010
  4     119         0.010
  5     102         0.010

Detector: BL_W30_T2.4_D8
Best Detection: 84 mmHg (confidence: 0.050)
Top 10 readings:
  Rank  Pressure    Confidence  
  ------------------------------
  1     84          0.050
  2     134         0.010
  3     112         0.010
  4     102         0.010

Detector: BL_W30_T2.4_D10
Best Detection: 84 mmHg (confidence: 0.050)
Top 10 readings:
  Rank  Pressure    Confidence  
  ------------------------------
  1     84          0.050
  2     134         0.010
  3     111         0.010
  4     102         0.010

Detector: BL_W30_T2.4_D15
Best Detection: 84 mmHg (confidence: 0.050)
Top 10 readings:
  Rank  Pressure    Confidence  
  ------------------------------
  1     84          0.050
  2     108         0.010
  3     107         0.010
  4     102         0.010

Detector: BL_W30_T2.4_D20
Best Detection: 84 mmHg (confidence: 0.050)
Top 10 readings:
  Rank  Pressure    Confidence  
  ------------------------------
  1     84          0.050
  2     109         0.010
  3     102         0.010

Detector: BL_W30_T2.4_D25
Best Detection: 84 mmHg (confidence: 0.050)
Top 10 readings:
  Rank  Pressure    Confidence  
  ------------------------------
  1     84          0.050
  2     102         0.010

Detector: BL_W30_T2.4_D30
Best Detection: 84 mmHg (confidence: 0.050)
Top 10 readings:
  Rank  Pressure    Confidence  
  ------------------------------
  1     84          0.050
  2     102         0.010

Detector: BL_W30_T2.4_D40
Best Detection: 84 mmHg (confidence: 0.050)
Top 10 readings:
  Rank  Pressure    Confidence  
  ------------------------------
  1     84          0.050
  2     102         0.010

Detector: BL_W30_T2.6_D2
Best Detection: 102 mmHg (confidence: 0.050)
Top 10 readings:
  Rank  Pressure    Confidence  
  ------------------------------
  1     102         0.050

Detector: BL_W30_T2.6_D4
Best Detection: 102 mmHg (confidence: 0.050)
Top 10 readings:
  Rank  Pressure    Confidence  
  ------------------------------
  1     102         0.050
  2     119         0.010

Detector: BL_W30_T2.6_D6
Best Detection: 137 mmHg (confidence: 0.126)
Top 10 readings:
  Rank  Pressure    Confidence  
  ------------------------------
  1     137         0.126
  2     102         0.050
  3     134         0.010
  4     119         0.010

Detector: BL_W30_T2.6_D8
Best Detection: 102 mmHg (confidence: 0.050)
Top 10 readings:
  Rank  Pressure    Confidence  
  ------------------------------
  1     102         0.050
  2     134         0.010
  3     112         0.010

Detector: BL_W30_T2.6_D10
Best Detection: 102 mmHg (confidence: 0.050)
Top 10 readings:
  Rank  Pressure    Confidence  
  ------------------------------
  1     102         0.050
  2     134         0.010
  3     111         0.010

Detector: BL_W30_T2.6_D15
Best Detection: 102 mmHg (confidence: 0.050)
Top 10 readings:
  Rank  Pressure    Confidence  
  ------------------------------
  1     102         0.050
  2     108         0.010
  3     107         0.010

Detector: BL_W30_T2.6_D20
Best Detection: 102 mmHg (confidence: 0.050)
Top 10 readings:
  Rank  Pressure    Confidence  
  ------------------------------
  1     102         0.050
  2     109         0.010

Detector: BL_W30_T2.6_D25
Best Detection: 102 mmHg (confidence: 0.050)
Top 10 readings:
  Rank  Pressure    Confidence  
  ------------------------------
  1     102         0.050

Detector: BL_W30_T2.6_D30
Best Detection: 102 mmHg (confidence: 0.050)
Top 10 readings:
  Rank  Pressure    Confidence  
  ------------------------------
  1     102         0.050

Detector: BL_W30_T2.6_D40
Best Detection: 102 mmHg (confidence: 0.050)
Top 10 readings:
  Rank  Pressure    Confidence  
  ------------------------------
  1     102         0.050

Detector: BL_W30_T2.8_D2
Best Detection: 102 mmHg (confidence: 0.050)
Top 10 readings:
  Rank  Pressure    Confidence  
  ------------------------------
  1     102         0.050

Detector: BL_W30_T2.8_D4
Best Detection: 102 mmHg (confidence: 0.050)
Top 10 readings:
  Rank  Pressure    Confidence  
  ------------------------------
  1     102         0.050
  2     119         0.010

Detector: BL_W30_T2.8_D6
Best Detection: 137 mmHg (confidence: 0.126)
Top 10 readings:
  Rank  Pressure    Confidence  
  ------------------------------
  1     137         0.126
  2     102         0.050
  3     134         0.010
  4     119         0.010

Detector: BL_W30_T2.8_D8
Best Detection: 102 mmHg (confidence: 0.050)
Top 10 readings:
  Rank  Pressure    Confidence  
  ------------------------------
  1     102         0.050
  2     134         0.010
  3     112         0.010

Detector: BL_W30_T2.8_D10
Best Detection: 102 mmHg (confidence: 0.050)
Top 10 readings:
  Rank  Pressure    Confidence  
  ------------------------------
  1     102         0.050
  2     134         0.010
  3     111         0.010

Detector: BL_W30_T2.8_D15
Best Detection: 102 mmHg (confidence: 0.050)
Top 10 readings:
  Rank  Pressure    Confidence  
  ------------------------------
  1     102         0.050
  2     108         0.010
  3     107         0.010

Detector: BL_W30_T2.8_D20
Best Detection: 102 mmHg (confidence: 0.050)
Top 10 readings:
  Rank  Pressure    Confidence  
  ------------------------------
  1     102         0.050
  2     109         0.010

Detector: BL_W30_T2.8_D25
Best Detection: 102 mmHg (confidence: 0.050)
Top 10 readings:
  Rank  Pressure    Confidence  
  ------------------------------
  1     102         0.050

Detector: BL_W30_T2.8_D30
Best Detection: 102 mmHg (confidence: 0.050)
Top 10 readings:
  Rank  Pressure    Confidence  
  ------------------------------
  1     102         0.050

Detector: BL_W30_T2.8_D40
Best Detection: 102 mmHg (confidence: 0.050)
Top 10 readings:
  Rank  Pressure    Confidence  
  ------------------------------
  1     102         0.050

Detector: BL_W30_T3.0_D2
Best Detection: 102 mmHg (confidence: 0.050)
Top 10 readings:
  Rank  Pressure    Confidence  
  ------------------------------
  1     102         0.050

Detector: BL_W30_T3.0_D4
Best Detection: 102 mmHg (confidence: 0.050)
Top 10 readings:
  Rank  Pressure    Confidence  
  ------------------------------
  1     102         0.050
  2     119         0.010

Detector: BL_W30_T3.0_D6
Best Detection: 137 mmHg (confidence: 0.126)
Top 10 readings:
  Rank  Pressure    Confidence  
  ------------------------------
  1     137         0.126
  2     102         0.050
  3     134         0.010
  4     119         0.010

Detector: BL_W30_T3.0_D8
Best Detection: 102 mmHg (confidence: 0.050)
Top 10 readings:
  Rank  Pressure    Confidence  
  ------------------------------
  1     102         0.050
  2     134         0.010
  3     112         0.010

Detector: BL_W30_T3.0_D10
Best Detection: 102 mmHg (confidence: 0.050)
Top 10 readings:
  Rank  Pressure    Confidence  
  ------------------------------
  1     102         0.050
  2     134         0.010
  3     111         0.010

Detector: BL_W30_T3.0_D15
Best Detection: 102 mmHg (confidence: 0.050)
Top 10 readings:
  Rank  Pressure    Confidence  
  ------------------------------
  1     102         0.050
  2     108         0.010
  3     107         0.010

Detector: BL_W30_T3.0_D20
Best Detection: 102 mmHg (confidence: 0.050)
Top 10 readings:
  Rank  Pressure    Confidence  
  ------------------------------
  1     102         0.050
  2     109         0.010

Detector: BL_W30_T3.0_D25
Best Detection: 102 mmHg (confidence: 0.050)
Top 10 readings:
  Rank  Pressure    Confidence  
  ------------------------------
  1     102         0.050

Detector: BL_W30_T3.0_D30
Best Detection: 102 mmHg (confidence: 0.050)
Top 10 readings:
  Rank  Pressure    Confidence  
  ------------------------------
  1     102         0.050

Detector: BL_W30_T3.0_D40
Best Detection: 102 mmHg (confidence: 0.050)
Top 10 readings:
  Rank  Pressure    Confidence  
  ------------------------------
  1     102         0.050

Detector: BL_W40_T1.2_D2
Best Detection: 84 mmHg (confidence: 0.740)
Top 10 readings:
  Rank  Pressure    Confidence  
  ------------------------------
  1     84          0.740
  2     82          0.660
  3     79          0.580
  4     77          0.500
  5     75          0.420
  6     73          0.340
  7     71          0.260
  8     112         0.126
  9     92          0.126
  10    69          0.126

Detector: BL_W40_T1.2_D4
Best Detection: 84 mmHg (confidence: 0.740)
Top 10 readings:
  Rank  Pressure    Confidence  
  ------------------------------
  1     84          0.740
  2     82          0.660
  3     79          0.580
  4     77          0.500
  5     75          0.420
  6     73          0.340
  7     71          0.260
  8     112         0.126
  9     92          0.126
  10    69          0.126

Detector: BL_W40_T1.2_D6
Best Detection: 84 mmHg (confidence: 0.740)
Top 10 readings:
  Rank  Pressure    Confidence  
  ------------------------------
  1     84          0.740
  2     82          0.660
  3     79          0.580
  4     77          0.500
  5     75          0.420
  6     73          0.340
  7     71          0.260
  8     112         0.126
  9     92          0.126
  10    69          0.126

Detector: BL_W40_T1.2_D8
Best Detection: 84 mmHg (confidence: 0.740)
Top 10 readings:
  Rank  Pressure    Confidence  
  ------------------------------
  1     84          0.740
  2     82          0.660
  3     79          0.580
  4     77          0.500
  5     75          0.420
  6     73          0.340
  7     71          0.260
  8     112         0.126
  9     92          0.126
  10    69          0.126

Detector: BL_W40_T1.2_D10
Best Detection: 84 mmHg (confidence: 0.740)
Top 10 readings:
  Rank  Pressure    Confidence  
  ------------------------------
  1     84          0.740
  2     82          0.660
  3     79          0.580
  4     77          0.500
  5     75          0.420
  6     73          0.340
  7     71          0.260
  8     92          0.126
  9     69          0.126
  10    66          0.050

Detector: BL_W40_T1.2_D15
Best Detection: 84 mmHg (confidence: 0.740)
Top 10 readings:
  Rank  Pressure    Confidence  
  ------------------------------
  1     84          0.740
  2     82          0.660
  3     79          0.580
  4     77          0.500
  5     75          0.420
  6     73          0.340
  7     71          0.260
  8     92          0.126
  9     69          0.126
  10    66          0.050

Detector: BL_W40_T1.2_D20
Best Detection: 84 mmHg (confidence: 0.740)
Top 10 readings:
  Rank  Pressure    Confidence  
  ------------------------------
  1     84          0.740
  2     82          0.660
  3     79          0.580
  4     77          0.500
  5     75          0.420
  6     73          0.340
  7     71          0.260
  8     92          0.126
  9     69          0.126
  10    66          0.050

Detector: BL_W40_T1.2_D25
Best Detection: 84 mmHg (confidence: 0.740)
Top 10 readings:
  Rank  Pressure    Confidence  
  ------------------------------
  1     84          0.740
  2     82          0.660
  3     79          0.580
  4     77          0.500
  5     75          0.420
  6     73          0.340
  7     71          0.260
  8     92          0.126
  9     69          0.126
  10    66          0.050

Detector: BL_W40_T1.2_D30
Best Detection: 84 mmHg (confidence: 0.740)
Top 10 readings:
  Rank  Pressure    Confidence  
  ------------------------------
  1     84          0.740
  2     82          0.660
  3     79          0.580
  4     77          0.500
  5     75          0.420
  6     73          0.340
  7     71          0.260
  8     92          0.126
  9     69          0.126
  10    66          0.050

Detector: BL_W40_T1.2_D40
Best Detection: 84 mmHg (confidence: 0.740)
Top 10 readings:
  Rank  Pressure    Confidence  
  ------------------------------
  1     84          0.740
  2     82          0.660
  3     79          0.580
  4     77          0.500
  5     75          0.420
  6     73          0.340
  7     71          0.260
  8     92          0.126
  9     69          0.126
  10    66          0.050

Detector: BL_W40_T1.4_D2
Best Detection: 84 mmHg (confidence: 0.740)
Top 10 readings:
  Rank  Pressure    Confidence  
  ------------------------------
  1     84          0.740
  2     82          0.660
  3     79          0.580
  4     77          0.500
  5     75          0.420
  6     73          0.340
  7     71          0.260
  8     112         0.126
  9     92          0.126
  10    69          0.126

Detector: BL_W40_T1.4_D4
Best Detection: 84 mmHg (confidence: 0.740)
Top 10 readings:
  Rank  Pressure    Confidence  
  ------------------------------
  1     84          0.740
  2     82          0.660
  3     79          0.580
  4     77          0.500
  5     75          0.420
  6     73          0.340
  7     71          0.260
  8     112         0.126
  9     92          0.126
  10    69          0.126

Detector: BL_W40_T1.4_D6
Best Detection: 84 mmHg (confidence: 0.740)
Top 10 readings:
  Rank  Pressure    Confidence  
  ------------------------------
  1     84          0.740
  2     82          0.660
  3     79          0.580
  4     77          0.500
  5     75          0.420
  6     73          0.340
  7     71          0.260
  8     112         0.126
  9     92          0.126
  10    69          0.126

Detector: BL_W40_T1.4_D8
Best Detection: 84 mmHg (confidence: 0.740)
Top 10 readings:
  Rank  Pressure    Confidence  
  ------------------------------
  1     84          0.740
  2     82          0.660
  3     79          0.580
  4     77          0.500
  5     75          0.420
  6     73          0.340
  7     71          0.260
  8     112         0.126
  9     92          0.126
  10    69          0.126

Detector: BL_W40_T1.4_D10
Best Detection: 84 mmHg (confidence: 0.740)
Top 10 readings:
  Rank  Pressure    Confidence  
  ------------------------------
  1     84          0.740
  2     82          0.660
  3     79          0.580
  4     77          0.500
  5     75          0.420
  6     73          0.340
  7     71          0.260
  8     92          0.126
  9     69          0.126
  10    66          0.050

Detector: BL_W40_T1.4_D15
Best Detection: 84 mmHg (confidence: 0.740)
Top 10 readings:
  Rank  Pressure    Confidence  
  ------------------------------
  1     84          0.740
  2     82          0.660
  3     79          0.580
  4     77          0.500
  5     75          0.420
  6     73          0.340
  7     71          0.260
  8     92          0.126
  9     69          0.126
  10    66          0.050

Detector: BL_W40_T1.4_D20
Best Detection: 84 mmHg (confidence: 0.740)
Top 10 readings:
  Rank  Pressure    Confidence  
  ------------------------------
  1     84          0.740
  2     82          0.660
  3     79          0.580
  4     77          0.500
  5     75          0.420
  6     73          0.340
  7     71          0.260
  8     92          0.126
  9     69          0.126
  10    66          0.050

Detector: BL_W40_T1.4_D25
Best Detection: 84 mmHg (confidence: 0.740)
Top 10 readings:
  Rank  Pressure    Confidence  
  ------------------------------
  1     84          0.740
  2     82          0.660
  3     79          0.580
  4     77          0.500
  5     75          0.420
  6     73          0.340
  7     71          0.260
  8     92          0.126
  9     69          0.126
  10    66          0.050

Detector: BL_W40_T1.4_D30
Best Detection: 84 mmHg (confidence: 0.740)
Top 10 readings:
  Rank  Pressure    Confidence  
  ------------------------------
  1     84          0.740
  2     82          0.660
  3     79          0.580
  4     77          0.500
  5     75          0.420
  6     73          0.340
  7     71          0.260
  8     92          0.126
  9     69          0.126
  10    66          0.050

Detector: BL_W40_T1.4_D40
Best Detection: 84 mmHg (confidence: 0.740)
Top 10 readings:
  Rank  Pressure    Confidence  
  ------------------------------
  1     84          0.740
  2     82          0.660
  3     79          0.580
  4     77          0.500
  5     75          0.420
  6     73          0.340
  7     71          0.260
  8     92          0.126
  9     69          0.126
  10    66          0.050

Detector: BL_W40_T1.6_D2
Best Detection: 84 mmHg (confidence: 0.740)
Top 10 readings:
  Rank  Pressure    Confidence  
  ------------------------------
  1     84          0.740
  2     81          0.660
  3     79          0.580
  4     77          0.500
  5     75          0.420
  6     73          0.340
  7     71          0.260
  8     111         0.126
  9     92          0.126
  10    69          0.126

Detector: BL_W40_T1.6_D4
Best Detection: 84 mmHg (confidence: 0.740)
Top 10 readings:
  Rank  Pressure    Confidence  
  ------------------------------
  1     84          0.740
  2     81          0.660
  3     79          0.580
  4     77          0.500
  5     75          0.420
  6     73          0.340
  7     71          0.260
  8     111         0.126
  9     92          0.126
  10    69          0.126

Detector: BL_W40_T1.6_D6
Best Detection: 84 mmHg (confidence: 0.740)
Top 10 readings:
  Rank  Pressure    Confidence  
  ------------------------------
  1     84          0.740
  2     81          0.660
  3     79          0.580
  4     77          0.500
  5     75          0.420
  6     73          0.340
  7     71          0.260
  8     112         0.126
  9     92          0.126
  10    69          0.126

Detector: BL_W40_T1.6_D8
Best Detection: 84 mmHg (confidence: 0.740)
Top 10 readings:
  Rank  Pressure    Confidence  
  ------------------------------
  1     84          0.740
  2     81          0.660
  3     79          0.580
  4     77          0.500
  5     75          0.420
  6     73          0.340
  7     71          0.260
  8     112         0.126
  9     92          0.126
  10    69          0.126

Detector: BL_W40_T1.6_D10
Best Detection: 84 mmHg (confidence: 0.740)
Top 10 readings:
  Rank  Pressure    Confidence  
  ------------------------------
  1     84          0.740
  2     81          0.660
  3     79          0.580
  4     77          0.500
  5     75          0.420
  6     73          0.340
  7     71          0.260
  8     92          0.126
  9     69          0.126
  10    66          0.050

Detector: BL_W40_T1.6_D15
Best Detection: 84 mmHg (confidence: 0.740)
Top 10 readings:
  Rank  Pressure    Confidence  
  ------------------------------
  1     84          0.740
  2     81          0.660
  3     79          0.580
  4     77          0.500
  5     75          0.420
  6     73          0.340
  7     71          0.260
  8     92          0.126
  9     69          0.126
  10    66          0.050

Detector: BL_W40_T1.6_D20
Best Detection: 84 mmHg (confidence: 0.740)
Top 10 readings:
  Rank  Pressure    Confidence  
  ------------------------------
  1     84          0.740
  2     81          0.660
  3     79          0.580
  4     77          0.500
  5     75          0.420
  6     73          0.340
  7     71          0.260
  8     92          0.126
  9     69          0.126
  10    66          0.050

Detector: BL_W40_T1.6_D25
Best Detection: 84 mmHg (confidence: 0.740)
Top 10 readings:
  Rank  Pressure    Confidence  
  ------------------------------
  1     84          0.740
  2     81          0.660
  3     79          0.580
  4     77          0.500
  5     75          0.420
  6     73          0.340
  7     71          0.260
  8     92          0.126
  9     69          0.126
  10    66          0.050

Detector: BL_W40_T1.6_D30
Best Detection: 84 mmHg (confidence: 0.740)
Top 10 readings:
  Rank  Pressure    Confidence  
  ------------------------------
  1     84          0.740
  2     81          0.660
  3     79          0.580
  4     77          0.500
  5     75          0.420
  6     73          0.340
  7     71          0.260
  8     92          0.126
  9     69          0.126
  10    66          0.050

Detector: BL_W40_T1.6_D40
Best Detection: 84 mmHg (confidence: 0.740)
Top 10 readings:
  Rank  Pressure    Confidence  
  ------------------------------
  1     84          0.740
  2     81          0.660
  3     79          0.580
  4     77          0.500
  5     75          0.420
  6     73          0.340
  7     71          0.260
  8     92          0.126
  9     69          0.126
  10    66          0.050

Detector: BL_W40_T1.8_D2
Best Detection: 84 mmHg (confidence: 0.126)
Top 10 readings:
  Rank  Pressure    Confidence  
  ------------------------------
  1     84          0.126
  2     73          0.126
  3     66          0.050
  4     134         0.010
  5     119         0.010
  6     108         0.010
  7     102         0.010
  8     98          0.010
  9     89          0.010
  10    81          0.010

Detector: BL_W40_T1.8_D4
Best Detection: 84 mmHg (confidence: 0.126)
Top 10 readings:
  Rank  Pressure    Confidence  
  ------------------------------
  1     84          0.126
  2     73          0.126
  3     66          0.050
  4     134         0.010
  5     119         0.010
  6     108         0.010
  7     102         0.010
  8     98          0.010
  9     89          0.010
  10    81          0.010

Detector: BL_W40_T1.8_D6
Best Detection: 112 mmHg (confidence: 0.126)
Top 10 readings:
  Rank  Pressure    Confidence  
  ------------------------------
  1     112         0.126
  2     84          0.126
  3     73          0.126
  4     66          0.050
  5     134         0.010
  6     119         0.010
  7     108         0.010
  8     102         0.010
  9     98          0.010
  10    89          0.010

Detector: BL_W40_T1.8_D8
Best Detection: 112 mmHg (confidence: 0.126)
Top 10 readings:
  Rank  Pressure    Confidence  
  ------------------------------
  1     112         0.126
  2     84          0.126
  3     73          0.126
  4     66          0.050
  5     134         0.010
  6     108         0.010
  7     102         0.010
  8     98          0.010
  9     89          0.010
  10    81          0.010

Detector: BL_W40_T1.8_D10
Best Detection: 84 mmHg (confidence: 0.126)
Top 10 readings:
  Rank  Pressure    Confidence  
  ------------------------------
  1     84          0.126
  2     73          0.126
  3     66          0.050
  4     134         0.010
  5     108         0.010
  6     102         0.010
  7     98          0.010
  8     89          0.010
  9     81          0.010
  10    71          0.010

Detector: BL_W40_T1.8_D15
Best Detection: 84 mmHg (confidence: 0.126)
Top 10 readings:
  Rank  Pressure    Confidence  
  ------------------------------
  1     84          0.126
  2     73          0.126
  3     66          0.050
  4     108         0.010
  5     107         0.010
  6     102         0.010
  7     98          0.010
  8     89          0.010
  9     81          0.010
  10    71          0.010

Detector: BL_W40_T1.8_D20
Best Detection: 84 mmHg (confidence: 0.126)
Top 10 readings:
  Rank  Pressure    Confidence  
  ------------------------------
  1     84          0.126
  2     73          0.126
  3     66          0.050
  4     109         0.010
  5     102         0.010
  6     98          0.010
  7     89          0.010
  8     81          0.010
  9     71          0.010

Detector: BL_W40_T1.8_D25
Best Detection: 84 mmHg (confidence: 0.126)
Top 10 readings:
  Rank  Pressure    Confidence  
  ------------------------------
  1     84          0.126
  2     73          0.126
  3     66          0.050
  4     102         0.010
  5     89          0.010
  6     81          0.010
  7     71          0.010

Detector: BL_W40_T1.8_D30
Best Detection: 84 mmHg (confidence: 0.126)
Top 10 readings:
  Rank  Pressure    Confidence  
  ------------------------------
  1     84          0.126
  2     73          0.126
  3     66          0.050
  4     102         0.010
  5     89          0.010
  6     81          0.010
  7     71          0.010

Detector: BL_W40_T1.8_D40
Best Detection: 84 mmHg (confidence: 0.126)
Top 10 readings:
  Rank  Pressure    Confidence  
  ------------------------------
  1     84          0.126
  2     73          0.126
  3     66          0.050
  4     102         0.010
  5     89          0.010
  6     81          0.010
  7     71          0.010

Detector: BL_W40_T2.0_D2
Best Detection: 81 mmHg (confidence: 0.050)
Top 10 readings:
  Rank  Pressure    Confidence  
  ------------------------------
  1     81          0.050
  2     134         0.010
  3     119         0.010
  4     102         0.010

Detector: BL_W40_T2.0_D4
Best Detection: 81 mmHg (confidence: 0.050)
Top 10 readings:
  Rank  Pressure    Confidence  
  ------------------------------
  1     81          0.050
  2     134         0.010
  3     119         0.010
  4     102         0.010

Detector: BL_W40_T2.0_D6
Best Detection: 81 mmHg (confidence: 0.050)
Top 10 readings:
  Rank  Pressure    Confidence  
  ------------------------------
  1     81          0.050
  2     134         0.010
  3     119         0.010
  4     112         0.010
  5     102         0.010

Detector: BL_W40_T2.0_D8
Best Detection: 81 mmHg (confidence: 0.050)
Top 10 readings:
  Rank  Pressure    Confidence  
  ------------------------------
  1     81          0.050
  2     134         0.010
  3     112         0.010
  4     102         0.010

Detector: BL_W40_T2.0_D10
Best Detection: 81 mmHg (confidence: 0.050)
Top 10 readings:
  Rank  Pressure    Confidence  
  ------------------------------
  1     81          0.050
  2     134         0.010
  3     108         0.010
  4     102         0.010

Detector: BL_W40_T2.0_D15
Best Detection: 81 mmHg (confidence: 0.050)
Top 10 readings:
  Rank  Pressure    Confidence  
  ------------------------------
  1     81          0.050
  2     108         0.010
  3     107         0.010
  4     102         0.010
  5     98          0.010

Detector: BL_W40_T2.0_D20
Best Detection: 81 mmHg (confidence: 0.050)
Top 10 readings:
  Rank  Pressure    Confidence  
  ------------------------------
  1     81          0.050
  2     109         0.010
  3     102         0.010
  4     98          0.010

Detector: BL_W40_T2.0_D25
Best Detection: 81 mmHg (confidence: 0.050)
Top 10 readings:
  Rank  Pressure    Confidence  
  ------------------------------
  1     81          0.050
  2     102         0.010

Detector: BL_W40_T2.0_D30
Best Detection: 81 mmHg (confidence: 0.050)
Top 10 readings:
  Rank  Pressure    Confidence  
  ------------------------------
  1     81          0.050
  2     102         0.010

Detector: BL_W40_T2.0_D40
Best Detection: 81 mmHg (confidence: 0.050)
Top 10 readings:
  Rank  Pressure    Confidence  
  ------------------------------
  1     81          0.050
  2     102         0.010

Detector: BL_W40_T2.2_D2
Best Detection: 102 mmHg (confidence: 0.050)
Top 10 readings:
  Rank  Pressure    Confidence  
  ------------------------------
  1     102         0.050
  2     119         0.010

Detector: BL_W40_T2.2_D4
Best Detection: 102 mmHg (confidence: 0.050)
Top 10 readings:
  Rank  Pressure    Confidence  
  ------------------------------
  1     102         0.050
  2     119         0.010

Detector: BL_W40_T2.2_D6
Best Detection: 102 mmHg (confidence: 0.050)
Top 10 readings:
  Rank  Pressure    Confidence  
  ------------------------------
  1     102         0.050
  2     134         0.010
  3     119         0.010
  4     112         0.010

Detector: BL_W40_T2.2_D8
Best Detection: 102 mmHg (confidence: 0.050)
Top 10 readings:
  Rank  Pressure    Confidence  
  ------------------------------
  1     102         0.050
  2     134         0.010
  3     112         0.010

Detector: BL_W40_T2.2_D10
Best Detection: 102 mmHg (confidence: 0.050)
Top 10 readings:
  Rank  Pressure    Confidence  
  ------------------------------
  1     102         0.050
  2     134         0.010
  3     108         0.010

Detector: BL_W40_T2.2_D15
Best Detection: 98 mmHg (confidence: 0.050)
Top 10 readings:
  Rank  Pressure    Confidence  
  ------------------------------
  1     98          0.050
  2     108         0.010
  3     107         0.010
  4     102         0.010

Detector: BL_W40_T2.2_D20
Best Detection: 98 mmHg (confidence: 0.050)
Top 10 readings:
  Rank  Pressure    Confidence  
  ------------------------------
  1     98          0.050
  2     109         0.010
  3     102         0.010

Detector: BL_W40_T2.2_D25
Best Detection: 102 mmHg (confidence: 0.050)
Top 10 readings:
  Rank  Pressure    Confidence  
  ------------------------------
  1     102         0.050

Detector: BL_W40_T2.2_D30
Best Detection: 102 mmHg (confidence: 0.050)
Top 10 readings:
  Rank  Pressure    Confidence  
  ------------------------------
  1     102         0.050

Detector: BL_W40_T2.2_D40
Best Detection: 102 mmHg (confidence: 0.050)
Top 10 readings:
  Rank  Pressure    Confidence  
  ------------------------------
  1     102         0.050

Detector: BL_W40_T2.4_D2
Best Detection: 102 mmHg (confidence: 0.050)
Top 10 readings:
  Rank  Pressure    Confidence  
  ------------------------------
  1     102         0.050

Detector: BL_W40_T2.4_D4
Best Detection: 102 mmHg (confidence: 0.050)
Top 10 readings:
  Rank  Pressure    Confidence  
  ------------------------------
  1     102         0.050
  2     119         0.010

Detector: BL_W40_T2.4_D6
Best Detection: 102 mmHg (confidence: 0.050)
Top 10 readings:
  Rank  Pressure    Confidence  
  ------------------------------
  1     102         0.050
  2     134         0.010
  3     119         0.010
  4     112         0.010

Detector: BL_W40_T2.4_D8
Best Detection: 102 mmHg (confidence: 0.050)
Top 10 readings:
  Rank  Pressure    Confidence  
  ------------------------------
  1     102         0.050
  2     134         0.010
  3     112         0.010

Detector: BL_W40_T2.4_D10
Best Detection: 102 mmHg (confidence: 0.050)
Top 10 readings:
  Rank  Pressure    Confidence  
  ------------------------------
  1     102         0.050
  2     134         0.010
  3     108         0.010

Detector: BL_W40_T2.4_D15
Best Detection: 102 mmHg (confidence: 0.050)
Top 10 readings:
  Rank  Pressure    Confidence  
  ------------------------------
  1     102         0.050
  2     108         0.010
  3     107         0.010

Detector: BL_W40_T2.4_D20
Best Detection: 102 mmHg (confidence: 0.050)
Top 10 readings:
  Rank  Pressure    Confidence  
  ------------------------------
  1     102         0.050
  2     109         0.010

Detector: BL_W40_T2.4_D25
Best Detection: 102 mmHg (confidence: 0.050)
Top 10 readings:
  Rank  Pressure    Confidence  
  ------------------------------
  1     102         0.050

Detector: BL_W40_T2.4_D30
Best Detection: 102 mmHg (confidence: 0.050)
Top 10 readings:
  Rank  Pressure    Confidence  
  ------------------------------
  1     102         0.050

Detector: BL_W40_T2.4_D40
Best Detection: 102 mmHg (confidence: 0.050)
Top 10 readings:
  Rank  Pressure    Confidence  
  ------------------------------
  1     102         0.050

Detector: BL_W40_T2.6_D2
Best Detection: 102 mmHg (confidence: 0.050)
Top 10 readings:
  Rank  Pressure    Confidence  
  ------------------------------
  1     102         0.050

Detector: BL_W40_T2.6_D4
Best Detection: 102 mmHg (confidence: 0.050)
Top 10 readings:
  Rank  Pressure    Confidence  
  ------------------------------
  1     102         0.050
  2     119         0.010

Detector: BL_W40_T2.6_D6
Best Detection: 102 mmHg (confidence: 0.050)
Top 10 readings:
  Rank  Pressure    Confidence  
  ------------------------------
  1     102         0.050
  2     134         0.010
  3     119         0.010
  4     112         0.010

Detector: BL_W40_T2.6_D8
Best Detection: 102 mmHg (confidence: 0.050)
Top 10 readings:
  Rank  Pressure    Confidence  
  ------------------------------
  1     102         0.050
  2     134         0.010
  3     112         0.010

Detector: BL_W40_T2.6_D10
Best Detection: 102 mmHg (confidence: 0.050)
Top 10 readings:
  Rank  Pressure    Confidence  
  ------------------------------
  1     102         0.050
  2     134         0.010
  3     108         0.010

Detector: BL_W40_T2.6_D15
Best Detection: 102 mmHg (confidence: 0.050)
Top 10 readings:
  Rank  Pressure    Confidence  
  ------------------------------
  1     102         0.050
  2     108         0.010
  3     107         0.010

Detector: BL_W40_T2.6_D20
Best Detection: 102 mmHg (confidence: 0.050)
Top 10 readings:
  Rank  Pressure    Confidence  
  ------------------------------
  1     102         0.050
  2     109         0.010

Detector: BL_W40_T2.6_D25
Best Detection: 102 mmHg (confidence: 0.050)
Top 10 readings:
  Rank  Pressure    Confidence  
  ------------------------------
  1     102         0.050

Detector: BL_W40_T2.6_D30
Best Detection: 102 mmHg (confidence: 0.050)
Top 10 readings:
  Rank  Pressure    Confidence  
  ------------------------------
  1     102         0.050

Detector: BL_W40_T2.6_D40
Best Detection: 102 mmHg (confidence: 0.050)
Top 10 readings:
  Rank  Pressure    Confidence  
  ------------------------------
  1     102         0.050

Detector: BL_W40_T2.8_D2
Best Detection: 102 mmHg (confidence: 0.050)
Top 10 readings:
  Rank  Pressure    Confidence  
  ------------------------------
  1     102         0.050

Detector: BL_W40_T2.8_D4
Best Detection: 102 mmHg (confidence: 0.050)
Top 10 readings:
  Rank  Pressure    Confidence  
  ------------------------------
  1     102         0.050
  2     119         0.010

Detector: BL_W40_T2.8_D6
Best Detection: 102 mmHg (confidence: 0.050)
Top 10 readings:
  Rank  Pressure    Confidence  
  ------------------------------
  1     102         0.050
  2     134         0.010
  3     119         0.010
  4     112         0.010

Detector: BL_W40_T2.8_D8
Best Detection: 102 mmHg (confidence: 0.050)
Top 10 readings:
  Rank  Pressure    Confidence  
  ------------------------------
  1     102         0.050
  2     134         0.010
  3     112         0.010

Detector: BL_W40_T2.8_D10
Best Detection: 102 mmHg (confidence: 0.050)
Top 10 readings:
  Rank  Pressure    Confidence  
  ------------------------------
  1     102         0.050
  2     134         0.010
  3     108         0.010

Detector: BL_W40_T2.8_D15
Best Detection: 102 mmHg (confidence: 0.050)
Top 10 readings:
  Rank  Pressure    Confidence  
  ------------------------------
  1     102         0.050
  2     108         0.010
  3     107         0.010

Detector: BL_W40_T2.8_D20
Best Detection: 102 mmHg (confidence: 0.050)
Top 10 readings:
  Rank  Pressure    Confidence  
  ------------------------------
  1     102         0.050
  2     109         0.010

Detector: BL_W40_T2.8_D25
Best Detection: 102 mmHg (confidence: 0.050)
Top 10 readings:
  Rank  Pressure    Confidence  
  ------------------------------
  1     102         0.050

Detector: BL_W40_T2.8_D30
Best Detection: 102 mmHg (confidence: 0.050)
Top 10 readings:
  Rank  Pressure    Confidence  
  ------------------------------
  1     102         0.050

Detector: BL_W40_T2.8_D40
Best Detection: 102 mmHg (confidence: 0.050)
Top 10 readings:
  Rank  Pressure    Confidence  
  ------------------------------
  1     102         0.050

Detector: BL_W40_T3.0_D2
Best Detection: 102 mmHg (confidence: 0.050)
Top 10 readings:
  Rank  Pressure    Confidence  
  ------------------------------
  1     102         0.050

Detector: BL_W40_T3.0_D4
Best Detection: 102 mmHg (confidence: 0.050)
Top 10 readings:
  Rank  Pressure    Confidence  
  ------------------------------
  1     102         0.050
  2     119         0.010

Detector: BL_W40_T3.0_D6
Best Detection: 102 mmHg (confidence: 0.050)
Top 10 readings:
  Rank  Pressure    Confidence  
  ------------------------------
  1     102         0.050
  2     134         0.010
  3     119         0.010
  4     112         0.010

Detector: BL_W40_T3.0_D8
Best Detection: 102 mmHg (confidence: 0.050)
Top 10 readings:
  Rank  Pressure    Confidence  
  ------------------------------
  1     102         0.050
  2     134         0.010
  3     112         0.010

Detector: BL_W40_T3.0_D10
Best Detection: 102 mmHg (confidence: 0.050)
Top 10 readings:
  Rank  Pressure    Confidence  
  ------------------------------
  1     102         0.050
  2     134         0.010
  3     108         0.010

Detector: BL_W40_T3.0_D15
Best Detection: 102 mmHg (confidence: 0.050)
Top 10 readings:
  Rank  Pressure    Confidence  
  ------------------------------
  1     102         0.050
  2     108         0.010
  3     107         0.010

Detector: BL_W40_T3.0_D20
Best Detection: 102 mmHg (confidence: 0.050)
Top 10 readings:
  Rank  Pressure    Confidence  
  ------------------------------
  1     102         0.050
  2     109         0.010

Detector: BL_W40_T3.0_D25
Best Detection: 102 mmHg (confidence: 0.050)
Top 10 readings:
  Rank  Pressure    Confidence  
  ------------------------------
  1     102         0.050

Detector: BL_W40_T3.0_D30
Best Detection: 102 mmHg (confidence: 0.050)
Top 10 readings:
  Rank  Pressure    Confidence  
  ------------------------------
  1     102         0.050

Detector: BL_W40_T3.0_D40
Best Detection: 102 mmHg (confidence: 0.050)
Top 10 readings:
  Rank  Pressure    Confidence  
  ------------------------------
  1     102         0.050

Detector: BL_W50_T1.2_D2
Best Detection: 92 mmHg (confidence: 0.980)
Top 10 readings:
  Rank  Pressure    Confidence  
  ------------------------------
  1     92          0.980
  2     90          0.900
  3     86          0.820
  4     84          0.740
  5     82          0.660
  6     79          0.580
  7     77          0.500
  8     75          0.420
  9     73          0.340
  10    71          0.260

Detector: BL_W50_T1.2_D4
Best Detection: 92 mmHg (confidence: 0.980)
Top 10 readings:
  Rank  Pressure    Confidence  
  ------------------------------
  1     92          0.980
  2     90          0.900
  3     86          0.820
  4     84          0.740
  5     82          0.660
  6     79          0.580
  7     77          0.500
  8     75          0.420
  9     73          0.340
  10    71          0.260

Detector: BL_W50_T1.2_D6
Best Detection: 92 mmHg (confidence: 0.980)
Top 10 readings:
  Rank  Pressure    Confidence  
  ------------------------------
  1     92          0.980
  2     90          0.900
  3     86          0.820
  4     84          0.740
  5     82          0.660
  6     79          0.580
  7     77          0.500
  8     75          0.420
  9     73          0.340
  10    71          0.260

Detector: BL_W50_T1.2_D8
Best Detection: 92 mmHg (confidence: 0.980)
Top 10 readings:
  Rank  Pressure    Confidence  
  ------------------------------
  1     92          0.980
  2     90          0.900
  3     86          0.820
  4     84          0.740
  5     82          0.660
  6     79          0.580
  7     77          0.500
  8     75          0.420
  9     73          0.340
  10    71          0.260

Detector: BL_W50_T1.2_D10
Best Detection: 92 mmHg (confidence: 0.980)
Top 10 readings:
  Rank  Pressure    Confidence  
  ------------------------------
  1     92          0.980
  2     90          0.900
  3     86          0.820
  4     84          0.740
  5     82          0.660
  6     79          0.580
  7     77          0.500
  8     75          0.420
  9     73          0.340
  10    71          0.260

Detector: BL_W50_T1.2_D15
Best Detection: 92 mmHg (confidence: 0.980)
Top 10 readings:
  Rank  Pressure    Confidence  
  ------------------------------
  1     92          0.980
  2     90          0.900
  3     86          0.820
  4     84          0.740
  5     82          0.660
  6     79          0.580
  7     77          0.500
  8     75          0.420
  9     108         0.340
  10    107         0.340

Detector: BL_W50_T1.2_D20
Best Detection: 92 mmHg (confidence: 0.980)
Top 10 readings:
  Rank  Pressure    Confidence  
  ------------------------------
  1     92          0.980
  2     90          0.900
  3     86          0.820
  4     84          0.740
  5     82          0.660
  6     79          0.580
  7     77          0.500
  8     75          0.420
  9     73          0.340
  10    71          0.260

Detector: BL_W50_T1.2_D25
Best Detection: 92 mmHg (confidence: 0.980)
Top 10 readings:
  Rank  Pressure    Confidence  
  ------------------------------
  1     92          0.980
  2     90          0.900
  3     86          0.820
  4     84          0.740
  5     82          0.660
  6     79          0.580
  7     77          0.500
  8     75          0.420
  9     73          0.340
  10    71          0.260

Detector: BL_W50_T1.2_D30
Best Detection: 92 mmHg (confidence: 0.980)
Top 10 readings:
  Rank  Pressure    Confidence  
  ------------------------------
  1     92          0.980
  2     90          0.900
  3     86          0.820
  4     84          0.740
  5     82          0.660
  6     79          0.580
  7     77          0.500
  8     75          0.420
  9     73          0.340
  10    71          0.260

Detector: BL_W50_T1.2_D40
Best Detection: 92 mmHg (confidence: 0.980)
Top 10 readings:
  Rank  Pressure    Confidence  
  ------------------------------
  1     92          0.980
  2     90          0.900
  3     86          0.820
  4     84          0.740
  5     82          0.660
  6     79          0.580
  7     77          0.500
  8     75          0.420
  9     73          0.340
  10    71          0.260

Detector: BL_W50_T1.4_D2
Best Detection: 84 mmHg (confidence: 0.740)
Top 10 readings:
  Rank  Pressure    Confidence  
  ------------------------------
  1     84          0.740
  2     82          0.660
  3     79          0.580
  4     77          0.500
  5     75          0.420
  6     73          0.340
  7     71          0.260
  8     112         0.126
  9     92          0.126
  10    69          0.126

Detector: BL_W50_T1.4_D4
Best Detection: 84 mmHg (confidence: 0.740)
Top 10 readings:
  Rank  Pressure    Confidence  
  ------------------------------
  1     84          0.740
  2     82          0.660
  3     79          0.580
  4     77          0.500
  5     75          0.420
  6     73          0.340
  7     71          0.260
  8     112         0.126
  9     92          0.126
  10    69          0.126

Detector: BL_W50_T1.4_D6
Best Detection: 84 mmHg (confidence: 0.740)
Top 10 readings:
  Rank  Pressure    Confidence  
  ------------------------------
  1     84          0.740
  2     82          0.660
  3     79          0.580
  4     77          0.500
  5     75          0.420
  6     73          0.340
  7     71          0.260
  8     112         0.126
  9     92          0.126
  10    69          0.126

Detector: BL_W50_T1.4_D8
Best Detection: 84 mmHg (confidence: 0.740)
Top 10 readings:
  Rank  Pressure    Confidence  
  ------------------------------
  1     84          0.740
  2     82          0.660
  3     79          0.580
  4     77          0.500
  5     75          0.420
  6     73          0.340
  7     71          0.260
  8     112         0.126
  9     92          0.126
  10    69          0.126

Detector: BL_W50_T1.4_D10
Best Detection: 84 mmHg (confidence: 0.740)
Top 10 readings:
  Rank  Pressure    Confidence  
  ------------------------------
  1     84          0.740
  2     82          0.660
  3     79          0.580
  4     77          0.500
  5     75          0.420
  6     73          0.340
  7     71          0.260
  8     92          0.126
  9     69          0.126
  10    66          0.050

Detector: BL_W50_T1.4_D15
Best Detection: 84 mmHg (confidence: 0.740)
Top 10 readings:
  Rank  Pressure    Confidence  
  ------------------------------
  1     84          0.740
  2     82          0.660
  3     79          0.580
  4     77          0.500
  5     75          0.420
  6     73          0.340
  7     108         0.260
  8     107         0.260
  9     71          0.260
  10    106         0.126

Detector: BL_W50_T1.4_D20
Best Detection: 84 mmHg (confidence: 0.740)
Top 10 readings:
  Rank  Pressure    Confidence  
  ------------------------------
  1     84          0.740
  2     82          0.660
  3     79          0.580
  4     77          0.500
  5     75          0.420
  6     73          0.340
  7     71          0.260
  8     92          0.126
  9     69          0.126
  10    66          0.050

Detector: BL_W50_T1.4_D25
Best Detection: 84 mmHg (confidence: 0.740)
Top 10 readings:
  Rank  Pressure    Confidence  
  ------------------------------
  1     84          0.740
  2     82          0.660
  3     79          0.580
  4     77          0.500
  5     75          0.420
  6     73          0.340
  7     71          0.260
  8     92          0.126
  9     69          0.126
  10    66          0.050

Detector: BL_W50_T1.4_D30
Best Detection: 84 mmHg (confidence: 0.740)
Top 10 readings:
  Rank  Pressure    Confidence  
  ------------------------------
  1     84          0.740
  2     82          0.660
  3     79          0.580
  4     77          0.500
  5     75          0.420
  6     73          0.340
  7     71          0.260
  8     92          0.126
  9     69          0.126
  10    66          0.050

Detector: BL_W50_T1.4_D40
Best Detection: 84 mmHg (confidence: 0.740)
Top 10 readings:
  Rank  Pressure    Confidence  
  ------------------------------
  1     84          0.740
  2     82          0.660
  3     79          0.580
  4     77          0.500
  5     75          0.420
  6     73          0.340
  7     71          0.260
  8     92          0.126
  9     69          0.126
  10    66          0.050

Detector: BL_W50_T1.6_D2
Best Detection: 84 mmHg (confidence: 0.740)
Top 10 readings:
  Rank  Pressure    Confidence  
  ------------------------------
  1     84          0.740
  2     81          0.660
  3     79          0.580
  4     77          0.500
  5     75          0.420
  6     73          0.340
  7     71          0.260
  8     112         0.126
  9     92          0.126
  10    69          0.126

Detector: BL_W50_T1.6_D4
Best Detection: 84 mmHg (confidence: 0.740)
Top 10 readings:
  Rank  Pressure    Confidence  
  ------------------------------
  1     84          0.740
  2     81          0.660
  3     79          0.580
  4     77          0.500
  5     75          0.420
  6     73          0.340
  7     71          0.260
  8     112         0.126
  9     92          0.126
  10    69          0.126

Detector: BL_W50_T1.6_D6
Best Detection: 84 mmHg (confidence: 0.740)
Top 10 readings:
  Rank  Pressure    Confidence  
  ------------------------------
  1     84          0.740
  2     81          0.660
  3     79          0.580
  4     77          0.500
  5     75          0.420
  6     73          0.340
  7     71          0.260
  8     112         0.126
  9     92          0.126
  10    69          0.126

Detector: BL_W50_T1.6_D8
Best Detection: 84 mmHg (confidence: 0.740)
Top 10 readings:
  Rank  Pressure    Confidence  
  ------------------------------
  1     84          0.740
  2     81          0.660
  3     79          0.580
  4     77          0.500
  5     75          0.420
  6     73          0.340
  7     71          0.260
  8     112         0.126
  9     92          0.126
  10    69          0.126

Detector: BL_W50_T1.6_D10
Best Detection: 84 mmHg (confidence: 0.740)
Top 10 readings:
  Rank  Pressure    Confidence  
  ------------------------------
  1     84          0.740
  2     81          0.660
  3     79          0.580
  4     77          0.500
  5     75          0.420
  6     73          0.340
  7     71          0.260
  8     92          0.126
  9     69          0.126
  10    66          0.050

Detector: BL_W50_T1.6_D15
Best Detection: 84 mmHg (confidence: 0.740)
Top 10 readings:
  Rank  Pressure    Confidence  
  ------------------------------
  1     84          0.740
  2     81          0.660
  3     79          0.580
  4     77          0.500
  5     75          0.420
  6     73          0.340
  7     108         0.260
  8     107         0.260
  9     71          0.260
  10    106         0.126

Detector: BL_W50_T1.6_D20
Best Detection: 84 mmHg (confidence: 0.740)
Top 10 readings:
  Rank  Pressure    Confidence  
  ------------------------------
  1     84          0.740
  2     81          0.660
  3     79          0.580
  4     77          0.500
  5     75          0.420
  6     73          0.340
  7     71          0.260
  8     92          0.126
  9     69          0.126
  10    66          0.050

Detector: BL_W50_T1.6_D25
Best Detection: 84 mmHg (confidence: 0.740)
Top 10 readings:
  Rank  Pressure    Confidence  
  ------------------------------
  1     84          0.740
  2     81          0.660
  3     79          0.580
  4     77          0.500
  5     75          0.420
  6     73          0.340
  7     71          0.260
  8     92          0.126
  9     69          0.126
  10    66          0.050

Detector: BL_W50_T1.6_D30
Best Detection: 84 mmHg (confidence: 0.740)
Top 10 readings:
  Rank  Pressure    Confidence  
  ------------------------------
  1     84          0.740
  2     81          0.660
  3     79          0.580
  4     77          0.500
  5     75          0.420
  6     73          0.340
  7     71          0.260
  8     92          0.126
  9     69          0.126
  10    66          0.050

Detector: BL_W50_T1.6_D40
Best Detection: 84 mmHg (confidence: 0.740)
Top 10 readings:
  Rank  Pressure    Confidence  
  ------------------------------
  1     84          0.740
  2     81          0.660
  3     79          0.580
  4     77          0.500
  5     75          0.420
  6     73          0.340
  7     71          0.260
  8     92          0.126
  9     69          0.126
  10    66          0.050

Detector: BL_W50_T1.8_D2
Best Detection: 84 mmHg (confidence: 0.260)
Top 10 readings:
  Rank  Pressure    Confidence  
  ------------------------------
  1     84          0.260
  2     71          0.260
  3     92          0.126
  4     81          0.126
  5     69          0.126
  6     66          0.050
  7     133         0.010
  8     119         0.010
  9     108         0.010
  10    102         0.010

Detector: BL_W50_T1.8_D4
Best Detection: 84 mmHg (confidence: 0.260)
Top 10 readings:
  Rank  Pressure    Confidence  
  ------------------------------
  1     84          0.260
  2     71          0.260
  3     92          0.126
  4     81          0.126
  5     69          0.126
  6     66          0.050
  7     133         0.010
  8     119         0.010
  9     108         0.010
  10    102         0.010

Detector: BL_W50_T1.8_D6
Best Detection: 84 mmHg (confidence: 0.260)
Top 10 readings:
  Rank  Pressure    Confidence  
  ------------------------------
  1     84          0.260
  2     71          0.260
  3     112         0.126
  4     92          0.126
  5     81          0.126
  6     69          0.126
  7     66          0.050
  8     133         0.010
  9     119         0.010
  10    108         0.010

Detector: BL_W50_T1.8_D8
Best Detection: 84 mmHg (confidence: 0.260)
Top 10 readings:
  Rank  Pressure    Confidence  
  ------------------------------
  1     84          0.260
  2     71          0.260
  3     112         0.126
  4     92          0.126
  5     81          0.126
  6     69          0.126
  7     66          0.050
  8     133         0.010
  9     108         0.010
  10    102         0.010

Detector: BL_W50_T1.8_D10
Best Detection: 84 mmHg (confidence: 0.260)
Top 10 readings:
  Rank  Pressure    Confidence  
  ------------------------------
  1     84          0.260
  2     71          0.260
  3     92          0.126
  4     81          0.126
  5     69          0.126
  6     66          0.050
  7     133         0.010
  8     108         0.010
  9     108         0.010
  10    102         0.010

Detector: BL_W50_T1.8_D15
Best Detection: 108 mmHg (confidence: 0.260)
Top 10 readings:
  Rank  Pressure    Confidence  
  ------------------------------
  1     108         0.260
  2     107         0.260
  3     84          0.260
  4     71          0.260
  5     106         0.126
  6     92          0.126
  7     81          0.126
  8     69          0.126
  9     66          0.050
  10    102         0.010

Detector: BL_W50_T1.8_D20
Best Detection: 84 mmHg (confidence: 0.260)
Top 10 readings:
  Rank  Pressure    Confidence  
  ------------------------------
  1     84          0.260
  2     71          0.260
  3     92          0.126
  4     81          0.126
  5     69          0.126
  6     66          0.050
  7     109         0.010
  8     102         0.010
  9     98          0.010
  10    89          0.010

Detector: BL_W50_T1.8_D25
Best Detection: 84 mmHg (confidence: 0.260)
Top 10 readings:
  Rank  Pressure    Confidence  
  ------------------------------
  1     84          0.260
  2     71          0.260
  3     92          0.126
  4     81          0.126
  5     69          0.126
  6     66          0.050
  7     102         0.010
  8     98          0.010
  9     89          0.010
  10    79          0.010

Detector: BL_W50_T1.8_D30
Best Detection: 84 mmHg (confidence: 0.260)
Top 10 readings:
  Rank  Pressure    Confidence  
  ------------------------------
  1     84          0.260
  2     71          0.260
  3     92          0.126
  4     81          0.126
  5     69          0.126
  6     66          0.050
  7     102         0.010
  8     98          0.010
  9     89          0.010
  10    79          0.010

Detector: BL_W50_T1.8_D40
Best Detection: 84 mmHg (confidence: 0.260)
Top 10 readings:
  Rank  Pressure    Confidence  
  ------------------------------
  1     84          0.260
  2     71          0.260
  3     92          0.126
  4     81          0.126
  5     69          0.126
  6     66          0.050
  7     102         0.010
  8     98          0.010
  9     89          0.010
  10    79          0.010

Detector: BL_W50_T2.0_D2
Best Detection: 71 mmHg (confidence: 0.260)
Top 10 readings:
  Rank  Pressure    Confidence  
  ------------------------------
  1     71          0.260
  2     83          0.126
  3     68          0.126
  4     66          0.050
  5     133         0.010
  6     119         0.010
  7     102         0.010
  8     89          0.010
  9     81          0.010

Detector: BL_W50_T2.0_D4
Best Detection: 71 mmHg (confidence: 0.260)
Top 10 readings:
  Rank  Pressure    Confidence  
  ------------------------------
  1     71          0.260
  2     83          0.126
  3     68          0.126
  4     66          0.050
  5     133         0.010
  6     119         0.010
  7     102         0.010
  8     89          0.010
  9     81          0.010

Detector: BL_W50_T2.0_D6
Best Detection: 71 mmHg (confidence: 0.260)
Top 10 readings:
  Rank  Pressure    Confidence  
  ------------------------------
  1     71          0.260
  2     83          0.126
  3     68          0.126
  4     66          0.050
  5     133         0.010
  6     119         0.010
  7     112         0.010
  8     102         0.010
  9     89          0.010
  10    81          0.010

Detector: BL_W50_T2.0_D8
Best Detection: 71 mmHg (confidence: 0.260)
Top 10 readings:
  Rank  Pressure    Confidence  
  ------------------------------
  1     71          0.260
  2     83          0.126
  3     68          0.126
  4     66          0.050
  5     133         0.010
  6     112         0.010
  7     102         0.010
  8     89          0.010
  9     81          0.010

Detector: BL_W50_T2.0_D10
Best Detection: 71 mmHg (confidence: 0.260)
Top 10 readings:
  Rank  Pressure    Confidence  
  ------------------------------
  1     71          0.260
  2     83          0.126
  3     68          0.126
  4     66          0.050
  5     133         0.010
  6     108         0.010
  7     102         0.010
  8     89          0.010
  9     81          0.010

Detector: BL_W50_T2.0_D15
Best Detection: 108 mmHg (confidence: 0.260)
Top 10 readings:
  Rank  Pressure    Confidence  
  ------------------------------
  1     108         0.260
  2     107         0.260
  3     71          0.260
  4     106         0.126
  5     83          0.126
  6     68          0.126
  7     66          0.050
  8     102         0.010
  9     98          0.010
  10    89          0.010

Detector: BL_W50_T2.0_D20
Best Detection: 71 mmHg (confidence: 0.260)
Top 10 readings:
  Rank  Pressure    Confidence  
  ------------------------------
  1     71          0.260
  2     83          0.126
  3     68          0.126
  4     66          0.050
  5     109         0.010
  6     102         0.010
  7     98          0.010
  8     89          0.010
  9     81          0.010

Detector: BL_W50_T2.0_D25
Best Detection: 71 mmHg (confidence: 0.260)
Top 10 readings:
  Rank  Pressure    Confidence  
  ------------------------------
  1     71          0.260
  2     83          0.126
  3     68          0.126
  4     66          0.050
  5     102         0.010
  6     98          0.010
  7     89          0.010
  8     81          0.010

Detector: BL_W50_T2.0_D30
Best Detection: 71 mmHg (confidence: 0.260)
Top 10 readings:
  Rank  Pressure    Confidence  
  ------------------------------
  1     71          0.260
  2     83          0.126
  3     68          0.126
  4     66          0.050
  5     102         0.010
  6     89          0.010
  7     81          0.010

Detector: BL_W50_T2.0_D40
Best Detection: 71 mmHg (confidence: 0.260)
Top 10 readings:
  Rank  Pressure    Confidence  
  ------------------------------
  1     71          0.260
  2     83          0.126
  3     68          0.126
  4     66          0.050
  5     102         0.010
  6     89          0.010
  7     81          0.010

Detector: BL_W50_T2.2_D2
Best Detection: 102 mmHg (confidence: 0.050)
Top 10 readings:
  Rank  Pressure    Confidence  
  ------------------------------
  1     102         0.050
  2     119         0.010

Detector: BL_W50_T2.2_D4
Best Detection: 102 mmHg (confidence: 0.050)
Top 10 readings:
  Rank  Pressure    Confidence  
  ------------------------------
  1     102         0.050
  2     119         0.010

Detector: BL_W50_T2.2_D6
Best Detection: 102 mmHg (confidence: 0.050)
Top 10 readings:
  Rank  Pressure    Confidence  
  ------------------------------
  1     102         0.050
  2     119         0.010
  3     112         0.010

Detector: BL_W50_T2.2_D8
Best Detection: 102 mmHg (confidence: 0.050)
Top 10 readings:
  Rank  Pressure    Confidence  
  ------------------------------
  1     102         0.050
  2     133         0.010
  3     112         0.010

Detector: BL_W50_T2.2_D10
Best Detection: 102 mmHg (confidence: 0.050)
Top 10 readings:
  Rank  Pressure    Confidence  
  ------------------------------
  1     102         0.050
  2     133         0.010
  3     108         0.010

Detector: BL_W50_T2.2_D15
Best Detection: 108 mmHg (confidence: 0.260)
Top 10 readings:
  Rank  Pressure    Confidence  
  ------------------------------
  1     108         0.260
  2     107         0.260
  3     106         0.126
  4     98          0.050
  5     102         0.010

Detector: BL_W50_T2.2_D20
Best Detection: 98 mmHg (confidence: 0.050)
Top 10 readings:
  Rank  Pressure    Confidence  
  ------------------------------
  1     98          0.050
  2     109         0.010
  3     102         0.010

Detector: BL_W50_T2.2_D25
Best Detection: 98 mmHg (confidence: 0.050)
Top 10 readings:
  Rank  Pressure    Confidence  
  ------------------------------
  1     98          0.050
  2     102         0.010

Detector: BL_W50_T2.2_D30
Best Detection: 102 mmHg (confidence: 0.050)
Top 10 readings:
  Rank  Pressure    Confidence  
  ------------------------------
  1     102         0.050

Detector: BL_W50_T2.2_D40
Best Detection: 102 mmHg (confidence: 0.050)
Top 10 readings:
  Rank  Pressure    Confidence  
  ------------------------------
  1     102         0.050

Detector: BL_W50_T2.4_D2
Best Detection: 102 mmHg (confidence: 0.050)
Top 10 readings:
  Rank  Pressure    Confidence  
  ------------------------------
  1     102         0.050

Detector: BL_W50_T2.4_D4
Best Detection: 102 mmHg (confidence: 0.050)
Top 10 readings:
  Rank  Pressure    Confidence  
  ------------------------------
  1     102         0.050
  2     119         0.010

Detector: BL_W50_T2.4_D6
Best Detection: 102 mmHg (confidence: 0.050)
Top 10 readings:
  Rank  Pressure    Confidence  
  ------------------------------
  1     102         0.050
  2     119         0.010
  3     112         0.010

Detector: BL_W50_T2.4_D8
Best Detection: 102 mmHg (confidence: 0.050)
Top 10 readings:
  Rank  Pressure    Confidence  
  ------------------------------
  1     102         0.050
  2     133         0.010
  3     112         0.010

Detector: BL_W50_T2.4_D10
Best Detection: 102 mmHg (confidence: 0.050)
Top 10 readings:
  Rank  Pressure    Confidence  
  ------------------------------
  1     102         0.050
  2     133         0.010
  3     108         0.010

Detector: BL_W50_T2.4_D15
Best Detection: 108 mmHg (confidence: 0.260)
Top 10 readings:
  Rank  Pressure    Confidence  
  ------------------------------
  1     108         0.260
  2     107         0.260
  3     106         0.126
  4     98          0.050
  5     102         0.010

Detector: BL_W50_T2.4_D20
Best Detection: 98 mmHg (confidence: 0.050)
Top 10 readings:
  Rank  Pressure    Confidence  
  ------------------------------
  1     98          0.050
  2     109         0.010
  3     102         0.010

Detector: BL_W50_T2.4_D25
Best Detection: 98 mmHg (confidence: 0.050)
Top 10 readings:
  Rank  Pressure    Confidence  
  ------------------------------
  1     98          0.050
  2     102         0.010

Detector: BL_W50_T2.4_D30
Best Detection: 102 mmHg (confidence: 0.050)
Top 10 readings:
  Rank  Pressure    Confidence  
  ------------------------------
  1     102         0.050

Detector: BL_W50_T2.4_D40
Best Detection: 102 mmHg (confidence: 0.050)
Top 10 readings:
  Rank  Pressure    Confidence  
  ------------------------------
  1     102         0.050

Detector: BL_W50_T2.6_D2
Best Detection: 102 mmHg (confidence: 0.050)
Top 10 readings:
  Rank  Pressure    Confidence  
  ------------------------------
  1     102         0.050

Detector: BL_W50_T2.6_D4
Best Detection: 102 mmHg (confidence: 0.050)
Top 10 readings:
  Rank  Pressure    Confidence  
  ------------------------------
  1     102         0.050
  2     119         0.010

Detector: BL_W50_T2.6_D6
Best Detection: 102 mmHg (confidence: 0.050)
Top 10 readings:
  Rank  Pressure    Confidence  
  ------------------------------
  1     102         0.050
  2     119         0.010
  3     112         0.010

Detector: BL_W50_T2.6_D8
Best Detection: 102 mmHg (confidence: 0.050)
Top 10 readings:
  Rank  Pressure    Confidence  
  ------------------------------
  1     102         0.050
  2     133         0.010
  3     112         0.010

Detector: BL_W50_T2.6_D10
Best Detection: 102 mmHg (confidence: 0.050)
Top 10 readings:
  Rank  Pressure    Confidence  
  ------------------------------
  1     102         0.050
  2     133         0.010
  3     108         0.010

Detector: BL_W50_T2.6_D15
Best Detection: 108 mmHg (confidence: 0.260)
Top 10 readings:
  Rank  Pressure    Confidence  
  ------------------------------
  1     108         0.260
  2     107         0.260
  3     106         0.126
  4     102         0.050

Detector: BL_W50_T2.6_D20
Best Detection: 102 mmHg (confidence: 0.050)
Top 10 readings:
  Rank  Pressure    Confidence  
  ------------------------------
  1     102         0.050
  2     109         0.010

Detector: BL_W50_T2.6_D25
Best Detection: 102 mmHg (confidence: 0.050)
Top 10 readings:
  Rank  Pressure    Confidence  
  ------------------------------
  1     102         0.050

Detector: BL_W50_T2.6_D30
Best Detection: 102 mmHg (confidence: 0.050)
Top 10 readings:
  Rank  Pressure    Confidence  
  ------------------------------
  1     102         0.050

Detector: BL_W50_T2.6_D40
Best Detection: 102 mmHg (confidence: 0.050)
Top 10 readings:
  Rank  Pressure    Confidence  
  ------------------------------
  1     102         0.050

Detector: BL_W50_T2.8_D2
Best Detection: 102 mmHg (confidence: 0.050)
Top 10 readings:
  Rank  Pressure    Confidence  
  ------------------------------
  1     102         0.050

Detector: BL_W50_T2.8_D4
Best Detection: 102 mmHg (confidence: 0.050)
Top 10 readings:
  Rank  Pressure    Confidence  
  ------------------------------
  1     102         0.050
  2     119         0.010

Detector: BL_W50_T2.8_D6
Best Detection: 102 mmHg (confidence: 0.050)
Top 10 readings:
  Rank  Pressure    Confidence  
  ------------------------------
  1     102         0.050
  2     119         0.010
  3     112         0.010

Detector: BL_W50_T2.8_D8
Best Detection: 102 mmHg (confidence: 0.050)
Top 10 readings:
  Rank  Pressure    Confidence  
  ------------------------------
  1     102         0.050
  2     133         0.010
  3     112         0.010

Detector: BL_W50_T2.8_D10
Best Detection: 102 mmHg (confidence: 0.050)
Top 10 readings:
  Rank  Pressure    Confidence  
  ------------------------------
  1     102         0.050
  2     133         0.010
  3     108         0.010

Detector: BL_W50_T2.8_D15
Best Detection: 108 mmHg (confidence: 0.260)
Top 10 readings:
  Rank  Pressure    Confidence  
  ------------------------------
  1     108         0.260
  2     107         0.260
  3     106         0.126
  4     102         0.050

Detector: BL_W50_T2.8_D20
Best Detection: 102 mmHg (confidence: 0.050)
Top 10 readings:
  Rank  Pressure    Confidence  
  ------------------------------
  1     102         0.050
  2     109         0.010

Detector: BL_W50_T2.8_D25
Best Detection: 102 mmHg (confidence: 0.050)
Top 10 readings:
  Rank  Pressure    Confidence  
  ------------------------------
  1     102         0.050

Detector: BL_W50_T2.8_D30
Best Detection: 102 mmHg (confidence: 0.050)
Top 10 readings:
  Rank  Pressure    Confidence  
  ------------------------------
  1     102         0.050

Detector: BL_W50_T2.8_D40
Best Detection: 102 mmHg (confidence: 0.050)
Top 10 readings:
  Rank  Pressure    Confidence  
  ------------------------------
  1     102         0.050

Detector: BL_W50_T3.0_D2
Best Detection: 102 mmHg (confidence: 0.050)
Top 10 readings:
  Rank  Pressure    Confidence  
  ------------------------------
  1     102         0.050

Detector: BL_W50_T3.0_D4
Best Detection: 102 mmHg (confidence: 0.050)
Top 10 readings:
  Rank  Pressure    Confidence  
  ------------------------------
  1     102         0.050
  2     119         0.010

Detector: BL_W50_T3.0_D6
Best Detection: 102 mmHg (confidence: 0.050)
Top 10 readings:
  Rank  Pressure    Confidence  
  ------------------------------
  1     102         0.050
  2     119         0.010
  3     112         0.010

Detector: BL_W50_T3.0_D8
Best Detection: 102 mmHg (confidence: 0.050)
Top 10 readings:
  Rank  Pressure    Confidence  
  ------------------------------
  1     102         0.050
  2     133         0.010
  3     112         0.010

Detector: BL_W50_T3.0_D10
Best Detection: 102 mmHg (confidence: 0.050)
Top 10 readings:
  Rank  Pressure    Confidence  
  ------------------------------
  1     102         0.050
  2     133         0.010
  3     108         0.010

Detector: BL_W50_T3.0_D15
Best Detection: 108 mmHg (confidence: 0.260)
Top 10 readings:
  Rank  Pressure    Confidence  
  ------------------------------
  1     108         0.260
  2     107         0.260
  3     106         0.126
  4     102         0.050

Detector: BL_W50_T3.0_D20
Best Detection: 102 mmHg (confidence: 0.050)
Top 10 readings:
  Rank  Pressure    Confidence  
  ------------------------------
  1     102         0.050
  2     109         0.010

Detector: BL_W50_T3.0_D25
Best Detection: 102 mmHg (confidence: 0.050)
Top 10 readings:
  Rank  Pressure    Confidence  
  ------------------------------
  1     102         0.050

Detector: BL_W50_T3.0_D30
Best Detection: 102 mmHg (confidence: 0.050)
Top 10 readings:
  Rank  Pressure    Confidence  
  ------------------------------
  1     102         0.050

Detector: BL_W50_T3.0_D40
Best Detection: 102 mmHg (confidence: 0.050)
Top 10 readings:
  Rank  Pressure    Confidence  
  ------------------------------
  1     102         0.050

Detector: BL_W60_T1.2_D2
Best Detection: 92 mmHg (confidence: 0.980)
Top 10 readings:
  Rank  Pressure    Confidence  
  ------------------------------
  1     92          0.980
  2     90          0.900
  3     86          0.820
  4     84          0.740
  5     82          0.660
  6     79          0.580
  7     77          0.500
  8     75          0.420
  9     108         0.340
  10    108         0.340

Detector: BL_W60_T1.2_D4
Best Detection: 92 mmHg (confidence: 0.980)
Top 10 readings:
  Rank  Pressure    Confidence  
  ------------------------------
  1     92          0.980
  2     90          0.900
  3     86          0.820
  4     84          0.740
  5     82          0.660
  6     79          0.580
  7     77          0.500
  8     75          0.420
  9     108         0.340
  10    108         0.340

Detector: BL_W60_T1.2_D6
Best Detection: 92 mmHg (confidence: 0.980)
Top 10 readings:
  Rank  Pressure    Confidence  
  ------------------------------
  1     92          0.980
  2     90          0.900
  3     86          0.820
  4     84          0.740
  5     82          0.660
  6     79          0.580
  7     77          0.500
  8     75          0.420
  9     108         0.340
  10    108         0.340

Detector: BL_W60_T1.2_D8
Best Detection: 92 mmHg (confidence: 0.980)
Top 10 readings:
  Rank  Pressure    Confidence  
  ------------------------------
  1     92          0.980
  2     90          0.900
  3     86          0.820
  4     84          0.740
  5     82          0.660
  6     79          0.580
  7     77          0.500
  8     75          0.420
  9     108         0.340
  10    108         0.340

Detector: BL_W60_T1.2_D10
Best Detection: 92 mmHg (confidence: 0.980)
Top 10 readings:
  Rank  Pressure    Confidence  
  ------------------------------
  1     92          0.980
  2     90          0.900
  3     86          0.820
  4     84          0.740
  5     82          0.660
  6     79          0.580
  7     77          0.500
  8     75          0.420
  9     108         0.340
  10    108         0.340

Detector: BL_W60_T1.2_D15
Best Detection: 92 mmHg (confidence: 0.980)
Top 10 readings:
  Rank  Pressure    Confidence  
  ------------------------------
  1     92          0.980
  2     90          0.900
  3     86          0.820
  4     84          0.740
  5     82          0.660
  6     79          0.580
  7     77          0.500
  8     75          0.420
  9     108         0.340
  10    107         0.340

Detector: BL_W60_T1.2_D20
Best Detection: 92 mmHg (confidence: 0.980)
Top 10 readings:
  Rank  Pressure    Confidence  
  ------------------------------
  1     92          0.980
  2     90          0.900
  3     86          0.820
  4     84          0.740
  5     82          0.660
  6     79          0.580
  7     77          0.500
  8     75          0.420
  9     73          0.340
  10    71          0.260

Detector: BL_W60_T1.2_D25
Best Detection: 92 mmHg (confidence: 0.980)
Top 10 readings:
  Rank  Pressure    Confidence  
  ------------------------------
  1     92          0.980
  2     90          0.900
  3     86          0.820
  4     84          0.740
  5     82          0.660
  6     79          0.580
  7     77          0.500
  8     75          0.420
  9     73          0.340
  10    71          0.260

Detector: BL_W60_T1.2_D30
Best Detection: 92 mmHg (confidence: 0.980)
Top 10 readings:
  Rank  Pressure    Confidence  
  ------------------------------
  1     92          0.980
  2     90          0.900
  3     86          0.820
  4     84          0.740
  5     82          0.660
  6     79          0.580
  7     77          0.500
  8     75          0.420
  9     73          0.340
  10    71          0.260

Detector: BL_W60_T1.2_D40
Best Detection: 92 mmHg (confidence: 0.980)
Top 10 readings:
  Rank  Pressure    Confidence  
  ------------------------------
  1     92          0.980
  2     90          0.900
  3     86          0.820
  4     84          0.740
  5     82          0.660
  6     79          0.580
  7     77          0.500
  8     75          0.420
  9     73          0.340
  10    71          0.260

Detector: BL_W60_T1.4_D2
Best Detection: 84 mmHg (confidence: 0.740)
Top 10 readings:
  Rank  Pressure    Confidence  
  ------------------------------
  1     84          0.740
  2     82          0.660
  3     79          0.580
  4     77          0.500
  5     75          0.420
  6     73          0.340
  7     71          0.260
  8     112         0.126
  9     102         0.126
  10    98          0.126

Detector: BL_W60_T1.4_D4
Best Detection: 84 mmHg (confidence: 0.740)
Top 10 readings:
  Rank  Pressure    Confidence  
  ------------------------------
  1     84          0.740
  2     82          0.660
  3     79          0.580
  4     77          0.500
  5     75          0.420
  6     73          0.340
  7     71          0.260
  8     112         0.126
  9     102         0.126
  10    98          0.126

Detector: BL_W60_T1.4_D6
Best Detection: 84 mmHg (confidence: 0.740)
Top 10 readings:
  Rank  Pressure    Confidence  
  ------------------------------
  1     84          0.740
  2     82          0.660
  3     79          0.580
  4     77          0.500
  5     75          0.420
  6     73          0.340
  7     71          0.260
  8     112         0.126
  9     102         0.126
  10    98          0.126

Detector: BL_W60_T1.4_D8
Best Detection: 84 mmHg (confidence: 0.740)
Top 10 readings:
  Rank  Pressure    Confidence  
  ------------------------------
  1     84          0.740
  2     82          0.660
  3     79          0.580
  4     77          0.500
  5     75          0.420
  6     73          0.340
  7     71          0.260
  8     112         0.126
  9     102         0.126
  10    98          0.126

Detector: BL_W60_T1.4_D10
Best Detection: 84 mmHg (confidence: 0.740)
Top 10 readings:
  Rank  Pressure    Confidence  
  ------------------------------
  1     84          0.740
  2     82          0.660
  3     79          0.580
  4     77          0.500
  5     75          0.420
  6     73          0.340
  7     71          0.260
  8     102         0.126
  9     98          0.126
  10    69          0.126

Detector: BL_W60_T1.4_D15
Best Detection: 84 mmHg (confidence: 0.740)
Top 10 readings:
  Rank  Pressure    Confidence  
  ------------------------------
  1     84          0.740
  2     82          0.660
  3     79          0.580
  4     77          0.500
  5     75          0.420
  6     108         0.340
  7     107         0.340
  8     73          0.340
  9     106         0.260
  10    71          0.260

Detector: BL_W60_T1.4_D20
Best Detection: 84 mmHg (confidence: 0.740)
Top 10 readings:
  Rank  Pressure    Confidence  
  ------------------------------
  1     84          0.740
  2     82          0.660
  3     79          0.580
  4     77          0.500
  5     75          0.420
  6     73          0.340
  7     71          0.260
  8     102         0.126
  9     98          0.126
  10    69          0.126

Detector: BL_W60_T1.4_D25
Best Detection: 84 mmHg (confidence: 0.740)
Top 10 readings:
  Rank  Pressure    Confidence  
  ------------------------------
  1     84          0.740
  2     82          0.660
  3     79          0.580
  4     77          0.500
  5     75          0.420
  6     73          0.340
  7     71          0.260
  8     102         0.126
  9     98          0.126
  10    69          0.126

Detector: BL_W60_T1.4_D30
Best Detection: 84 mmHg (confidence: 0.740)
Top 10 readings:
  Rank  Pressure    Confidence  
  ------------------------------
  1     84          0.740
  2     82          0.660
  3     79          0.580
  4     77          0.500
  5     75          0.420
  6     73          0.340
  7     71          0.260
  8     102         0.126
  9     98          0.126
  10    69          0.126

Detector: BL_W60_T1.4_D40
Best Detection: 84 mmHg (confidence: 0.740)
Top 10 readings:
  Rank  Pressure    Confidence  
  ------------------------------
  1     84          0.740
  2     82          0.660
  3     79          0.580
  4     77          0.500
  5     75          0.420
  6     73          0.340
  7     71          0.260
  8     102         0.126
  9     98          0.126
  10    69          0.126

Detector: BL_W60_T1.6_D2
Best Detection: 84 mmHg (confidence: 0.740)
Top 10 readings:
  Rank  Pressure    Confidence  
  ------------------------------
  1     84          0.740
  2     81          0.660
  3     79          0.580
  4     77          0.500
  5     75          0.420
  6     73          0.340
  7     71          0.260
  8     112         0.126
  9     69          0.126
  10    66          0.050

Detector: BL_W60_T1.6_D4
Best Detection: 84 mmHg (confidence: 0.740)
Top 10 readings:
  Rank  Pressure    Confidence  
  ------------------------------
  1     84          0.740
  2     81          0.660
  3     79          0.580
  4     77          0.500
  5     75          0.420
  6     73          0.340
  7     71          0.260
  8     112         0.126
  9     69          0.126
  10    66          0.050

Detector: BL_W60_T1.6_D6
Best Detection: 84 mmHg (confidence: 0.740)
Top 10 readings:
  Rank  Pressure    Confidence  
  ------------------------------
  1     84          0.740
  2     81          0.660
  3     79          0.580
  4     77          0.500
  5     75          0.420
  6     73          0.340
  7     71          0.260
  8     112         0.126
  9     69          0.126
  10    66          0.050

Detector: BL_W60_T1.6_D8
Best Detection: 84 mmHg (confidence: 0.740)
Top 10 readings:
  Rank  Pressure    Confidence  
  ------------------------------
  1     84          0.740
  2     81          0.660
  3     79          0.580
  4     77          0.500
  5     75          0.420
  6     73          0.340
  7     71          0.260
  8     112         0.126
  9     69          0.126
  10    66          0.050

Detector: BL_W60_T1.6_D10
Best Detection: 84 mmHg (confidence: 0.740)
Top 10 readings:
  Rank  Pressure    Confidence  
  ------------------------------
  1     84          0.740
  2     81          0.660
  3     79          0.580
  4     77          0.500
  5     75          0.420
  6     73          0.340
  7     71          0.260
  8     69          0.126
  9     66          0.050
  10    108         0.010

Detector: BL_W60_T1.6_D15
Best Detection: 84 mmHg (confidence: 0.740)
Top 10 readings:
  Rank  Pressure    Confidence  
  ------------------------------
  1     84          0.740
  2     81          0.660
  3     79          0.580
  4     77          0.500
  5     75          0.420
  6     73          0.340
  7     108         0.260
  8     107         0.260
  9     71          0.260
  10    106         0.126

Detector: BL_W60_T1.6_D20
Best Detection: 84 mmHg (confidence: 0.740)
Top 10 readings:
  Rank  Pressure    Confidence  
  ------------------------------
  1     84          0.740
  2     81          0.660
  3     79          0.580
  4     77          0.500
  5     75          0.420
  6     73          0.340
  7     71          0.260
  8     69          0.126
  9     66          0.050
  10    109         0.010

Detector: BL_W60_T1.6_D25
Best Detection: 84 mmHg (confidence: 0.740)
Top 10 readings:
  Rank  Pressure    Confidence  
  ------------------------------
  1     84          0.740
  2     81          0.660
  3     79          0.580
  4     77          0.500
  5     75          0.420
  6     73          0.340
  7     71          0.260
  8     69          0.126
  9     66          0.050
  10    102         0.010

Detector: BL_W60_T1.6_D30
Best Detection: 84 mmHg (confidence: 0.740)
Top 10 readings:
  Rank  Pressure    Confidence  
  ------------------------------
  1     84          0.740
  2     81          0.660
  3     79          0.580
  4     77          0.500
  5     75          0.420
  6     73          0.340
  7     71          0.260
  8     69          0.126
  9     66          0.050
  10    102         0.010

Detector: BL_W60_T1.6_D40
Best Detection: 84 mmHg (confidence: 0.740)
Top 10 readings:
  Rank  Pressure    Confidence  
  ------------------------------
  1     84          0.740
  2     81          0.660
  3     79          0.580
  4     77          0.500
  5     75          0.420
  6     73          0.340
  7     71          0.260
  8     69          0.126
  9     66          0.050
  10    102         0.010

Detector: BL_W60_T1.8_D2
Best Detection: 75 mmHg (confidence: 0.420)
Top 10 readings:
  Rank  Pressure    Confidence  
  ------------------------------
  1     75          0.420
  2     73          0.340
  3     83          0.260
  4     71          0.260
  5     112         0.126
  6     81          0.126
  7     68          0.126
  8     66          0.050
  9     119         0.010
  10    108         0.010

Detector: BL_W60_T1.8_D4
Best Detection: 75 mmHg (confidence: 0.420)
Top 10 readings:
  Rank  Pressure    Confidence  
  ------------------------------
  1     75          0.420
  2     73          0.340
  3     83          0.260
  4     71          0.260
  5     112         0.126
  6     81          0.126
  7     68          0.126
  8     66          0.050
  9     119         0.010
  10    108         0.010

Detector: BL_W60_T1.8_D6
Best Detection: 75 mmHg (confidence: 0.420)
Top 10 readings:
  Rank  Pressure    Confidence  
  ------------------------------
  1     75          0.420
  2     73          0.340
  3     83          0.260
  4     71          0.260
  5     112         0.126
  6     81          0.126
  7     68          0.126
  8     66          0.050
  9     119         0.010
  10    108         0.010

Detector: BL_W60_T1.8_D8
Best Detection: 75 mmHg (confidence: 0.420)
Top 10 readings:
  Rank  Pressure    Confidence  
  ------------------------------
  1     75          0.420
  2     73          0.340
  3     83          0.260
  4     71          0.260
  5     112         0.126
  6     81          0.126
  7     68          0.126
  8     66          0.050
  9     108         0.010
  10    102         0.010

Detector: BL_W60_T1.8_D10
Best Detection: 75 mmHg (confidence: 0.420)
Top 10 readings:
  Rank  Pressure    Confidence  
  ------------------------------
  1     75          0.420
  2     73          0.340
  3     83          0.260
  4     71          0.260
  5     81          0.126
  6     68          0.126
  7     66          0.050
  8     108         0.010
  9     108         0.010
  10    102         0.010

Detector: BL_W60_T1.8_D15
Best Detection: 75 mmHg (confidence: 0.420)
Top 10 readings:
  Rank  Pressure    Confidence  
  ------------------------------
  1     75          0.420
  2     73          0.340
  3     108         0.260
  4     107         0.260
  5     83          0.260
  6     71          0.260
  7     106         0.126
  8     81          0.126
  9     68          0.126
  10    66          0.050

Detector: BL_W60_T1.8_D20
Best Detection: 75 mmHg (confidence: 0.420)
Top 10 readings:
  Rank  Pressure    Confidence  
  ------------------------------
  1     75          0.420
  2     73          0.340
  3     83          0.260
  4     71          0.260
  5     81          0.126
  6     68          0.126
  7     66          0.050
  8     109         0.010
  9     102         0.010
  10    98          0.010

Detector: BL_W60_T1.8_D25
Best Detection: 75 mmHg (confidence: 0.420)
Top 10 readings:
  Rank  Pressure    Confidence  
  ------------------------------
  1     75          0.420
  2     73          0.340
  3     83          0.260
  4     71          0.260
  5     81          0.126
  6     68          0.126
  7     66          0.050
  8     102         0.010
  9     98          0.010
  10    89          0.010

Detector: BL_W60_T1.8_D30
Best Detection: 75 mmHg (confidence: 0.420)
Top 10 readings:
  Rank  Pressure    Confidence  
  ------------------------------
  1     75          0.420
  2     73          0.340
  3     83          0.260
  4     71          0.260
  5     81          0.126
  6     68          0.126
  7     66          0.050
  8     102         0.010
  9     98          0.010
  10    89          0.010

Detector: BL_W60_T1.8_D40
Best Detection: 75 mmHg (confidence: 0.420)
Top 10 readings:
  Rank  Pressure    Confidence  
  ------------------------------
  1     75          0.420
  2     73          0.340
  3     83          0.260
  4     71          0.260
  5     81          0.126
  6     68          0.126
  7     66          0.050
  8     102         0.010
  9     98          0.010
  10    89          0.010

Detector: BL_W60_T2.0_D2
Best Detection: 71 mmHg (confidence: 0.050)
Top 10 readings:
  Rank  Pressure    Confidence  
  ------------------------------
  1     71          0.050
  2     119         0.010
  3     109         0.010
  4     102         0.010
  5     98          0.010
  6     79          0.010

Detector: BL_W60_T2.0_D4
Best Detection: 71 mmHg (confidence: 0.050)
Top 10 readings:
  Rank  Pressure    Confidence  
  ------------------------------
  1     71          0.050
  2     119         0.010
  3     109         0.010
  4     102         0.010
  5     98          0.010
  6     79          0.010

Detector: BL_W60_T2.0_D6
Best Detection: 112 mmHg (confidence: 0.126)
Top 10 readings:
  Rank  Pressure    Confidence  
  ------------------------------
  1     112         0.126
  2     71          0.050
  3     119         0.010
  4     109         0.010
  5     102         0.010
  6     98          0.010
  7     79          0.010

Detector: BL_W60_T2.0_D8
Best Detection: 112 mmHg (confidence: 0.126)
Top 10 readings:
  Rank  Pressure    Confidence  
  ------------------------------
  1     112         0.126
  2     71          0.050
  3     109         0.010
  4     102         0.010
  5     98          0.010
  6     79          0.010

Detector: BL_W60_T2.0_D10
Best Detection: 71 mmHg (confidence: 0.050)
Top 10 readings:
  Rank  Pressure    Confidence  
  ------------------------------
  1     71          0.050
  2     108         0.010
  3     102         0.010
  4     98          0.010
  5     79          0.010

Detector: BL_W60_T2.0_D15
Best Detection: 108 mmHg (confidence: 0.260)
Top 10 readings:
  Rank  Pressure    Confidence  
  ------------------------------
  1     108         0.260
  2     107         0.260
  3     106         0.126
  4     71          0.050
  5     102         0.010
  6     98          0.010
  7     79          0.010

Detector: BL_W60_T2.0_D20
Best Detection: 71 mmHg (confidence: 0.050)
Top 10 readings:
  Rank  Pressure    Confidence  
  ------------------------------
  1     71          0.050
  2     109         0.010
  3     102         0.010
  4     98          0.010
  5     79          0.010

Detector: BL_W60_T2.0_D25
Best Detection: 71 mmHg (confidence: 0.050)
Top 10 readings:
  Rank  Pressure    Confidence  
  ------------------------------
  1     71          0.050
  2     102         0.010
  3     98          0.010
  4     79          0.010

Detector: BL_W60_T2.0_D30
Best Detection: 71 mmHg (confidence: 0.050)
Top 10 readings:
  Rank  Pressure    Confidence  
  ------------------------------
  1     71          0.050
  2     102         0.010
  3     98          0.010
  4     79          0.010

Detector: BL_W60_T2.0_D40
Best Detection: 71 mmHg (confidence: 0.050)
Top 10 readings:
  Rank  Pressure    Confidence  
  ------------------------------
  1     71          0.050
  2     102         0.010
  3     98          0.010
  4     79          0.010

Detector: BL_W60_T2.2_D2
Best Detection: 102 mmHg (confidence: 0.050)
Top 10 readings:
  Rank  Pressure    Confidence  
  ------------------------------
  1     102         0.050
  2     119         0.010

Detector: BL_W60_T2.2_D4
Best Detection: 102 mmHg (confidence: 0.050)
Top 10 readings:
  Rank  Pressure    Confidence  
  ------------------------------
  1     102         0.050
  2     119         0.010

Detector: BL_W60_T2.2_D6
Best Detection: 102 mmHg (confidence: 0.050)
Top 10 readings:
  Rank  Pressure    Confidence  
  ------------------------------
  1     102         0.050
  2     119         0.010
  3     112         0.010

Detector: BL_W60_T2.2_D8
Best Detection: 102 mmHg (confidence: 0.050)
Top 10 readings:
  Rank  Pressure    Confidence  
  ------------------------------
  1     102         0.050
  2     112         0.010

Detector: BL_W60_T2.2_D10
Best Detection: 102 mmHg (confidence: 0.050)
Top 10 readings:
  Rank  Pressure    Confidence  
  ------------------------------
  1     102         0.050
  2     108         0.010

Detector: BL_W60_T2.2_D15
Best Detection: 108 mmHg (confidence: 0.260)
Top 10 readings:
  Rank  Pressure    Confidence  
  ------------------------------
  1     108         0.260
  2     107         0.260
  3     106         0.126
  4     98          0.050
  5     102         0.010

Detector: BL_W60_T2.2_D20
Best Detection: 98 mmHg (confidence: 0.050)
Top 10 readings:
  Rank  Pressure    Confidence  
  ------------------------------
  1     98          0.050
  2     109         0.010
  3     102         0.010

Detector: BL_W60_T2.2_D25
Best Detection: 98 mmHg (confidence: 0.050)
Top 10 readings:
  Rank  Pressure    Confidence  
  ------------------------------
  1     98          0.050
  2     102         0.010

Detector: BL_W60_T2.2_D30
Best Detection: 102 mmHg (confidence: 0.050)
Top 10 readings:
  Rank  Pressure    Confidence  
  ------------------------------
  1     102         0.050

Detector: BL_W60_T2.2_D40
Best Detection: 102 mmHg (confidence: 0.050)
Top 10 readings:
  Rank  Pressure    Confidence  
  ------------------------------
  1     102         0.050

Detector: BL_W60_T2.4_D2
Best Detection: 102 mmHg (confidence: 0.050)
Top 10 readings:
  Rank  Pressure    Confidence  
  ------------------------------
  1     102         0.050

Detector: BL_W60_T2.4_D4
Best Detection: 102 mmHg (confidence: 0.050)
Top 10 readings:
  Rank  Pressure    Confidence  
  ------------------------------
  1     102         0.050
  2     119         0.010

Detector: BL_W60_T2.4_D6
Best Detection: 102 mmHg (confidence: 0.050)
Top 10 readings:
  Rank  Pressure    Confidence  
  ------------------------------
  1     102         0.050
  2     119         0.010
  3     112         0.010

Detector: BL_W60_T2.4_D8
Best Detection: 102 mmHg (confidence: 0.050)
Top 10 readings:
  Rank  Pressure    Confidence  
  ------------------------------
  1     102         0.050
  2     112         0.010

Detector: BL_W60_T2.4_D10
Best Detection: 102 mmHg (confidence: 0.050)
Top 10 readings:
  Rank  Pressure    Confidence  
  ------------------------------
  1     102         0.050
  2     108         0.010

Detector: BL_W60_T2.4_D15
Best Detection: 108 mmHg (confidence: 0.260)
Top 10 readings:
  Rank  Pressure    Confidence  
  ------------------------------
  1     108         0.260
  2     107         0.260
  3     106         0.126
  4     98          0.050
  5     102         0.010

Detector: BL_W60_T2.4_D20
Best Detection: 98 mmHg (confidence: 0.050)
Top 10 readings:
  Rank  Pressure    Confidence  
  ------------------------------
  1     98          0.050
  2     109         0.010
  3     102         0.010

Detector: BL_W60_T2.4_D25
Best Detection: 98 mmHg (confidence: 0.050)
Top 10 readings:
  Rank  Pressure    Confidence  
  ------------------------------
  1     98          0.050
  2     102         0.010

Detector: BL_W60_T2.4_D30
Best Detection: 102 mmHg (confidence: 0.050)
Top 10 readings:
  Rank  Pressure    Confidence  
  ------------------------------
  1     102         0.050

Detector: BL_W60_T2.4_D40
Best Detection: 102 mmHg (confidence: 0.050)
Top 10 readings:
  Rank  Pressure    Confidence  
  ------------------------------
  1     102         0.050

Detector: BL_W60_T2.6_D2
Best Detection: 102 mmHg (confidence: 0.050)
Top 10 readings:
  Rank  Pressure    Confidence  
  ------------------------------
  1     102         0.050

Detector: BL_W60_T2.6_D4
Best Detection: 102 mmHg (confidence: 0.050)
Top 10 readings:
  Rank  Pressure    Confidence  
  ------------------------------
  1     102         0.050
  2     119         0.010

Detector: BL_W60_T2.6_D6
Best Detection: 102 mmHg (confidence: 0.050)
Top 10 readings:
  Rank  Pressure    Confidence  
  ------------------------------
  1     102         0.050
  2     119         0.010
  3     112         0.010

Detector: BL_W60_T2.6_D8
Best Detection: 102 mmHg (confidence: 0.050)
Top 10 readings:
  Rank  Pressure    Confidence  
  ------------------------------
  1     102         0.050
  2     112         0.010

Detector: BL_W60_T2.6_D10
Best Detection: 102 mmHg (confidence: 0.050)
Top 10 readings:
  Rank  Pressure    Confidence  
  ------------------------------
  1     102         0.050
  2     108         0.010

Detector: BL_W60_T2.6_D15
Best Detection: 108 mmHg (confidence: 0.260)
Top 10 readings:
  Rank  Pressure    Confidence  
  ------------------------------
  1     108         0.260
  2     107         0.260
  3     106         0.126
  4     98          0.050
  5     102         0.010

Detector: BL_W60_T2.6_D20
Best Detection: 98 mmHg (confidence: 0.050)
Top 10 readings:
  Rank  Pressure    Confidence  
  ------------------------------
  1     98          0.050
  2     109         0.010
  3     102         0.010

Detector: BL_W60_T2.6_D25
Best Detection: 98 mmHg (confidence: 0.050)
Top 10 readings:
  Rank  Pressure    Confidence  
  ------------------------------
  1     98          0.050
  2     102         0.010

Detector: BL_W60_T2.6_D30
Best Detection: 102 mmHg (confidence: 0.050)
Top 10 readings:
  Rank  Pressure    Confidence  
  ------------------------------
  1     102         0.050

Detector: BL_W60_T2.6_D40
Best Detection: 102 mmHg (confidence: 0.050)
Top 10 readings:
  Rank  Pressure    Confidence  
  ------------------------------
  1     102         0.050

Detector: BL_W60_T2.8_D2
Best Detection: 102 mmHg (confidence: 0.050)
Top 10 readings:
  Rank  Pressure    Confidence  
  ------------------------------
  1     102         0.050

Detector: BL_W60_T2.8_D4
Best Detection: 102 mmHg (confidence: 0.050)
Top 10 readings:
  Rank  Pressure    Confidence  
  ------------------------------
  1     102         0.050
  2     119         0.010

Detector: BL_W60_T2.8_D6
Best Detection: 102 mmHg (confidence: 0.050)
Top 10 readings:
  Rank  Pressure    Confidence  
  ------------------------------
  1     102         0.050
  2     119         0.010
  3     112         0.010

Detector: BL_W60_T2.8_D8
Best Detection: 102 mmHg (confidence: 0.050)
Top 10 readings:
  Rank  Pressure    Confidence  
  ------------------------------
  1     102         0.050
  2     112         0.010

Detector: BL_W60_T2.8_D10
Best Detection: 102 mmHg (confidence: 0.050)
Top 10 readings:
  Rank  Pressure    Confidence  
  ------------------------------
  1     102         0.050
  2     108         0.010

Detector: BL_W60_T2.8_D15
Best Detection: 108 mmHg (confidence: 0.260)
Top 10 readings:
  Rank  Pressure    Confidence  
  ------------------------------
  1     108         0.260
  2     107         0.260
  3     106         0.126
  4     98          0.050
  5     102         0.010

Detector: BL_W60_T2.8_D20
Best Detection: 98 mmHg (confidence: 0.050)
Top 10 readings:
  Rank  Pressure    Confidence  
  ------------------------------
  1     98          0.050
  2     109         0.010
  3     102         0.010

Detector: BL_W60_T2.8_D25
Best Detection: 98 mmHg (confidence: 0.050)
Top 10 readings:
  Rank  Pressure    Confidence  
  ------------------------------
  1     98          0.050
  2     102         0.010

Detector: BL_W60_T2.8_D30
Best Detection: 102 mmHg (confidence: 0.050)
Top 10 readings:
  Rank  Pressure    Confidence  
  ------------------------------
  1     102         0.050

Detector: BL_W60_T2.8_D40
Best Detection: 102 mmHg (confidence: 0.050)
Top 10 readings:
  Rank  Pressure    Confidence  
  ------------------------------
  1     102         0.050

Detector: BL_W60_T3.0_D2
Best Detection: 102 mmHg (confidence: 0.050)
Top 10 readings:
  Rank  Pressure    Confidence  
  ------------------------------
  1     102         0.050

Detector: BL_W60_T3.0_D4
Best Detection: 102 mmHg (confidence: 0.050)
Top 10 readings:
  Rank  Pressure    Confidence  
  ------------------------------
  1     102         0.050
  2     119         0.010

Detector: BL_W60_T3.0_D6
Best Detection: 102 mmHg (confidence: 0.050)
Top 10 readings:
  Rank  Pressure    Confidence  
  ------------------------------
  1     102         0.050
  2     119         0.010
  3     112         0.010

Detector: BL_W60_T3.0_D8
Best Detection: 102 mmHg (confidence: 0.050)
Top 10 readings:
  Rank  Pressure    Confidence  
  ------------------------------
  1     102         0.050
  2     112         0.010

Detector: BL_W60_T3.0_D10
Best Detection: 102 mmHg (confidence: 0.050)
Top 10 readings:
  Rank  Pressure    Confidence  
  ------------------------------
  1     102         0.050
  2     108         0.010

Detector: BL_W60_T3.0_D15
Best Detection: 108 mmHg (confidence: 0.260)
Top 10 readings:
  Rank  Pressure    Confidence  
  ------------------------------
  1     108         0.260
  2     107         0.260
  3     106         0.126
  4     102         0.050

Detector: BL_W60_T3.0_D20
Best Detection: 102 mmHg (confidence: 0.050)
Top 10 readings:
  Rank  Pressure    Confidence  
  ------------------------------
  1     102         0.050
  2     109         0.010

Detector: BL_W60_T3.0_D25
Best Detection: 102 mmHg (confidence: 0.050)
Top 10 readings:
  Rank  Pressure    Confidence  
  ------------------------------
  1     102         0.050

Detector: BL_W60_T3.0_D30
Best Detection: 102 mmHg (confidence: 0.050)
Top 10 readings:
  Rank  Pressure    Confidence  
  ------------------------------
  1     102         0.050

Detector: BL_W60_T3.0_D40
Best Detection: 102 mmHg (confidence: 0.050)
Top 10 readings:
  Rank  Pressure    Confidence  
  ------------------------------
  1     102         0.050

Detector: BL_W70_T1.2_D2
Best Detection: 92 mmHg (confidence: 0.900)
Top 10 readings:
  Rank  Pressure    Confidence  
  ------------------------------
  1     92          0.900
  2     89          0.820
  3     86          0.740
  4     84          0.660
  5     82          0.580
  6     79          0.500
  7     111         0.420
  8     77          0.420
  9     108         0.340
  10    108         0.340

Detector: BL_W70_T1.2_D4
Best Detection: 92 mmHg (confidence: 0.900)
Top 10 readings:
  Rank  Pressure    Confidence  
  ------------------------------
  1     92          0.900
  2     89          0.820
  3     86          0.740
  4     84          0.660
  5     82          0.580
  6     79          0.500
  7     111         0.420
  8     77          0.420
  9     108         0.340
  10    108         0.340

Detector: BL_W70_T1.2_D6
Best Detection: 92 mmHg (confidence: 0.980)
Top 10 readings:
  Rank  Pressure    Confidence  
  ------------------------------
  1     92          0.980
  2     89          0.900
  3     86          0.820
  4     84          0.740
  5     82          0.660
  6     79          0.580
  7     77          0.500
  8     75          0.420
  9     108         0.340
  10    108         0.340

Detector: BL_W70_T1.2_D8
Best Detection: 92 mmHg (confidence: 0.980)
Top 10 readings:
  Rank  Pressure    Confidence  
  ------------------------------
  1     92          0.980
  2     89          0.900
  3     86          0.820
  4     84          0.740
  5     82          0.660
  6     79          0.580
  7     77          0.500
  8     75          0.420
  9     108         0.340
  10    108         0.340

Detector: BL_W70_T1.2_D10
Best Detection: 92 mmHg (confidence: 0.980)
Top 10 readings:
  Rank  Pressure    Confidence  
  ------------------------------
  1     92          0.980
  2     89          0.900
  3     86          0.820
  4     84          0.740
  5     82          0.660
  6     79          0.580
  7     77          0.500
  8     75          0.420
  9     108         0.340
  10    108         0.340

Detector: BL_W70_T1.2_D15
Best Detection: 92 mmHg (confidence: 0.980)
Top 10 readings:
  Rank  Pressure    Confidence  
  ------------------------------
  1     92          0.980
  2     89          0.900
  3     86          0.820
  4     84          0.740
  5     82          0.660
  6     79          0.580
  7     77          0.500
  8     75          0.420
  9     108         0.340
  10    107         0.340

Detector: BL_W70_T1.2_D20
Best Detection: 92 mmHg (confidence: 0.980)
Top 10 readings:
  Rank  Pressure    Confidence  
  ------------------------------
  1     92          0.980
  2     89          0.900
  3     86          0.820
  4     84          0.740
  5     82          0.660
  6     79          0.580
  7     77          0.500
  8     75          0.420
  9     73          0.340
  10    71          0.260

Detector: BL_W70_T1.2_D25
Best Detection: 92 mmHg (confidence: 0.980)
Top 10 readings:
  Rank  Pressure    Confidence  
  ------------------------------
  1     92          0.980
  2     89          0.900
  3     86          0.820
  4     84          0.740
  5     82          0.660
  6     79          0.580
  7     77          0.500
  8     75          0.420
  9     73          0.340
  10    71          0.260

Detector: BL_W70_T1.2_D30
Best Detection: 92 mmHg (confidence: 0.980)
Top 10 readings:
  Rank  Pressure    Confidence  
  ------------------------------
  1     92          0.980
  2     89          0.900
  3     86          0.820
  4     84          0.740
  5     82          0.660
  6     79          0.580
  7     77          0.500
  8     75          0.420
  9     73          0.340
  10    71          0.260

Detector: BL_W70_T1.2_D40
Best Detection: 92 mmHg (confidence: 0.980)
Top 10 readings:
  Rank  Pressure    Confidence  
  ------------------------------
  1     92          0.980
  2     89          0.900
  3     86          0.820
  4     84          0.740
  5     82          0.660
  6     79          0.580
  7     77          0.500
  8     75          0.420
  9     73          0.340
  10    71          0.260

Detector: BL_W70_T1.4_D2
Best Detection: 89 mmHg (confidence: 0.900)
Top 10 readings:
  Rank  Pressure    Confidence  
  ------------------------------
  1     89          0.900
  2     85          0.820
  3     84          0.740
  4     81          0.660
  5     79          0.580
  6     77          0.500
  7     75          0.420
  8     108         0.340
  9     108         0.340
  10    73          0.340

Detector: BL_W70_T1.4_D4
Best Detection: 89 mmHg (confidence: 0.900)
Top 10 readings:
  Rank  Pressure    Confidence  
  ------------------------------
  1     89          0.900
  2     85          0.820
  3     84          0.740
  4     81          0.660
  5     79          0.580
  6     77          0.500
  7     75          0.420
  8     108         0.340
  9     108         0.340
  10    73          0.340

Detector: BL_W70_T1.4_D6
Best Detection: 89 mmHg (confidence: 0.900)
Top 10 readings:
  Rank  Pressure    Confidence  
  ------------------------------
  1     89          0.900
  2     85          0.820
  3     84          0.740
  4     81          0.660
  5     79          0.580
  6     77          0.500
  7     75          0.420
  8     108         0.340
  9     108         0.340
  10    73          0.340

Detector: BL_W70_T1.4_D8
Best Detection: 89 mmHg (confidence: 0.900)
Top 10 readings:
  Rank  Pressure    Confidence  
  ------------------------------
  1     89          0.900
  2     85          0.820
  3     84          0.740
  4     81          0.660
  5     79          0.580
  6     77          0.500
  7     75          0.420
  8     108         0.340
  9     108         0.340
  10    73          0.340

Detector: BL_W70_T1.4_D10
Best Detection: 89 mmHg (confidence: 0.900)
Top 10 readings:
  Rank  Pressure    Confidence  
  ------------------------------
  1     89          0.900
  2     85          0.820
  3     84          0.740
  4     81          0.660
  5     79          0.580
  6     77          0.500
  7     75          0.420
  8     108         0.340
  9     108         0.340
  10    73          0.340

Detector: BL_W70_T1.4_D15
Best Detection: 89 mmHg (confidence: 0.900)
Top 10 readings:
  Rank  Pressure    Confidence  
  ------------------------------
  1     89          0.900
  2     85          0.820
  3     84          0.740
  4     81          0.660
  5     79          0.580
  6     77          0.500
  7     75          0.420
  8     108         0.340
  9     107         0.340
  10    73          0.340

Detector: BL_W70_T1.4_D20
Best Detection: 89 mmHg (confidence: 0.900)
Top 10 readings:
  Rank  Pressure    Confidence  
  ------------------------------
  1     89          0.900
  2     85          0.820
  3     84          0.740
  4     81          0.660
  5     79          0.580
  6     77          0.500
  7     75          0.420
  8     73          0.340
  9     71          0.260
  10    102         0.126

Detector: BL_W70_T1.4_D25
Best Detection: 89 mmHg (confidence: 0.900)
Top 10 readings:
  Rank  Pressure    Confidence  
  ------------------------------
  1     89          0.900
  2     85          0.820
  3     84          0.740
  4     81          0.660
  5     79          0.580
  6     77          0.500
  7     75          0.420
  8     73          0.340
  9     71          0.260
  10    102         0.126

Detector: BL_W70_T1.4_D30
Best Detection: 89 mmHg (confidence: 0.900)
Top 10 readings:
  Rank  Pressure    Confidence  
  ------------------------------
  1     89          0.900
  2     85          0.820
  3     84          0.740
  4     81          0.660
  5     79          0.580
  6     77          0.500
  7     75          0.420
  8     73          0.340
  9     71          0.260
  10    102         0.126

Detector: BL_W70_T1.4_D40
Best Detection: 89 mmHg (confidence: 0.900)
Top 10 readings:
  Rank  Pressure    Confidence  
  ------------------------------
  1     89          0.900
  2     85          0.820
  3     84          0.740
  4     81          0.660
  5     79          0.580
  6     77          0.500
  7     75          0.420
  8     73          0.340
  9     71          0.260
  10    102         0.126

Detector: BL_W70_T1.6_D2
Best Detection: 84 mmHg (confidence: 0.740)
Top 10 readings:
  Rank  Pressure    Confidence  
  ------------------------------
  1     84          0.740
  2     81          0.660
  3     79          0.580
  4     77          0.500
  5     75          0.420
  6     73          0.340
  7     71          0.260
  8     112         0.126
  9     102         0.126
  10    98          0.126

Detector: BL_W70_T1.6_D4
Best Detection: 84 mmHg (confidence: 0.740)
Top 10 readings:
  Rank  Pressure    Confidence  
  ------------------------------
  1     84          0.740
  2     81          0.660
  3     79          0.580
  4     77          0.500
  5     75          0.420
  6     73          0.340
  7     71          0.260
  8     112         0.126
  9     102         0.126
  10    98          0.126

Detector: BL_W70_T1.6_D6
Best Detection: 84 mmHg (confidence: 0.740)
Top 10 readings:
  Rank  Pressure    Confidence  
  ------------------------------
  1     84          0.740
  2     81          0.660
  3     79          0.580
  4     77          0.500
  5     75          0.420
  6     73          0.340
  7     71          0.260
  8     112         0.126
  9     102         0.126
  10    98          0.126

Detector: BL_W70_T1.6_D8
Best Detection: 84 mmHg (confidence: 0.740)
Top 10 readings:
  Rank  Pressure    Confidence  
  ------------------------------
  1     84          0.740
  2     81          0.660
  3     79          0.580
  4     77          0.500
  5     75          0.420
  6     73          0.340
  7     71          0.260
  8     112         0.126
  9     102         0.126
  10    98          0.126

Detector: BL_W70_T1.6_D10
Best Detection: 84 mmHg (confidence: 0.740)
Top 10 readings:
  Rank  Pressure    Confidence  
  ------------------------------
  1     84          0.740
  2     81          0.660
  3     79          0.580
  4     77          0.500
  5     75          0.420
  6     73          0.340
  7     71          0.260
  8     111         0.126
  9     102         0.126
  10    98          0.126

Detector: BL_W70_T1.6_D15
Best Detection: 84 mmHg (confidence: 0.740)
Top 10 readings:
  Rank  Pressure    Confidence  
  ------------------------------
  1     84          0.740
  2     81          0.660
  3     79          0.580
  4     77          0.500
  5     75          0.420
  6     108         0.340
  7     107         0.340
  8     73          0.340
  9     106         0.260
  10    71          0.260

Detector: BL_W70_T1.6_D20
Best Detection: 84 mmHg (confidence: 0.740)
Top 10 readings:
  Rank  Pressure    Confidence  
  ------------------------------
  1     84          0.740
  2     81          0.660
  3     79          0.580
  4     77          0.500
  5     75          0.420
  6     73          0.340
  7     71          0.260
  8     102         0.126
  9     98          0.126
  10    69          0.126

Detector: BL_W70_T1.6_D25
Best Detection: 84 mmHg (confidence: 0.740)
Top 10 readings:
  Rank  Pressure    Confidence  
  ------------------------------
  1     84          0.740
  2     81          0.660
  3     79          0.580
  4     77          0.500
  5     75          0.420
  6     73          0.340
  7     71          0.260
  8     102         0.126
  9     98          0.126
  10    69          0.126

Detector: BL_W70_T1.6_D30
Best Detection: 84 mmHg (confidence: 0.740)
Top 10 readings:
  Rank  Pressure    Confidence  
  ------------------------------
  1     84          0.740
  2     81          0.660
  3     79          0.580
  4     77          0.500
  5     75          0.420
  6     73          0.340
  7     71          0.260
  8     102         0.126
  9     98          0.126
  10    69          0.126

Detector: BL_W70_T1.6_D40
Best Detection: 84 mmHg (confidence: 0.740)
Top 10 readings:
  Rank  Pressure    Confidence  
  ------------------------------
  1     84          0.740
  2     81          0.660
  3     79          0.580
  4     77          0.500
  5     75          0.420
  6     73          0.340
  7     71          0.260
  8     102         0.126
  9     98          0.126
  10    69          0.126

Detector: BL_W70_T1.8_D2
Best Detection: 73 mmHg (confidence: 0.340)
Top 10 readings:
  Rank  Pressure    Confidence  
  ------------------------------
  1     73          0.340
  2     83          0.260
  3     71          0.260
  4     112         0.126
  5     81          0.126
  6     68          0.126
  7     66          0.050
  8     108         0.010
  9     102         0.010
  10    98          0.010

Detector: BL_W70_T1.8_D4
Best Detection: 73 mmHg (confidence: 0.340)
Top 10 readings:
  Rank  Pressure    Confidence  
  ------------------------------
  1     73          0.340
  2     83          0.260
  3     71          0.260
  4     112         0.126
  5     81          0.126
  6     68          0.126
  7     66          0.050
  8     108         0.010
  9     102         0.010
  10    98          0.010

Detector: BL_W70_T1.8_D6
Best Detection: 73 mmHg (confidence: 0.340)
Top 10 readings:
  Rank  Pressure    Confidence  
  ------------------------------
  1     73          0.340
  2     83          0.260
  3     71          0.260
  4     112         0.126
  5     81          0.126
  6     68          0.126
  7     66          0.050
  8     108         0.010
  9     102         0.010
  10    98          0.010

Detector: BL_W70_T1.8_D8
Best Detection: 73 mmHg (confidence: 0.340)
Top 10 readings:
  Rank  Pressure    Confidence  
  ------------------------------
  1     73          0.340
  2     83          0.260
  3     71          0.260
  4     112         0.126
  5     81          0.126
  6     68          0.126
  7     66          0.050
  8     108         0.010
  9     108         0.010
  10    102         0.010

Detector: BL_W70_T1.8_D10
Best Detection: 73 mmHg (confidence: 0.340)
Top 10 readings:
  Rank  Pressure    Confidence  
  ------------------------------
  1     73          0.340
  2     83          0.260
  3     71          0.260
  4     111         0.126
  5     81          0.126
  6     68          0.126
  7     66          0.050
  8     108         0.010
  9     108         0.010
  10    102         0.010

Detector: BL_W70_T1.8_D15
Best Detection: 73 mmHg (confidence: 0.340)
Top 10 readings:
  Rank  Pressure    Confidence  
  ------------------------------
  1     73          0.340
  2     108         0.260
  3     107         0.260
  4     83          0.260
  5     71          0.260
  6     106         0.126
  7     81          0.126
  8     68          0.126
  9     66          0.050
  10    102         0.010

Detector: BL_W70_T1.8_D20
Best Detection: 73 mmHg (confidence: 0.340)
Top 10 readings:
  Rank  Pressure    Confidence  
  ------------------------------
  1     73          0.340
  2     83          0.260
  3     71          0.260
  4     81          0.126
  5     68          0.126
  6     66          0.050
  7     109         0.010
  8     102         0.010
  9     98          0.010
  10    89          0.010

Detector: BL_W70_T1.8_D25
Best Detection: 73 mmHg (confidence: 0.340)
Top 10 readings:
  Rank  Pressure    Confidence  
  ------------------------------
  1     73          0.340
  2     83          0.260
  3     71          0.260
  4     81          0.126
  5     68          0.126
  6     66          0.050
  7     102         0.010
  8     98          0.010
  9     89          0.010
  10    79          0.010

Detector: BL_W70_T1.8_D30
Best Detection: 73 mmHg (confidence: 0.340)
Top 10 readings:
  Rank  Pressure    Confidence  
  ------------------------------
  1     73          0.340
  2     83          0.260
  3     71          0.260
  4     81          0.126
  5     68          0.126
  6     66          0.050
  7     102         0.010
  8     98          0.010
  9     89          0.010
  10    79          0.010

Detector: BL_W70_T1.8_D40
Best Detection: 73 mmHg (confidence: 0.340)
Top 10 readings:
  Rank  Pressure    Confidence  
  ------------------------------
  1     73          0.340
  2     83          0.260
  3     71          0.260
  4     81          0.126
  5     68          0.126
  6     66          0.050
  7     102         0.010
  8     98          0.010
  9     89          0.010
  10    79          0.010

Detector: BL_W70_T2.0_D2
Best Detection: 111 mmHg (confidence: 0.126)
Top 10 readings:
  Rank  Pressure    Confidence  
  ------------------------------
  1     111         0.126
  2     66          0.050
  3     108         0.010
  4     102         0.010
  5     98          0.010
  6     71          0.010

Detector: BL_W70_T2.0_D4
Best Detection: 111 mmHg (confidence: 0.126)
Top 10 readings:
  Rank  Pressure    Confidence  
  ------------------------------
  1     111         0.126
  2     66          0.050
  3     108         0.010
  4     102         0.010
  5     98          0.010
  6     71          0.010

Detector: BL_W70_T2.0_D6
Best Detection: 112 mmHg (confidence: 0.126)
Top 10 readings:
  Rank  Pressure    Confidence  
  ------------------------------
  1     112         0.126
  2     66          0.050
  3     108         0.010
  4     102         0.010
  5     98          0.010
  6     71          0.010

Detector: BL_W70_T2.0_D8
Best Detection: 112 mmHg (confidence: 0.126)
Top 10 readings:
  Rank  Pressure    Confidence  
  ------------------------------
  1     112         0.126
  2     66          0.050
  3     108         0.010
  4     108         0.010
  5     102         0.010
  6     98          0.010
  7     71          0.010

Detector: BL_W70_T2.0_D10
Best Detection: 111 mmHg (confidence: 0.126)
Top 10 readings:
  Rank  Pressure    Confidence  
  ------------------------------
  1     111         0.126
  2     66          0.050
  3     108         0.010
  4     108         0.010
  5     102         0.010
  6     98          0.010
  7     71          0.010

Detector: BL_W70_T2.0_D15
Best Detection: 108 mmHg (confidence: 0.260)
Top 10 readings:
  Rank  Pressure    Confidence  
  ------------------------------
  1     108         0.260
  2     107         0.260
  3     106         0.126
  4     66          0.050
  5     102         0.010
  6     98          0.010
  7     71          0.010

Detector: BL_W70_T2.0_D20
Best Detection: 66 mmHg (confidence: 0.050)
Top 10 readings:
  Rank  Pressure    Confidence  
  ------------------------------
  1     66          0.050
  2     109         0.010
  3     102         0.010
  4     98          0.010
  5     71          0.010

Detector: BL_W70_T2.0_D25
Best Detection: 66 mmHg (confidence: 0.050)
Top 10 readings:
  Rank  Pressure    Confidence  
  ------------------------------
  1     66          0.050
  2     102         0.010
  3     98          0.010
  4     71          0.010

Detector: BL_W70_T2.0_D30
Best Detection: 66 mmHg (confidence: 0.050)
Top 10 readings:
  Rank  Pressure    Confidence  
  ------------------------------
  1     66          0.050
  2     102         0.010
  3     98          0.010
  4     71          0.010

Detector: BL_W70_T2.0_D40
Best Detection: 66 mmHg (confidence: 0.050)
Top 10 readings:
  Rank  Pressure    Confidence  
  ------------------------------
  1     66          0.050
  2     102         0.010
  3     98          0.010
  4     71          0.010

Detector: BL_W70_T2.2_D2
Best Detection: 98 mmHg (confidence: 0.050)
Top 10 readings:
  Rank  Pressure    Confidence  
  ------------------------------
  1     98          0.050
  2     102         0.010

Detector: BL_W70_T2.2_D4
Best Detection: 98 mmHg (confidence: 0.050)
Top 10 readings:
  Rank  Pressure    Confidence  
  ------------------------------
  1     98          0.050
  2     102         0.010

Detector: BL_W70_T2.2_D6
Best Detection: 98 mmHg (confidence: 0.050)
Top 10 readings:
  Rank  Pressure    Confidence  
  ------------------------------
  1     98          0.050
  2     112         0.010
  3     102         0.010

Detector: BL_W70_T2.2_D8
Best Detection: 112 mmHg (confidence: 0.126)
Top 10 readings:
  Rank  Pressure    Confidence  
  ------------------------------
  1     112         0.126
  2     98          0.050
  3     108         0.010
  4     102         0.010

Detector: BL_W70_T2.2_D10
Best Detection: 111 mmHg (confidence: 0.126)
Top 10 readings:
  Rank  Pressure    Confidence  
  ------------------------------
  1     111         0.126
  2     98          0.050
  3     108         0.010
  4     102         0.010

Detector: BL_W70_T2.2_D15
Best Detection: 108 mmHg (confidence: 0.260)
Top 10 readings:
  Rank  Pressure    Confidence  
  ------------------------------
  1     108         0.260
  2     107         0.260
  3     106         0.126
  4     98          0.050
  5     102         0.010

Detector: BL_W70_T2.2_D20
Best Detection: 98 mmHg (confidence: 0.050)
Top 10 readings:
  Rank  Pressure    Confidence  
  ------------------------------
  1     98          0.050
  2     109         0.010
  3     102         0.010

Detector: BL_W70_T2.2_D25
Best Detection: 98 mmHg (confidence: 0.050)
Top 10 readings:
  Rank  Pressure    Confidence  
  ------------------------------
  1     98          0.050
  2     102         0.010

Detector: BL_W70_T2.2_D30
Best Detection: 98 mmHg (confidence: 0.050)
Top 10 readings:
  Rank  Pressure    Confidence  
  ------------------------------
  1     98          0.050
  2     102         0.010

Detector: BL_W70_T2.2_D40
Best Detection: 98 mmHg (confidence: 0.050)
Top 10 readings:
  Rank  Pressure    Confidence  
  ------------------------------
  1     98          0.050
  2     102         0.010

Detector: BL_W70_T2.4_D2
Best Detection: 102 mmHg (confidence: 0.050)
Top 10 readings:
  Rank  Pressure    Confidence  
  ------------------------------
  1     102         0.050

Detector: BL_W70_T2.4_D4
Best Detection: 102 mmHg (confidence: 0.050)
Top 10 readings:
  Rank  Pressure    Confidence  
  ------------------------------
  1     102         0.050

Detector: BL_W70_T2.4_D6
Best Detection: 102 mmHg (confidence: 0.050)
Top 10 readings:
  Rank  Pressure    Confidence  
  ------------------------------
  1     102         0.050
  2     112         0.010

Detector: BL_W70_T2.4_D8
Best Detection: 112 mmHg (confidence: 0.126)
Top 10 readings:
  Rank  Pressure    Confidence  
  ------------------------------
  1     112         0.126
  2     102         0.050
  3     108         0.010

Detector: BL_W70_T2.4_D10
Best Detection: 111 mmHg (confidence: 0.126)
Top 10 readings:
  Rank  Pressure    Confidence  
  ------------------------------
  1     111         0.126
  2     102         0.050
  3     108         0.010

Detector: BL_W70_T2.4_D15
Best Detection: 108 mmHg (confidence: 0.260)
Top 10 readings:
  Rank  Pressure    Confidence  
  ------------------------------
  1     108         0.260
  2     107         0.260
  3     106         0.126
  4     98          0.050
  5     102         0.010

Detector: BL_W70_T2.4_D20
Best Detection: 98 mmHg (confidence: 0.050)
Top 10 readings:
  Rank  Pressure    Confidence  
  ------------------------------
  1     98          0.050
  2     109         0.010
  3     102         0.010

Detector: BL_W70_T2.4_D25
Best Detection: 98 mmHg (confidence: 0.050)
Top 10 readings:
  Rank  Pressure    Confidence  
  ------------------------------
  1     98          0.050
  2     102         0.010

Detector: BL_W70_T2.4_D30
Best Detection: 102 mmHg (confidence: 0.050)
Top 10 readings:
  Rank  Pressure    Confidence  
  ------------------------------
  1     102         0.050

Detector: BL_W70_T2.4_D40
Best Detection: 102 mmHg (confidence: 0.050)
Top 10 readings:
  Rank  Pressure    Confidence  
  ------------------------------
  1     102         0.050

Detector: BL_W70_T2.6_D2
Best Detection: 102 mmHg (confidence: 0.050)
Top 10 readings:
  Rank  Pressure    Confidence  
  ------------------------------
  1     102         0.050

Detector: BL_W70_T2.6_D4
Best Detection: 102 mmHg (confidence: 0.050)
Top 10 readings:
  Rank  Pressure    Confidence  
  ------------------------------
  1     102         0.050

Detector: BL_W70_T2.6_D6
Best Detection: 102 mmHg (confidence: 0.050)
Top 10 readings:
  Rank  Pressure    Confidence  
  ------------------------------
  1     102         0.050
  2     112         0.010

Detector: BL_W70_T2.6_D8
Best Detection: 112 mmHg (confidence: 0.126)
Top 10 readings:
  Rank  Pressure    Confidence  
  ------------------------------
  1     112         0.126
  2     102         0.050
  3     108         0.010

Detector: BL_W70_T2.6_D10
Best Detection: 111 mmHg (confidence: 0.126)
Top 10 readings:
  Rank  Pressure    Confidence  
  ------------------------------
  1     111         0.126
  2     102         0.050
  3     108         0.010

Detector: BL_W70_T2.6_D15
Best Detection: 108 mmHg (confidence: 0.260)
Top 10 readings:
  Rank  Pressure    Confidence  
  ------------------------------
  1     108         0.260
  2     107         0.260
  3     106         0.126
  4     98          0.050
  5     102         0.010

Detector: BL_W70_T2.6_D20
Best Detection: 98 mmHg (confidence: 0.050)
Top 10 readings:
  Rank  Pressure    Confidence  
  ------------------------------
  1     98          0.050
  2     109         0.010
  3     102         0.010

Detector: BL_W70_T2.6_D25
Best Detection: 98 mmHg (confidence: 0.050)
Top 10 readings:
  Rank  Pressure    Confidence  
  ------------------------------
  1     98          0.050
  2     102         0.010

Detector: BL_W70_T2.6_D30
Best Detection: 102 mmHg (confidence: 0.050)
Top 10 readings:
  Rank  Pressure    Confidence  
  ------------------------------
  1     102         0.050

Detector: BL_W70_T2.6_D40
Best Detection: 102 mmHg (confidence: 0.050)
Top 10 readings:
  Rank  Pressure    Confidence  
  ------------------------------
  1     102         0.050

Detector: BL_W70_T2.8_D2
Best Detection: 102 mmHg (confidence: 0.050)
Top 10 readings:
  Rank  Pressure    Confidence  
  ------------------------------
  1     102         0.050

Detector: BL_W70_T2.8_D4
Best Detection: 102 mmHg (confidence: 0.050)
Top 10 readings:
  Rank  Pressure    Confidence  
  ------------------------------
  1     102         0.050

Detector: BL_W70_T2.8_D6
Best Detection: 102 mmHg (confidence: 0.050)
Top 10 readings:
  Rank  Pressure    Confidence  
  ------------------------------
  1     102         0.050
  2     112         0.010

Detector: BL_W70_T2.8_D8
Best Detection: 112 mmHg (confidence: 0.126)
Top 10 readings:
  Rank  Pressure    Confidence  
  ------------------------------
  1     112         0.126
  2     102         0.050
  3     108         0.010

Detector: BL_W70_T2.8_D10
Best Detection: 111 mmHg (confidence: 0.126)
Top 10 readings:
  Rank  Pressure    Confidence  
  ------------------------------
  1     111         0.126
  2     102         0.050
  3     108         0.010

Detector: BL_W70_T2.8_D15
Best Detection: 108 mmHg (confidence: 0.260)
Top 10 readings:
  Rank  Pressure    Confidence  
  ------------------------------
  1     108         0.260
  2     107         0.260
  3     106         0.126
  4     98          0.050
  5     102         0.010

Detector: BL_W70_T2.8_D20
Best Detection: 98 mmHg (confidence: 0.050)
Top 10 readings:
  Rank  Pressure    Confidence  
  ------------------------------
  1     98          0.050
  2     109         0.010
  3     102         0.010

Detector: BL_W70_T2.8_D25
Best Detection: 98 mmHg (confidence: 0.050)
Top 10 readings:
  Rank  Pressure    Confidence  
  ------------------------------
  1     98          0.050
  2     102         0.010

Detector: BL_W70_T2.8_D30
Best Detection: 102 mmHg (confidence: 0.050)
Top 10 readings:
  Rank  Pressure    Confidence  
  ------------------------------
  1     102         0.050

Detector: BL_W70_T2.8_D40
Best Detection: 102 mmHg (confidence: 0.050)
Top 10 readings:
  Rank  Pressure    Confidence  
  ------------------------------
  1     102         0.050

Detector: BL_W70_T3.0_D2
Best Detection: 102 mmHg (confidence: 0.050)
Top 10 readings:
  Rank  Pressure    Confidence  
  ------------------------------
  1     102         0.050

Detector: BL_W70_T3.0_D4
Best Detection: 102 mmHg (confidence: 0.050)
Top 10 readings:
  Rank  Pressure    Confidence  
  ------------------------------
  1     102         0.050

Detector: BL_W70_T3.0_D6
Best Detection: 102 mmHg (confidence: 0.050)
Top 10 readings:
  Rank  Pressure    Confidence  
  ------------------------------
  1     102         0.050
  2     112         0.010

Detector: BL_W70_T3.0_D8
Best Detection: 112 mmHg (confidence: 0.126)
Top 10 readings:
  Rank  Pressure    Confidence  
  ------------------------------
  1     112         0.126
  2     102         0.050
  3     108         0.010

Detector: BL_W70_T3.0_D10
Best Detection: 111 mmHg (confidence: 0.126)
Top 10 readings:
  Rank  Pressure    Confidence  
  ------------------------------
  1     111         0.126
  2     102         0.050
  3     108         0.010

Detector: BL_W70_T3.0_D15
Best Detection: 108 mmHg (confidence: 0.260)
Top 10 readings:
  Rank  Pressure    Confidence  
  ------------------------------
  1     108         0.260
  2     107         0.260
  3     106         0.126
  4     98          0.050
  5     102         0.010

Detector: BL_W70_T3.0_D20
Best Detection: 98 mmHg (confidence: 0.050)
Top 10 readings:
  Rank  Pressure    Confidence  
  ------------------------------
  1     98          0.050
  2     109         0.010
  3     102         0.010

Detector: BL_W70_T3.0_D25
Best Detection: 98 mmHg (confidence: 0.050)
Top 10 readings:
  Rank  Pressure    Confidence  
  ------------------------------
  1     98          0.050
  2     102         0.010

Detector: BL_W70_T3.0_D30
Best Detection: 102 mmHg (confidence: 0.050)
Top 10 readings:
  Rank  Pressure    Confidence  
  ------------------------------
  1     102         0.050

Detector: BL_W70_T3.0_D40
Best Detection: 102 mmHg (confidence: 0.050)
Top 10 readings:
  Rank  Pressure    Confidence  
  ------------------------------
  1     102         0.050

Detector: BL_W80_T1.2_D2
Best Detection: 92 mmHg (confidence: 0.980)
Top 10 readings:
  Rank  Pressure    Confidence  
  ------------------------------
  1     92          0.980
  2     89          0.900
  3     86          0.820
  4     84          0.740
  5     82          0.660
  6     79          0.580
  7     77          0.500
  8     75          0.420
  9     108         0.340
  10    108         0.340

Detector: BL_W80_T1.2_D4
Best Detection: 92 mmHg (confidence: 0.980)
Top 10 readings:
  Rank  Pressure    Confidence  
  ------------------------------
  1     92          0.980
  2     89          0.900
  3     86          0.820
  4     84          0.740
  5     82          0.660
  6     79          0.580
  7     77          0.500
  8     75          0.420
  9     108         0.340
  10    108         0.340

Detector: BL_W80_T1.2_D6
Best Detection: 92 mmHg (confidence: 0.980)
Top 10 readings:
  Rank  Pressure    Confidence  
  ------------------------------
  1     92          0.980
  2     89          0.900
  3     86          0.820
  4     84          0.740
  5     82          0.660
  6     79          0.580
  7     77          0.500
  8     75          0.420
  9     108         0.340
  10    108         0.340

Detector: BL_W80_T1.2_D8
Best Detection: 92 mmHg (confidence: 0.980)
Top 10 readings:
  Rank  Pressure    Confidence  
  ------------------------------
  1     92          0.980
  2     89          0.900
  3     86          0.820
  4     84          0.740
  5     82          0.660
  6     79          0.580
  7     77          0.500
  8     75          0.420
  9     108         0.340
  10    108         0.340

Detector: BL_W80_T1.2_D10
Best Detection: 92 mmHg (confidence: 0.980)
Top 10 readings:
  Rank  Pressure    Confidence  
  ------------------------------
  1     92          0.980
  2     89          0.900
  3     86          0.820
  4     84          0.740
  5     82          0.660
  6     79          0.580
  7     77          0.500
  8     75          0.420
  9     108         0.340
  10    108         0.340

Detector: BL_W80_T1.2_D15
Best Detection: 92 mmHg (confidence: 0.980)
Top 10 readings:
  Rank  Pressure    Confidence  
  ------------------------------
  1     92          0.980
  2     89          0.900
  3     86          0.820
  4     84          0.740
  5     82          0.660
  6     79          0.580
  7     77          0.500
  8     75          0.420
  9     108         0.340
  10    107         0.340

Detector: BL_W80_T1.2_D20
Best Detection: 92 mmHg (confidence: 0.980)
Top 10 readings:
  Rank  Pressure    Confidence  
  ------------------------------
  1     92          0.980
  2     89          0.900
  3     86          0.820
  4     84          0.740
  5     82          0.660
  6     79          0.580
  7     77          0.500
  8     75          0.420
  9     73          0.340
  10    71          0.260

Detector: BL_W80_T1.2_D25
Best Detection: 92 mmHg (confidence: 0.980)
Top 10 readings:
  Rank  Pressure    Confidence  
  ------------------------------
  1     92          0.980
  2     89          0.900
  3     86          0.820
  4     84          0.740
  5     82          0.660
  6     79          0.580
  7     77          0.500
  8     75          0.420
  9     73          0.340
  10    71          0.260

Detector: BL_W80_T1.2_D30
Best Detection: 92 mmHg (confidence: 0.980)
Top 10 readings:
  Rank  Pressure    Confidence  
  ------------------------------
  1     92          0.980
  2     89          0.900
  3     86          0.820
  4     84          0.740
  5     82          0.660
  6     79          0.580
  7     77          0.500
  8     75          0.420
  9     73          0.340
  10    71          0.260

Detector: BL_W80_T1.2_D40
Best Detection: 92 mmHg (confidence: 0.980)
Top 10 readings:
  Rank  Pressure    Confidence  
  ------------------------------
  1     92          0.980
  2     89          0.900
  3     86          0.820
  4     84          0.740
  5     82          0.660
  6     79          0.580
  7     77          0.500
  8     75          0.420
  9     73          0.340
  10    71          0.260

Detector: BL_W80_T1.4_D2
Best Detection: 84 mmHg (confidence: 0.740)
Top 10 readings:
  Rank  Pressure    Confidence  
  ------------------------------
  1     84          0.740
  2     82          0.660
  3     79          0.580
  4     77          0.500
  5     75          0.420
  6     108         0.340
  7     108         0.340
  8     73          0.340
  9     112         0.336
  10    106         0.260

Detector: BL_W80_T1.4_D4
Best Detection: 84 mmHg (confidence: 0.740)
Top 10 readings:
  Rank  Pressure    Confidence  
  ------------------------------
  1     84          0.740
  2     82          0.660
  3     79          0.580
  4     77          0.500
  5     75          0.420
  6     108         0.340
  7     108         0.340
  8     73          0.340
  9     112         0.336
  10    106         0.260

Detector: BL_W80_T1.4_D6
Best Detection: 84 mmHg (confidence: 0.740)
Top 10 readings:
  Rank  Pressure    Confidence  
  ------------------------------
  1     84          0.740
  2     82          0.660
  3     79          0.580
  4     77          0.500
  5     75          0.420
  6     108         0.340
  7     108         0.340
  8     73          0.340
  9     112         0.336
  10    106         0.260

Detector: BL_W80_T1.4_D8
Best Detection: 84 mmHg (confidence: 0.740)
Top 10 readings:
  Rank  Pressure    Confidence  
  ------------------------------
  1     84          0.740
  2     82          0.660
  3     79          0.580
  4     77          0.500
  5     75          0.420
  6     108         0.340
  7     108         0.340
  8     73          0.340
  9     112         0.336
  10    106         0.260

Detector: BL_W80_T1.4_D10
Best Detection: 84 mmHg (confidence: 0.740)
Top 10 readings:
  Rank  Pressure    Confidence  
  ------------------------------
  1     84          0.740
  2     82          0.660
  3     79          0.580
  4     77          0.500
  5     75          0.420
  6     108         0.340
  7     108         0.340
  8     73          0.340
  9     111         0.336
  10    106         0.260

Detector: BL_W80_T1.4_D15
Best Detection: 84 mmHg (confidence: 0.740)
Top 10 readings:
  Rank  Pressure    Confidence  
  ------------------------------
  1     84          0.740
  2     82          0.660
  3     79          0.580
  4     77          0.500
  5     75          0.420
  6     108         0.340
  7     107         0.340
  8     73          0.340
  9     106         0.260
  10    71          0.260

Detector: BL_W80_T1.4_D20
Best Detection: 84 mmHg (confidence: 0.740)
Top 10 readings:
  Rank  Pressure    Confidence  
  ------------------------------
  1     84          0.740
  2     82          0.660
  3     79          0.580
  4     77          0.500
  5     75          0.420
  6     73          0.340
  7     71          0.260
  8     102         0.126
  9     98          0.126
  10    92          0.126

Detector: BL_W80_T1.4_D25
Best Detection: 84 mmHg (confidence: 0.740)
Top 10 readings:
  Rank  Pressure    Confidence  
  ------------------------------
  1     84          0.740
  2     82          0.660
  3     79          0.580
  4     77          0.500
  5     75          0.420
  6     73          0.340
  7     71          0.260
  8     102         0.126
  9     98          0.126
  10    92          0.126

Detector: BL_W80_T1.4_D30
Best Detection: 84 mmHg (confidence: 0.740)
Top 10 readings:
  Rank  Pressure    Confidence  
  ------------------------------
  1     84          0.740
  2     82          0.660
  3     79          0.580
  4     77          0.500
  5     75          0.420
  6     73          0.340
  7     71          0.260
  8     102         0.126
  9     98          0.126
  10    92          0.126

Detector: BL_W80_T1.4_D40
Best Detection: 84 mmHg (confidence: 0.740)
Top 10 readings:
  Rank  Pressure    Confidence  
  ------------------------------
  1     84          0.740
  2     82          0.660
  3     79          0.580
  4     77          0.500
  5     75          0.420
  6     73          0.340
  7     71          0.260
  8     102         0.126
  9     98          0.126
  10    92          0.126

Detector: BL_W80_T1.6_D2
Best Detection: 84 mmHg (confidence: 0.740)
Top 10 readings:
  Rank  Pressure    Confidence  
  ------------------------------
  1     84          0.740
  2     81          0.660
  3     79          0.580
  4     77          0.500
  5     75          0.420
  6     73          0.340
  7     71          0.260
  8     112         0.126
  9     102         0.126
  10    98          0.126

Detector: BL_W80_T1.6_D4
Best Detection: 84 mmHg (confidence: 0.740)
Top 10 readings:
  Rank  Pressure    Confidence  
  ------------------------------
  1     84          0.740
  2     81          0.660
  3     79          0.580
  4     77          0.500
  5     75          0.420
  6     73          0.340
  7     71          0.260
  8     112         0.126
  9     102         0.126
  10    98          0.126

Detector: BL_W80_T1.6_D6
Best Detection: 84 mmHg (confidence: 0.740)
Top 10 readings:
  Rank  Pressure    Confidence  
  ------------------------------
  1     84          0.740
  2     81          0.660
  3     79          0.580
  4     77          0.500
  5     75          0.420
  6     73          0.340
  7     71          0.260
  8     112         0.126
  9     102         0.126
  10    98          0.126

Detector: BL_W80_T1.6_D8
Best Detection: 84 mmHg (confidence: 0.740)
Top 10 readings:
  Rank  Pressure    Confidence  
  ------------------------------
  1     84          0.740
  2     81          0.660
  3     79          0.580
  4     77          0.500
  5     75          0.420
  6     73          0.340
  7     71          0.260
  8     112         0.126
  9     102         0.126
  10    98          0.126

Detector: BL_W80_T1.6_D10
Best Detection: 84 mmHg (confidence: 0.740)
Top 10 readings:
  Rank  Pressure    Confidence  
  ------------------------------
  1     84          0.740
  2     81          0.660
  3     79          0.580
  4     77          0.500
  5     75          0.420
  6     73          0.340
  7     71          0.260
  8     111         0.126
  9     102         0.126
  10    98          0.126

Detector: BL_W80_T1.6_D15
Best Detection: 84 mmHg (confidence: 0.740)
Top 10 readings:
  Rank  Pressure    Confidence  
  ------------------------------
  1     84          0.740
  2     81          0.660
  3     79          0.580
  4     77          0.500
  5     75          0.420
  6     108         0.340
  7     107         0.340
  8     73          0.340
  9     106         0.260
  10    71          0.260

Detector: BL_W80_T1.6_D20
Best Detection: 84 mmHg (confidence: 0.740)
Top 10 readings:
  Rank  Pressure    Confidence  
  ------------------------------
  1     84          0.740
  2     81          0.660
  3     79          0.580
  4     77          0.500
  5     75          0.420
  6     73          0.340
  7     71          0.260
  8     102         0.126
  9     98          0.126
  10    69          0.126

Detector: BL_W80_T1.6_D25
Best Detection: 84 mmHg (confidence: 0.740)
Top 10 readings:
  Rank  Pressure    Confidence  
  ------------------------------
  1     84          0.740
  2     81          0.660
  3     79          0.580
  4     77          0.500
  5     75          0.420
  6     73          0.340
  7     71          0.260
  8     102         0.126
  9     98          0.126
  10    69          0.126

Detector: BL_W80_T1.6_D30
Best Detection: 84 mmHg (confidence: 0.740)
Top 10 readings:
  Rank  Pressure    Confidence  
  ------------------------------
  1     84          0.740
  2     81          0.660
  3     79          0.580
  4     77          0.500
  5     75          0.420
  6     73          0.340
  7     71          0.260
  8     102         0.126
  9     98          0.126
  10    69          0.126

Detector: BL_W80_T1.6_D40
Best Detection: 84 mmHg (confidence: 0.740)
Top 10 readings:
  Rank  Pressure    Confidence  
  ------------------------------
  1     84          0.740
  2     81          0.660
  3     79          0.580
  4     77          0.500
  5     75          0.420
  6     73          0.340
  7     71          0.260
  8     102         0.126
  9     98          0.126
  10    69          0.126

Detector: BL_W80_T1.8_D2
Best Detection: 83 mmHg (confidence: 0.740)
Top 10 readings:
  Rank  Pressure    Confidence  
  ------------------------------
  1     83          0.740
  2     81          0.660
  3     79          0.580
  4     77          0.500
  5     75          0.420
  6     73          0.340
  7     71          0.260
  8     112         0.126
  9     102         0.126
  10    98          0.126

Detector: BL_W80_T1.8_D4
Best Detection: 83 mmHg (confidence: 0.740)
Top 10 readings:
  Rank  Pressure    Confidence  
  ------------------------------
  1     83          0.740
  2     81          0.660
  3     79          0.580
  4     77          0.500
  5     75          0.420
  6     73          0.340
  7     71          0.260
  8     112         0.126
  9     102         0.126
  10    98          0.126

Detector: BL_W80_T1.8_D6
Best Detection: 83 mmHg (confidence: 0.740)
Top 10 readings:
  Rank  Pressure    Confidence  
  ------------------------------
  1     83          0.740
  2     81          0.660
  3     79          0.580
  4     77          0.500
  5     75          0.420
  6     73          0.340
  7     71          0.260
  8     112         0.126
  9     102         0.126
  10    98          0.126

Detector: BL_W80_T1.8_D8
Best Detection: 83 mmHg (confidence: 0.740)
Top 10 readings:
  Rank  Pressure    Confidence  
  ------------------------------
  1     83          0.740
  2     81          0.660
  3     79          0.580
  4     77          0.500
  5     75          0.420
  6     73          0.340
  7     71          0.260
  8     112         0.126
  9     102         0.126
  10    98          0.126

Detector: BL_W80_T1.8_D10
Best Detection: 83 mmHg (confidence: 0.740)
Top 10 readings:
  Rank  Pressure    Confidence  
  ------------------------------
  1     83          0.740
  2     81          0.660
  3     79          0.580
  4     77          0.500
  5     75          0.420
  6     73          0.340
  7     71          0.260
  8     111         0.126
  9     102         0.126
  10    98          0.126

Detector: BL_W80_T1.8_D15
Best Detection: 83 mmHg (confidence: 0.740)
Top 10 readings:
  Rank  Pressure    Confidence  
  ------------------------------
  1     83          0.740
  2     81          0.660
  3     79          0.580
  4     77          0.500
  5     75          0.420
  6     108         0.340
  7     107         0.340
  8     73          0.340
  9     106         0.260
  10    71          0.260

Detector: BL_W80_T1.8_D20
Best Detection: 83 mmHg (confidence: 0.740)
Top 10 readings:
  Rank  Pressure    Confidence  
  ------------------------------
  1     83          0.740
  2     81          0.660
  3     79          0.580
  4     77          0.500
  5     75          0.420
  6     73          0.340
  7     71          0.260
  8     102         0.126
  9     98          0.126
  10    69          0.126

Detector: BL_W80_T1.8_D25
Best Detection: 83 mmHg (confidence: 0.740)
Top 10 readings:
  Rank  Pressure    Confidence  
  ------------------------------
  1     83          0.740
  2     81          0.660
  3     79          0.580
  4     77          0.500
  5     75          0.420
  6     73          0.340
  7     71          0.260
  8     102         0.126
  9     98          0.126
  10    69          0.126

Detector: BL_W80_T1.8_D30
Best Detection: 83 mmHg (confidence: 0.740)
Top 10 readings:
  Rank  Pressure    Confidence  
  ------------------------------
  1     83          0.740
  2     81          0.660
  3     79          0.580
  4     77          0.500
  5     75          0.420
  6     73          0.340
  7     71          0.260
  8     102         0.126
  9     98          0.126
  10    69          0.126

Detector: BL_W80_T1.8_D40
Best Detection: 83 mmHg (confidence: 0.740)
Top 10 readings:
  Rank  Pressure    Confidence  
  ------------------------------
  1     83          0.740
  2     81          0.660
  3     79          0.580
  4     77          0.500
  5     75          0.420
  6     73          0.340
  7     71          0.260
  8     102         0.126
  9     98          0.126
  10    69          0.126

Detector: BL_W80_T2.0_D2
Best Detection: 71 mmHg (confidence: 0.260)
Top 10 readings:
  Rank  Pressure    Confidence  
  ------------------------------
  1     71          0.260
  2     112         0.126
  3     68          0.126
  4     66          0.050
  5     108         0.010
  6     102         0.010
  7     98          0.010

Detector: BL_W80_T2.0_D4
Best Detection: 71 mmHg (confidence: 0.260)
Top 10 readings:
  Rank  Pressure    Confidence  
  ------------------------------
  1     71          0.260
  2     112         0.126
  3     68          0.126
  4     66          0.050
  5     108         0.010
  6     102         0.010
  7     98          0.010

Detector: BL_W80_T2.0_D6
Best Detection: 71 mmHg (confidence: 0.260)
Top 10 readings:
  Rank  Pressure    Confidence  
  ------------------------------
  1     71          0.260
  2     112         0.126
  3     68          0.126
  4     66          0.050
  5     108         0.010
  6     102         0.010
  7     98          0.010

Detector: BL_W80_T2.0_D8
Best Detection: 71 mmHg (confidence: 0.260)
Top 10 readings:
  Rank  Pressure    Confidence  
  ------------------------------
  1     71          0.260
  2     112         0.126
  3     68          0.126
  4     66          0.050
  5     108         0.010
  6     108         0.010
  7     102         0.010
  8     98          0.010

Detector: BL_W80_T2.0_D10
Best Detection: 71 mmHg (confidence: 0.260)
Top 10 readings:
  Rank  Pressure    Confidence  
  ------------------------------
  1     71          0.260
  2     111         0.126
  3     68          0.126
  4     66          0.050
  5     108         0.010
  6     108         0.010
  7     102         0.010
  8     98          0.010

Detector: BL_W80_T2.0_D15
Best Detection: 108 mmHg (confidence: 0.260)
Top 10 readings:
  Rank  Pressure    Confidence  
  ------------------------------
  1     108         0.260
  2     107         0.260
  3     71          0.260
  4     106         0.126
  5     68          0.126
  6     66          0.050
  7     102         0.010
  8     98          0.010

Detector: BL_W80_T2.0_D20
Best Detection: 71 mmHg (confidence: 0.260)
Top 10 readings:
  Rank  Pressure    Confidence  
  ------------------------------
  1     71          0.260
  2     68          0.126
  3     66          0.050
  4     109         0.010
  5     102         0.010
  6     98          0.010

Detector: BL_W80_T2.0_D25
Best Detection: 71 mmHg (confidence: 0.260)
Top 10 readings:
  Rank  Pressure    Confidence  
  ------------------------------
  1     71          0.260
  2     68          0.126
  3     66          0.050
  4     102         0.010
  5     98          0.010

Detector: BL_W80_T2.0_D30
Best Detection: 71 mmHg (confidence: 0.260)
Top 10 readings:
  Rank  Pressure    Confidence  
  ------------------------------
  1     71          0.260
  2     68          0.126
  3     66          0.050
  4     102         0.010
  5     98          0.010

Detector: BL_W80_T2.0_D40
Best Detection: 71 mmHg (confidence: 0.260)
Top 10 readings:
  Rank  Pressure    Confidence  
  ------------------------------
  1     71          0.260
  2     68          0.126
  3     66          0.050
  4     102         0.010
  5     98          0.010

Detector: BL_W80_T2.2_D2
Best Detection: 98 mmHg (confidence: 0.050)
Top 10 readings:
  Rank  Pressure    Confidence  
  ------------------------------
  1     98          0.050
  2     108         0.010
  3     102         0.010

Detector: BL_W80_T2.2_D4
Best Detection: 98 mmHg (confidence: 0.050)
Top 10 readings:
  Rank  Pressure    Confidence  
  ------------------------------
  1     98          0.050
  2     108         0.010
  3     102         0.010

Detector: BL_W80_T2.2_D6
Best Detection: 112 mmHg (confidence: 0.126)
Top 10 readings:
  Rank  Pressure    Confidence  
  ------------------------------
  1     112         0.126
  2     98          0.050
  3     108         0.010
  4     102         0.010

Detector: BL_W80_T2.2_D8
Best Detection: 112 mmHg (confidence: 0.126)
Top 10 readings:
  Rank  Pressure    Confidence  
  ------------------------------
  1     112         0.126
  2     98          0.050
  3     108         0.010
  4     108         0.010
  5     102         0.010

Detector: BL_W80_T2.2_D10
Best Detection: 111 mmHg (confidence: 0.126)
Top 10 readings:
  Rank  Pressure    Confidence  
  ------------------------------
  1     111         0.126
  2     98          0.050
  3     108         0.010
  4     108         0.010
  5     102         0.010

Detector: BL_W80_T2.2_D15
Best Detection: 108 mmHg (confidence: 0.260)
Top 10 readings:
  Rank  Pressure    Confidence  
  ------------------------------
  1     108         0.260
  2     107         0.260
  3     106         0.126
  4     98          0.050
  5     102         0.010

Detector: BL_W80_T2.2_D20
Best Detection: 98 mmHg (confidence: 0.050)
Top 10 readings:
  Rank  Pressure    Confidence  
  ------------------------------
  1     98          0.050
  2     109         0.010
  3     102         0.010

Detector: BL_W80_T2.2_D25
Best Detection: 98 mmHg (confidence: 0.050)
Top 10 readings:
  Rank  Pressure    Confidence  
  ------------------------------
  1     98          0.050
  2     102         0.010

Detector: BL_W80_T2.2_D30
Best Detection: 98 mmHg (confidence: 0.050)
Top 10 readings:
  Rank  Pressure    Confidence  
  ------------------------------
  1     98          0.050
  2     102         0.010

Detector: BL_W80_T2.2_D40
Best Detection: 98 mmHg (confidence: 0.050)
Top 10 readings:
  Rank  Pressure    Confidence  
  ------------------------------
  1     98          0.050
  2     102         0.010

Detector: BL_W80_T2.4_D2
Best Detection: 98 mmHg (confidence: 0.050)
Top 10 readings:
  Rank  Pressure    Confidence  
  ------------------------------
  1     98          0.050
  2     102         0.010

Detector: BL_W80_T2.4_D4
Best Detection: 98 mmHg (confidence: 0.050)
Top 10 readings:
  Rank  Pressure    Confidence  
  ------------------------------
  1     98          0.050
  2     102         0.010

Detector: BL_W80_T2.4_D6
Best Detection: 98 mmHg (confidence: 0.050)
Top 10 readings:
  Rank  Pressure    Confidence  
  ------------------------------
  1     98          0.050
  2     112         0.010
  3     102         0.010

Detector: BL_W80_T2.4_D8
Best Detection: 112 mmHg (confidence: 0.126)
Top 10 readings:
  Rank  Pressure    Confidence  
  ------------------------------
  1     112         0.126
  2     98          0.050
  3     108         0.010
  4     102         0.010

Detector: BL_W80_T2.4_D10
Best Detection: 111 mmHg (confidence: 0.126)
Top 10 readings:
  Rank  Pressure    Confidence  
  ------------------------------
  1     111         0.126
  2     98          0.050
  3     108         0.010
  4     108         0.010
  5     102         0.010

Detector: BL_W80_T2.4_D15
Best Detection: 108 mmHg (confidence: 0.260)
Top 10 readings:
  Rank  Pressure    Confidence  
  ------------------------------
  1     108         0.260
  2     107         0.260
  3     106         0.126
  4     98          0.050
  5     102         0.010

Detector: BL_W80_T2.4_D20
Best Detection: 98 mmHg (confidence: 0.050)
Top 10 readings:
  Rank  Pressure    Confidence  
  ------------------------------
  1     98          0.050
  2     109         0.010
  3     102         0.010

Detector: BL_W80_T2.4_D25
Best Detection: 98 mmHg (confidence: 0.050)
Top 10 readings:
  Rank  Pressure    Confidence  
  ------------------------------
  1     98          0.050
  2     102         0.010

Detector: BL_W80_T2.4_D30
Best Detection: 98 mmHg (confidence: 0.050)
Top 10 readings:
  Rank  Pressure    Confidence  
  ------------------------------
  1     98          0.050
  2     102         0.010

Detector: BL_W80_T2.4_D40
Best Detection: 98 mmHg (confidence: 0.050)
Top 10 readings:
  Rank  Pressure    Confidence  
  ------------------------------
  1     98          0.050
  2     102         0.010

Detector: BL_W80_T2.6_D2
Best Detection: 102 mmHg (confidence: 0.050)
Top 10 readings:
  Rank  Pressure    Confidence  
  ------------------------------
  1     102         0.050

Detector: BL_W80_T2.6_D4
Best Detection: 102 mmHg (confidence: 0.050)
Top 10 readings:
  Rank  Pressure    Confidence  
  ------------------------------
  1     102         0.050

Detector: BL_W80_T2.6_D6
Best Detection: 102 mmHg (confidence: 0.050)
Top 10 readings:
  Rank  Pressure    Confidence  
  ------------------------------
  1     102         0.050
  2     112         0.010

Detector: BL_W80_T2.6_D8
Best Detection: 112 mmHg (confidence: 0.126)
Top 10 readings:
  Rank  Pressure    Confidence  
  ------------------------------
  1     112         0.126
  2     102         0.050
  3     108         0.010

Detector: BL_W80_T2.6_D10
Best Detection: 111 mmHg (confidence: 0.126)
Top 10 readings:
  Rank  Pressure    Confidence  
  ------------------------------
  1     111         0.126
  2     102         0.050
  3     108         0.010
  4     108         0.010

Detector: BL_W80_T2.6_D15
Best Detection: 108 mmHg (confidence: 0.260)
Top 10 readings:
  Rank  Pressure    Confidence  
  ------------------------------
  1     108         0.260
  2     107         0.260
  3     106         0.126
  4     98          0.050
  5     102         0.010

Detector: BL_W80_T2.6_D20
Best Detection: 98 mmHg (confidence: 0.050)
Top 10 readings:
  Rank  Pressure    Confidence  
  ------------------------------
  1     98          0.050
  2     109         0.010
  3     102         0.010

Detector: BL_W80_T2.6_D25
Best Detection: 98 mmHg (confidence: 0.050)
Top 10 readings:
  Rank  Pressure    Confidence  
  ------------------------------
  1     98          0.050
  2     102         0.010

Detector: BL_W80_T2.6_D30
Best Detection: 102 mmHg (confidence: 0.050)
Top 10 readings:
  Rank  Pressure    Confidence  
  ------------------------------
  1     102         0.050

Detector: BL_W80_T2.6_D40
Best Detection: 102 mmHg (confidence: 0.050)
Top 10 readings:
  Rank  Pressure    Confidence  
  ------------------------------
  1     102         0.050

Detector: BL_W80_T2.8_D2
Best Detection: 102 mmHg (confidence: 0.050)
Top 10 readings:
  Rank  Pressure    Confidence  
  ------------------------------
  1     102         0.050

Detector: BL_W80_T2.8_D4
Best Detection: 102 mmHg (confidence: 0.050)
Top 10 readings:
  Rank  Pressure    Confidence  
  ------------------------------
  1     102         0.050

Detector: BL_W80_T2.8_D6
Best Detection: 102 mmHg (confidence: 0.050)
Top 10 readings:
  Rank  Pressure    Confidence  
  ------------------------------
  1     102         0.050
  2     112         0.010

Detector: BL_W80_T2.8_D8
Best Detection: 112 mmHg (confidence: 0.126)
Top 10 readings:
  Rank  Pressure    Confidence  
  ------------------------------
  1     112         0.126
  2     102         0.050
  3     108         0.010

Detector: BL_W80_T2.8_D10
Best Detection: 111 mmHg (confidence: 0.126)
Top 10 readings:
  Rank  Pressure    Confidence  
  ------------------------------
  1     111         0.126
  2     102         0.050
  3     108         0.010
  4     108         0.010

Detector: BL_W80_T2.8_D15
Best Detection: 108 mmHg (confidence: 0.260)
Top 10 readings:
  Rank  Pressure    Confidence  
  ------------------------------
  1     108         0.260
  2     107         0.260
  3     106         0.126
  4     98          0.050
  5     102         0.010

Detector: BL_W80_T2.8_D20
Best Detection: 98 mmHg (confidence: 0.050)
Top 10 readings:
  Rank  Pressure    Confidence  
  ------------------------------
  1     98          0.050
  2     109         0.010
  3     102         0.010

Detector: BL_W80_T2.8_D25
Best Detection: 98 mmHg (confidence: 0.050)
Top 10 readings:
  Rank  Pressure    Confidence  
  ------------------------------
  1     98          0.050
  2     102         0.010

Detector: BL_W80_T2.8_D30
Best Detection: 102 mmHg (confidence: 0.050)
Top 10 readings:
  Rank  Pressure    Confidence  
  ------------------------------
  1     102         0.050

Detector: BL_W80_T2.8_D40
Best Detection: 102 mmHg (confidence: 0.050)
Top 10 readings:
  Rank  Pressure    Confidence  
  ------------------------------
  1     102         0.050

Detector: BL_W80_T3.0_D2
Best Detection: 102 mmHg (confidence: 0.050)
Top 10 readings:
  Rank  Pressure    Confidence  
  ------------------------------
  1     102         0.050

Detector: BL_W80_T3.0_D4
Best Detection: 102 mmHg (confidence: 0.050)
Top 10 readings:
  Rank  Pressure    Confidence  
  ------------------------------
  1     102         0.050

Detector: BL_W80_T3.0_D6
Best Detection: 102 mmHg (confidence: 0.050)
Top 10 readings:
  Rank  Pressure    Confidence  
  ------------------------------
  1     102         0.050
  2     112         0.010

Detector: BL_W80_T3.0_D8
Best Detection: 112 mmHg (confidence: 0.126)
Top 10 readings:
  Rank  Pressure    Confidence  
  ------------------------------
  1     112         0.126
  2     102         0.050
  3     108         0.010

Detector: BL_W80_T3.0_D10
Best Detection: 111 mmHg (confidence: 0.126)
Top 10 readings:
  Rank  Pressure    Confidence  
  ------------------------------
  1     111         0.126
  2     102         0.050
  3     108         0.010
  4     108         0.010

Detector: BL_W80_T3.0_D15
Best Detection: 108 mmHg (confidence: 0.260)
Top 10 readings:
  Rank  Pressure    Confidence  
  ------------------------------
  1     108         0.260
  2     107         0.260
  3     106         0.126
  4     98          0.050
  5     102         0.010

Detector: BL_W80_T3.0_D20
Best Detection: 98 mmHg (confidence: 0.050)
Top 10 readings:
  Rank  Pressure    Confidence  
  ------------------------------
  1     98          0.050
  2     109         0.010
  3     102         0.010

Detector: BL_W80_T3.0_D25
Best Detection: 98 mmHg (confidence: 0.050)
Top 10 readings:
  Rank  Pressure    Confidence  
  ------------------------------
  1     98          0.050
  2     102         0.010

Detector: BL_W80_T3.0_D30
Best Detection: 102 mmHg (confidence: 0.050)
Top 10 readings:
  Rank  Pressure    Confidence  
  ------------------------------
  1     102         0.050

Detector: BL_W80_T3.0_D40
Best Detection: 102 mmHg (confidence: 0.050)
Top 10 readings:
  Rank  Pressure    Confidence  
  ------------------------------
  1     102         0.050

Detector: BL_W90_T1.2_D2
Best Detection: 84 mmHg (confidence: 0.740)
Top 10 readings:
  Rank  Pressure    Confidence  
  ------------------------------
  1     84          0.740
  2     82          0.660
  3     79          0.580
  4     77          0.500
  5     111         0.420
  6     75          0.420
  7     108         0.340
  8     108         0.340
  9     73          0.340
  10    111         0.336

Detector: BL_W90_T1.2_D4
Best Detection: 84 mmHg (confidence: 0.740)
Top 10 readings:
  Rank  Pressure    Confidence  
  ------------------------------
  1     84          0.740
  2     82          0.660
  3     79          0.580
  4     77          0.500
  5     111         0.420
  6     75          0.420
  7     108         0.340
  8     108         0.340
  9     73          0.340
  10    111         0.336

Detector: BL_W90_T1.2_D6
Best Detection: 84 mmHg (confidence: 0.740)
Top 10 readings:
  Rank  Pressure    Confidence  
  ------------------------------
  1     84          0.740
  2     82          0.660
  3     79          0.580
  4     77          0.500
  5     75          0.420
  6     108         0.340
  7     108         0.340
  8     73          0.340
  9     112         0.336
  10    106         0.260

Detector: BL_W90_T1.2_D8
Best Detection: 84 mmHg (confidence: 0.740)
Top 10 readings:
  Rank  Pressure    Confidence  
  ------------------------------
  1     84          0.740
  2     82          0.660
  3     79          0.580
  4     77          0.500
  5     75          0.420
  6     108         0.340
  7     108         0.340
  8     73          0.340
  9     112         0.336
  10    106         0.260

Detector: BL_W90_T1.2_D10
Best Detection: 84 mmHg (confidence: 0.740)
Top 10 readings:
  Rank  Pressure    Confidence  
  ------------------------------
  1     84          0.740
  2     82          0.660
  3     79          0.580
  4     77          0.500
  5     75          0.420
  6     108         0.340
  7     108         0.340
  8     73          0.340
  9     111         0.336
  10    106         0.260

Detector: BL_W90_T1.2_D15
Best Detection: 84 mmHg (confidence: 0.740)
Top 10 readings:
  Rank  Pressure    Confidence  
  ------------------------------
  1     84          0.740
  2     82          0.660
  3     79          0.580
  4     77          0.500
  5     75          0.420
  6     108         0.340
  7     107         0.340
  8     73          0.340
  9     106         0.260
  10    71          0.260

Detector: BL_W90_T1.2_D20
Best Detection: 84 mmHg (confidence: 0.740)
Top 10 readings:
  Rank  Pressure    Confidence  
  ------------------------------
  1     84          0.740
  2     82          0.660
  3     79          0.580
  4     77          0.500
  5     75          0.420
  6     73          0.340
  7     71          0.260
  8     102         0.126
  9     98          0.126
  10    92          0.126

Detector: BL_W90_T1.2_D25
Best Detection: 84 mmHg (confidence: 0.740)
Top 10 readings:
  Rank  Pressure    Confidence  
  ------------------------------
  1     84          0.740
  2     82          0.660
  3     79          0.580
  4     77          0.500
  5     75          0.420
  6     73          0.340
  7     71          0.260
  8     102         0.126
  9     98          0.126
  10    92          0.126

Detector: BL_W90_T1.2_D30
Best Detection: 84 mmHg (confidence: 0.740)
Top 10 readings:
  Rank  Pressure    Confidence  
  ------------------------------
  1     84          0.740
  2     82          0.660
  3     79          0.580
  4     77          0.500
  5     75          0.420
  6     73          0.340
  7     71          0.260
  8     102         0.126
  9     98          0.126
  10    92          0.126

Detector: BL_W90_T1.2_D40
Best Detection: 84 mmHg (confidence: 0.740)
Top 10 readings:
  Rank  Pressure    Confidence  
  ------------------------------
  1     84          0.740
  2     82          0.660
  3     79          0.580
  4     77          0.500
  5     75          0.420
  6     73          0.340
  7     71          0.260
  8     102         0.126
  9     98          0.126
  10    92          0.126

Detector: BL_W90_T1.4_D2
Best Detection: 84 mmHg (confidence: 0.740)
Top 10 readings:
  Rank  Pressure    Confidence  
  ------------------------------
  1     84          0.740
  2     82          0.660
  3     79          0.580
  4     77          0.500
  5     75          0.420
  6     108         0.340
  7     108         0.340
  8     73          0.340
  9     112         0.336
  10    106         0.260

Detector: BL_W90_T1.4_D4
Best Detection: 84 mmHg (confidence: 0.740)
Top 10 readings:
  Rank  Pressure    Confidence  
  ------------------------------
  1     84          0.740
  2     82          0.660
  3     79          0.580
  4     77          0.500
  5     75          0.420
  6     108         0.340
  7     108         0.340
  8     73          0.340
  9     112         0.336
  10    106         0.260

Detector: BL_W90_T1.4_D6
Best Detection: 84 mmHg (confidence: 0.740)
Top 10 readings:
  Rank  Pressure    Confidence  
  ------------------------------
  1     84          0.740
  2     82          0.660
  3     79          0.580
  4     77          0.500
  5     75          0.420
  6     108         0.340
  7     108         0.340
  8     73          0.340
  9     112         0.336
  10    106         0.260

Detector: BL_W90_T1.4_D8
Best Detection: 84 mmHg (confidence: 0.740)
Top 10 readings:
  Rank  Pressure    Confidence  
  ------------------------------
  1     84          0.740
  2     82          0.660
  3     79          0.580
  4     77          0.500
  5     75          0.420
  6     108         0.340
  7     108         0.340
  8     73          0.340
  9     112         0.336
  10    106         0.260

Detector: BL_W90_T1.4_D10
Best Detection: 84 mmHg (confidence: 0.740)
Top 10 readings:
  Rank  Pressure    Confidence  
  ------------------------------
  1     84          0.740
  2     82          0.660
  3     79          0.580
  4     77          0.500
  5     75          0.420
  6     108         0.340
  7     108         0.340
  8     73          0.340
  9     111         0.336
  10    106         0.260

Detector: BL_W90_T1.4_D15
Best Detection: 84 mmHg (confidence: 0.740)
Top 10 readings:
  Rank  Pressure    Confidence  
  ------------------------------
  1     84          0.740
  2     82          0.660
  3     79          0.580
  4     77          0.500
  5     75          0.420
  6     108         0.340
  7     107         0.340
  8     73          0.340
  9     106         0.260
  10    71          0.260

Detector: BL_W90_T1.4_D20
Best Detection: 84 mmHg (confidence: 0.740)
Top 10 readings:
  Rank  Pressure    Confidence  
  ------------------------------
  1     84          0.740
  2     82          0.660
  3     79          0.580
  4     77          0.500
  5     75          0.420
  6     73          0.340
  7     71          0.260
  8     102         0.126
  9     98          0.126
  10    92          0.126

Detector: BL_W90_T1.4_D25
Best Detection: 84 mmHg (confidence: 0.740)
Top 10 readings:
  Rank  Pressure    Confidence  
  ------------------------------
  1     84          0.740
  2     82          0.660
  3     79          0.580
  4     77          0.500
  5     75          0.420
  6     73          0.340
  7     71          0.260
  8     102         0.126
  9     98          0.126
  10    92          0.126

Detector: BL_W90_T1.4_D30
Best Detection: 84 mmHg (confidence: 0.740)
Top 10 readings:
  Rank  Pressure    Confidence  
  ------------------------------
  1     84          0.740
  2     82          0.660
  3     79          0.580
  4     77          0.500
  5     75          0.420
  6     73          0.340
  7     71          0.260
  8     102         0.126
  9     98          0.126
  10    92          0.126

Detector: BL_W90_T1.4_D40
Best Detection: 84 mmHg (confidence: 0.740)
Top 10 readings:
  Rank  Pressure    Confidence  
  ------------------------------
  1     84          0.740
  2     82          0.660
  3     79          0.580
  4     77          0.500
  5     75          0.420
  6     73          0.340
  7     71          0.260
  8     102         0.126
  9     98          0.126
  10    92          0.126

Detector: BL_W90_T1.6_D2
Best Detection: 84 mmHg (confidence: 0.740)
Top 10 readings:
  Rank  Pressure    Confidence  
  ------------------------------
  1     84          0.740
  2     81          0.660
  3     79          0.580
  4     77          0.500
  5     75          0.420
  6     73          0.340
  7     71          0.260
  8     112         0.126
  9     102         0.126
  10    98          0.126

Detector: BL_W90_T1.6_D4
Best Detection: 84 mmHg (confidence: 0.740)
Top 10 readings:
  Rank  Pressure    Confidence  
  ------------------------------
  1     84          0.740
  2     81          0.660
  3     79          0.580
  4     77          0.500
  5     75          0.420
  6     73          0.340
  7     71          0.260
  8     112         0.126
  9     102         0.126
  10    98          0.126

Detector: BL_W90_T1.6_D6
Best Detection: 84 mmHg (confidence: 0.740)
Top 10 readings:
  Rank  Pressure    Confidence  
  ------------------------------
  1     84          0.740
  2     81          0.660
  3     79          0.580
  4     77          0.500
  5     75          0.420
  6     73          0.340
  7     71          0.260
  8     112         0.126
  9     102         0.126
  10    98          0.126

Detector: BL_W90_T1.6_D8
Best Detection: 84 mmHg (confidence: 0.740)
Top 10 readings:
  Rank  Pressure    Confidence  
  ------------------------------
  1     84          0.740
  2     81          0.660
  3     79          0.580
  4     77          0.500
  5     75          0.420
  6     73          0.340
  7     71          0.260
  8     112         0.126
  9     102         0.126
  10    98          0.126

Detector: BL_W90_T1.6_D10
Best Detection: 84 mmHg (confidence: 0.740)
Top 10 readings:
  Rank  Pressure    Confidence  
  ------------------------------
  1     84          0.740
  2     81          0.660
  3     79          0.580
  4     77          0.500
  5     75          0.420
  6     73          0.340
  7     71          0.260
  8     111         0.126
  9     102         0.126
  10    98          0.126

Detector: BL_W90_T1.6_D15
Best Detection: 84 mmHg (confidence: 0.740)
Top 10 readings:
  Rank  Pressure    Confidence  
  ------------------------------
  1     84          0.740
  2     81          0.660
  3     79          0.580
  4     77          0.500
  5     75          0.420
  6     108         0.340
  7     107         0.340
  8     73          0.340
  9     106         0.260
  10    71          0.260

Detector: BL_W90_T1.6_D20
Best Detection: 84 mmHg (confidence: 0.740)
Top 10 readings:
  Rank  Pressure    Confidence  
  ------------------------------
  1     84          0.740
  2     81          0.660
  3     79          0.580
  4     77          0.500
  5     75          0.420
  6     73          0.340
  7     71          0.260
  8     102         0.126
  9     98          0.126
  10    69          0.126

Detector: BL_W90_T1.6_D25
Best Detection: 84 mmHg (confidence: 0.740)
Top 10 readings:
  Rank  Pressure    Confidence  
  ------------------------------
  1     84          0.740
  2     81          0.660
  3     79          0.580
  4     77          0.500
  5     75          0.420
  6     73          0.340
  7     71          0.260
  8     102         0.126
  9     98          0.126
  10    69          0.126

Detector: BL_W90_T1.6_D30
Best Detection: 84 mmHg (confidence: 0.740)
Top 10 readings:
  Rank  Pressure    Confidence  
  ------------------------------
  1     84          0.740
  2     81          0.660
  3     79          0.580
  4     77          0.500
  5     75          0.420
  6     73          0.340
  7     71          0.260
  8     102         0.126
  9     98          0.126
  10    69          0.126

Detector: BL_W90_T1.6_D40
Best Detection: 84 mmHg (confidence: 0.740)
Top 10 readings:
  Rank  Pressure    Confidence  
  ------------------------------
  1     84          0.740
  2     81          0.660
  3     79          0.580
  4     77          0.500
  5     75          0.420
  6     73          0.340
  7     71          0.260
  8     102         0.126
  9     98          0.126
  10    69          0.126

Detector: BL_W90_T1.8_D2
Best Detection: 75 mmHg (confidence: 0.420)
Top 10 readings:
  Rank  Pressure    Confidence  
  ------------------------------
  1     75          0.420
  2     73          0.340
  3     83          0.260
  4     71          0.260
  5     112         0.126
  6     102         0.126
  7     98          0.126
  8     81          0.126
  9     68          0.126
  10    66          0.050

Detector: BL_W90_T1.8_D4
Best Detection: 75 mmHg (confidence: 0.420)
Top 10 readings:
  Rank  Pressure    Confidence  
  ------------------------------
  1     75          0.420
  2     73          0.340
  3     83          0.260
  4     71          0.260
  5     112         0.126
  6     102         0.126
  7     98          0.126
  8     81          0.126
  9     68          0.126
  10    66          0.050

Detector: BL_W90_T1.8_D6
Best Detection: 75 mmHg (confidence: 0.420)
Top 10 readings:
  Rank  Pressure    Confidence  
  ------------------------------
  1     75          0.420
  2     73          0.340
  3     83          0.260
  4     71          0.260
  5     112         0.126
  6     102         0.126
  7     98          0.126
  8     81          0.126
  9     68          0.126
  10    66          0.050

Detector: BL_W90_T1.8_D8
Best Detection: 75 mmHg (confidence: 0.420)
Top 10 readings:
  Rank  Pressure    Confidence  
  ------------------------------
  1     75          0.420
  2     73          0.340
  3     83          0.260
  4     71          0.260
  5     112         0.126
  6     102         0.126
  7     98          0.126
  8     81          0.126
  9     68          0.126
  10    66          0.050

Detector: BL_W90_T1.8_D10
Best Detection: 75 mmHg (confidence: 0.420)
Top 10 readings:
  Rank  Pressure    Confidence  
  ------------------------------
  1     75          0.420
  2     73          0.340
  3     83          0.260
  4     71          0.260
  5     111         0.126
  6     102         0.126
  7     98          0.126
  8     81          0.126
  9     68          0.126
  10    66          0.050

Detector: BL_W90_T1.8_D15
Best Detection: 75 mmHg (confidence: 0.420)
Top 10 readings:
  Rank  Pressure    Confidence  
  ------------------------------
  1     75          0.420
  2     108         0.340
  3     107         0.340
  4     73          0.340
  5     106         0.260
  6     83          0.260
  7     71          0.260
  8     102         0.126
  9     98          0.126
  10    81          0.126

Detector: BL_W90_T1.8_D20
Best Detection: 75 mmHg (confidence: 0.420)
Top 10 readings:
  Rank  Pressure    Confidence  
  ------------------------------
  1     75          0.420
  2     73          0.340
  3     83          0.260
  4     71          0.260
  5     102         0.126
  6     98          0.126
  7     81          0.126
  8     68          0.126
  9     66          0.050
  10    109         0.010

Detector: BL_W90_T1.8_D25
Best Detection: 75 mmHg (confidence: 0.420)
Top 10 readings:
  Rank  Pressure    Confidence  
  ------------------------------
  1     75          0.420
  2     73          0.340
  3     83          0.260
  4     71          0.260
  5     102         0.126
  6     98          0.126
  7     81          0.126
  8     68          0.126
  9     66          0.050
  10    97          0.010

Detector: BL_W90_T1.8_D30
Best Detection: 75 mmHg (confidence: 0.420)
Top 10 readings:
  Rank  Pressure    Confidence  
  ------------------------------
  1     75          0.420
  2     73          0.340
  3     83          0.260
  4     71          0.260
  5     102         0.126
  6     98          0.126
  7     81          0.126
  8     68          0.126
  9     66          0.050
  10    97          0.010

Detector: BL_W90_T1.8_D40
Best Detection: 75 mmHg (confidence: 0.420)
Top 10 readings:
  Rank  Pressure    Confidence  
  ------------------------------
  1     75          0.420
  2     73          0.340
  3     83          0.260
  4     71          0.260
  5     102         0.126
  6     98          0.126
  7     81          0.126
  8     68          0.126
  9     66          0.050
  10    97          0.010

Detector: BL_W90_T2.0_D2
Best Detection: 112 mmHg (confidence: 0.126)
Top 10 readings:
  Rank  Pressure    Confidence  
  ------------------------------
  1     112         0.126
  2     66          0.050
  3     108         0.010
  4     107         0.010
  5     102         0.010
  6     98          0.010
  7     71          0.010

Detector: BL_W90_T2.0_D4
Best Detection: 112 mmHg (confidence: 0.126)
Top 10 readings:
  Rank  Pressure    Confidence  
  ------------------------------
  1     112         0.126
  2     66          0.050
  3     108         0.010
  4     107         0.010
  5     102         0.010
  6     98          0.010
  7     71          0.010

Detector: BL_W90_T2.0_D6
Best Detection: 112 mmHg (confidence: 0.126)
Top 10 readings:
  Rank  Pressure    Confidence  
  ------------------------------
  1     112         0.126
  2     66          0.050
  3     108         0.010
  4     107         0.010
  5     102         0.010
  6     98          0.010
  7     71          0.010

Detector: BL_W90_T2.0_D8
Best Detection: 112 mmHg (confidence: 0.126)
Top 10 readings:
  Rank  Pressure    Confidence  
  ------------------------------
  1     112         0.126
  2     66          0.050
  3     108         0.010
  4     108         0.010
  5     102         0.010
  6     98          0.010
  7     71          0.010

Detector: BL_W90_T2.0_D10
Best Detection: 111 mmHg (confidence: 0.126)
Top 10 readings:
  Rank  Pressure    Confidence  
  ------------------------------
  1     111         0.126
  2     66          0.050
  3     108         0.010
  4     108         0.010
  5     102         0.010
  6     98          0.010
  7     71          0.010

Detector: BL_W90_T2.0_D15
Best Detection: 108 mmHg (confidence: 0.260)
Top 10 readings:
  Rank  Pressure    Confidence  
  ------------------------------
  1     108         0.260
  2     107         0.260
  3     106         0.126
  4     66          0.050
  5     102         0.010
  6     98          0.010
  7     71          0.010

Detector: BL_W90_T2.0_D20
Best Detection: 66 mmHg (confidence: 0.050)
Top 10 readings:
  Rank  Pressure    Confidence  
  ------------------------------
  1     66          0.050
  2     109         0.010
  3     102         0.010
  4     98          0.010
  5     71          0.010

Detector: BL_W90_T2.0_D25
Best Detection: 66 mmHg (confidence: 0.050)
Top 10 readings:
  Rank  Pressure    Confidence  
  ------------------------------
  1     66          0.050
  2     102         0.010
  3     98          0.010
  4     71          0.010

Detector: BL_W90_T2.0_D30
Best Detection: 66 mmHg (confidence: 0.050)
Top 10 readings:
  Rank  Pressure    Confidence  
  ------------------------------
  1     66          0.050
  2     102         0.010
  3     98          0.010
  4     71          0.010

Detector: BL_W90_T2.0_D40
Best Detection: 66 mmHg (confidence: 0.050)
Top 10 readings:
  Rank  Pressure    Confidence  
  ------------------------------
  1     66          0.050
  2     102         0.010
  3     98          0.010
  4     71          0.010

Detector: BL_W90_T2.2_D2
Best Detection: 111 mmHg (confidence: 0.126)
Top 10 readings:
  Rank  Pressure    Confidence  
  ------------------------------
  1     111         0.126
  2     98          0.050
  3     108         0.010
  4     102         0.010

Detector: BL_W90_T2.2_D4
Best Detection: 111 mmHg (confidence: 0.126)
Top 10 readings:
  Rank  Pressure    Confidence  
  ------------------------------
  1     111         0.126
  2     98          0.050
  3     108         0.010
  4     102         0.010

Detector: BL_W90_T2.2_D6
Best Detection: 112 mmHg (confidence: 0.126)
Top 10 readings:
  Rank  Pressure    Confidence  
  ------------------------------
  1     112         0.126
  2     98          0.050
  3     108         0.010
  4     102         0.010

Detector: BL_W90_T2.2_D8
Best Detection: 112 mmHg (confidence: 0.126)
Top 10 readings:
  Rank  Pressure    Confidence  
  ------------------------------
  1     112         0.126
  2     98          0.050
  3     108         0.010
  4     108         0.010
  5     102         0.010

Detector: BL_W90_T2.2_D10
Best Detection: 111 mmHg (confidence: 0.126)
Top 10 readings:
  Rank  Pressure    Confidence  
  ------------------------------
  1     111         0.126
  2     98          0.050
  3     108         0.010
  4     108         0.010
  5     102         0.010

Detector: BL_W90_T2.2_D15
Best Detection: 108 mmHg (confidence: 0.260)
Top 10 readings:
  Rank  Pressure    Confidence  
  ------------------------------
  1     108         0.260
  2     107         0.260
  3     106         0.126
  4     98          0.050
  5     102         0.010

Detector: BL_W90_T2.2_D20
Best Detection: 98 mmHg (confidence: 0.050)
Top 10 readings:
  Rank  Pressure    Confidence  
  ------------------------------
  1     98          0.050
  2     109         0.010
  3     102         0.010

Detector: BL_W90_T2.2_D25
Best Detection: 98 mmHg (confidence: 0.050)
Top 10 readings:
  Rank  Pressure    Confidence  
  ------------------------------
  1     98          0.050
  2     102         0.010

Detector: BL_W90_T2.2_D30
Best Detection: 98 mmHg (confidence: 0.050)
Top 10 readings:
  Rank  Pressure    Confidence  
  ------------------------------
  1     98          0.050
  2     102         0.010

Detector: BL_W90_T2.2_D40
Best Detection: 98 mmHg (confidence: 0.050)
Top 10 readings:
  Rank  Pressure    Confidence  
  ------------------------------
  1     98          0.050
  2     102         0.010

Detector: BL_W90_T2.4_D2
Best Detection: 98 mmHg (confidence: 0.050)
Top 10 readings:
  Rank  Pressure    Confidence  
  ------------------------------
  1     98          0.050
  2     109         0.010
  3     102         0.010

Detector: BL_W90_T2.4_D4
Best Detection: 98 mmHg (confidence: 0.050)
Top 10 readings:
  Rank  Pressure    Confidence  
  ------------------------------
  1     98          0.050
  2     109         0.010
  3     102         0.010

Detector: BL_W90_T2.4_D6
Best Detection: 112 mmHg (confidence: 0.126)
Top 10 readings:
  Rank  Pressure    Confidence  
  ------------------------------
  1     112         0.126
  2     98          0.050
  3     109         0.010
  4     102         0.010

Detector: BL_W90_T2.4_D8
Best Detection: 112 mmHg (confidence: 0.126)
Top 10 readings:
  Rank  Pressure    Confidence  
  ------------------------------
  1     112         0.126
  2     98          0.050
  3     108         0.010
  4     108         0.010
  5     102         0.010

Detector: BL_W90_T2.4_D10
Best Detection: 111 mmHg (confidence: 0.126)
Top 10 readings:
  Rank  Pressure    Confidence  
  ------------------------------
  1     111         0.126
  2     98          0.050
  3     108         0.010
  4     108         0.010
  5     102         0.010

Detector: BL_W90_T2.4_D15
Best Detection: 108 mmHg (confidence: 0.260)
Top 10 readings:
  Rank  Pressure    Confidence  
  ------------------------------
  1     108         0.260
  2     107         0.260
  3     106         0.126
  4     98          0.050
  5     102         0.010

Detector: BL_W90_T2.4_D20
Best Detection: 98 mmHg (confidence: 0.050)
Top 10 readings:
  Rank  Pressure    Confidence  
  ------------------------------
  1     98          0.050
  2     109         0.010
  3     102         0.010

Detector: BL_W90_T2.4_D25
Best Detection: 98 mmHg (confidence: 0.050)
Top 10 readings:
  Rank  Pressure    Confidence  
  ------------------------------
  1     98          0.050
  2     102         0.010

Detector: BL_W90_T2.4_D30
Best Detection: 98 mmHg (confidence: 0.050)
Top 10 readings:
  Rank  Pressure    Confidence  
  ------------------------------
  1     98          0.050
  2     102         0.010

Detector: BL_W90_T2.4_D40
Best Detection: 98 mmHg (confidence: 0.050)
Top 10 readings:
  Rank  Pressure    Confidence  
  ------------------------------
  1     98          0.050
  2     102         0.010

Detector: BL_W90_T2.6_D2
Best Detection: 98 mmHg (confidence: 0.050)
Top 10 readings:
  Rank  Pressure    Confidence  
  ------------------------------
  1     98          0.050
  2     102         0.010

Detector: BL_W90_T2.6_D4
Best Detection: 98 mmHg (confidence: 0.050)
Top 10 readings:
  Rank  Pressure    Confidence  
  ------------------------------
  1     98          0.050
  2     102         0.010

Detector: BL_W90_T2.6_D6
Best Detection: 98 mmHg (confidence: 0.050)
Top 10 readings:
  Rank  Pressure    Confidence  
  ------------------------------
  1     98          0.050
  2     112         0.010
  3     102         0.010

Detector: BL_W90_T2.6_D8
Best Detection: 112 mmHg (confidence: 0.126)
Top 10 readings:
  Rank  Pressure    Confidence  
  ------------------------------
  1     112         0.126
  2     98          0.050
  3     108         0.010
  4     102         0.010

Detector: BL_W90_T2.6_D10
Best Detection: 111 mmHg (confidence: 0.126)
Top 10 readings:
  Rank  Pressure    Confidence  
  ------------------------------
  1     111         0.126
  2     98          0.050
  3     108         0.010
  4     108         0.010
  5     102         0.010

Detector: BL_W90_T2.6_D15
Best Detection: 108 mmHg (confidence: 0.260)
Top 10 readings:
  Rank  Pressure    Confidence  
  ------------------------------
  1     108         0.260
  2     107         0.260
  3     106         0.126
  4     98          0.050
  5     102         0.010

Detector: BL_W90_T2.6_D20
Best Detection: 98 mmHg (confidence: 0.050)
Top 10 readings:
  Rank  Pressure    Confidence  
  ------------------------------
  1     98          0.050
  2     109         0.010
  3     102         0.010

Detector: BL_W90_T2.6_D25
Best Detection: 98 mmHg (confidence: 0.050)
Top 10 readings:
  Rank  Pressure    Confidence  
  ------------------------------
  1     98          0.050
  2     102         0.010

Detector: BL_W90_T2.6_D30
Best Detection: 98 mmHg (confidence: 0.050)
Top 10 readings:
  Rank  Pressure    Confidence  
  ------------------------------
  1     98          0.050
  2     102         0.010

Detector: BL_W90_T2.6_D40
Best Detection: 98 mmHg (confidence: 0.050)
Top 10 readings:
  Rank  Pressure    Confidence  
  ------------------------------
  1     98          0.050
  2     102         0.010

Detector: BL_W90_T2.8_D2
Best Detection: 102 mmHg (confidence: 0.050)
Top 10 readings:
  Rank  Pressure    Confidence  
  ------------------------------
  1     102         0.050

Detector: BL_W90_T2.8_D4
Best Detection: 102 mmHg (confidence: 0.050)
Top 10 readings:
  Rank  Pressure    Confidence  
  ------------------------------
  1     102         0.050

Detector: BL_W90_T2.8_D6
Best Detection: 102 mmHg (confidence: 0.050)
Top 10 readings:
  Rank  Pressure    Confidence  
  ------------------------------
  1     102         0.050
  2     112         0.010

Detector: BL_W90_T2.8_D8
Best Detection: 112 mmHg (confidence: 0.126)
Top 10 readings:
  Rank  Pressure    Confidence  
  ------------------------------
  1     112         0.126
  2     102         0.050
  3     108         0.010

Detector: BL_W90_T2.8_D10
Best Detection: 111 mmHg (confidence: 0.126)
Top 10 readings:
  Rank  Pressure    Confidence  
  ------------------------------
  1     111         0.126
  2     102         0.050
  3     108         0.010
  4     108         0.010

Detector: BL_W90_T2.8_D15
Best Detection: 108 mmHg (confidence: 0.260)
Top 10 readings:
  Rank  Pressure    Confidence  
  ------------------------------
  1     108         0.260
  2     107         0.260
  3     106         0.126
  4     98          0.050
  5     102         0.010

Detector: BL_W90_T2.8_D20
Best Detection: 98 mmHg (confidence: 0.050)
Top 10 readings:
  Rank  Pressure    Confidence  
  ------------------------------
  1     98          0.050
  2     109         0.010
  3     102         0.010

Detector: BL_W90_T2.8_D25
Best Detection: 98 mmHg (confidence: 0.050)
Top 10 readings:
  Rank  Pressure    Confidence  
  ------------------------------
  1     98          0.050
  2     102         0.010

Detector: BL_W90_T2.8_D30
Best Detection: 102 mmHg (confidence: 0.050)
Top 10 readings:
  Rank  Pressure    Confidence  
  ------------------------------
  1     102         0.050

Detector: BL_W90_T2.8_D40
Best Detection: 102 mmHg (confidence: 0.050)
Top 10 readings:
  Rank  Pressure    Confidence  
  ------------------------------
  1     102         0.050

Detector: BL_W90_T3.0_D2
Best Detection: 102 mmHg (confidence: 0.050)
Top 10 readings:
  Rank  Pressure    Confidence  
  ------------------------------
  1     102         0.050

Detector: BL_W90_T3.0_D4
Best Detection: 102 mmHg (confidence: 0.050)
Top 10 readings:
  Rank  Pressure    Confidence  
  ------------------------------
  1     102         0.050

Detector: BL_W90_T3.0_D6
Best Detection: 102 mmHg (confidence: 0.050)
Top 10 readings:
  Rank  Pressure    Confidence  
  ------------------------------
  1     102         0.050
  2     112         0.010

Detector: BL_W90_T3.0_D8
Best Detection: 112 mmHg (confidence: 0.126)
Top 10 readings:
  Rank  Pressure    Confidence  
  ------------------------------
  1     112         0.126
  2     102         0.050
  3     108         0.010

Detector: BL_W90_T3.0_D10
Best Detection: 111 mmHg (confidence: 0.126)
Top 10 readings:
  Rank  Pressure    Confidence  
  ------------------------------
  1     111         0.126
  2     102         0.050
  3     108         0.010
  4     108         0.010

Detector: BL_W90_T3.0_D15
Best Detection: 108 mmHg (confidence: 0.260)
Top 10 readings:
  Rank  Pressure    Confidence  
  ------------------------------
  1     108         0.260
  2     107         0.260
  3     106         0.126
  4     98          0.050
  5     102         0.010

Detector: BL_W90_T3.0_D20
Best Detection: 98 mmHg (confidence: 0.050)
Top 10 readings:
  Rank  Pressure    Confidence  
  ------------------------------
  1     98          0.050
  2     109         0.010
  3     102         0.010

Detector: BL_W90_T3.0_D25
Best Detection: 98 mmHg (confidence: 0.050)
Top 10 readings:
  Rank  Pressure    Confidence  
  ------------------------------
  1     98          0.050
  2     102         0.010

Detector: BL_W90_T3.0_D30
Best Detection: 102 mmHg (confidence: 0.050)
Top 10 readings:
  Rank  Pressure    Confidence  
  ------------------------------
  1     102         0.050

Detector: BL_W90_T3.0_D40
Best Detection: 102 mmHg (confidence: 0.050)
Top 10 readings:
  Rank  Pressure    Confidence  
  ------------------------------
  1     102         0.050

Detector: BL_W100_T1.2_D2
Best Detection: 84 mmHg (confidence: 0.740)
Top 10 readings:
  Rank  Pressure    Confidence  
  ------------------------------
  1     84          0.740
  2     82          0.660
  3     79          0.580
  4     77          0.500
  5     75          0.420
  6     108         0.340
  7     108         0.340
  8     73          0.340
  9     112         0.336
  10    106         0.260

Detector: BL_W100_T1.2_D4
Best Detection: 84 mmHg (confidence: 0.740)
Top 10 readings:
  Rank  Pressure    Confidence  
  ------------------------------
  1     84          0.740
  2     82          0.660
  3     79          0.580
  4     77          0.500
  5     75          0.420
  6     108         0.340
  7     108         0.340
  8     73          0.340
  9     112         0.336
  10    106         0.260

Detector: BL_W100_T1.2_D6
Best Detection: 84 mmHg (confidence: 0.740)
Top 10 readings:
  Rank  Pressure    Confidence  
  ------------------------------
  1     84          0.740
  2     82          0.660
  3     79          0.580
  4     77          0.500
  5     75          0.420
  6     108         0.340
  7     108         0.340
  8     73          0.340
  9     112         0.336
  10    106         0.260

Detector: BL_W100_T1.2_D8
Best Detection: 84 mmHg (confidence: 0.740)
Top 10 readings:
  Rank  Pressure    Confidence  
  ------------------------------
  1     84          0.740
  2     82          0.660
  3     79          0.580
  4     77          0.500
  5     75          0.420
  6     108         0.340
  7     108         0.340
  8     73          0.340
  9     112         0.336
  10    106         0.260

Detector: BL_W100_T1.2_D10
Best Detection: 84 mmHg (confidence: 0.740)
Top 10 readings:
  Rank  Pressure    Confidence  
  ------------------------------
  1     84          0.740
  2     82          0.660
  3     79          0.580
  4     77          0.500
  5     75          0.420
  6     108         0.340
  7     108         0.340
  8     73          0.340
  9     111         0.336
  10    106         0.260

Detector: BL_W100_T1.2_D15
Best Detection: 84 mmHg (confidence: 0.740)
Top 10 readings:
  Rank  Pressure    Confidence  
  ------------------------------
  1     84          0.740
  2     82          0.660
  3     79          0.580
  4     77          0.500
  5     75          0.420
  6     108         0.340
  7     107         0.340
  8     73          0.340
  9     106         0.260
  10    71          0.260

Detector: BL_W100_T1.2_D20
Best Detection: 84 mmHg (confidence: 0.740)
Top 10 readings:
  Rank  Pressure    Confidence  
  ------------------------------
  1     84          0.740
  2     82          0.660
  3     79          0.580
  4     77          0.500
  5     75          0.420
  6     73          0.340
  7     71          0.260
  8     102         0.126
  9     98          0.126
  10    92          0.126

Detector: BL_W100_T1.2_D25
Best Detection: 84 mmHg (confidence: 0.740)
Top 10 readings:
  Rank  Pressure    Confidence  
  ------------------------------
  1     84          0.740
  2     82          0.660
  3     79          0.580
  4     77          0.500
  5     75          0.420
  6     73          0.340
  7     71          0.260
  8     102         0.126
  9     98          0.126
  10    92          0.126

Detector: BL_W100_T1.2_D30
Best Detection: 84 mmHg (confidence: 0.740)
Top 10 readings:
  Rank  Pressure    Confidence  
  ------------------------------
  1     84          0.740
  2     82          0.660
  3     79          0.580
  4     77          0.500
  5     75          0.420
  6     73          0.340
  7     71          0.260
  8     102         0.126
  9     98          0.126
  10    92          0.126

Detector: BL_W100_T1.2_D40
Best Detection: 84 mmHg (confidence: 0.740)
Top 10 readings:
  Rank  Pressure    Confidence  
  ------------------------------
  1     84          0.740
  2     82          0.660
  3     79          0.580
  4     77          0.500
  5     75          0.420
  6     73          0.340
  7     71          0.260
  8     102         0.126
  9     98          0.126
  10    92          0.126

Detector: BL_W100_T1.4_D2
Best Detection: 84 mmHg (confidence: 0.740)
Top 10 readings:
  Rank  Pressure    Confidence  
  ------------------------------
  1     84          0.740
  2     82          0.660
  3     79          0.580
  4     77          0.500
  5     75          0.420
  6     108         0.340
  7     108         0.340
  8     73          0.340
  9     112         0.336
  10    106         0.260

Detector: BL_W100_T1.4_D4
Best Detection: 84 mmHg (confidence: 0.740)
Top 10 readings:
  Rank  Pressure    Confidence  
  ------------------------------
  1     84          0.740
  2     82          0.660
  3     79          0.580
  4     77          0.500
  5     75          0.420
  6     108         0.340
  7     108         0.340
  8     73          0.340
  9     112         0.336
  10    106         0.260

Detector: BL_W100_T1.4_D6
Best Detection: 84 mmHg (confidence: 0.740)
Top 10 readings:
  Rank  Pressure    Confidence  
  ------------------------------
  1     84          0.740
  2     82          0.660
  3     79          0.580
  4     77          0.500
  5     75          0.420
  6     108         0.340
  7     108         0.340
  8     73          0.340
  9     112         0.336
  10    106         0.260

Detector: BL_W100_T1.4_D8
Best Detection: 84 mmHg (confidence: 0.740)
Top 10 readings:
  Rank  Pressure    Confidence  
  ------------------------------
  1     84          0.740
  2     82          0.660
  3     79          0.580
  4     77          0.500
  5     75          0.420
  6     108         0.340
  7     108         0.340
  8     73          0.340
  9     112         0.336
  10    106         0.260

Detector: BL_W100_T1.4_D10
Best Detection: 84 mmHg (confidence: 0.740)
Top 10 readings:
  Rank  Pressure    Confidence  
  ------------------------------
  1     84          0.740
  2     82          0.660
  3     79          0.580
  4     77          0.500
  5     75          0.420
  6     108         0.340
  7     108         0.340
  8     73          0.340
  9     111         0.336
  10    106         0.260

Detector: BL_W100_T1.4_D15
Best Detection: 84 mmHg (confidence: 0.740)
Top 10 readings:
  Rank  Pressure    Confidence  
  ------------------------------
  1     84          0.740
  2     82          0.660
  3     79          0.580
  4     77          0.500
  5     75          0.420
  6     108         0.340
  7     107         0.340
  8     73          0.340
  9     106         0.260
  10    71          0.260

Detector: BL_W100_T1.4_D20
Best Detection: 84 mmHg (confidence: 0.740)
Top 10 readings:
  Rank  Pressure    Confidence  
  ------------------------------
  1     84          0.740
  2     82          0.660
  3     79          0.580
  4     77          0.500
  5     75          0.420
  6     73          0.340
  7     71          0.260
  8     102         0.126
  9     98          0.126
  10    92          0.126

Detector: BL_W100_T1.4_D25
Best Detection: 84 mmHg (confidence: 0.740)
Top 10 readings:
  Rank  Pressure    Confidence  
  ------------------------------
  1     84          0.740
  2     82          0.660
  3     79          0.580
  4     77          0.500
  5     75          0.420
  6     73          0.340
  7     71          0.260
  8     102         0.126
  9     98          0.126
  10    92          0.126

Detector: BL_W100_T1.4_D30
Best Detection: 84 mmHg (confidence: 0.740)
Top 10 readings:
  Rank  Pressure    Confidence  
  ------------------------------
  1     84          0.740
  2     82          0.660
  3     79          0.580
  4     77          0.500
  5     75          0.420
  6     73          0.340
  7     71          0.260
  8     102         0.126
  9     98          0.126
  10    92          0.126

Detector: BL_W100_T1.4_D40
Best Detection: 84 mmHg (confidence: 0.740)
Top 10 readings:
  Rank  Pressure    Confidence  
  ------------------------------
  1     84          0.740
  2     82          0.660
  3     79          0.580
  4     77          0.500
  5     75          0.420
  6     73          0.340
  7     71          0.260
  8     102         0.126
  9     98          0.126
  10    92          0.126

Detector: BL_W100_T1.6_D2
Best Detection: 84 mmHg (confidence: 0.740)
Top 10 readings:
  Rank  Pressure    Confidence  
  ------------------------------
  1     84          0.740
  2     81          0.660
  3     79          0.580
  4     77          0.500
  5     75          0.420
  6     108         0.340
  7     108         0.340
  8     73          0.340
  9     112         0.336
  10    106         0.260

Detector: BL_W100_T1.6_D4
Best Detection: 84 mmHg (confidence: 0.740)
Top 10 readings:
  Rank  Pressure    Confidence  
  ------------------------------
  1     84          0.740
  2     81          0.660
  3     79          0.580
  4     77          0.500
  5     75          0.420
  6     108         0.340
  7     108         0.340
  8     73          0.340
  9     112         0.336
  10    106         0.260

Detector: BL_W100_T1.6_D6
Best Detection: 84 mmHg (confidence: 0.740)
Top 10 readings:
  Rank  Pressure    Confidence  
  ------------------------------
  1     84          0.740
  2     81          0.660
  3     79          0.580
  4     77          0.500
  5     75          0.420
  6     108         0.340
  7     108         0.340
  8     73          0.340
  9     112         0.336
  10    106         0.260

Detector: BL_W100_T1.6_D8
Best Detection: 84 mmHg (confidence: 0.740)
Top 10 readings:
  Rank  Pressure    Confidence  
  ------------------------------
  1     84          0.740
  2     81          0.660
  3     79          0.580
  4     77          0.500
  5     75          0.420
  6     108         0.340
  7     108         0.340
  8     73          0.340
  9     112         0.336
  10    106         0.260

Detector: BL_W100_T1.6_D10
Best Detection: 84 mmHg (confidence: 0.740)
Top 10 readings:
  Rank  Pressure    Confidence  
  ------------------------------
  1     84          0.740
  2     81          0.660
  3     79          0.580
  4     77          0.500
  5     75          0.420
  6     108         0.340
  7     108         0.340
  8     73          0.340
  9     111         0.336
  10    106         0.260

Detector: BL_W100_T1.6_D15
Best Detection: 84 mmHg (confidence: 0.740)
Top 10 readings:
  Rank  Pressure    Confidence  
  ------------------------------
  1     84          0.740
  2     81          0.660
  3     79          0.580
  4     77          0.500
  5     75          0.420
  6     108         0.340
  7     107         0.340
  8     73          0.340
  9     106         0.260
  10    71          0.260

Detector: BL_W100_T1.6_D20
Best Detection: 84 mmHg (confidence: 0.740)
Top 10 readings:
  Rank  Pressure    Confidence  
  ------------------------------
  1     84          0.740
  2     81          0.660
  3     79          0.580
  4     77          0.500
  5     75          0.420
  6     73          0.340
  7     71          0.260
  8     102         0.126
  9     98          0.126
  10    92          0.126

Detector: BL_W100_T1.6_D25
Best Detection: 84 mmHg (confidence: 0.740)
Top 10 readings:
  Rank  Pressure    Confidence  
  ------------------------------
  1     84          0.740
  2     81          0.660
  3     79          0.580
  4     77          0.500
  5     75          0.420
  6     73          0.340
  7     71          0.260
  8     102         0.126
  9     98          0.126
  10    92          0.126

Detector: BL_W100_T1.6_D30
Best Detection: 84 mmHg (confidence: 0.740)
Top 10 readings:
  Rank  Pressure    Confidence  
  ------------------------------
  1     84          0.740
  2     81          0.660
  3     79          0.580
  4     77          0.500
  5     75          0.420
  6     73          0.340
  7     71          0.260
  8     102         0.126
  9     98          0.126
  10    92          0.126

Detector: BL_W100_T1.6_D40
Best Detection: 84 mmHg (confidence: 0.740)
Top 10 readings:
  Rank  Pressure    Confidence  
  ------------------------------
  1     84          0.740
  2     81          0.660
  3     79          0.580
  4     77          0.500
  5     75          0.420
  6     73          0.340
  7     71          0.260
  8     102         0.126
  9     98          0.126
  10    92          0.126

Detector: BL_W100_T1.8_D2
Best Detection: 83 mmHg (confidence: 0.740)
Top 10 readings:
  Rank  Pressure    Confidence  
  ------------------------------
  1     83          0.740
  2     81          0.660
  3     79          0.580
  4     77          0.500
  5     75          0.420
  6     73          0.340
  7     71          0.260
  8     112         0.126
  9     102         0.126
  10    98          0.126

Detector: BL_W100_T1.8_D4
Best Detection: 83 mmHg (confidence: 0.740)
Top 10 readings:
  Rank  Pressure    Confidence  
  ------------------------------
  1     83          0.740
  2     81          0.660
  3     79          0.580
  4     77          0.500
  5     75          0.420
  6     73          0.340
  7     71          0.260
  8     112         0.126
  9     102         0.126
  10    98          0.126

Detector: BL_W100_T1.8_D6
Best Detection: 83 mmHg (confidence: 0.740)
Top 10 readings:
  Rank  Pressure    Confidence  
  ------------------------------
  1     83          0.740
  2     81          0.660
  3     79          0.580
  4     77          0.500
  5     75          0.420
  6     73          0.340
  7     71          0.260
  8     112         0.126
  9     102         0.126
  10    98          0.126

Detector: BL_W100_T1.8_D8
Best Detection: 83 mmHg (confidence: 0.740)
Top 10 readings:
  Rank  Pressure    Confidence  
  ------------------------------
  1     83          0.740
  2     81          0.660
  3     79          0.580
  4     77          0.500
  5     75          0.420
  6     73          0.340
  7     71          0.260
  8     112         0.126
  9     102         0.126
  10    98          0.126

Detector: BL_W100_T1.8_D10
Best Detection: 83 mmHg (confidence: 0.740)
Top 10 readings:
  Rank  Pressure    Confidence  
  ------------------------------
  1     83          0.740
  2     81          0.660
  3     79          0.580
  4     77          0.500
  5     75          0.420
  6     73          0.340
  7     71          0.260
  8     111         0.126
  9     102         0.126
  10    98          0.126

Detector: BL_W100_T1.8_D15
Best Detection: 83 mmHg (confidence: 0.740)
Top 10 readings:
  Rank  Pressure    Confidence  
  ------------------------------
  1     83          0.740
  2     81          0.660
  3     79          0.580
  4     77          0.500
  5     75          0.420
  6     108         0.340
  7     107         0.340
  8     73          0.340
  9     106         0.260
  10    71          0.260

Detector: BL_W100_T1.8_D20
Best Detection: 83 mmHg (confidence: 0.740)
Top 10 readings:
  Rank  Pressure    Confidence  
  ------------------------------
  1     83          0.740
  2     81          0.660
  3     79          0.580
  4     77          0.500
  5     75          0.420
  6     73          0.340
  7     71          0.260
  8     102         0.126
  9     98          0.126
  10    68          0.126

Detector: BL_W100_T1.8_D25
Best Detection: 83 mmHg (confidence: 0.740)
Top 10 readings:
  Rank  Pressure    Confidence  
  ------------------------------
  1     83          0.740
  2     81          0.660
  3     79          0.580
  4     77          0.500
  5     75          0.420
  6     73          0.340
  7     71          0.260
  8     102         0.126
  9     98          0.126
  10    68          0.126

Detector: BL_W100_T1.8_D30
Best Detection: 83 mmHg (confidence: 0.740)
Top 10 readings:
  Rank  Pressure    Confidence  
  ------------------------------
  1     83          0.740
  2     81          0.660
  3     79          0.580
  4     77          0.500
  5     75          0.420
  6     73          0.340
  7     71          0.260
  8     102         0.126
  9     98          0.126
  10    68          0.126

Detector: BL_W100_T1.8_D40
Best Detection: 83 mmHg (confidence: 0.740)
Top 10 readings:
  Rank  Pressure    Confidence  
  ------------------------------
  1     83          0.740
  2     81          0.660
  3     79          0.580
  4     77          0.500
  5     75          0.420
  6     73          0.340
  7     71          0.260
  8     102         0.126
  9     98          0.126
  10    68          0.126

Detector: BL_W100_T2.0_D2
Best Detection: 71 mmHg (confidence: 0.260)
Top 10 readings:
  Rank  Pressure    Confidence  
  ------------------------------
  1     71          0.260
  2     112         0.126
  3     102         0.126
  4     98          0.126
  5     68          0.126
  6     66          0.050
  7     108         0.010
  8     107         0.010
  9     97          0.010

Detector: BL_W100_T2.0_D4
Best Detection: 71 mmHg (confidence: 0.260)
Top 10 readings:
  Rank  Pressure    Confidence  
  ------------------------------
  1     71          0.260
  2     112         0.126
  3     102         0.126
  4     98          0.126
  5     68          0.126
  6     66          0.050
  7     108         0.010
  8     107         0.010
  9     97          0.010

Detector: BL_W100_T2.0_D6
Best Detection: 71 mmHg (confidence: 0.260)
Top 10 readings:
  Rank  Pressure    Confidence  
  ------------------------------
  1     71          0.260
  2     112         0.126
  3     102         0.126
  4     98          0.126
  5     68          0.126
  6     66          0.050
  7     108         0.010
  8     107         0.010
  9     97          0.010

Detector: BL_W100_T2.0_D8
Best Detection: 71 mmHg (confidence: 0.260)
Top 10 readings:
  Rank  Pressure    Confidence  
  ------------------------------
  1     71          0.260
  2     112         0.126
  3     102         0.126
  4     98          0.126
  5     68          0.126
  6     66          0.050
  7     108         0.010
  8     108         0.010
  9     97          0.010

Detector: BL_W100_T2.0_D10
Best Detection: 71 mmHg (confidence: 0.260)
Top 10 readings:
  Rank  Pressure    Confidence  
  ------------------------------
  1     71          0.260
  2     111         0.126
  3     102         0.126
  4     98          0.126
  5     68          0.126
  6     66          0.050
  7     108         0.010
  8     108         0.010
  9     97          0.010

Detector: BL_W100_T2.0_D15
Best Detection: 108 mmHg (confidence: 0.340)
Top 10 readings:
  Rank  Pressure    Confidence  
  ------------------------------
  1     108         0.340
  2     107         0.340
  3     106         0.260
  4     71          0.260
  5     102         0.126
  6     98          0.126
  7     68          0.126
  8     66          0.050
  9     97          0.010

Detector: BL_W100_T2.0_D20
Best Detection: 71 mmHg (confidence: 0.260)
Top 10 readings:
  Rank  Pressure    Confidence  
  ------------------------------
  1     71          0.260
  2     102         0.126
  3     98          0.126
  4     68          0.126
  5     66          0.050
  6     109         0.010
  7     97          0.010

Detector: BL_W100_T2.0_D25
Best Detection: 71 mmHg (confidence: 0.260)
Top 10 readings:
  Rank  Pressure    Confidence  
  ------------------------------
  1     71          0.260
  2     102         0.126
  3     98          0.126
  4     68          0.126
  5     66          0.050
  6     97          0.010

Detector: BL_W100_T2.0_D30
Best Detection: 71 mmHg (confidence: 0.260)
Top 10 readings:
  Rank  Pressure    Confidence  
  ------------------------------
  1     71          0.260
  2     102         0.126
  3     98          0.126
  4     68          0.126
  5     66          0.050
  6     97          0.010

Detector: BL_W100_T2.0_D40
Best Detection: 71 mmHg (confidence: 0.260)
Top 10 readings:
  Rank  Pressure    Confidence  
  ------------------------------
  1     71          0.260
  2     102         0.126
  3     98          0.126
  4     68          0.126
  5     66          0.050
  6     97          0.010

Detector: BL_W100_T2.2_D2
Best Detection: 112 mmHg (confidence: 0.126)
Top 10 readings:
  Rank  Pressure    Confidence  
  ------------------------------
  1     112         0.126
  2     98          0.050
  3     108         0.010
  4     102         0.010

Detector: BL_W100_T2.2_D4
Best Detection: 112 mmHg (confidence: 0.126)
Top 10 readings:
  Rank  Pressure    Confidence  
  ------------------------------
  1     112         0.126
  2     98          0.050
  3     108         0.010
  4     102         0.010

Detector: BL_W100_T2.2_D6
Best Detection: 112 mmHg (confidence: 0.126)
Top 10 readings:
  Rank  Pressure    Confidence  
  ------------------------------
  1     112         0.126
  2     98          0.050
  3     108         0.010
  4     102         0.010

Detector: BL_W100_T2.2_D8
Best Detection: 112 mmHg (confidence: 0.126)
Top 10 readings:
  Rank  Pressure    Confidence  
  ------------------------------
  1     112         0.126
  2     98          0.050
  3     108         0.010
  4     108         0.010
  5     102         0.010

Detector: BL_W100_T2.2_D10
Best Detection: 111 mmHg (confidence: 0.126)
Top 10 readings:
  Rank  Pressure    Confidence  
  ------------------------------
  1     111         0.126
  2     98          0.050
  3     108         0.010
  4     108         0.010
  5     102         0.010

Detector: BL_W100_T2.2_D15
Best Detection: 108 mmHg (confidence: 0.260)
Top 10 readings:
  Rank  Pressure    Confidence  
  ------------------------------
  1     108         0.260
  2     107         0.260
  3     106         0.126
  4     98          0.050
  5     102         0.010

Detector: BL_W100_T2.2_D20
Best Detection: 98 mmHg (confidence: 0.050)
Top 10 readings:
  Rank  Pressure    Confidence  
  ------------------------------
  1     98          0.050
  2     109         0.010
  3     102         0.010

Detector: BL_W100_T2.2_D25
Best Detection: 98 mmHg (confidence: 0.050)
Top 10 readings:
  Rank  Pressure    Confidence  
  ------------------------------
  1     98          0.050
  2     102         0.010

Detector: BL_W100_T2.2_D30
Best Detection: 98 mmHg (confidence: 0.050)
Top 10 readings:
  Rank  Pressure    Confidence  
  ------------------------------
  1     98          0.050
  2     102         0.010

Detector: BL_W100_T2.2_D40
Best Detection: 98 mmHg (confidence: 0.050)
Top 10 readings:
  Rank  Pressure    Confidence  
  ------------------------------
  1     98          0.050
  2     102         0.010

Detector: BL_W100_T2.4_D2
Best Detection: 98 mmHg (confidence: 0.050)
Top 10 readings:
  Rank  Pressure    Confidence  
  ------------------------------
  1     98          0.050
  2     108         0.010
  3     102         0.010

Detector: BL_W100_T2.4_D4
Best Detection: 98 mmHg (confidence: 0.050)
Top 10 readings:
  Rank  Pressure    Confidence  
  ------------------------------
  1     98          0.050
  2     108         0.010
  3     102         0.010

Detector: BL_W100_T2.4_D6
Best Detection: 112 mmHg (confidence: 0.126)
Top 10 readings:
  Rank  Pressure    Confidence  
  ------------------------------
  1     112         0.126
  2     98          0.050
  3     108         0.010
  4     102         0.010

Detector: BL_W100_T2.4_D8
Best Detection: 112 mmHg (confidence: 0.126)
Top 10 readings:
  Rank  Pressure    Confidence  
  ------------------------------
  1     112         0.126
  2     98          0.050
  3     108         0.010
  4     108         0.010
  5     102         0.010

Detector: BL_W100_T2.4_D10
Best Detection: 111 mmHg (confidence: 0.126)
Top 10 readings:
  Rank  Pressure    Confidence  
  ------------------------------
  1     111         0.126
  2     98          0.050
  3     108         0.010
  4     108         0.010
  5     102         0.010

Detector: BL_W100_T2.4_D15
Best Detection: 108 mmHg (confidence: 0.260)
Top 10 readings:
  Rank  Pressure    Confidence  
  ------------------------------
  1     108         0.260
  2     107         0.260
  3     106         0.126
  4     98          0.050
  5     102         0.010

Detector: BL_W100_T2.4_D20
Best Detection: 98 mmHg (confidence: 0.050)
Top 10 readings:
  Rank  Pressure    Confidence  
  ------------------------------
  1     98          0.050
  2     109         0.010
  3     102         0.010

Detector: BL_W100_T2.4_D25
Best Detection: 98 mmHg (confidence: 0.050)
Top 10 readings:
  Rank  Pressure    Confidence  
  ------------------------------
  1     98          0.050
  2     102         0.010

Detector: BL_W100_T2.4_D30
Best Detection: 98 mmHg (confidence: 0.050)
Top 10 readings:
  Rank  Pressure    Confidence  
  ------------------------------
  1     98          0.050
  2     102         0.010

Detector: BL_W100_T2.4_D40
Best Detection: 98 mmHg (confidence: 0.050)
Top 10 readings:
  Rank  Pressure    Confidence  
  ------------------------------
  1     98          0.050
  2     102         0.010

Detector: BL_W100_T2.6_D2
Best Detection: 98 mmHg (confidence: 0.050)
Top 10 readings:
  Rank  Pressure    Confidence  
  ------------------------------
  1     98          0.050
  2     109         0.010
  3     102         0.010

Detector: BL_W100_T2.6_D4
Best Detection: 98 mmHg (confidence: 0.050)
Top 10 readings:
  Rank  Pressure    Confidence  
  ------------------------------
  1     98          0.050
  2     109         0.010
  3     102         0.010

Detector: BL_W100_T2.6_D6
Best Detection: 112 mmHg (confidence: 0.126)
Top 10 readings:
  Rank  Pressure    Confidence  
  ------------------------------
  1     112         0.126
  2     98          0.050
  3     109         0.010
  4     102         0.010

Detector: BL_W100_T2.6_D8
Best Detection: 112 mmHg (confidence: 0.126)
Top 10 readings:
  Rank  Pressure    Confidence  
  ------------------------------
  1     112         0.126
  2     98          0.050
  3     108         0.010
  4     102         0.010

Detector: BL_W100_T2.6_D10
Best Detection: 111 mmHg (confidence: 0.126)
Top 10 readings:
  Rank  Pressure    Confidence  
  ------------------------------
  1     111         0.126
  2     98          0.050
  3     108         0.010
  4     108         0.010
  5     102         0.010

Detector: BL_W100_T2.6_D15
Best Detection: 108 mmHg (confidence: 0.260)
Top 10 readings:
  Rank  Pressure    Confidence  
  ------------------------------
  1     108         0.260
  2     107         0.260
  3     106         0.126
  4     98          0.050
  5     102         0.010

Detector: BL_W100_T2.6_D20
Best Detection: 98 mmHg (confidence: 0.050)
Top 10 readings:
  Rank  Pressure    Confidence  
  ------------------------------
  1     98          0.050
  2     109         0.010
  3     102         0.010

Detector: BL_W100_T2.6_D25
Best Detection: 98 mmHg (confidence: 0.050)
Top 10 readings:
  Rank  Pressure    Confidence  
  ------------------------------
  1     98          0.050
  2     102         0.010

Detector: BL_W100_T2.6_D30
Best Detection: 98 mmHg (confidence: 0.050)
Top 10 readings:
  Rank  Pressure    Confidence  
  ------------------------------
  1     98          0.050
  2     102         0.010

Detector: BL_W100_T2.6_D40
Best Detection: 98 mmHg (confidence: 0.050)
Top 10 readings:
  Rank  Pressure    Confidence  
  ------------------------------
  1     98          0.050
  2     102         0.010

Detector: BL_W100_T2.8_D2
Best Detection: 98 mmHg (confidence: 0.050)
Top 10 readings:
  Rank  Pressure    Confidence  
  ------------------------------
  1     98          0.050
  2     102         0.010

Detector: BL_W100_T2.8_D4
Best Detection: 98 mmHg (confidence: 0.050)
Top 10 readings:
  Rank  Pressure    Confidence  
  ------------------------------
  1     98          0.050
  2     102         0.010

Detector: BL_W100_T2.8_D6
Best Detection: 98 mmHg (confidence: 0.050)
Top 10 readings:
  Rank  Pressure    Confidence  
  ------------------------------
  1     98          0.050
  2     112         0.010
  3     102         0.010

Detector: BL_W100_T2.8_D8
Best Detection: 112 mmHg (confidence: 0.126)
Top 10 readings:
  Rank  Pressure    Confidence  
  ------------------------------
  1     112         0.126
  2     98          0.050
  3     108         0.010
  4     102         0.010

Detector: BL_W100_T2.8_D10
Best Detection: 111 mmHg (confidence: 0.126)
Top 10 readings:
  Rank  Pressure    Confidence  
  ------------------------------
  1     111         0.126
  2     98          0.050
  3     108         0.010
  4     108         0.010
  5     102         0.010

Detector: BL_W100_T2.8_D15
Best Detection: 108 mmHg (confidence: 0.260)
Top 10 readings:
  Rank  Pressure    Confidence  
  ------------------------------
  1     108         0.260
  2     107         0.260
  3     106         0.126
  4     98          0.050
  5     102         0.010

Detector: BL_W100_T2.8_D20
Best Detection: 98 mmHg (confidence: 0.050)
Top 10 readings:
  Rank  Pressure    Confidence  
  ------------------------------
  1     98          0.050
  2     109         0.010
  3     102         0.010

Detector: BL_W100_T2.8_D25
Best Detection: 98 mmHg (confidence: 0.050)
Top 10 readings:
  Rank  Pressure    Confidence  
  ------------------------------
  1     98          0.050
  2     102         0.010

Detector: BL_W100_T2.8_D30
Best Detection: 98 mmHg (confidence: 0.050)
Top 10 readings:
  Rank  Pressure    Confidence  
  ------------------------------
  1     98          0.050
  2     102         0.010

Detector: BL_W100_T2.8_D40
Best Detection: 98 mmHg (confidence: 0.050)
Top 10 readings:
  Rank  Pressure    Confidence  
  ------------------------------
  1     98          0.050
  2     102         0.010

Detector: BL_W100_T3.0_D2
Best Detection: 102 mmHg (confidence: 0.050)
Top 10 readings:
  Rank  Pressure    Confidence  
  ------------------------------
  1     102         0.050

Detector: BL_W100_T3.0_D4
Best Detection: 102 mmHg (confidence: 0.050)
Top 10 readings:
  Rank  Pressure    Confidence  
  ------------------------------
  1     102         0.050

Detector: BL_W100_T3.0_D6
Best Detection: 102 mmHg (confidence: 0.050)
Top 10 readings:
  Rank  Pressure    Confidence  
  ------------------------------
  1     102         0.050
  2     112         0.010

Detector: BL_W100_T3.0_D8
Best Detection: 112 mmHg (confidence: 0.126)
Top 10 readings:
  Rank  Pressure    Confidence  
  ------------------------------
  1     112         0.126
  2     102         0.050
  3     108         0.010

Detector: BL_W100_T3.0_D10
Best Detection: 111 mmHg (confidence: 0.126)
Top 10 readings:
  Rank  Pressure    Confidence  
  ------------------------------
  1     111         0.126
  2     102         0.050
  3     108         0.010
  4     108         0.010

Detector: BL_W100_T3.0_D15
Best Detection: 108 mmHg (confidence: 0.260)
Top 10 readings:
  Rank  Pressure    Confidence  
  ------------------------------
  1     108         0.260
  2     107         0.260
  3     106         0.126
  4     98          0.050
  5     102         0.010

Detector: BL_W100_T3.0_D20
Best Detection: 98 mmHg (confidence: 0.050)
Top 10 readings:
  Rank  Pressure    Confidence  
  ------------------------------
  1     98          0.050
  2     109         0.010
  3     102         0.010

Detector: BL_W100_T3.0_D25
Best Detection: 98 mmHg (confidence: 0.050)
Top 10 readings:
  Rank  Pressure    Confidence  
  ------------------------------
  1     98          0.050
  2     102         0.010

Detector: BL_W100_T3.0_D30
Best Detection: 102 mmHg (confidence: 0.050)
Top 10 readings:
  Rank  Pressure    Confidence  
  ------------------------------
  1     102         0.050

Detector: BL_W100_T3.0_D40
Best Detection: 102 mmHg (confidence: 0.050)
Top 10 readings:
  Rank  Pressure    Confidence  
  ------------------------------
  1     102         0.050

Detector: BL_W110_T1.2_D2
Best Detection: 84 mmHg (confidence: 0.740)
Top 10 readings:
  Rank  Pressure    Confidence  
  ------------------------------
  1     84          0.740
  2     82          0.660
  3     79          0.580
  4     77          0.500
  5     75          0.420
  6     108         0.340
  7     108         0.340
  8     73          0.340
  9     112         0.336
  10    106         0.260

Detector: BL_W110_T1.2_D4
Best Detection: 84 mmHg (confidence: 0.740)
Top 10 readings:
  Rank  Pressure    Confidence  
  ------------------------------
  1     84          0.740
  2     82          0.660
  3     79          0.580
  4     77          0.500
  5     75          0.420
  6     108         0.340
  7     108         0.340
  8     73          0.340
  9     112         0.336
  10    106         0.260

Detector: BL_W110_T1.2_D6
Best Detection: 84 mmHg (confidence: 0.740)
Top 10 readings:
  Rank  Pressure    Confidence  
  ------------------------------
  1     84          0.740
  2     82          0.660
  3     79          0.580
  4     77          0.500
  5     75          0.420
  6     108         0.340
  7     108         0.340
  8     73          0.340
  9     112         0.336
  10    106         0.260

Detector: BL_W110_T1.2_D8
Best Detection: 84 mmHg (confidence: 0.740)
Top 10 readings:
  Rank  Pressure    Confidence  
  ------------------------------
  1     84          0.740
  2     82          0.660
  3     79          0.580
  4     77          0.500
  5     75          0.420
  6     108         0.340
  7     108         0.340
  8     73          0.340
  9     112         0.336
  10    106         0.260

Detector: BL_W110_T1.2_D10
Best Detection: 84 mmHg (confidence: 0.740)
Top 10 readings:
  Rank  Pressure    Confidence  
  ------------------------------
  1     84          0.740
  2     82          0.660
  3     79          0.580
  4     77          0.500
  5     75          0.420
  6     108         0.340
  7     108         0.340
  8     73          0.340
  9     106         0.260
  10    71          0.260

Detector: BL_W110_T1.2_D15
Best Detection: 84 mmHg (confidence: 0.740)
Top 10 readings:
  Rank  Pressure    Confidence  
  ------------------------------
  1     84          0.740
  2     82          0.660
  3     79          0.580
  4     77          0.500
  5     75          0.420
  6     108         0.340
  7     107         0.340
  8     73          0.340
  9     106         0.260
  10    71          0.260

Detector: BL_W110_T1.2_D20
Best Detection: 84 mmHg (confidence: 0.740)
Top 10 readings:
  Rank  Pressure    Confidence  
  ------------------------------
  1     84          0.740
  2     82          0.660
  3     79          0.580
  4     77          0.500
  5     75          0.420
  6     73          0.340
  7     71          0.260
  8     102         0.126
  9     98          0.126
  10    92          0.126

Detector: BL_W110_T1.2_D25
Best Detection: 84 mmHg (confidence: 0.740)
Top 10 readings:
  Rank  Pressure    Confidence  
  ------------------------------
  1     84          0.740
  2     82          0.660
  3     79          0.580
  4     77          0.500
  5     75          0.420
  6     73          0.340
  7     71          0.260
  8     102         0.126
  9     98          0.126
  10    92          0.126

Detector: BL_W110_T1.2_D30
Best Detection: 84 mmHg (confidence: 0.740)
Top 10 readings:
  Rank  Pressure    Confidence  
  ------------------------------
  1     84          0.740
  2     82          0.660
  3     79          0.580
  4     77          0.500
  5     75          0.420
  6     73          0.340
  7     71          0.260
  8     102         0.126
  9     98          0.126
  10    92          0.126

Detector: BL_W110_T1.2_D40
Best Detection: 84 mmHg (confidence: 0.740)
Top 10 readings:
  Rank  Pressure    Confidence  
  ------------------------------
  1     84          0.740
  2     82          0.660
  3     79          0.580
  4     77          0.500
  5     75          0.420
  6     73          0.340
  7     71          0.260
  8     102         0.126
  9     98          0.126
  10    92          0.126

Detector: BL_W110_T1.4_D2
Best Detection: 83 mmHg (confidence: 0.740)
Top 10 readings:
  Rank  Pressure    Confidence  
  ------------------------------
  1     83          0.740
  2     82          0.660
  3     79          0.580
  4     77          0.500
  5     75          0.420
  6     108         0.340
  7     108         0.340
  8     73          0.340
  9     112         0.336
  10    106         0.260

Detector: BL_W110_T1.4_D4
Best Detection: 83 mmHg (confidence: 0.740)
Top 10 readings:
  Rank  Pressure    Confidence  
  ------------------------------
  1     83          0.740
  2     82          0.660
  3     79          0.580
  4     77          0.500
  5     75          0.420
  6     108         0.340
  7     108         0.340
  8     73          0.340
  9     112         0.336
  10    106         0.260

Detector: BL_W110_T1.4_D6
Best Detection: 83 mmHg (confidence: 0.740)
Top 10 readings:
  Rank  Pressure    Confidence  
  ------------------------------
  1     83          0.740
  2     82          0.660
  3     79          0.580
  4     77          0.500
  5     75          0.420
  6     108         0.340
  7     108         0.340
  8     73          0.340
  9     112         0.336
  10    106         0.260

Detector: BL_W110_T1.4_D8
Best Detection: 83 mmHg (confidence: 0.740)
Top 10 readings:
  Rank  Pressure    Confidence  
  ------------------------------
  1     83          0.740
  2     82          0.660
  3     79          0.580
  4     77          0.500
  5     75          0.420
  6     108         0.340
  7     108         0.340
  8     73          0.340
  9     112         0.336
  10    106         0.260

Detector: BL_W110_T1.4_D10
Best Detection: 83 mmHg (confidence: 0.740)
Top 10 readings:
  Rank  Pressure    Confidence  
  ------------------------------
  1     83          0.740
  2     82          0.660
  3     79          0.580
  4     77          0.500
  5     75          0.420
  6     108         0.340
  7     108         0.340
  8     73          0.340
  9     106         0.260
  10    71          0.260

Detector: BL_W110_T1.4_D15
Best Detection: 83 mmHg (confidence: 0.740)
Top 10 readings:
  Rank  Pressure    Confidence  
  ------------------------------
  1     83          0.740
  2     82          0.660
  3     79          0.580
  4     77          0.500
  5     75          0.420
  6     108         0.340
  7     107         0.340
  8     73          0.340
  9     106         0.260
  10    71          0.260

Detector: BL_W110_T1.4_D20
Best Detection: 83 mmHg (confidence: 0.740)
Top 10 readings:
  Rank  Pressure    Confidence  
  ------------------------------
  1     83          0.740
  2     82          0.660
  3     79          0.580
  4     77          0.500
  5     75          0.420
  6     73          0.340
  7     71          0.260
  8     102         0.126
  9     98          0.126
  10    92          0.126

Detector: BL_W110_T1.4_D25
Best Detection: 83 mmHg (confidence: 0.740)
Top 10 readings:
  Rank  Pressure    Confidence  
  ------------------------------
  1     83          0.740
  2     82          0.660
  3     79          0.580
  4     77          0.500
  5     75          0.420
  6     73          0.340
  7     71          0.260
  8     102         0.126
  9     98          0.126
  10    92          0.126

Detector: BL_W110_T1.4_D30
Best Detection: 83 mmHg (confidence: 0.740)
Top 10 readings:
  Rank  Pressure    Confidence  
  ------------------------------
  1     83          0.740
  2     82          0.660
  3     79          0.580
  4     77          0.500
  5     75          0.420
  6     73          0.340
  7     71          0.260
  8     102         0.126
  9     98          0.126
  10    92          0.126

Detector: BL_W110_T1.4_D40
Best Detection: 83 mmHg (confidence: 0.740)
Top 10 readings:
  Rank  Pressure    Confidence  
  ------------------------------
  1     83          0.740
  2     82          0.660
  3     79          0.580
  4     77          0.500
  5     75          0.420
  6     73          0.340
  7     71          0.260
  8     102         0.126
  9     98          0.126
  10    92          0.126

Detector: BL_W110_T1.6_D2
Best Detection: 81 mmHg (confidence: 0.660)
Top 10 readings:
  Rank  Pressure    Confidence  
  ------------------------------
  1     81          0.660
  2     79          0.580
  3     77          0.500
  4     75          0.420
  5     108         0.340
  6     108         0.340
  7     73          0.340
  8     112         0.336
  9     106         0.260
  10    71          0.260

Detector: BL_W110_T1.6_D4
Best Detection: 81 mmHg (confidence: 0.660)
Top 10 readings:
  Rank  Pressure    Confidence  
  ------------------------------
  1     81          0.660
  2     79          0.580
  3     77          0.500
  4     75          0.420
  5     108         0.340
  6     108         0.340
  7     73          0.340
  8     112         0.336
  9     106         0.260
  10    71          0.260

Detector: BL_W110_T1.6_D6
Best Detection: 81 mmHg (confidence: 0.660)
Top 10 readings:
  Rank  Pressure    Confidence  
  ------------------------------
  1     81          0.660
  2     79          0.580
  3     77          0.500
  4     75          0.420
  5     108         0.340
  6     108         0.340
  7     73          0.340
  8     112         0.336
  9     106         0.260
  10    71          0.260

Detector: BL_W110_T1.6_D8
Best Detection: 81 mmHg (confidence: 0.660)
Top 10 readings:
  Rank  Pressure    Confidence  
  ------------------------------
  1     81          0.660
  2     79          0.580
  3     77          0.500
  4     75          0.420
  5     108         0.340
  6     108         0.340
  7     73          0.340
  8     112         0.336
  9     106         0.260
  10    71          0.260

Detector: BL_W110_T1.6_D10
Best Detection: 81 mmHg (confidence: 0.660)
Top 10 readings:
  Rank  Pressure    Confidence  
  ------------------------------
  1     81          0.660
  2     79          0.580
  3     77          0.500
  4     75          0.420
  5     108         0.340
  6     108         0.340
  7     73          0.340
  8     106         0.260
  9     71          0.260
  10    102         0.126

Detector: BL_W110_T1.6_D15
Best Detection: 81 mmHg (confidence: 0.660)
Top 10 readings:
  Rank  Pressure    Confidence  
  ------------------------------
  1     81          0.660
  2     79          0.580
  3     77          0.500
  4     75          0.420
  5     108         0.340
  6     107         0.340
  7     73          0.340
  8     106         0.260
  9     71          0.260
  10    102         0.126

Detector: BL_W110_T1.6_D20
Best Detection: 81 mmHg (confidence: 0.660)
Top 10 readings:
  Rank  Pressure    Confidence  
  ------------------------------
  1     81          0.660
  2     79          0.580
  3     77          0.500
  4     75          0.420
  5     73          0.340
  6     71          0.260
  7     102         0.126
  8     98          0.126
  9     92          0.126
  10    69          0.126

Detector: BL_W110_T1.6_D25
Best Detection: 81 mmHg (confidence: 0.660)
Top 10 readings:
  Rank  Pressure    Confidence  
  ------------------------------
  1     81          0.660
  2     79          0.580
  3     77          0.500
  4     75          0.420
  5     73          0.340
  6     71          0.260
  7     102         0.126
  8     98          0.126
  9     92          0.126
  10    69          0.126

Detector: BL_W110_T1.6_D30
Best Detection: 81 mmHg (confidence: 0.660)
Top 10 readings:
  Rank  Pressure    Confidence  
  ------------------------------
  1     81          0.660
  2     79          0.580
  3     77          0.500
  4     75          0.420
  5     73          0.340
  6     71          0.260
  7     102         0.126
  8     98          0.126
  9     92          0.126
  10    69          0.126

Detector: BL_W110_T1.6_D40
Best Detection: 81 mmHg (confidence: 0.660)
Top 10 readings:
  Rank  Pressure    Confidence  
  ------------------------------
  1     81          0.660
  2     79          0.580
  3     77          0.500
  4     75          0.420
  5     73          0.340
  6     71          0.260
  7     102         0.126
  8     98          0.126
  9     92          0.126
  10    69          0.126

Detector: BL_W110_T1.8_D2
Best Detection: 75 mmHg (confidence: 0.420)
Top 10 readings:
  Rank  Pressure    Confidence  
  ------------------------------
  1     75          0.420
  2     73          0.340
  3     71          0.260
  4     111         0.126
  5     102         0.126
  6     98          0.126
  7     81          0.126
  8     69          0.126
  9     66          0.050
  10    108         0.010

Detector: BL_W110_T1.8_D4
Best Detection: 75 mmHg (confidence: 0.420)
Top 10 readings:
  Rank  Pressure    Confidence  
  ------------------------------
  1     75          0.420
  2     73          0.340
  3     71          0.260
  4     111         0.126
  5     102         0.126
  6     98          0.126
  7     81          0.126
  8     69          0.126
  9     66          0.050
  10    108         0.010

Detector: BL_W110_T1.8_D6
Best Detection: 75 mmHg (confidence: 0.420)
Top 10 readings:
  Rank  Pressure    Confidence  
  ------------------------------
  1     75          0.420
  2     73          0.340
  3     71          0.260
  4     112         0.126
  5     102         0.126
  6     98          0.126
  7     81          0.126
  8     69          0.126
  9     66          0.050
  10    119         0.010

Detector: BL_W110_T1.8_D8
Best Detection: 75 mmHg (confidence: 0.420)
Top 10 readings:
  Rank  Pressure    Confidence  
  ------------------------------
  1     75          0.420
  2     73          0.340
  3     71          0.260
  4     112         0.126
  5     102         0.126
  6     98          0.126
  7     81          0.126
  8     69          0.126
  9     66          0.050
  10    108         0.010

Detector: BL_W110_T1.8_D10
Best Detection: 75 mmHg (confidence: 0.420)
Top 10 readings:
  Rank  Pressure    Confidence  
  ------------------------------
  1     75          0.420
  2     73          0.340
  3     71          0.260
  4     102         0.126
  5     98          0.126
  6     81          0.126
  7     69          0.126
  8     66          0.050
  9     108         0.010
  10    108         0.010

Detector: BL_W110_T1.8_D15
Best Detection: 75 mmHg (confidence: 0.420)
Top 10 readings:
  Rank  Pressure    Confidence  
  ------------------------------
  1     75          0.420
  2     108         0.340
  3     107         0.340
  4     73          0.340
  5     106         0.260
  6     71          0.260
  7     102         0.126
  8     98          0.126
  9     81          0.126
  10    69          0.126

Detector: BL_W110_T1.8_D20
Best Detection: 75 mmHg (confidence: 0.420)
Top 10 readings:
  Rank  Pressure    Confidence  
  ------------------------------
  1     75          0.420
  2     73          0.340
  3     71          0.260
  4     102         0.126
  5     98          0.126
  6     81          0.126
  7     69          0.126
  8     66          0.050
  9     109         0.010
  10    98          0.010

Detector: BL_W110_T1.8_D25
Best Detection: 75 mmHg (confidence: 0.420)
Top 10 readings:
  Rank  Pressure    Confidence  
  ------------------------------
  1     75          0.420
  2     73          0.340
  3     71          0.260
  4     102         0.126
  5     98          0.126
  6     81          0.126
  7     69          0.126
  8     66          0.050
  9     98          0.010
  10    79          0.010

Detector: BL_W110_T1.8_D30
Best Detection: 75 mmHg (confidence: 0.420)
Top 10 readings:
  Rank  Pressure    Confidence  
  ------------------------------
  1     75          0.420
  2     73          0.340
  3     71          0.260
  4     102         0.126
  5     98          0.126
  6     81          0.126
  7     69          0.126
  8     66          0.050
  9     98          0.010
  10    79          0.010

Detector: BL_W110_T1.8_D40
Best Detection: 75 mmHg (confidence: 0.420)
Top 10 readings:
  Rank  Pressure    Confidence  
  ------------------------------
  1     75          0.420
  2     73          0.340
  3     71          0.260
  4     102         0.126
  5     98          0.126
  6     81          0.126
  7     69          0.126
  8     66          0.050
  9     98          0.010
  10    79          0.010

Detector: BL_W110_T2.0_D2
Best Detection: 73 mmHg (confidence: 0.340)
Top 10 readings:
  Rank  Pressure    Confidence  
  ------------------------------
  1     73          0.340
  2     71          0.260
  3     102         0.126
  4     98          0.126
  5     68          0.126
  6     66          0.050
  7     108         0.010
  8     107         0.010
  9     97          0.010

Detector: BL_W110_T2.0_D4
Best Detection: 73 mmHg (confidence: 0.340)
Top 10 readings:
  Rank  Pressure    Confidence  
  ------------------------------
  1     73          0.340
  2     71          0.260
  3     102         0.126
  4     98          0.126
  5     68          0.126
  6     66          0.050
  7     108         0.010
  8     107         0.010
  9     97          0.010

Detector: BL_W110_T2.0_D6
Best Detection: 73 mmHg (confidence: 0.340)
Top 10 readings:
  Rank  Pressure    Confidence  
  ------------------------------
  1     73          0.340
  2     71          0.260
  3     112         0.126
  4     102         0.126
  5     98          0.126
  6     68          0.126
  7     66          0.050
  8     119         0.010
  9     108         0.010
  10    107         0.010

Detector: BL_W110_T2.0_D8
Best Detection: 73 mmHg (confidence: 0.340)
Top 10 readings:
  Rank  Pressure    Confidence  
  ------------------------------
  1     73          0.340
  2     71          0.260
  3     112         0.126
  4     102         0.126
  5     98          0.126
  6     68          0.126
  7     66          0.050
  8     108         0.010
  9     108         0.010
  10    97          0.010

Detector: BL_W110_T2.0_D10
Best Detection: 73 mmHg (confidence: 0.340)
Top 10 readings:
  Rank  Pressure    Confidence  
  ------------------------------
  1     73          0.340
  2     71          0.260
  3     102         0.126
  4     98          0.126
  5     68          0.126
  6     66          0.050
  7     108         0.010
  8     108         0.010
  9     97          0.010

Detector: BL_W110_T2.0_D15
Best Detection: 108 mmHg (confidence: 0.340)
Top 10 readings:
  Rank  Pressure    Confidence  
  ------------------------------
  1     108         0.340
  2     107         0.340
  3     73          0.340
  4     106         0.260
  5     71          0.260
  6     102         0.126
  7     98          0.126
  8     68          0.126
  9     66          0.050
  10    97          0.010

Detector: BL_W110_T2.0_D20
Best Detection: 73 mmHg (confidence: 0.340)
Top 10 readings:
  Rank  Pressure    Confidence  
  ------------------------------
  1     73          0.340
  2     71          0.260
  3     102         0.126
  4     98          0.126
  5     68          0.126
  6     66          0.050
  7     109         0.010
  8     97          0.010

Detector: BL_W110_T2.0_D25
Best Detection: 73 mmHg (confidence: 0.340)
Top 10 readings:
  Rank  Pressure    Confidence  
  ------------------------------
  1     73          0.340
  2     71          0.260
  3     102         0.126
  4     98          0.126
  5     68          0.126
  6     66          0.050
  7     97          0.010

Detector: BL_W110_T2.0_D30
Best Detection: 73 mmHg (confidence: 0.340)
Top 10 readings:
  Rank  Pressure    Confidence  
  ------------------------------
  1     73          0.340
  2     71          0.260
  3     102         0.126
  4     98          0.126
  5     68          0.126
  6     66          0.050
  7     97          0.010

Detector: BL_W110_T2.0_D40
Best Detection: 73 mmHg (confidence: 0.340)
Top 10 readings:
  Rank  Pressure    Confidence  
  ------------------------------
  1     73          0.340
  2     71          0.260
  3     102         0.126
  4     98          0.126
  5     68          0.126
  6     66          0.050
  7     97          0.010

Detector: BL_W110_T2.2_D2
Best Detection: 98 mmHg (confidence: 0.050)
Top 10 readings:
  Rank  Pressure    Confidence  
  ------------------------------
  1     98          0.050
  2     108         0.010
  3     107         0.010
  4     102         0.010

Detector: BL_W110_T2.2_D4
Best Detection: 98 mmHg (confidence: 0.050)
Top 10 readings:
  Rank  Pressure    Confidence  
  ------------------------------
  1     98          0.050
  2     108         0.010
  3     107         0.010
  4     102         0.010

Detector: BL_W110_T2.2_D6
Best Detection: 112 mmHg (confidence: 0.126)
Top 10 readings:
  Rank  Pressure    Confidence  
  ------------------------------
  1     112         0.126
  2     98          0.050
  3     119         0.010
  4     108         0.010
  5     107         0.010
  6     102         0.010

Detector: BL_W110_T2.2_D8
Best Detection: 112 mmHg (confidence: 0.126)
Top 10 readings:
  Rank  Pressure    Confidence  
  ------------------------------
  1     112         0.126
  2     98          0.050
  3     108         0.010
  4     108         0.010
  5     102         0.010

Detector: BL_W110_T2.2_D10
Best Detection: 98 mmHg (confidence: 0.050)
Top 10 readings:
  Rank  Pressure    Confidence  
  ------------------------------
  1     98          0.050
  2     108         0.010
  3     108         0.010
  4     102         0.010

Detector: BL_W110_T2.2_D15
Best Detection: 108 mmHg (confidence: 0.260)
Top 10 readings:
  Rank  Pressure    Confidence  
  ------------------------------
  1     108         0.260
  2     107         0.260
  3     106         0.126
  4     98          0.050
  5     102         0.010

Detector: BL_W110_T2.2_D20
Best Detection: 98 mmHg (confidence: 0.050)
Top 10 readings:
  Rank  Pressure    Confidence  
  ------------------------------
  1     98          0.050
  2     109         0.010
  3     102         0.010

Detector: BL_W110_T2.2_D25
Best Detection: 98 mmHg (confidence: 0.050)
Top 10 readings:
  Rank  Pressure    Confidence  
  ------------------------------
  1     98          0.050
  2     102         0.010

Detector: BL_W110_T2.2_D30
Best Detection: 98 mmHg (confidence: 0.050)
Top 10 readings:
  Rank  Pressure    Confidence  
  ------------------------------
  1     98          0.050
  2     102         0.010

Detector: BL_W110_T2.2_D40
Best Detection: 98 mmHg (confidence: 0.050)
Top 10 readings:
  Rank  Pressure    Confidence  
  ------------------------------
  1     98          0.050
  2     102         0.010

Detector: BL_W110_T2.4_D2
Best Detection: 98 mmHg (confidence: 0.050)
Top 10 readings:
  Rank  Pressure    Confidence  
  ------------------------------
  1     98          0.050
  2     108         0.010
  3     102         0.010

Detector: BL_W110_T2.4_D4
Best Detection: 98 mmHg (confidence: 0.050)
Top 10 readings:
  Rank  Pressure    Confidence  
  ------------------------------
  1     98          0.050
  2     108         0.010
  3     102         0.010

Detector: BL_W110_T2.4_D6
Best Detection: 112 mmHg (confidence: 0.126)
Top 10 readings:
  Rank  Pressure    Confidence  
  ------------------------------
  1     112         0.126
  2     98          0.050
  3     119         0.010
  4     108         0.010
  5     102         0.010

Detector: BL_W110_T2.4_D8
Best Detection: 112 mmHg (confidence: 0.126)
Top 10 readings:
  Rank  Pressure    Confidence  
  ------------------------------
  1     112         0.126
  2     98          0.050
  3     108         0.010
  4     108         0.010
  5     102         0.010

Detector: BL_W110_T2.4_D10
Best Detection: 98 mmHg (confidence: 0.050)
Top 10 readings:
  Rank  Pressure    Confidence  
  ------------------------------
  1     98          0.050
  2     108         0.010
  3     108         0.010
  4     102         0.010

Detector: BL_W110_T2.4_D15
Best Detection: 108 mmHg (confidence: 0.260)
Top 10 readings:
  Rank  Pressure    Confidence  
  ------------------------------
  1     108         0.260
  2     107         0.260
  3     106         0.126
  4     98          0.050
  5     102         0.010

Detector: BL_W110_T2.4_D20
Best Detection: 98 mmHg (confidence: 0.050)
Top 10 readings:
  Rank  Pressure    Confidence  
  ------------------------------
  1     98          0.050
  2     109         0.010
  3     102         0.010

Detector: BL_W110_T2.4_D25
Best Detection: 98 mmHg (confidence: 0.050)
Top 10 readings:
  Rank  Pressure    Confidence  
  ------------------------------
  1     98          0.050
  2     102         0.010

Detector: BL_W110_T2.4_D30
Best Detection: 98 mmHg (confidence: 0.050)
Top 10 readings:
  Rank  Pressure    Confidence  
  ------------------------------
  1     98          0.050
  2     102         0.010

Detector: BL_W110_T2.4_D40
Best Detection: 98 mmHg (confidence: 0.050)
Top 10 readings:
  Rank  Pressure    Confidence  
  ------------------------------
  1     98          0.050
  2     102         0.010

Detector: BL_W110_T2.6_D2
Best Detection: 98 mmHg (confidence: 0.050)
Top 10 readings:
  Rank  Pressure    Confidence  
  ------------------------------
  1     98          0.050
  2     109         0.010
  3     102         0.010

Detector: BL_W110_T2.6_D4
Best Detection: 98 mmHg (confidence: 0.050)
Top 10 readings:
  Rank  Pressure    Confidence  
  ------------------------------
  1     98          0.050
  2     109         0.010
  3     102         0.010

Detector: BL_W110_T2.6_D6
Best Detection: 112 mmHg (confidence: 0.126)
Top 10 readings:
  Rank  Pressure    Confidence  
  ------------------------------
  1     112         0.126
  2     98          0.050
  3     119         0.010
  4     109         0.010
  5     102         0.010

Detector: BL_W110_T2.6_D8
Best Detection: 112 mmHg (confidence: 0.126)
Top 10 readings:
  Rank  Pressure    Confidence  
  ------------------------------
  1     112         0.126
  2     98          0.050
  3     108         0.010
  4     108         0.010
  5     102         0.010

Detector: BL_W110_T2.6_D10
Best Detection: 98 mmHg (confidence: 0.050)
Top 10 readings:
  Rank  Pressure    Confidence  
  ------------------------------
  1     98          0.050
  2     108         0.010
  3     108         0.010
  4     102         0.010

Detector: BL_W110_T2.6_D15
Best Detection: 108 mmHg (confidence: 0.260)
Top 10 readings:
  Rank  Pressure    Confidence  
  ------------------------------
  1     108         0.260
  2     107         0.260
  3     106         0.126
  4     98          0.050
  5     102         0.010

Detector: BL_W110_T2.6_D20
Best Detection: 98 mmHg (confidence: 0.050)
Top 10 readings:
  Rank  Pressure    Confidence  
  ------------------------------
  1     98          0.050
  2     109         0.010
  3     102         0.010

Detector: BL_W110_T2.6_D25
Best Detection: 98 mmHg (confidence: 0.050)
Top 10 readings:
  Rank  Pressure    Confidence  
  ------------------------------
  1     98          0.050
  2     102         0.010

Detector: BL_W110_T2.6_D30
Best Detection: 98 mmHg (confidence: 0.050)
Top 10 readings:
  Rank  Pressure    Confidence  
  ------------------------------
  1     98          0.050
  2     102         0.010

Detector: BL_W110_T2.6_D40
Best Detection: 98 mmHg (confidence: 0.050)
Top 10 readings:
  Rank  Pressure    Confidence  
  ------------------------------
  1     98          0.050
  2     102         0.010

Detector: BL_W110_T2.8_D2
Best Detection: 98 mmHg (confidence: 0.050)
Top 10 readings:
  Rank  Pressure    Confidence  
  ------------------------------
  1     98          0.050
  2     102         0.010

Detector: BL_W110_T2.8_D4
Best Detection: 98 mmHg (confidence: 0.050)
Top 10 readings:
  Rank  Pressure    Confidence  
  ------------------------------
  1     98          0.050
  2     102         0.010

Detector: BL_W110_T2.8_D6
Best Detection: 98 mmHg (confidence: 0.050)
Top 10 readings:
  Rank  Pressure    Confidence  
  ------------------------------
  1     98          0.050
  2     119         0.010
  3     112         0.010
  4     102         0.010

Detector: BL_W110_T2.8_D8
Best Detection: 112 mmHg (confidence: 0.126)
Top 10 readings:
  Rank  Pressure    Confidence  
  ------------------------------
  1     112         0.126
  2     98          0.050
  3     108         0.010
  4     102         0.010

Detector: BL_W110_T2.8_D10
Best Detection: 98 mmHg (confidence: 0.050)
Top 10 readings:
  Rank  Pressure    Confidence  
  ------------------------------
  1     98          0.050
  2     108         0.010
  3     108         0.010
  4     102         0.010

Detector: BL_W110_T2.8_D15
Best Detection: 108 mmHg (confidence: 0.260)
Top 10 readings:
  Rank  Pressure    Confidence  
  ------------------------------
  1     108         0.260
  2     107         0.260
  3     106         0.126
  4     98          0.050
  5     102         0.010

Detector: BL_W110_T2.8_D20
Best Detection: 98 mmHg (confidence: 0.050)
Top 10 readings:
  Rank  Pressure    Confidence  
  ------------------------------
  1     98          0.050
  2     109         0.010
  3     102         0.010

Detector: BL_W110_T2.8_D25
Best Detection: 98 mmHg (confidence: 0.050)
Top 10 readings:
  Rank  Pressure    Confidence  
  ------------------------------
  1     98          0.050
  2     102         0.010

Detector: BL_W110_T2.8_D30
Best Detection: 98 mmHg (confidence: 0.050)
Top 10 readings:
  Rank  Pressure    Confidence  
  ------------------------------
  1     98          0.050
  2     102         0.010

Detector: BL_W110_T2.8_D40
Best Detection: 98 mmHg (confidence: 0.050)
Top 10 readings:
  Rank  Pressure    Confidence  
  ------------------------------
  1     98          0.050
  2     102         0.010

Detector: BL_W110_T3.0_D2
Best Detection: 102 mmHg (confidence: 0.050)
Top 10 readings:
  Rank  Pressure    Confidence  
  ------------------------------
  1     102         0.050

Detector: BL_W110_T3.0_D4
Best Detection: 102 mmHg (confidence: 0.050)
Top 10 readings:
  Rank  Pressure    Confidence  
  ------------------------------
  1     102         0.050

Detector: BL_W110_T3.0_D6
Best Detection: 102 mmHg (confidence: 0.050)
Top 10 readings:
  Rank  Pressure    Confidence  
  ------------------------------
  1     102         0.050
  2     119         0.010
  3     112         0.010

Detector: BL_W110_T3.0_D8
Best Detection: 112 mmHg (confidence: 0.126)
Top 10 readings:
  Rank  Pressure    Confidence  
  ------------------------------
  1     112         0.126
  2     102         0.050
  3     108         0.010

Detector: BL_W110_T3.0_D10
Best Detection: 102 mmHg (confidence: 0.050)
Top 10 readings:
  Rank  Pressure    Confidence  
  ------------------------------
  1     102         0.050
  2     108         0.010
  3     108         0.010

Detector: BL_W110_T3.0_D15
Best Detection: 108 mmHg (confidence: 0.260)
Top 10 readings:
  Rank  Pressure    Confidence  
  ------------------------------
  1     108         0.260
  2     107         0.260
  3     106         0.126
  4     98          0.050
  5     102         0.010

Detector: BL_W110_T3.0_D20
Best Detection: 98 mmHg (confidence: 0.050)
Top 10 readings:
  Rank  Pressure    Confidence  
  ------------------------------
  1     98          0.050
  2     109         0.010
  3     102         0.010

Detector: BL_W110_T3.0_D25
Best Detection: 98 mmHg (confidence: 0.050)
Top 10 readings:
  Rank  Pressure    Confidence  
  ------------------------------
  1     98          0.050
  2     102         0.010

Detector: BL_W110_T3.0_D30
Best Detection: 102 mmHg (confidence: 0.050)
Top 10 readings:
  Rank  Pressure    Confidence  
  ------------------------------
  1     102         0.050

Detector: BL_W110_T3.0_D40
Best Detection: 102 mmHg (confidence: 0.050)
Top 10 readings:
  Rank  Pressure    Confidence  
  ------------------------------
  1     102         0.050

Detector: BL_W120_T1.2_D2
Best Detection: 84 mmHg (confidence: 0.740)
Top 10 readings:
  Rank  Pressure    Confidence  
  ------------------------------
  1     84          0.740
  2     82          0.660
  3     79          0.580
  4     77          0.500
  5     75          0.420
  6     108         0.340
  7     108         0.340
  8     73          0.340
  9     112         0.336
  10    106         0.260

Detector: BL_W120_T1.2_D4
Best Detection: 84 mmHg (confidence: 0.740)
Top 10 readings:
  Rank  Pressure    Confidence  
  ------------------------------
  1     84          0.740
  2     82          0.660
  3     79          0.580
  4     77          0.500
  5     75          0.420
  6     108         0.340
  7     108         0.340
  8     73          0.340
  9     112         0.336
  10    106         0.260

Detector: BL_W120_T1.2_D6
Best Detection: 84 mmHg (confidence: 0.740)
Top 10 readings:
  Rank  Pressure    Confidence  
  ------------------------------
  1     84          0.740
  2     82          0.660
  3     79          0.580
  4     77          0.500
  5     75          0.420
  6     108         0.340
  7     108         0.340
  8     73          0.340
  9     112         0.336
  10    106         0.260

Detector: BL_W120_T1.2_D8
Best Detection: 84 mmHg (confidence: 0.740)
Top 10 readings:
  Rank  Pressure    Confidence  
  ------------------------------
  1     84          0.740
  2     82          0.660
  3     79          0.580
  4     77          0.500
  5     75          0.420
  6     108         0.340
  7     108         0.340
  8     73          0.340
  9     112         0.336
  10    106         0.260

Detector: BL_W120_T1.2_D10
Best Detection: 84 mmHg (confidence: 0.740)
Top 10 readings:
  Rank  Pressure    Confidence  
  ------------------------------
  1     84          0.740
  2     82          0.660
  3     79          0.580
  4     77          0.500
  5     75          0.420
  6     108         0.340
  7     108         0.340
  8     73          0.340
  9     106         0.260
  10    71          0.260

Detector: BL_W120_T1.2_D15
Best Detection: 84 mmHg (confidence: 0.740)
Top 10 readings:
  Rank  Pressure    Confidence  
  ------------------------------
  1     84          0.740
  2     82          0.660
  3     79          0.580
  4     77          0.500
  5     75          0.420
  6     108         0.340
  7     107         0.340
  8     73          0.340
  9     106         0.260
  10    71          0.260

Detector: BL_W120_T1.2_D20
Best Detection: 84 mmHg (confidence: 0.740)
Top 10 readings:
  Rank  Pressure    Confidence  
  ------------------------------
  1     84          0.740
  2     82          0.660
  3     79          0.580
  4     77          0.500
  5     75          0.420
  6     73          0.340
  7     71          0.260
  8     102         0.126
  9     98          0.126
  10    92          0.126

Detector: BL_W120_T1.2_D25
Best Detection: 84 mmHg (confidence: 0.740)
Top 10 readings:
  Rank  Pressure    Confidence  
  ------------------------------
  1     84          0.740
  2     82          0.660
  3     79          0.580
  4     77          0.500
  5     75          0.420
  6     73          0.340
  7     71          0.260
  8     102         0.126
  9     98          0.126
  10    92          0.126

Detector: BL_W120_T1.2_D30
Best Detection: 84 mmHg (confidence: 0.740)
Top 10 readings:
  Rank  Pressure    Confidence  
  ------------------------------
  1     84          0.740
  2     82          0.660
  3     79          0.580
  4     77          0.500
  5     75          0.420
  6     73          0.340
  7     71          0.260
  8     102         0.126
  9     98          0.126
  10    92          0.126

Detector: BL_W120_T1.2_D40
Best Detection: 84 mmHg (confidence: 0.740)
Top 10 readings:
  Rank  Pressure    Confidence  
  ------------------------------
  1     84          0.740
  2     82          0.660
  3     79          0.580
  4     77          0.500
  5     75          0.420
  6     73          0.340
  7     71          0.260
  8     102         0.126
  9     98          0.126
  10    92          0.126

Detector: BL_W120_T1.4_D2
Best Detection: 84 mmHg (confidence: 0.740)
Top 10 readings:
  Rank  Pressure    Confidence  
  ------------------------------
  1     84          0.740
  2     81          0.660
  3     79          0.580
  4     77          0.500
  5     75          0.420
  6     108         0.340
  7     108         0.340
  8     73          0.340
  9     112         0.336
  10    106         0.260

Detector: BL_W120_T1.4_D4
Best Detection: 84 mmHg (confidence: 0.740)
Top 10 readings:
  Rank  Pressure    Confidence  
  ------------------------------
  1     84          0.740
  2     81          0.660
  3     79          0.580
  4     77          0.500
  5     75          0.420
  6     108         0.340
  7     108         0.340
  8     73          0.340
  9     112         0.336
  10    106         0.260

Detector: BL_W120_T1.4_D6
Best Detection: 84 mmHg (confidence: 0.740)
Top 10 readings:
  Rank  Pressure    Confidence  
  ------------------------------
  1     84          0.740
  2     81          0.660
  3     79          0.580
  4     77          0.500
  5     75          0.420
  6     108         0.340
  7     108         0.340
  8     73          0.340
  9     112         0.336
  10    106         0.260

Detector: BL_W120_T1.4_D8
Best Detection: 84 mmHg (confidence: 0.740)
Top 10 readings:
  Rank  Pressure    Confidence  
  ------------------------------
  1     84          0.740
  2     81          0.660
  3     79          0.580
  4     77          0.500
  5     75          0.420
  6     108         0.340
  7     108         0.340
  8     73          0.340
  9     112         0.336
  10    106         0.260

Detector: BL_W120_T1.4_D10
Best Detection: 84 mmHg (confidence: 0.740)
Top 10 readings:
  Rank  Pressure    Confidence  
  ------------------------------
  1     84          0.740
  2     81          0.660
  3     79          0.580
  4     77          0.500
  5     75          0.420
  6     108         0.340
  7     108         0.340
  8     73          0.340
  9     106         0.260
  10    71          0.260

Detector: BL_W120_T1.4_D15
Best Detection: 84 mmHg (confidence: 0.740)
Top 10 readings:
  Rank  Pressure    Confidence  
  ------------------------------
  1     84          0.740
  2     81          0.660
  3     79          0.580
  4     77          0.500
  5     75          0.420
  6     108         0.340
  7     107         0.340
  8     73          0.340
  9     106         0.260
  10    71          0.260

Detector: BL_W120_T1.4_D20
Best Detection: 84 mmHg (confidence: 0.740)
Top 10 readings:
  Rank  Pressure    Confidence  
  ------------------------------
  1     84          0.740
  2     81          0.660
  3     79          0.580
  4     77          0.500
  5     75          0.420
  6     73          0.340
  7     71          0.260
  8     102         0.126
  9     98          0.126
  10    92          0.126

Detector: BL_W120_T1.4_D25
Best Detection: 84 mmHg (confidence: 0.740)
Top 10 readings:
  Rank  Pressure    Confidence  
  ------------------------------
  1     84          0.740
  2     81          0.660
  3     79          0.580
  4     77          0.500
  5     75          0.420
  6     73          0.340
  7     71          0.260
  8     102         0.126
  9     98          0.126
  10    92          0.126

Detector: BL_W120_T1.4_D30
Best Detection: 84 mmHg (confidence: 0.740)
Top 10 readings:
  Rank  Pressure    Confidence  
  ------------------------------
  1     84          0.740
  2     81          0.660
  3     79          0.580
  4     77          0.500
  5     75          0.420
  6     73          0.340
  7     71          0.260
  8     102         0.126
  9     98          0.126
  10    92          0.126

Detector: BL_W120_T1.4_D40
Best Detection: 84 mmHg (confidence: 0.740)
Top 10 readings:
  Rank  Pressure    Confidence  
  ------------------------------
  1     84          0.740
  2     81          0.660
  3     79          0.580
  4     77          0.500
  5     75          0.420
  6     73          0.340
  7     71          0.260
  8     102         0.126
  9     98          0.126
  10    92          0.126

Detector: BL_W120_T1.6_D2
Best Detection: 81 mmHg (confidence: 0.660)
Top 10 readings:
  Rank  Pressure    Confidence  
  ------------------------------
  1     81          0.660
  2     79          0.580
  3     77          0.500
  4     75          0.420
  5     108         0.340
  6     108         0.340
  7     73          0.340
  8     112         0.336
  9     106         0.260
  10    71          0.260

Detector: BL_W120_T1.6_D4
Best Detection: 81 mmHg (confidence: 0.660)
Top 10 readings:
  Rank  Pressure    Confidence  
  ------------------------------
  1     81          0.660
  2     79          0.580
  3     77          0.500
  4     75          0.420
  5     108         0.340
  6     108         0.340
  7     73          0.340
  8     112         0.336
  9     106         0.260
  10    71          0.260

Detector: BL_W120_T1.6_D6
Best Detection: 81 mmHg (confidence: 0.660)
Top 10 readings:
  Rank  Pressure    Confidence  
  ------------------------------
  1     81          0.660
  2     79          0.580
  3     77          0.500
  4     75          0.420
  5     108         0.340
  6     108         0.340
  7     73          0.340
  8     112         0.336
  9     106         0.260
  10    71          0.260

Detector: BL_W120_T1.6_D8
Best Detection: 81 mmHg (confidence: 0.660)
Top 10 readings:
  Rank  Pressure    Confidence  
  ------------------------------
  1     81          0.660
  2     79          0.580
  3     77          0.500
  4     75          0.420
  5     108         0.340
  6     108         0.340
  7     73          0.340
  8     112         0.336
  9     106         0.260
  10    71          0.260

Detector: BL_W120_T1.6_D10
Best Detection: 81 mmHg (confidence: 0.660)
Top 10 readings:
  Rank  Pressure    Confidence  
  ------------------------------
  1     81          0.660
  2     79          0.580
  3     77          0.500
  4     75          0.420
  5     108         0.340
  6     108         0.340
  7     73          0.340
  8     106         0.260
  9     71          0.260
  10    102         0.126

Detector: BL_W120_T1.6_D15
Best Detection: 81 mmHg (confidence: 0.660)
Top 10 readings:
  Rank  Pressure    Confidence  
  ------------------------------
  1     81          0.660
  2     79          0.580
  3     77          0.500
  4     75          0.420
  5     108         0.340
  6     107         0.340
  7     73          0.340
  8     106         0.260
  9     71          0.260
  10    102         0.126

Detector: BL_W120_T1.6_D20
Best Detection: 81 mmHg (confidence: 0.660)
Top 10 readings:
  Rank  Pressure    Confidence  
  ------------------------------
  1     81          0.660
  2     79          0.580
  3     77          0.500
  4     75          0.420
  5     73          0.340
  6     71          0.260
  7     102         0.126
  8     98          0.126
  9     92          0.126
  10    69          0.126

Detector: BL_W120_T1.6_D25
Best Detection: 81 mmHg (confidence: 0.660)
Top 10 readings:
  Rank  Pressure    Confidence  
  ------------------------------
  1     81          0.660
  2     79          0.580
  3     77          0.500
  4     75          0.420
  5     73          0.340
  6     71          0.260
  7     102         0.126
  8     98          0.126
  9     92          0.126
  10    69          0.126

Detector: BL_W120_T1.6_D30
Best Detection: 81 mmHg (confidence: 0.660)
Top 10 readings:
  Rank  Pressure    Confidence  
  ------------------------------
  1     81          0.660
  2     79          0.580
  3     77          0.500
  4     75          0.420
  5     73          0.340
  6     71          0.260
  7     102         0.126
  8     98          0.126
  9     92          0.126
  10    69          0.126

Detector: BL_W120_T1.6_D40
Best Detection: 81 mmHg (confidence: 0.660)
Top 10 readings:
  Rank  Pressure    Confidence  
  ------------------------------
  1     81          0.660
  2     79          0.580
  3     77          0.500
  4     75          0.420
  5     73          0.340
  6     71          0.260
  7     102         0.126
  8     98          0.126
  9     92          0.126
  10    69          0.126

Detector: BL_W120_T1.8_D2
Best Detection: 111 mmHg (confidence: 0.420)
Top 10 readings:
  Rank  Pressure    Confidence  
  ------------------------------
  1     111         0.420
  2     75          0.420
  3     108         0.340
  4     107         0.340
  5     73          0.340
  6     106         0.260
  7     71          0.260
  8     102         0.126
  9     98          0.126
  10    81          0.126

Detector: BL_W120_T1.8_D4
Best Detection: 111 mmHg (confidence: 0.420)
Top 10 readings:
  Rank  Pressure    Confidence  
  ------------------------------
  1     111         0.420
  2     75          0.420
  3     108         0.340
  4     107         0.340
  5     73          0.340
  6     106         0.260
  7     71          0.260
  8     102         0.126
  9     98          0.126
  10    81          0.126

Detector: BL_W120_T1.8_D6
Best Detection: 112 mmHg (confidence: 0.420)
Top 10 readings:
  Rank  Pressure    Confidence  
  ------------------------------
  1     112         0.420
  2     75          0.420
  3     108         0.340
  4     107         0.340
  5     73          0.340
  6     106         0.260
  7     71          0.260
  8     102         0.126
  9     98          0.126
  10    81          0.126

Detector: BL_W120_T1.8_D8
Best Detection: 75 mmHg (confidence: 0.420)
Top 10 readings:
  Rank  Pressure    Confidence  
  ------------------------------
  1     75          0.420
  2     108         0.340
  3     108         0.340
  4     73          0.340
  5     112         0.336
  6     106         0.260
  7     71          0.260
  8     102         0.126
  9     98          0.126
  10    81          0.126

Detector: BL_W120_T1.8_D10
Best Detection: 75 mmHg (confidence: 0.420)
Top 10 readings:
  Rank  Pressure    Confidence  
  ------------------------------
  1     75          0.420
  2     108         0.340
  3     108         0.340
  4     73          0.340
  5     106         0.260
  6     71          0.260
  7     102         0.126
  8     98          0.126
  9     81          0.126
  10    68          0.126

Detector: BL_W120_T1.8_D15
Best Detection: 75 mmHg (confidence: 0.420)
Top 10 readings:
  Rank  Pressure    Confidence  
  ------------------------------
  1     75          0.420
  2     108         0.340
  3     107         0.340
  4     73          0.340
  5     106         0.260
  6     71          0.260
  7     102         0.126
  8     98          0.126
  9     81          0.126
  10    68          0.126

Detector: BL_W120_T1.8_D20
Best Detection: 75 mmHg (confidence: 0.420)
Top 10 readings:
  Rank  Pressure    Confidence  
  ------------------------------
  1     75          0.420
  2     73          0.340
  3     71          0.260
  4     102         0.126
  5     98          0.126
  6     81          0.126
  7     68          0.126
  8     66          0.050
  9     109         0.010
  10    98          0.010

Detector: BL_W120_T1.8_D25
Best Detection: 75 mmHg (confidence: 0.420)
Top 10 readings:
  Rank  Pressure    Confidence  
  ------------------------------
  1     75          0.420
  2     73          0.340
  3     71          0.260
  4     102         0.126
  5     98          0.126
  6     81          0.126
  7     68          0.126
  8     66          0.050
  9     98          0.010
  10    79          0.010

Detector: BL_W120_T1.8_D30
Best Detection: 75 mmHg (confidence: 0.420)
Top 10 readings:
  Rank  Pressure    Confidence  
  ------------------------------
  1     75          0.420
  2     73          0.340
  3     71          0.260
  4     102         0.126
  5     98          0.126
  6     81          0.126
  7     68          0.126
  8     66          0.050
  9     98          0.010
  10    79          0.010

Detector: BL_W120_T1.8_D40
Best Detection: 75 mmHg (confidence: 0.420)
Top 10 readings:
  Rank  Pressure    Confidence  
  ------------------------------
  1     75          0.420
  2     73          0.340
  3     71          0.260
  4     102         0.126
  5     98          0.126
  6     81          0.126
  7     68          0.126
  8     66          0.050
  9     98          0.010
  10    79          0.010

Detector: BL_W120_T2.0_D2
Best Detection: 71 mmHg (confidence: 0.260)
Top 10 readings:
  Rank  Pressure    Confidence  
  ------------------------------
  1     71          0.260
  2     102         0.126
  3     98          0.126
  4     68          0.126
  5     66          0.050
  6     108         0.010
  7     107         0.010
  8     98          0.010

Detector: BL_W120_T2.0_D4
Best Detection: 71 mmHg (confidence: 0.260)
Top 10 readings:
  Rank  Pressure    Confidence  
  ------------------------------
  1     71          0.260
  2     102         0.126
  3     98          0.126
  4     68          0.126
  5     66          0.050
  6     108         0.010
  7     107         0.010
  8     98          0.010

Detector: BL_W120_T2.0_D6
Best Detection: 71 mmHg (confidence: 0.260)
Top 10 readings:
  Rank  Pressure    Confidence  
  ------------------------------
  1     71          0.260
  2     112         0.126
  3     102         0.126
  4     98          0.126
  5     68          0.126
  6     66          0.050
  7     108         0.010
  8     107         0.010
  9     98          0.010

Detector: BL_W120_T2.0_D8
Best Detection: 71 mmHg (confidence: 0.260)
Top 10 readings:
  Rank  Pressure    Confidence  
  ------------------------------
  1     71          0.260
  2     112         0.126
  3     102         0.126
  4     98          0.126
  5     68          0.126
  6     66          0.050
  7     108         0.010
  8     108         0.010
  9     98          0.010

Detector: BL_W120_T2.0_D10
Best Detection: 108 mmHg (confidence: 0.340)
Top 10 readings:
  Rank  Pressure    Confidence  
  ------------------------------
  1     108         0.340
  2     108         0.340
  3     106         0.260
  4     71          0.260
  5     102         0.126
  6     98          0.126
  7     68          0.126
  8     66          0.050
  9     98          0.010

Detector: BL_W120_T2.0_D15
Best Detection: 108 mmHg (confidence: 0.340)
Top 10 readings:
  Rank  Pressure    Confidence  
  ------------------------------
  1     108         0.340
  2     107         0.340
  3     106         0.260
  4     71          0.260
  5     102         0.126
  6     98          0.126
  7     68          0.126
  8     66          0.050
  9     98          0.010

Detector: BL_W120_T2.0_D20
Best Detection: 71 mmHg (confidence: 0.260)
Top 10 readings:
  Rank  Pressure    Confidence  
  ------------------------------
  1     71          0.260
  2     102         0.126
  3     98          0.126
  4     68          0.126
  5     66          0.050
  6     109         0.010
  7     98          0.010

Detector: BL_W120_T2.0_D25
Best Detection: 71 mmHg (confidence: 0.260)
Top 10 readings:
  Rank  Pressure    Confidence  
  ------------------------------
  1     71          0.260
  2     102         0.126
  3     98          0.126
  4     68          0.126
  5     66          0.050
  6     98          0.010

Detector: BL_W120_T2.0_D30
Best Detection: 71 mmHg (confidence: 0.260)
Top 10 readings:
  Rank  Pressure    Confidence  
  ------------------------------
  1     71          0.260
  2     102         0.126
  3     98          0.126
  4     68          0.126
  5     66          0.050
  6     98          0.010

Detector: BL_W120_T2.0_D40
Best Detection: 71 mmHg (confidence: 0.260)
Top 10 readings:
  Rank  Pressure    Confidence  
  ------------------------------
  1     71          0.260
  2     102         0.126
  3     98          0.126
  4     68          0.126
  5     66          0.050
  6     98          0.010

Detector: BL_W120_T2.2_D2
Best Detection: 102 mmHg (confidence: 0.126)
Top 10 readings:
  Rank  Pressure    Confidence  
  ------------------------------
  1     102         0.126
  2     98          0.126
  3     97          0.050
  4     108         0.010
  5     107         0.010

Detector: BL_W120_T2.2_D4
Best Detection: 102 mmHg (confidence: 0.126)
Top 10 readings:
  Rank  Pressure    Confidence  
  ------------------------------
  1     102         0.126
  2     98          0.126
  3     97          0.050
  4     108         0.010
  5     107         0.010

Detector: BL_W120_T2.2_D6
Best Detection: 112 mmHg (confidence: 0.126)
Top 10 readings:
  Rank  Pressure    Confidence  
  ------------------------------
  1     112         0.126
  2     102         0.126
  3     98          0.126
  4     97          0.050
  5     108         0.010
  6     107         0.010

Detector: BL_W120_T2.2_D8
Best Detection: 112 mmHg (confidence: 0.126)
Top 10 readings:
  Rank  Pressure    Confidence  
  ------------------------------
  1     112         0.126
  2     102         0.126
  3     98          0.126
  4     97          0.050
  5     108         0.010
  6     108         0.010

Detector: BL_W120_T2.2_D10
Best Detection: 108 mmHg (confidence: 0.340)
Top 10 readings:
  Rank  Pressure    Confidence  
  ------------------------------
  1     108         0.340
  2     108         0.340
  3     106         0.260
  4     102         0.126
  5     98          0.126
  6     97          0.050

Detector: BL_W120_T2.2_D15
Best Detection: 108 mmHg (confidence: 0.340)
Top 10 readings:
  Rank  Pressure    Confidence  
  ------------------------------
  1     108         0.340
  2     107         0.340
  3     106         0.260
  4     102         0.126
  5     98          0.126
  6     97          0.050

Detector: BL_W120_T2.2_D20
Best Detection: 102 mmHg (confidence: 0.126)
Top 10 readings:
  Rank  Pressure    Confidence  
  ------------------------------
  1     102         0.126
  2     98          0.126
  3     97          0.050
  4     109         0.010

Detector: BL_W120_T2.2_D25
Best Detection: 102 mmHg (confidence: 0.126)
Top 10 readings:
  Rank  Pressure    Confidence  
  ------------------------------
  1     102         0.126
  2     98          0.126
  3     97          0.050

Detector: BL_W120_T2.2_D30
Best Detection: 102 mmHg (confidence: 0.126)
Top 10 readings:
  Rank  Pressure    Confidence  
  ------------------------------
  1     102         0.126
  2     98          0.126
  3     97          0.050

Detector: BL_W120_T2.2_D40
Best Detection: 102 mmHg (confidence: 0.126)
Top 10 readings:
  Rank  Pressure    Confidence  
  ------------------------------
  1     102         0.126
  2     98          0.126
  3     97          0.050

Detector: BL_W120_T2.4_D2
Best Detection: 98 mmHg (confidence: 0.050)
Top 10 readings:
  Rank  Pressure    Confidence  
  ------------------------------
  1     98          0.050
  2     109         0.010
  3     102         0.010

Detector: BL_W120_T2.4_D4
Best Detection: 98 mmHg (confidence: 0.050)
Top 10 readings:
  Rank  Pressure    Confidence  
  ------------------------------
  1     98          0.050
  2     109         0.010
  3     102         0.010

Detector: BL_W120_T2.4_D6
Best Detection: 112 mmHg (confidence: 0.126)
Top 10 readings:
  Rank  Pressure    Confidence  
  ------------------------------
  1     112         0.126
  2     98          0.050
  3     109         0.010
  4     102         0.010

Detector: BL_W120_T2.4_D8
Best Detection: 112 mmHg (confidence: 0.126)
Top 10 readings:
  Rank  Pressure    Confidence  
  ------------------------------
  1     112         0.126
  2     98          0.050
  3     108         0.010
  4     108         0.010
  5     102         0.010

Detector: BL_W120_T2.4_D10
Best Detection: 108 mmHg (confidence: 0.260)
Top 10 readings:
  Rank  Pressure    Confidence  
  ------------------------------
  1     108         0.260
  2     108         0.260
  3     106         0.126
  4     98          0.050
  5     102         0.010

Detector: BL_W120_T2.4_D15
Best Detection: 108 mmHg (confidence: 0.260)
Top 10 readings:
  Rank  Pressure    Confidence  
  ------------------------------
  1     108         0.260
  2     107         0.260
  3     106         0.126
  4     98          0.050
  5     102         0.010

Detector: BL_W120_T2.4_D20
Best Detection: 98 mmHg (confidence: 0.050)
Top 10 readings:
  Rank  Pressure    Confidence  
  ------------------------------
  1     98          0.050
  2     109         0.010
  3     102         0.010

Detector: BL_W120_T2.4_D25
Best Detection: 98 mmHg (confidence: 0.050)
Top 10 readings:
  Rank  Pressure    Confidence  
  ------------------------------
  1     98          0.050
  2     102         0.010

Detector: BL_W120_T2.4_D30
Best Detection: 98 mmHg (confidence: 0.050)
Top 10 readings:
  Rank  Pressure    Confidence  
  ------------------------------
  1     98          0.050
  2     102         0.010

Detector: BL_W120_T2.4_D40
Best Detection: 98 mmHg (confidence: 0.050)
Top 10 readings:
  Rank  Pressure    Confidence  
  ------------------------------
  1     98          0.050
  2     102         0.010

Detector: BL_W120_T2.6_D2
Best Detection: 98 mmHg (confidence: 0.050)
Top 10 readings:
  Rank  Pressure    Confidence  
  ------------------------------
  1     98          0.050
  2     109         0.010
  3     102         0.010

Detector: BL_W120_T2.6_D4
Best Detection: 98 mmHg (confidence: 0.050)
Top 10 readings:
  Rank  Pressure    Confidence  
  ------------------------------
  1     98          0.050
  2     109         0.010
  3     102         0.010

Detector: BL_W120_T2.6_D6
Best Detection: 112 mmHg (confidence: 0.126)
Top 10 readings:
  Rank  Pressure    Confidence  
  ------------------------------
  1     112         0.126
  2     98          0.050
  3     109         0.010
  4     102         0.010

Detector: BL_W120_T2.6_D8
Best Detection: 112 mmHg (confidence: 0.126)
Top 10 readings:
  Rank  Pressure    Confidence  
  ------------------------------
  1     112         0.126
  2     98          0.050
  3     108         0.010
  4     108         0.010
  5     102         0.010

Detector: BL_W120_T2.6_D10
Best Detection: 108 mmHg (confidence: 0.260)
Top 10 readings:
  Rank  Pressure    Confidence  
  ------------------------------
  1     108         0.260
  2     108         0.260
  3     106         0.126
  4     98          0.050
  5     102         0.010

Detector: BL_W120_T2.6_D15
Best Detection: 108 mmHg (confidence: 0.260)
Top 10 readings:
  Rank  Pressure    Confidence  
  ------------------------------
  1     108         0.260
  2     107         0.260
  3     106         0.126
  4     98          0.050
  5     102         0.010

Detector: BL_W120_T2.6_D20
Best Detection: 98 mmHg (confidence: 0.050)
Top 10 readings:
  Rank  Pressure    Confidence  
  ------------------------------
  1     98          0.050
  2     109         0.010
  3     102         0.010

Detector: BL_W120_T2.6_D25
Best Detection: 98 mmHg (confidence: 0.050)
Top 10 readings:
  Rank  Pressure    Confidence  
  ------------------------------
  1     98          0.050
  2     102         0.010

Detector: BL_W120_T2.6_D30
Best Detection: 98 mmHg (confidence: 0.050)
Top 10 readings:
  Rank  Pressure    Confidence  
  ------------------------------
  1     98          0.050
  2     102         0.010

Detector: BL_W120_T2.6_D40
Best Detection: 98 mmHg (confidence: 0.050)
Top 10 readings:
  Rank  Pressure    Confidence  
  ------------------------------
  1     98          0.050
  2     102         0.010

Detector: BL_W120_T2.8_D2
Best Detection: 98 mmHg (confidence: 0.050)
Top 10 readings:
  Rank  Pressure    Confidence  
  ------------------------------
  1     98          0.050
  2     109         0.010
  3     102         0.010

Detector: BL_W120_T2.8_D4
Best Detection: 98 mmHg (confidence: 0.050)
Top 10 readings:
  Rank  Pressure    Confidence  
  ------------------------------
  1     98          0.050
  2     109         0.010
  3     102         0.010

Detector: BL_W120_T2.8_D6
Best Detection: 112 mmHg (confidence: 0.126)
Top 10 readings:
  Rank  Pressure    Confidence  
  ------------------------------
  1     112         0.126
  2     98          0.050
  3     109         0.010
  4     102         0.010

Detector: BL_W120_T2.8_D8
Best Detection: 112 mmHg (confidence: 0.126)
Top 10 readings:
  Rank  Pressure    Confidence  
  ------------------------------
  1     112         0.126
  2     98          0.050
  3     108         0.010
  4     102         0.010

Detector: BL_W120_T2.8_D10
Best Detection: 108 mmHg (confidence: 0.260)
Top 10 readings:
  Rank  Pressure    Confidence  
  ------------------------------
  1     108         0.260
  2     108         0.260
  3     106         0.126
  4     98          0.050
  5     102         0.010

Detector: BL_W120_T2.8_D15
Best Detection: 108 mmHg (confidence: 0.260)
Top 10 readings:
  Rank  Pressure    Confidence  
  ------------------------------
  1     108         0.260
  2     107         0.260
  3     106         0.126
  4     98          0.050
  5     102         0.010

Detector: BL_W120_T2.8_D20
Best Detection: 98 mmHg (confidence: 0.050)
Top 10 readings:
  Rank  Pressure    Confidence  
  ------------------------------
  1     98          0.050
  2     109         0.010
  3     102         0.010

Detector: BL_W120_T2.8_D25
Best Detection: 98 mmHg (confidence: 0.050)
Top 10 readings:
  Rank  Pressure    Confidence  
  ------------------------------
  1     98          0.050
  2     102         0.010

Detector: BL_W120_T2.8_D30
Best Detection: 98 mmHg (confidence: 0.050)
Top 10 readings:
  Rank  Pressure    Confidence  
  ------------------------------
  1     98          0.050
  2     102         0.010

Detector: BL_W120_T2.8_D40
Best Detection: 98 mmHg (confidence: 0.050)
Top 10 readings:
  Rank  Pressure    Confidence  
  ------------------------------
  1     98          0.050
  2     102         0.010

Detector: BL_W120_T3.0_D2
Best Detection: 98 mmHg (confidence: 0.050)
Top 10 readings:
  Rank  Pressure    Confidence  
  ------------------------------
  1     98          0.050
  2     102         0.010

Detector: BL_W120_T3.0_D4
Best Detection: 98 mmHg (confidence: 0.050)
Top 10 readings:
  Rank  Pressure    Confidence  
  ------------------------------
  1     98          0.050
  2     102         0.010

Detector: BL_W120_T3.0_D6
Best Detection: 98 mmHg (confidence: 0.050)
Top 10 readings:
  Rank  Pressure    Confidence  
  ------------------------------
  1     98          0.050
  2     112         0.010
  3     102         0.010

Detector: BL_W120_T3.0_D8
Best Detection: 112 mmHg (confidence: 0.126)
Top 10 readings:
  Rank  Pressure    Confidence  
  ------------------------------
  1     112         0.126
  2     98          0.050
  3     108         0.010
  4     102         0.010

Detector: BL_W120_T3.0_D10
Best Detection: 108 mmHg (confidence: 0.260)
Top 10 readings:
  Rank  Pressure    Confidence  
  ------------------------------
  1     108         0.260
  2     108         0.260
  3     106         0.126
  4     98          0.050
  5     102         0.010

Detector: BL_W120_T3.0_D15
Best Detection: 108 mmHg (confidence: 0.260)
Top 10 readings:
  Rank  Pressure    Confidence  
  ------------------------------
  1     108         0.260
  2     107         0.260
  3     106         0.126
  4     98          0.050
  5     102         0.010

Detector: BL_W120_T3.0_D20
Best Detection: 98 mmHg (confidence: 0.050)
Top 10 readings:
  Rank  Pressure    Confidence  
  ------------------------------
  1     98          0.050
  2     109         0.010
  3     102         0.010

Detector: BL_W120_T3.0_D25
Best Detection: 98 mmHg (confidence: 0.050)
Top 10 readings:
  Rank  Pressure    Confidence  
  ------------------------------
  1     98          0.050
  2     102         0.010

Detector: BL_W120_T3.0_D30
Best Detection: 98 mmHg (confidence: 0.050)
Top 10 readings:
  Rank  Pressure    Confidence  
  ------------------------------
  1     98          0.050
  2     102         0.010

Detector: BL_W120_T3.0_D40
Best Detection: 98 mmHg (confidence: 0.050)
Top 10 readings:
  Rank  Pressure    Confidence  
  ------------------------------
  1     98          0.050
  2     102         0.010

Detector: BL_W130_T1.2_D2
Best Detection: 84 mmHg (confidence: 0.740)
Top 10 readings:
  Rank  Pressure    Confidence  
  ------------------------------
  1     84          0.740
  2     81          0.660
  3     79          0.580
  4     77          0.500
  5     75          0.420
  6     108         0.340
  7     108         0.340
  8     73          0.340
  9     112         0.336
  10    106         0.260

Detector: BL_W130_T1.2_D4
Best Detection: 84 mmHg (confidence: 0.740)
Top 10 readings:
  Rank  Pressure    Confidence  
  ------------------------------
  1     84          0.740
  2     81          0.660
  3     79          0.580
  4     77          0.500
  5     75          0.420
  6     108         0.340
  7     108         0.340
  8     73          0.340
  9     112         0.336
  10    106         0.260

Detector: BL_W130_T1.2_D6
Best Detection: 84 mmHg (confidence: 0.740)
Top 10 readings:
  Rank  Pressure    Confidence  
  ------------------------------
  1     84          0.740
  2     81          0.660
  3     79          0.580
  4     77          0.500
  5     75          0.420
  6     108         0.340
  7     108         0.340
  8     73          0.340
  9     112         0.336
  10    106         0.260

Detector: BL_W130_T1.2_D8
Best Detection: 84 mmHg (confidence: 0.740)
Top 10 readings:
  Rank  Pressure    Confidence  
  ------------------------------
  1     84          0.740
  2     81          0.660
  3     79          0.580
  4     77          0.500
  5     75          0.420
  6     108         0.340
  7     108         0.340
  8     73          0.340
  9     112         0.336
  10    106         0.260

Detector: BL_W130_T1.2_D10
Best Detection: 84 mmHg (confidence: 0.740)
Top 10 readings:
  Rank  Pressure    Confidence  
  ------------------------------
  1     84          0.740
  2     81          0.660
  3     79          0.580
  4     77          0.500
  5     75          0.420
  6     108         0.340
  7     108         0.340
  8     73          0.340
  9     106         0.260
  10    71          0.260

Detector: BL_W130_T1.2_D15
Best Detection: 84 mmHg (confidence: 0.740)
Top 10 readings:
  Rank  Pressure    Confidence  
  ------------------------------
  1     84          0.740
  2     81          0.660
  3     79          0.580
  4     77          0.500
  5     75          0.420
  6     108         0.340
  7     107         0.340
  8     73          0.340
  9     106         0.260
  10    71          0.260

Detector: BL_W130_T1.2_D20
Best Detection: 84 mmHg (confidence: 0.740)
Top 10 readings:
  Rank  Pressure    Confidence  
  ------------------------------
  1     84          0.740
  2     81          0.660
  3     79          0.580
  4     77          0.500
  5     75          0.420
  6     73          0.340
  7     71          0.260
  8     102         0.126
  9     98          0.126
  10    92          0.126

Detector: BL_W130_T1.2_D25
Best Detection: 84 mmHg (confidence: 0.740)
Top 10 readings:
  Rank  Pressure    Confidence  
  ------------------------------
  1     84          0.740
  2     81          0.660
  3     79          0.580
  4     77          0.500
  5     75          0.420
  6     73          0.340
  7     71          0.260
  8     102         0.126
  9     98          0.126
  10    92          0.126

Detector: BL_W130_T1.2_D30
Best Detection: 84 mmHg (confidence: 0.740)
Top 10 readings:
  Rank  Pressure    Confidence  
  ------------------------------
  1     84          0.740
  2     81          0.660
  3     79          0.580
  4     77          0.500
  5     75          0.420
  6     73          0.340
  7     71          0.260
  8     102         0.126
  9     98          0.126
  10    92          0.126

Detector: BL_W130_T1.2_D40
Best Detection: 84 mmHg (confidence: 0.740)
Top 10 readings:
  Rank  Pressure    Confidence  
  ------------------------------
  1     84          0.740
  2     81          0.660
  3     79          0.580
  4     77          0.500
  5     75          0.420
  6     73          0.340
  7     71          0.260
  8     102         0.126
  9     98          0.126
  10    92          0.126

Detector: BL_W130_T1.4_D2
Best Detection: 84 mmHg (confidence: 0.740)
Top 10 readings:
  Rank  Pressure    Confidence  
  ------------------------------
  1     84          0.740
  2     81          0.660
  3     79          0.580
  4     77          0.500
  5     75          0.420
  6     108         0.340
  7     108         0.340
  8     73          0.340
  9     112         0.336
  10    106         0.260

Detector: BL_W130_T1.4_D4
Best Detection: 84 mmHg (confidence: 0.740)
Top 10 readings:
  Rank  Pressure    Confidence  
  ------------------------------
  1     84          0.740
  2     81          0.660
  3     79          0.580
  4     77          0.500
  5     75          0.420
  6     108         0.340
  7     108         0.340
  8     73          0.340
  9     112         0.336
  10    106         0.260

Detector: BL_W130_T1.4_D6
Best Detection: 84 mmHg (confidence: 0.740)
Top 10 readings:
  Rank  Pressure    Confidence  
  ------------------------------
  1     84          0.740
  2     81          0.660
  3     79          0.580
  4     77          0.500
  5     75          0.420
  6     108         0.340
  7     108         0.340
  8     73          0.340
  9     112         0.336
  10    106         0.260

Detector: BL_W130_T1.4_D8
Best Detection: 84 mmHg (confidence: 0.740)
Top 10 readings:
  Rank  Pressure    Confidence  
  ------------------------------
  1     84          0.740
  2     81          0.660
  3     79          0.580
  4     77          0.500
  5     75          0.420
  6     108         0.340
  7     108         0.340
  8     73          0.340
  9     112         0.336
  10    106         0.260

Detector: BL_W130_T1.4_D10
Best Detection: 84 mmHg (confidence: 0.740)
Top 10 readings:
  Rank  Pressure    Confidence  
  ------------------------------
  1     84          0.740
  2     81          0.660
  3     79          0.580
  4     77          0.500
  5     75          0.420
  6     108         0.340
  7     108         0.340
  8     73          0.340
  9     106         0.260
  10    71          0.260

Detector: BL_W130_T1.4_D15
Best Detection: 84 mmHg (confidence: 0.740)
Top 10 readings:
  Rank  Pressure    Confidence  
  ------------------------------
  1     84          0.740
  2     81          0.660
  3     79          0.580
  4     77          0.500
  5     75          0.420
  6     108         0.340
  7     107         0.340
  8     73          0.340
  9     106         0.260
  10    71          0.260

Detector: BL_W130_T1.4_D20
Best Detection: 84 mmHg (confidence: 0.740)
Top 10 readings:
  Rank  Pressure    Confidence  
  ------------------------------
  1     84          0.740
  2     81          0.660
  3     79          0.580
  4     77          0.500
  5     75          0.420
  6     73          0.340
  7     71          0.260
  8     102         0.126
  9     98          0.126
  10    92          0.126

Detector: BL_W130_T1.4_D25
Best Detection: 84 mmHg (confidence: 0.740)
Top 10 readings:
  Rank  Pressure    Confidence  
  ------------------------------
  1     84          0.740
  2     81          0.660
  3     79          0.580
  4     77          0.500
  5     75          0.420
  6     73          0.340
  7     71          0.260
  8     102         0.126
  9     98          0.126
  10    92          0.126

Detector: BL_W130_T1.4_D30
Best Detection: 84 mmHg (confidence: 0.740)
Top 10 readings:
  Rank  Pressure    Confidence  
  ------------------------------
  1     84          0.740
  2     81          0.660
  3     79          0.580
  4     77          0.500
  5     75          0.420
  6     73          0.340
  7     71          0.260
  8     102         0.126
  9     98          0.126
  10    92          0.126

Detector: BL_W130_T1.4_D40
Best Detection: 84 mmHg (confidence: 0.740)
Top 10 readings:
  Rank  Pressure    Confidence  
  ------------------------------
  1     84          0.740
  2     81          0.660
  3     79          0.580
  4     77          0.500
  5     75          0.420
  6     73          0.340
  7     71          0.260
  8     102         0.126
  9     98          0.126
  10    92          0.126

Detector: BL_W130_T1.6_D2
Best Detection: 83 mmHg (confidence: 0.740)
Top 10 readings:
  Rank  Pressure    Confidence  
  ------------------------------
  1     83          0.740
  2     81          0.660
  3     79          0.580
  4     77          0.500
  5     75          0.420
  6     108         0.340
  7     108         0.340
  8     73          0.340
  9     112         0.336
  10    106         0.260

Detector: BL_W130_T1.6_D4
Best Detection: 83 mmHg (confidence: 0.740)
Top 10 readings:
  Rank  Pressure    Confidence  
  ------------------------------
  1     83          0.740
  2     81          0.660
  3     79          0.580
  4     77          0.500
  5     75          0.420
  6     108         0.340
  7     108         0.340
  8     73          0.340
  9     112         0.336
  10    106         0.260

Detector: BL_W130_T1.6_D6
Best Detection: 83 mmHg (confidence: 0.740)
Top 10 readings:
  Rank  Pressure    Confidence  
  ------------------------------
  1     83          0.740
  2     81          0.660
  3     79          0.580
  4     77          0.500
  5     75          0.420
  6     108         0.340
  7     108         0.340
  8     73          0.340
  9     112         0.336
  10    106         0.260

Detector: BL_W130_T1.6_D8
Best Detection: 83 mmHg (confidence: 0.740)
Top 10 readings:
  Rank  Pressure    Confidence  
  ------------------------------
  1     83          0.740
  2     81          0.660
  3     79          0.580
  4     77          0.500
  5     75          0.420
  6     108         0.340
  7     108         0.340
  8     73          0.340
  9     112         0.336
  10    106         0.260

Detector: BL_W130_T1.6_D10
Best Detection: 83 mmHg (confidence: 0.740)
Top 10 readings:
  Rank  Pressure    Confidence  
  ------------------------------
  1     83          0.740
  2     81          0.660
  3     79          0.580
  4     77          0.500
  5     75          0.420
  6     108         0.340
  7     108         0.340
  8     73          0.340
  9     106         0.260
  10    71          0.260

Detector: BL_W130_T1.6_D15
Best Detection: 83 mmHg (confidence: 0.740)
Top 10 readings:
  Rank  Pressure    Confidence  
  ------------------------------
  1     83          0.740
  2     81          0.660
  3     79          0.580
  4     77          0.500
  5     75          0.420
  6     108         0.340
  7     107         0.340
  8     73          0.340
  9     106         0.260
  10    71          0.260

Detector: BL_W130_T1.6_D20
Best Detection: 83 mmHg (confidence: 0.740)
Top 10 readings:
  Rank  Pressure    Confidence  
  ------------------------------
  1     83          0.740
  2     81          0.660
  3     79          0.580
  4     77          0.500
  5     75          0.420
  6     73          0.340
  7     71          0.260
  8     102         0.126
  9     98          0.126
  10    92          0.126

Detector: BL_W130_T1.6_D25
Best Detection: 83 mmHg (confidence: 0.740)
Top 10 readings:
  Rank  Pressure    Confidence  
  ------------------------------
  1     83          0.740
  2     81          0.660
  3     79          0.580
  4     77          0.500
  5     75          0.420
  6     73          0.340
  7     71          0.260
  8     102         0.126
  9     98          0.126
  10    92          0.126

Detector: BL_W130_T1.6_D30
Best Detection: 83 mmHg (confidence: 0.740)
Top 10 readings:
  Rank  Pressure    Confidence  
  ------------------------------
  1     83          0.740
  2     81          0.660
  3     79          0.580
  4     77          0.500
  5     75          0.420
  6     73          0.340
  7     71          0.260
  8     102         0.126
  9     98          0.126
  10    92          0.126

Detector: BL_W130_T1.6_D40
Best Detection: 83 mmHg (confidence: 0.740)
Top 10 readings:
  Rank  Pressure    Confidence  
  ------------------------------
  1     83          0.740
  2     81          0.660
  3     79          0.580
  4     77          0.500
  5     75          0.420
  6     73          0.340
  7     71          0.260
  8     102         0.126
  9     98          0.126
  10    92          0.126

Detector: BL_W130_T1.8_D2
Best Detection: 112 mmHg (confidence: 0.420)
Top 10 readings:
  Rank  Pressure    Confidence  
  ------------------------------
  1     112         0.420
  2     75          0.420
  3     108         0.340
  4     107         0.340
  5     73          0.340
  6     106         0.260
  7     71          0.260
  8     102         0.126
  9     98          0.126
  10    92          0.126

Detector: BL_W130_T1.8_D4
Best Detection: 112 mmHg (confidence: 0.420)
Top 10 readings:
  Rank  Pressure    Confidence  
  ------------------------------
  1     112         0.420
  2     75          0.420
  3     108         0.340
  4     107         0.340
  5     73          0.340
  6     106         0.260
  7     71          0.260
  8     102         0.126
  9     98          0.126
  10    92          0.126

Detector: BL_W130_T1.8_D6
Best Detection: 112 mmHg (confidence: 0.420)
Top 10 readings:
  Rank  Pressure    Confidence  
  ------------------------------
  1     112         0.420
  2     75          0.420
  3     108         0.340
  4     107         0.340
  5     73          0.340
  6     106         0.260
  7     71          0.260
  8     102         0.126
  9     98          0.126
  10    92          0.126

Detector: BL_W130_T1.8_D8
Best Detection: 75 mmHg (confidence: 0.420)
Top 10 readings:
  Rank  Pressure    Confidence  
  ------------------------------
  1     75          0.420
  2     108         0.340
  3     108         0.340
  4     73          0.340
  5     112         0.336
  6     106         0.260
  7     71          0.260
  8     102         0.126
  9     98          0.126
  10    92          0.126

Detector: BL_W130_T1.8_D10
Best Detection: 75 mmHg (confidence: 0.420)
Top 10 readings:
  Rank  Pressure    Confidence  
  ------------------------------
  1     75          0.420
  2     108         0.340
  3     108         0.340
  4     73          0.340
  5     106         0.260
  6     71          0.260
  7     103         0.126
  8     99          0.126
  9     92          0.126
  10    69          0.126

Detector: BL_W130_T1.8_D15
Best Detection: 75 mmHg (confidence: 0.420)
Top 10 readings:
  Rank  Pressure    Confidence  
  ------------------------------
  1     75          0.420
  2     108         0.340
  3     107         0.340
  4     73          0.340
  5     106         0.260
  6     71          0.260
  7     102         0.126
  8     98          0.126
  9     92          0.126
  10    69          0.126

Detector: BL_W130_T1.8_D20
Best Detection: 75 mmHg (confidence: 0.420)
Top 10 readings:
  Rank  Pressure    Confidence  
  ------------------------------
  1     75          0.420
  2     73          0.340
  3     71          0.260
  4     102         0.126
  5     98          0.126
  6     92          0.126
  7     69          0.126
  8     66          0.050
  9     109         0.010
  10    98          0.010

Detector: BL_W130_T1.8_D25
Best Detection: 75 mmHg (confidence: 0.420)
Top 10 readings:
  Rank  Pressure    Confidence  
  ------------------------------
  1     75          0.420
  2     73          0.340
  3     71          0.260
  4     102         0.126
  5     98          0.126
  6     92          0.126
  7     69          0.126
  8     66          0.050
  9     98          0.010
  10    89          0.010

Detector: BL_W130_T1.8_D30
Best Detection: 75 mmHg (confidence: 0.420)
Top 10 readings:
  Rank  Pressure    Confidence  
  ------------------------------
  1     75          0.420
  2     73          0.340
  3     71          0.260
  4     102         0.126
  5     98          0.126
  6     92          0.126
  7     69          0.126
  8     66          0.050
  9     98          0.010
  10    89          0.010

Detector: BL_W130_T1.8_D40
Best Detection: 75 mmHg (confidence: 0.420)
Top 10 readings:
  Rank  Pressure    Confidence  
  ------------------------------
  1     75          0.420
  2     73          0.340
  3     71          0.260
  4     102         0.126
  5     98          0.126
  6     92          0.126
  7     69          0.126
  8     66          0.050
  9     98          0.010
  10    89          0.010

Detector: BL_W130_T2.0_D2
Best Detection: 73 mmHg (confidence: 0.340)
Top 10 readings:
  Rank  Pressure    Confidence  
  ------------------------------
  1     73          0.340
  2     71          0.260
  3     111         0.126
  4     102         0.126
  5     98          0.126
  6     68          0.126
  7     66          0.050
  8     108         0.010
  9     107         0.010
  10    98          0.010

Detector: BL_W130_T2.0_D4
Best Detection: 73 mmHg (confidence: 0.340)
Top 10 readings:
  Rank  Pressure    Confidence  
  ------------------------------
  1     73          0.340
  2     71          0.260
  3     111         0.126
  4     102         0.126
  5     98          0.126
  6     68          0.126
  7     66          0.050
  8     108         0.010
  9     107         0.010
  10    98          0.010

Detector: BL_W130_T2.0_D6
Best Detection: 73 mmHg (confidence: 0.340)
Top 10 readings:
  Rank  Pressure    Confidence  
  ------------------------------
  1     73          0.340
  2     71          0.260
  3     112         0.126
  4     102         0.126
  5     98          0.126
  6     68          0.126
  7     66          0.050
  8     108         0.010
  9     107         0.010
  10    98          0.010

Detector: BL_W130_T2.0_D8
Best Detection: 73 mmHg (confidence: 0.340)
Top 10 readings:
  Rank  Pressure    Confidence  
  ------------------------------
  1     73          0.340
  2     71          0.260
  3     112         0.126
  4     102         0.126
  5     98          0.126
  6     68          0.126
  7     66          0.050
  8     108         0.010
  9     108         0.010
  10    98          0.010

Detector: BL_W130_T2.0_D10
Best Detection: 108 mmHg (confidence: 0.340)
Top 10 readings:
  Rank  Pressure    Confidence  
  ------------------------------
  1     108         0.340
  2     108         0.340
  3     73          0.340
  4     106         0.260
  5     71          0.260
  6     103         0.126
  7     99          0.126
  8     68          0.126
  9     66          0.050
  10    98          0.010

Detector: BL_W130_T2.0_D15
Best Detection: 108 mmHg (confidence: 0.340)
Top 10 readings:
  Rank  Pressure    Confidence  
  ------------------------------
  1     108         0.340
  2     107         0.340
  3     73          0.340
  4     106         0.260
  5     71          0.260
  6     102         0.126
  7     98          0.126
  8     68          0.126
  9     66          0.050
  10    98          0.010

Detector: BL_W130_T2.0_D20
Best Detection: 73 mmHg (confidence: 0.340)
Top 10 readings:
  Rank  Pressure    Confidence  
  ------------------------------
  1     73          0.340
  2     71          0.260
  3     102         0.126
  4     98          0.126
  5     68          0.126
  6     66          0.050
  7     109         0.010
  8     98          0.010

Detector: BL_W130_T2.0_D25
Best Detection: 73 mmHg (confidence: 0.340)
Top 10 readings:
  Rank  Pressure    Confidence  
  ------------------------------
  1     73          0.340
  2     71          0.260
  3     102         0.126
  4     98          0.126
  5     68          0.126
  6     66          0.050
  7     98          0.010

Detector: BL_W130_T2.0_D30
Best Detection: 73 mmHg (confidence: 0.340)
Top 10 readings:
  Rank  Pressure    Confidence  
  ------------------------------
  1     73          0.340
  2     71          0.260
  3     102         0.126
  4     98          0.126
  5     68          0.126
  6     66          0.050
  7     98          0.010

Detector: BL_W130_T2.0_D40
Best Detection: 73 mmHg (confidence: 0.340)
Top 10 readings:
  Rank  Pressure    Confidence  
  ------------------------------
  1     73          0.340
  2     71          0.260
  3     102         0.126
  4     98          0.126
  5     68          0.126
  6     66          0.050
  7     98          0.010

Detector: BL_W130_T2.2_D2
Best Detection: 102 mmHg (confidence: 0.126)
Top 10 readings:
  Rank  Pressure    Confidence  
  ------------------------------
  1     102         0.126
  2     98          0.126
  3     71          0.050
  4     108         0.010
  5     107         0.010
  6     97          0.010

Detector: BL_W130_T2.2_D4
Best Detection: 102 mmHg (confidence: 0.126)
Top 10 readings:
  Rank  Pressure    Confidence  
  ------------------------------
  1     102         0.126
  2     98          0.126
  3     71          0.050
  4     108         0.010
  5     107         0.010
  6     97          0.010

Detector: BL_W130_T2.2_D6
Best Detection: 112 mmHg (confidence: 0.126)
Top 10 readings:
  Rank  Pressure    Confidence  
  ------------------------------
  1     112         0.126
  2     102         0.126
  3     98          0.126
  4     71          0.050
  5     108         0.010
  6     107         0.010
  7     97          0.010

Detector: BL_W130_T2.2_D8
Best Detection: 112 mmHg (confidence: 0.126)
Top 10 readings:
  Rank  Pressure    Confidence  
  ------------------------------
  1     112         0.126
  2     102         0.126
  3     98          0.126
  4     71          0.050
  5     108         0.010
  6     108         0.010
  7     97          0.010

Detector: BL_W130_T2.2_D10
Best Detection: 108 mmHg (confidence: 0.340)
Top 10 readings:
  Rank  Pressure    Confidence  
  ------------------------------
  1     108         0.340
  2     108         0.340
  3     106         0.260
  4     103         0.126
  5     99          0.126
  6     71          0.050
  7     97          0.010

Detector: BL_W130_T2.2_D15
Best Detection: 108 mmHg (confidence: 0.340)
Top 10 readings:
  Rank  Pressure    Confidence  
  ------------------------------
  1     108         0.340
  2     107         0.340
  3     106         0.260
  4     102         0.126
  5     98          0.126
  6     71          0.050
  7     97          0.010

Detector: BL_W130_T2.2_D20
Best Detection: 102 mmHg (confidence: 0.126)
Top 10 readings:
  Rank  Pressure    Confidence  
  ------------------------------
  1     102         0.126
  2     98          0.126
  3     71          0.050
  4     109         0.010
  5     97          0.010

Detector: BL_W130_T2.2_D25
Best Detection: 102 mmHg (confidence: 0.126)
Top 10 readings:
  Rank  Pressure    Confidence  
  ------------------------------
  1     102         0.126
  2     98          0.126
  3     71          0.050
  4     97          0.010

Detector: BL_W130_T2.2_D30
Best Detection: 102 mmHg (confidence: 0.126)
Top 10 readings:
  Rank  Pressure    Confidence  
  ------------------------------
  1     102         0.126
  2     98          0.126
  3     71          0.050
  4     97          0.010

Detector: BL_W130_T2.2_D40
Best Detection: 102 mmHg (confidence: 0.126)
Top 10 readings:
  Rank  Pressure    Confidence  
  ------------------------------
  1     102         0.126
  2     98          0.126
  3     71          0.050
  4     97          0.010

Detector: BL_W130_T2.4_D2
Best Detection: 102 mmHg (confidence: 0.126)
Top 10 readings:
  Rank  Pressure    Confidence  
  ------------------------------
  1     102         0.126
  2     98          0.126
  3     97          0.050
  4     109         0.010

Detector: BL_W130_T2.4_D4
Best Detection: 102 mmHg (confidence: 0.126)
Top 10 readings:
  Rank  Pressure    Confidence  
  ------------------------------
  1     102         0.126
  2     98          0.126
  3     97          0.050
  4     109         0.010

Detector: BL_W130_T2.4_D6
Best Detection: 112 mmHg (confidence: 0.126)
Top 10 readings:
  Rank  Pressure    Confidence  
  ------------------------------
  1     112         0.126
  2     102         0.126
  3     98          0.126
  4     97          0.050
  5     109         0.010

Detector: BL_W130_T2.4_D8
Best Detection: 112 mmHg (confidence: 0.126)
Top 10 readings:
  Rank  Pressure    Confidence  
  ------------------------------
  1     112         0.126
  2     102         0.126
  3     98          0.126
  4     97          0.050
  5     108         0.010
  6     108         0.010

Detector: BL_W130_T2.4_D10
Best Detection: 108 mmHg (confidence: 0.340)
Top 10 readings:
  Rank  Pressure    Confidence  
  ------------------------------
  1     108         0.340
  2     108         0.340
  3     106         0.260
  4     103         0.126
  5     99          0.126
  6     97          0.050

Detector: BL_W130_T2.4_D15
Best Detection: 108 mmHg (confidence: 0.340)
Top 10 readings:
  Rank  Pressure    Confidence  
  ------------------------------
  1     108         0.340
  2     107         0.340
  3     106         0.260
  4     102         0.126
  5     98          0.126
  6     97          0.050

Detector: BL_W130_T2.4_D20
Best Detection: 102 mmHg (confidence: 0.126)
Top 10 readings:
  Rank  Pressure    Confidence  
  ------------------------------
  1     102         0.126
  2     98          0.126
  3     97          0.050
  4     109         0.010

Detector: BL_W130_T2.4_D25
Best Detection: 102 mmHg (confidence: 0.126)
Top 10 readings:
  Rank  Pressure    Confidence  
  ------------------------------
  1     102         0.126
  2     98          0.126
  3     97          0.050

Detector: BL_W130_T2.4_D30
Best Detection: 102 mmHg (confidence: 0.126)
Top 10 readings:
  Rank  Pressure    Confidence  
  ------------------------------
  1     102         0.126
  2     98          0.126
  3     97          0.050

Detector: BL_W130_T2.4_D40
Best Detection: 102 mmHg (confidence: 0.126)
Top 10 readings:
  Rank  Pressure    Confidence  
  ------------------------------
  1     102         0.126
  2     98          0.126
  3     97          0.050

Detector: BL_W130_T2.6_D2
Best Detection: 98 mmHg (confidence: 0.050)
Top 10 readings:
  Rank  Pressure    Confidence  
  ------------------------------
  1     98          0.050
  2     109         0.010
  3     102         0.010

Detector: BL_W130_T2.6_D4
Best Detection: 98 mmHg (confidence: 0.050)
Top 10 readings:
  Rank  Pressure    Confidence  
  ------------------------------
  1     98          0.050
  2     109         0.010
  3     102         0.010

Detector: BL_W130_T2.6_D6
Best Detection: 112 mmHg (confidence: 0.126)
Top 10 readings:
  Rank  Pressure    Confidence  
  ------------------------------
  1     112         0.126
  2     98          0.050
  3     109         0.010
  4     102         0.010

Detector: BL_W130_T2.6_D8
Best Detection: 112 mmHg (confidence: 0.126)
Top 10 readings:
  Rank  Pressure    Confidence  
  ------------------------------
  1     112         0.126
  2     98          0.050
  3     108         0.010
  4     108         0.010
  5     102         0.010

Detector: BL_W130_T2.6_D10
Best Detection: 108 mmHg (confidence: 0.260)
Top 10 readings:
  Rank  Pressure    Confidence  
  ------------------------------
  1     108         0.260
  2     108         0.260
  3     106         0.126
  4     99          0.050
  5     103         0.010

Detector: BL_W130_T2.6_D15
Best Detection: 108 mmHg (confidence: 0.260)
Top 10 readings:
  Rank  Pressure    Confidence  
  ------------------------------
  1     108         0.260
  2     107         0.260
  3     106         0.126
  4     98          0.050
  5     102         0.010

Detector: BL_W130_T2.6_D20
Best Detection: 98 mmHg (confidence: 0.050)
Top 10 readings:
  Rank  Pressure    Confidence  
  ------------------------------
  1     98          0.050
  2     109         0.010
  3     102         0.010

Detector: BL_W130_T2.6_D25
Best Detection: 98 mmHg (confidence: 0.050)
Top 10 readings:
  Rank  Pressure    Confidence  
  ------------------------------
  1     98          0.050
  2     102         0.010

Detector: BL_W130_T2.6_D30
Best Detection: 98 mmHg (confidence: 0.050)
Top 10 readings:
  Rank  Pressure    Confidence  
  ------------------------------
  1     98          0.050
  2     102         0.010

Detector: BL_W130_T2.6_D40
Best Detection: 98 mmHg (confidence: 0.050)
Top 10 readings:
  Rank  Pressure    Confidence  
  ------------------------------
  1     98          0.050
  2     102         0.010

Detector: BL_W130_T2.8_D2
Best Detection: 98 mmHg (confidence: 0.050)
Top 10 readings:
  Rank  Pressure    Confidence  
  ------------------------------
  1     98          0.050
  2     102         0.010

Detector: BL_W130_T2.8_D4
Best Detection: 98 mmHg (confidence: 0.050)
Top 10 readings:
  Rank  Pressure    Confidence  
  ------------------------------
  1     98          0.050
  2     102         0.010

Detector: BL_W130_T2.8_D6
Best Detection: 98 mmHg (confidence: 0.050)
Top 10 readings:
  Rank  Pressure    Confidence  
  ------------------------------
  1     98          0.050
  2     112         0.010
  3     102         0.010

Detector: BL_W130_T2.8_D8
Best Detection: 112 mmHg (confidence: 0.126)
Top 10 readings:
  Rank  Pressure    Confidence  
  ------------------------------
  1     112         0.126
  2     98          0.050
  3     108         0.010
  4     102         0.010

Detector: BL_W130_T2.8_D10
Best Detection: 108 mmHg (confidence: 0.260)
Top 10 readings:
  Rank  Pressure    Confidence  
  ------------------------------
  1     108         0.260
  2     108         0.260
  3     106         0.126
  4     99          0.050
  5     103         0.010

Detector: BL_W130_T2.8_D15
Best Detection: 108 mmHg (confidence: 0.260)
Top 10 readings:
  Rank  Pressure    Confidence  
  ------------------------------
  1     108         0.260
  2     107         0.260
  3     106         0.126
  4     98          0.050
  5     102         0.010

Detector: BL_W130_T2.8_D20
Best Detection: 98 mmHg (confidence: 0.050)
Top 10 readings:
  Rank  Pressure    Confidence  
  ------------------------------
  1     98          0.050
  2     109         0.010
  3     102         0.010

Detector: BL_W130_T2.8_D25
Best Detection: 98 mmHg (confidence: 0.050)
Top 10 readings:
  Rank  Pressure    Confidence  
  ------------------------------
  1     98          0.050
  2     102         0.010

Detector: BL_W130_T2.8_D30
Best Detection: 98 mmHg (confidence: 0.050)
Top 10 readings:
  Rank  Pressure    Confidence  
  ------------------------------
  1     98          0.050
  2     102         0.010

Detector: BL_W130_T2.8_D40
Best Detection: 98 mmHg (confidence: 0.050)
Top 10 readings:
  Rank  Pressure    Confidence  
  ------------------------------
  1     98          0.050
  2     102         0.010

Detector: BL_W130_T3.0_D2
Best Detection: 98 mmHg (confidence: 0.050)
Top 10 readings:
  Rank  Pressure    Confidence  
  ------------------------------
  1     98          0.050
  2     102         0.010

Detector: BL_W130_T3.0_D4
Best Detection: 98 mmHg (confidence: 0.050)
Top 10 readings:
  Rank  Pressure    Confidence  
  ------------------------------
  1     98          0.050
  2     102         0.010

Detector: BL_W130_T3.0_D6
Best Detection: 98 mmHg (confidence: 0.050)
Top 10 readings:
  Rank  Pressure    Confidence  
  ------------------------------
  1     98          0.050
  2     112         0.010
  3     102         0.010

Detector: BL_W130_T3.0_D8
Best Detection: 112 mmHg (confidence: 0.126)
Top 10 readings:
  Rank  Pressure    Confidence  
  ------------------------------
  1     112         0.126
  2     98          0.050
  3     108         0.010
  4     102         0.010

Detector: BL_W130_T3.0_D10
Best Detection: 108 mmHg (confidence: 0.260)
Top 10 readings:
  Rank  Pressure    Confidence  
  ------------------------------
  1     108         0.260
  2     108         0.260
  3     106         0.126
  4     99          0.050
  5     103         0.010

Detector: BL_W130_T3.0_D15
Best Detection: 108 mmHg (confidence: 0.260)
Top 10 readings:
  Rank  Pressure    Confidence  
  ------------------------------
  1     108         0.260
  2     107         0.260
  3     106         0.126
  4     98          0.050
  5     102         0.010

Detector: BL_W130_T3.0_D20
Best Detection: 98 mmHg (confidence: 0.050)
Top 10 readings:
  Rank  Pressure    Confidence  
  ------------------------------
  1     98          0.050
  2     109         0.010
  3     102         0.010

Detector: BL_W130_T3.0_D25
Best Detection: 98 mmHg (confidence: 0.050)
Top 10 readings:
  Rank  Pressure    Confidence  
  ------------------------------
  1     98          0.050
  2     102         0.010

Detector: BL_W130_T3.0_D30
Best Detection: 98 mmHg (confidence: 0.050)
Top 10 readings:
  Rank  Pressure    Confidence  
  ------------------------------
  1     98          0.050
  2     102         0.010

Detector: BL_W130_T3.0_D40
Best Detection: 98 mmHg (confidence: 0.050)
Top 10 readings:
  Rank  Pressure    Confidence  
  ------------------------------
  1     98          0.050
  2     102         0.010

Detector: BL_W140_T1.2_D2
Best Detection: 84 mmHg (confidence: 0.740)
Top 10 readings:
  Rank  Pressure    Confidence  
  ------------------------------
  1     84          0.740
  2     82          0.660
  3     79          0.580
  4     77          0.500
  5     75          0.420
  6     108         0.340
  7     108         0.340
  8     73          0.340
  9     112         0.336
  10    106         0.260

Detector: BL_W140_T1.2_D4
Best Detection: 84 mmHg (confidence: 0.740)
Top 10 readings:
  Rank  Pressure    Confidence  
  ------------------------------
  1     84          0.740
  2     82          0.660
  3     79          0.580
  4     77          0.500
  5     75          0.420
  6     108         0.340
  7     108         0.340
  8     73          0.340
  9     112         0.336
  10    106         0.260

Detector: BL_W140_T1.2_D6
Best Detection: 84 mmHg (confidence: 0.740)
Top 10 readings:
  Rank  Pressure    Confidence  
  ------------------------------
  1     84          0.740
  2     82          0.660
  3     79          0.580
  4     77          0.500
  5     75          0.420
  6     108         0.340
  7     108         0.340
  8     73          0.340
  9     112         0.336
  10    106         0.260

Detector: BL_W140_T1.2_D8
Best Detection: 84 mmHg (confidence: 0.740)
Top 10 readings:
  Rank  Pressure    Confidence  
  ------------------------------
  1     84          0.740
  2     82          0.660
  3     79          0.580
  4     77          0.500
  5     75          0.420
  6     108         0.340
  7     108         0.340
  8     73          0.340
  9     112         0.336
  10    106         0.260

Detector: BL_W140_T1.2_D10
Best Detection: 84 mmHg (confidence: 0.740)
Top 10 readings:
  Rank  Pressure    Confidence  
  ------------------------------
  1     84          0.740
  2     82          0.660
  3     79          0.580
  4     77          0.500
  5     75          0.420
  6     108         0.340
  7     108         0.340
  8     73          0.340
  9     106         0.260
  10    71          0.260

Detector: BL_W140_T1.2_D15
Best Detection: 84 mmHg (confidence: 0.740)
Top 10 readings:
  Rank  Pressure    Confidence  
  ------------------------------
  1     84          0.740
  2     82          0.660
  3     79          0.580
  4     77          0.500
  5     75          0.420
  6     108         0.340
  7     107         0.340
  8     73          0.340
  9     106         0.260
  10    71          0.260

Detector: BL_W140_T1.2_D20
Best Detection: 84 mmHg (confidence: 0.740)
Top 10 readings:
  Rank  Pressure    Confidence  
  ------------------------------
  1     84          0.740
  2     82          0.660
  3     79          0.580
  4     77          0.500
  5     75          0.420
  6     73          0.340
  7     71          0.260
  8     102         0.126
  9     98          0.126
  10    92          0.126

Detector: BL_W140_T1.2_D25
Best Detection: 84 mmHg (confidence: 0.740)
Top 10 readings:
  Rank  Pressure    Confidence  
  ------------------------------
  1     84          0.740
  2     82          0.660
  3     79          0.580
  4     77          0.500
  5     75          0.420
  6     73          0.340
  7     71          0.260
  8     102         0.126
  9     98          0.126
  10    92          0.126

Detector: BL_W140_T1.2_D30
Best Detection: 84 mmHg (confidence: 0.740)
Top 10 readings:
  Rank  Pressure    Confidence  
  ------------------------------
  1     84          0.740
  2     82          0.660
  3     79          0.580
  4     77          0.500
  5     75          0.420
  6     73          0.340
  7     71          0.260
  8     102         0.126
  9     98          0.126
  10    92          0.126

Detector: BL_W140_T1.2_D40
Best Detection: 84 mmHg (confidence: 0.740)
Top 10 readings:
  Rank  Pressure    Confidence  
  ------------------------------
  1     84          0.740
  2     82          0.660
  3     79          0.580
  4     77          0.500
  5     75          0.420
  6     73          0.340
  7     71          0.260
  8     102         0.126
  9     98          0.126
  10    92          0.126

Detector: BL_W140_T1.4_D2
Best Detection: 84 mmHg (confidence: 0.740)
Top 10 readings:
  Rank  Pressure    Confidence  
  ------------------------------
  1     84          0.740
  2     81          0.660
  3     79          0.580
  4     77          0.500
  5     75          0.420
  6     108         0.340
  7     108         0.340
  8     73          0.340
  9     112         0.336
  10    106         0.260

Detector: BL_W140_T1.4_D4
Best Detection: 84 mmHg (confidence: 0.740)
Top 10 readings:
  Rank  Pressure    Confidence  
  ------------------------------
  1     84          0.740
  2     81          0.660
  3     79          0.580
  4     77          0.500
  5     75          0.420
  6     108         0.340
  7     108         0.340
  8     73          0.340
  9     112         0.336
  10    106         0.260

Detector: BL_W140_T1.4_D6
Best Detection: 84 mmHg (confidence: 0.740)
Top 10 readings:
  Rank  Pressure    Confidence  
  ------------------------------
  1     84          0.740
  2     81          0.660
  3     79          0.580
  4     77          0.500
  5     75          0.420
  6     108         0.340
  7     108         0.340
  8     73          0.340
  9     112         0.336
  10    106         0.260

Detector: BL_W140_T1.4_D8
Best Detection: 84 mmHg (confidence: 0.740)
Top 10 readings:
  Rank  Pressure    Confidence  
  ------------------------------
  1     84          0.740
  2     81          0.660
  3     79          0.580
  4     77          0.500
  5     75          0.420
  6     108         0.340
  7     108         0.340
  8     73          0.340
  9     112         0.336
  10    106         0.260

Detector: BL_W140_T1.4_D10
Best Detection: 84 mmHg (confidence: 0.740)
Top 10 readings:
  Rank  Pressure    Confidence  
  ------------------------------
  1     84          0.740
  2     81          0.660
  3     79          0.580
  4     77          0.500
  5     75          0.420
  6     108         0.340
  7     108         0.340
  8     73          0.340
  9     106         0.260
  10    71          0.260

Detector: BL_W140_T1.4_D15
Best Detection: 84 mmHg (confidence: 0.740)
Top 10 readings:
  Rank  Pressure    Confidence  
  ------------------------------
  1     84          0.740
  2     81          0.660
  3     79          0.580
  4     77          0.500
  5     75          0.420
  6     108         0.340
  7     107         0.340
  8     73          0.340
  9     106         0.260
  10    71          0.260

Detector: BL_W140_T1.4_D20
Best Detection: 84 mmHg (confidence: 0.740)
Top 10 readings:
  Rank  Pressure    Confidence  
  ------------------------------
  1     84          0.740
  2     81          0.660
  3     79          0.580
  4     77          0.500
  5     75          0.420
  6     73          0.340
  7     71          0.260
  8     102         0.126
  9     98          0.126
  10    92          0.126

Detector: BL_W140_T1.4_D25
Best Detection: 84 mmHg (confidence: 0.740)
Top 10 readings:
  Rank  Pressure    Confidence  
  ------------------------------
  1     84          0.740
  2     81          0.660
  3     79          0.580
  4     77          0.500
  5     75          0.420
  6     73          0.340
  7     71          0.260
  8     102         0.126
  9     98          0.126
  10    92          0.126

Detector: BL_W140_T1.4_D30
Best Detection: 84 mmHg (confidence: 0.740)
Top 10 readings:
  Rank  Pressure    Confidence  
  ------------------------------
  1     84          0.740
  2     81          0.660
  3     79          0.580
  4     77          0.500
  5     75          0.420
  6     73          0.340
  7     71          0.260
  8     102         0.126
  9     98          0.126
  10    92          0.126

Detector: BL_W140_T1.4_D40
Best Detection: 84 mmHg (confidence: 0.740)
Top 10 readings:
  Rank  Pressure    Confidence  
  ------------------------------
  1     84          0.740
  2     81          0.660
  3     79          0.580
  4     77          0.500
  5     75          0.420
  6     73          0.340
  7     71          0.260
  8     102         0.126
  9     98          0.126
  10    92          0.126

Detector: BL_W140_T1.6_D2
Best Detection: 83 mmHg (confidence: 0.740)
Top 10 readings:
  Rank  Pressure    Confidence  
  ------------------------------
  1     83          0.740
  2     81          0.660
  3     79          0.580
  4     77          0.500
  5     75          0.420
  6     108         0.340
  7     108         0.340
  8     73          0.340
  9     112         0.336
  10    106         0.260

Detector: BL_W140_T1.6_D4
Best Detection: 83 mmHg (confidence: 0.740)
Top 10 readings:
  Rank  Pressure    Confidence  
  ------------------------------
  1     83          0.740
  2     81          0.660
  3     79          0.580
  4     77          0.500
  5     75          0.420
  6     108         0.340
  7     108         0.340
  8     73          0.340
  9     112         0.336
  10    106         0.260

Detector: BL_W140_T1.6_D6
Best Detection: 83 mmHg (confidence: 0.740)
Top 10 readings:
  Rank  Pressure    Confidence  
  ------------------------------
  1     83          0.740
  2     81          0.660
  3     79          0.580
  4     77          0.500
  5     75          0.420
  6     108         0.340
  7     108         0.340
  8     73          0.340
  9     112         0.336
  10    106         0.260

Detector: BL_W140_T1.6_D8
Best Detection: 83 mmHg (confidence: 0.740)
Top 10 readings:
  Rank  Pressure    Confidence  
  ------------------------------
  1     83          0.740
  2     81          0.660
  3     79          0.580
  4     77          0.500
  5     75          0.420
  6     108         0.340
  7     108         0.340
  8     73          0.340
  9     112         0.336
  10    106         0.260

Detector: BL_W140_T1.6_D10
Best Detection: 83 mmHg (confidence: 0.740)
Top 10 readings:
  Rank  Pressure    Confidence  
  ------------------------------
  1     83          0.740
  2     81          0.660
  3     79          0.580
  4     77          0.500
  5     75          0.420
  6     108         0.340
  7     108         0.340
  8     73          0.340
  9     106         0.260
  10    71          0.260

Detector: BL_W140_T1.6_D15
Best Detection: 83 mmHg (confidence: 0.740)
Top 10 readings:
  Rank  Pressure    Confidence  
  ------------------------------
  1     83          0.740
  2     81          0.660
  3     79          0.580
  4     77          0.500
  5     75          0.420
  6     108         0.340
  7     107         0.340
  8     73          0.340
  9     106         0.260
  10    71          0.260

Detector: BL_W140_T1.6_D20
Best Detection: 83 mmHg (confidence: 0.740)
Top 10 readings:
  Rank  Pressure    Confidence  
  ------------------------------
  1     83          0.740
  2     81          0.660
  3     79          0.580
  4     77          0.500
  5     75          0.420
  6     73          0.340
  7     71          0.260
  8     102         0.126
  9     98          0.126
  10    92          0.126

Detector: BL_W140_T1.6_D25
Best Detection: 83 mmHg (confidence: 0.740)
Top 10 readings:
  Rank  Pressure    Confidence  
  ------------------------------
  1     83          0.740
  2     81          0.660
  3     79          0.580
  4     77          0.500
  5     75          0.420
  6     73          0.340
  7     71          0.260
  8     102         0.126
  9     98          0.126
  10    92          0.126

Detector: BL_W140_T1.6_D30
Best Detection: 83 mmHg (confidence: 0.740)
Top 10 readings:
  Rank  Pressure    Confidence  
  ------------------------------
  1     83          0.740
  2     81          0.660
  3     79          0.580
  4     77          0.500
  5     75          0.420
  6     73          0.340
  7     71          0.260
  8     102         0.126
  9     98          0.126
  10    92          0.126

Detector: BL_W140_T1.6_D40
Best Detection: 83 mmHg (confidence: 0.740)
Top 10 readings:
  Rank  Pressure    Confidence  
  ------------------------------
  1     83          0.740
  2     81          0.660
  3     79          0.580
  4     77          0.500
  5     75          0.420
  6     73          0.340
  7     71          0.260
  8     102         0.126
  9     98          0.126
  10    92          0.126

Detector: BL_W140_T1.8_D2
Best Detection: 111 mmHg (confidence: 0.420)
Top 10 readings:
  Rank  Pressure    Confidence  
  ------------------------------
  1     111         0.420
  2     75          0.420
  3     108         0.340
  4     107         0.340
  5     73          0.340
  6     106         0.260
  7     71          0.260
  8     102         0.126
  9     98          0.126
  10    92          0.126

Detector: BL_W140_T1.8_D4
Best Detection: 111 mmHg (confidence: 0.420)
Top 10 readings:
  Rank  Pressure    Confidence  
  ------------------------------
  1     111         0.420
  2     75          0.420
  3     108         0.340
  4     107         0.340
  5     73          0.340
  6     106         0.260
  7     71          0.260
  8     102         0.126
  9     98          0.126
  10    92          0.126

Detector: BL_W140_T1.8_D6
Best Detection: 112 mmHg (confidence: 0.420)
Top 10 readings:
  Rank  Pressure    Confidence  
  ------------------------------
  1     112         0.420
  2     75          0.420
  3     108         0.340
  4     107         0.340
  5     73          0.340
  6     106         0.260
  7     71          0.260
  8     102         0.126
  9     98          0.126
  10    92          0.126

Detector: BL_W140_T1.8_D8
Best Detection: 75 mmHg (confidence: 0.420)
Top 10 readings:
  Rank  Pressure    Confidence  
  ------------------------------
  1     75          0.420
  2     108         0.340
  3     108         0.340
  4     73          0.340
  5     112         0.336
  6     106         0.260
  7     71          0.260
  8     102         0.126
  9     98          0.126
  10    92          0.126

Detector: BL_W140_T1.8_D10
Best Detection: 75 mmHg (confidence: 0.420)
Top 10 readings:
  Rank  Pressure    Confidence  
  ------------------------------
  1     75          0.420
  2     108         0.340
  3     108         0.340
  4     73          0.340
  5     106         0.260
  6     71          0.260
  7     103         0.126
  8     99          0.126
  9     92          0.126
  10    69          0.126

Detector: BL_W140_T1.8_D15
Best Detection: 75 mmHg (confidence: 0.420)
Top 10 readings:
  Rank  Pressure    Confidence  
  ------------------------------
  1     75          0.420
  2     108         0.340
  3     107         0.340
  4     73          0.340
  5     106         0.260
  6     71          0.260
  7     102         0.126
  8     98          0.126
  9     92          0.126
  10    69          0.126

Detector: BL_W140_T1.8_D20
Best Detection: 75 mmHg (confidence: 0.420)
Top 10 readings:
  Rank  Pressure    Confidence  
  ------------------------------
  1     75          0.420
  2     73          0.340
  3     71          0.260
  4     102         0.126
  5     98          0.126
  6     92          0.126
  7     69          0.126
  8     66          0.050
  9     109         0.010
  10    98          0.010

Detector: BL_W140_T1.8_D25
Best Detection: 75 mmHg (confidence: 0.420)
Top 10 readings:
  Rank  Pressure    Confidence  
  ------------------------------
  1     75          0.420
  2     73          0.340
  3     71          0.260
  4     102         0.126
  5     98          0.126
  6     92          0.126
  7     69          0.126
  8     66          0.050
  9     98          0.010
  10    89          0.010

Detector: BL_W140_T1.8_D30
Best Detection: 75 mmHg (confidence: 0.420)
Top 10 readings:
  Rank  Pressure    Confidence  
  ------------------------------
  1     75          0.420
  2     73          0.340
  3     71          0.260
  4     102         0.126
  5     98          0.126
  6     92          0.126
  7     69          0.126
  8     66          0.050
  9     98          0.010
  10    89          0.010

Detector: BL_W140_T1.8_D40
Best Detection: 75 mmHg (confidence: 0.420)
Top 10 readings:
  Rank  Pressure    Confidence  
  ------------------------------
  1     75          0.420
  2     73          0.340
  3     71          0.260
  4     102         0.126
  5     98          0.126
  6     92          0.126
  7     69          0.126
  8     66          0.050
  9     98          0.010
  10    89          0.010

Detector: BL_W140_T2.0_D2
Best Detection: 71 mmHg (confidence: 0.260)
Top 10 readings:
  Rank  Pressure    Confidence  
  ------------------------------
  1     71          0.260
  2     102         0.126
  3     98          0.126
  4     68          0.126
  5     66          0.050
  6     108         0.010
  7     107         0.010
  8     98          0.010

Detector: BL_W140_T2.0_D4
Best Detection: 71 mmHg (confidence: 0.260)
Top 10 readings:
  Rank  Pressure    Confidence  
  ------------------------------
  1     71          0.260
  2     102         0.126
  3     98          0.126
  4     68          0.126
  5     66          0.050
  6     108         0.010
  7     107         0.010
  8     98          0.010

Detector: BL_W140_T2.0_D6
Best Detection: 71 mmHg (confidence: 0.260)
Top 10 readings:
  Rank  Pressure    Confidence  
  ------------------------------
  1     71          0.260
  2     112         0.126
  3     102         0.126
  4     98          0.126
  5     68          0.126
  6     66          0.050
  7     108         0.010
  8     107         0.010
  9     98          0.010

Detector: BL_W140_T2.0_D8
Best Detection: 71 mmHg (confidence: 0.260)
Top 10 readings:
  Rank  Pressure    Confidence  
  ------------------------------
  1     71          0.260
  2     112         0.126
  3     102         0.126
  4     98          0.126
  5     68          0.126
  6     66          0.050
  7     108         0.010
  8     108         0.010
  9     98          0.010

Detector: BL_W140_T2.0_D10
Best Detection: 108 mmHg (confidence: 0.340)
Top 10 readings:
  Rank  Pressure    Confidence  
  ------------------------------
  1     108         0.340
  2     108         0.340
  3     106         0.260
  4     71          0.260
  5     103         0.126
  6     99          0.126
  7     68          0.126
  8     66          0.050
  9     98          0.010

Detector: BL_W140_T2.0_D15
Best Detection: 108 mmHg (confidence: 0.340)
Top 10 readings:
  Rank  Pressure    Confidence  
  ------------------------------
  1     108         0.340
  2     107         0.340
  3     106         0.260
  4     71          0.260
  5     102         0.126
  6     98          0.126
  7     68          0.126
  8     66          0.050
  9     98          0.010

Detector: BL_W140_T2.0_D20
Best Detection: 71 mmHg (confidence: 0.260)
Top 10 readings:
  Rank  Pressure    Confidence  
  ------------------------------
  1     71          0.260
  2     102         0.126
  3     98          0.126
  4     68          0.126
  5     66          0.050
  6     109         0.010
  7     98          0.010

Detector: BL_W140_T2.0_D25
Best Detection: 71 mmHg (confidence: 0.260)
Top 10 readings:
  Rank  Pressure    Confidence  
  ------------------------------
  1     71          0.260
  2     102         0.126
  3     98          0.126
  4     68          0.126
  5     66          0.050
  6     98          0.010

Detector: BL_W140_T2.0_D30
Best Detection: 71 mmHg (confidence: 0.260)
Top 10 readings:
  Rank  Pressure    Confidence  
  ------------------------------
  1     71          0.260
  2     102         0.126
  3     98          0.126
  4     68          0.126
  5     66          0.050
  6     98          0.010

Detector: BL_W140_T2.0_D40
Best Detection: 71 mmHg (confidence: 0.260)
Top 10 readings:
  Rank  Pressure    Confidence  
  ------------------------------
  1     71          0.260
  2     102         0.126
  3     98          0.126
  4     68          0.126
  5     66          0.050
  6     98          0.010

Detector: BL_W140_T2.2_D2
Best Detection: 102 mmHg (confidence: 0.126)
Top 10 readings:
  Rank  Pressure    Confidence  
  ------------------------------
  1     102         0.126
  2     98          0.126
  3     98          0.050
  4     108         0.010
  5     107         0.010

Detector: BL_W140_T2.2_D4
Best Detection: 102 mmHg (confidence: 0.126)
Top 10 readings:
  Rank  Pressure    Confidence  
  ------------------------------
  1     102         0.126
  2     98          0.126
  3     98          0.050
  4     108         0.010
  5     107         0.010

Detector: BL_W140_T2.2_D6
Best Detection: 112 mmHg (confidence: 0.126)
Top 10 readings:
  Rank  Pressure    Confidence  
  ------------------------------
  1     112         0.126
  2     102         0.126
  3     98          0.126
  4     98          0.050
  5     108         0.010
  6     107         0.010

Detector: BL_W140_T2.2_D8
Best Detection: 112 mmHg (confidence: 0.126)
Top 10 readings:
  Rank  Pressure    Confidence  
  ------------------------------
  1     112         0.126
  2     102         0.126
  3     98          0.126
  4     98          0.050
  5     108         0.010
  6     108         0.010

Detector: BL_W140_T2.2_D10
Best Detection: 108 mmHg (confidence: 0.340)
Top 10 readings:
  Rank  Pressure    Confidence  
  ------------------------------
  1     108         0.340
  2     108         0.340
  3     106         0.260
  4     103         0.126
  5     99          0.126
  6     98          0.050

Detector: BL_W140_T2.2_D15
Best Detection: 108 mmHg (confidence: 0.340)
Top 10 readings:
  Rank  Pressure    Confidence  
  ------------------------------
  1     108         0.340
  2     107         0.340
  3     106         0.260
  4     102         0.126
  5     98          0.126
  6     98          0.050

Detector: BL_W140_T2.2_D20
Best Detection: 102 mmHg (confidence: 0.126)
Top 10 readings:
  Rank  Pressure    Confidence  
  ------------------------------
  1     102         0.126
  2     98          0.126
  3     98          0.050
  4     109         0.010

Detector: BL_W140_T2.2_D25
Best Detection: 102 mmHg (confidence: 0.126)
Top 10 readings:
  Rank  Pressure    Confidence  
  ------------------------------
  1     102         0.126
  2     98          0.126
  3     98          0.050

Detector: BL_W140_T2.2_D30
Best Detection: 102 mmHg (confidence: 0.126)
Top 10 readings:
  Rank  Pressure    Confidence  
  ------------------------------
  1     102         0.126
  2     98          0.126
  3     98          0.050

Detector: BL_W140_T2.2_D40
Best Detection: 102 mmHg (confidence: 0.126)
Top 10 readings:
  Rank  Pressure    Confidence  
  ------------------------------
  1     102         0.126
  2     98          0.126
  3     98          0.050

Detector: BL_W140_T2.4_D2
Best Detection: 102 mmHg (confidence: 0.126)
Top 10 readings:
  Rank  Pressure    Confidence  
  ------------------------------
  1     102         0.126
  2     98          0.126
  3     97          0.050
  4     108         0.010

Detector: BL_W140_T2.4_D4
Best Detection: 102 mmHg (confidence: 0.126)
Top 10 readings:
  Rank  Pressure    Confidence  
  ------------------------------
  1     102         0.126
  2     98          0.126
  3     97          0.050
  4     108         0.010

Detector: BL_W140_T2.4_D6
Best Detection: 112 mmHg (confidence: 0.126)
Top 10 readings:
  Rank  Pressure    Confidence  
  ------------------------------
  1     112         0.126
  2     102         0.126
  3     98          0.126
  4     97          0.050
  5     108         0.010

Detector: BL_W140_T2.4_D8
Best Detection: 112 mmHg (confidence: 0.126)
Top 10 readings:
  Rank  Pressure    Confidence  
  ------------------------------
  1     112         0.126
  2     102         0.126
  3     98          0.126
  4     97          0.050
  5     108         0.010
  6     108         0.010

Detector: BL_W140_T2.4_D10
Best Detection: 108 mmHg (confidence: 0.340)
Top 10 readings:
  Rank  Pressure    Confidence  
  ------------------------------
  1     108         0.340
  2     108         0.340
  3     106         0.260
  4     103         0.126
  5     99          0.126
  6     97          0.050

Detector: BL_W140_T2.4_D15
Best Detection: 108 mmHg (confidence: 0.340)
Top 10 readings:
  Rank  Pressure    Confidence  
  ------------------------------
  1     108         0.340
  2     107         0.340
  3     106         0.260
  4     102         0.126
  5     98          0.126
  6     97          0.050

Detector: BL_W140_T2.4_D20
Best Detection: 102 mmHg (confidence: 0.126)
Top 10 readings:
  Rank  Pressure    Confidence  
  ------------------------------
  1     102         0.126
  2     98          0.126
  3     97          0.050
  4     109         0.010

Detector: BL_W140_T2.4_D25
Best Detection: 102 mmHg (confidence: 0.126)
Top 10 readings:
  Rank  Pressure    Confidence  
  ------------------------------
  1     102         0.126
  2     98          0.126
  3     97          0.050

Detector: BL_W140_T2.4_D30
Best Detection: 102 mmHg (confidence: 0.126)
Top 10 readings:
  Rank  Pressure    Confidence  
  ------------------------------
  1     102         0.126
  2     98          0.126
  3     97          0.050

Detector: BL_W140_T2.4_D40
Best Detection: 102 mmHg (confidence: 0.126)
Top 10 readings:
  Rank  Pressure    Confidence  
  ------------------------------
  1     102         0.126
  2     98          0.126
  3     97          0.050

Detector: BL_W140_T2.6_D2
Best Detection: 98 mmHg (confidence: 0.050)
Top 10 readings:
  Rank  Pressure    Confidence  
  ------------------------------
  1     98          0.050
  2     109         0.010
  3     102         0.010

Detector: BL_W140_T2.6_D4
Best Detection: 98 mmHg (confidence: 0.050)
Top 10 readings:
  Rank  Pressure    Confidence  
  ------------------------------
  1     98          0.050
  2     109         0.010
  3     102         0.010

Detector: BL_W140_T2.6_D6
Best Detection: 112 mmHg (confidence: 0.126)
Top 10 readings:
  Rank  Pressure    Confidence  
  ------------------------------
  1     112         0.126
  2     98          0.050
  3     109         0.010
  4     102         0.010

Detector: BL_W140_T2.6_D8
Best Detection: 112 mmHg (confidence: 0.126)
Top 10 readings:
  Rank  Pressure    Confidence  
  ------------------------------
  1     112         0.126
  2     98          0.050
  3     108         0.010
  4     108         0.010
  5     102         0.010

Detector: BL_W140_T2.6_D10
Best Detection: 108 mmHg (confidence: 0.260)
Top 10 readings:
  Rank  Pressure    Confidence  
  ------------------------------
  1     108         0.260
  2     108         0.260
  3     106         0.126
  4     99          0.050
  5     103         0.010

Detector: BL_W140_T2.6_D15
Best Detection: 108 mmHg (confidence: 0.260)
Top 10 readings:
  Rank  Pressure    Confidence  
  ------------------------------
  1     108         0.260
  2     107         0.260
  3     106         0.126
  4     98          0.050
  5     102         0.010

Detector: BL_W140_T2.6_D20
Best Detection: 98 mmHg (confidence: 0.050)
Top 10 readings:
  Rank  Pressure    Confidence  
  ------------------------------
  1     98          0.050
  2     109         0.010
  3     102         0.010

Detector: BL_W140_T2.6_D25
Best Detection: 98 mmHg (confidence: 0.050)
Top 10 readings:
  Rank  Pressure    Confidence  
  ------------------------------
  1     98          0.050
  2     102         0.010

Detector: BL_W140_T2.6_D30
Best Detection: 98 mmHg (confidence: 0.050)
Top 10 readings:
  Rank  Pressure    Confidence  
  ------------------------------
  1     98          0.050
  2     102         0.010

Detector: BL_W140_T2.6_D40
Best Detection: 98 mmHg (confidence: 0.050)
Top 10 readings:
  Rank  Pressure    Confidence  
  ------------------------------
  1     98          0.050
  2     102         0.010

Detector: BL_W140_T2.8_D2
Best Detection: 98 mmHg (confidence: 0.050)
Top 10 readings:
  Rank  Pressure    Confidence  
  ------------------------------
  1     98          0.050
  2     109         0.010
  3     102         0.010

Detector: BL_W140_T2.8_D4
Best Detection: 98 mmHg (confidence: 0.050)
Top 10 readings:
  Rank  Pressure    Confidence  
  ------------------------------
  1     98          0.050
  2     109         0.010
  3     102         0.010

Detector: BL_W140_T2.8_D6
Best Detection: 112 mmHg (confidence: 0.126)
Top 10 readings:
  Rank  Pressure    Confidence  
  ------------------------------
  1     112         0.126
  2     98          0.050
  3     109         0.010
  4     102         0.010

Detector: BL_W140_T2.8_D8
Best Detection: 112 mmHg (confidence: 0.126)
Top 10 readings:
  Rank  Pressure    Confidence  
  ------------------------------
  1     112         0.126
  2     98          0.050
  3     108         0.010
  4     102         0.010

Detector: BL_W140_T2.8_D10
Best Detection: 108 mmHg (confidence: 0.260)
Top 10 readings:
  Rank  Pressure    Confidence  
  ------------------------------
  1     108         0.260
  2     108         0.260
  3     106         0.126
  4     99          0.050
  5     103         0.010

Detector: BL_W140_T2.8_D15
Best Detection: 108 mmHg (confidence: 0.260)
Top 10 readings:
  Rank  Pressure    Confidence  
  ------------------------------
  1     108         0.260
  2     107         0.260
  3     106         0.126
  4     98          0.050
  5     102         0.010

Detector: BL_W140_T2.8_D20
Best Detection: 98 mmHg (confidence: 0.050)
Top 10 readings:
  Rank  Pressure    Confidence  
  ------------------------------
  1     98          0.050
  2     109         0.010
  3     102         0.010

Detector: BL_W140_T2.8_D25
Best Detection: 98 mmHg (confidence: 0.050)
Top 10 readings:
  Rank  Pressure    Confidence  
  ------------------------------
  1     98          0.050
  2     102         0.010

Detector: BL_W140_T2.8_D30
Best Detection: 98 mmHg (confidence: 0.050)
Top 10 readings:
  Rank  Pressure    Confidence  
  ------------------------------
  1     98          0.050
  2     102         0.010

Detector: BL_W140_T2.8_D40
Best Detection: 98 mmHg (confidence: 0.050)
Top 10 readings:
  Rank  Pressure    Confidence  
  ------------------------------
  1     98          0.050
  2     102         0.010

Detector: BL_W140_T3.0_D2
Best Detection: 98 mmHg (confidence: 0.050)
Top 10 readings:
  Rank  Pressure    Confidence  
  ------------------------------
  1     98          0.050
  2     102         0.010

Detector: BL_W140_T3.0_D4
Best Detection: 98 mmHg (confidence: 0.050)
Top 10 readings:
  Rank  Pressure    Confidence  
  ------------------------------
  1     98          0.050
  2     102         0.010

Detector: BL_W140_T3.0_D6
Best Detection: 98 mmHg (confidence: 0.050)
Top 10 readings:
  Rank  Pressure    Confidence  
  ------------------------------
  1     98          0.050
  2     112         0.010
  3     102         0.010

Detector: BL_W140_T3.0_D8
Best Detection: 112 mmHg (confidence: 0.126)
Top 10 readings:
  Rank  Pressure    Confidence  
  ------------------------------
  1     112         0.126
  2     98          0.050
  3     108         0.010
  4     102         0.010

Detector: BL_W140_T3.0_D10
Best Detection: 108 mmHg (confidence: 0.260)
Top 10 readings:
  Rank  Pressure    Confidence  
  ------------------------------
  1     108         0.260
  2     108         0.260
  3     106         0.126
  4     99          0.050
  5     103         0.010

Detector: BL_W140_T3.0_D15
Best Detection: 108 mmHg (confidence: 0.260)
Top 10 readings:
  Rank  Pressure    Confidence  
  ------------------------------
  1     108         0.260
  2     107         0.260
  3     106         0.126
  4     98          0.050
  5     102         0.010

Detector: BL_W140_T3.0_D20
Best Detection: 98 mmHg (confidence: 0.050)
Top 10 readings:
  Rank  Pressure    Confidence  
  ------------------------------
  1     98          0.050
  2     109         0.010
  3     102         0.010

Detector: BL_W140_T3.0_D25
Best Detection: 98 mmHg (confidence: 0.050)
Top 10 readings:
  Rank  Pressure    Confidence  
  ------------------------------
  1     98          0.050
  2     102         0.010

Detector: BL_W140_T3.0_D30
Best Detection: 98 mmHg (confidence: 0.050)
Top 10 readings:
  Rank  Pressure    Confidence  
  ------------------------------
  1     98          0.050
  2     102         0.010

Detector: BL_W140_T3.0_D40
Best Detection: 98 mmHg (confidence: 0.050)
Top 10 readings:
  Rank  Pressure    Confidence  
  ------------------------------
  1     98          0.050
  2     102         0.010

Detector: BL_W150_T1.2_D2
Best Detection: 92 mmHg (confidence: 0.980)
Top 10 readings:
  Rank  Pressure    Confidence  
  ------------------------------
  1     92          0.980
  2     89          0.900
  3     85          0.820
  4     84          0.740
  5     82          0.660
  6     79          0.580
  7     77          0.500
  8     112         0.420
  9     75          0.420
  10    108         0.340

Detector: BL_W150_T1.2_D4
Best Detection: 92 mmHg (confidence: 0.980)
Top 10 readings:
  Rank  Pressure    Confidence  
  ------------------------------
  1     92          0.980
  2     89          0.900
  3     85          0.820
  4     84          0.740
  5     82          0.660
  6     79          0.580
  7     77          0.500
  8     112         0.420
  9     75          0.420
  10    108         0.340

Detector: BL_W150_T1.2_D6
Best Detection: 92 mmHg (confidence: 0.980)
Top 10 readings:
  Rank  Pressure    Confidence  
  ------------------------------
  1     92          0.980
  2     89          0.900
  3     85          0.820
  4     84          0.740
  5     82          0.660
  6     79          0.580
  7     77          0.500
  8     112         0.420
  9     75          0.420
  10    108         0.340

Detector: BL_W150_T1.2_D8
Best Detection: 92 mmHg (confidence: 0.980)
Top 10 readings:
  Rank  Pressure    Confidence  
  ------------------------------
  1     92          0.980
  2     89          0.900
  3     85          0.820
  4     84          0.740
  5     82          0.660
  6     79          0.580
  7     77          0.500
  8     112         0.420
  9     75          0.420
  10    108         0.340

Detector: BL_W150_T1.2_D10
Best Detection: 92 mmHg (confidence: 0.980)
Top 10 readings:
  Rank  Pressure    Confidence  
  ------------------------------
  1     92          0.980
  2     89          0.900
  3     85          0.820
  4     84          0.740
  5     82          0.660
  6     79          0.580
  7     77          0.500
  8     75          0.420
  9     108         0.340
  10    108         0.340

Detector: BL_W150_T1.2_D15
Best Detection: 92 mmHg (confidence: 0.980)
Top 10 readings:
  Rank  Pressure    Confidence  
  ------------------------------
  1     92          0.980
  2     89          0.900
  3     85          0.820
  4     84          0.740
  5     82          0.660
  6     79          0.580
  7     77          0.500
  8     75          0.420
  9     108         0.340
  10    107         0.340

Detector: BL_W150_T1.2_D20
Best Detection: 92 mmHg (confidence: 0.980)
Top 10 readings:
  Rank  Pressure    Confidence  
  ------------------------------
  1     92          0.980
  2     89          0.900
  3     85          0.820
  4     84          0.740
  5     82          0.660
  6     79          0.580
  7     77          0.500
  8     75          0.420
  9     73          0.340
  10    71          0.260

Detector: BL_W150_T1.2_D25
Best Detection: 92 mmHg (confidence: 0.980)
Top 10 readings:
  Rank  Pressure    Confidence  
  ------------------------------
  1     92          0.980
  2     89          0.900
  3     85          0.820
  4     84          0.740
  5     82          0.660
  6     79          0.580
  7     77          0.500
  8     75          0.420
  9     73          0.340
  10    71          0.260

Detector: BL_W150_T1.2_D30
Best Detection: 92 mmHg (confidence: 0.980)
Top 10 readings:
  Rank  Pressure    Confidence  
  ------------------------------
  1     92          0.980
  2     89          0.900
  3     85          0.820
  4     84          0.740
  5     82          0.660
  6     79          0.580
  7     77          0.500
  8     75          0.420
  9     73          0.340
  10    71          0.260

Detector: BL_W150_T1.2_D40
Best Detection: 92 mmHg (confidence: 0.980)
Top 10 readings:
  Rank  Pressure    Confidence  
  ------------------------------
  1     92          0.980
  2     89          0.900
  3     85          0.820
  4     84          0.740
  5     82          0.660
  6     79          0.580
  7     77          0.500
  8     75          0.420
  9     73          0.340
  10    71          0.260

Detector: BL_W150_T1.4_D2
Best Detection: 84 mmHg (confidence: 0.740)
Top 10 readings:
  Rank  Pressure    Confidence  
  ------------------------------
  1     84          0.740
  2     81          0.660
  3     79          0.580
  4     77          0.500
  5     75          0.420
  6     108         0.340
  7     108         0.340
  8     73          0.340
  9     112         0.336
  10    106         0.260

Detector: BL_W150_T1.4_D4
Best Detection: 84 mmHg (confidence: 0.740)
Top 10 readings:
  Rank  Pressure    Confidence  
  ------------------------------
  1     84          0.740
  2     81          0.660
  3     79          0.580
  4     77          0.500
  5     75          0.420
  6     108         0.340
  7     108         0.340
  8     73          0.340
  9     112         0.336
  10    106         0.260

Detector: BL_W150_T1.4_D6
Best Detection: 84 mmHg (confidence: 0.740)
Top 10 readings:
  Rank  Pressure    Confidence  
  ------------------------------
  1     84          0.740
  2     81          0.660
  3     79          0.580
  4     77          0.500
  5     75          0.420
  6     108         0.340
  7     108         0.340
  8     73          0.340
  9     112         0.336
  10    106         0.260

Detector: BL_W150_T1.4_D8
Best Detection: 84 mmHg (confidence: 0.740)
Top 10 readings:
  Rank  Pressure    Confidence  
  ------------------------------
  1     84          0.740
  2     81          0.660
  3     79          0.580
  4     77          0.500
  5     75          0.420
  6     108         0.340
  7     108         0.340
  8     73          0.340
  9     112         0.336
  10    106         0.260

Detector: BL_W150_T1.4_D10
Best Detection: 84 mmHg (confidence: 0.740)
Top 10 readings:
  Rank  Pressure    Confidence  
  ------------------------------
  1     84          0.740
  2     81          0.660
  3     79          0.580
  4     77          0.500
  5     75          0.420
  6     108         0.340
  7     108         0.340
  8     73          0.340
  9     106         0.260
  10    71          0.260

Detector: BL_W150_T1.4_D15
Best Detection: 84 mmHg (confidence: 0.740)
Top 10 readings:
  Rank  Pressure    Confidence  
  ------------------------------
  1     84          0.740
  2     81          0.660
  3     79          0.580
  4     77          0.500
  5     75          0.420
  6     108         0.340
  7     107         0.340
  8     73          0.340
  9     106         0.260
  10    71          0.260

Detector: BL_W150_T1.4_D20
Best Detection: 84 mmHg (confidence: 0.740)
Top 10 readings:
  Rank  Pressure    Confidence  
  ------------------------------
  1     84          0.740
  2     81          0.660
  3     79          0.580
  4     77          0.500
  5     75          0.420
  6     73          0.340
  7     71          0.260
  8     102         0.126
  9     98          0.126
  10    92          0.126

Detector: BL_W150_T1.4_D25
Best Detection: 84 mmHg (confidence: 0.740)
Top 10 readings:
  Rank  Pressure    Confidence  
  ------------------------------
  1     84          0.740
  2     81          0.660
  3     79          0.580
  4     77          0.500
  5     75          0.420
  6     73          0.340
  7     71          0.260
  8     102         0.126
  9     98          0.126
  10    92          0.126

Detector: BL_W150_T1.4_D30
Best Detection: 84 mmHg (confidence: 0.740)
Top 10 readings:
  Rank  Pressure    Confidence  
  ------------------------------
  1     84          0.740
  2     81          0.660
  3     79          0.580
  4     77          0.500
  5     75          0.420
  6     73          0.340
  7     71          0.260
  8     102         0.126
  9     98          0.126
  10    92          0.126

Detector: BL_W150_T1.4_D40
Best Detection: 84 mmHg (confidence: 0.740)
Top 10 readings:
  Rank  Pressure    Confidence  
  ------------------------------
  1     84          0.740
  2     81          0.660
  3     79          0.580
  4     77          0.500
  5     75          0.420
  6     73          0.340
  7     71          0.260
  8     102         0.126
  9     98          0.126
  10    92          0.126

Detector: BL_W150_T1.6_D2
Best Detection: 83 mmHg (confidence: 0.740)
Top 10 readings:
  Rank  Pressure    Confidence  
  ------------------------------
  1     83          0.740
  2     81          0.660
  3     79          0.580
  4     77          0.500
  5     75          0.420
  6     108         0.340
  7     108         0.340
  8     73          0.340
  9     112         0.336
  10    106         0.260

Detector: BL_W150_T1.6_D4
Best Detection: 83 mmHg (confidence: 0.740)
Top 10 readings:
  Rank  Pressure    Confidence  
  ------------------------------
  1     83          0.740
  2     81          0.660
  3     79          0.580
  4     77          0.500
  5     75          0.420
  6     108         0.340
  7     108         0.340
  8     73          0.340
  9     112         0.336
  10    106         0.260

Detector: BL_W150_T1.6_D6
Best Detection: 83 mmHg (confidence: 0.740)
Top 10 readings:
  Rank  Pressure    Confidence  
  ------------------------------
  1     83          0.740
  2     81          0.660
  3     79          0.580
  4     77          0.500
  5     75          0.420
  6     108         0.340
  7     108         0.340
  8     73          0.340
  9     112         0.336
  10    106         0.260

Detector: BL_W150_T1.6_D8
Best Detection: 83 mmHg (confidence: 0.740)
Top 10 readings:
  Rank  Pressure    Confidence  
  ------------------------------
  1     83          0.740
  2     81          0.660
  3     79          0.580
  4     77          0.500
  5     75          0.420
  6     108         0.340
  7     108         0.340
  8     73          0.340
  9     112         0.336
  10    106         0.260

Detector: BL_W150_T1.6_D10
Best Detection: 83 mmHg (confidence: 0.740)
Top 10 readings:
  Rank  Pressure    Confidence  
  ------------------------------
  1     83          0.740
  2     81          0.660
  3     79          0.580
  4     77          0.500
  5     75          0.420
  6     108         0.340
  7     108         0.340
  8     73          0.340
  9     106         0.260
  10    71          0.260

Detector: BL_W150_T1.6_D15
Best Detection: 83 mmHg (confidence: 0.740)
Top 10 readings:
  Rank  Pressure    Confidence  
  ------------------------------
  1     83          0.740
  2     81          0.660
  3     79          0.580
  4     77          0.500
  5     75          0.420
  6     108         0.340
  7     107         0.340
  8     73          0.340
  9     106         0.260
  10    71          0.260

Detector: BL_W150_T1.6_D20
Best Detection: 83 mmHg (confidence: 0.740)
Top 10 readings:
  Rank  Pressure    Confidence  
  ------------------------------
  1     83          0.740
  2     81          0.660
  3     79          0.580
  4     77          0.500
  5     75          0.420
  6     73          0.340
  7     71          0.260
  8     102         0.126
  9     98          0.126
  10    92          0.126

Detector: BL_W150_T1.6_D25
Best Detection: 83 mmHg (confidence: 0.740)
Top 10 readings:
  Rank  Pressure    Confidence  
  ------------------------------
  1     83          0.740
  2     81          0.660
  3     79          0.580
  4     77          0.500
  5     75          0.420
  6     73          0.340
  7     71          0.260
  8     102         0.126
  9     98          0.126
  10    92          0.126

Detector: BL_W150_T1.6_D30
Best Detection: 83 mmHg (confidence: 0.740)
Top 10 readings:
  Rank  Pressure    Confidence  
  ------------------------------
  1     83          0.740
  2     81          0.660
  3     79          0.580
  4     77          0.500
  5     75          0.420
  6     73          0.340
  7     71          0.260
  8     102         0.126
  9     98          0.126
  10    92          0.126

Detector: BL_W150_T1.6_D40
Best Detection: 83 mmHg (confidence: 0.740)
Top 10 readings:
  Rank  Pressure    Confidence  
  ------------------------------
  1     83          0.740
  2     81          0.660
  3     79          0.580
  4     77          0.500
  5     75          0.420
  6     73          0.340
  7     71          0.260
  8     102         0.126
  9     98          0.126
  10    92          0.126

Detector: BL_W150_T1.8_D2
Best Detection: 111 mmHg (confidence: 0.420)
Top 10 readings:
  Rank  Pressure    Confidence  
  ------------------------------
  1     111         0.420
  2     75          0.420
  3     108         0.340
  4     107         0.340
  5     73          0.340
  6     106         0.260
  7     71          0.260
  8     102         0.126
  9     98          0.126
  10    92          0.126

Detector: BL_W150_T1.8_D4
Best Detection: 111 mmHg (confidence: 0.420)
Top 10 readings:
  Rank  Pressure    Confidence  
  ------------------------------
  1     111         0.420
  2     75          0.420
  3     108         0.340
  4     107         0.340
  5     73          0.340
  6     106         0.260
  7     71          0.260
  8     102         0.126
  9     98          0.126
  10    92          0.126

Detector: BL_W150_T1.8_D6
Best Detection: 112 mmHg (confidence: 0.420)
Top 10 readings:
  Rank  Pressure    Confidence  
  ------------------------------
  1     112         0.420
  2     75          0.420
  3     108         0.340
  4     107         0.340
  5     73          0.340
  6     106         0.260
  7     71          0.260
  8     102         0.126
  9     98          0.126
  10    92          0.126

Detector: BL_W150_T1.8_D8
Best Detection: 75 mmHg (confidence: 0.420)
Top 10 readings:
  Rank  Pressure    Confidence  
  ------------------------------
  1     75          0.420
  2     108         0.340
  3     108         0.340
  4     73          0.340
  5     112         0.336
  6     106         0.260
  7     71          0.260
  8     102         0.126
  9     98          0.126
  10    92          0.126

Detector: BL_W150_T1.8_D10
Best Detection: 75 mmHg (confidence: 0.420)
Top 10 readings:
  Rank  Pressure    Confidence  
  ------------------------------
  1     75          0.420
  2     108         0.340
  3     108         0.340
  4     73          0.340
  5     106         0.260
  6     71          0.260
  7     103         0.126
  8     99          0.126
  9     92          0.126
  10    69          0.126

Detector: BL_W150_T1.8_D15
Best Detection: 75 mmHg (confidence: 0.420)
Top 10 readings:
  Rank  Pressure    Confidence  
  ------------------------------
  1     75          0.420
  2     108         0.340
  3     107         0.340
  4     73          0.340
  5     106         0.260
  6     71          0.260
  7     102         0.126
  8     98          0.126
  9     92          0.126
  10    69          0.126

Detector: BL_W150_T1.8_D20
Best Detection: 75 mmHg (confidence: 0.420)
Top 10 readings:
  Rank  Pressure    Confidence  
  ------------------------------
  1     75          0.420
  2     73          0.340
  3     71          0.260
  4     102         0.126
  5     98          0.126
  6     92          0.126
  7     69          0.126
  8     66          0.050
  9     109         0.010
  10    98          0.010

Detector: BL_W150_T1.8_D25
Best Detection: 75 mmHg (confidence: 0.420)
Top 10 readings:
  Rank  Pressure    Confidence  
  ------------------------------
  1     75          0.420
  2     73          0.340
  3     71          0.260
  4     102         0.126
  5     98          0.126
  6     92          0.126
  7     69          0.126
  8     66          0.050
  9     98          0.010
  10    89          0.010

Detector: BL_W150_T1.8_D30
Best Detection: 75 mmHg (confidence: 0.420)
Top 10 readings:
  Rank  Pressure    Confidence  
  ------------------------------
  1     75          0.420
  2     73          0.340
  3     71          0.260
  4     102         0.126
  5     98          0.126
  6     92          0.126
  7     69          0.126
  8     66          0.050
  9     98          0.010
  10    89          0.010

Detector: BL_W150_T1.8_D40
Best Detection: 75 mmHg (confidence: 0.420)
Top 10 readings:
  Rank  Pressure    Confidence  
  ------------------------------
  1     75          0.420
  2     73          0.340
  3     71          0.260
  4     102         0.126
  5     98          0.126
  6     92          0.126
  7     69          0.126
  8     66          0.050
  9     98          0.010
  10    89          0.010

Detector: BL_W150_T2.0_D2
Best Detection: 71 mmHg (confidence: 0.260)
Top 10 readings:
  Rank  Pressure    Confidence  
  ------------------------------
  1     71          0.260
  2     102         0.126
  3     98          0.126
  4     68          0.126
  5     66          0.050
  6     108         0.010
  7     107         0.010
  8     98          0.010

Detector: BL_W150_T2.0_D4
Best Detection: 71 mmHg (confidence: 0.260)
Top 10 readings:
  Rank  Pressure    Confidence  
  ------------------------------
  1     71          0.260
  2     102         0.126
  3     98          0.126
  4     68          0.126
  5     66          0.050
  6     108         0.010
  7     107         0.010
  8     98          0.010

Detector: BL_W150_T2.0_D6
Best Detection: 71 mmHg (confidence: 0.260)
Top 10 readings:
  Rank  Pressure    Confidence  
  ------------------------------
  1     71          0.260
  2     112         0.126
  3     102         0.126
  4     98          0.126
  5     68          0.126
  6     66          0.050
  7     108         0.010
  8     107         0.010
  9     98          0.010

Detector: BL_W150_T2.0_D8
Best Detection: 71 mmHg (confidence: 0.260)
Top 10 readings:
  Rank  Pressure    Confidence  
  ------------------------------
  1     71          0.260
  2     112         0.126
  3     102         0.126
  4     98          0.126
  5     68          0.126
  6     66          0.050
  7     108         0.010
  8     108         0.010
  9     98          0.010

Detector: BL_W150_T2.0_D10
Best Detection: 108 mmHg (confidence: 0.340)
Top 10 readings:
  Rank  Pressure    Confidence  
  ------------------------------
  1     108         0.340
  2     108         0.340
  3     106         0.260
  4     71          0.260
  5     103         0.126
  6     99          0.126
  7     68          0.126
  8     66          0.050
  9     98          0.010

Detector: BL_W150_T2.0_D15
Best Detection: 108 mmHg (confidence: 0.340)
Top 10 readings:
  Rank  Pressure    Confidence  
  ------------------------------
  1     108         0.340
  2     107         0.340
  3     106         0.260
  4     71          0.260
  5     102         0.126
  6     98          0.126
  7     68          0.126
  8     66          0.050
  9     98          0.010

Detector: BL_W150_T2.0_D20
Best Detection: 71 mmHg (confidence: 0.260)
Top 10 readings:
  Rank  Pressure    Confidence  
  ------------------------------
  1     71          0.260
  2     102         0.126
  3     98          0.126
  4     68          0.126
  5     66          0.050
  6     109         0.010
  7     98          0.010

Detector: BL_W150_T2.0_D25
Best Detection: 71 mmHg (confidence: 0.260)
Top 10 readings:
  Rank  Pressure    Confidence  
  ------------------------------
  1     71          0.260
  2     102         0.126
  3     98          0.126
  4     68          0.126
  5     66          0.050
  6     98          0.010

Detector: BL_W150_T2.0_D30
Best Detection: 71 mmHg (confidence: 0.260)
Top 10 readings:
  Rank  Pressure    Confidence  
  ------------------------------
  1     71          0.260
  2     102         0.126
  3     98          0.126
  4     68          0.126
  5     66          0.050
  6     98          0.010

Detector: BL_W150_T2.0_D40
Best Detection: 71 mmHg (confidence: 0.260)
Top 10 readings:
  Rank  Pressure    Confidence  
  ------------------------------
  1     71          0.260
  2     102         0.126
  3     98          0.126
  4     68          0.126
  5     66          0.050
  6     98          0.010

Detector: BL_W150_T2.2_D2
Best Detection: 102 mmHg (confidence: 0.126)
Top 10 readings:
  Rank  Pressure    Confidence  
  ------------------------------
  1     102         0.126
  2     98          0.126
  3     66          0.050
  4     108         0.010
  5     107         0.010
  6     98          0.010
  7     71          0.010

Detector: BL_W150_T2.2_D4
Best Detection: 102 mmHg (confidence: 0.126)
Top 10 readings:
  Rank  Pressure    Confidence  
  ------------------------------
  1     102         0.126
  2     98          0.126
  3     66          0.050
  4     108         0.010
  5     107         0.010
  6     98          0.010
  7     71          0.010

Detector: BL_W150_T2.2_D6
Best Detection: 112 mmHg (confidence: 0.126)
Top 10 readings:
  Rank  Pressure    Confidence  
  ------------------------------
  1     112         0.126
  2     102         0.126
  3     98          0.126
  4     66          0.050
  5     108         0.010
  6     107         0.010
  7     98          0.010
  8     71          0.010

Detector: BL_W150_T2.2_D8
Best Detection: 112 mmHg (confidence: 0.126)
Top 10 readings:
  Rank  Pressure    Confidence  
  ------------------------------
  1     112         0.126
  2     102         0.126
  3     98          0.126
  4     66          0.050
  5     108         0.010
  6     108         0.010
  7     98          0.010
  8     71          0.010

Detector: BL_W150_T2.2_D10
Best Detection: 108 mmHg (confidence: 0.340)
Top 10 readings:
  Rank  Pressure    Confidence  
  ------------------------------
  1     108         0.340
  2     108         0.340
  3     106         0.260
  4     103         0.126
  5     99          0.126
  6     66          0.050
  7     98          0.010
  8     71          0.010

Detector: BL_W150_T2.2_D15
Best Detection: 108 mmHg (confidence: 0.340)
Top 10 readings:
  Rank  Pressure    Confidence  
  ------------------------------
  1     108         0.340
  2     107         0.340
  3     106         0.260
  4     102         0.126
  5     98          0.126
  6     66          0.050
  7     98          0.010
  8     71          0.010

Detector: BL_W150_T2.2_D20
Best Detection: 102 mmHg (confidence: 0.126)
Top 10 readings:
  Rank  Pressure    Confidence  
  ------------------------------
  1     102         0.126
  2     98          0.126
  3     66          0.050
  4     109         0.010
  5     98          0.010
  6     71          0.010

Detector: BL_W150_T2.2_D25
Best Detection: 102 mmHg (confidence: 0.126)
Top 10 readings:
  Rank  Pressure    Confidence  
  ------------------------------
  1     102         0.126
  2     98          0.126
  3     66          0.050
  4     98          0.010
  5     71          0.010

Detector: BL_W150_T2.2_D30
Best Detection: 102 mmHg (confidence: 0.126)
Top 10 readings:
  Rank  Pressure    Confidence  
  ------------------------------
  1     102         0.126
  2     98          0.126
  3     66          0.050
  4     98          0.010
  5     71          0.010

Detector: BL_W150_T2.2_D40
Best Detection: 102 mmHg (confidence: 0.126)
Top 10 readings:
  Rank  Pressure    Confidence  
  ------------------------------
  1     102         0.126
  2     98          0.126
  3     66          0.050
  4     98          0.010
  5     71          0.010

Detector: BL_W150_T2.4_D2
Best Detection: 102 mmHg (confidence: 0.126)
Top 10 readings:
  Rank  Pressure    Confidence  
  ------------------------------
  1     102         0.126
  2     98          0.126
  3     97          0.050
  4     108         0.010
  5     107         0.010

Detector: BL_W150_T2.4_D4
Best Detection: 102 mmHg (confidence: 0.126)
Top 10 readings:
  Rank  Pressure    Confidence  
  ------------------------------
  1     102         0.126
  2     98          0.126
  3     97          0.050
  4     108         0.010
  5     107         0.010

Detector: BL_W150_T2.4_D6
Best Detection: 112 mmHg (confidence: 0.126)
Top 10 readings:
  Rank  Pressure    Confidence  
  ------------------------------
  1     112         0.126
  2     102         0.126
  3     98          0.126
  4     97          0.050
  5     108         0.010
  6     107         0.010

Detector: BL_W150_T2.4_D8
Best Detection: 112 mmHg (confidence: 0.126)
Top 10 readings:
  Rank  Pressure    Confidence  
  ------------------------------
  1     112         0.126
  2     102         0.126
  3     98          0.126
  4     97          0.050
  5     108         0.010
  6     108         0.010

Detector: BL_W150_T2.4_D10
Best Detection: 108 mmHg (confidence: 0.340)
Top 10 readings:
  Rank  Pressure    Confidence  
  ------------------------------
  1     108         0.340
  2     108         0.340
  3     106         0.260
  4     103         0.126
  5     99          0.126
  6     97          0.050

Detector: BL_W150_T2.4_D15
Best Detection: 108 mmHg (confidence: 0.340)
Top 10 readings:
  Rank  Pressure    Confidence  
  ------------------------------
  1     108         0.340
  2     107         0.340
  3     106         0.260
  4     102         0.126
  5     98          0.126
  6     97          0.050

Detector: BL_W150_T2.4_D20
Best Detection: 102 mmHg (confidence: 0.126)
Top 10 readings:
  Rank  Pressure    Confidence  
  ------------------------------
  1     102         0.126
  2     98          0.126
  3     97          0.050
  4     109         0.010

Detector: BL_W150_T2.4_D25
Best Detection: 102 mmHg (confidence: 0.126)
Top 10 readings:
  Rank  Pressure    Confidence  
  ------------------------------
  1     102         0.126
  2     98          0.126
  3     97          0.050

Detector: BL_W150_T2.4_D30
Best Detection: 102 mmHg (confidence: 0.126)
Top 10 readings:
  Rank  Pressure    Confidence  
  ------------------------------
  1     102         0.126
  2     98          0.126
  3     97          0.050

Detector: BL_W150_T2.4_D40
Best Detection: 102 mmHg (confidence: 0.126)
Top 10 readings:
  Rank  Pressure    Confidence  
  ------------------------------
  1     102         0.126
  2     98          0.126
  3     97          0.050

Detector: BL_W150_T2.6_D2
Best Detection: 102 mmHg (confidence: 0.126)
Top 10 readings:
  Rank  Pressure    Confidence  
  ------------------------------
  1     102         0.126
  2     98          0.126
  3     97          0.050
  4     109         0.010

Detector: BL_W150_T2.6_D4
Best Detection: 102 mmHg (confidence: 0.126)
Top 10 readings:
  Rank  Pressure    Confidence  
  ------------------------------
  1     102         0.126
  2     98          0.126
  3     97          0.050
  4     109         0.010

Detector: BL_W150_T2.6_D6
Best Detection: 112 mmHg (confidence: 0.126)
Top 10 readings:
  Rank  Pressure    Confidence  
  ------------------------------
  1     112         0.126
  2     102         0.126
  3     98          0.126
  4     97          0.050
  5     109         0.010

Detector: BL_W150_T2.6_D8
Best Detection: 112 mmHg (confidence: 0.126)
Top 10 readings:
  Rank  Pressure    Confidence  
  ------------------------------
  1     112         0.126
  2     102         0.126
  3     98          0.126
  4     97          0.050
  5     108         0.010
  6     108         0.010

Detector: BL_W150_T2.6_D10
Best Detection: 108 mmHg (confidence: 0.340)
Top 10 readings:
  Rank  Pressure    Confidence  
  ------------------------------
  1     108         0.340
  2     108         0.340
  3     106         0.260
  4     103         0.126
  5     99          0.126
  6     97          0.050

Detector: BL_W150_T2.6_D15
Best Detection: 108 mmHg (confidence: 0.340)
Top 10 readings:
  Rank  Pressure    Confidence  
  ------------------------------
  1     108         0.340
  2     107         0.340
  3     106         0.260
  4     102         0.126
  5     98          0.126
  6     97          0.050

Detector: BL_W150_T2.6_D20
Best Detection: 102 mmHg (confidence: 0.126)
Top 10 readings:
  Rank  Pressure    Confidence  
  ------------------------------
  1     102         0.126
  2     98          0.126
  3     97          0.050
  4     109         0.010

Detector: BL_W150_T2.6_D25
Best Detection: 102 mmHg (confidence: 0.126)
Top 10 readings:
  Rank  Pressure    Confidence  
  ------------------------------
  1     102         0.126
  2     98          0.126
  3     97          0.050

Detector: BL_W150_T2.6_D30
Best Detection: 102 mmHg (confidence: 0.126)
Top 10 readings:
  Rank  Pressure    Confidence  
  ------------------------------
  1     102         0.126
  2     98          0.126
  3     97          0.050

Detector: BL_W150_T2.6_D40
Best Detection: 102 mmHg (confidence: 0.126)
Top 10 readings:
  Rank  Pressure    Confidence  
  ------------------------------
  1     102         0.126
  2     98          0.126
  3     97          0.050

Detector: BL_W150_T2.8_D2
Best Detection: 98 mmHg (confidence: 0.050)
Top 10 readings:
  Rank  Pressure    Confidence  
  ------------------------------
  1     98          0.050
  2     109         0.010
  3     102         0.010

Detector: BL_W150_T2.8_D4
Best Detection: 98 mmHg (confidence: 0.050)
Top 10 readings:
  Rank  Pressure    Confidence  
  ------------------------------
  1     98          0.050
  2     109         0.010
  3     102         0.010

Detector: BL_W150_T2.8_D6
Best Detection: 112 mmHg (confidence: 0.126)
Top 10 readings:
  Rank  Pressure    Confidence  
  ------------------------------
  1     112         0.126
  2     98          0.050
  3     109         0.010
  4     102         0.010

Detector: BL_W150_T2.8_D8
Best Detection: 112 mmHg (confidence: 0.126)
Top 10 readings:
  Rank  Pressure    Confidence  
  ------------------------------
  1     112         0.126
  2     98          0.050
  3     108         0.010
  4     108         0.010
  5     102         0.010

Detector: BL_W150_T2.8_D10
Best Detection: 108 mmHg (confidence: 0.260)
Top 10 readings:
  Rank  Pressure    Confidence  
  ------------------------------
  1     108         0.260
  2     108         0.260
  3     106         0.126
  4     99          0.050
  5     103         0.010

Detector: BL_W150_T2.8_D15
Best Detection: 108 mmHg (confidence: 0.260)
Top 10 readings:
  Rank  Pressure    Confidence  
  ------------------------------
  1     108         0.260
  2     107         0.260
  3     106         0.126
  4     98          0.050
  5     102         0.010

Detector: BL_W150_T2.8_D20
Best Detection: 98 mmHg (confidence: 0.050)
Top 10 readings:
  Rank  Pressure    Confidence  
  ------------------------------
  1     98          0.050
  2     109         0.010
  3     102         0.010

Detector: BL_W150_T2.8_D25
Best Detection: 98 mmHg (confidence: 0.050)
Top 10 readings:
  Rank  Pressure    Confidence  
  ------------------------------
  1     98          0.050
  2     102         0.010

Detector: BL_W150_T2.8_D30
Best Detection: 98 mmHg (confidence: 0.050)
Top 10 readings:
  Rank  Pressure    Confidence  
  ------------------------------
  1     98          0.050
  2     102         0.010

Detector: BL_W150_T2.8_D40
Best Detection: 98 mmHg (confidence: 0.050)
Top 10 readings:
  Rank  Pressure    Confidence  
  ------------------------------
  1     98          0.050
  2     102         0.010

Detector: BL_W150_T3.0_D2
Best Detection: 98 mmHg (confidence: 0.050)
Top 10 readings:
  Rank  Pressure    Confidence  
  ------------------------------
  1     98          0.050
  2     102         0.010

Detector: BL_W150_T3.0_D4
Best Detection: 98 mmHg (confidence: 0.050)
Top 10 readings:
  Rank  Pressure    Confidence  
  ------------------------------
  1     98          0.050
  2     102         0.010

Detector: BL_W150_T3.0_D6
Best Detection: 98 mmHg (confidence: 0.050)
Top 10 readings:
  Rank  Pressure    Confidence  
  ------------------------------
  1     98          0.050
  2     112         0.010
  3     102         0.010

Detector: BL_W150_T3.0_D8
Best Detection: 112 mmHg (confidence: 0.126)
Top 10 readings:
  Rank  Pressure    Confidence  
  ------------------------------
  1     112         0.126
  2     98          0.050
  3     108         0.010
  4     108         0.010
  5     102         0.010

Detector: BL_W150_T3.0_D10
Best Detection: 108 mmHg (confidence: 0.260)
Top 10 readings:
  Rank  Pressure    Confidence  
  ------------------------------
  1     108         0.260
  2     108         0.260
  3     106         0.126
  4     99          0.050
  5     103         0.010

Detector: BL_W150_T3.0_D15
Best Detection: 108 mmHg (confidence: 0.260)
Top 10 readings:
  Rank  Pressure    Confidence  
  ------------------------------
  1     108         0.260
  2     107         0.260
  3     106         0.126
  4     98          0.050
  5     102         0.010

Detector: BL_W150_T3.0_D20
Best Detection: 98 mmHg (confidence: 0.050)
Top 10 readings:
  Rank  Pressure    Confidence  
  ------------------------------
  1     98          0.050
  2     109         0.010
  3     102         0.010

Detector: BL_W150_T3.0_D25
Best Detection: 98 mmHg (confidence: 0.050)
Top 10 readings:
  Rank  Pressure    Confidence  
  ------------------------------
  1     98          0.050
  2     102         0.010

Detector: BL_W150_T3.0_D30
Best Detection: 98 mmHg (confidence: 0.050)
Top 10 readings:
  Rank  Pressure    Confidence  
  ------------------------------
  1     98          0.050
  2     102         0.010

Detector: BL_W150_T3.0_D40
Best Detection: 98 mmHg (confidence: 0.050)
Top 10 readings:
  Rank  Pressure    Confidence  
  ------------------------------
  1     98          0.050
  2     102         0.010

Detector: BL_W160_T1.2_D2
Best Detection: 92 mmHg (confidence: 0.980)
Top 10 readings:
  Rank  Pressure    Confidence  
  ------------------------------
  1     92          0.980
  2     89          0.900
  3     85          0.820
  4     84          0.740
  5     82          0.660
  6     79          0.580
  7     77          0.500
  8     75          0.420
  9     108         0.340
  10    108         0.340

Detector: BL_W160_T1.2_D4
Best Detection: 92 mmHg (confidence: 0.980)
Top 10 readings:
  Rank  Pressure    Confidence  
  ------------------------------
  1     92          0.980
  2     89          0.900
  3     85          0.820
  4     84          0.740
  5     82          0.660
  6     79          0.580
  7     77          0.500
  8     75          0.420
  9     108         0.340
  10    108         0.340

Detector: BL_W160_T1.2_D6
Best Detection: 92 mmHg (confidence: 0.980)
Top 10 readings:
  Rank  Pressure    Confidence  
  ------------------------------
  1     92          0.980
  2     89          0.900
  3     85          0.820
  4     84          0.740
  5     82          0.660
  6     79          0.580
  7     77          0.500
  8     75          0.420
  9     108         0.340
  10    108         0.340

Detector: BL_W160_T1.2_D8
Best Detection: 92 mmHg (confidence: 0.980)
Top 10 readings:
  Rank  Pressure    Confidence  
  ------------------------------
  1     92          0.980
  2     89          0.900
  3     85          0.820
  4     84          0.740
  5     82          0.660
  6     79          0.580
  7     77          0.500
  8     75          0.420
  9     108         0.340
  10    108         0.340

Detector: BL_W160_T1.2_D10
Best Detection: 92 mmHg (confidence: 0.980)
Top 10 readings:
  Rank  Pressure    Confidence  
  ------------------------------
  1     92          0.980
  2     89          0.900
  3     85          0.820
  4     84          0.740
  5     82          0.660
  6     79          0.580
  7     77          0.500
  8     75          0.420
  9     108         0.340
  10    108         0.340

Detector: BL_W160_T1.2_D15
Best Detection: 92 mmHg (confidence: 0.980)
Top 10 readings:
  Rank  Pressure    Confidence  
  ------------------------------
  1     92          0.980
  2     89          0.900
  3     85          0.820
  4     84          0.740
  5     82          0.660
  6     79          0.580
  7     77          0.500
  8     75          0.420
  9     108         0.340
  10    107         0.340

Detector: BL_W160_T1.2_D20
Best Detection: 92 mmHg (confidence: 0.980)
Top 10 readings:
  Rank  Pressure    Confidence  
  ------------------------------
  1     92          0.980
  2     89          0.900
  3     85          0.820
  4     84          0.740
  5     82          0.660
  6     79          0.580
  7     77          0.500
  8     75          0.420
  9     73          0.340
  10    71          0.260

Detector: BL_W160_T1.2_D25
Best Detection: 92 mmHg (confidence: 0.980)
Top 10 readings:
  Rank  Pressure    Confidence  
  ------------------------------
  1     92          0.980
  2     89          0.900
  3     85          0.820
  4     84          0.740
  5     82          0.660
  6     79          0.580
  7     77          0.500
  8     75          0.420
  9     73          0.340
  10    71          0.260

Detector: BL_W160_T1.2_D30
Best Detection: 92 mmHg (confidence: 0.980)
Top 10 readings:
  Rank  Pressure    Confidence  
  ------------------------------
  1     92          0.980
  2     89          0.900
  3     85          0.820
  4     84          0.740
  5     82          0.660
  6     79          0.580
  7     77          0.500
  8     75          0.420
  9     73          0.340
  10    71          0.260

Detector: BL_W160_T1.2_D40
Best Detection: 92 mmHg (confidence: 0.980)
Top 10 readings:
  Rank  Pressure    Confidence  
  ------------------------------
  1     92          0.980
  2     89          0.900
  3     85          0.820
  4     84          0.740
  5     82          0.660
  6     79          0.580
  7     77          0.500
  8     75          0.420
  9     73          0.340
  10    71          0.260

Detector: BL_W160_T1.4_D2
Best Detection: 84 mmHg (confidence: 0.740)
Top 10 readings:
  Rank  Pressure    Confidence  
  ------------------------------
  1     84          0.740
  2     81          0.660
  3     79          0.580
  4     77          0.500
  5     75          0.420
  6     108         0.340
  7     108         0.340
  8     73          0.340
  9     106         0.260
  10    71          0.260

Detector: BL_W160_T1.4_D4
Best Detection: 84 mmHg (confidence: 0.740)
Top 10 readings:
  Rank  Pressure    Confidence  
  ------------------------------
  1     84          0.740
  2     81          0.660
  3     79          0.580
  4     77          0.500
  5     75          0.420
  6     108         0.340
  7     108         0.340
  8     73          0.340
  9     106         0.260
  10    71          0.260

Detector: BL_W160_T1.4_D6
Best Detection: 84 mmHg (confidence: 0.740)
Top 10 readings:
  Rank  Pressure    Confidence  
  ------------------------------
  1     84          0.740
  2     81          0.660
  3     79          0.580
  4     77          0.500
  5     75          0.420
  6     108         0.340
  7     108         0.340
  8     73          0.340
  9     106         0.260
  10    71          0.260

Detector: BL_W160_T1.4_D8
Best Detection: 84 mmHg (confidence: 0.740)
Top 10 readings:
  Rank  Pressure    Confidence  
  ------------------------------
  1     84          0.740
  2     81          0.660
  3     79          0.580
  4     77          0.500
  5     75          0.420
  6     108         0.340
  7     108         0.340
  8     73          0.340
  9     106         0.260
  10    71          0.260

Detector: BL_W160_T1.4_D10
Best Detection: 84 mmHg (confidence: 0.740)
Top 10 readings:
  Rank  Pressure    Confidence  
  ------------------------------
  1     84          0.740
  2     81          0.660
  3     79          0.580
  4     77          0.500
  5     75          0.420
  6     108         0.340
  7     108         0.340
  8     73          0.340
  9     106         0.260
  10    71          0.260

Detector: BL_W160_T1.4_D15
Best Detection: 84 mmHg (confidence: 0.740)
Top 10 readings:
  Rank  Pressure    Confidence  
  ------------------------------
  1     84          0.740
  2     81          0.660
  3     79          0.580
  4     77          0.500
  5     75          0.420
  6     108         0.340
  7     107         0.340
  8     73          0.340
  9     106         0.260
  10    71          0.260

Detector: BL_W160_T1.4_D20
Best Detection: 84 mmHg (confidence: 0.740)
Top 10 readings:
  Rank  Pressure    Confidence  
  ------------------------------
  1     84          0.740
  2     81          0.660
  3     79          0.580
  4     77          0.500
  5     75          0.420
  6     73          0.340
  7     71          0.260
  8     102         0.126
  9     98          0.126
  10    92          0.126

Detector: BL_W160_T1.4_D25
Best Detection: 84 mmHg (confidence: 0.740)
Top 10 readings:
  Rank  Pressure    Confidence  
  ------------------------------
  1     84          0.740
  2     81          0.660
  3     79          0.580
  4     77          0.500
  5     75          0.420
  6     73          0.340
  7     71          0.260
  8     102         0.126
  9     98          0.126
  10    92          0.126

Detector: BL_W160_T1.4_D30
Best Detection: 84 mmHg (confidence: 0.740)
Top 10 readings:
  Rank  Pressure    Confidence  
  ------------------------------
  1     84          0.740
  2     81          0.660
  3     79          0.580
  4     77          0.500
  5     75          0.420
  6     73          0.340
  7     71          0.260
  8     102         0.126
  9     98          0.126
  10    92          0.126

Detector: BL_W160_T1.4_D40
Best Detection: 84 mmHg (confidence: 0.740)
Top 10 readings:
  Rank  Pressure    Confidence  
  ------------------------------
  1     84          0.740
  2     81          0.660
  3     79          0.580
  4     77          0.500
  5     75          0.420
  6     73          0.340
  7     71          0.260
  8     102         0.126
  9     98          0.126
  10    92          0.126

Detector: BL_W160_T1.6_D2
Best Detection: 75 mmHg (confidence: 0.420)
Top 10 readings:
  Rank  Pressure    Confidence  
  ------------------------------
  1     75          0.420
  2     108         0.340
  3     108         0.340
  4     73          0.340
  5     106         0.260
  6     84          0.260
  7     71          0.260
  8     102         0.126
  9     98          0.126
  10    92          0.126

Detector: BL_W160_T1.6_D4
Best Detection: 75 mmHg (confidence: 0.420)
Top 10 readings:
  Rank  Pressure    Confidence  
  ------------------------------
  1     75          0.420
  2     108         0.340
  3     108         0.340
  4     73          0.340
  5     106         0.260
  6     84          0.260
  7     71          0.260
  8     102         0.126
  9     98          0.126
  10    92          0.126

Detector: BL_W160_T1.6_D6
Best Detection: 75 mmHg (confidence: 0.420)
Top 10 readings:
  Rank  Pressure    Confidence  
  ------------------------------
  1     75          0.420
  2     108         0.340
  3     108         0.340
  4     73          0.340
  5     106         0.260
  6     84          0.260
  7     71          0.260
  8     102         0.126
  9     98          0.126
  10    92          0.126

Detector: BL_W160_T1.6_D8
Best Detection: 75 mmHg (confidence: 0.420)
Top 10 readings:
  Rank  Pressure    Confidence  
  ------------------------------
  1     75          0.420
  2     108         0.340
  3     108         0.340
  4     73          0.340
  5     106         0.260
  6     84          0.260
  7     71          0.260
  8     102         0.126
  9     98          0.126
  10    92          0.126

Detector: BL_W160_T1.6_D10
Best Detection: 75 mmHg (confidence: 0.420)
Top 10 readings:
  Rank  Pressure    Confidence  
  ------------------------------
  1     75          0.420
  2     108         0.340
  3     108         0.340
  4     73          0.340
  5     106         0.260
  6     84          0.260
  7     71          0.260
  8     103         0.126
  9     99          0.126
  10    92          0.126

Detector: BL_W160_T1.6_D15
Best Detection: 75 mmHg (confidence: 0.420)
Top 10 readings:
  Rank  Pressure    Confidence  
  ------------------------------
  1     75          0.420
  2     108         0.340
  3     107         0.340
  4     73          0.340
  5     106         0.260
  6     84          0.260
  7     71          0.260
  8     102         0.126
  9     98          0.126
  10    92          0.126

Detector: BL_W160_T1.6_D20
Best Detection: 75 mmHg (confidence: 0.420)
Top 10 readings:
  Rank  Pressure    Confidence  
  ------------------------------
  1     75          0.420
  2     73          0.340
  3     84          0.260
  4     71          0.260
  5     102         0.126
  6     98          0.126
  7     92          0.126
  8     81          0.126
  9     69          0.126
  10    66          0.050

Detector: BL_W160_T1.6_D25
Best Detection: 75 mmHg (confidence: 0.420)
Top 10 readings:
  Rank  Pressure    Confidence  
  ------------------------------
  1     75          0.420
  2     73          0.340
  3     84          0.260
  4     71          0.260
  5     102         0.126
  6     98          0.126
  7     92          0.126
  8     81          0.126
  9     69          0.126
  10    66          0.050

Detector: BL_W160_T1.6_D30
Best Detection: 75 mmHg (confidence: 0.420)
Top 10 readings:
  Rank  Pressure    Confidence  
  ------------------------------
  1     75          0.420
  2     73          0.340
  3     84          0.260
  4     71          0.260
  5     102         0.126
  6     98          0.126
  7     92          0.126
  8     81          0.126
  9     69          0.126
  10    66          0.050

Detector: BL_W160_T1.6_D40
Best Detection: 75 mmHg (confidence: 0.420)
Top 10 readings:
  Rank  Pressure    Confidence  
  ------------------------------
  1     75          0.420
  2     73          0.340
  3     84          0.260
  4     71          0.260
  5     102         0.126
  6     98          0.126
  7     92          0.126
  8     81          0.126
  9     69          0.126
  10    66          0.050

Detector: BL_W160_T1.8_D2
Best Detection: 75 mmHg (confidence: 0.420)
Top 10 readings:
  Rank  Pressure    Confidence  
  ------------------------------
  1     75          0.420
  2     108         0.340
  3     107         0.340
  4     73          0.340
  5     106         0.260
  6     71          0.260
  7     102         0.126
  8     98          0.126
  9     92          0.126
  10    69          0.126

Detector: BL_W160_T1.8_D4
Best Detection: 75 mmHg (confidence: 0.420)
Top 10 readings:
  Rank  Pressure    Confidence  
  ------------------------------
  1     75          0.420
  2     108         0.340
  3     107         0.340
  4     73          0.340
  5     106         0.260
  6     71          0.260
  7     102         0.126
  8     98          0.126
  9     92          0.126
  10    69          0.126

Detector: BL_W160_T1.8_D6
Best Detection: 75 mmHg (confidence: 0.420)
Top 10 readings:
  Rank  Pressure    Confidence  
  ------------------------------
  1     75          0.420
  2     108         0.340
  3     107         0.340
  4     73          0.340
  5     106         0.260
  6     71          0.260
  7     102         0.126
  8     98          0.126
  9     92          0.126
  10    69          0.126

Detector: BL_W160_T1.8_D8
Best Detection: 75 mmHg (confidence: 0.420)
Top 10 readings:
  Rank  Pressure    Confidence  
  ------------------------------
  1     75          0.420
  2     108         0.340
  3     108         0.340
  4     73          0.340
  5     106         0.260
  6     71          0.260
  7     102         0.126
  8     98          0.126
  9     92          0.126
  10    69          0.126

Detector: BL_W160_T1.8_D10
Best Detection: 75 mmHg (confidence: 0.420)
Top 10 readings:
  Rank  Pressure    Confidence  
  ------------------------------
  1     75          0.420
  2     108         0.340
  3     108         0.340
  4     73          0.340
  5     106         0.260
  6     71          0.260
  7     103         0.126
  8     99          0.126
  9     92          0.126
  10    69          0.126

Detector: BL_W160_T1.8_D15
Best Detection: 75 mmHg (confidence: 0.420)
Top 10 readings:
  Rank  Pressure    Confidence  
  ------------------------------
  1     75          0.420
  2     108         0.340
  3     107         0.340
  4     73          0.340
  5     106         0.260
  6     71          0.260
  7     102         0.126
  8     98          0.126
  9     92          0.126
  10    69          0.126

Detector: BL_W160_T1.8_D20
Best Detection: 75 mmHg (confidence: 0.420)
Top 10 readings:
  Rank  Pressure    Confidence  
  ------------------------------
  1     75          0.420
  2     73          0.340
  3     71          0.260
  4     102         0.126
  5     98          0.126
  6     92          0.126
  7     69          0.126
  8     66          0.050
  9     109         0.010
  10    98          0.010

Detector: BL_W160_T1.8_D25
Best Detection: 75 mmHg (confidence: 0.420)
Top 10 readings:
  Rank  Pressure    Confidence  
  ------------------------------
  1     75          0.420
  2     73          0.340
  3     71          0.260
  4     102         0.126
  5     98          0.126
  6     92          0.126
  7     69          0.126
  8     66          0.050
  9     98          0.010
  10    89          0.010

Detector: BL_W160_T1.8_D30
Best Detection: 75 mmHg (confidence: 0.420)
Top 10 readings:
  Rank  Pressure    Confidence  
  ------------------------------
  1     75          0.420
  2     73          0.340
  3     71          0.260
  4     102         0.126
  5     98          0.126
  6     92          0.126
  7     69          0.126
  8     66          0.050
  9     98          0.010
  10    89          0.010

Detector: BL_W160_T1.8_D40
Best Detection: 75 mmHg (confidence: 0.420)
Top 10 readings:
  Rank  Pressure    Confidence  
  ------------------------------
  1     75          0.420
  2     73          0.340
  3     71          0.260
  4     102         0.126
  5     98          0.126
  6     92          0.126
  7     69          0.126
  8     66          0.050
  9     98          0.010
  10    89          0.010

Detector: BL_W160_T2.0_D2
Best Detection: 71 mmHg (confidence: 0.260)
Top 10 readings:
  Rank  Pressure    Confidence  
  ------------------------------
  1     71          0.260
  2     102         0.126
  3     98          0.126
  4     92          0.126
  5     68          0.126
  6     66          0.050
  7     108         0.010
  8     107         0.010
  9     98          0.010
  10    89          0.010

Detector: BL_W160_T2.0_D4
Best Detection: 71 mmHg (confidence: 0.260)
Top 10 readings:
  Rank  Pressure    Confidence  
  ------------------------------
  1     71          0.260
  2     102         0.126
  3     98          0.126
  4     92          0.126
  5     68          0.126
  6     66          0.050
  7     108         0.010
  8     107         0.010
  9     98          0.010
  10    89          0.010

Detector: BL_W160_T2.0_D6
Best Detection: 71 mmHg (confidence: 0.260)
Top 10 readings:
  Rank  Pressure    Confidence  
  ------------------------------
  1     71          0.260
  2     102         0.126
  3     98          0.126
  4     92          0.126
  5     68          0.126
  6     66          0.050
  7     108         0.010
  8     107         0.010
  9     98          0.010
  10    89          0.010

Detector: BL_W160_T2.0_D8
Best Detection: 71 mmHg (confidence: 0.260)
Top 10 readings:
  Rank  Pressure    Confidence  
  ------------------------------
  1     71          0.260
  2     102         0.126
  3     98          0.126
  4     92          0.126
  5     68          0.126
  6     66          0.050
  7     108         0.010
  8     108         0.010
  9     98          0.010
  10    89          0.010

Detector: BL_W160_T2.0_D10
Best Detection: 108 mmHg (confidence: 0.340)
Top 10 readings:
  Rank  Pressure    Confidence  
  ------------------------------
  1     108         0.340
  2     108         0.340
  3     106         0.260
  4     71          0.260
  5     103         0.126
  6     99          0.126
  7     92          0.126
  8     68          0.126
  9     66          0.050
  10    98          0.010

Detector: BL_W160_T2.0_D15
Best Detection: 108 mmHg (confidence: 0.340)
Top 10 readings:
  Rank  Pressure    Confidence  
  ------------------------------
  1     108         0.340
  2     107         0.340
  3     106         0.260
  4     71          0.260
  5     102         0.126
  6     98          0.126
  7     92          0.126
  8     68          0.126
  9     66          0.050
  10    98          0.010

Detector: BL_W160_T2.0_D20
Best Detection: 71 mmHg (confidence: 0.260)
Top 10 readings:
  Rank  Pressure    Confidence  
  ------------------------------
  1     71          0.260
  2     102         0.126
  3     98          0.126
  4     92          0.126
  5     68          0.126
  6     66          0.050
  7     109         0.010
  8     98          0.010
  9     89          0.010

Detector: BL_W160_T2.0_D25
Best Detection: 71 mmHg (confidence: 0.260)
Top 10 readings:
  Rank  Pressure    Confidence  
  ------------------------------
  1     71          0.260
  2     102         0.126
  3     98          0.126
  4     92          0.126
  5     68          0.126
  6     66          0.050
  7     98          0.010
  8     89          0.010

Detector: BL_W160_T2.0_D30
Best Detection: 71 mmHg (confidence: 0.260)
Top 10 readings:
  Rank  Pressure    Confidence  
  ------------------------------
  1     71          0.260
  2     102         0.126
  3     98          0.126
  4     92          0.126
  5     68          0.126
  6     66          0.050
  7     98          0.010
  8     89          0.010

Detector: BL_W160_T2.0_D40
Best Detection: 71 mmHg (confidence: 0.260)
Top 10 readings:
  Rank  Pressure    Confidence  
  ------------------------------
  1     71          0.260
  2     102         0.126
  3     98          0.126
  4     92          0.126
  5     68          0.126
  6     66          0.050
  7     98          0.010
  8     89          0.010

Detector: BL_W160_T2.2_D2
Best Detection: 102 mmHg (confidence: 0.126)
Top 10 readings:
  Rank  Pressure    Confidence  
  ------------------------------
  1     102         0.126
  2     98          0.126
  3     66          0.050
  4     108         0.010
  5     107         0.010
  6     98          0.010

Detector: BL_W160_T2.2_D4
Best Detection: 102 mmHg (confidence: 0.126)
Top 10 readings:
  Rank  Pressure    Confidence  
  ------------------------------
  1     102         0.126
  2     98          0.126
  3     66          0.050
  4     108         0.010
  5     107         0.010
  6     98          0.010

Detector: BL_W160_T2.2_D6
Best Detection: 102 mmHg (confidence: 0.126)
Top 10 readings:
  Rank  Pressure    Confidence  
  ------------------------------
  1     102         0.126
  2     98          0.126
  3     66          0.050
  4     108         0.010
  5     107         0.010
  6     98          0.010

Detector: BL_W160_T2.2_D8
Best Detection: 102 mmHg (confidence: 0.126)
Top 10 readings:
  Rank  Pressure    Confidence  
  ------------------------------
  1     102         0.126
  2     98          0.126
  3     66          0.050
  4     108         0.010
  5     108         0.010
  6     98          0.010

Detector: BL_W160_T2.2_D10
Best Detection: 108 mmHg (confidence: 0.340)
Top 10 readings:
  Rank  Pressure    Confidence  
  ------------------------------
  1     108         0.340
  2     108         0.340
  3     106         0.260
  4     103         0.126
  5     99          0.126
  6     66          0.050
  7     98          0.010

Detector: BL_W160_T2.2_D15
Best Detection: 108 mmHg (confidence: 0.340)
Top 10 readings:
  Rank  Pressure    Confidence  
  ------------------------------
  1     108         0.340
  2     107         0.340
  3     106         0.260
  4     102         0.126
  5     98          0.126
  6     66          0.050
  7     98          0.010

Detector: BL_W160_T2.2_D20
Best Detection: 102 mmHg (confidence: 0.126)
Top 10 readings:
  Rank  Pressure    Confidence  
  ------------------------------
  1     102         0.126
  2     98          0.126
  3     66          0.050
  4     109         0.010
  5     98          0.010

Detector: BL_W160_T2.2_D25
Best Detection: 102 mmHg (confidence: 0.126)
Top 10 readings:
  Rank  Pressure    Confidence  
  ------------------------------
  1     102         0.126
  2     98          0.126
  3     66          0.050
  4     98          0.010

Detector: BL_W160_T2.2_D30
Best Detection: 102 mmHg (confidence: 0.126)
Top 10 readings:
  Rank  Pressure    Confidence  
  ------------------------------
  1     102         0.126
  2     98          0.126
  3     66          0.050
  4     98          0.010

Detector: BL_W160_T2.2_D40
Best Detection: 102 mmHg (confidence: 0.126)
Top 10 readings:
  Rank  Pressure    Confidence  
  ------------------------------
  1     102         0.126
  2     98          0.126
  3     66          0.050
  4     98          0.010

Detector: BL_W160_T2.4_D2
Best Detection: 102 mmHg (confidence: 0.126)
Top 10 readings:
  Rank  Pressure    Confidence  
  ------------------------------
  1     102         0.126
  2     98          0.126
  3     97          0.050
  4     108         0.010
  5     107         0.010

Detector: BL_W160_T2.4_D4
Best Detection: 102 mmHg (confidence: 0.126)
Top 10 readings:
  Rank  Pressure    Confidence  
  ------------------------------
  1     102         0.126
  2     98          0.126
  3     97          0.050
  4     108         0.010
  5     107         0.010

Detector: BL_W160_T2.4_D6
Best Detection: 102 mmHg (confidence: 0.126)
Top 10 readings:
  Rank  Pressure    Confidence  
  ------------------------------
  1     102         0.126
  2     98          0.126
  3     97          0.050
  4     108         0.010
  5     107         0.010

Detector: BL_W160_T2.4_D8
Best Detection: 102 mmHg (confidence: 0.126)
Top 10 readings:
  Rank  Pressure    Confidence  
  ------------------------------
  1     102         0.126
  2     98          0.126
  3     97          0.050
  4     108         0.010
  5     108         0.010

Detector: BL_W160_T2.4_D10
Best Detection: 108 mmHg (confidence: 0.340)
Top 10 readings:
  Rank  Pressure    Confidence  
  ------------------------------
  1     108         0.340
  2     108         0.340
  3     106         0.260
  4     103         0.126
  5     99          0.126
  6     97          0.050

Detector: BL_W160_T2.4_D15
Best Detection: 108 mmHg (confidence: 0.340)
Top 10 readings:
  Rank  Pressure    Confidence  
  ------------------------------
  1     108         0.340
  2     107         0.340
  3     106         0.260
  4     102         0.126
  5     98          0.126
  6     97          0.050

Detector: BL_W160_T2.4_D20
Best Detection: 102 mmHg (confidence: 0.126)
Top 10 readings:
  Rank  Pressure    Confidence  
  ------------------------------
  1     102         0.126
  2     98          0.126
  3     97          0.050
  4     109         0.010

Detector: BL_W160_T2.4_D25
Best Detection: 102 mmHg (confidence: 0.126)
Top 10 readings:
  Rank  Pressure    Confidence  
  ------------------------------
  1     102         0.126
  2     98          0.126
  3     97          0.050

Detector: BL_W160_T2.4_D30
Best Detection: 102 mmHg (confidence: 0.126)
Top 10 readings:
  Rank  Pressure    Confidence  
  ------------------------------
  1     102         0.126
  2     98          0.126
  3     97          0.050

Detector: BL_W160_T2.4_D40
Best Detection: 102 mmHg (confidence: 0.126)
Top 10 readings:
  Rank  Pressure    Confidence  
  ------------------------------
  1     102         0.126
  2     98          0.126
  3     97          0.050

Detector: BL_W160_T2.6_D2
Best Detection: 102 mmHg (confidence: 0.126)
Top 10 readings:
  Rank  Pressure    Confidence  
  ------------------------------
  1     102         0.126
  2     98          0.126
  3     97          0.050
  4     109         0.010

Detector: BL_W160_T2.6_D4
Best Detection: 102 mmHg (confidence: 0.126)
Top 10 readings:
  Rank  Pressure    Confidence  
  ------------------------------
  1     102         0.126
  2     98          0.126
  3     97          0.050
  4     109         0.010

Detector: BL_W160_T2.6_D6
Best Detection: 102 mmHg (confidence: 0.126)
Top 10 readings:
  Rank  Pressure    Confidence  
  ------------------------------
  1     102         0.126
  2     98          0.126
  3     97          0.050
  4     109         0.010

Detector: BL_W160_T2.6_D8
Best Detection: 102 mmHg (confidence: 0.126)
Top 10 readings:
  Rank  Pressure    Confidence  
  ------------------------------
  1     102         0.126
  2     98          0.126
  3     97          0.050
  4     108         0.010
  5     108         0.010

Detector: BL_W160_T2.6_D10
Best Detection: 108 mmHg (confidence: 0.340)
Top 10 readings:
  Rank  Pressure    Confidence  
  ------------------------------
  1     108         0.340
  2     108         0.340
  3     106         0.260
  4     103         0.126
  5     99          0.126
  6     97          0.050

Detector: BL_W160_T2.6_D15
Best Detection: 108 mmHg (confidence: 0.340)
Top 10 readings:
  Rank  Pressure    Confidence  
  ------------------------------
  1     108         0.340
  2     107         0.340
  3     106         0.260
  4     102         0.126
  5     98          0.126
  6     97          0.050

Detector: BL_W160_T2.6_D20
Best Detection: 102 mmHg (confidence: 0.126)
Top 10 readings:
  Rank  Pressure    Confidence  
  ------------------------------
  1     102         0.126
  2     98          0.126
  3     97          0.050
  4     109         0.010

Detector: BL_W160_T2.6_D25
Best Detection: 102 mmHg (confidence: 0.126)
Top 10 readings:
  Rank  Pressure    Confidence  
  ------------------------------
  1     102         0.126
  2     98          0.126
  3     97          0.050

Detector: BL_W160_T2.6_D30
Best Detection: 102 mmHg (confidence: 0.126)
Top 10 readings:
  Rank  Pressure    Confidence  
  ------------------------------
  1     102         0.126
  2     98          0.126
  3     97          0.050

Detector: BL_W160_T2.6_D40
Best Detection: 102 mmHg (confidence: 0.126)
Top 10 readings:
  Rank  Pressure    Confidence  
  ------------------------------
  1     102         0.126
  2     98          0.126
  3     97          0.050

Detector: BL_W160_T2.8_D2
Best Detection: 98 mmHg (confidence: 0.050)
Top 10 readings:
  Rank  Pressure    Confidence  
  ------------------------------
  1     98          0.050
  2     109         0.010
  3     102         0.010

Detector: BL_W160_T2.8_D4
Best Detection: 98 mmHg (confidence: 0.050)
Top 10 readings:
  Rank  Pressure    Confidence  
  ------------------------------
  1     98          0.050
  2     109         0.010
  3     102         0.010

Detector: BL_W160_T2.8_D6
Best Detection: 98 mmHg (confidence: 0.050)
Top 10 readings:
  Rank  Pressure    Confidence  
  ------------------------------
  1     98          0.050
  2     109         0.010
  3     102         0.010

Detector: BL_W160_T2.8_D8
Best Detection: 98 mmHg (confidence: 0.050)
Top 10 readings:
  Rank  Pressure    Confidence  
  ------------------------------
  1     98          0.050
  2     108         0.010
  3     108         0.010
  4     102         0.010

Detector: BL_W160_T2.8_D10
Best Detection: 108 mmHg (confidence: 0.260)
Top 10 readings:
  Rank  Pressure    Confidence  
  ------------------------------
  1     108         0.260
  2     108         0.260
  3     106         0.126
  4     99          0.050
  5     103         0.010

Detector: BL_W160_T2.8_D15
Best Detection: 108 mmHg (confidence: 0.260)
Top 10 readings:
  Rank  Pressure    Confidence  
  ------------------------------
  1     108         0.260
  2     107         0.260
  3     106         0.126
  4     98          0.050
  5     102         0.010

Detector: BL_W160_T2.8_D20
Best Detection: 98 mmHg (confidence: 0.050)
Top 10 readings:
  Rank  Pressure    Confidence  
  ------------------------------
  1     98          0.050
  2     109         0.010
  3     102         0.010

Detector: BL_W160_T2.8_D25
Best Detection: 98 mmHg (confidence: 0.050)
Top 10 readings:
  Rank  Pressure    Confidence  
  ------------------------------
  1     98          0.050
  2     102         0.010

Detector: BL_W160_T2.8_D30
Best Detection: 98 mmHg (confidence: 0.050)
Top 10 readings:
  Rank  Pressure    Confidence  
  ------------------------------
  1     98          0.050
  2     102         0.010

Detector: BL_W160_T2.8_D40
Best Detection: 98 mmHg (confidence: 0.050)
Top 10 readings:
  Rank  Pressure    Confidence  
  ------------------------------
  1     98          0.050
  2     102         0.010

Detector: BL_W160_T3.0_D2
Best Detection: 98 mmHg (confidence: 0.050)
Top 10 readings:
  Rank  Pressure    Confidence  
  ------------------------------
  1     98          0.050
  2     102         0.010

Detector: BL_W160_T3.0_D4
Best Detection: 98 mmHg (confidence: 0.050)
Top 10 readings:
  Rank  Pressure    Confidence  
  ------------------------------
  1     98          0.050
  2     102         0.010

Detector: BL_W160_T3.0_D6
Best Detection: 98 mmHg (confidence: 0.050)
Top 10 readings:
  Rank  Pressure    Confidence  
  ------------------------------
  1     98          0.050
  2     102         0.010

Detector: BL_W160_T3.0_D8
Best Detection: 98 mmHg (confidence: 0.050)
Top 10 readings:
  Rank  Pressure    Confidence  
  ------------------------------
  1     98          0.050
  2     108         0.010
  3     108         0.010
  4     102         0.010

Detector: BL_W160_T3.0_D10
Best Detection: 108 mmHg (confidence: 0.260)
Top 10 readings:
  Rank  Pressure    Confidence  
  ------------------------------
  1     108         0.260
  2     108         0.260
  3     106         0.126
  4     99          0.050
  5     103         0.010

Detector: BL_W160_T3.0_D15
Best Detection: 108 mmHg (confidence: 0.260)
Top 10 readings:
  Rank  Pressure    Confidence  
  ------------------------------
  1     108         0.260
  2     107         0.260
  3     106         0.126
  4     98          0.050
  5     102         0.010

Detector: BL_W160_T3.0_D20
Best Detection: 98 mmHg (confidence: 0.050)
Top 10 readings:
  Rank  Pressure    Confidence  
  ------------------------------
  1     98          0.050
  2     109         0.010
  3     102         0.010

Detector: BL_W160_T3.0_D25
Best Detection: 98 mmHg (confidence: 0.050)
Top 10 readings:
  Rank  Pressure    Confidence  
  ------------------------------
  1     98          0.050
  2     102         0.010

Detector: BL_W160_T3.0_D30
Best Detection: 98 mmHg (confidence: 0.050)
Top 10 readings:
  Rank  Pressure    Confidence  
  ------------------------------
  1     98          0.050
  2     102         0.010

Detector: BL_W160_T3.0_D40
Best Detection: 98 mmHg (confidence: 0.050)
Top 10 readings:
  Rank  Pressure    Confidence  
  ------------------------------
  1     98          0.050
  2     102         0.010

Detector: BL_W170_T1.2_D2
Best Detection: 92 mmHg (confidence: 0.980)
Top 10 readings:
  Rank  Pressure    Confidence  
  ------------------------------
  1     92          0.980
  2     90          0.900
  3     86          0.820
  4     84          0.740
  5     82          0.660
  6     79          0.580
  7     77          0.500
  8     75          0.420
  9     109         0.340
  10    73          0.340

Detector: BL_W170_T1.2_D4
Best Detection: 92 mmHg (confidence: 0.980)
Top 10 readings:
  Rank  Pressure    Confidence  
  ------------------------------
  1     92          0.980
  2     90          0.900
  3     86          0.820
  4     84          0.740
  5     82          0.660
  6     79          0.580
  7     77          0.500
  8     75          0.420
  9     109         0.340
  10    73          0.340

Detector: BL_W170_T1.2_D6
Best Detection: 92 mmHg (confidence: 0.980)
Top 10 readings:
  Rank  Pressure    Confidence  
  ------------------------------
  1     92          0.980
  2     90          0.900
  3     86          0.820
  4     84          0.740
  5     82          0.660
  6     79          0.580
  7     77          0.500
  8     75          0.420
  9     109         0.340
  10    73          0.340

Detector: BL_W170_T1.2_D8
Best Detection: 92 mmHg (confidence: 0.980)
Top 10 readings:
  Rank  Pressure    Confidence  
  ------------------------------
  1     92          0.980
  2     90          0.900
  3     86          0.820
  4     84          0.740
  5     82          0.660
  6     79          0.580
  7     77          0.500
  8     75          0.420
  9     109         0.340
  10    73          0.340

Detector: BL_W170_T1.2_D10
Best Detection: 92 mmHg (confidence: 0.980)
Top 10 readings:
  Rank  Pressure    Confidence  
  ------------------------------
  1     92          0.980
  2     90          0.900
  3     86          0.820
  4     84          0.740
  5     82          0.660
  6     79          0.580
  7     77          0.500
  8     75          0.420
  9     109         0.340
  10    73          0.340

Detector: BL_W170_T1.2_D15
Best Detection: 92 mmHg (confidence: 0.980)
Top 10 readings:
  Rank  Pressure    Confidence  
  ------------------------------
  1     92          0.980
  2     90          0.900
  3     86          0.820
  4     84          0.740
  5     82          0.660
  6     79          0.580
  7     77          0.500
  8     75          0.420
  9     109         0.340
  10    73          0.340

Detector: BL_W170_T1.2_D20
Best Detection: 92 mmHg (confidence: 0.980)
Top 10 readings:
  Rank  Pressure    Confidence  
  ------------------------------
  1     92          0.980
  2     90          0.900
  3     86          0.820
  4     84          0.740
  5     82          0.660
  6     79          0.580
  7     77          0.500
  8     75          0.420
  9     73          0.340
  10    71          0.260

Detector: BL_W170_T1.2_D25
Best Detection: 92 mmHg (confidence: 0.980)
Top 10 readings:
  Rank  Pressure    Confidence  
  ------------------------------
  1     92          0.980
  2     90          0.900
  3     86          0.820
  4     84          0.740
  5     82          0.660
  6     79          0.580
  7     77          0.500
  8     75          0.420
  9     73          0.340
  10    71          0.260

Detector: BL_W170_T1.2_D30
Best Detection: 92 mmHg (confidence: 0.980)
Top 10 readings:
  Rank  Pressure    Confidence  
  ------------------------------
  1     92          0.980
  2     90          0.900
  3     86          0.820
  4     84          0.740
  5     82          0.660
  6     79          0.580
  7     77          0.500
  8     75          0.420
  9     73          0.340
  10    71          0.260

Detector: BL_W170_T1.2_D40
Best Detection: 92 mmHg (confidence: 0.980)
Top 10 readings:
  Rank  Pressure    Confidence  
  ------------------------------
  1     92          0.980
  2     90          0.900
  3     86          0.820
  4     84          0.740
  5     82          0.660
  6     79          0.580
  7     77          0.500
  8     75          0.420
  9     73          0.340
  10    71          0.260

Detector: BL_W170_T1.4_D2
Best Detection: 84 mmHg (confidence: 0.740)
Top 10 readings:
  Rank  Pressure    Confidence  
  ------------------------------
  1     84          0.740
  2     81          0.660
  3     79          0.580
  4     77          0.500
  5     75          0.420
  6     109         0.340
  7     73          0.340
  8     106         0.260
  9     71          0.260
  10    102         0.126

Detector: BL_W170_T1.4_D4
Best Detection: 84 mmHg (confidence: 0.740)
Top 10 readings:
  Rank  Pressure    Confidence  
  ------------------------------
  1     84          0.740
  2     81          0.660
  3     79          0.580
  4     77          0.500
  5     75          0.420
  6     109         0.340
  7     73          0.340
  8     106         0.260
  9     71          0.260
  10    102         0.126

Detector: BL_W170_T1.4_D6
Best Detection: 84 mmHg (confidence: 0.740)
Top 10 readings:
  Rank  Pressure    Confidence  
  ------------------------------
  1     84          0.740
  2     81          0.660
  3     79          0.580
  4     77          0.500
  5     75          0.420
  6     109         0.340
  7     73          0.340
  8     106         0.260
  9     71          0.260
  10    102         0.126

Detector: BL_W170_T1.4_D8
Best Detection: 84 mmHg (confidence: 0.740)
Top 10 readings:
  Rank  Pressure    Confidence  
  ------------------------------
  1     84          0.740
  2     81          0.660
  3     79          0.580
  4     77          0.500
  5     75          0.420
  6     109         0.340
  7     73          0.340
  8     106         0.260
  9     71          0.260
  10    102         0.126

Detector: BL_W170_T1.4_D10
Best Detection: 84 mmHg (confidence: 0.740)
Top 10 readings:
  Rank  Pressure    Confidence  
  ------------------------------
  1     84          0.740
  2     81          0.660
  3     79          0.580
  4     77          0.500
  5     75          0.420
  6     109         0.340
  7     73          0.340
  8     106         0.260
  9     71          0.260
  10    102         0.126

Detector: BL_W170_T1.4_D15
Best Detection: 84 mmHg (confidence: 0.740)
Top 10 readings:
  Rank  Pressure    Confidence  
  ------------------------------
  1     84          0.740
  2     81          0.660
  3     79          0.580
  4     77          0.500
  5     75          0.420
  6     109         0.340
  7     73          0.340
  8     106         0.260
  9     71          0.260
  10    102         0.126

Detector: BL_W170_T1.4_D20
Best Detection: 84 mmHg (confidence: 0.740)
Top 10 readings:
  Rank  Pressure    Confidence  
  ------------------------------
  1     84          0.740
  2     81          0.660
  3     79          0.580
  4     77          0.500
  5     75          0.420
  6     73          0.340
  7     71          0.260
  8     102         0.126
  9     98          0.126
  10    92          0.126

Detector: BL_W170_T1.4_D25
Best Detection: 84 mmHg (confidence: 0.740)
Top 10 readings:
  Rank  Pressure    Confidence  
  ------------------------------
  1     84          0.740
  2     81          0.660
  3     79          0.580
  4     77          0.500
  5     75          0.420
  6     73          0.340
  7     71          0.260
  8     102         0.126
  9     98          0.126
  10    92          0.126

Detector: BL_W170_T1.4_D30
Best Detection: 84 mmHg (confidence: 0.740)
Top 10 readings:
  Rank  Pressure    Confidence  
  ------------------------------
  1     84          0.740
  2     81          0.660
  3     79          0.580
  4     77          0.500
  5     75          0.420
  6     73          0.340
  7     71          0.260
  8     102         0.126
  9     98          0.126
  10    92          0.126

Detector: BL_W170_T1.4_D40
Best Detection: 84 mmHg (confidence: 0.740)
Top 10 readings:
  Rank  Pressure    Confidence  
  ------------------------------
  1     84          0.740
  2     81          0.660
  3     79          0.580
  4     77          0.500
  5     75          0.420
  6     73          0.340
  7     71          0.260
  8     102         0.126
  9     98          0.126
  10    92          0.126

Detector: BL_W170_T1.6_D2
Best Detection: 75 mmHg (confidence: 0.420)
Top 10 readings:
  Rank  Pressure    Confidence  
  ------------------------------
  1     75          0.420
  2     109         0.340
  3     73          0.340
  4     106         0.260
  5     84          0.260
  6     71          0.260
  7     102         0.126
  8     98          0.126
  9     92          0.126
  10    81          0.126

Detector: BL_W170_T1.6_D4
Best Detection: 75 mmHg (confidence: 0.420)
Top 10 readings:
  Rank  Pressure    Confidence  
  ------------------------------
  1     75          0.420
  2     109         0.340
  3     73          0.340
  4     106         0.260
  5     84          0.260
  6     71          0.260
  7     102         0.126
  8     98          0.126
  9     92          0.126
  10    81          0.126

Detector: BL_W170_T1.6_D6
Best Detection: 75 mmHg (confidence: 0.420)
Top 10 readings:
  Rank  Pressure    Confidence  
  ------------------------------
  1     75          0.420
  2     109         0.340
  3     73          0.340
  4     106         0.260
  5     84          0.260
  6     71          0.260
  7     102         0.126
  8     98          0.126
  9     92          0.126
  10    81          0.126

Detector: BL_W170_T1.6_D8
Best Detection: 75 mmHg (confidence: 0.420)
Top 10 readings:
  Rank  Pressure    Confidence  
  ------------------------------
  1     75          0.420
  2     109         0.340
  3     73          0.340
  4     106         0.260
  5     84          0.260
  6     71          0.260
  7     102         0.126
  8     98          0.126
  9     92          0.126
  10    81          0.126

Detector: BL_W170_T1.6_D10
Best Detection: 75 mmHg (confidence: 0.420)
Top 10 readings:
  Rank  Pressure    Confidence  
  ------------------------------
  1     75          0.420
  2     109         0.340
  3     73          0.340
  4     106         0.260
  5     84          0.260
  6     71          0.260
  7     102         0.126
  8     98          0.126
  9     92          0.126
  10    81          0.126

Detector: BL_W170_T1.6_D15
Best Detection: 75 mmHg (confidence: 0.420)
Top 10 readings:
  Rank  Pressure    Confidence  
  ------------------------------
  1     75          0.420
  2     109         0.340
  3     73          0.340
  4     106         0.260
  5     84          0.260
  6     71          0.260
  7     102         0.126
  8     98          0.126
  9     92          0.126
  10    81          0.126

Detector: BL_W170_T1.6_D20
Best Detection: 75 mmHg (confidence: 0.420)
Top 10 readings:
  Rank  Pressure    Confidence  
  ------------------------------
  1     75          0.420
  2     73          0.340
  3     84          0.260
  4     71          0.260
  5     102         0.126
  6     98          0.126
  7     92          0.126
  8     81          0.126
  9     69          0.126
  10    66          0.050

Detector: BL_W170_T1.6_D25
Best Detection: 75 mmHg (confidence: 0.420)
Top 10 readings:
  Rank  Pressure    Confidence  
  ------------------------------
  1     75          0.420
  2     73          0.340
  3     84          0.260
  4     71          0.260
  5     102         0.126
  6     98          0.126
  7     92          0.126
  8     81          0.126
  9     69          0.126
  10    66          0.050

Detector: BL_W170_T1.6_D30
Best Detection: 75 mmHg (confidence: 0.420)
Top 10 readings:
  Rank  Pressure    Confidence  
  ------------------------------
  1     75          0.420
  2     73          0.340
  3     84          0.260
  4     71          0.260
  5     102         0.126
  6     98          0.126
  7     92          0.126
  8     81          0.126
  9     69          0.126
  10    66          0.050

Detector: BL_W170_T1.6_D40
Best Detection: 75 mmHg (confidence: 0.420)
Top 10 readings:
  Rank  Pressure    Confidence  
  ------------------------------
  1     75          0.420
  2     73          0.340
  3     84          0.260
  4     71          0.260
  5     102         0.126
  6     98          0.126
  7     92          0.126
  8     81          0.126
  9     69          0.126
  10    66          0.050

Detector: BL_W170_T1.8_D2
Best Detection: 75 mmHg (confidence: 0.420)
Top 10 readings:
  Rank  Pressure    Confidence  
  ------------------------------
  1     75          0.420
  2     109         0.340
  3     73          0.340
  4     106         0.260
  5     71          0.260
  6     102         0.126
  7     98          0.126
  8     92          0.126
  9     83          0.126
  10    69          0.126

Detector: BL_W170_T1.8_D4
Best Detection: 75 mmHg (confidence: 0.420)
Top 10 readings:
  Rank  Pressure    Confidence  
  ------------------------------
  1     75          0.420
  2     109         0.340
  3     73          0.340
  4     106         0.260
  5     71          0.260
  6     102         0.126
  7     98          0.126
  8     92          0.126
  9     83          0.126
  10    69          0.126

Detector: BL_W170_T1.8_D6
Best Detection: 75 mmHg (confidence: 0.420)
Top 10 readings:
  Rank  Pressure    Confidence  
  ------------------------------
  1     75          0.420
  2     109         0.340
  3     73          0.340
  4     106         0.260
  5     71          0.260
  6     102         0.126
  7     98          0.126
  8     92          0.126
  9     83          0.126
  10    69          0.126

Detector: BL_W170_T1.8_D8
Best Detection: 75 mmHg (confidence: 0.420)
Top 10 readings:
  Rank  Pressure    Confidence  
  ------------------------------
  1     75          0.420
  2     109         0.340
  3     73          0.340
  4     106         0.260
  5     71          0.260
  6     102         0.126
  7     98          0.126
  8     92          0.126
  9     83          0.126
  10    69          0.126

Detector: BL_W170_T1.8_D10
Best Detection: 75 mmHg (confidence: 0.420)
Top 10 readings:
  Rank  Pressure    Confidence  
  ------------------------------
  1     75          0.420
  2     109         0.340
  3     73          0.340
  4     106         0.260
  5     71          0.260
  6     102         0.126
  7     98          0.126
  8     92          0.126
  9     83          0.126
  10    69          0.126

Detector: BL_W170_T1.8_D15
Best Detection: 75 mmHg (confidence: 0.420)
Top 10 readings:
  Rank  Pressure    Confidence  
  ------------------------------
  1     75          0.420
  2     109         0.340
  3     73          0.340
  4     106         0.260
  5     71          0.260
  6     102         0.126
  7     98          0.126
  8     92          0.126
  9     83          0.126
  10    69          0.126

Detector: BL_W170_T1.8_D20
Best Detection: 75 mmHg (confidence: 0.420)
Top 10 readings:
  Rank  Pressure    Confidence  
  ------------------------------
  1     75          0.420
  2     73          0.340
  3     71          0.260
  4     102         0.126
  5     98          0.126
  6     92          0.126
  7     83          0.126
  8     69          0.126
  9     66          0.050
  10    109         0.010

Detector: BL_W170_T1.8_D25
Best Detection: 75 mmHg (confidence: 0.420)
Top 10 readings:
  Rank  Pressure    Confidence  
  ------------------------------
  1     75          0.420
  2     73          0.340
  3     71          0.260
  4     102         0.126
  5     98          0.126
  6     92          0.126
  7     83          0.126
  8     69          0.126
  9     66          0.050
  10    98          0.010

Detector: BL_W170_T1.8_D30
Best Detection: 75 mmHg (confidence: 0.420)
Top 10 readings:
  Rank  Pressure    Confidence  
  ------------------------------
  1     75          0.420
  2     73          0.340
  3     71          0.260
  4     102         0.126
  5     98          0.126
  6     92          0.126
  7     83          0.126
  8     69          0.126
  9     66          0.050
  10    98          0.010

Detector: BL_W170_T1.8_D40
Best Detection: 75 mmHg (confidence: 0.420)
Top 10 readings:
  Rank  Pressure    Confidence  
  ------------------------------
  1     75          0.420
  2     73          0.340
  3     71          0.260
  4     102         0.126
  5     98          0.126
  6     92          0.126
  7     83          0.126
  8     69          0.126
  9     66          0.050
  10    98          0.010

Detector: BL_W170_T2.0_D2
Best Detection: 109 mmHg (confidence: 0.340)
Top 10 readings:
  Rank  Pressure    Confidence  
  ------------------------------
  1     109         0.340
  2     106         0.260
  3     71          0.260
  4     102         0.126
  5     98          0.126
  6     92          0.126
  7     68          0.126
  8     66          0.050
  9     98          0.010
  10    89          0.010

Detector: BL_W170_T2.0_D4
Best Detection: 109 mmHg (confidence: 0.340)
Top 10 readings:
  Rank  Pressure    Confidence  
  ------------------------------
  1     109         0.340
  2     106         0.260
  3     71          0.260
  4     102         0.126
  5     98          0.126
  6     92          0.126
  7     68          0.126
  8     66          0.050
  9     98          0.010
  10    89          0.010

Detector: BL_W170_T2.0_D6
Best Detection: 109 mmHg (confidence: 0.340)
Top 10 readings:
  Rank  Pressure    Confidence  
  ------------------------------
  1     109         0.340
  2     106         0.260
  3     71          0.260
  4     102         0.126
  5     98          0.126
  6     92          0.126
  7     68          0.126
  8     66          0.050
  9     98          0.010
  10    89          0.010

Detector: BL_W170_T2.0_D8
Best Detection: 109 mmHg (confidence: 0.340)
Top 10 readings:
  Rank  Pressure    Confidence  
  ------------------------------
  1     109         0.340
  2     106         0.260
  3     71          0.260
  4     102         0.126
  5     98          0.126
  6     92          0.126
  7     68          0.126
  8     66          0.050
  9     98          0.010
  10    89          0.010

Detector: BL_W170_T2.0_D10
Best Detection: 109 mmHg (confidence: 0.340)
Top 10 readings:
  Rank  Pressure    Confidence  
  ------------------------------
  1     109         0.340
  2     106         0.260
  3     71          0.260
  4     102         0.126
  5     98          0.126
  6     92          0.126
  7     68          0.126
  8     66          0.050
  9     98          0.010
  10    89          0.010

Detector: BL_W170_T2.0_D15
Best Detection: 109 mmHg (confidence: 0.340)
Top 10 readings:
  Rank  Pressure    Confidence  
  ------------------------------
  1     109         0.340
  2     106         0.260
  3     71          0.260
  4     102         0.126
  5     98          0.126
  6     92          0.126
  7     68          0.126
  8     66          0.050
  9     98          0.010
  10    89          0.010

Detector: BL_W170_T2.0_D20
Best Detection: 71 mmHg (confidence: 0.260)
Top 10 readings:
  Rank  Pressure    Confidence  
  ------------------------------
  1     71          0.260
  2     102         0.126
  3     98          0.126
  4     92          0.126
  5     68          0.126
  6     66          0.050
  7     109         0.010
  8     98          0.010
  9     89          0.010

Detector: BL_W170_T2.0_D25
Best Detection: 71 mmHg (confidence: 0.260)
Top 10 readings:
  Rank  Pressure    Confidence  
  ------------------------------
  1     71          0.260
  2     102         0.126
  3     98          0.126
  4     92          0.126
  5     68          0.126
  6     66          0.050
  7     98          0.010
  8     89          0.010

Detector: BL_W170_T2.0_D30
Best Detection: 71 mmHg (confidence: 0.260)
Top 10 readings:
  Rank  Pressure    Confidence  
  ------------------------------
  1     71          0.260
  2     102         0.126
  3     98          0.126
  4     92          0.126
  5     68          0.126
  6     66          0.050
  7     98          0.010
  8     89          0.010

Detector: BL_W170_T2.0_D40
Best Detection: 71 mmHg (confidence: 0.260)
Top 10 readings:
  Rank  Pressure    Confidence  
  ------------------------------
  1     71          0.260
  2     102         0.126
  3     98          0.126
  4     92          0.126
  5     68          0.126
  6     66          0.050
  7     98          0.010
  8     89          0.010

Detector: BL_W170_T2.2_D2
Best Detection: 102 mmHg (confidence: 0.126)
Top 10 readings:
  Rank  Pressure    Confidence  
  ------------------------------
  1     102         0.126
  2     98          0.126
  3     66          0.050
  4     109         0.010
  5     98          0.010
  6     71          0.010

Detector: BL_W170_T2.2_D4
Best Detection: 102 mmHg (confidence: 0.126)
Top 10 readings:
  Rank  Pressure    Confidence  
  ------------------------------
  1     102         0.126
  2     98          0.126
  3     66          0.050
  4     109         0.010
  5     98          0.010
  6     71          0.010

Detector: BL_W170_T2.2_D6
Best Detection: 102 mmHg (confidence: 0.126)
Top 10 readings:
  Rank  Pressure    Confidence  
  ------------------------------
  1     102         0.126
  2     98          0.126
  3     66          0.050
  4     109         0.010
  5     98          0.010
  6     71          0.010

Detector: BL_W170_T2.2_D8
Best Detection: 102 mmHg (confidence: 0.126)
Top 10 readings:
  Rank  Pressure    Confidence  
  ------------------------------
  1     102         0.126
  2     98          0.126
  3     66          0.050
  4     109         0.010
  5     98          0.010
  6     71          0.010

Detector: BL_W170_T2.2_D10
Best Detection: 109 mmHg (confidence: 0.340)
Top 10 readings:
  Rank  Pressure    Confidence  
  ------------------------------
  1     109         0.340
  2     106         0.260
  3     102         0.126
  4     98          0.126
  5     66          0.050
  6     98          0.010
  7     71          0.010

Detector: BL_W170_T2.2_D15
Best Detection: 109 mmHg (confidence: 0.340)
Top 10 readings:
  Rank  Pressure    Confidence  
  ------------------------------
  1     109         0.340
  2     106         0.260
  3     102         0.126
  4     98          0.126
  5     66          0.050
  6     98          0.010
  7     71          0.010

Detector: BL_W170_T2.2_D20
Best Detection: 102 mmHg (confidence: 0.126)
Top 10 readings:
  Rank  Pressure    Confidence  
  ------------------------------
  1     102         0.126
  2     98          0.126
  3     66          0.050
  4     109         0.010
  5     98          0.010
  6     71          0.010

Detector: BL_W170_T2.2_D25
Best Detection: 102 mmHg (confidence: 0.126)
Top 10 readings:
  Rank  Pressure    Confidence  
  ------------------------------
  1     102         0.126
  2     98          0.126
  3     66          0.050
  4     98          0.010
  5     71          0.010

Detector: BL_W170_T2.2_D30
Best Detection: 102 mmHg (confidence: 0.126)
Top 10 readings:
  Rank  Pressure    Confidence  
  ------------------------------
  1     102         0.126
  2     98          0.126
  3     66          0.050
  4     98          0.010
  5     71          0.010

Detector: BL_W170_T2.2_D40
Best Detection: 102 mmHg (confidence: 0.126)
Top 10 readings:
  Rank  Pressure    Confidence  
  ------------------------------
  1     102         0.126
  2     98          0.126
  3     66          0.050
  4     98          0.010
  5     71          0.010

Detector: BL_W170_T2.4_D2
Best Detection: 102 mmHg (confidence: 0.126)
Top 10 readings:
  Rank  Pressure    Confidence  
  ------------------------------
  1     102         0.126
  2     98          0.126
  3     98          0.050
  4     109         0.010

Detector: BL_W170_T2.4_D4
Best Detection: 102 mmHg (confidence: 0.126)
Top 10 readings:
  Rank  Pressure    Confidence  
  ------------------------------
  1     102         0.126
  2     98          0.126
  3     98          0.050
  4     109         0.010

Detector: BL_W170_T2.4_D6
Best Detection: 102 mmHg (confidence: 0.126)
Top 10 readings:
  Rank  Pressure    Confidence  
  ------------------------------
  1     102         0.126
  2     98          0.126
  3     98          0.050
  4     109         0.010

Detector: BL_W170_T2.4_D8
Best Detection: 102 mmHg (confidence: 0.126)
Top 10 readings:
  Rank  Pressure    Confidence  
  ------------------------------
  1     102         0.126
  2     98          0.126
  3     98          0.050
  4     109         0.010

Detector: BL_W170_T2.4_D10
Best Detection: 109 mmHg (confidence: 0.340)
Top 10 readings:
  Rank  Pressure    Confidence  
  ------------------------------
  1     109         0.340
  2     106         0.260
  3     102         0.126
  4     98          0.126
  5     98          0.050

Detector: BL_W170_T2.4_D15
Best Detection: 109 mmHg (confidence: 0.340)
Top 10 readings:
  Rank  Pressure    Confidence  
  ------------------------------
  1     109         0.340
  2     106         0.260
  3     102         0.126
  4     98          0.126
  5     98          0.050

Detector: BL_W170_T2.4_D20
Best Detection: 102 mmHg (confidence: 0.126)
Top 10 readings:
  Rank  Pressure    Confidence  
  ------------------------------
  1     102         0.126
  2     98          0.126
  3     98          0.050
  4     109         0.010

Detector: BL_W170_T2.4_D25
Best Detection: 102 mmHg (confidence: 0.126)
Top 10 readings:
  Rank  Pressure    Confidence  
  ------------------------------
  1     102         0.126
  2     98          0.126
  3     98          0.050

Detector: BL_W170_T2.4_D30
Best Detection: 102 mmHg (confidence: 0.126)
Top 10 readings:
  Rank  Pressure    Confidence  
  ------------------------------
  1     102         0.126
  2     98          0.126
  3     98          0.050

Detector: BL_W170_T2.4_D40
Best Detection: 102 mmHg (confidence: 0.126)
Top 10 readings:
  Rank  Pressure    Confidence  
  ------------------------------
  1     102         0.126
  2     98          0.126
  3     98          0.050

Detector: BL_W170_T2.6_D2
Best Detection: 102 mmHg (confidence: 0.126)
Top 10 readings:
  Rank  Pressure    Confidence  
  ------------------------------
  1     102         0.126
  2     98          0.126
  3     97          0.050
  4     109         0.010

Detector: BL_W170_T2.6_D4
Best Detection: 102 mmHg (confidence: 0.126)
Top 10 readings:
  Rank  Pressure    Confidence  
  ------------------------------
  1     102         0.126
  2     98          0.126
  3     97          0.050
  4     109         0.010

Detector: BL_W170_T2.6_D6
Best Detection: 102 mmHg (confidence: 0.126)
Top 10 readings:
  Rank  Pressure    Confidence  
  ------------------------------
  1     102         0.126
  2     98          0.126
  3     97          0.050
  4     109         0.010

Detector: BL_W170_T2.6_D8
Best Detection: 102 mmHg (confidence: 0.126)
Top 10 readings:
  Rank  Pressure    Confidence  
  ------------------------------
  1     102         0.126
  2     98          0.126
  3     97          0.050
  4     109         0.010

Detector: BL_W170_T2.6_D10
Best Detection: 109 mmHg (confidence: 0.340)
Top 10 readings:
  Rank  Pressure    Confidence  
  ------------------------------
  1     109         0.340
  2     106         0.260
  3     102         0.126
  4     98          0.126
  5     97          0.050

Detector: BL_W170_T2.6_D15
Best Detection: 109 mmHg (confidence: 0.340)
Top 10 readings:
  Rank  Pressure    Confidence  
  ------------------------------
  1     109         0.340
  2     106         0.260
  3     102         0.126
  4     98          0.126
  5     97          0.050

Detector: BL_W170_T2.6_D20
Best Detection: 102 mmHg (confidence: 0.126)
Top 10 readings:
  Rank  Pressure    Confidence  
  ------------------------------
  1     102         0.126
  2     98          0.126
  3     97          0.050
  4     109         0.010

Detector: BL_W170_T2.6_D25
Best Detection: 102 mmHg (confidence: 0.126)
Top 10 readings:
  Rank  Pressure    Confidence  
  ------------------------------
  1     102         0.126
  2     98          0.126
  3     97          0.050

Detector: BL_W170_T2.6_D30
Best Detection: 102 mmHg (confidence: 0.126)
Top 10 readings:
  Rank  Pressure    Confidence  
  ------------------------------
  1     102         0.126
  2     98          0.126
  3     97          0.050

Detector: BL_W170_T2.6_D40
Best Detection: 102 mmHg (confidence: 0.126)
Top 10 readings:
  Rank  Pressure    Confidence  
  ------------------------------
  1     102         0.126
  2     98          0.126
  3     97          0.050

Detector: BL_W170_T2.8_D2
Best Detection: 98 mmHg (confidence: 0.050)
Top 10 readings:
  Rank  Pressure    Confidence  
  ------------------------------
  1     98          0.050
  2     109         0.010
  3     102         0.010

Detector: BL_W170_T2.8_D4
Best Detection: 98 mmHg (confidence: 0.050)
Top 10 readings:
  Rank  Pressure    Confidence  
  ------------------------------
  1     98          0.050
  2     109         0.010
  3     102         0.010

Detector: BL_W170_T2.8_D6
Best Detection: 98 mmHg (confidence: 0.050)
Top 10 readings:
  Rank  Pressure    Confidence  
  ------------------------------
  1     98          0.050
  2     109         0.010
  3     102         0.010

Detector: BL_W170_T2.8_D8
Best Detection: 98 mmHg (confidence: 0.050)
Top 10 readings:
  Rank  Pressure    Confidence  
  ------------------------------
  1     98          0.050
  2     109         0.010
  3     102         0.010

Detector: BL_W170_T2.8_D10
Best Detection: 109 mmHg (confidence: 0.260)
Top 10 readings:
  Rank  Pressure    Confidence  
  ------------------------------
  1     109         0.260
  2     106         0.126
  3     98          0.050
  4     102         0.010

Detector: BL_W170_T2.8_D15
Best Detection: 109 mmHg (confidence: 0.260)
Top 10 readings:
  Rank  Pressure    Confidence  
  ------------------------------
  1     109         0.260
  2     106         0.126
  3     98          0.050
  4     102         0.010

Detector: BL_W170_T2.8_D20
Best Detection: 98 mmHg (confidence: 0.050)
Top 10 readings:
  Rank  Pressure    Confidence  
  ------------------------------
  1     98          0.050
  2     109         0.010
  3     102         0.010

Detector: BL_W170_T2.8_D25
Best Detection: 98 mmHg (confidence: 0.050)
Top 10 readings:
  Rank  Pressure    Confidence  
  ------------------------------
  1     98          0.050
  2     102         0.010

Detector: BL_W170_T2.8_D30
Best Detection: 98 mmHg (confidence: 0.050)
Top 10 readings:
  Rank  Pressure    Confidence  
  ------------------------------
  1     98          0.050
  2     102         0.010

Detector: BL_W170_T2.8_D40
Best Detection: 98 mmHg (confidence: 0.050)
Top 10 readings:
  Rank  Pressure    Confidence  
  ------------------------------
  1     98          0.050
  2     102         0.010

Detector: BL_W170_T3.0_D2
Best Detection: 98 mmHg (confidence: 0.050)
Top 10 readings:
  Rank  Pressure    Confidence  
  ------------------------------
  1     98          0.050
  2     109         0.010
  3     102         0.010

Detector: BL_W170_T3.0_D4
Best Detection: 98 mmHg (confidence: 0.050)
Top 10 readings:
  Rank  Pressure    Confidence  
  ------------------------------
  1     98          0.050
  2     109         0.010
  3     102         0.010

Detector: BL_W170_T3.0_D6
Best Detection: 98 mmHg (confidence: 0.050)
Top 10 readings:
  Rank  Pressure    Confidence  
  ------------------------------
  1     98          0.050
  2     109         0.010
  3     102         0.010

Detector: BL_W170_T3.0_D8
Best Detection: 98 mmHg (confidence: 0.050)
Top 10 readings:
  Rank  Pressure    Confidence  
  ------------------------------
  1     98          0.050
  2     109         0.010
  3     102         0.010

Detector: BL_W170_T3.0_D10
Best Detection: 109 mmHg (confidence: 0.260)
Top 10 readings:
  Rank  Pressure    Confidence  
  ------------------------------
  1     109         0.260
  2     106         0.126
  3     98          0.050
  4     102         0.010

Detector: BL_W170_T3.0_D15
Best Detection: 109 mmHg (confidence: 0.260)
Top 10 readings:
  Rank  Pressure    Confidence  
  ------------------------------
  1     109         0.260
  2     106         0.126
  3     98          0.050
  4     102         0.010

Detector: BL_W170_T3.0_D20
Best Detection: 98 mmHg (confidence: 0.050)
Top 10 readings:
  Rank  Pressure    Confidence  
  ------------------------------
  1     98          0.050
  2     109         0.010
  3     102         0.010

Detector: BL_W170_T3.0_D25
Best Detection: 98 mmHg (confidence: 0.050)
Top 10 readings:
  Rank  Pressure    Confidence  
  ------------------------------
  1     98          0.050
  2     102         0.010

Detector: BL_W170_T3.0_D30
Best Detection: 98 mmHg (confidence: 0.050)
Top 10 readings:
  Rank  Pressure    Confidence  
  ------------------------------
  1     98          0.050
  2     102         0.010

Detector: BL_W170_T3.0_D40
Best Detection: 98 mmHg (confidence: 0.050)
Top 10 readings:
  Rank  Pressure    Confidence  
  ------------------------------
  1     98          0.050
  2     102         0.010

Detector: BL_W180_T1.2_D2
Best Detection: 92 mmHg (confidence: 0.980)
Top 10 readings:
  Rank  Pressure    Confidence  
  ------------------------------
  1     92          0.980
  2     90          0.900
  3     86          0.820
  4     84          0.740
  5     82          0.660
  6     79          0.580
  7     77          0.500
  8     75          0.420
  9     73          0.340
  10    106         0.260

Detector: BL_W180_T1.2_D4
Best Detection: 92 mmHg (confidence: 0.980)
Top 10 readings:
  Rank  Pressure    Confidence  
  ------------------------------
  1     92          0.980
  2     90          0.900
  3     86          0.820
  4     84          0.740
  5     82          0.660
  6     79          0.580
  7     77          0.500
  8     75          0.420
  9     73          0.340
  10    106         0.260

Detector: BL_W180_T1.2_D6
Best Detection: 92 mmHg (confidence: 0.980)
Top 10 readings:
  Rank  Pressure    Confidence  
  ------------------------------
  1     92          0.980
  2     90          0.900
  3     86          0.820
  4     84          0.740
  5     82          0.660
  6     79          0.580
  7     77          0.500
  8     75          0.420
  9     73          0.340
  10    106         0.260

Detector: BL_W180_T1.2_D8
Best Detection: 92 mmHg (confidence: 0.980)
Top 10 readings:
  Rank  Pressure    Confidence  
  ------------------------------
  1     92          0.980
  2     90          0.900
  3     86          0.820
  4     84          0.740
  5     82          0.660
  6     79          0.580
  7     77          0.500
  8     75          0.420
  9     73          0.340
  10    106         0.260

Detector: BL_W180_T1.2_D10
Best Detection: 92 mmHg (confidence: 0.980)
Top 10 readings:
  Rank  Pressure    Confidence  
  ------------------------------
  1     92          0.980
  2     90          0.900
  3     86          0.820
  4     84          0.740
  5     82          0.660
  6     79          0.580
  7     77          0.500
  8     75          0.420
  9     73          0.340
  10    106         0.260

Detector: BL_W180_T1.2_D15
Best Detection: 92 mmHg (confidence: 0.980)
Top 10 readings:
  Rank  Pressure    Confidence  
  ------------------------------
  1     92          0.980
  2     90          0.900
  3     86          0.820
  4     84          0.740
  5     82          0.660
  6     79          0.580
  7     77          0.500
  8     75          0.420
  9     73          0.340
  10    106         0.260

Detector: BL_W180_T1.2_D20
Best Detection: 92 mmHg (confidence: 0.980)
Top 10 readings:
  Rank  Pressure    Confidence  
  ------------------------------
  1     92          0.980
  2     90          0.900
  3     86          0.820
  4     84          0.740
  5     82          0.660
  6     79          0.580
  7     77          0.500
  8     75          0.420
  9     73          0.340
  10    71          0.260

Detector: BL_W180_T1.2_D25
Best Detection: 92 mmHg (confidence: 0.980)
Top 10 readings:
  Rank  Pressure    Confidence  
  ------------------------------
  1     92          0.980
  2     90          0.900
  3     86          0.820
  4     84          0.740
  5     82          0.660
  6     79          0.580
  7     77          0.500
  8     75          0.420
  9     73          0.340
  10    71          0.260

Detector: BL_W180_T1.2_D30
Best Detection: 92 mmHg (confidence: 0.980)
Top 10 readings:
  Rank  Pressure    Confidence  
  ------------------------------
  1     92          0.980
  2     90          0.900
  3     86          0.820
  4     84          0.740
  5     82          0.660
  6     79          0.580
  7     77          0.500
  8     75          0.420
  9     73          0.340
  10    71          0.260

Detector: BL_W180_T1.2_D40
Best Detection: 92 mmHg (confidence: 0.980)
Top 10 readings:
  Rank  Pressure    Confidence  
  ------------------------------
  1     92          0.980
  2     90          0.900
  3     86          0.820
  4     84          0.740
  5     82          0.660
  6     79          0.580
  7     77          0.500
  8     75          0.420
  9     73          0.340
  10    71          0.260

Detector: BL_W180_T1.4_D2
Best Detection: 84 mmHg (confidence: 0.740)
Top 10 readings:
  Rank  Pressure    Confidence  
  ------------------------------
  1     84          0.740
  2     81          0.660
  3     79          0.580
  4     77          0.500
  5     75          0.420
  6     73          0.340
  7     106         0.260
  8     71          0.260
  9     102         0.126
  10    98          0.126

Detector: BL_W180_T1.4_D4
Best Detection: 84 mmHg (confidence: 0.740)
Top 10 readings:
  Rank  Pressure    Confidence  
  ------------------------------
  1     84          0.740
  2     81          0.660
  3     79          0.580
  4     77          0.500
  5     75          0.420
  6     73          0.340
  7     106         0.260
  8     71          0.260
  9     102         0.126
  10    98          0.126

Detector: BL_W180_T1.4_D6
Best Detection: 84 mmHg (confidence: 0.740)
Top 10 readings:
  Rank  Pressure    Confidence  
  ------------------------------
  1     84          0.740
  2     81          0.660
  3     79          0.580
  4     77          0.500
  5     75          0.420
  6     73          0.340
  7     106         0.260
  8     71          0.260
  9     102         0.126
  10    98          0.126

Detector: BL_W180_T1.4_D8
Best Detection: 84 mmHg (confidence: 0.740)
Top 10 readings:
  Rank  Pressure    Confidence  
  ------------------------------
  1     84          0.740
  2     81          0.660
  3     79          0.580
  4     77          0.500
  5     75          0.420
  6     73          0.340
  7     106         0.260
  8     71          0.260
  9     102         0.126
  10    98          0.126

Detector: BL_W180_T1.4_D10
Best Detection: 84 mmHg (confidence: 0.740)
Top 10 readings:
  Rank  Pressure    Confidence  
  ------------------------------
  1     84          0.740
  2     81          0.660
  3     79          0.580
  4     77          0.500
  5     75          0.420
  6     73          0.340
  7     106         0.260
  8     71          0.260
  9     103         0.126
  10    99          0.126

Detector: BL_W180_T1.4_D15
Best Detection: 84 mmHg (confidence: 0.740)
Top 10 readings:
  Rank  Pressure    Confidence  
  ------------------------------
  1     84          0.740
  2     81          0.660
  3     79          0.580
  4     77          0.500
  5     75          0.420
  6     73          0.340
  7     106         0.260
  8     71          0.260
  9     102         0.126
  10    98          0.126

Detector: BL_W180_T1.4_D20
Best Detection: 84 mmHg (confidence: 0.740)
Top 10 readings:
  Rank  Pressure    Confidence  
  ------------------------------
  1     84          0.740
  2     81          0.660
  3     79          0.580
  4     77          0.500
  5     75          0.420
  6     73          0.340
  7     71          0.260
  8     102         0.126
  9     98          0.126
  10    92          0.126

Detector: BL_W180_T1.4_D25
Best Detection: 84 mmHg (confidence: 0.740)
Top 10 readings:
  Rank  Pressure    Confidence  
  ------------------------------
  1     84          0.740
  2     81          0.660
  3     79          0.580
  4     77          0.500
  5     75          0.420
  6     73          0.340
  7     71          0.260
  8     102         0.126
  9     98          0.126
  10    92          0.126

Detector: BL_W180_T1.4_D30
Best Detection: 84 mmHg (confidence: 0.740)
Top 10 readings:
  Rank  Pressure    Confidence  
  ------------------------------
  1     84          0.740
  2     81          0.660
  3     79          0.580
  4     77          0.500
  5     75          0.420
  6     73          0.340
  7     71          0.260
  8     102         0.126
  9     98          0.126
  10    92          0.126

Detector: BL_W180_T1.4_D40
Best Detection: 84 mmHg (confidence: 0.740)
Top 10 readings:
  Rank  Pressure    Confidence  
  ------------------------------
  1     84          0.740
  2     81          0.660
  3     79          0.580
  4     77          0.500
  5     75          0.420
  6     73          0.340
  7     71          0.260
  8     102         0.126
  9     98          0.126
  10    92          0.126

Detector: BL_W180_T1.6_D2
Best Detection: 84 mmHg (confidence: 0.740)
Top 10 readings:
  Rank  Pressure    Confidence  
  ------------------------------
  1     84          0.740
  2     81          0.660
  3     79          0.580
  4     77          0.500
  5     75          0.420
  6     73          0.340
  7     106         0.260
  8     71          0.260
  9     102         0.126
  10    98          0.126

Detector: BL_W180_T1.6_D4
Best Detection: 84 mmHg (confidence: 0.740)
Top 10 readings:
  Rank  Pressure    Confidence  
  ------------------------------
  1     84          0.740
  2     81          0.660
  3     79          0.580
  4     77          0.500
  5     75          0.420
  6     73          0.340
  7     106         0.260
  8     71          0.260
  9     102         0.126
  10    98          0.126

Detector: BL_W180_T1.6_D6
Best Detection: 84 mmHg (confidence: 0.740)
Top 10 readings:
  Rank  Pressure    Confidence  
  ------------------------------
  1     84          0.740
  2     81          0.660
  3     79          0.580
  4     77          0.500
  5     75          0.420
  6     73          0.340
  7     106         0.260
  8     71          0.260
  9     102         0.126
  10    98          0.126

Detector: BL_W180_T1.6_D8
Best Detection: 84 mmHg (confidence: 0.740)
Top 10 readings:
  Rank  Pressure    Confidence  
  ------------------------------
  1     84          0.740
  2     81          0.660
  3     79          0.580
  4     77          0.500
  5     75          0.420
  6     73          0.340
  7     106         0.260
  8     71          0.260
  9     102         0.126
  10    98          0.126

Detector: BL_W180_T1.6_D10
Best Detection: 84 mmHg (confidence: 0.740)
Top 10 readings:
  Rank  Pressure    Confidence  
  ------------------------------
  1     84          0.740
  2     81          0.660
  3     79          0.580
  4     77          0.500
  5     75          0.420
  6     73          0.340
  7     106         0.260
  8     71          0.260
  9     103         0.126
  10    99          0.126

Detector: BL_W180_T1.6_D15
Best Detection: 84 mmHg (confidence: 0.740)
Top 10 readings:
  Rank  Pressure    Confidence  
  ------------------------------
  1     84          0.740
  2     81          0.660
  3     79          0.580
  4     77          0.500
  5     75          0.420
  6     73          0.340
  7     106         0.260
  8     71          0.260
  9     102         0.126
  10    98          0.126

Detector: BL_W180_T1.6_D20
Best Detection: 84 mmHg (confidence: 0.740)
Top 10 readings:
  Rank  Pressure    Confidence  
  ------------------------------
  1     84          0.740
  2     81          0.660
  3     79          0.580
  4     77          0.500
  5     75          0.420
  6     73          0.340
  7     71          0.260
  8     102         0.126
  9     98          0.126
  10    92          0.126

Detector: BL_W180_T1.6_D25
Best Detection: 84 mmHg (confidence: 0.740)
Top 10 readings:
  Rank  Pressure    Confidence  
  ------------------------------
  1     84          0.740
  2     81          0.660
  3     79          0.580
  4     77          0.500
  5     75          0.420
  6     73          0.340
  7     71          0.260
  8     102         0.126
  9     98          0.126
  10    92          0.126

Detector: BL_W180_T1.6_D30
Best Detection: 84 mmHg (confidence: 0.740)
Top 10 readings:
  Rank  Pressure    Confidence  
  ------------------------------
  1     84          0.740
  2     81          0.660
  3     79          0.580
  4     77          0.500
  5     75          0.420
  6     73          0.340
  7     71          0.260
  8     102         0.126
  9     98          0.126
  10    92          0.126

Detector: BL_W180_T1.6_D40
Best Detection: 84 mmHg (confidence: 0.740)
Top 10 readings:
  Rank  Pressure    Confidence  
  ------------------------------
  1     84          0.740
  2     81          0.660
  3     79          0.580
  4     77          0.500
  5     75          0.420
  6     73          0.340
  7     71          0.260
  8     102         0.126
  9     98          0.126
  10    92          0.126

Detector: BL_W180_T1.8_D2
Best Detection: 73 mmHg (confidence: 0.340)
Top 10 readings:
  Rank  Pressure    Confidence  
  ------------------------------
  1     73          0.340
  2     106         0.260
  3     71          0.260
  4     102         0.126
  5     98          0.126
  6     92          0.126
  7     83          0.126
  8     69          0.126
  9     66          0.050
  10    98          0.010

Detector: BL_W180_T1.8_D4
Best Detection: 73 mmHg (confidence: 0.340)
Top 10 readings:
  Rank  Pressure    Confidence  
  ------------------------------
  1     73          0.340
  2     106         0.260
  3     71          0.260
  4     102         0.126
  5     98          0.126
  6     92          0.126
  7     83          0.126
  8     69          0.126
  9     66          0.050
  10    98          0.010

Detector: BL_W180_T1.8_D6
Best Detection: 73 mmHg (confidence: 0.340)
Top 10 readings:
  Rank  Pressure    Confidence  
  ------------------------------
  1     73          0.340
  2     106         0.260
  3     71          0.260
  4     102         0.126
  5     98          0.126
  6     92          0.126
  7     83          0.126
  8     69          0.126
  9     66          0.050
  10    98          0.010

Detector: BL_W180_T1.8_D8
Best Detection: 73 mmHg (confidence: 0.340)
Top 10 readings:
  Rank  Pressure    Confidence  
  ------------------------------
  1     73          0.340
  2     106         0.260
  3     71          0.260
  4     102         0.126
  5     98          0.126
  6     92          0.126
  7     83          0.126
  8     69          0.126
  9     66          0.050
  10    98          0.010

Detector: BL_W180_T1.8_D10
Best Detection: 73 mmHg (confidence: 0.340)
Top 10 readings:
  Rank  Pressure    Confidence  
  ------------------------------
  1     73          0.340
  2     106         0.260
  3     71          0.260
  4     103         0.126
  5     99          0.126
  6     92          0.126
  7     83          0.126
  8     69          0.126
  9     66          0.050
  10    98          0.010

Detector: BL_W180_T1.8_D15
Best Detection: 73 mmHg (confidence: 0.340)
Top 10 readings:
  Rank  Pressure    Confidence  
  ------------------------------
  1     73          0.340
  2     106         0.260
  3     71          0.260
  4     102         0.126
  5     98          0.126
  6     92          0.126
  7     83          0.126
  8     69          0.126
  9     66          0.050
  10    98          0.010

Detector: BL_W180_T1.8_D20
Best Detection: 73 mmHg (confidence: 0.340)
Top 10 readings:
  Rank  Pressure    Confidence  
  ------------------------------
  1     73          0.340
  2     71          0.260
  3     102         0.126
  4     98          0.126
  5     92          0.126
  6     83          0.126
  7     69          0.126
  8     66          0.050
  9     98          0.010
  10    89          0.010

Detector: BL_W180_T1.8_D25
Best Detection: 73 mmHg (confidence: 0.340)
Top 10 readings:
  Rank  Pressure    Confidence  
  ------------------------------
  1     73          0.340
  2     71          0.260
  3     102         0.126
  4     98          0.126
  5     92          0.126
  6     83          0.126
  7     69          0.126
  8     66          0.050
  9     98          0.010
  10    89          0.010

Detector: BL_W180_T1.8_D30
Best Detection: 73 mmHg (confidence: 0.340)
Top 10 readings:
  Rank  Pressure    Confidence  
  ------------------------------
  1     73          0.340
  2     71          0.260
  3     102         0.126
  4     98          0.126
  5     92          0.126
  6     83          0.126
  7     69          0.126
  8     66          0.050
  9     98          0.010
  10    89          0.010

Detector: BL_W180_T1.8_D40
Best Detection: 73 mmHg (confidence: 0.340)
Top 10 readings:
  Rank  Pressure    Confidence  
  ------------------------------
  1     73          0.340
  2     71          0.260
  3     102         0.126
  4     98          0.126
  5     92          0.126
  6     83          0.126
  7     69          0.126
  8     66          0.050
  9     98          0.010
  10    89          0.010

Detector: BL_W180_T2.0_D2
Best Detection: 106 mmHg (confidence: 0.260)
Top 10 readings:
  Rank  Pressure    Confidence  
  ------------------------------
  1     106         0.260
  2     71          0.260
  3     102         0.126
  4     98          0.126
  5     92          0.126
  6     68          0.126
  7     66          0.050
  8     98          0.010
  9     89          0.010

Detector: BL_W180_T2.0_D4
Best Detection: 106 mmHg (confidence: 0.260)
Top 10 readings:
  Rank  Pressure    Confidence  
  ------------------------------
  1     106         0.260
  2     71          0.260
  3     102         0.126
  4     98          0.126
  5     92          0.126
  6     68          0.126
  7     66          0.050
  8     98          0.010
  9     89          0.010

Detector: BL_W180_T2.0_D6
Best Detection: 106 mmHg (confidence: 0.260)
Top 10 readings:
  Rank  Pressure    Confidence  
  ------------------------------
  1     106         0.260
  2     71          0.260
  3     102         0.126
  4     98          0.126
  5     92          0.126
  6     68          0.126
  7     66          0.050
  8     98          0.010
  9     89          0.010

Detector: BL_W180_T2.0_D8
Best Detection: 106 mmHg (confidence: 0.260)
Top 10 readings:
  Rank  Pressure    Confidence  
  ------------------------------
  1     106         0.260
  2     71          0.260
  3     102         0.126
  4     98          0.126
  5     92          0.126
  6     68          0.126
  7     66          0.050
  8     98          0.010
  9     89          0.010

Detector: BL_W180_T2.0_D10
Best Detection: 106 mmHg (confidence: 0.260)
Top 10 readings:
  Rank  Pressure    Confidence  
  ------------------------------
  1     106         0.260
  2     71          0.260
  3     103         0.126
  4     99          0.126
  5     92          0.126
  6     68          0.126
  7     66          0.050
  8     98          0.010
  9     89          0.010

Detector: BL_W180_T2.0_D15
Best Detection: 106 mmHg (confidence: 0.260)
Top 10 readings:
  Rank  Pressure    Confidence  
  ------------------------------
  1     106         0.260
  2     71          0.260
  3     102         0.126
  4     98          0.126
  5     92          0.126
  6     68          0.126
  7     66          0.050
  8     98          0.010
  9     89          0.010

Detector: BL_W180_T2.0_D20
Best Detection: 71 mmHg (confidence: 0.260)
Top 10 readings:
  Rank  Pressure    Confidence  
  ------------------------------
  1     71          0.260
  2     102         0.126
  3     98          0.126
  4     92          0.126
  5     68          0.126
  6     66          0.050
  7     98          0.010
  8     89          0.010

Detector: BL_W180_T2.0_D25
Best Detection: 71 mmHg (confidence: 0.260)
Top 10 readings:
  Rank  Pressure    Confidence  
  ------------------------------
  1     71          0.260
  2     102         0.126
  3     98          0.126
  4     92          0.126
  5     68          0.126
  6     66          0.050
  7     98          0.010
  8     89          0.010

Detector: BL_W180_T2.0_D30
Best Detection: 71 mmHg (confidence: 0.260)
Top 10 readings:
  Rank  Pressure    Confidence  
  ------------------------------
  1     71          0.260
  2     102         0.126
  3     98          0.126
  4     92          0.126
  5     68          0.126
  6     66          0.050
  7     98          0.010
  8     89          0.010

Detector: BL_W180_T2.0_D40
Best Detection: 71 mmHg (confidence: 0.260)
Top 10 readings:
  Rank  Pressure    Confidence  
  ------------------------------
  1     71          0.260
  2     102         0.126
  3     98          0.126
  4     92          0.126
  5     68          0.126
  6     66          0.050
  7     98          0.010
  8     89          0.010

Detector: BL_W180_T2.2_D2
Best Detection: 102 mmHg (confidence: 0.126)
Top 10 readings:
  Rank  Pressure    Confidence  
  ------------------------------
  1     102         0.126
  2     98          0.126
  3     66          0.050
  4     98          0.010

Detector: BL_W180_T2.2_D4
Best Detection: 102 mmHg (confidence: 0.126)
Top 10 readings:
  Rank  Pressure    Confidence  
  ------------------------------
  1     102         0.126
  2     98          0.126
  3     66          0.050
  4     98          0.010

Detector: BL_W180_T2.2_D6
Best Detection: 102 mmHg (confidence: 0.126)
Top 10 readings:
  Rank  Pressure    Confidence  
  ------------------------------
  1     102         0.126
  2     98          0.126
  3     66          0.050
  4     98          0.010

Detector: BL_W180_T2.2_D8
Best Detection: 102 mmHg (confidence: 0.126)
Top 10 readings:
  Rank  Pressure    Confidence  
  ------------------------------
  1     102         0.126
  2     98          0.126
  3     66          0.050
  4     98          0.010

Detector: BL_W180_T2.2_D10
Best Detection: 106 mmHg (confidence: 0.260)
Top 10 readings:
  Rank  Pressure    Confidence  
  ------------------------------
  1     106         0.260
  2     103         0.126
  3     99          0.126
  4     66          0.050
  5     98          0.010

Detector: BL_W180_T2.2_D15
Best Detection: 106 mmHg (confidence: 0.260)
Top 10 readings:
  Rank  Pressure    Confidence  
  ------------------------------
  1     106         0.260
  2     102         0.126
  3     98          0.126
  4     66          0.050
  5     98          0.010

Detector: BL_W180_T2.2_D20
Best Detection: 102 mmHg (confidence: 0.126)
Top 10 readings:
  Rank  Pressure    Confidence  
  ------------------------------
  1     102         0.126
  2     98          0.126
  3     66          0.050
  4     98          0.010

Detector: BL_W180_T2.2_D25
Best Detection: 102 mmHg (confidence: 0.126)
Top 10 readings:
  Rank  Pressure    Confidence  
  ------------------------------
  1     102         0.126
  2     98          0.126
  3     66          0.050
  4     98          0.010

Detector: BL_W180_T2.2_D30
Best Detection: 102 mmHg (confidence: 0.126)
Top 10 readings:
  Rank  Pressure    Confidence  
  ------------------------------
  1     102         0.126
  2     98          0.126
  3     66          0.050
  4     98          0.010

Detector: BL_W180_T2.2_D40
Best Detection: 102 mmHg (confidence: 0.126)
Top 10 readings:
  Rank  Pressure    Confidence  
  ------------------------------
  1     102         0.126
  2     98          0.126
  3     66          0.050
  4     98          0.010

Detector: BL_W180_T2.4_D2
Best Detection: 102 mmHg (confidence: 0.126)
Top 10 readings:
  Rank  Pressure    Confidence  
  ------------------------------
  1     102         0.126
  2     98          0.126
  3     98          0.050

Detector: BL_W180_T2.4_D4
Best Detection: 102 mmHg (confidence: 0.126)
Top 10 readings:
  Rank  Pressure    Confidence  
  ------------------------------
  1     102         0.126
  2     98          0.126
  3     98          0.050

Detector: BL_W180_T2.4_D6
Best Detection: 102 mmHg (confidence: 0.126)
Top 10 readings:
  Rank  Pressure    Confidence  
  ------------------------------
  1     102         0.126
  2     98          0.126
  3     98          0.050

Detector: BL_W180_T2.4_D8
Best Detection: 102 mmHg (confidence: 0.126)
Top 10 readings:
  Rank  Pressure    Confidence  
  ------------------------------
  1     102         0.126
  2     98          0.126
  3     98          0.050

Detector: BL_W180_T2.4_D10
Best Detection: 106 mmHg (confidence: 0.260)
Top 10 readings:
  Rank  Pressure    Confidence  
  ------------------------------
  1     106         0.260
  2     103         0.126
  3     99          0.126
  4     98          0.050

Detector: BL_W180_T2.4_D15
Best Detection: 106 mmHg (confidence: 0.260)
Top 10 readings:
  Rank  Pressure    Confidence  
  ------------------------------
  1     106         0.260
  2     102         0.126
  3     98          0.126
  4     98          0.050

Detector: BL_W180_T2.4_D20
Best Detection: 102 mmHg (confidence: 0.126)
Top 10 readings:
  Rank  Pressure    Confidence  
  ------------------------------
  1     102         0.126
  2     98          0.126
  3     98          0.050

Detector: BL_W180_T2.4_D25
Best Detection: 102 mmHg (confidence: 0.126)
Top 10 readings:
  Rank  Pressure    Confidence  
  ------------------------------
  1     102         0.126
  2     98          0.126
  3     98          0.050

Detector: BL_W180_T2.4_D30
Best Detection: 102 mmHg (confidence: 0.126)
Top 10 readings:
  Rank  Pressure    Confidence  
  ------------------------------
  1     102         0.126
  2     98          0.126
  3     98          0.050

Detector: BL_W180_T2.4_D40
Best Detection: 102 mmHg (confidence: 0.126)
Top 10 readings:
  Rank  Pressure    Confidence  
  ------------------------------
  1     102         0.126
  2     98          0.126
  3     98          0.050

Detector: BL_W180_T2.6_D2
Best Detection: 102 mmHg (confidence: 0.126)
Top 10 readings:
  Rank  Pressure    Confidence  
  ------------------------------
  1     102         0.126
  2     98          0.126
  3     97          0.050

Detector: BL_W180_T2.6_D4
Best Detection: 102 mmHg (confidence: 0.126)
Top 10 readings:
  Rank  Pressure    Confidence  
  ------------------------------
  1     102         0.126
  2     98          0.126
  3     97          0.050

Detector: BL_W180_T2.6_D6
Best Detection: 102 mmHg (confidence: 0.126)
Top 10 readings:
  Rank  Pressure    Confidence  
  ------------------------------
  1     102         0.126
  2     98          0.126
  3     97          0.050

Detector: BL_W180_T2.6_D8
Best Detection: 102 mmHg (confidence: 0.126)
Top 10 readings:
  Rank  Pressure    Confidence  
  ------------------------------
  1     102         0.126
  2     98          0.126
  3     97          0.050

Detector: BL_W180_T2.6_D10
Best Detection: 106 mmHg (confidence: 0.260)
Top 10 readings:
  Rank  Pressure    Confidence  
  ------------------------------
  1     106         0.260
  2     103         0.126
  3     99          0.126
  4     97          0.050

Detector: BL_W180_T2.6_D15
Best Detection: 106 mmHg (confidence: 0.260)
Top 10 readings:
  Rank  Pressure    Confidence  
  ------------------------------
  1     106         0.260
  2     102         0.126
  3     98          0.126
  4     97          0.050

Detector: BL_W180_T2.6_D20
Best Detection: 102 mmHg (confidence: 0.126)
Top 10 readings:
  Rank  Pressure    Confidence  
  ------------------------------
  1     102         0.126
  2     98          0.126
  3     97          0.050

Detector: BL_W180_T2.6_D25
Best Detection: 102 mmHg (confidence: 0.126)
Top 10 readings:
  Rank  Pressure    Confidence  
  ------------------------------
  1     102         0.126
  2     98          0.126
  3     97          0.050

Detector: BL_W180_T2.6_D30
Best Detection: 102 mmHg (confidence: 0.126)
Top 10 readings:
  Rank  Pressure    Confidence  
  ------------------------------
  1     102         0.126
  2     98          0.126
  3     97          0.050

Detector: BL_W180_T2.6_D40
Best Detection: 102 mmHg (confidence: 0.126)
Top 10 readings:
  Rank  Pressure    Confidence  
  ------------------------------
  1     102         0.126
  2     98          0.126
  3     97          0.050

Detector: BL_W180_T2.8_D2
Best Detection: 102 mmHg (confidence: 0.126)
Top 10 readings:
  Rank  Pressure    Confidence  
  ------------------------------
  1     102         0.126
  2     98          0.126
  3     97          0.050

Detector: BL_W180_T2.8_D4
Best Detection: 102 mmHg (confidence: 0.126)
Top 10 readings:
  Rank  Pressure    Confidence  
  ------------------------------
  1     102         0.126
  2     98          0.126
  3     97          0.050

Detector: BL_W180_T2.8_D6
Best Detection: 102 mmHg (confidence: 0.126)
Top 10 readings:
  Rank  Pressure    Confidence  
  ------------------------------
  1     102         0.126
  2     98          0.126
  3     97          0.050

Detector: BL_W180_T2.8_D8
Best Detection: 102 mmHg (confidence: 0.126)
Top 10 readings:
  Rank  Pressure    Confidence  
  ------------------------------
  1     102         0.126
  2     98          0.126
  3     97          0.050

Detector: BL_W180_T2.8_D10
Best Detection: 106 mmHg (confidence: 0.260)
Top 10 readings:
  Rank  Pressure    Confidence  
  ------------------------------
  1     106         0.260
  2     103         0.126
  3     99          0.126
  4     97          0.050

Detector: BL_W180_T2.8_D15
Best Detection: 106 mmHg (confidence: 0.260)
Top 10 readings:
  Rank  Pressure    Confidence  
  ------------------------------
  1     106         0.260
  2     102         0.126
  3     98          0.126
  4     97          0.050

Detector: BL_W180_T2.8_D20
Best Detection: 102 mmHg (confidence: 0.126)
Top 10 readings:
  Rank  Pressure    Confidence  
  ------------------------------
  1     102         0.126
  2     98          0.126
  3     97          0.050

Detector: BL_W180_T2.8_D25
Best Detection: 102 mmHg (confidence: 0.126)
Top 10 readings:
  Rank  Pressure    Confidence  
  ------------------------------
  1     102         0.126
  2     98          0.126
  3     97          0.050

Detector: BL_W180_T2.8_D30
Best Detection: 102 mmHg (confidence: 0.126)
Top 10 readings:
  Rank  Pressure    Confidence  
  ------------------------------
  1     102         0.126
  2     98          0.126
  3     97          0.050

Detector: BL_W180_T2.8_D40
Best Detection: 102 mmHg (confidence: 0.126)
Top 10 readings:
  Rank  Pressure    Confidence  
  ------------------------------
  1     102         0.126
  2     98          0.126
  3     97          0.050

Detector: BL_W180_T3.0_D2
Best Detection: 98 mmHg (confidence: 0.050)
Top 10 readings:
  Rank  Pressure    Confidence  
  ------------------------------
  1     98          0.050
  2     102         0.010

Detector: BL_W180_T3.0_D4
Best Detection: 98 mmHg (confidence: 0.050)
Top 10 readings:
  Rank  Pressure    Confidence  
  ------------------------------
  1     98          0.050
  2     102         0.010

Detector: BL_W180_T3.0_D6
Best Detection: 98 mmHg (confidence: 0.050)
Top 10 readings:
  Rank  Pressure    Confidence  
  ------------------------------
  1     98          0.050
  2     102         0.010

Detector: BL_W180_T3.0_D8
Best Detection: 98 mmHg (confidence: 0.050)
Top 10 readings:
  Rank  Pressure    Confidence  
  ------------------------------
  1     98          0.050
  2     102         0.010

Detector: BL_W180_T3.0_D10
Best Detection: 106 mmHg (confidence: 0.126)
Top 10 readings:
  Rank  Pressure    Confidence  
  ------------------------------
  1     106         0.126
  2     99          0.050
  3     103         0.010

Detector: BL_W180_T3.0_D15
Best Detection: 106 mmHg (confidence: 0.126)
Top 10 readings:
  Rank  Pressure    Confidence  
  ------------------------------
  1     106         0.126
  2     98          0.050
  3     102         0.010

Detector: BL_W180_T3.0_D20
Best Detection: 98 mmHg (confidence: 0.050)
Top 10 readings:
  Rank  Pressure    Confidence  
  ------------------------------
  1     98          0.050
  2     102         0.010

Detector: BL_W180_T3.0_D25
Best Detection: 98 mmHg (confidence: 0.050)
Top 10 readings:
  Rank  Pressure    Confidence  
  ------------------------------
  1     98          0.050
  2     102         0.010

Detector: BL_W180_T3.0_D30
Best Detection: 98 mmHg (confidence: 0.050)
Top 10 readings:
  Rank  Pressure    Confidence  
  ------------------------------
  1     98          0.050
  2     102         0.010

Detector: BL_W180_T3.0_D40
Best Detection: 98 mmHg (confidence: 0.050)
Top 10 readings:
  Rank  Pressure    Confidence  
  ------------------------------
  1     98          0.050
  2     102         0.010

Detector: BL_W190_T1.2_D2
Best Detection: 92 mmHg (confidence: 0.980)
Top 10 readings:
  Rank  Pressure    Confidence  
  ------------------------------
  1     92          0.980
  2     90          0.900
  3     86          0.820
  4     84          0.740
  5     82          0.660
  6     79          0.580
  7     77          0.500
  8     75          0.420
  9     73          0.340
  10    105         0.260

Detector: BL_W190_T1.2_D4
Best Detection: 92 mmHg (confidence: 0.980)
Top 10 readings:
  Rank  Pressure    Confidence  
  ------------------------------
  1     92          0.980
  2     90          0.900
  3     86          0.820
  4     84          0.740
  5     82          0.660
  6     79          0.580
  7     77          0.500
  8     75          0.420
  9     73          0.340
  10    105         0.260

Detector: BL_W190_T1.2_D6
Best Detection: 92 mmHg (confidence: 0.980)
Top 10 readings:
  Rank  Pressure    Confidence  
  ------------------------------
  1     92          0.980
  2     90          0.900
  3     86          0.820
  4     84          0.740
  5     82          0.660
  6     79          0.580
  7     77          0.500
  8     75          0.420
  9     73          0.340
  10    105         0.260

Detector: BL_W190_T1.2_D8
Best Detection: 92 mmHg (confidence: 0.980)
Top 10 readings:
  Rank  Pressure    Confidence  
  ------------------------------
  1     92          0.980
  2     90          0.900
  3     86          0.820
  4     84          0.740
  5     82          0.660
  6     79          0.580
  7     77          0.500
  8     75          0.420
  9     73          0.340
  10    105         0.260

Detector: BL_W190_T1.2_D10
Best Detection: 92 mmHg (confidence: 0.980)
Top 10 readings:
  Rank  Pressure    Confidence  
  ------------------------------
  1     92          0.980
  2     90          0.900
  3     86          0.820
  4     84          0.740
  5     82          0.660
  6     79          0.580
  7     77          0.500
  8     75          0.420
  9     73          0.340
  10    105         0.260

Detector: BL_W190_T1.2_D15
Best Detection: 92 mmHg (confidence: 0.980)
Top 10 readings:
  Rank  Pressure    Confidence  
  ------------------------------
  1     92          0.980
  2     90          0.900
  3     86          0.820
  4     84          0.740
  5     82          0.660
  6     79          0.580
  7     77          0.500
  8     75          0.420
  9     73          0.340
  10    105         0.260

Detector: BL_W190_T1.2_D20
Best Detection: 92 mmHg (confidence: 0.980)
Top 10 readings:
  Rank  Pressure    Confidence  
  ------------------------------
  1     92          0.980
  2     90          0.900
  3     86          0.820
  4     84          0.740
  5     82          0.660
  6     79          0.580
  7     77          0.500
  8     75          0.420
  9     73          0.340
  10    71          0.260

Detector: BL_W190_T1.2_D25
Best Detection: 92 mmHg (confidence: 0.980)
Top 10 readings:
  Rank  Pressure    Confidence  
  ------------------------------
  1     92          0.980
  2     90          0.900
  3     86          0.820
  4     84          0.740
  5     82          0.660
  6     79          0.580
  7     77          0.500
  8     75          0.420
  9     73          0.340
  10    71          0.260

Detector: BL_W190_T1.2_D30
Best Detection: 92 mmHg (confidence: 0.980)
Top 10 readings:
  Rank  Pressure    Confidence  
  ------------------------------
  1     92          0.980
  2     90          0.900
  3     86          0.820
  4     84          0.740
  5     82          0.660
  6     79          0.580
  7     77          0.500
  8     75          0.420
  9     73          0.340
  10    71          0.260

Detector: BL_W190_T1.2_D40
Best Detection: 92 mmHg (confidence: 0.980)
Top 10 readings:
  Rank  Pressure    Confidence  
  ------------------------------
  1     92          0.980
  2     90          0.900
  3     86          0.820
  4     84          0.740
  5     82          0.660
  6     79          0.580
  7     77          0.500
  8     75          0.420
  9     73          0.340
  10    71          0.260

Detector: BL_W190_T1.4_D2
Best Detection: 84 mmHg (confidence: 0.740)
Top 10 readings:
  Rank  Pressure    Confidence  
  ------------------------------
  1     84          0.740
  2     81          0.660
  3     79          0.580
  4     77          0.500
  5     75          0.420
  6     73          0.340
  7     105         0.260
  8     71          0.260
  9     102         0.126
  10    98          0.126

Detector: BL_W190_T1.4_D4
Best Detection: 84 mmHg (confidence: 0.740)
Top 10 readings:
  Rank  Pressure    Confidence  
  ------------------------------
  1     84          0.740
  2     81          0.660
  3     79          0.580
  4     77          0.500
  5     75          0.420
  6     73          0.340
  7     105         0.260
  8     71          0.260
  9     102         0.126
  10    98          0.126

Detector: BL_W190_T1.4_D6
Best Detection: 84 mmHg (confidence: 0.740)
Top 10 readings:
  Rank  Pressure    Confidence  
  ------------------------------
  1     84          0.740
  2     81          0.660
  3     79          0.580
  4     77          0.500
  5     75          0.420
  6     73          0.340
  7     105         0.260
  8     71          0.260
  9     102         0.126
  10    98          0.126

Detector: BL_W190_T1.4_D8
Best Detection: 84 mmHg (confidence: 0.740)
Top 10 readings:
  Rank  Pressure    Confidence  
  ------------------------------
  1     84          0.740
  2     81          0.660
  3     79          0.580
  4     77          0.500
  5     75          0.420
  6     73          0.340
  7     105         0.260
  8     71          0.260
  9     102         0.126
  10    98          0.126

Detector: BL_W190_T1.4_D10
Best Detection: 84 mmHg (confidence: 0.740)
Top 10 readings:
  Rank  Pressure    Confidence  
  ------------------------------
  1     84          0.740
  2     81          0.660
  3     79          0.580
  4     77          0.500
  5     75          0.420
  6     73          0.340
  7     105         0.260
  8     71          0.260
  9     102         0.126
  10    98          0.126

Detector: BL_W190_T1.4_D15
Best Detection: 84 mmHg (confidence: 0.740)
Top 10 readings:
  Rank  Pressure    Confidence  
  ------------------------------
  1     84          0.740
  2     81          0.660
  3     79          0.580
  4     77          0.500
  5     75          0.420
  6     73          0.340
  7     105         0.260
  8     71          0.260
  9     102         0.126
  10    98          0.126

Detector: BL_W190_T1.4_D20
Best Detection: 84 mmHg (confidence: 0.740)
Top 10 readings:
  Rank  Pressure    Confidence  
  ------------------------------
  1     84          0.740
  2     81          0.660
  3     79          0.580
  4     77          0.500
  5     75          0.420
  6     73          0.340
  7     71          0.260
  8     102         0.126
  9     98          0.126
  10    92          0.126

Detector: BL_W190_T1.4_D25
Best Detection: 84 mmHg (confidence: 0.740)
Top 10 readings:
  Rank  Pressure    Confidence  
  ------------------------------
  1     84          0.740
  2     81          0.660
  3     79          0.580
  4     77          0.500
  5     75          0.420
  6     73          0.340
  7     71          0.260
  8     102         0.126
  9     98          0.126
  10    92          0.126

Detector: BL_W190_T1.4_D30
Best Detection: 84 mmHg (confidence: 0.740)
Top 10 readings:
  Rank  Pressure    Confidence  
  ------------------------------
  1     84          0.740
  2     81          0.660
  3     79          0.580
  4     77          0.500
  5     75          0.420
  6     73          0.340
  7     71          0.260
  8     102         0.126
  9     98          0.126
  10    92          0.126

Detector: BL_W190_T1.4_D40
Best Detection: 84 mmHg (confidence: 0.740)
Top 10 readings:
  Rank  Pressure    Confidence  
  ------------------------------
  1     84          0.740
  2     81          0.660
  3     79          0.580
  4     77          0.500
  5     75          0.420
  6     73          0.340
  7     71          0.260
  8     102         0.126
  9     98          0.126
  10    92          0.126

Detector: BL_W190_T1.6_D2
Best Detection: 84 mmHg (confidence: 0.740)
Top 10 readings:
  Rank  Pressure    Confidence  
  ------------------------------
  1     84          0.740
  2     81          0.660
  3     79          0.580
  4     77          0.500
  5     75          0.420
  6     73          0.340
  7     105         0.260
  8     71          0.260
  9     102         0.126
  10    98          0.126

Detector: BL_W190_T1.6_D4
Best Detection: 84 mmHg (confidence: 0.740)
Top 10 readings:
  Rank  Pressure    Confidence  
  ------------------------------
  1     84          0.740
  2     81          0.660
  3     79          0.580
  4     77          0.500
  5     75          0.420
  6     73          0.340
  7     105         0.260
  8     71          0.260
  9     102         0.126
  10    98          0.126

Detector: BL_W190_T1.6_D6
Best Detection: 84 mmHg (confidence: 0.740)
Top 10 readings:
  Rank  Pressure    Confidence  
  ------------------------------
  1     84          0.740
  2     81          0.660
  3     79          0.580
  4     77          0.500
  5     75          0.420
  6     73          0.340
  7     105         0.260
  8     71          0.260
  9     102         0.126
  10    98          0.126

Detector: BL_W190_T1.6_D8
Best Detection: 84 mmHg (confidence: 0.740)
Top 10 readings:
  Rank  Pressure    Confidence  
  ------------------------------
  1     84          0.740
  2     81          0.660
  3     79          0.580
  4     77          0.500
  5     75          0.420
  6     73          0.340
  7     105         0.260
  8     71          0.260
  9     102         0.126
  10    98          0.126

Detector: BL_W190_T1.6_D10
Best Detection: 84 mmHg (confidence: 0.740)
Top 10 readings:
  Rank  Pressure    Confidence  
  ------------------------------
  1     84          0.740
  2     81          0.660
  3     79          0.580
  4     77          0.500
  5     75          0.420
  6     73          0.340
  7     105         0.260
  8     71          0.260
  9     102         0.126
  10    98          0.126

Detector: BL_W190_T1.6_D15
Best Detection: 84 mmHg (confidence: 0.740)
Top 10 readings:
  Rank  Pressure    Confidence  
  ------------------------------
  1     84          0.740
  2     81          0.660
  3     79          0.580
  4     77          0.500
  5     75          0.420
  6     73          0.340
  7     105         0.260
  8     71          0.260
  9     102         0.126
  10    98          0.126

Detector: BL_W190_T1.6_D20
Best Detection: 84 mmHg (confidence: 0.740)
Top 10 readings:
  Rank  Pressure    Confidence  
  ------------------------------
  1     84          0.740
  2     81          0.660
  3     79          0.580
  4     77          0.500
  5     75          0.420
  6     73          0.340
  7     71          0.260
  8     102         0.126
  9     98          0.126
  10    92          0.126

Detector: BL_W190_T1.6_D25
Best Detection: 84 mmHg (confidence: 0.740)
Top 10 readings:
  Rank  Pressure    Confidence  
  ------------------------------
  1     84          0.740
  2     81          0.660
  3     79          0.580
  4     77          0.500
  5     75          0.420
  6     73          0.340
  7     71          0.260
  8     102         0.126
  9     98          0.126
  10    92          0.126

Detector: BL_W190_T1.6_D30
Best Detection: 84 mmHg (confidence: 0.740)
Top 10 readings:
  Rank  Pressure    Confidence  
  ------------------------------
  1     84          0.740
  2     81          0.660
  3     79          0.580
  4     77          0.500
  5     75          0.420
  6     73          0.340
  7     71          0.260
  8     102         0.126
  9     98          0.126
  10    92          0.126

Detector: BL_W190_T1.6_D40
Best Detection: 84 mmHg (confidence: 0.740)
Top 10 readings:
  Rank  Pressure    Confidence  
  ------------------------------
  1     84          0.740
  2     81          0.660
  3     79          0.580
  4     77          0.500
  5     75          0.420
  6     73          0.340
  7     71          0.260
  8     102         0.126
  9     98          0.126
  10    92          0.126

Detector: BL_W190_T1.8_D2
Best Detection: 105 mmHg (confidence: 0.260)
Top 10 readings:
  Rank  Pressure    Confidence  
  ------------------------------
  1     105         0.260
  2     83          0.260
  3     71          0.260
  4     102         0.126
  5     98          0.126
  6     92          0.126
  7     81          0.126
  8     69          0.126
  9     66          0.050
  10    98          0.010

Detector: BL_W190_T1.8_D4
Best Detection: 105 mmHg (confidence: 0.260)
Top 10 readings:
  Rank  Pressure    Confidence  
  ------------------------------
  1     105         0.260
  2     83          0.260
  3     71          0.260
  4     102         0.126
  5     98          0.126
  6     92          0.126
  7     81          0.126
  8     69          0.126
  9     66          0.050
  10    98          0.010

Detector: BL_W190_T1.8_D6
Best Detection: 105 mmHg (confidence: 0.260)
Top 10 readings:
  Rank  Pressure    Confidence  
  ------------------------------
  1     105         0.260
  2     83          0.260
  3     71          0.260
  4     102         0.126
  5     98          0.126
  6     92          0.126
  7     81          0.126
  8     69          0.126
  9     66          0.050
  10    98          0.010

Detector: BL_W190_T1.8_D8
Best Detection: 105 mmHg (confidence: 0.260)
Top 10 readings:
  Rank  Pressure    Confidence  
  ------------------------------
  1     105         0.260
  2     83          0.260
  3     71          0.260
  4     102         0.126
  5     98          0.126
  6     92          0.126
  7     81          0.126
  8     69          0.126
  9     66          0.050
  10    98          0.010

Detector: BL_W190_T1.8_D10
Best Detection: 105 mmHg (confidence: 0.260)
Top 10 readings:
  Rank  Pressure    Confidence  
  ------------------------------
  1     105         0.260
  2     83          0.260
  3     71          0.260
  4     102         0.126
  5     98          0.126
  6     92          0.126
  7     81          0.126
  8     69          0.126
  9     66          0.050
  10    98          0.010

Detector: BL_W190_T1.8_D15
Best Detection: 105 mmHg (confidence: 0.260)
Top 10 readings:
  Rank  Pressure    Confidence  
  ------------------------------
  1     105         0.260
  2     83          0.260
  3     71          0.260
  4     102         0.126
  5     98          0.126
  6     92          0.126
  7     81          0.126
  8     69          0.126
  9     66          0.050
  10    98          0.010

Detector: BL_W190_T1.8_D20
Best Detection: 83 mmHg (confidence: 0.260)
Top 10 readings:
  Rank  Pressure    Confidence  
  ------------------------------
  1     83          0.260
  2     71          0.260
  3     102         0.126
  4     98          0.126
  5     92          0.126
  6     81          0.126
  7     69          0.126
  8     66          0.050
  9     98          0.010
  10    89          0.010

Detector: BL_W190_T1.8_D25
Best Detection: 83 mmHg (confidence: 0.260)
Top 10 readings:
  Rank  Pressure    Confidence  
  ------------------------------
  1     83          0.260
  2     71          0.260
  3     102         0.126
  4     98          0.126
  5     92          0.126
  6     81          0.126
  7     69          0.126
  8     66          0.050
  9     98          0.010
  10    89          0.010

Detector: BL_W190_T1.8_D30
Best Detection: 83 mmHg (confidence: 0.260)
Top 10 readings:
  Rank  Pressure    Confidence  
  ------------------------------
  1     83          0.260
  2     71          0.260
  3     102         0.126
  4     98          0.126
  5     92          0.126
  6     81          0.126
  7     69          0.126
  8     66          0.050
  9     98          0.010
  10    89          0.010

Detector: BL_W190_T1.8_D40
Best Detection: 83 mmHg (confidence: 0.260)
Top 10 readings:
  Rank  Pressure    Confidence  
  ------------------------------
  1     83          0.260
  2     71          0.260
  3     102         0.126
  4     98          0.126
  5     92          0.126
  6     81          0.126
  7     69          0.126
  8     66          0.050
  9     98          0.010
  10    89          0.010

Detector: BL_W190_T2.0_D2
Best Detection: 105 mmHg (confidence: 0.260)
Top 10 readings:
  Rank  Pressure    Confidence  
  ------------------------------
  1     105         0.260
  2     71          0.260
  3     102         0.126
  4     98          0.126
  5     92          0.126
  6     68          0.126
  7     66          0.050
  8     98          0.010
  9     89          0.010

Detector: BL_W190_T2.0_D4
Best Detection: 105 mmHg (confidence: 0.260)
Top 10 readings:
  Rank  Pressure    Confidence  
  ------------------------------
  1     105         0.260
  2     71          0.260
  3     102         0.126
  4     98          0.126
  5     92          0.126
  6     68          0.126
  7     66          0.050
  8     98          0.010
  9     89          0.010

Detector: BL_W190_T2.0_D6
Best Detection: 105 mmHg (confidence: 0.260)
Top 10 readings:
  Rank  Pressure    Confidence  
  ------------------------------
  1     105         0.260
  2     71          0.260
  3     102         0.126
  4     98          0.126
  5     92          0.126
  6     68          0.126
  7     66          0.050
  8     98          0.010
  9     89          0.010

Detector: BL_W190_T2.0_D8
Best Detection: 105 mmHg (confidence: 0.260)
Top 10 readings:
  Rank  Pressure    Confidence  
  ------------------------------
  1     105         0.260
  2     71          0.260
  3     102         0.126
  4     98          0.126
  5     92          0.126
  6     68          0.126
  7     66          0.050
  8     98          0.010
  9     89          0.010

Detector: BL_W190_T2.0_D10
Best Detection: 105 mmHg (confidence: 0.260)
Top 10 readings:
  Rank  Pressure    Confidence  
  ------------------------------
  1     105         0.260
  2     71          0.260
  3     102         0.126
  4     98          0.126
  5     92          0.126
  6     68          0.126
  7     66          0.050
  8     98          0.010
  9     89          0.010

Detector: BL_W190_T2.0_D15
Best Detection: 105 mmHg (confidence: 0.260)
Top 10 readings:
  Rank  Pressure    Confidence  
  ------------------------------
  1     105         0.260
  2     71          0.260
  3     102         0.126
  4     98          0.126
  5     92          0.126
  6     68          0.126
  7     66          0.050
  8     98          0.010
  9     89          0.010

Detector: BL_W190_T2.0_D20
Best Detection: 71 mmHg (confidence: 0.260)
Top 10 readings:
  Rank  Pressure    Confidence  
  ------------------------------
  1     71          0.260
  2     102         0.126
  3     98          0.126
  4     92          0.126
  5     68          0.126
  6     66          0.050
  7     98          0.010
  8     89          0.010

Detector: BL_W190_T2.0_D25
Best Detection: 71 mmHg (confidence: 0.260)
Top 10 readings:
  Rank  Pressure    Confidence  
  ------------------------------
  1     71          0.260
  2     102         0.126
  3     98          0.126
  4     92          0.126
  5     68          0.126
  6     66          0.050
  7     98          0.010
  8     89          0.010

Detector: BL_W190_T2.0_D30
Best Detection: 71 mmHg (confidence: 0.260)
Top 10 readings:
  Rank  Pressure    Confidence  
  ------------------------------
  1     71          0.260
  2     102         0.126
  3     98          0.126
  4     92          0.126
  5     68          0.126
  6     66          0.050
  7     98          0.010
  8     89          0.010

Detector: BL_W190_T2.0_D40
Best Detection: 71 mmHg (confidence: 0.260)
Top 10 readings:
  Rank  Pressure    Confidence  
  ------------------------------
  1     71          0.260
  2     102         0.126
  3     98          0.126
  4     92          0.126
  5     68          0.126
  6     66          0.050
  7     98          0.010
  8     89          0.010

Detector: BL_W190_T2.2_D2
Best Detection: 102 mmHg (confidence: 0.126)
Top 10 readings:
  Rank  Pressure    Confidence  
  ------------------------------
  1     102         0.126
  2     98          0.126
  3     92          0.126
  4     66          0.050
  5     98          0.010
  6     89          0.010

Detector: BL_W190_T2.2_D4
Best Detection: 102 mmHg (confidence: 0.126)
Top 10 readings:
  Rank  Pressure    Confidence  
  ------------------------------
  1     102         0.126
  2     98          0.126
  3     92          0.126
  4     66          0.050
  5     98          0.010
  6     89          0.010

Detector: BL_W190_T2.2_D6
Best Detection: 102 mmHg (confidence: 0.126)
Top 10 readings:
  Rank  Pressure    Confidence  
  ------------------------------
  1     102         0.126
  2     98          0.126
  3     92          0.126
  4     66          0.050
  5     98          0.010
  6     89          0.010

Detector: BL_W190_T2.2_D8
Best Detection: 102 mmHg (confidence: 0.126)
Top 10 readings:
  Rank  Pressure    Confidence  
  ------------------------------
  1     102         0.126
  2     98          0.126
  3     92          0.126
  4     66          0.050
  5     98          0.010
  6     89          0.010

Detector: BL_W190_T2.2_D10
Best Detection: 105 mmHg (confidence: 0.260)
Top 10 readings:
  Rank  Pressure    Confidence  
  ------------------------------
  1     105         0.260
  2     102         0.126
  3     98          0.126
  4     92          0.126
  5     66          0.050
  6     98          0.010
  7     89          0.010

Detector: BL_W190_T2.2_D15
Best Detection: 105 mmHg (confidence: 0.260)
Top 10 readings:
  Rank  Pressure    Confidence  
  ------------------------------
  1     105         0.260
  2     102         0.126
  3     98          0.126
  4     92          0.126
  5     66          0.050
  6     98          0.010
  7     89          0.010

Detector: BL_W190_T2.2_D20
Best Detection: 102 mmHg (confidence: 0.126)
Top 10 readings:
  Rank  Pressure    Confidence  
  ------------------------------
  1     102         0.126
  2     98          0.126
  3     92          0.126
  4     66          0.050
  5     98          0.010
  6     89          0.010

Detector: BL_W190_T2.2_D25
Best Detection: 102 mmHg (confidence: 0.126)
Top 10 readings:
  Rank  Pressure    Confidence  
  ------------------------------
  1     102         0.126
  2     98          0.126
  3     92          0.126
  4     66          0.050
  5     98          0.010
  6     89          0.010

Detector: BL_W190_T2.2_D30
Best Detection: 102 mmHg (confidence: 0.126)
Top 10 readings:
  Rank  Pressure    Confidence  
  ------------------------------
  1     102         0.126
  2     98          0.126
  3     92          0.126
  4     66          0.050
  5     98          0.010
  6     89          0.010

Detector: BL_W190_T2.2_D40
Best Detection: 102 mmHg (confidence: 0.126)
Top 10 readings:
  Rank  Pressure    Confidence  
  ------------------------------
  1     102         0.126
  2     98          0.126
  3     92          0.126
  4     66          0.050
  5     98          0.010
  6     89          0.010

Detector: BL_W190_T2.4_D2
Best Detection: 102 mmHg (confidence: 0.126)
Top 10 readings:
  Rank  Pressure    Confidence  
  ------------------------------
  1     102         0.126
  2     98          0.126
  3     98          0.050

Detector: BL_W190_T2.4_D4
Best Detection: 102 mmHg (confidence: 0.126)
Top 10 readings:
  Rank  Pressure    Confidence  
  ------------------------------
  1     102         0.126
  2     98          0.126
  3     98          0.050

Detector: BL_W190_T2.4_D6
Best Detection: 102 mmHg (confidence: 0.126)
Top 10 readings:
  Rank  Pressure    Confidence  
  ------------------------------
  1     102         0.126
  2     98          0.126
  3     98          0.050

Detector: BL_W190_T2.4_D8
Best Detection: 102 mmHg (confidence: 0.126)
Top 10 readings:
  Rank  Pressure    Confidence  
  ------------------------------
  1     102         0.126
  2     98          0.126
  3     98          0.050

Detector: BL_W190_T2.4_D10
Best Detection: 105 mmHg (confidence: 0.260)
Top 10 readings:
  Rank  Pressure    Confidence  
  ------------------------------
  1     105         0.260
  2     102         0.126
  3     98          0.126
  4     98          0.050

Detector: BL_W190_T2.4_D15
Best Detection: 105 mmHg (confidence: 0.260)
Top 10 readings:
  Rank  Pressure    Confidence  
  ------------------------------
  1     105         0.260
  2     102         0.126
  3     98          0.126
  4     98          0.050

Detector: BL_W190_T2.4_D20
Best Detection: 102 mmHg (confidence: 0.126)
Top 10 readings:
  Rank  Pressure    Confidence  
  ------------------------------
  1     102         0.126
  2     98          0.126
  3     98          0.050

Detector: BL_W190_T2.4_D25
Best Detection: 102 mmHg (confidence: 0.126)
Top 10 readings:
  Rank  Pressure    Confidence  
  ------------------------------
  1     102         0.126
  2     98          0.126
  3     98          0.050

Detector: BL_W190_T2.4_D30
Best Detection: 102 mmHg (confidence: 0.126)
Top 10 readings:
  Rank  Pressure    Confidence  
  ------------------------------
  1     102         0.126
  2     98          0.126
  3     98          0.050

Detector: BL_W190_T2.4_D40
Best Detection: 102 mmHg (confidence: 0.126)
Top 10 readings:
  Rank  Pressure    Confidence  
  ------------------------------
  1     102         0.126
  2     98          0.126
  3     98          0.050

Detector: BL_W190_T2.6_D2
Best Detection: 102 mmHg (confidence: 0.126)
Top 10 readings:
  Rank  Pressure    Confidence  
  ------------------------------
  1     102         0.126
  2     98          0.126
  3     98          0.050

Detector: BL_W190_T2.6_D4
Best Detection: 102 mmHg (confidence: 0.126)
Top 10 readings:
  Rank  Pressure    Confidence  
  ------------------------------
  1     102         0.126
  2     98          0.126
  3     98          0.050

Detector: BL_W190_T2.6_D6
Best Detection: 102 mmHg (confidence: 0.126)
Top 10 readings:
  Rank  Pressure    Confidence  
  ------------------------------
  1     102         0.126
  2     98          0.126
  3     98          0.050

Detector: BL_W190_T2.6_D8
Best Detection: 102 mmHg (confidence: 0.126)
Top 10 readings:
  Rank  Pressure    Confidence  
  ------------------------------
  1     102         0.126
  2     98          0.126
  3     98          0.050

Detector: BL_W190_T2.6_D10
Best Detection: 105 mmHg (confidence: 0.260)
Top 10 readings:
  Rank  Pressure    Confidence  
  ------------------------------
  1     105         0.260
  2     102         0.126
  3     98          0.126
  4     98          0.050

Detector: BL_W190_T2.6_D15
Best Detection: 105 mmHg (confidence: 0.260)
Top 10 readings:
  Rank  Pressure    Confidence  
  ------------------------------
  1     105         0.260
  2     102         0.126
  3     98          0.126
  4     98          0.050

Detector: BL_W190_T2.6_D20
Best Detection: 102 mmHg (confidence: 0.126)
Top 10 readings:
  Rank  Pressure    Confidence  
  ------------------------------
  1     102         0.126
  2     98          0.126
  3     98          0.050

Detector: BL_W190_T2.6_D25
Best Detection: 102 mmHg (confidence: 0.126)
Top 10 readings:
  Rank  Pressure    Confidence  
  ------------------------------
  1     102         0.126
  2     98          0.126
  3     98          0.050

Detector: BL_W190_T2.6_D30
Best Detection: 102 mmHg (confidence: 0.126)
Top 10 readings:
  Rank  Pressure    Confidence  
  ------------------------------
  1     102         0.126
  2     98          0.126
  3     98          0.050

Detector: BL_W190_T2.6_D40
Best Detection: 102 mmHg (confidence: 0.126)
Top 10 readings:
  Rank  Pressure    Confidence  
  ------------------------------
  1     102         0.126
  2     98          0.126
  3     98          0.050

Detector: BL_W190_T2.8_D2
Best Detection: 102 mmHg (confidence: 0.126)
Top 10 readings:
  Rank  Pressure    Confidence  
  ------------------------------
  1     102         0.126
  2     98          0.126
  3     97          0.050

Detector: BL_W190_T2.8_D4
Best Detection: 102 mmHg (confidence: 0.126)
Top 10 readings:
  Rank  Pressure    Confidence  
  ------------------------------
  1     102         0.126
  2     98          0.126
  3     97          0.050

Detector: BL_W190_T2.8_D6
Best Detection: 102 mmHg (confidence: 0.126)
Top 10 readings:
  Rank  Pressure    Confidence  
  ------------------------------
  1     102         0.126
  2     98          0.126
  3     97          0.050

Detector: BL_W190_T2.8_D8
Best Detection: 102 mmHg (confidence: 0.126)
Top 10 readings:
  Rank  Pressure    Confidence  
  ------------------------------
  1     102         0.126
  2     98          0.126
  3     97          0.050

Detector: BL_W190_T2.8_D10
Best Detection: 105 mmHg (confidence: 0.260)
Top 10 readings:
  Rank  Pressure    Confidence  
  ------------------------------
  1     105         0.260
  2     102         0.126
  3     98          0.126
  4     97          0.050

Detector: BL_W190_T2.8_D15
Best Detection: 105 mmHg (confidence: 0.260)
Top 10 readings:
  Rank  Pressure    Confidence  
  ------------------------------
  1     105         0.260
  2     102         0.126
  3     98          0.126
  4     97          0.050

Detector: BL_W190_T2.8_D20
Best Detection: 102 mmHg (confidence: 0.126)
Top 10 readings:
  Rank  Pressure    Confidence  
  ------------------------------
  1     102         0.126
  2     98          0.126
  3     97          0.050

Detector: BL_W190_T2.8_D25
Best Detection: 102 mmHg (confidence: 0.126)
Top 10 readings:
  Rank  Pressure    Confidence  
  ------------------------------
  1     102         0.126
  2     98          0.126
  3     97          0.050

Detector: BL_W190_T2.8_D30
Best Detection: 102 mmHg (confidence: 0.126)
Top 10 readings:
  Rank  Pressure    Confidence  
  ------------------------------
  1     102         0.126
  2     98          0.126
  3     97          0.050

Detector: BL_W190_T2.8_D40
Best Detection: 102 mmHg (confidence: 0.126)
Top 10 readings:
  Rank  Pressure    Confidence  
  ------------------------------
  1     102         0.126
  2     98          0.126
  3     97          0.050

Detector: BL_W190_T3.0_D2
Best Detection: 98 mmHg (confidence: 0.050)
Top 10 readings:
  Rank  Pressure    Confidence  
  ------------------------------
  1     98          0.050
  2     102         0.010

Detector: BL_W190_T3.0_D4
Best Detection: 98 mmHg (confidence: 0.050)
Top 10 readings:
  Rank  Pressure    Confidence  
  ------------------------------
  1     98          0.050
  2     102         0.010

Detector: BL_W190_T3.0_D6
Best Detection: 98 mmHg (confidence: 0.050)
Top 10 readings:
  Rank  Pressure    Confidence  
  ------------------------------
  1     98          0.050
  2     102         0.010

Detector: BL_W190_T3.0_D8
Best Detection: 98 mmHg (confidence: 0.050)
Top 10 readings:
  Rank  Pressure    Confidence  
  ------------------------------
  1     98          0.050
  2     102         0.010

Detector: BL_W190_T3.0_D10
Best Detection: 105 mmHg (confidence: 0.126)
Top 10 readings:
  Rank  Pressure    Confidence  
  ------------------------------
  1     105         0.126
  2     98          0.050
  3     102         0.010

Detector: BL_W190_T3.0_D15
Best Detection: 105 mmHg (confidence: 0.126)
Top 10 readings:
  Rank  Pressure    Confidence  
  ------------------------------
  1     105         0.126
  2     98          0.050
  3     102         0.010

Detector: BL_W190_T3.0_D20
Best Detection: 98 mmHg (confidence: 0.050)
Top 10 readings:
  Rank  Pressure    Confidence  
  ------------------------------
  1     98          0.050
  2     102         0.010

Detector: BL_W190_T3.0_D25
Best Detection: 98 mmHg (confidence: 0.050)
Top 10 readings:
  Rank  Pressure    Confidence  
  ------------------------------
  1     98          0.050
  2     102         0.010

Detector: BL_W190_T3.0_D30
Best Detection: 98 mmHg (confidence: 0.050)
Top 10 readings:
  Rank  Pressure    Confidence  
  ------------------------------
  1     98          0.050
  2     102         0.010

Detector: BL_W190_T3.0_D40
Best Detection: 98 mmHg (confidence: 0.050)
Top 10 readings:
  Rank  Pressure    Confidence  
  ------------------------------
  1     98          0.050
  2     102         0.010

Detector: BL_W200_T1.2_D2
Best Detection: 92 mmHg (confidence: 0.980)
Top 10 readings:
  Rank  Pressure    Confidence  
  ------------------------------
  1     92          0.980
  2     90          0.900
  3     86          0.820
  4     84          0.740
  5     82          0.660
  6     79          0.580
  7     77          0.500
  8     75          0.420
  9     73          0.340
  10    71          0.260

Detector: BL_W200_T1.2_D4
Best Detection: 92 mmHg (confidence: 0.980)
Top 10 readings:
  Rank  Pressure    Confidence  
  ------------------------------
  1     92          0.980
  2     90          0.900
  3     86          0.820
  4     84          0.740
  5     82          0.660
  6     79          0.580
  7     77          0.500
  8     75          0.420
  9     73          0.340
  10    71          0.260

Detector: BL_W200_T1.2_D6
Best Detection: 92 mmHg (confidence: 0.980)
Top 10 readings:
  Rank  Pressure    Confidence  
  ------------------------------
  1     92          0.980
  2     90          0.900
  3     86          0.820
  4     84          0.740
  5     82          0.660
  6     79          0.580
  7     77          0.500
  8     75          0.420
  9     73          0.340
  10    71          0.260

Detector: BL_W200_T1.2_D8
Best Detection: 92 mmHg (confidence: 0.980)
Top 10 readings:
  Rank  Pressure    Confidence  
  ------------------------------
  1     92          0.980
  2     90          0.900
  3     86          0.820
  4     84          0.740
  5     82          0.660
  6     79          0.580
  7     77          0.500
  8     75          0.420
  9     73          0.340
  10    71          0.260

Detector: BL_W200_T1.2_D10
Best Detection: 92 mmHg (confidence: 0.980)
Top 10 readings:
  Rank  Pressure    Confidence  
  ------------------------------
  1     92          0.980
  2     90          0.900
  3     86          0.820
  4     84          0.740
  5     82          0.660
  6     79          0.580
  7     77          0.500
  8     75          0.420
  9     73          0.340
  10    71          0.260

Detector: BL_W200_T1.2_D15
Best Detection: 92 mmHg (confidence: 0.980)
Top 10 readings:
  Rank  Pressure    Confidence  
  ------------------------------
  1     92          0.980
  2     90          0.900
  3     86          0.820
  4     84          0.740
  5     82          0.660
  6     79          0.580
  7     77          0.500
  8     75          0.420
  9     73          0.340
  10    71          0.260

Detector: BL_W200_T1.2_D20
Best Detection: 92 mmHg (confidence: 0.980)
Top 10 readings:
  Rank  Pressure    Confidence  
  ------------------------------
  1     92          0.980
  2     90          0.900
  3     86          0.820
  4     84          0.740
  5     82          0.660
  6     79          0.580
  7     77          0.500
  8     75          0.420
  9     73          0.340
  10    71          0.260

Detector: BL_W200_T1.2_D25
Best Detection: 92 mmHg (confidence: 0.980)
Top 10 readings:
  Rank  Pressure    Confidence  
  ------------------------------
  1     92          0.980
  2     90          0.900
  3     86          0.820
  4     84          0.740
  5     82          0.660
  6     79          0.580
  7     77          0.500
  8     75          0.420
  9     73          0.340
  10    71          0.260

Detector: BL_W200_T1.2_D30
Best Detection: 92 mmHg (confidence: 0.980)
Top 10 readings:
  Rank  Pressure    Confidence  
  ------------------------------
  1     92          0.980
  2     90          0.900
  3     86          0.820
  4     84          0.740
  5     82          0.660
  6     79          0.580
  7     77          0.500
  8     75          0.420
  9     73          0.340
  10    71          0.260

Detector: BL_W200_T1.2_D40
Best Detection: 92 mmHg (confidence: 0.980)
Top 10 readings:
  Rank  Pressure    Confidence  
  ------------------------------
  1     92          0.980
  2     90          0.900
  3     86          0.820
  4     84          0.740
  5     82          0.660
  6     79          0.580
  7     77          0.500
  8     75          0.420
  9     73          0.340
  10    71          0.260

Detector: BL_W200_T1.4_D2
Best Detection: 84 mmHg (confidence: 0.740)
Top 10 readings:
  Rank  Pressure    Confidence  
  ------------------------------
  1     84          0.740
  2     82          0.660
  3     79          0.580
  4     77          0.500
  5     75          0.420
  6     73          0.340
  7     71          0.260
  8     102         0.126
  9     98          0.126
  10    92          0.126

Detector: BL_W200_T1.4_D4
Best Detection: 84 mmHg (confidence: 0.740)
Top 10 readings:
  Rank  Pressure    Confidence  
  ------------------------------
  1     84          0.740
  2     82          0.660
  3     79          0.580
  4     77          0.500
  5     75          0.420
  6     73          0.340
  7     71          0.260
  8     102         0.126
  9     98          0.126
  10    92          0.126

Detector: BL_W200_T1.4_D6
Best Detection: 84 mmHg (confidence: 0.740)
Top 10 readings:
  Rank  Pressure    Confidence  
  ------------------------------
  1     84          0.740
  2     82          0.660
  3     79          0.580
  4     77          0.500
  5     75          0.420
  6     73          0.340
  7     71          0.260
  8     102         0.126
  9     98          0.126
  10    92          0.126

Detector: BL_W200_T1.4_D8
Best Detection: 84 mmHg (confidence: 0.740)
Top 10 readings:
  Rank  Pressure    Confidence  
  ------------------------------
  1     84          0.740
  2     82          0.660
  3     79          0.580
  4     77          0.500
  5     75          0.420
  6     73          0.340
  7     71          0.260
  8     102         0.126
  9     98          0.126
  10    92          0.126

Detector: BL_W200_T1.4_D10
Best Detection: 84 mmHg (confidence: 0.740)
Top 10 readings:
  Rank  Pressure    Confidence  
  ------------------------------
  1     84          0.740
  2     82          0.660
  3     79          0.580
  4     77          0.500
  5     75          0.420
  6     73          0.340
  7     71          0.260
  8     103         0.126
  9     99          0.126
  10    92          0.126

Detector: BL_W200_T1.4_D15
Best Detection: 84 mmHg (confidence: 0.740)
Top 10 readings:
  Rank  Pressure    Confidence  
  ------------------------------
  1     84          0.740
  2     82          0.660
  3     79          0.580
  4     77          0.500
  5     75          0.420
  6     73          0.340
  7     71          0.260
  8     102         0.126
  9     98          0.126
  10    92          0.126

Detector: BL_W200_T1.4_D20
Best Detection: 84 mmHg (confidence: 0.740)
Top 10 readings:
  Rank  Pressure    Confidence  
  ------------------------------
  1     84          0.740
  2     82          0.660
  3     79          0.580
  4     77          0.500
  5     75          0.420
  6     73          0.340
  7     71          0.260
  8     102         0.126
  9     98          0.126
  10    92          0.126

Detector: BL_W200_T1.4_D25
Best Detection: 84 mmHg (confidence: 0.740)
Top 10 readings:
  Rank  Pressure    Confidence  
  ------------------------------
  1     84          0.740
  2     82          0.660
  3     79          0.580
  4     77          0.500
  5     75          0.420
  6     73          0.340
  7     71          0.260
  8     102         0.126
  9     98          0.126
  10    92          0.126

Detector: BL_W200_T1.4_D30
Best Detection: 84 mmHg (confidence: 0.740)
Top 10 readings:
  Rank  Pressure    Confidence  
  ------------------------------
  1     84          0.740
  2     82          0.660
  3     79          0.580
  4     77          0.500
  5     75          0.420
  6     73          0.340
  7     71          0.260
  8     102         0.126
  9     98          0.126
  10    92          0.126

Detector: BL_W200_T1.4_D40
Best Detection: 84 mmHg (confidence: 0.740)
Top 10 readings:
  Rank  Pressure    Confidence  
  ------------------------------
  1     84          0.740
  2     82          0.660
  3     79          0.580
  4     77          0.500
  5     75          0.420
  6     73          0.340
  7     71          0.260
  8     102         0.126
  9     98          0.126
  10    92          0.126

Detector: BL_W200_T1.6_D2
Best Detection: 84 mmHg (confidence: 0.740)
Top 10 readings:
  Rank  Pressure    Confidence  
  ------------------------------
  1     84          0.740
  2     81          0.660
  3     79          0.580
  4     77          0.500
  5     75          0.420
  6     73          0.340
  7     71          0.260
  8     102         0.126
  9     98          0.126
  10    92          0.126

Detector: BL_W200_T1.6_D4
Best Detection: 84 mmHg (confidence: 0.740)
Top 10 readings:
  Rank  Pressure    Confidence  
  ------------------------------
  1     84          0.740
  2     81          0.660
  3     79          0.580
  4     77          0.500
  5     75          0.420
  6     73          0.340
  7     71          0.260
  8     102         0.126
  9     98          0.126
  10    92          0.126

Detector: BL_W200_T1.6_D6
Best Detection: 84 mmHg (confidence: 0.740)
Top 10 readings:
  Rank  Pressure    Confidence  
  ------------------------------
  1     84          0.740
  2     81          0.660
  3     79          0.580
  4     77          0.500
  5     75          0.420
  6     73          0.340
  7     71          0.260
  8     102         0.126
  9     98          0.126
  10    92          0.126

Detector: BL_W200_T1.6_D8
Best Detection: 84 mmHg (confidence: 0.740)
Top 10 readings:
  Rank  Pressure    Confidence  
  ------------------------------
  1     84          0.740
  2     81          0.660
  3     79          0.580
  4     77          0.500
  5     75          0.420
  6     73          0.340
  7     71          0.260
  8     102         0.126
  9     98          0.126
  10    92          0.126

Detector: BL_W200_T1.6_D10
Best Detection: 84 mmHg (confidence: 0.740)
Top 10 readings:
  Rank  Pressure    Confidence  
  ------------------------------
  1     84          0.740
  2     81          0.660
  3     79          0.580
  4     77          0.500
  5     75          0.420
  6     73          0.340
  7     71          0.260
  8     103         0.126
  9     99          0.126
  10    92          0.126

Detector: BL_W200_T1.6_D15
Best Detection: 84 mmHg (confidence: 0.740)
Top 10 readings:
  Rank  Pressure    Confidence  
  ------------------------------
  1     84          0.740
  2     81          0.660
  3     79          0.580
  4     77          0.500
  5     75          0.420
  6     73          0.340
  7     71          0.260
  8     102         0.126
  9     98          0.126
  10    92          0.126

Detector: BL_W200_T1.6_D20
Best Detection: 84 mmHg (confidence: 0.740)
Top 10 readings:
  Rank  Pressure    Confidence  
  ------------------------------
  1     84          0.740
  2     81          0.660
  3     79          0.580
  4     77          0.500
  5     75          0.420
  6     73          0.340
  7     71          0.260
  8     102         0.126
  9     98          0.126
  10    92          0.126

Detector: BL_W200_T1.6_D25
Best Detection: 84 mmHg (confidence: 0.740)
Top 10 readings:
  Rank  Pressure    Confidence  
  ------------------------------
  1     84          0.740
  2     81          0.660
  3     79          0.580
  4     77          0.500
  5     75          0.420
  6     73          0.340
  7     71          0.260
  8     102         0.126
  9     98          0.126
  10    92          0.126

Detector: BL_W200_T1.6_D30
Best Detection: 84 mmHg (confidence: 0.740)
Top 10 readings:
  Rank  Pressure    Confidence  
  ------------------------------
  1     84          0.740
  2     81          0.660
  3     79          0.580
  4     77          0.500
  5     75          0.420
  6     73          0.340
  7     71          0.260
  8     102         0.126
  9     98          0.126
  10    92          0.126

Detector: BL_W200_T1.6_D40
Best Detection: 84 mmHg (confidence: 0.740)
Top 10 readings:
  Rank  Pressure    Confidence  
  ------------------------------
  1     84          0.740
  2     81          0.660
  3     79          0.580
  4     77          0.500
  5     75          0.420
  6     73          0.340
  7     71          0.260
  8     102         0.126
  9     98          0.126
  10    92          0.126

Detector: BL_W200_T1.8_D2
Best Detection: 84 mmHg (confidence: 0.260)
Top 10 readings:
  Rank  Pressure    Confidence  
  ------------------------------
  1     84          0.260
  2     71          0.260
  3     102         0.126
  4     98          0.126
  5     92          0.126
  6     81          0.126
  7     69          0.126
  8     66          0.050
  9     98          0.010
  10    89          0.010

Detector: BL_W200_T1.8_D4
Best Detection: 84 mmHg (confidence: 0.260)
Top 10 readings:
  Rank  Pressure    Confidence  
  ------------------------------
  1     84          0.260
  2     71          0.260
  3     102         0.126
  4     98          0.126
  5     92          0.126
  6     81          0.126
  7     69          0.126
  8     66          0.050
  9     98          0.010
  10    89          0.010

Detector: BL_W200_T1.8_D6
Best Detection: 84 mmHg (confidence: 0.260)
Top 10 readings:
  Rank  Pressure    Confidence  
  ------------------------------
  1     84          0.260
  2     71          0.260
  3     102         0.126
  4     98          0.126
  5     92          0.126
  6     81          0.126
  7     69          0.126
  8     66          0.050
  9     98          0.010
  10    89          0.010

Detector: BL_W200_T1.8_D8
Best Detection: 84 mmHg (confidence: 0.260)
Top 10 readings:
  Rank  Pressure    Confidence  
  ------------------------------
  1     84          0.260
  2     71          0.260
  3     102         0.126
  4     98          0.126
  5     92          0.126
  6     81          0.126
  7     69          0.126
  8     66          0.050
  9     98          0.010
  10    89          0.010

Detector: BL_W200_T1.8_D10
Best Detection: 84 mmHg (confidence: 0.260)
Top 10 readings:
  Rank  Pressure    Confidence  
  ------------------------------
  1     84          0.260
  2     71          0.260
  3     103         0.126
  4     99          0.126
  5     92          0.126
  6     81          0.126
  7     69          0.126
  8     66          0.050
  9     98          0.010
  10    89          0.010

Detector: BL_W200_T1.8_D15
Best Detection: 84 mmHg (confidence: 0.260)
Top 10 readings:
  Rank  Pressure    Confidence  
  ------------------------------
  1     84          0.260
  2     71          0.260
  3     102         0.126
  4     98          0.126
  5     92          0.126
  6     81          0.126
  7     69          0.126
  8     66          0.050
  9     98          0.010
  10    89          0.010

Detector: BL_W200_T1.8_D20
Best Detection: 84 mmHg (confidence: 0.260)
Top 10 readings:
  Rank  Pressure    Confidence  
  ------------------------------
  1     84          0.260
  2     71          0.260
  3     102         0.126
  4     98          0.126
  5     92          0.126
  6     81          0.126
  7     69          0.126
  8     66          0.050
  9     98          0.010
  10    89          0.010

Detector: BL_W200_T1.8_D25
Best Detection: 84 mmHg (confidence: 0.260)
Top 10 readings:
  Rank  Pressure    Confidence  
  ------------------------------
  1     84          0.260
  2     71          0.260
  3     102         0.126
  4     98          0.126
  5     92          0.126
  6     81          0.126
  7     69          0.126
  8     66          0.050
  9     98          0.010
  10    89          0.010

Detector: BL_W200_T1.8_D30
Best Detection: 84 mmHg (confidence: 0.260)
Top 10 readings:
  Rank  Pressure    Confidence  
  ------------------------------
  1     84          0.260
  2     71          0.260
  3     102         0.126
  4     98          0.126
  5     92          0.126
  6     81          0.126
  7     69          0.126
  8     66          0.050
  9     98          0.010
  10    89          0.010

Detector: BL_W200_T1.8_D40
Best Detection: 84 mmHg (confidence: 0.260)
Top 10 readings:
  Rank  Pressure    Confidence  
  ------------------------------
  1     84          0.260
  2     71          0.260
  3     102         0.126
  4     98          0.126
  5     92          0.126
  6     81          0.126
  7     69          0.126
  8     66          0.050
  9     98          0.010
  10    89          0.010

Detector: BL_W200_T2.0_D2
Best Detection: 71 mmHg (confidence: 0.260)
Top 10 readings:
  Rank  Pressure    Confidence  
  ------------------------------
  1     71          0.260
  2     102         0.126
  3     98          0.126
  4     92          0.126
  5     68          0.126
  6     66          0.050
  7     98          0.010
  8     89          0.010
  9     83          0.010

Detector: BL_W200_T2.0_D4
Best Detection: 71 mmHg (confidence: 0.260)
Top 10 readings:
  Rank  Pressure    Confidence  
  ------------------------------
  1     71          0.260
  2     102         0.126
  3     98          0.126
  4     92          0.126
  5     68          0.126
  6     66          0.050
  7     98          0.010
  8     89          0.010
  9     83          0.010

Detector: BL_W200_T2.0_D6
Best Detection: 71 mmHg (confidence: 0.260)
Top 10 readings:
  Rank  Pressure    Confidence  
  ------------------------------
  1     71          0.260
  2     102         0.126
  3     98          0.126
  4     92          0.126
  5     68          0.126
  6     66          0.050
  7     98          0.010
  8     89          0.010
  9     83          0.010

Detector: BL_W200_T2.0_D8
Best Detection: 71 mmHg (confidence: 0.260)
Top 10 readings:
  Rank  Pressure    Confidence  
  ------------------------------
  1     71          0.260
  2     102         0.126
  3     98          0.126
  4     92          0.126
  5     68          0.126
  6     66          0.050
  7     98          0.010
  8     89          0.010
  9     83          0.010

Detector: BL_W200_T2.0_D10
Best Detection: 71 mmHg (confidence: 0.260)
Top 10 readings:
  Rank  Pressure    Confidence  
  ------------------------------
  1     71          0.260
  2     103         0.126
  3     99          0.126
  4     92          0.126
  5     68          0.126
  6     66          0.050
  7     98          0.010
  8     89          0.010
  9     83          0.010

Detector: BL_W200_T2.0_D15
Best Detection: 71 mmHg (confidence: 0.260)
Top 10 readings:
  Rank  Pressure    Confidence  
  ------------------------------
  1     71          0.260
  2     102         0.126
  3     98          0.126
  4     92          0.126
  5     68          0.126
  6     66          0.050
  7     98          0.010
  8     89          0.010
  9     83          0.010

Detector: BL_W200_T2.0_D20
Best Detection: 71 mmHg (confidence: 0.260)
Top 10 readings:
  Rank  Pressure    Confidence  
  ------------------------------
  1     71          0.260
  2     102         0.126
  3     98          0.126
  4     92          0.126
  5     68          0.126
  6     66          0.050
  7     98          0.010
  8     89          0.010
  9     83          0.010

Detector: BL_W200_T2.0_D25
Best Detection: 71 mmHg (confidence: 0.260)
Top 10 readings:
  Rank  Pressure    Confidence  
  ------------------------------
  1     71          0.260
  2     102         0.126
  3     98          0.126
  4     92          0.126
  5     68          0.126
  6     66          0.050
  7     98          0.010
  8     89          0.010
  9     83          0.010

Detector: BL_W200_T2.0_D30
Best Detection: 71 mmHg (confidence: 0.260)
Top 10 readings:
  Rank  Pressure    Confidence  
  ------------------------------
  1     71          0.260
  2     102         0.126
  3     98          0.126
  4     92          0.126
  5     68          0.126
  6     66          0.050
  7     98          0.010
  8     89          0.010
  9     83          0.010

Detector: BL_W200_T2.0_D40
Best Detection: 71 mmHg (confidence: 0.260)
Top 10 readings:
  Rank  Pressure    Confidence  
  ------------------------------
  1     71          0.260
  2     102         0.126
  3     98          0.126
  4     92          0.126
  5     68          0.126
  6     66          0.050
  7     98          0.010
  8     89          0.010
  9     83          0.010

Detector: BL_W200_T2.2_D2
Best Detection: 102 mmHg (confidence: 0.126)
Top 10 readings:
  Rank  Pressure    Confidence  
  ------------------------------
  1     102         0.126
  2     98          0.126
  3     92          0.126
  4     66          0.050
  5     98          0.010
  6     89          0.010
  7     71          0.010

Detector: BL_W200_T2.2_D4
Best Detection: 102 mmHg (confidence: 0.126)
Top 10 readings:
  Rank  Pressure    Confidence  
  ------------------------------
  1     102         0.126
  2     98          0.126
  3     92          0.126
  4     66          0.050
  5     98          0.010
  6     89          0.010
  7     71          0.010

Detector: BL_W200_T2.2_D6
Best Detection: 102 mmHg (confidence: 0.126)
Top 10 readings:
  Rank  Pressure    Confidence  
  ------------------------------
  1     102         0.126
  2     98          0.126
  3     92          0.126
  4     66          0.050
  5     98          0.010
  6     89          0.010
  7     71          0.010

Detector: BL_W200_T2.2_D8
Best Detection: 102 mmHg (confidence: 0.126)
Top 10 readings:
  Rank  Pressure    Confidence  
  ------------------------------
  1     102         0.126
  2     98          0.126
  3     92          0.126
  4     66          0.050
  5     98          0.010
  6     89          0.010
  7     71          0.010

Detector: BL_W200_T2.2_D10
Best Detection: 103 mmHg (confidence: 0.126)
Top 10 readings:
  Rank  Pressure    Confidence  
  ------------------------------
  1     103         0.126
  2     99          0.126
  3     92          0.126
  4     66          0.050
  5     98          0.010
  6     89          0.010
  7     71          0.010

Detector: BL_W200_T2.2_D15
Best Detection: 102 mmHg (confidence: 0.126)
Top 10 readings:
  Rank  Pressure    Confidence  
  ------------------------------
  1     102         0.126
  2     98          0.126
  3     92          0.126
  4     66          0.050
  5     98          0.010
  6     89          0.010
  7     71          0.010

Detector: BL_W200_T2.2_D20
Best Detection: 102 mmHg (confidence: 0.126)
Top 10 readings:
  Rank  Pressure    Confidence  
  ------------------------------
  1     102         0.126
  2     98          0.126
  3     92          0.126
  4     66          0.050
  5     98          0.010
  6     89          0.010
  7     71          0.010

Detector: BL_W200_T2.2_D25
Best Detection: 102 mmHg (confidence: 0.126)
Top 10 readings:
  Rank  Pressure    Confidence  
  ------------------------------
  1     102         0.126
  2     98          0.126
  3     92          0.126
  4     66          0.050
  5     98          0.010
  6     89          0.010
  7     71          0.010

Detector: BL_W200_T2.2_D30
Best Detection: 102 mmHg (confidence: 0.126)
Top 10 readings:
  Rank  Pressure    Confidence  
  ------------------------------
  1     102         0.126
  2     98          0.126
  3     92          0.126
  4     66          0.050
  5     98          0.010
  6     89          0.010
  7     71          0.010

Detector: BL_W200_T2.2_D40
Best Detection: 102 mmHg (confidence: 0.126)
Top 10 readings:
  Rank  Pressure    Confidence  
  ------------------------------
  1     102         0.126
  2     98          0.126
  3     92          0.126
  4     66          0.050
  5     98          0.010
  6     89          0.010
  7     71          0.010

Detector: BL_W200_T2.4_D2
Best Detection: 102 mmHg (confidence: 0.126)
Top 10 readings:
  Rank  Pressure    Confidence  
  ------------------------------
  1     102         0.126
  2     98          0.126
  3     98          0.050

Detector: BL_W200_T2.4_D4
Best Detection: 102 mmHg (confidence: 0.126)
Top 10 readings:
  Rank  Pressure    Confidence  
  ------------------------------
  1     102         0.126
  2     98          0.126
  3     98          0.050

Detector: BL_W200_T2.4_D6
Best Detection: 102 mmHg (confidence: 0.126)
Top 10 readings:
  Rank  Pressure    Confidence  
  ------------------------------
  1     102         0.126
  2     98          0.126
  3     98          0.050

Detector: BL_W200_T2.4_D8
Best Detection: 102 mmHg (confidence: 0.126)
Top 10 readings:
  Rank  Pressure    Confidence  
  ------------------------------
  1     102         0.126
  2     98          0.126
  3     98          0.050

Detector: BL_W200_T2.4_D10
Best Detection: 103 mmHg (confidence: 0.126)
Top 10 readings:
  Rank  Pressure    Confidence  
  ------------------------------
  1     103         0.126
  2     99          0.126
  3     98          0.050

Detector: BL_W200_T2.4_D15
Best Detection: 102 mmHg (confidence: 0.126)
Top 10 readings:
  Rank  Pressure    Confidence  
  ------------------------------
  1     102         0.126
  2     98          0.126
  3     98          0.050

Detector: BL_W200_T2.4_D20
Best Detection: 102 mmHg (confidence: 0.126)
Top 10 readings:
  Rank  Pressure    Confidence  
  ------------------------------
  1     102         0.126
  2     98          0.126
  3     98          0.050

Detector: BL_W200_T2.4_D25
Best Detection: 102 mmHg (confidence: 0.126)
Top 10 readings:
  Rank  Pressure    Confidence  
  ------------------------------
  1     102         0.126
  2     98          0.126
  3     98          0.050

Detector: BL_W200_T2.4_D30
Best Detection: 102 mmHg (confidence: 0.126)
Top 10 readings:
  Rank  Pressure    Confidence  
  ------------------------------
  1     102         0.126
  2     98          0.126
  3     98          0.050

Detector: BL_W200_T2.4_D40
Best Detection: 102 mmHg (confidence: 0.126)
Top 10 readings:
  Rank  Pressure    Confidence  
  ------------------------------
  1     102         0.126
  2     98          0.126
  3     98          0.050

Detector: BL_W200_T2.6_D2
Best Detection: 102 mmHg (confidence: 0.126)
Top 10 readings:
  Rank  Pressure    Confidence  
  ------------------------------
  1     102         0.126
  2     98          0.126
  3     98          0.050

Detector: BL_W200_T2.6_D4
Best Detection: 102 mmHg (confidence: 0.126)
Top 10 readings:
  Rank  Pressure    Confidence  
  ------------------------------
  1     102         0.126
  2     98          0.126
  3     98          0.050

Detector: BL_W200_T2.6_D6
Best Detection: 102 mmHg (confidence: 0.126)
Top 10 readings:
  Rank  Pressure    Confidence  
  ------------------------------
  1     102         0.126
  2     98          0.126
  3     98          0.050

Detector: BL_W200_T2.6_D8
Best Detection: 102 mmHg (confidence: 0.126)
Top 10 readings:
  Rank  Pressure    Confidence  
  ------------------------------
  1     102         0.126
  2     98          0.126
  3     98          0.050

Detector: BL_W200_T2.6_D10
Best Detection: 103 mmHg (confidence: 0.126)
Top 10 readings:
  Rank  Pressure    Confidence  
  ------------------------------
  1     103         0.126
  2     99          0.126
  3     98          0.050

Detector: BL_W200_T2.6_D15
Best Detection: 102 mmHg (confidence: 0.126)
Top 10 readings:
  Rank  Pressure    Confidence  
  ------------------------------
  1     102         0.126
  2     98          0.126
  3     98          0.050

Detector: BL_W200_T2.6_D20
Best Detection: 102 mmHg (confidence: 0.126)
Top 10 readings:
  Rank  Pressure    Confidence  
  ------------------------------
  1     102         0.126
  2     98          0.126
  3     98          0.050

Detector: BL_W200_T2.6_D25
Best Detection: 102 mmHg (confidence: 0.126)
Top 10 readings:
  Rank  Pressure    Confidence  
  ------------------------------
  1     102         0.126
  2     98          0.126
  3     98          0.050

Detector: BL_W200_T2.6_D30
Best Detection: 102 mmHg (confidence: 0.126)
Top 10 readings:
  Rank  Pressure    Confidence  
  ------------------------------
  1     102         0.126
  2     98          0.126
  3     98          0.050

Detector: BL_W200_T2.6_D40
Best Detection: 102 mmHg (confidence: 0.126)
Top 10 readings:
  Rank  Pressure    Confidence  
  ------------------------------
  1     102         0.126
  2     98          0.126
  3     98          0.050

Detector: BL_W200_T2.8_D2
Best Detection: 102 mmHg (confidence: 0.126)
Top 10 readings:
  Rank  Pressure    Confidence  
  ------------------------------
  1     102         0.126
  2     98          0.126
  3     97          0.050

Detector: BL_W200_T2.8_D4
Best Detection: 102 mmHg (confidence: 0.126)
Top 10 readings:
  Rank  Pressure    Confidence  
  ------------------------------
  1     102         0.126
  2     98          0.126
  3     97          0.050

Detector: BL_W200_T2.8_D6
Best Detection: 102 mmHg (confidence: 0.126)
Top 10 readings:
  Rank  Pressure    Confidence  
  ------------------------------
  1     102         0.126
  2     98          0.126
  3     97          0.050

Detector: BL_W200_T2.8_D8
Best Detection: 102 mmHg (confidence: 0.126)
Top 10 readings:
  Rank  Pressure    Confidence  
  ------------------------------
  1     102         0.126
  2     98          0.126
  3     97          0.050

Detector: BL_W200_T2.8_D10
Best Detection: 103 mmHg (confidence: 0.126)
Top 10 readings:
  Rank  Pressure    Confidence  
  ------------------------------
  1     103         0.126
  2     99          0.126
  3     97          0.050

Detector: BL_W200_T2.8_D15
Best Detection: 102 mmHg (confidence: 0.126)
Top 10 readings:
  Rank  Pressure    Confidence  
  ------------------------------
  1     102         0.126
  2     98          0.126
  3     97          0.050

Detector: BL_W200_T2.8_D20
Best Detection: 102 mmHg (confidence: 0.126)
Top 10 readings:
  Rank  Pressure    Confidence  
  ------------------------------
  1     102         0.126
  2     98          0.126
  3     97          0.050

Detector: BL_W200_T2.8_D25
Best Detection: 102 mmHg (confidence: 0.126)
Top 10 readings:
  Rank  Pressure    Confidence  
  ------------------------------
  1     102         0.126
  2     98          0.126
  3     97          0.050

Detector: BL_W200_T2.8_D30
Best Detection: 102 mmHg (confidence: 0.126)
Top 10 readings:
  Rank  Pressure    Confidence  
  ------------------------------
  1     102         0.126
  2     98          0.126
  3     97          0.050

Detector: BL_W200_T2.8_D40
Best Detection: 102 mmHg (confidence: 0.126)
Top 10 readings:
  Rank  Pressure    Confidence  
  ------------------------------
  1     102         0.126
  2     98          0.126
  3     97          0.050

Detector: BL_W200_T3.0_D2
Best Detection: 102 mmHg (confidence: 0.126)
Top 10 readings:
  Rank  Pressure    Confidence  
  ------------------------------
  1     102         0.126
  2     98          0.126
  3     97          0.050

Detector: BL_W200_T3.0_D4
Best Detection: 102 mmHg (confidence: 0.126)
Top 10 readings:
  Rank  Pressure    Confidence  
  ------------------------------
  1     102         0.126
  2     98          0.126
  3     97          0.050

Detector: BL_W200_T3.0_D6
Best Detection: 102 mmHg (confidence: 0.126)
Top 10 readings:
  Rank  Pressure    Confidence  
  ------------------------------
  1     102         0.126
  2     98          0.126
  3     97          0.050

Detector: BL_W200_T3.0_D8
Best Detection: 102 mmHg (confidence: 0.126)
Top 10 readings:
  Rank  Pressure    Confidence  
  ------------------------------
  1     102         0.126
  2     98          0.126
  3     97          0.050

Detector: BL_W200_T3.0_D10
Best Detection: 103 mmHg (confidence: 0.126)
Top 10 readings:
  Rank  Pressure    Confidence  
  ------------------------------
  1     103         0.126
  2     99          0.126
  3     97          0.050

Detector: BL_W200_T3.0_D15
Best Detection: 102 mmHg (confidence: 0.126)
Top 10 readings:
  Rank  Pressure    Confidence  
  ------------------------------
  1     102         0.126
  2     98          0.126
  3     97          0.050

Detector: BL_W200_T3.0_D20
Best Detection: 102 mmHg (confidence: 0.126)
Top 10 readings:
  Rank  Pressure    Confidence  
  ------------------------------
  1     102         0.126
  2     98          0.126
  3     97          0.050

Detector: BL_W200_T3.0_D25
Best Detection: 102 mmHg (confidence: 0.126)
Top 10 readings:
  Rank  Pressure    Confidence  
  ------------------------------
  1     102         0.126
  2     98          0.126
  3     97          0.050

Detector: BL_W200_T3.0_D30
Best Detection: 102 mmHg (confidence: 0.126)
Top 10 readings:
  Rank  Pressure    Confidence  
  ------------------------------
  1     102         0.126
  2     98          0.126
  3     97          0.050

Detector: BL_W200_T3.0_D40
Best Detection: 102 mmHg (confidence: 0.126)
Top 10 readings:
  Rank  Pressure    Confidence  
  ------------------------------
  1     102         0.126
  2     98          0.126
  3     97          0.050

