Time,Pressure,PPGSignal,rawPPGSignal
8426,-0.11,1802,115,1
8453,-0.04,1865,474,1
8480,0.38,1968,938,1
8507,0.48,2085,1304,1
8534,0.81,2173,1517,1
8561,0.89,2173,1585,1
8588,0.84,2083,1534,1
8615,1.37,1941,1388,1
8642,1.65,1807,1174,1
8669,1.42,1701,927,1
8696,1.67,1661,682,1
8723,2.09,1698,473,1
8750,2.11,1751,324,1
8777,2.02,1806,234,1
8804,2.42,1845,187,1
8831,2.89,1851,160,1
8858,2.82,1820,133,1
8885,2.61,1789,92,1
8912,3.13,1731,32,1
8939,3.51,1696,-42,1
8966,3.35,1744,-119,1
8993,3.37,2003,-162,1
9020,3.96,2446,-124,1
9047,4.05,2924,27,1
9074,3.72,3280,276,1
9101,3.87,3342,548,1
9128,4.48,3107,736,1
9155,4.48,2757,756,1
9182,4.20,2397,587,1
9209,4.56,2085,279,1
9236,5.08,1897,-89,1
9263,4.87,1872,-431,1
9290,4.54,1977,-674,1
9317,5.01,2122,-783,1
9344,5.42,2235,-771,1
9371,5.10,2253,-689,1
9398,4.96,2200,-593,1
9425,5.63,2091,-533,1
9452,5.73,1965,-529,1
9479,5.37,1875,-573,1
9506,5.59,1797,-644,1
9533,6.25,1733,-719,1
9560,6.18,1699,-780,1
9587,6.02,1714,-815,1
9614,6.42,1751,-815,1
9641,6.96,1797,-781,1
9668,6.69,1815,-721,1
9695,6.44,1823,-651,1
9722,7.04,1824,-585,1
9749,7.29,1797,-530,1
9776,6.82,1776,-492,1
9803,6.81,1743,-469,1
9830,7.47,1717,-458,1
9857,7.49,1774,-447,1
9884,7.01,2047,-406,1
9911,7.35,2541,-286,1
9938,7.84,3070,-51,1
9965,7.51,3461,281,1
9992,7.37,3459,630,1
10019,7.98,3121,866,1
10046,8.40,2704,895,1
10073,7.90,2296,710,1
10100,7.98,1981,379,1
10127,8.65,1810,0,1
10154,8.76,1809,-330,1
10181,8.16,1933,-545,1
10208,8.65,2080,-616,1
10235,9.02,2177,-566,1
10262,8.72,2195,-452,1
10289,8.41,2157,-333,1
10316,9.11,2044,-253,1
10343,9.27,1915,-229,1
10370,8.78,1805,-260,1
10397,8.64,1743,-327,1
10424,9.31,1667,-402,1
10451,9.22,1639,-460,1
10478,8.91,1627,-490,1
10505,9.11,1625,-491,1
10532,9.65,1639,-471,1
10559,9.31,1664,-433,1
10586,9.28,1663,-383,1
10613,9.76,1650,-329,1
10640,10.11,1641,-280,1
10667,9.63,1631,-241,1
10694,9.86,1635,-211,1
10721,10.51,1699,-182,1
10748,10.62,1945,-129,1
10775,10.11,2384,-9,1
10802,10.64,2880,207,1
10829,11.10,3190,506,1
10856,10.66,3191,810,1
10883,10.57,2935,1013,1
10910,11.43,2553,1036,1
10937,11.53,2157,868,1
10964,11.12,1845,562,1
10991,11.51,1679,203,1
11018,12.11,1680,-115,1
11045,11.85,1794,-325,1
11072,11.70,1952,-398,1
11099,12.24,2067,-355,1
11126,12.35,2106,-245,1
11153,11.91,2043,-128,1
11180,12.24,1919,-54,1
11207,12.88,1793,-45,1
11234,12.74,1693,-92,1
11261,12.50,1643,-169,1
11288,13.19,1621,-244,1
11315,13.50,1608,-295,1
11342,13.05,1638,-313,1
11369,13.33,1667,-300,1
11396,13.83,1697,-262,1
11423,13.58,1711,-211,1
11450,13.52,1687,-160,1
11477,14.11,1663,-122,1
11504,14.52,1648,-100,1
11531,13.99,1737,-82,1
11558,14.55,2034,-37,1
11585,14.99,2480,81,1
11612,14.70,2897,295,1
11639,14.55,3105,573,1
11666,15.44,2997,827,1
11693,15.26,2706,958,1
11720,14.94,2354,913,1
11747,15.60,2013,704,1
11774,16.00,1773,395,1
11801,15.41,1674,68,1
11828,15.66,1727,-193,1
11855,16.27,1852,-341,1
11882,16.11,1984,-366,1
11909,15.91,2071,-299,1
11936,16.55,2066,-193,1
11963,16.57,2000,-97,1
11990,16.31,1904,-48,1
12017,16.87,1808,-54,1
12044,17.20,1732,-102,1
12071,16.92,1669,-167,1
12098,17.23,1634,-232,1
12125,17.87,1629,-281,1
12152,17.61,1651,-304,1
12179,17.45,1680,-297,1
12206,18.13,1705,-266,1
12233,18.07,1703,-221,1
12260,17.82,1682,-177,1
12287,18.48,1655,-145,1
12314,18.73,1704,-125,1
12341,18.24,1955,-91,1
12368,18.85,2431,10,1
12395,19.31,2960,222,1
12422,19.02,3337,530,1
12449,19.19,3359,853,1
12476,19.81,3063,1073,1
12503,19.41,2672,1100,1
12530,19.47,2277,924,1
12557,20.28,1969,604,1
12584,20.11,1793,229,1
12611,20.02,1767,-108,1
12638,20.79,1878,-339,1
12665,20.77,2039,-431,1
12692,20.44,2174,-399,1
12719,21.23,2192,-296,1
12746,21.20,2126,-184,1
12773,20.94,2017,-114,1
12800,21.64,1881,-107,1
12827,21.71,1759,-158,1
12854,21.50,1680,-241,1
12881,22.08,1648,-328,1
12908,22.17,1641,-394,1
12935,21.79,1655,-427,1
12962,22.62,1677,-423,1
12989,22.65,1671,-391,1
13016,22.36,1673,-345,1
13043,23.05,1674,-300,1
13070,23.20,1662,-261,1
13097,22.96,1643,-231,1
13124,23.64,1681,-205,1
13151,23.74,1902,-162,1
13178,23.51,2325,-62,1
13205,24.26,2870,136,1
13232,24.26,3282,438,1
13259,23.98,3383,774,1
13286,24.76,3135,1029,1
13313,24.69,2763,1101,1
13340,24.56,2374,965,1
13367,25.26,2006,669,1
13394,25.23,1790,296,1
13421,25.03,1728,-60,1
13448,25.96,1793,-324,1
13475,25.69,1919,-456,1
13502,25.78,2027,-461,1
13529,26.54,2077,-382,1
13556,26.29,2032,-276,1
13583,26.56,1936,-196,1
13610,27.22,1826,-170,1
13637,26.84,1724,-196,1
13664,27.25,1629,-256,1
13691,27.73,1574,-327,1
13718,27.33,1535,-388,1
13745,27.98,1526,-427,1
13772,28.24,1516,-440,1
13799,27.94,1530,-427,1
13826,28.76,1565,-394,1
13853,28.69,1584,-344,1
13880,28.75,1593,-286,1
13907,29.62,1575,-231,1
13934,29.20,1554,-188,1
13961,29.51,1680,-150,1
13988,30.15,2005,-82,1
14015,29.62,2512,62,1
14042,30.37,2961,311,1
14069,30.55,3205,628,1
14096,30.29,3108,917,1
14123,31.12,2783,1071,1
14150,30.82,2398,1029,1
14177,31.10,2028,804,1
14204,31.84,1749,465,1
14231,31.31,1638,105,1
14258,32.26,1664,-189,1
14285,32.19,1786,-364,1
14312,32.16,1926,-408,1
14339,33.01,2015,-348,1
14366,32.61,2005,-240,1
14393,33.19,1947,-138,1
14420,33.64,1841,-82,1
14447,33.12,1735,-83,1
14474,34.21,1646,-129,1
14501,33.83,1569,-199,1
14528,34.15,1523,-271,1
14555,34.77,1508,-327,1
14582,34.28,1509,-356,1
14609,35.22,1503,-356,1
14636,35.07,1520,-335,1
14663,35.25,1531,-300,1
14690,36.00,1527,-258,1
14717,35.52,1535,-217,1
14744,36.39,1664,-172,1
14771,36.18,1994,-92,1
14798,36.34,2439,61,1
14825,37.00,2819,301,1
14852,36.53,2958,584,1
14879,37.49,2833,820,1
14906,37.25,2529,925,1
14933,37.52,2165,857,1
14960,38.06,1821,631,1
14987,37.75,1595,313,1
15014,38.71,1535,-7,1
15041,38.39,1616,-252,1
15068,38.86,1763,-375,1
15095,39.10,1890,-374,1
15122,38.92,1936,-291,1
15149,39.82,1919,-181,1
15176,39.41,1840,-94,1
15203,40.25,1770,-56,1
15230,40.16,1683,-65,1
15257,40.37,1600,-109,1
15284,40.94,1535,-169,1
15311,40.63,1520,-230,1
15338,41.56,1503,-274,1
15365,41.23,1504,-293,1
15392,42.03,1505,-288,1
15419,42.04,1566,-262,1
15446,42.31,1771,-208,1
15473,42.77,2160,-97,1
15500,42.51,2595,97,1
15527,43.32,2894,367,1
15554,42.85,2969,650,1
15581,43.78,2777,853,1
15608,43.55,2448,903,1
15635,44.05,2083,780,1
15662,44.34,1755,518,1
15689,44.30,1583,190,1
15716,44.98,1567,-115,1
15743,44.66,1655,-330,1
15770,45.59,1785,-421,1
15797,45.02,1898,-398,1
15824,46.01,1933,-306,1
15851,45.72,1887,-200,1
15878,46.53,1813,-124,1
15905,46.33,1716,-99,1
15932,46.71,1629,-119,1
15959,47.05,1600,-166,1
15986,47.07,1559,-219,1
16013,47.62,1520,-265,1
16040,47.63,1509,-295,1
16067,48.45,1507,-308,1
16094,48.14,1625,-295,1
16121,49.07,1953,-232,1
16148,48.73,2450,-78,1
16175,49.46,2945,185,1
16202,49.20,3229,523,1
16229,49.83,3170,842,1
16256,49.88,2885,1031,1
16283,50.31,2480,1022,1
16310,50.64,2092,817,1
16337,50.64,1791,480,1
16364,51.27,1663,108,1
16391,51.14,1662,-207,1
16418,52.00,1751,-408,1
16445,51.51,1872,-479,1
16472,52.60,1956,-444,1
16499,52.10,1963,-353,1
16526,53.07,1904,-259,1
16553,52.69,1799,-200,1
16580,53.61,1680,-192,1
16607,53.16,1602,-229,1
16634,54.28,1535,-290,1
16661,53.90,1507,-349,1
16688,54.84,1519,-388,1
16715,54.58,1527,-398,1
16742,55.58,1522,-383,1
16769,55.39,1535,-352,1
16796,56.17,1747,-300,1
16823,56.12,2209,-188,1
16850,56.79,2799,30,1
16877,56.60,3369,371,1
16904,57.38,3666,778,1
16931,57.21,3443,1132,1
16958,57.94,2998,1294,1
16985,57.80,2549,1203,1
17012,58.54,2144,896,1
17039,58.43,1856,475,1
17066,59.26,1706,46,1
17093,59.03,1712,-299,1
17120,59.95,1814,-509,1
17147,59.63,1943,-575,1
17174,60.50,2032,-525,1
17201,60.24,2034,-417,1
17228,61.14,1956,-309,1
17255,60.82,1838,-246,1
17282,61.83,1708,-242,1
17309,61.49,1605,-289,1
17336,62.54,1535,-360,1
17363,62.21,1501,-428,1
17390,63.25,1488,-474,1
17417,62.85,1488,-490,1
17444,63.97,1494,-477,1
17471,63.64,1493,-443,1
17498,64.52,1507,-397,1
17525,64.59,1518,-345,1
17552,65.53,1516,-295,1
17579,65.66,1535,-249,1
17606,66.08,1747,-193,1
17633,66.45,2234,-82,1
17660,66.61,2865,139,1
17687,67.37,3446,487,1
17714,67.11,3699,904,1
17741,68.01,3394,1252,1
17768,67.71,2922,1384,1
17795,68.73,2447,1250,1
17822,68.75,2031,905,1
17849,69.28,1744,457,1
17876,69.70,1630,19,1
17903,69.87,1658,-319,1
17930,70.65,1773,-511,1
17957,70.35,1886,-557,1
17984,71.45,1943,-497,1
18011,71.14,1959,-387,1
18038,72.00,1884,-283,1
18065,72.17,1753,-223,1
18092,72.48,1622,-223,1
18119,73.16,1519,-273,1
18146,73.05,1456,-346,1
18173,73.95,1423,-413,1
18200,73.75,1421,-458,1
18227,74.46,1431,-470,1
18254,74.82,1459,-449,1
18281,74.95,1489,-402,1
18308,75.87,1495,-341,1
18335,75.46,1488,-279,1
18362,76.62,1484,-227,1
18389,76.84,1473,-187,1
18416,77.33,1472,-157,1
18443,77.88,1495,-131,1
18470,77.79,1721,-91,1
18497,78.78,2188,8,1
18524,78.63,2728,216,1
18551,79.05,3063,522,1
18578,79.80,3061,843,1
18605,79.61,2809,1060,1
18632,80.58,2445,1092,1
18659,80.68,2059,930,1
18686,81.06,1744,628,1
18713,81.90,1561,270,1
18740,81.73,1509,-57,1
18767,82.54,1590,-290,1
18794,82.86,1731,-396,1
18821,82.85,1827,-383,1
18848,83.87,1857,-298,1
18875,83.66,1825,-196,1
18902,84.35,1760,-120,1
18929,84.88,1680,-90,1
18956,84.63,1600,-102,1
18983,85.61,1535,-144,1
19010,85.68,1513,-195,1
19037,85.72,1478,-239,1
19064,86.66,1456,-269,1
19091,86.41,1467,-280,1
19118,86.96,1477,-272,1
19145,87.77,1493,-247,1
19172,87.77,1505,-211,1
19199,88.98,1505,-173,1
19226,89.54,1527,-135,1
19253,89.44,1626,-93,1
19280,90.38,1910,-25,1
19307,90.46,2366,106,1
19334,90.44,2775,327,1
19361,91.39,2923,601,1
19388,91.31,2783,836,1
19415,91.53,2476,939,1
19442,92.52,2149,868,1
19469,92.47,1865,650,1
19496,92.92,1679,355,1
19523,93.78,1593,61,1
19550,93.70,1600,-170,1
19577,94.07,1662,-308,1
19604,94.83,1743,-351,1
19631,94.52,1796,-319,1
19658,95.24,1810,-249,1
19685,95.82,1792,-177,1
19712,95.58,1772,-124,1
19739,96.08,1741,-97,1
19766,96.76,1684,-95,1
19793,96.52,1655,-113,1
19820,97.29,1648,-138,1
19847,97.85,1631,-160,1
19874,97.74,1647,-170,1
19901,98.41,1664,-167,1
19928,99.62,1681,-152,1
19955,99.98,1690,-128,1
19982,100.98,1688,-102,1
20009,102.02,1707,-78,1
20036,102.03,1796,-52,1
20063,102.29,2067,0,1
20090,103.03,2446,113,1
20117,102.95,2749,301,1
20144,102.88,2832,522,1
20171,103.59,2695,699,1
20198,103.79,2416,757,1
20225,103.69,2141,671,1
20252,104.41,1935,471,1
20279,104.95,1814,221,1
20306,104.83,1765,-12,1
20333,105.36,1754,-188,1
20360,106.13,1769,-292,1
20387,106.00,1783,-331,1
20414,106.24,1807,-322,1
20441,107.14,1810,-287,1
20468,107.58,1795,-244,1
20495,107.38,1777,-210,1
20522,108.10,1773,-190,1
20549,108.77,1776,-178,1
20576,108.88,1771,-169,1
20603,109.11,1754,-161,1
20630,110.24,1735,-155,1
20657,110.46,1734,-151,1
20684,110.71,1743,-146,1
20711,111.95,1732,-139,1
20738,113.33,1728,-131,1
20765,113.46,1725,-123,1
20792,113.78,1733,-114,1
20819,114.77,1843,-96,1
20846,115.29,2067,-47,1
20873,115.04,2339,53,1
20900,115.32,2519,205,1
20927,115.94,2559,369,1
20954,116.16,2518,494,1
20981,116.03,2406,546,1
21008,116.70,2275,514,1
21035,117.65,2167,416,1
21062,117.83,2097,283,1
21089,117.81,2074,152,1
21116,118.49,2064,45,1
21143,119.22,2067,-24,1
21170,119.41,2064,-61,1
21197,119.38,2032,-78,1
21224,120.14,1989,-90,1
21251,121.00,1951,-106,1
21278,121.09,1923,-128,1
21305,121.24,1909,-151,1
21332,121.96,1883,-170,1
21359,122.81,1859,-186,1
21386,123.05,1846,-198,1
21413,122.99,1808,-208,1
21440,123.69,1775,-218,1
21467,124.53,1749,-227,1
21494,125.28,1749,-232,1
21521,125.61,1735,-232,1
21548,126.35,1725,-226,1
21575,127.35,1735,-217,1
21602,127.89,1718,-203,1
21629,127.76,1734,-187,1
21656,127.85,1727,-168,1
21683,128.32,1727,-150,1
21710,129.05,1730,-133,1
21737,129.28,1744,-115,1
21764,129.44,1745,-94,1
21791,129.73,1731,-75,1
21818,130.79,1711,-62,1
21845,131.46,1698,-56,1
21872,131.67,1679,-56,1
21899,131.74,1647,-59,1
21926,132.52,1635,-65,1
21953,133.45,1629,-71,1
21980,133.78,1634,-72,1
22007,133.79,1629,-67,1
22034,134.12,1616,-60,1
22061,134.91,1590,-55,1
22088,135.82,1563,-53,1
22115,136.11,1581,-52,1
22142,136.27,1581,-48,1
22169,136.55,1572,-41,1
22196,137.21,1562,-32,1
22223,138.05,1535,-26,1
22250,138.44,1523,-23,1
22277,138.64,1530,-20,1
22304,138.94,1533,-15,1
22331,139.88,1520,-9,1
22358,141.03,1515,-2,1
22385,141.54,1525,2,1
22412,141.63,1530,9,1
22439,141.70,1520,18,1
22466,142.18,1511,26,1
22493,142.77,1493,29,1
22520,143.43,1486,29,1
22547,143.91,1499,29,1
22574,144.11,1510,34,1
22601,144.34,1498,41,1
22628,144.81,1500,49,1
22655,145.72,1505,55,1
22682,146.54,1515,60,1
22709,146.98,1523,69,1
22736,147.15,1557,79,1
22763,147.22,1525,88,1
22790,147.74,1491,90,1
22817,148.49,1488,84,1
22844,149.25,1477,72,1
22871,149.61,1485,61,1
22898,149.86,1511,57,1
22925,150.13,1531,62,1
22952,150.48,1535,74,1
22979,151.05,1535,86,1
23006,151.86,1533,94,1
23033,152.56,1527,97,1
23060,153.17,1512,93,1
23087,153.48,1518,87,1
23114,153.87,1517,83,1
23141,154.13,1559,83,1
23168,154.81,1558,87,1
23195,155.51,1573,92,1
23222,156.25,1574,95,1
23249,156.56,1567,96,1
23276,156.82,1535,93,1
23303,156.91,1535,85,1
23330,157.26,1535,71,1
23357,157.84,1535,58,1
23384,158.68,1535,47,1
23411,159.43,1555,41,1
23438,160.04,1581,43,1
23465,160.30,1594,51,1
23492,160.55,1593,61,1
23519,160.81,1599,68,1
23546,161.19,1584,70,1
23573,161.49,1578,65,1
23600,162.26,1567,55,1
23627,162.82,1573,44,1
23654,163.61,1565,33,1
23681,164.08,1568,23,1
23708,164.42,1573,16,1
23735,164.59,1578,14,1
23762,164.87,1584,16,1
23789,165.24,1595,19,1
23816,165.99,1609,23,1
23843,166.36,1629,27,1
23870,167.14,1618,32,1
23897,167.78,1609,33,1
23924,168.38,1600,30,1
23951,168.67,1584,22,1
23978,168.92,1593,12,1
24005,169.13,1606,5,1
24032,169.31,1626,3,1
24059,169.68,1635,7,1
24086,170.18,1649,15,1
24113,170.57,1653,24,1
24140,171.21,1633,29,1
24167,171.85,1629,27,1
24194,172.42,1654,23,1
24221,173.02,1648,19,1
24248,173.62,1633,15,1
24275,174.02,1639,9,1
24302,174.44,1641,3,1
24329,174.67,1633,-2,1
24356,175.01,1626,-7,1
24383,175.42,1639,-11,1
24410,175.69,1653,-13,1
24437,176.06,1653,-11,1
24464,176.63,1646,-7,1
24491,177.17,1654,-5,1
24518,177.90,1629,-6,1
24545,178.57,1641,-11,1
24572,179.28,1645,-17,1
24599,179.74,1647,-20,1
24626,180.38,1648,-19,1
24653,179.38,1647,-16,1
24681,179.44,1658,-14,1
24709,178.99,1646,-12,1
24737,178.70,1642,-14,1
24765,178.35,1653,-17,1
24793,178.13,1657,-18,1
24821,177.93,1659,-17,1
24849,177.61,1654,-15,1
24877,177.32,1673,-11,1
24905,177.14,1680,-6,1
24933,176.91,1664,-1,1
24961,176.67,1667,0,1
24989,176.46,1662,-3,1
25017,176.20,1653,-9,1
25045,176.12,1657,-16,1
25073,175.92,1660,-22,1
25101,175.70,1661,-23,1
25129,175.47,1664,-21,1
25157,175.30,1667,-17,1
25185,175.26,1662,-15,1
25213,175.09,1657,-13,1
25241,174.92,1661,-13,1
25269,175.16,1673,-13,1
25297,175.05,1671,-12,1
25325,174.86,1680,-9,1
25353,174.67,1680,-6,1
25381,174.47,1663,-4,1
25409,174.26,1667,-5,1
25437,174.03,1666,-8,1
25465,173.76,1658,-11,1
25493,173.79,1648,-16,1
25521,173.51,1664,-20,1
25549,173.53,1685,-19,1
25577,173.36,1707,-13,1
25605,173.33,1711,-2,1
25633,173.16,1720,11,1
25661,172.96,1712,23,1
25689,172.76,1695,29,1
25717,172.70,1682,23,1
25745,172.53,1683,11,1
25773,172.37,1703,2,1
25801,172.31,1710,0,1
25829,172.22,1707,2,1
25857,172.16,1701,5,1
25885,171.92,1687,6,1
25913,171.85,1683,3,1
25941,171.81,1699,-1,1
25969,171.72,1710,-4,1
25997,171.68,1703,-3,1
26025,171.83,1712,-1,1
26053,171.83,1703,1,1
26081,171.75,1707,2,1
26109,171.61,1712,2,1
26137,171.45,1709,1,1
26165,171.25,1697,-1,1
26193,171.09,1698,-4,1
26221,170.97,1707,-7,1
26249,170.87,1701,-9,1
26277,170.81,1711,-10,1
26305,170.82,1719,-8,1
26333,170.73,1711,-4,1
26361,170.61,1706,0,1
26389,170.56,1712,0,1
26417,170.47,1711,-1,1
26445,170.29,1709,-4,1
26473,170.10,1709,-6,1
26501,170.04,1711,-8,1
26529,170.06,1727,-8,1
26557,169.93,1727,-6,1
26585,169.77,1737,0,1
26613,169.77,1742,6,1
26641,169.68,1749,12,1
26669,169.50,1747,16,1
26697,169.51,1741,19,1
26725,169.42,1745,18,1
26753,169.57,1744,15,1
26781,169.63,1741,12,1
26809,169.60,1744,7,1
26837,169.40,1744,4,1
26865,169.35,1747,3,1
26893,169.29,1744,2,1
26921,169.11,1741,0,1
26949,169.01,1733,-1,1
26977,168.94,1735,-4,1
27005,168.88,1727,-7,1
27033,168.81,1719,-12,1
27061,168.69,1712,-18,1
27089,168.61,1722,-23,1
27117,168.48,1735,-25,1
27145,168.41,1747,-22,1
27173,168.32,1747,-15,1
27201,168.19,1751,-6,1
27229,168.13,1748,-1,1
27257,168.01,1749,2,1
27285,167.84,1754,5,1
27313,167.81,1759,7,1
27341,167.77,1770,9,1
27369,167.68,1767,12,1
27397,167.59,1770,15,1
27425,167.64,1751,16,1
27453,167.77,1743,14,1
27481,167.76,1735,5,1
27509,167.56,1744,-4,1
27537,167.55,1747,-11,1
27565,167.39,1750,-14,1
27593,167.21,1747,-12,1
27621,167.08,1772,-8,1
27649,166.93,1770,-4,1
27677,166.85,1767,0,1
27705,166.81,1767,4,1
27733,166.75,1767,5,1
27761,166.75,1771,5,1
27789,166.58,1775,5,1
27817,166.49,1772,4,1
27845,166.39,1792,4,1
27873,166.35,1785,6,1
27901,166.20,1777,9,1
27929,166.23,1775,8,1
27957,166.01,1766,4,1
27985,165.98,1762,0,1
28013,165.89,1754,-7,1
28042,165.89,1757,-13,1
28071,165.87,1764,-17,1
28100,165.90,1751,-18,1
28129,165.94,1757,-16,1
28158,165.88,1766,-14,1
28187,165.64,1776,-13,1
28216,165.50,1793,-9,1
28245,165.29,1786,-4,1
28274,165.07,1791,0,1
28303,164.97,1776,1,1
28332,164.97,1781,1,1
28361,164.88,1776,1,1
28390,164.85,1764,0,1
28419,164.74,1776,-2,1
28448,164.73,1799,-3,1
28477,164.62,1808,1,1
28506,164.53,1793,8,1
28535,164.40,1757,10,1
28563,164.30,1744,1,1
28591,164.22,1746,-12,1
28619,164.18,1755,-23,1
28647,164.02,1790,-25,1
28675,164.05,1793,-19,1
28703,164.03,1773,-11,1
28732,164.25,1781,-5,1
28761,164.19,1779,-3,1
28790,164.15,1793,-1,1
28819,163.95,1790,0,1
28848,163.98,1787,2,1
28877,163.71,1773,3,1
28906,163.57,1770,0,1
28935,163.44,1776,-3,1
28964,163.40,1773,-6,1
28993,163.22,1787,-8,1
29022,163.34,1786,-7,1
29051,163.29,1778,-5,1
29080,163.07,1791,-3,1
29109,163.00,1789,0,1
29138,162.90,1781,1,1
29167,162.74,1795,3,1
29196,162.67,1794,6,1
29225,162.61,1786,7,1
29254,162.48,1801,5,1
29283,162.33,1793,4,1
29312,162.32,1785,3,1
29341,162.24,1792,3,1
29370,162.17,1790,3,1
29399,162.34,1792,3,1
29428,162.51,1782,2,1
29457,162.46,1793,1,1
29486,162.44,1799,1,1
29515,162.22,1789,1,1
29544,162.02,1758,-1,1
29573,161.89,1776,-6,1
29602,161.78,1787,-11,1
29631,161.66,1778,-13,1
29660,161.63,1790,-13,1
29689,161.59,1776,-13,1
29718,161.46,1775,-12,1
29747,161.37,1782,-10,1
29776,161.46,1799,-8,1
29805,161.19,1798,-3,1
29834,161.18,1801,1,1
29863,161.03,1787,2,1
29892,160.99,1779,1,1
29921,160.91,1775,-2,1
29950,160.86,1776,-6,1
29979,160.73,1778,-8,1
30008,160.73,1793,-7,1
30037,160.51,1807,-3,1
30066,160.49,1814,3,1
30095,160.41,1805,10,1
30124,160.32,1800,14,1
30153,160.22,1787,14,1
30182,160.34,1773,9,1
30211,160.54,1783,4,1
30240,160.67,1792,0,1
30269,160.56,1808,0,1
30298,160.48,1802,0,1
30327,160.34,1799,4,1
30356,160.07,1805,8,1
30385,159.95,1824,10,1
30414,159.88,1808,12,1
30443,159.81,1791,10,1
30472,159.74,1776,6,1
30501,159.73,1777,0,1
30530,159.75,1791,-7,1
30559,159.52,1791,-10,1
30588,159.56,1802,-8,1
30617,159.46,1810,-3,1
30646,159.34,1810,0,1
30675,159.24,1806,4,1
30704,159.21,1805,6,1
30733,159.07,1795,5,1
30762,159.07,1792,2,1
30791,158.96,1791,-2,1
30820,159.03,1788,-7,1
30849,158.82,1805,-10,1
30878,158.95,1799,-10,1
30907,158.82,1799,-8,1
30936,158.68,1809,-4,1
30965,158.65,1807,0,1
30994,158.63,1817,4,1
31023,158.70,1817,7,1
31051,158.86,1808,8,1
31079,158.92,1797,7,1
31107,158.85,1791,2,1
31135,158.75,1802,-2,1
31163,158.65,1807,-5,1
31191,158.49,1839,-2,1
31219,158.39,1822,2,1
31247,158.26,1825,7,1
31275,158.17,1829,13,1
31303,158.16,1834,17,1
31331,158.13,1826,20,1
31359,158.10,1815,18,1
31387,158.03,1817,11,1
31415,157.99,1808,3,1
31443,157.88,1821,-2,1
31471,157.81,1830,-5,1
31499,157.77,1831,-3,1
31527,157.63,1821,0,1
31555,157.61,1807,1,1
31583,157.63,1783,-2,1
31611,157.48,1805,-10,1
31640,157.40,1818,-13,1
31669,157.32,1837,-11,1
31698,157.31,1826,-7,1
31727,157.32,1822,-3,1
31756,157.19,1837,1,1
31785,157.12,1852,6,1
31814,157.02,1843,12,1
31843,157.34,1852,15,1
31872,157.40,1840,18,1
31901,157.35,1840,19,1
31930,157.29,1853,19,1
31959,157.14,1840,18,1
31988,156.93,1837,14,1
32017,156.91,1829,8,1
32046,156.68,1813,0,1
32075,156.69,1834,-6,1
32104,156.47,1840,-9,1
32133,156.57,1814,-10,1
32162,156.32,1803,-13,1
32191,156.33,1792,-19,1
32220,156.29,1829,-23,1
32249,156.26,1835,-22,1
32278,156.17,1844,-16,1
32307,156.15,1845,-7,1
32336,155.98,1845,2,1
32365,156.00,1840,6,1
32393,155.89,1854,8,1
32421,155.83,1859,10,1
32449,155.82,1856,13,1
32477,155.68,1843,13,1
32505,155.65,1827,9,1
32533,155.61,1814,0,1
32561,155.64,1809,-11,1
32589,155.73,1821,-21,1
32617,155.86,1837,-25,1
32645,155.72,1828,-22,1
32673,155.71,1842,-17,1
32701,155.57,1840,-10,1
32729,155.38,1840,-3,1
32757,155.24,1840,1,1
32785,155.04,1845,3,1
32813,155.07,1843,4,1
32841,155.05,1841,4,1
32869,155.08,1837,2,1
32897,155.02,1847,0,1
32925,154.85,1858,1,1
32953,154.76,1849,5,1
32981,154.73,1829,6,1
33009,154.61,1812,2,1
33037,154.50,1834,-5,1
33065,154.52,1824,-11,1
33093,154.35,1841,-12,1
33121,154.43,1860,-7,1
33149,154.23,1840,0,1
33177,154.13,1843,5,1
33205,154.10,1850,7,1
33233,154.00,1854,6,1
33261,154.02,1840,4,1
33289,153.95,1859,3,1
33317,154.04,1853,4,1
33345,154.19,1856,5,1
33373,154.17,1872,6,1
33401,154.07,1872,9,1
33429,154.00,1866,14,1
33457,153.81,1858,14,1
33485,153.66,1845,10,1
33513,153.54,1840,4,1
33541,153.42,1839,-2,1
33569,153.40,1845,-8,1
33597,153.29,1862,-11,1
33625,153.16,1872,-9,1
33653,153.14,1869,-3,1
33681,153.05,1866,3,1
33709,153.00,1871,8,1
33737,152.90,1867,9,1
33765,153.01,1851,7,1
33793,152.76,1839,2,1
33822,152.72,1857,-3,1
33851,152.59,1855,-8,1
33880,152.54,1857,-8,1
33909,152.43,1861,-6,1
33938,152.52,1856,-5,1
33967,152.26,1850,-6,1
33996,152.20,1863,-7,1
34025,152.22,1862,-7,1
34054,152.12,1846,-6,1
34083,152.13,1853,-6,1
34112,152.38,1863,-7,1
34141,152.44,1875,-4,1
34170,152.32,1885,0,1
34199,152.25,1871,4,1
34228,152.05,1871,5,1
34257,151.84,1865,3,1
34286,151.71,1851,-1,1
34315,151.46,1835,-8,1
34344,151.47,1840,-14,1
34373,151.42,1853,-16,1
34402,151.45,1872,-12,1
34431,151.28,1871,-4,1
34460,151.30,1867,1,1
34489,151.22,1854,3,1
34518,151.12,1843,0,1
34547,150.98,1854,-5,1
34575,150.92,1856,-7,1
34603,150.92,1853,-6,1
34631,150.79,1853,-5,1
34659,150.79,1866,-3,1
34687,150.71,1854,0,1
34715,150.66,1861,1,1
34743,150.57,1840,1,1
34771,150.51,1847,-1,1
34799,150.51,1856,-5,1
34827,150.46,1851,-6,1
34856,150.46,1863,-4,1
34885,150.65,1871,0,1
34914,150.80,1857,4,1
34943,150.74,1847,3,1
34972,150.63,1842,-1,1
35001,150.51,1856,-6,1
35030,150.40,1856,-9,1
35059,150.14,1876,-7,1
35088,150.05,1865,-2,1
35117,149.98,1843,0,1
35146,149.98,1846,0,1
35175,149.83,1867,0,1
35204,149.92,1878,2,1
35233,149.77,1874,7,1
35262,149.78,1893,15,1
35291,149.62,1899,22,1
35320,149.64,1877,25,1
35349,149.59,1854,22,1
35378,149.38,1856,12,1
35407,149.31,1846,0,1
35436,149.30,1845,-8,1
35465,149.24,1869,-13,1
35494,149.17,1870,-11,1
35523,149.04,1861,-6,1
35552,149.06,1863,-2,1
35581,148.99,1861,-1,1
35609,148.92,1872,-1,1
35637,148.86,1877,0,1
35665,148.88,1871,4,1
35693,149.23,1859,6,1
35721,149.33,1845,3,1
35749,149.13,1840,-4,1
35777,149.15,1851,-11,1
35805,149.06,1866,-13,1
35833,148.95,1867,-11,1
35861,148.82,1874,-5,1
35889,148.70,1869,0,1
35917,148.57,1857,2,1
35945,148.62,1871,2,1
35973,148.66,1879,3,1
36001,148.62,1870,6,1
36029,148.54,1861,8,1
36057,148.49,1847,5,1
36085,148.45,1853,0,1
36113,148.44,1859,-4,1
36141,148.33,1870,-6,1
36169,148.31,1872,-3,1
36197,148.24,1857,0,1
36225,148.29,1861,2,1
36253,148.12,1856,6,1
36281,148.08,1850,11,1
36309,148.07,1847,8,1
36337,148.07,1853,0,1
36365,148.00,1840,-7,1
36393,148.00,1851,-13,1
36421,147.87,1870,-13,1
36449,147.92,1852,-9,1
36477,148.01,1843,-6,1
36505,148.23,1846,-6,1
36533,148.34,1861,-6,1
36561,148.16,1872,-5,1
36589,148.08,1885,0,1
36617,148.02,1872,5,1
36645,147.79,1878,11,1
36673,147.64,1891,14,1
36701,147.61,1877,15,1
36729,147.54,1872,13,1
36757,147.61,1871,10,1
36785,147.55,1865,5,1
36813,147.57,1867,1,1
36841,147.49,1893,0,1
36869,147.46,1888,2,1
36897,147.45,1872,6,1
36925,147.27,1867,7,1
36953,147.29,1854,3,1
36981,147.15,1843,-2,1
37009,147.24,1859,-9,1
37037,147.16,1886,-12,1
37065,147.07,1877,-8,1
37093,147.08,1869,-2,1
37121,147.02,1855,0,1
37149,146.99,1856,0,1
37177,146.99,1867,-2,1
37205,146.95,1870,-5,1
37233,147.36,1866,-5,1
37261,147.33,1847,-5,1
37289,147.30,1853,-7,1
37317,147.11,1863,-8,1
37345,147.04,1872,-6,1
37373,146.95,1872,-3,1
37401,146.84,1858,-1,1
37429,146.74,1847,-2,1
37457,146.67,1845,-5,1
37485,146.63,1858,-9,1
37513,146.69,1870,-12,1
37541,146.53,1883,-10,1
37569,146.47,1886,-3,1
37597,146.46,1882,5,1
37625,146.34,1885,12,1
37653,146.31,1877,17,1
37681,146.32,1867,17,1
37709,146.11,1853,11,1
37737,146.16,1856,2,1
37765,145.97,1858,-6,1
37793,145.89,1858,-12,1
37821,145.88,1871,-12,1
37849,145.90,1873,-8,1
37877,145.91,1885,-2,1
37905,146.15,1875,3,1
37933,146.09,1877,8,1
37961,146.06,1869,11,1
37989,145.90,1871,10,1
38017,145.73,1872,8,1
38045,145.58,1883,7,1
38073,145.45,1904,7,1
38101,145.39,1903,9,1
38129,145.33,1908,14,1
38157,145.28,1909,20,1
38185,145.22,1895,24,1
38213,145.23,1890,22,1
38241,145.28,1877,17,1
38269,145.10,1849,6,1
38298,145.07,1841,-6,1
38327,144.92,1857,-19,1
38356,144.87,1889,-23,1
38385,144.82,1905,-17,1
38414,144.68,1883,-6,1
38443,144.55,1889,3,1
38472,144.50,1885,7,1
38501,144.43,1872,5,1
38530,144.70,1878,1,1
38559,144.82,1875,-3,1
38588,144.86,1886,-5,1
38617,144.86,1889,-4,1
38646,144.77,1883,-2,1
38675,144.57,1877,-1,1
38704,144.33,1882,-2,1
38733,144.12,1890,-4,1
38762,144.04,1903,-2,1
38791,144.00,1899,2,1
38820,144.07,1898,7,1
38849,144.04,1877,8,1
38878,143.91,1873,3,1
38907,143.92,1874,-2,1
38936,143.81,1886,-5,1
38965,143.68,1888,-6,1
38994,143.56,1877,-6,1
39023,143.52,1872,-6,1
39052,143.46,1874,-5,1
39081,143.37,1872,-6,1
39110,143.41,1887,-7,1
39139,143.21,1899,-5,1
39168,143.23,1890,0,1
39197,143.46,1874,4,1
39226,143.68,1874,3,1
39255,143.72,1872,0,1
39284,143.65,1874,-2,1
39313,143.55,1872,-5,1
39342,143.35,1875,-7,1
39371,143.14,1885,-7,1
39399,143.01,1872,-6,1
39427,142.90,1872,-6,1
39455,142.81,1871,-7,1
39483,142.80,1872,-7,1
39511,142.85,1888,-6,1
39539,142.75,1883,-4,1
39567,142.70,1879,-3,1
39595,142.58,1879,-1,1
39623,142.44,1873,0,1
39651,142.40,1872,0,1
39679,142.41,1879,0,1
39707,142.09,1895,0,1
39735,142.12,1903,2,1
39763,142.16,1904,7,1
39791,142.10,1904,12,1
39819,142.00,1895,16,1
39847,142.00,1872,15,1
39875,141.90,1855,7,1
39903,141.81,1860,-3,1
39931,141.99,1856,-13,1
39959,142.35,1858,-20,1
39987,142.58,1863,-23,1
40015,142.64,1871,-22,1
40043,142.56,1890,-16,1
40071,142.25,1897,-6,1
40099,142.03,1873,2,1
40127,141.83,1887,7,1
40155,141.70,1897,8,1
40183,141.72,1904,9,1
40211,141.65,1884,9,1
40239,141.64,1876,9,1
40267,141.53,1873,6,1
40295,141.52,1875,3,1
40323,141.49,1895,2,1
40351,141.33,1879,2,1
40379,141.28,1890,3,1
40407,141.29,1911,6,1
40435,141.23,1906,11,1
40463,141.20,1890,14,1
40491,141.05,1883,13,1
40519,141.07,1895,9,1
40547,140.98,1891,5,1
40575,140.94,1887,2,1
40603,140.92,1878,0,1
40631,140.91,1877,-1,1
40659,140.79,1897,-4,1
40687,140.86,1882,-6,1
40715,140.75,1870,-7,1
40743,140.80,1872,-8,1
40771,140.69,1888,-8,1
40799,140.87,1889,-6,1
40827,141.19,1890,-3,1
40855,141.39,1887,1,1
40883,141.36,1888,3,1
40911,141.19,1878,2,1
40939,140.93,1882,0,1
40967,140.78,1871,-1,1
40995,140.65,1857,-7,1
41023,140.55,1865,-14,1
41051,140.54,1876,-16,1
41079,140.44,1872,-15,1
41107,140.43,1871,-11,1
41135,140.46,1874,-8,1
41163,140.41,1872,-6,1
41191,140.42,1870,-5,1
41219,140.28,1875,-6,1
41247,140.25,1874,-5,1
41275,140.23,1885,-3,1
41303,140.16,1887,0,1
41331,140.12,1892,4,1
41359,140.04,1886,9,1
41387,140.04,1895,12,1
41415,139.98,1893,14,1
41443,139.84,1866,12,1
41471,139.86,1860,6,1
41499,139.87,1872,-2,1
41527,139.76,1873,-8,1
41556,139.77,1883,-10,1
41585,139.58,1887,-9,1
41614,139.69,1889,-5,1
41643,140.12,1904,1,1
41672,140.09,1895,8,1
41701,139.96,1882,11,1
41730,139.90,1876,10,1
41759,139.70,1884,6,1
41788,139.52,1872,1,1
41817,139.36,1863,-4,1
41846,139.18,1861,-8,1
41875,139.38,1866,-10,1
41904,139.34,1872,-10,1
41933,139.25,1872,-8,1
41962,139.19,1873,-4,1
41991,139.17,1886,0,1
42020,139.07,1898,3,1
42049,139.06,1902,8,1
42078,139.08,1887,13,1
42107,138.96,1853,14,1
42136,138.88,1874,11,1
42165,138.83,1877,7,1
42194,138.73,1875,1,1
42223,138.75,1877,-1,1
42252,138.60,1887,-2,1
42281,138.58,1903,0,1
42309,138.57,1898,5,1
42337,138.45,1889,10,1
42365,138.54,1875,10,1
42393,138.74,1877,6,1
42421,139.01,1869,1,1
42449,138.91,1870,-3,1
42477,138.74,1879,-6,1
42505,138.58,1883,-6,1
42533,138.51,1904,-2,1
42561,138.38,1911,5,1
42589,138.20,1907,15,1
42617,138.01,1899,20,1
42645,138.03,1878,18,1
42673,137.93,1887,11,1
42701,137.95,1895,5,1
42729,137.93,1893,4,1
42757,137.83,1889,3,1
42785,137.86,1888,1,1
42813,137.76,1895,0,1
42841,137.55,1902,0,1
42869,137.54,1885,0,1
42897,137.42,1872,-1,1
42925,137.35,1870,-6,1
42953,137.34,1869,-11,1
42981,137.25,1889,-14,1
43009,137.21,1900,-11,1
43037,137.15,1910,-3,1
43065,137.16,1900,3,1
43093,137.11,1883,5,1
43121,137.10,1869,1,1
43149,137.39,1875,-3,1
43177,137.54,1899,-8,1
43205,137.58,1900,-8,1
43233,137.56,1895,-2,1
43261,137.41,1882,2,1
43289,137.27,1888,2,1
43317,137.12,1895,0,1
43345,136.87,1899,0,1
43373,136.73,1877,-1,1
43401,136.79,1889,-3,1
43429,136.77,1894,-5,1
43457,136.69,1881,-5,1
43485,136.70,1847,-8,1
43513,136.58,1831,-18,1
43541,136.58,1847,-29,1
43569,136.50,1865,-33,1
43597,136.41,1890,-28,1
43625,136.29,1899,-16,1
43653,136.28,1903,-1,1
43681,136.10,1894,10,1
43709,136.15,1890,16,1
43737,136.10,1883,17,1
43765,135.92,1884,15,1
43793,135.93,1901,11,1
43821,135.88,1905,10,1
43849,135.91,1894,13,1
43877,135.78,1904,17,1
43905,135.92,1900,18,1
43933,136.12,1904,16,1
43961,136.49,1898,14,1
43989,136.56,1900,11,1
44017,136.52,1902,7,1
44045,136.32,1905,5,1
44073,136.12,1904,7,1
44101,135.94,1901,9,1
44129,135.73,1887,7,1
44157,135.62,1878,1,1
44185,135.58,1873,-6,1
44213,135.57,1866,-13,1
44241,135.62,1879,-18,1
44269,135.53,1907,-18,1
44297,135.43,1905,-10,1
44325,135.36,1887,-1,1
44353,135.31,1872,2,1
44381,135.21,1881,0,1
44409,135.14,1894,-5,1
44437,135.05,1915,-5,1
44465,134.98,1921,0,1
44493,134.91,1909,8,1
44521,134.88,1899,11,1
44549,134.82,1899,10,1
44577,134.85,1895,7,1
44605,134.78,1883,2,1
44634,134.84,1889,-2,1
44663,134.70,1877,-8,1
44692,134.66,1871,-12,1
44721,134.54,1872,-16,1
44750,134.82,1885,-19,1
44779,135.18,1885,-16,1
44808,135.31,1904,-9,1
44837,135.26,1883,-2,1
44866,135.08,1883,0,1
44895,134.82,1867,-3,1
44924,134.69,1872,-7,1
44953,134.52,1889,-10,1
44982,134.42,1899,-8,1
45011,134.42,1898,-2,1
45040,134.43,1879,1,1
45069,134.46,1862,2,1
45098,134.40,1895,2,1
45127,134.30,1903,4,1
45156,134.28,1893,6,1
45185,134.19,1882,6,1
45214,134.17,1885,3,1
45243,134.12,1889,0,1
45272,134.07,1889,-1,1
45301,134.03,1886,-3,1
45330,134.02,1904,-2,1
45359,133.81,1899,0,1
45387,133.90,1898,4,1
45415,133.91,1878,4,1
45443,133.87,1872,0,1
45472,133.75,1886,-3,1
45501,133.86,1889,-5,1
45530,133.75,1891,-5,1
45559,133.88,1888,-4,1
45588,134.20,1876,-3,1
45617,134.43,1879,-3,1
45646,134.43,1881,-4,1
45675,134.28,1904,-4,1
45704,134.10,1887,-1,1
45733,133.88,1882,1,1
45762,133.68,1863,0,1
45791,133.61,1856,-6,1
45820,133.59,1872,-14,1
45849,133.48,1891,-17,1
45878,133.44,1919,-10,1
45907,133.51,1923,3,1
45936,133.55,1919,19,1
45965,133.44,1915,31,1
45994,133.33,1894,33,1
46023,133.44,1882,25,1
46052,133.37,1882,12,1
46081,133.16,1887,1,1
46110,133.08,1891,-3,1
46139,133.16,1891,-3,1
46168,133.05,1888,-2,1
46197,132.97,1889,-1,1
46226,132.92,1903,1,1
46255,133.02,1899,5,1
46284,132.83,1920,12,1
46313,132.85,1921,18,1
46342,132.86,1898,20,1
46371,133.19,1880,15,1
46400,133.36,1879,5,1
46429,133.37,1895,-4,1
46458,133.20,1907,-6,1
46487,133.11,1903,-3,1
46516,132.98,1886,0,1
46545,132.78,1872,-2,1
46574,132.53,1871,-8,1
46603,132.56,1878,-13,1
46632,132.49,1876,-16,1
46661,132.51,1886,-17,1
46690,132.52,1908,-13,1
46719,132.44,1937,-2,1
46747,132.42,1927,12,1
46775,132.35,1916,22,1
46803,132.28,1904,25,1
46831,132.22,1872,19,1
46859,132.16,1860,5,1
46887,132.00,1866,-11,1
46915,131.93,1876,-22,1
46943,131.95,1890,-26,1
46971,131.84,1888,-22,1
46999,131.79,1879,-13,1
47027,131.69,1904,-3,1
47055,131.68,1899,1,1
47083,131.75,1894,4,1
47111,131.97,1899,4,1
47139,132.19,1911,6,1
47167,132.37,1909,7,1
47195,132.17,1920,9,1
47223,132.11,1910,12,1
47251,132.04,1917,15,1
47279,131.72,1911,15,1
47307,131.51,1901,12,1
47335,131.53,1892,8,1
47363,131.50,1873,2,1
47391,131.49,1884,-6,1
47419,131.47,1897,-11,1
47447,131.41,1913,-10,1
47475,131.31,1904,-4,1
47503,131.29,1900,-1,1
47531,131.21,1905,0,1
47559,131.13,1919,0,1
47587,131.00,1918,5,1
47615,130.99,1909,9,1
47643,130.86,1910,10,1
47671,130.81,1921,9,1
47699,130.82,1920,8,1
47727,130.78,1903,8,1
47756,130.66,1891,5,1
47785,130.64,1895,1,1
47814,130.63,1901,-2,1
47843,130.88,1903,-5,1
47872,131.18,1897,-7,1
47901,131.27,1905,-8,1
47930,131.22,1921,-7,1
47959,131.10,1927,-2,1
47988,130.80,1904,3,1
48017,130.63,1893,6,1
48046,130.40,1873,0,1
48075,130.28,1882,-9,1
48104,130.34,1904,-15,1
48133,130.32,1918,-13,1
48162,130.27,1899,-7,1
48191,130.26,1876,-5,1
48220,130.16,1872,-10,1
48249,130.10,1889,-16,1
48278,129.90,1909,-17,1
48307,129.96,1901,-13,1
48336,129.85,1890,-7,1
48365,129.79,1893,-5,1
48394,129.69,1891,-6,1
48423,129.75,1903,-7,1
48452,129.61,1891,-6,1
48481,129.57,1883,-6,1
48509,129.47,1885,-7,1
48537,129.48,1882,-9,1
48565,129.43,1886,-10,1
48593,129.77,1883,-8,1
48621,130.07,1884,-7,1
48649,130.38,1873,-6,1
48677,130.46,1891,-6,1
48705,130.46,1915,-5,1
48733,130.06,1910,0,1
48761,129.78,1909,9,1
48789,129.55,1920,18,1
48817,129.37,1904,22,1
48845,129.34,1894,21,1
48873,129.32,1904,17,1
48901,129.32,1911,11,1
48929,129.19,1910,9,1
48957,129.17,1917,10,1
48985,129.13,1936,14,1
49013,128.99,1924,20,1
49041,129.06,1914,22,1
49069,128.89,1907,19,1
49098,128.83,1888,12,1
49127,128.72,1887,3,1
49156,128.72,1901,-4,1
49185,128.67,1898,-7,1
49214,128.66,1887,-9,1
49243,128.54,1886,-12,1
49272,128.58,1904,-14,1
49301,128.40,1907,-10,1
49330,128.37,1904,-4,1
49359,128.38,1904,1,1
49388,128.90,1906,4,1
49417,129.26,1917,6,1
49446,129.52,1910,7,1
49475,129.50,1918,7,1
49504,129.29,1927,8,1
49533,128.95,1911,9,1
49562,128.61,1885,7,1
49591,128.35,1890,1,1
49620,128.30,1888,-5,1
49649,128.17,1887,-10,1
49678,128.30,1890,-13,1
49707,128.23,1898,-15,1
49736,128.20,1904,-14,1
49765,128.18,1906,-9,1
49794,128.10,1920,-3,1
49823,127.94,1901,0,1
49851,127.89,1898,1,1
49879,127.80,1911,0,1
49907,127.71,1907,1,1
49935,127.74,1893,2,1
49963,127.66,1875,-1,1
49991,127.57,1886,-7,1
50019,127.53,1902,-12,1
50047,127.50,1897,-13,1
50075,127.54,1907,-10,1
50103,127.46,1918,-3,1
50131,127.45,1910,3,1
50159,127.30,1901,8,1
50187,127.41,1893,8,1
50215,127.65,1902,6,1
50243,127.94,1872,3,1
50271,128.26,1882,-2,1
50299,128.51,1869,-7,1
50327,128.38,1886,-9,1
50355,128.16,1904,-9,1
50383,127.82,1888,-6,1
50411,127.59,1879,-5,1
50439,127.44,1905,-5,1
50467,127.43,1909,-2,1
50495,127.28,1913,2,1
50523,127.35,1898,7,1
50551,127.31,1899,10,1
50579,127.28,1899,9,1
50607,127.18,1891,6,1
50635,127.20,1892,2,1
50663,127.10,1895,-1,1
50691,127.01,1892,-4,1
50719,127.00,1901,-5,1
50747,126.94,1897,-2,1
50775,126.89,1898,0,1
50803,126.82,1905,2,1
50831,126.76,1901,3,1
50859,126.77,1911,4,1
50887,126.83,1923,6,1
50915,126.73,1904,5,1
50943,126.67,1875,0,1
50971,126.66,1872,-8,1
50999,126.58,1879,-15,1
51027,126.56,1875,-18,1
51055,126.60,1903,-17,1
51083,127.03,1903,-11,1
51111,127.25,1899,-2,1
51139,127.34,1895,4,1
51167,127.33,1899,7,1
51195,127.14,1899,6,1
51223,126.86,1903,6,1
51251,126.58,1909,7,1
51279,126.43,1904,9,1
51307,126.30,1901,10,1
51335,126.37,1891,9,1
51363,126.30,1899,7,1
51391,126.26,1894,5,1
51419,126.36,1906,3,1
51447,126.25,1904,1,1
51475,126.15,1910,2,1
51503,126.09,1920,6,1
51531,125.98,1918,9,1
51559,125.86,1895,9,1
51587,125.84,1890,7,1
51615,125.81,1889,1,1
51643,125.71,1901,-3,1
51671,125.67,1910,-5,1
51699,125.60,1904,-3,1
51727,125.60,1891,0,1
51755,125.62,1885,-1,1
51783,125.46,1906,-5,1
51812,125.46,1902,-6,1
51841,125.37,1906,-4,1
51870,125.61,1895,0,1
51899,125.84,1894,1,1
51928,126.16,1894,2,1
51957,126.04,1898,3,1
51986,125.96,1919,4,1
52015,125.67,1920,7,1
52044,125.42,1911,12,1
52073,125.29,1897,13,1
52102,125.22,1899,8,1
52131,125.12,1905,3,1
52160,125.05,1901,0,1
52189,125.02,1908,-2,1
52218,125.00,1911,-2,1
52247,125.04,1919,-1,1
52276,124.95,1911,2,1
52305,124.72,1904,4,1
52334,124.60,1904,2,1
52363,124.57,1877,-1,1
52392,124.51,1885,-7,1
52421,124.48,1904,-12,1
52450,124.41,1904,-12,1
52479,124.40,1904,-9,1
52508,124.32,1915,-5,1
52537,124.25,1935,0,1
52566,124.26,1921,7,1
52595,124.13,1901,11,1
52624,124.16,1903,10,1
52653,124.17,1899,5,1
52682,124.49,1898,0,1
52711,124.89,1909,-3,1
52740,125.05,1904,-4,1
52769,124.97,1887,-4,1
52798,124.86,1879,-7,1
52827,124.45,1879,-14,1
52856,124.16,1893,-19,1
52885,124.09,1902,-19,1
52914,123.88,1921,-14,1
52943,124.01,1930,-2,1
52972,123.98,1925,9,1
53001,123.86,1910,16,1
53030,123.83,1910,18,1
53059,123.69,1907,15,1
53088,123.76,1917,11,1
53117,123.64,1895,6,1
53146,123.45,1883,0,1
53175,123.45,1882,-7,1
53204,123.37,1870,-14,1
53233,123.34,1885,-20,1
53262,123.23,1899,-21,1
53291,123.24,1915,-15,1
53320,123.18,1929,-4,1
53349,123.15,1921,5,1
53377,123.20,1909,12,1
53405,123.06,1901,13,1
53433,123.10,1901,10,1
53461,123.13,1892,4,1
53489,123.36,1904,-1,1
53517,123.78,1907,-5,1
53545,124.00,1906,-4,1
53573,123.96,1896,-2,1
53601,123.84,1904,0,1
53629,123.60,1899,1,1
53657,123.29,1908,1,1
53685,123.12,1914,3,1
53713,123.04,1915,4,1
53741,122.90,1921,7,1
53769,123.08,1911,8,1
53797,123.07,1902,8,1
53825,122.99,1883,3,1
53853,122.95,1893,-4,1
53881,122.98,1887,-11,1
53909,122.98,1893,-14,1
53937,122.78,1887,-13,1
53965,122.70,1895,-10,1
53993,122.62,1889,-8,1
54021,122.58,1897,-7,1
54049,122.64,1918,-3,1
54077,122.51,1905,1,1
54105,122.49,1895,4,1
54133,122.47,1893,2,1
54161,122.55,1904,0,1
54189,122.53,1904,0,1
54217,122.41,1904,1,1
54245,122.37,1902,2,1
54273,122.38,1905,3,1
54301,122.78,1903,4,1
54329,123.03,1899,4,1
54357,123.18,1902,2,1
54385,123.09,1905,0,1
54413,122.90,1912,0,1
54441,122.63,1905,0,1
54469,122.47,1904,1,1
54497,122.33,1887,0,1
54525,122.22,1873,-3,1
54553,122.23,1881,-9,1
54581,122.22,1920,-10,1
54609,122.22,1904,-7,1
54637,122.26,1905,-1,1
54665,122.22,1920,3,1
54693,122.19,1916,7,1
54721,122.13,1892,9,1
54749,122.13,1901,7,1
54777,122.01,1903,4,1
54805,122.00,1903,3,1
54833,121.90,1902,5,1
54861,121.84,1901,5,1
54889,121.79,1904,5,1
54917,121.76,1909,4,1
54945,121.72,1904,3,1
54973,121.65,1905,0,1
55001,121.59,1915,0,1
55029,121.65,1910,-1,1
55057,121.91,1906,0,1
55085,122.16,1903,1,1
55113,122.42,1892,2,1
55141,122.35,1891,0,1
55170,122.21,1919,-1,1
55199,121.90,1934,2,1
55228,121.74,1918,8,1
55257,121.47,1926,11,1
55286,121.42,1917,10,1
55315,121.39,1908,7,1
55344,121.47,1899,3,1
55373,121.38,1890,-1,1
55402,121.34,1891,-6,1
55431,121.29,1905,-8,1
55460,121.30,1907,-6,1
55489,121.20,1914,-4,1
55518,121.25,1919,0,1
55547,121.11,1891,4,1
55576,120.95,1899,4,1
55605,120.95,1910,0,1
55634,120.87,1914,-2,1
55663,120.83,1916,0,1
55692,120.90,1921,2,1
55721,120.81,1915,5,1
55750,120.69,1915,6,1
55779,120.72,1903,6,1
55808,121.20,1901,2,1
55837,121.50,1887,-3,1
55866,121.58,1917,-8,1
55895,121.52,1926,-7,1
55923,121.37,1919,-1,1
55951,121.06,1920,3,1
55979,120.92,1907,5,1
56007,120.57,1907,3,1
56035,120.62,1917,1,1
56063,120.58,1916,2,1
56091,120.46,1914,4,1
56119,120.43,1910,5,1
56147,120.51,1908,5,1
56175,120.47,1904,2,1
56203,120.39,1905,-1,1
56231,120.28,1933,-2,1
56259,120.21,1936,0,1
56287,120.13,1907,4,1
56315,120.04,1906,5,1
56343,119.95,1902,1,1
56371,119.89,1915,-4,1
56399,119.82,1914,-8,1
56427,119.80,1916,-8,1
56455,119.77,1917,-6,1
56483,119.63,1936,-2,1
56511,119.61,1923,3,1
56539,119.88,1903,5,1
56567,120.41,1895,2,1
56595,120.76,1882,-4,1
56623,120.95,1904,-10,1
56651,120.83,1917,-12,1
56680,120.60,1919,-8,1
56709,120.29,1907,-3,1
56738,119.87,1927,1,1
56767,119.71,1935,5,1
56796,119.66,1925,7,1
56825,119.59,1903,7,1
56854,119.57,1904,2,1
56883,119.54,1904,-2,1
56912,119.42,1904,-6,1
56941,119.43,1918,-6,1
56970,119.38,1922,-3,1
56999,119.26,1904,-1,1
57028,119.09,1899,-3,1
57057,119.04,1895,-7,1
57086,119.00,1894,-12,1
57115,118.98,1893,-15,1
57144,118.83,1885,-17,1
57173,118.81,1871,-21,1
57202,118.85,1885,-24,1
57231,118.72,1914,-22,1
57260,118.73,1921,-14,1
57289,118.69,1909,-3,1
57318,118.95,1911,6,1
57347,119.51,1910,11,1
57376,119.86,1909,13,1
57405,120.01,1911,12,1
57434,119.77,1918,11,1
57463,119.58,1905,10,1
57492,119.23,1905,8,1
57521,118.84,1911,5,1
57550,118.72,1906,3,1
57579,118.73,1892,1,1
57608,118.59,1894,0,1
57637,118.62,1909,-1,1
57666,118.61,1919,-2,1
57695,118.57,1932,0,1
57724,118.48,1925,6,1
57752,118.34,1925,12,1
57780,118.24,1917,15,1
57808,118.09,1909,13,1
57836,118.16,1914,7,1
57864,118.12,1914,2,1
57892,118.00,1914,0,1
57920,117.97,1909,-2,1
57948,117.95,1918,-1,1
57976,117.75,1919,0,1
58004,117.78,1914,3,1
58032,117.78,1907,4,1
58060,117.77,1907,2,1
58088,117.74,1918,0,0
58116,118.01,1931,0,0
58144,118.47,1919,4,0
58172,118.82,1924,6,0
58200,119.09,1908,5,0
58228,118.98,1904,0,0
58256,118.70,1918,-3,0
58284,118.46,1920,-6,0
58312,118.07,1933,-4,1
58340,117.86,1918,0,1
58368,117.75,1918,2,1
58396,117.77,1904,1,1
58424,117.82,1914,0,1
58452,117.69,1936,0,1
58480,117.63,1919,2,1
58508,117.63,1903,3,1
58536,117.51,1898,0,1
58564,117.53,1901,-4,1
58592,117.39,1904,-9,1
58620,117.41,1894,-12,1
58648,117.28,1908,-12,1
58676,117.24,1930,-8,1
58704,117.24,1917,-2,1
58732,117.14,1914,2,1
58760,117.03,1910,4,1
58788,117.11,1920,5,1
58816,116.95,1919,4,1
58844,116.96,1920,4,1
58872,116.95,1904,3,1
58900,116.91,1887,0,0
58928,117.23,1889,-7,0
58956,117.67,1905,-12,0
58984,118.06,1910,-12,0
59012,118.16,1909,-7,0
59040,118.05,1909,-2,0
59068,117.86,1910,0,0
59096,117.40,1907,1,0
59124,117.13,1913,2,0
59152,116.97,1907,3,1
59180,116.80,1904,3,1
59208,116.94,1898,1,1
59236,117.06,1890,-1,1
59264,117.37,1906,-4,1
59292,117.48,1892,-4,1
59320,117.44,1906,-2,1
59348,117.53,1898,0,1
59376,117.51,1895,0,1
59404,117.36,1913,0,1
59432,117.25,1920,0,1
59460,117.22,1921,2,1
59488,117.05,1930,6,1
59516,117.10,1934,11,1
59544,117.06,1920,14,1
59572,116.96,1901,12,1
59600,117.12,1901,5,1
59628,116.98,1910,-1,1
59656,116.94,1913,-4,1
59684,117.05,1919,-4,1
59712,117.33,1904,-2,1
59740,117.72,1890,-2,1
59768,117.84,1890,-6,1
59796,117.84,1909,-9,1
59824,117.59,1911,-10,1
59852,117.27,1919,-8,1
59880,116.82,1916,-3,1
59908,116.50,1917,1,1
59936,116.49,1911,4,1
59964,116.40,1904,4,0
59992,116.34,1904,2,0
60020,116.34,1912,0,0
60048,116.28,1919,-1,0
60076,116.23,1909,-1,0
60104,116.22,1907,0,0
60132,116.12,1917,0,0
60160,116.00,1915,-1,0
60188,115.93,1917,0,1
60216,115.79,1911,1,1
60244,115.74,1909,3,1
60272,115.66,1904,2,1
60300,115.54,1904,0,1
60328,115.64,1903,0,1
60356,115.65,1892,-3,1
60384,115.47,1905,-5,1
60413,115.46,1905,-6,1
60442,115.54,1917,-5,1
60471,115.71,1914,-2,1
60500,116.31,1909,1,1
60529,116.58,1909,3,1
60558,116.80,1904,4,1
60587,116.58,1914,4,1
60616,116.33,1936,5,1
60645,115.85,1922,8,1
60674,115.51,1907,12,1
60703,115.42,1904,10,1
60732,115.35,1904,5,1
60761,115.28,1923,0,1
60790,115.37,1919,-1,0
60819,115.17,1909,-1,1
60848,115.21,1904,-2,0
60877,115.10,1908,-3,0
60906,115.05,1917,-5,0
60935,114.95,1910,-5,0
60964,114.92,1907,-4,0
60993,114.87,1904,-3,0
61022,114.71,1915,-1,1
61051,114.73,1927,0,1
61080,114.68,1917,3,1
61109,114.50,1930,6,1
61138,114.60,1921,9,1
61166,114.47,1920,10,1
61194,114.51,1911,8,1
61222,114.51,1906,4,1
61250,114.67,1919,1,1
61278,115.09,1903,-1,1
61306,115.56,1898,-4,1
61334,115.82,1892,-8,1
61362,115.77,1919,-12,1
61390,115.53,1920,-14,1
61418,115.25,1930,-9,1
61446,114.92,1909,0,1
61474,114.60,1901,4,1
61502,114.62,1891,4,1
61530,114.49,1898,0,1
61558,114.55,1908,-4,1
61586,114.60,1918,-5,1
61614,114.46,1902,-6,1
61642,114.46,1921,-5,1
61670,114.46,1936,-1,1
61698,114.37,1930,4,0
61726,114.33,1929,10,0
61754,114.28,1936,14,0
61782,114.13,1931,17,0
61810,114.10,1921,17,0
61838,114.08,1916,15,0
61866,114.05,1911,11,0
61894,113.97,1904,4,0
61922,113.95,1898,-4,1
61950,113.99,1904,-10,1
61978,113.93,1904,-13,1
62007,113.86,1917,-11,1
62036,114.08,1915,-7,1
62065,114.61,1909,-3,1
62094,115.04,1915,-1,1
62123,115.25,1911,-1,1
62152,115.06,1914,-1,1
62181,114.77,1909,-1,1
62210,114.49,1917,-1,1
62239,114.06,1917,-2,1
62268,113.88,1910,-2,1
62297,113.92,1904,-2,1
62326,113.95,1906,-3,1
62355,113.95,1915,-4,1
62384,113.93,1923,-2,1
62413,113.93,1936,3,1
62442,113.85,1933,9,1
62471,113.71,1915,11,1
62500,113.58,1905,10,1
62529,113.54,1911,5,0
62558,113.41,1905,0,1
62587,113.35,1901,-5,0
62616,113.40,1909,-8,0
62645,113.28,1911,-9,0
62674,113.34,1907,-7,0
62703,113.15,1919,-5,0
62732,113.15,1936,-2,0
62760,113.14,1931,3,0
62788,113.40,1916,8,1
62816,113.77,1907,9,1
62844,114.26,1901,5,1
62872,114.42,1909,0,1
62900,114.33,1913,-5,1
62928,114.07,1911,-7,1
62956,113.86,1908,-8,1
62984,113.44,1909,-7,1
63012,113.16,1909,-6,1
63040,113.06,1916,-4,1
63068,113.14,1919,-3,1
63096,113.10,1919,0,1
63124,112.99,1927,1,1
63152,112.94,1918,4,1
63180,112.87,1917,7,1
63208,112.80,1913,7,1
63236,112.75,1913,5,1
63264,112.64,1936,3,1
63292,112.57,1925,3,1
63320,112.43,1916,3,1
63348,112.42,1917,0,1
63376,112.32,1911,-5,1
63404,112.31,1919,-8,1
63432,112.30,1922,-6,1
63460,112.33,1923,-2,1
63488,112.25,1907,1,0
63517,112.32,1909,2,0
63546,112.30,1915,2,0
63575,112.74,1920,0,1
63604,113.45,1910,-1,0
63633,113.92,1904,-2,0
63662,113.86,1903,-3,0
63691,113.81,1906,-3,0
63720,113.59,1917,-3,1
63749,113.44,1932,0,1
63778,113.11,1934,5,1
63807,112.86,1925,10,1
63836,112.84,1911,12,1
63865,112.79,1904,10,1
63894,112.81,1910,3,1
63923,112.65,1910,-3,1
63952,112.56,1913,-8,1
63981,112.50,1926,-9,1
64010,112.26,1921,-6,1
64039,112.22,1915,-2,1
64068,112.05,1906,0,1
64097,112.00,1905,0,1
64126,112.01,1914,-3,1
64155,111.81,1921,-3,1
64184,111.77,1918,-1,1
64213,111.85,1925,2,1
64242,111.71,1936,6,1
64270,111.76,1923,10,1
64298,111.62,1913,11,1
64326,111.64,1904,8,0
64354,111.66,1898,2,0
64382,112.03,1902,-4,1
64410,112.61,1904,-9,0
64438,113.00,1911,-10,0
64466,113.01,1922,-7,0
64494,112.86,1935,0,0
64522,112.70,1920,6,0
64550,112.44,1911,9,1
64578,112.06,1922,7,1
64606,111.92,1917,4,1
64634,111.99,1923,2,1
64662,112.05,1904,0,1
64690,112.03,1904,-2,1
64718,112.06,1908,-5,1
64746,111.99,1904,-7,1
64774,111.86,1911,-8,1
64802,111.95,1908,-8,1
64830,111.86,1925,-5,1
64858,111.64,1921,0,1
64886,111.61,1910,3,1
64914,111.47,1910,3,1
64942,111.35,1926,3,1
64970,111.41,1917,3,1
64998,111.35,1909,1,1
65026,111.27,1904,0,1
65054,111.26,1907,-3,1
65082,111.19,1909,-5,1
65110,111.18,1905,-5,0
65138,111.13,1915,-3,0
65166,111.56,1907,-1,0
65194,112.14,1899,-4,0
65222,112.54,1903,-8,0
65250,112.46,1909,-10,0
65278,112.40,1915,-7,0
65306,112.13,1915,-2,0
65334,111.88,1935,4,1
65362,111.46,1931,11,1
65390,111.29,1913,15,1
65418,111.16,1894,12,1
65446,111.13,1888,3,1
65474,111.24,1904,-5,1
65502,111.15,1926,-9,1
65530,110.91,1941,-3,1
65558,110.94,1936,5,1
65586,110.84,1904,9,1
65614,110.78,1877,4,1
65642,110.51,1879,-6,1
65670,110.48,1904,-15,1
65698,110.46,1910,-18,1
65726,110.34,1910,-14,1
65754,110.29,1909,-7,1
65782,110.21,1904,-1,1
65810,110.20,1888,0,1
65838,110.14,1884,-3,1
65866,110.03,1899,-6,1
65894,110.00,1905,-7,1
65922,110.20,1911,-4,0
65950,110.72,1919,0,0
65978,111.17,1930,9,0
66006,111.39,1936,17,0
66034,111.29,1924,22,0
66063,111.15,1920,22,0
66092,110.80,1907,17,0
66121,110.59,1893,8,0
66150,110.09,1897,0,1
66179,110.07,1910,-6,1
66208,110.01,1907,-7,1
66237,109.95,1905,-6,1
66266,109.95,1906,-4,1
66295,109.84,1917,-2,1
66324,109.68,1909,0,1
66353,109.68,1897,0,1
66382,109.59,1906,-1,1
66411,109.50,1911,-3,1
66440,109.40,1904,-3,1
66469,109.28,1907,-2,1
66498,109.27,1904,-1,1
66527,109.18,1906,1,1
66556,109.08,1918,4,1
66585,109.07,1920,7,1
66614,109.09,1902,6,1
66643,109.15,1889,2,1
66672,109.02,1904,-1,1
66701,109.16,1905,-2,1
66730,109.70,1897,-1,1
66759,110.36,1897,-1,0
66788,110.64,1898,-3,0
66817,110.61,1904,-5,0
66846,110.46,1894,-6,0
66875,110.20,1894,-6,0
66904,109.90,1889,-7,0
66933,109.51,1875,-10,0
66962,109.47,1872,-14,0
66991,109.41,1879,-18,1
67020,109.44,1901,-18,1
67049,109.35,1910,-11,1
67078,109.26,1897,-2,1
67107,109.17,1885,4,1
67136,109.10,1879,4,1
67165,108.94,1887,1,1
67194,108.94,1889,-1,1
67223,108.89,1890,-2,1
67252,108.76,1897,-1,1
67281,108.72,1891,0,1
67310,108.66,1894,1,1
67339,108.60,1904,2,1
67368,108.53,1907,5,1
67397,108.46,1904,9,1
67426,108.45,1895,10,1
67454,108.40,1879,8,1
67482,108.38,1891,4,1
67510,108.43,1893,3,1
67538,108.89,1897,2,1
67566,109.32,1907,3,0
67594,109.83,1911,7,0
67622,110.01,1894,8,0
67650,110.09,1901,8,0
67678,109.87,1901,6,0
67707,109.54,1894,4,0
67736,109.24,1898,1,0
67765,109.05,1885,-2,0
67794,108.83,1874,-5,1
67823,108.89,1891,-7,1
67852,108.91,1891,-6,1
67881,108.81,1887,-3,1
67910,108.79,1886,0,1
67939,108.61,1895,4,1
67968,108.48,1895,5,1
67997,108.43,1884,4,1
68026,108.38,1872,0,1
68055,108.26,1881,-6,1
68084,108.16,1886,-9,1
68113,108.15,1888,-9,1
68142,108.04,1883,-8,1
68171,108.03,1894,-5,1
68200,108.17,1909,-1,1
68229,107.99,1904,3,1
68258,107.82,1903,8,1
68287,107.90,1894,11,1
68316,107.91,1883,9,1
68345,108.22,1887,5,1
68374,108.85,1895,1,0
68403,109.34,1899,1,0
68432,109.43,1918,5,0
68461,109.16,1919,13,0
68490,109.08,1904,19,0
68519,108.71,1895,21,0
68548,108.39,1905,17,0
68577,108.14,1888,11,0
68606,108.12,1872,3,1
68635,108.13,1881,-5,1
68664,108.17,1905,-12,1
68693,108.05,1921,-9,1
68722,107.88,1918,-1,1
68751,107.77,1909,6,1
68780,107.76,1904,11,1
68809,107.63,1897,11,1
68838,107.60,1879,5,1
68867,107.45,1877,-2,1
68896,107.40,1882,-9,1
68925,107.32,1887,-13,1
68954,107.32,1887,-13,1
68983,107.30,1898,-9,1
69011,107.23,1901,-4,1
69039,107.23,1914,0,1
69067,107.28,1919,6,1
69095,107.71,1900,9,1
69123,108.22,1901,9,0
69151,108.60,1898,7,0
69179,108.61,1903,4,0
69207,108.57,1903,2,0
69235,108.40,1906,2,0
69263,108.04,1904,2,0
69291,107.64,1903,1,0
69319,107.46,1895,0,0
69347,107.38,1884,-1,1
69375,107.37,1894,-3,1
69403,107.38,1873,-7,1
69431,107.24,1875,-12,1
69459,107.16,1889,-15,1
69487,107.06,1904,-14,1
69515,106.97,1915,-4,1
69543,106.85,1905,7,1
69571,106.77,1904,14,1
69599,106.72,1882,13,1
69627,106.65,1872,6,1
69655,106.57,1877,-2,1
69683,106.56,1894,-9,1
69711,106.50,1911,-10,1
69739,106.41,1886,-6,1
69767,106.31,1904,0,1
69795,106.50,1913,2,1
69823,107.16,1902,4,1
69851,107.83,1886,6,1
69879,107.84,1895,6,1
69907,107.89,1897,4,0
69935,107.74,1898,1,0
69964,107.62,1899,0,0
69993,107.31,1903,0,0
70022,107.04,1886,1,0
70051,106.77,1897,1,0
70080,106.76,1897,1,0
70109,106.85,1891,1,0
70138,106.80,1879,0,1
70167,106.73,1886,-1,1
70196,106.54,1893,-4,1
70225,106.34,1910,-6,1
70254,106.29,1904,-4,1
70283,106.12,1890,-2,1
70312,106.11,1888,-2,1
70341,105.89,1903,-4,1
70370,105.79,1915,-2,1
70399,105.66,1904,2,1
70428,105.66,1904,6,1
70457,105.63,1881,8,1
70486,105.52,1904,7,1
70515,105.38,1917,6,1
70544,105.54,1910,4,1
70573,106.13,1906,3,1
70602,106.81,1904,2,1
70631,107.10,1923,5,0
70660,107.16,1907,9,0
70689,106.99,1903,9,0
70718,106.92,1884,4,0
70747,106.79,1872,-5,0
70776,106.47,1870,-15,0
70805,106.35,1885,-23,0
70834,106.21,1875,-26,0
70863,106.25,1887,-24,1
70892,106.21,1902,-19,1
70921,106.21,1899,-12,1
70950,106.01,1910,-5,1
70979,105.84,1904,2,1
71008,105.79,1896,5,1
71037,105.48,1879,3,1
71066,105.53,1894,-2,1
71095,105.28,1904,-5,1
71124,105.23,1914,-2,1
71153,105.15,1917,4,1
71182,105.07,1915,11,1
71211,105.10,1891,13,1
71239,105.04,1881,10,1
71267,104.99,1897,5,1
71295,104.97,1910,2,1
71323,104.90,1904,1,0
71351,104.93,1910,3,0
71379,105.11,1904,4,0
71407,105.97,1890,4,0
71435,106.49,1898,1,0
71463,106.62,1905,0,0
71491,106.53,1915,1,0
71519,106.48,1922,4,0
71547,106.40,1913,8,1
71575,106.10,1883,8,1
71603,105.94,1868,1,1
71631,105.80,1850,-10,1
71659,105.76,1850,-23,1
71687,105.70,1869,-32,1
71715,105.63,1888,-32,1
71743,105.63,1895,-23,1
71771,105.59,1903,-11,1
71799,105.35,1899,1,1
71827,105.26,1911,9,1
71855,104.95,1921,15,1
71883,104.77,1930,21,1
71911,104.73,1921,26,1
71939,104.60,1915,27,1
71967,104.56,1915,26,1
71995,104.43,1910,21,1
72023,104.49,1910,15,1
72051,104.43,1900,10,1
72079,104.41,1901,6,1
72107,104.24,1907,2,0
72135,104.30,1919,0,0
72163,104.22,1923,1,0
72191,104.18,1916,4,0
72219,104.19,1913,6,0
72247,104.50,1917,6,0
72275,105.13,1918,5,0
72303,105.77,1917,5,0
72331,105.82,1920,5,1
72359,105.89,1911,3,1
72387,105.64,1905,2,1
72415,105.58,1887,-1,1
72443,105.36,1865,-11,1
72471,105.10,1858,-24,1
72499,105.03,1856,-36,1
72527,105.07,1877,-42,1
72555,105.11,1893,-39,1
72583,105.07,1909,-29,1
72611,105.11,1909,-14,1
72639,105.07,1935,0,1
72667,105.16,1937,13,1
72695,105.03,1942,23,1
72723,105.02,1934,31,1
72751,105.09,1920,31,1
72779,105.02,1903,23,1
72807,105.08,1895,12,1
72835,104.95,1903,2,1
72863,104.88,1909,-3,1
72891,104.92,1902,-6,1
72919,104.72,1891,-7,1
72947,104.55,1887,-10,1
72975,104.42,1887,-12,1
73003,104.23,1894,-13,1
73031,104.05,1905,-11,1
73059,103.96,1917,-4,1
73087,104.30,1925,3,1
73115,104.79,1920,10,0
73143,105.31,1917,14,0
73171,105.38,1903,14,0
73199,105.38,1883,9,0
73227,105.23,1872,0,0
73255,105.11,1876,-13,0
73283,104.88,1891,-21,0
73311,104.53,1935,-19,0
73339,104.44,1969,-5,0
73367,104.38,1993,17,1
73395,104.43,2010,43,1
73423,104.48,2011,64,1
73451,104.37,2005,77,1
73479,104.13,1980,78,1
73507,104.00,1937,67,1
73535,103.80,1901,43,1
73563,103.69,1886,10,1
73591,103.63,1873,-21,1
73619,103.49,1870,-47,1
73647,103.42,1874,-61,1
73675,103.30,1889,-64,1
73703,103.22,1900,-58,1
73731,103.27,1910,-46,1
73759,103.23,1908,-32,1
73788,103.10,1898,-22,1
73817,103.18,1859,-18,1
73846,103.56,1871,-21,1
73875,104.20,1877,-28,1
73904,104.63,1872,-33,1
73933,104.77,1869,-34,1
73962,104.73,1872,-33,0
73991,104.70,1887,-29,0
74020,104.51,1904,-23,0
74049,104.44,1937,-11,0
74078,104.49,1984,7,0
74107,104.63,2082,38,0
74136,104.74,2171,84,0
74165,104.78,2225,142,0
74194,104.57,2193,193,0
74223,104.51,2148,218,1
74252,104.40,2128,212,1
74281,104.29,2129,184,1
74310,103.99,2128,150,1
74339,103.79,2114,118,1
74368,103.41,2081,88,1
74397,103.16,2031,56,1
74426,102.84,1974,18,1
74455,102.77,1946,-24,1
74484,102.70,1901,-68,1
74513,102.54,1843,-110,1
74541,102.48,1828,-147,1
74569,102.46,1821,-174,1
74597,102.84,1811,-188,1
74625,103.52,1826,-191,1
74653,104.06,1815,-184,1
74681,104.19,1823,-171,1
74709,104.15,1818,-155,1
74738,103.99,1875,-137,1
74767,103.81,2067,-99,1
74796,103.58,2299,-18,0
74825,103.33,2429,106,0
74854,103.26,2417,237,0
74883,103.34,2277,325,0
74912,103.31,2121,332,0
74941,103.28,1978,257,0
74970,103.17,1855,127,0
74999,102.90,1809,-13,1
75028,102.75,1825,-126,1
75057,102.72,1861,-192,1
75086,102.43,1890,-210,1
75115,102.27,1904,-191,1
75144,102.11,1889,-158,1
75173,102.11,1863,-128,1
75202,102.06,1839,-112,1
75231,101.93,1815,-108,1
75260,102.08,1808,-112,1
75289,102.56,1803,-119,1
75318,103.34,1807,-122,1
75347,103.47,1831,-118,1
75376,103.58,1822,-107,1
75405,103.43,1858,-89,1
75434,103.28,2015,-57,1
75463,103.04,2258,11,1
75492,102.86,2423,126,1
75521,102.66,2437,260,0
75550,102.75,2323,360,0
75579,102.75,2154,384,0
75608,102.70,2000,324,0
75637,102.53,1903,204,0
75666,102.47,1863,66,0
75695,102.32,1870,-50,0
75724,102.14,1877,-125,0
75753,101.98,1881,-158,0
75782,101.90,1899,-158,1
75811,101.76,1894,-140,1
75840,101.67,1883,-118,1
75869,101.53,1860,-102,1
75898,101.61,1834,-95,1
75927,101.51,1827,-96,1
75956,101.93,1828,-99,1
75985,102.64,1825,-100,1
76014,103.04,1836,-98,1
76043,103.00,1835,-92,1
76072,103.01,1888,-80,1
76101,102.87,2078,-48,1
76130,102.72,2371,31,1
76159,102.47,2559,169,1
76188,102.39,2581,327,1
76218,102.29,2460,446,1
76247,102.37,2294,478,1
76276,102.31,2093,414,1
76305,102.19,1958,276,1
76334,102.04,1904,109,1
76363,101.90,1918,-36,0
76392,101.67,1942,-132,0
76421,101.58,1968,-171,0
76450,101.39,1969,-171,0
76479,101.34,1959,-152,0
76508,101.18,1919,-132,0
76537,101.15,1877,-124,0
76566,101.02,1856,-129,0
76595,100.88,1842,-142,1
76624,100.97,1834,-155,1
76653,101.46,1835,-162,1
76682,102.24,1837,-162,1
76710,102.53,1835,-155,1
76738,102.50,1834,-143,1
76767,102.49,1903,-123,1
76796,102.38,2166,-75,1
76825,102.16,2486,29,1
76854,101.87,2709,197,1
76883,101.91,2736,384,1
76913,101.83,2591,521,1
76942,101.80,2363,555,1
76971,101.77,2165,475,1
77000,101.79,2019,312,1
77029,101.60,1968,122,1
77058,101.44,1967,-42,1
77087,101.27,1995,-151,0
77116,101.08,2010,-200,0
77145,100.84,2000,-205,0
77174,100.72,1974,-191,0
77203,100.57,1934,-175,0
77232,100.59,1888,-171,0
77261,100.44,1851,-181,0
77290,100.49,1843,-196,0
77319,100.42,1861,-207,1
77348,100.78,1854,-208,1
77377,101.49,1845,-199,1
77406,101.94,1841,-185,1
77435,101.99,1865,-170,1
77464,102.12,1891,-150,1
77493,101.86,2128,-109,1
77521,101.70,2461,-14,1
77549,101.48,2738,149,1
77577,101.37,2832,351,1
77605,101.31,2763,524,1
77633,101.26,2550,603,1
77661,101.23,2315,562,1
77689,101.20,2129,417,1
77717,101.17,2015,218,1
77745,101.09,1984,20,1
77773,100.87,2012,-128,1
77801,100.62,2032,-210,1
77829,100.58,2023,-234,1
77857,100.48,1998,-227,1
77885,100.39,1968,-212,1
77913,100.24,1950,-201,0
77941,100.30,1932,-194,0
77969,100.39,1904,-194,0
77997,100.34,1875,-199,0
78026,100.55,1850,-207,0
78055,100.54,1859,-214,0
78084,101.25,1894,-210,0
78113,102.27,1930,-191,1
78142,102.62,1921,-160,1
78171,103.25,1921,-128,1
78200,103.75,2288,-78,1
78229,103.96,3052,65,1
78258,104.16,4095,389,1
78287,103.74,4095,859,1
78317,103.25,4095,1290,1
78346,102.62,4095,1544,1
78375,102.24,4095,1616,1
78404,102.02,4095,1553,1
78433,102.02,4095,1414,1
78462,101.96,4095,1246,1
78491,94.72,4095,1078,1
78520,87.06,3334,874,1
78549,81.22,2714,547,1
78578,76.01,2342,93,1
78607,71.47,2187,-385,1
78636,67.30,2220,-774,1
78665,63.66,2373,-1000,1
78694,60.17,2559,-1048,1
78723,57.13,2752,-951,1
78752,54.30,2914,-767,1
78780,51.86,3056,-551,1
78808,49.54,3175,-343,1
78836,47.26,3499,-151,1
78864,45.15,4095,62,1
78892,43.27,4095,311,1
78920,41.50,4095,523,1
78948,39.82,4095,638,1
78976,38.28,4095,660,1
79004,36.93,4095,616,1
79032,35.54,4095,537,1
79060,34.33,4095,446,1
79088,33.11,4095,357,1
79116,31.88,4095,278,1
79144,30.91,4095,208,1
79172,29.89,4095,147,1

#SUMMARY_START
Detector,Timestamp,Pressure,Confidence
BL_W60_T1.8_D5,74136,105,0.250
BL_W60_T1.8_D5,74854,103,0.210
BL_W60_T1.8_D5,75521,103,0.170
BL_W60_T1.8_D5,76188,102,0.130
BL_W60_T1.8_D5,76883,102,0.126
BL_W60_T1.8_D5,78287,104,0.050
BL_W60_T1.8_D5,26669,170,0.010
BL_W60_T1.8_D5,30124,160,0.010
BL_W60_T1.8_D5,31872,157,0.010
BL_W60_T1.8_D5,35233,150,0.010
BL_W60_T1.8_D5,45936,134,0.010
BL_W60_T1.8_D5,46313,133,0.010
BL_W60_T1.8_D5,49069,129,0.010
BL_W60_T1.8_D5,53001,124,0.010
BL_W60_T1.8_D5,55257,121,0.010
BL_W60_T1.8_D5,57376,120,0.010
BL_W60_T1.8_D5,60616,116,0.010
BL_W60_T1.8_D5,63778,113,0.010
BL_W60_T1.8_D5,66034,111,0.010
BL_W60_T1.8_D5,68461,109,0.010
BL_W60_T1.8_D10,28506,165,0.260
BL_W60_T1.8_D10,29225,163,0.126
BL_W60_T1.8_D10,30414,160,0.126
BL_W60_T1.8_D10,52044,125,0.126
BL_W60_T1.8_D10,62471,114,0.126
BL_W60_T1.8_D10,63807,113,0.050
BL_W60_T1.8_D10,26669,170,0.010
BL_W60_T1.8_D10,30095,160,0.010
BL_W60_T1.8_D10,31814,157,0.010
BL_W60_T1.8_D10,35262,150,0.010
BL_W60_T1.8_D10,41701,140,0.010
BL_W60_T1.8_D10,42078,139,0.010
BL_W60_T1.8_D10,45936,134,0.010
BL_W60_T1.8_D10,46284,133,0.010
BL_W60_T1.8_D10,49069,129,0.010
BL_W60_T1.8_D10,52595,124,0.010
BL_W60_T1.8_D10,53001,124,0.010
BL_W60_T1.8_D10,55257,121,0.010
BL_W60_T1.8_D10,57347,120,0.010
BL_W60_T1.8_D10,60674,116,0.010
BL_W60_T1.8_D12,74136,105,0.250
BL_W60_T1.8_D12,74854,103,0.210
BL_W60_T1.8_D12,75521,103,0.170
BL_W60_T1.8_D12,76188,102,0.130
BL_W60_T1.8_D12,30414,160,0.126
BL_W60_T1.8_D12,76883,102,0.126
BL_W60_T1.8_D12,78287,104,0.050
BL_W60_T1.8_D12,26641,170,0.010
BL_W60_T1.8_D12,30095,160,0.010
BL_W60_T1.8_D12,31843,157,0.010
BL_W60_T1.8_D12,35262,150,0.010
BL_W60_T1.8_D12,42078,139,0.010
BL_W60_T1.8_D12,45936,134,0.010
BL_W60_T1.8_D12,46284,133,0.010
BL_W60_T1.8_D12,49069,129,0.010
BL_W60_T1.8_D12,53001,124,0.010
BL_W60_T1.8_D12,57347,120,0.010
BL_W60_T1.8_D12,66034,111,0.010
BL_W60_T1.8_D12,68461,109,0.010
BL_W60_T1.8_D16,74136,105,0.250
BL_W60_T1.8_D16,74854,103,0.210
BL_W60_T1.8_D16,75521,103,0.170
BL_W60_T1.8_D16,76188,102,0.130
BL_W60_T1.8_D16,76883,102,0.126
BL_W60_T1.8_D16,78287,104,0.050
BL_W60_T1.8_D16,26669,170,0.010
BL_W60_T1.8_D16,30124,160,0.010
BL_W60_T1.8_D16,31872,157,0.010
BL_W60_T1.8_D16,35262,150,0.010
BL_W60_T1.8_D16,45936,134,0.010
BL_W60_T1.8_D16,46313,133,0.010
BL_W60_T1.8_D16,49069,129,0.010
BL_W60_T1.8_D16,53030,124,0.010
BL_W60_T1.8_D16,66034,111,0.010
BL_W60_T1.8_D16,68490,109,0.010
BL_W60_T1.9_D5,74136,105,0.250
BL_W60_T1.9_D5,74854,103,0.210
BL_W60_T1.9_D5,75550,103,0.170
BL_W60_T1.9_D5,76188,102,0.130
BL_W60_T1.9_D5,76883,102,0.126
BL_W60_T1.9_D5,78287,104,0.050
BL_W60_T1.9_D5,26697,170,0.010
BL_W60_T1.9_D5,30124,160,0.010
BL_W60_T1.9_D5,31872,157,0.010
BL_W60_T1.9_D5,35262,150,0.010
BL_W60_T1.9_D5,45936,134,0.010
BL_W60_T1.9_D5,46342,133,0.010
BL_W60_T1.9_D5,53001,124,0.010
BL_W60_T1.9_D5,55257,121,0.010
BL_W60_T1.9_D5,57376,120,0.010
BL_W60_T1.9_D5,60616,116,0.010
BL_W60_T1.9_D5,63778,113,0.010
BL_W60_T1.9_D5,66034,111,0.010
BL_W60_T1.9_D5,68461,109,0.010
BL_W60_T1.9_D10,28506,165,0.260
BL_W60_T1.9_D10,29225,163,0.126
BL_W60_T1.9_D10,30414,160,0.126
BL_W60_T1.9_D10,52044,125,0.126
BL_W60_T1.9_D10,62471,114,0.126
BL_W60_T1.9_D10,66034,111,0.050
BL_W60_T1.9_D10,26697,170,0.010
BL_W60_T1.9_D10,30095,160,0.010
BL_W60_T1.9_D10,31814,157,0.010
BL_W60_T1.9_D10,35262,150,0.010
BL_W60_T1.9_D10,41701,140,0.010
BL_W60_T1.9_D10,42078,139,0.010
BL_W60_T1.9_D10,45936,134,0.010
BL_W60_T1.9_D10,46284,133,0.010
BL_W60_T1.9_D10,52595,124,0.010
BL_W60_T1.9_D10,53001,124,0.010
BL_W60_T1.9_D10,55257,121,0.010
BL_W60_T1.9_D10,57347,120,0.010
BL_W60_T1.9_D10,60674,116,0.010
BL_W60_T1.9_D10,63807,113,0.010
BL_W60_T1.9_D12,74136,105,0.250
BL_W60_T1.9_D12,74854,103,0.210
BL_W60_T1.9_D12,75550,103,0.170
BL_W60_T1.9_D12,76188,102,0.130
BL_W60_T1.9_D12,30414,160,0.126
BL_W60_T1.9_D12,76883,102,0.126
BL_W60_T1.9_D12,78287,104,0.050
BL_W60_T1.9_D12,26641,170,0.010
BL_W60_T1.9_D12,30095,160,0.010
BL_W60_T1.9_D12,31843,157,0.010
BL_W60_T1.9_D12,35262,150,0.010
BL_W60_T1.9_D12,42078,139,0.010
BL_W60_T1.9_D12,45936,134,0.010
BL_W60_T1.9_D12,46284,133,0.010
BL_W60_T1.9_D12,49069,129,0.010
BL_W60_T1.9_D12,53001,124,0.010
BL_W60_T1.9_D12,57347,120,0.010
BL_W60_T1.9_D12,66034,111,0.010
BL_W60_T1.9_D12,68461,109,0.010
BL_W60_T1.9_D16,74136,105,0.250
BL_W60_T1.9_D16,74854,103,0.210
BL_W60_T1.9_D16,75550,103,0.170
BL_W60_T1.9_D16,76188,102,0.130
BL_W60_T1.9_D16,76883,102,0.126
BL_W60_T1.9_D16,78287,104,0.050
BL_W60_T1.9_D16,26669,170,0.010
BL_W60_T1.9_D16,30124,160,0.010
BL_W60_T1.9_D16,31872,157,0.010
BL_W60_T1.9_D16,35262,150,0.010
BL_W60_T1.9_D16,45936,134,0.010
BL_W60_T1.9_D16,46313,133,0.010
BL_W60_T1.9_D16,49069,129,0.010
BL_W60_T1.9_D16,53030,124,0.010
BL_W60_T1.9_D16,66034,111,0.010
BL_W60_T1.9_D16,68490,109,0.010
BL_W60_T2.0_D5,74136,105,0.250
BL_W60_T2.0_D5,74854,103,0.210
BL_W60_T2.0_D5,75550,103,0.170
BL_W60_T2.0_D5,76188,102,0.130
BL_W60_T2.0_D5,76883,102,0.126
BL_W60_T2.0_D5,78287,104,0.050
BL_W60_T2.0_D5,30124,160,0.010
BL_W60_T2.0_D5,31872,157,0.010
BL_W60_T2.0_D5,35262,150,0.010
BL_W60_T2.0_D5,45936,134,0.010
BL_W60_T2.0_D5,53001,124,0.010
BL_W60_T2.0_D5,60616,116,0.010
BL_W60_T2.0_D5,63778,113,0.010
BL_W60_T2.0_D5,66034,111,0.010
BL_W60_T2.0_D5,68490,109,0.010
BL_W60_T2.0_D10,28506,165,0.260
BL_W60_T2.0_D10,29225,163,0.126
BL_W60_T2.0_D10,30414,160,0.126
BL_W60_T2.0_D10,52044,125,0.126
BL_W60_T2.0_D10,62471,114,0.126
BL_W60_T2.0_D10,66034,111,0.126
BL_W60_T2.0_D10,67397,108,0.050
BL_W60_T2.0_D10,30095,160,0.010
BL_W60_T2.0_D10,31814,157,0.010
BL_W60_T2.0_D10,35262,150,0.010
BL_W60_T2.0_D10,41701,140,0.010
BL_W60_T2.0_D10,42078,139,0.010
BL_W60_T2.0_D10,45936,134,0.010
BL_W60_T2.0_D10,46284,133,0.010
BL_W60_T2.0_D10,52595,124,0.010
BL_W60_T2.0_D10,53001,124,0.010
BL_W60_T2.0_D10,55257,121,0.010
BL_W60_T2.0_D10,57347,120,0.010
BL_W60_T2.0_D10,60674,116,0.010
BL_W60_T2.0_D10,63807,113,0.010
BL_W60_T2.0_D12,74136,105,0.250
BL_W60_T2.0_D12,74854,103,0.210
BL_W60_T2.0_D12,75550,103,0.170
BL_W60_T2.0_D12,76188,102,0.130
BL_W60_T2.0_D12,30414,160,0.126
BL_W60_T2.0_D12,76883,102,0.126
BL_W60_T2.0_D12,78287,104,0.050
BL_W60_T2.0_D12,26641,170,0.010
BL_W60_T2.0_D12,30095,160,0.010
BL_W60_T2.0_D12,31843,157,0.010
BL_W60_T2.0_D12,35262,150,0.010
BL_W60_T2.0_D12,42078,139,0.010
BL_W60_T2.0_D12,45936,134,0.010
BL_W60_T2.0_D12,46284,133,0.010
BL_W60_T2.0_D12,49069,129,0.010
BL_W60_T2.0_D12,53001,124,0.010
BL_W60_T2.0_D12,57347,120,0.010
BL_W60_T2.0_D12,66034,111,0.010
BL_W60_T2.0_D12,68461,109,0.010
BL_W60_T2.0_D16,74136,105,0.250
BL_W60_T2.0_D16,74854,103,0.210
BL_W60_T2.0_D16,75550,103,0.170
BL_W60_T2.0_D16,76188,102,0.130
BL_W60_T2.0_D16,76883,102,0.126
BL_W60_T2.0_D16,78287,104,0.050
BL_W60_T2.0_D16,26669,170,0.010
BL_W60_T2.0_D16,30124,160,0.010
BL_W60_T2.0_D16,31872,157,0.010
BL_W60_T2.0_D16,35262,150,0.010
BL_W60_T2.0_D16,45936,134,0.010
BL_W60_T2.0_D16,46313,133,0.010
BL_W60_T2.0_D16,49069,129,0.010
BL_W60_T2.0_D16,53030,124,0.010
BL_W60_T2.0_D16,66034,111,0.010
BL_W60_T2.0_D16,68490,109,0.010
BL_W60_T2.2_D5,74136,105,0.250
BL_W60_T2.2_D5,74854,103,0.210
BL_W60_T2.2_D5,75550,103,0.170
BL_W60_T2.2_D5,76218,102,0.130
BL_W60_T2.2_D5,76913,102,0.126
BL_W60_T2.2_D5,78287,104,0.050
BL_W60_T2.2_D5,35262,150,0.010
BL_W60_T2.2_D5,45936,134,0.010
BL_W60_T2.2_D5,53030,124,0.010
BL_W60_T2.2_D5,60616,116,0.010
BL_W60_T2.2_D5,63778,113,0.010
BL_W60_T2.2_D5,66034,111,0.010
BL_W60_T2.2_D5,68490,109,0.010
BL_W60_T2.2_D10,28506,165,0.260
BL_W60_T2.2_D10,29225,163,0.126
BL_W60_T2.2_D10,30414,160,0.126
BL_W60_T2.2_D10,52044,125,0.126
BL_W60_T2.2_D10,62471,114,0.126
BL_W60_T2.2_D10,66034,111,0.126
BL_W60_T2.2_D10,67397,108,0.050
BL_W60_T2.2_D10,30095,160,0.010
BL_W60_T2.2_D10,31814,157,0.010
BL_W60_T2.2_D10,35262,150,0.010
BL_W60_T2.2_D10,41701,140,0.010
BL_W60_T2.2_D10,42078,139,0.010
BL_W60_T2.2_D10,45936,134,0.010
BL_W60_T2.2_D10,46284,133,0.010
BL_W60_T2.2_D10,52595,124,0.010
BL_W60_T2.2_D10,53001,124,0.010
BL_W60_T2.2_D10,55257,121,0.010
BL_W60_T2.2_D10,57347,120,0.010
BL_W60_T2.2_D10,60674,116,0.010
BL_W60_T2.2_D10,63807,113,0.010
BL_W60_T2.2_D12,74136,105,0.250
BL_W60_T2.2_D12,74854,103,0.210
BL_W60_T2.2_D12,75550,103,0.170
BL_W60_T2.2_D12,76218,102,0.130
BL_W60_T2.2_D12,30414,160,0.126
BL_W60_T2.2_D12,76913,102,0.126
BL_W60_T2.2_D12,78287,104,0.050
BL_W60_T2.2_D12,26641,170,0.010
BL_W60_T2.2_D12,30095,160,0.010
BL_W60_T2.2_D12,31843,157,0.010
BL_W60_T2.2_D12,35262,150,0.010
BL_W60_T2.2_D12,42078,139,0.010
BL_W60_T2.2_D12,45936,134,0.010
BL_W60_T2.2_D12,46284,133,0.010
BL_W60_T2.2_D12,49069,129,0.010
BL_W60_T2.2_D12,53001,124,0.010
BL_W60_T2.2_D12,57347,120,0.010
BL_W60_T2.2_D12,66034,111,0.010
BL_W60_T2.2_D12,68461,109,0.010
BL_W60_T2.2_D16,74136,105,0.250
BL_W60_T2.2_D16,74854,103,0.210
BL_W60_T2.2_D16,75550,103,0.170
BL_W60_T2.2_D16,76218,102,0.130
BL_W60_T2.2_D16,76913,102,0.126
BL_W60_T2.2_D16,78287,104,0.050
BL_W60_T2.2_D16,26669,170,0.010
BL_W60_T2.2_D16,30124,160,0.010
BL_W60_T2.2_D16,31872,157,0.010
BL_W60_T2.2_D16,35262,150,0.010
BL_W60_T2.2_D16,45936,134,0.010
BL_W60_T2.2_D16,46313,133,0.010
BL_W60_T2.2_D16,49069,129,0.010
BL_W60_T2.2_D16,53030,124,0.010
BL_W60_T2.2_D16,66034,111,0.010
BL_W60_T2.2_D16,68490,109,0.010
BL_W70_T1.8_D5,74136,105,0.250
BL_W70_T1.8_D5,74854,103,0.210
BL_W70_T1.8_D5,75521,103,0.170
BL_W70_T1.8_D5,76188,102,0.130
BL_W70_T1.8_D5,56796,120,0.126
BL_W70_T1.8_D5,60616,116,0.126
BL_W70_T1.8_D5,76883,102,0.126
BL_W70_T1.8_D5,78287,104,0.050
BL_W70_T1.8_D5,26669,170,0.010
BL_W70_T1.8_D5,30095,160,0.010
BL_W70_T1.8_D5,31872,157,0.010
BL_W70_T1.8_D5,35262,150,0.010
BL_W70_T1.8_D5,45936,134,0.010
BL_W70_T1.8_D5,46313,133,0.010
BL_W70_T1.8_D5,53001,124,0.010
BL_W70_T1.8_D5,57347,120,0.010
BL_W70_T1.8_D5,61109,115,0.010
BL_W70_T1.8_D5,63807,113,0.010
BL_W70_T1.8_D5,66034,111,0.010
BL_W70_T1.8_D5,68287,108,0.010
BL_W70_T1.8_D10,30414,160,0.126
BL_W70_T1.8_D10,52044,125,0.126
BL_W70_T1.8_D10,62471,114,0.126
BL_W70_T1.8_D10,68287,108,0.126
BL_W70_T1.8_D10,68780,108,0.050
BL_W70_T1.8_D10,26669,170,0.010
BL_W70_T1.8_D10,30095,160,0.010
BL_W70_T1.8_D10,31814,157,0.010
BL_W70_T1.8_D10,35262,150,0.010
BL_W70_T1.8_D10,41701,140,0.010
BL_W70_T1.8_D10,42078,139,0.010
BL_W70_T1.8_D10,45936,134,0.010
BL_W70_T1.8_D10,46284,133,0.010
BL_W70_T1.8_D10,52595,124,0.010
BL_W70_T1.8_D10,53001,124,0.010
BL_W70_T1.8_D10,55257,121,0.010
BL_W70_T1.8_D10,57347,120,0.010
BL_W70_T1.8_D10,60674,116,0.010
BL_W70_T1.8_D10,63807,113,0.010
BL_W70_T1.8_D10,66034,111,0.010
BL_W70_T1.8_D12,74136,105,0.420
BL_W70_T1.8_D12,74854,103,0.340
BL_W70_T1.8_D12,75521,103,0.260
BL_W70_T1.8_D12,30414,160,0.126
BL_W70_T1.8_D12,76188,102,0.126
BL_W70_T1.8_D12,76883,102,0.050
BL_W70_T1.8_D12,26641,170,0.010
BL_W70_T1.8_D12,30095,160,0.010
BL_W70_T1.8_D12,31843,157,0.010
BL_W70_T1.8_D12,35262,150,0.010
BL_W70_T1.8_D12,42078,139,0.010
BL_W70_T1.8_D12,45936,134,0.010
BL_W70_T1.8_D12,46284,133,0.010
BL_W70_T1.8_D12,49069,129,0.010
BL_W70_T1.8_D12,53001,124,0.010
BL_W70_T1.8_D12,57347,120,0.010
BL_W70_T1.8_D12,63836,113,0.010
BL_W70_T1.8_D12,66034,111,0.010
BL_W70_T1.8_D12,68461,109,0.010
BL_W70_T1.8_D12,71182,105,0.010
BL_W70_T1.8_D16,74136,105,0.250
BL_W70_T1.8_D16,74854,103,0.210
BL_W70_T1.8_D16,75521,103,0.170
BL_W70_T1.8_D16,76188,102,0.130
BL_W70_T1.8_D16,76883,102,0.126
BL_W70_T1.8_D16,78287,104,0.050
BL_W70_T1.8_D16,26641,170,0.010
BL_W70_T1.8_D16,30124,160,0.010
BL_W70_T1.8_D16,31872,157,0.010
BL_W70_T1.8_D16,35262,150,0.010
BL_W70_T1.8_D16,45936,134,0.010
BL_W70_T1.8_D16,46313,133,0.010
BL_W70_T1.8_D16,49069,129,0.010
BL_W70_T1.8_D16,53030,124,0.010
BL_W70_T1.8_D16,66034,111,0.010
BL_W70_T1.8_D16,68490,109,0.010
BL_W70_T1.9_D5,74136,105,0.250
BL_W70_T1.9_D5,74854,103,0.210
BL_W70_T1.9_D5,75521,103,0.170
BL_W70_T1.9_D5,76188,102,0.130
BL_W70_T1.9_D5,56796,120,0.126
BL_W70_T1.9_D5,60616,116,0.126
BL_W70_T1.9_D5,76883,102,0.126
BL_W70_T1.9_D5,78287,104,0.050
BL_W70_T1.9_D5,26669,170,0.010
BL_W70_T1.9_D5,30124,160,0.010
BL_W70_T1.9_D5,31872,157,0.010
BL_W70_T1.9_D5,35262,150,0.010
BL_W70_T1.9_D5,45936,134,0.010
BL_W70_T1.9_D5,46342,133,0.010
BL_W70_T1.9_D5,53001,124,0.010
BL_W70_T1.9_D5,57376,120,0.010
BL_W70_T1.9_D5,61109,115,0.010
BL_W70_T1.9_D5,63836,113,0.010
BL_W70_T1.9_D5,66034,111,0.010
BL_W70_T1.9_D5,68461,109,0.010
BL_W70_T1.9_D10,30414,160,0.126
BL_W70_T1.9_D10,52044,125,0.126
BL_W70_T1.9_D10,62471,114,0.126
BL_W70_T1.9_D10,68287,108,0.126
BL_W70_T1.9_D10,68780,108,0.050
BL_W70_T1.9_D10,26669,170,0.010
BL_W70_T1.9_D10,30095,160,0.010
BL_W70_T1.9_D10,31814,157,0.010
BL_W70_T1.9_D10,35262,150,0.010
BL_W70_T1.9_D10,41701,140,0.010
BL_W70_T1.9_D10,42078,139,0.010
BL_W70_T1.9_D10,45936,134,0.010
BL_W70_T1.9_D10,46284,133,0.010
BL_W70_T1.9_D10,52595,124,0.010
BL_W70_T1.9_D10,53001,124,0.010
BL_W70_T1.9_D10,55257,121,0.010
BL_W70_T1.9_D10,57347,120,0.010
BL_W70_T1.9_D10,60674,116,0.010
BL_W70_T1.9_D10,63807,113,0.010
BL_W70_T1.9_D10,66034,111,0.010
BL_W70_T1.9_D12,74136,105,0.420
BL_W70_T1.9_D12,74854,103,0.340
BL_W70_T1.9_D12,75521,103,0.260
BL_W70_T1.9_D12,30414,160,0.126
BL_W70_T1.9_D12,76188,102,0.126
BL_W70_T1.9_D12,76883,102,0.050
BL_W70_T1.9_D12,26641,170,0.010
BL_W70_T1.9_D12,30095,160,0.010
BL_W70_T1.9_D12,31843,157,0.010
BL_W70_T1.9_D12,35262,150,0.010
BL_W70_T1.9_D12,42078,139,0.010
BL_W70_T1.9_D12,45936,134,0.010
BL_W70_T1.9_D12,46284,133,0.010
BL_W70_T1.9_D12,49069,129,0.010
BL_W70_T1.9_D12,53001,124,0.010
BL_W70_T1.9_D12,57347,120,0.010
BL_W70_T1.9_D12,63836,113,0.010
BL_W70_T1.9_D12,66034,111,0.010
BL_W70_T1.9_D12,68461,109,0.010
BL_W70_T1.9_D12,71182,105,0.010
BL_W70_T1.9_D16,74136,105,0.250
BL_W70_T1.9_D16,74854,103,0.210
BL_W70_T1.9_D16,75521,103,0.170
BL_W70_T1.9_D16,76188,102,0.130
BL_W70_T1.9_D16,76883,102,0.126
BL_W70_T1.9_D16,78287,104,0.050
BL_W70_T1.9_D16,26641,170,0.010
BL_W70_T1.9_D16,30124,160,0.010
BL_W70_T1.9_D16,31872,157,0.010
BL_W70_T1.9_D16,35262,150,0.010
BL_W70_T1.9_D16,45936,134,0.010
BL_W70_T1.9_D16,46313,133,0.010
BL_W70_T1.9_D16,49069,129,0.010
BL_W70_T1.9_D16,53030,124,0.010
BL_W70_T1.9_D16,66034,111,0.010
BL_W70_T1.9_D16,68490,109,0.010
BL_W70_T2.0_D5,74136,105,0.250
BL_W70_T2.0_D5,74854,103,0.210
BL_W70_T2.0_D5,75521,103,0.170
BL_W70_T2.0_D5,76218,102,0.130
BL_W70_T2.0_D5,56796,120,0.126
BL_W70_T2.0_D5,60616,116,0.126
BL_W70_T2.0_D5,76883,102,0.126
BL_W70_T2.0_D5,78287,104,0.050
BL_W70_T2.0_D5,26697,170,0.010
BL_W70_T2.0_D5,30124,160,0.010
BL_W70_T2.0_D5,31872,157,0.010
BL_W70_T2.0_D5,35262,150,0.010
BL_W70_T2.0_D5,45936,134,0.010
BL_W70_T2.0_D5,53030,124,0.010
BL_W70_T2.0_D5,57376,120,0.010
BL_W70_T2.0_D5,61109,115,0.010
BL_W70_T2.0_D5,63836,113,0.010
BL_W70_T2.0_D5,66034,111,0.010
BL_W70_T2.0_D5,68461,109,0.010
BL_W70_T2.0_D10,30414,160,0.126
BL_W70_T2.0_D10,52044,125,0.126
BL_W70_T2.0_D10,62471,114,0.126
BL_W70_T2.0_D10,68287,108,0.126
BL_W70_T2.0_D10,68780,108,0.050
BL_W70_T2.0_D10,26697,170,0.010
BL_W70_T2.0_D10,30095,160,0.010
BL_W70_T2.0_D10,31814,157,0.010
BL_W70_T2.0_D10,35262,150,0.010
BL_W70_T2.0_D10,41701,140,0.010
BL_W70_T2.0_D10,42078,139,0.010
BL_W70_T2.0_D10,45936,134,0.010
BL_W70_T2.0_D10,46284,133,0.010
BL_W70_T2.0_D10,52595,124,0.010
BL_W70_T2.0_D10,53001,124,0.010
BL_W70_T2.0_D10,55257,121,0.010
BL_W70_T2.0_D10,57347,120,0.010
BL_W70_T2.0_D10,60674,116,0.010
BL_W70_T2.0_D10,63807,113,0.010
BL_W70_T2.0_D10,66034,111,0.010
BL_W70_T2.0_D12,74136,105,0.420
BL_W70_T2.0_D12,74854,103,0.340
BL_W70_T2.0_D12,75521,103,0.260
BL_W70_T2.0_D12,30414,160,0.126
BL_W70_T2.0_D12,76218,102,0.126
BL_W70_T2.0_D12,76883,102,0.050
BL_W70_T2.0_D12,26641,170,0.010
BL_W70_T2.0_D12,30095,160,0.010
BL_W70_T2.0_D12,31843,157,0.010
BL_W70_T2.0_D12,35262,150,0.010
BL_W70_T2.0_D12,42078,139,0.010
BL_W70_T2.0_D12,45936,134,0.010
BL_W70_T2.0_D12,46284,133,0.010
BL_W70_T2.0_D12,49069,129,0.010
BL_W70_T2.0_D12,53001,124,0.010
BL_W70_T2.0_D12,57347,120,0.010
BL_W70_T2.0_D12,63836,113,0.010
BL_W70_T2.0_D12,66034,111,0.010
BL_W70_T2.0_D12,68461,109,0.010
BL_W70_T2.0_D12,71182,105,0.010
BL_W70_T2.0_D16,74136,105,0.250
BL_W70_T2.0_D16,74854,103,0.210
BL_W70_T2.0_D16,75521,103,0.170
BL_W70_T2.0_D16,76218,102,0.130
BL_W70_T2.0_D16,76883,102,0.126
BL_W70_T2.0_D16,78287,104,0.050
BL_W70_T2.0_D16,26641,170,0.010
BL_W70_T2.0_D16,30124,160,0.010
BL_W70_T2.0_D16,31872,157,0.010
BL_W70_T2.0_D16,35262,150,0.010
BL_W70_T2.0_D16,45936,134,0.010
BL_W70_T2.0_D16,46313,133,0.010
BL_W70_T2.0_D16,49069,129,0.010
BL_W70_T2.0_D16,53030,124,0.010
BL_W70_T2.0_D16,66034,111,0.010
BL_W70_T2.0_D16,68490,109,0.010
BL_W70_T2.2_D5,74136,105,0.250
BL_W70_T2.2_D5,74854,103,0.210
BL_W70_T2.2_D5,75550,103,0.170
BL_W70_T2.2_D5,76218,102,0.130
BL_W70_T2.2_D5,60616,116,0.126
BL_W70_T2.2_D5,76913,102,0.126
BL_W70_T2.2_D5,78287,104,0.050
BL_W70_T2.2_D5,30124,160,0.010
BL_W70_T2.2_D5,35262,150,0.010
BL_W70_T2.2_D5,45936,134,0.010
BL_W70_T2.2_D5,56796,120,0.010
BL_W70_T2.2_D5,61109,115,0.010
BL_W70_T2.2_D5,63836,113,0.010
BL_W70_T2.2_D5,66034,111,0.010
BL_W70_T2.2_D5,68490,109,0.010
BL_W70_T2.2_D10,30414,160,0.126
BL_W70_T2.2_D10,52044,125,0.126
BL_W70_T2.2_D10,62471,114,0.126
BL_W70_T2.2_D10,68287,108,0.126
BL_W70_T2.2_D10,71182,105,0.050
BL_W70_T2.2_D10,30095,160,0.010
BL_W70_T2.2_D10,31814,157,0.010
BL_W70_T2.2_D10,35262,150,0.010
BL_W70_T2.2_D10,41701,140,0.010
BL_W70_T2.2_D10,42078,139,0.010
BL_W70_T2.2_D10,45936,134,0.010
BL_W70_T2.2_D10,46284,133,0.010
BL_W70_T2.2_D10,52595,124,0.010
BL_W70_T2.2_D10,53001,124,0.010
BL_W70_T2.2_D10,55257,121,0.010
BL_W70_T2.2_D10,57347,120,0.010
BL_W70_T2.2_D10,60674,116,0.010
BL_W70_T2.2_D10,63807,113,0.010
BL_W70_T2.2_D10,66034,111,0.010
BL_W70_T2.2_D10,68780,108,0.010
BL_W70_T2.2_D12,74136,105,0.420
BL_W70_T2.2_D12,74854,103,0.340
BL_W70_T2.2_D12,75550,103,0.260
BL_W70_T2.2_D12,30414,160,0.126
BL_W70_T2.2_D12,76218,102,0.126
BL_W70_T2.2_D12,76913,102,0.050
BL_W70_T2.2_D12,26641,170,0.010
BL_W70_T2.2_D12,30095,160,0.010
BL_W70_T2.2_D12,31843,157,0.010
BL_W70_T2.2_D12,35262,150,0.010
BL_W70_T2.2_D12,42078,139,0.010
BL_W70_T2.2_D12,45936,134,0.010
BL_W70_T2.2_D12,46284,133,0.010
BL_W70_T2.2_D12,49069,129,0.010
BL_W70_T2.2_D12,53001,124,0.010
BL_W70_T2.2_D12,57347,120,0.010
BL_W70_T2.2_D12,63836,113,0.010
BL_W70_T2.2_D12,66034,111,0.010
BL_W70_T2.2_D12,68461,109,0.010
BL_W70_T2.2_D12,71182,105,0.010
BL_W70_T2.2_D16,74136,105,0.250
BL_W70_T2.2_D16,74854,103,0.210
BL_W70_T2.2_D16,75550,103,0.170
BL_W70_T2.2_D16,76218,102,0.130
BL_W70_T2.2_D16,76913,102,0.126
BL_W70_T2.2_D16,78287,104,0.050
BL_W70_T2.2_D16,26641,170,0.010
BL_W70_T2.2_D16,30124,160,0.010
BL_W70_T2.2_D16,31872,157,0.010
BL_W70_T2.2_D16,35262,150,0.010
BL_W70_T2.2_D16,45936,134,0.010
BL_W70_T2.2_D16,46313,133,0.010
BL_W70_T2.2_D16,49069,129,0.010
BL_W70_T2.2_D16,53030,124,0.010
BL_W70_T2.2_D16,66034,111,0.010
BL_W70_T2.2_D16,68490,109,0.010
BL_W80_T1.8_D5,74136,105,0.250
BL_W80_T1.8_D5,74854,103,0.210
BL_W80_T1.8_D5,75521,103,0.170
BL_W80_T1.8_D5,76188,102,0.130
BL_W80_T1.8_D5,52073,125,0.126
BL_W80_T1.8_D5,76883,102,0.126
BL_W80_T1.8_D5,78287,104,0.050
BL_W80_T1.8_D5,30124,160,0.010
BL_W80_T1.8_D5,31872,157,0.010
BL_W80_T1.8_D5,35262,150,0.010
BL_W80_T1.8_D5,45936,134,0.010
BL_W80_T1.8_D5,46313,133,0.010
BL_W80_T1.8_D5,53001,124,0.010
BL_W80_T1.8_D5,57376,120,0.010
BL_W80_T1.8_D5,60674,116,0.010
BL_W80_T1.8_D5,66034,111,0.010
BL_W80_T1.8_D5,68461,109,0.010
BL_W80_T1.8_D10,29225,163,0.126
BL_W80_T1.8_D10,30414,160,0.126
BL_W80_T1.8_D10,52044,125,0.126
BL_W80_T1.8_D10,62471,114,0.126
BL_W80_T1.8_D10,68287,108,0.126
BL_W80_T1.8_D10,68780,108,0.050
BL_W80_T1.8_D10,30095,160,0.010
BL_W80_T1.8_D10,31814,157,0.010
BL_W80_T1.8_D10,35262,150,0.010
BL_W80_T1.8_D10,41701,140,0.010
BL_W80_T1.8_D10,42078,139,0.010
BL_W80_T1.8_D10,45936,134,0.010
BL_W80_T1.8_D10,46284,133,0.010
BL_W80_T1.8_D10,52595,124,0.010
BL_W80_T1.8_D10,53001,124,0.010
BL_W80_T1.8_D10,55257,121,0.010
BL_W80_T1.8_D10,57347,120,0.010
BL_W80_T1.8_D10,60674,116,0.010
BL_W80_T1.8_D10,63836,113,0.010
BL_W80_T1.8_D10,66034,111,0.010
BL_W80_T1.8_D12,74136,105,0.420
BL_W80_T1.8_D12,74854,103,0.340
BL_W80_T1.8_D12,75521,103,0.260
BL_W80_T1.8_D12,30414,160,0.126
BL_W80_T1.8_D12,52073,125,0.126
BL_W80_T1.8_D12,76188,102,0.126
BL_W80_T1.8_D12,76883,102,0.050
BL_W80_T1.8_D12,30095,160,0.010
BL_W80_T1.8_D12,31843,157,0.010
BL_W80_T1.8_D12,35262,150,0.010
BL_W80_T1.8_D12,42078,139,0.010
BL_W80_T1.8_D12,45936,134,0.010
BL_W80_T1.8_D12,46284,133,0.010
BL_W80_T1.8_D12,49069,129,0.010
BL_W80_T1.8_D12,53001,124,0.010
BL_W80_T1.8_D12,57347,120,0.010
BL_W80_T1.8_D12,60674,116,0.010
BL_W80_T1.8_D12,66034,111,0.010
BL_W80_T1.8_D12,68461,109,0.010
BL_W80_T1.8_D12,71182,105,0.010
BL_W80_T1.8_D16,74136,105,0.250
BL_W80_T1.8_D16,74854,103,0.210
BL_W80_T1.8_D16,75521,103,0.170
BL_W80_T1.8_D16,76188,102,0.130
BL_W80_T1.8_D16,76883,102,0.126
BL_W80_T1.8_D16,78287,104,0.050
BL_W80_T1.8_D16,30124,160,0.010
BL_W80_T1.8_D16,31872,157,0.010
BL_W80_T1.8_D16,35262,150,0.010
BL_W80_T1.8_D16,45936,134,0.010
BL_W80_T1.8_D16,46313,133,0.010
BL_W80_T1.8_D16,49069,129,0.010
BL_W80_T1.8_D16,53030,124,0.010
BL_W80_T1.8_D16,66034,111,0.010
BL_W80_T1.8_D16,68490,109,0.010
BL_W80_T1.9_D5,74136,105,0.250
BL_W80_T1.9_D5,74854,103,0.210
BL_W80_T1.9_D5,75521,103,0.170
BL_W80_T1.9_D5,76188,102,0.130
BL_W80_T1.9_D5,76883,102,0.126
BL_W80_T1.9_D5,78287,104,0.050
BL_W80_T1.9_D5,30124,160,0.010
BL_W80_T1.9_D5,31872,157,0.010
BL_W80_T1.9_D5,35262,150,0.010
BL_W80_T1.9_D5,45936,134,0.010
BL_W80_T1.9_D5,46342,133,0.010
BL_W80_T1.9_D5,53001,124,0.010
BL_W80_T1.9_D5,57376,120,0.010
BL_W80_T1.9_D5,60674,116,0.010
BL_W80_T1.9_D5,66034,111,0.010
BL_W80_T1.9_D5,68461,109,0.010
BL_W80_T1.9_D10,29225,163,0.126
BL_W80_T1.9_D10,30414,160,0.126
BL_W80_T1.9_D10,52044,125,0.126
BL_W80_T1.9_D10,62471,114,0.126
BL_W80_T1.9_D10,68287,108,0.126
BL_W80_T1.9_D10,68780,108,0.050
BL_W80_T1.9_D10,30095,160,0.010
BL_W80_T1.9_D10,31814,157,0.010
BL_W80_T1.9_D10,35262,150,0.010
BL_W80_T1.9_D10,41701,140,0.010
BL_W80_T1.9_D10,42078,139,0.010
BL_W80_T1.9_D10,45936,134,0.010
BL_W80_T1.9_D10,46284,133,0.010
BL_W80_T1.9_D10,52595,124,0.010
BL_W80_T1.9_D10,53001,124,0.010
BL_W80_T1.9_D10,55257,121,0.010
BL_W80_T1.9_D10,57347,120,0.010
BL_W80_T1.9_D10,60674,116,0.010
BL_W80_T1.9_D10,63836,113,0.010
BL_W80_T1.9_D10,66034,111,0.010
BL_W80_T1.9_D12,74136,105,0.420
BL_W80_T1.9_D12,74854,103,0.340
BL_W80_T1.9_D12,75521,103,0.260
BL_W80_T1.9_D12,30414,160,0.126
BL_W80_T1.9_D12,52073,125,0.126
BL_W80_T1.9_D12,76188,102,0.126
BL_W80_T1.9_D12,76883,102,0.050
BL_W80_T1.9_D12,30095,160,0.010
BL_W80_T1.9_D12,31843,157,0.010
BL_W80_T1.9_D12,35262,150,0.010
BL_W80_T1.9_D12,42078,139,0.010
BL_W80_T1.9_D12,45936,134,0.010
BL_W80_T1.9_D12,46284,133,0.010
BL_W80_T1.9_D12,49069,129,0.010
BL_W80_T1.9_D12,53001,124,0.010
BL_W80_T1.9_D12,57347,120,0.010
BL_W80_T1.9_D12,60674,116,0.010
BL_W80_T1.9_D12,66034,111,0.010
BL_W80_T1.9_D12,68461,109,0.010
BL_W80_T1.9_D12,71182,105,0.010
BL_W80_T1.9_D16,74136,105,0.250
BL_W80_T1.9_D16,74854,103,0.210
BL_W80_T1.9_D16,75521,103,0.170
BL_W80_T1.9_D16,76188,102,0.130
BL_W80_T1.9_D16,76883,102,0.126
BL_W80_T1.9_D16,78287,104,0.050
BL_W80_T1.9_D16,30124,160,0.010
BL_W80_T1.9_D16,31872,157,0.010
BL_W80_T1.9_D16,35262,150,0.010
BL_W80_T1.9_D16,45936,134,0.010
BL_W80_T1.9_D16,46313,133,0.010
BL_W80_T1.9_D16,49069,129,0.010
BL_W80_T1.9_D16,53030,124,0.010
BL_W80_T1.9_D16,66034,111,0.010
BL_W80_T1.9_D16,68490,109,0.010
BL_W80_T2.0_D5,74136,105,0.250
BL_W80_T2.0_D5,74854,103,0.210
BL_W80_T2.0_D5,75521,103,0.170
BL_W80_T2.0_D5,76188,102,0.130
BL_W80_T2.0_D5,76883,102,0.126
BL_W80_T2.0_D5,78287,104,0.050
BL_W80_T2.0_D5,30124,160,0.010
BL_W80_T2.0_D5,31872,157,0.010
BL_W80_T2.0_D5,35262,150,0.010
BL_W80_T2.0_D5,45936,134,0.010
BL_W80_T2.0_D5,46342,133,0.010
BL_W80_T2.0_D5,53001,124,0.010
BL_W80_T2.0_D5,60674,116,0.010
BL_W80_T2.0_D5,66034,111,0.010
BL_W80_T2.0_D5,68461,109,0.010
BL_W80_T2.0_D10,29225,163,0.126
BL_W80_T2.0_D10,30414,160,0.126
BL_W80_T2.0_D10,52044,125,0.126
BL_W80_T2.0_D10,62471,114,0.126
BL_W80_T2.0_D10,68287,108,0.126
BL_W80_T2.0_D10,68780,108,0.050
BL_W80_T2.0_D10,30095,160,0.010
BL_W80_T2.0_D10,31814,157,0.010
BL_W80_T2.0_D10,35262,150,0.010
BL_W80_T2.0_D10,41701,140,0.010
BL_W80_T2.0_D10,42078,139,0.010
BL_W80_T2.0_D10,45936,134,0.010
BL_W80_T2.0_D10,46284,133,0.010
BL_W80_T2.0_D10,52595,124,0.010
BL_W80_T2.0_D10,53001,124,0.010
BL_W80_T2.0_D10,55257,121,0.010
BL_W80_T2.0_D10,57347,120,0.010
BL_W80_T2.0_D10,60674,116,0.010
BL_W80_T2.0_D10,63836,113,0.010
BL_W80_T2.0_D10,66034,111,0.010
BL_W80_T2.0_D12,74136,105,0.420
BL_W80_T2.0_D12,74854,103,0.340
BL_W80_T2.0_D12,75521,103,0.260
BL_W80_T2.0_D12,30414,160,0.126
BL_W80_T2.0_D12,52073,125,0.126
BL_W80_T2.0_D12,76188,102,0.126
BL_W80_T2.0_D12,76883,102,0.050
BL_W80_T2.0_D12,30095,160,0.010
BL_W80_T2.0_D12,31843,157,0.010
BL_W80_T2.0_D12,35262,150,0.010
BL_W80_T2.0_D12,42078,139,0.010
BL_W80_T2.0_D12,45936,134,0.010
BL_W80_T2.0_D12,46284,133,0.010
BL_W80_T2.0_D12,49069,129,0.010
BL_W80_T2.0_D12,53001,124,0.010
BL_W80_T2.0_D12,57347,120,0.010
BL_W80_T2.0_D12,60674,116,0.010
BL_W80_T2.0_D12,66034,111,0.010
BL_W80_T2.0_D12,68461,109,0.010
BL_W80_T2.0_D12,71182,105,0.010
BL_W80_T2.0_D16,74136,105,0.250
BL_W80_T2.0_D16,74854,103,0.210
BL_W80_T2.0_D16,75521,103,0.170
BL_W80_T2.0_D16,76188,102,0.130
BL_W80_T2.0_D16,76883,102,0.126
BL_W80_T2.0_D16,78287,104,0.050
BL_W80_T2.0_D16,30124,160,0.010
BL_W80_T2.0_D16,31872,157,0.010
BL_W80_T2.0_D16,35262,150,0.010
BL_W80_T2.0_D16,45936,134,0.010
BL_W80_T2.0_D16,46313,133,0.010
BL_W80_T2.0_D16,49069,129,0.010
BL_W80_T2.0_D16,53030,124,0.010
BL_W80_T2.0_D16,66034,111,0.010
BL_W80_T2.0_D16,68490,109,0.010
BL_W80_T2.2_D5,74136,105,0.250
BL_W80_T2.2_D5,74854,103,0.210
BL_W80_T2.2_D5,75550,103,0.170
BL_W80_T2.2_D5,76218,102,0.130
BL_W80_T2.2_D5,76913,102,0.126
BL_W80_T2.2_D5,78287,104,0.050
BL_W80_T2.2_D5,35262,150,0.010
BL_W80_T2.2_D5,45965,133,0.010
BL_W80_T2.2_D5,53030,124,0.010
BL_W80_T2.2_D5,60674,116,0.010
BL_W80_T2.2_D5,66034,111,0.010
BL_W80_T2.2_D5,68490,109,0.010
BL_W80_T2.2_D10,29225,163,0.126
BL_W80_T2.2_D10,30414,160,0.126
BL_W80_T2.2_D10,52044,125,0.126
BL_W80_T2.2_D10,62471,114,0.126
BL_W80_T2.2_D10,68287,108,0.126
BL_W80_T2.2_D10,68780,108,0.050
BL_W80_T2.2_D10,30095,160,0.010
BL_W80_T2.2_D10,31814,157,0.010
BL_W80_T2.2_D10,35262,150,0.010
BL_W80_T2.2_D10,41701,140,0.010
BL_W80_T2.2_D10,42078,139,0.010
BL_W80_T2.2_D10,45936,134,0.010
BL_W80_T2.2_D10,46284,133,0.010
BL_W80_T2.2_D10,52595,124,0.010
BL_W80_T2.2_D10,53001,124,0.010
BL_W80_T2.2_D10,55257,121,0.010
BL_W80_T2.2_D10,57347,120,0.010
BL_W80_T2.2_D10,60674,116,0.010
BL_W80_T2.2_D10,63836,113,0.010
BL_W80_T2.2_D10,66034,111,0.010
BL_W80_T2.2_D12,74136,105,0.420
BL_W80_T2.2_D12,74854,103,0.340
BL_W80_T2.2_D12,75550,103,0.260
BL_W80_T2.2_D12,30414,160,0.126
BL_W80_T2.2_D12,52073,125,0.126
BL_W80_T2.2_D12,76218,102,0.126
BL_W80_T2.2_D12,76913,102,0.050
BL_W80_T2.2_D12,30095,160,0.010
BL_W80_T2.2_D12,31843,157,0.010
BL_W80_T2.2_D12,35262,150,0.010
BL_W80_T2.2_D12,42078,139,0.010
BL_W80_T2.2_D12,45936,134,0.010
BL_W80_T2.2_D12,46284,133,0.010
BL_W80_T2.2_D12,49069,129,0.010
BL_W80_T2.2_D12,53001,124,0.010
BL_W80_T2.2_D12,57347,120,0.010
BL_W80_T2.2_D12,60674,116,0.010
BL_W80_T2.2_D12,66034,111,0.010
BL_W80_T2.2_D12,68461,109,0.010
BL_W80_T2.2_D12,71182,105,0.010
BL_W80_T2.2_D16,74136,105,0.250
BL_W80_T2.2_D16,74854,103,0.210
BL_W80_T2.2_D16,75550,103,0.170
BL_W80_T2.2_D16,76218,102,0.130
BL_W80_T2.2_D16,76913,102,0.126
BL_W80_T2.2_D16,78287,104,0.050
BL_W80_T2.2_D16,30124,160,0.010
BL_W80_T2.2_D16,31872,157,0.010
BL_W80_T2.2_D16,35262,150,0.010
BL_W80_T2.2_D16,45936,134,0.010
BL_W80_T2.2_D16,46313,133,0.010
BL_W80_T2.2_D16,49069,129,0.010
BL_W80_T2.2_D16,53030,124,0.010
BL_W80_T2.2_D16,66034,111,0.010
BL_W80_T2.2_D16,68490,109,0.010
BL_W90_T1.8_D5,74136,105,0.250
BL_W90_T1.8_D5,74854,103,0.210
BL_W90_T1.8_D5,75521,103,0.170
BL_W90_T1.8_D5,76188,102,0.130
BL_W90_T1.8_D5,52073,125,0.126
BL_W90_T1.8_D5,56796,120,0.126
BL_W90_T1.8_D5,76883,102,0.126
BL_W90_T1.8_D5,78287,104,0.050
BL_W90_T1.8_D5,30124,160,0.010
BL_W90_T1.8_D5,31843,157,0.010
BL_W90_T1.8_D5,35262,150,0.010
BL_W90_T1.8_D5,45936,134,0.010
BL_W90_T1.8_D5,46342,133,0.010
BL_W90_T1.8_D5,53001,124,0.010
BL_W90_T1.8_D5,57376,120,0.010
BL_W90_T1.8_D5,60616,116,0.010
BL_W90_T1.8_D5,63836,113,0.010
BL_W90_T1.8_D5,66034,111,0.010
BL_W90_T1.8_D5,68490,109,0.010
BL_W90_T1.8_D10,30414,160,0.126
BL_W90_T1.8_D10,52044,125,0.126
BL_W90_T1.8_D10,62471,114,0.126
BL_W90_T1.8_D10,68287,108,0.126
BL_W90_T1.8_D10,71182,105,0.050
BL_W90_T1.8_D10,30095,160,0.010
BL_W90_T1.8_D10,31814,157,0.010
BL_W90_T1.8_D10,35262,150,0.010
BL_W90_T1.8_D10,41701,140,0.010
BL_W90_T1.8_D10,42078,139,0.010
BL_W90_T1.8_D10,45936,134,0.010
BL_W90_T1.8_D10,46342,133,0.010
BL_W90_T1.8_D10,52595,124,0.010
BL_W90_T1.8_D10,53001,124,0.010
BL_W90_T1.8_D10,55257,121,0.010
BL_W90_T1.8_D10,57347,120,0.010
BL_W90_T1.8_D10,60674,116,0.010
BL_W90_T1.8_D10,63807,113,0.010
BL_W90_T1.8_D10,66034,111,0.010
BL_W90_T1.8_D10,68780,108,0.010
BL_W90_T1.8_D12,74136,105,0.340
BL_W90_T1.8_D12,74854,103,0.260
BL_W90_T1.8_D12,30414,160,0.126
BL_W90_T1.8_D12,52044,125,0.126
BL_W90_T1.8_D12,75521,103,0.126
BL_W90_T1.8_D12,76188,102,0.050
BL_W90_T1.8_D12,30095,160,0.010
BL_W90_T1.8_D12,31843,157,0.010
BL_W90_T1.8_D12,35262,150,0.010
BL_W90_T1.8_D12,42078,139,0.010
BL_W90_T1.8_D12,45936,134,0.010
BL_W90_T1.8_D12,46313,133,0.010
BL_W90_T1.8_D12,49069,129,0.010
BL_W90_T1.8_D12,53001,124,0.010
BL_W90_T1.8_D12,57376,120,0.010
BL_W90_T1.8_D12,60674,116,0.010
BL_W90_T1.8_D12,63836,113,0.010
BL_W90_T1.8_D12,66034,111,0.010
BL_W90_T1.8_D12,68461,109,0.010
BL_W90_T1.8_D12,71182,105,0.010
BL_W90_T1.8_D16,74136,105,0.250
BL_W90_T1.8_D16,74854,103,0.210
BL_W90_T1.8_D16,75521,103,0.170
BL_W90_T1.8_D16,76188,102,0.130
BL_W90_T1.8_D16,76883,102,0.126
BL_W90_T1.8_D16,78287,104,0.050
BL_W90_T1.8_D16,30124,160,0.010
BL_W90_T1.8_D16,31872,157,0.010
BL_W90_T1.8_D16,35291,150,0.010
BL_W90_T1.8_D16,45936,134,0.010
BL_W90_T1.8_D16,46313,133,0.010
BL_W90_T1.8_D16,49069,129,0.010
BL_W90_T1.8_D16,53030,124,0.010
BL_W90_T1.8_D16,66034,111,0.010
BL_W90_T1.8_D16,68490,109,0.010
BL_W90_T1.9_D5,74136,105,0.250
BL_W90_T1.9_D5,74854,103,0.210
BL_W90_T1.9_D5,75521,103,0.170
BL_W90_T1.9_D5,76188,102,0.130
BL_W90_T1.9_D5,56796,120,0.126
BL_W90_T1.9_D5,76883,102,0.126
BL_W90_T1.9_D5,78287,104,0.050
BL_W90_T1.9_D5,30124,160,0.010
BL_W90_T1.9_D5,31872,157,0.010
BL_W90_T1.9_D5,35262,150,0.010
BL_W90_T1.9_D5,45936,134,0.010
BL_W90_T1.9_D5,53001,124,0.010
BL_W90_T1.9_D5,57376,120,0.010
BL_W90_T1.9_D5,60616,116,0.010
BL_W90_T1.9_D5,66034,111,0.010
BL_W90_T1.9_D5,68490,109,0.010
BL_W90_T1.9_D10,30414,160,0.126
BL_W90_T1.9_D10,52044,125,0.126
BL_W90_T1.9_D10,62471,114,0.126
BL_W90_T1.9_D10,68287,108,0.126
BL_W90_T1.9_D10,74136,105,0.050
BL_W90_T1.9_D10,30095,160,0.010
BL_W90_T1.9_D10,31814,157,0.010
BL_W90_T1.9_D10,35262,150,0.010
BL_W90_T1.9_D10,41701,140,0.010
BL_W90_T1.9_D10,42078,139,0.010
BL_W90_T1.9_D10,45936,134,0.010
BL_W90_T1.9_D10,52595,124,0.010
BL_W90_T1.9_D10,53001,124,0.010
BL_W90_T1.9_D10,55257,121,0.010
BL_W90_T1.9_D10,57347,120,0.010
BL_W90_T1.9_D10,60674,116,0.010
BL_W90_T1.9_D10,63807,113,0.010
BL_W90_T1.9_D10,66034,111,0.010
BL_W90_T1.9_D10,68780,108,0.010
BL_W90_T1.9_D10,71182,105,0.010
BL_W90_T1.9_D12,74136,105,0.340
BL_W90_T1.9_D12,74854,103,0.260
BL_W90_T1.9_D12,30414,160,0.126
BL_W90_T1.9_D12,52044,125,0.126
BL_W90_T1.9_D12,75521,103,0.126
BL_W90_T1.9_D12,76188,102,0.050
BL_W90_T1.9_D12,30095,160,0.010
BL_W90_T1.9_D12,31843,157,0.010
BL_W90_T1.9_D12,35262,150,0.010
BL_W90_T1.9_D12,42078,139,0.010
BL_W90_T1.9_D12,45936,134,0.010
BL_W90_T1.9_D12,46313,133,0.010
BL_W90_T1.9_D12,49069,129,0.010
BL_W90_T1.9_D12,53001,124,0.010
BL_W90_T1.9_D12,57376,120,0.010
BL_W90_T1.9_D12,60674,116,0.010
BL_W90_T1.9_D12,63836,113,0.010
BL_W90_T1.9_D12,66034,111,0.010
BL_W90_T1.9_D12,68461,109,0.010
BL_W90_T1.9_D12,71182,105,0.010
BL_W90_T1.9_D16,74136,105,0.250
BL_W90_T1.9_D16,74854,103,0.210
BL_W90_T1.9_D16,75521,103,0.170
BL_W90_T1.9_D16,76188,102,0.130
BL_W90_T1.9_D16,76883,102,0.126
BL_W90_T1.9_D16,78287,104,0.050
BL_W90_T1.9_D16,30124,160,0.010
BL_W90_T1.9_D16,31872,157,0.010
BL_W90_T1.9_D16,35291,150,0.010
BL_W90_T1.9_D16,45936,134,0.010
BL_W90_T1.9_D16,46313,133,0.010
BL_W90_T1.9_D16,49069,129,0.010
BL_W90_T1.9_D16,53030,124,0.010
BL_W90_T1.9_D16,66034,111,0.010
BL_W90_T1.9_D16,68490,109,0.010
BL_W90_T2.0_D5,74136,105,0.250
BL_W90_T2.0_D5,74854,103,0.210
BL_W90_T2.0_D5,75521,103,0.170
BL_W90_T2.0_D5,76188,102,0.130
BL_W90_T2.0_D5,76883,102,0.126
BL_W90_T2.0_D5,78287,104,0.050
BL_W90_T2.0_D5,30124,160,0.010
BL_W90_T2.0_D5,31872,157,0.010
BL_W90_T2.0_D5,35262,150,0.010
BL_W90_T2.0_D5,45965,133,0.010
BL_W90_T2.0_D5,53001,124,0.010
BL_W90_T2.0_D5,56796,120,0.010
BL_W90_T2.0_D5,60616,116,0.010
BL_W90_T2.0_D5,66034,111,0.010
BL_W90_T2.0_D5,68490,109,0.010
BL_W90_T2.0_D10,30414,160,0.126
BL_W90_T2.0_D10,52044,125,0.126
BL_W90_T2.0_D10,62471,114,0.126
BL_W90_T2.0_D10,68287,108,0.126
BL_W90_T2.0_D10,74136,105,0.050
BL_W90_T2.0_D10,30095,160,0.010
BL_W90_T2.0_D10,31814,157,0.010
BL_W90_T2.0_D10,35262,150,0.010
BL_W90_T2.0_D10,41701,140,0.010
BL_W90_T2.0_D10,42078,139,0.010
BL_W90_T2.0_D10,45965,133,0.010
BL_W90_T2.0_D10,52595,124,0.010
BL_W90_T2.0_D10,53001,124,0.010
BL_W90_T2.0_D10,55257,121,0.010
BL_W90_T2.0_D10,57347,120,0.010
BL_W90_T2.0_D10,60674,116,0.010
BL_W90_T2.0_D10,63807,113,0.010
BL_W90_T2.0_D10,66034,111,0.010
BL_W90_T2.0_D10,68780,108,0.010
BL_W90_T2.0_D10,71182,105,0.010
BL_W90_T2.0_D12,74136,105,0.340
BL_W90_T2.0_D12,74854,103,0.260
BL_W90_T2.0_D12,30414,160,0.126
BL_W90_T2.0_D12,52044,125,0.126
BL_W90_T2.0_D12,75521,103,0.126
BL_W90_T2.0_D12,76188,102,0.050
BL_W90_T2.0_D12,30095,160,0.010
BL_W90_T2.0_D12,31843,157,0.010
BL_W90_T2.0_D12,35262,150,0.010
BL_W90_T2.0_D12,42078,139,0.010
BL_W90_T2.0_D12,45936,134,0.010
BL_W90_T2.0_D12,46313,133,0.010
BL_W90_T2.0_D12,49069,129,0.010
BL_W90_T2.0_D12,53001,124,0.010
BL_W90_T2.0_D12,57376,120,0.010
BL_W90_T2.0_D12,60674,116,0.010
BL_W90_T2.0_D12,63836,113,0.010
BL_W90_T2.0_D12,66034,111,0.010
BL_W90_T2.0_D12,68461,109,0.010
BL_W90_T2.0_D12,71182,105,0.010
BL_W90_T2.0_D16,74136,105,0.250
BL_W90_T2.0_D16,74854,103,0.210
BL_W90_T2.0_D16,75521,103,0.170
BL_W90_T2.0_D16,76188,102,0.130
BL_W90_T2.0_D16,76883,102,0.126
BL_W90_T2.0_D16,78287,104,0.050
BL_W90_T2.0_D16,30124,160,0.010
BL_W90_T2.0_D16,31872,157,0.010
BL_W90_T2.0_D16,35291,150,0.010
BL_W90_T2.0_D16,45936,134,0.010
BL_W90_T2.0_D16,46313,133,0.010
BL_W90_T2.0_D16,49069,129,0.010
BL_W90_T2.0_D16,53030,124,0.010
BL_W90_T2.0_D16,66034,111,0.010
BL_W90_T2.0_D16,68490,109,0.010
BL_W90_T2.2_D5,74136,105,0.250
BL_W90_T2.2_D5,74854,103,0.210
BL_W90_T2.2_D5,75521,103,0.170
BL_W90_T2.2_D5,76188,102,0.130
BL_W90_T2.2_D5,76913,102,0.126
BL_W90_T2.2_D5,78287,104,0.050
BL_W90_T2.2_D5,31901,157,0.010
BL_W90_T2.2_D5,35262,150,0.010
BL_W90_T2.2_D5,45965,133,0.010
BL_W90_T2.2_D5,53030,124,0.010
BL_W90_T2.2_D5,56796,120,0.010
BL_W90_T2.2_D5,60616,116,0.010
BL_W90_T2.2_D5,66034,111,0.010
BL_W90_T2.2_D5,68490,109,0.010
BL_W90_T2.2_D10,30414,160,0.126
BL_W90_T2.2_D10,52044,125,0.126
BL_W90_T2.2_D10,62471,114,0.126
BL_W90_T2.2_D10,68287,108,0.126
BL_W90_T2.2_D10,74136,105,0.050
BL_W90_T2.2_D10,30095,160,0.010
BL_W90_T2.2_D10,31814,157,0.010
BL_W90_T2.2_D10,35262,150,0.010
BL_W90_T2.2_D10,41701,140,0.010
BL_W90_T2.2_D10,42078,139,0.010
BL_W90_T2.2_D10,45965,133,0.010
BL_W90_T2.2_D10,52595,124,0.010
BL_W90_T2.2_D10,53001,124,0.010
BL_W90_T2.2_D10,55257,121,0.010
BL_W90_T2.2_D10,57347,120,0.010
BL_W90_T2.2_D10,60674,116,0.010
BL_W90_T2.2_D10,63807,113,0.010
BL_W90_T2.2_D10,66034,111,0.010
BL_W90_T2.2_D10,68780,108,0.010
BL_W90_T2.2_D10,71182,105,0.010
BL_W90_T2.2_D12,74136,105,0.340
BL_W90_T2.2_D12,74854,103,0.260
BL_W90_T2.2_D12,30414,160,0.126
BL_W90_T2.2_D12,52044,125,0.126
BL_W90_T2.2_D12,75521,103,0.126
BL_W90_T2.2_D12,76188,102,0.050
BL_W90_T2.2_D12,30095,160,0.010
BL_W90_T2.2_D12,31843,157,0.010
BL_W90_T2.2_D12,35262,150,0.010
BL_W90_T2.2_D12,42078,139,0.010
BL_W90_T2.2_D12,45936,134,0.010
BL_W90_T2.2_D12,46313,133,0.010
BL_W90_T2.2_D12,49069,129,0.010
BL_W90_T2.2_D12,53001,124,0.010
BL_W90_T2.2_D12,57376,120,0.010
BL_W90_T2.2_D12,60674,116,0.010
BL_W90_T2.2_D12,63836,113,0.010
BL_W90_T2.2_D12,66034,111,0.010
BL_W90_T2.2_D12,68461,109,0.010
BL_W90_T2.2_D12,71182,105,0.010
BL_W90_T2.2_D16,74136,105,0.250
BL_W90_T2.2_D16,74854,103,0.210
BL_W90_T2.2_D16,75521,103,0.170
BL_W90_T2.2_D16,76188,102,0.130
BL_W90_T2.2_D16,76913,102,0.126
BL_W90_T2.2_D16,78287,104,0.050
BL_W90_T2.2_D16,30124,160,0.010
BL_W90_T2.2_D16,31872,157,0.010
BL_W90_T2.2_D16,35291,150,0.010
BL_W90_T2.2_D16,45936,134,0.010
BL_W90_T2.2_D16,46313,133,0.010
BL_W90_T2.2_D16,49069,129,0.010
BL_W90_T2.2_D16,53030,124,0.010
BL_W90_T2.2_D16,66034,111,0.010
BL_W90_T2.2_D16,68490,109,0.010
BL_W100_T1.8_D5,74136,105,0.250
BL_W100_T1.8_D5,74854,103,0.210
BL_W100_T1.8_D5,75521,103,0.170
BL_W100_T1.8_D5,76188,102,0.130
BL_W100_T1.8_D5,52073,125,0.126
BL_W100_T1.8_D5,56796,120,0.126
BL_W100_T1.8_D5,76883,102,0.126
BL_W100_T1.8_D5,78287,104,0.050
BL_W100_T1.8_D5,30124,160,0.010
BL_W100_T1.8_D5,31843,157,0.010
BL_W100_T1.8_D5,35262,150,0.010
BL_W100_T1.8_D5,45936,134,0.010
BL_W100_T1.8_D5,53001,124,0.010
BL_W100_T1.8_D5,57376,120,0.010
BL_W100_T1.8_D5,60616,116,0.010
BL_W100_T1.8_D5,66034,111,0.010
BL_W100_T1.8_D5,68490,109,0.010
BL_W100_T1.8_D10,30414,160,0.126
BL_W100_T1.8_D10,52044,125,0.126
BL_W100_T1.8_D10,62471,114,0.126
BL_W100_T1.8_D10,74136,105,0.126
BL_W100_T1.8_D10,74854,103,0.050
BL_W100_T1.8_D10,30095,160,0.010
BL_W100_T1.8_D10,31814,157,0.010
BL_W100_T1.8_D10,35262,150,0.010
BL_W100_T1.8_D10,41701,140,0.010
BL_W100_T1.8_D10,42078,139,0.010
BL_W100_T1.8_D10,45936,134,0.010
BL_W100_T1.8_D10,52595,124,0.010
BL_W100_T1.8_D10,53001,124,0.010
BL_W100_T1.8_D10,55257,121,0.010
BL_W100_T1.8_D10,57347,120,0.010
BL_W100_T1.8_D10,60674,116,0.010
BL_W100_T1.8_D10,63836,113,0.010
BL_W100_T1.8_D10,66034,111,0.010
BL_W100_T1.8_D10,68287,108,0.010
BL_W100_T1.8_D10,71182,105,0.010
BL_W100_T1.8_D12,74136,105,0.250
BL_W100_T1.8_D12,74854,103,0.210
BL_W100_T1.8_D12,75521,103,0.170
BL_W100_T1.8_D12,76188,102,0.130
BL_W100_T1.8_D12,52044,125,0.126
BL_W100_T1.8_D12,76883,102,0.126
BL_W100_T1.8_D12,78287,104,0.050
BL_W100_T1.8_D12,30124,160,0.010
BL_W100_T1.8_D12,31843,157,0.010
BL_W100_T1.8_D12,35262,150,0.010
BL_W100_T1.8_D12,41701,140,0.010
BL_W100_T1.8_D12,42078,139,0.010
BL_W100_T1.8_D12,45936,134,0.010
BL_W100_T1.8_D12,46284,133,0.010
BL_W100_T1.8_D12,49069,129,0.010
BL_W100_T1.8_D12,53001,124,0.010
BL_W100_T1.8_D12,57376,120,0.010
BL_W100_T1.8_D12,60674,116,0.010
BL_W100_T1.8_D12,66034,111,0.010
BL_W100_T1.8_D12,68461,109,0.010
BL_W100_T1.8_D16,74136,105,0.250
BL_W100_T1.8_D16,74854,103,0.210
BL_W100_T1.8_D16,75521,103,0.170
BL_W100_T1.8_D16,76188,102,0.130
BL_W100_T1.8_D16,76883,102,0.126
BL_W100_T1.8_D16,78287,104,0.050
BL_W100_T1.8_D16,31872,157,0.010
BL_W100_T1.8_D16,35262,150,0.010
BL_W100_T1.8_D16,45936,134,0.010
BL_W100_T1.8_D16,46313,133,0.010
BL_W100_T1.8_D16,49069,129,0.010
BL_W100_T1.8_D16,53030,124,0.010
BL_W100_T1.8_D16,66034,111,0.010
BL_W100_T1.8_D16,68490,109,0.010
BL_W100_T1.9_D5,74136,105,0.250
BL_W100_T1.9_D5,74854,103,0.210
BL_W100_T1.9_D5,75521,103,0.170
BL_W100_T1.9_D5,76188,102,0.130
BL_W100_T1.9_D5,56796,120,0.126
BL_W100_T1.9_D5,76883,102,0.126
BL_W100_T1.9_D5,78287,104,0.050
BL_W100_T1.9_D5,31843,157,0.010
BL_W100_T1.9_D5,35262,150,0.010
BL_W100_T1.9_D5,45936,134,0.010
BL_W100_T1.9_D5,53001,124,0.010
BL_W100_T1.9_D5,57376,120,0.010
BL_W100_T1.9_D5,60616,116,0.010
BL_W100_T1.9_D5,66034,111,0.010
BL_W100_T1.9_D5,68490,109,0.010
BL_W100_T1.9_D10,30414,160,0.126
BL_W100_T1.9_D10,52044,125,0.126
BL_W100_T1.9_D10,62471,114,0.126
BL_W100_T1.9_D10,74136,105,0.126
BL_W100_T1.9_D10,74854,103,0.050
BL_W100_T1.9_D10,30095,160,0.010
BL_W100_T1.9_D10,31814,157,0.010
BL_W100_T1.9_D10,35262,150,0.010
BL_W100_T1.9_D10,41701,140,0.010
BL_W100_T1.9_D10,42078,139,0.010
BL_W100_T1.9_D10,45936,134,0.010
BL_W100_T1.9_D10,52595,124,0.010
BL_W100_T1.9_D10,53001,124,0.010
BL_W100_T1.9_D10,55257,121,0.010
BL_W100_T1.9_D10,57347,120,0.010
BL_W100_T1.9_D10,60674,116,0.010
BL_W100_T1.9_D10,63836,113,0.010
BL_W100_T1.9_D10,66034,111,0.010
BL_W100_T1.9_D10,68287,108,0.010
BL_W100_T1.9_D10,71182,105,0.010
BL_W100_T1.9_D12,74136,105,0.250
BL_W100_T1.9_D12,74854,103,0.210
BL_W100_T1.9_D12,75521,103,0.170
BL_W100_T1.9_D12,76188,102,0.130
BL_W100_T1.9_D12,52044,125,0.126
BL_W100_T1.9_D12,76883,102,0.126
BL_W100_T1.9_D12,78287,104,0.050
BL_W100_T1.9_D12,30124,160,0.010
BL_W100_T1.9_D12,31843,157,0.010
BL_W100_T1.9_D12,35262,150,0.010
BL_W100_T1.9_D12,41701,140,0.010
BL_W100_T1.9_D12,42078,139,0.010
BL_W100_T1.9_D12,45936,134,0.010
BL_W100_T1.9_D12,46284,133,0.010
BL_W100_T1.9_D12,49069,129,0.010
BL_W100_T1.9_D12,53001,124,0.010
BL_W100_T1.9_D12,57376,120,0.010
BL_W100_T1.9_D12,60674,116,0.010
BL_W100_T1.9_D12,66034,111,0.010
BL_W100_T1.9_D12,68461,109,0.010
BL_W100_T1.9_D16,74136,105,0.250
BL_W100_T1.9_D16,74854,103,0.210
BL_W100_T1.9_D16,75521,103,0.170
BL_W100_T1.9_D16,76188,102,0.130
BL_W100_T1.9_D16,76883,102,0.126
BL_W100_T1.9_D16,78287,104,0.050
BL_W100_T1.9_D16,31872,157,0.010
BL_W100_T1.9_D16,35262,150,0.010
BL_W100_T1.9_D16,45936,134,0.010
BL_W100_T1.9_D16,46313,133,0.010
BL_W100_T1.9_D16,49069,129,0.010
BL_W100_T1.9_D16,53030,124,0.010
BL_W100_T1.9_D16,66034,111,0.010
BL_W100_T1.9_D16,68490,109,0.010
BL_W100_T2.0_D5,74136,105,0.250
BL_W100_T2.0_D5,74854,103,0.210
BL_W100_T2.0_D5,75521,103,0.170
BL_W100_T2.0_D5,76188,102,0.130
BL_W100_T2.0_D5,76883,102,0.126
BL_W100_T2.0_D5,78287,104,0.050
BL_W100_T2.0_D5,31872,157,0.010
BL_W100_T2.0_D5,35262,150,0.010
BL_W100_T2.0_D5,45936,134,0.010
BL_W100_T2.0_D5,53001,124,0.010
BL_W100_T2.0_D5,56796,120,0.010
BL_W100_T2.0_D5,60616,116,0.010
BL_W100_T2.0_D5,66034,111,0.010
BL_W100_T2.0_D5,68490,109,0.010
BL_W100_T2.0_D10,30414,160,0.126
BL_W100_T2.0_D10,52044,125,0.126
BL_W100_T2.0_D10,62471,114,0.126
BL_W100_T2.0_D10,74136,105,0.126
BL_W100_T2.0_D10,74854,103,0.050
BL_W100_T2.0_D10,30095,160,0.010
BL_W100_T2.0_D10,31814,157,0.010
BL_W100_T2.0_D10,35262,150,0.010
BL_W100_T2.0_D10,41701,140,0.010
BL_W100_T2.0_D10,42078,139,0.010
BL_W100_T2.0_D10,45936,134,0.010
BL_W100_T2.0_D10,52595,124,0.010
BL_W100_T2.0_D10,53001,124,0.010
BL_W100_T2.0_D10,55257,121,0.010
BL_W100_T2.0_D10,57347,120,0.010
BL_W100_T2.0_D10,60674,116,0.010
BL_W100_T2.0_D10,63836,113,0.010
BL_W100_T2.0_D10,66034,111,0.010
BL_W100_T2.0_D10,68287,108,0.010
BL_W100_T2.0_D10,71182,105,0.010
BL_W100_T2.0_D12,74136,105,0.250
BL_W100_T2.0_D12,74854,103,0.210
BL_W100_T2.0_D12,75521,103,0.170
BL_W100_T2.0_D12,76188,102,0.130
BL_W100_T2.0_D12,52044,125,0.126
BL_W100_T2.0_D12,76883,102,0.126
BL_W100_T2.0_D12,78287,104,0.050
BL_W100_T2.0_D12,30124,160,0.010
BL_W100_T2.0_D12,31843,157,0.010
BL_W100_T2.0_D12,35262,150,0.010
BL_W100_T2.0_D12,41701,140,0.010
BL_W100_T2.0_D12,42078,139,0.010
BL_W100_T2.0_D12,45936,134,0.010
BL_W100_T2.0_D12,46284,133,0.010
BL_W100_T2.0_D12,49069,129,0.010
BL_W100_T2.0_D12,53001,124,0.010
BL_W100_T2.0_D12,57376,120,0.010
BL_W100_T2.0_D12,60674,116,0.010
BL_W100_T2.0_D12,66034,111,0.010
BL_W100_T2.0_D12,68461,109,0.010
BL_W100_T2.0_D16,74136,105,0.250
BL_W100_T2.0_D16,74854,103,0.210
BL_W100_T2.0_D16,75521,103,0.170
BL_W100_T2.0_D16,76188,102,0.130
BL_W100_T2.0_D16,76883,102,0.126
BL_W100_T2.0_D16,78287,104,0.050
BL_W100_T2.0_D16,31872,157,0.010
BL_W100_T2.0_D16,35262,150,0.010
BL_W100_T2.0_D16,45936,134,0.010
BL_W100_T2.0_D16,46313,133,0.010
BL_W100_T2.0_D16,49069,129,0.010
BL_W100_T2.0_D16,53030,124,0.010
BL_W100_T2.0_D16,66034,111,0.010
BL_W100_T2.0_D16,68490,109,0.010
BL_W100_T2.2_D5,74136,105,0.250
BL_W100_T2.2_D5,74854,103,0.210
BL_W100_T2.2_D5,75521,103,0.170
BL_W100_T2.2_D5,76188,102,0.130
BL_W100_T2.2_D5,76913,102,0.126
BL_W100_T2.2_D5,78287,104,0.050
BL_W100_T2.2_D5,31872,157,0.010
BL_W100_T2.2_D5,35291,150,0.010
BL_W100_T2.2_D5,45965,133,0.010
BL_W100_T2.2_D5,53030,124,0.010
BL_W100_T2.2_D5,56796,120,0.010
BL_W100_T2.2_D5,60616,116,0.010
BL_W100_T2.2_D5,66034,111,0.010
BL_W100_T2.2_D5,68490,109,0.010
BL_W100_T2.2_D10,30414,160,0.126
BL_W100_T2.2_D10,52044,125,0.126
BL_W100_T2.2_D10,62471,114,0.126
BL_W100_T2.2_D10,74136,105,0.126
BL_W100_T2.2_D10,74854,103,0.050
BL_W100_T2.2_D10,30095,160,0.010
BL_W100_T2.2_D10,31814,157,0.010
BL_W100_T2.2_D10,35262,150,0.010
BL_W100_T2.2_D10,41701,140,0.010
BL_W100_T2.2_D10,42078,139,0.010
BL_W100_T2.2_D10,45965,133,0.010
BL_W100_T2.2_D10,52595,124,0.010
BL_W100_T2.2_D10,53001,124,0.010
BL_W100_T2.2_D10,55257,121,0.010
BL_W100_T2.2_D10,57347,120,0.010
BL_W100_T2.2_D10,60674,116,0.010
BL_W100_T2.2_D10,63836,113,0.010
BL_W100_T2.2_D10,66034,111,0.010
BL_W100_T2.2_D10,68287,108,0.010
BL_W100_T2.2_D10,71182,105,0.010
BL_W100_T2.2_D12,74136,105,0.250
BL_W100_T2.2_D12,74854,103,0.210
BL_W100_T2.2_D12,75521,103,0.170
BL_W100_T2.2_D12,76188,102,0.130
BL_W100_T2.2_D12,52044,125,0.126
BL_W100_T2.2_D12,76913,102,0.126
BL_W100_T2.2_D12,78287,104,0.050
BL_W100_T2.2_D12,30124,160,0.010
BL_W100_T2.2_D12,31843,157,0.010
BL_W100_T2.2_D12,35262,150,0.010
BL_W100_T2.2_D12,41701,140,0.010
BL_W100_T2.2_D12,42078,139,0.010
BL_W100_T2.2_D12,45936,134,0.010
BL_W100_T2.2_D12,46284,133,0.010
BL_W100_T2.2_D12,49069,129,0.010
BL_W100_T2.2_D12,53001,124,0.010
BL_W100_T2.2_D12,57376,120,0.010
BL_W100_T2.2_D12,60674,116,0.010
BL_W100_T2.2_D12,66034,111,0.010
BL_W100_T2.2_D12,68461,109,0.010
BL_W100_T2.2_D16,74136,105,0.250
BL_W100_T2.2_D16,74854,103,0.210
BL_W100_T2.2_D16,75521,103,0.170
BL_W100_T2.2_D16,76188,102,0.130
BL_W100_T2.2_D16,76913,102,0.126
BL_W100_T2.2_D16,78287,104,0.050
BL_W100_T2.2_D16,31872,157,0.010
BL_W100_T2.2_D16,35262,150,0.010
BL_W100_T2.2_D16,45936,134,0.010
BL_W100_T2.2_D16,46313,133,0.010
BL_W100_T2.2_D16,49069,129,0.010
BL_W100_T2.2_D16,53030,124,0.010
BL_W100_T2.2_D16,66034,111,0.010
BL_W100_T2.2_D16,68490,109,0.010
BL_W110_T2.0_D12,74136,105,0.250
BL_W110_T2.0_D12,74854,103,0.210
BL_W110_T2.0_D12,75521,103,0.170
BL_W110_T2.0_D12,76188,102,0.130
BL_W110_T2.0_D12,30414,160,0.126
BL_W110_T2.0_D12,52073,125,0.126
BL_W110_T2.0_D12,76883,102,0.126
BL_W110_T2.0_D12,78287,104,0.050
BL_W110_T2.0_D12,30095,160,0.010
BL_W110_T2.0_D12,31814,157,0.010
BL_W110_T2.0_D12,35262,150,0.010
BL_W110_T2.0_D12,41701,140,0.010
BL_W110_T2.0_D12,42078,139,0.010
BL_W110_T2.0_D12,45936,134,0.010
BL_W110_T2.0_D12,46284,133,0.010
BL_W110_T2.0_D12,49069,129,0.010
BL_W110_T2.0_D12,53001,124,0.010
BL_W110_T2.0_D12,57376,120,0.010
BL_W110_T2.0_D12,66034,111,0.010
BL_W110_T2.0_D12,68461,109,0.010
BL_W110_T2.0_D18,74136,105,0.250
BL_W110_T2.0_D18,74854,103,0.210
BL_W110_T2.0_D18,75521,103,0.170
BL_W110_T2.0_D18,76188,102,0.130
BL_W110_T2.0_D18,76883,102,0.126
BL_W110_T2.0_D18,78287,104,0.050
BL_W110_T2.0_D18,31901,157,0.010
BL_W110_T2.0_D18,35291,150,0.010
BL_W110_T2.0_D18,45936,134,0.010
BL_W110_T2.0_D18,46342,133,0.010
BL_W110_T2.0_D18,53030,124,0.010
BL_W110_T2.0_D18,66034,111,0.010
BL_W110_T2.0_D18,68490,109,0.010
BL_W110_T2.4_D12,74136,105,0.250
BL_W110_T2.4_D12,74854,103,0.210
BL_W110_T2.4_D12,75521,103,0.170
BL_W110_T2.4_D12,76188,102,0.130
BL_W110_T2.4_D12,30414,160,0.126
BL_W110_T2.4_D12,52073,125,0.126
BL_W110_T2.4_D12,76913,102,0.126
BL_W110_T2.4_D12,78287,104,0.050
BL_W110_T2.4_D12,30095,160,0.010
BL_W110_T2.4_D12,31814,157,0.010
BL_W110_T2.4_D12,35262,150,0.010
BL_W110_T2.4_D12,41701,140,0.010
BL_W110_T2.4_D12,42078,139,0.010
BL_W110_T2.4_D12,45936,134,0.010
BL_W110_T2.4_D12,46284,133,0.010
BL_W110_T2.4_D12,49069,129,0.010
BL_W110_T2.4_D12,53001,124,0.010
BL_W110_T2.4_D12,57376,120,0.010
BL_W110_T2.4_D12,66034,111,0.010
BL_W110_T2.4_D12,68461,109,0.010
BL_W110_T2.4_D18,74136,105,0.250
BL_W110_T2.4_D18,74854,103,0.210
BL_W110_T2.4_D18,75521,103,0.170
BL_W110_T2.4_D18,76188,102,0.130
BL_W110_T2.4_D18,76913,102,0.126
BL_W110_T2.4_D18,78287,104,0.050
BL_W110_T2.4_D18,31901,157,0.010
BL_W110_T2.4_D18,35291,150,0.010
BL_W110_T2.4_D18,45936,134,0.010
BL_W110_T2.4_D18,46342,133,0.010
BL_W110_T2.4_D18,53030,124,0.010
BL_W110_T2.4_D18,66034,111,0.010
BL_W110_T2.4_D18,68490,109,0.010
BL_W110_T2.8_D12,74136,105,0.250
BL_W110_T2.8_D12,74854,103,0.210
BL_W110_T2.8_D12,75550,103,0.170
BL_W110_T2.8_D12,76218,102,0.130
BL_W110_T2.8_D12,30414,160,0.126
BL_W110_T2.8_D12,52073,125,0.126
BL_W110_T2.8_D12,76913,102,0.126
BL_W110_T2.8_D12,78287,104,0.050
BL_W110_T2.8_D12,30095,160,0.010
BL_W110_T2.8_D12,31814,157,0.010
BL_W110_T2.8_D12,35262,150,0.010
BL_W110_T2.8_D12,41701,140,0.010
BL_W110_T2.8_D12,42078,139,0.010
BL_W110_T2.8_D12,45936,134,0.010
BL_W110_T2.8_D12,46284,133,0.010
BL_W110_T2.8_D12,49069,129,0.010
BL_W110_T2.8_D12,53001,124,0.010
BL_W110_T2.8_D12,57376,120,0.010
BL_W110_T2.8_D12,66034,111,0.010
BL_W110_T2.8_D12,68461,109,0.010
BL_W110_T2.8_D18,74136,105,0.250
BL_W110_T2.8_D18,74854,103,0.210
BL_W110_T2.8_D18,75550,103,0.170
BL_W110_T2.8_D18,76218,102,0.130
BL_W110_T2.8_D18,76913,102,0.126
BL_W110_T2.8_D18,78287,104,0.050
BL_W110_T2.8_D18,31901,157,0.010
BL_W110_T2.8_D18,35291,150,0.010
BL_W110_T2.8_D18,45936,134,0.010
BL_W110_T2.8_D18,46342,133,0.010
BL_W110_T2.8_D18,53030,124,0.010
BL_W110_T2.8_D18,66034,111,0.010
BL_W110_T2.8_D18,68490,109,0.010
BL_W110_T3.3_D12,30414,160,0.126
BL_W110_T3.3_D12,52073,125,0.126
BL_W110_T3.3_D12,74165,105,0.126
BL_W110_T3.3_D12,78287,104,0.050
BL_W110_T3.3_D12,30095,160,0.010
BL_W110_T3.3_D12,31814,157,0.010
BL_W110_T3.3_D12,35262,150,0.010
BL_W110_T3.3_D12,41701,140,0.010
BL_W110_T3.3_D12,42078,139,0.010
BL_W110_T3.3_D12,45936,134,0.010
BL_W110_T3.3_D12,46284,133,0.010
BL_W110_T3.3_D12,49069,129,0.010
BL_W110_T3.3_D12,53001,124,0.010
BL_W110_T3.3_D12,57376,120,0.010
BL_W110_T3.3_D12,66034,111,0.010
BL_W110_T3.3_D12,68461,109,0.010
BL_W110_T3.3_D12,74883,103,0.010
BL_W110_T3.3_D18,74165,105,0.126
BL_W110_T3.3_D18,78287,104,0.050
BL_W110_T3.3_D18,31901,157,0.010
BL_W110_T3.3_D18,35291,150,0.010
BL_W110_T3.3_D18,45936,134,0.010
BL_W110_T3.3_D18,46342,133,0.010
BL_W110_T3.3_D18,53030,124,0.010
BL_W110_T3.3_D18,66034,111,0.010
BL_W110_T3.3_D18,68490,109,0.010
BL_W110_T3.3_D18,74883,103,0.010
BL_W120_T2.0_D12,74136,105,0.250
BL_W120_T2.0_D12,74854,103,0.210
BL_W120_T2.0_D12,75521,103,0.170
BL_W120_T2.0_D12,76188,102,0.130
BL_W120_T2.0_D12,30414,160,0.126
BL_W120_T2.0_D12,76883,102,0.126
BL_W120_T2.0_D12,78287,104,0.050
BL_W120_T2.0_D12,30095,160,0.010
BL_W120_T2.0_D12,31814,157,0.010
BL_W120_T2.0_D12,35262,150,0.010
BL_W120_T2.0_D12,41701,140,0.010
BL_W120_T2.0_D12,42078,139,0.010
BL_W120_T2.0_D12,45936,134,0.010
BL_W120_T2.0_D12,46284,133,0.010
BL_W120_T2.0_D12,49069,129,0.010
BL_W120_T2.0_D12,53001,124,0.010
BL_W120_T2.0_D12,57376,120,0.010
BL_W120_T2.0_D12,66034,111,0.010
BL_W120_T2.0_D12,68461,109,0.010
BL_W120_T2.0_D18,74136,105,0.250
BL_W120_T2.0_D18,74854,103,0.210
BL_W120_T2.0_D18,75521,103,0.170
BL_W120_T2.0_D18,76188,102,0.130
BL_W120_T2.0_D18,76883,102,0.126
BL_W120_T2.0_D18,78287,104,0.050
BL_W120_T2.0_D18,31872,157,0.010
BL_W120_T2.0_D18,35291,150,0.010
BL_W120_T2.0_D18,45936,134,0.010
BL_W120_T2.0_D18,46313,133,0.010
BL_W120_T2.0_D18,53030,124,0.010
BL_W120_T2.0_D18,66034,111,0.010
BL_W120_T2.0_D18,68490,109,0.010
BL_W120_T2.4_D12,74136,105,0.250
BL_W120_T2.4_D12,74854,103,0.210
BL_W120_T2.4_D12,75521,103,0.170
BL_W120_T2.4_D12,76188,102,0.130
BL_W120_T2.4_D12,30414,160,0.126
BL_W120_T2.4_D12,76913,102,0.126
BL_W120_T2.4_D12,78287,104,0.050
BL_W120_T2.4_D12,30095,160,0.010
BL_W120_T2.4_D12,31814,157,0.010
BL_W120_T2.4_D12,35262,150,0.010
BL_W120_T2.4_D12,41701,140,0.010
BL_W120_T2.4_D12,42078,139,0.010
BL_W120_T2.4_D12,45936,134,0.010
BL_W120_T2.4_D12,46284,133,0.010
BL_W120_T2.4_D12,49069,129,0.010
BL_W120_T2.4_D12,53001,124,0.010
BL_W120_T2.4_D12,57376,120,0.010
BL_W120_T2.4_D12,66034,111,0.010
BL_W120_T2.4_D12,68461,109,0.010
BL_W120_T2.4_D18,74136,105,0.250
BL_W120_T2.4_D18,74854,103,0.210
BL_W120_T2.4_D18,75521,103,0.170
BL_W120_T2.4_D18,76188,102,0.130
BL_W120_T2.4_D18,76913,102,0.126
BL_W120_T2.4_D18,78287,104,0.050
BL_W120_T2.4_D18,31872,157,0.010
BL_W120_T2.4_D18,35291,150,0.010
BL_W120_T2.4_D18,45936,134,0.010
BL_W120_T2.4_D18,46313,133,0.010
BL_W120_T2.4_D18,53030,124,0.010
BL_W120_T2.4_D18,66034,111,0.010
BL_W120_T2.4_D18,68490,109,0.010
BL_W120_T2.8_D12,74136,105,0.250
BL_W120_T2.8_D12,74854,103,0.210
BL_W120_T2.8_D12,75550,103,0.170
BL_W120_T2.8_D12,76218,102,0.130
BL_W120_T2.8_D12,30414,160,0.126
BL_W120_T2.8_D12,76913,102,0.126
BL_W120_T2.8_D12,78287,104,0.050
BL_W120_T2.8_D12,30095,160,0.010
BL_W120_T2.8_D12,31814,157,0.010
BL_W120_T2.8_D12,35262,150,0.010
BL_W120_T2.8_D12,41701,140,0.010
BL_W120_T2.8_D12,42078,139,0.010
BL_W120_T2.8_D12,45936,134,0.010
BL_W120_T2.8_D12,46284,133,0.010
BL_W120_T2.8_D12,49069,129,0.010
BL_W120_T2.8_D12,53001,124,0.010
BL_W120_T2.8_D12,57376,120,0.010
BL_W120_T2.8_D12,66034,111,0.010
BL_W120_T2.8_D12,68461,109,0.010
BL_W120_T2.8_D18,74136,105,0.250
BL_W120_T2.8_D18,74854,103,0.210
BL_W120_T2.8_D18,75550,103,0.170
BL_W120_T2.8_D18,76218,102,0.130
BL_W120_T2.8_D18,76913,102,0.126
BL_W120_T2.8_D18,78287,104,0.050
BL_W120_T2.8_D18,31872,157,0.010
BL_W120_T2.8_D18,35291,150,0.010
BL_W120_T2.8_D18,45936,134,0.010
BL_W120_T2.8_D18,46313,133,0.010
BL_W120_T2.8_D18,53030,124,0.010
BL_W120_T2.8_D18,66034,111,0.010
BL_W120_T2.8_D18,68490,109,0.010
BL_W120_T3.3_D12,74136,105,0.340
BL_W120_T3.3_D12,74883,103,0.260
BL_W120_T3.3_D12,30414,160,0.126
BL_W120_T3.3_D12,75550,103,0.126
BL_W120_T3.3_D12,78287,104,0.050
BL_W120_T3.3_D12,30095,160,0.010
BL_W120_T3.3_D12,31814,157,0.010
BL_W120_T3.3_D12,35262,150,0.010
BL_W120_T3.3_D12,41701,140,0.010
BL_W120_T3.3_D12,42078,139,0.010
BL_W120_T3.3_D12,45936,134,0.010
BL_W120_T3.3_D12,46284,133,0.010
BL_W120_T3.3_D12,49069,129,0.010
BL_W120_T3.3_D12,53001,124,0.010
BL_W120_T3.3_D12,57376,120,0.010
BL_W120_T3.3_D12,66034,111,0.010
BL_W120_T3.3_D12,68461,109,0.010
BL_W120_T3.3_D12,76247,102,0.010
BL_W120_T3.3_D18,74136,105,0.340
BL_W120_T3.3_D18,74883,103,0.260
BL_W120_T3.3_D18,75550,103,0.126
BL_W120_T3.3_D18,78287,104,0.050
BL_W120_T3.3_D18,31872,157,0.010
BL_W120_T3.3_D18,35291,150,0.010
BL_W120_T3.3_D18,45936,134,0.010
BL_W120_T3.3_D18,46313,133,0.010
BL_W120_T3.3_D18,53030,124,0.010
BL_W120_T3.3_D18,66034,111,0.010
BL_W120_T3.3_D18,68490,109,0.010
BL_W120_T3.3_D18,76247,102,0.010
BL_W130_T2.0_D12,74136,105,0.250
BL_W130_T2.0_D12,74854,103,0.210
BL_W130_T2.0_D12,75521,103,0.170
BL_W130_T2.0_D12,76188,102,0.130
BL_W130_T2.0_D12,52073,125,0.126
BL_W130_T2.0_D12,76883,102,0.126
BL_W130_T2.0_D12,78287,104,0.050
BL_W130_T2.0_D12,30124,160,0.010
BL_W130_T2.0_D12,31814,157,0.010
BL_W130_T2.0_D12,35262,150,0.010
BL_W130_T2.0_D12,42078,139,0.010
BL_W130_T2.0_D12,45936,134,0.010
BL_W130_T2.0_D12,46284,133,0.010
BL_W130_T2.0_D12,49069,129,0.010
BL_W130_T2.0_D12,53001,124,0.010
BL_W130_T2.0_D12,57376,120,0.010
BL_W130_T2.0_D12,60674,116,0.010
BL_W130_T2.0_D12,66034,111,0.010
BL_W130_T2.0_D12,68461,109,0.010
BL_W130_T2.0_D18,74136,105,0.250
BL_W130_T2.0_D18,74854,103,0.210
BL_W130_T2.0_D18,75521,103,0.170
BL_W130_T2.0_D18,76188,102,0.130
BL_W130_T2.0_D18,76883,102,0.126
BL_W130_T2.0_D18,78287,104,0.050
BL_W130_T2.0_D18,31872,157,0.010
BL_W130_T2.0_D18,35291,150,0.010
BL_W130_T2.0_D18,45936,134,0.010
BL_W130_T2.0_D18,46313,133,0.010
BL_W130_T2.0_D18,49069,129,0.010
BL_W130_T2.0_D18,53030,124,0.010
BL_W130_T2.0_D18,66034,111,0.010
BL_W130_T2.0_D18,68490,109,0.010
BL_W130_T2.4_D12,74136,105,0.250
BL_W130_T2.4_D12,74854,103,0.210
BL_W130_T2.4_D12,75521,103,0.170
BL_W130_T2.4_D12,76188,102,0.130
BL_W130_T2.4_D12,52073,125,0.126
BL_W130_T2.4_D12,76883,102,0.126
BL_W130_T2.4_D12,78287,104,0.050
BL_W130_T2.4_D12,30124,160,0.010
BL_W130_T2.4_D12,31814,157,0.010
BL_W130_T2.4_D12,35262,150,0.010
BL_W130_T2.4_D12,42078,139,0.010
BL_W130_T2.4_D12,45936,134,0.010
BL_W130_T2.4_D12,46284,133,0.010
BL_W130_T2.4_D12,49069,129,0.010
BL_W130_T2.4_D12,53001,124,0.010
BL_W130_T2.4_D12,57376,120,0.010
BL_W130_T2.4_D12,60674,116,0.010
BL_W130_T2.4_D12,66034,111,0.010
BL_W130_T2.4_D12,68461,109,0.010
BL_W130_T2.4_D18,74136,105,0.250
BL_W130_T2.4_D18,74854,103,0.210
BL_W130_T2.4_D18,75521,103,0.170
BL_W130_T2.4_D18,76188,102,0.130
BL_W130_T2.4_D18,76883,102,0.126
BL_W130_T2.4_D18,78287,104,0.050
BL_W130_T2.4_D18,31872,157,0.010
BL_W130_T2.4_D18,35291,150,0.010
BL_W130_T2.4_D18,45936,134,0.010
BL_W130_T2.4_D18,46313,133,0.010
BL_W130_T2.4_D18,49069,129,0.010
BL_W130_T2.4_D18,53030,124,0.010
BL_W130_T2.4_D18,66034,111,0.010
BL_W130_T2.4_D18,68490,109,0.010
BL_W130_T2.8_D12,74136,105,0.250
BL_W130_T2.8_D12,74854,103,0.210
BL_W130_T2.8_D12,75550,103,0.170
BL_W130_T2.8_D12,76218,102,0.130
BL_W130_T2.8_D12,52073,125,0.126
BL_W130_T2.8_D12,76913,102,0.126
BL_W130_T2.8_D12,78287,104,0.050
BL_W130_T2.8_D12,30124,160,0.010
BL_W130_T2.8_D12,31814,157,0.010
BL_W130_T2.8_D12,35262,150,0.010
BL_W130_T2.8_D12,42078,139,0.010
BL_W130_T2.8_D12,45936,134,0.010
BL_W130_T2.8_D12,46284,133,0.010
BL_W130_T2.8_D12,49069,129,0.010
BL_W130_T2.8_D12,53001,124,0.010
BL_W130_T2.8_D12,57376,120,0.010
BL_W130_T2.8_D12,60674,116,0.010
BL_W130_T2.8_D12,66034,111,0.010
BL_W130_T2.8_D12,68461,109,0.010
BL_W130_T2.8_D18,74136,105,0.250
BL_W130_T2.8_D18,74854,103,0.210
BL_W130_T2.8_D18,75550,103,0.170
BL_W130_T2.8_D18,76218,102,0.130
BL_W130_T2.8_D18,76913,102,0.126
BL_W130_T2.8_D18,78287,104,0.050
BL_W130_T2.8_D18,31872,157,0.010
BL_W130_T2.8_D18,35291,150,0.010
BL_W130_T2.8_D18,45936,134,0.010
BL_W130_T2.8_D18,46313,133,0.010
BL_W130_T2.8_D18,49069,129,0.010
BL_W130_T2.8_D18,53030,124,0.010
BL_W130_T2.8_D18,66034,111,0.010
BL_W130_T2.8_D18,68490,109,0.010
BL_W130_T3.3_D12,74136,105,0.340
BL_W130_T3.3_D12,74854,103,0.260
BL_W130_T3.3_D12,52073,125,0.126
BL_W130_T3.3_D12,75550,103,0.126
BL_W130_T3.3_D12,78287,104,0.050
BL_W130_T3.3_D12,30124,160,0.010
BL_W130_T3.3_D12,31814,157,0.010
BL_W130_T3.3_D12,35262,150,0.010
BL_W130_T3.3_D12,42078,139,0.010
BL_W130_T3.3_D12,45936,134,0.010
BL_W130_T3.3_D12,46284,133,0.010
BL_W130_T3.3_D12,49069,129,0.010
BL_W130_T3.3_D12,53001,124,0.010
BL_W130_T3.3_D12,57376,120,0.010
BL_W130_T3.3_D12,60674,116,0.010
BL_W130_T3.3_D12,66034,111,0.010
BL_W130_T3.3_D12,68461,109,0.010
BL_W130_T3.3_D12,76218,102,0.010
BL_W130_T3.3_D18,74136,105,0.340
BL_W130_T3.3_D18,74854,103,0.260
BL_W130_T3.3_D18,75550,103,0.126
BL_W130_T3.3_D18,78287,104,0.050
BL_W130_T3.3_D18,31872,157,0.010
BL_W130_T3.3_D18,35291,150,0.010
BL_W130_T3.3_D18,45936,134,0.010
BL_W130_T3.3_D18,46313,133,0.010
BL_W130_T3.3_D18,49069,129,0.010
BL_W130_T3.3_D18,53030,124,0.010
BL_W130_T3.3_D18,66034,111,0.010
BL_W130_T3.3_D18,68490,109,0.010
BL_W130_T3.3_D18,76218,102,0.010
BL_W140_T2.0_D12,74136,105,0.250
BL_W140_T2.0_D12,74854,103,0.210
BL_W140_T2.0_D12,75521,103,0.170
BL_W140_T2.0_D12,76188,102,0.130
BL_W140_T2.0_D12,30414,160,0.126
BL_W140_T2.0_D12,52044,125,0.126
BL_W140_T2.0_D12,76883,102,0.126
BL_W140_T2.0_D12,78287,104,0.050
BL_W140_T2.0_D12,30095,160,0.010
BL_W140_T2.0_D12,31814,157,0.010
BL_W140_T2.0_D12,35262,150,0.010
BL_W140_T2.0_D12,42078,139,0.010
BL_W140_T2.0_D12,45936,134,0.010
BL_W140_T2.0_D12,46313,133,0.010
BL_W140_T2.0_D12,49069,129,0.010
BL_W140_T2.0_D12,53001,124,0.010
BL_W140_T2.0_D12,57376,120,0.010
BL_W140_T2.0_D12,60674,116,0.010
BL_W140_T2.0_D12,66034,111,0.010
BL_W140_T2.0_D12,68461,109,0.010
BL_W140_T2.0_D18,74136,105,0.250
BL_W140_T2.0_D18,74854,103,0.210
BL_W140_T2.0_D18,75521,103,0.170
BL_W140_T2.0_D18,76188,102,0.130
BL_W140_T2.0_D18,76883,102,0.126
BL_W140_T2.0_D18,78287,104,0.050
BL_W140_T2.0_D18,31872,157,0.010
BL_W140_T2.0_D18,35291,150,0.010
BL_W140_T2.0_D18,45936,134,0.010
BL_W140_T2.0_D18,46342,133,0.010
BL_W140_T2.0_D18,49069,129,0.010
BL_W140_T2.0_D18,53030,124,0.010
BL_W140_T2.0_D18,66034,111,0.010
BL_W140_T2.0_D18,68490,109,0.010
BL_W140_T2.4_D12,74136,105,0.250
BL_W140_T2.4_D12,74854,103,0.210
BL_W140_T2.4_D12,75521,103,0.170
BL_W140_T2.4_D12,76188,102,0.130
BL_W140_T2.4_D12,30414,160,0.126
BL_W140_T2.4_D12,52044,125,0.126
BL_W140_T2.4_D12,76883,102,0.126
BL_W140_T2.4_D12,78287,104,0.050
BL_W140_T2.4_D12,30095,160,0.010
BL_W140_T2.4_D12,31814,157,0.010
BL_W140_T2.4_D12,35262,150,0.010
BL_W140_T2.4_D12,42078,139,0.010
BL_W140_T2.4_D12,45936,134,0.010
BL_W140_T2.4_D12,46313,133,0.010
BL_W140_T2.4_D12,49069,129,0.010
BL_W140_T2.4_D12,53001,124,0.010
BL_W140_T2.4_D12,57376,120,0.010
BL_W140_T2.4_D12,60674,116,0.010
BL_W140_T2.4_D12,66034,111,0.010
BL_W140_T2.4_D12,68461,109,0.010
BL_W140_T2.4_D18,74136,105,0.250
BL_W140_T2.4_D18,74854,103,0.210
BL_W140_T2.4_D18,75521,103,0.170
BL_W140_T2.4_D18,76188,102,0.130
BL_W140_T2.4_D18,76883,102,0.126
BL_W140_T2.4_D18,78287,104,0.050
BL_W140_T2.4_D18,31872,157,0.010
BL_W140_T2.4_D18,35291,150,0.010
BL_W140_T2.4_D18,45936,134,0.010
BL_W140_T2.4_D18,46342,133,0.010
BL_W140_T2.4_D18,49069,129,0.010
BL_W140_T2.4_D18,53030,124,0.010
BL_W140_T2.4_D18,66034,111,0.010
BL_W140_T2.4_D18,68490,109,0.010
BL_W140_T2.8_D12,74136,105,0.250
BL_W140_T2.8_D12,74854,103,0.210
BL_W140_T2.8_D12,75550,103,0.170
BL_W140_T2.8_D12,76218,102,0.130
BL_W140_T2.8_D12,30414,160,0.126
BL_W140_T2.8_D12,52044,125,0.126
BL_W140_T2.8_D12,76913,102,0.126
BL_W140_T2.8_D12,78287,104,0.050
BL_W140_T2.8_D12,30095,160,0.010
BL_W140_T2.8_D12,31814,157,0.010
BL_W140_T2.8_D12,35262,150,0.010
BL_W140_T2.8_D12,42078,139,0.010
BL_W140_T2.8_D12,45936,134,0.010
BL_W140_T2.8_D12,46313,133,0.010
BL_W140_T2.8_D12,49069,129,0.010
BL_W140_T2.8_D12,53001,124,0.010
BL_W140_T2.8_D12,57376,120,0.010
BL_W140_T2.8_D12,60674,116,0.010
BL_W140_T2.8_D12,66034,111,0.010
BL_W140_T2.8_D12,68461,109,0.010
BL_W140_T2.8_D18,74136,105,0.250
BL_W140_T2.8_D18,74854,103,0.210
BL_W140_T2.8_D18,75550,103,0.170
BL_W140_T2.8_D18,76218,102,0.130
BL_W140_T2.8_D18,76913,102,0.126
BL_W140_T2.8_D18,78287,104,0.050
BL_W140_T2.8_D18,31872,157,0.010
BL_W140_T2.8_D18,35291,150,0.010
BL_W140_T2.8_D18,45936,134,0.010
BL_W140_T2.8_D18,46342,133,0.010
BL_W140_T2.8_D18,49069,129,0.010
BL_W140_T2.8_D18,53030,124,0.010
BL_W140_T2.8_D18,66034,111,0.010
BL_W140_T2.8_D18,68490,109,0.010
BL_W140_T3.3_D12,74136,105,0.250
BL_W140_T3.3_D12,74854,103,0.210
BL_W140_T3.3_D12,75550,103,0.170
BL_W140_T3.3_D12,76218,102,0.130
BL_W140_T3.3_D12,30414,160,0.126
BL_W140_T3.3_D12,52044,125,0.126
BL_W140_T3.3_D12,76942,102,0.126
BL_W140_T3.3_D12,78287,104,0.050
BL_W140_T3.3_D12,30095,160,0.010
BL_W140_T3.3_D12,31814,157,0.010
BL_W140_T3.3_D12,35262,150,0.010
BL_W140_T3.3_D12,42078,139,0.010
BL_W140_T3.3_D12,45936,134,0.010
BL_W140_T3.3_D12,46313,133,0.010
BL_W140_T3.3_D12,49069,129,0.010
BL_W140_T3.3_D12,53001,124,0.010
BL_W140_T3.3_D12,57376,120,0.010
BL_W140_T3.3_D12,60674,116,0.010
BL_W140_T3.3_D12,66034,111,0.010
BL_W140_T3.3_D12,68461,109,0.010
BL_W140_T3.3_D18,74136,105,0.250
BL_W140_T3.3_D18,74854,103,0.210
BL_W140_T3.3_D18,75550,103,0.170
BL_W140_T3.3_D18,76218,102,0.130
BL_W140_T3.3_D18,76942,102,0.126
BL_W140_T3.3_D18,78287,104,0.050
BL_W140_T3.3_D18,31872,157,0.010
BL_W140_T3.3_D18,35291,150,0.010
BL_W140_T3.3_D18,45936,134,0.010
BL_W140_T3.3_D18,46342,133,0.010
BL_W140_T3.3_D18,49069,129,0.010
BL_W140_T3.3_D18,53030,124,0.010
BL_W140_T3.3_D18,66034,111,0.010
BL_W140_T3.3_D18,68490,109,0.010
BL_W150_T2.0_D12,74136,105,0.250
BL_W150_T2.0_D12,74854,103,0.210
BL_W150_T2.0_D12,75521,103,0.170
BL_W150_T2.0_D12,76188,102,0.130
BL_W150_T2.0_D12,52044,125,0.126
BL_W150_T2.0_D12,76883,102,0.126
BL_W150_T2.0_D12,78287,104,0.050
BL_W150_T2.0_D12,30124,160,0.010
BL_W150_T2.0_D12,31814,157,0.010
BL_W150_T2.0_D12,35262,150,0.010
BL_W150_T2.0_D12,42078,139,0.010
BL_W150_T2.0_D12,45936,134,0.010
BL_W150_T2.0_D12,46313,133,0.010
BL_W150_T2.0_D12,49069,129,0.010
BL_W150_T2.0_D12,53001,124,0.010
BL_W150_T2.0_D12,57376,120,0.010
BL_W150_T2.0_D12,60674,116,0.010
BL_W150_T2.0_D12,63836,113,0.010
BL_W150_T2.0_D12,66034,111,0.010
BL_W150_T2.0_D12,68461,109,0.010
BL_W150_T2.0_D18,74136,105,0.250
BL_W150_T2.0_D18,74854,103,0.210
BL_W150_T2.0_D18,75521,103,0.170
BL_W150_T2.0_D18,76188,102,0.130
BL_W150_T2.0_D18,76883,102,0.126
BL_W150_T2.0_D18,78287,104,0.050
BL_W150_T2.0_D18,31872,157,0.010
BL_W150_T2.0_D18,35291,150,0.010
BL_W150_T2.0_D18,45936,134,0.010
BL_W150_T2.0_D18,46342,133,0.010
BL_W150_T2.0_D18,49069,129,0.010
BL_W150_T2.0_D18,66034,111,0.010
BL_W150_T2.0_D18,68490,109,0.010
BL_W150_T2.4_D12,74136,105,0.250
BL_W150_T2.4_D12,74854,103,0.210
BL_W150_T2.4_D12,75521,103,0.170
BL_W150_T2.4_D12,76188,102,0.130
BL_W150_T2.4_D12,52044,125,0.126
BL_W150_T2.4_D12,76883,102,0.126
BL_W150_T2.4_D12,78287,104,0.050
BL_W150_T2.4_D12,30124,160,0.010
BL_W150_T2.4_D12,31814,157,0.010
BL_W150_T2.4_D12,35262,150,0.010
BL_W150_T2.4_D12,42078,139,0.010
BL_W150_T2.4_D12,45936,134,0.010
BL_W150_T2.4_D12,46313,133,0.010
BL_W150_T2.4_D12,49069,129,0.010
BL_W150_T2.4_D12,53001,124,0.010
BL_W150_T2.4_D12,57376,120,0.010
BL_W150_T2.4_D12,60674,116,0.010
BL_W150_T2.4_D12,63836,113,0.010
BL_W150_T2.4_D12,66034,111,0.010
BL_W150_T2.4_D12,68461,109,0.010
BL_W150_T2.4_D18,74136,105,0.250
BL_W150_T2.4_D18,74854,103,0.210
BL_W150_T2.4_D18,75521,103,0.170
BL_W150_T2.4_D18,76188,102,0.130
BL_W150_T2.4_D18,76883,102,0.126
BL_W150_T2.4_D18,78287,104,0.050
BL_W150_T2.4_D18,31872,157,0.010
BL_W150_T2.4_D18,35291,150,0.010
BL_W150_T2.4_D18,45936,134,0.010
BL_W150_T2.4_D18,46342,133,0.010
BL_W150_T2.4_D18,49069,129,0.010
BL_W150_T2.4_D18,66034,111,0.010
BL_W150_T2.4_D18,68490,109,0.010
BL_W150_T2.8_D12,74136,105,0.250
BL_W150_T2.8_D12,74854,103,0.210
BL_W150_T2.8_D12,75521,103,0.170
BL_W150_T2.8_D12,76188,102,0.130
BL_W150_T2.8_D12,52044,125,0.126
BL_W150_T2.8_D12,76913,102,0.126
BL_W150_T2.8_D12,78287,104,0.050
BL_W150_T2.8_D12,30124,160,0.010
BL_W150_T2.8_D12,31814,157,0.010
BL_W150_T2.8_D12,35262,150,0.010
BL_W150_T2.8_D12,42078,139,0.010
BL_W150_T2.8_D12,45936,134,0.010
BL_W150_T2.8_D12,46313,133,0.010
BL_W150_T2.8_D12,49069,129,0.010
BL_W150_T2.8_D12,53001,124,0.010
BL_W150_T2.8_D12,57376,120,0.010
BL_W150_T2.8_D12,60674,116,0.010
BL_W150_T2.8_D12,63836,113,0.010
BL_W150_T2.8_D12,66034,111,0.010
BL_W150_T2.8_D12,68461,109,0.010
BL_W150_T2.8_D18,74136,105,0.250
BL_W150_T2.8_D18,74854,103,0.210
BL_W150_T2.8_D18,75521,103,0.170
BL_W150_T2.8_D18,76188,102,0.130
BL_W150_T2.8_D18,76913,102,0.126
BL_W150_T2.8_D18,78287,104,0.050
BL_W150_T2.8_D18,31872,157,0.010
BL_W150_T2.8_D18,35291,150,0.010
BL_W150_T2.8_D18,45936,134,0.010
BL_W150_T2.8_D18,46342,133,0.010
BL_W150_T2.8_D18,49069,129,0.010
BL_W150_T2.8_D18,66034,111,0.010
BL_W150_T2.8_D18,68490,109,0.010
BL_W150_T3.3_D12,74136,105,0.250
BL_W150_T3.3_D12,74854,103,0.210
BL_W150_T3.3_D12,75550,103,0.170
BL_W150_T3.3_D12,76218,102,0.130
BL_W150_T3.3_D12,52044,125,0.126
BL_W150_T3.3_D12,76913,102,0.126
BL_W150_T3.3_D12,78287,104,0.050
BL_W150_T3.3_D12,30124,160,0.010
BL_W150_T3.3_D12,31814,157,0.010
BL_W150_T3.3_D12,35262,150,0.010
BL_W150_T3.3_D12,42078,139,0.010
BL_W150_T3.3_D12,45936,134,0.010
BL_W150_T3.3_D12,46313,133,0.010
BL_W150_T3.3_D12,49069,129,0.010
BL_W150_T3.3_D12,53001,124,0.010
BL_W150_T3.3_D12,57376,120,0.010
BL_W150_T3.3_D12,60674,116,0.010
BL_W150_T3.3_D12,63836,113,0.010
BL_W150_T3.3_D12,66034,111,0.010
BL_W150_T3.3_D12,68461,109,0.010
BL_W150_T3.3_D18,74136,105,0.250
BL_W150_T3.3_D18,74854,103,0.210
BL_W150_T3.3_D18,75550,103,0.170
BL_W150_T3.3_D18,76218,102,0.130
BL_W150_T3.3_D18,76913,102,0.126
BL_W150_T3.3_D18,78287,104,0.050
BL_W150_T3.3_D18,31872,157,0.010
BL_W150_T3.3_D18,35291,150,0.010
BL_W150_T3.3_D18,45936,134,0.010
BL_W150_T3.3_D18,46342,133,0.010
BL_W150_T3.3_D18,49069,129,0.010
BL_W150_T3.3_D18,66034,111,0.010
BL_W150_T3.3_D18,68490,109,0.010
BL_W20_T1.6_D12,74107,105,0.420
BL_W20_T1.6_D12,74854,103,0.340
BL_W20_T1.6_D12,75492,103,0.260
BL_W20_T1.6_D12,66034,111,0.208
BL_W20_T1.6_D12,25633,173,0.126
BL_W20_T1.6_D12,67397,108,0.126
BL_W20_T1.6_D12,76188,102,0.126
BL_W20_T1.6_D12,76854,102,0.050
BL_W20_T1.6_D12,26641,170,0.010
BL_W20_T1.6_D12,28506,165,0.010
BL_W20_T1.6_D12,30095,160,0.010
BL_W20_T1.6_D12,31843,157,0.010
BL_W20_T1.6_D12,35262,150,0.010
BL_W20_T1.6_D12,42078,139,0.010
BL_W20_T1.6_D12,45936,134,0.010
BL_W20_T1.6_D12,52972,124,0.010
BL_W20_T1.6_D12,57318,119,0.010
BL_W20_T1.6_D12,62471,114,0.010
BL_W20_T1.6_D12,68287,108,0.010
BL_W20_T1.6_D12,71182,105,0.010
BL_W20_T1.6_D15,74107,105,0.250
BL_W20_T1.6_D15,74854,103,0.210
BL_W20_T1.6_D15,75492,103,0.170
BL_W20_T1.6_D15,76188,102,0.130
BL_W20_T1.6_D15,25633,173,0.126
BL_W20_T1.6_D15,76854,102,0.126
BL_W20_T1.6_D15,78258,104,0.050
BL_W20_T1.6_D15,26669,170,0.010
BL_W20_T1.6_D15,30124,160,0.010
BL_W20_T1.6_D15,31872,157,0.010
BL_W20_T1.6_D15,35262,150,0.010
BL_W20_T1.6_D15,45936,134,0.010
BL_W20_T1.6_D15,53001,124,0.010
BL_W20_T1.6_D15,57347,120,0.010
BL_W20_T1.6_D15,66034,111,0.010
BL_W20_T1.6_D15,68490,109,0.010
BL_W20_T1.6_D15,71182,105,0.010
BL_W20_T1.8_D12,74107,105,0.420
BL_W20_T1.8_D12,74854,103,0.340
BL_W20_T1.8_D12,75521,103,0.260
BL_W20_T1.8_D12,66034,111,0.208
BL_W20_T1.8_D12,25633,173,0.126
BL_W20_T1.8_D12,67397,108,0.126
BL_W20_T1.8_D12,76188,102,0.126
BL_W20_T1.8_D12,76854,102,0.050
BL_W20_T1.8_D12,26641,170,0.010
BL_W20_T1.8_D12,28506,165,0.010
BL_W20_T1.8_D12,30095,160,0.010
BL_W20_T1.8_D12,31843,157,0.010
BL_W20_T1.8_D12,35262,150,0.010
BL_W20_T1.8_D12,42078,139,0.010
BL_W20_T1.8_D12,45936,134,0.010
BL_W20_T1.8_D12,52972,124,0.010
BL_W20_T1.8_D12,57318,119,0.010
BL_W20_T1.8_D12,62471,114,0.010
BL_W20_T1.8_D12,68287,108,0.010
BL_W20_T1.8_D12,71182,105,0.010
BL_W20_T1.8_D15,74107,105,0.250
BL_W20_T1.8_D15,74854,103,0.210
BL_W20_T1.8_D15,75521,103,0.170
BL_W20_T1.8_D15,76188,102,0.130
BL_W20_T1.8_D15,25633,173,0.126
BL_W20_T1.8_D15,76854,102,0.126
BL_W20_T1.8_D15,78258,104,0.050
BL_W20_T1.8_D15,26669,170,0.010
BL_W20_T1.8_D15,30124,160,0.010
BL_W20_T1.8_D15,31872,157,0.010
BL_W20_T1.8_D15,35262,150,0.010
BL_W20_T1.8_D15,45936,134,0.010
BL_W20_T1.8_D15,53001,124,0.010
BL_W20_T1.8_D15,57347,120,0.010
BL_W20_T1.8_D15,66034,111,0.010
BL_W20_T1.8_D15,68490,109,0.010
BL_W20_T1.8_D15,71182,105,0.010
BL_W20_T2.0_D12,74107,105,0.420
BL_W20_T2.0_D12,74854,103,0.340
BL_W20_T2.0_D12,75521,103,0.260
BL_W20_T2.0_D12,66034,111,0.208
BL_W20_T2.0_D12,25633,173,0.126
BL_W20_T2.0_D12,67397,108,0.126
BL_W20_T2.0_D12,76188,102,0.126
BL_W20_T2.0_D12,76854,102,0.050
BL_W20_T2.0_D12,26641,170,0.010
BL_W20_T2.0_D12,28506,165,0.010
BL_W20_T2.0_D12,30095,160,0.010
BL_W20_T2.0_D12,31843,157,0.010
BL_W20_T2.0_D12,35262,150,0.010
BL_W20_T2.0_D12,42078,139,0.010
BL_W20_T2.0_D12,45936,134,0.010
BL_W20_T2.0_D12,52972,124,0.010
BL_W20_T2.0_D12,57318,119,0.010
BL_W20_T2.0_D12,62471,114,0.010
BL_W20_T2.0_D12,68287,108,0.010
BL_W20_T2.0_D12,71182,105,0.010
BL_W20_T2.0_D15,74107,105,0.250
BL_W20_T2.0_D15,74854,103,0.210
BL_W20_T2.0_D15,75521,103,0.170
BL_W20_T2.0_D15,76188,102,0.130
BL_W20_T2.0_D15,25633,173,0.126
BL_W20_T2.0_D15,76854,102,0.126
BL_W20_T2.0_D15,78258,104,0.050
BL_W20_T2.0_D15,26669,170,0.010
BL_W20_T2.0_D15,30124,160,0.010
BL_W20_T2.0_D15,31872,157,0.010
BL_W20_T2.0_D15,35262,150,0.010
BL_W20_T2.0_D15,45936,134,0.010
BL_W20_T2.0_D15,53001,124,0.010
BL_W20_T2.0_D15,57347,120,0.010
BL_W20_T2.0_D15,66034,111,0.010
BL_W20_T2.0_D15,68490,109,0.010
BL_W20_T2.0_D15,71182,105,0.010
BL_W30_T1.6_D12,74136,105,0.420
BL_W30_T1.6_D12,74854,103,0.340
BL_W30_T1.6_D12,75521,103,0.260
BL_W30_T1.6_D12,25633,173,0.126
BL_W30_T1.6_D12,30414,160,0.126
BL_W30_T1.6_D12,76188,102,0.126
BL_W30_T1.6_D12,76883,102,0.050
BL_W30_T1.6_D12,26641,170,0.010
BL_W30_T1.6_D12,30095,160,0.010
BL_W30_T1.6_D12,31843,157,0.010
BL_W30_T1.6_D12,35262,150,0.010
BL_W30_T1.6_D12,41701,140,0.010
BL_W30_T1.6_D12,42107,139,0.010
BL_W30_T1.6_D12,45936,134,0.010
BL_W30_T1.6_D12,46313,133,0.010
BL_W30_T1.6_D12,53001,124,0.010
BL_W30_T1.6_D12,57347,120,0.010
BL_W30_T1.6_D12,66034,111,0.010
BL_W30_T1.6_D12,68490,109,0.010
BL_W30_T1.6_D12,71182,105,0.010
BL_W30_T1.6_D15,74136,105,0.250
BL_W30_T1.6_D15,74854,103,0.210
BL_W30_T1.6_D15,75521,103,0.170
BL_W30_T1.6_D15,76188,102,0.130
BL_W30_T1.6_D15,25633,173,0.126
BL_W30_T1.6_D15,76883,102,0.126
BL_W30_T1.6_D15,78287,104,0.050
BL_W30_T1.6_D15,26669,170,0.010
BL_W30_T1.6_D15,30124,160,0.010
BL_W30_T1.6_D15,31901,157,0.010
BL_W30_T1.6_D15,35262,150,0.010
BL_W30_T1.6_D15,45936,134,0.010
BL_W30_T1.6_D15,46313,133,0.010
BL_W30_T1.6_D15,49069,129,0.010
BL_W30_T1.6_D15,53001,124,0.010
BL_W30_T1.6_D15,57347,120,0.010
BL_W30_T1.6_D15,66034,111,0.010
BL_W30_T1.6_D15,68490,109,0.010
BL_W30_T1.8_D12,74136,105,0.420
BL_W30_T1.8_D12,74883,103,0.340
BL_W30_T1.8_D12,75550,103,0.260
BL_W30_T1.8_D12,25633,173,0.126
BL_W30_T1.8_D12,30414,160,0.126
BL_W30_T1.8_D12,76188,102,0.126
BL_W30_T1.8_D12,76913,102,0.050
BL_W30_T1.8_D12,26641,170,0.010
BL_W30_T1.8_D12,30095,160,0.010
BL_W30_T1.8_D12,31843,157,0.010
BL_W30_T1.8_D12,35262,150,0.010
BL_W30_T1.8_D12,41701,140,0.010
BL_W30_T1.8_D12,42107,139,0.010
BL_W30_T1.8_D12,45936,134,0.010
BL_W30_T1.8_D12,46313,133,0.010
BL_W30_T1.8_D12,53001,124,0.010
BL_W30_T1.8_D12,57347,120,0.010
BL_W30_T1.8_D12,66034,111,0.010
BL_W30_T1.8_D12,68490,109,0.010
BL_W30_T1.8_D12,71182,105,0.010
BL_W30_T1.8_D15,74136,105,0.250
BL_W30_T1.8_D15,74883,103,0.210
BL_W30_T1.8_D15,75550,103,0.170
BL_W30_T1.8_D15,76188,102,0.130
BL_W30_T1.8_D15,25633,173,0.126
BL_W30_T1.8_D15,76913,102,0.126
BL_W30_T1.8_D15,78287,104,0.050
BL_W30_T1.8_D15,26669,170,0.010
BL_W30_T1.8_D15,30124,160,0.010
BL_W30_T1.8_D15,31901,157,0.010
BL_W30_T1.8_D15,35262,150,0.010
BL_W30_T1.8_D15,45936,134,0.010
BL_W30_T1.8_D15,46313,133,0.010
BL_W30_T1.8_D15,49069,129,0.010
BL_W30_T1.8_D15,53001,124,0.010
BL_W30_T1.8_D15,57347,120,0.010
BL_W30_T1.8_D15,66034,111,0.010
BL_W30_T1.8_D15,68490,109,0.010
BL_W30_T2.0_D12,74165,105,0.420
BL_W30_T2.0_D12,74883,103,0.340
BL_W30_T2.0_D12,75550,103,0.260
BL_W30_T2.0_D12,25633,173,0.126
BL_W30_T2.0_D12,30414,160,0.126
BL_W30_T2.0_D12,76218,102,0.126
BL_W30_T2.0_D12,76913,102,0.050
BL_W30_T2.0_D12,26641,170,0.010
BL_W30_T2.0_D12,30095,160,0.010
BL_W30_T2.0_D12,31843,157,0.010
BL_W30_T2.0_D12,35262,150,0.010
BL_W30_T2.0_D12,41701,140,0.010
BL_W30_T2.0_D12,42107,139,0.010
BL_W30_T2.0_D12,45936,134,0.010
BL_W30_T2.0_D12,46313,133,0.010
BL_W30_T2.0_D12,53001,124,0.010
BL_W30_T2.0_D12,57347,120,0.010
BL_W30_T2.0_D12,66034,111,0.010
BL_W30_T2.0_D12,68490,109,0.010
BL_W30_T2.0_D12,71182,105,0.010
BL_W30_T2.0_D15,74165,105,0.250
BL_W30_T2.0_D15,74883,103,0.210
BL_W30_T2.0_D15,75550,103,0.170
BL_W30_T2.0_D15,76218,102,0.130
BL_W30_T2.0_D15,25633,173,0.126
BL_W30_T2.0_D15,76913,102,0.126
BL_W30_T2.0_D15,78287,104,0.050
BL_W30_T2.0_D15,26669,170,0.010
BL_W30_T2.0_D15,30124,160,0.010
BL_W30_T2.0_D15,31901,157,0.010
BL_W30_T2.0_D15,35262,150,0.010
BL_W30_T2.0_D15,45936,134,0.010
BL_W30_T2.0_D15,46313,133,0.010
BL_W30_T2.0_D15,49069,129,0.010
BL_W30_T2.0_D15,53001,124,0.010
BL_W30_T2.0_D15,57347,120,0.010
BL_W30_T2.0_D15,66034,111,0.010
BL_W30_T2.0_D15,68490,109,0.010
BL_W40_T1.6_D12,74136,105,0.340
BL_W40_T1.6_D12,74854,103,0.260
BL_W40_T1.6_D12,30414,160,0.126
BL_W40_T1.6_D12,75521,103,0.126
BL_W40_T1.6_D12,76188,102,0.050
BL_W40_T1.6_D12,26669,170,0.010
BL_W40_T1.6_D12,30095,160,0.010
BL_W40_T1.6_D12,31843,157,0.010
BL_W40_T1.6_D12,35262,150,0.010
BL_W40_T1.6_D12,41701,140,0.010
BL_W40_T1.6_D12,42078,139,0.010
BL_W40_T1.6_D12,45936,134,0.010
BL_W40_T1.6_D12,46313,133,0.010
BL_W40_T1.6_D12,49069,129,0.010
BL_W40_T1.6_D12,53001,124,0.010
BL_W40_T1.6_D12,57347,120,0.010
BL_W40_T1.6_D12,60674,116,0.010
BL_W40_T1.6_D12,66034,111,0.010
BL_W40_T1.6_D12,68490,109,0.010
BL_W40_T1.6_D12,71182,105,0.010
BL_W40_T1.6_D15,74136,105,0.250
BL_W40_T1.6_D15,74854,103,0.210
BL_W40_T1.6_D15,75521,103,0.170
BL_W40_T1.6_D15,76188,102,0.130
BL_W40_T1.6_D15,25745,173,0.126
BL_W40_T1.6_D15,76883,102,0.126
BL_W40_T1.6_D15,78258,104,0.050
BL_W40_T1.6_D15,26697,170,0.010
BL_W40_T1.6_D15,30124,160,0.010
BL_W40_T1.6_D15,31872,157,0.010
BL_W40_T1.6_D15,35262,150,0.010
BL_W40_T1.6_D15,42107,139,0.010
BL_W40_T1.6_D15,45936,134,0.010
BL_W40_T1.6_D15,46313,133,0.010
BL_W40_T1.6_D15,49069,129,0.010
BL_W40_T1.6_D15,53001,124,0.010
BL_W40_T1.6_D15,57347,120,0.010
BL_W40_T1.6_D15,66034,111,0.010
BL_W40_T1.6_D15,68490,109,0.010
BL_W40_T1.8_D12,74136,105,0.340
BL_W40_T1.8_D12,74854,103,0.260
BL_W40_T1.8_D12,30414,160,0.126
BL_W40_T1.8_D12,75521,103,0.126
BL_W40_T1.8_D12,76188,102,0.050
BL_W40_T1.8_D12,26669,170,0.010
BL_W40_T1.8_D12,30095,160,0.010
BL_W40_T1.8_D12,31843,157,0.010
BL_W40_T1.8_D12,35262,150,0.010
BL_W40_T1.8_D12,41701,140,0.010
BL_W40_T1.8_D12,42078,139,0.010
BL_W40_T1.8_D12,45936,134,0.010
BL_W40_T1.8_D12,46313,133,0.010
BL_W40_T1.8_D12,49069,129,0.010
BL_W40_T1.8_D12,53001,124,0.010
BL_W40_T1.8_D12,57347,120,0.010
BL_W40_T1.8_D12,60674,116,0.010
BL_W40_T1.8_D12,66034,111,0.010
BL_W40_T1.8_D12,68490,109,0.010
BL_W40_T1.8_D12,71182,105,0.010
BL_W40_T1.8_D15,74136,105,0.250
BL_W40_T1.8_D15,74854,103,0.210
BL_W40_T1.8_D15,75521,103,0.170
BL_W40_T1.8_D15,76188,102,0.130
BL_W40_T1.8_D15,25745,173,0.126
BL_W40_T1.8_D15,76883,102,0.126
BL_W40_T1.8_D15,78258,104,0.050
BL_W40_T1.8_D15,26697,170,0.010
BL_W40_T1.8_D15,30124,160,0.010
BL_W40_T1.8_D15,31872,157,0.010
BL_W40_T1.8_D15,35262,150,0.010
BL_W40_T1.8_D15,42107,139,0.010
BL_W40_T1.8_D15,45936,134,0.010
BL_W40_T1.8_D15,46313,133,0.010
BL_W40_T1.8_D15,49069,129,0.010
BL_W40_T1.8_D15,53001,124,0.010
BL_W40_T1.8_D15,57347,120,0.010
BL_W40_T1.8_D15,66034,111,0.010
BL_W40_T1.8_D15,68490,109,0.010
BL_W40_T2.0_D12,74136,105,0.340
BL_W40_T2.0_D12,74854,103,0.260
BL_W40_T2.0_D12,30414,160,0.126
BL_W40_T2.0_D12,75521,103,0.126
BL_W40_T2.0_D12,76188,102,0.050
BL_W40_T2.0_D12,26669,170,0.010
BL_W40_T2.0_D12,30095,160,0.010
BL_W40_T2.0_D12,31843,157,0.010
BL_W40_T2.0_D12,35262,150,0.010
BL_W40_T2.0_D12,41701,140,0.010
BL_W40_T2.0_D12,42078,139,0.010
BL_W40_T2.0_D12,45936,134,0.010
BL_W40_T2.0_D12,46313,133,0.010
BL_W40_T2.0_D12,49069,129,0.010
BL_W40_T2.0_D12,53001,124,0.010
BL_W40_T2.0_D12,57347,120,0.010
BL_W40_T2.0_D12,60674,116,0.010
BL_W40_T2.0_D12,66034,111,0.010
BL_W40_T2.0_D12,68490,109,0.010
BL_W40_T2.0_D12,71182,105,0.010
BL_W40_T2.0_D15,74136,105,0.250
BL_W40_T2.0_D15,74854,103,0.210
BL_W40_T2.0_D15,75521,103,0.170
BL_W40_T2.0_D15,76188,102,0.130
BL_W40_T2.0_D15,25745,173,0.126
BL_W40_T2.0_D15,76883,102,0.126
BL_W40_T2.0_D15,78287,104,0.050
BL_W40_T2.0_D15,26697,170,0.010
BL_W40_T2.0_D15,30124,160,0.010
BL_W40_T2.0_D15,31872,157,0.010
BL_W40_T2.0_D15,35262,150,0.010
BL_W40_T2.0_D15,42107,139,0.010
BL_W40_T2.0_D15,45936,134,0.010
BL_W40_T2.0_D15,46313,133,0.010
BL_W40_T2.0_D15,49069,129,0.010
BL_W40_T2.0_D15,53001,124,0.010
BL_W40_T2.0_D15,57347,120,0.010
BL_W40_T2.0_D15,66034,111,0.010
BL_W40_T2.0_D15,68490,109,0.010
BL_W50_T1.6_D12,74136,105,0.250
BL_W50_T1.6_D12,74854,103,0.210
BL_W50_T1.6_D12,75521,103,0.170
BL_W50_T1.6_D12,76188,102,0.130
BL_W50_T1.6_D12,30414,160,0.126
BL_W50_T1.6_D12,76883,102,0.126
BL_W50_T1.6_D12,78287,104,0.050
BL_W50_T1.6_D12,26641,170,0.010
BL_W50_T1.6_D12,30095,160,0.010
BL_W50_T1.6_D12,31843,157,0.010
BL_W50_T1.6_D12,35262,150,0.010
BL_W50_T1.6_D12,42078,139,0.010
BL_W50_T1.6_D12,45936,134,0.010
BL_W50_T1.6_D12,46313,133,0.010
BL_W50_T1.6_D12,49069,129,0.010
BL_W50_T1.6_D12,53001,124,0.010
BL_W50_T1.6_D12,57347,120,0.010
BL_W50_T1.6_D12,66034,111,0.010
BL_W50_T1.6_D12,68490,109,0.010
BL_W50_T1.6_D15,74136,105,0.250
BL_W50_T1.6_D15,74854,103,0.210
BL_W50_T1.6_D15,75521,103,0.170
BL_W50_T1.6_D15,76188,102,0.130
BL_W50_T1.6_D15,76883,102,0.126
BL_W50_T1.6_D15,78287,104,0.050
BL_W50_T1.6_D15,26669,170,0.010
BL_W50_T1.6_D15,30124,160,0.010
BL_W50_T1.6_D15,31872,157,0.010
BL_W50_T1.6_D15,35262,150,0.010
BL_W50_T1.6_D15,42107,139,0.010
BL_W50_T1.6_D15,45936,134,0.010
BL_W50_T1.6_D15,46313,133,0.010
BL_W50_T1.6_D15,49069,129,0.010
BL_W50_T1.6_D15,53001,124,0.010
BL_W50_T1.6_D15,57376,120,0.010
BL_W50_T1.6_D15,66034,111,0.010
BL_W50_T1.6_D15,68490,109,0.010
BL_W50_T1.8_D12,74136,105,0.250
BL_W50_T1.8_D12,74854,103,0.210
BL_W50_T1.8_D12,75550,103,0.170
BL_W50_T1.8_D12,76188,102,0.130
BL_W50_T1.8_D12,30414,160,0.126
BL_W50_T1.8_D12,76883,102,0.126
BL_W50_T1.8_D12,78287,104,0.050
BL_W50_T1.8_D12,26641,170,0.010
BL_W50_T1.8_D12,30095,160,0.010
BL_W50_T1.8_D12,31843,157,0.010
BL_W50_T1.8_D12,35262,150,0.010
BL_W50_T1.8_D12,42078,139,0.010
BL_W50_T1.8_D12,45936,134,0.010
BL_W50_T1.8_D12,46313,133,0.010
BL_W50_T1.8_D12,49069,129,0.010
BL_W50_T1.8_D12,53001,124,0.010
BL_W50_T1.8_D12,57347,120,0.010
BL_W50_T1.8_D12,66034,111,0.010
BL_W50_T1.8_D12,68490,109,0.010
BL_W50_T1.8_D15,74136,105,0.250
BL_W50_T1.8_D15,74854,103,0.210
BL_W50_T1.8_D15,75550,103,0.170
BL_W50_T1.8_D15,76188,102,0.130
BL_W50_T1.8_D15,76883,102,0.126
BL_W50_T1.8_D15,78287,104,0.050
BL_W50_T1.8_D15,26669,170,0.010
BL_W50_T1.8_D15,30124,160,0.010
BL_W50_T1.8_D15,31872,157,0.010
BL_W50_T1.8_D15,35262,150,0.010
BL_W50_T1.8_D15,42107,139,0.010
BL_W50_T1.8_D15,45936,134,0.010
BL_W50_T1.8_D15,46313,133,0.010
BL_W50_T1.8_D15,49069,129,0.010
BL_W50_T1.8_D15,53001,124,0.010
BL_W50_T1.8_D15,57376,120,0.010
BL_W50_T1.8_D15,66034,111,0.010
BL_W50_T1.8_D15,68490,109,0.010
BL_W50_T2.0_D12,74136,105,0.250
BL_W50_T2.0_D12,74854,103,0.210
BL_W50_T2.0_D12,75550,103,0.170
BL_W50_T2.0_D12,76218,102,0.130
BL_W50_T2.0_D12,30414,160,0.126
BL_W50_T2.0_D12,76913,102,0.126
BL_W50_T2.0_D12,78287,104,0.050
BL_W50_T2.0_D12,26641,170,0.010
BL_W50_T2.0_D12,30095,160,0.010
BL_W50_T2.0_D12,31843,157,0.010
BL_W50_T2.0_D12,35262,150,0.010
BL_W50_T2.0_D12,42078,139,0.010
BL_W50_T2.0_D12,45936,134,0.010
BL_W50_T2.0_D12,46313,133,0.010
BL_W50_T2.0_D12,49069,129,0.010
BL_W50_T2.0_D12,53001,124,0.010
BL_W50_T2.0_D12,57347,120,0.010
BL_W50_T2.0_D12,66034,111,0.010
BL_W50_T2.0_D12,68490,109,0.010
BL_W50_T2.0_D15,74136,105,0.250
BL_W50_T2.0_D15,74854,103,0.210
BL_W50_T2.0_D15,75550,103,0.170
BL_W50_T2.0_D15,76218,102,0.130
BL_W50_T2.0_D15,76913,102,0.126
BL_W50_T2.0_D15,78287,104,0.050
BL_W50_T2.0_D15,26669,170,0.010
BL_W50_T2.0_D15,30124,160,0.010
BL_W50_T2.0_D15,31872,157,0.010
BL_W50_T2.0_D15,35262,150,0.010
BL_W50_T2.0_D15,42107,139,0.010
BL_W50_T2.0_D15,45936,134,0.010
BL_W50_T2.0_D15,46313,133,0.010
BL_W50_T2.0_D15,49069,129,0.010
BL_W50_T2.0_D15,53001,124,0.010
BL_W50_T2.0_D15,57376,120,0.010
BL_W50_T2.0_D15,66034,111,0.010
BL_W50_T2.0_D15,68490,109,0.010
Ensemble,0,114,0
OscSys,0,-1,0
OscMAP,0,-1,0
OscDia,0,-1,0
EstDia,0,-59,0
BPM,0,44,0
#SUMMARY_END
