Time,Pressure,PPGSignal,BL_W20_T2.50_D5_C2,BL_W40_T2.50_D5_C2,BL_W60_T2.50_D5_C2,BL_W65_T2.50_D5_C2,BL_W70_T2.50_D5_C2,BL_W60_T3.00_D5_C2,BL_W65_T3.50_D5_C2,BL_W75_T2.50_D5_C2
14828,-0.25,188,0,0,0,0,0,0,0,0
14863,-0.27,809,0,0,0,0,0,0,0,0
14899,-0.10,1714,0,0,0,0,0,0,0,0
14935,-0.15,2557,0,0,0,0,0,0,0,0
14971,-0.21,3129,0,0,0,0,0,0,0,0
15007,-0.20,3380,0,0,0,0,0,0,0,0
15043,-0.06,3377,0,0,0,0,0,0,0,0
15079,-0.16,3222,0,0,0,0,0,0,0,0
15115,-0.18,3000,0,0,0,0,0,0,0,0
15151,-0.25,2766,0,0,0,0,0,0,0,0
15187,-0.17,2551,0,0,0,0,0,0,0,0
15223,-0.16,2362,0,0,0,0,0,0,0,0
15259,-0.19,2191,0,0,0,0,0,0,0,0
15295,-0.16,2002,0,0,0,0,0,0,0,0
15331,-0.17,1766,0,0,0,0,0,0,0,0
15367,-0.19,1495,0,0,0,0,0,0,0,0
15403,-0.15,1234,0,0,0,0,0,0,0,0
15439,-0.22,1016,0,0,0,0,0,0,0,0
15475,-0.17,851,0,0,0,0,0,0,0,0
15511,-0.16,727,0,0,0,0,0,0,0,0
15547,-0.14,635,0,0,0,0,0,0,0,0
15583,-0.19,568,0,0,0,0,0,0,0,0
15619,-0.11,524,0,0,0,0,0,0,0,0
15655,-0.17,503,0,0,0,0,0,0,0,0
15691,-0.17,489,0,0,0,0,0,0,0,0
15727,-0.19,452,0,0,0,0,0,0,0,0
15763,-0.08,391,0,0,0,0,0,0,0,0
15799,-0.16,363,0,0,0,0,0,0,0,0
15835,-0.10,422,0,0,0,0,0,0,0,0
15871,-0.20,522,0,0,0,0,0,0,0,0
15907,-0.19,574,0,0,0,0,0,0,0,0
15943,-0.10,541,0,0,0,0,0,0,0,0
15979,-0.14,452,0,0,0,0,0,0,0,0
16015,-0.13,343,0,0,0,0,0,0,0,0
16051,-0.18,239,0,0,0,0,0,0,0,0
16087,-0.13,146,0,0,0,0,0,0,0,0
16123,-0.11,44,0,0,0,0,0,0,0,0
16159,-0.20,-124,0,0,0,0,0,0,0,0
16195,-0.15,-406,0,0,0,0,0,0,0,0
16231,-0.11,-710,0,0,0,0,0,0,0,0
16267,-0.14,-742,0,0,0,0,0,0,0,0
16303,-0.15,-346,0,0,0,0,0,0,0,0
16339,-0.05,235,0,0,0,0,0,0,0,0
16375,-0.23,712,0,0,0,0,0,0,0,0
16411,-0.13,939,0,0,0,0,0,0,0,0
16447,-0.17,872,0,0,0,0,0,0,0,0
16483,-0.15,691,0,0,0,0,0,0,0,0
16519,-0.18,628,0,0,0,0,0,0,0,0
16555,-0.07,683,0,0,0,0,0,0,0,0
16591,-0.18,757,0,0,0,0,0,0,0,0
16627,-0.16,804,0,0,0,0,0,0,0,0
16663,-0.13,814,0,0,0,0,0,0,0,0
16699,-0.17,794,0,0,0,0,0,0,0,0
16735,-0.16,754,0,0,0,0,0,0,0,0
16771,-0.15,706,0,0,0,0,0,0,0,0
16807,-0.16,657,0,0,0,0,0,0,0,0
16843,-0.17,611,0,0,0,0,0,0,0,0
16879,-0.17,432,0,0,0,0,0,0,0,0
16915,-0.15,-157,0,0,0,0,0,0,0,0
16951,-0.22,-1133,0,0,0,0,0,0,0,0
16987,-0.05,-2087,0,0,0,0,0,0,0,0
17023,-0.20,-2724,0,0,0,0,0,0,0,0
17059,-0.18,-3008,0,0,0,0,0,0,0,0
17095,-0.21,-3024,0,0,0,0,0,0,0,0
17131,-0.20,-2882,0,0,0,0,0,0,0,0
17167,-0.23,-2672,0,0,0,0,0,0,0,0
17203,-0.18,-2453,0,0,0,0,0,0,0,0
17239,-0.17,-2253,0,0,0,0,0,0,0,0
17275,-0.12,-2082,0,0,0,0,0,0,0,0
17311,-0.13,-1936,0,0,0,0,0,0,0,0
17347,-0.16,-1812,0,0,0,0,0,0,0,0
17383,-0.23,-1701,0,0,0,0,0,0,0,0
17419,-0.19,-1600,0,0,0,0,0,0,0,0
17455,-0.16,-1505,0,0,0,0,0,0,0,0
17491,-0.14,-1416,0,0,0,0,0,0,0,0
17527,-0.15,-1331,0,0,0,0,0,0,0,0
17563,-0.11,-1251,0,0,0,0,0,0,0,0
17599,-0.21,-1175,0,0,0,0,0,0,0,0
17635,-0.14,-1103,0,0,0,0,0,0,0,0
17671,-0.12,-1036,0,0,0,0,0,0,0,0
17707,-0.17,-973,0,0,0,0,0,0,0,0
17743,-0.20,-913,0,0,0,0,0,0,0,0
17779,-0.16,-858,0,0,0,0,0,0,0,0
17815,-0.13,-805,0,0,0,0,0,0,0,0
17851,-0.11,-756,0,0,0,0,0,0,0,0
17887,-0.16,-710,0,0,0,0,0,0,0,0
17923,-0.20,-667,0,0,0,0,0,0,0,0
17959,-0.21,-626,0,0,0,0,0,0,0,0
17995,-0.21,-588,0,0,0,0,0,0,0,0
18031,-0.19,-552,0,0,0,0,0,0,0,0
18067,-0.07,-519,0,0,0,0,0,0,0,0
18103,-0.15,-487,0,0,0,0,0,0,0,0
18139,-0.22,-457,0,0,0,0,0,0,0,0
18175,-0.22,-429,0,0,0,0,0,0,0,0
18211,-0.12,-403,0,0,0,0,0,0,0,0
18247,-0.16,-379,0,0,0,0,0,0,0,0
18283,-0.11,-356,0,0,0,0,0,0,0,0
18319,-0.03,-334,0,0,0,0,0,0,0,0
18355,-0.10,-313,0,0,0,0,0,0,0,0
18391,-0.12,-294,0,0,0,0,0,0,0,0
18427,-0.19,-276,0,0,0,0,0,0,0,0
18463,-0.12,-260,0,0,0,0,0,0,0,0
18499,-0.17,-244,0,0,0,0,0,0,0,0
18535,-0.19,-229,0,0,0,0,0,0,0,0
18571,-0.16,-215,0,0,0,0,0,0,0,0
18607,-0.14,-202,0,0,0,0,0,0,0,0
18643,-0.15,-189,0,0,0,0,0,0,0,0
18679,-0.19,-178,0,0,0,0,0,0,0,0
18715,-0.16,-167,0,0,0,0,0,0,0,0
18751,-0.17,-157,0,0,0,0,0,0,0,0
18787,-0.21,-147,0,0,0,0,0,0,0,0
18823,-0.14,-138,0,0,0,0,0,0,0,0
18859,-0.16,-130,0,0,0,0,0,0,0,0
18895,-0.15,-122,0,0,0,0,0,0,0,0
18931,-0.20,-114,0,0,0,0,0,0,0,0
18967,-0.24,-107,0,0,0,0,0,0,0,0
19003,-0.17,-101,0,0,0,0,0,0,0,0
19039,-0.16,-95,0,0,0,0,0,0,0,0
19075,-0.10,-89,0,0,0,0,0,0,0,0
19111,-0.16,-83,0,0,0,0,0,0,0,0
19147,-0.12,-78,0,0,0,0,0,0,0,0
19183,-0.11,-74,0,0,0,0,0,0,0,0
19219,-0.06,-69,0,0,0,0,0,0,0,0
19255,-0.18,-65,0,0,0,0,0,0,0,0
19291,-0.13,-61,0,0,0,0,0,0,0,0
19327,-0.18,-57,0,0,0,0,0,0,0,0
19363,-0.20,-54,0,0,0,0,0,0,0,0
19399,-0.15,-50,0,0,0,0,0,0,0,0
19435,-0.19,-47,0,0,0,0,0,0,0,0
19471,-0.12,-44,0,0,0,0,0,0,0,0
19507,-0.17,-42,0,0,0,0,0,0,0,0
19543,-0.11,-39,0,0,0,0,0,0,0,0
19579,-0.20,-37,0,0,0,0,0,0,0,0
19615,-0.16,-34,0,0,0,0,0,0,0,0
19651,-0.17,-32,0,0,0,0,0,0,0,0
19687,-0.18,-30,0,0,0,0,0,0,0,0
19723,-0.15,-28,0,0,0,0,0,0,0,0
19759,-0.15,-27,0,0,0,0,0,0,0,0
19795,-0.16,-25,0,0,0,0,0,0,0,0
19831,-0.17,-23,0,0,0,0,0,0,0,0
19867,-0.11,-22,0,0,0,0,0,0,0,0
19903,-0.21,-21,0,0,0,0,0,0,0,0
19939,-0.13,-19,0,0,0,0,0,0,0,0
19975,-0.15,-18,0,0,0,0,0,0,0,0
20011,-0.19,-17,0,0,0,0,0,0,0,0
20047,-0.11,-16,0,0,0,0,0,0,0,0
20083,-0.17,-15,0,0,0,0,0,0,0,0
20119,-0.17,-14,0,0,0,0,0,0,0,0
20155,-0.15,-13,0,0,0,0,0,0,0,0
20191,-0.13,-12,0,0,0,0,0,0,0,0
20227,-0.19,-11,0,0,0,0,0,0,0,0
20263,-0.09,-11,0,0,0,0,0,0,0,0
20299,-0.09,-10,0,0,0,0,0,0,0,0
20335,-0.22,-9,0,0,0,0,0,0,0,0
20371,-0.17,-9,0,0,0,0,0,0,0,0
20407,-0.14,-8,0,0,0,0,0,0,0,0
20443,-0.17,-8,0,0,0,0,0,0,0,0
20479,-0.14,-7,0,0,0,0,0,0,0,0
20515,-0.14,-7,0,0,0,0,0,0,0,0
20551,-0.14,-6,0,0,0,0,0,0,0,0
20587,-0.15,-6,0,0,0,0,0,0,0,0
20623,-0.20,-5,0,0,0,0,0,0,0,0
20659,-0.14,-5,0,0,0,0,0,0,0,0
20695,-0.23,-5,0,0,0,0,0,0,0,0
20731,-0.20,-4,0,0,0,0,0,0,0,0
20767,-0.20,-4,0,0,0,0,0,0,0,0
20803,-0.15,-4,0,0,0,0,0,0,0,0
20839,-0.14,-4,0,0,0,0,0,0,0,0
20875,-0.20,137,0,0,0,0,0,0,0,0
20911,-0.12,699,0,0,0,0,0,0,0,0
20947,-0.17,1645,0,0,0,0,0,0,0,0
20983,-0.12,2565,0,0,0,0,0,0,0,0
21019,-0.14,3168,0,0,0,0,0,0,0,0
21055,-0.18,3421,0,0,0,0,0,0,0,0
21091,-0.20,3409,0,0,0,0,0,0,0,0
21127,-0.18,3242,0,0,0,0,0,0,0,0
21163,-0.12,3010,0,0,0,0,0,0,0,0
21199,-0.24,2770,0,0,0,0,0,0,0,0
21235,-0.12,2551,0,0,0,0,0,0,0,0
21271,-0.22,2361,0,0,0,0,0,0,0,0
21307,-0.14,2199,0,0,0,0,0,0,0,0
21343,-0.14,2059,0,0,0,0,0,0,0,0
21379,-0.18,1933,0,0,0,0,0,0,0,0
21415,-0.20,1818,0,0,0,0,0,0,0,0
21451,-0.21,1710,0,0,0,0,0,0,0,0
21487,-0.11,1608,0,0,0,0,0,0,0,0
21523,-0.16,1512,0,0,0,0,0,0,0,0
21559,-0.03,1420,0,0,0,0,0,0,0,0
21595,-0.22,1334,0,0,0,0,0,0,0,0
21631,-0.16,1253,0,0,0,0,0,0,0,0
21667,-0.13,1176,0,0,0,0,0,0,0,0
21703,-0.19,1104,0,0,0,0,0,0,0,0
21739,-0.18,1037,0,0,0,0,0,0,0,0
21775,-0.16,974,0,0,0,0,0,0,0,0
21811,-0.14,914,0,0,0,0,0,0,0,0
21847,-0.15,859,0,0,0,0,0,0,0,0
21883,-0.11,806,0,0,0,0,0,0,0,0
21919,-0.17,757,0,0,0,0,0,0,0,0
21955,-0.13,711,0,0,0,0,0,0,0,0
21991,-0.16,668,0,0,0,0,0,0,0,0
22027,-0.17,627,0,0,0,0,0,0,0,0
22063,-0.12,589,0,0,0,0,0,0,0,0
22099,-0.05,553,0,0,0,0,0,0,0,0
22135,-0.12,519,0,0,0,0,0,0,0,0
22171,-0.16,488,0,0,0,0,0,0,0,0
22207,-0.20,458,0,0,0,0,0,0,0,0
22243,-0.10,430,0,0,0,0,0,0,0,0
22279,-0.19,404,0,0,0,0,0,0,0,0
22315,-0.19,379,0,0,0,0,0,0,0,0
22351,-0.21,356,0,0,0,0,0,0,0,0
22387,-0.16,334,0,0,0,0,0,0,0,0
22423,-0.22,314,0,0,0,0,0,0,0,0
22459,-0.05,295,0,0,0,0,0,0,0,0
22495,-0.15,277,0,0,0,0,0,0,0,0
22531,-0.17,256,0,0,0,0,0,0,0,0
22567,-0.13,225,0,0,0,0,0,0,0,0
22603,-0.13,194,0,0,0,0,0,0,0,0
22639,-0.21,179,0,0,0,0,0,0,0,0
22675,-0.11,177,0,0,0,0,0,0,0,0
22711,-0.19,179,0,0,0,0,0,0,0,0
22747,-0.17,174,0,0,0,0,0,0,0,0
22783,-0.08,152,0,0,0,0,0,0,0,0
22819,-0.09,111,0,0,0,0,0,0,0,0
22855,-0.04,58,0,0,0,0,0,0,0,0
22891,-0.15,4,0,0,0,0,0,0,0,0
22927,-0.17,-37,0,0,0,0,0,0,0,0
22963,-0.10,-55,0,0,0,0,0,0,0,0
22999,-0.10,-61,0,0,0,0,0,0,0,0
23035,-0.16,-80,0,0,0,0,0,0,0,0
23071,-0.15,-117,0,0,0,0,0,0,0,0
23107,-0.11,-154,0,0,0,0,0,0,0,0
23143,-0.11,-178,0,0,0,0,0,0,0,0
23179,-0.10,-190,0,0,0,0,0,0,0,0
23215,-0.20,-193,0,0,0,0,0,0,0,0
23251,-0.09,-193,0,0,0,0,0,0,0,0
23287,-0.17,-197,0,0,0,0,0,0,0,0
23323,-0.13,-204,0,0,0,0,0,0,0,0
23359,-0.16,-211,0,0,0,0,0,0,0,0
23395,-0.13,-214,0,0,0,0,0,0,0,0
23431,-0.15,-217,0,0,0,0,0,0,0,0
23467,-0.16,-223,0,0,0,0,0,0,0,0
23503,-0.12,-229,0,0,0,0,0,0,0,0
23539,-0.15,-227,0,0,0,0,0,0,0,0
23575,-0.19,-217,0,0,0,0,0,0,0,0
23611,-0.12,-198,0,0,0,0,0,0,0,0
23647,-0.18,-175,0,0,0,0,0,0,0,0
23683,-0.12,-152,0,0,0,0,0,0,0,0
23719,-0.20,-134,0,0,0,0,0,0,0,0
23755,-0.17,-122,0,0,0,0,0,0,0,0
23791,-0.21,-118,0,0,0,0,0,0,0,0
23827,-0.19,-124,0,0,0,0,0,0,0,0
23863,-0.16,-138,0,0,0,0,0,0,0,0
23899,-0.09,-150,0,0,0,0,0,0,0,0
23935,-0.13,-156,0,0,0,0,0,0,0,0
23971,-0.12,-156,0,0,0,0,0,0,0,0
24007,-0.18,-153,0,0,0,0,0,0,0,0
24043,-0.20,-148,0,0,0,0,0,0,0,0
24079,-0.16,-142,0,0,0,0,0,0,0,0
24115,-0.13,-140,0,0,0,0,0,0,0,0
24151,-0.17,-145,0,0,0,0,0,0,0,0
24187,-0.13,-152,0,0,0,0,0,0,0,0
24223,-0.23,-153,0,0,0,0,0,0,0,0
24259,-0.13,-150,0,0,0,0,0,0,0,0
24295,-0.23,-147,0,0,0,0,0,0,0,0
24331,-0.11,-153,0,0,0,0,0,0,0,0
24367,-0.15,-167,0,0,0,0,0,0,0,0
24403,-0.18,-174,0,0,0,0,0,0,0,0
24439,-0.17,-163,0,0,0,0,0,0,0,0
24475,-0.20,-140,0,0,0,0,0,0,0,0
24511,-0.22,-116,0,0,0,0,0,0,0,0
24547,-0.14,-102,0,0,0,0,0,0,0,0
24583,-0.24,-103,0,0,0,0,0,0,0,0
24619,-0.07,-117,0,0,0,0,0,0,0,0
24655,-0.16,-127,0,0,0,0,0,0,0,0
24691,-0.04,-120,0,0,0,0,0,0,0,0
24727,-0.18,-99,0,0,0,0,0,0,0,0
24763,-0.15,-79,0,0,0,0,0,0,0,0
24799,-0.18,-75,0,0,0,0,0,0,0,0
24835,-0.15,-81,0,0,0,0,0,0,0,0
24871,-0.20,-82,0,0,0,0,0,0,0,0
24907,-0.22,-81,0,0,0,0,0,0,0,0
24943,-0.10,-82,0,0,0,0,0,0,0,0
24979,-0.13,-83,0,0,0,0,0,0,0,0
25015,-0.31,-81,0,0,0,0,0,0,0,0
25051,-0.19,-78,0,0,0,0,0,0,0,0
25087,-0.17,-75,0,0,0,0,0,0,0,0
25123,-0.05,-70,0,0,0,0,0,0,0,0
25159,-0.11,-67,0,0,0,0,0,0,0,0
25195,-0.17,-69,0,0,0,0,0,0,0,0
25231,-0.19,-76,0,0,0,0,0,0,0,0
25267,-0.20,-82,0,0,0,0,0,0,0,0
25303,-0.18,-85,0,0,0,0,0,0,0,0
25339,-0.15,-85,0,0,0,0,0,0,0,0
25375,-0.15,-85,0,0,0,0,0,0,0,0
25411,-0.19,-82,0,0,0,0,0,0,0,0
25447,-0.20,-75,0,0,0,0,0,0,0,0
25483,-0.13,-61,0,0,0,0,0,0,0,0
25519,-0.15,-43,0,0,0,0,0,0,0,0
25555,-0.16,-30,0,0,0,0,0,0,0,0
25591,-0.22,-28,0,0,0,0,0,0,0,0
25627,-0.03,-39,0,0,0,0,0,0,0,0
25663,-0.16,-49,0,0,0,0,0,0,0,0
25699,-0.17,-46,0,0,0,0,0,0,0,0
25735,-0.18,-36,0,0,0,0,0,0,0,0
25771,-0.10,-31,0,0,0,0,0,0,0,0
25807,-0.18,-34,0,0,0,0,0,0,0,0
25843,-0.19,-37,0,0,0,0,0,0,0,0
25879,-0.11,-36,0,0,0,0,0,0,0,0
25915,-0.20,-36,0,0,0,0,0,0,0,0
25951,-0.19,-34,0,0,0,0,0,0,0,0
25987,-0.20,-27,0,0,0,0,0,0,0,0
26023,-0.15,-14,0,0,0,0,0,0,0,0
26059,-0.07,-3,0,0,0,0,0,0,0,0
26095,-0.20,0,0,0,0,0,0,0,0,0
26131,-0.12,-7,0,0,0,0,0,0,0,0
26167,-0.15,-22,0,0,0,0,0,0,0,0
26203,-0.17,-41,0,0,0,0,0,0,0,0
26239,-0.09,-58,0,0,0,0,0,0,0,0
26275,-0.15,-69,0,0,0,0,0,0,0,0
26311,-0.07,-73,0,0,0,0,0,0,0,0
26347,-0.18,-73,0,0,0,0,0,0,0,0
26383,-0.18,-71,0,0,0,0,0,0,0,0
26419,-0.13,-66,0,0,0,0,0,0,0,0
26455,-0.17,-59,0,0,0,0,0,0,0,0
26491,-0.17,-57,0,0,0,0,0,0,0,0
26527,-0.16,-57,0,0,0,0,0,0,0,0
26563,-0.05,-56,0,0,0,0,0,0,0,0
26599,-0.15,-54,0,0,0,0,0,0,0,0
26635,-0.13,-56,0,0,0,0,0,0,0,0
26671,-0.15,-68,0,0,0,0,0,0,0,0
26707,-0.12,-94,0,0,0,0,0,0,0,0
26743,-0.14,-134,0,0,0,0,0,0,0,0
26779,-0.17,-178,0,0,0,0,0,0,0,0
26815,-0.11,-212,0,0,0,0,0,0,0,0
26851,-0.10,-228,0,0,0,0,0,0,0,0
26887,-0.25,-231,0,0,0,0,0,0,0,0
26923,-0.10,-222,0,0,0,0,0,0,0,0
26959,-0.05,-203,0,0,0,0,0,0,0,0
26995,-0.18,-182,0,0,0,0,0,0,0,0
27031,-0.27,-163,0,0,0,0,0,0,0,0
27067,-0.06,-142,0,0,0,0,0,0,0,0
27103,-0.16,-114,0,0,0,0,0,0,0,0
27139,-0.14,-74,0,0,0,0,0,0,0,0
27175,-0.12,-24,0,0,0,0,0,0,0,0
27211,-0.10,25,0,0,0,0,0,0,0,0
27247,-0.15,61,0,0,0,0,0,0,0,0
27283,-0.13,76,0,0,0,0,0,0,0,0
27319,-0.15,65,0,0,0,0,0,0,0,0
27355,-0.23,15,0,0,0,0,0,0,0,0
27391,-0.18,-96,0,0,0,0,0,0,0,0
27427,-0.05,-315,0,0,0,0,0,0,0,0
27463,-0.14,-652,0,0,0,0,0,0,0,0
27499,-0.15,-950,0,0,0,0,0,0,0,0
27535,-0.18,-913,0,0,0,0,0,0,0,0
27571,-0.07,-454,0,0,0,0,0,0,0,0
27607,-0.19,160,0,0,0,0,0,0,0,0
27643,-0.16,543,0,0,0,0,0,0,0,0
27679,-0.15,454,0,0,0,0,0,0,0,0
27715,-0.11,59,0,0,0,0,0,0,0,0
27751,-0.18,-231,0,0,0,0,0,0,0,0
27787,-0.11,-183,0,0,0,0,0,0,0,0
27823,-0.12,137,0,0,0,0,0,0,0,0
27859,-0.18,514,0,0,0,0,0,0,0,0
27895,-0.11,708,0,0,0,0,0,0,0,0
27931,-0.14,409,0,0,0,0,0,0,0,0
27967,-0.19,-450,0,0,0,0,0,0,0,0
28003,-0.12,-1451,0,0,0,0,0,0,0,0
28039,-0.13,-2194,0,0,0,0,0,0,0,0
28075,-0.15,-2586,0,0,0,0,0,0,0,0
28111,-0.14,-2686,0,0,0,0,0,0,0,0
28147,-0.11,-2600,0,0,0,0,0,0,0,0
28183,-0.15,-2424,0,0,0,0,0,0,0,0
28219,-0.10,-2224,0,0,0,0,0,0,0,0
28255,-0.15,-2036,0,0,0,0,0,0,0,0
28291,-0.18,-1874,0,0,0,0,0,0,0,0
28327,-0.13,-1737,0,0,0,0,0,0,0,0
28363,-0.09,-1622,0,0,0,0,0,0,0,0
28399,-0.09,-1522,0,0,0,0,0,0,0,0
28435,-0.15,-1431,0,0,0,0,0,0,0,0
28471,-0.14,-1347,0,0,0,0,0,0,0,0
28507,-0.21,-1267,0,0,0,0,0,0,0,0
28543,-0.21,-1192,0,0,0,0,0,0,0,0
28579,-0.18,-1120,0,0,0,0,0,0,0,0
28615,-0.23,-1052,0,0,0,0,0,0,0,0
28651,-0.15,-988,0,0,0,0,0,0,0,0
28687,-0.14,-928,0,0,0,0,0,0,0,0
28723,-0.12,-871,0,0,0,0,0,0,0,0
28759,-0.15,-818,0,0,0,0,0,0,0,0
28795,-0.13,-768,0,0,0,0,0,0,0,0
28831,-0.15,-721,0,0,0,0,0,0,0,0
28867,-0.13,-677,0,0,0,0,0,0,0,0
28903,-0.11,-636,0,0,0,0,0,0,0,0
28939,-0.10,-597,0,0,0,0,0,0,0,0
28975,-0.12,-561,0,0,0,0,0,0,0,0
29011,-0.15,-526,0,0,0,0,0,0,0,0
29047,-0.14,-494,0,0,0,0,0,0,0,0
29083,-0.13,-464,0,0,0,0,0,0,0,0
29119,-0.19,-436,0,0,0,0,0,0,0,0
29155,-0.14,-409,0,0,0,0,0,0,0,0
29191,-0.09,-384,0,0,0,0,0,0,0,0
29227,-0.18,-361,0,0,0,0,0,0,0,0
29263,-0.17,-339,0,0,0,0,0,0,0,0
29299,-0.12,-318,0,0,0,0,0,0,0,0
29335,-0.17,-299,0,0,0,0,0,0,0,0
29371,-0.17,-281,0,0,0,0,0,0,0,0
29407,-0.09,-264,0,0,0,0,0,0,0,0
29443,-0.13,-247,0,0,0,0,0,0,0,0
29479,-0.13,-232,0,0,0,0,0,0,0,0
29515,-0.19,-218,0,0,0,0,0,0,0,0
29551,-0.17,-205,0,0,0,0,0,0,0,0
29587,-0.11,-192,0,0,0,0,0,0,0,0
29623,-0.11,-181,0,0,0,0,0,0,0,0
29659,-0.11,-170,0,0,0,0,0,0,0,0
29695,-0.08,-159,0,0,0,0,0,0,0,0
29731,-0.18,-149,0,0,0,0,0,0,0,0
29767,-0.08,-140,0,0,0,0,0,0,0,0
29803,-0.23,-132,0,0,0,0,0,0,0,0
29839,-0.10,-124,0,0,0,0,0,0,0,0
29875,-0.09,-116,0,0,0,0,0,0,0,0
29911,-0.18,-109,0,0,0,0,0,0,0,0
29947,-0.19,-102,0,0,0,0,0,0,0,0
29983,-0.20,-96,0,0,0,0,0,0,0,0
30019,-0.10,-90,0,0,0,0,0,0,0,0
30055,-0.15,-85,0,0,0,0,0,0,0,0
30091,-0.14,-80,0,0,0,0,0,0,0,0
30127,-0.18,-75,0,0,0,0,0,0,0,0
30163,-0.16,-70,0,0,0,0,0,0,0,0
30199,-0.22,-66,0,0,0,0,0,0,0,0
30235,-0.17,-62,0,0,0,0,0,0,0,0
30271,-0.14,-58,0,0,0,0,0,0,0,0
30307,-0.16,-54,0,0,0,0,0,0,0,0
30343,-0.19,-51,0,0,0,0,0,0,0,0
30379,-0.16,-48,0,0,0,0,0,0,0,0
30415,-0.11,-45,0,0,0,0,0,0,0,0
30451,-0.11,-42,0,0,0,0,0,0,0,0
30487,-0.02,-40,0,0,0,0,0,0,0,0
30523,-0.17,-37,0,0,0,0,0,0,0,0
30559,-0.13,-35,0,0,0,0,0,0,0,0
30595,-0.14,-33,0,0,0,0,0,0,0,0
30631,-0.14,43,0,0,0,0,0,0,0,0
30667,-0.14,367,0,0,0,0,0,0,0,0
30703,-0.09,980,0,0,0,0,0,0,0,0
30739,-0.08,1662,0,0,0,0,0,0,0,0
30775,-0.16,2152,0,0,0,0,0,0,0,0
30811,-0.10,2352,0,0,0,0,0,0,0,0
30847,-0.20,2317,0,0,0,0,0,0,0,0
30883,-0.21,2162,0,0,0,0,0,0,0,0
30919,-0.16,1970,0,0,0,0,0,0,0,0
30955,-0.16,1786,0,0,0,0,0,0,0,0
30991,-0.22,1625,0,0,0,0,0,0,0,0
31027,-0.15,1492,0,0,0,0,0,0,0,0
31063,-0.14,1386,0,0,0,0,0,0,0,0
31099,-0.13,1301,0,0,0,0,0,0,0,0
31135,-0.14,1234,0,0,0,0,0,0,0,0
31171,-0.16,1174,0,0,0,0,0,0,0,0
31207,-0.21,1114,0,0,0,0,0,0,0,0
31243,-0.14,1054,0,0,0,0,0,0,0,0
31279,-0.23,994,0,0,0,0,0,0,0,0
31315,-0.16,931,0,0,0,0,0,0,0,0
31351,-0.20,864,0,0,0,0,0,0,0,0
31387,-0.10,801,0,0,0,0,0,0,0,0
31423,-0.21,750,0,0,0,0,0,0,0,0
31459,-0.24,711,0,0,0,0,0,0,0,0
31495,-0.18,681,0,0,0,0,0,0,0,0
31531,-0.22,657,0,0,0,0,0,0,0,0
31567,-0.24,632,0,0,0,0,0,0,0,0
31603,-0.19,606,0,0,0,0,0,0,0,0
31639,-0.18,575,0,0,0,0,0,0,0,0
31675,-0.19,537,0,0,0,0,0,0,0,0
31711,-0.22,498,0,0,0,0,0,0,0,0
31747,-0.11,467,0,0,0,0,0,0,0,0
31783,-0.12,453,0,0,0,0,0,0,0,0
31819,-0.19,461,0,0,0,0,0,0,0,0
31855,-0.16,473,0,0,0,0,0,0,0,0
31891,-0.17,464,0,0,0,0,0,0,0,0
31927,-0.15,425,0,0,0,0,0,0,0,0
31963,-0.14,367,0,0,0,0,0,0,0,0
31999,-0.20,312,0,0,0,0,0,0,0,0
32035,-0.19,275,0,0,0,0,0,0,0,0
32071,-0.15,259,0,0,0,0,0,0,0,0
32107,-0.18,257,0,0,0,0,0,0,0,0
32143,-0.18,258,0,0,0,0,0,0,0,0
32179,-0.16,254,0,0,0,0,0,0,0,0
32215,-0.23,235,0,0,0,0,0,0,0,0
32251,-0.08,203,0,0,0,0,0,0,0,0
32287,-0.18,173,0,0,0,0,0,0,0,0
32323,-0.22,160,0,0,0,0,0,0,0,0
32359,-0.08,165,0,0,0,0,0,0,0,0
32395,-0.18,178,0,0,0,0,0,0,0,0
32431,-0.21,186,0,0,0,0,0,0,0,0
32467,-0.11,180,0,0,0,0,0,0,0,0
32503,-0.21,163,0,0,0,0,0,0,0,0
32539,-0.10,141,0,0,0,0,0,0,0,0
32575,-0.14,120,0,0,0,0,0,0,0,0
32611,-0.15,105,0,0,0,0,0,0,0,0
32647,-0.06,105,0,0,0,0,0,0,0,0
32683,-0.16,126,0,0,0,0,0,0,0,0
32719,-0.18,168,0,0,0,0,0,0,0,0
32755,-0.12,205,0,0,0,0,0,0,0,0
32791,-0.10,207,0,0,0,0,0,0,0,0
32827,-0.12,173,0,0,0,0,0,0,0,0
32863,-0.17,123,0,0,0,0,0,0,0,0
32899,-0.13,83,0,0,0,0,0,0,0,0
32935,-0.17,62,0,0,0,0,0,0,0,0
32971,-0.19,56,0,0,0,0,0,0,0,0
33007,-0.28,60,0,0,0,0,0,0,0,0
33043,-0.13,66,0,0,0,0,0,0,0,0
33079,-0.12,72,0,0,0,0,0,0,0,0
33115,-0.16,73,0,0,0,0,0,0,0,0
33151,-0.16,65,0,0,0,0,0,0,0,0
33187,-0.30,52,0,0,0,0,0,0,0,0
33223,-0.18,40,0,0,0,0,0,0,0,0
33259,-0.13,33,0,0,0,0,0,0,0,0
33295,-0.15,32,0,0,0,0,0,0,0,0
33331,-0.17,36,0,0,0,0,0,0,0,0
33367,-0.19,42,0,0,0,0,0,0,0,0
33403,-0.20,43,0,0,0,0,0,0,0,0
33439,-0.16,39,0,0,0,0,0,0,0,0
33475,-0.19,35,0,0,0,0,0,0,0,0
33511,-0.20,35,0,0,0,0,0,0,0,0
33547,-0.21,37,0,0,0,0,0,0,0,0
33583,-0.22,31,0,0,0,0,0,0,0,0
33619,-0.15,20,0,0,0,0,0,0,0,0
33655,-0.21,27,0,0,0,0,0,0,0,0
33691,-0.10,62,0,0,0,0,0,0,0,0
33727,-0.19,104,0,0,0,0,0,0,0,0
33763,0.20,124,0,0,0,0,0,0,0,0
33799,-0.22,109,0,0,0,0,0,0,0,0
33835,-0.23,73,0,0,0,0,0,0,0,0
33871,-0.15,40,0,0,0,0,0,0,0,0
33907,-0.19,20,0,0,0,0,0,0,0,0
33943,-0.12,14,0,0,0,0,0,0,0,0
33979,-0.21,21,0,0,0,0,0,0,0,0
34015,-0.23,34,0,0,0,0,0,0,0,0
34051,-0.19,38,0,0,0,0,0,0,0,0
34087,-0.18,30,0,0,0,0,0,0,0,0
34123,-0.22,19,0,0,0,0,0,0,0,0
34159,-0.24,8,0,0,0,0,0,0,0,0
34195,-0.18,0,0,0,0,0,0,0,0,0
34231,-0.22,-3,0,0,0,0,0,0,0,0
34267,-0.15,-5,0,0,0,0,0,0,0,0
34303,-0.18,-7,0,0,0,0,0,0,0,0
34339,-0.22,-3,0,0,0,0,0,0,0,0
34375,-0.23,6,0,0,0,0,0,0,0,0
34411,-0.16,16,0,0,0,0,0,0,0,0
34447,-0.19,21,0,0,0,0,0,0,0,0
34483,-0.14,19,0,0,0,0,0,0,0,0
34519,-0.12,12,0,0,0,0,0,0,0,0
34555,-0.16,3,0,0,0,0,0,0,0,0
34591,-0.15,-4,0,0,0,0,0,0,0,0
34627,-0.17,-6,0,0,0,0,0,0,0,0
34663,-0.20,-3,0,0,0,0,0,0,0,0
34699,-0.16,1,0,0,0,0,0,0,0,0
34735,-0.10,15,0,0,0,0,0,0,0,0
34771,-0.10,45,0,0,0,0,0,0,0,0
34807,-0.08,81,0,0,0,0,0,0,0,0
34843,-0.16,103,0,0,0,0,0,0,0,0
34879,-0.19,94,0,0,0,0,0,0,0,0
34915,-0.16,60,0,0,0,0,0,0,0,0
34951,-0.16,24,0,0,0,0,0,0,0,0
34987,-0.08,2,0,0,0,0,0,0,0,0
35023,-0.19,-7,0,0,0,0,0,0,0,0
35059,-0.19,-7,0,0,0,0,0,0,0,0
35095,-0.13,-3,0,0,0,0,0,0,0,0
35131,-0.15,1,0,0,0,0,0,0,0,0
35167,-0.11,4,0,0,0,0,0,0,0,0
35203,-0.15,4,0,0,0,0,0,0,0,0
35239,-0.19,5,0,0,0,0,0,0,0,0
35275,-0.10,8,0,0,0,0,0,0,0,0
35311,-0.18,10,0,0,0,0,0,0,0,0
35347,-0.19,12,0,0,0,0,0,0,0,0
35383,-0.04,13,0,0,0,0,0,0,0,0
35419,-0.13,13,0,0,0,0,0,0,0,0
35455,-0.22,12,0,0,0,0,0,0,0,0
35491,-0.19,6,0,0,0,0,0,0,0,0
35527,-0.20,1,0,0,0,0,0,0,0,0
35563,-0.06,5,0,0,0,0,0,0,0,0
35599,-0.14,14,0,0,0,0,0,0,0,0
35635,-0.15,19,0,0,0,0,0,0,0,0
35671,-0.16,13,0,0,0,0,0,0,0,0
35707,-0.21,2,0,0,0,0,0,0,0,0
35743,-0.14,2,0,0,0,0,0,0,0,0
35779,-0.18,29,0,0,0,0,0,0,0,0
35815,-0.09,71,0,0,0,0,0,0,0,0
35851,-0.14,97,0,0,0,0,0,0,0,0
35887,-0.24,91,0,0,0,0,0,0,0,0
35923,-0.11,63,0,0,0,0,0,0,0,0
35959,-0.19,35,0,0,0,0,0,0,0,0
35995,-0.14,15,0,0,0,0,0,0,0,0
36031,-0.16,5,0,0,0,0,0,0,0,0
36067,-0.21,0,0,0,0,0,0,0,0,0
36103,-0.13,-3,0,0,0,0,0,0,0,0
36139,-0.08,-3,0,0,0,0,0,0,0,0
36175,-0.12,-1,0,0,0,0,0,0,0,0
36211,-0.13,1,0,0,0,0,0,0,0,0
36247,-0.22,0,0,0,0,0,0,0,0,0
36283,-0.19,-5,0,0,0,0,0,0,0,0
36319,-0.18,-15,0,0,0,0,0,0,0,0
36355,-0.08,-22,0,0,0,0,0,0,0,0
36391,-0.22,-19,0,0,0,0,0,0,0,0
36427,-0.17,-10,0,0,0,0,0,0,0,0
36463,-0.18,0,0,0,0,0,0,0,0,0
36499,-0.03,9,0,0,0,0,0,0,0,0
36535,-0.21,14,0,0,0,0,0,0,0,0
36571,-0.16,8,0,0,0,0,0,0,0,0
36607,-0.09,-8,0,0,0,0,0,0,0,0
36643,-0.13,-26,0,0,0,0,0,0,0,0
36679,-0.14,-35,0,0,0,0,0,0,0,0
36715,-0.20,-31,0,0,0,0,0,0,0,0
36751,-0.13,-14,0,0,0,0,0,0,0,0
36787,-0.10,14,0,0,0,0,0,0,0,0
36823,-0.15,58,0,0,0,0,0,0,0,0
36859,-0.19,108,0,0,0,0,0,0,0,0
36895,-0.12,133,0,0,0,0,0,0,0,0
36931,-0.15,112,0,0,0,0,0,0,0,0
36967,-0.19,59,0,0,0,0,0,0,0,0
37003,-0.14,9,0,0,0,0,0,0,0,0
37039,-0.26,-15,0,0,0,0,0,0,0,0
37075,-0.17,-13,0,0,0,0,0,0,0,0
37111,-0.17,0,0,0,0,0,0,0,0,0
37147,-0.18,7,0,0,0,0,0,0,0,0
37183,-0.17,10,0,0,0,0,0,0,0,0
37219,-0.15,10,0,0,0,0,0,0,0,0
37255,-0.24,9,0,0,0,0,0,0,0,0
37291,-0.16,8,0,0,0,0,0,0,0,0
37327,-0.19,4,0,0,0,0,0,0,0,0
37363,-0.20,-4,0,0,0,0,0,0,0,0
37399,-0.20,-11,0,0,0,0,0,0,0,0
37435,-0.22,-10,0,0,0,0,0,0,0,0
37471,-0.24,-2,0,0,0,0,0,0,0,0
37507,-0.29,10,0,0,0,0,0,0,0,0
37543,-0.15,17,0,0,0,0,0,0,0,0
37579,-0.16,17,0,0,0,0,0,0,0,0
37615,-0.17,13,0,0,0,0,0,0,0,0
37651,-0.19,8,0,0,0,0,0,0,0,0
37687,-0.16,3,0,0,0,0,0,0,0,0
37723,-0.15,-3,0,0,0,0,0,0,0,0
37759,-0.12,-9,0,0,0,0,0,0,0,0
37795,-0.18,-13,0,0,0,0,0,0,0,0
37831,-0.10,-11,0,0,0,0,0,0,0,0
37867,-0.18,7,0,0,0,0,0,0,0,0
37903,-0.11,45,0,0,0,0,0,0,0,0
37939,-0.18,82,0,0,0,0,0,0,0,0
37975,-0.19,93,0,0,0,0,0,0,0,0
38011,-0.19,74,0,0,0,0,0,0,0,0
38047,-0.19,39,0,0,0,0,0,0,0,0
38083,-0.14,9,0,0,0,0,0,0,0,0
38119,-0.13,-2,0,0,0,0,0,0,0,0
38155,-0.16,0,0,0,0,0,0,0,0,0
38191,-0.18,7,0,0,0,0,0,0,0,0
38227,-0.18,11,0,0,0,0,0,0,0,0
38263,-0.17,7,0,0,0,0,0,0,0,0
38299,-0.19,-4,0,0,0,0,0,0,0,0
38335,-0.11,-20,0,0,0,0,0,0,0,0
38371,-0.17,-35,0,0,0,0,0,0,0,0
38407,-0.13,-41,0,0,0,0,0,0,0,0
38443,-0.18,-33,0,0,0,0,0,0,0,0
38479,-0.21,-14,0,0,0,0,0,0,0,0
38515,-0.19,4,0,0,0,0,0,0,0,0
38551,-0.04,14,0,0,0,0,0,0,0,0
38587,-0.16,11,0,0,0,0,0,0,0,0
38623,-0.17,0,0,0,0,0,0,0,0,0
38659,-0.18,-11,0,0,0,0,0,0,0,0
38695,-0.16,-19,0,0,0,0,0,0,0,0
38731,-0.20,-22,0,0,0,0,0,0,0,0
38767,-0.07,-19,0,0,0,0,0,0,0,0
38803,-0.10,-3,0,0,0,0,0,0,0,0
38839,-0.12,30,0,0,0,0,0,0,0,0
38875,-0.12,73,0,0,0,0,0,0,0,0
38911,-0.15,101,0,0,0,0,0,0,0,0
38947,-0.22,96,0,0,0,0,0,0,0,0
38983,-0.10,62,0,0,0,0,0,0,0,0
39019,-0.17,25,0,0,0,0,0,0,0,0
39055,-0.14,0,0,0,0,0,0,0,0,0
39091,-0.16,-10,0,0,0,0,0,0,0,0
39127,-0.15,-11,0,0,0,0,0,0,0,0
39163,-0.22,-8,0,0,0,0,0,0,0,0
39199,-0.08,-7,0,0,0,0,0,0,0,0
39235,-0.18,-13,0,0,0,0,0,0,0,0
39271,-0.13,-20,0,0,0,0,0,0,0,0
39307,-0.20,-23,0,0,0,0,0,0,0,0
39343,-0.13,-24,0,0,0,0,0,0,0,0
39379,-0.08,-27,0,0,0,0,0,0,0,0
39415,-0.21,-26,0,0,0,0,0,0,0,0
39451,-0.11,-16,0,0,0,0,0,0,0,0
39487,-0.15,-3,0,0,0,0,0,0,0,0
39523,-0.23,2,0,0,0,0,0,0,0,0
39559,-0.14,-1,0,0,0,0,0,0,0,0
39595,-0.17,-7,0,0,0,0,0,0,0,0
39631,-0.15,-9,0,0,0,0,0,0,0,0
39667,-0.17,-8,0,0,0,0,0,0,0,0
39703,-0.09,-9,0,0,0,0,0,0,0,0
39739,-0.13,-11,0,0,0,0,0,0,0,0
39775,-0.13,-9,0,0,0,0,0,0,0,0
39811,-0.16,-8,0,0,0,0,0,0,0,0
39847,-0.14,-2,0,0,0,0,0,0,0,0
39883,-0.15,20,0,0,0,0,0,0,0,0
39919,-0.19,56,0,0,0,0,0,0,0,0
39955,-0.17,81,0,0,0,0,0,0,0,0
39991,-0.22,76,0,0,0,0,0,0,0,0
40027,-0.13,47,0,0,0,0,0,0,0,0
40063,-0.22,15,0,0,0,0,0,0,0,0
40099,-0.15,0,0,0,0,0,0,0,0,0
40135,-0.18,3,0,0,0,0,0,0,0,0
40171,-0.13,20,0,0,0,0,0,0,0,0
40207,-0.26,37,0,0,0,0,0,0,0,0
40243,-0.17,41,0,0,0,0,0,0,0,0
40279,-0.21,32,0,0,0,0,0,0,0,0
40315,-0.17,17,0,0,0,0,0,0,0,0
40351,-0.11,4,0,0,0,0,0,0,0,0
40387,-0.18,-5,0,0,0,0,0,0,0,0
40423,-0.16,-14,0,0,0,0,0,0,0,0
40459,-0.26,-20,0,0,0,0,0,0,0,0
40495,-0.12,-20,0,0,0,0,0,0,0,0
40531,-0.23,-19,0,0,0,0,0,0,0,0
40567,-0.11,-19,0,0,0,0,0,0,0,0
40603,-0.11,-17,0,0,0,0,0,0,0,0
40639,-0.05,-9,0,0,0,0,0,0,0,0
40675,-0.18,-6,0,0,0,0,0,0,0,0
40711,-0.14,-18,0,0,0,0,0,0,0,0
40747,-0.16,-34,0,0,0,0,0,0,0,0
40783,-0.16,-33,0,0,0,0,0,0,0,0
40819,-0.21,0,0,0,0,0,0,0,0,0
40855,-0.14,57,0,0,0,0,0,0,0,0
40891,-0.16,101,0,0,0,0,0,0,0,0
40927,-0.18,94,0,0,0,0,0,0,0,0
40963,-0.27,40,0,0,0,0,0,0,0,0
40999,-0.21,-13,0,0,0,0,0,0,0,0
41035,-0.16,-28,0,0,0,0,0,0,0,0
41071,-0.12,-7,0,0,0,0,0,0,0,0
41107,-0.17,19,0,0,0,0,0,0,0,0
41143,-0.21,36,0,0,0,0,0,0,0,0
41179,-0.24,41,0,0,0,0,0,0,0,0
41215,-0.13,43,0,0,0,0,0,0,0,0
41251,-0.21,51,0,0,0,0,0,0,0,0
41287,-0.31,59,0,0,0,0,0,0,0,0
41323,-0.15,64,0,0,0,0,0,0,0,0
41359,-0.16,68,0,0,0,0,0,0,0,0
41395,-0.21,80,0,0,0,0,0,0,0,0
41431,-0.20,112,0,0,0,0,0,0,0,0
41467,-0.14,155,0,0,0,0,0,0,0,0
41503,-0.13,184,0,0,0,0,0,0,0,0
41539,-0.18,187,0,0,0,0,0,0,0,0
41575,-0.24,171,0,0,0,0,0,0,0,0
41611,-0.19,143,0,0,0,0,0,0,0,0
41647,-0.16,98,0,0,0,0,0,0,0,0
41683,-0.09,38,0,0,0,0,0,0,0,0
41719,-0.18,-16,0,0,0,0,0,0,0,0
41755,-0.16,-48,0,0,0,0,0,0,0,0
41791,-0.14,-61,0,0,0,0,0,0,0,0
41827,-0.19,-60,0,0,0,0,0,0,0,0
41863,-0.18,-49,0,0,0,0,0,0,0,0
41899,-0.14,-31,0,0,0,0,0,0,0,0
41935,-0.14,-11,0,0,0,0,0,0,0,0
41971,-0.17,6,0,0,0,0,0,0,0,0
42007,-0.18,-43,0,0,0,0,0,0,0,0
42043,-0.10,-366,0,0,0,0,0,0,0,0
42079,-0.19,-1040,0,0,0,0,0,0,0,0
42115,-0.11,-1781,0,0,0,0,0,0,0,0
42151,-0.13,-2306,0,0,0,0,0,0,0,0
42187,-0.16,-2556,0,0,0,0,0,0,0,0
42223,-0.17,-2564,0,0,0,0,0,0,0,0
42259,-0.11,-2143,0,0,0,0,0,0,0,0
42295,-0.17,-1130,0,0,0,0,0,0,0,0
42331,-0.19,-182,0,0,0,0,0,0,0,0
42367,-0.15,-67,0,0,0,0,0,0,0,0
42403,-0.18,-307,0,0,0,0,0,0,0,0
42439,-0.19,-74,0,0,0,0,0,0,0,0
42475,-0.16,542,0,0,0,0,0,0,0,0
42511,-0.17,1122,0,0,0,0,0,0,0,0
42547,-0.19,1500,0,0,0,0,0,0,0,0
42583,-0.19,1667,0,0,0,0,0,0,0,0
42619,-0.18,1676,0,0,0,0,0,0,0,0
42655,-0.18,1594,0,0,0,0,0,0,0,0
42691,-0.18,1474,0,0,0,0,0,0,0,0
42727,-0.11,1349,0,0,0,0,0,0,0,0
42763,-0.18,1237,0,0,0,0,0,0,0,0
42799,-0.19,1142,0,0,0,0,0,0,0,0
42835,-0.10,1062,0,0,0,0,0,0,0,0
42871,-0.23,993,0,0,0,0,0,0,0,0
42907,-0.13,933,0,0,0,0,0,0,0,0
42943,-0.10,878,0,0,0,0,0,0,0,0
42979,-0.06,826,0,0,0,0,0,0,0,0
43015,-0.32,777,0,0,0,0,0,0,0,0
43051,-0.19,731,0,0,0,0,0,0,0,0
43087,-0.17,686,0,0,0,0,0,0,0,0
43123,-0.11,645,0,0,0,0,0,0,0,0
43159,-0.19,605,0,0,0,0,0,0,0,0
43195,-0.16,568,0,0,0,0,0,0,0,0
43231,-0.23,534,0,0,0,0,0,0,0,0
43267,-0.20,501,0,0,0,0,0,0,0,0
43303,-0.26,471,0,0,0,0,0,0,0,0
43339,-0.12,442,0,0,0,0,0,0,0,0
43375,-0.17,415,0,0,0,0,0,0,0,0
43411,-0.24,122,0,0,0,0,0,0,0,0
43447,-0.11,-727,0,0,0,0,0,0,0,0
43483,-0.21,-1802,0,0,0,0,0,0,0,0
43519,-0.23,-2624,0,0,0,0,0,0,0,0
43555,-0.12,-3068,0,0,0,0,0,0,0,0
43591,-0.18,-3186,0,0,0,0,0,0,0,0
43627,-0.15,-3091,0,0,0,0,0,0,0,0
43663,-0.15,-2891,0,0,0,0,0,0,0,0
43699,-0.19,-2659,0,0,0,0,0,0,0,0
43735,-0.17,-2440,0,0,0,0,0,0,0,0
43771,-0.16,-2248,0,0,0,0,0,0,0,0
43807,-0.11,-2085,0,0,0,0,0,0,0,0
43843,-0.20,-1946,0,0,0,0,0,0,0,0
43879,-0.21,-1825,0,0,0,0,0,0,0,0
43915,-0.20,-1716,0,0,0,0,0,0,0,0
43951,-0.19,-1615,0,0,0,0,0,0,0,0
43987,-0.23,-1519,0,0,0,0,0,0,0,0
44023,-0.08,-1429,0,0,0,0,0,0,0,0
44059,-0.13,-1343,0,0,0,0,0,0,0,0
44095,-0.20,-1261,0,0,0,0,0,0,0,0
44131,-0.21,-1159,0,0,0,0,0,0,0,0
44167,-0.13,-999,0,0,0,0,0,0,0,0
44203,-0.22,-777,0,0,0,0,0,0,0,0
44239,-0.19,-498,0,0,0,0,0,0,0,0
44275,-0.16,-178,0,0,0,0,0,0,0,0
44311,-0.24,122,0,0,0,0,0,0,0,0
44347,-0.17,334,0,0,0,0,0,0,0,0
44383,-0.17,433,0,0,0,0,0,0,0,0
44419,-0.13,435,0,0,0,0,0,0,0,0
44455,-0.10,381,0,0,0,0,0,0,0,0
44491,-0.25,320,0,0,0,0,0,0,0,0
44527,-0.17,288,0,0,0,0,0,0,0,0
44563,-0.22,304,0,0,0,0,0,0,0,0
44599,-0.12,361,0,0,0,0,0,0,0,0
44635,-0.17,431,0,0,0,0,0,0,0,0
44671,-0.19,474,0,0,0,0,0,0,0,0
44707,-0.13,458,0,0,0,0,0,0,0,0
44743,-0.21,385,0,0,0,0,0,0,0,0
44779,-0.12,287,0,0,0,0,0,0,0,0
44815,-0.25,220,0,0,0,0,0,0,0,0
44851,-0.23,225,0,0,0,0,0,0,0,0
44887,-0.11,293,0,0,0,0,0,0,0,0
44923,-0.14,376,0,0,0,0,0,0,0,0
44959,-0.16,434,0,0,0,0,0,0,0,0
44995,-0.15,437,0,0,0,0,0,0,0,0
45031,-0.15,359,0,0,0,0,0,0,0,0
45067,-0.08,216,0,0,0,0,0,0,0,0
45103,-0.20,56,0,0,0,0,0,0,0,0
45139,-0.19,-61,0,0,0,0,0,0,0,0
45175,-0.23,-91,0,0,0,0,0,0,0,0
45211,-0.28,-30,0,0,0,0,0,0,0,0
45247,-0.19,86,0,0,0,0,0,0,0,0
45283,-0.17,207,0,0,0,0,0,0,0,0
45319,-0.13,299,0,0,0,0,0,0,0,0
45355,-0.22,350,0,0,0,0,0,0,0,0
45391,-0.18,367,0,0,0,0,0,0,0,0
45427,-0.21,361,0,0,0,0,0,0,0,0
45463,-0.15,324,0,0,0,0,0,0,0,0
45499,-0.20,237,0,0,0,0,0,0,0,0
45535,-0.31,110,0,0,0,0,0,0,0,0
45571,-0.10,6,0,0,0,0,0,0,0,0
45607,-0.12,-19,0,0,0,0,0,0,0,0
45643,-0.19,35,0,0,0,0,0,0,0,0
45679,-0.13,132,0,0,0,0,0,0,0,0
45715,-0.20,238,0,0,0,0,0,0,0,0
45751,-0.17,331,0,0,0,0,0,0,0,0
45787,-0.19,402,0,0,0,0,0,0,0,0
45823,-0.20,444,0,0,0,0,0,0,0,0
45859,-0.12,451,0,0,0,0,0,0,0,0
45895,-0.18,431,0,0,0,0,0,0,0,0
45931,-0.19,403,0,0,0,0,0,0,0,0
45967,-0.20,383,0,0,0,0,0,0,0,0
46003,-0.12,377,0,0,0,0,0,0,0,0
46039,-0.18,372,0,0,0,0,0,0,0,0
46075,-0.19,354,0,0,0,0,0,0,0,0
46111,-0.12,326,0,0,0,0,0,0,0,0
46147,-0.22,301,0,0,0,0,0,0,0,0
46183,-0.18,292,0,0,0,0,0,0,0,0
46219,-0.14,303,0,0,0,0,0,0,0,0
46255,-0.16,324,0,0,0,0,0,0,0,0
46291,-0.18,343,0,0,0,0,0,0,0,0
46327,-0.19,356,0,0,0,0,0,0,0,0
46363,-0.20,365,0,0,0,0,0,0,0,0
46399,-0.17,375,0,0,0,0,0,0,0,0
46435,-0.19,385,0,0,0,0,0,0,0,0
46471,-0.21,389,0,0,0,0,0,0,0,0
46507,-0.17,388,0,0,0,0,0,0,0,0
46543,-0.23,384,0,0,0,0,0,0,0,0
46579,-0.15,380,0,0,0,0,0,0,0,0
46615,-0.25,376,0,0,0,0,0,0,0,0
46651,-0.21,371,0,0,0,0,0,0,0,0
46687,-0.18,360,0,0,0,0,0,0,0,0
46723,-0.27,347,0,0,0,0,0,0,0,0
46759,-0.11,328,0,0,0,0,0,0,0,0
46795,-0.21,309,0,0,0,0,0,0,0,0
46831,-0.12,292,0,0,0,0,0,0,0,0
46867,-0.18,277,0,0,0,0,0,0,0,0
46903,-0.11,260,0,0,0,0,0,0,0,0
46939,-0.21,245,0,0,0,0,0,0,0,0
46975,-0.20,237,0,0,0,0,0,0,0,0
47011,-0.13,233,0,0,0,0,0,0,0,0
47047,-0.17,231,0,0,0,0,0,0,0,0
47083,-0.16,226,0,0,0,0,0,0,0,0
47119,-0.17,217,0,0,0,0,0,0,0,0
47155,-0.12,204,0,0,0,0,0,0,0,0
47191,-0.18,192,0,0,0,0,0,0,0,0
47227,-0.16,188,0,0,0,0,0,0,0,0
47263,-0.19,190,0,0,0,0,0,0,0,0
47299,-0.12,193,0,0,0,0,0,0,0,0
47335,-0.14,191,0,0,0,0,0,0,0,0
47371,-0.23,182,0,0,0,0,0,0,0,0
47407,-0.21,169,0,0,0,0,0,0,0,0
47443,-0.17,157,0,0,0,0,0,0,0,0
47479,-0.20,148,0,0,0,0,0,0,0,0
47515,-0.11,141,0,0,0,0,0,0,0,0
47551,-0.18,135,0,0,0,0,0,0,0,0
47587,-0.25,126,0,0,0,0,0,0,0,0
47623,-0.18,117,0,0,0,0,0,0,0,0
47659,-0.08,113,0,0,0,0,0,0,0,0
47695,-0.24,114,0,0,0,0,0,0,0,0
47731,-0.17,118,0,0,0,0,0,0,0,0
47767,-0.18,122,0,0,0,0,0,0,0,0
47803,-0.17,125,0,0,0,0,0,0,0,0
47839,-0.17,132,0,0,0,0,0,0,0,0
47875,-0.10,140,0,0,0,0,0,0,0,0
47911,-0.10,139,0,0,0,0,0,0,0,0
47947,-0.13,125,0,0,0,0,0,0,0,0
47983,-0.21,100,0,0,0,0,0,0,0,0
48019,-0.23,73,0,0,0,0,0,0,0,0
48055,-0.15,51,0,0,0,0,0,0,0,0
48091,-0.18,42,0,0,0,0,0,0,0,0
48127,-0.17,50,0,0,0,0,0,0,0,0
48163,-0.21,67,0,0,0,0,0,0,0,0
48199,-0.14,79,0,0,0,0,0,0,0,0
48235,-0.22,82,0,0,0,0,0,0,0,0
48271,-0.08,83,0,0,0,0,0,0,0,0
48307,-0.16,86,0,0,0,0,0,0,0,0
48343,-0.14,91,0,0,0,0,0,0,0,0
48379,-0.13,93,0,0,0,0,0,0,0,0
48415,-0.26,91,0,0,0,0,0,0,0,0
48451,-0.13,85,0,0,0,0,0,0,0,0
48487,-0.23,81,0,0,0,0,0,0,0,0
48523,-0.19,78,0,0,0,0,0,0,0,0
48559,-0.19,76,0,0,0,0,0,0,0,0
48595,-0.14,72,0,0,0,0,0,0,0,0
48631,-0.18,70,0,0,0,0,0,0,0,0
48667,-0.20,72,0,0,0,0,0,0,0,0
48703,-0.21,77,0,0,0,0,0,0,0,0
48739,-0.22,77,0,0,0,0,0,0,0,0
48775,-0.19,70,0,0,0,0,0,0,0,0
48811,-0.12,62,0,0,0,0,0,0,0,0
48847,-0.15,55,0,0,0,0,0,0,0,0
48883,-0.06,54,0,0,0,0,0,0,0,0
48919,-0.19,60,0,0,0,0,0,0,0,0
48955,-0.18,74,0,0,0,0,0,0,0,0
48991,-0.18,87,0,0,0,0,0,0,0,0
49027,-0.14,92,0,0,0,0,0,0,0,0
49063,-0.16,87,0,0,0,0,0,0,0,0
49099,-0.16,75,0,0,0,0,0,0,0,0
49135,-0.23,61,0,0,0,0,0,0,0,0
49171,-0.15,51,0,0,0,0,0,0,0,0
49207,-0.19,46,0,0,0,0,0,0,0,0
49243,-0.24,45,0,0,0,0,0,0,0,0
49279,-0.23,43,0,0,0,0,0,0,0,0
49315,-0.14,40,0,0,0,0,0,0,0,0
49351,-0.21,37,0,0,0,0,0,0,0,0
49387,-0.17,34,0,0,0,0,0,0,0,0
49423,-0.17,32,0,0,0,0,0,0,0,0
49459,-0.21,29,0,0,0,0,0,0,0,0
49495,-0.19,29,0,0,0,0,0,0,0,0
49531,-0.22,31,0,0,0,0,0,0,0,0
49567,-0.18,33,0,0,0,0,0,0,0,0
49603,-0.24,34,0,0,0,0,0,0,0,0
49639,-0.10,35,0,0,0,0,0,0,0,0
49675,-0.22,36,0,0,0,0,0,0,0,0
49711,-0.12,34,0,0,0,0,0,0,0,0
49747,-0.08,30,0,0,0,0,0,0,0,0
49783,-0.20,27,0,0,0,0,0,0,0,0
49819,-0.15,27,0,0,0,0,0,0,0,0
49855,-0.12,28,0,0,0,0,0,0,0,0
49891,-0.16,26,0,0,0,0,0,0,0,0
49927,-0.21,20,0,0,0,0,0,0,0,0
49963,-0.12,14,0,0,0,0,0,0,0,0
49999,-0.13,14,0,0,0,0,0,0,0,0
50035,-0.16,22,0,0,0,0,0,0,0,0
50071,-0.17,34,0,0,0,0,0,0,0,0
50107,-0.20,39,0,0,0,0,0,0,0,0
50143,-0.17,35,0,0,0,0,0,0,0,0
50179,-0.13,27,0,0,0,0,0,0,0,0
50215,-0.15,22,0,0,0,0,0,0,0,0
50251,-0.23,21,0,0,0,0,0,0,0,0
50287,-0.15,22,0,0,0,0,0,0,0,0
50323,-0.23,24,0,0,0,0,0,0,0,0
50359,-0.20,26,0,0,0,0,0,0,0,0
50395,-0.20,25,0,0,0,0,0,0,0,0
50431,-0.20,21,0,0,0,0,0,0,0,0
50467,-0.12,15,0,0,0,0,0,0,0,0
50503,-0.18,9,0,0,0,0,0,0,0,0
50539,-0.22,1,0,0,0,0,0,0,0,0
50575,-0.16,-3,0,0,0,0,0,0,0,0
50611,-0.14,-2,0,0,0,0,0,0,0,0
50647,-0.20,3,0,0,0,0,0,0,0,0
50683,-0.16,10,0,0,0,0,0,0,0,0
50719,-0.17,16,0,0,0,0,0,0,0,0
50755,-0.23,19,0,0,0,0,0,0,0,0
50791,-0.18,20,0,0,0,0,0,0,0,0
50827,-0.08,21,0,0,0,0,0,0,0,0
50863,-0.20,19,0,0,0,0,0,0,0,0
50899,-0.22,17,0,0,0,0,0,0,0,0
50935,-0.13,15,0,0,0,0,0,0,0,0
50971,-0.23,16,0,0,0,0,0,0,0,0
51007,-0.16,17,0,0,0,0,0,0,0,0
51043,-0.13,17,0,0,0,0,0,0,0,0
51079,-0.21,20,0,0,0,0,0,0,0,0
51115,-0.23,30,0,0,0,0,0,0,0,0
51151,-0.21,45,0,0,0,0,0,0,0,0
51187,-0.13,54,0,0,0,0,0,0,0,0
51223,-0.12,49,0,0,0,0,0,0,0,0
51259,-0.15,34,0,0,0,0,0,0,0,0
51295,-0.27,19,0,0,0,0,0,0,0,0
51331,-0.24,10,0,0,0,0,0,0,0,0
51367,-0.14,6,0,0,0,0,0,0,0,0
51403,-0.14,7,0,0,0,0,0,0,0,0
51439,-0.09,9,0,0,0,0,0,0,0,0
51475,-0.10,12,0,0,0,0,0,0,0,0
51511,-0.13,13,0,0,0,0,0,0,0,0
51547,-0.19,14,0,0,0,0,0,0,0,0
51583,-0.22,15,0,0,0,0,0,0,0,0
51619,-0.22,13,0,0,0,0,0,0,0,0
51655,-0.21,10,0,0,0,0,0,0,0,0
51691,-0.20,5,0,0,0,0,0,0,0,0
51727,-0.23,2,0,0,0,0,0,0,0,0
51763,-0.21,1,0,0,0,0,0,0,0,0
51799,-0.20,3,0,0,0,0,0,0,0,0
51835,-0.16,6,0,0,0,0,0,0,0,0
51871,-0.16,8,0,0,0,0,0,0,0,0
51907,-0.12,8,0,0,0,0,0,0,0,0
51943,-0.23,7,0,0,0,0,0,0,0,0
51979,-0.27,5,0,0,0,0,0,0,0,0
52015,-0.22,4,0,0,0,0,0,0,0,0
52051,-0.21,3,0,0,0,0,0,0,0,0
52087,-0.22,3,0,0,0,0,0,0,0,0
52123,-0.18,5,0,0,0,0,0,0,0,0
52159,-0.22,7,0,0,0,0,0,0,0,0
52195,-0.25,13,0,0,0,0,0,0,0,0
52231,-0.21,26,0,0,0,0,0,0,0,0
52267,-0.22,43,0,0,0,0,0,0,0,0
52303,-0.20,50,0,0,0,0,0,0,0,0
52339,-0.19,41,0,0,0,0,0,0,0,0
52375,-0.16,24,0,0,0,0,0,0,0,0
52411,-0.14,8,0,0,0,0,0,0,0,0
52447,-0.17,0,0,0,0,0,0,0,0,0
52483,-0.15,2,0,0,0,0,0,0,0,0
52519,-0.10,6,0,0,0,0,0,0,0,0
52555,-0.19,10,0,0,0,0,0,0,0,0
52591,-0.13,12,0,0,0,0,0,0,0,0
52627,-0.22,11,0,0,0,0,0,0,0,0
52663,-0.15,7,0,0,0,0,0,0,0,0
52699,-0.15,2,0,0,0,0,0,0,0,0
52735,-0.16,-2,0,0,0,0,0,0,0,0
52771,-0.21,-4,0,0,0,0,0,0,0,0
52807,-0.18,-4,0,0,0,0,0,0,0,0
52843,-0.19,-3,0,0,0,0,0,0,0,0
52879,-0.11,-1,0,0,0,0,0,0,0,0
52915,-0.22,2,0,0,0,0,0,0,0,0
52951,-0.12,6,0,0,0,0,0,0,0,0
52987,-0.11,10,0,0,0,0,0,0,0,0
53023,-0.22,10,0,0,0,0,0,0,0,0
53059,-0.20,7,0,0,0,0,0,0,0,0
53095,-0.19,3,0,0,0,0,0,0,0,0
53131,-0.24,0,0,0,0,0,0,0,0,0
53167,-0.14,0,0,0,0,0,0,0,0,0
53203,-0.12,1,0,0,0,0,0,0,0,0
53239,-0.13,9,0,0,0,0,0,0,0,0
53275,-0.12,23,0,0,0,0,0,0,0,0
53311,-0.14,36,0,0,0,0,0,0,0,0
53347,-0.18,36,0,0,0,0,0,0,0,0
53383,-0.23,24,0,0,0,0,0,0,0,0
53419,-0.16,10,0,0,0,0,0,0,0,0
53455,-0.26,1,0,0,0,0,0,0,0,0
53491,-0.19,0,0,0,0,0,0,0,0,0
53527,-0.18,3,0,0,0,0,0,0,0,0
53563,-0.14,8,0,0,0,0,0,0,0,0
53599,-0.18,11,0,0,0,0,0,0,0,0
53635,-0.22,10,0,0,0,0,0,0,0,0
53671,-0.18,4,0,0,0,0,0,0,0,0
53707,-0.18,-3,0,0,0,0,0,0,0,0
53743,-0.28,-10,0,0,0,0,0,0,0,0
53779,-0.21,-10,0,0,0,0,0,0,0,0
53815,-0.22,-4,0,0,0,0,0,0,0,0
53851,-0.17,2,0,0,0,0,0,0,0,0
53887,-0.28,4,0,0,0,0,0,0,0,0
53923,-0.22,3,0,0,0,0,0,0,0,0
53959,-0.25,2,0,0,0,0,0,0,0,0
53995,-0.19,4,0,0,0,0,0,0,0,0
54031,-0.25,6,0,0,0,0,0,0,0,0
54067,-0.25,4,0,0,0,0,0,0,0,0
54103,-0.25,0,0,0,0,0,0,0,0,0
54139,-0.28,-4,0,0,0,0,0,0,0,0
54175,-0.28,-5,0,0,0,0,0,0,0,0
54211,-0.21,-4,0,0,0,0,0,0,0,0
54247,-0.19,-1,0,0,0,0,0,0,0,0
54283,-0.21,6,0,0,0,0,0,0,0,0
54319,-0.24,20,0,0,0,0,0,0,0,0
54355,-0.20,36,0,0,0,0,0,0,0,0
54391,-0.19,45,0,0,0,0,0,0,0,0
54427,-0.19,40,0,0,0,0,0,0,0,0
54463,-0.14,26,0,0,0,0,0,0,0,0
54499,-0.16,12,0,0,0,0,0,0,0,0
54535,-0.11,4,0,0,0,0,0,0,0,0
54571,-0.19,2,0,0,0,0,0,0,0,0
54607,-0.19,3,0,0,0,0,0,0,0,0
54643,-0.20,4,0,0,0,0,0,0,0,0
54679,-0.10,3,0,0,0,0,0,0,0,0
54715,-0.20,1,0,0,0,0,0,0,0,0
54751,-0.19,-2,0,0,0,0,0,0,0,0
54787,-0.23,-5,0,0,0,0,0,0,0,0
54823,-0.15,-6,0,0,0,0,0,0,0,0
54859,-0.17,-5,0,0,0,0,0,0,0,0
54895,-0.15,-2,0,0,0,0,0,0,0,0
54931,-0.10,0,0,0,0,0,0,0,0,0
54967,-0.12,0,0,0,0,0,0,0,0,0
55003,-0.11,0,0,0,0,0,0,0,0,0
55039,-0.16,0,0,0,0,0,0,0,0,0
55075,-0.19,-2,0,0,0,0,0,0,0,0
55111,-0.22,-8,0,0,0,0,0,0,0,0
55147,-0.21,-20,0,0,0,0,0,0,0,0
55183,-0.20,-37,0,0,0,0,0,0,0,0
55219,-0.21,-52,0,0,0,0,0,0,0,0
55255,-0.15,-64,0,0,0,0,0,0,0,0
55291,-0.20,-72,0,0,0,0,0,0,0,0
55327,-0.16,-68,0,0,0,0,0,0,0,0
55363,-0.20,-45,0,0,0,0,0,0,0,0
55399,-0.12,-13,0,0,0,0,0,0,0,0
55435,-0.13,2,0,0,0,0,0,0,0,0
55471,-0.17,-6,0,0,0,0,0,0,0,0
55507,-0.13,-24,0,0,0,0,0,0,0,0
55543,-0.13,-35,0,0,0,0,0,0,0,0
55579,-0.16,-31,0,0,0,0,0,0,0,0
55615,-0.17,-15,0,0,0,0,0,0,0,0
55651,-0.15,2,0,0,0,0,0,0,0,0
55687,-0.10,6,0,0,0,0,0,0,0,0
55723,-0.14,-15,0,0,0,0,0,0,0,0
55759,-0.11,-57,0,0,0,0,0,0,0,0
55795,-0.15,-94,0,0,0,0,0,0,0,0
55831,-0.12,-111,0,0,0,0,0,0,0,0
55867,-0.16,-106,0,0,0,0,0,0,0,0
55903,-0.16,-88,0,0,0,0,0,0,0,0
55939,-0.16,-69,0,0,0,0,0,0,0,0
55975,-0.20,-54,0,0,0,0,0,0,0,0
56011,-0.21,-41,0,0,0,0,0,0,0,0
56047,-0.15,-29,0,0,0,0,0,0,0,0
56083,-0.14,-24,0,0,0,0,0,0,0,0
56119,-0.23,-31,0,0,0,0,0,0,0,0
56155,-0.14,-40,0,0,0,0,0,0,0,0
56191,-0.15,-34,0,0,0,0,0,0,0,0
56227,-0.13,-16,0,0,0,0,0,0,0,0
56263,-0.10,0,0,0,0,0,0,0,0,0
56299,-0.16,11,0,0,0,0,0,0,0,0
56335,-0.18,27,0,0,0,0,0,0,0,0
56371,-0.17,73,0,0,0,0,0,0,0,0
56407,-0.18,214,0,0,0,0,0,0,0,0
56443,-0.10,464,0,0,0,0,0,0,0,0
56479,-0.19,725,0,0,0,0,0,0,0,0
56515,-0.28,903,0,0,0,0,0,0,0,0
56551,-0.13,982,0,0,0,0,0,0,0,0
56587,-0.12,984,0,0,0,0,0,0,0,0
56623,-0.23,939,0,0,0,0,0,0,0,0
56659,-0.26,648,0,0,0,0,0,0,0,0
56695,-0.20,-157,0,0,0,0,0,0,0,0
56731,-0.23,-1162,0,0,0,0,0,0,0,0
56767,-0.16,-1718,0,0,0,0,0,0,0,0
56803,-0.21,-1541,0,0,0,0,0,0,0,0
56839,-0.16,-859,0,0,0,0,0,0,0,0
56875,-0.20,-193,0,0,0,0,0,0,0,0
56911,-0.11,102,0,0,0,0,0,0,0,0
56947,-0.19,44,0,0,0,0,0,0,0,0
56983,-0.21,-156,0,0,0,0,0,0,0,0
57019,-0.19,-326,0,0,0,0,0,0,0,0
57055,-0.15,-412,0,0,0,0,0,0,0,0
57091,-0.13,-463,0,0,0,0,0,0,0,0
57127,-0.16,-557,0,0,0,0,0,0,0,0
57163,-0.17,-752,0,0,0,0,0,0,0,0
57199,-0.19,-1019,0,0,0,0,0,0,0,0
57235,-0.23,-1055,0,0,0,0,0,0,0,0
57271,-0.16,-579,0,0,0,0,0,0,0,0
57307,-0.18,163,0,0,0,0,0,0,0,0
57343,-0.23,791,0,0,0,0,0,0,0,0
57379,-0.14,1181,0,0,0,0,0,0,0,0
57415,-0.19,1346,0,0,0,0,0,0,0,0
57451,-0.09,1354,0,0,0,0,0,0,0,0
57487,-0.26,1277,0,0,0,0,0,0,0,0
57523,-0.26,1168,0,0,0,0,0,0,0,0
57559,-0.23,1059,0,0,0,0,0,0,0,0
57595,-0.25,964,0,0,0,0,0,0,0,0
57631,-0.22,886,0,0,0,0,0,0,0,0
57667,-0.23,823,0,0,0,0,0,0,0,0
57703,-0.25,770,0,0,0,0,0,0,0,0
57739,-0.21,724,0,0,0,0,0,0,0,0
57775,-0.25,681,0,0,0,0,0,0,0,0
57811,-0.18,642,0,0,0,0,0,0,0,0
57847,-0.23,604,0,0,0,0,0,0,0,0
57883,-0.20,568,0,0,0,0,0,0,0,0
57919,-0.17,534,0,0,0,0,0,0,0,0
57955,-0.26,501,0,0,0,0,0,0,0,0
57991,-0.19,471,0,0,0,0,0,0,0,0
58027,-0.16,442,0,0,0,0,0,0,0,0
58063,-0.14,360,0,0,0,0,0,0,0,0
58099,-0.22,10,0,0,0,0,0,0,0,0
58135,-0.27,-725,0,0,0,0,0,0,0,0
58171,-0.19,-1540,0,0,0,0,0,0,0,0
58207,-0.17,-2053,0,0,0,0,0,0,0,0
58243,-0.23,-2214,0,0,0,0,0,0,0,0
58279,-0.24,-2175,0,0,0,0,0,0,0,0
58315,-0.24,-2070,0,0,0,0,0,0,0,0
58351,-0.16,-1970,0,0,0,0,0,0,0,0
58387,-0.20,-1870,0,0,0,0,0,0,0,0
58423,-0.13,-1733,0,0,0,0,0,0,0,0
58459,-0.23,-1567,0,0,0,0,0,0,0,0
58495,-0.19,-1465,0,0,0,0,0,0,0,0
58531,-0.25,-1535,0,0,0,0,0,0,0,0
58567,-0.18,-1722,0,0,0,0,0,0,0,0
58603,-0.19,-1890,0,0,0,0,0,0,0,0
58639,-0.17,-1971,0,0,0,0,0,0,0,0
58675,-0.11,-1962,0,0,0,0,0,0,0,0
58711,-0.21,-1889,0,0,0,0,0,0,0,0
58747,-0.15,-1617,0,0,0,0,0,0,0,0
58783,-0.26,-923,0,0,0,0,0,0,0,0
58819,-0.19,39,0,0,0,0,0,0,0,0
58855,-0.18,651,0,0,0,0,0,0,0,0
58891,-0.19,754,0,0,0,0,0,0,0,0
58927,-0.18,930,0,0,0,0,0,0,0,0
58963,-0.25,1337,0,0,0,0,0,0,0,0
58999,-0.24,1693,0,0,0,0,0,0,0,0
59035,-0.21,1900,0,0,0,0,0,0,0,0
59071,-0.21,1957,0,0,0,0,0,0,0,0
59107,-0.14,1907,0,0,0,0,0,0,0,0
59143,-0.14,1799,0,0,0,0,0,0,0,0
59179,-0.17,1671,0,0,0,0,0,0,0,0
59215,-0.18,1544,0,0,0,0,0,0,0,0
59251,-0.15,1428,0,0,0,0,0,0,0,0
59287,-0.14,1328,0,0,0,0,0,0,0,0
59323,-0.20,1240,0,0,0,0,0,0,0,0
59359,-0.22,1162,0,0,0,0,0,0,0,0
59395,-0.25,1092,0,0,0,0,0,0,0,0
59431,-0.15,1026,0,0,0,0,0,0,0,0
59467,-0.23,965,0,0,0,0,0,0,0,0
59503,-0.19,907,0,0,0,0,0,0,0,0
59539,-0.20,853,0,0,0,0,0,0,0,0
59575,-0.26,801,0,0,0,0,0,0,0,0
59611,-0.24,692,0,0,0,0,0,0,0,0
59647,-0.16,253,0,0,0,0,0,0,0,0
59683,-0.22,-665,0,0,0,0,0,0,0,0
59719,-0.19,-1702,0,0,0,0,0,0,0,0
59755,-0.14,-2457,0,0,0,0,0,0,0,0
59791,-0.20,-2844,0,0,0,0,0,0,0,0
59827,-0.11,-2930,0,0,0,0,0,0,0,0
59863,-0.12,-2825,0,0,0,0,0,0,0,0
59899,-0.21,-2632,0,0,0,0,0,0,0,0
59935,-0.20,-2416,0,0,0,0,0,0,0,0
59971,-0.15,-2214,0,0,0,0,0,0,0,0
60007,-0.25,-2039,0,0,0,0,0,0,0,0
60043,-0.11,-1893,0,0,0,0,0,0,0,0
60079,-0.15,-1768,0,0,0,0,0,0,0,0
60115,-0.19,-1659,0,0,0,0,0,0,0,0
60151,-0.28,-1526,0,0,0,0,0,0,0,0
60187,-0.20,-1280,0,0,0,0,0,0,0,0
60223,-0.19,-849,0,0,0,0,0,0,0,0
60259,-0.18,-254,0,0,0,0,0,0,0,0
60295,-0.12,386,0,0,0,0,0,0,0,0
60331,-0.16,872,0,0,0,0,0,0,0,0
60367,-0.15,982,0,0,0,0,0,0,0,0
60403,-0.10,639,0,0,0,0,0,0,0,0
60439,-0.16,54,0,0,0,0,0,0,0,0
60475,-0.10,-460,0,0,0,0,0,0,0,0
60511,-0.20,-744,0,0,0,0,0,0,0,0
60547,-0.17,-787,0,0,0,0,0,0,0,0
60583,-0.21,-628,0,0,0,0,0,0,0,0
60619,-0.18,-333,0,0,0,0,0,0,0,0
60655,-0.16,9,0,0,0,0,0,0,0,0
60691,-0.15,311,0,0,0,0,0,0,0,0
60727,-0.23,515,0,0,0,0,0,0,0,0
60763,-0.18,610,0,0,0,0,0,0,0,0
60799,-0.09,623,0,0,0,0,0,0,0,0
60835,-0.22,600,0,0,0,0,0,0,0,0
60871,-0.23,572,0,0,0,0,0,0,0,0
60907,-0.17,546,0,0,0,0,0,0,0,0
60943,-0.15,508,0,0,0,0,0,0,0,0
60979,-0.19,449,0,0,0,0,0,0,0,0
61015,-0.20,380,0,0,0,0,0,0,0,0
61051,-0.12,325,0,0,0,0,0,0,0,0
61087,-0.16,310,0,0,0,0,0,0,0,0
61123,-0.18,351,0,0,0,0,0,0,0,0
61159,-0.15,437,0,0,0,0,0,0,0,0
61195,-0.02,534,0,0,0,0,0,0,0,0
61231,-0.16,611,0,0,0,0,0,0,0,0
61267,-0.16,655,0,0,0,0,0,0,0,0
61303,-0.17,673,0,0,0,0,0,0,0,0
61339,-0.17,678,0,0,0,0,0,0,0,0
61375,-0.13,678,0,0,0,0,0,0,0,0
61411,-0.19,673,0,0,0,0,0,0,0,0
61447,-0.19,663,0,0,0,0,0,0,0,0
61483,-0.19,653,0,0,0,0,0,0,0,0
61519,-0.22,647,0,0,0,0,0,0,0,0
61555,-0.19,642,0,0,0,0,0,0,0,0
61591,-0.19,635,0,0,0,0,0,0,0,0
61627,-0.17,623,0,0,0,0,0,0,0,0
61663,-0.23,604,0,0,0,0,0,0,0,0
61699,-0.12,579,0,0,0,0,0,0,0,0
61735,-0.19,549,0,0,0,0,0,0,0,0
61771,-0.20,514,0,0,0,0,0,0,0,0
61807,-0.25,476,0,0,0,0,0,0,0,0
61843,-0.24,439,0,0,0,0,0,0,0,0
61879,-0.21,406,0,0,0,0,0,0,0,0
61915,-0.14,378,0,0,0,0,0,0,0,0
61951,-0.14,354,0,0,0,0,0,0,0,0
61987,-0.21,330,0,0,0,0,0,0,0,0
62023,-0.17,307,0,0,0,0,0,0,0,0
62059,-0.27,283,0,0,0,0,0,0,0,0
62095,-0.23,262,0,0,0,0,0,0,0,0
62131,-0.11,242,0,0,0,0,0,0,0,0
62167,-0.23,224,0,0,0,0,0,0,0,0
62203,-0.14,207,0,0,0,0,0,0,0,0
62239,-0.08,193,0,0,0,0,0,0,0,0
62275,-0.16,182,0,0,0,0,0,0,0,0
62311,-0.20,174,0,0,0,0,0,0,0,0
62347,-0.19,171,0,0,0,0,0,0,0,0
62383,-0.21,171,0,0,0,0,0,0,0,0
62419,-0.18,171,0,0,0,0,0,0,0,0
62455,-0.23,165,0,0,0,0,0,0,0,0
62491,-0.28,154,0,0,0,0,0,0,0,0
62527,-0.18,141,0,0,0,0,0,0,0,0
62563,-0.12,128,0,0,0,0,0,0,0,0
62599,-0.20,118,0,0,0,0,0,0,0,0
62635,-0.23,111,0,0,0,0,0,0,0,0
62671,-0.25,106,0,0,0,0,0,0,0,0
62707,-0.26,102,0,0,0,0,0,0,0,0
62743,-0.21,98,0,0,0,0,0,0,0,0
62779,-0.13,93,0,0,0,0,0,0,0,0
62815,-0.20,88,0,0,0,0,0,0,0,0
62851,-0.25,82,0,0,0,0,0,0,0,0
62887,-0.24,77,0,0,0,0,0,0,0,0
62923,-0.16,74,0,0,0,0,0,0,0,0
62959,-0.12,72,0,0,0,0,0,0,0,0
62995,-0.16,72,0,0,0,0,0,0,0,0
63031,-0.23,70,0,0,0,0,0,0,0,0
63067,-0.21,67,0,0,0,0,0,0,0,0
63103,-0.21,63,0,0,0,0,0,0,0,0
63139,-0.25,60,0,0,0,0,0,0,0,0
63175,-0.24,58,0,0,0,0,0,0,0,0
63211,-0.22,55,0,0,0,0,0,0,0,0
63247,-0.19,52,0,0,0,0,0,0,0,0
63283,-0.12,52,0,0,0,0,0,0,0,0
63319,-0.26,54,0,0,0,0,0,0,0,0
63355,-0.12,54,0,0,0,0,0,0,0,0
63391,-0.19,52,0,0,0,0,0,0,0,0
63427,-0.12,48,0,0,0,0,0,0,0,0
63463,-0.23,42,0,0,0,0,0,0,0,0
63499,-0.21,37,0,0,0,0,0,0,0,0
63535,-0.14,34,0,0,0,0,0,0,0,0
63571,-0.15,32,0,0,0,0,0,0,0,0
63607,-0.19,31,0,0,0,0,0,0,0,0
63643,-0.11,32,0,0,0,0,0,0,0,0
63679,-0.17,32,0,0,0,0,0,0,0,0
63715,-0.13,32,0,0,0,0,0,0,0,0
63751,-0.20,32,0,0,0,0,0,0,0,0
63787,-0.11,31,0,0,0,0,0,0,0,0
63823,-0.19,30,0,0,0,0,0,0,0,0
63859,-0.15,28,0,0,0,0,0,0,0,0
63895,-0.22,27,0,0,0,0,0,0,0,0
63931,-0.18,26,0,0,0,0,0,0,0,0
63967,-0.20,26,0,0,0,0,0,0,0,0
64003,-0.22,27,0,0,0,0,0,0,0,0
64039,-0.19,28,0,0,0,0,0,0,0,0
64075,-0.17,28,0,0,0,0,0,0,0,0
64111,-0.15,25,0,0,0,0,0,0,0,0
64147,-0.22,23,0,0,0,0,0,0,0,0
64183,-0.15,20,0,0,0,0,0,0,0,0
64219,-0.20,18,0,0,0,0,0,0,0,0
64255,-0.16,18,0,0,0,0,0,0,0,0
64291,-0.17,20,0,0,0,0,0,0,0,0
64327,-0.18,25,0,0,0,0,0,0,0,0
64363,-0.20,29,0,0,0,0,0,0,0,0
64399,-0.16,31,0,0,0,0,0,0,0,0
64435,-0.17,28,0,0,0,0,0,0,0,0
64471,-0.21,23,0,0,0,0,0,0,0,0
64507,-0.16,18,0,0,0,0,0,0,0,0
64543,-0.17,15,0,0,0,0,0,0,0,0
64579,-0.08,13,0,0,0,0,0,0,0,0
64615,-0.10,12,0,0,0,0,0,0,0,0
64651,-0.17,12,0,0,0,0,0,0,0,0
64687,-0.10,13,0,0,0,0,0,0,0,0
64723,-0.13,15,0,0,0,0,0,0,0,0
64759,-0.15,16,0,0,0,0,0,0,0,0
64795,-0.05,16,0,0,0,0,0,0,0,0
64831,-0.20,15,0,0,0,0,0,0,0,0
64867,-0.19,14,0,0,0,0,0,0,0,0
64903,-0.10,14,0,0,0,0,0,0,0,0
64939,-0.22,14,0,0,0,0,0,0,0,0
64975,-0.11,12,0,0,0,0,0,0,0,0
65011,-0.19,10,0,0,0,0,0,0,0,0
65047,-0.22,7,0,0,0,0,0,0,0,0
65083,-0.20,6,0,0,0,0,0,0,0,0
65119,-0.13,8,0,0,0,0,0,0,0,0
65155,-0.14,11,0,0,0,0,0,0,0,0
65191,-0.18,12,0,0,0,0,0,0,0,0
65227,-0.19,12,0,0,0,0,0,0,0,0
65263,-0.16,11,0,0,0,0,0,0,0,0
65299,-0.11,11,0,0,0,0,0,0,0,0
65335,-0.12,11,0,0,0,0,0,0,0,0
65371,-0.21,11,0,0,0,0,0,0,0,0
65407,-0.13,12,0,0,0,0,0,0,0,0
65443,-0.15,14,0,0,0,0,0,0,0,0
65479,-0.24,16,0,0,0,0,0,0,0,0
65515,-0.20,17,0,0,0,0,0,0,0,0
65551,-0.17,15,0,0,0,0,0,0,0,0
65587,-0.11,10,0,0,0,0,0,0,0,0
65623,-0.15,6,0,0,0,0,0,0,0,0
65659,-0.20,4,0,0,0,0,0,0,0,0
65695,-0.10,3,0,0,0,0,0,0,0,0
65731,-0.08,3,0,0,0,0,0,0,0,0
65767,-0.10,5,0,0,0,0,0,0,0,0
65803,-0.17,7,0,0,0,0,0,0,0,0
65839,-0.26,7,0,0,0,0,0,0,0,0
65875,-0.16,6,0,0,0,0,0,0,0,0
65911,-0.12,5,0,0,0,0,0,0,0,0
65947,-0.12,5,0,0,0,0,0,0,0,0
65983,-0.10,5,0,0,0,0,0,0,0,0
66019,-0.14,5,0,0,0,0,0,0,0,0
66055,-0.20,5,0,0,0,0,0,0,0,0
66091,-0.13,6,0,0,0,0,0,0,0,0
66127,-0.20,5,0,0,0,0,0,0,0,0
66163,-0.16,4,0,0,0,0,0,0,0,0
66199,-0.15,3,0,0,0,0,0,0,0,0
66235,-0.13,3,0,0,0,0,0,0,0,0
66271,-0.19,4,0,0,0,0,0,0,0,0
66307,-0.21,5,0,0,0,0,0,0,0,0
66343,-0.22,7,0,0,0,0,0,0,0,0
66379,-0.26,9,0,0,0,0,0,0,0,0
66415,-0.22,10,0,0,0,0,0,0,0,0
66451,-0.20,11,0,0,0,0,0,0,0,0
66487,-0.18,12,0,0,0,0,0,0,0,0
66523,-0.15,14,0,0,0,0,0,0,0,0
66559,-0.13,14,0,0,0,0,0,0,0,0
66595,-0.19,11,0,0,0,0,0,0,0,0
66631,-0.18,8,0,0,0,0,0,0,0,0
66667,-0.13,5,0,0,0,0,0,0,0,0
66703,-0.23,4,0,0,0,0,0,0,0,0
66739,-0.13,3,0,0,0,0,0,0,0,0
66775,-0.12,4,0,0,0,0,0,0,0,0
66811,-0.18,5,0,0,0,0,0,0,0,0
66847,-0.12,5,0,0,0,0,0,0,0,0
66883,-0.17,5,0,0,0,0,0,0,0,0
66919,-0.19,4,0,0,0,0,0,0,0,0
66955,-0.11,3,0,0,0,0,0,0,0,0
66991,-0.19,2,0,0,0,0,0,0,0,0
67027,-0.16,2,0,0,0,0,0,0,0,0
67063,-0.21,1,0,0,0,0,0,0,0,0
67099,-0.20,1,0,0,0,0,0,0,0,0
67135,-0.23,2,0,0,0,0,0,0,0,0
67171,-0.23,2,0,0,0,0,0,0,0,0
67207,-0.09,4,0,0,0,0,0,0,0,0
67243,-0.09,7,0,0,0,0,0,0,0,0
67279,-0.16,11,0,0,0,0,0,0,0,0
67315,-0.11,12,0,0,0,0,0,0,0,0
67351,-0.17,9,0,0,0,0,0,0,0,0
67387,-0.22,5,0,0,0,0,0,0,0,0
67423,-0.22,1,0,0,0,0,0,0,0,0
67459,-0.18,-1,0,0,0,0,0,0,0,0
67495,-0.21,-2,0,0,0,0,0,0,0,0
67531,-0.17,-1,0,0,0,0,0,0,0,0
67567,-0.24,0,0,0,0,0,0,0,0,0
67603,-0.16,3,0,0,0,0,0,0,0,0
67639,-0.17,7,0,0,0,0,0,0,0,0
67675,-0.05,9,0,0,0,0,0,0,0,0
67711,-0.10,8,0,0,0,0,0,0,0,0
67747,-0.18,6,0,0,0,0,0,0,0,0
67783,-0.19,6,0,0,0,0,0,0,0,0
67819,-0.12,6,0,0,0,0,0,0,0,0
67855,-0.17,6,0,0,0,0,0,0,0,0
67891,-0.20,3,0,0,0,0,0,0,0,0
67927,-0.14,0,0,0,0,0,0,0,0,0
67963,-0.21,-2,0,0,0,0,0,0,0,0
67999,-0.17,-3,0,0,0,0,0,0,0,0
68035,-0.17,-1,0,0,0,0,0,0,0,0
68071,-0.17,0,0,0,0,0,0,0,0,0
68107,-0.21,0,0,0,0,0,0,0,0,0
68143,-0.26,0,0,0,0,0,0,0,0,0
68179,-0.07,0,0,0,0,0,0,0,0,0
68215,-0.18,2,0,0,0,0,0,0,0,0
68251,-0.13,4,0,0,0,0,0,0,0,0
68287,-0.14,5,0,0,0,0,0,0,0,0
68323,-0.20,5,0,0,0,0,0,0,0,0
68359,-0.16,6,0,0,0,0,0,0,0,0
68395,-0.16,7,0,0,0,0,0,0,0,0
68431,-0.28,8,0,0,0,0,0,0,0,0
68467,-0.17,7,0,0,0,0,0,0,0,0
68503,-0.12,5,0,0,0,0,0,0,0,0
68539,-0.29,2,0,0,0,0,0,0,0,0
68575,-0.33,0,0,0,0,0,0,0,0,0
68611,-0.23,1,0,0,0,0,0,0,0,0
68647,-0.19,2,0,0,0,0,0,0,0,0
68683,-0.17,4,0,0,0,0,0,0,0,0
68719,-0.17,5,0,0,0,0,0,0,0,0
68755,-0.13,7,0,0,0,0,0,0,0,0
68791,-0.18,9,0,0,0,0,0,0,0,0
68827,-0.19,8,0,0,0,0,0,0,0,0
68863,-0.20,4,0,0,0,0,0,0,0,0
68899,-0.08,0,0,0,0,0,0,0,0,0
68935,-0.16,-2,0,0,0,0,0,0,0,0
68971,-0.20,-3,0,0,0,0,0,0,0,0
69007,-0.17,-3,0,0,0,0,0,0,0,0
69043,-0.17,-1,0,0,0,0,0,0,0,0
69079,-0.17,1,0,0,0,0,0,0,0,0
69115,-0.17,3,0,0,0,0,0,0,0,0
69151,-0.11,3,0,0,0,0,0,0,0,0
69187,-0.14,2,0,0,0,0,0,0,0,0
69223,-0.08,1,0,0,0,0,0,0,0,0
69259,-0.17,0,0,0,0,0,0,0,0,0
69295,-0.16,0,0,0,0,0,0,0,0,0
69331,-0.27,0,0,0,0,0,0,0,0,0
69367,-0.15,1,0,0,0,0,0,0,0,0
69403,-0.14,2,0,0,0,0,0,0,0,0
69439,-0.14,2,0,0,0,0,0,0,0,0
69475,-0.16,3,0,0,0,0,0,0,0,0
69511,-0.14,3,0,0,0,0,0,0,0,0
69547,-0.20,2,0,0,0,0,0,0,0,0
69583,-0.18,2,0,0,0,0,0,0,0,0
69619,-0.15,2,0,0,0,0,0,0,0,0
69655,-0.27,2,0,0,0,0,0,0,0,0
69691,-0.16,2,0,0,0,0,0,0,0,0
69727,-0.18,2,0,0,0,0,0,0,0,0
69763,-0.17,2,0,0,0,0,0,0,0,0
69799,-0.13,2,0,0,0,0,0,0,0,0
69835,-0.10,2,0,0,0,0,0,0,0,0
69871,-0.13,3,0,0,0,0,0,0,0,0
69907,-0.20,5,0,0,0,0,0,0,0,0
69943,-0.16,5,0,0,0,0,0,0,0,0
69979,-0.17,3,0,0,0,0,0,0,0,0
70015,-0.17,1,0,0,0,0,0,0,0,0
70051,-0.14,0,0,0,0,0,0,0,0,0
70087,-0.11,0,0,0,0,0,0,0,0,0
70123,-0.16,0,0,0,0,0,0,0,0,0
70159,-0.15,0,0,0,0,0,0,0,0,0
70195,-0.12,1,0,0,0,0,0,0,0,0
70231,-0.20,0,0,0,0,0,0,0,0,0
70267,-0.18,-2,0,0,0,0,0,0,0,0
70303,-0.19,-5,0,0,0,0,0,0,0,0
70339,-0.15,-6,0,0,0,0,0,0,0,0
70375,-0.16,-4,0,0,0,0,0,0,0,0
70411,-0.24,0,0,0,0,0,0,0,0,0
70447,-0.17,5,0,0,0,0,0,0,0,0
70483,-0.13,9,0,0,0,0,0,0,0,0
70519,-0.17,11,0,0,0,0,0,0,0,0
70555,-0.21,11,0,0,0,0,0,0,0,0
70591,-0.17,9,0,0,0,0,0,0,0,0
70627,-0.25,6,0,0,0,0,0,0,0,0
70663,-0.12,1,0,0,0,0,0,0,0,0
70699,-0.16,-3,0,0,0,0,0,0,0,0
70735,-0.17,-7,0,0,0,0,0,0,0,0
70771,-0.20,-8,0,0,0,0,0,0,0,0
70807,-0.13,-6,0,0,0,0,0,0,0,0
70843,-0.20,-1,0,0,0,0,0,0,0,0
70879,-0.12,1,0,0,0,0,0,0,0,0
70915,-0.07,3,0,0,0,0,0,0,0,0
70951,-0.10,3,0,0,0,0,0,0,0,0
70987,-0.15,2,0,0,0,0,0,0,0,0
71023,-0.17,0,0,0,0,0,0,0,0,0
71059,-0.09,0,0,0,0,0,0,0,0,0
71095,-0.14,31,0,0,0,0,0,0,0,0
71131,-0.17,157,0,0,0,0,0,0,0,0
71167,-0.14,391,0,0,0,0,0,0,0,0
71203,-0.09,640,0,0,0,0,0,0,0,0
71239,-0.01,812,0,0,0,0,0,0,0,0
71275,-0.11,868,0,0,0,0,0,0,0,0
71311,-0.09,769,0,0,0,0,0,0,0,0
71347,-0.09,511,0,0,0,0,0,0,0,0
71383,-0.08,165,0,0,0,0,0,0,0,0
71419,-0.15,-205,0,0,0,0,0,0,0,0
71455,-0.21,-587,0,0,0,0,0,0,0,0
71491,-0.18,-1022,0,0,0,0,0,0,0,0
71527,-0.23,-1533,0,0,0,0,0,0,0,0
71563,-0.19,-1972,0,0,0,0,0,0,0,0
71599,-0.17,-1952,0,0,0,0,0,0,0,0
71635,-0.11,-1264,0,0,0,0,0,0,0,0
71671,-0.12,-282,0,0,0,0,0,0,0,0
71707,-0.13,533,0,0,0,0,0,0,0,0
71743,-0.23,1040,0,0,0,0,0,0,0,0
71779,-0.18,1264,0,0,0,0,0,0,0,0
71815,-0.15,1079,0,0,0,0,0,0,0,0
71851,-0.19,558,0,0,0,0,0,0,0,0
71887,-0.10,6,0,0,0,0,0,0,0,0
71923,-0.28,-707,0,0,0,0,0,0,0,0
71959,-0.17,-1458,0,0,0,0,0,0,0,0
71995,-0.15,-1637,0,0,0,0,0,0,0,0
72031,-0.22,-1070,0,0,0,0,0,0,0,0
72067,-0.23,-180,0,0,0,0,0,0,0,0
72103,-0.17,580,0,0,0,0,0,0,0,0
72139,-0.19,1061,0,0,0,0,0,0,0,0
72175,-0.20,1277,0,0,0,0,0,0,0,0
72211,-0.18,1239,0,0,0,0,0,0,0,0
72247,-0.19,800,0,0,0,0,0,0,0,0
72283,-0.20,-39,0,0,0,0,0,0,0,0
72319,-0.23,-818,0,0,0,0,0,0,0,0
72355,-0.19,-1089,0,0,0,0,0,0,0,0
72391,-0.17,-871,0,0,0,0,0,0,0,0
72427,-0.24,-463,0,0,0,0,0,0,0,0
72463,-0.18,-151,0,0,0,0,0,0,0,0
72499,-0.26,-83,0,0,0,0,0,0,0,0
72535,-0.14,-227,0,0,0,0,0,0,0,0
72571,-0.13,-422,0,0,0,0,0,0,0,0
72607,-0.15,-526,0,0,0,0,0,0,0,0
72643,-0.15,-496,0,0,0,0,0,0,0,0
72679,-0.12,-354,0,0,0,0,0,0,0,0
72715,-0.15,-163,0,0,0,0,0,0,0,0
72751,-0.18,6,0,0,0,0,0,0,0,0
72787,-0.11,119,0,0,0,0,0,0,0,0
72823,-0.09,171,0,0,0,0,0,0,0,0
72859,-0.24,177,0,0,0,0,0,0,0,0
72895,-0.19,154,0,0,0,0,0,0,0,0
72931,-0.11,121,0,0,0,0,0,0,0,0
72967,-0.17,92,0,0,0,0,0,0,0,0
73003,-0.07,80,0,0,0,0,0,0,0,0
73039,-0.21,101,0,0,0,0,0,0,0,0
73075,-0.21,162,0,0,0,0,0,0,0,0
73111,-0.17,247,0,0,0,0,0,0,0,0
73147,-0.16,330,0,0,0,0,0,0,0,0
73183,-0.13,379,0,0,0,0,0,0,0,0
73219,-0.12,377,0,0,0,0,0,0,0,0
73255,-0.20,332,0,0,0,0,0,0,0,0
73291,-0.13,267,0,0,0,0,0,0,0,0
73327,-0.08,207,0,0,0,0,0,0,0,0
73363,-0.15,165,0,0,0,0,0,0,0,0
73399,-0.13,141,0,0,0,0,0,0,0,0
73435,-0.19,129,0,0,0,0,0,0,0,0
73471,-0.15,125,0,0,0,0,0,0,0,0
73507,-0.14,124,0,0,0,0,0,0,0,0
73543,-0.15,124,0,0,0,0,0,0,0,0
73579,-0.13,123,0,0,0,0,0,0,0,0
73615,-0.06,121,0,0,0,0,0,0,0,0
73651,-0.16,118,0,0,0,0,0,0,0,0
73687,-0.16,113,0,0,0,0,0,0,0,0
73723,-0.15,105,0,0,0,0,0,0,0,0
73759,-0.14,94,0,0,0,0,0,0,0,0
73795,-0.18,81,0,0,0,0,0,0,0,0
73831,-0.19,69,0,0,0,0,0,0,0,0
73867,-0.17,60,0,0,0,0,0,0,0,0
73903,-0.14,52,0,0,0,0,0,0,0,0
73939,-0.21,45,0,0,0,0,0,0,0,0
73975,-0.22,40,0,0,0,0,0,0,0,0
74011,-0.18,35,0,0,0,0,0,0,0,0
74047,-0.27,31,0,0,0,0,0,0,0,0
74083,-0.21,27,0,0,0,0,0,0,0,0
74119,-0.24,23,0,0,0,0,0,0,0,0
74155,-0.13,21,0,0,0,0,0,0,0,0
74191,-0.19,21,0,0,0,0,0,0,0,0
74227,-0.20,23,0,0,0,0,0,0,0,0
74263,-0.13,25,0,0,0,0,0,0,0,0
74299,-0.19,26,0,0,0,0,0,0,0,0
74335,-0.11,27,0,0,0,0,0,0,0,0
74371,-0.18,25,0,0,0,0,0,0,0,0
74407,-0.08,21,0,0,0,0,0,0,0,0
74443,-0.21,15,0,0,0,0,0,0,0,0
74479,-0.22,9,0,0,0,0,0,0,0,0
74515,-0.21,8,0,0,0,0,0,0,0,0
74551,-0.15,10,0,0,0,0,0,0,0,0
74587,-0.12,14,0,0,0,0,0,0,0,0
74623,-0.23,16,0,0,0,0,0,0,0,0
74659,-0.16,13,0,0,0,0,0,0,0,0
74695,-0.19,10,0,0,0,0,0,0,0,0
74731,-0.08,9,0,0,0,0,0,0,0,0
74767,-0.16,9,0,0,0,0,0,0,0,0
74803,-0.20,9,0,0,0,0,0,0,0,0
74839,-0.13,6,0,0,0,0,0,0,0,0
74875,-0.10,2,0,0,0,0,0,0,0,0
74911,-0.13,-1,0,0,0,0,0,0,0,0
74947,-0.08,-3,0,0,0,0,0,0,0,0
74983,-0.14,-3,0,0,0,0,0,0,0,0
75019,-0.19,-2,0,0,0,0,0,0,0,0
75055,-0.14,0,0,0,0,0,0,0,0,0
75091,-0.19,1,0,0,0,0,0,0,0,0
75127,-0.24,2,0,0,0,0,0,0,0,0
75163,-0.13,3,0,0,0,0,0,0,0,0
75199,-0.19,2,0,0,0,0,0,0,0,0
75235,-0.16,3,0,0,0,0,0,0,0,0
75271,-0.19,5,0,0,0,0,0,0,0,0
75307,-0.21,7,0,0,0,0,0,0,0,0
75343,-0.12,6,0,0,0,0,0,0,0,0
75379,-0.11,3,0,0,0,0,0,0,0,0
75415,-0.12,0,0,0,0,0,0,0,0,0
75451,-0.11,0,0,0,0,0,0,0,0,0
75487,-0.10,0,0,0,0,0,0,0,0,0
75523,-0.20,1,0,0,0,0,0,0,0,0
75559,-0.09,1,0,0,0,0,0,0,0,0
75595,-0.09,0,0,0,0,0,0,0,0,0
75631,-0.10,1,0,0,0,0,0,0,0,0
75667,-0.13,3,0,0,0,0,0,0,0,0
75703,-0.22,3,0,0,0,0,0,0,0,0
75739,-0.11,2,0,0,0,0,0,0,0,0
75775,-0.14,2,0,0,0,0,0,0,0,0
75811,-0.09,3,0,0,0,0,0,0,0,0
75847,-0.07,3,0,0,0,0,0,0,0,0
75883,-0.16,3,0,0,0,0,0,0,0,0
75919,-0.15,3,0,0,0,0,0,0,0,0
75955,-0.14,2,0,0,0,0,0,0,0,0
75991,-0.07,3,0,0,0,0,0,0,0,0
76027,-0.08,4,0,0,0,0,0,0,0,0
76063,-0.12,5,0,0,0,0,0,0,0,0
76099,-0.19,6,0,0,0,0,0,0,0,0
76135,-0.12,4,0,0,0,0,0,0,0,0
76171,-0.06,4,0,0,0,0,0,0,0,0
76207,-0.19,7,0,0,0,0,0,0,0,0
76243,-0.14,11,0,0,0,0,0,0,0,0
76279,-0.14,14,0,0,0,0,0,0,0,0
76315,-0.14,13,0,0,0,0,0,0,0,0
76351,-0.13,10,0,0,0,0,0,0,0,0
76387,-0.14,6,0,0,0,0,0,0,0,0
76423,-0.21,1,0,0,0,0,0,0,0,0
76459,-0.19,-1,0,0,0,0,0,0,0,0
76495,-0.15,-2,0,0,0,0,0,0,0,0
76531,-0.08,-1,0,0,0,0,0,0,0,0
76567,-0.16,0,0,0,0,0,0,0,0,0
76603,-0.11,1,0,0,0,0,0,0,0,0
76639,-0.12,0,0,0,0,0,0,0,0,0
76675,-0.19,0,0,0,0,0,0,0,0,0
76711,-0.10,1,0,0,0,0,0,0,0,0
76747,-0.13,2,0,0,0,0,0,0,0,0
76783,-0.12,3,0,0,0,0,0,0,0,0
76819,-0.12,3,0,0,0,0,0,0,0,0
76855,-0.11,4,0,0,0,0,0,0,0,0
76891,-0.10,9,0,0,0,0,0,0,0,0
76927,-0.11,15,0,0,0,0,0,0,0,0
76963,-0.12,19,0,0,0,0,0,0,0,0
76999,-0.15,16,0,0,0,0,0,0,0,0
77035,-0.21,0,0,0,0,0,0,0,0,0
77071,-0.25,-27,0,0,0,0,0,0,0,0
77107,-0.21,-55,0,0,0,0,0,0,0,0
77143,-0.24,-74,0,0,0,0,0,0,0,0
77179,-0.18,-82,0,0,0,0,0,0,0,0
77215,-0.17,-83,0,0,0,0,0,0,0,0
77251,-0.21,-77,0,0,0,0,0,0,0,0
77287,-0.21,-63,0,0,0,0,0,0,0,0
77323,-0.19,-40,0,0,0,0,0,0,0,0
77359,-0.19,-16,0,0,0,0,0,0,0,0
77395,-0.12,1,0,0,0,0,0,0,0,0
77431,-0.18,14,0,0,0,0,0,0,0,0
77467,-0.21,25,0,0,0,0,0,0,0,0
77503,-0.12,36,0,0,0,0,0,0,0,0
77539,-0.26,41,0,0,0,0,0,0,0,0
77575,-0.17,40,0,0,0,0,0,0,0,0
77611,-0.17,36,0,0,0,0,0,0,0,0
77647,-0.18,32,0,0,0,0,0,0,0,0
77683,-0.23,30,0,0,0,0,0,0,0,0
77719,-0.12,31,0,0,0,0,0,0,0,0
77755,-0.12,33,0,0,0,0,0,0,0,0
77791,-0.14,36,0,0,0,0,0,0,0,0
77827,-0.11,41,0,0,0,0,0,0,0,0
77863,-0.12,46,0,0,0,0,0,0,0,0
77899,-0.17,47,0,0,0,0,0,0,0,0
77935,-0.19,40,0,0,0,0,0,0,0,0
77971,-0.17,27,0,0,0,0,0,0,0,0
78007,-0.21,13,0,0,0,0,0,0,0,0
78043,-0.20,2,0,0,0,0,0,0,0,0
78079,-0.18,-3,0,0,0,0,0,0,0,0
78115,-0.13,-5,0,0,0,0,0,0,0,0
78151,-0.13,-5,0,0,0,0,0,0,0,0
78187,-0.16,-3,0,0,0,0,0,0,0,0
78223,-0.21,0,0,0,0,0,0,0,0,0
78259,-0.18,0,0,0,0,0,0,0,0,0
78295,-0.06,-4,0,0,0,0,0,0,0,0
78331,-0.14,-13,0,0,0,0,0,0,0,0
78367,-0.14,-21,0,0,0,0,0,0,0,0
78403,-0.14,-23,0,0,0,0,0,0,0,0
78439,-0.23,-18,0,0,0,0,0,0,0,0
78475,-0.20,-7,0,0,0,0,0,0,0,0
78511,-0.22,6,0,0,0,0,0,0,0,0
78547,-0.19,17,0,0,0,0,0,0,0,0
78583,-0.19,23,0,0,0,0,0,0,0,0
78619,-0.16,25,0,0,0,0,0,0,0,0
78655,-0.12,26,0,0,0,0,0,0,0,0
78691,-0.21,25,0,0,0,0,0,0,0,0
78727,-0.18,23,0,0,0,0,0,0,0,0
78763,-0.15,19,0,0,0,0,0,0,0,0
78799,-0.15,15,0,0,0,0,0,0,0,0
78835,-0.17,11,0,0,0,0,0,0,0,0
78871,-0.09,10,0,0,0,0,0,0,0,0
78907,-0.13,11,0,0,0,0,0,0,0,0
78943,-0.18,12,0,0,0,0,0,0,0,0
78979,-0.14,12,0,0,0,0,0,0,0,0
79015,-0.14,9,0,0,0,0,0,0,0,0
79051,-0.11,2,0,0,0,0,0,0,0,0
79087,-0.22,-4,0,0,0,0,0,0,0,0
79123,-0.05,-8,0,0,0,0,0,0,0,0
79159,-0.18,-7,0,0,0,0,0,0,0,0
79195,-0.16,-3,0,0,0,0,0,0,0,0
79231,-0.23,1,0,0,0,0,0,0,0,0
79267,-0.19,2,0,0,0,0,0,0,0,0
79303,-0.15,0,0,0,0,0,0,0,0,0
79339,-0.17,0,0,0,0,0,0,0,0,0
79375,-0.07,-1,0,0,0,0,0,0,0,0
79411,-0.12,0,0,0,0,0,0,0,0,0
79447,-0.22,2,0,0,0,0,0,0,0,0
79483,-0.16,4,0,0,0,0,0,0,0,0
79519,-0.18,5,0,0,0,0,0,0,0,0
79555,-0.18,5,0,0,0,0,0,0,0,0
79591,-0.21,3,0,0,0,0,0,0,0,0
79627,-0.21,1,0,0,0,0,0,0,0,0
79663,-0.17,1,0,0,0,0,0,0,0,0
79699,-0.05,1,0,0,0,0,0,0,0,0
79735,-0.11,1,0,0,0,0,0,0,0,0
79771,-0.19,3,0,0,0,0,0,0,0,0
79807,-0.15,4,0,0,0,0,0,0,0,0
79843,-0.20,3,0,0,0,0,0,0,0,0
79879,-0.16,2,0,0,0,0,0,0,0,0
79915,-0.22,3,0,0,0,0,0,0,0,0
79951,-0.19,3,0,0,0,0,0,0,0,0
79987,-0.13,3,0,0,0,0,0,0,0,0
80023,-0.10,1,0,0,0,0,0,0,0,0
80059,-0.14,0,0,0,0,0,0,0,0,0
80095,-0.16,0,0,0,0,0,0,0,0,0
80131,-0.09,0,0,0,0,0,0,0,0,0
80167,-0.18,4,0,0,0,0,0,0,0,0
80203,-0.10,6,0,0,0,0,0,0,0,0
80239,-0.17,5,0,0,0,0,0,0,0,0
80275,-0.14,0,0,0,0,0,0,0,0,0
80311,-0.21,-5,0,0,0,0,0,0,0,0
80347,-0.17,-9,0,0,0,0,0,0,0,0
80383,-0.12,-8,0,0,0,0,0,0,0,0
80419,-0.18,-4,0,0,0,0,0,0,0,0
80455,-0.12,1,0,0,0,0,0,0,0,0
80491,-0.14,7,0,0,0,0,0,0,0,0
80527,-0.08,8,0,0,0,0,0,0,0,0
80563,-0.14,6,0,0,0,0,0,0,0,0
80599,-0.12,1,0,0,0,0,0,0,0,0
80635,-0.16,-5,0,0,0,0,0,0,0,0
80671,-0.13,-9,0,0,0,0,0,0,0,0
80707,-0.13,-7,0,0,0,0,0,0,0,0
80743,-0.26,-2,0,0,0,0,0,0,0,0
80779,-0.18,-2,0,0,0,0,0,0,0,0
80815,-0.16,-9,0,0,0,0,0,0,0,0
80851,-0.20,-18,0,0,0,0,0,0,0,0
80887,-0.18,-22,0,0,0,0,0,0,0,0
80923,-0.23,-24,0,0,0,0,0,0,0,0
80959,-0.20,-25,0,0,0,0,0,0,0,0
80995,-0.15,-22,0,0,0,0,0,0,0,0
81031,-0.25,-4,0,0,0,0,0,0,0,0
81067,-0.16,31,0,0,0,0,0,0,0,0
81103,-0.23,65,0,0,0,0,0,0,0,0
81139,-0.11,74,0,0,0,0,0,0,0,0
81175,-0.08,51,0,0,0,0,0,0,0,0
81211,-0.18,22,0,0,0,0,0,0,0,0
81247,-0.10,79,0,0,0,0,0,0,0,0
81283,-0.12,288,0,0,0,0,0,0,0,0
81319,-0.17,554,0,0,0,0,0,0,0,0
81355,-0.15,755,0,0,0,0,0,0,0,0
81391,-0.17,862,0,0,0,0,0,0,0,0
81427,-0.22,618,0,0,0,0,0,0,0,0
81463,-0.14,-236,0,0,0,0,0,0,0,0
81499,-0.14,-1344,0,0,0,0,0,0,0,0
81535,-0.14,-2191,0,0,0,0,0,0,0,0
81571,-0.19,-2433,0,0,0,0,0,0,0,0
81607,-0.04,-1877,0,0,0,0,0,0,0,0
81643,-0.09,-828,0,0,0,0,0,0,0,0
81679,-0.21,186,0,0,0,0,0,0,0,0
81715,-0.14,891,0,0,0,0,0,0,0,0
81751,-0.20,1257,0,0,0,0,0,0,0,0
81787,-0.15,1101,0,0,0,0,0,0,0,0
81823,-0.19,237,0,0,0,0,0,0,0,0
81859,-0.19,-926,0,0,0,0,0,0,0,0
81895,-0.14,-1783,0,0,0,0,0,0,0,0
81931,-0.11,-2038,0,0,0,0,0,0,0,0
81967,-0.15,-1732,0,0,0,0,0,0,0,0
82003,-0.20,-1137,0,0,0,0,0,0,0,0
82039,-0.12,-517,0,0,0,0,0,0,0,0
82075,-0.11,-21,0,0,0,0,0,0,0,0
82111,-0.16,310,0,0,0,0,0,0,0,0
82147,-0.18,502,0,0,0,0,0,0,0,0
82183,-0.11,610,0,0,0,0,0,0,0,0
82219,-0.16,684,0,0,0,0,0,0,0,0
82255,-0.21,719,0,0,0,0,0,0,0,0
82291,-0.23,674,0,0,0,0,0,0,0,0
82327,-0.13,542,0,0,0,0,0,0,0,0
82363,-0.19,380,0,0,0,0,0,0,0,0
82399,-0.13,246,0,0,0,0,0,0,0,0
82435,-0.13,237,0,0,0,0,0,0,0,0
82471,-0.16,442,0,0,0,0,0,0,0,0
82507,-0.15,748,0,0,0,0,0,0,0,0
82543,-0.11,992,0,0,0,0,0,0,0,0
82579,-0.12,1125,0,0,0,0,0,0,0,0
82615,-0.13,1159,0,0,0,0,0,0,0,0
82651,-0.11,1125,0,0,0,0,0,0,0,0
82687,-0.14,1056,0,0,0,0,0,0,0,0
82723,-0.17,976,0,0,0,0,0,0,0,0
82759,-0.07,899,0,0,0,0,0,0,0,0
82795,-0.16,831,0,0,0,0,0,0,0,0
82831,-0.20,772,0,0,0,0,0,0,0,0
82867,-0.14,721,0,0,0,0,0,0,0,0
82903,-0.15,676,0,0,0,0,0,0,0,0
82939,-0.17,635,0,0,0,0,0,0,0,0
82975,-0.18,597,0,0,0,0,0,0,0,0
83011,-0.18,562,0,0,0,0,0,0,0,0
83047,-0.18,528,0,0,0,0,0,0,0,0
83083,-0.21,496,0,0,0,0,0,0,0,0
83119,-0.20,466,0,0,0,0,0,0,0,0
83155,-0.17,438,0,0,0,0,0,0,0,0
83191,-0.18,411,0,0,0,0,0,0,0,0
83227,-0.16,386,0,0,0,0,0,0,0,0
83263,-0.10,362,0,0,0,0,0,0,0,0
83299,-0.21,340,0,0,0,0,0,0,0,0
83335,-0.14,319,0,0,0,0,0,0,0,0
83371,-0.16,300,0,0,0,0,0,0,0,0
83407,-0.22,282,0,0,0,0,0,0,0,0
83443,-0.13,264,0,0,0,0,0,0,0,0
83479,-0.24,248,0,0,0,0,0,0,0,0
83515,-0.21,233,0,0,0,0,0,0,0,0
83551,-0.15,219,0,0,0,0,0,0,0,0
83587,-0.02,206,0,0,0,0,0,0,0,0
83623,-0.10,193,0,0,0,0,0,0,0,0
83659,-0.15,181,0,0,0,0,0,0,0,0
83695,-0.22,170,0,0,0,0,0,0,0,0
83731,-0.07,160,0,0,0,0,0,0,0,0
83767,-0.12,150,0,0,0,0,0,0,0,0
83803,-0.20,141,0,0,0,0,0,0,0,0
83839,-0.08,132,0,0,0,0,0,0,0,0
83875,-0.10,124,0,0,0,0,0,0,0,0
83911,-0.19,117,0,0,0,0,0,0,0,0
83947,-0.17,109,0,0,0,0,0,0,0,0
83983,-0.20,103,0,0,0,0,0,0,0,0
84019,-0.20,96,0,0,0,0,0,0,0,0
84055,-0.12,91,0,0,0,0,0,0,0,0
84091,-0.23,85,0,0,0,0,0,0,0,0
84127,-0.23,80,0,0,0,0,0,0,0,0
84163,-0.17,75,0,0,0,0,0,0,0,0
84199,-0.24,70,0,0,0,0,0,0,0,0
84235,-0.16,66,0,0,0,0,0,0,0,0
84271,-0.22,62,0,0,0,0,0,0,0,0
84307,-0.14,58,0,0,0,0,0,0,0,0
84343,-0.16,55,0,0,0,0,0,0,0,0
84379,-0.15,51,0,0,0,0,0,0,0,0
84415,-0.14,48,0,0,0,0,0,0,0,0
84451,-0.13,45,0,0,0,0,0,0,0,0
84487,-0.09,42,0,0,0,0,0,0,0,0
84523,-0.16,40,0,0,0,0,0,0,0,0
84559,-0.22,37,0,0,0,0,0,0,0,0
84595,-0.15,35,0,0,0,0,0,0,0,0
84631,-0.18,33,0,0,0,0,0,0,0,0
84667,-0.12,31,0,0,0,0,0,0,0,0
84703,-0.28,29,0,0,0,0,0,0,0,0
84739,-0.18,27,0,0,0,0,0,0,0,0
84775,-0.12,25,0,0,0,0,0,0,0,0
84811,-0.19,24,0,0,0,0,0,0,0,0
84847,-0.16,22,0,0,0,0,0,0,0,0
84883,-0.19,21,0,0,0,0,0,0,0,0
84919,-0.22,20,0,0,0,0,0,0,0,0
84955,-0.07,18,0,0,0,0,0,0,0,0
84991,-0.12,17,0,0,0,0,0,0,0,0
85027,-0.16,16,0,0,0,0,0,0,0,0
85063,-0.17,15,0,0,0,0,0,0,0,0
85099,-0.15,14,0,0,0,0,0,0,0,0
85135,-0.17,13,0,0,0,0,0,0,0,0
85171,-0.20,12,0,0,0,0,0,0,0,0
85207,-0.18,12,0,0,0,0,0,0,0,0
85243,-0.20,11,0,0,0,0,0,0,0,0
85279,-0.13,10,0,0,0,0,0,0,0,0
85315,-0.16,10,0,0,0,0,0,0,0,0
85351,-0.19,9,0,0,0,0,0,0,0,0
85387,-0.24,8,0,0,0,0,0,0,0,0
85423,-0.09,8,0,0,0,0,0,0,0,0
85459,-0.03,7,0,0,0,0,0,0,0,0
85495,-0.12,7,0,0,0,0,0,0,0,0
85531,-0.17,6,0,0,0,0,0,0,0,0
85567,-0.14,-121,0,0,0,0,0,0,0,0
85603,-0.15,-655,0,0,0,0,0,0,0,0
85639,-0.19,-1590,0,0,0,0,0,0,0,0
85675,-0.20,-2523,0,0,0,0,0,0,0,0
85711,-0.17,-3145,0,0,0,0,0,0,0,0
85747,-0.12,-3414,0,0,0,0,0,0,0,0
85783,-0.04,-3413,0,0,0,0,0,0,0,0
85819,-0.18,-3251,0,0,0,0,0,0,0,0
85855,-0.13,-3020,0,0,0,0,0,0,0,0
85891,-0.17,-2780,0,0,0,0,0,0,0,0
85927,-0.10,-2560,0,0,0,0,0,0,0,0
85963,-0.17,-2369,0,0,0,0,0,0,0,0
85999,-0.18,-2206,0,0,0,0,0,0,0,0
86035,-0.14,-2064,0,0,0,0,0,0,0,0
86071,-0.17,-1938,0,0,0,0,0,0,0,0
86107,-0.14,-1822,0,0,0,0,0,0,0,0
86143,-0.09,-1714,0,0,0,0,0,0,0,0
86179,-0.14,-1612,0,0,0,0,0,0,0,0
86215,-0.10,-1516,0,0,0,0,0,0,0,0
86251,-0.22,-1424,0,0,0,0,0,0,0,0
86287,-0.14,-1338,0,0,0,0,0,0,0,0
86323,-0.13,-1256,0,0,0,0,0,0,0,0
86359,-0.18,-1179,0,0,0,0,0,0,0,0
86395,-0.12,-1107,0,0,0,0,0,0,0,0
86431,-0.25,-1040,0,0,0,0,0,0,0,0
86467,-0.15,-708,0,0,0,0,0,0,0,0
86503,-0.11,176,0,0,0,0,0,0,0,0
86539,-0.15,1285,0,0,0,0,0,0,0,0
86575,-0.15,2006,0,0,0,0,0,0,0,0
86611,-0.21,1936,0,0,0,0,0,0,0,0
86647,-0.22,1144,0,0,0,0,0,0,0,0
86683,-0.14,147,0,0,0,0,0,0,0,0
86719,-0.15,-643,0,0,0,0,0,0,0,0
86755,-0.16,-1115,0,0,0,0,0,0,0,0
86791,-0.20,-1309,0,0,0,0,0,0,0,0
86827,-0.21,-1317,0,0,0,0,0,0,0,0
86863,-0.16,-1229,0,0,0,0,0,0,0,0
86899,-0.14,-1109,0,0,0,0,0,0,0,0
86935,-0.27,-993,0,0,0,0,0,0,0,0
86971,-0.21,-875,0,0,0,0,0,0,0,0
87007,-0.11,-639,0,0,0,0,0,0,0,0
87043,-0.15,-168,0,0,0,0,0,0,0,0
87079,-0.18,443,0,0,0,0,0,0,0,0
87115,-0.17,976,0,0,0,0,0,0,0,0
87151,-0.16,1285,0,0,0,0,0,0,0,0
87187,-0.17,1352,0,0,0,0,0,0,0,0
87223,-0.21,1260,0,0,0,0,0,0,0,0
87259,-0.22,1113,0,0,0,0,0,0,0,0
87295,-0.16,981,0,0,0,0,0,0,0,0
87331,-0.11,905,0,0,0,0,0,0,0,0
87367,-0.14,919,0,0,0,0,0,0,0,0
87403,-0.19,1058,0,0,0,0,0,0,0,0
87439,-0.12,1340,0,0,0,0,0,0,0,0
87475,-0.17,1696,0,0,0,0,0,0,0,0
87511,-0.20,1966,0,0,0,0,0,0,0,0
87547,-0.09,2016,0,0,0,0,0,0,0,0
87583,-0.22,1833,0,0,0,0,0,0,0,0
87619,-0.18,1513,0,0,0,0,0,0,0,0
87655,-0.26,1183,0,0,0,0,0,0,0,0
87691,-0.15,930,0,0,0,0,0,0,0,0
87727,-0.12,786,0,0,0,0,0,0,0,0
87763,-0.14,723,0,0,0,0,0,0,0,0
87799,-0.19,678,0,0,0,0,0,0,0,0
87835,-0.23,615,0,0,0,0,0,0,0,0
87871,-0.18,535,0,0,0,0,0,0,0,0
87907,-0.17,451,0,0,0,0,0,0,0,0
87943,-0.13,370,0,0,0,0,0,0,0,0
87979,-0.20,295,0,0,0,0,0,0,0,0
88015,-0.23,253,0,0,0,0,0,0,0,0
88051,-0.17,331,0,0,0,0,0,0,0,0
88087,-0.14,578,0,0,0,0,0,0,0,0
88123,-0.09,892,0,0,0,0,0,0,0,0
88159,-0.21,1138,0,0,0,0,0,0,0,0
88195,-0.20,1232,0,0,0,0,0,0,0,0
88231,-0.25,1120,0,0,0,0,0,0,0,0
88267,-0.11,839,0,0,0,0,0,0,0,0
88303,-0.20,513,0,0,0,0,0,0,0,0
88339,-0.10,262,0,0,0,0,0,0,0,0
88375,-0.19,144,0,0,0,0,0,0,0,0
88411,-0.14,131,0,0,0,0,0,0,0,0
88447,-0.18,153,0,0,0,0,0,0,0,0
88483,-0.20,156,0,0,0,0,0,0,0,0
88519,-0.11,128,0,0,0,0,0,0,0,0
88555,-0.17,73,0,0,0,0,0,0,0,0
88591,-0.20,2,0,0,0,0,0,0,0,0
88627,-0.10,-64,0,0,0,0,0,0,0,0
88663,-0.11,-109,0,0,0,0,0,0,0,0
88699,-0.23,-132,0,0,0,0,0,0,0,0
88735,-0.20,-140,0,0,0,0,0,0,0,0
88771,-0.11,-130,0,0,0,0,0,0,0,0
88807,-0.23,-73,0,0,0,0,0,0,0,0
88843,-0.13,89,0,0,0,0,0,0,0,0
88879,-0.12,365,0,0,0,0,0,0,0,0
88915,-0.17,650,0,0,0,0,0,0,0,0
88951,-0.25,806,0,0,0,0,0,0,0,0
88987,-0.19,756,0,0,0,0,0,0,0,0
89023,-0.22,545,0,0,0,0,0,0,0,0
89059,-0.22,297,0,0,0,0,0,0,0,0
89095,-0.17,105,0,0,0,0,0,0,0,0
89131,-0.15,0,0,0,0,0,0,0,0,0
89167,-0.11,-42,0,0,0,0,0,0,0,0
89203,-0.20,-58,0,0,0,0,0,0,0,0
89239,-0.19,-78,0,0,0,0,0,0,0,0
89275,-0.18,-117,0,0,0,0,0,0,0,0
89311,-0.24,-166,0,0,0,0,0,0,0,0
89347,-0.17,-209,0,0,0,0,0,0,0,0
89383,-0.23,-236,0,0,0,0,0,0,0,0
89419,-0.24,-248,0,0,0,0,0,0,0,0
89455,-0.18,-247,0,0,0,0,0,0,0,0
89491,-0.19,-234,0,0,0,0,0,0,0,0
89527,-0.23,-223,0,0,0,0,0,0,0,0
89563,-0.11,-222,0,0,0,0,0,0,0,0
89599,-0.19,-226,0,0,0,0,0,0,0,0
89635,-0.20,-231,0,0,0,0,0,0,0,0
89671,-0.23,-233,0,0,0,0,0,0,0,0
89707,-0.18,-200,0,0,0,0,0,0,0,0
89743,-0.23,-66,0,0,0,0,0,0,0,0
89779,-0.24,200,0,0,0,0,0,0,0,0
89815,-0.15,502,0,0,0,0,0,0,0,0
89851,-0.16,680,0,0,0,0,0,0,0,0
89887,-0.28,654,0,0,0,0,0,0,0,0
89923,-0.20,469,0,0,0,0,0,0,0,0
89959,-0.14,235,0,0,0,0,0,0,0,0
89995,-0.14,41,0,0,0,0,0,0,0,0
90031,-0.20,-58,0,0,0,0,0,0,0,0
90067,-0.08,-63,0,0,0,0,0,0,0,0
90103,-0.27,-19,0,0,0,0,0,0,0,0
90139,-0.16,17,0,0,0,0,0,0,0,0
90175,-0.20,22,0,0,0,0,0,0,0,0
90211,-0.14,4,0,0,0,0,0,0,0,0
90247,-0.20,-15,0,0,0,0,0,0,0,0
90283,-0.12,-32,0,0,0,0,0,0,0,0
90319,-0.09,-49,0,0,0,0,0,0,0,0
90355,-0.10,-62,0,0,0,0,0,0,0,0
90391,-0.13,-73,0,0,0,0,0,0,0,0
90427,-0.11,-95,0,0,0,0,0,0,0,0
90463,-0.18,-134,0,0,0,0,0,0,0,0
90499,-0.20,-176,0,0,0,0,0,0,0,0
90535,-0.22,-196,0,0,0,0,0,0,0,0
90571,-0.16,-165,0,0,0,0,0,0,0,0
90607,-0.17,-20,0,0,0,0,0,0,0,0
90643,-0.15,250,0,0,0,0,0,0,0,0
90679,-0.17,512,0,0,0,0,0,0,0,0
90715,-0.22,590,0,0,0,0,0,0,0,0
90751,-0.22,431,0,0,0,0,0,0,0,0
90787,-0.12,127,0,0,0,0,0,0,0,0
90823,-0.21,-170,0,0,0,0,0,0,0,0
90859,-0.16,-362,0,0,0,0,0,0,0,0
90895,-0.13,-429,0,0,0,0,0,0,0,0
90931,-0.20,-406,0,0,0,0,0,0,0,0
90967,-0.13,-344,0,0,0,0,0,0,0,0
91003,-0.14,-286,0,0,0,0,0,0,0,0
91039,-0.16,-259,0,0,0,0,0,0,0,0
91075,-0.13,-264,0,0,0,0,0,0,0,0
91111,-0.09,-292,0,0,0,0,0,0,0,0
91147,-0.20,-321,0,0,0,0,0,0,0,0
91183,-0.19,-339,0,0,0,0,0,0,0,0
91219,-0.21,-346,0,0,0,0,0,0,0,0
91255,-0.22,-348,0,0,0,0,0,0,0,0
91291,-0.23,-338,0,0,0,0,0,0,0,0
91327,-0.08,-270,0,0,0,0,0,0,0,0
91363,-0.16,-85,0,0,0,0,0,0,0,0
91399,-0.27,195,0,0,0,0,0,0,0,0
91435,-0.20,438,0,0,0,0,0,0,0,0
91471,-0.22,509,0,0,0,0,0,0,0,0
91507,-0.21,388,0,0,0,0,0,0,0,0
91543,-0.21,163,0,0,0,0,0,0,0,0
91579,-0.21,-50,0,0,0,0,0,0,0,0
91615,-0.07,-177,0,0,0,0,0,0,0,0
91651,-0.23,-211,0,0,0,0,0,0,0,0
91687,-0.17,-193,0,0,0,0,0,0,0,0
91723,-0.20,-171,0,0,0,0,0,0,0,0
91759,-0.21,-167,0,0,0,0,0,0,0,0
91795,-0.15,-181,0,0,0,0,0,0,0,0
91831,-0.05,-205,0,0,0,0,0,0,0,0
91867,-0.19,-230,0,0,0,0,0,0,0,0
91903,-0.25,-246,0,0,0,0,0,0,0,0
91939,-0.25,-239,0,0,0,0,0,0,0,0
91975,-0.17,-187,0,0,0,0,0,0,0,0
92011,-0.12,-58,0,0,0,0,0,0,0,0
92047,-0.15,127,0,0,0,0,0,0,0,0
92083,-0.14,276,0,0,0,0,0,0,0,0
92119,-0.15,305,0,0,0,0,0,0,0,0
92155,-0.16,216,0,0,0,0,0,0,0,0
92191,-0.22,68,0,0,0,0,0,0,0,0
92227,-0.12,-72,0,0,0,0,0,0,0,0
92263,-0.17,-166,0,0,0,0,0,0,0,0
92299,-0.17,-199,0,0,0,0,0,0,0,0
92335,-0.11,-183,0,0,0,0,0,0,0,0
92371,-0.23,-151,0,0,0,0,0,0,0,0
92407,-0.13,-137,0,0,0,0,0,0,0,0
92443,-0.22,-156,0,0,0,0,0,0,0,0
92479,-0.16,-197,0,0,0,0,0,0,0,0
92515,-0.23,-241,0,0,0,0,0,0,0,0
92551,-0.15,-276,0,0,0,0,0,0,0,0
92587,-0.18,-277,0,0,0,0,0,0,0,0
92623,-0.19,-202,0,0,0,0,0,0,0,0
92659,-0.18,-44,0,0,0,0,0,0,0,0
92695,-0.23,119,0,0,0,0,0,0,0,0
92731,-0.17,196,0,0,0,0,0,0,0,0
92767,-0.16,172,0,0,0,0,0,0,0,0
92803,-0.10,105,0,0,0,0,0,0,0,0
92839,-0.17,73,0,0,0,0,0,0,0,0
92875,-0.15,152,0,0,0,0,0,0,0,0
92911,-0.16,370,0,0,0,0,0,0,0,0
92947,-0.19,650,0,0,0,0,0,0,0,0
92983,-0.09,862,0,0,0,0,0,0,0,0
93019,-0.16,688,0,0,0,0,0,0,0,0
93055,-0.23,-115,0,0,0,0,0,0,0,0
93091,-0.14,-1178,0,0,0,0,0,0,0,0
93127,-0.14,-2016,0,0,0,0,0,0,0,0
93163,-0.18,-2490,0,0,0,0,0,0,0,0
93199,-0.24,-2645,0,0,0,0,0,0,0,0
93235,-0.16,-2589,0,0,0,0,0,0,0,0
93271,-0.13,-2424,0,0,0,0,0,0,0,0
93307,-0.15,-2225,0,0,0,0,0,0,0,0
93343,-0.22,-2034,0,0,0,0,0,0,0,0
93379,-0.18,-1867,0,0,0,0,0,0,0,0
93415,-0.25,-1728,0,0,0,0,0,0,0,0
93451,-0.16,-1611,0,0,0,0,0,0,0,0
93487,-0.12,-1510,0,0,0,0,0,0,0,0
93523,-0.19,-1420,0,0,0,0,0,0,0,0
93559,-0.15,-1336,0,0,0,0,0,0,0,0
93595,-0.16,-1258,0,0,0,0,0,0,0,0
93631,-0.20,-1183,0,0,0,0,0,0,0,0
93667,-0.14,-1112,0,0,0,0,0,0,0,0
93703,-0.20,-1045,0,0,0,0,0,0,0,0
93739,-0.10,-981,0,0,0,0,0,0,0,0
93775,-0.16,-921,0,0,0,0,0,0,0,0
93811,-0.16,-865,0,0,0,0,0,0,0,0
93847,-0.26,-812,0,0,0,0,0,0,0,0
93883,-0.14,-762,0,0,0,0,0,0,0,0
93919,-0.18,-716,0,0,0,0,0,0,0,0
93955,-0.18,-672,0,0,0,0,0,0,0,0
93991,-0.16,-631,0,0,0,0,0,0,0,0
94027,-0.16,-593,0,0,0,0,0,0,0,0
94063,-0.22,-557,0,0,0,0,0,0,0,0
94099,-0.16,-523,0,0,0,0,0,0,0,0
94135,-0.18,-491,0,0,0,0,0,0,0,0
94171,-0.19,-461,0,0,0,0,0,0,0,0
94207,-0.14,-433,0,0,0,0,0,0,0,0
94243,-0.17,-406,0,0,0,0,0,0,0,0
94279,-0.13,-270,0,0,0,0,0,0,0,0
94315,-0.12,254,0,0,0,0,0,0,0,0
94351,-0.18,1196,0,0,0,0,0,0,0,0
94387,-0.19,2165,0,0,0,0,0,0,0,0
94423,-0.27,2827,0,0,0,0,0,0,0,0
94459,-0.20,3134,0,0,0,0,0,0,0,0
94495,-0.25,3162,0,0,0,0,0,0,0,0
94531,-0.19,3022,0,0,0,0,0,0,0,0
94567,-0.21,2701,0,0,0,0,0,0,0,0
94603,-0.17,2136,0,0,0,0,0,0,0,0
94639,-0.16,1529,0,0,0,0,0,0,0,0
94675,-0.21,1202,0,0,0,0,0,0,0,0
94711,-0.23,1236,0,0,0,0,0,0,0,0
94747,-0.07,1454,0,0,0,0,0,0,0,0
94783,-0.15,1664,0,0,0,0,0,0,0,0
94819,-0.21,1781,0,0,0,0,0,0,0,0
94855,-0.12,1786,0,0,0,0,0,0,0,0
94891,-0.19,1683,0,0,0,0,0,0,0,0
94927,-0.18,1510,0,0,0,0,0,0,0,0
94963,-0.16,1319,0,0,0,0,0,0,0,0
94999,-0.25,1144,0,0,0,0,0,0,0,0
95035,-0.12,1006,0,0,0,0,0,0,0,0
95071,-0.23,920,0,0,0,0,0,0,0,0
95107,-0.10,899,0,0,0,0,0,0,0,0
95143,-0.23,934,0,0,0,0,0,0,0,0
95179,-0.20,982,0,0,0,0,0,0,0,0
95215,-0.20,1005,0,0,0,0,0,0,0,0
95251,-0.16,995,0,0,0,0,0,0,0,0
95287,-0.21,959,0,0,0,0,0,0,0,0
95323,-0.18,903,0,0,0,0,0,0,0,0
95359,-0.15,828,0,0,0,0,0,0,0,0
95395,-0.15,740,0,0,0,0,0,0,0,0
95431,-0.14,651,0,0,0,0,0,0,0,0
95467,-0.12,561,0,0,0,0,0,0,0,0
95503,-0.18,460,0,0,0,0,0,0,0,0
95539,-0.21,344,0,0,0,0,0,0,0,0
95575,-0.24,231,0,0,0,0,0,0,0,0
95611,-0.15,135,0,0,0,0,0,0,0,0
95647,-0.21,60,0,0,0,0,0,0,0,0
95683,-0.17,3,0,0,0,0,0,0,0,0
95719,-0.18,-36,0,0,0,0,0,0,0,0
95755,-0.23,-69,0,0,0,0,0,0,0,0
95791,-0.13,-99,0,0,0,0,0,0,0,0
95827,-0.16,-123,0,0,0,0,0,0,0,0
95863,-0.21,-146,0,0,0,0,0,0,0,0
95899,-0.25,-168,0,0,0,0,0,0,0,0
95935,-0.20,-191,0,0,0,0,0,0,0,0
95971,-0.21,-221,0,0,0,0,0,0,0,0
96007,-0.16,-254,0,0,0,0,0,0,0,0
96043,-0.22,-273,0,0,0,0,0,0,0,0
96079,-0.23,-256,0,0,0,0,0,0,0,0
96115,-0.13,-160,0,0,0,0,0,0,0,0
96151,-0.27,37,0,0,0,0,0,0,0,0
96187,-0.19,278,0,0,0,0,0,0,0,0
96223,-0.17,456,0,0,0,0,0,0,0,0
96259,-0.18,508,0,0,0,0,0,0,0,0
96295,-0.12,450,0,0,0,0,0,0,0,0
96331,-0.18,329,0,0,0,0,0,0,0,0
96367,-0.13,187,0,0,0,0,0,0,0,0
96403,-0.16,56,0,0,0,0,0,0,0,0
96439,-0.22,-38,0,0,0,0,0,0,0,0
96475,-0.24,-91,0,0,0,0,0,0,0,0
96511,-0.13,-118,0,0,0,0,0,0,0,0
96547,-0.15,-139,0,0,0,0,0,0,0,0
96583,-0.13,-168,0,0,0,0,0,0,0,0
96619,-0.12,-203,0,0,0,0,0,0,0,0
96655,-0.19,-238,0,0,0,0,0,0,0,0
96691,-0.22,-268,0,0,0,0,0,0,0,0
96727,-0.23,-288,0,0,0,0,0,0,0,0
96763,-0.16,-294,0,0,0,0,0,0,0,0
96799,-0.15,-291,0,0,0,0,0,0,0,0
96835,-0.21,-288,0,0,0,0,0,0,0,0
96871,-0.12,-291,0,0,0,0,0,0,0,0
96907,-0.22,-300,0,0,0,0,0,0,0,0
96943,-0.13,-310,0,0,0,0,0,0,0,0
96979,-0.20,-315,0,0,0,0,0,0,0,0
97015,-0.12,-320,0,0,0,0,0,0,0,0
97051,-0.17,-326,0,0,0,0,0,0,0,0
97087,-0.15,-312,0,0,0,0,0,0,0,0
97123,-0.20,-233,0,0,0,0,0,0,0,0
97159,-0.14,-49,0,0,0,0,0,0,0,0
97195,-0.24,203,0,0,0,0,0,0,0,0
97231,-0.13,408,0,0,0,0,0,0,0,0
97267,-0.13,480,0,0,0,0,0,0,0,0
97303,-0.20,430,0,0,0,0,0,0,0,0
97339,-0.22,319,0,0,0,0,0,0,0,0
97375,-0.18,202,0,0,0,0,0,0,0,0
97411,-0.18,110,0,0,0,0,0,0,0,0
97447,-0.10,52,0,0,0,0,0,0,0,0
97483,-0.12,18,0,0,0,0,0,0,0,0
97519,-0.16,-11,0,0,0,0,0,0,0,0
97555,-0.12,-49,0,0,0,0,0,0,0,0
97591,-0.16,-93,0,0,0,0,0,0,0,0
97627,-0.13,-132,0,0,0,0,0,0,0,0
97663,-0.14,-160,0,0,0,0,0,0,0,0
97699,-0.23,-180,0,0,0,0,0,0,0,0
97735,-0.16,-198,0,0,0,0,0,0,0,0
97771,-0.10,-213,0,0,0,0,0,0,0,0
97807,-0.16,-227,0,0,0,0,0,0,0,0
97843,-0.11,-246,0,0,0,0,0,0,0,0
97879,-0.18,-266,0,0,0,0,0,0,0,0
97915,-0.09,-278,0,0,0,0,0,0,0,0
97951,-0.11,-276,0,0,0,0,0,0,0,0
97987,-0.16,-266,0,0,0,0,0,0,0,0
98023,-0.18,-262,0,0,0,0,0,0,0,0
98059,-0.07,-269,0,0,0,0,0,0,0,0
98095,-0.17,-276,0,0,0,0,0,0,0,0
98131,-0.19,-240,0,0,0,0,0,0,0,0
98167,-0.07,-80,0,0,0,0,0,0,0,0
98203,-0.06,213,0,0,0,0,0,0,0,0
98239,-0.11,508,0,0,0,0,0,0,0,0
98275,-0.15,655,0,0,0,0,0,0,0,0
98311,-0.18,613,0,0,0,0,0,0,0,0
98347,-0.14,440,0,0,0,0,0,0,0,0
98383,-0.15,230,0,0,0,0,0,0,0,0
98419,-0.18,54,0,0,0,0,0,0,0,0
98455,-0.16,-51,0,0,0,0,0,0,0,0
98491,-0.22,-90,0,0,0,0,0,0,0,0
98527,-0.14,-99,0,0,0,0,0,0,0,0
98563,-0.12,-116,0,0,0,0,0,0,0,0
98599,-0.22,-153,0,0,0,0,0,0,0,0
98635,-0.24,-203,0,0,0,0,0,0,0,0
98671,-0.17,-254,0,0,0,0,0,0,0,0
98707,-0.11,-291,0,0,0,0,0,0,0,0
98743,-0.11,-310,0,0,0,0,0,0,0,0
98779,-0.14,-314,0,0,0,0,0,0,0,0
98815,-0.14,-309,0,0,0,0,0,0,0,0
98851,-0.10,-299,0,0,0,0,0,0,0,0
98887,-0.15,-295,0,0,0,0,0,0,0,0
98923,-0.07,-304,0,0,0,0,0,0,0,0
98959,-0.10,-318,0,0,0,0,0,0,0,0
98995,-0.13,-321,0,0,0,0,0,0,0,0
99031,-0.13,-305,0,0,0,0,0,0,0,0
99067,-0.12,-283,0,0,0,0,0,0,0,0
99103,-0.12,-271,0,0,0,0,0,0,0,0
99139,-0.14,-257,0,0,0,0,0,0,0,0
99175,-0.06,-178,0,0,0,0,0,0,0,0
99211,-0.13,37,0,0,0,0,0,0,0,0
99247,-0.13,364,0,0,0,0,0,0,0,0
99283,-0.26,633,0,0,0,0,0,0,0,0
99319,-0.11,693,0,0,0,0,0,0,0,0
99355,-0.24,559,0,0,0,0,0,0,0,0
99391,-0.22,341,0,0,0,0,0,0,0,0
99427,-0.17,139,0,0,0,0,0,0,0,0
99463,-0.22,4,0,0,0,0,0,0,0,0
99499,-0.19,-57,0,0,0,0,0,0,0,0
99535,-0.17,-77,0,0,0,0,0,0,0,0
99571,-0.11,-97,0,0,0,0,0,0,0,0
99607,-0.12,-140,0,0,0,0,0,0,0,0
99643,-0.12,-200,0,0,0,0,0,0,0,0
99679,-0.18,-253,0,0,0,0,0,0,0,0
99715,-0.17,-282,0,0,0,0,0,0,0,0
99751,-0.13,-288,0,0,0,0,0,0,0,0
99787,-0.19,-281,0,0,0,0,0,0,0,0
99823,-0.12,-271,0,0,0,0,0,0,0,0
99859,-0.12,-267,0,0,0,0,0,0,0,0
99895,-0.06,-267,0,0,0,0,0,0,0,0
99931,-0.19,-270,0,0,0,0,0,0,0,0
99967,-0.13,-280,0,0,0,0,0,0,0,0
100003,-0.12,-300,0,0,0,0,0,0,0,0
100039,-0.13,-324,0,0,0,0,0,0,0,0
100075,-0.15,-346,0,0,0,0,0,0,0,0
100111,-0.16,-360,0,0,0,0,0,0,0,0
100147,-0.09,-331,0,0,0,0,0,0,0,0
100183,-0.06,-184,0,0,0,0,0,0,0,0
100219,-0.19,124,0,0,0,0,0,0,0,0
100255,-0.19,482,0,0,0,0,0,0,0,0
100291,-0.17,678,0,0,0,0,0,0,0,0
100327,-0.12,612,0,0,0,0,0,0,0,0
100363,-0.18,358,0,0,0,0,0,0,0,0
100399,-0.13,70,0,0,0,0,0,0,0,0
100435,-0.12,-125,0,0,0,0,0,0,0,0
100471,-0.08,-184,0,0,0,0,0,0,0,0
100507,-0.05,-140,0,0,0,0,0,0,0,0
100543,-0.05,-59,0,0,0,0,0,0,0,0
100579,-0.13,-1,0,0,0,0,0,0,0,0
100615,-0.09,4,0,0,0,0,0,0,0,0
100651,-0.18,-31,0,0,0,0,0,0,0,0
100687,-0.20,-82,0,0,0,0,0,0,0,0
100723,-0.13,-127,0,0,0,0,0,0,0,0
100759,-0.15,-151,0,0,0,0,0,0,0,0
100795,-0.18,-149,0,0,0,0,0,0,0,0
100831,-0.14,-128,0,0,0,0,0,0,0,0
100867,-0.12,-100,0,0,0,0,0,0,0,0
100903,-0.22,-82,0,0,0,0,0,0,0,0
100939,-0.08,-82,0,0,0,0,0,0,0,0
100975,-0.08,-92,0,0,0,0,0,0,0,0
101011,-0.04,-101,0,0,0,0,0,0,0,0
101047,-0.15,-109,0,0,0,0,0,0,0,0
101083,-0.17,-95,0,0,0,0,0,0,0,0
101119,-0.14,12,0,0,0,0,0,0,0,0
101155,-0.19,268,0,0,0,0,0,0,0,0
101191,-0.14,592,0,0,0,0,0,0,0,0
101227,-0.17,824,0,0,0,0,0,0,0,0
101263,-0.18,845,0,0,0,0,0,0,0,0
101299,-0.22,662,0,0,0,0,0,0,0,0
101335,-0.15,393,0,0,0,0,0,0,0,0
101371,-0.10,153,0,0,0,0,0,0,0,0
101407,-0.21,-5,0,0,0,0,0,0,0,0
101443,-0.15,-80,0,0,0,0,0,0,0,0
101479,-0.21,-97,0,0,0,0,0,0,0,0
101515,-0.25,-94,0,0,0,0,0,0,0,0
101551,-0.22,-103,0,0,0,0,0,0,0,0
101587,-0.17,-127,0,0,0,0,0,0,0,0
101623,-0.15,-152,0,0,0,0,0,0,0,0
101659,-0.10,-168,0,0,0,0,0,0,0,0
101695,-0.22,-170,0,0,0,0,0,0,0,0
101731,-0.26,-166,0,0,0,0,0,0,0,0
101767,-0.17,-165,0,0,0,0,0,0,0,0
101803,-0.22,-170,0,0,0,0,0,0,0,0
101839,-0.20,-182,0,0,0,0,0,0,0,0
101875,-0.19,-198,0,0,0,0,0,0,0,0
101911,-0.15,-200,0,0,0,0,0,0,0,0
101947,-0.11,-177,0,0,0,0,0,0,0,0
101983,-0.23,-134,0,0,0,0,0,0,0,0
102019,-0.13,-84,0,0,0,0,0,0,0,0
102055,-0.13,-28,0,0,0,0,0,0,0,0
102091,-0.17,105,0,0,0,0,0,0,0,0
102127,-0.24,367,0,0,0,0,0,0,0,0
102163,-0.15,658,0,0,0,0,0,0,0,0
102199,-0.15,865,0,0,0,0,0,0,0,0
102235,-0.23,943,0,0,0,0,0,0,0,0
102271,-0.21,872,0,0,0,0,0,0,0,0
102307,-0.17,687,0,0,0,0,0,0,0,0
102343,-0.20,475,0,0,0,0,0,0,0,0
102379,-0.16,304,0,0,0,0,0,0,0,0
102415,-0.23,189,0,0,0,0,0,0,0,0
102451,-0.17,111,0,0,0,0,0,0,0,0
102487,-0.12,45,0,0,0,0,0,0,0,0
102523,-0.19,-19,0,0,0,0,0,0,0,0
102559,-0.06,-81,0,0,0,0,0,0,0,0
102595,-0.19,-132,0,0,0,0,0,0,0,0
102631,-0.28,-169,0,0,0,0,0,0,0,0
102667,-0.15,-191,0,0,0,0,0,0,0,0
102703,-0.20,-195,0,0,0,0,0,0,0,0
102739,-0.12,-192,0,0,0,0,0,0,0,0
102775,-0.23,-197,0,0,0,0,0,0,0,0
102811,-0.18,-212,0,0,0,0,0,0,0,0
102847,-0.23,-230,0,0,0,0,0,0,0,0
102883,-0.18,-250,0,0,0,0,0,0,0,0
102919,-0.22,-263,0,0,0,0,0,0,0,0
102955,-0.21,-254,0,0,0,0,0,0,0,0
102991,-0.19,-225,0,0,0,0,0,0,0,0
103027,-0.17,-190,0,0,0,0,0,0,0,0
103063,-0.18,-119,0,0,0,0,0,0,0,0
103099,-0.16,60,0,0,0,0,0,0,0,0
103135,-0.15,336,0,0,0,0,0,0,0,0
103171,-0.21,598,0,0,0,0,0,0,0,0
103207,-0.19,756,0,0,0,0,0,0,0,0
103243,-0.21,758,0,0,0,0,0,0,0,0
103279,-0.11,608,0,0,0,0,0,0,0,0
103315,-0.15,391,0,0,0,0,0,0,0,0
103351,-0.17,200,0,0,0,0,0,0,0,0
103387,-0.10,70,0,0,0,0,0,0,0,0
103423,-0.17,-3,0,0,0,0,0,0,0,0
103459,-0.17,-48,0,0,0,0,0,0,0,0
103495,-0.16,-96,0,0,0,0,0,0,0,0
103531,-0.25,-162,0,0,0,0,0,0,0,0
103567,-0.15,-241,0,0,0,0,0,0,0,0
103603,-0.18,-313,0,0,0,0,0,0,0,0
103639,-0.21,-358,0,0,0,0,0,0,0,0
103675,-0.17,-365,0,0,0,0,0,0,0,0
103711,-0.20,-340,0,0,0,0,0,0,0,0
103747,-0.17,-305,0,0,0,0,0,0,0,0
103783,-0.21,-279,0,0,0,0,0,0,0,0
103819,-0.17,-273,0,0,0,0,0,0,0,0
103855,-0.19,-284,0,0,0,0,0,0,0,0
103891,-0.18,-298,0,0,0,0,0,0,0,0
103927,-0.13,-304,0,0,0,0,0,0,0,0
103963,-0.14,-302,0,0,0,0,0,0,0,0
103999,-0.17,-302,0,0,0,0,0,0,0,0
104035,-0.18,-293,0,0,0,0,0,0,0,0
104071,-0.12,-174,0,0,0,0,0,0,0,0
104107,-0.17,120,0,0,0,0,0,0,0,0
104143,-0.17,472,0,0,0,0,0,0,0,0
104179,-0.18,737,0,0,0,0,0,0,0,0
104215,-0.18,860,0,0,0,0,0,0,0,0
104251,-0.10,808,0,0,0,0,0,0,0,0
104287,-0.20,595,0,0,0,0,0,0,0,0
104323,-0.18,318,0,0,0,0,0,0,0,0
104359,-0.17,87,0,0,0,0,0,0,0,0
104395,-0.17,-44,0,0,0,0,0,0,0,0
104431,-0.24,-92,0,0,0,0,0,0,0,0
104467,-0.21,-104,0,0,0,0,0,0,0,0
104503,-0.25,-121,0,0,0,0,0,0,0,0
104539,-0.20,-168,0,0,0,0,0,0,0,0
104575,-0.12,-235,0,0,0,0,0,0,0,0
104611,-0.16,-286,0,0,0,0,0,0,0,0
104647,-0.16,-294,0,0,0,0,0,0,0,0
104683,-0.21,-265,0,0,0,0,0,0,0,0
104719,-0.24,-232,0,0,0,0,0,0,0,0
104755,-0.21,-224,0,0,0,0,0,0,0,0
104791,-0.13,-245,0,0,0,0,0,0,0,0
104827,-0.18,-285,0,0,0,0,0,0,0,0
104863,-0.20,-322,0,0,0,0,0,0,0,0
104899,-0.19,-341,0,0,0,0,0,0,0,0
104935,-0.16,-335,0,0,0,0,0,0,0,0
104971,-0.15,-306,0,0,0,0,0,0,0,0
105007,-0.13,-271,0,0,0,0,0,0,0,0
105043,-0.23,-198,0,0,0,0,0,0,0,0
105079,-0.19,-4,0,0,0,0,0,0,0,0
105115,-0.17,308,0,0,0,0,0,0,0,0
105151,-0.18,616,0,0,0,0,0,0,0,0
105187,-0.18,786,0,0,0,0,0,0,0,0
105223,-0.18,734,0,0,0,0,0,0,0,0
105259,-0.11,492,0,0,0,0,0,0,0,0
105295,-0.15,193,0,0,0,0,0,0,0,0
105331,-0.15,-44,0,0,0,0,0,0,0,0
105367,-0.14,-168,0,0,0,0,0,0,0,0
105403,-0.21,-194,0,0,0,0,0,0,0,0
105439,-0.21,-175,0,0,0,0,0,0,0,0
105475,-0.08,-165,0,0,0,0,0,0,0,0
105511,-0.26,-188,0,0,0,0,0,0,0,0
105547,-0.19,-238,0,0,0,0,0,0,0,0
105583,-0.19,-293,0,0,0,0,0,0,0,0
105619,-0.10,-334,0,0,0,0,0,0,0,0
105655,-0.13,-357,0,0,0,0,0,0,0,0
105691,-0.18,-409,0,0,0,0,0,0,0,0
105727,-0.15,-544,0,0,0,0,0,0,0,0
105763,-0.02,-723,0,0,0,0,0,0,0,0
105799,-0.12,-856,0,0,0,0,0,0,0,0
105835,-0.09,-888,0,0,0,0,0,0,0,0
105871,-0.17,-826,0,0,0,0,0,0,0,0
105907,-0.12,-768,0,0,0,0,0,0,0,0
105943,-0.24,-853,0,0,0,0,0,0,0,0
105979,-0.16,-1149,0,0,0,0,0,0,0,0
106015,-0.14,-1519,0,0,0,0,0,0,0,0
106051,-0.13,-1667,0,0,0,0,0,0,0,0
106087,-0.15,-1493,0,0,0,0,0,0,0,0
106123,-0.06,-1290,0,0,0,0,0,0,0,0
106159,-0.13,-1332,0,0,0,0,0,0,0,0
106195,-0.19,-1534,0,0,0,0,0,0,0,0
106231,-0.19,-1714,0,0,0,0,0,0,0,0
106267,-0.09,-1538,0,0,0,0,0,0,0,0
106303,-0.19,-714,0,0,0,0,0,0,0,0
106339,-0.11,402,0,0,0,0,0,0,0,0
106375,-0.20,1303,0,0,0,0,0,0,0,0
106411,-0.13,1838,0,0,0,0,0,0,0,0
106447,-0.12,2047,0,0,0,0,0,0,0,0
106483,-0.23,2035,0,0,0,0,0,0,0,0
106519,-0.19,1907,0,0,0,0,0,0,0,0
106555,-0.12,1741,0,0,0,0,0,0,0,0
106591,-0.17,1578,0,0,0,0,0,0,0,0
106627,-0.11,1439,0,0,0,0,0,0,0,0
106663,-0.19,1324,0,0,0,0,0,0,0,0
106699,-0.15,1231,0,0,0,0,0,0,0,0
106735,-0.18,1153,0,0,0,0,0,0,0,0
106771,-0.07,1084,0,0,0,0,0,0,0,0
106807,-0.13,1021,0,0,0,0,0,0,0,0
106843,-0.10,962,0,0,0,0,0,0,0,0
106879,-0.15,905,0,0,0,0,0,0,0,0
106915,-0.16,851,0,0,0,0,0,0,0,0
106951,-0.16,800,0,0,0,0,0,0,0,0
106987,-0.11,751,0,0,0,0,0,0,0,0
107023,-0.12,705,0,0,0,0,0,0,0,0
107059,-0.18,662,0,0,0,0,0,0,0,0
107095,-0.15,622,0,0,0,0,0,0,0,0
107131,-0.08,584,0,0,0,0,0,0,0,0
107167,-0.16,548,0,0,0,0,0,0,0,0
107203,-0.19,515,0,0,0,0,0,0,0,0
107239,-0.16,483,0,0,0,0,0,0,0,0
107275,-0.17,454,0,0,0,0,0,0,0,0
107311,-0.13,426,0,0,0,0,0,0,0,0
107347,-0.19,400,0,0,0,0,0,0,0,0
107383,-0.19,376,0,0,0,0,0,0,0,0
107419,-0.19,85,0,0,0,0,0,0,0,0
107455,-0.21,-761,0,0,0,0,0,0,0,0
107491,-0.07,-1834,0,0,0,0,0,0,0,0
107527,-0.10,-2655,0,0,0,0,0,0,0,0
107563,-0.20,-3096,0,0,0,0,0,0,0,0
107599,-0.16,-3213,0,0,0,0,0,0,0,0
107635,-0.19,-3116,0,0,0,0,0,0,0,0
107671,-0.15,-2914,0,0,0,0,0,0,0,0
107707,-0.09,-2682,0,0,0,0,0,0,0,0
107743,-0.24,-2460,0,0,0,0,0,0,0,0
107779,-0.16,-2267,0,0,0,0,0,0,0,0
107815,-0.20,-2103,0,0,0,0,0,0,0,0
107851,-0.17,-1964,0,0,0,0,0,0,0,0
107887,-0.17,-1842,0,0,0,0,0,0,0,0
107923,-0.13,-1731,0,0,0,0,0,0,0,0
107959,-0.16,-1629,0,0,0,0,0,0,0,0
107995,-0.13,-1533,0,0,0,0,0,0,0,0
108031,-0.14,-1441,0,0,0,0,0,0,0,0
108067,-0.12,-1354,0,0,0,0,0,0,0,0
108103,-0.15,-1272,0,0,0,0,0,0,0,0
108139,-0.15,-1195,0,0,0,0,0,0,0,0
108175,-0.30,-1122,0,0,0,0,0,0,0,0
108211,-0.21,-1053,0,0,0,0,0,0,0,0
108247,-0.25,-989,0,0,0,0,0,0,0,0
108283,-0.30,-929,0,0,0,0,0,0,0,0
108319,-0.14,-872,0,0,0,0,0,0,0,0
108355,-0.24,-819,0,0,0,0,0,0,0,0
108391,-0.22,-769,0,0,0,0,0,0,0,0
108427,-0.15,-722,0,0,0,0,0,0,0,0
108463,-0.23,-678,0,0,0,0,0,0,0,0
108499,-0.20,-637,0,0,0,0,0,0,0,0
108535,-0.26,-598,0,0,0,0,0,0,0,0
108571,-0.25,-562,0,0,0,0,0,0,0,0
108607,-0.24,-527,0,0,0,0,0,0,0,0
108643,-0.27,-495,0,0,0,0,0,0,0,0
108679,-0.15,-465,0,0,0,0,0,0,0,0
108715,-0.21,-437,0,0,0,0,0,0,0,0
108751,-0.14,-410,0,0,0,0,0,0,0,0
108787,-0.23,-385,0,0,0,0,0,0,0,0
108823,-0.21,-296,0,0,0,0,0,0,0,0
108859,-0.20,36,0,0,0,0,0,0,0,0
108895,-0.25,685,0,0,0,0,0,0,0,0
108931,-0.25,1435,0,0,0,0,0,0,0,0
108967,-0.13,1980,0,0,0,0,0,0,0,0
109003,-0.15,2177,0,0,0,0,0,0,0,0
109039,-0.22,2077,0,0,0,0,0,0,0,0
109075,-0.19,1823,0,0,0,0,0,0,0,0
109111,-0.18,1546,0,0,0,0,0,0,0,0
109147,-0.12,1320,0,0,0,0,0,0,0,0
109183,-0.21,1168,0,0,0,0,0,0,0,0
109219,-0.20,1079,0,0,0,0,0,0,0,0
109255,-0.20,1027,0,0,0,0,0,0,0,0
109291,-0.13,988,0,0,0,0,0,0,0,0
109327,-0.22,947,0,0,0,0,0,0,0,0
109363,-0.16,911,0,0,0,0,0,0,0,0
109399,-0.29,898,0,0,0,0,0,0,0,0
109435,-0.16,911,0,0,0,0,0,0,0,0
109471,-0.19,921,0,0,0,0,0,0,0,0
109507,-0.19,898,0,0,0,0,0,0,0,0
109543,-0.15,840,0,0,0,0,0,0,0,0
109579,-0.22,759,0,0,0,0,0,0,0,0
109615,-0.13,676,0,0,0,0,0,0,0,0
109651,-0.27,604,0,0,0,0,0,0,0,0
109687,-0.17,551,0,0,0,0,0,0,0,0
109723,-0.16,517,0,0,0,0,0,0,0,0
109759,-0.14,498,0,0,0,0,0,0,0,0
109795,-0.21,484,0,0,0,0,0,0,0,0
109831,-0.10,466,0,0,0,0,0,0,0,0
109867,-0.17,438,0,0,0,0,0,0,0,0
109903,-0.25,406,0,0,0,0,0,0,0,0
109939,-0.24,374,0,0,0,0,0,0,0,0
109975,-0.13,344,0,0,0,0,0,0,0,0
110011,-0.18,318,0,0,0,0,0,0,0,0
110047,-0.22,299,0,0,0,0,0,0,0,0
110083,-0.14,290,0,0,0,0,0,0,0,0
110119,-0.25,283,0,0,0,0,0,0,0,0
110155,-0.24,273,0,0,0,0,0,0,0,0
110191,-0.18,263,0,0,0,0,0,0,0,0
110227,-0.20,254,0,0,0,0,0,0,0,0
110263,-0.20,248,0,0,0,0,0,0,0,0
110299,-0.23,245,0,0,0,0,0,0,0,0
110335,-0.17,254,0,0,0,0,0,0,0,0
110371,-0.29,294,0,0,0,0,0,0,0,0
110407,-0.13,367,0,0,0,0,0,0,0,0
110443,-0.13,435,0,0,0,0,0,0,0,0
110479,-0.20,453,0,0,0,0,0,0,0,0
110515,-0.20,409,0,0,0,0,0,0,0,0
110551,-0.17,328,0,0,0,0,0,0,0,0
110587,-0.19,248,0,0,0,0,0,0,0,0
110623,-0.20,194,0,0,0,0,0,0,0,0
110659,-0.17,173,0,0,0,0,0,0,0,0
110695,-0.13,174,0,0,0,0,0,0,0,0
110731,-0.22,177,0,0,0,0,0,0,0,0
110767,-0.20,166,0,0,0,0,0,0,0,0
110803,-0.21,141,0,0,0,0,0,0,0,0
110839,-0.23,113,0,0,0,0,0,0,0,0
110875,-0.12,89,0,0,0,0,0,0,0,0
110911,-0.18,74,0,0,0,0,0,0,0,0
110947,-0.18,69,0,0,0,0,0,0,0,0
110983,-0.23,75,0,0,0,0,0,0,0,0
111019,-0.18,84,0,0,0,0,0,0,0,0
111055,-0.18,90,0,0,0,0,0,0,0,0
111091,-0.16,87,0,0,0,0,0,0,0,0
111127,-0.08,80,0,0,0,0,0,0,0,0
111163,-0.14,71,0,0,0,0,0,0,0,0
111199,-0.12,60,0,0,0,0,0,0,0,0
111235,-0.22,50,0,0,0,0,0,0,0,0
111271,-0.23,47,0,0,0,0,0,0,0,0
111307,-0.17,53,0,0,0,0,0,0,0,0
111343,-0.16,72,0,0,0,0,0,0,0,0
111379,-0.18,123,0,0,0,0,0,0,0,0
111415,-0.13,208,0,0,0,0,0,0,0,0
111451,-0.10,288,0,0,0,0,0,0,0,0
111487,-0.17,312,0,0,0,0,0,0,0,0
111523,-0.15,268,0,0,0,0,0,0,0,0
111559,-0.17,182,0,0,0,0,0,0,0,0
111595,-0.24,94,0,0,0,0,0,0,0,0
111631,-0.18,35,0,0,0,0,0,0,0,0
111667,-0.08,16,0,0,0,0,0,0,0,0
111703,-0.20,26,0,0,0,0,0,0,0,0
111739,-0.16,45,0,0,0,0,0,0,0,0
111775,-0.21,58,0,0,0,0,0,0,0,0
111811,-0.17,63,0,0,0,0,0,0,0,0
111847,-0.18,60,0,0,0,0,0,0,0,0
111883,-0.22,51,0,0,0,0,0,0,0,0
111919,-0.22,36,0,0,0,0,0,0,0,0
111955,-0.25,21,0,0,0,0,0,0,0,0
111991,-0.21,-18,0,0,0,0,0,0,0,0
112027,-0.22,-111,0,0,0,0,0,0,0,0
112063,-0.19,-215,0,0,0,0,0,0,0,0
112099,-0.16,-258,0,0,0,0,0,0,0,0
112135,-0.19,-219,0,0,0,0,0,0,0,0
112171,-0.27,-131,0,0,0,0,0,0,0,0
112207,-0.27,-36,0,0,0,0,0,0,0,0
112243,-0.28,35,0,0,0,0,0,0,0,0
112279,-0.24,74,0,0,0,0,0,0,0,0
112315,-0.21,94,0,0,0,0,0,0,0,0
112351,-0.22,133,0,0,0,0,0,0,0,0
112387,-0.23,204,0,0,0,0,0,0,0,0
112423,-0.17,276,0,0,0,0,0,0,0,0
112459,-0.18,297,0,0,0,0,0,0,0,0
112495,-0.19,256,0,0,0,0,0,0,0,0
112531,-0.24,181,0,0,0,0,0,0,0,0
112567,-0.24,108,0,0,0,0,0,0,0,0
112603,-0.21,64,0,0,0,0,0,0,0,0
112639,-0.22,56,0,0,0,0,0,0,0,0
112675,-0.21,71,0,0,0,0,0,0,0,0
112711,-0.13,83,0,0,0,0,0,0,0,0
112747,-0.12,79,0,0,0,0,0,0,0,0
112783,-0.21,58,0,0,0,0,0,0,0,0
112819,-0.20,34,0,0,0,0,0,0,0,0
112855,-0.27,18,0,0,0,0,0,0,0,0
112891,-0.22,14,0,0,0,0,0,0,0,0
112927,-0.25,17,0,0,0,0,0,0,0,0
112963,-0.22,25,0,0,0,0,0,0,0,0
112999,-0.26,27,0,0,0,0,0,0,0,0
113035,-0.18,17,0,0,0,0,0,0,0,0
113071,-0.13,-2,0,0,0,0,0,0,0,0
113107,-0.16,-23,0,0,0,0,0,0,0,0
113143,-0.16,-36,0,0,0,0,0,0,0,0
113179,-0.21,-38,0,0,0,0,0,0,0,0
113215,-0.17,-34,0,0,0,0,0,0,0,0
113251,-0.15,-25,0,0,0,0,0,0,0,0
113287,-0.23,9,0,0,0,0,0,0,0,0
113323,-0.21,103,0,0,0,0,0,0,0,0
113359,-0.27,242,0,0,0,0,0,0,0,0
113395,-0.16,353,0,0,0,0,0,0,0,0
113431,-0.17,371,0,0,0,0,0,0,0,0
113467,-0.23,302,0,0,0,0,0,0,0,0
113503,-0.25,194,0,0,0,0,0,0,0,0
113539,-0.18,97,0,0,0,0,0,0,0,0
113575,-0.24,33,0,0,0,0,0,0,0,0
113611,-0.15,9,0,0,0,0,0,0,0,0
113647,-0.20,13,0,0,0,0,0,0,0,0
113683,-0.18,28,0,0,0,0,0,0,0,0
113719,-0.15,37,0,0,0,0,0,0,0,0
113755,-0.26,29,0,0,0,0,0,0,0,0
113791,-0.25,6,0,0,0,0,0,0,0,0
113827,-0.16,-20,0,0,0,0,0,0,0,0
113863,-0.20,-39,0,0,0,0,0,0,0,0
113899,-0.19,-46,0,0,0,0,0,0,0,0
113935,-0.10,-49,0,0,0,0,0,0,0,0
113971,-0.17,-50,0,0,0,0,0,0,0,0
114007,-0.19,-49,0,0,0,0,0,0,0,0
114043,-0.15,-46,0,0,0,0,0,0,0,0
114079,-0.16,-45,0,0,0,0,0,0,0,0
114115,-0.16,-46,0,0,0,0,0,0,0,0
114151,-0.24,-46,0,0,0,0,0,0,0,0
114187,-0.17,-42,0,0,0,0,0,0,0,0
114223,-0.29,-37,0,0,0,0,0,0,0,0
114259,-0.14,-26,0,0,0,0,0,0,0,0
114295,-0.14,12,0,0,0,0,0,0,0,0
114331,-0.17,101,0,0,0,0,0,0,0,0
114367,-0.15,212,0,0,0,0,0,0,0,0
114403,-0.17,286,0,0,0,0,0,0,0,0
114439,-0.15,283,0,0,0,0,0,0,0,0
114475,-0.17,219,0,0,0,0,0,0,0,0
114511,-0.07,175,0,0,0,0,0,0,0,0
114547,-0.18,255,0,0,0,0,0,0,0,0
114583,-0.23,454,0,0,0,0,0,0,0,0
114619,-0.10,664,0,0,0,0,0,0,0,0
114655,-0.07,806,0,0,0,0,0,0,0,0
114691,-0.19,868,0,0,0,0,0,0,0,0
114727,-0.17,695,0,0,0,0,0,0,0,0
114763,-0.20,123,0,0,0,0,0,0,0,0
114799,-0.20,-443,0,0,0,0,0,0,0,0
114835,-0.18,-493,0,0,0,0,0,0,0,0
114871,-0.17,-192,0,0,0,0,0,0,0,0
114907,-0.12,-151,0,0,0,0,0,0,0,0
114943,-0.11,-708,0,0,0,0,0,0,0,0
114979,-0.16,-1546,0,0,0,0,0,0,0,0
115015,-0.24,-2225,0,0,0,0,0,0,0,0
115051,-0.18,-2609,0,0,0,0,0,0,0,0
115087,-0.13,-2725,0,0,0,0,0,0,0,0
115123,-0.17,-2659,0,0,0,0,0,0,0,0
115159,-0.20,-2368,0,0,0,0,0,0,0,0
115195,-0.25,-1637,0,0,0,0,0,0,0,0
115231,-0.15,-514,0,0,0,0,0,0,0,0
115267,-0.13,582,0,0,0,0,0,0,0,0
115303,-0.10,1342,0,0,0,0,0,0,0,0
115339,-0.14,1729,0,0,0,0,0,0,0,0
115375,-0.15,1832,0,0,0,0,0,0,0,0
115411,-0.06,1764,0,0,0,0,0,0,0,0
115447,-0.16,1621,0,0,0,0,0,0,0,0
115483,-0.14,1464,0,0,0,0,0,0,0,0
115519,-0.16,1322,0,0,0,0,0,0,0,0
115555,-0.16,1206,0,0,0,0,0,0,0,0
115591,-0.18,1113,0,0,0,0,0,0,0,0
115627,-0.15,1038,0,0,0,0,0,0,0,0
115663,-0.09,975,0,0,0,0,0,0,0,0
115699,-0.09,918,0,0,0,0,0,0,0,0
115735,-0.12,865,0,0,0,0,0,0,0,0
115771,-0.06,815,0,0,0,0,0,0,0,0
115807,-0.16,767,0,0,0,0,0,0,0,0
115843,-0.14,721,0,0,0,0,0,0,0,0
115879,-0.25,677,0,0,0,0,0,0,0,0
115915,-0.06,636,0,0,0,0,0,0,0,0
115951,-0.24,597,0,0,0,0,0,0,0,0
115987,-0.18,560,0,0,0,0,0,0,0,0
116023,-0.16,526,0,0,0,0,0,0,0,0
116059,-0.28,494,0,0,0,0,0,0,0,0
116095,-0.20,306,0,0,0,0,0,0,0,0
116131,-0.22,-177,0,0,0,0,0,0,0,0
116167,-0.21,-604,0,0,0,0,0,0,0,0
116203,-0.18,-589,0,0,0,0,0,0,0,0
116239,-0.17,-270,0,0,0,0,0,0,0,0
116275,-0.15,78,0,0,0,0,0,0,0,0
116311,-0.27,336,0,0,0,0,0,0,0,0
116347,-0.14,397,0,0,0,0,0,0,0,0
116383,-0.19,164,0,0,0,0,0,0,0,0
116419,-0.19,-224,0,0,0,0,0,0,0,0
116455,-0.19,-464,0,0,0,0,0,0,0,0
116491,-0.22,-404,0,0,0,0,0,0,0,0
116527,-0.22,-144,0,0,0,0,0,0,0,0
116563,-0.29,91,0,0,0,0,0,0,0,0
116599,-0.12,140,0,0,0,0,0,0,0,0
116635,-0.21,5,0,0,0,0,0,0,0,0
116671,-0.11,-207,0,0,0,0,0,0,0,0
116707,-0.24,-403,0,0,0,0,0,0,0,0
116743,-0.09,-532,0,0,0,0,0,0,0,0
116779,-0.13,-587,0,0,0,0,0,0,0,0
116815,-0.10,-588,0,0,0,0,0,0,0,0
116851,-0.14,-567,0,0,0,0,0,0,0,0
116887,-0.17,-550,0,0,0,0,0,0,0,0
116923,-0.12,-548,0,0,0,0,0,0,0,0
116959,-0.20,-557,0,0,0,0,0,0,0,0
116995,-0.18,-565,0,0,0,0,0,0,0,0
117031,-0.16,-502,0,0,0,0,0,0,0,0
117067,-0.11,-268,0,0,0,0,0,0,0,0
117103,-0.20,104,0,0,0,0,0,0,0,0
117139,-0.19,460,0,0,0,0,0,0,0,0
117175,-0.13,700,0,0,0,0,0,0,0,0
117211,-0.13,775,0,0,0,0,0,0,0,0
117247,-0.22,600,0,0,0,0,0,0,0,0
117283,-0.15,188,0,0,0,0,0,0,0,0
117319,-0.23,-236,0,0,0,0,0,0,0,0
117355,-0.15,-446,0,0,0,0,0,0,0,0
117391,-0.19,-402,0,0,0,0,0,0,0,0
117427,-0.08,-227,0,0,0,0,0,0,0,0
117463,-0.24,-84,0,0,0,0,0,0,0,0
117499,-0.18,-64,0,0,0,0,0,0,0,0
117535,-0.15,-155,0,0,0,0,0,0,0,0
117571,-0.11,-299,0,0,0,0,0,0,0,0
117607,-0.15,-437,0,0,0,0,0,0,0,0
117643,-0.16,-530,0,0,0,0,0,0,0,0
117679,-0.13,-574,0,0,0,0,0,0,0,0
117715,-0.13,-575,0,0,0,0,0,0,0,0
117751,-0.13,-545,0,0,0,0,0,0,0,0
117787,-0.19,-508,0,0,0,0,0,0,0,0
117823,-0.19,-482,0,0,0,0,0,0,0,0
117859,-0.17,-475,0,0,0,0,0,0,0,0
117895,-0.09,-481,0,0,0,0,0,0,0,0
117931,-0.14,-493,0,0,0,0,0,0,0,0
117967,-0.17,-471,0,0,0,0,0,0,0,0
118003,-0.14,-289,0,0,0,0,0,0,0,0
118039,-0.19,105,0,0,0,0,0,0,0,0
118075,-0.12,551,0,0,0,0,0,0,0,0
118111,-0.18,880,0,0,0,0,0,0,0,0
118147,-0.22,1002,0,0,0,0,0,0,0,0
118183,-0.19,852,0,0,0,0,0,0,0,0
118219,-0.17,492,0,0,0,0,0,0,0,0
118255,-0.15,108,0,0,0,0,0,0,0,0
118291,-0.19,-149,0,0,0,0,0,0,0,0
118327,-0.17,-245,0,0,0,0,0,0,0,0
118363,-0.14,-236,0,0,0,0,0,0,0,0
118399,-0.09,-213,0,0,0,0,0,0,0,0
118435,-0.06,-235,0,0,0,0,0,0,0,0
118471,-0.20,-311,0,0,0,0,0,0,0,0
118507,-0.16,-416,0,0,0,0,0,0,0,0
118543,-0.16,-510,0,0,0,0,0,0,0,0
118579,-0.22,-562,0,0,0,0,0,0,0,0
118615,-0.16,-567,0,0,0,0,0,0,0,0
118651,-0.17,-539,0,0,0,0,0,0,0,0
118687,-0.07,-494,0,0,0,0,0,0,0,0
118723,-0.18,-441,0,0,0,0,0,0,0,0
118759,-0.17,-392,0,0,0,0,0,0,0,0
118795,-0.10,-356,0,0,0,0,0,0,0,0
118831,-0.17,-331,0,0,0,0,0,0,0,0
118867,-0.17,-314,0,0,0,0,0,0,0,0
118903,-0.20,-298,0,0,0,0,0,0,0,0
118939,-0.15,-260,0,0,0,0,0,0,0,0
118975,-0.18,-84,0,0,0,0,0,0,0,0
119011,-0.14,293,0,0,0,0,0,0,0,0
119047,-0.16,725,0,0,0,0,0,0,0,0
119083,-0.13,1040,0,0,0,0,0,0,0,0
119119,-0.19,1161,0,0,0,0,0,0,0,0
119155,-0.24,1036,0,0,0,0,0,0,0,0
119191,-0.25,717,0,0,0,0,0,0,0,0
119227,-0.21,363,0,0,0,0,0,0,0,0
119263,-0.18,111,0,0,0,0,0,0,0,0
119299,-0.13,-2,0,0,0,0,0,0,0,0
119335,-0.24,-21,0,0,0,0,0,0,0,0
119371,-0.21,-20,0,0,0,0,0,0,0,0
119407,-0.17,-54,0,0,0,0,0,0,0,0
119443,-0.23,-124,0,0,0,0,0,0,0,0
119479,-0.12,-204,0,0,0,0,0,0,0,0
119515,-0.20,-268,0,0,0,0,0,0,0,0
119551,-0.24,-308,0,0,0,0,0,0,0,0
119587,-0.13,-331,0,0,0,0,0,0,0,0
119623,-0.18,-341,0,0,0,0,0,0,0,0
119659,-0.13,-340,0,0,0,0,0,0,0,0
119695,-0.22,-328,0,0,0,0,0,0,0,0
119731,-0.17,-302,0,0,0,0,0,0,0,0
119767,-0.13,-272,0,0,0,0,0,0,0,0
119803,-0.17,-252,0,0,0,0,0,0,0,0
119839,-0.07,-246,0,0,0,0,0,0,0,0
119875,-0.20,-252,0,0,0,0,0,0,0,0
119911,-0.16,-265,0,0,0,0,0,0,0,0
119947,-0.17,-253,0,0,0,0,0,0,0,0
119983,-0.18,-99,0,0,0,0,0,0,0,0
120019,-0.20,259,0,0,0,0,0,0,0,0
120055,-0.20,675,0,0,0,0,0,0,0,0
120091,-0.17,981,0,0,0,0,0,0,0,0
120127,-0.13,1080,0,0,0,0,0,0,0,0
120163,-0.12,911,0,0,0,0,0,0,0,0
120199,-0.14,556,0,0,0,0,0,0,0,0
120235,-0.21,194,0,0,0,0,0,0,0,0
120271,-0.26,-47,0,0,0,0,0,0,0,0
120307,-0.20,-140,0,0,0,0,0,0,0,0
120343,-0.21,-135,0,0,0,0,0,0,0,0
120379,-0.15,-110,0,0,0,0,0,0,0,0
120415,-0.16,-119,0,0,0,0,0,0,0,0
120451,-0.14,-176,0,0,0,0,0,0,0,0
120487,-0.13,-261,0,0,0,0,0,0,0,0
120523,-0.09,-344,0,0,0,0,0,0,0,0
120559,-0.15,-402,0,0,0,0,0,0,0,0
120595,-0.17,-424,0,0,0,0,0,0,0,0
120631,-0.15,-417,0,0,0,0,0,0,0,0
120667,-0.14,-395,0,0,0,0,0,0,0,0
120703,-0.22,-370,0,0,0,0,0,0,0,0
120739,-0.13,-346,0,0,0,0,0,0,0,0
120775,-0.19,-327,0,0,0,0,0,0,0,0
120811,-0.11,-311,0,0,0,0,0,0,0,0
120847,-0.24,-292,0,0,0,0,0,0,0,0
120883,-0.23,-268,0,0,0,0,0,0,0,0
120919,-0.13,-240,0,0,0,0,0,0,0,0
120955,-0.17,-164,0,0,0,0,0,0,0,0
120991,-0.17,55,0,0,0,0,0,0,0,0
121027,-0.14,429,0,0,0,0,0,0,0,0
121063,-0.25,807,0,0,0,0,0,0,0,0
121099,-0.17,1055,0,0,0,0,0,0,0,0
121135,-0.25,1072,0,0,0,0,0,0,0,0
121171,-0.18,815,0,0,0,0,0,0,0,0
121207,-0.22,423,0,0,0,0,0,0,0,0
121243,-0.23,114,0,0,0,0,0,0,0,0
121279,-0.20,-1,0,0,0,0,0,0,0,0
121315,-0.20,47,0,0,0,0,0,0,0,0
121351,-0.22,149,0,0,0,0,0,0,0,0
121387,-0.16,195,0,0,0,0,0,0,0,0
121423,-0.25,148,0,0,0,0,0,0,0,0
121459,-0.16,46,0,0,0,0,0,0,0,0
121495,-0.14,-59,0,0,0,0,0,0,0,0
121531,-0.10,-139,0,0,0,0,0,0,0,0
121567,-0.19,-178,0,0,0,0,0,0,0,0
121603,-0.16,-180,0,0,0,0,0,0,0,0
121639,-0.09,-167,0,0,0,0,0,0,0,0
121675,-0.17,-163,0,0,0,0,0,0,0,0
121711,-0.17,-173,0,0,0,0,0,0,0,0
121747,-0.14,-196,0,0,0,0,0,0,0,0
121783,-0.15,-229,0,0,0,0,0,0,0,0
121819,-0.17,-270,0,0,0,0,0,0,0,0
121855,-0.23,-300,0,0,0,0,0,0,0,0
121891,-0.22,-268,0,0,0,0,0,0,0,0
121927,-0.12,-77,0,0,0,0,0,0,0,0
121963,-0.14,277,0,0,0,0,0,0,0,0
121999,-0.21,647,0,0,0,0,0,0,0,0
122035,-0.17,906,0,0,0,0,0,0,0,0
122071,-0.14,952,0,0,0,0,0,0,0,0
122107,-0.21,670,0,0,0,0,0,0,0,0
122143,-0.18,153,0,0,0,0,0,0,0,0
122179,-0.12,-275,0,0,0,0,0,0,0,0
122215,-0.21,-365,0,0,0,0,0,0,0,0
122251,-0.15,-116,0,0,0,0,0,0,0,0
122287,-0.24,239,0,0,0,0,0,0,0,0
122323,-0.19,445,0,0,0,0,0,0,0,0
122359,-0.17,407,0,0,0,0,0,0,0,0
122395,-0.19,196,0,0,0,0,0,0,0,0
122431,-0.24,-60,0,0,0,0,0,0,0,0
122467,-0.23,-259,0,0,0,0,0,0,0,0
122503,-0.09,-360,0,0,0,0,0,0,0,0
122539,-0.19,-375,0,0,0,0,0,0,0,0
122575,-0.09,-351,0,0,0,0,0,0,0,0
122611,-0.14,-327,0,0,0,0,0,0,0,0
122647,-0.19,-314,0,0,0,0,0,0,0,0
122683,-0.14,-299,0,0,0,0,0,0,0,0
122719,-0.13,-262,0,0,0,0,0,0,0,0
122755,-0.19,-201,0,0,0,0,0,0,0,0
122791,-0.12,-123,0,0,0,0,0,0,0,0
122827,-0.20,-14,0,0,0,0,0,0,0,0
122863,-0.17,182,0,0,0,0,0,0,0,0
122899,-0.18,462,0,0,0,0,0,0,0,0
122935,-0.16,724,0,0,0,0,0,0,0,0
122971,-0.19,891,0,0,0,0,0,0,0,0
123007,-0.11,959,0,0,0,0,0,0,0,0
123043,-0.22,953,0,0,0,0,0,0,0,0
123079,-0.18,904,0,0,0,0,0,0,0,0
123115,-0.24,838,0,0,0,0,0,0,0,0
123151,-0.10,771,0,0,0,0,0,0,0,0
123187,-0.19,709,0,0,0,0,0,0,0,0
123223,-0.11,593,0,0,0,0,0,0,0,0
123259,-0.18,322,0,0,0,0,0,0,0,0
123295,-0.15,-60,0,0,0,0,0,0,0,0
123331,-0.08,-406,0,0,0,0,0,0,0,0
123367,-0.18,-633,0,0,0,0,0,0,0,0
123403,-0.21,-735,0,0,0,0,0,0,0,0
123439,-0.21,-749,0,0,0,0,0,0,0,0
123475,-0.20,-720,0,0,0,0,0,0,0,0
123511,-0.23,-681,0,0,0,0,0,0,0,0
123547,-0.19,-664,0,0,0,0,0,0,0,0
123583,-0.21,-678,0,0,0,0,0,0,0,0
123619,-0.18,-706,0,0,0,0,0,0,0,0
123655,-0.15,-730,0,0,0,0,0,0,0,0
123691,-0.18,-742,0,0,0,0,0,0,0,0
123727,-0.17,-749,0,0,0,0,0,0,0,0
123763,-0.18,-778,0,0,0,0,0,0,0,0
123799,-0.20,-830,0,0,0,0,0,0,0,0
123835,-0.19,-785,0,0,0,0,0,0,0,0
123871,-0.16,-474,0,0,0,0,0,0,0,0
123907,-0.23,63,0,0,0,0,0,0,0,0
123943,-0.21,518,0,0,0,0,0,0,0,0
123979,-0.24,597,0,0,0,0,0,0,0,0
124015,-0.19,301,0,0,0,0,0,0,0,0
124051,-0.06,-196,0,0,0,0,0,0,0,0
124087,-0.15,-751,0,0,0,0,0,0,0,0
124123,-0.26,-1219,0,0,0,0,0,0,0,0
124159,-0.20,-1443,0,0,0,0,0,0,0,0
124195,-0.09,-1345,0,0,0,0,0,0,0,0
124231,-0.14,-977,0,0,0,0,0,0,0,0
124267,-0.21,-477,0,0,0,0,0,0,0,0
124303,-0.21,-4,0,0,0,0,0,0,0,0
124339,-0.22,250,0,0,0,0,0,0,0,0
124375,-0.10,128,0,0,0,0,0,0,0,0
124411,-0.21,-307,0,0,0,0,0,0,0,0
124447,-0.22,-807,0,0,0,0,0,0,0,0
124483,-0.18,-1141,0,0,0,0,0,0,0,0
124519,-0.16,-1247,0,0,0,0,0,0,0,0
124555,-0.18,-1169,0,0,0,0,0,0,0,0
124591,-0.17,-966,0,0,0,0,0,0,0,0
124627,-0.20,-773,0,0,0,0,0,0,0,0
124663,-0.17,-740,0,0,0,0,0,0,0,0
124699,-0.15,-818,0,0,0,0,0,0,0,0
124735,-0.12,-784,0,0,0,0,0,0,0,0
124771,-0.23,-410,0,0,0,0,0,0,0,0
124807,-0.14,302,0,0,0,0,0,0,0,0
124843,-0.21,1056,0,0,0,0,0,0,0,0
124879,-0.17,1590,0,0,0,0,0,0,0,0
124915,-0.15,1858,0,0,0,0,0,0,0,0
124951,-0.08,1835,0,0,0,0,0,0,0,0
124987,-0.14,1460,0,0,0,0,0,0,0,0
125023,-0.22,915,0,0,0,0,0,0,0,0
125059,-0.26,598,0,0,0,0,0,0,0,0
125095,-0.21,649,0,0,0,0,0,0,0,0
125131,-0.18,882,0,0,0,0,0,0,0,0
125167,-0.25,836,0,0,0,0,0,0,0,0
125203,-0.20,145,0,0,0,0,0,0,0,0
125239,-0.09,-597,0,0,0,0,0,0,0,0
125275,-0.21,-600,0,0,0,0,0,0,0,0
125311,-0.33,-38,0,0,0,0,0,0,0,0
125347,-0.22,581,0,0,0,0,0,0,0,0
125383,-0.16,1034,0,0,0,0,0,0,0,0
125419,-0.17,1275,0,0,0,0,0,0,0,0
125455,-0.18,1342,0,0,0,0,0,0,0,0
125491,-0.25,1301,0,0,0,0,0,0,0,0
125527,-0.18,1209,0,0,0,0,0,0,0,0
125563,-0.23,1103,0,0,0,0,0,0,0,0
125599,-0.18,1004,0,0,0,0,0,0,0,0
125635,-0.17,921,0,0,0,0,0,0,0,0
125671,-0.19,852,0,0,0,0,0,0,0,0
125707,-0.21,795,0,0,0,0,0,0,0,0
125743,-0.27,746,0,0,0,0,0,0,0,0
125779,-0.22,701,0,0,0,0,0,0,0,0
125815,-0.21,660,0,0,0,0,0,0,0,0
125851,-0.20,622,0,0,0,0,0,0,0,0
125887,-0.19,585,0,0,0,0,0,0,0,0
125923,-0.22,550,0,0,0,0,0,0,0,0
125959,-0.15,516,0,0,0,0,0,0,0,0
125995,-0.17,485,0,0,0,0,0,0,0,0
126031,-0.10,455,0,0,0,0,0,0,0,0
126067,-0.20,427,0,0,0,0,0,0,0,0
126103,-0.19,401,0,0,0,0,0,0,0,0
126139,-0.22,377,0,0,0,0,0,0,0,0
126175,-0.24,354,0,0,0,0,0,0,0,0
126211,-0.22,332,0,0,0,0,0,0,0,0
126247,-0.14,312,0,0,0,0,0,0,0,0
126283,-0.18,293,0,0,0,0,0,0,0,0
126319,-0.16,275,0,0,0,0,0,0,0,0
126355,-0.21,258,0,0,0,0,0,0,0,0
126391,-0.19,242,0,0,0,0,0,0,0,0
126427,-0.15,228,0,0,0,0,0,0,0,0
126463,-0.20,214,0,0,0,0,0,0,0,0
126499,-0.16,201,0,0,0,0,0,0,0,0
126535,-0.20,188,0,0,0,0,0,0,0,0
126571,-0.21,177,0,0,0,0,0,0,0,0
126607,-0.17,166,0,0,0,0,0,0,0,0
126643,-0.20,156,0,0,0,0,0,0,0,0
126679,-0.20,146,0,0,0,0,0,0,0,0
126715,-0.18,138,0,0,0,0,0,0,0,0
126751,-0.14,129,0,0,0,0,0,0,0,0
126787,-0.18,121,0,0,0,0,0,0,0,0
126823,-0.21,114,0,0,0,0,0,0,0,0
126859,-0.15,107,0,0,0,0,0,0,0,0
126895,-0.13,100,0,0,0,0,0,0,0,0
126931,-0.20,94,0,0,0,0,0,0,0,0
126967,-0.17,88,0,0,0,0,0,0,0,0
127003,-0.19,83,0,0,0,0,0,0,0,0
127039,-0.14,78,0,0,0,0,0,0,0,0
127075,-0.22,73,0,0,0,0,0,0,0,0
127111,-0.14,69,0,0,0,0,0,0,0,0
127147,-0.14,64,0,0,0,0,0,0,0,0
127183,-0.20,60,0,0,0,0,0,0,0,0
127219,-0.13,57,0,0,0,0,0,0,0,0
127255,-0.13,53,0,0,0,0,0,0,0,0
127291,-0.21,50,0,0,0,0,0,0,0,0
127327,-0.22,47,0,0,0,0,0,0,0,0
127363,-0.20,44,0,0,0,0,0,0,0,0
127399,-0.18,41,0,0,0,0,0,0,0,0
127435,-0.25,39,0,0,0,0,0,0,0,0
127471,-0.14,36,0,0,0,0,0,0,0,0
127507,-0.12,34,0,0,0,0,0,0,0,0
127543,-0.18,32,0,0,0,0,0,0,0,0
127579,-0.15,30,0,0,0,0,0,0,0,0
127615,-0.20,28,0,0,0,0,0,0,0,0
127651,-0.22,26,0,0,0,0,0,0,0,0
127687,-0.16,25,0,0,0,0,0,0,0,0
127723,-0.18,23,0,0,0,0,0,0,0,0
127759,-0.21,22,0,0,0,0,0,0,0,0
127795,-0.14,20,0,0,0,0,0,0,0,0
127831,-0.16,19,0,0,0,0,0,0,0,0
127867,-0.25,18,0,0,0,0,0,0,0,0
127903,-0.19,17,0,0,0,0,0,0,0,0
127939,-0.17,16,0,0,0,0,0,0,0,0
127975,-0.24,15,0,0,0,0,0,0,0,0
128011,-0.19,14,0,0,0,0,0,0,0,0
128047,-0.24,13,0,0,0,0,0,0,0,0
128083,-0.22,12,0,0,0,0,0,0,0,0
128119,-0.08,11,0,0,0,0,0,0,0,0
128155,-0.17,11,0,0,0,0,0,0,0,0
128191,-0.14,10,0,0,0,0,0,0,0,0
128227,-0.15,9,0,0,0,0,0,0,0,0
128263,-0.16,9,0,0,0,0,0,0,0,0
128299,-0.18,8,0,0,0,0,0,0,0,0
128335,-0.26,8,0,0,0,0,0,0,0,0
128371,-0.15,-260,0,0,0,0,0,0,0,0
128407,-0.18,-1086,0,0,0,0,0,0,0,0
128443,-0.15,-2139,0,0,0,0,0,0,0,0
128479,-0.21,-2941,0,0,0,0,0,0,0,0
128515,-0.01,-3365,0,0,0,0,0,0,0,0
128551,-0.13,-3465,0,0,0,0,0,0,0,0
128587,-0.13,-3353,0,0,0,0,0,0,0,0
128623,-0.14,-3137,0,0,0,0,0,0,0,0
128659,-0.15,-2891,0,0,0,0,0,0,0,0
128695,-0.19,-2657,0,0,0,0,0,0,0,0
128731,-0.12,-2452,0,0,0,0,0,0,0,0
128767,-0.22,-2277,0,0,0,0,0,0,0,0
128803,-0.18,-2126,0,0,0,0,0,0,0,0
128839,-0.19,-1994,0,0,0,0,0,0,0,0
128875,-0.15,-1875,0,0,0,0,0,0,0,0
128911,-0.05,-1764,0,0,0,0,0,0,0,0
128947,-0.10,-1659,0,0,0,0,0,0,0,0
128983,-0.20,-1560,0,0,0,0,0,0,0,0
129019,-0.23,-1466,0,0,0,0,0,0,0,0
129055,-0.23,-1377,0,0,0,0,0,0,0,0
129091,-0.11,-1293,0,0,0,0,0,0,0,0
129127,-0.12,-1214,0,0,0,0,0,0,0,0
129163,-0.20,-1140,0,0,0,0,0,0,0,0
129199,-0.20,-1071,0,0,0,0,0,0,0,0
129235,-0.21,-1005,0,0,0,0,0,0,0,0
129271,-0.21,-944,0,0,0,0,0,0,0,0
129307,-0.20,-886,0,0,0,0,0,0,0,0
129343,-0.19,-832,0,0,0,0,0,0,0,0
129379,-0.17,-782,0,0,0,0,0,0,0,0
129415,-0.19,-734,0,0,0,0,0,0,0,0
129451,-0.16,-689,0,0,0,0,0,0,0,0
129487,-0.24,-647,0,0,0,0,0,0,0,0
129523,-0.20,-608,0,0,0,0,0,0,0,0
129559,-0.22,-571,0,0,0,0,0,0,0,0
129595,-0.14,-536,0,0,0,0,0,0,0,0
129631,-0.20,-503,0,0,0,0,0,0,0,0
129667,-0.23,-473,0,0,0,0,0,0,0,0
129703,-0.20,-444,0,0,0,0,0,0,0,0
129739,-0.19,-417,0,0,0,0,0,0,0,0
129775,-0.14,-391,0,0,0,0,0,0,0,0
129811,-0.23,-368,0,0,0,0,0,0,0,0
129847,-0.16,-345,0,0,0,0,0,0,0,0
129883,-0.14,-324,0,0,0,0,0,0,0,0
129919,-0.13,-304,0,0,0,0,0,0,0,0
129955,-0.09,-286,0,0,0,0,0,0,0,0
129991,-0.14,-268,0,0,0,0,0,0,0,0
130027,-0.11,-252,0,0,0,0,0,0,0,0
130063,-0.19,-237,0,0,0,0,0,0,0,0
130099,-0.18,-222,0,0,0,0,0,0,0,0
130135,-0.16,-209,0,0,0,0,0,0,0,0
130171,-0.18,-196,0,0,0,0,0,0,0,0
130207,-0.17,-184,0,0,0,0,0,0,0,0
130243,-0.14,-173,0,0,0,0,0,0,0,0
130279,-0.16,-162,0,0,0,0,0,0,0,0
130315,-0.18,-152,0,0,0,0,0,0,0,0
130351,-0.10,-143,0,0,0,0,0,0,0,0
130387,-0.18,-134,0,0,0,0,0,0,0,0
130423,-0.13,-126,0,0,0,0,0,0,0,0
130459,-0.19,-118,0,0,0,0,0,0,0,0
130495,-0.15,-111,0,0,0,0,0,0,0,0
130531,-0.15,-104,0,0,0,0,0,0,0,0
130567,-0.22,-98,0,0,0,0,0,0,0,0
130603,-0.21,-92,0,0,0,0,0,0,0,0
130639,-0.13,-86,0,0,0,0,0,0,0,0
130675,-0.13,-81,0,0,0,0,0,0,0,0
130711,-0.15,-76,0,0,0,0,0,0,0,0
130747,-0.22,-71,0,0,0,0,0,0,0,0
130783,-0.16,-67,0,0,0,0,0,0,0,0
130819,-0.13,-63,0,0,0,0,0,0,0,0
130855,-0.14,-59,0,0,0,0,0,0,0,0
130891,-0.19,-55,0,0,0,0,0,0,0,0
130927,-0.23,-52,0,0,0,0,0,0,0,0
130963,-0.20,-49,0,0,0,0,0,0,0,0
130999,-0.09,-46,0,0,0,0,0,0,0,0
131035,-0.20,-43,0,0,0,0,0,0,0,0
131071,-0.12,-40,0,0,0,0,0,0,0,0
131107,-0.16,-38,0,0,0,0,0,0,0,0
131143,-0.24,-35,0,0,0,0,0,0,0,0
131179,-0.22,-33,0,0,0,0,0,0,0,0
131215,-0.21,-31,0,0,0,0,0,0,0,0
131251,-0.18,-29,0,0,0,0,0,0,0,0
131287,-0.05,-27,0,0,0,0,0,0,0,0
131323,-0.09,-26,0,0,0,0,0,0,0,0
131359,-0.17,-24,0,0,0,0,0,0,0,0
131395,-0.21,-23,0,0,0,0,0,0,0,0
131431,-0.22,-21,0,0,0,0,0,0,0,0
131467,-0.17,-20,0,0,0,0,0,0,0,0
131503,-0.22,-19,0,0,0,0,0,0,0,0
131539,-0.17,-18,0,0,0,0,0,0,0,0
131575,-0.22,-16,0,0,0,0,0,0,0,0
131611,-0.19,-15,0,0,0,0,0,0,0,0
131647,-0.15,-14,0,0,0,0,0,0,0,0
131683,-0.24,-14,0,0,0,0,0,0,0,0
131719,-0.13,-13,0,0,0,0,0,0,0,0
131755,-0.16,-12,0,0,0,0,0,0,0,0
131791,-0.12,-11,0,0,0,0,0,0,0,0
131827,-0.12,-10,0,0,0,0,0,0,0,0
131863,-0.23,-10,0,0,0,0,0,0,0,0
131899,-0.18,-9,0,0,0,0,0,0,0,0
131935,-0.16,-9,0,0,0,0,0,0,0,0
131971,-0.21,-8,0,0,0,0,0,0,0,0
132007,-0.18,-7,0,0,0,0,0,0,0,0
132043,-0.27,-7,0,0,0,0,0,0,0,0
132079,-0.18,-7,0,0,0,0,0,0,0,0
132115,-0.14,-6,0,0,0,0,0,0,0,0
132151,-0.11,-6,0,0,0,0,0,0,0,0
132187,-0.18,-5,0,0,0,0,0,0,0,0
132223,-0.23,-5,0,0,0,0,0,0,0,0
132259,-0.20,-5,0,0,0,0,0,0,0,0
132295,-0.19,-4,0,0,0,0,0,0,0,0
132331,-0.22,-4,0,0,0,0,0,0,0,0
132367,-0.11,-4,0,0,0,0,0,0,0,0
132403,-0.13,-3,0,0,0,0,0,0,0,0
132439,-0.14,-3,0,0,0,0,0,0,0,0
132475,-0.12,92,0,0,0,0,0,0,0,0
132511,-0.22,497,0,0,0,0,0,0,0,0
132547,-0.21,1258,0,0,0,0,0,0,0,0
132583,-0.18,2104,0,0,0,0,0,0,0,0
132619,-0.14,2682,0,0,0,0,0,0,0,0
132655,-0.15,2846,0,0,0,0,0,0,0,0
132691,-0.11,2683,0,0,0,0,0,0,0,0
132727,-0.15,2368,0,0,0,0,0,0,0,0
132763,-0.13,2049,0,0,0,0,0,0,0,0
132799,-0.14,1802,0,0,0,0,0,0,0,0
132835,-0.15,1637,0,0,0,0,0,0,0,0
132871,-0.06,1531,0,0,0,0,0,0,0,0
132907,-0.16,1458,0,0,0,0,0,0,0,0
132943,-0.21,1397,0,0,0,0,0,0,0,0
132979,-0.24,1338,0,0,0,0,0,0,0,0
133015,-0.15,1272,0,0,0,0,0,0,0,0
133051,-0.24,1198,0,0,0,0,0,0,0,0
133087,-0.13,1121,0,0,0,0,0,0,0,0
133123,-0.21,1047,0,0,0,0,0,0,0,0
133159,-0.18,980,0,0,0,0,0,0,0,0
133195,-0.19,920,0,0,0,0,0,0,0,0
133231,-0.12,866,0,0,0,0,0,0,0,0
133267,-0.16,819,0,0,0,0,0,0,0,0
133303,-0.13,775,0,0,0,0,0,0,0,0
133339,-0.12,732,0,0,0,0,0,0,0,0
133375,-0.24,690,0,0,0,0,0,0,0,0
133411,-0.11,647,0,0,0,0,0,0,0,0
133447,-0.13,606,0,0,0,0,0,0,0,0
133483,-0.21,569,0,0,0,0,0,0,0,0
133519,-0.17,537,0,0,0,0,0,0,0,0
133555,-0.18,509,0,0,0,0,0,0,0,0
133591,-0.15,483,0,0,0,0,0,0,0,0
133627,-0.20,457,0,0,0,0,0,0,0,0
133663,-0.17,431,0,0,0,0,0,0,0,0
133699,-0.16,406,0,0,0,0,0,0,0,0
133735,-0.15,384,0,0,0,0,0,0,0,0
133771,-0.16,364,0,0,0,0,0,0,0,0
133807,-0.18,345,0,0,0,0,0,0,0,0
133843,-0.14,327,0,0,0,0,0,0,0,0
133879,-0.27,311,0,0,0,0,0,0,0,0
133915,-0.27,299,0,0,0,0,0,0,0,0
133951,-0.21,287,0,0,0,0,0,0,0,0
133987,-0.20,272,0,0,0,0,0,0,0,0
134023,-0.21,250,0,0,0,0,0,0,0,0
134059,-0.28,226,0,0,0,0,0,0,0,0
134095,-0.27,205,0,0,0,0,0,0,0,0
134131,-0.19,191,0,0,0,0,0,0,0,0
134167,-0.25,182,0,0,0,0,0,0,0,0
134203,-0.20,177,0,0,0,0,0,0,0,0
134239,-0.18,171,0,0,0,0,0,0,0,0
134275,-0.17,164,0,0,0,0,0,0,0,0
134311,-0.20,154,0,0,0,0,0,0,0,0
134347,-0.22,144,0,0,0,0,0,0,0,0
134383,-0.14,136,0,0,0,0,0,0,0,0
134419,-0.14,129,0,0,0,0,0,0,0,0
134455,-0.21,122,0,0,0,0,0,0,0,0
134491,-0.12,115,0,0,0,0,0,0,0,0
134527,-0.19,108,0,0,0,0,0,0,0,0
134563,-0.18,101,0,0,0,0,0,0,0,0
134599,-0.17,95,0,0,0,0,0,0,0,0
134635,-0.15,89,0,0,0,0,0,0,0,0
134671,-0.22,85,0,0,0,0,0,0,0,0
134707,-0.24,81,0,0,0,0,0,0,0,0
134743,-0.18,77,0,0,0,0,0,0,0,0
134779,-0.17,72,0,0,0,0,0,0,0,0
134815,-0.20,68,0,0,0,0,0,0,0,0
134851,-0.20,64,0,0,0,0,0,0,0,0
134887,-0.20,64,0,0,0,0,0,0,0,0
134923,-0.17,67,0,0,0,0,0,0,0,0
134959,-0.22,70,0,0,0,0,0,0,0,0
134995,-0.16,67,0,0,0,0,0,0,0,0
135031,-0.17,59,0,0,0,0,0,0,0,0
135067,-0.17,49,0,0,0,0,0,0,0,0
135103,-0.20,40,0,0,0,0,0,0,0,0
135139,-0.14,35,0,0,0,0,0,0,0,0
135175,-0.20,34,0,0,0,0,0,0,0,0
135211,-0.11,35,0,0,0,0,0,0,0,0
135247,-0.16,35,0,0,0,0,0,0,0,0
135283,-0.25,33,0,0,0,0,0,0,0,0
135319,-0.19,31,0,0,0,0,0,0,0,0
135355,-0.22,28,0,0,0,0,0,0,0,0
135391,-0.17,27,0,0,0,0,0,0,0,0
135427,-0.19,26,0,0,0,0,0,0,0,0
135463,-0.19,28,0,0,0,0,0,0,0,0
135499,-0.16,30,0,0,0,0,0,0,0,0
135535,-0.22,29,0,0,0,0,0,0,0,0
135571,-0.21,27,0,0,0,0,0,0,0,0
135607,-0.21,23,0,0,0,0,0,0,0,0
135643,-0.20,21,0,0,0,0,0,0,0,0
135679,-0.21,23,0,0,0,0,0,0,0,0
135715,-0.13,26,0,0,0,0,0,0,0,0
135751,-0.14,26,0,0,0,0,0,0,0,0
135787,-0.14,23,0,0,0,0,0,0,0,0
135823,-0.24,20,0,0,0,0,0,0,0,0
135859,-0.23,18,0,0,0,0,0,0,0,0
135895,-0.20,21,0,0,0,0,0,0,0,0
135931,-0.20,25,0,0,0,0,0,0,0,0
135967,-0.16,27,0,0,0,0,0,0,0,0
136003,-0.16,26,0,0,0,0,0,0,0,0
136039,-0.14,19,0,0,0,0,0,0,0,0
136075,-0.21,10,0,0,0,0,0,0,0,0
136111,-0.12,2,0,0,0,0,0,0,0,0
136147,-0.25,-3,0,0,0,0,0,0,0,0
136183,-0.11,-4,0,0,0,0,0,0,0,0
136219,-0.16,1,0,0,0,0,0,0,0,0
136255,-0.16,9,0,0,0,0,0,0,0,0
136291,-0.15,15,0,0,0,0,0,0,0,0
136327,-0.20,16,0,0,0,0,0,0,0,0
136363,-0.21,13,0,0,0,0,0,0,0,0
136399,-0.16,8,0,0,0,0,0,0,0,0
136435,-0.20,4,0,0,0,0,0,0,0,0
136471,-0.16,2,0,0,0,0,0,0,0,0
136507,-0.12,1,0,0,0,0,0,0,0,0
136543,-0.17,1,0,0,0,0,0,0,0,0
136579,-0.09,3,0,0,0,0,0,0,0,0
136615,-0.15,5,0,0,0,0,0,0,0,0
136651,-0.07,7,0,0,0,0,0,0,0,0
136687,-0.14,7,0,0,0,0,0,0,0,0
136723,-0.13,6,0,0,0,0,0,0,0,0
136759,-0.17,5,0,0,0,0,0,0,0,0
136795,-0.19,5,0,0,0,0,0,0,0,0
136831,-0.13,6,0,0,0,0,0,0,0,0
136867,-0.14,7,0,0,0,0,0,0,0,0
136903,-0.22,8,0,0,0,0,0,0,0,0
136939,-0.10,11,0,0,0,0,0,0,0,0
136975,-0.23,17,0,0,0,0,0,0,0,0
137011,-0.20,21,0,0,0,0,0,0,0,0
137047,-0.22,18,0,0,0,0,0,0,0,0
137083,-0.16,10,0,0,0,0,0,0,0,0
137119,-0.11,2,0,0,0,0,0,0,0,0
137155,-0.13,-3,0,0,0,0,0,0,0,0
137191,-0.08,-5,0,0,0,0,0,0,0,0
137227,-0.28,-4,0,0,0,0,0,0,0,0
137263,-0.10,-1,0,0,0,0,0,0,0,0
137299,-0.24,2,0,0,0,0,0,0,0,0
137335,-0.14,4,0,0,0,0,0,0,0,0
137371,-0.14,5,0,0,0,0,0,0,0,0
137407,-0.10,5,0,0,0,0,0,0,0,0
137443,-0.19,5,0,0,0,0,0,0,0,0
137479,-0.08,4,0,0,0,0,0,0,0,0
137515,-0.19,3,0,0,0,0,0,0,0,0
137551,-0.15,3,0,0,0,0,0,0,0,0
137587,-0.15,3,0,0,0,0,0,0,0,0
137623,-0.23,3,0,0,0,0,0,0,0,0
137659,-0.17,3,0,0,0,0,0,0,0,0
137695,-0.19,4,0,0,0,0,0,0,0,0
137731,-0.02,4,0,0,0,0,0,0,0,0
137767,-0.21,4,0,0,0,0,0,0,0,0
137803,-0.11,3,0,0,0,0,0,0,0,0
137839,-0.13,2,0,0,0,0,0,0,0,0
137875,-0.26,2,0,0,0,0,0,0,0,0
137911,-0.19,3,0,0,0,0,0,0,0,0
137947,-0.21,6,0,0,0,0,0,0,0,0
137983,-0.11,12,0,0,0,0,0,0,0,0
138019,-0.15,20,0,0,0,0,0,0,0,0
138055,-0.16,25,0,0,0,0,0,0,0,0
138091,-0.22,25,0,0,0,0,0,0,0,0
138127,-0.15,19,0,0,0,0,0,0,0,0
138163,-0.12,10,0,0,0,0,0,0,0,0
138199,-0.20,2,0,0,0,0,0,0,0,0
138235,-0.18,-4,0,0,0,0,0,0,0,0
138271,-0.20,-7,0,0,0,0,0,0,0,0
138307,-0.10,-8,0,0,0,0,0,0,0,0
138343,-0.14,-7,0,0,0,0,0,0,0,0
138379,-0.19,-4,0,0,0,0,0,0,0,0
138415,-0.24,-4,0,0,0,0,0,0,0,0
138451,-0.17,-8,0,0,0,0,0,0,0,0
138487,-0.13,-14,0,0,0,0,0,0,0,0
138523,-0.14,-17,0,0,0,0,0,0,0,0
138559,-0.16,-13,0,0,0,0,0,0,0,0
138595,-0.11,-5,0,0,0,0,0,0,0,0
138631,-0.11,1,0,0,0,0,0,0,0,0
138667,-0.10,9,0,0,0,0,0,0,0,0
138703,-0.09,22,0,0,0,0,0,0,0,0
138739,-0.17,31,0,0,0,0,0,0,0,0
138775,-0.11,27,0,0,0,0,0,0,0,0
138811,-0.15,13,0,0,0,0,0,0,0,0
138847,-0.28,25,0,0,0,0,0,0,0,0
138883,-0.12,140,0,0,0,0,0,0,0,0
138919,-0.12,374,0,0,0,0,0,0,0,0
138955,-0.23,627,0,0,0,0,0,0,0,0
138991,-0.22,773,0,0,0,0,0,0,0,0
139027,-0.19,697,0,0,0,0,0,0,0,0
139063,-0.19,361,0,0,0,0,0,0,0,0
139099,-0.19,-101,0,0,0,0,0,0,0,0
139135,-0.21,-492,0,0,0,0,0,0,0,0
139171,-0.15,-598,0,0,0,0,0,0,0,0
139207,-0.06,-324,0,0,0,0,0,0,0,0
139243,-0.16,129,0,0,0,0,0,0,0,0
139279,-0.13,400,0,0,0,0,0,0,0,0
139315,-0.17,127,0,0,0,0,0,0,0,0
139351,-0.24,-695,0,0,0,0,0,0,0,0
139387,-0.18,-1553,0,0,0,0,0,0,0,0
139423,-0.21,-1890,0,0,0,0,0,0,0,0
139459,-0.20,-1555,0,0,0,0,0,0,0,0
139495,-0.22,-837,0,0,0,0,0,0,0,0
139531,-0.24,-166,0,0,0,0,0,0,0,0
139567,-0.20,212,0,0,0,0,0,0,0,0
139603,-0.18,295,0,0,0,0,0,0,0,0
139639,-0.20,203,0,0,0,0,0,0,0,0
139675,-0.23,83,0,0,0,0,0,0,0,0
139711,-0.20,64,0,0,0,0,0,0,0,0
139747,-0.20,214,0,0,0,0,0,0,0,0
139783,-0.16,432,0,0,0,0,0,0,0,0
139819,-0.18,503,0,0,0,0,0,0,0,0
139855,-0.22,346,0,0,0,0,0,0,0,0
139891,-0.19,60,0,0,0,0,0,0,0,0
139927,-0.20,-226,0,0,0,0,0,0,0,0
139963,-0.16,-418,0,0,0,0,0,0,0,0
139999,-0.17,-466,0,0,0,0,0,0,0,0
140035,-0.15,-380,0,0,0,0,0,0,0,0
140071,-0.09,-198,0,0,0,0,0,0,0,0
140107,-0.15,53,0,0,0,0,0,0,0,0
140143,-0.12,364,0,0,0,0,0,0,0,0
140179,-0.18,687,0,0,0,0,0,0,0,0
140215,-0.11,937,0,0,0,0,0,0,0,0
140251,-0.18,1042,0,0,0,0,0,0,0,0
140287,-0.14,969,0,0,0,0,0,0,0,0
140323,-0.12,745,0,0,0,0,0,0,0,0
140359,-0.19,391,0,0,0,0,0,0,0,0
140395,-0.20,-93,0,0,0,0,0,0,0,0
140431,-0.25,-574,0,0,0,0,0,0,0,0
140467,-0.28,-838,0,0,0,0,0,0,0,0
140503,-0.21,-800,0,0,0,0,0,0,0,0
140539,-0.24,-548,0,0,0,0,0,0,0,0
140575,-0.26,-235,0,0,0,0,0,0,0,0
140611,-0.12,28,0,0,0,0,0,0,0,0
140647,-0.18,200,0,0,0,0,0,0,0,0
140683,-0.17,261,0,0,0,0,0,0,0,0
140719,-0.21,202,0,0,0,0,0,0,0,0
140755,-0.20,62,0,0,0,0,0,0,0,0
140791,-0.23,-76,0,0,0,0,0,0,0,0
140827,-0.18,-151,0,0,0,0,0,0,0,0
140863,-0.23,-149,0,0,0,0,0,0,0,0
140899,-0.22,-98,0,0,0,0,0,0,0,0
140935,-0.22,-37,0,0,0,0,0,0,0,0
140971,-0.10,5,0,0,0,0,0,0,0,0
141007,-0.20,24,0,0,0,0,0,0,0,0
141043,-0.13,24,0,0,0,0,0,0,0,0
141079,-0.20,14,0,0,0,0,0,0,0,0
141115,-0.17,0,0,0,0,0,0,0,0,0
141151,-0.28,-10,0,0,0,0,0,0,0,0
141187,-0.20,-12,0,0,0,0,0,0,0,0
141223,-0.21,-4,0,0,0,0,0,0,0,0
141259,-0.19,9,0,0,0,0,0,0,0,0
141295,-0.20,24,0,0,0,0,0,0,0,0
141331,-0.25,36,0,0,0,0,0,0,0,0
141367,-0.20,45,0,0,0,0,0,0,0,0
141403,-0.11,48,0,0,0,0,0,0,0,0
141439,-0.25,47,0,0,0,0,0,0,0,0
141475,-0.18,41,0,0,0,0,0,0,0,0
141511,-0.17,33,0,0,0,0,0,0,0,0
141547,-0.15,27,0,0,0,0,0,0,0,0
141583,-0.24,26,0,0,0,0,0,0,0,0
141619,-0.19,29,0,0,0,0,0,0,0,0
141655,-0.16,34,0,0,0,0,0,0,0,0
141691,-0.21,38,0,0,0,0,0,0,0,0
141727,-0.18,40,0,0,0,0,0,0,0,0
141763,-0.20,39,0,0,0,0,0,0,0,0
141799,-0.23,37,0,0,0,0,0,0,0,0
141835,-0.17,35,0,0,0,0,0,0,0,0
141871,-0.19,33,0,0,0,0,0,0,0,0
141907,-0.26,31,0,0,0,0,0,0,0,0
141943,-0.28,30,0,0,0,0,0,0,0,0
141979,-0.25,30,0,0,0,0,0,0,0,0
142015,-0.10,29,0,0,0,0,0,0,0,0
142051,-0.17,27,0,0,0,0,0,0,0,0
142087,-0.14,24,0,0,0,0,0,0,0,0
142123,-0.19,23,0,0,0,0,0,0,0,0
142159,-0.18,23,0,0,0,0,0,0,0,0
142195,-0.22,24,0,0,0,0,0,0,0,0
142231,-0.22,24,0,0,0,0,0,0,0,0
142267,-0.17,25,0,0,0,0,0,0,0,0
142303,-0.16,25,0,0,0,0,0,0,0,0
142339,-0.20,23,0,0,0,0,0,0,0,0
142375,-0.25,22,0,0,0,0,0,0,0,0
142411,-0.17,20,0,0,0,0,0,0,0,0
142447,-0.15,19,0,0,0,0,0,0,0,0
142483,-0.19,18,0,0,0,0,0,0,0,0
142519,-0.19,18,0,0,0,0,0,0,0,0
142555,-0.19,17,0,0,0,0,0,0,0,0
142591,-0.21,16,0,0,0,0,0,0,0,0
142627,-0.24,14,0,0,0,0,0,0,0,0
142663,-0.12,13,0,0,0,0,0,0,0,0
142699,-0.31,13,0,0,0,0,0,0,0,0
142735,-0.15,13,0,0,0,0,0,0,0,0
142771,-0.22,13,0,0,0,0,0,0,0,0
142807,-0.18,13,0,0,0,0,0,0,0,0
142843,-0.18,12,0,0,0,0,0,0,0,0
142879,-0.17,10,0,0,0,0,0,0,0,0
142915,-0.15,10,0,0,0,0,0,0,0,0
142951,-0.20,9,0,0,0,0,0,0,0,0
142987,-0.20,9,0,0,0,0,0,0,0,0
143023,-0.15,9,0,0,0,0,0,0,0,0
143059,-0.18,9,0,0,0,0,0,0,0,0
143095,-0.15,8,0,0,0,0,0,0,0,0
143131,-0.21,9,0,0,0,0,0,0,0,0
143167,-0.18,10,0,0,0,0,0,0,0,0
143203,-0.19,10,0,0,0,0,0,0,0,0
143239,-0.24,10,0,0,0,0,0,0,0,0
143275,-0.20,11,0,0,0,0,0,0,0,0
143311,-0.20,11,0,0,0,0,0,0,0,0
143347,-0.17,11,0,0,0,0,0,0,0,0
143383,-0.17,10,0,0,0,0,0,0,0,0
143419,-0.13,8,0,0,0,0,0,0,0,0
143455,-0.14,7,0,0,0,0,0,0,0,0
143491,-0.10,8,0,0,0,0,0,0,0,0
143527,-0.19,8,0,0,0,0,0,0,0,0
143563,-0.23,8,0,0,0,0,0,0,0,0
143599,-0.19,7,0,0,0,0,0,0,0,0
143635,-0.22,7,0,0,0,0,0,0,0,0
143671,-0.21,6,0,0,0,0,0,0,0,0
143707,-0.16,7,0,0,0,0,0,0,0,0
143743,-0.23,7,0,0,0,0,0,0,0,0
143779,-0.21,8,0,0,0,0,0,0,0,0
143815,-0.22,6,0,0,0,0,0,0,0,0
143851,-0.19,4,0,0,0,0,0,0,0,0
143887,-0.21,2,0,0,0,0,0,0,0,0
143923,-0.20,1,0,0,0,0,0,0,0,0
143959,-0.19,1,0,0,0,0,0,0,0,0
143995,-0.21,2,0,0,0,0,0,0,0,0
144031,-0.13,7,0,0,0,0,0,0,0,0
144067,-0.10,15,0,0,0,0,0,0,0,0
144103,-0.13,20,0,0,0,0,0,0,0,0
144139,-0.17,19,0,0,0,0,0,0,0,0
144175,-0.28,12,0,0,0,0,0,0,0,0
144211,-0.21,3,0,0,0,0,0,0,0,0
144247,-0.23,-1,0,0,0,0,0,0,0,0
144283,-0.13,-3,0,0,0,0,0,0,0,0
144319,-0.13,-2,0,0,0,0,0,0,0,0
144355,-0.23,0,0,0,0,0,0,0,0,0
144391,-0.20,0,0,0,0,0,0,0,0,0
144427,-0.24,0,0,0,0,0,0,0,0,0
144463,-0.11,0,0,0,0,0,0,0,0,0
144499,-0.21,0,0,0,0,0,0,0,0,0
144535,-0.25,-1,0,0,0,0,0,0,0,0
144571,-0.26,-1,0,0,0,0,0,0,0,0
144607,-0.19,-1,0,0,0,0,0,0,0,0
144643,-0.22,0,0,0,0,0,0,0,0,0
144679,-0.21,1,0,0,0,0,0,0,0,0
144715,-0.09,3,0,0,0,0,0,0,0,0
144751,-0.16,3,0,0,0,0,0,0,0,0
144787,-0.18,2,0,0,0,0,0,0,0,0
144823,-0.16,2,0,0,0,0,0,0,0,0
144859,-0.21,2,0,0,0,0,0,0,0,0
144895,-0.17,2,0,0,0,0,0,0,0,0
144931,-0.25,1,0,0,0,0,0,0,0,0
144967,-0.27,1,0,0,0,0,0,0,0,0
145003,-0.18,1,0,0,0,0,0,0,0,0
145039,-0.19,0,0,0,0,0,0,0,0,0
145075,-0.21,0,0,0,0,0,0,0,0,0
145111,-0.22,0,0,0,0,0,0,0,0,0
145147,-0.16,1,0,0,0,0,0,0,0,0
145183,-0.16,1,0,0,0,0,0,0,0,0
145219,-0.08,2,0,0,0,0,0,0,0,0
145255,-0.11,3,0,0,0,0,0,0,0,0
145291,-0.14,3,0,0,0,0,0,0,0,0
145327,-0.21,3,0,0,0,0,0,0,0,0
145363,-0.11,3,0,0,0,0,0,0,0,0
145399,-0.16,3,0,0,0,0,0,0,0,0
145435,-0.08,1,0,0,0,0,0,0,0,0
145471,-0.19,0,0,0,0,0,0,0,0,0
145507,-0.14,0,0,0,0,0,0,0,0,0
145543,-0.17,1,0,0,0,0,0,0,0,0
145579,-0.09,1,0,0,0,0,0,0,0,0
145615,-0.16,2,0,0,0,0,0,0,0,0
145651,-0.09,3,0,0,0,0,0,0,0,0
145687,-0.11,3,0,0,0,0,0,0,0,0
145723,-0.15,2,0,0,0,0,0,0,0,0
145759,-0.07,1,0,0,0,0,0,0,0,0
145795,-0.16,1,0,0,0,0,0,0,0,0
145831,-0.26,1,0,0,0,0,0,0,0,0
145867,-0.26,0,0,0,0,0,0,0,0,0
145903,-0.16,0,0,0,0,0,0,0,0,0
145939,-0.18,-1,0,0,0,0,0,0,0,0
145975,-0.04,-1,0,0,0,0,0,0,0,0
146011,-0.15,-1,0,0,0,0,0,0,0,0
146047,-0.19,0,0,0,0,0,0,0,0,0
146083,-0.16,0,0,0,0,0,0,0,0,0
146119,-0.22,1,0,0,0,0,0,0,0,0
146155,-0.17,0,0,0,0,0,0,0,0,0
146191,-0.20,-2,0,0,0,0,0,0,0,0
146227,-0.12,-3,0,0,0,0,0,0,0,0
146263,-0.19,-2,0,0,0,0,0,0,0,0
146299,-0.18,0,0,0,0,0,0,0,0,0
146335,-0.16,2,0,0,0,0,0,0,0,0
146371,-0.16,3,0,0,0,0,0,0,0,0
146407,-0.11,3,0,0,0,0,0,0,0,0
146443,-0.22,0,0,0,0,0,0,0,0,0
146479,-0.24,-2,0,0,0,0,0,0,0,0
146515,-0.22,-3,0,0,0,0,0,0,0,0
146551,-0.17,-2,0,0,0,0,0,0,0,0
146587,-0.20,1,0,0,0,0,0,0,0,0
146623,-0.19,5,0,0,0,0,0,0,0,0
146659,-0.17,9,0,0,0,0,0,0,0,0
146695,-0.24,13,0,0,0,0,0,0,0,0
146731,-0.22,15,0,0,0,0,0,0,0,0
146767,-0.14,18,0,0,0,0,0,0,0,0
146803,-0.10,22,0,0,0,0,0,0,0,0
146839,-0.13,28,0,0,0,0,0,0,0,0
146875,-0.19,44,0,0,0,0,0,0,0,0
146911,-0.19,116,0,0,0,0,0,0,0,0
146947,-0.21,293,0,0,0,0,0,0,0,0
146983,-0.19,518,0,0,0,0,0,0,0,0
147019,-0.22,638,0,0,0,0,0,0,0,0
147055,-0.23,551,0,0,0,0,0,0,0,0
147091,-0.25,306,0,0,0,0,0,0,0,0
147127,-0.23,35,0,0,0,0,0,0,0,0
147163,-0.20,-161,0,0,0,0,0,0,0,0
147199,-0.20,-249,0,0,0,0,0,0,0,0
147235,-0.20,-240,0,0,0,0,0,0,0,0
147271,-0.18,-172,0,0,0,0,0,0,0,0
147307,-0.22,-91,0,0,0,0,0,0,0,0
147343,-0.04,-36,0,0,0,0,0,0,0,0
147379,-0.15,-25,0,0,0,0,0,0,0,0
147415,-0.23,-50,0,0,0,0,0,0,0,0
147451,-0.12,-78,0,0,0,0,0,0,0,0
147487,-0.16,-68,0,0,0,0,0,0,0,0
147523,-0.19,42,0,0,0,0,0,0,0,0
147559,-0.18,275,0,0,0,0,0,0,0,0
147595,-0.17,534,0,0,0,0,0,0,0,0
147631,-0.19,718,0,0,0,0,0,0,0,0
147667,-0.13,809,0,0,0,0,0,0,0,0
147703,-0.13,824,0,0,0,0,0,0,0,0
147739,-0.15,792,0,0,0,0,0,0,0,0
147775,-0.17,737,0,0,0,0,0,0,0,0
147811,-0.20,678,0,0,0,0,0,0,0,0
147847,-0.21,623,0,0,0,0,0,0,0,0
147883,-0.27,307,0,0,0,0,0,0,0,0
147919,-0.17,-558,0,0,0,0,0,0,0,0
147955,-0.25,-1646,0,0,0,0,0,0,0,0
147991,-0.22,-2479,0,0,0,0,0,0,0,0
148027,-0.13,-2930,0,0,0,0,0,0,0,0
148063,-0.22,-2955,0,0,0,0,0,0,0,0
148099,-0.11,-2478,0,0,0,0,0,0,0,0
148135,-0.14,-1605,0,0,0,0,0,0,0,0
148171,-0.17,-654,0,0,0,0,0,0,0,0
148207,-0.22,67,0,0,0,0,0,0,0,0
148243,-0.17,430,0,0,0,0,0,0,0,0
148279,-0.12,496,0,0,0,0,0,0,0,0
148315,-0.15,418,0,0,0,0,0,0,0,0
148351,-0.22,336,0,0,0,0,0,0,0,0
148387,-0.18,327,0,0,0,0,0,0,0,0
148423,-0.14,422,0,0,0,0,0,0,0,0
148459,-0.11,613,0,0,0,0,0,0,0,0
148495,-0.14,755,0,0,0,0,0,0,0,0
148531,-0.09,652,0,0,0,0,0,0,0,0
148567,-0.13,296,0,0,0,0,0,0,0,0
148603,-0.15,-124,0,0,0,0,0,0,0,0
148639,-0.12,-402,0,0,0,0,0,0,0,0
148675,-0.16,-451,0,0,0,0,0,0,0,0
148711,-0.10,-320,0,0,0,0,0,0,0,0
148747,-0.15,-126,0,0,0,0,0,0,0,0
148783,-0.27,32,0,0,0,0,0,0,0,0
148819,-0.09,115,0,0,0,0,0,0,0,0
148855,-0.12,137,0,0,0,0,0,0,0,0
148891,-0.11,131,0,0,0,0,0,0,0,0
148927,-0.27,122,0,0,0,0,0,0,0,0
148963,-0.21,127,0,0,0,0,0,0,0,0
148999,-0.24,151,0,0,0,0,0,0,0,0
149035,-0.11,176,0,0,0,0,0,0,0,0
149071,-0.17,185,0,0,0,0,0,0,0,0
149107,-0.16,174,0,0,0,0,0,0,0,0
149143,-0.21,155,0,0,0,0,0,0,0,0
149179,-0.17,137,0,0,0,0,0,0,0,0
149215,-0.15,127,0,0,0,0,0,0,0,0
149251,-0.10,122,0,0,0,0,0,0,0,0
149287,-0.07,116,0,0,0,0,0,0,0,0
149323,-0.09,110,0,0,0,0,0,0,0,0
149359,-0.09,101,0,0,0,0,0,0,0,0
149395,-0.15,93,0,0,0,0,0,0,0,0
149431,-0.06,86,0,0,0,0,0,0,0,0
149467,-0.22,83,0,0,0,0,0,0,0,0
149503,-0.22,80,0,0,0,0,0,0,0,0
149539,-0.13,78,0,0,0,0,0,0,0,0
149575,-0.16,75,0,0,0,0,0,0,0,0
149611,-0.17,71,0,0,0,0,0,0,0,0
149647,-0.17,67,0,0,0,0,0,0,0,0
149683,-0.21,63,0,0,0,0,0,0,0,0
149719,-0.12,60,0,0,0,0,0,0,0,0
149755,-0.21,56,0,0,0,0,0,0,0,0
149791,-0.13,52,0,0,0,0,0,0,0,0
149827,-0.12,50,0,0,0,0,0,0,0,0
149863,-0.11,50,0,0,0,0,0,0,0,0
149899,-0.07,50,0,0,0,0,0,0,0,0
149935,-0.18,49,0,0,0,0,0,0,0,0
149971,-0.12,48,0,0,0,0,0,0,0,0
150007,-0.16,44,0,0,0,0,0,0,0,0
150043,-0.15,41,0,0,0,0,0,0,0,0
150079,-0.01,37,0,0,0,0,0,0,0,0
150115,-0.10,35,0,0,0,0,0,0,0,0
150151,-0.10,33,0,0,0,0,0,0,0,0
150187,-0.18,31,0,0,0,0,0,0,0,0
150223,-0.21,30,0,0,0,0,0,0,0,0
150259,-0.11,29,0,0,0,0,0,0,0,0
150295,-0.22,26,0,0,0,0,0,0,0,0
150331,-0.21,23,0,0,0,0,0,0,0,0
150367,-0.15,22,0,0,0,0,0,0,0,0
150403,-0.18,22,0,0,0,0,0,0,0,0
150439,-0.15,23,0,0,0,0,0,0,0,0
150475,-0.13,24,0,0,0,0,0,0,0,0
150511,-0.18,23,0,0,0,0,0,0,0,0
150547,-0.10,22,0,0,0,0,0,0,0,0
150583,-0.17,19,0,0,0,0,0,0,0,0
150619,-0.17,17,0,0,0,0,0,0,0,0
150655,-0.09,16,0,0,0,0,0,0,0,0
150691,-0.11,16,0,0,0,0,0,0,0,0
150727,-0.12,16,0,0,0,0,0,0,0,0
150763,-0.18,15,0,0,0,0,0,0,0,0
150799,-0.17,13,0,0,0,0,0,0,0,0
150835,-0.18,11,0,0,0,0,0,0,0,0
150871,-0.14,10,0,0,0,0,0,0,0,0
150907,-0.08,9,0,0,0,0,0,0,0,0
150943,-0.21,9,0,0,0,0,0,0,0,0
150979,-0.17,9,0,0,0,0,0,0,0,0
151015,-0.23,8,0,0,0,0,0,0,0,0
151051,-0.16,8,0,0,0,0,0,0,0,0
151087,-0.17,7,0,0,0,0,0,0,0,0
151123,-0.07,7,0,0,0,0,0,0,0,0
151159,-0.10,7,0,0,0,0,0,0,0,0
151195,-0.16,6,0,0,0,0,0,0,0,0
151231,-0.18,6,0,0,0,0,0,0,0,0
151267,-0.17,6,0,0,0,0,0,0,0,0
151303,-0.12,7,0,0,0,0,0,0,0,0
151339,-0.15,8,0,0,0,0,0,0,0,0
151375,-0.22,9,0,0,0,0,0,0,0,0
151411,-0.18,9,0,0,0,0,0,0,0,0
151447,-0.15,8,0,0,0,0,0,0,0,0
151483,-0.09,7,0,0,0,0,0,0,0,0
151519,-0.15,6,0,0,0,0,0,0,0,0
151555,-0.18,5,0,0,0,0,0,0,0,0
151591,-0.18,4,0,0,0,0,0,0,0,0
151627,-0.17,4,0,0,0,0,0,0,0,0
151663,-0.08,4,0,0,0,0,0,0,0,0
151699,-0.13,4,0,0,0,0,0,0,0,0
151735,-0.17,4,0,0,0,0,0,0,0,0
151771,-0.11,4,0,0,0,0,0,0,0,0
151807,-0.12,4,0,0,0,0,0,0,0,0
151843,-0.04,4,0,0,0,0,0,0,0,0
151879,-0.19,3,0,0,0,0,0,0,0,0
151915,-0.14,1,0,0,0,0,0,0,0,0
151951,-0.20,0,0,0,0,0,0,0,0,0
151987,-0.13,0,0,0,0,0,0,0,0,0
152023,-0.22,1,0,0,0,0,0,0,0,0
152059,-0.24,2,0,0,0,0,0,0,0,0
152095,-0.12,2,0,0,0,0,0,0,0,0
152131,-0.17,1,0,0,0,0,0,0,0,0
152167,-0.16,0,0,0,0,0,0,0,0,0
152203,-0.15,-1,0,0,0,0,0,0,0,0
152239,-0.16,-1,0,0,0,0,0,0,0,0
152275,-0.10,0,0,0,0,0,0,0,0,0
152311,-0.17,1,0,0,0,0,0,0,0,0
152347,-0.11,3,0,0,0,0,0,0,0,0
152383,-0.15,5,0,0,0,0,0,0,0,0
152419,-0.11,5,0,0,0,0,0,0,0,0
152455,-0.16,4,0,0,0,0,0,0,0,0
152491,-0.13,2,0,0,0,0,0,0,0,0
152527,-0.10,0,0,0,0,0,0,0,0,0
152563,-0.17,0,0,0,0,0,0,0,0,0
152599,-0.16,0,0,0,0,0,0,0,0,0
152635,-0.11,1,0,0,0,0,0,0,0,0
152671,-0.08,1,0,0,0,0,0,0,0,0
152707,-0.19,2,0,0,0,0,0,0,0,0
152743,-0.14,2,0,0,0,0,0,0,0,0
152779,-0.14,1,0,0,0,0,0,0,0,0
152815,-0.16,1,0,0,0,0,0,0,0,0
152851,-0.23,1,0,0,0,0,0,0,0,0
152887,-0.21,1,0,0,0,0,0,0,0,0
152923,-0.20,2,0,0,0,0,0,0,0,0
152959,-0.20,3,0,0,0,0,0,0,0,0
152995,-0.22,4,0,0,0,0,0,0,0,0
153031,-0.17,4,0,0,0,0,0,0,0,0
153067,-0.23,2,0,0,0,0,0,0,0,0
153103,-0.26,0,0,0,0,0,0,0,0,0
153139,-0.23,0,0,0,0,0,0,0,0,0
153175,-0.19,0,0,0,0,0,0,0,0,0
153211,-0.17,0,0,0,0,0,0,0,0,0
153247,-0.14,0,0,0,0,0,0,0,0,0
153283,-0.11,0,0,0,0,0,0,0,0,0
153319,-0.10,1,0,0,0,0,0,0,0,0
153355,-0.10,3,0,0,0,0,0,0,0,0
153391,-0.19,3,0,0,0,0,0,0,0,0
153427,-0.23,1,0,0,0,0,0,0,0,0
153463,-0.16,-1,0,0,0,0,0,0,0,0
153499,-0.23,-3,0,0,0,0,0,0,0,0
153535,-0.15,-3,0,0,0,0,0,0,0,0
153571,-0.21,-1,0,0,0,0,0,0,0,0
153607,-0.21,-1,0,0,0,0,0,0,0,0
153643,-0.25,-2,0,0,0,0,0,0,0,0
153679,-0.14,-2,0,0,0,0,0,0,0,0
153715,-0.16,1,0,0,0,0,0,0,0,0
153751,-0.27,8,0,0,0,0,0,0,0,0
153787,-0.18,11,0,0,0,0,0,0,0,0
153823,-0.18,9,0,0,0,0,0,0,0,0
153859,-0.14,3,0,0,0,0,0,0,0,0
153895,-0.20,-4,0,0,0,0,0,0,0,0
153931,-0.20,-15,0,0,0,0,0,0,0,0
153967,-0.21,-24,0,0,0,0,0,0,0,0
154003,-0.19,-23,0,0,0,0,0,0,0,0
154039,-0.14,-12,0,0,0,0,0,0,0,0
154075,-0.15,1,0,0,0,0,0,0,0,0
154111,-0.26,8,0,0,0,0,0,0,0,0
154147,-0.21,10,0,0,0,0,0,0,0,0
154183,-0.16,15,0,0,0,0,0,0,0,0
154219,-0.24,25,0,0,0,0,0,0,0,0
154255,-0.15,57,0,0,0,0,0,0,0,0
154291,-0.15,171,0,0,0,0,0,0,0,0
154327,-0.17,353,0,0,0,0,0,0,0,0
154363,-0.21,510,0,0,0,0,0,0,0,0
154399,-0.14,643,0,0,0,0,0,0,0,0
154435,-0.16,755,0,0,0,0,0,0,0,0
154471,-0.15,814,0,0,0,0,0,0,0,0
154507,-0.20,822,0,0,0,0,0,0,0,0
154543,-0.19,795,0,0,0,0,0,0,0,0
154579,-0.12,749,0,0,0,0,0,0,0,0
154615,-0.16,696,0,0,0,0,0,0,0,0
154651,-0.18,645,0,0,0,0,0,0,0,0
154687,-0.10,598,0,0,0,0,0,0,0,0
154723,-0.16,557,0,0,0,0,0,0,0,0
154759,-0.06,521,0,0,0,0,0,0,0,0
154795,-0.18,488,0,0,0,0,0,0,0,0
154831,-0.21,459,0,0,0,0,0,0,0,0
154867,-0.20,431,0,0,0,0,0,0,0,0
154903,-0.21,405,0,0,0,0,0,0,0,0
154939,-0.18,381,0,0,0,0,0,0,0,0
154975,-0.16,358,0,0,0,0,0,0,0,0
155011,-0.21,336,0,0,0,0,0,0,0,0
155047,-0.22,316,0,0,0,0,0,0,0,0
155083,-0.25,296,0,0,0,0,0,0,0,0
155119,-0.21,278,0,0,0,0,0,0,0,0
155155,-0.20,261,0,0,0,0,0,0,0,0
155191,-0.12,245,0,0,0,0,0,0,0,0
155227,-0.12,230,0,0,0,0,0,0,0,0
155263,-0.21,216,0,0,0,0,0,0,0,0
155299,-0.16,203,0,0,0,0,0,0,0,0
155335,-0.19,191,0,0,0,0,0,0,0,0
155371,-0.16,179,0,0,0,0,0,0,0,0
155407,-0.18,168,0,0,0,0,0,0,0,0
155443,-0.15,-46,0,0,0,0,0,0,0,0
155479,-0.14,-751,0,0,0,0,0,0,0,0
155515,-0.20,-1760,0,0,0,0,0,0,0,0
155551,-0.11,-2629,0,0,0,0,0,0,0,0
155587,-0.17,-3149,0,0,0,0,0,0,0,0
155623,-0.16,-3332,0,0,0,0,0,0,0,0
155659,-0.14,-3276,0,0,0,0,0,0,0,0
155695,-0.20,-3090,0,0,0,0,0,0,0,0
155731,-0.18,-2857,0,0,0,0,0,0,0,0
155767,-0.12,-2626,0,0,0,0,0,0,0,0
155803,-0.23,-2419,0,0,0,0,0,0,0,0
155839,-0.16,-2242,0,0,0,0,0,0,0,0
155875,-0.02,-2091,0,0,0,0,0,0,0,0
155911,-0.10,-1959,0,0,0,0,0,0,0,0
155947,-0.13,-1840,0,0,0,0,0,0,0,0
155983,-0.11,-1731,0,0,0,0,0,0,0,0
156019,-0.13,-1628,0,0,0,0,0,0,0,0
156055,-0.11,-1531,0,0,0,0,0,0,0,0
156091,-0.11,-1439,0,0,0,0,0,0,0,0
156127,-0.18,-1352,0,0,0,0,0,0,0,0
156163,-0.18,-1270,0,0,0,0,0,0,0,0
156199,-0.17,-1193,0,0,0,0,0,0,0,0
156235,-0.17,-1120,0,0,0,0,0,0,0,0
156271,-0.13,-1051,0,0,0,0,0,0,0,0
156307,-0.19,-987,0,0,0,0,0,0,0,0
156343,-0.16,-927,0,0,0,0,0,0,0,0
156379,-0.19,-870,0,0,0,0,0,0,0,0
156415,-0.16,-817,0,0,0,0,0,0,0,0
156451,-0.19,-768,0,0,0,0,0,0,0,0
156487,-0.17,-721,0,0,0,0,0,0,0,0
156523,-0.13,-543,0,0,0,0,0,0,0,0
156559,-0.21,-4,0,0,0,0,0,0,0,0
156595,-0.18,849,0,0,0,0,0,0,0,0
156631,-0.17,1663,0,0,0,0,0,0,0,0
156667,-0.18,2134,0,0,0,0,0,0,0,0
156703,-0.19,2206,0,0,0,0,0,0,0,0
156739,-0.22,2013,0,0,0,0,0,0,0,0
156775,-0.24,1731,0,0,0,0,0,0,0,0
156811,-0.24,1483,0,0,0,0,0,0,0,0
156847,-0.18,1316,0,0,0,0,0,0,0,0
156883,-0.13,1221,0,0,0,0,0,0,0,0
156919,-0.15,1166,0,0,0,0,0,0,0,0
156955,-0.14,1122,0,0,0,0,0,0,0,0
156991,-0.13,1073,0,0,0,0,0,0,0,0
157027,-0.16,1017,0,0,0,0,0,0,0,0
157063,-0.17,959,0,0,0,0,0,0,0,0
157099,-0.27,903,0,0,0,0,0,0,0,0
157135,-0.14,854,0,0,0,0,0,0,0,0
157171,-0.15,814,0,0,0,0,0,0,0,0
157207,-0.08,780,0,0,0,0,0,0,0,0
157243,-0.26,747,0,0,0,0,0,0,0,0
157279,-0.12,711,0,0,0,0,0,0,0,0
157315,-0.15,674,0,0,0,0,0,0,0,0
157351,-0.16,638,0,0,0,0,0,0,0,0
157387,-0.07,602,0,0,0,0,0,0,0,0
157423,-0.12,569,0,0,0,0,0,0,0,0
157459,-0.07,540,0,0,0,0,0,0,0,0
157495,-0.12,516,0,0,0,0,0,0,0,0
157531,-0.10,495,0,0,0,0,0,0,0,0
157567,-0.20,472,0,0,0,0,0,0,0,0
157603,-0.06,446,0,0,0,0,0,0,0,0
157639,-0.16,420,0,0,0,0,0,0,0,0
157675,-0.12,395,0,0,0,0,0,0,0,0
157711,-0.17,372,0,0,0,0,0,0,0,0
157747,-0.18,351,0,0,0,0,0,0,0,0
157783,-0.17,333,0,0,0,0,0,0,0,0
157819,-0.12,316,0,0,0,0,0,0,0,0
157855,-0.15,300,0,0,0,0,0,0,0,0
157891,-0.12,283,0,0,0,0,0,0,0,0
157927,-0.24,265,0,0,0,0,0,0,0,0
157963,-0.15,246,0,0,0,0,0,0,0,0
157999,-0.16,230,0,0,0,0,0,0,0,0
158035,-0.16,217,0,0,0,0,0,0,0,0
158071,-0.16,208,0,0,0,0,0,0,0,0
158107,-0.13,200,0,0,0,0,0,0,0,0
158143,-0.13,191,0,0,0,0,0,0,0,0
158179,-0.26,181,0,0,0,0,0,0,0,0
158215,-0.26,171,0,0,0,0,0,0,0,0
158251,-0.08,161,0,0,0,0,0,0,0,0
158287,-0.18,151,0,0,0,0,0,0,0,0
158323,-0.09,143,0,0,0,0,0,0,0,0
158359,-0.16,135,0,0,0,0,0,0,0,0
158395,-0.10,128,0,0,0,0,0,0,0,0
158431,-0.12,122,0,0,0,0,0,0,0,0
158467,-0.11,115,0,0,0,0,0,0,0,0
158503,-0.14,108,0,0,0,0,0,0,0,0
158539,-0.18,103,0,0,0,0,0,0,0,0
158575,-0.10,98,0,0,0,0,0,0,0,0
158611,-0.13,94,0,0,0,0,0,0,0,0
158647,-0.17,89,0,0,0,0,0,0,0,0
158683,-0.22,85,0,0,0,0,0,0,0,0
158719,-0.09,80,0,0,0,0,0,0,0,0
158755,-0.17,74,0,0,0,0,0,0,0,0
158791,-0.20,69,0,0,0,0,0,0,0,0
158827,-0.26,65,0,0,0,0,0,0,0,0
158863,-0.23,61,0,0,0,0,0,0,0,0
158899,-0.26,58,0,0,0,0,0,0,0,0
158935,-0.15,55,0,0,0,0,0,0,0,0
158971,-0.17,51,0,0,0,0,0,0,0,0
159007,-0.17,48,0,0,0,0,0,0,0,0
159043,-0.12,48,0,0,0,0,0,0,0,0
159079,-0.17,46,0,0,0,0,0,0,0,0
159115,-0.17,42,0,0,0,0,0,0,0,0
159151,-0.10,38,0,0,0,0,0,0,0,0
159187,-0.21,37,0,0,0,0,0,0,0,0
159223,-0.21,39,0,0,0,0,0,0,0,0
159259,-0.16,41,0,0,0,0,0,0,0,0
159295,-0.16,41,0,0,0,0,0,0,0,0
159331,-0.18,37,0,0,0,0,0,0,0,0
159367,-0.08,31,0,0,0,0,0,0,0,0
159403,-0.21,26,0,0,0,0,0,0,0,0
159439,-0.24,22,0,0,0,0,0,0,0,0
159475,-0.15,21,0,0,0,0,0,0,0,0
159511,-0.24,21,0,0,0,0,0,0,0,0
159547,-0.17,22,0,0,0,0,0,0,0,0
159583,-0.20,22,0,0,0,0,0,0,0,0
159619,-0.20,22,0,0,0,0,0,0,0,0
159655,-0.14,21,0,0,0,0,0,0,0,0
159691,-0.15,20,0,0,0,0,0,0,0,0
159727,-0.27,18,0,0,0,0,0,0,0,0
159763,-0.17,17,0,0,0,0,0,0,0,0
159799,-0.11,16,0,0,0,0,0,0,0,0
159835,-0.13,13,0,0,0,0,0,0,0,0
159871,-0.16,12,0,0,0,0,0,0,0,0
159907,-0.14,11,0,0,0,0,0,0,0,0
159943,-0.16,11,0,0,0,0,0,0,0,0
159979,-0.12,10,0,0,0,0,0,0,0,0
160015,-0.13,9,0,0,0,0,0,0,0,0
160051,-0.21,10,0,0,0,0,0,0,0,0
160087,-0.19,9,0,0,0,0,0,0,0,0
160123,-0.15,6,0,0,0,0,0,0,0,0
160159,-0.21,0,0,0,0,0,0,0,0,0
160195,-0.19,-5,0,0,0,0,0,0,0,0
160231,-0.26,-10,0,0,0,0,0,0,0,0
160267,-0.15,-13,0,0,0,0,0,0,0,0
160303,-0.22,-12,0,0,0,0,0,0,0,0
160339,-0.14,-9,0,0,0,0,0,0,0,0
160375,-0.19,-8,0,0,0,0,0,0,0,0
160411,-0.18,-8,0,0,0,0,0,0,0,0
160447,-0.21,-10,0,0,0,0,0,0,0,0
160483,-0.23,-6,0,0,0,0,0,0,0,0
160519,-0.20,19,0,0,0,0,0,0,0,0
160555,-0.14,91,0,0,0,0,0,0,0,0
160591,-0.07,241,0,0,0,0,0,0,0,0
160627,-0.22,442,0,0,0,0,0,0,0,0
160663,-0.11,571,0,0,0,0,0,0,0,0
160699,-0.21,538,0,0,0,0,0,0,0,0
160735,-0.23,383,0,0,0,0,0,0,0,0
160771,-0.17,197,0,0,0,0,0,0,0,0
160807,-0.08,28,0,0,0,0,0,0,0,0
160843,-0.14,-106,0,0,0,0,0,0,0,0
160879,-0.17,-199,0,0,0,0,0,0,0,0
160915,-0.17,-242,0,0,0,0,0,0,0,0
160951,-0.24,-172,0,0,0,0,0,0,0,0
160987,-0.11,71,0,0,0,0,0,0,0,0
161023,-0.18,394,0,0,0,0,0,0,0,0
161059,-0.24,437,0,0,0,0,0,0,0,0
161095,-0.17,134,0,0,0,0,0,0,0,0
161131,-0.14,1,0,0,0,0,0,0,0,0
161167,-0.11,189,0,0,0,0,0,0,0,0
161203,-0.11,444,0,0,0,0,0,0,0,0
161239,-0.14,644,0,0,0,0,0,0,0,0
161275,-0.07,755,0,0,0,0,0,0,0,0
161311,-0.24,786,0,0,0,0,0,0,0,0
161347,-0.21,571,0,0,0,0,0,0,0,0
161383,-0.19,-71,0,0,0,0,0,0,0,0
161419,-0.21,-811,0,0,0,0,0,0,0,0
161455,-0.21,-1146,0,0,0,0,0,0,0,0
161491,-0.15,-968,0,0,0,0,0,0,0,0
161527,-0.15,-500,0,0,0,0,0,0,0,0
161563,-0.22,-50,0,0,0,0,0,0,0,0
161599,-0.18,201,0,0,0,0,0,0,0,0
161635,-0.16,252,0,0,0,0,0,0,0,0
161671,-0.20,189,0,0,0,0,0,0,0,0
161707,-0.17,93,0,0,0,0,0,0,0,0
161743,-0.24,14,0,0,0,0,0,0,0,0
161779,-0.14,-36,0,0,0,0,0,0,0,0
161815,-0.09,-63,0,0,0,0,0,0,0,0
161851,-0.12,-76,0,0,0,0,0,0,0,0
161887,-0.10,-85,0,0,0,0,0,0,0,0
161923,-0.21,-89,0,0,0,0,0,0,0,0
161959,-0.12,-87,0,0,0,0,0,0,0,0
161995,-0.15,-83,0,0,0,0,0,0,0,0
162031,-0.07,-76,0,0,0,0,0,0,0,0
162067,-0.18,-59,0,0,0,0,0,0,0,0
162103,-0.14,-25,0,0,0,0,0,0,0,0
162139,-0.16,9,0,0,0,0,0,0,0,0
162175,-0.16,24,0,0,0,0,0,0,0,0
162211,-0.13,11,0,0,0,0,0,0,0,0
162247,-0.09,-17,0,0,0,0,0,0,0,0
162283,-0.22,-43,0,0,0,0,0,0,0,0
162319,-0.25,-56,0,0,0,0,0,0,0,0
162355,-0.06,-53,0,0,0,0,0,0,0,0
162391,-0.26,-39,0,0,0,0,0,0,0,0
162427,-0.26,-23,0,0,0,0,0,0,0,0
162463,-0.20,-12,0,0,0,0,0,0,0,0
162499,-0.13,-10,0,0,0,0,0,0,0,0
162535,-0.25,-14,0,0,0,0,0,0,0,0
162571,-0.08,-18,0,0,0,0,0,0,0,0
162607,-0.15,-22,0,0,0,0,0,0,0,0
162643,-0.20,-25,0,0,0,0,0,0,0,0
162679,-0.16,-27,0,0,0,0,0,0,0,0
162715,-0.08,-27,0,0,0,0,0,0,0,0
162751,-0.24,-27,0,0,0,0,0,0,0,0
162787,-0.14,-29,0,0,0,0,0,0,0,0
162823,-0.17,-31,0,0,0,0,0,0,0,0
162859,-0.21,-31,0,0,0,0,0,0,0,0
162895,-0.20,-28,0,0,0,0,0,0,0,0
162931,-0.08,-14,0,0,0,0,0,0,0,0
162967,-0.21,15,0,0,0,0,0,0,0,0
163003,-0.15,49,0,0,0,0,0,0,0,0
163039,-0.20,67,0,0,0,0,0,0,0,0
163075,-0.24,59,0,0,0,0,0,0,0,0
163111,-0.20,33,0,0,0,0,0,0,0,0
163147,-0.22,5,0,0,0,0,0,0,0,0
163183,-0.24,-13,0,0,0,0,0,0,0,0
163219,-0.16,-15,0,0,0,0,0,0,0,0
163255,-0.18,-5,0,0,0,0,0,0,0,0
163291,-0.17,6,0,0,0,0,0,0,0,0
163327,-0.10,12,0,0,0,0,0,0,0,0
163363,-0.21,9,0,0,0,0,0,0,0,0
163399,-0.23,1,0,0,0,0,0,0,0,0
163435,-0.18,-7,0,0,0,0,0,0,0,0
163471,-0.18,-17,0,0,0,0,0,0,0,0
163507,-0.26,-24,0,0,0,0,0,0,0,0
163543,-0.25,-30,0,0,0,0,0,0,0,0
163579,-0.22,-32,0,0,0,0,0,0,0,0
163615,-0.12,-31,0,0,0,0,0,0,0,0
163651,-0.18,-32,0,0,0,0,0,0,0,0
163687,-0.23,-33,0,0,0,0,0,0,0,0
163723,-0.07,-28,0,0,0,0,0,0,0,0
163759,-0.12,-7,0,0,0,0,0,0,0,0
163795,-0.19,35,0,0,0,0,0,0,0,0
163831,-0.16,83,0,0,0,0,0,0,0,0
163867,-0.12,111,0,0,0,0,0,0,0,0
163903,-0.11,102,0,0,0,0,0,0,0,0
163939,-0.19,66,0,0,0,0,0,0,0,0
163975,-0.22,27,0,0,0,0,0,0,0,0
164011,-0.15,4,0,0,0,0,0,0,0,0
164047,-0.18,2,0,0,0,0,0,0,0,0
164083,-0.22,16,0,0,0,0,0,0,0,0
164119,-0.09,32,0,0,0,0,0,0,0,0
164155,-0.12,36,0,0,0,0,0,0,0,0
164191,-0.22,25,0,0,0,0,0,0,0,0
164227,-0.20,7,0,0,0,0,0,0,0,0
164263,-0.25,-8,0,0,0,0,0,0,0,0
164299,-0.14,-20,0,0,0,0,0,0,0,0
164335,-0.20,-27,0,0,0,0,0,0,0,0
164371,-0.07,-31,0,0,0,0,0,0,0,0
164407,-0.18,-33,0,0,0,0,0,0,0,0
164443,-0.11,-31,0,0,0,0,0,0,0,0
164479,-0.21,-29,0,0,0,0,0,0,0,0
164515,-0.18,-27,0,0,0,0,0,0,0,0
164551,-0.16,-28,0,0,0,0,0,0,0,0
164587,-0.12,-26,0,0,0,0,0,0,0,0
164623,-0.15,-7,0,0,0,0,0,0,0,0
164659,-0.18,35,0,0,0,0,0,0,0,0
164695,-0.10,84,0,0,0,0,0,0,0,0
164731,-0.19,111,0,0,0,0,0,0,0,0
164767,-0.13,103,0,0,0,0,0,0,0,0
164803,-0.20,69,0,0,0,0,0,0,0,0
164839,-0.18,32,0,0,0,0,0,0,0,0
164875,-0.18,9,0,0,0,0,0,0,0,0
164911,-0.11,2,0,0,0,0,0,0,0,0
164947,-0.11,5,0,0,0,0,0,0,0,0
164983,-0.24,10,0,0,0,0,0,0,0,0
165019,-0.26,10,0,0,0,0,0,0,0,0
165055,-0.21,5,0,0,0,0,0,0,0,0
165091,-0.19,-8,0,0,0,0,0,0,0,0
165127,-0.23,-26,0,0,0,0,0,0,0,0
165163,-0.13,-44,0,0,0,0,0,0,0,0
165199,-0.13,-54,0,0,0,0,0,0,0,0
165235,-0.18,-54,0,0,0,0,0,0,0,0
165271,-0.18,-47,0,0,0,0,0,0,0,0
165307,-0.17,-39,0,0,0,0,0,0,0,0
165343,-0.17,-33,0,0,0,0,0,0,0,0
165379,-0.21,-32,0,0,0,0,0,0,0,0
165415,-0.16,-33,0,0,0,0,0,0,0,0
165451,-0.12,-34,0,0,0,0,0,0,0,0
165487,-0.23,-36,0,0,0,0,0,0,0,0
165523,-0.17,-39,0,0,0,0,0,0,0,0
165559,-0.19,-39,0,0,0,0,0,0,0,0
165595,-0.11,-26,0,0,0,0,0,0,0,0
165631,-0.17,12,0,0,0,0,0,0,0,0
165667,-0.10,68,0,0,0,0,0,0,0,0
165703,-0.15,111,0,0,0,0,0,0,0,0
165739,-0.23,116,0,0,0,0,0,0,0,0
165775,-0.18,90,0,0,0,0,0,0,0,0
165811,-0.14,53,0,0,0,0,0,0,0,0
165847,-0.22,24,0,0,0,0,0,0,0,0
165883,-0.13,10,0,0,0,0,0,0,0,0
165919,-0.17,7,0,0,0,0,0,0,0,0
165955,-0.17,8,0,0,0,0,0,0,0,0
165991,-0.21,8,0,0,0,0,0,0,0,0
166027,-0.09,3,0,0,0,0,0,0,0,0
166063,-0.19,-6,0,0,0,0,0,0,0,0
166099,-0.22,-19,0,0,0,0,0,0,0,0
166135,-0.13,-32,0,0,0,0,0,0,0,0
166171,-0.17,-44,0,0,0,0,0,0,0,0
166207,-0.16,-51,0,0,0,0,0,0,0,0
166243,-0.20,-49,0,0,0,0,0,0,0,0
166279,-0.18,-40,0,0,0,0,0,0,0,0
166315,-0.14,-30,0,0,0,0,0,0,0,0
166351,-0.20,-25,0,0,0,0,0,0,0,0
166387,-0.13,-26,0,0,0,0,0,0,0,0
166423,-0.19,-30,0,0,0,0,0,0,0,0
166459,-0.09,-36,0,0,0,0,0,0,0,0
166495,-0.15,-42,0,0,0,0,0,0,0,0
166531,-0.23,-46,0,0,0,0,0,0,0,0
166567,-0.15,-44,0,0,0,0,0,0,0,0
166603,-0.16,-25,0,0,0,0,0,0,0,0
166639,-0.24,19,0,0,0,0,0,0,0,0
166675,-0.17,78,0,0,0,0,0,0,0,0
166711,-0.19,118,0,0,0,0,0,0,0,0
166747,-0.13,116,0,0,0,0,0,0,0,0
166783,-0.16,80,0,0,0,0,0,0,0,0
166819,-0.11,31,0,0,0,0,0,0,0,0
166855,-0.13,-6,0,0,0,0,0,0,0,0
166891,-0.05,-21,0,0,0,0,0,0,0,0
166927,-0.16,-14,0,0,0,0,0,0,0,0
166963,-0.21,1,0,0,0,0,0,0,0,0
166999,-0.19,12,0,0,0,0,0,0,0,0
167035,-0.20,12,0,0,0,0,0,0,0,0
167071,-0.18,0,0,0,0,0,0,0,0,0
167107,-0.08,-17,0,0,0,0,0,0,0,0
167143,-0.11,-36,0,0,0,0,0,0,0,0
167179,-0.20,-51,0,0,0,0,0,0,0,0
167215,-0.14,-58,0,0,0,0,0,0,0,0
167251,-0.23,-53,0,0,0,0,0,0,0,0
167287,-0.23,-43,0,0,0,0,0,0,0,0
167323,-0.14,-35,0,0,0,0,0,0,0,0
167359,-0.14,-33,0,0,0,0,0,0,0,0
167395,-0.12,-35,0,0,0,0,0,0,0,0
167431,-0.12,-38,0,0,0,0,0,0,0,0
167467,-0.14,-42,0,0,0,0,0,0,0,0
167503,-0.12,-47,0,0,0,0,0,0,0,0
167539,-0.17,-56,0,0,0,0,0,0,0,0
167575,-0.15,-63,0,0,0,0,0,0,0,0
167611,-0.18,-56,0,0,0,0,0,0,0,0
167647,-0.11,-24,0,0,0,0,0,0,0,0
167683,-0.06,31,0,0,0,0,0,0,0,0
167719,-0.16,89,0,0,0,0,0,0,0,0
167755,-0.08,118,0,0,0,0,0,0,0,0
167791,-0.11,106,0,0,0,0,0,0,0,0
167827,-0.18,69,0,0,0,0,0,0,0,0
167863,-0.29,32,0,0,0,0,0,0,0,0
167899,-0.19,8,0,0,0,0,0,0,0,0
167935,-0.22,-2,0,0,0,0,0,0,0,0
167971,-0.22,-5,0,0,0,0,0,0,0,0
168007,-0.18,-8,0,0,0,0,0,0,0,0
168043,-0.14,-12,0,0,0,0,0,0,0,0
168079,-0.14,-19,0,0,0,0,0,0,0,0
168115,-0.14,-27,0,0,0,0,0,0,0,0
168151,-0.16,-33,0,0,0,0,0,0,0,0
168187,-0.07,-35,0,0,0,0,0,0,0,0
168223,-0.23,-38,0,0,0,0,0,0,0,0
168259,-0.19,-43,0,0,0,0,0,0,0,0
168295,-0.11,-41,0,0,0,0,0,0,0,0
168331,-0.11,-34,0,0,0,0,0,0,0,0
168367,-0.21,-28,0,0,0,0,0,0,0,0
168403,-0.19,-25,0,0,0,0,0,0,0,0
168439,-0.23,-25,0,0,0,0,0,0,0,0
168475,-0.19,-24,0,0,0,0,0,0,0,0
168511,-0.18,-18,0,0,0,0,0,0,0,0
168547,-0.15,-7,0,0,0,0,0,0,0,0
168583,-0.21,-4,0,0,0,0,0,0,0,0
168619,-0.17,-28,0,0,0,0,0,0,0,0
168655,-0.13,-89,0,0,0,0,0,0,0,0
168691,-0.18,-181,0,0,0,0,0,0,0,0
168727,-0.11,-299,0,0,0,0,0,0,0,0
168763,-0.09,-469,0,0,0,0,0,0,0,0
168799,-0.22,-678,0,0,0,0,0,0,0,0
168835,-0.18,-704,0,0,0,0,0,0,0,0
168871,-0.19,-355,0,0,0,0,0,0,0,0
168907,-0.21,-87,0,0,0,0,0,0,0,0
168943,-0.14,-462,0,0,0,0,0,0,0,0
168979,-0.22,-1239,0,0,0,0,0,0,0,0
169015,-0.03,-1926,0,0,0,0,0,0,0,0
169051,-0.14,-2348,0,0,0,0,0,0,0,0
169087,-0.12,-2507,0,0,0,0,0,0,0,0
169123,-0.18,-2476,0,0,0,0,0,0,0,0
169159,-0.09,-2341,0,0,0,0,0,0,0,0
169195,-0.20,-2165,0,0,0,0,0,0,0,0
169231,-0.14,-1989,0,0,0,0,0,0,0,0
169267,-0.18,-1831,0,0,0,0,0,0,0,0
169303,-0.16,-1611,0,0,0,0,0,0,0,0
169339,-0.14,-1099,0,0,0,0,0,0,0,0
169375,-0.14,-197,0,0,0,0,0,0,0,0
169411,-0.20,826,0,0,0,0,0,0,0,0
169447,-0.15,1586,0,0,0,0,0,0,0,0
169483,-0.16,1875,0,0,0,0,0,0,0,0
169519,-0.18,1760,0,0,0,0,0,0,0,0
169555,-0.16,1458,0,0,0,0,0,0,0,0
169591,-0.16,1154,0,0,0,0,0,0,0,0
169627,-0.10,939,0,0,0,0,0,0,0,0
169663,-0.19,826,0,0,0,0,0,0,0,0
169699,-0.13,781,0,0,0,0,0,0,0,0
169735,-0.16,762,0,0,0,0,0,0,0,0
169771,-0.22,740,0,0,0,0,0,0,0,0
169807,-0.16,705,0,0,0,0,0,0,0,0
169843,-0.14,662,0,0,0,0,0,0,0,0
169879,-0.09,619,0,0,0,0,0,0,0,0
169915,-0.17,577,0,0,0,0,0,0,0,0
169951,-0.14,540,0,0,0,0,0,0,0,0
169987,-0.23,508,0,0,0,0,0,0,0,0
170023,-0.23,479,0,0,0,0,0,0,0,0
170059,-0.24,450,0,0,0,0,0,0,0,0
170095,-0.22,421,0,0,0,0,0,0,0,0
170131,-0.17,393,0,0,0,0,0,0,0,0
170167,-0.17,367,0,0,0,0,0,0,0,0
170203,-0.28,343,0,0,0,0,0,0,0,0
170239,-0.17,321,0,0,0,0,0,0,0,0
170275,-0.15,302,0,0,0,0,0,0,0,0
170311,-0.25,284,0,0,0,0,0,0,0,0
170347,-0.09,267,0,0,0,0,0,0,0,0
170383,-0.19,251,0,0,0,0,0,0,0,0
170419,-0.16,236,0,0,0,0,0,0,0,0
170455,-0.20,222,0,0,0,0,0,0,0,0
170491,-0.19,208,0,0,0,0,0,0,0,0
170527,-0.17,196,0,0,0,0,0,0,0,0
170563,-0.15,189,0,0,0,0,0,0,0,0
170599,-0.13,188,0,0,0,0,0,0,0,0
170635,-0.21,190,0,0,0,0,0,0,0,0
170671,-0.20,189,0,0,0,0,0,0,0,0
170707,-0.13,177,0,0,0,0,0,0,0,0
170743,-0.24,158,0,0,0,0,0,0,0,0
170779,-0.18,137,0,0,0,0,0,0,0,0
170815,-0.18,123,0,0,0,0,0,0,0,0
170851,-0.13,116,0,0,0,0,0,0,0,0
170887,-0.20,114,0,0,0,0,0,0,0,0
170923,-0.11,115,0,0,0,0,0,0,0,0
170959,-0.21,114,0,0,0,0,0,0,0,0
170995,-0.09,109,0,0,0,0,0,0,0,0
171031,-0.09,101,0,0,0,0,0,0,0,0
171067,-0.27,92,0,0,0,0,0,0,0,0
171103,-0.15,83,0,0,0,0,0,0,0,0
171139,-0.13,75,0,0,0,0,0,0,0,0
171175,-0.16,69,0,0,0,0,0,0,0,0
171211,-0.14,65,0,0,0,0,0,0,0,0
171247,-0.23,61,0,0,0,0,0,0,0,0
171283,-0.19,59,0,0,0,0,0,0,0,0
171319,-0.19,57,0,0,0,0,0,0,0,0
171355,-0.15,55,0,0,0,0,0,0,0,0
171391,-0.20,53,0,0,0,0,0,0,0,0
171427,-0.12,49,0,0,0,0,0,0,0,0
171463,-0.13,45,0,0,0,0,0,0,0,0
171499,-0.14,43,0,0,0,0,0,0,0,0
171535,-0.19,45,0,0,0,0,0,0,0,0
171571,-0.17,52,0,0,0,0,0,0,0,0
171607,-0.18,60,0,0,0,0,0,0,0,0
171643,-0.11,63,0,0,0,0,0,0,0,0
171679,-0.09,57,0,0,0,0,0,0,0,0
171715,-0.16,46,0,0,0,0,0,0,0,0
171751,-0.22,36,0,0,0,0,0,0,0,0
171787,-0.18,31,0,0,0,0,0,0,0,0
171823,-0.14,30,0,0,0,0,0,0,0,0
171859,-0.17,30,0,0,0,0,0,0,0,0
171895,-0.15,30,0,0,0,0,0,0,0,0
171931,-0.20,29,0,0,0,0,0,0,0,0
171967,-0.17,26,0,0,0,0,0,0,0,0
172003,-0.18,22,0,0,0,0,0,0,0,0
172039,-0.28,17,0,0,0,0,0,0,0,0
172075,-0.20,12,0,0,0,0,0,0,0,0
172111,-0.21,9,0,0,0,0,0,0,0,0
172147,-0.16,10,0,0,0,0,0,0,0,0
172183,-0.17,11,0,0,0,0,0,0,0,0
172219,-0.19,11,0,0,0,0,0,0,0,0
172255,-0.16,10,0,0,0,0,0,0,0,0
172291,-0.13,8,0,0,0,0,0,0,0,0
172327,-0.22,6,0,0,0,0,0,0,0,0
172363,-0.10,5,0,0,0,0,0,0,0,0
172399,-0.18,4,0,0,0,0,0,0,0,0
172435,-0.14,3,0,0,0,0,0,0,0,0
172471,-0.15,2,0,0,0,0,0,0,0,0
172507,-0.25,0,0,0,0,0,0,0,0,0
172543,-0.16,2,0,0,0,0,0,0,0,0
172579,-0.16,12,0,0,0,0,0,0,0,0
172615,-0.19,25,0,0,0,0,0,0,0,0
172651,-0.13,31,0,0,0,0,0,0,0,0
172687,-0.17,27,0,0,0,0,0,0,0,0
172723,-0.17,15,0,0,0,0,0,0,0,0
172759,-0.14,2,0,0,0,0,0,0,0,0
172795,-0.15,-3,0,0,0,0,0,0,0,0
172831,-0.12,-3,0,0,0,0,0,0,0,0
172867,-0.18,1,0,0,0,0,0,0,0,0
172903,-0.21,6,0,0,0,0,0,0,0,0
172939,-0.12,9,0,0,0,0,0,0,0,0
172975,-0.18,7,0,0,0,0,0,0,0,0
173011,-0.10,3,0,0,0,0,0,0,0,0
173047,-0.14,-1,0,0,0,0,0,0,0,0
173083,-0.06,-5,0,0,0,0,0,0,0,0
173119,-0.17,-5,0,0,0,0,0,0,0,0
173155,-0.17,-6,0,0,0,0,0,0,0,0
173191,-0.10,-6,0,0,0,0,0,0,0,0
173227,-0.12,-5,0,0,0,0,0,0,0,0
173263,-0.14,-4,0,0,0,0,0,0,0,0
173299,-0.13,-4,0,0,0,0,0,0,0,0
173335,-0.13,-5,0,0,0,0,0,0,0,0
173371,-0.16,-8,0,0,0,0,0,0,0,0
173407,-0.13,-11,0,0,0,0,0,0,0,0
173443,-0.22,-11,0,0,0,0,0,0,0,0
173479,-0.15,-10,0,0,0,0,0,0,0,0
173515,-0.19,-6,0,0,0,0,0,0,0,0
173551,-0.23,3,0,0,0,0,0,0,0,0
173587,-0.13,16,0,0,0,0,0,0,0,0
173623,-0.08,25,0,0,0,0,0,0,0,0
173659,-0.16,24,0,0,0,0,0,0,0,0
173695,-0.15,15,0,0,0,0,0,0,0,0
173731,-0.12,4,0,0,0,0,0,0,0,0
173767,-0.17,2,0,0,0,0,0,0,0,0
173803,-0.13,12,0,0,0,0,0,0,0,0
173839,-0.18,28,0,0,0,0,0,0,0,0
173875,-0.17,39,0,0,0,0,0,0,0,0
173911,-0.23,41,0,0,0,0,0,0,0,0
173947,-0.18,34,0,0,0,0,0,0,0,0
173983,-0.24,13,0,0,0,0,0,0,0,0
174019,-0.14,-21,0,0,0,0,0,0,0,0
174055,-0.23,-56,0,0,0,0,0,0,0,0
174091,-0.19,-73,0,0,0,0,0,0,0,0
174127,-0.11,-67,0,0,0,0,0,0,0,0
174163,-0.18,-52,0,0,0,0,0,0,0,0
174199,-0.14,-44,0,0,0,0,0,0,0,0
174235,-0.14,-44,0,0,0,0,0,0,0,0
174271,-0.18,-43,0,0,0,0,0,0,0,0
174307,-0.20,-32,0,0,0,0,0,0,0,0
174343,-0.17,-4,0,0,0,0,0,0,0,0
174379,-0.18,40,0,0,0,0,0,0,0,0
174415,-0.15,82,0,0,0,0,0,0,0,0
174451,-0.25,94,0,0,0,0,0,0,0,0
174487,-0.11,65,0,0,0,0,0,0,0,0
174523,-0.17,13,0,0,0,0,0,0,0,0
174559,-0.16,-30,0,0,0,0,0,0,0,0
174595,-0.16,-52,0,0,0,0,0,0,0,0
174631,-0.19,-50,0,0,0,0,0,0,0,0
174667,-0.15,-27,0,0,0,0,0,0,0,0
174703,-0.22,6,0,0,0,0,0,0,0,0
174739,-0.12,39,0,0,0,0,0,0,0,0
174775,-0.22,59,0,0,0,0,0,0,0,0
174811,-0.17,60,0,0,0,0,0,0,0,0
174847,-0.13,37,0,0,0,0,0,0,0,0
174883,-0.17,-3,0,0,0,0,0,0,0,0
174919,-0.15,-48,0,0,0,0,0,0,0,0
174955,-0.18,-78,0,0,0,0,0,0,0,0
174991,-0.10,-82,0,0,0,0,0,0,0,0
175027,-0.20,-66,0,0,0,0,0,0,0,0
175063,-0.24,-41,0,0,0,0,0,0,0,0
175099,-0.22,-16,0,0,0,0,0,0,0,0
175135,-0.17,4,0,0,0,0,0,0,0,0
175171,-0.13,22,0,0,0,0,0,0,0,0
175207,-0.21,38,0,0,0,0,0,0,0,0
175243,-0.16,55,0,0,0,0,0,0,0,0
175279,-0.08,67,0,0,0,0,0,0,0,0
175315,-0.16,68,0,0,0,0,0,0,0,0
175351,-0.09,51,0,0,0,0,0,0,0,0
175387,-0.12,19,0,0,0,0,0,0,0,0
175423,-0.18,-16,0,0,0,0,0,0,0,0
175459,-0.15,-41,0,0,0,0,0,0,0,0
175495,-0.19,-49,0,0,0,0,0,0,0,0
175531,-0.16,-42,0,0,0,0,0,0,0,0
175567,-0.17,-26,0,0,0,0,0,0,0,0
175603,-0.20,-9,0,0,0,0,0,0,0,0
175639,-0.23,0,0,0,0,0,0,0,0,0
175675,-0.17,5,0,0,0,0,0,0,0,0
175711,-0.27,7,0,0,0,0,0,0,0,0
175747,-0.23,8,0,0,0,0,0,0,0,0
175783,-0.14,7,0,0,0,0,0,0,0,0
175819,-0.16,0,0,0,0,0,0,0,0,0
175855,-0.20,-12,0,0,0,0,0,0,0,0
175891,-0.18,-24,0,0,0,0,0,0,0,0
175927,-0.24,-29,0,0,0,0,0,0,0,0
175963,-0.22,-28,0,0,0,0,0,0,0,0
175999,-0.14,-23,0,0,0,0,0,0,0,0
176035,-0.24,-17,0,0,0,0,0,0,0,0
176071,-0.20,-12,0,0,0,0,0,0,0,0
176107,-0.20,-5,0,0,0,0,0,0,0,0
176143,-0.18,9,0,0,0,0,0,0,0,0
176179,-0.17,30,0,0,0,0,0,0,0,0
176215,-0.24,46,0,0,0,0,0,0,0,0
176251,-0.24,45,0,0,0,0,0,0,0,0
176287,-0.16,31,0,0,0,0,0,0,0,0
176323,-0.25,11,0,0,0,0,0,0,0,0
176359,-0.10,-4,0,0,0,0,0,0,0,0
176395,-0.20,-11,0,0,0,0,0,0,0,0
176431,-0.25,-11,0,0,0,0,0,0,0,0
176467,-0.23,-6,0,0,0,0,0,0,0,0
176503,-0.22,-2,0,0,0,0,0,0,0,0
176539,-0.20,-1,0,0,0,0,0,0,0,0
176575,-0.20,-4,0,0,0,0,0,0,0,0
176611,-0.16,-9,0,0,0,0,0,0,0,0
176647,-0.13,-15,0,0,0,0,0,0,0,0
176683,-0.11,-19,0,0,0,0,0,0,0,0
176719,-0.17,-20,0,0,0,0,0,0,0,0
176755,-0.23,-20,0,0,0,0,0,0,0,0
176791,-0.23,-20,0,0,0,0,0,0,0,0
176827,-0.20,-18,0,0,0,0,0,0,0,0
176863,-0.17,-16,0,0,0,0,0,0,0,0
176899,-0.17,-17,0,0,0,0,0,0,0,0
176935,-0.32,-20,0,0,0,0,0,0,0,0
176971,-0.19,-20,0,0,0,0,0,0,0,0
177007,-0.21,-14,0,0,0,0,0,0,0,0
177043,-0.24,3,0,0,0,0,0,0,0,0
177079,-0.16,28,0,0,0,0,0,0,0,0
177115,-0.18,47,0,0,0,0,0,0,0,0
177151,-0.16,49,0,0,0,0,0,0,0,0
177187,-0.24,35,0,0,0,0,0,0,0,0
177223,-0.20,14,0,0,0,0,0,0,0,0
177259,-0.18,-3,0,0,0,0,0,0,0,0
177295,-0.10,-11,0,0,0,0,0,0,0,0
177331,-0.21,-10,0,0,0,0,0,0,0,0
177367,-0.15,-4,0,0,0,0,0,0,0,0
177403,-0.07,1,0,0,0,0,0,0,0,0
177439,-0.14,2,0,0,0,0,0,0,0,0
177475,-0.10,0,0,0,0,0,0,0,0,0
177511,-0.21,-3,0,0,0,0,0,0,0,0
177547,-0.18,-8,0,0,0,0,0,0,0,0
177583,-0.20,-14,0,0,0,0,0,0,0,0
177619,-0.29,-20,0,0,0,0,0,0,0,0
177655,-0.10,-23,0,0,0,0,0,0,0,0
177691,-0.17,-21,0,0,0,0,0,0,0,0
177727,-0.20,-16,0,0,0,0,0,0,0,0
177763,-0.14,-12,0,0,0,0,0,0,0,0
177799,-0.18,-12,0,0,0,0,0,0,0,0
177835,-0.13,-14,0,0,0,0,0,0,0,0
177871,-0.20,-19,0,0,0,0,0,0,0,0
177907,-0.04,-21,0,0,0,0,0,0,0,0
177943,-0.14,-13,0,0,0,0,0,0,0,0
177979,-0.18,9,0,0,0,0,0,0,0,0
178015,-0.16,39,0,0,0,0,0,0,0,0
178051,-0.16,58,0,0,0,0,0,0,0,0
178087,-0.19,54,0,0,0,0,0,0,0,0
178123,-0.18,31,0,0,0,0,0,0,0,0
178159,-0.15,2,0,0,0,0,0,0,0,0
178195,-0.15,-17,0,0,0,0,0,0,0,0
178231,-0.21,-24,0,0,0,0,0,0,0,0
178267,-0.08,-18,0,0,0,0,0,0,0,0
178303,-0.17,-5,0,0,0,0,0,0,0,0
178339,-0.09,6,0,0,0,0,0,0,0,0
178375,-0.04,9,0,0,0,0,0,0,0,0
178411,-0.17,3,0,0,0,0,0,0,0,0
178447,-0.20,-7,0,0,0,0,0,0,0,0
178483,-0.15,-16,0,0,0,0,0,0,0,0
178519,-0.24,-20,0,0,0,0,0,0,0,0
178555,-0.19,-20,0,0,0,0,0,0,0,0
178591,-0.19,-19,0,0,0,0,0,0,0,0
178627,-0.10,-19,0,0,0,0,0,0,0,0
178663,-0.15,-20,0,0,0,0,0,0,0,0
178699,-0.19,-19,0,0,0,0,0,0,0,0
178735,-0.23,-17,0,0,0,0,0,0,0,0
178771,-0.21,-12,0,0,0,0,0,0,0,0
178807,-0.20,0,0,0,0,0,0,0,0,0
178843,-0.20,22,0,0,0,0,0,0,0,0
178879,-0.13,46,0,0,0,0,0,0,0,0
178915,-0.21,56,0,0,0,0,0,0,0,0
178951,-0.20,45,0,0,0,0,0,0,0,0
178987,-0.19,20,0,0,0,0,0,0,0,0
179023,-0.15,-4,0,0,0,0,0,0,0,0
179059,-0.24,-18,0,0,0,0,0,0,0,0
179095,-0.16,-19,0,0,0,0,0,0,0,0
179131,-0.17,-11,0,0,0,0,0,0,0,0
179167,-0.18,-2,0,0,0,0,0,0,0,0
179203,-0.26,1,0,0,0,0,0,0,0,0
179239,-0.17,-2,0,0,0,0,0,0,0,0
179275,-0.15,-11,0,0,0,0,0,0,0,0
179311,-0.17,-18,0,0,0,0,0,0,0,0
179347,-0.15,-23,0,0,0,0,0,0,0,0
179383,-0.18,-24,0,0,0,0,0,0,0,0
179419,-0.16,-24,0,0,0,0,0,0,0,0
179455,-0.20,-24,0,0,0,0,0,0,0,0
179491,-0.25,-24,0,0,0,0,0,0,0,0
179527,-0.21,-22,0,0,0,0,0,0,0,0
179563,-0.13,-19,0,0,0,0,0,0,0,0
179599,-0.04,-18,0,0,0,0,0,0,0,0
179635,-0.12,-16,0,0,0,0,0,0,0,0
179671,-0.23,-5,0,0,0,0,0,0,0,0
179707,-0.12,19,0,0,0,0,0,0,0,0
179743,-0.14,48,0,0,0,0,0,0,0,0
179779,-0.27,61,0,0,0,0,0,0,0,0
179815,-0.22,49,0,0,0,0,0,0,0,0
179851,-0.24,21,0,0,0,0,0,0,0,0
179887,-0.22,-7,0,0,0,0,0,0,0,0
179923,-0.25,-21,0,0,0,0,0,0,0,0
179959,-0.10,-19,0,0,0,0,0,0,0,0
179995,-0.17,-7,0,0,0,0,0,0,0,0
180031,-0.23,5,0,0,0,0,0,0,0,0
180067,-0.11,11,0,0,0,0,0,0,0,0
180103,-0.20,11,0,0,0,0,0,0,0,0
180139,-0.12,3,0,0,0,0,0,0,0,0
180175,-0.19,-8,0,0,0,0,0,0,0,0
180211,-0.16,-20,0,0,0,0,0,0,0,0
180247,-0.21,-27,0,0,0,0,0,0,0,0
180283,-0.20,-29,0,0,0,0,0,0,0,0
180319,-0.23,-28,0,0,0,0,0,0,0,0
180355,-0.24,-24,0,0,0,0,0,0,0,0
180391,-0.13,-20,0,0,0,0,0,0,0,0
180427,-0.18,-17,0,0,0,0,0,0,0,0
180463,-0.12,-16,0,0,0,0,0,0,0,0
180499,-0.13,-17,0,0,0,0,0,0,0,0
180535,-0.13,-17,0,0,0,0,0,0,0,0
180571,-0.24,-10,0,0,0,0,0,0,0,0
180607,-0.11,9,0,0,0,0,0,0,0,0
180643,-0.16,40,0,0,0,0,0,0,0,0
180679,-0.18,61,0,0,0,0,0,0,0,0
180715,-0.21,60,0,0,0,0,0,0,0,0
180751,-0.15,38,0,0,0,0,0,0,0,0
180787,-0.14,9,0,0,0,0,0,0,0,0
180823,-0.13,-8,0,0,0,0,0,0,0,0
180859,-0.20,-9,0,0,0,0,0,0,0,0
180895,-0.21,0,0,0,0,0,0,0,0,0
180931,-0.19,15,0,0,0,0,0,0,0,0
180967,-0.11,23,0,0,0,0,0,0,0,0
181003,-0.22,22,0,0,0,0,0,0,0,0
181039,-0.09,14,0,0,0,0,0,0,0,0
181075,-0.11,2,0,0,0,0,0,0,0,0
181111,-0.20,-4,0,0,0,0,0,0,0,0
181147,-0.17,-4,0,0,0,0,0,0,0,0
181183,-0.25,2,0,0,0,0,0,0,0,0
181219,-0.12,9,0,0,0,0,0,0,0,0
181255,-0.12,11,0,0,0,0,0,0,0,0
181291,-0.23,7,0,0,0,0,0,0,0,0
181327,-0.20,-4,0,0,0,0,0,0,0,0
181363,-0.23,-29,0,0,0,0,0,0,0,0
181399,-0.16,-63,0,0,0,0,0,0,0,0
181435,-0.22,-83,0,0,0,0,0,0,0,0
181471,-0.17,-66,0,0,0,0,0,0,0,0
181507,-0.18,-20,0,0,0,0,0,0,0,0
181543,-0.14,28,0,0,0,0,0,0,0,0
181579,-0.19,61,0,0,0,0,0,0,0,0
181615,-0.22,75,0,0,0,0,0,0,0,0
181651,-0.15,77,0,0,0,0,0,0,0,0
181687,-0.15,68,0,0,0,0,0,0,0,0
181723,-0.18,49,0,0,0,0,0,0,0,0
181759,-0.22,10,0,0,0,0,0,0,0,0
181795,-0.12,-64,0,0,0,0,0,0,0,0
181831,-0.20,-200,0,0,0,0,0,0,0,0
181867,-0.12,-413,0,0,0,0,0,0,0,0
181903,-0.18,-661,0,0,0,0,0,0,0,0
181939,-0.14,-828,0,0,0,0,0,0,0,0
181975,-0.13,-782,0,0,0,0,0,0,0,0
182011,-0.19,-453,0,0,0,0,0,0,0,0
182047,-0.14,65,0,0,0,0,0,0,0,0
182083,-0.10,562,0,0,0,0,0,0,0,0
182119,-0.15,898,0,0,0,0,0,0,0,0
182155,-0.22,1060,0,0,0,0,0,0,0,0
182191,-0.19,1089,0,0,0,0,0,0,0,0
182227,-0.12,1042,0,0,0,0,0,0,0,0
182263,-0.17,960,0,0,0,0,0,0,0,0
182299,-0.08,874,0,0,0,0,0,0,0,0
182335,-0.10,796,0,0,0,0,0,0,0,0
182371,-0.17,731,0,0,0,0,0,0,0,0
182407,-0.13,678,0,0,0,0,0,0,0,0
182443,-0.19,633,0,0,0,0,0,0,0,0
182479,-0.08,335,0,0,0,0,0,0,0,0
182515,-0.14,-508,0,0,0,0,0,0,0,0
182551,-0.13,-1587,0,0,0,0,0,0,0,0
182587,-0.18,-2427,0,0,0,0,0,0,0,0
182623,-0.16,-2892,0,0,0,0,0,0,0,0
182659,-0.12,-2761,0,0,0,0,0,0,0,0
182695,-0.10,-1856,0,0,0,0,0,0,0,0
182731,-0.26,-615,0,0,0,0,0,0,0,0
182767,-0.20,408,0,0,0,0,0,0,0,0
182803,-0.19,993,0,0,0,0,0,0,0,0
182839,-0.12,953,0,0,0,0,0,0,0,0
182875,-0.16,494,0,0,0,0,0,0,0,0
182911,-0.18,270,0,0,0,0,0,0,0,0
182947,-0.14,418,0,0,0,0,0,0,0,0
182983,-0.15,660,0,0,0,0,0,0,0,0
183019,-0.05,858,0,0,0,0,0,0,0,0
183055,-0.13,968,0,0,0,0,0,0,0,0
183091,-0.14,727,0,0,0,0,0,0,0,0
183127,-0.14,-126,0,0,0,0,0,0,0,0
183163,-0.08,-1236,0,0,0,0,0,0,0,0
183199,-0.19,-2105,0,0,0,0,0,0,0,0
183235,-0.09,-2595,0,0,0,0,0,0,0,0
183271,-0.12,-2753,0,0,0,0,0,0,0,0
183307,-0.03,-2691,0,0,0,0,0,0,0,0
183343,-0.21,-2519,0,0,0,0,0,0,0,0
183379,-0.15,-2311,0,0,0,0,0,0,0,0
183415,-0.11,-2112,0,0,0,0,0,0,0,0
183451,-0.18,-1939,0,0,0,0,0,0,0,0
183487,-0.19,-1795,0,0,0,0,0,0,0,0
183523,-0.07,-1673,0,0,0,0,0,0,0,0
183559,-0.10,-1569,0,0,0,0,0,0,0,0
183595,-0.09,-1475,0,0,0,0,0,0,0,0
183631,-0.08,-1315,0,0,0,0,0,0,0,0
183667,-0.06,-851,0,0,0,0,0,0,0,0
183703,-0.19,36,0,0,0,0,0,0,0,0
183739,-0.14,1063,0,0,0,0,0,0,0,0
183775,-0.15,1824,0,0,0,0,0,0,0,0
183811,-0.06,2115,0,0,0,0,0,0,0,0
183847,-0.13,1989,0,0,0,0,0,0,0,0
183883,-0.13,1660,0,0,0,0,0,0,0,0
183919,-0.14,1330,0,0,0,0,0,0,0,0
183955,-0.15,1101,0,0,0,0,0,0,0,0
183991,-0.24,980,0,0,0,0,0,0,0,0
184027,-0.19,928,0,0,0,0,0,0,0,0
184063,-0.22,900,0,0,0,0,0,0,0,0
184099,-0.18,869,0,0,0,0,0,0,0,0
184135,-0.17,824,0,0,0,0,0,0,0,0
184171,-0.11,769,0,0,0,0,0,0,0,0
184207,-0.15,710,0,0,0,0,0,0,0,0
184243,-0.23,654,0,0,0,0,0,0,0,0
184279,-0.14,606,0,0,0,0,0,0,0,0
184315,-0.14,568,0,0,0,0,0,0,0,0
184351,-0.19,542,0,0,0,0,0,0,0,0
184387,-0.24,524,0,0,0,0,0,0,0,0
184423,-0.13,509,0,0,0,0,0,0,0,0
184459,-0.22,492,0,0,0,0,0,0,0,0
184495,-0.19,469,0,0,0,0,0,0,0,0
184531,-0.18,441,0,0,0,0,0,0,0,0
184567,-0.16,410,0,0,0,0,0,0,0,0
184603,-0.11,380,0,0,0,0,0,0,0,0
184639,-0.12,356,0,0,0,0,0,0,0,0
184675,-0.09,342,0,0,0,0,0,0,0,0
184711,-0.14,338,0,0,0,0,0,0,0,0
184747,-0.16,335,0,0,0,0,0,0,0,0
184783,-0.17,321,0,0,0,0,0,0,0,0
184819,-0.18,295,0,0,0,0,0,0,0,0
184855,-0.12,264,0,0,0,0,0,0,0,0
184891,-0.29,237,0,0,0,0,0,0,0,0
184927,-0.16,218,0,0,0,0,0,0,0,0
184963,-0.18,205,0,0,0,0,0,0,0,0
184999,-0.14,194,0,0,0,0,0,0,0,0
185035,-0.17,184,0,0,0,0,0,0,0,0
185071,-0.16,172,0,0,0,0,0,0,0,0
185107,-0.21,160,0,0,0,0,0,0,0,0
185143,-0.15,147,0,0,0,0,0,0,0,0
185179,-0.14,134,0,0,0,0,0,0,0,0
185215,-0.11,123,0,0,0,0,0,0,0,0
185251,-0.23,112,0,0,0,0,0,0,0,0
185287,-0.19,104,0,0,0,0,0,0,0,0
185323,-0.13,99,0,0,0,0,0,0,0,0
185359,-0.15,98,0,0,0,0,0,0,0,0
185395,-0.13,99,0,0,0,0,0,0,0,0
185431,-0.19,98,0,0,0,0,0,0,0,0
185467,-0.13,92,0,0,0,0,0,0,0,0
185503,-0.11,85,0,0,0,0,0,0,0,0
185539,-0.15,79,0,0,0,0,0,0,0,0
185575,-0.20,82,0,0,0,0,0,0,0,0
185611,-0.20,92,0,0,0,0,0,0,0,0
185647,-0.19,102,0,0,0,0,0,0,0,0
185683,-0.22,99,0,0,0,0,0,0,0,0
185719,-0.08,81,0,0,0,0,0,0,0,0
185755,-0.23,57,0,0,0,0,0,0,0,0
185791,-0.17,37,0,0,0,0,0,0,0,0
185827,-0.15,27,0,0,0,0,0,0,0,0
185863,-0.11,28,0,0,0,0,0,0,0,0
185899,-0.10,35,0,0,0,0,0,0,0,0
185935,-0.15,44,0,0,0,0,0,0,0,0
185971,-0.14,46,0,0,0,0,0,0,0,0
186007,-0.01,39,0,0,0,0,0,0,0,0
186043,-0.13,26,0,0,0,0,0,0,0,0
186079,-0.16,14,0,0,0,0,0,0,0,0
186115,-0.14,5,0,0,0,0,0,0,0,0
186151,-0.16,3,0,0,0,0,0,0,0,0
186187,-0.05,6,0,0,0,0,0,0,0,0
186223,-0.07,11,0,0,0,0,0,0,0,0
186259,-0.09,16,0,0,0,0,0,0,0,0
186295,-0.06,19,0,0,0,0,0,0,0,0
186331,-0.05,20,0,0,0,0,0,0,0,0
186367,-0.17,21,0,0,0,0,0,0,0,0
186403,-0.22,24,0,0,0,0,0,0,0,0
186439,-0.14,34,0,0,0,0,0,0,0,0
186475,-0.11,48,0,0,0,0,0,0,0,0
186511,-0.11,56,0,0,0,0,0,0,0,0
186547,-0.22,49,0,0,0,0,0,0,0,0
186583,-0.19,29,0,0,0,0,0,0,0,0
186619,-0.14,8,0,0,0,0,0,0,0,0
186655,-0.19,-4,0,0,0,0,0,0,0,0
186691,-0.20,-7,0,0,0,0,0,0,0,0
186727,-0.11,-5,0,0,0,0,0,0,0,0
186763,-0.19,0,0,0,0,0,0,0,0,0
186799,-0.15,5,0,0,0,0,0,0,0,0
186835,-0.15,7,0,0,0,0,0,0,0,0
186871,-0.12,3,0,0,0,0,0,0,0,0
186907,-0.15,-4,0,0,0,0,0,0,0,0
186943,-0.13,-9,0,0,0,0,0,0,0,0
186979,-0.12,-11,0,0,0,0,0,0,0,0
187015,-0.15,-8,0,0,0,0,0,0,0,0
187051,-0.21,-4,0,0,0,0,0,0,0,0
187087,-0.10,-2,0,0,0,0,0,0,0,0
187123,-0.15,-2,0,0,0,0,0,0,0,0
187159,-0.14,-1,0,0,0,0,0,0,0,0
187195,-0.09,-1,0,0,0,0,0,0,0,0
187231,-0.15,-2,0,0,0,0,0,0,0,0
187267,-0.14,-3,0,0,0,0,0,0,0,0
187303,-0.11,-5,0,0,0,0,0,0,0,0
187339,-0.17,-5,0,0,0,0,0,0,0,0
187375,-0.12,1,0,0,0,0,0,0,0,0
187411,-0.16,21,0,0,0,0,0,0,0,0
187447,-0.19,46,0,0,0,0,0,0,0,0
187483,-0.14,57,0,0,0,0,0,0,0,0
187519,-0.03,45,0,0,0,0,0,0,0,0
187555,-0.22,18,0,0,0,0,0,0,0,0
187591,-0.16,-5,0,0,0,0,0,0,0,0
187627,-0.20,-16,0,0,0,0,0,0,0,0
187663,-0.13,-16,0,0,0,0,0,0,0,0
187699,-0.15,-8,0,0,0,0,0,0,0,0
187735,-0.16,1,0,0,0,0,0,0,0,0
187771,-0.18,8,0,0,0,0,0,0,0,0
187807,-0.12,7,0,0,0,0,0,0,0,0
187843,-0.14,0,0,0,0,0,0,0,0,0
187879,-0.16,-6,0,0,0,0,0,0,0,0
187915,-0.23,-10,0,0,0,0,0,0,0,0
187951,-0.11,-12,0,0,0,0,0,0,0,0
187987,-0.22,-11,0,0,0,0,0,0,0,0
188023,-0.16,-9,0,0,0,0,0,0,0,0
188059,-0.16,-7,0,0,0,0,0,0,0,0
188095,-0.20,-6,0,0,0,0,0,0,0,0
188131,-0.17,-6,0,0,0,0,0,0,0,0
188167,-0.10,-7,0,0,0,0,0,0,0,0
188203,-0.21,-7,0,0,0,0,0,0,0,0
188239,-0.12,-6,0,0,0,0,0,0,0,0
188275,-0.11,-6,0,0,0,0,0,0,0,0
188311,-0.16,-7,0,0,0,0,0,0,0,0
188347,-0.17,-4,0,0,0,0,0,0,0,0
188383,-0.19,7,0,0,0,0,0,0,0,0
188419,-0.13,32,0,0,0,0,0,0,0,0
188455,-0.15,54,0,0,0,0,0,0,0,0
188491,-0.15,54,0,0,0,0,0,0,0,0
188527,-0.16,33,0,0,0,0,0,0,0,0
188563,-0.20,3,0,0,0,0,0,0,0,0
188599,-0.17,-17,0,0,0,0,0,0,0,0
188635,-0.17,-25,0,0,0,0,0,0,0,0
188671,-0.17,-21,0,0,0,0,0,0,0,0
188707,-0.16,-11,0,0,0,0,0,0,0,0
188743,-0.17,-1,0,0,0,0,0,0,0,0
188779,-0.18,4,0,0,0,0,0,0,0,0
188815,-0.16,3,0,0,0,0,0,0,0,0
188851,-0.10,1,0,0,0,0,0,0,0,0
188887,-0.12,0,0,0,0,0,0,0,0,0
188923,-0.17,-4,0,0,0,0,0,0,0,0
188959,-0.13,-10,0,0,0,0,0,0,0,0
188995,-0.16,-15,0,0,0,0,0,0,0,0
189031,-0.13,-15,0,0,0,0,0,0,0,0
189067,-0.16,-13,0,0,0,0,0,0,0,0
189103,-0.20,-10,0,0,0,0,0,0,0,0
189139,-0.17,-8,0,0,0,0,0,0,0,0
189175,-0.20,-7,0,0,0,0,0,0,0,0
189211,-0.18,-7,0,0,0,0,0,0,0,0
189247,-0.16,-7,0,0,0,0,0,0,0,0
189283,-0.09,-3,0,0,0,0,0,0,0,0
189319,-0.15,10,0,0,0,0,0,0,0,0
189355,-0.11,34,0,0,0,0,0,0,0,0
189391,-0.12,51,0,0,0,0,0,0,0,0
189427,-0.20,48,0,0,0,0,0,0,0,0
189463,-0.17,26,0,0,0,0,0,0,0,0
189499,-0.15,0,0,0,0,0,0,0,0,0
189535,-0.18,-18,0,0,0,0,0,0,0,0
189571,-0.12,-25,0,0,0,0,0,0,0,0
189607,-0.10,-19,0,0,0,0,0,0,0,0
189643,-0.20,-6,0,0,0,0,0,0,0,0
189679,-0.17,4,0,0,0,0,0,0,0,0
189715,-0.18,4,0,0,0,0,0,0,0,0
189751,-0.19,-3,0,0,0,0,0,0,0,0
189787,-0.13,-11,0,0,0,0,0,0,0,0
189823,-0.13,-12,0,0,0,0,0,0,0,0
189859,-0.12,-9,0,0,0,0,0,0,0,0
189895,-0.11,-6,0,0,0,0,0,0,0,0
189931,-0.13,-5,0,0,0,0,0,0,0,0
189967,-0.16,-7,0,0,0,0,0,0,0,0
190003,-0.12,-10,0,0,0,0,0,0,0,0
190039,-0.12,-14,0,0,0,0,0,0,0,0
190075,-0.14,-16,0,0,0,0,0,0,0,0
190111,-0.10,-14,0,0,0,0,0,0,0,0
190147,-0.10,-8,0,0,0,0,0,0,0,0
190183,-0.13,5,0,0,0,0,0,0,0,0
190219,-0.18,27,0,0,0,0,0,0,0,0
190255,-0.14,48,0,0,0,0,0,0,0,0
190291,-0.13,52,0,0,0,0,0,0,0,0
190327,-0.20,36,0,0,0,0,0,0,0,0
190363,-0.06,13,0,0,0,0,0,0,0,0
190399,-0.09,-5,0,0,0,0,0,0,0,0
190435,-0.07,-13,0,0,0,0,0,0,0,0
190471,-0.10,-12,0,0,0,0,0,0,0,0
190507,-0.23,-8,0,0,0,0,0,0,0,0
190543,-0.12,-3,0,0,0,0,0,0,0,0
190579,-0.14,0,0,0,0,0,0,0,0,0
190615,-0.08,0,0,0,0,0,0,0,0,0
190651,-0.03,-5,0,0,0,0,0,0,0,0
190687,-0.13,-13,0,0,0,0,0,0,0,0
190723,-0.11,-20,0,0,0,0,0,0,0,0
190759,-0.21,-22,0,0,0,0,0,0,0,0
190795,-0.15,-18,0,0,0,0,0,0,0,0
190831,-0.17,-11,0,0,0,0,0,0,0,0
190867,-0.14,-6,0,0,0,0,0,0,0,0
190903,-0.08,-3,0,0,0,0,0,0,0,0
190939,-0.12,-3,0,0,0,0,0,0,0,0
190975,-0.19,-4,0,0,0,0,0,0,0,0
191011,-0.06,-6,0,0,0,0,0,0,0,0
191047,-0.21,-8,0,0,0,0,0,0,0,0
191083,-0.18,-12,0,0,0,0,0,0,0,0
191119,-0.13,-12,0,0,0,0,0,0,0,0
191155,-0.15,-1,0,0,0,0,0,0,0,0
191191,-0.20,21,0,0,0,0,0,0,0,0
191227,-0.09,43,0,0,0,0,0,0,0,0
191263,-0.11,46,0,0,0,0,0,0,0,0
191299,-0.18,30,0,0,0,0,0,0,0,0
191335,-0.16,10,0,0,0,0,0,0,0,0
191371,-0.15,0,0,0,0,0,0,0,0,0
191407,-0.13,0,0,0,0,0,0,0,0,0
191443,-0.15,3,0,0,0,0,0,0,0,0
191479,-0.18,5,0,0,0,0,0,0,0,0
191515,-0.06,3,0,0,0,0,0,0,0,0
191551,-0.17,0,0,0,0,0,0,0,0,0
191587,-0.10,-5,0,0,0,0,0,0,0,0
191623,-0.07,-11,0,0,0,0,0,0,0,0
191659,-0.23,-13,0,0,0,0,0,0,0,0
191695,-0.14,-13,0,0,0,0,0,0,0,0
191731,-0.11,-14,0,0,0,0,0,0,0,0
191767,-0.17,-14,0,0,0,0,0,0,0,0
191803,-0.10,-14,0,0,0,0,0,0,0,0
191839,-0.17,-12,0,0,0,0,0,0,0,0
191875,-0.08,-9,0,0,0,0,0,0,0,0
191911,-0.22,-6,0,0,0,0,0,0,0,0
191947,-0.11,-4,0,0,0,0,0,0,0,0
191983,-0.11,-5,0,0,0,0,0,0,0,0
192019,-0.11,-9,0,0,0,0,0,0,0,0
192055,-0.11,-13,0,0,0,0,0,0,0,0
192091,-0.13,-16,0,0,0,0,0,0,0,0
192127,-0.07,-14,0,0,0,0,0,0,0,0
192163,0.02,-4,0,0,0,0,0,0,0,0
192199,-0.09,18,0,0,0,0,0,0,0,0
192235,-0.17,44,0,0,0,0,0,0,0,0
192271,-0.14,53,0,0,0,0,0,0,0,0
192307,-0.07,39,0,0,0,0,0,0,0,0
192343,-0.06,13,0,0,0,0,0,0,0,0
192379,-0.14,-9,0,0,0,0,0,0,0,0
192415,-0.12,-20,0,0,0,0,0,0,0,0
192451,-0.10,-20,0,0,0,0,0,0,0,0
192487,-0.11,-12,0,0,0,0,0,0,0,0
192523,-0.14,-2,0,0,0,0,0,0,0,0
192559,-0.09,4,0,0,0,0,0,0,0,0
192595,-0.07,5,0,0,0,0,0,0,0,0
192631,-0.11,0,0,0,0,0,0,0,0,0
192667,-0.04,-7,0,0,0,0,0,0,0,0
192703,-0.18,-12,0,0,0,0,0,0,0,0
192739,-0.09,-11,0,0,0,0,0,0,0,0
192775,-0.20,-9,0,0,0,0,0,0,0,0
192811,-0.15,-8,0,0,0,0,0,0,0,0
192847,-0.12,-8,0,0,0,0,0,0,0,0
192883,-0.08,-10,0,0,0,0,0,0,0,0
192919,-0.14,-11,0,0,0,0,0,0,0,0
192955,-0.15,-12,0,0,0,0,0,0,0,0
192991,-0.10,-14,0,0,0,0,0,0,0,0
193027,-0.09,-16,0,0,0,0,0,0,0,0
193063,-0.15,-16,0,0,0,0,0,0,0,0
193099,-0.10,-16,0,0,0,0,0,0,0,0
193135,-0.16,-8,0,0,0,0,0,0,0,0
193171,-0.13,14,0,0,0,0,0,0,0,0
193207,-0.12,43,0,0,0,0,0,0,0,0
193243,-0.04,57,0,0,0,0,0,0,0,0
193279,-0.09,45,0,0,0,0,0,0,0,0
193315,-0.17,17,0,0,0,0,0,0,0,0
193351,-0.16,-5,0,0,0,0,0,0,0,0
193387,-0.14,-13,0,0,0,0,0,0,0,0
193423,-0.17,-11,0,0,0,0,0,0,0,0
193459,-0.21,-4,0,0,0,0,0,0,0,0
193495,-0.12,3,0,0,0,0,0,0,0,0
193531,-0.20,7,0,0,0,0,0,0,0,0
193567,-0.15,4,0,0,0,0,0,0,0,0
193603,-0.23,-2,0,0,0,0,0,0,0,0
193639,-0.17,-11,0,0,0,0,0,0,0,0
193675,-0.17,-15,0,0,0,0,0,0,0,0
193711,-0.23,-13,0,0,0,0,0,0,0,0
193747,-0.23,-7,0,0,0,0,0,0,0,0
193783,-0.21,0,0,0,0,0,0,0,0,0
193819,-0.15,5,0,0,0,0,0,0,0,0
193855,-0.19,7,0,0,0,0,0,0,0,0
193891,-0.15,4,0,0,0,0,0,0,0,0
193927,-0.17,-1,0,0,0,0,0,0,0,0
193963,-0.16,-9,0,0,0,0,0,0,0,0
193999,-0.18,-16,0,0,0,0,0,0,0,0
194035,-0.13,-21,0,0,0,0,0,0,0,0
194071,-0.19,-21,0,0,0,0,0,0,0,0
194107,-0.11,-17,0,0,0,0,0,0,0,0
194143,-0.16,-14,0,0,0,0,0,0,0,0
194179,-0.15,-4,0,0,0,0,0,0,0,0
194215,-0.14,19,0,0,0,0,0,0,0,0
194251,-0.13,48,0,0,0,0,0,0,0,0
194287,-0.13,62,0,0,0,0,0,0,0,0
194323,-0.17,49,0,0,0,0,0,0,0,0
194359,-0.08,20,0,0,0,0,0,0,0,0
194395,-0.14,-4,0,0,0,0,0,0,0,0
194431,-0.13,-13,0,0,0,0,0,0,0,0
194467,-0.11,-9,0,0,0,0,0,0,0,0
194503,-0.13,-1,0,0,0,0,0,0,0,0
194539,-0.15,4,0,0,0,0,0,0,0,0
194575,-0.13,4,0,0,0,0,0,0,0,0
194611,-0.09,1,0,0,0,0,0,0,0,0
194647,-0.15,-4,0,0,0,0,0,0,0,0
194683,-0.20,-10,0,0,0,0,0,0,0,0
194719,-0.17,-17,0,0,0,0,0,0,0,0
194755,-0.14,-22,0,0,0,0,0,0,0,0
194791,-0.13,-23,0,0,0,0,0,0,0,0
194827,-0.13,-16,0,0,0,0,0,0,0,0
194863,-0.11,-7,0,0,0,0,0,0,0,0
194899,-0.13,0,0,0,0,0,0,0,0,0
194935,-0.15,1,0,0,0,0,0,0,0,0
194971,-0.15,-2,0,0,0,0,0,0,0,0
195007,-0.16,-7,0,0,0,0,0,0,0,0
195043,-0.16,-9,0,0,0,0,0,0,0,0
195079,-0.18,-9,0,0,0,0,0,0,0,0
195115,-0.15,-10,0,0,0,0,0,0,0,0
195151,-0.07,-14,0,0,0,0,0,0,0,0
195187,-0.09,-20,0,0,0,0,0,0,0,0
195223,-0.18,-23,0,0,0,0,0,0,0,0
195259,-0.19,-14,0,0,0,0,0,0,0,0
195295,-0.13,9,0,0,0,0,0,0,0,0
195331,-0.10,40,0,0,0,0,0,0,0,0
195367,-0.13,58,0,0,0,0,0,0,0,0
195403,-0.15,51,0,0,0,0,0,0,0,0
195439,-0.11,24,0,0,0,0,0,0,0,0
195475,-0.11,-2,0,0,0,0,0,0,0,0
195511,-0.09,-17,0,0,0,0,0,0,0,0
195547,-0.12,-16,0,0,0,0,0,0,0,0
195583,-0.20,-6,0,0,0,0,0,0,0,0
195619,-0.11,5,0,0,0,0,0,0,0,0
195655,-0.19,11,0,0,0,0,0,0,0,0
195691,-0.10,10,0,0,0,0,0,0,0,0
195727,-0.10,0,0,0,0,0,0,0,0,0
195763,-0.17,-14,0,0,0,0,0,0,0,0
195799,-0.05,-26,0,0,0,0,0,0,0,0
195835,-0.11,-28,0,0,0,0,0,0,0,0
195871,-0.17,-20,0,0,0,0,0,0,0,0
195907,-0.05,-10,0,0,0,0,0,0,0,0
195943,-0.09,-6,0,0,0,0,0,0,0,0
195979,-0.15,-7,0,0,0,0,0,0,0,0
196015,-0.12,-10,0,0,0,0,0,0,0,0
196051,-0.07,-12,0,0,0,0,0,0,0,0
196087,-0.06,-15,0,0,0,0,0,0,0,0
196123,-0.18,-18,0,0,0,0,0,0,0,0
196159,-0.12,-19,0,0,0,0,0,0,0,0
196195,-0.07,-19,0,0,0,0,0,0,0,0
196231,-0.14,-23,0,0,0,0,0,0,0,0
196267,-0.11,-28,0,0,0,0,0,0,0,0
196303,-0.07,-24,0,0,0,0,0,0,0,0
196339,-0.10,1,0,0,0,0,0,0,0,0
196375,-0.15,42,0,0,0,0,0,0,0,0
196411,-0.15,73,0,0,0,0,0,0,0,0
196447,-0.17,73,0,0,0,0,0,0,0,0
196483,-0.09,48,0,0,0,0,0,0,0,0
196519,-0.17,20,0,0,0,0,0,0,0,0
196555,-0.13,6,0,0,0,0,0,0,0,0
196591,-0.14,3,0,0,0,0,0,0,0,0
196627,-0.13,5,0,0,0,0,0,0,0,0
196663,-0.11,6,0,0,0,0,0,0,0,0
196699,-0.20,4,0,0,0,0,0,0,0,0
196735,-0.14,-4,0,0,0,0,0,0,0,0
196771,-0.16,-15,0,0,0,0,0,0,0,0
196807,-0.18,-22,0,0,0,0,0,0,0,0
196843,-0.15,-23,0,0,0,0,0,0,0,0
196879,-0.14,-21,0,0,0,0,0,0,0,0
196915,-0.20,-21,0,0,0,0,0,0,0,0
196951,-0.15,-22,0,0,0,0,0,0,0,0
196987,-0.18,-20,0,0,0,0,0,0,0,0
197023,-0.15,-14,0,0,0,0,0,0,0,0
197059,-0.06,-6,0,0,0,0,0,0,0,0
197095,-0.15,-1,0,0,0,0,0,0,0,0
197131,-0.13,-1,0,0,0,0,0,0,0,0
197167,-0.15,-5,0,0,0,0,0,0,0,0
197203,-0.07,-8,0,0,0,0,0,0,0,0
197239,-0.15,-11,0,0,0,0,0,0,0,0
197275,-0.10,-14,0,0,0,0,0,0,0,0
197311,-0.11,-19,0,0,0,0,0,0,0,0
197347,-0.09,-24,0,0,0,0,0,0,0,0
197383,-0.14,-20,0,0,0,0,0,0,0,0
197419,-0.13,3,0,0,0,0,0,0,0,0
197455,-0.14,45,0,0,0,0,0,0,0,0
197491,-0.15,78,0,0,0,0,0,0,0,0
197527,-0.10,80,0,0,0,0,0,0,0,0
197563,-0.13,52,0,0,0,0,0,0,0,0
197599,-0.14,15,0,0,0,0,0,0,0,0
197635,-0.18,-7,0,0,0,0,0,0,0,0
197671,-0.14,-12,0,0,0,0,0,0,0,0
197707,-0.15,-5,0,0,0,0,0,0,0,0
197743,-0.17,4,0,0,0,0,0,0,0,0
197779,-0.17,11,0,0,0,0,0,0,0,0
197815,-0.07,13,0,0,0,0,0,0,0,0
197851,-0.10,8,0,0,0,0,0,0,0,0
197887,-0.13,-1,0,0,0,0,0,0,0,0
197923,-0.19,-12,0,0,0,0,0,0,0,0
197959,-0.16,-19,0,0,0,0,0,0,0,0
197995,-0.20,-21,0,0,0,0,0,0,0,0
198031,-0.16,-19,0,0,0,0,0,0,0,0
198067,-0.12,-16,0,0,0,0,0,0,0,0
198103,-0.11,-12,0,0,0,0,0,0,0,0
198139,-0.15,-11,0,0,0,0,0,0,0,0
198175,-0.14,-12,0,0,0,0,0,0,0,0
198211,-0.21,-13,0,0,0,0,0,0,0,0
198247,-0.15,-13,0,0,0,0,0,0,0,0
198283,-0.18,-14,0,0,0,0,0,0,0,0
198319,-0.13,-14,0,0,0,0,0,0,0,0
198355,-0.13,-14,0,0,0,0,0,0,0,0
198391,-0.13,-16,0,0,0,0,0,0,0,0
198427,-0.18,-12,0,0,0,0,0,0,0,0
198463,-0.18,8,0,0,0,0,0,0,0,0
198499,-0.14,44,0,0,0,0,0,0,0,0
198535,-0.21,71,0,0,0,0,0,0,0,0
198571,-0.16,69,0,0,0,0,0,0,0,0
198607,-0.13,40,0,0,0,0,0,0,0,0
198643,-0.13,6,0,0,0,0,0,0,0,0
198679,-0.16,-12,0,0,0,0,0,0,0,0
198715,-0.14,-15,0,0,0,0,0,0,0,0
198751,-0.17,-8,0,0,0,0,0,0,0,0
198787,-0.14,2,0,0,0,0,0,0,0,0
198823,-0.14,9,0,0,0,0,0,0,0,0
198859,-0.18,9,0,0,0,0,0,0,0,0
198895,-0.20,2,0,0,0,0,0,0,0,0
198931,-0.10,-7,0,0,0,0,0,0,0,0
198967,-0.14,-18,0,0,0,0,0,0,0,0
199003,-0.17,-27,0,0,0,0,0,0,0,0
199039,-0.13,-29,0,0,0,0,0,0,0,0
199075,-0.16,-24,0,0,0,0,0,0,0,0
199111,-0.20,-17,0,0,0,0,0,0,0,0
199147,-0.26,-13,0,0,0,0,0,0,0,0
199183,-0.08,-11,0,0,0,0,0,0,0,0
199219,-0.23,-10,0,0,0,0,0,0,0,0
199255,-0.19,-12,0,0,0,0,0,0,0,0
199291,-0.14,-17,0,0,0,0,0,0,0,0
199327,-0.12,-23,0,0,0,0,0,0,0,0
199363,-0.14,-26,0,0,0,0,0,0,0,0
199399,-0.17,-24,0,0,0,0,0,0,0,0
199435,-0.21,-12,0,0,0,0,0,0,0,0
199471,-0.14,18,0,0,0,0,0,0,0,0
199507,-0.18,65,0,0,0,0,0,0,0,0
199543,-0.20,101,0,0,0,0,0,0,0,0
199579,-0.15,104,0,0,0,0,0,0,0,0
199615,-0.11,77,0,0,0,0,0,0,0,0
199651,-0.10,41,0,0,0,0,0,0,0,0
199687,-0.20,13,0,0,0,0,0,0,0,0
199723,-0.14,1,0,0,0,0,0,0,0,0
199759,-0.17,-1,0,0,0,0,0,0,0,0
199795,-0.12,-2,0,0,0,0,0,0,0,0
199831,-0.15,-2,0,0,0,0,0,0,0,0
199867,-0.25,-4,0,0,0,0,0,0,0,0
199903,-0.16,-11,0,0,0,0,0,0,0,0
199939,-0.06,-20,0,0,0,0,0,0,0,0
199975,-0.13,-28,0,0,0,0,0,0,0,0
200011,-0.12,-33,0,0,0,0,0,0,0,0
200047,-0.15,-35,0,0,0,0,0,0,0,0
200083,-0.16,-34,0,0,0,0,0,0,0,0
200119,-0.13,-29,0,0,0,0,0,0,0,0
200155,-0.10,-25,0,0,0,0,0,0,0,0
200191,-0.12,-25,0,0,0,0,0,0,0,0
200227,-0.13,-27,0,0,0,0,0,0,0,0
200263,-0.14,-30,0,0,0,0,0,0,0,0
200299,-0.05,-32,0,0,0,0,0,0,0,0
200335,-0.15,-33,0,0,0,0,0,0,0,0
200371,-0.19,-34,0,0,0,0,0,0,0,0
200407,-0.13,-35,0,0,0,0,0,0,0,0
200443,-0.09,-35,0,0,0,0,0,0,0,0
200479,-0.14,-30,0,0,0,0,0,0,0,0
200515,-0.13,-4,0,0,0,0,0,0,0,0
200551,-0.15,47,0,0,0,0,0,0,0,0
200587,-0.14,103,0,0,0,0,0,0,0,0
200623,-0.09,125,0,0,0,0,0,0,0,0
200659,-0.09,103,0,0,0,0,0,0,0,0
200695,-0.08,55,0,0,0,0,0,0,0,0
200731,-0.18,9,0,0,0,0,0,0,0,0
200767,-0.09,-11,0,0,0,0,0,0,0,0
200803,-0.20,-9,0,0,0,0,0,0,0,0
200839,-0.19,3,0,0,0,0,0,0,0,0
200875,-0.13,15,0,0,0,0,0,0,0,0
200911,-0.22,21,0,0,0,0,0,0,0,0
200947,-0.16,17,0,0,0,0,0,0,0,0
200983,-0.17,6,0,0,0,0,0,0,0,0
201019,-0.21,-6,0,0,0,0,0,0,0,0
201055,-0.17,-19,0,0,0,0,0,0,0,0
201091,-0.09,-30,0,0,0,0,0,0,0,0
201127,-0.10,-37,0,0,0,0,0,0,0,0
201163,-0.18,-40,0,0,0,0,0,0,0,0
201199,-0.14,-38,0,0,0,0,0,0,0,0
201235,-0.10,-33,0,0,0,0,0,0,0,0
201271,-0.14,-30,0,0,0,0,0,0,0,0
201307,-0.16,-30,0,0,0,0,0,0,0,0
201343,-0.08,-30,0,0,0,0,0,0,0,0
201379,-0.11,-31,0,0,0,0,0,0,0,0
201415,-0.10,-33,0,0,0,0,0,0,0,0
201451,-0.11,-30,0,0,0,0,0,0,0,0
201487,-0.01,-20,0,0,0,0,0,0,0,0
201523,-0.23,7,0,0,0,0,0,0,0,0
201559,-0.14,52,0,0,0,0,0,0,0,0
201595,-0.20,94,0,0,0,0,0,0,0,0
201631,-0.17,107,0,0,0,0,0,0,0,0
201667,-0.11,84,0,0,0,0,0,0,0,0
201703,-0.14,40,0,0,0,0,0,0,0,0
201739,-0.19,1,0,0,0,0,0,0,0,0
201775,-0.21,-19,0,0,0,0,0,0,0,0
201811,-0.12,-20,0,0,0,0,0,0,0,0
201847,-0.17,-7,0,0,0,0,0,0,0,0
201883,-0.12,9,0,0,0,0,0,0,0,0
201919,-0.10,12,0,0,0,0,0,0,0,0
201955,-0.10,-2,0,0,0,0,0,0,0,0
201991,-0.20,-28,0,0,0,0,0,0,0,0
202027,-0.15,-52,0,0,0,0,0,0,0,0
202063,-0.12,-67,0,0,0,0,0,0,0,0
202099,-0.07,-74,0,0,0,0,0,0,0,0
202135,-0.05,-71,0,0,0,0,0,0,0,0
202171,-0.13,-62,0,0,0,0,0,0,0,0
202207,-0.17,-51,0,0,0,0,0,0,0,0
202243,-0.12,-40,0,0,0,0,0,0,0,0
202279,-0.15,-32,0,0,0,0,0,0,0,0
202315,-0.17,-28,0,0,0,0,0,0,0,0
202351,-0.13,-26,0,0,0,0,0,0,0,0
202387,-0.12,-25,0,0,0,0,0,0,0,0
202423,-0.21,-23,0,0,0,0,0,0,0,0
202459,-0.16,-8,0,0,0,0,0,0,0,0
202495,-0.13,32,0,0,0,0,0,0,0,0
202531,-0.17,96,0,0,0,0,0,0,0,0
202567,-0.22,147,0,0,0,0,0,0,0,0
202603,-0.19,152,0,0,0,0,0,0,0,0
202639,-0.18,111,0,0,0,0,0,0,0,0
202675,-0.15,57,0,0,0,0,0,0,0,0
202711,-0.13,19,0,0,0,0,0,0,0,0
202747,-0.16,0,0,0,0,0,0,0,0,0
202783,-0.14,-5,0,0,0,0,0,0,0,0
202819,-0.19,-3,0,0,0,0,0,0,0,0
202855,-0.15,2,0,0,0,0,0,0,0,0
202891,-0.17,6,0,0,0,0,0,0,0,0
202927,-0.19,0,0,0,0,0,0,0,0,0
202963,-0.16,-17,0,0,0,0,0,0,0,0
202999,-0.19,-39,0,0,0,0,0,0,0,0
203035,-0.12,-55,0,0,0,0,0,0,0,0
203071,-0.23,-60,0,0,0,0,0,0,0,0
203107,-0.11,-56,0,0,0,0,0,0,0,0
203143,-0.21,-47,0,0,0,0,0,0,0,0
203179,-0.22,-39,0,0,0,0,0,0,0,0
203215,-0.17,-35,0,0,0,0,0,0,0,0
203251,-0.17,-34,0,0,0,0,0,0,0,0
203287,-0.14,-36,0,0,0,0,0,0,0,0
203323,-0.18,-39,0,0,0,0,0,0,0,0
203359,-0.13,-40,0,0,0,0,0,0,0,0
203395,-0.05,-39,0,0,0,0,0,0,0,0
203431,-0.17,-29,0,0,0,0,0,0,0,0
203467,-0.15,5,0,0,0,0,0,0,0,0
203503,-0.11,72,0,0,0,0,0,0,0,0
203539,-0.15,142,0,0,0,0,0,0,0,0
203575,-0.13,168,0,0,0,0,0,0,0,0
203611,-0.19,140,0,0,0,0,0,0,0,0
203647,-0.13,79,0,0,0,0,0,0,0,0
203683,-0.20,20,0,0,0,0,0,0,0,0
203719,-0.20,-14,0,0,0,0,0,0,0,0
203755,-0.12,-22,0,0,0,0,0,0,0,0
203791,-0.24,-13,0,0,0,0,0,0,0,0
203827,-0.15,0,0,0,0,0,0,0,0,0
203863,-0.17,8,0,0,0,0,0,0,0,0
203899,-0.15,7,0,0,0,0,0,0,0,0
203935,-0.22,-6,0,0,0,0,0,0,0,0
203971,-0.10,-28,0,0,0,0,0,0,0,0
204007,-0.19,-47,0,0,0,0,0,0,0,0
204043,-0.16,-55,0,0,0,0,0,0,0,0
204079,-0.26,-54,0,0,0,0,0,0,0,0
204115,-0.19,-48,0,0,0,0,0,0,0,0
204151,-0.14,-40,0,0,0,0,0,0,0,0
204187,-0.12,-32,0,0,0,0,0,0,0,0
204223,-0.16,-28,0,0,0,0,0,0,0,0
204259,-0.13,-29,0,0,0,0,0,0,0,0
204295,-0.15,-31,0,0,0,0,0,0,0,0
204331,-0.13,-35,0,0,0,0,0,0,0,0
204367,-0.20,-34,0,0,0,0,0,0,0,0
204403,-0.10,-11,0,0,0,0,0,0,0,0
204439,-0.20,47,0,0,0,0,0,0,0,0
204475,-0.08,121,0,0,0,0,0,0,0,0
204511,-0.10,162,0,0,0,0,0,0,0,0
204547,-0.15,144,0,0,0,0,0,0,0,0
204583,-0.11,85,0,0,0,0,0,0,0,0
204619,-0.18,23,0,0,0,0,0,0,0,0
204655,-0.08,-16,0,0,0,0,0,0,0,0
204691,-0.12,-27,0,0,0,0,0,0,0,0
204727,-0.18,-14,0,0,0,0,0,0,0,0
204763,-0.18,5,0,0,0,0,0,0,0,0
204799,-0.17,14,0,0,0,0,0,0,0,0
204835,-0.21,6,0,0,0,0,0,0,0,0
204871,-0.13,-13,0,0,0,0,0,0,0,0
204907,-0.09,-35,0,0,0,0,0,0,0,0
204943,-0.17,-51,0,0,0,0,0,0,0,0
204979,-0.08,-59,0,0,0,0,0,0,0,0
205015,-0.07,-58,0,0,0,0,0,0,0,0
205051,-0.11,-48,0,0,0,0,0,0,0,0
205087,-0.22,-37,0,0,0,0,0,0,0,0
205123,-0.18,-35,0,0,0,0,0,0,0,0
205159,-0.15,-48,0,0,0,0,0,0,0,0
205195,-0.16,-58,0,0,0,0,0,0,0,0
205231,-0.11,-38,0,0,0,0,0,0,0,0
205267,-0.15,25,0,0,0,0,0,0,0,0
205303,-0.06,117,0,0,0,0,0,0,0,0
205339,-0.15,186,0,0,0,0,0,0,0,0
205375,-0.06,180,0,0,0,0,0,0,0,0
205411,-0.14,91,0,0,0,0,0,0,0,0
205447,-0.19,-24,0,0,0,0,0,0,0,0
205483,-0.10,-93,0,0,0,0,0,0,0,0
205519,-0.13,-84,0,0,0,0,0,0,0,0
205555,-0.15,-27,0,0,0,0,0,0,0,0
205591,-0.21,-8,0,0,0,0,0,0,0,0
205627,-0.18,-130,0,0,0,0,0,0,0,0
205663,-0.09,-486,0,0,0,0,0,0,0,0
205699,-0.09,-918,0,0,0,0,0,0,0,0
205735,-0.12,-987,0,0,0,0,0,0,0,0
205771,-0.15,-544,0,0,0,0,0,0,0,0
205807,-0.07,-63,0,0,0,0,0,0,0,0
205843,-0.12,141,0,0,0,0,0,0,0,0
205879,-0.13,331,0,0,0,0,0,0,0,0
205915,-0.11,608,0,0,0,0,0,0,0,0
205951,-0.17,829,0,0,0,0,0,0,0,0
205987,-0.08,951,0,0,0,0,0,0,0,0
206023,-0.13,984,0,0,0,0,0,0,0,0
206059,-0.20,956,0,0,0,0,0,0,0,0
206095,-0.14,897,0,0,0,0,0,0,0,0
206131,-0.10,829,0,0,0,0,0,0,0,0
206167,-0.20,762,0,0,0,0,0,0,0,0
206203,-0.09,704,0,0,0,0,0,0,0,0
206239,-0.11,654,0,0,0,0,0,0,0,0
206275,-0.13,610,0,0,0,0,0,0,0,0
206311,-0.17,572,0,0,0,0,0,0,0,0
206347,-0.14,538,0,0,0,0,0,0,0,0
206383,-0.07,506,0,0,0,0,0,0,0,0
206419,-0.10,476,0,0,0,0,0,0,0,0
206455,-0.08,447,0,0,0,0,0,0,0,0
206491,-0.07,420,0,0,0,0,0,0,0,0
206527,-0.16,395,0,0,0,0,0,0,0,0
206563,-0.15,371,0,0,0,0,0,0,0,0
206599,-0.10,348,0,0,0,0,0,0,0,0
206635,-0.17,327,0,0,0,0,0,0,0,0
206671,-0.16,307,0,0,0,0,0,0,0,0
206707,-0.14,288,0,0,0,0,0,0,0,0
206743,-0.11,270,0,0,0,0,0,0,0,0
206779,-0.16,254,0,0,0,0,0,0,0,0
206815,-0.15,238,0,0,0,0,0,0,0,0
206851,-0.17,-43,0,0,0,0,0,0,0,0
206887,-0.01,-882,0,0,0,0,0,0,0,0
206923,-0.13,-1948,0,0,0,0,0,0,0,0
206959,-0.16,-2762,0,0,0,0,0,0,0,0
206995,-0.13,-3197,0,0,0,0,0,0,0,0
207031,-0.12,-3307,0,0,0,0,0,0,0,0
207067,-0.10,-3205,0,0,0,0,0,0,0,0
207103,-0.20,-2997,0,0,0,0,0,0,0,0
207139,-0.11,-2760,0,0,0,0,0,0,0,0
207175,-0.14,-2534,0,0,0,0,0,0,0,0
207211,-0.08,-2336,0,0,0,0,0,0,0,0
207247,-0.15,-2168,0,0,0,0,0,0,0,0
207283,-0.11,-2024,0,0,0,0,0,0,0,0
207319,-0.12,-1899,0,0,0,0,0,0,0,0
207355,-0.07,-1785,0,0,0,0,0,0,0,0
207391,-0.11,-1679,0,0,0,0,0,0,0,0
207427,-0.09,-1580,0,0,0,0,0,0,0,0
207463,-0.11,-1486,0,0,0,0,0,0,0,0
207499,-0.18,-1396,0,0,0,0,0,0,0,0
207535,-0.16,-1311,0,0,0,0,0,0,0,0
207571,-0.09,-1232,0,0,0,0,0,0,0,0
207607,-0.14,-1156,0,0,0,0,0,0,0,0
207643,-0.13,-1086,0,0,0,0,0,0,0,0
207679,-0.11,-1019,0,0,0,0,0,0,0,0
207715,-0.10,-957,0,0,0,0,0,0,0,0
207751,-0.13,-899,0,0,0,0,0,0,0,0
207787,-0.09,-753,0,0,0,0,0,0,0,0
207823,-0.21,-352,0,0,0,0,0,0,0,0
207859,-0.14,280,0,0,0,0,0,0,0,0
207895,-0.07,903,0,0,0,0,0,0,0,0
207931,-0.11,1307,0,0,0,0,0,0,0,0
207967,-0.14,1444,0,0,0,0,0,0,0,0
208003,-0.16,1387,0,0,0,0,0,0,0,0
208039,-0.11,1246,0,0,0,0,0,0,0,0
208075,-0.12,1112,0,0,0,0,0,0,0,0
208111,-0.14,1029,0,0,0,0,0,0,0,0
208147,-0.16,991,0,0,0,0,0,0,0,0
208183,-0.15,963,0,0,0,0,0,0,0,0
208219,-0.14,927,0,0,0,0,0,0,0,0
208255,-0.12,886,0,0,0,0,0,0,0,0
208291,-0.09,846,0,0,0,0,0,0,0,0
208327,-0.07,801,0,0,0,0,0,0,0,0
208363,-0.15,750,0,0,0,0,0,0,0,0
208399,-0.15,704,0,0,0,0,0,0,0,0
208435,-0.18,674,0,0,0,0,0,0,0,0
208471,-0.14,661,0,0,0,0,0,0,0,0
208507,-0.12,660,0,0,0,0,0,0,0,0
208543,-0.05,663,0,0,0,0,0,0,0,0
208579,-0.14,659,0,0,0,0,0,0,0,0
208615,-0.09,643,0,0,0,0,0,0,0,0
208651,-0.17,616,0,0,0,0,0,0,0,0
208687,-0.19,584,0,0,0,0,0,0,0,0
208723,-0.11,554,0,0,0,0,0,0,0,0
208759,-0.15,528,0,0,0,0,0,0,0,0
208795,-0.12,504,0,0,0,0,0,0,0,0
208831,-0.08,480,0,0,0,0,0,0,0,0
208867,-0.15,459,0,0,0,0,0,0,0,0
208903,-0.15,440,0,0,0,0,0,0,0,0
208939,-0.19,421,0,0,0,0,0,0,0,0
208975,-0.13,402,0,0,0,0,0,0,0,0
209011,-0.09,384,0,0,0,0,0,0,0,0
209047,-0.16,369,0,0,0,0,0,0,0,0
209083,-0.17,357,0,0,0,0,0,0,0,0
209119,-0.14,347,0,0,0,0,0,0,0,0
209155,-0.12,338,0,0,0,0,0,0,0,0
209191,-0.20,328,0,0,0,0,0,0,0,0
209227,-0.14,319,0,0,0,0,0,0,0,0
209263,-0.11,318,0,0,0,0,0,0,0,0
209299,-0.11,321,0,0,0,0,0,0,0,0
209335,-0.16,315,0,0,0,0,0,0,0,0
209371,-0.14,292,0,0,0,0,0,0,0,0
209407,-0.20,256,0,0,0,0,0,0,0,0
209443,-0.09,220,0,0,0,0,0,0,0,0
209479,-0.17,193,0,0,0,0,0,0,0,0
209515,-0.22,176,0,0,0,0,0,0,0,0
209551,-0.14,169,0,0,0,0,0,0,0,0
209587,-0.15,171,0,0,0,0,0,0,0,0
209623,-0.17,175,0,0,0,0,0,0,0,0
209659,-0.02,172,0,0,0,0,0,0,0,0
209695,-0.11,162,0,0,0,0,0,0,0,0
209731,-0.15,150,0,0,0,0,0,0,0,0
209767,-0.11,139,0,0,0,0,0,0,0,0
209803,-0.09,128,0,0,0,0,0,0,0,0
209839,-0.14,115,0,0,0,0,0,0,0,0
209875,-0.10,99,0,0,0,0,0,0,0,0
209911,-0.23,87,0,0,0,0,0,0,0,0
209947,-0.16,81,0,0,0,0,0,0,0,0
209983,-0.13,82,0,0,0,0,0,0,0,0
210019,-0.10,86,0,0,0,0,0,0,0,0
210055,-0.16,90,0,0,0,0,0,0,0,0
210091,-0.10,95,0,0,0,0,0,0,0,0
210127,-0.16,96,0,0,0,0,0,0,0,0
210163,-0.08,93,0,0,0,0,0,0,0,0
210199,-0.19,86,0,0,0,0,0,0,0,0
210235,-0.14,77,0,0,0,0,0,0,0,0
210271,-0.17,71,0,0,0,0,0,0,0,0
210307,-0.13,71,0,0,0,0,0,0,0,0
210343,-0.14,79,0,0,0,0,0,0,0,0
210379,-0.10,93,0,0,0,0,0,0,0,0
210415,-0.07,108,0,0,0,0,0,0,0,0
210451,-0.17,112,0,0,0,0,0,0,0,0
210487,-0.13,102,0,0,0,0,0,0,0,0
210523,-0.09,82,0,0,0,0,0,0,0,0
210559,-0.18,64,0,0,0,0,0,0,0,0
210595,-0.14,54,0,0,0,0,0,0,0,0
210631,-0.14,50,0,0,0,0,0,0,0,0
210667,-0.11,51,0,0,0,0,0,0,0,0
210703,-0.14,52,0,0,0,0,0,0,0,0
210739,-0.20,53,0,0,0,0,0,0,0,0
210775,-0.11,53,0,0,0,0,0,0,0,0
210811,-0.17,52,0,0,0,0,0,0,0,0
210847,-0.19,50,0,0,0,0,0,0,0,0
210883,-0.14,50,0,0,0,0,0,0,0,0
210919,-0.19,53,0,0,0,0,0,0,0,0
210955,-0.05,58,0,0,0,0,0,0,0,0
210991,-0.10,60,0,0,0,0,0,0,0,0
211027,-0.21,58,0,0,0,0,0,0,0,0
211063,-0.07,53,0,0,0,0,0,0,0,0
211099,-0.18,48,0,0,0,0,0,0,0,0
211135,-0.16,46,0,0,0,0,0,0,0,0
211171,-0.10,46,0,0,0,0,0,0,0,0
211207,-0.09,47,0,0,0,0,0,0,0,0
211243,-0.14,45,0,0,0,0,0,0,0,0
211279,-0.15,44,0,0,0,0,0,0,0,0
211315,-0.13,42,0,0,0,0,0,0,0,0
211351,-0.15,39,0,0,0,0,0,0,0,0
211387,-0.20,38,0,0,0,0,0,0,0,0
211423,-0.07,42,0,0,0,0,0,0,0,0
211459,-0.11,55,0,0,0,0,0,0,0,0
211495,-0.02,66,0,0,0,0,0,0,0,0
211531,-0.14,65,0,0,0,0,0,0,0,0
211567,-0.20,51,0,0,0,0,0,0,0,0
211603,-0.10,31,0,0,0,0,0,0,0,0
211639,-0.10,17,0,0,0,0,0,0,0,0
211675,-0.13,13,0,0,0,0,0,0,0,0
211711,-0.15,19,0,0,0,0,0,0,0,0
211747,-0.13,28,0,0,0,0,0,0,0,0
211783,-0.18,35,0,0,0,0,0,0,0,0
211819,-0.13,36,0,0,0,0,0,0,0,0
211855,-0.16,33,0,0,0,0,0,0,0,0
211891,-0.17,27,0,0,0,0,0,0,0,0
211927,-0.08,20,0,0,0,0,0,0,0,0
211963,-0.15,15,0,0,0,0,0,0,0,0
211999,-0.18,14,0,0,0,0,0,0,0,0
212035,-0.10,16,0,0,0,0,0,0,0,0
212071,-0.13,20,0,0,0,0,0,0,0,0
212107,-0.12,23,0,0,0,0,0,0,0,0
212143,-0.16,24,0,0,0,0,0,0,0,0
212179,-0.17,23,0,0,0,0,0,0,0,0
212215,-0.18,22,0,0,0,0,0,0,0,0
212251,-0.07,22,0,0,0,0,0,0,0,0
212287,-0.11,24,0,0,0,0,0,0,0,0
212323,-0.06,26,0,0,0,0,0,0,0,0
212359,-0.20,29,0,0,0,0,0,0,0,0
212395,-0.17,32,0,0,0,0,0,0,0,0
212431,-0.05,33,0,0,0,0,0,0,0,0
212467,-0.06,32,0,0,0,0,0,0,0,0
212503,-0.03,34,0,0,0,0,0,0,0,0
212539,-0.18,44,0,0,0,0,0,0,0,0
212575,-0.17,53,0,0,0,0,0,0,0,0
212611,-0.10,50,0,0,0,0,0,0,0,0
212647,-0.10,35,0,0,0,0,0,0,0,0
212683,-0.14,14,0,0,0,0,0,0,0,0
212719,-0.06,-2,0,0,0,0,0,0,0,0
212755,-0.06,-9,0,0,0,0,0,0,0,0
212791,-0.11,-6,0,0,0,0,0,0,0,0
212827,-0.13,2,0,0,0,0,0,0,0,0
212863,-0.19,9,0,0,0,0,0,0,0,0
212899,-0.10,10,0,0,0,0,0,0,0,0
212935,-0.15,6,0,0,0,0,0,0,0,0
212971,-0.09,0,0,0,0,0,0,0,0,0
213007,-0.17,-3,0,0,0,0,0,0,0,0
213043,-0.09,-6,0,0,0,0,0,0,0,0
213079,-0.10,-5,0,0,0,0,0,0,0,0
213115,-0.11,0,0,0,0,0,0,0,0,0
213151,-0.11,8,0,0,0,0,0,0,0,0
213187,-0.15,13,0,0,0,0,0,0,0,0
213223,-0.11,15,0,0,0,0,0,0,0,0
213259,-0.17,14,0,0,0,0,0,0,0,0
213295,-0.10,12,0,0,0,0,0,0,0,0
213331,-0.08,9,0,0,0,0,0,0,0,0
213367,-0.16,7,0,0,0,0,0,0,0,0
213403,-0.09,3,0,0,0,0,0,0,0,0
213439,-0.12,0,0,0,0,0,0,0,0,0
213475,-0.15,0,0,0,0,0,0,0,0,0
213511,-0.09,3,0,0,0,0,0,0,0,0
213547,-0.06,12,0,0,0,0,0,0,0,0
213583,-0.12,27,0,0,0,0,0,0,0,0
213619,-0.13,45,0,0,0,0,0,0,0,0
213655,-0.23,54,0,0,0,0,0,0,0,0
213691,-0.12,51,0,0,0,0,0,0,0,0
213727,-0.25,38,0,0,0,0,0,0,0,0
213763,-0.13,23,0,0,0,0,0,0,0,0
213799,-0.08,14,0,0,0,0,0,0,0,0
213835,-0.15,10,0,0,0,0,0,0,0,0
213871,-0.10,9,0,0,0,0,0,0,0,0
213907,-0.11,10,0,0,0,0,0,0,0,0
213943,-0.12,10,0,0,0,0,0,0,0,0
213979,-0.11,8,0,0,0,0,0,0,0,0
214015,-0.10,2,0,0,0,0,0,0,0,0
214051,-0.15,-5,0,0,0,0,0,0,0,0
214087,-0.18,-11,0,0,0,0,0,0,0,0
214123,-0.08,-13,0,0,0,0,0,0,0,0
214159,-0.07,-12,0,0,0,0,0,0,0,0
214195,-0.15,-9,0,0,0,0,0,0,0,0
214231,-0.11,-4,0,0,0,0,0,0,0,0
214267,-0.11,-2,0,0,0,0,0,0,0,0
214303,-0.08,-4,0,0,0,0,0,0,0,0
214339,-0.17,-12,0,0,0,0,0,0,0,0
214375,-0.18,-25,0,0,0,0,0,0,0,0
214411,-0.10,-43,0,0,0,0,0,0,0,0
214447,-0.05,-51,0,0,0,0,0,0,0,0
214483,-0.17,-35,0,0,0,0,0,0,0,0
214519,-0.04,-9,0,0,0,0,0,0,0,0
214555,-0.05,2,0,0,0,0,0,0,0,0
214591,-0.06,-2,0,0,0,0,0,0,0,0
214627,-0.17,-6,0,0,0,0,0,0,0,0
214663,-0.11,3,0,0,0,0,0,0,0,0
214699,-0.05,24,0,0,0,0,0,0,0,0
214735,-0.05,44,0,0,0,0,0,0,0,0
214771,-0.23,53,0,0,0,0,0,0,0,0
214807,-0.16,51,0,0,0,0,0,0,0,0
214843,-0.14,42,0,0,0,0,0,0,0,0
214879,-0.19,35,0,0,0,0,0,0,0,0
214915,-0.16,32,0,0,0,0,0,0,0,0
214951,-0.20,31,0,0,0,0,0,0,0,0
214987,0.00,28,0,0,0,0,0,0,0,0
215023,-0.10,26,0,0,0,0,0,0,0,0
215059,-0.11,27,0,0,0,0,0,0,0,0
215095,-0.12,34,0,0,0,0,0,0,0,0
215131,-0.09,41,0,0,0,0,0,0,0,0
215167,-0.11,41,0,0,0,0,0,0,0,0
215203,-0.11,33,0,0,0,0,0,0,0,0
215239,-0.14,27,0,0,0,0,0,0,0,0
215275,-0.10,25,0,0,0,0,0,0,0,0
215311,-0.07,24,0,0,0,0,0,0,0,0
215347,-0.09,20,0,0,0,0,0,0,0,0
215383,-0.13,11,0,0,0,0,0,0,0,0
215419,-0.13,1,0,0,0,0,0,0,0,0
215455,-0.18,-6,0,0,0,0,0,0,0,0
215491,-0.05,-6,0,0,0,0,0,0,0,0
215527,-0.11,-2,0,0,0,0,0,0,0,0
215563,-0.13,-2,0,0,0,0,0,0,0,0
215599,-0.16,-9,0,0,0,0,0,0,0,0
215635,-0.15,-16,0,0,0,0,0,0,0,0
215671,-0.13,-13,0,0,0,0,0,0,0,0
215707,-0.08,3,0,0,0,0,0,0,0,0
215743,-0.15,28,0,0,0,0,0,0,0,0
215779,-0.08,54,0,0,0,0,0,0,0,0
215815,-0.10,84,0,0,0,0,0,0,0,0
215851,-0.13,117,0,0,0,0,0,0,0,0
215887,-0.25,147,0,0,0,0,0,0,0,0
215923,-0.22,166,0,0,0,0,0,0,0,0
215959,-0.15,186,0,0,0,0,0,0,0,0
215995,-0.13,246,0,0,0,0,0,0,0,0
216031,-0.13,388,0,0,0,0,0,0,0,0
216067,-0.09,576,0,0,0,0,0,0,0,0
216103,-0.09,731,0,0,0,0,0,0,0,0
216139,-0.17,787,0,0,0,0,0,0,0,0
216175,-0.17,679,0,0,0,0,0,0,0,0
216211,-0.20,405,0,0,0,0,0,0,0,0
216247,-0.07,65,0,0,0,0,0,0,0,0
216283,-0.04,-213,0,0,0,0,0,0,0,0
216319,-0.16,-349,0,0,0,0,0,0,0,0
216355,-0.07,-330,0,0,0,0,0,0,0,0
216391,-0.10,-162,0,0,0,0,0,0,0,0
216427,-0.09,118,0,0,0,0,0,0,0,0
216463,-0.14,409,0,0,0,0,0,0,0,0
216499,-0.10,617,0,0,0,0,0,0,0,0
216535,-0.13,723,0,0,0,0,0,0,0,0
216571,-0.15,747,0,0,0,0,0,0,0,0
216607,-0.14,548,0,0,0,0,0,0,0,0
216643,-0.16,-127,0,0,0,0,0,0,0,0
216679,-0.13,-1100,0,0,0,0,0,0,0,0
216715,-0.15,-1841,0,0,0,0,0,0,0,0
216751,-0.12,-2213,0,0,0,0,0,0,0,0
216787,-0.01,-2442,0,0,0,0,0,0,0,0
216823,-0.15,-2599,0,0,0,0,0,0,0,0
216859,-0.11,-2639,0,0,0,0,0,0,0,0
216895,-0.10,-2580,0,0,0,0,0,0,0,0
216931,-0.16,-2456,0,0,0,0,0,0,0,0
216967,-0.13,-2035,0,0,0,0,0,0,0,0
217003,-0.12,-1051,0,0,0,0,0,0,0,0
217039,-0.15,150,0,0,0,0,0,0,0,0
217075,-0.03,1087,0,0,0,0,0,0,0,0
217111,-0.08,1633,0,0,0,0,0,0,0,0
217147,-0.10,1842,0,0,0,0,0,0,0,0
217183,-0.15,1830,0,0,0,0,0,0,0,0
217219,-0.06,1706,0,0,0,0,0,0,0,0
217255,-0.05,1546,0,0,0,0,0,0,0,0
217291,-0.06,1393,0,0,0,0,0,0,0,0
217327,-0.13,1264,0,0,0,0,0,0,0,0
217363,-0.04,1161,0,0,0,0,0,0,0,0
217399,-0.08,1078,0,0,0,0,0,0,0,0
217435,-0.08,1010,0,0,0,0,0,0,0,0
217471,-0.08,951,0,0,0,0,0,0,0,0
217507,-0.14,896,0,0,0,0,0,0,0,0
217543,-0.14,844,0,0,0,0,0,0,0,0
217579,-0.16,795,0,0,0,0,0,0,0,0
217615,-0.20,747,0,0,0,0,0,0,0,0
217651,-0.13,702,0,0,0,0,0,0,0,0
217687,-0.03,659,0,0,0,0,0,0,0,0
217723,-0.08,619,0,0,0,0,0,0,0,0
217759,-0.05,581,0,0,0,0,0,0,0,0
217795,-0.16,546,0,0,0,0,0,0,0,0
217831,-0.20,512,0,0,0,0,0,0,0,0
217867,-0.14,481,0,0,0,0,0,0,0,0
217903,-0.16,452,0,0,0,0,0,0,0,0
217939,-0.20,424,0,0,0,0,0,0,0,0
217975,-0.17,398,0,0,0,0,0,0,0,0
218011,-0.20,374,0,0,0,0,0,0,0,0
218047,-0.19,351,0,0,0,0,0,0,0,0
218083,-0.11,330,0,0,0,0,0,0,0,0
218119,-0.17,310,0,0,0,0,0,0,0,0
218155,-0.20,291,0,0,0,0,0,0,0,0
218191,-0.09,273,0,0,0,0,0,0,0,0
218227,-0.07,256,0,0,0,0,0,0,0,0
218263,-0.10,241,0,0,0,0,0,0,0,0
218299,-0.22,226,0,0,0,0,0,0,0,0
218335,-0.20,212,0,0,0,0,0,0,0,0
218371,-0.13,199,0,0,0,0,0,0,0,0
218407,-0.18,187,0,0,0,0,0,0,0,0
218443,-0.21,176,0,0,0,0,0,0,0,0
218479,-0.16,165,0,0,0,0,0,0,0,0
218515,-0.17,155,0,0,0,0,0,0,0,0
218551,-0.13,145,0,0,0,0,0,0,0,0
218587,-0.14,137,0,0,0,0,0,0,0,0
218623,-0.13,128,0,0,0,0,0,0,0,0
218659,-0.22,120,0,0,0,0,0,0,0,0
218695,-0.15,113,0,0,0,0,0,0,0,0
218731,-0.05,106,0,0,0,0,0,0,0,0
218767,-0.11,100,0,0,0,0,0,0,0,0
218803,-0.20,94,0,0,0,0,0,0,0,0
218839,-0.11,88,0,0,0,0,0,0,0,0
218875,-0.11,82,0,0,0,0,0,0,0,0
218911,-0.12,77,0,0,0,0,0,0,0,0
218947,-0.14,73,0,0,0,0,0,0,0,0
218983,-0.08,68,0,0,0,0,0,0,0,0
219019,-0.04,64,0,0,0,0,0,0,0,0
219055,-0.09,60,0,0,0,0,0,0,0,0
219091,-0.16,56,0,0,0,0,0,0,0,0
219127,-0.09,53,0,0,0,0,0,0,0,0
219163,-0.08,50,0,0,0,0,0,0,0,0
219199,-0.13,47,0,0,0,0,0,0,0,0
219235,-0.07,44,0,0,0,0,0,0,0,0
219271,-0.04,41,0,0,0,0,0,0,0,0
219307,-0.07,39,0,0,0,0,0,0,0,0
219343,-0.17,36,0,0,0,0,0,0,0,0
219379,-0.11,34,0,0,0,0,0,0,0,0
219415,-0.02,32,0,0,0,0,0,0,0,0
219451,-0.10,30,0,0,0,0,0,0,0,0
219487,-0.13,28,0,0,0,0,0,0,0,0
219523,-0.17,26,0,0,0,0,0,0,0,0
219559,-0.09,25,0,0,0,0,0,0,0,0
219595,-0.18,23,0,0,0,0,0,0,0,0
219631,-0.10,22,0,0,0,0,0,0,0,0
219667,-0.13,20,0,0,0,0,0,0,0,0
219703,-0.15,19,0,0,0,0,0,0,0,0
219739,-0.06,18,0,0,0,0,0,0,0,0
219775,-0.12,17,0,0,0,0,0,0,0,0
219811,-0.11,16,0,0,0,0,0,0,0,0
219847,-0.15,15,0,0,0,0,0,0,0,0
219883,-0.07,14,0,0,0,0,0,0,0,0
219919,-0.10,13,0,0,0,0,0,0,0,0
219955,-0.08,12,0,0,0,0,0,0,0,0
219991,-0.09,11,0,0,0,0,0,0,0,0
220027,-0.14,11,0,0,0,0,0,0,0,0
220063,-0.13,10,0,0,0,0,0,0,0,0
220099,-0.05,9,0,0,0,0,0,0,0,0
220135,-0.15,9,0,0,0,0,0,0,0,0
220171,-0.02,8,0,0,0,0,0,0,0,0
220207,-0.08,8,0,0,0,0,0,0,0,0
220243,-0.07,7,0,0,0,0,0,0,0,0
220279,-0.14,7,0,0,0,0,0,0,0,0
220315,-0.12,6,0,0,0,0,0,0,0,0
220351,-0.15,6,0,0,0,0,0,0,0,0
220387,-0.09,5,0,0,0,0,0,0,0,0
220423,-0.13,5,0,0,0,0,0,0,0,0
220459,-0.09,5,0,0,0,0,0,0,0,0
220495,-0.17,4,0,0,0,0,0,0,0,0
220531,-0.14,4,0,0,0,0,0,0,0,0
220567,-0.15,4,0,0,0,0,0,0,0,0
220603,-0.15,4,0,0,0,0,0,0,0,0
220639,-0.21,3,0,0,0,0,0,0,0,0
220675,-0.10,3,0,0,0,0,0,0,0,0
220711,-0.13,3,0,0,0,0,0,0,0,0
220747,-0.15,3,0,0,0,0,0,0,0,0
220783,-0.10,2,0,0,0,0,0,0,0,0
220819,-0.10,2,0,0,0,0,0,0,0,0
220855,-0.17,2,0,0,0,0,0,0,0,0
220891,-0.06,2,0,0,0,0,0,0,0,0
220927,-0.15,2,0,0,0,0,0,0,0,0
220963,-0.10,2,0,0,0,0,0,0,0,0
220999,-0.12,2,0,0,0,0,0,0,0,0
221035,-0.02,1,0,0,0,0,0,0,0,0
221071,-0.13,1,0,0,0,0,0,0,0,0
221107,-0.13,1,0,0,0,0,0,0,0,0
221143,-0.12,1,0,0,0,0,0,0,0,0
221179,-0.14,1,0,0,0,0,0,0,0,0
221215,-0.05,1,0,0,0,0,0,0,0,0
221251,-0.14,1,0,0,0,0,0,0,0,0
221287,-0.10,1,0,0,0,0,0,0,0,0
221323,-0.06,1,0,0,0,0,0,0,0,0
221359,-0.08,1,0,0,0,0,0,0,0,0
221395,-0.19,1,0,0,0,0,0,0,0,0
221431,-0.10,0,0,0,0,0,0,0,0,0
221467,-0.13,0,0,0,0,0,0,0,0,0
221503,-0.07,0,0,0,0,0,0,0,0,0
221539,-0.12,0,0,0,0,0,0,0,0,0
221575,-0.01,0,0,0,0,0,0,0,0,0
221611,-0.13,0,0,0,0,0,0,0,0,0
221647,-0.11,0,0,0,0,0,0,0,0,0
221683,-0.11,0,0,0,0,0,0,0,0,0
221719,-0.11,0,0,0,0,0,0,0,0,0
221755,-0.16,0,0,0,0,0,0,0,0,0
221791,-0.12,0,0,0,0,0,0,0,0,0
221827,-0.16,0,0,0,0,0,0,0,0,0
221863,-0.21,0,0,0,0,0,0,0,0,0
221899,-0.10,0,0,0,0,0,0,0,0,0
221935,-0.16,0,0,0,0,0,0,0,0,0
221971,-0.14,0,0,0,0,0,0,0,0,0
222007,-0.14,0,0,0,0,0,0,0,0,0
222043,-0.13,0,0,0,0,0,0,0,0,0
222079,-0.22,0,0,0,0,0,0,0,0,0
222115,-0.13,0,0,0,0,0,0,0,0,0
222151,-0.11,0,0,0,0,0,0,0,0,0
222187,-0.17,-267,0,0,0,0,0,0,0,0
222223,-0.16,-1093,0,0,0,0,0,0,0,0
222259,-0.20,-2146,0,0,0,0,0,0,0,0
222295,-0.18,-2947,0,0,0,0,0,0,0,0
222331,-0.09,-3371,0,0,0,0,0,0,0,0
222367,-0.18,-3471,0,0,0,0,0,0,0,0
222403,-0.19,-3359,0,0,0,0,0,0,0,0
222439,-0.08,-3142,0,0,0,0,0,0,0,0
222475,-0.18,-2895,0,0,0,0,0,0,0,0
222511,-0.26,-2661,0,0,0,0,0,0,0,0
222547,-0.27,-2456,0,0,0,0,0,0,0,0
222583,-0.11,-2280,0,0,0,0,0,0,0,0
222619,-0.07,-2130,0,0,0,0,0,0,0,0
222655,-0.17,-1998,0,0,0,0,0,0,0,0
222691,-0.17,-1878,0,0,0,0,0,0,0,0
222727,-0.10,-1767,0,0,0,0,0,0,0,0
222763,-0.15,-1662,0,0,0,0,0,0,0,0
222799,-0.18,-1563,0,0,0,0,0,0,0,0
222835,-0.17,-1468,0,0,0,0,0,0,0,0
222871,-0.21,-1379,0,0,0,0,0,0,0,0
222907,-0.17,-1295,0,0,0,0,0,0,0,0
222943,-0.14,-1216,0,0,0,0,0,0,0,0
222979,-0.15,-1142,0,0,0,0,0,0,0,0
223015,-0.19,-1072,0,0,0,0,0,0,0,0
223051,-0.16,-1007,0,0,0,0,0,0,0,0
223087,-0.10,-945,0,0,0,0,0,0,0,0
223123,-0.14,-888,0,0,0,0,0,0,0,0
223159,-0.18,-834,0,0,0,0,0,0,0,0
223195,-0.19,-783,0,0,0,0,0,0,0,0
223231,-0.12,-735,0,0,0,0,0,0,0,0
223267,-0.06,-690,0,0,0,0,0,0,0,0
223303,-0.18,-648,0,0,0,0,0,0,0,0
223339,-0.19,-609,0,0,0,0,0,0,0,0
223375,-0.21,-572,0,0,0,0,0,0,0,0
223411,-0.17,-537,0,0,0,0,0,0,0,0
223447,-0.16,-504,0,0,0,0,0,0,0,0
223483,-0.19,-473,0,0,0,0,0,0,0,0
223519,-0.13,-445,0,0,0,0,0,0,0,0
223555,-0.15,-417,0,0,0,0,0,0,0,0
223591,-0.07,-392,0,0,0,0,0,0,0,0
223627,-0.09,-368,0,0,0,0,0,0,0,0
223663,-0.10,-346,0,0,0,0,0,0,0,0
223699,-0.01,-325,0,0,0,0,0,0,0,0
223735,-0.11,-305,0,0,0,0,0,0,0,0
223771,-0.14,-286,0,0,0,0,0,0,0,0
223807,-0.12,-269,0,0,0,0,0,0,0,0
223843,-0.06,-252,0,0,0,0,0,0,0,0
223879,-0.14,-237,0,0,0,0,0,0,0,0
223915,-0.11,-222,0,0,0,0,0,0,0,0
223951,-0.07,-209,0,0,0,0,0,0,0,0
223987,-0.18,-196,0,0,0,0,0,0,0,0
224023,-0.10,-184,0,0,0,0,0,0,0,0
224059,-0.17,-173,0,0,0,0,0,0,0,0
224095,-0.15,-162,0,0,0,0,0,0,0,0
224131,0.01,-152,0,0,0,0,0,0,0,0
224167,-0.13,-143,0,0,0,0,0,0,0,0
224203,-0.18,-134,0,0,0,0,0,0,0,0
224239,-0.13,-126,0,0,0,0,0,0,0,0
224275,-0.14,-118,0,0,0,0,0,0,0,0
224311,-0.19,-111,0,0,0,0,0,0,0,0
224347,-0.20,-104,0,0,0,0,0,0,0,0
224383,-0.16,-98,0,0,0,0,0,0,0,0
224419,-0.11,-92,0,0,0,0,0,0,0,0
224455,-0.15,-86,0,0,0,0,0,0,0,0
224491,-0.15,-81,0,0,0,0,0,0,0,0
224527,0.00,-76,0,0,0,0,0,0,0,0
224563,-0.14,-71,0,0,0,0,0,0,0,0
224599,-0.09,-67,0,0,0,0,0,0,0,0
224635,-0.20,-63,0,0,0,0,0,0,0,0
224671,-0.13,-59,0,0,0,0,0,0,0,0
224707,-0.15,-55,0,0,0,0,0,0,0,0
224743,-0.04,-52,0,0,0,0,0,0,0,0
224779,-0.20,-49,0,0,0,0,0,0,0,0
224815,-0.14,-46,0,0,0,0,0,0,0,0
224851,-0.14,-43,0,0,0,0,0,0,0,0
224887,-0.13,-40,0,0,0,0,0,0,0,0
224923,-0.06,-38,0,0,0,0,0,0,0,0
224959,-0.15,-36,0,0,0,0,0,0,0,0
224995,-0.15,-33,0,0,0,0,0,0,0,0
225031,-0.08,-31,0,0,0,0,0,0,0,0
225067,-0.15,-29,0,0,0,0,0,0,0,0
225103,-0.20,-28,0,0,0,0,0,0,0,0
225139,-0.18,-26,0,0,0,0,0,0,0,0
225175,-0.13,-24,0,0,0,0,0,0,0,0
225211,-0.14,-23,0,0,0,0,0,0,0,0
225247,-0.17,-21,0,0,0,0,0,0,0,0
225283,-0.14,-20,0,0,0,0,0,0,0,0
225319,-0.18,-19,0,0,0,0,0,0,0,0
225355,-0.09,-18,0,0,0,0,0,0,0,0
225391,-0.23,-16,0,0,0,0,0,0,0,0
225427,-0.15,-15,0,0,0,0,0,0,0,0
225463,-0.19,-14,0,0,0,0,0,0,0,0
225499,-0.23,-14,0,0,0,0,0,0,0,0
225535,-0.19,-13,0,0,0,0,0,0,0,0
225571,-0.14,-12,0,0,0,0,0,0,0,0
225607,-0.20,-11,0,0,0,0,0,0,0,0
225643,-0.17,-10,0,0,0,0,0,0,0,0
225679,-0.19,-10,0,0,0,0,0,0,0,0
225715,-0.14,-9,0,0,0,0,0,0,0,0
225751,-0.21,-9,0,0,0,0,0,0,0,0
225787,-0.16,-8,0,0,0,0,0,0,0,0
225823,-0.13,-7,0,0,0,0,0,0,0,0
225859,-0.12,-7,0,0,0,0,0,0,0,0
225895,-0.14,-7,0,0,0,0,0,0,0,0
225931,-0.02,-6,0,0,0,0,0,0,0,0
225967,-0.15,-6,0,0,0,0,0,0,0,0
226003,-0.14,-5,0,0,0,0,0,0,0,0
226039,-0.15,-5,0,0,0,0,0,0,0,0
226075,-0.07,-5,0,0,0,0,0,0,0,0
226111,-0.07,-4,0,0,0,0,0,0,0,0
226147,-0.12,-4,0,0,0,0,0,0,0,0
226183,-0.10,-4,0,0,0,0,0,0,0,0
226219,-0.14,-3,0,0,0,0,0,0,0,0
226255,-0.17,-3,0,0,0,0,0,0,0,0
226291,-0.07,-3,0,0,0,0,0,0,0,0
226327,-0.12,-3,0,0,0,0,0,0,0,0
226363,-0.17,-3,0,0,0,0,0,0,0,0
226399,-0.14,-2,0,0,0,0,0,0,0,0
226435,-0.15,-2,0,0,0,0,0,0,0,0
226471,-0.15,-2,0,0,0,0,0,0,0,0
226507,-0.12,-2,0,0,0,0,0,0,0,0
226543,-0.18,-2,0,0,0,0,0,0,0,0
226579,-0.12,-2,0,0,0,0,0,0,0,0
226615,-0.13,-2,0,0,0,0,0,0,0,0
226651,-0.22,-1,0,0,0,0,0,0,0,0
226687,-0.08,-1,0,0,0,0,0,0,0,0
226723,-0.09,-1,0,0,0,0,0,0,0,0
226759,-0.26,0,0,0,0,0,0,0,0,0
226795,-0.18,152,0,0,0,0,0,0,0,0
226831,-0.17,694,0,0,0,0,0,0,0,0
226867,-0.20,1539,0,0,0,0,0,0,0,0
226903,-0.17,2307,0,0,0,0,0,0,0,0
226939,-0.14,2714,0,0,0,0,0,0,0,0
226975,-0.15,2732,0,0,0,0,0,0,0,0
227011,-0.14,2504,0,0,0,0,0,0,0,0
227047,-0.15,2197,0,0,0,0,0,0,0,0
227083,-0.16,1935,0,0,0,0,0,0,0,0
227119,-0.09,1793,0,0,0,0,0,0,0,0
227155,-0.08,1788,0,0,0,0,0,0,0,0
227191,-0.20,1853,0,0,0,0,0,0,0,0
227227,-0.16,1870,0,0,0,0,0,0,0,0
227263,-0.16,1774,0,0,0,0,0,0,0,0
227299,-0.20,1591,0,0,0,0,0,0,0,0
227335,-0.17,1386,0,0,0,0,0,0,0,0
227371,-0.18,1209,0,0,0,0,0,0,0,0
227407,-0.23,1073,0,0,0,0,0,0,0,0
227443,-0.21,971,0,0,0,0,0,0,0,0
227479,-0.21,895,0,0,0,0,0,0,0,0
227515,-0.10,835,0,0,0,0,0,0,0,0
227551,-0.11,779,0,0,0,0,0,0,0,0
227587,-0.16,720,0,0,0,0,0,0,0,0
227623,-0.16,656,0,0,0,0,0,0,0,0
227659,-0.12,598,0,0,0,0,0,0,0,0
227695,-0.18,555,0,0,0,0,0,0,0,0
227731,-0.25,523,0,0,0,0,0,0,0,0
227767,-0.19,510,0,0,0,0,0,0,0,0
227803,-0.16,557,0,0,0,0,0,0,0,0
227839,-0.09,695,0,0,0,0,0,0,0,0
227875,-0.16,864,0,0,0,0,0,0,0,0
227911,-0.19,945,0,0,0,0,0,0,0,0
227947,-0.17,883,0,0,0,0,0,0,0,0
227983,-0.07,724,0,0,0,0,0,0,0,0
228019,-0.14,554,0,0,0,0,0,0,0,0
228055,-0.11,435,0,0,0,0,0,0,0,0
228091,-0.06,369,0,0,0,0,0,0,0,0
228127,-0.23,321,0,0,0,0,0,0,0,0
228163,-0.16,242,0,0,0,0,0,0,0,0
228199,-0.22,84,0,0,0,0,0,0,0,0
228235,-0.11,-78,0,0,0,0,0,0,0,0
228271,-0.17,-40,0,0,0,0,0,0,0,0
228307,-0.21,255,0,0,0,0,0,0,0,0
228343,-0.18,628,0,0,0,0,0,0,0,0
228379,-0.13,912,0,0,0,0,0,0,0,0
228415,-0.11,1065,0,0,0,0,0,0,0,0
228451,-0.20,1106,0,0,0,0,0,0,0,0
228487,-0.21,804,0,0,0,0,0,0,0,0
228523,-0.23,-90,0,0,0,0,0,0,0,0
228559,-0.06,-1223,0,0,0,0,0,0,0,0
228595,-0.10,-2101,0,0,0,0,0,0,0,0
228631,-0.11,-2591,0,0,0,0,0,0,0,0
228667,-0.11,-2522,0,0,0,0,0,0,0,0
228703,-0.15,-1720,0,0,0,0,0,0,0,0
228739,-0.12,-763,0,0,0,0,0,0,0,0
228775,-0.09,-469,0,0,0,0,0,0,0,0
228811,-0.04,-811,0,0,0,0,0,0,0,0
228847,-0.07,-1321,0,0,0,0,0,0,0,0
228883,-0.13,-1726,0,0,0,0,0,0,0,0
228919,-0.13,-1839,0,0,0,0,0,0,0,0
228955,-0.20,-1401,0,0,0,0,0,0,0,0
228991,-0.14,-424,0,0,0,0,0,0,0,0
229027,-0.16,647,0,0,0,0,0,0,0,0
229063,-0.15,1434,0,0,0,0,0,0,0,0
229099,-0.15,1861,0,0,0,0,0,0,0,0
229135,-0.22,1843,0,0,0,0,0,0,0,0
229171,-0.26,1260,0,0,0,0,0,0,0,0
229207,-0.20,380,0,0,0,0,0,0,0,0
229243,-0.12,-238,0,0,0,0,0,0,0,0
229279,-0.09,-304,0,0,0,0,0,0,0,0
229315,-0.27,80,0,0,0,0,0,0,0,0
229351,-0.21,610,0,0,0,0,0,0,0,0
229387,-0.10,991,0,0,0,0,0,0,0,0
229423,-0.20,1104,0,0,0,0,0,0,0,0
229459,-0.13,1004,0,0,0,0,0,0,0,0
229495,-0.14,811,0,0,0,0,0,0,0,0
229531,-0.13,621,0,0,0,0,0,0,0,0
229567,-0.17,482,0,0,0,0,0,0,0,0
229603,-0.13,398,0,0,0,0,0,0,0,0
229639,-0.17,353,0,0,0,0,0,0,0,0
229675,-0.15,330,0,0,0,0,0,0,0,0
229711,-0.18,315,0,0,0,0,0,0,0,0
229747,-0.20,300,0,0,0,0,0,0,0,0
229783,-0.16,281,0,0,0,0,0,0,0,0
229819,-0.17,259,0,0,0,0,0,0,0,0
229855,-0.07,241,0,0,0,0,0,0,0,0
229891,-0.15,225,0,0,0,0,0,0,0,0
229927,-0.08,209,0,0,0,0,0,0,0,0
229963,-0.17,195,0,0,0,0,0,0,0,0
229999,-0.20,183,0,0,0,0,0,0,0,0
230035,-0.18,174,0,0,0,0,0,0,0,0
230071,-0.16,164,0,0,0,0,0,0,0,0
230107,-0.11,152,0,0,0,0,0,0,0,0
230143,-0.19,145,0,0,0,0,0,0,0,0
230179,-0.21,146,0,0,0,0,0,0,0,0
230215,-0.16,146,0,0,0,0,0,0,0,0
230251,-0.11,140,0,0,0,0,0,0,0,0
230287,-0.11,125,0,0,0,0,0,0,0,0
230323,-0.09,103,0,0,0,0,0,0,0,0
230359,-0.13,77,0,0,0,0,0,0,0,0
230395,-0.16,52,0,0,0,0,0,0,0,0
230431,-0.27,29,0,0,0,0,0,0,0,0
230467,-0.16,15,0,0,0,0,0,0,0,0
230503,-0.18,14,0,0,0,0,0,0,0,0
230539,-0.09,21,0,0,0,0,0,0,0,0
230575,-0.20,28,0,0,0,0,0,0,0,0
230611,-0.17,30,0,0,0,0,0,0,0,0
230647,-0.19,26,0,0,0,0,0,0,0,0
230683,-0.24,21,0,0,0,0,0,0,0,0
230719,-0.11,17,0,0,0,0,0,0,0,0
230755,-0.16,14,0,0,0,0,0,0,0,0
230791,-0.15,13,0,0,0,0,0,0,0,0
230827,-0.19,10,0,0,0,0,0,0,0,0
230863,-0.18,0,0,0,0,0,0,0,0,0
230899,-0.21,-27,0,0,0,0,0,0,0,0
230935,-0.21,-96,0,0,0,0,0,0,0,0
230971,-0.23,-211,0,0,0,0,0,0,0,0
231007,-0.17,-322,0,0,0,0,0,0,0,0
231043,-0.13,-360,0,0,0,0,0,0,0,0
231079,-0.15,-311,0,0,0,0,0,0,0,0
231115,-0.16,-212,0,0,0,0,0,0,0,0
231151,-0.21,-111,0,0,0,0,0,0,0,0
231187,-0.14,-46,0,0,0,0,0,0,0,0
231223,-0.11,-26,0,0,0,0,0,0,0,0
231259,-0.09,-34,0,0,0,0,0,0,0,0
231295,-0.12,-44,0,0,0,0,0,0,0,0
231331,-0.13,-42,0,0,0,0,0,0,0,0
231367,-0.21,-28,0,0,0,0,0,0,0,0
231403,-0.14,-10,0,0,0,0,0,0,0,0
231439,-0.12,0,0,0,0,0,0,0,0,0
231475,-0.09,-1,0,0,0,0,0,0,0,0
231511,-0.18,-9,0,0,0,0,0,0,0,0
231547,-0.18,-14,0,0,0,0,0,0,0,0
231583,-0.16,-11,0,0,0,0,0,0,0,0
231619,-0.15,-6,0,0,0,0,0,0,0,0
231655,-0.10,-9,0,0,0,0,0,0,0,0
231691,-0.11,-24,0,0,0,0,0,0,0,0
231727,-0.19,-40,0,0,0,0,0,0,0,0
231763,-0.13,-43,0,0,0,0,0,0,0,0
231799,-0.11,-29,0,0,0,0,0,0,0,0
231835,-0.03,-6,0,0,0,0,0,0,0,0
231871,-0.08,17,0,0,0,0,0,0,0,0
231907,-0.20,33,0,0,0,0,0,0,0,0
231943,-0.17,39,0,0,0,0,0,0,0,0
231979,-0.19,37,0,0,0,0,0,0,0,0
232015,-0.21,32,0,0,0,0,0,0,0,0
232051,-0.21,30,0,0,0,0,0,0,0,0
232087,-0.09,31,0,0,0,0,0,0,0,0
232123,-0.12,34,0,0,0,0,0,0,0,0
232159,-0.11,38,0,0,0,0,0,0,0,0
232195,-0.17,41,0,0,0,0,0,0,0,0
232231,-0.14,40,0,0,0,0,0,0,0,0
232267,-0.19,34,0,0,0,0,0,0,0,0
232303,-0.23,28,0,0,0,0,0,0,0,0
232339,-0.21,28,0,0,0,0,0,0,0,0
232375,-0.09,34,0,0,0,0,0,0,0,0
232411,-0.15,40,0,0,0,0,0,0,0,0
232447,-0.12,44,0,0,0,0,0,0,0,0
232483,-0.15,47,0,0,0,0,0,0,0,0
232519,-0.13,50,0,0,0,0,0,0,0,0
232555,-0.05,55,0,0,0,0,0,0,0,0
232591,-0.14,66,0,0,0,0,0,0,0,0
232627,-0.15,76,0,0,0,0,0,0,0,0
232663,-0.14,73,0,0,0,0,0,0,0,0
232699,-0.15,53,0,0,0,0,0,0,0,0
232735,-0.12,21,0,0,0,0,0,0,0,0
232771,-0.09,-10,0,0,0,0,0,0,0,0
232807,-0.15,-31,0,0,0,0,0,0,0,0
232843,-0.20,-36,0,0,0,0,0,0,0,0
232879,-0.20,-30,0,0,0,0,0,0,0,0
232915,-0.08,-17,0,0,0,0,0,0,0,0
232951,-0.12,-4,0,0,0,0,0,0,0,0
232987,-0.11,4,0,0,0,0,0,0,0,0
233023,-0.15,6,0,0,0,0,0,0,0,0
233059,-0.14,5,0,0,0,0,0,0,0,0
233095,-0.17,6,0,0,0,0,0,0,0,0
233131,-0.18,11,0,0,0,0,0,0,0,0
233167,-0.13,16,0,0,0,0,0,0,0,0
233203,-0.14,15,0,0,0,0,0,0,0,0
233239,-0.17,9,0,0,0,0,0,0,0,0
233275,-0.08,3,0,0,0,0,0,0,0,0
233311,-0.17,2,0,0,0,0,0,0,0,0
233347,-0.15,6,0,0,0,0,0,0,0,0
233383,-0.19,12,0,0,0,0,0,0,0,0
233419,-0.12,17,0,0,0,0,0,0,0,0
233455,-0.24,18,0,0,0,0,0,0,0,0
233491,-0.18,15,0,0,0,0,0,0,0,0
233527,-0.10,12,0,0,0,0,0,0,0,0
233563,-0.17,14,0,0,0,0,0,0,0,0
233599,-0.18,27,0,0,0,0,0,0,0,0
233635,-0.12,44,0,0,0,0,0,0,0,0
233671,-0.29,51,0,0,0,0,0,0,0,0
233707,-0.18,40,0,0,0,0,0,0,0,0
233743,-0.13,20,0,0,0,0,0,0,0,0
233779,-0.14,2,0,0,0,0,0,0,0,0
233815,-0.13,-5,0,0,0,0,0,0,0,0
233851,-0.14,-8,0,0,0,0,0,0,0,0
233887,-0.19,-13,0,0,0,0,0,0,0,0
233923,-0.15,-21,0,0,0,0,0,0,0,0
233959,-0.15,-27,0,0,0,0,0,0,0,0
233995,-0.09,-25,0,0,0,0,0,0,0,0
234031,-0.10,-14,0,0,0,0,0,0,0,0
234067,-0.21,4,0,0,0,0,0,0,0,0
234103,-0.17,21,0,0,0,0,0,0,0,0
234139,-0.12,31,0,0,0,0,0,0,0,0
234175,-0.19,32,0,0,0,0,0,0,0,0
234211,-0.18,27,0,0,0,0,0,0,0,0
234247,-0.12,20,0,0,0,0,0,0,0,0
234283,-0.15,13,0,0,0,0,0,0,0,0
234319,-0.19,9,0,0,0,0,0,0,0,0
234355,-0.17,6,0,0,0,0,0,0,0,0
234391,-0.08,5,0,0,0,0,0,0,0,0
234427,-0.13,6,0,0,0,0,0,0,0,0
234463,-0.14,5,0,0,0,0,0,0,0,0
234499,-0.09,1,0,0,0,0,0,0,0,0
234535,-0.02,-3,0,0,0,0,0,0,0,0
234571,-0.16,-7,0,0,0,0,0,0,0,0
234607,-0.11,-9,0,0,0,0,0,0,0,0
234643,-0.14,-8,0,0,0,0,0,0,0,0
234679,-0.13,-4,0,0,0,0,0,0,0,0
234715,-0.14,3,0,0,0,0,0,0,0,0
234751,-0.08,14,0,0,0,0,0,0,0,0
234787,-0.09,27,0,0,0,0,0,0,0,0
234823,-0.19,36,0,0,0,0,0,0,0,0
234859,-0.14,40,0,0,0,0,0,0,0,0
234895,-0.11,37,0,0,0,0,0,0,0,0
234931,-0.18,30,0,0,0,0,0,0,0,0
234967,-0.11,20,0,0,0,0,0,0,0,0
235003,-0.13,11,0,0,0,0,0,0,0,0
235039,-0.15,5,0,0,0,0,0,0,0,0
235075,-0.08,2,0,0,0,0,0,0,0,0
235111,-0.15,3,0,0,0,0,0,0,0,0
235147,-0.07,4,0,0,0,0,0,0,0,0
235183,-0.14,5,0,0,0,0,0,0,0,0
235219,-0.09,5,0,0,0,0,0,0,0,0
235255,-0.19,4,0,0,0,0,0,0,0,0
235291,-0.13,3,0,0,0,0,0,0,0,0
235327,-0.25,3,0,0,0,0,0,0,0,0
235363,-0.14,5,0,0,0,0,0,0,0,0
235399,-0.16,6,0,0,0,0,0,0,0,0
235435,-0.21,11,0,0,0,0,0,0,0,0
235471,-0.13,19,0,0,0,0,0,0,0,0
235507,-0.16,30,0,0,0,0,0,0,0,0
235543,-0.19,36,0,0,0,0,0,0,0,0
235579,-0.18,34,0,0,0,0,0,0,0,0
235615,-0.21,27,0,0,0,0,0,0,0,0
235651,-0.09,19,0,0,0,0,0,0,0,0
235687,-0.15,14,0,0,0,0,0,0,0,0
235723,-0.22,12,0,0,0,0,0,0,0,0
235759,-0.18,10,0,0,0,0,0,0,0,0
235795,-0.13,4,0,0,0,0,0,0,0,0
235831,-0.09,-7,0,0,0,0,0,0,0,0
235867,-0.10,-19,0,0,0,0,0,0,0,0
235903,-0.11,-27,0,0,0,0,0,0,0,0
235939,-0.13,-30,0,0,0,0,0,0,0,0
235975,-0.04,-33,0,0,0,0,0,0,0,0
236011,-0.15,-38,0,0,0,0,0,0,0,0
236047,-0.15,-44,0,0,0,0,0,0,0,0
236083,-0.17,-43,0,0,0,0,0,0,0,0
236119,-0.16,-28,0,0,0,0,0,0,0,0
236155,-0.17,-1,0,0,0,0,0,0,0,0
236191,-0.12,22,0,0,0,0,0,0,0,0
236227,-0.10,30,0,0,0,0,0,0,0,0
236263,-0.12,21,0,0,0,0,0,0,0,0
236299,-0.12,1,0,0,0,0,0,0,0,0
236335,-0.11,-32,0,0,0,0,0,0,0,0
236371,-0.12,-91,0,0,0,0,0,0,0,0
236407,-0.17,-156,0,0,0,0,0,0,0,0
236443,-0.10,-201,0,0,0,0,0,0,0,0
236479,-0.12,-216,0,0,0,0,0,0,0,0
236515,-0.12,-210,0,0,0,0,0,0,0,0
236551,-0.09,-203,0,0,0,0,0,0,0,0
236587,-0.17,-208,0,0,0,0,0,0,0,0
236623,-0.16,-222,0,0,0,0,0,0,0,0
236659,-0.15,-229,0,0,0,0,0,0,0,0
236695,-0.11,-215,0,0,0,0,0,0,0,0
236731,-0.12,-176,0,0,0,0,0,0,0,0
236767,-0.13,-116,0,0,0,0,0,0,0,0
236803,-0.07,-45,0,0,0,0,0,0,0,0
236839,-0.13,23,0,0,0,0,0,0,0,0
236875,-0.11,75,0,0,0,0,0,0,0,0
236911,-0.11,101,0,0,0,0,0,0,0,0
236947,-0.25,104,0,0,0,0,0,0,0,0
236983,-0.16,97,0,0,0,0,0,0,0,0
237019,-0.17,88,0,0,0,0,0,0,0,0
237055,-0.13,82,0,0,0,0,0,0,0,0
237091,-0.20,78,0,0,0,0,0,0,0,0
237127,-0.15,77,0,0,0,0,0,0,0,0
237163,-0.16,77,0,0,0,0,0,0,0,0
237199,-0.13,77,0,0,0,0,0,0,0,0
237235,-0.14,75,0,0,0,0,0,0,0,0
237271,-0.06,71,0,0,0,0,0,0,0,0
237307,-0.15,67,0,0,0,0,0,0,0,0
237343,-0.12,65,0,0,0,0,0,0,0,0
237379,-0.13,65,0,0,0,0,0,0,0,0
237415,-0.16,65,0,0,0,0,0,0,0,0
237451,-0.18,65,0,0,0,0,0,0,0,0
237487,-0.08,70,0,0,0,0,0,0,0,0
237523,-0.20,83,0,0,0,0,0,0,0,0
237559,-0.13,101,0,0,0,0,0,0,0,0
237595,-0.16,114,0,0,0,0,0,0,0,0
237631,-0.12,110,0,0,0,0,0,0,0,0
237667,-0.17,90,0,0,0,0,0,0,0,0
237703,-0.19,64,0,0,0,0,0,0,0,0
237739,-0.16,40,0,0,0,0,0,0,0,0
237775,-0.20,23,0,0,0,0,0,0,0,0
237811,-0.08,16,0,0,0,0,0,0,0,0
237847,-0.20,17,0,0,0,0,0,0,0,0
237883,-0.16,20,0,0,0,0,0,0,0,0
237919,-0.08,23,0,0,0,0,0,0,0,0
237955,-0.13,24,0,0,0,0,0,0,0,0
237991,-0.11,22,0,0,0,0,0,0,0,0
238027,-0.13,19,0,0,0,0,0,0,0,0
238063,-0.12,16,0,0,0,0,0,0,0,0
238099,-0.12,12,0,0,0,0,0,0,0,0
238135,-0.10,10,0,0,0,0,0,0,0,0
238171,-0.03,14,0,0,0,0,0,0,0,0
238207,0.02,32,0,0,0,0,0,0,0,0
238243,-0.12,65,0,0,0,0,0,0,0,0
238279,-0.19,96,0,0,0,0,0,0,0,0
238315,-0.07,109,0,0,0,0,0,0,0,0
238351,-0.10,97,0,0,0,0,0,0,0,0
238387,-0.02,68,0,0,0,0,0,0,0,0
238423,-0.10,35,0,0,0,0,0,0,0,0
238459,-0.11,9,0,0,0,0,0,0,0,0
238495,-0.11,-3,0,0,0,0,0,0,0,0
238531,-0.10,-5,0,0,0,0,0,0,0,0
238567,-0.19,0,0,0,0,0,0,0,0,0
238603,-0.14,2,0,0,0,0,0,0,0,0
238639,-0.16,2,0,0,0,0,0,0,0,0
238675,-0.08,0,0,0,0,0,0,0,0,0
238711,-0.11,-4,0,0,0,0,0,0,0,0
238747,-0.14,-7,0,0,0,0,0,0,0,0
238783,-0.17,-10,0,0,0,0,0,0,0,0
238819,-0.07,-10,0,0,0,0,0,0,0,0
238855,-0.14,-9,0,0,0,0,0,0,0,0
238891,-0.02,-8,0,0,0,0,0,0,0,0
238927,-0.12,-1,0,0,0,0,0,0,0,0
238963,-0.04,22,0,0,0,0,0,0,0,0
238999,-0.08,60,0,0,0,0,0,0,0,0
239035,-0.13,94,0,0,0,0,0,0,0,0
239071,-0.17,105,0,0,0,0,0,0,0,0
239107,-0.08,88,0,0,0,0,0,0,0,0
239143,-0.09,53,0,0,0,0,0,0,0,0
239179,-0.12,16,0,0,0,0,0,0,0,0
239215,-0.11,-10,0,0,0,0,0,0,0,0
239251,-0.10,-26,0,0,0,0,0,0,0,0
239287,-0.08,-30,0,0,0,0,0,0,0,0
239323,-0.08,-30,0,0,0,0,0,0,0,0
239359,-0.09,-28,0,0,0,0,0,0,0,0
239395,-0.12,-26,0,0,0,0,0,0,0,0
239431,-0.14,-23,0,0,0,0,0,0,0,0
239467,-0.14,-19,0,0,0,0,0,0,0,0
239503,-0.17,-17,0,0,0,0,0,0,0,0
239539,-0.02,-17,0,0,0,0,0,0,0,0
239575,-0.17,-20,0,0,0,0,0,0,0,0
239611,-0.14,-22,0,0,0,0,0,0,0,0
239647,-0.15,-21,0,0,0,0,0,0,0,0
239683,-0.08,-18,0,0,0,0,0,0,0,0
239719,-0.09,-10,0,0,0,0,0,0,0,0
239755,-0.11,9,0,0,0,0,0,0,0,0
239791,-0.13,44,0,0,0,0,0,0,0,0
239827,-0.11,79,0,0,0,0,0,0,0,0
239863,-0.09,92,0,0,0,0,0,0,0,0
239899,-0.12,78,0,0,0,0,0,0,0,0
239935,-0.15,47,0,0,0,0,0,0,0,0
239971,-0.09,13,0,0,0,0,0,0,0,0
240007,-0.11,-11,0,0,0,0,0,0,0,0
240043,-0.06,-22,0,0,0,0,0,0,0,0
240079,-0.07,-23,0,0,0,0,0,0,0,0
240115,-0.04,-18,0,0,0,0,0,0,0,0
240151,-0.14,-13,0,0,0,0,0,0,0,0
240187,-0.08,-10,0,0,0,0,0,0,0,0
240223,-0.22,-10,0,0,0,0,0,0,0,0
240259,-0.07,-12,0,0,0,0,0,0,0,0
240295,-0.11,-14,0,0,0,0,0,0,0,0
240331,-0.07,-17,0,0,0,0,0,0,0,0
240367,-0.13,-20,0,0,0,0,0,0,0,0
240403,-0.16,-24,0,0,0,0,0,0,0,0
240439,-0.15,-26,0,0,0,0,0,0,0,0
240475,-0.20,-13,0,0,0,0,0,0,0,0
240511,-0.15,23,0,0,0,0,0,0,0,0
240547,-0.12,70,0,0,0,0,0,0,0,0
240583,-0.13,99,0,0,0,0,0,0,0,0
240619,-0.12,89,0,0,0,0,0,0,0,0
240655,-0.20,48,0,0,0,0,0,0,0,0
240691,-0.13,0,0,0,0,0,0,0,0,0
240727,-0.12,-33,0,0,0,0,0,0,0,0
240763,-0.10,-46,0,0,0,0,0,0,0,0
240799,-0.15,-42,0,0,0,0,0,0,0,0
240835,-0.04,-33,0,0,0,0,0,0,0,0
240871,-0.09,-26,0,0,0,0,0,0,0,0
240907,-0.12,-28,0,0,0,0,0,0,0,0
240943,-0.11,-35,0,0,0,0,0,0,0,0
240979,-0.09,-45,0,0,0,0,0,0,0,0
241015,-0.10,-53,0,0,0,0,0,0,0,0
241051,-0.04,-58,0,0,0,0,0,0,0,0
241087,-0.17,-56,0,0,0,0,0,0,0,0
241123,-0.11,-47,0,0,0,0,0,0,0,0
241159,-0.00,-32,0,0,0,0,0,0,0,0
241195,-0.05,-9,0,0,0,0,0,0,0,0
241231,-0.09,27,0,0,0,0,0,0,0,0
241267,-0.08,68,0,0,0,0,0,0,0,0
241303,-0.13,92,0,0,0,0,0,0,0,0
241339,-0.07,82,0,0,0,0,0,0,0,0
241375,-0.12,47,0,0,0,0,0,0,0,0
241411,-0.07,6,0,0,0,0,0,0,0,0
241447,-0.14,-25,0,0,0,0,0,0,0,0
241483,-0.05,-37,0,0,0,0,0,0,0,0
241519,-0.10,-33,0,0,0,0,0,0,0,0
241555,-0.02,-22,0,0,0,0,0,0,0,0
241591,-0.13,-14,0,0,0,0,0,0,0,0
241627,-0.06,-12,0,0,0,0,0,0,0,0
241663,-0.14,-17,0,0,0,0,0,0,0,0
241699,-0.10,-23,0,0,0,0,0,0,0,0
241735,-0.09,-27,0,0,0,0,0,0,0,0
241771,-0.15,-26,0,0,0,0,0,0,0,0
241807,-0.12,-22,0,0,0,0,0,0,0,0
241843,-0.12,-16,0,0,0,0,0,0,0,0
241879,-0.08,-8,0,0,0,0,0,0,0,0
241915,-0.05,9,0,0,0,0,0,0,0,0
241951,-0.08,37,0,0,0,0,0,0,0,0
241987,-0.08,63,0,0,0,0,0,0,0,0
242023,-0.07,68,0,0,0,0,0,0,0,0
242059,-0.08,50,0,0,0,0,0,0,0,0
242095,-0.11,20,0,0,0,0,0,0,0,0
242131,-0.07,-9,0,0,0,0,0,0,0,0
242167,-0.15,-31,0,0,0,0,0,0,0,0
242203,-0.14,-38,0,0,0,0,0,0,0,0
242239,-0.10,-34,0,0,0,0,0,0,0,0
242275,-0.14,-24,0,0,0,0,0,0,0,0
242311,-0.04,-13,0,0,0,0,0,0,0,0
242347,-0.11,-6,0,0,0,0,0,0,0,0
242383,-0.14,-6,0,0,0,0,0,0,0,0
242419,-0.07,-9,0,0,0,0,0,0,0,0
242455,-0.16,-11,0,0,0,0,0,0,0,0
242491,-0.05,-11,0,0,0,0,0,0,0,0
242527,-0.18,-9,0,0,0,0,0,0,0,0
242563,-0.14,-1,0,0,0,0,0,0,0,0
242599,-0.14,15,0,0,0,0,0,0,0,0
242635,-0.07,39,0,0,0,0,0,0,0,0
242671,-0.10,55,0,0,0,0,0,0,0,0
242707,-0.15,49,0,0,0,0,0,0,0,0
242743,-0.18,25,0,0,0,0,0,0,0,0
242779,-0.12,-6,0,0,0,0,0,0,0,0
242815,-0.13,-32,0,0,0,0,0,0,0,0
242851,-0.10,-46,0,0,0,0,0,0,0,0
242887,-0.17,-45,0,0,0,0,0,0,0,0
242923,-0.17,-35,0,0,0,0,0,0,0,0
242959,-0.18,-22,0,0,0,0,0,0,0,0
242995,-0.08,-14,0,0,0,0,0,0,0,0
243031,-0.13,-10,0,0,0,0,0,0,0,0
243067,-0.02,-12,0,0,0,0,0,0,0,0
243103,-0.18,-17,0,0,0,0,0,0,0,0
243139,-0.14,-19,0,0,0,0,0,0,0,0
243175,-0.17,-16,0,0,0,0,0,0,0,0
243211,-0.04,-4,0,0,0,0,0,0,0,0
243247,-0.15,19,0,0,0,0,0,0,0,0
243283,-0.13,43,0,0,0,0,0,0,0,0
243319,-0.22,53,0,0,0,0,0,0,0,0
243355,-0.11,44,0,0,0,0,0,0,0,0
243391,-0.11,23,0,0,0,0,0,0,0,0
243427,-0.08,1,0,0,0,0,0,0,0,0
243463,-0.21,-12,0,0,0,0,0,0,0,0
243499,-0.13,-16,0,0,0,0,0,0,0,0
243535,-0.18,-14,0,0,0,0,0,0,0,0
243571,-0.13,-8,0,0,0,0,0,0,0,0
243607,-0.13,-5,0,0,0,0,0,0,0,0
243643,0.03,-6,0,0,0,0,0,0,0,0
243679,-0.13,-11,0,0,0,0,0,0,0,0
243715,-0.06,-18,0,0,0,0,0,0,0,0
243751,-0.10,-22,0,0,0,0,0,0,0,0
243787,-0.09,-15,0,0,0,0,0,0,0,0
243823,-0.13,10,0,0,0,0,0,0,0,0
243859,-0.12,55,0,0,0,0,0,0,0,0
243895,-0.17,94,0,0,0,0,0,0,0,0
243931,-0.05,104,0,0,0,0,0,0,0,0
243967,-0.17,83,0,0,0,0,0,0,0,0
244003,-0.16,48,0,0,0,0,0,0,0,0
244039,-0.13,15,0,0,0,0,0,0,0,0
244075,-0.09,-6,0,0,0,0,0,0,0,0
244111,-0.09,-17,0,0,0,0,0,0,0,0
244147,-0.13,-21,0,0,0,0,0,0,0,0
244183,-0.09,-21,0,0,0,0,0,0,0,0
244219,-0.07,-22,0,0,0,0,0,0,0,0
244255,-0.13,-24,0,0,0,0,0,0,0,0
244291,-0.08,-25,0,0,0,0,0,0,0,0
244327,-0.11,-25,0,0,0,0,0,0,0,0
244363,-0.06,-22,0,0,0,0,0,0,0,0
244399,-0.04,-9,0,0,0,0,0,0,0,0
244435,-0.16,24,0,0,0,0,0,0,0,0
244471,-0.08,71,0,0,0,0,0,0,0,0
244507,-0.07,103,0,0,0,0,0,0,0,0
244543,-0.13,101,0,0,0,0,0,0,0,0
244579,-0.10,70,0,0,0,0,0,0,0,0
244615,-0.11,29,0,0,0,0,0,0,0,0
244651,-0.09,-4,0,0,0,0,0,0,0,0
244687,-0.12,-22,0,0,0,0,0,0,0,0
244723,-0.11,-25,0,0,0,0,0,0,0,0
244759,-0.10,-19,0,0,0,0,0,0,0,0
244795,-0.11,-11,0,0,0,0,0,0,0,0
244831,-0.19,-9,0,0,0,0,0,0,0,0
244867,-0.14,-14,0,0,0,0,0,0,0,0
244903,-0.19,-26,0,0,0,0,0,0,0,0
244939,-0.16,-36,0,0,0,0,0,0,0,0
244975,-0.15,-39,0,0,0,0,0,0,0,0
245011,-0.18,-32,0,0,0,0,0,0,0,0
245047,-0.15,-7,0,0,0,0,0,0,0,0
245083,-0.17,41,0,0,0,0,0,0,0,0
245119,-0.10,96,0,0,0,0,0,0,0,0
245155,-0.09,123,0,0,0,0,0,0,0,0
245191,-0.15,111,0,0,0,0,0,0,0,0
245227,-0.08,73,0,0,0,0,0,0,0,0
245263,-0.16,30,0,0,0,0,0,0,0,0
245299,-0.12,-2,0,0,0,0,0,0,0,0
245335,-0.15,-20,0,0,0,0,0,0,0,0
245371,-0.09,-26,0,0,0,0,0,0,0,0
245407,-0.09,-26,0,0,0,0,0,0,0,0
245443,-0.06,-24,0,0,0,0,0,0,0,0
245479,-0.10,-26,0,0,0,0,0,0,0,0
245515,-0.07,-31,0,0,0,0,0,0,0,0
245551,-0.08,-38,0,0,0,0,0,0,0,0
245587,-0.09,-45,0,0,0,0,0,0,0,0
245623,-0.17,-47,0,0,0,0,0,0,0,0
245659,-0.11,-46,0,0,0,0,0,0,0,0
245695,-0.17,-43,0,0,0,0,0,0,0,0
245731,-0.05,-38,0,0,0,0,0,0,0,0
245767,-0.09,-22,0,0,0,0,0,0,0,0
245803,-0.17,18,0,0,0,0,0,0,0,0
245839,-0.16,77,0,0,0,0,0,0,0,0
245875,-0.06,125,0,0,0,0,0,0,0,0
245911,-0.11,133,0,0,0,0,0,0,0,0
245947,-0.08,101,0,0,0,0,0,0,0,0
245983,-0.10,52,0,0,0,0,0,0,0,0
246019,-0.18,8,0,0,0,0,0,0,0,0
246055,-0.09,-20,0,0,0,0,0,0,0,0
246091,-0.01,-30,0,0,0,0,0,0,0,0
246127,-0.10,-29,0,0,0,0,0,0,0,0
246163,-0.13,-24,0,0,0,0,0,0,0,0
246199,-0.05,-22,0,0,0,0,0,0,0,0
246235,-0.15,-24,0,0,0,0,0,0,0,0
246271,-0.17,-29,0,0,0,0,0,0,0,0
246307,-0.07,-33,0,0,0,0,0,0,0,0
246343,-0.12,-35,0,0,0,0,0,0,0,0
246379,-0.16,-36,0,0,0,0,0,0,0,0
246415,-0.15,-35,0,0,0,0,0,0,0,0
246451,-0.05,-33,0,0,0,0,0,0,0,0
246487,-0.15,-30,0,0,0,0,0,0,0,0
246523,-0.09,-26,0,0,0,0,0,0,0,0
246559,-0.16,-17,0,0,0,0,0,0,0,0
246595,-0.05,7,0,0,0,0,0,0,0,0
246631,-0.13,45,0,0,0,0,0,0,0,0
246667,-0.09,82,0,0,0,0,0,0,0,0
246703,-0.12,93,0,0,0,0,0,0,0,0
246739,-0.09,73,0,0,0,0,0,0,0,0
246775,-0.10,33,0,0,0,0,0,0,0,0
246811,-0.11,-7,0,0,0,0,0,0,0,0
246847,-0.09,-35,0,0,0,0,0,0,0,0
246883,-0.11,-45,0,0,0,0,0,0,0,0
246919,-0.09,-41,0,0,0,0,0,0,0,0
246955,-0.14,-33,0,0,0,0,0,0,0,0
246991,-0.17,-31,0,0,0,0,0,0,0,0
247027,-0.06,-35,0,0,0,0,0,0,0,0
247063,-0.06,-40,0,0,0,0,0,0,0,0
247099,-0.11,-41,0,0,0,0,0,0,0,0
247135,-0.07,-36,0,0,0,0,0,0,0,0
247171,-0.04,-30,0,0,0,0,0,0,0,0
247207,-0.07,-26,0,0,0,0,0,0,0,0
247243,-0.08,-24,0,0,0,0,0,0,0,0
247279,-0.06,-15,0,0,0,0,0,0,0,0
247315,-0.09,12,0,0,0,0,0,0,0,0
247351,-0.15,53,0,0,0,0,0,0,0,0
247387,-0.08,84,0,0,0,0,0,0,0,0
247423,-0.06,86,0,0,0,0,0,0,0,0
247459,-0.11,62,0,0,0,0,0,0,0,0
247495,-0.17,27,0,0,0,0,0,0,0,0
247531,-0.18,-3,0,0,0,0,0,0,0,0
247567,-0.18,-24,0,0,0,0,0,0,0,0
247603,-0.19,-32,0,0,0,0,0,0,0,0
247639,-0.09,-28,0,0,0,0,0,0,0,0
247675,-0.10,-22,0,0,0,0,0,0,0,0
247711,-0.13,-21,0,0,0,0,0,0,0,0
247747,-0.13,-27,0,0,0,0,0,0,0,0
247783,-0.07,-36,0,0,0,0,0,0,0,0
247819,-0.09,-42,0,0,0,0,0,0,0,0
247855,-0.15,-40,0,0,0,0,0,0,0,0
247891,-0.16,-32,0,0,0,0,0,0,0,0
247927,-0.19,-24,0,0,0,0,0,0,0,0
247963,-0.12,-13,0,0,0,0,0,0,0,0
247999,-0.20,11,0,0,0,0,0,0,0,0
248035,-0.11,55,0,0,0,0,0,0,0,0
248071,-0.19,97,0,0,0,0,0,0,0,0
248107,-0.16,111,0,0,0,0,0,0,0,0
248143,-0.13,88,0,0,0,0,0,0,0,0
248179,-0.17,45,0,0,0,0,0,0,0,0
248215,-0.07,4,0,0,0,0,0,0,0,0
248251,-0.13,-21,0,0,0,0,0,0,0,0
248287,-0.10,-31,0,0,0,0,0,0,0,0
248323,-0.08,-29,0,0,0,0,0,0,0,0
248359,-0.17,-24,0,0,0,0,0,0,0,0
248395,-0.11,-23,0,0,0,0,0,0,0,0
248431,-0.09,-26,0,0,0,0,0,0,0,0
248467,-0.13,-32,0,0,0,0,0,0,0,0
248503,-0.09,-37,0,0,0,0,0,0,0,0
248539,-0.11,-40,0,0,0,0,0,0,0,0
248575,-0.19,-42,0,0,0,0,0,0,0,0
248611,-0.13,-43,0,0,0,0,0,0,0,0
248647,-0.16,-41,0,0,0,0,0,0,0,0
248683,-0.12,-30,0,0,0,0,0,0,0,0
248719,-0.04,0,0,0,0,0,0,0,0,0
248755,-0.20,49,0,0,0,0,0,0,0,0
248791,-0.15,92,0,0,0,0,0,0,0,0
248827,-0.21,102,0,0,0,0,0,0,0,0
248863,-0.12,80,0,0,0,0,0,0,0,0
248899,-0.12,46,0,0,0,0,0,0,0,0
248935,-0.13,22,0,0,0,0,0,0,0,0
248971,-0.01,19,0,0,0,0,0,0,0,0
249007,-0.14,30,0,0,0,0,0,0,0,0
249043,-0.20,45,0,0,0,0,0,0,0,0
249079,-0.09,54,0,0,0,0,0,0,0,0
249115,-0.11,52,0,0,0,0,0,0,0,0
249151,-0.13,40,0,0,0,0,0,0,0,0
249187,-0.13,21,0,0,0,0,0,0,0,0
249223,-0.17,3,0,0,0,0,0,0,0,0
249259,-0.10,-6,0,0,0,0,0,0,0,0
249295,-0.09,-8,0,0,0,0,0,0,0,0
249331,-0.19,-4,0,0,0,0,0,0,0,0
249367,-0.16,4,0,0,0,0,0,0,0,0
249403,-0.11,27,0,0,0,0,0,0,0,0
249439,-0.17,66,0,0,0,0,0,0,0,0
249475,-0.09,103,0,0,0,0,0,0,0,0
249511,-0.11,110,0,0,0,0,0,0,0,0
249547,-0.14,75,0,0,0,0,0,0,0,0
249583,-0.13,16,0,0,0,0,0,0,0,0
249619,-0.17,-38,0,0,0,0,0,0,0,0
249655,-0.18,-68,0,0,0,0,0,0,0,0
249691,-0.11,-65,0,0,0,0,0,0,0,0
249727,-0.13,-30,0,0,0,0,0,0,0,0
249763,-0.13,23,0,0,0,0,0,0,0,0
249799,-0.15,75,0,0,0,0,0,0,0,0
249835,-0.06,100,0,0,0,0,0,0,0,0
249871,-0.17,90,0,0,0,0,0,0,0,0
249907,-0.10,53,0,0,0,0,0,0,0,0
249943,-0.14,5,0,0,0,0,0,0,0,0
249979,-0.20,-34,0,0,0,0,0,0,0,0
250015,-0.18,-59,0,0,0,0,0,0,0,0
250051,-0.13,-60,0,0,0,0,0,0,0,0
250087,-0.18,-25,0,0,0,0,0,0,0,0
250123,-0.14,45,0,0,0,0,0,0,0,0
250159,-0.13,120,0,0,0,0,0,0,0,0
250195,-0.12,153,0,0,0,0,0,0,0,0
250231,-0.16,127,0,0,0,0,0,0,0,0
250267,-0.13,64,0,0,0,0,0,0,0,0
250303,-0.11,-6,0,0,0,0,0,0,0,0
250339,-0.09,-60,0,0,0,0,0,0,0,0
250375,-0.18,-87,0,0,0,0,0,0,0,0
250411,-0.05,-88,0,0,0,0,0,0,0,0
250447,-0.15,-72,0,0,0,0,0,0,0,0
250483,-0.02,-55,0,0,0,0,0,0,0,0
250519,-0.10,-48,0,0,0,0,0,0,0,0
250555,-0.10,-54,0,0,0,0,0,0,0,0
250591,-0.13,-65,0,0,0,0,0,0,0,0
250627,-0.10,-74,0,0,0,0,0,0,0,0
250663,-0.14,-79,0,0,0,0,0,0,0,0
250699,-0.10,-80,0,0,0,0,0,0,0,0
250735,-0.15,-79,0,0,0,0,0,0,0,0
250771,-0.13,-65,0,0,0,0,0,0,0,0
250807,-0.14,-23,0,0,0,0,0,0,0,0
250843,-0.06,47,0,0,0,0,0,0,0,0
250879,-0.12,114,0,0,0,0,0,0,0,0
250915,-0.14,133,0,0,0,0,0,0,0,0
250951,-0.16,95,0,0,0,0,0,0,0,0
250987,-0.05,29,0,0,0,0,0,0,0,0
251023,-0.15,-30,0,0,0,0,0,0,0,0
251059,-0.08,-63,0,0,0,0,0,0,0,0
251095,-0.08,-69,0,0,0,0,0,0,0,0
251131,-0.06,-58,0,0,0,0,0,0,0,0
251167,-0.12,-49,0,0,0,0,0,0,0,0
251203,-0.11,-50,0,0,0,0,0,0,0,0
251239,-0.18,-62,0,0,0,0,0,0,0,0
251275,-0.08,-77,0,0,0,0,0,0,0,0
251311,-0.12,-88,0,0,0,0,0,0,0,0
251347,-0.10,-91,0,0,0,0,0,0,0,0
251383,-0.12,-87,0,0,0,0,0,0,0,0
251419,-0.14,-76,0,0,0,0,0,0,0,0
251455,-0.14,-61,0,0,0,0,0,0,0,0
251491,-0.18,-38,0,0,0,0,0,0,0,0
251527,-0.03,-2,0,0,0,0,0,0,0,0
251563,-0.08,37,0,0,0,0,0,0,0,0
251599,-0.08,60,0,0,0,0,0,0,0,0
251635,0.00,54,0,0,0,0,0,0,0,0
251671,-0.04,29,0,0,0,0,0,0,0,0
251707,-0.12,1,0,0,0,0,0,0,0,0
251743,-0.20,-26,0,0,0,0,0,0,0,0
251779,-0.10,-86,0,0,0,0,0,0,0,0
251815,-0.06,-205,0,0,0,0,0,0,0,0
251851,-0.08,-352,0,0,0,0,0,0,0,0
251887,-0.08,-486,0,0,0,0,0,0,0,0
251923,-0.13,-562,0,0,0,0,0,0,0,0
251959,-0.16,-507,0,0,0,0,0,0,0,0
251995,-0.02,-300,0,0,0,0,0,0,0,0
252031,-0.10,-29,0,0,0,0,0,0,0,0
252067,-0.16,183,0,0,0,0,0,0,0,0
252103,-0.06,272,0,0,0,0,0,0,0,0
252139,-0.09,234,0,0,0,0,0,0,0,0
252175,-0.18,118,0,0,0,0,0,0,0,0
252211,-0.12,8,0,0,0,0,0,0,0,0
252247,-0.11,-31,0,0,0,0,0,0,0,0
252283,-0.14,-15,0,0,0,0,0,0,0,0
252319,-0.15,8,0,0,0,0,0,0,0,0
252355,-0.12,23,0,0,0,0,0,0,0,0
252391,-0.16,62,0,0,0,0,0,0,0,0
252427,-0.05,167,0,0,0,0,0,0,0,0
252463,-0.12,334,0,0,0,0,0,0,0,0
252499,-0.10,508,0,0,0,0,0,0,0,0
252535,-0.10,657,0,0,0,0,0,0,0,0
252571,-0.15,780,0,0,0,0,0,0,0,0
252607,-0.17,861,0,0,0,0,0,0,0,0
252643,-0.18,889,0,0,0,0,0,0,0,0
252679,-0.21,873,0,0,0,0,0,0,0,0
252715,-0.15,830,0,0,0,0,0,0,0,0
252751,-0.18,679,0,0,0,0,0,0,0,0
252787,-0.20,212,0,0,0,0,0,0,0,0
252823,-0.17,-499,0,0,0,0,0,0,0,0
252859,-0.17,-945,0,0,0,0,0,0,0,0
252895,-0.16,-811,0,0,0,0,0,0,0,0
252931,-0.15,-317,0,0,0,0,0,0,0,0
252967,-0.18,195,0,0,0,0,0,0,0,0
253003,-0.17,519,0,0,0,0,0,0,0,0
253039,-0.13,546,0,0,0,0,0,0,0,0
253075,-0.10,356,0,0,0,0,0,0,0,0
253111,-0.19,194,0,0,0,0,0,0,0,0
253147,-0.18,219,0,0,0,0,0,0,0,0
253183,-0.07,361,0,0,0,0,0,0,0,0
253219,-0.21,503,0,0,0,0,0,0,0,0
253255,-0.12,595,0,0,0,0,0,0,0,0
253291,-0.13,631,0,0,0,0,0,0,0,0
253327,-0.16,625,0,0,0,0,0,0,0,0
253363,-0.14,594,0,0,0,0,0,0,0,0
253399,-0.06,552,0,0,0,0,0,0,0,0
253435,-0.09,510,0,0,0,0,0,0,0,0
253471,-0.18,471,0,0,0,0,0,0,0,0
253507,-0.11,436,0,0,0,0,0,0,0,0
253543,-0.03,407,0,0,0,0,0,0,0,0
253579,-0.14,381,0,0,0,0,0,0,0,0
253615,-0.14,358,0,0,0,0,0,0,0,0
253651,-0.12,336,0,0,0,0,0,0,0,0
253687,-0.08,316,0,0,0,0,0,0,0,0
253723,-0.08,297,0,0,0,0,0,0,0,0
253759,-0.13,279,0,0,0,0,0,0,0,0
253795,-0.09,262,0,0,0,0,0,0,0,0
253831,-0.16,246,0,0,0,0,0,0,0,0
253867,-0.05,231,0,0,0,0,0,0,0,0
253903,-0.10,217,0,0,0,0,0,0,0,0
253939,-0.04,204,0,0,0,0,0,0,0,0
253975,-0.10,192,0,0,0,0,0,0,0,0
254011,-0.13,180,0,0,0,0,0,0,0,0
254047,-0.13,169,0,0,0,0,0,0,0,0
254083,-0.13,159,0,0,0,0,0,0,0,0
254119,-0.05,149,0,0,0,0,0,0,0,0
254155,-0.13,140,0,0,0,0,0,0,0,0
254191,-0.21,131,0,0,0,0,0,0,0,0
254227,-0.06,123,0,0,0,0,0,0,0,0
254263,-0.15,116,0,0,0,0,0,0,0,0
254299,-0.18,109,0,0,0,0,0,0,0,0
254335,-0.13,102,0,0,0,0,0,0,0,0
254371,-0.17,-171,0,0,0,0,0,0,0,0
254407,-0.02,-1003,0,0,0,0,0,0,0,0
254443,-0.10,-1793,0,0,0,0,0,0,0,0
254479,-0.18,-1774,0,0,0,0,0,0,0,0
254515,-0.18,-1150,0,0,0,0,0,0,0,0
254551,-0.12,-452,0,0,0,0,0,0,0,0
254587,-0.09,-189,0,0,0,0,0,0,0,0
254623,-0.11,-702,0,0,0,0,0,0,0,0
254659,-0.11,-1625,0,0,0,0,0,0,0,0
254695,-0.11,-2412,0,0,0,0,0,0,0,0
254731,-0.10,-2880,0,0,0,0,0,0,0,0
254767,-0.15,-3042,0,0,0,0,0,0,0,0
254803,-0.12,-2988,0,0,0,0,0,0,0,0
254839,-0.15,-2817,0,0,0,0,0,0,0,0
254875,-0.08,-2603,0,0,0,0,0,0,0,0
254911,-0.18,-2393,0,0,0,0,0,0,0,0
254947,-0.13,-2205,0,0,0,0,0,0,0,0
254983,-0.18,-2043,0,0,0,0,0,0,0,0
255019,-0.13,-1906,0,0,0,0,0,0,0,0
255055,-0.11,-1785,0,0,0,0,0,0,0,0
255091,-0.15,-1677,0,0,0,0,0,0,0,0
255127,-0.07,-1578,0,0,0,0,0,0,0,0
255163,-0.08,-1484,0,0,0,0,0,0,0,0
255199,-0.19,-1396,0,0,0,0,0,0,0,0
255235,-0.05,-1312,0,0,0,0,0,0,0,0
255271,-0.18,-1233,0,0,0,0,0,0,0,0
255307,-0.08,-1158,0,0,0,0,0,0,0,0
255343,-0.13,-1087,0,0,0,0,0,0,0,0
255379,-0.13,-1021,0,0,0,0,0,0,0,0
255415,-0.17,-958,0,0,0,0,0,0,0,0
255451,-0.15,-900,0,0,0,0,0,0,0,0
255487,-0.20,-845,0,0,0,0,0,0,0,0
255523,-0.14,-793,0,0,0,0,0,0,0,0
255559,-0.13,-629,0,0,0,0,0,0,0,0
255595,-0.09,-143,0,0,0,0,0,0,0,0
255631,-0.14,625,0,0,0,0,0,0,0,0
255667,-0.15,1372,0,0,0,0,0,0,0,0
255703,-0.12,1841,0,0,0,0,0,0,0,0
255739,-0.17,1975,0,0,0,0,0,0,0,0
255775,-0.10,1863,0,0,0,0,0,0,0,0
255811,-0.19,1637,0,0,0,0,0,0,0,0
255847,-0.13,1409,0,0,0,0,0,0,0,0
255883,-0.09,1245,0,0,0,0,0,0,0,0
255919,-0.13,1163,0,0,0,0,0,0,0,0
255955,-0.13,1138,0,0,0,0,0,0,0,0
255991,-0.12,1126,0,0,0,0,0,0,0,0
256027,-0.08,1092,0,0,0,0,0,0,0,0
256063,-0.09,1030,0,0,0,0,0,0,0,0
256099,-0.13,954,0,0,0,0,0,0,0,0
256135,-0.18,881,0,0,0,0,0,0,0,0
256171,-0.09,820,0,0,0,0,0,0,0,0
256207,-0.11,771,0,0,0,0,0,0,0,0
256243,-0.13,730,0,0,0,0,0,0,0,0
256279,-0.13,692,0,0,0,0,0,0,0,0
256315,-0.10,652,0,0,0,0,0,0,0,0
256351,-0.06,608,0,0,0,0,0,0,0,0
256387,-0.06,565,0,0,0,0,0,0,0,0
256423,-0.00,528,0,0,0,0,0,0,0,0
256459,-0.12,500,0,0,0,0,0,0,0,0
256495,-0.04,476,0,0,0,0,0,0,0,0
256531,-0.18,456,0,0,0,0,0,0,0,0
256567,-0.18,439,0,0,0,0,0,0,0,0
256603,-0.14,423,0,0,0,0,0,0,0,0
256639,-0.16,410,0,0,0,0,0,0,0,0
256675,-0.09,406,0,0,0,0,0,0,0,0
256711,-0.16,411,0,0,0,0,0,0,0,0
256747,-0.20,410,0,0,0,0,0,0,0,0
256783,-0.08,388,0,0,0,0,0,0,0,0
256819,-0.15,347,0,0,0,0,0,0,0,0
256855,-0.13,303,0,0,0,0,0,0,0,0
256891,-0.14,267,0,0,0,0,0,0,0,0
256927,-0.16,244,0,0,0,0,0,0,0,0
256963,-0.15,231,0,0,0,0,0,0,0,0
256999,-0.05,222,0,0,0,0,0,0,0,0
257035,-0.14,212,0,0,0,0,0,0,0,0
257071,-0.23,201,0,0,0,0,0,0,0,0
257107,-0.14,191,0,0,0,0,0,0,0,0
257143,-0.09,182,0,0,0,0,0,0,0,0
257179,-0.09,175,0,0,0,0,0,0,0,0
257215,-0.14,167,0,0,0,0,0,0,0,0
257251,-0.09,159,0,0,0,0,0,0,0,0
257287,-0.17,152,0,0,0,0,0,0,0,0
257323,-0.15,146,0,0,0,0,0,0,0,0
257359,-0.10,141,0,0,0,0,0,0,0,0
257395,-0.16,135,0,0,0,0,0,0,0,0
257431,-0.13,127,0,0,0,0,0,0,0,0
257467,-0.09,120,0,0,0,0,0,0,0,0
257503,-0.16,128,0,0,0,0,0,0,0,0
257539,-0.17,151,0,0,0,0,0,0,0,0
257575,-0.12,172,0,0,0,0,0,0,0,0
257611,-0.09,173,0,0,0,0,0,0,0,0
257647,-0.13,153,0,0,0,0,0,0,0,0
257683,-0.18,126,0,0,0,0,0,0,0,0
257719,-0.09,102,0,0,0,0,0,0,0,0
257755,-0.16,82,0,0,0,0,0,0,0,0
257791,-0.06,66,0,0,0,0,0,0,0,0
257827,-0.15,54,0,0,0,0,0,0,0,0
257863,-0.09,49,0,0,0,0,0,0,0,0
257899,-0.13,47,0,0,0,0,0,0,0,0
257935,-0.18,44,0,0,0,0,0,0,0,0
257971,-0.11,42,0,0,0,0,0,0,0,0
258007,-0.12,42,0,0,0,0,0,0,0,0
258043,-0.14,43,0,0,0,0,0,0,0,0
258079,-0.07,44,0,0,0,0,0,0,0,0
258115,-0.15,44,0,0,0,0,0,0,0,0
258151,-0.09,45,0,0,0,0,0,0,0,0
258187,-0.12,49,0,0,0,0,0,0,0,0
258223,-0.09,50,0,0,0,0,0,0,0,0
258259,-0.14,49,0,0,0,0,0,0,0,0
258295,-0.12,59,0,0,0,0,0,0,0,0
258331,-0.11,83,0,0,0,0,0,0,0,0
258367,-0.12,109,0,0,0,0,0,0,0,0
258403,-0.11,116,0,0,0,0,0,0,0,0
258439,-0.16,97,0,0,0,0,0,0,0,0
258475,-0.09,66,0,0,0,0,0,0,0,0
258511,-0.04,37,0,0,0,0,0,0,0,0
258547,-0.04,16,0,0,0,0,0,0,0,0
258583,-0.10,2,0,0,0,0,0,0,0,0
258619,-0.17,1,0,0,0,0,0,0,0,0
258655,-0.15,10,0,0,0,0,0,0,0,0
258691,-0.05,23,0,0,0,0,0,0,0,0
258727,-0.13,32,0,0,0,0,0,0,0,0
258763,-0.13,35,0,0,0,0,0,0,0,0
258799,-0.12,32,0,0,0,0,0,0,0,0
258835,-0.10,26,0,0,0,0,0,0,0,0
258871,-0.14,21,0,0,0,0,0,0,0,0
258907,-0.17,20,0,0,0,0,0,0,0,0
258943,-0.18,26,0,0,0,0,0,0,0,0
258979,-0.17,37,0,0,0,0,0,0,0,0
259015,-0.21,41,0,0,0,0,0,0,0,0
259051,-0.13,29,0,0,0,0,0,0,0,0
259087,-0.14,15,0,0,0,0,0,0,0,0
259123,-0.12,22,0,0,0,0,0,0,0,0
259159,-0.20,55,0,0,0,0,0,0,0,0
259195,-0.19,92,0,0,0,0,0,0,0,0
259231,-0.23,110,0,0,0,0,0,0,0,0
259267,-0.15,105,0,0,0,0,0,0,0,0
259303,-0.14,86,0,0,0,0,0,0,0,0
259339,-0.05,62,0,0,0,0,0,0,0,0
259375,-0.12,36,0,0,0,0,0,0,0,0
259411,-0.16,12,0,0,0,0,0,0,0,0
259447,-0.08,-3,0,0,0,0,0,0,0,0
259483,-0.09,-9,0,0,0,0,0,0,0,0
259519,-0.13,-9,0,0,0,0,0,0,0,0
259555,-0.06,-11,0,0,0,0,0,0,0,0
259591,-0.15,-16,0,0,0,0,0,0,0,0
259627,-0.05,-22,0,0,0,0,0,0,0,0
259663,-0.10,-25,0,0,0,0,0,0,0,0
259699,-0.11,-24,0,0,0,0,0,0,0,0
259735,-0.12,-18,0,0,0,0,0,0,0,0
259771,-0.09,0,0,0,0,0,0,0,0,0
259807,-0.07,33,0,0,0,0,0,0,0,0
259843,-0.11,66,0,0,0,0,0,0,0,0
259879,-0.13,69,0,0,0,0,0,0,0,0
259915,-0.14,41,0,0,0,0,0,0,0,0
259951,-0.14,9,0,0,0,0,0,0,0,0
259987,-0.12,0,0,0,0,0,0,0,0,0
260023,-0.07,6,0,0,0,0,0,0,0,0
260059,-0.10,0,0,0,0,0,0,0,0,0
260095,-0.06,-27,0,0,0,0,0,0,0,0
260131,-0.15,-58,0,0,0,0,0,0,0,0
260167,-0.13,-76,0,0,0,0,0,0,0,0
260203,-0.08,-79,0,0,0,0,0,0,0,0
260239,-0.20,-68,0,0,0,0,0,0,0,0
260275,-0.15,-43,0,0,0,0,0,0,0,0
260311,-0.03,-14,0,0,0,0,0,0,0,0
260347,-0.17,2,0,0,0,0,0,0,0,0
260383,-0.11,2,0,0,0,0,0,0,0,0
260419,-0.22,-11,0,0,0,0,0,0,0,0
260455,-0.18,-27,0,0,0,0,0,0,0,0
260491,-0.14,-37,0,0,0,0,0,0,0,0
260527,-0.10,-40,0,0,0,0,0,0,0,0
260563,-0.07,-33,0,0,0,0,0,0,0,0
260599,-0.04,-18,0,0,0,0,0,0,0,0
260635,-0.08,3,0,0,0,0,0,0,0,0
260671,-0.16,27,0,0,0,0,0,0,0,0
260707,-0.20,47,0,0,0,0,0,0,0,0
260743,-0.13,65,0,0,0,0,0,0,0,0
260779,-0.14,84,0,0,0,0,0,0,0,0
260815,-0.15,95,0,0,0,0,0,0,0,0
260851,-0.13,83,0,0,0,0,0,0,0,0
260887,-0.12,46,0,0,0,0,0,0,0,0
260923,-0.16,0,0,0,0,0,0,0,0,0
260959,-0.20,-40,0,0,0,0,0,0,0,0
260995,-0.16,-58,0,0,0,0,0,0,0,0
261031,-0.11,-51,0,0,0,0,0,0,0,0
261067,0.00,-28,0,0,0,0,0,0,0,0
261103,-0.13,-4,0,0,0,0,0,0,0,0
261139,-0.17,7,0,0,0,0,0,0,0,0
261175,-0.11,10,0,0,0,0,0,0,0,0
261211,-0.08,12,0,0,0,0,0,0,0,0
261247,-0.14,15,0,0,0,0,0,0,0,0
261283,-0.13,17,0,0,0,0,0,0,0,0
261319,-0.16,13,0,0,0,0,0,0,0,0
261355,-0.14,6,0,0,0,0,0,0,0,0
261391,-0.19,1,0,0,0,0,0,0,0,0
261427,-0.08,4,0,0,0,0,0,0,0,0
261463,-0.14,8,0,0,0,0,0,0,0,0
261499,-0.06,3,0,0,0,0,0,0,0,0
261535,-0.13,-8,0,0,0,0,0,0,0,0
261571,-0.06,-16,0,0,0,0,0,0,0,0
261607,-0.05,-3,0,0,0,0,0,0,0,0
261643,-0.13,24,0,0,0,0,0,0,0,0
261679,-0.12,49,0,0,0,0,0,0,0,0
261715,-0.06,53,0,0,0,0,0,0,0,0
261751,-0.22,38,0,0,0,0,0,0,0,0
261787,-0.08,13,0,0,0,0,0,0,0,0
261823,-0.05,-6,0,0,0,0,0,0,0,0
261859,-0.16,-9,0,0,0,0,0,0,0,0
261895,-0.11,9,0,0,0,0,0,0,0,0
261931,-0.16,37,0,0,0,0,0,0,0,0
261967,-0.05,54,0,0,0,0,0,0,0,0
262003,-0.11,53,0,0,0,0,0,0,0,0
262039,-0.14,34,0,0,0,0,0,0,0,0
262075,-0.14,10,0,0,0,0,0,0,0,0
262111,-0.09,-8,0,0,0,0,0,0,0,0
262147,-0.09,-17,0,0,0,0,0,0,0,0
262183,-0.15,-17,0,0,0,0,0,0,0,0
262219,-0.13,-13,0,0,0,0,0,0,0,0
262255,-0.05,-11,0,0,0,0,0,0,0,0
262291,-0.14,-10,0,0,0,0,0,0,0,0
262327,-0.19,2,0,0,0,0,0,0,0,0
262363,-0.09,29,0,0,0,0,0,0,0,0
262399,-0.16,59,0,0,0,0,0,0,0,0
262435,-0.12,67,0,0,0,0,0,0,0,0
262471,-0.13,51,0,0,0,0,0,0,0,0
262507,-0.13,21,0,0,0,0,0,0,0,0
262543,-0.19,-6,0,0,0,0,0,0,0,0
262579,-0.10,-22,0,0,0,0,0,0,0,0
262615,-0.21,-24,0,0,0,0,0,0,0,0
262651,-0.18,-16,0,0,0,0,0,0,0,0
262687,-0.19,-6,0,0,0,0,0,0,0,0
262723,-0.15,-4,0,0,0,0,0,0,0,0
262759,-0.13,-12,0,0,0,0,0,0,0,0
262795,-0.18,-22,0,0,0,0,0,0,0,0
262831,-0.19,-27,0,0,0,0,0,0,0,0
262867,-0.12,-26,0,0,0,0,0,0,0,0
262903,-0.31,-22,0,0,0,0,0,0,0,0
262939,-0.12,-16,0,0,0,0,0,0,0,0
262975,-0.12,-12,0,0,0,0,0,0,0,0
263011,-0.19,-9,0,0,0,0,0,0,0,0
263047,-0.13,2,0,0,0,0,0,0,0,0
263083,-0.08,36,0,0,0,0,0,0,0,0
263119,-0.14,78,0,0,0,0,0,0,0,0
263155,-0.09,101,0,0,0,0,0,0,0,0
263191,-0.12,94,0,0,0,0,0,0,0,0
263227,-0.21,68,0,0,0,0,0,0,0,0
263263,-0.13,44,0,0,0,0,0,0,0,0
263299,-0.06,23,0,0,0,0,0,0,0,0
263335,-0.09,8,0,0,0,0,0,0,0,0
263371,-0.11,0,0,0,0,0,0,0,0,0
263407,-0.10,2,0,0,0,0,0,0,0,0
263443,-0.12,9,0,0,0,0,0,0,0,0
263479,-0.15,14,0,0,0,0,0,0,0,0
263515,-0.18,14,0,0,0,0,0,0,0,0
263551,-0.07,8,0,0,0,0,0,0,0,0
263587,-0.17,-3,0,0,0,0,0,0,0,0
263623,-0.06,-18,0,0,0,0,0,0,0,0
263659,-0.01,-20,0,0,0,0,0,0,0,0
263695,-0.12,0,0,0,0,0,0,0,0,0
263731,-0.09,30,0,0,0,0,0,0,0,0
263767,-0.14,44,0,0,0,0,0,0,0,0
263803,-0.09,26,0,0,0,0,0,0,0,0
263839,-0.19,-10,0,0,0,0,0,0,0,0
263875,-0.15,-40,0,0,0,0,0,0,0,0
263911,-0.07,-46,0,0,0,0,0,0,0,0
263947,-0.06,-32,0,0,0,0,0,0,0,0
263983,-0.20,-13,0,0,0,0,0,0,0,0
264019,-0.15,-1,0,0,0,0,0,0,0,0
264055,-0.10,0,0,0,0,0,0,0,0,0
264091,-0.14,-4,0,0,0,0,0,0,0,0
264127,-0.03,-6,0,0,0,0,0,0,0,0
264163,-0.00,-7,0,0,0,0,0,0,0,0
264199,-0.18,-14,0,0,0,0,0,0,0,0
264235,-0.10,-28,0,0,0,0,0,0,0,0
264271,-0.06,-33,0,0,0,0,0,0,0,0
264307,-0.17,-14,0,0,0,0,0,0,0,0
264343,-0.07,18,0,0,0,0,0,0,0,0
264379,-0.10,43,0,0,0,0,0,0,0,0
264415,-0.06,47,0,0,0,0,0,0,0,0
264451,-0.09,33,0,0,0,0,0,0,0,0
264487,-0.13,13,0,0,0,0,0,0,0,0
264523,-0.10,-2,0,0,0,0,0,0,0,0
264559,-0.15,-8,0,0,0,0,0,0,0,0
264595,-0.09,-4,0,0,0,0,0,0,0,0
264631,-0.08,3,0,0,0,0,0,0,0,0
264667,-0.04,5,0,0,0,0,0,0,0,0
264703,-0.11,-4,0,0,0,0,0,0,0,0
264739,-0.12,-17,0,0,0,0,0,0,0,0
264775,-0.08,-19,0,0,0,0,0,0,0,0
264811,-0.08,-10,0,0,0,0,0,0,0,0
264847,-0.09,6,0,0,0,0,0,0,0,0
264883,-0.10,20,0,0,0,0,0,0,0,0
264919,-0.13,17,0,0,0,0,0,0,0,0
264955,-0.06,-2,0,0,0,0,0,0,0,0
264991,-0.06,-28,0,0,0,0,0,0,0,0
265027,-0.06,-56,0,0,0,0,0,0,0,0
265063,-0.07,-94,0,0,0,0,0,0,0,0
265099,-0.07,-169,0,0,0,0,0,0,0,0
265135,-0.16,-284,0,0,0,0,0,0,0,0
265171,-0.09,-286,0,0,0,0,0,0,0,0
265207,-0.06,-18,0,0,0,0,0,0,0,0
265243,-0.11,385,0,0,0,0,0,0,0,0
265279,-0.08,719,0,0,0,0,0,0,0,0
265315,-0.12,918,0,0,0,0,0,0,0,0
265351,-0.04,991,0,0,0,0,0,0,0,0
265387,-0.07,979,0,0,0,0,0,0,0,0
265423,-0.08,652,0,0,0,0,0,0,0,0
265459,-0.07,-246,0,0,0,0,0,0,0,0
265495,-0.17,-1372,0,0,0,0,0,0,0,0
265531,-0.08,-2238,0,0,0,0,0,0,0,0
265567,-0.06,-2716,0,0,0,0,0,0,0,0
265603,-0.06,-2592,0,0,0,0,0,0,0,0
265639,-0.11,-1693,0,0,0,0,0,0,0,0
265675,-0.14,-457,0,0,0,0,0,0,0,0
265711,-0.04,558,0,0,0,0,0,0,0,0
265747,-0.09,1186,0,0,0,0,0,0,0,0
265783,-0.13,1463,0,0,0,0,0,0,0,0
265819,-0.10,1231,0,0,0,0,0,0,0,0
265855,-0.03,314,0,0,0,0,0,0,0,0
265891,-0.09,-877,0,0,0,0,0,0,0,0
265927,-0.02,-1815,0,0,0,0,0,0,0,0
265963,-0.08,-2355,0,0,0,0,0,0,0,0
265999,-0.10,-2545,0,0,0,0,0,0,0,0
266035,-0.04,-2502,0,0,0,0,0,0,0,0
266071,-0.07,-2262,0,0,0,0,0,0,0,0
266107,-0.05,-1731,0,0,0,0,0,0,0,0
266143,-0.07,-917,0,0,0,0,0,0,0,0
266179,-0.11,-37,0,0,0,0,0,0,0,0
266215,-0.08,652,0,0,0,0,0,0,0,0
266251,-0.09,1030,0,0,0,0,0,0,0,0
266287,-0.08,1127,0,0,0,0,0,0,0,0
266323,-0.15,1060,0,0,0,0,0,0,0,0
266359,-0.11,932,0,0,0,0,0,0,0,0
266395,-0.17,805,0,0,0,0,0,0,0,0
266431,-0.07,702,0,0,0,0,0,0,0,0
266467,-0.12,631,0,0,0,0,0,0,0,0
266503,-0.11,587,0,0,0,0,0,0,0,0
266539,-0.11,556,0,0,0,0,0,0,0,0
266575,-0.12,524,0,0,0,0,0,0,0,0
266611,-0.11,483,0,0,0,0,0,0,0,0
266647,-0.14,438,0,0,0,0,0,0,0,0
266683,-0.09,396,0,0,0,0,0,0,0,0
266719,-0.14,361,0,0,0,0,0,0,0,0
266755,-0.00,338,0,0,0,0,0,0,0,0
266791,-0.05,328,0,0,0,0,0,0,0,0
266827,-0.12,321,0,0,0,0,0,0,0,0
266863,-0.10,311,0,0,0,0,0,0,0,0
266899,-0.09,298,0,0,0,0,0,0,0,0
266935,-0.07,286,0,0,0,0,0,0,0,0
266971,-0.15,281,0,0,0,0,0,0,0,0
267007,-0.09,278,0,0,0,0,0,0,0,0
267043,-0.16,271,0,0,0,0,0,0,0,0
267079,-0.08,255,0,0,0,0,0,0,0,0
267115,-0.16,237,0,0,0,0,0,0,0,0
267151,-0.11,222,0,0,0,0,0,0,0,0
267187,-0.14,208,0,0,0,0,0,0,0,0
267223,-0.24,196,0,0,0,0,0,0,0,0
267259,-0.20,184,0,0,0,0,0,0,0,0
267295,-0.17,175,0,0,0,0,0,0,0,0
267331,-0.06,167,0,0,0,0,0,0,0,0
267367,-0.14,159,0,0,0,0,0,0,0,0
267403,-0.07,149,0,0,0,0,0,0,0,0
267439,-0.06,142,0,0,0,0,0,0,0,0
267475,-0.09,140,0,0,0,0,0,0,0,0
267511,-0.14,143,0,0,0,0,0,0,0,0
267547,-0.02,141,0,0,0,0,0,0,0,0
267583,-0.11,129,0,0,0,0,0,0,0,0
267619,-0.12,112,0,0,0,0,0,0,0,0
267655,-0.12,97,0,0,0,0,0,0,0,0
267691,-0.05,92,0,0,0,0,0,0,0,0
267727,-0.10,93,0,0,0,0,0,0,0,0
267763,-0.09,93,0,0,0,0,0,0,0,0
267799,-0.09,86,0,0,0,0,0,0,0,0
267835,-0.07,72,0,0,0,0,0,0,0,0
267871,-0.10,56,0,0,0,0,0,0,0,0
267907,-0.14,45,0,0,0,0,0,0,0,0
267943,-0.04,42,0,0,0,0,0,0,0,0
267979,-0.07,50,0,0,0,0,0,0,0,0
268015,-0.06,65,0,0,0,0,0,0,0,0
268051,-0.08,78,0,0,0,0,0,0,0,0
268087,-0.09,84,0,0,0,0,0,0,0,0
268123,-0.04,83,0,0,0,0,0,0,0,0
268159,-0.11,76,0,0,0,0,0,0,0,0
268195,-0.05,64,0,0,0,0,0,0,0,0
268231,-0.10,49,0,0,0,0,0,0,0,0
268267,-0.12,35,0,0,0,0,0,0,0,0
268303,-0.05,28,0,0,0,0,0,0,0,0
268339,-0.06,29,0,0,0,0,0,0,0,0
268375,-0.11,37,0,0,0,0,0,0,0,0
268411,-0.18,47,0,0,0,0,0,0,0,0
268447,-0.18,53,0,0,0,0,0,0,0,0
268483,-0.07,51,0,0,0,0,0,0,0,0
268519,-0.17,48,0,0,0,0,0,0,0,0
268555,-0.12,51,0,0,0,0,0,0,0,0
268591,-0.14,64,0,0,0,0,0,0,0,0
268627,-0.10,75,0,0,0,0,0,0,0,0
268663,-0.02,75,0,0,0,0,0,0,0,0
268699,-0.11,66,0,0,0,0,0,0,0,0
268735,-0.04,56,0,0,0,0,0,0,0,0
268771,-0.07,49,0,0,0,0,0,0,0,0
268807,-0.09,42,0,0,0,0,0,0,0,0
268843,-0.10,33,0,0,0,0,0,0,0,0
268879,-0.09,21,0,0,0,0,0,0,0,0
268915,-0.08,12,0,0,0,0,0,0,0,0
268951,-0.07,5,0,0,0,0,0,0,0,0
268987,-0.12,3,0,0,0,0,0,0,0,0
269023,-0.13,4,0,0,0,0,0,0,0,0
269059,-0.07,6,0,0,0,0,0,0,0,0
269095,-0.10,7,0,0,0,0,0,0,0,0
269131,-0.05,9,0,0,0,0,0,0,0,0
269167,-0.12,12,0,0,0,0,0,0,0,0
269203,-0.11,14,0,0,0,0,0,0,0,0
269239,-0.07,13,0,0,0,0,0,0,0,0
269275,-0.20,11,0,0,0,0,0,0,0,0
269311,-0.17,12,0,0,0,0,0,0,0,0
269347,-0.05,23,0,0,0,0,0,0,0,0
269383,-0.20,44,0,0,0,0,0,0,0,0
269419,-0.08,59,0,0,0,0,0,0,0,0
269455,-0.15,57,0,0,0,0,0,0,0,0
269491,-0.12,42,0,0,0,0,0,0,0,0
269527,-0.09,29,0,0,0,0,0,0,0,0
269563,-0.16,20,0,0,0,0,0,0,0,0
269599,-0.10,14,0,0,0,0,0,0,0,0
269635,-0.08,9,0,0,0,0,0,0,0,0
269671,-0.10,8,0,0,0,0,0,0,0,0
269707,-0.15,16,0,0,0,0,0,0,0,0
269743,-0.12,33,0,0,0,0,0,0,0,0
269779,-0.15,44,0,0,0,0,0,0,0,0
269815,-0.11,37,0,0,0,0,0,0,0,0
269851,-0.17,11,0,0,0,0,0,0,0,0
269887,-0.09,-29,0,0,0,0,0,0,0,0
269923,-0.08,-76,0,0,0,0,0,0,0,0
269959,-0.10,-125,0,0,0,0,0,0,0,0
269995,-0.08,-178,0,0,0,0,0,0,0,0
270031,-0.04,-241,0,0,0,0,0,0,0,0
270067,-0.13,-305,0,0,0,0,0,0,0,0
270103,-0.07,-330,0,0,0,0,0,0,0,0
270139,-0.12,-261,0,0,0,0,0,0,0,0
270175,-0.17,-66,0,0,0,0,0,0,0,0
270211,-0.11,200,0,0,0,0,0,0,0,0
270247,-0.12,389,0,0,0,0,0,0,0,0
270283,-0.23,374,0,0,0,0,0,0,0,0
270319,-0.13,155,0,0,0,0,0,0,0,0
270355,-0.12,-147,0,0,0,0,0,0,0,0
270391,-0.09,-392,0,0,0,0,0,0,0,0
270427,-0.11,-495,0,0,0,0,0,0,0,0
270463,-0.15,-450,0,0,0,0,0,0,0,0
270499,-0.08,-303,0,0,0,0,0,0,0,0
270535,-0.16,-110,0,0,0,0,0,0,0,0
270571,-0.15,91,0,0,0,0,0,0,0,0
270607,-0.08,277,0,0,0,0,0,0,0,0
270643,-0.08,417,0,0,0,0,0,0,0,0
270679,-0.10,486,0,0,0,0,0,0,0,0
270715,-0.05,472,0,0,0,0,0,0,0,0
270751,-0.08,389,0,0,0,0,0,0,0,0
270787,-0.10,273,0,0,0,0,0,0,0,0
270823,-0.11,160,0,0,0,0,0,0,0,0
270859,-0.17,68,0,0,0,0,0,0,0,0
270895,-0.09,1,0,0,0,0,0,0,0,0
270931,-0.13,-41,0,0,0,0,0,0,0,0
270967,-0.21,-60,0,0,0,0,0,0,0,0
271003,-0.12,-60,0,0,0,0,0,0,0,0
271039,-0.10,-41,0,0,0,0,0,0,0,0
271075,-0.22,-14,0,0,0,0,0,0,0,0
271111,-0.11,6,0,0,0,0,0,0,0,0
271147,-0.18,12,0,0,0,0,0,0,0,0
271183,-0.15,4,0,0,0,0,0,0,0,0
271219,-0.18,-9,0,0,0,0,0,0,0,0
271255,-0.08,-22,0,0,0,0,0,0,0,0
271291,-0.14,-30,0,0,0,0,0,0,0,0
271327,-0.22,-34,0,0,0,0,0,0,0,0
271363,-0.14,-33,0,0,0,0,0,0,0,0
271399,-0.19,-29,0,0,0,0,0,0,0,0
271435,-0.09,-24,0,0,0,0,0,0,0,0
271471,-0.12,-20,0,0,0,0,0,0,0,0
271507,-0.08,-18,0,0,0,0,0,0,0,0
271543,-0.06,-17,0,0,0,0,0,0,0,0
271579,-0.17,-15,0,0,0,0,0,0,0,0
271615,-0.17,-11,0,0,0,0,0,0,0,0
271651,-0.06,-9,0,0,0,0,0,0,0,0
271687,-0.12,-10,0,0,0,0,0,0,0,0
271723,-0.13,-14,0,0,0,0,0,0,0,0
271759,-0.16,-18,0,0,0,0,0,0,0,0
271795,-0.05,-18,0,0,0,0,0,0,0,0
271831,-0.05,-16,0,0,0,0,0,0,0,0
271867,-0.16,-12,0,0,0,0,0,0,0,0
271903,-0.14,-9,0,0,0,0,0,0,0,0
271939,-0.18,-6,0,0,0,0,0,0,0,0
271975,-0.18,0,0,0,0,0,0,0,0,0
272011,-0.05,12,0,0,0,0,0,0,0,0
272047,-0.11,25,0,0,0,0,0,0,0,0
272083,-0.16,28,0,0,0,0,0,0,0,0
272119,-0.11,19,0,0,0,0,0,0,0,0
272155,-0.12,6,0,0,0,0,0,0,0,0
272191,-0.07,-3,0,0,0,0,0,0,0,0
272227,-0.11,-11,0,0,0,0,0,0,0,0
272263,-0.13,-20,0,0,0,0,0,0,0,0
272299,-0.13,-28,0,0,0,0,0,0,0,0
272335,-0.15,-36,0,0,0,0,0,0,0,0
272371,-0.23,-40,0,0,0,0,0,0,0,0
272407,-0.14,-41,0,0,0,0,0,0,0,0
272443,-0.14,-40,0,0,0,0,0,0,0,0
272479,-0.18,-39,0,0,0,0,0,0,0,0
272515,-0.19,-36,0,0,0,0,0,0,0,0
272551,-0.02,-33,0,0,0,0,0,0,0,0
272587,-0.12,-30,0,0,0,0,0,0,0,0
272623,-0.15,-23,0,0,0,0,0,0,0,0
272659,-0.11,-8,0,0,0,0,0,0,0,0
272695,-0.13,17,0,0,0,0,0,0,0,0
272731,-0.12,48,0,0,0,0,0,0,0,0
272767,-0.11,73,0,0,0,0,0,0,0,0
272803,-0.19,84,0,0,0,0,0,0,0,0
272839,-0.08,78,0,0,0,0,0,0,0,0
272875,-0.09,59,0,0,0,0,0,0,0,0
272911,-0.09,37,0,0,0,0,0,0,0,0
272947,-0.13,28,0,0,0,0,0,0,0,0
272983,-0.07,35,0,0,0,0,0,0,0,0
273019,-0.08,46,0,0,0,0,0,0,0,0
273055,-0.13,47,0,0,0,0,0,0,0,0
273091,0.01,37,0,0,0,0,0,0,0,0
273127,-0.10,22,0,0,0,0,0,0,0,0
273163,-0.15,8,0,0,0,0,0,0,0,0
273199,-0.10,-5,0,0,0,0,0,0,0,0
273235,-0.13,-24,0,0,0,0,0,0,0,0
273271,-0.09,-55,0,0,0,0,0,0,0,0
273307,-0.09,-105,0,0,0,0,0,0,0,0
273343,-0.09,-179,0,0,0,0,0,0,0,0
273379,-0.13,-280,0,0,0,0,0,0,0,0
273415,-0.08,-404,0,0,0,0,0,0,0,0
273451,-0.13,-527,0,0,0,0,0,0,0,0
273487,-0.13,-606,0,0,0,0,0,0,0,0
273523,-0.08,-607,0,0,0,0,0,0,0,0
273559,-0.16,-541,0,0,0,0,0,0,0,0
273595,-0.15,-466,0,0,0,0,0,0,0,0
273631,-0.12,-425,0,0,0,0,0,0,0,0
273667,-0.08,-418,0,0,0,0,0,0,0,0
273703,-0.19,-423,0,0,0,0,0,0,0,0
273739,-0.10,-425,0,0,0,0,0,0,0,0
273775,-0.14,-413,0,0,0,0,0,0,0,0
273811,-0.09,-356,0,0,0,0,0,0,0,0
273847,-0.10,-200,0,0,0,0,0,0,0,0
273883,-0.11,94,0,0,0,0,0,0,0,0
273919,-0.06,485,0,0,0,0,0,0,0,0
273955,-0.09,853,0,0,0,0,0,0,0,0
273991,-0.14,1103,0,0,0,0,0,0,0,0
274027,-0.07,1216,0,0,0,0,0,0,0,0
274063,-0.10,1224,0,0,0,0,0,0,0,0
274099,-0.13,1071,0,0,0,0,0,0,0,0
274135,-0.11,685,0,0,0,0,0,0,0,0
274171,-0.10,306,0,0,0,0,0,0,0,0
274207,-0.15,231,0,0,0,0,0,0,0,0
274243,-0.12,393,0,0,0,0,0,0,0,0
274279,-0.13,593,0,0,0,0,0,0,0,0
274315,-0.10,741,0,0,0,0,0,0,0,0
274351,-0.13,813,0,0,0,0,0,0,0,0
274387,-0.13,822,0,0,0,0,0,0,0,0
274423,-0.12,522,0,0,0,0,0,0,0,0
274459,-0.04,-354,0,0,0,0,0,0,0,0
274495,-0.14,-1463,0,0,0,0,0,0,0,0
274531,-0.04,-2154,0,0,0,0,0,0,0,0
274567,-0.13,-2015,0,0,0,0,0,0,0,0
274603,-0.13,-1190,0,0,0,0,0,0,0,0
274639,-0.12,-214,0,0,0,0,0,0,0,0
274675,-0.05,517,0,0,0,0,0,0,0,0
274711,-0.05,855,0,0,0,0,0,0,0,0
274747,-0.10,835,0,0,0,0,0,0,0,0
274783,-0.08,643,0,0,0,0,0,0,0,0
274819,-0.05,464,0,0,0,0,0,0,0,0
274855,-0.10,379,0,0,0,0,0,0,0,0
274891,-0.07,349,0,0,0,0,0,0,0,0
274927,-0.14,269,0,0,0,0,0,0,0,0
274963,-0.09,64,0,0,0,0,0,0,0,0
274999,-0.05,-107,0,0,0,0,0,0,0,0
275035,-0.12,-11,0,0,0,0,0,0,0,0
275071,-0.08,274,0,0,0,0,0,0,0,0
275107,-0.10,278,0,0,0,0,0,0,0,0
275143,-0.09,-367,0,0,0,0,0,0,0,0
275179,-0.08,-1072,0,0,0,0,0,0,0,0
275215,-0.16,-1044,0,0,0,0,0,0,0,0
275251,-0.01,-453,0,0,0,0,0,0,0,0
275287,-0.01,190,0,0,0,0,0,0,0,0
275323,-0.12,666,0,0,0,0,0,0,0,0
275359,-0.14,929,0,0,0,0,0,0,0,0
275395,-0.11,1017,0,0,0,0,0,0,0,0
275431,-0.12,996,0,0,0,0,0,0,0,0
275467,-0.11,921,0,0,0,0,0,0,0,0
275503,-0.10,833,0,0,0,0,0,0,0,0
275539,-0.17,751,0,0,0,0,0,0,0,0
275575,-0.10,683,0,0,0,0,0,0,0,0
275611,-0.20,629,0,0,0,0,0,0,0,0
275647,-0.13,585,0,0,0,0,0,0,0,0
275683,-0.13,549,0,0,0,0,0,0,0,0
275719,-0.11,517,0,0,0,0,0,0,0,0
275755,-0.17,487,0,0,0,0,0,0,0,0
275791,-0.12,459,0,0,0,0,0,0,0,0
275827,-0.16,432,0,0,0,0,0,0,0,0
275863,-0.21,406,0,0,0,0,0,0,0,0
275899,-0.12,381,0,0,0,0,0,0,0,0
275935,-0.15,358,0,0,0,0,0,0,0,0
275971,-0.13,336,0,0,0,0,0,0,0,0
276007,-0.15,316,0,0,0,0,0,0,0,0
276043,-0.10,296,0,0,0,0,0,0,0,0
276079,-0.10,278,0,0,0,0,0,0,0,0
276115,-0.17,261,0,0,0,0,0,0,0,0
276151,-0.09,245,0,0,0,0,0,0,0,0
276187,-0.16,230,0,0,0,0,0,0,0,0
276223,-0.14,216,0,0,0,0,0,0,0,0
276259,-0.19,203,0,0,0,0,0,0,0,0
276295,-0.17,191,0,0,0,0,0,0,0,0
276331,-0.10,179,0,0,0,0,0,0,0,0
276367,-0.15,168,0,0,0,0,0,0,0,0
276403,-0.11,158,0,0,0,0,0,0,0,0
276439,-0.18,148,0,0,0,0,0,0,0,0
276475,-0.07,139,0,0,0,0,0,0,0,0
276511,-0.11,131,0,0,0,0,0,0,0,0
276547,-0.07,123,0,0,0,0,0,0,0,0
276583,-0.12,115,0,0,0,0,0,0,0,0
276619,-0.10,108,0,0,0,0,0,0,0,0
276655,-0.08,101,0,0,0,0,0,0,0,0
276691,-0.16,95,0,0,0,0,0,0,0,0
276727,-0.12,89,0,0,0,0,0,0,0,0
276763,-0.10,84,0,0,0,0,0,0,0,0
276799,-0.15,79,0,0,0,0,0,0,0,0
276835,-0.08,74,0,0,0,0,0,0,0,0
276871,-0.11,69,0,0,0,0,0,0,0,0
276907,-0.10,65,0,0,0,0,0,0,0,0
276943,-0.05,61,0,0,0,0,0,0,0,0
276979,-0.10,-210,0,0,0,0,0,0,0,0
277015,-0.14,-1039,0,0,0,0,0,0,0,0
277051,-0.02,-2095,0,0,0,0,0,0,0,0
277087,-0.14,-2900,0,0,0,0,0,0,0,0
277123,-0.15,-3326,0,0,0,0,0,0,0,0
277159,-0.15,-3428,0,0,0,0,0,0,0,0
277195,-0.03,-3319,0,0,0,0,0,0,0,0
277231,-0.17,-3105,0,0,0,0,0,0,0,0
277267,-0.09,-2860,0,0,0,0,0,0,0,0
277303,-0.12,-2628,0,0,0,0,0,0,0,0
277339,-0.13,-2425,0,0,0,0,0,0,0,0
277375,-0.03,-2251,0,0,0,0,0,0,0,0
277411,-0.16,-2103,0,0,0,0,0,0,0,0
277447,-0.13,-1972,0,0,0,0,0,0,0,0
277483,-0.12,-1854,0,0,0,0,0,0,0,0
277519,-0.07,-1744,0,0,0,0,0,0,0,0
277555,-0.11,-1470,0,0,0,0,0,0,0,0
277591,-0.21,-749,0,0,0,0,0,0,0,0
277627,-0.10,313,0,0,0,0,0,0,0,0
277663,-0.07,1294,0,0,0,0,0,0,0,0
277699,-0.08,1938,0,0,0,0,0,0,0,0
277735,-0.16,2233,0,0,0,0,0,0,0,0
277771,-0.11,2271,0,0,0,0,0,0,0,0
277807,-0.14,2159,0,0,0,0,0,0,0,0
277843,-0.09,1937,0,0,0,0,0,0,0,0
277879,-0.10,1580,0,0,0,0,0,0,0,0
277915,-0.09,1089,0,0,0,0,0,0,0,0
277951,-0.13,523,0,0,0,0,0,0,0,0
277987,-0.11,24,0,0,0,0,0,0,0,0
278023,-0.14,-252,0,0,0,0,0,0,0,0
278059,-0.09,-258,0,0,0,0,0,0,0,0
278095,-0.13,-77,0,0,0,0,0,0,0,0
278131,-0.13,144,0,0,0,0,0,0,0,0
278167,-0.18,295,0,0,0,0,0,0,0,0
278203,-0.13,349,0,0,0,0,0,0,0,0
278239,-0.16,332,0,0,0,0,0,0,0,0
278275,-0.09,281,0,0,0,0,0,0,0,0
278311,-0.07,218,0,0,0,0,0,0,0,0
278347,-0.14,154,0,0,0,0,0,0,0,0
278383,-0.11,99,0,0,0,0,0,0,0,0
278419,-0.09,54,0,0,0,0,0,0,0,0
278455,-0.07,12,0,0,0,0,0,0,0,0
278491,-0.04,-23,0,0,0,0,0,0,0,0
278527,0.01,-42,0,0,0,0,0,0,0,0
278563,-0.10,-40,0,0,0,0,0,0,0,0
278599,-0.10,-24,0,0,0,0,0,0,0,0
278635,-0.10,-2,0,0,0,0,0,0,0,0
278671,-0.12,22,0,0,0,0,0,0,0,0
278707,-0.08,55,0,0,0,0,0,0,0,0
278743,-0.06,104,0,0,0,0,0,0,0,0
278779,-0.08,162,0,0,0,0,0,0,0,0
278815,-0.09,212,0,0,0,0,0,0,0,0
278851,-0.17,244,0,0,0,0,0,0,0,0
278887,-0.15,249,0,0,0,0,0,0,0,0
278923,-0.10,225,0,0,0,0,0,0,0,0
278959,-0.12,177,0,0,0,0,0,0,0,0
278995,-0.09,123,0,0,0,0,0,0,0,0
279031,-0.23,80,0,0,0,0,0,0,0,0
279067,-0.10,56,0,0,0,0,0,0,0,0
279103,-0.04,46,0,0,0,0,0,0,0,0
279139,-0.12,42,0,0,0,0,0,0,0,0
279175,-0.08,35,0,0,0,0,0,0,0,0
279211,-0.13,24,0,0,0,0,0,0,0,0
279247,-0.14,12,0,0,0,0,0,0,0,0
279283,-0.10,-1,0,0,0,0,0,0,0,0
279319,-0.12,-18,0,0,0,0,0,0,0,0
279355,-0.22,-36,0,0,0,0,0,0,0,0
279391,-0.10,-51,0,0,0,0,0,0,0,0
279427,-0.17,-42,0,0,0,0,0,0,0,0
279463,-0.18,12,0,0,0,0,0,0,0,0
279499,-0.12,104,0,0,0,0,0,0,0,0
279535,-0.11,193,0,0,0,0,0,0,0,0
279571,-0.13,239,0,0,0,0,0,0,0,0
279607,-0.11,226,0,0,0,0,0,0,0,0
279643,-0.11,169,0,0,0,0,0,0,0,0
279679,-0.12,98,0,0,0,0,0,0,0,0
279715,-0.12,35,0,0,0,0,0,0,0,0
279751,-0.08,-6,0,0,0,0,0,0,0,0
279787,-0.14,-25,0,0,0,0,0,0,0,0
279823,-0.11,-30,0,0,0,0,0,0,0,0
279859,-0.08,-28,0,0,0,0,0,0,0,0
279895,-0.19,-23,0,0,0,0,0,0,0,0
279931,-0.11,-19,0,0,0,0,0,0,0,0
279967,-0.12,-16,0,0,0,0,0,0,0,0
280003,-0.12,-16,0,0,0,0,0,0,0,0
280039,-0.15,-16,0,0,0,0,0,0,0,0
280075,-0.12,-15,0,0,0,0,0,0,0,0
280111,-0.07,-17,0,0,0,0,0,0,0,0
280147,-0.10,-21,0,0,0,0,0,0,0,0
280183,-0.09,-11,0,0,0,0,0,0,0,0
280219,-0.15,32,0,0,0,0,0,0,0,0
280255,-0.15,105,0,0,0,0,0,0,0,0
280291,-0.14,176,0,0,0,0,0,0,0,0
280327,-0.10,210,0,0,0,0,0,0,0,0
280363,-0.12,199,0,0,0,0,0,0,0,0
280399,-0.14,156,0,0,0,0,0,0,0,0
280435,-0.09,100,0,0,0,0,0,0,0,0
280471,-0.13,48,0,0,0,0,0,0,0,0
280507,-0.15,5,0,0,0,0,0,0,0,0
280543,-0.17,-26,0,0,0,0,0,0,0,0
280579,-0.10,-47,0,0,0,0,0,0,0,0
280615,-0.15,-56,0,0,0,0,0,0,0,0
280651,-0.08,-53,0,0,0,0,0,0,0,0
280687,-0.11,-43,0,0,0,0,0,0,0,0
280723,-0.14,-38,0,0,0,0,0,0,0,0
280759,-0.09,-40,0,0,0,0,0,0,0,0
280795,-0.14,-44,0,0,0,0,0,0,0,0
280831,-0.13,-42,0,0,0,0,0,0,0,0
280867,-0.15,-35,0,0,0,0,0,0,0,0
280903,-0.11,-32,0,0,0,0,0,0,0,0
280939,-0.19,-39,0,0,0,0,0,0,0,0
280975,-0.14,-48,0,0,0,0,0,0,0,0
281011,-0.16,-39,0,0,0,0,0,0,0,0
281047,-0.08,3,0,0,0,0,0,0,0,0
281083,-0.07,76,0,0,0,0,0,0,0,0
281119,-0.04,155,0,0,0,0,0,0,0,0
281155,-0.08,203,0,0,0,0,0,0,0,0
281191,-0.16,211,0,0,0,0,0,0,0,0
281227,-0.09,185,0,0,0,0,0,0,0,0
281263,-0.15,140,0,0,0,0,0,0,0,0
281299,-0.12,87,0,0,0,0,0,0,0,0
281335,-0.16,39,0,0,0,0,0,0,0,0
281371,-0.15,2,0,0,0,0,0,0,0,0
281407,-0.08,-21,0,0,0,0,0,0,0,0
281443,-0.04,-34,0,0,0,0,0,0,0,0
281479,-0.19,-40,0,0,0,0,0,0,0,0
281515,-0.05,-45,0,0,0,0,0,0,0,0
281551,-0.07,-50,0,0,0,0,0,0,0,0
281587,-0.05,-57,0,0,0,0,0,0,0,0
281623,-0.10,-66,0,0,0,0,0,0,0,0
281659,-0.14,-73,0,0,0,0,0,0,0,0
281695,-0.10,-70,0,0,0,0,0,0,0,0
281731,-0.09,-61,0,0,0,0,0,0,0,0
281767,-0.06,-54,0,0,0,0,0,0,0,0
281803,-0.07,-53,0,0,0,0,0,0,0,0
281839,-0.10,-57,0,0,0,0,0,0,0,0
281875,-0.22,-59,0,0,0,0,0,0,0,0
281911,-0.20,-52,0,0,0,0,0,0,0,0
281947,-0.15,-24,0,0,0,0,0,0,0,0
281983,-0.10,36,0,0,0,0,0,0,0,0
282019,-0.01,118,0,0,0,0,0,0,0,0
282055,-0.16,187,0,0,0,0,0,0,0,0
282091,-0.10,212,0,0,0,0,0,0,0,0
282127,-0.20,194,0,0,0,0,0,0,0,0
282163,-0.10,160,0,0,0,0,0,0,0,0
282199,-0.10,121,0,0,0,0,0,0,0,0
282235,-0.15,77,0,0,0,0,0,0,0,0
282271,-0.13,34,0,0,0,0,0,0,0,0
282307,-0.21,6,0,0,0,0,0,0,0,0
282343,-0.19,-11,0,0,0,0,0,0,0,0
282379,-0.13,-25,0,0,0,0,0,0,0,0
282415,-0.10,-35,0,0,0,0,0,0,0,0
282451,-0.07,-39,0,0,0,0,0,0,0,0
282487,-0.02,-37,0,0,0,0,0,0,0,0
282523,-0.14,-35,0,0,0,0,0,0,0,0
282559,-0.12,-37,0,0,0,0,0,0,0,0
282595,-0.09,-40,0,0,0,0,0,0,0,0
282631,-0.12,-41,0,0,0,0,0,0,0,0
282667,-0.16,-41,0,0,0,0,0,0,0,0
282703,-0.22,-42,0,0,0,0,0,0,0,0
282739,-0.10,-36,0,0,0,0,0,0,0,0
282775,-0.15,-2,0,0,0,0,0,0,0,0
282811,-0.16,69,0,0,0,0,0,0,0,0
282847,-0.07,155,0,0,0,0,0,0,0,0
282883,-0.19,211,0,0,0,0,0,0,0,0
282919,-0.13,216,0,0,0,0,0,0,0,0
282955,-0.15,177,0,0,0,0,0,0,0,0
282991,-0.15,114,0,0,0,0,0,0,0,0
283027,-0.11,45,0,0,0,0,0,0,0,0
283063,-0.08,-8,0,0,0,0,0,0,0,0
283099,-0.02,-29,0,0,0,0,0,0,0,0
283135,-0.08,-21,0,0,0,0,0,0,0,0
283171,-0.10,-5,0,0,0,0,0,0,0,0
283207,-0.09,0,0,0,0,0,0,0,0,0
283243,-0.18,-7,0,0,0,0,0,0,0,0
283279,-0.10,-25,0,0,0,0,0,0,0,0
283315,-0.13,-43,0,0,0,0,0,0,0,0
283351,-0.14,-57,0,0,0,0,0,0,0,0
283387,-0.07,-69,0,0,0,0,0,0,0,0
283423,-0.17,-76,0,0,0,0,0,0,0,0
283459,-0.11,-77,0,0,0,0,0,0,0,0
283495,-0.10,-80,0,0,0,0,0,0,0,0
283531,-0.16,-88,0,0,0,0,0,0,0,0
283567,-0.11,-88,0,0,0,0,0,0,0,0
283603,-0.13,-74,0,0,0,0,0,0,0,0
283639,-0.18,-81,0,0,0,0,0,0,0,0
283675,-0.13,-158,0,0,0,0,0,0,0,0
283711,-0.09,-329,0,0,0,0,0,0,0,0
283747,-0.10,-590,0,0,0,0,0,0,0,0
283783,-0.17,-917,0,0,0,0,0,0,0,0
283819,-0.13,-1238,0,0,0,0,0,0,0,0
283855,-0.09,-1510,0,0,0,0,0,0,0,0
283891,-0.13,-1765,0,0,0,0,0,0,0,0
283927,-0.17,-1983,0,0,0,0,0,0,0,0
283963,-0.17,-2102,0,0,0,0,0,0,0,0
283999,-0.15,-2114,0,0,0,0,0,0,0,0
284035,-0.14,-2047,0,0,0,0,0,0,0,0
284071,-0.17,-1934,0,0,0,0,0,0,0,0
284107,-0.13,-1805,0,0,0,0,0,0,0,0
284143,-0.14,-1677,0,0,0,0,0,0,0,0
284179,-0.02,-1559,0,0,0,0,0,0,0,0
284215,-0.12,-1453,0,0,0,0,0,0,0,0
284251,-0.14,-1359,0,0,0,0,0,0,0,0
284287,-0.23,-1274,0,0,0,0,0,0,0,0
284323,-0.06,-1196,0,0,0,0,0,0,0,0
284359,-0.07,-1124,0,0,0,0,0,0,0,0
284395,-0.11,-1057,0,0,0,0,0,0,0,0
284431,-0.10,-993,0,0,0,0,0,0,0,0
284467,-0.15,-933,0,0,0,0,0,0,0,0
284503,-0.13,-876,0,0,0,0,0,0,0,0
284539,-0.24,-823,0,0,0,0,0,0,0,0
284575,-0.15,-773,0,0,0,0,0,0,0,0
284611,-0.12,-458,0,0,0,0,0,0,0,0
284647,-0.11,411,0,0,0,0,0,0,0,0
284683,-0.16,1506,0,0,0,0,0,0,0,0
284719,-0.12,2346,0,0,0,0,0,0,0,0
284755,-0.08,2807,0,0,0,0,0,0,0,0
284791,-0.16,2940,0,0,0,0,0,0,0,0
284827,-0.10,2861,0,0,0,0,0,0,0,0
284863,-0.13,2674,0,0,0,0,0,0,0,0
284899,-0.18,2456,0,0,0,0,0,0,0,0
284935,-0.19,2249,0,0,0,0,0,0,0,0
284971,-0.14,2068,0,0,0,0,0,0,0,0
285007,-0.13,1917,0,0,0,0,0,0,0,0
285043,-0.21,1749,0,0,0,0,0,0,0,0
285079,-0.13,1555,0,0,0,0,0,0,0,0
285115,-0.09,1421,0,0,0,0,0,0,0,0
285151,-0.09,1366,0,0,0,0,0,0,0,0
285187,-0.14,1334,0,0,0,0,0,0,0,0
285223,-0.10,1298,0,0,0,0,0,0,0,0
285259,-0.14,1251,0,0,0,0,0,0,0,0
285295,-0.12,1191,0,0,0,0,0,0,0,0
285331,-0.08,1125,0,0,0,0,0,0,0,0
285367,-0.08,1057,0,0,0,0,0,0,0,0
285403,-0.17,953,0,0,0,0,0,0,0,0
285439,-0.12,813,0,0,0,0,0,0,0,0
285475,-0.10,722,0,0,0,0,0,0,0,0
285511,-0.12,703,0,0,0,0,0,0,0,0
285547,-0.24,705,0,0,0,0,0,0,0,0
285583,-0.12,703,0,0,0,0,0,0,0,0
285619,-0.07,689,0,0,0,0,0,0,0,0
285655,-0.20,663,0,0,0,0,0,0,0,0
285691,-0.14,628,0,0,0,0,0,0,0,0
285727,-0.12,591,0,0,0,0,0,0,0,0
285763,-0.15,553,0,0,0,0,0,0,0,0
285799,-0.11,516,0,0,0,0,0,0,0,0
285835,-0.16,483,0,0,0,0,0,0,0,0
285871,-0.27,452,0,0,0,0,0,0,0,0
285907,-0.16,424,0,0,0,0,0,0,0,0
285943,-0.16,398,0,0,0,0,0,0,0,0
285979,-0.17,374,0,0,0,0,0,0,0,0
286015,-0.06,351,0,0,0,0,0,0,0,0
286051,-0.14,330,0,0,0,0,0,0,0,0
286087,-0.18,310,0,0,0,0,0,0,0,0
286123,-0.14,291,0,0,0,0,0,0,0,0
286159,-0.15,273,0,0,0,0,0,0,0,0
286195,-0.18,257,0,0,0,0,0,0,0,0
286231,-0.23,241,0,0,0,0,0,0,0,0
286267,-0.16,226,0,0,0,0,0,0,0,0
286303,-0.13,212,0,0,0,0,0,0,0,0
286339,-0.10,199,0,0,0,0,0,0,0,0
286375,-0.18,187,0,0,0,0,0,0,0,0
286411,-0.16,176,0,0,0,0,0,0,0,0
286447,-0.12,165,0,0,0,0,0,0,0,0
286483,-0.17,155,0,0,0,0,0,0,0,0
286519,-0.16,146,0,0,0,0,0,0,0,0
286555,-0.14,137,0,0,0,0,0,0,0,0
286591,-0.16,128,0,0,0,0,0,0,0,0
286627,-0.19,120,0,0,0,0,0,0,0,0
286663,-0.22,113,0,0,0,0,0,0,0,0
286699,-0.08,106,0,0,0,0,0,0,0,0
286735,-0.22,100,0,0,0,0,0,0,0,0
286771,-0.11,94,0,0,0,0,0,0,0,0
286807,-0.18,88,0,0,0,0,0,0,0,0
286843,-0.17,82,0,0,0,0,0,0,0,0
286879,-0.09,77,0,0,0,0,0,0,0,0
286915,-0.13,73,0,0,0,0,0,0,0,0
286951,-0.12,68,0,0,0,0,0,0,0,0
286987,-0.17,64,0,0,0,0,0,0,0,0
287023,-0.13,52,0,0,0,0,0,0,0,0
287059,-0.08,8,0,0,0,0,0,0,0,0
287095,-0.14,-77,0,0,0,0,0,0,0,0
287131,-0.17,-189,0,0,0,0,0,0,0,0
287167,-0.10,-299,0,0,0,0,0,0,0,0
287203,-0.07,-395,0,0,0,0,0,0,0,0
287239,-0.14,-476,0,0,0,0,0,0,0,0
287275,-0.17,-542,0,0,0,0,0,0,0,0
287311,-0.11,-587,0,0,0,0,0,0,0,0
287347,-0.18,-614,0,0,0,0,0,0,0,0
287383,-0.18,-627,0,0,0,0,0,0,0,0
287419,-0.09,-601,0,0,0,0,0,0,0,0
287455,-0.09,-474,0,0,0,0,0,0,0,0
287491,-0.12,-233,0,0,0,0,0,0,0,0
287527,-0.07,27,0,0,0,0,0,0,0,0
287563,-0.12,219,0,0,0,0,0,0,0,0
287599,-0.18,325,0,0,0,0,0,0,0,0
287635,-0.11,350,0,0,0,0,0,0,0,0
287671,-0.08,289,0,0,0,0,0,0,0,0
287707,-0.10,153,0,0,0,0,0,0,0,0
287743,-0.07,-12,0,0,0,0,0,0,0,0
287779,-0.19,-164,0,0,0,0,0,0,0,0
287815,-0.19,-288,0,0,0,0,0,0,0,0
287851,-0.11,-380,0,0,0,0,0,0,0,0
287887,-0.15,-439,0,0,0,0,0,0,0,0
287923,-0.18,-473,0,0,0,0,0,0,0,0
287959,-0.14,-492,0,0,0,0,0,0,0,0
287995,-0.17,-505,0,0,0,0,0,0,0,0
288031,-0.16,-511,0,0,0,0,0,0,0,0
288067,-0.10,-509,0,0,0,0,0,0,0,0
288103,-0.10,-502,0,0,0,0,0,0,0,0
288139,-0.12,-497,0,0,0,0,0,0,0,0
288175,-0.12,-498,0,0,0,0,0,0,0,0
288211,-0.13,-498,0,0,0,0,0,0,0,0
288247,-0.12,-489,0,0,0,0,0,0,0,0
288283,-0.13,-469,0,0,0,0,0,0,0,0
288319,-0.16,-438,0,0,0,0,0,0,0,0
288355,-0.04,-367,0,0,0,0,0,0,0,0
288391,-0.11,-191,0,0,0,0,0,0,0,0
288427,-0.15,92,0,0,0,0,0,0,0,0
288463,-0.25,378,0,0,0,0,0,0,0,0
288499,-0.20,560,0,0,0,0,0,0,0,0
288535,-0.15,589,0,0,0,0,0,0,0,0
288571,-0.19,472,0,0,0,0,0,0,0,0
288607,-0.16,271,0,0,0,0,0,0,0,0
288643,-0.14,58,0,0,0,0,0,0,0,0
288679,-0.13,-117,0,0,0,0,0,0,0,0
288715,-0.14,-230,0,0,0,0,0,0,0,0
288751,-0.16,-283,0,0,0,0,0,0,0,0
288787,-0.17,-299,0,0,0,0,0,0,0,0
288823,-0.22,-306,0,0,0,0,0,0,0,0
288859,-0.17,-320,0,0,0,0,0,0,0,0
288895,-0.16,-340,0,0,0,0,0,0,0,0
288931,-0.10,-360,0,0,0,0,0,0,0,0
288967,-0.04,-375,0,0,0,0,0,0,0,0
289003,-0.13,-383,0,0,0,0,0,0,0,0
289039,-0.16,-376,0,0,0,0,0,0,0,0
289075,-0.20,-357,0,0,0,0,0,0,0,0
289111,-0.17,-342,0,0,0,0,0,0,0,0
289147,-0.14,-333,0,0,0,0,0,0,0,0
289183,-0.12,-322,0,0,0,0,0,0,0,0
289219,-0.10,-313,0,0,0,0,0,0,0,0
289255,-0.11,-307,0,0,0,0,0,0,0,0
289291,-0.15,-275,0,0,0,0,0,0,0,0
289327,-0.13,-158,0,0,0,0,0,0,0,0
289363,-0.15,79,0,0,0,0,0,0,0,0
289399,-0.13,381,0,0,0,0,0,0,0,0
289435,-0.14,616,0,0,0,0,0,0,0,0
289471,-0.19,693,0,0,0,0,0,0,0,0
289507,-0.07,614,0,0,0,0,0,0,0,0
289543,-0.13,439,0,0,0,0,0,0,0,0
289579,-0.14,236,0,0,0,0,0,0,0,0
289615,-0.14,55,0,0,0,0,0,0,0,0
289651,-0.08,-70,0,0,0,0,0,0,0,0
289687,-0.14,-134,0,0,0,0,0,0,0,0
289723,-0.14,-156,0,0,0,0,0,0,0,0
289759,-0.20,-169,0,0,0,0,0,0,0,0
289795,-0.19,-195,0,0,0,0,0,0,0,0
289831,-0.17,-232,0,0,0,0,0,0,0,0
289867,-0.18,-263,0,0,0,0,0,0,0,0
289903,-0.18,-287,0,0,0,0,0,0,0,0
289939,-0.19,-309,0,0,0,0,0,0,0,0
289975,-0.19,-322,0,0,0,0,0,0,0,0
290011,-0.14,-322,0,0,0,0,0,0,0,0
290047,-0.18,-317,0,0,0,0,0,0,0,0
290083,-0.14,-317,0,0,0,0,0,0,0,0
290119,-0.20,-321,0,0,0,0,0,0,0,0
290155,-0.20,-321,0,0,0,0,0,0,0,0
290191,-0.22,-310,0,0,0,0,0,0,0,0
290227,-0.18,-289,0,0,0,0,0,0,0,0
290263,-0.19,-254,0,0,0,0,0,0,0,0
290299,-0.22,-171,0,0,0,0,0,0,0,0
290335,-0.12,-1,0,0,0,0,0,0,0,0
290371,-0.15,237,0,0,0,0,0,0,0,0
290407,-0.09,444,0,0,0,0,0,0,0,0
290443,-0.13,519,0,0,0,0,0,0,0,0
290479,-0.15,452,0,0,0,0,0,0,0,0
290515,-0.11,301,0,0,0,0,0,0,0,0
290551,-0.13,134,0,0,0,0,0,0,0,0
290587,-0.23,-1,0,0,0,0,0,0,0,0
290623,-0.14,-88,0,0,0,0,0,0,0,0
290659,-0.18,-126,0,0,0,0,0,0,0,0
290695,-0.12,-129,0,0,0,0,0,0,0,0
290731,-0.06,-126,0,0,0,0,0,0,0,0
290767,-0.19,-134,0,0,0,0,0,0,0,0
290803,-0.23,-149,0,0,0,0,0,0,0,0
290839,-0.19,-161,0,0,0,0,0,0,0,0
290875,-0.19,-164,0,0,0,0,0,0,0,0
290911,-0.16,-161,0,0,0,0,0,0,0,0
290947,-0.19,-157,0,0,0,0,0,0,0,0
290983,-0.15,-157,0,0,0,0,0,0,0,0
291019,-0.09,-167,0,0,0,0,0,0,0,0
291055,-0.14,-181,0,0,0,0,0,0,0,0
291091,-0.14,-191,0,0,0,0,0,0,0,0
291127,-0.12,-189,0,0,0,0,0,0,0,0
291163,-0.17,-179,0,0,0,0,0,0,0,0
291199,-0.09,-160,0,0,0,0,0,0,0,0
291235,-0.19,-98,0,0,0,0,0,0,0,0
291271,-0.12,62,0,0,0,0,0,0,0,0
291307,-0.22,320,0,0,0,0,0,0,0,0
291343,-0.13,575,0,0,0,0,0,0,0,0
291379,-0.11,705,0,0,0,0,0,0,0,0
291415,-0.15,662,0,0,0,0,0,0,0,0
291451,-0.15,490,0,0,0,0,0,0,0,0
291487,-0.27,272,0,0,0,0,0,0,0,0
291523,-0.13,83,0,0,0,0,0,0,0,0
291559,-0.14,-36,0,0,0,0,0,0,0,0
291595,-0.08,-92,0,0,0,0,0,0,0,0
291631,-0.13,-108,0,0,0,0,0,0,0,0
291667,-0.15,-108,0,0,0,0,0,0,0,0
291703,-0.17,-106,0,0,0,0,0,0,0,0
291739,-0.17,-106,0,0,0,0,0,0,0,0
291775,-0.22,-113,0,0,0,0,0,0,0,0
291811,-0.20,-128,0,0,0,0,0,0,0,0
291847,-0.14,-145,0,0,0,0,0,0,0,0
291883,-0.12,-158,0,0,0,0,0,0,0,0
291919,-0.15,-164,0,0,0,0,0,0,0,0
291955,-0.09,-166,0,0,0,0,0,0,0,0
291991,-0.23,-171,0,0,0,0,0,0,0,0
292027,-0.09,-187,0,0,0,0,0,0,0,0
292063,-0.20,-204,0,0,0,0,0,0,0,0
292099,-0.11,-208,0,0,0,0,0,0,0,0
292135,-0.10,-187,0,0,0,0,0,0,0,0
292171,-0.21,-111,0,0,0,0,0,0,0,0
292207,-0.19,64,0,0,0,0,0,0,0,0
292243,-0.15,331,0,0,0,0,0,0,0,0
292279,-0.13,592,0,0,0,0,0,0,0,0
292315,-0.14,725,0,0,0,0,0,0,0,0
292351,-0.20,689,0,0,0,0,0,0,0,0
292387,-0.16,526,0,0,0,0,0,0,0,0
292423,-0.06,317,0,0,0,0,0,0,0,0
292459,-0.13,135,0,0,0,0,0,0,0,0
292495,-0.09,14,0,0,0,0,0,0,0,0
292531,-0.11,-45,0,0,0,0,0,0,0,0
292567,-0.16,-76,0,0,0,0,0,0,0,0
292603,-0.17,-104,0,0,0,0,0,0,0,0
292639,-0.16,-134,0,0,0,0,0,0,0,0
292675,-0.17,-158,0,0,0,0,0,0,0,0
292711,-0.21,-175,0,0,0,0,0,0,0,0
292747,-0.25,-189,0,0,0,0,0,0,0,0
292783,-0.14,-202,0,0,0,0,0,0,0,0
292819,-0.18,-211,0,0,0,0,0,0,0,0
292855,-0.13,-214,0,0,0,0,0,0,0,0
292891,-0.15,-217,0,0,0,0,0,0,0,0
292927,-0.21,-227,0,0,0,0,0,0,0,0
292963,-0.15,-242,0,0,0,0,0,0,0,0
292999,-0.19,-253,0,0,0,0,0,0,0,0
293035,-0.17,-248,0,0,0,0,0,0,0,0
293071,-0.23,-194,0,0,0,0,0,0,0,0
293107,-0.13,-48,0,0,0,0,0,0,0,0
293143,-0.12,193,0,0,0,0,0,0,0,0
293179,-0.10,444,0,0,0,0,0,0,0,0
293215,-0.23,582,0,0,0,0,0,0,0,0
293251,-0.06,555,0,0,0,0,0,0,0,0
293287,-0.17,402,0,0,0,0,0,0,0,0
293323,-0.10,204,0,0,0,0,0,0,0,0
293359,-0.11,30,0,0,0,0,0,0,0,0
293395,-0.12,-83,0,0,0,0,0,0,0,0
293431,-0.16,-138,0,0,0,0,0,0,0,0
293467,-0.13,-155,0,0,0,0,0,0,0,0
293503,-0.15,-158,0,0,0,0,0,0,0,0
293539,-0.09,-157,0,0,0,0,0,0,0,0
293575,-0.19,-155,0,0,0,0,0,0,0,0
293611,-0.16,-155,0,0,0,0,0,0,0,0
293647,-0.11,-160,0,0,0,0,0,0,0,0
293683,-0.09,-170,0,0,0,0,0,0,0,0
293719,-0.12,-179,0,0,0,0,0,0,0,0
293755,-0.07,-187,0,0,0,0,0,0,0,0
293791,-0.13,-195,0,0,0,0,0,0,0,0
293827,-0.15,-208,0,0,0,0,0,0,0,0
293863,-0.12,-207,0,0,0,0,0,0,0,0
293899,-0.02,-132,0,0,0,0,0,0,0,0
293935,-0.15,70,0,0,0,0,0,0,0,0
293971,-0.18,362,0,0,0,0,0,0,0,0
294007,-0.12,613,0,0,0,0,0,0,0,0
294043,-0.12,715,0,0,0,0,0,0,0,0
294079,-0.06,651,0,0,0,0,0,0,0,0
294115,-0.06,469,0,0,0,0,0,0,0,0
294151,-0.18,253,0,0,0,0,0,0,0,0
294187,-0.20,74,0,0,0,0,0,0,0,0
294223,-0.11,-39,0,0,0,0,0,0,0,0
294259,-0.12,-95,0,0,0,0,0,0,0,0
294295,-0.06,-125,0,0,0,0,0,0,0,0
294331,-0.15,-152,0,0,0,0,0,0,0,0
294367,-0.12,-186,0,0,0,0,0,0,0,0
294403,-0.19,-218,0,0,0,0,0,0,0,0
294439,-0.16,-241,0,0,0,0,0,0,0,0
294475,-0.20,-251,0,0,0,0,0,0,0,0
294511,-0.18,-248,0,0,0,0,0,0,0,0
294547,-0.13,-238,0,0,0,0,0,0,0,0
294583,-0.11,-229,0,0,0,0,0,0,0,0
294619,-0.20,-209,0,0,0,0,0,0,0,0
294655,-0.19,-116,0,0,0,0,0,0,0,0
294691,-0.17,101,0,0,0,0,0,0,0,0
294727,-0.19,394,0,0,0,0,0,0,0,0
294763,-0.14,650,0,0,0,0,0,0,0,0
294799,-0.12,800,0,0,0,0,0,0,0,0
294835,-0.18,814,0,0,0,0,0,0,0,0
294871,-0.18,691,0,0,0,0,0,0,0,0
294907,-0.17,472,0,0,0,0,0,0,0,0
294943,-0.15,227,0,0,0,0,0,0,0,0
294979,-0.13,21,0,0,0,0,0,0,0,0
295015,-0.24,-114,0,0,0,0,0,0,0,0
295051,-0.20,-185,0,0,0,0,0,0,0,0
295087,-0.14,-214,0,0,0,0,0,0,0,0
295123,-0.15,-228,0,0,0,0,0,0,0,0
295159,-0.14,-242,0,0,0,0,0,0,0,0
295195,-0.15,-264,0,0,0,0,0,0,0,0
295231,-0.11,-290,0,0,0,0,0,0,0,0
295267,-0.15,-315,0,0,0,0,0,0,0,0
295303,-0.21,-330,0,0,0,0,0,0,0,0
295339,-0.02,-338,0,0,0,0,0,0,0,0
295375,-0.16,-330,0,0,0,0,0,0,0,0
295411,-0.10,-257,0,0,0,0,0,0,0,0
295447,-0.16,-57,0,0,0,0,0,0,0,0
295483,-0.11,246,0,0,0,0,0,0,0,0
295519,-0.15,538,0,0,0,0,0,0,0,0
295555,-0.11,731,0,0,0,0,0,0,0,0
295591,-0.17,792,0,0,0,0,0,0,0,0
295627,-0.16,697,0,0,0,0,0,0,0,0
295663,-0.10,481,0,0,0,0,0,0,0,0
295699,-0.16,230,0,0,0,0,0,0,0,0
295735,-0.20,13,0,0,0,0,0,0,0,0
295771,-0.16,-137,0,0,0,0,0,0,0,0
295807,-0.13,-219,0,0,0,0,0,0,0,0
295843,-0.09,-251,0,0,0,0,0,0,0,0
295879,-0.07,-262,0,0,0,0,0,0,0,0
295915,-0.18,-277,0,0,0,0,0,0,0,0
295951,-0.18,-305,0,0,0,0,0,0,0,0
295987,-0.13,-340,0,0,0,0,0,0,0,0
296023,-0.18,-366,0,0,0,0,0,0,0,0
296059,-0.09,-368,0,0,0,0,0,0,0,0
296095,-0.14,-348,0,0,0,0,0,0,0,0
296131,-0.16,-314,0,0,0,0,0,0,0,0
296167,-0.20,-241,0,0,0,0,0,0,0,0
296203,-0.13,-62,0,0,0,0,0,0,0,0
296239,-0.14,224,0,0,0,0,0,0,0,0
296275,-0.12,512,0,0,0,0,0,0,0,0
296311,-0.22,708,0,0,0,0,0,0,0,0
296347,-0.18,779,0,0,0,0,0,0,0,0
296383,-0.17,700,0,0,0,0,0,0,0,0
296419,-0.14,488,0,0,0,0,0,0,0,0
296455,-0.18,220,0,0,0,0,0,0,0,0
296491,-0.16,-18,0,0,0,0,0,0,0,0
296527,-0.12,-185,0,0,0,0,0,0,0,0
296563,-0.05,-281,0,0,0,0,0,0,0,0
296599,-0.16,-330,0,0,0,0,0,0,0,0
296635,-0.12,-356,0,0,0,0,0,0,0,0
296671,-0.07,-373,0,0,0,0,0,0,0,0
296707,-0.13,-382,0,0,0,0,0,0,0,0
296743,-0.05,-380,0,0,0,0,0,0,0,0
296779,-0.16,-370,0,0,0,0,0,0,0,0
296815,-0.07,-355,0,0,0,0,0,0,0,0
296851,-0.17,-334,0,0,0,0,0,0,0,0
296887,-0.13,-294,0,0,0,0,0,0,0,0
296923,-0.13,-205,0,0,0,0,0,0,0,0
296959,-0.26,-27,0,0,0,0,0,0,0,0
296995,-0.20,210,0,0,0,0,0,0,0,0
297031,-0.12,403,0,0,0,0,0,0,0,0
297067,-0.05,478,0,0,0,0,0,0,0,0
297103,-0.12,439,0,0,0,0,0,0,0,0
297139,-0.20,309,0,0,0,0,0,0,0,0
297175,-0.14,112,0,0,0,0,0,0,0,0
297211,-0.12,-95,0,0,0,0,0,0,0,0
297247,-0.11,-243,0,0,0,0,0,0,0,0
297283,-0.10,-297,0,0,0,0,0,0,0,0
297319,-0.12,-280,0,0,0,0,0,0,0,0
297355,-0.13,-233,0,0,0,0,0,0,0,0
297391,-0.19,-173,0,0,0,0,0,0,0,0
297427,-0.09,-101,0,0,0,0,0,0,0,0
297463,-0.17,-29,0,0,0,0,0,0,0,0
297499,-0.19,26,0,0,0,0,0,0,0,0
297535,-0.09,67,0,0,0,0,0,0,0,0
297571,-0.27,82,0,0,0,0,0,0,0,0
297607,-0.16,50,0,0,0,0,0,0,0,0
297643,-0.16,-44,0,0,0,0,0,0,0,0
297679,-0.13,-210,0,0,0,0,0,0,0,0
297715,-0.19,-403,0,0,0,0,0,0,0,0
297751,-0.15,-539,0,0,0,0,0,0,0,0
297787,-0.12,-594,0,0,0,0,0,0,0,0
297823,-0.14,-601,0,0,0,0,0,0,0,0
297859,-0.12,-543,0,0,0,0,0,0,0,0
297895,-0.13,-325,0,0,0,0,0,0,0,0
297931,-0.15,67,0,0,0,0,0,0,0,0
297967,-0.24,486,0,0,0,0,0,0,0,0
298003,-0.11,778,0,0,0,0,0,0,0,0
298039,-0.20,880,0,0,0,0,0,0,0,0
298075,-0.21,793,0,0,0,0,0,0,0,0
298111,-0.18,581,0,0,0,0,0,0,0,0
298147,-0.16,329,0,0,0,0,0,0,0,0
298183,-0.10,108,0,0,0,0,0,0,0,0
298219,-0.14,-38,0,0,0,0,0,0,0,0
298255,-0.10,-112,0,0,0,0,0,0,0,0
298291,-0.09,-140,0,0,0,0,0,0,0,0
298327,-0.13,-147,0,0,0,0,0,0,0,0
298363,-0.16,-141,0,0,0,0,0,0,0,0
298399,-0.21,-126,0,0,0,0,0,0,0,0
298435,-0.17,-117,0,0,0,0,0,0,0,0
298471,-0.15,-128,0,0,0,0,0,0,0,0
298507,-0.15,-157,0,0,0,0,0,0,0,0
298543,-0.00,-196,0,0,0,0,0,0,0,0
298579,-0.14,-242,0,0,0,0,0,0,0,0
298615,-0.09,-292,0,0,0,0,0,0,0,0
298651,-0.10,-336,0,0,0,0,0,0,0,0
298687,-0.16,-363,0,0,0,0,0,0,0,0
298723,-0.23,-376,0,0,0,0,0,0,0,0
298759,-0.13,-377,0,0,0,0,0,0,0,0
298795,-0.22,-366,0,0,0,0,0,0,0,0
298831,-0.16,-333,0,0,0,0,0,0,0,0
298867,-0.15,-247,0,0,0,0,0,0,0,0
298903,-0.07,-67,0,0,0,0,0,0,0,0
298939,-0.10,174,0,0,0,0,0,0,0,0
298975,-0.18,374,0,0,0,0,0,0,0,0
299011,-0.18,459,0,0,0,0,0,0,0,0
299047,-0.13,434,0,0,0,0,0,0,0,0
299083,-0.09,331,0,0,0,0,0,0,0,0
299119,-0.11,186,0,0,0,0,0,0,0,0
299155,-0.11,36,0,0,0,0,0,0,0,0
299191,-0.19,-88,0,0,0,0,0,0,0,0
299227,-0.14,-176,0,0,0,0,0,0,0,0
299263,-0.16,-221,0,0,0,0,0,0,0,0
299299,-0.17,-227,0,0,0,0,0,0,0,0
299335,-0.17,-212,0,0,0,0,0,0,0,0
299371,-0.06,-200,0,0,0,0,0,0,0,0
299407,-0.10,-200,0,0,0,0,0,0,0,0
299443,-0.16,-205,0,0,0,0,0,0,0,0
299479,-0.21,-210,0,0,0,0,0,0,0,0
299515,-0.15,-215,0,0,0,0,0,0,0,0
299551,-0.12,-222,0,0,0,0,0,0,0,0
299587,-0.10,-229,0,0,0,0,0,0,0,0
299623,-0.13,-233,0,0,0,0,0,0,0,0
299659,-0.25,-229,0,0,0,0,0,0,0,0
299695,-0.11,-214,0,0,0,0,0,0,0,0
299731,-0.13,-172,0,0,0,0,0,0,0,0
299767,-0.13,-80,0,0,0,0,0,0,0,0
299803,-0.22,73,0,0,0,0,0,0,0,0
299839,-0.05,251,0,0,0,0,0,0,0,0
299875,-0.12,367,0,0,0,0,0,0,0,0
299911,-0.09,358,0,0,0,0,0,0,0,0
299947,-0.05,233,0,0,0,0,0,0,0,0
299983,-0.18,60,0,0,0,0,0,0,0,0
300019,-0.14,-84,0,0,0,0,0,0,0,0
300055,-0.05,-164,0,0,0,0,0,0,0,0
300091,-0.17,-185,0,0,0,0,0,0,0,0
300127,-0.15,-173,0,0,0,0,0,0,0,0
300163,-0.08,-151,0,0,0,0,0,0,0,0
300199,-0.09,-128,0,0,0,0,0,0,0,0
300235,0.02,-113,0,0,0,0,0,0,0,0
300271,-0.06,-109,0,0,0,0,0,0,0,0
300307,-0.13,-106,0,0,0,0,0,0,0,0
300343,-0.13,-98,0,0,0,0,0,0,0,0
300379,-0.14,-85,0,0,0,0,0,0,0,0
300415,-0.15,-77,0,0,0,0,0,0,0,0
300451,-0.16,-78,0,0,0,0,0,0,0,0
300487,-0.10,-86,0,0,0,0,0,0,0,0
300523,-0.07,-95,0,0,0,0,0,0,0,0
300559,-0.11,-86,0,0,0,0,0,0,0,0
300595,-0.18,-26,0,0,0,0,0,0,0,0
300631,-0.07,133,0,0,0,0,0,0,0,0
300667,-0.11,400,0,0,0,0,0,0,0,0
300703,-0.08,672,0,0,0,0,0,0,0,0
300739,-0.03,808,0,0,0,0,0,0,0,0
300775,-0.08,755,0,0,0,0,0,0,0,0
300811,-0.05,566,0,0,0,0,0,0,0,0
300847,-0.17,323,0,0,0,0,0,0,0,0
300883,-0.10,97,0,0,0,0,0,0,0,0
300919,-0.17,-58,0,0,0,0,0,0,0,0
300955,-0.14,-131,0,0,0,0,0,0,0,0
300991,-0.19,-143,0,0,0,0,0,0,0,0
301027,-0.14,-131,0,0,0,0,0,0,0,0
301063,-0.19,-121,0,0,0,0,0,0,0,0
301099,-0.13,-126,0,0,0,0,0,0,0,0
301135,-0.13,-145,0,0,0,0,0,0,0,0
301171,-0.17,-164,0,0,0,0,0,0,0,0
301207,-0.21,-170,0,0,0,0,0,0,0,0
301243,-0.11,-166,0,0,0,0,0,0,0,0
301279,-0.13,-159,0,0,0,0,0,0,0,0
301315,-0.06,-158,0,0,0,0,0,0,0,0
301351,-0.11,-160,0,0,0,0,0,0,0,0
301387,-0.16,-159,0,0,0,0,0,0,0,0
301423,-0.13,-150,0,0,0,0,0,0,0,0
301459,-0.13,-128,0,0,0,0,0,0,0,0
301495,-0.12,-70,0,0,0,0,0,0,0,0
301531,-0.15,73,0,0,0,0,0,0,0,0
301567,-0.13,322,0,0,0,0,0,0,0,0
301603,-0.03,596,0,0,0,0,0,0,0,0
301639,-0.10,770,0,0,0,0,0,0,0,0
301675,-0.03,781,0,0,0,0,0,0,0,0
301711,-0.10,657,0,0,0,0,0,0,0,0
301747,-0.11,462,0,0,0,0,0,0,0,0
301783,-0.09,248,0,0,0,0,0,0,0,0
301819,-0.07,56,0,0,0,0,0,0,0,0
301855,-0.11,-84,0,0,0,0,0,0,0,0
301891,-0.14,-166,0,0,0,0,0,0,0,0
301927,-0.17,-204,0,0,0,0,0,0,0,0
301963,-0.04,-217,0,0,0,0,0,0,0,0
301999,-0.16,-221,0,0,0,0,0,0,0,0
302035,-0.19,-222,0,0,0,0,0,0,0,0
302071,-0.16,-220,0,0,0,0,0,0,0,0
302107,-0.20,-217,0,0,0,0,0,0,0,0
302143,-0.15,-212,0,0,0,0,0,0,0,0
302179,-0.16,-204,0,0,0,0,0,0,0,0
302215,-0.11,-194,0,0,0,0,0,0,0,0
302251,-0.18,-183,0,0,0,0,0,0,0,0
302287,-0.23,-178,0,0,0,0,0,0,0,0
302323,-0.09,-183,0,0,0,0,0,0,0,0
302359,-0.10,-195,0,0,0,0,0,0,0,0
302395,-0.07,-199,0,0,0,0,0,0,0,0
302431,-0.14,-172,0,0,0,0,0,0,0,0
302467,-0.14,-77,0,0,0,0,0,0,0,0
302503,-0.11,120,0,0,0,0,0,0,0,0
302539,-0.12,381,0,0,0,0,0,0,0,0
302575,-0.13,579,0,0,0,0,0,0,0,0
302611,-0.19,619,0,0,0,0,0,0,0,0
302647,-0.12,512,0,0,0,0,0,0,0,0
302683,-0.13,331,0,0,0,0,0,0,0,0
302719,-0.14,145,0,0,0,0,0,0,0,0
302755,-0.15,0,0,0,0,0,0,0,0,0
302791,-0.11,-86,0,0,0,0,0,0,0,0
302827,-0.15,-119,0,0,0,0,0,0,0,0
302863,-0.17,-125,0,0,0,0,0,0,0,0
302899,-0.06,-130,0,0,0,0,0,0,0,0
302935,-0.08,-148,0,0,0,0,0,0,0,0
302971,-0.12,-174,0,0,0,0,0,0,0,0
303007,-0.18,-197,0,0,0,0,0,0,0,0
303043,-0.15,-207,0,0,0,0,0,0,0,0
303079,-0.13,-206,0,0,0,0,0,0,0,0
303115,-0.15,-205,0,0,0,0,0,0,0,0
303151,-0.21,-211,0,0,0,0,0,0,0,0
303187,-0.21,-220,0,0,0,0,0,0,0,0
303223,-0.22,-229,0,0,0,0,0,0,0,0
303259,-0.12,-233,0,0,0,0,0,0,0,0
303295,-0.08,-210,0,0,0,0,0,0,0,0
303331,-0.15,-129,0,0,0,0,0,0,0,0
303367,-0.17,39,0,0,0,0,0,0,0,0
303403,-0.16,270,0,0,0,0,0,0,0,0
303439,-0.11,465,0,0,0,0,0,0,0,0
303475,-0.13,528,0,0,0,0,0,0,0,0
303511,-0.16,450,0,0,0,0,0,0,0,0
303547,-0.13,288,0,0,0,0,0,0,0,0
303583,-0.24,111,0,0,0,0,0,0,0,0
303619,-0.12,-29,0,0,0,0,0,0,0,0
303655,-0.09,-109,0,0,0,0,0,0,0,0
303691,-0.12,-132,0,0,0,0,0,0,0,0
303727,-0.16,-129,0,0,0,0,0,0,0,0
303763,-0.12,-131,0,0,0,0,0,0,0,0
303799,-0.15,-146,0,0,0,0,0,0,0,0
303835,-0.15,-162,0,0,0,0,0,0,0,0
303871,-0.15,-171,0,0,0,0,0,0,0,0
303907,-0.21,-175,0,0,0,0,0,0,0,0
303943,-0.19,-178,0,0,0,0,0,0,0,0
303979,-0.08,-182,0,0,0,0,0,0,0,0
304015,-0.11,-186,0,0,0,0,0,0,0,0
304051,-0.22,-184,0,0,0,0,0,0,0,0
304087,-0.10,-165,0,0,0,0,0,0,0,0
304123,-0.05,-104,0,0,0,0,0,0,0,0
304159,-0.04,51,0,0,0,0,0,0,0,0
304195,-0.06,320,0,0,0,0,0,0,0,0
304231,-0.20,613,0,0,0,0,0,0,0,0
304267,-0.14,815,0,0,0,0,0,0,0,0
304303,-0.21,858,0,0,0,0,0,0,0,0
304339,-0.11,739,0,0,0,0,0,0,0,0
304375,-0.04,524,0,0,0,0,0,0,0,0
304411,-0.10,294,0,0,0,0,0,0,0,0
304447,-0.20,108,0,0,0,0,0,0,0,0
304483,-0.07,-12,0,0,0,0,0,0,0,0
304519,-0.10,-74,0,0,0,0,0,0,0,0
304555,-0.08,-100,0,0,0,0,0,0,0,0
304591,-0.08,-110,0,0,0,0,0,0,0,0
304627,-0.11,-123,0,0,0,0,0,0,0,0
304663,-0.15,-147,0,0,0,0,0,0,0,0
304699,-0.18,-178,0,0,0,0,0,0,0,0
304735,-0.20,-205,0,0,0,0,0,0,0,0
304771,-0.10,-229,0,0,0,0,0,0,0,0
304807,-0.35,-249,0,0,0,0,0,0,0,0
304843,-0.11,-258,0,0,0,0,0,0,0,0
304879,-0.12,-249,0,0,0,0,0,0,0,0
304915,-0.29,-210,0,0,0,0,0,0,0,0
304951,-0.13,-95,0,0,0,0,0,0,0,0
304987,-0.10,135,0,0,0,0,0,0,0,0
305023,-0.13,424,0,0,0,0,0,0,0,0
305059,-0.13,665,0,0,0,0,0,0,0,0
305095,-0.14,808,0,0,0,0,0,0,0,0
305131,-0.13,838,0,0,0,0,0,0,0,0
305167,-0.13,742,0,0,0,0,0,0,0,0
305203,-0.20,546,0,0,0,0,0,0,0,0
305239,-0.20,316,0,0,0,0,0,0,0,0
305275,-0.21,104,0,0,0,0,0,0,0,0
305311,-0.13,-66,0,0,0,0,0,0,0,0
305347,-0.16,-191,0,0,0,0,0,0,0,0
305383,-0.18,-274,0,0,0,0,0,0,0,0
305419,-0.24,-327,0,0,0,0,0,0,0,0
305455,-0.16,-355,0,0,0,0,0,0,0,0
305491,-0.14,-355,0,0,0,0,0,0,0,0
305527,-0.23,-330,0,0,0,0,0,0,0,0
305563,-0.13,-298,0,0,0,0,0,0,0,0
305599,-0.09,-274,0,0,0,0,0,0,0,0
305635,-0.09,-267,0,0,0,0,0,0,0,0
305671,-0.10,-271,0,0,0,0,0,0,0,0
305707,-0.10,-275,0,0,0,0,0,0,0,0
305743,-0.22,-278,0,0,0,0,0,0,0,0
305779,-0.17,-271,0,0,0,0,0,0,0,0
305815,-0.11,-214,0,0,0,0,0,0,0,0
305851,-0.11,-41,0,0,0,0,0,0,0,0
305887,-0.11,246,0,0,0,0,0,0,0,0
305923,-0.11,536,0,0,0,0,0,0,0,0
305959,-0.16,734,0,0,0,0,0,0,0,0
305995,-0.09,807,0,0,0,0,0,0,0,0
306031,-0.09,735,0,0,0,0,0,0,0,0
306067,-0.18,535,0,0,0,0,0,0,0,0
306103,-0.12,280,0,0,0,0,0,0,0,0
306139,-0.19,48,0,0,0,0,0,0,0,0
306175,-0.13,-115,0,0,0,0,0,0,0,0
306211,-0.22,-203,0,0,0,0,0,0,0,0
306247,-0.16,-233,0,0,0,0,0,0,0,0
306283,-0.19,-240,0,0,0,0,0,0,0,0
306319,-0.09,-254,0,0,0,0,0,0,0,0
306355,-0.13,-274,0,0,0,0,0,0,0,0
306391,-0.13,-277,0,0,0,0,0,0,0,0
306427,-0.12,-249,0,0,0,0,0,0,0,0
306463,-0.08,-215,0,0,0,0,0,0,0,0
306499,-0.14,-213,0,0,0,0,0,0,0,0
306535,-0.16,-250,0,0,0,0,0,0,0,0
306571,-0.16,-291,0,0,0,0,0,0,0,0
306607,-0.15,-272,0,0,0,0,0,0,0,0
306643,-0.14,-113,0,0,0,0,0,0,0,0
306679,-0.12,177,0,0,0,0,0,0,0,0
306715,-0.07,478,0,0,0,0,0,0,0,0
306751,-0.13,685,0,0,0,0,0,0,0,0
306787,-0.13,752,0,0,0,0,0,0,0,0
306823,-0.15,654,0,0,0,0,0,0,0,0
306859,-0.20,430,0,0,0,0,0,0,0,0
306895,-0.15,174,0,0,0,0,0,0,0,0
306931,-0.06,-42,0,0,0,0,0,0,0,0
306967,-0.11,-193,0,0,0,0,0,0,0,0
307003,-0.05,-285,0,0,0,0,0,0,0,0
307039,-0.21,-340,0,0,0,0,0,0,0,0
307075,-0.13,-376,0,0,0,0,0,0,0,0
307111,-0.12,-403,0,0,0,0,0,0,0,0
307147,-0.10,-425,0,0,0,0,0,0,0,0
307183,-0.13,-432,0,0,0,0,0,0,0,0
307219,-0.20,-407,0,0,0,0,0,0,0,0
307255,-0.19,-353,0,0,0,0,0,0,0,0
307291,-0.15,-296,0,0,0,0,0,0,0,0
307327,-0.16,-258,0,0,0,0,0,0,0,0
307363,-0.18,-237,0,0,0,0,0,0,0,0
307399,-0.23,-223,0,0,0,0,0,0,0,0
307435,-0.19,-237,0,0,0,0,0,0,0,0
307471,-0.19,-304,0,0,0,0,0,0,0,0
307507,-0.21,-359,0,0,0,0,0,0,0,0
307543,-0.18,-254,0,0,0,0,0,0,0,0
307579,-0.14,53,0,0,0,0,0,0,0,0
307615,-0.12,425,0,0,0,0,0,0,0,0
307651,-0.16,715,0,0,0,0,0,0,0,0
307687,-0.16,876,0,0,0,0,0,0,0,0
307723,-0.14,922,0,0,0,0,0,0,0,0
307759,-0.15,855,0,0,0,0,0,0,0,0
307795,-0.17,676,0,0,0,0,0,0,0,0
307831,-0.10,421,0,0,0,0,0,0,0,0
307867,-0.12,142,0,0,0,0,0,0,0,0
307903,-0.04,-120,0,0,0,0,0,0,0,0
307939,-0.02,-334,0,0,0,0,0,0,0,0
307975,-0.17,-476,0,0,0,0,0,0,0,0
308011,-0.13,-546,0,0,0,0,0,0,0,0
308047,-0.11,-539,0,0,0,0,0,0,0,0
308083,-0.10,-433,0,0,0,0,0,0,0,0
308119,-0.11,-211,0,0,0,0,0,0,0,0
308155,-0.10,95,0,0,0,0,0,0,0,0
308191,-0.15,403,0,0,0,0,0,0,0,0
308227,-0.11,632,0,0,0,0,0,0,0,0
308263,-0.07,755,0,0,0,0,0,0,0,0
308299,-0.11,741,0,0,0,0,0,0,0,0
308335,-0.07,534,0,0,0,0,0,0,0,0
308371,-0.16,167,0,0,0,0,0,0,0,0
308407,-0.15,-267,0,0,0,0,0,0,0,0
308443,-0.13,-755,0,0,0,0,0,0,0,0
308479,-0.02,-1347,0,0,0,0,0,0,0,0
308515,-0.12,-1978,0,0,0,0,0,0,0,0
308551,0.01,-2469,0,0,0,0,0,0,0,0
308587,-0.11,-2724,0,0,0,0,0,0,0,0
308623,-0.10,-2718,0,0,0,0,0,0,0,0
308659,-0.03,-2288,0,0,0,0,0,0,0,0
308695,-0.13,-1331,0,0,0,0,0,0,0,0
308731,-0.10,-169,0,0,0,0,0,0,0,0
308767,-0.01,748,0,0,0,0,0,0,0,0
308803,-0.17,1231,0,0,0,0,0,0,0,0
308839,-0.10,1379,0,0,0,0,0,0,0,0
308875,-0.09,1393,0,0,0,0,0,0,0,0
308911,-0.15,1363,0,0,0,0,0,0,0,0
308947,-0.10,1301,0,0,0,0,0,0,0,0
308983,-0.09,1225,0,0,0,0,0,0,0,0
309019,-0.13,1144,0,0,0,0,0,0,0,0
309055,-0.04,1066,0,0,0,0,0,0,0,0
309091,-0.13,726,0,0,0,0,0,0,0,0
309127,-0.10,-163,0,0,0,0,0,0,0,0
309163,-0.19,-1007,0,0,0,0,0,0,0,0
309199,-0.12,-1037,0,0,0,0,0,0,0,0
309235,-0.14,-457,0,0,0,0,0,0,0,0
309271,-0.08,198,0,0,0,0,0,0,0,0
309307,-0.13,690,0,0,0,0,0,0,0,0
309343,-0.11,965,0,0,0,0,0,0,0,0
309379,-0.13,1061,0,0,0,0,0,0,0,0
309415,-0.17,1042,0,0,0,0,0,0,0,0
309451,-0.18,967,0,0,0,0,0,0,0,0
309487,-0.09,876,0,0,0,0,0,0,0,0
309523,-0.12,791,0,0,0,0,0,0,0,0
309559,-0.11,719,0,0,0,0,0,0,0,0
309595,-0.12,662,0,0,0,0,0,0,0,0
309631,-0.17,616,0,0,0,0,0,0,0,0
309667,-0.12,577,0,0,0,0,0,0,0,0
309703,-0.12,543,0,0,0,0,0,0,0,0
309739,-0.08,512,0,0,0,0,0,0,0,0
309775,-0.16,482,0,0,0,0,0,0,0,0
309811,-0.19,454,0,0,0,0,0,0,0,0
309847,-0.19,427,0,0,0,0,0,0,0,0
309883,-0.07,401,0,0,0,0,0,0,0,0
309919,-0.07,377,0,0,0,0,0,0,0,0
309955,-0.16,354,0,0,0,0,0,0,0,0
309991,-0.17,332,0,0,0,0,0,0,0,0
310027,-0.14,312,0,0,0,0,0,0,0,0
310063,-0.18,293,0,0,0,0,0,0,0,0
310099,-0.14,275,0,0,0,0,0,0,0,0
310135,-0.19,258,0,0,0,0,0,0,0,0
310171,-0.13,242,0,0,0,0,0,0,0,0
310207,-0.08,227,0,0,0,0,0,0,0,0
310243,-0.13,214,0,0,0,0,0,0,0,0
310279,-0.15,200,0,0,0,0,0,0,0,0
310315,-0.09,188,0,0,0,0,0,0,0,0
310351,-0.15,177,0,0,0,0,0,0,0,0
310387,-0.21,166,0,0,0,0,0,0,0,0
310423,-0.06,156,0,0,0,0,0,0,0,0
310459,-0.17,146,0,0,0,0,0,0,0,0
310495,-0.17,137,0,0,0,0,0,0,0,0
310531,-0.11,129,0,0,0,0,0,0,0,0
310567,-0.19,121,0,0,0,0,0,0,0,0
310603,-0.19,114,0,0,0,0,0,0,0,0
310639,-0.15,107,0,0,0,0,0,0,0,0
310675,-0.12,100,0,0,0,0,0,0,0,0
310711,-0.12,94,0,0,0,0,0,0,0,0
310747,-0.10,88,0,0,0,0,0,0,0,0
310783,-0.17,83,0,0,0,0,0,0,0,0
310819,-0.11,78,0,0,0,0,0,0,0,0
310855,-0.09,73,0,0,0,0,0,0,0,0
310891,-0.17,69,0,0,0,0,0,0,0,0
310927,-0.06,64,0,0,0,0,0,0,0,0
310963,-0.11,60,0,0,0,0,0,0,0,0
310999,-0.16,57,0,0,0,0,0,0,0,0
311035,-0.15,53,0,0,0,0,0,0,0,0
311071,-0.14,50,0,0,0,0,0,0,0,0
311107,-0.21,47,0,0,0,0,0,0,0,0
311143,-0.17,44,0,0,0,0,0,0,0,0
311179,-0.15,41,0,0,0,0,0,0,0,0
311215,-0.23,39,0,0,0,0,0,0,0,0
311251,-0.18,36,0,0,0,0,0,0,0,0
311287,-0.21,34,0,0,0,0,0,0,0,0
311323,-0.22,32,0,0,0,0,0,0,0,0
311359,-0.14,30,0,0,0,0,0,0,0,0
311395,-0.13,28,0,0,0,0,0,0,0,0
311431,-0.21,26,0,0,0,0,0,0,0,0
311467,-0.19,25,0,0,0,0,0,0,0,0
311503,-0.19,23,0,0,0,0,0,0,0,0
311539,-0.19,22,0,0,0,0,0,0,0,0
311575,-0.17,20,0,0,0,0,0,0,0,0
311611,-0.19,19,0,0,0,0,0,0,0,0
311647,-0.18,18,0,0,0,0,0,0,0,0
311683,-0.22,17,0,0,0,0,0,0,0,0
311719,-0.22,16,0,0,0,0,0,0,0,0
311755,-0.20,15,0,0,0,0,0,0,0,0
311791,-0.19,14,0,0,0,0,0,0,0,0
311827,-0.19,13,0,0,0,0,0,0,0,0
