Time,Pressure,PPGSignal,rawPPGSignal,BL_W60_T2.50_D5_C2,BL_W65_T3.00_D5_C2,BL_W70_T2.50_D5_C2,BL_W75_T2.50_D5_C2,BL_W60_T3.00_D5_C2,BL_W65_T3.50_D5_C2,BL_W80_T2.50_D5_C2,BL_W75_T3.00_D5_C2
14828,-0.28,191,2966,0,0,0,0,0,0,0,0,0
14863,-0.21,789,3035,0,0,0,0,0,0,0,0,0
14899,-0.19,1564,3047,0,0,0,0,0,0,0,0,0
14935,-0.20,2165,2995,0,0,0,0,0,0,0,0,0
14971,-0.23,2480,2958,0,0,0,0,0,0,0,0,0
15007,-0.20,2543,2943,0,0,0,0,0,0,0,0,0
15043,-0.15,2447,2990,0,0,0,0,0,0,0,0,0
15079,-0.26,2285,3031,0,0,0,0,0,0,0,0,0
15115,-0.17,2116,3071,0,0,0,0,0,0,0,0,0
15151,-0.18,1964,3015,0,0,0,0,0,0,0,0,0
15187,-0.21,1818,2910,0,0,0,0,0,0,0,0,0
15223,-0.14,1664,2832,0,0,0,0,0,0,0,0,0
15259,-0.28,1508,2834,0,0,0,0,0,0,0,0,0
15295,-0.22,1373,2922,0,0,0,0,0,0,0,0,0
15331,-0.24,1286,3122,0,0,0,0,0,0,0,0,0
15367,-0.26,1260,3216,0,0,0,0,0,0,0,0,0
15403,-0.20,1268,3184,0,0,0,0,0,0,0,0,0
15439,-0.22,1261,3086,0,0,0,0,0,0,0,0,0
15475,-0.18,1216,3070,0,0,0,0,0,0,0,0,0
15511,-0.22,1142,3098,0,0,0,0,0,0,0,0,0
15547,-0.20,1065,3131,0,0,0,0,0,0,0,0,0
15583,-0.21,998,3175,0,0,0,0,0,0,0,0,0
15619,-0.23,945,3152,0,0,0,0,0,0,0,0,0
15655,-0.30,893,3093,0,0,0,0,0,0,0,0,0
15691,-0.21,829,3046,0,0,0,0,0,0,0,0,0
15727,-0.18,755,3030,0,0,0,0,0,0,0,0,0
15763,-0.21,682,3059,0,0,0,0,0,0,0,0,0
15799,-0.17,621,3046,0,0,0,0,0,0,0,0,0
15835,-0.21,573,3053,0,0,0,0,0,0,0,0,0
15871,-0.17,533,3033,0,0,0,0,0,0,0,0,0
15907,-0.18,500,3083,0,0,0,0,0,0,0,0,0
15943,-0.12,483,3171,0,0,0,0,0,0,0,0,0
15979,-0.22,489,3256,0,0,0,0,0,0,0,0,0
16015,-0.21,512,3275,0,0,0,0,0,0,0,0,0
16051,-0.14,531,3200,0,0,0,0,0,0,0,0,0
16087,-0.17,519,3120,0,0,0,0,0,0,0,0,0
16123,-0.20,474,3104,0,0,0,0,0,0,0,0,0
16159,-0.24,409,3051,0,0,0,0,0,0,0,0,0
16195,-0.16,343,3066,0,0,0,0,0,0,0,0,0
16231,-0.22,288,3067,0,0,0,0,0,0,0,0,0
16267,-0.22,252,3089,0,0,0,0,0,0,0,0,0
16303,-0.21,232,3090,0,0,0,0,0,0,0,0,0
16339,-0.18,218,3033,0,0,0,0,0,0,0,0,0
16375,-0.15,195,2955,0,0,0,0,0,0,0,0,0
16411,-0.22,152,2863,0,0,0,0,0,0,0,0,0
16447,-0.18,87,2768,0,0,0,0,0,0,0,0,0
16483,-0.15,7,2681,0,0,0,0,0,0,0,0,0
16519,-0.23,-76,2626,0,0,0,0,0,0,0,0,0
16555,-0.10,-146,2683,0,0,0,0,0,0,0,0,0
16591,-0.13,-173,2836,0,0,0,0,0,0,0,0,0
16627,-0.20,-134,3067,0,0,0,0,0,0,0,0,0
16663,-0.26,-30,3193,0,0,0,0,0,0,0,0,0
16699,-0.16,102,3214,0,0,0,0,0,0,0,0,0
16735,-0.16,211,3110,0,0,0,0,0,0,0,0,0
16771,-0.27,256,3027,0,0,0,0,0,0,0,0,0
16807,-0.20,243,3027,0,0,0,0,0,0,0,0,0
16843,-0.18,203,3055,0,0,0,0,0,0,0,0,0
16879,-0.21,166,3071,0,0,0,0,0,0,0,0,0
16915,-0.17,148,3163,0,0,0,0,0,0,0,0,0
16951,-0.15,158,3238,0,0,0,0,0,0,0,0,0
16987,-0.17,191,3277,0,0,0,0,0,0,0,0,0
17023,-0.15,228,3232,0,0,0,0,0,0,0,0,0
17059,-0.21,238,3083,0,0,0,0,0,0,0,0,0
17095,-0.28,202,3011,0,0,0,0,0,0,0,0,0
17131,-0.24,135,2972,0,0,0,0,0,0,0,0,0
17167,-0.25,68,3018,0,0,0,0,0,0,0,0,0
17203,-0.23,21,3003,0,0,0,0,0,0,0,0,0
17239,-0.20,-4,2977,0,0,0,0,0,0,0,0,0
17275,-0.24,-25,2882,0,0,0,0,0,0,0,0,0
17311,-0.25,-53,2880,0,0,0,0,0,0,0,0,0
17347,-0.25,-74,2982,0,0,0,0,0,0,0,0,0
17383,-0.22,-66,3071,0,0,0,0,0,0,0,0,0
17419,-0.12,-34,3006,0,0,0,0,0,0,0,0,0
17455,-0.25,-13,2871,0,0,0,0,0,0,0,0,0
17491,-0.16,-26,2838,0,0,0,0,0,0,0,0,0
17527,-0.25,-62,2811,0,0,0,0,0,0,0,0,0
17563,-0.20,-97,2892,0,0,0,0,0,0,0,0,0
17599,-0.22,-101,3040,0,0,0,0,0,0,0,0,0
17635,-0.26,-58,3152,0,0,0,0,0,0,0,0,0
17671,-0.26,17,3199,0,0,0,0,0,0,0,0,0
17707,-0.23,91,3114,0,0,0,0,0,0,0,0,0
17743,-0.28,128,3011,0,0,0,0,0,0,0,0,0
17779,-0.26,102,2758,0,0,0,0,0,0,0,0,0
17815,-0.22,5,2550,0,0,0,0,0,0,0,0,0
17851,-0.14,-130,2625,0,0,0,0,0,0,0,0,0
17887,-0.21,-230,2845,0,0,0,0,0,0,0,0,0
17923,-0.18,-239,3025,0,0,0,0,0,0,0,0,0
17959,-0.20,-156,3184,0,0,0,0,0,0,0,0,0
17995,-0.15,-22,3261,0,0,0,0,0,0,0,0,0
18031,-0.20,115,3286,0,0,0,0,0,0,0,0,0
18067,-0.22,218,3251,0,0,0,0,0,0,0,0,0
18103,-0.26,273,3275,0,0,0,0,0,0,0,0,0
18139,-0.18,291,3280,0,0,0,0,0,0,0,0,0
18175,-0.20,282,3206,0,0,0,0,0,0,0,0,0
18211,-0.24,255,3258,0,0,0,0,0,0,0,0,0
18247,-0.22,227,3277,0,0,0,0,0,0,0,0,0
18283,-0.16,204,3186,0,0,0,0,0,0,0,0,0
18319,-0.23,173,3161,0,0,0,0,0,0,0,0,0
18355,-0.20,131,3090,0,0,0,0,0,0,0,0,0
18391,-0.27,81,3038,0,0,0,0,0,0,0,0,0
18427,-0.23,34,3116,0,0,0,0,0,0,0,0,0
18463,-0.13,13,3184,0,0,0,0,0,0,0,0,0
18499,-0.29,25,3245,0,0,0,0,0,0,0,0,0
18535,-0.23,60,3260,0,0,0,0,0,0,0,0,0
18571,-0.19,93,3184,0,0,0,0,0,0,0,0,0
18607,-0.23,101,3100,0,0,0,0,0,0,0,0,0
18643,-0.27,82,3136,0,0,0,0,0,0,0,0,0
18679,-0.21,64,3281,0,0,0,0,0,0,0,0,0
18715,-0.28,75,3328,0,0,0,0,0,0,0,0,0
18751,-0.18,104,3268,0,0,0,0,0,0,0,0,0
18787,-0.19,122,3210,0,0,0,0,0,0,0,0,0
18823,-0.25,122,3278,0,0,0,0,0,0,0,0,0
18859,-0.13,126,3418,0,0,0,0,0,0,0,0,0
18895,-0.23,156,3475,0,0,0,0,0,0,0,0,0
18931,-0.26,198,3446,0,0,0,0,0,0,0,0,0
18967,-0.20,221,3315,0,0,0,0,0,0,0,0,0
19003,-0.21,205,3277,0,0,0,0,0,0,0,0,0
19039,-0.22,162,3250,0,0,0,0,0,0,0,0,0
19075,-0.20,109,3216,0,0,0,0,0,0,0,0,0
19111,-0.25,60,3209,0,0,0,0,0,0,0,0,0
19147,-0.22,19,3181,0,0,0,0,0,0,0,0,0
19183,-0.27,-11,3171,0,0,0,0,0,0,0,0,0
19219,-0.21,-29,3218,0,0,0,0,0,0,0,0,0
19255,-0.29,-29,3248,0,0,0,0,0,0,0,0,0
19291,-0.13,-18,3199,0,0,0,0,0,0,0,0,0
19327,-0.16,-17,3071,0,0,0,0,0,0,0,0,0
19363,-0.13,-37,3107,0,0,0,0,0,0,0,0,0
19399,-0.17,-60,3152,0,0,0,0,0,0,0,0,0
19435,-0.15,-67,3191,0,0,0,0,0,0,0,0,0
19471,-0.20,-54,3219,0,0,0,0,0,0,0,0,0
19507,-0.22,-27,3255,0,0,0,0,0,0,0,0,0
19543,-0.21,2,3244,0,0,0,0,0,0,0,0,0
19579,-0.24,25,3242,0,0,0,0,0,0,0,0,0
19615,-0.18,39,3257,0,0,0,0,0,0,0,0,0
19651,-0.12,46,3248,0,0,0,0,0,0,0,0,0
19687,-0.20,46,3202,0,0,0,0,0,0,0,0,0
19723,-0.20,32,3181,0,0,0,0,0,0,0,0,0
19759,-0.24,12,3191,0,0,0,0,0,0,0,0,0
19795,-0.16,-5,3173,0,0,0,0,0,0,0,0,0
19831,-0.06,-23,3107,0,0,0,0,0,0,0,0,0
19867,-0.19,-49,3056,0,0,0,0,0,0,0,0,0
19903,-0.27,-83,3007,0,0,0,0,0,0,0,0,0
19939,-0.23,-120,2993,0,0,0,0,0,0,0,0,0
19975,-0.21,-148,3040,0,0,0,0,0,0,0,0,0
20011,-0.16,-157,3035,0,0,0,0,0,0,0,0,0
20047,-0.18,-154,2992,0,0,0,0,0,0,0,0,0
20083,-0.27,-152,2967,0,0,0,0,0,0,0,0,0
20119,-0.24,-155,2955,0,0,0,0,0,0,0,0,0
20155,-0.23,-156,3024,0,0,0,0,0,0,0,0,0
20191,-0.17,-137,3152,0,0,0,0,0,0,0,0,0
20227,-0.14,-83,3303,0,0,0,0,0,0,0,0,0
20263,-0.28,0,3317,0,0,0,0,0,0,0,0,0
20299,-0.23,77,3237,0,0,0,0,0,0,0,0,0
20335,-0.21,116,3189,0,0,0,0,0,0,0,0,0
20371,-0.21,114,3179,0,0,0,0,0,0,0,0,0
20407,-0.13,87,3131,0,0,0,0,0,0,0,0,0
20443,-0.26,48,3086,0,0,0,0,0,0,0,0,0
20479,-0.16,3,3053,0,0,0,0,0,0,0,0,0
20515,-0.20,-40,3013,0,0,0,0,0,0,0,0,0
20551,-0.15,-75,3057,0,0,0,0,0,0,0,0,0
20587,-0.22,-87,3120,0,0,0,0,0,0,0,0,0
20623,-0.12,-79,3056,0,0,0,0,0,0,0,0,0
20659,-0.23,-71,3003,0,0,0,0,0,0,0,0,0
20695,-0.19,-77,3008,0,0,0,0,0,0,0,0,0
20731,-0.17,-81,3102,0,0,0,0,0,0,0,0,0
20767,-0.25,-71,3085,0,0,0,0,0,0,0,0,0
20803,-0.27,-55,3047,0,0,0,0,0,0,0,0,0
20839,-0.28,-53,2945,0,0,0,0,0,0,0,0,0
20875,-0.17,-79,2846,0,0,0,0,0,0,0,0,0
20911,-0.25,-127,2843,0,0,0,0,0,0,0,0,0
20947,-0.24,-166,2963,0,0,0,0,0,0,0,0,0
20983,-0.24,-162,3123,0,0,0,0,0,0,0,0,0
21019,-0.22,-100,3270,0,0,0,0,0,0,0,0,0
21055,-0.16,-2,3278,0,0,0,0,0,0,0,0,0
21091,-0.17,84,3165,0,0,0,0,0,0,0,0,0
21127,-0.23,122,3109,0,0,0,0,0,0,0,0,0
21163,-0.18,114,3120,0,0,0,0,0,0,0,0,0
21199,-0.20,86,3115,0,0,0,0,0,0,0,0,0
21235,-0.20,56,3100,0,0,0,0,0,0,0,0,0
21271,-0.14,29,3088,0,0,0,0,0,0,0,0,0
21307,-0.16,8,3085,0,0,0,0,0,0,0,0,0
21343,-0.25,-8,3056,0,0,0,0,0,0,0,0,0
21379,-0.21,-23,3039,0,0,0,0,0,0,0,0,0
21415,-0.21,-31,3119,0,0,0,0,0,0,0,0,0
21451,-0.28,-19,3189,0,0,0,0,0,0,0,0,0
21487,-0.27,11,3191,0,0,0,0,0,0,0,0,0
21523,-0.18,41,3127,0,0,0,0,0,0,0,0,0
21559,-0.24,50,3067,0,0,0,0,0,0,0,0,0
21595,-0.26,33,3056,0,0,0,0,0,0,0,0,0
21631,-0.24,5,3036,0,0,0,0,0,0,0,0,0
21667,-0.27,-19,3088,0,0,0,0,0,0,0,0,0
21703,-0.28,-26,3126,0,0,0,0,0,0,0,0,0
21739,-0.22,-12,3203,0,0,0,0,0,0,0,0,0
21775,-0.25,20,3219,0,0,0,0,0,0,0,0,0
21811,-0.25,56,3216,0,0,0,0,0,0,0,0,0
21847,-0.16,80,3159,0,0,0,0,0,0,0,0,0
21883,-0.21,78,3094,0,0,0,0,0,0,0,0,0
21919,-0.25,54,3085,0,0,0,0,0,0,0,0,0
21955,-0.31,23,3116,0,0,0,0,0,0,0,0,0
21991,-0.25,2,3133,0,0,0,0,0,0,0,0,0
22027,-0.23,-3,3138,0,0,0,0,0,0,0,0,0
22063,-0.31,-1,3110,0,0,0,0,0,0,0,0,0
22099,-0.25,1,3135,0,0,0,0,0,0,0,0,0
22135,-0.26,6,3136,0,0,0,0,0,0,0,0,0
22171,-0.25,11,3139,0,0,0,0,0,0,0,0,0
22207,-0.25,19,3202,0,0,0,0,0,0,0,0,0
22243,-0.16,37,3247,0,0,0,0,0,0,0,0,0
22279,-0.21,65,3274,0,0,0,0,0,0,0,0,0
22315,-0.27,88,3186,0,0,0,0,0,0,0,0,0
22351,-0.14,87,3117,0,0,0,0,0,0,0,0,0
22387,-0.29,60,3131,0,0,0,0,0,0,0,0,0
22423,-0.29,34,3214,0,0,0,0,0,0,0,0,0
22459,-0.25,36,3364,0,0,0,0,0,0,0,0,0
22495,-0.22,68,3278,0,0,0,0,0,0,0,0,0
22531,-0.23,95,3201,0,0,0,0,0,0,0,0,0
22567,-0.24,96,3219,0,0,0,0,0,0,0,0,0
22603,-0.24,86,3258,0,0,0,0,0,0,0,0,0
22639,-0.21,62,2995,0,0,0,0,0,0,0,0,0
22675,-0.27,-31,2416,0,0,0,0,0,0,0,0,0
22711,-0.22,-253,1874,0,0,0,0,0,0,0,0,0
22747,-0.19,-590,1488,0,0,0,0,0,0,0,0,0
22783,-0.24,-963,1310,0,0,0,0,0,0,0,0,0
22819,-0.15,-1267,1411,0,0,0,0,0,0,0,0,0
22855,-0.26,-1338,2899,0,0,0,0,0,0,0,0,0
22891,-0.22,-997,4095,0,0,0,0,0,0,0,0,0
22927,-0.28,-324,4095,0,0,0,0,0,0,0,0,0
22963,-0.22,366,4095,0,0,0,0,0,0,0,0,0
22999,-0.22,857,4095,0,0,0,0,0,0,0,0,0
23035,-0.17,1070,3381,0,0,0,0,0,0,0,0,0
23071,-0.23,944,2501,0,0,0,0,0,0,0,0,0
23107,-0.20,575,2928,0,0,0,0,0,0,0,0,0
23143,-0.29,281,4095,0,0,0,0,0,0,0,0,0
23179,-0.22,278,4095,0,0,0,0,0,0,0,0,0
23215,-0.23,460,4095,0,0,0,0,0,0,0,0,0
23251,-0.28,654,4095,0,0,0,0,0,0,0,0,0
23287,-0.19,786,4095,0,0,0,0,0,0,0,0,0
23323,-0.18,842,4095,0,0,0,0,0,0,0,0,0
23359,-0.26,839,4095,0,0,0,0,0,0,0,0,0
23395,-0.28,800,4095,0,0,0,0,0,0,0,0,0
23431,-0.24,670,2949,0,0,0,0,0,0,0,0,0
23467,-0.25,457,4095,0,0,0,0,0,0,0,0,0
23503,-0.33,259,2835,0,0,0,0,0,0,0,0,0
23539,-0.24,-153,0,0,0,0,0,0,0,0,0,0
23575,-0.29,-982,0,0,0,0,0,0,0,0,0,0
23611,-0.23,-1750,2343,0,0,0,0,0,0,0,0,0
23647,-0.23,-1880,3216,0,0,0,0,0,0,0,0,0
23683,-0.16,-1447,2913,0,0,0,0,0,0,0,0,0
23719,-0.19,-932,2079,0,0,0,0,0,0,0,0,0
23755,-0.18,-717,1023,0,0,0,0,0,0,0,0,0
23791,-0.27,-906,334,0,0,0,0,0,0,0,0,0
23827,-0.17,-1306,875,0,0,0,0,0,0,0,0,0
23863,-0.23,-1553,2006,0,0,0,0,0,0,0,0,0
23899,-0.23,-1484,1639,0,0,0,0,0,0,0,0,0
23935,-0.27,-1365,58,0,0,0,0,0,0,0,0,0
23971,-0.13,-1424,743,0,0,0,0,0,0,0,0,0
24007,-0.21,-1359,3323,0,0,0,0,0,0,0,0,0
24043,-0.13,-810,4095,0,0,0,0,0,0,0,0,0
24079,-0.24,51,4095,0,0,0,0,0,0,0,0,0
24115,-0.19,836,4095,0,0,0,0,0,0,0,0,0
24151,-0.25,1350,4095,0,0,0,0,0,0,0,0,0
24187,-0.30,1588,4095,0,0,0,0,0,0,0,0,0
24223,-0.19,1624,4095,0,0,0,0,0,0,0,0,0
24259,-0.28,1545,4095,0,0,0,0,0,0,0,0,0
24295,-0.25,1419,4095,0,0,0,0,0,0,0,0,0
24331,-0.21,1287,4095,0,0,0,0,0,0,0,0,0
24367,-0.26,1171,4095,0,0,0,0,0,0,0,0,0
24403,-0.30,1074,4095,0,0,0,0,0,0,0,0,0
24439,-0.24,996,4095,0,0,0,0,0,0,0,0,0
24475,-0.31,931,4095,0,0,0,0,0,0,0,0,0
24511,-0.25,874,4095,0,0,0,0,0,0,0,0,0
24547,-0.23,823,4095,0,0,0,0,0,0,0,0,0
24583,-0.29,776,4095,0,0,0,0,0,0,0,0,0
24619,-0.23,730,4095,0,0,0,0,0,0,0,0,0
24655,-0.27,687,4095,0,0,0,0,0,0,0,0,0
24691,-0.26,645,4095,0,0,0,0,0,0,0,0,0
24727,-0.29,606,4095,0,0,0,0,0,0,0,0,0
24763,-0.21,569,4095,0,0,0,0,0,0,0,0,0
24799,-0.21,534,4095,0,0,0,0,0,0,0,0,0
24835,-0.25,502,4095,0,0,0,0,0,0,0,0,0
24871,-0.21,471,4095,0,0,0,0,0,0,0,0,0
24907,-0.22,442,4095,0,0,0,0,0,0,0,0,0
24943,-0.20,415,4095,0,0,0,0,0,0,0,0,0
24979,-0.24,390,4095,0,0,0,0,0,0,0,0,0
25015,-0.28,366,4095,0,0,0,0,0,0,0,0,0
25051,-0.21,344,4095,0,0,0,0,0,0,0,0,0
25087,-0.17,323,4095,0,0,0,0,0,0,0,0,0
25123,-0.21,303,4095,0,0,0,0,0,0,0,0,0
25159,-0.27,285,4095,0,0,0,0,0,0,0,0,0
25195,-0.15,267,4095,0,0,0,0,0,0,0,0,0
25231,-0.17,251,4095,0,0,0,0,0,0,0,0,0
25267,-0.22,236,4095,0,0,0,0,0,0,0,0,0
25303,-0.23,221,4095,0,0,0,0,0,0,0,0,0
25339,-0.18,-59,0,0,0,0,0,0,0,0,0,0
25375,-0.15,-897,0,0,0,0,0,0,0,0,0,0
25411,-0.25,-1962,0,0,0,0,0,0,0,0,0,0
25447,-0.21,-2775,0,0,0,0,0,0,0,0,0,0
25483,-0.20,-3209,0,0,0,0,0,0,0,0,0,0
25519,-0.27,-3319,0,0,0,0,0,0,0,0,0,0
25555,-0.17,-3216,0,0,0,0,0,0,0,0,0,0
25591,-0.19,-3008,0,0,0,0,0,0,0,0,0,0
25627,-0.26,-2769,0,0,0,0,0,0,0,0,0,0
25663,-0.24,-2543,0,0,0,0,0,0,0,0,0,0
25699,-0.23,-2345,0,0,0,0,0,0,0,0,0,0
25735,-0.27,-2176,0,0,0,0,0,0,0,0,0,0
25771,-0.18,-2032,0,0,0,0,0,0,0,0,0,0
25807,-0.27,-1906,0,0,0,0,0,0,0,0,0,0
25843,-0.19,-1792,0,0,0,0,0,0,0,0,0,0
25879,-0.20,-1686,0,0,0,0,0,0,0,0,0,0
25915,-0.19,-1586,0,0,0,0,0,0,0,0,0,0
25951,-0.26,-1491,0,0,0,0,0,0,0,0,0,0
25987,-0.24,-1401,0,0,0,0,0,0,0,0,0,0
26023,-0.21,-1316,0,0,0,0,0,0,0,0,0,0
26059,-0.24,-1236,0,0,0,0,0,0,0,0,0,0
26095,-0.17,-1161,0,0,0,0,0,0,0,0,0,0
26131,-0.17,-1090,0,0,0,0,0,0,0,0,0,0
26167,-0.18,-755,4095,0,0,0,0,0,0,0,0,0
26203,-0.13,132,4095,0,0,0,0,0,0,0,0,0
26239,-0.19,1243,4095,0,0,0,0,0,0,0,0,0
26275,-0.24,2100,4095,0,0,0,0,0,0,0,0,0
26311,-0.13,2575,4095,0,0,0,0,0,0,0,0,0
26347,-0.17,2723,4095,0,0,0,0,0,0,0,0,0
26383,-0.25,2657,4095,0,0,0,0,0,0,0,0,0
26419,-0.23,2482,4095,0,0,0,0,0,0,0,0,0
26455,-0.23,2276,4095,0,0,0,0,0,0,0,0,0
26491,-0.18,2080,4095,0,0,0,0,0,0,0,0,0
26527,-0.26,1910,4095,0,0,0,0,0,0,0,0,0
26563,-0.23,1768,4095,0,0,0,0,0,0,0,0,0
26599,-0.23,1648,4095,0,0,0,0,0,0,0,0,0
26635,-0.29,1545,4095,0,0,0,0,0,0,0,0,0
26671,-0.12,1453,4095,0,0,0,0,0,0,0,0,0
26707,-0.22,1368,4095,0,0,0,0,0,0,0,0,0
26743,-0.15,1287,4095,0,0,0,0,0,0,0,0,0
26779,-0.22,1211,4095,0,0,0,0,0,0,0,0,0
26815,-0.20,1138,4095,0,0,0,0,0,0,0,0,0
26851,-0.19,1069,4095,0,0,0,0,0,0,0,0,0
26887,-0.29,1004,4095,0,0,0,0,0,0,0,0,0
26923,-0.20,943,4095,0,0,0,0,0,0,0,0,0
26959,-0.18,885,4095,0,0,0,0,0,0,0,0,0
26995,-0.21,831,4095,0,0,0,0,0,0,0,0,0
27031,-0.27,780,4095,0,0,0,0,0,0,0,0,0
27067,-0.12,733,4095,0,0,0,0,0,0,0,0,0
27103,-0.16,688,4095,0,0,0,0,0,0,0,0,0
27139,-0.19,646,4095,0,0,0,0,0,0,0,0,0
27175,-0.18,607,4095,0,0,0,0,0,0,0,0,0
27211,-0.19,570,4095,0,0,0,0,0,0,0,0,0
27247,-0.17,535,4095,0,0,0,0,0,0,0,0,0
27283,-0.23,502,4095,0,0,0,0,0,0,0,0,0
27319,-0.14,472,4095,0,0,0,0,0,0,0,0,0
27355,-0.13,443,4095,0,0,0,0,0,0,0,0,0
27391,-0.17,320,2625,0,0,0,0,0,0,0,0,0
27427,-0.19,-11,2447,0,0,0,0,0,0,0,0,0
27463,-0.18,-426,2789,0,0,0,0,0,0,0,0,0
27499,-0.20,-680,3298,0,0,0,0,0,0,0,0,0
27535,-0.19,-657,3920,0,0,0,0,0,0,0,0,0
27571,-0.18,-397,4095,0,0,0,0,0,0,0,0,0
27607,-0.16,-49,4095,0,0,0,0,0,0,0,0,0
27643,-0.20,237,4014,0,0,0,0,0,0,0,0,0
27679,-0.07,407,4043,0,0,0,0,0,0,0,0,0
27715,-0.18,478,4095,0,0,0,0,0,0,0,0,0
27751,-0.18,485,4000,0,0,0,0,0,0,0,0,0
27787,-0.18,432,3739,0,0,0,0,0,0,0,0,0
27823,-0.16,312,3568,0,0,0,0,0,0,0,0,0
27859,-0.16,148,3472,0,0,0,0,0,0,0,0,0
27895,-0.21,-18,3365,0,0,0,0,0,0,0,0,0
27931,-0.21,-165,3234,0,0,0,0,0,0,0,0,0
27967,-0.23,-286,3205,0,0,0,0,0,0,0,0,0
28003,-0.10,-362,3328,0,0,0,0,0,0,0,0,0
28039,-0.25,-373,3445,0,0,0,0,0,0,0,0,0
28075,-0.22,-325,3424,0,0,0,0,0,0,0,0,0
28111,-0.18,-255,3454,0,0,0,0,0,0,0,0,0
28147,-0.20,-192,3431,0,0,0,0,0,0,0,0,0
28183,-0.18,-160,3259,0,0,0,0,0,0,0,0,0
28219,-0.19,-177,3149,0,0,0,0,0,0,0,0,0
28255,-0.20,-233,3137,0,0,0,0,0,0,0,0,0
28291,-0.14,-292,3145,0,0,0,0,0,0,0,0,0
28327,-0.24,-331,3142,0,0,0,0,0,0,0,0,0
28363,-0.20,-345,3152,0,0,0,0,0,0,0,0,0
28399,-0.20,-335,3177,0,0,0,0,0,0,0,0,0
28435,-0.20,-312,3174,0,0,0,0,0,0,0,0,0
28471,-0.19,-284,3151,0,0,0,0,0,0,0,0,0
28507,-0.22,-265,3103,0,0,0,0,0,0,0,0,0
28543,-0.18,-258,3087,0,0,0,0,0,0,0,0,0
28579,-0.21,-255,3154,0,0,0,0,0,0,0,0,0
28615,-0.16,-241,3175,0,0,0,0,0,0,0,0,0
28651,-0.18,-215,3151,0,0,0,0,0,0,0,0,0
28687,-0.13,-191,3166,0,0,0,0,0,0,0,0,0
28723,-0.16,-165,3259,0,0,0,0,0,0,0,0,0
28759,-0.25,-125,3327,0,0,0,0,0,0,0,0,0
28795,-0.27,-76,3305,0,0,0,0,0,0,0,0,0
28831,-0.25,-37,3281,0,0,0,0,0,0,0,0,0
28867,-0.19,-24,3171,0,0,0,0,0,0,0,0,0
28903,-0.21,-47,3061,0,0,0,0,0,0,0,0,0
28939,-0.22,-96,3095,0,0,0,0,0,0,0,0,0
28975,-0.23,-141,3110,0,0,0,0,0,0,0,0,0
29011,-0.12,-164,3131,0,0,0,0,0,0,0,0,0
29047,-0.16,-163,3152,0,0,0,0,0,0,0,0,0
29083,-0.12,-145,3164,0,0,0,0,0,0,0,0,0
29119,-0.19,-126,3100,0,0,0,0,0,0,0,0,0
29155,-0.25,-115,3120,0,0,0,0,0,0,0,0,0
29191,-0.28,-104,3225,0,0,0,0,0,0,0,0,0
29227,-0.24,-77,3253,0,0,0,0,0,0,0,0,0
29263,-0.26,-46,3165,0,0,0,0,0,0,0,0,0
29299,-0.18,-36,3082,0,0,0,0,0,0,0,0,0
29335,-0.17,-58,3010,0,0,0,0,0,0,0,0,0
29371,-0.15,-100,3018,0,0,0,0,0,0,0,0,0
29407,-0.25,-134,3087,0,0,0,0,0,0,0,0,0
29443,-0.31,-140,3158,0,0,0,0,0,0,0,0,0
29479,-0.26,-114,3211,0,0,0,0,0,0,0,0,0
29515,-0.25,-65,3269,0,0,0,0,0,0,0,0,0
29551,-0.17,-17,3154,0,0,0,0,0,0,0,0,0
29587,-0.18,0,3082,0,0,0,0,0,0,0,0,0
29623,-0.25,-13,3088,0,0,0,0,0,0,0,0,0
29659,-0.24,-42,3071,0,0,0,0,0,0,0,0,0
29695,-0.27,-67,3082,0,0,0,0,0,0,0,0,0
29731,-0.20,-82,3101,0,0,0,0,0,0,0,0,0
29767,-0.23,-88,3045,0,0,0,0,0,0,0,0,0
29803,-0.21,-98,2981,0,0,0,0,0,0,0,0,0
29839,-0.29,-118,2960,0,0,0,0,0,0,0,0,0
29875,-0.22,-139,2994,0,0,0,0,0,0,0,0,0
29911,-0.25,-153,2945,0,0,0,0,0,0,0,0,0
29947,-0.25,-165,2887,0,0,0,0,0,0,0,0,0
29983,-0.23,-181,2885,0,0,0,0,0,0,0,0,0
30019,-0.17,-196,2868,0,0,0,0,0,0,0,0,0
30055,-0.26,-203,2907,0,0,0,0,0,0,0,0,0
30091,-0.19,-190,2998,0,0,0,0,0,0,0,0,0
30127,-0.23,-152,3061,0,0,0,0,0,0,0,0,0
30163,-0.26,-95,3126,0,0,0,0,0,0,0,0,0
30199,-0.19,-37,3070,0,0,0,0,0,0,0,0,0
30235,-0.20,-3,2953,0,0,0,0,0,0,0,0,0
30271,-0.22,-14,2864,0,0,0,0,0,0,0,0,0
30307,-0.29,-53,2930,0,0,0,0,0,0,0,0,0
30343,-0.17,-85,2999,0,0,0,0,0,0,0,0,0
30379,-0.16,-92,2960,0,0,0,0,0,0,0,0,0
30415,-0.22,-92,2882,0,0,0,0,0,0,0,0,0
30451,-0.17,-101,2896,0,0,0,0,0,0,0,0,0
30487,-0.30,-110,2911,0,0,0,0,0,0,0,0,0
30523,-0.26,-112,2928,0,0,0,0,0,0,0,0,0
30559,-0.21,-107,2896,0,0,0,0,0,0,0,0,0
30595,-0.13,-100,2917,0,0,0,0,0,0,0,0,0
30631,-0.31,-93,2898,0,0,0,0,0,0,0,0,0
30667,-0.25,-91,2831,0,0,0,0,0,0,0,0,0
30703,-0.22,-102,2828,0,0,0,0,0,0,0,0,0
30739,-0.24,-118,2813,0,0,0,0,0,0,0,0,0
30775,-0.27,-128,2887,0,0,0,0,0,0,0,0,0
30811,-0.17,-114,2993,0,0,0,0,0,0,0,0,0
30847,-0.21,-72,3024,0,0,0,0,0,0,0,0,0
30883,-0.21,-20,3024,0,0,0,0,0,0,0,0,0
30919,-0.23,21,3009,0,0,0,0,0,0,0,0,0
30955,-0.19,37,2896,0,0,0,0,0,0,0,0,0
30991,-0.24,17,2815,0,0,0,0,0,0,0,0,0
31027,-0.22,-26,2863,0,0,0,0,0,0,0,0,0
31063,-0.27,-57,2957,0,0,0,0,0,0,0,0,0
31099,-0.28,-53,3061,0,0,0,0,0,0,0,0,0
31135,-0.27,-17,3031,0,0,0,0,0,0,0,0,0
31171,-0.24,11,2833,0,0,0,0,0,0,0,0,0
31207,-0.24,-16,2559,0,0,0,0,0,0,0,0,0
31243,-0.22,-110,2518,0,0,0,0,0,0,0,0,0
31279,-0.16,-212,2687,0,0,0,0,0,0,0,0,0
31315,-0.26,-256,2832,0,0,0,0,0,0,0,0,0
31351,-0.21,-225,2919,0,0,0,0,0,0,0,0,0
31387,-0.27,-151,2885,0,0,0,0,0,0,0,0,0
31423,-0.36,-85,2789,0,0,0,0,0,0,0,0,0
31459,-0.25,-62,2651,0,0,0,0,0,0,0,0,0
31495,-0.23,-93,2559,0,0,0,0,0,0,0,0,0
31531,-0.24,-147,2673,0,0,0,0,0,0,0,0,0
31567,-0.24,-175,2794,0,0,0,0,0,0,0,0,0
31603,-0.24,-168,2666,0,0,0,0,0,0,0,0,0
31639,-0.25,-165,2512,0,0,0,0,0,0,0,0,0
31675,-0.21,-181,2667,0,0,0,0,0,0,0,0,0
31711,-0.18,-169,2928,0,0,0,0,0,0,0,0,0
31747,-0.26,-90,3120,0,0,0,0,0,0,0,0,0
31783,-0.32,41,3223,0,0,0,0,0,0,0,0,0
31819,-0.17,183,3238,0,0,0,0,0,0,0,0,0
31855,-0.29,282,3070,0,0,0,0,0,0,0,0,0
31891,-0.30,295,2850,0,0,0,0,0,0,0,0,0
31927,-0.22,222,2770,0,0,0,0,0,0,0,0,0
31963,-0.22,111,2817,0,0,0,0,0,0,0,0,0
31999,-0.22,17,2832,0,0,0,0,0,0,0,0,0
32035,-0.14,-45,2703,0,0,0,0,0,0,0,0,0
32071,-0.32,-110,2455,0,0,0,0,0,0,0,0,0
32107,-0.27,-205,2308,0,0,0,0,0,0,0,0,0
32143,-0.20,-307,2446,0,0,0,0,0,0,0,0,0
32179,-0.24,-355,2657,0,0,0,0,0,0,0,0,0
32215,-0.19,-324,2704,0,0,0,0,0,0,0,0,0
32251,-0.20,-240,2758,0,0,0,0,0,0,0,0,0
32287,-0.17,-137,2917,0,0,0,0,0,0,0,0,0
32323,-0.17,-31,2879,0,0,0,0,0,0,0,0,0
32359,-0.19,41,2752,0,0,0,0,0,0,0,0,0
32395,-0.19,57,2703,0,0,0,0,0,0,0,0,0
32431,-0.21,32,2721,0,0,0,0,0,0,0,0,0
32467,-0.20,-30,2305,0,0,0,0,0,0,0,0,0
32503,-0.22,-178,1759,0,0,0,0,0,0,0,0,0
32539,-0.20,-411,1765,0,0,0,0,0,0,0,0,0
32575,-0.18,-594,2442,0,0,0,0,0,0,0,0,0
32611,-0.19,-542,3423,0,0,0,0,0,0,0,0,0
32647,-0.24,-188,4095,0,0,0,0,0,0,0,0,0
32683,-0.27,335,4095,0,0,0,0,0,0,0,0,0
32719,-0.26,812,4095,0,0,0,0,0,0,0,0,0
32755,-0.23,1119,4095,0,0,0,0,0,0,0,0,0
32791,-0.26,1230,3738,0,0,0,0,0,0,0,0,0
32827,-0.20,1155,3551,0,0,0,0,0,0,0,0,0
32863,-0.20,961,3515,0,0,0,0,0,0,0,0,0
32899,-0.30,736,3414,0,0,0,0,0,0,0,0,0
32935,-0.21,537,3435,0,0,0,0,0,0,0,0,0
32971,-0.13,399,3521,0,0,0,0,0,0,0,0,0
33007,-0.16,334,3573,0,0,0,0,0,0,0,0,0
33043,-0.21,318,3499,0,0,0,0,0,0,0,0,0
33079,-0.17,301,3283,0,0,0,0,0,0,0,0,0
33115,-0.13,245,3178,0,0,0,0,0,0,0,0,0
33151,-0.20,152,3097,0,0,0,0,0,0,0,0,0
33187,-0.33,47,3031,0,0,0,0,0,0,0,0,0
33223,-0.20,-46,3025,0,0,0,0,0,0,0,0,0
33259,-0.20,-109,3095,0,0,0,0,0,0,0,0,0
33295,-0.19,-127,3175,0,0,0,0,0,0,0,0,0
33331,-0.15,-106,3167,0,0,0,0,0,0,0,0,0
33367,-0.23,-68,3180,0,0,0,0,0,0,0,0,0
33403,-0.26,-35,3152,0,0,0,0,0,0,0,0,0
33439,-0.23,-20,3069,0,0,0,0,0,0,0,0,0
33475,-0.31,-33,3033,0,0,0,0,0,0,0,0,0
33511,-0.21,-61,3027,0,0,0,0,0,0,0,0,0
33547,-0.26,-92,2992,0,0,0,0,0,0,0,0,0
33583,-0.24,-123,2915,0,0,0,0,0,0,0,0,0
33619,-0.20,-154,2943,0,0,0,0,0,0,0,0,0
33655,-0.24,-164,3101,0,0,0,0,0,0,0,0,0
33691,-0.16,-131,3202,0,0,0,0,0,0,0,0,0
33727,-0.28,-63,3234,0,0,0,0,0,0,0,0,0
33763,-0.17,13,3261,0,0,0,0,0,0,0,0,0
33799,-0.18,74,3264,0,0,0,0,0,0,0,0,0
33835,-0.22,112,3246,0,0,0,0,0,0,0,0,0
33871,-0.25,128,3280,0,0,0,0,0,0,0,0,0
33907,-0.28,135,3302,0,0,0,0,0,0,0,0,0
33943,-0.22,133,3221,0,0,0,0,0,0,0,0,0
33979,-0.17,112,3134,0,0,0,0,0,0,0,0,0
34015,-0.21,74,3187,0,0,0,0,0,0,0,0,0
34051,-0.17,55,3434,0,0,0,0,0,0,0,0,0
34087,-0.17,86,3458,0,0,0,0,0,0,0,0,0
34123,-0.17,135,3280,0,0,0,0,0,0,0,0,0
34159,-0.19,140,3098,0,0,0,0,0,0,0,0,0
34195,-0.21,77,2914,0,0,0,0,0,0,0,0,0
34231,-0.24,-36,2821,0,0,0,0,0,0,0,0,0
34267,-0.19,-163,2790,0,0,0,0,0,0,0,0,0
34303,-0.24,-262,2864,0,0,0,0,0,0,0,0,0
34339,-0.19,-303,2966,0,0,0,0,0,0,0,0,0
34375,-0.23,-292,2866,0,0,0,0,0,0,0,0,0
34411,-0.16,-287,2529,0,0,0,0,0,0,0,0,0
34447,-0.19,-345,2327,0,0,0,0,0,0,0,0,0
34483,-0.24,-455,2320,0,0,0,0,0,0,0,0,0
34519,-0.21,-560,2339,0,0,0,0,0,0,0,0,0
34555,-0.28,-614,2430,0,0,0,0,0,0,0,0,0
34591,-0.27,-592,2698,0,0,0,0,0,0,0,0,0
34627,-0.33,-473,3055,0,0,0,0,0,0,0,0,0
34663,-0.20,-254,3430,0,0,0,0,0,0,0,0,0
34699,-0.25,27,3598,0,0,0,0,0,0,0,0,0
34735,-0.24,284,3366,0,0,0,0,0,0,0,0,0
34771,-0.14,387,2675,0,0,0,0,0,0,0,0,0
34807,-0.30,241,1930,0,0,0,0,0,0,0,0,0
34843,-0.27,-119,1733,0,0,0,0,0,0,0,0,0
34879,-0.27,-507,2117,0,0,0,0,0,0,0,0,0
34915,-0.23,-725,2482,0,0,0,0,0,0,0,0,0
34951,-0.23,-719,2619,0,0,0,0,0,0,0,0,0
34987,-0.19,-570,2688,0,0,0,0,0,0,0,0,0
35023,-0.24,-374,2805,0,0,0,0,0,0,0,0,0
35059,-0.24,-179,2997,0,0,0,0,0,0,0,0,0
35095,-0.25,16,3313,0,0,0,0,0,0,0,0,0
35131,-0.19,232,3663,0,0,0,0,0,0,0,0,0
35167,-0.26,460,3733,0,0,0,0,0,0,0,0,0
35203,-0.21,630,3395,0,0,0,0,0,0,0,0,0
35239,-0.27,659,3103,0,0,0,0,0,0,0,0,0
35275,-0.20,547,2992,0,0,0,0,0,0,0,0,0
35311,-0.22,371,3014,0,0,0,0,0,0,0,0,0
35347,-0.31,193,2741,0,0,0,0,0,0,0,0,0
35383,-0.16,-11,2127,0,0,0,0,0,0,0,0,0
35419,-0.16,-303,1529,0,0,0,0,0,0,0,0,0
35455,-0.21,-658,1535,0,0,0,0,0,0,0,0,0
35491,-0.20,-944,1817,0,0,0,0,0,0,0,0,0
35527,-0.24,-1094,1403,0,0,0,0,0,0,0,0,0
35563,-0.26,-1229,423,0,0,0,0,0,0,0,0,0
35599,-0.27,-1441,647,0,0,0,0,0,0,0,0,0
35635,-0.20,-1471,3152,0,0,0,0,0,0,0,0,0
35671,-0.21,-994,4095,0,0,0,0,0,0,0,0,0
35707,-0.34,-154,4095,0,0,0,0,0,0,0,0,0
35743,-0.23,648,4095,0,0,0,0,0,0,0,0,0
35779,-0.26,1194,4095,0,0,0,0,0,0,0,0,0
35815,-0.22,1463,4095,0,0,0,0,0,0,0,0,0
35851,-0.26,1255,0,0,0,0,0,0,0,0,0,0
35887,-0.23,366,0,0,0,0,0,0,0,0,0,0
35923,-0.24,-803,0,0,0,0,0,0,0,0,0,0
35959,-0.28,-1731,0,0,0,0,0,0,0,0,0,0
35995,-0.23,-2268,0,0,0,0,0,0,0,0,0,0
36031,-0.16,-2461,0,0,0,0,0,0,0,0,0,0
36067,-0.30,-2349,1167,0,0,0,0,0,0,0,0,0
36103,-0.24,-1853,2810,0,0,0,0,0,0,0,0,0
36139,-0.15,-1121,1382,0,0,0,0,0,0,0,0,0
36175,-0.24,-660,0,0,0,0,0,0,0,0,0,0
36211,-0.31,-701,0,0,0,0,0,0,0,0,0,0
36247,-0.23,-1004,0,0,0,0,0,0,0,0,0,0
36283,-0.19,-1305,0,0,0,0,0,0,0,0,0,0
36319,-0.23,-1497,0,0,0,0,0,0,0,0,0,0
36355,-0.19,-1566,0,0,0,0,0,0,0,0,0,0
36391,-0.20,-1542,0,0,0,0,0,0,0,0,0,0
36427,-0.17,-1463,0,0,0,0,0,0,0,0,0,0
36463,-0.11,-1362,0,0,0,0,0,0,0,0,0,0
36499,-0.19,-1259,0,0,0,0,0,0,0,0,0,0
36535,-0.28,-1165,0,0,0,0,0,0,0,0,0,0
36571,-0.22,-1082,0,0,0,0,0,0,0,0,0,0
36607,-0.27,-741,4095,0,0,0,0,0,0,0,0,0
36643,-0.26,147,4095,0,0,0,0,0,0,0,0,0
36679,-0.17,1258,4095,0,0,0,0,0,0,0,0,0
36715,-0.21,2113,4095,0,0,0,0,0,0,0,0,0
36751,-0.26,2584,4054,0,0,0,0,0,0,0,0,0
36787,-0.21,2663,3123,0,0,0,0,0,0,0,0,0
36823,-0.23,2431,3632,0,0,0,0,0,0,0,0,0
36859,-0.16,2090,3328,0,0,0,0,0,0,0,0,0
36895,-0.24,1686,2109,0,0,0,0,0,0,0,0,0
36931,-0.19,1049,292,0,0,0,0,0,0,0,0,0
36967,-0.23,152,0,0,0,0,0,0,0,0,0,0
37003,-0.21,-680,1010,0,0,0,0,0,0,0,0,0
37039,-0.25,-992,3024,0,0,0,0,0,0,0,0,0
37075,-0.21,-642,3356,0,0,0,0,0,0,0,0,0
37111,-0.28,-74,1471,0,0,0,0,0,0,0,0,0
37147,-0.23,139,673,0,0,0,0,0,0,0,0,0
37183,-0.21,29,2331,0,0,0,0,0,0,0,0,0
37219,-0.32,104,4095,0,0,0,0,0,0,0,0,0
37255,-0.17,567,4095,0,0,0,0,0,0,0,0,0
37291,-0.25,1153,4095,0,0,0,0,0,0,0,0,0
37327,-0.15,1599,4095,0,0,0,0,0,0,0,0,0
37363,-0.22,1834,4095,0,0,0,0,0,0,0,0,0
37399,-0.22,1891,4095,0,0,0,0,0,0,0,0,0
37435,-0.22,1794,3536,0,0,0,0,0,0,0,0,0
37471,-0.23,1442,1665,0,0,0,0,0,0,0,0,0
37507,-0.23,679,0,0,0,0,0,0,0,0,0,0
37543,-0.16,-373,0,0,0,0,0,0,0,0,0,0
37579,-0.23,-1339,0,0,0,0,0,0,0,0,0,0
37615,-0.16,-1970,0,0,0,0,0,0,0,0,0,0
37651,-0.16,-2256,0,0,0,0,0,0,0,0,0,0
37687,-0.21,-2029,3968,0,0,0,0,0,0,0,0,0
37723,-0.21,-1108,4095,0,0,0,0,0,0,0,0,0
37759,-0.24,108,4095,0,0,0,0,0,0,0,0,0
37795,-0.26,1096,4095,0,0,0,0,0,0,0,0,0
37831,-0.28,1691,4095,0,0,0,0,0,0,0,0,0
37867,-0.26,1934,4095,0,0,0,0,0,0,0,0,0
37903,-0.23,1939,4095,0,0,0,0,0,0,0,0,0
37939,-0.20,1818,4095,0,0,0,0,0,0,0,0,0
37975,-0.19,1515,1973,0,0,0,0,0,0,0,0,0
38011,-0.19,934,2096,0,0,0,0,0,0,0,0,0
38047,-0.30,334,2992,0,0,0,0,0,0,0,0,0
38083,-0.20,52,3472,0,0,0,0,0,0,0,0,0
38119,-0.30,26,2388,0,0,0,0,0,0,0,0,0
38155,-0.29,-50,1675,0,0,0,0,0,0,0,0,0
38191,-0.27,-270,1965,0,0,0,0,0,0,0,0,0
38227,-0.19,-409,3163,0,0,0,0,0,0,0,0,0
38263,-0.27,-234,4095,0,0,0,0,0,0,0,0,0
38299,-0.21,216,4095,0,0,0,0,0,0,0,0,0
38335,-0.27,701,4095,0,0,0,0,0,0,0,0,0
38371,-0.30,1048,4095,0,0,0,0,0,0,0,0,0
38407,-0.18,1224,4095,0,0,0,0,0,0,0,0,0
38443,-0.22,1262,4095,0,0,0,0,0,0,0,0,0
38479,-0.26,1216,4095,0,0,0,0,0,0,0,0,0
38515,-0.15,1130,4095,0,0,0,0,0,0,0,0,0
38551,-0.18,1034,4095,0,0,0,0,0,0,0,0,0
38587,-0.14,946,4095,0,0,0,0,0,0,0,0,0
38623,-0.25,871,4095,0,0,0,0,0,0,0,0,0
38659,-0.22,808,4095,0,0,0,0,0,0,0,0,0
38695,-0.29,755,4095,0,0,0,0,0,0,0,0,0
38731,-0.20,708,4095,0,0,0,0,0,0,0,0,0
38767,-0.20,666,4095,0,0,0,0,0,0,0,0,0
38803,-0.21,627,4095,0,0,0,0,0,0,0,0,0
38839,-0.24,590,4095,0,0,0,0,0,0,0,0,0
38875,-0.27,555,4095,0,0,0,0,0,0,0,0,0
38911,-0.21,521,4095,0,0,0,0,0,0,0,0,0
38947,-0.23,490,4095,0,0,0,0,0,0,0,0,0
38983,-0.23,460,4095,0,0,0,0,0,0,0,0,0
39019,-0.23,432,4095,0,0,0,0,0,0,0,0,0
39055,-0.23,379,3667,0,0,0,0,0,0,0,0,0
39091,-0.19,208,2689,0,0,0,0,0,0,0,0,0
39127,-0.17,-120,2691,0,0,0,0,0,0,0,0,0
39163,-0.26,-457,2993,0,0,0,0,0,0,0,0,0
39199,-0.17,-632,3326,0,0,0,0,0,0,0,0,0
39235,-0.10,-606,3542,0,0,0,0,0,0,0,0,0
39271,-0.21,-477,3133,0,0,0,0,0,0,0,0,0
39307,-0.22,-466,1774,0,0,0,0,0,0,0,0,0
39343,-0.26,-780,549,0,0,0,0,0,0,0,0,0
39379,-0.14,-1351,773,0,0,0,0,0,0,0,0,0
39415,-0.34,-1804,2018,0,0,0,0,0,0,0,0,0
39451,-0.24,-1803,3102,0,0,0,0,0,0,0,0,0
39487,-0.20,-1315,3987,0,0,0,0,0,0,0,0,0
39523,-0.23,-564,4095,0,0,0,0,0,0,0,0,0
39559,-0.18,153,4095,0,0,0,0,0,0,0,0,0
39595,-0.22,654,4095,0,0,0,0,0,0,0,0,0
39631,-0.22,916,4095,0,0,0,0,0,0,0,0,0
39667,-0.24,959,3536,0,0,0,0,0,0,0,0,0
39703,-0.16,794,3205,0,0,0,0,0,0,0,0,0
39739,-0.23,497,3104,0,0,0,0,0,0,0,0,0
39775,-0.25,188,3056,0,0,0,0,0,0,0,0,0
39811,-0.23,-65,2851,0,0,0,0,0,0,0,0,0
39847,-0.21,-286,2351,0,0,0,0,0,0,0,0,0
39883,-0.21,-520,2101,0,0,0,0,0,0,0,0,0
39919,-0.25,-740,2250,0,0,0,0,0,0,0,0,0
39955,-0.18,-850,2631,0,0,0,0,0,0,0,0,0
39991,-0.19,-786,3037,0,0,0,0,0,0,0,0,0
40027,-0.21,-567,3277,0,0,0,0,0,0,0,0,0
40063,-0.20,-285,3237,0,0,0,0,0,0,0,0,0
40099,-0.22,-58,3055,0,0,0,0,0,0,0,0,0
40135,-0.23,51,2972,0,0,0,0,0,0,0,0,0
40171,-0.12,66,3054,0,0,0,0,0,0,0,0,0
40207,-0.15,41,2996,0,0,0,0,0,0,0,0,0
40243,-0.17,-6,2841,0,0,0,0,0,0,0,0,0
40279,-0.21,-76,2768,0,0,0,0,0,0,0,0,0
40315,-0.22,-152,2818,0,0,0,0,0,0,0,0,0
40351,-0.27,-206,2769,0,0,0,0,0,0,0,0,0
40387,-0.24,-242,2662,0,0,0,0,0,0,0,0,0
40423,-0.23,-268,2755,0,0,0,0,0,0,0,0,0
40459,-0.23,-258,2978,0,0,0,0,0,0,0,0,0
40495,-0.20,-196,3015,0,0,0,0,0,0,0,0,0
40531,-0.27,-113,2928,0,0,0,0,0,0,0,0,0
40567,-0.31,-59,2867,0,0,0,0,0,0,0,0,0
40603,-0.24,-45,2828,0,0,0,0,0,0,0,0,0
40639,-0.24,-62,2803,0,0,0,0,0,0,0,0,0
40675,-0.23,-90,2815,0,0,0,0,0,0,0,0,0
40711,-0.25,-110,2863,0,0,0,0,0,0,0,0,0
40747,-0.21,-104,2996,0,0,0,0,0,0,0,0,0
40783,-0.20,-58,3125,0,0,0,0,0,0,0,0,0
40819,-0.23,15,3120,0,0,0,0,0,0,0,0,0
40855,-0.23,83,3085,0,0,0,0,0,0,0,0,0
40891,-0.21,125,3103,0,0,0,0,0,0,0,0,0
40927,-0.23,143,3113,0,0,0,0,0,0,0,0,0
40963,-0.22,148,3136,0,0,0,0,0,0,0,0,0
40999,-0.24,147,3120,0,0,0,0,0,0,0,0,0
41035,-0.23,136,3049,0,0,0,0,0,0,0,0,0
41071,-0.10,112,3024,0,0,0,0,0,0,0,0,0
41107,-0.28,80,3039,0,0,0,0,0,0,0,0,0
41143,-0.28,41,2848,0,0,0,0,0,0,0,0,0
41179,-0.20,-45,2359,0,0,0,0,0,0,0,0,0
41215,-0.30,-219,2087,0,0,0,0,0,0,0,0,0
41251,-0.16,-426,2310,0,0,0,0,0,0,0,0,0
41287,-0.25,-528,2910,0,0,0,0,0,0,0,0,0
41323,-0.18,-420,3519,0,0,0,0,0,0,0,0,0
41359,-0.21,-111,3898,0,0,0,0,0,0,0,0,0
41395,-0.17,266,3739,0,0,0,0,0,0,0,0,0
41431,-0.23,545,3475,0,0,0,0,0,0,0,0,0
41467,-0.19,637,3258,0,0,0,0,0,0,0,0,0
41503,-0.22,562,3101,0,0,0,0,0,0,0,0,0
41539,-0.19,394,2998,0,0,0,0,0,0,0,0,0
41575,-0.19,206,2962,0,0,0,0,0,0,0,0,0
41611,-0.25,49,2941,0,0,0,0,0,0,0,0,0
41647,-0.32,-59,2906,0,0,0,0,0,0,0,0,0
41683,-0.20,-122,2895,0,0,0,0,0,0,0,0,0
41719,-0.21,-145,2991,0,0,0,0,0,0,0,0,0
41755,-0.22,-124,3122,0,0,0,0,0,0,0,0,0
41791,-0.19,-62,3159,0,0,0,0,0,0,0,0,0
41827,-0.27,16,3248,0,0,0,0,0,0,0,0,0
41863,-0.29,98,3330,0,0,0,0,0,0,0,0,0
41899,-0.23,166,3259,0,0,0,0,0,0,0,0,0
41935,-0.30,201,3219,0,0,0,0,0,0,0,0,0
41971,-0.27,199,3206,0,0,0,0,0,0,0,0,0
42007,-0.18,179,3243,0,0,0,0,0,0,0,0,0
42043,-0.16,161,3292,0,0,0,0,0,0,0,0,0
42079,-0.26,153,3265,0,0,0,0,0,0,0,0,0
42115,-0.18,142,3165,0,0,0,0,0,0,0,0,0
42151,-0.22,114,3127,0,0,0,0,0,0,0,0,0
42187,-0.32,74,3126,0,0,0,0,0,0,0,0,0
42223,-0.29,34,3071,0,0,0,0,0,0,0,0,0
42259,-0.29,-1,3063,0,0,0,0,0,0,0,0,0
42295,-0.25,-30,3059,0,0,0,0,0,0,0,0,0
42331,-0.24,-51,3034,0,0,0,0,0,0,0,0,0
42367,-0.26,-64,3056,0,0,0,0,0,0,0,0,0
42403,-0.17,-69,3038,0,0,0,0,0,0,0,0,0
42439,-0.29,-70,3017,0,0,0,0,0,0,0,0,0
42475,-0.22,-68,3087,0,0,0,0,0,0,0,0,0
42511,-0.26,-49,3211,0,0,0,0,0,0,0,0,0
42547,-0.25,-4,3254,0,0,0,0,0,0,0,0,0
42583,-0.17,49,3227,0,0,0,0,0,0,0,0,0
42619,-0.27,87,3189,0,0,0,0,0,0,0,0,0
42655,-0.21,94,3108,0,0,0,0,0,0,0,0,0
42691,-0.26,69,3067,0,0,0,0,0,0,0,0,0
42727,-0.24,28,3066,0,0,0,0,0,0,0,0,0
42763,-0.29,-11,3054,0,0,0,0,0,0,0,0,0
42799,-0.21,-39,3070,0,0,0,0,0,0,0,0,0
42835,-0.27,-55,3045,0,0,0,0,0,0,0,0,0
42871,-0.29,-68,2958,0,0,0,0,0,0,0,0,0
42907,-0.26,-98,2815,0,0,0,0,0,0,0,0,0
42943,-0.25,-151,2761,0,0,0,0,0,0,0,0,0
42979,-0.25,-215,2719,0,0,0,0,0,0,0,0,0
43015,-0.24,-271,2697,0,0,0,0,0,0,0,0,0
43051,-0.21,-307,2713,0,0,0,0,0,0,0,0,0
43087,-0.18,-320,2706,0,0,0,0,0,0,0,0,0
43123,-0.21,-310,2768,0,0,0,0,0,0,0,0,0
43159,-0.30,-279,2831,0,0,0,0,0,0,0,0,0
43195,-0.35,-222,2978,0,0,0,0,0,0,0,0,0
43231,-0.21,-129,3217,0,0,0,0,0,0,0,0,0
43267,-0.22,-1,3297,0,0,0,0,0,0,0,0,0
43303,-0.13,126,3231,0,0,0,0,0,0,0,0,0
43339,-0.22,206,3143,0,0,0,0,0,0,0,0,0
43375,-0.24,217,3027,0,0,0,0,0,0,0,0,0
43411,-0.13,164,2886,0,0,0,0,0,0,0,0,0
43447,-0.13,69,2811,0,0,0,0,0,0,0,0,0
43483,-0.22,-31,2879,0,0,0,0,0,0,0,0,0
43519,-0.24,-97,2933,0,0,0,0,0,0,0,0,0
43555,-0.29,-115,2987,0,0,0,0,0,0,0,0,0
43591,-0.22,-95,3003,0,0,0,0,0,0,0,0,0
43627,-0.16,-59,3007,0,0,0,0,0,0,0,0,0
43663,-0.20,-25,2987,0,0,0,0,0,0,0,0,0
43699,-0.21,-7,2925,0,0,0,0,0,0,0,0,0
43735,-0.20,-13,2898,0,0,0,0,0,0,0,0,0
43771,-0.18,-32,2923,0,0,0,0,0,0,0,0,0
43807,-0.19,-44,2986,0,0,0,0,0,0,0,0,0
43843,-0.30,-34,3071,0,0,0,0,0,0,0,0,0
43879,-0.17,2,3149,0,0,0,0,0,0,0,0,0
43915,-0.26,53,3124,0,0,0,0,0,0,0,0,0
43951,-0.20,90,3043,0,0,0,0,0,0,0,0,0
43987,-0.18,99,3069,0,0,0,0,0,0,0,0,0
44023,-0.22,99,3187,0,0,0,0,0,0,0,0,0
44059,-0.24,116,3269,0,0,0,0,0,0,0,0,0
44095,-0.23,147,3215,0,0,0,0,0,0,0,0,0
44131,-0.23,167,3153,0,0,0,0,0,0,0,0,0
44167,-0.24,158,3095,0,0,0,0,0,0,0,0,0
44203,-0.20,124,3037,0,0,0,0,0,0,0,0,0
44239,-0.18,77,3043,0,0,0,0,0,0,0,0,0
44275,-0.23,32,3027,0,0,0,0,0,0,0,0,0
44311,-0.30,0,3039,0,0,0,0,0,0,0,0,0
44347,-0.31,-14,3100,0,0,0,0,0,0,0,0,0
44383,-0.20,-9,3099,0,0,0,0,0,0,0,0,0
44419,-0.19,11,3153,0,0,0,0,0,0,0,0,0
44455,-0.22,41,3194,0,0,0,0,0,0,0,0,0
44491,-0.25,75,3202,0,0,0,0,0,0,0,0,0
44527,-0.24,101,3181,0,0,0,0,0,0,0,0,0
44563,-0.28,110,3143,0,0,0,0,0,0,0,0,0
44599,-0.22,102,3143,0,0,0,0,0,0,0,0,0
44635,-0.26,79,3071,0,0,0,0,0,0,0,0,0
44671,-0.24,39,2944,0,0,0,0,0,0,0,0,0
44707,-0.23,-13,3010,0,0,0,0,0,0,0,0,0
44743,-0.22,-42,3204,0,0,0,0,0,0,0,0,0
44779,-0.33,-19,3239,0,0,0,0,0,0,0,0,0
44815,-0.21,28,3157,0,0,0,0,0,0,0,0,0
44851,-0.20,60,3105,0,0,0,0,0,0,0,0,0
44887,-0.10,56,2999,0,0,0,0,0,0,0,0,0
44923,-0.22,21,2992,0,0,0,0,0,0,0,0,0
44959,-0.18,-22,3020,0,0,0,0,0,0,0,0,0
44995,-0.15,-54,3019,0,0,0,0,0,0,0,0,0
45031,-0.24,-71,2983,0,0,0,0,0,0,0,0,0
45067,-0.20,-100,2682,0,0,0,0,0,0,0,0,0
45103,-0.28,-181,2438,0,0,0,0,0,0,0,0,0
45139,-0.24,-311,2390,0,0,0,0,0,0,0,0,0
45175,-0.21,-429,2538,0,0,0,0,0,0,0,0,0
45211,-0.20,-486,2559,0,0,0,0,0,0,0,0,0
45247,-0.21,-502,2251,0,0,0,0,0,0,0,0,0
45283,-0.23,-545,2001,0,0,0,0,0,0,0,0,0
45319,-0.15,-622,2121,0,0,0,0,0,0,0,0,0
45355,-0.16,-653,2529,0,0,0,0,0,0,0,0,0
45391,-0.23,-553,3027,0,0,0,0,0,0,0,0,0
45427,-0.29,-308,3367,0,0,0,0,0,0,0,0,0
45463,-0.19,-31,2810,0,0,0,0,0,0,0,0,0
45499,-0.19,61,1814,0,0,0,0,0,0,0,0,0
45535,-0.19,-142,1342,0,0,0,0,0,0,0,0,0
45571,-0.14,-505,1665,0,0,0,0,0,0,0,0,0
45607,-0.27,-766,2270,0,0,0,0,0,0,0,0,0
45643,-0.31,-769,2725,0,0,0,0,0,0,0,0,0
45679,-0.23,-542,2990,0,0,0,0,0,0,0,0,0
45715,-0.23,-211,3108,0,0,0,0,0,0,0,0,0
45751,-0.19,102,3120,0,0,0,0,0,0,0,0,0
45787,-0.15,327,3120,0,0,0,0,0,0,0,0,0
45823,-0.25,444,3090,0,0,0,0,0,0,0,0,0
45859,-0.18,464,2910,0,0,0,0,0,0,0,0,0
45895,-0.22,391,2659,0,0,0,0,0,0,0,0,0
45931,-0.22,243,2525,0,0,0,0,0,0,0,0,0
45967,-0.16,75,2602,0,0,0,0,0,0,0,0,0
46003,-0.12,-36,2826,0,0,0,0,0,0,0,0,0
46039,-0.21,-43,3093,0,0,0,0,0,0,0,0,0
46075,-0.20,57,3307,0,0,0,0,0,0,0,0,0
46111,-0.20,221,3387,0,0,0,0,0,0,0,0,0
46147,-0.05,384,3414,0,0,0,0,0,0,0,0,0
46183,-0.28,509,3522,0,0,0,0,0,0,0,0,0
46219,-0.11,595,3583,0,0,0,0,0,0,0,0,0
46255,-0.12,633,3410,0,0,0,0,0,0,0,0,0
46291,-0.15,605,3271,0,0,0,0,0,0,0,0,0
46327,-0.17,513,3153,0,0,0,0,0,0,0,0,0
46363,-0.17,385,3071,0,0,0,0,0,0,0,0,0
46399,-0.20,252,3020,0,0,0,0,0,0,0,0,0
46435,-0.22,133,2930,0,0,0,0,0,0,0,0,0
46471,-0.23,28,2821,0,0,0,0,0,0,0,0,0
46507,-0.17,-63,2765,0,0,0,0,0,0,0,0,0
46543,-0.27,-142,2706,0,0,0,0,0,0,0,0,0
46579,-0.23,-201,2719,0,0,0,0,0,0,0,0,0
46615,-0.22,-226,2832,0,0,0,0,0,0,0,0,0
46651,-0.21,-203,2963,0,0,0,0,0,0,0,0,0
46687,-0.13,-133,3083,0,0,0,0,0,0,0,0,0
46723,-0.15,-45,2971,0,0,0,0,0,0,0,0,0
46759,-0.19,1,2719,0,0,0,0,0,0,0,0,0
46795,-0.18,-33,2543,0,0,0,0,0,0,0,0,0
46831,-0.18,-125,2599,0,0,0,0,0,0,0,0,0
46867,-0.22,-204,2742,0,0,0,0,0,0,0,0,0
46903,-0.20,-223,2858,0,0,0,0,0,0,0,0,0
46939,-0.23,-167,3130,0,0,0,0,0,0,0,0,0
46975,-0.15,-23,3567,0,0,0,0,0,0,0,0,0
47011,-0.27,202,3792,0,0,0,0,0,0,0,0,0
47047,-0.17,456,3887,0,0,0,0,0,0,0,0,0
47083,-0.10,672,3993,0,0,0,0,0,0,0,0,0
47119,-0.22,822,4005,0,0,0,0,0,0,0,0,0
47155,-0.15,881,3757,0,0,0,0,0,0,0,0,0
47191,-0.30,837,3711,0,0,0,0,0,0,0,0,0
47227,-0.19,717,3498,0,0,0,0,0,0,0,0,0
47263,-0.22,533,3099,0,0,0,0,0,0,0,0,0
47299,-0.15,284,2821,0,0,0,0,0,0,0,0,0
47335,-0.16,8,2701,0,0,0,0,0,0,0,0,0
47371,-0.22,-235,2635,0,0,0,0,0,0,0,0,0
47407,-0.17,-413,2559,0,0,0,0,0,0,0,0,0
47443,-0.15,-509,2723,0,0,0,0,0,0,0,0,0
47479,-0.11,-509,2928,0,0,0,0,0,0,0,0,0
47515,-0.23,-417,3089,0,0,0,0,0,0,0,0,0
47551,-0.17,-279,3026,0,0,0,0,0,0,0,0,0
47587,-0.15,-157,2987,0,0,0,0,0,0,0,0,0
47623,-0.19,-88,2923,0,0,0,0,0,0,0,0,0
47659,-0.23,-77,2793,0,0,0,0,0,0,0,0,0
47695,-0.18,-120,2685,0,0,0,0,0,0,0,0,0
47731,-0.23,-204,2487,0,0,0,0,0,0,0,0,0
47767,-0.20,-320,2318,0,0,0,0,0,0,0,0,0
47803,-0.15,-447,2295,0,0,0,0,0,0,0,0,0
47839,-0.14,-544,2352,0,0,0,0,0,0,0,0,0
47875,-0.02,-577,2511,0,0,0,0,0,0,0,0,0
47911,-0.14,-524,2771,0,0,0,0,0,0,0,0,0
47947,-0.11,-378,3109,0,0,0,0,0,0,0,0,0
47983,-0.08,-149,3441,0,0,0,0,0,0,0,0,0
48019,-0.15,119,3507,0,0,0,0,0,0,0,0,0
48055,-0.22,339,3281,0,0,0,0,0,0,0,0,0
48091,-0.16,427,3005,0,0,0,0,0,0,0,0,0
48127,-0.20,365,2777,0,0,0,0,0,0,0,0,0
48163,-0.15,195,2559,0,0,0,0,0,0,0,0,0
48199,-0.21,-30,2318,0,0,0,0,0,0,0,0,0
48235,-0.15,-268,2145,0,0,0,0,0,0,0,0,0
48271,-0.17,-482,2047,0,0,0,0,0,0,0,0,0
48307,-0.13,-638,2082,0,0,0,0,0,0,0,0,0
48343,-0.28,-704,2288,0,0,0,0,0,0,0,0,0
48379,-0.20,-655,2623,0,0,0,0,0,0,0,0,0
48415,-0.24,-491,2868,0,0,0,0,0,0,0,0,0
48451,-0.17,-260,2993,0,0,0,0,0,0,0,0,0
48487,-0.24,-29,3056,0,0,0,0,0,0,0,0,0
48523,-0.26,157,3154,0,0,0,0,0,0,0,0,0
48559,-0.19,302,3376,0,0,0,0,0,0,0,0,0
48595,-0.18,444,3780,0,0,0,0,0,0,0,0,0
48631,-0.21,626,4095,0,0,0,0,0,0,0,0,0
48667,-0.20,827,4095,0,0,0,0,0,0,0,0,0
48703,-0.23,986,4095,0,0,0,0,0,0,0,0,0
48739,-0.27,1065,4095,0,0,0,0,0,0,0,0,0
48775,-0.26,1060,3883,0,0,0,0,0,0,0,0,0
48811,-0.15,937,3250,0,0,0,0,0,0,0,0,0
48847,-0.20,678,3039,0,0,0,0,0,0,0,0,0
48883,-0.26,374,3238,0,0,0,0,0,0,0,0,0
48919,-0.14,202,4095,0,0,0,0,0,0,0,0,0
48955,-0.20,252,4095,0,0,0,0,0,0,0,0,0
48991,-0.18,427,4095,0,0,0,0,0,0,0,0,0
49027,-0.22,593,4095,0,0,0,0,0,0,0,0,0
49063,-0.17,697,4095,0,0,0,0,0,0,0,0,0
49099,-0.16,725,3922,0,0,0,0,0,0,0,0,0
49135,-0.17,635,3216,0,0,0,0,0,0,0,0,0
49171,-0.13,384,2803,0,0,0,0,0,0,0,0,0
49207,-0.15,25,2602,0,0,0,0,0,0,0,0,0
49243,-0.19,-325,2610,0,0,0,0,0,0,0,0,0
49279,-0.26,-568,2767,0,0,0,0,0,0,0,0,0
49315,-0.13,-656,2972,0,0,0,0,0,0,0,0,0
49351,-0.19,-602,3117,0,0,0,0,0,0,0,0,0
49387,-0.14,-460,3186,0,0,0,0,0,0,0,0,0
49423,-0.22,-296,3247,0,0,0,0,0,0,0,0,0
49459,-0.16,-157,3185,0,0,0,0,0,0,0,0,0
49495,-0.19,-74,3125,0,0,0,0,0,0,0,0,0
49531,-0.29,-51,3057,0,0,0,0,0,0,0,0,0
49567,-0.24,-74,3008,0,0,0,0,0,0,0,0,0
49603,-0.24,-119,2992,0,0,0,0,0,0,0,0,0
49639,-0.16,-163,2986,0,0,0,0,0,0,0,0,0
49675,-0.14,-180,3173,0,0,0,0,0,0,0,0,0
49711,-0.21,-143,3351,0,0,0,0,0,0,0,0,0
49747,-0.27,-55,3406,0,0,0,0,0,0,0,0,0
49783,-0.26,41,3312,0,0,0,0,0,0,0,0,0
49819,-0.23,99,3247,0,0,0,0,0,0,0,0,0
49855,-0.21,100,3117,0,0,0,0,0,0,0,0,0
49891,-0.14,49,3011,0,0,0,0,0,0,0,0,0
49927,-0.25,-30,3007,0,0,0,0,0,0,0,0,0
49963,-0.15,-102,3049,0,0,0,0,0,0,0,0,0
49999,-0.21,-145,3017,0,0,0,0,0,0,0,0,0
50035,-0.24,-168,2955,0,0,0,0,0,0,0,0,0
50071,-0.25,-185,2939,0,0,0,0,0,0,0,0,0
50107,-0.21,-201,2891,0,0,0,0,0,0,0,0,0
50143,-0.13,-216,2878,0,0,0,0,0,0,0,0,0
50179,-0.25,-227,2902,0,0,0,0,0,0,0,0,0
50215,-0.16,-224,2947,0,0,0,0,0,0,0,0,0
50251,-0.19,-205,2939,0,0,0,0,0,0,0,0,0
50287,-0.14,-183,2897,0,0,0,0,0,0,0,0,0
50323,-0.15,-169,2909,0,0,0,0,0,0,0,0,0
50359,-0.19,-155,2999,0,0,0,0,0,0,0,0,0
50395,-0.15,-119,3177,0,0,0,0,0,0,0,0,0
50431,-0.21,-47,3257,0,0,0,0,0,0,0,0,0
50467,-0.17,39,3242,0,0,0,0,0,0,0,0,0
50503,-0.22,101,3107,0,0,0,0,0,0,0,0,0
50539,-0.25,106,2975,0,0,0,0,0,0,0,0,0
50575,-0.24,53,2879,0,0,0,0,0,0,0,0,0
50611,-0.21,-32,2812,0,0,0,0,0,0,0,0,0
50647,-0.19,-119,2845,0,0,0,0,0,0,0,0,0
50683,-0.21,-175,2909,0,0,0,0,0,0,0,0,0
50719,-0.13,-191,2892,0,0,0,0,0,0,0,0,0
50755,-0.22,-182,2880,0,0,0,0,0,0,0,0,0
50791,-0.30,-169,2835,0,0,0,0,0,0,0,0,0
50827,-0.27,-163,2805,0,0,0,0,0,0,0,0,0
50863,-0.24,-162,2862,0,0,0,0,0,0,0,0,0
50899,-0.21,-153,2902,0,0,0,0,0,0,0,0,0
50935,-0.22,-129,2969,0,0,0,0,0,0,0,0,0
50971,-0.25,-89,2998,0,0,0,0,0,0,0,0,0
51007,-0.26,-46,2992,0,0,0,0,0,0,0,0,0
51043,-0.10,-15,2960,0,0,0,0,0,0,0,0,0
51079,-0.14,-4,2913,0,0,0,0,0,0,0,0,0
51115,-0.20,-4,3024,0,0,0,0,0,0,0,0,0
51151,-0.24,17,3262,0,0,0,0,0,0,0,0,0
51187,-0.24,94,3472,0,0,0,0,0,0,0,0,0
51223,-0.25,209,3435,0,0,0,0,0,0,0,0,0
51259,-0.12,299,3262,0,0,0,0,0,0,0,0,0
51295,-0.25,312,3091,0,0,0,0,0,0,0,0,0
51331,-0.26,246,2977,0,0,0,0,0,0,0,0,0
51367,-0.17,135,2949,0,0,0,0,0,0,0,0,0
51403,-0.14,33,3053,0,0,0,0,0,0,0,0,0
51439,-0.20,-19,3126,0,0,0,0,0,0,0,0,0
51475,-0.25,-25,3086,0,0,0,0,0,0,0,0,0
51511,-0.22,-9,3093,0,0,0,0,0,0,0,0,0
51547,-0.21,6,3071,0,0,0,0,0,0,0,0,0
51583,-0.23,13,3034,0,0,0,0,0,0,0,0,0
51619,-0.23,12,3089,0,0,0,0,0,0,0,0,0
51655,-0.19,17,3159,0,0,0,0,0,0,0,0,0
51691,-0.18,37,3191,0,0,0,0,0,0,0,0,0
51727,-0.22,66,3194,0,0,0,0,0,0,0,0,0
51763,-0.08,86,3125,0,0,0,0,0,0,0,0,0
51799,-0.26,91,3173,0,0,0,0,0,0,0,0,0
51835,-0.20,102,3373,0,0,0,0,0,0,0,0,0
51871,-0.13,148,3518,0,0,0,0,0,0,0,0,0
51907,-0.19,223,3494,0,0,0,0,0,0,0,0,0
51943,-0.18,283,3376,0,0,0,0,0,0,0,0,0
51979,-0.18,287,3216,0,0,0,0,0,0,0,0,0
52015,-0.23,227,3094,0,0,0,0,0,0,0,0,0
52051,-0.20,132,3157,0,0,0,0,0,0,0,0,0
52087,-0.14,55,3235,0,0,0,0,0,0,0,0,0
52123,-0.20,19,3216,0,0,0,0,0,0,0,0,0
52159,-0.23,9,3179,0,0,0,0,0,0,0,0,0
52195,-0.20,6,3168,0,0,0,0,0,0,0,0,0
52231,-0.27,-1,3122,0,0,0,0,0,0,0,0,0
52267,-0.22,-18,3062,0,0,0,0,0,0,0,0,0
52303,-0.20,-46,3056,0,0,0,0,0,0,0,0,0
52339,-0.21,-67,3137,0,0,0,0,0,0,0,0,0
52375,-0.26,-68,3136,0,0,0,0,0,0,0,0,0
52411,-0.19,-56,3115,0,0,0,0,0,0,0,0,0
52447,-0.24,-42,3152,0,0,0,0,0,0,0,0,0
52483,-0.27,-17,3302,0,0,0,0,0,0,0,0,0
52519,-0.29,41,3547,0,0,0,0,0,0,0,0,0
52555,-0.25,137,3517,0,0,0,0,0,0,0,0,0
52591,-0.23,217,3338,0,0,0,0,0,0,0,0,0
52627,-0.25,233,3236,0,0,0,0,0,0,0,0,0
52663,-0.17,184,3140,0,0,0,0,0,0,0,0,0
52699,-0.21,96,3056,0,0,0,0,0,0,0,0,0
52735,-0.16,-3,3005,0,0,0,0,0,0,0,0,0
52771,-0.18,-86,3088,0,0,0,0,0,0,0,0,0
52807,-0.14,-126,3143,0,0,0,0,0,0,0,0,0
52843,-0.22,-125,3105,0,0,0,0,0,0,0,0,0
52879,-0.12,-115,2998,0,0,0,0,0,0,0,0,0
52915,-0.21,-125,2896,0,0,0,0,0,0,0,0,0
52951,-0.16,-160,2883,0,0,0,0,0,0,0,0,0
52987,-0.20,-197,2937,0,0,0,0,0,0,0,0,0
53023,-0.30,-209,3022,0,0,0,0,0,0,0,0,0
53059,-0.18,-188,3040,0,0,0,0,0,0,0,0,0
53095,-0.25,-152,2995,0,0,0,0,0,0,0,0,0
53131,-0.29,-126,2953,0,0,0,0,0,0,0,0,0
53167,-0.22,-107,3115,0,0,0,0,0,0,0,0,0
53203,-0.19,-61,3328,0,0,0,0,0,0,0,0,0
53239,-0.30,24,3392,0,0,0,0,0,0,0,0,0
53275,-0.31,121,3339,0,0,0,0,0,0,0,0,0
53311,-0.22,182,3231,0,0,0,0,0,0,0,0,0
53347,-0.30,186,3167,0,0,0,0,0,0,0,0,0
53383,-0.21,140,3071,0,0,0,0,0,0,0,0,0
53419,-0.24,68,3047,0,0,0,0,0,0,0,0,0
53455,-0.26,1,3102,0,0,0,0,0,0,0,0,0
53491,-0.27,-36,3151,0,0,0,0,0,0,0,0,0
53527,-0.18,-42,3135,0,0,0,0,0,0,0,0,0
53563,-0.21,-38,3056,0,0,0,0,0,0,0,0,0
53599,-0.23,-47,2975,0,0,0,0,0,0,0,0,0
53635,-0.23,-72,2990,0,0,0,0,0,0,0,0,0
53671,-0.27,-96,3008,0,0,0,0,0,0,0,0,0
53707,-0.20,-110,2993,0,0,0,0,0,0,0,0,0
53743,-0.17,-116,2968,0,0,0,0,0,0,0,0,0
53779,-0.30,-122,2926,0,0,0,0,0,0,0,0,0
53815,-0.22,-134,2896,0,0,0,0,0,0,0,0,0
53851,-0.18,-145,2959,0,0,0,0,0,0,0,0,0
53887,-0.26,-132,3127,0,0,0,0,0,0,0,0,0
53923,-0.23,-65,3440,0,0,0,0,0,0,0,0,0
53959,-0.25,66,3616,0,0,0,0,0,0,0,0,0
53995,-0.21,212,3367,0,0,0,0,0,0,0,0,0
54031,-0.25,280,3133,0,0,0,0,0,0,0,0,0
54067,-0.34,243,3047,0,0,0,0,0,0,0,0,0
54103,-0.22,144,3039,0,0,0,0,0,0,0,0,0
54139,-0.30,44,3095,0,0,0,0,0,0,0,0,0
54175,-0.24,-18,3140,0,0,0,0,0,0,0,0,0
54211,-0.22,-36,3181,0,0,0,0,0,0,0,0,0
54247,-0.24,-23,3173,0,0,0,0,0,0,0,0,0
54283,-0.30,0,3161,0,0,0,0,0,0,0,0,0
54319,-0.17,17,3151,0,0,0,0,0,0,0,0,0
54355,-0.25,22,3107,0,0,0,0,0,0,0,0,0
54391,-0.17,15,3113,0,0,0,0,0,0,0,0,0
54427,-0.17,3,3124,0,0,0,0,0,0,0,0,0
54463,-0.28,-5,3110,0,0,0,0,0,0,0,0,0
54499,-0.15,-16,3066,0,0,0,0,0,0,0,0,0
54535,-0.26,-34,2999,0,0,0,0,0,0,0,0,0
54571,-0.25,-61,2976,0,0,0,0,0,0,0,0,0
54607,-0.22,-91,2986,0,0,0,0,0,0,0,0,0
54643,-0.25,-112,2986,0,0,0,0,0,0,0,0,0
54679,-0.28,-107,3202,0,0,0,0,0,0,0,0,0
54715,-0.22,-54,3329,0,0,0,0,0,0,0,0,0
54751,-0.23,28,3251,0,0,0,0,0,0,0,0,0
54787,-0.22,92,3177,0,0,0,0,0,0,0,0,0
54823,-0.27,107,3104,0,0,0,0,0,0,0,0,0
54859,-0.20,82,3088,0,0,0,0,0,0,0,0,0
54895,-0.21,43,3131,0,0,0,0,0,0,0,0,0
54931,-0.32,18,3184,0,0,0,0,0,0,0,0,0
54967,-0.22,18,3248,0,0,0,0,0,0,0,0,0
55003,-0.28,35,3179,0,0,0,0,0,0,0,0,0
55039,-0.26,39,3027,0,0,0,0,0,0,0,0,0
55075,-0.22,6,2928,0,0,0,0,0,0,0,0,0
55111,-0.19,-56,2907,0,0,0,0,0,0,0,0,0
55147,-0.24,-119,2911,0,0,0,0,0,0,0,0,0
55183,-0.25,-163,2938,0,0,0,0,0,0,0,0,0
55219,-0.22,-180,2915,0,0,0,0,0,0,0,0,0
55255,-0.23,-179,2947,0,0,0,0,0,0,0,0,0
55291,-0.25,-159,3029,0,0,0,0,0,0,0,0,0
55327,-0.24,-125,3010,0,0,0,0,0,0,0,0,0
55363,-0.27,-91,2981,0,0,0,0,0,0,0,0,0
55399,-0.19,-70,3011,0,0,0,0,0,0,0,0,0
55435,-0.25,-43,3191,0,0,0,0,0,0,0,0,0
55471,-0.31,9,3284,0,0,0,0,0,0,0,0,0
55507,-0.18,77,3242,0,0,0,0,0,0,0,0,0
55543,-0.26,121,3091,0,0,0,0,0,0,0,0,0
55579,-0.18,115,3025,0,0,0,0,0,0,0,0,0
55615,-0.20,67,2992,0,0,0,0,0,0,0,0,0
55651,-0.23,5,2951,0,0,0,0,0,0,0,0,0
55687,-0.19,-48,2995,0,0,0,0,0,0,0,0,0
55723,-0.24,-75,3050,0,0,0,0,0,0,0,0,0
55759,-0.27,-74,3047,0,0,0,0,0,0,0,0,0
55795,-0.18,-59,3023,0,0,0,0,0,0,0,0,0
55831,-0.16,-50,2970,0,0,0,0,0,0,0,0,0
55867,-0.26,-54,2946,0,0,0,0,0,0,0,0,0
55903,-0.15,-66,2970,0,0,0,0,0,0,0,0,0
55939,-0.25,-70,3046,0,0,0,0,0,0,0,0,0
55975,-0.25,-55,3085,0,0,0,0,0,0,0,0,0
56011,-0.21,-24,3101,0,0,0,0,0,0,0,0,0
56047,-0.25,6,3071,0,0,0,0,0,0,0,0,0
56083,-0.25,28,3123,0,0,0,0,0,0,0,0,0
56119,-0.21,53,3242,0,0,0,0,0,0,0,0,0
56155,-0.22,95,3328,0,0,0,0,0,0,0,0,0
56191,-0.20,147,3307,0,0,0,0,0,0,0,0,0
56227,-0.23,182,3211,0,0,0,0,0,0,0,0,0
56263,-0.28,180,3137,0,0,0,0,0,0,0,0,0
56299,-0.21,142,3092,0,0,0,0,0,0,0,0,0
56335,-0.22,90,3119,0,0,0,0,0,0,0,0,0
56371,-0.27,47,3151,0,0,0,0,0,0,0,0,0
56407,-0.24,27,3158,0,0,0,0,0,0,0,0,0
56443,-0.26,19,3114,0,0,0,0,0,0,0,0,0
56479,-0.23,11,3087,0,0,0,0,0,0,0,0,0
56515,-0.17,1,3098,0,0,0,0,0,0,0,0,0
56551,-0.24,-7,3067,0,0,0,0,0,0,0,0,0
56587,-0.23,-21,3017,0,0,0,0,0,0,0,0,0
56623,-0.19,-38,3041,0,0,0,0,0,0,0,0,0
56659,-0.18,-49,3091,0,0,0,0,0,0,0,0,0
56695,-0.19,-46,3088,0,0,0,0,0,0,0,0,0
56731,-0.22,-34,3071,0,0,0,0,0,0,0,0,0
56767,-0.25,-17,3173,0,0,0,0,0,0,0,0,0
56803,-0.21,19,3344,0,0,0,0,0,0,0,0,0
56839,-0.15,82,3367,0,0,0,0,0,0,0,0,0
56875,-0.21,141,3216,0,0,0,0,0,0,0,0,0
56911,-0.23,151,3083,0,0,0,0,0,0,0,0,0
56947,-0.12,107,3046,0,0,0,0,0,0,0,0,0
56983,-0.23,36,3007,0,0,0,0,0,0,0,0,0
57019,-0.17,-26,3089,0,0,0,0,0,0,0,0,0
57055,-0.17,-53,3175,0,0,0,0,0,0,0,0,0
57091,-0.12,-43,3137,0,0,0,0,0,0,0,0,0
57127,-0.19,-33,2930,0,0,0,0,0,0,0,0,0
57163,-0.19,-65,2779,0,0,0,0,0,0,0,0,0
57199,-0.20,-131,2841,0,0,0,0,0,0,0,0,0
57235,-0.13,-193,2828,0,0,0,0,0,0,0,0,0
57271,-0.31,-234,2761,0,0,0,0,0,0,0,0,0
57307,-0.18,-265,2699,0,0,0,0,0,0,0,0,0
57343,-0.19,-292,2703,0,0,0,0,0,0,0,0,0
57379,-0.25,-313,2629,0,0,0,0,0,0,0,0,0
57415,-0.13,-341,2465,0,0,0,0,0,0,0,0,0
57451,-0.19,-383,2485,0,0,0,0,0,0,0,0,0
57487,-0.20,-402,2751,0,0,0,0,0,0,0,0,0
57523,-0.18,-349,2982,0,0,0,0,0,0,0,0,0
57559,-0.18,-230,2981,0,0,0,0,0,0,0,0,0
57595,-0.21,-101,2966,0,0,0,0,0,0,0,0,0
57631,-0.19,-1,3058,0,0,0,0,0,0,0,0,0
57667,-0.24,69,3045,0,0,0,0,0,0,0,0,0
57703,-0.21,102,2916,0,0,0,0,0,0,0,0,0
57739,-0.24,86,2796,0,0,0,0,0,0,0,0,0
57775,-0.22,29,2814,0,0,0,0,0,0,0,0,0
57811,-0.26,-26,2906,0,0,0,0,0,0,0,0,0
57847,-0.24,-50,2931,0,0,0,0,0,0,0,0,0
57883,-0.26,-49,2879,0,0,0,0,0,0,0,0,0
57919,-0.19,-40,2903,0,0,0,0,0,0,0,0,0
57955,-0.28,-26,2960,0,0,0,0,0,0,0,0,0
57991,-0.21,-4,2990,0,0,0,0,0,0,0,0,0
58027,-0.27,30,3124,0,0,0,0,0,0,0,0,0
58063,-0.24,94,3354,0,0,0,0,0,0,0,0,0
58099,-0.30,195,3455,0,0,0,0,0,0,0,0,0
58135,-0.14,304,3433,0,0,0,0,0,0,0,0,0
58171,-0.18,381,3376,0,0,0,0,0,0,0,0,0
58207,-0.19,406,3358,0,0,0,0,0,0,0,0,0
58243,-0.18,394,3399,0,0,0,0,0,0,0,0,0
58279,-0.26,373,3455,0,0,0,0,0,0,0,0,0
58315,-0.26,352,3347,0,0,0,0,0,0,0,0,0
58351,-0.20,308,3171,0,0,0,0,0,0,0,0,0
58387,-0.18,236,3216,0,0,0,0,0,0,0,0,0
58423,-0.31,192,3650,0,0,0,0,0,0,0,0,0
58459,-0.23,206,3321,0,0,0,0,0,0,0,0,0
58495,-0.30,185,2771,0,0,0,0,0,0,0,0,0
58531,-0.30,55,2666,0,0,0,0,0,0,0,0,0
58567,-0.22,-119,2832,0,0,0,0,0,0,0,0,0
58603,-0.22,-225,3123,0,0,0,0,0,0,0,0,0
58639,-0.28,-215,3217,0,0,0,0,0,0,0,0,0
58675,-0.26,-137,3105,0,0,0,0,0,0,0,0,0
58711,-0.26,-62,3063,0,0,0,0,0,0,0,0,0
58747,-0.20,-18,3138,0,0,0,0,0,0,0,0,0
58783,-0.14,9,3142,0,0,0,0,0,0,0,0,0
58819,-0.25,21,3059,0,0,0,0,0,0,0,0,0
58855,-0.16,19,3161,0,0,0,0,0,0,0,0,0
58891,-0.19,32,3358,0,0,0,0,0,0,0,0,0
58927,-0.36,82,3369,0,0,0,0,0,0,0,0,0
58963,-0.23,140,3312,0,0,0,0,0,0,0,0,0
58999,-0.27,174,3290,0,0,0,0,0,0,0,0,0
59035,-0.19,182,3344,0,0,0,0,0,0,0,0,0
59071,-0.25,184,3399,0,0,0,0,0,0,0,0,0
59107,-0.21,190,3387,0,0,0,0,0,0,0,0,0
59143,-0.25,187,3248,0,0,0,0,0,0,0,0,0
59179,-0.25,150,3110,0,0,0,0,0,0,0,0,0
59215,-0.22,70,2960,0,0,0,0,0,0,0,0,0
59251,-0.21,-36,2897,0,0,0,0,0,0,0,0,0
59287,-0.18,-143,2864,0,0,0,0,0,0,0,0,0
59323,-0.19,-219,2941,0,0,0,0,0,0,0,0,0
59359,-0.22,-243,3047,0,0,0,0,0,0,0,0,0
59395,-0.22,-212,3129,0,0,0,0,0,0,0,0,0
59431,-0.17,-137,3269,0,0,0,0,0,0,0,0,0
59467,-0.22,-24,3535,0,0,0,0,0,0,0,0,0
59503,-0.25,124,3678,0,0,0,0,0,0,0,0,0
59539,-0.14,280,3717,0,0,0,0,0,0,0,0,0
59575,-0.30,405,3714,0,0,0,0,0,0,0,0,0
59611,-0.22,485,3835,0,0,0,0,0,0,0,0,0
59647,-0.21,548,4095,0,0,0,0,0,0,0,0,0
59683,-0.18,618,4095,0,0,0,0,0,0,0,0,0
59719,-0.25,678,4095,0,0,0,0,0,0,0,0,0
59755,-0.21,705,4095,0,0,0,0,0,0,0,0,0
59791,-0.20,701,4095,0,0,0,0,0,0,0,0,0
59827,-0.18,673,4095,0,0,0,0,0,0,0,0,0
59863,-0.19,634,4095,0,0,0,0,0,0,0,0,0
59899,-0.19,591,4095,0,0,0,0,0,0,0,0,0
59935,-0.25,549,4095,0,0,0,0,0,0,0,0,0
59971,-0.15,511,4095,0,0,0,0,0,0,0,0,0
60007,-0.15,477,4095,0,0,0,0,0,0,0,0,0
60043,-0.17,446,4095,0,0,0,0,0,0,0,0,0
60079,-0.17,365,3277,0,0,0,0,0,0,0,0,0
60115,-0.18,176,3295,0,0,0,0,0,0,0,0,0
60151,-0.25,-38,3542,0,0,0,0,0,0,0,0,0
60187,-0.21,-131,4095,0,0,0,0,0,0,0,0,0
60223,-0.24,-59,4095,0,0,0,0,0,0,0,0,0
60259,-0.23,94,4095,0,0,0,0,0,0,0,0,0
60295,-0.20,221,3911,0,0,0,0,0,0,0,0,0
60331,-0.17,274,3907,0,0,0,0,0,0,0,0,0
60367,-0.23,278,4095,0,0,0,0,0,0,0,0,0
60403,-0.22,258,3748,0,0,0,0,0,0,0,0,0
60439,-0.19,154,3065,0,0,0,0,0,0,0,0,0
60475,-0.27,-87,2714,0,0,0,0,0,0,0,0,0
60511,-0.27,-393,2880,0,0,0,0,0,0,0,0,0
60547,-0.24,-642,2699,0,0,0,0,0,0,0,0,0
60583,-0.23,-951,395,0,0,0,0,0,0,0,0,0
60619,-0.25,-1516,0,0,0,0,0,0,0,0,0,0
60655,-0.30,-2196,0,0,0,0,0,0,0,0,0,0
60691,-0.19,-2714,0,0,0,0,0,0,0,0,0,0
60727,-0.18,-2974,0,0,0,0,0,0,0,0,0,0
60763,-0.27,-3011,0,0,0,0,0,0,0,0,0,0
60799,-0.24,-2901,0,0,0,0,0,0,0,0,0,0
60835,-0.12,-2718,0,0,0,0,0,0,0,0,0,0
60871,-0.19,-2515,0,0,0,0,0,0,0,0,0,0
60907,-0.17,-2322,0,0,0,0,0,0,0,0,0,0
60943,-0.22,-2150,0,0,0,0,0,0,0,0,0,0
60979,-0.15,-2001,0,0,0,0,0,0,0,0,0,0
61015,-0.21,-1870,0,0,0,0,0,0,0,0,0,0
61051,-0.23,-1755,0,0,0,0,0,0,0,0,0,0
61087,-0.20,-1649,0,0,0,0,0,0,0,0,0,0
61123,-0.08,-1551,0,0,0,0,0,0,0,0,0,0
61159,-0.23,-1458,0,0,0,0,0,0,0,0,0,0
61195,-0.20,-1371,0,0,0,0,0,0,0,0,0,0
61231,-0.17,-1288,0,0,0,0,0,0,0,0,0,0
61267,-0.22,-1210,0,0,0,0,0,0,0,0,0,0
61303,-0.17,-1136,0,0,0,0,0,0,0,0,0,0
61339,-0.20,-1067,0,0,0,0,0,0,0,0,0,0
61375,-0.25,-1002,0,0,0,0,0,0,0,0,0,0
61411,-0.20,-941,0,0,0,0,0,0,0,0,0,0
61447,-0.26,-883,0,0,0,0,0,0,0,0,0,0
61483,-0.22,-829,0,0,0,0,0,0,0,0,0,0
61519,-0.21,-779,0,0,0,0,0,0,0,0,0,0
61555,-0.19,-731,0,0,0,0,0,0,0,0,0,0
61591,-0.18,-687,0,0,0,0,0,0,0,0,0,0
61627,-0.18,-645,0,0,0,0,0,0,0,0,0,0
61663,-0.19,-606,0,0,0,0,0,0,0,0,0,0
61699,-0.18,-569,0,0,0,0,0,0,0,0,0,0
61735,-0.22,-534,0,0,0,0,0,0,0,0,0,0
61771,-0.23,-501,0,0,0,0,0,0,0,0,0,0
61807,-0.25,-471,0,0,0,0,0,0,0,0,0,0
61843,-0.15,-442,0,0,0,0,0,0,0,0,0,0
61879,-0.26,-415,0,0,0,0,0,0,0,0,0,0
61915,-0.26,-390,0,0,0,0,0,0,0,0,0,0
61951,-0.29,-366,0,0,0,0,0,0,0,0,0,0
61987,-0.21,-344,0,0,0,0,0,0,0,0,0,0
62023,-0.24,-323,0,0,0,0,0,0,0,0,0,0
62059,-0.20,-303,0,0,0,0,0,0,0,0,0,0
62095,-0.18,-285,0,0,0,0,0,0,0,0,0,0
62131,-0.17,-267,0,0,0,0,0,0,0,0,0,0
62167,-0.26,-251,0,0,0,0,0,0,0,0,0,0
62203,-0.20,-236,0,0,0,0,0,0,0,0,0,0
62239,-0.18,-221,0,0,0,0,0,0,0,0,0,0
62275,-0.30,-10,3087,0,0,0,0,0,0,0,0,0
62311,-0.26,682,4095,0,0,0,0,0,0,0,0,0
62347,-0.17,1687,4095,0,0,0,0,0,0,0,0,0
62383,-0.19,2566,4095,0,0,0,0,0,0,0,0,0
62419,-0.23,3099,4095,0,0,0,0,0,0,0,0,0
62455,-0.27,3293,4095,0,0,0,0,0,0,0,0,0
62491,-0.35,3245,4095,0,0,0,0,0,0,0,0,0
62527,-0.26,3064,4095,0,0,0,0,0,0,0,0,0
62563,-0.26,2834,4095,0,0,0,0,0,0,0,0,0
62599,-0.19,2604,4095,0,0,0,0,0,0,0,0,0
62635,-0.24,2398,4095,0,0,0,0,0,0,0,0,0
62671,-0.22,2222,4095,0,0,0,0,0,0,0,0,0
62707,-0.26,2071,4095,0,0,0,0,0,0,0,0,0
62743,-0.22,1940,4095,0,0,0,0,0,0,0,0,0
62779,-0.20,1823,4095,0,0,0,0,0,0,0,0,0
62815,-0.18,1715,4095,0,0,0,0,0,0,0,0,0
62851,-0.24,1613,4095,0,0,0,0,0,0,0,0,0
62887,-0.27,1517,4095,0,0,0,0,0,0,0,0,0
62923,-0.27,1426,4095,0,0,0,0,0,0,0,0,0
62959,-0.27,1340,4095,0,0,0,0,0,0,0,0,0
62995,-0.18,1203,3231,0,0,0,0,0,0,0,0,0
63031,-0.22,1011,4095,0,0,0,0,0,0,0,0,0
63067,-0.24,891,4095,0,0,0,0,0,0,0,0,0
63103,-0.23,876,4095,0,0,0,0,0,0,0,0,0
63139,-0.19,890,4095,0,0,0,0,0,0,0,0,0
63175,-0.28,898,4095,0,0,0,0,0,0,0,0,0
63211,-0.23,886,4095,0,0,0,0,0,0,0,0,0
63247,-0.23,855,4095,0,0,0,0,0,0,0,0,0
63283,-0.22,811,4095,0,0,0,0,0,0,0,0,0
63319,-0.24,763,4095,0,0,0,0,0,0,0,0,0
63355,-0.24,713,4095,0,0,0,0,0,0,0,0,0
63391,-0.27,666,4095,0,0,0,0,0,0,0,0,0
63427,-0.26,622,4095,0,0,0,0,0,0,0,0,0
63463,-0.22,583,4095,0,0,0,0,0,0,0,0,0
63499,-0.34,546,4095,0,0,0,0,0,0,0,0,0
63535,-0.23,513,4095,0,0,0,0,0,0,0,0,0
63571,-0.21,481,4095,0,0,0,0,0,0,0,0,0
63607,-0.25,452,4095,0,0,0,0,0,0,0,0,0
63643,-0.29,425,4095,0,0,0,0,0,0,0,0,0
63679,-0.27,399,4095,0,0,0,0,0,0,0,0,0
63715,-0.14,375,4095,0,0,0,0,0,0,0,0,0
63751,-0.27,352,4095,0,0,0,0,0,0,0,0,0
63787,-0.19,331,4095,0,0,0,0,0,0,0,0,0
63823,-0.24,310,4095,0,0,0,0,0,0,0,0,0
63859,-0.19,291,4095,0,0,0,0,0,0,0,0,0
63895,-0.31,274,4095,0,0,0,0,0,0,0,0,0
63931,-0.24,257,4095,0,0,0,0,0,0,0,0,0
63967,-0.27,241,4095,0,0,0,0,0,0,0,0,0
64003,-0.30,227,4095,0,0,0,0,0,0,0,0,0
64039,-0.27,213,4095,0,0,0,0,0,0,0,0,0
64075,-0.24,200,4095,0,0,0,0,0,0,0,0,0
64111,-0.30,188,4095,0,0,0,0,0,0,0,0,0
64147,-0.28,176,4095,0,0,0,0,0,0,0,0,0
64183,-0.20,165,4095,0,0,0,0,0,0,0,0,0
64219,-0.33,155,4095,0,0,0,0,0,0,0,0,0
64255,-0.24,146,4095,0,0,0,0,0,0,0,0,0
64291,-0.20,137,4095,0,0,0,0,0,0,0,0,0
64327,-0.16,128,4095,0,0,0,0,0,0,0,0,0
64363,-0.22,121,4095,0,0,0,0,0,0,0,0,0
64399,-0.23,113,4095,0,0,0,0,0,0,0,0,0
64435,-0.18,106,4095,0,0,0,0,0,0,0,0,0
64471,-0.24,100,4095,0,0,0,0,0,0,0,0,0
64507,-0.26,94,4095,0,0,0,0,0,0,0,0,0
64543,-0.25,88,4095,0,0,0,0,0,0,0,0,0
64579,-0.19,83,4095,0,0,0,0,0,0,0,0,0
64615,-0.25,78,4095,0,0,0,0,0,0,0,0,0
64651,-0.23,73,4095,0,0,0,0,0,0,0,0,0
64687,-0.25,68,4095,0,0,0,0,0,0,0,0,0
64723,-0.12,64,4095,0,0,0,0,0,0,0,0,0
64759,-0.25,60,4095,0,0,0,0,0,0,0,0,0
64795,-0.23,56,4095,0,0,0,0,0,0,0,0,0
64831,-0.25,53,4095,0,0,0,0,0,0,0,0,0
64867,-0.31,50,4095,0,0,0,0,0,0,0,0,0
64903,-0.23,47,4095,0,0,0,0,0,0,0,0,0
64939,-0.26,44,4095,0,0,0,0,0,0,0,0,0
64975,-0.20,41,4095,0,0,0,0,0,0,0,0,0
65011,-0.15,39,4095,0,0,0,0,0,0,0,0,0
65047,-0.26,36,4095,0,0,0,0,0,0,0,0,0
65083,-0.23,34,4095,0,0,0,0,0,0,0,0,0
65119,-0.30,32,4095,0,0,0,0,0,0,0,0,0
65155,-0.23,30,4095,0,0,0,0,0,0,0,0,0
65191,-0.20,28,4095,0,0,0,0,0,0,0,0,0
65227,-0.26,26,4095,0,0,0,0,0,0,0,0,0
65263,-0.27,25,4095,0,0,0,0,0,0,0,0,0
65299,-0.18,23,4095,0,0,0,0,0,0,0,0,0
65335,-0.23,22,4095,0,0,0,0,0,0,0,0,0
65371,-0.21,20,4095,0,0,0,0,0,0,0,0,0
65407,-0.17,19,4095,0,0,0,0,0,0,0,0,0
65443,-0.23,18,4095,0,0,0,0,0,0,0,0,0
65479,-0.18,17,4095,0,0,0,0,0,0,0,0,0
65515,-0.21,16,4095,0,0,0,0,0,0,0,0,0
65551,-0.25,15,4095,0,0,0,0,0,0,0,0,0
65587,-0.24,14,4095,0,0,0,0,0,0,0,0,0
65623,-0.19,13,4095,0,0,0,0,0,0,0,0,0
65659,-0.17,12,4095,0,0,0,0,0,0,0,0,0
65695,-0.28,11,4095,0,0,0,0,0,0,0,0,0
65731,-0.29,11,4095,0,0,0,0,0,0,0,0,0
65767,-0.22,10,4095,0,0,0,0,0,0,0,0,0
65803,-0.21,9,4095,0,0,0,0,0,0,0,0,0
65839,-0.27,9,4095,0,0,0,0,0,0,0,0,0
65875,-0.21,8,4095,0,0,0,0,0,0,0,0,0
65911,-0.23,8,4095,0,0,0,0,0,0,0,0,0
65947,-0.19,7,4095,0,0,0,0,0,0,0,0,0
65983,-0.20,7,4095,0,0,0,0,0,0,0,0,0
66019,-0.21,6,4095,0,0,0,0,0,0,0,0,0
66055,-0.32,6,4095,0,0,0,0,0,0,0,0,0
66091,-0.13,5,4095,0,0,0,0,0,0,0,0,0
66127,-0.26,2,4030,0,0,0,0,0,0,0,0,0
66163,-0.12,-4,4095,0,0,0,0,0,0,0,0,0
66199,-0.22,-7,4095,0,0,0,0,0,0,0,0,0
66235,-0.20,-4,4095,0,0,0,0,0,0,0,0,0
66271,-0.18,0,4095,0,0,0,0,0,0,0,0,0
66307,-0.17,-47,3328,0,0,0,0,0,0,0,0,0
66343,-0.18,-238,2729,0,0,0,0,0,0,0,0,0
66379,-0.15,-562,2610,0,0,0,0,0,0,0,0,0
66415,-0.23,-884,2699,0,0,0,0,0,0,0,0,0
66451,-0.28,-1084,2851,0,0,0,0,0,0,0,0,0
66487,-0.23,-1125,2997,0,0,0,0,0,0,0,0,0
66523,-0.24,-1053,2897,0,0,0,0,0,0,0,0,0
66559,-0.18,-946,2838,0,0,0,0,0,0,0,0,0
66595,-0.22,-845,3005,0,0,0,0,0,0,0,0,0
66631,-0.20,-739,3082,0,0,0,0,0,0,0,0,0
66667,-0.19,-629,3054,0,0,0,0,0,0,0,0,0
66703,-0.22,-595,2187,0,0,0,0,0,0,0,0,0
66739,-0.15,-752,1472,0,0,0,0,0,0,0,0,0
66775,-0.19,-1001,2619,0,0,0,0,0,0,0,0,0
66811,-0.22,-998,4095,0,0,0,0,0,0,0,0,0
66847,-0.30,-617,4034,0,0,0,0,0,0,0,0,0
66883,-0.18,-221,2182,0,0,0,0,0,0,0,0,0
66919,-0.25,-52,4095,0,0,0,0,0,0,0,0,0
66955,-0.23,108,4095,0,0,0,0,0,0,0,0,0
66991,-0.22,278,3027,0,0,0,0,0,0,0,0,0
67027,-0.23,65,0,0,0,0,0,0,0,0,0,0
67063,-0.25,-706,0,0,0,0,0,0,0,0,0,0
67099,-0.22,-1395,4095,0,0,0,0,0,0,0,0,0
67135,-0.16,-1294,4095,0,0,0,0,0,0,0,0,0
67171,-0.20,-627,4095,0,0,0,0,0,0,0,0,0
67207,-0.30,76,4095,0,0,0,0,0,0,0,0,0
67243,-0.26,590,4095,0,0,0,0,0,0,0,0,0
67279,-0.31,872,4095,0,0,0,0,0,0,0,0,0
67315,-0.21,967,4095,0,0,0,0,0,0,0,0,0
67351,-0.25,948,4095,0,0,0,0,0,0,0,0,0
67387,-0.22,873,4095,0,0,0,0,0,0,0,0,0
67423,-0.20,785,4095,0,0,0,0,0,0,0,0,0
67459,-0.16,704,4095,0,0,0,0,0,0,0,0,0
67495,-0.21,637,4095,0,0,0,0,0,0,0,0,0
67531,-0.27,585,4095,0,0,0,0,0,0,0,0,0
67567,-0.19,544,4095,0,0,0,0,0,0,0,0,0
67603,-0.19,510,4095,0,0,0,0,0,0,0,0,0
67639,-0.32,480,4095,0,0,0,0,0,0,0,0,0
67675,-0.22,453,4095,0,0,0,0,0,0,0,0,0
67711,-0.22,427,4095,0,0,0,0,0,0,0,0,0
67747,-0.23,402,4095,0,0,0,0,0,0,0,0,0
67783,-0.25,378,4095,0,0,0,0,0,0,0,0,0
67819,-0.29,355,4095,0,0,0,0,0,0,0,0,0
67855,-0.29,334,4095,0,0,0,0,0,0,0,0,0
67891,-0.18,313,4095,0,0,0,0,0,0,0,0,0
67927,-0.19,294,4095,0,0,0,0,0,0,0,0,0
67963,-0.22,276,4095,0,0,0,0,0,0,0,0,0
67999,-0.27,259,4095,0,0,0,0,0,0,0,0,0
68035,-0.24,243,4095,0,0,0,0,0,0,0,0,0
68071,-0.20,228,4095,0,0,0,0,0,0,0,0,0
68107,-0.21,214,4095,0,0,0,0,0,0,0,0,0
68143,-0.21,201,4095,0,0,0,0,0,0,0,0,0
68179,-0.19,189,4095,0,0,0,0,0,0,0,0,0
68215,-0.17,178,4095,0,0,0,0,0,0,0,0,0
68251,-0.20,167,4095,0,0,0,0,0,0,0,0,0
68287,-0.23,156,4095,0,0,0,0,0,0,0,0,0
68323,-0.19,147,4095,0,0,0,0,0,0,0,0,0
68359,-0.26,138,4095,0,0,0,0,0,0,0,0,0
68395,-0.22,130,4095,0,0,0,0,0,0,0,0,0
68431,-0.23,122,4095,0,0,0,0,0,0,0,0,0
68467,-0.18,114,4095,0,0,0,0,0,0,0,0,0
68503,-0.27,107,4095,0,0,0,0,0,0,0,0,0
68539,-0.28,101,4095,0,0,0,0,0,0,0,0,0
68575,-0.24,94,4095,0,0,0,0,0,0,0,0,0
68611,-0.23,89,4095,0,0,0,0,0,0,0,0,0
68647,-0.19,83,4095,0,0,0,0,0,0,0,0,0
68683,-0.18,78,4095,0,0,0,0,0,0,0,0,0
68719,-0.14,73,4095,0,0,0,0,0,0,0,0,0
68755,-0.26,69,4095,0,0,0,0,0,0,0,0,0
68791,-0.24,65,4095,0,0,0,0,0,0,0,0,0
68827,-0.32,61,4095,0,0,0,0,0,0,0,0,0
68863,-0.25,57,4095,0,0,0,0,0,0,0,0,0
68899,-0.21,53,4095,0,0,0,0,0,0,0,0,0
68935,-0.17,50,4095,0,0,0,0,0,0,0,0,0
68971,-0.23,47,4095,0,0,0,0,0,0,0,0,0
69007,-0.28,44,4095,0,0,0,0,0,0,0,0,0
69043,-0.19,41,4095,0,0,0,0,0,0,0,0,0
69079,-0.14,39,4095,0,0,0,0,0,0,0,0,0
69115,-0.14,-230,0,0,0,0,0,0,0,0,0,0
69151,-0.16,-1058,0,0,0,0,0,0,0,0,0,0
69187,-0.17,-2113,0,0,0,0,0,0,0,0,0,0
69223,-0.18,-2917,0,0,0,0,0,0,0,0,0,0
69259,-0.24,-3343,0,0,0,0,0,0,0,0,0,0
69295,-0.20,-3444,0,0,0,0,0,0,0,0,0,0
69331,-0.25,-3333,0,0,0,0,0,0,0,0,0,0
69367,-0.19,-3118,0,0,0,0,0,0,0,0,0,0
69403,-0.23,-2873,0,0,0,0,0,0,0,0,0,0
69439,-0.24,-2640,0,0,0,0,0,0,0,0,0,0
69475,-0.22,-2436,0,0,0,0,0,0,0,0,0,0
69511,-0.22,-2262,0,0,0,0,0,0,0,0,0,0
69547,-0.20,-2113,0,0,0,0,0,0,0,0,0,0
69583,-0.26,-1981,0,0,0,0,0,0,0,0,0,0
69619,-0.23,-1863,0,0,0,0,0,0,0,0,0,0
69655,-0.15,-1752,0,0,0,0,0,0,0,0,0,0
69691,-0.19,-1648,0,0,0,0,0,0,0,0,0,0
69727,-0.12,-1550,0,0,0,0,0,0,0,0,0,0
69763,-0.21,-1457,0,0,0,0,0,0,0,0,0,0
69799,-0.15,-1368,0,0,0,0,0,0,0,0,0,0
69835,-0.18,-1285,0,0,0,0,0,0,0,0,0,0
69871,-0.22,-1206,0,0,0,0,0,0,0,0,0,0
69907,-0.21,-1133,0,0,0,0,0,0,0,0,0,0
69943,-0.23,-1064,0,0,0,0,0,0,0,0,0,0
69979,-0.21,-999,0,0,0,0,0,0,0,0,0,0
70015,-0.26,-938,0,0,0,0,0,0,0,0,0,0
70051,-0.24,-881,0,0,0,0,0,0,0,0,0,0
70087,-0.20,-827,0,0,0,0,0,0,0,0,0,0
70123,-0.21,-777,0,0,0,0,0,0,0,0,0,0
70159,-0.24,-729,0,0,0,0,0,0,0,0,0,0
70195,-0.22,-685,0,0,0,0,0,0,0,0,0,0
70231,-0.20,-643,0,0,0,0,0,0,0,0,0,0
70267,-0.15,-604,0,0,0,0,0,0,0,0,0,0
70303,-0.15,-567,0,0,0,0,0,0,0,0,0,0
70339,-0.18,-533,0,0,0,0,0,0,0,0,0,0
70375,-0.31,-500,0,0,0,0,0,0,0,0,0,0
70411,-0.20,-470,0,0,0,0,0,0,0,0,0,0
70447,-0.25,-441,0,0,0,0,0,0,0,0,0,0
70483,-0.35,-414,0,0,0,0,0,0,0,0,0,0
70519,-0.21,-389,0,0,0,0,0,0,0,0,0,0
70555,-0.24,-365,0,0,0,0,0,0,0,0,0,0
70591,-0.24,-343,0,0,0,0,0,0,0,0,0,0
70627,-0.25,-322,0,0,0,0,0,0,0,0,0,0
70663,-0.17,-302,0,0,0,0,0,0,0,0,0,0
70699,-0.10,-284,0,0,0,0,0,0,0,0,0,0
70735,-0.23,-267,0,0,0,0,0,0,0,0,0,0
70771,-0.19,-250,0,0,0,0,0,0,0,0,0,0
70807,-0.18,-235,0,0,0,0,0,0,0,0,0,0
70843,-0.26,-221,0,0,0,0,0,0,0,0,0,0
70879,-0.18,-207,0,0,0,0,0,0,0,0,0,0
70915,-0.19,-195,0,0,0,0,0,0,0,0,0,0
70951,-0.27,-183,0,0,0,0,0,0,0,0,0,0
70987,-0.28,-172,0,0,0,0,0,0,0,0,0,0
71023,-0.25,-161,0,0,0,0,0,0,0,0,0,0
71059,-0.20,-151,0,0,0,0,0,0,0,0,0,0
71095,-0.19,-142,0,0,0,0,0,0,0,0,0,0
71131,-0.26,-133,0,0,0,0,0,0,0,0,0,0
71167,-0.18,-125,0,0,0,0,0,0,0,0,0,0
71203,-0.24,-117,0,0,0,0,0,0,0,0,0,0
71239,-0.19,-110,0,0,0,0,0,0,0,0,0,0
71275,-0.20,-104,0,0,0,0,0,0,0,0,0,0
71311,-0.23,-97,0,0,0,0,0,0,0,0,0,0
71347,-0.22,-91,0,0,0,0,0,0,0,0,0,0
71383,-0.24,-86,0,0,0,0,0,0,0,0,0,0
71419,-0.24,-80,0,0,0,0,0,0,0,0,0,0
71455,-0.11,-76,0,0,0,0,0,0,0,0,0,0
71491,-0.23,-71,0,0,0,0,0,0,0,0,0,0
71527,-0.14,-67,0,0,0,0,0,0,0,0,0,0
71563,-0.17,-62,0,0,0,0,0,0,0,0,0,0
71599,-0.25,-59,0,0,0,0,0,0,0,0,0,0
71635,-0.19,-55,0,0,0,0,0,0,0,0,0,0
71671,-0.21,-52,0,0,0,0,0,0,0,0,0,0
71707,-0.21,-48,0,0,0,0,0,0,0,0,0,0
71743,-0.23,-45,0,0,0,0,0,0,0,0,0,0
71779,-0.17,-43,0,0,0,0,0,0,0,0,0,0
71815,-0.19,-40,0,0,0,0,0,0,0,0,0,0
71851,-0.20,-38,0,0,0,0,0,0,0,0,0,0
71887,-0.22,-35,0,0,0,0,0,0,0,0,0,0
71923,-0.18,-33,0,0,0,0,0,0,0,0,0,0
71959,-0.21,-31,0,0,0,0,0,0,0,0,0,0
71995,-0.28,-29,0,0,0,0,0,0,0,0,0,0
72031,-0.17,-27,0,0,0,0,0,0,0,0,0,0
72067,-0.20,-26,0,0,0,0,0,0,0,0,0,0
72103,-0.13,-24,0,0,0,0,0,0,0,0,0,0
72139,-0.24,-23,0,0,0,0,0,0,0,0,0,0
72175,-0.20,-21,0,0,0,0,0,0,0,0,0,0
72211,-0.20,-20,0,0,0,0,0,0,0,0,0,0
72247,-0.21,-19,0,0,0,0,0,0,0,0,0,0
72283,-0.18,-17,0,0,0,0,0,0,0,0,0,0
72319,-0.12,-16,0,0,0,0,0,0,0,0,0,0
72355,-0.24,-15,0,0,0,0,0,0,0,0,0,0
72391,-0.27,-14,0,0,0,0,0,0,0,0,0,0
72427,-0.11,-13,0,0,0,0,0,0,0,0,0,0
72463,-0.26,-13,0,0,0,0,0,0,0,0,0,0
72499,-0.16,-12,0,0,0,0,0,0,0,0,0,0
72535,-0.21,-11,0,0,0,0,0,0,0,0,0,0
72571,-0.20,-10,0,0,0,0,0,0,0,0,0,0
72607,-0.26,-10,0,0,0,0,0,0,0,0,0,0
72643,-0.29,-9,0,0,0,0,0,0,0,0,0,0
72679,-0.20,-8,0,0,0,0,0,0,0,0,0,0
72715,-0.19,-8,0,0,0,0,0,0,0,0,0,0
72751,-0.18,-7,0,0,0,0,0,0,0,0,0,0
72787,-0.22,-7,0,0,0,0,0,0,0,0,0,0
72823,-0.23,-6,0,0,0,0,0,0,0,0,0,0
72859,-0.15,-6,0,0,0,0,0,0,0,0,0,0
72895,-0.17,-6,0,0,0,0,0,0,0,0,0,0
72931,-0.16,-5,0,0,0,0,0,0,0,0,0,0
72967,-0.24,-5,0,0,0,0,0,0,0,0,0,0
73003,-0.17,-5,0,0,0,0,0,0,0,0,0,0
73039,-0.19,-4,0,0,0,0,0,0,0,0,0,0
73075,-0.24,-4,0,0,0,0,0,0,0,0,0,0
73111,-0.17,-4,0,0,0,0,0,0,0,0,0,0
73147,-0.29,-3,0,0,0,0,0,0,0,0,0,0
73183,-0.22,-3,0,0,0,0,0,0,0,0,0,0
73219,-0.27,-3,0,0,0,0,0,0,0,0,0,0
73255,-0.16,-3,0,0,0,0,0,0,0,0,0,0
73291,-0.15,-3,0,0,0,0,0,0,0,0,0,0
73327,-0.17,-2,0,0,0,0,0,0,0,0,0,0
73363,-0.23,-2,0,0,0,0,0,0,0,0,0,0
73399,-0.26,-2,0,0,0,0,0,0,0,0,0,0
73435,-0.23,-2,0,0,0,0,0,0,0,0,0,0
73471,-0.19,-2,0,0,0,0,0,0,0,0,0,0
73507,-0.18,-2,0,0,0,0,0,0,0,0,0,0
73543,-0.21,-1,0,0,0,0,0,0,0,0,0,0
73579,-0.17,-1,0,0,0,0,0,0,0,0,0,0
73615,-0.13,-1,0,0,0,0,0,0,0,0,0,0
73651,-0.15,-1,0,0,0,0,0,0,0,0,0,0
73687,-0.12,-1,0,0,0,0,0,0,0,0,0,0
73723,-0.21,-1,0,0,0,0,0,0,0,0,0,0
73759,-0.16,-1,0,0,0,0,0,0,0,0,0,0
73795,-0.18,-1,0,0,0,0,0,0,0,0,0,0
73831,-0.20,-1,0,0,0,0,0,0,0,0,0,0
73867,-0.20,-1,0,0,0,0,0,0,0,0,0,0
73903,-0.20,-1,0,0,0,0,0,0,0,0,0,0
73939,-0.19,0,0,0,0,0,0,0,0,0,0,0
73975,-0.17,0,0,0,0,0,0,0,0,0,0,0
74011,-0.17,0,0,0,0,0,0,0,0,0,0,0
74047,-0.14,0,0,0,0,0,0,0,0,0,0,0
74083,-0.20,0,0,0,0,0,0,0,0,0,0,0
74119,-0.23,0,0,0,0,0,0,0,0,0,0,0
74155,-0.19,0,0,0,0,0,0,0,0,0,0,0
74191,-0.15,0,0,0,0,0,0,0,0,0,0,0
74227,-0.21,0,0,0,0,0,0,0,0,0,0,0
74263,-0.19,0,0,0,0,0,0,0,0,0,0,0
74299,-0.21,0,0,0,0,0,0,0,0,0,0,0
74335,-0.22,0,0,0,0,0,0,0,0,0,0,0
74371,-0.26,0,0,0,0,0,0,0,0,0,0,0
74407,-0.27,0,0,0,0,0,0,0,0,0,0,0
74443,-0.24,0,0,0,0,0,0,0,0,0,0,0
74479,-0.16,0,0,0,0,0,0,0,0,0,0,0
74515,-0.15,0,0,0,0,0,0,0,0,0,0,0
74551,-0.16,0,0,0,0,0,0,0,0,0,0,0
74587,-0.15,0,0,0,0,0,0,0,0,0,0,0
74623,-0.17,0,0,0,0,0,0,0,0,0,0,0
74659,-0.17,0,0,0,0,0,0,0,0,0,0,0
74695,-0.20,0,0,0,0,0,0,0,0,0,0,0
74731,-0.19,0,0,0,0,0,0,0,0,0,0,0
74767,-0.16,48,751,0,0,0,0,0,0,0,0,0
74803,-0.24,324,2666,0,0,0,0,0,0,0,0,0
74839,-0.24,961,3570,0,0,0,0,0,0,0,0,0
74875,-0.16,1731,2766,0,0,0,0,0,0,0,0,0
74911,-0.24,2188,1727,0,0,0,0,0,0,0,0,0
74947,-0.18,2163,1658,0,0,0,0,0,0,0,0,0
74983,-0.21,1871,2070,0,0,0,0,0,0,0,0,0
75019,-0.23,1606,2480,0,0,0,0,0,0,0,0,0
75055,-0.22,1497,2709,0,0,0,0,0,0,0,0,0
75091,-0.29,1518,2777,0,0,0,0,0,0,0,0,0
75127,-0.20,1586,2838,0,0,0,0,0,0,0,0,0
75163,-0.14,1645,2935,0,0,0,0,0,0,0,0,0
75199,-0.23,1675,2967,0,0,0,0,0,0,0,0,0
75235,-0.19,1664,2917,0,0,0,0,0,0,0,0,0
75271,-0.19,1603,2829,0,0,0,0,0,0,0,0,0
75307,-0.08,1496,2777,0,0,0,0,0,0,0,0,0
75343,-0.07,1364,2766,0,0,0,0,0,0,0,0,0
75379,-0.14,1236,2810,0,0,0,0,0,0,0,0,0
75415,-0.18,1135,2865,0,0,0,0,0,0,0,0,0
75451,-0.18,1069,2899,0,0,0,0,0,0,0,0,0
75487,-0.18,1024,2895,0,0,0,0,0,0,0,0,0
75523,-0.27,985,2879,0,0,0,0,0,0,0,0,0
75559,-0.19,939,2864,0,0,0,0,0,0,0,0,0
75595,-0.25,885,2854,0,0,0,0,0,0,0,0,0
75631,-0.11,825,2843,0,0,0,0,0,0,0,0,0
75667,-0.13,766,2855,0,0,0,0,0,0,0,0,0
75703,-0.26,713,2858,0,0,0,0,0,0,0,0,0
75739,-0.14,668,2865,0,0,0,0,0,0,0,0,0
75775,-0.23,629,2871,0,0,0,0,0,0,0,0,0
75811,-0.19,601,2961,0,0,0,0,0,0,0,0,0
75847,-0.18,598,3136,0,0,0,0,0,0,0,0,0
75883,-0.19,629,3201,0,0,0,0,0,0,0,0,0
75919,-0.17,668,3109,0,0,0,0,0,0,0,0,0
75955,-0.24,672,2982,0,0,0,0,0,0,0,0,0
75991,-0.16,621,2891,0,0,0,0,0,0,0,0,0
76027,-0.23,531,2856,0,0,0,0,0,0,0,0,0
76063,-0.19,436,2885,0,0,0,0,0,0,0,0,0
76099,-0.19,364,2943,0,0,0,0,0,0,0,0,0
76135,-0.24,328,2975,0,0,0,0,0,0,0,0,0
76171,-0.21,317,2964,0,0,0,0,0,0,0,0,0
76207,-0.26,311,2927,0,0,0,0,0,0,0,0,0
76243,-0.28,298,2912,0,0,0,0,0,0,0,0,0
76279,-0.22,275,2899,0,0,0,0,0,0,0,0,0
76315,-0.17,249,2907,0,0,0,0,0,0,0,0,0
76351,-0.23,226,2912,0,0,0,0,0,0,0,0,0
76387,-0.16,208,2926,0,0,0,0,0,0,0,0,0
76423,-0.19,197,2923,0,0,0,0,0,0,0,0,0
76459,-0.16,189,2929,0,0,0,0,0,0,0,0,0
76495,-0.15,188,3019,0,0,0,0,0,0,0,0,0
76531,-0.11,209,3185,0,0,0,0,0,0,0,0,0
76567,-0.18,260,3213,0,0,0,0,0,0,0,0,0
76603,-0.19,310,3105,0,0,0,0,0,0,0,0,0
76639,-0.15,321,2980,0,0,0,0,0,0,0,0,0
76675,-0.09,279,2904,0,0,0,0,0,0,0,0,0
76711,-0.23,205,2880,0,0,0,0,0,0,0,0,0
76747,-0.19,130,2919,0,0,0,0,0,0,0,0,0
76783,-0.18,82,2971,0,0,0,0,0,0,0,0,0
76819,-0.17,68,3002,0,0,0,0,0,0,0,0,0
76855,-0.18,76,2986,0,0,0,0,0,0,0,0,0
76891,-0.07,88,2958,0,0,0,0,0,0,0,0,0
76927,-0.15,90,2926,0,0,0,0,0,0,0,0,0
76963,-0.18,78,2927,0,0,0,0,0,0,0,0,0
76999,-0.17,62,2923,0,0,0,0,0,0,0,0,0
77035,-0.21,48,2928,0,0,0,0,0,0,0,0,0
77071,-0.17,38,2928,0,0,0,0,0,0,0,0,0
77107,-0.27,33,2940,0,0,0,0,0,0,0,0,0
77143,-0.18,36,2981,0,0,0,0,0,0,0,0,0
77179,-0.18,57,3141,0,0,0,0,0,0,0,0,0
77215,-0.23,111,3265,0,0,0,0,0,0,0,0,0
77251,-0.27,183,3210,0,0,0,0,0,0,0,0,0
77287,-0.14,229,3056,0,0,0,0,0,0,0,0,0
77323,-0.15,216,2949,0,0,0,0,0,0,0,0,0
77359,-0.24,152,2893,0,0,0,0,0,0,0,0,0
77395,-0.26,71,2909,0,0,0,0,0,0,0,0,0
77431,-0.20,9,2973,0,0,0,0,0,0,0,0,0
77467,-0.18,-15,3024,0,0,0,0,0,0,0,0,0
77503,-0.17,-8,3011,0,0,0,0,0,0,0,0,0
77539,-0.16,8,2979,0,0,0,0,0,0,0,0,0
77575,-0.24,18,2954,0,0,0,0,0,0,0,0,0
77611,-0.22,16,2944,0,0,0,0,0,0,0,0,0
77647,-0.26,6,2942,0,0,0,0,0,0,0,0,0
77683,-0.22,-5,2943,0,0,0,0,0,0,0,0,0
77719,-0.26,-14,2930,0,0,0,0,0,0,0,0,0
77755,-0.24,-19,2943,0,0,0,0,0,0,0,0,0
77791,-0.18,-15,3025,0,0,0,0,0,0,0,0,0
77827,-0.10,14,3206,0,0,0,0,0,0,0,0,0
77863,-0.21,79,3277,0,0,0,0,0,0,0,0,0
77899,-0.20,152,3179,0,0,0,0,0,0,0,0,0
77935,-0.22,187,3035,0,0,0,0,0,0,0,0,0
77971,-0.21,162,2943,0,0,0,0,0,0,0,0,0
78007,-0.20,94,2887,0,0,0,0,0,0,0,0,0
78043,-0.26,16,2928,0,0,0,0,0,0,0,0,0
78079,-0.26,-37,2999,0,0,0,0,0,0,0,0,0
78115,-0.23,-50,3044,0,0,0,0,0,0,0,0,0
78151,-0.24,-34,3024,0,0,0,0,0,0,0,0,0
78187,-0.26,-12,2993,0,0,0,0,0,0,0,0,0
78223,-0.19,-1,2957,0,0,0,0,0,0,0,0,0
78259,-0.19,-6,2942,0,0,0,0,0,0,0,0,0
78295,-0.20,-19,2934,0,0,0,0,0,0,0,0,0
78331,-0.26,-32,2949,0,0,0,0,0,0,0,0,0
78367,-0.18,-40,2954,0,0,0,0,0,0,0,0,0
78403,-0.23,-36,3024,0,0,0,0,0,0,0,0,0
78439,-0.21,-9,3190,0,0,0,0,0,0,0,0,0
78475,-0.22,52,3283,0,0,0,0,0,0,0,0,0
78511,-0.24,125,3199,0,0,0,0,0,0,0,0,0
78547,-0.16,166,3051,0,0,0,0,0,0,0,0,0
78583,-0.15,148,2943,0,0,0,0,0,0,0,0,0
78619,-0.18,84,2912,0,0,0,0,0,0,0,0,0
78655,-0.15,9,2928,0,0,0,0,0,0,0,0,0
78691,-0.20,-44,2992,0,0,0,0,0,0,0,0,0
78727,-0.24,-61,3034,0,0,0,0,0,0,0,0,0
78763,-0.23,-49,3024,0,0,0,0,0,0,0,0,0
78799,-0.23,-30,2974,0,0,0,0,0,0,0,0,0
78835,-0.24,-24,2946,0,0,0,0,0,0,0,0,0
78871,-0.20,-29,2938,0,0,0,0,0,0,0,0,0
78907,-0.16,-40,2945,0,0,0,0,0,0,0,0,0
78943,-0.28,-47,2957,0,0,0,0,0,0,0,0,0
78979,-0.27,-49,2958,0,0,0,0,0,0,0,0,0
79015,-0.17,-46,2971,0,0,0,0,0,0,0,0,0
79051,-0.19,-30,3097,0,0,0,0,0,0,0,0,0
79087,-0.25,13,3250,0,0,0,0,0,0,0,0,0
79123,-0.15,84,3263,0,0,0,0,0,0,0,0,0
79159,-0.18,147,3137,0,0,0,0,0,0,0,0,0
79195,-0.13,160,2993,0,0,0,0,0,0,0,0,0
79231,-0.26,118,2933,0,0,0,0,0,0,0,0,0
79267,-0.13,46,2928,0,0,0,0,0,0,0,0,0
79303,-0.16,-17,2962,0,0,0,0,0,0,0,0,0
79339,-0.19,-53,3019,0,0,0,0,0,0,0,0,0
79375,-0.26,-55,3042,0,0,0,0,0,0,0,0,0
79411,-0.14,-39,3015,0,0,0,0,0,0,0,0,0
79447,-0.24,-23,2974,0,0,0,0,0,0,0,0,0
79483,-0.21,-21,2945,0,0,0,0,0,0,0,0,0
79519,-0.16,-29,2944,0,0,0,0,0,0,0,0,0
79555,-0.33,-41,2959,0,0,0,0,0,0,0,0,0
79591,-0.24,-48,2960,0,0,0,0,0,0,0,0,0
79627,-0.10,-50,2962,0,0,0,0,0,0,0,0,0
79663,-0.27,-48,2962,0,0,0,0,0,0,0,0,0
79699,-0.24,-44,2960,0,0,0,0,0,0,0,0,0
79735,-0.22,-41,2949,0,0,0,0,0,0,0,0,0
79771,-0.19,-38,2974,0,0,0,0,0,0,0,0,0
79807,-0.18,-22,3130,0,0,0,0,0,0,0,0,0
79843,-0.16,24,3279,0,0,0,0,0,0,0,0,0
79879,-0.30,98,3243,0,0,0,0,0,0,0,0,0
79915,-0.24,154,3095,0,0,0,0,0,0,0,0,0
79951,-0.17,157,2986,0,0,0,0,0,0,0,0,0
79987,-0.14,107,2939,0,0,0,0,0,0,0,0,0
80023,-0.20,36,2931,0,0,0,0,0,0,0,0,0
80059,-0.18,-23,2979,0,0,0,0,0,0,0,0,0
80095,-0.19,-52,3028,0,0,0,0,0,0,0,0,0
80131,-0.21,-50,3036,0,0,0,0,0,0,0,0,0
80167,-0.20,-33,3008,0,0,0,0,0,0,0,0,0
80203,-0.15,-20,2973,0,0,0,0,0,0,0,0,0
80239,-0.20,-21,2947,0,0,0,0,0,0,0,0,0
80275,-0.17,-32,2944,0,0,0,0,0,0,0,0,0
80311,-0.18,-45,2951,0,0,0,0,0,0,0,0,0
80347,-0.19,-52,2959,0,0,0,0,0,0,0,0,0
80383,-0.17,-52,2971,0,0,0,0,0,0,0,0,0
80419,-0.21,-47,2976,0,0,0,0,0,0,0,0,0
80455,-0.24,-40,2962,0,0,0,0,0,0,0,0,0
80491,-0.30,-34,2963,0,0,0,0,0,0,0,0,0
80527,-0.23,-32,2960,0,0,0,0,0,0,0,0,0
80563,-0.23,-31,2957,0,0,0,0,0,0,0,0,0
80599,-0.23,-31,2966,0,0,0,0,0,0,0,0,0
80635,-0.29,-20,3103,0,0,0,0,0,0,0,0,0
80671,-0.24,19,3235,0,0,0,0,0,0,0,0,0
80707,-0.19,83,3222,0,0,0,0,0,0,0,0,0
80743,-0.24,134,3083,0,0,0,0,0,0,0,0,0
80779,-0.29,138,2977,0,0,0,0,0,0,0,0,0
80815,-0.22,93,2925,0,0,0,0,0,0,0,0,0
80851,-0.20,26,2925,0,0,0,0,0,0,0,0,0
80887,-0.16,-30,2962,0,0,0,0,0,0,0,0,0
80923,-0.23,-58,3015,0,0,0,0,0,0,0,0,0
80959,-0.18,-56,3024,0,0,0,0,0,0,0,0,0
80995,-0.21,-39,2992,0,0,0,0,0,0,0,0,0
81031,-0.20,-27,2960,0,0,0,0,0,0,0,0,0
81067,-0.16,-26,2943,0,0,0,0,0,0,0,0,0
81103,-0.27,-34,2946,0,0,0,0,0,0,0,0,0
81139,-0.21,-42,2963,0,0,0,0,0,0,0,0,0
81175,-0.22,-43,2975,0,0,0,0,0,0,0,0,0
81211,-0.20,-38,2987,0,0,0,0,0,0,0,0,0
81247,-0.21,-29,2975,0,0,0,0,0,0,0,0,0
81283,-0.26,-20,2976,0,0,0,0,0,0,0,0,0
81319,-0.23,-16,2967,0,0,0,0,0,0,0,0,0
81355,-0.12,-14,2971,0,0,0,0,0,0,0,0,0
81391,-0.13,-16,2960,0,0,0,0,0,0,0,0,0
81427,-0.20,-20,2948,0,0,0,0,0,0,0,0,0
81463,-0.18,-25,2967,0,0,0,0,0,0,0,0,0
81499,-0.20,-19,3083,0,0,0,0,0,0,0,0,0
81535,-0.19,13,3199,0,0,0,0,0,0,0,0,0
81571,-0.22,69,3177,0,0,0,0,0,0,0,0,0
81607,-0.20,113,3059,0,0,0,0,0,0,0,0,0
81643,-0.16,115,2963,0,0,0,0,0,0,0,0,0
81679,-0.25,75,2921,0,0,0,0,0,0,0,0,0
81715,-0.19,17,2934,0,0,0,0,0,0,0,0,0
81751,-0.23,-28,2982,0,0,0,0,0,0,0,0,0
81787,-0.14,-46,3032,0,0,0,0,0,0,0,0,0
81823,-0.18,-37,3024,0,0,0,0,0,0,0,0,0
81859,-0.16,-18,3003,0,0,0,0,0,0,0,0,0
81895,-0.12,-6,2975,0,0,0,0,0,0,0,0,0
81931,-0.08,-5,2960,0,0,0,0,0,0,0,0,0
81967,-0.25,-14,2958,0,0,0,0,0,0,0,0,0
82003,-0.15,-24,2966,0,0,0,0,0,0,0,0,0
82039,-0.14,-31,2977,0,0,0,0,0,0,0,0,0
82075,-0.23,-30,2989,0,0,0,0,0,0,0,0,0
82111,-0.17,-25,2982,0,0,0,0,0,0,0,0,0
82147,-0.16,-19,2986,0,0,0,0,0,0,0,0,0
82183,-0.19,-14,2975,0,0,0,0,0,0,0,0,0
82219,-0.25,-11,3006,0,0,0,0,0,0,0,0,0
82255,-0.16,0,3117,0,0,0,0,0,0,0,0,0
82291,-0.16,34,3188,0,0,0,0,0,0,0,0,0
82327,-0.21,81,3141,0,0,0,0,0,0,0,0,0
82363,-0.15,109,3031,0,0,0,0,0,0,0,0,0
82399,-0.10,97,2951,0,0,0,0,0,0,0,0,0
82435,-0.19,52,2926,0,0,0,0,0,0,0,0,0
82471,-0.17,0,2943,0,0,0,0,0,0,0,0,0
82507,-0.24,-37,3008,0,0,0,0,0,0,0,0,0
82543,-0.22,-44,3039,0,0,0,0,0,0,0,0,0
82579,-0.11,-29,3029,0,0,0,0,0,0,0,0,0
82615,-0.21,-10,2996,0,0,0,0,0,0,0,0,0
82651,-0.22,-3,2976,0,0,0,0,0,0,0,0,0
82687,-0.26,-8,2960,0,0,0,0,0,0,0,0,0
82723,-0.21,-19,2961,0,0,0,0,0,0,0,0,0
82759,-0.26,-29,2976,0,0,0,0,0,0,0,0,0
82795,-0.15,-33,2989,0,0,0,0,0,0,0,0,0
82831,-0.18,-30,2991,0,0,0,0,0,0,0,0,0
82867,-0.18,-24,2985,0,0,0,0,0,0,0,0,0
82903,-0.11,-18,2985,0,0,0,0,0,0,0,0,0
82939,-0.16,-12,3019,0,0,0,0,0,0,0,0,0
82975,-0.10,3,3136,0,0,0,0,0,0,0,0,0
83011,-0.16,42,3229,0,0,0,0,0,0,0,0,0
83047,-0.23,97,3191,0,0,0,0,0,0,0,0,0
83083,-0.11,135,3084,0,0,0,0,0,0,0,0,0
83119,-0.23,130,2992,0,0,0,0,0,0,0,0,0
83155,-0.18,85,2946,0,0,0,0,0,0,0,0,0
83191,-0.17,25,2958,0,0,0,0,0,0,0,0,0
83227,-0.21,-21,2998,0,0,0,0,0,0,0,0,0
83263,-0.22,-40,3042,0,0,0,0,0,0,0,0,0
83299,-0.17,-35,3040,0,0,0,0,0,0,0,0,0
83335,-0.12,-19,3016,0,0,0,0,0,0,0,0,0
83371,-0.22,-9,2991,0,0,0,0,0,0,0,0,0
83407,-0.13,-10,2971,0,0,0,0,0,0,0,0,0
83443,-0.13,-18,2970,0,0,0,0,0,0,0,0,0
83479,-0.20,-27,2986,0,0,0,0,0,0,0,0,0
83515,-0.13,-31,2998,0,0,0,0,0,0,0,0,0
83551,-0.19,-29,2999,0,0,0,0,0,0,0,0,0
83587,-0.09,-24,2992,0,0,0,0,0,0,0,0,0
83623,-0.23,-20,2992,0,0,0,0,0,0,0,0,0
83659,-0.21,-17,3006,0,0,0,0,0,0,0,0,0
83695,-0.24,-6,3117,0,0,0,0,0,0,0,0,0
83731,-0.18,28,3252,0,0,0,0,0,0,0,0,0
83767,-0.16,88,3253,0,0,0,0,0,0,0,0,0
83803,-0.22,140,3146,0,0,0,0,0,0,0,0,0
83839,-0.17,150,3031,0,0,0,0,0,0,0,0,0
83875,-0.17,112,2975,0,0,0,0,0,0,0,0,0
83911,-0.17,50,2962,0,0,0,0,0,0,0,0,0
83947,-0.17,-7,3006,0,0,0,0,0,0,0,0,0
83983,-0.29,-38,3042,0,0,0,0,0,0,0,0,0
84019,-0.26,-40,3066,0,0,0,0,0,0,0,0,0
84055,-0.17,-28,3025,0,0,0,0,0,0,0,0,0
84091,-0.17,-19,2999,0,0,0,0,0,0,0,0,0
84127,-0.20,-19,2990,0,0,0,0,0,0,0,0,0
84163,-0.25,-26,2987,0,0,0,0,0,0,0,0,0
84199,-0.17,-34,2987,0,0,0,0,0,0,0,0,0
84235,-0.15,-38,2993,0,0,0,0,0,0,0,0,0
84271,-0.24,-38,2999,0,0,0,0,0,0,0,0,0
84307,-0.26,-34,2999,0,0,0,0,0,0,0,0,0
84343,-0.20,-29,2994,0,0,0,0,0,0,0,0,0
84379,-0.22,-25,2995,0,0,0,0,0,0,0,0,0
84415,-0.16,-21,3041,0,0,0,0,0,0,0,0,0
84451,-0.19,0,3203,0,0,0,0,0,0,0,0,0
84487,-0.17,52,3311,0,0,0,0,0,0,0,0,0
84523,-0.22,121,3239,0,0,0,0,0,0,0,0,0
84559,-0.19,162,3095,0,0,0,0,0,0,0,0,0
84595,-0.25,149,3005,0,0,0,0,0,0,0,0,0
84631,-0.20,91,2961,0,0,0,0,0,0,0,0,0
84667,-0.18,21,2991,0,0,0,0,0,0,0,0,0
84703,-0.15,-29,3031,0,0,0,0,0,0,0,0,0
84739,-0.18,-46,3067,0,0,0,0,0,0,0,0,0
84775,-0.27,-39,3057,0,0,0,0,0,0,0,0,0
84811,-0.17,-24,3035,0,0,0,0,0,0,0,0,0
84847,-0.22,-16,2998,0,0,0,0,0,0,0,0,0
84883,-0.24,-20,2989,0,0,0,0,0,0,0,0,0
84919,-0.18,-30,2986,0,0,0,0,0,0,0,0,0
84955,-0.24,-40,2994,0,0,0,0,0,0,0,0,0
84991,-0.25,-45,2997,0,0,0,0,0,0,0,0,0
85027,-0.21,-45,2992,0,0,0,0,0,0,0,0,0
85063,-0.17,-42,3007,0,0,0,0,0,0,0,0,0
85099,-0.22,-37,3011,0,0,0,0,0,0,0,0,0
85135,-0.19,-32,2998,0,0,0,0,0,0,0,0,0
85171,-0.24,-27,3015,0,0,0,0,0,0,0,0,0
85207,-0.14,-12,3166,0,0,0,0,0,0,0,0,0
85243,-0.23,32,3302,0,0,0,0,0,0,0,0,0
85279,-0.25,100,3278,0,0,0,0,0,0,0,0,0
85315,-0.18,153,3139,0,0,0,0,0,0,0,0,0
85351,-0.26,153,3007,0,0,0,0,0,0,0,0,0
85387,-0.15,101,2953,0,0,0,0,0,0,0,0,0
85423,-0.25,27,2962,0,0,0,0,0,0,0,0,0
85459,-0.25,-31,3025,0,0,0,0,0,0,0,0,0
85495,-0.22,-54,3071,0,0,0,0,0,0,0,0,0
85531,-0.22,-45,3081,0,0,0,0,0,0,0,0,0
85567,-0.14,-24,3047,0,0,0,0,0,0,0,0,0
85603,-0.27,-10,3011,0,0,0,0,0,0,0,0,0
85639,-0.27,-12,2987,0,0,0,0,0,0,0,0,0
85675,-0.17,-24,2983,0,0,0,0,0,0,0,0,0
85711,-0.13,-38,2992,0,0,0,0,0,0,0,0,0
85747,-0.17,-48,3002,0,0,0,0,0,0,0,0,0
85783,-0.16,-50,3008,0,0,0,0,0,0,0,0,0
85819,-0.10,-47,3009,0,0,0,0,0,0,0,0,0
85855,-0.13,-39,3013,0,0,0,0,0,0,0,0,0
85891,-0.14,-24,3106,0,0,0,0,0,0,0,0,0
85927,-0.19,11,3259,0,0,0,0,0,0,0,0,0
85963,-0.18,73,3303,0,0,0,0,0,0,0,0,0
85999,-0.09,134,3195,0,0,0,0,0,0,0,0,0
86035,-0.19,155,3059,0,0,0,0,0,0,0,0,0
86071,-0.10,121,2975,0,0,0,0,0,0,0,0,0
86107,-0.13,52,2956,0,0,0,0,0,0,0,0,0
86143,-0.10,-13,2996,0,0,0,0,0,0,0,0,0
86179,-0.14,-51,3071,0,0,0,0,0,0,0,0,0
86215,-0.18,-53,3093,0,0,0,0,0,0,0,0,0
86251,-0.19,-34,3062,0,0,0,0,0,0,0,0,0
86287,-0.15,-19,2996,0,0,0,0,0,0,0,0,0
86323,-0.22,-21,2978,0,0,0,0,0,0,0,0,0
86359,-0.18,-35,2978,0,0,0,0,0,0,0,0,0
86395,-0.25,-50,2987,0,0,0,0,0,0,0,0,0
86431,-0.23,-58,2998,0,0,0,0,0,0,0,0,0
86467,-0.07,-58,3010,0,0,0,0,0,0,0,0,0
86503,-0.18,-51,2999,0,0,0,0,0,0,0,0,0
86539,-0.20,-44,2993,0,0,0,0,0,0,0,0,0
86575,-0.18,-38,3024,0,0,0,0,0,0,0,0,0
86611,-0.22,-19,3189,0,0,0,0,0,0,0,0,0
86647,-0.16,33,3355,0,0,0,0,0,0,0,0,0
86683,-0.20,114,3316,0,0,0,0,0,0,0,0,0
86719,-0.24,176,3152,0,0,0,0,0,0,0,0,0
86755,-0.23,177,3037,0,0,0,0,0,0,0,0,0
86791,-0.24,123,2977,0,0,0,0,0,0,0,0,0
86827,-0.22,44,2977,0,0,0,0,0,0,0,0,0
86863,-0.21,-23,3023,0,0,0,0,0,0,0,0,0
86899,-0.17,-57,3070,0,0,0,0,0,0,0,0,0
86935,-0.19,-57,3063,0,0,0,0,0,0,0,0,0
86971,-0.25,-42,3039,0,0,0,0,0,0,0,0,0
87007,-0.20,-31,3007,0,0,0,0,0,0,0,0,0
87043,-0.16,-32,2985,0,0,0,0,0,0,0,0,0
87079,-0.20,-42,2977,0,0,0,0,0,0,0,0,0
87115,-0.25,-55,2983,0,0,0,0,0,0,0,0,0
87151,-0.20,-62,2989,0,0,0,0,0,0,0,0,0
87187,-0.22,-63,2997,0,0,0,0,0,0,0,0,0
87223,-0.23,-59,2997,0,0,0,0,0,0,0,0,0
87259,-0.10,-53,3001,0,0,0,0,0,0,0,0,0
87295,-0.26,-47,2985,0,0,0,0,0,0,0,0,0
87331,-0.28,-43,3007,0,0,0,0,0,0,0,0,0
87367,-0.22,-26,3184,0,0,0,0,0,0,0,0,0
87403,-0.20,26,3361,0,0,0,0,0,0,0,0,0
87439,-0.20,110,3329,0,0,0,0,0,0,0,0,0
87475,-0.18,177,3163,0,0,0,0,0,0,0,0,0
87511,-0.17,183,3035,0,0,0,0,0,0,0,0,0
87547,-0.18,130,2976,0,0,0,0,0,0,0,0,0
87583,-0.23,50,2966,0,0,0,0,0,0,0,0,0
87619,-0.11,-18,3015,0,0,0,0,0,0,0,0,0
87655,-0.17,-55,3057,0,0,0,0,0,0,0,0,0
87691,-0.20,-59,3061,0,0,0,0,0,0,0,0,0
87727,-0.13,-47,3033,0,0,0,0,0,0,0,0,0
87763,-0.16,-37,3003,0,0,0,0,0,0,0,0,0
87799,-0.15,-38,2971,0,0,0,0,0,0,0,0,0
87835,-0.29,-49,2963,0,0,0,0,0,0,0,0,0
87871,-0.22,-62,2967,0,0,0,0,0,0,0,0,0
87907,-0.28,-70,2988,0,0,0,0,0,0,0,0,0
87943,-0.16,-69,2992,0,0,0,0,0,0,0,0,0
87979,-0.18,-63,2991,0,0,0,0,0,0,0,0,0
88015,-0.16,-57,2984,0,0,0,0,0,0,0,0,0
88051,-0.07,-53,2976,0,0,0,0,0,0,0,0,0
88087,-0.23,-50,2973,0,0,0,0,0,0,0,0,0
88123,-0.17,-47,2987,0,0,0,0,0,0,0,0,0
88159,-0.19,-38,3058,0,0,0,0,0,0,0,0,0
88195,-0.12,-5,3261,0,0,0,0,0,0,0,0,0
88231,-0.17,63,3354,0,0,0,0,0,0,0,0,0
88267,-0.21,143,3245,0,0,0,0,0,0,0,0,0
88303,-0.24,183,3069,0,0,0,0,0,0,0,0,0
88339,-0.21,154,2954,0,0,0,0,0,0,0,0,0
88375,-0.24,76,2923,0,0,0,0,0,0,0,0,0
88411,-0.21,-6,2966,0,0,0,0,0,0,0,0,0
88447,-0.24,-60,3027,0,0,0,0,0,0,0,0,0
88483,-0.31,-75,3057,0,0,0,0,0,0,0,0,0
88519,-0.28,-60,3052,0,0,0,0,0,0,0,0,0
88555,-0.22,-38,3013,0,0,0,0,0,0,0,0,0
88591,-0.24,-27,2975,0,0,0,0,0,0,0,0,0
88627,-0.27,-30,2960,0,0,0,0,0,0,0,0,0
88663,-0.22,-44,2955,0,0,0,0,0,0,0,0,0
88699,-0.23,-58,2963,0,0,0,0,0,0,0,0,0
88735,-0.21,-65,2992,0,0,0,0,0,0,0,0,0
88771,-0.21,-61,3012,0,0,0,0,0,0,0,0,0
88807,-0.26,-48,3008,0,0,0,0,0,0,0,0,0
88843,-0.27,-35,2990,0,0,0,0,0,0,0,0,0
88879,-0.27,-28,2981,0,0,0,0,0,0,0,0,0
88915,-0.15,-29,2966,0,0,0,0,0,0,0,0,0
88951,-0.27,-34,2970,0,0,0,0,0,0,0,0,0
88987,-0.25,-31,3088,0,0,0,0,0,0,0,0,0
89023,-0.18,1,3254,0,0,0,0,0,0,0,0,0
89059,-0.19,66,3274,0,0,0,0,0,0,0,0,0
89095,-0.27,128,3147,0,0,0,0,0,0,0,0,0
89131,-0.24,146,3018,0,0,0,0,0,0,0,0,0
89167,-0.22,109,2937,0,0,0,0,0,0,0,0,0
89203,-0.23,40,2928,0,0,0,0,0,0,0,0,0
89239,-0.26,-26,2976,0,0,0,0,0,0,0,0,0
89275,-0.20,-63,3029,0,0,0,0,0,0,0,0,0
89311,-0.15,-64,3056,0,0,0,0,0,0,0,0,0
89347,-0.20,-45,3033,0,0,0,0,0,0,0,0,0
89383,-0.19,-27,2997,0,0,0,0,0,0,0,0,0
89419,-0.22,-21,2967,0,0,0,0,0,0,0,0,0
89455,-0.20,-28,2957,0,0,0,0,0,0,0,0,0
89491,-0.25,-40,2960,0,0,0,0,0,0,0,0,0
89527,-0.25,-50,2981,0,0,0,0,0,0,0,0,0
89563,-0.24,-50,2998,0,0,0,0,0,0,0,0,0
89599,-0.21,-42,2998,0,0,0,0,0,0,0,0,0
89635,-0.19,-32,2992,0,0,0,0,0,0,0,0,0
89671,-0.26,-26,2992,0,0,0,0,0,0,0,0,0
89707,-0.21,-17,3067,0,0,0,0,0,0,0,0,0
89743,-0.17,7,3201,0,0,0,0,0,0,0,0,0
89779,-0.16,55,3227,0,0,0,0,0,0,0,0,0
89815,-0.17,105,3136,0,0,0,0,0,0,0,0,0
89851,-0.17,122,3023,0,0,0,0,0,0,0,0,0
89887,-0.22,93,2947,0,0,0,0,0,0,0,0,0
89923,-0.27,34,2931,0,0,0,0,0,0,0,0,0
89959,-0.22,-23,2979,0,0,0,0,0,0,0,0,0
89995,-0.18,-53,3035,0,0,0,0,0,0,0,0,0
90031,-0.25,-52,3056,0,0,0,0,0,0,0,0,0
90067,-0.19,-32,3031,0,0,0,0,0,0,0,0,0
90103,-0.15,-15,2993,0,0,0,0,0,0,0,0,0
90139,-0.20,-12,2974,0,0,0,0,0,0,0,0,0
90175,-0.25,-21,2963,0,0,0,0,0,0,0,0,0
90211,-0.27,-33,2978,0,0,0,0,0,0,0,0,0
90247,-0.16,-41,2981,0,0,0,0,0,0,0,0,0
90283,-0.21,-42,2987,0,0,0,0,0,0,0,0,0
90319,-0.19,-38,2992,0,0,0,0,0,0,0,0,0
90355,-0.17,-30,3002,0,0,0,0,0,0,0,0,0
90391,-0.14,-16,3098,0,0,0,0,0,0,0,0,0
90427,-0.20,17,3241,0,0,0,0,0,0,0,0,0
90463,-0.24,75,3257,0,0,0,0,0,0,0,0,0
90499,-0.17,130,3151,0,0,0,0,0,0,0,0,0
90535,-0.22,144,3011,0,0,0,0,0,0,0,0,0
90571,-0.20,107,2955,0,0,0,0,0,0,0,0,0
90607,-0.21,41,2945,0,0,0,0,0,0,0,0,0
90643,-0.22,-18,2999,0,0,0,0,0,0,0,0,0
90679,-0.19,-48,3051,0,0,0,0,0,0,0,0,0
90715,-0.25,-47,3065,0,0,0,0,0,0,0,0,0
90751,-0.23,-28,3043,0,0,0,0,0,0,0,0,0
90787,-0.26,-13,3001,0,0,0,0,0,0,0,0,0
90823,-0.26,-12,2975,0,0,0,0,0,0,0,0,0
90859,-0.26,-22,2973,0,0,0,0,0,0,0,0,0
90895,-0.29,-34,2977,0,0,0,0,0,0,0,0,0
90931,-0.25,-42,2993,0,0,0,0,0,0,0,0,0
90967,-0.27,-43,2999,0,0,0,0,0,0,0,0,0
91003,-0.25,-39,3007,0,0,0,0,0,0,0,0,0
91039,-0.27,-32,3002,0,0,0,0,0,0,0,0,0
91075,-0.26,-25,3022,0,0,0,0,0,0,0,0,0
91111,-0.21,-10,3137,0,0,0,0,0,0,0,0,0
91147,-0.24,30,3297,0,0,0,0,0,0,0,0,0
91183,-0.31,98,3287,0,0,0,0,0,0,0,0,0
91219,-0.25,155,3148,0,0,0,0,0,0,0,0,0
91255,-0.27,162,3015,0,0,0,0,0,0,0,0,0
91291,-0.20,115,2965,0,0,0,0,0,0,0,0,0
91327,-0.18,43,2971,0,0,0,0,0,0,0,0,0
91363,-0.20,-17,3014,0,0,0,0,0,0,0,0,0
91399,-0.31,-47,3055,0,0,0,0,0,0,0,0,0
91435,-0.26,-45,3083,0,0,0,0,0,0,0,0,0
91471,-0.23,-27,3046,0,0,0,0,0,0,0,0,0
91507,-0.25,-14,3006,0,0,0,0,0,0,0,0,0
91543,-0.30,-16,2973,0,0,0,0,0,0,0,0,0
91579,-0.30,-28,2970,0,0,0,0,0,0,0,0,0
91615,-0.21,-43,2980,0,0,0,0,0,0,0,0,0
91651,-0.20,-51,2999,0,0,0,0,0,0,0,0,0
91687,-0.21,-51,3010,0,0,0,0,0,0,0,0,0
91723,-0.19,-44,3014,0,0,0,0,0,0,0,0,0
91759,-0.23,-36,2996,0,0,0,0,0,0,0,0,0
91795,-0.31,-30,2998,0,0,0,0,0,0,0,0,0
91831,-0.16,-20,3110,0,0,0,0,0,0,0,0,0
91867,-0.13,15,3291,0,0,0,0,0,0,0,0,0
91903,-0.22,84,3339,0,0,0,0,0,0,0,0,0
91939,-0.19,154,3203,0,0,0,0,0,0,0,0,0
91975,-0.20,179,3067,0,0,0,0,0,0,0,0,0
92011,-0.25,144,2995,0,0,0,0,0,0,0,0,0
92047,-0.30,74,2973,0,0,0,0,0,0,0,0,0
92083,-0.21,4,3007,0,0,0,0,0,0,0,0,0
92119,-0.26,-39,3051,0,0,0,0,0,0,0,0,0
92155,-0.26,-50,3088,0,0,0,0,0,0,0,0,0
92191,-0.20,-38,3057,0,0,0,0,0,0,0,0,0
92227,-0.19,-25,3014,0,0,0,0,0,0,0,0,0
92263,-0.25,-25,2977,0,0,0,0,0,0,0,0,0
92299,-0.17,-37,2969,0,0,0,0,0,0,0,0,0
92335,-0.13,-51,2992,0,0,0,0,0,0,0,0,0
92371,-0.20,-59,2999,0,0,0,0,0,0,0,0,0
92407,-0.21,-58,2998,0,0,0,0,0,0,0,0,0
92443,-0.23,-52,2997,0,0,0,0,0,0,0,0,0
92479,-0.32,-46,2995,0,0,0,0,0,0,0,0,0
92515,-0.17,-42,2993,0,0,0,0,0,0,0,0,0
92551,-0.22,-40,2983,0,0,0,0,0,0,0,0,0
92587,-0.14,-37,3019,0,0,0,0,0,0,0,0,0
92623,-0.22,-18,3195,0,0,0,0,0,0,0,0,0
92659,-0.17,35,3354,0,0,0,0,0,0,0,0,0
92695,-0.26,117,3314,0,0,0,0,0,0,0,0,0
92731,-0.20,177,3152,0,0,0,0,0,0,0,0,0
92767,-0.23,177,3019,0,0,0,0,0,0,0,0,0
92803,-0.24,119,2966,0,0,0,0,0,0,0,0,0
92839,-0.20,41,2977,0,0,0,0,0,0,0,0,0
92875,-0.22,-22,3032,0,0,0,0,0,0,0,0,0
92911,-0.12,-50,3071,0,0,0,0,0,0,0,0,0
92947,-0.20,-46,3081,0,0,0,0,0,0,0,0,0
92983,-0.22,-31,3034,0,0,0,0,0,0,0,0,0
93019,-0.21,-24,2992,0,0,0,0,0,0,0,0,0
93055,-0.20,-30,2982,0,0,0,0,0,0,0,0,0
93091,-0.19,-42,2978,0,0,0,0,0,0,0,0,0
93127,-0.23,-55,2981,0,0,0,0,0,0,0,0,0
93163,-0.22,-61,2996,0,0,0,0,0,0,0,0,0
93199,-0.21,-59,3013,0,0,0,0,0,0,0,0,0
93235,-0.25,-51,3013,0,0,0,0,0,0,0,0,0
93271,-0.23,-41,3008,0,0,0,0,0,0,0,0,0
93307,-0.12,-35,2994,0,0,0,0,0,0,0,0,0
93343,-0.17,-34,2975,0,0,0,0,0,0,0,0,0
93379,-0.23,-36,3008,0,0,0,0,0,0,0,0,0
93415,-0.19,-24,3181,0,0,0,0,0,0,0,0,0
93451,-0.19,25,3349,0,0,0,0,0,0,0,0,0
93487,-0.12,105,3313,0,0,0,0,0,0,0,0,0
93523,-0.20,167,3141,0,0,0,0,0,0,0,0,0
93559,-0.15,168,2995,0,0,0,0,0,0,0,0,0
93595,-0.21,109,2939,0,0,0,0,0,0,0,0,0
93631,-0.16,26,2960,0,0,0,0,0,0,0,0,0
93667,-0.19,-38,3037,0,0,0,0,0,0,0,0,0
93703,-0.27,-62,3091,0,0,0,0,0,0,0,0,0
93739,-0.23,-49,3098,0,0,0,0,0,0,0,0,0
93775,-0.20,-23,3051,0,0,0,0,0,0,0,0,0
93811,-0.15,-9,2996,0,0,0,0,0,0,0,0,0
93847,-0.20,-14,2974,0,0,0,0,0,0,0,0,0
93883,-0.20,-32,2978,0,0,0,0,0,0,0,0,0
93919,-0.23,-49,2992,0,0,0,0,0,0,0,0,0
93955,-0.20,-57,3009,0,0,0,0,0,0,0,0,0
93991,-0.17,-56,3007,0,0,0,0,0,0,0,0,0
94027,-0.18,-49,3001,0,0,0,0,0,0,0,0,0
94063,-0.21,-43,2994,0,0,0,0,0,0,0,0,0
94099,-0.13,-35,3037,0,0,0,0,0,0,0,0,0
94135,-0.21,-13,3205,0,0,0,0,0,0,0,0,0
94171,-0.24,42,3346,0,0,0,0,0,0,0,0,0
94207,-0.20,119,3284,0,0,0,0,0,0,0,0,0
94243,-0.26,170,3125,0,0,0,0,0,0,0,0,0
94279,-0.20,161,2998,0,0,0,0,0,0,0,0,0
94315,-0.21,100,2958,0,0,0,0,0,0,0,0,0
94351,-0.09,21,2973,0,0,0,0,0,0,0,0,0
94387,-0.24,-38,3047,0,0,0,0,0,0,0,0,0
94423,-0.16,-59,3090,0,0,0,0,0,0,0,0,0
94459,-0.27,-46,3093,0,0,0,0,0,0,0,0,0
94495,-0.21,-25,3037,0,0,0,0,0,0,0,0,0
94531,-0.30,-16,2991,0,0,0,0,0,0,0,0,0
94567,-0.28,-25,2969,0,0,0,0,0,0,0,0,0
94603,-0.23,-43,2975,0,0,0,0,0,0,0,0,0
94639,-0.18,-58,2983,0,0,0,0,0,0,0,0,0
94675,-0.24,-65,3003,0,0,0,0,0,0,0,0,0
94711,-0.19,-63,3003,0,0,0,0,0,0,0,0,0
94747,-0.26,-55,2999,0,0,0,0,0,0,0,0,0
94783,-0.23,-48,2990,0,0,0,0,0,0,0,0,0
94819,-0.20,-40,3047,0,0,0,0,0,0,0,0,0
94855,-0.20,-13,3235,0,0,0,0,0,0,0,0,0
94891,-0.21,51,3398,0,0,0,0,0,0,0,0,0
94927,-0.24,141,3333,0,0,0,0,0,0,0,0,0
94963,-0.14,202,3152,0,0,0,0,0,0,0,0,0
94999,-0.29,195,3024,0,0,0,0,0,0,0,0,0
95035,-0.17,128,2973,0,0,0,0,0,0,0,0,0
95071,-0.27,41,2992,0,0,0,0,0,0,0,0,0
95107,-0.24,-26,3047,0,0,0,0,0,0,0,0,0
95143,-0.21,-55,3088,0,0,0,0,0,0,0,0,0
95179,-0.13,-51,3071,0,0,0,0,0,0,0,0,0
95215,-0.20,-36,3035,0,0,0,0,0,0,0,0,0
95251,-0.19,-30,3001,0,0,0,0,0,0,0,0,0
95287,-0.18,-37,2981,0,0,0,0,0,0,0,0,0
95323,-0.24,-50,2987,0,0,0,0,0,0,0,0,0
95359,-0.21,-62,2996,0,0,0,0,0,0,0,0,0
95395,-0.15,-65,3005,0,0,0,0,0,0,0,0,0
95431,-0.16,-63,3007,0,0,0,0,0,0,0,0,0
95467,-0.07,-57,3006,0,0,0,0,0,0,0,0,0
95503,-0.21,-50,2993,0,0,0,0,0,0,0,0,0
95539,-0.14,-46,2996,0,0,0,0,0,0,0,0,0
95575,-0.23,-36,3125,0,0,0,0,0,0,0,0,0
95611,-0.16,5,3366,0,0,0,0,0,0,0,0,0
95647,-0.11,94,3467,0,0,0,0,0,0,0,0,0
95683,-0.12,193,3312,0,0,0,0,0,0,0,0,0
95719,-0.20,240,3130,0,0,0,0,0,0,0,0,0
95755,-0.17,208,3031,0,0,0,0,0,0,0,0,0
95791,-0.18,124,2991,0,0,0,0,0,0,0,0,0
95827,-0.19,33,3013,0,0,0,0,0,0,0,0,0
95863,-0.13,-32,3070,0,0,0,0,0,0,0,0,0
95899,-0.14,-57,3101,0,0,0,0,0,0,0,0,0
95935,-0.10,-50,3071,0,0,0,0,0,0,0,0,0
95971,-0.17,-38,3035,0,0,0,0,0,0,0,0,0
96007,-0.24,-36,2993,0,0,0,0,0,0,0,0,0
96043,-0.12,-46,2985,0,0,0,0,0,0,0,0,0
96079,-0.17,-60,2995,0,0,0,0,0,0,0,0,0
96115,-0.09,-70,3003,0,0,0,0,0,0,0,0,0
96151,-0.21,-73,3011,0,0,0,0,0,0,0,0,0
96187,-0.18,-68,3011,0,0,0,0,0,0,0,0,0
96223,-0.20,-61,2992,0,0,0,0,0,0,0,0,0
96259,-0.21,-57,2991,0,0,0,0,0,0,0,0,0
96295,-0.12,-54,3024,0,0,0,0,0,0,0,0,0
96331,-0.19,-35,3217,0,0,0,0,0,0,0,0,0
96367,-0.23,26,3426,0,0,0,0,0,0,0,0,0
96403,-0.16,122,3379,0,0,0,0,0,0,0,0,0
96439,-0.18,198,3184,0,0,0,0,0,0,0,0,0
96475,-0.17,204,3055,0,0,0,0,0,0,0,0,0
96511,-0.21,144,2987,0,0,0,0,0,0,0,0,0
96547,-0.18,55,2985,0,0,0,0,0,0,0,0,0
96583,-0.21,-22,3022,0,0,0,0,0,0,0,0,0
96619,-0.28,-65,3067,0,0,0,0,0,0,0,0,0
96655,-0.20,-71,3088,0,0,0,0,0,0,0,0,0
96691,-0.20,-57,3049,0,0,0,0,0,0,0,0,0
96727,-0.19,-45,3013,0,0,0,0,0,0,0,0,0
96763,-0.11,-44,2987,0,0,0,0,0,0,0,0,0
96799,-0.19,-54,2979,0,0,0,0,0,0,0,0,0
96835,-0.15,-68,2976,0,0,0,0,0,0,0,0,0
96871,-0.18,-81,2957,0,0,0,0,0,0,0,0,0
96907,-0.10,-90,2967,0,0,0,0,0,0,0,0,0
96943,-0.12,-91,2982,0,0,0,0,0,0,0,0,0
96979,-0.12,-81,3053,0,0,0,0,0,0,0,0,0
97015,-0.18,-45,3248,0,0,0,0,0,0,0,0,0
97051,-0.15,30,3391,0,0,0,0,0,0,0,0,0
97087,-0.17,123,3280,0,0,0,0,0,0,0,0,0
97123,-0.15,176,3093,0,0,0,0,0,0,0,0,0
97159,-0.10,153,2943,0,0,0,0,0,0,0,0,0
97195,-0.15,69,2886,0,0,0,0,0,0,0,0,0
97231,-0.24,-28,2937,0,0,0,0,0,0,0,0,0
97267,-0.14,-91,3059,0,0,0,0,0,0,0,0,0
97303,-0.12,-98,3123,0,0,0,0,0,0,0,0,0
97339,-0.14,-64,3103,0,0,0,0,0,0,0,0,0
97375,-0.22,-26,3033,0,0,0,0,0,0,0,0,0
97411,-0.13,-10,2994,0,0,0,0,0,0,0,0,0
97447,-0.17,-19,2959,0,0,0,0,0,0,0,0,0
97483,-0.16,-41,2957,0,0,0,0,0,0,0,0,0
97519,-0.22,-64,2967,0,0,0,0,0,0,0,0,0
97555,-0.11,-76,2982,0,0,0,0,0,0,0,0,0
97591,-0.22,-77,2990,0,0,0,0,0,0,0,0,0
97627,-0.19,-63,3100,0,0,0,0,0,0,0,0,0
97663,-0.26,-16,3344,0,0,0,0,0,0,0,0,0
97699,-0.20,77,3454,0,0,0,0,0,0,0,0,0
97735,-0.14,179,3275,0,0,0,0,0,0,0,0,0
97771,-0.20,223,3065,0,0,0,0,0,0,0,0,0
97807,-0.22,180,2944,0,0,0,0,0,0,0,0,0
97843,-0.20,83,2927,0,0,0,0,0,0,0,0,0
97879,-0.20,-13,3019,0,0,0,0,0,0,0,0,0
97915,-0.17,-65,3115,0,0,0,0,0,0,0,0,0
97951,-0.22,-65,3111,0,0,0,0,0,0,0,0,0
97987,-0.16,-41,3062,0,0,0,0,0,0,0,0,0
98023,-0.22,-24,3014,0,0,0,0,0,0,0,0,0
98059,-0.12,-24,3001,0,0,0,0,0,0,0,0,0
98095,-0.27,-32,3021,0,0,0,0,0,0,0,0,0
98131,-0.22,-40,3025,0,0,0,0,0,0,0,0,0
98167,-0.18,-43,3020,0,0,0,0,0,0,0,0,0
98203,-0.17,-42,3035,0,0,0,0,0,0,0,0,0
98239,-0.20,-30,3152,0,0,0,0,0,0,0,0,0
98275,-0.17,16,3407,0,0,0,0,0,0,0,0,0
98311,-0.25,109,3501,0,0,0,0,0,0,0,0,0
98347,-0.20,209,3310,0,0,0,0,0,0,0,0,0
98383,-0.23,247,3115,0,0,0,0,0,0,0,0,0
98419,-0.12,200,2994,0,0,0,0,0,0,0,0,0
98455,-0.18,103,3011,0,0,0,0,0,0,0,0,0
98491,-0.25,16,3135,0,0,0,0,0,0,0,0,0
98527,-0.13,-20,3220,0,0,0,0,0,0,0,0,0
98563,-0.17,-4,3252,0,0,0,0,0,0,0,0,0
98599,-0.19,32,3216,0,0,0,0,0,0,0,0,0
98635,-0.12,62,3179,0,0,0,0,0,0,0,0,0
98671,-0.21,72,3167,0,0,0,0,0,0,0,0,0
98707,-0.26,65,3124,0,0,0,0,0,0,0,0,0
98743,-0.13,40,3055,0,0,0,0,0,0,0,0,0
98779,-0.21,3,3041,0,0,0,0,0,0,0,0,0
98815,-0.14,-31,3109,0,0,0,0,0,0,0,0,0
98851,-0.15,-29,3341,0,0,0,0,0,0,0,0,0
98887,-0.12,33,3536,0,0,0,0,0,0,0,0,0
98923,-0.13,125,3291,0,0,0,0,0,0,0,0,0
98959,-0.17,158,2934,0,0,0,0,0,0,0,0,0
98995,-0.16,82,2772,0,0,0,0,0,0,0,0,0
99031,-0.20,-54,2847,0,0,0,0,0,0,0,0,0
99067,-0.15,-168,2962,0,0,0,0,0,0,0,0,0
99103,-0.26,-211,3062,0,0,0,0,0,0,0,0,0
99139,-0.19,-184,3145,0,0,0,0,0,0,0,0,0
99175,-0.18,-124,3053,0,0,0,0,0,0,0,0,0
99211,-0.01,-83,2899,0,0,0,0,0,0,0,0,0
99247,-0.21,-90,2839,0,0,0,0,0,0,0,0,0
99283,-0.19,-128,2863,0,0,0,0,0,0,0,0,0
99319,-0.25,-163,2919,0,0,0,0,0,0,0,0,0
99355,-0.21,-167,3027,0,0,0,0,0,0,0,0,0
99391,-0.19,-132,3120,0,0,0,0,0,0,0,0,0
99427,-0.19,-72,3107,0,0,0,0,0,0,0,0,0
99463,-0.11,-19,3019,0,0,0,0,0,0,0,0,0
99499,-0.23,1,2977,0,0,0,0,0,0,0,0,0
99535,-0.29,-11,2923,0,0,0,0,0,0,0,0,0
99571,-0.15,-48,2834,0,0,0,0,0,0,0,0,0
99607,-0.15,-94,2907,0,0,0,0,0,0,0,0,0
99643,-0.18,-119,2973,0,0,0,0,0,0,0,0,0
99679,-0.17,-114,2975,0,0,0,0,0,0,0,0,0
99715,-0.18,-93,2980,0,0,0,0,0,0,0,0,0
99751,-0.21,-69,2973,0,0,0,0,0,0,0,0,0
99787,-0.18,-50,2990,0,0,0,0,0,0,0,0,0
99823,-0.14,-35,3007,0,0,0,0,0,0,0,0,0
99859,-0.11,-23,2992,0,0,0,0,0,0,0,0,0
99895,-0.21,-19,2951,0,0,0,0,0,0,0,0,0
99931,-0.15,-22,2998,0,0,0,0,0,0,0,0,0
99967,-0.19,-17,3086,0,0,0,0,0,0,0,0,0
100003,-0.24,1,3064,0,0,0,0,0,0,0,0,0
100039,-0.21,18,2979,0,0,0,0,0,0,0,0,0
100075,-0.15,14,2934,0,0,0,0,0,0,0,0,0
100111,-0.17,-10,2896,0,0,0,0,0,0,0,0,0
100147,-0.17,-43,2915,0,0,0,0,0,0,0,0,0
100183,-0.25,-65,2969,0,0,0,0,0,0,0,0,0
100219,-0.26,-64,3015,0,0,0,0,0,0,0,0,0
100255,-0.17,-44,2998,0,0,0,0,0,0,0,0,0
100291,-0.18,-23,2977,0,0,0,0,0,0,0,0,0
100327,-0.23,-14,2953,0,0,0,0,0,0,0,0,0
100363,-0.20,-17,2962,0,0,0,0,0,0,0,0,0
100399,-0.18,-22,2947,0,0,0,0,0,0,0,0,0
100435,-0.16,-19,3090,0,0,0,0,0,0,0,0,0
100471,-0.23,14,3263,0,0,0,0,0,0,0,0,0
100507,-0.21,81,3235,0,0,0,0,0,0,0,0,0
100543,-0.21,135,3061,0,0,0,0,0,0,0,0,0
100579,-0.15,134,2920,0,0,0,0,0,0,0,0,0
100615,-0.18,78,2877,0,0,0,0,0,0,0,0,0
100651,-0.10,1,2898,0,0,0,0,0,0,0,0,0
100687,-0.10,-56,2967,0,0,0,0,0,0,0,0,0
100723,-0.12,-74,3045,0,0,0,0,0,0,0,0,0
100759,-0.16,-57,3047,0,0,0,0,0,0,0,0,0
100795,-0.13,-28,2992,0,0,0,0,0,0,0,0,0
100831,-0.23,-11,2950,0,0,0,0,0,0,0,0,0
100867,-0.16,-12,2944,0,0,0,0,0,0,0,0,0
100903,-0.16,-22,2969,0,0,0,0,0,0,0,0,0
100939,-0.24,-18,3142,0,0,0,0,0,0,0,0,0
100975,-0.18,23,3303,0,0,0,0,0,0,0,0,0
101011,-0.24,97,3248,0,0,0,0,0,0,0,0,0
101047,-0.22,153,3088,0,0,0,0,0,0,0,0,0
101083,-0.22,152,2956,0,0,0,0,0,0,0,0,0
101119,-0.24,93,2896,0,0,0,0,0,0,0,0,0
101155,-0.09,13,2923,0,0,0,0,0,0,0,0,0
101191,-0.20,-48,2993,0,0,0,0,0,0,0,0,0
101227,-0.20,-68,3051,0,0,0,0,0,0,0,0,0
101263,-0.21,-53,3053,0,0,0,0,0,0,0,0,0
101299,-0.20,-27,2999,0,0,0,0,0,0,0,0,0
101335,-0.21,-13,2958,0,0,0,0,0,0,0,0,0
101371,-0.15,-18,2949,0,0,0,0,0,0,0,0,0
101407,-0.21,-25,3055,0,0,0,0,0,0,0,0,0
101443,-0.26,-3,3271,0,0,0,0,0,0,0,0,0
101479,-0.15,63,3346,0,0,0,0,0,0,0,0,0
101515,-0.18,142,3206,0,0,0,0,0,0,0,0,0
101551,-0.22,177,3034,0,0,0,0,0,0,0,0,0
101587,-0.14,142,2928,0,0,0,0,0,0,0,0,0
101623,-0.27,62,2910,0,0,0,0,0,0,0,0,0
101659,-0.09,-19,2977,0,0,0,0,0,0,0,0,0
101695,-0.13,-64,3054,0,0,0,0,0,0,0,0,0
101731,-0.16,-66,3086,0,0,0,0,0,0,0,0,0
101767,-0.20,-42,3031,0,0,0,0,0,0,0,0,0
101803,-0.23,-24,2983,0,0,0,0,0,0,0,0,0
101839,-0.21,-23,2960,0,0,0,0,0,0,0,0,0
101875,-0.19,-31,3038,0,0,0,0,0,0,0,0,0
101911,-0.27,-13,3287,0,0,0,0,0,0,0,0,0
101947,-0.25,60,3494,0,0,0,0,0,0,0,0,0
101983,-0.17,171,3398,0,0,0,0,0,0,0,0,0
102019,-0.20,247,3197,0,0,0,0,0,0,0,0,0
102055,-0.19,241,3025,0,0,0,0,0,0,0,0,0
102091,-0.21,160,2946,0,0,0,0,0,0,0,0,0
102127,-0.22,51,2971,0,0,0,0,0,0,0,0,0
102163,-0.20,-34,3055,0,0,0,0,0,0,0,0,0
102199,-0.15,-69,3104,0,0,0,0,0,0,0,0,0
102235,-0.21,-63,3090,0,0,0,0,0,0,0,0,0
102271,-0.18,-44,3027,0,0,0,0,0,0,0,0,0
102307,-0.12,-37,2979,0,0,0,0,0,0,0,0,0
102343,-0.25,-47,2976,0,0,0,0,0,0,0,0,0
102379,-0.24,-48,3209,0,0,0,0,0,0,0,0,0
102415,-0.22,14,3651,0,0,0,0,0,0,0,0,0
102451,-0.29,168,3824,0,0,0,0,0,0,0,0,0
102487,-0.23,341,3531,0,0,0,0,0,0,0,0,0
102523,-0.20,421,3250,0,0,0,0,0,0,0,0,0
102559,-0.20,366,3045,0,0,0,0,0,0,0,0,0
102595,-0.13,217,2959,0,0,0,0,0,0,0,0,0
102631,-0.24,48,2986,0,0,0,0,0,0,0,0,0
102667,-0.17,-77,3056,0,0,0,0,0,0,0,0,0
102703,-0.23,-136,3082,0,0,0,0,0,0,0,0,0
102739,-0.16,-143,3041,0,0,0,0,0,0,0,0,0
102775,-0.18,-133,2996,0,0,0,0,0,0,0,0,0
102811,-0.14,-127,2969,0,0,0,0,0,0,0,0,0
102847,-0.20,-129,2965,0,0,0,0,0,0,0,0,0
102883,-0.20,-133,2979,0,0,0,0,0,0,0,0,0
102919,-0.22,-134,2979,0,0,0,0,0,0,0,0,0
102955,-0.20,-124,3071,0,0,0,0,0,0,0,0,0
102991,-0.19,-65,3574,0,0,0,0,0,0,0,0,0
103027,-0.16,101,4095,0,0,0,0,0,0,0,0,0
103063,-0.28,361,4095,0,0,0,0,0,0,0,0,0
103099,-0.21,587,3724,0,0,0,0,0,0,0,0,0
103135,-0.27,653,3373,0,0,0,0,0,0,0,0,0
103171,-0.22,539,3103,0,0,0,0,0,0,0,0,0
103207,-0.19,310,2915,0,0,0,0,0,0,0,0,0
103243,-0.19,53,2902,0,0,0,0,0,0,0,0,0
103279,-0.19,-148,2990,0,0,0,0,0,0,0,0,0
103315,-0.22,-254,3031,0,0,0,0,0,0,0,0,0
103351,-0.24,-279,3015,0,0,0,0,0,0,0,0,0
103387,-0.16,-261,2986,0,0,0,0,0,0,0,0,0
103423,-0.22,-237,2943,0,0,0,0,0,0,0,0,0
103459,-0.25,-221,2927,0,0,0,0,0,0,0,0,0
103495,-0.11,-214,2929,0,0,0,0,0,0,0,0,0
103531,-0.20,-209,2939,0,0,0,0,0,0,0,0,0
103567,-0.25,-204,2932,0,0,0,0,0,0,0,0,0
103603,-0.12,-195,2945,0,0,0,0,0,0,0,0,0
103639,-0.22,-183,2941,0,0,0,0,0,0,0,0,0
103675,-0.21,-172,2923,0,0,0,0,0,0,0,0,0
103711,-0.23,-163,2912,0,0,0,0,0,0,0,0,0
103747,-0.25,-157,2923,0,0,0,0,0,0,0,0,0
103783,-0.24,-151,2915,0,0,0,0,0,0,0,0,0
103819,-0.22,-143,2925,0,0,0,0,0,0,0,0,0
103855,-0.17,-134,2921,0,0,0,0,0,0,0,0,0
103891,-0.19,-126,2930,0,0,0,0,0,0,0,0,0
103927,-0.20,-116,2928,0,0,0,0,0,0,0,0,0
103963,-0.18,-107,2934,0,0,0,0,0,0,0,0,0
103999,-0.26,-97,2946,0,0,0,0,0,0,0,0,0
104035,-0.15,-86,2954,0,0,0,0,0,0,0,0,0
104071,-0.16,-74,2944,0,0,0,0,0,0,0,0,0
104107,-0.17,-65,2943,0,0,0,0,0,0,0,0,0
104143,-0.20,-59,2947,0,0,0,0,0,0,0,0,0
104179,-0.23,-55,2960,0,0,0,0,0,0,0,0,0
104215,-0.20,-44,3062,0,0,0,0,0,0,0,0,0
104251,-0.16,12,3517,0,0,0,0,0,0,0,0,0
104287,-0.17,161,3908,0,0,0,0,0,0,0,0,0
104323,-0.19,369,3711,0,0,0,0,0,0,0,0,0
104359,-0.24,509,3335,0,0,0,0,0,0,0,0,0
104395,-0.23,498,3125,0,0,0,0,0,0,0,0,0
104431,-0.23,363,2992,0,0,0,0,0,0,0,0,0
104467,-0.12,177,2935,0,0,0,0,0,0,0,0,0
104503,-0.20,10,2982,0,0,0,0,0,0,0,0,0
104539,-0.21,-96,3029,0,0,0,0,0,0,0,0,0
104575,-0.23,-138,3038,0,0,0,0,0,0,0,0,0
104611,-0.18,-137,2999,0,0,0,0,0,0,0,0,0
104647,-0.24,-126,2958,0,0,0,0,0,0,0,0,0
104683,-0.28,-121,2941,0,0,0,0,0,0,0,0,0
104719,-0.16,-123,2935,0,0,0,0,0,0,0,0,0
104755,-0.24,-125,2956,0,0,0,0,0,0,0,0,0
104791,-0.23,-122,2960,0,0,0,0,0,0,0,0,0
104827,-0.16,-114,2946,0,0,0,0,0,0,0,0,0
104863,-0.20,-107,2944,0,0,0,0,0,0,0,0,0
104899,-0.19,-100,2949,0,0,0,0,0,0,0,0,0
104935,-0.22,-94,2954,0,0,0,0,0,0,0,0,0
104971,-0.18,-88,2951,0,0,0,0,0,0,0,0,0
105007,-0.20,-82,2945,0,0,0,0,0,0,0,0,0
105043,-0.19,-77,2946,0,0,0,0,0,0,0,0,0
105079,-0.21,-75,2934,0,0,0,0,0,0,0,0,0
105115,-0.25,-75,2928,0,0,0,0,0,0,0,0,0
105151,-0.22,-72,2985,0,0,0,0,0,0,0,0,0
105187,-0.25,-47,3200,0,0,0,0,0,0,0,0,0
105223,-0.29,26,3421,0,0,0,0,0,0,0,0,0
105259,-0.25,137,3378,0,0,0,0,0,0,0,0,0
105295,-0.25,225,3209,0,0,0,0,0,0,0,0,0
105331,-0.21,241,3070,0,0,0,0,0,0,0,0,0
105367,-0.24,186,2991,0,0,0,0,0,0,0,0,0
105403,-0.25,96,2955,0,0,0,0,0,0,0,0,0
105439,-0.28,7,2962,0,0,0,0,0,0,0,0,0
105475,-0.21,-53,3011,0,0,0,0,0,0,0,0,0
105511,-0.19,-77,3021,0,0,0,0,0,0,0,0,0
105547,-0.22,-76,2998,0,0,0,0,0,0,0,0,0
105583,-0.27,-69,2965,0,0,0,0,0,0,0,0,0
105619,-0.27,-66,2949,0,0,0,0,0,0,0,0,0
105655,-0.26,-71,2944,0,0,0,0,0,0,0,0,0
105691,-0.16,-77,2961,0,0,0,0,0,0,0,0,0
105727,-0.20,-78,2955,0,0,0,0,0,0,0,0,0
105763,-0.18,-74,2969,0,0,0,0,0,0,0,0,0
105799,-0.17,-67,2973,0,0,0,0,0,0,0,0,0
105835,-0.24,-58,2981,0,0,0,0,0,0,0,0,0
105871,-0.24,-49,2966,0,0,0,0,0,0,0,0,0
105907,-0.17,-45,2963,0,0,0,0,0,0,0,0,0
105943,-0.20,-43,2962,0,0,0,0,0,0,0,0,0
105979,-0.20,-43,2959,0,0,0,0,0,0,0,0,0
106015,-0.24,-42,2960,0,0,0,0,0,0,0,0,0
106051,-0.22,-38,3021,0,0,0,0,0,0,0,0,0
106087,-0.24,-16,3170,0,0,0,0,0,0,0,0,0
106123,-0.17,38,3291,0,0,0,0,0,0,0,0,0
106159,-0.20,111,3232,0,0,0,0,0,0,0,0,0
106195,-0.21,163,3127,0,0,0,0,0,0,0,0,0
106231,-0.09,166,3056,0,0,0,0,0,0,0,0,0
106267,-0.19,128,3015,0,0,0,0,0,0,0,0,0
106303,-0.26,70,2993,0,0,0,0,0,0,0,0,0
106339,-0.27,15,2994,0,0,0,0,0,0,0,0,0
106375,-0.21,-22,3023,0,0,0,0,0,0,0,0,0
106411,-0.14,-38,3027,0,0,0,0,0,0,0,0,0
106447,-0.18,-39,3006,0,0,0,0,0,0,0,0,0
106483,-0.15,-37,2991,0,0,0,0,0,0,0,0,0
106519,-0.20,-38,2973,0,0,0,0,0,0,0,0,0
106555,-0.26,-43,2963,0,0,0,0,0,0,0,0,0
106591,-0.26,-49,2965,0,0,0,0,0,0,0,0,0
106627,-0.23,-54,2965,0,0,0,0,0,0,0,0,0
106663,-0.21,-53,2992,0,0,0,0,0,0,0,0,0
106699,-0.18,-47,2990,0,0,0,0,0,0,0,0,0
106735,-0.15,-40,2975,0,0,0,0,0,0,0,0,0
106771,-0.20,-35,2979,0,0,0,0,0,0,0,0,0
106807,-0.19,-33,2978,0,0,0,0,0,0,0,0,0
106843,-0.24,-31,2976,0,0,0,0,0,0,0,0,0
106879,-0.29,-29,2979,0,0,0,0,0,0,0,0,0
106915,-0.19,-28,2985,0,0,0,0,0,0,0,0,0
106951,-0.26,-22,3021,0,0,0,0,0,0,0,0,0
106987,-0.31,-5,3127,0,0,0,0,0,0,0,0,0
107023,-0.26,33,3216,0,0,0,0,0,0,0,0,0
107059,-0.22,86,3184,0,0,0,0,0,0,0,0,0
107095,-0.21,121,3091,0,0,0,0,0,0,0,0,0
107131,-0.21,121,3037,0,0,0,0,0,0,0,0,0
107167,-0.22,89,3003,0,0,0,0,0,0,0,0,0
107203,-0.26,45,2995,0,0,0,0,0,0,0,0,0
107239,-0.21,6,3013,0,0,0,0,0,0,0,0,0
107275,-0.22,-15,3030,0,0,0,0,0,0,0,0,0
107311,-0.21,-22,3031,0,0,0,0,0,0,0,0,0
107347,-0.22,-19,3024,0,0,0,0,0,0,0,0,0
107383,-0.24,-16,3005,0,0,0,0,0,0,0,0,0
107419,-0.20,-16,2992,0,0,0,0,0,0,0,0,0
107455,-0.21,-21,2989,0,0,0,0,0,0,0,0,0
107491,-0.30,-27,2992,0,0,0,0,0,0,0,0,0
107527,-0.18,-32,2993,0,0,0,0,0,0,0,0,0
107563,-0.23,-33,2999,0,0,0,0,0,0,0,0,0
107599,-0.29,-32,2987,0,0,0,0,0,0,0,0,0
107635,-0.24,-31,2991,0,0,0,0,0,0,0,0,0
107671,-0.23,-29,2992,0,0,0,0,0,0,0,0,0
107707,-0.25,-27,2995,0,0,0,0,0,0,0,0,0
107743,-0.25,-24,2991,0,0,0,0,0,0,0,0,0
107779,-0.21,-23,2986,0,0,0,0,0,0,0,0,0
107815,-0.26,-22,3008,0,0,0,0,0,0,0,0,0
107851,-0.22,-12,3095,0,0,0,0,0,0,0,0,0
107887,-0.22,17,3190,0,0,0,0,0,0,0,0,0
107923,-0.24,63,3180,0,0,0,0,0,0,0,0,0
107959,-0.22,101,3110,0,0,0,0,0,0,0,0,0
107995,-0.20,109,3050,0,0,0,0,0,0,0,0,0
108031,-0.27,87,3020,0,0,0,0,0,0,0,0,0
108067,-0.22,50,3006,0,0,0,0,0,0,0,0,0
108103,-0.23,12,3005,0,0,0,0,0,0,0,0,0
108139,-0.23,-13,3018,0,0,0,0,0,0,0,0,0
108175,-0.29,-26,3023,0,0,0,0,0,0,0,0,0
108211,-0.25,-27,3017,0,0,0,0,0,0,0,0,0
108247,-0.30,-24,3001,0,0,0,0,0,0,0,0,0
108283,-0.22,-23,2997,0,0,0,0,0,0,0,0,0
108319,-0.21,-24,2992,0,0,0,0,0,0,0,0,0
108355,-0.20,-27,3002,0,0,0,0,0,0,0,0,0
108391,-0.29,-27,3003,0,0,0,0,0,0,0,0,0
108427,-0.22,-26,3003,0,0,0,0,0,0,0,0,0
108463,-0.18,-23,3008,0,0,0,0,0,0,0,0,0
108499,-0.24,-20,2995,0,0,0,0,0,0,0,0,0
108535,-0.30,-20,2992,0,0,0,0,0,0,0,0,0
108571,-0.26,-21,2994,0,0,0,0,0,0,0,0,0
108607,-0.21,-21,2997,0,0,0,0,0,0,0,0,0
108643,-0.12,-20,2997,0,0,0,0,0,0,0,0,0
108679,-0.25,-17,3002,0,0,0,0,0,0,0,0,0
108715,-0.24,-10,3058,0,0,0,0,0,0,0,0,0
108751,-0.24,10,3182,0,0,0,0,0,0,0,0,0
108787,-0.21,53,3227,0,0,0,0,0,0,0,0,0
108823,-0.18,102,3162,0,0,0,0,0,0,0,0,0
108859,-0.25,127,3071,0,0,0,0,0,0,0,0,0
108895,-0.24,113,3024,0,0,0,0,0,0,0,0,0
108931,-0.24,72,3002,0,0,0,0,0,0,0,0,0
108967,-0.27,25,2997,0,0,0,0,0,0,0,0,0
109003,-0.22,-10,3024,0,0,0,0,0,0,0,0,0
109039,-0.25,-26,3050,0,0,0,0,0,0,0,0,0
109075,-0.24,-25,3043,0,0,0,0,0,0,0,0,0
109111,-0.24,-19,3021,0,0,0,0,0,0,0,0,0
109147,-0.17,-16,3002,0,0,0,0,0,0,0,0,0
109183,-0.21,-20,2983,0,0,0,0,0,0,0,0,0
109219,-0.12,-29,2990,0,0,0,0,0,0,0,0,0
109255,-0.16,-36,3003,0,0,0,0,0,0,0,0,0
109291,-0.17,-38,3013,0,0,0,0,0,0,0,0,0
109327,-0.18,-32,3019,0,0,0,0,0,0,0,0,0
109363,-0.21,-24,3025,0,0,0,0,0,0,0,0,0
109399,-0.18,-16,3008,0,0,0,0,0,0,0,0,0
109435,-0.25,-12,2995,0,0,0,0,0,0,0,0,0
109471,-0.27,-14,2999,0,0,0,0,0,0,0,0,0
109507,-0.27,-17,3007,0,0,0,0,0,0,0,0,0
109543,-0.16,-18,3001,0,0,0,0,0,0,0,0,0
109579,-0.13,-15,3040,0,0,0,0,0,0,0,0,0
109615,-0.24,1,3184,0,0,0,0,0,0,0,0,0
109651,-0.16,47,3285,0,0,0,0,0,0,0,0,0
109687,-0.26,110,3243,0,0,0,0,0,0,0,0,0
109723,-0.21,153,3130,0,0,0,0,0,0,0,0,0
109759,-0.27,150,3047,0,0,0,0,0,0,0,0,0
109795,-0.25,108,3023,0,0,0,0,0,0,0,0,0
109831,-0.24,52,3019,0,0,0,0,0,0,0,0,0
109867,-0.12,5,3036,0,0,0,0,0,0,0,0,0
109903,-0.28,-20,3056,0,0,0,0,0,0,0,0,0
109939,-0.21,-27,3059,0,0,0,0,0,0,0,0,0
109975,-0.17,-23,3042,0,0,0,0,0,0,0,0,0
110011,-0.20,-20,3024,0,0,0,0,0,0,0,0,0
110047,-0.19,-21,3011,0,0,0,0,0,0,0,0,0
110083,-0.18,-27,3006,0,0,0,0,0,0,0,0,0
110119,-0.20,-33,3011,0,0,0,0,0,0,0,0,0
110155,-0.24,-37,3021,0,0,0,0,0,0,0,0,0
110191,-0.20,-36,3019,0,0,0,0,0,0,0,0,0
110227,-0.23,-32,3025,0,0,0,0,0,0,0,0,0
110263,-0.21,-27,3024,0,0,0,0,0,0,0,0,0
110299,-0.24,-23,3007,0,0,0,0,0,0,0,0,0
110335,-0.25,-24,2992,0,0,0,0,0,0,0,0,0
110371,-0.18,-29,2983,0,0,0,0,0,0,0,0,0
110407,-0.18,-32,3042,0,0,0,0,0,0,0,0,0
110443,-0.25,-12,3263,0,0,0,0,0,0,0,0,0
110479,-0.23,52,3397,0,0,0,0,0,0,0,0,0
110515,-0.20,143,3324,0,0,0,0,0,0,0,0,0
110551,-0.21,203,3163,0,0,0,0,0,0,0,0,0
110587,-0.15,199,3071,0,0,0,0,0,0,0,0,0
110623,-0.15,141,3012,0,0,0,0,0,0,0,0,0
110659,-0.19,61,2991,0,0,0,0,0,0,0,0,0
110695,-0.19,-9,3028,0,0,0,0,0,0,0,0,0
110731,-0.17,-46,3111,0,0,0,0,0,0,0,0,0
110767,-0.21,-42,3152,0,0,0,0,0,0,0,0,0
110803,-0.20,-13,3136,0,0,0,0,0,0,0,0,0
110839,-0.19,10,3038,0,0,0,0,0,0,0,0,0
110875,-0.16,8,3003,0,0,0,0,0,0,0,0,0
110911,-0.13,-13,2991,0,0,0,0,0,0,0,0,0
110947,-0.19,-40,3012,0,0,0,0,0,0,0,0,0
110983,-0.18,-57,3027,0,0,0,0,0,0,0,0,0
111019,-0.24,-64,2970,0,0,0,0,0,0,0,0,0
111055,-0.28,-76,2895,0,0,0,0,0,0,0,0,0
111091,-0.25,-99,2887,0,0,0,0,0,0,0,0,0
111127,-0.26,-121,2939,0,0,0,0,0,0,0,0,0
111163,-0.22,-119,3066,0,0,0,0,0,0,0,0,0
111199,-0.30,-65,3394,0,0,0,0,0,0,0,0,0
111235,-0.16,77,3874,0,0,0,0,0,0,0,0,0
111271,-0.20,311,4095,0,0,0,0,0,0,0,0,0
111307,-0.19,567,4095,0,0,0,0,0,0,0,0,0
111343,-0.18,763,4095,0,0,0,0,0,0,0,0,0
111379,-0.15,861,4039,0,0,0,0,0,0,0,0,0
111415,-0.22,876,4095,0,0,0,0,0,0,0,0,0
111451,-0.18,843,4095,0,0,0,0,0,0,0,0,0
111487,-0.20,792,4095,0,0,0,0,0,0,0,0,0
111523,-0.16,735,4095,0,0,0,0,0,0,0,0,0
111559,-0.21,680,4095,0,0,0,0,0,0,0,0,0
111595,-0.25,631,4095,0,0,0,0,0,0,0,0,0
111631,-0.30,588,4095,0,0,0,0,0,0,0,0,0
111667,-0.25,282,0,0,0,0,0,0,0,0,0,0
111703,-0.23,-577,0,0,0,0,0,0,0,0,0,0
111739,-0.24,-1661,0,0,0,0,0,0,0,0,0,0
111775,-0.21,-2492,0,0,0,0,0,0,0,0,0,0
111811,-0.22,-2943,0,0,0,0,0,0,0,0,0,0
111847,-0.28,-2805,4025,0,0,0,0,0,0,0,0,0
111883,-0.26,-1903,4095,0,0,0,0,0,0,0,0,0
111919,-0.25,-660,4095,0,0,0,0,0,0,0,0,0
111955,-0.25,370,4095,0,0,0,0,0,0,0,0,0
111991,-0.29,1015,4095,0,0,0,0,0,0,0,0,0
112027,-0.20,1307,4095,0,0,0,0,0,0,0,0,0
112063,-0.23,1356,4095,0,0,0,0,0,0,0,0,0
112099,-0.25,1275,4095,0,0,0,0,0,0,0,0,0
112135,-0.25,1146,4095,0,0,0,0,0,0,0,0,0
112171,-0.22,1016,4095,0,0,0,0,0,0,0,0,0
112207,-0.25,907,4095,0,0,0,0,0,0,0,0,0
112243,-0.25,823,4095,0,0,0,0,0,0,0,0,0
112279,-0.22,759,4095,0,0,0,0,0,0,0,0,0
112315,-0.19,709,4095,0,0,0,0,0,0,0,0,0
112351,-0.19,590,2898,0,0,0,0,0,0,0,0,0
112387,-0.21,266,2177,0,0,0,0,0,0,0,0,0
112423,-0.21,-168,2981,0,0,0,0,0,0,0,0,0
112459,-0.21,-388,4095,0,0,0,0,0,0,0,0,0
112495,-0.17,-255,4095,0,0,0,0,0,0,0,0,0
112531,-0.29,51,4095,0,0,0,0,0,0,0,0,0
112567,-0.23,336,4095,0,0,0,0,0,0,0,0,0
112603,-0.25,525,4095,0,0,0,0,0,0,0,0,0
112639,-0.28,614,4095,0,0,0,0,0,0,0,0,0
112675,-0.20,627,4095,0,0,0,0,0,0,0,0,0
112711,-0.32,598,4095,0,0,0,0,0,0,0,0,0
112747,-0.33,550,4095,0,0,0,0,0,0,0,0,0
112783,-0.25,500,4095,0,0,0,0,0,0,0,0,0
112819,-0.14,456,4095,0,0,0,0,0,0,0,0,0
112855,-0.28,419,4095,0,0,0,0,0,0,0,0,0
112891,-0.25,388,4095,0,0,0,0,0,0,0,0,0
112927,-0.30,363,4095,0,0,0,0,0,0,0,0,0
112963,-0.25,341,4095,0,0,0,0,0,0,0,0,0
112999,-0.32,321,4095,0,0,0,0,0,0,0,0,0
113035,-0.16,189,2369,0,0,0,0,0,0,0,0,0
113071,-0.23,-174,2394,0,0,0,0,0,0,0,0,0
113107,-0.15,-591,2995,0,0,0,0,0,0,0,0,0
113143,-0.21,-775,3632,0,0,0,0,0,0,0,0,0
113179,-0.23,-654,4037,0,0,0,0,0,0,0,0,0
113215,-0.22,-347,3967,0,0,0,0,0,0,0,0,0
113251,-0.20,-45,3823,0,0,0,0,0,0,0,0,0
113287,-0.15,127,3576,0,0,0,0,0,0,0,0,0
113323,-0.28,145,3397,0,0,0,0,0,0,0,0,0
113359,-0.28,65,3526,0,0,0,0,0,0,0,0,0
113395,-0.22,-17,3619,0,0,0,0,0,0,0,0,0
113431,-0.26,-27,4095,0,0,0,0,0,0,0,0,0
113467,-0.23,62,4095,0,0,0,0,0,0,0,0,0
113503,-0.24,194,4095,0,0,0,0,0,0,0,0,0
113539,-0.20,302,4095,0,0,0,0,0,0,0,0,0
113575,-0.28,363,4095,0,0,0,0,0,0,0,0,0
113611,-0.14,383,4095,0,0,0,0,0,0,0,0,0
113647,-0.25,375,4095,0,0,0,0,0,0,0,0,0
113683,-0.27,321,3600,0,0,0,0,0,0,0,0,0
113719,-0.23,102,2175,0,0,0,0,0,0,0,0,0
113755,-0.29,-316,2506,0,0,0,0,0,0,0,0,0
113791,-0.22,-692,3187,0,0,0,0,0,0,0,0,0
113827,-0.21,-794,3600,0,0,0,0,0,0,0,0,0
113863,-0.28,-653,3524,0,0,0,0,0,0,0,0,0
113899,-0.24,-454,3152,0,0,0,0,0,0,0,0,0
113935,-0.20,-351,2937,0,0,0,0,0,0,0,0,0
113971,-0.23,-363,2924,0,0,0,0,0,0,0,0,0
114007,-0.27,-420,3008,0,0,0,0,0,0,0,0,0
114043,-0.26,-453,3120,0,0,0,0,0,0,0,0,0
114079,-0.30,-439,3147,0,0,0,0,0,0,0,0,0
114115,-0.21,-395,3115,0,0,0,0,0,0,0,0,0
114151,-0.22,-355,3009,0,0,0,0,0,0,0,0,0
114187,-0.18,-333,3087,0,0,0,0,0,0,0,0,0
114223,-0.22,-249,4095,0,0,0,0,0,0,0,0,0
114259,-0.21,-26,4095,0,0,0,0,0,0,0,0,0
114295,-0.13,253,4095,0,0,0,0,0,0,0,0,0
114331,-0.25,469,4095,0,0,0,0,0,0,0,0,0
114367,-0.29,591,4095,0,0,0,0,0,0,0,0,0
114403,-0.23,573,3203,0,0,0,0,0,0,0,0,0
114439,-0.24,298,1934,0,0,0,0,0,0,0,0,0
114475,-0.19,-216,2081,0,0,0,0,0,0,0,0,0
114511,-0.10,-685,2862,0,0,0,0,0,0,0,0,0
114547,-0.26,-836,3504,0,0,0,0,0,0,0,0,0
114583,-0.18,-673,3474,0,0,0,0,0,0,0,0,0
114619,-0.16,-405,3178,0,0,0,0,0,0,0,0,0
114655,-0.21,-228,2866,0,0,0,0,0,0,0,0,0
114691,-0.19,-207,2671,0,0,0,0,0,0,0,0,0
114727,-0.19,-300,2559,0,0,0,0,0,0,0,0,0
114763,-0.17,-430,2602,0,0,0,0,0,0,0,0,0
114799,-0.27,-526,2706,0,0,0,0,0,0,0,0,0
114835,-0.22,-556,2741,0,0,0,0,0,0,0,0,0
114871,-0.19,-532,2697,0,0,0,0,0,0,0,0,0
114907,-0.22,-494,2638,0,0,0,0,0,0,0,0,0
114943,-0.21,-462,2655,0,0,0,0,0,0,0,0,0
114979,-0.29,-365,3732,0,0,0,0,0,0,0,0,0
115015,-0.18,-101,4095,0,0,0,0,0,0,0,0,0
115051,-0.27,271,4095,0,0,0,0,0,0,0,0,0
115087,-0.22,598,4095,0,0,0,0,0,0,0,0,0
115123,-0.10,768,3570,0,0,0,0,0,0,0,0,0
115159,-0.18,678,2481,0,0,0,0,0,0,0,0,0
115195,-0.08,306,2218,0,0,0,0,0,0,0,0,0
115231,-0.22,-161,2474,0,0,0,0,0,0,0,0,0
115267,-0.19,-481,2950,0,0,0,0,0,0,0,0,0
115303,-0.18,-549,3199,0,0,0,0,0,0,0,0,0
115339,-0.24,-433,3084,0,0,0,0,0,0,0,0,0
115375,-0.18,-292,2758,0,0,0,0,0,0,0,0,0
115411,-0.18,-242,2549,0,0,0,0,0,0,0,0,0
115447,-0.10,-293,2431,0,0,0,0,0,0,0,0,0
115483,-0.16,-395,2391,0,0,0,0,0,0,0,0,0
115519,-0.24,-490,2448,0,0,0,0,0,0,0,0,0
115555,-0.19,-538,2523,0,0,0,0,0,0,0,0,0
115591,-0.20,-528,2559,0,0,0,0,0,0,0,0,0
115627,-0.23,-476,2582,0,0,0,0,0,0,0,0,0
115663,-0.14,-414,2544,0,0,0,0,0,0,0,0,0
115699,-0.16,-350,2752,0,0,0,0,0,0,0,0,0
115735,-0.20,-186,4095,0,0,0,0,0,0,0,0,0
115771,-0.26,160,4095,0,0,0,0,0,0,0,0,0
115807,-0.21,563,4095,0,0,0,0,0,0,0,0,0
115843,-0.17,862,4095,0,0,0,0,0,0,0,0,0
115879,-0.18,949,3003,0,0,0,0,0,0,0,0,0
115915,-0.18,745,2603,0,0,0,0,0,0,0,0,0
115951,-0.13,346,2531,0,0,0,0,0,0,0,0,0
115987,-0.19,-39,2741,0,0,0,0,0,0,0,0,0
116023,-0.13,-273,2938,0,0,0,0,0,0,0,0,0
116059,-0.21,-332,2999,0,0,0,0,0,0,0,0,0
116095,-0.25,-287,2896,0,0,0,0,0,0,0,0,0
116131,-0.18,-236,2645,0,0,0,0,0,0,0,0,0
116167,-0.18,-240,2520,0,0,0,0,0,0,0,0,0
116203,-0.22,-295,2512,0,0,0,0,0,0,0,0,0
116239,-0.16,-356,2555,0,0,0,0,0,0,0,0,0
116275,-0.21,-387,2602,0,0,0,0,0,0,0,0,0
116311,-0.21,-381,2618,0,0,0,0,0,0,0,0,0
116347,-0.22,-349,2639,0,0,0,0,0,0,0,0,0
116383,-0.19,-308,2620,0,0,0,0,0,0,0,0,0
116419,-0.19,-276,2559,0,0,0,0,0,0,0,0,0
116455,-0.20,-262,2539,0,0,0,0,0,0,0,0,0
116491,-0.23,-251,2704,0,0,0,0,0,0,0,0,0
116527,-0.19,-161,3605,0,0,0,0,0,0,0,0,0
116563,-0.16,97,4095,0,0,0,0,0,0,0,0,0
116599,-0.25,467,4095,0,0,0,0,0,0,0,0,0
116635,-0.28,797,4095,0,0,0,0,0,0,0,0,0
116671,-0.25,939,3107,0,0,0,0,0,0,0,0,0
116707,-0.19,797,2717,0,0,0,0,0,0,0,0,0
116743,-0.25,451,2607,0,0,0,0,0,0,0,0,0
116779,-0.19,89,2781,0,0,0,0,0,0,0,0,0
116815,-0.26,-147,2954,0,0,0,0,0,0,0,0,0
116851,-0.19,-228,2996,0,0,0,0,0,0,0,0,0
116887,-0.26,-215,2864,0,0,0,0,0,0,0,0,0
116923,-0.23,-189,2720,0,0,0,0,0,0,0,0,0
116959,-0.28,-201,2559,0,0,0,0,0,0,0,0,0
116995,-0.26,-254,2515,0,0,0,0,0,0,0,0,0
117031,-0.27,-319,2537,0,0,0,0,0,0,0,0,0
117067,-0.26,-365,2532,0,0,0,0,0,0,0,0,0
117103,-0.25,-381,2559,0,0,0,0,0,0,0,0,0
117139,-0.28,-363,2685,0,0,0,0,0,0,0,0,0
117175,-0.23,-312,2693,0,0,0,0,0,0,0,0,0
117211,-0.17,-237,2865,0,0,0,0,0,0,0,0,0
117247,-0.28,-92,3712,0,0,0,0,0,0,0,0,0
117283,-0.19,186,4095,0,0,0,0,0,0,0,0,0
117319,-0.18,538,4095,0,0,0,0,0,0,0,0,0
117355,-0.24,798,3574,0,0,0,0,0,0,0,0,0
117391,-0.26,824,2934,0,0,0,0,0,0,0,0,0
117427,-0.17,602,2639,0,0,0,0,0,0,0,0,0
117463,-0.18,256,2621,0,0,0,0,0,0,0,0,0
117499,-0.11,-52,2787,0,0,0,0,0,0,0,0,0
117535,-0.20,-226,2928,0,0,0,0,0,0,0,0,0
117571,-0.24,-261,2969,0,0,0,0,0,0,0,0,0
117607,-0.21,-220,2864,0,0,0,0,0,0,0,0,0
117643,-0.21,-179,2715,0,0,0,0,0,0,0,0,0
117679,-0.23,-178,2640,0,0,0,0,0,0,0,0,0
117715,-0.16,-208,2659,0,0,0,0,0,0,0,0,0
117751,-0.19,-240,2677,0,0,0,0,0,0,0,0,0
117787,-0.16,-256,2682,0,0,0,0,0,0,0,0,0
117823,-0.19,-256,2681,0,0,0,0,0,0,0,0,0
117859,-0.16,-242,2715,0,0,0,0,0,0,0,0,0
117895,-0.23,-219,2708,0,0,0,0,0,0,0,0,0
117931,-0.18,-196,2671,0,0,0,0,0,0,0,0,0
117967,-0.18,-182,2671,0,0,0,0,0,0,0,0,0
118003,-0.19,-171,2737,0,0,0,0,0,0,0,0,0
118039,-0.30,-109,3403,0,0,0,0,0,0,0,0,0
118075,-0.18,92,4095,0,0,0,0,0,0,0,0,0
118111,-0.30,423,4095,0,0,0,0,0,0,0,0,0
118147,-0.16,746,4095,0,0,0,0,0,0,0,0,0
118183,-0.20,908,3287,0,0,0,0,0,0,0,0,0
118219,-0.16,810,2823,0,0,0,0,0,0,0,0,0
118255,-0.20,510,2778,0,0,0,0,0,0,0,0,0
118291,-0.21,190,3011,0,0,0,0,0,0,0,0,0
118327,-0.21,-5,3259,0,0,0,0,0,0,0,0,0
118363,-0.28,-50,3235,0,0,0,0,0,0,0,0,0
118399,-0.23,-26,2992,0,0,0,0,0,0,0,0,0
118435,-0.16,-27,2815,0,0,0,0,0,0,0,0,0
118471,-0.28,-80,2734,0,0,0,0,0,0,0,0,0
118507,-0.22,-158,2752,0,0,0,0,0,0,0,0,0
118543,-0.19,-220,2791,0,0,0,0,0,0,0,0,0
118579,-0.29,-246,2849,0,0,0,0,0,0,0,0,0
118615,-0.27,-236,2839,0,0,0,0,0,0,0,0,0
118651,-0.26,-208,2870,0,0,0,0,0,0,0,0,0
118687,-0.19,-177,2815,0,0,0,0,0,0,0,0,0
118723,-0.32,-158,2777,0,0,0,0,0,0,0,0,0
118759,-0.20,-131,3153,0,0,0,0,0,0,0,0,0
118795,-0.22,2,4095,0,0,0,0,0,0,0,0,0
118831,-0.14,285,4095,0,0,0,0,0,0,0,0,0
118867,-0.16,600,4095,0,0,0,0,0,0,0,0,0
118903,-0.23,785,3421,0,0,0,0,0,0,0,0,0
118939,-0.21,737,3013,0,0,0,0,0,0,0,0,0
118975,-0.14,491,2826,0,0,0,0,0,0,0,0,0
119011,-0.16,179,2832,0,0,0,0,0,0,0,0,0
119047,-0.14,-69,3013,0,0,0,0,0,0,0,0,0
119083,-0.13,-188,3130,0,0,0,0,0,0,0,0,0
119119,-0.15,-196,3054,0,0,0,0,0,0,0,0,0
119155,-0.22,-170,2886,0,0,0,0,0,0,0,0,0
119191,-0.21,-169,2779,0,0,0,0,0,0,0,0,0
119227,-0.20,-203,2733,0,0,0,0,0,0,0,0,0
119263,-0.24,-253,2704,0,0,0,0,0,0,0,0,0
119299,-0.25,-294,2751,0,0,0,0,0,0,0,0,0
119335,-0.15,-309,2790,0,0,0,0,0,0,0,0,0
119371,-0.23,-297,2769,0,0,0,0,0,0,0,0,0
119407,-0.27,-275,2747,0,0,0,0,0,0,0,0,0
119443,-0.18,-254,2761,0,0,0,0,0,0,0,0,0
119479,-0.12,-229,2832,0,0,0,0,0,0,0,0,0
119515,-0.18,-147,3583,0,0,0,0,0,0,0,0,0
119551,-0.19,70,4095,0,0,0,0,0,0,0,0,0
119587,-0.08,393,4095,0,0,0,0,0,0,0,0,0
119623,-0.24,680,3947,0,0,0,0,0,0,0,0,0
119659,-0.16,787,3137,0,0,0,0,0,0,0,0,0
119695,-0.23,646,2853,0,0,0,0,0,0,0,0,0
119731,-0.19,346,2801,0,0,0,0,0,0,0,0,0
119767,-0.15,50,2953,0,0,0,0,0,0,0,0,0
119803,-0.16,-129,3152,0,0,0,0,0,0,0,0,0
119839,-0.16,-172,3193,0,0,0,0,0,0,0,0,0
119875,-0.19,-137,3045,0,0,0,0,0,0,0,0,0
119911,-0.18,-110,2842,0,0,0,0,0,0,0,0,0
119947,-0.14,-135,2750,0,0,0,0,0,0,0,0,0
119983,-0.20,-199,2687,0,0,0,0,0,0,0,0,0
120019,-0.24,-268,2735,0,0,0,0,0,0,0,0,0
120055,-0.22,-311,2768,0,0,0,0,0,0,0,0,0
120091,-0.19,-318,2787,0,0,0,0,0,0,0,0,0
120127,-0.19,-297,2795,0,0,0,0,0,0,0,0,0
120163,-0.16,-264,2786,0,0,0,0,0,0,0,0,0
120199,-0.16,-233,2782,0,0,0,0,0,0,0,0,0
120235,-0.14,-200,2914,0,0,0,0,0,0,0,0,0
120271,-0.19,-93,3893,0,0,0,0,0,0,0,0,0
120307,-0.21,162,4095,0,0,0,0,0,0,0,0,0
120343,-0.21,490,4095,0,0,0,0,0,0,0,0,0
120379,-0.27,756,4095,0,0,0,0,0,0,0,0,0
120415,-0.14,851,3207,0,0,0,0,0,0,0,0,0
120451,-0.25,695,2797,0,0,0,0,0,0,0,0,0
120487,-0.24,362,2745,0,0,0,0,0,0,0,0,0
120523,-0.29,29,2955,0,0,0,0,0,0,0,0,0
120559,-0.31,-165,3210,0,0,0,0,0,0,0,0,0
120595,-0.13,-202,3202,0,0,0,0,0,0,0,0,0
120631,-0.26,-156,3082,0,0,0,0,0,0,0,0,0
120667,-0.10,-113,2944,0,0,0,0,0,0,0,0,0
120703,-0.25,-117,2806,0,0,0,0,0,0,0,0,0
120739,-0.15,-169,2727,0,0,0,0,0,0,0,0,0
120775,-0.23,-239,2751,0,0,0,0,0,0,0,0,0
120811,-0.16,-292,2771,0,0,0,0,0,0,0,0,0
120847,-0.17,-316,2746,0,0,0,0,0,0,0,0,0
120883,-0.19,-318,2747,0,0,0,0,0,0,0,0,0
120919,-0.20,-309,2725,0,0,0,0,0,0,0,0,0
120955,-0.25,-296,2721,0,0,0,0,0,0,0,0,0
120991,-0.21,-261,3052,0,0,0,0,0,0,0,0,0
121027,-0.18,-114,4095,0,0,0,0,0,0,0,0,0
121063,-0.22,193,4095,0,0,0,0,0,0,0,0,0
121099,-0.27,540,4095,0,0,0,0,0,0,0,0,0
121135,-0.22,772,3747,0,0,0,0,0,0,0,0,0
121171,-0.20,785,3007,0,0,0,0,0,0,0,0,0
121207,-0.24,558,2704,0,0,0,0,0,0,0,0,0
121243,-0.26,209,2765,0,0,0,0,0,0,0,0,0
121279,-0.15,-84,3009,0,0,0,0,0,0,0,0,0
121315,-0.29,-219,3251,0,0,0,0,0,0,0,0,0
121351,-0.20,-198,3287,0,0,0,0,0,0,0,0,0
121387,-0.24,-117,3021,0,0,0,0,0,0,0,0,0
121423,-0.23,-79,2844,0,0,0,0,0,0,0,0,0
121459,-0.18,-115,2743,0,0,0,0,0,0,0,0,0
121495,-0.25,-194,2716,0,0,0,0,0,0,0,0,0
121531,-0.22,-270,2768,0,0,0,0,0,0,0,0,0
121567,-0.24,-309,2846,0,0,0,0,0,0,0,0,0
121603,-0.27,-298,2927,0,0,0,0,0,0,0,0,0
121639,-0.18,-251,2927,0,0,0,0,0,0,0,0,0
121675,-0.15,-175,3215,0,0,0,0,0,0,0,0,0
121711,-0.24,-11,4095,0,0,0,0,0,0,0,0,0
121747,-0.16,272,4095,0,0,0,0,0,0,0,0,0
121783,-0.17,573,4095,0,0,0,0,0,0,0,0,0
121819,-0.18,775,3920,0,0,0,0,0,0,0,0,0
121855,-0.21,783,2982,0,0,0,0,0,0,0,0,0
121891,-0.16,545,2646,0,0,0,0,0,0,0,0,0
121927,-0.25,171,2731,0,0,0,0,0,0,0,0,0
121963,-0.14,-140,3057,0,0,0,0,0,0,0,0,0
121999,-0.17,-266,3378,0,0,0,0,0,0,0,0,0
122035,-0.17,-214,3390,0,0,0,0,0,0,0,0,0
122071,-0.25,-99,3141,0,0,0,0,0,0,0,0,0
122107,-0.23,-37,2925,0,0,0,0,0,0,0,0,0
122143,-0.27,-70,2747,0,0,0,0,0,0,0,0,0
122179,-0.21,-167,2714,0,0,0,0,0,0,0,0,0
122215,-0.18,-270,2771,0,0,0,0,0,0,0,0,0
122251,-0.25,-334,2815,0,0,0,0,0,0,0,0,0
122287,-0.15,-347,2864,0,0,0,0,0,0,0,0,0
122323,-0.23,-298,3228,0,0,0,0,0,0,0,0,0
122359,-0.18,-127,4095,0,0,0,0,0,0,0,0,0
122395,-0.16,180,4095,0,0,0,0,0,0,0,0,0
122431,-0.17,507,4095,0,0,0,0,0,0,0,0,0
122467,-0.22,707,3600,0,0,0,0,0,0,0,0,0
122503,-0.19,675,2837,0,0,0,0,0,0,0,0,0
122539,-0.11,402,2587,0,0,0,0,0,0,0,0,0
122575,-0.15,34,2733,0,0,0,0,0,0,0,0,0
122611,-0.18,-241,3057,0,0,0,0,0,0,0,0,0
122647,-0.24,-329,3291,0,0,0,0,0,0,0,0,0
122683,-0.19,-265,3231,0,0,0,0,0,0,0,0,0
122719,-0.25,-166,2988,0,0,0,0,0,0,0,0,0
122755,-0.21,-129,2779,0,0,0,0,0,0,0,0,0
122791,-0.16,-172,2701,0,0,0,0,0,0,0,0,0
122827,-0.15,-257,2667,0,0,0,0,0,0,0,0,0
122863,-0.17,-340,2672,0,0,0,0,0,0,0,0,0
122899,-0.23,-386,2784,0,0,0,0,0,0,0,0,0
122935,-0.09,-337,3477,0,0,0,0,0,0,0,0,0
122971,-0.18,-122,4095,0,0,0,0,0,0,0,0,0
123007,-0.20,222,4095,0,0,0,0,0,0,0,0,0
123043,-0.13,554,4095,0,0,0,0,0,0,0,0,0
123079,-0.25,722,3255,0,0,0,0,0,0,0,0,0
123115,-0.13,617,2649,0,0,0,0,0,0,0,0,0
123151,-0.23,278,2431,0,0,0,0,0,0,0,0,0
123187,-0.21,-116,2559,0,0,0,0,0,0,0,0,0
123223,-0.15,-390,2910,0,0,0,0,0,0,0,0,0
123259,-0.23,-468,3086,0,0,0,0,0,0,0,0,0
123295,-0.22,-403,2977,0,0,0,0,0,0,0,0,0
123331,-0.17,-307,2812,0,0,0,0,0,0,0,0,0
123367,-0.16,-259,2688,0,0,0,0,0,0,0,0,0
123403,-0.26,-270,2613,0,0,0,0,0,0,0,0,0
123439,-0.18,-314,2634,0,0,0,0,0,0,0,0,0
123475,-0.16,-354,2656,0,0,0,0,0,0,0,0,0
123511,-0.19,-355,2879,0,0,0,0,0,0,0,0,0
123547,-0.16,-225,4095,0,0,0,0,0,0,0,0,0
123583,-0.17,94,4095,0,0,0,0,0,0,0,0,0
123619,-0.23,473,4095,0,0,0,0,0,0,0,0,0
123655,-0.23,758,4095,0,0,0,0,0,0,0,0,0
123691,-0.26,857,3261,0,0,0,0,0,0,0,0,0
123727,-0.18,705,2832,0,0,0,0,0,0,0,0,0
123763,-0.17,366,2674,0,0,0,0,0,0,0,0,0
123799,-0.22,6,2799,0,0,0,0,0,0,0,0,0
123835,-0.21,-238,2992,0,0,0,0,0,0,0,0,0
123871,-0.18,-328,3041,0,0,0,0,0,0,0,0,0
123907,-0.19,-314,2928,0,0,0,0,0,0,0,0,0
123943,-0.19,-281,2766,0,0,0,0,0,0,0,0,0
123979,-0.20,-281,2653,0,0,0,0,0,0,0,0,0
124015,-0.23,-313,2671,0,0,0,0,0,0,0,0,0
124051,-0.25,-349,2672,0,0,0,0,0,0,0,0,0
124087,-0.24,-368,2685,0,0,0,0,0,0,0,0,0
124123,-0.19,-366,2703,0,0,0,0,0,0,0,0,0
124159,-0.15,-318,3141,0,0,0,0,0,0,0,0,0
124195,-0.12,-141,4095,0,0,0,0,0,0,0,0,0
124231,-0.12,190,4095,0,0,0,0,0,0,0,0,0
124267,-0.26,545,4095,0,0,0,0,0,0,0,0,0
124303,-0.26,785,3889,0,0,0,0,0,0,0,0,0
124339,-0.07,824,3152,0,0,0,0,0,0,0,0,0
124375,-0.17,625,2768,0,0,0,0,0,0,0,0,0
124411,-0.16,278,2703,0,0,0,0,0,0,0,0,0
124447,-0.25,-57,2801,0,0,0,0,0,0,0,0,0
124483,-0.20,-274,2933,0,0,0,0,0,0,0,0,0
124519,-0.19,-354,2933,0,0,0,0,0,0,0,0,0
124555,-0.18,-350,2838,0,0,0,0,0,0,0,0,0
124591,-0.21,-330,2690,0,0,0,0,0,0,0,0,0
124627,-0.18,-334,2622,0,0,0,0,0,0,0,0,0
124663,-0.20,-362,2608,0,0,0,0,0,0,0,0,0
124699,-0.17,-391,2602,0,0,0,0,0,0,0,0,0
124735,-0.21,-403,2661,0,0,0,0,0,0,0,0,0
124771,-0.15,-388,2695,0,0,0,0,0,0,0,0,0
124807,-0.19,-353,2663,0,0,0,0,0,0,0,0,0
124843,-0.23,-318,2667,0,0,0,0,0,0,0,0,0
124879,-0.29,-289,2659,0,0,0,0,0,0,0,0,0
124915,-0.12,-270,2605,0,0,0,0,0,0,0,0,0
124951,-0.22,-265,2599,0,0,0,0,0,0,0,0,0
124987,-0.26,-267,2605,0,0,0,0,0,0,0,0,0
125023,-0.27,-266,2621,0,0,0,0,0,0,0,0,0
125059,-0.14,-256,2627,0,0,0,0,0,0,0,0,0
125095,-0.15,-238,2633,0,0,0,0,0,0,0,0,0
125131,-0.16,-218,2617,0,0,0,0,0,0,0,0,0
125167,-0.15,-164,3211,0,0,0,0,0,0,0,0,0
125203,-0.18,25,4095,0,0,0,0,0,0,0,0,0
125239,-0.26,366,4095,0,0,0,0,0,0,0,0,0
125275,-0.17,718,4095,0,0,0,0,0,0,0,0,0
125311,-0.24,931,3622,0,0,0,0,0,0,0,0,0
125347,-0.17,907,2938,0,0,0,0,0,0,0,0,0
125383,-0.19,645,2683,0,0,0,0,0,0,0,0,0
125419,-0.19,285,2775,0,0,0,0,0,0,0,0,0
125455,-0.26,-2,3010,0,0,0,0,0,0,0,0,0
125491,-0.21,-131,3191,0,0,0,0,0,0,0,0,0
125527,-0.26,-124,3135,0,0,0,0,0,0,0,0,0
125563,-0.29,-73,2930,0,0,0,0,0,0,0,0,0
125599,-0.24,-58,2774,0,0,0,0,0,0,0,0,0
125635,-0.22,-100,2685,0,0,0,0,0,0,0,0,0
125671,-0.18,-173,2678,0,0,0,0,0,0,0,0,0
125707,-0.25,-237,2736,0,0,0,0,0,0,0,0,0
125743,-0.23,-264,2797,0,0,0,0,0,0,0,0,0
125779,-0.23,-250,2831,0,0,0,0,0,0,0,0,0
125815,-0.26,-215,2800,0,0,0,0,0,0,0,0,0
125851,-0.23,-179,2815,0,0,0,0,0,0,0,0,0
125887,-0.25,-120,3267,0,0,0,0,0,0,0,0,0
125923,-0.24,44,4095,0,0,0,0,0,0,0,0,0
125959,-0.20,341,4095,0,0,0,0,0,0,0,0,0
125995,-0.28,652,4095,0,0,0,0,0,0,0,0,0
126031,-0.26,827,3483,0,0,0,0,0,0,0,0,0
126067,-0.27,770,2940,0,0,0,0,0,0,0,0,0
126103,-0.22,502,2723,0,0,0,0,0,0,0,0,0
126139,-0.24,158,2729,0,0,0,0,0,0,0,0,0
126175,-0.30,-123,2861,0,0,0,0,0,0,0,0,0
126211,-0.26,-271,2992,0,0,0,0,0,0,0,0,0
126247,-0.21,-296,2960,0,0,0,0,0,0,0,0,0
126283,-0.25,-267,2800,0,0,0,0,0,0,0,0,0
126319,-0.22,-253,2672,0,0,0,0,0,0,0,0,0
126355,-0.14,-276,2608,0,0,0,0,0,0,0,0,0
126391,-0.25,-319,2612,0,0,0,0,0,0,0,0,0
126427,-0.18,-353,2639,0,0,0,0,0,0,0,0,0
126463,-0.19,-360,2701,0,0,0,0,0,0,0,0,0
126499,-0.23,-339,2695,0,0,0,0,0,0,0,0,0
126535,-0.19,-303,2721,0,0,0,0,0,0,0,0,0
126571,-0.23,-227,3271,0,0,0,0,0,0,0,0,0
126607,-0.16,-27,4095,0,0,0,0,0,0,0,0,0
126643,-0.27,306,4095,0,0,0,0,0,0,0,0,0
126679,-0.07,644,4095,0,0,0,0,0,0,0,0,0
126715,-0.17,853,3731,0,0,0,0,0,0,0,0,0
126751,-0.19,852,3131,0,0,0,0,0,0,0,0,0
126787,-0.17,634,2851,0,0,0,0,0,0,0,0,0
126823,-0.22,303,2768,0,0,0,0,0,0,0,0,0
126859,-0.11,-4,2870,0,0,0,0,0,0,0,0,0
126895,-0.26,-193,3036,0,0,0,0,0,0,0,0,0
126931,-0.16,-250,3055,0,0,0,0,0,0,0,0,0
126967,-0.16,-228,2963,0,0,0,0,0,0,0,0,0
127003,-0.22,-197,2817,0,0,0,0,0,0,0,0,0
127039,-0.24,-201,2713,0,0,0,0,0,0,0,0,0
127075,-0.22,-240,2674,0,0,0,0,0,0,0,0,0
127111,-0.22,-288,2704,0,0,0,0,0,0,0,0,0
127147,-0.16,-315,2763,0,0,0,0,0,0,0,0,0
127183,-0.19,-312,2754,0,0,0,0,0,0,0,0,0
127219,-0.25,-292,2723,0,0,0,0,0,0,0,0,0
127255,-0.22,-253,2993,0,0,0,0,0,0,0,0,0
127291,-0.22,-109,4095,0,0,0,0,0,0,0,0,0
127327,-0.19,198,4095,0,0,0,0,0,0,0,0,0
127363,-0.24,547,4095,0,0,0,0,0,0,0,0,0
127399,-0.22,803,4095,0,0,0,0,0,0,0,0,0
127435,-0.20,886,3327,0,0,0,0,0,0,0,0,0
127471,-0.28,739,2965,0,0,0,0,0,0,0,0,0
127507,-0.16,428,2837,0,0,0,0,0,0,0,0,0
127543,-0.17,100,2903,0,0,0,0,0,0,0,0,0
127579,-0.17,-133,3018,0,0,0,0,0,0,0,0,0
127615,-0.17,-241,3018,0,0,0,0,0,0,0,0,0
127651,-0.27,-262,2960,0,0,0,0,0,0,0,0,0
127687,-0.20,-253,2866,0,0,0,0,0,0,0,0,0
127723,-0.22,-251,2783,0,0,0,0,0,0,0,0,0
127759,-0.16,-269,2741,0,0,0,0,0,0,0,0,0
127795,-0.18,-294,2754,0,0,0,0,0,0,0,0,0
127831,-0.23,-311,2751,0,0,0,0,0,0,0,0,0
127867,-0.20,-313,2795,0,0,0,0,0,0,0,0,0
127903,-0.19,-302,2726,0,0,0,0,0,0,0,0,0
127939,-0.27,-292,2679,0,0,0,0,0,0,0,0,0
127975,-0.18,-291,2686,0,0,0,0,0,0,0,0,0
128011,-0.22,-260,3175,0,0,0,0,0,0,0,0,0
128047,-0.20,-97,4095,0,0,0,0,0,0,0,0,0
128083,-0.21,222,4095,0,0,0,0,0,0,0,0,0
128119,-0.22,567,4095,0,0,0,0,0,0,0,0,0
128155,-0.13,805,3958,0,0,0,0,0,0,0,0,0
128191,-0.17,849,3118,0,0,0,0,0,0,0,0,0
128227,-0.18,646,2740,0,0,0,0,0,0,0,0,0
128263,-0.22,291,2767,0,0,0,0,0,0,0,0,0
128299,-0.24,-29,3014,0,0,0,0,0,0,0,0,0
128335,-0.22,-200,3156,0,0,0,0,0,0,0,0,0
128371,-0.21,-226,3121,0,0,0,0,0,0,0,0,0
128407,-0.22,-195,2912,0,0,0,0,0,0,0,0,0
128443,-0.32,-191,2715,0,0,0,0,0,0,0,0,0
128479,-0.15,-237,2662,0,0,0,0,0,0,0,0,0
128515,-0.20,-303,2713,0,0,0,0,0,0,0,0,0
128551,-0.23,-346,2750,0,0,0,0,0,0,0,0,0
128587,-0.21,-351,2803,0,0,0,0,0,0,0,0,0
128623,-0.20,-323,2839,0,0,0,0,0,0,0,0,0
128659,-0.19,-281,2750,0,0,0,0,0,0,0,0,0
128695,-0.22,-251,2739,0,0,0,0,0,0,0,0,0
128731,-0.29,-198,3359,0,0,0,0,0,0,0,0,0
128767,-0.25,-22,4095,0,0,0,0,0,0,0,0,0
128803,-0.17,288,4095,0,0,0,0,0,0,0,0,0
128839,-0.25,606,4095,0,0,0,0,0,0,0,0,0
128875,-0.24,806,3793,0,0,0,0,0,0,0,0,0
128911,-0.22,801,3033,0,0,0,0,0,0,0,0,0
128947,-0.24,565,2739,0,0,0,0,0,0,0,0,0
128983,-0.16,212,2769,0,0,0,0,0,0,0,0,0
129019,-0.19,-90,2973,0,0,0,0,0,0,0,0,0
129055,-0.27,-243,3174,0,0,0,0,0,0,0,0,0
129091,-0.21,-256,3071,0,0,0,0,0,0,0,0,0
129127,-0.27,-218,2899,0,0,0,0,0,0,0,0,0
129163,-0.21,-207,2738,0,0,0,0,0,0,0,0,0
129199,-0.25,-245,2637,0,0,0,0,0,0,0,0,0
129235,-0.23,-312,2623,0,0,0,0,0,0,0,0,0
129271,-0.28,-370,2674,0,0,0,0,0,0,0,0,0
129307,-0.22,-392,2746,0,0,0,0,0,0,0,0,0
129343,-0.20,-374,2745,0,0,0,0,0,0,0,0,0
129379,-0.22,-337,2714,0,0,0,0,0,0,0,0,0
129415,-0.23,-303,2723,0,0,0,0,0,0,0,0,0
129451,-0.21,-235,3344,0,0,0,0,0,0,0,0,0
129487,-0.20,-39,4095,0,0,0,0,0,0,0,0,0
129523,-0.18,289,4095,0,0,0,0,0,0,0,0,0
129559,-0.23,619,4095,0,0,0,0,0,0,0,0,0
129595,-0.17,816,3653,0,0,0,0,0,0,0,0,0
129631,-0.30,791,2964,0,0,0,0,0,0,0,0,0
129667,-0.18,536,2697,0,0,0,0,0,0,0,0,0
129703,-0.19,182,2811,0,0,0,0,0,0,0,0,0
129739,-0.26,-94,3082,0,0,0,0,0,0,0,0,0
129775,-0.27,-208,3234,0,0,0,0,0,0,0,0,0
129811,-0.32,-188,3163,0,0,0,0,0,0,0,0,0
129847,-0.18,-131,2965,0,0,0,0,0,0,0,0,0
129883,-0.24,-111,2853,0,0,0,0,0,0,0,0,0
129919,-0.25,-142,2785,0,0,0,0,0,0,0,0,0
129955,-0.25,-198,2785,0,0,0,0,0,0,0,0,0
129991,-0.24,-250,2768,0,0,0,0,0,0,0,0,0
130027,-0.24,-285,2752,0,0,0,0,0,0,0,0,0
130063,-0.25,-292,2890,0,0,0,0,0,0,0,0,0
130099,-0.21,-212,3705,0,0,0,0,0,0,0,0,0
130135,-0.16,22,4095,0,0,0,0,0,0,0,0,0
130171,-0.22,353,4095,0,0,0,0,0,0,0,0,0
130207,-0.19,645,4095,0,0,0,0,0,0,0,0,0
130243,-0.23,781,3383,0,0,0,0,0,0,0,0,0
130279,-0.15,673,2807,0,0,0,0,0,0,0,0,0
130315,-0.25,359,2644,0,0,0,0,0,0,0,0,0
130351,-0.19,4,2832,0,0,0,0,0,0,0,0,0
130387,-0.19,-229,3152,0,0,0,0,0,0,0,0,0
130423,-0.31,-281,3306,0,0,0,0,0,0,0,0,0
130459,-0.20,-213,3120,0,0,0,0,0,0,0,0,0
130495,-0.34,-147,2848,0,0,0,0,0,0,0,0,0
130531,-0.24,-157,2686,0,0,0,0,0,0,0,0,0
130567,-0.24,-235,2592,0,0,0,0,0,0,0,0,0
130603,-0.23,-332,2654,0,0,0,0,0,0,0,0,0
130639,-0.14,-398,2702,0,0,0,0,0,0,0,0,0
130675,-0.22,-415,2722,0,0,0,0,0,0,0,0,0
130711,-0.13,-368,3154,0,0,0,0,0,0,0,0,0
130747,-0.20,-183,4095,0,0,0,0,0,0,0,0,0
130783,-0.21,153,4095,0,0,0,0,0,0,0,0,0
130819,-0.22,512,4095,0,0,0,0,0,0,0,0,0
130855,-0.30,766,4095,0,0,0,0,0,0,0,0,0
130891,-0.19,841,3282,0,0,0,0,0,0,0,0,0
130927,-0.29,681,2899,0,0,0,0,0,0,0,0,0
130963,-0.23,358,2850,0,0,0,0,0,0,0,0,0
130999,-0.23,40,3059,0,0,0,0,0,0,0,0,0
131035,-0.21,-147,3251,0,0,0,0,0,0,0,0,0
131071,-0.27,-190,3223,0,0,0,0,0,0,0,0,0
131107,-0.20,-165,3035,0,0,0,0,0,0,0,0,0
131143,-0.26,-156,2849,0,0,0,0,0,0,0,0,0
131179,-0.17,-198,2731,0,0,0,0,0,0,0,0,0
131215,-0.18,-272,2709,0,0,0,0,0,0,0,0,0
131251,-0.19,-346,2693,0,0,0,0,0,0,0,0,0
131287,-0.27,-396,2666,0,0,0,0,0,0,0,0,0
131323,-0.27,-408,2892,0,0,0,0,0,0,0,0,0
131359,-0.28,-293,4032,0,0,0,0,0,0,0,0,0
131395,-0.20,10,4095,0,0,0,0,0,0,0,0,0
131431,-0.21,382,4095,0,0,0,0,0,0,0,0,0
131467,-0.22,671,4095,0,0,0,0,0,0,0,0,0
131503,-0.21,803,3621,0,0,0,0,0,0,0,0,0
131539,-0.25,719,2973,0,0,0,0,0,0,0,0,0
131575,-0.23,432,2747,0,0,0,0,0,0,0,0,0
131611,-0.25,75,2813,0,0,0,0,0,0,0,0,0
131647,-0.25,-200,3003,0,0,0,0,0,0,0,0,0
131683,-0.25,-329,3059,0,0,0,0,0,0,0,0,0
131719,-0.16,-345,2960,0,0,0,0,0,0,0,0,0
131755,-0.23,-327,2793,0,0,0,0,0,0,0,0,0
131791,-0.24,-332,2661,0,0,0,0,0,0,0,0,0
131827,-0.26,-370,2604,0,0,0,0,0,0,0,0,0
131863,-0.14,-421,2609,0,0,0,0,0,0,0,0,0
131899,-0.25,-457,2629,0,0,0,0,0,0,0,0,0
131935,-0.31,-466,2650,0,0,0,0,0,0,0,0,0
131971,-0.31,-448,2675,0,0,0,0,0,0,0,0,0
132007,-0.19,-406,2774,0,0,0,0,0,0,0,0,0
132043,-0.22,-290,3629,0,0,0,0,0,0,0,0,0
132079,-0.22,-26,4095,0,0,0,0,0,0,0,0,0
132115,-0.28,336,4095,0,0,0,0,0,0,0,0,0
132151,-0.23,657,4095,0,0,0,0,0,0,0,0,0
132187,-0.15,833,3682,0,0,0,0,0,0,0,0,0
132223,-0.26,787,2960,0,0,0,0,0,0,0,0,0
132259,-0.27,517,2695,0,0,0,0,0,0,0,0,0
132295,-0.20,148,2730,0,0,0,0,0,0,0,0,0
132331,-0.29,-152,2958,0,0,0,0,0,0,0,0,0
132367,-0.23,-295,3089,0,0,0,0,0,0,0,0,0
132403,-0.22,-306,2990,0,0,0,0,0,0,0,0,0
132439,-0.28,-273,2810,0,0,0,0,0,0,0,0,0
132475,-0.23,-271,2635,0,0,0,0,0,0,0,0,0
132511,-0.22,-316,2544,0,0,0,0,0,0,0,0,0
132547,-0.23,-387,2523,0,0,0,0,0,0,0,0,0
132583,-0.27,-447,2559,0,0,0,0,0,0,0,0,0
132619,-0.25,-472,2607,0,0,0,0,0,0,0,0,0
132655,-0.22,-458,2640,0,0,0,0,0,0,0,0,0
132691,-0.20,-417,2650,0,0,0,0,0,0,0,0,0
132727,-0.29,-366,2652,0,0,0,0,0,0,0,0,0
132763,-0.20,-302,2929,0,0,0,0,0,0,0,0,0
132799,-0.20,-133,4095,0,0,0,0,0,0,0,0,0
132835,-0.15,199,4095,0,0,0,0,0,0,0,0,0
132871,-0.27,572,4095,0,0,0,0,0,0,0,0,0
132907,-0.23,822,3750,0,0,0,0,0,0,0,0,0
132943,-0.26,844,2988,0,0,0,0,0,0,0,0,0
132979,-0.30,610,2594,0,0,0,0,0,0,0,0,0
133015,-0.20,228,2543,0,0,0,0,0,0,0,0,0
133051,-0.21,-120,2782,0,0,0,0,0,0,0,0,0
133087,-0.23,-311,3021,0,0,0,0,0,0,0,0,0
133123,-0.24,-331,3040,0,0,0,0,0,0,0,0,0
133159,-0.32,-266,2907,0,0,0,0,0,0,0,0,0
133195,-0.24,-208,2751,0,0,0,0,0,0,0,0,0
133231,-0.27,-204,2605,0,0,0,0,0,0,0,0,0
133267,-0.23,-252,2555,0,0,0,0,0,0,0,0,0
133303,-0.25,-315,2610,0,0,0,0,0,0,0,0,0
133339,-0.17,-354,2635,0,0,0,0,0,0,0,0,0
133375,-0.26,-359,2640,0,0,0,0,0,0,0,0,0
133411,-0.22,-339,2672,0,0,0,0,0,0,0,0,0
133447,-0.22,-303,2713,0,0,0,0,0,0,0,0,0
133483,-0.26,-242,2970,0,0,0,0,0,0,0,0,0
133519,-0.14,-95,3794,0,0,0,0,0,0,0,0,0
133555,-0.24,188,4095,0,0,0,0,0,0,0,0,0
133591,-0.13,534,4095,0,0,0,0,0,0,0,0,0
133627,-0.21,798,3856,0,0,0,0,0,0,0,0,0
133663,-0.24,857,3038,0,0,0,0,0,0,0,0,0
133699,-0.25,657,2641,0,0,0,0,0,0,0,0,0
133735,-0.30,295,2583,0,0,0,0,0,0,0,0,0
133771,-0.23,-49,2796,0,0,0,0,0,0,0,0,0
133807,-0.26,-249,3022,0,0,0,0,0,0,0,0,0
133843,-0.17,-284,3056,0,0,0,0,0,0,0,0,0
133879,-0.19,-232,2907,0,0,0,0,0,0,0,0,0
133915,-0.17,-185,2735,0,0,0,0,0,0,0,0,0
133951,-0.18,-189,2635,0,0,0,0,0,0,0,0,0
133987,-0.19,-233,2647,0,0,0,0,0,0,0,0,0
134023,-0.24,-276,2726,0,0,0,0,0,0,0,0,0
134059,-0.27,-292,2704,0,0,0,0,0,0,0,0,0
134095,-0.25,-287,2673,0,0,0,0,0,0,0,0,0
134131,-0.25,-274,2729,0,0,0,0,0,0,0,0,0
134167,-0.21,-224,3137,0,0,0,0,0,0,0,0,0
134203,-0.23,-53,4082,0,0,0,0,0,0,0,0,0
134239,-0.27,268,4095,0,0,0,0,0,0,0,0,0
134275,-0.14,597,3839,0,0,0,0,0,0,0,0,0
134311,-0.15,746,3127,0,0,0,0,0,0,0,0,0
134347,-0.22,631,2688,0,0,0,0,0,0,0,0,0
134383,-0.08,320,2489,0,0,0,0,0,0,0,0,0
134419,-0.25,-30,2608,0,0,0,0,0,0,0,0,0
134455,-0.20,-279,2777,0,0,0,0,0,0,0,0,0
134491,-0.18,-378,2857,0,0,0,0,0,0,0,0,0
134527,-0.20,-366,2800,0,0,0,0,0,0,0,0,0
134563,-0.22,-314,2733,0,0,0,0,0,0,0,0,0
134599,-0.25,-277,2613,0,0,0,0,0,0,0,0,0
134635,-0.19,-276,2550,0,0,0,0,0,0,0,0,0
134671,-0.25,-298,2559,0,0,0,0,0,0,0,0,0
134707,-0.19,-317,2613,0,0,0,0,0,0,0,0,0
134743,-0.28,-315,2640,0,0,0,0,0,0,0,0,0
134779,-0.23,-294,2670,0,0,0,0,0,0,0,0,0
134815,-0.12,-261,2671,0,0,0,0,0,0,0,0,0
134851,-0.22,-213,2878,0,0,0,0,0,0,0,0,0
134887,-0.21,-95,3583,0,0,0,0,0,0,0,0,0
134923,-0.20,156,4095,0,0,0,0,0,0,0,0,0
134959,-0.18,496,4095,0,0,0,0,0,0,0,0,0
134995,-0.23,754,3442,0,0,0,0,0,0,0,0,0
135031,-0.24,776,2951,0,0,0,0,0,0,0,0,0
135067,-0.17,565,2708,0,0,0,0,0,0,0,0,0
135103,-0.25,250,2682,0,0,0,0,0,0,0,0,0
135139,-0.16,-29,2807,0,0,0,0,0,0,0,0,0
135175,-0.26,-192,2927,0,0,0,0,0,0,0,0,0
135211,-0.23,-234,2938,0,0,0,0,0,0,0,0,0
135247,-0.22,-210,2851,0,0,0,0,0,0,0,0,0
135283,-0.14,-184,2704,0,0,0,0,0,0,0,0,0
135319,-0.22,-192,2621,0,0,0,0,0,0,0,0,0
135355,-0.20,-229,2619,0,0,0,0,0,0,0,0,0
135391,-0.27,-265,2662,0,0,0,0,0,0,0,0,0
135427,-0.23,-279,2687,0,0,0,0,0,0,0,0,0
135463,-0.17,-270,2703,0,0,0,0,0,0,0,0,0
135499,-0.27,-248,2667,0,0,0,0,0,0,0,0,0
135535,-0.22,-227,2657,0,0,0,0,0,0,0,0,0
135571,-0.20,-205,2767,0,0,0,0,0,0,0,0,0
135607,-0.30,-138,3295,0,0,0,0,0,0,0,0,0
135643,-0.23,56,4095,0,0,0,0,0,0,0,0,0
135679,-0.33,384,4095,0,0,0,0,0,0,0,0,0
135715,-0.24,694,3785,0,0,0,0,0,0,0,0,0
135751,-0.23,816,3163,0,0,0,0,0,0,0,0,0
135787,-0.17,694,2839,0,0,0,0,0,0,0,0,0
135823,-0.26,411,2736,0,0,0,0,0,0,0,0,0
135859,-0.17,111,2829,0,0,0,0,0,0,0,0,0
135895,-0.20,-93,2982,0,0,0,0,0,0,0,0,0
135931,-0.28,-171,3045,0,0,0,0,0,0,0,0,0
135967,-0.17,-160,2967,0,0,0,0,0,0,0,0,0
136003,-0.18,-131,2815,0,0,0,0,0,0,0,0,0
136039,-0.19,-133,2723,0,0,0,0,0,0,0,0,0
136075,-0.18,-171,2661,0,0,0,0,0,0,0,0,0
136111,-0.27,-222,2672,0,0,0,0,0,0,0,0,0
136147,-0.13,-261,2699,0,0,0,0,0,0,0,0,0
136183,-0.24,-274,2718,0,0,0,0,0,0,0,0,0
136219,-0.19,-261,2786,0,0,0,0,0,0,0,0,0
136255,-0.18,-226,2800,0,0,0,0,0,0,0,0,0
136291,-0.20,-184,2768,0,0,0,0,0,0,0,0,0
136327,-0.31,-156,2719,0,0,0,0,0,0,0,0,0
136363,0.90,-129,2970,0,0,0,0,0,0,0,0,0
136399,1.76,-27,3781,0,0,0,0,0,0,0,0,0
136435,4.59,217,4095,0,0,0,0,0,0,0,0,0
136471,5.32,537,4095,0,0,0,0,0,0,0,0,0
136507,5.30,769,3523,0,0,0,0,0,0,0,0,0
136543,23.11,781,3027,0,0,0,0,0,0,0,0,0
136579,21.69,573,2799,0,0,0,0,0,0,0,0,0
136615,22.65,268,2797,0,0,0,0,0,0,0,0,0
136651,24.47,5,2964,0,0,0,0,0,0,0,0,0
136687,27.18,-133,3131,0,0,0,0,0,0,0,0,0
136723,30.61,-145,3167,0,0,0,0,0,0,0,0,0
136759,33.02,-99,3001,0,0,0,0,0,0,0,0,0
136795,31.41,-67,2896,0,0,0,0,0,0,0,0,0
136831,29.66,-79,2820,0,0,0,0,0,0,0,0,0
136867,27.78,-120,2821,0,0,0,0,0,0,0,0,0
136903,31.89,-162,2846,0,0,0,0,0,0,0,0,0
136939,27.96,-181,2906,0,0,0,0,0,0,0,0,0
136975,30.61,-173,2926,0,0,0,0,0,0,0,0,0
137011,31.11,-147,2929,0,0,0,0,0,0,0,0,0
137047,29.45,-119,2889,0,0,0,0,0,0,0,0,0
137083,28.70,-89,3088,0,0,0,0,0,0,0,0,0
137119,28.07,4,3796,0,0,0,0,0,0,0,0,0
137155,27.92,221,4095,0,0,0,0,0,0,0,0,0
137191,28.13,504,4095,0,0,0,0,0,0,0,0,0
137227,29.77,711,3633,0,0,0,0,0,0,0,0,0
137263,32.33,722,3083,0,0,0,0,0,0,0,0,0
137299,32.85,522,2819,0,0,0,0,0,0,0,0,0
137335,32.03,219,2832,0,0,0,0,0,0,0,0,0
137371,32.23,-42,3017,0,0,0,0,0,0,0,0,0
137407,32.91,-176,3188,0,0,0,0,0,0,0,0,0
137443,32.88,-184,3171,0,0,0,0,0,0,0,0,0
137479,32.48,-135,3062,0,0,0,0,0,0,0,0,0
137515,31.43,-100,2941,0,0,0,0,0,0,0,0,0
137551,31.21,-107,2875,0,0,0,0,0,0,0,0,0
137587,31.10,-143,2867,0,0,0,0,0,0,0,0,0
137623,30.88,-186,2826,0,0,0,0,0,0,0,0,0
137659,30.50,-221,2835,0,0,0,0,0,0,0,0,0
137695,30.34,-238,2886,0,0,0,0,0,0,0,0,0
137731,30.47,-228,2944,0,0,0,0,0,0,0,0,0
137767,30.59,-176,3237,0,0,0,0,0,0,0,0,0
137803,30.75,-28,4009,0,0,0,0,0,0,0,0,0
137839,31.06,241,4095,0,0,0,0,0,0,0,0,0
137875,32.68,536,4095,0,0,0,0,0,0,0,0,0
137911,35.04,716,3535,0,0,0,0,0,0,0,0,0
137947,35.94,685,3071,0,0,0,0,0,0,0,0,0
137983,35.63,461,2879,0,0,0,0,0,0,0,0,0
138019,35.04,164,2882,0,0,0,0,0,0,0,0,0
138055,35.10,-81,3023,0,0,0,0,0,0,0,0,0
138091,35.60,-210,3141,0,0,0,0,0,0,0,0,0
138127,36.02,-228,3133,0,0,0,0,0,0,0,0,0
138163,36.41,-195,3027,0,0,0,0,0,0,0,0,0
138199,36.31,-169,2915,0,0,0,0,0,0,0,0,0
138235,36.03,-176,2862,0,0,0,0,0,0,0,0,0
138271,35.94,-206,2835,0,0,0,0,0,0,0,0,0
138307,35.38,-242,2827,0,0,0,0,0,0,0,0,0
138343,35.10,-265,2864,0,0,0,0,0,0,0,0,0
138379,35.31,-268,2864,0,0,0,0,0,0,0,0,0
138415,35.60,-257,2835,0,0,0,0,0,0,0,0,0
138451,35.54,-238,2917,0,0,0,0,0,0,0,0,0
138487,35.53,-173,3446,0,0,0,0,0,0,0,0,0
138523,35.63,9,4095,0,0,0,0,0,0,0,0,0
138559,35.56,303,4095,0,0,0,0,0,0,0,0,0
138595,35.48,593,4095,0,0,0,0,0,0,0,0,0
138631,35.60,749,3499,0,0,0,0,0,0,0,0,0
138667,35.47,693,3109,0,0,0,0,0,0,0,0,0
138703,35.55,460,2960,0,0,0,0,0,0,0,0,0
138739,35.60,173,2974,0,0,0,0,0,0,0,0,0
138775,35.73,-54,3071,0,0,0,0,0,0,0,0,0
138811,35.65,-174,3138,0,0,0,0,0,0,0,0,0
138847,35.84,-199,3145,0,0,0,0,0,0,0,0,0
138883,35.97,-179,3058,0,0,0,0,0,0,0,0,0
138919,36.11,-162,2944,0,0,0,0,0,0,0,0,0
138955,36.41,-174,2879,0,0,0,0,0,0,0,0,0
138991,36.40,-207,2870,0,0,0,0,0,0,0,0,0
139027,36.53,-239,2905,0,0,0,0,0,0,0,0,0
139063,36.88,-251,2935,0,0,0,0,0,0,0,0,0
139099,37.04,-240,2943,0,0,0,0,0,0,0,0,0
139135,37.43,-218,2922,0,0,0,0,0,0,0,0,0
139171,37.83,-196,2932,0,0,0,0,0,0,0,0,0
139207,38.09,-162,3184,0,0,0,0,0,0,0,0,0
139243,38.07,-39,4077,0,0,0,0,0,0,0,0,0
139279,38.26,217,4095,0,0,0,0,0,0,0,0,0
139315,38.38,509,4095,0,0,0,0,0,0,0,0,0
139351,38.41,706,3818,0,0,0,0,0,0,0,0,0
139387,38.73,727,3297,0,0,0,0,0,0,0,0,0
139423,38.99,560,3049,0,0,0,0,0,0,0,0,0
139459,39.04,287,2976,0,0,0,0,0,0,0,0,0
139495,39.39,26,3043,0,0,0,0,0,0,0,0,0
139531,39.58,-144,3132,0,0,0,0,0,0,0,0,0
139567,39.53,-212,3138,0,0,0,0,0,0,0,0,0
139603,39.92,-217,3027,0,0,0,0,0,0,0,0,0
139639,40.19,-214,2923,0,0,0,0,0,0,0,0,0
139675,40.24,-230,2871,0,0,0,0,0,0,0,0,0
139711,40.59,-259,2879,0,0,0,0,0,0,0,0,0
139747,40.86,-279,2928,0,0,0,0,0,0,0,0,0
139783,41.14,-277,2937,0,0,0,0,0,0,0,0,0
139819,41.61,-257,2938,0,0,0,0,0,0,0,0,0
139855,42.04,-233,2919,0,0,0,0,0,0,0,0,0
139891,42.72,-213,2925,0,0,0,0,0,0,0,0,0
139927,43.15,-197,2931,0,0,0,0,0,0,0,0,0
139963,43.53,-163,3235,0,0,0,0,0,0,0,0,0
139999,43.91,-33,4095,0,0,0,0,0,0,0,0,0
140035,44.36,229,4095,0,0,0,0,0,0,0,0,0
140071,44.66,520,4095,0,0,0,0,0,0,0,0,0
140107,45.21,695,3568,0,0,0,0,0,0,0,0,0
140143,46.12,666,3139,0,0,0,0,0,0,0,0,0
140179,46.82,453,2935,0,0,0,0,0,0,0,0,0
140215,47.70,170,2966,0,0,0,0,0,0,0,0,0
140251,47.99,-63,3090,0,0,0,0,0,0,0,0,0
140287,48.27,-184,3202,0,0,0,0,0,0,0,0,0
140323,48.11,-201,3197,0,0,0,0,0,0,0,0,0
140359,48.23,-169,3071,0,0,0,0,0,0,0,0,0
140395,48.31,-149,2955,0,0,0,0,0,0,0,0,0
140431,49.03,-165,2892,0,0,0,0,0,0,0,0,0
140467,49.99,-205,2878,0,0,0,0,0,0,0,0,0
140503,49.38,-244,2895,0,0,0,0,0,0,0,0,0
140539,47.25,-265,2931,0,0,0,0,0,0,0,0,0
140575,46.03,-262,2927,0,0,0,0,0,0,0,0,0
140611,45.83,-245,2928,0,0,0,0,0,0,0,0,0
140647,45.92,-212,3091,0,0,0,0,0,0,0,0,0
140683,45.83,-115,3745,0,0,0,0,0,0,0,0,0
140719,45.85,99,4095,0,0,0,0,0,0,0,0,0
140755,46.08,385,4095,0,0,0,0,0,0,0,0,0
140791,46.61,602,3650,0,0,0,0,0,0,0,0,0
140827,47.38,631,3147,0,0,0,0,0,0,0,0,0
140863,47.99,457,2915,0,0,0,0,0,0,0,0,0
140899,48.41,182,2899,0,0,0,0,0,0,0,0,0
140935,49.24,-63,3027,0,0,0,0,0,0,0,0,0
140971,50.56,-203,3140,0,0,0,0,0,0,0,0,0
141007,51.40,-233,3163,0,0,0,0,0,0,0,0,0
141043,51.50,-202,3097,0,0,0,0,0,0,0,0,0
141079,51.47,-167,2986,0,0,0,0,0,0,0,0,0
141115,51.80,-165,2882,0,0,0,0,0,0,0,0,0
141151,52.92,-197,2817,0,0,0,0,0,0,0,0,0
141187,51.81,-245,2835,0,0,0,0,0,0,0,0,0
141223,49.27,-280,2875,0,0,0,0,0,0,0,0,0
141259,48.69,-288,2896,0,0,0,0,0,0,0,0,0
141295,48.66,-266,2992,0,0,0,0,0,0,0,0,0
141331,48.67,-187,3515,0,0,0,0,0,0,0,0,0
141367,49.05,5,4095,0,0,0,0,0,0,0,0,0
141403,49.79,297,4095,0,0,0,0,0,0,0,0,0
141439,50.42,566,3920,0,0,0,0,0,0,0,0,0
141475,51.15,681,3355,0,0,0,0,0,0,0,0,0
141511,52.24,587,3045,0,0,0,0,0,0,0,0,0
141547,53.93,339,2883,0,0,0,0,0,0,0,0,0
141583,54.33,58,2925,0,0,0,0,0,0,0,0,0
141619,54.17,-151,3056,0,0,0,0,0,0,0,0,0
141655,54.94,-248,3090,0,0,0,0,0,0,0,0,0
141691,55.38,-258,3057,0,0,0,0,0,0,0,0,0
141727,51.98,-237,2951,0,0,0,0,0,0,0,0,0
141763,50.90,-229,2864,0,0,0,0,0,0,0,0,0
141799,50.79,-244,2825,0,0,0,0,0,0,0,0,0
141835,50.87,-270,2848,0,0,0,0,0,0,0,0,0
141871,51.45,-284,2893,0,0,0,0,0,0,0,0,0
141907,52.63,-277,2896,0,0,0,0,0,0,0,0,0
141943,53.54,-255,2895,0,0,0,0,0,0,0,0,0
141979,54.83,-218,3086,0,0,0,0,0,0,0,0,0
142015,56.41,-120,3661,0,0,0,0,0,0,0,0,0
142051,56.61,91,4095,0,0,0,0,0,0,0,0,0
142087,56.86,378,4095,0,0,0,0,0,0,0,0,0
142123,57.99,606,3662,0,0,0,0,0,0,0,0,0
142159,54.39,651,3246,0,0,0,0,0,0,0,0,0
142195,53.32,504,3026,0,0,0,0,0,0,0,0,0
142231,53.02,255,2928,0,0,0,0,0,0,0,0,0
142267,53.22,7,2956,0,0,0,0,0,0,0,0,0
142303,53.59,-165,3023,0,0,0,0,0,0,0,0,0
142339,54.32,-245,3044,0,0,0,0,0,0,0,0,0
142375,55.02,-260,2966,0,0,0,0,0,0,0,0,0
142411,55.64,-251,2928,0,0,0,0,0,0,0,0,0
142447,56.19,-243,2901,0,0,0,0,0,0,0,0,0
142483,57.13,-242,2877,0,0,0,0,0,0,0,0,0
142519,57.78,-248,2823,0,0,0,0,0,0,0,0,0
142555,58.65,-261,2814,0,0,0,0,0,0,0,0,0
142591,59.40,-270,2858,0,0,0,0,0,0,0,0,0
142627,59.85,-264,2874,0,0,0,0,0,0,0,0,0
142663,60.16,-239,2942,0,0,0,0,0,0,0,0,0
142699,60.41,-176,3339,0,0,0,0,0,0,0,0,0
142735,60.42,-8,4095,0,0,0,0,0,0,0,0,0
142771,60.40,276,4095,0,0,0,0,0,0,0,0,0
142807,60.12,550,3763,0,0,0,0,0,0,0,0,0
142843,59.66,660,3328,0,0,0,0,0,0,0,0,0
142879,59.44,566,3040,0,0,0,0,0,0,0,0,0
142915,58.93,332,2884,0,0,0,0,0,0,0,0,0
142951,58.66,66,2864,0,0,0,0,0,0,0,0,0
142987,58.44,-143,2959,0,0,0,0,0,0,0,0,0
143023,57.97,-250,3051,0,0,0,0,0,0,0,0,0
143059,57.39,-264,3056,0,0,0,0,0,0,0,0,0
143095,57.38,-231,2978,0,0,0,0,0,0,0,0,0
143131,57.81,-201,2905,0,0,0,0,0,0,0,0,0
143167,60.08,-197,2833,0,0,0,0,0,0,0,0,0
143203,63.56,-216,2814,0,0,0,0,0,0,0,0,0
143239,62.62,-239,2848,0,0,0,0,0,0,0,0,0
143275,63.67,-249,2869,0,0,0,0,0,0,0,0,0
143311,62.83,-242,2864,0,0,0,0,0,0,0,0,0
143347,61.84,-227,2865,0,0,0,0,0,0,0,0,0
143383,61.06,-209,2862,0,0,0,0,0,0,0,0,0
143419,59.94,-187,2944,0,0,0,0,0,0,0,0,0
143455,60.21,-127,3392,0,0,0,0,0,0,0,0,0
143491,65.42,31,3933,0,0,0,0,0,0,0,0,0
143527,64.81,280,3911,0,0,0,0,0,0,0,0,0
143563,65.65,493,3489,0,0,0,0,0,0,0,0,0
143599,63.27,544,3146,0,0,0,0,0,0,0,0,0
143635,62.07,423,2953,0,0,0,0,0,0,0,0,0
143671,61.26,213,2898,0,0,0,0,0,0,0,0,0
143707,67.03,10,2973,0,0,0,0,0,0,0,0,0
143743,66.74,-120,3053,0,0,0,0,0,0,0,0,0
143779,65.30,-165,3101,0,0,0,0,0,0,0,0,0
143815,63.48,-151,3071,0,0,0,0,0,0,0,0,0
143851,62.09,-120,2999,0,0,0,0,0,0,0,0,0
143887,67.40,-107,2898,0,0,0,0,0,0,0,0,0
143923,67.21,-124,2859,0,0,0,0,0,0,0,0,0
143959,67.28,-156,2890,0,0,0,0,0,0,0,0,0
143995,64.95,-180,2903,0,0,0,0,0,0,0,0,0
144031,63.73,-187,2901,0,0,0,0,0,0,0,0,0
144067,66.37,-181,2931,0,0,0,0,0,0,0,0,0
144103,68.91,-161,2974,0,0,0,0,0,0,0,0,0
144139,69.84,-114,3248,0,0,0,0,0,0,0,0,0
144175,67.41,2,3729,0,0,0,0,0,0,0,0,0
144211,65.95,209,3969,0,0,0,0,0,0,0,0,0
144247,64.84,425,3599,0,0,0,0,0,0,0,0,0
144283,70.03,517,3199,0,0,0,0,0,0,0,0,0
144319,69.94,434,2971,0,0,0,0,0,0,0,0,0
144355,70.48,239,2885,0,0,0,0,0,0,0,0,0
144391,67.95,27,2895,0,0,0,0,0,0,0,0,0
144427,66.34,-127,2998,0,0,0,0,0,0,0,0,0
144463,66.01,-189,3152,0,0,0,0,0,0,0,0,0
144499,71.64,-168,3136,0,0,0,0,0,0,0,0,0
144535,70.97,-120,2995,0,0,0,0,0,0,0,0,0
144571,70.88,-97,2915,0,0,0,0,0,0,0,0,0
144607,68.53,-113,2859,0,0,0,0,0,0,0,0,0
144643,67.14,-149,2870,0,0,0,0,0,0,0,0,0
144679,67.27,-180,2899,0,0,0,0,0,0,0,0,0
144715,73.68,-192,2911,0,0,0,0,0,0,0,0,0
144751,73.09,-186,2909,0,0,0,0,0,0,0,0,0
144787,72.07,-154,3168,0,0,0,0,0,0,0,0,0
144823,69.57,-51,3698,0,0,0,0,0,0,0,0,0
144859,67.99,157,4022,0,0,0,0,0,0,0,0,0
144895,72.85,401,3699,0,0,0,0,0,0,0,0,0
144931,73.13,527,3201,0,0,0,0,0,0,0,0,0
144967,72.07,457,2928,0,0,0,0,0,0,0,0,0
145003,70.23,248,2818,0,0,0,0,0,0,0,0,0
145039,69.91,10,2807,0,0,0,0,0,0,0,0,0
145075,74.40,-175,2879,0,0,0,0,0,0,0,0,0
145111,74.55,-270,2951,0,0,0,0,0,0,0,0,0
145147,71.52,-282,2977,0,0,0,0,0,0,0,0,0
145183,70.84,-249,2932,0,0,0,0,0,0,0,0,0
145219,75.22,-210,2886,0,0,0,0,0,0,0,0,0
145255,74.28,-188,2857,0,0,0,0,0,0,0,0,0
145291,71.72,-183,2855,0,0,0,0,0,0,0,0,0
145327,77.34,-185,2845,0,0,0,0,0,0,0,0,0
145363,77.66,-190,2802,0,0,0,0,0,0,0,0,0
145399,74.07,-197,2827,0,0,0,0,0,0,0,0,0
145435,76.50,-187,2998,0,0,0,0,0,0,0,0,0
145471,78.17,-105,3642,0,0,0,0,0,0,0,0,0
145507,74.26,107,4095,0,0,0,0,0,0,0,0,0
145543,76.79,408,4095,0,0,0,0,0,0,0,0,0
145579,78.54,654,3712,0,0,0,0,0,0,0,0,0
145615,74.48,721,3311,0,0,0,0,0,0,0,0,0
145651,79.25,596,3099,0,0,0,0,0,0,0,0,0
145687,78.58,361,2971,0,0,0,0,0,0,0,0,0
145723,74.47,116,2994,0,0,0,0,0,0,0,0,0
145759,78.93,-64,3061,0,0,0,0,0,0,0,0,0
145795,76.73,-152,3134,0,0,0,0,0,0,0,0,0
145831,78.10,-164,3120,0,0,0,0,0,0,0,0,0
145867,79.93,-139,3069,0,0,0,0,0,0,0,0,0
145903,75.30,-118,2990,0,0,0,0,0,0,0,0,0
145939,80.11,-120,2935,0,0,0,0,0,0,0,0,0
145989,77.14,-141,2903,0,0,0,0,0,0,0,0,0
146038,79.38,-167,2938,0,0,0,0,0,0,0,0,0
146087,82.46,-182,2938,0,0,0,0,0,0,0,0,0
146136,79.11,-182,2975,0,0,0,0,0,0,0,0,0
146185,82.25,-147,3303,0,0,0,0,0,0,0,0,0
146234,83.16,-10,4095,0,0,0,0,0,0,0,0,0
146283,78.71,252,4095,0,0,0,0,0,0,0,0,0
146332,83.12,492,3440,0,0,0,0,0,0,0,0,0
146381,82.48,536,3052,0,0,0,0,0,0,0,0,0
146430,79.25,381,2940,0,0,0,0,0,0,0,0,0
146479,84.17,149,2975,0,0,0,0,0,0,0,0,0
146528,82.18,-44,3056,0,0,0,0,0,0,0,0,0
146577,81.23,-153,3059,0,0,0,0,0,0,0,0,0
146626,85.27,-199,2901,0,0,0,0,0,0,0,0,0
146675,82.09,-223,2927,0,0,0,0,0,0,0,0,0
146724,84.17,-238,2899,0,0,0,0,0,0,0,0,0
146773,86.38,-242,2903,0,0,0,0,0,0,0,0,0
146822,83.52,-237,2906,0,0,0,0,0,0,0,0,0
146871,87.97,-226,2905,0,0,0,0,0,0,0,0,0
146920,89.15,-205,3023,0,0,0,0,0,0,0,0,0
146969,85.42,-123,3706,0,0,0,0,0,0,0,0,0
147018,88.29,82,4095,0,0,0,0,0,0,0,0,0
147067,90.03,339,3614,0,0,0,0,0,0,0,0,0
147116,86.55,460,3004,0,0,0,0,0,0,0,0,0
147165,87.13,363,2835,0,0,0,0,0,0,0,0,0
147214,90.38,143,2851,0,0,0,0,0,0,0,0,0
147263,87.06,-65,2963,0,0,0,0,0,0,0,0,0
147312,89.22,-188,3028,0,0,0,0,0,0,0,0,0
147361,91.10,-229,2960,0,0,0,0,0,0,0,0,0
147410,86.62,-226,2955,0,0,0,0,0,0,0,0,0
147459,90.61,-208,2970,0,0,0,0,0,0,0,0,0
147508,88.63,-182,2987,0,0,0,0,0,0,0,0,0
147557,91.85,-155,2981,0,0,0,0,0,0,0,0,0
147606,91.54,-131,2993,0,0,0,0,0,0,0,0,0
147655,92.09,-108,3082,0,0,0,0,0,0,0,0,0
147704,93.40,-63,3327,0,0,0,0,0,0,0,0,0
147753,92.52,62,4017,0,0,0,0,0,0,0,0,0
147802,92.88,276,3824,0,0,0,0,0,0,0,0,0
147851,94.74,443,3277,0,0,0,0,0,0,0,0,0
147900,92.04,441,3088,0,0,0,0,0,0,0,0,0
147949,94.70,298,2989,0,0,0,0,0,0,0,0,0
147998,91.13,116,3056,0,0,0,0,0,0,0,0,0
148047,95.87,-26,3091,0,0,0,0,0,0,0,0,0
148096,94.52,-102,3062,0,0,0,0,0,0,0,0,0
148145,93.32,-130,3088,0,0,0,0,0,0,0,0,0
148194,96.33,-129,3057,0,0,0,0,0,0,0,0,0
148243,93.72,-117,3068,0,0,0,0,0,0,0,0,0
148292,96.20,-108,3001,0,0,0,0,0,0,0,0,0
148341,99.47,-108,3019,0,0,0,0,0,0,0,0,0
148390,98.49,-97,3232,0,0,0,0,0,0,0,0,0
148439,96.37,-24,3697,0,0,0,0,0,0,0,0,0
148488,100.05,114,3529,0,0,0,0,0,0,0,0,0
148538,99.79,221,3161,0,0,0,0,0,0,0,0,0
148587,100.27,211,2983,0,0,0,0,0,0,0,0,0
148637,96.47,103,2913,0,0,0,0,0,0,0,0,0
148686,98.04,-29,3002,0,0,0,0,0,0,0,0,0
148735,100.91,-122,3038,0,0,0,0,0,0,0,0,0
148785,102.44,-161,3031,0,0,0,0,0,0,0,0,0
148835,102.35,-165,3009,0,0,0,0,0,0,0,0,0
148885,102.56,-156,2977,0,0,0,0,0,0,0,0,0
148935,105.05,-150,2955,0,0,0,0,0,0,0,0,0
148985,104.68,-148,2967,0,0,0,0,0,0,0,0,0
149035,101.17,-130,3191,0,0,0,0,0,0,0,0,0
149085,101.59,-45,3713,0,0,0,0,0,0,0,0,0
149135,102.40,122,3664,0,0,0,0,0,0,0,0,0
149185,104.29,276,3282,0,0,0,0,0,0,0,0,0
149235,106.57,305,3056,0,0,0,0,0,0,0,0,0
149285,106.93,210,2950,0,0,0,0,0,0,0,0,0
149335,106.78,63,2971,0,0,0,0,0,0,0,0,0
149385,108.25,-64,2989,0,0,0,0,0,0,0,0,0
149435,104.62,-141,3024,0,0,0,0,0,0,0,0,0
149485,103.60,-165,3070,0,0,0,0,0,0,0,0,0
149535,104.86,-150,3069,0,0,0,0,0,0,0,0,0
149585,108.16,-123,3009,0,0,0,0,0,0,0,0,0
149635,111.27,-104,3018,0,0,0,0,0,0,0,0,0
149685,110.97,-87,3154,0,0,0,0,0,0,0,0,0
149735,112.74,-31,3521,0,0,0,0,0,0,0,0,0
149785,109.26,101,3823,0,0,0,0,0,0,0,0,0
149835,107.32,258,3402,0,0,0,0,0,0,0,0,0
149885,108.34,326,3181,0,0,0,0,0,0,0,0,0
149935,109.39,269,3053,0,0,0,0,0,0,0,0,0
149985,110.91,144,3050,0,0,0,0,0,0,0,0,0
150035,112.09,19,3056,0,0,0,0,0,0,0,0,0
150085,113.33,-67,3107,0,0,0,0,0,0,0,0,0
150135,114.00,-103,3116,0,0,0,0,0,0,0,0,0
150185,114.41,-106,3088,0,0,0,0,0,0,0,0,0
150235,114.34,-93,3125,0,0,0,0,0,0,0,0,0
150285,113.97,-75,3094,0,0,0,0,0,0,0,0,0
150335,114.38,-59,3104,0,0,0,0,0,0,0,0,0
150385,114.47,-47,3151,0,0,0,0,0,0,0,0,0
150435,114.53,-27,3219,0,0,0,0,0,0,0,0,0
150485,117.22,17,3465,0,0,0,0,0,0,0,0,0
150535,120.51,95,3455,0,0,0,0,0,0,0,0,0
150585,119.39,166,3312,0,0,0,0,0,0,0,0,0
150635,120.22,188,3243,0,0,0,0,0,0,0,0,0
150685,118.74,158,3162,0,0,0,0,0,0,0,0,0
150735,116.67,94,3095,0,0,0,0,0,0,0,0,0
150785,121.32,22,3127,0,0,0,0,0,0,0,0,0
150835,121.39,-32,3125,0,0,0,0,0,0,0,0,0
150885,121.89,-61,3152,0,0,0,0,0,0,0,0,0
150935,118.35,-66,3155,0,0,0,0,0,0,0,0,0
150985,124.23,-57,3169,0,0,0,0,0,0,0,0,0
151035,123.75,-46,3114,0,0,0,0,0,0,0,0,0
151085,121.30,-34,3236,0,0,0,0,0,0,0,0,0
151135,126.63,-16,3183,0,0,0,0,0,0,0,0,0
151185,125.98,0,3167,0,0,0,0,0,0,0,0,0
151235,122.08,6,3221,0,0,0,0,0,0,0,0,0
151285,127.56,18,3268,0,0,0,0,0,0,0,0,0
151335,127.21,37,3268,0,0,0,0,0,0,0,0,0
151385,123.95,59,3302,0,0,0,0,0,0,0,0,0
151435,128.19,71,3195,0,0,0,0,0,0,0,0,0
151485,126.40,63,3188,0,0,0,0,0,0,0,0,0
151535,128.98,42,3216,0,0,0,0,0,0,0,0,0
151585,129.89,29,3295,0,0,0,0,0,0,0,0,0
151635,126.67,34,3273,0,0,0,0,0,0,0,0,0
151685,132.35,41,3202,0,0,0,0,0,0,0,0,0
151735,131.86,35,3184,0,0,0,0,0,0,0,0,0
151785,127.89,15,3151,0,0,0,0,0,0,0,0,0
151835,134.32,-8,3159,0,0,0,0,0,0,0,0,0
151885,134.18,-23,3243,0,0,0,0,0,0,0,0,0
151935,129.93,-15,3279,0,0,0,0,0,0,0,0,0
151985,136.08,5,3234,0,0,0,0,0,0,0,0,0
152035,135.43,21,3213,0,0,0,0,0,0,0,0,0
152085,131.85,17,3107,0,0,0,0,0,0,0,0,0
152135,137.22,-7,3118,0,0,0,0,0,0,0,0,0
152185,136.94,-37,3152,0,0,0,0,0,0,0,0,0
152235,133.71,-52,3172,0,0,0,0,0,0,0,0,0
152285,138.08,-51,3179,0,0,0,0,0,0,0,0,0
152335,138.31,-47,3104,0,0,0,0,0,0,0,0,0
152385,134.59,-56,3024,0,0,0,0,0,0,0,0,0
152435,140.08,-83,3023,0,0,0,0,0,0,0,0,0
152485,138.36,-113,3022,0,0,0,0,0,0,0,0,0
152535,141.98,-132,3041,0,0,0,0,0,0,0,0,0
152585,141.38,-136,3042,0,0,0,0,0,0,0,0,0
152635,142.34,-129,3043,0,0,0,0,0,0,0,0,0
152685,142.12,-118,3037,0,0,0,0,0,0,0,0,0
152735,144.25,-108,3021,0,0,0,0,0,0,0,0,0
152785,142.16,-101,3051,0,0,0,0,0,0,0,0,0
152835,145.26,-96,2983,0,0,0,0,0,0,0,0,0
152885,140.34,-98,3001,0,0,0,0,0,0,0,0,0
152935,145.08,-103,3002,0,0,0,0,0,0,0,0,0
152985,146.15,-105,2990,0,0,0,0,0,0,0,0,0
153035,144.38,-104,3009,0,0,0,0,0,0,0,0,0
153085,146.89,-96,3063,0,0,0,0,0,0,0,0,0
153135,147.83,-79,3051,0,0,0,0,0,0,0,0,0
153185,144.69,-63,2995,0,0,0,0,0,0,0,0,0
153235,148.88,-59,2997,0,0,0,0,0,0,0,0,0
153285,151.27,-66,2944,0,0,0,0,0,0,0,0,0
153335,147.57,-77,3025,0,0,0,0,0,0,0,0,0
153385,147.22,-74,3057,0,0,0,0,0,0,0,0,0
153435,150.58,-59,3018,0,0,0,0,0,0,0,0,0
153485,151.33,-49,2958,0,0,0,0,0,0,0,0,0
153535,154.39,-53,2972,0,0,0,0,0,0,0,0,0
153585,154.26,-59,3034,0,0,0,0,0,0,0,0,0
153635,149.62,-54,3030,0,0,0,0,0,0,0,0,0
153685,150.02,-41,3029,0,0,0,0,0,0,0,0,0
153735,154.73,-31,2997,0,0,0,0,0,0,0,0,0
153785,153.50,-31,2979,0,0,0,0,0,0,0,0,0
153835,152.53,-36,3019,0,0,0,0,0,0,0,0,0
153885,152.22,-34,3041,0,0,0,0,0,0,0,0,0
153935,152.04,-28,2991,0,0,0,0,0,0,0,0,0
153985,152.15,-28,2967,0,0,0,0,0,0,0,0,0
154035,151.79,-32,3040,0,0,0,0,0,0,0,0,0
154085,151.39,-24,3093,0,0,0,0,0,0,0,0,0
154135,151.11,-7,2992,0,0,0,0,0,0,0,0,0
154185,150.93,-3,2983,0,0,0,0,0,0,0,0,0
154235,150.78,-12,3003,0,0,0,0,0,0,0,0,0
154285,150.59,-22,2993,0,0,0,0,0,0,0,0,0
154335,150.34,-29,3005,0,0,0,0,0,0,0,0,0
154385,150.08,-31,2993,0,0,0,0,0,0,0,0,0
154435,149.96,-29,3017,0,0,0,0,0,0,0,0,0
154485,149.76,-24,3009,0,0,0,0,0,0,0,0,0
154535,149.60,-20,2986,0,0,0,0,0,0,0,0,0
154585,149.38,-24,2949,0,0,0,0,0,0,0,0,0
154635,149.02,-35,2960,0,0,0,0,0,0,0,0,0
154685,148.68,-43,2978,0,0,0,0,0,0,0,0,0
154735,148.64,-46,2960,0,0,0,0,0,0,0,0,0
154785,147.96,-42,3035,0,0,0,0,0,0,0,0,0
154835,146.86,-30,2977,0,0,0,0,0,0,0,0,0
154885,146.07,-24,2939,0,0,0,0,0,0,0,0,0
154935,145.55,-26,2989,0,0,0,0,0,0,0,0,0
154985,145.24,-22,3061,0,0,0,0,0,0,0,0,0
155035,144.99,-6,3027,0,0,0,0,0,0,0,0,0
155085,144.93,8,2995,0,0,0,0,0,0,0,0,0
155135,144.79,8,2937,0,0,0,0,0,0,0,0,0
155185,144.78,-3,2992,0,0,0,0,0,0,0,0,0
155235,144.73,-12,3007,0,0,0,0,0,0,0,0,0
155285,144.63,-13,2991,0,0,0,0,0,0,0,0,0
155335,144.58,-10,3009,0,0,0,0,0,0,0,0,0
155385,144.31,-6,3001,0,0,0,0,0,0,0,0,0
155435,144.21,0,3026,0,0,0,0,0,0,0,0,0
155485,144.56,4,2977,0,0,0,0,0,0,0,0,0
155535,144.58,0,2959,0,0,0,0,0,0,0,0,0
155585,144.13,-6,3013,0,0,0,0,0,0,0,0,0
155635,143.91,-4,3062,0,0,0,0,0,0,0,0,0
155685,143.71,9,3041,0,0,0,0,0,0,0,0,0
155735,143.75,22,3033,0,0,0,0,0,0,0,0,0
155785,143.77,25,2976,0,0,0,0,0,0,0,0,0
155835,143.64,20,3050,0,0,0,0,0,0,0,0,0
155885,143.39,19,3039,0,0,0,0,0,0,0,0,0
155935,143.43,26,3079,0,0,0,0,0,0,0,0,0
155985,143.45,37,3088,0,0,0,0,0,0,0,0,0
156035,143.31,49,3058,0,0,0,0,0,0,0,0,0
156085,143.40,51,3031,0,0,0,0,0,0,0,0,0
156135,143.31,38,2961,0,0,0,0,0,0,0,0,0
156185,143.86,13,2975,0,0,0,0,0,0,0,0,0
156235,144.05,-11,2990,0,0,0,0,0,0,0,0,0
156285,143.79,-29,2945,0,0,0,0,0,0,0,0,0
156335,143.72,-41,2989,0,0,0,0,0,0,0,0,0
156385,143.84,-46,2945,0,0,0,0,0,0,0,0,0
156435,144.04,-50,2941,0,0,0,0,0,0,0,0,0
156485,143.86,-51,2983,0,0,0,0,0,0,0,0,0
156535,143.63,-47,2959,0,0,0,0,0,0,0,0,0
156585,143.39,-35,3061,0,0,0,0,0,0,0,0,0
156635,143.21,-7,3136,0,0,0,0,0,0,0,0,0
156685,142.93,43,3246,0,0,0,0,0,0,0,0,0
156735,142.75,105,3229,0,0,0,0,0,0,0,0,0
156785,143.00,158,3243,0,0,0,0,0,0,0,0,0
156835,143.38,185,3150,0,0,0,0,0,0,0,0,0
156885,143.92,170,3019,0,0,0,0,0,0,0,0,0
156935,144.15,106,2834,0,0,0,0,0,0,0,0,0
156985,144.26,5,2815,0,0,0,0,0,0,0,0,0
157035,144.36,-94,2833,0,0,0,0,0,0,0,0,0
157085,144.66,-160,2847,0,0,0,0,0,0,0,0,0
157135,144.71,-180,2992,0,0,0,0,0,0,0,0,0
157185,144.51,-155,2960,0,0,0,0,0,0,0,0,0
157235,144.39,-110,3007,0,0,0,0,0,0,0,0,0
157285,144.07,-68,2939,0,0,0,0,0,0,0,0,0
157335,143.67,-40,3006,0,0,0,0,0,0,0,0,0
157385,143.37,-18,3031,0,0,0,0,0,0,0,0,0
157435,143.40,-20,2670,0,0,0,0,0,0,0,0,0
157485,143.35,-90,2458,0,0,0,0,0,0,0,0,0
157535,142.54,-190,2875,0,0,0,0,0,0,0,0,0
157585,142.29,-211,3131,0,0,0,0,0,0,0,0,0
157635,142.26,-122,3286,0,0,0,0,0,0,0,0,0
157685,142.31,32,3395,0,0,0,0,0,0,0,0,0
157735,142.53,173,3136,0,0,0,0,0,0,0,0,0
157785,142.67,232,3041,0,0,0,0,0,0,0,0,0
157835,142.67,198,2880,0,0,0,0,0,0,0,0,0
157885,142.77,103,2804,0,0,0,0,0,0,0,0,0
157935,143.07,-5,2890,0,0,0,0,0,0,0,0,0
157985,142.75,-82,2870,0,0,0,0,0,0,0,0,0
158035,142.75,-120,2865,0,0,0,0,0,0,0,0,0
158085,143.10,-125,2966,0,0,0,0,0,0,0,0,0
158135,142.69,-100,2974,0,0,0,0,0,0,0,0,0
158185,142.00,-69,2880,0,0,0,0,0,0,0,0,0
158235,141.09,-49,2973,0,0,0,0,0,0,0,0,0
158285,140.45,-36,2896,0,0,0,0,0,0,0,0,0
158335,140.04,-34,2895,0,0,0,0,0,0,0,0,0
158385,139.68,-21,3200,0,0,0,0,0,0,0,0,0
158435,139.05,35,3248,0,0,0,0,0,0,0,0,0
158485,138.67,111,3154,0,0,0,0,0,0,0,0,0
158535,138.48,165,3190,0,0,0,0,0,0,0,0,0
158585,138.19,174,2947,0,0,0,0,0,0,0,0,0
158635,137.80,134,2992,0,0,0,0,0,0,0,0,0
158685,137.35,76,3024,0,0,0,0,0,0,0,0,0
158735,137.32,34,3019,0,0,0,0,0,0,0,0,0
158785,136.92,28,3275,0,0,0,0,0,0,0,0,0
158835,136.22,54,3014,0,0,0,0,0,0,0,0,0
158885,135.89,78,3187,0,0,0,0,0,0,0,0,0
158935,135.22,103,3271,0,0,0,0,0,0,0,0,0
158985,134.98,139,3235,0,0,0,0,0,0,0,0,0
159035,134.53,161,3152,0,0,0,0,0,0,0,0,0
159085,133.96,156,3148,0,0,0,0,0,0,0,0,0
159135,133.61,135,3162,0,0,0,0,0,0,0,0,0
159185,133.19,112,3136,0,0,0,0,0,0,0,0,0
159235,132.79,85,3059,0,0,0,0,0,0,0,0,0
159285,132.42,46,3004,0,0,0,0,0,0,0,0,0
159335,132.07,8,3111,0,0,0,0,0,0,0,0,0
159385,131.76,-7,3111,0,0,0,0,0,0,0,0,0
159435,131.48,-4,3104,0,0,0,0,0,0,0,0,0
159485,131.98,0,3025,0,0,0,0,0,0,0,0,0
159535,132.03,-9,2989,0,0,0,0,0,0,0,0,0
159585,131.73,-43,2801,0,0,0,0,0,0,0,0,0
159635,131.38,-101,2826,0,0,0,0,0,0,0,0,0
159685,131.03,-150,2944,0,0,0,0,0,0,0,0,0
159735,130.72,-157,3028,0,0,0,0,0,0,0,0,0
159785,130.53,-124,3041,0,0,0,0,0,0,0,0,0
159835,129.91,-72,3089,0,0,0,0,0,0,0,0,0
159885,129.32,-9,3265,0,0,0,0,0,0,0,0,0
159935,128.74,66,3267,0,0,0,0,0,0,0,0,0
159985,128.28,131,3183,0,0,0,0,0,0,0,0,0
160035,128.17,153,3100,0,0,0,0,0,0,0,0,0
160085,127.91,139,3173,0,0,0,0,0,0,0,0,0
160135,127.89,108,3059,0,0,0,0,0,0,0,0,0
160185,128.49,71,3091,0,0,0,0,0,0,0,0,0
160235,128.36,33,3026,0,0,0,0,0,0,0,0,0
160285,127.84,-3,2990,0,0,0,0,0,0,0,0,0
160335,127.17,-31,3082,0,0,0,0,0,0,0,0,0
160385,127.00,-36,3104,0,0,0,0,0,0,0,0,0
160435,126.75,-24,3071,0,0,0,0,0,0,0,0,0
160485,126.52,-8,3119,0,0,0,0,0,0,0,0,0
160535,126.26,9,3139,0,0,0,0,0,0,0,0,0
160585,126.15,27,3102,0,0,0,0,0,0,0,0,0
160635,126.16,31,3024,0,0,0,0,0,0,0,0,0
160685,126.06,16,3045,0,0,0,0,0,0,0,0,0
160735,125.81,-8,2976,0,0,0,0,0,0,0,0,0
160785,125.63,-35,3023,0,0,0,0,0,0,0,0,0
160835,126.15,-53,3022,0,0,0,0,0,0,0,0,0
160885,126.63,-54,3084,0,0,0,0,0,0,0,0,0
160935,126.80,-48,2939,0,0,0,0,0,0,0,0,0
160985,126.35,-66,2791,0,0,0,0,0,0,0,0,0
161035,125.99,-134,2490,0,0,0,0,0,0,0,0,0
161085,125.62,-271,2160,0,0,0,0,0,0,0,0,0
161135,125.18,-457,2109,0,0,0,0,0,0,0,0,0
161185,124.74,-597,2593,0,0,0,0,0,0,0,0,0
161235,123.92,-577,3092,0,0,0,0,0,0,0,0,0
161285,123.27,-374,3378,0,0,0,0,0,0,0,0,0
161335,122.78,-86,3334,0,0,0,0,0,0,0,0,0
161385,122.32,161,3286,0,0,0,0,0,0,0,0,0
161435,122.04,302,3168,0,0,0,0,0,0,0,0,0
161485,121.85,339,3184,0,0,0,0,0,0,0,0,0
161535,122.50,307,3097,0,0,0,0,0,0,0,0,0
161585,122.81,246,3136,0,0,0,0,0,0,0,0,0
161635,122.57,187,3133,0,0,0,0,0,0,0,0,0
161685,122.12,145,3136,0,0,0,0,0,0,0,0,0
161735,121.53,118,3120,0,0,0,0,0,0,0,0,0
161785,121.14,105,3187,0,0,0,0,0,0,0,0,0
161835,120.78,102,3098,0,0,0,0,0,0,0,0,0
161885,120.39,95,3104,0,0,0,0,0,0,0,0,0
161935,120.21,85,3139,0,0,0,0,0,0,0,0,0
161985,119.78,78,3139,0,0,0,0,0,0,0,0,0
162035,119.70,74,3097,0,0,0,0,0,0,0,0,0
162085,119.40,65,3082,0,0,0,0,0,0,0,0,0
162135,119.30,56,3179,0,0,0,0,0,0,0,0,0
162185,119.07,58,3123,0,0,0,0,0,0,0,0,0
162235,118.91,58,3071,0,0,0,0,0,0,0,0,0
162285,119.76,44,3049,0,0,0,0,0,0,0,0,0
162335,120.10,20,3018,0,0,0,0,0,0,0,0,0
162385,119.78,1,3122,0,0,0,0,0,0,0,0,0
162435,119.19,0,3111,0,0,0,0,0,0,0,0,0
162485,118.56,12,3137,0,0,0,0,0,0,0,0,0
162535,118.29,31,3166,0,0,0,0,0,0,0,0,0
162585,118.15,52,3168,0,0,0,0,0,0,0,0,0
162635,117.72,66,3136,0,0,0,0,0,0,0,0,0
162685,117.47,68,3136,0,0,0,0,0,0,0,0,0
162735,117.29,62,3143,0,0,0,0,0,0,0,0,0
162785,117.02,53,3114,0,0,0,0,0,0,0,0,0
162835,116.79,43,3130,0,0,0,0,0,0,0,0,0
162885,116.60,33,3120,0,0,0,0,0,0,0,0,0
162935,116.33,28,3136,0,0,0,0,0,0,0,0,0
162985,116.33,27,3143,0,0,0,0,0,0,0,0,0
163035,117.06,31,3179,0,0,0,0,0,0,0,0,0
163085,117.15,40,3152,0,0,0,0,0,0,0,0,0
163135,116.83,41,3097,0,0,0,0,0,0,0,0,0
163185,116.12,33,3152,0,0,0,0,0,0,0,0,0
163235,115.72,32,3221,0,0,0,0,0,0,0,0,0
163285,115.61,46,3235,0,0,0,0,0,0,0,0,0
163335,115.38,68,3235,0,0,0,0,0,0,0,0,0
163385,114.92,88,3249,0,0,0,0,0,0,0,0,0
163435,114.64,103,3254,0,0,0,0,0,0,0,0,0
163485,114.25,108,3214,0,0,0,0,0,0,0,0,0
163535,113.94,99,3196,0,0,0,0,0,0,0,0,0
163585,113.66,83,3215,0,0,0,0,0,0,0,0,0
163635,113.50,66,3186,0,0,0,0,0,0,0,0,0
163685,113.52,54,3231,0,0,0,0,0,0,0,0,0
163735,113.97,49,3213,0,0,0,0,0,0,0,0,0
163785,114.03,46,3186,0,0,0,0,0,0,0,0,0
163835,113.46,35,3129,0,0,0,0,0,0,0,0,0
163885,112.73,20,3211,0,0,0,0,0,0,0,0,0
163935,112.47,23,3356,0,0,0,0,0,0,0,0,0
163985,112.13,55,3344,0,0,0,0,0,0,0,0,0
164035,111.78,96,3336,0,0,0,0,0,0,0,0,0
164085,111.53,125,3321,0,0,0,0,0,0,0,0,0
164135,111.23,135,3275,0,0,0,0,0,0,0,0,0
164185,111.01,127,3312,0,0,0,0,0,0,0,0,0
164235,110.76,113,3303,0,0,0,0,0,0,0,0,0
164285,110.61,99,3290,0,0,0,0,0,0,0,0,0
164335,110.85,85,3274,0,0,0,0,0,0,0,0,0
164385,111.44,67,3222,0,0,0,0,0,0,0,0,0
164435,111.62,41,3182,0,0,0,0,0,0,0,0,0
164485,111.05,13,3246,0,0,0,0,0,0,0,0,0
164535,110.51,8,3392,0,0,0,0,0,0,0,0,0
164585,110.06,46,3527,1,0,0,0,0,0,0,0,0
164635,109.83,122,3646,1,0,0,0,0,0,0,0,0
164685,109.51,207,3547,1,0,0,0,0,0,0,0,0
164735,109.10,256,3469,1,0,0,0,0,0,0,0,0
164785,108.93,256,3419,0,0,0,0,0,0,0,0,0
164835,108.57,211,3280,0,0,0,0,0,0,0,0,0
164885,108.21,139,3297,0,0,0,0,0,0,0,0,0
164935,108.08,69,3335,0,0,0,0,0,0,0,0,0
164985,108.30,29,3397,0,0,0,0,0,0,0,0,0
165035,109.25,18,3317,0,0,0,0,0,0,0,0,0
165085,109.44,12,3291,0,0,0,0,0,0,0,0,0
165135,109.22,4,3317,0,0,0,0,0,0,0,0,0
165185,108.82,13,3563,0,0,0,0,0,0,0,0,0
165235,108.40,75,3753,0,0,0,0,0,0,0,0,0
165285,108.14,174,3684,0,0,0,0,0,0,0,0,0
165335,107.65,253,3559,0,0,0,0,0,0,0,0,0
165385,107.13,271,3527,0,0,0,0,0,0,0,0,0
165435,106.86,242,3504,0,0,0,0,0,0,0,0,0
165485,106.50,192,3482,0,0,0,0,0,0,0,0,0
165535,106.08,131,3330,1,0,0,0,0,0,0,0,0
165585,105.89,75,3543,1,0,0,0,0,0,0,0,0
165635,105.70,45,3394,1,0,0,0,0,0,0,0,0
165685,106.51,17,3248,0,0,0,0,0,0,0,0,0
165735,107.24,-40,3102,0,0,0,0,0,0,0,0,0
165785,107.33,-115,3196,0,0,0,0,0,0,0,0,0
165835,107.19,-142,3623,0,0,0,0,0,0,0,0,0
165885,106.49,-48,4095,0,0,0,0,0,0,0,0,0
165935,105.99,148,3983,0,0,0,0,0,0,0,0,0
165985,105.62,316,3583,0,0,0,0,0,0,0,0,0
166035,105.11,344,3344,0,0,0,0,0,0,0,0,0
166085,104.68,242,3302,0,0,0,0,0,0,0,0,0
166135,104.31,96,3319,0,0,0,0,0,0,0,0,0
166185,104.00,-26,3319,0,0,0,0,0,0,0,0,0
166235,103.76,-111,3218,0,0,0,0,0,0,0,0,0
166285,103.49,-168,3205,0,0,0,0,0,0,0,0,0
166335,103.19,-202,3213,0,0,0,0,0,0,0,0,0
166385,104.09,-214,3202,0,0,0,0,0,0,0,0,0
166435,104.83,-213,3161,0,0,0,0,0,0,0,0,0
166485,105.00,-210,3184,0,0,0,0,0,0,0,0,0
166535,104.74,-168,3706,1,0,0,0,0,0,0,0,0
166585,104.19,-26,4067,1,0,0,0,0,0,0,0,0
166635,103.81,165,3616,1,0,0,0,0,0,0,0,0
166685,103.49,260,3283,0,0,0,0,0,0,0,0,0
166735,103.08,194,3014,0,0,0,0,0,0,0,0,0
166785,102.69,27,3054,0,0,0,0,0,0,0,0,0
166835,102.29,-130,3259,0,0,0,0,0,0,0,0,0
166885,101.94,-211,3185,0,0,0,0,0,0,0,0,0
166935,101.62,-236,3123,0,0,0,0,0,0,0,0,0
166985,101.54,-246,3047,0,0,0,0,0,0,0,0,0
167035,101.50,-251,3140,0,0,0,0,0,0,0,0,0
167085,102.56,-242,3131,0,0,0,0,0,0,0,0,0
167135,102.89,-225,3071,0,0,0,0,0,0,0,0,0
167185,102.70,-205,3232,0,0,0,0,0,0,0,0,0
167235,102.09,-145,3583,0,0,0,0,0,0,0,0,0
167285,101.37,-30,3560,0,0,0,0,0,0,0,0,0
167335,100.98,76,3312,0,0,0,0,0,0,0,0,0
167385,100.69,103,3150,0,0,0,0,0,0,0,0,0
167435,100.17,49,3088,0,0,0,0,0,0,0,0,0
167485,99.76,-38,3120,0,0,0,0,0,0,0,0,0
167534,99.35,-112,3120,0,0,0,0,0,0,0,0,0
167583,99.01,-157,3102,0,0,0,0,0,0,0,0,0
167632,98.79,-179,3071,0,0,0,0,0,0,0,0,0
167681,98.66,-190,3011,0,0,0,0,0,0,0,0,0
167730,99.76,-202,3028,0,0,0,0,0,0,0,0,0
167779,100.28,-206,3068,0,0,0,0,0,0,0,0,0
167829,100.17,-188,3197,0,0,0,0,0,0,0,0,0
167879,99.61,-113,3675,1,0,0,0,0,0,0,0,0
167928,98.92,50,3895,1,0,0,0,0,0,0,0,0
167977,98.55,227,3389,1,0,0,0,0,0,0,0,0
168026,98.30,281,3058,1,0,0,0,0,0,0,0,0
168075,97.88,185,2981,1,0,0,0,0,0,0,0,0
168124,97.57,23,2962,0,0,0,0,0,0,0,0,0
168173,97.07,-124,2983,0,0,0,0,0,0,0,0,0
168222,96.70,-215,3057,0,0,0,0,0,0,0,0,0
168271,96.33,-244,3059,0,0,0,0,0,0,0,0,0
168320,96.07,-232,3030,0,0,0,0,0,0,0,0,0
168369,96.31,-208,3025,0,0,0,0,0,0,0,0,0
168418,97.50,-188,2995,0,0,0,0,0,0,0,0,0
168467,97.76,-177,2974,0,0,0,0,0,0,0,0,0
168516,97.59,-160,3215,0,0,0,0,0,0,0,0,0
168565,97.02,-86,3613,0,0,0,0,0,0,0,0,0
168614,96.39,56,3598,0,0,0,0,0,0,0,0,0
168663,96.00,184,3225,0,0,0,0,0,0,0,0,0
168712,95.81,200,2987,0,0,0,0,0,0,0,0,0
168761,95.37,109,2994,0,0,0,0,0,0,0,0,0
168810,95.04,-8,3071,0,0,0,0,0,0,0,0,0
168859,94.62,-89,3098,0,0,0,0,0,0,0,0,0
168908,94.28,-127,3017,0,0,0,0,0,0,0,0,0
168957,93.88,-142,3055,0,0,0,0,0,0,0,0,0
169006,93.53,-144,3011,0,0,0,0,0,0,0,0,0
169055,93.41,-142,3008,0,0,0,0,0,0,0,0,0
169104,94.76,-141,2992,0,0,0,0,0,0,0,0,0
169153,95.24,-140,3019,0,0,0,0,0,0,0,0,0
169202,95.18,-123,3174,0,0,0,0,0,0,0,0,0
169251,94.82,-54,3573,0,0,0,0,0,0,0,0,0
169300,93.98,81,3632,0,0,0,0,0,0,0,0,0
169349,93.75,215,3327,0,0,0,0,0,0,0,0,0
169398,93.39,255,3104,0,0,0,0,0,0,0,0,0
169447,93.17,187,2989,0,0,0,0,0,0,0,0,0
169496,92.75,64,2985,0,0,0,0,0,0,0,0,0
169545,92.33,-48,3057,0,0,0,0,0,0,0,0,0
169594,92.02,-112,3093,0,0,0,0,0,0,0,0,0
169643,91.68,-130,3063,0,0,0,0,0,0,0,0,0
169692,91.42,-126,3034,0,0,0,0,0,0,0,0,0
169741,91.19,-120,3002,0,0,0,0,0,0,0,0,0
169790,91.27,-120,3005,0,0,0,0,0,0,0,0,0
169839,92.57,-122,2991,0,0,0,0,0,0,0,0,0
169888,93.02,-125,2992,0,0,0,0,0,0,0,0,0
169937,92.82,-111,3193,0,0,0,0,0,0,0,0,0
169986,92.43,-40,3610,0,0,0,0,0,0,0,0,0
170035,91.72,103,3619,0,0,0,0,0,0,0,0,0
170084,91.44,233,3235,0,0,0,0,0,0,0,0,0
170133,91.30,255,3069,0,0,0,0,0,0,0,0,0
170182,90.98,176,3021,0,0,0,0,0,0,0,0,0
170231,90.68,57,2976,0,0,0,0,0,0,0,0,0
170280,90.45,-48,3041,0,0,0,0,0,0,0,0,0
170329,89.99,-108,3093,0,0,0,0,0,0,0,0,0
170378,89.60,-119,3107,0,0,0,0,0,0,0,0,0
170427,89.41,-102,3093,0,0,0,0,0,0,0,0,0
170476,89.52,-78,3071,0,0,0,0,0,0,0,0,0
170525,90.81,-64,3027,0,0,0,0,0,0,0,0,0
170574,90.88,-64,3035,0,0,0,0,0,0,0,0,0
170623,90.57,-57,3247,0,0,0,0,0,0,0,0,0
170672,89.95,-2,3545,0,0,0,0,0,0,0,0,0
170721,89.35,105,3490,0,0,0,0,0,0,0,0,0
170770,89.12,199,3281,0,0,0,0,0,0,0,0,0
170819,88.78,215,3088,0,0,0,0,0,0,0,0,0
170868,88.34,150,3025,0,0,0,0,0,0,0,0,0
170917,88.00,47,3011,0,0,0,0,0,0,0,0,0
170966,87.67,-43,3071,0,0,0,0,0,0,0,0,0
171015,87.19,-95,3087,0,0,0,0,0,0,0,0,0
171064,86.89,-114,3056,0,0,0,0,0,0,0,0,0
171113,86.68,-117,3013,0,0,0,0,0,0,0,0,0
171162,87.67,-116,3022,0,0,0,0,0,0,0,0,0
171211,88.03,-112,3062,0,0,0,0,0,0,0,0,0
171260,87.85,-94,3162,0,0,0,0,0,0,0,0,0
171309,87.41,-36,3507,0,0,0,0,0,0,0,0,0
171358,86.73,77,3583,0,0,0,0,0,0,0,0,0
171407,86.43,197,3350,0,0,0,0,0,0,0,0,0
171456,86.31,240,3127,0,0,0,0,0,0,0,0,0
171505,85.97,187,3024,0,0,0,0,0,0,0,0,0
171554,85.69,82,3059,0,0,0,0,0,0,0,0,0
171603,85.37,-11,3131,0,0,0,0,0,0,0,0,0
171652,84.97,-63,3085,0,0,0,0,0,0,0,0,0
171701,84.65,-83,3120,0,0,0,0,0,0,0,0,0
171750,84.47,-83,3105,0,0,0,0,0,0,0,0,0
171799,85.60,-77,3046,0,0,0,0,0,0,0,0,0
171848,85.91,-79,3029,0,0,0,0,0,0,0,0,0
171897,85.78,-80,3165,0,0,0,0,0,0,0,0,0
171946,85.41,-30,3630,0,0,0,0,0,0,0,0,0
171995,84.78,102,3766,0,0,0,0,0,0,0,0,0
172044,84.46,270,3689,1,0,0,0,0,0,0,0,0
172093,84.25,370,3264,1,0,0,0,0,0,0,0,0
172142,84.11,333,3024,1,0,0,0,0,0,0,0,0
172191,83.82,190,3055,1,0,0,0,0,0,0,0,0
172240,83.46,31,3022,0,0,0,0,0,0,0,0,0
172289,83.15,-94,2959,0,0,0,0,0,0,0,0,0
172338,82.80,-175,3039,0,0,0,0,0,0,0,0,0
172387,82.46,-201,3114,0,0,0,0,0,0,0,0,0
172436,83.19,-178,3124,0,0,0,0,0,0,0,0,0
172485,83.64,-137,3071,0,0,0,0,0,0,0,0,0
172534,83.61,-101,3143,0,0,0,0,0,0,0,0,0
172583,83.26,-44,3519,0,0,0,0,0,0,0,0,0
172632,82.74,74,3771,0,0,0,0,0,0,0,0,0
172681,82.44,223,3527,0,0,0,0,0,0,0,0,0
172730,82.28,303,3247,0,0,0,0,0,0,0,0,0
172779,82.07,266,3115,0,0,0,0,0,0,0,0,0
172828,81.80,153,3080,0,0,0,0,0,0,0,0,0
172877,81.45,31,3133,0,0,0,0,0,0,0,0,0
172926,81.06,-51,3178,0,0,0,0,0,0,0,0,0
172975,80.89,-88,3121,0,0,0,0,0,0,0,0,0
173024,80.66,-105,3052,0,0,0,0,0,0,0,0,0
173073,80.46,-122,3010,0,0,0,0,0,0,0,0,0
173122,80.49,-140,3028,0,0,0,0,0,0,0,0,0
173171,81.47,-150,3069,0,0,0,0,0,0,0,0,0
173220,81.61,-148,3027,0,0,0,0,0,0,0,0,0
173269,81.42,-117,3402,0,0,0,0,0,0,0,0,0
173318,81.14,-2,3894,0,0,0,0,0,0,0,0,0
173367,80.65,187,3713,0,0,0,0,0,0,0,0,0
173416,80.46,330,3294,0,0,0,0,0,0,0,0,0
173465,80.40,327,3087,0,0,0,0,0,0,0,0,0
173514,80.13,206,3051,0,0,0,0,0,0,0,0,0
173563,79.92,55,3095,0,0,0,0,0,0,0,0,0
173612,79.60,-57,3127,0,0,0,0,0,0,0,0,0
173661,79.35,-116,3101,0,0,0,0,0,0,0,0,0
173710,79.13,-144,3010,0,0,0,0,0,0,0,0,0
173759,78.90,-164,3009,0,0,0,0,0,0,0,0,0
173808,78.69,-175,3045,0,0,0,0,0,0,0,0,0
173857,79.09,-174,3019,0,0,0,0,0,0,0,0,0
173906,79.74,-167,3015,0,0,0,0,0,0,0,0,0
173955,79.74,-153,3094,0,0,0,0,0,0,0,0,0
174004,79.52,-105,3466,0,0,0,0,0,0,0,0,0
174053,79.03,11,3687,0,0,0,0,0,0,0,0,0
174102,78.72,155,3408,0,0,0,0,0,0,0,0,0
174151,78.68,225,3114,0,0,0,0,0,0,0,0,0
174200,78.54,179,3002,0,0,0,0,0,0,0,0,0
174249,78.30,66,3039,0,0,0,0,0,0,0,0,0
174298,77.88,-38,3107,0,0,0,0,0,0,0,0,0
174347,77.47,-98,3110,0,0,0,0,0,0,0,0,0
174396,77.12,-122,3015,0,0,0,0,0,0,0,0,0
174445,76.78,-137,2993,0,0,0,0,0,0,0,0,0
174494,76.53,-151,2989,0,0,0,0,0,0,0,0,0
174543,76.92,-161,2975,0,0,0,0,0,0,0,0,0
174592,77.33,-167,2960,0,0,0,0,0,0,0,0,0
174641,77.20,-162,3071,0,0,0,0,0,0,0,0,0
174690,76.77,-110,3482,0,0,0,0,0,0,0,0,0
174739,76.31,17,3646,0,0,0,0,0,0,0,0,0
174788,75.99,167,3372,0,0,0,0,0,0,0,0,0
174837,75.93,231,3038,0,0,0,0,0,0,0,0,0
174886,75.70,172,2928,0,0,0,0,0,0,0,0,0
174935,75.38,49,3035,0,0,0,0,0,0,0,0,0
174984,75.08,-54,3069,0,0,0,0,0,0,0,0,0
175033,74.76,-108,3071,0,0,0,0,0,0,0,0,0
175082,74.62,-127,3008,0,0,0,0,0,0,0,0,0
175131,74.31,-133,2990,0,0,0,0,0,0,0,0,0
175180,74.22,-139,2966,0,0,0,0,0,0,0,0,0
175229,74.99,-141,3020,0,0,0,0,0,0,0,0,0
175278,75.24,-129,3094,0,0,0,0,0,0,0,0,0
175327,75.00,-88,3255,0,0,0,0,0,0,0,0,0
175376,74.73,0,3562,0,0,0,0,0,0,0,0,0
175425,74.25,129,3536,0,0,0,0,0,0,0,0,0
175474,73.96,233,3264,0,0,0,0,0,0,0,0,0
175523,73.86,244,3067,0,0,0,0,0,0,0,0,0
175572,73.57,160,2949,0,0,0,0,0,0,0,0,0
175621,73.50,37,3008,0,0,0,0,0,0,0,0,0
175670,59.68,-62,3063,0,0,0,0,0,0,0,0,0
175719,54.06,-114,3038,0,0,0,0,0,0,0,0,0
175768,49.84,-134,2963,0,0,0,0,0,0,0,0,0
175817,46.13,-149,2942,0,0,0,0,0,0,0,0,0
175866,43.04,-162,2933,0,0,0,0,0,0,0,0,0
175915,40.38,-170,2958,0,0,0,0,0,0,0,0,0
175964,38.00,-167,2951,0,0,0,0,0,0,0,0,0
176013,35.65,-154,3022,0,0,0,0,0,0,0,0,0
176062,33.58,-122,3101,0,0,0,0,0,0,0,0,0
176111,31.63,-102,2711,0,0,0,0,0,0,0,0,0
176160,29.90,-157,2378,0,0,0,0,0,0,0,0,0
176209,28.17,-311,2092,0,0,0,0,0,0,0,0,0
176258,26.78,-519,2003,0,0,0,0,0,0,0,0,0
176307,25.31,-704,2091,0,0,0,0,0,0,0,0,0
176356,24.16,-807,2137,0,0,0,0,0,0,0,0,0
176405,22.91,-824,2126,0,0,0,0,0,0,0,0,0
176454,21.46,-789,2089,0,0,0,0,0,0,0,0,0
176503,20.45,-743,1991,0,0,0,0,0,0,0,0,0
176552,19.32,-708,2001,0,0,0,0,0,0,0,0,0
176601,18.20,-677,2069,0,0,0,0,0,0,0,0,0
176650,17.48,-639,2033,0,0,0,0,0,0,0,0,0
176699,16.65,-591,2139,0,0,0,0,0,0,0,0,0
176748,15.90,-515,2407,0,0,0,0,0,0,0,0,0
176797,15.12,-381,2672,0,0,0,0,0,0,0,0,0
176846,14.47,-209,2628,0,0,0,0,0,0,0,0,0
176895,13.80,-75,2345,0,0,0,0,0,0,0,0,0
176944,12.98,-38,2263,0,0,0,0,0,0,0,0,0
176993,12.31,-73,2333,0,0,0,0,0,0,0,0,0
177042,11.59,-116,2413,0,0,0,0,0,0,0,0,0
177091,10.77,-138,2353,0,0,0,0,0,0,0,0,0
177139,9.77,-146,2335,0,0,0,0,0,0,0,0,0
177188,8.90,-152,2311,0,0,0,0,0,0,0,0,0
177237,3.29,-157,2320,0,0,0,0,0,0,0,0,0
177286,2.60,-155,2349,0,0,0,0,0,0,0,0,0
177335,2.48,-142,2397,0,0,0,0,0,0,0,0,0
177384,2.50,-116,2403,0,0,0,0,0,0,0,0,0
177433,2.35,-85,2451,0,0,0,0,0,0,0,0,0
177482,2.31,-25,2867,0,0,0,0,0,0,0,0,0
177531,2.23,102,3124,0,0,0,0,0,0,0,0,0
177580,2.20,270,2976,0,0,0,0,0,0,0,0,0
177629,2.10,379,2702,0,0,0,0,0,0,0,0,0
177678,2.02,368,2512,0,0,0,0,0,0,0,0,0
177727,1.99,269,2544,0,0,0,0,0,0,0,0,0
177776,1.96,157,2625,0,0,0,0,0,0,0,0,0
177825,1.79,86,2685,0,0,0,0,0,0,0,0,0
177874,1.74,59,2626,0,0,0,0,0,0,0,0,0
177923,1.73,49,2559,0,0,0,0,0,0,0,0,0
177972,1.67,40,2597,0,0,0,0,0,0,0,0,0
178021,1.54,33,2608,0,0,0,0,0,0,0,0,0
178070,1.51,30,2595,0,0,0,0,0,0,0,0,0
178119,1.47,37,2766,0,0,0,0,0,0,0,0,0
178168,1.28,97,3210,0,0,0,0,0,0,0,0,0
178217,1.35,237,3362,0,0,0,0,0,0,0,0,0
178266,1.22,396,3082,0,0,0,0,0,0,0,0,0
178315,1.15,464,2795,0,0,0,0,0,0,0,0,0
178364,1.09,410,2725,0,0,0,0,0,0,0,0,0
178413,1.05,296,2823,0,0,0,0,0,0,0,0,0
178462,0.92,202,2939,0,0,0,0,0,0,0,0,0
178511,0.91,159,2899,0,0,0,0,0,0,0,0,0
178560,0.95,139,2789,0,0,0,0,0,0,0,0,0
178609,0.79,111,2711,0,0,0,0,0,0,0,0,0
178658,0.78,69,2723,0,0,0,0,0,0,0,0,0
178707,0.77,27,2691,0,0,0,0,0,0,0,0,0
178756,0.60,8,2910,0,0,0,0,0,0,0,0,0
178805,0.54,61,3391,0,0,0,0,0,0,0,0,0
178854,0.51,199,3329,0,0,0,0,0,0,0,0,0
178903,0.49,322,2913,0,0,0,0,0,0,0,0,0
178952,0.59,323,2668,0,0,0,0,0,0,0,0,0
179001,0.45,209,2623,0,0,0,0,0,0,0,0,0
179050,0.41,67,2742,0,0,0,0,0,0,0,0,0
179099,0.33,-35,2686,0,0,0,0,0,0,0,0,0
179148,0.34,-99,2610,0,0,0,0,0,0,0,0,0
179197,0.31,-151,2448,0,0,0,0,0,0,0,0,0
179246,0.29,-201,2551,0,0,0,0,0,0,0,0,0
179295,0.25,-233,2494,0,0,0,0,0,0,0,0,0
179344,0.26,-241,2559,0,0,0,0,0,0,0,0,0
179393,0.26,-194,3107,0,0,0,0,0,0,0,0,0
179442,0.26,-35,3477,0,0,0,0,0,0,0,0,0
179491,0.39,185,3195,0,0,0,0,0,0,0,0,0
179540,0.48,335,2930,0,0,0,0,0,0,0,0,0
179589,0.48,339,2683,0,0,0,0,0,0,0,0,0
179638,0.46,237,2789,0,0,0,0,0,0,0,0,0
179687,0.49,125,2928,0,0,0,0,0,0,0,0,0
179736,0.30,65,2907,0,0,0,0,0,0,0,0,0
179785,0.11,39,2781,0,0,0,0,0,0,0,0,0
179834,0.03,11,2695,0,0,0,0,0,0,0,0,0
179883,0.04,-33,2646,0,0,0,0,0,0,0,0,0
179932,0.06,-82,2659,0,0,0,0,0,0,0,0,0
179981,0.16,-52,3666,0,0,0,0,0,0,0,0,0
180030,0.06,159,4095,0,0,0,0,0,0,0,0,0
180079,0.19,488,3893,0,0,0,0,0,0,0,0,0
180128,0.11,708,3095,0,0,0,0,0,0,0,0,0
180177,0.09,674,2775,0,0,0,0,0,0,0,0,0
180226,0.04,453,2883,0,0,0,0,0,0,0,0,0
180275,0.13,221,3090,0,0,0,0,0,0,0,0,0
180324,0.08,80,3050,0,0,0,0,0,0,0,0,0
180373,0.07,10,2868,0,0,0,0,0,0,0,0,0
180422,0.00,-45,2737,0,0,0,0,0,0,0,0,0
180471,-0.03,-110,2725,0,0,0,0,0,0,0,0,0
180520,0.04,-162,2831,0,0,0,0,0,0,0,0,0
180569,0.09,-133,3520,0,0,0,0,0,0,0,0,0
180618,-0.00,56,4095,0,0,0,0,0,0,0,0,0
180667,0.00,372,4095,0,0,0,0,0,0,0,0,0
180716,0.02,627,3325,0,0,0,0,0,0,0,0,0
180765,-0.03,645,2902,0,0,0,0,0,0,0,0,0
180814,0.04,448,2863,0,0,0,0,0,0,0,0,0
180863,-0.02,193,3012,0,0,0,0,0,0,0,0,0
180912,-0.08,5,3031,0,0,0,0,0,0,0,0,0
180961,-0.04,-96,2942,0,0,0,0,0,0,0,0,0
181010,-0.01,-153,2789,0,0,0,0,0,0,0,0,0
181059,0.00,-201,2759,0,0,0,0,0,0,0,0,0
181108,-0.06,-243,2765,0,0,0,0,0,0,0,0,0
181157,-0.05,-242,3157,0,0,0,0,0,0,0,0,0
181206,-0.08,-108,4095,0,0,0,0,0,0,0,0,0
181255,-0.06,189,4095,0,0,0,0,0,0,0,0,0
181304,-0.01,480,3440,0,0,0,0,0,0,0,0,0
181353,0.05,557,2926,0,0,0,0,0,0,0,0,0
181402,-0.05,402,2816,0,0,0,0,0,0,0,0,0
181451,-0.12,161,3031,0,0,0,0,0,0,0,0,0
181500,-0.03,-16,3152,0,0,0,0,0,0,0,0,0
181549,-0.19,-97,3008,0,0,0,0,0,0,0,0,0
181598,-0.18,-135,2879,0,0,0,0,0,0,0,0,0
181647,-0.09,-181,2711,0,0,0,0,0,0,0,0,0
181696,0.00,-240,2756,0,0,0,0,0,0,0,0,0
181745,-0.05,-285,2832,0,0,0,0,0,0,0,0,0
181794,-0.09,-251,3479,0,0,0,0,0,0,0,0,0
181843,-0.11,-63,4095,0,0,0,0,0,0,0,0,0
181892,-0.05,254,4095,0,0,0,0,0,0,0,0,0
181941,-0.05,520,3369,0,0,0,0,0,0,0,0,0
181990,-0.07,556,2903,0,0,0,0,0,0,0,0,0
182039,-0.10,377,2959,0,0,0,0,0,0,0,0,0
182088,-0.10,153,3190,0,0,0,0,0,0,0,0,0
182137,-0.10,5,3171,0,0,0,0,0,0,0,0,0
182186,-0.20,-68,2973,0,0,0,0,0,0,0,0,0
182235,-0.25,-132,2783,0,0,0,0,0,0,0,0,0
182284,-0.12,-208,2800,0,0,0,0,0,0,0,0,0
182333,-0.11,-275,2781,0,0,0,0,0,0,0,0,0
182382,-0.06,-317,2765,0,0,0,0,0,0,0,0,0
182431,-0.10,-313,3089,0,0,0,0,0,0,0,0,0
182480,-0.10,-182,4095,0,0,0,0,0,0,0,0,0
182529,-0.15,117,4095,0,0,0,0,0,0,0,0,0
182578,-0.06,445,3879,0,0,0,0,0,0,0,0,0
182627,-0.10,600,3040,0,0,0,0,0,0,0,0,0
182676,-0.20,495,2815,0,0,0,0,0,0,0,0,0
182725,-0.10,238,2993,0,0,0,0,0,0,0,0,0
182774,-0.15,12,3168,0,0,0,0,0,0,0,0,0
182823,-0.12,-112,3025,0,0,0,0,0,0,0,0,0
182872,-0.11,-176,2864,0,0,0,0,0,0,0,0,0
182921,-0.12,-233,2770,0,0,0,0,0,0,0,0,0
182970,-0.20,-291,2735,0,0,0,0,0,0,0,0,0
183019,-0.06,-338,2758,0,0,0,0,0,0,0,0,0
183068,-0.21,-357,2812,0,0,0,0,0,0,0,0,0
183117,-0.08,-280,3797,0,0,0,0,0,0,0,0,0
183166,-0.21,-32,4095,0,0,0,0,0,0,0,0,0
183215,-0.18,313,4095,0,0,0,0,0,0,0,0,0
183264,-0.17,557,3250,0,0,0,0,0,0,0,0,0
183313,-0.15,543,2815,0,0,0,0,0,0,0,0,0
183362,-0.17,319,2919,0,0,0,0,0,0,0,0,0
183411,-0.12,70,3105,0,0,0,0,0,0,0,0,0
183460,-0.18,-90,3063,0,0,0,0,0,0,0,0,0
183509,-0.16,-175,2847,0,0,0,0,0,0,0,0,0
183558,-0.22,-240,2767,0,0,0,0,0,0,0,0,0
183607,-0.09,-303,2710,0,0,0,0,0,0,0,0,0
183656,-0.20,-353,2736,0,0,0,0,0,0,0,0,0
183705,-0.17,-362,2982,0,0,0,0,0,0,0,0,0
183754,-0.17,-240,4095,0,0,0,0,0,0,0,0,0
183803,-0.13,63,4095,0,0,0,0,0,0,0,0,0
183852,-0.23,409,3906,0,0,0,0,0,0,0,0,0
183901,-0.16,583,3022,0,0,0,0,0,0,0,0,0
183950,-0.20,484,2741,0,0,0,0,0,0,0,0,0
183999,-0.17,216,2935,0,0,0,0,0,0,0,0,0
184048,-0.21,-20,3168,0,0,0,0,0,0,0,0,0
184097,-0.19,-137,3111,0,0,0,0,0,0,0,0,0
184146,-0.14,-179,2850,0,0,0,0,0,0,0,0,0
184195,-0.08,-225,2707,0,0,0,0,0,0,0,0,0
184244,-0.25,-294,2673,0,0,0,0,0,0,0,0,0
184293,-0.14,-361,2659,0,0,0,0,0,0,0,0,0
184342,-0.18,-364,3313,0,0,0,0,0,0,0,0,0
184391,-0.14,-199,4095,0,0,0,0,0,0,0,0,0
184440,-0.12,108,3745,0,0,0,0,0,0,0,0,0
184489,-0.17,337,3019,0,0,0,0,0,0,0,0,0
184538,-0.18,324,2645,0,0,0,0,0,0,0,0,0
184587,-0.22,119,2661,0,0,0,0,0,0,0,0,0
184636,-0.19,-112,2863,0,0,0,0,0,0,0,0,0
184685,-0.19,-260,2837,0,0,0,0,0,0,0,0,0
184734,-0.13,-328,2686,0,0,0,0,0,0,0,0,0
184783,-0.26,-365,2617,0,0,0,0,0,0,0,0,0
184832,-0.24,-399,2528,0,0,0,0,0,0,0,0,0
184881,-0.16,-427,2605,0,0,0,0,0,0,0,0,0
184930,-0.14,-429,2659,0,0,0,0,0,0,0,0,0
184979,-0.17,-362,3260,0,0,0,0,0,0,0,0,0
185028,-0.19,-144,4095,0,0,0,0,0,0,0,0,0
185077,-0.08,201,3836,0,0,0,0,0,0,0,0,0
185126,-0.17,453,2879,0,0,0,0,0,0,0,0,0
185175,-0.12,424,2559,0,0,0,0,0,0,0,0,0
185224,-0.21,191,2685,0,0,0,0,0,0,0,0,0
185273,-0.19,-46,2896,0,0,0,0,0,0,0,0,0
185322,-0.18,-178,2939,0,0,0,0,0,0,0,0,0
185371,-0.10,-216,2820,0,0,0,0,0,0,0,0,0
185420,-0.22,-220,2768,0,0,0,0,0,0,0,0,0
185469,-0.16,-223,2727,0,0,0,0,0,0,0,0,0
185518,-0.07,-228,2753,0,0,0,0,0,0,0,0,0
185567,-0.16,-218,2903,0,0,0,0,0,0,0,0,0
185616,-0.15,-119,3855,0,0,0,0,0,0,0,0,0
185665,-0.14,137,4095,0,0,0,0,0,0,0,0,0
185714,-0.04,417,3232,0,0,0,0,0,0,0,0,0
185763,-0.12,482,2627,0,0,0,0,0,0,0,0,0
185812,-0.17,295,2539,0,0,0,0,0,0,0,0,0
185861,-0.11,26,2818,0,0,0,0,0,0,0,0,0
185910,-0.13,-153,2997,0,0,0,0,0,0,0,0,0
185959,-0.19,-210,2863,0,0,0,0,0,0,0,0,0
186008,-0.28,-216,2706,0,0,0,0,0,0,0,0,0
186057,-0.21,-232,2624,0,0,0,0,0,0,0,0,0
186106,-0.04,-262,2672,0,0,0,0,0,0,0,0,0
186155,-0.20,-274,2814,0,0,0,0,0,0,0,0,0
186204,-0.13,-188,3760,0,0,0,0,0,0,0,0,0
186253,-0.15,64,4008,0,0,0,0,0,0,0,0,0
186302,-0.17,356,3271,0,0,0,0,0,0,0,0,0
186351,-0.22,457,2750,0,0,0,0,0,0,0,0,0
186400,-0.16,323,2647,0,0,0,0,0,0,0,0,0
186449,-0.22,95,2813,0,0,0,0,0,0,0,0,0
186498,-0.22,-79,2992,0,0,0,0,0,0,0,0,0
186547,-0.24,-151,2926,0,0,0,0,0,0,0,0,0
186596,-0.15,-168,2753,0,0,0,0,0,0,0,0,0
186645,-0.12,-189,2661,0,0,0,0,0,0,0,0,0
186694,-0.16,-227,2637,0,0,0,0,0,0,0,0,0
186743,-0.20,-242,3004,0,0,0,0,0,0,0,0,0
186792,-0.21,-124,4053,0,0,0,0,0,0,0,0,0
186841,-0.19,176,4095,0,0,0,0,0,0,0,0,0
186890,-0.23,477,3248,0,0,0,0,0,0,0,0,0
186939,-0.20,543,2751,0,0,0,0,0,0,0,0,0
186988,-0.20,370,2769,0,0,0,0,0,0,0,0,0
187037,-0.12,133,2992,0,0,0,0,0,0,0,0,0
187086,-0.21,-27,3061,0,0,0,0,0,0,0,0,0
187135,-0.22,-101,2875,0,0,0,0,0,0,0,0,0
187184,-0.25,-146,2747,0,0,0,0,0,0,0,0,0
187233,-0.20,-195,2723,0,0,0,0,0,0,0,0,0
187282,-0.30,-237,2768,0,0,0,0,0,0,0,0,0
187331,-0.17,-247,2909,0,0,0,0,0,0,0,0,0
187380,-0.19,-152,3873,0,0,0,0,0,0,0,0,0
187429,-0.09,108,4095,0,0,0,0,0,0,0,0,0
187478,-0.19,421,3669,0,0,0,0,0,0,0,0,0
187527,-0.18,570,2992,0,0,0,0,0,0,0,0,0
187576,-0.19,472,2755,0,0,0,0,0,0,0,0,0
187625,-0.18,234,2923,0,0,0,0,0,0,0,0,0
187674,-0.13,26,3113,0,0,0,0,0,0,0,0,0
187723,-0.17,-80,3036,0,0,0,0,0,0,0,0,0
187772,-0.17,-122,2895,0,0,0,0,0,0,0,0,0
187821,-0.15,-159,2738,0,0,0,0,0,0,0,0,0
187870,-0.19,-212,2710,0,0,0,0,0,0,0,0,0
187919,-0.07,-265,2739,0,0,0,0,0,0,0,0,0
187968,-0.23,-288,2849,0,0,0,0,0,0,0,0,0
188017,-0.19,-221,3636,0,0,0,0,0,0,0,0,0
188066,-0.18,5,4095,0,0,0,0,0,0,0,0,0
188115,-0.16,338,4055,0,0,0,0,0,0,0,0,0
188164,-0.16,577,3157,0,0,0,0,0,0,0,0,0
188213,-0.21,558,2797,0,0,0,0,0,0,0,0,0
188262,-0.23,336,2931,0,0,0,0,0,0,0,0,0
188311,-0.17,100,3111,0,0,0,0,0,0,0,0,0
188360,-0.14,-47,3029,0,0,0,0,0,0,0,0,0
188409,-0.19,-127,2862,0,0,0,0,0,0,0,0,0
188458,-0.22,-192,2709,0,0,0,0,0,0,0,0,0
188507,-0.23,-264,2675,0,0,0,0,0,0,0,0,0
188556,-0.23,-325,2715,0,0,0,0,0,0,0,0,0
188605,-0.15,-353,2752,0,0,0,0,0,0,0,0,0
188654,-0.20,-334,2957,0,0,0,0,0,0,0,0,0
188703,-0.20,-194,4095,0,0,0,0,0,0,0,0,0
188752,-0.16,118,4095,0,0,0,0,0,0,0,0,0
188801,-0.10,455,3719,0,0,0,0,0,0,0,0,0
188850,-0.22,604,3035,0,0,0,0,0,0,0,0,0
188899,-0.14,498,2813,0,0,0,0,0,0,0,0,0
188948,-0.16,249,2928,0,0,0,0,0,0,0,0,0
188997,-0.09,26,3119,0,0,0,0,0,0,0,0,0
189046,-0.13,-94,3055,0,0,0,0,0,0,0,0,0
189095,-0.14,-145,2899,0,0,0,0,0,0,0,0,0
189144,-0.21,-186,2741,0,0,0,0,0,0,0,0,0
189193,-0.16,-243,2687,0,0,0,0,0,0,0,0,0
189242,-0.27,-301,2727,0,0,0,0,0,0,0,0,0
189291,-0.18,-336,2723,0,0,0,0,0,0,0,0,0
189340,-0.13,-309,3268,0,0,0,0,0,0,0,0,0
189389,-0.16,-136,4095,0,0,0,0,0,0,0,0,0
189438,-0.25,188,4095,0,0,0,0,0,0,0,0,0
189487,-0.13,474,3218,0,0,0,0,0,0,0,0,0
189536,-0.14,507,2737,0,0,0,0,0,0,0,0,0
189585,-0.20,303,2715,0,0,0,0,0,0,0,0,0
189634,-0.16,49,3087,0,0,0,0,0,0,0,0,0
189683,-0.17,-100,3127,0,0,0,0,0,0,0,0,0
189732,-0.17,-151,2879,0,0,0,0,0,0,0,0,0
189781,-0.17,-187,2718,0,0,0,0,0,0,0,0,0
189830,-0.10,-243,2681,0,0,0,0,0,0,0,0,0
189879,-0.20,-301,2688,0,0,0,0,0,0,0,0,0
189928,-0.22,-331,2831,0,0,0,0,0,0,0,0,0
189977,-0.16,-262,3647,0,0,0,0,0,0,0,0,0
190026,-0.21,-26,4095,0,0,0,0,0,0,0,0,0
190075,-0.17,296,3749,0,0,0,0,0,0,0,0,0
190124,-0.11,484,2905,0,0,0,0,0,0,0,0,0
190173,-0.25,404,2608,0,0,0,0,0,0,0,0,0
190222,-0.20,154,2794,0,0,0,0,0,0,0,0,0
190271,-0.09,-70,3069,0,0,0,0,0,0,0,0,0
190320,-0.24,-172,3050,0,0,0,0,0,0,0,0,0
190369,-0.29,-189,2869,0,0,0,0,0,0,0,0,0
190418,-0.22,-201,2707,0,0,0,0,0,0,0,0,0
190467,-0.21,-237,2714,0,0,0,0,0,0,0,0,0
190516,-0.15,-268,2848,0,0,0,0,0,0,0,0,0
190565,-0.17,-199,3874,0,0,0,0,0,0,0,0,0
190614,-0.19,50,4095,0,0,0,0,0,0,0,0,0
190663,-0.16,375,3835,0,0,0,0,0,0,0,0,0
190712,-0.20,550,2909,0,0,0,0,0,0,0,0,0
190761,-0.23,453,2671,0,0,0,0,0,0,0,0,0
190810,-0.12,196,2933,0,0,0,0,0,0,0,0,0
190859,-0.14,-12,3246,0,0,0,0,0,0,0,0,0
190908,-0.23,-91,3123,0,0,0,0,0,0,0,0,0
190957,-0.20,-106,2892,0,0,0,0,0,0,0,0,0
191006,-0.17,-139,2749,0,0,0,0,0,0,0,0,0
191055,-0.16,-197,2804,0,0,0,0,0,0,0,0,0
191104,-0.23,-188,3705,0,0,0,0,0,0,0,0,0
191153,-0.17,-6,4095,0,0,0,0,0,0,0,0,0
191202,-0.26,300,4095,0,0,0,0,0,0,0,0,0
191251,-0.15,532,3243,0,0,0,0,0,0,0,0,0
191300,-0.27,518,2785,0,0,0,0,0,0,0,0,0
191349,-0.14,296,2903,0,0,0,0,0,0,0,0,0
191398,-0.21,58,3205,0,0,0,0,0,0,0,0,0
191447,-0.26,-72,3188,0,0,0,0,0,0,0,0,0
191496,-0.24,-115,3024,0,0,0,0,0,0,0,0,0
191545,-0.19,-146,2815,0,0,0,0,0,0,0,0,0
191594,-0.18,-198,2837,0,0,0,0,0,0,0,0,0
191643,-0.21,-184,3840,0,0,0,0,0,0,0,0,0
191692,-0.17,2,4095,0,0,0,0,0,0,0,0,0
191741,-0.20,301,4095,0,0,0,0,0,0,0,0,0
191790,-0.24,520,3359,0,0,0,0,0,0,0,0,0
191839,-0.21,508,2862,0,0,0,0,0,0,0,0,0
191888,-0.21,293,2935,0,0,0,0,0,0,0,0,0
191937,-0.21,43,3095,0,0,0,0,0,0,0,0,0
191986,-0.28,-119,3137,0,0,0,0,0,0,0,0,0
192035,-0.20,-192,3008,0,0,0,0,0,0,0,0,0
192084,-0.22,-233,2793,0,0,0,0,0,0,0,0,0
192133,-0.20,-285,2738,0,0,0,0,0,0,0,0,0
192182,-0.23,-323,3050,0,0,0,0,0,0,0,0,0
192231,-0.22,-233,4095,0,0,0,0,0,0,0,0,0
192280,-0.13,39,4095,0,0,0,0,0,0,0,0,0
192329,-0.17,372,4095,0,0,0,0,0,0,0,0,0
192378,-0.20,564,3143,0,0,0,0,0,0,0,0,0
192427,-0.20,490,2833,0,0,0,0,0,0,0,0,0
192476,-0.19,237,3021,0,0,0,0,0,0,0,0,0
192525,-0.19,-3,3145,0,0,0,0,0,0,0,0,0
192574,-0.28,-150,3007,0,0,0,0,0,0,0,0,0
192623,-0.26,-238,2815,0,0,0,0,0,0,0,0,0
192672,-0.14,-314,2707,0,0,0,0,0,0,0,0,0
192721,-0.19,-387,2693,0,0,0,0,0,0,0,0,0
192770,-0.26,-436,2739,0,0,0,0,0,0,0,0,0
192819,-0.22,-441,2864,0,0,0,0,0,0,0,0,0
192868,-0.13,-321,4095,0,0,0,0,0,0,0,0,0
192917,-0.19,-13,4095,0,0,0,0,0,0,0,0,0
192966,-0.19,358,4095,0,0,0,0,0,0,0,0,0
193015,-0.23,594,3358,0,0,0,0,0,0,0,0,0
193064,-0.21,569,2816,0,0,0,0,0,0,0,0,0
193113,-0.29,324,2881,0,0,0,0,0,0,0,0,0
193162,-0.21,47,3100,0,0,0,0,0,0,0,0,0
193211,-0.16,-132,3059,0,0,0,0,0,0,0,0,0
193260,-0.21,-222,2886,0,0,0,0,0,0,0,0,0
193309,-0.19,-283,2736,0,0,0,0,0,0,0,0,0
193358,-0.26,-343,2715,0,0,0,0,0,0,0,0,0
193407,-0.17,-392,2714,0,0,0,0,0,0,0,0,0
193456,-0.19,-414,2768,0,0,0,0,0,0,0,0,0
193505,-0.24,-409,2723,0,0,0,0,0,0,0,0,0
193554,-0.21,-387,2774,0,0,0,0,0,0,0,0,0
193603,-0.24,-288,3799,0,0,0,0,0,0,0,0,0
193652,-0.18,-27,4095,0,0,0,0,0,0,0,0,0
193701,-0.16,327,4095,0,0,0,0,0,0,0,0,0
193750,-0.12,576,3262,0,0,0,0,0,0,0,0,0
193799,-0.17,558,2711,0,0,0,0,0,0,0,0,0
193848,-0.25,314,2839,0,0,0,0,0,0,0,0,0
193897,-0.18,46,3098,0,0,0,0,0,0,0,0,0
193946,-0.24,-113,3088,0,0,0,0,0,0,0,0,0
193995,-0.18,-182,2858,0,0,0,0,0,0,0,0,0
194044,-0.15,-235,2688,0,0,0,0,0,0,0,0,0
194093,-0.24,-301,2679,0,0,0,0,0,0,0,0,0
194142,-0.18,-355,2733,0,0,0,0,0,0,0,0,0
194191,-0.19,-378,2729,0,0,0,0,0,0,0,0,0
194240,-0.17,-360,2913,0,0,0,0,0,0,0,0,0
194289,-0.23,-225,4095,0,0,0,0,0,0,0,0,0
194338,-0.13,85,4095,0,0,0,0,0,0,0,0,0
194387,-0.24,430,3775,0,0,0,0,0,0,0,0,0
194436,-0.19,581,2895,0,0,0,0,0,0,0,0,0
194485,-0.23,451,2629,0,0,0,0,0,0,0,0,0
194534,-0.24,166,2872,0,0,0,0,0,0,0,0,0
194583,-0.19,-69,3099,0,0,0,0,0,0,0,0,0
194632,-0.20,-181,2955,0,0,0,0,0,0,0,0,0
194681,-0.16,-229,2730,0,0,0,0,0,0,0,0,0
194730,-0.21,-280,2608,0,0,0,0,0,0,0,0,0
194779,-0.20,-342,2633,0,0,0,0,0,0,0,0,0
194828,-0.26,-389,2640,0,0,0,0,0,0,0,0,0
194877,-0.13,-401,2754,0,0,0,0,0,0,0,0,0
194926,-0.24,-315,3647,0,0,0,0,0,0,0,0,0
194975,-0.22,-58,4095,0,0,0,0,0,0,0,0,0
195024,-0.18,308,4095,0,0,0,0,0,0,0,0,0
195073,-0.26,573,3126,0,0,0,0,0,0,0,0,0
195122,-0.19,559,2711,0,0,0,0,0,0,0,0,0
195171,-0.20,314,2734,0,0,0,0,0,0,0,0,0
195220,-0.21,34,2914,0,0,0,0,0,0,0,0,0
195269,-0.12,-151,2962,0,0,0,0,0,0,0,0,0
195318,-0.18,-241,2731,0,0,0,0,0,0,0,0,0
195367,-0.19,-305,2525,0,0,0,0,0,0,0,0,0
195416,-0.23,-371,2606,0,0,0,0,0,0,0,0,0
195465,-0.23,-415,2621,0,0,0,0,0,0,0,0,0
195514,-0.26,-421,2649,0,0,0,0,0,0,0,0,0
195563,-0.09,-397,2674,0,0,0,0,0,0,0,0,0
195612,-0.20,-318,3297,0,0,0,0,0,0,0,0,0
195661,-0.19,-99,4095,0,0,0,0,0,0,0,0,0
195710,-0.27,257,4095,0,0,0,0,0,0,0,0,0
195759,-0.23,561,3302,0,0,0,0,0,0,0,0,0
195808,-0.12,607,2742,0,0,0,0,0,0,0,0,0
195857,-0.18,400,2655,0,0,0,0,0,0,0,0,0
195906,-0.17,116,2919,0,0,0,0,0,0,0,0,0
195955,-0.30,-77,3049,0,0,0,0,0,0,0,0,0
196004,-0.18,-154,2925,0,0,0,0,0,0,0,0,0
196053,-0.25,-183,2722,0,0,0,0,0,0,0,0,0
196102,-0.14,-221,2642,0,0,0,0,0,0,0,0,0
196151,-0.17,-270,2675,0,0,0,0,0,0,0,0,0
196200,-0.21,-303,2701,0,0,0,0,0,0,0,0,0
196249,-0.16,-312,2677,0,0,0,0,0,0,0,0,0
196298,-0.25,-274,3177,0,0,0,0,0,0,0,0,0
196347,-0.17,-100,4095,0,0,0,0,0,0,0,0,0
196396,-0.18,230,4095,0,0,0,0,0,0,0,0,0
196445,-0.20,530,3280,0,0,0,0,0,0,0,0,0
196494,-0.20,579,2725,0,0,0,0,0,0,0,0,0
196543,-0.19,375,2629,0,0,0,0,0,0,0,0,0
196592,-0.14,92,2859,0,0,0,0,0,0,0,0,0
196641,-0.28,-106,3024,0,0,0,0,0,0,0,0,0
196690,-0.14,-189,2822,0,0,0,0,0,0,0,0,0
196739,-0.21,-231,2593,0,0,0,0,0,0,0,0,0
196788,-0.25,-285,2559,0,0,0,0,0,0,0,0,0
196837,-0.19,-340,2628,0,0,0,0,0,0,0,0,0
196886,-0.17,-365,2650,0,0,0,0,0,0,0,0,0
196935,-0.15,-359,2649,0,0,0,0,0,0,0,0,0
196984,-0.10,-291,3327,0,0,0,0,0,0,0,0,0
197033,-0.23,-75,4095,0,0,0,0,0,0,0,0,0
197082,-0.20,271,3930,0,0,0,0,0,0,0,0,0
197131,-0.23,534,3036,0,0,0,0,0,0,0,0,0
197180,-0.22,526,2624,0,0,0,0,0,0,0,0,0
197229,-0.16,294,2637,0,0,0,0,0,0,0,0,0
197278,-0.23,28,2882,0,0,0,0,0,0,0,0,0
197327,-0.23,-136,2942,0,0,0,0,0,0,0,0,0
197376,-0.24,-197,2815,0,0,0,0,0,0,0,0,0
197425,-0.22,-221,2640,0,0,0,0,0,0,0,0,0
197474,-0.18,-248,2672,0,0,0,0,0,0,0,0,0
197523,-0.22,-270,2716,0,0,0,0,0,0,0,0,0
197572,-0.22,-269,2745,0,0,0,0,0,0,0,0,0
197621,-0.24,-221,3181,0,0,0,0,0,0,0,0,0
197670,-0.26,-47,4095,0,0,0,0,0,0,0,0,0
197719,-0.21,264,3909,0,0,0,0,0,0,0,0,0
197768,-0.21,515,3062,0,0,0,0,0,0,0,0,0
197817,-0.29,509,2615,0,0,0,0,0,0,0,0,0
197866,-0.29,282,2623,0,0,0,0,0,0,0,0,0
197915,-0.15,22,2914,0,0,0,0,0,0,0,0,0
197964,-0.28,-133,2973,0,0,0,0,0,0,0,0,0
198013,-0.20,-183,2832,0,0,0,0,0,0,0,0,0
198062,-0.16,-198,2703,0,0,0,0,0,0,0,0,0
198111,-0.17,-222,2651,0,0,0,0,0,0,0,0,0
198160,-0.24,-255,2641,0,0,0,0,0,0,0,0,0
198209,-0.30,-272,2779,0,0,0,0,0,0,0,0,0
198258,-0.28,-191,3805,0,0,0,0,0,0,0,0,0
198307,-0.21,68,4095,0,0,0,0,0,0,0,0,0
198356,-0.23,394,3583,0,0,0,0,0,0,0,0,0
198405,-0.20,552,2896,0,0,0,0,0,0,0,0,0
198454,-0.22,446,2559,0,0,0,0,0,0,0,0,0
198503,-0.16,184,2758,0,0,0,0,0,0,0,0,0
198552,-0.23,-48,2950,0,0,0,0,0,0,0,0,0
198601,-0.25,-162,2961,0,0,0,0,0,0,0,0,0
198650,-0.18,-190,2817,0,0,0,0,0,0,0,0,0
198699,-0.22,-199,2686,0,0,0,0,0,0,0,0,0
198748,-0.28,-229,2593,0,0,0,0,0,0,0,0,0
198797,-0.24,-275,2608,0,0,0,0,0,0,0,0,0
198846,-0.17,-289,2961,0,0,0,0,0,0,0,0,0
198895,-0.25,-162,4095,0,0,0,0,0,0,0,0,0
198944,-0.30,157,4095,0,0,0,0,0,0,0,0,0
198993,-0.30,488,3440,0,0,0,0,0,0,0,0,0
199042,-0.31,598,2873,0,0,0,0,0,0,0,0,0
199091,-0.24,455,2751,0,0,0,0,0,0,0,0,0
199140,-0.25,204,2893,0,0,0,0,0,0,0,0,0
199189,-0.21,-5,2962,0,0,0,0,0,0,0,0,0
199238,-0.25,-126,2870,0,0,0,0,0,0,0,0,0
199287,-0.21,-188,2778,0,0,0,0,0,0,0,0,0
199336,-0.25,-231,2686,0,0,0,0,0,0,0,0,0
199385,-0.27,-267,2704,0,0,0,0,0,0,0,0,0
199434,-0.35,-290,2683,0,0,0,0,0,0,0,0,0
199483,-0.22,-291,2778,0,0,0,0,0,0,0,0,0
199532,-0.26,-201,3795,0,0,0,0,0,0,0,0,0
199581,-0.22,59,4095,0,0,0,0,0,0,0,0,0
199630,-0.22,415,4095,0,0,0,0,0,0,0,0,0
199679,-0.14,655,3122,0,0,0,0,0,0,0,0,0
199728,-0.23,618,2747,0,0,0,0,0,0,0,0,0
199777,-0.29,366,2811,0,0,0,0,0,0,0,0,0
199826,-0.19,96,3049,0,0,0,0,0,0,0,0,0
199875,-0.20,-68,3054,0,0,0,0,0,0,0,0,0
199924,-0.17,-141,2827,0,0,0,0,0,0,0,0,0
199973,-0.22,-193,2717,0,0,0,0,0,0,0,0,0
200022,-0.25,-249,2695,0,0,0,0,0,0,0,0,0
200071,-0.18,-295,2703,0,0,0,0,0,0,0,0,0
200120,-0.21,-318,2714,0,0,0,0,0,0,0,0,0
200169,-0.27,-296,3082,0,0,0,0,0,0,0,0,0
200218,-0.25,-143,4095,0,0,0,0,0,0,0,0,0
200267,-0.24,174,4095,0,0,0,0,0,0,0,0,0
200316,-0.26,514,3873,0,0,0,0,0,0,0,0,0
200365,-0.28,671,3019,0,0,0,0,0,0,0,0,0
200414,-0.22,561,2793,0,0,0,0,0,0,0,0,0
200463,-0.22,296,2993,0,0,0,0,0,0,0,0,0
200512,-0.27,71,3242,0,0,0,0,0,0,0,0,0
200561,-0.25,-36,3120,0,0,0,0,0,0,0,0,0
200610,-0.28,-83,2875,0,0,0,0,0,0,0,0,0
200659,-0.27,-139,2757,0,0,0,0,0,0,0,0,0
200708,-0.28,-213,2738,0,0,0,0,0,0,0,0,0
200757,-0.22,-277,2765,0,0,0,0,0,0,0,0,0
200806,-0.25,-307,2833,0,0,0,0,0,0,0,0,0
200855,-0.28,-239,3774,0,0,0,0,0,0,0,0,0
200904,-0.24,0,4095,0,0,0,0,0,0,0,0,0
200953,-0.20,340,4095,0,0,0,0,0,0,0,0,0
201002,-0.27,585,3318,0,0,0,0,0,0,0,0,0
201051,-0.24,580,2805,0,0,0,0,0,0,0,0,0
201100,-0.25,351,2816,0,0,0,0,0,0,0,0,0
201149,-0.23,79,3036,0,0,0,0,0,0,0,0,0
201198,-0.27,-98,3103,0,0,0,0,0,0,0,0,0
201247,-0.20,-173,2957,0,0,0,0,0,0,0,0,0
201296,-0.31,-207,2832,0,0,0,0,0,0,0,0,0
201345,-0.21,-243,2752,0,0,0,0,0,0,0,0,0
201394,-0.22,-284,2745,0,0,0,0,0,0,0,0,0
201443,-0.19,-313,2803,0,0,0,0,0,0,0,0,0
201492,-0.27,-276,3447,0,0,0,0,0,0,0,0,0
201541,-0.22,-89,4095,0,0,0,0,0,0,0,0,0
201590,-0.30,229,4095,0,0,0,0,0,0,0,0,0
201639,-0.23,504,3435,0,0,0,0,0,0,0,0,0
201688,-0.25,549,2837,0,0,0,0,0,0,0,0,0
201737,-0.16,357,2777,0,0,0,0,0,0,0,0,0
201786,-0.20,92,3031,0,0,0,0,0,0,0,0,0
201835,-0.23,-89,3130,0,0,0,0,0,0,0,0,0
201884,-0.28,-168,2943,0,0,0,0,0,0,0,0,0
201933,-0.25,-216,2683,0,0,0,0,0,0,0,0,0
201982,-0.23,-283,2654,0,0,0,0,0,0,0,0,0
202031,-0.27,-350,2732,0,0,0,0,0,0,0,0,0
202080,-0.25,-379,2795,0,0,0,0,0,0,0,0,0
202129,-0.27,-342,3154,0,0,0,0,0,0,0,0,0
202178,-0.31,-172,4095,0,0,0,0,0,0,0,0,0
202227,-0.29,150,4095,0,0,0,0,0,0,0,0,0
202276,-0.35,463,3563,0,0,0,0,0,0,0,0,0
202325,-0.26,565,2931,0,0,0,0,0,0,0,0,0
202374,-0.29,413,2727,0,0,0,0,0,0,0,0,0
202423,-0.25,145,2928,0,0,0,0,0,0,0,0,0
202472,-0.30,-72,3018,0,0,0,0,0,0,0,0,0
202521,-0.31,-188,2919,0,0,0,0,0,0,0,0,0
202570,-0.27,-244,2766,0,0,0,0,0,0,0,0,0
202619,-0.32,-288,2699,0,0,0,0,0,0,0,0,0
202668,-0.29,-327,2739,0,0,0,0,0,0,0,0,0
202717,-0.20,-346,2739,0,0,0,0,0,0,0,0,0
202766,-0.23,-339,2815,0,0,0,0,0,0,0,0,0
202815,-0.26,-272,3358,0,0,0,0,0,0,0,0,0
202864,-0.24,-73,4095,0,0,0,0,0,0,0,0,0
202913,-0.16,252,4095,0,0,0,0,0,0,0,0,0
202962,-0.22,521,3245,0,0,0,0,0,0,0,0,0
203011,-0.27,539,2771,0,0,0,0,0,0,0,0,0
203060,-0.23,324,2698,0,0,0,0,0,0,0,0,0
203109,-0.22,50,2930,0,0,0,0,0,0,0,0,0
203158,-0.30,-134,3056,0,0,0,0,0,0,0,0,0
203207,-0.21,-208,2886,0,0,0,0,0,0,0,0,0
203256,-0.25,-240,2699,0,0,0,0,0,0,0,0,0
203305,-0.25,-281,2662,0,0,0,0,0,0,0,0,0
203354,-0.19,-325,2689,0,0,0,0,0,0,0,0,0
203403,-0.30,-351,2682,0,0,0,0,0,0,0,0,0
203452,-0.30,-352,2734,0,0,0,0,0,0,0,0,0
203501,-0.26,-295,3280,0,0,0,0,0,0,0,0,0
203550,-0.16,-100,4095,0,0,0,0,0,0,0,0,0
203599,-0.19,236,4095,0,0,0,0,0,0,0,0,0
203648,-0.29,520,3185,0,0,0,0,0,0,0,0,0
203697,-0.24,547,2757,0,0,0,0,0,0,0,0,0
203746,-0.28,341,2761,0,0,0,0,0,0,0,0,0
203795,-0.28,84,2958,0,0,0,0,0,0,0,0,0
203844,-0.25,-90,2999,0,0,0,0,0,0,0,0,0
203893,-0.27,-171,2854,0,0,0,0,0,0,0,0,0
203942,-0.34,-216,2704,0,0,0,0,0,0,0,0,0
203991,-0.22,-261,2678,0,0,0,0,0,0,0,0,0
204040,-0.25,-301,2695,0,0,0,0,0,0,0,0,0
204089,-0.22,-318,2746,0,0,0,0,0,0,0,0,0
204138,-0.30,-311,2734,0,0,0,0,0,0,0,0,0
204187,-0.24,-266,3088,0,0,0,0,0,0,0,0,0
204236,-0.23,-104,4095,0,0,0,0,0,0,0,0,0
204285,-0.22,212,4095,0,0,0,0,0,0,0,0,0
204334,-0.21,505,3243,0,0,0,0,0,0,0,0,0
204383,-0.23,551,2736,0,0,0,0,0,0,0,0,0
204432,-0.27,352,2670,0,0,0,0,0,0,0,0,0
204481,-0.22,82,2895,0,0,0,0,0,0,0,0,0
204530,-0.41,-105,3006,0,0,0,0,0,0,0,0,0
204579,-0.28,-183,2892,0,0,0,0,0,0,0,0,0
204628,-0.25,-211,2725,0,0,0,0,0,0,0,0,0
204677,-0.23,-242,2636,0,0,0,0,0,0,0,0,0
204726,-0.21,-282,2675,0,0,0,0,0,0,0,0,0
204775,-0.21,-310,2678,0,0,0,0,0,0,0,0,0
204824,-0.25,-313,2725,0,0,0,0,0,0,0,0,0
204873,-0.22,-267,3155,0,0,0,0,0,0,0,0,0
204922,-0.24,-90,4095,0,0,0,0,0,0,0,0,0
204971,-0.17,224,3871,0,0,0,0,0,0,0,0,0
205020,-0.25,478,3083,0,0,0,0,0,0,0,0,0
205069,-0.21,484,2681,0,0,0,0,0,0,0,0,0
205118,-0.23,276,2653,0,0,0,0,0,0,0,0,0
205167,-0.25,24,2847,0,0,0,0,0,0,0,0,0
205216,-0.30,-144,2912,0,0,0,0,0,0,0,0,0
205265,-0.22,-212,2864,0,0,0,0,0,0,0,0,0
205314,-0.13,-227,2736,0,0,0,0,0,0,0,0,0
205363,-0.32,-238,2678,0,0,0,0,0,0,0,0,0
205412,-0.20,-258,2647,0,0,0,0,0,0,0,0,0
205461,-0.21,-279,2657,0,0,0,0,0,0,0,0,0
205510,-0.23,-276,2864,0,0,0,0,0,0,0,0,0
205559,-0.26,-173,3750,0,0,0,0,0,0,0,0,0
205608,-0.18,90,4063,0,0,0,0,0,0,0,0,0
205657,-0.25,382,3223,0,0,0,0,0,0,0,0,0
205706,-0.30,472,2715,0,0,0,0,0,0,0,0,0
205755,-0.23,322,2624,0,0,0,0,0,0,0,0,0
205804,-0.32,89,2882,0,0,0,0,0,0,0,0,0
205853,-0.27,-74,2995,0,0,0,0,0,0,0,0,0
205902,-0.19,-138,2887,0,0,0,0,0,0,0,0,0
205951,-0.27,-160,2730,0,0,0,0,0,0,0,0,0
206000,-0.24,-188,2688,0,0,0,0,0,0,0,0,0
206049,-0.18,-224,2656,0,0,0,0,0,0,0,0,0
206098,-0.25,-253,2711,0,0,0,0,0,0,0,0,0
206147,-0.20,-238,3051,0,0,0,0,0,0,0,0,0
206196,-0.20,-105,3885,0,0,0,0,0,0,0,0,0
206245,-0.21,154,3666,0,0,0,0,0,0,0,0,0
206294,-0.30,369,2992,0,0,0,0,0,0,0,0,0
206343,-0.18,373,2641,0,0,0,0,0,0,0,0,0
206392,-0.16,200,2703,0,0,0,0,0,0,0,0,0
206441,-0.22,7,2964,0,0,0,0,0,0,0,0,0
206490,-0.34,-97,2997,0,0,0,0,0,0,0,0,0
206539,-0.24,-122,2866,0,0,0,0,0,0,0,0,0
206588,-0.23,-129,2747,0,0,0,0,0,0,0,0,0
206637,-0.18,-154,2682,0,0,0,0,0,0,0,0,0
206686,-0.16,-191,2707,0,0,0,0,0,0,0,0,0
206735,-0.15,-209,2874,0,0,0,0,0,0,0,0,0
206784,-0.29,-140,3583,0,0,0,0,0,0,0,0,0
206833,-0.23,74,3972,0,0,0,0,0,0,0,0,0
206882,-0.13,337,3316,0,0,0,0,0,0,0,0,0
206931,-0.17,443,2833,0,0,0,0,0,0,0,0,0
206980,-0.30,336,2709,0,0,0,0,0,0,0,0,0
207029,-0.17,141,2963,0,0,0,0,0,0,0,0,0
207078,-0.19,0,3110,0,0,0,0,0,0,0,0,0
207127,-0.26,-54,2960,0,0,0,0,0,0,0,0,0
207176,-0.23,-76,2827,0,0,0,0,0,0,0,0,0
207225,-0.27,-108,2771,0,0,0,0,0,0,0,0,0
207274,-0.17,-148,2785,0,0,0,0,0,0,0,0,0
207323,-0.26,-170,2939,0,0,0,0,0,0,0,0,0
207372,-0.23,-96,3810,0,0,0,0,0,0,0,0,0
207421,-0.16,135,4095,0,0,0,0,0,0,0,0,0
207470,-0.24,410,3419,0,0,0,0,0,0,0,0,0
207519,-0.17,509,2850,0,0,0,0,0,0,0,0,0
207568,-0.26,377,2768,0,0,0,0,0,0,0,0,0
207617,-0.18,156,3008,0,0,0,0,0,0,0,0,0
207666,-0.16,-4,3113,0,0,0,0,0,0,0,0,0
207715,-0.21,-75,2971,0,0,0,0,0,0,0,0,0
207764,-0.26,-110,2831,0,0,0,0,0,0,0,0,0
207813,-0.24,-152,2739,0,0,0,0,0,0,0,0,0
207862,-0.20,-204,2743,0,0,0,0,0,0,0,0,0
207911,-0.25,-213,3245,0,0,0,0,0,0,0,0,0
207960,-0.24,-79,4095,0,0,0,0,0,0,0,0,0
208009,-0.15,205,3915,0,0,0,0,0,0,0,0,0
208058,-0.23,442,3103,0,0,0,0,0,0,0,0,0
208107,-0.21,443,2754,0,0,0,0,0,0,0,0,0
208156,-0.23,249,2803,0,0,0,0,0,0,0,0,0
208205,-0.21,27,2992,0,0,0,0,0,0,0,0,0
208254,-0.21,-113,2982,0,0,0,0,0,0,0,0,0
208303,-0.23,-179,2826,0,0,0,0,0,0,0,0,0
208352,-0.18,-220,2743,0,0,0,0,0,0,0,0,0
208401,-0.17,-259,2726,0,0,0,0,0,0,0,0,0
208450,-0.24,-282,2831,0,0,0,0,0,0,0,0,0
208499,-0.22,-223,3625,0,0,0,0,0,0,0,0,0
208548,-0.25,-4,4095,0,0,0,0,0,0,0,0,0
208597,-0.19,298,3665,0,0,0,0,0,0,0,0,0
208646,-0.20,475,3031,0,0,0,0,0,0,0,0,0
208695,-0.23,418,2802,0,0,0,0,0,0,0,0,0
208744,-0.25,213,2880,0,0,0,0,0,0,0,0,0
208793,-0.20,7,2973,0,0,0,0,0,0,0,0,0
208842,-0.22,-126,2895,0,0,0,0,0,0,0,0,0
208891,-0.22,-202,2801,0,0,0,0,0,0,0,0,0
208940,-0.26,-253,2731,0,0,0,0,0,0,0,0,0
208989,-0.26,-293,2674,0,0,0,0,0,0,0,0,0
209038,-0.27,-325,2685,0,0,0,0,0,0,0,0,0
209087,-0.21,-338,2730,0,0,0,0,0,0,0,0,0
209136,-0.20,-310,3015,0,0,0,0,0,0,0,0,0
209185,-0.23,-158,4095,0,0,0,0,0,0,0,0,0
209234,-0.27,161,4095,0,0,0,0,0,0,0,0,0
209283,-0.24,482,3506,0,0,0,0,0,0,0,0,0
209332,-0.21,591,2961,0,0,0,0,0,0,0,0,0
209381,-0.18,457,2811,0,0,0,0,0,0,0,0,0
209430,-0.15,211,2916,0,0,0,0,0,0,0,0,0
209479,-0.21,-2,2976,0,0,0,0,0,0,0,0,0
209528,-0.23,-130,2911,0,0,0,0,0,0,0,0,0
209577,-0.25,-201,2773,0,0,0,0,0,0,0,0,0
209626,-0.20,-250,2737,0,0,0,0,0,0,0,0,0
209675,-0.28,-286,2748,0,0,0,0,0,0,0,0,0
209724,-0.25,-303,2731,0,0,0,0,0,0,0,0,0
209773,-0.29,-306,2710,0,0,0,0,0,0,0,0,0
209822,-0.30,-302,2701,0,0,0,0,0,0,0,0,0
209871,-0.20,-298,2656,0,0,0,0,0,0,0,0,0
209920,-0.31,-296,2670,0,0,0,0,0,0,0,0,0
209969,-0.21,-244,3372,0,0,0,0,0,0,0,0,0
210018,-0.25,-45,4095,0,0,0,0,0,0,0,0,0
210067,-0.24,294,4095,0,0,0,0,0,0,0,0,0
210116,-0.33,576,3216,0,0,0,0,0,0,0,0,0
210165,-0.22,605,2842,0,0,0,0,0,0,0,0,0
210214,-0.20,409,2826,0,0,0,0,0,0,0,0,0
210263,-0.19,160,2965,0,0,0,0,0,0,0,0,0
210312,-0.25,-21,3007,0,0,0,0,0,0,0,0,0
210361,-0.23,-117,2877,0,0,0,0,0,0,0,0,0
210410,-0.20,-172,2755,0,0,0,0,0,0,0,0,0
210459,-0.13,-219,2723,0,0,0,0,0,0,0,0,0
210508,-0.24,-256,2757,0,0,0,0,0,0,0,0,0
210557,-0.25,-269,2794,0,0,0,0,0,0,0,0,0
210606,-0.23,-257,2803,0,0,0,0,0,0,0,0,0
210655,-0.22,-235,2736,0,0,0,0,0,0,0,0,0
210704,-0.18,-223,2704,0,0,0,0,0,0,0,0,0
210753,-0.28,-195,3121,0,0,0,0,0,0,0,0,0
210802,-0.24,-50,4095,0,0,0,0,0,0,0,0,0
210851,-0.22,254,4095,0,0,0,0,0,0,0,0,0
210900,-0.21,532,3190,0,0,0,0,0,0,0,0,0
210949,-0.18,564,2765,0,0,0,0,0,0,0,0,0
210998,-0.20,366,2731,0,0,0,0,0,0,0,0,0
211047,-0.19,111,2932,0,0,0,0,0,0,0,0,0
211096,-0.22,-66,2981,0,0,0,0,0,0,0,0,0
211145,-0.16,-150,2862,0,0,0,0,0,0,0,0,0
211194,-0.23,-192,2736,0,0,0,0,0,0,0,0,0
211243,-0.18,-228,2698,0,0,0,0,0,0,0,0,0
211292,-0.22,-260,2713,0,0,0,0,0,0,0,0,0
211341,-0.20,-275,2753,0,0,0,0,0,0,0,0,0
211390,-0.21,-266,2793,0,0,0,0,0,0,0,0,0
211439,-0.25,-242,2733,0,0,0,0,0,0,0,0,0
211488,-0.24,-218,2768,0,0,0,0,0,0,0,0,0
211537,-0.21,-148,3489,0,0,0,0,0,0,0,0,0
211586,-0.20,57,4095,0,0,0,0,0,0,0,0,0
211635,-0.20,340,3459,0,0,0,0,0,0,0,0,0
211684,-0.26,483,2884,0,0,0,0,0,0,0,0,0
211733,-0.25,393,2689,0,0,0,0,0,0,0,0,0
211782,-0.18,181,2864,0,0,0,0,0,0,0,0,0
211831,-0.24,0,3009,0,0,0,0,0,0,0,0,0
211880,-0.23,-92,2921,0,0,0,0,0,0,0,0,0
211929,-0.23,-134,2779,0,0,0,0,0,0,0,0,0
211978,-0.21,-171,2695,0,0,0,0,0,0,0,0,0
212027,-0.21,-210,2725,0,0,0,0,0,0,0,0,0
212076,-0.26,-236,2750,0,0,0,0,0,0,0,0,0
212125,-0.33,-241,2743,0,0,0,0,0,0,0,0,0
212174,-0.17,-229,2779,0,0,0,0,0,0,0,0,0
212223,-0.26,-177,3243,0,0,0,0,0,0,0,0,0
212272,-0.16,-20,3837,0,0,0,0,0,0,0,0,0
212321,-0.10,214,3470,0,0,0,0,0,0,0,0,0
212370,-0.24,365,2928,0,0,0,0,0,0,0,0,0
212419,-0.27,326,2704,0,0,0,0,0,0,0,0,0
212468,-0.21,160,2795,0,0,0,0,0,0,0,0,0
212517,-0.22,2,3008,0,0,0,0,0,0,0,0,0
212566,-0.23,-76,2976,0,0,0,0,0,0,0,0,0
212615,-0.23,-99,2831,0,0,0,0,0,0,0,0,0
212664,-0.19,-117,2770,0,0,0,0,0,0,0,0,0
212713,-0.19,-144,2770,0,0,0,0,0,0,0,0,0
212762,-0.18,-168,2756,0,0,0,0,0,0,0,0,0
212811,-0.17,-183,2769,0,0,0,0,0,0,0,0,0
212860,-0.22,-155,3244,0,0,0,0,0,0,0,0,0
212909,-0.17,-5,3955,0,0,0,0,0,0,0,0,0
212958,-0.25,242,3495,0,0,0,0,0,0,0,0,0
213007,-0.28,401,2913,0,0,0,0,0,0,0,0,0
213056,-0.23,349,2663,0,0,0,0,0,0,0,0,0
213105,-0.29,160,2764,0,0,0,0,0,0,0,0,0
213154,-0.26,-18,2970,0,0,0,0,0,0,0,0,0
213203,-0.22,-105,3019,0,0,0,0,0,0,0,0,0
213252,-0.30,-115,2938,0,0,0,0,0,0,0,0,0
213301,-0.20,-103,2853,0,0,0,0,0,0,0,0,0
213350,-0.29,-103,2829,0,0,0,0,0,0,0,0,0
213399,-0.15,-112,2845,0,0,0,0,0,0,0,0,0
213448,-0.25,-100,3161,0,0,0,0,0,0,0,0,0
213497,-0.16,19,4054,0,0,0,0,0,0,0,0,0
213546,-0.14,276,3930,0,0,0,0,0,0,0,0,0
213595,-0.21,499,3181,0,0,0,0,0,0,0,0,0
213644,-0.19,506,2819,0,0,0,0,0,0,0,0,0
213693,-0.27,321,2780,0,0,0,0,0,0,0,0,0
213742,-0.19,93,2979,0,0,0,0,0,0,0,0,0
213791,-0.17,-58,3038,0,0,0,0,0,0,0,0,0
213840,-0.23,-121,2934,0,0,0,0,0,0,0,0,0
213889,-0.22,-146,2830,0,0,0,0,0,0,0,0,0
213938,-0.25,-172,2772,0,0,0,0,0,0,0,0,0
213987,-0.24,-203,2772,0,0,0,0,0,0,0,0,0
214036,-0.27,-210,3045,0,0,0,0,0,0,0,0,0
214085,-0.25,-107,3953,0,0,0,0,0,0,0,0,0
214134,-0.22,149,3994,0,0,0,0,0,0,0,0,0
214183,-0.23,404,3199,0,0,0,0,0,0,0,0,0
214232,-0.23,450,2814,0,0,0,0,0,0,0,0,0
214281,-0.24,294,2832,0,0,0,0,0,0,0,0,0
214330,-0.24,88,3008,0,0,0,0,0,0,0,0,0
214379,-0.26,-52,3038,0,0,0,0,0,0,0,0,0
214428,-0.26,-118,2917,0,0,0,0,0,0,0,0,0
214477,-0.26,-151,2876,0,0,0,0,0,0,0,0,0
214526,-0.24,-177,2821,0,0,0,0,0,0,0,0,0
214575,-0.19,-202,2778,0,0,0,0,0,0,0,0,0
214624,-0.21,-219,2883,0,0,0,0,0,0,0,0,0
214673,-0.19,-161,3687,0,0,0,0,0,0,0,0,0
214722,-0.18,49,4095,0,0,0,0,0,0,0,0,0
214771,-0.19,336,3657,0,0,0,0,0,0,0,0,0
214820,-0.23,494,3047,0,0,0,0,0,0,0,0,0
214869,-0.23,425,2819,0,0,0,0,0,0,0,0,0
214918,-0.29,215,2896,0,0,0,0,0,0,0,0,0
214967,-0.31,14,3040,0,0,0,0,0,0,0,0,0
215016,-0.22,-105,3011,0,0,0,0,0,0,0,0,0
215065,-0.23,-158,2896,0,0,0,0,0,0,0,0,0
215114,-0.25,-191,2802,0,0,0,0,0,0,0,0,0
215163,-0.28,-223,2800,0,0,0,0,0,0,0,0,0
215212,-0.24,-249,2815,0,0,0,0,0,0,0,0,0
215261,-0.17,-258,2800,0,0,0,0,0,0,0,0,0
215310,-0.21,-245,2942,0,0,0,0,0,0,0,0,0
215359,-0.22,-147,3850,0,0,0,0,0,0,0,0,0
215408,-0.27,101,4095,0,0,0,0,0,0,0,0,0
215457,-0.23,390,3539,0,0,0,0,0,0,0,0,0
215506,-0.24,511,2960,0,0,0,0,0,0,0,0,0
215555,-0.19,403,2855,0,0,0,0,0,0,0,0,0
215604,-0.25,191,3039,0,0,0,0,0,0,0,0,0
215653,-0.23,22,3158,0,0,0,0,0,0,0,0,0
215702,-0.16,-59,3056,0,0,0,0,0,0,0,0,0
215751,-0.19,-99,2897,0,0,0,0,0,0,0,0,0
215800,-0.30,-142,2811,0,0,0,0,0,0,0,0,0
215849,-0.19,-194,2807,0,0,0,0,0,0,0,0,0
215898,-0.22,-235,2849,0,0,0,0,0,0,0,0,0
215947,-0.20,-248,2882,0,0,0,0,0,0,0,0,0
215996,-0.21,-211,3259,0,0,0,0,0,0,0,0,0
216045,-0.27,-55,4095,0,0,0,0,0,0,0,0,0
216094,-0.24,235,4095,0,0,0,0,0,0,0,0,0
216143,-0.21,493,3287,0,0,0,0,0,0,0,0,0
216192,-0.23,526,2916,0,0,0,0,0,0,0,0,0
216241,-0.14,353,2930,0,0,0,0,0,0,0,0,0
216290,-0.23,137,3175,0,0,0,0,0,0,0,0,0
216339,-0.21,0,3185,0,0,0,0,0,0,0,0,0
216388,-0.13,-62,2987,0,0,0,0,0,0,0,0,0
216437,-0.17,-113,2826,0,0,0,0,0,0,0,0,0
216486,-0.18,-174,2857,0,0,0,0,0,0,0,0,0
216535,-0.22,-223,2890,0,0,0,0,0,0,0,0,0
216584,-0.19,-244,2894,0,0,0,0,0,0,0,0,0
216633,-0.18,-216,3281,0,0,0,0,0,0,0,0,0
216682,-0.18,-70,4095,0,0,0,0,0,0,0,0,0
216731,-0.26,212,4095,0,0,0,0,0,0,0,0,0
216780,-0.23,475,3471,0,0,0,0,0,0,0,0,0
216829,-0.13,537,3028,0,0,0,0,0,0,0,0,0
216878,-0.21,394,3013,0,0,0,0,0,0,0,0,0
216927,-0.14,190,3231,0,0,0,0,0,0,0,0,0
216976,-0.15,48,3278,0,0,0,0,0,0,0,0,0
217025,-0.10,-24,3033,0,0,0,0,0,0,0,0,0
217074,-0.22,-88,2865,0,0,0,0,0,0,0,0,0
217123,-0.18,-165,2883,0,0,0,0,0,0,0,0,0
217172,-0.23,-230,2909,0,0,0,0,0,0,0,0,0
217221,-0.15,-261,2934,0,0,0,0,0,0,0,0,0
217270,-0.23,-246,3165,0,0,0,0,0,0,0,0,0
217319,-0.19,-122,4095,0,0,0,0,0,0,0,0,0
217368,-0.24,147,4095,0,0,0,0,0,0,0,0,0
217417,-0.22,445,3951,0,0,0,0,0,0,0,0,0
217466,-0.24,595,3219,0,0,0,0,0,0,0,0,0
217515,-0.22,517,3059,0,0,0,0,0,0,0,0,0
217564,-0.26,306,3214,0,0,0,0,0,0,0,0,0
217613,-0.22,114,3296,0,0,0,0,0,0,0,0,0
217662,-0.24,-7,3106,0,0,0,0,0,0,0,0,0
217711,-0.18,-98,2910,0,0,0,0,0,0,0,0,0
217760,-0.18,-190,2887,0,0,0,0,0,0,0,0,0
217809,-0.26,-265,2925,0,0,0,0,0,0,0,0,0
217858,-0.23,-302,2957,0,0,0,0,0,0,0,0,0
217907,-0.24,-304,2928,0,0,0,0,0,0,0,0,0
217956,-0.21,-272,3169,0,0,0,0,0,0,0,0,0
218005,-0.26,-142,4095,0,0,0,0,0,0,0,0,0
218054,-0.26,127,4095,0,0,0,0,0,0,0,0,0
218103,-0.20,417,3861,0,0,0,0,0,0,0,0,0
218152,-0.22,544,3108,0,0,0,0,0,0,0,0,0
218201,-0.15,438,2944,0,0,0,0,0,0,0,0,0
218250,-0.23,204,3114,0,0,0,0,0,0,0,0,0
218299,-0.23,5,3248,0,0,0,0,0,0,0,0,0
218348,-0.20,-101,3133,0,0,0,0,0,0,0,0,0
218397,-0.18,-160,2911,0,0,0,0,0,0,0,0,0
218446,-0.25,-225,2783,0,0,0,0,0,0,0,0,0
218495,-0.26,-300,2805,0,0,0,0,0,0,0,0,0
218544,-0.23,-356,2842,0,0,0,0,0,0,0,0,0
218593,-0.19,-376,2832,0,0,0,0,0,0,0,0,0
218642,-0.22,-358,3008,0,0,0,0,0,0,0,0,0
218691,-0.27,-231,4095,0,0,0,0,0,0,0,0,0
218740,-0.29,57,4095,0,0,0,0,0,0,0,0,0
218789,-0.27,367,3638,0,0,0,0,0,0,0,0,0
218838,-0.28,491,3039,0,0,0,0,0,0,0,0,0
218887,-0.26,380,2880,0,0,0,0,0,0,0,0,0
218936,-0.26,154,3040,0,0,0,0,0,0,0,0,0
218985,-0.15,-38,3120,0,0,0,0,0,0,0,0,0
219034,-0.25,-149,2992,0,0,0,0,0,0,0,0,0
219083,-0.26,-217,2805,0,0,0,0,0,0,0,0,0
219132,-0.27,-281,2752,0,0,0,0,0,0,0,0,0
219181,-0.26,-339,2756,0,0,0,0,0,0,0,0,0
219230,-0.32,-373,2800,0,0,0,0,0,0,0,0,0
219279,-0.27,-378,2778,0,0,0,0,0,0,0,0,0
219328,-0.25,-361,2828,0,0,0,0,0,0,0,0,0
219377,-0.24,-281,3544,0,0,0,0,0,0,0,0,0
219426,-0.20,-63,4095,0,0,0,0,0,0,0,0,0
219475,-0.24,236,3663,0,0,0,0,0,0,0,0,0
219524,-0.27,416,3024,0,0,0,0,0,0,0,0,0
219573,-0.29,363,2811,0,0,0,0,0,0,0,0,0
219622,-0.20,166,2911,0,0,0,0,0,0,0,0,0
219671,-0.24,-25,3024,0,0,0,0,0,0,0,0,0
219720,-0.21,-142,2959,0,0,0,0,0,0,0,0,0
219769,-0.27,-203,2820,0,0,0,0,0,0,0,0,0
219818,-0.28,-251,2715,0,0,0,0,0,0,0,0,0
219867,-0.19,-299,2717,0,0,0,0,0,0,0,0,0
219916,-0.22,-334,2721,0,0,0,0,0,0,0,0,0
219965,-0.20,-347,2723,0,0,0,0,0,0,0,0,0
220014,-0.24,-326,2964,0,0,0,0,0,0,0,0,0
220063,-0.18,-209,3762,0,0,0,0,0,0,0,0,0
220112,-0.19,46,3953,0,0,0,0,0,0,0,0,0
220161,-0.20,313,3261,0,0,0,0,0,0,0,0,0
220210,-0.24,396,2832,0,0,0,0,0,0,0,0,0
220259,-0.17,276,2825,0,0,0,0,0,0,0,0,0
220308,-0.24,90,2999,0,0,0,0,0,0,0,0,0
220357,-0.18,-43,3031,0,0,0,0,0,0,0,0,0
220406,-0.29,-112,2891,0,0,0,0,0,0,0,0,0
220455,-0.30,-157,2787,0,0,0,0,0,0,0,0,0
220504,-0.30,-203,2749,0,0,0,0,0,0,0,0,0
220553,-0.25,-245,2727,0,0,0,0,0,0,0,0,0
220602,-0.30,-274,2739,0,0,0,0,0,0,0,0,0
220651,-0.27,-275,2896,0,0,0,0,0,0,0,0,0
220700,-0.23,-191,3606,0,0,0,0,0,0,0,0,0
220749,-0.30,19,3810,0,0,0,0,0,0,0,0,0
220798,-0.18,250,3179,0,0,0,0,0,0,0,0,0
220847,-0.18,324,2807,0,0,0,0,0,0,0,0,0
220896,-0.26,216,2729,0,0,0,0,0,0,0,0,0
220945,-0.29,42,2900,0,0,0,0,0,0,0,0,0
220994,-0.24,-84,3002,0,0,0,0,0,0,0,0,0
221043,-0.22,-139,2870,0,0,0,0,0,0,0,0,0
221092,-0.22,-163,2774,0,0,0,0,0,0,0,0,0
221141,-0.19,-191,2730,0,0,0,0,0,0,0,0,0
221190,-0.23,-221,2726,0,0,0,0,0,0,0,0,0
221239,-0.20,-240,2772,0,0,0,0,0,0,0,0,0
221288,-0.20,-217,3123,0,0,0,0,0,0,0,0,0
221337,-0.08,-87,3837,0,0,0,0,0,0,0,0,0
221386,-0.28,153,3650,0,0,0,0,0,0,0,0,0
221435,-0.21,354,3141,0,0,0,0,0,0,0,0,0
221484,-0.25,379,2841,0,0,0,0,0,0,0,0,0
221533,-0.23,249,2848,0,0,0,0,0,0,0,0,0
221582,-0.20,83,2994,0,0,0,0,0,0,0,0,0
221631,-0.19,-31,2997,0,0,0,0,0,0,0,0,0
221680,-0.21,-87,2903,0,0,0,0,0,0,0,0,0
221729,-0.27,-121,2828,0,0,0,0,0,0,0,0,0
221778,-0.17,-152,2786,0,0,0,0,0,0,0,0,0
221827,-0.27,-180,2813,0,0,0,0,0,0,0,0,0
221876,-0.19,-174,3126,0,0,0,0,0,0,0,0,0
221925,-0.25,-61,3857,0,0,0,0,0,0,0,0,0
221974,-0.26,169,3749,0,0,0,0,0,0,0,0,0
222023,-0.12,370,3139,0,0,0,0,0,0,0,0,0
222072,-0.26,388,2832,0,0,0,0,0,0,0,0,0
222121,-0.19,243,2850,0,0,0,0,0,0,0,0,0
222170,-0.18,67,3020,0,0,0,0,0,0,0,0,0
222219,-0.28,-47,3034,0,0,0,0,0,0,0,0,0
222268,-0.28,-96,2939,0,0,0,0,0,0,0,0,0
222317,-0.19,-124,2829,0,0,0,0,0,0,0,0,0
222366,-0.22,-157,2777,0,0,0,0,0,0,0,0,0
222415,-0.21,-192,2818,0,0,0,0,0,0,0,0,0
222464,-0.19,-188,3183,0,0,0,0,0,0,0,0,0
222513,-0.21,-70,3919,0,0,0,0,0,0,0,0,0
222562,-0.31,163,3665,0,0,0,0,0,0,0,0,0
222611,-0.20,347,3067,0,0,0,0,0,0,0,0,0
222660,-0.19,342,2802,0,0,0,0,0,0,0,0,0
222709,-0.21,189,2853,0,0,0,0,0,0,0,0,0
222758,-0.23,20,3039,0,0,0,0,0,0,0,0,0
222807,-0.16,-76,3062,0,0,0,0,0,0,0,0,0
222856,-0.14,-110,2906,0,0,0,0,0,0,0,0,0
222905,-0.25,-136,2779,0,0,0,0,0,0,0,0,0
222954,-0.21,-175,2787,0,0,0,0,0,0,0,0,0
223003,-0.25,-204,2915,0,0,0,0,0,0,0,0,0
223052,-0.16,-153,3632,0,0,0,0,0,0,0,0,0
223101,-0.29,47,4080,0,0,0,0,0,0,0,0,0
223150,-0.29,311,3442,0,0,0,0,0,0,0,0,0
223199,-0.28,432,2951,0,0,0,0,0,0,0,0,0
223248,-0.21,344,2869,0,0,0,0,0,0,0,0,0
223297,-0.22,162,3025,0,0,0,0,0,0,0,0,0
223346,-0.32,15,3114,0,0,0,0,0,0,0,0,0
223395,-0.21,-61,3017,0,0,0,0,0,0,0,0,0
223444,-0.23,-103,2880,0,0,0,0,0,0,0,0,0
223493,-0.15,-148,2805,0,0,0,0,0,0,0,0,0
223542,-0.29,-193,2838,0,0,0,0,0,0,0,0,0
223591,-0.25,-203,3150,0,0,0,0,0,0,0,0,0
223640,-0.28,-88,4095,0,0,0,0,0,0,0,0,0
223689,-0.18,186,4095,0,0,0,0,0,0,0,0,0
223738,-0.27,460,3439,0,0,0,0,0,0,0,0,0
223787,-0.22,536,3045,0,0,0,0,0,0,0,0,0
223836,-0.23,406,2979,0,0,0,0,0,0,0,0,0
223885,-0.36,204,3158,0,0,0,0,0,0,0,0,0
223934,-0.23,47,3167,0,0,0,0,0,0,0,0,0
223983,-0.27,-46,2988,0,0,0,0,0,0,0,0,0
224032,-0.27,-114,2912,0,0,0,0,0,0,0,0,0
224081,-0.17,-175,2890,0,0,0,0,0,0,0,0,0
224130,-0.29,-219,2896,0,0,0,0,0,0,0,0,0
224179,-0.27,-223,3175,0,0,0,0,0,0,0,0,0
224228,-0.24,-109,4095,0,0,0,0,0,0,0,0,0
224277,-0.18,157,4095,0,0,0,0,0,0,0,0,0
224326,-0.21,442,3750,0,0,0,0,0,0,0,0,0
224375,-0.24,559,3124,0,0,0,0,0,0,0,0,0
224424,-0.26,455,3009,0,0,0,0,0,0,0,0,0
224473,-0.24,242,3175,0,0,0,0,0,0,0,0,0
224522,-0.22,61,3187,0,0,0,0,0,0,0,0,0
224571,-0.21,-54,3035,0,0,0,0,0,0,0,0,0
224620,-0.24,-139,2891,0,0,0,0,0,0,0,0,0
224669,-0.27,-217,2835,0,0,0,0,0,0,0,0,0
224718,-0.38,-288,2779,0,0,0,0,0,0,0,0,0
224767,-0.25,-336,2862,0,0,0,0,0,0,0,0,0
224816,-0.36,-326,3227,0,0,0,0,0,0,0,0,0
224865,-0.23,-181,4095,0,0,0,0,0,0,0,0,0
224914,-0.28,115,4095,0,0,0,0,0,0,0,0,0
224963,-0.23,410,3632,0,0,0,0,0,0,0,0,0
225012,-0.34,513,3018,0,0,0,0,0,0,0,0,0
225061,-0.24,390,2989,0,0,0,0,0,0,0,0,0
225110,-0.24,179,3232,0,0,0,0,0,0,0,0,0
225159,-0.26,23,3234,0,0,0,0,0,0,0,0,0
225208,-0.33,-60,3056,0,0,0,0,0,0,0,0,0
225257,-0.29,-126,2894,0,0,0,0,0,0,0,0,0
225306,-0.26,-197,2881,0,0,0,0,0,0,0,0,0
225355,-0.28,-254,2964,0,0,0,0,0,0,0,0,0
225404,-0.25,-277,2922,0,0,0,0,0,0,0,0,0
225453,-0.33,-278,2890,0,0,0,0,0,0,0,0,0
225502,-0.22,-224,3634,0,0,0,0,0,0,0,0,0
225551,-0.35,-36,4095,0,0,0,0,0,0,0,0,0
225600,-0.24,259,4095,0,0,0,0,0,0,0,0,0
225649,-0.26,477,3189,0,0,0,0,0,0,0,0,0
225698,-0.22,450,2803,0,0,0,0,0,0,0,0,0
225747,-0.24,229,2945,0,0,0,0,0,0,0,0,0
225796,-0.31,2,3208,0,0,0,0,0,0,0,0,0
225845,-0.22,-122,3111,0,0,0,0,0,0,0,0,0
225894,-0.21,-182,2864,0,0,0,0,0,0,0,0,0
225943,-0.20,-246,2686,0,0,0,0,0,0,0,0,0
225992,-0.21,-328,2684,0,0,0,0,0,0,0,0,0
226041,-0.18,-397,2741,0,0,0,0,0,0,0,0,0
226090,-0.26,-402,3098,0,0,0,0,0,0,0,0,0
226139,-0.20,-262,4048,0,0,0,0,0,0,0,0,0
226188,-0.23,47,4095,0,0,0,0,0,0,0,0,0
226237,-0.21,353,3369,0,0,0,0,0,0,0,0,0
226286,-0.25,435,2779,0,0,0,0,0,0,0,0,0
226335,-0.18,268,2704,0,0,0,0,0,0,0,0,0
226384,-0.23,22,3045,0,0,0,0,0,0,0,0,0
226433,-0.19,-133,3211,0,0,0,0,0,0,0,0,0
226482,-0.26,-174,3023,0,0,0,0,0,0,0,0,0
226531,-0.18,-186,2777,0,0,0,0,0,0,0,0,0
226580,-0.19,-229,2711,0,0,0,0,0,0,0,0,0
226629,-0.22,-283,2855,0,0,0,0,0,0,0,0,0
226678,-0.16,-247,3775,0,0,0,0,0,0,0,0,0
226727,-0.19,-31,4095,0,0,0,0,0,0,0,0,0
226776,-0.26,294,4095,0,0,0,0,0,0,0,0,0
226825,-0.13,515,3046,0,0,0,0,0,0,0,0,0
226874,-0.26,468,2748,0,0,0,0,0,0,0,0,0
226923,-0.22,226,2927,0,0,0,0,0,0,0,0,0
226972,-0.15,-2,3200,0,0,0,0,0,0,0,0,0
227021,-0.24,-117,3159,0,0,0,0,0,0,0,0,0
227070,-0.22,-155,2910,0,0,0,0,0,0,0,0,0
227119,-0.24,-196,2734,0,0,0,0,0,0,0,0,0
227168,-0.30,-261,2773,0,0,0,0,0,0,0,0,0
227217,-0.24,-270,3502,0,0,0,0,0,0,0,0,0
227266,-0.28,-115,4095,0,0,0,0,0,0,0,0,0
227315,-0.22,178,3958,0,0,0,0,0,0,0,0,0
227364,-0.28,406,3164,0,0,0,0,0,0,0,0,0
227413,-0.18,401,2800,0,0,0,0,0,0,0,0,0
227462,-0.29,202,2848,0,0,0,0,0,0,0,0,0
227511,-0.37,-16,3111,0,0,0,0,0,0,0,0,0
227560,-0.20,-144,3071,0,0,0,0,0,0,0,0,0
227609,-0.24,-198,2867,0,0,0,0,0,0,0,0,0
227658,-0.25,-243,2739,0,0,0,0,0,0,0,0,0
227707,-0.29,-293,2839,0,0,0,0,0,0,0,0,0
227756,-0.30,-263,3712,0,0,0,0,0,0,0,0,0
227805,-0.26,-62,4095,0,0,0,0,0,0,0,0,0
227854,-0.31,242,3867,0,0,0,0,0,0,0,0,0
227903,-0.29,433,3009,0,0,0,0,0,0,0,0,0
227952,-0.21,371,2687,0,0,0,0,0,0,0,0,0
228001,-0.25,132,2823,0,0,0,0,0,0,0,0,0
228050,-0.19,-98,3017,0,0,0,0,0,0,0,0,0
228099,-0.24,-225,3002,0,0,0,0,0,0,0,0,0
228148,-0.29,-268,2881,0,0,0,0,0,0,0,0,0
228197,-0.21,-286,2755,0,0,0,0,0,0,0,0,0
228246,-0.15,-310,2750,0,0,0,0,0,0,0,0,0
228295,-0.24,-299,3264,0,0,0,0,0,0,0,0,0
228344,-0.21,-151,4095,0,0,0,0,0,0,0,0,0
228393,-0.30,150,4095,0,0,0,0,0,0,0,0,0
228442,-0.27,425,3312,0,0,0,0,0,0,0,0,0
228491,-0.18,470,2834,0,0,0,0,0,0,0,0,0
228540,-0.20,290,2810,0,0,0,0,0,0,0,0,0
228589,-0.28,45,2970,0,0,0,0,0,0,0,0,0
228638,-0.24,-132,3015,0,0,0,0,0,0,0,0,0
228687,-0.26,-222,2865,0,0,0,0,0,0,0,0,0
228736,-0.28,-276,2716,0,0,0,0,0,0,0,0,0
228785,-0.25,-330,2646,0,0,0,0,0,0,0,0,0
228834,-0.35,-377,2704,0,0,0,0,0,0,0,0,0
228883,-0.23,-396,2761,0,0,0,0,0,0,0,0,0
228932,-0.29,-349,3223,0,0,0,0,0,0,0,0,0
228981,-0.20,-164,4095,0,0,0,0,0,0,0,0,0
229030,-0.24,167,4095,0,0,0,0,0,0,0,0,0
229079,-0.28,469,3395,0,0,0,0,0,0,0,0,0
229128,-0.26,547,3002,0,0,0,0,0,0,0,0,0
229177,-0.26,399,2845,0,0,0,0,0,0,0,0,0
229226,-0.25,157,2908,0,0,0,0,0,0,0,0,0
229275,-0.31,-52,2947,0,0,0,0,0,0,0,0,0
229324,-0.24,-185,2846,0,0,0,0,0,0,0,0,0
229373,-0.21,-265,2742,0,0,0,0,0,0,0,0,0
229422,-0.21,-319,2703,0,0,0,0,0,0,0,0,0
229471,-0.20,-353,2734,0,0,0,0,0,0,0,0,0
229520,-0.28,-362,2744,0,0,0,0,0,0,0,0,0
229569,-0.25,-347,2785,0,0,0,0,0,0,0,0,0
229618,-0.27,-317,2755,0,0,0,0,0,0,0,0,0
229667,-0.26,-289,2690,0,0,0,0,0,0,0,0,0
229716,-0.34,-268,2813,0,0,0,0,0,0,0,0,0
229765,-0.21,-186,3626,0,0,0,0,0,0,0,0,0
229814,-0.33,41,4095,0,0,0,0,0,0,0,0,0
229863,-0.22,332,3424,0,0,0,0,0,0,0,0,0
229912,-0.32,474,3011,0,0,0,0,0,0,0,0,0
229961,-0.23,400,2831,0,0,0,0,0,0,0,0,0
230010,-0.33,208,2854,0,0,0,0,0,0,0,0,0
230059,-0.23,17,2923,0,0,0,0,0,0,0,0,0
230108,-0.32,-110,2864,0,0,0,0,0,0,0,0,0
230157,-0.26,-183,2789,0,0,0,0,0,0,0,0,0
230206,-0.25,-227,2751,0,0,0,0,0,0,0,0,0
230255,-0.26,-254,2736,0,0,0,0,0,0,0,0,0
230304,-0.24,-269,2713,0,0,0,0,0,0,0,0,0
230353,-0.22,-272,2735,0,0,0,0,0,0,0,0,0
230402,-0.25,-265,2730,0,0,0,0,0,0,0,0,0
230451,-0.24,-248,2768,0,0,0,0,0,0,0,0,0
230500,-0.28,-202,3116,0,0,0,0,0,0,0,0,0
230549,-0.25,-89,3378,0,0,0,0,0,0,0,0,0
230598,-0.27,63,3184,0,0,0,0,0,0,0,0,0
230647,-0.20,160,2914,0,0,0,0,0,0,0,0,0
230696,-0.26,147,2768,0,0,0,0,0,0,0,0,0
230745,-0.18,56,2748,0,0,0,0,0,0,0,0,0
230794,-0.31,-47,2825,0,0,0,0,0,0,0,0,0
230843,-0.15,-118,2800,0,0,0,0,0,0,0,0,0
230892,-0.28,-156,2751,0,0,0,0,0,0,0,0,0
230941,-0.31,-176,2741,0,0,0,0,0,0,0,0,0
230990,-0.24,-186,2740,0,0,0,0,0,0,0,0,0
231039,-0.23,-186,2726,0,0,0,0,0,0,0,0,0
231088,-0.26,-182,2721,0,0,0,0,0,0,0,0,0
231137,-0.29,-175,2741,0,0,0,0,0,0,0,0,0
231186,-0.22,-160,2795,0,0,0,0,0,0,0,0,0
231235,-0.28,-123,2986,0,0,0,0,0,0,0,0,0
231284,-0.28,-52,3067,0,0,0,0,0,0,0,0,0
231333,-0.19,25,2929,0,0,0,0,0,0,0,0,0
231382,-0.27,63,2815,0,0,0,0,0,0,0,0,0
231431,-0.27,45,2765,0,0,0,0,0,0,0,0,0
231480,-0.25,0,2826,0,0,0,0,0,0,0,0,0
231529,-0.21,-34,2855,0,0,0,0,0,0,0,0,0
231578,-0.26,-49,2832,0,0,0,0,0,0,0,0,0
231627,-0.24,-55,2777,0,0,0,0,0,0,0,0,0
231676,-0.24,-67,2722,0,0,0,0,0,0,0,0,0
231725,-0.30,-84,2792,0,0,0,0,0,0,0,0,0
231774,-0.28,-87,2839,0,0,0,0,0,0,0,0,0
231823,-0.22,-73,2816,0,0,0,0,0,0,0,0,0
231872,-0.25,-52,2874,0,0,0,0,0,0,0,0,0
231921,-0.30,-20,2986,0,0,0,0,0,0,0,0,0
231970,-0.27,24,2975,0,0,0,0,0,0,0,0,0
232019,-0.21,63,2898,0,0,0,0,0,0,0,0,0
232068,-0.22,71,2827,0,0,0,0,0,0,0,0,0
232117,-0.16,50,2851,0,0,0,0,0,0,0,0,0
232166,-0.22,26,2902,0,0,0,0,0,0,0,0,0
232215,-0.22,13,2867,0,0,0,0,0,0,0,0,0
232264,-0.26,4,2832,0,0,0,0,0,0,0,0,0
232313,-0.23,-8,2809,0,0,0,0,0,0,0,0,0
232362,-0.32,-22,2863,0,0,0,0,0,0,0,0,0
232411,-0.29,-23,2899,0,0,0,0,0,0,0,0,0
232460,-0.24,-11,2879,0,0,0,0,0,0,0,0,0
232509,-0.27,1,2876,0,0,0,0,0,0,0,0,0
232558,-0.25,14,2939,0,0,0,0,0,0,0,0,0
232607,-0.18,34,2996,0,0,0,0,0,0,0,0,0
232656,-0.31,58,2931,0,0,0,0,0,0,0,0,0
232705,-0.24,66,2864,0,0,0,0,0,0,0,0,0
232754,-0.18,52,2864,0,0,0,0,0,0,0,0,0
232803,-0.16,31,2913,0,0,0,0,0,0,0,0,0
232852,-0.26,17,2877,0,0,0,0,0,0,0,0,0
232901,-0.29,8,2873,0,0,0,0,0,0,0,0,0
232950,-0.30,0,2880,0,0,0,0,0,0,0,0,0
232999,-0.26,-3,2879,0,0,0,0,0,0,0,0,0
233048,-0.26,-2,2907,0,0,0,0,0,0,0,0,0
233097,-0.25,3,2905,0,0,0,0,0,0,0,0,0
233146,-0.28,10,2894,0,0,0,0,0,0,0,0,0
233195,-0.17,15,2907,0,0,0,0,0,0,0,0,0
233244,-0.21,21,2961,0,0,0,0,0,0,0,0,0
233293,-0.22,34,2972,0,0,0,0,0,0,0,0,0
233342,-0.21,47,2914,0,0,0,0,0,0,0,0,0
233391,-0.24,45,2864,0,0,0,0,0,0,0,0,0
233440,-0.25,30,2903,0,0,0,0,0,0,0,0,0
233489,-0.28,22,2986,0,0,0,0,0,0,0,0,0
233538,-0.24,28,2939,0,0,0,0,0,0,0,0,0
233587,-0.27,36,2943,0,0,0,0,0,0,0,0,0
233636,-0.34,37,2897,0,0,0,0,0,0,0,0,0
233685,-0.29,29,2910,0,0,0,0,0,0,0,0,0
233734,-0.28,21,2952,0,0,0,0,0,0,0,0,0
233783,-0.19,20,2927,0,0,0,0,0,0,0,0,0
233832,-0.21,22,2960,0,0,0,0,0,0,0,0,0
233881,-0.26,32,3024,0,0,0,0,0,0,0,0,0
233930,-0.24,50,3009,0,0,0,0,0,0,0,0,0
233979,-0.21,64,2946,0,0,0,0,0,0,0,0,0
234028,-0.23,61,2915,0,0,0,0,0,0,0,0,0
234077,-0.28,45,2954,0,0,0,0,0,0,0,0,0
234126,-0.31,33,2994,0,0,0,0,0,0,0,0,0
234175,-0.26,34,3003,0,0,0,0,0,0,0,0,0
234224,-0.26,43,2987,0,0,0,0,0,0,0,0,0
234273,-0.29,47,2955,0,0,0,0,0,0,0,0,0
234322,-0.34,44,2966,0,0,0,0,0,0,0,0,0
234371,-0.28,41,3019,0,0,0,0,0,0,0,0,0
234420,-0.23,46,3018,0,0,0,0,0,0,0,0,0
234469,-0.22,53,3003,0,0,0,0,0,0,0,0,0
234518,-0.20,62,3088,0,0,0,0,0,0,0,0,0
234567,-0.23,85,3178,0,0,0,0,0,0,0,0,0
234616,-0.29,119,3124,0,0,0,0,0,0,0,0,0
234665,-0.24,140,3050,0,0,0,0,0,0,0,0,0
234714,-0.20,131,3008,0,0,0,0,0,0,0,0,0
234763,-0.25,101,3024,0,0,0,0,0,0,0,0,0
234812,-0.21,71,3061,0,0,0,0,0,0,0,0,0
234861,-0.24,57,3088,0,0,0,0,0,0,0,0,0
234910,-0.28,55,3043,0,0,0,0,0,0,0,0,0
234959,-0.27,52,3037,0,0,0,0,0,0,0,0,0
235008,-0.33,44,3009,0,0,0,0,0,0,0,0,0
235057,-0.19,30,2984,0,0,0,0,0,0,0,0,0
235106,-0.28,13,2999,0,0,0,0,0,0,0,0,0
235155,-0.16,1,3039,0,0,0,0,0,0,0,0,0
235204,-0.27,11,3179,0,0,0,0,0,0,0,0,0
235253,-0.23,51,3232,0,0,0,0,0,0,0,0,0
235302,-0.17,99,3136,0,0,0,0,0,0,0,0,0
235351,-0.30,122,3054,0,0,0,0,0,0,0,0,0
235400,-0.28,107,3039,0,0,0,0,0,0,0,0,0
235449,-0.23,77,3103,0,0,0,0,0,0,0,0,0
235498,-0.20,58,3131,0,0,0,0,0,0,0,0,0
235547,-0.22,54,3082,0,0,0,0,0,0,0,0,0
235596,-0.22,48,3037,0,0,0,0,0,0,0,0,0
235645,-0.29,31,3024,0,0,0,0,0,0,0,0,0
235694,-0.18,12,3056,0,0,0,0,0,0,0,0,0
235743,-0.25,1,3063,0,0,0,0,0,0,0,0,0
235792,-0.19,-2,3017,0,0,0,0,0,0,0,0,0
235841,-0.28,2,3172,0,0,0,0,0,0,0,0,0
235890,-0.20,41,3411,0,0,0,0,0,0,0,0,0
235939,-0.25,117,3322,0,0,0,0,0,0,0,0,0
235988,-0.28,177,3165,0,0,0,0,0,0,0,0,0
236037,-0.28,176,3024,0,0,0,0,0,0,0,0,0
236086,-0.28,122,3049,0,0,0,0,0,0,0,0,0
236135,-0.15,58,3115,0,0,0,0,0,0,0,0,0
236184,-0.22,19,3127,0,0,0,0,0,0,0,0,0
236233,-0.07,2,3055,0,0,0,0,0,0,0,0,0
236282,-0.27,-13,2986,0,0,0,0,0,0,0,0,0
236331,-0.36,-41,2962,0,0,0,0,0,0,0,0,0
236380,-0.25,-71,2960,0,0,0,0,0,0,0,0,0
236429,-0.29,-95,2980,0,0,0,0,0,0,0,0,0
236478,-0.27,-103,2986,0,0,0,0,0,0,0,0,0
236527,-0.25,-90,3132,0,0,0,0,0,0,0,0,0
236576,-0.27,-33,3402,0,0,0,0,0,0,0,0,0
236625,-0.29,66,3365,0,0,0,0,0,0,0,0,0
236674,-0.24,153,3149,0,0,0,0,0,0,0,0,0
236723,-0.25,166,3007,0,0,0,0,0,0,0,0,0
236772,-0.27,112,3033,0,0,0,0,0,0,0,0,0
236821,-0.26,46,3115,0,0,0,0,0,0,0,0,0
236870,-0.25,5,3107,0,0,0,0,0,0,0,0,0
236919,-0.26,-10,3088,0,0,0,0,0,0,0,0,0
236968,-0.29,-21,3009,0,0,0,0,0,0,0,0,0
237017,-0.23,-40,2953,0,0,0,0,0,0,0,0,0
237066,-0.25,-70,2954,0,0,0,0,0,0,0,0,0
237115,-0.23,-97,2962,0,0,0,0,0,0,0,0,0
237164,-0.26,-112,2960,0,0,0,0,0,0,0,0,0
237213,-0.22,-111,3049,0,0,0,0,0,0,0,0,0
237262,-0.24,-67,3410,0,0,0,0,0,0,0,0,0
237311,-0.18,38,3459,0,0,0,0,0,0,0,0,0
237360,-0.29,152,3227,0,0,0,0,0,0,0,0,0
237409,-0.25,192,3005,0,0,0,0,0,0,0,0,0
237458,-0.28,143,2991,0,0,0,0,0,0,0,0,0
237507,-0.19,63,3125,0,0,0,0,0,0,0,0,0
237556,-0.24,10,3125,0,0,0,0,0,0,0,0,0
237605,-0.26,-13,3057,0,0,0,0,0,0,0,0,0
237654,-0.23,-32,2963,0,0,0,0,0,0,0,0,0
237703,-0.24,-64,2913,0,0,0,0,0,0,0,0,0
237752,-0.27,-101,2930,0,0,0,0,0,0,0,0,0
237801,-0.22,-129,2944,0,0,0,0,0,0,0,0,0
237850,-0.32,-140,2931,0,0,0,0,0,0,0,0,0
237899,-0.20,-142,2913,0,0,0,0,0,0,0,0,0
237948,-0.29,-142,2884,0,0,0,0,0,0,0,0,0
237997,-0.17,-135,3022,0,0,0,0,0,0,0,0,0
238046,-0.23,-84,3407,0,0,0,0,0,0,0,0,0
238095,-0.26,32,3447,0,0,0,0,0,0,0,0,0
238144,-0.16,156,3207,0,0,0,0,0,0,0,0,0
238193,-0.26,201,2999,0,0,0,0,0,0,0,0,0
238242,-0.32,156,2995,0,0,0,0,0,0,0,0,0
238291,-0.26,75,3046,0,0,0,0,0,0,0,0,0
238340,-0.29,10,3061,0,0,0,0,0,0,0,0,0
238389,-0.20,-26,3035,0,0,0,0,0,0,0,0,0
238438,-0.25,-48,2971,0,0,0,0,0,0,0,0,0
238487,-0.22,-68,2947,0,0,0,0,0,0,0,0,0
238536,-0.24,-88,2923,0,0,0,0,0,0,0,0,0
238585,-0.24,-106,2942,0,0,0,0,0,0,0,0,0
238634,-0.30,-114,2934,0,0,0,0,0,0,0,0,0
238683,-0.24,-115,2932,0,0,0,0,0,0,0,0,0
238732,-0.22,-110,2963,0,0,0,0,0,0,0,0,0
238781,-0.20,-78,3280,0,0,0,0,0,0,0,0,0
238830,-0.21,14,3504,0,0,0,0,0,0,0,0,0
238879,-0.18,139,3278,0,0,0,0,0,0,0,0,0
238928,-0.26,207,3024,0,0,0,0,0,0,0,0,0
238977,-0.27,176,2946,0,0,0,0,0,0,0,0,0
239026,-0.21,90,2997,0,0,0,0,0,0,0,0,0
239075,-0.22,12,3068,0,0,0,0,0,0,0,0,0
239124,-0.25,-30,3024,0,0,0,0,0,0,0,0,0
239173,-0.23,-50,2989,0,0,0,0,0,0,0,0,0
239222,-0.25,-64,2953,0,0,0,0,0,0,0,0,0
239271,-0.22,-80,2940,0,0,0,0,0,0,0,0,0
239320,-0.22,-93,2949,0,0,0,0,0,0,0,0,0
239369,-0.27,-100,2943,0,0,0,0,0,0,0,0,0
239418,-0.28,-102,2916,0,0,0,0,0,0,0,0,0
239467,-0.24,-102,2941,0,0,0,0,0,0,0,0,0
239516,-0.31,-78,3262,0,0,0,0,0,0,0,0,0
239565,-0.31,17,3632,0,0,0,0,0,0,0,0,0
239614,-0.27,168,3409,0,0,0,0,0,0,0,0,0
239663,-0.25,269,3111,0,0,0,0,0,0,0,0,0
239712,-0.32,256,2987,0,0,0,0,0,0,0,0,0
239761,-0.21,164,3013,0,0,0,0,0,0,0,0,0
239810,-0.33,67,3119,0,0,0,0,0,0,0,0,0
239859,-0.29,10,3125,0,0,0,0,0,0,0,0,0
239908,-0.41,-10,3056,0,0,0,0,0,0,0,0,0
239957,-0.28,-25,2978,0,0,0,0,0,0,0,0,0
240006,-0.33,-49,2955,0,0,0,0,0,0,0,0,0
240055,-0.28,-74,2994,0,0,0,0,0,0,0,0,0
240104,-0.21,-87,3010,0,0,0,0,0,0,0,0,0
240153,-0.23,-89,2939,0,0,0,0,0,0,0,0,0
240202,-0.28,-92,2960,0,0,0,0,0,0,0,0,0
240251,-0.24,-70,3330,0,0,0,0,0,0,0,0,0
240300,-0.28,25,3663,0,0,0,0,0,0,0,0,0
240349,-0.23,175,3408,0,0,0,0,0,0,0,0,0
240398,-0.30,268,3106,0,0,0,0,0,0,0,0,0
240447,-0.25,240,2922,0,0,0,0,0,0,0,0,0
240496,-0.24,132,3019,0,0,0,0,0,0,0,0,0
240545,-0.24,32,3178,0,0,0,0,0,0,0,0,0
240594,-0.25,-11,3131,0,0,0,0,0,0,0,0,0
240643,-0.21,-25,2998,0,0,0,0,0,0,0,0,0
240692,-0.24,-53,2866,0,0,0,0,0,0,0,0,0
240741,-0.20,-106,2821,0,0,0,0,0,0,0,0,0
240790,-0.28,-167,2800,0,0,0,0,0,0,0,0,0
240839,-0.30,-215,2832,0,0,0,0,0,0,0,0,0
240888,-0.31,-236,2864,0,0,0,0,0,0,0,0,0
240937,-0.31,-207,3218,0,0,0,0,0,0,0,0,0
240986,-0.22,-87,3648,0,0,0,0,0,0,0,0,0
241035,-0.27,97,3403,0,0,0,0,0,0,0,0,0
241084,-0.23,227,3059,0,0,0,0,0,0,0,0,0
241133,-0.24,224,2917,0,0,0,0,0,0,0,0,0
241182,-0.26,130,2981,0,0,0,0,0,0,0,0,0
241231,-0.28,33,3121,0,0,0,0,0,0,0,0,0
241280,-0.24,-17,3086,0,0,0,0,0,0,0,0,0
241329,-0.24,-36,2991,0,0,0,0,0,0,0,0,0
241378,-0.24,-54,2953,0,0,0,0,0,0,0,0,0
241427,-0.17,-76,2954,0,0,0,0,0,0,0,0,0
241476,-0.23,-95,2946,0,0,0,0,0,0,0,0,0
241525,-0.19,-107,2946,0,0,0,0,0,0,0,0,0
241574,-0.24,-111,2957,0,0,0,0,0,0,0,0,0
241623,-0.32,-93,3174,0,0,0,0,0,0,0,0,0
241672,-0.26,4,3874,0,0,0,0,0,0,0,0,0
241721,-0.23,224,4095,0,0,0,0,0,0,0,0,0
241770,-0.34,464,3568,0,0,0,0,0,0,0,0,0
241819,-0.30,558,3223,0,0,0,0,0,0,0,0,0
241868,-0.34,473,3121,0,0,0,0,0,0,0,0,0
241917,-0.27,307,3233,0,0,0,0,0,0,0,0,0
241966,-0.27,165,3311,0,0,0,0,0,0,0,0,0
242015,-0.27,81,3196,0,0,0,0,0,0,0,0,0
242064,-0.25,26,3086,0,0,0,0,0,0,0,0,0
242113,-0.26,-28,3014,0,0,0,0,0,0,0,0,0
242162,-0.31,-86,2985,0,0,0,0,0,0,0,0,0
242211,-0.30,-131,3043,0,0,0,0,0,0,0,0,0
242260,-0.23,-153,2997,0,0,0,0,0,0,0,0,0
242309,-0.24,-162,2971,0,0,0,0,0,0,0,0,0
242358,-0.25,-149,3241,0,0,0,0,0,0,0,0,0
242407,1.47,-41,4095,0,0,0,0,0,0,0,0,0
242456,1.55,203,4095,0,0,0,0,0,0,0,0,0
242505,4.97,453,3632,0,0,0,0,0,0,0,0,0
242554,3.90,533,3157,0,0,0,0,0,0,0,0,0
242604,12.31,419,3085,0,0,0,0,0,0,0,0,0
242653,15.98,225,3230,0,0,0,0,0,0,0,0,0
242702,18.67,67,3246,0,0,0,0,0,0,0,0,0
242751,19.64,-28,3117,0,0,0,0,0,0,0,0,0
242800,20.16,-94,3015,0,0,0,0,0,0,0,0,0
242849,19.36,-155,2942,0,0,0,0,0,0,0,0,0
242898,18.84,-207,2983,0,0,0,0,0,0,0,0,0
242947,17.83,-233,3024,0,0,0,0,0,0,0,0,0
242996,21.60,-232,3005,0,0,0,0,0,0,0,0,0
243045,24.69,-220,2950,0,0,0,0,0,0,0,0,0
243094,24.24,-212,2942,0,0,0,0,0,0,0,0,0
243143,22.93,-173,3507,0,0,0,0,0,0,0,0,0
243192,22.05,-19,4095,0,0,0,0,0,0,0,0,0
243241,21.12,241,3974,0,0,0,0,0,0,0,0,0
243290,23.06,445,3313,0,0,0,0,0,0,0,0,0
243339,27.32,444,2992,0,0,0,0,0,0,0,0,0
243388,27.00,276,3060,0,0,0,0,0,0,0,0,0
243437,25.92,84,3216,0,0,0,0,0,0,0,0,0
243486,24.68,-41,3169,0,0,0,0,0,0,0,0,0
243535,23.80,-111,2979,0,0,0,0,0,0,0,0,0
243584,26.45,-174,2864,0,0,0,0,0,0,0,0,0
243633,29.63,-240,2870,0,0,0,0,0,0,0,0,0
243682,30.94,-287,2926,0,0,0,0,0,0,0,0,0
243731,30.31,-302,2913,0,0,0,0,0,0,0,0,0
243780,29.41,-292,2931,0,0,0,0,0,0,0,0,0
243829,28.82,-230,3505,0,0,0,0,0,0,0,0,0
243878,28.27,-48,4095,0,0,0,0,0,0,0,0,0
243927,28.08,219,3714,0,0,0,0,0,0,0,0,0
243976,31.37,391,3131,0,0,0,0,0,0,0,0,0
244025,33.80,351,2875,0,0,0,0,0,0,0,0,0
244074,35.52,166,2960,0,0,0,0,0,0,0,0,0
244123,35.70,-18,3120,0,0,0,0,0,0,0,0,0
244172,35.14,-125,3071,0,0,0,0,0,0,0,0,0
244221,35.06,-173,2928,0,0,0,0,0,0,0,0,0
244270,34.21,-208,2867,0,0,0,0,0,0,0,0,0
244319,33.90,-245,2833,0,0,0,0,0,0,0,0,0
244368,33.16,-272,2894,0,0,0,0,0,0,0,0,0
244417,35.69,-276,2909,0,0,0,0,0,0,0,0,0
244466,38.35,-257,2946,0,0,0,0,0,0,0,0,0
244515,41.14,-195,3415,0,0,0,0,0,0,0,0,0
244564,41.20,-22,4095,0,0,0,0,0,0,0,0,0
244613,40.96,244,3792,0,0,0,0,0,0,0,0,0
244662,40.46,435,3242,0,0,0,0,0,0,0,0,0
244711,40.30,425,2966,0,0,0,0,0,0,0,0,0
244760,39.96,261,2960,0,0,0,0,0,0,0,0,0
244809,39.48,66,3052,0,0,0,0,0,0,0,0,0
244858,39.76,-72,3057,0,0,0,0,0,0,0,0,0
244907,39.66,-148,2971,0,0,0,0,0,0,0,0,0
244956,40.85,-192,2877,0,0,0,0,0,0,0,0,0
245005,41.27,-230,2817,0,0,0,0,0,0,0,0,0
245054,43.53,-265,2806,0,0,0,0,0,0,0,0,0
245103,45.44,-289,2835,0,0,0,0,0,0,0,0,0
245152,46.94,-292,2854,0,0,0,0,0,0,0,0,0
245201,48.87,-273,2924,0,0,0,0,0,0,0,0,0
245250,49.54,-204,3392,0,0,0,0,0,0,0,0,0
245299,50.53,-27,4003,0,0,0,0,0,0,0,0,0
245348,51.64,224,3603,0,0,0,0,0,0,0,0,0
245397,51.59,388,3126,0,0,0,0,0,0,0,0,0
245446,52.60,360,2909,0,0,0,0,0,0,0,0,0
245495,52.85,200,2905,0,0,0,0,0,0,0,0,0
245544,52.76,22,3005,0,0,0,0,0,0,0,0,0
245593,53.44,-99,2979,0,0,0,0,0,0,0,0,0
245642,53.65,-166,2867,0,0,0,0,0,0,0,0,0
245691,54.03,-212,2800,0,0,0,0,0,0,0,0,0
245740,54.98,-247,2822,0,0,0,0,0,0,0,0,0
245789,55.29,-264,2827,0,0,0,0,0,0,0,0,0
245838,55.97,-264,2807,0,0,0,0,0,0,0,0,0
245887,57.53,-256,2801,0,0,0,0,0,0,0,0,0
245936,58.55,-245,2795,0,0,0,0,0,0,0,0,0
245985,59.34,-218,3028,0,0,0,0,0,0,0,0,0
246034,60.86,-120,3654,0,0,0,0,0,0,0,0,0
246083,62.02,76,3646,0,0,0,0,0,0,0,0,0
246132,62.81,264,3191,0,0,0,0,0,0,0,0,0
246181,64.79,311,2919,0,0,0,0,0,0,0,0,0
246230,65.72,216,2864,0,0,0,0,0,0,0,0,0
246279,65.32,71,2969,0,0,0,0,0,0,0,0,0
246328,64.47,-36,3025,0,0,0,0,0,0,0,0,0
246377,63.83,-88,2970,0,0,0,0,0,0,0,0,0
246426,62.74,-112,2866,0,0,0,0,0,0,0,0,0
246475,62.99,-135,2855,0,0,0,0,0,0,0,0,0
246524,64.29,-157,2847,0,0,0,0,0,0,0,0,0
246573,66.04,-174,2798,0,0,0,0,0,0,0,0,0
246622,67.70,-186,2850,0,0,0,0,0,0,0,0,0
246671,68.99,-163,3208,0,0,0,0,0,0,0,0,0
246720,70.72,-46,3722,0,0,0,0,0,0,0,0,0
246769,72.06,152,3527,0,0,0,0,0,0,0,0,0
246818,74.54,304,3118,0,0,0,0,0,0,0,0,0
246867,74.44,308,2906,0,0,0,0,0,0,0,0,0
246916,72.88,194,2885,0,0,0,0,0,0,0,0,0
246965,70.01,55,3030,0,0,0,0,0,0,0,0,0
247014,71.52,-31,3085,0,0,0,0,0,0,0,0,0
247063,73.46,-60,3042,0,0,0,0,0,0,0,0,0
247112,75.54,-65,2928,0,0,0,0,0,0,0,0,0
247161,78.32,-82,2858,0,0,0,0,0,0,0,0,0
247210,81.07,-112,2863,0,0,0,0,0,0,0,0,0
247259,79.40,-140,2889,0,0,0,0,0,0,0,0,0
247308,75.99,-136,3130,0,0,0,0,0,0,0,0,0
247357,78.08,-40,3820,0,0,0,0,0,0,0,0,0
247406,80.08,170,3841,0,0,0,0,0,0,0,0,0
247455,82.50,377,3331,0,0,0,0,0,0,0,0,0
247504,85.74,431,3024,0,0,0,0,0,0,0,0,0
247553,85.49,323,2915,0,0,0,0,0,0,0,0,0
247602,82.48,145,2956,0,0,0,0,0,0,0,0,0
247651,81.82,-5,3058,0,0,0,0,0,0,0,0,0
247700,83.98,-86,3054,0,0,0,0,0,0,0,0,0
247749,86.44,-114,2983,0,0,0,0,0,0,0,0,0
247798,89.14,-123,2931,0,0,0,0,0,0,0,0,0
247847,89.09,-135,2896,0,0,0,0,0,0,0,0,0
247896,86.49,-149,2899,0,0,0,0,0,0,0,0,0
247945,88.40,-155,2989,0,0,0,0,0,0,0,0,0
247994,91.03,-96,3689,0,0,0,0,0,0,0,0,0
248043,94.41,96,4095,0,0,0,0,0,0,0,0,0
248092,94.17,362,3766,0,0,0,0,0,0,0,0,0
248141,90.15,523,3243,0,0,0,0,0,0,0,0,0
248190,92.66,481,2975,0,0,0,0,0,0,0,0,0
248239,95.79,294,2963,0,0,0,0,0,0,0,0,0
248288,99.05,87,3063,0,0,0,0,0,0,0,0,0
248337,94.50,-55,3094,0,0,0,0,0,0,0,0,0
248386,94.80,-123,3039,0,0,0,0,0,0,0,0,0
248435,97.92,-152,2947,0,0,0,0,0,0,0,0,0
248484,101.83,-169,2953,0,0,0,0,0,0,0,0,0
248534,101.07,-176,3007,0,0,0,0,0,0,0,0,0
248584,100.07,-166,3004,0,0,0,0,0,0,0,0,0
248634,99.33,-149,2977,0,0,0,0,0,0,0,0,0
248683,101.62,-107,3419,0,0,0,0,0,0,0,0,0
248733,103.48,34,4095,0,0,0,0,0,0,0,0,0
248783,105.80,285,4024,0,0,0,0,0,0,0,0,0
248833,108.09,497,3423,0,0,0,0,0,0,0,0,0
248883,108.55,519,3103,0,0,0,0,0,0,0,0,0
248933,105.90,366,3014,0,0,0,0,0,0,0,0,0
248983,104.19,153,3056,0,0,0,0,0,0,0,0,0
249033,105.91,-21,3069,0,0,0,0,0,0,0,0,0
249083,108.22,-127,3055,0,0,0,0,0,0,0,0,0
249133,111.10,-175,3045,0,0,0,0,0,0,0,0,0
249183,114.22,-187,3030,0,0,0,0,0,0,0,0,0
249233,113.38,-180,3033,0,0,0,0,0,0,0,0,0
249283,109.80,-162,3088,0,0,0,0,0,0,0,0,0
249333,112.36,-134,3109,0,0,0,0,0,0,0,0,0
249383,115.01,-102,3106,0,0,0,0,0,0,0,0,0
249433,118.26,-55,3399,0,0,0,0,0,0,0,0,0
249483,120.99,47,3795,0,0,0,0,0,0,0,0,0
249533,118.57,203,3651,0,0,0,0,0,0,0,0,0
249583,115.66,315,3280,0,0,0,0,0,0,0,0,0
249633,117.85,301,3085,0,0,0,0,0,0,0,0,0
249683,120.32,187,3071,0,0,0,0,0,0,0,0,0
249733,123.85,56,3154,0,0,0,0,0,0,0,0,0
249783,124.44,-32,3200,0,0,0,0,0,0,0,0,0
249833,119.58,-66,3226,0,0,0,0,0,0,0,0,0
249883,121.78,-63,3216,0,0,0,0,0,0,0,0,0
249933,124.79,-44,3216,0,0,0,0,0,0,0,0,0
249983,128.73,-25,3211,0,0,0,0,0,0,0,0,0
250033,127.05,-12,3191,0,0,0,0,0,0,0,0,0
250083,125.60,-4,3227,0,0,0,0,0,0,0,0,0
250133,128.25,3,3258,0,0,0,0,0,0,0,0,0
250183,132.48,18,3322,0,0,0,0,0,0,0,0,0
250233,129.91,43,3340,0,0,0,0,0,0,0,0,0
250283,128.94,67,3283,0,0,0,0,0,0,0,0,0
250333,131.95,79,3315,0,0,0,0,0,0,0,0,0
250383,136.08,79,3281,0,0,0,0,0,0,0,0,0
250433,133.89,65,3197,0,0,0,0,0,0,0,0,0
250483,132.31,36,3201,0,0,0,0,0,0,0,0,0
250533,135.26,7,3245,0,0,0,0,0,0,0,0,0
250583,139.57,-6,3249,0,0,0,0,0,0,0,0,0
250633,136.66,-7,3264,0,0,0,0,0,0,0,0,0
250683,136.46,-1,3248,0,0,0,0,0,0,0,0,0
250733,140.54,2,3216,0,0,0,0,0,0,0,0,0
250783,144.10,-2,3200,0,0,0,0,0,0,0,0,0
250833,138.09,-12,3198,0,0,0,0,0,0,0,0,0
250883,141.33,-25,3161,0,0,0,0,0,0,0,0,0
250933,146.79,-42,3131,0,0,0,0,0,0,0,0,0
250983,143.43,-61,3113,0,0,0,0,0,0,0,0,0
251033,143.79,-82,3071,0,0,0,0,0,0,0,0,0
251083,148.54,-102,3063,0,0,0,0,0,0,0,0,0
251133,147.29,-123,3021,0,0,0,0,0,0,0,0,0
251183,145.96,-145,2982,0,0,0,0,0,0,0,0,0
251233,150.76,-169,2954,0,0,0,0,0,0,0,0,0
251283,149.26,-191,2928,0,0,0,0,0,0,0,0,0
251333,148.85,-212,2880,0,0,0,0,0,0,0,0,0
251383,154.09,-229,2893,0,0,0,0,0,0,0,0,0
251433,152.22,-234,2939,0,0,0,0,0,0,0,0,0
251483,152.33,-228,2866,0,0,0,0,0,0,0,0,0
251533,157.07,-223,2853,0,0,0,0,0,0,0,0,0
251583,155.38,-224,2826,0,0,0,0,0,0,0,0,0
251633,154.40,-229,2803,0,0,0,0,0,0,0,0,0
251683,157.83,-235,2803,0,0,0,0,0,0,0,0,0
251733,154.96,-234,2864,0,0,0,0,0,0,0,0,0
251783,154.96,-219,2864,0,0,0,0,0,0,0,0,0
251833,154.76,-198,2832,0,0,0,0,0,0,0,0,0
251883,154.75,-179,2846,0,0,0,0,0,0,0,0,0
251933,153.76,-163,2864,0,0,0,0,0,0,0,0,0
251983,153.38,-148,2841,0,0,0,0,0,0,0,0,0
252033,153.62,-138,2832,0,0,0,0,0,0,0,0,0
252083,153.44,-133,2827,0,0,0,0,0,0,0,0,0
252133,153.27,-129,2879,0,0,0,0,0,0,0,0,0
252183,153.29,-118,2875,0,0,0,0,0,0,0,0,0
252233,152.93,-102,2874,0,0,0,0,0,0,0,0,0
252283,152.31,-89,2843,0,0,0,0,0,0,0,0,0
252333,151.80,-83,2862,0,0,0,0,0,0,0,0,0
252383,151.32,-77,2896,0,0,0,0,0,0,0,0,0
252433,151.16,-67,2881,0,0,0,0,0,0,0,0,0
252483,150.88,-55,2881,0,0,0,0,0,0,0,0,0
252533,150.56,-45,2903,0,0,0,0,0,0,0,0,0
252583,150.26,-37,2877,0,0,0,0,0,0,0,0,0
252633,150.06,-32,2903,0,0,0,0,0,0,0,0,0
252683,149.90,-28,2896,0,0,0,0,0,0,0,0,0
252733,149.63,-23,2919,0,0,0,0,0,0,0,0,0
252783,149.53,-13,2960,0,0,0,0,0,0,0,0,0
252833,149.49,3,2960,0,0,0,0,0,0,0,0,0
252883,149.73,19,2957,0,0,0,0,0,0,0,0,0
252933,150.16,27,2915,0,0,0,0,0,0,0,0,0
252983,150.07,24,2912,0,0,0,0,0,0,0,0,0
253033,150.09,15,2940,0,0,0,0,0,0,0,0,0
253083,149.95,10,2949,0,0,0,0,0,0,0,0,0
253133,150.03,8,2900,0,0,0,0,0,0,0,0,0
253183,149.97,1,2901,0,0,0,0,0,0,0,0,0
253233,149.75,-9,2896,0,0,0,0,0,0,0,0,0
253283,149.23,-17,2903,0,0,0,0,0,0,0,0,0
253333,148.86,-18,2964,0,0,0,0,0,0,0,0,0
253383,148.66,-5,2974,0,0,0,0,0,0,0,0,0
253433,148.42,10,2928,0,0,0,0,0,0,0,0,0
253483,148.16,19,2961,0,0,0,0,0,0,0,0,0
253533,147.98,26,2975,0,0,0,0,0,0,0,0,0
253583,147.90,31,2958,0,0,0,0,0,0,0,0,0
253633,148.01,34,2977,0,0,0,0,0,0,0,0,0
253683,147.73,39,3006,0,0,0,0,0,0,0,0,0
253733,147.18,46,3005,0,0,0,0,0,0,0,0,0
253783,146.92,53,3005,0,0,0,0,0,0,0,0,0
253833,146.60,56,3005,0,0,0,0,0,0,0,0,0
253883,146.55,56,2973,0,0,0,0,0,0,0,0,0
253933,146.27,51,3011,0,0,0,0,0,0,0,0,0
253983,145.99,48,3007,0,0,0,0,0,0,0,0,0
254033,145.94,48,3008,0,0,0,0,0,0,0,0,0
254083,145.84,48,3021,0,0,0,0,0,0,0,0,0
254133,145.65,46,2961,0,0,0,0,0,0,0,0,0
254183,145.57,36,2962,0,0,0,0,0,0,0,0,0
254233,145.41,22,2981,0,0,0,0,0,0,0,0,0
254283,145.59,15,3008,0,0,0,0,0,0,0,0,0
254333,145.69,17,3004,0,0,0,0,0,0,0,0,0
254383,145.41,23,3009,0,0,0,0,0,0,0,0,0
254433,145.12,29,3004,0,0,0,0,0,0,0,0,0
254483,145.02,30,2971,0,0,0,0,0,0,0,0,0
254533,145.00,25,2991,0,0,0,0,0,0,0,0,0
254583,145.06,19,2991,0,0,0,0,0,0,0,0,0
254633,144.92,16,2990,0,0,0,0,0,0,0,0,0
254683,144.85,14,2993,0,0,0,0,0,0,0,0,0
254733,144.75,13,2985,0,0,0,0,0,0,0,0,0
254783,144.74,14,3010,0,0,0,0,0,0,0,0,0
254833,144.68,17,3014,0,0,0,0,0,0,0,0,0
254883,144.56,21,3002,0,0,0,0,0,0,0,0,0
254933,144.50,23,3008,0,0,0,0,0,0,0,0,0
254983,145.03,24,3024,0,0,0,0,0,0,0,0,0
255033,144.90,26,3027,0,0,0,0,0,0,0,0,0
255083,144.59,27,2989,0,0,0,0,0,0,0,0,0
255133,144.41,23,3019,0,0,0,0,0,0,0,0,0
255183,144.32,19,3003,0,0,0,0,0,0,0,0,0
255233,144.28,16,3007,0,0,0,0,0,0,0,0,0
255283,144.14,15,3009,0,0,0,0,0,0,0,0,0
255333,143.95,14,3014,0,0,0,0,0,0,0,0,0
255383,143.86,14,3015,0,0,0,0,0,0,0,0,0
255433,143.85,16,3021,0,0,0,0,0,0,0,0,0
255483,143.70,16,3005,0,0,0,0,0,0,0,0,0
255533,143.45,14,3020,0,0,0,0,0,0,0,0,0
255583,143.45,14,3030,0,0,0,0,0,0,0,0,0
255633,143.34,17,3033,0,0,0,0,0,0,0,0,0
255683,143.83,20,3029,0,0,0,0,0,0,0,0,0
255733,143.61,22,3024,0,0,0,0,0,0,0,0,0
255783,143.23,22,3015,0,0,0,0,0,0,0,0,0
255833,143.04,17,3019,0,0,0,0,0,0,0,0,0
255883,142.99,12,3009,0,0,0,0,0,0,0,0,0
255933,143.18,9,3023,0,0,0,0,0,0,0,0,0
255983,142.95,8,3027,0,0,0,0,0,0,0,0,0
256033,142.75,10,3029,0,0,0,0,0,0,0,0,0
256083,142.58,13,3017,0,0,0,0,0,0,0,0,0
256133,142.58,11,2979,0,0,0,0,0,0,0,0,0
256183,142.45,5,3024,0,0,0,0,0,0,0,0,0
256233,142.48,5,3059,0,0,0,0,0,0,0,0,0
256283,142.37,14,3053,0,0,0,0,0,0,0,0,0
256333,142.29,24,3026,0,0,0,0,0,0,0,0,0
256383,142.29,27,3031,0,0,0,0,0,0,0,0,0
256433,142.07,27,3037,0,0,0,0,0,0,0,0,0
256483,142.04,24,3024,0,0,0,0,0,0,0,0,0
256533,142.09,18,3030,0,0,0,0,0,0,0,0,0
256583,142.51,13,3019,0,0,0,0,0,0,0,0,0
256633,142.13,7,3003,0,0,0,0,0,0,0,0,0
256683,141.68,2,3039,0,0,0,0,0,0,0,0,0
256733,141.46,3,3051,0,0,0,0,0,0,0,0,0
256783,141.23,10,3056,0,0,0,0,0,0,0,0,0
256833,141.13,19,3061,0,0,0,0,0,0,0,0,0
256883,140.92,25,3035,0,0,0,0,0,0,0,0,0
256933,140.55,24,3021,0,0,0,0,0,0,0,0,0
256983,140.22,16,3018,0,0,0,0,0,0,0,0,0
257033,139.95,8,3043,0,0,0,0,0,0,0,0,0
257083,139.69,6,3062,0,0,0,0,0,0,0,0,0
257133,139.33,9,3040,0,0,0,0,0,0,0,0,0
257183,139.04,11,3030,0,0,0,0,0,0,0,0,0
257233,138.60,11,3051,0,0,0,0,0,0,0,0,0
257283,138.43,11,3045,0,0,0,0,0,0,0,0,0
257333,138.08,13,3056,0,0,0,0,0,0,0,0,0
257383,137.74,16,3050,0,0,0,0,0,0,0,0,0
257433,138.12,17,3039,0,0,0,0,0,0,0,0,0
257483,138.02,16,3056,0,0,0,0,0,0,0,0,0
257533,137.37,14,3035,0,0,0,0,0,0,0,0,0
257583,136.96,12,3057,0,0,0,0,0,0,0,0,0
257633,136.51,12,3056,0,0,0,0,0,0,0,0,0
257683,136.35,12,3015,0,0,0,0,0,0,0,0,0
257733,136.03,6,3034,0,0,0,0,0,0,0,0,0
257783,135.73,2,3070,0,0,0,0,0,0,0,0,0
257833,135.38,6,3088,0,0,0,0,0,0,0,0,0
257883,134.97,16,3068,0,0,0,0,0,0,0,0,0
257933,134.67,23,3056,0,0,0,0,0,0,0,0,0
257983,134.51,21,3025,0,0,0,0,0,0,0,0,0
258033,134.18,15,3069,0,0,0,0,0,0,0,0,0
258083,133.90,12,3070,0,0,0,0,0,0,0,0,0
258133,133.54,13,3055,0,0,0,0,0,0,0,0,0
258183,133.47,13,3058,0,0,0,0,0,0,0,0,0
258233,133.66,13,3066,0,0,0,0,0,0,0,0,0
258283,133.50,14,3057,0,0,0,0,0,0,0,0,0
258333,132.85,11,3043,0,0,0,0,0,0,0,0,0
258383,132.50,8,3063,0,0,0,0,0,0,0,0,0
258433,132.34,6,3063,0,0,0,0,0,0,0,0,0
258483,132.19,9,3088,0,0,0,0,0,0,0,0,0
258533,132.13,14,3035,0,0,0,0,0,0,0,0,0
258583,131.92,13,3041,0,0,0,0,0,0,0,0,0
258633,131.50,6,3056,0,0,0,0,0,0,0,0,0
258683,131.09,4,3083,0,0,0,0,0,0,0,0,0
258733,130.82,9,3095,0,0,0,0,0,0,0,0,0
258783,130.52,17,3062,0,0,0,0,0,0,0,0,0
258833,130.17,18,3037,0,0,0,0,0,0,0,0,0
258883,129.90,12,3057,0,0,0,0,0,0,0,0,0
258933,130.01,6,3060,0,0,0,0,0,0,0,0,0
258983,129.97,4,3070,0,0,0,0,0,0,0,0,0
259033,129.49,4,3066,0,0,0,0,0,0,0,0,0
259083,128.93,6,3087,0,0,0,0,0,0,0,0,0
259133,128.58,10,3071,0,0,0,0,0,0,0,0,0
259183,128.44,9,3021,0,0,0,0,0,0,0,0,0
259233,128.28,2,3056,0,0,0,0,0,0,0,0,0
259283,127.86,-3,3067,0,0,0,0,0,0,0,0,0
259333,127.51,-1,3081,0,0,0,0,0,0,0,0,0
259383,127.26,4,3067,0,0,0,0,0,0,0,0,0
259433,126.93,7,3043,0,0,0,0,0,0,0,0,0
259483,126.78,4,3047,0,0,0,0,0,0,0,0,0
259533,126.58,0,3049,0,0,0,0,0,0,0,0,0
259583,126.32,-3,3050,0,0,0,0,0,0,0,0,0
259633,126.68,-6,3062,0,0,0,0,0,0,0,0,0
259683,126.86,-6,3056,0,0,0,0,0,0,0,0,0
259733,126.54,-5,3056,0,0,0,0,0,0,0,0,0
259783,125.96,-4,3051,0,0,0,0,0,0,0,0,0
259833,125.52,-4,3034,0,0,0,0,0,0,0,0,0
259883,125.43,-7,3056,0,0,0,0,0,0,0,0,0
259933,125.07,-8,3051,0,0,0,0,0,0,0,0,0
259983,124.80,-5,3067,0,0,0,0,0,0,0,0,0
260033,124.50,-1,3056,0,0,0,0,0,0,0,0,0
260083,124.21,4,3098,0,0,0,0,0,0,0,0,0
260133,123.97,12,3066,0,0,0,0,0,0,0,0,0
260183,123.64,15,3043,0,0,0,0,0,0,0,0,0
260233,123.43,11,3041,0,0,0,0,0,0,0,0,0
260283,123.20,4,3054,0,0,0,0,0,0,0,0,0
260333,122.93,-1,3070,0,0,0,0,0,0,0,0,0
260383,123.66,-1,3071,0,0,0,0,0,0,0,0,0
260433,123.93,0,3063,0,0,0,0,0,0,0,0,0
260483,123.70,1,3037,0,0,0,0,0,0,0,0,0
260533,123.28,-3,3021,0,0,0,0,0,0,0,0,0
260583,122.60,-10,3055,0,0,0,0,0,0,0,0,0
260633,122.27,-7,3134,0,0,0,0,0,0,0,0,0
260683,122.02,12,3143,0,0,0,0,0,0,0,0,0
260733,121.65,36,3120,0,0,0,0,0,0,0,0,0
260783,121.36,52,3108,0,0,0,0,0,0,0,0,0
260833,121.05,57,3133,0,0,0,0,0,0,0,0,0
260883,120.80,57,3115,0,0,0,0,0,0,0,0,0
260933,120.56,52,3115,0,0,0,0,0,0,0,0,0
260983,120.31,45,3119,0,0,0,0,0,0,0,0,0
261033,120.14,39,3117,0,0,0,0,0,0,0,0,0
261083,119.84,35,3101,0,0,0,0,0,0,0,0,0
261133,119.69,30,3120,1,0,0,0,0,0,0,0,0
261183,120.49,30,3147,1,0,0,0,0,0,0,0,0
261233,120.89,33,3094,1,0,0,0,0,0,0,0,0
261283,120.56,30,3082,1,0,0,0,0,0,0,0,0
261333,119.94,21,3115,0,0,0,0,0,0,0,0,0
261383,119.46,15,3114,0,0,0,0,0,0,0,0,0
261433,119.24,19,3184,0,0,0,0,0,0,0,0,0
261483,118.90,40,3279,0,0,0,0,0,0,0,0,0
261533,118.44,80,3297,0,0,0,0,0,0,0,0,0
261583,118.20,119,3242,0,0,0,0,0,0,0,0,0
261633,117.82,137,3217,0,0,0,0,0,0,0,0,0
261683,117.71,132,3220,0,0,0,0,0,0,0,0,0
261733,117.48,116,3216,0,0,0,0,0,0,0,0,0
261783,117.13,94,3158,0,0,0,0,0,0,0,0,0
261833,117.07,69,3185,0,0,0,0,0,0,0,0,0
261883,116.70,49,3179,0,0,0,0,0,0,0,0,0
261933,117.39,35,3154,0,0,0,0,0,0,0,0,0
261983,117.85,23,3155,0,0,0,0,0,0,0,0,0
262033,117.52,13,3158,0,0,0,0,0,0,0,0,0
262083,117.08,8,3165,0,0,0,0,0,0,0,0,0
262133,116.37,11,3238,0,0,0,0,0,0,0,0,0
262183,116.20,39,3429,1,0,0,0,0,0,0,0,0
262233,115.93,98,3429,1,0,0,0,0,0,0,0,0
262283,115.52,156,3322,1,0,0,0,0,0,0,0,0
262333,115.23,176,3259,1,0,0,0,0,0,0,0,0
262383,114.91,157,3243,1,0,0,0,0,0,0,0,0
262433,114.49,118,3215,0,0,0,0,0,0,0,0,0
262483,114.25,67,3104,0,0,0,0,0,0,0,0,0
262533,113.93,15,3167,0,0,0,0,0,0,0,0,0
262583,113.71,-22,3171,0,0,0,0,0,0,0,0,0
262633,114.22,-40,3152,0,0,0,0,0,0,0,0,0
262683,114.71,-48,3130,0,0,0,0,0,0,0,0,0
262733,114.55,-53,3130,0,0,0,0,0,0,0,0,0
262783,114.17,-54,3155,0,0,0,0,0,0,0,0,0
262833,113.43,-36,3358,0,0,0,0,0,0,0,0,0
262883,113.11,26,3547,0,0,0,0,0,0,0,0,0
262933,112.78,126,3567,0,0,0,0,0,0,0,0,0
262983,112.47,215,3425,0,0,0,0,0,0,0,0,0
263033,112.03,245,3323,0,0,0,0,0,0,0,0,0
263083,111.62,215,3287,0,0,0,0,0,0,0,0,0
263133,111.38,155,3280,0,0,0,0,0,0,0,0,0
263183,111.20,94,3248,0,0,0,0,0,0,0,0,0
263233,110.94,40,3219,0,0,0,0,0,0,0,0,0
263283,110.76,-4,3154,0,0,0,0,0,0,0,0,0
263333,111.62,-47,3092,0,0,0,0,0,0,0,0,0
263383,112.22,-89,3083,0,0,0,0,0,0,0,0,0
263433,112.05,-120,3107,0,0,0,0,0,0,0,0,0
263483,111.94,-116,3379,0,0,0,0,0,0,0,0,0
263533,111.44,-34,3771,0,0,0,0,0,0,0,0,0
263583,111.11,117,3679,0,0,0,0,0,0,0,0,0
263633,110.81,252,3513,0,0,0,0,0,0,0,0,0
263683,110.30,303,3408,0,0,0,0,0,0,0,0,0
263733,109.83,272,3344,0,0,0,0,0,0,0,0,0
263783,109.41,196,3290,0,0,0,0,0,0,0,0,0
263833,109.15,109,3276,0,0,0,0,0,0,0,0,0
263883,108.84,32,3213,0,0,0,0,0,0,0,0,0
263933,108.50,-29,3198,0,0,0,0,0,0,0,0,0
263983,108.28,-74,3195,0,0,0,0,0,0,0,0,0
264033,108.05,-100,3154,0,0,0,0,0,0,0,0,0
264083,109.06,-118,3133,0,0,0,0,0,0,0,0,0
264133,109.55,-133,3095,0,0,0,0,0,0,0,0,0
264183,109.83,-142,3167,0,0,0,0,0,0,0,0,0
264233,109.62,-109,3600,0,0,0,0,0,0,0,0,0
264283,109.06,8,3831,0,0,0,0,0,0,0,0,0
264333,108.62,169,3583,0,0,0,0,0,0,0,0,0
264383,108.19,262,3290,0,0,0,0,0,0,0,0,0
264433,107.52,231,3134,0,0,0,0,0,0,0,0,0
264483,107.05,119,3179,1,0,0,0,0,0,0,0,0
264533,106.51,3,3201,1,0,0,0,0,0,0,0,0
264583,106.39,-85,3046,1,0,0,0,0,0,0,0,0
264633,106.01,-158,2987,1,0,0,0,0,0,0,0,0
264683,105.78,-217,3024,1,0,0,0,0,0,0,0,0
264733,105.43,-251,3011,0,0,0,0,0,0,0,0,0
264783,105.20,-266,2913,0,0,0,0,0,0,0,0,0
264833,104.92,-276,2954,0,0,0,0,0,0,0,0,0
264883,104.86,-274,3007,0,0,0,0,0,0,0,0,0
264933,105.84,-254,3011,0,0,0,0,0,0,0,0,0
264983,106.52,-227,2967,0,0,0,0,0,0,0,0,0
265033,106.71,-196,3110,0,0,0,0,0,0,0,0,0
265083,106.50,-121,3613,0,0,0,0,0,0,0,0,0
265133,105.69,31,3679,0,0,0,0,0,0,0,0,0
265183,105.36,184,3291,0,0,0,0,0,0,0,0,0
265233,104.87,225,3004,0,0,0,0,0,0,0,0,0
265283,104.44,137,2907,0,0,0,0,0,0,0,0,0
265333,104.00,-5,2946,0,0,0,0,0,0,0,0,0
265383,103.83,-128,2980,0,0,0,0,0,0,0,0,0
265433,103.48,-197,2990,0,0,0,0,0,0,0,0,0
265483,103.30,-223,2935,0,0,0,0,0,0,0,0,0
265533,102.98,-228,2910,0,0,0,0,0,0,0,0,0
265583,102.76,-227,2919,0,0,0,0,0,0,0,0,0
265633,102.58,-219,2928,0,0,0,0,0,0,0,0,0
265683,102.79,-207,2914,0,0,0,0,0,0,0,0,0
265733,103.74,-192,2973,0,0,0,0,0,0,0,0,0
265783,103.93,-167,3012,0,0,0,0,0,0,0,0,0
265833,103.80,-121,3190,0,0,0,0,0,0,0,0,0
265883,103.23,-32,3514,0,0,0,0,0,0,0,0,0
265933,102.62,94,3394,0,0,0,0,0,0,0,0,0
265983,102.29,186,3135,1,0,0,0,0,0,0,0,0
266033,101.82,192,3119,1,0,0,0,0,0,0,0,0
266083,101.39,132,2986,1,0,0,0,0,0,0,0,0
266133,100.97,40,2932,1,0,0,0,0,0,0,0,0
266183,100.54,-52,2954,1,0,0,0,0,0,0,0,0
266233,100.19,-116,2979,1,0,0,0,0,0,0,0,0
266283,99.83,-149,2902,0,0,0,0,0,0,0,0,0
266332,99.64,-170,2864,0,0,0,0,0,0,0,0,0
266381,99.52,-180,2985,0,0,0,0,0,0,0,0,0
266430,100.59,-161,3051,0,0,0,0,0,0,0,0,0
266480,100.97,-122,2997,0,0,0,0,0,0,0,0,0
266530,100.90,-71,3217,0,0,0,0,0,0,0,0,0
266580,100.36,26,3691,0,0,0,0,0,0,0,0,0
266630,99.63,187,3642,0,0,0,0,0,0,0,0,0
266679,99.34,323,3274,0,0,0,0,0,0,0,0,0
266728,98.96,334,3008,0,0,0,0,0,0,0,0,0
266777,98.54,226,2937,0,0,0,0,0,0,0,0,0
266826,98.26,78,3020,0,0,0,0,0,0,0,0,0
266875,97.75,-35,3051,0,0,0,0,0,0,0,0,0
266924,97.35,-93,3033,0,0,0,0,0,0,0,0,0
266973,97.14,-113,3010,0,0,0,0,0,0,0,0,0
267022,96.83,-116,2997,0,0,0,0,0,0,0,0,0
267071,96.97,-111,3008,0,0,0,0,0,0,0,0,0
267120,98.15,-103,3001,0,0,0,0,0,0,0,0,0
267169,98.72,-94,3020,0,0,0,0,0,0,0,0,0
267218,98.53,-65,3308,0,0,0,0,0,0,0,0,0
267267,98.19,42,3927,0,0,0,0,0,0,0,0,0
267316,97.35,245,3857,0,0,0,0,0,0,0,0,0
267365,96.91,421,3377,0,0,0,0,0,0,0,0,0
267414,96.56,445,3100,0,0,0,0,0,0,0,0,0
267463,96.23,321,2992,0,0,0,0,0,0,0,0,0
267512,95.78,140,3044,0,0,0,0,0,0,0,0,0
267561,95.35,0,3217,1,0,0,0,0,0,0,0,0
267610,95.00,-66,3122,1,0,0,0,0,0,0,0,0
267659,94.73,-91,2995,1,0,0,0,0,0,0,0,0
267708,94.37,-117,2974,0,0,0,0,0,0,0,0,0
267757,94.07,-149,2907,0,0,0,0,0,0,0,0,0
267806,94.82,-177,2960,0,0,0,0,0,0,0,0,0
267855,95.87,-185,3046,0,0,0,0,0,0,0,0,0
267904,96.06,-158,3151,0,0,0,0,0,0,0,0,0
267953,95.94,-65,3738,0,0,0,0,0,0,0,0,0
268002,95.25,134,4095,0,0,0,0,0,0,0,0,0
268051,94.64,380,3777,0,0,0,0,0,0,0,0,0
268100,94.26,516,3255,0,0,0,0,0,0,0,0,0
268149,93.99,458,3053,0,0,0,0,0,0,0,0,0
268198,93.81,271,3011,0,0,0,0,0,0,0,0,0
268247,93.27,68,3071,0,0,0,0,0,0,0,0,0
268296,92.88,-74,3141,0,0,0,0,0,0,0,0,0
268345,92.48,-140,3097,0,0,0,0,0,0,0,0,0
268394,92.17,-160,3049,0,0,0,0,0,0,0,0,0
268443,91.87,-159,3123,1,0,0,0,0,0,0,0,0
268492,91.69,-143,3091,1,0,0,0,0,0,0,0,0
268541,93.10,-129,2989,1,0,0,0,0,0,0,0,0
268590,93.74,-139,2902,0,0,0,0,0,0,0,0,0
268639,93.58,-151,3201,0,0,0,0,0,0,0,0,0
268688,93.22,-66,4095,0,0,0,0,0,0,0,0,0
268737,92.38,169,4095,0,0,0,0,0,0,0,0,0
268786,92.10,414,3534,0,0,0,0,0,0,0,0,0
268835,91.92,484,3117,0,0,0,0,0,0,0,0,0
268884,91.61,359,2974,0,0,0,0,0,0,0,0,0
268933,91.20,144,3025,0,0,0,0,0,0,0,0,0
268982,90.86,-40,3119,0,0,0,0,0,0,0,0,0
269031,90.49,-145,3107,0,0,0,0,0,0,0,0,0
269080,90.12,-183,3107,0,0,0,0,0,0,0,0,0
269129,89.95,-185,3027,0,0,0,0,0,0,0,0,0
269178,89.65,-186,2963,0,0,0,0,0,0,0,0,0
269227,89.43,-196,2960,0,0,0,0,0,0,0,0,0
269276,90.58,-206,2989,0,0,0,0,0,0,0,0,0
269325,91.15,-205,2999,0,0,0,0,0,0,0,0,0
269374,91.08,-178,3251,0,0,0,0,0,0,0,0,0
269423,90.65,-59,4082,0,0,0,0,0,0,0,0,0
269472,89.98,185,4047,0,0,0,0,0,0,0,0,0
269521,89.63,418,3470,0,0,0,0,0,0,0,0,0
269570,89.37,473,3131,0,0,0,0,0,0,0,0,0
269619,89.11,344,3006,0,0,0,0,0,0,0,0,0
269668,88.76,141,3088,0,0,0,0,0,0,0,0,0
269717,88.27,-24,3173,0,0,0,0,0,0,0,0,0
269766,87.86,-112,3161,0,0,0,0,0,0,0,0,0
269815,87.56,-141,3120,0,0,0,0,0,0,0,0,0
269864,87.17,-148,3034,0,0,0,0,0,0,0,0,0
269913,86.82,-161,2969,0,0,0,0,0,0,0,0,0
269962,87.61,-179,3023,0,0,0,0,0,0,0,0,0
270011,88.36,-184,3087,0,0,0,0,0,0,0,0,0
270060,88.26,-158,3248,0,0,0,0,0,0,0,0,0
270109,87.95,-45,4080,1,0,0,0,0,0,0,0,0
270158,87.19,189,4095,1,0,0,0,0,0,0,0,0
270207,86.79,443,3882,1,0,0,0,0,0,0,0,0
270256,86.66,553,3200,1,0,0,0,0,0,0,0,0
270305,86.39,448,2977,1,0,0,0,0,0,0,0,0
270354,86.18,208,2964,0,0,0,0,0,0,0,0,0
270403,85.77,-30,3024,0,0,0,0,0,0,0,0,0
270452,85.51,-185,3141,0,0,0,0,0,0,0,0,0
270501,85.13,-241,3115,0,0,0,0,0,0,0,0,0
270550,84.71,-242,3006,0,0,0,0,0,0,0,0,0
270599,84.48,-233,2999,0,0,0,0,0,0,0,0,0
270648,84.95,-226,3029,0,0,0,0,0,0,0,0,0
270697,86.09,-212,3053,0,0,0,0,0,0,0,0,0
270746,86.03,-186,3120,0,0,0,0,0,0,0,0,0
270795,85.78,-87,4086,0,0,0,0,0,0,0,0,0
270844,85.20,143,4095,0,0,0,0,0,0,0,0,0
270893,84.62,416,4035,0,0,0,0,0,0,0,0,0
270942,84.51,568,3333,0,0,0,0,0,0,0,0,0
270991,84.26,504,3020,0,0,0,0,0,0,0,0,0
271040,83.96,278,3009,0,0,0,0,0,0,0,0,0
271089,83.59,37,3151,0,0,0,0,0,0,0,0,0
271138,83.34,-118,3214,0,0,0,0,0,0,0,0,0
271187,82.87,-182,3111,0,0,0,0,0,0,0,0,0
271236,82.62,-206,3002,0,0,0,0,0,0,0,0,0
271285,82.34,-226,2991,0,0,0,0,0,0,0,0,0
271334,82.20,-244,2995,0,0,0,0,0,0,0,0,0
271383,83.13,-254,2983,0,0,0,0,0,0,0,0,0
271432,83.68,-255,2957,0,0,0,0,0,0,0,0,0
271481,83.57,-230,3297,0,0,0,0,0,0,0,0,0
271530,83.23,-103,4095,0,0,0,0,0,0,0,0,0
271579,82.60,153,4095,0,0,0,0,0,0,0,0,0
271628,82.29,404,3606,0,0,0,0,0,0,0,0,0
271677,81.96,473,3038,0,0,0,0,0,0,0,0,0
271726,81.84,329,2902,0,0,0,0,0,0,0,0,0
271775,81.56,88,2994,0,0,0,0,0,0,0,0,0
271824,81.11,-109,3114,0,0,0,0,0,0,0,0,0
271873,80.87,-212,3088,0,0,0,0,0,0,0,0,0
271922,80.52,-247,2978,0,0,0,0,0,0,0,0,0
271971,80.40,-262,2914,0,0,0,0,0,0,0,0,0
272020,80.11,-275,2917,0,0,0,0,0,0,0,0,0
272069,79.80,-281,2944,0,0,0,0,0,0,0,0,0
272118,80.97,-276,2944,0,0,0,0,0,0,0,0,0
272167,81.44,-261,2958,0,0,0,0,0,0,0,0,0
272216,81.23,-217,3313,0,0,0,0,0,0,0,0,0
272265,80.85,-73,4095,0,0,0,0,0,0,0,0,0
272314,80.29,195,4095,0,0,0,0,0,0,0,0,0
272363,80.03,434,3357,0,0,0,0,0,0,0,0,0
272412,79.80,461,2928,0,0,0,0,0,0,0,0,0
272461,79.66,281,2847,0,0,0,0,0,0,0,0,0
272510,79.38,39,2998,0,0,0,0,0,0,0,0,0
272559,79.10,-134,3109,0,0,0,0,0,0,0,0,0
272608,78.80,-207,3086,0,0,0,0,0,0,0,0,0
272657,78.48,-220,2961,0,0,0,0,0,0,0,0,0
272706,78.30,-224,2901,0,0,0,0,0,0,0,0,0
272755,78.01,-235,2907,0,0,0,0,0,0,0,0,0
272804,77.96,-248,2871,0,0,0,0,0,0,0,0,0
272853,79.07,-256,2880,0,0,0,0,0,0,0,0,0
272902,79.19,-255,2931,0,0,0,0,0,0,0,0,0
272951,79.00,-206,3444,0,0,0,0,0,0,0,0,0
273000,78.44,-37,4095,0,0,0,0,0,0,0,0,0
273049,77.88,224,3712,0,0,0,0,0,0,0,0,0
273098,77.71,393,3061,0,0,0,0,0,0,0,0,0
273147,77.57,345,2827,0,0,0,0,0,0,0,0,0
273196,77.31,150,2851,0,0,0,0,0,0,0,0,0
273245,76.98,-48,3009,0,0,0,0,0,0,0,0,0
273294,76.64,-166,3055,0,0,0,0,0,0,0,0,0
273343,76.46,-204,2992,0,0,0,0,0,0,0,0,0
273392,76.07,-207,2923,0,0,0,0,0,0,0,0,0
273441,75.82,-208,2885,0,0,0,0,0,0,0,0,0
273490,75.96,-213,2895,0,0,0,0,0,0,0,0,0
273539,76.86,-215,2899,0,0,0,0,0,0,0,0,0
273588,77.02,-207,2957,0,0,0,0,0,0,0,0,0
273637,76.57,-141,3644,1,0,0,0,0,0,0,0,0
273686,76.03,53,4095,1,0,0,0,0,0,0,0,0
273735,75.50,304,3487,1,0,0,0,0,0,0,0,0
273784,75.47,406,2823,0,0,0,0,0,0,0,0,0
273833,75.45,277,2658,0,0,0,0,0,0,0,0,0
273882,75.20,37,2832,0,0,0,0,0,0,0,0,0
273931,74.90,-147,3089,0,0,0,0,0,0,0,0,0
273980,74.58,-209,3119,0,0,0,0,0,0,0,0,0
274029,74.20,-189,2978,0,0,0,0,0,0,0,0,0
274078,74.03,-165,2855,0,0,0,0,0,0,0,0,0
274127,73.71,-171,2830,0,0,0,0,0,0,0,0,0
274176,73.74,-197,2798,0,0,0,0,0,0,0,0,0
274225,74.67,-222,2854,0,0,0,0,0,0,0,0,0
274274,74.84,-226,2928,0,0,0,0,0,0,0,0,0
274323,74.56,-164,3537,0,0,0,0,0,0,0,0,0
274372,74.06,20,3954,0,0,0,0,0,0,0,0,0
274421,73.62,262,3467,0,0,0,0,0,0,0,0,0
274470,73.47,384,3006,0,0,0,0,0,0,0,0,0
274519,73.40,312,2797,0,0,0,0,0,0,0,0,0
274568,73.15,126,2829,0,0,0,0,0,0,0,0,0
274617,72.80,-53,2960,0,0,0,0,0,0,0,0,0
274666,72.56,-156,2995,0,0,0,0,0,0,0,0,0
274715,72.17,-190,2913,0,0,0,0,0,0,0,0,0
274764,72.08,-195,2859,0,0,0,0,0,0,0,0,0
274813,71.93,-200,2832,0,0,0,0,0,0,0,0,0
274862,71.71,-204,2856,0,0,0,0,0,0,0,0,0
274911,72.71,-205,2829,0,0,0,0,0,0,0,0,0
274960,72.70,-198,2890,0,0,0,0,0,0,0,0,0
275009,72.58,-144,3461,0,0,0,0,0,0,0,0,0
275058,72.17,19,3851,0,0,0,0,0,0,0,0,0
275107,71.71,236,3399,0,0,0,0,0,0,0,0,0
275156,71.59,345,2944,0,0,0,0,0,0,0,0,0
275205,71.46,271,2737,0,0,0,0,0,0,0,0,0
275254,71.21,90,2795,0,0,0,0,0,0,0,0,0
275303,71.04,-75,2963,0,0,0,0,0,0,0,0,0
275352,70.62,-160,2977,0,0,0,0,0,0,0,0,0
275401,70.51,-182,2827,0,0,0,0,0,0,0,0,0
275450,70.15,-192,2799,0,0,0,0,0,0,0,0,0
275499,70.14,-202,2823,1,0,0,0,0,0,0,0,0
275548,69.88,-195,2973,1,0,0,0,0,0,0,0,0
275597,69.91,-163,2923,1,0,0,0,0,0,0,0,0
275646,70.77,-130,2817,0,0,0,0,0,0,0,0,0
275695,70.78,-122,2826,0,0,0,0,0,0,0,0,0
275744,70.54,-93,3393,0,0,0,0,0,0,0,0,0
275793,70.23,37,3783,0,0,0,0,0,0,0,0,0
275842,69.83,227,3306,0,0,0,0,0,0,0,0,0
275891,69.79,315,2880,0,0,0,0,0,0,0,0,0
275940,69.71,236,2718,0,0,0,0,0,0,0,0,0
275989,69.50,68,2811,0,0,0,0,0,0,0,0,0
276038,69.29,-76,2957,0,0,0,0,0,0,0,0,0
276087,56.59,-140,2981,0,0,0,0,0,0,0,0,0
276136,51.37,-149,2846,0,0,0,0,0,0,0,0,0
276185,47.48,-153,2761,0,0,0,0,0,0,0,0,0
276234,43.85,-172,2752,0,0,0,0,0,0,0,0,0
276283,40.95,-196,2754,0,0,0,0,0,0,0,0,0
276332,38.36,-211,2751,0,0,0,0,0,0,0,0,0
276381,35.94,-220,2684,0,0,0,0,0,0,0,0,0
276430,33.86,-230,2668,0,0,0,0,0,0,0,0,0
276479,31.84,-221,2981,0,0,0,0,0,0,0,0,0
276528,29.84,-160,3033,0,0,0,0,0,0,0,0,0
276577,28.46,-94,2599,0,0,0,0,0,0,0,0,0
276626,26.94,-121,2239,0,0,0,0,0,0,0,0,0
276675,25.50,-252,2189,0,0,0,0,0,0,0,0,0
276724,24.17,-398,2431,1,0,0,0,0,0,0,0,0
276773,22.97,-467,2493,1,0,0,0,0,0,0,0,0
276822,21.77,-461,2406,1,0,0,0,0,0,0,0,0
276871,20.85,-440,2213,0,0,0,0,0,0,0,0,0
276920,19.70,-438,2282,0,0,0,0,0,0,0,0,0
276969,18.95,-433,2396,0,0,0,0,0,0,0,0,0
277018,18.15,-398,2452,0,0,0,0,0,0,0,0,0
277067,17.31,-339,2491,0,0,0,0,0,0,0,0,0
277116,16.49,-263,2620,0,0,0,0,0,0,0,0,0
277165,15.70,-147,3121,0,0,0,0,0,0,0,0,0
277214,15.01,41,3347,0,0,0,0,0,0,0,0,0
277263,14.33,239,2941,0,0,0,0,0,0,0,0,0
277312,13.70,315,2544,0,0,0,0,0,0,0,0,0
277361,13.19,233,2445,0,0,0,0,0,0,0,0,0
277410,12.57,81,2611,0,0,0,0,0,0,0,0,0
277459,12.04,-30,2765,0,0,0,0,0,0,0,0,0
277508,11.36,-66,2711,0,0,0,0,0,0,0,0,0
277557,10.84,-63,2624,0,0,0,0,0,0,0,0,0
277606,10.27,-64,2559,0,0,0,0,0,0,0,0,0
277654,9.72,-77,2598,0,0,0,0,0,0,0,0,0
277703,9.22,-84,2659,0,0,0,0,0,0,0,0,0
277752,8.65,-74,2677,0,0,0,0,0,0,0,0,0
277801,7.88,-51,2686,0,0,0,0,0,0,0,0,0
277850,7.36,-2,3086,0,0,0,0,0,0,0,0,0
277899,2.71,138,3775,0,0,0,0,0,0,0,0,0
277948,2.14,368,3441,0,0,0,0,0,0,0,0,0
277997,2.03,528,2902,0,0,0,0,0,0,0,0,0
278046,2.02,498,2661,0,0,0,0,0,0,0,0,0
278095,1.89,330,2708,0,0,0,0,0,0,0,0,0
278144,1.81,157,2943,0,0,0,0,0,0,0,0,0
278193,1.65,65,2987,0,0,0,0,0,0,0,0,0
278242,1.72,42,2832,0,0,0,0,0,0,0,0,0
278291,1.66,28,2730,0,0,0,0,0,0,0,0,0
278340,1.56,-3,2723,0,0,0,0,0,0,0,0,0
278389,1.54,-39,2722,0,0,0,0,0,0,0,0,0
278438,1.50,-64,2768,0,0,0,0,0,0,0,0,0
278487,1.53,-69,2783,0,0,0,0,0,0,0,0,0
278536,1.42,-53,2878,0,0,0,0,0,0,0,0,0
278585,1.27,23,3528,0,0,0,0,0,0,0,0,0
278634,1.32,228,4095,0,0,0,0,0,0,0,0,0
278683,1.22,491,3399,0,0,0,0,0,0,0,0,0
278732,1.17,610,2945,1,0,0,0,0,0,0,0,0
278781,1.12,512,2763,1,0,0,0,0,0,0,0,0
278830,1.03,304,2883,0,0,0,0,0,0,0,0,0
278879,1.13,118,2974,0,0,0,0,0,0,0,0,0
278928,0.99,10,2944,0,0,0,0,0,0,0,0,0
278977,0.94,-42,2815,0,0,0,0,0,0,0,0,0
279026,0.91,-83,2736,0,0,0,0,0,0,0,0,0
279075,0.79,-124,2731,0,0,0,0,0,0,0,0,0
279124,0.84,-154,2789,0,0,0,0,0,0,0,0,0
279173,0.79,-160,2783,0,0,0,0,0,0,0,0,0
279222,0.74,-152,2773,0,0,0,0,0,0,0,0,0
279271,0.77,-128,2947,0,0,0,0,0,0,0,0,0
279320,0.74,-25,3792,0,0,0,0,0,0,0,0,0
279369,0.66,220,4095,0,0,0,0,0,0,0,0,0
279418,0.62,490,3315,0,0,0,0,0,0,0,0,0
279467,0.58,568,2811,0,0,0,0,0,0,0,0,0
279516,0.58,418,2725,0,0,0,0,0,0,0,0,0
279565,0.57,186,2953,0,0,0,0,0,0,0,0,0
279614,0.55,21,3110,0,0,0,0,0,0,0,0,0
279663,0.43,-44,2953,0,0,0,0,0,0,0,0,0
279712,0.47,-76,2743,0,0,0,0,0,0,0,0,0
279761,0.40,-123,2703,0,0,0,0,0,0,0,0,0
279810,0.43,-180,2717,0,0,0,0,0,0,0,0,0
279859,0.32,-220,2751,0,0,0,0,0,0,0,0,0
279908,0.35,-232,2752,0,0,0,0,0,0,0,0,0
279957,0.34,-220,2831,0,0,0,0,0,0,0,0,0
280006,0.30,-136,3610,0,0,0,0,0,0,0,0,0
280055,0.24,90,4080,0,0,0,0,0,0,0,0,0
280104,0.25,367,3306,0,0,0,0,0,0,0,0,0
280153,0.27,471,2734,0,0,0,0,0,0,0,0,0
280202,0.29,338,2640,0,0,0,0,0,0,0,0,0
280251,0.28,116,2965,0,0,0,0,0,0,0,0,0
280300,0.25,-27,3168,0,0,0,0,0,0,0,0,0
280349,0.09,-58,3050,0,0,0,0,0,0,0,0,0
280398,0.14,-53,2830,0,0,0,0,0,0,0,0,0
280447,0.09,-77,2727,0,0,0,0,0,0,0,0,0
280496,0.10,-131,2761,0,0,0,0,0,0,0,0,0
280545,0.09,-178,2785,0,0,0,0,0,0,0,0,0
280594,0.10,-198,2829,0,0,0,0,0,0,0,0,0
280643,0.09,-154,3392,0,0,0,0,0,0,0,0,0
280692,0.08,26,4095,0,0,0,0,0,0,0,0,0
280741,0.09,332,4034,0,0,0,0,0,0,0,0,0
280790,0.04,567,3058,0,0,0,0,0,0,0,0,0
280839,0.07,545,2736,0,0,0,0,0,0,0,0,0
280888,0.02,325,2901,0,0,0,0,0,0,0,0,0
280937,-0.01,105,3173,0,0,0,0,0,0,0,0,0
280986,0.07,-7,3141,0,0,0,0,0,0,0,0,0
281035,-0.07,-45,2958,0,0,0,0,0,0,0,0,0
281084,0.08,-75,2858,0,0,0,0,0,0,0,0,0
281133,-0.03,-121,2795,0,0,0,0,0,0,0,0,0
281182,-0.08,-172,2811,0,0,0,0,0,0,0,0,0
281231,-0.07,-205,2851,0,0,0,0,0,0,0,0,0
281280,-0.06,-186,3275,0,0,0,0,0,0,0,0,0
281329,-0.11,-37,4095,0,0,0,0,0,0,0,0,0
281378,-0.03,253,4095,0,0,0,0,0,0,0,0,0
281427,-0.07,513,3281,0,0,0,0,0,0,0,0,0
281476,0.00,541,2834,0,0,0,0,0,0,0,0,0
281525,-0.06,351,2837,0,0,0,0,0,0,0,0,0
281574,0.04,116,3135,0,0,0,0,0,0,0,0,0
281623,-0.12,-23,3248,0,0,0,0,0,0,0,0,0
281672,-0.02,-64,3057,0,0,0,0,0,0,0,0,0
281721,-0.08,-83,2879,0,0,0,0,0,0,0,0,0
281770,-0.01,-126,2810,0,0,0,0,0,0,0,0,0
281819,0.02,-183,2841,0,0,0,0,0,0,0,0,0
281868,-0.04,-219,2941,0,0,0,0,0,0,0,0,0
281917,-0.03,-216,2967,0,0,0,0,0,0,0,0,0
281966,-0.07,-136,3727,0,0,0,0,0,0,0,0,0
282015,-0.11,78,4095,0,0,0,0,0,0,0,0,0
282064,-0.12,378,4095,0,0,0,0,0,0,0,0,0
282113,-0.06,581,3152,0,0,0,0,0,0,0,0,0
282162,-0.04,530,2782,0,0,0,0,0,0,0,0,0
282211,-0.13,287,2941,0,0,0,0,0,0,0,0,0
282260,-0.12,49,3216,0,0,0,0,0,0,0,0,0
282309,-0.21,-71,3198,0,0,0,0,0,0,0,0,0
282358,0.02,-114,2923,0,0,0,0,0,0,0,0,0
282407,-0.16,-157,2793,0,0,0,0,0,0,0,0,0
282456,-0.21,-218,2832,0,0,0,0,0,0,0,0,0
282505,-0.11,-262,2918,0,0,0,0,0,0,0,0,0
282554,-0.26,-268,2935,0,0,0,0,0,0,0,0,0
282603,-0.18,-245,2947,0,0,0,0,0,0,0,0,0
282652,-0.06,-150,3856,0,0,0,0,0,0,0,0,0
282701,-0.08,80,4095,0,0,0,0,0,0,0,0,0
282750,-0.09,383,4019,0,0,0,0,0,0,0,0,0
282799,-0.01,560,3024,0,0,0,0,0,0,0,0,0
282848,-0.13,476,2764,0,0,0,0,0,0,0,0,0
282897,-0.16,220,2943,0,0,0,0,0,0,0,0,0
282946,-0.05,-7,3231,0,0,0,0,0,0,0,0,0
282995,-0.17,-112,3173,0,0,0,0,0,0,0,0,0
283044,-0.11,-144,2903,0,0,0,0,0,0,0,0,0
283093,-0.12,-179,2845,0,0,0,0,0,0,0,0,0
283142,-0.08,-229,2838,0,0,0,0,0,0,0,0,0
283191,-0.21,-266,2912,0,0,0,0,0,0,0,0,0
283240,-0.12,-275,2896,0,0,0,0,0,0,0,0,0
283289,-0.14,-265,2854,0,0,0,0,0,0,0,0,0
283338,-0.08,-223,3290,0,0,0,0,0,0,0,0,0
283387,-0.09,-72,4095,0,0,0,0,0,0,0,0,0
283436,-0.16,213,4095,0,0,0,0,0,0,0,0,0
283485,-0.05,455,3151,0,0,0,0,0,0,0,0,0
283534,-0.12,455,2759,0,0,0,0,0,0,0,0,0
283583,-0.17,248,2873,0,0,0,0,0,0,0,0,0
283632,-0.09,32,3265,0,0,0,0,0,0,0,0,0
283681,-0.09,-61,3355,0,0,0,0,0,0,0,0,0
283730,-0.11,-59,3102,0,0,0,0,0,0,0,0,0
283779,-0.16,-62,2861,0,0,0,0,0,0,0,0,0
283828,-0.05,-118,2785,0,0,0,0,0,0,0,0,0
283877,-0.11,-197,2864,0,0,0,0,0,0,0,0,0
283926,-0.14,-251,2914,0,0,0,0,0,0,0,0,0
283975,-0.11,-257,3009,0,0,0,0,0,0,0,0,0
284024,-0.17,-165,3904,0,0,0,0,0,0,0,0,0
284073,-0.12,77,4095,0,0,0,0,0,0,0,0,0
284122,-0.11,351,3490,0,0,0,0,0,0,0,0,0
284171,-0.14,444,2842,0,0,0,0,0,0,0,0,0
284220,-0.18,296,2666,0,0,0,0,0,0,0,0,0
284269,-0.08,47,2963,0,0,0,0,0,0,0,0,0
284318,-0.12,-129,3173,0,0,0,0,0,0,0,0,0
284367,-0.20,-190,2979,0,0,0,0,0,0,0,0,0
284416,-0.11,-210,2771,0,0,0,0,0,0,0,0,0
284465,-0.15,-249,2705,0,0,0,0,0,0,0,0,0
284514,-0.13,-305,2690,0,0,0,0,0,0,0,0,0
284563,-0.12,-352,2701,0,0,0,0,0,0,0,0,0
284612,-0.13,-367,2832,0,0,0,0,0,0,0,0,0
284661,-0.19,-275,3856,0,0,0,0,0,0,0,0,0
284710,-0.10,-4,4095,0,0,0,0,0,0,0,0,0
284759,-0.22,315,3478,0,0,0,0,0,0,0,0,0
284808,-0.07,449,2823,0,0,0,0,0,0,0,0,0
284857,-0.15,331,2690,0,0,0,0,0,0,0,0,0
284906,-0.10,98,2919,0,0,0,0,0,0,0,0,0
284955,-0.11,-78,3154,0,0,0,0,0,0,0,0,0
285004,-0.14,-136,3133,0,0,0,0,0,0,0,0,0
285053,-0.13,-130,2919,0,0,0,0,0,0,0,0,0
285102,-0.11,-137,2769,0,0,0,0,0,0,0,0,0
285151,-0.13,-184,2697,0,0,0,0,0,0,0,0,0
285200,-0.15,-245,2756,0,0,0,0,0,0,0,0,0
285249,-0.11,-239,3504,0,0,0,0,0,0,0,0,0
285298,-0.13,-63,4095,0,0,0,0,0,0,0,0,0
285347,-0.25,228,3695,0,0,0,0,0,0,0,0,0
285396,-0.06,411,2889,0,0,0,0,0,0,0,0,0
285445,-0.17,343,2615,0,0,0,0,0,0,0,0,0
285494,-0.13,118,2864,0,0,0,0,0,0,0,0,0
285543,-0.18,-71,3148,0,0,0,0,0,0,0,0,0
285592,-0.11,-141,3089,0,0,0,0,0,0,0,0,0
285641,-0.19,-147,2864,0,0,0,0,0,0,0,0,0
285690,-0.17,-164,2743,0,0,0,0,0,0,0,0,0
285739,-0.18,-207,2773,0,0,0,0,0,0,0,0,0
285788,-0.01,-227,3105,0,0,0,0,0,0,0,0,0
285837,-0.17,-118,4095,0,0,0,0,0,0,0,0,0
285886,-0.15,161,4095,0,0,0,0,0,0,0,0,0
285935,-0.18,435,3248,0,0,0,0,0,0,0,0,0
285984,-0.19,475,2751,0,0,0,0,0,0,0,0,0
286033,-0.08,288,2777,0,0,0,0,0,0,0,0,0
286082,-0.08,56,3129,0,0,0,0,0,0,0,0,0
286131,-0.06,-77,3152,0,0,0,0,0,0,0,0,0
286180,-0.09,-121,2927,0,0,0,0,0,0,0,0,0
286229,-0.10,-156,2750,0,0,0,0,0,0,0,0,0
286278,-0.09,-217,2677,0,0,0,0,0,0,0,0,0
286327,-0.12,-282,2783,0,0,0,0,0,0,0,0,0
286376,-0.07,-257,3681,0,0,0,0,0,0,0,0,0
286425,-0.10,-49,4095,0,0,0,0,0,0,0,0,0
286474,-0.11,235,3375,0,0,0,0,0,0,0,0,0
286523,-0.14,363,2831,0,0,0,0,0,0,0,0,0
286572,-0.14,258,2691,0,0,0,0,0,0,0,0,0
286621,-0.12,49,2896,0,0,0,0,0,0,0,0,0
286670,-0.13,-111,3063,0,0,0,0,0,0,0,0,0
286719,-0.17,-177,2932,0,0,0,0,0,0,0,0,0
286768,-0.18,-205,2735,0,0,0,0,0,0,0,0,0
286817,-0.17,-244,2672,0,0,0,0,0,0,0,0,0
286866,-0.14,-291,2707,0,0,0,0,0,0,0,0,0
286915,-0.11,-283,3315,0,0,0,0,0,0,0,0,0
286964,-0.17,-118,4095,0,0,0,0,0,0,0,0,0
287013,-0.20,181,3760,0,0,0,0,0,0,0,0,0
287062,-0.19,402,2997,0,0,0,0,0,0,0,0,0
287111,-0.16,380,2700,0,0,0,0,0,0,0,0,0
287160,-0.15,180,2794,0,0,0,0,0,0,0,0,0
287209,-0.17,-25,3024,0,0,0,0,0,0,0,0,0
287258,-0.08,-142,2935,0,0,0,0,0,0,0,0,0
287307,-0.15,-195,2802,0,0,0,0,0,0,0,0,0
287356,-0.17,-232,2721,0,0,0,0,0,0,0,0,0
287405,-0.16,-270,2704,0,0,0,0,0,0,0,0,0
287454,-0.16,-289,2876,0,0,0,0,0,0,0,0,0
287503,-0.27,-204,3881,0,0,0,0,0,0,0,0,0
287552,-0.25,57,4095,0,0,0,0,0,0,0,0,0
287601,-0.23,366,3495,0,0,0,0,0,0,0,0,0
287650,-0.14,494,2889,0,0,0,0,0,0,0,0,0
287699,-0.11,376,2715,0,0,0,0,0,0,0,0,0
287748,-0.17,140,2908,0,0,0,0,0,0,0,0,0
287797,-0.20,-51,3061,0,0,0,0,0,0,0,0,0
287846,-0.09,-145,2939,0,0,0,0,0,0,0,0,0
287895,-0.25,-186,2789,0,0,0,0,0,0,0,0,0
287944,-0.25,-224,2711,0,0,0,0,0,0,0,0,0
287993,-0.20,-263,2759,0,0,0,0,0,0,0,0,0
288042,-0.11,-282,2809,0,0,0,0,0,0,0,0,0
288091,-0.19,-273,2829,0,0,0,0,0,0,0,0,0
288140,-0.25,-247,2815,0,0,0,0,0,0,0,0,0
288189,-0.12,-220,2768,0,0,0,0,0,0,0,0,0
288238,-0.16,-172,3266,0,0,0,0,0,0,0,0,0
288287,-0.17,-11,4095,0,0,0,0,0,0,0,0,0
288336,-0.19,288,4095,0,0,0,0,0,0,0,0,0
288385,-0.13,554,3333,0,0,0,0,0,0,0,0,0
288434,-0.16,593,2894,0,0,0,0,0,0,0,0,0
288483,-0.26,418,2926,0,0,0,0,0,0,0,0,0
288532,-0.19,196,3190,0,0,0,0,0,0,0,0,0
288581,-0.13,54,3184,0,0,0,0,0,0,0,0,0
288630,-0.18,-12,3008,0,0,0,0,0,0,0,0,0
288679,-0.14,-61,2877,0,0,0,0,0,0,0,0,0
288728,-0.13,-121,2832,0,0,0,0,0,0,0,0,0
288777,-0.16,-176,2896,0,0,0,0,0,0,0,0,0
288826,-0.21,-202,2939,0,0,0,0,0,0,0,0,0
288875,-0.16,-199,2896,0,0,0,0,0,0,0,0,0
288924,-0.19,-185,2894,0,0,0,0,0,0,0,0,0
288973,-0.19,-175,2841,0,0,0,0,0,0,0,0,0
289022,-0.14,-152,3158,0,0,0,0,0,0,0,0,0
289071,-0.24,-29,4095,0,0,0,0,0,0,0,0,0
289120,-0.13,240,4095,0,0,0,0,0,0,0,0,0
289169,-0.15,518,3655,0,0,0,0,0,0,0,0,0
289218,-0.21,609,2992,0,0,0,0,0,0,0,0,0
289267,-0.10,472,2928,0,0,0,0,0,0,0,0,0
289316,-0.10,244,3200,0,0,0,0,0,0,0,0,0
289365,-0.26,79,3255,0,0,0,0,0,0,0,0,0
289414,-0.26,-5,3039,0,0,0,0,0,0,0,0,0
289463,-0.17,-70,2858,0,0,0,0,0,0,0,0,0
289512,-0.09,-149,2798,0,0,0,0,0,0,0,0,0
289561,-0.17,-227,2841,0,0,0,0,0,0,0,0,0
289610,-0.15,-270,2917,0,0,0,0,0,0,0,0,0
289659,-0.16,-268,2946,0,0,0,0,0,0,0,0,0
289708,-0.15,-240,2894,0,0,0,0,0,0,0,0,0
289757,-0.17,-213,2854,0,0,0,0,0,0,0,0,0
289806,-0.16,-167,3363,0,0,0,0,0,0,0,0,0
289855,-0.20,-13,4095,0,0,0,0,0,0,0,0,0
289904,-0.20,268,4095,0,0,0,0,0,0,0,0,0
289953,-0.17,536,3696,0,0,0,0,0,0,0,0,0
290002,-0.19,615,2986,0,0,0,0,0,0,0,0,0
290051,-0.20,469,3005,0,0,0,0,0,0,0,0,0
290100,-0.25,250,3376,0,0,0,0,0,0,0,0,0
290149,-0.22,114,3413,0,0,0,0,0,0,0,0,0
290198,-0.08,59,3130,0,0,0,0,0,0,0,0,0
290247,-0.19,3,2909,0,0,0,0,0,0,0,0,0
290296,-0.17,-92,2816,0,0,0,0,0,0,0,0,0
290345,-0.12,-197,2870,0,0,0,0,0,0,0,0,0
290394,-0.09,-267,2925,0,0,0,0,0,0,0,0,0
290443,-0.23,-288,2935,0,0,0,0,0,0,0,0,0
290492,-0.11,-278,2877,0,0,0,0,0,0,0,0,0
290541,-0.20,-264,2829,0,0,0,0,0,0,0,0,0
290590,-0.20,-240,3121,0,0,0,0,0,0,0,0,0
290639,-0.28,-117,4095,0,0,0,0,0,0,0,0,0
290688,-0.18,157,4095,0,0,0,0,0,0,0,0,0
290737,-0.27,471,4079,0,0,0,0,0,0,0,0,0
290786,-0.21,623,2915,0,0,0,0,0,0,0,0,0
290835,-0.21,494,2743,0,0,0,0,0,0,0,0,0
290884,-0.23,209,3088,0,0,0,0,0,0,0,0,0
290933,-0.16,-4,3364,0,0,0,0,0,0,0,0,0
290982,-0.18,-83,3162,0,0,0,0,0,0,0,0,0
291031,-0.26,-113,2864,0,0,0,0,0,0,0,0,0
291080,-0.20,-173,2755,0,0,0,0,0,0,0,0,0
291129,-0.16,-253,2838,0,0,0,0,0,0,0,0,0
291178,-0.21,-306,2879,0,0,0,0,0,0,0,0,0
291227,-0.19,-317,2906,0,0,0,0,0,0,0,0,0
291276,-0.17,-298,2889,0,0,0,0,0,0,0,0,0
291325,-0.22,-271,2854,0,0,0,0,0,0,0,0,0
291374,-0.14,-190,3778,0,0,0,0,0,0,0,0,0
291423,-0.30,30,4095,0,0,0,0,0,0,0,0,0
291472,-0.16,343,4095,0,0,0,0,0,0,0,0,0
291521,-0.23,559,3213,0,0,0,0,0,0,0,0,0
291570,-0.26,517,2715,0,0,0,0,0,0,0,0,0
291619,-0.14,266,2861,0,0,0,0,0,0,0,0,0
291668,-0.19,14,3243,0,0,0,0,0,0,0,0,0
291717,-0.24,-107,3211,0,0,0,0,0,0,0,0,0
291766,-0.14,-142,2906,0,0,0,0,0,0,0,0,0
291815,-0.25,-183,2738,0,0,0,0,0,0,0,0,0
291864,-0.15,-254,2742,0,0,0,0,0,0,0,0,0
291913,-0.15,-320,2769,0,0,0,0,0,0,0,0,0
291962,-0.21,-353,2800,0,0,0,0,0,0,0,0,0
292011,-0.17,-354,2773,0,0,0,0,0,0,0,0,0
292060,-0.10,-330,2897,0,0,0,0,0,0,0,0,0
292109,-0.08,-205,4095,0,0,0,0,0,0,0,0,0
292158,-0.24,90,4095,0,0,0,0,0,0,0,0,0
292207,-0.25,425,3808,0,0,0,0,0,0,0,0,0
292256,-0.17,576,2929,0,0,0,0,0,0,0,0,0
292305,-0.25,451,2644,0,0,0,0,0,0,0,0,0
292354,-0.24,167,2873,0,0,0,0,0,0,0,0,0
292403,-0.18,-70,3152,0,0,0,0,0,0,0,0,0
292452,-0.18,-176,3023,0,0,0,0,0,0,0,0,0
292501,-0.27,-213,2750,0,0,0,0,0,0,0,0,0
292550,-0.22,-262,2621,0,0,0,0,0,0,0,0,0
292599,-0.22,-330,2666,0,0,0,0,0,0,0,0,0
292648,-0.22,-380,2709,0,0,0,0,0,0,0,0,0
292697,-0.25,-391,2766,0,0,0,0,0,0,0,0,0
292746,-0.13,-351,2981,0,0,0,0,0,0,0,0,0
292795,-0.25,-193,4095,0,0,0,0,0,0,0,0,0
292844,-0.25,128,4095,0,0,0,0,0,0,0,0,0
292893,-0.24,441,3343,0,0,0,0,0,0,0,0,0
292942,-0.22,521,2826,0,0,0,0,0,0,0,0,0
292991,-0.17,351,2662,0,0,0,0,0,0,0,0,0
293040,-0.15,86,2863,0,0,0,0,0,0,0,0,0
293089,-0.19,-114,3014,0,0,0,0,0,0,0,0,0
293138,-0.25,-206,2900,0,0,0,0,0,0,0,0,0
293187,-0.15,-241,2718,0,0,0,0,0,0,0,0,0
293236,-0.20,-277,2640,0,0,0,0,0,0,0,0,0
293285,-0.21,-320,2649,0,0,0,0,0,0,0,0,0
293334,-0.23,-351,2672,0,0,0,0,0,0,0,0,0
293383,-0.21,-355,2719,0,0,0,0,0,0,0,0,0
293432,-0.20,-304,3182,0,0,0,0,0,0,0,0,0
293481,-0.24,-118,4095,0,0,0,0,0,0,0,0,0
293530,-0.20,210,3980,0,0,0,0,0,0,0,0,0
293579,-0.20,484,3107,0,0,0,0,0,0,0,0,0
293628,-0.25,501,2705,0,0,0,0,0,0,0,0,0
293677,-0.09,298,2727,0,0,0,0,0,0,0,0,0
293726,-0.21,52,2929,0,0,0,0,0,0,0,0,0
293775,-0.23,-107,2992,0,0,0,0,0,0,0,0,0
293824,-0.24,-171,2873,0,0,0,0,0,0,0,0,0
293873,-0.33,-197,2743,0,0,0,0,0,0,0,0,0
293922,-0.26,-223,2735,0,0,0,0,0,0,0,0,0
293971,-0.29,-251,2687,0,0,0,0,0,0,0,0,0
294020,-0.20,-274,2703,0,0,0,0,0,0,0,0,0
294069,-0.18,-269,2928,0,0,0,0,0,0,0,0,0
294118,-0.25,-160,3865,0,0,0,0,0,0,0,0,0
294167,-0.25,113,4095,0,0,0,0,0,0,0,0,0
294216,-0.20,409,3291,0,0,0,0,0,0,0,0,0
294265,-0.21,499,2806,0,0,0,0,0,0,0,0,0
294314,-0.18,355,2724,0,0,0,0,0,0,0,0,0
294363,-0.26,125,2928,0,0,0,0,0,0,0,0,0
294412,-0.13,-44,3024,0,0,0,0,0,0,0,0,0
294461,-0.27,-125,2897,0,0,0,0,0,0,0,0,0
294510,-0.30,-168,2709,0,0,0,0,0,0,0,0,0
294559,-0.13,-217,2681,0,0,0,0,0,0,0,0,0
294608,-0.20,-267,2688,0,0,0,0,0,0,0,0,0
294657,-0.21,-295,2732,0,0,0,0,0,0,0,0,0
294706,-0.22,-281,2963,0,0,0,0,0,0,0,0,0
294755,-0.24,-163,3761,0,0,0,0,0,0,0,0,0
294804,-0.21,105,4085,0,0,0,0,0,0,0,0,0
294853,-0.24,395,3282,0,0,0,0,0,0,0,0,0
294902,-0.21,484,2770,0,0,0,0,0,0,0,0,0
294951,-0.24,336,2704,0,0,0,0,0,0,0,0,0
295000,-0.25,103,2874,0,0,0,0,0,0,0,0,0
295049,-0.14,-68,3033,0,0,0,0,0,0,0,0,0
295098,-0.28,-141,2908,0,0,0,0,0,0,0,0,0
295147,-0.25,-169,2746,0,0,0,0,0,0,0,0,0
295196,-0.25,-201,2699,0,0,0,0,0,0,0,0,0
295245,-0.26,-238,2715,0,0,0,0,0,0,0,0,0
295294,-0.21,-262,2752,0,0,0,0,0,0,0,0,0
295343,-0.17,-254,2878,0,0,0,0,0,0,0,0,0
295392,-0.23,-158,3711,0,0,0,0,0,0,0,0,0
295441,-0.27,87,4095,0,0,0,0,0,0,0,0,0
295490,-0.20,395,3633,0,0,0,0,0,0,0,0,0
295539,-0.25,553,2987,0,0,0,0,0,0,0,0,0
295588,-0.24,469,2767,0,0,0,0,0,0,0,0,0
295637,-0.31,247,2915,0,0,0,0,0,0,0,0,0
295686,-0.25,50,3127,0,0,0,0,0,0,0,0,0
295735,-0.24,-47,3053,0,0,0,0,0,0,0,0,0
295784,-0.26,-86,2865,0,0,0,0,0,0,0,0,0
295833,-0.30,-121,2831,0,0,0,0,0,0,0,0,0
295882,-0.23,-154,2927,0,0,0,0,0,0,0,0,0
295931,-0.32,-160,2977,0,0,0,0,0,0,0,0,0
295980,-0.31,-124,3187,0,0,0,0,0,0,0,0,0
296029,-0.20,9,4095,0,0,0,0,0,0,0,0,0
296078,-0.22,274,4095,0,0,0,0,0,0,0,0,0
296127,-0.24,530,3513,0,0,0,0,0,0,0,0,0
296176,-0.28,585,2935,0,0,0,0,0,0,0,0,0
296225,-0.27,418,2847,0,0,0,0,0,0,0,0,0
296274,-0.25,173,3104,0,0,0,0,0,0,0,0,0
296323,-0.16,6,3271,0,0,0,0,0,0,0,0,0
296372,-0.23,-55,3085,0,0,0,0,0,0,0,0,0
296421,-0.22,-84,2892,0,0,0,0,0,0,0,0,0
296470,-0.24,-137,2774,0,0,0,0,0,0,0,0,0
296519,-0.28,-208,2789,0,0,0,0,0,0,0,0,0
296568,-0.26,-259,2927,0,0,0,0,0,0,0,0,0
296617,-0.26,-196,3953,0,0,0,0,0,0,0,0,0
296666,-0.19,48,4095,0,0,0,0,0,0,0,0,0
296715,-0.21,377,4095,0,0,0,0,0,0,0,0,0
296764,-0.15,608,3507,0,0,0,0,0,0,0,0,0
296813,-0.17,617,3035,0,0,0,0,0,0,0,0,0
296862,-0.21,431,3101,0,0,0,0,0,0,0,0,0
296911,-0.20,207,3302,0,0,0,0,0,0,0,0,0
296960,-0.18,55,3201,0,0,0,0,0,0,0,0,0
297009,-0.25,-45,2906,0,0,0,0,0,0,0,0,0
297058,-0.26,-147,2829,0,0,0,0,0,0,0,0,0
297107,-0.30,-255,2698,0,0,0,0,0,0,0,0,0
297156,-0.27,-340,2893,0,0,0,0,0,0,0,0,0
297205,-0.31,-357,3063,0,0,0,0,0,0,0,0,0
297254,-0.25,-235,4095,0,0,0,0,0,0,0,0,0
297303,-0.29,55,4095,0,0,0,0,0,0,0,0,0
297352,-0.24,393,4095,0,0,0,0,0,0,0,0,0
297401,-0.26,586,3205,0,0,0,0,0,0,0,0,0
297450,-0.31,524,2943,0,0,0,0,0,0,0,0,0
297499,-0.21,288,3063,0,0,0,0,0,0,0,0,0
297548,-0.30,57,3203,0,0,0,0,0,0,0,0,0
297597,-0.22,-89,3065,0,0,0,0,0,0,0,0,0
297646,-0.22,-181,2859,0,0,0,0,0,0,0,0,0
297695,-0.24,-257,2867,0,0,0,0,0,0,0,0,0
297744,-0.22,-318,2801,0,0,0,0,0,0,0,0,0
297793,-0.21,-357,2825,0,0,0,0,0,0,0,0,0
297842,-0.27,-341,3270,0,0,0,0,0,0,0,0,0
297891,-0.28,-190,4095,0,0,0,0,0,0,0,0,0
297940,-0.21,108,4095,0,0,0,0,0,0,0,0,0
297989,-0.22,402,3654,0,0,0,0,0,0,0,0,0
298038,-0.23,495,2897,0,0,0,0,0,0,0,0,0
298087,-0.27,344,2830,0,0,0,0,0,0,0,0,0
298136,-0.19,100,3186,0,0,0,0,0,0,0,0,0
298185,-0.28,-56,3369,0,0,0,0,0,0,0,0,0
298234,-0.21,-102,3105,0,0,0,0,0,0,0,0,0
298283,-0.18,-133,2771,0,0,0,0,0,0,0,0,0
298332,-0.20,-211,2731,0,0,0,0,0,0,0,0,0
298381,-0.34,-310,2736,0,0,0,0,0,0,0,0,0
298430,-0.28,-380,2819,0,0,0,0,0,0,0,0,0
298479,-0.23,-380,3150,0,0,0,0,0,0,0,0,0
298528,-0.21,-237,4095,0,0,0,0,0,0,0,0,0
298577,-0.25,70,4095,0,0,0,0,0,0,0,0,0
298626,-0.21,384,3655,0,0,0,0,0,0,0,0,0
298675,-0.19,494,2839,0,0,0,0,0,0,0,0,0
298724,-0.30,340,2701,0,0,0,0,0,0,0,0,0
298773,-0.23,67,2960,0,0,0,0,0,0,0,0,0
298822,-0.24,-135,3152,0,0,0,0,0,0,0,0,0
298871,-0.26,-217,3026,0,0,0,0,0,0,0,0,0
298920,-0.25,-242,2823,0,0,0,0,0,0,0,0,0
298969,-0.26,-277,2680,0,0,0,0,0,0,0,0,0
299018,-0.26,-331,2723,0,0,0,0,0,0,0,0,0
299067,-0.26,-357,3007,0,0,0,0,0,0,0,0,0
299116,-0.19,-247,4095,0,0,0,0,0,0,0,0,0
299165,-0.27,48,4095,0,0,0,0,0,0,0,0,0
299214,-0.18,368,3602,0,0,0,0,0,0,0,0,0
299263,-0.29,477,2731,0,0,0,0,0,0,0,0,0
299312,-0.17,312,2611,0,0,0,0,0,0,0,0,0
299361,-0.30,30,2917,0,0,0,0,0,0,0,0,0
299410,-0.18,-173,3065,0,0,0,0,0,0,0,0,0
299459,-0.30,-255,2929,0,0,0,0,0,0,0,0,0
299508,-0.24,-284,2703,0,0,0,0,0,0,0,0,0
299557,-0.17,-323,2625,0,0,0,0,0,0,0,0,0
299606,-0.24,-372,2653,0,0,0,0,0,0,0,0,0
299655,-0.14,-369,3233,0,0,0,0,0,0,0,0,0
299704,-0.19,-206,4095,0,0,0,0,0,0,0,0,0
299753,-0.18,124,4095,0,0,0,0,0,0,0,0,0
299802,-0.24,442,3515,0,0,0,0,0,0,0,0,0
299851,-0.21,533,2821,0,0,0,0,0,0,0,0,0
299900,-0.16,367,2715,0,0,0,0,0,0,0,0,0
299949,-0.23,101,3003,0,0,0,0,0,0,0,0,0
299998,-0.24,-88,3120,0,0,0,0,0,0,0,0,0
300047,-0.21,-172,2896,0,0,0,0,0,0,0,0,0
300096,-0.16,-219,2767,0,0,0,0,0,0,0,0,0
300145,-0.22,-271,2669,0,0,0,0,0,0,0,0,0
300194,-0.20,-323,2736,0,0,0,0,0,0,0,0,0
300243,-0.18,-309,3403,0,0,0,0,0,0,0,0,0
300292,-0.19,-132,4095,0,0,0,0,0,0,0,0,0
300341,-0.25,192,4095,0,0,0,0,0,0,0,0,0
300390,-0.22,472,3312,0,0,0,0,0,0,0,0,0
300439,-0.21,509,2775,0,0,0,0,0,0,0,0,0
300488,-0.12,310,2765,0,0,0,0,0,0,0,0,0
300537,-0.23,49,2965,0,0,0,0,0,0,0,0,0
300586,-0.26,-135,2961,0,0,0,0,0,0,0,0,0
300635,-0.21,-235,2778,0,0,0,0,0,0,0,0,0
300684,-0.14,-301,2650,0,0,0,0,0,0,0,0,0
300733,-0.22,-357,2699,0,0,0,0,0,0,0,0,0
300782,-0.27,-386,2735,0,0,0,0,0,0,0,0,0
300831,-0.26,-374,2873,0,0,0,0,0,0,0,0,0
300880,-0.28,-248,4010,0,0,0,0,0,0,0,0,0
300929,-0.23,54,4095,0,0,0,0,0,0,0,0,0
300978,-0.24,405,3841,0,0,0,0,0,0,0,0,0
301027,-0.20,584,3005,0,0,0,0,0,0,0,0,0
301076,-0.22,492,2714,0,0,0,0,0,0,0,0,0
301125,-0.24,228,2842,0,0,0,0,0,0,0,0,0
301174,-0.28,-22,2992,0,0,0,0,0,0,0,0,0
301223,-0.24,-173,2902,0,0,0,0,0,0,0,0,0
301272,-0.24,-254,2707,0,0,0,0,0,0,0,0,0
301321,-0.30,-314,2658,0,0,0,0,0,0,0,0,0
301370,-0.28,-361,2678,0,0,0,0,0,0,0,0,0
301419,-0.22,-383,2703,0,0,0,0,0,0,0,0,0
301468,-0.25,-379,2698,0,0,0,0,0,0,0,0,0
301517,-0.14,-357,2713,0,0,0,0,0,0,0,0,0
301566,-0.22,-285,3374,0,0,0,0,0,0,0,0,0
301615,-0.28,-74,4095,0,0,0,0,0,0,0,0,0
301664,-0.22,266,4095,0,0,0,0,0,0,0,0,0
301713,-0.31,543,3163,0,0,0,0,0,0,0,0,0
301762,-0.29,559,2790,0,0,0,0,0,0,0,0,0
301811,-0.21,352,2814,0,0,0,0,0,0,0,0,0
301860,-0.22,104,2993,0,0,0,0,0,0,0,0,0
301909,-0.26,-63,3020,0,0,0,0,0,0,0,0,0
301958,-0.26,-148,2805,0,0,0,0,0,0,0,0,0
302007,-0.26,-208,2701,0,0,0,0,0,0,0,0,0
302056,-0.25,-268,2649,0,0,0,0,0,0,0,0,0
302105,-0.23,-321,2633,0,0,0,0,0,0,0,0,0
302154,-0.27,-354,2685,0,0,0,0,0,0,0,0,0
302203,-0.29,-357,2698,0,0,0,0,0,0,0,0,0
302252,-0.32,-335,2732,0,0,0,0,0,0,0,0,0
302301,-0.22,-301,2704,0,0,0,0,0,0,0,0,0
302350,-0.19,-229,3294,0,0,0,0,0,0,0,0,0
302399,-0.28,-32,4095,0,0,0,0,0,0,0,0,0
302448,-0.21,290,3938,0,0,0,0,0,0,0,0,0
302497,-0.30,540,3069,0,0,0,0,0,0,0,0,0
302546,-0.25,531,2704,0,0,0,0,0,0,0,0,0
302595,-0.15,316,2764,0,0,0,0,0,0,0,0,0
302644,-0.24,77,3019,0,0,0,0,0,0,0,0,0
302693,-0.22,-69,2957,0,0,0,0,0,0,0,0,0
302742,-0.20,-139,2797,0,0,0,0,0,0,0,0,0
302791,-0.31,-186,2713,0,0,0,0,0,0,0,0,0
302840,-0.27,-230,2702,0,0,0,0,0,0,0,0,0
302889,-0.23,-262,2723,0,0,0,0,0,0,0,0,0
302938,-0.27,-268,2800,0,0,0,0,0,0,0,0,0
302987,-0.28,-247,2770,0,0,0,0,0,0,0,0,0
303036,-0.22,-218,2775,0,0,0,0,0,0,0,0,0
303085,-0.26,-174,3035,0,0,0,0,0,0,0,0,0
303134,-0.22,-44,3888,0,0,0,0,0,0,0,0,0
303183,-0.21,212,3918,0,0,0,0,0,0,0,0,0
303232,-0.22,454,3191,0,0,0,0,0,0,0,0,0
303281,-0.19,494,2801,0,0,0,0,0,0,0,0,0
303330,-0.19,333,2747,0,0,0,0,0,0,0,0,0
303379,-0.29,115,2972,0,0,0,0,0,0,0,0,0
303428,-0.25,-32,3026,0,0,0,0,0,0,0,0,0
303477,-0.17,-99,2854,0,0,0,0,0,0,0,0,0
303526,-0.17,-139,2766,0,0,0,0,0,0,0,0,0
303575,-0.22,-179,2736,0,0,0,0,0,0,0,0,0
303624,-0.23,-211,2783,0,0,0,0,0,0,0,0,0
303673,-0.15,-219,2849,0,0,0,0,0,0,0,0,0
303722,-0.16,-202,2818,0,0,0,0,0,0,0,0,0
303771,-0.24,-178,2799,0,0,0,0,0,0,0,0,0
303820,-0.14,-126,3302,0,0,0,0,0,0,0,0,0
303869,-0.16,26,3931,0,0,0,0,0,0,0,0,0
303918,-0.24,257,3431,0,0,0,0,0,0,0,0,0
303967,-0.24,392,2941,0,0,0,0,0,0,0,0,0
304016,-0.30,336,2766,0,0,0,0,0,0,0,0,0
304065,-0.24,170,2896,0,0,0,0,0,0,0,0,0
304114,-0.27,23,3069,0,0,0,0,0,0,0,0,0
304163,-0.26,-46,3003,0,0,0,0,0,0,0,0,0
304212,-0.22,-71,2867,0,0,0,0,0,0,0,0,0
304261,-0.31,-97,2795,0,0,0,0,0,0,0,0,0
304310,-0.25,-135,2765,0,0,0,0,0,0,0,0,0
304359,-0.24,-172,2800,0,0,0,0,0,0,0,0,0
304408,-0.24,-191,2815,0,0,0,0,0,0,0,0,0
304457,-0.23,-172,3083,0,0,0,0,0,0,0,0,0
304506,-0.22,-70,3641,0,0,0,0,0,0,0,0,0
304555,-0.20,121,3568,0,0,0,0,0,0,0,0,0
304604,-0.16,289,3135,0,0,0,0,0,0,0,0,0
304653,-0.22,312,2783,0,0,0,0,0,0,0,0,0
304702,-0.16,193,2786,0,0,0,0,0,0,0,0,0
304751,-0.22,43,3013,0,0,0,0,0,0,0,0,0
304800,-0.25,-40,3105,0,0,0,0,0,0,0,0,0
304849,-0.31,-59,2939,0,0,0,0,0,0,0,0,0
304898,-0.21,-69,2819,0,0,0,0,0,0,0,0,0
304947,-0.17,-99,2822,0,0,0,0,0,0,0,0,0
304996,-0.17,-135,2801,0,0,0,0,0,0,0,0,0
305045,-0.28,-160,2832,0,0,0,0,0,0,0,0,0
305094,-0.31,-149,3136,0,0,0,0,0,0,0,0,0
305143,-0.16,-38,3823,0,0,0,0,0,0,0,0,0
305192,-0.25,184,3709,0,0,0,0,0,0,0,0,0
305241,-0.18,374,3135,0,0,0,0,0,0,0,0,0
305290,-0.14,387,2831,0,0,0,0,0,0,0,0,0
305339,-0.21,247,2880,0,0,0,0,0,0,0,0,0
305388,-0.27,82,3070,0,0,0,0,0,0,0,0,0
305437,-0.26,-13,3119,0,0,0,0,0,0,0,0,0
305486,-0.25,-44,2995,0,0,0,0,0,0,0,0,0
305535,-0.25,-58,2903,0,0,0,0,0,0,0,0,0
305584,-0.24,-84,2855,0,0,0,0,0,0,0,0,0
305633,-0.21,-118,2869,0,0,0,0,0,0,0,0,0
305682,-0.21,-141,2949,0,0,0,0,0,0,0,0,0
305731,-0.20,-102,3482,0,0,0,0,0,0,0,0,0
305780,-0.24,65,4091,0,0,0,0,0,0,0,0,0
305829,-0.18,319,3647,0,0,0,0,0,0,0,0,0
305878,-0.16,476,3120,0,0,0,0,0,0,0,0,0
305927,-0.18,428,2883,0,0,0,0,0,0,0,0,0
305976,-0.20,251,3030,0,0,0,0,0,0,0,0,0
306025,-0.20,83,3173,0,0,0,0,0,0,0,0,0
306074,-0.23,-6,3153,0,0,0,0,0,0,0,0,0
306123,-0.30,-42,3005,0,0,0,0,0,0,0,0,0
306172,-0.16,-72,2929,0,0,0,0,0,0,0,0,0
306221,-0.28,-111,2919,0,0,0,0,0,0,0,0,0
306270,-0.15,-145,2928,0,0,0,0,0,0,0,0,0
306319,-0.30,-158,3034,0,0,0,0,0,0,0,0,0
306368,-0.20,-97,3701,0,0,0,0,0,0,0,0,0
306417,-0.14,95,4095,0,0,0,0,0,0,0,0,0
306466,-0.25,341,3559,0,0,0,0,0,0,0,0,0
306515,-0.16,453,3039,0,0,0,0,0,0,0,0,0
306564,-0.20,361,2914,0,0,0,0,0,0,0,0,0
306613,-0.24,171,3071,0,0,0,0,0,0,0,0,0
306662,-0.21,20,3255,0,0,0,0,0,0,0,0,0
306711,-0.19,-45,3131,0,0,0,0,0,0,0,0,0
306760,-0.24,-71,2992,0,0,0,0,0,0,0,0,0
306809,-0.25,-104,2925,0,0,0,0,0,0,0,0,0
306858,-0.21,-147,2925,0,0,0,0,0,0,0,0,0
306907,-0.13,-184,2918,0,0,0,0,0,0,0,0,0
306956,-0.16,-198,3043,0,0,0,0,0,0,0,0,0
307005,-0.24,-127,3829,0,0,0,0,0,0,0,0,0
307054,-0.21,84,4095,0,0,0,0,0,0,0,0,0
307103,-0.19,347,3664,0,0,0,0,0,0,0,0,0
307152,-0.18,471,3083,0,0,0,0,0,0,0,0,0
307201,-0.26,386,2960,0,0,0,0,0,0,0,0,0
307250,-0.21,196,3140,0,0,0,0,0,0,0,0,0
307299,-0.18,40,3253,0,0,0,0,0,0,0,0,0
307348,-0.19,-37,3157,0,0,0,0,0,0,0,0,0
307397,-0.14,-75,3030,0,0,0,0,0,0,0,0,0
307446,-0.28,-115,2960,0,0,0,0,0,0,0,0,0
307495,-0.26,-159,2960,0,0,0,0,0,0,0,0,0
307544,-0.17,-194,2958,0,0,0,0,0,0,0,0,0
307593,-0.25,-203,3088,0,0,0,0,0,0,0,0,0
307642,-0.19,-113,4095,0,0,0,0,0,0,0,0,0
307691,-0.23,129,4095,0,0,0,0,0,0,0,0,0
307740,-0.23,395,3618,0,0,0,0,0,0,0,0,0
307789,-0.21,486,3035,0,0,0,0,0,0,0,0,0
307838,-0.23,360,2919,0,0,0,0,0,0,0,0,0
307887,-0.31,140,3137,0,0,0,0,0,0,0,0,0
307936,-0.18,-26,3238,0,0,0,0,0,0,0,0,0
307985,-0.31,-107,3071,0,0,0,0,0,0,0,0,0
308034,-0.18,-157,2895,0,0,0,0,0,0,0,0,0
308083,-0.18,-212,2870,0,0,0,0,0,0,0,0,0
308132,-0.24,-265,2874,0,0,0,0,0,0,0,0,0
308181,-0.21,-299,2855,0,0,0,0,0,0,0,0,0
308230,-0.21,-311,2875,0,0,0,0,0,0,0,0,0
308279,-0.29,-271,3408,0,0,0,0,0,0,0,0,0
308328,-0.22,-102,4095,0,0,0,0,0,0,0,0,0
308377,-0.21,193,4095,0,0,0,0,0,0,0,0,0
308426,-0.30,447,3361,0,0,0,0,0,0,0,0,0
308475,-0.32,483,2963,0,0,0,0,0,0,0,0,0
308524,-0.21,314,2948,0,0,0,0,0,0,0,0,0
308573,-0.26,98,3206,0,0,0,0,0,0,0,0,0
308622,-0.27,-43,3193,0,0,0,0,0,0,0,0,0
308671,-0.27,-113,2992,0,0,0,0,0,0,0,0,0
308720,-0.28,-168,2854,0,0,0,0,0,0,0,0,0
308769,-0.26,-232,2819,0,0,0,0,0,0,0,0,0
308818,-0.20,-287,2859,0,0,0,0,0,0,0,0,0
308867,-0.22,-316,2861,0,0,0,0,0,0,0,0,0
308916,-0.21,-319,2869,0,0,0,0,0,0,0,0,0
308965,-0.24,-305,2841,0,0,0,0,0,0,0,0,0
309014,-0.26,-266,3173,0,0,0,0,0,0,0,0,0
309063,-0.30,-123,4095,0,0,0,0,0,0,0,0,0
309112,-0.19,163,4095,0,0,0,0,0,0,0,0,0
309161,-0.17,441,3491,0,0,0,0,0,0,0,0,0
309210,-0.24,515,2973,0,0,0,0,0,0,0,0,0
309259,-0.27,365,2853,0,0,0,0,0,0,0,0,0
309308,-0.17,125,2993,0,0,0,0,0,0,0,0,0
309357,-0.19,-64,3092,0,0,0,0,0,0,0,0,0
309406,-0.21,-163,2995,0,0,0,0,0,0,0,0,0
309455,-0.24,-213,2825,0,0,0,0,0,0,0,0,0
309504,-0.24,-259,2762,0,0,0,0,0,0,0,0,0
309553,-0.24,-304,2768,0,0,0,0,0,0,0,0,0
309602,-0.21,-331,2815,0,0,0,0,0,0,0,0,0
309651,-0.21,-332,2806,0,0,0,0,0,0,0,0,0
309700,-0.26,-318,2750,0,0,0,0,0,0,0,0,0
309749,-0.29,-304,2775,0,0,0,0,0,0,0,0,0
309798,-0.34,-291,2754,0,0,0,0,0,0,0,0,0
309847,-0.20,-246,3237,0,0,0,0,0,0,0,0,0
309896,-0.25,-82,4095,0,0,0,0,0,0,0,0,0
309945,-0.24,203,3731,0,0,0,0,0,0,0,0,0
309994,-0.21,413,3023,0,0,0,0,0,0,0,0,0
310043,-0.18,393,2782,0,0,0,0,0,0,0,0,0
310092,-0.19,206,2789,0,0,0,0,0,0,0,0,0
310141,-0.25,1,2978,0,0,0,0,0,0,0,0,0
310190,-0.29,-121,3036,0,0,0,0,0,0,0,0,0
310239,-0.25,-168,2817,0,0,0,0,0,0,0,0,0
310288,-0.23,-200,2721,0,0,0,0,0,0,0,0,0
310337,-0.24,-243,2705,0,0,0,0,0,0,0,0,0
310386,-0.22,-278,2747,0,0,0,0,0,0,0,0,0
310435,-0.20,-289,2773,0,0,0,0,0,0,0,0,0
310484,-0.21,-278,2767,0,0,0,0,0,0,0,0,0
310533,-0.21,-257,2742,0,0,0,0,0,0,0,0,0
310582,-0.21,-239,2721,0,0,0,0,0,0,0,0,0
310631,-0.13,-230,2714,0,0,0,0,0,0,0,0,0
310680,-0.19,-213,2882,0,0,0,0,0,0,0,0,0
310729,-0.26,-138,3414,0,0,0,0,0,0,0,0,0
310778,-0.28,37,3687,0,0,0,0,0,0,0,0,0
310827,-0.13,239,3201,0,0,0,0,0,0,0,0,0
310876,-0.30,321,2867,0,0,0,0,0,0,0,0,0
310925,-0.22,246,2779,0,0,0,0,0,0,0,0,0
310974,-0.17,102,2875,0,0,0,0,0,0,0,0,0
311023,-0.20,-12,3009,0,0,0,0,0,0,0,0,0
311072,-0.26,-63,2949,0,0,0,0,0,0,0,0,0
311121,-0.16,-80,2849,0,0,0,0,0,0,0,0,0
311170,-0.19,-98,2767,0,0,0,0,0,0,0,0,0
311219,-0.23,-128,2770,0,0,0,0,0,0,0,0,0
311268,-0.31,-153,2836,0,0,0,0,0,0,0,0,0
311317,-0.22,-156,2854,0,0,0,0,0,0,0,0,0
311366,-0.20,-140,2844,0,0,0,0,0,0,0,0,0
311415,-0.26,-121,2816,0,0,0,0,0,0,0,0,0
311464,-0.27,-107,2854,0,0,0,0,0,0,0,0,0
311513,-0.27,-69,3237,0,0,0,0,0,0,0,0,0
311562,-0.28,45,3619,0,0,0,0,0,0,0,0,0
311611,-0.19,214,3333,0,0,0,0,0,0,0,0,0
311660,-0.19,314,2957,0,0,0,0,0,0,0,0,0
311709,-0.21,275,2814,0,0,0,0,0,0,0,0,0
311758,-0.28,151,2911,0,0,0,0,0,0,0,0,0
311807,-0.23,39,3030,0,0,0,0,0,0,0,0,0
311856,-0.26,-11,3046,0,0,0,0,0,0,0,0,0
311905,-0.16,-20,2947,0,0,0,0,0,0,0,0,0
311954,-0.22,-28,2864,0,0,0,0,0,0,0,0,0
312003,-0.24,-55,2813,0,0,0,0,0,0,0,0,0
312052,-0.27,-88,2869,0,0,0,0,0,0,0,0,0
312101,-0.24,-107,2893,0,0,0,0,0,0,0,0,0
312150,-0.17,-105,2903,0,0,0,0,0,0,0,0,0
312199,-0.21,-75,3158,0,0,0,0,0,0,0,0,0
312248,-0.26,18,3566,0,0,0,0,0,0,0,0,0
312297,-0.31,170,3440,0,0,0,0,0,0,0,0,0
312346,-0.24,286,3085,0,0,0,0,0,0,0,0,0
312395,-0.23,282,2891,0,0,0,0,0,0,0,0,0
312444,-0.23,185,2960,0,0,0,0,0,0,0,0,0
312493,-0.26,83,3125,0,0,0,0,0,0,0,0,0
312542,-0.28,35,3122,0,0,0,0,0,0,0,0,0
312591,-0.28,18,2946,0,0,0,0,0,0,0,0,0
312640,-0.18,-7,2896,0,0,0,0,0,0,0,0,0
312689,-0.26,-51,2843,0,0,0,0,0,0,0,0,0
312738,-0.24,-93,2922,0,0,0,0,0,0,0,0,0
312787,-0.25,-111,2970,0,0,0,0,0,0,0,0,0
312836,-0.23,-91,3105,0,0,0,0,0,0,0,0,0
312885,-0.19,-1,3718,0,0,0,0,0,0,0,0,0
312934,-0.25,186,3838,0,0,0,0,0,0,0,0,0
312983,-0.28,378,3351,0,0,0,0,0,0,0,0,0
313032,-0.20,436,3056,0,0,0,0,0,0,0,0,0
313081,-0.24,341,2963,0,0,0,0,0,0,0,0,0
313130,-0.21,188,3105,0,0,0,0,0,0,0,0,0
313179,-0.28,66,3124,0,0,0,0,0,0,0,0,0
313228,-0.19,-2,3039,0,0,0,0,0,0,0,0,0
313277,-0.27,-52,2881,0,0,0,0,0,0,0,0,0
313326,-0.26,-108,2835,0,0,0,0,0,0,0,0,0
313375,-0.32,-161,2883,0,0,0,0,0,0,0,0,0
313424,-0.20,-190,2922,0,0,0,0,0,0,0,0,0
313473,-0.31,-174,3145,0,0,0,0,0,0,0,0,0
313522,-0.28,-59,3951,0,0,0,0,0,0,0,0,0
313571,-0.21,184,3970,0,0,0,0,0,0,0,0,0
313620,-0.28,423,3412,0,0,0,0,0,0,0,0,0
313669,-0.33,491,3071,0,0,0,0,0,0,0,0,0
313718,-0.34,378,2983,0,0,0,0,0,0,0,0,0
313767,-0.26,189,3037,0,0,0,0,0,0,0,0,0
313816,-0.28,27,3104,0,0,0,0,0,0,0,0,0
313865,-0.28,-72,2978,0,0,0,0,0,0,0,0,0
313914,-0.24,-137,2896,0,0,0,0,0,0,0,0,0
313963,-0.28,-189,2859,0,0,0,0,0,0,0,0,0
314012,-0.29,-226,2875,0,0,0,0,0,0,0,0,0
314061,-0.29,-242,2887,0,0,0,0,0,0,0,0,0
314110,-0.21,-232,2997,0,0,0,0,0,0,0,0,0
314159,-0.28,-148,3722,0,0,0,0,0,0,0,0,0
314208,-0.21,68,4095,0,0,0,0,0,0,0,0,0
314257,-0.25,339,3629,0,0,0,0,0,0,0,0,0
314306,-0.31,480,3152,0,0,0,0,0,0,0,0,0
314355,-0.31,415,2950,0,0,0,0,0,0,0,0,0
314404,-0.27,226,2964,0,0,0,0,0,0,0,0,0
314453,-0.24,32,3018,0,0,0,0,0,0,0,0,0
314502,-0.22,-105,2949,0,0,0,0,0,0,0,0,0
314551,-0.22,-188,2875,0,0,0,0,0,0,0,0,0
314600,-0.26,-243,2800,0,0,0,0,0,0,0,0,0
314649,-0.18,-280,2821,0,0,0,0,0,0,0,0,0
314698,-0.19,-297,2820,0,0,0,0,0,0,0,0,0
314747,-0.28,-294,2831,0,0,0,0,0,0,0,0,0
314796,-0.24,-280,2813,0,0,0,0,0,0,0,0,0
314845,-0.37,-266,2771,0,0,0,0,0,0,0,0,0
314894,-0.25,-243,2992,0,0,0,0,0,0,0,0,0
314943,-0.28,-125,4049,0,0,0,0,0,0,0,0,0
314992,-0.24,152,4095,0,0,0,0,0,0,0,0,0
315041,-0.28,442,3439,0,0,0,0,0,0,0,0,0
315090,-0.27,535,3009,0,0,0,0,0,0,0,0,0
315139,-0.24,408,2886,0,0,0,0,0,0,0,0,0
315188,-0.31,190,3024,0,0,0,0,0,0,0,0,0
315237,-0.19,13,3091,0,0,0,0,0,0,0,0,0
315286,-0.22,-86,2967,0,0,0,0,0,0,0,0,0
315335,-0.32,-146,2835,0,0,0,0,0,0,0,0,0
315384,-0.25,-201,2759,0,0,0,0,0,0,0,0,0
315433,-0.29,-251,2800,0,0,0,0,0,0,0,0,0
315482,-0.23,-278,2834,0,0,0,0,0,0,0,0,0
315531,-0.22,-279,2821,0,0,0,0,0,0,0,0,0
315580,-0.22,-265,2811,0,0,0,0,0,0,0,0,0
315629,-0.25,-251,2758,0,0,0,0,0,0,0,0,0
315678,-0.24,-232,2930,0,0,0,0,0,0,0,0,0
315727,-0.27,-132,3872,0,0,0,0,0,0,0,0,0
315776,-0.19,120,4095,0,0,0,0,0,0,0,0,0
315825,-0.16,404,3408,0,0,0,0,0,0,0,0,0
315874,-0.21,505,2959,0,0,0,0,0,0,0,0,0
315923,-0.27,388,2851,0,0,0,0,0,0,0,0,0
315972,-0.20,182,3030,0,0,0,0,0,0,0,0,0
316021,-0.28,20,3115,0,0,0,0,0,0,0,0,0
316070,-0.26,-63,2987,0,0,0,0,0,0,0,0,0
316119,-0.23,-112,2849,0,0,0,0,0,0,0,0,0
316168,-0.28,-161,2786,0,0,0,0,0,0,0,0,0
316217,-0.32,-210,2805,0,0,0,0,0,0,0,0,0
316266,-0.29,-240,2848,0,0,0,0,0,0,0,0,0
316315,-0.25,-240,2902,0,0,0,0,0,0,0,0,0
316364,-0.17,-216,2861,0,0,0,0,0,0,0,0,0
316413,-0.27,-185,2927,0,0,0,0,0,0,0,0,0
316462,-0.26,-106,3627,0,0,0,0,0,0,0,0,0
316511,-0.17,96,4095,0,0,0,0,0,0,0,0,0
316560,-0.23,358,3539,0,0,0,0,0,0,0,0,0
316609,-0.21,486,3014,0,0,0,0,0,0,0,0,0
316658,-0.29,402,2875,0,0,0,0,0,0,0,0,0
316707,-0.31,210,3001,0,0,0,0,0,0,0,0,0
316756,-0.24,44,3147,0,0,0,0,0,0,0,0,0
316805,-0.30,-45,3025,0,0,0,0,0,0,0,0,0
316854,-0.19,-95,2858,0,0,0,0,0,0,0,0,0
316903,-0.25,-147,2797,0,0,0,0,0,0,0,0,0
316952,-0.23,-199,2835,0,0,0,0,0,0,0,0,0
317001,-0.21,-231,2842,0,0,0,0,0,0,0,0,0
317050,-0.30,-238,2877,0,0,0,0,0,0,0,0,0
317099,-0.27,-226,2830,0,0,0,0,0,0,0,0,0
317148,-0.27,-205,2918,0,0,0,0,0,0,0,0,0
317197,-0.20,-127,3639,0,0,0,0,0,0,0,0,0
317246,-0.23,81,4095,0,0,0,0,0,0,0,0,0
317295,-0.22,349,3536,0,0,0,0,0,0,0,0,0
317344,-0.27,485,3099,0,0,0,0,0,0,0,0,0
317393,-0.21,416,2905,0,0,0,0,0,0,0,0,0
317442,-0.19,230,2970,0,0,0,0,0,0,0,0,0
317491,-0.24,50,3048,0,0,0,0,0,0,0,0,0
317540,-0.28,-66,2975,0,0,0,0,0,0,0,0,0
317589,-0.27,-133,2882,0,0,0,0,0,0,0,0,0
317638,-0.28,-181,2803,0,0,0,0,0,0,0,0,0
317687,-0.24,-221,2799,0,0,0,0,0,0,0,0,0
317736,-0.25,-247,2827,0,0,0,0,0,0,0,0,0
317785,-0.23,-251,2864,0,0,0,0,0,0,0,0,0
317834,-0.20,-237,2831,0,0,0,0,0,0,0,0,0
317883,-0.27,-217,2832,0,0,0,0,0,0,0,0,0
317932,-0.23,-192,2949,0,0,0,0,0,0,0,0,0
317981,-0.32,-106,3667,0,0,0,0,0,0,0,0,0
318030,-0.25,109,4095,0,0,0,0,0,0,0,0,0
318079,-0.29,374,3494,0,0,0,0,0,0,0,0,0
318128,-0.23,497,3069,0,0,0,0,0,0,0,0,0
318177,-0.21,417,2923,0,0,0,0,0,0,0,0,0
318226,-0.23,233,2997,0,0,0,0,0,0,0,0,0
318275,-0.26,62,3066,0,0,0,0,0,0,0,0,0
318324,-0.23,-42,3029,0,0,0,0,0,0,0,0,0
318373,-0.20,-100,2913,0,0,0,0,0,0,0,0,0
318422,-0.26,-142,2837,0,0,0,0,0,0,0,0,0
318471,-0.33,-182,2823,0,0,0,0,0,0,0,0,0
318520,-0.24,-211,2864,0,0,0,0,0,0,0,0,0
318569,-0.34,-221,2839,0,0,0,0,0,0,0,0,0
318618,-0.25,-216,2870,0,0,0,0,0,0,0,0,0
318667,-0.34,-205,2814,0,0,0,0,0,0,0,0,0
318716,-0.21,-198,2795,0,0,0,0,0,0,0,0,0
318765,-0.22,-179,3090,0,0,0,0,0,0,0,0,0
318814,-0.30,-65,3913,0,0,0,0,0,0,0,0,0
318863,-0.19,177,3876,0,0,0,0,0,0,0,0,0
318912,-0.28,407,3261,0,0,0,0,0,0,0,0,0
318961,-0.22,460,3024,0,0,0,0,0,0,0,0,0
319010,-0.19,344,2942,0,0,0,0,0,0,0,0,0
319059,-0.28,171,3038,0,0,0,0,0,0,0,0,0
319108,-0.27,34,3103,0,0,0,0,0,0,0,0,0
319157,-0.23,-40,3013,0,0,0,0,0,0,0,0,0
319206,-0.27,-83,2906,0,0,0,0,0,0,0,0,0
319255,-0.22,-125,2831,0,0,0,0,0,0,0,0,0
319304,-0.24,-166,2866,0,0,0,0,0,0,0,0,0
319353,-0.33,-193,2885,0,0,0,0,0,0,0,0,0
319402,-0.25,-197,2887,0,0,0,0,0,0,0,0,0
319451,-0.26,-188,2883,0,0,0,0,0,0,0,0,0
319500,-0.23,-171,2896,0,0,0,0,0,0,0,0,0
319549,-0.23,-154,2874,0,0,0,0,0,0,0,0,0
319598,-0.21,-104,3433,0,0,0,0,0,0,0,0,0
319647,-0.17,55,4019,0,0,0,0,0,0,0,0,0
319696,-0.14,294,3530,0,0,0,0,0,0,0,0,0
319745,-0.21,434,3086,0,0,0,0,0,0,0,0,0
319794,-0.18,384,2911,0,0,0,0,0,0,0,0,0
319843,-0.24,223,3007,0,0,0,0,0,0,0,0,0
319892,-0.27,70,3125,0,0,0,0,0,0,0,0,0
319941,-0.25,-15,3103,0,0,0,0,0,0,0,0,0
319990,-0.28,-53,2973,0,0,0,0,0,0,0,0,0
320039,-0.16,-83,2925,0,0,0,0,0,0,0,0,0
320088,-0.26,-116,2897,0,0,0,0,0,0,0,0,0
320137,-0.32,-144,2935,0,0,0,0,0,0,0,0,0
320186,-0.19,-155,2943,0,0,0,0,0,0,0,0,0
320235,-0.29,-152,2923,0,0,0,0,0,0,0,0,0
320284,-0.25,-143,2926,0,0,0,0,0,0,0,0,0
320333,-0.26,-111,3248,0,0,0,0,0,0,0,0,0
320382,-0.24,2,3855,0,0,0,0,0,0,0,0,0
320431,-0.26,200,3632,0,0,0,0,0,0,0,0,0
320480,-0.30,350,3169,0,0,0,0,0,0,0,0,0
320529,-0.30,343,2907,0,0,0,0,0,0,0,0,0
320578,-0.22,210,2970,0,0,0,0,0,0,0,0,0
320627,-0.21,67,3170,0,0,0,0,0,0,0,0,0
320676,-0.23,-9,3185,0,0,0,0,0,0,0,0,0
320725,-0.26,-31,3022,0,0,0,0,0,0,0,0,0
320774,-0.23,-54,2906,0,0,0,0,0,0,0,0,0
320823,-0.30,-99,2864,0,0,0,0,0,0,0,0,0
320872,3.09,-151,2861,0,0,0,0,0,0,0,0,0
320921,1.09,-185,2938,0,0,0,0,0,0,0,0,0
320970,3.53,-192,2918,0,0,0,0,0,0,0,0,0
321020,10.94,-173,3009,0,0,0,0,0,0,0,0,0
321069,15.47,-98,3598,0,0,0,0,0,0,0,0,0
321118,14.25,86,3984,0,0,0,0,0,0,0,0,0
321167,16.08,316,3521,0,0,0,0,0,0,0,0,0
321216,16.51,432,3117,0,0,0,0,0,0,0,0,0
321265,16.24,369,2977,0,0,0,0,0,0,0,0,0
321314,19.47,209,3045,0,0,0,0,0,0,0,0,0
321363,22.95,60,3136,0,0,0,0,0,0,0,0,0
321412,22.17,-26,3138,0,0,0,0,0,0,0,0,0
321461,20.69,-65,3009,0,0,0,0,0,0,0,0,0
321510,19.13,-91,2975,0,0,0,0,0,0,0,0,0
321559,20.16,-118,2935,0,0,0,0,0,0,0,0,0
321608,24.77,-140,2987,0,0,0,0,0,0,0,0,0
321657,24.44,-146,3005,0,0,0,0,0,0,0,0,0
321706,23.21,-141,2941,0,0,0,0,0,0,0,0,0
321755,21.64,-129,3084,0,0,0,0,0,0,0,0,0
321804,23.51,-52,3827,0,0,0,0,0,0,0,0,0
321853,27.79,150,4076,0,0,0,0,0,0,0,0,0
321902,26.94,384,3486,0,0,0,0,0,0,0,0,0
321951,25.83,470,3104,0,0,0,0,0,0,0,0,0
322000,24.68,370,2999,0,0,0,0,0,0,0,0,0
322049,24.59,189,3101,0,0,0,0,0,0,0,0,0
322098,29.06,37,3190,0,0,0,0,0,0,0,0,0
322147,30.57,-42,3157,0,0,0,0,0,0,0,0,0
322196,30.42,-80,3006,0,0,0,0,0,0,0,0,0
322245,29.17,-117,2898,0,0,0,0,0,0,0,0,0
322294,28.70,-165,2899,0,0,0,0,0,0,0,0,0
322343,27.93,-204,2950,0,0,0,0,0,0,0,0,0
322392,31.01,-218,2957,0,0,0,0,0,0,0,0,0
322441,33.91,-211,2943,0,0,0,0,0,0,0,0,0
322490,35.96,-192,3017,0,0,0,0,0,0,0,0,0
322539,35.30,-125,3599,0,0,0,0,0,0,0,0,0
322588,35.15,56,4095,0,0,0,0,0,0,0,0,0
322637,34.26,298,3568,0,0,0,0,0,0,0,0,0
322686,34.14,423,3095,0,0,0,0,0,0,0,0,0
322735,33.56,353,2935,0,0,0,0,0,0,0,0,0
322784,34.89,176,3039,0,0,0,0,0,0,0,0,0
322833,37.56,18,3178,0,0,0,0,0,0,0,0,0
322882,40.65,-64,3120,0,0,0,0,0,0,0,0,0
322931,40.96,-101,2999,0,0,0,0,0,0,0,0,0
322980,41.23,-132,2915,0,0,0,0,0,0,0,0,0
323029,40.94,-172,2879,0,0,0,0,0,0,0,0,0
323078,40.73,-210,2880,0,0,0,0,0,0,0,0,0
323127,40.67,-234,2910,0,0,0,0,0,0,0,0,0
323176,40.91,-233,2960,0,0,0,0,0,0,0,0,0
323225,41.24,-207,3023,0,0,0,0,0,0,0,0,0
323274,41.16,-129,3568,0,0,0,0,0,0,0,0,0
323323,41.87,54,4026,0,0,0,0,0,0,0,0,0
323372,42.47,286,3500,0,0,0,0,0,0,0,0,0
323421,45.01,398,3058,0,0,0,0,0,0,0,0,0
323470,46.94,321,2909,0,0,0,0,0,0,0,0,0
323519,48.17,146,3002,0,0,0,0,0,0,0,0,0
323568,50.65,-8,3118,0,0,0,0,0,0,0,0,0
323617,51.15,-93,3059,0,0,0,0,0,0,0,0,0
323666,52.17,-132,2949,0,0,0,0,0,0,0,0,0
323715,52.29,-162,2895,0,0,0,0,0,0,0,0,0
323764,52.00,-192,2874,0,0,0,0,0,0,0,0,0
323813,52.23,-215,2912,0,0,0,0,0,0,0,0,0
323862,52.45,-220,2931,0,0,0,0,0,0,0,0,0
323911,52.75,-208,2928,0,0,0,0,0,0,0,0,0
323960,53.17,-170,3216,0,0,0,0,0,0,0,0,0
324009,53.45,-54,3821,0,0,0,0,0,0,0,0,0
324058,54.01,143,3583,0,0,0,0,0,0,0,0,0
324107,54.66,292,3147,0,0,0,0,0,0,0,0,0
324156,55.06,287,2896,0,0,0,0,0,0,0,0,0
324205,56.08,157,2907,0,0,0,0,0,0,0,0,0
324254,56.72,7,3061,0,0,0,0,0,0,0,0,0
324303,57.26,-83,3071,0,0,0,0,0,0,0,0,0
324352,58.37,-120,2966,0,0,0,0,0,0,0,0,0
324401,59.20,-141,2864,0,0,0,0,0,0,0,0,0
324450,60.06,-170,2859,0,0,0,0,0,0,0,0,0
324499,61.24,-197,2869,0,0,0,0,0,0,0,0,0
324548,63.17,-210,2871,0,0,0,0,0,0,0,0,0
324597,64.41,-206,2943,0,0,0,0,0,0,0,0,0
324646,65.51,-152,3420,0,0,0,0,0,0,0,0,0
324695,67.32,0,3798,0,0,0,0,0,0,0,0,0
324744,68.30,200,3350,0,0,0,0,0,0,0,0,0
324793,68.62,297,2983,0,0,0,0,0,0,0,0,0
324842,69.53,234,2832,0,0,0,0,0,0,0,0,0
324891,69.77,82,2880,0,0,0,0,0,0,0,0,0
324940,69.10,-55,3026,0,0,0,0,0,0,0,0,0
324989,67.87,-125,3015,0,0,0,0,0,0,0,0,0
325038,66.82,-143,2944,0,0,0,0,0,0,0,0,0
325087,67.22,-149,2863,0,0,0,0,0,0,0,0,0
325136,68.73,-162,2829,0,0,0,0,0,0,0,0,0
325185,70.24,-180,2867,0,0,0,0,0,0,0,0,0
325234,72.05,-188,2864,0,0,0,0,0,0,0,0,0
325283,74.70,-183,2902,0,0,0,0,0,0,0,0,0
325332,76.97,-153,3111,0,0,0,0,0,0,0,0,0
325381,78.58,-39,3888,0,0,0,0,0,0,0,0,0
325430,76.70,189,3913,0,0,0,0,0,0,0,0,0
325479,73.82,406,3265,0,0,0,0,0,0,0,0,0
325528,73.95,445,2923,0,0,0,0,0,0,0,0,0
325577,76.10,305,2861,0,0,0,0,0,0,0,0,0
325626,78.35,108,2981,0,0,0,0,0,0,0,0,0
325675,80.96,-36,3088,0,0,0,0,0,0,0,0,0
325724,83.43,-99,3039,0,0,0,0,0,0,0,0,0
325773,81.65,-115,2959,0,0,0,0,0,0,0,0,0
325822,78.07,-126,2864,0,0,0,0,0,0,0,0,0
325871,79.70,-150,2844,0,0,0,0,0,0,0,0,0
325920,81.59,-175,2880,0,0,0,0,0,0,0,0,0
325969,83.85,-183,2917,0,0,0,0,0,0,0,0,0
326018,87.52,-173,2926,0,0,0,0,0,0,0,0,0
326067,89.65,-154,2895,0,0,0,0,0,0,0,0,0
326116,86.74,-125,3115,0,0,0,0,0,0,0,0,0
326165,84.95,-19,3903,0,0,0,0,0,0,0,0,0
326214,86.95,208,3981,0,0,0,0,0,0,0,0,0
326263,89.62,439,3397,0,0,0,0,0,0,0,0,0
326312,92.59,500,3019,0,0,0,0,0,0,0,0,0
326361,91.65,372,2864,0,0,0,0,0,0,0,0,0
326410,87.85,162,2945,0,0,0,0,0,0,0,0,0
326459,89.63,-16,3034,0,0,0,0,0,0,0,0,0
326508,91.98,-114,3023,0,0,0,0,0,0,0,0,0
326557,95.49,-149,2992,0,0,0,0,0,0,0,0,0
326606,94.35,-154,2930,0,0,0,0,0,0,0,0,0
326655,90.60,-153,2963,0,0,0,0,0,0,0,0,0
326704,93.26,-146,2962,0,0,0,0,0,0,0,0,0
326753,96.49,-135,2967,0,0,0,0,0,0,0,0,0
326802,100.29,-125,2933,0,0,0,0,0,0,0,0,0
326852,100.10,-119,2944,0,0,0,0,0,0,0,0,0
326902,98.91,-108,3053,0,0,0,0,0,0,0,0,0
326951,96.86,-52,3500,0,0,0,0,0,0,0,0,0
327000,99.04,81,3677,0,0,0,0,0,0,0,0,0
327049,102.13,239,3383,0,0,0,0,0,0,0,0,0
327099,104.55,314,3129,0,0,0,0,0,0,0,0,0
327149,105.58,270,3019,0,0,0,0,0,0,0,0,0
327199,104.02,156,3024,0,0,0,0,0,0,0,0,0
327249,101.51,37,2993,0,0,0,0,0,0,0,0,0
327299,100.83,-52,2999,0,0,0,0,0,0,0,0,0
327349,102.59,-105,3010,0,0,0,0,0,0,0,0,0
327399,104.91,-121,3056,0,0,0,0,0,0,0,0,0
327449,107.10,-107,3098,0,0,0,0,0,0,0,0,0
327499,109.94,-73,3114,0,0,0,0,0,0,0,0,0
327549,112.82,-38,3095,0,0,0,0,0,0,0,0,0
327599,111.53,-13,3091,0,0,0,0,0,0,0,0,0
327649,108.70,-1,3102,0,0,0,0,0,0,0,0,0
327699,110.02,10,3202,0,0,0,0,0,0,0,0,0
327749,112.19,35,3243,0,0,0,0,0,0,0,0,0
327799,114.77,68,3216,0,0,0,0,0,0,0,0,0
327849,117.41,90,3171,0,0,0,0,0,0,0,0,0
327899,119.07,89,3129,0,0,0,0,0,0,0,0,0
327949,116.94,71,3152,0,0,0,0,0,0,0,0,0
327999,114.64,49,3135,0,0,0,0,0,0,0,0,0
328049,116.51,31,3153,0,0,0,0,0,0,0,0,0
328099,118.93,20,3120,0,0,0,0,0,0,0,0,0
328149,121.91,10,3114,0,0,0,0,0,0,0,0,0
328199,125.36,2,3121,0,0,0,0,0,0,0,0,0
328249,122.79,-1,3143,0,0,0,0,0,0,0,0,0
328299,119.63,2,3159,0,0,0,0,0,0,0,0,0
328349,121.99,8,3106,0,0,0,0,0,0,0,0,0
328399,125.18,9,3148,0,0,0,0,0,0,0,0,0
328449,128.90,11,3171,0,0,0,0,0,0,0,0,0
328499,126.51,17,3167,0,0,0,0,0,0,0,0,0
328549,124.73,23,3137,0,0,0,0,0,0,0,0,0
328599,127.34,23,3143,0,0,0,0,0,0,0,0,0
328649,131.06,18,3123,0,0,0,0,0,0,0,0,0
328699,132.47,10,3139,0,0,0,0,0,0,0,0,0
328749,128.21,6,3174,0,0,0,0,0,0,0,0,0
328799,130.66,10,3167,0,0,0,0,0,0,0,0,0
328849,134.32,18,3171,0,0,0,0,0,0,0,0,0
328899,138.76,23,3147,0,0,0,0,0,0,0,0,0
328949,135.08,22,3161,0,0,0,0,0,0,0,0,0
328999,133.99,18,3121,0,0,0,0,0,0,0,0,0
329049,137.06,9,3125,0,0,0,0,0,0,0,0,0
329099,141.97,-2,3122,0,0,0,0,0,0,0,0,0
329149,138.83,-13,3088,0,0,0,0,0,0,0,0,0
329199,137.88,-24,3086,0,0,0,0,0,0,0,0,0
329249,141.55,-35,3088,0,0,0,0,0,0,0,0,0
329299,146.08,-44,3066,0,0,0,0,0,0,0,0,0
329349,140.47,-53,3025,0,0,0,0,0,0,0,0,0
329399,142.88,-66,3027,0,0,0,0,0,0,0,0,0
329449,141.14,-76,3046,0,0,0,0,0,0,0,0,0
329499,141.18,-81,2990,0,0,0,0,0,0,0,0,0
329549,141.06,-88,2999,0,0,0,0,0,0,0,0,0
329599,140.43,-92,3026,0,0,0,0,0,0,0,0,0
329649,140.00,-91,2996,0,0,0,0,0,0,0,0,0
329699,139.73,-90,2960,0,0,0,0,0,0,0,0,0
329749,139.57,-95,2978,0,0,0,0,0,0,0,0,0
329799,139.44,-100,2962,0,0,0,0,0,0,0,0,0
329849,139.13,-103,2963,0,0,0,0,0,0,0,0,0
329899,138.74,-103,2967,0,0,0,0,0,0,0,0,0
329949,138.53,-99,2978,0,0,0,0,0,0,0,0,0
329999,138.42,-91,2977,0,0,0,0,0,0,0,0,0
330049,138.16,-81,2986,0,0,0,0,0,0,0,0,0
330099,137.99,-71,2982,0,0,0,0,0,0,0,0,0
330149,137.92,-64,2957,0,0,0,0,0,0,0,0,0
330199,137.75,-62,2962,0,0,0,0,0,0,0,0,0
330249,138.22,-63,2960,0,0,0,0,0,0,0,0,0
330299,138.17,-63,2983,0,0,0,0,0,0,0,0,0
330349,137.65,-59,2981,0,0,0,0,0,0,0,0,0
330399,137.42,-54,2968,0,0,0,0,0,0,0,0,0
330449,137.18,-50,2967,0,0,0,0,0,0,0,0,0
330499,137.18,-48,2961,0,0,0,0,0,0,0,0,0
330549,137.03,-45,2993,0,0,0,0,0,0,0,0,0
330599,136.84,-41,2961,0,0,0,0,0,0,0,0,0
330649,136.67,-38,2964,0,0,0,0,0,0,0,0,0
330699,136.57,-36,3001,0,0,0,0,0,0,0,0,0
330749,136.42,-29,2975,0,0,0,0,0,0,0,0,0
330799,136.34,-23,2976,0,0,0,0,0,0,0,0,0
330849,136.21,-22,2954,0,0,0,0,0,0,0,0,0
330899,136.10,-25,2961,0,0,0,0,0,0,0,0,0
330949,136.08,-27,2992,0,0,0,0,0,0,0,0,0
330999,136.15,-21,3024,0,0,0,0,0,0,0,0,0
331049,136.71,-11,2977,0,0,0,0,0,0,0,0,0
331099,136.56,-6,2974,0,0,0,0,0,0,0,0,0
331149,136.20,-6,2985,0,0,0,0,0,0,0,0,0
331199,136.11,-9,2962,0,0,0,0,0,0,0,0,0
331249,136.00,-12,3005,0,0,0,0,0,0,0,0,0
331299,136.16,-9,3009,0,0,0,0,0,0,0,0,0
331349,135.90,-1,2996,0,0,0,0,0,0,0,0,0
331399,135.79,2,2982,0,0,0,0,0,0,0,0,0
331449,135.70,1,2995,0,0,0,0,0,0,0,0,0
331499,135.62,0,2992,0,0,0,0,0,0,0,0,0
331549,135.47,0,2999,0,0,0,0,0,0,0,0,0
331599,135.28,1,3019,0,0,0,0,0,0,0,0,0
331649,135.40,5,3007,0,0,0,0,0,0,0,0,0
331699,135.20,9,2994,0,0,0,0,0,0,0,0,0
331749,135.34,11,3015,0,0,0,0,0,0,0,0,0
331799,135.69,13,3015,0,0,0,0,0,0,0,0,0
331849,135.70,15,3017,0,0,0,0,0,0,0,0,0
331899,135.29,17,3009,0,0,0,0,0,0,0,0,0
331949,135.10,17,3024,0,0,0,0,0,0,0,0,0
331999,135.14,17,3010,0,0,0,0,0,0,0,0,0
332049,135.13,15,3005,0,0,0,0,0,0,0,0,0
332099,135.08,11,3008,0,0,0,0,0,0,0,0,0
332149,134.93,8,3022,0,0,0,0,0,0,0,0,0
332199,134.91,5,2973,0,0,0,0,0,0,0,0,0
332249,134.76,-1,2974,0,0,0,0,0,0,0,0,0
332299,134.68,-7,3013,0,0,0,0,0,0,0,0,0
332349,134.33,-6,3038,0,0,0,0,0,0,0,0,0
332399,134.26,2,3004,0,0,0,0,0,0,0,0,0
332449,134.16,8,3011,0,0,0,0,0,0,0,0,0
332499,134.47,9,3009,0,0,0,0,0,0,0,0,0
332549,134.14,9,3017,0,0,0,0,0,0,0,0,0
332599,133.80,8,3030,0,0,0,0,0,0,0,0,0
332649,133.60,11,3024,0,0,0,0,0,0,0,0,0
332699,133.60,11,2990,1,0,0,0,0,0,0,0,0
332749,133.50,11,3047,1,0,0,0,0,0,0,0,0
332799,133.18,11,2993,1,0,0,0,0,0,0,0,0
332849,133.10,9,2990,1,0,0,0,0,0,0,0,0
332899,132.98,1,3005,0,0,0,0,0,0,0,0,0
332949,132.77,-5,2973,0,0,0,0,0,0,0,0,0
332999,132.59,-11,3008,0,0,0,0,0,0,0,0,0
333049,132.52,-10,3024,0,0,0,0,0,0,0,0,0
333099,132.52,-3,3029,0,0,0,0,0,0,0,0,0
333149,133.08,6,3014,0,0,0,0,0,0,0,0,0
333199,132.75,9,2997,0,0,0,0,0,0,0,0,0
333249,132.51,7,3011,0,0,0,0,0,0,0,0,0
333299,132.28,5,3031,0,0,0,0,0,0,0,0,0
333349,132.12,5,3005,0,0,0,0,0,0,0,0,0
333399,132.14,6,3022,0,0,0,0,0,0,0,0,0
333449,132.04,6,3011,0,0,0,0,0,0,0,0,0
333499,131.77,6,3012,0,0,0,0,0,0,0,0,0
333549,131.74,5,3031,0,0,0,0,0,0,0,0,0
333599,131.50,7,3012,0,0,0,0,0,0,0,0,0
333649,131.27,9,3027,0,0,0,0,0,0,0,0,0
333699,131.11,9,3008,0,0,0,0,0,0,0,0,0
333749,130.92,7,3008,0,0,0,0,0,0,0,0,0
333799,131.51,4,3014,0,0,0,0,0,0,0,0,0
333849,131.18,3,3027,0,0,0,0,0,0,0,0,0
333899,130.74,6,3023,0,0,0,0,0,0,0,0,0
333949,130.35,8,3024,0,0,0,0,0,0,0,0,0
333999,129.86,9,3025,0,0,0,0,0,0,0,0,0
334049,129.73,10,3022,0,0,0,0,0,0,0,0,0
334099,129.34,7,2991,0,0,0,0,0,0,0,0,0
334149,128.94,1,3011,0,0,0,0,0,0,0,0,0
334199,128.65,-2,3038,0,0,0,0,0,0,0,0,0
334249,128.29,0,3054,0,0,0,0,0,0,0,0,0
334299,127.91,9,3033,0,0,0,0,0,0,0,0,0
334349,127.61,20,3086,0,0,0,0,0,0,0,0,0
334399,127.31,29,3038,0,0,0,0,0,0,0,0,0
334449,127.07,31,3016,0,0,0,0,0,0,0,0,0
334499,127.50,23,3015,0,0,0,0,0,0,0,0,0
334549,127.44,11,3017,0,0,0,0,0,0,0,0,0
334599,126.68,2,3029,0,0,0,0,0,0,0,0,0
334649,126.34,-1,3025,0,0,0,0,0,0,0,0,0
334699,125.96,-1,3036,0,0,0,0,0,0,0,0,0
334749,125.75,1,3034,0,0,0,0,0,0,0,0,0
334799,125.45,2,3007,0,0,0,0,0,0,0,0,0
334849,125.04,1,3035,0,0,0,0,0,0,0,0,0
334899,124.63,3,3049,0,0,0,0,0,0,0,0,0
334949,124.21,10,3088,1,0,0,0,0,0,0,0,0
334999,124.02,21,3056,1,0,0,0,0,0,0,0,0
335049,123.67,27,3026,1,0,0,0,0,0,0,0,0
335099,123.34,26,3052,0,0,0,0,0,0,0,0,0
335149,123.09,19,2992,0,0,0,0,0,0,0,0,0
335199,122.95,7,3024,0,0,0,0,0,0,0,0,0
335249,123.64,-3,2998,0,0,0,0,0,0,0,0,0
335299,123.44,-9,3051,0,0,0,0,0,0,0,0,0
335349,122.93,-6,3051,0,0,0,0,0,0,0,0,0
335399,122.48,0,3023,0,0,0,0,0,0,0,0,0
335449,122.12,1,3031,0,0,0,0,0,0,0,0,0
335499,121.89,2,3041,0,0,0,0,0,0,0,0,0
335549,121.50,5,3042,0,0,0,0,0,0,0,0,0
335599,121.24,6,3021,0,0,0,0,0,0,0,0,0
335649,120.84,5,3041,0,0,0,0,0,0,0,0,0
335699,120.69,5,3056,0,0,0,0,0,0,0,0,0
335749,120.44,9,3057,0,0,0,0,0,0,0,0,0
335799,120.05,17,3071,0,0,0,0,0,0,0,0,0
335849,119.88,21,3002,0,0,0,0,0,0,0,0,0
335899,119.66,16,3045,0,0,0,0,0,0,0,0,0
335949,119.78,10,3056,0,0,0,0,0,0,0,0,0
335999,120.25,8,3040,0,0,0,0,0,0,0,0,0
336049,120.01,7,3051,0,0,0,0,0,0,0,0,0
336099,119.52,11,3102,1,0,0,0,0,0,0,0,0
336149,119.03,23,3122,1,0,0,0,0,0,0,0,0
336199,118.82,37,3065,1,0,0,0,0,0,0,0,0
336249,118.69,35,2956,0,0,0,0,0,0,0,0,0
336299,118.38,12,2992,0,0,0,0,0,0,0,0,0
336349,118.05,-12,3054,0,0,0,0,0,0,0,0,0
336399,117.78,-17,3085,0,0,0,0,0,0,0,0,0
336449,117.50,-6,3081,0,0,0,0,0,0,0,0,0
336499,117.29,8,3047,0,0,0,0,0,0,0,0,0
336549,116.89,13,3037,0,0,0,0,0,0,0,0,0
336599,116.77,10,3029,0,0,0,0,0,0,0,0,0
336649,116.73,4,3056,0,0,0,0,0,0,0,0,0
336699,117.17,5,3101,0,0,0,0,0,0,0,0,0
336749,116.93,14,3067,0,0,0,0,0,0,0,0,0
336799,116.44,21,3062,0,0,0,0,0,0,0,0,0
336849,115.77,21,3050,0,0,0,0,0,0,0,0,0
336899,115.50,18,3059,0,0,0,0,0,0,0,0,0
336949,115.20,13,3056,0,0,0,0,0,0,0,0,0
336999,114.83,9,3070,0,0,0,0,0,0,0,0,0
337049,114.50,10,3092,0,0,0,0,0,0,0,0,0
337099,114.06,17,3110,0,0,0,0,0,0,0,0,0
337149,113.74,33,3185,1,0,0,0,0,0,0,0,0
337199,113.53,58,3175,1,0,0,0,0,0,0,0,0
337249,113.21,76,3071,1,0,0,0,0,0,0,0,0
337299,113.01,71,3056,0,0,0,0,0,0,0,0,0
337349,113.33,45,3035,0,0,0,0,0,0,0,0,0
337399,113.62,18,3085,0,0,0,0,0,0,0,0,0
337449,113.66,4,3120,0,0,0,0,0,0,0,0,0
337499,113.11,6,3095,0,0,0,0,0,0,0,0,0
337549,112.45,14,3120,0,0,0,0,0,0,0,0,0
337599,112.21,25,3130,0,0,0,0,0,0,0,0,0
337649,112.04,38,3153,0,0,0,0,0,0,0,0,0
337699,111.63,51,3165,0,0,0,0,0,0,0,0,0
337749,111.26,64,3190,0,0,0,0,0,0,0,0,0
337799,111.15,77,3184,0,0,0,0,0,0,0,0,0
337849,110.78,86,3199,0,0,0,0,0,0,0,0,0
337899,110.47,90,3198,0,0,0,0,0,0,0,0,0
337949,110.35,90,3187,0,0,0,0,0,0,0,0,0
337999,110.07,87,3211,0,0,0,0,0,0,0,0,0
338049,110.36,86,3216,0,0,0,0,0,0,0,0,0
338099,111.01,84,3186,0,0,0,0,0,0,0,0,0
338149,111.11,78,3186,0,0,0,0,0,0,0,0,0
338199,110.63,67,3183,0,0,0,0,0,0,0,0,0
338249,109.97,64,3281,0,0,0,0,0,0,0,0,0
338299,109.71,82,3394,0,0,0,0,0,0,0,0,0
338349,109.30,124,3391,0,0,0,0,0,0,0,0,0
338399,108.98,174,3475,0,0,0,0,0,0,0,0,0
338449,108.59,221,3490,1,0,0,0,0,0,0,0,0
338499,108.15,259,3506,1,0,0,0,0,0,0,0,0
338549,107.94,271,3367,1,0,0,0,0,0,0,0,0
338599,107.71,240,3243,0,0,0,0,0,0,0,0,0
338649,107.52,177,3316,0,0,0,0,0,0,0,0,0
338699,107.12,121,3343,0,0,0,0,0,0,0,0,0
338749,106.92,90,3358,0,0,0,0,0,0,0,0,0
338799,107.13,76,3285,0,0,0,0,0,0,0,0,0
338849,107.84,59,3249,0,0,0,0,0,0,0,0,0
338899,108.19,35,3246,0,0,0,0,0,0,0,0,0
338949,107.68,14,3257,0,0,0,0,0,0,0,0,0
338999,107.12,11,3439,0,0,0,0,0,0,0,0,0
339049,106.80,49,3553,0,0,0,0,0,0,0,0,0
339099,106.37,116,3509,0,0,0,0,0,0,0,0,0
339149,106.03,172,3453,0,0,0,0,0,0,0,0,0
339199,105.55,190,3404,0,0,0,0,0,0,0,0,0
339249,105.53,173,3376,0,0,0,0,0,0,0,0,0
339299,105.46,138,3386,0,0,0,0,0,0,0,0,0
339349,105.31,106,3413,0,0,0,0,0,0,0,0,0
339399,105.02,83,3376,0,0,0,0,0,0,0,0,0
339449,104.71,61,3312,0,0,0,0,0,0,0,0,0
339499,104.48,32,3271,0,0,0,0,0,0,0,0,0
339549,104.14,-3,3219,0,0,0,0,0,0,0,0,0
339599,104.44,-38,3279,0,0,0,0,0,0,0,0,0
339649,105.10,-58,3291,0,0,0,0,0,0,0,0,0
339699,105.18,-63,3243,0,0,0,0,0,0,0,0,0
339749,104.86,-67,3203,0,0,0,0,0,0,0,0,0
339799,104.33,-68,3307,0,0,0,0,0,0,0,0,0
339849,104.01,-48,3408,0,0,0,0,0,0,0,0,0
339899,103.83,-15,3263,0,0,0,0,0,0,0,0,0
339949,103.52,0,3242,0,0,0,0,0,0,0,0,0
339999,103.15,-9,3258,0,0,0,0,0,0,0,0,0
340049,102.81,-23,3266,0,0,0,0,0,0,0,0,0
340099,102.49,-35,3215,0,0,0,0,0,0,0,0,0
340149,102.46,-49,3214,0,0,0,0,0,0,0,0,0
340199,102.08,-66,3183,0,0,0,0,0,0,0,0,0
340249,101.89,-83,3163,0,0,0,0,0,0,0,0,0
340299,101.55,-99,3141,0,0,0,0,0,0,0,0,0
340349,101.87,-114,3136,0,0,0,0,0,0,0,0,0
340399,102.97,-124,3138,0,0,0,0,0,0,0,0,0
340449,104.02,-125,3151,0,0,0,0,0,0,0,0,0
340499,104.33,-121,3136,0,0,0,0,0,0,0,0,0
340549,103.99,-109,3217,0,0,0,0,0,0,0,0,0
340599,103.77,-80,3306,0,0,0,0,0,0,0,0,0
340649,103.45,-41,3216,0,0,0,0,0,0,0,0,0
340699,103.10,-17,3184,0,0,0,0,0,0,0,0,0
340749,102.76,-18,3135,0,0,0,0,0,0,0,0,0
340799,102.43,-35,3159,0,0,0,0,0,0,0,0,0
340849,102.23,-53,3133,0,0,0,0,0,0,0,0,0
340899,101.88,-70,3107,0,0,0,0,0,0,0,0,0
340949,101.54,-90,3043,0,0,0,0,0,0,0,0,0
340999,101.18,-113,3056,0,0,0,0,0,0,0,0,0
341049,101.19,-127,3113,0,0,0,0,0,0,0,0,0
341099,101.75,-123,3103,0,0,0,0,0,0,0,0,0
341149,101.64,-111,3071,0,0,0,0,0,0,0,0,0
341199,101.37,-102,3061,0,0,0,0,0,0,0,0,0
341249,100.71,-94,3139,0,0,0,0,0,0,0,0,0
341299,100.59,-78,3139,0,0,0,0,0,0,0,0,0
341349,100.28,-58,3117,0,0,0,0,0,0,0,0,0
341399,99.84,-49,3054,0,0,0,0,0,0,0,0,0
341448,99.44,-56,3071,0,0,0,0,0,0,0,0,0
341497,99.04,-67,3088,0,0,0,0,0,0,0,0,0
341546,98.74,-71,3088,0,0,0,0,0,0,0,0,0
341595,98.34,-70,3086,0,0,0,0,0,0,0,0,0
341644,98.08,-70,3027,0,0,0,0,0,0,0,0,0
341693,98.33,-75,3053,0,0,0,0,0,0,0,0,0
341742,99.07,-82,3019,0,0,0,0,0,0,0,0,0
341791,99.23,-88,3025,0,0,0,0,0,0,0,0,0
341840,99.21,-89,3082,0,0,0,0,0,0,0,0,0
341889,98.81,-71,3205,0,0,0,0,0,0,0,0,0
341938,98.25,-28,3235,0,0,0,0,0,0,0,0,0
341987,98.13,21,3181,0,0,0,0,0,0,0,0,0
342036,97.76,49,3111,0,0,0,0,0,0,0,0,0
342085,97.33,46,3102,0,0,0,0,0,0,0,0,0
342134,96.87,26,3111,0,0,0,0,0,0,0,0,0
342183,96.50,5,3089,0,0,0,0,0,0,0,0,0
342232,96.20,-14,3059,0,0,0,0,0,0,0,0,0
342281,95.97,-33,3055,0,0,0,0,0,0,0,0,0
342330,95.76,-44,3130,1,0,0,0,0,0,0,0,0
342379,96.47,-41,3090,1,0,0,0,0,0,0,0,0
342428,97.31,-40,2992,0,0,0,0,0,0,0,0,0
342477,97.52,-56,2965,0,0,0,0,0,0,0,0,0
342526,97.46,-63,3275,0,0,0,0,0,0,0,0,0
342575,96.84,-17,3401,0,0,0,0,0,0,0,0,0
342624,96.19,66,3302,0,0,0,0,0,0,0,0,0
342673,95.91,125,3133,0,0,0,0,0,0,0,0,0
342722,95.64,123,3089,0,0,0,0,0,0,0,0,0
342771,95.20,79,3061,0,0,0,0,0,0,0,0,0
342820,94.70,25,3097,0,0,0,0,0,0,0,0,0
342869,94.29,-18,3047,0,0,0,0,0,0,0,0,0
342918,93.90,-49,3039,0,0,0,0,0,0,0,0,0
342967,93.54,-70,3027,0,0,0,0,0,0,0,0,0
343016,93.32,-86,2983,0,0,0,0,0,0,0,0,0
343065,93.70,-94,3062,0,0,0,0,0,0,0,0,0
343114,94.95,-90,3029,0,0,0,0,0,0,0,0,0
343163,95.21,-77,3087,0,0,0,0,0,0,0,0,0
343212,95.17,-41,3335,0,0,0,0,0,0,0,0,0
343261,94.64,38,3479,0,0,0,0,0,0,0,0,0
343310,94.00,138,3353,0,0,0,0,0,0,0,0,0
343359,93.67,197,3165,0,0,0,0,0,0,0,0,0
343408,93.33,179,3071,0,0,0,0,0,0,0,0,0
343457,92.93,111,3083,0,0,0,0,0,0,0,0,0
343506,92.64,34,3063,0,0,0,0,0,0,0,0,0
343555,92.07,-25,3062,0,0,0,0,0,0,0,0,0
343604,91.82,-64,3038,0,0,0,0,0,0,0,0,0
343653,91.44,-85,3041,0,0,0,0,0,0,0,0,0
343702,91.25,-94,3026,0,0,0,0,0,0,0,0,0
343751,90.94,-100,2971,0,0,0,0,0,0,0,0,0
343800,90.63,-106,3017,0,0,0,0,0,0,0,0,0
343849,90.51,-104,3045,0,0,0,0,0,0,0,0,0
343898,91.61,-93,3026,0,0,0,0,0,0,0,0,0
343947,92.59,-81,3004,0,0,0,0,0,0,0,0,0
343996,92.51,-69,3109,0,0,0,0,0,0,0,0,0
344045,92.27,-26,3433,0,0,0,0,0,0,0,0,0
344094,91.71,66,3433,0,0,0,0,0,0,0,0,0
344143,91.13,159,3245,0,0,0,0,0,0,0,0,0
344192,90.79,191,3131,0,0,0,0,0,0,0,0,0
344241,90.57,152,3024,0,0,0,0,0,0,0,0,0
344290,90.34,81,3159,1,0,0,0,0,0,0,0,0
344339,89.90,24,3104,1,0,0,0,0,0,0,0,0
344388,89.49,-15,3014,0,0,0,0,0,0,0,0,0
344437,89.18,-55,2960,0,0,0,0,0,0,0,0,0
344486,88.90,-93,2978,0,0,0,0,0,0,0,0,0
344535,88.60,-117,3025,0,0,0,0,0,0,0,0,0
344584,88.33,-119,3023,0,0,0,0,0,0,0,0,0
344633,88.15,-111,2982,0,0,0,0,0,0,0,0,0
344682,89.39,-104,3003,0,0,0,0,0,0,0,0,0
344731,89.73,-96,3006,0,0,0,0,0,0,0,0,0
344780,89.70,-77,3185,0,0,0,0,0,0,0,0,0
344829,89.23,-16,3440,0,0,0,0,0,0,0,0,0
344878,88.57,81,3337,0,0,0,0,0,0,0,0,0
344927,88.33,155,3149,0,0,0,0,0,0,0,0,0
344976,87.94,157,3024,0,0,0,0,0,0,0,0,0
345025,87.63,99,3041,0,0,0,0,0,0,0,0,0
345074,87.18,31,3088,0,0,0,0,0,0,0,0,0
345123,86.68,-16,3069,0,0,0,0,0,0,0,0,0
345172,86.35,-42,3051,0,0,0,0,0,0,0,0,0
345221,85.84,-59,2997,0,0,0,0,0,0,0,0,0
345270,85.65,-72,3028,0,0,0,0,0,0,0,0,0
345319,85.32,-80,2992,0,0,0,0,0,0,0,0,0
345368,85.99,-85,3009,0,0,0,0,0,0,0,0,0
345417,86.65,-86,2990,0,0,0,0,0,0,0,0,0
345466,86.47,-77,3134,0,0,0,0,0,0,0,0,0
345515,86.14,-27,3423,0,0,0,0,0,0,0,0,0
345564,85.41,70,3427,0,0,0,0,0,0,0,0,0
345613,85.04,166,3270,0,0,0,0,0,0,0,0,0
345662,84.85,201,3114,0,0,0,0,0,0,0,0,0
345711,84.60,164,3052,0,0,0,0,0,0,0,0,0
345760,84.25,89,3069,0,0,0,0,0,0,0,0,0
345809,83.86,17,3071,0,0,0,0,0,0,0,0,0
345858,83.51,-28,3092,0,0,0,0,0,0,0,0,0
345907,83.24,-52,3013,0,0,0,0,0,0,0,0,0
345956,82.87,-72,2967,0,0,0,0,0,0,0,0,0
346005,82.65,-92,3024,0,0,0,0,0,0,0,0,0
346054,83.14,-103,2967,0,0,0,0,0,0,0,0,0
346103,84.11,-100,3118,1,0,0,0,0,0,0,0,0
346152,84.07,-69,3216,1,0,0,0,0,0,0,0,0
346201,83.74,13,3610,0,0,0,0,0,0,0,0,0
346250,83.11,146,3547,0,0,0,0,0,0,0,0,0
346299,82.69,264,3338,0,0,0,0,0,0,0,0,0
346348,82.63,293,3163,0,0,0,0,0,0,0,0,0
346397,82.37,229,3040,0,0,0,0,0,0,0,0,0
346446,81.99,119,3081,0,0,0,0,0,0,0,0,0
346495,81.68,19,3103,0,0,0,0,0,0,0,0,0
346544,81.28,-39,3136,0,0,0,0,0,0,0,0,0
346593,80.93,-62,3082,0,0,0,0,0,0,0,0,0
346642,80.75,-70,3053,0,0,0,0,0,0,0,0,0
346691,80.44,-79,3019,0,0,0,0,0,0,0,0,0
346740,80.16,-93,2978,0,0,0,0,0,0,0,0,0
346789,80.04,-109,3011,0,0,0,0,0,0,0,0,0
346838,81.29,-118,3017,0,0,0,0,0,0,0,0,0
346887,81.39,-109,3127,0,0,0,0,0,0,0,0,0
346936,81.45,-47,3633,0,0,0,0,0,0,0,0,0
346985,81.00,122,4089,0,0,0,0,0,0,0,0,0
347034,80.32,354,3771,0,0,0,0,0,0,0,0,0
347083,80.20,496,3300,0,0,0,0,0,0,0,0,0
347132,79.98,453,3039,0,0,0,0,0,0,0,0,0
347181,79.69,280,3043,0,0,0,0,0,0,0,0,0
347230,79.36,92,3152,0,0,0,0,0,0,0,0,0
347279,78.94,-33,3179,0,0,0,0,0,0,0,0,0
347328,78.47,-88,3159,1,0,0,0,0,0,0,0,0
347377,78.21,-97,3184,1,0,0,0,0,0,0,0,0
347426,78.08,-90,3071,1,0,0,0,0,0,0,0,0
347475,77.87,-92,3039,1,0,0,0,0,0,0,0,0
347524,77.46,-108,3040,0,0,0,0,0,0,0,0,0
347573,77.33,-132,2913,0,0,0,0,0,0,0,0,0
347622,78.21,-161,2998,0,0,0,0,0,0,0,0,0
347671,78.68,-172,3103,0,0,0,0,0,0,0,0,0
347720,78.62,-122,3529,0,0,0,0,0,0,0,0,0
347769,78.27,38,4095,0,0,0,0,0,0,0,0,0
347818,77.72,273,3727,0,0,0,0,0,0,0,0,0
347867,77.32,424,3287,0,0,0,0,0,0,0,0,0
347916,77.33,398,3090,0,0,0,0,0,0,0,0,0
347965,77.24,248,3066,0,0,0,0,0,0,0,0,0
348014,76.91,77,3150,0,0,0,0,0,0,0,0,0
348063,76.54,-40,3193,0,0,0,0,0,0,0,0,0
348112,76.22,-97,3116,0,0,0,0,0,0,0,0,0
348161,76.17,-121,3070,0,0,0,0,0,0,0,0,0
348210,75.82,-140,3017,0,0,0,0,0,0,0,0,0
348259,75.55,-157,3038,0,0,0,0,0,0,0,0,0
348308,75.42,-168,3015,0,0,0,0,0,0,0,0,0
348357,75.27,-171,3041,0,0,0,0,0,0,0,0,0
348406,76.50,-164,3056,1,0,0,0,0,0,0,0,0
348455,76.73,-143,3129,1,0,0,0,0,0,0,0,0
348504,76.57,-91,3429,1,0,0,0,0,0,0,0,0
348553,76.20,22,3705,1,0,0,0,0,0,0,0,0
348602,75.68,166,3469,0,0,0,0,0,0,0,0,0
348651,75.52,239,3085,0,0,0,0,0,0,0,0,0
348700,75.32,186,2975,0,0,0,0,0,0,0,0,0
348749,75.27,67,3118,0,0,0,0,0,0,0,0,0
348798,74.93,-30,3158,0,0,0,0,0,0,0,0,0
348847,74.55,-76,3165,0,0,0,0,0,0,0,0,0
348896,74.30,-87,3094,0,0,0,0,0,0,0,0,0
348945,73.84,-94,3027,0,0,0,0,0,0,0,0,0
348994,73.58,-111,2993,0,0,0,0,0,0,0,0,0
349043,73.31,-133,3013,0,0,0,0,0,0,0,0,0
349092,73.96,-148,3011,0,0,0,0,0,0,0,0,0
349141,74.19,-152,3039,0,0,0,0,0,0,0,0,0
349190,74.07,-127,3279,0,0,0,0,0,0,0,0,0
349239,73.49,-35,3726,0,0,0,0,0,0,0,0,0
349288,72.89,118,3518,0,0,0,0,0,0,0,0,0
349337,72.66,231,3198,0,0,0,0,0,0,0,0,0
349386,72.48,224,3025,0,0,0,0,0,0,0,0,0
349435,72.33,124,3004,0,0,0,0,0,0,0,0,0
349484,71.94,9,3120,0,0,0,0,0,0,0,0,0
349533,71.54,-67,3090,0,0,0,0,0,0,0,0,0
349582,71.31,-105,3019,0,0,0,0,0,0,0,0,0
349631,70.94,-127,3033,0,0,0,0,0,0,0,0,0
349680,70.69,-137,3030,0,0,0,0,0,0,0,0,0
349729,71.05,-138,3020,0,0,0,0,0,0,0,0,0
349778,71.79,-140,2933,0,0,0,0,0,0,0,0,0
349827,71.69,-140,3113,0,0,0,0,0,0,0,0,0
349876,71.51,-96,3472,0,0,0,0,0,0,0,0,0
349925,70.84,24,3641,0,0,0,0,0,0,0,0,0
349974,70.52,168,3365,0,0,0,0,0,0,0,0,0
350023,70.46,234,3095,0,0,0,0,0,0,0,0,0
350072,70.22,190,3042,0,0,0,0,0,0,0,0,0
350121,70.06,90,3071,0,0,0,0,0,0,0,0,0
350170,69.71,0,3098,0,0,0,0,0,0,0,0,0
350219,69.46,-58,3104,0,0,0,0,0,0,0,0,0
350268,69.23,-88,3039,0,0,0,0,0,0,0,0,0
350317,68.94,-107,2993,0,0,0,0,0,0,0,0,0
350366,68.82,-128,2947,0,0,0,0,0,0,0,0,0
350415,69.65,-144,3058,1,0,0,0,0,0,0,0,0
350464,69.95,-138,3071,1,0,0,0,0,0,0,0,0
350513,69.84,-99,3302,0,0,0,0,0,0,0,0,0
350562,69.54,-13,3497,0,0,0,0,0,0,0,0,0
350611,69.13,103,3434,0,0,0,0,0,0,0,0,0
350660,68.81,189,3239,0,0,0,0,0,0,0,0,0
350709,68.70,195,3088,0,0,0,0,0,0,0,0,0
350758,68.49,125,2995,0,0,0,0,0,0,0,0,0
350807,68.17,28,3086,0,0,0,0,0,0,0,0,0
350856,67.95,-47,3058,0,0,0,0,0,0,0,0,0
350905,67.63,-93,3021,0,0,0,0,0,0,0,0,0
350954,67.43,-121,2978,0,0,0,0,0,0,0,0,0
351003,67.07,-140,2981,0,0,0,0,0,0,0,0,0
351052,66.98,-150,2973,0,0,0,0,0,0,0,0,0
351101,67.58,-151,3001,0,0,0,0,0,0,0,0,0
351150,67.94,-146,2935,0,0,0,0,0,0,0,0,0
351199,67.77,-131,3149,0,0,0,0,0,0,0,0,0
351248,67.48,-65,3536,0,0,0,0,0,0,0,0,0
351297,66.98,73,3637,0,0,0,0,0,0,0,0,0
351346,66.78,219,3353,1,0,0,0,0,0,0,0,0
351395,66.65,273,3071,1,0,0,0,0,0,0,0,0
351444,66.57,210,2958,1,0,0,0,0,0,0,0,0
351493,66.28,76,2880,0,0,0,0,0,0,0,0,0
351542,66.11,-57,3010,0,0,0,0,0,0,0,0,0
351591,51.45,-139,3021,0,0,0,0,0,0,0,0,0
351640,46.85,-166,2992,0,0,0,0,0,0,0,0,0
351689,43.28,-167,2958,0,0,0,0,0,0,0,0,0
351738,40.10,-165,2883,0,0,0,0,0,0,0,0,0
351787,36.99,-171,2903,0,0,0,0,0,0,0,0,0
351836,34.68,-182,2852,0,0,0,0,0,0,0,0,0
351885,32.73,-203,2704,0,0,0,0,0,0,0,0,0
351934,30.94,-256,2477,0,0,0,0,0,0,0,0,0
351983,29.20,-340,2496,0,0,0,0,0,0,0,0,0
352032,27.48,-408,2654,0,0,0,0,0,0,0,0,0
352081,25.88,-431,2519,0,0,0,0,0,0,0,0,0
352130,24.62,-442,2329,0,0,0,0,0,0,0,0,0
352179,23.22,-477,2259,0,0,0,0,0,0,0,0,0
352228,22.17,-522,2289,0,0,0,0,0,0,0,0,0
352277,21.01,-542,2429,0,0,0,0,0,0,0,0,0
352326,20.05,-514,2473,0,0,0,0,0,0,0,0,0
352375,18.99,-453,2451,0,0,0,0,0,0,0,0,0
352424,18.00,-392,2410,0,0,0,0,0,0,0,0,0
352473,17.22,-347,2448,0,0,0,0,0,0,0,0,0
352522,16.43,-311,2480,0,0,0,0,0,0,0,0,0
352571,15.61,-270,2587,1,0,0,0,0,0,0,0,0
352620,14.99,-221,2557,1,0,0,0,0,0,0,0,0
352669,14.33,-175,2555,0,0,0,0,0,0,0,0,0
352718,13.70,-146,2513,0,0,0,0,0,0,0,0,0
352767,12.99,-103,3015,0,0,0,0,0,0,0,0,0
352816,12.46,13,3263,0,0,0,0,0,0,0,0,0
352865,11.74,172,2985,0,0,0,0,0,0,0,0,0
352914,11.30,259,2695,0,0,0,0,0,0,0,0,0
352963,10.84,227,2601,0,0,0,0,0,0,0,0,0
353012,10.26,131,2711,0,0,0,0,0,0,0,0,0
353060,9.63,52,2831,0,0,0,0,0,0,0,0,0
353109,9.09,22,2791,0,0,0,0,0,0,0,0,0
353158,8.46,16,2713,0,0,0,0,0,0,0,0,0
353207,7.98,5,2679,0,0,0,0,0,0,0,0,0
353256,7.07,-13,2658,0,0,0,0,0,0,0,0,0
353305,2.28,-33,2704,0,0,0,0,0,0,0,0,0
353354,2.00,-39,2735,0,0,0,0,0,0,0,0,0
353403,2.04,-27,2795,0,0,0,0,0,0,0,0,0
353452,1.91,25,3210,0,0,0,0,0,0,0,0,0
353501,1.91,161,3612,0,0,0,0,0,0,0,0,0
353550,1.81,349,3312,0,0,0,0,0,0,0,0,0
353599,1.68,457,2901,0,0,0,0,0,0,0,0,0
353648,1.67,413,2761,0,0,0,0,0,0,0,0,0
353697,1.69,275,2831,0,0,0,0,0,0,0,0,0
353746,1.59,146,2979,0,0,0,0,0,0,0,0,0
353795,1.51,78,2979,0,0,0,0,0,0,0,0,0
353844,1.38,55,2854,0,0,0,0,0,0,0,0,0
353893,1.38,33,2764,0,0,0,0,0,0,0,0,0
353942,1.32,-4,2731,0,0,0,0,0,0,0,0,0
353991,1.27,-45,2768,0,0,0,0,0,0,0,0,0
354040,1.26,-70,2805,0,0,0,0,0,0,0,0,0
354089,1.20,-72,2812,0,0,0,0,0,0,0,0,0
354138,1.21,-50,2967,0,0,0,0,0,0,0,0,0
354187,1.10,42,3682,0,0,0,0,0,0,0,0,0
354236,0.92,249,3839,0,0,0,0,0,0,0,0,0
354285,0.92,466,3254,0,0,0,0,0,0,0,0,0
354334,0.92,526,2902,0,0,0,0,0,0,0,0,0
354383,0.88,410,2823,0,0,0,0,0,0,0,0,0
354432,0.80,226,2942,0,0,0,0,0,0,0,0,0
354481,0.89,83,3041,0,0,0,0,0,0,0,0,0
354530,0.77,12,2970,0,0,0,0,0,0,0,0,0
354579,0.74,-24,2800,0,0,0,0,0,0,0,0,0
354628,0.70,-68,2736,0,0,0,0,0,0,0,0,0
354677,0.71,-118,2768,0,0,0,0,0,0,0,0,0
354726,0.63,-156,2752,0,0,0,0,0,0,0,0,0
354775,0.51,-173,2782,0,0,0,0,0,0,0,0,0
354824,0.52,-170,2793,0,0,0,0,0,0,0,0,0
354873,0.50,-149,2881,1,0,0,0,0,0,0,0,0
354922,0.52,-63,3635,1,0,0,0,0,0,0,0,0
354971,0.43,152,4009,1,0,0,0,0,0,0,0,0
355020,0.35,408,3315,1,0,0,0,0,0,0,0,0
355069,0.41,502,2847,0,0,0,0,0,0,0,0,0
355118,0.35,380,2695,0,0,0,0,0,0,0,0,0
355167,0.35,164,2850,0,0,0,0,0,0,0,0,0
355216,0.32,-8,2997,0,0,0,0,0,0,0,0,0
355265,0.26,-90,2937,0,0,0,0,0,0,0,0,0
355314,0.23,-117,2823,0,0,0,0,0,0,0,0,0
355363,0.25,-135,2762,0,0,0,0,0,0,0,0,0
355412,0.16,-159,2746,0,0,0,0,0,0,0,0,0
355461,0.18,-179,2769,0,0,0,0,0,0,0,0,0
355510,0.09,-187,2801,0,0,0,0,0,0,0,0,0
355559,0.11,-179,2794,0,0,0,0,0,0,0,0,0
355608,0.06,-167,2733,0,0,0,0,0,0,0,0,0
355657,0.11,-155,2847,0,0,0,0,0,0,0,0,0
355706,0.03,-92,3472,0,0,0,0,0,0,0,0,0
355755,0.04,86,3841,0,0,0,0,0,0,0,0,0
355804,0.07,309,3267,0,0,0,0,0,0,0,0,0
355853,0.09,405,2919,0,0,0,0,0,0,0,0,0
355902,0.01,324,2767,0,0,0,0,0,0,0,0,0
355951,0.10,157,2866,0,0,0,0,0,0,0,0,0
356000,0.05,11,2970,0,0,0,0,0,0,0,0,0
356049,0.05,-64,2931,0,0,0,0,0,0,0,0,0
356098,0.13,-95,2842,0,0,0,0,0,0,0,0,0
356147,0.13,-118,2748,0,0,0,0,0,0,0,0,0
356196,0.15,-153,2672,0,0,0,0,0,0,0,0,0
356245,0.04,-194,2699,0,0,0,0,0,0,0,0,0
356294,0.06,-224,2686,0,0,0,0,0,0,0,0,0
356343,-0.01,-237,2707,0,0,0,0,0,0,0,0,0
356392,0.09,-234,2699,0,0,0,0,0,0,0,0,0
356441,0.16,-209,2887,0,0,0,0,0,0,0,0,0
356490,0.01,-123,3395,0,0,0,0,0,0,0,0,0
356539,0.06,39,3339,0,0,0,0,0,0,0,0,0
356588,0.00,185,2943,0,0,0,0,0,0,0,0,0
356637,0.03,210,2735,0,0,0,0,0,0,0,0,0
356686,-0.00,125,2753,0,0,0,0,0,0,0,0,0
356735,-0.00,18,2895,0,0,0,0,0,0,0,0,0
356784,0.02,-42,2954,0,0,0,0,0,0,0,0,0
356833,-0.08,-56,2862,0,0,0,0,0,0,0,0,0
356882,-0.06,-61,2775,0,0,0,0,0,0,0,0,0
356931,-0.07,-79,2752,0,0,0,0,0,0,0,0,0
356980,-0.06,-102,2790,0,0,0,0,0,0,0,0,0
357029,-0.08,-112,2818,0,0,0,0,0,0,0,0,0
357078,-0.07,-101,2922,0,0,0,0,0,0,0,0,0
357127,-0.03,-38,3376,0,0,0,0,0,0,0,0,0
357176,-0.06,131,3953,0,0,0,0,0,0,0,0,0
357225,-0.07,361,3394,0,0,0,0,0,0,0,0,0
357274,-0.10,478,2944,0,0,0,0,0,0,0,0,0
357323,-0.08,406,2855,0,0,0,0,0,0,0,0,0
357372,-0.11,239,2935,0,0,0,0,0,0,0,0,0
357421,-0.10,92,3047,0,0,0,0,0,0,0,0,0
357470,-0.13,13,3024,0,0,0,0,0,0,0,0,0
357519,-0.07,-21,2901,0,0,0,0,0,0,0,0,0
357568,-0.14,-51,2831,0,0,0,0,0,0,0,0,0
357617,-0.15,-85,2861,0,0,0,0,0,0,0,0,0
357666,-0.18,-113,2826,0,0,0,0,0,0,0,0,0
357715,-0.08,-127,2877,0,0,0,0,0,0,0,0,0
357764,-0.16,-92,3362,0,0,0,0,0,0,0,0,0
357813,-0.09,59,3984,0,0,0,0,0,0,0,0,0
357862,-0.07,295,3527,0,0,0,0,0,0,0,0,0
357911,-0.13,443,3089,0,0,0,0,0,0,0,0,0
357960,-0.11,409,2928,0,0,0,0,0,0,0,0,0
358009,0.03,260,2960,0,0,0,0,0,0,0,0,0
358058,-0.07,104,3057,0,0,0,0,0,0,0,0,0
358107,-0.02,4,3063,0,0,0,0,0,0,0,0,0
358156,-0.08,-42,2993,0,0,0,0,0,0,0,0,0
358205,-0.05,-67,2931,0,0,0,0,0,0,0,0,0
358254,-0.12,-89,2913,0,0,0,0,0,0,0,0,0
358303,-0.14,-107,2917,0,0,0,0,0,0,0,0,0
358352,-0.13,-116,2934,0,0,0,0,0,0,0,0,0
358401,-0.02,-89,3332,0,0,0,0,0,0,0,0,0
358450,-0.09,48,4095,0,0,0,0,0,0,0,0,0
358499,-0.08,311,4058,0,0,0,0,0,0,0,0,0
358548,-0.06,543,3371,0,0,0,0,0,0,0,0,0
358597,-0.01,575,3056,0,0,0,0,0,0,0,0,0
358646,-0.05,420,3009,0,0,0,0,0,0,0,0,0
358695,-0.07,213,3162,0,0,0,0,0,0,0,0,0
358744,-0.07,60,3169,0,0,0,0,0,0,0,0,0
358793,-0.15,-25,3063,0,0,0,0,0,0,0,0,0
358842,-0.05,-80,2965,0,0,0,0,0,0,0,0,0
358891,-0.07,-131,2897,0,0,0,0,0,0,0,0,0
358940,0.00,-175,2921,0,0,0,0,0,0,0,0,0
358989,-0.02,-200,2966,0,0,0,0,0,0,0,0,0
359038,-0.00,-202,2935,0,0,0,0,0,0,0,0,0
359087,-0.07,-175,3184,0,0,0,0,0,0,0,0,0
359136,-0.13,-52,4095,0,0,0,0,0,0,0,0,0
359185,-0.05,208,4095,0,0,0,0,0,0,0,0,0
359234,-0.17,478,3711,0,0,0,0,0,0,0,0,0
359283,-0.07,582,3200,0,0,0,0,0,0,0,0,0
359332,-0.09,480,3056,0,0,0,0,0,0,0,0,0
359381,-0.10,276,3153,0,0,0,0,0,0,0,0,0
359430,-0.12,98,3281,0,0,0,0,0,0,0,0,0
359479,-0.18,0,3221,0,0,0,0,0,0,0,0,0
359528,-0.15,-48,3056,0,0,0,0,0,0,0,0,0
359577,-0.21,-96,2962,0,0,0,0,0,0,0,0,0
359626,-0.16,-152,2960,0,0,0,0,0,0,0,0,0
359675,-0.12,-199,2957,0,0,0,0,0,0,0,0,0
359724,-0.07,-224,2992,0,0,0,0,0,0,0,0,0
359773,-0.10,-193,3501,0,0,0,0,0,0,0,0,0
359822,-0.10,-38,4095,0,0,0,0,0,0,0,0,0
359871,-0.11,231,4095,0,0,0,0,0,0,0,0,0
359920,-0.16,455,3347,0,0,0,0,0,0,0,0,0
359969,-0.10,469,3011,0,0,0,0,0,0,0,0,0
360018,-0.15,301,3056,0,0,0,0,0,0,0,0,0
360067,-0.11,100,3230,0,0,0,0,0,0,0,0,0
360116,-0.16,-34,3189,0,0,0,0,0,0,0,0,0
360165,-0.13,-108,3009,0,0,0,0,0,0,0,0,0
360214,-0.12,-168,2909,0,0,0,0,0,0,0,0,0
360263,-0.13,-227,2927,0,0,0,0,0,0,0,0,0
360312,-0.16,-269,2943,0,0,0,0,0,0,0,0,0
360361,-0.10,-277,3031,0,0,0,0,0,0,0,0,0
360410,-0.16,-204,3791,0,0,0,0,0,0,0,0,0
360459,-0.18,7,4095,0,0,0,0,0,0,0,0,0
360508,-0.22,296,4000,0,0,0,0,0,0,0,0,0
360557,-0.16,481,3152,0,0,0,0,0,0,0,0,0
360606,-0.16,427,2864,0,0,0,0,0,0,0,0,0
360655,-0.16,204,3023,0,0,0,0,0,0,0,0,0
360704,-0.09,-5,3257,0,0,0,0,0,0,0,0,0
360753,-0.09,-113,3184,0,0,0,0,0,0,0,0,0
360802,-0.16,-156,2977,0,0,0,0,0,0,0,0,0
360851,-0.15,-198,2864,0,0,0,0,0,0,0,0,0
360900,-0.22,-251,2887,0,0,0,0,0,0,0,0,0
360949,-0.18,-290,2923,0,0,0,0,0,0,0,0,0
360998,-0.18,-301,2930,0,0,0,0,0,0,0,0,0
361047,-0.06,-270,3248,0,0,0,0,0,0,0,0,0
361096,-0.09,-130,4095,0,0,0,0,0,0,0,0,0
361145,-0.11,145,4095,0,0,0,0,0,0,0,0,0
361194,-0.11,390,3235,0,0,0,0,0,0,0,0,0
361243,-0.12,408,2847,0,0,0,0,0,0,0,0,0
361292,-0.13,222,2896,0,0,0,0,0,0,0,0,0
361341,-0.14,5,3142,0,0,0,0,0,0,0,0,0
361390,-0.18,-127,3114,0,0,0,0,0,0,0,0,0
361439,-0.12,-185,2945,0,0,0,0,0,0,0,0,0
361488,-0.15,-226,2834,0,0,0,0,0,0,0,0,0
361537,-0.13,-271,2829,0,0,0,0,0,0,0,0,0
361586,-0.23,-306,2850,0,0,0,0,0,0,0,0,0
361635,-0.13,-317,2886,0,0,0,0,0,0,0,0,0
361684,-0.12,-305,2896,0,0,0,0,0,0,0,0,0
361733,-0.15,-257,3219,0,0,0,0,0,0,0,0,0
361782,-0.20,-105,4095,0,0,0,0,0,0,0,0,0
361831,-0.21,181,4095,0,0,0,0,0,0,0,0,0
361880,-0.24,432,3203,0,0,0,0,0,0,0,0,0
361929,-0.16,449,2810,0,0,0,0,0,0,0,0,0
361978,-0.17,258,2893,0,0,0,0,0,0,0,0,0
362027,-0.17,42,3205,0,0,0,0,0,0,0,0,0
362076,-0.23,-76,3186,0,0,0,0,0,0,0,0,0
362125,-0.19,-118,2969,0,0,0,0,0,0,0,0,0
362174,-0.12,-154,2819,0,0,0,0,0,0,0,0,0
362223,-0.18,-211,2800,0,0,0,0,0,0,0,0,0
362272,-0.11,-265,2850,0,0,0,0,0,0,0,0,0
362321,-0.15,-290,2880,0,0,0,0,0,0,0,0,0
362370,-0.30,-272,3083,0,0,0,0,0,0,0,0,0
362419,-0.21,-145,4047,0,0,0,0,0,0,0,0,0
362468,-0.28,130,4095,0,0,0,0,0,0,0,0,0
362517,-0.20,401,3321,0,0,0,0,0,0,0,0,0
362566,-0.18,459,2903,0,0,0,0,0,0,0,0,0
362615,-0.16,304,2895,0,0,0,0,0,0,0,0,0
362664,-0.14,94,3134,0,0,0,0,0,0,0,0,0
362713,-0.20,-46,3153,0,0,0,0,0,0,0,0,0
362762,-0.23,-112,2951,0,0,0,0,0,0,0,0,0
362811,-0.11,-164,2800,0,0,0,0,0,0,0,0,0
362860,-0.19,-227,2782,0,0,0,0,0,0,0,0,0
362909,-0.22,-280,2837,0,0,0,0,0,0,0,0,0
362958,-0.19,-302,2864,0,0,0,0,0,0,0,0,0
363007,-0.19,-293,2864,0,0,0,0,0,0,0,0,0
363056,-0.24,-229,3458,0,0,0,0,0,0,0,0,0
363105,-0.25,-40,4095,0,0,0,0,0,0,0,0,0
363154,-0.22,243,3749,0,0,0,0,0,0,0,0,0
363203,-0.23,433,3130,0,0,0,0,0,0,0,0,0
363252,-0.25,403,2858,0,0,0,0,0,0,0,0,0
363301,-0.15,218,2928,0,0,0,0,0,0,0,0,0
363350,-0.23,22,3052,0,0,0,0,0,0,0,0,0
363399,-0.21,-100,3047,0,0,0,0,0,0,0,0,0
363448,-0.17,-160,2893,0,0,0,0,0,0,0,0,0
363497,-0.12,-207,2747,0,0,0,0,0,0,0,0,0
363546,-0.26,-261,2727,0,0,0,0,0,0,0,0,0
363595,-0.14,-307,2799,0,0,0,0,0,0,0,0,0
363644,-0.21,-320,2826,0,0,0,0,0,0,0,0,0
363693,-0.15,-306,2798,0,0,0,0,0,0,0,0,0
363742,-0.20,-250,3271,0,0,0,0,0,0,0,0,0
363791,-0.14,-77,4080,0,0,0,0,0,0,0,0,0
363840,-0.14,195,3570,0,0,0,0,0,0,0,0,0
363889,-0.24,377,3024,0,0,0,0,0,0,0,0,0
363938,-0.21,342,2768,0,0,0,0,0,0,0,0,0
363987,-0.18,163,2827,0,0,0,0,0,0,0,0,0
364036,-0.26,-24,2960,0,0,0,0,0,0,0,0,0
364085,-0.19,-139,2959,0,0,0,0,0,0,0,0,0
364134,-0.17,-186,2896,0,0,0,0,0,0,0,0,0
364183,-0.16,-203,2821,0,0,0,0,0,0,0,0,0
364232,-0.19,-218,2768,0,0,0,0,0,0,0,0,0
364281,-0.20,-238,2733,0,0,0,0,0,0,0,0,0
364330,-0.24,-258,2752,0,0,0,0,0,0,0,0,0
364379,-0.15,-264,2800,0,0,0,0,0,0,0,0,0
364428,-0.23,-230,3149,0,0,0,0,0,0,0,0,0
364477,-0.11,-91,3850,0,0,0,0,0,0,0,0,0
364526,-0.24,146,3568,0,0,0,0,0,0,0,0,0
364575,-0.24,328,3056,0,0,0,0,0,0,0,0,0
364624,-0.20,330,2840,0,0,0,0,0,0,0,0,0
364673,-0.24,196,2866,0,0,0,0,0,0,0,0,0
364722,-0.13,44,3011,0,0,0,0,0,0,0,0,0
364771,-0.14,-46,3071,0,0,0,0,0,0,0,0,0
364820,-0.21,-79,2935,0,0,0,0,0,0,0,0,0
364869,-0.22,-100,2811,0,0,0,0,0,0,0,0,0
364918,-0.16,-137,2770,0,0,0,0,0,0,0,0,0
364967,-0.26,-182,2741,0,0,0,0,0,0,0,0,0
365016,-0.14,-220,2773,0,0,0,0,0,0,0,0,0
365065,-0.29,-234,2831,0,0,0,0,0,0,0,0,0
365114,-0.19,-211,2990,0,0,0,0,0,0,0,0,0
365163,-0.27,-115,3547,0,0,0,0,0,0,0,0,0
365212,-0.12,74,3706,0,0,0,0,0,0,0,0,0
365261,-0.22,268,3190,0,0,0,0,0,0,0,0,0
365310,-0.15,326,2871,0,0,0,0,0,0,0,0,0
365359,-0.20,232,2833,0,0,0,0,0,0,0,0,0
365408,-0.25,88,2992,0,0,0,0,0,0,0,0,0
365457,-0.22,-11,3061,0,0,0,0,0,0,0,0,0
365506,-0.20,-54,2939,0,0,0,0,0,0,0,0,0
365555,-0.16,-82,2801,0,0,0,0,0,0,0,0,0
365604,-0.21,-124,2768,0,0,0,0,0,0,0,0,0
365653,-0.19,-167,2820,0,0,0,0,0,0,0,0,0
365702,-0.21,-190,2854,0,0,0,0,0,0,0,0,0
365751,-0.19,-187,2852,0,0,0,0,0,0,0,0,0
365800,-0.15,-151,3148,0,0,0,0,0,0,0,0,0
365849,-0.19,-39,3631,0,0,0,0,0,0,0,0,0
365898,-0.21,141,3475,0,0,0,0,0,0,0,0,0
365947,-0.24,278,3014,0,0,0,0,0,0,0,0,0
365996,-0.17,266,2766,0,0,0,0,0,0,0,0,0
366045,-0.23,137,2833,0,0,0,0,0,0,0,0,0
366094,-0.22,2,3007,0,0,0,0,0,0,0,0,0
366143,-0.16,-63,3071,0,0,0,0,0,0,0,0,0
366192,-0.28,-69,2966,0,0,0,0,0,0,0,0,0
366241,-0.19,-65,2880,0,0,0,0,0,0,0,0,0
366290,-0.23,-80,2829,0,0,0,0,0,0,0,0,0
366339,-0.21,-111,2799,0,0,0,0,0,0,0,0,0
366388,-0.26,-143,2819,0,0,0,0,0,0,0,0,0
366437,-0.18,-145,3089,0,0,0,0,0,0,0,0,0
366486,-0.27,-48,3791,0,0,0,0,0,0,0,0,0
366535,-0.27,171,3824,0,0,0,0,0,0,0,0,0
366584,-0.34,381,3199,0,0,0,0,0,0,0,0,0
366633,-0.25,418,2864,0,0,0,0,0,0,0,0,0
366682,-0.24,286,2887,0,0,0,0,0,0,0,0,0
366731,-0.21,119,3134,0,0,0,0,0,0,0,0,0
366780,-0.25,24,3198,0,0,0,0,0,0,0,0,0
366829,-0.24,-2,3031,0,0,0,0,0,0,0,0,0
366878,-0.21,-21,2903,0,0,0,0,0,0,0,0,0
366927,-0.17,-62,2852,0,0,0,0,0,0,0,0,0
366976,-0.11,-114,2857,0,0,0,0,0,0,0,0,0
367025,-0.16,-148,2983,0,0,0,0,0,0,0,0,0
367074,-0.26,-102,3613,0,0,0,0,0,0,0,0,0
367123,-0.28,81,4055,0,0,0,0,0,0,0,0,0
367172,-0.31,326,3469,0,0,0,0,0,0,0,0,0
367221,-0.21,437,2979,0,0,0,0,0,0,0,0,0
367270,-0.27,350,2893,0,0,0,0,0,0,0,0,0
367319,-0.24,172,3071,0,0,0,0,0,0,0,0,0
367368,-0.26,31,3168,0,0,0,0,0,0,0,0,0
367417,-0.29,-35,3082,0,0,0,0,0,0,0,0,0
367466,-0.21,-69,2929,0,0,0,0,0,0,0,0,0
367515,-0.23,-110,2837,0,0,0,0,0,0,0,0,0
367564,-0.26,-163,2838,0,0,0,0,0,0,0,0,0
367613,-0.23,-197,3001,0,0,0,0,0,0,0,0,0
367662,-0.26,-135,3815,0,0,0,0,0,0,0,0,0
367711,-0.24,83,4095,0,0,0,0,0,0,0,0,0
367760,-0.23,347,3482,0,0,0,0,0,0,0,0,0
367809,-0.20,450,2948,0,0,0,0,0,0,0,0,0
367858,-0.27,337,2843,0,0,0,0,0,0,0,0,0
367907,-0.18,134,3088,0,0,0,0,0,0,0,0,0
367956,-0.14,-14,3205,0,0,0,0,0,0,0,0,0
368005,-0.26,-80,3024,0,0,0,0,0,0,0,0,0
368054,-0.22,-118,2880,0,0,0,0,0,0,0,0,0
368103,-0.23,-169,2799,0,0,0,0,0,0,0,0,0
368152,-0.20,-226,2814,0,0,0,0,0,0,0,0,0
368201,-0.13,-253,3069,0,0,0,0,0,0,0,0,0
368250,-0.24,-154,4095,0,0,0,0,0,0,0,0,0
368299,-0.23,118,4095,0,0,0,0,0,0,0,0,0
368348,-0.25,401,3438,0,0,0,0,0,0,0,0,0
368397,-0.23,479,2890,0,0,0,0,0,0,0,0,0
368446,-0.18,330,2876,0,0,0,0,0,0,0,0,0
368495,-0.21,110,3133,0,0,0,0,0,0,0,0,0
368544,-0.18,-37,3203,0,0,0,0,0,0,0,0,0
368593,-0.22,-101,2994,0,0,0,0,0,0,0,0,0
368642,-0.25,-147,2795,0,0,0,0,0,0,0,0,0
368691,-0.27,-211,2800,0,0,0,0,0,0,0,0,0
368740,-0.25,-269,2857,0,0,0,0,0,0,0,0,0
368789,-0.23,-292,2928,0,0,0,0,0,0,0,0,0
368838,-0.23,-235,3559,0,0,0,0,0,0,0,0,0
368887,-0.20,-37,4095,0,0,0,0,0,0,0,0,0
368936,-0.19,269,4095,0,0,0,0,0,0,0,0,0
368985,-0.18,507,3275,0,0,0,0,0,0,0,0,0
369034,-0.23,507,2859,0,0,0,0,0,0,0,0,0
369083,-0.18,308,3007,0,0,0,0,0,0,0,0,0
369132,-0.19,93,3247,0,0,0,0,0,0,0,0,0
369181,-0.10,-33,3165,0,0,0,0,0,0,0,0,0
369230,-0.28,-99,2910,0,0,0,0,0,0,0,0,0
369279,-0.21,-168,2767,0,0,0,0,0,0,0,0,0
369328,-0.25,-249,2810,0,0,0,0,0,0,0,0,0
369377,-0.20,-305,2889,0,0,0,0,0,0,0,0,0
369426,-0.20,-319,2869,0,0,0,0,0,0,0,0,0
369475,-0.22,-304,2881,0,0,0,0,0,0,0,0,0
369524,-0.18,-232,3543,0,0,0,0,0,0,0,0,0
369573,-0.20,-32,4095,0,0,0,0,0,0,0,0,0
369622,-0.17,274,4095,0,0,0,0,0,0,0,0,0
369671,-0.23,506,3175,0,0,0,0,0,0,0,0,0
369720,-0.22,490,2831,0,0,0,0,0,0,0,0,0
369769,-0.22,280,2975,0,0,0,0,0,0,0,0,0
369818,-0.22,61,3222,0,0,0,0,0,0,0,0,0
369867,-0.21,-60,3146,0,0,0,0,0,0,0,0,0
369916,-0.23,-115,2941,0,0,0,0,0,0,0,0,0
369965,-0.23,-166,2830,0,0,0,0,0,0,0,0,0
370014,-0.16,-229,2789,0,0,0,0,0,0,0,0,0
370063,-0.21,-285,2823,0,0,0,0,0,0,0,0,0
370112,-0.18,-311,2882,0,0,0,0,0,0,0,0,0
370161,-0.21,-303,2864,0,0,0,0,0,0,0,0,0
370210,-0.16,-276,2903,0,0,0,0,0,0,0,0,0
370259,-0.26,-175,3934,0,0,0,0,0,0,0,0,0
370308,-0.22,74,4095,0,0,0,0,0,0,0,0,0
370357,-0.21,392,4007,0,0,0,0,0,0,0,0,0
370406,-0.19,572,3002,0,0,0,0,0,0,0,0,0
370455,-0.20,486,2791,0,0,0,0,0,0,0,0,0
370504,-0.28,238,3071,0,0,0,0,0,0,0,0,0
370553,-0.19,36,3324,0,0,0,0,0,0,0,0,0
370602,-0.28,-52,3125,0,0,0,0,0,0,0,0,0
370651,-0.16,-92,2913,0,0,0,0,0,0,0,0,0
370700,-0.23,-146,2847,0,0,0,0,0,0,0,0,0
370749,-0.19,-206,2914,0,0,0,0,0,0,0,0,0
370798,-0.22,-238,3008,0,0,0,0,0,0,0,0,0
370847,-0.18,-230,2971,0,0,0,0,0,0,0,0,0
370896,-0.14,-189,3190,0,0,0,0,0,0,0,0,0
370945,-0.25,-59,4095,0,0,0,0,0,0,0,0,0
370994,-0.17,200,4095,0,0,0,0,0,0,0,0,0
