=== Blood Pressure Measurement Report - Run #1 ===

Baseline HR: 77.0 BPM
Valid interval: 437-1500 ms

*** ENSEMBLE RESULT ***
Ensemble Systolic: 109 mmHg
Confidence: 0.070
95% CI: [107 - 111] mmHg
Agreement: 1647/360 detectors

MAP: 96 mmHg
Est. Diastolic: 89 mmHg
Oscillometric MAP Systolic: -1 mmHg
Oscillometric MAP Diastolic: -1 mmHg

--- DETECTOR PERFORMANCE SUMMARY ---

Detector                           Best        Conf         | Rank  Best        Error       
-----------------------------------------------------------------------------------------------
BL_W60_T1.8_D10                    125         0.420        | 273   125         11.8        
BL_W130_T1.8_D8                    98          0.420        | 346   98          15.4        
BL_W50_T2.2_D6                     124         0.420        | 267   124         11.4        
BL_W50_T2.2_D8                     125         0.420        | 271   125         11.8        
BL_W130_T1.8_D6                    98          0.420        | 347   98          15.4        
BL_W130_T1.8_D4                    98          0.420        | 348   98          15.4        
BL_W130_T1.8_D2                    98          0.420        | 349   98          15.4        
BL_W120_T1.8_D6                    98          0.420        | 352   98          15.4        
BL_W120_T1.8_D8                    98          0.420        | 357   98          15.4        
BL_W120_T1.8_D10                   98          0.420        | 358   98          15.4        
BL_W120_T1.8_D15                   98          0.420        | 360   98          15.4        
BL_W130_T1.8_D10                   98          0.420        | 345   98          15.4        
BL_W50_T2.4_D6                     124         0.420        | 268   124         11.4        
BL_W50_T2.4_D8                     125         0.420        | 278   125         11.8        
BL_W60_T1.8_D8                     125         0.420        | 282   125         12.0        
BL_W60_T2.2_D10                    125         0.420        | 272   125         11.8        
BL_W60_T2.2_D8                     125         0.420        | 281   125         12.0        
BL_W120_T1.8_D20                   98          0.420        | 336   98          15.4        
BL_W120_T1.8_D25                   98          0.420        | 331   98          15.4        
BL_W120_T1.8_D40                   98          0.420        | 334   98          15.4        
BL_W120_T1.8_D30                   98          0.420        | 332   98          15.4        
BL_W130_T1.8_D15                   98          0.420        | 311   98          15.4        
BL_W50_T1.8_D6                     124         0.420        | 269   124         11.4        
BL_W50_T1.8_D8                     125         0.420        | 275   125         11.8        
BL_W60_T2.0_D10                    125         0.420        | 277   125         11.8        
BL_W60_T2.0_D8                     125         0.420        | 280   125         12.0        
BL_W60_T2.4_D10                    125         0.420        | 274   125         11.8        
BL_W60_T2.4_D8                     125         0.420        | 279   125         12.0        
BL_W120_T1.8_D2                    98          0.420        | 350   98          15.4        
BL_W50_T2.0_D6                     124         0.420        | 270   124         11.4        
BL_W50_T2.0_D8                     125         0.420        | 276   125         11.8        
BL_W120_T1.8_D4                    98          0.420        | 351   98          15.4        
BL_W130_T1.8_D40                   98          0.420        | 308   98          15.4        
BL_W130_T1.8_D30                   98          0.420        | 309   98          15.4        
BL_W130_T1.8_D25                   98          0.420        | 310   98          15.4        
BL_W130_T1.8_D20                   98          0.420        | 298   98          15.4        
BL_W90_T1.8_D20                    119         0.340        | 157   119         5.8         
BL_W90_T1.8_D15                    119         0.340        | 224   119         6.0         
BL_W90_T1.8_D10                    119         0.340        | 264   119         6.2         
BL_W90_T2.0_D20                    119         0.340        | 156   119         5.8         
BL_W90_T1.8_D8                     119         0.340        | 265   119         6.2         
BL_W90_T2.0_D2                     119         0.340        | 226   119         6.0         
BL_W90_T2.0_D4                     119         0.340        | 227   119         6.0         
BL_W90_T2.0_D6                     119         0.340        | 228   119         6.0         
BL_W90_T2.0_D8                     119         0.340        | 249   119         6.2         
BL_W90_T2.0_D10                    119         0.340        | 250   119         6.2         
BL_W90_T2.0_D15                    119         0.340        | 174   119         6.0         
BL_W90_T2.4_D4                     119         0.340        | 166   119         5.8         
BL_W90_T2.2_D2                     119         0.340        | 172   119         6.0         
BL_W90_T2.2_D4                     119         0.340        | 170   119         6.0         
BL_W90_T2.2_D6                     119         0.340        | 169   119         6.0         
BL_W90_T2.2_D8                     119         0.340        | 266   119         6.2         
BL_W90_T2.2_D10                    119         0.340        | 263   119         6.2         
BL_W90_T2.2_D15                    119         0.340        | 168   119         6.0         
BL_W90_T2.2_D20                    119         0.340        | 158   119         5.8         
BL_W90_T2.4_D2                     119         0.340        | 165   119         5.8         
BL_W80_T2.0_D2                     119         0.340        | 187   119         6.0         
BL_W80_T2.2_D10                    119         0.340        | 252   119         6.2         
BL_W50_T1.8_D4                     119         0.340        | 229   119         6.0         
BL_W80_T2.0_D4                     119         0.340        | 188   119         6.0         
BL_W80_T2.0_D6                     119         0.340        | 189   119         6.0         
BL_W80_T2.0_D8                     119         0.340        | 255   119         6.2         
BL_W80_T2.0_D10                    119         0.340        | 254   119         6.2         
BL_W80_T2.0_D15                    119         0.340        | 192   119         6.0         
BL_W80_T2.0_D20                    119         0.340        | 163   119         5.8         
BL_W80_T2.2_D2                     119         0.340        | 202   119         6.0         
BL_W80_T2.2_D4                     119         0.340        | 212   119         6.0         
BL_W80_T2.2_D6                     119         0.340        | 241   119         6.0         
BL_W80_T2.2_D8                     119         0.340        | 251   119         6.2         
BL_W90_T1.8_D6                     119         0.340        | 219   119         6.0         
BL_W80_T2.2_D15                    119         0.340        | 244   119         6.0         
BL_W80_T2.2_D20                    119         0.340        | 155   119         5.8         
BL_W80_T2.4_D2                     119         0.340        | 245   119         6.0         
BL_W80_T2.4_D4                     119         0.340        | 221   119         6.0         
BL_W80_T2.4_D6                     119         0.340        | 213   119         6.0         
BL_W80_T2.4_D8                     119         0.340        | 260   119         6.2         
BL_W80_T2.4_D10                    119         0.340        | 262   119         6.2         
BL_W80_T2.4_D15                    119         0.340        | 216   119         6.0         
BL_W80_T2.4_D20                    119         0.340        | 162   119         5.8         
BL_W90_T1.8_D2                     119         0.340        | 217   119         6.0         
BL_W90_T1.8_D4                     119         0.340        | 218   119         6.0         
BL_W120_T2.0_D40                   98          0.340        | 335   98          15.4        
BL_W110_T1.8_D30                   98          0.340        | 325   98          15.4        
BL_W110_T1.8_D40                   98          0.340        | 326   98          15.4        
BL_W120_T2.0_D2                    98          0.340        | 353   98          15.4        
BL_W120_T2.0_D4                    98          0.340        | 343   98          15.4        
BL_W120_T2.0_D6                    98          0.340        | 342   98          15.4        
BL_W120_T2.0_D8                    98          0.340        | 341   98          15.4        
BL_W120_T2.0_D10                   98          0.340        | 340   98          15.4        
BL_W120_T2.0_D15                   98          0.340        | 339   98          15.4        
BL_W120_T2.0_D20                   98          0.340        | 338   98          15.4        
BL_W120_T2.0_D25                   98          0.340        | 337   98          15.4        
BL_W120_T2.0_D30                   98          0.340        | 327   98          15.4        
BL_W110_T1.8_D25                   98          0.340        | 324   98          15.4        
BL_W130_T2.0_D2                    98          0.340        | 307   98          15.4        
BL_W130_T2.0_D4                    98          0.340        | 306   98          15.4        
BL_W130_T2.0_D6                    98          0.340        | 305   98          15.4        
BL_W130_T2.0_D8                    98          0.340        | 304   98          15.4        
BL_W130_T2.0_D10                   98          0.340        | 303   98          15.4        
BL_W130_T2.0_D15                   98          0.340        | 302   98          15.4        
BL_W130_T2.0_D20                   98          0.340        | 301   98          15.4        
BL_W130_T2.0_D25                   98          0.340        | 300   98          15.4        
BL_W130_T2.0_D30                   98          0.340        | 299   98          15.4        
BL_W130_T2.0_D40                   98          0.340        | 297   98          15.4        
BL_W100_T1.8_D20                   98          0.340        | 329   98          15.4        
BL_W90_T2.4_D8                     119         0.340        | 256   119         6.2         
BL_W90_T2.4_D10                    119         0.340        | 253   119         6.2         
BL_W90_T2.4_D15                    119         0.340        | 173   119         6.0         
BL_W90_T2.4_D20                    119         0.340        | 164   119         5.8         
BL_W100_T1.8_D2                    98          0.340        | 344   98          15.4        
BL_W100_T1.8_D4                    98          0.340        | 354   98          15.4        
BL_W100_T1.8_D6                    98          0.340        | 355   98          15.4        
BL_W100_T1.8_D8                    98          0.340        | 356   98          15.4        
BL_W100_T1.8_D10                   98          0.340        | 359   98          15.4        
BL_W100_T1.8_D15                   98          0.340        | 328   98          15.4        
BL_W90_T2.4_D6                     119         0.340        | 167   119         5.8         
BL_W100_T1.8_D25                   98          0.340        | 330   98          15.4        
BL_W100_T1.8_D30                   98          0.340        | 333   98          15.4        
BL_W100_T1.8_D40                   98          0.340        | 312   98          15.4        
BL_W110_T1.8_D2                    98          0.340        | 316   98          15.4        
BL_W110_T1.8_D4                    98          0.340        | 317   98          15.4        
BL_W110_T1.8_D6                    98          0.340        | 318   98          15.4        
BL_W110_T1.8_D8                    98          0.340        | 319   98          15.4        
BL_W110_T1.8_D10                   98          0.340        | 320   98          15.4        
BL_W110_T1.8_D15                   98          0.340        | 321   98          15.4        
BL_W110_T1.8_D20                   98          0.340        | 322   98          15.4        
BL_W50_T2.4_D10                    119         0.340        | 242   119         6.0         
BL_W60_T1.8_D15                    119         0.340        | 236   119         6.0         
BL_W60_T1.8_D6                     119         0.340        | 237   119         6.0         
BL_W70_T1.8_D10                    119         0.340        | 200   119         6.0         
BL_W70_T1.8_D15                    119         0.340        | 199   119         6.0         
BL_W60_T1.8_D4                     119         0.340        | 238   119         6.0         
BL_W60_T1.8_D2                     119         0.340        | 239   119         6.0         
BL_W70_T2.0_D2                     119         0.340        | 198   119         6.0         
BL_W50_T2.4_D20                    119         0.340        | 145   119         5.6         
BL_W50_T2.4_D15                    119         0.340        | 240   119         6.0         
BL_W60_T1.8_D20                    119         0.340        | 147   119         5.6         
BL_W70_T2.0_D4                     119         0.340        | 197   119         6.0         
BL_W70_T2.0_D6                     119         0.340        | 196   119         6.0         
BL_W70_T2.0_D8                     119         0.340        | 248   119         6.2         
BL_W70_T2.0_D10                    119         0.340        | 195   119         6.0         
BL_W70_T2.0_D15                    119         0.340        | 194   119         6.0         
BL_W70_T2.0_D20                    119         0.340        | 151   119         5.6         
BL_W50_T2.4_D4                     119         0.340        | 160   119         5.8         
BL_W50_T2.4_D2                     119         0.340        | 159   119         5.8         
BL_W50_T2.2_D20                    119         0.340        | 144   119         5.6         
BL_W60_T2.4_D2                     119         0.340        | 175   119         6.0         
BL_W60_T2.2_D4                     119         0.340        | 191   119         6.0         
BL_W60_T2.2_D6                     119         0.340        | 190   119         6.0         
BL_W60_T2.2_D2                     119         0.340        | 231   119         6.0         
BL_W60_T2.0_D20                    119         0.340        | 149   119         5.6         
BL_W60_T2.0_D15                    119         0.340        | 232   119         6.0         
BL_W60_T2.0_D6                     119         0.340        | 233   119         6.0         
BL_W60_T2.0_D4                     119         0.340        | 234   119         6.0         
BL_W60_T2.2_D15                    119         0.340        | 186   119         6.0         
BL_W60_T2.2_D20                    119         0.340        | 143   119         5.6         
BL_W70_T1.8_D20                    119         0.340        | 150   119         5.6         
BL_W60_T2.4_D4                     119         0.340        | 183   119         6.0         
BL_W60_T2.4_D6                     119         0.340        | 177   119         6.0         
BL_W60_T2.4_D15                    119         0.340        | 209   119         6.0         
BL_W60_T2.4_D20                    119         0.340        | 153   119         5.6         
BL_W60_T2.0_D2                     119         0.340        | 235   119         6.0         
BL_W70_T1.8_D2                     119         0.340        | 208   119         6.0         
BL_W70_T1.8_D4                     119         0.340        | 205   119         6.0         
BL_W70_T1.8_D6                     119         0.340        | 201   119         6.0         
BL_W70_T1.8_D8                     119         0.340        | 247   119         6.2         
BL_W50_T2.2_D15                    119         0.340        | 243   119         6.0         
BL_W50_T2.0_D10                    119         0.340        | 220   119         6.0         
BL_W50_T2.0_D4                     119         0.340        | 211   119         6.0         
BL_W70_T2.4_D6                     119         0.340        | 176   119         6.0         
BL_W70_T2.4_D8                     119         0.340        | 259   119         6.2         
BL_W70_T2.4_D10                    119         0.340        | 178   119         6.0         
BL_W70_T2.4_D15                    119         0.340        | 179   119         6.0         
BL_W70_T2.4_D20                    119         0.340        | 154   119         5.6         
BL_W50_T2.0_D2                     119         0.340        | 222   119         6.0         
BL_W50_T1.8_D20                    119         0.340        | 148   119         5.6         
BL_W50_T1.8_D15                    119         0.340        | 223   119         6.0         
BL_W80_T1.8_D2                     119         0.340        | 180   119         6.0         
BL_W80_T1.8_D4                     119         0.340        | 181   119         6.0         
BL_W80_T1.8_D6                     119         0.340        | 182   119         6.0         
BL_W80_T1.8_D8                     119         0.340        | 258   119         6.2         
BL_W80_T1.8_D10                    119         0.340        | 257   119         6.2         
BL_W80_T1.8_D15                    119         0.340        | 185   119         6.0         
BL_W50_T1.8_D10                    119         0.340        | 225   119         6.0         
BL_W50_T1.8_D2                     119         0.340        | 171   119         6.0         
BL_W80_T1.8_D20                    119         0.340        | 161   119         5.8         
BL_W70_T2.4_D4                     119         0.340        | 184   119         6.0         
BL_W50_T2.2_D10                    119         0.340        | 230   119         6.0         
BL_W70_T2.2_D2                     119         0.340        | 193   119         6.0         
BL_W70_T2.2_D4                     119         0.340        | 203   119         6.0         
BL_W70_T2.2_D6                     119         0.340        | 204   119         6.0         
BL_W70_T2.2_D8                     119         0.340        | 261   119         6.2         
BL_W70_T2.2_D10                    119         0.340        | 206   119         6.0         
BL_W50_T2.2_D4                     119         0.340        | 246   119         6.0         
BL_W50_T2.2_D2                     119         0.340        | 214   119         6.0         
BL_W70_T2.2_D15                    119         0.340        | 207   119         6.0         
BL_W70_T2.2_D20                    119         0.340        | 152   119         5.6         
BL_W50_T2.0_D15                    119         0.340        | 215   119         6.0         
BL_W70_T2.4_D2                     119         0.340        | 210   119         6.0         
BL_W50_T2.0_D20                    119         0.340        | 146   119         5.6         
BL_W110_T2.2_D6                    116         0.260        | 111   116         2.7         
BL_W110_T2.2_D8                    116         0.260        | 125   116         2.7         
BL_W110_T2.2_D4                    116         0.260        | 117   116         2.7         
BL_W110_T2.2_D2                    116         0.260        | 106   116         2.7         
BL_W110_T2.0_D30                   115         0.260        | 73    115         2.4         
BL_W110_T2.0_D25                   116         0.260        | 105   116         2.7         
BL_W110_T2.0_D20                   116         0.260        | 97    116         2.7         
BL_W110_T2.0_D15                   116         0.260        | 139   116         3.0         
BL_W110_T2.0_D10                   116         0.260        | 135   116         3.0         
BL_W110_T2.0_D8                    116         0.260        | 130   116         2.7         
BL_W110_T2.0_D6                    116         0.260        | 107   116         2.7         
BL_W110_T2.0_D4                    116         0.260        | 128   116         2.7         
BL_W110_T2.0_D2                    116         0.260        | 118   116         2.7         
BL_W50_T2.0_D25                    115         0.260        | 92    115         2.4         
BL_W50_T2.4_D25                    115         0.260        | 89    115         2.4         
BL_W60_T2.0_D25                    115         0.260        | 86    115         2.4         
BL_W60_T2.0_D30                    98          0.260        | 290   98          14.9        
BL_W60_T2.0_D40                    98          0.260        | 293   98          14.9        
BL_W80_T1.8_D25                    115         0.260        | 78    115         2.4         
BL_W50_T2.2_D25                    115         0.260        | 85    115         2.4         
BL_W60_T1.8_D25                    115         0.260        | 87    115         2.4         
BL_W110_T2.4_D30                   115         0.260        | 88    115         2.4         
BL_W110_T2.4_D25                   116         0.260        | 116   116         2.7         
BL_W50_T1.8_D40                    99          0.260        | 285   99          14.3        
BL_W50_T1.8_D30                    99          0.260        | 284   99          14.3        
BL_W50_T1.8_D25                    115         0.260        | 94    115         2.4         
BL_W60_T1.8_D30                    98          0.260        | 288   98          14.9        
BL_W50_T2.0_D40                    99          0.260        | 286   99          14.3        
BL_W110_T2.4_D20                   116         0.260        | 115   116         2.7         
BL_W110_T2.4_D15                   116         0.260        | 133   116         3.0         
BL_W110_T2.4_D10                   116         0.260        | 134   116         3.0         
BL_W60_T1.8_D40                    98          0.260        | 289   98          14.9        
BL_W50_T2.0_D30                    99          0.260        | 283   99          14.3        
BL_W110_T2.4_D8                    116         0.260        | 112   116         2.7         
BL_W110_T2.4_D6                    116         0.260        | 104   116         2.7         
BL_W110_T2.4_D4                    116         0.260        | 103   116         2.7         
BL_W110_T2.4_D2                    116         0.260        | 98    116         2.7         
BL_W110_T2.2_D30                   115         0.260        | 91    115         2.4         
BL_W110_T2.2_D25                   116         0.260        | 96    116         2.7         
BL_W110_T2.2_D20                   116         0.260        | 126   116         2.7         
BL_W110_T2.2_D15                   116         0.260        | 140   116         3.0         
BL_W110_T2.2_D10                   116         0.260        | 132   116         3.0         
BL_W90_T1.8_D30                    115         0.260        | 62    115         2.2         
BL_W60_T2.2_D25                    115         0.260        | 90    115         2.4         
BL_W60_T2.2_D30                    98          0.260        | 291   98          14.9        
BL_W60_T2.2_D40                    98          0.260        | 292   98          14.9        
BL_W90_T2.4_D30                    115         0.260        | 67    115         2.2         
BL_W90_T2.4_D25                    115         0.260        | 82    115         2.4         
BL_W60_T2.4_D25                    115         0.260        | 93    115         2.4         
BL_W90_T2.2_D30                    115         0.260        | 66    115         2.2         
BL_W90_T2.2_D25                    115         0.260        | 81    115         2.4         
BL_W70_T1.8_D25                    115         0.260        | 74    115         2.4         
BL_W70_T1.8_D30                    98          0.260        | 296   98          14.9        
BL_W70_T1.8_D40                    98          0.260        | 295   98          14.9        
BL_W90_T2.0_D30                    115         0.260        | 64    115         2.2         
BL_W90_T2.0_D25                    115         0.260        | 69    115         2.4         
BL_W70_T2.0_D25                    115         0.260        | 72    115         2.4         
BL_W90_T1.8_D40                    98          0.260        | 323   98          15.4        
BL_W100_T2.4_D30                   115         0.260        | 70    115         2.4         
BL_W80_T1.8_D30                    115         0.260        | 63    115         2.2         
BL_W80_T1.8_D40                    98          0.260        | 313   98          15.4        
BL_W80_T2.0_D25                    115         0.260        | 80    115         2.4         
BL_W80_T2.0_D30                    115         0.260        | 65    115         2.2         
BL_W70_T2.4_D25                    115         0.260        | 76    115         2.4         
BL_W80_T2.2_D25                    115         0.260        | 83    115         2.4         
BL_W80_T2.2_D30                    115         0.260        | 61    115         2.2         
BL_W70_T2.2_D40                    98          0.260        | 314   98          15.4        
BL_W70_T2.2_D30                    98          0.260        | 315   98          15.4        
BL_W70_T2.2_D25                    115         0.260        | 71    115         2.4         
BL_W90_T1.8_D25                    115         0.260        | 77    115         2.4         
BL_W70_T2.0_D30                    98          0.260        | 287   98          14.9        
BL_W70_T2.0_D40                    98          0.260        | 294   98          14.9        
BL_W80_T2.4_D25                    115         0.260        | 84    115         2.4         
BL_W80_T2.4_D30                    115         0.260        | 68    115         2.2         
BL_W100_T2.2_D30                   115         0.260        | 75    115         2.4         
BL_W100_T2.2_D2                    116         0.260        | 102   116         2.7         
BL_W100_T2.2_D4                    116         0.260        | 101   116         2.7         
BL_W100_T2.2_D6                    116         0.260        | 100   116         2.7         
BL_W100_T2.2_D8                    116         0.260        | 99    116         2.7         
BL_W100_T2.2_D10                   116         0.260        | 141   116         3.0         
BL_W100_T2.2_D15                   116         0.260        | 142   116         3.0         
BL_W100_T2.2_D20                   116         0.260        | 129   116         2.7         
BL_W100_T2.2_D25                   116         0.260        | 127   116         2.7         
BL_W100_T2.0_D4                    116         0.260        | 113   116         2.7         
BL_W100_T2.4_D2                    116         0.260        | 124   116         2.7         
BL_W100_T2.4_D4                    116         0.260        | 123   116         2.7         
BL_W100_T2.4_D6                    116         0.260        | 122   116         2.7         
BL_W100_T2.4_D8                    116         0.260        | 121   116         2.7         
BL_W100_T2.4_D10                   116         0.260        | 138   116         3.0         
BL_W100_T2.4_D15                   116         0.260        | 136   116         3.0         
BL_W100_T2.4_D20                   116         0.260        | 119   116         2.7         
BL_W100_T2.4_D25                   116         0.260        | 120   116         2.7         
BL_W100_T2.0_D2                    116         0.260        | 114   116         2.7         
BL_W100_T2.0_D6                    116         0.260        | 110   116         2.7         
BL_W100_T2.0_D15                   116         0.260        | 131   116         3.0         
BL_W100_T2.0_D8                    116         0.260        | 109   116         2.7         
BL_W100_T2.0_D30                   115         0.260        | 79    115         2.4         
BL_W100_T2.0_D20                   116         0.260        | 108   116         2.7         
BL_W100_T2.0_D10                   116         0.260        | 137   116         3.0         
BL_W100_T2.0_D25                   116         0.260        | 95    116         2.7         
BL_W80_T2.0_D40                    112         0.126        | 39    112         0.5         
BL_W70_T2.4_D40                    112         0.126        | 41    112         0.5         
BL_W70_T2.4_D30                    112         0.126        | 43    112         0.5         
BL_W130_T2.4_D6                    113         0.126        | 28    113         0.2         
BL_W100_T2.4_D40                   112         0.126        | 47    112         0.5         
BL_W130_T2.4_D8                    113         0.126        | 27    113         0.2         
BL_W80_T2.2_D40                    112         0.126        | 58    112         0.5         
BL_W130_T2.4_D20                   113         0.126        | 22    113         0.2         
BL_W130_T2.4_D10                   113         0.126        | 26    113         0.2         
BL_W130_T2.4_D15                   113         0.126        | 23    113         0.2         
BL_W130_T2.4_D40                   112         0.126        | 52    112         0.5         
BL_W130_T2.4_D4                    113         0.126        | 29    113         0.2         
BL_W130_T2.2_D30                   113         0.126        | 32    113         0.2         
BL_W130_T2.2_D2                    113         0.126        | 7     113         0.2         
BL_W130_T2.2_D4                    113         0.126        | 6     113         0.2         
BL_W130_T2.2_D6                    113         0.126        | 5     113         0.2         
BL_W130_T2.2_D8                    113         0.126        | 4     113         0.2         
BL_W130_T2.2_D10                   113         0.126        | 3     113         0.2         
BL_W130_T2.2_D15                   113         0.126        | 2     113         0.2         
BL_W130_T2.2_D20                   113         0.126        | 10    113         0.2         
BL_W130_T2.2_D25                   113         0.126        | 33    113         0.2         
BL_W130_T2.4_D30                   113         0.126        | 20    113         0.2         
BL_W130_T2.4_D2                    113         0.126        | 30    113         0.2         
BL_W130_T2.2_D40                   112         0.126        | 49    112         0.5         
BL_W130_T2.4_D25                   113         0.126        | 21    113         0.2         
BL_W90_T2.2_D40                    112         0.126        | 48    112         0.5         
BL_W120_T2.2_D6                    113         0.126        | 15    113         0.2         
BL_W120_T2.2_D4                    113         0.126        | 14    113         0.2         
BL_W120_T2.2_D2                    113         0.126        | 13    113         0.2         
BL_W50_T2.2_D30                    112         0.126        | 53    112         0.5         
BL_W50_T2.2_D40                    112         0.126        | 54    112         0.5         
BL_W90_T2.0_D40                    112         0.126        | 50    112         0.5         
BL_W50_T2.4_D30                    112         0.126        | 60    112         0.5         
BL_W50_T2.4_D40                    112         0.126        | 59    112         0.5         
BL_W120_T2.2_D8                    113         0.126        | 12    113         0.2         
BL_W60_T2.4_D40                    112         0.126        | 46    112         0.5         
BL_W60_T2.4_D30                    112         0.126        | 45    112         0.5         
BL_W110_T2.4_D40                   112         0.126        | 37    112         0.5         
BL_W90_T2.4_D40                    112         0.126        | 38    112         0.5         
BL_W110_T2.2_D40                   112         0.126        | 42    112         0.5         
BL_W100_T2.0_D40                   112         0.126        | 40    112         0.5         
BL_W110_T2.0_D40                   112         0.126        | 36    112         0.5         
BL_W100_T2.2_D40                   112         0.126        | 44    112         0.5         
BL_W120_T2.4_D4                    113         0.126        | 31    113         0.2         
BL_W120_T2.4_D40                   112         0.126        | 51    112         0.5         
BL_W120_T2.4_D30                   112         0.126        | 57    112         0.5         
BL_W120_T2.4_D25                   113         0.126        | 16    113         0.2         
BL_W120_T2.4_D20                   113         0.126        | 17    113         0.2         
BL_W120_T2.4_D15                   113         0.126        | 18    113         0.2         
BL_W120_T2.4_D10                   113         0.126        | 8     113         0.2         
BL_W120_T2.4_D8                    113         0.126        | 19    113         0.2         
BL_W120_T2.4_D6                    113         0.126        | 34    113         0.2         
BL_W80_T2.4_D40                    112         0.126        | 55    112         0.5         
BL_W120_T2.4_D2                    113         0.126        | 25    113         0.2         
BL_W120_T2.2_D40                   112         0.126        | 56    112         0.5         
BL_W120_T2.2_D30                   112         0.126        | 35    112         0.5         
BL_W120_T2.2_D25                   113         0.126        | 24    113         0.2         
BL_W120_T2.2_D20                   113         0.126        | 9     113         0.2         
BL_W120_T2.2_D15                   113         0.126        | 1     113         0.2         
BL_W120_T2.2_D10                   113         0.126        | 11    113         0.2         


=== DETAILED DETECTOR RESULTS ===

Detector: BL_W50_T1.8_D2
Best Detection: 119 mmHg (confidence: 0.340)
Top 10 readings:
  Rank  Pressure    Confidence  
  ------------------------------
  1     119         0.340
  2     116         0.260
  3     99          0.260
  4     112         0.126
  5     111         0.126
  6     95          0.126
  7     93          0.050
  8     110         0.010
  9     108         0.010

Detector: BL_W50_T1.8_D4
Best Detection: 119 mmHg (confidence: 0.340)
Top 10 readings:
  Rank  Pressure    Confidence  
  ------------------------------
  1     119         0.340
  2     116         0.260
  3     99          0.260
  4     112         0.126
  5     111         0.126
  6     95          0.126
  7     93          0.050
  8     110         0.010
  9     108         0.010

Detector: BL_W50_T1.8_D6
Best Detection: 124 mmHg (confidence: 0.420)
Top 10 readings:
  Rank  Pressure    Confidence  
  ------------------------------
  1     124         0.420
  2     119         0.340
  3     116         0.260
  4     99          0.260
  5     112         0.126
  6     111         0.126
  7     95          0.126
  8     93          0.050
  9     110         0.010
  10    108         0.010

Detector: BL_W50_T1.8_D8
Best Detection: 125 mmHg (confidence: 0.420)
Top 10 readings:
  Rank  Pressure    Confidence  
  ------------------------------
  1     125         0.420
  2     119         0.340
  3     116         0.260
  4     99          0.260
  5     112         0.126
  6     111         0.126
  7     95          0.126
  8     93          0.050
  9     110         0.010
  10    108         0.010

Detector: BL_W50_T1.8_D10
Best Detection: 119 mmHg (confidence: 0.340)
Top 10 readings:
  Rank  Pressure    Confidence  
  ------------------------------
  1     119         0.340
  2     116         0.260
  3     99          0.260
  4     112         0.126
  5     111         0.126
  6     95          0.126
  7     93          0.050
  8     110         0.010
  9     108         0.010

Detector: BL_W50_T1.8_D15
Best Detection: 119 mmHg (confidence: 0.340)
Top 10 readings:
  Rank  Pressure    Confidence  
  ------------------------------
  1     119         0.340
  2     116         0.260
  3     99          0.260
  4     112         0.126
  5     111         0.126
  6     95          0.126
  7     93          0.050
  8     110         0.010
  9     108         0.010

Detector: BL_W50_T1.8_D20
Best Detection: 119 mmHg (confidence: 0.340)
Top 10 readings:
  Rank  Pressure    Confidence  
  ------------------------------
  1     119         0.340
  2     116         0.260
  3     99          0.260
  4     113         0.126
  5     111         0.126
  6     95          0.126
  7     93          0.050
  8     110         0.010
  9     108         0.010

Detector: BL_W50_T1.8_D25
Best Detection: 115 mmHg (confidence: 0.260)
Top 10 readings:
  Rank  Pressure    Confidence  
  ------------------------------
  1     115         0.260
  2     99          0.260
  3     113         0.126
  4     111         0.126
  5     95          0.126
  6     93          0.050
  7     110         0.010
  8     108         0.010

Detector: BL_W50_T1.8_D30
Best Detection: 99 mmHg (confidence: 0.260)
Top 10 readings:
  Rank  Pressure    Confidence  
  ------------------------------
  1     99          0.260
  2     112         0.126
  3     111         0.126
  4     95          0.126
  5     93          0.050
  6     110         0.010
  7     108         0.010

Detector: BL_W50_T1.8_D40
Best Detection: 99 mmHg (confidence: 0.260)
Top 10 readings:
  Rank  Pressure    Confidence  
  ------------------------------
  1     99          0.260
  2     112         0.126
  3     111         0.126
  4     95          0.126
  5     93          0.050
  6     110         0.010
  7     108         0.010

Detector: BL_W50_T2.0_D2
Best Detection: 119 mmHg (confidence: 0.340)
Top 10 readings:
  Rank  Pressure    Confidence  
  ------------------------------
  1     119         0.340
  2     116         0.260
  3     99          0.260
  4     112         0.126
  5     95          0.126
  6     93          0.050
  7     110         0.010
  8     108         0.010

Detector: BL_W50_T2.0_D4
Best Detection: 119 mmHg (confidence: 0.340)
Top 10 readings:
  Rank  Pressure    Confidence  
  ------------------------------
  1     119         0.340
  2     116         0.260
  3     99          0.260
  4     112         0.126
  5     95          0.126
  6     93          0.050
  7     110         0.010
  8     108         0.010

Detector: BL_W50_T2.0_D6
Best Detection: 124 mmHg (confidence: 0.420)
Top 10 readings:
  Rank  Pressure    Confidence  
  ------------------------------
  1     124         0.420
  2     119         0.340
  3     116         0.260
  4     99          0.260
  5     112         0.126
  6     95          0.126
  7     93          0.050
  8     110         0.010
  9     108         0.010

Detector: BL_W50_T2.0_D8
Best Detection: 125 mmHg (confidence: 0.420)
Top 10 readings:
  Rank  Pressure    Confidence  
  ------------------------------
  1     125         0.420
  2     119         0.340
  3     116         0.260
  4     99          0.260
  5     112         0.126
  6     95          0.126
  7     93          0.050
  8     110         0.010
  9     108         0.010

Detector: BL_W50_T2.0_D10
Best Detection: 119 mmHg (confidence: 0.340)
Top 10 readings:
  Rank  Pressure    Confidence  
  ------------------------------
  1     119         0.340
  2     116         0.260
  3     99          0.260
  4     112         0.126
  5     95          0.126
  6     93          0.050
  7     110         0.010
  8     108         0.010

Detector: BL_W50_T2.0_D15
Best Detection: 119 mmHg (confidence: 0.340)
Top 10 readings:
  Rank  Pressure    Confidence  
  ------------------------------
  1     119         0.340
  2     116         0.260
  3     99          0.260
  4     112         0.126
  5     95          0.126
  6     93          0.050
  7     110         0.010
  8     108         0.010

Detector: BL_W50_T2.0_D20
Best Detection: 119 mmHg (confidence: 0.340)
Top 10 readings:
  Rank  Pressure    Confidence  
  ------------------------------
  1     119         0.340
  2     116         0.260
  3     99          0.260
  4     113         0.126
  5     111         0.126
  6     95          0.126
  7     93          0.050
  8     110         0.010
  9     108         0.010

Detector: BL_W50_T2.0_D25
Best Detection: 115 mmHg (confidence: 0.260)
Top 10 readings:
  Rank  Pressure    Confidence  
  ------------------------------
  1     115         0.260
  2     99          0.260
  3     113         0.126
  4     111         0.126
  5     95          0.126
  6     93          0.050
  7     110         0.010
  8     108         0.010

Detector: BL_W50_T2.0_D30
Best Detection: 99 mmHg (confidence: 0.260)
Top 10 readings:
  Rank  Pressure    Confidence  
  ------------------------------
  1     99          0.260
  2     112         0.126
  3     95          0.126
  4     93          0.050
  5     110         0.010
  6     108         0.010

Detector: BL_W50_T2.0_D40
Best Detection: 99 mmHg (confidence: 0.260)
Top 10 readings:
  Rank  Pressure    Confidence  
  ------------------------------
  1     99          0.260
  2     112         0.126
  3     111         0.126
  4     95          0.126
  5     93          0.050
  6     110         0.010
  7     108         0.010

Detector: BL_W50_T2.2_D2
Best Detection: 119 mmHg (confidence: 0.340)
Top 10 readings:
  Rank  Pressure    Confidence  
  ------------------------------
  1     119         0.340
  2     115         0.260
  3     112         0.126
  4     98          0.050
  5     110         0.010

Detector: BL_W50_T2.2_D4
Best Detection: 119 mmHg (confidence: 0.340)
Top 10 readings:
  Rank  Pressure    Confidence  
  ------------------------------
  1     119         0.340
  2     115         0.260
  3     112         0.126
  4     98          0.050
  5     110         0.010

Detector: BL_W50_T2.2_D6
Best Detection: 124 mmHg (confidence: 0.420)
Top 10 readings:
  Rank  Pressure    Confidence  
  ------------------------------
  1     124         0.420
  2     119         0.340
  3     115         0.260
  4     112         0.126
  5     98          0.050
  6     110         0.010

Detector: BL_W50_T2.2_D8
Best Detection: 125 mmHg (confidence: 0.420)
Top 10 readings:
  Rank  Pressure    Confidence  
  ------------------------------
  1     125         0.420
  2     119         0.340
  3     115         0.260
  4     112         0.126
  5     98          0.050
  6     110         0.010

Detector: BL_W50_T2.2_D10
Best Detection: 119 mmHg (confidence: 0.340)
Top 10 readings:
  Rank  Pressure    Confidence  
  ------------------------------
  1     119         0.340
  2     115         0.260
  3     112         0.126
  4     98          0.050
  5     110         0.010

Detector: BL_W50_T2.2_D15
Best Detection: 119 mmHg (confidence: 0.340)
Top 10 readings:
  Rank  Pressure    Confidence  
  ------------------------------
  1     119         0.340
  2     116         0.260
  3     112         0.126
  4     98          0.050
  5     110         0.010

Detector: BL_W50_T2.2_D20
Best Detection: 119 mmHg (confidence: 0.340)
Top 10 readings:
  Rank  Pressure    Confidence  
  ------------------------------
  1     119         0.340
  2     116         0.260
  3     113         0.126
  4     111         0.126
  5     98          0.050
  6     110         0.010

Detector: BL_W50_T2.2_D25
Best Detection: 115 mmHg (confidence: 0.260)
Top 10 readings:
  Rank  Pressure    Confidence  
  ------------------------------
  1     115         0.260
  2     113         0.126
  3     111         0.126
  4     98          0.050
  5     110         0.010

Detector: BL_W50_T2.2_D30
Best Detection: 112 mmHg (confidence: 0.126)
Top 10 readings:
  Rank  Pressure    Confidence  
  ------------------------------
  1     112         0.126
  2     98          0.050
  3     110         0.010

Detector: BL_W50_T2.2_D40
Best Detection: 112 mmHg (confidence: 0.126)
Top 10 readings:
  Rank  Pressure    Confidence  
  ------------------------------
  1     112         0.126
  2     111         0.126
  3     98          0.050
  4     110         0.010
  5     108         0.010

Detector: BL_W50_T2.4_D2
Best Detection: 119 mmHg (confidence: 0.340)
Top 10 readings:
  Rank  Pressure    Confidence  
  ------------------------------
  1     119         0.340
  2     115         0.260
  3     112         0.126
  4     98          0.050
  5     110         0.010

Detector: BL_W50_T2.4_D4
Best Detection: 119 mmHg (confidence: 0.340)
Top 10 readings:
  Rank  Pressure    Confidence  
  ------------------------------
  1     119         0.340
  2     115         0.260
  3     112         0.126
  4     98          0.050
  5     110         0.010

Detector: BL_W50_T2.4_D6
Best Detection: 124 mmHg (confidence: 0.420)
Top 10 readings:
  Rank  Pressure    Confidence  
  ------------------------------
  1     124         0.420
  2     119         0.340
  3     115         0.260
  4     112         0.126
  5     98          0.050
  6     110         0.010

Detector: BL_W50_T2.4_D8
Best Detection: 125 mmHg (confidence: 0.420)
Top 10 readings:
  Rank  Pressure    Confidence  
  ------------------------------
  1     125         0.420
  2     119         0.340
  3     115         0.260
  4     112         0.126
  5     98          0.050
  6     110         0.010

Detector: BL_W50_T2.4_D10
Best Detection: 119 mmHg (confidence: 0.340)
Top 10 readings:
  Rank  Pressure    Confidence  
  ------------------------------
  1     119         0.340
  2     115         0.260
  3     112         0.126
  4     98          0.050
  5     110         0.010

Detector: BL_W50_T2.4_D15
Best Detection: 119 mmHg (confidence: 0.340)
Top 10 readings:
  Rank  Pressure    Confidence  
  ------------------------------
  1     119         0.340
  2     116         0.260
  3     112         0.126
  4     98          0.050
  5     110         0.010

Detector: BL_W50_T2.4_D20
Best Detection: 119 mmHg (confidence: 0.340)
Top 10 readings:
  Rank  Pressure    Confidence  
  ------------------------------
  1     119         0.340
  2     116         0.260
  3     113         0.126
  4     98          0.050
  5     110         0.010

Detector: BL_W50_T2.4_D25
Best Detection: 115 mmHg (confidence: 0.260)
Top 10 readings:
  Rank  Pressure    Confidence  
  ------------------------------
  1     115         0.260
  2     113         0.126
  3     98          0.050
  4     110         0.010

Detector: BL_W50_T2.4_D30
Best Detection: 112 mmHg (confidence: 0.126)
Top 10 readings:
  Rank  Pressure    Confidence  
  ------------------------------
  1     112         0.126
  2     98          0.050
  3     110         0.010

Detector: BL_W50_T2.4_D40
Best Detection: 112 mmHg (confidence: 0.126)
Top 10 readings:
  Rank  Pressure    Confidence  
  ------------------------------
  1     112         0.126
  2     111         0.126
  3     98          0.050
  4     110         0.010

Detector: BL_W60_T1.8_D2
Best Detection: 119 mmHg (confidence: 0.340)
Top 10 readings:
  Rank  Pressure    Confidence  
  ------------------------------
  1     119         0.340
  2     116         0.260
  3     98          0.260
  4     113         0.126
  5     111         0.126
  6     96          0.126
  7     94          0.050
  8     110         0.010
  9     108         0.010

Detector: BL_W60_T1.8_D4
Best Detection: 119 mmHg (confidence: 0.340)
Top 10 readings:
  Rank  Pressure    Confidence  
  ------------------------------
  1     119         0.340
  2     116         0.260
  3     98          0.260
  4     113         0.126
  5     111         0.126
  6     96          0.126
  7     94          0.050
  8     110         0.010
  9     108         0.010

Detector: BL_W60_T1.8_D6
Best Detection: 119 mmHg (confidence: 0.340)
Top 10 readings:
  Rank  Pressure    Confidence  
  ------------------------------
  1     119         0.340
  2     116         0.260
  3     98          0.260
  4     113         0.126
  5     111         0.126
  6     96          0.126
  7     94          0.050
  8     110         0.010
  9     108         0.010

Detector: BL_W60_T1.8_D8
Best Detection: 125 mmHg (confidence: 0.420)
Top 10 readings:
  Rank  Pressure    Confidence  
  ------------------------------
  1     125         0.420
  2     119         0.340
  3     116         0.260
  4     98          0.260
  5     113         0.126
  6     111         0.126
  7     96          0.126
  8     94          0.050
  9     110         0.010
  10    108         0.010

Detector: BL_W60_T1.8_D10
Best Detection: 125 mmHg (confidence: 0.420)
Top 10 readings:
  Rank  Pressure    Confidence  
  ------------------------------
  1     125         0.420
  2     119         0.340
  3     116         0.260
  4     98          0.260
  5     113         0.126
  6     111         0.126
  7     96          0.126
  8     94          0.050
  9     110         0.010
  10    108         0.010

Detector: BL_W60_T1.8_D15
Best Detection: 119 mmHg (confidence: 0.340)
Top 10 readings:
  Rank  Pressure    Confidence  
  ------------------------------
  1     119         0.340
  2     116         0.260
  3     98          0.260
  4     113         0.126
  5     111         0.126
  6     96          0.126
  7     94          0.050
  8     110         0.010
  9     108         0.010

Detector: BL_W60_T1.8_D20
Best Detection: 119 mmHg (confidence: 0.340)
Top 10 readings:
  Rank  Pressure    Confidence  
  ------------------------------
  1     119         0.340
  2     116         0.260
  3     98          0.260
  4     113         0.126
  5     111         0.126
  6     96          0.126
  7     94          0.050
  8     110         0.010
  9     108         0.010

Detector: BL_W60_T1.8_D25
Best Detection: 115 mmHg (confidence: 0.260)
Top 10 readings:
  Rank  Pressure    Confidence  
  ------------------------------
  1     115         0.260
  2     98          0.260
  3     113         0.126
  4     111         0.126
  5     96          0.126
  6     94          0.050
  7     110         0.010
  8     108         0.010

Detector: BL_W60_T1.8_D30
Best Detection: 98 mmHg (confidence: 0.260)
Top 10 readings:
  Rank  Pressure    Confidence  
  ------------------------------
  1     98          0.260
  2     112         0.126
  3     111         0.126
  4     96          0.126
  5     94          0.050
  6     110         0.010
  7     108         0.010

Detector: BL_W60_T1.8_D40
Best Detection: 98 mmHg (confidence: 0.260)
Top 10 readings:
  Rank  Pressure    Confidence  
  ------------------------------
  1     98          0.260
  2     112         0.126
  3     111         0.126
  4     96          0.126
  5     94          0.050
  6     110         0.010
  7     108         0.010

Detector: BL_W60_T2.0_D2
Best Detection: 119 mmHg (confidence: 0.340)
Top 10 readings:
  Rank  Pressure    Confidence  
  ------------------------------
  1     119         0.340
  2     116         0.260
  3     98          0.260
  4     112         0.126
  5     111         0.126
  6     95          0.126
  7     93          0.050
  8     110         0.010
  9     108         0.010

Detector: BL_W60_T2.0_D4
Best Detection: 119 mmHg (confidence: 0.340)
Top 10 readings:
  Rank  Pressure    Confidence  
  ------------------------------
  1     119         0.340
  2     116         0.260
  3     98          0.260
  4     112         0.126
  5     111         0.126
  6     95          0.126
  7     93          0.050
  8     110         0.010
  9     108         0.010

Detector: BL_W60_T2.0_D6
Best Detection: 119 mmHg (confidence: 0.340)
Top 10 readings:
  Rank  Pressure    Confidence  
  ------------------------------
  1     119         0.340
  2     116         0.260
  3     98          0.260
  4     112         0.126
  5     111         0.126
  6     95          0.126
  7     93          0.050
  8     110         0.010
  9     108         0.010

Detector: BL_W60_T2.0_D8
Best Detection: 125 mmHg (confidence: 0.420)
Top 10 readings:
  Rank  Pressure    Confidence  
  ------------------------------
  1     125         0.420
  2     119         0.340
  3     116         0.260
  4     98          0.260
  5     112         0.126
  6     111         0.126
  7     95          0.126
  8     93          0.050
  9     110         0.010
  10    108         0.010

Detector: BL_W60_T2.0_D10
Best Detection: 125 mmHg (confidence: 0.420)
Top 10 readings:
  Rank  Pressure    Confidence  
  ------------------------------
  1     125         0.420
  2     119         0.340
  3     116         0.260
  4     98          0.260
  5     112         0.126
  6     111         0.126
  7     95          0.126
  8     93          0.050
  9     110         0.010
  10    108         0.010

Detector: BL_W60_T2.0_D15
Best Detection: 119 mmHg (confidence: 0.340)
Top 10 readings:
  Rank  Pressure    Confidence  
  ------------------------------
  1     119         0.340
  2     116         0.260
  3     98          0.260
  4     113         0.126
  5     111         0.126
  6     95          0.126
  7     93          0.050
  8     110         0.010
  9     108         0.010

Detector: BL_W60_T2.0_D20
Best Detection: 119 mmHg (confidence: 0.340)
Top 10 readings:
  Rank  Pressure    Confidence  
  ------------------------------
  1     119         0.340
  2     116         0.260
  3     98          0.260
  4     113         0.126
  5     111         0.126
  6     95          0.126
  7     93          0.050
  8     110         0.010
  9     108         0.010

Detector: BL_W60_T2.0_D25
Best Detection: 115 mmHg (confidence: 0.260)
Top 10 readings:
  Rank  Pressure    Confidence  
  ------------------------------
  1     115         0.260
  2     98          0.260
  3     113         0.126
  4     111         0.126
  5     95          0.126
  6     93          0.050
  7     110         0.010
  8     108         0.010

Detector: BL_W60_T2.0_D30
Best Detection: 98 mmHg (confidence: 0.260)
Top 10 readings:
  Rank  Pressure    Confidence  
  ------------------------------
  1     98          0.260
  2     112         0.126
  3     111         0.126
  4     95          0.126
  5     93          0.050
  6     110         0.010
  7     108         0.010

Detector: BL_W60_T2.0_D40
Best Detection: 98 mmHg (confidence: 0.260)
Top 10 readings:
  Rank  Pressure    Confidence  
  ------------------------------
  1     98          0.260
  2     112         0.126
  3     111         0.126
  4     95          0.126
  5     93          0.050
  6     110         0.010
  7     108         0.010

Detector: BL_W60_T2.2_D2
Best Detection: 119 mmHg (confidence: 0.340)
Top 10 readings:
  Rank  Pressure    Confidence  
  ------------------------------
  1     119         0.340
  2     116         0.260
  3     98          0.260
  4     112         0.126
  5     95          0.126
  6     93          0.050
  7     110         0.010
  8     108         0.010

Detector: BL_W60_T2.2_D4
Best Detection: 119 mmHg (confidence: 0.340)
Top 10 readings:
  Rank  Pressure    Confidence  
  ------------------------------
  1     119         0.340
  2     116         0.260
  3     98          0.260
  4     112         0.126
  5     95          0.126
  6     93          0.050
  7     110         0.010
  8     108         0.010

Detector: BL_W60_T2.2_D6
Best Detection: 119 mmHg (confidence: 0.340)
Top 10 readings:
  Rank  Pressure    Confidence  
  ------------------------------
  1     119         0.340
  2     116         0.260
  3     98          0.260
  4     112         0.126
  5     95          0.126
  6     93          0.050
  7     110         0.010
  8     108         0.010

Detector: BL_W60_T2.2_D8
Best Detection: 125 mmHg (confidence: 0.420)
Top 10 readings:
  Rank  Pressure    Confidence  
  ------------------------------
  1     125         0.420
  2     119         0.340
  3     116         0.260
  4     98          0.260
  5     112         0.126
  6     95          0.126
  7     93          0.050
  8     110         0.010
  9     108         0.010

Detector: BL_W60_T2.2_D10
Best Detection: 125 mmHg (confidence: 0.420)
Top 10 readings:
  Rank  Pressure    Confidence  
  ------------------------------
  1     125         0.420
  2     119         0.340
  3     116         0.260
  4     98          0.260
  5     112         0.126
  6     95          0.126
  7     93          0.050
  8     110         0.010
  9     108         0.010

Detector: BL_W60_T2.2_D15
Best Detection: 119 mmHg (confidence: 0.340)
Top 10 readings:
  Rank  Pressure    Confidence  
  ------------------------------
  1     119         0.340
  2     116         0.260
  3     98          0.260
  4     113         0.126
  5     111         0.126
  6     95          0.126
  7     93          0.050
  8     110         0.010
  9     108         0.010

Detector: BL_W60_T2.2_D20
Best Detection: 119 mmHg (confidence: 0.340)
Top 10 readings:
  Rank  Pressure    Confidence  
  ------------------------------
  1     119         0.340
  2     116         0.260
  3     98          0.260
  4     113         0.126
  5     111         0.126
  6     95          0.126
  7     93          0.050
  8     110         0.010
  9     108         0.010

Detector: BL_W60_T2.2_D25
Best Detection: 115 mmHg (confidence: 0.260)
Top 10 readings:
  Rank  Pressure    Confidence  
  ------------------------------
  1     115         0.260
  2     98          0.260
  3     113         0.126
  4     111         0.126
  5     95          0.126
  6     93          0.050
  7     110         0.010
  8     108         0.010

Detector: BL_W60_T2.2_D30
Best Detection: 98 mmHg (confidence: 0.260)
Top 10 readings:
  Rank  Pressure    Confidence  
  ------------------------------
  1     98          0.260
  2     112         0.126
  3     95          0.126
  4     93          0.050
  5     110         0.010
  6     108         0.010

Detector: BL_W60_T2.2_D40
Best Detection: 98 mmHg (confidence: 0.260)
Top 10 readings:
  Rank  Pressure    Confidence  
  ------------------------------
  1     98          0.260
  2     112         0.126
  3     111         0.126
  4     95          0.126
  5     93          0.050
  6     110         0.010
  7     108         0.010

Detector: BL_W60_T2.4_D2
Best Detection: 119 mmHg (confidence: 0.340)
Top 10 readings:
  Rank  Pressure    Confidence  
  ------------------------------
  1     119         0.340
  2     115         0.260
  3     112         0.126
  4     98          0.050
  5     110         0.010

Detector: BL_W60_T2.4_D4
Best Detection: 119 mmHg (confidence: 0.340)
Top 10 readings:
  Rank  Pressure    Confidence  
  ------------------------------
  1     119         0.340
  2     115         0.260
  3     112         0.126
  4     98          0.050
  5     110         0.010

Detector: BL_W60_T2.4_D6
Best Detection: 119 mmHg (confidence: 0.340)
Top 10 readings:
  Rank  Pressure    Confidence  
  ------------------------------
  1     119         0.340
  2     115         0.260
  3     112         0.126
  4     98          0.050
  5     110         0.010

Detector: BL_W60_T2.4_D8
Best Detection: 125 mmHg (confidence: 0.420)
Top 10 readings:
  Rank  Pressure    Confidence  
  ------------------------------
  1     125         0.420
  2     119         0.340
  3     115         0.260
  4     112         0.126
  5     98          0.050
  6     110         0.010

Detector: BL_W60_T2.4_D10
Best Detection: 125 mmHg (confidence: 0.420)
Top 10 readings:
  Rank  Pressure    Confidence  
  ------------------------------
  1     125         0.420
  2     119         0.340
  3     116         0.260
  4     112         0.126
  5     98          0.050
  6     110         0.010

Detector: BL_W60_T2.4_D15
Best Detection: 119 mmHg (confidence: 0.340)
Top 10 readings:
  Rank  Pressure    Confidence  
  ------------------------------
  1     119         0.340
  2     116         0.260
  3     113         0.126
  4     111         0.126
  5     98          0.050
  6     110         0.010

Detector: BL_W60_T2.4_D20
Best Detection: 119 mmHg (confidence: 0.340)
Top 10 readings:
  Rank  Pressure    Confidence  
  ------------------------------
  1     119         0.340
  2     116         0.260
  3     113         0.126
  4     111         0.126
  5     98          0.050
  6     110         0.010

Detector: BL_W60_T2.4_D25
Best Detection: 115 mmHg (confidence: 0.260)
Top 10 readings:
  Rank  Pressure    Confidence  
  ------------------------------
  1     115         0.260
  2     113         0.126
  3     111         0.126
  4     98          0.050
  5     110         0.010

Detector: BL_W60_T2.4_D30
Best Detection: 112 mmHg (confidence: 0.126)
Top 10 readings:
  Rank  Pressure    Confidence  
  ------------------------------
  1     112         0.126
  2     98          0.050
  3     110         0.010

Detector: BL_W60_T2.4_D40
Best Detection: 112 mmHg (confidence: 0.126)
Top 10 readings:
  Rank  Pressure    Confidence  
  ------------------------------
  1     112         0.126
  2     111         0.126
  3     98          0.050
  4     110         0.010
  5     108         0.010

Detector: BL_W70_T1.8_D2
Best Detection: 119 mmHg (confidence: 0.340)
Top 10 readings:
  Rank  Pressure    Confidence  
  ------------------------------
  1     119         0.340
  2     116         0.260
  3     98          0.260
  4     113         0.126
  5     111         0.126
  6     96          0.126
  7     80          0.050
  8     110         0.010
  9     108         0.010
  10    94          0.010

Detector: BL_W70_T1.8_D4
Best Detection: 119 mmHg (confidence: 0.340)
Top 10 readings:
  Rank  Pressure    Confidence  
  ------------------------------
  1     119         0.340
  2     116         0.260
  3     98          0.260
  4     113         0.126
  5     111         0.126
  6     96          0.126
  7     80          0.050
  8     110         0.010
  9     108         0.010
  10    94          0.010

Detector: BL_W70_T1.8_D6
Best Detection: 119 mmHg (confidence: 0.340)
Top 10 readings:
  Rank  Pressure    Confidence  
  ------------------------------
  1     119         0.340
  2     116         0.260
  3     98          0.260
  4     113         0.126
  5     111         0.126
  6     96          0.126
  7     80          0.050
  8     110         0.010
  9     108         0.010
  10    94          0.010

Detector: BL_W70_T1.8_D8
Best Detection: 119 mmHg (confidence: 0.340)
Top 10 readings:
  Rank  Pressure    Confidence  
  ------------------------------
  1     119         0.340
  2     118         0.340
  3     116         0.260
  4     98          0.260
  5     113         0.126
  6     111         0.126
  7     96          0.126
  8     80          0.050
  9     110         0.010
  10    108         0.010

Detector: BL_W70_T1.8_D10
Best Detection: 119 mmHg (confidence: 0.340)
Top 10 readings:
  Rank  Pressure    Confidence  
  ------------------------------
  1     119         0.340
  2     118         0.272
  3     116         0.260
  4     98          0.260
  5     113         0.126
  6     111         0.126
  7     96          0.126
  8     80          0.050
  9     110         0.010
  10    108         0.010

Detector: BL_W70_T1.8_D15
Best Detection: 119 mmHg (confidence: 0.340)
Top 10 readings:
  Rank  Pressure    Confidence  
  ------------------------------
  1     119         0.340
  2     116         0.260
  3     98          0.260
  4     113         0.126
  5     111         0.126
  6     96          0.126
  7     80          0.050
  8     110         0.010
  9     108         0.010
  10    94          0.010

Detector: BL_W70_T1.8_D20
Best Detection: 119 mmHg (confidence: 0.340)
Top 10 readings:
  Rank  Pressure    Confidence  
  ------------------------------
  1     119         0.340
  2     116         0.260
  3     98          0.260
  4     113         0.126
  5     111         0.126
  6     96          0.126
  7     80          0.050
  8     110         0.010
  9     108         0.010
  10    94          0.010

Detector: BL_W70_T1.8_D25
Best Detection: 115 mmHg (confidence: 0.260)
Top 10 readings:
  Rank  Pressure    Confidence  
  ------------------------------
  1     115         0.260
  2     98          0.260
  3     113         0.126
  4     111         0.126
  5     96          0.126
  6     80          0.050
  7     110         0.010
  8     108         0.010
  9     94          0.010

Detector: BL_W70_T1.8_D30
Best Detection: 98 mmHg (confidence: 0.260)
Top 10 readings:
  Rank  Pressure    Confidence  
  ------------------------------
  1     98          0.260
  2     112         0.126
  3     111         0.126
  4     96          0.126
  5     80          0.050
  6     110         0.010
  7     108         0.010
  8     94          0.010

Detector: BL_W70_T1.8_D40
Best Detection: 98 mmHg (confidence: 0.260)
Top 10 readings:
  Rank  Pressure    Confidence  
  ------------------------------
  1     98          0.260
  2     112         0.126
  3     111         0.126
  4     96          0.126
  5     80          0.050
  6     110         0.010
  7     108         0.010
  8     94          0.010

Detector: BL_W70_T2.0_D2
Best Detection: 119 mmHg (confidence: 0.340)
Top 10 readings:
  Rank  Pressure    Confidence  
  ------------------------------
  1     119         0.340
  2     116         0.260
  3     98          0.260
  4     112         0.126
  5     111         0.126
  6     96          0.126
  7     93          0.050
  8     110         0.010
  9     108         0.010

Detector: BL_W70_T2.0_D4
Best Detection: 119 mmHg (confidence: 0.340)
Top 10 readings:
  Rank  Pressure    Confidence  
  ------------------------------
  1     119         0.340
  2     116         0.260
  3     98          0.260
  4     112         0.126
  5     111         0.126
  6     96          0.126
  7     93          0.050
  8     110         0.010
  9     108         0.010

Detector: BL_W70_T2.0_D6
Best Detection: 119 mmHg (confidence: 0.340)
Top 10 readings:
  Rank  Pressure    Confidence  
  ------------------------------
  1     119         0.340
  2     116         0.260
  3     98          0.260
  4     112         0.126
  5     111         0.126
  6     96          0.126
  7     93          0.050
  8     110         0.010
  9     108         0.010

Detector: BL_W70_T2.0_D8
Best Detection: 119 mmHg (confidence: 0.340)
Top 10 readings:
  Rank  Pressure    Confidence  
  ------------------------------
  1     119         0.340
  2     116         0.260
  3     98          0.260
  4     112         0.126
  5     111         0.126
  6     96          0.126
  7     93          0.050
  8     110         0.010
  9     108         0.010

Detector: BL_W70_T2.0_D10
Best Detection: 119 mmHg (confidence: 0.340)
Top 10 readings:
  Rank  Pressure    Confidence  
  ------------------------------
  1     119         0.340
  2     118         0.272
  3     116         0.260
  4     98          0.260
  5     112         0.126
  6     111         0.126
  7     96          0.126
  8     93          0.050
  9     110         0.010
  10    108         0.010

Detector: BL_W70_T2.0_D15
Best Detection: 119 mmHg (confidence: 0.340)
Top 10 readings:
  Rank  Pressure    Confidence  
  ------------------------------
  1     119         0.340
  2     116         0.260
  3     98          0.260
  4     113         0.126
  5     111         0.126
  6     96          0.126
  7     93          0.050
  8     110         0.010
  9     108         0.010

Detector: BL_W70_T2.0_D20
Best Detection: 119 mmHg (confidence: 0.340)
Top 10 readings:
  Rank  Pressure    Confidence  
  ------------------------------
  1     119         0.340
  2     116         0.260
  3     98          0.260
  4     113         0.126
  5     111         0.126
  6     96          0.126
  7     93          0.050
  8     110         0.010
  9     108         0.010

Detector: BL_W70_T2.0_D25
Best Detection: 115 mmHg (confidence: 0.260)
Top 10 readings:
  Rank  Pressure    Confidence  
  ------------------------------
  1     115         0.260
  2     98          0.260
  3     113         0.126
  4     111         0.126
  5     96          0.126
  6     93          0.050
  7     110         0.010
  8     108         0.010

Detector: BL_W70_T2.0_D30
Best Detection: 98 mmHg (confidence: 0.260)
Top 10 readings:
  Rank  Pressure    Confidence  
  ------------------------------
  1     98          0.260
  2     112         0.126
  3     111         0.126
  4     96          0.126
  5     93          0.050
  6     110         0.010
  7     108         0.010

Detector: BL_W70_T2.0_D40
Best Detection: 98 mmHg (confidence: 0.260)
Top 10 readings:
  Rank  Pressure    Confidence  
  ------------------------------
  1     98          0.260
  2     112         0.126
  3     111         0.126
  4     96          0.126
  5     93          0.050
  6     110         0.010
  7     108         0.010

Detector: BL_W70_T2.2_D2
Best Detection: 119 mmHg (confidence: 0.340)
Top 10 readings:
  Rank  Pressure    Confidence  
  ------------------------------
  1     119         0.340
  2     116         0.260
  3     98          0.260
  4     112         0.126
  5     111         0.126
  6     95          0.126
  7     93          0.050
  8     110         0.010
  9     108         0.010

Detector: BL_W70_T2.2_D4
Best Detection: 119 mmHg (confidence: 0.340)
Top 10 readings:
  Rank  Pressure    Confidence  
  ------------------------------
  1     119         0.340
  2     116         0.260
  3     98          0.260
  4     112         0.126
  5     111         0.126
  6     95          0.126
  7     93          0.050
  8     110         0.010
  9     108         0.010

Detector: BL_W70_T2.2_D6
Best Detection: 119 mmHg (confidence: 0.340)
Top 10 readings:
  Rank  Pressure    Confidence  
  ------------------------------
  1     119         0.340
  2     116         0.260
  3     98          0.260
  4     112         0.126
  5     111         0.126
  6     95          0.126
  7     93          0.050
  8     110         0.010
  9     108         0.010

Detector: BL_W70_T2.2_D8
Best Detection: 119 mmHg (confidence: 0.340)
Top 10 readings:
  Rank  Pressure    Confidence  
  ------------------------------
  1     119         0.340
  2     116         0.260
  3     98          0.260
  4     112         0.126
  5     111         0.126
  6     95          0.126
  7     93          0.050
  8     110         0.010
  9     108         0.010

Detector: BL_W70_T2.2_D10
Best Detection: 119 mmHg (confidence: 0.340)
Top 10 readings:
  Rank  Pressure    Confidence  
  ------------------------------
  1     119         0.340
  2     118         0.272
  3     116         0.260
  4     98          0.260
  5     112         0.126
  6     111         0.126
  7     95          0.126
  8     93          0.050
  9     110         0.010
  10    108         0.010

Detector: BL_W70_T2.2_D15
Best Detection: 119 mmHg (confidence: 0.340)
Top 10 readings:
  Rank  Pressure    Confidence  
  ------------------------------
  1     119         0.340
  2     116         0.260
  3     98          0.260
  4     113         0.126
  5     111         0.126
  6     95          0.126
  7     93          0.050
  8     110         0.010
  9     108         0.010

Detector: BL_W70_T2.2_D20
Best Detection: 119 mmHg (confidence: 0.340)
Top 10 readings:
  Rank  Pressure    Confidence  
  ------------------------------
  1     119         0.340
  2     116         0.260
  3     98          0.260
  4     113         0.126
  5     111         0.126
  6     95          0.126
  7     93          0.050
  8     110         0.010
  9     108         0.010

Detector: BL_W70_T2.2_D25
Best Detection: 115 mmHg (confidence: 0.260)
Top 10 readings:
  Rank  Pressure    Confidence  
  ------------------------------
  1     115         0.260
  2     98          0.260
  3     113         0.126
  4     111         0.126
  5     95          0.126
  6     93          0.050
  7     110         0.010
  8     108         0.010

Detector: BL_W70_T2.2_D30
Best Detection: 98 mmHg (confidence: 0.260)
Top 10 readings:
  Rank  Pressure    Confidence  
  ------------------------------
  1     98          0.260
  2     112         0.126
  3     111         0.126
  4     95          0.126
  5     93          0.050
  6     110         0.010
  7     108         0.010

Detector: BL_W70_T2.2_D40
Best Detection: 98 mmHg (confidence: 0.260)
Top 10 readings:
  Rank  Pressure    Confidence  
  ------------------------------
  1     98          0.260
  2     112         0.126
  3     111         0.126
  4     95          0.126
  5     93          0.050
  6     110         0.010
  7     108         0.010

Detector: BL_W70_T2.4_D2
Best Detection: 119 mmHg (confidence: 0.340)
Top 10 readings:
  Rank  Pressure    Confidence  
  ------------------------------
  1     119         0.340
  2     116         0.260
  3     112         0.126
  4     95          0.050
  5     110         0.010
  6     108         0.010

Detector: BL_W70_T2.4_D4
Best Detection: 119 mmHg (confidence: 0.340)
Top 10 readings:
  Rank  Pressure    Confidence  
  ------------------------------
  1     119         0.340
  2     116         0.260
  3     112         0.126
  4     95          0.050
  5     110         0.010
  6     108         0.010

Detector: BL_W70_T2.4_D6
Best Detection: 119 mmHg (confidence: 0.340)
Top 10 readings:
  Rank  Pressure    Confidence  
  ------------------------------
  1     119         0.340
  2     116         0.260
  3     112         0.126
  4     95          0.050
  5     110         0.010
  6     108         0.010

Detector: BL_W70_T2.4_D8
Best Detection: 119 mmHg (confidence: 0.340)
Top 10 readings:
  Rank  Pressure    Confidence  
  ------------------------------
  1     119         0.340
  2     116         0.260
  3     112         0.126
  4     95          0.050
  5     110         0.010
  6     108         0.010

Detector: BL_W70_T2.4_D10
Best Detection: 119 mmHg (confidence: 0.340)
Top 10 readings:
  Rank  Pressure    Confidence  
  ------------------------------
  1     119         0.340
  2     118         0.272
  3     116         0.260
  4     112         0.126
  5     95          0.050
  6     110         0.010
  7     108         0.010

Detector: BL_W70_T2.4_D15
Best Detection: 119 mmHg (confidence: 0.340)
Top 10 readings:
  Rank  Pressure    Confidence  
  ------------------------------
  1     119         0.340
  2     116         0.260
  3     113         0.126
  4     111         0.126
  5     95          0.050
  6     110         0.010
  7     108         0.010

Detector: BL_W70_T2.4_D20
Best Detection: 119 mmHg (confidence: 0.340)
Top 10 readings:
  Rank  Pressure    Confidence  
  ------------------------------
  1     119         0.340
  2     116         0.260
  3     113         0.126
  4     111         0.126
  5     95          0.050
  6     110         0.010
  7     108         0.010

Detector: BL_W70_T2.4_D25
Best Detection: 115 mmHg (confidence: 0.260)
Top 10 readings:
  Rank  Pressure    Confidence  
  ------------------------------
  1     115         0.260
  2     113         0.126
  3     111         0.126
  4     95          0.050
  5     110         0.010
  6     108         0.010

Detector: BL_W70_T2.4_D30
Best Detection: 112 mmHg (confidence: 0.126)
Top 10 readings:
  Rank  Pressure    Confidence  
  ------------------------------
  1     112         0.126
  2     95          0.050
  3     110         0.010
  4     108         0.010

Detector: BL_W70_T2.4_D40
Best Detection: 112 mmHg (confidence: 0.126)
Top 10 readings:
  Rank  Pressure    Confidence  
  ------------------------------
  1     112         0.126
  2     111         0.126
  3     95          0.050
  4     110         0.010
  5     108         0.010

Detector: BL_W80_T1.8_D2
Best Detection: 119 mmHg (confidence: 0.340)
Top 10 readings:
  Rank  Pressure    Confidence  
  ------------------------------
  1     119         0.340
  2     116         0.260
  3     98          0.260
  4     113         0.126
  5     111         0.126
  6     96          0.126
  7     94          0.050
  8     110         0.010
  9     108         0.010

Detector: BL_W80_T1.8_D4
Best Detection: 119 mmHg (confidence: 0.340)
Top 10 readings:
  Rank  Pressure    Confidence  
  ------------------------------
  1     119         0.340
  2     116         0.260
  3     98          0.260
  4     113         0.126
  5     111         0.126
  6     96          0.126
  7     94          0.050
  8     110         0.010
  9     108         0.010

Detector: BL_W80_T1.8_D6
Best Detection: 119 mmHg (confidence: 0.340)
Top 10 readings:
  Rank  Pressure    Confidence  
  ------------------------------
  1     119         0.340
  2     116         0.260
  3     98          0.260
  4     113         0.126
  5     111         0.126
  6     96          0.126
  7     94          0.050
  8     110         0.010
  9     108         0.010

Detector: BL_W80_T1.8_D8
Best Detection: 119 mmHg (confidence: 0.340)
Top 10 readings:
  Rank  Pressure    Confidence  
  ------------------------------
  1     119         0.340
  2     118         0.340
  3     116         0.260
  4     98          0.260
  5     113         0.126
  6     111         0.126
  7     96          0.126
  8     94          0.050
  9     110         0.010
  10    108         0.010

Detector: BL_W80_T1.8_D10
Best Detection: 119 mmHg (confidence: 0.340)
Top 10 readings:
  Rank  Pressure    Confidence  
  ------------------------------
  1     119         0.340
  2     118         0.272
  3     116         0.260
  4     98          0.260
  5     113         0.126
  6     111         0.126
  7     96          0.126
  8     94          0.050
  9     110         0.010
  10    108         0.010

Detector: BL_W80_T1.8_D15
Best Detection: 119 mmHg (confidence: 0.340)
Top 10 readings:
  Rank  Pressure    Confidence  
  ------------------------------
  1     119         0.340
  2     116         0.260
  3     98          0.260
  4     113         0.126
  5     111         0.126
  6     96          0.126
  7     94          0.050
  8     110         0.010
  9     108         0.010

Detector: BL_W80_T1.8_D20
Best Detection: 119 mmHg (confidence: 0.340)
Top 10 readings:
  Rank  Pressure    Confidence  
  ------------------------------
  1     119         0.340
  2     116         0.260
  3     98          0.260
  4     113         0.126
  5     111         0.126
  6     96          0.126
  7     94          0.050
  8     110         0.010
  9     108         0.010

Detector: BL_W80_T1.8_D25
Best Detection: 115 mmHg (confidence: 0.260)
Top 10 readings:
  Rank  Pressure    Confidence  
  ------------------------------
  1     115         0.260
  2     98          0.260
  3     113         0.126
  4     111         0.126
  5     96          0.126
  6     94          0.050
  7     110         0.010
  8     108         0.010

Detector: BL_W80_T1.8_D30
Best Detection: 115 mmHg (confidence: 0.260)
Top 10 readings:
  Rank  Pressure    Confidence  
  ------------------------------
  1     115         0.260
  2     98          0.260
  3     112         0.126
  4     111         0.126
  5     96          0.126
  6     94          0.050
  7     110         0.010
  8     108         0.010

Detector: BL_W80_T1.8_D40
Best Detection: 98 mmHg (confidence: 0.260)
Top 10 readings:
  Rank  Pressure    Confidence  
  ------------------------------
  1     98          0.260
  2     112         0.126
  3     111         0.126
  4     96          0.126
  5     94          0.050
  6     110         0.010
  7     108         0.010

Detector: BL_W80_T2.0_D2
Best Detection: 119 mmHg (confidence: 0.340)
Top 10 readings:
  Rank  Pressure    Confidence  
  ------------------------------
  1     119         0.340
  2     116         0.260
  3     113         0.126
  4     111         0.126
  5     96          0.126
  6     93          0.050
  7     110         0.010
  8     108         0.010

Detector: BL_W80_T2.0_D4
Best Detection: 119 mmHg (confidence: 0.340)
Top 10 readings:
  Rank  Pressure    Confidence  
  ------------------------------
  1     119         0.340
  2     116         0.260
  3     113         0.126
  4     111         0.126
  5     96          0.126
  6     93          0.050
  7     110         0.010
  8     108         0.010

Detector: BL_W80_T2.0_D6
Best Detection: 119 mmHg (confidence: 0.340)
Top 10 readings:
  Rank  Pressure    Confidence  
  ------------------------------
  1     119         0.340
  2     116         0.260
  3     113         0.126
  4     111         0.126
  5     96          0.126
  6     93          0.050
  7     110         0.010
  8     108         0.010

Detector: BL_W80_T2.0_D8
Best Detection: 119 mmHg (confidence: 0.340)
Top 10 readings:
  Rank  Pressure    Confidence  
  ------------------------------
  1     119         0.340
  2     116         0.260
  3     113         0.126
  4     111         0.126
  5     96          0.126
  6     93          0.050
  7     110         0.010
  8     108         0.010

Detector: BL_W80_T2.0_D10
Best Detection: 119 mmHg (confidence: 0.340)
Top 10 readings:
  Rank  Pressure    Confidence  
  ------------------------------
  1     119         0.340
  2     118         0.272
  3     116         0.260
  4     113         0.126
  5     111         0.126
  6     96          0.126
  7     93          0.050
  8     110         0.010
  9     108         0.010

Detector: BL_W80_T2.0_D15
Best Detection: 119 mmHg (confidence: 0.340)
Top 10 readings:
  Rank  Pressure    Confidence  
  ------------------------------
  1     119         0.340
  2     116         0.260
  3     113         0.126
  4     111         0.126
  5     96          0.126
  6     93          0.050
  7     110         0.010
  8     108         0.010

Detector: BL_W80_T2.0_D20
Best Detection: 119 mmHg (confidence: 0.340)
Top 10 readings:
  Rank  Pressure    Confidence  
  ------------------------------
  1     119         0.340
  2     116         0.260
  3     113         0.126
  4     111         0.126
  5     96          0.126
  6     93          0.050
  7     110         0.010
  8     108         0.010

Detector: BL_W80_T2.0_D25
Best Detection: 115 mmHg (confidence: 0.260)
Top 10 readings:
  Rank  Pressure    Confidence  
  ------------------------------
  1     115         0.260
  2     113         0.126
  3     111         0.126
  4     96          0.126
  5     93          0.050
  6     110         0.010
  7     108         0.010

Detector: BL_W80_T2.0_D30
Best Detection: 115 mmHg (confidence: 0.260)
Top 10 readings:
  Rank  Pressure    Confidence  
  ------------------------------
  1     115         0.260
  2     112         0.126
  3     111         0.126
  4     96          0.126
  5     93          0.050
  6     110         0.010
  7     108         0.010

Detector: BL_W80_T2.0_D40
Best Detection: 112 mmHg (confidence: 0.126)
Top 10 readings:
  Rank  Pressure    Confidence  
  ------------------------------
  1     112         0.126
  2     111         0.126
  3     96          0.126
  4     93          0.050
  5     110         0.010
  6     108         0.010

Detector: BL_W80_T2.2_D2
Best Detection: 119 mmHg (confidence: 0.340)
Top 10 readings:
  Rank  Pressure    Confidence  
  ------------------------------
  1     119         0.340
  2     116         0.260
  3     112         0.126
  4     111         0.126
  5     95          0.126
  6     93          0.050
  7     110         0.010
  8     108         0.010

Detector: BL_W80_T2.2_D4
Best Detection: 119 mmHg (confidence: 0.340)
Top 10 readings:
  Rank  Pressure    Confidence  
  ------------------------------
  1     119         0.340
  2     116         0.260
  3     112         0.126
  4     111         0.126
  5     95          0.126
  6     93          0.050
  7     110         0.010
  8     108         0.010

Detector: BL_W80_T2.2_D6
Best Detection: 119 mmHg (confidence: 0.340)
Top 10 readings:
  Rank  Pressure    Confidence  
  ------------------------------
  1     119         0.340
  2     116         0.260
  3     112         0.126
  4     111         0.126
  5     95          0.126
  6     93          0.050
  7     110         0.010
  8     108         0.010

Detector: BL_W80_T2.2_D8
Best Detection: 119 mmHg (confidence: 0.340)
Top 10 readings:
  Rank  Pressure    Confidence  
  ------------------------------
  1     119         0.340
  2     116         0.260
  3     112         0.126
  4     111         0.126
  5     95          0.126
  6     93          0.050
  7     110         0.010
  8     108         0.010

Detector: BL_W80_T2.2_D10
Best Detection: 119 mmHg (confidence: 0.340)
Top 10 readings:
  Rank  Pressure    Confidence  
  ------------------------------
  1     119         0.340
  2     118         0.272
  3     116         0.260
  4     112         0.126
  5     111         0.126
  6     95          0.126
  7     93          0.050
  8     110         0.010
  9     108         0.010

Detector: BL_W80_T2.2_D15
Best Detection: 119 mmHg (confidence: 0.340)
Top 10 readings:
  Rank  Pressure    Confidence  
  ------------------------------
  1     119         0.340
  2     116         0.260
  3     113         0.126
  4     111         0.126
  5     95          0.126
  6     93          0.050
  7     110         0.010
  8     108         0.010

Detector: BL_W80_T2.2_D20
Best Detection: 119 mmHg (confidence: 0.340)
Top 10 readings:
  Rank  Pressure    Confidence  
  ------------------------------
  1     119         0.340
  2     116         0.260
  3     113         0.126
  4     111         0.126
  5     95          0.126
  6     93          0.050
  7     110         0.010
  8     108         0.010

Detector: BL_W80_T2.2_D25
Best Detection: 115 mmHg (confidence: 0.260)
Top 10 readings:
  Rank  Pressure    Confidence  
  ------------------------------
  1     115         0.260
  2     113         0.126
  3     111         0.126
  4     95          0.126
  5     93          0.050
  6     110         0.010
  7     108         0.010

Detector: BL_W80_T2.2_D30
Best Detection: 115 mmHg (confidence: 0.260)
Top 10 readings:
  Rank  Pressure    Confidence  
  ------------------------------
  1     115         0.260
  2     112         0.126
  3     111         0.126
  4     95          0.126
  5     93          0.050
  6     110         0.010
  7     108         0.010

Detector: BL_W80_T2.2_D40
Best Detection: 112 mmHg (confidence: 0.126)
Top 10 readings:
  Rank  Pressure    Confidence  
  ------------------------------
  1     112         0.126
  2     111         0.126
  3     95          0.126
  4     93          0.050
  5     110         0.010
  6     108         0.010

Detector: BL_W80_T2.4_D2
Best Detection: 119 mmHg (confidence: 0.340)
Top 10 readings:
  Rank  Pressure    Confidence  
  ------------------------------
  1     119         0.340
  2     116         0.260
  3     112         0.126
  4     95          0.050
  5     110         0.010
  6     108         0.010

Detector: BL_W80_T2.4_D4
Best Detection: 119 mmHg (confidence: 0.340)
Top 10 readings:
  Rank  Pressure    Confidence  
  ------------------------------
  1     119         0.340
  2     116         0.260
  3     112         0.126
  4     95          0.050
  5     110         0.010
  6     108         0.010

Detector: BL_W80_T2.4_D6
Best Detection: 119 mmHg (confidence: 0.340)
Top 10 readings:
  Rank  Pressure    Confidence  
  ------------------------------
  1     119         0.340
  2     116         0.260
  3     112         0.126
  4     95          0.050
  5     110         0.010
  6     108         0.010

Detector: BL_W80_T2.4_D8
Best Detection: 119 mmHg (confidence: 0.340)
Top 10 readings:
  Rank  Pressure    Confidence  
  ------------------------------
  1     119         0.340
  2     116         0.260
  3     112         0.126
  4     95          0.050
  5     110         0.010
  6     108         0.010

Detector: BL_W80_T2.4_D10
Best Detection: 119 mmHg (confidence: 0.340)
Top 10 readings:
  Rank  Pressure    Confidence  
  ------------------------------
  1     119         0.340
  2     118         0.272
  3     116         0.260
  4     112         0.126
  5     95          0.050
  6     110         0.010
  7     108         0.010

Detector: BL_W80_T2.4_D15
Best Detection: 119 mmHg (confidence: 0.340)
Top 10 readings:
  Rank  Pressure    Confidence  
  ------------------------------
  1     119         0.340
  2     116         0.260
  3     113         0.126
  4     111         0.126
  5     95          0.050
  6     110         0.010
  7     108         0.010

Detector: BL_W80_T2.4_D20
Best Detection: 119 mmHg (confidence: 0.340)
Top 10 readings:
  Rank  Pressure    Confidence  
  ------------------------------
  1     119         0.340
  2     116         0.260
  3     113         0.126
  4     111         0.126
  5     95          0.050
  6     110         0.010
  7     108         0.010

Detector: BL_W80_T2.4_D25
Best Detection: 115 mmHg (confidence: 0.260)
Top 10 readings:
  Rank  Pressure    Confidence  
  ------------------------------
  1     115         0.260
  2     113         0.126
  3     111         0.126
  4     95          0.050
  5     110         0.010
  6     108         0.010

Detector: BL_W80_T2.4_D30
Best Detection: 115 mmHg (confidence: 0.260)
Top 10 readings:
  Rank  Pressure    Confidence  
  ------------------------------
  1     115         0.260
  2     112         0.126
  3     111         0.126
  4     95          0.050
  5     110         0.010
  6     108         0.010

Detector: BL_W80_T2.4_D40
Best Detection: 112 mmHg (confidence: 0.126)
Top 10 readings:
  Rank  Pressure    Confidence  
  ------------------------------
  1     112         0.126
  2     111         0.126
  3     95          0.050
  4     110         0.010
  5     108         0.010

Detector: BL_W90_T1.8_D2
Best Detection: 119 mmHg (confidence: 0.340)
Top 10 readings:
  Rank  Pressure    Confidence  
  ------------------------------
  1     119         0.340
  2     116         0.260
  3     98          0.260
  4     113         0.126
  5     111         0.126
  6     96          0.126
  7     81          0.050
  8     110         0.010
  9     108         0.010
  10    94          0.010

Detector: BL_W90_T1.8_D4
Best Detection: 119 mmHg (confidence: 0.340)
Top 10 readings:
  Rank  Pressure    Confidence  
  ------------------------------
  1     119         0.340
  2     116         0.260
  3     98          0.260
  4     113         0.126
  5     111         0.126
  6     96          0.126
  7     81          0.050
  8     110         0.010
  9     108         0.010
  10    94          0.010

Detector: BL_W90_T1.8_D6
Best Detection: 119 mmHg (confidence: 0.340)
Top 10 readings:
  Rank  Pressure    Confidence  
  ------------------------------
  1     119         0.340
  2     116         0.260
  3     98          0.260
  4     113         0.126
  5     111         0.126
  6     96          0.126
  7     81          0.050
  8     110         0.010
  9     108         0.010
  10    94          0.010

Detector: BL_W90_T1.8_D8
Best Detection: 119 mmHg (confidence: 0.340)
Top 10 readings:
  Rank  Pressure    Confidence  
  ------------------------------
  1     119         0.340
  2     118         0.340
  3     116         0.260
  4     98          0.260
  5     113         0.126
  6     111         0.126
  7     96          0.126
  8     81          0.050
  9     110         0.010
  10    108         0.010

Detector: BL_W90_T1.8_D10
Best Detection: 119 mmHg (confidence: 0.340)
Top 10 readings:
  Rank  Pressure    Confidence  
  ------------------------------
  1     119         0.340
  2     118         0.272
  3     116         0.260
  4     98          0.260
  5     113         0.126
  6     111         0.126
  7     96          0.126
  8     81          0.050
  9     110         0.010
  10    108         0.010

Detector: BL_W90_T1.8_D15
Best Detection: 119 mmHg (confidence: 0.340)
Top 10 readings:
  Rank  Pressure    Confidence  
  ------------------------------
  1     119         0.340
  2     116         0.260
  3     98          0.260
  4     114         0.208
  5     113         0.126
  6     111         0.126
  7     96          0.126
  8     81          0.050
  9     110         0.010
  10    108         0.010

Detector: BL_W90_T1.8_D20
Best Detection: 119 mmHg (confidence: 0.340)
Top 10 readings:
  Rank  Pressure    Confidence  
  ------------------------------
  1     119         0.340
  2     116         0.260
  3     98          0.260
  4     113         0.126
  5     111         0.126
  6     96          0.126
  7     81          0.050
  8     110         0.010
  9     108         0.010
  10    94          0.010

Detector: BL_W90_T1.8_D25
Best Detection: 115 mmHg (confidence: 0.260)
Top 10 readings:
  Rank  Pressure    Confidence  
  ------------------------------
  1     115         0.260
  2     98          0.260
  3     113         0.126
  4     111         0.126
  5     96          0.126
  6     81          0.050
  7     110         0.010
  8     108         0.010
  9     94          0.010

Detector: BL_W90_T1.8_D30
Best Detection: 115 mmHg (confidence: 0.260)
Top 10 readings:
  Rank  Pressure    Confidence  
  ------------------------------
  1     115         0.260
  2     98          0.260
  3     112         0.126
  4     111         0.126
  5     96          0.126
  6     81          0.050
  7     110         0.010
  8     108         0.010
  9     94          0.010

Detector: BL_W90_T1.8_D40
Best Detection: 98 mmHg (confidence: 0.260)
Top 10 readings:
  Rank  Pressure    Confidence  
  ------------------------------
  1     98          0.260
  2     112         0.126
  3     111         0.126
  4     96          0.126
  5     81          0.050
  6     110         0.010
  7     108         0.010
  8     94          0.010

Detector: BL_W90_T2.0_D2
Best Detection: 119 mmHg (confidence: 0.340)
Top 10 readings:
  Rank  Pressure    Confidence  
  ------------------------------
  1     119         0.340
  2     116         0.260
  3     113         0.126
  4     111         0.126
  5     95          0.126
  6     94          0.050
  7     110         0.010
  8     108         0.010

Detector: BL_W90_T2.0_D4
Best Detection: 119 mmHg (confidence: 0.340)
Top 10 readings:
  Rank  Pressure    Confidence  
  ------------------------------
  1     119         0.340
  2     116         0.260
  3     113         0.126
  4     111         0.126
  5     95          0.126
  6     94          0.050
  7     110         0.010
  8     108         0.010

Detector: BL_W90_T2.0_D6
Best Detection: 119 mmHg (confidence: 0.340)
Top 10 readings:
  Rank  Pressure    Confidence  
  ------------------------------
  1     119         0.340
  2     116         0.260
  3     113         0.126
  4     111         0.126
  5     95          0.126
  6     94          0.050
  7     110         0.010
  8     108         0.010

Detector: BL_W90_T2.0_D8
Best Detection: 119 mmHg (confidence: 0.340)
Top 10 readings:
  Rank  Pressure    Confidence  
  ------------------------------
  1     119         0.340
  2     116         0.260
  3     113         0.126
  4     111         0.126
  5     95          0.126
  6     94          0.050
  7     110         0.010
  8     108         0.010

Detector: BL_W90_T2.0_D10
Best Detection: 119 mmHg (confidence: 0.340)
Top 10 readings:
  Rank  Pressure    Confidence  
  ------------------------------
  1     119         0.340
  2     118         0.272
  3     116         0.260
  4     113         0.126
  5     111         0.126
  6     95          0.126
  7     94          0.050
  8     110         0.010
  9     108         0.010

Detector: BL_W90_T2.0_D15
Best Detection: 119 mmHg (confidence: 0.340)
Top 10 readings:
  Rank  Pressure    Confidence  
  ------------------------------
  1     119         0.340
  2     116         0.260
  3     114         0.208
  4     113         0.126
  5     111         0.126
  6     95          0.126
  7     94          0.050
  8     110         0.010
  9     108         0.010

Detector: BL_W90_T2.0_D20
Best Detection: 119 mmHg (confidence: 0.340)
Top 10 readings:
  Rank  Pressure    Confidence  
  ------------------------------
  1     119         0.340
  2     116         0.260
  3     113         0.126
  4     111         0.126
  5     95          0.126
  6     94          0.050
  7     110         0.010
  8     108         0.010

Detector: BL_W90_T2.0_D25
Best Detection: 115 mmHg (confidence: 0.260)
Top 10 readings:
  Rank  Pressure    Confidence  
  ------------------------------
  1     115         0.260
  2     113         0.126
  3     111         0.126
  4     95          0.126
  5     94          0.050
  6     110         0.010
  7     108         0.010

Detector: BL_W90_T2.0_D30
Best Detection: 115 mmHg (confidence: 0.260)
Top 10 readings:
  Rank  Pressure    Confidence  
  ------------------------------
  1     115         0.260
  2     112         0.126
  3     111         0.126
  4     95          0.126
  5     94          0.050
  6     110         0.010
  7     108         0.010

Detector: BL_W90_T2.0_D40
Best Detection: 112 mmHg (confidence: 0.126)
Top 10 readings:
  Rank  Pressure    Confidence  
  ------------------------------
  1     112         0.126
  2     111         0.126
  3     95          0.126
  4     94          0.050
  5     110         0.010
  6     108         0.010

Detector: BL_W90_T2.2_D2
Best Detection: 119 mmHg (confidence: 0.340)
Top 10 readings:
  Rank  Pressure    Confidence  
  ------------------------------
  1     119         0.340
  2     116         0.260
  3     113         0.126
  4     111         0.126
  5     95          0.126
  6     93          0.050
  7     110         0.010
  8     108         0.010

Detector: BL_W90_T2.2_D4
Best Detection: 119 mmHg (confidence: 0.340)
Top 10 readings:
  Rank  Pressure    Confidence  
  ------------------------------
  1     119         0.340
  2     116         0.260
  3     113         0.126
  4     111         0.126
  5     95          0.126
  6     93          0.050
  7     110         0.010
  8     108         0.010

Detector: BL_W90_T2.2_D6
Best Detection: 119 mmHg (confidence: 0.340)
Top 10 readings:
  Rank  Pressure    Confidence  
  ------------------------------
  1     119         0.340
  2     116         0.260
  3     113         0.126
  4     111         0.126
  5     95          0.126
  6     93          0.050
  7     110         0.010
  8     108         0.010

Detector: BL_W90_T2.2_D8
Best Detection: 119 mmHg (confidence: 0.340)
Top 10 readings:
  Rank  Pressure    Confidence  
  ------------------------------
  1     119         0.340
  2     116         0.260
  3     113         0.126
  4     111         0.126
  5     95          0.126
  6     93          0.050
  7     110         0.010
  8     108         0.010

Detector: BL_W90_T2.2_D10
Best Detection: 119 mmHg (confidence: 0.340)
Top 10 readings:
  Rank  Pressure    Confidence  
  ------------------------------
  1     119         0.340
  2     118         0.272
  3     116         0.260
  4     113         0.126
  5     111         0.126
  6     95          0.126
  7     93          0.050
  8     110         0.010
  9     108         0.010

Detector: BL_W90_T2.2_D15
Best Detection: 119 mmHg (confidence: 0.340)
Top 10 readings:
  Rank  Pressure    Confidence  
  ------------------------------
  1     119         0.340
  2     116         0.260
  3     114         0.208
  4     113         0.126
  5     111         0.126
  6     95          0.126
  7     93          0.050
  8     110         0.010
  9     108         0.010

Detector: BL_W90_T2.2_D20
Best Detection: 119 mmHg (confidence: 0.340)
Top 10 readings:
  Rank  Pressure    Confidence  
  ------------------------------
  1     119         0.340
  2     116         0.260
  3     113         0.126
  4     111         0.126
  5     95          0.126
  6     93          0.050
  7     110         0.010
  8     108         0.010

Detector: BL_W90_T2.2_D25
Best Detection: 115 mmHg (confidence: 0.260)
Top 10 readings:
  Rank  Pressure    Confidence  
  ------------------------------
  1     115         0.260
  2     113         0.126
  3     111         0.126
  4     95          0.126
  5     93          0.050
  6     110         0.010
  7     108         0.010

Detector: BL_W90_T2.2_D30
Best Detection: 115 mmHg (confidence: 0.260)
Top 10 readings:
  Rank  Pressure    Confidence  
  ------------------------------
  1     115         0.260
  2     112         0.126
  3     111         0.126
  4     95          0.126
  5     93          0.050
  6     110         0.010
  7     108         0.010

Detector: BL_W90_T2.2_D40
Best Detection: 112 mmHg (confidence: 0.126)
Top 10 readings:
  Rank  Pressure    Confidence  
  ------------------------------
  1     112         0.126
  2     111         0.126
  3     95          0.126
  4     93          0.050
  5     110         0.010
  6     108         0.010

Detector: BL_W90_T2.4_D2
Best Detection: 119 mmHg (confidence: 0.340)
Top 10 readings:
  Rank  Pressure    Confidence  
  ------------------------------
  1     119         0.340
  2     116         0.260
  3     112         0.126
  4     111         0.126
  5     95          0.126
  6     93          0.050
  7     110         0.010
  8     108         0.010

Detector: BL_W90_T2.4_D4
Best Detection: 119 mmHg (confidence: 0.340)
Top 10 readings:
  Rank  Pressure    Confidence  
  ------------------------------
  1     119         0.340
  2     116         0.260
  3     112         0.126
  4     111         0.126
  5     95          0.126
  6     93          0.050
  7     110         0.010
  8     108         0.010

Detector: BL_W90_T2.4_D6
Best Detection: 119 mmHg (confidence: 0.340)
Top 10 readings:
  Rank  Pressure    Confidence  
  ------------------------------
  1     119         0.340
  2     116         0.260
  3     112         0.126
  4     111         0.126
  5     95          0.126
  6     93          0.050
  7     110         0.010
  8     108         0.010

Detector: BL_W90_T2.4_D8
Best Detection: 119 mmHg (confidence: 0.340)
Top 10 readings:
  Rank  Pressure    Confidence  
  ------------------------------
  1     119         0.340
  2     116         0.260
  3     112         0.126
  4     111         0.126
  5     95          0.126
  6     93          0.050
  7     110         0.010
  8     108         0.010

Detector: BL_W90_T2.4_D10
Best Detection: 119 mmHg (confidence: 0.340)
Top 10 readings:
  Rank  Pressure    Confidence  
  ------------------------------
  1     119         0.340
  2     118         0.272
  3     116         0.260
  4     112         0.126
  5     111         0.126
  6     95          0.126
  7     93          0.050
  8     110         0.010
  9     108         0.010

Detector: BL_W90_T2.4_D15
Best Detection: 119 mmHg (confidence: 0.340)
Top 10 readings:
  Rank  Pressure    Confidence  
  ------------------------------
  1     119         0.340
  2     116         0.260
  3     114         0.208
  4     113         0.126
  5     111         0.126
  6     95          0.126
  7     93          0.050
  8     110         0.010
  9     108         0.010

Detector: BL_W90_T2.4_D20
Best Detection: 119 mmHg (confidence: 0.340)
Top 10 readings:
  Rank  Pressure    Confidence  
  ------------------------------
  1     119         0.340
  2     116         0.260
  3     113         0.126
  4     111         0.126
  5     95          0.126
  6     93          0.050
  7     110         0.010
  8     108         0.010

Detector: BL_W90_T2.4_D25
Best Detection: 115 mmHg (confidence: 0.260)
Top 10 readings:
  Rank  Pressure    Confidence  
  ------------------------------
  1     115         0.260
  2     113         0.126
  3     111         0.126
  4     95          0.126
  5     93          0.050
  6     110         0.010
  7     108         0.010

Detector: BL_W90_T2.4_D30
Best Detection: 115 mmHg (confidence: 0.260)
Top 10 readings:
  Rank  Pressure    Confidence  
  ------------------------------
  1     115         0.260
  2     112         0.126
  3     111         0.126
  4     95          0.126
  5     93          0.050
  6     110         0.010
  7     108         0.010

Detector: BL_W90_T2.4_D40
Best Detection: 112 mmHg (confidence: 0.126)
Top 10 readings:
  Rank  Pressure    Confidence  
  ------------------------------
  1     112         0.126
  2     111         0.126
  3     95          0.126
  4     93          0.050
  5     110         0.010
  6     108         0.010

Detector: BL_W100_T1.8_D2
Best Detection: 98 mmHg (confidence: 0.340)
Top 10 readings:
  Rank  Pressure    Confidence  
  ------------------------------
  1     98          0.340
  2     116         0.260
  3     95          0.260
  4     113         0.126
  5     111         0.126
  6     94          0.126
  7     91          0.050
  8     110         0.010
  9     108         0.010

Detector: BL_W100_T1.8_D4
Best Detection: 98 mmHg (confidence: 0.340)
Top 10 readings:
  Rank  Pressure    Confidence  
  ------------------------------
  1     98          0.340
  2     116         0.260
  3     95          0.260
  4     113         0.126
  5     111         0.126
  6     94          0.126
  7     91          0.050
  8     110         0.010
  9     108         0.010

Detector: BL_W100_T1.8_D6
Best Detection: 98 mmHg (confidence: 0.340)
Top 10 readings:
  Rank  Pressure    Confidence  
  ------------------------------
  1     98          0.340
  2     116         0.260
  3     95          0.260
  4     113         0.126
  5     111         0.126
  6     94          0.126
  7     91          0.050
  8     110         0.010
  9     108         0.010

Detector: BL_W100_T1.8_D8
Best Detection: 98 mmHg (confidence: 0.340)
Top 10 readings:
  Rank  Pressure    Confidence  
  ------------------------------
  1     98          0.340
  2     116         0.260
  3     95          0.260
  4     113         0.126
  5     111         0.126
  6     94          0.126
  7     91          0.050
  8     110         0.010
  9     108         0.010

Detector: BL_W100_T1.8_D10
Best Detection: 98 mmHg (confidence: 0.340)
Top 10 readings:
  Rank  Pressure    Confidence  
  ------------------------------
  1     98          0.340
  2     116         0.260
  3     95          0.260
  4     114         0.208
  5     113         0.126
  6     111         0.126
  7     94          0.126
  8     91          0.050
  9     110         0.010
  10    108         0.010

Detector: BL_W100_T1.8_D15
Best Detection: 98 mmHg (confidence: 0.340)
Top 10 readings:
  Rank  Pressure    Confidence  
  ------------------------------
  1     98          0.340
  2     116         0.260
  3     95          0.260
  4     114         0.208
  5     113         0.126
  6     111         0.126
  7     94          0.126
  8     91          0.050
  9     110         0.010
  10    108         0.010

Detector: BL_W100_T1.8_D20
Best Detection: 98 mmHg (confidence: 0.340)
Top 10 readings:
  Rank  Pressure    Confidence  
  ------------------------------
  1     98          0.340
  2     116         0.260
  3     95          0.260
  4     113         0.126
  5     111         0.126
  6     94          0.126
  7     91          0.050
  8     110         0.010
  9     108         0.010

Detector: BL_W100_T1.8_D25
Best Detection: 98 mmHg (confidence: 0.340)
Top 10 readings:
  Rank  Pressure    Confidence  
  ------------------------------
  1     98          0.340
  2     116         0.260
  3     95          0.260
  4     113         0.126
  5     111         0.126
  6     94          0.126
  7     91          0.050
  8     110         0.010
  9     108         0.010

Detector: BL_W100_T1.8_D30
Best Detection: 98 mmHg (confidence: 0.340)
Top 10 readings:
  Rank  Pressure    Confidence  
  ------------------------------
  1     98          0.340
  2     115         0.260
  3     95          0.260
  4     112         0.126
  5     111         0.126
  6     94          0.126
  7     91          0.050
  8     110         0.010
  9     108         0.010

Detector: BL_W100_T1.8_D40
Best Detection: 98 mmHg (confidence: 0.340)
Top 10 readings:
  Rank  Pressure    Confidence  
  ------------------------------
  1     98          0.340
  2     95          0.260
  3     112         0.126
  4     111         0.126
  5     94          0.126
  6     91          0.050
  7     110         0.010
  8     108         0.010

Detector: BL_W100_T2.0_D2
Best Detection: 116 mmHg (confidence: 0.260)
Top 10 readings:
  Rank  Pressure    Confidence  
  ------------------------------
  1     116         0.260
  2     113         0.126
  3     111         0.126
  4     95          0.126
  5     94          0.050
  6     110         0.010
  7     108         0.010

Detector: BL_W100_T2.0_D4
Best Detection: 116 mmHg (confidence: 0.260)
Top 10 readings:
  Rank  Pressure    Confidence  
  ------------------------------
  1     116         0.260
  2     113         0.126
  3     111         0.126
  4     95          0.126
  5     94          0.050
  6     110         0.010
  7     108         0.010

Detector: BL_W100_T2.0_D6
Best Detection: 116 mmHg (confidence: 0.260)
Top 10 readings:
  Rank  Pressure    Confidence  
  ------------------------------
  1     116         0.260
  2     113         0.126
  3     111         0.126
  4     95          0.126
  5     94          0.050
  6     110         0.010
  7     108         0.010

Detector: BL_W100_T2.0_D8
Best Detection: 116 mmHg (confidence: 0.260)
Top 10 readings:
  Rank  Pressure    Confidence  
  ------------------------------
  1     116         0.260
  2     113         0.126
  3     111         0.126
  4     95          0.126
  5     94          0.050
  6     110         0.010
  7     108         0.010

Detector: BL_W100_T2.0_D10
Best Detection: 116 mmHg (confidence: 0.260)
Top 10 readings:
  Rank  Pressure    Confidence  
  ------------------------------
  1     116         0.260
  2     113         0.126
  3     111         0.126
  4     95          0.126
  5     94          0.050
  6     110         0.010
  7     108         0.010

Detector: BL_W100_T2.0_D15
Best Detection: 116 mmHg (confidence: 0.260)
Top 10 readings:
  Rank  Pressure    Confidence  
  ------------------------------
  1     116         0.260
  2     114         0.208
  3     113         0.126
  4     111         0.126
  5     95          0.126
  6     94          0.050
  7     110         0.010
  8     108         0.010

Detector: BL_W100_T2.0_D20
Best Detection: 116 mmHg (confidence: 0.260)
Top 10 readings:
  Rank  Pressure    Confidence  
  ------------------------------
  1     116         0.260
  2     113         0.126
  3     111         0.126
  4     95          0.126
  5     94          0.050
  6     110         0.010
  7     108         0.010

Detector: BL_W100_T2.0_D25
Best Detection: 116 mmHg (confidence: 0.260)
Top 10 readings:
  Rank  Pressure    Confidence  
  ------------------------------
  1     116         0.260
  2     113         0.126
  3     111         0.126
  4     95          0.126
  5     94          0.050
  6     110         0.010
  7     108         0.010

Detector: BL_W100_T2.0_D30
Best Detection: 115 mmHg (confidence: 0.260)
Top 10 readings:
  Rank  Pressure    Confidence  
  ------------------------------
  1     115         0.260
  2     112         0.126
  3     111         0.126
  4     95          0.126
  5     94          0.050
  6     110         0.010
  7     108         0.010

Detector: BL_W100_T2.0_D40
Best Detection: 112 mmHg (confidence: 0.126)
Top 10 readings:
  Rank  Pressure    Confidence  
  ------------------------------
  1     112         0.126
  2     111         0.126
  3     95          0.126
  4     94          0.050
  5     110         0.010
  6     108         0.010

Detector: BL_W100_T2.2_D2
Best Detection: 116 mmHg (confidence: 0.260)
Top 10 readings:
  Rank  Pressure    Confidence  
  ------------------------------
  1     116         0.260
  2     113         0.126
  3     111         0.126
  4     95          0.126
  5     93          0.050
  6     110         0.010
  7     108         0.010

Detector: BL_W100_T2.2_D4
Best Detection: 116 mmHg (confidence: 0.260)
Top 10 readings:
  Rank  Pressure    Confidence  
  ------------------------------
  1     116         0.260
  2     113         0.126
  3     111         0.126
  4     95          0.126
  5     93          0.050
  6     110         0.010
  7     108         0.010

Detector: BL_W100_T2.2_D6
Best Detection: 116 mmHg (confidence: 0.260)
Top 10 readings:
  Rank  Pressure    Confidence  
  ------------------------------
  1     116         0.260
  2     113         0.126
  3     111         0.126
  4     95          0.126
  5     93          0.050
  6     110         0.010
  7     108         0.010

Detector: BL_W100_T2.2_D8
Best Detection: 116 mmHg (confidence: 0.260)
Top 10 readings:
  Rank  Pressure    Confidence  
  ------------------------------
  1     116         0.260
  2     113         0.126
  3     111         0.126
  4     95          0.126
  5     93          0.050
  6     110         0.010
  7     108         0.010

Detector: BL_W100_T2.2_D10
Best Detection: 116 mmHg (confidence: 0.260)
Top 10 readings:
  Rank  Pressure    Confidence  
  ------------------------------
  1     116         0.260
  2     113         0.126
  3     111         0.126
  4     95          0.126
  5     93          0.050
  6     110         0.010
  7     108         0.010

Detector: BL_W100_T2.2_D15
Best Detection: 116 mmHg (confidence: 0.260)
Top 10 readings:
  Rank  Pressure    Confidence  
  ------------------------------
  1     116         0.260
  2     114         0.208
  3     113         0.126
  4     111         0.126
  5     95          0.126
  6     93          0.050
  7     110         0.010
  8     108         0.010

Detector: BL_W100_T2.2_D20
Best Detection: 116 mmHg (confidence: 0.260)
Top 10 readings:
  Rank  Pressure    Confidence  
  ------------------------------
  1     116         0.260
  2     113         0.126
  3     111         0.126
  4     95          0.126
  5     93          0.050
  6     110         0.010
  7     108         0.010

Detector: BL_W100_T2.2_D25
Best Detection: 116 mmHg (confidence: 0.260)
Top 10 readings:
  Rank  Pressure    Confidence  
  ------------------------------
  1     116         0.260
  2     113         0.126
  3     111         0.126
  4     95          0.126
  5     93          0.050
  6     110         0.010
  7     108         0.010

Detector: BL_W100_T2.2_D30
Best Detection: 115 mmHg (confidence: 0.260)
Top 10 readings:
  Rank  Pressure    Confidence  
  ------------------------------
  1     115         0.260
  2     112         0.126
  3     111         0.126
  4     95          0.126
  5     93          0.050
  6     110         0.010
  7     108         0.010

Detector: BL_W100_T2.2_D40
Best Detection: 112 mmHg (confidence: 0.126)
Top 10 readings:
  Rank  Pressure    Confidence  
  ------------------------------
  1     112         0.126
  2     111         0.126
  3     95          0.126
  4     93          0.050
  5     110         0.010
  6     108         0.010

Detector: BL_W100_T2.4_D2
Best Detection: 116 mmHg (confidence: 0.260)
Top 10 readings:
  Rank  Pressure    Confidence  
  ------------------------------
  1     116         0.260
  2     112         0.126
  3     111         0.126
  4     93          0.050
  5     110         0.010
  6     108         0.010

Detector: BL_W100_T2.4_D4
Best Detection: 116 mmHg (confidence: 0.260)
Top 10 readings:
  Rank  Pressure    Confidence  
  ------------------------------
  1     116         0.260
  2     112         0.126
  3     111         0.126
  4     93          0.050
  5     110         0.010
  6     108         0.010

Detector: BL_W100_T2.4_D6
Best Detection: 116 mmHg (confidence: 0.260)
Top 10 readings:
  Rank  Pressure    Confidence  
  ------------------------------
  1     116         0.260
  2     112         0.126
  3     111         0.126
  4     93          0.050
  5     110         0.010
  6     108         0.010

Detector: BL_W100_T2.4_D8
Best Detection: 116 mmHg (confidence: 0.260)
Top 10 readings:
  Rank  Pressure    Confidence  
  ------------------------------
  1     116         0.260
  2     112         0.126
  3     111         0.126
  4     93          0.050
  5     110         0.010
  6     108         0.010

Detector: BL_W100_T2.4_D10
Best Detection: 116 mmHg (confidence: 0.260)
Top 10 readings:
  Rank  Pressure    Confidence  
  ------------------------------
  1     116         0.260
  2     112         0.126
  3     111         0.126
  4     93          0.050
  5     110         0.010
  6     108         0.010

Detector: BL_W100_T2.4_D15
Best Detection: 116 mmHg (confidence: 0.260)
Top 10 readings:
  Rank  Pressure    Confidence  
  ------------------------------
  1     116         0.260
  2     114         0.208
  3     113         0.126
  4     111         0.126
  5     93          0.050
  6     110         0.010
  7     108         0.010

Detector: BL_W100_T2.4_D20
Best Detection: 116 mmHg (confidence: 0.260)
Top 10 readings:
  Rank  Pressure    Confidence  
  ------------------------------
  1     116         0.260
  2     113         0.126
  3     111         0.126
  4     93          0.050
  5     110         0.010
  6     108         0.010

Detector: BL_W100_T2.4_D25
Best Detection: 116 mmHg (confidence: 0.260)
Top 10 readings:
  Rank  Pressure    Confidence  
  ------------------------------
  1     116         0.260
  2     113         0.126
  3     111         0.126
  4     93          0.050
  5     110         0.010
  6     108         0.010

Detector: BL_W100_T2.4_D30
Best Detection: 115 mmHg (confidence: 0.260)
Top 10 readings:
  Rank  Pressure    Confidence  
  ------------------------------
  1     115         0.260
  2     112         0.126
  3     111         0.126
  4     93          0.050
  5     110         0.010
  6     108         0.010

Detector: BL_W100_T2.4_D40
Best Detection: 112 mmHg (confidence: 0.126)
Top 10 readings:
  Rank  Pressure    Confidence  
  ------------------------------
  1     112         0.126
  2     111         0.126
  3     93          0.050
  4     110         0.010
  5     108         0.010

Detector: BL_W110_T1.8_D2
Best Detection: 98 mmHg (confidence: 0.340)
Top 10 readings:
  Rank  Pressure    Confidence  
  ------------------------------
  1     98          0.340
  2     116         0.260
  3     95          0.260
  4     113         0.126
  5     111         0.126
  6     94          0.126
  7     80          0.126
  8     78          0.050
  9     110         0.010
  10    108         0.010

Detector: BL_W110_T1.8_D4
Best Detection: 98 mmHg (confidence: 0.340)
Top 10 readings:
  Rank  Pressure    Confidence  
  ------------------------------
  1     98          0.340
  2     116         0.260
  3     95          0.260
  4     113         0.126
  5     111         0.126
  6     94          0.126
  7     80          0.126
  8     78          0.050
  9     110         0.010
  10    108         0.010

Detector: BL_W110_T1.8_D6
Best Detection: 98 mmHg (confidence: 0.340)
Top 10 readings:
  Rank  Pressure    Confidence  
  ------------------------------
  1     98          0.340
  2     116         0.260
  3     95          0.260
  4     113         0.126
  5     111         0.126
  6     94          0.126
  7     80          0.126
  8     78          0.050
  9     110         0.010
  10    108         0.010

Detector: BL_W110_T1.8_D8
Best Detection: 98 mmHg (confidence: 0.340)
Top 10 readings:
  Rank  Pressure    Confidence  
  ------------------------------
  1     98          0.340
  2     116         0.260
  3     95          0.260
  4     113         0.126
  5     111         0.126
  6     94          0.126
  7     80          0.126
  8     78          0.050
  9     110         0.010
  10    108         0.010

Detector: BL_W110_T1.8_D10
Best Detection: 98 mmHg (confidence: 0.340)
Top 10 readings:
  Rank  Pressure    Confidence  
  ------------------------------
  1     98          0.340
  2     116         0.260
  3     95          0.260
  4     114         0.208
  5     113         0.126
  6     111         0.126
  7     94          0.126
  8     80          0.126
  9     78          0.050
  10    110         0.010

Detector: BL_W110_T1.8_D15
Best Detection: 98 mmHg (confidence: 0.340)
Top 10 readings:
  Rank  Pressure    Confidence  
  ------------------------------
  1     98          0.340
  2     116         0.260
  3     95          0.260
  4     114         0.208
  5     113         0.126
  6     111         0.126
  7     94          0.126
  8     80          0.126
  9     78          0.050
  10    110         0.010

Detector: BL_W110_T1.8_D20
Best Detection: 98 mmHg (confidence: 0.340)
Top 10 readings:
  Rank  Pressure    Confidence  
  ------------------------------
  1     98          0.340
  2     116         0.260
  3     95          0.260
  4     113         0.126
  5     111         0.126
  6     94          0.126
  7     80          0.126
  8     78          0.050
  9     110         0.010
  10    108         0.010

Detector: BL_W110_T1.8_D25
Best Detection: 98 mmHg (confidence: 0.340)
Top 10 readings:
  Rank  Pressure    Confidence  
  ------------------------------
  1     98          0.340
  2     116         0.260
  3     95          0.260
  4     113         0.126
  5     111         0.126
  6     94          0.126
  7     80          0.126
  8     78          0.050
  9     110         0.010
  10    108         0.010

Detector: BL_W110_T1.8_D30
Best Detection: 98 mmHg (confidence: 0.340)
Top 10 readings:
  Rank  Pressure    Confidence  
  ------------------------------
  1     98          0.340
  2     115         0.260
  3     95          0.260
  4     112         0.126
  5     111         0.126
  6     94          0.126
  7     80          0.126
  8     78          0.050
  9     110         0.010
  10    108         0.010

Detector: BL_W110_T1.8_D40
Best Detection: 98 mmHg (confidence: 0.340)
Top 10 readings:
  Rank  Pressure    Confidence  
  ------------------------------
  1     98          0.340
  2     95          0.260
  3     112         0.126
  4     111         0.126
  5     94          0.126
  6     80          0.126
  7     78          0.050
  8     110         0.010
  9     108         0.010
  10    91          0.010

Detector: BL_W110_T2.0_D2
Best Detection: 116 mmHg (confidence: 0.260)
Top 10 readings:
  Rank  Pressure    Confidence  
  ------------------------------
  1     116         0.260
  2     113         0.126
  3     111         0.126
  4     95          0.126
  5     94          0.050
  6     110         0.010
  7     108         0.010

Detector: BL_W110_T2.0_D4
Best Detection: 116 mmHg (confidence: 0.260)
Top 10 readings:
  Rank  Pressure    Confidence  
  ------------------------------
  1     116         0.260
  2     113         0.126
  3     111         0.126
  4     95          0.126
  5     94          0.050
  6     110         0.010
  7     108         0.010

Detector: BL_W110_T2.0_D6
Best Detection: 116 mmHg (confidence: 0.260)
Top 10 readings:
  Rank  Pressure    Confidence  
  ------------------------------
  1     116         0.260
  2     113         0.126
  3     111         0.126
  4     95          0.126
  5     94          0.050
  6     110         0.010
  7     108         0.010

Detector: BL_W110_T2.0_D8
Best Detection: 116 mmHg (confidence: 0.260)
Top 10 readings:
  Rank  Pressure    Confidence  
  ------------------------------
  1     116         0.260
  2     113         0.126
  3     111         0.126
  4     95          0.126
  5     94          0.050
  6     110         0.010
  7     108         0.010

Detector: BL_W110_T2.0_D10
Best Detection: 116 mmHg (confidence: 0.260)
Top 10 readings:
  Rank  Pressure    Confidence  
  ------------------------------
  1     116         0.260
  2     113         0.126
  3     111         0.126
  4     95          0.126
  5     94          0.050
  6     110         0.010
  7     108         0.010

Detector: BL_W110_T2.0_D15
Best Detection: 116 mmHg (confidence: 0.260)
Top 10 readings:
  Rank  Pressure    Confidence  
  ------------------------------
  1     116         0.260
  2     114         0.208
  3     113         0.126
  4     111         0.126
  5     95          0.126
  6     94          0.050
  7     110         0.010
  8     108         0.010

Detector: BL_W110_T2.0_D20
Best Detection: 116 mmHg (confidence: 0.260)
Top 10 readings:
  Rank  Pressure    Confidence  
  ------------------------------
  1     116         0.260
  2     113         0.126
  3     111         0.126
  4     95          0.126
  5     94          0.050
  6     110         0.010
  7     108         0.010

Detector: BL_W110_T2.0_D25
Best Detection: 116 mmHg (confidence: 0.260)
Top 10 readings:
  Rank  Pressure    Confidence  
  ------------------------------
  1     116         0.260
  2     113         0.126
  3     111         0.126
  4     95          0.126
  5     94          0.050
  6     110         0.010
  7     108         0.010

Detector: BL_W110_T2.0_D30
Best Detection: 115 mmHg (confidence: 0.260)
Top 10 readings:
  Rank  Pressure    Confidence  
  ------------------------------
  1     115         0.260
  2     112         0.126
  3     111         0.126
  4     95          0.126
  5     94          0.050
  6     110         0.010
  7     108         0.010

Detector: BL_W110_T2.0_D40
Best Detection: 112 mmHg (confidence: 0.126)
Top 10 readings:
  Rank  Pressure    Confidence  
  ------------------------------
  1     112         0.126
  2     111         0.126
  3     95          0.126
  4     94          0.050
  5     110         0.010
  6     108         0.010

Detector: BL_W110_T2.2_D2
Best Detection: 116 mmHg (confidence: 0.260)
Top 10 readings:
  Rank  Pressure    Confidence  
  ------------------------------
  1     116         0.260
  2     113         0.126
  3     111         0.126
  4     95          0.126
  5     93          0.050
  6     110         0.010
  7     108         0.010

Detector: BL_W110_T2.2_D4
Best Detection: 116 mmHg (confidence: 0.260)
Top 10 readings:
  Rank  Pressure    Confidence  
  ------------------------------
  1     116         0.260
  2     113         0.126
  3     111         0.126
  4     95          0.126
  5     93          0.050
  6     110         0.010
  7     108         0.010

Detector: BL_W110_T2.2_D6
Best Detection: 116 mmHg (confidence: 0.260)
Top 10 readings:
  Rank  Pressure    Confidence  
  ------------------------------
  1     116         0.260
  2     113         0.126
  3     111         0.126
  4     95          0.126
  5     93          0.050
  6     110         0.010
  7     108         0.010

Detector: BL_W110_T2.2_D8
Best Detection: 116 mmHg (confidence: 0.260)
Top 10 readings:
  Rank  Pressure    Confidence  
  ------------------------------
  1     116         0.260
  2     113         0.126
  3     111         0.126
  4     95          0.126
  5     93          0.050
  6     110         0.010
  7     108         0.010

Detector: BL_W110_T2.2_D10
Best Detection: 116 mmHg (confidence: 0.260)
Top 10 readings:
  Rank  Pressure    Confidence  
  ------------------------------
  1     116         0.260
  2     113         0.126
  3     111         0.126
  4     95          0.126
  5     93          0.050
  6     110         0.010
  7     108         0.010

Detector: BL_W110_T2.2_D15
Best Detection: 116 mmHg (confidence: 0.260)
Top 10 readings:
  Rank  Pressure    Confidence  
  ------------------------------
  1     116         0.260
  2     114         0.208
  3     113         0.126
  4     111         0.126
  5     95          0.126
  6     93          0.050
  7     110         0.010
  8     108         0.010

Detector: BL_W110_T2.2_D20
Best Detection: 116 mmHg (confidence: 0.260)
Top 10 readings:
  Rank  Pressure    Confidence  
  ------------------------------
  1     116         0.260
  2     113         0.126
  3     111         0.126
  4     95          0.126
  5     93          0.050
  6     110         0.010
  7     108         0.010

Detector: BL_W110_T2.2_D25
Best Detection: 116 mmHg (confidence: 0.260)
Top 10 readings:
  Rank  Pressure    Confidence  
  ------------------------------
  1     116         0.260
  2     113         0.126
  3     111         0.126
  4     95          0.126
  5     93          0.050
  6     110         0.010
  7     108         0.010

Detector: BL_W110_T2.2_D30
Best Detection: 115 mmHg (confidence: 0.260)
Top 10 readings:
  Rank  Pressure    Confidence  
  ------------------------------
  1     115         0.260
  2     112         0.126
  3     111         0.126
  4     95          0.126
  5     93          0.050
  6     110         0.010
  7     108         0.010

Detector: BL_W110_T2.2_D40
Best Detection: 112 mmHg (confidence: 0.126)
Top 10 readings:
  Rank  Pressure    Confidence  
  ------------------------------
  1     112         0.126
  2     111         0.126
  3     95          0.126
  4     93          0.050
  5     110         0.010
  6     108         0.010

Detector: BL_W110_T2.4_D2
Best Detection: 116 mmHg (confidence: 0.260)
Top 10 readings:
  Rank  Pressure    Confidence  
  ------------------------------
  1     116         0.260
  2     113         0.126
  3     111         0.126
  4     93          0.050
  5     110         0.010
  6     108         0.010

Detector: BL_W110_T2.4_D4
Best Detection: 116 mmHg (confidence: 0.260)
Top 10 readings:
  Rank  Pressure    Confidence  
  ------------------------------
  1     116         0.260
  2     113         0.126
  3     111         0.126
  4     93          0.050
  5     110         0.010
  6     108         0.010

Detector: BL_W110_T2.4_D6
Best Detection: 116 mmHg (confidence: 0.260)
Top 10 readings:
  Rank  Pressure    Confidence  
  ------------------------------
  1     116         0.260
  2     113         0.126
  3     111         0.126
  4     93          0.050
  5     110         0.010
  6     108         0.010

Detector: BL_W110_T2.4_D8
Best Detection: 116 mmHg (confidence: 0.260)
Top 10 readings:
  Rank  Pressure    Confidence  
  ------------------------------
  1     116         0.260
  2     113         0.126
  3     111         0.126
  4     93          0.050
  5     110         0.010
  6     108         0.010

Detector: BL_W110_T2.4_D10
Best Detection: 116 mmHg (confidence: 0.260)
Top 10 readings:
  Rank  Pressure    Confidence  
  ------------------------------
  1     116         0.260
  2     113         0.126
  3     111         0.126
  4     93          0.050
  5     110         0.010
  6     108         0.010

Detector: BL_W110_T2.4_D15
Best Detection: 116 mmHg (confidence: 0.260)
Top 10 readings:
  Rank  Pressure    Confidence  
  ------------------------------
  1     116         0.260
  2     114         0.208
  3     113         0.126
  4     111         0.126
  5     93          0.050
  6     110         0.010
  7     108         0.010

Detector: BL_W110_T2.4_D20
Best Detection: 116 mmHg (confidence: 0.260)
Top 10 readings:
  Rank  Pressure    Confidence  
  ------------------------------
  1     116         0.260
  2     113         0.126
  3     111         0.126
  4     93          0.050
  5     110         0.010
  6     108         0.010

Detector: BL_W110_T2.4_D25
Best Detection: 116 mmHg (confidence: 0.260)
Top 10 readings:
  Rank  Pressure    Confidence  
  ------------------------------
  1     116         0.260
  2     113         0.126
  3     111         0.126
  4     93          0.050
  5     110         0.010
  6     108         0.010

Detector: BL_W110_T2.4_D30
Best Detection: 115 mmHg (confidence: 0.260)
Top 10 readings:
  Rank  Pressure    Confidence  
  ------------------------------
  1     115         0.260
  2     112         0.126
  3     111         0.126
  4     93          0.050
  5     110         0.010
  6     108         0.010

Detector: BL_W110_T2.4_D40
Best Detection: 112 mmHg (confidence: 0.126)
Top 10 readings:
  Rank  Pressure    Confidence  
  ------------------------------
  1     112         0.126
  2     111         0.126
  3     93          0.050
  4     110         0.010
  5     108         0.010

Detector: BL_W120_T1.8_D2
Best Detection: 98 mmHg (confidence: 0.420)
Top 10 readings:
  Rank  Pressure    Confidence  
  ------------------------------
  1     98          0.420
  2     95          0.340
  3     94          0.260
  4     113         0.126
  5     111         0.126
  6     91          0.126
  7     88          0.050
  8     110         0.010
  9     108         0.010

Detector: BL_W120_T1.8_D4
Best Detection: 98 mmHg (confidence: 0.420)
Top 10 readings:
  Rank  Pressure    Confidence  
  ------------------------------
  1     98          0.420
  2     95          0.340
  3     94          0.260
  4     113         0.126
  5     111         0.126
  6     91          0.126
  7     88          0.050
  8     110         0.010
  9     108         0.010

Detector: BL_W120_T1.8_D6
Best Detection: 98 mmHg (confidence: 0.420)
Top 10 readings:
  Rank  Pressure    Confidence  
  ------------------------------
  1     98          0.420
  2     95          0.340
  3     94          0.260
  4     113         0.126
  5     111         0.126
  6     91          0.126
  7     88          0.050
  8     110         0.010
  9     108         0.010

Detector: BL_W120_T1.8_D8
Best Detection: 98 mmHg (confidence: 0.420)
Top 10 readings:
  Rank  Pressure    Confidence  
  ------------------------------
  1     98          0.420
  2     95          0.340
  3     94          0.260
  4     113         0.126
  5     111         0.126
  6     91          0.126
  7     88          0.050
  8     110         0.010
  9     108         0.010

Detector: BL_W120_T1.8_D10
Best Detection: 98 mmHg (confidence: 0.420)
Top 10 readings:
  Rank  Pressure    Confidence  
  ------------------------------
  1     98          0.420
  2     95          0.340
  3     94          0.260
  4     113         0.126
  5     111         0.126
  6     91          0.126
  7     88          0.050
  8     110         0.010
  9     108         0.010

Detector: BL_W120_T1.8_D15
Best Detection: 98 mmHg (confidence: 0.420)
Top 10 readings:
  Rank  Pressure    Confidence  
  ------------------------------
  1     98          0.420
  2     95          0.340
  3     94          0.260
  4     113         0.126
  5     111         0.126
  6     91          0.126
  7     88          0.050
  8     110         0.010
  9     108         0.010

Detector: BL_W120_T1.8_D20
Best Detection: 98 mmHg (confidence: 0.420)
Top 10 readings:
  Rank  Pressure    Confidence  
  ------------------------------
  1     98          0.420
  2     95          0.340
  3     94          0.260
  4     113         0.126
  5     111         0.126
  6     91          0.126
  7     88          0.050
  8     110         0.010
  9     108         0.010

Detector: BL_W120_T1.8_D25
Best Detection: 98 mmHg (confidence: 0.420)
Top 10 readings:
  Rank  Pressure    Confidence  
  ------------------------------
  1     98          0.420
  2     95          0.340
  3     94          0.260
  4     113         0.126
  5     111         0.126
  6     91          0.126
  7     88          0.050
  8     110         0.010
  9     108         0.010

Detector: BL_W120_T1.8_D30
Best Detection: 98 mmHg (confidence: 0.420)
Top 10 readings:
  Rank  Pressure    Confidence  
  ------------------------------
  1     98          0.420
  2     95          0.340
  3     94          0.260
  4     112         0.126
  5     111         0.126
  6     91          0.126
  7     88          0.050
  8     110         0.010
  9     108         0.010

Detector: BL_W120_T1.8_D40
Best Detection: 98 mmHg (confidence: 0.420)
Top 10 readings:
  Rank  Pressure    Confidence  
  ------------------------------
  1     98          0.420
  2     95          0.340
  3     94          0.260
  4     112         0.126
  5     111         0.126
  6     91          0.126
  7     88          0.050
  8     110         0.010
  9     108         0.010

Detector: BL_W120_T2.0_D2
Best Detection: 98 mmHg (confidence: 0.340)
Top 10 readings:
  Rank  Pressure    Confidence  
  ------------------------------
  1     98          0.340
  2     95          0.260
  3     113         0.126
  4     111         0.126
  5     94          0.126
  6     91          0.050
  7     110         0.010
  8     108         0.010

Detector: BL_W120_T2.0_D4
Best Detection: 98 mmHg (confidence: 0.340)
Top 10 readings:
  Rank  Pressure    Confidence  
  ------------------------------
  1     98          0.340
  2     95          0.260
  3     113         0.126
  4     111         0.126
  5     94          0.126
  6     91          0.050
  7     110         0.010
  8     108         0.010

Detector: BL_W120_T2.0_D6
Best Detection: 98 mmHg (confidence: 0.340)
Top 10 readings:
  Rank  Pressure    Confidence  
  ------------------------------
  1     98          0.340
  2     95          0.260
  3     113         0.126
  4     111         0.126
  5     94          0.126
  6     91          0.050
  7     110         0.010
  8     108         0.010

Detector: BL_W120_T2.0_D8
Best Detection: 98 mmHg (confidence: 0.340)
Top 10 readings:
  Rank  Pressure    Confidence  
  ------------------------------
  1     98          0.340
  2     95          0.260
  3     113         0.126
  4     111         0.126
  5     94          0.126
  6     91          0.050
  7     110         0.010
  8     108         0.010

Detector: BL_W120_T2.0_D10
Best Detection: 98 mmHg (confidence: 0.340)
Top 10 readings:
  Rank  Pressure    Confidence  
  ------------------------------
  1     98          0.340
  2     95          0.260
  3     113         0.126
  4     111         0.126
  5     94          0.126
  6     91          0.050
  7     110         0.010
  8     108         0.010

Detector: BL_W120_T2.0_D15
Best Detection: 98 mmHg (confidence: 0.340)
Top 10 readings:
  Rank  Pressure    Confidence  
  ------------------------------
  1     98          0.340
  2     95          0.260
  3     113         0.126
  4     111         0.126
  5     94          0.126
  6     91          0.050
  7     110         0.010
  8     108         0.010

Detector: BL_W120_T2.0_D20
Best Detection: 98 mmHg (confidence: 0.340)
Top 10 readings:
  Rank  Pressure    Confidence  
  ------------------------------
  1     98          0.340
  2     95          0.260
  3     113         0.126
  4     111         0.126
  5     94          0.126
  6     91          0.050
  7     110         0.010
  8     108         0.010

Detector: BL_W120_T2.0_D25
Best Detection: 98 mmHg (confidence: 0.340)
Top 10 readings:
  Rank  Pressure    Confidence  
  ------------------------------
  1     98          0.340
  2     95          0.260
  3     113         0.126
  4     111         0.126
  5     94          0.126
  6     91          0.050
  7     110         0.010
  8     108         0.010

Detector: BL_W120_T2.0_D30
Best Detection: 98 mmHg (confidence: 0.340)
Top 10 readings:
  Rank  Pressure    Confidence  
  ------------------------------
  1     98          0.340
  2     95          0.260
  3     112         0.126
  4     111         0.126
  5     94          0.126
  6     91          0.050
  7     110         0.010
  8     108         0.010

Detector: BL_W120_T2.0_D40
Best Detection: 98 mmHg (confidence: 0.340)
Top 10 readings:
  Rank  Pressure    Confidence  
  ------------------------------
  1     98          0.340
  2     95          0.260
  3     112         0.126
  4     111         0.126
  5     94          0.126
  6     91          0.050
  7     110         0.010
  8     108         0.010

Detector: BL_W120_T2.2_D2
Best Detection: 113 mmHg (confidence: 0.126)
Top 10 readings:
  Rank  Pressure    Confidence  
  ------------------------------
  1     113         0.126
  2     111         0.126
  3     95          0.126
  4     93          0.050
  5     110         0.010
  6     108         0.010

Detector: BL_W120_T2.2_D4
Best Detection: 113 mmHg (confidence: 0.126)
Top 10 readings:
  Rank  Pressure    Confidence  
  ------------------------------
  1     113         0.126
  2     111         0.126
  3     95          0.126
  4     93          0.050
  5     110         0.010
  6     108         0.010

Detector: BL_W120_T2.2_D6
Best Detection: 113 mmHg (confidence: 0.126)
Top 10 readings:
  Rank  Pressure    Confidence  
  ------------------------------
  1     113         0.126
  2     111         0.126
  3     95          0.126
  4     93          0.050
  5     110         0.010
  6     108         0.010

Detector: BL_W120_T2.2_D8
Best Detection: 113 mmHg (confidence: 0.126)
Top 10 readings:
  Rank  Pressure    Confidence  
  ------------------------------
  1     113         0.126
  2     111         0.126
  3     95          0.126
  4     93          0.050
  5     110         0.010
  6     108         0.010

Detector: BL_W120_T2.2_D10
Best Detection: 113 mmHg (confidence: 0.126)
Top 10 readings:
  Rank  Pressure    Confidence  
  ------------------------------
  1     113         0.126
  2     111         0.126
  3     95          0.126
  4     93          0.050
  5     110         0.010
  6     108         0.010

Detector: BL_W120_T2.2_D15
Best Detection: 113 mmHg (confidence: 0.126)
Top 10 readings:
  Rank  Pressure    Confidence  
  ------------------------------
  1     113         0.126
  2     111         0.126
  3     95          0.126
  4     93          0.050
  5     110         0.010
  6     108         0.010

Detector: BL_W120_T2.2_D20
Best Detection: 113 mmHg (confidence: 0.126)
Top 10 readings:
  Rank  Pressure    Confidence  
  ------------------------------
  1     113         0.126
  2     111         0.126
  3     95          0.126
  4     93          0.050
  5     110         0.010
  6     108         0.010

Detector: BL_W120_T2.2_D25
Best Detection: 113 mmHg (confidence: 0.126)
Top 10 readings:
  Rank  Pressure    Confidence  
  ------------------------------
  1     113         0.126
  2     111         0.126
  3     95          0.126
  4     93          0.050
  5     110         0.010
  6     108         0.010

Detector: BL_W120_T2.2_D30
Best Detection: 112 mmHg (confidence: 0.126)
Top 10 readings:
  Rank  Pressure    Confidence  
  ------------------------------
  1     112         0.126
  2     111         0.126
  3     95          0.126
  4     93          0.050
  5     110         0.010
  6     108         0.010

Detector: BL_W120_T2.2_D40
Best Detection: 112 mmHg (confidence: 0.126)
Top 10 readings:
  Rank  Pressure    Confidence  
  ------------------------------
  1     112         0.126
  2     111         0.126
  3     95          0.126
  4     93          0.050
  5     110         0.010
  6     108         0.010

Detector: BL_W120_T2.4_D2
Best Detection: 113 mmHg (confidence: 0.126)
Top 10 readings:
  Rank  Pressure    Confidence  
  ------------------------------
  1     113         0.126
  2     111         0.126
  3     93          0.050
  4     110         0.010
  5     108         0.010

Detector: BL_W120_T2.4_D4
Best Detection: 113 mmHg (confidence: 0.126)
Top 10 readings:
  Rank  Pressure    Confidence  
  ------------------------------
  1     113         0.126
  2     111         0.126
  3     93          0.050
  4     110         0.010
  5     108         0.010

Detector: BL_W120_T2.4_D6
Best Detection: 113 mmHg (confidence: 0.126)
Top 10 readings:
  Rank  Pressure    Confidence  
  ------------------------------
  1     113         0.126
  2     111         0.126
  3     93          0.050
  4     110         0.010
  5     108         0.010

Detector: BL_W120_T2.4_D8
Best Detection: 113 mmHg (confidence: 0.126)
Top 10 readings:
  Rank  Pressure    Confidence  
  ------------------------------
  1     113         0.126
  2     111         0.126
  3     93          0.050
  4     110         0.010
  5     108         0.010

Detector: BL_W120_T2.4_D10
Best Detection: 113 mmHg (confidence: 0.126)
Top 10 readings:
  Rank  Pressure    Confidence  
  ------------------------------
  1     113         0.126
  2     111         0.126
  3     93          0.050
  4     110         0.010
  5     108         0.010

Detector: BL_W120_T2.4_D15
Best Detection: 113 mmHg (confidence: 0.126)
Top 10 readings:
  Rank  Pressure    Confidence  
  ------------------------------
  1     113         0.126
  2     111         0.126
  3     93          0.050
  4     110         0.010
  5     108         0.010

Detector: BL_W120_T2.4_D20
Best Detection: 113 mmHg (confidence: 0.126)
Top 10 readings:
  Rank  Pressure    Confidence  
  ------------------------------
  1     113         0.126
  2     111         0.126
  3     93          0.050
  4     110         0.010
  5     108         0.010

Detector: BL_W120_T2.4_D25
Best Detection: 113 mmHg (confidence: 0.126)
Top 10 readings:
  Rank  Pressure    Confidence  
  ------------------------------
  1     113         0.126
  2     111         0.126
  3     93          0.050
  4     110         0.010
  5     108         0.010

Detector: BL_W120_T2.4_D30
Best Detection: 112 mmHg (confidence: 0.126)
Top 10 readings:
  Rank  Pressure    Confidence  
  ------------------------------
  1     112         0.126
  2     111         0.126
  3     93          0.050
  4     110         0.010
  5     108         0.010

Detector: BL_W120_T2.4_D40
Best Detection: 112 mmHg (confidence: 0.126)
Top 10 readings:
  Rank  Pressure    Confidence  
  ------------------------------
  1     112         0.126
  2     111         0.126
  3     93          0.050
  4     110         0.010
  5     108         0.010

Detector: BL_W130_T1.8_D2
Best Detection: 98 mmHg (confidence: 0.420)
Top 10 readings:
  Rank  Pressure    Confidence  
  ------------------------------
  1     98          0.420
  2     96          0.340
  3     94          0.260
  4     113         0.126
  5     111         0.126
  6     91          0.126
  7     80          0.050
  8     110         0.010
  9     108         0.010
  10    88          0.010

Detector: BL_W130_T1.8_D4
Best Detection: 98 mmHg (confidence: 0.420)
Top 10 readings:
  Rank  Pressure    Confidence  
  ------------------------------
  1     98          0.420
  2     96          0.340
  3     94          0.260
  4     113         0.126
  5     111         0.126
  6     91          0.126
  7     80          0.050
  8     110         0.010
  9     108         0.010
  10    88          0.010

Detector: BL_W130_T1.8_D6
Best Detection: 98 mmHg (confidence: 0.420)
Top 10 readings:
  Rank  Pressure    Confidence  
  ------------------------------
  1     98          0.420
  2     96          0.340
  3     94          0.260
  4     113         0.126
  5     111         0.126
  6     91          0.126
  7     80          0.050
  8     110         0.010
  9     108         0.010
  10    88          0.010

Detector: BL_W130_T1.8_D8
Best Detection: 98 mmHg (confidence: 0.420)
Top 10 readings:
  Rank  Pressure    Confidence  
  ------------------------------
  1     98          0.420
  2     96          0.340
  3     94          0.260
  4     113         0.126
  5     111         0.126
  6     91          0.126
  7     80          0.050
  8     110         0.010
  9     108         0.010
  10    88          0.010

Detector: BL_W130_T1.8_D10
Best Detection: 98 mmHg (confidence: 0.420)
Top 10 readings:
  Rank  Pressure    Confidence  
  ------------------------------
  1     98          0.420
  2     96          0.340
  3     94          0.260
  4     113         0.126
  5     111         0.126
  6     91          0.126
  7     80          0.050
  8     110         0.010
  9     108         0.010
  10    88          0.010

Detector: BL_W130_T1.8_D15
Best Detection: 98 mmHg (confidence: 0.420)
Top 10 readings:
  Rank  Pressure    Confidence  
  ------------------------------
  1     98          0.420
  2     96          0.340
  3     94          0.260
  4     113         0.126
  5     111         0.126
  6     91          0.126
  7     80          0.050
  8     110         0.010
  9     108         0.010
  10    88          0.010

Detector: BL_W130_T1.8_D20
Best Detection: 98 mmHg (confidence: 0.420)
Top 10 readings:
  Rank  Pressure    Confidence  
  ------------------------------
  1     98          0.420
  2     96          0.340
  3     94          0.260
  4     113         0.126
  5     111         0.126
  6     91          0.126
  7     80          0.050
  8     110         0.010
  9     108         0.010
  10    88          0.010

Detector: BL_W130_T1.8_D25
Best Detection: 98 mmHg (confidence: 0.420)
Top 10 readings:
  Rank  Pressure    Confidence  
  ------------------------------
  1     98          0.420
  2     96          0.340
  3     94          0.260
  4     113         0.126
  5     111         0.126
  6     91          0.126
  7     80          0.050
  8     110         0.010
  9     108         0.010
  10    88          0.010

Detector: BL_W130_T1.8_D30
Best Detection: 98 mmHg (confidence: 0.420)
Top 10 readings:
  Rank  Pressure    Confidence  
  ------------------------------
  1     98          0.420
  2     96          0.340
  3     94          0.260
  4     113         0.126
  5     111         0.126
  6     91          0.126
  7     80          0.050
  8     110         0.010
  9     108         0.010
  10    88          0.010

Detector: BL_W130_T1.8_D40
Best Detection: 98 mmHg (confidence: 0.420)
Top 10 readings:
  Rank  Pressure    Confidence  
  ------------------------------
  1     98          0.420
  2     96          0.340
  3     94          0.260
  4     112         0.126
  5     111         0.126
  6     91          0.126
  7     80          0.050
  8     110         0.010
  9     108         0.010
  10    88          0.010

Detector: BL_W130_T2.0_D2
Best Detection: 98 mmHg (confidence: 0.340)
Top 10 readings:
  Rank  Pressure    Confidence  
  ------------------------------
  1     98          0.340
  2     95          0.260
  3     113         0.126
  4     111         0.126
  5     94          0.126
  6     91          0.050
  7     110         0.010
  8     108         0.010

Detector: BL_W130_T2.0_D4
Best Detection: 98 mmHg (confidence: 0.340)
Top 10 readings:
  Rank  Pressure    Confidence  
  ------------------------------
  1     98          0.340
  2     95          0.260
  3     113         0.126
  4     111         0.126
  5     94          0.126
  6     91          0.050
  7     110         0.010
  8     108         0.010

Detector: BL_W130_T2.0_D6
Best Detection: 98 mmHg (confidence: 0.340)
Top 10 readings:
  Rank  Pressure    Confidence  
  ------------------------------
  1     98          0.340
  2     95          0.260
  3     113         0.126
  4     111         0.126
  5     94          0.126
  6     91          0.050
  7     110         0.010
  8     108         0.010

Detector: BL_W130_T2.0_D8
Best Detection: 98 mmHg (confidence: 0.340)
Top 10 readings:
  Rank  Pressure    Confidence  
  ------------------------------
  1     98          0.340
  2     95          0.260
  3     113         0.126
  4     111         0.126
  5     94          0.126
  6     91          0.050
  7     110         0.010
  8     108         0.010

Detector: BL_W130_T2.0_D10
Best Detection: 98 mmHg (confidence: 0.340)
Top 10 readings:
  Rank  Pressure    Confidence  
  ------------------------------
  1     98          0.340
  2     95          0.260
  3     113         0.126
  4     111         0.126
  5     94          0.126
  6     91          0.050
  7     110         0.010
  8     108         0.010

Detector: BL_W130_T2.0_D15
Best Detection: 98 mmHg (confidence: 0.340)
Top 10 readings:
  Rank  Pressure    Confidence  
  ------------------------------
  1     98          0.340
  2     95          0.260
  3     113         0.126
  4     111         0.126
  5     94          0.126
  6     91          0.050
  7     110         0.010
  8     108         0.010

Detector: BL_W130_T2.0_D20
Best Detection: 98 mmHg (confidence: 0.340)
Top 10 readings:
  Rank  Pressure    Confidence  
  ------------------------------
  1     98          0.340
  2     95          0.260
  3     113         0.126
  4     111         0.126
  5     94          0.126
  6     91          0.050
  7     110         0.010
  8     108         0.010

Detector: BL_W130_T2.0_D25
Best Detection: 98 mmHg (confidence: 0.340)
Top 10 readings:
  Rank  Pressure    Confidence  
  ------------------------------
  1     98          0.340
  2     95          0.260
  3     113         0.126
  4     111         0.126
  5     94          0.126
  6     91          0.050
  7     110         0.010
  8     108         0.010

Detector: BL_W130_T2.0_D30
Best Detection: 98 mmHg (confidence: 0.340)
Top 10 readings:
  Rank  Pressure    Confidence  
  ------------------------------
  1     98          0.340
  2     95          0.260
  3     113         0.126
  4     111         0.126
  5     94          0.126
  6     91          0.050
  7     110         0.010
  8     108         0.010

Detector: BL_W130_T2.0_D40
Best Detection: 98 mmHg (confidence: 0.340)
Top 10 readings:
  Rank  Pressure    Confidence  
  ------------------------------
  1     98          0.340
  2     95          0.260
  3     112         0.126
  4     111         0.126
  5     94          0.126
  6     91          0.050
  7     110         0.010
  8     108         0.010

Detector: BL_W130_T2.2_D2
Best Detection: 113 mmHg (confidence: 0.126)
Top 10 readings:
  Rank  Pressure    Confidence  
  ------------------------------
  1     113         0.126
  2     111         0.126
  3     95          0.126
  4     93          0.050
  5     110         0.010
  6     108         0.010

Detector: BL_W130_T2.2_D4
Best Detection: 113 mmHg (confidence: 0.126)
Top 10 readings:
  Rank  Pressure    Confidence  
  ------------------------------
  1     113         0.126
  2     111         0.126
  3     95          0.126
  4     93          0.050
  5     110         0.010
  6     108         0.010

Detector: BL_W130_T2.2_D6
Best Detection: 113 mmHg (confidence: 0.126)
Top 10 readings:
  Rank  Pressure    Confidence  
  ------------------------------
  1     113         0.126
  2     111         0.126
  3     95          0.126
  4     93          0.050
  5     110         0.010
  6     108         0.010

Detector: BL_W130_T2.2_D8
Best Detection: 113 mmHg (confidence: 0.126)
Top 10 readings:
  Rank  Pressure    Confidence  
  ------------------------------
  1     113         0.126
  2     111         0.126
  3     95          0.126
  4     93          0.050
  5     110         0.010
  6     108         0.010

Detector: BL_W130_T2.2_D10
Best Detection: 113 mmHg (confidence: 0.126)
Top 10 readings:
  Rank  Pressure    Confidence  
  ------------------------------
  1     113         0.126
  2     111         0.126
  3     95          0.126
  4     93          0.050
  5     110         0.010
  6     108         0.010

Detector: BL_W130_T2.2_D15
Best Detection: 113 mmHg (confidence: 0.126)
Top 10 readings:
  Rank  Pressure    Confidence  
  ------------------------------
  1     113         0.126
  2     111         0.126
  3     95          0.126
  4     93          0.050
  5     110         0.010
  6     108         0.010

Detector: BL_W130_T2.2_D20
Best Detection: 113 mmHg (confidence: 0.126)
Top 10 readings:
  Rank  Pressure    Confidence  
  ------------------------------
  1     113         0.126
  2     111         0.126
  3     95          0.126
  4     93          0.050
  5     110         0.010
  6     108         0.010

Detector: BL_W130_T2.2_D25
Best Detection: 113 mmHg (confidence: 0.126)
Top 10 readings:
  Rank  Pressure    Confidence  
  ------------------------------
  1     113         0.126
  2     111         0.126
  3     95          0.126
  4     93          0.050
  5     110         0.010
  6     108         0.010

Detector: BL_W130_T2.2_D30
Best Detection: 113 mmHg (confidence: 0.126)
Top 10 readings:
  Rank  Pressure    Confidence  
  ------------------------------
  1     113         0.126
  2     111         0.126
  3     95          0.126
  4     93          0.050
  5     110         0.010
  6     108         0.010

Detector: BL_W130_T2.2_D40
Best Detection: 112 mmHg (confidence: 0.126)
Top 10 readings:
  Rank  Pressure    Confidence  
  ------------------------------
  1     112         0.126
  2     111         0.126
  3     95          0.126
  4     93          0.050
  5     110         0.010
  6     108         0.010

Detector: BL_W130_T2.4_D2
Best Detection: 113 mmHg (confidence: 0.126)
Top 10 readings:
  Rank  Pressure    Confidence  
  ------------------------------
  1     113         0.126
  2     111         0.126
  3     93          0.050
  4     110         0.010
  5     108         0.010

Detector: BL_W130_T2.4_D4
Best Detection: 113 mmHg (confidence: 0.126)
Top 10 readings:
  Rank  Pressure    Confidence  
  ------------------------------
  1     113         0.126
  2     111         0.126
  3     93          0.050
  4     110         0.010
  5     108         0.010

Detector: BL_W130_T2.4_D6
Best Detection: 113 mmHg (confidence: 0.126)
Top 10 readings:
  Rank  Pressure    Confidence  
  ------------------------------
  1     113         0.126
  2     111         0.126
  3     93          0.050
  4     110         0.010
  5     108         0.010

Detector: BL_W130_T2.4_D8
Best Detection: 113 mmHg (confidence: 0.126)
Top 10 readings:
  Rank  Pressure    Confidence  
  ------------------------------
  1     113         0.126
  2     111         0.126
  3     93          0.050
  4     110         0.010
  5     108         0.010

Detector: BL_W130_T2.4_D10
Best Detection: 113 mmHg (confidence: 0.126)
Top 10 readings:
  Rank  Pressure    Confidence  
  ------------------------------
  1     113         0.126
  2     111         0.126
  3     93          0.050
  4     110         0.010
  5     108         0.010

Detector: BL_W130_T2.4_D15
Best Detection: 113 mmHg (confidence: 0.126)
Top 10 readings:
  Rank  Pressure    Confidence  
  ------------------------------
  1     113         0.126
  2     111         0.126
  3     93          0.050
  4     110         0.010
  5     108         0.010

Detector: BL_W130_T2.4_D20
Best Detection: 113 mmHg (confidence: 0.126)
Top 10 readings:
  Rank  Pressure    Confidence  
  ------------------------------
  1     113         0.126
  2     111         0.126
  3     93          0.050
  4     110         0.010
  5     108         0.010

Detector: BL_W130_T2.4_D25
Best Detection: 113 mmHg (confidence: 0.126)
Top 10 readings:
  Rank  Pressure    Confidence  
  ------------------------------
  1     113         0.126
  2     111         0.126
  3     93          0.050
  4     110         0.010
  5     108         0.010

Detector: BL_W130_T2.4_D30
Best Detection: 113 mmHg (confidence: 0.126)
Top 10 readings:
  Rank  Pressure    Confidence  
  ------------------------------
  1     113         0.126
  2     111         0.126
  3     93          0.050
  4     110         0.010
  5     108         0.010

Detector: BL_W130_T2.4_D40
Best Detection: 112 mmHg (confidence: 0.126)
Top 10 readings:
  Rank  Pressure    Confidence  
  ------------------------------
  1     112         0.126
  2     111         0.126
  3     93          0.050
  4     110         0.010
  5     108         0.010

