=== Blood Pressure Measurement Report - Run #1 ===

Baseline HR: 69.5 BPM
Valid interval: 443-1500 ms

*** ENSEMBLE RESULT ***
Ensemble Systolic: 92 mmHg
Confidence: 0.255
95% CI: [90 - 94] mmHg
Agreement: 2896/1020 detectors

MAP: 88 mmHg
Est. Diastolic: 85 mmHg
Oscillometric MAP Systolic: -1 mmHg
Oscillometric MAP Diastolic: -1 mmHg

--- DETECTOR PERFORMANCE SUMMARY ---

Detector                           Best        Conf         | Rank  Best        Error       
-----------------------------------------------------------------------------------------------
BL_W160_T1.8_D15                   101         0.592        | 1017  101         7.1         
BL_W170_T1.8_D15                   101         0.592        | 997   101         7.1         
BL_W160_T1.8_D2                    92          0.464        | 189   92          1.6         
BL_W160_T1.8_D4                    92          0.464        | 188   92          1.6         
BL_W160_T1.8_D6                    92          0.464        | 187   92          1.6         
BL_W160_T1.8_D8                    92          0.464        | 186   92          1.6         
BL_W160_T1.8_D10                   92          0.464        | 184   92          1.6         
BL_W150_T1.8_D15                   95          0.420        | 25    95          0.8         
BL_W170_T1.8_D20                   91          0.400        | 888   91          3.3         
BL_W160_T1.8_D40                   91          0.400        | 864   91          3.3         
BL_W160_T1.8_D30                   91          0.400        | 865   91          3.3         
BL_W160_T1.8_D25                   91          0.400        | 866   91          3.3         
BL_W160_T1.8_D20                   91          0.400        | 867   91          3.3         
BL_W170_T1.8_D2                    91          0.400        | 906   91          3.3         
BL_W170_T1.8_D4                    91          0.400        | 905   91          3.3         
BL_W170_T1.8_D6                    91          0.400        | 904   91          3.3         
BL_W170_T1.8_D8                    91          0.400        | 903   91          3.3         
BL_W170_T1.8_D10                   91          0.400        | 902   91          3.3         
BL_W170_T1.8_D25                   91          0.400        | 900   91          3.3         
BL_W170_T1.8_D30                   91          0.400        | 899   91          3.3         
BL_W170_T1.8_D40                   91          0.400        | 898   91          3.3         
BL_W130_T2.6_D15                   95          0.340        | 49    95          0.8         
BL_W140_T2.0_D10                   95          0.340        | 126   95          1.2         
BL_W130_T2.6_D10                   95          0.340        | 128   95          1.2         
BL_W130_T2.8_D10                   95          0.340        | 124   95          1.2         
BL_W130_T2.8_D15                   95          0.340        | 38    95          0.8         
BL_W130_T3.0_D10                   95          0.340        | 119   95          1.2         
BL_W130_T3.0_D15                   95          0.340        | 45    95          0.8         
BL_W140_T1.8_D10                   95          0.340        | 122   95          1.2         
BL_W150_T1.8_D2                    92          0.340        | 239   92          1.6         
BL_W140_T2.2_D10                   95          0.340        | 129   95          1.2         
BL_W140_T2.4_D10                   95          0.340        | 131   95          1.2         
BL_W140_T2.6_D10                   95          0.340        | 133   95          1.2         
BL_W140_T2.8_D10                   95          0.340        | 92    95          1.2         
BL_W140_T3.0_D10                   95          0.340        | 86    95          1.2         
BL_W150_T2.2_D15                   95          0.340        | 27    95          0.8         
BL_W130_T2.4_D15                   95          0.340        | 51    95          0.8         
BL_W130_T2.4_D10                   95          0.340        | 130   95          1.2         
BL_W130_T2.4_D8                    94          0.340        | 4     94          0.1         
BL_W130_T2.2_D15                   95          0.340        | 52    95          0.8         
BL_W130_T2.2_D10                   95          0.340        | 132   95          1.2         
BL_W130_T2.2_D8                    94          0.340        | 3     94          0.1         
BL_W130_T2.0_D15                   95          0.340        | 54    95          0.8         
BL_W130_T2.0_D10                   95          0.340        | 121   95          1.2         
BL_W130_T2.0_D8                    94          0.340        | 2     94          0.1         
BL_W130_T1.8_D15                   95          0.340        | 56    95          0.8         
BL_W130_T1.8_D10                   95          0.340        | 90    95          1.2         
BL_W130_T1.8_D8                    95          0.340        | 18    95          0.8         
BL_W130_T1.8_D6                    95          0.340        | 57    95          0.8         
BL_W130_T1.8_D4                    95          0.340        | 48    95          0.8         
BL_W130_T1.8_D2                    95          0.340        | 17    95          0.8         
BL_W150_T3.2_D15                   95          0.340        | 34    95          0.8         
BL_W170_T3.2_D15                   95          0.340        | 78    95          0.8         
BL_W170_T3.0_D15                   95          0.340        | 81    95          0.8         
BL_W170_T2.8_D15                   95          0.340        | 79    95          0.8         
BL_W170_T2.6_D15                   95          0.340        | 80    95          0.8         
BL_W170_T2.4_D15                   95          0.340        | 82    95          0.8         
BL_W170_T2.2_D15                   95          0.340        | 59    95          0.8         
BL_W170_T2.0_D15                   95          0.340        | 61    95          0.8         
BL_W160_T3.2_D15                   95          0.340        | 71    95          0.8         
BL_W160_T3.0_D15                   95          0.340        | 73    95          0.8         
BL_W160_T2.8_D15                   95          0.340        | 72    95          0.8         
BL_W160_T2.6_D15                   95          0.340        | 65    95          0.8         
BL_W160_T2.4_D15                   95          0.340        | 64    95          0.8         
BL_W160_T2.2_D15                   95          0.340        | 67    95          0.8         
BL_W160_T2.0_D15                   95          0.340        | 37    95          0.8         
BL_W150_T1.8_D4                    92          0.340        | 261   92          1.6         
BL_W150_T3.0_D15                   95          0.340        | 33    95          0.8         
BL_W150_T2.8_D15                   95          0.340        | 31    95          0.8         
BL_W150_T2.6_D15                   95          0.340        | 30    95          0.8         
BL_W150_T2.4_D15                   95          0.340        | 29    95          0.8         
BL_W120_T1.8_D4                    95          0.340        | 101   95          1.2         
BL_W150_T2.0_D15                   95          0.340        | 26    95          0.8         
BL_W150_T1.8_D40                   91          0.340        | 758   91          2.8         
BL_W150_T1.8_D30                   92          0.340        | 670   92          2.2         
BL_W150_T1.8_D25                   92          0.340        | 671   92          2.2         
BL_W150_T1.8_D20                   92          0.340        | 672   92          2.2         
BL_W150_T1.8_D10                   92          0.340        | 244   92          1.6         
BL_W150_T1.8_D8                    92          0.340        | 252   92          1.6         
BL_W150_T1.8_D6                    92          0.340        | 260   92          1.6         
BL_W120_T1.8_D15                   95          0.340        | 76    95          0.8         
BL_W120_T2.6_D2                    95          0.340        | 75    95          0.8         
BL_W120_T2.0_D2                    95          0.340        | 113   95          1.2         
BL_W120_T2.0_D4                    95          0.340        | 109   95          1.2         
BL_W120_T2.0_D6                    96          0.340        | 329   96          1.7         
BL_W120_T2.2_D10                   95          0.340        | 125   95          1.2         
BL_W120_T2.2_D6                    96          0.340        | 322   96          1.7         
BL_W120_T2.8_D10                   95          0.340        | 139   95          1.2         
BL_W120_T2.8_D6                    96          0.340        | 332   96          1.7         
BL_W120_T1.8_D8                    95          0.340        | 85    95          1.2         
BL_W120_T2.0_D8                    95          0.340        | 110   95          1.2         
BL_W120_T2.0_D10                   95          0.340        | 112   95          1.2         
BL_W120_T2.0_D15                   95          0.340        | 60    95          0.8         
BL_W120_T2.8_D8                    95          0.340        | 144   95          1.2         
BL_W120_T2.2_D2                    95          0.340        | 118   95          1.2         
BL_W120_T2.2_D4                    95          0.340        | 108   95          1.2         
BL_W120_T2.2_D8                    95          0.340        | 123   95          1.2         
BL_W120_T2.4_D15                   95          0.340        | 70    95          0.8         
BL_W120_T2.4_D6                    96          0.340        | 324   96          1.7         
BL_W120_T2.6_D10                   95          0.340        | 152   95          1.2         
BL_W120_T2.6_D8                    95          0.340        | 145   95          1.2         
BL_W120_T2.6_D6                    96          0.340        | 323   96          1.7         
BL_W120_T2.6_D15                   95          0.340        | 58    95          0.8         
BL_W120_T2.8_D15                   95          0.340        | 77    95          0.8         
BL_W120_T2.8_D2                    95          0.340        | 63    95          0.8         
BL_W120_T2.4_D10                   95          0.340        | 89    95          1.2         
BL_W120_T2.4_D8                    95          0.340        | 91    95          1.2         
BL_W120_T2.8_D4                    95          0.340        | 62    95          0.8         
BL_W120_T1.8_D2                    95          0.340        | 151   95          1.2         
BL_W120_T2.4_D4                    95          0.340        | 69    95          0.8         
BL_W120_T2.4_D2                    95          0.340        | 68    95          0.8         
BL_W120_T2.6_D4                    95          0.340        | 74    95          0.8         
BL_W120_T1.8_D6                    96          0.340        | 326   96          1.7         
BL_W120_T1.8_D10                   95          0.340        | 87    95          1.2         
BL_W120_T2.2_D15                   95          0.340        | 66    95          0.8         
BL_W160_T5.5_D15                   101         0.272        | 992   101         7.1         
BL_W170_T4.2_D15                   101         0.272        | 1016  101         7.1         
BL_W160_T5.0_D15                   101         0.272        | 994   101         7.1         
BL_W160_T6.0_D15                   101         0.272        | 1015  101         7.1         
BL_W130_T3.0_D8                    94          0.272        | 7     94          0.1         
BL_W170_T4.0_D15                   101         0.272        | 1012  101         7.1         
BL_W170_T3.8_D15                   101         0.272        | 1010  101         7.1         
BL_W170_T3.5_D15                   101         0.272        | 1008  101         7.1         
BL_W150_T4.8_D15                   101         0.272        | 1003  101         7.1         
BL_W170_T5.5_D15                   101         0.272        | 996   101         7.1         
BL_W160_T3.8_D15                   101         0.272        | 1011  101         7.1         
BL_W150_T3.8_D15                   101         0.272        | 1004  101         7.1         
BL_W160_T3.5_D15                   101         0.272        | 1020  101         7.1         
BL_W130_T2.8_D8                    94          0.272        | 6     94          0.1         
BL_W160_T4.0_D15                   101         0.272        | 1006  101         7.1         
BL_W170_T5.0_D15                   101         0.272        | 1009  101         7.1         
BL_W130_T2.6_D8                    94          0.272        | 5     94          0.1         
BL_W160_T4.2_D15                   101         0.272        | 1001  101         7.1         
BL_W150_T3.5_D15                   101         0.272        | 1002  101         7.1         
BL_W150_T4.0_D15                   101         0.272        | 1007  101         7.1         
BL_W160_T4.5_D15                   101         0.272        | 999   101         7.1         
BL_W170_T6.0_D15                   101         0.272        | 995   101         7.1         
BL_W170_T4.8_D15                   101         0.272        | 1019  101         7.1         
BL_W150_T6.0_D15                   101         0.272        | 1013  101         7.1         
BL_W160_T4.8_D15                   101         0.272        | 1000  101         7.1         
BL_W150_T4.2_D15                   101         0.272        | 1014  101         7.1         
BL_W150_T5.5_D15                   101         0.272        | 1005  101         7.1         
BL_W150_T4.5_D15                   101         0.272        | 993   101         7.1         
BL_W150_T5.0_D15                   101         0.272        | 998   101         7.1         
BL_W170_T4.5_D15                   101         0.272        | 1018  101         7.1         
BL_W140_T2.4_D15                   92          0.260        | 254   92          1.6         
BL_W130_T4.8_D10                   95          0.260        | 107   95          1.2         
BL_W140_T2.4_D20                   92          0.260        | 255   92          1.6         
BL_W140_T2.4_D25                   92          0.260        | 530   92          2.2         
BL_W140_T2.4_D30                   92          0.260        | 529   92          2.2         
BL_W140_T2.6_D8                    92          0.260        | 259   92          1.6         
BL_W140_T3.5_D10                   95          0.260        | 95    95          1.2         
BL_W140_T4.0_D10                   95          0.260        | 99    95          1.2         
BL_W140_T3.0_D20                   92          0.260        | 212   92          1.6         
BL_W140_T3.0_D15                   92          0.260        | 211   92          1.6         
BL_W140_T3.2_D10                   95          0.260        | 84    95          1.2         
BL_W140_T3.0_D8                    92          0.260        | 268   92          1.6         
BL_W140_T2.8_D20                   92          0.260        | 267   92          1.6         
BL_W140_T2.8_D15                   92          0.260        | 266   92          1.6         
BL_W140_T2.8_D8                    92          0.260        | 265   92          1.6         
BL_W140_T2.6_D2                    92          0.260        | 256   92          1.6         
BL_W140_T2.6_D30                   92          0.260        | 577   92          2.2         
BL_W140_T2.6_D25                   92          0.260        | 578   92          2.2         
BL_W140_T2.6_D20                   92          0.260        | 264   92          1.6         
BL_W140_T2.6_D15                   92          0.260        | 263   92          1.6         
BL_W140_T2.6_D6                    92          0.260        | 258   92          1.6         
BL_W140_T3.8_D10                   95          0.260        | 98    95          1.2         
BL_W140_T2.6_D4                    92          0.260        | 241   92          1.6         
BL_W130_T5.5_D8                    94          0.260        | 9     94          0.1         
BL_W140_T1.8_D15                   92          0.260        | 174   92          1.6         
BL_W140_T1.8_D8                    92          0.260        | 169   92          1.6         
BL_W140_T1.8_D6                    92          0.260        | 167   92          1.6         
BL_W140_T1.8_D4                    92          0.260        | 161   92          1.6         
BL_W140_T1.8_D2                    92          0.260        | 159   92          1.6         
BL_W130_T6.0_D15                   95          0.260        | 47    95          0.8         
BL_W130_T6.0_D10                   95          0.260        | 117   95          1.2         
BL_W130_T6.0_D8                    94          0.260        | 8     94          0.1         
BL_W130_T5.5_D15                   95          0.260        | 44    95          0.8         
BL_W130_T5.5_D10                   95          0.260        | 116   95          1.2         
BL_W140_T1.8_D20                   92          0.260        | 180   92          1.6         
BL_W120_T2.0_D25                   92          0.260        | 497   92          2.2         
BL_W120_T2.0_D20                   92          0.260        | 312   92          1.6         
BL_W130_T5.0_D15                   95          0.260        | 40    95          0.8         
BL_W130_T5.0_D10                   95          0.260        | 111   95          1.2         
BL_W130_T5.0_D8                    94          0.260        | 11    94          0.1         
BL_W120_T1.8_D30                   92          0.260        | 682   92          2.2         
BL_W170_T2.0_D2                    92          0.260        | 346   92          2.2         
BL_W170_T2.0_D4                    92          0.260        | 345   92          2.2         
BL_W130_T4.8_D15                   95          0.260        | 39    95          0.8         
BL_W140_T2.2_D6                    92          0.260        | 257   92          1.6         
BL_W140_T2.2_D2                    92          0.260        | 157   92          1.6         
BL_W140_T2.4_D6                    92          0.260        | 250   92          1.6         
BL_W140_T2.4_D4                    92          0.260        | 249   92          1.6         
BL_W140_T2.4_D2                    92          0.260        | 248   92          1.6         
BL_W140_T2.2_D30                   92          0.260        | 535   92          2.2         
BL_W140_T2.2_D25                   92          0.260        | 536   92          2.2         
BL_W140_T2.2_D20                   92          0.260        | 247   92          1.6         
BL_W140_T2.2_D15                   92          0.260        | 168   92          1.6         
BL_W120_T2.8_D20                   92          0.260        | 283   92          1.6         
BL_W140_T2.2_D8                    92          0.260        | 242   92          1.6         
BL_W140_T2.2_D4                    92          0.260        | 177   92          1.6         
BL_W140_T2.4_D8                    92          0.260        | 251   92          1.6         
BL_W140_T2.0_D30                   92          0.260        | 540   92          2.2         
BL_W140_T2.0_D25                   92          0.260        | 541   92          2.2         
BL_W140_T2.0_D20                   92          0.260        | 162   92          1.6         
BL_W140_T2.0_D15                   92          0.260        | 163   92          1.6         
BL_W140_T2.0_D8                    92          0.260        | 176   92          1.6         
BL_W140_T2.0_D6                    92          0.260        | 178   92          1.6         
BL_W140_T2.0_D4                    92          0.260        | 179   92          1.6         
BL_W140_T2.0_D2                    92          0.260        | 170   92          1.6         
BL_W140_T1.8_D30                   92          0.260        | 546   92          2.2         
BL_W140_T1.8_D25                   92          0.260        | 547   92          2.2         
BL_W150_T2.4_D8                    92          0.260        | 366   92          2.2         
BL_W150_T2.6_D20                   92          0.260        | 368   92          2.2         
BL_W120_T2.4_D30                   92          0.260        | 455   92          2.2         
BL_W150_T2.6_D10                   92          0.260        | 165   92          1.6         
BL_W150_T2.6_D8                    92          0.260        | 371   92          2.2         
BL_W150_T2.6_D6                    92          0.260        | 372   92          2.2         
BL_W150_T2.6_D4                    92          0.260        | 373   92          2.2         
BL_W150_T2.6_D2                    92          0.260        | 374   92          2.2         
BL_W150_T2.4_D30                   92          0.260        | 376   92          2.2         
BL_W150_T2.4_D25                   92          0.260        | 377   92          2.2         
BL_W150_T2.4_D20                   92          0.260        | 378   92          2.2         
BL_W150_T2.4_D10                   92          0.260        | 171   92          1.6         
BL_W150_T2.6_D25                   92          0.260        | 367   92          2.2         
BL_W150_T2.4_D6                    92          0.260        | 381   92          2.2         
BL_W150_T2.4_D4                    92          0.260        | 382   92          2.2         
BL_W150_T2.4_D2                    92          0.260        | 383   92          2.2         
BL_W150_T2.2_D30                   92          0.260        | 384   92          2.2         
BL_W150_T2.2_D25                   92          0.260        | 385   92          2.2         
BL_W150_T2.2_D20                   92          0.260        | 386   92          2.2         
BL_W150_T2.2_D10                   92          0.260        | 173   92          1.6         
BL_W150_T2.2_D8                    92          0.260        | 388   92          2.2         
BL_W150_T2.2_D6                    92          0.260        | 389   92          2.2         
BL_W150_T2.2_D4                    92          0.260        | 390   92          2.2         
BL_W160_T2.2_D2                    92          0.260        | 441   92          2.2         
BL_W120_T2.2_D30                   92          0.260        | 502   92          2.2         
BL_W120_T2.2_D25                   92          0.260        | 522   92          2.2         
BL_W120_T2.2_D20                   92          0.260        | 272   92          1.6         
BL_W160_T2.0_D2                    92          0.260        | 503   92          2.2         
BL_W160_T2.0_D4                    92          0.260        | 462   92          2.2         
BL_W160_T2.0_D6                    92          0.260        | 447   92          2.2         
BL_W160_T2.0_D8                    92          0.260        | 446   92          2.2         
BL_W160_T2.0_D10                   92          0.260        | 183   92          1.6         
BL_W160_T2.0_D20                   92          0.260        | 444   92          2.2         
BL_W160_T2.0_D25                   92          0.260        | 443   92          2.2         
BL_W160_T2.0_D30                   92          0.260        | 442   92          2.2         
BL_W150_T2.2_D2                    92          0.260        | 391   92          2.2         
BL_W160_T2.2_D4                    92          0.260        | 440   92          2.2         
BL_W160_T2.2_D6                    92          0.260        | 439   92          2.2         
BL_W160_T2.2_D8                    92          0.260        | 438   92          2.2         
BL_W160_T2.2_D10                   92          0.260        | 182   92          1.6         
BL_W150_T3.2_D10                   92          0.260        | 202   92          1.6         
BL_W120_T2.4_D20                   92          0.260        | 311   92          1.6         
BL_W150_T3.0_D10                   92          0.260        | 209   92          1.6         
BL_W120_T2.4_D25                   92          0.260        | 461   92          2.2         
BL_W150_T2.8_D10                   92          0.260        | 196   92          1.6         
BL_W150_T2.6_D30                   92          0.260        | 380   92          2.2         
BL_W160_T2.8_D6                    92          0.260        | 466   92          2.2         
BL_W160_T2.6_D2                    92          0.260        | 423   92          2.2         
BL_W160_T2.6_D4                    92          0.260        | 422   92          2.2         
BL_W160_T2.6_D6                    92          0.260        | 435   92          2.2         
BL_W160_T2.6_D8                    92          0.260        | 474   92          2.2         
BL_W160_T2.6_D10                   92          0.260        | 160   92          1.6         
BL_W160_T2.6_D20                   92          0.260        | 471   92          2.2         
BL_W160_T2.6_D25                   92          0.260        | 470   92          2.2         
BL_W160_T2.6_D30                   92          0.260        | 469   92          2.2         
BL_W140_T5.0_D10                   95          0.260        | 136   95          1.2         
BL_W160_T2.8_D2                    92          0.260        | 468   92          2.2         
BL_W160_T2.8_D4                    92          0.260        | 467   92          2.2         
BL_W140_T5.5_D10                   95          0.260        | 134   95          1.2         
BL_W160_T2.8_D8                    92          0.260        | 465   92          2.2         
BL_W160_T2.8_D10                   92          0.260        | 175   92          1.6         
BL_W160_T2.8_D20                   92          0.260        | 464   92          2.2         
BL_W160_T2.8_D25                   92          0.260        | 463   92          2.2         
BL_W140_T4.8_D10                   95          0.260        | 153   95          1.2         
BL_W160_T2.8_D30                   92          0.260        | 448   92          2.2         
BL_W160_T3.0_D10                   92          0.260        | 223   92          1.6         
BL_W140_T4.5_D10                   95          0.260        | 105   95          1.2         
BL_W160_T3.2_D10                   92          0.260        | 226   92          1.6         
BL_W120_T2.0_D30                   92          0.260        | 490   92          2.2         
BL_W160_T2.2_D25                   92          0.260        | 421   92          2.2         
BL_W150_T2.0_D30                   92          0.260        | 393   92          2.2         
BL_W150_T2.0_D25                   92          0.260        | 562   92          2.2         
BL_W150_T2.0_D20                   92          0.260        | 662   92          2.2         
BL_W150_T2.0_D10                   92          0.260        | 172   92          1.6         
BL_W150_T2.0_D8                    92          0.260        | 665   92          2.2         
BL_W150_T2.0_D6                    92          0.260        | 666   92          2.2         
BL_W150_T2.0_D4                    92          0.260        | 667   92          2.2         
BL_W150_T2.0_D2                    92          0.260        | 668   92          2.2         
BL_W120_T2.6_D20                   92          0.260        | 313   92          1.6         
BL_W160_T2.2_D20                   92          0.260        | 436   92          2.2         
BL_W140_T4.2_D10                   95          0.260        | 104   95          1.2         
BL_W160_T2.2_D30                   92          0.260        | 434   92          2.2         
BL_W160_T2.4_D2                    92          0.260        | 432   92          2.2         
BL_W140_T6.0_D10                   95          0.260        | 149   95          1.2         
BL_W160_T2.4_D4                    92          0.260        | 431   92          2.2         
BL_W160_T2.4_D6                    92          0.260        | 430   92          2.2         
BL_W160_T2.4_D8                    92          0.260        | 429   92          2.2         
BL_W160_T2.4_D10                   92          0.260        | 203   92          1.6         
BL_W160_T2.4_D20                   92          0.260        | 427   92          2.2         
BL_W160_T2.4_D25                   92          0.260        | 426   92          2.2         
BL_W160_T2.4_D30                   92          0.260        | 425   92          2.2         
BL_W130_T2.2_D6                    92          0.260        | 274   92          1.6         
BL_W130_T2.4_D25                   92          0.260        | 537   92          2.2         
BL_W130_T2.4_D20                   92          0.260        | 291   92          1.6         
BL_W120_T3.0_D15                   95          0.260        | 36    95          0.8         
BL_W130_T2.4_D6                    92          0.260        | 292   92          1.6         
BL_W130_T2.4_D4                    92          0.260        | 293   92          1.6         
BL_W130_T2.4_D2                    92          0.260        | 300   92          1.6         
BL_W130_T2.2_D30                   92          0.260        | 532   92          2.2         
BL_W130_T2.2_D25                   92          0.260        | 531   92          2.2         
BL_W130_T2.2_D20                   92          0.260        | 273   92          1.6         
BL_W130_T2.4_D30                   92          0.260        | 538   92          2.2         
BL_W130_T2.2_D4                    92          0.260        | 278   92          1.6         
BL_W130_T2.2_D2                    92          0.260        | 280   92          1.6         
BL_W130_T2.0_D30                   92          0.260        | 580   92          2.2         
BL_W130_T2.0_D25                   92          0.260        | 579   92          2.2         
BL_W130_T2.0_D20                   92          0.260        | 284   92          1.6         
BL_W120_T3.2_D6                    96          0.260        | 319   96          1.7         
BL_W120_T3.2_D8                    95          0.260        | 138   95          1.2         
BL_W130_T2.0_D6                    92          0.260        | 285   92          1.6         
BL_W130_T2.0_D4                    92          0.260        | 299   92          1.6         
BL_W130_T2.8_D6                    92          0.260        | 304   92          1.6         
BL_W170_T2.8_D20                   92          0.260        | 647   92          2.2         
BL_W130_T3.0_D20                   92          0.260        | 277   92          1.6         
BL_W170_T2.8_D25                   92          0.260        | 634   92          2.2         
BL_W130_T3.0_D6                    92          0.260        | 276   92          1.6         
BL_W130_T3.0_D4                    92          0.260        | 275   92          1.6         
BL_W130_T3.0_D2                    92          0.260        | 281   92          1.6         
BL_W130_T2.8_D20                   92          0.260        | 305   92          1.6         
BL_W170_T2.8_D30                   92          0.260        | 653   92          2.2         
BL_W120_T3.0_D6                    96          0.260        | 320   96          1.7         
BL_W130_T2.0_D2                    92          0.260        | 288   92          1.6         
BL_W130_T2.8_D4                    92          0.260        | 303   92          1.6         
BL_W130_T2.8_D2                    92          0.260        | 301   92          1.6         
BL_W130_T2.6_D20                   92          0.260        | 290   92          1.6         
BL_W120_T3.0_D8                    95          0.260        | 154   95          1.2         
BL_W120_T3.0_D10                   95          0.260        | 155   95          1.2         
BL_W130_T2.6_D6                    92          0.260        | 298   92          1.6         
BL_W130_T2.6_D4                    92          0.260        | 297   92          1.6         
BL_W130_T2.6_D2                    92          0.260        | 295   92          1.6         
BL_W120_T4.0_D8                    95          0.260        | 137   95          1.2         
BL_W120_T4.5_D10                   95          0.260        | 156   95          1.2         
BL_W120_T4.5_D8                    95          0.260        | 135   95          1.2         
BL_W120_T4.5_D6                    96          0.260        | 330   96          1.7         
BL_W120_T4.2_D15                   95          0.260        | 23    95          0.8         
BL_W120_T4.2_D10                   95          0.260        | 146   95          1.2         
BL_W120_T4.2_D8                    95          0.260        | 148   95          1.2         
BL_W120_T4.2_D6                    96          0.260        | 331   96          1.7         
BL_W120_T4.0_D15                   95          0.260        | 24    95          0.8         
BL_W120_T4.0_D10                   95          0.260        | 140   95          1.2         
BL_W120_T4.5_D15                   95          0.260        | 22    95          0.8         
BL_W120_T4.0_D6                    96          0.260        | 321   96          1.7         
BL_W120_T3.8_D15                   95          0.260        | 28    95          0.8         
BL_W120_T3.8_D10                   95          0.260        | 141   95          1.2         
BL_W120_T3.8_D8                    95          0.260        | 142   95          1.2         
BL_W120_T3.8_D6                    96          0.260        | 325   96          1.7         
BL_W120_T3.5_D15                   95          0.260        | 32    95          0.8         
BL_W120_T3.5_D10                   95          0.260        | 150   95          1.2         
BL_W120_T3.5_D8                    95          0.260        | 147   95          1.2         
BL_W120_T3.5_D6                    96          0.260        | 328   96          1.7         
BL_W120_T5.5_D10                   95          0.260        | 96    95          1.2         
BL_W130_T1.8_D30                   92          0.260        | 571   92          2.2         
BL_W130_T1.8_D25                   92          0.260        | 570   92          2.2         
BL_W130_T1.8_D20                   92          0.260        | 309   92          1.6         
BL_W120_T3.2_D10                   95          0.260        | 143   95          1.2         
BL_W120_T3.2_D15                   95          0.260        | 35    95          0.8         
BL_W120_T6.0_D15                   95          0.260        | 19    95          0.8         
BL_W120_T6.0_D10                   95          0.260        | 83    95          1.2         
BL_W120_T6.0_D8                    95          0.260        | 93    95          1.2         
BL_W120_T5.5_D15                   95          0.260        | 20    95          0.8         
BL_W170_T2.0_D6                    92          0.260        | 344   92          2.2         
BL_W120_T5.5_D8                    95          0.260        | 97    95          1.2         
BL_W120_T5.0_D15                   95          0.260        | 21    95          0.8         
BL_W120_T5.0_D10                   95          0.260        | 102   95          1.2         
BL_W120_T5.0_D8                    95          0.260        | 103   95          1.2         
BL_W120_T4.8_D15                   95          0.260        | 55    95          0.8         
BL_W120_T4.8_D10                   95          0.260        | 106   95          1.2         
BL_W120_T4.8_D8                    95          0.260        | 94    95          1.2         
BL_W120_T4.8_D6                    96          0.260        | 327   96          1.7         
BL_W130_T3.5_D15                   95          0.260        | 42    95          0.8         
BL_W170_T2.6_D6                    92          0.260        | 669   92          2.2         
BL_W170_T2.8_D10                   92          0.260        | 645   92          2.2         
BL_W170_T2.2_D30                   92          0.260        | 360   92          2.2         
BL_W170_T2.6_D8                    92          0.260        | 676   92          2.2         
BL_W170_T2.6_D10                   92          0.260        | 679   92          2.2         
BL_W170_T2.2_D25                   92          0.260        | 353   92          2.2         
BL_W170_T2.2_D20                   92          0.260        | 354   92          2.2         
BL_W170_T2.6_D20                   92          0.260        | 683   92          2.2         
BL_W170_T2.4_D2                    92          0.260        | 334   92          2.2         
BL_W130_T4.2_D8                    94          0.260        | 15    94          0.1         
BL_W130_T3.5_D10                   95          0.260        | 115   95          1.2         
BL_W130_T4.2_D10                   95          0.260        | 127   95          1.2         
BL_W130_T4.2_D15                   95          0.260        | 46    95          0.8         
BL_W130_T3.5_D8                    94          0.260        | 12    94          0.1         
BL_W170_T2.2_D10                   92          0.260        | 362   92          2.2         
BL_W170_T2.6_D25                   92          0.260        | 684   92          2.2         
BL_W120_T1.8_D20                   92          0.260        | 294   92          1.6         
BL_W170_T2.4_D4                    92          0.260        | 336   92          2.2         
BL_W170_T2.4_D6                    92          0.260        | 338   92          2.2         
BL_W170_T2.6_D4                    92          0.260        | 664   92          2.2         
BL_W130_T4.0_D15                   95          0.260        | 53    95          0.8         
BL_W130_T4.0_D10                   95          0.260        | 100   95          1.2         
BL_W170_T2.6_D2                    92          0.260        | 392   92          2.2         
BL_W130_T3.8_D8                    94          0.260        | 16    94          0.1         
BL_W130_T3.8_D10                   95          0.260        | 88    95          1.2         
BL_W130_T4.0_D8                    94          0.260        | 1     94          0.1         
BL_W130_T3.8_D15                   95          0.260        | 50    95          0.8         
BL_W170_T2.4_D8                    92          0.260        | 343   92          2.2         
BL_W170_T2.4_D10                   92          0.260        | 403   92          2.2         
BL_W170_T2.4_D20                   92          0.260        | 420   92          2.2         
BL_W170_T2.4_D30                   92          0.260        | 375   92          2.2         
BL_W170_T2.4_D25                   92          0.260        | 369   92          2.2         
BL_W130_T4.5_D15                   95          0.260        | 43    95          0.8         
BL_W170_T2.2_D6                    92          0.260        | 340   92          2.2         
BL_W170_T2.2_D4                    92          0.260        | 347   92          2.2         
BL_W170_T2.6_D30                   92          0.260        | 685   92          2.2         
BL_W170_T2.2_D2                    92          0.260        | 349   92          2.2         
BL_W170_T2.2_D8                    92          0.260        | 358   92          2.2         
BL_W170_T2.8_D4                    92          0.260        | 638   92          2.2         
BL_W170_T2.8_D2                    92          0.260        | 637   92          2.2         
BL_W130_T4.5_D8                    94          0.260        | 14    94          0.1         
BL_W130_T4.5_D10                   95          0.260        | 120   95          1.2         
BL_W170_T2.8_D6                    92          0.260        | 639   92          2.2         
BL_W170_T2.8_D8                    92          0.260        | 640   92          2.2         
BL_W130_T3.2_D15                   95          0.260        | 41    95          0.8         
BL_W170_T2.0_D30                   92          0.260        | 357   92          2.2         
BL_W130_T3.2_D8                    94          0.260        | 10    94          0.1         
BL_W130_T4.8_D8                    94          0.260        | 13    94          0.1         
BL_W170_T2.0_D8                    92          0.260        | 339   92          2.2         
BL_W130_T3.2_D10                   95          0.260        | 114   95          1.2         
BL_W170_T2.0_D20                   92          0.260        | 352   92          2.2         
BL_W170_T2.0_D25                   92          0.260        | 356   92          2.2         
BL_W170_T2.0_D10                   92          0.260        | 335   92          2.2         
BL_W120_T1.8_D25                   92          0.260        | 646   92          2.2         
BL_W120_T2.6_D30                   92          0.208        | 473   92          2.2         
BL_W130_T2.0_D40                   91          0.208        | 821   91          2.8         
BL_W170_T2.2_D40                   91          0.208        | 751   91          2.8         
BL_W170_T3.2_D6                    91          0.208        | 748   91          2.8         
BL_W170_T3.2_D4                    91          0.208        | 744   91          2.8         
BL_W140_T1.8_D40                   91          0.208        | 792   91          2.8         
BL_W170_T3.2_D2                    91          0.208        | 738   91          2.8         
BL_W170_T3.0_D40                   91          0.208        | 734   91          2.8         
BL_W120_T2.6_D25                   92          0.208        | 472   92          2.2         
BL_W170_T2.0_D40                   91          0.208        | 736   91          2.8         
BL_W170_T3.0_D30                   92          0.208        | 719   92          2.2         
BL_W170_T3.0_D25                   92          0.208        | 716   92          2.2         
BL_W170_T3.0_D10                   92          0.208        | 660   92          2.2         
BL_W170_T3.0_D20                   92          0.208        | 715   92          2.2         
BL_W170_T3.2_D10                   91          0.208        | 750   91          2.8         
BL_W130_T1.8_D40                   91          0.208        | 819   91          2.8         
BL_W120_T1.8_D40                   91          0.208        | 739   91          2.8         
BL_W120_T2.2_D40                   91          0.208        | 747   91          2.8         
BL_W120_T2.8_D30                   92          0.208        | 445   92          2.2         
BL_W150_T3.0_D4                    92          0.208        | 409   92          2.2         
BL_W150_T2.8_D4                    92          0.208        | 418   92          2.2         
BL_W150_T2.8_D6                    92          0.208        | 417   92          2.2         
BL_W150_T2.8_D8                    92          0.208        | 416   92          2.2         
BL_W150_T2.8_D20                   92          0.208        | 413   92          2.2         
BL_W150_T2.8_D25                   92          0.208        | 412   92          2.2         
BL_W150_T2.8_D30                   92          0.208        | 411   92          2.2         
BL_W150_T2.8_D40                   91          0.208        | 789   91          2.8         
BL_W150_T3.0_D2                    92          0.208        | 410   92          2.2         
BL_W150_T2.8_D2                    92          0.208        | 419   92          2.2         
BL_W150_T3.0_D6                    92          0.208        | 394   92          2.2         
BL_W150_T3.0_D8                    92          0.208        | 407   92          2.2         
BL_W150_T3.2_D4                    92          0.208        | 401   92          2.2         
BL_W150_T3.0_D20                   92          0.208        | 406   92          2.2         
BL_W150_T3.0_D25                   92          0.208        | 405   92          2.2         
BL_W150_T3.0_D30                   92          0.208        | 404   92          2.2         
BL_W150_T3.2_D2                    92          0.208        | 402   92          2.2         
BL_W150_T3.0_D40                   91          0.208        | 788   91          2.8         
BL_W150_T3.2_D30                   92          0.208        | 408   92          2.2         
BL_W170_T3.2_D20                   92          0.208        | 687   92          2.2         
BL_W170_T3.2_D25                   92          0.208        | 705   92          2.2         
BL_W170_T3.2_D30                   92          0.208        | 709   92          2.2         
BL_W170_T3.2_D40                   91          0.208        | 732   91          2.8         
BL_W150_T2.0_D40                   91          0.208        | 756   91          2.8         
BL_W150_T3.2_D40                   91          0.208        | 787   91          2.8         
BL_W150_T2.2_D40                   91          0.208        | 755   91          2.8         
BL_W120_T2.4_D40                   91          0.208        | 826   91          2.8         
BL_W170_T3.2_D8                    91          0.208        | 749   91          2.8         
BL_W150_T2.4_D40                   91          0.208        | 754   91          2.8         
BL_W150_T3.2_D25                   92          0.208        | 395   92          2.2         
BL_W150_T3.2_D20                   92          0.208        | 396   92          2.2         
BL_W150_T3.2_D8                    92          0.208        | 399   92          2.2         
BL_W120_T2.6_D40                   91          0.208        | 833   91          2.8         
BL_W150_T3.2_D6                    92          0.208        | 400   92          2.2         
BL_W150_T2.6_D40                   91          0.208        | 817   91          2.8         
BL_W140_T3.0_D4                    92          0.208        | 565   92          2.2         
BL_W130_T2.4_D40                   91          0.208        | 825   91          2.8         
BL_W160_T3.2_D20                   92          0.208        | 424   92          2.2         
BL_W160_T3.2_D25                   92          0.208        | 428   92          2.2         
BL_W160_T3.2_D30                   92          0.208        | 433   92          2.2         
BL_W130_T2.6_D25                   92          0.208        | 528   92          2.2         
BL_W130_T2.6_D30                   92          0.208        | 543   92          2.2         
BL_W130_T2.6_D40                   91          0.208        | 791   91          2.8         
BL_W140_T2.2_D40                   91          0.208        | 824   91          2.8         
BL_W170_T2.6_D40                   91          0.208        | 741   91          2.8         
BL_W140_T3.0_D40                   91          0.208        | 816   91          2.8         
BL_W140_T3.0_D30                   92          0.208        | 560   92          2.2         
BL_W140_T3.0_D25                   92          0.208        | 561   92          2.2         
BL_W130_T2.8_D25                   92          0.208        | 548   92          2.2         
BL_W130_T2.8_D30                   92          0.208        | 549   92          2.2         
BL_W140_T3.0_D6                    92          0.208        | 564   92          2.2         
BL_W170_T3.0_D6                    92          0.208        | 656   92          2.2         
BL_W140_T3.0_D2                    92          0.208        | 566   92          2.2         
BL_W140_T2.8_D40                   91          0.208        | 818   91          2.8         
BL_W140_T2.8_D30                   92          0.208        | 555   92          2.2         
BL_W140_T2.8_D25                   92          0.208        | 569   92          2.2         
BL_W130_T2.8_D40                   91          0.208        | 793   91          2.8         
BL_W140_T2.8_D6                    92          0.208        | 573   92          2.2         
BL_W140_T2.8_D4                    92          0.208        | 574   92          2.2         
BL_W140_T2.8_D2                    92          0.208        | 575   92          2.2         
BL_W140_T2.6_D40                   91          0.208        | 820   91          2.8         
BL_W120_T2.8_D40                   91          0.208        | 832   91          2.8         
BL_W140_T2.4_D40                   91          0.208        | 822   91          2.8         
BL_W130_T3.0_D25                   92          0.208        | 553   92          2.2         
BL_W130_T3.0_D30                   92          0.208        | 612   92          2.2         
BL_W130_T3.0_D40                   91          0.208        | 796   91          2.8         
BL_W160_T3.0_D25                   92          0.208        | 453   92          2.2         
BL_W170_T2.8_D40                   91          0.208        | 745   91          2.8         
BL_W170_T3.0_D2                    92          0.208        | 654   92          2.2         
BL_W130_T2.2_D40                   91          0.208        | 823   91          2.8         
BL_W120_T2.8_D25                   92          0.208        | 437   92          2.2         
BL_W160_T3.2_D2                    92          0.208        | 450   92          2.2         
BL_W140_T2.0_D40                   91          0.208        | 799   91          2.8         
BL_W160_T3.0_D2                    92          0.208        | 460   92          2.2         
BL_W160_T3.0_D4                    92          0.208        | 459   92          2.2         
BL_W160_T3.0_D30                   92          0.208        | 452   92          2.2         
BL_W170_T2.4_D40                   91          0.208        | 730   91          2.8         
BL_W160_T3.0_D6                    92          0.208        | 458   92          2.2         
BL_W160_T3.0_D20                   92          0.208        | 454   92          2.2         
BL_W170_T3.0_D4                    92          0.208        | 655   92          2.2         
BL_W160_T3.2_D6                    92          0.208        | 451   92          2.2         
BL_W160_T3.2_D4                    92          0.208        | 449   92          2.2         
BL_W120_T2.0_D40                   91          0.208        | 728   91          2.8         
BL_W160_T3.0_D8                    92          0.208        | 457   92          2.2         
BL_W170_T3.0_D8                    92          0.208        | 674   92          2.2         
BL_W160_T3.2_D8                    92          0.208        | 456   92          2.2         
BL_W170_T4.5_D40                   91          0.126        | 731   91          2.8         
BL_W170_T5.5_D20                   92          0.126        | 625   92          2.2         
BL_W170_T5.0_D40                   91          0.126        | 737   91          2.8         
BL_W170_T5.0_D30                   92          0.126        | 624   92          2.2         
BL_W170_T5.0_D25                   92          0.126        | 618   92          2.2         
BL_W160_T2.8_D40                   91          0.126        | 849   91          3.3         
BL_W160_T5.0_D30                   92          0.126        | 475   92          2.2         
BL_W160_T2.2_D40                   91          0.126        | 863   91          3.3         
BL_W170_T5.0_D20                   92          0.126        | 617   92          2.2         
BL_W170_T4.8_D40                   91          0.126        | 742   91          2.8         
BL_W170_T4.8_D30                   92          0.126        | 616   92          2.2         
BL_W160_T2.0_D40                   91          0.126        | 862   91          3.3         
BL_W160_T2.4_D40                   91          0.126        | 844   91          3.3         
BL_W170_T4.8_D25                   92          0.126        | 613   92          2.2         
BL_W160_T5.0_D25                   92          0.126        | 488   92          2.2         
BL_W170_T4.8_D20                   92          0.126        | 609   92          2.2         
BL_W160_T5.0_D20                   92          0.126        | 487   92          2.2         
BL_W150_T5.5_D30                   92          0.126        | 517   92          2.2         
BL_W120_T3.5_D2                    92          0.126        | 397   92          2.2         
BL_W150_T4.8_D20                   92          0.126        | 348   92          2.2         
BL_W150_T4.8_D25                   92          0.126        | 483   92          2.2         
BL_W150_T4.8_D30                   92          0.126        | 482   92          2.2         
BL_W150_T4.8_D40                   91          0.126        | 828   91          2.8         
BL_W150_T5.0_D10                   92          0.126        | 193   92          1.6         
BL_W150_T5.0_D20                   92          0.126        | 489   92          2.2         
BL_W150_T5.0_D25                   92          0.126        | 527   92          2.2         
BL_W150_T5.0_D30                   92          0.126        | 526   92          2.2         
BL_W150_T5.0_D40                   91          0.126        | 827   91          2.8         
BL_W150_T5.5_D10                   92          0.126        | 192   92          1.6         
BL_W150_T5.5_D20                   92          0.126        | 519   92          2.2         
BL_W150_T5.5_D25                   92          0.126        | 518   92          2.2         
BL_W170_T5.5_D25                   92          0.126        | 626   92          2.2         
BL_W150_T5.5_D40                   91          0.126        | 830   91          2.8         
BL_W160_T2.6_D40                   91          0.126        | 845   91          3.3         
BL_W150_T6.0_D10                   92          0.126        | 191   92          1.6         
BL_W170_T6.0_D30                   92          0.126        | 600   92          2.2         
BL_W150_T6.0_D20                   92          0.126        | 510   92          2.2         
BL_W150_T6.0_D25                   92          0.126        | 509   92          2.2         
BL_W150_T6.0_D30                   92          0.126        | 508   92          2.2         
BL_W150_T6.0_D40                   91          0.126        | 831   91          2.8         
BL_W170_T6.0_D25                   92          0.126        | 591   92          2.2         
BL_W170_T6.0_D20                   92          0.126        | 587   92          2.2         
BL_W170_T5.5_D40                   91          0.126        | 746   91          2.8         
BL_W170_T5.5_D30                   92          0.126        | 629   92          2.2         
BL_W160_T5.0_D10                   92          0.126        | 208   92          1.6         
BL_W160_T5.5_D25                   92          0.126        | 495   92          2.2         
BL_W160_T3.8_D20                   92          0.126        | 512   92          2.2         
BL_W160_T6.0_D20                   92          0.126        | 498   92          2.2         
BL_W160_T3.8_D10                   92          0.126        | 253   92          1.6         
BL_W160_T3.5_D30                   92          0.126        | 507   92          2.2         
BL_W170_T4.0_D30                   92          0.126        | 534   92          2.2         
BL_W170_T4.0_D25                   92          0.126        | 533   92          2.2         
BL_W160_T3.5_D25                   92          0.126        | 505   92          2.2         
BL_W170_T4.0_D20                   92          0.126        | 542   92          2.2         
BL_W170_T3.8_D40                   91          0.126        | 743   91          2.8         
BL_W170_T3.8_D30                   92          0.126        | 576   92          2.2         
BL_W170_T3.8_D25                   92          0.126        | 572   92          2.2         
BL_W160_T6.0_D10                   92          0.126        | 205   92          1.6         
BL_W160_T3.5_D20                   92          0.126        | 504   92          2.2         
BL_W160_T5.5_D30                   92          0.126        | 496   92          2.2         
BL_W160_T3.8_D25                   92          0.126        | 513   92          2.2         
BL_W170_T3.8_D20                   92          0.126        | 567   92          2.2         
BL_W170_T3.5_D40                   91          0.126        | 725   91          2.8         
BL_W170_T3.5_D30                   92          0.126        | 559   92          2.2         
BL_W170_T3.5_D25                   92          0.126        | 657   92          2.2         
BL_W170_T3.5_D20                   92          0.126        | 712   92          2.2         
BL_W160_T5.5_D20                   92          0.126        | 494   92          2.2         
BL_W160_T3.5_D10                   92          0.126        | 262   92          1.6         
BL_W160_T3.5_D8                    91          0.126        | 727   91          2.8         
BL_W160_T3.5_D6                    91          0.126        | 726   91          2.8         
BL_W160_T3.5_D4                    91          0.126        | 729   91          2.8         
BL_W160_T3.5_D2                    91          0.126        | 752   91          2.8         
BL_W160_T3.2_D40                   91          0.126        | 887   91          3.3         
BL_W160_T5.5_D10                   92          0.126        | 206   92          1.6         
BL_W160_T3.0_D40                   91          0.126        | 916   91          3.3         
BL_W170_T4.5_D25                   92          0.126        | 554   92          2.2         
BL_W170_T6.0_D40                   91          0.126        | 733   91          2.8         
BL_W160_T4.8_D30                   92          0.126        | 485   92          2.2         
BL_W160_T4.8_D25                   92          0.126        | 481   92          2.2         
BL_W160_T4.8_D20                   92          0.126        | 480   92          2.2         
BL_W160_T4.8_D10                   92          0.126        | 164   92          1.6         
BL_W160_T4.5_D30                   92          0.126        | 479   92          2.2         
BL_W160_T4.5_D25                   92          0.126        | 478   92          2.2         
BL_W170_T4.5_D20                   92          0.126        | 550   92          2.2         
BL_W160_T4.5_D20                   92          0.126        | 476   92          2.2         
BL_W160_T4.5_D10                   92          0.126        | 166   92          1.6         
BL_W160_T4.2_D30                   92          0.126        | 525   92          2.2         
BL_W160_T4.2_D25                   92          0.126        | 524   92          2.2         
BL_W160_T4.2_D20                   92          0.126        | 523   92          2.2         
BL_W170_T4.5_D30                   92          0.126        | 568   92          2.2         
BL_W160_T4.2_D10                   92          0.126        | 243   92          1.6         
BL_W160_T6.0_D30                   92          0.126        | 359   92          2.2         
BL_W160_T6.0_D25                   92          0.126        | 499   92          2.2         
BL_W160_T4.0_D30                   92          0.126        | 521   92          2.2         
BL_W160_T4.0_D25                   92          0.126        | 520   92          2.2         
BL_W160_T4.0_D20                   92          0.126        | 516   92          2.2         
BL_W160_T4.0_D10                   92          0.126        | 245   92          1.6         
BL_W160_T3.8_D30                   92          0.126        | 514   92          2.2         
BL_W170_T4.2_D40                   91          0.126        | 735   91          2.8         
BL_W170_T4.2_D30                   92          0.126        | 545   92          2.2         
BL_W170_T4.2_D25                   92          0.126        | 544   92          2.2         
BL_W170_T4.2_D20                   92          0.126        | 539   92          2.2         
BL_W170_T4.0_D40                   91          0.126        | 740   91          2.8         
BL_W140_T3.2_D2                    92          0.126        | 558   92          2.2         
BL_W120_T5.0_D25                   92          0.126        | 690   92          2.2         
BL_W130_T5.5_D40                   91          0.126        | 795   91          2.8         
BL_W120_T5.0_D20                   92          0.126        | 287   92          1.6         
BL_W130_T6.0_D20                   92          0.126        | 158   92          1.6         
BL_W150_T4.8_D10                   92          0.126        | 195   92          1.6         
BL_W130_T6.0_D25                   92          0.126        | 552   92          2.2         
BL_W130_T6.0_D30                   92          0.126        | 551   92          2.2         
BL_W130_T6.0_D40                   91          0.126        | 794   91          2.8         
BL_W130_T5.5_D30                   92          0.126        | 610   92          2.2         
BL_W140_T3.2_D4                    92          0.126        | 557   92          2.2         
BL_W120_T4.8_D40                   91          0.126        | 809   91          2.8         
BL_W120_T4.8_D30                   92          0.126        | 714   92          2.2         
BL_W120_T4.8_D25                   92          0.126        | 693   92          2.2         
BL_W140_T3.2_D6                    92          0.126        | 556   92          2.2         
BL_W140_T3.2_D8                    92          0.126        | 213   92          1.6         
BL_W140_T3.2_D15                   92          0.126        | 217   92          1.6         
BL_W140_T3.2_D20                   92          0.126        | 218   92          1.6         
BL_W130_T5.5_D25                   92          0.126        | 611   92          2.2         
BL_W130_T5.5_D20                   92          0.126        | 207   92          1.6         
BL_W120_T5.0_D30                   92          0.126        | 691   92          2.2         
BL_W120_T5.0_D40                   91          0.126        | 812   91          2.8         
BL_W130_T5.0_D40                   91          0.126        | 797   91          2.8         
BL_W130_T5.0_D30                   92          0.126        | 619   92          2.2         
BL_W130_T5.0_D25                   92          0.126        | 620   92          2.2         
BL_W130_T5.0_D20                   92          0.126        | 204   92          1.6         
BL_W130_T5.0_D6                    91          0.126        | 798   91          2.8         
BL_W130_T5.0_D4                    91          0.126        | 790   91          2.8         
BL_W130_T5.0_D2                    91          0.126        | 800   91          2.8         
BL_W130_T4.8_D40                   91          0.126        | 801   91          2.8         
BL_W130_T4.8_D30                   92          0.126        | 627   92          2.2         
BL_W130_T4.8_D25                   92          0.126        | 628   92          2.2         
BL_W130_T4.8_D20                   92          0.126        | 198   92          1.6         
BL_W140_T3.5_D30                   92          0.126        | 701   92          2.2         
BL_W140_T3.8_D40                   91          0.126        | 811   91          2.8         
BL_W140_T3.8_D30                   92          0.126        | 695   92          2.2         
BL_W140_T3.8_D25                   92          0.126        | 696   92          2.2         
BL_W140_T3.8_D20                   92          0.126        | 227   92          1.6         
BL_W140_T3.8_D15                   92          0.126        | 210   92          1.6         
BL_W120_T4.2_D40                   91          0.126        | 762   91          2.8         
BL_W120_T4.5_D2                    92          0.126        | 643   92          2.2         
BL_W120_T4.5_D4                    92          0.126        | 644   92          2.2         
BL_W140_T3.8_D8                    92          0.126        | 225   92          1.6         
BL_W140_T3.8_D6                    92          0.126        | 697   92          2.2         
BL_W140_T3.8_D4                    92          0.126        | 698   92          2.2         
BL_W140_T3.8_D2                    92          0.126        | 699   92          2.2         
BL_W140_T3.5_D40                   91          0.126        | 813   91          2.8         
BL_W120_T4.5_D20                   92          0.126        | 282   92          1.6         
BL_W120_T4.5_D25                   92          0.126        | 651   92          2.2         
BL_W130_T4.8_D6                    92          0.126        | 633   92          2.2         
BL_W140_T3.5_D25                   92          0.126        | 702   92          2.2         
BL_W140_T3.5_D20                   92          0.126        | 222   92          1.6         
BL_W140_T3.5_D15                   92          0.126        | 221   92          1.6         
BL_W140_T3.5_D8                    92          0.126        | 219   92          1.6         
BL_W120_T4.5_D30                   92          0.126        | 652   92          2.2         
BL_W120_T4.5_D40                   91          0.126        | 765   91          2.8         
BL_W120_T4.8_D2                    91          0.126        | 766   91          2.8         
BL_W140_T3.5_D6                    92          0.126        | 706   92          2.2         
BL_W140_T3.5_D4                    92          0.126        | 707   92          2.2         
BL_W140_T3.5_D2                    92          0.126        | 708   92          2.2         
BL_W140_T3.2_D40                   91          0.126        | 815   91          2.8         
BL_W140_T3.2_D30                   92          0.126        | 710   92          2.2         
BL_W120_T4.8_D4                    91          0.126        | 771   91          2.8         
BL_W120_T4.8_D20                   92          0.126        | 296   92          1.6         
BL_W140_T3.2_D25                   92          0.126        | 711   92          2.2         
BL_W130_T3.2_D25                   92          0.126        | 622   92          2.2         
BL_W120_T3.0_D25                   92          0.126        | 506   92          2.2         
BL_W120_T3.0_D20                   92          0.126        | 302   92          1.6         
BL_W120_T3.0_D4                    92          0.126        | 306   92          1.6         
BL_W120_T3.0_D2                    92          0.126        | 307   92          1.6         
BL_W130_T3.2_D2                    92          0.126        | 614   92          2.2         
BL_W130_T3.2_D4                    92          0.126        | 615   92          2.2         
BL_W130_T3.2_D6                    92          0.126        | 608   92          2.2         
BL_W130_T3.2_D20                   92          0.126        | 286   92          1.6         
BL_W120_T3.0_D30                   92          0.126        | 511   92          2.2         
BL_W130_T3.2_D30                   92          0.126        | 623   92          2.2         
BL_W130_T3.2_D40                   91          0.126        | 802   91          2.8         
BL_W130_T3.5_D2                    92          0.126        | 630   92          2.2         
BL_W130_T3.5_D4                    92          0.126        | 631   92          2.2         
BL_W130_T3.5_D6                    92          0.126        | 632   92          2.2         
BL_W130_T3.5_D20                   92          0.126        | 310   92          1.6         
BL_W130_T3.5_D25                   92          0.126        | 585   92          2.2         
BL_W130_T3.5_D30                   92          0.126        | 586   92          2.2         
BL_W120_T3.0_D40                   91          0.126        | 829   91          2.8         
BL_W120_T3.2_D2                    92          0.126        | 477   92          2.2         
BL_W120_T3.2_D4                    92          0.126        | 486   92          2.2         
BL_W120_T3.2_D20                   92          0.126        | 318   92          1.6         
BL_W120_T3.2_D25                   92          0.126        | 355   92          2.2         
BL_W120_T3.2_D30                   92          0.126        | 333   92          2.2         
BL_W120_T3.2_D40                   91          0.126        | 782   91          2.8         
BL_W120_T6.0_D40                   91          0.126        | 808   91          2.8         
BL_W120_T6.0_D30                   92          0.126        | 563   92          2.2         
BL_W120_T6.0_D25                   92          0.126        | 621   92          2.2         
BL_W120_T6.0_D20                   92          0.126        | 316   92          1.6         
BL_W120_T5.5_D40                   91          0.126        | 814   91          2.8         
BL_W120_T5.5_D30                   92          0.126        | 704   92          2.2         
BL_W120_T5.5_D25                   92          0.126        | 703   92          2.2         
BL_W120_T5.5_D20                   92          0.126        | 317   92          1.6         
BL_W130_T4.2_D2                    92          0.126        | 599   92          2.2         
BL_W130_T4.8_D4                    92          0.126        | 595   92          2.2         
BL_W130_T4.8_D2                    92          0.126        | 582   92          2.2         
BL_W130_T4.5_D40                   91          0.126        | 803   91          2.8         
BL_W130_T4.5_D30                   92          0.126        | 583   92          2.2         
BL_W130_T4.5_D25                   92          0.126        | 584   92          2.2         
BL_W130_T4.5_D20                   92          0.126        | 194   92          1.6         
BL_W130_T4.5_D6                    92          0.126        | 588   92          2.2         
BL_W130_T4.5_D4                    92          0.126        | 589   92          2.2         
BL_W130_T4.5_D2                    92          0.126        | 590   92          2.2         
BL_W130_T4.2_D40                   91          0.126        | 805   91          2.8         
BL_W130_T4.2_D30                   92          0.126        | 592   92          2.2         
BL_W130_T4.2_D25                   92          0.126        | 593   92          2.2         
BL_W130_T4.2_D20                   92          0.126        | 190   92          1.6         
BL_W130_T4.2_D6                    92          0.126        | 597   92          2.2         
BL_W130_T4.2_D4                    92          0.126        | 598   92          2.2         
BL_W120_T3.5_D4                    92          0.126        | 398   92          2.2         
BL_W130_T4.0_D40                   91          0.126        | 806   91          2.8         
BL_W130_T4.0_D30                   92          0.126        | 601   92          2.2         
BL_W130_T4.0_D25                   92          0.126        | 602   92          2.2         
BL_W130_T4.0_D20                   92          0.126        | 185   92          1.6         
BL_W130_T4.0_D6                    92          0.126        | 607   92          2.2         
BL_W130_T4.0_D4                    92          0.126        | 605   92          2.2         
BL_W130_T4.0_D2                    92          0.126        | 606   92          2.2         
BL_W130_T3.8_D40                   91          0.126        | 807   91          2.8         
BL_W130_T3.8_D30                   92          0.126        | 604   92          2.2         
BL_W130_T3.8_D25                   92          0.126        | 603   92          2.2         
BL_W130_T3.8_D20                   92          0.126        | 314   92          1.6         
BL_W130_T3.8_D6                    92          0.126        | 596   92          2.2         
BL_W130_T3.8_D4                    92          0.126        | 581   92          2.2         
BL_W130_T3.8_D2                    92          0.126        | 594   92          2.2         
BL_W130_T3.5_D40                   91          0.126        | 804   91          2.8         
BL_W150_T3.5_D25                   92          0.126        | 364   92          2.2         
BL_W140_T6.0_D30                   92          0.126        | 677   92          2.2         
BL_W140_T6.0_D40                   91          0.126        | 759   91          2.8         
BL_W150_T3.5_D2                    91          0.126        | 786   91          2.8         
BL_W150_T3.5_D4                    91          0.126        | 785   91          2.8         
BL_W150_T3.5_D6                    91          0.126        | 784   91          2.8         
BL_W150_T3.5_D8                    91          0.126        | 783   91          2.8         
BL_W150_T3.5_D10                   92          0.126        | 201   92          1.6         
BL_W150_T3.5_D20                   92          0.126        | 350   92          2.2         
BL_W140_T6.0_D25                   92          0.126        | 678   92          2.2         
BL_W150_T3.5_D30                   92          0.126        | 351   92          2.2         
BL_W150_T3.5_D40                   91          0.126        | 772   91          2.8         
BL_W150_T3.8_D2                    91          0.126        | 780   91          2.8         
BL_W150_T3.8_D4                    91          0.126        | 779   91          2.8         
BL_W150_T3.8_D6                    91          0.126        | 778   91          2.8         
BL_W150_T3.8_D8                    91          0.126        | 777   91          2.8         
BL_W150_T3.8_D10                   92          0.126        | 200   92          1.6         
BL_W150_T3.8_D20                   92          0.126        | 342   92          2.2         
BL_W140_T6.0_D20                   92          0.126        | 269   92          1.6         
BL_W140_T6.0_D15                   92          0.126        | 270   92          1.6         
BL_W140_T6.0_D8                    92          0.126        | 271   92          1.6         
BL_W120_T4.0_D30                   92          0.126        | 675   92          2.2         
BL_W140_T5.5_D40                   91          0.126        | 761   91          2.8         
BL_W140_T5.5_D30                   92          0.126        | 686   92          2.2         
BL_W140_T5.5_D25                   92          0.126        | 648   92          2.2         
BL_W140_T5.5_D20                   92          0.126        | 214   92          1.6         
BL_W140_T5.5_D15                   92          0.126        | 215   92          1.6         
BL_W140_T5.5_D8                    92          0.126        | 216   92          1.6         
BL_W120_T4.0_D40                   91          0.126        | 760   91          2.8         
BL_W120_T4.2_D2                    92          0.126        | 680   92          2.2         
BL_W120_T4.2_D4                    92          0.126        | 681   92          2.2         
BL_W140_T5.0_D40                   91          0.126        | 753   91          2.8         
BL_W140_T5.0_D30                   92          0.126        | 641   92          2.2         
BL_W150_T4.5_D20                   92          0.126        | 493   92          2.2         
BL_W150_T4.2_D30                   92          0.126        | 500   92          2.2         
BL_W150_T4.2_D40                   91          0.126        | 774   91          2.8         
BL_W120_T3.8_D30                   92          0.126        | 663   92          2.2         
BL_W120_T3.8_D25                   92          0.126        | 387   92          2.2         
BL_W120_T3.8_D20                   92          0.126        | 315   92          1.6         
BL_W120_T3.8_D4                    92          0.126        | 379   92          2.2         
BL_W120_T3.8_D2                    92          0.126        | 370   92          2.2         
BL_W150_T4.5_D10                   92          0.126        | 181   92          1.6         
BL_W150_T4.2_D25                   92          0.126        | 501   92          2.2         
BL_W150_T4.5_D25                   92          0.126        | 492   92          2.2         
BL_W150_T4.5_D30                   92          0.126        | 491   92          2.2         
BL_W120_T3.5_D40                   91          0.126        | 763   91          2.8         
BL_W150_T4.5_D40                   91          0.126        | 773   91          2.8         
BL_W120_T3.5_D30                   92          0.126        | 415   92          2.2         
BL_W120_T3.5_D25                   92          0.126        | 414   92          2.2         
BL_W120_T3.5_D20                   92          0.126        | 279   92          1.6         
BL_W120_T4.2_D25                   92          0.126        | 635   92          2.2         
BL_W150_T4.2_D20                   92          0.126        | 515   92          2.2         
BL_W150_T4.2_D10                   92          0.126        | 197   92          1.6         
BL_W120_T3.8_D40                   91          0.126        | 757   91          2.8         
BL_W120_T4.0_D2                    92          0.126        | 673   92          2.2         
BL_W120_T4.0_D4                    92          0.126        | 661   92          2.2         
BL_W120_T4.0_D20                   92          0.126        | 308   92          1.6         
BL_W150_T4.0_D40                   91          0.126        | 775   91          2.8         
BL_W150_T4.0_D30                   92          0.126        | 341   92          2.2         
BL_W150_T4.0_D25                   92          0.126        | 363   92          2.2         
BL_W150_T4.0_D20                   92          0.126        | 361   92          2.2         
BL_W150_T4.0_D10                   92          0.126        | 199   92          1.6         
BL_W120_T4.0_D25                   92          0.126        | 484   92          2.2         
BL_W150_T3.8_D40                   91          0.126        | 776   91          2.8         
BL_W150_T3.8_D30                   92          0.126        | 365   92          2.2         
BL_W150_T3.8_D25                   92          0.126        | 337   92          2.2         
BL_W140_T4.0_D15                   92          0.126        | 229   92          1.6         
BL_W140_T4.8_D8                    92          0.126        | 238   92          1.6         
BL_W140_T4.8_D6                    91          0.126        | 767   91          2.8         
BL_W140_T4.8_D4                    91          0.126        | 768   91          2.8         
BL_W140_T4.5_D40                   91          0.126        | 770   91          2.8         
BL_W140_T4.5_D30                   92          0.126        | 658   92          2.2         
BL_W140_T4.5_D25                   92          0.126        | 659   92          2.2         
BL_W140_T4.5_D20                   92          0.126        | 240   92          1.6         
BL_W140_T4.5_D15                   92          0.126        | 246   92          1.6         
BL_W140_T4.5_D8                    92          0.126        | 237   92          1.6         
BL_W140_T4.5_D6                    92          0.126        | 722   92          2.2         
BL_W140_T4.5_D4                    92          0.126        | 721   92          2.2         
BL_W140_T4.5_D2                    92          0.126        | 720   92          2.2         
BL_W140_T4.0_D8                    92          0.126        | 228   92          1.6         
BL_W140_T4.8_D2                    91          0.126        | 769   91          2.8         
BL_W140_T4.0_D20                   92          0.126        | 233   92          1.6         
BL_W140_T4.0_D25                   92          0.126        | 689   92          2.2         
BL_W140_T4.0_D30                   92          0.126        | 688   92          2.2         
BL_W140_T4.2_D40                   91          0.126        | 781   91          2.8         
BL_W140_T4.2_D30                   92          0.126        | 718   92          2.2         
BL_W140_T4.2_D25                   92          0.126        | 717   92          2.2         
BL_W140_T4.2_D20                   92          0.126        | 236   92          1.6         
BL_W140_T4.2_D15                   92          0.126        | 235   92          1.6         
BL_W140_T4.2_D8                    92          0.126        | 234   92          1.6         
BL_W140_T4.2_D6                    92          0.126        | 723   92          2.2         
BL_W140_T4.2_D4                    92          0.126        | 724   92          2.2         
BL_W140_T4.2_D2                    92          0.126        | 713   92          2.2         
BL_W140_T4.0_D40                   91          0.126        | 810   91          2.8         
BL_W140_T4.8_D20                   92          0.126        | 231   92          1.6         
BL_W140_T5.0_D8                    92          0.126        | 230   92          1.6         
BL_W120_T4.2_D30                   92          0.126        | 636   92          2.2         
BL_W120_T4.2_D20                   92          0.126        | 289   92          1.6         
BL_W140_T5.0_D15                   92          0.126        | 224   92          1.6         
BL_W140_T5.0_D20                   92          0.126        | 220   92          1.6         
BL_W140_T4.0_D2                    92          0.126        | 694   92          2.2         
BL_W140_T5.0_D25                   92          0.126        | 642   92          2.2         
BL_W140_T4.0_D4                    92          0.126        | 700   92          2.2         
BL_W140_T4.8_D40                   91          0.126        | 764   91          2.8         
BL_W140_T4.8_D30                   92          0.126        | 649   92          2.2         
BL_W140_T4.8_D25                   92          0.126        | 650   92          2.2         
BL_W140_T4.0_D6                    92          0.126        | 692   92          2.2         
BL_W140_T4.8_D15                   92          0.126        | 232   92          1.6         
BL_W170_T4.5_D6                    90          0.050        | 923   90          3.7         
BL_W170_T5.5_D10                   90          0.050        | 927   90          3.7         
BL_W170_T4.5_D4                    90          0.050        | 924   90          3.7         
BL_W170_T3.5_D8                    91          0.050        | 837   91          3.3         
BL_W160_T5.5_D6                    90          0.050        | 984   90          3.7         
BL_W170_T4.5_D2                    90          0.050        | 925   90          3.7         
BL_W170_T3.5_D6                    91          0.050        | 838   91          3.3         
BL_W170_T4.8_D2                    90          0.050        | 951   90          3.7         
BL_W170_T4.8_D4                    90          0.050        | 950   90          3.7         
BL_W170_T3.5_D10                   91          0.050        | 836   91          3.3         
BL_W120_T5.5_D6                    90          0.050        | 962   90          3.7         
BL_W120_T5.5_D4                    90          0.050        | 963   90          3.7         
BL_W170_T4.8_D6                    90          0.050        | 949   90          3.7         
BL_W170_T6.0_D10                   90          0.050        | 975   90          3.7         
BL_W170_T6.0_D8                    90          0.050        | 972   90          3.7         
BL_W170_T6.0_D6                    90          0.050        | 971   90          3.7         
BL_W170_T6.0_D2                    90          0.050        | 959   90          3.7         
BL_W170_T6.0_D4                    90          0.050        | 966   90          3.7         
BL_W170_T4.5_D8                    90          0.050        | 947   90          3.7         
BL_W170_T5.0_D10                   90          0.050        | 940   90          3.7         
BL_W170_T4.5_D10                   90          0.050        | 955   90          3.7         
BL_W170_T4.8_D8                    90          0.050        | 948   90          3.7         
BL_W170_T3.8_D8                    91          0.050        | 884   91          3.3         
BL_W170_T3.8_D6                    91          0.050        | 885   91          3.3         
BL_W170_T3.8_D4                    91          0.050        | 886   91          3.3         
BL_W170_T3.8_D2                    91          0.050        | 848   91          3.3         
BL_W120_T5.0_D6                    90          0.050        | 967   90          3.7         
BL_W120_T5.0_D4                    90          0.050        | 969   90          3.7         
BL_W120_T5.5_D2                    90          0.050        | 964   90          3.7         
BL_W120_T5.0_D2                    90          0.050        | 970   90          3.7         
BL_W170_T4.0_D2                    91          0.050        | 882   91          3.3         
BL_W170_T4.0_D4                    91          0.050        | 881   91          3.3         
BL_W170_T4.0_D6                    91          0.050        | 880   91          3.3         
BL_W170_T4.8_D10                   90          0.050        | 938   90          3.7         
BL_W170_T5.0_D2                    90          0.050        | 944   90          3.7         
BL_W170_T5.0_D4                    90          0.050        | 943   90          3.7         
BL_W170_T5.5_D8                    90          0.050        | 935   90          3.7         
BL_W170_T4.0_D8                    91          0.050        | 879   91          3.3         
BL_W170_T4.0_D10                   91          0.050        | 878   91          3.3         
BL_W170_T4.2_D2                    91          0.050        | 874   91          3.3         
BL_W170_T4.2_D4                    91          0.050        | 873   91          3.3         
BL_W170_T4.2_D6                    91          0.050        | 872   91          3.3         
BL_W170_T5.0_D6                    90          0.050        | 942   90          3.7         
BL_W170_T5.0_D8                    90          0.050        | 941   90          3.7         
BL_W170_T3.8_D10                   91          0.050        | 883   91          3.3         
BL_W170_T4.2_D8                    91          0.050        | 871   91          3.3         
BL_W170_T4.2_D10                   91          0.050        | 870   91          3.3         
BL_W170_T5.5_D2                    90          0.050        | 926   90          3.7         
BL_W170_T5.5_D4                    90          0.050        | 929   90          3.7         
BL_W170_T5.5_D6                    90          0.050        | 932   90          3.7         
BL_W140_T5.5_D4                    90          0.050        | 987   90          3.7         
BL_W150_T4.2_D4                    91          0.050        | 895   91          3.3         
BL_W150_T4.2_D2                    91          0.050        | 894   91          3.3         
BL_W150_T4.0_D8                    91          0.050        | 893   91          3.3         
BL_W150_T4.0_D6                    91          0.050        | 892   91          3.3         
BL_W150_T4.0_D4                    91          0.050        | 891   91          3.3         
BL_W150_T4.0_D2                    91          0.050        | 890   91          3.3         
BL_W140_T6.0_D6                    90          0.050        | 937   90          3.7         
BL_W140_T6.0_D4                    90          0.050        | 976   90          3.7         
BL_W140_T6.0_D2                    90          0.050        | 977   90          3.7         
BL_W140_T5.5_D6                    90          0.050        | 986   90          3.7         
BL_W150_T4.2_D6                    91          0.050        | 896   91          3.3         
BL_W140_T5.5_D2                    90          0.050        | 988   90          3.7         
BL_W140_T5.0_D6                    91          0.050        | 854   91          3.3         
BL_W140_T5.0_D4                    91          0.050        | 853   91          3.3         
BL_W140_T5.0_D2                    91          0.050        | 852   91          3.3         
BL_W160_T3.5_D40                   91          0.050        | 868   91          3.3         
BL_W160_T3.8_D2                    91          0.050        | 869   91          3.3         
BL_W160_T3.8_D4                    91          0.050        | 861   91          3.3         
BL_W160_T3.8_D6                    91          0.050        | 876   91          3.3         
BL_W160_T3.8_D8                    91          0.050        | 877   91          3.3         
BL_W160_T3.8_D40                   91          0.050        | 875   91          3.3         
BL_W150_T5.5_D2                    90          0.050        | 979   90          3.7         
BL_W150_T4.8_D8                    91          0.050        | 911   91          3.3         
BL_W150_T4.8_D6                    91          0.050        | 860   91          3.3         
BL_W150_T4.8_D4                    91          0.050        | 917   91          3.3         
BL_W150_T4.8_D2                    91          0.050        | 915   91          3.3         
BL_W150_T5.0_D2                    91          0.050        | 921   91          3.3         
BL_W150_T5.0_D4                    91          0.050        | 914   91          3.3         
BL_W150_T5.0_D6                    91          0.050        | 920   91          3.3         
BL_W150_T5.0_D8                    91          0.050        | 901   91          3.3         
BL_W150_T4.5_D8                    91          0.050        | 913   91          3.3         
BL_W150_T4.5_D6                    91          0.050        | 912   91          3.3         
BL_W160_T4.0_D2                    91          0.050        | 835   91          3.3         
BL_W150_T5.5_D4                    90          0.050        | 989   90          3.7         
BL_W150_T5.5_D6                    90          0.050        | 965   90          3.7         
BL_W150_T5.5_D8                    90          0.050        | 961   90          3.7         
BL_W150_T4.5_D4                    91          0.050        | 909   91          3.3         
BL_W150_T4.5_D2                    91          0.050        | 908   91          3.3         
BL_W150_T6.0_D2                    90          0.050        | 956   90          3.7         
BL_W150_T6.0_D4                    90          0.050        | 974   90          3.7         
BL_W150_T6.0_D6                    90          0.050        | 982   90          3.7         
BL_W150_T6.0_D8                    90          0.050        | 981   90          3.7         
BL_W150_T4.2_D8                    91          0.050        | 897   91          3.3         
BL_W160_T6.0_D4                    90          0.050        | 928   90          3.7         
BL_W160_T5.0_D8                    90          0.050        | 934   90          3.7         
BL_W160_T5.0_D40                   91          0.050        | 919   91          3.3         
BL_W160_T5.5_D2                    90          0.050        | 957   90          3.7         
BL_W160_T5.5_D4                    90          0.050        | 985   90          3.7         
BL_W160_T5.5_D8                    90          0.050        | 980   90          3.7         
BL_W130_T6.0_D6                    90          0.050        | 954   90          3.7         
BL_W130_T6.0_D4                    90          0.050        | 953   90          3.7         
BL_W130_T6.0_D2                    90          0.050        | 952   90          3.7         
BL_W160_T5.5_D40                   91          0.050        | 910   91          3.3         
BL_W160_T6.0_D2                    90          0.050        | 922   90          3.7         
BL_W160_T5.0_D6                    90          0.050        | 958   90          3.7         
BL_W160_T6.0_D6                    90          0.050        | 930   90          3.7         
BL_W160_T6.0_D8                    90          0.050        | 931   90          3.7         
BL_W130_T5.5_D6                    90          0.050        | 946   90          3.7         
BL_W130_T5.5_D4                    90          0.050        | 945   90          3.7         
BL_W160_T6.0_D40                   91          0.050        | 907   91          3.3         
BL_W130_T5.5_D2                    90          0.050        | 939   90          3.7         
BL_W120_T6.0_D6                    90          0.050        | 991   90          3.7         
BL_W120_T6.0_D4                    90          0.050        | 983   90          3.7         
BL_W120_T6.0_D2                    90          0.050        | 960   90          3.7         
BL_W170_T3.5_D2                    91          0.050        | 840   91          3.3         
BL_W160_T4.5_D4                    91          0.050        | 857   91          3.3         
BL_W160_T4.0_D4                    91          0.050        | 841   91          3.3         
BL_W160_T4.0_D6                    91          0.050        | 842   91          3.3         
BL_W160_T4.0_D8                    91          0.050        | 843   91          3.3         
BL_W160_T4.0_D40                   91          0.050        | 846   91          3.3         
BL_W160_T4.2_D2                    91          0.050        | 847   91          3.3         
BL_W160_T4.2_D4                    91          0.050        | 834   91          3.3         
BL_W160_T4.2_D6                    91          0.050        | 850   91          3.3         
BL_W160_T4.2_D8                    91          0.050        | 851   91          3.3         
BL_W160_T4.2_D40                   91          0.050        | 855   91          3.3         
BL_W160_T4.5_D2                    91          0.050        | 856   91          3.3         
BL_W170_T3.5_D4                    91          0.050        | 839   91          3.3         
BL_W160_T4.5_D6                    91          0.050        | 858   91          3.3         
BL_W160_T4.5_D8                    91          0.050        | 859   91          3.3         
BL_W160_T4.5_D40                   91          0.050        | 918   91          3.3         
BL_W160_T4.8_D2                    90          0.050        | 933   90          3.7         
BL_W160_T4.8_D4                    90          0.050        | 936   90          3.7         
BL_W160_T4.8_D6                    90          0.050        | 978   90          3.7         
BL_W160_T4.8_D8                    90          0.050        | 990   90          3.7         
BL_W160_T4.8_D40                   91          0.050        | 889   91          3.3         
BL_W160_T5.0_D2                    90          0.050        | 973   90          3.7         
BL_W160_T5.0_D4                    90          0.050        | 968   90          3.7         


=== DETAILED DETECTOR RESULTS ===

Detector: BL_W120_T1.8_D2
Best Detection: 95 mmHg (confidence: 0.340)
Top 10 readings:
  Rank  Pressure    Confidence  
  ------------------------------
  1     95          0.340
  2     92          0.260
  3     91          0.126
  4     87          0.126
  5     77          0.126
  6     75          0.050
  7     125         0.010
  8     121         0.010
  9     87          0.010

Detector: BL_W120_T1.8_D4
Best Detection: 95 mmHg (confidence: 0.340)
Top 10 readings:
  Rank  Pressure    Confidence  
  ------------------------------
  1     95          0.340
  2     92          0.260
  3     91          0.126
  4     87          0.126
  5     77          0.126
  6     75          0.050
  7     125         0.010
  8     121         0.010
  9     87          0.010

Detector: BL_W120_T1.8_D6
Best Detection: 96 mmHg (confidence: 0.340)
Top 10 readings:
  Rank  Pressure    Confidence  
  ------------------------------
  1     96          0.340
  2     92          0.260
  3     91          0.126
  4     87          0.126
  5     77          0.126
  6     75          0.050
  7     125         0.010
  8     121         0.010
  9     87          0.010

Detector: BL_W120_T1.8_D8
Best Detection: 95 mmHg (confidence: 0.340)
Top 10 readings:
  Rank  Pressure    Confidence  
  ------------------------------
  1     95          0.340
  2     92          0.260
  3     91          0.126
  4     87          0.126
  5     77          0.126
  6     75          0.050
  7     125         0.010
  8     121         0.010
  9     87          0.010

Detector: BL_W120_T1.8_D10
Best Detection: 95 mmHg (confidence: 0.340)
Top 10 readings:
  Rank  Pressure    Confidence  
  ------------------------------
  1     95          0.340
  2     92          0.260
  3     91          0.126
  4     87          0.126
  5     77          0.126
  6     75          0.050
  7     125         0.010
  8     121         0.010
  9     87          0.010

Detector: BL_W120_T1.8_D15
Best Detection: 95 mmHg (confidence: 0.340)
Top 10 readings:
  Rank  Pressure    Confidence  
  ------------------------------
  1     95          0.340
  2     92          0.260
  3     91          0.126
  4     87          0.126
  5     77          0.126
  6     75          0.050
  7     125         0.010
  8     121         0.010
  9     87          0.010

Detector: BL_W120_T1.8_D20
Best Detection: 92 mmHg (confidence: 0.260)
Top 10 readings:
  Rank  Pressure    Confidence  
  ------------------------------
  1     92          0.260
  2     91          0.126
  3     87          0.126
  4     77          0.126
  5     75          0.050
  6     125         0.010
  7     121         0.010
  8     87          0.010

Detector: BL_W120_T1.8_D25
Best Detection: 92 mmHg (confidence: 0.260)
Top 10 readings:
  Rank  Pressure    Confidence  
  ------------------------------
  1     92          0.260
  2     91          0.126
  3     87          0.126
  4     77          0.126
  5     75          0.050
  6     125         0.010
  7     87          0.010

Detector: BL_W120_T1.8_D30
Best Detection: 92 mmHg (confidence: 0.260)
Top 10 readings:
  Rank  Pressure    Confidence  
  ------------------------------
  1     92          0.260
  2     91          0.126
  3     87          0.126
  4     77          0.126
  5     75          0.050
  6     125         0.010
  7     87          0.010

Detector: BL_W120_T1.8_D40
Best Detection: 91 mmHg (confidence: 0.208)
Top 10 readings:
  Rank  Pressure    Confidence  
  ------------------------------
  1     91          0.208
  2     91          0.126
  3     87          0.126
  4     77          0.126
  5     75          0.050
  6     87          0.010

Detector: BL_W120_T2.0_D2
Best Detection: 95 mmHg (confidence: 0.340)
Top 10 readings:
  Rank  Pressure    Confidence  
  ------------------------------
  1     95          0.340
  2     92          0.260
  3     91          0.126
  4     87          0.126
  5     77          0.126
  6     75          0.050
  7     125         0.010
  8     87          0.010

Detector: BL_W120_T2.0_D4
Best Detection: 95 mmHg (confidence: 0.340)
Top 10 readings:
  Rank  Pressure    Confidence  
  ------------------------------
  1     95          0.340
  2     92          0.260
  3     91          0.126
  4     87          0.126
  5     77          0.126
  6     75          0.050
  7     125         0.010
  8     87          0.010

Detector: BL_W120_T2.0_D6
Best Detection: 96 mmHg (confidence: 0.340)
Top 10 readings:
  Rank  Pressure    Confidence  
  ------------------------------
  1     96          0.340
  2     92          0.260
  3     91          0.126
  4     87          0.126
  5     77          0.126
  6     75          0.050
  7     125         0.010
  8     87          0.010

Detector: BL_W120_T2.0_D8
Best Detection: 95 mmHg (confidence: 0.340)
Top 10 readings:
  Rank  Pressure    Confidence  
  ------------------------------
  1     95          0.340
  2     92          0.260
  3     91          0.126
  4     87          0.126
  5     77          0.126
  6     75          0.050
  7     125         0.010
  8     87          0.010

Detector: BL_W120_T2.0_D10
Best Detection: 95 mmHg (confidence: 0.340)
Top 10 readings:
  Rank  Pressure    Confidence  
  ------------------------------
  1     95          0.340
  2     92          0.260
  3     91          0.126
  4     87          0.126
  5     77          0.126
  6     75          0.050
  7     125         0.010
  8     87          0.010

Detector: BL_W120_T2.0_D15
Best Detection: 95 mmHg (confidence: 0.340)
Top 10 readings:
  Rank  Pressure    Confidence  
  ------------------------------
  1     95          0.340
  2     92          0.260
  3     91          0.126
  4     87          0.126
  5     77          0.126
  6     75          0.050
  7     125         0.010
  8     121         0.010
  9     87          0.010

Detector: BL_W120_T2.0_D20
Best Detection: 92 mmHg (confidence: 0.260)
Top 10 readings:
  Rank  Pressure    Confidence  
  ------------------------------
  1     92          0.260
  2     91          0.126
  3     87          0.126
  4     77          0.126
  5     75          0.050
  6     125         0.010
  7     121         0.010
  8     87          0.010

Detector: BL_W120_T2.0_D25
Best Detection: 92 mmHg (confidence: 0.260)
Top 10 readings:
  Rank  Pressure    Confidence  
  ------------------------------
  1     92          0.260
  2     91          0.126
  3     87          0.126
  4     77          0.126
  5     75          0.050
  6     125         0.010
  7     87          0.010

Detector: BL_W120_T2.0_D30
Best Detection: 92 mmHg (confidence: 0.260)
Top 10 readings:
  Rank  Pressure    Confidence  
  ------------------------------
  1     92          0.260
  2     91          0.126
  3     87          0.126
  4     77          0.126
  5     75          0.050
  6     125         0.010
  7     87          0.010

Detector: BL_W120_T2.0_D40
Best Detection: 91 mmHg (confidence: 0.208)
Top 10 readings:
  Rank  Pressure    Confidence  
  ------------------------------
  1     91          0.208
  2     91          0.126
  3     87          0.126
  4     77          0.126
  5     75          0.050
  6     87          0.010

Detector: BL_W120_T2.2_D2
Best Detection: 95 mmHg (confidence: 0.340)
Top 10 readings:
  Rank  Pressure    Confidence  
  ------------------------------
  1     95          0.340
  2     92          0.260
  3     91          0.126
  4     87          0.126
  5     75          0.050
  6     125         0.010
  7     87          0.010

Detector: BL_W120_T2.2_D4
Best Detection: 95 mmHg (confidence: 0.340)
Top 10 readings:
  Rank  Pressure    Confidence  
  ------------------------------
  1     95          0.340
  2     92          0.260
  3     91          0.126
  4     87          0.126
  5     75          0.050
  6     125         0.010
  7     87          0.010

Detector: BL_W120_T2.2_D6
Best Detection: 96 mmHg (confidence: 0.340)
Top 10 readings:
  Rank  Pressure    Confidence  
  ------------------------------
  1     96          0.340
  2     92          0.260
  3     91          0.126
  4     87          0.126
  5     75          0.050
  6     125         0.010
  7     87          0.010

Detector: BL_W120_T2.2_D8
Best Detection: 95 mmHg (confidence: 0.340)
Top 10 readings:
  Rank  Pressure    Confidence  
  ------------------------------
  1     95          0.340
  2     92          0.260
  3     91          0.126
  4     87          0.126
  5     75          0.050
  6     125         0.010
  7     87          0.010

Detector: BL_W120_T2.2_D10
Best Detection: 95 mmHg (confidence: 0.340)
Top 10 readings:
  Rank  Pressure    Confidence  
  ------------------------------
  1     95          0.340
  2     92          0.260
  3     91          0.126
  4     87          0.126
  5     75          0.050
  6     125         0.010
  7     87          0.010

Detector: BL_W120_T2.2_D15
Best Detection: 95 mmHg (confidence: 0.340)
Top 10 readings:
  Rank  Pressure    Confidence  
  ------------------------------
  1     95          0.340
  2     92          0.260
  3     91          0.126
  4     87          0.126
  5     75          0.050
  6     125         0.010
  7     121         0.010
  8     87          0.010

Detector: BL_W120_T2.2_D20
Best Detection: 92 mmHg (confidence: 0.260)
Top 10 readings:
  Rank  Pressure    Confidence  
  ------------------------------
  1     92          0.260
  2     91          0.126
  3     87          0.126
  4     75          0.050
  5     125         0.010
  6     121         0.010
  7     87          0.010

Detector: BL_W120_T2.2_D25
Best Detection: 92 mmHg (confidence: 0.260)
Top 10 readings:
  Rank  Pressure    Confidence  
  ------------------------------
  1     92          0.260
  2     91          0.126
  3     87          0.126
  4     75          0.050
  5     125         0.010
  6     87          0.010

Detector: BL_W120_T2.2_D30
Best Detection: 92 mmHg (confidence: 0.260)
Top 10 readings:
  Rank  Pressure    Confidence  
  ------------------------------
  1     92          0.260
  2     91          0.126
  3     87          0.126
  4     75          0.050
  5     125         0.010
  6     87          0.010

Detector: BL_W120_T2.2_D40
Best Detection: 91 mmHg (confidence: 0.208)
Top 10 readings:
  Rank  Pressure    Confidence  
  ------------------------------
  1     91          0.208
  2     91          0.126
  3     87          0.126
  4     75          0.050
  5     87          0.010

Detector: BL_W120_T2.4_D2
Best Detection: 95 mmHg (confidence: 0.340)
Top 10 readings:
  Rank  Pressure    Confidence  
  ------------------------------
  1     95          0.340
  2     92          0.260
  3     91          0.126
  4     87          0.126
  5     87          0.050
  6     125         0.010

Detector: BL_W120_T2.4_D4
Best Detection: 95 mmHg (confidence: 0.340)
Top 10 readings:
  Rank  Pressure    Confidence  
  ------------------------------
  1     95          0.340
  2     92          0.260
  3     91          0.126
  4     87          0.126
  5     87          0.050
  6     125         0.010

Detector: BL_W120_T2.4_D6
Best Detection: 96 mmHg (confidence: 0.340)
Top 10 readings:
  Rank  Pressure    Confidence  
  ------------------------------
  1     96          0.340
  2     92          0.260
  3     91          0.126
  4     87          0.126
  5     87          0.050
  6     125         0.010

Detector: BL_W120_T2.4_D8
Best Detection: 95 mmHg (confidence: 0.340)
Top 10 readings:
  Rank  Pressure    Confidence  
  ------------------------------
  1     95          0.340
  2     92          0.260
  3     91          0.126
  4     87          0.126
  5     87          0.050
  6     125         0.010

Detector: BL_W120_T2.4_D10
Best Detection: 95 mmHg (confidence: 0.340)
Top 10 readings:
  Rank  Pressure    Confidence  
  ------------------------------
  1     95          0.340
  2     92          0.260
  3     91          0.126
  4     87          0.126
  5     87          0.050
  6     125         0.010

Detector: BL_W120_T2.4_D15
Best Detection: 95 mmHg (confidence: 0.340)
Top 10 readings:
  Rank  Pressure    Confidence  
  ------------------------------
  1     95          0.340
  2     92          0.260
  3     91          0.126
  4     87          0.126
  5     87          0.050
  6     125         0.010
  7     121         0.010

Detector: BL_W120_T2.4_D20
Best Detection: 92 mmHg (confidence: 0.260)
Top 10 readings:
  Rank  Pressure    Confidence  
  ------------------------------
  1     92          0.260
  2     91          0.126
  3     87          0.126
  4     87          0.050
  5     125         0.010
  6     121         0.010

Detector: BL_W120_T2.4_D25
Best Detection: 92 mmHg (confidence: 0.260)
Top 10 readings:
  Rank  Pressure    Confidence  
  ------------------------------
  1     92          0.260
  2     91          0.126
  3     87          0.126
  4     87          0.050
  5     125         0.010

Detector: BL_W120_T2.4_D30
Best Detection: 92 mmHg (confidence: 0.260)
Top 10 readings:
  Rank  Pressure    Confidence  
  ------------------------------
  1     92          0.260
  2     91          0.126
  3     87          0.126
  4     87          0.050
  5     125         0.010

Detector: BL_W120_T2.4_D40
Best Detection: 91 mmHg (confidence: 0.208)
Top 10 readings:
  Rank  Pressure    Confidence  
  ------------------------------
  1     91          0.208
  2     91          0.126
  3     87          0.126
  4     87          0.050

Detector: BL_W120_T2.6_D2
Best Detection: 95 mmHg (confidence: 0.340)
Top 10 readings:
  Rank  Pressure    Confidence  
  ------------------------------
  1     95          0.340
  2     92          0.260
  3     91          0.126
  4     87          0.126
  5     86          0.050
  6     125         0.010

Detector: BL_W120_T2.6_D4
Best Detection: 95 mmHg (confidence: 0.340)
Top 10 readings:
  Rank  Pressure    Confidence  
  ------------------------------
  1     95          0.340
  2     92          0.260
  3     91          0.126
  4     87          0.126
  5     86          0.050
  6     125         0.010

Detector: BL_W120_T2.6_D6
Best Detection: 96 mmHg (confidence: 0.340)
Top 10 readings:
  Rank  Pressure    Confidence  
  ------------------------------
  1     96          0.340
  2     92          0.260
  3     91          0.126
  4     87          0.126
  5     86          0.050
  6     125         0.010

Detector: BL_W120_T2.6_D8
Best Detection: 95 mmHg (confidence: 0.340)
Top 10 readings:
  Rank  Pressure    Confidence  
  ------------------------------
  1     95          0.340
  2     92          0.260
  3     91          0.126
  4     87          0.126
  5     86          0.050
  6     125         0.010

Detector: BL_W120_T2.6_D10
Best Detection: 95 mmHg (confidence: 0.340)
Top 10 readings:
  Rank  Pressure    Confidence  
  ------------------------------
  1     95          0.340
  2     92          0.260
  3     91          0.126
  4     87          0.126
  5     86          0.050
  6     125         0.010

Detector: BL_W120_T2.6_D15
Best Detection: 95 mmHg (confidence: 0.340)
Top 10 readings:
  Rank  Pressure    Confidence  
  ------------------------------
  1     95          0.340
  2     92          0.260
  3     91          0.126
  4     87          0.126
  5     86          0.050
  6     125         0.010
  7     121         0.010

Detector: BL_W120_T2.6_D20
Best Detection: 92 mmHg (confidence: 0.260)
Top 10 readings:
  Rank  Pressure    Confidence  
  ------------------------------
  1     92          0.260
  2     91          0.126
  3     87          0.126
  4     86          0.050
  5     125         0.010
  6     121         0.010

Detector: BL_W120_T2.6_D25
Best Detection: 92 mmHg (confidence: 0.208)
Top 10 readings:
  Rank  Pressure    Confidence  
  ------------------------------
  1     92          0.208
  2     91          0.126
  3     87          0.126
  4     86          0.050
  5     125         0.010

Detector: BL_W120_T2.6_D30
Best Detection: 92 mmHg (confidence: 0.208)
Top 10 readings:
  Rank  Pressure    Confidence  
  ------------------------------
  1     92          0.208
  2     91          0.126
  3     87          0.126
  4     86          0.050
  5     125         0.010

Detector: BL_W120_T2.6_D40
Best Detection: 91 mmHg (confidence: 0.208)
Top 10 readings:
  Rank  Pressure    Confidence  
  ------------------------------
  1     91          0.208
  2     91          0.126
  3     87          0.126
  4     86          0.050

Detector: BL_W120_T2.8_D2
Best Detection: 95 mmHg (confidence: 0.340)
Top 10 readings:
  Rank  Pressure    Confidence  
  ------------------------------
  1     95          0.340
  2     92          0.260
  3     91          0.126
  4     86          0.050
  5     125         0.010

Detector: BL_W120_T2.8_D4
Best Detection: 95 mmHg (confidence: 0.340)
Top 10 readings:
  Rank  Pressure    Confidence  
  ------------------------------
  1     95          0.340
  2     92          0.260
  3     91          0.126
  4     86          0.050
  5     125         0.010

Detector: BL_W120_T2.8_D6
Best Detection: 96 mmHg (confidence: 0.340)
Top 10 readings:
  Rank  Pressure    Confidence  
  ------------------------------
  1     96          0.340
  2     92          0.260
  3     91          0.126
  4     86          0.050
  5     125         0.010

Detector: BL_W120_T2.8_D8
Best Detection: 95 mmHg (confidence: 0.340)
Top 10 readings:
  Rank  Pressure    Confidence  
  ------------------------------
  1     95          0.340
  2     92          0.260
  3     91          0.126
  4     86          0.050
  5     125         0.010

Detector: BL_W120_T2.8_D10
Best Detection: 95 mmHg (confidence: 0.340)
Top 10 readings:
  Rank  Pressure    Confidence  
  ------------------------------
  1     95          0.340
  2     92          0.260
  3     91          0.126
  4     86          0.050
  5     125         0.010

Detector: BL_W120_T2.8_D15
Best Detection: 95 mmHg (confidence: 0.340)
Top 10 readings:
  Rank  Pressure    Confidence  
  ------------------------------
  1     95          0.340
  2     92          0.260
  3     91          0.126
  4     86          0.050
  5     125         0.010
  6     121         0.010

Detector: BL_W120_T2.8_D20
Best Detection: 92 mmHg (confidence: 0.260)
Top 10 readings:
  Rank  Pressure    Confidence  
  ------------------------------
  1     92          0.260
  2     91          0.126
  3     86          0.050
  4     125         0.010
  5     121         0.010

Detector: BL_W120_T2.8_D25
Best Detection: 92 mmHg (confidence: 0.208)
Top 10 readings:
  Rank  Pressure    Confidence  
  ------------------------------
  1     92          0.208
  2     91          0.126
  3     86          0.050
  4     125         0.010

Detector: BL_W120_T2.8_D30
Best Detection: 92 mmHg (confidence: 0.208)
Top 10 readings:
  Rank  Pressure    Confidence  
  ------------------------------
  1     92          0.208
  2     91          0.126
  3     86          0.050
  4     125         0.010

Detector: BL_W120_T2.8_D40
Best Detection: 91 mmHg (confidence: 0.208)
Top 10 readings:
  Rank  Pressure    Confidence  
  ------------------------------
  1     91          0.208
  2     91          0.126
  3     86          0.050

Detector: BL_W120_T3.0_D2
Best Detection: 92 mmHg (confidence: 0.126)
Top 10 readings:
  Rank  Pressure    Confidence  
  ------------------------------
  1     92          0.126
  2     91          0.050

Detector: BL_W120_T3.0_D4
Best Detection: 92 mmHg (confidence: 0.126)
Top 10 readings:
  Rank  Pressure    Confidence  
  ------------------------------
  1     92          0.126
  2     91          0.050

Detector: BL_W120_T3.0_D6
Best Detection: 96 mmHg (confidence: 0.260)
Top 10 readings:
  Rank  Pressure    Confidence  
  ------------------------------
  1     96          0.260
  2     92          0.126
  3     91          0.050

Detector: BL_W120_T3.0_D8
Best Detection: 95 mmHg (confidence: 0.260)
Top 10 readings:
  Rank  Pressure    Confidence  
  ------------------------------
  1     95          0.260
  2     92          0.126
  3     91          0.050

Detector: BL_W120_T3.0_D10
Best Detection: 95 mmHg (confidence: 0.260)
Top 10 readings:
  Rank  Pressure    Confidence  
  ------------------------------
  1     95          0.260
  2     92          0.126
  3     91          0.050

Detector: BL_W120_T3.0_D15
Best Detection: 95 mmHg (confidence: 0.260)
Top 10 readings:
  Rank  Pressure    Confidence  
  ------------------------------
  1     95          0.260
  2     92          0.126
  3     91          0.050
  4     125         0.010
  5     121         0.010

Detector: BL_W120_T3.0_D20
Best Detection: 92 mmHg (confidence: 0.126)
Top 10 readings:
  Rank  Pressure    Confidence  
  ------------------------------
  1     92          0.126
  2     91          0.050
  3     125         0.010
  4     121         0.010

Detector: BL_W120_T3.0_D25
Best Detection: 92 mmHg (confidence: 0.126)
Top 10 readings:
  Rank  Pressure    Confidence  
  ------------------------------
  1     92          0.126
  2     91          0.050
  3     125         0.010

Detector: BL_W120_T3.0_D30
Best Detection: 92 mmHg (confidence: 0.126)
Top 10 readings:
  Rank  Pressure    Confidence  
  ------------------------------
  1     92          0.126
  2     91          0.050
  3     125         0.010

Detector: BL_W120_T3.0_D40
Best Detection: 91 mmHg (confidence: 0.126)
Top 10 readings:
  Rank  Pressure    Confidence  
  ------------------------------
  1     91          0.126
  2     91          0.050

Detector: BL_W120_T3.2_D2
Best Detection: 92 mmHg (confidence: 0.126)
Top 10 readings:
  Rank  Pressure    Confidence  
  ------------------------------
  1     92          0.126
  2     91          0.050

Detector: BL_W120_T3.2_D4
Best Detection: 92 mmHg (confidence: 0.126)
Top 10 readings:
  Rank  Pressure    Confidence  
  ------------------------------
  1     92          0.126
  2     91          0.050

Detector: BL_W120_T3.2_D6
Best Detection: 96 mmHg (confidence: 0.260)
Top 10 readings:
  Rank  Pressure    Confidence  
  ------------------------------
  1     96          0.260
  2     92          0.126
  3     91          0.050

Detector: BL_W120_T3.2_D8
Best Detection: 95 mmHg (confidence: 0.260)
Top 10 readings:
  Rank  Pressure    Confidence  
  ------------------------------
  1     95          0.260
  2     92          0.126
  3     91          0.050

Detector: BL_W120_T3.2_D10
Best Detection: 95 mmHg (confidence: 0.260)
Top 10 readings:
  Rank  Pressure    Confidence  
  ------------------------------
  1     95          0.260
  2     92          0.126
  3     91          0.050

Detector: BL_W120_T3.2_D15
Best Detection: 95 mmHg (confidence: 0.260)
Top 10 readings:
  Rank  Pressure    Confidence  
  ------------------------------
  1     95          0.260
  2     92          0.126
  3     91          0.050
  4     125         0.010
  5     121         0.010

Detector: BL_W120_T3.2_D20
Best Detection: 92 mmHg (confidence: 0.126)
Top 10 readings:
  Rank  Pressure    Confidence  
  ------------------------------
  1     92          0.126
  2     91          0.050
  3     125         0.010
  4     121         0.010

Detector: BL_W120_T3.2_D25
Best Detection: 92 mmHg (confidence: 0.126)
Top 10 readings:
  Rank  Pressure    Confidence  
  ------------------------------
  1     92          0.126
  2     91          0.050
  3     125         0.010

Detector: BL_W120_T3.2_D30
Best Detection: 92 mmHg (confidence: 0.126)
Top 10 readings:
  Rank  Pressure    Confidence  
  ------------------------------
  1     92          0.126
  2     91          0.050
  3     125         0.010

Detector: BL_W120_T3.2_D40
Best Detection: 91 mmHg (confidence: 0.126)
Top 10 readings:
  Rank  Pressure    Confidence  
  ------------------------------
  1     91          0.126
  2     91          0.050

Detector: BL_W120_T3.5_D2
Best Detection: 92 mmHg (confidence: 0.126)
Top 10 readings:
  Rank  Pressure    Confidence  
  ------------------------------
  1     92          0.126
  2     91          0.050

Detector: BL_W120_T3.5_D4
Best Detection: 92 mmHg (confidence: 0.126)
Top 10 readings:
  Rank  Pressure    Confidence  
  ------------------------------
  1     92          0.126
  2     91          0.050

Detector: BL_W120_T3.5_D6
Best Detection: 96 mmHg (confidence: 0.260)
Top 10 readings:
  Rank  Pressure    Confidence  
  ------------------------------
  1     96          0.260
  2     92          0.126
  3     91          0.050

Detector: BL_W120_T3.5_D8
Best Detection: 95 mmHg (confidence: 0.260)
Top 10 readings:
  Rank  Pressure    Confidence  
  ------------------------------
  1     95          0.260
  2     92          0.126
  3     91          0.050

Detector: BL_W120_T3.5_D10
Best Detection: 95 mmHg (confidence: 0.260)
Top 10 readings:
  Rank  Pressure    Confidence  
  ------------------------------
  1     95          0.260
  2     92          0.126
  3     91          0.050

Detector: BL_W120_T3.5_D15
Best Detection: 95 mmHg (confidence: 0.260)
Top 10 readings:
  Rank  Pressure    Confidence  
  ------------------------------
  1     95          0.260
  2     92          0.126
  3     91          0.050
  4     125         0.010
  5     121         0.010

Detector: BL_W120_T3.5_D20
Best Detection: 92 mmHg (confidence: 0.126)
Top 10 readings:
  Rank  Pressure    Confidence  
  ------------------------------
  1     92          0.126
  2     91          0.050
  3     125         0.010
  4     121         0.010

Detector: BL_W120_T3.5_D25
Best Detection: 92 mmHg (confidence: 0.126)
Top 10 readings:
  Rank  Pressure    Confidence  
  ------------------------------
  1     92          0.126
  2     91          0.050
  3     125         0.010

Detector: BL_W120_T3.5_D30
Best Detection: 92 mmHg (confidence: 0.126)
Top 10 readings:
  Rank  Pressure    Confidence  
  ------------------------------
  1     92          0.126
  2     91          0.050
  3     125         0.010

Detector: BL_W120_T3.5_D40
Best Detection: 91 mmHg (confidence: 0.126)
Top 10 readings:
  Rank  Pressure    Confidence  
  ------------------------------
  1     91          0.126
  2     91          0.050

Detector: BL_W120_T3.8_D2
Best Detection: 92 mmHg (confidence: 0.126)
Top 10 readings:
  Rank  Pressure    Confidence  
  ------------------------------
  1     92          0.126
  2     91          0.050

Detector: BL_W120_T3.8_D4
Best Detection: 92 mmHg (confidence: 0.126)
Top 10 readings:
  Rank  Pressure    Confidence  
  ------------------------------
  1     92          0.126
  2     91          0.050

Detector: BL_W120_T3.8_D6
Best Detection: 96 mmHg (confidence: 0.260)
Top 10 readings:
  Rank  Pressure    Confidence  
  ------------------------------
  1     96          0.260
  2     92          0.126
  3     91          0.050

Detector: BL_W120_T3.8_D8
Best Detection: 95 mmHg (confidence: 0.260)
Top 10 readings:
  Rank  Pressure    Confidence  
  ------------------------------
  1     95          0.260
  2     92          0.126
  3     91          0.050

Detector: BL_W120_T3.8_D10
Best Detection: 95 mmHg (confidence: 0.260)
Top 10 readings:
  Rank  Pressure    Confidence  
  ------------------------------
  1     95          0.260
  2     92          0.126
  3     91          0.050

Detector: BL_W120_T3.8_D15
Best Detection: 95 mmHg (confidence: 0.260)
Top 10 readings:
  Rank  Pressure    Confidence  
  ------------------------------
  1     95          0.260
  2     92          0.126
  3     91          0.050
  4     125         0.010
  5     121         0.010

Detector: BL_W120_T3.8_D20
Best Detection: 92 mmHg (confidence: 0.126)
Top 10 readings:
  Rank  Pressure    Confidence  
  ------------------------------
  1     92          0.126
  2     91          0.050
  3     125         0.010
  4     121         0.010

Detector: BL_W120_T3.8_D25
Best Detection: 92 mmHg (confidence: 0.126)
Top 10 readings:
  Rank  Pressure    Confidence  
  ------------------------------
  1     92          0.126
  2     91          0.050
  3     125         0.010

Detector: BL_W120_T3.8_D30
Best Detection: 92 mmHg (confidence: 0.126)
Top 10 readings:
  Rank  Pressure    Confidence  
  ------------------------------
  1     92          0.126
  2     91          0.050
  3     125         0.010

Detector: BL_W120_T3.8_D40
Best Detection: 91 mmHg (confidence: 0.126)
Top 10 readings:
  Rank  Pressure    Confidence  
  ------------------------------
  1     91          0.126
  2     91          0.050

Detector: BL_W120_T4.0_D2
Best Detection: 92 mmHg (confidence: 0.126)
Top 10 readings:
  Rank  Pressure    Confidence  
  ------------------------------
  1     92          0.126
  2     91          0.050

Detector: BL_W120_T4.0_D4
Best Detection: 92 mmHg (confidence: 0.126)
Top 10 readings:
  Rank  Pressure    Confidence  
  ------------------------------
  1     92          0.126
  2     91          0.050

Detector: BL_W120_T4.0_D6
Best Detection: 96 mmHg (confidence: 0.260)
Top 10 readings:
  Rank  Pressure    Confidence  
  ------------------------------
  1     96          0.260
  2     92          0.126
  3     91          0.050

Detector: BL_W120_T4.0_D8
Best Detection: 95 mmHg (confidence: 0.260)
Top 10 readings:
  Rank  Pressure    Confidence  
  ------------------------------
  1     95          0.260
  2     92          0.126
  3     91          0.050

Detector: BL_W120_T4.0_D10
Best Detection: 95 mmHg (confidence: 0.260)
Top 10 readings:
  Rank  Pressure    Confidence  
  ------------------------------
  1     95          0.260
  2     92          0.126
  3     91          0.050

Detector: BL_W120_T4.0_D15
Best Detection: 95 mmHg (confidence: 0.260)
Top 10 readings:
  Rank  Pressure    Confidence  
  ------------------------------
  1     95          0.260
  2     92          0.126
  3     91          0.050
  4     125         0.010
  5     121         0.010

Detector: BL_W120_T4.0_D20
Best Detection: 92 mmHg (confidence: 0.126)
Top 10 readings:
  Rank  Pressure    Confidence  
  ------------------------------
  1     92          0.126
  2     91          0.050
  3     125         0.010
  4     121         0.010

Detector: BL_W120_T4.0_D25
Best Detection: 92 mmHg (confidence: 0.126)
Top 10 readings:
  Rank  Pressure    Confidence  
  ------------------------------
  1     92          0.126
  2     91          0.050
  3     125         0.010

Detector: BL_W120_T4.0_D30
Best Detection: 92 mmHg (confidence: 0.126)
Top 10 readings:
  Rank  Pressure    Confidence  
  ------------------------------
  1     92          0.126
  2     91          0.050
  3     125         0.010

Detector: BL_W120_T4.0_D40
Best Detection: 91 mmHg (confidence: 0.126)
Top 10 readings:
  Rank  Pressure    Confidence  
  ------------------------------
  1     91          0.126
  2     91          0.050

Detector: BL_W120_T4.2_D2
Best Detection: 92 mmHg (confidence: 0.126)
Top 10 readings:
  Rank  Pressure    Confidence  
  ------------------------------
  1     92          0.126
  2     91          0.050

Detector: BL_W120_T4.2_D4
Best Detection: 92 mmHg (confidence: 0.126)
Top 10 readings:
  Rank  Pressure    Confidence  
  ------------------------------
  1     92          0.126
  2     91          0.050

Detector: BL_W120_T4.2_D6
Best Detection: 96 mmHg (confidence: 0.260)
Top 10 readings:
  Rank  Pressure    Confidence  
  ------------------------------
  1     96          0.260
  2     92          0.126
  3     91          0.050

Detector: BL_W120_T4.2_D8
Best Detection: 95 mmHg (confidence: 0.260)
Top 10 readings:
  Rank  Pressure    Confidence  
  ------------------------------
  1     95          0.260
  2     92          0.126
  3     91          0.050

Detector: BL_W120_T4.2_D10
Best Detection: 95 mmHg (confidence: 0.260)
Top 10 readings:
  Rank  Pressure    Confidence  
  ------------------------------
  1     95          0.260
  2     92          0.126
  3     91          0.050

Detector: BL_W120_T4.2_D15
Best Detection: 95 mmHg (confidence: 0.260)
Top 10 readings:
  Rank  Pressure    Confidence  
  ------------------------------
  1     95          0.260
  2     92          0.126
  3     91          0.050
  4     125         0.010
  5     121         0.010

Detector: BL_W120_T4.2_D20
Best Detection: 92 mmHg (confidence: 0.126)
Top 10 readings:
  Rank  Pressure    Confidence  
  ------------------------------
  1     92          0.126
  2     91          0.050
  3     125         0.010
  4     121         0.010

Detector: BL_W120_T4.2_D25
Best Detection: 92 mmHg (confidence: 0.126)
Top 10 readings:
  Rank  Pressure    Confidence  
  ------------------------------
  1     92          0.126
  2     91          0.050
  3     125         0.010

Detector: BL_W120_T4.2_D30
Best Detection: 92 mmHg (confidence: 0.126)
Top 10 readings:
  Rank  Pressure    Confidence  
  ------------------------------
  1     92          0.126
  2     91          0.050
  3     125         0.010

Detector: BL_W120_T4.2_D40
Best Detection: 91 mmHg (confidence: 0.126)
Top 10 readings:
  Rank  Pressure    Confidence  
  ------------------------------
  1     91          0.126
  2     91          0.050

Detector: BL_W120_T4.5_D2
Best Detection: 92 mmHg (confidence: 0.126)
Top 10 readings:
  Rank  Pressure    Confidence  
  ------------------------------
  1     92          0.126
  2     91          0.050

Detector: BL_W120_T4.5_D4
Best Detection: 92 mmHg (confidence: 0.126)
Top 10 readings:
  Rank  Pressure    Confidence  
  ------------------------------
  1     92          0.126
  2     91          0.050

Detector: BL_W120_T4.5_D6
Best Detection: 96 mmHg (confidence: 0.260)
Top 10 readings:
  Rank  Pressure    Confidence  
  ------------------------------
  1     96          0.260
  2     92          0.126
  3     91          0.050

Detector: BL_W120_T4.5_D8
Best Detection: 95 mmHg (confidence: 0.260)
Top 10 readings:
  Rank  Pressure    Confidence  
  ------------------------------
  1     95          0.260
  2     92          0.126
  3     91          0.050

Detector: BL_W120_T4.5_D10
Best Detection: 95 mmHg (confidence: 0.260)
Top 10 readings:
  Rank  Pressure    Confidence  
  ------------------------------
  1     95          0.260
  2     92          0.126
  3     91          0.050

Detector: BL_W120_T4.5_D15
Best Detection: 95 mmHg (confidence: 0.260)
Top 10 readings:
  Rank  Pressure    Confidence  
  ------------------------------
  1     95          0.260
  2     92          0.126
  3     91          0.050
  4     125         0.010
  5     121         0.010

Detector: BL_W120_T4.5_D20
Best Detection: 92 mmHg (confidence: 0.126)
Top 10 readings:
  Rank  Pressure    Confidence  
  ------------------------------
  1     92          0.126
  2     91          0.050
  3     125         0.010
  4     121         0.010

Detector: BL_W120_T4.5_D25
Best Detection: 92 mmHg (confidence: 0.126)
Top 10 readings:
  Rank  Pressure    Confidence  
  ------------------------------
  1     92          0.126
  2     91          0.050
  3     125         0.010

Detector: BL_W120_T4.5_D30
Best Detection: 92 mmHg (confidence: 0.126)
Top 10 readings:
  Rank  Pressure    Confidence  
  ------------------------------
  1     92          0.126
  2     91          0.050
  3     125         0.010

Detector: BL_W120_T4.5_D40
Best Detection: 91 mmHg (confidence: 0.126)
Top 10 readings:
  Rank  Pressure    Confidence  
  ------------------------------
  1     91          0.126
  2     91          0.050

Detector: BL_W120_T4.8_D2
Best Detection: 91 mmHg (confidence: 0.126)
Top 10 readings:
  Rank  Pressure    Confidence  
  ------------------------------
  1     91          0.126
  2     90          0.050

Detector: BL_W120_T4.8_D4
Best Detection: 91 mmHg (confidence: 0.126)
Top 10 readings:
  Rank  Pressure    Confidence  
  ------------------------------
  1     91          0.126
  2     90          0.050

Detector: BL_W120_T4.8_D6
Best Detection: 96 mmHg (confidence: 0.260)
Top 10 readings:
  Rank  Pressure    Confidence  
  ------------------------------
  1     96          0.260
  2     91          0.126
  3     90          0.050

Detector: BL_W120_T4.8_D8
Best Detection: 95 mmHg (confidence: 0.260)
Top 10 readings:
  Rank  Pressure    Confidence  
  ------------------------------
  1     95          0.260
  2     92          0.126
  3     90          0.050

Detector: BL_W120_T4.8_D10
Best Detection: 95 mmHg (confidence: 0.260)
Top 10 readings:
  Rank  Pressure    Confidence  
  ------------------------------
  1     95          0.260
  2     92          0.126
  3     90          0.050

Detector: BL_W120_T4.8_D15
Best Detection: 95 mmHg (confidence: 0.260)
Top 10 readings:
  Rank  Pressure    Confidence  
  ------------------------------
  1     95          0.260
  2     92          0.126
  3     91          0.050
  4     125         0.010
  5     121         0.010

Detector: BL_W120_T4.8_D20
Best Detection: 92 mmHg (confidence: 0.126)
Top 10 readings:
  Rank  Pressure    Confidence  
  ------------------------------
  1     92          0.126
  2     91          0.050
  3     125         0.010
  4     121         0.010

Detector: BL_W120_T4.8_D25
Best Detection: 92 mmHg (confidence: 0.126)
Top 10 readings:
  Rank  Pressure    Confidence  
  ------------------------------
  1     92          0.126
  2     91          0.050
  3     125         0.010

Detector: BL_W120_T4.8_D30
Best Detection: 92 mmHg (confidence: 0.126)
Top 10 readings:
  Rank  Pressure    Confidence  
  ------------------------------
  1     92          0.126
  2     91          0.050
  3     125         0.010

Detector: BL_W120_T4.8_D40
Best Detection: 91 mmHg (confidence: 0.126)
Top 10 readings:
  Rank  Pressure    Confidence  
  ------------------------------
  1     91          0.126
  2     91          0.050

Detector: BL_W120_T5.0_D2
Best Detection: 90 mmHg (confidence: 0.050)
Top 10 readings:
  Rank  Pressure    Confidence  
  ------------------------------
  1     90          0.050

Detector: BL_W120_T5.0_D4
Best Detection: 90 mmHg (confidence: 0.050)
Top 10 readings:
  Rank  Pressure    Confidence  
  ------------------------------
  1     90          0.050

Detector: BL_W120_T5.0_D6
Best Detection: 90 mmHg (confidence: 0.050)
Top 10 readings:
  Rank  Pressure    Confidence  
  ------------------------------
  1     90          0.050
  2     96          0.010

Detector: BL_W120_T5.0_D8
Best Detection: 95 mmHg (confidence: 0.260)
Top 10 readings:
  Rank  Pressure    Confidence  
  ------------------------------
  1     95          0.260
  2     92          0.126
  3     90          0.050

Detector: BL_W120_T5.0_D10
Best Detection: 95 mmHg (confidence: 0.260)
Top 10 readings:
  Rank  Pressure    Confidence  
  ------------------------------
  1     95          0.260
  2     92          0.126
  3     90          0.050

Detector: BL_W120_T5.0_D15
Best Detection: 95 mmHg (confidence: 0.260)
Top 10 readings:
  Rank  Pressure    Confidence  
  ------------------------------
  1     95          0.260
  2     92          0.126
  3     91          0.050
  4     125         0.010
  5     121         0.010

Detector: BL_W120_T5.0_D20
Best Detection: 92 mmHg (confidence: 0.126)
Top 10 readings:
  Rank  Pressure    Confidence  
  ------------------------------
  1     92          0.126
  2     91          0.050
  3     125         0.010
  4     121         0.010

Detector: BL_W120_T5.0_D25
Best Detection: 92 mmHg (confidence: 0.126)
Top 10 readings:
  Rank  Pressure    Confidence  
  ------------------------------
  1     92          0.126
  2     91          0.050
  3     125         0.010

Detector: BL_W120_T5.0_D30
Best Detection: 92 mmHg (confidence: 0.126)
Top 10 readings:
  Rank  Pressure    Confidence  
  ------------------------------
  1     92          0.126
  2     91          0.050
  3     125         0.010

Detector: BL_W120_T5.0_D40
Best Detection: 91 mmHg (confidence: 0.126)
Top 10 readings:
  Rank  Pressure    Confidence  
  ------------------------------
  1     91          0.126
  2     91          0.050

Detector: BL_W120_T5.5_D2
Best Detection: 90 mmHg (confidence: 0.050)
Top 10 readings:
  Rank  Pressure    Confidence  
  ------------------------------
  1     90          0.050

Detector: BL_W120_T5.5_D4
Best Detection: 90 mmHg (confidence: 0.050)
Top 10 readings:
  Rank  Pressure    Confidence  
  ------------------------------
  1     90          0.050

Detector: BL_W120_T5.5_D6
Best Detection: 90 mmHg (confidence: 0.050)
Top 10 readings:
  Rank  Pressure    Confidence  
  ------------------------------
  1     90          0.050
  2     96          0.010

Detector: BL_W120_T5.5_D8
Best Detection: 95 mmHg (confidence: 0.260)
Top 10 readings:
  Rank  Pressure    Confidence  
  ------------------------------
  1     95          0.260
  2     92          0.126
  3     90          0.050

Detector: BL_W120_T5.5_D10
Best Detection: 95 mmHg (confidence: 0.260)
Top 10 readings:
  Rank  Pressure    Confidence  
  ------------------------------
  1     95          0.260
  2     92          0.126
  3     90          0.050

Detector: BL_W120_T5.5_D15
Best Detection: 95 mmHg (confidence: 0.260)
Top 10 readings:
  Rank  Pressure    Confidence  
  ------------------------------
  1     95          0.260
  2     92          0.126
  3     91          0.050
  4     125         0.010
  5     121         0.010

Detector: BL_W120_T5.5_D20
Best Detection: 92 mmHg (confidence: 0.126)
Top 10 readings:
  Rank  Pressure    Confidence  
  ------------------------------
  1     92          0.126
  2     91          0.050
  3     125         0.010
  4     121         0.010

Detector: BL_W120_T5.5_D25
Best Detection: 92 mmHg (confidence: 0.126)
Top 10 readings:
  Rank  Pressure    Confidence  
  ------------------------------
  1     92          0.126
  2     91          0.050
  3     125         0.010

Detector: BL_W120_T5.5_D30
Best Detection: 92 mmHg (confidence: 0.126)
Top 10 readings:
  Rank  Pressure    Confidence  
  ------------------------------
  1     92          0.126
  2     91          0.050
  3     125         0.010

Detector: BL_W120_T5.5_D40
Best Detection: 91 mmHg (confidence: 0.126)
Top 10 readings:
  Rank  Pressure    Confidence  
  ------------------------------
  1     91          0.126
  2     91          0.050

Detector: BL_W120_T6.0_D2
Best Detection: 90 mmHg (confidence: 0.050)
Top 10 readings:
  Rank  Pressure    Confidence  
  ------------------------------
  1     90          0.050

Detector: BL_W120_T6.0_D4
Best Detection: 90 mmHg (confidence: 0.050)
Top 10 readings:
  Rank  Pressure    Confidence  
  ------------------------------
  1     90          0.050

Detector: BL_W120_T6.0_D6
Best Detection: 90 mmHg (confidence: 0.050)
Top 10 readings:
  Rank  Pressure    Confidence  
  ------------------------------
  1     90          0.050
  2     96          0.010

Detector: BL_W120_T6.0_D8
Best Detection: 95 mmHg (confidence: 0.260)
Top 10 readings:
  Rank  Pressure    Confidence  
  ------------------------------
  1     95          0.260
  2     92          0.126
  3     90          0.050

Detector: BL_W120_T6.0_D10
Best Detection: 95 mmHg (confidence: 0.260)
Top 10 readings:
  Rank  Pressure    Confidence  
  ------------------------------
  1     95          0.260
  2     92          0.126
  3     90          0.050

Detector: BL_W120_T6.0_D15
Best Detection: 95 mmHg (confidence: 0.260)
Top 10 readings:
  Rank  Pressure    Confidence  
  ------------------------------
  1     95          0.260
  2     92          0.126
  3     91          0.050
  4     125         0.010
  5     121         0.010

Detector: BL_W120_T6.0_D20
Best Detection: 92 mmHg (confidence: 0.126)
Top 10 readings:
  Rank  Pressure    Confidence  
  ------------------------------
  1     92          0.126
  2     91          0.050
  3     125         0.010
  4     121         0.010

Detector: BL_W120_T6.0_D25
Best Detection: 92 mmHg (confidence: 0.126)
Top 10 readings:
  Rank  Pressure    Confidence  
  ------------------------------
  1     92          0.126
  2     91          0.050
  3     125         0.010

Detector: BL_W120_T6.0_D30
Best Detection: 92 mmHg (confidence: 0.126)
Top 10 readings:
  Rank  Pressure    Confidence  
  ------------------------------
  1     92          0.126
  2     91          0.050
  3     125         0.010

Detector: BL_W120_T6.0_D40
Best Detection: 91 mmHg (confidence: 0.126)
Top 10 readings:
  Rank  Pressure    Confidence  
  ------------------------------
  1     91          0.126
  2     91          0.050

Detector: BL_W130_T1.8_D2
Best Detection: 95 mmHg (confidence: 0.340)
Top 10 readings:
  Rank  Pressure    Confidence  
  ------------------------------
  1     95          0.340
  2     92          0.260
  3     91          0.126
  4     87          0.126
  5     77          0.126
  6     75          0.050
  7     123         0.010
  8     87          0.010

Detector: BL_W130_T1.8_D4
Best Detection: 95 mmHg (confidence: 0.340)
Top 10 readings:
  Rank  Pressure    Confidence  
  ------------------------------
  1     95          0.340
  2     92          0.260
  3     91          0.126
  4     87          0.126
  5     77          0.126
  6     75          0.050
  7     123         0.010
  8     87          0.010

Detector: BL_W130_T1.8_D6
Best Detection: 95 mmHg (confidence: 0.340)
Top 10 readings:
  Rank  Pressure    Confidence  
  ------------------------------
  1     95          0.340
  2     92          0.260
  3     91          0.126
  4     87          0.126
  5     77          0.126
  6     75          0.050
  7     123         0.010
  8     87          0.010

Detector: BL_W130_T1.8_D8
Best Detection: 95 mmHg (confidence: 0.340)
Top 10 readings:
  Rank  Pressure    Confidence  
  ------------------------------
  1     95          0.340
  2     92          0.260
  3     91          0.126
  4     87          0.126
  5     77          0.126
  6     75          0.050
  7     123         0.010
  8     87          0.010

Detector: BL_W130_T1.8_D10
Best Detection: 95 mmHg (confidence: 0.340)
Top 10 readings:
  Rank  Pressure    Confidence  
  ------------------------------
  1     95          0.340
  2     92          0.260
  3     91          0.126
  4     87          0.126
  5     77          0.126
  6     75          0.050
  7     123         0.010
  8     87          0.010

Detector: BL_W130_T1.8_D15
Best Detection: 95 mmHg (confidence: 0.340)
Top 10 readings:
  Rank  Pressure    Confidence  
  ------------------------------
  1     95          0.340
  2     92          0.260
  3     91          0.126
  4     87          0.126
  5     77          0.126
  6     75          0.050
  7     123         0.010
  8     121         0.010
  9     87          0.010

Detector: BL_W130_T1.8_D20
Best Detection: 92 mmHg (confidence: 0.260)
Top 10 readings:
  Rank  Pressure    Confidence  
  ------------------------------
  1     92          0.260
  2     91          0.126
  3     87          0.126
  4     77          0.126
  5     75          0.050
  6     123         0.010
  7     87          0.010

Detector: BL_W130_T1.8_D25
Best Detection: 92 mmHg (confidence: 0.260)
Top 10 readings:
  Rank  Pressure    Confidence  
  ------------------------------
  1     92          0.260
  2     91          0.126
  3     87          0.126
  4     77          0.126
  5     75          0.050
  6     123         0.010
  7     87          0.010

Detector: BL_W130_T1.8_D30
Best Detection: 92 mmHg (confidence: 0.260)
Top 10 readings:
  Rank  Pressure    Confidence  
  ------------------------------
  1     92          0.260
  2     91          0.126
  3     87          0.126
  4     77          0.126
  5     75          0.050
  6     123         0.010
  7     87          0.010

Detector: BL_W130_T1.8_D40
Best Detection: 91 mmHg (confidence: 0.208)
Top 10 readings:
  Rank  Pressure    Confidence  
  ------------------------------
  1     91          0.208
  2     91          0.126
  3     87          0.126
  4     77          0.126
  5     75          0.050
  6     87          0.010

Detector: BL_W130_T2.0_D2
Best Detection: 92 mmHg (confidence: 0.260)
Top 10 readings:
  Rank  Pressure    Confidence  
  ------------------------------
  1     92          0.260
  2     91          0.126
  3     87          0.126
  4     77          0.126
  5     75          0.050
  6     123         0.010
  7     87          0.010

Detector: BL_W130_T2.0_D4
Best Detection: 92 mmHg (confidence: 0.260)
Top 10 readings:
  Rank  Pressure    Confidence  
  ------------------------------
  1     92          0.260
  2     91          0.126
  3     87          0.126
  4     77          0.126
  5     75          0.050
  6     123         0.010
  7     87          0.010

Detector: BL_W130_T2.0_D6
Best Detection: 92 mmHg (confidence: 0.260)
Top 10 readings:
  Rank  Pressure    Confidence  
  ------------------------------
  1     92          0.260
  2     91          0.126
  3     87          0.126
  4     77          0.126
  5     75          0.050
  6     123         0.010
  7     87          0.010

Detector: BL_W130_T2.0_D8
Best Detection: 94 mmHg (confidence: 0.340)
Top 10 readings:
  Rank  Pressure    Confidence  
  ------------------------------
  1     94          0.340
  2     92          0.260
  3     91          0.126
  4     87          0.126
  5     77          0.126
  6     75          0.050
  7     123         0.010
  8     87          0.010

Detector: BL_W130_T2.0_D10
Best Detection: 95 mmHg (confidence: 0.340)
Top 10 readings:
  Rank  Pressure    Confidence  
  ------------------------------
  1     95          0.340
  2     92          0.260
  3     91          0.126
  4     87          0.126
  5     77          0.126
  6     75          0.050
  7     123         0.010
  8     87          0.010

Detector: BL_W130_T2.0_D15
Best Detection: 95 mmHg (confidence: 0.340)
Top 10 readings:
  Rank  Pressure    Confidence  
  ------------------------------
  1     95          0.340
  2     92          0.260
  3     91          0.126
  4     87          0.126
  5     77          0.126
  6     75          0.050
  7     123         0.010
  8     121         0.010
  9     87          0.010

Detector: BL_W130_T2.0_D20
Best Detection: 92 mmHg (confidence: 0.260)
Top 10 readings:
  Rank  Pressure    Confidence  
  ------------------------------
  1     92          0.260
  2     91          0.126
  3     87          0.126
  4     77          0.126
  5     75          0.050
  6     123         0.010
  7     87          0.010

Detector: BL_W130_T2.0_D25
Best Detection: 92 mmHg (confidence: 0.260)
Top 10 readings:
  Rank  Pressure    Confidence  
  ------------------------------
  1     92          0.260
  2     91          0.126
  3     87          0.126
  4     77          0.126
  5     75          0.050
  6     123         0.010
  7     87          0.010

Detector: BL_W130_T2.0_D30
Best Detection: 92 mmHg (confidence: 0.260)
Top 10 readings:
  Rank  Pressure    Confidence  
  ------------------------------
  1     92          0.260
  2     91          0.126
  3     87          0.126
  4     77          0.126
  5     75          0.050
  6     123         0.010
  7     87          0.010

Detector: BL_W130_T2.0_D40
Best Detection: 91 mmHg (confidence: 0.208)
Top 10 readings:
  Rank  Pressure    Confidence  
  ------------------------------
  1     91          0.208
  2     91          0.126
  3     87          0.126
  4     77          0.126
  5     75          0.050
  6     87          0.010

Detector: BL_W130_T2.2_D2
Best Detection: 92 mmHg (confidence: 0.260)
Top 10 readings:
  Rank  Pressure    Confidence  
  ------------------------------
  1     92          0.260
  2     91          0.126
  3     87          0.126
  4     77          0.126
  5     75          0.050
  6     123         0.010
  7     87          0.010

Detector: BL_W130_T2.2_D4
Best Detection: 92 mmHg (confidence: 0.260)
Top 10 readings:
  Rank  Pressure    Confidence  
  ------------------------------
  1     92          0.260
  2     91          0.126
  3     87          0.126
  4     77          0.126
  5     75          0.050
  6     123         0.010
  7     87          0.010

Detector: BL_W130_T2.2_D6
Best Detection: 92 mmHg (confidence: 0.260)
Top 10 readings:
  Rank  Pressure    Confidence  
  ------------------------------
  1     92          0.260
  2     91          0.126
  3     87          0.126
  4     77          0.126
  5     75          0.050
  6     123         0.010
  7     87          0.010

Detector: BL_W130_T2.2_D8
Best Detection: 94 mmHg (confidence: 0.340)
Top 10 readings:
  Rank  Pressure    Confidence  
  ------------------------------
  1     94          0.340
  2     92          0.260
  3     91          0.126
  4     87          0.126
  5     77          0.126
  6     75          0.050
  7     123         0.010
  8     87          0.010

Detector: BL_W130_T2.2_D10
Best Detection: 95 mmHg (confidence: 0.340)
Top 10 readings:
  Rank  Pressure    Confidence  
  ------------------------------
  1     95          0.340
  2     92          0.260
  3     91          0.126
  4     87          0.126
  5     77          0.126
  6     75          0.050
  7     123         0.010
  8     87          0.010

Detector: BL_W130_T2.2_D15
Best Detection: 95 mmHg (confidence: 0.340)
Top 10 readings:
  Rank  Pressure    Confidence  
  ------------------------------
  1     95          0.340
  2     92          0.260
  3     91          0.126
  4     87          0.126
  5     77          0.126
  6     75          0.050
  7     123         0.010
  8     121         0.010
  9     87          0.010

Detector: BL_W130_T2.2_D20
Best Detection: 92 mmHg (confidence: 0.260)
Top 10 readings:
  Rank  Pressure    Confidence  
  ------------------------------
  1     92          0.260
  2     91          0.126
  3     87          0.126
  4     77          0.126
  5     75          0.050
  6     123         0.010
  7     87          0.010

Detector: BL_W130_T2.2_D25
Best Detection: 92 mmHg (confidence: 0.260)
Top 10 readings:
  Rank  Pressure    Confidence  
  ------------------------------
  1     92          0.260
  2     91          0.126
  3     87          0.126
  4     77          0.126
  5     75          0.050
  6     123         0.010
  7     87          0.010

Detector: BL_W130_T2.2_D30
Best Detection: 92 mmHg (confidence: 0.260)
Top 10 readings:
  Rank  Pressure    Confidence  
  ------------------------------
  1     92          0.260
  2     91          0.126
  3     87          0.126
  4     77          0.126
  5     75          0.050
  6     123         0.010
  7     87          0.010

Detector: BL_W130_T2.2_D40
Best Detection: 91 mmHg (confidence: 0.208)
Top 10 readings:
  Rank  Pressure    Confidence  
  ------------------------------
  1     91          0.208
  2     91          0.126
  3     87          0.126
  4     77          0.126
  5     75          0.050
  6     87          0.010

Detector: BL_W130_T2.4_D2
Best Detection: 92 mmHg (confidence: 0.260)
Top 10 readings:
  Rank  Pressure    Confidence  
  ------------------------------
  1     92          0.260
  2     91          0.126
  3     87          0.126
  4     87          0.050
  5     123         0.010

Detector: BL_W130_T2.4_D4
Best Detection: 92 mmHg (confidence: 0.260)
Top 10 readings:
  Rank  Pressure    Confidence  
  ------------------------------
  1     92          0.260
  2     91          0.126
  3     87          0.126
  4     87          0.050
  5     123         0.010

Detector: BL_W130_T2.4_D6
Best Detection: 92 mmHg (confidence: 0.260)
Top 10 readings:
  Rank  Pressure    Confidence  
  ------------------------------
  1     92          0.260
  2     91          0.126
  3     87          0.126
  4     87          0.050
  5     123         0.010

Detector: BL_W130_T2.4_D8
Best Detection: 94 mmHg (confidence: 0.340)
Top 10 readings:
  Rank  Pressure    Confidence  
  ------------------------------
  1     94          0.340
  2     92          0.260
  3     91          0.126
  4     87          0.126
  5     87          0.050
  6     123         0.010

Detector: BL_W130_T2.4_D10
Best Detection: 95 mmHg (confidence: 0.340)
Top 10 readings:
  Rank  Pressure    Confidence  
  ------------------------------
  1     95          0.340
  2     92          0.260
  3     91          0.126
  4     87          0.126
  5     87          0.050
  6     123         0.010

Detector: BL_W130_T2.4_D15
Best Detection: 95 mmHg (confidence: 0.340)
Top 10 readings:
  Rank  Pressure    Confidence  
  ------------------------------
  1     95          0.340
  2     92          0.260
  3     91          0.126
  4     87          0.126
  5     87          0.050
  6     123         0.010
  7     121         0.010

Detector: BL_W130_T2.4_D20
Best Detection: 92 mmHg (confidence: 0.260)
Top 10 readings:
  Rank  Pressure    Confidence  
  ------------------------------
  1     92          0.260
  2     91          0.126
  3     87          0.126
  4     87          0.050
  5     123         0.010

Detector: BL_W130_T2.4_D25
Best Detection: 92 mmHg (confidence: 0.260)
Top 10 readings:
  Rank  Pressure    Confidence  
  ------------------------------
  1     92          0.260
  2     91          0.126
  3     87          0.126
  4     87          0.050
  5     123         0.010

Detector: BL_W130_T2.4_D30
Best Detection: 92 mmHg (confidence: 0.260)
Top 10 readings:
  Rank  Pressure    Confidence  
  ------------------------------
  1     92          0.260
  2     91          0.126
  3     87          0.126
  4     87          0.050
  5     123         0.010

Detector: BL_W130_T2.4_D40
Best Detection: 91 mmHg (confidence: 0.208)
Top 10 readings:
  Rank  Pressure    Confidence  
  ------------------------------
  1     91          0.208
  2     91          0.126
  3     87          0.126
  4     87          0.050

Detector: BL_W130_T2.6_D2
Best Detection: 92 mmHg (confidence: 0.260)
Top 10 readings:
  Rank  Pressure    Confidence  
  ------------------------------
  1     92          0.260
  2     91          0.126
  3     87          0.126
  4     86          0.050
  5     123         0.010

Detector: BL_W130_T2.6_D4
Best Detection: 92 mmHg (confidence: 0.260)
Top 10 readings:
  Rank  Pressure    Confidence  
  ------------------------------
  1     92          0.260
  2     91          0.126
  3     87          0.126
  4     86          0.050
  5     123         0.010

Detector: BL_W130_T2.6_D6
Best Detection: 92 mmHg (confidence: 0.260)
Top 10 readings:
  Rank  Pressure    Confidence  
  ------------------------------
  1     92          0.260
  2     91          0.126
  3     87          0.126
  4     86          0.050
  5     123         0.010

Detector: BL_W130_T2.6_D8
Best Detection: 94 mmHg (confidence: 0.272)
Top 10 readings:
  Rank  Pressure    Confidence  
  ------------------------------
  1     94          0.272
  2     92          0.260
  3     91          0.126
  4     87          0.126
  5     86          0.050
  6     123         0.010

Detector: BL_W130_T2.6_D10
Best Detection: 95 mmHg (confidence: 0.340)
Top 10 readings:
  Rank  Pressure    Confidence  
  ------------------------------
  1     95          0.340
  2     92          0.260
  3     91          0.126
  4     87          0.126
  5     86          0.050
  6     123         0.010

Detector: BL_W130_T2.6_D15
Best Detection: 95 mmHg (confidence: 0.340)
Top 10 readings:
  Rank  Pressure    Confidence  
  ------------------------------
  1     95          0.340
  2     92          0.260
  3     91          0.126
  4     87          0.126
  5     86          0.050
  6     123         0.010
  7     121         0.010

Detector: BL_W130_T2.6_D20
Best Detection: 92 mmHg (confidence: 0.260)
Top 10 readings:
  Rank  Pressure    Confidence  
  ------------------------------
  1     92          0.260
  2     91          0.126
  3     87          0.126
  4     86          0.050
  5     123         0.010

Detector: BL_W130_T2.6_D25
Best Detection: 92 mmHg (confidence: 0.208)
Top 10 readings:
  Rank  Pressure    Confidence  
  ------------------------------
  1     92          0.208
  2     91          0.126
  3     87          0.126
  4     86          0.050
  5     123         0.010

Detector: BL_W130_T2.6_D30
Best Detection: 92 mmHg (confidence: 0.208)
Top 10 readings:
  Rank  Pressure    Confidence  
  ------------------------------
  1     92          0.208
  2     91          0.126
  3     87          0.126
  4     86          0.050
  5     123         0.010

Detector: BL_W130_T2.6_D40
Best Detection: 91 mmHg (confidence: 0.208)
Top 10 readings:
  Rank  Pressure    Confidence  
  ------------------------------
  1     91          0.208
  2     91          0.126
  3     87          0.126
  4     86          0.050

Detector: BL_W130_T2.8_D2
Best Detection: 92 mmHg (confidence: 0.260)
Top 10 readings:
  Rank  Pressure    Confidence  
  ------------------------------
  1     92          0.260
  2     91          0.126
  3     86          0.050

Detector: BL_W130_T2.8_D4
Best Detection: 92 mmHg (confidence: 0.260)
Top 10 readings:
  Rank  Pressure    Confidence  
  ------------------------------
  1     92          0.260
  2     91          0.126
  3     86          0.050

Detector: BL_W130_T2.8_D6
Best Detection: 92 mmHg (confidence: 0.260)
Top 10 readings:
  Rank  Pressure    Confidence  
  ------------------------------
  1     92          0.260
  2     91          0.126
  3     86          0.050

Detector: BL_W130_T2.8_D8
Best Detection: 94 mmHg (confidence: 0.272)
Top 10 readings:
  Rank  Pressure    Confidence  
  ------------------------------
  1     94          0.272
  2     92          0.260
  3     91          0.126
  4     86          0.050

Detector: BL_W130_T2.8_D10
Best Detection: 95 mmHg (confidence: 0.340)
Top 10 readings:
  Rank  Pressure    Confidence  
  ------------------------------
  1     95          0.340
  2     92          0.260
  3     91          0.126
  4     86          0.050

Detector: BL_W130_T2.8_D15
Best Detection: 95 mmHg (confidence: 0.340)
Top 10 readings:
  Rank  Pressure    Confidence  
  ------------------------------
  1     95          0.340
  2     92          0.260
  3     91          0.126
  4     86          0.050
  5     123         0.010
  6     121         0.010

Detector: BL_W130_T2.8_D20
Best Detection: 92 mmHg (confidence: 0.260)
Top 10 readings:
  Rank  Pressure    Confidence  
  ------------------------------
  1     92          0.260
  2     91          0.126
  3     86          0.050
  4     123         0.010

Detector: BL_W130_T2.8_D25
Best Detection: 92 mmHg (confidence: 0.208)
Top 10 readings:
  Rank  Pressure    Confidence  
  ------------------------------
  1     92          0.208
  2     91          0.126
  3     86          0.050
  4     123         0.010

Detector: BL_W130_T2.8_D30
Best Detection: 92 mmHg (confidence: 0.208)
Top 10 readings:
  Rank  Pressure    Confidence  
  ------------------------------
  1     92          0.208
  2     91          0.126
  3     86          0.050
  4     123         0.010

Detector: BL_W130_T2.8_D40
Best Detection: 91 mmHg (confidence: 0.208)
Top 10 readings:
  Rank  Pressure    Confidence  
  ------------------------------
  1     91          0.208
  2     91          0.126
  3     86          0.050

Detector: BL_W130_T3.0_D2
Best Detection: 92 mmHg (confidence: 0.260)
Top 10 readings:
  Rank  Pressure    Confidence  
  ------------------------------
  1     92          0.260
  2     91          0.126
  3     86          0.050

Detector: BL_W130_T3.0_D4
Best Detection: 92 mmHg (confidence: 0.260)
Top 10 readings:
  Rank  Pressure    Confidence  
  ------------------------------
  1     92          0.260
  2     91          0.126
  3     86          0.050

Detector: BL_W130_T3.0_D6
Best Detection: 92 mmHg (confidence: 0.260)
Top 10 readings:
  Rank  Pressure    Confidence  
  ------------------------------
  1     92          0.260
  2     91          0.126
  3     86          0.050

Detector: BL_W130_T3.0_D8
Best Detection: 94 mmHg (confidence: 0.272)
Top 10 readings:
  Rank  Pressure    Confidence  
  ------------------------------
  1     94          0.272
  2     92          0.260
  3     91          0.126
  4     86          0.050

Detector: BL_W130_T3.0_D10
Best Detection: 95 mmHg (confidence: 0.340)
Top 10 readings:
  Rank  Pressure    Confidence  
  ------------------------------
  1     95          0.340
  2     92          0.260
  3     91          0.126
  4     86          0.050

Detector: BL_W130_T3.0_D15
Best Detection: 95 mmHg (confidence: 0.340)
Top 10 readings:
  Rank  Pressure    Confidence  
  ------------------------------
  1     95          0.340
  2     92          0.260
  3     91          0.126
  4     86          0.050
  5     123         0.010
  6     121         0.010

Detector: BL_W130_T3.0_D20
Best Detection: 92 mmHg (confidence: 0.260)
Top 10 readings:
  Rank  Pressure    Confidence  
  ------------------------------
  1     92          0.260
  2     91          0.126
  3     86          0.050
  4     123         0.010

Detector: BL_W130_T3.0_D25
Best Detection: 92 mmHg (confidence: 0.208)
Top 10 readings:
  Rank  Pressure    Confidence  
  ------------------------------
  1     92          0.208
  2     91          0.126
  3     86          0.050
  4     123         0.010

Detector: BL_W130_T3.0_D30
Best Detection: 92 mmHg (confidence: 0.208)
Top 10 readings:
  Rank  Pressure    Confidence  
  ------------------------------
  1     92          0.208
  2     91          0.126
  3     86          0.050
  4     123         0.010

Detector: BL_W130_T3.0_D40
Best Detection: 91 mmHg (confidence: 0.208)
Top 10 readings:
  Rank  Pressure    Confidence  
  ------------------------------
  1     91          0.208
  2     91          0.126
  3     86          0.050

Detector: BL_W130_T3.2_D2
Best Detection: 92 mmHg (confidence: 0.126)
Top 10 readings:
  Rank  Pressure    Confidence  
  ------------------------------
  1     92          0.126
  2     91          0.050

Detector: BL_W130_T3.2_D4
Best Detection: 92 mmHg (confidence: 0.126)
Top 10 readings:
  Rank  Pressure    Confidence  
  ------------------------------
  1     92          0.126
  2     91          0.050

Detector: BL_W130_T3.2_D6
Best Detection: 92 mmHg (confidence: 0.126)
Top 10 readings:
  Rank  Pressure    Confidence  
  ------------------------------
  1     92          0.126
  2     91          0.050

Detector: BL_W130_T3.2_D8
Best Detection: 94 mmHg (confidence: 0.260)
Top 10 readings:
  Rank  Pressure    Confidence  
  ------------------------------
  1     94          0.260
  2     92          0.126
  3     91          0.050

Detector: BL_W130_T3.2_D10
Best Detection: 95 mmHg (confidence: 0.260)
Top 10 readings:
  Rank  Pressure    Confidence  
  ------------------------------
  1     95          0.260
  2     92          0.126
  3     91          0.050

Detector: BL_W130_T3.2_D15
Best Detection: 95 mmHg (confidence: 0.260)
Top 10 readings:
  Rank  Pressure    Confidence  
  ------------------------------
  1     95          0.260
  2     92          0.126
  3     91          0.050
  4     123         0.010
  5     121         0.010

Detector: BL_W130_T3.2_D20
Best Detection: 92 mmHg (confidence: 0.126)
Top 10 readings:
  Rank  Pressure    Confidence  
  ------------------------------
  1     92          0.126
  2     91          0.050
  3     123         0.010

Detector: BL_W130_T3.2_D25
Best Detection: 92 mmHg (confidence: 0.126)
Top 10 readings:
  Rank  Pressure    Confidence  
  ------------------------------
  1     92          0.126
  2     91          0.050
  3     123         0.010

Detector: BL_W130_T3.2_D30
Best Detection: 92 mmHg (confidence: 0.126)
Top 10 readings:
  Rank  Pressure    Confidence  
  ------------------------------
  1     92          0.126
  2     91          0.050
  3     123         0.010

Detector: BL_W130_T3.2_D40
Best Detection: 91 mmHg (confidence: 0.126)
Top 10 readings:
  Rank  Pressure    Confidence  
  ------------------------------
  1     91          0.126
  2     91          0.050

Detector: BL_W130_T3.5_D2
Best Detection: 92 mmHg (confidence: 0.126)
Top 10 readings:
  Rank  Pressure    Confidence  
  ------------------------------
  1     92          0.126
  2     91          0.050

Detector: BL_W130_T3.5_D4
Best Detection: 92 mmHg (confidence: 0.126)
Top 10 readings:
  Rank  Pressure    Confidence  
  ------------------------------
  1     92          0.126
  2     91          0.050

Detector: BL_W130_T3.5_D6
Best Detection: 92 mmHg (confidence: 0.126)
Top 10 readings:
  Rank  Pressure    Confidence  
  ------------------------------
  1     92          0.126
  2     91          0.050

Detector: BL_W130_T3.5_D8
Best Detection: 94 mmHg (confidence: 0.260)
Top 10 readings:
  Rank  Pressure    Confidence  
  ------------------------------
  1     94          0.260
  2     92          0.126
  3     91          0.050

Detector: BL_W130_T3.5_D10
Best Detection: 95 mmHg (confidence: 0.260)
Top 10 readings:
  Rank  Pressure    Confidence  
  ------------------------------
  1     95          0.260
  2     92          0.126
  3     91          0.050

Detector: BL_W130_T3.5_D15
Best Detection: 95 mmHg (confidence: 0.260)
Top 10 readings:
  Rank  Pressure    Confidence  
  ------------------------------
  1     95          0.260
  2     92          0.126
  3     91          0.050
  4     123         0.010
  5     121         0.010

Detector: BL_W130_T3.5_D20
Best Detection: 92 mmHg (confidence: 0.126)
Top 10 readings:
  Rank  Pressure    Confidence  
  ------------------------------
  1     92          0.126
  2     91          0.050
  3     123         0.010

Detector: BL_W130_T3.5_D25
Best Detection: 92 mmHg (confidence: 0.126)
Top 10 readings:
  Rank  Pressure    Confidence  
  ------------------------------
  1     92          0.126
  2     91          0.050
  3     123         0.010

Detector: BL_W130_T3.5_D30
Best Detection: 92 mmHg (confidence: 0.126)
Top 10 readings:
  Rank  Pressure    Confidence  
  ------------------------------
  1     92          0.126
  2     91          0.050
  3     123         0.010

Detector: BL_W130_T3.5_D40
Best Detection: 91 mmHg (confidence: 0.126)
Top 10 readings:
  Rank  Pressure    Confidence  
  ------------------------------
  1     91          0.126
  2     91          0.050

Detector: BL_W130_T3.8_D2
Best Detection: 92 mmHg (confidence: 0.126)
Top 10 readings:
  Rank  Pressure    Confidence  
  ------------------------------
  1     92          0.126
  2     91          0.050

Detector: BL_W130_T3.8_D4
Best Detection: 92 mmHg (confidence: 0.126)
Top 10 readings:
  Rank  Pressure    Confidence  
  ------------------------------
  1     92          0.126
  2     91          0.050

Detector: BL_W130_T3.8_D6
Best Detection: 92 mmHg (confidence: 0.126)
Top 10 readings:
  Rank  Pressure    Confidence  
  ------------------------------
  1     92          0.126
  2     91          0.050

Detector: BL_W130_T3.8_D8
Best Detection: 94 mmHg (confidence: 0.260)
Top 10 readings:
  Rank  Pressure    Confidence  
  ------------------------------
  1     94          0.260
  2     92          0.126
  3     91          0.050

Detector: BL_W130_T3.8_D10
Best Detection: 95 mmHg (confidence: 0.260)
Top 10 readings:
  Rank  Pressure    Confidence  
  ------------------------------
  1     95          0.260
  2     92          0.126
  3     91          0.050

Detector: BL_W130_T3.8_D15
Best Detection: 95 mmHg (confidence: 0.260)
Top 10 readings:
  Rank  Pressure    Confidence  
  ------------------------------
  1     95          0.260
  2     92          0.126
  3     91          0.050
  4     123         0.010
  5     121         0.010

Detector: BL_W130_T3.8_D20
Best Detection: 92 mmHg (confidence: 0.126)
Top 10 readings:
  Rank  Pressure    Confidence  
  ------------------------------
  1     92          0.126
  2     91          0.050
  3     123         0.010

Detector: BL_W130_T3.8_D25
Best Detection: 92 mmHg (confidence: 0.126)
Top 10 readings:
  Rank  Pressure    Confidence  
  ------------------------------
  1     92          0.126
  2     91          0.050
  3     123         0.010

Detector: BL_W130_T3.8_D30
Best Detection: 92 mmHg (confidence: 0.126)
Top 10 readings:
  Rank  Pressure    Confidence  
  ------------------------------
  1     92          0.126
  2     91          0.050
  3     123         0.010

Detector: BL_W130_T3.8_D40
Best Detection: 91 mmHg (confidence: 0.126)
Top 10 readings:
  Rank  Pressure    Confidence  
  ------------------------------
  1     91          0.126
  2     91          0.050

Detector: BL_W130_T4.0_D2
Best Detection: 92 mmHg (confidence: 0.126)
Top 10 readings:
  Rank  Pressure    Confidence  
  ------------------------------
  1     92          0.126
  2     91          0.050

Detector: BL_W130_T4.0_D4
Best Detection: 92 mmHg (confidence: 0.126)
Top 10 readings:
  Rank  Pressure    Confidence  
  ------------------------------
  1     92          0.126
  2     91          0.050

Detector: BL_W130_T4.0_D6
Best Detection: 92 mmHg (confidence: 0.126)
Top 10 readings:
  Rank  Pressure    Confidence  
  ------------------------------
  1     92          0.126
  2     91          0.050

Detector: BL_W130_T4.0_D8
Best Detection: 94 mmHg (confidence: 0.260)
Top 10 readings:
  Rank  Pressure    Confidence  
  ------------------------------
  1     94          0.260
  2     92          0.126
  3     91          0.050

Detector: BL_W130_T4.0_D10
Best Detection: 95 mmHg (confidence: 0.260)
Top 10 readings:
  Rank  Pressure    Confidence  
  ------------------------------
  1     95          0.260
  2     92          0.126
  3     91          0.050

Detector: BL_W130_T4.0_D15
Best Detection: 95 mmHg (confidence: 0.260)
Top 10 readings:
  Rank  Pressure    Confidence  
  ------------------------------
  1     95          0.260
  2     92          0.126
  3     91          0.050
  4     123         0.010
  5     121         0.010

Detector: BL_W130_T4.0_D20
Best Detection: 92 mmHg (confidence: 0.126)
Top 10 readings:
  Rank  Pressure    Confidence  
  ------------------------------
  1     92          0.126
  2     91          0.050
  3     123         0.010

Detector: BL_W130_T4.0_D25
Best Detection: 92 mmHg (confidence: 0.126)
Top 10 readings:
  Rank  Pressure    Confidence  
  ------------------------------
  1     92          0.126
  2     91          0.050
  3     123         0.010

Detector: BL_W130_T4.0_D30
Best Detection: 92 mmHg (confidence: 0.126)
Top 10 readings:
  Rank  Pressure    Confidence  
  ------------------------------
  1     92          0.126
  2     91          0.050
  3     123         0.010

Detector: BL_W130_T4.0_D40
Best Detection: 91 mmHg (confidence: 0.126)
Top 10 readings:
  Rank  Pressure    Confidence  
  ------------------------------
  1     91          0.126
  2     91          0.050

Detector: BL_W130_T4.2_D2
Best Detection: 92 mmHg (confidence: 0.126)
Top 10 readings:
  Rank  Pressure    Confidence  
  ------------------------------
  1     92          0.126
  2     91          0.050

Detector: BL_W130_T4.2_D4
Best Detection: 92 mmHg (confidence: 0.126)
Top 10 readings:
  Rank  Pressure    Confidence  
  ------------------------------
  1     92          0.126
  2     91          0.050

Detector: BL_W130_T4.2_D6
Best Detection: 92 mmHg (confidence: 0.126)
Top 10 readings:
  Rank  Pressure    Confidence  
  ------------------------------
  1     92          0.126
  2     91          0.050

Detector: BL_W130_T4.2_D8
Best Detection: 94 mmHg (confidence: 0.260)
Top 10 readings:
  Rank  Pressure    Confidence  
  ------------------------------
  1     94          0.260
  2     92          0.126
  3     91          0.050

Detector: BL_W130_T4.2_D10
Best Detection: 95 mmHg (confidence: 0.260)
Top 10 readings:
  Rank  Pressure    Confidence  
  ------------------------------
  1     95          0.260
  2     92          0.126
  3     91          0.050

Detector: BL_W130_T4.2_D15
Best Detection: 95 mmHg (confidence: 0.260)
Top 10 readings:
  Rank  Pressure    Confidence  
  ------------------------------
  1     95          0.260
  2     92          0.126
  3     91          0.050
  4     123         0.010
  5     121         0.010

Detector: BL_W130_T4.2_D20
Best Detection: 92 mmHg (confidence: 0.126)
Top 10 readings:
  Rank  Pressure    Confidence  
  ------------------------------
  1     92          0.126
  2     91          0.050
  3     123         0.010

Detector: BL_W130_T4.2_D25
Best Detection: 92 mmHg (confidence: 0.126)
Top 10 readings:
  Rank  Pressure    Confidence  
  ------------------------------
  1     92          0.126
  2     91          0.050
  3     123         0.010

Detector: BL_W130_T4.2_D30
Best Detection: 92 mmHg (confidence: 0.126)
Top 10 readings:
  Rank  Pressure    Confidence  
  ------------------------------
  1     92          0.126
  2     91          0.050
  3     123         0.010

Detector: BL_W130_T4.2_D40
Best Detection: 91 mmHg (confidence: 0.126)
Top 10 readings:
  Rank  Pressure    Confidence  
  ------------------------------
  1     91          0.126
  2     91          0.050

Detector: BL_W130_T4.5_D2
Best Detection: 92 mmHg (confidence: 0.126)
Top 10 readings:
  Rank  Pressure    Confidence  
  ------------------------------
  1     92          0.126
  2     91          0.050

Detector: BL_W130_T4.5_D4
Best Detection: 92 mmHg (confidence: 0.126)
Top 10 readings:
  Rank  Pressure    Confidence  
  ------------------------------
  1     92          0.126
  2     91          0.050

Detector: BL_W130_T4.5_D6
Best Detection: 92 mmHg (confidence: 0.126)
Top 10 readings:
  Rank  Pressure    Confidence  
  ------------------------------
  1     92          0.126
  2     91          0.050

Detector: BL_W130_T4.5_D8
Best Detection: 94 mmHg (confidence: 0.260)
Top 10 readings:
  Rank  Pressure    Confidence  
  ------------------------------
  1     94          0.260
  2     92          0.126
  3     91          0.050

Detector: BL_W130_T4.5_D10
Best Detection: 95 mmHg (confidence: 0.260)
Top 10 readings:
  Rank  Pressure    Confidence  
  ------------------------------
  1     95          0.260
  2     92          0.126
  3     91          0.050

Detector: BL_W130_T4.5_D15
Best Detection: 95 mmHg (confidence: 0.260)
Top 10 readings:
  Rank  Pressure    Confidence  
  ------------------------------
  1     95          0.260
  2     92          0.126
  3     91          0.050
  4     123         0.010
  5     121         0.010

Detector: BL_W130_T4.5_D20
Best Detection: 92 mmHg (confidence: 0.126)
Top 10 readings:
  Rank  Pressure    Confidence  
  ------------------------------
  1     92          0.126
  2     91          0.050
  3     123         0.010

Detector: BL_W130_T4.5_D25
Best Detection: 92 mmHg (confidence: 0.126)
Top 10 readings:
  Rank  Pressure    Confidence  
  ------------------------------
  1     92          0.126
  2     91          0.050
  3     123         0.010

Detector: BL_W130_T4.5_D30
Best Detection: 92 mmHg (confidence: 0.126)
Top 10 readings:
  Rank  Pressure    Confidence  
  ------------------------------
  1     92          0.126
  2     91          0.050
  3     123         0.010

Detector: BL_W130_T4.5_D40
Best Detection: 91 mmHg (confidence: 0.126)
Top 10 readings:
  Rank  Pressure    Confidence  
  ------------------------------
  1     91          0.126
  2     91          0.050

Detector: BL_W130_T4.8_D2
Best Detection: 92 mmHg (confidence: 0.126)
Top 10 readings:
  Rank  Pressure    Confidence  
  ------------------------------
  1     92          0.126
  2     91          0.050

Detector: BL_W130_T4.8_D4
Best Detection: 92 mmHg (confidence: 0.126)
Top 10 readings:
  Rank  Pressure    Confidence  
  ------------------------------
  1     92          0.126
  2     91          0.050

Detector: BL_W130_T4.8_D6
Best Detection: 92 mmHg (confidence: 0.126)
Top 10 readings:
  Rank  Pressure    Confidence  
  ------------------------------
  1     92          0.126
  2     91          0.050

Detector: BL_W130_T4.8_D8
Best Detection: 94 mmHg (confidence: 0.260)
Top 10 readings:
  Rank  Pressure    Confidence  
  ------------------------------
  1     94          0.260
  2     92          0.126
  3     91          0.050

Detector: BL_W130_T4.8_D10
Best Detection: 95 mmHg (confidence: 0.260)
Top 10 readings:
  Rank  Pressure    Confidence  
  ------------------------------
  1     95          0.260
  2     92          0.126
  3     91          0.050

Detector: BL_W130_T4.8_D15
Best Detection: 95 mmHg (confidence: 0.260)
Top 10 readings:
  Rank  Pressure    Confidence  
  ------------------------------
  1     95          0.260
  2     92          0.126
  3     91          0.050
  4     123         0.010
  5     121         0.010

Detector: BL_W130_T4.8_D20
Best Detection: 92 mmHg (confidence: 0.126)
Top 10 readings:
  Rank  Pressure    Confidence  
  ------------------------------
  1     92          0.126
  2     91          0.050
  3     123         0.010

Detector: BL_W130_T4.8_D25
Best Detection: 92 mmHg (confidence: 0.126)
Top 10 readings:
  Rank  Pressure    Confidence  
  ------------------------------
  1     92          0.126
  2     91          0.050
  3     123         0.010

Detector: BL_W130_T4.8_D30
Best Detection: 92 mmHg (confidence: 0.126)
Top 10 readings:
  Rank  Pressure    Confidence  
  ------------------------------
  1     92          0.126
  2     91          0.050
  3     123         0.010

Detector: BL_W130_T4.8_D40
Best Detection: 91 mmHg (confidence: 0.126)
Top 10 readings:
  Rank  Pressure    Confidence  
  ------------------------------
  1     91          0.126
  2     91          0.050

Detector: BL_W130_T5.0_D2
Best Detection: 91 mmHg (confidence: 0.126)
Top 10 readings:
  Rank  Pressure    Confidence  
  ------------------------------
  1     91          0.126
  2     90          0.050

Detector: BL_W130_T5.0_D4
Best Detection: 91 mmHg (confidence: 0.126)
Top 10 readings:
  Rank  Pressure    Confidence  
  ------------------------------
  1     91          0.126
  2     90          0.050

Detector: BL_W130_T5.0_D6
Best Detection: 91 mmHg (confidence: 0.126)
Top 10 readings:
  Rank  Pressure    Confidence  
  ------------------------------
  1     91          0.126
  2     90          0.050

Detector: BL_W130_T5.0_D8
Best Detection: 94 mmHg (confidence: 0.260)
Top 10 readings:
  Rank  Pressure    Confidence  
  ------------------------------
  1     94          0.260
  2     92          0.126
  3     90          0.050

Detector: BL_W130_T5.0_D10
Best Detection: 95 mmHg (confidence: 0.260)
Top 10 readings:
  Rank  Pressure    Confidence  
  ------------------------------
  1     95          0.260
  2     92          0.126
  3     90          0.050

Detector: BL_W130_T5.0_D15
Best Detection: 95 mmHg (confidence: 0.260)
Top 10 readings:
  Rank  Pressure    Confidence  
  ------------------------------
  1     95          0.260
  2     92          0.126
  3     91          0.050
  4     123         0.010
  5     121         0.010

Detector: BL_W130_T5.0_D20
Best Detection: 92 mmHg (confidence: 0.126)
Top 10 readings:
  Rank  Pressure    Confidence  
  ------------------------------
  1     92          0.126
  2     91          0.050
  3     123         0.010

Detector: BL_W130_T5.0_D25
Best Detection: 92 mmHg (confidence: 0.126)
Top 10 readings:
  Rank  Pressure    Confidence  
  ------------------------------
  1     92          0.126
  2     91          0.050
  3     123         0.010

Detector: BL_W130_T5.0_D30
Best Detection: 92 mmHg (confidence: 0.126)
Top 10 readings:
  Rank  Pressure    Confidence  
  ------------------------------
  1     92          0.126
  2     91          0.050
  3     123         0.010

Detector: BL_W130_T5.0_D40
Best Detection: 91 mmHg (confidence: 0.126)
Top 10 readings:
  Rank  Pressure    Confidence  
  ------------------------------
  1     91          0.126
  2     91          0.050

Detector: BL_W130_T5.5_D2
Best Detection: 90 mmHg (confidence: 0.050)
Top 10 readings:
  Rank  Pressure    Confidence  
  ------------------------------
  1     90          0.050

Detector: BL_W130_T5.5_D4
Best Detection: 90 mmHg (confidence: 0.050)
Top 10 readings:
  Rank  Pressure    Confidence  
  ------------------------------
  1     90          0.050

Detector: BL_W130_T5.5_D6
Best Detection: 90 mmHg (confidence: 0.050)
Top 10 readings:
  Rank  Pressure    Confidence  
  ------------------------------
  1     90          0.050

Detector: BL_W130_T5.5_D8
Best Detection: 94 mmHg (confidence: 0.260)
Top 10 readings:
  Rank  Pressure    Confidence  
  ------------------------------
  1     94          0.260
  2     92          0.126
  3     90          0.050

Detector: BL_W130_T5.5_D10
Best Detection: 95 mmHg (confidence: 0.260)
Top 10 readings:
  Rank  Pressure    Confidence  
  ------------------------------
  1     95          0.260
  2     92          0.126
  3     90          0.050

Detector: BL_W130_T5.5_D15
Best Detection: 95 mmHg (confidence: 0.260)
Top 10 readings:
  Rank  Pressure    Confidence  
  ------------------------------
  1     95          0.260
  2     92          0.126
  3     91          0.050
  4     123         0.010
  5     121         0.010

Detector: BL_W130_T5.5_D20
Best Detection: 92 mmHg (confidence: 0.126)
Top 10 readings:
  Rank  Pressure    Confidence  
  ------------------------------
  1     92          0.126
  2     91          0.050
  3     123         0.010

Detector: BL_W130_T5.5_D25
Best Detection: 92 mmHg (confidence: 0.126)
Top 10 readings:
  Rank  Pressure    Confidence  
  ------------------------------
  1     92          0.126
  2     91          0.050
  3     123         0.010

Detector: BL_W130_T5.5_D30
Best Detection: 92 mmHg (confidence: 0.126)
Top 10 readings:
  Rank  Pressure    Confidence  
  ------------------------------
  1     92          0.126
  2     91          0.050
  3     123         0.010

Detector: BL_W130_T5.5_D40
Best Detection: 91 mmHg (confidence: 0.126)
Top 10 readings:
  Rank  Pressure    Confidence  
  ------------------------------
  1     91          0.126
  2     91          0.050

Detector: BL_W130_T6.0_D2
Best Detection: 90 mmHg (confidence: 0.050)
Top 10 readings:
  Rank  Pressure    Confidence  
  ------------------------------
  1     90          0.050

Detector: BL_W130_T6.0_D4
Best Detection: 90 mmHg (confidence: 0.050)
Top 10 readings:
  Rank  Pressure    Confidence  
  ------------------------------
  1     90          0.050

Detector: BL_W130_T6.0_D6
Best Detection: 90 mmHg (confidence: 0.050)
Top 10 readings:
  Rank  Pressure    Confidence  
  ------------------------------
  1     90          0.050

Detector: BL_W130_T6.0_D8
Best Detection: 94 mmHg (confidence: 0.260)
Top 10 readings:
  Rank  Pressure    Confidence  
  ------------------------------
  1     94          0.260
  2     92          0.126
  3     90          0.050

Detector: BL_W130_T6.0_D10
Best Detection: 95 mmHg (confidence: 0.260)
Top 10 readings:
  Rank  Pressure    Confidence  
  ------------------------------
  1     95          0.260
  2     92          0.126
  3     90          0.050

Detector: BL_W130_T6.0_D15
Best Detection: 95 mmHg (confidence: 0.260)
Top 10 readings:
  Rank  Pressure    Confidence  
  ------------------------------
  1     95          0.260
  2     92          0.126
  3     91          0.050
  4     123         0.010
  5     121         0.010

Detector: BL_W130_T6.0_D20
Best Detection: 92 mmHg (confidence: 0.126)
Top 10 readings:
  Rank  Pressure    Confidence  
  ------------------------------
  1     92          0.126
  2     91          0.050
  3     123         0.010

Detector: BL_W130_T6.0_D25
Best Detection: 92 mmHg (confidence: 0.126)
Top 10 readings:
  Rank  Pressure    Confidence  
  ------------------------------
  1     92          0.126
  2     91          0.050
  3     123         0.010

Detector: BL_W130_T6.0_D30
Best Detection: 92 mmHg (confidence: 0.126)
Top 10 readings:
  Rank  Pressure    Confidence  
  ------------------------------
  1     92          0.126
  2     91          0.050
  3     123         0.010

Detector: BL_W130_T6.0_D40
Best Detection: 91 mmHg (confidence: 0.126)
Top 10 readings:
  Rank  Pressure    Confidence  
  ------------------------------
  1     91          0.126
  2     91          0.050

Detector: BL_W140_T1.8_D2
Best Detection: 92 mmHg (confidence: 0.260)
Top 10 readings:
  Rank  Pressure    Confidence  
  ------------------------------
  1     92          0.260
  2     91          0.126
  3     87          0.126
  4     77          0.126
  5     75          0.050
  6     87          0.010

Detector: BL_W140_T1.8_D4
Best Detection: 92 mmHg (confidence: 0.260)
Top 10 readings:
  Rank  Pressure    Confidence  
  ------------------------------
  1     92          0.260
  2     91          0.126
  3     87          0.126
  4     77          0.126
  5     75          0.050
  6     87          0.010

Detector: BL_W140_T1.8_D6
Best Detection: 92 mmHg (confidence: 0.260)
Top 10 readings:
  Rank  Pressure    Confidence  
  ------------------------------
  1     92          0.260
  2     91          0.126
  3     87          0.126
  4     77          0.126
  5     75          0.050
  6     87          0.010

Detector: BL_W140_T1.8_D8
Best Detection: 92 mmHg (confidence: 0.260)
Top 10 readings:
  Rank  Pressure    Confidence  
  ------------------------------
  1     92          0.260
  2     91          0.126
  3     87          0.126
  4     77          0.126
  5     75          0.050
  6     87          0.010

Detector: BL_W140_T1.8_D10
Best Detection: 95 mmHg (confidence: 0.340)
Top 10 readings:
  Rank  Pressure    Confidence  
  ------------------------------
  1     95          0.340
  2     92          0.260
  3     91          0.126
  4     87          0.126
  5     77          0.126
  6     75          0.050
  7     87          0.010

Detector: BL_W140_T1.8_D15
Best Detection: 92 mmHg (confidence: 0.260)
Top 10 readings:
  Rank  Pressure    Confidence  
  ------------------------------
  1     92          0.260
  2     91          0.126
  3     87          0.126
  4     77          0.126
  5     75          0.050
  6     101         0.010
  7     87          0.010

Detector: BL_W140_T1.8_D20
Best Detection: 92 mmHg (confidence: 0.260)
Top 10 readings:
  Rank  Pressure    Confidence  
  ------------------------------
  1     92          0.260
  2     91          0.126
  3     87          0.126
  4     77          0.126
  5     75          0.050
  6     87          0.010

Detector: BL_W140_T1.8_D25
Best Detection: 92 mmHg (confidence: 0.260)
Top 10 readings:
  Rank  Pressure    Confidence  
  ------------------------------
  1     92          0.260
  2     91          0.126
  3     87          0.126
  4     77          0.126
  5     75          0.050
  6     87          0.010

Detector: BL_W140_T1.8_D30
Best Detection: 92 mmHg (confidence: 0.260)
Top 10 readings:
  Rank  Pressure    Confidence  
  ------------------------------
  1     92          0.260
  2     91          0.126
  3     87          0.126
  4     77          0.126
  5     75          0.050
  6     87          0.010

Detector: BL_W140_T1.8_D40
Best Detection: 91 mmHg (confidence: 0.208)
Top 10 readings:
  Rank  Pressure    Confidence  
  ------------------------------
  1     91          0.208
  2     91          0.126
  3     87          0.126
  4     77          0.126
  5     75          0.050
  6     87          0.010

Detector: BL_W140_T2.0_D2
Best Detection: 92 mmHg (confidence: 0.260)
Top 10 readings:
  Rank  Pressure    Confidence  
  ------------------------------
  1     92          0.260
  2     91          0.126
  3     87          0.126
  4     77          0.126
  5     75          0.050
  6     87          0.010

Detector: BL_W140_T2.0_D4
Best Detection: 92 mmHg (confidence: 0.260)
Top 10 readings:
  Rank  Pressure    Confidence  
  ------------------------------
  1     92          0.260
  2     91          0.126
  3     87          0.126
  4     77          0.126
  5     75          0.050
  6     87          0.010

Detector: BL_W140_T2.0_D6
Best Detection: 92 mmHg (confidence: 0.260)
Top 10 readings:
  Rank  Pressure    Confidence  
  ------------------------------
  1     92          0.260
  2     91          0.126
  3     87          0.126
  4     77          0.126
  5     75          0.050
  6     87          0.010

Detector: BL_W140_T2.0_D8
Best Detection: 92 mmHg (confidence: 0.260)
Top 10 readings:
  Rank  Pressure    Confidence  
  ------------------------------
  1     92          0.260
  2     91          0.126
  3     87          0.126
  4     77          0.126
  5     75          0.050
  6     87          0.010

Detector: BL_W140_T2.0_D10
Best Detection: 95 mmHg (confidence: 0.340)
Top 10 readings:
  Rank  Pressure    Confidence  
  ------------------------------
  1     95          0.340
  2     92          0.260
  3     91          0.126
  4     87          0.126
  5     77          0.126
  6     75          0.050
  7     87          0.010

Detector: BL_W140_T2.0_D15
Best Detection: 92 mmHg (confidence: 0.260)
Top 10 readings:
  Rank  Pressure    Confidence  
  ------------------------------
  1     92          0.260
  2     91          0.126
  3     87          0.126
  4     77          0.126
  5     75          0.050
  6     101         0.010
  7     87          0.010

Detector: BL_W140_T2.0_D20
Best Detection: 92 mmHg (confidence: 0.260)
Top 10 readings:
  Rank  Pressure    Confidence  
  ------------------------------
  1     92          0.260
  2     91          0.126
  3     87          0.126
  4     77          0.126
  5     75          0.050
  6     87          0.010

Detector: BL_W140_T2.0_D25
Best Detection: 92 mmHg (confidence: 0.260)
Top 10 readings:
  Rank  Pressure    Confidence  
  ------------------------------
  1     92          0.260
  2     91          0.126
  3     87          0.126
  4     77          0.126
  5     75          0.050
  6     87          0.010

Detector: BL_W140_T2.0_D30
Best Detection: 92 mmHg (confidence: 0.260)
Top 10 readings:
  Rank  Pressure    Confidence  
  ------------------------------
  1     92          0.260
  2     91          0.126
  3     87          0.126
  4     77          0.126
  5     75          0.050
  6     87          0.010

Detector: BL_W140_T2.0_D40
Best Detection: 91 mmHg (confidence: 0.208)
Top 10 readings:
  Rank  Pressure    Confidence  
  ------------------------------
  1     91          0.208
  2     91          0.126
  3     87          0.126
  4     77          0.126
  5     75          0.050
  6     87          0.010

Detector: BL_W140_T2.2_D2
Best Detection: 92 mmHg (confidence: 0.260)
Top 10 readings:
  Rank  Pressure    Confidence  
  ------------------------------
  1     92          0.260
  2     91          0.126
  3     87          0.126
  4     77          0.126
  5     75          0.050
  6     87          0.010

Detector: BL_W140_T2.2_D4
Best Detection: 92 mmHg (confidence: 0.260)
Top 10 readings:
  Rank  Pressure    Confidence  
  ------------------------------
  1     92          0.260
  2     91          0.126
  3     87          0.126
  4     77          0.126
  5     75          0.050
  6     87          0.010

Detector: BL_W140_T2.2_D6
Best Detection: 92 mmHg (confidence: 0.260)
Top 10 readings:
  Rank  Pressure    Confidence  
  ------------------------------
  1     92          0.260
  2     91          0.126
  3     87          0.126
  4     77          0.126
  5     75          0.050
  6     87          0.010

Detector: BL_W140_T2.2_D8
Best Detection: 92 mmHg (confidence: 0.260)
Top 10 readings:
  Rank  Pressure    Confidence  
  ------------------------------
  1     92          0.260
  2     91          0.126
  3     87          0.126
  4     77          0.126
  5     75          0.050
  6     87          0.010

Detector: BL_W140_T2.2_D10
Best Detection: 95 mmHg (confidence: 0.340)
Top 10 readings:
  Rank  Pressure    Confidence  
  ------------------------------
  1     95          0.340
  2     92          0.260
  3     91          0.126
  4     87          0.126
  5     77          0.126
  6     75          0.050
  7     87          0.010

Detector: BL_W140_T2.2_D15
Best Detection: 92 mmHg (confidence: 0.260)
Top 10 readings:
  Rank  Pressure    Confidence  
  ------------------------------
  1     92          0.260
  2     91          0.126
  3     87          0.126
  4     77          0.126
  5     75          0.050
  6     101         0.010
  7     87          0.010

Detector: BL_W140_T2.2_D20
Best Detection: 92 mmHg (confidence: 0.260)
Top 10 readings:
  Rank  Pressure    Confidence  
  ------------------------------
  1     92          0.260
  2     91          0.126
  3     87          0.126
  4     77          0.126
  5     75          0.050
  6     87          0.010

Detector: BL_W140_T2.2_D25
Best Detection: 92 mmHg (confidence: 0.260)
Top 10 readings:
  Rank  Pressure    Confidence  
  ------------------------------
  1     92          0.260
  2     91          0.126
  3     87          0.126
  4     77          0.126
  5     75          0.050
  6     87          0.010

Detector: BL_W140_T2.2_D30
Best Detection: 92 mmHg (confidence: 0.260)
Top 10 readings:
  Rank  Pressure    Confidence  
  ------------------------------
  1     92          0.260
  2     91          0.126
  3     87          0.126
  4     77          0.126
  5     75          0.050
  6     87          0.010

Detector: BL_W140_T2.2_D40
Best Detection: 91 mmHg (confidence: 0.208)
Top 10 readings:
  Rank  Pressure    Confidence  
  ------------------------------
  1     91          0.208
  2     91          0.126
  3     87          0.126
  4     77          0.126
  5     75          0.050
  6     87          0.010

Detector: BL_W140_T2.4_D2
Best Detection: 92 mmHg (confidence: 0.260)
Top 10 readings:
  Rank  Pressure    Confidence  
  ------------------------------
  1     92          0.260
  2     91          0.126
  3     87          0.126
  4     75          0.050
  5     87          0.010

Detector: BL_W140_T2.4_D4
Best Detection: 92 mmHg (confidence: 0.260)
Top 10 readings:
  Rank  Pressure    Confidence  
  ------------------------------
  1     92          0.260
  2     91          0.126
  3     87          0.126
  4     75          0.050
  5     87          0.010

Detector: BL_W140_T2.4_D6
Best Detection: 92 mmHg (confidence: 0.260)
Top 10 readings:
  Rank  Pressure    Confidence  
  ------------------------------
  1     92          0.260
  2     91          0.126
  3     87          0.126
  4     75          0.050
  5     87          0.010

Detector: BL_W140_T2.4_D8
Best Detection: 92 mmHg (confidence: 0.260)
Top 10 readings:
  Rank  Pressure    Confidence  
  ------------------------------
  1     92          0.260
  2     91          0.126
  3     87          0.126
  4     75          0.050
  5     87          0.010

Detector: BL_W140_T2.4_D10
Best Detection: 95 mmHg (confidence: 0.340)
Top 10 readings:
  Rank  Pressure    Confidence  
  ------------------------------
  1     95          0.340
  2     92          0.260
  3     91          0.126
  4     87          0.126
  5     75          0.050
  6     87          0.010

Detector: BL_W140_T2.4_D15
Best Detection: 92 mmHg (confidence: 0.260)
Top 10 readings:
  Rank  Pressure    Confidence  
  ------------------------------
  1     92          0.260
  2     91          0.126
  3     87          0.126
  4     75          0.050
  5     101         0.010
  6     87          0.010

Detector: BL_W140_T2.4_D20
Best Detection: 92 mmHg (confidence: 0.260)
Top 10 readings:
  Rank  Pressure    Confidence  
  ------------------------------
  1     92          0.260
  2     91          0.126
  3     87          0.126
  4     75          0.050
  5     87          0.010

Detector: BL_W140_T2.4_D25
Best Detection: 92 mmHg (confidence: 0.260)
Top 10 readings:
  Rank  Pressure    Confidence  
  ------------------------------
  1     92          0.260
  2     91          0.126
  3     87          0.126
  4     75          0.050
  5     87          0.010

Detector: BL_W140_T2.4_D30
Best Detection: 92 mmHg (confidence: 0.260)
Top 10 readings:
  Rank  Pressure    Confidence  
  ------------------------------
  1     92          0.260
  2     91          0.126
  3     87          0.126
  4     75          0.050
  5     87          0.010

Detector: BL_W140_T2.4_D40
Best Detection: 91 mmHg (confidence: 0.208)
Top 10 readings:
  Rank  Pressure    Confidence  
  ------------------------------
  1     91          0.208
  2     91          0.126
  3     87          0.126
  4     75          0.050
  5     87          0.010

Detector: BL_W140_T2.6_D2
Best Detection: 92 mmHg (confidence: 0.260)
Top 10 readings:
  Rank  Pressure    Confidence  
  ------------------------------
  1     92          0.260
  2     91          0.126
  3     87          0.126
  4     87          0.050

Detector: BL_W140_T2.6_D4
Best Detection: 92 mmHg (confidence: 0.260)
Top 10 readings:
  Rank  Pressure    Confidence  
  ------------------------------
  1     92          0.260
  2     91          0.126
  3     87          0.126
  4     87          0.050

Detector: BL_W140_T2.6_D6
Best Detection: 92 mmHg (confidence: 0.260)
Top 10 readings:
  Rank  Pressure    Confidence  
  ------------------------------
  1     92          0.260
  2     91          0.126
  3     87          0.126
  4     87          0.050

Detector: BL_W140_T2.6_D8
Best Detection: 92 mmHg (confidence: 0.260)
Top 10 readings:
  Rank  Pressure    Confidence  
  ------------------------------
  1     92          0.260
  2     91          0.126
  3     87          0.126
  4     87          0.050

Detector: BL_W140_T2.6_D10
Best Detection: 95 mmHg (confidence: 0.340)
Top 10 readings:
  Rank  Pressure    Confidence  
  ------------------------------
  1     95          0.340
  2     92          0.260
  3     91          0.126
  4     87          0.126
  5     87          0.050

Detector: BL_W140_T2.6_D15
Best Detection: 92 mmHg (confidence: 0.260)
Top 10 readings:
  Rank  Pressure    Confidence  
  ------------------------------
  1     92          0.260
  2     91          0.126
  3     87          0.126
  4     87          0.050
  5     101         0.010

Detector: BL_W140_T2.6_D20
Best Detection: 92 mmHg (confidence: 0.260)
Top 10 readings:
  Rank  Pressure    Confidence  
  ------------------------------
  1     92          0.260
  2     91          0.126
  3     87          0.126
  4     87          0.050

Detector: BL_W140_T2.6_D25
Best Detection: 92 mmHg (confidence: 0.260)
Top 10 readings:
  Rank  Pressure    Confidence  
  ------------------------------
  1     92          0.260
  2     91          0.126
  3     87          0.126
  4     87          0.050

Detector: BL_W140_T2.6_D30
Best Detection: 92 mmHg (confidence: 0.260)
Top 10 readings:
  Rank  Pressure    Confidence  
  ------------------------------
  1     92          0.260
  2     91          0.126
  3     87          0.126
  4     87          0.050

Detector: BL_W140_T2.6_D40
Best Detection: 91 mmHg (confidence: 0.208)
Top 10 readings:
  Rank  Pressure    Confidence  
  ------------------------------
  1     91          0.208
  2     91          0.126
  3     87          0.126
  4     87          0.050

Detector: BL_W140_T2.8_D2
Best Detection: 92 mmHg (confidence: 0.208)
Top 10 readings:
  Rank  Pressure    Confidence  
  ------------------------------
  1     92          0.208
  2     91          0.126
  3     87          0.126
  4     86          0.050

Detector: BL_W140_T2.8_D4
Best Detection: 92 mmHg (confidence: 0.208)
Top 10 readings:
  Rank  Pressure    Confidence  
  ------------------------------
  1     92          0.208
  2     91          0.126
  3     87          0.126
  4     86          0.050

Detector: BL_W140_T2.8_D6
Best Detection: 92 mmHg (confidence: 0.208)
Top 10 readings:
  Rank  Pressure    Confidence  
  ------------------------------
  1     92          0.208
  2     91          0.126
  3     87          0.126
  4     86          0.050

Detector: BL_W140_T2.8_D8
Best Detection: 92 mmHg (confidence: 0.260)
Top 10 readings:
  Rank  Pressure    Confidence  
  ------------------------------
  1     92          0.260
  2     91          0.126
  3     87          0.126
  4     86          0.050

Detector: BL_W140_T2.8_D10
Best Detection: 95 mmHg (confidence: 0.340)
Top 10 readings:
  Rank  Pressure    Confidence  
  ------------------------------
  1     95          0.340
  2     92          0.260
  3     91          0.126
  4     87          0.126
  5     86          0.050

Detector: BL_W140_T2.8_D15
Best Detection: 92 mmHg (confidence: 0.260)
Top 10 readings:
  Rank  Pressure    Confidence  
  ------------------------------
  1     92          0.260
  2     91          0.126
  3     87          0.126
  4     86          0.050
  5     101         0.010

Detector: BL_W140_T2.8_D20
Best Detection: 92 mmHg (confidence: 0.260)
Top 10 readings:
  Rank  Pressure    Confidence  
  ------------------------------
  1     92          0.260
  2     91          0.126
  3     87          0.126
  4     86          0.050

Detector: BL_W140_T2.8_D25
Best Detection: 92 mmHg (confidence: 0.208)
Top 10 readings:
  Rank  Pressure    Confidence  
  ------------------------------
  1     92          0.208
  2     91          0.126
  3     87          0.126
  4     86          0.050

Detector: BL_W140_T2.8_D30
Best Detection: 92 mmHg (confidence: 0.208)
Top 10 readings:
  Rank  Pressure    Confidence  
  ------------------------------
  1     92          0.208
  2     91          0.126
  3     87          0.126
  4     86          0.050

Detector: BL_W140_T2.8_D40
Best Detection: 91 mmHg (confidence: 0.208)
Top 10 readings:
  Rank  Pressure    Confidence  
  ------------------------------
  1     91          0.208
  2     91          0.126
  3     87          0.126
  4     86          0.050

Detector: BL_W140_T3.0_D2
Best Detection: 92 mmHg (confidence: 0.208)
Top 10 readings:
  Rank  Pressure    Confidence  
  ------------------------------
  1     92          0.208
  2     91          0.126
  3     86          0.050

Detector: BL_W140_T3.0_D4
Best Detection: 92 mmHg (confidence: 0.208)
Top 10 readings:
  Rank  Pressure    Confidence  
  ------------------------------
  1     92          0.208
  2     91          0.126
  3     86          0.050

Detector: BL_W140_T3.0_D6
Best Detection: 92 mmHg (confidence: 0.208)
Top 10 readings:
  Rank  Pressure    Confidence  
  ------------------------------
  1     92          0.208
  2     91          0.126
  3     86          0.050

Detector: BL_W140_T3.0_D8
Best Detection: 92 mmHg (confidence: 0.260)
Top 10 readings:
  Rank  Pressure    Confidence  
  ------------------------------
  1     92          0.260
  2     91          0.126
  3     86          0.050

Detector: BL_W140_T3.0_D10
Best Detection: 95 mmHg (confidence: 0.340)
Top 10 readings:
  Rank  Pressure    Confidence  
  ------------------------------
  1     95          0.340
  2     92          0.260
  3     91          0.126
  4     86          0.050

Detector: BL_W140_T3.0_D15
Best Detection: 92 mmHg (confidence: 0.260)
Top 10 readings:
  Rank  Pressure    Confidence  
  ------------------------------
  1     92          0.260
  2     91          0.126
  3     86          0.050
  4     101         0.010

Detector: BL_W140_T3.0_D20
Best Detection: 92 mmHg (confidence: 0.260)
Top 10 readings:
  Rank  Pressure    Confidence  
  ------------------------------
  1     92          0.260
  2     91          0.126
  3     86          0.050

Detector: BL_W140_T3.0_D25
Best Detection: 92 mmHg (confidence: 0.208)
Top 10 readings:
  Rank  Pressure    Confidence  
  ------------------------------
  1     92          0.208
  2     91          0.126
  3     86          0.050

Detector: BL_W140_T3.0_D30
Best Detection: 92 mmHg (confidence: 0.208)
Top 10 readings:
  Rank  Pressure    Confidence  
  ------------------------------
  1     92          0.208
  2     91          0.126
  3     86          0.050

Detector: BL_W140_T3.0_D40
Best Detection: 91 mmHg (confidence: 0.208)
Top 10 readings:
  Rank  Pressure    Confidence  
  ------------------------------
  1     91          0.208
  2     91          0.126
  3     86          0.050

Detector: BL_W140_T3.2_D2
Best Detection: 92 mmHg (confidence: 0.126)
Top 10 readings:
  Rank  Pressure    Confidence  
  ------------------------------
  1     92          0.126
  2     91          0.050

Detector: BL_W140_T3.2_D4
Best Detection: 92 mmHg (confidence: 0.126)
Top 10 readings:
  Rank  Pressure    Confidence  
  ------------------------------
  1     92          0.126
  2     91          0.050

Detector: BL_W140_T3.2_D6
Best Detection: 92 mmHg (confidence: 0.126)
Top 10 readings:
  Rank  Pressure    Confidence  
  ------------------------------
  1     92          0.126
  2     91          0.050

Detector: BL_W140_T3.2_D8
Best Detection: 92 mmHg (confidence: 0.126)
Top 10 readings:
  Rank  Pressure    Confidence  
  ------------------------------
  1     92          0.126
  2     91          0.050

Detector: BL_W140_T3.2_D10
Best Detection: 95 mmHg (confidence: 0.260)
Top 10 readings:
  Rank  Pressure    Confidence  
  ------------------------------
  1     95          0.260
  2     92          0.126
  3     91          0.050

Detector: BL_W140_T3.2_D15
Best Detection: 92 mmHg (confidence: 0.126)
Top 10 readings:
  Rank  Pressure    Confidence  
  ------------------------------
  1     92          0.126
  2     91          0.050
  3     101         0.010

Detector: BL_W140_T3.2_D20
Best Detection: 92 mmHg (confidence: 0.126)
Top 10 readings:
  Rank  Pressure    Confidence  
  ------------------------------
  1     92          0.126
  2     91          0.050

Detector: BL_W140_T3.2_D25
Best Detection: 92 mmHg (confidence: 0.126)
Top 10 readings:
  Rank  Pressure    Confidence  
  ------------------------------
  1     92          0.126
  2     91          0.050

Detector: BL_W140_T3.2_D30
Best Detection: 92 mmHg (confidence: 0.126)
Top 10 readings:
  Rank  Pressure    Confidence  
  ------------------------------
  1     92          0.126
  2     91          0.050

Detector: BL_W140_T3.2_D40
Best Detection: 91 mmHg (confidence: 0.126)
Top 10 readings:
  Rank  Pressure    Confidence  
  ------------------------------
  1     91          0.126
  2     91          0.050

Detector: BL_W140_T3.5_D2
Best Detection: 92 mmHg (confidence: 0.126)
Top 10 readings:
  Rank  Pressure    Confidence  
  ------------------------------
  1     92          0.126
  2     91          0.050

Detector: BL_W140_T3.5_D4
Best Detection: 92 mmHg (confidence: 0.126)
Top 10 readings:
  Rank  Pressure    Confidence  
  ------------------------------
  1     92          0.126
  2     91          0.050

Detector: BL_W140_T3.5_D6
Best Detection: 92 mmHg (confidence: 0.126)
Top 10 readings:
  Rank  Pressure    Confidence  
  ------------------------------
  1     92          0.126
  2     91          0.050

Detector: BL_W140_T3.5_D8
Best Detection: 92 mmHg (confidence: 0.126)
Top 10 readings:
  Rank  Pressure    Confidence  
  ------------------------------
  1     92          0.126
  2     91          0.050

Detector: BL_W140_T3.5_D10
Best Detection: 95 mmHg (confidence: 0.260)
Top 10 readings:
  Rank  Pressure    Confidence  
  ------------------------------
  1     95          0.260
  2     92          0.126
  3     91          0.050

Detector: BL_W140_T3.5_D15
Best Detection: 92 mmHg (confidence: 0.126)
Top 10 readings:
  Rank  Pressure    Confidence  
  ------------------------------
  1     92          0.126
  2     91          0.050
  3     101         0.010

Detector: BL_W140_T3.5_D20
Best Detection: 92 mmHg (confidence: 0.126)
Top 10 readings:
  Rank  Pressure    Confidence  
  ------------------------------
  1     92          0.126
  2     91          0.050

Detector: BL_W140_T3.5_D25
Best Detection: 92 mmHg (confidence: 0.126)
Top 10 readings:
  Rank  Pressure    Confidence  
  ------------------------------
  1     92          0.126
  2     91          0.050

Detector: BL_W140_T3.5_D30
Best Detection: 92 mmHg (confidence: 0.126)
Top 10 readings:
  Rank  Pressure    Confidence  
  ------------------------------
  1     92          0.126
  2     91          0.050

Detector: BL_W140_T3.5_D40
Best Detection: 91 mmHg (confidence: 0.126)
Top 10 readings:
  Rank  Pressure    Confidence  
  ------------------------------
  1     91          0.126
  2     91          0.050

Detector: BL_W140_T3.8_D2
Best Detection: 92 mmHg (confidence: 0.126)
Top 10 readings:
  Rank  Pressure    Confidence  
  ------------------------------
  1     92          0.126
  2     91          0.050

Detector: BL_W140_T3.8_D4
Best Detection: 92 mmHg (confidence: 0.126)
Top 10 readings:
  Rank  Pressure    Confidence  
  ------------------------------
  1     92          0.126
  2     91          0.050

Detector: BL_W140_T3.8_D6
Best Detection: 92 mmHg (confidence: 0.126)
Top 10 readings:
  Rank  Pressure    Confidence  
  ------------------------------
  1     92          0.126
  2     91          0.050

Detector: BL_W140_T3.8_D8
Best Detection: 92 mmHg (confidence: 0.126)
Top 10 readings:
  Rank  Pressure    Confidence  
  ------------------------------
  1     92          0.126
  2     91          0.050

Detector: BL_W140_T3.8_D10
Best Detection: 95 mmHg (confidence: 0.260)
Top 10 readings:
  Rank  Pressure    Confidence  
  ------------------------------
  1     95          0.260
  2     92          0.126
  3     91          0.050

Detector: BL_W140_T3.8_D15
Best Detection: 92 mmHg (confidence: 0.126)
Top 10 readings:
  Rank  Pressure    Confidence  
  ------------------------------
  1     92          0.126
  2     91          0.050
  3     101         0.010

Detector: BL_W140_T3.8_D20
Best Detection: 92 mmHg (confidence: 0.126)
Top 10 readings:
  Rank  Pressure    Confidence  
  ------------------------------
  1     92          0.126
  2     91          0.050

Detector: BL_W140_T3.8_D25
Best Detection: 92 mmHg (confidence: 0.126)
Top 10 readings:
  Rank  Pressure    Confidence  
  ------------------------------
  1     92          0.126
  2     91          0.050

Detector: BL_W140_T3.8_D30
Best Detection: 92 mmHg (confidence: 0.126)
Top 10 readings:
  Rank  Pressure    Confidence  
  ------------------------------
  1     92          0.126
  2     91          0.050

Detector: BL_W140_T3.8_D40
Best Detection: 91 mmHg (confidence: 0.126)
Top 10 readings:
  Rank  Pressure    Confidence  
  ------------------------------
  1     91          0.126
  2     91          0.050

Detector: BL_W140_T4.0_D2
Best Detection: 92 mmHg (confidence: 0.126)
Top 10 readings:
  Rank  Pressure    Confidence  
  ------------------------------
  1     92          0.126
  2     91          0.050

Detector: BL_W140_T4.0_D4
Best Detection: 92 mmHg (confidence: 0.126)
Top 10 readings:
  Rank  Pressure    Confidence  
  ------------------------------
  1     92          0.126
  2     91          0.050

Detector: BL_W140_T4.0_D6
Best Detection: 92 mmHg (confidence: 0.126)
Top 10 readings:
  Rank  Pressure    Confidence  
  ------------------------------
  1     92          0.126
  2     91          0.050

Detector: BL_W140_T4.0_D8
Best Detection: 92 mmHg (confidence: 0.126)
Top 10 readings:
  Rank  Pressure    Confidence  
  ------------------------------
  1     92          0.126
  2     91          0.050

Detector: BL_W140_T4.0_D10
Best Detection: 95 mmHg (confidence: 0.260)
Top 10 readings:
  Rank  Pressure    Confidence  
  ------------------------------
  1     95          0.260
  2     92          0.126
  3     91          0.050

Detector: BL_W140_T4.0_D15
Best Detection: 92 mmHg (confidence: 0.126)
Top 10 readings:
  Rank  Pressure    Confidence  
  ------------------------------
  1     92          0.126
  2     91          0.050
  3     101         0.010

Detector: BL_W140_T4.0_D20
Best Detection: 92 mmHg (confidence: 0.126)
Top 10 readings:
  Rank  Pressure    Confidence  
  ------------------------------
  1     92          0.126
  2     91          0.050

Detector: BL_W140_T4.0_D25
Best Detection: 92 mmHg (confidence: 0.126)
Top 10 readings:
  Rank  Pressure    Confidence  
  ------------------------------
  1     92          0.126
  2     91          0.050

Detector: BL_W140_T4.0_D30
Best Detection: 92 mmHg (confidence: 0.126)
Top 10 readings:
  Rank  Pressure    Confidence  
  ------------------------------
  1     92          0.126
  2     91          0.050

Detector: BL_W140_T4.0_D40
Best Detection: 91 mmHg (confidence: 0.126)
Top 10 readings:
  Rank  Pressure    Confidence  
  ------------------------------
  1     91          0.126
  2     91          0.050

Detector: BL_W140_T4.2_D2
Best Detection: 92 mmHg (confidence: 0.126)
Top 10 readings:
  Rank  Pressure    Confidence  
  ------------------------------
  1     92          0.126
  2     91          0.050

Detector: BL_W140_T4.2_D4
Best Detection: 92 mmHg (confidence: 0.126)
Top 10 readings:
  Rank  Pressure    Confidence  
  ------------------------------
  1     92          0.126
  2     91          0.050

Detector: BL_W140_T4.2_D6
Best Detection: 92 mmHg (confidence: 0.126)
Top 10 readings:
  Rank  Pressure    Confidence  
  ------------------------------
  1     92          0.126
  2     91          0.050

Detector: BL_W140_T4.2_D8
Best Detection: 92 mmHg (confidence: 0.126)
Top 10 readings:
  Rank  Pressure    Confidence  
  ------------------------------
  1     92          0.126
  2     91          0.050

Detector: BL_W140_T4.2_D10
Best Detection: 95 mmHg (confidence: 0.260)
Top 10 readings:
  Rank  Pressure    Confidence  
  ------------------------------
  1     95          0.260
  2     92          0.126
  3     91          0.050

Detector: BL_W140_T4.2_D15
Best Detection: 92 mmHg (confidence: 0.126)
Top 10 readings:
  Rank  Pressure    Confidence  
  ------------------------------
  1     92          0.126
  2     91          0.050
  3     101         0.010

Detector: BL_W140_T4.2_D20
Best Detection: 92 mmHg (confidence: 0.126)
Top 10 readings:
  Rank  Pressure    Confidence  
  ------------------------------
  1     92          0.126
  2     91          0.050

Detector: BL_W140_T4.2_D25
Best Detection: 92 mmHg (confidence: 0.126)
Top 10 readings:
  Rank  Pressure    Confidence  
  ------------------------------
  1     92          0.126
  2     91          0.050

Detector: BL_W140_T4.2_D30
Best Detection: 92 mmHg (confidence: 0.126)
Top 10 readings:
  Rank  Pressure    Confidence  
  ------------------------------
  1     92          0.126
  2     91          0.050

Detector: BL_W140_T4.2_D40
Best Detection: 91 mmHg (confidence: 0.126)
Top 10 readings:
  Rank  Pressure    Confidence  
  ------------------------------
  1     91          0.126
  2     91          0.050

Detector: BL_W140_T4.5_D2
Best Detection: 92 mmHg (confidence: 0.126)
Top 10 readings:
  Rank  Pressure    Confidence  
  ------------------------------
  1     92          0.126
  2     91          0.050

Detector: BL_W140_T4.5_D4
Best Detection: 92 mmHg (confidence: 0.126)
Top 10 readings:
  Rank  Pressure    Confidence  
  ------------------------------
  1     92          0.126
  2     91          0.050

Detector: BL_W140_T4.5_D6
Best Detection: 92 mmHg (confidence: 0.126)
Top 10 readings:
  Rank  Pressure    Confidence  
  ------------------------------
  1     92          0.126
  2     91          0.050

Detector: BL_W140_T4.5_D8
Best Detection: 92 mmHg (confidence: 0.126)
Top 10 readings:
  Rank  Pressure    Confidence  
  ------------------------------
  1     92          0.126
  2     91          0.050

Detector: BL_W140_T4.5_D10
Best Detection: 95 mmHg (confidence: 0.260)
Top 10 readings:
  Rank  Pressure    Confidence  
  ------------------------------
  1     95          0.260
  2     92          0.126
  3     91          0.050

Detector: BL_W140_T4.5_D15
Best Detection: 92 mmHg (confidence: 0.126)
Top 10 readings:
  Rank  Pressure    Confidence  
  ------------------------------
  1     92          0.126
  2     91          0.050
  3     101         0.010

Detector: BL_W140_T4.5_D20
Best Detection: 92 mmHg (confidence: 0.126)
Top 10 readings:
  Rank  Pressure    Confidence  
  ------------------------------
  1     92          0.126
  2     91          0.050

Detector: BL_W140_T4.5_D25
Best Detection: 92 mmHg (confidence: 0.126)
Top 10 readings:
  Rank  Pressure    Confidence  
  ------------------------------
  1     92          0.126
  2     91          0.050

Detector: BL_W140_T4.5_D30
Best Detection: 92 mmHg (confidence: 0.126)
Top 10 readings:
  Rank  Pressure    Confidence  
  ------------------------------
  1     92          0.126
  2     91          0.050

Detector: BL_W140_T4.5_D40
Best Detection: 91 mmHg (confidence: 0.126)
Top 10 readings:
  Rank  Pressure    Confidence  
  ------------------------------
  1     91          0.126
  2     91          0.050

Detector: BL_W140_T4.8_D2
Best Detection: 91 mmHg (confidence: 0.126)
Top 10 readings:
  Rank  Pressure    Confidence  
  ------------------------------
  1     91          0.126
  2     91          0.050

Detector: BL_W140_T4.8_D4
Best Detection: 91 mmHg (confidence: 0.126)
Top 10 readings:
  Rank  Pressure    Confidence  
  ------------------------------
  1     91          0.126
  2     91          0.050

Detector: BL_W140_T4.8_D6
Best Detection: 91 mmHg (confidence: 0.126)
Top 10 readings:
  Rank  Pressure    Confidence  
  ------------------------------
  1     91          0.126
  2     91          0.050

Detector: BL_W140_T4.8_D8
Best Detection: 92 mmHg (confidence: 0.126)
Top 10 readings:
  Rank  Pressure    Confidence  
  ------------------------------
  1     92          0.126
  2     91          0.050

Detector: BL_W140_T4.8_D10
Best Detection: 95 mmHg (confidence: 0.260)
Top 10 readings:
  Rank  Pressure    Confidence  
  ------------------------------
  1     95          0.260
  2     92          0.126
  3     91          0.050

Detector: BL_W140_T4.8_D15
Best Detection: 92 mmHg (confidence: 0.126)
Top 10 readings:
  Rank  Pressure    Confidence  
  ------------------------------
  1     92          0.126
  2     91          0.050
  3     101         0.010

Detector: BL_W140_T4.8_D20
Best Detection: 92 mmHg (confidence: 0.126)
Top 10 readings:
  Rank  Pressure    Confidence  
  ------------------------------
  1     92          0.126
  2     91          0.050

Detector: BL_W140_T4.8_D25
Best Detection: 92 mmHg (confidence: 0.126)
Top 10 readings:
  Rank  Pressure    Confidence  
  ------------------------------
  1     92          0.126
  2     91          0.050

Detector: BL_W140_T4.8_D30
Best Detection: 92 mmHg (confidence: 0.126)
Top 10 readings:
  Rank  Pressure    Confidence  
  ------------------------------
  1     92          0.126
  2     91          0.050

Detector: BL_W140_T4.8_D40
Best Detection: 91 mmHg (confidence: 0.126)
Top 10 readings:
  Rank  Pressure    Confidence  
  ------------------------------
  1     91          0.126
  2     91          0.050

Detector: BL_W140_T5.0_D2
Best Detection: 91 mmHg (confidence: 0.050)
Top 10 readings:
  Rank  Pressure    Confidence  
  ------------------------------
  1     91          0.050

Detector: BL_W140_T5.0_D4
Best Detection: 91 mmHg (confidence: 0.050)
Top 10 readings:
  Rank  Pressure    Confidence  
  ------------------------------
  1     91          0.050

Detector: BL_W140_T5.0_D6
Best Detection: 91 mmHg (confidence: 0.050)
Top 10 readings:
  Rank  Pressure    Confidence  
  ------------------------------
  1     91          0.050

Detector: BL_W140_T5.0_D8
Best Detection: 92 mmHg (confidence: 0.126)
Top 10 readings:
  Rank  Pressure    Confidence  
  ------------------------------
  1     92          0.126
  2     91          0.050

Detector: BL_W140_T5.0_D10
Best Detection: 95 mmHg (confidence: 0.260)
Top 10 readings:
  Rank  Pressure    Confidence  
  ------------------------------
  1     95          0.260
  2     92          0.126
  3     91          0.050

Detector: BL_W140_T5.0_D15
Best Detection: 92 mmHg (confidence: 0.126)
Top 10 readings:
  Rank  Pressure    Confidence  
  ------------------------------
  1     92          0.126
  2     91          0.050
  3     101         0.010

Detector: BL_W140_T5.0_D20
Best Detection: 92 mmHg (confidence: 0.126)
Top 10 readings:
  Rank  Pressure    Confidence  
  ------------------------------
  1     92          0.126
  2     91          0.050

Detector: BL_W140_T5.0_D25
Best Detection: 92 mmHg (confidence: 0.126)
Top 10 readings:
  Rank  Pressure    Confidence  
  ------------------------------
  1     92          0.126
  2     91          0.050

Detector: BL_W140_T5.0_D30
Best Detection: 92 mmHg (confidence: 0.126)
Top 10 readings:
  Rank  Pressure    Confidence  
  ------------------------------
  1     92          0.126
  2     91          0.050

Detector: BL_W140_T5.0_D40
Best Detection: 91 mmHg (confidence: 0.126)
Top 10 readings:
  Rank  Pressure    Confidence  
  ------------------------------
  1     91          0.126
  2     91          0.050

Detector: BL_W140_T5.5_D2
Best Detection: 90 mmHg (confidence: 0.050)
Top 10 readings:
  Rank  Pressure    Confidence  
  ------------------------------
  1     90          0.050

Detector: BL_W140_T5.5_D4
Best Detection: 90 mmHg (confidence: 0.050)
Top 10 readings:
  Rank  Pressure    Confidence  
  ------------------------------
  1     90          0.050

Detector: BL_W140_T5.5_D6
Best Detection: 90 mmHg (confidence: 0.050)
Top 10 readings:
  Rank  Pressure    Confidence  
  ------------------------------
  1     90          0.050

Detector: BL_W140_T5.5_D8
Best Detection: 92 mmHg (confidence: 0.126)
Top 10 readings:
  Rank  Pressure    Confidence  
  ------------------------------
  1     92          0.126
  2     90          0.050

Detector: BL_W140_T5.5_D10
Best Detection: 95 mmHg (confidence: 0.260)
Top 10 readings:
  Rank  Pressure    Confidence  
  ------------------------------
  1     95          0.260
  2     92          0.126
  3     90          0.050

Detector: BL_W140_T5.5_D15
Best Detection: 92 mmHg (confidence: 0.126)
Top 10 readings:
  Rank  Pressure    Confidence  
  ------------------------------
  1     92          0.126
  2     91          0.050
  3     101         0.010

Detector: BL_W140_T5.5_D20
Best Detection: 92 mmHg (confidence: 0.126)
Top 10 readings:
  Rank  Pressure    Confidence  
  ------------------------------
  1     92          0.126
  2     91          0.050

Detector: BL_W140_T5.5_D25
Best Detection: 92 mmHg (confidence: 0.126)
Top 10 readings:
  Rank  Pressure    Confidence  
  ------------------------------
  1     92          0.126
  2     91          0.050

Detector: BL_W140_T5.5_D30
Best Detection: 92 mmHg (confidence: 0.126)
Top 10 readings:
  Rank  Pressure    Confidence  
  ------------------------------
  1     92          0.126
  2     91          0.050

Detector: BL_W140_T5.5_D40
Best Detection: 91 mmHg (confidence: 0.126)
Top 10 readings:
  Rank  Pressure    Confidence  
  ------------------------------
  1     91          0.126
  2     91          0.050

Detector: BL_W140_T6.0_D2
Best Detection: 90 mmHg (confidence: 0.050)
Top 10 readings:
  Rank  Pressure    Confidence  
  ------------------------------
  1     90          0.050

Detector: BL_W140_T6.0_D4
Best Detection: 90 mmHg (confidence: 0.050)
Top 10 readings:
  Rank  Pressure    Confidence  
  ------------------------------
  1     90          0.050

Detector: BL_W140_T6.0_D6
Best Detection: 90 mmHg (confidence: 0.050)
Top 10 readings:
  Rank  Pressure    Confidence  
  ------------------------------
  1     90          0.050

Detector: BL_W140_T6.0_D8
Best Detection: 92 mmHg (confidence: 0.126)
Top 10 readings:
  Rank  Pressure    Confidence  
  ------------------------------
  1     92          0.126
  2     90          0.050

Detector: BL_W140_T6.0_D10
Best Detection: 95 mmHg (confidence: 0.260)
Top 10 readings:
  Rank  Pressure    Confidence  
  ------------------------------
  1     95          0.260
  2     92          0.126
  3     90          0.050

Detector: BL_W140_T6.0_D15
Best Detection: 92 mmHg (confidence: 0.126)
Top 10 readings:
  Rank  Pressure    Confidence  
  ------------------------------
  1     92          0.126
  2     91          0.050
  3     101         0.010

Detector: BL_W140_T6.0_D20
Best Detection: 92 mmHg (confidence: 0.126)
Top 10 readings:
  Rank  Pressure    Confidence  
  ------------------------------
  1     92          0.126
  2     91          0.050

Detector: BL_W140_T6.0_D25
Best Detection: 92 mmHg (confidence: 0.126)
Top 10 readings:
  Rank  Pressure    Confidence  
  ------------------------------
  1     92          0.126
  2     91          0.050

Detector: BL_W140_T6.0_D30
Best Detection: 92 mmHg (confidence: 0.126)
Top 10 readings:
  Rank  Pressure    Confidence  
  ------------------------------
  1     92          0.126
  2     91          0.050

Detector: BL_W140_T6.0_D40
Best Detection: 91 mmHg (confidence: 0.126)
Top 10 readings:
  Rank  Pressure    Confidence  
  ------------------------------
  1     91          0.126
  2     91          0.050

Detector: BL_W150_T1.8_D2
Best Detection: 92 mmHg (confidence: 0.340)
Top 10 readings:
  Rank  Pressure    Confidence  
  ------------------------------
  1     92          0.340
  2     91          0.260
  3     87          0.208
  4     87          0.126
  5     77          0.126
  6     75          0.050
  7     84          0.010

Detector: BL_W150_T1.8_D4
Best Detection: 92 mmHg (confidence: 0.340)
Top 10 readings:
  Rank  Pressure    Confidence  
  ------------------------------
  1     92          0.340
  2     91          0.260
  3     87          0.208
  4     87          0.126
  5     77          0.126
  6     75          0.050
  7     84          0.010

Detector: BL_W150_T1.8_D6
Best Detection: 92 mmHg (confidence: 0.340)
Top 10 readings:
  Rank  Pressure    Confidence  
  ------------------------------
  1     92          0.340
  2     91          0.260
  3     87          0.208
  4     87          0.126
  5     77          0.126
  6     75          0.050
  7     84          0.010

Detector: BL_W150_T1.8_D8
Best Detection: 92 mmHg (confidence: 0.340)
Top 10 readings:
  Rank  Pressure    Confidence  
  ------------------------------
  1     92          0.340
  2     91          0.260
  3     87          0.208
  4     87          0.126
  5     77          0.126
  6     75          0.050
  7     84          0.010

Detector: BL_W150_T1.8_D10
Best Detection: 92 mmHg (confidence: 0.340)
Top 10 readings:
  Rank  Pressure    Confidence  
  ------------------------------
  1     92          0.340
  2     91          0.260
  3     87          0.208
  4     87          0.126
  5     77          0.126
  6     75          0.050
  7     84          0.010

Detector: BL_W150_T1.8_D15
Best Detection: 95 mmHg (confidence: 0.420)
Top 10 readings:
  Rank  Pressure    Confidence  
  ------------------------------
  1     95          0.420
  2     101         0.400
  3     92          0.340
  4     91          0.260
  5     87          0.208
  6     87          0.126
  7     77          0.126
  8     75          0.050
  9     84          0.010

Detector: BL_W150_T1.8_D20
Best Detection: 92 mmHg (confidence: 0.340)
Top 10 readings:
  Rank  Pressure    Confidence  
  ------------------------------
  1     92          0.340
  2     91          0.260
  3     87          0.208
  4     87          0.126
  5     77          0.126
  6     75          0.050
  7     84          0.010

Detector: BL_W150_T1.8_D25
Best Detection: 92 mmHg (confidence: 0.340)
Top 10 readings:
  Rank  Pressure    Confidence  
  ------------------------------
  1     92          0.340
  2     91          0.260
  3     87          0.208
  4     87          0.126
  5     77          0.126
  6     75          0.050
  7     84          0.010

Detector: BL_W150_T1.8_D30
Best Detection: 92 mmHg (confidence: 0.340)
Top 10 readings:
  Rank  Pressure    Confidence  
  ------------------------------
  1     92          0.340
  2     91          0.260
  3     87          0.208
  4     87          0.126
  5     77          0.126
  6     75          0.050
  7     84          0.010

Detector: BL_W150_T1.8_D40
Best Detection: 91 mmHg (confidence: 0.340)
Top 10 readings:
  Rank  Pressure    Confidence  
  ------------------------------
  1     91          0.340
  2     91          0.260
  3     87          0.208
  4     87          0.126
  5     77          0.126
  6     75          0.050
  7     84          0.010

Detector: BL_W150_T2.0_D2
Best Detection: 92 mmHg (confidence: 0.260)
Top 10 readings:
  Rank  Pressure    Confidence  
  ------------------------------
  1     92          0.260
  2     91          0.126
  3     87          0.126
  4     77          0.126
  5     75          0.050
  6     87          0.010

Detector: BL_W150_T2.0_D4
Best Detection: 92 mmHg (confidence: 0.260)
Top 10 readings:
  Rank  Pressure    Confidence  
  ------------------------------
  1     92          0.260
  2     91          0.126
  3     87          0.126
  4     77          0.126
  5     75          0.050
  6     87          0.010

Detector: BL_W150_T2.0_D6
Best Detection: 92 mmHg (confidence: 0.260)
Top 10 readings:
  Rank  Pressure    Confidence  
  ------------------------------
  1     92          0.260
  2     91          0.126
  3     87          0.126
  4     77          0.126
  5     75          0.050
  6     87          0.010

Detector: BL_W150_T2.0_D8
Best Detection: 92 mmHg (confidence: 0.260)
Top 10 readings:
  Rank  Pressure    Confidence  
  ------------------------------
  1     92          0.260
  2     91          0.126
  3     87          0.126
  4     77          0.126
  5     75          0.050
  6     87          0.010

Detector: BL_W150_T2.0_D10
Best Detection: 92 mmHg (confidence: 0.260)
Top 10 readings:
  Rank  Pressure    Confidence  
  ------------------------------
  1     92          0.260
  2     91          0.126
  3     87          0.126
  4     77          0.126
  5     75          0.050
  6     87          0.010

Detector: BL_W150_T2.0_D15
Best Detection: 95 mmHg (confidence: 0.340)
Top 10 readings:
  Rank  Pressure    Confidence  
  ------------------------------
  1     95          0.340
  2     101         0.336
  3     92          0.260
  4     91          0.126
  5     87          0.126
  6     77          0.126
  7     75          0.050
  8     87          0.010

Detector: BL_W150_T2.0_D20
Best Detection: 92 mmHg (confidence: 0.260)
Top 10 readings:
  Rank  Pressure    Confidence  
  ------------------------------
  1     92          0.260
  2     91          0.126
  3     87          0.126
  4     77          0.126
  5     75          0.050
  6     87          0.010

Detector: BL_W150_T2.0_D25
Best Detection: 92 mmHg (confidence: 0.260)
Top 10 readings:
  Rank  Pressure    Confidence  
  ------------------------------
  1     92          0.260
  2     91          0.126
  3     87          0.126
  4     77          0.126
  5     75          0.050
  6     87          0.010

Detector: BL_W150_T2.0_D30
Best Detection: 92 mmHg (confidence: 0.260)
Top 10 readings:
  Rank  Pressure    Confidence  
  ------------------------------
  1     92          0.260
  2     91          0.126
  3     87          0.126
  4     77          0.126
  5     75          0.050
  6     87          0.010

Detector: BL_W150_T2.0_D40
Best Detection: 91 mmHg (confidence: 0.208)
Top 10 readings:
  Rank  Pressure    Confidence  
  ------------------------------
  1     91          0.208
  2     91          0.126
  3     87          0.126
  4     77          0.126
  5     75          0.050
  6     87          0.010

Detector: BL_W150_T2.2_D2
Best Detection: 92 mmHg (confidence: 0.260)
Top 10 readings:
  Rank  Pressure    Confidence  
  ------------------------------
  1     92          0.260
  2     91          0.126
  3     87          0.126
  4     77          0.126
  5     75          0.050
  6     87          0.010

Detector: BL_W150_T2.2_D4
Best Detection: 92 mmHg (confidence: 0.260)
Top 10 readings:
  Rank  Pressure    Confidence  
  ------------------------------
  1     92          0.260
  2     91          0.126
  3     87          0.126
  4     77          0.126
  5     75          0.050
  6     87          0.010

Detector: BL_W150_T2.2_D6
Best Detection: 92 mmHg (confidence: 0.260)
Top 10 readings:
  Rank  Pressure    Confidence  
  ------------------------------
  1     92          0.260
  2     91          0.126
  3     87          0.126
  4     77          0.126
  5     75          0.050
  6     87          0.010

Detector: BL_W150_T2.2_D8
Best Detection: 92 mmHg (confidence: 0.260)
Top 10 readings:
  Rank  Pressure    Confidence  
  ------------------------------
  1     92          0.260
  2     91          0.126
  3     87          0.126
  4     77          0.126
  5     75          0.050
  6     87          0.010

Detector: BL_W150_T2.2_D10
Best Detection: 92 mmHg (confidence: 0.260)
Top 10 readings:
  Rank  Pressure    Confidence  
  ------------------------------
  1     92          0.260
  2     91          0.126
  3     87          0.126
  4     77          0.126
  5     75          0.050
  6     87          0.010

Detector: BL_W150_T2.2_D15
Best Detection: 95 mmHg (confidence: 0.340)
Top 10 readings:
  Rank  Pressure    Confidence  
  ------------------------------
  1     95          0.340
  2     101         0.336
  3     92          0.260
  4     91          0.126
  5     87          0.126
  6     77          0.126
  7     75          0.050
  8     87          0.010

Detector: BL_W150_T2.2_D20
Best Detection: 92 mmHg (confidence: 0.260)
Top 10 readings:
  Rank  Pressure    Confidence  
  ------------------------------
  1     92          0.260
  2     91          0.126
  3     87          0.126
  4     77          0.126
  5     75          0.050
  6     87          0.010

Detector: BL_W150_T2.2_D25
Best Detection: 92 mmHg (confidence: 0.260)
Top 10 readings:
  Rank  Pressure    Confidence  
  ------------------------------
  1     92          0.260
  2     91          0.126
  3     87          0.126
  4     77          0.126
  5     75          0.050
  6     87          0.010

Detector: BL_W150_T2.2_D30
Best Detection: 92 mmHg (confidence: 0.260)
Top 10 readings:
  Rank  Pressure    Confidence  
  ------------------------------
  1     92          0.260
  2     91          0.126
  3     87          0.126
  4     77          0.126
  5     75          0.050
  6     87          0.010

Detector: BL_W150_T2.2_D40
Best Detection: 91 mmHg (confidence: 0.208)
Top 10 readings:
  Rank  Pressure    Confidence  
  ------------------------------
  1     91          0.208
  2     91          0.126
  3     87          0.126
  4     77          0.126
  5     75          0.050
  6     87          0.010

Detector: BL_W150_T2.4_D2
Best Detection: 92 mmHg (confidence: 0.260)
Top 10 readings:
  Rank  Pressure    Confidence  
  ------------------------------
  1     92          0.260
  2     91          0.126
  3     87          0.126
  4     75          0.050
  5     87          0.010

Detector: BL_W150_T2.4_D4
Best Detection: 92 mmHg (confidence: 0.260)
Top 10 readings:
  Rank  Pressure    Confidence  
  ------------------------------
  1     92          0.260
  2     91          0.126
  3     87          0.126
  4     75          0.050
  5     87          0.010

Detector: BL_W150_T2.4_D6
Best Detection: 92 mmHg (confidence: 0.260)
Top 10 readings:
  Rank  Pressure    Confidence  
  ------------------------------
  1     92          0.260
  2     91          0.126
  3     87          0.126
  4     75          0.050
  5     87          0.010

Detector: BL_W150_T2.4_D8
Best Detection: 92 mmHg (confidence: 0.260)
Top 10 readings:
  Rank  Pressure    Confidence  
  ------------------------------
  1     92          0.260
  2     91          0.126
  3     87          0.126
  4     75          0.050
  5     87          0.010

Detector: BL_W150_T2.4_D10
Best Detection: 92 mmHg (confidence: 0.260)
Top 10 readings:
  Rank  Pressure    Confidence  
  ------------------------------
  1     92          0.260
  2     91          0.126
  3     87          0.126
  4     75          0.050
  5     87          0.010

Detector: BL_W150_T2.4_D15
Best Detection: 95 mmHg (confidence: 0.340)
Top 10 readings:
  Rank  Pressure    Confidence  
  ------------------------------
  1     95          0.340
  2     101         0.336
  3     92          0.260
  4     91          0.126
  5     87          0.126
  6     75          0.050
  7     87          0.010

Detector: BL_W150_T2.4_D20
Best Detection: 92 mmHg (confidence: 0.260)
Top 10 readings:
  Rank  Pressure    Confidence  
  ------------------------------
  1     92          0.260
  2     91          0.126
  3     87          0.126
  4     75          0.050
  5     87          0.010

Detector: BL_W150_T2.4_D25
Best Detection: 92 mmHg (confidence: 0.260)
Top 10 readings:
  Rank  Pressure    Confidence  
  ------------------------------
  1     92          0.260
  2     91          0.126
  3     87          0.126
  4     75          0.050
  5     87          0.010

Detector: BL_W150_T2.4_D30
Best Detection: 92 mmHg (confidence: 0.260)
Top 10 readings:
  Rank  Pressure    Confidence  
  ------------------------------
  1     92          0.260
  2     91          0.126
  3     87          0.126
  4     75          0.050
  5     87          0.010

Detector: BL_W150_T2.4_D40
Best Detection: 91 mmHg (confidence: 0.208)
Top 10 readings:
  Rank  Pressure    Confidence  
  ------------------------------
  1     91          0.208
  2     91          0.126
  3     87          0.126
  4     75          0.050
  5     87          0.010

Detector: BL_W150_T2.6_D2
Best Detection: 92 mmHg (confidence: 0.260)
Top 10 readings:
  Rank  Pressure    Confidence  
  ------------------------------
  1     92          0.260
  2     91          0.126
  3     87          0.126
  4     87          0.050

Detector: BL_W150_T2.6_D4
Best Detection: 92 mmHg (confidence: 0.260)
Top 10 readings:
  Rank  Pressure    Confidence  
  ------------------------------
  1     92          0.260
  2     91          0.126
  3     87          0.126
  4     87          0.050

Detector: BL_W150_T2.6_D6
Best Detection: 92 mmHg (confidence: 0.260)
Top 10 readings:
  Rank  Pressure    Confidence  
  ------------------------------
  1     92          0.260
  2     91          0.126
  3     87          0.126
  4     87          0.050

Detector: BL_W150_T2.6_D8
Best Detection: 92 mmHg (confidence: 0.260)
Top 10 readings:
  Rank  Pressure    Confidence  
  ------------------------------
  1     92          0.260
  2     91          0.126
  3     87          0.126
  4     87          0.050

Detector: BL_W150_T2.6_D10
Best Detection: 92 mmHg (confidence: 0.260)
Top 10 readings:
  Rank  Pressure    Confidence  
  ------------------------------
  1     92          0.260
  2     91          0.126
  3     87          0.126
  4     87          0.050

Detector: BL_W150_T2.6_D15
Best Detection: 95 mmHg (confidence: 0.340)
Top 10 readings:
  Rank  Pressure    Confidence  
  ------------------------------
  1     95          0.340
  2     101         0.336
  3     92          0.260
  4     91          0.126
  5     87          0.126
  6     87          0.050

Detector: BL_W150_T2.6_D20
Best Detection: 92 mmHg (confidence: 0.260)
Top 10 readings:
  Rank  Pressure    Confidence  
  ------------------------------
  1     92          0.260
  2     91          0.126
  3     87          0.126
  4     87          0.050

Detector: BL_W150_T2.6_D25
Best Detection: 92 mmHg (confidence: 0.260)
Top 10 readings:
  Rank  Pressure    Confidence  
  ------------------------------
  1     92          0.260
  2     91          0.126
  3     87          0.126
  4     87          0.050

Detector: BL_W150_T2.6_D30
Best Detection: 92 mmHg (confidence: 0.260)
Top 10 readings:
  Rank  Pressure    Confidence  
  ------------------------------
  1     92          0.260
  2     91          0.126
  3     87          0.126
  4     87          0.050

Detector: BL_W150_T2.6_D40
Best Detection: 91 mmHg (confidence: 0.208)
Top 10 readings:
  Rank  Pressure    Confidence  
  ------------------------------
  1     91          0.208
  2     91          0.126
  3     87          0.126
  4     87          0.050

Detector: BL_W150_T2.8_D2
Best Detection: 92 mmHg (confidence: 0.208)
Top 10 readings:
  Rank  Pressure    Confidence  
  ------------------------------
  1     92          0.208
  2     91          0.126
  3     87          0.126
  4     86          0.050

Detector: BL_W150_T2.8_D4
Best Detection: 92 mmHg (confidence: 0.208)
Top 10 readings:
  Rank  Pressure    Confidence  
  ------------------------------
  1     92          0.208
  2     91          0.126
  3     87          0.126
  4     86          0.050

Detector: BL_W150_T2.8_D6
Best Detection: 92 mmHg (confidence: 0.208)
Top 10 readings:
  Rank  Pressure    Confidence  
  ------------------------------
  1     92          0.208
  2     91          0.126
  3     87          0.126
  4     86          0.050

Detector: BL_W150_T2.8_D8
Best Detection: 92 mmHg (confidence: 0.208)
Top 10 readings:
  Rank  Pressure    Confidence  
  ------------------------------
  1     92          0.208
  2     91          0.126
  3     87          0.126
  4     86          0.050

Detector: BL_W150_T2.8_D10
Best Detection: 92 mmHg (confidence: 0.260)
Top 10 readings:
  Rank  Pressure    Confidence  
  ------------------------------
  1     92          0.260
  2     91          0.126
  3     87          0.126
  4     86          0.050

Detector: BL_W150_T2.8_D15
Best Detection: 95 mmHg (confidence: 0.340)
Top 10 readings:
  Rank  Pressure    Confidence  
  ------------------------------
  1     95          0.340
  2     101         0.336
  3     92          0.260
  4     91          0.126
  5     87          0.126
  6     86          0.050

Detector: BL_W150_T2.8_D20
Best Detection: 92 mmHg (confidence: 0.208)
Top 10 readings:
  Rank  Pressure    Confidence  
  ------------------------------
  1     92          0.208
  2     91          0.126
  3     87          0.126
  4     86          0.050

Detector: BL_W150_T2.8_D25
Best Detection: 92 mmHg (confidence: 0.208)
Top 10 readings:
  Rank  Pressure    Confidence  
  ------------------------------
  1     92          0.208
  2     91          0.126
  3     87          0.126
  4     86          0.050

Detector: BL_W150_T2.8_D30
Best Detection: 92 mmHg (confidence: 0.208)
Top 10 readings:
  Rank  Pressure    Confidence  
  ------------------------------
  1     92          0.208
  2     91          0.126
  3     87          0.126
  4     86          0.050

Detector: BL_W150_T2.8_D40
Best Detection: 91 mmHg (confidence: 0.208)
Top 10 readings:
  Rank  Pressure    Confidence  
  ------------------------------
  1     91          0.208
  2     91          0.126
  3     87          0.126
  4     86          0.050

Detector: BL_W150_T3.0_D2
Best Detection: 92 mmHg (confidence: 0.208)
Top 10 readings:
  Rank  Pressure    Confidence  
  ------------------------------
  1     92          0.208
  2     91          0.126
  3     86          0.050

Detector: BL_W150_T3.0_D4
Best Detection: 92 mmHg (confidence: 0.208)
Top 10 readings:
  Rank  Pressure    Confidence  
  ------------------------------
  1     92          0.208
  2     91          0.126
  3     86          0.050

Detector: BL_W150_T3.0_D6
Best Detection: 92 mmHg (confidence: 0.208)
Top 10 readings:
  Rank  Pressure    Confidence  
  ------------------------------
  1     92          0.208
  2     91          0.126
  3     86          0.050

Detector: BL_W150_T3.0_D8
Best Detection: 92 mmHg (confidence: 0.208)
Top 10 readings:
  Rank  Pressure    Confidence  
  ------------------------------
  1     92          0.208
  2     91          0.126
  3     86          0.050

Detector: BL_W150_T3.0_D10
Best Detection: 92 mmHg (confidence: 0.260)
Top 10 readings:
  Rank  Pressure    Confidence  
  ------------------------------
  1     92          0.260
  2     91          0.126
  3     86          0.050

Detector: BL_W150_T3.0_D15
Best Detection: 95 mmHg (confidence: 0.340)
Top 10 readings:
  Rank  Pressure    Confidence  
  ------------------------------
  1     95          0.340
  2     101         0.336
  3     92          0.260
  4     91          0.126
  5     86          0.050

Detector: BL_W150_T3.0_D20
Best Detection: 92 mmHg (confidence: 0.208)
Top 10 readings:
  Rank  Pressure    Confidence  
  ------------------------------
  1     92          0.208
  2     91          0.126
  3     86          0.050

Detector: BL_W150_T3.0_D25
Best Detection: 92 mmHg (confidence: 0.208)
Top 10 readings:
  Rank  Pressure    Confidence  
  ------------------------------
  1     92          0.208
  2     91          0.126
  3     86          0.050

Detector: BL_W150_T3.0_D30
Best Detection: 92 mmHg (confidence: 0.208)
Top 10 readings:
  Rank  Pressure    Confidence  
  ------------------------------
  1     92          0.208
  2     91          0.126
  3     86          0.050

Detector: BL_W150_T3.0_D40
Best Detection: 91 mmHg (confidence: 0.208)
Top 10 readings:
  Rank  Pressure    Confidence  
  ------------------------------
  1     91          0.208
  2     91          0.126
  3     86          0.050

Detector: BL_W150_T3.2_D2
Best Detection: 92 mmHg (confidence: 0.208)
Top 10 readings:
  Rank  Pressure    Confidence  
  ------------------------------
  1     92          0.208
  2     91          0.126
  3     86          0.050

Detector: BL_W150_T3.2_D4
Best Detection: 92 mmHg (confidence: 0.208)
Top 10 readings:
  Rank  Pressure    Confidence  
  ------------------------------
  1     92          0.208
  2     91          0.126
  3     86          0.050

Detector: BL_W150_T3.2_D6
Best Detection: 92 mmHg (confidence: 0.208)
Top 10 readings:
  Rank  Pressure    Confidence  
  ------------------------------
  1     92          0.208
  2     91          0.126
  3     86          0.050

Detector: BL_W150_T3.2_D8
Best Detection: 92 mmHg (confidence: 0.208)
Top 10 readings:
  Rank  Pressure    Confidence  
  ------------------------------
  1     92          0.208
  2     91          0.126
  3     86          0.050

Detector: BL_W150_T3.2_D10
Best Detection: 92 mmHg (confidence: 0.260)
Top 10 readings:
  Rank  Pressure    Confidence  
  ------------------------------
  1     92          0.260
  2     91          0.126
  3     86          0.050

Detector: BL_W150_T3.2_D15
Best Detection: 95 mmHg (confidence: 0.340)
Top 10 readings:
  Rank  Pressure    Confidence  
  ------------------------------
  1     95          0.340
  2     101         0.336
  3     92          0.260
  4     91          0.126
  5     86          0.050

Detector: BL_W150_T3.2_D20
Best Detection: 92 mmHg (confidence: 0.208)
Top 10 readings:
  Rank  Pressure    Confidence  
  ------------------------------
  1     92          0.208
  2     91          0.126
  3     86          0.050

Detector: BL_W150_T3.2_D25
Best Detection: 92 mmHg (confidence: 0.208)
Top 10 readings:
  Rank  Pressure    Confidence  
  ------------------------------
  1     92          0.208
  2     91          0.126
  3     86          0.050

Detector: BL_W150_T3.2_D30
Best Detection: 92 mmHg (confidence: 0.208)
Top 10 readings:
  Rank  Pressure    Confidence  
  ------------------------------
  1     92          0.208
  2     91          0.126
  3     86          0.050

Detector: BL_W150_T3.2_D40
Best Detection: 91 mmHg (confidence: 0.208)
Top 10 readings:
  Rank  Pressure    Confidence  
  ------------------------------
  1     91          0.208
  2     91          0.126
  3     86          0.050

Detector: BL_W150_T3.5_D2
Best Detection: 91 mmHg (confidence: 0.126)
Top 10 readings:
  Rank  Pressure    Confidence  
  ------------------------------
  1     91          0.126
  2     91          0.050

Detector: BL_W150_T3.5_D4
Best Detection: 91 mmHg (confidence: 0.126)
Top 10 readings:
  Rank  Pressure    Confidence  
  ------------------------------
  1     91          0.126
  2     91          0.050

Detector: BL_W150_T3.5_D6
Best Detection: 91 mmHg (confidence: 0.126)
Top 10 readings:
  Rank  Pressure    Confidence  
  ------------------------------
  1     91          0.126
  2     91          0.050

Detector: BL_W150_T3.5_D8
Best Detection: 91 mmHg (confidence: 0.126)
Top 10 readings:
  Rank  Pressure    Confidence  
  ------------------------------
  1     91          0.126
  2     91          0.050

Detector: BL_W150_T3.5_D10
Best Detection: 92 mmHg (confidence: 0.126)
Top 10 readings:
  Rank  Pressure    Confidence  
  ------------------------------
  1     92          0.126
  2     91          0.050

Detector: BL_W150_T3.5_D15
Best Detection: 101 mmHg (confidence: 0.272)
Top 10 readings:
  Rank  Pressure    Confidence  
  ------------------------------
  1     101         0.272
  2     95          0.260
  3     92          0.126
  4     91          0.050

Detector: BL_W150_T3.5_D20
Best Detection: 92 mmHg (confidence: 0.126)
Top 10 readings:
  Rank  Pressure    Confidence  
  ------------------------------
  1     92          0.126
  2     91          0.050

Detector: BL_W150_T3.5_D25
Best Detection: 92 mmHg (confidence: 0.126)
Top 10 readings:
  Rank  Pressure    Confidence  
  ------------------------------
  1     92          0.126
  2     91          0.050

Detector: BL_W150_T3.5_D30
Best Detection: 92 mmHg (confidence: 0.126)
Top 10 readings:
  Rank  Pressure    Confidence  
  ------------------------------
  1     92          0.126
  2     91          0.050

Detector: BL_W150_T3.5_D40
Best Detection: 91 mmHg (confidence: 0.126)
Top 10 readings:
  Rank  Pressure    Confidence  
  ------------------------------
  1     91          0.126
  2     91          0.050

Detector: BL_W150_T3.8_D2
Best Detection: 91 mmHg (confidence: 0.126)
Top 10 readings:
  Rank  Pressure    Confidence  
  ------------------------------
  1     91          0.126
  2     91          0.050

Detector: BL_W150_T3.8_D4
Best Detection: 91 mmHg (confidence: 0.126)
Top 10 readings:
  Rank  Pressure    Confidence  
  ------------------------------
  1     91          0.126
  2     91          0.050

Detector: BL_W150_T3.8_D6
Best Detection: 91 mmHg (confidence: 0.126)
Top 10 readings:
  Rank  Pressure    Confidence  
  ------------------------------
  1     91          0.126
  2     91          0.050

Detector: BL_W150_T3.8_D8
Best Detection: 91 mmHg (confidence: 0.126)
Top 10 readings:
  Rank  Pressure    Confidence  
  ------------------------------
  1     91          0.126
  2     91          0.050

Detector: BL_W150_T3.8_D10
Best Detection: 92 mmHg (confidence: 0.126)
Top 10 readings:
  Rank  Pressure    Confidence  
  ------------------------------
  1     92          0.126
  2     91          0.050

Detector: BL_W150_T3.8_D15
Best Detection: 101 mmHg (confidence: 0.272)
Top 10 readings:
  Rank  Pressure    Confidence  
  ------------------------------
  1     101         0.272
  2     95          0.260
  3     92          0.126
  4     91          0.050

Detector: BL_W150_T3.8_D20
Best Detection: 92 mmHg (confidence: 0.126)
Top 10 readings:
  Rank  Pressure    Confidence  
  ------------------------------
  1     92          0.126
  2     91          0.050

Detector: BL_W150_T3.8_D25
Best Detection: 92 mmHg (confidence: 0.126)
Top 10 readings:
  Rank  Pressure    Confidence  
  ------------------------------
  1     92          0.126
  2     91          0.050

Detector: BL_W150_T3.8_D30
Best Detection: 92 mmHg (confidence: 0.126)
Top 10 readings:
  Rank  Pressure    Confidence  
  ------------------------------
  1     92          0.126
  2     91          0.050

Detector: BL_W150_T3.8_D40
Best Detection: 91 mmHg (confidence: 0.126)
Top 10 readings:
  Rank  Pressure    Confidence  
  ------------------------------
  1     91          0.126
  2     91          0.050

Detector: BL_W150_T4.0_D2
Best Detection: 91 mmHg (confidence: 0.050)
Top 10 readings:
  Rank  Pressure    Confidence  
  ------------------------------
  1     91          0.050

Detector: BL_W150_T4.0_D4
Best Detection: 91 mmHg (confidence: 0.050)
Top 10 readings:
  Rank  Pressure    Confidence  
  ------------------------------
  1     91          0.050

Detector: BL_W150_T4.0_D6
Best Detection: 91 mmHg (confidence: 0.050)
Top 10 readings:
  Rank  Pressure    Confidence  
  ------------------------------
  1     91          0.050

Detector: BL_W150_T4.0_D8
Best Detection: 91 mmHg (confidence: 0.050)
Top 10 readings:
  Rank  Pressure    Confidence  
  ------------------------------
  1     91          0.050

Detector: BL_W150_T4.0_D10
Best Detection: 92 mmHg (confidence: 0.126)
Top 10 readings:
  Rank  Pressure    Confidence  
  ------------------------------
  1     92          0.126
  2     91          0.050

Detector: BL_W150_T4.0_D15
Best Detection: 101 mmHg (confidence: 0.272)
Top 10 readings:
  Rank  Pressure    Confidence  
  ------------------------------
  1     101         0.272
  2     95          0.260
  3     92          0.126
  4     91          0.050

Detector: BL_W150_T4.0_D20
Best Detection: 92 mmHg (confidence: 0.126)
Top 10 readings:
  Rank  Pressure    Confidence  
  ------------------------------
  1     92          0.126
  2     91          0.050

Detector: BL_W150_T4.0_D25
Best Detection: 92 mmHg (confidence: 0.126)
Top 10 readings:
  Rank  Pressure    Confidence  
  ------------------------------
  1     92          0.126
  2     91          0.050

Detector: BL_W150_T4.0_D30
Best Detection: 92 mmHg (confidence: 0.126)
Top 10 readings:
  Rank  Pressure    Confidence  
  ------------------------------
  1     92          0.126
  2     91          0.050

Detector: BL_W150_T4.0_D40
Best Detection: 91 mmHg (confidence: 0.126)
Top 10 readings:
  Rank  Pressure    Confidence  
  ------------------------------
  1     91          0.126
  2     91          0.050

Detector: BL_W150_T4.2_D2
Best Detection: 91 mmHg (confidence: 0.050)
Top 10 readings:
  Rank  Pressure    Confidence  
  ------------------------------
  1     91          0.050

Detector: BL_W150_T4.2_D4
Best Detection: 91 mmHg (confidence: 0.050)
Top 10 readings:
  Rank  Pressure    Confidence  
  ------------------------------
  1     91          0.050

Detector: BL_W150_T4.2_D6
Best Detection: 91 mmHg (confidence: 0.050)
Top 10 readings:
  Rank  Pressure    Confidence  
  ------------------------------
  1     91          0.050

Detector: BL_W150_T4.2_D8
Best Detection: 91 mmHg (confidence: 0.050)
Top 10 readings:
  Rank  Pressure    Confidence  
  ------------------------------
  1     91          0.050

Detector: BL_W150_T4.2_D10
Best Detection: 92 mmHg (confidence: 0.126)
Top 10 readings:
  Rank  Pressure    Confidence  
  ------------------------------
  1     92          0.126
  2     91          0.050

Detector: BL_W150_T4.2_D15
Best Detection: 101 mmHg (confidence: 0.272)
Top 10 readings:
  Rank  Pressure    Confidence  
  ------------------------------
  1     101         0.272
  2     95          0.260
  3     92          0.126
  4     91          0.050

Detector: BL_W150_T4.2_D20
Best Detection: 92 mmHg (confidence: 0.126)
Top 10 readings:
  Rank  Pressure    Confidence  
  ------------------------------
  1     92          0.126
  2     91          0.050

Detector: BL_W150_T4.2_D25
Best Detection: 92 mmHg (confidence: 0.126)
Top 10 readings:
  Rank  Pressure    Confidence  
  ------------------------------
  1     92          0.126
  2     91          0.050

Detector: BL_W150_T4.2_D30
Best Detection: 92 mmHg (confidence: 0.126)
Top 10 readings:
  Rank  Pressure    Confidence  
  ------------------------------
  1     92          0.126
  2     91          0.050

Detector: BL_W150_T4.2_D40
Best Detection: 91 mmHg (confidence: 0.126)
Top 10 readings:
  Rank  Pressure    Confidence  
  ------------------------------
  1     91          0.126
  2     91          0.050

Detector: BL_W150_T4.5_D2
Best Detection: 91 mmHg (confidence: 0.050)
Top 10 readings:
  Rank  Pressure    Confidence  
  ------------------------------
  1     91          0.050

Detector: BL_W150_T4.5_D4
Best Detection: 91 mmHg (confidence: 0.050)
Top 10 readings:
  Rank  Pressure    Confidence  
  ------------------------------
  1     91          0.050

Detector: BL_W150_T4.5_D6
Best Detection: 91 mmHg (confidence: 0.050)
Top 10 readings:
  Rank  Pressure    Confidence  
  ------------------------------
  1     91          0.050

Detector: BL_W150_T4.5_D8
Best Detection: 91 mmHg (confidence: 0.050)
Top 10 readings:
  Rank  Pressure    Confidence  
  ------------------------------
  1     91          0.050

Detector: BL_W150_T4.5_D10
Best Detection: 92 mmHg (confidence: 0.126)
Top 10 readings:
  Rank  Pressure    Confidence  
  ------------------------------
  1     92          0.126
  2     91          0.050

Detector: BL_W150_T4.5_D15
Best Detection: 101 mmHg (confidence: 0.272)
Top 10 readings:
  Rank  Pressure    Confidence  
  ------------------------------
  1     101         0.272
  2     95          0.260
  3     92          0.126
  4     91          0.050

Detector: BL_W150_T4.5_D20
Best Detection: 92 mmHg (confidence: 0.126)
Top 10 readings:
  Rank  Pressure    Confidence  
  ------------------------------
  1     92          0.126
  2     91          0.050

Detector: BL_W150_T4.5_D25
Best Detection: 92 mmHg (confidence: 0.126)
Top 10 readings:
  Rank  Pressure    Confidence  
  ------------------------------
  1     92          0.126
  2     91          0.050

Detector: BL_W150_T4.5_D30
Best Detection: 92 mmHg (confidence: 0.126)
Top 10 readings:
  Rank  Pressure    Confidence  
  ------------------------------
  1     92          0.126
  2     91          0.050

Detector: BL_W150_T4.5_D40
Best Detection: 91 mmHg (confidence: 0.126)
Top 10 readings:
  Rank  Pressure    Confidence  
  ------------------------------
  1     91          0.126
  2     91          0.050

Detector: BL_W150_T4.8_D2
Best Detection: 91 mmHg (confidence: 0.050)
Top 10 readings:
  Rank  Pressure    Confidence  
  ------------------------------
  1     91          0.050

Detector: BL_W150_T4.8_D4
Best Detection: 91 mmHg (confidence: 0.050)
Top 10 readings:
  Rank  Pressure    Confidence  
  ------------------------------
  1     91          0.050

Detector: BL_W150_T4.8_D6
Best Detection: 91 mmHg (confidence: 0.050)
Top 10 readings:
  Rank  Pressure    Confidence  
  ------------------------------
  1     91          0.050

Detector: BL_W150_T4.8_D8
Best Detection: 91 mmHg (confidence: 0.050)
Top 10 readings:
  Rank  Pressure    Confidence  
  ------------------------------
  1     91          0.050

Detector: BL_W150_T4.8_D10
Best Detection: 92 mmHg (confidence: 0.126)
Top 10 readings:
  Rank  Pressure    Confidence  
  ------------------------------
  1     92          0.126
  2     91          0.050

Detector: BL_W150_T4.8_D15
Best Detection: 101 mmHg (confidence: 0.272)
Top 10 readings:
  Rank  Pressure    Confidence  
  ------------------------------
  1     101         0.272
  2     95          0.260
  3     92          0.126
  4     91          0.050

Detector: BL_W150_T4.8_D20
Best Detection: 92 mmHg (confidence: 0.126)
Top 10 readings:
  Rank  Pressure    Confidence  
  ------------------------------
  1     92          0.126
  2     91          0.050

Detector: BL_W150_T4.8_D25
Best Detection: 92 mmHg (confidence: 0.126)
Top 10 readings:
  Rank  Pressure    Confidence  
  ------------------------------
  1     92          0.126
  2     91          0.050

Detector: BL_W150_T4.8_D30
Best Detection: 92 mmHg (confidence: 0.126)
Top 10 readings:
  Rank  Pressure    Confidence  
  ------------------------------
  1     92          0.126
  2     91          0.050

Detector: BL_W150_T4.8_D40
Best Detection: 91 mmHg (confidence: 0.126)
Top 10 readings:
  Rank  Pressure    Confidence  
  ------------------------------
  1     91          0.126
  2     91          0.050

Detector: BL_W150_T5.0_D2
Best Detection: 91 mmHg (confidence: 0.050)
Top 10 readings:
  Rank  Pressure    Confidence  
  ------------------------------
  1     91          0.050

Detector: BL_W150_T5.0_D4
Best Detection: 91 mmHg (confidence: 0.050)
Top 10 readings:
  Rank  Pressure    Confidence  
  ------------------------------
  1     91          0.050

Detector: BL_W150_T5.0_D6
Best Detection: 91 mmHg (confidence: 0.050)
Top 10 readings:
  Rank  Pressure    Confidence  
  ------------------------------
  1     91          0.050

Detector: BL_W150_T5.0_D8
Best Detection: 91 mmHg (confidence: 0.050)
Top 10 readings:
  Rank  Pressure    Confidence  
  ------------------------------
  1     91          0.050

Detector: BL_W150_T5.0_D10
Best Detection: 92 mmHg (confidence: 0.126)
Top 10 readings:
  Rank  Pressure    Confidence  
  ------------------------------
  1     92          0.126
  2     91          0.050

Detector: BL_W150_T5.0_D15
Best Detection: 101 mmHg (confidence: 0.272)
Top 10 readings:
  Rank  Pressure    Confidence  
  ------------------------------
  1     101         0.272
  2     95          0.260
  3     92          0.126
  4     91          0.050

Detector: BL_W150_T5.0_D20
Best Detection: 92 mmHg (confidence: 0.126)
Top 10 readings:
  Rank  Pressure    Confidence  
  ------------------------------
  1     92          0.126
  2     91          0.050

Detector: BL_W150_T5.0_D25
Best Detection: 92 mmHg (confidence: 0.126)
Top 10 readings:
  Rank  Pressure    Confidence  
  ------------------------------
  1     92          0.126
  2     91          0.050

Detector: BL_W150_T5.0_D30
Best Detection: 92 mmHg (confidence: 0.126)
Top 10 readings:
  Rank  Pressure    Confidence  
  ------------------------------
  1     92          0.126
  2     91          0.050

Detector: BL_W150_T5.0_D40
Best Detection: 91 mmHg (confidence: 0.126)
Top 10 readings:
  Rank  Pressure    Confidence  
  ------------------------------
  1     91          0.126
  2     91          0.050

Detector: BL_W150_T5.5_D2
Best Detection: 90 mmHg (confidence: 0.050)
Top 10 readings:
  Rank  Pressure    Confidence  
  ------------------------------
  1     90          0.050

Detector: BL_W150_T5.5_D4
Best Detection: 90 mmHg (confidence: 0.050)
Top 10 readings:
  Rank  Pressure    Confidence  
  ------------------------------
  1     90          0.050

Detector: BL_W150_T5.5_D6
Best Detection: 90 mmHg (confidence: 0.050)
Top 10 readings:
  Rank  Pressure    Confidence  
  ------------------------------
  1     90          0.050

Detector: BL_W150_T5.5_D8
Best Detection: 90 mmHg (confidence: 0.050)
Top 10 readings:
  Rank  Pressure    Confidence  
  ------------------------------
  1     90          0.050

Detector: BL_W150_T5.5_D10
Best Detection: 92 mmHg (confidence: 0.126)
Top 10 readings:
  Rank  Pressure    Confidence  
  ------------------------------
  1     92          0.126
  2     90          0.050

Detector: BL_W150_T5.5_D15
Best Detection: 101 mmHg (confidence: 0.272)
Top 10 readings:
  Rank  Pressure    Confidence  
  ------------------------------
  1     101         0.272
  2     95          0.260
  3     92          0.126
  4     91          0.050

Detector: BL_W150_T5.5_D20
Best Detection: 92 mmHg (confidence: 0.126)
Top 10 readings:
  Rank  Pressure    Confidence  
  ------------------------------
  1     92          0.126
  2     91          0.050

Detector: BL_W150_T5.5_D25
Best Detection: 92 mmHg (confidence: 0.126)
Top 10 readings:
  Rank  Pressure    Confidence  
  ------------------------------
  1     92          0.126
  2     91          0.050

Detector: BL_W150_T5.5_D30
Best Detection: 92 mmHg (confidence: 0.126)
Top 10 readings:
  Rank  Pressure    Confidence  
  ------------------------------
  1     92          0.126
  2     91          0.050

Detector: BL_W150_T5.5_D40
Best Detection: 91 mmHg (confidence: 0.126)
Top 10 readings:
  Rank  Pressure    Confidence  
  ------------------------------
  1     91          0.126
  2     91          0.050

Detector: BL_W150_T6.0_D2
Best Detection: 90 mmHg (confidence: 0.050)
Top 10 readings:
  Rank  Pressure    Confidence  
  ------------------------------
  1     90          0.050

Detector: BL_W150_T6.0_D4
Best Detection: 90 mmHg (confidence: 0.050)
Top 10 readings:
  Rank  Pressure    Confidence  
  ------------------------------
  1     90          0.050

Detector: BL_W150_T6.0_D6
Best Detection: 90 mmHg (confidence: 0.050)
Top 10 readings:
  Rank  Pressure    Confidence  
  ------------------------------
  1     90          0.050

Detector: BL_W150_T6.0_D8
Best Detection: 90 mmHg (confidence: 0.050)
Top 10 readings:
  Rank  Pressure    Confidence  
  ------------------------------
  1     90          0.050

Detector: BL_W150_T6.0_D10
Best Detection: 92 mmHg (confidence: 0.126)
Top 10 readings:
  Rank  Pressure    Confidence  
  ------------------------------
  1     92          0.126
  2     90          0.050

Detector: BL_W150_T6.0_D15
Best Detection: 101 mmHg (confidence: 0.272)
Top 10 readings:
  Rank  Pressure    Confidence  
  ------------------------------
  1     101         0.272
  2     95          0.260
  3     92          0.126
  4     91          0.050

Detector: BL_W150_T6.0_D20
Best Detection: 92 mmHg (confidence: 0.126)
Top 10 readings:
  Rank  Pressure    Confidence  
  ------------------------------
  1     92          0.126
  2     91          0.050

Detector: BL_W150_T6.0_D25
Best Detection: 92 mmHg (confidence: 0.126)
Top 10 readings:
  Rank  Pressure    Confidence  
  ------------------------------
  1     92          0.126
  2     91          0.050

Detector: BL_W150_T6.0_D30
Best Detection: 92 mmHg (confidence: 0.126)
Top 10 readings:
  Rank  Pressure    Confidence  
  ------------------------------
  1     92          0.126
  2     91          0.050

Detector: BL_W150_T6.0_D40
Best Detection: 91 mmHg (confidence: 0.126)
Top 10 readings:
  Rank  Pressure    Confidence  
  ------------------------------
  1     91          0.126
  2     91          0.050

Detector: BL_W160_T1.8_D2
Best Detection: 92 mmHg (confidence: 0.464)
Top 10 readings:
  Rank  Pressure    Confidence  
  ------------------------------
  1     92          0.464
  2     91          0.400
  3     79          0.260
  4     87          0.250
  5     87          0.210
  6     84          0.170
  7     77          0.126
  8     75          0.050

Detector: BL_W160_T1.8_D4
Best Detection: 92 mmHg (confidence: 0.464)
Top 10 readings:
  Rank  Pressure    Confidence  
  ------------------------------
  1     92          0.464
  2     91          0.400
  3     79          0.260
  4     87          0.250
  5     87          0.210
  6     84          0.170
  7     77          0.126
  8     75          0.050

Detector: BL_W160_T1.8_D6
Best Detection: 92 mmHg (confidence: 0.464)
Top 10 readings:
  Rank  Pressure    Confidence  
  ------------------------------
  1     92          0.464
  2     91          0.400
  3     79          0.260
  4     87          0.250
  5     87          0.210
  6     84          0.170
  7     77          0.126
  8     75          0.050

Detector: BL_W160_T1.8_D8
Best Detection: 92 mmHg (confidence: 0.464)
Top 10 readings:
  Rank  Pressure    Confidence  
  ------------------------------
  1     92          0.464
  2     91          0.400
  3     79          0.260
  4     87          0.250
  5     87          0.210
  6     84          0.170
  7     77          0.126
  8     75          0.050

Detector: BL_W160_T1.8_D10
Best Detection: 92 mmHg (confidence: 0.464)
Top 10 readings:
  Rank  Pressure    Confidence  
  ------------------------------
  1     92          0.464
  2     91          0.400
  3     79          0.260
  4     87          0.250
  5     87          0.210
  6     84          0.170
  7     77          0.126
  8     75          0.050

Detector: BL_W160_T1.8_D15
Best Detection: 101 mmHg (confidence: 0.592)
Top 10 readings:
  Rank  Pressure    Confidence  
  ------------------------------
  1     101         0.592
  2     95          0.528
  3     92          0.464
  4     91          0.400
  5     79          0.260
  6     87          0.250
  7     87          0.210
  8     84          0.170
  9     77          0.126
  10    75          0.050

Detector: BL_W160_T1.8_D20
Best Detection: 91 mmHg (confidence: 0.400)
Top 10 readings:
  Rank  Pressure    Confidence  
  ------------------------------
  1     91          0.400
  2     92          0.290
  3     79          0.260
  4     87          0.250
  5     87          0.210
  6     84          0.170
  7     77          0.126
  8     75          0.050

Detector: BL_W160_T1.8_D25
Best Detection: 91 mmHg (confidence: 0.400)
Top 10 readings:
  Rank  Pressure    Confidence  
  ------------------------------
  1     91          0.400
  2     92          0.290
  3     79          0.260
  4     87          0.250
  5     87          0.210
  6     84          0.170
  7     77          0.126
  8     75          0.050

Detector: BL_W160_T1.8_D30
Best Detection: 91 mmHg (confidence: 0.400)
Top 10 readings:
  Rank  Pressure    Confidence  
  ------------------------------
  1     91          0.400
  2     92          0.290
  3     79          0.260
  4     87          0.250
  5     87          0.210
  6     84          0.170
  7     77          0.126
  8     75          0.050

Detector: BL_W160_T1.8_D40
Best Detection: 91 mmHg (confidence: 0.400)
Top 10 readings:
  Rank  Pressure    Confidence  
  ------------------------------
  1     91          0.400
  2     79          0.260
  3     87          0.250
  4     87          0.210
  5     84          0.170
  6     77          0.126
  7     75          0.050

Detector: BL_W160_T2.0_D2
Best Detection: 92 mmHg (confidence: 0.260)
Top 10 readings:
  Rank  Pressure    Confidence  
  ------------------------------
  1     92          0.260
  2     91          0.126
  3     87          0.126
  4     77          0.126
  5     75          0.050
  6     87          0.010

Detector: BL_W160_T2.0_D4
Best Detection: 92 mmHg (confidence: 0.260)
Top 10 readings:
  Rank  Pressure    Confidence  
  ------------------------------
  1     92          0.260
  2     91          0.126
  3     87          0.126
  4     77          0.126
  5     75          0.050
  6     87          0.010

Detector: BL_W160_T2.0_D6
Best Detection: 92 mmHg (confidence: 0.260)
Top 10 readings:
  Rank  Pressure    Confidence  
  ------------------------------
  1     92          0.260
  2     91          0.126
  3     87          0.126
  4     77          0.126
  5     75          0.050
  6     87          0.010

Detector: BL_W160_T2.0_D8
Best Detection: 92 mmHg (confidence: 0.260)
Top 10 readings:
  Rank  Pressure    Confidence  
  ------------------------------
  1     92          0.260
  2     91          0.126
  3     87          0.126
  4     77          0.126
  5     75          0.050
  6     87          0.010

Detector: BL_W160_T2.0_D10
Best Detection: 92 mmHg (confidence: 0.260)
Top 10 readings:
  Rank  Pressure    Confidence  
  ------------------------------
  1     92          0.260
  2     91          0.126
  3     87          0.126
  4     77          0.126
  5     75          0.050
  6     87          0.010

Detector: BL_W160_T2.0_D15
Best Detection: 95 mmHg (confidence: 0.340)
Top 10 readings:
  Rank  Pressure    Confidence  
  ------------------------------
  1     95          0.340
  2     101         0.336
  3     92          0.260
  4     91          0.126
  5     87          0.126
  6     77          0.126
  7     75          0.050
  8     87          0.010

Detector: BL_W160_T2.0_D20
Best Detection: 92 mmHg (confidence: 0.260)
Top 10 readings:
  Rank  Pressure    Confidence  
  ------------------------------
  1     92          0.260
  2     91          0.126
  3     87          0.126
  4     77          0.126
  5     75          0.050
  6     87          0.010

Detector: BL_W160_T2.0_D25
Best Detection: 92 mmHg (confidence: 0.260)
Top 10 readings:
  Rank  Pressure    Confidence  
  ------------------------------
  1     92          0.260
  2     91          0.126
  3     87          0.126
  4     77          0.126
  5     75          0.050
  6     87          0.010

Detector: BL_W160_T2.0_D30
Best Detection: 92 mmHg (confidence: 0.260)
Top 10 readings:
  Rank  Pressure    Confidence  
  ------------------------------
  1     92          0.260
  2     91          0.126
  3     87          0.126
  4     77          0.126
  5     75          0.050
  6     87          0.010

Detector: BL_W160_T2.0_D40
Best Detection: 91 mmHg (confidence: 0.126)
Top 10 readings:
  Rank  Pressure    Confidence  
  ------------------------------
  1     91          0.126
  2     87          0.126
  3     77          0.126
  4     75          0.050
  5     87          0.010

Detector: BL_W160_T2.2_D2
Best Detection: 92 mmHg (confidence: 0.260)
Top 10 readings:
  Rank  Pressure    Confidence  
  ------------------------------
  1     92          0.260
  2     91          0.126
  3     87          0.126
  4     77          0.126
  5     75          0.050
  6     87          0.010

Detector: BL_W160_T2.2_D4
Best Detection: 92 mmHg (confidence: 0.260)
Top 10 readings:
  Rank  Pressure    Confidence  
  ------------------------------
  1     92          0.260
  2     91          0.126
  3     87          0.126
  4     77          0.126
  5     75          0.050
  6     87          0.010

Detector: BL_W160_T2.2_D6
Best Detection: 92 mmHg (confidence: 0.260)
Top 10 readings:
  Rank  Pressure    Confidence  
  ------------------------------
  1     92          0.260
  2     91          0.126
  3     87          0.126
  4     77          0.126
  5     75          0.050
  6     87          0.010

Detector: BL_W160_T2.2_D8
Best Detection: 92 mmHg (confidence: 0.260)
Top 10 readings:
  Rank  Pressure    Confidence  
  ------------------------------
  1     92          0.260
  2     91          0.126
  3     87          0.126
  4     77          0.126
  5     75          0.050
  6     87          0.010

Detector: BL_W160_T2.2_D10
Best Detection: 92 mmHg (confidence: 0.260)
Top 10 readings:
  Rank  Pressure    Confidence  
  ------------------------------
  1     92          0.260
  2     91          0.126
  3     87          0.126
  4     77          0.126
  5     75          0.050
  6     87          0.010

Detector: BL_W160_T2.2_D15
Best Detection: 95 mmHg (confidence: 0.340)
Top 10 readings:
  Rank  Pressure    Confidence  
  ------------------------------
  1     95          0.340
  2     101         0.336
  3     92          0.260
  4     91          0.126
  5     87          0.126
  6     77          0.126
  7     75          0.050
  8     87          0.010

Detector: BL_W160_T2.2_D20
Best Detection: 92 mmHg (confidence: 0.260)
Top 10 readings:
  Rank  Pressure    Confidence  
  ------------------------------
  1     92          0.260
  2     91          0.126
  3     87          0.126
  4     77          0.126
  5     75          0.050
  6     87          0.010

Detector: BL_W160_T2.2_D25
Best Detection: 92 mmHg (confidence: 0.260)
Top 10 readings:
  Rank  Pressure    Confidence  
  ------------------------------
  1     92          0.260
  2     91          0.126
  3     87          0.126
  4     77          0.126
  5     75          0.050
  6     87          0.010

Detector: BL_W160_T2.2_D30
Best Detection: 92 mmHg (confidence: 0.260)
Top 10 readings:
  Rank  Pressure    Confidence  
  ------------------------------
  1     92          0.260
  2     91          0.126
  3     87          0.126
  4     77          0.126
  5     75          0.050
  6     87          0.010

Detector: BL_W160_T2.2_D40
Best Detection: 91 mmHg (confidence: 0.126)
Top 10 readings:
  Rank  Pressure    Confidence  
  ------------------------------
  1     91          0.126
  2     87          0.126
  3     77          0.126
  4     75          0.050
  5     87          0.010

Detector: BL_W160_T2.4_D2
Best Detection: 92 mmHg (confidence: 0.260)
Top 10 readings:
  Rank  Pressure    Confidence  
  ------------------------------
  1     92          0.260
  2     91          0.126
  3     87          0.126
  4     77          0.126
  5     75          0.050
  6     87          0.010

Detector: BL_W160_T2.4_D4
Best Detection: 92 mmHg (confidence: 0.260)
Top 10 readings:
  Rank  Pressure    Confidence  
  ------------------------------
  1     92          0.260
  2     91          0.126
  3     87          0.126
  4     77          0.126
  5     75          0.050
  6     87          0.010

Detector: BL_W160_T2.4_D6
Best Detection: 92 mmHg (confidence: 0.260)
Top 10 readings:
  Rank  Pressure    Confidence  
  ------------------------------
  1     92          0.260
  2     91          0.126
  3     87          0.126
  4     77          0.126
  5     75          0.050
  6     87          0.010

Detector: BL_W160_T2.4_D8
Best Detection: 92 mmHg (confidence: 0.260)
Top 10 readings:
  Rank  Pressure    Confidence  
  ------------------------------
  1     92          0.260
  2     91          0.126
  3     87          0.126
  4     77          0.126
  5     75          0.050
  6     87          0.010

Detector: BL_W160_T2.4_D10
Best Detection: 92 mmHg (confidence: 0.260)
Top 10 readings:
  Rank  Pressure    Confidence  
  ------------------------------
  1     92          0.260
  2     91          0.126
  3     87          0.126
  4     77          0.126
  5     75          0.050
  6     87          0.010

Detector: BL_W160_T2.4_D15
Best Detection: 95 mmHg (confidence: 0.340)
Top 10 readings:
  Rank  Pressure    Confidence  
  ------------------------------
  1     95          0.340
  2     101         0.336
  3     92          0.260
  4     91          0.126
  5     87          0.126
  6     77          0.126
  7     75          0.050
  8     87          0.010

Detector: BL_W160_T2.4_D20
Best Detection: 92 mmHg (confidence: 0.260)
Top 10 readings:
  Rank  Pressure    Confidence  
  ------------------------------
  1     92          0.260
  2     91          0.126
  3     87          0.126
  4     77          0.126
  5     75          0.050
  6     87          0.010

Detector: BL_W160_T2.4_D25
Best Detection: 92 mmHg (confidence: 0.260)
Top 10 readings:
  Rank  Pressure    Confidence  
  ------------------------------
  1     92          0.260
  2     91          0.126
  3     87          0.126
  4     77          0.126
  5     75          0.050
  6     87          0.010

Detector: BL_W160_T2.4_D30
Best Detection: 92 mmHg (confidence: 0.260)
Top 10 readings:
  Rank  Pressure    Confidence  
  ------------------------------
  1     92          0.260
  2     91          0.126
  3     87          0.126
  4     77          0.126
  5     75          0.050
  6     87          0.010

Detector: BL_W160_T2.4_D40
Best Detection: 91 mmHg (confidence: 0.126)
Top 10 readings:
  Rank  Pressure    Confidence  
  ------------------------------
  1     91          0.126
  2     87          0.126
  3     77          0.126
  4     75          0.050
  5     87          0.010

Detector: BL_W160_T2.6_D2
Best Detection: 92 mmHg (confidence: 0.260)
Top 10 readings:
  Rank  Pressure    Confidence  
  ------------------------------
  1     92          0.260
  2     91          0.126
  3     87          0.126
  4     75          0.050
  5     87          0.010

Detector: BL_W160_T2.6_D4
Best Detection: 92 mmHg (confidence: 0.260)
Top 10 readings:
  Rank  Pressure    Confidence  
  ------------------------------
  1     92          0.260
  2     91          0.126
  3     87          0.126
  4     75          0.050
  5     87          0.010

Detector: BL_W160_T2.6_D6
Best Detection: 92 mmHg (confidence: 0.260)
Top 10 readings:
  Rank  Pressure    Confidence  
  ------------------------------
  1     92          0.260
  2     91          0.126
  3     87          0.126
  4     75          0.050
  5     87          0.010

Detector: BL_W160_T2.6_D8
Best Detection: 92 mmHg (confidence: 0.260)
Top 10 readings:
  Rank  Pressure    Confidence  
  ------------------------------
  1     92          0.260
  2     91          0.126
  3     87          0.126
  4     75          0.050
  5     87          0.010

Detector: BL_W160_T2.6_D10
Best Detection: 92 mmHg (confidence: 0.260)
Top 10 readings:
  Rank  Pressure    Confidence  
  ------------------------------
  1     92          0.260
  2     91          0.126
  3     87          0.126
  4     75          0.050
  5     87          0.010

Detector: BL_W160_T2.6_D15
Best Detection: 95 mmHg (confidence: 0.340)
Top 10 readings:
  Rank  Pressure    Confidence  
  ------------------------------
  1     95          0.340
  2     101         0.336
  3     92          0.260
  4     91          0.126
  5     87          0.126
  6     75          0.050
  7     87          0.010

Detector: BL_W160_T2.6_D20
Best Detection: 92 mmHg (confidence: 0.260)
Top 10 readings:
  Rank  Pressure    Confidence  
  ------------------------------
  1     92          0.260
  2     91          0.126
  3     87          0.126
  4     75          0.050
  5     87          0.010

Detector: BL_W160_T2.6_D25
Best Detection: 92 mmHg (confidence: 0.260)
Top 10 readings:
  Rank  Pressure    Confidence  
  ------------------------------
  1     92          0.260
  2     91          0.126
  3     87          0.126
  4     75          0.050
  5     87          0.010

Detector: BL_W160_T2.6_D30
Best Detection: 92 mmHg (confidence: 0.260)
Top 10 readings:
  Rank  Pressure    Confidence  
  ------------------------------
  1     92          0.260
  2     91          0.126
  3     87          0.126
  4     75          0.050
  5     87          0.010

Detector: BL_W160_T2.6_D40
Best Detection: 91 mmHg (confidence: 0.126)
Top 10 readings:
  Rank  Pressure    Confidence  
  ------------------------------
  1     91          0.126
  2     87          0.126
  3     75          0.050
  4     87          0.010

Detector: BL_W160_T2.8_D2
Best Detection: 92 mmHg (confidence: 0.260)
Top 10 readings:
  Rank  Pressure    Confidence  
  ------------------------------
  1     92          0.260
  2     91          0.126
  3     87          0.126
  4     87          0.050

Detector: BL_W160_T2.8_D4
Best Detection: 92 mmHg (confidence: 0.260)
Top 10 readings:
  Rank  Pressure    Confidence  
  ------------------------------
  1     92          0.260
  2     91          0.126
  3     87          0.126
  4     87          0.050

Detector: BL_W160_T2.8_D6
Best Detection: 92 mmHg (confidence: 0.260)
Top 10 readings:
  Rank  Pressure    Confidence  
  ------------------------------
  1     92          0.260
  2     91          0.126
  3     87          0.126
  4     87          0.050

Detector: BL_W160_T2.8_D8
Best Detection: 92 mmHg (confidence: 0.260)
Top 10 readings:
  Rank  Pressure    Confidence  
  ------------------------------
  1     92          0.260
  2     91          0.126
  3     87          0.126
  4     87          0.050

Detector: BL_W160_T2.8_D10
Best Detection: 92 mmHg (confidence: 0.260)
Top 10 readings:
  Rank  Pressure    Confidence  
  ------------------------------
  1     92          0.260
  2     91          0.126
  3     87          0.126
  4     87          0.050

Detector: BL_W160_T2.8_D15
Best Detection: 95 mmHg (confidence: 0.340)
Top 10 readings:
  Rank  Pressure    Confidence  
  ------------------------------
  1     95          0.340
  2     101         0.336
  3     92          0.260
  4     91          0.126
  5     87          0.126
  6     87          0.050

Detector: BL_W160_T2.8_D20
Best Detection: 92 mmHg (confidence: 0.260)
Top 10 readings:
  Rank  Pressure    Confidence  
  ------------------------------
  1     92          0.260
  2     91          0.126
  3     87          0.126
  4     87          0.050

Detector: BL_W160_T2.8_D25
Best Detection: 92 mmHg (confidence: 0.260)
Top 10 readings:
  Rank  Pressure    Confidence  
  ------------------------------
  1     92          0.260
  2     91          0.126
  3     87          0.126
  4     87          0.050

Detector: BL_W160_T2.8_D30
Best Detection: 92 mmHg (confidence: 0.260)
Top 10 readings:
  Rank  Pressure    Confidence  
  ------------------------------
  1     92          0.260
  2     91          0.126
  3     87          0.126
  4     87          0.050

Detector: BL_W160_T2.8_D40
Best Detection: 91 mmHg (confidence: 0.126)
Top 10 readings:
  Rank  Pressure    Confidence  
  ------------------------------
  1     91          0.126
  2     87          0.126
  3     87          0.050

Detector: BL_W160_T3.0_D2
Best Detection: 92 mmHg (confidence: 0.208)
Top 10 readings:
  Rank  Pressure    Confidence  
  ------------------------------
  1     92          0.208
  2     91          0.126
  3     87          0.126
  4     86          0.050

Detector: BL_W160_T3.0_D4
Best Detection: 92 mmHg (confidence: 0.208)
Top 10 readings:
  Rank  Pressure    Confidence  
  ------------------------------
  1     92          0.208
  2     91          0.126
  3     87          0.126
  4     86          0.050

Detector: BL_W160_T3.0_D6
Best Detection: 92 mmHg (confidence: 0.208)
Top 10 readings:
  Rank  Pressure    Confidence  
  ------------------------------
  1     92          0.208
  2     91          0.126
  3     87          0.126
  4     86          0.050

Detector: BL_W160_T3.0_D8
Best Detection: 92 mmHg (confidence: 0.208)
Top 10 readings:
  Rank  Pressure    Confidence  
  ------------------------------
  1     92          0.208
  2     91          0.126
  3     87          0.126
  4     86          0.050

Detector: BL_W160_T3.0_D10
Best Detection: 92 mmHg (confidence: 0.260)
Top 10 readings:
  Rank  Pressure    Confidence  
  ------------------------------
  1     92          0.260
  2     91          0.126
  3     87          0.126
  4     86          0.050

Detector: BL_W160_T3.0_D15
Best Detection: 95 mmHg (confidence: 0.340)
Top 10 readings:
  Rank  Pressure    Confidence  
  ------------------------------
  1     95          0.340
  2     101         0.336
  3     92          0.260
  4     91          0.126
  5     87          0.126
  6     86          0.050

Detector: BL_W160_T3.0_D20
Best Detection: 92 mmHg (confidence: 0.208)
Top 10 readings:
  Rank  Pressure    Confidence  
  ------------------------------
  1     92          0.208
  2     91          0.126
  3     87          0.126
  4     86          0.050

Detector: BL_W160_T3.0_D25
Best Detection: 92 mmHg (confidence: 0.208)
Top 10 readings:
  Rank  Pressure    Confidence  
  ------------------------------
  1     92          0.208
  2     91          0.126
  3     87          0.126
  4     86          0.050

Detector: BL_W160_T3.0_D30
Best Detection: 92 mmHg (confidence: 0.208)
Top 10 readings:
  Rank  Pressure    Confidence  
  ------------------------------
  1     92          0.208
  2     91          0.126
  3     87          0.126
  4     86          0.050

Detector: BL_W160_T3.0_D40
Best Detection: 91 mmHg (confidence: 0.126)
Top 10 readings:
  Rank  Pressure    Confidence  
  ------------------------------
  1     91          0.126
  2     87          0.126
  3     86          0.050

Detector: BL_W160_T3.2_D2
Best Detection: 92 mmHg (confidence: 0.208)
Top 10 readings:
  Rank  Pressure    Confidence  
  ------------------------------
  1     92          0.208
  2     91          0.126
  3     86          0.050

Detector: BL_W160_T3.2_D4
Best Detection: 92 mmHg (confidence: 0.208)
Top 10 readings:
  Rank  Pressure    Confidence  
  ------------------------------
  1     92          0.208
  2     91          0.126
  3     86          0.050

Detector: BL_W160_T3.2_D6
Best Detection: 92 mmHg (confidence: 0.208)
Top 10 readings:
  Rank  Pressure    Confidence  
  ------------------------------
  1     92          0.208
  2     91          0.126
  3     86          0.050

Detector: BL_W160_T3.2_D8
Best Detection: 92 mmHg (confidence: 0.208)
Top 10 readings:
  Rank  Pressure    Confidence  
  ------------------------------
  1     92          0.208
  2     91          0.126
  3     86          0.050

Detector: BL_W160_T3.2_D10
Best Detection: 92 mmHg (confidence: 0.260)
Top 10 readings:
  Rank  Pressure    Confidence  
  ------------------------------
  1     92          0.260
  2     91          0.126
  3     86          0.050

Detector: BL_W160_T3.2_D15
Best Detection: 95 mmHg (confidence: 0.340)
Top 10 readings:
  Rank  Pressure    Confidence  
  ------------------------------
  1     95          0.340
  2     101         0.336
  3     92          0.260
  4     91          0.126
  5     86          0.050

Detector: BL_W160_T3.2_D20
Best Detection: 92 mmHg (confidence: 0.208)
Top 10 readings:
  Rank  Pressure    Confidence  
  ------------------------------
  1     92          0.208
  2     91          0.126
  3     86          0.050

Detector: BL_W160_T3.2_D25
Best Detection: 92 mmHg (confidence: 0.208)
Top 10 readings:
  Rank  Pressure    Confidence  
  ------------------------------
  1     92          0.208
  2     91          0.126
  3     86          0.050

Detector: BL_W160_T3.2_D30
Best Detection: 92 mmHg (confidence: 0.208)
Top 10 readings:
  Rank  Pressure    Confidence  
  ------------------------------
  1     92          0.208
  2     91          0.126
  3     86          0.050

Detector: BL_W160_T3.2_D40
Best Detection: 91 mmHg (confidence: 0.126)
Top 10 readings:
  Rank  Pressure    Confidence  
  ------------------------------
  1     91          0.126
  2     86          0.050

Detector: BL_W160_T3.5_D2
Best Detection: 91 mmHg (confidence: 0.126)
Top 10 readings:
  Rank  Pressure    Confidence  
  ------------------------------
  1     91          0.126
  2     91          0.050

Detector: BL_W160_T3.5_D4
Best Detection: 91 mmHg (confidence: 0.126)
Top 10 readings:
  Rank  Pressure    Confidence  
  ------------------------------
  1     91          0.126
  2     91          0.050

Detector: BL_W160_T3.5_D6
Best Detection: 91 mmHg (confidence: 0.126)
Top 10 readings:
  Rank  Pressure    Confidence  
  ------------------------------
  1     91          0.126
  2     91          0.050

Detector: BL_W160_T3.5_D8
Best Detection: 91 mmHg (confidence: 0.126)
Top 10 readings:
  Rank  Pressure    Confidence  
  ------------------------------
  1     91          0.126
  2     91          0.050

Detector: BL_W160_T3.5_D10
Best Detection: 92 mmHg (confidence: 0.126)
Top 10 readings:
  Rank  Pressure    Confidence  
  ------------------------------
  1     92          0.126
  2     91          0.050

Detector: BL_W160_T3.5_D15
Best Detection: 101 mmHg (confidence: 0.272)
Top 10 readings:
  Rank  Pressure    Confidence  
  ------------------------------
  1     101         0.272
  2     95          0.260
  3     92          0.126
  4     91          0.050

Detector: BL_W160_T3.5_D20
Best Detection: 92 mmHg (confidence: 0.126)
Top 10 readings:
  Rank  Pressure    Confidence  
  ------------------------------
  1     92          0.126
  2     91          0.050

Detector: BL_W160_T3.5_D25
Best Detection: 92 mmHg (confidence: 0.126)
Top 10 readings:
  Rank  Pressure    Confidence  
  ------------------------------
  1     92          0.126
  2     91          0.050

Detector: BL_W160_T3.5_D30
Best Detection: 92 mmHg (confidence: 0.126)
Top 10 readings:
  Rank  Pressure    Confidence  
  ------------------------------
  1     92          0.126
  2     91          0.050

Detector: BL_W160_T3.5_D40
Best Detection: 91 mmHg (confidence: 0.050)
Top 10 readings:
  Rank  Pressure    Confidence  
  ------------------------------
  1     91          0.050

Detector: BL_W160_T3.8_D2
Best Detection: 91 mmHg (confidence: 0.050)
Top 10 readings:
  Rank  Pressure    Confidence  
  ------------------------------
  1     91          0.050

Detector: BL_W160_T3.8_D4
Best Detection: 91 mmHg (confidence: 0.050)
Top 10 readings:
  Rank  Pressure    Confidence  
  ------------------------------
  1     91          0.050

Detector: BL_W160_T3.8_D6
Best Detection: 91 mmHg (confidence: 0.050)
Top 10 readings:
  Rank  Pressure    Confidence  
  ------------------------------
  1     91          0.050

Detector: BL_W160_T3.8_D8
Best Detection: 91 mmHg (confidence: 0.050)
Top 10 readings:
  Rank  Pressure    Confidence  
  ------------------------------
  1     91          0.050

Detector: BL_W160_T3.8_D10
Best Detection: 92 mmHg (confidence: 0.126)
Top 10 readings:
  Rank  Pressure    Confidence  
  ------------------------------
  1     92          0.126
  2     91          0.050

Detector: BL_W160_T3.8_D15
Best Detection: 101 mmHg (confidence: 0.272)
Top 10 readings:
  Rank  Pressure    Confidence  
  ------------------------------
  1     101         0.272
  2     95          0.260
  3     92          0.126
  4     91          0.050

Detector: BL_W160_T3.8_D20
Best Detection: 92 mmHg (confidence: 0.126)
Top 10 readings:
  Rank  Pressure    Confidence  
  ------------------------------
  1     92          0.126
  2     91          0.050

Detector: BL_W160_T3.8_D25
Best Detection: 92 mmHg (confidence: 0.126)
Top 10 readings:
  Rank  Pressure    Confidence  
  ------------------------------
  1     92          0.126
  2     91          0.050

Detector: BL_W160_T3.8_D30
Best Detection: 92 mmHg (confidence: 0.126)
Top 10 readings:
  Rank  Pressure    Confidence  
  ------------------------------
  1     92          0.126
  2     91          0.050

Detector: BL_W160_T3.8_D40
Best Detection: 91 mmHg (confidence: 0.050)
Top 10 readings:
  Rank  Pressure    Confidence  
  ------------------------------
  1     91          0.050

Detector: BL_W160_T4.0_D2
Best Detection: 91 mmHg (confidence: 0.050)
Top 10 readings:
  Rank  Pressure    Confidence  
  ------------------------------
  1     91          0.050

Detector: BL_W160_T4.0_D4
Best Detection: 91 mmHg (confidence: 0.050)
Top 10 readings:
  Rank  Pressure    Confidence  
  ------------------------------
  1     91          0.050

Detector: BL_W160_T4.0_D6
Best Detection: 91 mmHg (confidence: 0.050)
Top 10 readings:
  Rank  Pressure    Confidence  
  ------------------------------
  1     91          0.050

Detector: BL_W160_T4.0_D8
Best Detection: 91 mmHg (confidence: 0.050)
Top 10 readings:
  Rank  Pressure    Confidence  
  ------------------------------
  1     91          0.050

Detector: BL_W160_T4.0_D10
Best Detection: 92 mmHg (confidence: 0.126)
Top 10 readings:
  Rank  Pressure    Confidence  
  ------------------------------
  1     92          0.126
  2     91          0.050

Detector: BL_W160_T4.0_D15
Best Detection: 101 mmHg (confidence: 0.272)
Top 10 readings:
  Rank  Pressure    Confidence  
  ------------------------------
  1     101         0.272
  2     95          0.260
  3     92          0.126
  4     91          0.050

Detector: BL_W160_T4.0_D20
Best Detection: 92 mmHg (confidence: 0.126)
Top 10 readings:
  Rank  Pressure    Confidence  
  ------------------------------
  1     92          0.126
  2     91          0.050

Detector: BL_W160_T4.0_D25
Best Detection: 92 mmHg (confidence: 0.126)
Top 10 readings:
  Rank  Pressure    Confidence  
  ------------------------------
  1     92          0.126
  2     91          0.050

Detector: BL_W160_T4.0_D30
Best Detection: 92 mmHg (confidence: 0.126)
Top 10 readings:
  Rank  Pressure    Confidence  
  ------------------------------
  1     92          0.126
  2     91          0.050

Detector: BL_W160_T4.0_D40
Best Detection: 91 mmHg (confidence: 0.050)
Top 10 readings:
  Rank  Pressure    Confidence  
  ------------------------------
  1     91          0.050

Detector: BL_W160_T4.2_D2
Best Detection: 91 mmHg (confidence: 0.050)
Top 10 readings:
  Rank  Pressure    Confidence  
  ------------------------------
  1     91          0.050

Detector: BL_W160_T4.2_D4
Best Detection: 91 mmHg (confidence: 0.050)
Top 10 readings:
  Rank  Pressure    Confidence  
  ------------------------------
  1     91          0.050

Detector: BL_W160_T4.2_D6
Best Detection: 91 mmHg (confidence: 0.050)
Top 10 readings:
  Rank  Pressure    Confidence  
  ------------------------------
  1     91          0.050

Detector: BL_W160_T4.2_D8
Best Detection: 91 mmHg (confidence: 0.050)
Top 10 readings:
  Rank  Pressure    Confidence  
  ------------------------------
  1     91          0.050

Detector: BL_W160_T4.2_D10
Best Detection: 92 mmHg (confidence: 0.126)
Top 10 readings:
  Rank  Pressure    Confidence  
  ------------------------------
  1     92          0.126
  2     91          0.050

Detector: BL_W160_T4.2_D15
Best Detection: 101 mmHg (confidence: 0.272)
Top 10 readings:
  Rank  Pressure    Confidence  
  ------------------------------
  1     101         0.272
  2     95          0.260
  3     92          0.126
  4     91          0.050

Detector: BL_W160_T4.2_D20
Best Detection: 92 mmHg (confidence: 0.126)
Top 10 readings:
  Rank  Pressure    Confidence  
  ------------------------------
  1     92          0.126
  2     91          0.050

Detector: BL_W160_T4.2_D25
Best Detection: 92 mmHg (confidence: 0.126)
Top 10 readings:
  Rank  Pressure    Confidence  
  ------------------------------
  1     92          0.126
  2     91          0.050

Detector: BL_W160_T4.2_D30
Best Detection: 92 mmHg (confidence: 0.126)
Top 10 readings:
  Rank  Pressure    Confidence  
  ------------------------------
  1     92          0.126
  2     91          0.050

Detector: BL_W160_T4.2_D40
Best Detection: 91 mmHg (confidence: 0.050)
Top 10 readings:
  Rank  Pressure    Confidence  
  ------------------------------
  1     91          0.050

Detector: BL_W160_T4.5_D2
Best Detection: 91 mmHg (confidence: 0.050)
Top 10 readings:
  Rank  Pressure    Confidence  
  ------------------------------
  1     91          0.050

Detector: BL_W160_T4.5_D4
Best Detection: 91 mmHg (confidence: 0.050)
Top 10 readings:
  Rank  Pressure    Confidence  
  ------------------------------
  1     91          0.050

Detector: BL_W160_T4.5_D6
Best Detection: 91 mmHg (confidence: 0.050)
Top 10 readings:
  Rank  Pressure    Confidence  
  ------------------------------
  1     91          0.050

Detector: BL_W160_T4.5_D8
Best Detection: 91 mmHg (confidence: 0.050)
Top 10 readings:
  Rank  Pressure    Confidence  
  ------------------------------
  1     91          0.050

Detector: BL_W160_T4.5_D10
Best Detection: 92 mmHg (confidence: 0.126)
Top 10 readings:
  Rank  Pressure    Confidence  
  ------------------------------
  1     92          0.126
  2     91          0.050

Detector: BL_W160_T4.5_D15
Best Detection: 101 mmHg (confidence: 0.272)
Top 10 readings:
  Rank  Pressure    Confidence  
  ------------------------------
  1     101         0.272
  2     95          0.260
  3     92          0.126
  4     91          0.050

Detector: BL_W160_T4.5_D20
Best Detection: 92 mmHg (confidence: 0.126)
Top 10 readings:
  Rank  Pressure    Confidence  
  ------------------------------
  1     92          0.126
  2     91          0.050

Detector: BL_W160_T4.5_D25
Best Detection: 92 mmHg (confidence: 0.126)
Top 10 readings:
  Rank  Pressure    Confidence  
  ------------------------------
  1     92          0.126
  2     91          0.050

Detector: BL_W160_T4.5_D30
Best Detection: 92 mmHg (confidence: 0.126)
Top 10 readings:
  Rank  Pressure    Confidence  
  ------------------------------
  1     92          0.126
  2     91          0.050

Detector: BL_W160_T4.5_D40
Best Detection: 91 mmHg (confidence: 0.050)
Top 10 readings:
  Rank  Pressure    Confidence  
  ------------------------------
  1     91          0.050

Detector: BL_W160_T4.8_D2
Best Detection: 90 mmHg (confidence: 0.050)
Top 10 readings:
  Rank  Pressure    Confidence  
  ------------------------------
  1     90          0.050

Detector: BL_W160_T4.8_D4
Best Detection: 90 mmHg (confidence: 0.050)
Top 10 readings:
  Rank  Pressure    Confidence  
  ------------------------------
  1     90          0.050

Detector: BL_W160_T4.8_D6
Best Detection: 90 mmHg (confidence: 0.050)
Top 10 readings:
  Rank  Pressure    Confidence  
  ------------------------------
  1     90          0.050

Detector: BL_W160_T4.8_D8
Best Detection: 90 mmHg (confidence: 0.050)
Top 10 readings:
  Rank  Pressure    Confidence  
  ------------------------------
  1     90          0.050

Detector: BL_W160_T4.8_D10
Best Detection: 92 mmHg (confidence: 0.126)
Top 10 readings:
  Rank  Pressure    Confidence  
  ------------------------------
  1     92          0.126
  2     90          0.050

Detector: BL_W160_T4.8_D15
Best Detection: 101 mmHg (confidence: 0.272)
Top 10 readings:
  Rank  Pressure    Confidence  
  ------------------------------
  1     101         0.272
  2     95          0.260
  3     92          0.126
  4     91          0.050

Detector: BL_W160_T4.8_D20
Best Detection: 92 mmHg (confidence: 0.126)
Top 10 readings:
  Rank  Pressure    Confidence  
  ------------------------------
  1     92          0.126
  2     91          0.050

Detector: BL_W160_T4.8_D25
Best Detection: 92 mmHg (confidence: 0.126)
Top 10 readings:
  Rank  Pressure    Confidence  
  ------------------------------
  1     92          0.126
  2     91          0.050

Detector: BL_W160_T4.8_D30
Best Detection: 92 mmHg (confidence: 0.126)
Top 10 readings:
  Rank  Pressure    Confidence  
  ------------------------------
  1     92          0.126
  2     91          0.050

Detector: BL_W160_T4.8_D40
Best Detection: 91 mmHg (confidence: 0.050)
Top 10 readings:
  Rank  Pressure    Confidence  
  ------------------------------
  1     91          0.050

Detector: BL_W160_T5.0_D2
Best Detection: 90 mmHg (confidence: 0.050)
Top 10 readings:
  Rank  Pressure    Confidence  
  ------------------------------
  1     90          0.050

Detector: BL_W160_T5.0_D4
Best Detection: 90 mmHg (confidence: 0.050)
Top 10 readings:
  Rank  Pressure    Confidence  
  ------------------------------
  1     90          0.050

Detector: BL_W160_T5.0_D6
Best Detection: 90 mmHg (confidence: 0.050)
Top 10 readings:
  Rank  Pressure    Confidence  
  ------------------------------
  1     90          0.050

Detector: BL_W160_T5.0_D8
Best Detection: 90 mmHg (confidence: 0.050)
Top 10 readings:
  Rank  Pressure    Confidence  
  ------------------------------
  1     90          0.050

Detector: BL_W160_T5.0_D10
Best Detection: 92 mmHg (confidence: 0.126)
Top 10 readings:
  Rank  Pressure    Confidence  
  ------------------------------
  1     92          0.126
  2     90          0.050

Detector: BL_W160_T5.0_D15
Best Detection: 101 mmHg (confidence: 0.272)
Top 10 readings:
  Rank  Pressure    Confidence  
  ------------------------------
  1     101         0.272
  2     95          0.260
  3     92          0.126
  4     91          0.050

Detector: BL_W160_T5.0_D20
Best Detection: 92 mmHg (confidence: 0.126)
Top 10 readings:
  Rank  Pressure    Confidence  
  ------------------------------
  1     92          0.126
  2     91          0.050

Detector: BL_W160_T5.0_D25
Best Detection: 92 mmHg (confidence: 0.126)
Top 10 readings:
  Rank  Pressure    Confidence  
  ------------------------------
  1     92          0.126
  2     91          0.050

Detector: BL_W160_T5.0_D30
Best Detection: 92 mmHg (confidence: 0.126)
Top 10 readings:
  Rank  Pressure    Confidence  
  ------------------------------
  1     92          0.126
  2     91          0.050

Detector: BL_W160_T5.0_D40
Best Detection: 91 mmHg (confidence: 0.050)
Top 10 readings:
  Rank  Pressure    Confidence  
  ------------------------------
  1     91          0.050

Detector: BL_W160_T5.5_D2
Best Detection: 90 mmHg (confidence: 0.050)
Top 10 readings:
  Rank  Pressure    Confidence  
  ------------------------------
  1     90          0.050

Detector: BL_W160_T5.5_D4
Best Detection: 90 mmHg (confidence: 0.050)
Top 10 readings:
  Rank  Pressure    Confidence  
  ------------------------------
  1     90          0.050

Detector: BL_W160_T5.5_D6
Best Detection: 90 mmHg (confidence: 0.050)
Top 10 readings:
  Rank  Pressure    Confidence  
  ------------------------------
  1     90          0.050

Detector: BL_W160_T5.5_D8
Best Detection: 90 mmHg (confidence: 0.050)
Top 10 readings:
  Rank  Pressure    Confidence  
  ------------------------------
  1     90          0.050

Detector: BL_W160_T5.5_D10
Best Detection: 92 mmHg (confidence: 0.126)
Top 10 readings:
  Rank  Pressure    Confidence  
  ------------------------------
  1     92          0.126
  2     90          0.050

Detector: BL_W160_T5.5_D15
Best Detection: 101 mmHg (confidence: 0.272)
Top 10 readings:
  Rank  Pressure    Confidence  
  ------------------------------
  1     101         0.272
  2     95          0.260
  3     92          0.126
  4     91          0.050

Detector: BL_W160_T5.5_D20
Best Detection: 92 mmHg (confidence: 0.126)
Top 10 readings:
  Rank  Pressure    Confidence  
  ------------------------------
  1     92          0.126
  2     91          0.050

Detector: BL_W160_T5.5_D25
Best Detection: 92 mmHg (confidence: 0.126)
Top 10 readings:
  Rank  Pressure    Confidence  
  ------------------------------
  1     92          0.126
  2     91          0.050

Detector: BL_W160_T5.5_D30
Best Detection: 92 mmHg (confidence: 0.126)
Top 10 readings:
  Rank  Pressure    Confidence  
  ------------------------------
  1     92          0.126
  2     91          0.050

Detector: BL_W160_T5.5_D40
Best Detection: 91 mmHg (confidence: 0.050)
Top 10 readings:
  Rank  Pressure    Confidence  
  ------------------------------
  1     91          0.050

Detector: BL_W160_T6.0_D2
Best Detection: 90 mmHg (confidence: 0.050)
Top 10 readings:
  Rank  Pressure    Confidence  
  ------------------------------
  1     90          0.050

Detector: BL_W160_T6.0_D4
Best Detection: 90 mmHg (confidence: 0.050)
Top 10 readings:
  Rank  Pressure    Confidence  
  ------------------------------
  1     90          0.050

Detector: BL_W160_T6.0_D6
Best Detection: 90 mmHg (confidence: 0.050)
Top 10 readings:
  Rank  Pressure    Confidence  
  ------------------------------
  1     90          0.050

Detector: BL_W160_T6.0_D8
Best Detection: 90 mmHg (confidence: 0.050)
Top 10 readings:
  Rank  Pressure    Confidence  
  ------------------------------
  1     90          0.050

Detector: BL_W160_T6.0_D10
Best Detection: 92 mmHg (confidence: 0.126)
Top 10 readings:
  Rank  Pressure    Confidence  
  ------------------------------
  1     92          0.126
  2     90          0.050

Detector: BL_W160_T6.0_D15
Best Detection: 101 mmHg (confidence: 0.272)
Top 10 readings:
  Rank  Pressure    Confidence  
  ------------------------------
  1     101         0.272
  2     95          0.260
  3     92          0.126
  4     91          0.050

Detector: BL_W160_T6.0_D20
Best Detection: 92 mmHg (confidence: 0.126)
Top 10 readings:
  Rank  Pressure    Confidence  
  ------------------------------
  1     92          0.126
  2     91          0.050

Detector: BL_W160_T6.0_D25
Best Detection: 92 mmHg (confidence: 0.126)
Top 10 readings:
  Rank  Pressure    Confidence  
  ------------------------------
  1     92          0.126
  2     91          0.050

Detector: BL_W160_T6.0_D30
Best Detection: 92 mmHg (confidence: 0.126)
Top 10 readings:
  Rank  Pressure    Confidence  
  ------------------------------
  1     92          0.126
  2     91          0.050

Detector: BL_W160_T6.0_D40
Best Detection: 91 mmHg (confidence: 0.050)
Top 10 readings:
  Rank  Pressure    Confidence  
  ------------------------------
  1     91          0.050

Detector: BL_W170_T1.8_D2
Best Detection: 91 mmHg (confidence: 0.400)
Top 10 readings:
  Rank  Pressure    Confidence  
  ------------------------------
  1     91          0.400
  2     92          0.290
  3     79          0.260
  4     87          0.250
  5     87          0.210
  6     84          0.170
  7     77          0.126
  8     75          0.050

Detector: BL_W170_T1.8_D4
Best Detection: 91 mmHg (confidence: 0.400)
Top 10 readings:
  Rank  Pressure    Confidence  
  ------------------------------
  1     91          0.400
  2     92          0.290
  3     79          0.260
  4     87          0.250
  5     87          0.210
  6     84          0.170
  7     77          0.126
  8     75          0.050

Detector: BL_W170_T1.8_D6
Best Detection: 91 mmHg (confidence: 0.400)
Top 10 readings:
  Rank  Pressure    Confidence  
  ------------------------------
  1     91          0.400
  2     92          0.290
  3     79          0.260
  4     87          0.250
  5     87          0.210
  6     84          0.170
  7     77          0.126
  8     75          0.050

Detector: BL_W170_T1.8_D8
Best Detection: 91 mmHg (confidence: 0.400)
Top 10 readings:
  Rank  Pressure    Confidence  
  ------------------------------
  1     91          0.400
  2     92          0.290
  3     79          0.260
  4     87          0.250
  5     87          0.210
  6     84          0.170
  7     77          0.126
  8     75          0.050

Detector: BL_W170_T1.8_D10
Best Detection: 91 mmHg (confidence: 0.400)
Top 10 readings:
  Rank  Pressure    Confidence  
  ------------------------------
  1     91          0.400
  2     92          0.290
  3     79          0.260
  4     87          0.250
  5     87          0.210
  6     84          0.170
  7     77          0.126
  8     75          0.050

Detector: BL_W170_T1.8_D15
Best Detection: 101 mmHg (confidence: 0.592)
Top 10 readings:
  Rank  Pressure    Confidence  
  ------------------------------
  1     101         0.592
  2     95          0.528
  3     92          0.464
  4     91          0.400
  5     79          0.260
  6     87          0.250
  7     87          0.210
  8     84          0.170
  9     77          0.126
  10    75          0.050

Detector: BL_W170_T1.8_D20
Best Detection: 91 mmHg (confidence: 0.400)
Top 10 readings:
  Rank  Pressure    Confidence  
  ------------------------------
  1     91          0.400
  2     92          0.290
  3     79          0.260
  4     87          0.250
  5     87          0.210
  6     84          0.170
  7     77          0.126
  8     75          0.050

Detector: BL_W170_T1.8_D25
Best Detection: 91 mmHg (confidence: 0.400)
Top 10 readings:
  Rank  Pressure    Confidence  
  ------------------------------
  1     91          0.400
  2     92          0.290
  3     79          0.260
  4     87          0.250
  5     87          0.210
  6     84          0.170
  7     77          0.126
  8     75          0.050

Detector: BL_W170_T1.8_D30
Best Detection: 91 mmHg (confidence: 0.400)
Top 10 readings:
  Rank  Pressure    Confidence  
  ------------------------------
  1     91          0.400
  2     92          0.290
  3     79          0.260
  4     87          0.250
  5     87          0.210
  6     84          0.170
  7     77          0.126
  8     75          0.050

Detector: BL_W170_T1.8_D40
Best Detection: 91 mmHg (confidence: 0.400)
Top 10 readings:
  Rank  Pressure    Confidence  
  ------------------------------
  1     91          0.400
  2     91          0.290
  3     79          0.260
  4     87          0.250
  5     87          0.210
  6     84          0.170
  7     77          0.126
  8     75          0.050

Detector: BL_W170_T2.0_D2
Best Detection: 92 mmHg (confidence: 0.260)
Top 10 readings:
  Rank  Pressure    Confidence  
  ------------------------------
  1     92          0.260
  2     91          0.126
  3     87          0.126
  4     77          0.126
  5     75          0.050
  6     87          0.010

Detector: BL_W170_T2.0_D4
Best Detection: 92 mmHg (confidence: 0.260)
Top 10 readings:
  Rank  Pressure    Confidence  
  ------------------------------
  1     92          0.260
  2     91          0.126
  3     87          0.126
  4     77          0.126
  5     75          0.050
  6     87          0.010

Detector: BL_W170_T2.0_D6
Best Detection: 92 mmHg (confidence: 0.260)
Top 10 readings:
  Rank  Pressure    Confidence  
  ------------------------------
  1     92          0.260
  2     91          0.126
  3     87          0.126
  4     77          0.126
  5     75          0.050
  6     87          0.010

Detector: BL_W170_T2.0_D8
Best Detection: 92 mmHg (confidence: 0.260)
Top 10 readings:
  Rank  Pressure    Confidence  
  ------------------------------
  1     92          0.260
  2     91          0.126
  3     87          0.126
  4     77          0.126
  5     75          0.050
  6     87          0.010

Detector: BL_W170_T2.0_D10
Best Detection: 92 mmHg (confidence: 0.260)
Top 10 readings:
  Rank  Pressure    Confidence  
  ------------------------------
  1     92          0.260
  2     91          0.126
  3     87          0.126
  4     77          0.126
  5     75          0.050
  6     87          0.010

Detector: BL_W170_T2.0_D15
Best Detection: 95 mmHg (confidence: 0.340)
Top 10 readings:
  Rank  Pressure    Confidence  
  ------------------------------
  1     95          0.340
  2     101         0.336
  3     92          0.260
  4     91          0.126
  5     87          0.126
  6     77          0.126
  7     75          0.050
  8     87          0.010

Detector: BL_W170_T2.0_D20
Best Detection: 92 mmHg (confidence: 0.260)
Top 10 readings:
  Rank  Pressure    Confidence  
  ------------------------------
  1     92          0.260
  2     91          0.126
  3     87          0.126
  4     77          0.126
  5     75          0.050
  6     87          0.010

Detector: BL_W170_T2.0_D25
Best Detection: 92 mmHg (confidence: 0.260)
Top 10 readings:
  Rank  Pressure    Confidence  
  ------------------------------
  1     92          0.260
  2     91          0.126
  3     87          0.126
  4     77          0.126
  5     75          0.050
  6     87          0.010

Detector: BL_W170_T2.0_D30
Best Detection: 92 mmHg (confidence: 0.260)
Top 10 readings:
  Rank  Pressure    Confidence  
  ------------------------------
  1     92          0.260
  2     91          0.126
  3     87          0.126
  4     77          0.126
  5     75          0.050
  6     87          0.010

Detector: BL_W170_T2.0_D40
Best Detection: 91 mmHg (confidence: 0.208)
Top 10 readings:
  Rank  Pressure    Confidence  
  ------------------------------
  1     91          0.208
  2     91          0.126
  3     87          0.126
  4     77          0.126
  5     75          0.050
  6     87          0.010

Detector: BL_W170_T2.2_D2
Best Detection: 92 mmHg (confidence: 0.260)
Top 10 readings:
  Rank  Pressure    Confidence  
  ------------------------------
  1     92          0.260
  2     91          0.126
  3     87          0.126
  4     77          0.126
  5     75          0.050
  6     87          0.010

Detector: BL_W170_T2.2_D4
Best Detection: 92 mmHg (confidence: 0.260)
Top 10 readings:
  Rank  Pressure    Confidence  
  ------------------------------
  1     92          0.260
  2     91          0.126
  3     87          0.126
  4     77          0.126
  5     75          0.050
  6     87          0.010

Detector: BL_W170_T2.2_D6
Best Detection: 92 mmHg (confidence: 0.260)
Top 10 readings:
  Rank  Pressure    Confidence  
  ------------------------------
  1     92          0.260
  2     91          0.126
  3     87          0.126
  4     77          0.126
  5     75          0.050
  6     87          0.010

Detector: BL_W170_T2.2_D8
Best Detection: 92 mmHg (confidence: 0.260)
Top 10 readings:
  Rank  Pressure    Confidence  
  ------------------------------
  1     92          0.260
  2     91          0.126
  3     87          0.126
  4     77          0.126
  5     75          0.050
  6     87          0.010

Detector: BL_W170_T2.2_D10
Best Detection: 92 mmHg (confidence: 0.260)
Top 10 readings:
  Rank  Pressure    Confidence  
  ------------------------------
  1     92          0.260
  2     91          0.126
  3     87          0.126
  4     77          0.126
  5     75          0.050
  6     87          0.010

Detector: BL_W170_T2.2_D15
Best Detection: 95 mmHg (confidence: 0.340)
Top 10 readings:
  Rank  Pressure    Confidence  
  ------------------------------
  1     95          0.340
  2     101         0.336
  3     92          0.260
  4     91          0.126
  5     87          0.126
  6     77          0.126
  7     75          0.050
  8     87          0.010

Detector: BL_W170_T2.2_D20
Best Detection: 92 mmHg (confidence: 0.260)
Top 10 readings:
  Rank  Pressure    Confidence  
  ------------------------------
  1     92          0.260
  2     91          0.126
  3     87          0.126
  4     77          0.126
  5     75          0.050
  6     87          0.010

Detector: BL_W170_T2.2_D25
Best Detection: 92 mmHg (confidence: 0.260)
Top 10 readings:
  Rank  Pressure    Confidence  
  ------------------------------
  1     92          0.260
  2     91          0.126
  3     87          0.126
  4     77          0.126
  5     75          0.050
  6     87          0.010

Detector: BL_W170_T2.2_D30
Best Detection: 92 mmHg (confidence: 0.260)
Top 10 readings:
  Rank  Pressure    Confidence  
  ------------------------------
  1     92          0.260
  2     91          0.126
  3     87          0.126
  4     77          0.126
  5     75          0.050
  6     87          0.010

Detector: BL_W170_T2.2_D40
Best Detection: 91 mmHg (confidence: 0.208)
Top 10 readings:
  Rank  Pressure    Confidence  
  ------------------------------
  1     91          0.208
  2     91          0.126
  3     87          0.126
  4     77          0.126
  5     75          0.050
  6     87          0.010

Detector: BL_W170_T2.4_D2
Best Detection: 92 mmHg (confidence: 0.260)
Top 10 readings:
  Rank  Pressure    Confidence  
  ------------------------------
  1     92          0.260
  2     91          0.126
  3     87          0.126
  4     77          0.126
  5     75          0.050
  6     87          0.010

Detector: BL_W170_T2.4_D4
Best Detection: 92 mmHg (confidence: 0.260)
Top 10 readings:
  Rank  Pressure    Confidence  
  ------------------------------
  1     92          0.260
  2     91          0.126
  3     87          0.126
  4     77          0.126
  5     75          0.050
  6     87          0.010

Detector: BL_W170_T2.4_D6
Best Detection: 92 mmHg (confidence: 0.260)
Top 10 readings:
  Rank  Pressure    Confidence  
  ------------------------------
  1     92          0.260
  2     91          0.126
  3     87          0.126
  4     77          0.126
  5     75          0.050
  6     87          0.010

Detector: BL_W170_T2.4_D8
Best Detection: 92 mmHg (confidence: 0.260)
Top 10 readings:
  Rank  Pressure    Confidence  
  ------------------------------
  1     92          0.260
  2     91          0.126
  3     87          0.126
  4     77          0.126
  5     75          0.050
  6     87          0.010

Detector: BL_W170_T2.4_D10
Best Detection: 92 mmHg (confidence: 0.260)
Top 10 readings:
  Rank  Pressure    Confidence  
  ------------------------------
  1     92          0.260
  2     91          0.126
  3     87          0.126
  4     77          0.126
  5     75          0.050
  6     87          0.010

Detector: BL_W170_T2.4_D15
Best Detection: 95 mmHg (confidence: 0.340)
Top 10 readings:
  Rank  Pressure    Confidence  
  ------------------------------
  1     95          0.340
  2     101         0.336
  3     92          0.260
  4     91          0.126
  5     87          0.126
  6     77          0.126
  7     75          0.050
  8     87          0.010

Detector: BL_W170_T2.4_D20
Best Detection: 92 mmHg (confidence: 0.260)
Top 10 readings:
  Rank  Pressure    Confidence  
  ------------------------------
  1     92          0.260
  2     91          0.126
  3     87          0.126
  4     77          0.126
  5     75          0.050
  6     87          0.010

Detector: BL_W170_T2.4_D25
Best Detection: 92 mmHg (confidence: 0.260)
Top 10 readings:
  Rank  Pressure    Confidence  
  ------------------------------
  1     92          0.260
  2     91          0.126
  3     87          0.126
  4     77          0.126
  5     75          0.050
  6     87          0.010

Detector: BL_W170_T2.4_D30
Best Detection: 92 mmHg (confidence: 0.260)
Top 10 readings:
  Rank  Pressure    Confidence  
  ------------------------------
  1     92          0.260
  2     91          0.126
  3     87          0.126
  4     77          0.126
  5     75          0.050
  6     87          0.010

Detector: BL_W170_T2.4_D40
Best Detection: 91 mmHg (confidence: 0.208)
Top 10 readings:
  Rank  Pressure    Confidence  
  ------------------------------
  1     91          0.208
  2     91          0.126
  3     87          0.126
  4     77          0.126
  5     75          0.050
  6     87          0.010

Detector: BL_W170_T2.6_D2
Best Detection: 92 mmHg (confidence: 0.260)
Top 10 readings:
  Rank  Pressure    Confidence  
  ------------------------------
  1     92          0.260
  2     91          0.126
  3     87          0.126
  4     75          0.050
  5     87          0.010

Detector: BL_W170_T2.6_D4
Best Detection: 92 mmHg (confidence: 0.260)
Top 10 readings:
  Rank  Pressure    Confidence  
  ------------------------------
  1     92          0.260
  2     91          0.126
  3     87          0.126
  4     75          0.050
  5     87          0.010

Detector: BL_W170_T2.6_D6
Best Detection: 92 mmHg (confidence: 0.260)
Top 10 readings:
  Rank  Pressure    Confidence  
  ------------------------------
  1     92          0.260
  2     91          0.126
  3     87          0.126
  4     75          0.050
  5     87          0.010

Detector: BL_W170_T2.6_D8
Best Detection: 92 mmHg (confidence: 0.260)
Top 10 readings:
  Rank  Pressure    Confidence  
  ------------------------------
  1     92          0.260
  2     91          0.126
  3     87          0.126
  4     75          0.050
  5     87          0.010

Detector: BL_W170_T2.6_D10
Best Detection: 92 mmHg (confidence: 0.260)
Top 10 readings:
  Rank  Pressure    Confidence  
  ------------------------------
  1     92          0.260
  2     91          0.126
  3     87          0.126
  4     75          0.050
  5     87          0.010

Detector: BL_W170_T2.6_D15
Best Detection: 95 mmHg (confidence: 0.340)
Top 10 readings:
  Rank  Pressure    Confidence  
  ------------------------------
  1     95          0.340
  2     101         0.336
  3     92          0.260
  4     91          0.126
  5     87          0.126
  6     75          0.050
  7     87          0.010

Detector: BL_W170_T2.6_D20
Best Detection: 92 mmHg (confidence: 0.260)
Top 10 readings:
  Rank  Pressure    Confidence  
  ------------------------------
  1     92          0.260
  2     91          0.126
  3     87          0.126
  4     75          0.050
  5     87          0.010

Detector: BL_W170_T2.6_D25
Best Detection: 92 mmHg (confidence: 0.260)
Top 10 readings:
  Rank  Pressure    Confidence  
  ------------------------------
  1     92          0.260
  2     91          0.126
  3     87          0.126
  4     75          0.050
  5     87          0.010

Detector: BL_W170_T2.6_D30
Best Detection: 92 mmHg (confidence: 0.260)
Top 10 readings:
  Rank  Pressure    Confidence  
  ------------------------------
  1     92          0.260
  2     91          0.126
  3     87          0.126
  4     75          0.050
  5     87          0.010

Detector: BL_W170_T2.6_D40
Best Detection: 91 mmHg (confidence: 0.208)
Top 10 readings:
  Rank  Pressure    Confidence  
  ------------------------------
  1     91          0.208
  2     91          0.126
  3     87          0.126
  4     75          0.050
  5     87          0.010

Detector: BL_W170_T2.8_D2
Best Detection: 92 mmHg (confidence: 0.260)
Top 10 readings:
  Rank  Pressure    Confidence  
  ------------------------------
  1     92          0.260
  2     91          0.126
  3     87          0.126
  4     87          0.050

Detector: BL_W170_T2.8_D4
Best Detection: 92 mmHg (confidence: 0.260)
Top 10 readings:
  Rank  Pressure    Confidence  
  ------------------------------
  1     92          0.260
  2     91          0.126
  3     87          0.126
  4     87          0.050

Detector: BL_W170_T2.8_D6
Best Detection: 92 mmHg (confidence: 0.260)
Top 10 readings:
  Rank  Pressure    Confidence  
  ------------------------------
  1     92          0.260
  2     91          0.126
  3     87          0.126
  4     87          0.050

Detector: BL_W170_T2.8_D8
Best Detection: 92 mmHg (confidence: 0.260)
Top 10 readings:
  Rank  Pressure    Confidence  
  ------------------------------
  1     92          0.260
  2     91          0.126
  3     87          0.126
  4     87          0.050

Detector: BL_W170_T2.8_D10
Best Detection: 92 mmHg (confidence: 0.260)
Top 10 readings:
  Rank  Pressure    Confidence  
  ------------------------------
  1     92          0.260
  2     91          0.126
  3     87          0.126
  4     87          0.050

Detector: BL_W170_T2.8_D15
Best Detection: 95 mmHg (confidence: 0.340)
Top 10 readings:
  Rank  Pressure    Confidence  
  ------------------------------
  1     95          0.340
  2     101         0.336
  3     92          0.260
  4     91          0.126
  5     87          0.126
  6     87          0.050

Detector: BL_W170_T2.8_D20
Best Detection: 92 mmHg (confidence: 0.260)
Top 10 readings:
  Rank  Pressure    Confidence  
  ------------------------------
  1     92          0.260
  2     91          0.126
  3     87          0.126
  4     87          0.050

Detector: BL_W170_T2.8_D25
Best Detection: 92 mmHg (confidence: 0.260)
Top 10 readings:
  Rank  Pressure    Confidence  
  ------------------------------
  1     92          0.260
  2     91          0.126
  3     87          0.126
  4     87          0.050

Detector: BL_W170_T2.8_D30
Best Detection: 92 mmHg (confidence: 0.260)
Top 10 readings:
  Rank  Pressure    Confidence  
  ------------------------------
  1     92          0.260
  2     91          0.126
  3     87          0.126
  4     87          0.050

Detector: BL_W170_T2.8_D40
Best Detection: 91 mmHg (confidence: 0.208)
Top 10 readings:
  Rank  Pressure    Confidence  
  ------------------------------
  1     91          0.208
  2     91          0.126
  3     87          0.126
  4     87          0.050

Detector: BL_W170_T3.0_D2
Best Detection: 92 mmHg (confidence: 0.208)
Top 10 readings:
  Rank  Pressure    Confidence  
  ------------------------------
  1     92          0.208
  2     91          0.126
  3     87          0.126
  4     86          0.050

Detector: BL_W170_T3.0_D4
Best Detection: 92 mmHg (confidence: 0.208)
Top 10 readings:
  Rank  Pressure    Confidence  
  ------------------------------
  1     92          0.208
  2     91          0.126
  3     87          0.126
  4     86          0.050

Detector: BL_W170_T3.0_D6
Best Detection: 92 mmHg (confidence: 0.208)
Top 10 readings:
  Rank  Pressure    Confidence  
  ------------------------------
  1     92          0.208
  2     91          0.126
  3     87          0.126
  4     86          0.050

Detector: BL_W170_T3.0_D8
Best Detection: 92 mmHg (confidence: 0.208)
Top 10 readings:
  Rank  Pressure    Confidence  
  ------------------------------
  1     92          0.208
  2     91          0.126
  3     87          0.126
  4     86          0.050

Detector: BL_W170_T3.0_D10
Best Detection: 92 mmHg (confidence: 0.208)
Top 10 readings:
  Rank  Pressure    Confidence  
  ------------------------------
  1     92          0.208
  2     91          0.126
  3     87          0.126
  4     86          0.050

Detector: BL_W170_T3.0_D15
Best Detection: 95 mmHg (confidence: 0.340)
Top 10 readings:
  Rank  Pressure    Confidence  
  ------------------------------
  1     95          0.340
  2     101         0.336
  3     92          0.260
  4     91          0.126
  5     87          0.126
  6     86          0.050

Detector: BL_W170_T3.0_D20
Best Detection: 92 mmHg (confidence: 0.208)
Top 10 readings:
  Rank  Pressure    Confidence  
  ------------------------------
  1     92          0.208
  2     91          0.126
  3     87          0.126
  4     86          0.050

Detector: BL_W170_T3.0_D25
Best Detection: 92 mmHg (confidence: 0.208)
Top 10 readings:
  Rank  Pressure    Confidence  
  ------------------------------
  1     92          0.208
  2     91          0.126
  3     87          0.126
  4     86          0.050

Detector: BL_W170_T3.0_D30
Best Detection: 92 mmHg (confidence: 0.208)
Top 10 readings:
  Rank  Pressure    Confidence  
  ------------------------------
  1     92          0.208
  2     91          0.126
  3     87          0.126
  4     86          0.050

Detector: BL_W170_T3.0_D40
Best Detection: 91 mmHg (confidence: 0.208)
Top 10 readings:
  Rank  Pressure    Confidence  
  ------------------------------
  1     91          0.208
  2     91          0.126
  3     87          0.126
  4     86          0.050

Detector: BL_W170_T3.2_D2
Best Detection: 91 mmHg (confidence: 0.208)
Top 10 readings:
  Rank  Pressure    Confidence  
  ------------------------------
  1     91          0.208
  2     91          0.126
  3     86          0.050

Detector: BL_W170_T3.2_D4
Best Detection: 91 mmHg (confidence: 0.208)
Top 10 readings:
  Rank  Pressure    Confidence  
  ------------------------------
  1     91          0.208
  2     91          0.126
  3     86          0.050

Detector: BL_W170_T3.2_D6
Best Detection: 91 mmHg (confidence: 0.208)
Top 10 readings:
  Rank  Pressure    Confidence  
  ------------------------------
  1     91          0.208
  2     91          0.126
  3     86          0.050

Detector: BL_W170_T3.2_D8
Best Detection: 91 mmHg (confidence: 0.208)
Top 10 readings:
  Rank  Pressure    Confidence  
  ------------------------------
  1     91          0.208
  2     91          0.126
  3     86          0.050

Detector: BL_W170_T3.2_D10
Best Detection: 91 mmHg (confidence: 0.208)
Top 10 readings:
  Rank  Pressure    Confidence  
  ------------------------------
  1     91          0.208
  2     91          0.126
  3     86          0.050

Detector: BL_W170_T3.2_D15
Best Detection: 95 mmHg (confidence: 0.340)
Top 10 readings:
  Rank  Pressure    Confidence  
  ------------------------------
  1     95          0.340
  2     101         0.336
  3     92          0.260
  4     91          0.126
  5     86          0.050

Detector: BL_W170_T3.2_D20
Best Detection: 92 mmHg (confidence: 0.208)
Top 10 readings:
  Rank  Pressure    Confidence  
  ------------------------------
  1     92          0.208
  2     91          0.126
  3     86          0.050

Detector: BL_W170_T3.2_D25
Best Detection: 92 mmHg (confidence: 0.208)
Top 10 readings:
  Rank  Pressure    Confidence  
  ------------------------------
  1     92          0.208
  2     91          0.126
  3     86          0.050

Detector: BL_W170_T3.2_D30
Best Detection: 92 mmHg (confidence: 0.208)
Top 10 readings:
  Rank  Pressure    Confidence  
  ------------------------------
  1     92          0.208
  2     91          0.126
  3     86          0.050

Detector: BL_W170_T3.2_D40
Best Detection: 91 mmHg (confidence: 0.208)
Top 10 readings:
  Rank  Pressure    Confidence  
  ------------------------------
  1     91          0.208
  2     91          0.126
  3     86          0.050

Detector: BL_W170_T3.5_D2
Best Detection: 91 mmHg (confidence: 0.050)
Top 10 readings:
  Rank  Pressure    Confidence  
  ------------------------------
  1     91          0.050

Detector: BL_W170_T3.5_D4
Best Detection: 91 mmHg (confidence: 0.050)
Top 10 readings:
  Rank  Pressure    Confidence  
  ------------------------------
  1     91          0.050

Detector: BL_W170_T3.5_D6
Best Detection: 91 mmHg (confidence: 0.050)
Top 10 readings:
  Rank  Pressure    Confidence  
  ------------------------------
  1     91          0.050

Detector: BL_W170_T3.5_D8
Best Detection: 91 mmHg (confidence: 0.050)
Top 10 readings:
  Rank  Pressure    Confidence  
  ------------------------------
  1     91          0.050

Detector: BL_W170_T3.5_D10
Best Detection: 91 mmHg (confidence: 0.050)
Top 10 readings:
  Rank  Pressure    Confidence  
  ------------------------------
  1     91          0.050

Detector: BL_W170_T3.5_D15
Best Detection: 101 mmHg (confidence: 0.272)
Top 10 readings:
  Rank  Pressure    Confidence  
  ------------------------------
  1     101         0.272
  2     95          0.260
  3     92          0.126
  4     91          0.050

Detector: BL_W170_T3.5_D20
Best Detection: 92 mmHg (confidence: 0.126)
Top 10 readings:
  Rank  Pressure    Confidence  
  ------------------------------
  1     92          0.126
  2     91          0.050

Detector: BL_W170_T3.5_D25
Best Detection: 92 mmHg (confidence: 0.126)
Top 10 readings:
  Rank  Pressure    Confidence  
  ------------------------------
  1     92          0.126
  2     91          0.050

Detector: BL_W170_T3.5_D30
Best Detection: 92 mmHg (confidence: 0.126)
Top 10 readings:
  Rank  Pressure    Confidence  
  ------------------------------
  1     92          0.126
  2     91          0.050

Detector: BL_W170_T3.5_D40
Best Detection: 91 mmHg (confidence: 0.126)
Top 10 readings:
  Rank  Pressure    Confidence  
  ------------------------------
  1     91          0.126
  2     91          0.050

Detector: BL_W170_T3.8_D2
Best Detection: 91 mmHg (confidence: 0.050)
Top 10 readings:
  Rank  Pressure    Confidence  
  ------------------------------
  1     91          0.050

Detector: BL_W170_T3.8_D4
Best Detection: 91 mmHg (confidence: 0.050)
Top 10 readings:
  Rank  Pressure    Confidence  
  ------------------------------
  1     91          0.050

Detector: BL_W170_T3.8_D6
Best Detection: 91 mmHg (confidence: 0.050)
Top 10 readings:
  Rank  Pressure    Confidence  
  ------------------------------
  1     91          0.050

Detector: BL_W170_T3.8_D8
Best Detection: 91 mmHg (confidence: 0.050)
Top 10 readings:
  Rank  Pressure    Confidence  
  ------------------------------
  1     91          0.050

Detector: BL_W170_T3.8_D10
Best Detection: 91 mmHg (confidence: 0.050)
Top 10 readings:
  Rank  Pressure    Confidence  
  ------------------------------
  1     91          0.050

Detector: BL_W170_T3.8_D15
Best Detection: 101 mmHg (confidence: 0.272)
Top 10 readings:
  Rank  Pressure    Confidence  
  ------------------------------
  1     101         0.272
  2     95          0.260
  3     92          0.126
  4     91          0.050

Detector: BL_W170_T3.8_D20
Best Detection: 92 mmHg (confidence: 0.126)
Top 10 readings:
  Rank  Pressure    Confidence  
  ------------------------------
  1     92          0.126
  2     91          0.050

Detector: BL_W170_T3.8_D25
Best Detection: 92 mmHg (confidence: 0.126)
Top 10 readings:
  Rank  Pressure    Confidence  
  ------------------------------
  1     92          0.126
  2     91          0.050

Detector: BL_W170_T3.8_D30
Best Detection: 92 mmHg (confidence: 0.126)
Top 10 readings:
  Rank  Pressure    Confidence  
  ------------------------------
  1     92          0.126
  2     91          0.050

Detector: BL_W170_T3.8_D40
Best Detection: 91 mmHg (confidence: 0.126)
Top 10 readings:
  Rank  Pressure    Confidence  
  ------------------------------
  1     91          0.126
  2     91          0.050

Detector: BL_W170_T4.0_D2
Best Detection: 91 mmHg (confidence: 0.050)
Top 10 readings:
  Rank  Pressure    Confidence  
  ------------------------------
  1     91          0.050

Detector: BL_W170_T4.0_D4
Best Detection: 91 mmHg (confidence: 0.050)
Top 10 readings:
  Rank  Pressure    Confidence  
  ------------------------------
  1     91          0.050

Detector: BL_W170_T4.0_D6
Best Detection: 91 mmHg (confidence: 0.050)
Top 10 readings:
  Rank  Pressure    Confidence  
  ------------------------------
  1     91          0.050

Detector: BL_W170_T4.0_D8
Best Detection: 91 mmHg (confidence: 0.050)
Top 10 readings:
  Rank  Pressure    Confidence  
  ------------------------------
  1     91          0.050

Detector: BL_W170_T4.0_D10
Best Detection: 91 mmHg (confidence: 0.050)
Top 10 readings:
  Rank  Pressure    Confidence  
  ------------------------------
  1     91          0.050

Detector: BL_W170_T4.0_D15
Best Detection: 101 mmHg (confidence: 0.272)
Top 10 readings:
  Rank  Pressure    Confidence  
  ------------------------------
  1     101         0.272
  2     95          0.260
  3     92          0.126
  4     91          0.050

Detector: BL_W170_T4.0_D20
Best Detection: 92 mmHg (confidence: 0.126)
Top 10 readings:
  Rank  Pressure    Confidence  
  ------------------------------
  1     92          0.126
  2     91          0.050

Detector: BL_W170_T4.0_D25
Best Detection: 92 mmHg (confidence: 0.126)
Top 10 readings:
  Rank  Pressure    Confidence  
  ------------------------------
  1     92          0.126
  2     91          0.050

Detector: BL_W170_T4.0_D30
Best Detection: 92 mmHg (confidence: 0.126)
Top 10 readings:
  Rank  Pressure    Confidence  
  ------------------------------
  1     92          0.126
  2     91          0.050

Detector: BL_W170_T4.0_D40
Best Detection: 91 mmHg (confidence: 0.126)
Top 10 readings:
  Rank  Pressure    Confidence  
  ------------------------------
  1     91          0.126
  2     91          0.050

Detector: BL_W170_T4.2_D2
Best Detection: 91 mmHg (confidence: 0.050)
Top 10 readings:
  Rank  Pressure    Confidence  
  ------------------------------
  1     91          0.050

Detector: BL_W170_T4.2_D4
Best Detection: 91 mmHg (confidence: 0.050)
Top 10 readings:
  Rank  Pressure    Confidence  
  ------------------------------
  1     91          0.050

Detector: BL_W170_T4.2_D6
Best Detection: 91 mmHg (confidence: 0.050)
Top 10 readings:
  Rank  Pressure    Confidence  
  ------------------------------
  1     91          0.050

Detector: BL_W170_T4.2_D8
Best Detection: 91 mmHg (confidence: 0.050)
Top 10 readings:
  Rank  Pressure    Confidence  
  ------------------------------
  1     91          0.050

Detector: BL_W170_T4.2_D10
Best Detection: 91 mmHg (confidence: 0.050)
Top 10 readings:
  Rank  Pressure    Confidence  
  ------------------------------
  1     91          0.050

Detector: BL_W170_T4.2_D15
Best Detection: 101 mmHg (confidence: 0.272)
Top 10 readings:
  Rank  Pressure    Confidence  
  ------------------------------
  1     101         0.272
  2     95          0.260
  3     92          0.126
  4     91          0.050

Detector: BL_W170_T4.2_D20
Best Detection: 92 mmHg (confidence: 0.126)
Top 10 readings:
  Rank  Pressure    Confidence  
  ------------------------------
  1     92          0.126
  2     91          0.050

Detector: BL_W170_T4.2_D25
Best Detection: 92 mmHg (confidence: 0.126)
Top 10 readings:
  Rank  Pressure    Confidence  
  ------------------------------
  1     92          0.126
  2     91          0.050

Detector: BL_W170_T4.2_D30
Best Detection: 92 mmHg (confidence: 0.126)
Top 10 readings:
  Rank  Pressure    Confidence  
  ------------------------------
  1     92          0.126
  2     91          0.050

Detector: BL_W170_T4.2_D40
Best Detection: 91 mmHg (confidence: 0.126)
Top 10 readings:
  Rank  Pressure    Confidence  
  ------------------------------
  1     91          0.126
  2     91          0.050

Detector: BL_W170_T4.5_D2
Best Detection: 90 mmHg (confidence: 0.050)
Top 10 readings:
  Rank  Pressure    Confidence  
  ------------------------------
  1     90          0.050

Detector: BL_W170_T4.5_D4
Best Detection: 90 mmHg (confidence: 0.050)
Top 10 readings:
  Rank  Pressure    Confidence  
  ------------------------------
  1     90          0.050

Detector: BL_W170_T4.5_D6
Best Detection: 90 mmHg (confidence: 0.050)
Top 10 readings:
  Rank  Pressure    Confidence  
  ------------------------------
  1     90          0.050

Detector: BL_W170_T4.5_D8
Best Detection: 90 mmHg (confidence: 0.050)
Top 10 readings:
  Rank  Pressure    Confidence  
  ------------------------------
  1     90          0.050

Detector: BL_W170_T4.5_D10
Best Detection: 90 mmHg (confidence: 0.050)
Top 10 readings:
  Rank  Pressure    Confidence  
  ------------------------------
  1     90          0.050

Detector: BL_W170_T4.5_D15
Best Detection: 101 mmHg (confidence: 0.272)
Top 10 readings:
  Rank  Pressure    Confidence  
  ------------------------------
  1     101         0.272
  2     95          0.260
  3     92          0.126
  4     91          0.050

Detector: BL_W170_T4.5_D20
Best Detection: 92 mmHg (confidence: 0.126)
Top 10 readings:
  Rank  Pressure    Confidence  
  ------------------------------
  1     92          0.126
  2     91          0.050

Detector: BL_W170_T4.5_D25
Best Detection: 92 mmHg (confidence: 0.126)
Top 10 readings:
  Rank  Pressure    Confidence  
  ------------------------------
  1     92          0.126
  2     91          0.050

Detector: BL_W170_T4.5_D30
Best Detection: 92 mmHg (confidence: 0.126)
Top 10 readings:
  Rank  Pressure    Confidence  
  ------------------------------
  1     92          0.126
  2     91          0.050

Detector: BL_W170_T4.5_D40
Best Detection: 91 mmHg (confidence: 0.126)
Top 10 readings:
  Rank  Pressure    Confidence  
  ------------------------------
  1     91          0.126
  2     91          0.050

Detector: BL_W170_T4.8_D2
Best Detection: 90 mmHg (confidence: 0.050)
Top 10 readings:
  Rank  Pressure    Confidence  
  ------------------------------
  1     90          0.050

Detector: BL_W170_T4.8_D4
Best Detection: 90 mmHg (confidence: 0.050)
Top 10 readings:
  Rank  Pressure    Confidence  
  ------------------------------
  1     90          0.050

Detector: BL_W170_T4.8_D6
Best Detection: 90 mmHg (confidence: 0.050)
Top 10 readings:
  Rank  Pressure    Confidence  
  ------------------------------
  1     90          0.050

Detector: BL_W170_T4.8_D8
Best Detection: 90 mmHg (confidence: 0.050)
Top 10 readings:
  Rank  Pressure    Confidence  
  ------------------------------
  1     90          0.050

Detector: BL_W170_T4.8_D10
Best Detection: 90 mmHg (confidence: 0.050)
Top 10 readings:
  Rank  Pressure    Confidence  
  ------------------------------
  1     90          0.050

Detector: BL_W170_T4.8_D15
Best Detection: 101 mmHg (confidence: 0.272)
Top 10 readings:
  Rank  Pressure    Confidence  
  ------------------------------
  1     101         0.272
  2     95          0.260
  3     92          0.126
  4     91          0.050

Detector: BL_W170_T4.8_D20
Best Detection: 92 mmHg (confidence: 0.126)
Top 10 readings:
  Rank  Pressure    Confidence  
  ------------------------------
  1     92          0.126
  2     91          0.050

Detector: BL_W170_T4.8_D25
Best Detection: 92 mmHg (confidence: 0.126)
Top 10 readings:
  Rank  Pressure    Confidence  
  ------------------------------
  1     92          0.126
  2     91          0.050

Detector: BL_W170_T4.8_D30
Best Detection: 92 mmHg (confidence: 0.126)
Top 10 readings:
  Rank  Pressure    Confidence  
  ------------------------------
  1     92          0.126
  2     91          0.050

Detector: BL_W170_T4.8_D40
Best Detection: 91 mmHg (confidence: 0.126)
Top 10 readings:
  Rank  Pressure    Confidence  
  ------------------------------
  1     91          0.126
  2     91          0.050

Detector: BL_W170_T5.0_D2
Best Detection: 90 mmHg (confidence: 0.050)
Top 10 readings:
  Rank  Pressure    Confidence  
  ------------------------------
  1     90          0.050

Detector: BL_W170_T5.0_D4
Best Detection: 90 mmHg (confidence: 0.050)
Top 10 readings:
  Rank  Pressure    Confidence  
  ------------------------------
  1     90          0.050

Detector: BL_W170_T5.0_D6
Best Detection: 90 mmHg (confidence: 0.050)
Top 10 readings:
  Rank  Pressure    Confidence  
  ------------------------------
  1     90          0.050

Detector: BL_W170_T5.0_D8
Best Detection: 90 mmHg (confidence: 0.050)
Top 10 readings:
  Rank  Pressure    Confidence  
  ------------------------------
  1     90          0.050

Detector: BL_W170_T5.0_D10
Best Detection: 90 mmHg (confidence: 0.050)
Top 10 readings:
  Rank  Pressure    Confidence  
  ------------------------------
  1     90          0.050

Detector: BL_W170_T5.0_D15
Best Detection: 101 mmHg (confidence: 0.272)
Top 10 readings:
  Rank  Pressure    Confidence  
  ------------------------------
  1     101         0.272
  2     95          0.260
  3     92          0.126
  4     91          0.050

Detector: BL_W170_T5.0_D20
Best Detection: 92 mmHg (confidence: 0.126)
Top 10 readings:
  Rank  Pressure    Confidence  
  ------------------------------
  1     92          0.126
  2     91          0.050

Detector: BL_W170_T5.0_D25
Best Detection: 92 mmHg (confidence: 0.126)
Top 10 readings:
  Rank  Pressure    Confidence  
  ------------------------------
  1     92          0.126
  2     91          0.050

Detector: BL_W170_T5.0_D30
Best Detection: 92 mmHg (confidence: 0.126)
Top 10 readings:
  Rank  Pressure    Confidence  
  ------------------------------
  1     92          0.126
  2     91          0.050

Detector: BL_W170_T5.0_D40
Best Detection: 91 mmHg (confidence: 0.126)
Top 10 readings:
  Rank  Pressure    Confidence  
  ------------------------------
  1     91          0.126
  2     91          0.050

Detector: BL_W170_T5.5_D2
Best Detection: 90 mmHg (confidence: 0.050)
Top 10 readings:
  Rank  Pressure    Confidence  
  ------------------------------
  1     90          0.050

Detector: BL_W170_T5.5_D4
Best Detection: 90 mmHg (confidence: 0.050)
Top 10 readings:
  Rank  Pressure    Confidence  
  ------------------------------
  1     90          0.050

Detector: BL_W170_T5.5_D6
Best Detection: 90 mmHg (confidence: 0.050)
Top 10 readings:
  Rank  Pressure    Confidence  
  ------------------------------
  1     90          0.050

Detector: BL_W170_T5.5_D8
Best Detection: 90 mmHg (confidence: 0.050)
Top 10 readings:
  Rank  Pressure    Confidence  
  ------------------------------
  1     90          0.050

Detector: BL_W170_T5.5_D10
Best Detection: 90 mmHg (confidence: 0.050)
Top 10 readings:
  Rank  Pressure    Confidence  
  ------------------------------
  1     90          0.050

Detector: BL_W170_T5.5_D15
Best Detection: 101 mmHg (confidence: 0.272)
Top 10 readings:
  Rank  Pressure    Confidence  
  ------------------------------
  1     101         0.272
  2     95          0.260
  3     92          0.126
  4     91          0.050

Detector: BL_W170_T5.5_D20
Best Detection: 92 mmHg (confidence: 0.126)
Top 10 readings:
  Rank  Pressure    Confidence  
  ------------------------------
  1     92          0.126
  2     91          0.050

Detector: BL_W170_T5.5_D25
Best Detection: 92 mmHg (confidence: 0.126)
Top 10 readings:
  Rank  Pressure    Confidence  
  ------------------------------
  1     92          0.126
  2     91          0.050

Detector: BL_W170_T5.5_D30
Best Detection: 92 mmHg (confidence: 0.126)
Top 10 readings:
  Rank  Pressure    Confidence  
  ------------------------------
  1     92          0.126
  2     91          0.050

Detector: BL_W170_T5.5_D40
Best Detection: 91 mmHg (confidence: 0.126)
Top 10 readings:
  Rank  Pressure    Confidence  
  ------------------------------
  1     91          0.126
  2     91          0.050

Detector: BL_W170_T6.0_D2
Best Detection: 90 mmHg (confidence: 0.050)
Top 10 readings:
  Rank  Pressure    Confidence  
  ------------------------------
  1     90          0.050

Detector: BL_W170_T6.0_D4
Best Detection: 90 mmHg (confidence: 0.050)
Top 10 readings:
  Rank  Pressure    Confidence  
  ------------------------------
  1     90          0.050

Detector: BL_W170_T6.0_D6
Best Detection: 90 mmHg (confidence: 0.050)
Top 10 readings:
  Rank  Pressure    Confidence  
  ------------------------------
  1     90          0.050

Detector: BL_W170_T6.0_D8
Best Detection: 90 mmHg (confidence: 0.050)
Top 10 readings:
  Rank  Pressure    Confidence  
  ------------------------------
  1     90          0.050

Detector: BL_W170_T6.0_D10
Best Detection: 90 mmHg (confidence: 0.050)
Top 10 readings:
  Rank  Pressure    Confidence  
  ------------------------------
  1     90          0.050

Detector: BL_W170_T6.0_D15
Best Detection: 101 mmHg (confidence: 0.272)
Top 10 readings:
  Rank  Pressure    Confidence  
  ------------------------------
  1     101         0.272
  2     95          0.260
  3     92          0.126
  4     91          0.050

Detector: BL_W170_T6.0_D20
Best Detection: 92 mmHg (confidence: 0.126)
Top 10 readings:
  Rank  Pressure    Confidence  
  ------------------------------
  1     92          0.126
  2     91          0.050

Detector: BL_W170_T6.0_D25
Best Detection: 92 mmHg (confidence: 0.126)
Top 10 readings:
  Rank  Pressure    Confidence  
  ------------------------------
  1     92          0.126
  2     91          0.050

Detector: BL_W170_T6.0_D30
Best Detection: 92 mmHg (confidence: 0.126)
Top 10 readings:
  Rank  Pressure    Confidence  
  ------------------------------
  1     92          0.126
  2     91          0.050

Detector: BL_W170_T6.0_D40
Best Detection: 91 mmHg (confidence: 0.126)
Top 10 readings:
  Rank  Pressure    Confidence  
  ------------------------------
  1     91          0.126
  2     91          0.050

