Time,Pressure,rawPPGSignal,PPGSignal
14828,-0.22,3709,239
14863,-0.14,3197,937
14899,-0.18,2624,1712
14935,-0.24,2320,2114
14971,-0.19,2256,2119
15007,-0.24,2391,1895
15043,-0.20,2555,1620
15079,-0.21,2682,1396
15115,-0.20,2679,1239
15151,-0.12,2646,1116
15187,-0.17,2661,998
15223,-0.17,2675,878
15259,-0.17,2627,754
15295,-0.14,2559,621
15331,-0.25,2610,483
15367,0.05,2749,365
15403,-0.18,3755,348
15439,0.02,4095,507
15475,0.00,4095,763
15511,-0.16,4095,961
15547,-0.17,4095,1034
15583,-0.29,4095,990
15619,-0.14,4095,868
15655,-0.17,4095,707
15691,-0.08,4095,538
15727,-0.03,2433,269
15763,-0.19,3465,-135
15799,-0.26,4095,-428
15835,-0.27,4095,-458
15871,-0.08,4095,-353
15907,-0.13,4095,-244
15943,-0.20,0,-449
15979,-0.24,0,-1253
16015,-0.24,0,-2300
16051,-0.23,0,-3091
16087,-0.32,955,-3430
16123,-0.39,2602,-3198
16159,-0.33,3057,-2450
16195,-0.22,2751,-1533
16231,-0.20,2261,-837
16267,-0.19,1976,-519
16303,-0.22,2025,-496
16339,-0.32,2281,-579
16375,-0.16,2511,-617
16411,-0.25,2603,-562
16447,-0.19,2587,-451
16483,-0.16,2512,-345
16519,-0.11,2671,-267
16555,-0.20,4095,-109
16591,-0.21,4095,226
16627,-0.21,4095,613
16663,-0.21,4095,887
16699,-0.17,4095,1013
16735,-0.12,4095,1016
16771,-0.18,2323,827
16807,-0.13,919,278
16843,-0.22,1303,-527
16879,-0.16,2347,-1156
16915,-0.22,3102,-1299
16951,-0.17,3184,-1018
16987,-0.14,2830,-601
17023,-0.20,2410,-313
17059,-0.11,2159,-246
17095,-0.18,2067,-343
17131,-0.24,2089,-492
17167,-0.18,2167,-603
17203,-0.30,2263,-633
17239,-0.24,2433,-580
17275,-0.29,2599,-456
17311,-0.20,2727,-289
17347,-0.16,2768,-116
17383,-0.21,2673,19
17419,-0.20,2557,86
17455,-0.22,2480,81
17491,-0.16,2471,32
17527,-0.21,2466,-22
17563,-0.31,2474,-62
17599,-0.26,2510,-76
17635,-0.23,2718,-54
17671,-0.26,4095,96
17707,-0.24,4095,442
17743,-0.21,4095,838
17779,-0.23,4095,1116
17815,-0.22,4095,1240
17851,-0.19,2798,1153
17887,-0.22,957,696
17923,-0.28,1089,-96
17959,-0.22,2043,-820
17995,-0.24,2975,-1093
18031,-0.24,3408,-879
18067,-0.25,3211,-421
18103,-0.19,2751,-24
18139,-0.23,2384,136
18175,-0.24,2243,69
18211,-0.34,2300,-101
18247,-0.19,2418,-253
18283,-0.26,2511,-321
18319,-0.17,2593,-304
18355,-0.27,2618,-233
18391,-0.24,2586,-149
18427,-0.27,2527,-87
18463,-0.11,2539,-57
18499,-0.28,2543,-47
18535,-0.36,2519,-46
18571,-0.25,2494,-49
18607,-0.28,2485,-56
18643,-0.16,2541,-58
18679,-0.17,3071,-14
18715,-0.22,4095,174
18751,-0.18,4095,525
18787,-0.30,4095,887
18823,-0.17,4095,1124
18859,-0.20,3411,1170
18895,-0.28,1274,875
18931,-0.19,1285,195
18967,-0.24,2014,-524
19003,-0.21,2749,-892
19039,-0.25,3193,-827
19075,-0.26,3189,-494
19111,-0.25,2917,-137
19147,-0.16,2607,68
19183,-0.20,2426,86
19219,-0.20,2390,-21
19255,-0.20,2442,-157
19291,-0.22,2537,-248
19327,-0.18,2608,-270
19363,-0.21,2635,-235
19399,-0.21,2672,-172
19435,-0.17,2683,-106
19471,-0.17,2661,-52
19507,-0.29,2598,-23
19543,-0.26,2558,-23
19579,-0.15,2559,-41
19615,-0.17,2801,-46
19651,-0.17,4095,71
19687,-0.20,4095,383
19723,-0.17,4095,749
19759,-0.14,4095,1008
19795,-0.16,4095,1124
19831,-0.22,1534,957
19867,-0.17,1255,357
19903,-0.23,1905,-398
19939,-0.23,2619,-869
19975,-0.18,3088,-909
20011,-0.19,3205,-640
20047,-0.21,3008,-287
20083,-0.18,2743,-36
20119,-0.21,2543,40
20155,-0.20,2451,-20
20191,-0.15,2466,-139
20227,-0.26,2545,-241
20263,-0.20,2637,-283
20299,-0.19,2700,-262
20335,-0.21,2746,-200
20371,-0.19,2755,-124
20407,-0.25,2703,-62
20443,-0.13,2638,-32
20479,-0.16,2597,-35
20515,-0.28,2697,-51
20551,-0.20,3363,-12
20587,-0.10,4095,175
20623,-0.17,4095,499
20659,-0.17,4095,811
20695,-0.18,3536,971
20731,-0.21,2781,878
20767,-0.23,2594,550
20803,-0.24,2559,138
20839,-0.21,2678,-197
20875,-0.19,2875,-376
20911,-0.20,3010,-394
20947,-0.18,2948,-313
20983,-0.16,2775,-223
21019,-0.18,2594,-191
21055,-0.24,2493,-229
21091,-0.22,2493,-301
21127,-0.25,2529,-364
21163,-0.17,2559,-389
21199,-0.25,2637,-372
21235,-0.18,2690,-319
21271,-0.19,2714,-248
21307,-0.15,2703,-177
21343,-0.25,2645,-127
21379,-0.21,2559,-109
21415,-0.16,2544,-120
21451,-0.20,2591,-139
21487,-0.18,2962,-122
21523,-0.18,4095,31
21559,-0.15,4095,363
21595,-0.21,4095,727
21631,-0.18,3879,965
21667,-0.19,2928,970
21703,-0.20,2641,706
21739,-0.17,2559,296
21775,-0.21,2672,-77
21811,-0.12,2839,-307
21847,-0.19,2994,-369
21883,-0.17,2950,-315
21919,-0.22,2773,-233
21955,-0.28,2590,-199
21991,-0.12,2449,-233
22027,-0.20,2432,-309
22063,-0.24,2481,-380
22099,-0.16,2550,-408
22135,-0.21,2637,-384
22171,-0.25,2700,-318
22207,-0.26,2714,-232
22243,-0.28,2725,-151
22279,-0.18,2704,-90
22315,-0.23,2665,-55
22351,-0.15,2636,-46
22387,-0.17,2640,-53
22423,-0.27,2896,-45
22459,-0.28,4095,78
22495,-0.21,4095,380
22531,-0.24,4095,729
22567,-0.32,4095,974
22603,-0.31,3095,1018
22639,-0.20,2675,791
22675,-0.27,2544,381
22711,-0.22,2613,-26
22747,-0.16,2850,-299
22783,-0.27,3068,-384
22819,-0.15,3126,-320
22855,-0.17,3000,-198
22891,-0.25,2815,-112
22927,-0.26,2709,-102
22963,-0.18,2697,-150
22999,-0.17,2767,-206
23035,-0.06,2838,-232
23071,-0.14,2881,-217
23107,-0.20,2874,-177
23143,-0.19,2886,-132
23179,-0.30,2891,-95
23215,-0.26,2871,-69
23251,-0.22,2846,-57
23287,-0.21,2789,-61
23323,-0.10,2722,-81
23359,-0.11,2896,-100
23395,-0.24,4016,-20
23431,-0.19,4095,235
23467,-0.15,4095,557
23503,-0.18,4095,800
23539,-0.17,3390,874
23575,-0.15,2838,713
23611,-0.09,2645,361
23647,-0.13,2675,-27
23683,-0.18,2848,-314
23719,-0.30,3042,-435
23755,-0.20,3103,-409
23791,-0.22,2986,-315
23827,-0.24,2813,-239
23863,-0.20,2673,-228
23899,-0.14,2622,-272
23935,-0.17,2653,-332
23971,-0.11,2716,-368
24007,-0.15,2768,-362
24043,-0.12,2781,-322
24079,-0.15,2798,-265
24115,-0.15,2803,-210
24151,-0.24,2819,-162
24187,-0.18,2800,-125
24223,-0.22,2783,-102
24259,-0.25,2746,-93
24295,-0.21,2731,-94
24331,-0.21,2930,-87
24367,-0.28,4057,21
24403,-0.17,4095,298
24439,-0.17,4095,628
24475,-0.27,4095,867
24511,-0.21,3232,924
24547,-0.18,2790,731
24583,-0.12,2653,361
24619,-0.16,2698,-19
24655,-0.20,2881,-284
24691,-0.21,3061,-382
24727,-0.21,3090,-344
24763,-0.20,2960,-251
24799,-0.19,2789,-187
24835,-0.19,2670,-186
24871,-0.23,2630,-235
24907,-0.25,2660,-294
24943,-0.19,2717,-326
24979,-0.27,2755,-320
25015,-0.25,2777,-282
25051,-0.18,2798,-229
25087,-0.22,2814,-174
25123,-0.16,2828,-125
25159,-0.13,2797,-88
25195,-0.10,2763,-68
25231,-0.14,2725,-65
25267,-0.18,2736,-74
25303,-0.20,3106,-57
25339,-0.21,4095,78
25375,-0.16,4095,371
25411,-0.42,4095,691
25447,-0.20,3925,899
25483,-0.13,3029,901
25519,-0.19,2736,657
25555,-0.20,2691,275
25591,-0.18,2843,-66
25627,-0.24,3102,-259
25663,-0.15,3234,-282
25699,-0.18,3120,-202
25735,-0.21,2895,-124
25771,-0.17,2739,-114
25807,-0.14,2677,-171
25843,-0.20,2666,-251
25879,-0.17,2715,-312
25915,-0.22,2771,-332
25951,-0.12,2797,-311
25987,-0.19,2801,-264
26023,-0.24,2845,-211
26059,-0.18,2867,-157
26095,-0.16,2848,-110
26131,-0.10,2783,-81
26167,-0.14,2717,-78
26203,-0.17,2706,-96
26239,-0.18,2823,-111
26275,-0.19,3567,-54
26311,-0.46,4095,153
26347,-0.21,4095,469
26383,-0.17,4095,756
26419,-0.20,3740,905
26455,-0.14,3047,845
26491,-0.17,2832,574
26527,-0.23,2801,215
26563,-0.23,2908,-88
26599,-0.23,3062,-259
26635,-0.21,3141,-293
26671,-0.19,3101,-242
26707,-0.24,2926,-181
26743,-0.23,2763,-168
26779,-0.19,2659,-212
26815,-0.54,2651,-285
26851,0.01,2706,-346
26887,1.40,2751,-366
26923,0.49,2821,-342
26959,0.27,2850,-286
26995,3.66,2837,-220
27031,5.30,2816,-164
27067,5.07,2826,-127
27103,3.14,2800,-106
27139,3.75,2752,-98
27175,6.16,2736,-104
27211,3.27,2786,-110
27247,5.92,3280,-73
27283,6.34,4095,91
27319,3.06,4095,391
27355,7.30,4095,698
27391,4.57,4042,896
27427,6.99,3067,901
27463,6.85,2816,664
27499,4.12,2770,290
27535,8.20,2849,-50
27571,5.33,3024,-259
27607,8.08,3147,-316
27643,7.85,3094,-269
27679,4.98,2922,-201
27715,9.18,2766,-178
27751,6.49,2672,-213
27787,8.48,2669,-277
27823,9.14,2694,-332
27859,5.91,2755,-352
27895,10.43,2800,-332
27931,8.14,2801,-284
27967,8.38,2810,-229
28003,10.77,2806,-180
28039,7.52,2816,-141
28075,11.42,2797,-114
28111,9.42,2768,-98
28147,9.43,2762,-93
28183,11.91,2743,-93
28219,8.42,2818,-89
28255,12.91,3405,-34
28291,10.49,4095,150
28327,11.15,4095,454
28363,13.02,4095,748
28399,9.57,3682,905
28435,14.06,2958,842
28471,11.90,2768,561
28507,11.83,2753,193
28543,14.54,2886,-108
28579,11.29,3110,-265
28615,15.18,3221,-270
28651,13.75,3106,-190
28687,11.50,2883,-120
28723,16.13,2718,-120
28759,13.42,2663,-184
28795,14.99,2685,-265
28831,16.37,2733,-320
28867,12.89,2785,-331
28903,17.02,2809,-302
28939,15.70,2800,-252
28975,13.78,2819,-202
29011,18.67,2843,-157
29047,15.74,2830,-119
29083,15.50,2800,-92
29119,18.25,2735,-84
29155,15.49,2706,-93
29191,18.01,2775,-106
29227,19.01,3187,-79
29263,15.90,4095,74
29299,19.71,4095,374
29335,19.20,4095,690
29371,15.87,4095,902
29407,20.69,3055,922
29443,19.22,2778,688
29479,16.98,2746,304
29515,22.25,2849,-46
29551,19.79,3050,-256
29587,17.44,3202,-304
29623,21.96,3149,-242
29659,20.03,2961,-161
29695,17.84,2790,-134
29731,22.90,2673,-174
29767,20.56,2624,-254
29803,19.01,2688,-330
29839,23.96,2768,-363
29875,21.45,2835,-343
29911,19.02,2851,-285
29947,23.77,2817,-219
29983,22.07,2818,-166
30019,19.34,2829,-130
30055,24.29,2805,-108
30091,22.92,2736,-99
30127,20.45,2690,-109
30163,25.30,2726,-126
30199,24.03,2982,-118
30235,21.01,4095,8
30271,25.83,4095,303
30307,24.22,4095,640
30343,21.42,4095,878
30379,26.61,3391,940
30415,24.76,2893,771
30451,22.67,2769,426
30487,28.12,2805,60
30523,25.69,2969,-201
30559,23.16,3172,-306
30595,28.18,3185,-277
30631,26.46,3026,-196
30667,23.67,2843,-149
30703,28.82,2714,-167
30739,27.48,2649,-235
30775,25.01,2672,-312
30811,29.69,2707,-360
30847,29.20,2783,-365
30883,26.47,2855,-325
30919,29.58,2882,-256
30955,30.79,2864,-183
30991,28.09,2839,-127
31027,28.55,2800,-96
31063,31.69,2769,-90
31099,29.62,2751,-98
31135,27.92,2736,-111
31171,33.32,2759,-120
31207,31.67,3088,-96
31243,29.34,4095,45
31279,33.04,4095,341
31315,33.93,4095,665
31351,31.41,4095,888
31387,31.41,3089,919
31423,36.09,2127,654
31459,33.88,2179,152
31495,31.56,2623,-321
31531,34.75,3100,-545
31567,36.56,3391,-487
31603,34.19,3280,-267
31639,32.24,2990,-60
31675,37.22,2778,23
31711,37.26,2653,-19
31747,34.91,2650,-127
31783,34.43,2710,-229
31819,38.92,2773,-280
31855,38.06,2800,-277
31891,35.77,2806,-238
31927,36.11,2820,-188
31963,40.33,2818,-140
31999,39.44,2822,-102
32035,37.20,2821,-75
32071,37.35,2785,-59
32107,41.79,2743,-56
32143,41.26,2727,-65
32179,39.24,2765,-75
32215,38.32,3193,-47
32251,43.10,4095,104
32287,43.37,4095,401
32323,41.35,4095,715
32359,39.50,4095,923
32395,43.61,4095,1008
32431,45.72,1467,825
32467,43.81,1312,224
32503,42.03,2125,-499
32539,43.07,3007,-893
32575,47.57,3569,-820
32611,46.78,3482,-450
32647,44.90,3088,-68
32683,43.36,2769,130
32719,45.99,2625,120
32755,49.37,2602,-8
32791,48.19,2658,-151
32827,46.73,2759,-242
32863,45.23,2785,-260
32899,47.74,2787,-229
32935,51.26,2798,-180
32971,50.68,2768,-133
33007,48.83,2762,-100
33043,47.19,2764,-81
33079,51.29,2752,-71
33115,54.00,2727,-66
33151,52.30,2691,-69
33187,50.86,2679,-77
33223,50.13,2820,-75
33259,54.37,3761,10
33295,56.21,4095,256
33331,54.59,4095,588
33367,53.23,4095,862
33403,51.92,4095,1011
33439,55.33,2559,944
33475,58.39,1126,501
33511,58.06,1510,-226
33547,56.50,2483,-821
33583,55.27,3312,-965
33619,56.08,3635,-684
33655,60.34,3335,-232
33691,61.43,2919,109
33727,59.87,2638,215
33763,58.73,2538,125
33799,57.70,2559,-44
33835,58.89,2673,-188
33871,63.18,2743,-254
33907,64.61,2781,-246
33943,63.36,2821,-193
33979,62.01,2800,-127
34015,61.16,2774,-73
34051,60.87,2764,-43
34087,64.42,2761,-31
34123,67.34,2734,-30
34159,66.92,2714,-37
34195,65.46,2717,-46
34231,64.11,2737,-51
34267,67.32,2883,-37
34303,71.27,3998,72
34339,68.97,4095,346
34375,66.78,4095,677
34411,69.58,4095,921
34447,72.91,4095,1036
34483,69.80,2809,959
34519,67.93,1023,525
34555,74.60,1299,-224
34591,71.95,2323,-881
34627,69.92,3216,-1080
34663,76.68,3563,-818
34699,72.52,3293,-355
34735,75.67,2914,16
34771,75.99,2662,161
34807,72.77,2558,109
34843,79.02,2582,-32
34879,74.13,2637,-164
34915,80.67,2724,-235
34965,75.76,2766,-238
35014,82.64,2777,-196
35063,77.38,2764,-141
35112,84.30,2803,-91
35161,78.46,2779,-53
35210,84.50,2719,-31
35259,82.96,2694,-32
35308,84.32,2771,-41
35357,89.83,4095,45
35406,83.53,4095,318
35455,87.42,4095,658
35504,92.94,4095,907
35553,88.93,2011,890
35602,87.42,789,407
35651,91.37,2257,-317
35700,95.64,3495,-720
35749,95.13,3479,-611
35798,90.60,2938,-284
35847,94.26,2613,-58
35896,99.60,2538,-17
35945,97.88,2655,-81
35994,94.24,2753,-146
36043,99.03,2781,-168
36092,104.04,2815,-149
36142,101.47,2836,-109
36192,98.95,2839,-64
36241,99.44,2832,-28
36290,105.12,2895,0
36340,109.98,2947,27
36390,110.90,3035,63
36440,108.83,4095,174
36490,105.99,4095,418
36540,107.94,4095,699
36590,111.08,4095,892
36640,114.98,1935,832
36690,117.04,765,318
36740,113.77,2187,-423
36790,111.10,3211,-847
36840,113.71,3345,-773
36890,118.01,3082,-448
36940,121.50,2933,-150
36990,119.09,2956,17
37040,115.73,3046,85
37090,119.23,3107,109
37140,124.44,3152,123
37190,126.46,3148,136
37240,120.60,3170,144
37290,122.76,3190,148
37340,128.37,3186,149
37390,131.55,3223,146
37440,127.25,3238,144
37490,129.85,3300,147
37540,135.48,4095,206
37590,138.06,4095,368
37640,130.82,4095,562
37690,133.41,4095,693
37740,139.20,3275,689
37790,140.14,3216,505
37840,134.93,3388,242
37890,138.99,3504,42
37940,145.61,3520,-51
37990,139.47,3508,-72
38040,141.14,3471,-65
38090,147.77,3535,-54
38140,146.66,3541,-42
38190,143.86,3487,-34
38240,150.16,3506,-40
38290,151.38,3507,-54
38340,147.40,3484,-69
38390,154.04,3472,-87
38440,153.49,3499,-103
38490,151.50,3504,-113
38540,159.52,3455,-120
38590,156.17,3494,-127
38640,156.47,3490,-132
38690,163.72,3483,-133
38740,157.16,3431,-137
38790,162.67,3428,-148
38840,165.41,3408,-163
38890,161.69,3441,-175
38940,169.95,3401,-180
38990,162.92,3313,-188
39040,167.92,3259,-210
39090,172.38,3262,-240
39140,166.93,3249,-265
39190,174.04,3166,-282
39240,172.98,3135,-299
39290,171.86,3133,-315
39340,179.73,3085,-323
39390,172.89,3059,-328
39440,178.95,3071,-327
39490,179.62,3039,-318
39540,178.10,2995,-307
39590,186.31,2987,-298
39640,179.41,2978,-289
39690,187.58,3047,-271
39740,182.08,3088,-236
39790,186.82,2989,-194
39840,189.00,2916,-170
39890,186.97,2896,-170
39940,194.18,2864,-182
39990,188.38,2902,-191
40040,197.05,2915,-185
40090,190.12,2880,-165
40140,197.75,2864,-144
40190,193.18,2835,-127
40240,198.30,2815,-117
40290,195.94,2852,-108
40340,197.70,2885,-90
40390,197.25,2855,-63
40440,196.94,2832,-38
40490,196.75,2788,-25
40540,196.31,2767,-24
40590,195.95,2753,-29
40640,195.72,2770,-33
40690,195.48,2751,-30
40740,195.94,2763,-21
40790,195.65,2767,-7
40840,195.28,2767,4
40890,195.20,2770,16
40940,195.08,2753,26
40990,194.65,2734,35
41040,194.74,2738,43
41090,194.52,2735,49
41140,194.39,2756,55
41190,194.13,2803,62
41240,194.02,2766,73
41290,193.93,2739,83
41340,193.81,2768,91
41390,193.65,2779,99
41440,193.62,2807,108
41490,193.50,2763,117
41540,193.53,2768,124
41590,193.26,2768,129
41640,193.23,2783,133
41690,193.08,2799,137
41740,193.03,2800,141
41790,193.11,2800,144
41840,193.44,2789,147
41890,193.29,2793,149
41940,193.08,2814,150
41990,192.98,2814,151
42040,192.91,2785,151
42090,192.73,2800,150
42140,192.75,2820,148
42190,192.62,2864,147
42240,192.54,2843,148
42290,192.45,2834,149
42340,192.39,2835,149
42390,192.33,2802,147
42440,192.28,2827,143
42490,192.30,2857,138
42540,192.15,2822,134
42590,192.08,2799,128
42640,191.99,2815,121
42690,192.03,2879,114
42740,191.95,2896,110
42790,191.79,2848,109
42840,191.76,2831,107
42890,191.77,2851,104
42940,192.07,2875,100
42990,192.23,2870,97
43040,192.08,2877,94
43090,192.00,2870,91
43140,192.00,2864,88
43190,191.61,2885,84
43240,191.72,2890,80
43290,191.66,2883,77
43340,191.47,2881,74
43390,191.37,2864,69
43440,191.30,2858,64
43490,191.19,2901,57
43540,191.07,2896,52
43590,190.96,2873,48
43640,190.83,2891,44
43690,190.80,2894,40
43740,190.63,2887,36
43790,190.48,2910,33
43840,190.34,2909,30
43890,190.09,2894,29
43940,189.90,2901,26
43990,189.67,2910,24
44040,189.72,2913,22
44090,189.89,2913,20
44140,189.55,2911,18
44190,189.28,2922,16
44240,189.06,2907,14
44290,188.57,2901,12
44340,188.26,2910,9
44390,187.95,2907,5
44440,187.76,2918,2
44490,187.23,2919,0
44540,186.89,2899,-3
44590,186.59,2928,-5
44640,186.30,2962,-6
44690,185.96,2927,-5
44740,185.57,2927,-4
44790,185.24,2913,-4
44840,184.91,2922,-6
44890,184.53,2919,-7
44940,184.26,2929,-10
44990,183.98,2915,-12
45040,183.58,2926,-14
45090,183.26,2931,-16
45140,182.94,2931,-17
45190,183.19,2944,-17
45240,182.81,2939,-17
45290,182.42,2922,-16
45340,181.93,2918,-17
45390,181.68,2929,-18
45440,181.21,2953,-18
45490,180.81,2946,-16
45540,180.53,2925,-14
45590,180.09,2928,-13
45640,179.64,2934,-13
45690,179.39,2957,-12
45740,179.05,2957,-10
45790,178.74,2951,-6
45840,178.34,2933,-4
45890,178.00,2928,-4
45940,177.63,2947,-5
45990,177.35,2949,-5
46040,177.12,2927,-5
46090,176.73,2929,-6
46140,176.35,2959,-7
46190,176.03,2941,-7
46240,175.66,2954,-5
46290,175.31,2964,-3
46340,175.48,2975,0
46390,175.38,2975,4
46440,174.78,2978,7
46490,174.43,2980,11
46540,174.15,2949,12
46590,173.80,2965,11
46640,173.40,2977,8
46690,173.19,2953,6
46740,172.81,2951,2
46790,172.40,2974,0
46840,172.00,2960,-3
46890,171.69,2950,-5
46940,171.34,2971,-6
46990,170.84,2978,-7
47040,170.57,2959,-6
47090,170.25,2959,-5
47140,169.82,2976,-5
47190,169.55,2961,-4
47240,169.15,2958,-4
47290,168.88,2960,-4
47340,168.44,2961,-5
47390,168.06,2992,-4
47440,167.85,2981,-2
47490,168.00,2960,0
47540,167.69,2959,0
47590,167.11,2965,0
47640,166.87,2980,0
47690,166.29,2992,0
47740,166.02,2974,1
47790,165.75,2950,1
47840,165.37,2963,0
47890,164.95,3013,0
47940,164.49,3014,1
47990,164.22,2990,6
48040,163.78,2989,8
48090,163.60,2992,9
48140,163.19,2967,8
48190,162.87,2972,5
48240,162.44,2985,1
48290,162.27,2991,-1
48340,161.90,3000,-2
48390,161.61,2981,-2
48440,161.21,2962,-3
48490,160.84,2973,-5
48540,160.51,2989,-7
48590,160.76,3002,-7
48640,160.71,3007,-5
48690,160.15,2994,-1
48740,159.80,2979,0
48790,159.53,2986,0
48840,159.03,2990,0
48890,158.74,2960,-1
48940,158.50,2961,-4
48990,158.06,3019,-6
49040,157.64,3008,-5
49090,157.32,2987,-2
49140,157.09,2993,0
49190,156.66,2997,1
49240,156.44,2994,2
49290,156.12,2973,2
49340,155.85,2981,0
49390,155.60,3006,-1
49440,155.28,3021,0
49490,155.04,3015,2
49540,154.78,3024,5
49590,154.41,3003,8
49640,154.18,2991,9
49690,153.99,3003,7
49740,154.46,3003,5
49790,154.28,2997,2
49840,153.66,3005,0
49890,153.33,2995,-1
49940,153.10,2997,-3
49990,152.66,2994,-4
50040,152.41,3003,-6
50090,152.08,2992,-6
50140,151.72,2997,-7
50190,151.38,3009,-7
50240,151.15,3022,-6
50290,150.90,2981,-4
50340,150.52,2991,-3
50390,150.16,2994,-4
50440,149.76,3027,-4
50490,149.46,3042,-2
50540,149.12,3030,1
50590,148.74,3010,5
50640,148.45,3011,8
50690,148.07,3002,8
50740,147.72,3018,7
50790,147.36,3009,6
50840,147.54,3015,5
50890,147.74,2992,3
50940,147.23,3002,0
50990,146.49,3001,-1
51040,146.27,3012,-3
51090,145.64,3015,-4
51140,145.38,3018,-4
51190,145.08,3023,-3
51240,144.74,3024,-1
51290,144.29,2999,0
51340,143.83,3024,0
51390,143.58,3027,1
51440,143.23,3029,2
51490,142.90,3029,3
51540,142.53,3012,5
51590,142.24,3008,4
51640,141.88,3019,3
51690,141.49,3017,2
51740,141.28,3008,0
51790,140.79,2995,-1
51840,140.50,3025,-3
51890,140.10,3039,-4
51940,140.09,3024,-3
51990,140.59,3020,-2
52040,140.84,3014,-1
52090,140.44,3024,0
52140,140.18,3025,0
52190,139.68,3016,0
52240,138.66,3009,0
52290,138.42,3038,0
52340,138.00,3058,0
52390,137.48,3046,2
52440,137.20,3024,5
52490,136.78,3029,6
52540,136.45,3025,6
52590,136.17,3002,5
52640,135.82,3025,2
52690,135.63,3024,0
52740,135.25,3045,-2
52790,134.96,3027,-2
52840,134.60,3022,-2
52890,134.28,3001,-3
52940,134.04,3008,-5
52990,133.74,3039,-7
53040,133.39,3038,-7
53090,133.13,3019,-6
53140,133.45,3024,-5
53190,134.06,3024,-4
53240,134.29,3033,-3
53290,134.06,3024,-3
53340,133.78,3035,-2
53390,133.12,3065,0
53440,132.27,3116,4
53490,131.88,3122,12
53540,131.49,3097,22
53590,131.04,3071,30
53640,130.82,3058,34
53690,130.52,3037,32
53740,130.25,3025,27
53790,129.99,3035,18
53840,129.76,3041,9
53890,129.53,3052,1
53940,129.21,3035,-5
53990,128.93,3006,-10
54040,128.65,3014,-16
54090,128.33,3024,-22
54140,128.11,3037,-25
54190,127.87,3026,-26
54240,127.46,3017,-26
54290,127.19,3015,-25
54340,127.15,3024,-25
54390,127.71,3021,-23
54440,128.26,3024,-22
54490,127.96,3029,-19
54540,127.49,3023,-16
54590,126.87,3127,-12
54640,125.89,3159,-2
54690,125.34,3136,12
54740,124.81,3118,27
54790,124.39,3092,39
54840,123.98,3056,46
54890,123.56,3043,47
54940,123.17,3047,42
54990,122.83,3033,34
55040,122.53,3050,24
55090,122.14,3056,15
55140,121.76,3025,6
55190,121.42,3028,0
55240,121.14,3021,-8
55290,120.77,3015,-15
55340,120.46,2980,-21
55390,120.10,2979,-28
55440,119.77,3014,-35
55490,120.51,3038,-38
55540,121.51,3046,-38
55590,121.72,3024,-34
55640,121.81,3109,-27
55690,122.00,3322,-13
55740,121.61,3473,17
55790,121.18,3568,65
55840,120.54,3538,124
55890,119.64,3443,181
55940,118.74,3344,223
55990,117.99,3303,244
56040,117.57,3315,244
56090,117.11,3281,229
56140,116.83,3223,203
56190,116.40,3201,167
56240,116.13,3187,125
56290,115.58,3164,82
56340,115.30,3140,39
56390,115.01,3108,0
56440,114.75,3088,-38
56490,114.38,3086,-71
56540,114.07,3069,-100
56590,114.11,3083,-122
56640,115.30,3062,-138
56690,116.17,3026,-150
56740,116.74,3109,-157
56790,117.13,3668,-146
56840,116.89,4095,-94
56890,116.16,4095,4
56940,115.66,4095,127
56990,114.89,3409,237
57040,114.16,3185,295
57090,113.44,3212,292
57140,112.71,3253,248
57190,112.24,3167,183
57240,111.92,3141,108
57290,111.60,3138,29
57340,111.38,3138,-43
57390,110.94,3103,-106
57440,110.70,3059,-159
57490,110.40,3046,-202
57540,110.13,3022,-235
57590,109.81,3030,-259
57640,109.50,3033,-274
57690,109.54,3011,-279
57740,110.59,2993,-278
57790,111.78,2983,-272
57840,112.26,3152,-260
57890,112.12,4095,-219
57940,111.61,4095,-124
57990,110.73,4095,11
58040,110.05,3648,148
58090,109.43,3002,240
58140,108.70,2945,260
58190,108.18,3058,221
58240,107.51,3090,153
58290,106.79,3051,77
58340,106.05,2993,1
58390,105.48,2962,-70
58440,105.22,2961,-133
58490,104.78,2960,-184
58540,104.50,2976,-222
58590,104.05,2981,-244
58640,103.65,2967,-254
58690,103.32,2960,-254
58740,103.56,2954,-246
58790,105.24,2951,-232
58840,106.29,2983,-215
58890,106.38,4037,-173
58940,106.06,4095,-77
58990,105.49,4095,59
59040,104.80,4095,209
59090,104.21,2743,324
59140,103.85,880,320
59190,103.38,2204,174
59240,102.93,3350,-9
59290,102.24,3459,-128
59340,101.77,3035,-180
59390,101.13,2817,-203
59440,100.68,2763,-222
59490,100.17,2800,-242
59540,99.69,2841,-257
59589,99.25,2852,-265
59638,98.97,2843,-265
59687,98.42,2843,-258
59736,98.02,2854,-247
59785,97.76,2859,-232
59834,97.87,2886,-214
59883,99.54,2883,-194
59932,100.85,2896,-172
59982,101.06,4002,-129
60032,100.82,4095,-34
60082,100.18,4095,105
60132,99.57,4095,261
60181,99.23,4095,408
60230,98.94,628,470
60279,98.65,1648,361
60328,98.22,3109,159
60377,97.77,3539,1
60426,97.36,3082,-81
60475,96.93,2735,-125
60524,96.59,2640,-163
60573,96.25,2662,-204
60622,95.91,2752,-239
60671,95.62,2783,-262
60720,95.34,2767,-272
60769,94.91,2737,-271
60818,94.62,2773,-262
60867,94.06,2801,-247
60916,93.76,2794,-226
60965,93.89,2781,-201
61014,95.63,2807,-176
61063,96.40,2853,-149
61112,96.48,4095,-98
61161,96.21,4095,9
61210,95.57,4095,165
61259,95.00,4095,332
61308,94.65,2053,451
61357,94.42,572,423
61406,94.04,2128,244
61455,93.69,3383,44
61504,93.26,3406,-74
61553,92.74,2922,-115
61602,92.29,2645,-129
61651,91.93,2646,-142
61700,91.56,2706,-156
61749,91.20,2727,-167
61798,90.68,2767,-169
61847,90.36,2767,-164
61896,89.91,2762,-152
61945,89.39,2789,-136
61994,88.95,2786,-117
62043,89.53,2752,-97
62092,90.46,2720,-80
62141,90.73,3300,-55
62190,90.46,4095,6
62239,90.06,4095,125
62288,89.45,4095,281
62337,88.89,4095,441
62386,88.58,717,525
62435,88.33,1141,433
62484,87.87,2873,228
62533,87.52,3583,58
62582,86.94,3106,-24
62631,86.56,2690,-58
62680,86.16,2546,-86
62729,85.73,2589,-120
62778,85.48,2662,-152
62827,85.06,2699,-175
62876,84.69,2734,-186
62925,84.39,2705,-185
62974,83.97,2704,-177
63023,83.52,2745,-163
63072,83.15,2751,-145
63121,82.89,2699,-124
63170,84.11,2642,-105
63219,84.60,2790,-90
63268,84.64,4095,-47
63317,84.37,4095,57
63366,83.96,4095,212
63415,83.47,4095,381
63464,83.07,3799,534
63513,82.75,559,591
63562,82.50,1639,477
63611,82.03,3150,275
63660,81.66,3347,113
63709,81.24,2851,16
63758,80.90,2521,-54
63807,80.62,2464,-124
63856,80.32,2586,-192
63905,80.04,2690,-247
63954,79.80,2685,-283
64003,79.41,2694,-300
64052,79.03,2678,-303
64101,78.95,2647,-297
64150,78.64,2639,-286
64199,78.42,2645,-272
64248,78.10,2685,-257
64297,77.77,2711,-238
64346,78.08,2688,-217
64395,79.15,2658,-195
64444,79.47,3173,-168
64493,79.37,4095,-103
64542,79.07,4095,20
64591,78.56,4095,185
64640,78.33,4095,357
64689,78.10,1281,465
64738,78.00,898,413
64787,77.68,2559,230
64836,77.39,3527,54
64885,77.05,3188,-41
64934,76.79,2657,-85
64983,76.57,2448,-122
65032,76.38,2509,-166
65081,76.09,2613,-210
65130,75.89,2702,-242
65179,75.63,2736,-257
65228,75.26,2693,-257
65277,75.13,2647,-248
65326,74.88,2657,-235
65375,74.51,2672,-220
65424,74.13,2697,-203
65473,73.86,2654,-185
65522,74.72,2663,-167
65571,75.02,2800,-148
65620,74.92,4095,-101
65669,74.41,4095,7
65718,74.18,4095,168
65767,73.60,4095,343
65816,73.46,1437,461
65865,73.17,897,425
65914,72.82,2480,257
65963,72.55,3536,90
66012,72.14,3275,0
66061,71.76,2739,-34
66110,71.47,2466,-61
66159,71.22,2476,-99
66208,71.01,2559,-143
66257,70.63,2689,-181
66306,70.37,2718,-203
66355,70.08,2688,-210
66404,69.85,2689,-207
66453,69.46,2656,-196
66502,69.08,2686,-183
66551,68.92,2704,-167
66600,69.19,2659,-149
66649,69.65,2652,-132
66698,69.82,3863,-96
66747,69.54,4095,-3
66796,69.37,4095,145
66845,68.99,4095,318
66894,68.69,4095,487
66943,68.47,865,576
66992,68.29,1574,502
67041,68.02,3011,325
67090,54.93,3522,175
67139,49.68,2997,88
67188,45.96,2478,28
67237,42.77,2341,-39
67286,39.80,2496,-118
67335,37.17,2672,-189
67384,34.85,2753,-237
67433,32.77,2729,-260
67482,30.74,2643,-264
67531,29.04,2613,-260
67580,27.40,2644,-252
#SUMMARY_START
BL_W50_T1.0_D2,51540,143,1.200
BL_W50_T1.0_D2,52440,137,1.140
BL_W50_T1.0_D2,53440,132,1.060
BL_W50_T1.0_D2,53790,130,1.060
BL_W50_T1.0_D2,54740,125,0.980
BL_W50_T1.0_D2,55790,121,0.900
BL_W50_T1.0_D2,56140,117,0.900
BL_W50_T1.0_D2,56940,116,0.820
BL_W50_T1.0_D2,58090,109,0.740
BL_W50_T1.0_D2,59040,105,0.660
BL_W50_T1.0_D2,60082,100,0.580
BL_W50_T1.0_D2,61210,96,0.500
BL_W50_T1.0_D2,62288,89,0.420
BL_W50_T1.0_D2,63366,84,0.340
BL_W50_T1.0_D2,64640,78,0.260
BL_W50_T1.0_D2,46490,174,0.126
BL_W50_T1.0_D2,65767,74,0.126
BL_W50_T1.0_D2,66845,69,0.050
BL_W50_T1.0_D2,42090,193,0.010
BL_W50_T1.0_D2,47990,164,0.010
BL_W50_T1.0_D4,51540,143,1.200
BL_W50_T1.0_D4,52440,137,1.140
BL_W50_T1.0_D4,53440,132,1.060
BL_W50_T1.0_D4,53790,130,1.060
BL_W50_T1.0_D4,54740,125,0.980
BL_W50_T1.0_D4,55790,121,0.900
BL_W50_T1.0_D4,56140,117,0.900
BL_W50_T1.0_D4,56940,116,0.820
BL_W50_T1.0_D4,58090,109,0.740
BL_W50_T1.0_D4,59040,105,0.660
BL_W50_T1.0_D4,60082,100,0.580
BL_W50_T1.0_D4,61210,96,0.500
BL_W50_T1.0_D4,62288,89,0.420
BL_W50_T1.0_D4,63366,84,0.340
BL_W50_T1.0_D4,64640,78,0.260
BL_W50_T1.0_D4,46490,174,0.126
BL_W50_T1.0_D4,65767,74,0.126
BL_W50_T1.0_D4,66845,69,0.050
BL_W50_T1.0_D4,42090,193,0.010
BL_W50_T1.0_D4,47990,164,0.010
BL_W50_T1.0_D6,52490,137,1.140
BL_W50_T1.0_D6,53490,132,1.060
BL_W50_T1.0_D6,54740,125,0.980
BL_W50_T1.0_D6,55790,121,0.900
BL_W50_T1.0_D6,56140,117,0.900
BL_W50_T1.0_D6,56940,116,0.820
BL_W50_T1.0_D6,58090,109,0.740
BL_W50_T1.0_D6,59040,105,0.660
BL_W50_T1.0_D6,60082,100,0.580
BL_W50_T1.0_D6,61210,96,0.500
BL_W50_T1.0_D6,62288,89,0.420
BL_W50_T1.0_D6,63366,84,0.340
BL_W50_T1.0_D6,64640,78,0.260
BL_W50_T1.0_D6,46490,174,0.126
BL_W50_T1.0_D6,65767,74,0.126
BL_W50_T1.0_D6,66845,69,0.050
BL_W50_T1.0_D6,42090,193,0.010
BL_W50_T1.0_D6,47990,164,0.010
BL_W50_T1.0_D8,53490,132,1.060
BL_W50_T1.0_D8,54740,125,0.980
BL_W50_T1.0_D8,55790,121,0.900
BL_W50_T1.0_D8,56140,117,0.900
BL_W50_T1.0_D8,56940,116,0.820
BL_W50_T1.0_D8,58090,109,0.740
BL_W50_T1.0_D8,59040,105,0.660
BL_W50_T1.0_D8,60082,100,0.580
BL_W50_T1.0_D8,61210,96,0.500
BL_W50_T1.0_D8,62288,89,0.420
BL_W50_T1.0_D8,63366,84,0.340
BL_W50_T1.0_D8,64640,78,0.260
BL_W50_T1.0_D8,46490,174,0.126
BL_W50_T1.0_D8,65767,74,0.126
BL_W50_T1.0_D8,66845,69,0.050
BL_W50_T1.0_D8,42090,193,0.010
BL_W50_T1.0_D8,47990,164,0.010
BL_W50_T1.0_D10,53490,132,1.060
BL_W50_T1.0_D10,54740,125,0.980
BL_W50_T1.0_D10,55790,121,0.900
BL_W50_T1.0_D10,56140,117,0.900
BL_W50_T1.0_D10,56940,116,0.820
BL_W50_T1.0_D10,58090,109,0.740
BL_W50_T1.0_D10,59040,105,0.660
BL_W50_T1.0_D10,60082,100,0.580
BL_W50_T1.0_D10,61210,96,0.500
BL_W50_T1.0_D10,62288,89,0.420
BL_W50_T1.0_D10,63366,84,0.340
BL_W50_T1.0_D10,64640,78,0.260
BL_W50_T1.0_D10,65767,74,0.126
BL_W50_T1.0_D10,66845,69,0.050
BL_W50_T1.0_D10,42090,193,0.010
BL_W50_T1.0_D10,46490,174,0.010
BL_W50_T1.0_D10,48090,164,0.010
BL_W50_T1.0_D15,53540,131,1.060
BL_W50_T1.0_D15,54740,125,0.980
BL_W50_T1.0_D15,55790,121,0.900
BL_W50_T1.0_D15,56140,117,0.900
BL_W50_T1.0_D15,56940,116,0.820
BL_W50_T1.0_D15,58090,109,0.740
BL_W50_T1.0_D15,59040,105,0.660
BL_W50_T1.0_D15,60082,100,0.580
BL_W50_T1.0_D15,61210,96,0.500
BL_W50_T1.0_D15,62288,89,0.420
BL_W50_T1.0_D15,63366,84,0.340
BL_W50_T1.0_D15,64640,78,0.260
BL_W50_T1.0_D15,65767,74,0.126
BL_W50_T1.0_D15,66845,69,0.050
BL_W50_T1.0_D15,42090,193,0.010
BL_W50_T1.0_D15,46490,174,0.010
BL_W50_T1.0_D20,53540,131,1.060
BL_W50_T1.0_D20,54740,125,0.980
BL_W50_T1.0_D20,55790,121,0.900
BL_W50_T1.0_D20,56140,117,0.900
BL_W50_T1.0_D20,56940,116,0.820
BL_W50_T1.0_D20,58090,109,0.740
BL_W50_T1.0_D20,59040,105,0.660
BL_W50_T1.0_D20,60082,100,0.580
BL_W50_T1.0_D20,61210,96,0.500
BL_W50_T1.0_D20,62288,89,0.420
BL_W50_T1.0_D20,63366,84,0.340
BL_W50_T1.0_D20,64640,78,0.260
BL_W50_T1.0_D20,65767,74,0.126
BL_W50_T1.0_D20,66845,69,0.050
BL_W50_T1.0_D20,42090,193,0.010
BL_W50_T1.0_D25,53590,131,1.060
BL_W50_T1.0_D25,54740,125,0.980
BL_W50_T1.0_D25,55790,121,0.900
BL_W50_T1.0_D25,56140,117,0.900
BL_W50_T1.0_D25,56940,116,0.820
BL_W50_T1.0_D25,58090,109,0.740
BL_W50_T1.0_D25,59040,105,0.660
BL_W50_T1.0_D25,60082,100,0.580
BL_W50_T1.0_D25,61210,96,0.500
BL_W50_T1.0_D25,62288,89,0.420
BL_W50_T1.0_D25,63366,84,0.340
BL_W50_T1.0_D25,64640,78,0.260
BL_W50_T1.0_D25,65767,74,0.126
BL_W50_T1.0_D25,66845,69,0.050
BL_W50_T1.0_D25,42090,193,0.010
BL_W50_T1.0_D30,53640,131,1.060
BL_W50_T1.0_D30,54790,124,0.980
BL_W50_T1.0_D30,55790,121,0.900
BL_W50_T1.0_D30,56140,117,0.900
BL_W50_T1.0_D30,56940,116,0.820
BL_W50_T1.0_D30,58090,109,0.740
BL_W50_T1.0_D30,59040,105,0.660
BL_W50_T1.0_D30,60082,100,0.580
BL_W50_T1.0_D30,61210,96,0.500
BL_W50_T1.0_D30,62288,89,0.420
BL_W50_T1.0_D30,63366,84,0.340
BL_W50_T1.0_D30,64640,78,0.260
BL_W50_T1.0_D30,65767,74,0.126
BL_W50_T1.0_D30,66845,69,0.050
BL_W50_T1.0_D30,42090,193,0.010
BL_W50_T1.0_D40,54840,124,0.980
BL_W50_T1.0_D40,55790,121,0.900
BL_W50_T1.0_D40,56140,117,0.900
BL_W50_T1.0_D40,56940,116,0.820
BL_W50_T1.0_D40,58090,109,0.740
BL_W50_T1.0_D40,59040,105,0.660
BL_W50_T1.0_D40,60082,100,0.580
BL_W50_T1.0_D40,61210,96,0.500
BL_W50_T1.0_D40,62288,89,0.420
BL_W50_T1.0_D40,63366,84,0.340
BL_W50_T1.0_D40,64640,78,0.260
BL_W50_T1.0_D40,65767,74,0.126
BL_W50_T1.0_D40,66845,69,0.050
BL_W50_T1.0_D40,42090,193,0.010
BL_W50_T1.2_D2,52440,137,1.140
BL_W50_T1.2_D2,53440,132,1.060
BL_W50_T1.2_D2,53790,130,1.060
BL_W50_T1.2_D2,54740,125,0.980
BL_W50_T1.2_D2,55790,121,0.900
BL_W50_T1.2_D2,56140,117,0.900
BL_W50_T1.2_D2,56990,115,0.820
BL_W50_T1.2_D2,58090,109,0.740
BL_W50_T1.2_D2,59040,105,0.660
BL_W50_T1.2_D2,60132,100,0.580
BL_W50_T1.2_D2,61259,95,0.500
BL_W50_T1.2_D2,62288,89,0.420
BL_W50_T1.2_D2,63415,83,0.340
BL_W50_T1.2_D2,64640,78,0.260
BL_W50_T1.2_D2,46490,174,0.126
BL_W50_T1.2_D2,65767,74,0.126
BL_W50_T1.2_D2,66845,69,0.050
BL_W50_T1.2_D2,42090,193,0.010
BL_W50_T1.2_D2,47990,164,0.010
BL_W50_T1.2_D4,52440,137,1.140
BL_W50_T1.2_D4,53440,132,1.060
BL_W50_T1.2_D4,53790,130,1.060
BL_W50_T1.2_D4,54740,125,0.980
BL_W50_T1.2_D4,55790,121,0.900
BL_W50_T1.2_D4,56140,117,0.900
BL_W50_T1.2_D4,56990,115,0.820
BL_W50_T1.2_D4,58090,109,0.740
BL_W50_T1.2_D4,59040,105,0.660
BL_W50_T1.2_D4,60132,100,0.580
BL_W50_T1.2_D4,61259,95,0.500
BL_W50_T1.2_D4,62288,89,0.420
BL_W50_T1.2_D4,63415,83,0.340
BL_W50_T1.2_D4,64640,78,0.260
BL_W50_T1.2_D4,46490,174,0.126
BL_W50_T1.2_D4,65767,74,0.126
BL_W50_T1.2_D4,66845,69,0.050
BL_W50_T1.2_D4,42090,193,0.010
BL_W50_T1.2_D4,47990,164,0.010
BL_W50_T1.2_D6,52490,137,1.140
BL_W50_T1.2_D6,53490,132,1.060
BL_W50_T1.2_D6,54740,125,0.980
BL_W50_T1.2_D6,55790,121,0.900
BL_W50_T1.2_D6,56140,117,0.900
BL_W50_T1.2_D6,56990,115,0.820
BL_W50_T1.2_D6,58090,109,0.740
BL_W50_T1.2_D6,59040,105,0.660
BL_W50_T1.2_D6,60132,100,0.580
BL_W50_T1.2_D6,61259,95,0.500
BL_W50_T1.2_D6,62288,89,0.420
BL_W50_T1.2_D6,63415,83,0.340
BL_W50_T1.2_D6,64640,78,0.260
BL_W50_T1.2_D6,46490,174,0.126
BL_W50_T1.2_D6,65767,74,0.126
BL_W50_T1.2_D6,66845,69,0.050
BL_W50_T1.2_D6,42090,193,0.010
BL_W50_T1.2_D6,47990,164,0.010
BL_W50_T1.2_D8,53490,132,1.060
BL_W50_T1.2_D8,54740,125,0.980
BL_W50_T1.2_D8,55790,121,0.900
BL_W50_T1.2_D8,56140,117,0.900
BL_W50_T1.2_D8,56990,115,0.820
BL_W50_T1.2_D8,58090,109,0.740
BL_W50_T1.2_D8,59040,105,0.660
BL_W50_T1.2_D8,60132,100,0.580
BL_W50_T1.2_D8,61259,95,0.500
BL_W50_T1.2_D8,62288,89,0.420
BL_W50_T1.2_D8,63415,83,0.340
BL_W50_T1.2_D8,64640,78,0.260
BL_W50_T1.2_D8,46490,174,0.126
BL_W50_T1.2_D8,65767,74,0.126
BL_W50_T1.2_D8,66845,69,0.050
BL_W50_T1.2_D8,42090,193,0.010
BL_W50_T1.2_D8,47990,164,0.010
BL_W50_T1.2_D10,53490,132,1.060
BL_W50_T1.2_D10,54740,125,0.980
BL_W50_T1.2_D10,55790,121,0.900
BL_W50_T1.2_D10,56140,117,0.900
BL_W50_T1.2_D10,56990,115,0.820
BL_W50_T1.2_D10,58090,109,0.740
BL_W50_T1.2_D10,59040,105,0.660
BL_W50_T1.2_D10,60132,100,0.580
BL_W50_T1.2_D10,61259,95,0.500
BL_W50_T1.2_D10,62288,89,0.420
BL_W50_T1.2_D10,63415,83,0.340
BL_W50_T1.2_D10,64640,78,0.260
BL_W50_T1.2_D10,65767,74,0.126
BL_W50_T1.2_D10,66845,69,0.050
BL_W50_T1.2_D10,42090,193,0.010
BL_W50_T1.2_D10,46490,174,0.010
BL_W50_T1.2_D10,48090,164,0.010
BL_W50_T1.2_D15,53540,131,1.060
BL_W50_T1.2_D15,54740,125,0.980
BL_W50_T1.2_D15,55790,121,0.900
BL_W50_T1.2_D15,56140,117,0.900
BL_W50_T1.2_D15,56990,115,0.820
BL_W50_T1.2_D15,58090,109,0.740
BL_W50_T1.2_D15,59040,105,0.660
BL_W50_T1.2_D15,60132,100,0.580
BL_W50_T1.2_D15,61259,95,0.500
BL_W50_T1.2_D15,62288,89,0.420
BL_W50_T1.2_D15,63415,83,0.340
BL_W50_T1.2_D15,64640,78,0.260
BL_W50_T1.2_D15,65767,74,0.126
BL_W50_T1.2_D15,66845,69,0.050
BL_W50_T1.2_D15,42090,193,0.010
BL_W50_T1.2_D15,46490,174,0.010
BL_W50_T1.2_D20,53540,131,1.060
BL_W50_T1.2_D20,54740,125,0.980
BL_W50_T1.2_D20,55790,121,0.900
BL_W50_T1.2_D20,56140,117,0.900
BL_W50_T1.2_D20,56990,115,0.820
BL_W50_T1.2_D20,58090,109,0.740
BL_W50_T1.2_D20,59040,105,0.660
BL_W50_T1.2_D20,60132,100,0.580
BL_W50_T1.2_D20,61259,95,0.500
BL_W50_T1.2_D20,62288,89,0.420
BL_W50_T1.2_D20,63415,83,0.340
BL_W50_T1.2_D20,64640,78,0.260
BL_W50_T1.2_D20,65767,74,0.126
BL_W50_T1.2_D20,66845,69,0.050
BL_W50_T1.2_D20,42090,193,0.010
BL_W50_T1.2_D25,53590,131,1.060
BL_W50_T1.2_D25,54740,125,0.980
BL_W50_T1.2_D25,55790,121,0.900
BL_W50_T1.2_D25,56140,117,0.900
BL_W50_T1.2_D25,56990,115,0.820
BL_W50_T1.2_D25,58090,109,0.740
BL_W50_T1.2_D25,59040,105,0.660
BL_W50_T1.2_D25,60132,100,0.580
BL_W50_T1.2_D25,61259,95,0.500
BL_W50_T1.2_D25,62288,89,0.420
BL_W50_T1.2_D25,63415,83,0.340
BL_W50_T1.2_D25,64640,78,0.260
BL_W50_T1.2_D25,65767,74,0.126
BL_W50_T1.2_D25,66845,69,0.050
BL_W50_T1.2_D25,42090,193,0.010
BL_W50_T1.2_D30,53640,131,1.060
BL_W50_T1.2_D30,54790,124,0.980
BL_W50_T1.2_D30,55790,121,0.900
BL_W50_T1.2_D30,56140,117,0.900
BL_W50_T1.2_D30,56990,115,0.820
BL_W50_T1.2_D30,58090,109,0.740
BL_W50_T1.2_D30,59040,105,0.660
BL_W50_T1.2_D30,60132,100,0.580
BL_W50_T1.2_D30,61259,95,0.500
BL_W50_T1.2_D30,62288,89,0.420
BL_W50_T1.2_D30,63415,83,0.340
BL_W50_T1.2_D30,64640,78,0.260
BL_W50_T1.2_D30,65767,74,0.126
BL_W50_T1.2_D30,66845,69,0.050
BL_W50_T1.2_D30,42090,193,0.010
BL_W50_T1.2_D40,54840,124,0.980
BL_W50_T1.2_D40,55790,121,0.900
BL_W50_T1.2_D40,56140,117,0.900
BL_W50_T1.2_D40,56990,115,0.820
BL_W50_T1.2_D40,58090,109,0.740
BL_W50_T1.2_D40,59040,105,0.660
BL_W50_T1.2_D40,60132,100,0.580
BL_W50_T1.2_D40,61259,95,0.500
BL_W50_T1.2_D40,62288,89,0.420
BL_W50_T1.2_D40,63415,83,0.340
BL_W50_T1.2_D40,64640,78,0.260
BL_W50_T1.2_D40,65767,74,0.126
BL_W50_T1.2_D40,66845,69,0.050
BL_W50_T1.2_D40,42090,193,0.010
BL_W50_T1.4_D2,59040,105,0.660
BL_W50_T1.4_D2,60132,100,0.580
BL_W50_T1.4_D2,61259,95,0.500
BL_W50_T1.4_D2,52490,137,0.420
BL_W50_T1.4_D2,62288,89,0.420
BL_W50_T1.4_D2,53440,132,0.340
BL_W50_T1.4_D2,53790,130,0.340
BL_W50_T1.4_D2,63415,83,0.340
BL_W50_T1.4_D2,54740,125,0.260
BL_W50_T1.4_D2,64640,78,0.260
BL_W50_T1.4_D2,55790,121,0.126
BL_W50_T1.4_D2,56140,117,0.126
BL_W50_T1.4_D2,65767,74,0.126
BL_W50_T1.4_D2,66845,69,0.050
BL_W50_T1.4_D2,46490,174,0.010
BL_W50_T1.4_D2,48040,164,0.010
BL_W50_T1.4_D2,56990,115,0.010
BL_W50_T1.4_D4,59040,105,0.660
BL_W50_T1.4_D4,60132,100,0.580
BL_W50_T1.4_D4,61259,95,0.500
BL_W50_T1.4_D4,52440,137,0.420
BL_W50_T1.4_D4,62288,89,0.420
BL_W50_T1.4_D4,53440,132,0.340
BL_W50_T1.4_D4,53790,130,0.340
BL_W50_T1.4_D4,63415,83,0.340
BL_W50_T1.4_D4,54740,125,0.260
BL_W50_T1.4_D4,64640,78,0.260
BL_W50_T1.4_D4,55790,121,0.126
BL_W50_T1.4_D4,56140,117,0.126
BL_W50_T1.4_D4,65767,74,0.126
BL_W50_T1.4_D4,66845,69,0.050
BL_W50_T1.4_D4,46490,174,0.010
BL_W50_T1.4_D4,48040,164,0.010
BL_W50_T1.4_D4,56990,115,0.010
BL_W50_T1.4_D6,59040,105,0.660
BL_W50_T1.4_D6,60132,100,0.580
BL_W50_T1.4_D6,61259,95,0.500
BL_W50_T1.4_D6,52490,137,0.420
BL_W50_T1.4_D6,62288,89,0.420
BL_W50_T1.4_D6,53490,132,0.340
BL_W50_T1.4_D6,63415,83,0.340
BL_W50_T1.4_D6,54740,125,0.260
BL_W50_T1.4_D6,64640,78,0.260
BL_W50_T1.4_D6,46490,174,0.126
BL_W50_T1.4_D6,55790,121,0.126
BL_W50_T1.4_D6,56140,117,0.126
BL_W50_T1.4_D6,65767,74,0.126
BL_W50_T1.4_D6,66845,69,0.050
BL_W50_T1.4_D6,47990,164,0.010
BL_W50_T1.4_D6,56990,115,0.010
BL_W50_T1.4_D8,59040,105,0.660
BL_W50_T1.4_D8,60132,100,0.580
BL_W50_T1.4_D8,61259,95,0.500
BL_W50_T1.4_D8,62288,89,0.420
BL_W50_T1.4_D8,53490,132,0.340
BL_W50_T1.4_D8,63415,83,0.340
BL_W50_T1.4_D8,54740,125,0.260
BL_W50_T1.4_D8,64640,78,0.260
BL_W50_T1.4_D8,46490,174,0.126
BL_W50_T1.4_D8,55790,121,0.126
BL_W50_T1.4_D8,56140,117,0.126
BL_W50_T1.4_D8,65767,74,0.126
BL_W50_T1.4_D8,66845,69,0.050
BL_W50_T1.4_D8,47990,164,0.010
BL_W50_T1.4_D8,56990,115,0.010
BL_W50_T1.4_D10,59040,105,0.660
BL_W50_T1.4_D10,60132,100,0.580
BL_W50_T1.4_D10,61259,95,0.500
BL_W50_T1.4_D10,62288,89,0.420
BL_W50_T1.4_D10,53490,132,0.340
BL_W50_T1.4_D10,63415,83,0.340
BL_W50_T1.4_D10,54740,125,0.260
BL_W50_T1.4_D10,64640,78,0.260
BL_W50_T1.4_D10,55790,121,0.126
BL_W50_T1.4_D10,56140,117,0.126
BL_W50_T1.4_D10,65767,74,0.126
BL_W50_T1.4_D10,66845,69,0.050
BL_W50_T1.4_D10,46490,174,0.010
BL_W50_T1.4_D10,48090,164,0.010
BL_W50_T1.4_D10,56990,115,0.010
BL_W50_T1.4_D15,59040,105,0.660
BL_W50_T1.4_D15,60132,100,0.580
BL_W50_T1.4_D15,61259,95,0.500
BL_W50_T1.4_D15,62288,89,0.420
BL_W50_T1.4_D15,53540,131,0.340
BL_W50_T1.4_D15,63415,83,0.340
BL_W50_T1.4_D15,54740,125,0.260
BL_W50_T1.4_D15,64640,78,0.260
BL_W50_T1.4_D15,55790,121,0.126
BL_W50_T1.4_D15,56140,117,0.126
BL_W50_T1.4_D15,65767,74,0.126
BL_W50_T1.4_D15,66845,69,0.050
BL_W50_T1.4_D15,46490,174,0.010
BL_W50_T1.4_D15,56990,115,0.010
BL_W50_T1.4_D20,59040,105,0.660
BL_W50_T1.4_D20,60132,100,0.580
BL_W50_T1.4_D20,61259,95,0.500
BL_W50_T1.4_D20,62288,89,0.420
BL_W50_T1.4_D20,53540,131,0.340
BL_W50_T1.4_D20,63415,83,0.340
BL_W50_T1.4_D20,54740,125,0.260
BL_W50_T1.4_D20,64640,78,0.260
BL_W50_T1.4_D20,55790,121,0.126
BL_W50_T1.4_D20,56140,117,0.126
BL_W50_T1.4_D20,65767,74,0.126
BL_W50_T1.4_D20,66845,69,0.050
BL_W50_T1.4_D20,56990,115,0.010
BL_W50_T1.4_D25,59040,105,0.660
BL_W50_T1.4_D25,60132,100,0.580
BL_W50_T1.4_D25,61259,95,0.500
BL_W50_T1.4_D25,62288,89,0.420
BL_W50_T1.4_D25,53590,131,0.340
BL_W50_T1.4_D25,63415,83,0.340
BL_W50_T1.4_D25,54740,125,0.260
BL_W50_T1.4_D25,64640,78,0.260
BL_W50_T1.4_D25,55790,121,0.126
BL_W50_T1.4_D25,56140,117,0.126
BL_W50_T1.4_D25,65767,74,0.126
BL_W50_T1.4_D25,66845,69,0.050
BL_W50_T1.4_D25,56990,115,0.010
BL_W50_T1.4_D30,59040,105,0.660
BL_W50_T1.4_D30,60132,100,0.580
BL_W50_T1.4_D30,61259,95,0.500
BL_W50_T1.4_D30,62288,89,0.420
BL_W50_T1.4_D30,53640,131,0.340
BL_W50_T1.4_D30,63415,83,0.340
BL_W50_T1.4_D30,54790,124,0.260
BL_W50_T1.4_D30,64640,78,0.260
BL_W50_T1.4_D30,55790,121,0.126
BL_W50_T1.4_D30,56140,117,0.126
BL_W50_T1.4_D30,65767,74,0.126
BL_W50_T1.4_D30,66845,69,0.050
BL_W50_T1.4_D30,56990,115,0.010
BL_W50_T1.4_D40,59040,105,0.660
BL_W50_T1.4_D40,60132,100,0.580
BL_W50_T1.4_D40,61259,95,0.500
BL_W50_T1.4_D40,62288,89,0.420
BL_W50_T1.4_D40,63415,83,0.340
BL_W50_T1.4_D40,54840,124,0.260
BL_W50_T1.4_D40,64640,78,0.260
BL_W50_T1.4_D40,55790,121,0.126
BL_W50_T1.4_D40,56140,117,0.126
BL_W50_T1.4_D40,65767,74,0.126
BL_W50_T1.4_D40,66845,69,0.050
BL_W50_T1.4_D40,56990,115,0.010
BL_W50_T1.6_D2,59090,104,0.660
BL_W50_T1.6_D2,60132,100,0.580
BL_W50_T1.6_D2,61259,95,0.500
BL_W50_T1.6_D2,62337,89,0.420
BL_W50_T1.6_D2,53490,132,0.340
BL_W50_T1.6_D2,63415,83,0.340
BL_W50_T1.6_D2,54740,125,0.260
BL_W50_T1.6_D2,64689,78,0.260
BL_W50_T1.6_D2,46540,174,0.126
BL_W50_T1.6_D2,55790,121,0.126
BL_W50_T1.6_D2,56140,117,0.126
BL_W50_T1.6_D2,65816,73,0.126
BL_W50_T1.6_D2,66845,69,0.050
BL_W50_T1.6_D2,48040,164,0.010
BL_W50_T1.6_D2,56990,115,0.010
BL_W50_T1.6_D4,59090,104,0.660
BL_W50_T1.6_D4,60132,100,0.580
BL_W50_T1.6_D4,61259,95,0.500
BL_W50_T1.6_D4,52440,137,0.420
BL_W50_T1.6_D4,62337,89,0.420
BL_W50_T1.6_D4,53440,132,0.340
BL_W50_T1.6_D4,63415,83,0.340
BL_W50_T1.6_D4,54740,125,0.260
BL_W50_T1.6_D4,64689,78,0.260
BL_W50_T1.6_D4,46540,174,0.126
BL_W50_T1.6_D4,55790,121,0.126
BL_W50_T1.6_D4,56140,117,0.126
BL_W50_T1.6_D4,65816,73,0.126
BL_W50_T1.6_D4,66845,69,0.050
BL_W50_T1.6_D4,48040,164,0.010
BL_W50_T1.6_D4,56990,115,0.010
BL_W50_T1.6_D6,59090,104,0.660
BL_W50_T1.6_D6,60132,100,0.580
BL_W50_T1.6_D6,61259,95,0.500
BL_W50_T1.6_D6,52490,137,0.420
BL_W50_T1.6_D6,62337,89,0.420
BL_W50_T1.6_D6,53490,132,0.340
BL_W50_T1.6_D6,63415,83,0.340
BL_W50_T1.6_D6,54740,125,0.260
BL_W50_T1.6_D6,64689,78,0.260
BL_W50_T1.6_D6,46540,174,0.126
BL_W50_T1.6_D6,55790,121,0.126
BL_W50_T1.6_D6,56140,117,0.126
BL_W50_T1.6_D6,65816,73,0.126
BL_W50_T1.6_D6,66845,69,0.050
BL_W50_T1.6_D6,47990,164,0.010
BL_W50_T1.6_D6,56990,115,0.010
BL_W50_T1.6_D8,59090,104,0.660
BL_W50_T1.6_D8,60132,100,0.580
BL_W50_T1.6_D8,61259,95,0.500
BL_W50_T1.6_D8,62337,89,0.420
BL_W50_T1.6_D8,53490,132,0.340
BL_W50_T1.6_D8,63415,83,0.340
BL_W50_T1.6_D8,54740,125,0.260
BL_W50_T1.6_D8,64689,78,0.260
BL_W50_T1.6_D8,46540,174,0.126
BL_W50_T1.6_D8,55790,121,0.126
BL_W50_T1.6_D8,56140,117,0.126
BL_W50_T1.6_D8,65816,73,0.126
BL_W50_T1.6_D8,66845,69,0.050
BL_W50_T1.6_D8,47990,164,0.010
BL_W50_T1.6_D8,56990,115,0.010
BL_W50_T1.6_D10,59090,104,0.660
BL_W50_T1.6_D10,60132,100,0.580
BL_W50_T1.6_D10,61259,95,0.500
BL_W50_T1.6_D10,62337,89,0.420
BL_W50_T1.6_D10,53490,132,0.340
BL_W50_T1.6_D10,63415,83,0.340
BL_W50_T1.6_D10,54740,125,0.260
BL_W50_T1.6_D10,64689,78,0.260
BL_W50_T1.6_D10,55790,121,0.126
BL_W50_T1.6_D10,56140,117,0.126
BL_W50_T1.6_D10,65816,73,0.126
BL_W50_T1.6_D10,66845,69,0.050
BL_W50_T1.6_D10,46540,174,0.010
BL_W50_T1.6_D10,48090,164,0.010
BL_W50_T1.6_D10,56990,115,0.010
BL_W50_T1.6_D15,59090,104,0.660
BL_W50_T1.6_D15,60132,100,0.580
BL_W50_T1.6_D15,61259,95,0.500
BL_W50_T1.6_D15,62337,89,0.420
BL_W50_T1.6_D15,53540,131,0.340
BL_W50_T1.6_D15,63415,83,0.340
BL_W50_T1.6_D15,54740,125,0.260
BL_W50_T1.6_D15,64689,78,0.260
BL_W50_T1.6_D15,55790,121,0.126
BL_W50_T1.6_D15,56140,117,0.126
BL_W50_T1.6_D15,65816,73,0.126
BL_W50_T1.6_D15,66845,69,0.050
BL_W50_T1.6_D15,46490,174,0.010
BL_W50_T1.6_D15,56990,115,0.010
BL_W50_T1.6_D20,59090,104,0.660
BL_W50_T1.6_D20,60132,100,0.580
BL_W50_T1.6_D20,61259,95,0.500
BL_W50_T1.6_D20,62337,89,0.420
BL_W50_T1.6_D20,53540,131,0.340
BL_W50_T1.6_D20,63415,83,0.340
BL_W50_T1.6_D20,54740,125,0.260
BL_W50_T1.6_D20,64689,78,0.260
BL_W50_T1.6_D20,55790,121,0.126
BL_W50_T1.6_D20,56140,117,0.126
BL_W50_T1.6_D20,65816,73,0.126
BL_W50_T1.6_D20,66845,69,0.050
BL_W50_T1.6_D20,56990,115,0.010
BL_W50_T1.6_D25,59090,104,0.660
BL_W50_T1.6_D25,60132,100,0.580
BL_W50_T1.6_D25,61259,95,0.500
BL_W50_T1.6_D25,62337,89,0.420
BL_W50_T1.6_D25,53590,131,0.340
BL_W50_T1.6_D25,63415,83,0.340
BL_W50_T1.6_D25,54740,125,0.260
BL_W50_T1.6_D25,64689,78,0.260
BL_W50_T1.6_D25,55790,121,0.126
BL_W50_T1.6_D25,56140,117,0.126
BL_W50_T1.6_D25,65816,73,0.126
BL_W50_T1.6_D25,66845,69,0.050
BL_W50_T1.6_D25,56990,115,0.010
BL_W50_T1.6_D30,59090,104,0.660
BL_W50_T1.6_D30,60132,100,0.580
BL_W50_T1.6_D30,61259,95,0.500
BL_W50_T1.6_D30,62337,89,0.420
BL_W50_T1.6_D30,53640,131,0.340
BL_W50_T1.6_D30,63415,83,0.340
BL_W50_T1.6_D30,54790,124,0.260
BL_W50_T1.6_D30,64689,78,0.260
BL_W50_T1.6_D30,55790,121,0.126
BL_W50_T1.6_D30,56140,117,0.126
BL_W50_T1.6_D30,65816,73,0.126
BL_W50_T1.6_D30,66845,69,0.050
BL_W50_T1.6_D30,56990,115,0.010
BL_W50_T1.6_D40,59090,104,0.660
BL_W50_T1.6_D40,60132,100,0.580
BL_W50_T1.6_D40,61259,95,0.500
BL_W50_T1.6_D40,62337,89,0.420
BL_W50_T1.6_D40,63415,83,0.340
BL_W50_T1.6_D40,54840,124,0.260
BL_W50_T1.6_D40,64689,78,0.260
BL_W50_T1.6_D40,55790,121,0.126
BL_W50_T1.6_D40,56140,117,0.126
BL_W50_T1.6_D40,65816,73,0.126
BL_W50_T1.6_D40,66845,69,0.050
BL_W50_T1.6_D40,56990,115,0.010
BL_W50_T1.8_D2,59090,104,0.420
BL_W50_T1.8_D2,53490,132,0.340
BL_W50_T1.8_D2,60132,100,0.340
BL_W50_T1.8_D2,54740,125,0.260
BL_W50_T1.8_D2,61259,95,0.260
BL_W50_T1.8_D2,55790,121,0.126
BL_W50_T1.8_D2,56140,117,0.126
BL_W50_T1.8_D2,62337,89,0.126
BL_W50_T1.8_D2,65816,73,0.126
BL_W50_T1.8_D2,66894,69,0.050
BL_W50_T1.8_D2,56990,115,0.010
BL_W50_T1.8_D2,63415,83,0.010
BL_W50_T1.8_D4,52440,137,0.420
BL_W50_T1.8_D4,59090,104,0.420
BL_W50_T1.8_D4,53440,132,0.340
BL_W50_T1.8_D4,60132,100,0.340
BL_W50_T1.8_D4,54740,125,0.260
BL_W50_T1.8_D4,61259,95,0.260
BL_W50_T1.8_D4,55790,121,0.126
BL_W50_T1.8_D4,56140,117,0.126
BL_W50_T1.8_D4,62337,89,0.126
BL_W50_T1.8_D4,65816,73,0.126
BL_W50_T1.8_D4,66894,69,0.050
BL_W50_T1.8_D4,56990,115,0.010
BL_W50_T1.8_D4,63415,83,0.010
BL_W50_T1.8_D6,52490,137,0.420
BL_W50_T1.8_D6,59090,104,0.420
BL_W50_T1.8_D6,53490,132,0.340
BL_W50_T1.8_D6,60132,100,0.340
BL_W50_T1.8_D6,54740,125,0.260
BL_W50_T1.8_D6,61259,95,0.260
BL_W50_T1.8_D6,55790,121,0.126
BL_W50_T1.8_D6,56140,117,0.126
BL_W50_T1.8_D6,62337,89,0.126
BL_W50_T1.8_D6,65816,73,0.126
BL_W50_T1.8_D6,66894,69,0.050
BL_W50_T1.8_D6,47990,164,0.010
BL_W50_T1.8_D6,56990,115,0.010
BL_W50_T1.8_D6,63415,83,0.010
BL_W50_T1.8_D8,59090,104,0.420
BL_W50_T1.8_D8,53490,132,0.340
BL_W50_T1.8_D8,60132,100,0.340
BL_W50_T1.8_D8,54740,125,0.260
BL_W50_T1.8_D8,61259,95,0.260
BL_W50_T1.8_D8,55790,121,0.126
BL_W50_T1.8_D8,56140,117,0.126
BL_W50_T1.8_D8,62337,89,0.126
BL_W50_T1.8_D8,65816,73,0.126
BL_W50_T1.8_D8,66894,69,0.050
BL_W50_T1.8_D8,47990,164,0.010
BL_W50_T1.8_D8,56990,115,0.010
BL_W50_T1.8_D8,63415,83,0.010
BL_W50_T1.8_D10,59090,104,0.420
BL_W50_T1.8_D10,53490,132,0.340
BL_W50_T1.8_D10,60132,100,0.340
BL_W50_T1.8_D10,54740,125,0.260
BL_W50_T1.8_D10,61259,95,0.260
BL_W50_T1.8_D10,46590,174,0.126
BL_W50_T1.8_D10,55790,121,0.126
BL_W50_T1.8_D10,56140,117,0.126
BL_W50_T1.8_D10,62337,89,0.126
BL_W50_T1.8_D10,65816,73,0.126
BL_W50_T1.8_D10,66894,69,0.050
BL_W50_T1.8_D10,48090,164,0.010
BL_W50_T1.8_D10,56990,115,0.010
BL_W50_T1.8_D10,63415,83,0.010
BL_W50_T1.8_D15,59090,104,0.420
BL_W50_T1.8_D15,53540,131,0.340
BL_W50_T1.8_D15,60132,100,0.340
BL_W50_T1.8_D15,54740,125,0.260
BL_W50_T1.8_D15,61259,95,0.260
BL_W50_T1.8_D15,55790,121,0.126
BL_W50_T1.8_D15,56140,117,0.126
BL_W50_T1.8_D15,62337,89,0.126
BL_W50_T1.8_D15,65816,73,0.126
BL_W50_T1.8_D15,66894,69,0.050
BL_W50_T1.8_D15,46490,174,0.010
BL_W50_T1.8_D15,56990,115,0.010
BL_W50_T1.8_D15,63415,83,0.010
BL_W50_T1.8_D20,59090,104,0.420
BL_W50_T1.8_D20,53540,131,0.340
BL_W50_T1.8_D20,60132,100,0.340
BL_W50_T1.8_D20,54740,125,0.260
BL_W50_T1.8_D20,61259,95,0.260
BL_W50_T1.8_D20,55790,121,0.126
BL_W50_T1.8_D20,56140,117,0.126
BL_W50_T1.8_D20,62337,89,0.126
BL_W50_T1.8_D20,65816,73,0.126
BL_W50_T1.8_D20,66894,69,0.050
BL_W50_T1.8_D20,56990,115,0.010
BL_W50_T1.8_D20,63415,83,0.010
BL_W50_T1.8_D25,59090,104,0.420
BL_W50_T1.8_D25,53590,131,0.340
BL_W50_T1.8_D25,60132,100,0.340
BL_W50_T1.8_D25,54740,125,0.260
BL_W50_T1.8_D25,61259,95,0.260
BL_W50_T1.8_D25,55790,121,0.126
BL_W50_T1.8_D25,56140,117,0.126
BL_W50_T1.8_D25,62337,89,0.126
BL_W50_T1.8_D25,65816,73,0.126
BL_W50_T1.8_D25,66894,69,0.050
BL_W50_T1.8_D25,56990,115,0.010
BL_W50_T1.8_D25,63415,83,0.010
BL_W50_T1.8_D30,59090,104,0.420
BL_W50_T1.8_D30,53640,131,0.340
BL_W50_T1.8_D30,60132,100,0.340
BL_W50_T1.8_D30,54790,124,0.260
BL_W50_T1.8_D30,61259,95,0.260
BL_W50_T1.8_D30,55790,121,0.126
BL_W50_T1.8_D30,56140,117,0.126
BL_W50_T1.8_D30,62337,89,0.126
BL_W50_T1.8_D30,65816,73,0.126
BL_W50_T1.8_D30,66894,69,0.050
BL_W50_T1.8_D30,56990,115,0.010
BL_W50_T1.8_D30,63415,83,0.010
BL_W50_T1.8_D40,59090,104,0.420
BL_W50_T1.8_D40,60132,100,0.340
BL_W50_T1.8_D40,54840,124,0.260
BL_W50_T1.8_D40,61259,95,0.260
BL_W50_T1.8_D40,55790,121,0.126
BL_W50_T1.8_D40,56140,117,0.126
BL_W50_T1.8_D40,62337,89,0.126
BL_W50_T1.8_D40,65816,73,0.126
BL_W50_T1.8_D40,66894,69,0.050
BL_W50_T1.8_D40,56990,115,0.010
BL_W50_T1.8_D40,63415,83,0.010
BL_W50_T2.0_D2,53490,132,0.340
BL_W50_T2.0_D2,60181,99,0.340
BL_W50_T2.0_D2,54790,124,0.260
BL_W50_T2.0_D2,61308,95,0.260
BL_W50_T2.0_D2,55790,121,0.126
BL_W50_T2.0_D2,56140,117,0.126
BL_W50_T2.0_D2,62337,89,0.126
BL_W50_T2.0_D2,66894,69,0.050
BL_W50_T2.0_D2,56990,115,0.010
BL_W50_T2.0_D2,63464,83,0.010
BL_W50_T2.0_D4,52440,137,0.420
BL_W50_T2.0_D4,53440,132,0.340
BL_W50_T2.0_D4,60181,99,0.340
BL_W50_T2.0_D4,54790,124,0.260
BL_W50_T2.0_D4,61308,95,0.260
BL_W50_T2.0_D4,55790,121,0.126
BL_W50_T2.0_D4,56140,117,0.126
BL_W50_T2.0_D4,62337,89,0.126
BL_W50_T2.0_D4,66894,69,0.050
BL_W50_T2.0_D4,56990,115,0.010
BL_W50_T2.0_D4,63464,83,0.010
BL_W50_T2.0_D6,52490,137,0.420
BL_W50_T2.0_D6,53490,132,0.340
BL_W50_T2.0_D6,60181,99,0.340
BL_W50_T2.0_D6,54790,124,0.260
BL_W50_T2.0_D6,61308,95,0.260
BL_W50_T2.0_D6,55790,121,0.126
BL_W50_T2.0_D6,56140,117,0.126
BL_W50_T2.0_D6,62337,89,0.126
BL_W50_T2.0_D6,66894,69,0.050
BL_W50_T2.0_D6,47990,164,0.010
BL_W50_T2.0_D6,56990,115,0.010
BL_W50_T2.0_D6,63464,83,0.010
BL_W50_T2.0_D8,53490,132,0.340
BL_W50_T2.0_D8,60181,99,0.340
BL_W50_T2.0_D8,54790,124,0.260
BL_W50_T2.0_D8,61308,95,0.260
BL_W50_T2.0_D8,55790,121,0.126
BL_W50_T2.0_D8,56140,117,0.126
BL_W50_T2.0_D8,62337,89,0.126
BL_W50_T2.0_D8,66894,69,0.050
BL_W50_T2.0_D8,47990,164,0.010
BL_W50_T2.0_D8,56990,115,0.010
BL_W50_T2.0_D8,63464,83,0.010
BL_W50_T2.0_D10,53490,132,0.340
BL_W50_T2.0_D10,60181,99,0.340
BL_W50_T2.0_D10,54790,124,0.260
BL_W50_T2.0_D10,61308,95,0.260
BL_W50_T2.0_D10,46590,174,0.126
BL_W50_T2.0_D10,55790,121,0.126
BL_W50_T2.0_D10,56140,117,0.126
BL_W50_T2.0_D10,62337,89,0.126
BL_W50_T2.0_D10,66894,69,0.050
BL_W50_T2.0_D10,48090,164,0.010
BL_W50_T2.0_D10,56990,115,0.010
BL_W50_T2.0_D10,63464,83,0.010
BL_W50_T2.0_D15,53540,131,0.340
BL_W50_T2.0_D15,60181,99,0.340
BL_W50_T2.0_D15,54790,124,0.260
BL_W50_T2.0_D15,61308,95,0.260
BL_W50_T2.0_D15,55790,121,0.126
BL_W50_T2.0_D15,56140,117,0.126
BL_W50_T2.0_D15,62337,89,0.126
BL_W50_T2.0_D15,66894,69,0.050
BL_W50_T2.0_D15,46490,174,0.010
BL_W50_T2.0_D15,56990,115,0.010
BL_W50_T2.0_D15,63464,83,0.010
BL_W50_T2.0_D20,53540,131,0.340
BL_W50_T2.0_D20,60181,99,0.340
BL_W50_T2.0_D20,54740,125,0.260
BL_W50_T2.0_D20,61308,95,0.260
BL_W50_T2.0_D20,55790,121,0.126
BL_W50_T2.0_D20,56140,117,0.126
BL_W50_T2.0_D20,62337,89,0.126
BL_W50_T2.0_D20,66894,69,0.050
BL_W50_T2.0_D20,56990,115,0.010
BL_W50_T2.0_D20,63464,83,0.010
BL_W50_T2.0_D25,53590,131,0.340
BL_W50_T2.0_D25,60181,99,0.340
BL_W50_T2.0_D25,54740,125,0.260
BL_W50_T2.0_D25,61308,95,0.260
BL_W50_T2.0_D25,55790,121,0.126
BL_W50_T2.0_D25,56140,117,0.126
BL_W50_T2.0_D25,62337,89,0.126
BL_W50_T2.0_D25,66894,69,0.050
BL_W50_T2.0_D25,56990,115,0.010
BL_W50_T2.0_D25,63464,83,0.010
BL_W50_T2.0_D30,53640,131,0.340
BL_W50_T2.0_D30,60181,99,0.340
BL_W50_T2.0_D30,54790,124,0.260
BL_W50_T2.0_D30,61308,95,0.260
BL_W50_T2.0_D30,55790,121,0.126
BL_W50_T2.0_D30,56140,117,0.126
BL_W50_T2.0_D30,62337,89,0.126
BL_W50_T2.0_D30,66894,69,0.050
BL_W50_T2.0_D30,56990,115,0.010
BL_W50_T2.0_D30,63464,83,0.010
BL_W50_T2.0_D40,60181,99,0.340
BL_W50_T2.0_D40,54840,124,0.260
BL_W50_T2.0_D40,61308,95,0.260
BL_W50_T2.0_D40,55790,121,0.126
BL_W50_T2.0_D40,56140,117,0.126
BL_W50_T2.0_D40,62337,89,0.126
BL_W50_T2.0_D40,66894,69,0.050
BL_W50_T2.0_D40,56990,115,0.010
BL_W50_T2.0_D40,63464,83,0.010
BL_W50_T2.2_D2,53490,132,0.340
BL_W50_T2.2_D2,60181,99,0.340
BL_W50_T2.2_D2,54790,124,0.260
BL_W50_T2.2_D2,61308,95,0.260
BL_W50_T2.2_D2,55790,121,0.126
BL_W50_T2.2_D2,56140,117,0.126
BL_W50_T2.2_D2,62386,89,0.126
BL_W50_T2.2_D2,66894,69,0.050
BL_W50_T2.2_D2,57040,114,0.010
BL_W50_T2.2_D2,63464,83,0.010
BL_W50_T2.2_D4,52440,137,0.420
BL_W50_T2.2_D4,53440,132,0.340
BL_W50_T2.2_D4,60181,99,0.340
BL_W50_T2.2_D4,54790,124,0.260
BL_W50_T2.2_D4,61308,95,0.260
BL_W50_T2.2_D4,55790,121,0.126
BL_W50_T2.2_D4,56140,117,0.126
BL_W50_T2.2_D4,62386,89,0.126
BL_W50_T2.2_D4,66894,69,0.050
BL_W50_T2.2_D4,57040,114,0.010
BL_W50_T2.2_D4,63464,83,0.010
BL_W50_T2.2_D6,52490,137,0.420
BL_W50_T2.2_D6,53490,132,0.340
BL_W50_T2.2_D6,60181,99,0.340
BL_W50_T2.2_D6,54790,124,0.260
BL_W50_T2.2_D6,61308,95,0.260
BL_W50_T2.2_D6,55790,121,0.126
BL_W50_T2.2_D6,56140,117,0.126
BL_W50_T2.2_D6,62386,89,0.126
BL_W50_T2.2_D6,66894,69,0.050
BL_W50_T2.2_D6,47990,164,0.010
BL_W50_T2.2_D6,57040,114,0.010
BL_W50_T2.2_D6,63464,83,0.010
BL_W50_T2.2_D8,53490,132,0.340
BL_W50_T2.2_D8,60181,99,0.340
BL_W50_T2.2_D8,54790,124,0.260
BL_W50_T2.2_D8,61308,95,0.260
BL_W50_T2.2_D8,55790,121,0.126
BL_W50_T2.2_D8,56140,117,0.126
BL_W50_T2.2_D8,62386,89,0.126
BL_W50_T2.2_D8,66894,69,0.050
BL_W50_T2.2_D8,47990,164,0.010
BL_W50_T2.2_D8,57040,114,0.010
BL_W50_T2.2_D8,63464,83,0.010
BL_W50_T2.2_D10,53490,132,0.340
BL_W50_T2.2_D10,60181,99,0.340
BL_W50_T2.2_D10,54790,124,0.260
BL_W50_T2.2_D10,61308,95,0.260
BL_W50_T2.2_D10,46590,174,0.126
BL_W50_T2.2_D10,55790,121,0.126
BL_W50_T2.2_D10,56140,117,0.126
BL_W50_T2.2_D10,62386,89,0.126
BL_W50_T2.2_D10,66894,69,0.050
BL_W50_T2.2_D10,48090,164,0.010
BL_W50_T2.2_D10,57040,114,0.010
BL_W50_T2.2_D10,63464,83,0.010
BL_W50_T2.2_D15,53540,131,0.340
BL_W50_T2.2_D15,60181,99,0.340
BL_W50_T2.2_D15,54790,124,0.260
BL_W50_T2.2_D15,61308,95,0.260
BL_W50_T2.2_D15,55790,121,0.126
BL_W50_T2.2_D15,56140,117,0.126
BL_W50_T2.2_D15,62386,89,0.126
BL_W50_T2.2_D15,66894,69,0.050
BL_W50_T2.2_D15,46490,174,0.010
BL_W50_T2.2_D15,57040,114,0.010
BL_W50_T2.2_D15,63464,83,0.010
BL_W50_T2.2_D20,53540,131,0.340
BL_W50_T2.2_D20,60181,99,0.340
BL_W50_T2.2_D20,54740,125,0.260
BL_W50_T2.2_D20,61308,95,0.260
BL_W50_T2.2_D20,55790,121,0.126
BL_W50_T2.2_D20,56140,117,0.126
BL_W50_T2.2_D20,62386,89,0.126
BL_W50_T2.2_D20,66894,69,0.050
BL_W50_T2.2_D20,57040,114,0.010
BL_W50_T2.2_D20,63464,83,0.010
BL_W50_T2.2_D25,53590,131,0.340
BL_W50_T2.2_D25,60181,99,0.340
BL_W50_T2.2_D25,54740,125,0.260
BL_W50_T2.2_D25,61308,95,0.260
BL_W50_T2.2_D25,55790,121,0.126
BL_W50_T2.2_D25,56140,117,0.126
BL_W50_T2.2_D25,62386,89,0.126
BL_W50_T2.2_D25,66894,69,0.050
BL_W50_T2.2_D25,57040,114,0.010
BL_W50_T2.2_D25,63464,83,0.010
BL_W50_T2.2_D30,53640,131,0.340
BL_W50_T2.2_D30,60181,99,0.340
BL_W50_T2.2_D30,54790,124,0.260
BL_W50_T2.2_D30,61308,95,0.260
BL_W50_T2.2_D30,55790,121,0.126
BL_W50_T2.2_D30,56140,117,0.126
BL_W50_T2.2_D30,62386,89,0.126
BL_W50_T2.2_D30,66894,69,0.050
BL_W50_T2.2_D30,57040,114,0.010
BL_W50_T2.2_D30,63464,83,0.010
BL_W50_T2.2_D40,60181,99,0.340
BL_W50_T2.2_D40,54840,124,0.260
BL_W50_T2.2_D40,61308,95,0.260
BL_W50_T2.2_D40,55790,121,0.126
BL_W50_T2.2_D40,56140,117,0.126
BL_W50_T2.2_D40,62386,89,0.126
BL_W50_T2.2_D40,66894,69,0.050
BL_W50_T2.2_D40,57040,114,0.010
BL_W50_T2.2_D40,63464,83,0.010
BL_W50_T2.4_D2,53490,132,0.260
BL_W50_T2.4_D2,54790,124,0.126
BL_W50_T2.4_D2,66943,68,0.050
BL_W50_T2.4_D2,55790,121,0.010
BL_W50_T2.4_D2,60181,99,0.010
BL_W50_T2.4_D2,63513,83,0.010
BL_W50_T2.4_D4,52440,137,0.340
BL_W50_T2.4_D4,53440,132,0.260
BL_W50_T2.4_D4,54790,124,0.126
BL_W50_T2.4_D4,66943,68,0.050
BL_W50_T2.4_D4,55790,121,0.010
BL_W50_T2.4_D4,60181,99,0.010
BL_W50_T2.4_D4,63513,83,0.010
BL_W50_T2.4_D6,52490,137,0.340
BL_W50_T2.4_D6,53490,132,0.260
BL_W50_T2.4_D6,54790,124,0.126
BL_W50_T2.4_D6,66943,68,0.050
BL_W50_T2.4_D6,47990,164,0.010
BL_W50_T2.4_D6,55790,121,0.010
BL_W50_T2.4_D6,60181,99,0.010
BL_W50_T2.4_D6,63513,83,0.010
BL_W50_T2.4_D8,53490,132,0.260
BL_W50_T2.4_D8,54790,124,0.126
BL_W50_T2.4_D8,66943,68,0.050
BL_W50_T2.4_D8,47990,164,0.010
BL_W50_T2.4_D8,55790,121,0.010
BL_W50_T2.4_D8,60181,99,0.010
BL_W50_T2.4_D8,63513,83,0.010
BL_W50_T2.4_D10,53490,132,0.260
BL_W50_T2.4_D10,46590,174,0.126
BL_W50_T2.4_D10,54790,124,0.126
BL_W50_T2.4_D10,66943,68,0.050
BL_W50_T2.4_D10,48090,164,0.010
BL_W50_T2.4_D10,55790,121,0.010
BL_W50_T2.4_D10,60181,99,0.010
BL_W50_T2.4_D10,63513,83,0.010
BL_W50_T2.4_D15,53540,131,0.260
BL_W50_T2.4_D15,54790,124,0.126
BL_W50_T2.4_D15,66943,68,0.050
BL_W50_T2.4_D15,46490,174,0.010
BL_W50_T2.4_D15,55790,121,0.010
BL_W50_T2.4_D15,60181,99,0.010
BL_W50_T2.4_D15,63513,83,0.010
BL_W50_T2.4_D20,53540,131,0.260
BL_W50_T2.4_D20,54740,125,0.126
BL_W50_T2.4_D20,66943,68,0.050
BL_W50_T2.4_D20,55790,121,0.010
BL_W50_T2.4_D20,60181,99,0.010
BL_W50_T2.4_D20,63513,83,0.010
BL_W50_T2.4_D25,53590,131,0.260
BL_W50_T2.4_D25,54740,125,0.126
BL_W50_T2.4_D25,66943,68,0.050
BL_W50_T2.4_D25,55790,121,0.010
BL_W50_T2.4_D25,60181,99,0.010
BL_W50_T2.4_D25,63513,83,0.010
BL_W50_T2.4_D30,53640,131,0.260
BL_W50_T2.4_D30,54790,124,0.126
BL_W50_T2.4_D30,66943,68,0.050
BL_W50_T2.4_D30,55790,121,0.010
BL_W50_T2.4_D30,60181,99,0.010
BL_W50_T2.4_D30,63513,83,0.010
BL_W50_T2.4_D40,54840,124,0.126
BL_W50_T2.4_D40,66943,68,0.050
BL_W50_T2.4_D40,55790,121,0.010
BL_W50_T2.4_D40,60181,99,0.010
BL_W50_T2.4_D40,63513,83,0.010
BL_W50_T2.6_D2,55840,121,0.050
BL_W50_T2.6_D2,53490,132,0.010
BL_W50_T2.6_D4,52440,137,0.126
BL_W50_T2.6_D4,55840,121,0.050
BL_W50_T2.6_D4,53440,132,0.010
BL_W50_T2.6_D6,52490,137,0.126
BL_W50_T2.6_D6,55840,121,0.050
BL_W50_T2.6_D6,47990,164,0.010
BL_W50_T2.6_D6,53490,132,0.010
BL_W50_T2.6_D8,55840,121,0.050
BL_W50_T2.6_D8,47990,164,0.010
BL_W50_T2.6_D8,53490,132,0.010
BL_W50_T2.6_D10,46590,174,0.126
BL_W50_T2.6_D10,55840,121,0.050
BL_W50_T2.6_D10,48090,164,0.010
BL_W50_T2.6_D10,53490,132,0.010
BL_W50_T2.6_D15,55840,121,0.050
BL_W50_T2.6_D15,46490,174,0.010
BL_W50_T2.6_D15,53540,131,0.010
BL_W50_T2.6_D20,53540,131,0.260
BL_W50_T2.6_D20,54740,125,0.126
BL_W50_T2.6_D20,55840,121,0.050
BL_W50_T2.6_D25,53590,131,0.260
BL_W50_T2.6_D25,54740,125,0.126
BL_W50_T2.6_D25,55840,121,0.050
BL_W50_T2.6_D30,53640,131,0.260
BL_W50_T2.6_D30,54790,124,0.126
BL_W50_T2.6_D30,55790,121,0.050
BL_W50_T2.6_D40,54840,124,0.126
BL_W50_T2.6_D40,55790,121,0.050
BL_W50_T2.8_D2,55840,121,0.050
BL_W50_T2.8_D2,53490,132,0.010
BL_W50_T2.8_D4,52440,137,0.126
BL_W50_T2.8_D4,55840,121,0.050
BL_W50_T2.8_D4,53440,132,0.010
BL_W50_T2.8_D6,52490,137,0.126
BL_W50_T2.8_D6,55840,121,0.050
BL_W50_T2.8_D6,47990,164,0.010
BL_W50_T2.8_D6,53490,132,0.010
BL_W50_T2.8_D8,55840,121,0.050
BL_W50_T2.8_D8,47990,164,0.010
BL_W50_T2.8_D8,53490,132,0.010
BL_W50_T2.8_D10,46590,174,0.126
BL_W50_T2.8_D10,55840,121,0.050
BL_W50_T2.8_D10,48090,164,0.010
BL_W50_T2.8_D10,53490,132,0.010
BL_W50_T2.8_D15,55840,121,0.050
BL_W50_T2.8_D15,46490,174,0.010
BL_W50_T2.8_D15,53540,131,0.010
BL_W50_T2.8_D20,53540,131,0.260
BL_W50_T2.8_D20,54740,125,0.126
BL_W50_T2.8_D20,55840,121,0.050
BL_W50_T2.8_D25,53590,131,0.260
BL_W50_T2.8_D25,54740,125,0.126
BL_W50_T2.8_D25,55840,121,0.050
BL_W50_T2.8_D30,53640,131,0.260
BL_W50_T2.8_D30,54790,124,0.126
BL_W50_T2.8_D30,55790,121,0.050
BL_W50_T2.8_D40,54840,124,0.126
BL_W50_T2.8_D40,55790,121,0.050
BL_W50_T3.0_D2,55840,121,0.050
BL_W50_T3.0_D2,53490,132,0.010
BL_W50_T3.0_D4,52440,137,0.126
BL_W50_T3.0_D4,55840,121,0.050
BL_W50_T3.0_D4,53440,132,0.010
BL_W50_T3.0_D6,52490,137,0.126
BL_W50_T3.0_D6,55840,121,0.050
BL_W50_T3.0_D6,47990,164,0.010
BL_W50_T3.0_D6,53490,132,0.010
BL_W50_T3.0_D8,55840,121,0.050
BL_W50_T3.0_D8,47990,164,0.010
BL_W50_T3.0_D8,53490,132,0.010
BL_W50_T3.0_D10,46590,174,0.126
BL_W50_T3.0_D10,55840,121,0.050
BL_W50_T3.0_D10,48090,164,0.010
BL_W50_T3.0_D10,53490,132,0.010
BL_W50_T3.0_D15,55840,121,0.050
BL_W50_T3.0_D15,46490,174,0.010
BL_W50_T3.0_D15,53540,131,0.010
BL_W50_T3.0_D20,53540,131,0.260
BL_W50_T3.0_D20,54740,125,0.126
BL_W50_T3.0_D20,55840,121,0.050
BL_W50_T3.0_D25,53590,131,0.260
BL_W50_T3.0_D25,54740,125,0.126
BL_W50_T3.0_D25,55840,121,0.050
BL_W50_T3.0_D30,53640,131,0.260
BL_W50_T3.0_D30,54790,124,0.126
BL_W50_T3.0_D30,55790,121,0.050
BL_W50_T3.0_D40,54840,124,0.126
BL_W50_T3.0_D40,55790,121,0.050
BL_W60_T1.0_D2,51540,143,1.200
BL_W60_T1.0_D2,52440,137,1.140
BL_W60_T1.0_D2,53440,132,1.060
BL_W60_T1.0_D2,53790,130,1.060
BL_W60_T1.0_D2,54690,125,0.980
BL_W60_T1.0_D2,55040,123,0.980
BL_W60_T1.0_D2,55790,121,0.900
BL_W60_T1.0_D2,56140,117,0.900
BL_W60_T1.0_D2,56940,116,0.820
BL_W60_T1.0_D2,58090,109,0.740
BL_W60_T1.0_D2,59040,105,0.660
BL_W60_T1.0_D2,60082,100,0.580
BL_W60_T1.0_D2,61210,96,0.500
BL_W60_T1.0_D2,62288,89,0.420
BL_W60_T1.0_D2,63366,84,0.340
BL_W60_T1.0_D2,64640,78,0.260
BL_W60_T1.0_D2,65767,74,0.126
BL_W60_T1.0_D2,66796,69,0.050
BL_W60_T1.0_D2,47990,164,0.010
BL_W60_T1.0_D4,51540,143,1.200
BL_W60_T1.0_D4,52440,137,1.140
BL_W60_T1.0_D4,53490,132,1.060
BL_W60_T1.0_D4,54690,125,0.980
BL_W60_T1.0_D4,55040,123,0.980
BL_W60_T1.0_D4,55790,121,0.900
BL_W60_T1.0_D4,56140,117,0.900
BL_W60_T1.0_D4,56940,116,0.820
BL_W60_T1.0_D4,58090,109,0.740
BL_W60_T1.0_D4,59040,105,0.660
BL_W60_T1.0_D4,60082,100,0.580
BL_W60_T1.0_D4,61210,96,0.500
BL_W60_T1.0_D4,62288,89,0.420
BL_W60_T1.0_D4,63366,84,0.340
BL_W60_T1.0_D4,64640,78,0.260
BL_W60_T1.0_D4,65767,74,0.126
BL_W60_T1.0_D4,66796,69,0.050
BL_W60_T1.0_D4,47990,164,0.010
BL_W60_T1.0_D6,53490,132,1.060
BL_W60_T1.0_D6,54690,125,0.980
BL_W60_T1.0_D6,55040,123,0.980
BL_W60_T1.0_D6,55790,121,0.900
BL_W60_T1.0_D6,56140,117,0.900
BL_W60_T1.0_D6,56940,116,0.820
BL_W60_T1.0_D6,58090,109,0.740
BL_W60_T1.0_D6,59040,105,0.660
BL_W60_T1.0_D6,60082,100,0.580
BL_W60_T1.0_D6,61210,96,0.500
BL_W60_T1.0_D6,62288,89,0.420
BL_W60_T1.0_D6,63366,84,0.340
BL_W60_T1.0_D6,64640,78,0.260
BL_W60_T1.0_D6,65767,74,0.126
BL_W60_T1.0_D6,66796,69,0.050
BL_W60_T1.0_D6,47990,164,0.010
BL_W60_T1.0_D8,53490,132,1.060
BL_W60_T1.0_D8,54690,125,0.980
BL_W60_T1.0_D8,55040,123,0.980
BL_W60_T1.0_D8,55790,121,0.900
BL_W60_T1.0_D8,56140,117,0.900
BL_W60_T1.0_D8,56940,116,0.820
BL_W60_T1.0_D8,58090,109,0.740
BL_W60_T1.0_D8,59040,105,0.660
BL_W60_T1.0_D8,60082,100,0.580
BL_W60_T1.0_D8,61210,96,0.500
BL_W60_T1.0_D8,62288,89,0.420
BL_W60_T1.0_D8,63366,84,0.340
BL_W60_T1.0_D8,64640,78,0.260
BL_W60_T1.0_D8,65767,74,0.126
BL_W60_T1.0_D8,66796,69,0.050
BL_W60_T1.0_D8,47990,164,0.010
BL_W60_T1.0_D10,53490,132,1.060
BL_W60_T1.0_D10,54690,125,0.980
BL_W60_T1.0_D10,55040,123,0.980
BL_W60_T1.0_D10,55790,121,0.900
BL_W60_T1.0_D10,56140,117,0.900
BL_W60_T1.0_D10,56940,116,0.820
BL_W60_T1.0_D10,58090,109,0.740
BL_W60_T1.0_D10,59040,105,0.660
BL_W60_T1.0_D10,60082,100,0.580
BL_W60_T1.0_D10,61210,96,0.500
BL_W60_T1.0_D10,62288,89,0.420
BL_W60_T1.0_D10,63366,84,0.340
BL_W60_T1.0_D10,64640,78,0.260
BL_W60_T1.0_D10,65767,74,0.126
BL_W60_T1.0_D10,66796,69,0.050
BL_W60_T1.0_D10,47990,164,0.010
BL_W60_T1.0_D15,53540,131,1.060
BL_W60_T1.0_D15,54740,125,0.980
BL_W60_T1.0_D15,55790,121,0.900
BL_W60_T1.0_D15,56140,117,0.900
BL_W60_T1.0_D15,56940,116,0.820
BL_W60_T1.0_D15,58090,109,0.740
BL_W60_T1.0_D15,59040,105,0.660
BL_W60_T1.0_D15,60082,100,0.580
BL_W60_T1.0_D15,61210,96,0.500
BL_W60_T1.0_D15,62288,89,0.420
BL_W60_T1.0_D15,63366,84,0.340
BL_W60_T1.0_D15,64640,78,0.260
BL_W60_T1.0_D15,65767,74,0.126
BL_W60_T1.0_D15,66796,69,0.050
BL_W60_T1.0_D20,53540,131,1.060
BL_W60_T1.0_D20,54740,125,0.980
BL_W60_T1.0_D20,55790,121,0.900
BL_W60_T1.0_D20,56140,117,0.900
BL_W60_T1.0_D20,56940,116,0.820
BL_W60_T1.0_D20,58090,109,0.740
BL_W60_T1.0_D20,59040,105,0.660
BL_W60_T1.0_D20,60082,100,0.580
BL_W60_T1.0_D20,61210,96,0.500
BL_W60_T1.0_D20,62288,89,0.420
BL_W60_T1.0_D20,63366,84,0.340
BL_W60_T1.0_D20,64640,78,0.260
BL_W60_T1.0_D20,65767,74,0.126
BL_W60_T1.0_D20,66796,69,0.050
BL_W60_T1.0_D25,53590,131,1.060
BL_W60_T1.0_D25,54740,125,0.980
BL_W60_T1.0_D25,55790,121,0.900
BL_W60_T1.0_D25,56140,117,0.900
BL_W60_T1.0_D25,56940,116,0.820
BL_W60_T1.0_D25,58090,109,0.740
BL_W60_T1.0_D25,59040,105,0.660
BL_W60_T1.0_D25,60082,100,0.580
BL_W60_T1.0_D25,61210,96,0.500
BL_W60_T1.0_D25,62288,89,0.420
BL_W60_T1.0_D25,63366,84,0.340
BL_W60_T1.0_D25,64640,78,0.260
BL_W60_T1.0_D25,65767,74,0.126
BL_W60_T1.0_D25,66796,69,0.050
BL_W60_T1.0_D30,53640,131,1.060
BL_W60_T1.0_D30,54790,124,0.980
BL_W60_T1.0_D30,55790,121,0.900
BL_W60_T1.0_D30,56140,117,0.900
BL_W60_T1.0_D30,56940,116,0.820
BL_W60_T1.0_D30,58090,109,0.740
BL_W60_T1.0_D30,59040,105,0.660
BL_W60_T1.0_D30,60082,100,0.580
BL_W60_T1.0_D30,61210,96,0.500
BL_W60_T1.0_D30,62288,89,0.420
BL_W60_T1.0_D30,63366,84,0.340
BL_W60_T1.0_D30,64640,78,0.260
BL_W60_T1.0_D30,65767,74,0.126
BL_W60_T1.0_D30,66796,69,0.050
BL_W60_T1.0_D40,54840,124,0.980
BL_W60_T1.0_D40,55790,121,0.900
BL_W60_T1.0_D40,56140,117,0.900
BL_W60_T1.0_D40,56940,116,0.820
BL_W60_T1.0_D40,58090,109,0.740
BL_W60_T1.0_D40,59040,105,0.660
BL_W60_T1.0_D40,60082,100,0.580
BL_W60_T1.0_D40,61210,96,0.500
BL_W60_T1.0_D40,62288,89,0.420
BL_W60_T1.0_D40,63366,84,0.340
BL_W60_T1.0_D40,64640,78,0.260
BL_W60_T1.0_D40,65767,74,0.126
BL_W60_T1.0_D40,66796,69,0.050
BL_W60_T1.2_D2,51540,143,1.200
BL_W60_T1.2_D2,52490,137,1.140
BL_W60_T1.2_D2,53490,132,1.060
BL_W60_T1.2_D2,54740,125,0.980
BL_W60_T1.2_D2,55790,121,0.900
BL_W60_T1.2_D2,56140,117,0.900
BL_W60_T1.2_D2,56940,116,0.820
BL_W60_T1.2_D2,58090,109,0.740
BL_W60_T1.2_D2,59040,105,0.660
BL_W60_T1.2_D2,60132,100,0.580
BL_W60_T1.2_D2,61210,96,0.500
BL_W60_T1.2_D2,62288,89,0.420
BL_W60_T1.2_D2,63366,84,0.340
BL_W60_T1.2_D2,64640,78,0.260
BL_W60_T1.2_D2,65767,74,0.126
BL_W60_T1.2_D2,66845,69,0.050
BL_W60_T1.2_D2,47990,164,0.010
BL_W60_T1.2_D4,51540,143,1.200
BL_W60_T1.2_D4,52490,137,1.140
BL_W60_T1.2_D4,53490,132,1.060
BL_W60_T1.2_D4,54740,125,0.980
BL_W60_T1.2_D4,55790,121,0.900
BL_W60_T1.2_D4,56140,117,0.900
BL_W60_T1.2_D4,56940,116,0.820
BL_W60_T1.2_D4,58090,109,0.740
BL_W60_T1.2_D4,59040,105,0.660
BL_W60_T1.2_D4,60132,100,0.580
BL_W60_T1.2_D4,61210,96,0.500
BL_W60_T1.2_D4,62288,89,0.420
BL_W60_T1.2_D4,63366,84,0.340
BL_W60_T1.2_D4,64640,78,0.260
BL_W60_T1.2_D4,65767,74,0.126
BL_W60_T1.2_D4,66845,69,0.050
BL_W60_T1.2_D4,47990,164,0.010
BL_W60_T1.2_D6,53490,132,1.060
BL_W60_T1.2_D6,54740,125,0.980
BL_W60_T1.2_D6,55790,121,0.900
BL_W60_T1.2_D6,56140,117,0.900
BL_W60_T1.2_D6,56940,116,0.820
BL_W60_T1.2_D6,58090,109,0.740
BL_W60_T1.2_D6,59040,105,0.660
BL_W60_T1.2_D6,60132,100,0.580
BL_W60_T1.2_D6,61210,96,0.500
BL_W60_T1.2_D6,62288,89,0.420
BL_W60_T1.2_D6,63366,84,0.340
BL_W60_T1.2_D6,64640,78,0.260
BL_W60_T1.2_D6,65767,74,0.126
BL_W60_T1.2_D6,66845,69,0.050
BL_W60_T1.2_D6,47990,164,0.010
BL_W60_T1.2_D8,53490,132,1.060
BL_W60_T1.2_D8,54740,125,0.980
BL_W60_T1.2_D8,55790,121,0.900
BL_W60_T1.2_D8,56140,117,0.900
BL_W60_T1.2_D8,56940,116,0.820
BL_W60_T1.2_D8,58090,109,0.740
BL_W60_T1.2_D8,59040,105,0.660
BL_W60_T1.2_D8,60132,100,0.580
BL_W60_T1.2_D8,61210,96,0.500
BL_W60_T1.2_D8,62288,89,0.420
BL_W60_T1.2_D8,63366,84,0.340
BL_W60_T1.2_D8,64640,78,0.260
BL_W60_T1.2_D8,65767,74,0.126
BL_W60_T1.2_D8,66845,69,0.050
BL_W60_T1.2_D8,47990,164,0.010
BL_W60_T1.2_D10,53490,132,1.060
BL_W60_T1.2_D10,54740,125,0.980
BL_W60_T1.2_D10,55790,121,0.900
BL_W60_T1.2_D10,56140,117,0.900
BL_W60_T1.2_D10,56940,116,0.820
BL_W60_T1.2_D10,58090,109,0.740
BL_W60_T1.2_D10,59040,105,0.660
BL_W60_T1.2_D10,60132,100,0.580
BL_W60_T1.2_D10,61210,96,0.500
BL_W60_T1.2_D10,62288,89,0.420
BL_W60_T1.2_D10,63366,84,0.340
BL_W60_T1.2_D10,64640,78,0.260
BL_W60_T1.2_D10,65767,74,0.126
BL_W60_T1.2_D10,66845,69,0.050
BL_W60_T1.2_D10,47990,164,0.010
BL_W60_T1.2_D15,53540,131,1.060
BL_W60_T1.2_D15,54740,125,0.980
BL_W60_T1.2_D15,55790,121,0.900
BL_W60_T1.2_D15,56140,117,0.900
BL_W60_T1.2_D15,56940,116,0.820
BL_W60_T1.2_D15,58090,109,0.740
BL_W60_T1.2_D15,59040,105,0.660
BL_W60_T1.2_D15,60132,100,0.580
BL_W60_T1.2_D15,61210,96,0.500
BL_W60_T1.2_D15,62288,89,0.420
BL_W60_T1.2_D15,63366,84,0.340
BL_W60_T1.2_D15,64640,78,0.260
BL_W60_T1.2_D15,65767,74,0.126
BL_W60_T1.2_D15,66845,69,0.050
BL_W60_T1.2_D20,53540,131,1.060
BL_W60_T1.2_D20,54740,125,0.980
BL_W60_T1.2_D20,55790,121,0.900
BL_W60_T1.2_D20,56140,117,0.900
BL_W60_T1.2_D20,56940,116,0.820
BL_W60_T1.2_D20,58090,109,0.740
BL_W60_T1.2_D20,59040,105,0.660
BL_W60_T1.2_D20,60132,100,0.580
BL_W60_T1.2_D20,61210,96,0.500
BL_W60_T1.2_D20,62288,89,0.420
BL_W60_T1.2_D20,63366,84,0.340
BL_W60_T1.2_D20,64640,78,0.260
BL_W60_T1.2_D20,65767,74,0.126
BL_W60_T1.2_D20,66845,69,0.050
BL_W60_T1.2_D25,53590,131,1.060
BL_W60_T1.2_D25,54740,125,0.980
BL_W60_T1.2_D25,55790,121,0.900
BL_W60_T1.2_D25,56140,117,0.900
BL_W60_T1.2_D25,56940,116,0.820
BL_W60_T1.2_D25,58090,109,0.740
BL_W60_T1.2_D25,59040,105,0.660
BL_W60_T1.2_D25,60132,100,0.580
BL_W60_T1.2_D25,61210,96,0.500
BL_W60_T1.2_D25,62288,89,0.420
BL_W60_T1.2_D25,63366,84,0.340
BL_W60_T1.2_D25,64640,78,0.260
BL_W60_T1.2_D25,65767,74,0.126
BL_W60_T1.2_D25,66845,69,0.050
BL_W60_T1.2_D30,53640,131,1.060
BL_W60_T1.2_D30,54790,124,0.980
BL_W60_T1.2_D30,55790,121,0.900
BL_W60_T1.2_D30,56140,117,0.900
BL_W60_T1.2_D30,56940,116,0.820
BL_W60_T1.2_D30,58090,109,0.740
BL_W60_T1.2_D30,59040,105,0.660
BL_W60_T1.2_D30,60132,100,0.580
BL_W60_T1.2_D30,61210,96,0.500
BL_W60_T1.2_D30,62288,89,0.420
BL_W60_T1.2_D30,63366,84,0.340
BL_W60_T1.2_D30,64640,78,0.260
BL_W60_T1.2_D30,65767,74,0.126
BL_W60_T1.2_D30,66845,69,0.050
BL_W60_T1.2_D40,54840,124,0.980
BL_W60_T1.2_D40,55790,121,0.900
BL_W60_T1.2_D40,56140,117,0.900
BL_W60_T1.2_D40,56940,116,0.820
BL_W60_T1.2_D40,58090,109,0.740
BL_W60_T1.2_D40,59040,105,0.660
BL_W60_T1.2_D40,60132,100,0.580
BL_W60_T1.2_D40,61210,96,0.500
BL_W60_T1.2_D40,62288,89,0.420
BL_W60_T1.2_D40,63366,84,0.340
BL_W60_T1.2_D40,64640,78,0.260
BL_W60_T1.2_D40,65767,74,0.126
BL_W60_T1.2_D40,66845,69,0.050
BL_W60_T1.4_D2,53490,132,1.060
BL_W60_T1.4_D2,54740,125,0.980
BL_W60_T1.4_D2,55790,121,0.900
BL_W60_T1.4_D2,56140,117,0.900
BL_W60_T1.4_D2,56990,115,0.820
BL_W60_T1.4_D2,58090,109,0.740
BL_W60_T1.4_D2,59090,104,0.660
BL_W60_T1.4_D2,60132,100,0.580
BL_W60_T1.4_D2,61259,95,0.500
BL_W60_T1.4_D2,62288,89,0.420
BL_W60_T1.4_D2,63415,83,0.340
BL_W60_T1.4_D2,64640,78,0.260
BL_W60_T1.4_D2,65767,74,0.126
BL_W60_T1.4_D2,66845,69,0.050
BL_W60_T1.4_D2,48040,164,0.010
BL_W60_T1.4_D4,53490,132,1.060
BL_W60_T1.4_D4,54740,125,0.980
BL_W60_T1.4_D4,55790,121,0.900
BL_W60_T1.4_D4,56140,117,0.900
BL_W60_T1.4_D4,56990,115,0.820
BL_W60_T1.4_D4,58090,109,0.740
BL_W60_T1.4_D4,59090,104,0.660
BL_W60_T1.4_D4,60132,100,0.580
BL_W60_T1.4_D4,61259,95,0.500
BL_W60_T1.4_D4,62288,89,0.420
BL_W60_T1.4_D4,63415,83,0.340
BL_W60_T1.4_D4,64640,78,0.260
BL_W60_T1.4_D4,65767,74,0.126
BL_W60_T1.4_D4,66845,69,0.050
BL_W60_T1.4_D4,48040,164,0.010
BL_W60_T1.4_D6,53490,132,1.060
BL_W60_T1.4_D6,54740,125,0.980
BL_W60_T1.4_D6,55790,121,0.900
BL_W60_T1.4_D6,56140,117,0.900
BL_W60_T1.4_D6,56990,115,0.820
BL_W60_T1.4_D6,58090,109,0.740
BL_W60_T1.4_D6,59090,104,0.660
BL_W60_T1.4_D6,60132,100,0.580
BL_W60_T1.4_D6,61259,95,0.500
BL_W60_T1.4_D6,62288,89,0.420
BL_W60_T1.4_D6,63415,83,0.340
BL_W60_T1.4_D6,64640,78,0.260
BL_W60_T1.4_D6,65767,74,0.126
BL_W60_T1.4_D6,66845,69,0.050
BL_W60_T1.4_D6,48040,164,0.010
BL_W60_T1.4_D8,53490,132,1.060
BL_W60_T1.4_D8,54740,125,0.980
BL_W60_T1.4_D8,55790,121,0.900
BL_W60_T1.4_D8,56140,117,0.900
BL_W60_T1.4_D8,56990,115,0.820
BL_W60_T1.4_D8,58090,109,0.740
BL_W60_T1.4_D8,59090,104,0.660
BL_W60_T1.4_D8,60132,100,0.580
BL_W60_T1.4_D8,61259,95,0.500
BL_W60_T1.4_D8,62288,89,0.420
BL_W60_T1.4_D8,63415,83,0.340
BL_W60_T1.4_D8,64640,78,0.260
BL_W60_T1.4_D8,65767,74,0.126
BL_W60_T1.4_D8,66845,69,0.050
BL_W60_T1.4_D8,47990,164,0.010
BL_W60_T1.4_D10,53490,132,1.060
BL_W60_T1.4_D10,54740,125,0.980
BL_W60_T1.4_D10,55790,121,0.900
BL_W60_T1.4_D10,56140,117,0.900
BL_W60_T1.4_D10,56990,115,0.820
BL_W60_T1.4_D10,58090,109,0.740
BL_W60_T1.4_D10,59090,104,0.660
BL_W60_T1.4_D10,60132,100,0.580
BL_W60_T1.4_D10,61259,95,0.500
BL_W60_T1.4_D10,62288,89,0.420
BL_W60_T1.4_D10,63415,83,0.340
BL_W60_T1.4_D10,64640,78,0.260
BL_W60_T1.4_D10,65767,74,0.126
BL_W60_T1.4_D10,66845,69,0.050
BL_W60_T1.4_D10,47990,164,0.010
BL_W60_T1.4_D15,53540,131,1.060
BL_W60_T1.4_D15,54740,125,0.980
BL_W60_T1.4_D15,55790,121,0.900
BL_W60_T1.4_D15,56140,117,0.900
BL_W60_T1.4_D15,56990,115,0.820
BL_W60_T1.4_D15,58090,109,0.740
BL_W60_T1.4_D15,59090,104,0.660
BL_W60_T1.4_D15,60132,100,0.580
BL_W60_T1.4_D15,61259,95,0.500
BL_W60_T1.4_D15,62288,89,0.420
BL_W60_T1.4_D15,63415,83,0.340
BL_W60_T1.4_D15,64640,78,0.260
BL_W60_T1.4_D15,65767,74,0.126
BL_W60_T1.4_D15,66845,69,0.050
BL_W60_T1.4_D20,53540,131,1.060
BL_W60_T1.4_D20,54740,125,0.980
BL_W60_T1.4_D20,55790,121,0.900
BL_W60_T1.4_D20,56140,117,0.900
BL_W60_T1.4_D20,56990,115,0.820
BL_W60_T1.4_D20,58090,109,0.740
BL_W60_T1.4_D20,59090,104,0.660
BL_W60_T1.4_D20,60132,100,0.580
BL_W60_T1.4_D20,61259,95,0.500
BL_W60_T1.4_D20,62288,89,0.420
BL_W60_T1.4_D20,63415,83,0.340
BL_W60_T1.4_D20,64640,78,0.260
BL_W60_T1.4_D20,65767,74,0.126
BL_W60_T1.4_D20,66845,69,0.050
BL_W60_T1.4_D25,53590,131,1.060
BL_W60_T1.4_D25,54740,125,0.980
BL_W60_T1.4_D25,55790,121,0.900
BL_W60_T1.4_D25,56140,117,0.900
BL_W60_T1.4_D25,56990,115,0.820
BL_W60_T1.4_D25,58090,109,0.740
BL_W60_T1.4_D25,59090,104,0.660
BL_W60_T1.4_D25,60132,100,0.580
BL_W60_T1.4_D25,61259,95,0.500
BL_W60_T1.4_D25,62288,89,0.420
BL_W60_T1.4_D25,63415,83,0.340
BL_W60_T1.4_D25,64640,78,0.260
BL_W60_T1.4_D25,65767,74,0.126
BL_W60_T1.4_D25,66845,69,0.050
BL_W60_T1.4_D30,53640,131,1.060
BL_W60_T1.4_D30,54790,124,0.980
BL_W60_T1.4_D30,55790,121,0.900
BL_W60_T1.4_D30,56140,117,0.900
BL_W60_T1.4_D30,56990,115,0.820
BL_W60_T1.4_D30,58090,109,0.740
BL_W60_T1.4_D30,59090,104,0.660
BL_W60_T1.4_D30,60132,100,0.580
BL_W60_T1.4_D30,61259,95,0.500
BL_W60_T1.4_D30,62288,89,0.420
BL_W60_T1.4_D30,63415,83,0.340
BL_W60_T1.4_D30,64640,78,0.260
BL_W60_T1.4_D30,65767,74,0.126
BL_W60_T1.4_D30,66845,69,0.050
BL_W60_T1.4_D40,54840,124,0.980
BL_W60_T1.4_D40,55790,121,0.900
BL_W60_T1.4_D40,56140,117,0.900
BL_W60_T1.4_D40,56990,115,0.820
BL_W60_T1.4_D40,58090,109,0.740
BL_W60_T1.4_D40,59090,104,0.660
BL_W60_T1.4_D40,60132,100,0.580
BL_W60_T1.4_D40,61259,95,0.500
BL_W60_T1.4_D40,62288,89,0.420
BL_W60_T1.4_D40,63415,83,0.340
BL_W60_T1.4_D40,64640,78,0.260
BL_W60_T1.4_D40,65767,74,0.126
BL_W60_T1.4_D40,66845,69,0.050
BL_W60_T1.6_D2,59090,104,0.660
BL_W60_T1.6_D2,60132,100,0.580
BL_W60_T1.6_D2,61259,95,0.500
BL_W60_T1.6_D2,62288,89,0.420
BL_W60_T1.6_D2,53490,132,0.340
BL_W60_T1.6_D2,63415,83,0.340
BL_W60_T1.6_D2,54740,125,0.260
BL_W60_T1.6_D2,64689,78,0.260
BL_W60_T1.6_D2,55790,121,0.126
BL_W60_T1.6_D2,56140,117,0.126
BL_W60_T1.6_D2,65767,74,0.126
BL_W60_T1.6_D2,66845,69,0.050
BL_W60_T1.6_D2,48090,164,0.010
BL_W60_T1.6_D2,56990,115,0.010
BL_W60_T1.6_D4,59090,104,0.660
BL_W60_T1.6_D4,60132,100,0.580
BL_W60_T1.6_D4,61259,95,0.500
BL_W60_T1.6_D4,62288,89,0.420
BL_W60_T1.6_D4,53490,132,0.340
BL_W60_T1.6_D4,63415,83,0.340
BL_W60_T1.6_D4,54740,125,0.260
BL_W60_T1.6_D4,64689,78,0.260
BL_W60_T1.6_D4,55790,121,0.126
BL_W60_T1.6_D4,56140,117,0.126
BL_W60_T1.6_D4,65767,74,0.126
BL_W60_T1.6_D4,66845,69,0.050
BL_W60_T1.6_D4,48090,164,0.010
BL_W60_T1.6_D4,56990,115,0.010
BL_W60_T1.6_D6,59090,104,0.660
BL_W60_T1.6_D6,60132,100,0.580
BL_W60_T1.6_D6,61259,95,0.500
BL_W60_T1.6_D6,62288,89,0.420
BL_W60_T1.6_D6,53490,132,0.340
BL_W60_T1.6_D6,63415,83,0.340
BL_W60_T1.6_D6,54740,125,0.260
BL_W60_T1.6_D6,64689,78,0.260
BL_W60_T1.6_D6,55790,121,0.126
BL_W60_T1.6_D6,56140,117,0.126
BL_W60_T1.6_D6,65767,74,0.126
BL_W60_T1.6_D6,66845,69,0.050
BL_W60_T1.6_D6,48090,164,0.010
BL_W60_T1.6_D6,56990,115,0.010
BL_W60_T1.6_D8,59090,104,0.660
BL_W60_T1.6_D8,60132,100,0.580
BL_W60_T1.6_D8,61259,95,0.500
BL_W60_T1.6_D8,62288,89,0.420
BL_W60_T1.6_D8,53490,132,0.340
BL_W60_T1.6_D8,63415,83,0.340
BL_W60_T1.6_D8,54740,125,0.260
BL_W60_T1.6_D8,64689,78,0.260
BL_W60_T1.6_D8,55790,121,0.126
BL_W60_T1.6_D8,56140,117,0.126
BL_W60_T1.6_D8,65767,74,0.126
BL_W60_T1.6_D8,66845,69,0.050
BL_W60_T1.6_D8,47990,164,0.010
BL_W60_T1.6_D8,56990,115,0.010
BL_W60_T1.6_D10,59090,104,0.660
BL_W60_T1.6_D10,60132,100,0.580
BL_W60_T1.6_D10,61259,95,0.500
BL_W60_T1.6_D10,62288,89,0.420
BL_W60_T1.6_D10,53490,132,0.340
BL_W60_T1.6_D10,63415,83,0.340
BL_W60_T1.6_D10,54740,125,0.260
BL_W60_T1.6_D10,64689,78,0.260
BL_W60_T1.6_D10,55790,121,0.126
BL_W60_T1.6_D10,56140,117,0.126
BL_W60_T1.6_D10,65767,74,0.126
BL_W60_T1.6_D10,66845,69,0.050
BL_W60_T1.6_D10,47990,164,0.010
BL_W60_T1.6_D10,56990,115,0.010
BL_W60_T1.6_D15,59090,104,0.660
BL_W60_T1.6_D15,60132,100,0.580
BL_W60_T1.6_D15,61259,95,0.500
BL_W60_T1.6_D15,62288,89,0.420
BL_W60_T1.6_D15,53540,131,0.340
BL_W60_T1.6_D15,63415,83,0.340
BL_W60_T1.6_D15,54740,125,0.260
BL_W60_T1.6_D15,64689,78,0.260
BL_W60_T1.6_D15,55790,121,0.126
BL_W60_T1.6_D15,56140,117,0.126
BL_W60_T1.6_D15,65767,74,0.126
BL_W60_T1.6_D15,66845,69,0.050
BL_W60_T1.6_D15,56990,115,0.010
BL_W60_T1.6_D20,59090,104,0.660
BL_W60_T1.6_D20,60132,100,0.580
BL_W60_T1.6_D20,61259,95,0.500
BL_W60_T1.6_D20,62288,89,0.420
BL_W60_T1.6_D20,53540,131,0.340
BL_W60_T1.6_D20,63415,83,0.340
BL_W60_T1.6_D20,54740,125,0.260
BL_W60_T1.6_D20,64689,78,0.260
BL_W60_T1.6_D20,55790,121,0.126
BL_W60_T1.6_D20,56140,117,0.126
BL_W60_T1.6_D20,65767,74,0.126
BL_W60_T1.6_D20,66845,69,0.050
BL_W60_T1.6_D20,56990,115,0.010
BL_W60_T1.6_D25,59090,104,0.660
BL_W60_T1.6_D25,60132,100,0.580
BL_W60_T1.6_D25,61259,95,0.500
BL_W60_T1.6_D25,62288,89,0.420
BL_W60_T1.6_D25,53590,131,0.340
BL_W60_T1.6_D25,63415,83,0.340
BL_W60_T1.6_D25,54740,125,0.260
BL_W60_T1.6_D25,64689,78,0.260
BL_W60_T1.6_D25,55790,121,0.126
BL_W60_T1.6_D25,56140,117,0.126
BL_W60_T1.6_D25,65767,74,0.126
BL_W60_T1.6_D25,66845,69,0.050
BL_W60_T1.6_D25,56990,115,0.010
BL_W60_T1.6_D30,59090,104,0.660
BL_W60_T1.6_D30,60132,100,0.580
BL_W60_T1.6_D30,61259,95,0.500
BL_W60_T1.6_D30,62288,89,0.420
BL_W60_T1.6_D30,53640,131,0.340
BL_W60_T1.6_D30,63415,83,0.340
BL_W60_T1.6_D30,54790,124,0.260
BL_W60_T1.6_D30,64689,78,0.260
BL_W60_T1.6_D30,55790,121,0.126
BL_W60_T1.6_D30,56140,117,0.126
BL_W60_T1.6_D30,65767,74,0.126
BL_W60_T1.6_D30,66845,69,0.050
BL_W60_T1.6_D30,56990,115,0.010
BL_W60_T1.6_D40,59090,104,0.660
BL_W60_T1.6_D40,60132,100,0.580
BL_W60_T1.6_D40,61259,95,0.500
BL_W60_T1.6_D40,62288,89,0.420
BL_W60_T1.6_D40,63415,83,0.340
BL_W60_T1.6_D40,54840,124,0.260
BL_W60_T1.6_D40,64689,78,0.260
BL_W60_T1.6_D40,55790,121,0.126
BL_W60_T1.6_D40,56140,117,0.126
BL_W60_T1.6_D40,65767,74,0.126
BL_W60_T1.6_D40,66845,69,0.050
BL_W60_T1.6_D40,56990,115,0.010
BL_W60_T1.8_D2,59090,104,0.660
BL_W60_T1.8_D2,60132,100,0.580
BL_W60_T1.8_D2,61259,95,0.500
BL_W60_T1.8_D2,62337,89,0.420
BL_W60_T1.8_D2,53490,132,0.340
BL_W60_T1.8_D2,63415,83,0.340
BL_W60_T1.8_D2,54740,125,0.260
BL_W60_T1.8_D2,64689,78,0.260
BL_W60_T1.8_D2,55790,121,0.126
BL_W60_T1.8_D2,56140,117,0.126
BL_W60_T1.8_D2,65816,73,0.126
BL_W60_T1.8_D2,66894,69,0.050
BL_W60_T1.8_D2,56990,115,0.010
BL_W60_T1.8_D4,59090,104,0.660
BL_W60_T1.8_D4,60132,100,0.580
BL_W60_T1.8_D4,61259,95,0.500
BL_W60_T1.8_D4,62337,89,0.420
BL_W60_T1.8_D4,53490,132,0.340
BL_W60_T1.8_D4,63415,83,0.340
BL_W60_T1.8_D4,54740,125,0.260
BL_W60_T1.8_D4,64689,78,0.260
BL_W60_T1.8_D4,55790,121,0.126
BL_W60_T1.8_D4,56140,117,0.126
BL_W60_T1.8_D4,65816,73,0.126
BL_W60_T1.8_D4,66894,69,0.050
BL_W60_T1.8_D4,56990,115,0.010
BL_W60_T1.8_D6,59090,104,0.660
BL_W60_T1.8_D6,60132,100,0.580
BL_W60_T1.8_D6,61259,95,0.500
BL_W60_T1.8_D6,62337,89,0.420
BL_W60_T1.8_D6,53490,132,0.340
BL_W60_T1.8_D6,63415,83,0.340
BL_W60_T1.8_D6,54740,125,0.260
BL_W60_T1.8_D6,64689,78,0.260
BL_W60_T1.8_D6,55790,121,0.126
BL_W60_T1.8_D6,56140,117,0.126
BL_W60_T1.8_D6,65816,73,0.126
BL_W60_T1.8_D6,66894,69,0.050
BL_W60_T1.8_D6,56990,115,0.010
BL_W60_T1.8_D8,59090,104,0.660
BL_W60_T1.8_D8,60132,100,0.580
BL_W60_T1.8_D8,61259,95,0.500
BL_W60_T1.8_D8,62337,89,0.420
BL_W60_T1.8_D8,53490,132,0.340
BL_W60_T1.8_D8,63415,83,0.340
BL_W60_T1.8_D8,54740,125,0.260
BL_W60_T1.8_D8,64689,78,0.260
BL_W60_T1.8_D8,55790,121,0.126
BL_W60_T1.8_D8,56140,117,0.126
BL_W60_T1.8_D8,65816,73,0.126
BL_W60_T1.8_D8,66894,69,0.050
BL_W60_T1.8_D8,47990,164,0.010
BL_W60_T1.8_D8,56990,115,0.010
BL_W60_T1.8_D10,59090,104,0.660
BL_W60_T1.8_D10,60132,100,0.580
BL_W60_T1.8_D10,61259,95,0.500
BL_W60_T1.8_D10,62337,89,0.420
BL_W60_T1.8_D10,53490,132,0.340
BL_W60_T1.8_D10,63415,83,0.340
BL_W60_T1.8_D10,54740,125,0.260
BL_W60_T1.8_D10,64689,78,0.260
BL_W60_T1.8_D10,55790,121,0.126
BL_W60_T1.8_D10,56140,117,0.126
BL_W60_T1.8_D10,65816,73,0.126
BL_W60_T1.8_D10,66894,69,0.050
BL_W60_T1.8_D10,47990,164,0.010
BL_W60_T1.8_D10,56990,115,0.010
BL_W60_T1.8_D15,59090,104,0.660
BL_W60_T1.8_D15,60132,100,0.580
BL_W60_T1.8_D15,61259,95,0.500
BL_W60_T1.8_D15,62337,89,0.420
BL_W60_T1.8_D15,53540,131,0.340
BL_W60_T1.8_D15,63415,83,0.340
BL_W60_T1.8_D15,54740,125,0.260
BL_W60_T1.8_D15,64689,78,0.260
BL_W60_T1.8_D15,55790,121,0.126
BL_W60_T1.8_D15,56140,117,0.126
BL_W60_T1.8_D15,65816,73,0.126
BL_W60_T1.8_D15,66894,69,0.050
BL_W60_T1.8_D15,56990,115,0.010
BL_W60_T1.8_D20,59090,104,0.660
BL_W60_T1.8_D20,60132,100,0.580
BL_W60_T1.8_D20,61259,95,0.500
BL_W60_T1.8_D20,62337,89,0.420
BL_W60_T1.8_D20,53540,131,0.340
BL_W60_T1.8_D20,63415,83,0.340
BL_W60_T1.8_D20,54740,125,0.260
BL_W60_T1.8_D20,64689,78,0.260
BL_W60_T1.8_D20,55790,121,0.126
BL_W60_T1.8_D20,56140,117,0.126
BL_W60_T1.8_D20,65816,73,0.126
BL_W60_T1.8_D20,66894,69,0.050
BL_W60_T1.8_D20,56990,115,0.010
BL_W60_T1.8_D25,59090,104,0.660
BL_W60_T1.8_D25,60132,100,0.580
BL_W60_T1.8_D25,61259,95,0.500
BL_W60_T1.8_D25,62337,89,0.420
BL_W60_T1.8_D25,53590,131,0.340
BL_W60_T1.8_D25,63415,83,0.340
BL_W60_T1.8_D25,54740,125,0.260
BL_W60_T1.8_D25,64689,78,0.260
BL_W60_T1.8_D25,55790,121,0.126
BL_W60_T1.8_D25,56140,117,0.126
BL_W60_T1.8_D25,65816,73,0.126
BL_W60_T1.8_D25,66894,69,0.050
BL_W60_T1.8_D25,56990,115,0.010
BL_W60_T1.8_D30,59090,104,0.660
BL_W60_T1.8_D30,60132,100,0.580
BL_W60_T1.8_D30,61259,95,0.500
BL_W60_T1.8_D30,62337,89,0.420
BL_W60_T1.8_D30,53640,131,0.340
BL_W60_T1.8_D30,63415,83,0.340
BL_W60_T1.8_D30,54790,124,0.260
BL_W60_T1.8_D30,64689,78,0.260
BL_W60_T1.8_D30,55790,121,0.126
BL_W60_T1.8_D30,56140,117,0.126
BL_W60_T1.8_D30,65816,73,0.126
BL_W60_T1.8_D30,66894,69,0.050
BL_W60_T1.8_D30,56990,115,0.010
BL_W60_T1.8_D40,59090,104,0.660
BL_W60_T1.8_D40,60132,100,0.580
BL_W60_T1.8_D40,61259,95,0.500
BL_W60_T1.8_D40,62337,89,0.420
BL_W60_T1.8_D40,63415,83,0.340
BL_W60_T1.8_D40,54840,124,0.260
BL_W60_T1.8_D40,64689,78,0.260
BL_W60_T1.8_D40,55790,121,0.126
BL_W60_T1.8_D40,56140,117,0.126
BL_W60_T1.8_D40,65816,73,0.126
BL_W60_T1.8_D40,66894,69,0.050
BL_W60_T1.8_D40,56990,115,0.010
BL_W60_T2.0_D2,53490,132,0.340
BL_W60_T2.0_D2,60181,99,0.340
BL_W60_T2.0_D2,54740,125,0.260
BL_W60_T2.0_D2,61259,95,0.260
BL_W60_T2.0_D2,55790,121,0.126
BL_W60_T2.0_D2,56140,117,0.126
BL_W60_T2.0_D2,62337,89,0.126
BL_W60_T2.0_D2,65816,73,0.126
BL_W60_T2.0_D2,66894,69,0.050
BL_W60_T2.0_D2,56990,115,0.010
BL_W60_T2.0_D2,63464,83,0.010
BL_W60_T2.0_D4,53490,132,0.340
BL_W60_T2.0_D4,60181,99,0.340
BL_W60_T2.0_D4,54740,125,0.260
BL_W60_T2.0_D4,61259,95,0.260
BL_W60_T2.0_D4,55790,121,0.126
BL_W60_T2.0_D4,56140,117,0.126
BL_W60_T2.0_D4,62337,89,0.126
BL_W60_T2.0_D4,65816,73,0.126
BL_W60_T2.0_D4,66894,69,0.050
BL_W60_T2.0_D4,56990,115,0.010
BL_W60_T2.0_D4,63464,83,0.010
BL_W60_T2.0_D6,53490,132,0.340
BL_W60_T2.0_D6,60181,99,0.340
BL_W60_T2.0_D6,54740,125,0.260
BL_W60_T2.0_D6,61259,95,0.260
BL_W60_T2.0_D6,55790,121,0.126
BL_W60_T2.0_D6,56140,117,0.126
BL_W60_T2.0_D6,62337,89,0.126
BL_W60_T2.0_D6,65816,73,0.126
BL_W60_T2.0_D6,66894,69,0.050
BL_W60_T2.0_D6,56990,115,0.010
BL_W60_T2.0_D6,63464,83,0.010
BL_W60_T2.0_D8,53490,132,0.340
BL_W60_T2.0_D8,60181,99,0.340
BL_W60_T2.0_D8,54740,125,0.260
BL_W60_T2.0_D8,61259,95,0.260
BL_W60_T2.0_D8,55790,121,0.126
BL_W60_T2.0_D8,56140,117,0.126
BL_W60_T2.0_D8,62337,89,0.126
BL_W60_T2.0_D8,65816,73,0.126
BL_W60_T2.0_D8,66894,69,0.050
BL_W60_T2.0_D8,47990,164,0.010
BL_W60_T2.0_D8,56990,115,0.010
BL_W60_T2.0_D8,63464,83,0.010
BL_W60_T2.0_D10,53490,132,0.340
BL_W60_T2.0_D10,60181,99,0.340
BL_W60_T2.0_D10,54740,125,0.260
BL_W60_T2.0_D10,61259,95,0.260
BL_W60_T2.0_D10,55790,121,0.126
BL_W60_T2.0_D10,56140,117,0.126
BL_W60_T2.0_D10,62337,89,0.126
BL_W60_T2.0_D10,65816,73,0.126
BL_W60_T2.0_D10,66894,69,0.050
BL_W60_T2.0_D10,47990,164,0.010
BL_W60_T2.0_D10,56990,115,0.010
BL_W60_T2.0_D10,63464,83,0.010
BL_W60_T2.0_D15,53540,131,0.340
BL_W60_T2.0_D15,60181,99,0.340
BL_W60_T2.0_D15,54740,125,0.260
BL_W60_T2.0_D15,61259,95,0.260
BL_W60_T2.0_D15,55790,121,0.126
BL_W60_T2.0_D15,56140,117,0.126
BL_W60_T2.0_D15,62337,89,0.126
BL_W60_T2.0_D15,65816,73,0.126
BL_W60_T2.0_D15,66894,69,0.050
BL_W60_T2.0_D15,56990,115,0.010
BL_W60_T2.0_D15,63464,83,0.010
BL_W60_T2.0_D20,53540,131,0.340
BL_W60_T2.0_D20,60181,99,0.340
BL_W60_T2.0_D20,54740,125,0.260
BL_W60_T2.0_D20,61259,95,0.260
BL_W60_T2.0_D20,55790,121,0.126
BL_W60_T2.0_D20,56140,117,0.126
BL_W60_T2.0_D20,62337,89,0.126
BL_W60_T2.0_D20,65816,73,0.126
BL_W60_T2.0_D20,66894,69,0.050
BL_W60_T2.0_D20,56990,115,0.010
BL_W60_T2.0_D20,63464,83,0.010
BL_W60_T2.0_D25,53590,131,0.340
BL_W60_T2.0_D25,60181,99,0.340
BL_W60_T2.0_D25,54740,125,0.260
BL_W60_T2.0_D25,61259,95,0.260
BL_W60_T2.0_D25,55790,121,0.126
BL_W60_T2.0_D25,56140,117,0.126
BL_W60_T2.0_D25,62337,89,0.126
BL_W60_T2.0_D25,65816,73,0.126
BL_W60_T2.0_D25,66894,69,0.050
BL_W60_T2.0_D25,56990,115,0.010
BL_W60_T2.0_D25,63464,83,0.010
BL_W60_T2.0_D30,53640,131,0.340
BL_W60_T2.0_D30,60181,99,0.340
BL_W60_T2.0_D30,54790,124,0.260
BL_W60_T2.0_D30,61259,95,0.260
BL_W60_T2.0_D30,55790,121,0.126
BL_W60_T2.0_D30,56140,117,0.126
BL_W60_T2.0_D30,62337,89,0.126
BL_W60_T2.0_D30,65816,73,0.126
BL_W60_T2.0_D30,66894,69,0.050
BL_W60_T2.0_D30,56990,115,0.010
BL_W60_T2.0_D30,63464,83,0.010
BL_W60_T2.0_D40,60181,99,0.340
BL_W60_T2.0_D40,54840,124,0.260
BL_W60_T2.0_D40,61259,95,0.260
BL_W60_T2.0_D40,55790,121,0.126
BL_W60_T2.0_D40,56140,117,0.126
BL_W60_T2.0_D40,62337,89,0.126
BL_W60_T2.0_D40,65816,73,0.126
BL_W60_T2.0_D40,66894,69,0.050
BL_W60_T2.0_D40,56990,115,0.010
BL_W60_T2.0_D40,63464,83,0.010
BL_W60_T2.2_D2,53490,132,0.340
BL_W60_T2.2_D2,60181,99,0.340
BL_W60_T2.2_D2,54790,124,0.260
BL_W60_T2.2_D2,61308,95,0.260
BL_W60_T2.2_D2,55790,121,0.126
BL_W60_T2.2_D2,56140,117,0.126
BL_W60_T2.2_D2,62337,89,0.126
BL_W60_T2.2_D2,66894,69,0.050
BL_W60_T2.2_D2,56990,115,0.010
BL_W60_T2.2_D2,63464,83,0.010
BL_W60_T2.2_D4,53490,132,0.340
BL_W60_T2.2_D4,60181,99,0.340
BL_W60_T2.2_D4,54790,124,0.260
BL_W60_T2.2_D4,61308,95,0.260
BL_W60_T2.2_D4,55790,121,0.126
BL_W60_T2.2_D4,56140,117,0.126
BL_W60_T2.2_D4,62337,89,0.126
BL_W60_T2.2_D4,66894,69,0.050
BL_W60_T2.2_D4,56990,115,0.010
BL_W60_T2.2_D4,63464,83,0.010
BL_W60_T2.2_D6,53490,132,0.340
BL_W60_T2.2_D6,60181,99,0.340
BL_W60_T2.2_D6,54790,124,0.260
BL_W60_T2.2_D6,61308,95,0.260
BL_W60_T2.2_D6,55790,121,0.126
BL_W60_T2.2_D6,56140,117,0.126
BL_W60_T2.2_D6,62337,89,0.126
BL_W60_T2.2_D6,66894,69,0.050
BL_W60_T2.2_D6,56990,115,0.010
BL_W60_T2.2_D6,63464,83,0.010
BL_W60_T2.2_D8,53490,132,0.340
BL_W60_T2.2_D8,60181,99,0.340
BL_W60_T2.2_D8,54790,124,0.260
BL_W60_T2.2_D8,61308,95,0.260
BL_W60_T2.2_D8,55790,121,0.126
BL_W60_T2.2_D8,56140,117,0.126
BL_W60_T2.2_D8,62337,89,0.126
BL_W60_T2.2_D8,66894,69,0.050
BL_W60_T2.2_D8,47990,164,0.010
BL_W60_T2.2_D8,56990,115,0.010
BL_W60_T2.2_D8,63464,83,0.010
BL_W60_T2.2_D10,53490,132,0.340
BL_W60_T2.2_D10,60181,99,0.340
BL_W60_T2.2_D10,54790,124,0.260
BL_W60_T2.2_D10,61308,95,0.260
BL_W60_T2.2_D10,55790,121,0.126
BL_W60_T2.2_D10,56140,117,0.126
BL_W60_T2.2_D10,62337,89,0.126
BL_W60_T2.2_D10,66894,69,0.050
BL_W60_T2.2_D10,47990,164,0.010
BL_W60_T2.2_D10,56990,115,0.010
BL_W60_T2.2_D10,63464,83,0.010
BL_W60_T2.2_D15,53540,131,0.340
BL_W60_T2.2_D15,60181,99,0.340
BL_W60_T2.2_D15,54740,125,0.260
BL_W60_T2.2_D15,61308,95,0.260
BL_W60_T2.2_D15,55790,121,0.126
BL_W60_T2.2_D15,56140,117,0.126
BL_W60_T2.2_D15,62337,89,0.126
BL_W60_T2.2_D15,66894,69,0.050
BL_W60_T2.2_D15,56990,115,0.010
BL_W60_T2.2_D15,63464,83,0.010
BL_W60_T2.2_D20,53540,131,0.340
BL_W60_T2.2_D20,60181,99,0.340
BL_W60_T2.2_D20,54740,125,0.260
BL_W60_T2.2_D20,61308,95,0.260
BL_W60_T2.2_D20,55790,121,0.126
BL_W60_T2.2_D20,56140,117,0.126
BL_W60_T2.2_D20,62337,89,0.126
BL_W60_T2.2_D20,66894,69,0.050
BL_W60_T2.2_D20,56990,115,0.010
BL_W60_T2.2_D20,63464,83,0.010
BL_W60_T2.2_D25,53590,131,0.340
BL_W60_T2.2_D25,60181,99,0.340
BL_W60_T2.2_D25,54740,125,0.260
BL_W60_T2.2_D25,61308,95,0.260
BL_W60_T2.2_D25,55790,121,0.126
BL_W60_T2.2_D25,56140,117,0.126
BL_W60_T2.2_D25,62337,89,0.126
BL_W60_T2.2_D25,66894,69,0.050
BL_W60_T2.2_D25,56990,115,0.010
BL_W60_T2.2_D25,63464,83,0.010
BL_W60_T2.2_D30,53640,131,0.340
BL_W60_T2.2_D30,60181,99,0.340
BL_W60_T2.2_D30,54790,124,0.260
BL_W60_T2.2_D30,61308,95,0.260
BL_W60_T2.2_D30,55790,121,0.126
BL_W60_T2.2_D30,56140,117,0.126
BL_W60_T2.2_D30,62337,89,0.126
BL_W60_T2.2_D30,66894,69,0.050
BL_W60_T2.2_D30,56990,115,0.010
BL_W60_T2.2_D30,63464,83,0.010
BL_W60_T2.2_D40,60181,99,0.340
BL_W60_T2.2_D40,54840,124,0.260
BL_W60_T2.2_D40,61308,95,0.260
BL_W60_T2.2_D40,55790,121,0.126
BL_W60_T2.2_D40,56140,117,0.126
BL_W60_T2.2_D40,62337,89,0.126
BL_W60_T2.2_D40,66894,69,0.050
BL_W60_T2.2_D40,56990,115,0.010
BL_W60_T2.2_D40,63464,83,0.010
BL_W60_T2.4_D2,53490,132,0.340
BL_W60_T2.4_D2,60181,99,0.340
BL_W60_T2.4_D2,54790,124,0.260
BL_W60_T2.4_D2,61308,95,0.260
BL_W60_T2.4_D2,55790,121,0.126
BL_W60_T2.4_D2,56140,117,0.126
BL_W60_T2.4_D2,62386,89,0.126
BL_W60_T2.4_D2,66894,69,0.050
BL_W60_T2.4_D2,57040,114,0.010
BL_W60_T2.4_D2,63464,83,0.010
BL_W60_T2.4_D4,53490,132,0.340
BL_W60_T2.4_D4,60181,99,0.340
BL_W60_T2.4_D4,54790,124,0.260
BL_W60_T2.4_D4,61308,95,0.260
BL_W60_T2.4_D4,55790,121,0.126
BL_W60_T2.4_D4,56140,117,0.126
BL_W60_T2.4_D4,62386,89,0.126
BL_W60_T2.4_D4,66894,69,0.050
BL_W60_T2.4_D4,57040,114,0.010
BL_W60_T2.4_D4,63464,83,0.010
BL_W60_T2.4_D6,53490,132,0.340
BL_W60_T2.4_D6,60181,99,0.340
BL_W60_T2.4_D6,54790,124,0.260
BL_W60_T2.4_D6,61308,95,0.260
BL_W60_T2.4_D6,55790,121,0.126
BL_W60_T2.4_D6,56140,117,0.126
BL_W60_T2.4_D6,62386,89,0.126
BL_W60_T2.4_D6,66894,69,0.050
BL_W60_T2.4_D6,57040,114,0.010
BL_W60_T2.4_D6,63464,83,0.010
BL_W60_T2.4_D8,53490,132,0.340
BL_W60_T2.4_D8,60181,99,0.340
BL_W60_T2.4_D8,54790,124,0.260
BL_W60_T2.4_D8,61308,95,0.260
BL_W60_T2.4_D8,55790,121,0.126
BL_W60_T2.4_D8,56140,117,0.126
BL_W60_T2.4_D8,62386,89,0.126
BL_W60_T2.4_D8,66894,69,0.050
BL_W60_T2.4_D8,47990,164,0.010
BL_W60_T2.4_D8,57040,114,0.010
BL_W60_T2.4_D8,63464,83,0.010
BL_W60_T2.4_D10,53490,132,0.340
BL_W60_T2.4_D10,60181,99,0.340
BL_W60_T2.4_D10,54790,124,0.260
BL_W60_T2.4_D10,61308,95,0.260
BL_W60_T2.4_D10,55790,121,0.126
BL_W60_T2.4_D10,56140,117,0.126
BL_W60_T2.4_D10,62386,89,0.126
BL_W60_T2.4_D10,66894,69,0.050
BL_W60_T2.4_D10,47990,164,0.010
BL_W60_T2.4_D10,57040,114,0.010
BL_W60_T2.4_D10,63464,83,0.010
BL_W60_T2.4_D15,53540,131,0.340
BL_W60_T2.4_D15,60181,99,0.340
BL_W60_T2.4_D15,54740,125,0.260
BL_W60_T2.4_D15,61308,95,0.260
BL_W60_T2.4_D15,55790,121,0.126
BL_W60_T2.4_D15,56140,117,0.126
BL_W60_T2.4_D15,62386,89,0.126
BL_W60_T2.4_D15,66894,69,0.050
BL_W60_T2.4_D15,57040,114,0.010
BL_W60_T2.4_D15,63464,83,0.010
BL_W60_T2.4_D20,53540,131,0.340
BL_W60_T2.4_D20,60181,99,0.340
BL_W60_T2.4_D20,54740,125,0.260
BL_W60_T2.4_D20,61308,95,0.260
BL_W60_T2.4_D20,55790,121,0.126
BL_W60_T2.4_D20,56140,117,0.126
BL_W60_T2.4_D20,62386,89,0.126
BL_W60_T2.4_D20,66894,69,0.050
BL_W60_T2.4_D20,57040,114,0.010
BL_W60_T2.4_D20,63464,83,0.010
BL_W60_T2.4_D25,53590,131,0.340
BL_W60_T2.4_D25,60181,99,0.340
BL_W60_T2.4_D25,54740,125,0.260
BL_W60_T2.4_D25,61308,95,0.260
BL_W60_T2.4_D25,55790,121,0.126
BL_W60_T2.4_D25,56140,117,0.126
BL_W60_T2.4_D25,62386,89,0.126
BL_W60_T2.4_D25,66894,69,0.050
BL_W60_T2.4_D25,57040,114,0.010
BL_W60_T2.4_D25,63464,83,0.010
BL_W60_T2.4_D30,53640,131,0.340
BL_W60_T2.4_D30,60181,99,0.340
BL_W60_T2.4_D30,54790,124,0.260
BL_W60_T2.4_D30,61308,95,0.260
BL_W60_T2.4_D30,55790,121,0.126
BL_W60_T2.4_D30,56140,117,0.126
BL_W60_T2.4_D30,62386,89,0.126
BL_W60_T2.4_D30,66894,69,0.050
BL_W60_T2.4_D30,57040,114,0.010
BL_W60_T2.4_D30,63464,83,0.010
BL_W60_T2.4_D40,60181,99,0.340
BL_W60_T2.4_D40,54840,124,0.260
BL_W60_T2.4_D40,61308,95,0.260
BL_W60_T2.4_D40,55790,121,0.126
BL_W60_T2.4_D40,56140,117,0.126
BL_W60_T2.4_D40,62386,89,0.126
BL_W60_T2.4_D40,66894,69,0.050
BL_W60_T2.4_D40,57040,114,0.010
BL_W60_T2.4_D40,63464,83,0.010
BL_W60_T2.6_D2,53490,132,0.340
BL_W60_T2.6_D2,54790,124,0.260
BL_W60_T2.6_D2,55790,121,0.126
BL_W60_T2.6_D2,66943,68,0.050
BL_W60_T2.6_D2,57040,114,0.010
BL_W60_T2.6_D2,60230,99,0.010
BL_W60_T2.6_D4,53490,132,0.340
BL_W60_T2.6_D4,54790,124,0.260
BL_W60_T2.6_D4,55790,121,0.126
BL_W60_T2.6_D4,66943,68,0.050
BL_W60_T2.6_D4,57040,114,0.010
BL_W60_T2.6_D4,60230,99,0.010
BL_W60_T2.6_D6,53490,132,0.340
BL_W60_T2.6_D6,54790,124,0.260
BL_W60_T2.6_D6,55790,121,0.126
BL_W60_T2.6_D6,66943,68,0.050
BL_W60_T2.6_D6,57040,114,0.010
BL_W60_T2.6_D6,60230,99,0.010
BL_W60_T2.6_D8,53490,132,0.340
BL_W60_T2.6_D8,54790,124,0.260
BL_W60_T2.6_D8,55790,121,0.126
BL_W60_T2.6_D8,66943,68,0.050
BL_W60_T2.6_D8,47990,164,0.010
BL_W60_T2.6_D8,57040,114,0.010
BL_W60_T2.6_D8,60230,99,0.010
BL_W60_T2.6_D10,53490,132,0.340
BL_W60_T2.6_D10,54790,124,0.260
BL_W60_T2.6_D10,55790,121,0.126
BL_W60_T2.6_D10,66943,68,0.050
BL_W60_T2.6_D10,47990,164,0.010
BL_W60_T2.6_D10,57040,114,0.010
BL_W60_T2.6_D10,60230,99,0.010
BL_W60_T2.6_D15,53540,131,0.340
BL_W60_T2.6_D15,54740,125,0.260
BL_W60_T2.6_D15,55790,121,0.126
BL_W60_T2.6_D15,66943,68,0.050
BL_W60_T2.6_D15,57040,114,0.010
BL_W60_T2.6_D15,60230,99,0.010
BL_W60_T2.6_D20,53540,131,0.340
BL_W60_T2.6_D20,54740,125,0.260
BL_W60_T2.6_D20,55790,121,0.126
BL_W60_T2.6_D20,66943,68,0.050
BL_W60_T2.6_D20,57040,114,0.010
BL_W60_T2.6_D20,60230,99,0.010
BL_W60_T2.6_D25,53590,131,0.340
BL_W60_T2.6_D25,54740,125,0.260
BL_W60_T2.6_D25,55790,121,0.126
BL_W60_T2.6_D25,66943,68,0.050
BL_W60_T2.6_D25,57040,114,0.010
BL_W60_T2.6_D25,60230,99,0.010
BL_W60_T2.6_D30,53640,131,0.340
BL_W60_T2.6_D30,54790,124,0.260
BL_W60_T2.6_D30,55790,121,0.126
BL_W60_T2.6_D30,66943,68,0.050
BL_W60_T2.6_D30,57040,114,0.010
BL_W60_T2.6_D30,60230,99,0.010
BL_W60_T2.6_D40,54840,124,0.260
BL_W60_T2.6_D40,55790,121,0.126
BL_W60_T2.6_D40,66943,68,0.050
BL_W60_T2.6_D40,57040,114,0.010
BL_W60_T2.6_D40,60230,99,0.010
BL_W60_T2.8_D2,53490,132,0.260
BL_W60_T2.8_D2,54840,124,0.126
BL_W60_T2.8_D2,55840,121,0.050
BL_W60_T2.8_D4,53490,132,0.260
BL_W60_T2.8_D4,54840,124,0.126
BL_W60_T2.8_D4,55840,121,0.050
BL_W60_T2.8_D6,53490,132,0.260
BL_W60_T2.8_D6,54840,124,0.126
BL_W60_T2.8_D6,55840,121,0.050
BL_W60_T2.8_D8,53490,132,0.260
BL_W60_T2.8_D8,54840,124,0.126
BL_W60_T2.8_D8,55840,121,0.050
BL_W60_T2.8_D8,47990,164,0.010
BL_W60_T2.8_D10,53490,132,0.260
BL_W60_T2.8_D10,54840,124,0.126
BL_W60_T2.8_D10,55840,121,0.050
BL_W60_T2.8_D10,47990,164,0.010
BL_W60_T2.8_D15,53540,131,0.260
BL_W60_T2.8_D15,54740,125,0.126
BL_W60_T2.8_D15,55840,121,0.050
BL_W60_T2.8_D20,53540,131,0.260
BL_W60_T2.8_D20,54740,125,0.126
BL_W60_T2.8_D20,55840,121,0.050
BL_W60_T2.8_D25,53590,131,0.260
BL_W60_T2.8_D25,54740,125,0.126
BL_W60_T2.8_D25,55790,121,0.050
BL_W60_T2.8_D30,53640,131,0.260
BL_W60_T2.8_D30,54790,124,0.126
BL_W60_T2.8_D30,55790,121,0.050
BL_W60_T2.8_D40,54840,124,0.126
BL_W60_T2.8_D40,55790,121,0.050
BL_W60_T3.0_D2,55840,121,0.050
BL_W60_T3.0_D2,53540,131,0.010
BL_W60_T3.0_D4,55840,121,0.050
BL_W60_T3.0_D4,53490,132,0.010
BL_W60_T3.0_D6,55840,121,0.050
BL_W60_T3.0_D6,53490,132,0.010
BL_W60_T3.0_D8,55840,121,0.050
BL_W60_T3.0_D8,47990,164,0.010
BL_W60_T3.0_D8,53490,132,0.010
BL_W60_T3.0_D10,55840,121,0.050
BL_W60_T3.0_D10,47990,164,0.010
BL_W60_T3.0_D10,53490,132,0.010
BL_W60_T3.0_D15,53540,131,0.260
BL_W60_T3.0_D15,54740,125,0.126
BL_W60_T3.0_D15,55840,121,0.050
BL_W60_T3.0_D20,53540,131,0.260
BL_W60_T3.0_D20,54740,125,0.126
BL_W60_T3.0_D20,55840,121,0.050
BL_W60_T3.0_D25,53590,131,0.260
BL_W60_T3.0_D25,54740,125,0.126
BL_W60_T3.0_D25,55790,121,0.050
BL_W60_T3.0_D30,53640,131,0.260
BL_W60_T3.0_D30,54790,124,0.126
BL_W60_T3.0_D30,55790,121,0.050
BL_W60_T3.0_D40,54840,124,0.126
BL_W60_T3.0_D40,55790,121,0.050
BL_W70_T1.0_D2,51540,143,1.200
BL_W70_T1.0_D2,52440,137,1.140
BL_W70_T1.0_D2,53440,132,1.060
BL_W70_T1.0_D2,53790,130,1.060
BL_W70_T1.0_D2,54690,125,0.980
BL_W70_T1.0_D2,55040,123,0.980
BL_W70_T1.0_D2,55790,121,0.900
BL_W70_T1.0_D2,56140,117,0.900
BL_W70_T1.0_D2,56940,116,0.820
BL_W70_T1.0_D2,58040,110,0.740
BL_W70_T1.0_D2,59040,105,0.660
BL_W70_T1.0_D2,60132,100,0.580
BL_W70_T1.0_D2,61210,96,0.500
BL_W70_T1.0_D2,62288,89,0.420
BL_W70_T1.0_D2,63366,84,0.340
BL_W70_T1.0_D2,64640,78,0.260
BL_W70_T1.0_D2,65767,74,0.126
BL_W70_T1.0_D2,66845,69,0.050
BL_W70_T1.0_D2,47990,164,0.010
BL_W70_T1.0_D4,51540,143,1.200
BL_W70_T1.0_D4,52440,137,1.140
BL_W70_T1.0_D4,53440,132,1.060
BL_W70_T1.0_D4,53790,130,1.060
BL_W70_T1.0_D4,54690,125,0.980
BL_W70_T1.0_D4,55040,123,0.980
BL_W70_T1.0_D4,55790,121,0.900
BL_W70_T1.0_D4,56140,117,0.900
BL_W70_T1.0_D4,56940,116,0.820
BL_W70_T1.0_D4,58040,110,0.740
BL_W70_T1.0_D4,59040,105,0.660
BL_W70_T1.0_D4,60132,100,0.580
BL_W70_T1.0_D4,61210,96,0.500
BL_W70_T1.0_D4,62288,89,0.420
BL_W70_T1.0_D4,63366,84,0.340
BL_W70_T1.0_D4,64640,78,0.260
BL_W70_T1.0_D4,65767,74,0.126
BL_W70_T1.0_D4,66845,69,0.050
BL_W70_T1.0_D4,47990,164,0.010
BL_W70_T1.0_D6,53490,132,1.060
BL_W70_T1.0_D6,54690,125,0.980
BL_W70_T1.0_D6,55040,123,0.980
BL_W70_T1.0_D6,55790,121,0.900
BL_W70_T1.0_D6,56140,117,0.900
BL_W70_T1.0_D6,56940,116,0.820
BL_W70_T1.0_D6,58040,110,0.740
BL_W70_T1.0_D6,59040,105,0.660
BL_W70_T1.0_D6,60132,100,0.580
BL_W70_T1.0_D6,61210,96,0.500
BL_W70_T1.0_D6,62288,89,0.420
BL_W70_T1.0_D6,63366,84,0.340
BL_W70_T1.0_D6,64640,78,0.260
BL_W70_T1.0_D6,65767,74,0.126
BL_W70_T1.0_D6,66845,69,0.050
BL_W70_T1.0_D6,47990,164,0.010
BL_W70_T1.0_D8,53490,132,1.060
BL_W70_T1.0_D8,54690,125,0.980
BL_W70_T1.0_D8,55040,123,0.980
BL_W70_T1.0_D8,55790,121,0.900
BL_W70_T1.0_D8,56140,117,0.900
BL_W70_T1.0_D8,56940,116,0.820
BL_W70_T1.0_D8,58040,110,0.740
BL_W70_T1.0_D8,59040,105,0.660
BL_W70_T1.0_D8,60132,100,0.580
BL_W70_T1.0_D8,61210,96,0.500
BL_W70_T1.0_D8,62288,89,0.420
BL_W70_T1.0_D8,63366,84,0.340
BL_W70_T1.0_D8,64640,78,0.260
BL_W70_T1.0_D8,65767,74,0.126
BL_W70_T1.0_D8,66845,69,0.050
BL_W70_T1.0_D8,47990,164,0.010
BL_W70_T1.0_D10,53490,132,1.060
BL_W70_T1.0_D10,54690,125,0.980
BL_W70_T1.0_D10,55040,123,0.980
BL_W70_T1.0_D10,55790,121,0.900
BL_W70_T1.0_D10,56140,117,0.900
BL_W70_T1.0_D10,56940,116,0.820
BL_W70_T1.0_D10,58040,110,0.740
BL_W70_T1.0_D10,59040,105,0.660
BL_W70_T1.0_D10,60132,100,0.580
BL_W70_T1.0_D10,61210,96,0.500
BL_W70_T1.0_D10,62288,89,0.420
BL_W70_T1.0_D10,63366,84,0.340
BL_W70_T1.0_D10,64640,78,0.260
BL_W70_T1.0_D10,65767,74,0.126
BL_W70_T1.0_D10,66845,69,0.050
BL_W70_T1.0_D10,47990,164,0.010
BL_W70_T1.0_D15,53540,131,1.060
BL_W70_T1.0_D15,54740,125,0.980
BL_W70_T1.0_D15,55790,121,0.900
BL_W70_T1.0_D15,56140,117,0.900
BL_W70_T1.0_D15,56940,116,0.820
BL_W70_T1.0_D15,58040,110,0.740
BL_W70_T1.0_D15,59040,105,0.660
BL_W70_T1.0_D15,60132,100,0.580
BL_W70_T1.0_D15,61210,96,0.500
BL_W70_T1.0_D15,62288,89,0.420
BL_W70_T1.0_D15,63366,84,0.340
BL_W70_T1.0_D15,64640,78,0.260
BL_W70_T1.0_D15,65767,74,0.126
BL_W70_T1.0_D15,66845,69,0.050
BL_W70_T1.0_D20,53540,131,1.060
BL_W70_T1.0_D20,54740,125,0.980
BL_W70_T1.0_D20,55790,121,0.900
BL_W70_T1.0_D20,56140,117,0.900
BL_W70_T1.0_D20,56940,116,0.820
BL_W70_T1.0_D20,58040,110,0.740
BL_W70_T1.0_D20,59040,105,0.660
BL_W70_T1.0_D20,60132,100,0.580
BL_W70_T1.0_D20,61210,96,0.500
BL_W70_T1.0_D20,62288,89,0.420
BL_W70_T1.0_D20,63366,84,0.340
BL_W70_T1.0_D20,64640,78,0.260
BL_W70_T1.0_D20,65767,74,0.126
BL_W70_T1.0_D20,66845,69,0.050
BL_W70_T1.0_D25,53590,131,1.060
BL_W70_T1.0_D25,54740,125,0.980
BL_W70_T1.0_D25,55790,121,0.900
BL_W70_T1.0_D25,56140,117,0.900
BL_W70_T1.0_D25,56940,116,0.820
BL_W70_T1.0_D25,58040,110,0.740
BL_W70_T1.0_D25,59040,105,0.660
BL_W70_T1.0_D25,60132,100,0.580
BL_W70_T1.0_D25,61210,96,0.500
BL_W70_T1.0_D25,62288,89,0.420
BL_W70_T1.0_D25,63366,84,0.340
BL_W70_T1.0_D25,64640,78,0.260
BL_W70_T1.0_D25,65767,74,0.126
BL_W70_T1.0_D25,66845,69,0.050
BL_W70_T1.0_D30,53640,131,1.060
BL_W70_T1.0_D30,54790,124,0.980
BL_W70_T1.0_D30,55790,121,0.900
BL_W70_T1.0_D30,56140,117,0.900
BL_W70_T1.0_D30,56940,116,0.820
BL_W70_T1.0_D30,58040,110,0.740
BL_W70_T1.0_D30,59040,105,0.660
BL_W70_T1.0_D30,60132,100,0.580
BL_W70_T1.0_D30,61210,96,0.500
BL_W70_T1.0_D30,62288,89,0.420
BL_W70_T1.0_D30,63366,84,0.340
BL_W70_T1.0_D30,64640,78,0.260
BL_W70_T1.0_D30,65767,74,0.126
BL_W70_T1.0_D30,66845,69,0.050
BL_W70_T1.0_D40,54840,124,0.980
BL_W70_T1.0_D40,55790,121,0.900
BL_W70_T1.0_D40,56140,117,0.900
BL_W70_T1.0_D40,56940,116,0.820
BL_W70_T1.0_D40,58040,110,0.740
BL_W70_T1.0_D40,59040,105,0.660
BL_W70_T1.0_D40,60132,100,0.580
BL_W70_T1.0_D40,61210,96,0.500
BL_W70_T1.0_D40,62288,89,0.420
BL_W70_T1.0_D40,63366,84,0.340
BL_W70_T1.0_D40,64640,78,0.260
BL_W70_T1.0_D40,65767,74,0.126
BL_W70_T1.0_D40,66845,69,0.050
BL_W70_T1.2_D2,52440,137,1.140
BL_W70_T1.2_D2,53490,132,1.060
BL_W70_T1.2_D2,54740,125,0.980
BL_W70_T1.2_D2,55790,121,0.900
BL_W70_T1.2_D2,56140,117,0.900
BL_W70_T1.2_D2,56940,116,0.820
BL_W70_T1.2_D2,58090,109,0.740
BL_W70_T1.2_D2,59040,105,0.660
BL_W70_T1.2_D2,60132,100,0.580
BL_W70_T1.2_D2,61259,95,0.500
BL_W70_T1.2_D2,62288,89,0.420
BL_W70_T1.2_D2,63415,83,0.340
BL_W70_T1.2_D2,64640,78,0.260
BL_W70_T1.2_D2,65767,74,0.126
BL_W70_T1.2_D2,66845,69,0.050
BL_W70_T1.2_D2,47990,164,0.010
BL_W70_T1.2_D4,52440,137,1.140
BL_W70_T1.2_D4,53440,132,1.060
BL_W70_T1.2_D4,53790,130,1.060
BL_W70_T1.2_D4,54740,125,0.980
BL_W70_T1.2_D4,55790,121,0.900
BL_W70_T1.2_D4,56140,117,0.900
BL_W70_T1.2_D4,56940,116,0.820
BL_W70_T1.2_D4,58090,109,0.740
BL_W70_T1.2_D4,59040,105,0.660
BL_W70_T1.2_D4,60132,100,0.580
BL_W70_T1.2_D4,61259,95,0.500
BL_W70_T1.2_D4,62288,89,0.420
BL_W70_T1.2_D4,63415,83,0.340
BL_W70_T1.2_D4,64640,78,0.260
BL_W70_T1.2_D4,65767,74,0.126
BL_W70_T1.2_D4,66845,69,0.050
BL_W70_T1.2_D4,47990,164,0.010
BL_W70_T1.2_D6,53490,132,1.060
BL_W70_T1.2_D6,54740,125,0.980
BL_W70_T1.2_D6,55790,121,0.900
BL_W70_T1.2_D6,56140,117,0.900
BL_W70_T1.2_D6,56940,116,0.820
BL_W70_T1.2_D6,58090,109,0.740
BL_W70_T1.2_D6,59040,105,0.660
BL_W70_T1.2_D6,60132,100,0.580
BL_W70_T1.2_D6,61259,95,0.500
BL_W70_T1.2_D6,62288,89,0.420
BL_W70_T1.2_D6,63415,83,0.340
BL_W70_T1.2_D6,64640,78,0.260
BL_W70_T1.2_D6,65767,74,0.126
BL_W70_T1.2_D6,66845,69,0.050
BL_W70_T1.2_D6,47990,164,0.010
BL_W70_T1.2_D8,53490,132,1.060
BL_W70_T1.2_D8,54740,125,0.980
BL_W70_T1.2_D8,55790,121,0.900
BL_W70_T1.2_D8,56140,117,0.900
BL_W70_T1.2_D8,56940,116,0.820
BL_W70_T1.2_D8,58090,109,0.740
BL_W70_T1.2_D8,59040,105,0.660
BL_W70_T1.2_D8,60132,100,0.580
BL_W70_T1.2_D8,61259,95,0.500
BL_W70_T1.2_D8,62288,89,0.420
BL_W70_T1.2_D8,63415,83,0.340
BL_W70_T1.2_D8,64640,78,0.260
BL_W70_T1.2_D8,65767,74,0.126
BL_W70_T1.2_D8,66845,69,0.050
BL_W70_T1.2_D8,47990,164,0.010
BL_W70_T1.2_D10,53490,132,1.060
BL_W70_T1.2_D10,54740,125,0.980
BL_W70_T1.2_D10,55790,121,0.900
BL_W70_T1.2_D10,56140,117,0.900
BL_W70_T1.2_D10,56940,116,0.820
BL_W70_T1.2_D10,58090,109,0.740
BL_W70_T1.2_D10,59040,105,0.660
BL_W70_T1.2_D10,60132,100,0.580
BL_W70_T1.2_D10,61259,95,0.500
BL_W70_T1.2_D10,62288,89,0.420
BL_W70_T1.2_D10,63415,83,0.340
BL_W70_T1.2_D10,64640,78,0.260
BL_W70_T1.2_D10,65767,74,0.126
BL_W70_T1.2_D10,66845,69,0.050
BL_W70_T1.2_D10,47990,164,0.010
BL_W70_T1.2_D15,53540,131,1.060
BL_W70_T1.2_D15,54740,125,0.980
BL_W70_T1.2_D15,55790,121,0.900
BL_W70_T1.2_D15,56140,117,0.900
BL_W70_T1.2_D15,56940,116,0.820
BL_W70_T1.2_D15,58090,109,0.740
BL_W70_T1.2_D15,59040,105,0.660
BL_W70_T1.2_D15,60132,100,0.580
BL_W70_T1.2_D15,61259,95,0.500
BL_W70_T1.2_D15,62288,89,0.420
BL_W70_T1.2_D15,63415,83,0.340
BL_W70_T1.2_D15,64640,78,0.260
BL_W70_T1.2_D15,65767,74,0.126
BL_W70_T1.2_D15,66845,69,0.050
BL_W70_T1.2_D20,53540,131,1.060
BL_W70_T1.2_D20,54740,125,0.980
BL_W70_T1.2_D20,55790,121,0.900
BL_W70_T1.2_D20,56140,117,0.900
BL_W70_T1.2_D20,56940,116,0.820
BL_W70_T1.2_D20,58090,109,0.740
BL_W70_T1.2_D20,59040,105,0.660
BL_W70_T1.2_D20,60132,100,0.580
BL_W70_T1.2_D20,61259,95,0.500
BL_W70_T1.2_D20,62288,89,0.420
BL_W70_T1.2_D20,63415,83,0.340
BL_W70_T1.2_D20,64640,78,0.260
BL_W70_T1.2_D20,65767,74,0.126
BL_W70_T1.2_D20,66845,69,0.050
BL_W70_T1.2_D25,53590,131,1.060
BL_W70_T1.2_D25,54740,125,0.980
BL_W70_T1.2_D25,55790,121,0.900
BL_W70_T1.2_D25,56140,117,0.900
BL_W70_T1.2_D25,56940,116,0.820
BL_W70_T1.2_D25,58090,109,0.740
BL_W70_T1.2_D25,59040,105,0.660
BL_W70_T1.2_D25,60132,100,0.580
BL_W70_T1.2_D25,61259,95,0.500
BL_W70_T1.2_D25,62288,89,0.420
BL_W70_T1.2_D25,63415,83,0.340
BL_W70_T1.2_D25,64640,78,0.260
BL_W70_T1.2_D25,65767,74,0.126
BL_W70_T1.2_D25,66845,69,0.050
BL_W70_T1.2_D30,53640,131,1.060
BL_W70_T1.2_D30,54790,124,0.980
BL_W70_T1.2_D30,55790,121,0.900
BL_W70_T1.2_D30,56140,117,0.900
BL_W70_T1.2_D30,56940,116,0.820
BL_W70_T1.2_D30,58090,109,0.740
BL_W70_T1.2_D30,59040,105,0.660
BL_W70_T1.2_D30,60132,100,0.580
BL_W70_T1.2_D30,61259,95,0.500
BL_W70_T1.2_D30,62288,89,0.420
BL_W70_T1.2_D30,63415,83,0.340
BL_W70_T1.2_D30,64640,78,0.260
BL_W70_T1.2_D30,65767,74,0.126
BL_W70_T1.2_D30,66845,69,0.050
BL_W70_T1.2_D40,54840,124,0.980
BL_W70_T1.2_D40,55790,121,0.900
BL_W70_T1.2_D40,56140,117,0.900
BL_W70_T1.2_D40,56940,116,0.820
BL_W70_T1.2_D40,58090,109,0.740
BL_W70_T1.2_D40,59040,105,0.660
BL_W70_T1.2_D40,60132,100,0.580
BL_W70_T1.2_D40,61259,95,0.500
BL_W70_T1.2_D40,62288,89,0.420
BL_W70_T1.2_D40,63415,83,0.340
BL_W70_T1.2_D40,64640,78,0.260
BL_W70_T1.2_D40,65767,74,0.126
BL_W70_T1.2_D40,66845,69,0.050
BL_W70_T1.4_D2,52490,137,1.140
BL_W70_T1.4_D2,53490,132,1.060
BL_W70_T1.4_D2,54740,125,0.980
BL_W70_T1.4_D2,55790,121,0.900
BL_W70_T1.4_D2,56140,117,0.900
BL_W70_T1.4_D2,56990,115,0.820
BL_W70_T1.4_D2,58090,109,0.740
BL_W70_T1.4_D2,59090,104,0.660
BL_W70_T1.4_D2,60132,100,0.580
BL_W70_T1.4_D2,61259,95,0.500
BL_W70_T1.4_D2,62288,89,0.420
BL_W70_T1.4_D2,63415,83,0.340
BL_W70_T1.4_D2,64640,78,0.260
BL_W70_T1.4_D2,65767,74,0.126
BL_W70_T1.4_D2,66845,69,0.050
BL_W70_T1.4_D2,47990,164,0.010
BL_W70_T1.4_D4,52440,137,1.140
BL_W70_T1.4_D4,53440,132,1.060
BL_W70_T1.4_D4,53790,130,1.060
BL_W70_T1.4_D4,54740,125,0.980
BL_W70_T1.4_D4,55790,121,0.900
BL_W70_T1.4_D4,56140,117,0.900
BL_W70_T1.4_D4,56990,115,0.820
BL_W70_T1.4_D4,58090,109,0.740
BL_W70_T1.4_D4,59090,104,0.660
BL_W70_T1.4_D4,60132,100,0.580
BL_W70_T1.4_D4,61259,95,0.500
BL_W70_T1.4_D4,62288,89,0.420
BL_W70_T1.4_D4,63415,83,0.340
BL_W70_T1.4_D4,64640,78,0.260
BL_W70_T1.4_D4,65767,74,0.126
BL_W70_T1.4_D4,66845,69,0.050
BL_W70_T1.4_D4,47990,164,0.010
BL_W70_T1.4_D6,53490,132,1.060
BL_W70_T1.4_D6,54740,125,0.980
BL_W70_T1.4_D6,55790,121,0.900
BL_W70_T1.4_D6,56140,117,0.900
BL_W70_T1.4_D6,56990,115,0.820
BL_W70_T1.4_D6,58090,109,0.740
BL_W70_T1.4_D6,59090,104,0.660
BL_W70_T1.4_D6,60132,100,0.580
BL_W70_T1.4_D6,61259,95,0.500
BL_W70_T1.4_D6,62288,89,0.420
BL_W70_T1.4_D6,63415,83,0.340
BL_W70_T1.4_D6,64640,78,0.260
BL_W70_T1.4_D6,65767,74,0.126
BL_W70_T1.4_D6,66845,69,0.050
BL_W70_T1.4_D6,47990,164,0.010
BL_W70_T1.4_D8,53490,132,1.060
BL_W70_T1.4_D8,54740,125,0.980
BL_W70_T1.4_D8,55790,121,0.900
BL_W70_T1.4_D8,56140,117,0.900
BL_W70_T1.4_D8,56990,115,0.820
BL_W70_T1.4_D8,58090,109,0.740
BL_W70_T1.4_D8,59090,104,0.660
BL_W70_T1.4_D8,60132,100,0.580
BL_W70_T1.4_D8,61259,95,0.500
BL_W70_T1.4_D8,62288,89,0.420
BL_W70_T1.4_D8,63415,83,0.340
BL_W70_T1.4_D8,64640,78,0.260
BL_W70_T1.4_D8,65767,74,0.126
BL_W70_T1.4_D8,66845,69,0.050
BL_W70_T1.4_D8,47990,164,0.010
BL_W70_T1.4_D10,53490,132,1.060
BL_W70_T1.4_D10,54740,125,0.980
BL_W70_T1.4_D10,55790,121,0.900
BL_W70_T1.4_D10,56140,117,0.900
BL_W70_T1.4_D10,56990,115,0.820
BL_W70_T1.4_D10,58090,109,0.740
BL_W70_T1.4_D10,59090,104,0.660
BL_W70_T1.4_D10,60132,100,0.580
BL_W70_T1.4_D10,61259,95,0.500
BL_W70_T1.4_D10,62288,89,0.420
BL_W70_T1.4_D10,63415,83,0.340
BL_W70_T1.4_D10,64640,78,0.260
BL_W70_T1.4_D10,65767,74,0.126
BL_W70_T1.4_D10,66845,69,0.050
BL_W70_T1.4_D10,47990,164,0.010
BL_W70_T1.4_D15,53540,131,1.060
BL_W70_T1.4_D15,54740,125,0.980
BL_W70_T1.4_D15,55790,121,0.900
BL_W70_T1.4_D15,56140,117,0.900
BL_W70_T1.4_D15,56990,115,0.820
BL_W70_T1.4_D15,58090,109,0.740
BL_W70_T1.4_D15,59090,104,0.660
BL_W70_T1.4_D15,60132,100,0.580
BL_W70_T1.4_D15,61259,95,0.500
BL_W70_T1.4_D15,62288,89,0.420
BL_W70_T1.4_D15,63415,83,0.340
BL_W70_T1.4_D15,64640,78,0.260
BL_W70_T1.4_D15,65767,74,0.126
BL_W70_T1.4_D15,66845,69,0.050
BL_W70_T1.4_D20,53540,131,1.060
BL_W70_T1.4_D20,54740,125,0.980
BL_W70_T1.4_D20,55790,121,0.900
BL_W70_T1.4_D20,56140,117,0.900
BL_W70_T1.4_D20,56990,115,0.820
BL_W70_T1.4_D20,58090,109,0.740
BL_W70_T1.4_D20,59090,104,0.660
BL_W70_T1.4_D20,60132,100,0.580
BL_W70_T1.4_D20,61259,95,0.500
BL_W70_T1.4_D20,62288,89,0.420
BL_W70_T1.4_D20,63415,83,0.340
BL_W70_T1.4_D20,64640,78,0.260
BL_W70_T1.4_D20,65767,74,0.126
BL_W70_T1.4_D20,66845,69,0.050
BL_W70_T1.4_D25,53590,131,1.060
BL_W70_T1.4_D25,54740,125,0.980
BL_W70_T1.4_D25,55790,121,0.900
BL_W70_T1.4_D25,56140,117,0.900
BL_W70_T1.4_D25,56990,115,0.820
BL_W70_T1.4_D25,58090,109,0.740
BL_W70_T1.4_D25,59090,104,0.660
BL_W70_T1.4_D25,60132,100,0.580
BL_W70_T1.4_D25,61259,95,0.500
BL_W70_T1.4_D25,62288,89,0.420
BL_W70_T1.4_D25,63415,83,0.340
BL_W70_T1.4_D25,64640,78,0.260
BL_W70_T1.4_D25,65767,74,0.126
BL_W70_T1.4_D25,66845,69,0.050
BL_W70_T1.4_D30,53640,131,1.060
BL_W70_T1.4_D30,54790,124,0.980
BL_W70_T1.4_D30,55790,121,0.900
BL_W70_T1.4_D30,56140,117,0.900
BL_W70_T1.4_D30,56990,115,0.820
BL_W70_T1.4_D30,58090,109,0.740
BL_W70_T1.4_D30,59090,104,0.660
BL_W70_T1.4_D30,60132,100,0.580
BL_W70_T1.4_D30,61259,95,0.500
BL_W70_T1.4_D30,62288,89,0.420
BL_W70_T1.4_D30,63415,83,0.340
BL_W70_T1.4_D30,64640,78,0.260
BL_W70_T1.4_D30,65767,74,0.126
BL_W70_T1.4_D30,66845,69,0.050
BL_W70_T1.4_D40,54840,124,0.980
BL_W70_T1.4_D40,55790,121,0.900
BL_W70_T1.4_D40,56140,117,0.900
BL_W70_T1.4_D40,56990,115,0.820
BL_W70_T1.4_D40,58090,109,0.740
BL_W70_T1.4_D40,59090,104,0.660
BL_W70_T1.4_D40,60132,100,0.580
BL_W70_T1.4_D40,61259,95,0.500
BL_W70_T1.4_D40,62288,89,0.420
BL_W70_T1.4_D40,63415,83,0.340
BL_W70_T1.4_D40,64640,78,0.260
BL_W70_T1.4_D40,65767,74,0.126
BL_W70_T1.4_D40,66845,69,0.050
BL_W70_T1.6_D2,53490,132,1.060
BL_W70_T1.6_D2,54740,125,0.980
BL_W70_T1.6_D2,55790,121,0.900
BL_W70_T1.6_D2,56140,117,0.900
BL_W70_T1.6_D2,56990,115,0.820
BL_W70_T1.6_D2,58140,109,0.740
BL_W70_T1.6_D2,59090,104,0.660
BL_W70_T1.6_D2,60132,100,0.580
BL_W70_T1.6_D2,61259,95,0.500
BL_W70_T1.6_D2,62337,89,0.420
BL_W70_T1.6_D2,63415,83,0.340
BL_W70_T1.6_D2,64689,78,0.260
BL_W70_T1.6_D2,65816,73,0.126
BL_W70_T1.6_D2,66894,69,0.050
BL_W70_T1.6_D2,48040,164,0.010
BL_W70_T1.6_D4,52440,137,1.140
BL_W70_T1.6_D4,53440,132,1.060
BL_W70_T1.6_D4,53790,130,1.060
BL_W70_T1.6_D4,54740,125,0.980
BL_W70_T1.6_D4,55790,121,0.900
BL_W70_T1.6_D4,56140,117,0.900
BL_W70_T1.6_D4,56990,115,0.820
BL_W70_T1.6_D4,58140,109,0.740
BL_W70_T1.6_D4,59090,104,0.660
BL_W70_T1.6_D4,60132,100,0.580
BL_W70_T1.6_D4,61259,95,0.500
BL_W70_T1.6_D4,62337,89,0.420
BL_W70_T1.6_D4,63415,83,0.340
BL_W70_T1.6_D4,64689,78,0.260
BL_W70_T1.6_D4,65816,73,0.126
BL_W70_T1.6_D4,66894,69,0.050
BL_W70_T1.6_D4,48040,164,0.010
BL_W70_T1.6_D6,53490,132,1.060
BL_W70_T1.6_D6,54740,125,0.980
BL_W70_T1.6_D6,55790,121,0.900
BL_W70_T1.6_D6,56140,117,0.900
BL_W70_T1.6_D6,56990,115,0.820
BL_W70_T1.6_D6,58140,109,0.740
BL_W70_T1.6_D6,59090,104,0.660
BL_W70_T1.6_D6,60132,100,0.580
BL_W70_T1.6_D6,61259,95,0.500
BL_W70_T1.6_D6,62337,89,0.420
BL_W70_T1.6_D6,63415,83,0.340
BL_W70_T1.6_D6,64689,78,0.260
BL_W70_T1.6_D6,65816,73,0.126
BL_W70_T1.6_D6,66894,69,0.050
BL_W70_T1.6_D6,48040,164,0.010
BL_W70_T1.6_D8,53490,132,1.060
BL_W70_T1.6_D8,54740,125,0.980
BL_W70_T1.6_D8,55790,121,0.900
BL_W70_T1.6_D8,56140,117,0.900
BL_W70_T1.6_D8,56990,115,0.820
BL_W70_T1.6_D8,58140,109,0.740
BL_W70_T1.6_D8,59090,104,0.660
BL_W70_T1.6_D8,60132,100,0.580
BL_W70_T1.6_D8,61259,95,0.500
BL_W70_T1.6_D8,62337,89,0.420
BL_W70_T1.6_D8,63415,83,0.340
BL_W70_T1.6_D8,64689,78,0.260
BL_W70_T1.6_D8,65816,73,0.126
BL_W70_T1.6_D8,66894,69,0.050
BL_W70_T1.6_D8,47990,164,0.010
BL_W70_T1.6_D10,53490,132,1.060
BL_W70_T1.6_D10,54740,125,0.980
BL_W70_T1.6_D10,55790,121,0.900
BL_W70_T1.6_D10,56140,117,0.900
BL_W70_T1.6_D10,56990,115,0.820
BL_W70_T1.6_D10,58140,109,0.740
BL_W70_T1.6_D10,59090,104,0.660
BL_W70_T1.6_D10,60132,100,0.580
BL_W70_T1.6_D10,61259,95,0.500
BL_W70_T1.6_D10,62337,89,0.420
BL_W70_T1.6_D10,63415,83,0.340
BL_W70_T1.6_D10,64689,78,0.260
BL_W70_T1.6_D10,65816,73,0.126
BL_W70_T1.6_D10,66894,69,0.050
BL_W70_T1.6_D10,47990,164,0.010
BL_W70_T1.6_D15,53540,131,1.060
BL_W70_T1.6_D15,54740,125,0.980
BL_W70_T1.6_D15,55790,121,0.900
BL_W70_T1.6_D15,56140,117,0.900
BL_W70_T1.6_D15,56990,115,0.820
BL_W70_T1.6_D15,58140,109,0.740
BL_W70_T1.6_D15,59090,104,0.660
BL_W70_T1.6_D15,60132,100,0.580
BL_W70_T1.6_D15,61259,95,0.500
BL_W70_T1.6_D15,62337,89,0.420
BL_W70_T1.6_D15,63415,83,0.340
BL_W70_T1.6_D15,64689,78,0.260
BL_W70_T1.6_D15,65816,73,0.126
BL_W70_T1.6_D15,66894,69,0.050
BL_W70_T1.6_D20,53540,131,1.060
BL_W70_T1.6_D20,54740,125,0.980
BL_W70_T1.6_D20,55790,121,0.900
BL_W70_T1.6_D20,56140,117,0.900
BL_W70_T1.6_D20,56990,115,0.820
BL_W70_T1.6_D20,58140,109,0.740
BL_W70_T1.6_D20,59090,104,0.660
BL_W70_T1.6_D20,60132,100,0.580
BL_W70_T1.6_D20,61259,95,0.500
BL_W70_T1.6_D20,62337,89,0.420
BL_W70_T1.6_D20,63415,83,0.340
BL_W70_T1.6_D20,64689,78,0.260
BL_W70_T1.6_D20,65816,73,0.126
BL_W70_T1.6_D20,66894,69,0.050
BL_W70_T1.6_D25,53590,131,1.060
BL_W70_T1.6_D25,54740,125,0.980
BL_W70_T1.6_D25,55790,121,0.900
BL_W70_T1.6_D25,56140,117,0.900
BL_W70_T1.6_D25,56990,115,0.820
BL_W70_T1.6_D25,58140,109,0.740
BL_W70_T1.6_D25,59090,104,0.660
BL_W70_T1.6_D25,60132,100,0.580
BL_W70_T1.6_D25,61259,95,0.500
BL_W70_T1.6_D25,62337,89,0.420
BL_W70_T1.6_D25,63415,83,0.340
BL_W70_T1.6_D25,64689,78,0.260
BL_W70_T1.6_D25,65816,73,0.126
BL_W70_T1.6_D25,66894,69,0.050
BL_W70_T1.6_D30,53640,131,1.060
BL_W70_T1.6_D30,54790,124,0.980
BL_W70_T1.6_D30,55790,121,0.900
BL_W70_T1.6_D30,56140,117,0.900
BL_W70_T1.6_D30,56990,115,0.820
BL_W70_T1.6_D30,58140,109,0.740
BL_W70_T1.6_D30,59090,104,0.660
BL_W70_T1.6_D30,60132,100,0.580
BL_W70_T1.6_D30,61259,95,0.500
BL_W70_T1.6_D30,62337,89,0.420
BL_W70_T1.6_D30,63415,83,0.340
BL_W70_T1.6_D30,64689,78,0.260
BL_W70_T1.6_D30,65816,73,0.126
BL_W70_T1.6_D30,66894,69,0.050
BL_W70_T1.6_D40,54840,124,0.980
BL_W70_T1.6_D40,55790,121,0.900
BL_W70_T1.6_D40,56140,117,0.900
BL_W70_T1.6_D40,56990,115,0.820
BL_W70_T1.6_D40,58140,109,0.740
BL_W70_T1.6_D40,59090,104,0.660
BL_W70_T1.6_D40,60132,100,0.580
BL_W70_T1.6_D40,61259,95,0.500
BL_W70_T1.6_D40,62337,89,0.420
BL_W70_T1.6_D40,63415,83,0.340
BL_W70_T1.6_D40,64689,78,0.260
BL_W70_T1.6_D40,65816,73,0.126
BL_W70_T1.6_D40,66894,69,0.050
BL_W70_T1.8_D2,59090,104,0.660
BL_W70_T1.8_D2,60181,99,0.580
BL_W70_T1.8_D2,61259,95,0.500
BL_W70_T1.8_D2,62337,89,0.420
BL_W70_T1.8_D2,53490,132,0.340
BL_W70_T1.8_D2,63464,83,0.340
BL_W70_T1.8_D2,54740,125,0.260
BL_W70_T1.8_D2,64689,78,0.260
BL_W70_T1.8_D2,55790,121,0.126
BL_W70_T1.8_D2,56140,117,0.126
BL_W70_T1.8_D2,65816,73,0.126
BL_W70_T1.8_D2,66894,69,0.050
BL_W70_T1.8_D2,56990,115,0.010
BL_W70_T1.8_D4,59090,104,0.660
BL_W70_T1.8_D4,60181,99,0.580
BL_W70_T1.8_D4,61259,95,0.500
BL_W70_T1.8_D4,52440,137,0.420
BL_W70_T1.8_D4,62337,89,0.420
BL_W70_T1.8_D4,53440,132,0.340
BL_W70_T1.8_D4,53790,130,0.340
BL_W70_T1.8_D4,63464,83,0.340
BL_W70_T1.8_D4,54740,125,0.260
BL_W70_T1.8_D4,64689,78,0.260
BL_W70_T1.8_D4,55790,121,0.126
BL_W70_T1.8_D4,56140,117,0.126
BL_W70_T1.8_D4,65816,73,0.126
BL_W70_T1.8_D4,66894,69,0.050
BL_W70_T1.8_D4,56990,115,0.010
BL_W70_T1.8_D6,59090,104,0.660
BL_W70_T1.8_D6,60181,99,0.580
BL_W70_T1.8_D6,61259,95,0.500
BL_W70_T1.8_D6,62337,89,0.420
BL_W70_T1.8_D6,53490,132,0.340
BL_W70_T1.8_D6,63464,83,0.340
BL_W70_T1.8_D6,54740,125,0.260
BL_W70_T1.8_D6,64689,78,0.260
BL_W70_T1.8_D6,55790,121,0.126
BL_W70_T1.8_D6,56140,117,0.126
BL_W70_T1.8_D6,65816,73,0.126
BL_W70_T1.8_D6,66894,69,0.050
BL_W70_T1.8_D6,56990,115,0.010
BL_W70_T1.8_D8,59090,104,0.660
BL_W70_T1.8_D8,60181,99,0.580
BL_W70_T1.8_D8,61259,95,0.500
BL_W70_T1.8_D8,62337,89,0.420
BL_W70_T1.8_D8,53490,132,0.340
BL_W70_T1.8_D8,63464,83,0.340
BL_W70_T1.8_D8,54740,125,0.260
BL_W70_T1.8_D8,64689,78,0.260
BL_W70_T1.8_D8,55790,121,0.126
BL_W70_T1.8_D8,56140,117,0.126
BL_W70_T1.8_D8,65816,73,0.126
BL_W70_T1.8_D8,66894,69,0.050
BL_W70_T1.8_D8,47990,164,0.010
BL_W70_T1.8_D8,56990,115,0.010
BL_W70_T1.8_D10,59090,104,0.660
BL_W70_T1.8_D10,60181,99,0.580
BL_W70_T1.8_D10,61259,95,0.500
BL_W70_T1.8_D10,62337,89,0.420
BL_W70_T1.8_D10,53490,132,0.340
BL_W70_T1.8_D10,63464,83,0.340
BL_W70_T1.8_D10,54740,125,0.260
BL_W70_T1.8_D10,64689,78,0.260
BL_W70_T1.8_D10,55790,121,0.126
BL_W70_T1.8_D10,56140,117,0.126
BL_W70_T1.8_D10,65816,73,0.126
BL_W70_T1.8_D10,66894,69,0.050
BL_W70_T1.8_D10,47990,164,0.010
BL_W70_T1.8_D10,56990,115,0.010
BL_W70_T1.8_D15,59090,104,0.660
BL_W70_T1.8_D15,60181,99,0.580
BL_W70_T1.8_D15,61259,95,0.500
BL_W70_T1.8_D15,62337,89,0.420
BL_W70_T1.8_D15,53540,131,0.340
BL_W70_T1.8_D15,63464,83,0.340
BL_W70_T1.8_D15,54740,125,0.260
BL_W70_T1.8_D15,64689,78,0.260
BL_W70_T1.8_D15,55790,121,0.126
BL_W70_T1.8_D15,56140,117,0.126
BL_W70_T1.8_D15,65816,73,0.126
BL_W70_T1.8_D15,66894,69,0.050
BL_W70_T1.8_D15,56990,115,0.010
BL_W70_T1.8_D20,59090,104,0.660
BL_W70_T1.8_D20,60181,99,0.580
BL_W70_T1.8_D20,61259,95,0.500
BL_W70_T1.8_D20,62337,89,0.420
BL_W70_T1.8_D20,53540,131,0.340
BL_W70_T1.8_D20,63464,83,0.340
BL_W70_T1.8_D20,54740,125,0.260
BL_W70_T1.8_D20,64689,78,0.260
BL_W70_T1.8_D20,55790,121,0.126
BL_W70_T1.8_D20,56140,117,0.126
BL_W70_T1.8_D20,65816,73,0.126
BL_W70_T1.8_D20,66894,69,0.050
BL_W70_T1.8_D20,56990,115,0.010
BL_W70_T1.8_D25,59090,104,0.660
BL_W70_T1.8_D25,60181,99,0.580
BL_W70_T1.8_D25,61259,95,0.500
BL_W70_T1.8_D25,62337,89,0.420
BL_W70_T1.8_D25,53590,131,0.340
BL_W70_T1.8_D25,63464,83,0.340
BL_W70_T1.8_D25,54740,125,0.260
BL_W70_T1.8_D25,64689,78,0.260
BL_W70_T1.8_D25,55790,121,0.126
BL_W70_T1.8_D25,56140,117,0.126
BL_W70_T1.8_D25,65816,73,0.126
BL_W70_T1.8_D25,66894,69,0.050
BL_W70_T1.8_D25,56990,115,0.010
BL_W70_T1.8_D30,59090,104,0.660
BL_W70_T1.8_D30,60181,99,0.580
BL_W70_T1.8_D30,61259,95,0.500
BL_W70_T1.8_D30,62337,89,0.420
BL_W70_T1.8_D30,53640,131,0.340
BL_W70_T1.8_D30,63464,83,0.340
BL_W70_T1.8_D30,54790,124,0.260
BL_W70_T1.8_D30,64689,78,0.260
BL_W70_T1.8_D30,55790,121,0.126
BL_W70_T1.8_D30,56140,117,0.126
BL_W70_T1.8_D30,65816,73,0.126
BL_W70_T1.8_D30,66894,69,0.050
BL_W70_T1.8_D30,56990,115,0.010
BL_W70_T1.8_D40,59090,104,0.660
BL_W70_T1.8_D40,60181,99,0.580
BL_W70_T1.8_D40,61259,95,0.500
BL_W70_T1.8_D40,62337,89,0.420
BL_W70_T1.8_D40,63464,83,0.340
BL_W70_T1.8_D40,54840,124,0.260
BL_W70_T1.8_D40,64689,78,0.260
BL_W70_T1.8_D40,55790,121,0.126
BL_W70_T1.8_D40,56140,117,0.126
BL_W70_T1.8_D40,65816,73,0.126
BL_W70_T1.8_D40,66894,69,0.050
BL_W70_T1.8_D40,56990,115,0.010
BL_W70_T2.0_D2,53490,132,0.340
BL_W70_T2.0_D2,60181,99,0.340
BL_W70_T2.0_D2,54740,125,0.260
BL_W70_T2.0_D2,61308,95,0.260
BL_W70_T2.0_D2,55790,121,0.126
BL_W70_T2.0_D2,56140,117,0.126
BL_W70_T2.0_D2,62337,89,0.126
BL_W70_T2.0_D2,65816,73,0.126
BL_W70_T2.0_D2,66894,69,0.050
BL_W70_T2.0_D2,56990,115,0.010
BL_W70_T2.0_D2,63464,83,0.010
BL_W70_T2.0_D4,52440,137,0.420
BL_W70_T2.0_D4,53440,132,0.340
BL_W70_T2.0_D4,60181,99,0.340
BL_W70_T2.0_D4,54740,125,0.260
BL_W70_T2.0_D4,61308,95,0.260
BL_W70_T2.0_D4,55790,121,0.126
BL_W70_T2.0_D4,56140,117,0.126
BL_W70_T2.0_D4,62337,89,0.126
BL_W70_T2.0_D4,65816,73,0.126
BL_W70_T2.0_D4,66894,69,0.050
BL_W70_T2.0_D4,56990,115,0.010
BL_W70_T2.0_D4,63464,83,0.010
BL_W70_T2.0_D6,53490,132,0.340
BL_W70_T2.0_D6,60181,99,0.340
BL_W70_T2.0_D6,54740,125,0.260
BL_W70_T2.0_D6,61308,95,0.260
BL_W70_T2.0_D6,55790,121,0.126
BL_W70_T2.0_D6,56140,117,0.126
BL_W70_T2.0_D6,62337,89,0.126
BL_W70_T2.0_D6,65816,73,0.126
BL_W70_T2.0_D6,66894,69,0.050
BL_W70_T2.0_D6,56990,115,0.010
BL_W70_T2.0_D6,63464,83,0.010
BL_W70_T2.0_D8,53490,132,0.340
BL_W70_T2.0_D8,60181,99,0.340
BL_W70_T2.0_D8,54740,125,0.260
BL_W70_T2.0_D8,61308,95,0.260
BL_W70_T2.0_D8,55790,121,0.126
BL_W70_T2.0_D8,56140,117,0.126
BL_W70_T2.0_D8,62337,89,0.126
BL_W70_T2.0_D8,65816,73,0.126
BL_W70_T2.0_D8,66894,69,0.050
BL_W70_T2.0_D8,47990,164,0.010
BL_W70_T2.0_D8,56990,115,0.010
BL_W70_T2.0_D8,63464,83,0.010
BL_W70_T2.0_D10,53490,132,0.340
BL_W70_T2.0_D10,60181,99,0.340
BL_W70_T2.0_D10,54740,125,0.260
BL_W70_T2.0_D10,61308,95,0.260
BL_W70_T2.0_D10,55790,121,0.126
BL_W70_T2.0_D10,56140,117,0.126
BL_W70_T2.0_D10,62337,89,0.126
BL_W70_T2.0_D10,65816,73,0.126
BL_W70_T2.0_D10,66894,69,0.050
BL_W70_T2.0_D10,47990,164,0.010
BL_W70_T2.0_D10,56990,115,0.010
BL_W70_T2.0_D10,63464,83,0.010
BL_W70_T2.0_D15,53540,131,0.340
BL_W70_T2.0_D15,60181,99,0.340
BL_W70_T2.0_D15,54740,125,0.260
BL_W70_T2.0_D15,61308,95,0.260
BL_W70_T2.0_D15,55790,121,0.126
BL_W70_T2.0_D15,56140,117,0.126
BL_W70_T2.0_D15,62337,89,0.126
BL_W70_T2.0_D15,65816,73,0.126
BL_W70_T2.0_D15,66894,69,0.050
BL_W70_T2.0_D15,56990,115,0.010
BL_W70_T2.0_D15,63464,83,0.010
BL_W70_T2.0_D20,53540,131,0.340
BL_W70_T2.0_D20,60181,99,0.340
BL_W70_T2.0_D20,54740,125,0.260
BL_W70_T2.0_D20,61308,95,0.260
BL_W70_T2.0_D20,55790,121,0.126
BL_W70_T2.0_D20,56140,117,0.126
BL_W70_T2.0_D20,62337,89,0.126
BL_W70_T2.0_D20,65816,73,0.126
BL_W70_T2.0_D20,66894,69,0.050
BL_W70_T2.0_D20,56990,115,0.010
BL_W70_T2.0_D20,63464,83,0.010
BL_W70_T2.0_D25,53590,131,0.340
BL_W70_T2.0_D25,60181,99,0.340
BL_W70_T2.0_D25,54740,125,0.260
BL_W70_T2.0_D25,61308,95,0.260
BL_W70_T2.0_D25,55790,121,0.126
BL_W70_T2.0_D25,56140,117,0.126
BL_W70_T2.0_D25,62337,89,0.126
BL_W70_T2.0_D25,65816,73,0.126
BL_W70_T2.0_D25,66894,69,0.050
BL_W70_T2.0_D25,56990,115,0.010
BL_W70_T2.0_D25,63464,83,0.010
BL_W70_T2.0_D30,53640,131,0.340
BL_W70_T2.0_D30,60181,99,0.340
BL_W70_T2.0_D30,54790,124,0.260
BL_W70_T2.0_D30,61308,95,0.260
BL_W70_T2.0_D30,55790,121,0.126
BL_W70_T2.0_D30,56140,117,0.126
BL_W70_T2.0_D30,62337,89,0.126
BL_W70_T2.0_D30,65816,73,0.126
BL_W70_T2.0_D30,66894,69,0.050
BL_W70_T2.0_D30,56990,115,0.010
BL_W70_T2.0_D30,63464,83,0.010
BL_W70_T2.0_D40,60181,99,0.340
BL_W70_T2.0_D40,54840,124,0.260
BL_W70_T2.0_D40,61308,95,0.260
BL_W70_T2.0_D40,55790,121,0.126
BL_W70_T2.0_D40,56140,117,0.126
BL_W70_T2.0_D40,62337,89,0.126
BL_W70_T2.0_D40,65816,73,0.126
BL_W70_T2.0_D40,66894,69,0.050
BL_W70_T2.0_D40,56990,115,0.010
BL_W70_T2.0_D40,63464,83,0.010
BL_W70_T2.2_D2,53490,132,0.340
BL_W70_T2.2_D2,60181,99,0.340
BL_W70_T2.2_D2,54790,124,0.260
BL_W70_T2.2_D2,61308,95,0.260
BL_W70_T2.2_D2,55790,121,0.126
BL_W70_T2.2_D2,56140,117,0.126
BL_W70_T2.2_D2,62337,89,0.126
BL_W70_T2.2_D2,66894,69,0.050
BL_W70_T2.2_D2,56990,115,0.010
BL_W70_T2.2_D2,63464,83,0.010
BL_W70_T2.2_D4,52440,137,0.420
BL_W70_T2.2_D4,53440,132,0.340
BL_W70_T2.2_D4,60181,99,0.340
BL_W70_T2.2_D4,54790,124,0.260
BL_W70_T2.2_D4,61308,95,0.260
BL_W70_T2.2_D4,55790,121,0.126
BL_W70_T2.2_D4,56140,117,0.126
BL_W70_T2.2_D4,62337,89,0.126
BL_W70_T2.2_D4,66894,69,0.050
BL_W70_T2.2_D4,56990,115,0.010
BL_W70_T2.2_D4,63464,83,0.010
BL_W70_T2.2_D6,53490,132,0.340
BL_W70_T2.2_D6,60181,99,0.340
BL_W70_T2.2_D6,54790,124,0.260
BL_W70_T2.2_D6,61308,95,0.260
BL_W70_T2.2_D6,55790,121,0.126
BL_W70_T2.2_D6,56140,117,0.126
BL_W70_T2.2_D6,62337,89,0.126
BL_W70_T2.2_D6,66894,69,0.050
BL_W70_T2.2_D6,56990,115,0.010
BL_W70_T2.2_D6,63464,83,0.010
BL_W70_T2.2_D8,53490,132,0.340
BL_W70_T2.2_D8,60181,99,0.340
BL_W70_T2.2_D8,54790,124,0.260
BL_W70_T2.2_D8,61308,95,0.260
BL_W70_T2.2_D8,55790,121,0.126
BL_W70_T2.2_D8,56140,117,0.126
BL_W70_T2.2_D8,62337,89,0.126
BL_W70_T2.2_D8,66894,69,0.050
BL_W70_T2.2_D8,47990,164,0.010
BL_W70_T2.2_D8,56990,115,0.010
BL_W70_T2.2_D8,63464,83,0.010
BL_W70_T2.2_D10,53490,132,0.340
BL_W70_T2.2_D10,60181,99,0.340
BL_W70_T2.2_D10,54790,124,0.260
BL_W70_T2.2_D10,61308,95,0.260
BL_W70_T2.2_D10,55790,121,0.126
BL_W70_T2.2_D10,56140,117,0.126
BL_W70_T2.2_D10,62337,89,0.126
BL_W70_T2.2_D10,66894,69,0.050
BL_W70_T2.2_D10,47990,164,0.010
BL_W70_T2.2_D10,56990,115,0.010
BL_W70_T2.2_D10,63464,83,0.010
BL_W70_T2.2_D15,53540,131,0.340
BL_W70_T2.2_D15,60181,99,0.340
BL_W70_T2.2_D15,54740,125,0.260
BL_W70_T2.2_D15,61308,95,0.260
BL_W70_T2.2_D15,55790,121,0.126
BL_W70_T2.2_D15,56140,117,0.126
BL_W70_T2.2_D15,62337,89,0.126
BL_W70_T2.2_D15,66894,69,0.050
BL_W70_T2.2_D15,56990,115,0.010
BL_W70_T2.2_D15,63464,83,0.010
BL_W70_T2.2_D20,53540,131,0.340
BL_W70_T2.2_D20,60181,99,0.340
BL_W70_T2.2_D20,54740,125,0.260
BL_W70_T2.2_D20,61308,95,0.260
BL_W70_T2.2_D20,55790,121,0.126
BL_W70_T2.2_D20,56140,117,0.126
BL_W70_T2.2_D20,62337,89,0.126
BL_W70_T2.2_D20,66894,69,0.050
BL_W70_T2.2_D20,56990,115,0.010
BL_W70_T2.2_D20,63464,83,0.010
BL_W70_T2.2_D25,53590,131,0.340
BL_W70_T2.2_D25,60181,99,0.340
BL_W70_T2.2_D25,54740,125,0.260
BL_W70_T2.2_D25,61308,95,0.260
BL_W70_T2.2_D25,55790,121,0.126
BL_W70_T2.2_D25,56140,117,0.126
BL_W70_T2.2_D25,62337,89,0.126
BL_W70_T2.2_D25,66894,69,0.050
BL_W70_T2.2_D25,56990,115,0.010
BL_W70_T2.2_D25,63464,83,0.010
BL_W70_T2.2_D30,53640,131,0.340
BL_W70_T2.2_D30,60181,99,0.340
BL_W70_T2.2_D30,54790,124,0.260
BL_W70_T2.2_D30,61308,95,0.260
BL_W70_T2.2_D30,55790,121,0.126
BL_W70_T2.2_D30,56140,117,0.126
BL_W70_T2.2_D30,62337,89,0.126
BL_W70_T2.2_D30,66894,69,0.050
BL_W70_T2.2_D30,56990,115,0.010
BL_W70_T2.2_D30,63464,83,0.010
BL_W70_T2.2_D40,60181,99,0.340
BL_W70_T2.2_D40,54840,124,0.260
BL_W70_T2.2_D40,61308,95,0.260
BL_W70_T2.2_D40,55790,121,0.126
BL_W70_T2.2_D40,56140,117,0.126
BL_W70_T2.2_D40,62337,89,0.126
BL_W70_T2.2_D40,66894,69,0.050
BL_W70_T2.2_D40,56990,115,0.010
BL_W70_T2.2_D40,63464,83,0.010
BL_W70_T2.4_D2,53490,132,0.340
BL_W70_T2.4_D2,54790,124,0.260
BL_W70_T2.4_D2,55790,121,0.126
BL_W70_T2.4_D2,56140,117,0.126
BL_W70_T2.4_D2,62386,89,0.126
BL_W70_T2.4_D2,66943,68,0.050
BL_W70_T2.4_D2,56990,115,0.010
BL_W70_T2.4_D2,60230,99,0.010
BL_W70_T2.4_D2,63513,83,0.010
BL_W70_T2.4_D4,52440,137,0.420
BL_W70_T2.4_D4,53440,132,0.340
BL_W70_T2.4_D4,54790,124,0.260
BL_W70_T2.4_D4,55790,121,0.126
BL_W70_T2.4_D4,56140,117,0.126
BL_W70_T2.4_D4,62386,89,0.126
BL_W70_T2.4_D4,66943,68,0.050
BL_W70_T2.4_D4,56990,115,0.010
BL_W70_T2.4_D4,60230,99,0.010
BL_W70_T2.4_D4,63513,83,0.010
BL_W70_T2.4_D6,53490,132,0.340
BL_W70_T2.4_D6,54790,124,0.260
BL_W70_T2.4_D6,55790,121,0.126
BL_W70_T2.4_D6,56140,117,0.126
BL_W70_T2.4_D6,62386,89,0.126
BL_W70_T2.4_D6,66943,68,0.050
BL_W70_T2.4_D6,56990,115,0.010
BL_W70_T2.4_D6,60230,99,0.010
BL_W70_T2.4_D6,63513,83,0.010
BL_W70_T2.4_D8,53490,132,0.340
BL_W70_T2.4_D8,54790,124,0.260
BL_W70_T2.4_D8,55790,121,0.126
BL_W70_T2.4_D8,56140,117,0.126
BL_W70_T2.4_D8,62386,89,0.126
BL_W70_T2.4_D8,66943,68,0.050
BL_W70_T2.4_D8,47990,164,0.010
BL_W70_T2.4_D8,56990,115,0.010
BL_W70_T2.4_D8,60230,99,0.010
BL_W70_T2.4_D8,63513,83,0.010
BL_W70_T2.4_D10,53490,132,0.340
BL_W70_T2.4_D10,54790,124,0.260
BL_W70_T2.4_D10,55790,121,0.126
BL_W70_T2.4_D10,56140,117,0.126
BL_W70_T2.4_D10,62386,89,0.126
BL_W70_T2.4_D10,66943,68,0.050
BL_W70_T2.4_D10,47990,164,0.010
BL_W70_T2.4_D10,56990,115,0.010
BL_W70_T2.4_D10,60230,99,0.010
BL_W70_T2.4_D10,63513,83,0.010
BL_W70_T2.4_D15,53540,131,0.340
BL_W70_T2.4_D15,54740,125,0.260
BL_W70_T2.4_D15,55790,121,0.126
BL_W70_T2.4_D15,56140,117,0.126
BL_W70_T2.4_D15,62386,89,0.126
BL_W70_T2.4_D15,66943,68,0.050
BL_W70_T2.4_D15,56990,115,0.010
BL_W70_T2.4_D15,60230,99,0.010
BL_W70_T2.4_D15,63513,83,0.010
BL_W70_T2.4_D20,53540,131,0.340
BL_W70_T2.4_D20,54740,125,0.260
BL_W70_T2.4_D20,55790,121,0.126
BL_W70_T2.4_D20,56140,117,0.126
BL_W70_T2.4_D20,62386,89,0.126
BL_W70_T2.4_D20,66943,68,0.050
BL_W70_T2.4_D20,56990,115,0.010
BL_W70_T2.4_D20,60230,99,0.010
BL_W70_T2.4_D20,63513,83,0.010
BL_W70_T2.4_D25,53590,131,0.340
BL_W70_T2.4_D25,54740,125,0.260
BL_W70_T2.4_D25,55790,121,0.126
BL_W70_T2.4_D25,56140,117,0.126
BL_W70_T2.4_D25,62386,89,0.126
BL_W70_T2.4_D25,66943,68,0.050
BL_W70_T2.4_D25,56990,115,0.010
BL_W70_T2.4_D25,60230,99,0.010
BL_W70_T2.4_D25,63513,83,0.010
BL_W70_T2.4_D30,53640,131,0.340
BL_W70_T2.4_D30,54790,124,0.260
BL_W70_T2.4_D30,55790,121,0.126
BL_W70_T2.4_D30,56140,117,0.126
BL_W70_T2.4_D30,62386,89,0.126
BL_W70_T2.4_D30,66943,68,0.050
BL_W70_T2.4_D30,56990,115,0.010
BL_W70_T2.4_D30,60230,99,0.010
BL_W70_T2.4_D30,63513,83,0.010
BL_W70_T2.4_D40,54840,124,0.260
BL_W70_T2.4_D40,55790,121,0.126
BL_W70_T2.4_D40,56140,117,0.126
BL_W70_T2.4_D40,62386,89,0.126
BL_W70_T2.4_D40,66943,68,0.050
BL_W70_T2.4_D40,56990,115,0.010
BL_W70_T2.4_D40,60230,99,0.010
BL_W70_T2.4_D40,63513,83,0.010
BL_W70_T2.6_D2,53490,132,0.340
BL_W70_T2.6_D2,54790,124,0.260
BL_W70_T2.6_D2,55790,121,0.126
BL_W70_T2.6_D2,56140,117,0.126
BL_W70_T2.6_D2,57040,114,0.050
BL_W70_T2.6_D4,52440,137,0.420
BL_W70_T2.6_D4,53440,132,0.340
BL_W70_T2.6_D4,54790,124,0.260
BL_W70_T2.6_D4,55790,121,0.126
BL_W70_T2.6_D4,56140,117,0.126
BL_W70_T2.6_D4,57040,114,0.050
BL_W70_T2.6_D6,53490,132,0.340
BL_W70_T2.6_D6,54790,124,0.260
BL_W70_T2.6_D6,55790,121,0.126
BL_W70_T2.6_D6,56140,117,0.126
BL_W70_T2.6_D6,57040,114,0.050
BL_W70_T2.6_D8,53490,132,0.340
BL_W70_T2.6_D8,54790,124,0.260
BL_W70_T2.6_D8,55790,121,0.126
BL_W70_T2.6_D8,56140,117,0.126
BL_W70_T2.6_D8,57040,114,0.050
BL_W70_T2.6_D8,47990,164,0.010
BL_W70_T2.6_D10,53490,132,0.340
BL_W70_T2.6_D10,54790,124,0.260
BL_W70_T2.6_D10,55790,121,0.126
BL_W70_T2.6_D10,56140,117,0.126
BL_W70_T2.6_D10,57040,114,0.050
BL_W70_T2.6_D10,47990,164,0.010
BL_W70_T2.6_D15,53540,131,0.340
BL_W70_T2.6_D15,54740,125,0.260
BL_W70_T2.6_D15,55790,121,0.126
BL_W70_T2.6_D15,56140,117,0.126
BL_W70_T2.6_D15,57040,114,0.050
BL_W70_T2.6_D20,53540,131,0.340
BL_W70_T2.6_D20,54740,125,0.260
BL_W70_T2.6_D20,55790,121,0.126
BL_W70_T2.6_D20,56140,117,0.126
BL_W70_T2.6_D20,57040,114,0.050
BL_W70_T2.6_D25,53590,131,0.340
BL_W70_T2.6_D25,54740,125,0.260
BL_W70_T2.6_D25,55790,121,0.126
BL_W70_T2.6_D25,56140,117,0.126
BL_W70_T2.6_D25,57040,114,0.050
BL_W70_T2.6_D30,53640,131,0.340
BL_W70_T2.6_D30,54790,124,0.260
BL_W70_T2.6_D30,55790,121,0.126
BL_W70_T2.6_D30,56140,117,0.126
BL_W70_T2.6_D30,57040,114,0.050
BL_W70_T2.6_D40,54840,124,0.260
BL_W70_T2.6_D40,55790,121,0.126
BL_W70_T2.6_D40,56140,117,0.126
BL_W70_T2.6_D40,57040,114,0.050
BL_W70_T2.8_D2,53490,132,0.340
BL_W70_T2.8_D2,54790,124,0.260
BL_W70_T2.8_D2,55790,121,0.126
BL_W70_T2.8_D2,57040,114,0.050
BL_W70_T2.8_D4,52440,137,0.420
BL_W70_T2.8_D4,53440,132,0.340
BL_W70_T2.8_D4,54790,124,0.260
BL_W70_T2.8_D4,55790,121,0.126
BL_W70_T2.8_D4,57040,114,0.050
BL_W70_T2.8_D6,53490,132,0.340
BL_W70_T2.8_D6,54790,124,0.260
BL_W70_T2.8_D6,55790,121,0.126
BL_W70_T2.8_D6,57040,114,0.050
BL_W70_T2.8_D8,53490,132,0.340
BL_W70_T2.8_D8,54790,124,0.260
BL_W70_T2.8_D8,55790,121,0.126
BL_W70_T2.8_D8,57040,114,0.050
BL_W70_T2.8_D8,47990,164,0.010
BL_W70_T2.8_D10,53490,132,0.340
BL_W70_T2.8_D10,54790,124,0.260
BL_W70_T2.8_D10,55790,121,0.126
BL_W70_T2.8_D10,57040,114,0.050
BL_W70_T2.8_D10,47990,164,0.010
BL_W70_T2.8_D15,53540,131,0.340
BL_W70_T2.8_D15,54740,125,0.260
BL_W70_T2.8_D15,55790,121,0.126
BL_W70_T2.8_D15,57040,114,0.050
BL_W70_T2.8_D20,53540,131,0.340
BL_W70_T2.8_D20,54740,125,0.260
BL_W70_T2.8_D20,55790,121,0.126
BL_W70_T2.8_D20,57040,114,0.050
BL_W70_T2.8_D25,53590,131,0.340
BL_W70_T2.8_D25,54740,125,0.260
BL_W70_T2.8_D25,55790,121,0.126
BL_W70_T2.8_D25,57040,114,0.050
BL_W70_T2.8_D30,53640,131,0.340
BL_W70_T2.8_D30,54790,124,0.260
BL_W70_T2.8_D30,55790,121,0.126
BL_W70_T2.8_D30,57040,114,0.050
BL_W70_T2.8_D40,54840,124,0.260
BL_W70_T2.8_D40,55790,121,0.126
BL_W70_T2.8_D40,57040,114,0.050
BL_W70_T3.0_D2,53540,131,0.260
BL_W70_T3.0_D2,54840,124,0.126
BL_W70_T3.0_D2,55840,121,0.050
BL_W70_T3.0_D4,52440,137,0.340
BL_W70_T3.0_D4,53440,132,0.260
BL_W70_T3.0_D4,54840,124,0.126
BL_W70_T3.0_D4,55840,121,0.050
BL_W70_T3.0_D6,53490,132,0.260
BL_W70_T3.0_D6,54840,124,0.126
BL_W70_T3.0_D6,55840,121,0.050
BL_W70_T3.0_D8,53490,132,0.260
BL_W70_T3.0_D8,54840,124,0.126
BL_W70_T3.0_D8,55840,121,0.050
BL_W70_T3.0_D8,47990,164,0.010
BL_W70_T3.0_D10,53490,132,0.260
BL_W70_T3.0_D10,54840,124,0.126
BL_W70_T3.0_D10,55840,121,0.050
BL_W70_T3.0_D10,47990,164,0.010
BL_W70_T3.0_D15,53540,131,0.260
BL_W70_T3.0_D15,54740,125,0.126
BL_W70_T3.0_D15,55840,121,0.050
BL_W70_T3.0_D20,53540,131,0.260
BL_W70_T3.0_D20,54740,125,0.126
BL_W70_T3.0_D20,55840,121,0.050
BL_W70_T3.0_D25,53590,131,0.260
BL_W70_T3.0_D25,54740,125,0.126
BL_W70_T3.0_D25,55790,121,0.050
BL_W70_T3.0_D30,53640,131,0.260
BL_W70_T3.0_D30,54790,124,0.126
BL_W70_T3.0_D30,55790,121,0.050
BL_W70_T3.0_D40,54840,124,0.126
BL_W70_T3.0_D40,55790,121,0.050
BL_W80_T1.0_D2,51540,143,1.200
BL_W80_T1.0_D2,52440,137,1.140
BL_W80_T1.0_D2,53490,132,1.060
BL_W80_T1.0_D2,54690,125,0.980
BL_W80_T1.0_D2,55040,123,0.980
BL_W80_T1.0_D2,55790,121,0.900
BL_W80_T1.0_D2,56140,117,0.900
BL_W80_T1.0_D2,56940,116,0.820
BL_W80_T1.0_D2,58040,110,0.740
BL_W80_T1.0_D2,59040,105,0.660
BL_W80_T1.0_D2,60132,100,0.580
BL_W80_T1.0_D2,61210,96,0.500
BL_W80_T1.0_D2,62288,89,0.420
BL_W80_T1.0_D2,63366,84,0.340
BL_W80_T1.0_D2,64640,78,0.260
BL_W80_T1.0_D2,65767,74,0.126
BL_W80_T1.0_D2,66845,69,0.050
BL_W80_T1.0_D2,48040,164,0.010
BL_W80_T1.0_D4,51540,143,1.200
BL_W80_T1.0_D4,52440,137,1.140
BL_W80_T1.0_D4,53490,132,1.060
BL_W80_T1.0_D4,54690,125,0.980
BL_W80_T1.0_D4,55040,123,0.980
BL_W80_T1.0_D4,55790,121,0.900
BL_W80_T1.0_D4,56140,117,0.900
BL_W80_T1.0_D4,56940,116,0.820
BL_W80_T1.0_D4,58040,110,0.740
BL_W80_T1.0_D4,59040,105,0.660
BL_W80_T1.0_D4,60132,100,0.580
BL_W80_T1.0_D4,61210,96,0.500
BL_W80_T1.0_D4,62288,89,0.420
BL_W80_T1.0_D4,63366,84,0.340
BL_W80_T1.0_D4,64640,78,0.260
BL_W80_T1.0_D4,65767,74,0.126
BL_W80_T1.0_D4,66845,69,0.050
BL_W80_T1.0_D4,48040,164,0.010
BL_W80_T1.0_D6,52490,137,1.140
BL_W80_T1.0_D6,53490,132,1.060
BL_W80_T1.0_D6,54690,125,0.980
BL_W80_T1.0_D6,55040,123,0.980
BL_W80_T1.0_D6,55790,121,0.900
BL_W80_T1.0_D6,56140,117,0.900
BL_W80_T1.0_D6,56940,116,0.820
BL_W80_T1.0_D6,58040,110,0.740
BL_W80_T1.0_D6,59040,105,0.660
BL_W80_T1.0_D6,60132,100,0.580
BL_W80_T1.0_D6,61210,96,0.500
BL_W80_T1.0_D6,62288,89,0.420
BL_W80_T1.0_D6,63366,84,0.340
BL_W80_T1.0_D6,64640,78,0.260
BL_W80_T1.0_D6,65767,74,0.126
BL_W80_T1.0_D6,66845,69,0.050
BL_W80_T1.0_D6,48040,164,0.010
BL_W80_T1.0_D8,53490,132,1.060
BL_W80_T1.0_D8,54690,125,0.980
BL_W80_T1.0_D8,55040,123,0.980
BL_W80_T1.0_D8,55790,121,0.900
BL_W80_T1.0_D8,56140,117,0.900
BL_W80_T1.0_D8,56940,116,0.820
BL_W80_T1.0_D8,58040,110,0.740
BL_W80_T1.0_D8,59040,105,0.660
BL_W80_T1.0_D8,60132,100,0.580
BL_W80_T1.0_D8,61210,96,0.500
BL_W80_T1.0_D8,62288,89,0.420
BL_W80_T1.0_D8,63366,84,0.340
BL_W80_T1.0_D8,64640,78,0.260
BL_W80_T1.0_D8,65767,74,0.126
BL_W80_T1.0_D8,66845,69,0.050
BL_W80_T1.0_D8,48040,164,0.010
BL_W80_T1.0_D10,53490,132,1.060
BL_W80_T1.0_D10,54690,125,0.980
BL_W80_T1.0_D10,55040,123,0.980
BL_W80_T1.0_D10,55790,121,0.900
BL_W80_T1.0_D10,56140,117,0.900
BL_W80_T1.0_D10,56940,116,0.820
BL_W80_T1.0_D10,58040,110,0.740
BL_W80_T1.0_D10,59040,105,0.660
BL_W80_T1.0_D10,60132,100,0.580
BL_W80_T1.0_D10,61210,96,0.500
BL_W80_T1.0_D10,62288,89,0.420
BL_W80_T1.0_D10,63366,84,0.340
BL_W80_T1.0_D10,64640,78,0.260
BL_W80_T1.0_D10,65767,74,0.126
BL_W80_T1.0_D10,66845,69,0.050
BL_W80_T1.0_D10,48040,164,0.010
BL_W80_T1.0_D15,53540,131,1.060
BL_W80_T1.0_D15,54740,125,0.980
BL_W80_T1.0_D15,55790,121,0.900
BL_W80_T1.0_D15,56140,117,0.900
BL_W80_T1.0_D15,56940,116,0.820
BL_W80_T1.0_D15,58040,110,0.740
BL_W80_T1.0_D15,59040,105,0.660
BL_W80_T1.0_D15,60132,100,0.580
BL_W80_T1.0_D15,61210,96,0.500
BL_W80_T1.0_D15,62288,89,0.420
BL_W80_T1.0_D15,63366,84,0.340
BL_W80_T1.0_D15,64640,78,0.260
BL_W80_T1.0_D15,65767,74,0.126
BL_W80_T1.0_D15,66845,69,0.050
BL_W80_T1.0_D20,53540,131,1.060
BL_W80_T1.0_D20,54740,125,0.980
BL_W80_T1.0_D20,55790,121,0.900
BL_W80_T1.0_D20,56140,117,0.900
BL_W80_T1.0_D20,56940,116,0.820
BL_W80_T1.0_D20,58040,110,0.740
BL_W80_T1.0_D20,59040,105,0.660
BL_W80_T1.0_D20,60132,100,0.580
BL_W80_T1.0_D20,61210,96,0.500
BL_W80_T1.0_D20,62288,89,0.420
BL_W80_T1.0_D20,63366,84,0.340
BL_W80_T1.0_D20,64640,78,0.260
BL_W80_T1.0_D20,65767,74,0.126
BL_W80_T1.0_D20,66845,69,0.050
BL_W80_T1.0_D25,53590,131,1.060
BL_W80_T1.0_D25,54740,125,0.980
BL_W80_T1.0_D25,55790,121,0.900
BL_W80_T1.0_D25,56140,117,0.900
BL_W80_T1.0_D25,56940,116,0.820
BL_W80_T1.0_D25,58040,110,0.740
BL_W80_T1.0_D25,59040,105,0.660
BL_W80_T1.0_D25,60132,100,0.580
BL_W80_T1.0_D25,61210,96,0.500
BL_W80_T1.0_D25,62288,89,0.420
BL_W80_T1.0_D25,63366,84,0.340
BL_W80_T1.0_D25,64640,78,0.260
BL_W80_T1.0_D25,65767,74,0.126
BL_W80_T1.0_D25,66845,69,0.050
BL_W80_T1.0_D30,53640,131,1.060
BL_W80_T1.0_D30,54790,124,0.980
BL_W80_T1.0_D30,55790,121,0.900
BL_W80_T1.0_D30,56140,117,0.900
BL_W80_T1.0_D30,56940,116,0.820
BL_W80_T1.0_D30,58040,110,0.740
BL_W80_T1.0_D30,59040,105,0.660
BL_W80_T1.0_D30,60132,100,0.580
BL_W80_T1.0_D30,61210,96,0.500
BL_W80_T1.0_D30,62288,89,0.420
BL_W80_T1.0_D30,63366,84,0.340
BL_W80_T1.0_D30,64640,78,0.260
BL_W80_T1.0_D30,65767,74,0.126
BL_W80_T1.0_D30,66845,69,0.050
BL_W80_T1.0_D40,54840,124,0.980
BL_W80_T1.0_D40,55790,121,0.900
BL_W80_T1.0_D40,56140,117,0.900
BL_W80_T1.0_D40,56940,116,0.820
BL_W80_T1.0_D40,58040,110,0.740
BL_W80_T1.0_D40,59040,105,0.660
BL_W80_T1.0_D40,60132,100,0.580
BL_W80_T1.0_D40,61210,96,0.500
BL_W80_T1.0_D40,62288,89,0.420
BL_W80_T1.0_D40,63366,84,0.340
BL_W80_T1.0_D40,64640,78,0.260
BL_W80_T1.0_D40,65767,74,0.126
BL_W80_T1.0_D40,66845,69,0.050
BL_W80_T1.2_D2,52440,137,1.140
BL_W80_T1.2_D2,53490,132,1.060
BL_W80_T1.2_D2,54740,125,0.980
BL_W80_T1.2_D2,55790,121,0.900
BL_W80_T1.2_D2,56140,117,0.900
BL_W80_T1.2_D2,56940,116,0.820
BL_W80_T1.2_D2,58090,109,0.740
BL_W80_T1.2_D2,59040,105,0.660
BL_W80_T1.2_D2,60132,100,0.580
BL_W80_T1.2_D2,61210,96,0.500
BL_W80_T1.2_D2,62288,89,0.420
BL_W80_T1.2_D2,63415,83,0.340
BL_W80_T1.2_D2,64640,78,0.260
BL_W80_T1.2_D2,65767,74,0.126
BL_W80_T1.2_D2,66845,69,0.050
BL_W80_T1.2_D2,48040,164,0.010
BL_W80_T1.2_D4,52440,137,1.140
BL_W80_T1.2_D4,53490,132,1.060
BL_W80_T1.2_D4,54740,125,0.980
BL_W80_T1.2_D4,55790,121,0.900
BL_W80_T1.2_D4,56140,117,0.900
BL_W80_T1.2_D4,56940,116,0.820
BL_W80_T1.2_D4,58090,109,0.740
BL_W80_T1.2_D4,59040,105,0.660
BL_W80_T1.2_D4,60132,100,0.580
BL_W80_T1.2_D4,61210,96,0.500
BL_W80_T1.2_D4,62288,89,0.420
BL_W80_T1.2_D4,63415,83,0.340
BL_W80_T1.2_D4,64640,78,0.260
BL_W80_T1.2_D4,65767,74,0.126
BL_W80_T1.2_D4,66845,69,0.050
BL_W80_T1.2_D4,48040,164,0.010
BL_W80_T1.2_D6,52490,137,1.140
BL_W80_T1.2_D6,53490,132,1.060
BL_W80_T1.2_D6,54740,125,0.980
BL_W80_T1.2_D6,55790,121,0.900
BL_W80_T1.2_D6,56140,117,0.900
BL_W80_T1.2_D6,56940,116,0.820
BL_W80_T1.2_D6,58090,109,0.740
BL_W80_T1.2_D6,59040,105,0.660
BL_W80_T1.2_D6,60132,100,0.580
BL_W80_T1.2_D6,61210,96,0.500
BL_W80_T1.2_D6,62288,89,0.420
BL_W80_T1.2_D6,63415,83,0.340
BL_W80_T1.2_D6,64640,78,0.260
BL_W80_T1.2_D6,65767,74,0.126
BL_W80_T1.2_D6,66845,69,0.050
BL_W80_T1.2_D6,48040,164,0.010
BL_W80_T1.2_D8,53490,132,1.060
BL_W80_T1.2_D8,54740,125,0.980
BL_W80_T1.2_D8,55790,121,0.900
BL_W80_T1.2_D8,56140,117,0.900
BL_W80_T1.2_D8,56940,116,0.820
BL_W80_T1.2_D8,58090,109,0.740
BL_W80_T1.2_D8,59040,105,0.660
BL_W80_T1.2_D8,60132,100,0.580
BL_W80_T1.2_D8,61210,96,0.500
BL_W80_T1.2_D8,62288,89,0.420
BL_W80_T1.2_D8,63415,83,0.340
BL_W80_T1.2_D8,64640,78,0.260
BL_W80_T1.2_D8,65767,74,0.126
BL_W80_T1.2_D8,66845,69,0.050
BL_W80_T1.2_D8,48040,164,0.010
BL_W80_T1.2_D10,53490,132,1.060
BL_W80_T1.2_D10,54740,125,0.980
BL_W80_T1.2_D10,55790,121,0.900
BL_W80_T1.2_D10,56140,117,0.900
BL_W80_T1.2_D10,56940,116,0.820
BL_W80_T1.2_D10,58090,109,0.740
BL_W80_T1.2_D10,59040,105,0.660
BL_W80_T1.2_D10,60132,100,0.580
BL_W80_T1.2_D10,61210,96,0.500
BL_W80_T1.2_D10,62288,89,0.420
BL_W80_T1.2_D10,63415,83,0.340
BL_W80_T1.2_D10,64640,78,0.260
BL_W80_T1.2_D10,65767,74,0.126
BL_W80_T1.2_D10,66845,69,0.050
BL_W80_T1.2_D10,48040,164,0.010
BL_W80_T1.2_D15,53540,131,1.060
BL_W80_T1.2_D15,54740,125,0.980
BL_W80_T1.2_D15,55790,121,0.900
BL_W80_T1.2_D15,56140,117,0.900
BL_W80_T1.2_D15,56940,116,0.820
BL_W80_T1.2_D15,58090,109,0.740
BL_W80_T1.2_D15,59040,105,0.660
BL_W80_T1.2_D15,60132,100,0.580
BL_W80_T1.2_D15,61210,96,0.500
BL_W80_T1.2_D15,62288,89,0.420
BL_W80_T1.2_D15,63415,83,0.340
BL_W80_T1.2_D15,64640,78,0.260
BL_W80_T1.2_D15,65767,74,0.126
BL_W80_T1.2_D15,66845,69,0.050
BL_W80_T1.2_D20,53540,131,1.060
BL_W80_T1.2_D20,54740,125,0.980
BL_W80_T1.2_D20,55790,121,0.900
BL_W80_T1.2_D20,56140,117,0.900
BL_W80_T1.2_D20,56940,116,0.820
BL_W80_T1.2_D20,58090,109,0.740
BL_W80_T1.2_D20,59040,105,0.660
BL_W80_T1.2_D20,60132,100,0.580
BL_W80_T1.2_D20,61210,96,0.500
BL_W80_T1.2_D20,62288,89,0.420
BL_W80_T1.2_D20,63415,83,0.340
BL_W80_T1.2_D20,64640,78,0.260
BL_W80_T1.2_D20,65767,74,0.126
BL_W80_T1.2_D20,66845,69,0.050
BL_W80_T1.2_D25,53590,131,1.060
BL_W80_T1.2_D25,54740,125,0.980
BL_W80_T1.2_D25,55790,121,0.900
BL_W80_T1.2_D25,56140,117,0.900
BL_W80_T1.2_D25,56940,116,0.820
BL_W80_T1.2_D25,58090,109,0.740
BL_W80_T1.2_D25,59040,105,0.660
BL_W80_T1.2_D25,60132,100,0.580
BL_W80_T1.2_D25,61210,96,0.500
BL_W80_T1.2_D25,62288,89,0.420
BL_W80_T1.2_D25,63415,83,0.340
BL_W80_T1.2_D25,64640,78,0.260
BL_W80_T1.2_D25,65767,74,0.126
BL_W80_T1.2_D25,66845,69,0.050
BL_W80_T1.2_D30,53640,131,1.060
BL_W80_T1.2_D30,54790,124,0.980
BL_W80_T1.2_D30,55790,121,0.900
BL_W80_T1.2_D30,56140,117,0.900
BL_W80_T1.2_D30,56940,116,0.820
BL_W80_T1.2_D30,58090,109,0.740
BL_W80_T1.2_D30,59040,105,0.660
BL_W80_T1.2_D30,60132,100,0.580
BL_W80_T1.2_D30,61210,96,0.500
BL_W80_T1.2_D30,62288,89,0.420
BL_W80_T1.2_D30,63415,83,0.340
BL_W80_T1.2_D30,64640,78,0.260
BL_W80_T1.2_D30,65767,74,0.126
BL_W80_T1.2_D30,66845,69,0.050
BL_W80_T1.2_D40,54840,124,0.980
BL_W80_T1.2_D40,55790,121,0.900
BL_W80_T1.2_D40,56140,117,0.900
BL_W80_T1.2_D40,56940,116,0.820
BL_W80_T1.2_D40,58090,109,0.740
BL_W80_T1.2_D40,59040,105,0.660
BL_W80_T1.2_D40,60132,100,0.580
BL_W80_T1.2_D40,61210,96,0.500
BL_W80_T1.2_D40,62288,89,0.420
BL_W80_T1.2_D40,63415,83,0.340
BL_W80_T1.2_D40,64640,78,0.260
BL_W80_T1.2_D40,65767,74,0.126
BL_W80_T1.2_D40,66845,69,0.050
BL_W80_T1.4_D2,52490,137,1.140
BL_W80_T1.4_D2,53490,132,1.060
BL_W80_T1.4_D2,54740,125,0.980
BL_W80_T1.4_D2,55790,121,0.900
BL_W80_T1.4_D2,56140,117,0.900
BL_W80_T1.4_D2,56940,116,0.820
BL_W80_T1.4_D2,58090,109,0.740
BL_W80_T1.4_D2,59090,104,0.660
BL_W80_T1.4_D2,60132,100,0.580
BL_W80_T1.4_D2,61259,95,0.500
BL_W80_T1.4_D2,62288,89,0.420
BL_W80_T1.4_D2,63415,83,0.340
BL_W80_T1.4_D2,64640,78,0.260
BL_W80_T1.4_D2,65767,74,0.126
BL_W80_T1.4_D2,66845,69,0.050
BL_W80_T1.4_D2,48090,164,0.010
BL_W80_T1.4_D4,52440,137,1.140
BL_W80_T1.4_D4,53490,132,1.060
BL_W80_T1.4_D4,54740,125,0.980
BL_W80_T1.4_D4,55790,121,0.900
BL_W80_T1.4_D4,56140,117,0.900
BL_W80_T1.4_D4,56940,116,0.820
BL_W80_T1.4_D4,58090,109,0.740
BL_W80_T1.4_D4,59090,104,0.660
BL_W80_T1.4_D4,60132,100,0.580
BL_W80_T1.4_D4,61259,95,0.500
BL_W80_T1.4_D4,62288,89,0.420
BL_W80_T1.4_D4,63415,83,0.340
BL_W80_T1.4_D4,64640,78,0.260
BL_W80_T1.4_D4,65767,74,0.126
BL_W80_T1.4_D4,66845,69,0.050
BL_W80_T1.4_D4,48090,164,0.010
BL_W80_T1.4_D6,52490,137,1.140
BL_W80_T1.4_D6,53490,132,1.060
BL_W80_T1.4_D6,54740,125,0.980
BL_W80_T1.4_D6,55790,121,0.900
BL_W80_T1.4_D6,56140,117,0.900
BL_W80_T1.4_D6,56940,116,0.820
BL_W80_T1.4_D6,58090,109,0.740
BL_W80_T1.4_D6,59090,104,0.660
BL_W80_T1.4_D6,60132,100,0.580
BL_W80_T1.4_D6,61259,95,0.500
BL_W80_T1.4_D6,62288,89,0.420
BL_W80_T1.4_D6,63415,83,0.340
BL_W80_T1.4_D6,64640,78,0.260
BL_W80_T1.4_D6,65767,74,0.126
BL_W80_T1.4_D6,66845,69,0.050
BL_W80_T1.4_D6,48090,164,0.010
BL_W80_T1.4_D8,53490,132,1.060
BL_W80_T1.4_D8,54740,125,0.980
BL_W80_T1.4_D8,55790,121,0.900
BL_W80_T1.4_D8,56140,117,0.900
BL_W80_T1.4_D8,56940,116,0.820
BL_W80_T1.4_D8,58090,109,0.740
BL_W80_T1.4_D8,59090,104,0.660
BL_W80_T1.4_D8,60132,100,0.580
BL_W80_T1.4_D8,61259,95,0.500
BL_W80_T1.4_D8,62288,89,0.420
BL_W80_T1.4_D8,63415,83,0.340
BL_W80_T1.4_D8,64640,78,0.260
BL_W80_T1.4_D8,65767,74,0.126
BL_W80_T1.4_D8,66845,69,0.050
BL_W80_T1.4_D8,48090,164,0.010
BL_W80_T1.4_D10,53490,132,1.060
BL_W80_T1.4_D10,54740,125,0.980
BL_W80_T1.4_D10,55790,121,0.900
BL_W80_T1.4_D10,56140,117,0.900
BL_W80_T1.4_D10,56940,116,0.820
BL_W80_T1.4_D10,58090,109,0.740
BL_W80_T1.4_D10,59090,104,0.660
BL_W80_T1.4_D10,60132,100,0.580
BL_W80_T1.4_D10,61259,95,0.500
BL_W80_T1.4_D10,62288,89,0.420
BL_W80_T1.4_D10,63415,83,0.340
BL_W80_T1.4_D10,64640,78,0.260
BL_W80_T1.4_D10,65767,74,0.126
BL_W80_T1.4_D10,66845,69,0.050
BL_W80_T1.4_D10,48040,164,0.010
BL_W80_T1.4_D15,53540,131,1.060
BL_W80_T1.4_D15,54740,125,0.980
BL_W80_T1.4_D15,55790,121,0.900
BL_W80_T1.4_D15,56140,117,0.900
BL_W80_T1.4_D15,56940,116,0.820
BL_W80_T1.4_D15,58090,109,0.740
BL_W80_T1.4_D15,59090,104,0.660
BL_W80_T1.4_D15,60132,100,0.580
BL_W80_T1.4_D15,61259,95,0.500
BL_W80_T1.4_D15,62288,89,0.420
BL_W80_T1.4_D15,63415,83,0.340
BL_W80_T1.4_D15,64640,78,0.260
BL_W80_T1.4_D15,65767,74,0.126
BL_W80_T1.4_D15,66845,69,0.050
BL_W80_T1.4_D20,53540,131,1.060
BL_W80_T1.4_D20,54740,125,0.980
BL_W80_T1.4_D20,55790,121,0.900
BL_W80_T1.4_D20,56140,117,0.900
BL_W80_T1.4_D20,56940,116,0.820
BL_W80_T1.4_D20,58090,109,0.740
BL_W80_T1.4_D20,59090,104,0.660
BL_W80_T1.4_D20,60132,100,0.580
BL_W80_T1.4_D20,61259,95,0.500
BL_W80_T1.4_D20,62288,89,0.420
BL_W80_T1.4_D20,63415,83,0.340
BL_W80_T1.4_D20,64640,78,0.260
BL_W80_T1.4_D20,65767,74,0.126
BL_W80_T1.4_D20,66845,69,0.050
BL_W80_T1.4_D25,53590,131,1.060
BL_W80_T1.4_D25,54740,125,0.980
BL_W80_T1.4_D25,55790,121,0.900
BL_W80_T1.4_D25,56140,117,0.900
BL_W80_T1.4_D25,56940,116,0.820
BL_W80_T1.4_D25,58090,109,0.740
BL_W80_T1.4_D25,59090,104,0.660
BL_W80_T1.4_D25,60132,100,0.580
BL_W80_T1.4_D25,61259,95,0.500
BL_W80_T1.4_D25,62288,89,0.420
BL_W80_T1.4_D25,63415,83,0.340
BL_W80_T1.4_D25,64640,78,0.260
BL_W80_T1.4_D25,65767,74,0.126
BL_W80_T1.4_D25,66845,69,0.050
BL_W80_T1.4_D30,53640,131,1.060
BL_W80_T1.4_D30,54790,124,0.980
BL_W80_T1.4_D30,55790,121,0.900
BL_W80_T1.4_D30,56140,117,0.900
BL_W80_T1.4_D30,56940,116,0.820
BL_W80_T1.4_D30,58090,109,0.740
BL_W80_T1.4_D30,59090,104,0.660
BL_W80_T1.4_D30,60132,100,0.580
BL_W80_T1.4_D30,61259,95,0.500
BL_W80_T1.4_D30,62288,89,0.420
BL_W80_T1.4_D30,63415,83,0.340
BL_W80_T1.4_D30,64640,78,0.260
BL_W80_T1.4_D30,65767,74,0.126
BL_W80_T1.4_D30,66845,69,0.050
BL_W80_T1.4_D40,54840,124,0.980
BL_W80_T1.4_D40,55790,121,0.900
BL_W80_T1.4_D40,56140,117,0.900
BL_W80_T1.4_D40,56940,116,0.820
BL_W80_T1.4_D40,58090,109,0.740
BL_W80_T1.4_D40,59090,104,0.660
BL_W80_T1.4_D40,60132,100,0.580
BL_W80_T1.4_D40,61259,95,0.500
BL_W80_T1.4_D40,62288,89,0.420
BL_W80_T1.4_D40,63415,83,0.340
BL_W80_T1.4_D40,64640,78,0.260
BL_W80_T1.4_D40,65767,74,0.126
BL_W80_T1.4_D40,66845,69,0.050
BL_W80_T1.6_D2,53490,132,1.060
BL_W80_T1.6_D2,54740,125,0.980
BL_W80_T1.6_D2,55790,121,0.900
BL_W80_T1.6_D2,56140,117,0.900
BL_W80_T1.6_D2,56990,115,0.820
BL_W80_T1.6_D2,58090,109,0.740
BL_W80_T1.6_D2,59090,104,0.660
BL_W80_T1.6_D2,60132,100,0.580
BL_W80_T1.6_D2,61259,95,0.500
BL_W80_T1.6_D2,62288,89,0.420
BL_W80_T1.6_D2,63415,83,0.340
BL_W80_T1.6_D2,64640,78,0.260
BL_W80_T1.6_D2,65816,73,0.126
BL_W80_T1.6_D2,66894,69,0.050
BL_W80_T1.6_D4,52440,137,1.140
BL_W80_T1.6_D4,53490,132,1.060
BL_W80_T1.6_D4,54740,125,0.980
BL_W80_T1.6_D4,55790,121,0.900
BL_W80_T1.6_D4,56140,117,0.900
BL_W80_T1.6_D4,56990,115,0.820
BL_W80_T1.6_D4,58090,109,0.740
BL_W80_T1.6_D4,59090,104,0.660
BL_W80_T1.6_D4,60132,100,0.580
BL_W80_T1.6_D4,61259,95,0.500
BL_W80_T1.6_D4,62288,89,0.420
BL_W80_T1.6_D4,63415,83,0.340
BL_W80_T1.6_D4,64640,78,0.260
BL_W80_T1.6_D4,65816,73,0.126
BL_W80_T1.6_D4,66894,69,0.050
BL_W80_T1.6_D6,52490,137,1.140
BL_W80_T1.6_D6,53490,132,1.060
BL_W80_T1.6_D6,54740,125,0.980
BL_W80_T1.6_D6,55790,121,0.900
BL_W80_T1.6_D6,56140,117,0.900
BL_W80_T1.6_D6,56990,115,0.820
BL_W80_T1.6_D6,58090,109,0.740
BL_W80_T1.6_D6,59090,104,0.660
BL_W80_T1.6_D6,60132,100,0.580
BL_W80_T1.6_D6,61259,95,0.500
BL_W80_T1.6_D6,62288,89,0.420
BL_W80_T1.6_D6,63415,83,0.340
BL_W80_T1.6_D6,64640,78,0.260
BL_W80_T1.6_D6,65816,73,0.126
BL_W80_T1.6_D6,66894,69,0.050
BL_W80_T1.6_D8,53490,132,1.060
BL_W80_T1.6_D8,54740,125,0.980
BL_W80_T1.6_D8,55790,121,0.900
BL_W80_T1.6_D8,56140,117,0.900
BL_W80_T1.6_D8,56990,115,0.820
BL_W80_T1.6_D8,58090,109,0.740
BL_W80_T1.6_D8,59090,104,0.660
BL_W80_T1.6_D8,60132,100,0.580
BL_W80_T1.6_D8,61259,95,0.500
BL_W80_T1.6_D8,62288,89,0.420
BL_W80_T1.6_D8,63415,83,0.340
BL_W80_T1.6_D8,64640,78,0.260
BL_W80_T1.6_D8,65816,73,0.126
BL_W80_T1.6_D8,66894,69,0.050
BL_W80_T1.6_D8,48190,163,0.010
BL_W80_T1.6_D10,53490,132,1.060
BL_W80_T1.6_D10,54740,125,0.980
BL_W80_T1.6_D10,55790,121,0.900
BL_W80_T1.6_D10,56140,117,0.900
BL_W80_T1.6_D10,56990,115,0.820
BL_W80_T1.6_D10,58090,109,0.740
BL_W80_T1.6_D10,59090,104,0.660
BL_W80_T1.6_D10,60132,100,0.580
BL_W80_T1.6_D10,61259,95,0.500
BL_W80_T1.6_D10,62288,89,0.420
BL_W80_T1.6_D10,63415,83,0.340
BL_W80_T1.6_D10,64640,78,0.260
BL_W80_T1.6_D10,65816,73,0.126
BL_W80_T1.6_D10,66894,69,0.050
BL_W80_T1.6_D10,48040,164,0.010
BL_W80_T1.6_D15,53540,131,1.060
BL_W80_T1.6_D15,54740,125,0.980
BL_W80_T1.6_D15,55790,121,0.900
BL_W80_T1.6_D15,56140,117,0.900
BL_W80_T1.6_D15,56990,115,0.820
BL_W80_T1.6_D15,58090,109,0.740
BL_W80_T1.6_D15,59090,104,0.660
BL_W80_T1.6_D15,60132,100,0.580
BL_W80_T1.6_D15,61259,95,0.500
BL_W80_T1.6_D15,62288,89,0.420
BL_W80_T1.6_D15,63415,83,0.340
BL_W80_T1.6_D15,64640,78,0.260
BL_W80_T1.6_D15,65816,73,0.126
BL_W80_T1.6_D15,66894,69,0.050
BL_W80_T1.6_D20,53540,131,1.060
BL_W80_T1.6_D20,54740,125,0.980
BL_W80_T1.6_D20,55790,121,0.900
BL_W80_T1.6_D20,56140,117,0.900
BL_W80_T1.6_D20,56990,115,0.820
BL_W80_T1.6_D20,58090,109,0.740
BL_W80_T1.6_D20,59090,104,0.660
BL_W80_T1.6_D20,60132,100,0.580
BL_W80_T1.6_D20,61259,95,0.500
BL_W80_T1.6_D20,62288,89,0.420
BL_W80_T1.6_D20,63415,83,0.340
BL_W80_T1.6_D20,64640,78,0.260
BL_W80_T1.6_D20,65816,73,0.126
BL_W80_T1.6_D20,66894,69,0.050
BL_W80_T1.6_D25,53590,131,1.060
BL_W80_T1.6_D25,54740,125,0.980
BL_W80_T1.6_D25,55790,121,0.900
BL_W80_T1.6_D25,56140,117,0.900
BL_W80_T1.6_D25,56990,115,0.820
BL_W80_T1.6_D25,58090,109,0.740
BL_W80_T1.6_D25,59090,104,0.660
BL_W80_T1.6_D25,60132,100,0.580
BL_W80_T1.6_D25,61259,95,0.500
BL_W80_T1.6_D25,62288,89,0.420
BL_W80_T1.6_D25,63415,83,0.340
BL_W80_T1.6_D25,64640,78,0.260
BL_W80_T1.6_D25,65816,73,0.126
BL_W80_T1.6_D25,66894,69,0.050
BL_W80_T1.6_D30,53640,131,1.060
BL_W80_T1.6_D30,54790,124,0.980
BL_W80_T1.6_D30,55790,121,0.900
BL_W80_T1.6_D30,56140,117,0.900
BL_W80_T1.6_D30,56990,115,0.820
BL_W80_T1.6_D30,58090,109,0.740
BL_W80_T1.6_D30,59090,104,0.660
BL_W80_T1.6_D30,60132,100,0.580
BL_W80_T1.6_D30,61259,95,0.500
BL_W80_T1.6_D30,62288,89,0.420
BL_W80_T1.6_D30,63415,83,0.340
BL_W80_T1.6_D30,64640,78,0.260
BL_W80_T1.6_D30,65816,73,0.126
BL_W80_T1.6_D30,66894,69,0.050
BL_W80_T1.6_D40,54840,124,0.980
BL_W80_T1.6_D40,55790,121,0.900
BL_W80_T1.6_D40,56140,117,0.900
BL_W80_T1.6_D40,56990,115,0.820
BL_W80_T1.6_D40,58090,109,0.740
BL_W80_T1.6_D40,59090,104,0.660
BL_W80_T1.6_D40,60132,100,0.580
BL_W80_T1.6_D40,61259,95,0.500
BL_W80_T1.6_D40,62288,89,0.420
BL_W80_T1.6_D40,63415,83,0.340
BL_W80_T1.6_D40,64640,78,0.260
BL_W80_T1.6_D40,65816,73,0.126
BL_W80_T1.6_D40,66894,69,0.050
BL_W80_T1.8_D2,59090,104,0.660
BL_W80_T1.8_D2,60181,99,0.580
BL_W80_T1.8_D2,61259,95,0.500
BL_W80_T1.8_D2,62337,89,0.420
BL_W80_T1.8_D2,53490,132,0.340
BL_W80_T1.8_D2,63415,83,0.340
BL_W80_T1.8_D2,54740,125,0.260
BL_W80_T1.8_D2,64689,78,0.260
BL_W80_T1.8_D2,55790,121,0.126
BL_W80_T1.8_D2,56140,117,0.126
BL_W80_T1.8_D2,65816,73,0.126
BL_W80_T1.8_D2,66894,69,0.050
BL_W80_T1.8_D2,56990,115,0.010
BL_W80_T1.8_D4,59090,104,0.660
BL_W80_T1.8_D4,60181,99,0.580
BL_W80_T1.8_D4,61259,95,0.500
BL_W80_T1.8_D4,52440,137,0.420
BL_W80_T1.8_D4,62337,89,0.420
BL_W80_T1.8_D4,53490,132,0.340
BL_W80_T1.8_D4,63415,83,0.340
BL_W80_T1.8_D4,54740,125,0.260
BL_W80_T1.8_D4,64689,78,0.260
BL_W80_T1.8_D4,55790,121,0.126
BL_W80_T1.8_D4,56140,117,0.126
BL_W80_T1.8_D4,65816,73,0.126
BL_W80_T1.8_D4,66894,69,0.050
BL_W80_T1.8_D4,56990,115,0.010
BL_W80_T1.8_D6,59090,104,0.660
BL_W80_T1.8_D6,60181,99,0.580
BL_W80_T1.8_D6,61259,95,0.500
BL_W80_T1.8_D6,52490,137,0.420
BL_W80_T1.8_D6,62337,89,0.420
BL_W80_T1.8_D6,53490,132,0.340
BL_W80_T1.8_D6,63415,83,0.340
BL_W80_T1.8_D6,54740,125,0.260
BL_W80_T1.8_D6,64689,78,0.260
BL_W80_T1.8_D6,55790,121,0.126
BL_W80_T1.8_D6,56140,117,0.126
BL_W80_T1.8_D6,65816,73,0.126
BL_W80_T1.8_D6,66894,69,0.050
BL_W80_T1.8_D6,56990,115,0.010
BL_W80_T1.8_D8,59090,104,0.660
BL_W80_T1.8_D8,60181,99,0.580
BL_W80_T1.8_D8,61259,95,0.500
BL_W80_T1.8_D8,62337,89,0.420
BL_W80_T1.8_D8,53490,132,0.340
BL_W80_T1.8_D8,63415,83,0.340
BL_W80_T1.8_D8,54740,125,0.260
BL_W80_T1.8_D8,64689,78,0.260
BL_W80_T1.8_D8,55790,121,0.126
BL_W80_T1.8_D8,56140,117,0.126
BL_W80_T1.8_D8,65816,73,0.126
BL_W80_T1.8_D8,66894,69,0.050
BL_W80_T1.8_D8,48190,163,0.010
BL_W80_T1.8_D8,56990,115,0.010
BL_W80_T1.8_D10,59090,104,0.660
BL_W80_T1.8_D10,60181,99,0.580
BL_W80_T1.8_D10,61259,95,0.500
BL_W80_T1.8_D10,62337,89,0.420
BL_W80_T1.8_D10,53490,132,0.340
BL_W80_T1.8_D10,63415,83,0.340
BL_W80_T1.8_D10,54740,125,0.260
BL_W80_T1.8_D10,64689,78,0.260
BL_W80_T1.8_D10,55790,121,0.126
BL_W80_T1.8_D10,56140,117,0.126
BL_W80_T1.8_D10,65816,73,0.126
BL_W80_T1.8_D10,66894,69,0.050
BL_W80_T1.8_D10,48040,164,0.010
BL_W80_T1.8_D10,56990,115,0.010
BL_W80_T1.8_D15,59090,104,0.660
BL_W80_T1.8_D15,60181,99,0.580
BL_W80_T1.8_D15,61259,95,0.500
BL_W80_T1.8_D15,62337,89,0.420
BL_W80_T1.8_D15,53540,131,0.340
BL_W80_T1.8_D15,63415,83,0.340
BL_W80_T1.8_D15,54740,125,0.260
BL_W80_T1.8_D15,64689,78,0.260
BL_W80_T1.8_D15,55790,121,0.126
BL_W80_T1.8_D15,56140,117,0.126
BL_W80_T1.8_D15,65816,73,0.126
BL_W80_T1.8_D15,66894,69,0.050
BL_W80_T1.8_D15,56990,115,0.010
BL_W80_T1.8_D20,59090,104,0.660
BL_W80_T1.8_D20,60181,99,0.580
BL_W80_T1.8_D20,61259,95,0.500
BL_W80_T1.8_D20,62337,89,0.420
BL_W80_T1.8_D20,53540,131,0.340
BL_W80_T1.8_D20,63415,83,0.340
BL_W80_T1.8_D20,54740,125,0.260
BL_W80_T1.8_D20,64689,78,0.260
BL_W80_T1.8_D20,55790,121,0.126
BL_W80_T1.8_D20,56140,117,0.126
BL_W80_T1.8_D20,65816,73,0.126
BL_W80_T1.8_D20,66894,69,0.050
BL_W80_T1.8_D20,56990,115,0.010
BL_W80_T1.8_D25,59090,104,0.660
BL_W80_T1.8_D25,60181,99,0.580
BL_W80_T1.8_D25,61259,95,0.500
BL_W80_T1.8_D25,62337,89,0.420
BL_W80_T1.8_D25,53590,131,0.340
BL_W80_T1.8_D25,63415,83,0.340
BL_W80_T1.8_D25,54740,125,0.260
BL_W80_T1.8_D25,64689,78,0.260
BL_W80_T1.8_D25,55790,121,0.126
BL_W80_T1.8_D25,56140,117,0.126
BL_W80_T1.8_D25,65816,73,0.126
BL_W80_T1.8_D25,66894,69,0.050
BL_W80_T1.8_D25,56990,115,0.010
BL_W80_T1.8_D30,59090,104,0.660
BL_W80_T1.8_D30,60181,99,0.580
BL_W80_T1.8_D30,61259,95,0.500
BL_W80_T1.8_D30,62337,89,0.420
BL_W80_T1.8_D30,53640,131,0.340
BL_W80_T1.8_D30,63415,83,0.340
BL_W80_T1.8_D30,54790,124,0.260
BL_W80_T1.8_D30,64689,78,0.260
BL_W80_T1.8_D30,55790,121,0.126
BL_W80_T1.8_D30,56140,117,0.126
BL_W80_T1.8_D30,65816,73,0.126
BL_W80_T1.8_D30,66894,69,0.050
BL_W80_T1.8_D30,56990,115,0.010
BL_W80_T1.8_D40,59090,104,0.660
BL_W80_T1.8_D40,60181,99,0.580
BL_W80_T1.8_D40,61259,95,0.500
BL_W80_T1.8_D40,62337,89,0.420
BL_W80_T1.8_D40,63415,83,0.340
BL_W80_T1.8_D40,54840,124,0.260
BL_W80_T1.8_D40,64689,78,0.260
BL_W80_T1.8_D40,55790,121,0.126
BL_W80_T1.8_D40,56140,117,0.126
BL_W80_T1.8_D40,65816,73,0.126
BL_W80_T1.8_D40,66894,69,0.050
BL_W80_T1.8_D40,56990,115,0.010
BL_W80_T2.0_D2,60181,99,0.420
BL_W80_T2.0_D2,53490,132,0.340
BL_W80_T2.0_D2,61259,95,0.340
BL_W80_T2.0_D2,54740,125,0.260
BL_W80_T2.0_D2,62337,89,0.260
BL_W80_T2.0_D2,55790,121,0.126
BL_W80_T2.0_D2,56140,117,0.126
BL_W80_T2.0_D2,63464,83,0.126
BL_W80_T2.0_D2,66894,69,0.050
BL_W80_T2.0_D2,56990,115,0.010
BL_W80_T2.0_D2,64689,78,0.010
BL_W80_T2.0_D4,52440,137,0.420
BL_W80_T2.0_D4,60181,99,0.420
BL_W80_T2.0_D4,53490,132,0.340
BL_W80_T2.0_D4,61259,95,0.340
BL_W80_T2.0_D4,54740,125,0.260
BL_W80_T2.0_D4,62337,89,0.260
BL_W80_T2.0_D4,55790,121,0.126
BL_W80_T2.0_D4,56140,117,0.126
BL_W80_T2.0_D4,63464,83,0.126
BL_W80_T2.0_D4,66894,69,0.050
BL_W80_T2.0_D4,56990,115,0.010
BL_W80_T2.0_D4,64689,78,0.010
BL_W80_T2.0_D6,52490,137,0.420
BL_W80_T2.0_D6,60181,99,0.420
BL_W80_T2.0_D6,53490,132,0.340
BL_W80_T2.0_D6,61259,95,0.340
BL_W80_T2.0_D6,54740,125,0.260
BL_W80_T2.0_D6,62337,89,0.260
BL_W80_T2.0_D6,55790,121,0.126
BL_W80_T2.0_D6,56140,117,0.126
BL_W80_T2.0_D6,63464,83,0.126
BL_W80_T2.0_D6,66894,69,0.050
BL_W80_T2.0_D6,56990,115,0.010
BL_W80_T2.0_D6,64689,78,0.010
BL_W80_T2.0_D8,60181,99,0.420
BL_W80_T2.0_D8,53490,132,0.340
BL_W80_T2.0_D8,61259,95,0.340
BL_W80_T2.0_D8,54740,125,0.260
BL_W80_T2.0_D8,62337,89,0.260
BL_W80_T2.0_D8,55790,121,0.126
BL_W80_T2.0_D8,56140,117,0.126
BL_W80_T2.0_D8,63464,83,0.126
BL_W80_T2.0_D8,66894,69,0.050
BL_W80_T2.0_D8,48190,163,0.010
BL_W80_T2.0_D8,56990,115,0.010
BL_W80_T2.0_D8,64689,78,0.010
BL_W80_T2.0_D10,60181,99,0.420
BL_W80_T2.0_D10,53490,132,0.340
BL_W80_T2.0_D10,61259,95,0.340
BL_W80_T2.0_D10,54740,125,0.260
BL_W80_T2.0_D10,62337,89,0.260
BL_W80_T2.0_D10,55790,121,0.126
BL_W80_T2.0_D10,56140,117,0.126
BL_W80_T2.0_D10,63464,83,0.126
BL_W80_T2.0_D10,66894,69,0.050
BL_W80_T2.0_D10,48040,164,0.010
BL_W80_T2.0_D10,56990,115,0.010
BL_W80_T2.0_D10,64689,78,0.010
BL_W80_T2.0_D15,60181,99,0.420
BL_W80_T2.0_D15,53540,131,0.340
BL_W80_T2.0_D15,61259,95,0.340
BL_W80_T2.0_D15,54740,125,0.260
BL_W80_T2.0_D15,62337,89,0.260
BL_W80_T2.0_D15,55790,121,0.126
BL_W80_T2.0_D15,56140,117,0.126
BL_W80_T2.0_D15,63464,83,0.126
BL_W80_T2.0_D15,66894,69,0.050
BL_W80_T2.0_D15,56990,115,0.010
BL_W80_T2.0_D15,64689,78,0.010
BL_W80_T2.0_D20,60181,99,0.420
BL_W80_T2.0_D20,53540,131,0.340
BL_W80_T2.0_D20,61259,95,0.340
BL_W80_T2.0_D20,54740,125,0.260
BL_W80_T2.0_D20,62337,89,0.260
BL_W80_T2.0_D20,55790,121,0.126
BL_W80_T2.0_D20,56140,117,0.126
BL_W80_T2.0_D20,63464,83,0.126
BL_W80_T2.0_D20,66894,69,0.050
BL_W80_T2.0_D20,56990,115,0.010
BL_W80_T2.0_D20,64689,78,0.010
BL_W80_T2.0_D25,60181,99,0.420
BL_W80_T2.0_D25,53590,131,0.340
BL_W80_T2.0_D25,61259,95,0.340
BL_W80_T2.0_D25,54740,125,0.260
BL_W80_T2.0_D25,62337,89,0.260
BL_W80_T2.0_D25,55790,121,0.126
BL_W80_T2.0_D25,56140,117,0.126
BL_W80_T2.0_D25,63464,83,0.126
BL_W80_T2.0_D25,66894,69,0.050
BL_W80_T2.0_D25,56990,115,0.010
BL_W80_T2.0_D25,64689,78,0.010
BL_W80_T2.0_D30,60181,99,0.420
BL_W80_T2.0_D30,53640,131,0.340
BL_W80_T2.0_D30,61259,95,0.340
BL_W80_T2.0_D30,54790,124,0.260
BL_W80_T2.0_D30,62337,89,0.260
BL_W80_T2.0_D30,55790,121,0.126
BL_W80_T2.0_D30,56140,117,0.126
BL_W80_T2.0_D30,63464,83,0.126
BL_W80_T2.0_D30,66894,69,0.050
BL_W80_T2.0_D30,56990,115,0.010
BL_W80_T2.0_D30,64689,78,0.010
BL_W80_T2.0_D40,60181,99,0.420
BL_W80_T2.0_D40,61259,95,0.340
BL_W80_T2.0_D40,54840,124,0.260
BL_W80_T2.0_D40,62337,89,0.260
BL_W80_T2.0_D40,55790,121,0.126
BL_W80_T2.0_D40,56140,117,0.126
BL_W80_T2.0_D40,63464,83,0.126
BL_W80_T2.0_D40,66894,69,0.050
BL_W80_T2.0_D40,56990,115,0.010
BL_W80_T2.0_D40,64689,78,0.010
BL_W80_T2.2_D2,53490,132,0.340
BL_W80_T2.2_D2,60181,99,0.340
BL_W80_T2.2_D2,54740,125,0.260
BL_W80_T2.2_D2,61308,95,0.260
BL_W80_T2.2_D2,55790,121,0.126
BL_W80_T2.2_D2,56140,117,0.126
BL_W80_T2.2_D2,62337,89,0.126
BL_W80_T2.2_D2,66943,68,0.050
BL_W80_T2.2_D2,56990,115,0.010
BL_W80_T2.2_D2,63464,83,0.010
BL_W80_T2.2_D4,52440,137,0.420
BL_W80_T2.2_D4,53490,132,0.340
BL_W80_T2.2_D4,60181,99,0.340
BL_W80_T2.2_D4,54740,125,0.260
BL_W80_T2.2_D4,61308,95,0.260
BL_W80_T2.2_D4,55790,121,0.126
BL_W80_T2.2_D4,56140,117,0.126
BL_W80_T2.2_D4,62337,89,0.126
BL_W80_T2.2_D4,66943,68,0.050
BL_W80_T2.2_D4,56990,115,0.010
BL_W80_T2.2_D4,63464,83,0.010
BL_W80_T2.2_D6,52490,137,0.420
BL_W80_T2.2_D6,53490,132,0.340
BL_W80_T2.2_D6,60181,99,0.340
BL_W80_T2.2_D6,54740,125,0.260
BL_W80_T2.2_D6,61308,95,0.260
BL_W80_T2.2_D6,55790,121,0.126
BL_W80_T2.2_D6,56140,117,0.126
BL_W80_T2.2_D6,62337,89,0.126
BL_W80_T2.2_D6,66943,68,0.050
BL_W80_T2.2_D6,56990,115,0.010
BL_W80_T2.2_D6,63464,83,0.010
BL_W80_T2.2_D8,53490,132,0.340
BL_W80_T2.2_D8,60181,99,0.340
BL_W80_T2.2_D8,54740,125,0.260
BL_W80_T2.2_D8,61308,95,0.260
BL_W80_T2.2_D8,55790,121,0.126
BL_W80_T2.2_D8,56140,117,0.126
BL_W80_T2.2_D8,62337,89,0.126
BL_W80_T2.2_D8,66943,68,0.050
BL_W80_T2.2_D8,48190,163,0.010
BL_W80_T2.2_D8,56990,115,0.010
BL_W80_T2.2_D8,63464,83,0.010
BL_W80_T2.2_D10,53490,132,0.340
BL_W80_T2.2_D10,60181,99,0.340
BL_W80_T2.2_D10,54740,125,0.260
BL_W80_T2.2_D10,61308,95,0.260
BL_W80_T2.2_D10,55790,121,0.126
BL_W80_T2.2_D10,56140,117,0.126
BL_W80_T2.2_D10,62337,89,0.126
BL_W80_T2.2_D10,66943,68,0.050
BL_W80_T2.2_D10,48040,164,0.010
BL_W80_T2.2_D10,56990,115,0.010
BL_W80_T2.2_D10,63464,83,0.010
BL_W80_T2.2_D15,53540,131,0.340
BL_W80_T2.2_D15,60181,99,0.340
BL_W80_T2.2_D15,54740,125,0.260
BL_W80_T2.2_D15,61308,95,0.260
BL_W80_T2.2_D15,55790,121,0.126
BL_W80_T2.2_D15,56140,117,0.126
BL_W80_T2.2_D15,62337,89,0.126
BL_W80_T2.2_D15,66943,68,0.050
BL_W80_T2.2_D15,56990,115,0.010
BL_W80_T2.2_D15,63464,83,0.010
BL_W80_T2.2_D20,53540,131,0.340
BL_W80_T2.2_D20,60181,99,0.340
BL_W80_T2.2_D20,54740,125,0.260
BL_W80_T2.2_D20,61308,95,0.260
BL_W80_T2.2_D20,55790,121,0.126
BL_W80_T2.2_D20,56140,117,0.126
BL_W80_T2.2_D20,62337,89,0.126
BL_W80_T2.2_D20,66943,68,0.050
BL_W80_T2.2_D20,56990,115,0.010
BL_W80_T2.2_D20,63464,83,0.010
BL_W80_T2.2_D25,53590,131,0.340
BL_W80_T2.2_D25,60181,99,0.340
BL_W80_T2.2_D25,54740,125,0.260
BL_W80_T2.2_D25,61308,95,0.260
BL_W80_T2.2_D25,55790,121,0.126
BL_W80_T2.2_D25,56140,117,0.126
BL_W80_T2.2_D25,62337,89,0.126
BL_W80_T2.2_D25,66943,68,0.050
BL_W80_T2.2_D25,56990,115,0.010
BL_W80_T2.2_D25,63464,83,0.010
BL_W80_T2.2_D30,53640,131,0.340
BL_W80_T2.2_D30,60181,99,0.340
BL_W80_T2.2_D30,54790,124,0.260
BL_W80_T2.2_D30,61308,95,0.260
BL_W80_T2.2_D30,55790,121,0.126
BL_W80_T2.2_D30,56140,117,0.126
BL_W80_T2.2_D30,62337,89,0.126
BL_W80_T2.2_D30,66943,68,0.050
BL_W80_T2.2_D30,56990,115,0.010
BL_W80_T2.2_D30,63464,83,0.010
BL_W80_T2.2_D40,60181,99,0.340
BL_W80_T2.2_D40,54840,124,0.260
BL_W80_T2.2_D40,61308,95,0.260
BL_W80_T2.2_D40,55790,121,0.126
BL_W80_T2.2_D40,56140,117,0.126
BL_W80_T2.2_D40,62337,89,0.126
BL_W80_T2.2_D40,66943,68,0.050
BL_W80_T2.2_D40,56990,115,0.010
BL_W80_T2.2_D40,63464,83,0.010
BL_W80_T2.4_D2,53490,132,0.340
BL_W80_T2.4_D2,60181,99,0.340
BL_W80_T2.4_D2,54790,124,0.260
BL_W80_T2.4_D2,61308,95,0.260
BL_W80_T2.4_D2,55790,121,0.126
BL_W80_T2.4_D2,56140,117,0.126
BL_W80_T2.4_D2,62386,89,0.126
BL_W80_T2.4_D2,63464,83,0.050
BL_W80_T2.4_D2,56990,115,0.010
BL_W80_T2.4_D4,52440,137,0.420
BL_W80_T2.4_D4,53490,132,0.340
BL_W80_T2.4_D4,60181,99,0.340
BL_W80_T2.4_D4,54790,124,0.260
BL_W80_T2.4_D4,61308,95,0.260
BL_W80_T2.4_D4,55790,121,0.126
BL_W80_T2.4_D4,56140,117,0.126
BL_W80_T2.4_D4,62386,89,0.126
BL_W80_T2.4_D4,63464,83,0.050
BL_W80_T2.4_D4,56990,115,0.010
BL_W80_T2.4_D6,52490,137,0.420
BL_W80_T2.4_D6,53490,132,0.340
BL_W80_T2.4_D6,60181,99,0.340
BL_W80_T2.4_D6,54790,124,0.260
BL_W80_T2.4_D6,61308,95,0.260
BL_W80_T2.4_D6,55790,121,0.126
BL_W80_T2.4_D6,56140,117,0.126
BL_W80_T2.4_D6,62386,89,0.126
BL_W80_T2.4_D6,63464,83,0.050
BL_W80_T2.4_D6,56990,115,0.010
BL_W80_T2.4_D8,53490,132,0.340
BL_W80_T2.4_D8,60181,99,0.340
BL_W80_T2.4_D8,54790,124,0.260
BL_W80_T2.4_D8,61308,95,0.260
BL_W80_T2.4_D8,55790,121,0.126
BL_W80_T2.4_D8,56140,117,0.126
BL_W80_T2.4_D8,62386,89,0.126
BL_W80_T2.4_D8,63464,83,0.050
BL_W80_T2.4_D8,48190,163,0.010
BL_W80_T2.4_D8,56990,115,0.010
BL_W80_T2.4_D10,53490,132,0.340
BL_W80_T2.4_D10,60181,99,0.340
BL_W80_T2.4_D10,54790,124,0.260
BL_W80_T2.4_D10,61308,95,0.260
BL_W80_T2.4_D10,55790,121,0.126
BL_W80_T2.4_D10,56140,117,0.126
BL_W80_T2.4_D10,62386,89,0.126
BL_W80_T2.4_D10,63464,83,0.050
BL_W80_T2.4_D10,48040,164,0.010
BL_W80_T2.4_D10,56990,115,0.010
BL_W80_T2.4_D15,53540,131,0.340
BL_W80_T2.4_D15,60181,99,0.340
BL_W80_T2.4_D15,54740,125,0.260
BL_W80_T2.4_D15,61308,95,0.260
BL_W80_T2.4_D15,55790,121,0.126
BL_W80_T2.4_D15,56140,117,0.126
BL_W80_T2.4_D15,62386,89,0.126
BL_W80_T2.4_D15,63464,83,0.050
BL_W80_T2.4_D15,56990,115,0.010
BL_W80_T2.4_D20,53540,131,0.340
BL_W80_T2.4_D20,60181,99,0.340
BL_W80_T2.4_D20,54740,125,0.260
BL_W80_T2.4_D20,61308,95,0.260
BL_W80_T2.4_D20,55790,121,0.126
BL_W80_T2.4_D20,56140,117,0.126
BL_W80_T2.4_D20,62386,89,0.126
BL_W80_T2.4_D20,63464,83,0.050
BL_W80_T2.4_D20,56990,115,0.010
BL_W80_T2.4_D25,53590,131,0.340
BL_W80_T2.4_D25,60181,99,0.340
BL_W80_T2.4_D25,54740,125,0.260
BL_W80_T2.4_D25,61308,95,0.260
BL_W80_T2.4_D25,55790,121,0.126
BL_W80_T2.4_D25,56140,117,0.126
BL_W80_T2.4_D25,62386,89,0.126
BL_W80_T2.4_D25,63464,83,0.050
BL_W80_T2.4_D25,56990,115,0.010
BL_W80_T2.4_D30,53640,131,0.340
BL_W80_T2.4_D30,60181,99,0.340
BL_W80_T2.4_D30,54790,124,0.260
BL_W80_T2.4_D30,61308,95,0.260
BL_W80_T2.4_D30,55790,121,0.126
BL_W80_T2.4_D30,56140,117,0.126
BL_W80_T2.4_D30,62386,89,0.126
BL_W80_T2.4_D30,63464,83,0.050
BL_W80_T2.4_D30,56990,115,0.010
BL_W80_T2.4_D40,60181,99,0.340
BL_W80_T2.4_D40,54840,124,0.260
BL_W80_T2.4_D40,61308,95,0.260
BL_W80_T2.4_D40,55790,121,0.126
BL_W80_T2.4_D40,56140,117,0.126
BL_W80_T2.4_D40,62386,89,0.126
BL_W80_T2.4_D40,63464,83,0.050
BL_W80_T2.4_D40,56990,115,0.010
BL_W80_T2.6_D2,53490,132,0.340
BL_W80_T2.6_D2,54790,124,0.260
BL_W80_T2.6_D2,55790,121,0.126
BL_W80_T2.6_D2,56140,117,0.126
BL_W80_T2.6_D2,62386,89,0.050
BL_W80_T2.6_D2,56990,115,0.010
BL_W80_T2.6_D2,60230,99,0.010
BL_W80_T2.6_D4,52440,137,0.420
BL_W80_T2.6_D4,53490,132,0.340
BL_W80_T2.6_D4,54790,124,0.260
BL_W80_T2.6_D4,55790,121,0.126
BL_W80_T2.6_D4,56140,117,0.126
BL_W80_T2.6_D4,62386,89,0.050
BL_W80_T2.6_D4,56990,115,0.010
BL_W80_T2.6_D4,60230,99,0.010
BL_W80_T2.6_D6,52490,137,0.420
BL_W80_T2.6_D6,53490,132,0.340
BL_W80_T2.6_D6,54790,124,0.260
BL_W80_T2.6_D6,55790,121,0.126
BL_W80_T2.6_D6,56140,117,0.126
BL_W80_T2.6_D6,62386,89,0.050
BL_W80_T2.6_D6,56990,115,0.010
BL_W80_T2.6_D6,60230,99,0.010
BL_W80_T2.6_D8,53490,132,0.340
BL_W80_T2.6_D8,54790,124,0.260
BL_W80_T2.6_D8,55790,121,0.126
BL_W80_T2.6_D8,56140,117,0.126
BL_W80_T2.6_D8,62386,89,0.050
BL_W80_T2.6_D8,48190,163,0.010
BL_W80_T2.6_D8,56990,115,0.010
BL_W80_T2.6_D8,60230,99,0.010
BL_W80_T2.6_D10,53490,132,0.340
BL_W80_T2.6_D10,54790,124,0.260
BL_W80_T2.6_D10,55790,121,0.126
BL_W80_T2.6_D10,56140,117,0.126
BL_W80_T2.6_D10,62386,89,0.050
BL_W80_T2.6_D10,48040,164,0.010
BL_W80_T2.6_D10,56990,115,0.010
BL_W80_T2.6_D10,60230,99,0.010
BL_W80_T2.6_D15,53540,131,0.340
BL_W80_T2.6_D15,54740,125,0.260
BL_W80_T2.6_D15,55790,121,0.126
BL_W80_T2.6_D15,56140,117,0.126
BL_W80_T2.6_D15,62386,89,0.050
BL_W80_T2.6_D15,56990,115,0.010
BL_W80_T2.6_D15,60230,99,0.010
BL_W80_T2.6_D20,53540,131,0.340
BL_W80_T2.6_D20,54740,125,0.260
BL_W80_T2.6_D20,55790,121,0.126
BL_W80_T2.6_D20,56140,117,0.126
BL_W80_T2.6_D20,62386,89,0.050
BL_W80_T2.6_D20,56990,115,0.010
BL_W80_T2.6_D20,60230,99,0.010
BL_W80_T2.6_D25,53590,131,0.340
BL_W80_T2.6_D25,54740,125,0.260
BL_W80_T2.6_D25,55790,121,0.126
BL_W80_T2.6_D25,56140,117,0.126
BL_W80_T2.6_D25,62386,89,0.050
BL_W80_T2.6_D25,56990,115,0.010
BL_W80_T2.6_D25,60230,99,0.010
BL_W80_T2.6_D30,53640,131,0.340
BL_W80_T2.6_D30,54790,124,0.260
BL_W80_T2.6_D30,55790,121,0.126
BL_W80_T2.6_D30,56140,117,0.126
BL_W80_T2.6_D30,62386,89,0.050
BL_W80_T2.6_D30,56990,115,0.010
BL_W80_T2.6_D30,60230,99,0.010
BL_W80_T2.6_D40,54840,124,0.260
BL_W80_T2.6_D40,55790,121,0.126
BL_W80_T2.6_D40,56140,117,0.126
BL_W80_T2.6_D40,62386,89,0.050
BL_W80_T2.6_D40,56990,115,0.010
BL_W80_T2.6_D40,60230,99,0.010
BL_W80_T2.8_D2,53540,131,0.340
BL_W80_T2.8_D2,54790,124,0.260
BL_W80_T2.8_D2,55790,121,0.126
BL_W80_T2.8_D2,56140,117,0.126
BL_W80_T2.8_D2,57040,114,0.050
BL_W80_T2.8_D4,52440,137,0.420
BL_W80_T2.8_D4,53540,131,0.340
BL_W80_T2.8_D4,54790,124,0.260
BL_W80_T2.8_D4,55790,121,0.126
BL_W80_T2.8_D4,56140,117,0.126
BL_W80_T2.8_D4,57040,114,0.050
BL_W80_T2.8_D6,52490,137,0.420
BL_W80_T2.8_D6,53490,132,0.340
BL_W80_T2.8_D6,54790,124,0.260
BL_W80_T2.8_D6,55790,121,0.126
BL_W80_T2.8_D6,56140,117,0.126
BL_W80_T2.8_D6,57040,114,0.050
BL_W80_T2.8_D8,53490,132,0.340
BL_W80_T2.8_D8,54790,124,0.260
BL_W80_T2.8_D8,55790,121,0.126
BL_W80_T2.8_D8,56140,117,0.126
BL_W80_T2.8_D8,57040,114,0.050
BL_W80_T2.8_D8,48190,163,0.010
BL_W80_T2.8_D10,53490,132,0.340
BL_W80_T2.8_D10,54790,124,0.260
BL_W80_T2.8_D10,55790,121,0.126
BL_W80_T2.8_D10,56140,117,0.126
BL_W80_T2.8_D10,57040,114,0.050
BL_W80_T2.8_D10,48040,164,0.010
BL_W80_T2.8_D15,53540,131,0.340
BL_W80_T2.8_D15,54740,125,0.260
BL_W80_T2.8_D15,55790,121,0.126
BL_W80_T2.8_D15,56140,117,0.126
BL_W80_T2.8_D15,57040,114,0.050
BL_W80_T2.8_D20,53540,131,0.340
BL_W80_T2.8_D20,54740,125,0.260
BL_W80_T2.8_D20,55790,121,0.126
BL_W80_T2.8_D20,56140,117,0.126
BL_W80_T2.8_D20,57040,114,0.050
BL_W80_T2.8_D25,53590,131,0.340
BL_W80_T2.8_D25,54740,125,0.260
BL_W80_T2.8_D25,55790,121,0.126
BL_W80_T2.8_D25,56140,117,0.126
BL_W80_T2.8_D25,57040,114,0.050
BL_W80_T2.8_D30,53640,131,0.340
BL_W80_T2.8_D30,54790,124,0.260
BL_W80_T2.8_D30,55790,121,0.126
BL_W80_T2.8_D30,56140,117,0.126
BL_W80_T2.8_D30,57040,114,0.050
BL_W80_T2.8_D40,54840,124,0.260
BL_W80_T2.8_D40,55790,121,0.126
BL_W80_T2.8_D40,56140,117,0.126
BL_W80_T2.8_D40,57040,114,0.050
BL_W80_T3.0_D2,53540,131,0.340
BL_W80_T3.0_D2,54790,124,0.260
BL_W80_T3.0_D2,55790,121,0.126
BL_W80_T3.0_D2,57040,114,0.050
BL_W80_T3.0_D4,52440,137,0.420
BL_W80_T3.0_D4,53540,131,0.340
BL_W80_T3.0_D4,54790,124,0.260
BL_W80_T3.0_D4,55790,121,0.126
BL_W80_T3.0_D4,57040,114,0.050
BL_W80_T3.0_D6,52490,137,0.420
BL_W80_T3.0_D6,53490,132,0.340
BL_W80_T3.0_D6,54790,124,0.260
BL_W80_T3.0_D6,55790,121,0.126
BL_W80_T3.0_D6,57040,114,0.050
BL_W80_T3.0_D8,53490,132,0.340
BL_W80_T3.0_D8,54790,124,0.260
BL_W80_T3.0_D8,55790,121,0.126
BL_W80_T3.0_D8,57040,114,0.050
BL_W80_T3.0_D8,48190,163,0.010
BL_W80_T3.0_D10,53490,132,0.340
BL_W80_T3.0_D10,54790,124,0.260
BL_W80_T3.0_D10,55790,121,0.126
BL_W80_T3.0_D10,57040,114,0.050
BL_W80_T3.0_D10,48040,164,0.010
BL_W80_T3.0_D15,53540,131,0.340
BL_W80_T3.0_D15,54740,125,0.260
BL_W80_T3.0_D15,55790,121,0.126
BL_W80_T3.0_D15,57040,114,0.050
BL_W80_T3.0_D20,53540,131,0.340
BL_W80_T3.0_D20,54740,125,0.260
BL_W80_T3.0_D20,55790,121,0.126
BL_W80_T3.0_D20,57040,114,0.050
BL_W80_T3.0_D25,53590,131,0.340
BL_W80_T3.0_D25,54740,125,0.260
BL_W80_T3.0_D25,55790,121,0.126
BL_W80_T3.0_D25,57040,114,0.050
BL_W80_T3.0_D30,53640,131,0.340
BL_W80_T3.0_D30,54790,124,0.260
BL_W80_T3.0_D30,55790,121,0.126
BL_W80_T3.0_D30,57040,114,0.050
BL_W80_T3.0_D40,54840,124,0.260
BL_W80_T3.0_D40,55790,121,0.126
BL_W80_T3.0_D40,57040,114,0.050
BL_W90_T1.0_D2,51540,143,1.200
BL_W90_T1.0_D2,52440,137,1.140
BL_W90_T1.0_D2,53440,132,1.060
BL_W90_T1.0_D2,53790,130,1.060
BL_W90_T1.0_D2,54690,125,0.980
BL_W90_T1.0_D2,55040,123,0.980
BL_W90_T1.0_D2,55790,121,0.900
BL_W90_T1.0_D2,56140,117,0.900
BL_W90_T1.0_D2,56940,116,0.820
BL_W90_T1.0_D2,58040,110,0.740
BL_W90_T1.0_D2,59040,105,0.660
BL_W90_T1.0_D2,60132,100,0.580
BL_W90_T1.0_D2,61210,96,0.500
BL_W90_T1.0_D2,62288,89,0.420
BL_W90_T1.0_D2,63366,84,0.340
BL_W90_T1.0_D2,64640,78,0.260
BL_W90_T1.0_D2,65767,74,0.126
BL_W90_T1.0_D2,66845,69,0.050
BL_W90_T1.0_D4,51540,143,1.200
BL_W90_T1.0_D4,52440,137,1.140
BL_W90_T1.0_D4,53440,132,1.060
BL_W90_T1.0_D4,53790,130,1.060
BL_W90_T1.0_D4,54690,125,0.980
BL_W90_T1.0_D4,55040,123,0.980
BL_W90_T1.0_D4,55790,121,0.900
BL_W90_T1.0_D4,56140,117,0.900
BL_W90_T1.0_D4,56940,116,0.820
BL_W90_T1.0_D4,58040,110,0.740
BL_W90_T1.0_D4,59040,105,0.660
BL_W90_T1.0_D4,60132,100,0.580
BL_W90_T1.0_D4,61210,96,0.500
BL_W90_T1.0_D4,62288,89,0.420
BL_W90_T1.0_D4,63366,84,0.340
BL_W90_T1.0_D4,64640,78,0.260
BL_W90_T1.0_D4,65767,74,0.126
BL_W90_T1.0_D4,66845,69,0.050
BL_W90_T1.0_D6,53490,132,1.060
BL_W90_T1.0_D6,54690,125,0.980
BL_W90_T1.0_D6,55040,123,0.980
BL_W90_T1.0_D6,55790,121,0.900
BL_W90_T1.0_D6,56140,117,0.900
BL_W90_T1.0_D6,56940,116,0.820
BL_W90_T1.0_D6,58040,110,0.740
BL_W90_T1.0_D6,59040,105,0.660
BL_W90_T1.0_D6,60132,100,0.580
BL_W90_T1.0_D6,61210,96,0.500
BL_W90_T1.0_D6,62288,89,0.420
BL_W90_T1.0_D6,63366,84,0.340
BL_W90_T1.0_D6,64640,78,0.260
BL_W90_T1.0_D6,65767,74,0.126
BL_W90_T1.0_D6,66845,69,0.050
BL_W90_T1.0_D8,53490,132,1.060
BL_W90_T1.0_D8,54690,125,0.980
BL_W90_T1.0_D8,55040,123,0.980
BL_W90_T1.0_D8,55790,121,0.900
BL_W90_T1.0_D8,56140,117,0.900
BL_W90_T1.0_D8,56940,116,0.820
BL_W90_T1.0_D8,58040,110,0.740
BL_W90_T1.0_D8,59040,105,0.660
BL_W90_T1.0_D8,60132,100,0.580
BL_W90_T1.0_D8,61210,96,0.500
BL_W90_T1.0_D8,62288,89,0.420
BL_W90_T1.0_D8,63366,84,0.340
BL_W90_T1.0_D8,64640,78,0.260
BL_W90_T1.0_D8,65767,74,0.126
BL_W90_T1.0_D8,66845,69,0.050
BL_W90_T1.0_D10,53490,132,1.060
BL_W90_T1.0_D10,54690,125,0.980
BL_W90_T1.0_D10,55040,123,0.980
BL_W90_T1.0_D10,55790,121,0.900
BL_W90_T1.0_D10,56140,117,0.900
BL_W90_T1.0_D10,56940,116,0.820
BL_W90_T1.0_D10,58040,110,0.740
BL_W90_T1.0_D10,59040,105,0.660
BL_W90_T1.0_D10,60132,100,0.580
BL_W90_T1.0_D10,61210,96,0.500
BL_W90_T1.0_D10,62288,89,0.420
BL_W90_T1.0_D10,63366,84,0.340
BL_W90_T1.0_D10,64640,78,0.260
BL_W90_T1.0_D10,65767,74,0.126
BL_W90_T1.0_D10,66845,69,0.050
BL_W90_T1.0_D15,53540,131,1.060
BL_W90_T1.0_D15,54740,125,0.980
BL_W90_T1.0_D15,55790,121,0.900
BL_W90_T1.0_D15,56140,117,0.900
BL_W90_T1.0_D15,56940,116,0.820
BL_W90_T1.0_D15,58040,110,0.740
BL_W90_T1.0_D15,59040,105,0.660
BL_W90_T1.0_D15,60132,100,0.580
BL_W90_T1.0_D15,61210,96,0.500
BL_W90_T1.0_D15,62288,89,0.420
BL_W90_T1.0_D15,63366,84,0.340
BL_W90_T1.0_D15,64640,78,0.260
BL_W90_T1.0_D15,65767,74,0.126
BL_W90_T1.0_D15,66845,69,0.050
BL_W90_T1.0_D20,53540,131,1.060
BL_W90_T1.0_D20,54740,125,0.980
BL_W90_T1.0_D20,55790,121,0.900
BL_W90_T1.0_D20,56140,117,0.900
BL_W90_T1.0_D20,56940,116,0.820
BL_W90_T1.0_D20,58040,110,0.740
BL_W90_T1.0_D20,59040,105,0.660
BL_W90_T1.0_D20,60132,100,0.580
BL_W90_T1.0_D20,61210,96,0.500
BL_W90_T1.0_D20,62288,89,0.420
BL_W90_T1.0_D20,63366,84,0.340
BL_W90_T1.0_D20,64640,78,0.260
BL_W90_T1.0_D20,65767,74,0.126
BL_W90_T1.0_D20,66845,69,0.050
BL_W90_T1.0_D25,53590,131,1.060
BL_W90_T1.0_D25,54740,125,0.980
BL_W90_T1.0_D25,55790,121,0.900
BL_W90_T1.0_D25,56140,117,0.900
BL_W90_T1.0_D25,56940,116,0.820
BL_W90_T1.0_D25,58040,110,0.740
BL_W90_T1.0_D25,59040,105,0.660
BL_W90_T1.0_D25,60132,100,0.580
BL_W90_T1.0_D25,61210,96,0.500
BL_W90_T1.0_D25,62288,89,0.420
BL_W90_T1.0_D25,63366,84,0.340
BL_W90_T1.0_D25,64640,78,0.260
BL_W90_T1.0_D25,65767,74,0.126
BL_W90_T1.0_D25,66845,69,0.050
BL_W90_T1.0_D30,53640,131,1.060
BL_W90_T1.0_D30,54790,124,0.980
BL_W90_T1.0_D30,55790,121,0.900
BL_W90_T1.0_D30,56140,117,0.900
BL_W90_T1.0_D30,56940,116,0.820
BL_W90_T1.0_D30,58040,110,0.740
BL_W90_T1.0_D30,59040,105,0.660
BL_W90_T1.0_D30,60132,100,0.580
BL_W90_T1.0_D30,61210,96,0.500
BL_W90_T1.0_D30,62288,89,0.420
BL_W90_T1.0_D30,63366,84,0.340
BL_W90_T1.0_D30,64640,78,0.260
BL_W90_T1.0_D30,65767,74,0.126
BL_W90_T1.0_D30,66845,69,0.050
BL_W90_T1.0_D40,54840,124,0.980
BL_W90_T1.0_D40,55790,121,0.900
BL_W90_T1.0_D40,56140,117,0.900
BL_W90_T1.0_D40,56940,116,0.820
BL_W90_T1.0_D40,58040,110,0.740
BL_W90_T1.0_D40,59040,105,0.660
BL_W90_T1.0_D40,60132,100,0.580
BL_W90_T1.0_D40,61210,96,0.500
BL_W90_T1.0_D40,62288,89,0.420
BL_W90_T1.0_D40,63366,84,0.340
BL_W90_T1.0_D40,64640,78,0.260
BL_W90_T1.0_D40,65767,74,0.126
BL_W90_T1.0_D40,66845,69,0.050
BL_W90_T1.2_D2,51540,143,1.200
BL_W90_T1.2_D2,52490,137,1.140
BL_W90_T1.2_D2,53490,132,1.060
BL_W90_T1.2_D2,54740,125,0.980
BL_W90_T1.2_D2,55790,121,0.900
BL_W90_T1.2_D2,56140,117,0.900
BL_W90_T1.2_D2,56940,116,0.820
BL_W90_T1.2_D2,58090,109,0.740
BL_W90_T1.2_D2,59040,105,0.660
BL_W90_T1.2_D2,60132,100,0.580
BL_W90_T1.2_D2,61259,95,0.500
BL_W90_T1.2_D2,62288,89,0.420
BL_W90_T1.2_D2,63415,83,0.340
BL_W90_T1.2_D2,64640,78,0.260
BL_W90_T1.2_D2,65767,74,0.126
BL_W90_T1.2_D2,66845,69,0.050
BL_W90_T1.2_D4,51540,143,1.200
BL_W90_T1.2_D4,52490,137,1.140
BL_W90_T1.2_D4,53440,132,1.060
BL_W90_T1.2_D4,53790,130,1.060
BL_W90_T1.2_D4,54740,125,0.980
BL_W90_T1.2_D4,55790,121,0.900
BL_W90_T1.2_D4,56140,117,0.900
BL_W90_T1.2_D4,56940,116,0.820
BL_W90_T1.2_D4,58090,109,0.740
BL_W90_T1.2_D4,59040,105,0.660
BL_W90_T1.2_D4,60132,100,0.580
BL_W90_T1.2_D4,61259,95,0.500
BL_W90_T1.2_D4,62288,89,0.420
BL_W90_T1.2_D4,63415,83,0.340
BL_W90_T1.2_D4,64640,78,0.260
BL_W90_T1.2_D4,65767,74,0.126
BL_W90_T1.2_D4,66845,69,0.050
BL_W90_T1.2_D6,53490,132,1.060
BL_W90_T1.2_D6,54740,125,0.980
BL_W90_T1.2_D6,55790,121,0.900
BL_W90_T1.2_D6,56140,117,0.900
BL_W90_T1.2_D6,56940,116,0.820
BL_W90_T1.2_D6,58090,109,0.740
BL_W90_T1.2_D6,59040,105,0.660
BL_W90_T1.2_D6,60132,100,0.580
BL_W90_T1.2_D6,61259,95,0.500
BL_W90_T1.2_D6,62288,89,0.420
BL_W90_T1.2_D6,63415,83,0.340
BL_W90_T1.2_D6,64640,78,0.260
BL_W90_T1.2_D6,65767,74,0.126
BL_W90_T1.2_D6,66845,69,0.050
BL_W90_T1.2_D8,53490,132,1.060
BL_W90_T1.2_D8,54740,125,0.980
BL_W90_T1.2_D8,55790,121,0.900
BL_W90_T1.2_D8,56140,117,0.900
BL_W90_T1.2_D8,56940,116,0.820
BL_W90_T1.2_D8,58090,109,0.740
BL_W90_T1.2_D8,59040,105,0.660
BL_W90_T1.2_D8,60132,100,0.580
BL_W90_T1.2_D8,61259,95,0.500
BL_W90_T1.2_D8,62288,89,0.420
BL_W90_T1.2_D8,63415,83,0.340
BL_W90_T1.2_D8,64640,78,0.260
BL_W90_T1.2_D8,65767,74,0.126
BL_W90_T1.2_D8,66845,69,0.050
BL_W90_T1.2_D10,53490,132,1.060
BL_W90_T1.2_D10,54740,125,0.980
BL_W90_T1.2_D10,55790,121,0.900
BL_W90_T1.2_D10,56140,117,0.900
BL_W90_T1.2_D10,56940,116,0.820
BL_W90_T1.2_D10,58090,109,0.740
BL_W90_T1.2_D10,59040,105,0.660
BL_W90_T1.2_D10,60132,100,0.580
BL_W90_T1.2_D10,61259,95,0.500
BL_W90_T1.2_D10,62288,89,0.420
BL_W90_T1.2_D10,63415,83,0.340
BL_W90_T1.2_D10,64640,78,0.260
BL_W90_T1.2_D10,65767,74,0.126
BL_W90_T1.2_D10,66845,69,0.050
BL_W90_T1.2_D15,53540,131,1.060
BL_W90_T1.2_D15,54740,125,0.980
BL_W90_T1.2_D15,55790,121,0.900
BL_W90_T1.2_D15,56140,117,0.900
BL_W90_T1.2_D15,56940,116,0.820
BL_W90_T1.2_D15,58090,109,0.740
BL_W90_T1.2_D15,59040,105,0.660
BL_W90_T1.2_D15,60132,100,0.580
BL_W90_T1.2_D15,61259,95,0.500
BL_W90_T1.2_D15,62288,89,0.420
BL_W90_T1.2_D15,63415,83,0.340
BL_W90_T1.2_D15,64640,78,0.260
BL_W90_T1.2_D15,65767,74,0.126
BL_W90_T1.2_D15,66845,69,0.050
BL_W90_T1.2_D20,53540,131,1.060
BL_W90_T1.2_D20,54740,125,0.980
BL_W90_T1.2_D20,55790,121,0.900
BL_W90_T1.2_D20,56140,117,0.900
BL_W90_T1.2_D20,56940,116,0.820
BL_W90_T1.2_D20,58090,109,0.740
BL_W90_T1.2_D20,59040,105,0.660
BL_W90_T1.2_D20,60132,100,0.580
BL_W90_T1.2_D20,61259,95,0.500
BL_W90_T1.2_D20,62288,89,0.420
BL_W90_T1.2_D20,63415,83,0.340
BL_W90_T1.2_D20,64640,78,0.260
BL_W90_T1.2_D20,65767,74,0.126
BL_W90_T1.2_D20,66845,69,0.050
BL_W90_T1.2_D25,53590,131,1.060
BL_W90_T1.2_D25,54740,125,0.980
BL_W90_T1.2_D25,55790,121,0.900
BL_W90_T1.2_D25,56140,117,0.900
BL_W90_T1.2_D25,56940,116,0.820
BL_W90_T1.2_D25,58090,109,0.740
BL_W90_T1.2_D25,59040,105,0.660
BL_W90_T1.2_D25,60132,100,0.580
BL_W90_T1.2_D25,61259,95,0.500
BL_W90_T1.2_D25,62288,89,0.420
BL_W90_T1.2_D25,63415,83,0.340
BL_W90_T1.2_D25,64640,78,0.260
BL_W90_T1.2_D25,65767,74,0.126
BL_W90_T1.2_D25,66845,69,0.050
BL_W90_T1.2_D30,53640,131,1.060
BL_W90_T1.2_D30,54790,124,0.980
BL_W90_T1.2_D30,55790,121,0.900
BL_W90_T1.2_D30,56140,117,0.900
BL_W90_T1.2_D30,56940,116,0.820
BL_W90_T1.2_D30,58090,109,0.740
BL_W90_T1.2_D30,59040,105,0.660
BL_W90_T1.2_D30,60132,100,0.580
BL_W90_T1.2_D30,61259,95,0.500
BL_W90_T1.2_D30,62288,89,0.420
BL_W90_T1.2_D30,63415,83,0.340
BL_W90_T1.2_D30,64640,78,0.260
BL_W90_T1.2_D30,65767,74,0.126
BL_W90_T1.2_D30,66845,69,0.050
BL_W90_T1.2_D40,54840,124,0.980
BL_W90_T1.2_D40,55790,121,0.900
BL_W90_T1.2_D40,56140,117,0.900
BL_W90_T1.2_D40,56940,116,0.820
BL_W90_T1.2_D40,58090,109,0.740
BL_W90_T1.2_D40,59040,105,0.660
BL_W90_T1.2_D40,60132,100,0.580
BL_W90_T1.2_D40,61259,95,0.500
BL_W90_T1.2_D40,62288,89,0.420
BL_W90_T1.2_D40,63415,83,0.340
BL_W90_T1.2_D40,64640,78,0.260
BL_W90_T1.2_D40,65767,74,0.126
BL_W90_T1.2_D40,66845,69,0.050
BL_W90_T1.4_D2,52490,137,1.140
BL_W90_T1.4_D2,53490,132,1.060
BL_W90_T1.4_D2,54740,125,0.980
BL_W90_T1.4_D2,55790,121,0.900
BL_W90_T1.4_D2,56140,117,0.900
BL_W90_T1.4_D2,56940,116,0.820
BL_W90_T1.4_D2,58090,109,0.740
BL_W90_T1.4_D2,59040,105,0.660
BL_W90_T1.4_D2,60132,100,0.580
BL_W90_T1.4_D2,61259,95,0.500
BL_W90_T1.4_D2,62288,89,0.420
BL_W90_T1.4_D2,63415,83,0.340
BL_W90_T1.4_D2,64640,78,0.260
BL_W90_T1.4_D2,65767,74,0.126
BL_W90_T1.4_D2,66845,69,0.050
BL_W90_T1.4_D4,52490,137,1.140
BL_W90_T1.4_D4,53440,132,1.060
BL_W90_T1.4_D4,53790,130,1.060
BL_W90_T1.4_D4,54740,125,0.980
BL_W90_T1.4_D4,55790,121,0.900
BL_W90_T1.4_D4,56140,117,0.900
BL_W90_T1.4_D4,56940,116,0.820
BL_W90_T1.4_D4,58090,109,0.740
BL_W90_T1.4_D4,59040,105,0.660
BL_W90_T1.4_D4,60132,100,0.580
BL_W90_T1.4_D4,61259,95,0.500
BL_W90_T1.4_D4,62288,89,0.420
BL_W90_T1.4_D4,63415,83,0.340
BL_W90_T1.4_D4,64640,78,0.260
BL_W90_T1.4_D4,65767,74,0.126
BL_W90_T1.4_D4,66845,69,0.050
BL_W90_T1.4_D6,53490,132,1.060
BL_W90_T1.4_D6,54740,125,0.980
BL_W90_T1.4_D6,55790,121,0.900
BL_W90_T1.4_D6,56140,117,0.900
BL_W90_T1.4_D6,56940,116,0.820
BL_W90_T1.4_D6,58090,109,0.740
BL_W90_T1.4_D6,59040,105,0.660
BL_W90_T1.4_D6,60132,100,0.580
BL_W90_T1.4_D6,61259,95,0.500
BL_W90_T1.4_D6,62288,89,0.420
BL_W90_T1.4_D6,63415,83,0.340
BL_W90_T1.4_D6,64640,78,0.260
BL_W90_T1.4_D6,65767,74,0.126
BL_W90_T1.4_D6,66845,69,0.050
BL_W90_T1.4_D8,53490,132,1.060
BL_W90_T1.4_D8,54740,125,0.980
BL_W90_T1.4_D8,55790,121,0.900
BL_W90_T1.4_D8,56140,117,0.900
BL_W90_T1.4_D8,56940,116,0.820
BL_W90_T1.4_D8,58090,109,0.740
BL_W90_T1.4_D8,59040,105,0.660
BL_W90_T1.4_D8,60132,100,0.580
BL_W90_T1.4_D8,61259,95,0.500
BL_W90_T1.4_D8,62288,89,0.420
BL_W90_T1.4_D8,63415,83,0.340
BL_W90_T1.4_D8,64640,78,0.260
BL_W90_T1.4_D8,65767,74,0.126
BL_W90_T1.4_D8,66845,69,0.050
BL_W90_T1.4_D10,53490,132,1.060
BL_W90_T1.4_D10,54740,125,0.980
BL_W90_T1.4_D10,55790,121,0.900
BL_W90_T1.4_D10,56140,117,0.900
BL_W90_T1.4_D10,56940,116,0.820
BL_W90_T1.4_D10,58090,109,0.740
BL_W90_T1.4_D10,59040,105,0.660
BL_W90_T1.4_D10,60132,100,0.580
BL_W90_T1.4_D10,61259,95,0.500
BL_W90_T1.4_D10,62288,89,0.420
BL_W90_T1.4_D10,63415,83,0.340
BL_W90_T1.4_D10,64640,78,0.260
BL_W90_T1.4_D10,65767,74,0.126
BL_W90_T1.4_D10,66845,69,0.050
BL_W90_T1.4_D15,53540,131,1.060
BL_W90_T1.4_D15,54740,125,0.980
BL_W90_T1.4_D15,55790,121,0.900
BL_W90_T1.4_D15,56140,117,0.900
BL_W90_T1.4_D15,56940,116,0.820
BL_W90_T1.4_D15,58090,109,0.740
BL_W90_T1.4_D15,59040,105,0.660
BL_W90_T1.4_D15,60132,100,0.580
BL_W90_T1.4_D15,61259,95,0.500
BL_W90_T1.4_D15,62288,89,0.420
BL_W90_T1.4_D15,63415,83,0.340
BL_W90_T1.4_D15,64640,78,0.260
BL_W90_T1.4_D15,65767,74,0.126
BL_W90_T1.4_D15,66845,69,0.050
BL_W90_T1.4_D20,53540,131,1.060
BL_W90_T1.4_D20,54740,125,0.980
BL_W90_T1.4_D20,55790,121,0.900
BL_W90_T1.4_D20,56140,117,0.900
BL_W90_T1.4_D20,56940,116,0.820
BL_W90_T1.4_D20,58090,109,0.740
BL_W90_T1.4_D20,59040,105,0.660
BL_W90_T1.4_D20,60132,100,0.580
BL_W90_T1.4_D20,61259,95,0.500
BL_W90_T1.4_D20,62288,89,0.420
BL_W90_T1.4_D20,63415,83,0.340
BL_W90_T1.4_D20,64640,78,0.260
BL_W90_T1.4_D20,65767,74,0.126
BL_W90_T1.4_D20,66845,69,0.050
BL_W90_T1.4_D25,53590,131,1.060
BL_W90_T1.4_D25,54740,125,0.980
BL_W90_T1.4_D25,55790,121,0.900
BL_W90_T1.4_D25,56140,117,0.900
BL_W90_T1.4_D25,56940,116,0.820
BL_W90_T1.4_D25,58090,109,0.740
BL_W90_T1.4_D25,59040,105,0.660
BL_W90_T1.4_D25,60132,100,0.580
BL_W90_T1.4_D25,61259,95,0.500
BL_W90_T1.4_D25,62288,89,0.420
BL_W90_T1.4_D25,63415,83,0.340
BL_W90_T1.4_D25,64640,78,0.260
BL_W90_T1.4_D25,65767,74,0.126
BL_W90_T1.4_D25,66845,69,0.050
BL_W90_T1.4_D30,53640,131,1.060
BL_W90_T1.4_D30,54790,124,0.980
BL_W90_T1.4_D30,55790,121,0.900
BL_W90_T1.4_D30,56140,117,0.900
BL_W90_T1.4_D30,56940,116,0.820
BL_W90_T1.4_D30,58090,109,0.740
BL_W90_T1.4_D30,59040,105,0.660
BL_W90_T1.4_D30,60132,100,0.580
BL_W90_T1.4_D30,61259,95,0.500
BL_W90_T1.4_D30,62288,89,0.420
BL_W90_T1.4_D30,63415,83,0.340
BL_W90_T1.4_D30,64640,78,0.260
BL_W90_T1.4_D30,65767,74,0.126
BL_W90_T1.4_D30,66845,69,0.050
BL_W90_T1.4_D40,54840,124,0.980
BL_W90_T1.4_D40,55790,121,0.900
BL_W90_T1.4_D40,56140,117,0.900
BL_W90_T1.4_D40,56940,116,0.820
BL_W90_T1.4_D40,58090,109,0.740
BL_W90_T1.4_D40,59040,105,0.660
BL_W90_T1.4_D40,60132,100,0.580
BL_W90_T1.4_D40,61259,95,0.500
BL_W90_T1.4_D40,62288,89,0.420
BL_W90_T1.4_D40,63415,83,0.340
BL_W90_T1.4_D40,64640,78,0.260
BL_W90_T1.4_D40,65767,74,0.126
BL_W90_T1.4_D40,66845,69,0.050
BL_W90_T1.6_D2,53490,132,1.060
BL_W90_T1.6_D2,54740,125,0.980
BL_W90_T1.6_D2,55790,121,0.900
BL_W90_T1.6_D2,56140,117,0.900
BL_W90_T1.6_D2,56990,115,0.820
BL_W90_T1.6_D2,58090,109,0.740
BL_W90_T1.6_D2,59090,104,0.660
BL_W90_T1.6_D2,60181,99,0.580
BL_W90_T1.6_D2,61259,95,0.500
BL_W90_T1.6_D2,62288,89,0.420
BL_W90_T1.6_D2,63415,83,0.340
BL_W90_T1.6_D2,64640,78,0.260
BL_W90_T1.6_D2,65767,74,0.126
BL_W90_T1.6_D2,66894,69,0.050
BL_W90_T1.6_D4,53440,132,1.060
BL_W90_T1.6_D4,53790,130,1.060
BL_W90_T1.6_D4,54740,125,0.980
BL_W90_T1.6_D4,55790,121,0.900
BL_W90_T1.6_D4,56140,117,0.900
BL_W90_T1.6_D4,56990,115,0.820
BL_W90_T1.6_D4,58090,109,0.740
BL_W90_T1.6_D4,59090,104,0.660
BL_W90_T1.6_D4,60181,99,0.580
BL_W90_T1.6_D4,61259,95,0.500
BL_W90_T1.6_D4,62288,89,0.420
BL_W90_T1.6_D4,63415,83,0.340
BL_W90_T1.6_D4,64640,78,0.260
BL_W90_T1.6_D4,65767,74,0.126
BL_W90_T1.6_D4,66894,69,0.050
BL_W90_T1.6_D6,53490,132,1.060
BL_W90_T1.6_D6,54740,125,0.980
BL_W90_T1.6_D6,55790,121,0.900
BL_W90_T1.6_D6,56140,117,0.900
BL_W90_T1.6_D6,56990,115,0.820
BL_W90_T1.6_D6,58090,109,0.740
BL_W90_T1.6_D6,59090,104,0.660
BL_W90_T1.6_D6,60181,99,0.580
BL_W90_T1.6_D6,61259,95,0.500
BL_W90_T1.6_D6,62288,89,0.420
BL_W90_T1.6_D6,63415,83,0.340
BL_W90_T1.6_D6,64640,78,0.260
BL_W90_T1.6_D6,65767,74,0.126
BL_W90_T1.6_D6,66894,69,0.050
BL_W90_T1.6_D8,53490,132,1.060
BL_W90_T1.6_D8,54740,125,0.980
BL_W90_T1.6_D8,55790,121,0.900
BL_W90_T1.6_D8,56140,117,0.900
BL_W90_T1.6_D8,56990,115,0.820
BL_W90_T1.6_D8,58090,109,0.740
BL_W90_T1.6_D8,59090,104,0.660
BL_W90_T1.6_D8,60181,99,0.580
BL_W90_T1.6_D8,61259,95,0.500
BL_W90_T1.6_D8,62288,89,0.420
BL_W90_T1.6_D8,63415,83,0.340
BL_W90_T1.6_D8,64640,78,0.260
BL_W90_T1.6_D8,65767,74,0.126
BL_W90_T1.6_D8,66894,69,0.050
BL_W90_T1.6_D10,53490,132,1.060
BL_W90_T1.6_D10,54740,125,0.980
BL_W90_T1.6_D10,55790,121,0.900
BL_W90_T1.6_D10,56140,117,0.900
BL_W90_T1.6_D10,56990,115,0.820
BL_W90_T1.6_D10,58090,109,0.740
BL_W90_T1.6_D10,59090,104,0.660
BL_W90_T1.6_D10,60181,99,0.580
BL_W90_T1.6_D10,61259,95,0.500
BL_W90_T1.6_D10,62288,89,0.420
BL_W90_T1.6_D10,63415,83,0.340
BL_W90_T1.6_D10,64640,78,0.260
BL_W90_T1.6_D10,65767,74,0.126
BL_W90_T1.6_D10,66894,69,0.050
BL_W90_T1.6_D15,53540,131,1.060
BL_W90_T1.6_D15,54740,125,0.980
BL_W90_T1.6_D15,55790,121,0.900
BL_W90_T1.6_D15,56140,117,0.900
BL_W90_T1.6_D15,56990,115,0.820
BL_W90_T1.6_D15,58090,109,0.740
BL_W90_T1.6_D15,59090,104,0.660
BL_W90_T1.6_D15,60181,99,0.580
BL_W90_T1.6_D15,61259,95,0.500
BL_W90_T1.6_D15,62288,89,0.420
BL_W90_T1.6_D15,63415,83,0.340
BL_W90_T1.6_D15,64640,78,0.260
BL_W90_T1.6_D15,65767,74,0.126
BL_W90_T1.6_D15,66894,69,0.050
BL_W90_T1.6_D20,53540,131,1.060
BL_W90_T1.6_D20,54740,125,0.980
BL_W90_T1.6_D20,55790,121,0.900
BL_W90_T1.6_D20,56140,117,0.900
BL_W90_T1.6_D20,56990,115,0.820
BL_W90_T1.6_D20,58090,109,0.740
BL_W90_T1.6_D20,59090,104,0.660
BL_W90_T1.6_D20,60181,99,0.580
BL_W90_T1.6_D20,61259,95,0.500
BL_W90_T1.6_D20,62288,89,0.420
BL_W90_T1.6_D20,63415,83,0.340
BL_W90_T1.6_D20,64640,78,0.260
BL_W90_T1.6_D20,65767,74,0.126
BL_W90_T1.6_D20,66894,69,0.050
BL_W90_T1.6_D25,53590,131,1.060
BL_W90_T1.6_D25,54740,125,0.980
BL_W90_T1.6_D25,55790,121,0.900
BL_W90_T1.6_D25,56140,117,0.900
BL_W90_T1.6_D25,56990,115,0.820
BL_W90_T1.6_D25,58090,109,0.740
BL_W90_T1.6_D25,59090,104,0.660
BL_W90_T1.6_D25,60181,99,0.580
BL_W90_T1.6_D25,61259,95,0.500
BL_W90_T1.6_D25,62288,89,0.420
BL_W90_T1.6_D25,63415,83,0.340
BL_W90_T1.6_D25,64640,78,0.260
BL_W90_T1.6_D25,65767,74,0.126
BL_W90_T1.6_D25,66894,69,0.050
BL_W90_T1.6_D30,53640,131,1.060
BL_W90_T1.6_D30,54790,124,0.980
BL_W90_T1.6_D30,55790,121,0.900
BL_W90_T1.6_D30,56140,117,0.900
BL_W90_T1.6_D30,56990,115,0.820
BL_W90_T1.6_D30,58090,109,0.740
BL_W90_T1.6_D30,59090,104,0.660
BL_W90_T1.6_D30,60181,99,0.580
BL_W90_T1.6_D30,61259,95,0.500
BL_W90_T1.6_D30,62288,89,0.420
BL_W90_T1.6_D30,63415,83,0.340
BL_W90_T1.6_D30,64640,78,0.260
BL_W90_T1.6_D30,65767,74,0.126
BL_W90_T1.6_D30,66894,69,0.050
BL_W90_T1.6_D40,54840,124,0.980
BL_W90_T1.6_D40,55790,121,0.900
BL_W90_T1.6_D40,56140,117,0.900
BL_W90_T1.6_D40,56990,115,0.820
BL_W90_T1.6_D40,58090,109,0.740
BL_W90_T1.6_D40,59090,104,0.660
BL_W90_T1.6_D40,60181,99,0.580
BL_W90_T1.6_D40,61259,95,0.500
BL_W90_T1.6_D40,62288,89,0.420
BL_W90_T1.6_D40,63415,83,0.340
BL_W90_T1.6_D40,64640,78,0.260
BL_W90_T1.6_D40,65767,74,0.126
BL_W90_T1.6_D40,66894,69,0.050
BL_W90_T1.8_D2,53490,132,1.060
BL_W90_T1.8_D2,54740,125,0.980
BL_W90_T1.8_D2,55790,121,0.900
BL_W90_T1.8_D2,56140,117,0.900
BL_W90_T1.8_D2,56990,115,0.820
BL_W90_T1.8_D2,58090,109,0.740
BL_W90_T1.8_D2,59090,104,0.660
BL_W90_T1.8_D2,60181,99,0.580
BL_W90_T1.8_D2,61259,95,0.500
BL_W90_T1.8_D2,62337,89,0.420
BL_W90_T1.8_D2,63415,83,0.340
BL_W90_T1.8_D2,64689,78,0.260
BL_W90_T1.8_D2,65816,73,0.126
BL_W90_T1.8_D2,66894,69,0.050
BL_W90_T1.8_D4,53440,132,1.060
BL_W90_T1.8_D4,53790,130,1.060
BL_W90_T1.8_D4,54740,125,0.980
BL_W90_T1.8_D4,55790,121,0.900
BL_W90_T1.8_D4,56140,117,0.900
BL_W90_T1.8_D4,56990,115,0.820
BL_W90_T1.8_D4,58090,109,0.740
BL_W90_T1.8_D4,59090,104,0.660
BL_W90_T1.8_D4,60181,99,0.580
BL_W90_T1.8_D4,61259,95,0.500
BL_W90_T1.8_D4,62337,89,0.420
BL_W90_T1.8_D4,63415,83,0.340
BL_W90_T1.8_D4,64689,78,0.260
BL_W90_T1.8_D4,65816,73,0.126
BL_W90_T1.8_D4,66894,69,0.050
BL_W90_T1.8_D6,53490,132,1.060
BL_W90_T1.8_D6,54740,125,0.980
BL_W90_T1.8_D6,55790,121,0.900
BL_W90_T1.8_D6,56140,117,0.900
BL_W90_T1.8_D6,56990,115,0.820
BL_W90_T1.8_D6,58090,109,0.740
BL_W90_T1.8_D6,59090,104,0.660
BL_W90_T1.8_D6,60181,99,0.580
BL_W90_T1.8_D6,61259,95,0.500
BL_W90_T1.8_D6,62337,89,0.420
BL_W90_T1.8_D6,63415,83,0.340
BL_W90_T1.8_D6,64689,78,0.260
BL_W90_T1.8_D6,65816,73,0.126
BL_W90_T1.8_D6,66894,69,0.050
BL_W90_T1.8_D8,53490,132,1.060
BL_W90_T1.8_D8,54740,125,0.980
BL_W90_T1.8_D8,55790,121,0.900
BL_W90_T1.8_D8,56140,117,0.900
BL_W90_T1.8_D8,56990,115,0.820
BL_W90_T1.8_D8,58090,109,0.740
BL_W90_T1.8_D8,59090,104,0.660
BL_W90_T1.8_D8,60181,99,0.580
BL_W90_T1.8_D8,61259,95,0.500
BL_W90_T1.8_D8,62337,89,0.420
BL_W90_T1.8_D8,63415,83,0.340
BL_W90_T1.8_D8,64689,78,0.260
BL_W90_T1.8_D8,65816,73,0.126
BL_W90_T1.8_D8,66894,69,0.050
BL_W90_T1.8_D10,53490,132,1.060
BL_W90_T1.8_D10,54740,125,0.980
BL_W90_T1.8_D10,55790,121,0.900
BL_W90_T1.8_D10,56140,117,0.900
BL_W90_T1.8_D10,56990,115,0.820
BL_W90_T1.8_D10,58090,109,0.740
BL_W90_T1.8_D10,59090,104,0.660
BL_W90_T1.8_D10,60181,99,0.580
BL_W90_T1.8_D10,61259,95,0.500
BL_W90_T1.8_D10,62337,89,0.420
BL_W90_T1.8_D10,63415,83,0.340
BL_W90_T1.8_D10,64689,78,0.260
BL_W90_T1.8_D10,65816,73,0.126
BL_W90_T1.8_D10,66894,69,0.050
BL_W90_T1.8_D15,53540,131,1.060
BL_W90_T1.8_D15,54740,125,0.980
BL_W90_T1.8_D15,55790,121,0.900
BL_W90_T1.8_D15,56140,117,0.900
BL_W90_T1.8_D15,56990,115,0.820
BL_W90_T1.8_D15,58090,109,0.740
BL_W90_T1.8_D15,59090,104,0.660
BL_W90_T1.8_D15,60181,99,0.580
BL_W90_T1.8_D15,61259,95,0.500
BL_W90_T1.8_D15,62337,89,0.420
BL_W90_T1.8_D15,63415,83,0.340
BL_W90_T1.8_D15,64689,78,0.260
BL_W90_T1.8_D15,65816,73,0.126
BL_W90_T1.8_D15,66894,69,0.050
BL_W90_T1.8_D20,53540,131,1.060
BL_W90_T1.8_D20,54740,125,0.980
BL_W90_T1.8_D20,55790,121,0.900
BL_W90_T1.8_D20,56140,117,0.900
BL_W90_T1.8_D20,56990,115,0.820
BL_W90_T1.8_D20,58090,109,0.740
BL_W90_T1.8_D20,59090,104,0.660
BL_W90_T1.8_D20,60181,99,0.580
BL_W90_T1.8_D20,61259,95,0.500
BL_W90_T1.8_D20,62337,89,0.420
BL_W90_T1.8_D20,63415,83,0.340
BL_W90_T1.8_D20,64689,78,0.260
BL_W90_T1.8_D20,65816,73,0.126
BL_W90_T1.8_D20,66894,69,0.050
BL_W90_T1.8_D25,53590,131,1.060
BL_W90_T1.8_D25,54740,125,0.980
BL_W90_T1.8_D25,55790,121,0.900
BL_W90_T1.8_D25,56140,117,0.900
BL_W90_T1.8_D25,56990,115,0.820
BL_W90_T1.8_D25,58090,109,0.740
BL_W90_T1.8_D25,59090,104,0.660
BL_W90_T1.8_D25,60181,99,0.580
BL_W90_T1.8_D25,61259,95,0.500
BL_W90_T1.8_D25,62337,89,0.420
BL_W90_T1.8_D25,63415,83,0.340
BL_W90_T1.8_D25,64689,78,0.260
BL_W90_T1.8_D25,65816,73,0.126
BL_W90_T1.8_D25,66894,69,0.050
BL_W90_T1.8_D30,53640,131,1.060
BL_W90_T1.8_D30,54790,124,0.980
BL_W90_T1.8_D30,55790,121,0.900
BL_W90_T1.8_D30,56140,117,0.900
BL_W90_T1.8_D30,56990,115,0.820
BL_W90_T1.8_D30,58090,109,0.740
BL_W90_T1.8_D30,59090,104,0.660
BL_W90_T1.8_D30,60181,99,0.580
BL_W90_T1.8_D30,61259,95,0.500
BL_W90_T1.8_D30,62337,89,0.420
BL_W90_T1.8_D30,63415,83,0.340
BL_W90_T1.8_D30,64689,78,0.260
BL_W90_T1.8_D30,65816,73,0.126
BL_W90_T1.8_D30,66894,69,0.050
BL_W90_T1.8_D40,54840,124,0.980
BL_W90_T1.8_D40,55790,121,0.900
BL_W90_T1.8_D40,56140,117,0.900
BL_W90_T1.8_D40,56990,115,0.820
BL_W90_T1.8_D40,58090,109,0.740
BL_W90_T1.8_D40,59090,104,0.660
BL_W90_T1.8_D40,60181,99,0.580
BL_W90_T1.8_D40,61259,95,0.500
BL_W90_T1.8_D40,62337,89,0.420
BL_W90_T1.8_D40,63415,83,0.340
BL_W90_T1.8_D40,64689,78,0.260
BL_W90_T1.8_D40,65816,73,0.126
BL_W90_T1.8_D40,66894,69,0.050
BL_W90_T2.0_D2,59090,104,0.660
BL_W90_T2.0_D2,60181,99,0.580
BL_W90_T2.0_D2,61308,95,0.500
BL_W90_T2.0_D2,62337,89,0.420
BL_W90_T2.0_D2,53490,132,0.340
BL_W90_T2.0_D2,63464,83,0.340
BL_W90_T2.0_D2,54740,125,0.260
BL_W90_T2.0_D2,64689,78,0.260
BL_W90_T2.0_D2,55790,121,0.126
BL_W90_T2.0_D2,56140,117,0.126
BL_W90_T2.0_D2,65816,73,0.126
BL_W90_T2.0_D2,66894,69,0.050
BL_W90_T2.0_D2,56990,115,0.010
BL_W90_T2.0_D4,59090,104,0.660
BL_W90_T2.0_D4,60181,99,0.580
BL_W90_T2.0_D4,61308,95,0.500
BL_W90_T2.0_D4,62337,89,0.420
BL_W90_T2.0_D4,53440,132,0.340
BL_W90_T2.0_D4,53790,130,0.340
BL_W90_T2.0_D4,63464,83,0.340
BL_W90_T2.0_D4,54740,125,0.260
BL_W90_T2.0_D4,64689,78,0.260
BL_W90_T2.0_D4,55790,121,0.126
BL_W90_T2.0_D4,56140,117,0.126
BL_W90_T2.0_D4,65816,73,0.126
BL_W90_T2.0_D4,66894,69,0.050
BL_W90_T2.0_D4,56990,115,0.010
BL_W90_T2.0_D6,59090,104,0.660
BL_W90_T2.0_D6,60181,99,0.580
BL_W90_T2.0_D6,61308,95,0.500
BL_W90_T2.0_D6,62337,89,0.420
BL_W90_T2.0_D6,53490,132,0.340
BL_W90_T2.0_D6,63464,83,0.340
BL_W90_T2.0_D6,54740,125,0.260
BL_W90_T2.0_D6,64689,78,0.260
BL_W90_T2.0_D6,55790,121,0.126
BL_W90_T2.0_D6,56140,117,0.126
BL_W90_T2.0_D6,65816,73,0.126
BL_W90_T2.0_D6,66894,69,0.050
BL_W90_T2.0_D6,56990,115,0.010
BL_W90_T2.0_D8,59090,104,0.660
BL_W90_T2.0_D8,60181,99,0.580
BL_W90_T2.0_D8,61308,95,0.500
BL_W90_T2.0_D8,62337,89,0.420
BL_W90_T2.0_D8,53490,132,0.340
BL_W90_T2.0_D8,63464,83,0.340
BL_W90_T2.0_D8,54740,125,0.260
BL_W90_T2.0_D8,64689,78,0.260
BL_W90_T2.0_D8,55790,121,0.126
BL_W90_T2.0_D8,56140,117,0.126
BL_W90_T2.0_D8,65816,73,0.126
BL_W90_T2.0_D8,66894,69,0.050
BL_W90_T2.0_D8,56990,115,0.010
BL_W90_T2.0_D10,59090,104,0.660
BL_W90_T2.0_D10,60181,99,0.580
BL_W90_T2.0_D10,61308,95,0.500
BL_W90_T2.0_D10,62337,89,0.420
BL_W90_T2.0_D10,53490,132,0.340
BL_W90_T2.0_D10,63464,83,0.340
BL_W90_T2.0_D10,54740,125,0.260
BL_W90_T2.0_D10,64689,78,0.260
BL_W90_T2.0_D10,55790,121,0.126
BL_W90_T2.0_D10,56140,117,0.126
BL_W90_T2.0_D10,65816,73,0.126
BL_W90_T2.0_D10,66894,69,0.050
BL_W90_T2.0_D10,56990,115,0.010
BL_W90_T2.0_D15,59090,104,0.660
BL_W90_T2.0_D15,60181,99,0.580
BL_W90_T2.0_D15,61308,95,0.500
BL_W90_T2.0_D15,62337,89,0.420
BL_W90_T2.0_D15,53540,131,0.340
BL_W90_T2.0_D15,63464,83,0.340
BL_W90_T2.0_D15,54740,125,0.260
BL_W90_T2.0_D15,64689,78,0.260
BL_W90_T2.0_D15,55790,121,0.126
BL_W90_T2.0_D15,56140,117,0.126
BL_W90_T2.0_D15,65816,73,0.126
BL_W90_T2.0_D15,66894,69,0.050
BL_W90_T2.0_D15,56990,115,0.010
BL_W90_T2.0_D20,59090,104,0.660
BL_W90_T2.0_D20,60181,99,0.580
BL_W90_T2.0_D20,61308,95,0.500
BL_W90_T2.0_D20,62337,89,0.420
BL_W90_T2.0_D20,53540,131,0.340
BL_W90_T2.0_D20,63464,83,0.340
BL_W90_T2.0_D20,54740,125,0.260
BL_W90_T2.0_D20,64689,78,0.260
BL_W90_T2.0_D20,55790,121,0.126
BL_W90_T2.0_D20,56140,117,0.126
BL_W90_T2.0_D20,65816,73,0.126
BL_W90_T2.0_D20,66894,69,0.050
BL_W90_T2.0_D20,56990,115,0.010
BL_W90_T2.0_D25,59090,104,0.660
BL_W90_T2.0_D25,60181,99,0.580
BL_W90_T2.0_D25,61308,95,0.500
BL_W90_T2.0_D25,62337,89,0.420
BL_W90_T2.0_D25,53590,131,0.340
BL_W90_T2.0_D25,63464,83,0.340
BL_W90_T2.0_D25,54740,125,0.260
BL_W90_T2.0_D25,64689,78,0.260
BL_W90_T2.0_D25,55790,121,0.126
BL_W90_T2.0_D25,56140,117,0.126
BL_W90_T2.0_D25,65816,73,0.126
BL_W90_T2.0_D25,66894,69,0.050
BL_W90_T2.0_D25,56990,115,0.010
BL_W90_T2.0_D30,59090,104,0.660
BL_W90_T2.0_D30,60181,99,0.580
BL_W90_T2.0_D30,61308,95,0.500
BL_W90_T2.0_D30,62337,89,0.420
BL_W90_T2.0_D30,53640,131,0.340
BL_W90_T2.0_D30,63464,83,0.340
BL_W90_T2.0_D30,54790,124,0.260
BL_W90_T2.0_D30,64689,78,0.260
BL_W90_T2.0_D30,55790,121,0.126
BL_W90_T2.0_D30,56140,117,0.126
BL_W90_T2.0_D30,65816,73,0.126
BL_W90_T2.0_D30,66894,69,0.050
BL_W90_T2.0_D30,56990,115,0.010
BL_W90_T2.0_D40,59090,104,0.660
BL_W90_T2.0_D40,60181,99,0.580
BL_W90_T2.0_D40,61308,95,0.500
BL_W90_T2.0_D40,62337,89,0.420
BL_W90_T2.0_D40,63464,83,0.340
BL_W90_T2.0_D40,54840,124,0.260
BL_W90_T2.0_D40,64689,78,0.260
BL_W90_T2.0_D40,55790,121,0.126
BL_W90_T2.0_D40,56140,117,0.126
BL_W90_T2.0_D40,65816,73,0.126
BL_W90_T2.0_D40,66894,69,0.050
BL_W90_T2.0_D40,56990,115,0.010
BL_W90_T2.2_D2,53490,132,0.340
BL_W90_T2.2_D2,60181,99,0.340
BL_W90_T2.2_D2,54740,125,0.260
BL_W90_T2.2_D2,61308,95,0.260
BL_W90_T2.2_D2,55790,121,0.126
BL_W90_T2.2_D2,56140,117,0.126
BL_W90_T2.2_D2,62337,89,0.126
BL_W90_T2.2_D2,66894,69,0.050
BL_W90_T2.2_D2,56990,115,0.010
BL_W90_T2.2_D2,63464,83,0.010
BL_W90_T2.2_D4,53440,132,0.340
BL_W90_T2.2_D4,60181,99,0.340
BL_W90_T2.2_D4,54740,125,0.260
BL_W90_T2.2_D4,61308,95,0.260
BL_W90_T2.2_D4,55790,121,0.126
BL_W90_T2.2_D4,56140,117,0.126
BL_W90_T2.2_D4,62337,89,0.126
BL_W90_T2.2_D4,66894,69,0.050
BL_W90_T2.2_D4,56990,115,0.010
BL_W90_T2.2_D4,63464,83,0.010
BL_W90_T2.2_D6,53490,132,0.340
BL_W90_T2.2_D6,60181,99,0.340
BL_W90_T2.2_D6,54740,125,0.260
BL_W90_T2.2_D6,61308,95,0.260
BL_W90_T2.2_D6,55790,121,0.126
BL_W90_T2.2_D6,56140,117,0.126
BL_W90_T2.2_D6,62337,89,0.126
BL_W90_T2.2_D6,66894,69,0.050
BL_W90_T2.2_D6,56990,115,0.010
BL_W90_T2.2_D6,63464,83,0.010
BL_W90_T2.2_D8,53490,132,0.340
BL_W90_T2.2_D8,60181,99,0.340
BL_W90_T2.2_D8,54740,125,0.260
BL_W90_T2.2_D8,61308,95,0.260
BL_W90_T2.2_D8,55790,121,0.126
BL_W90_T2.2_D8,56140,117,0.126
BL_W90_T2.2_D8,62337,89,0.126
BL_W90_T2.2_D8,66894,69,0.050
BL_W90_T2.2_D8,56990,115,0.010
BL_W90_T2.2_D8,63464,83,0.010
BL_W90_T2.2_D10,53490,132,0.340
BL_W90_T2.2_D10,60181,99,0.340
BL_W90_T2.2_D10,54740,125,0.260
BL_W90_T2.2_D10,61308,95,0.260
BL_W90_T2.2_D10,55790,121,0.126
BL_W90_T2.2_D10,56140,117,0.126
BL_W90_T2.2_D10,62337,89,0.126
BL_W90_T2.2_D10,66894,69,0.050
BL_W90_T2.2_D10,56990,115,0.010
BL_W90_T2.2_D10,63464,83,0.010
BL_W90_T2.2_D15,53540,131,0.340
BL_W90_T2.2_D15,60181,99,0.340
BL_W90_T2.2_D15,54740,125,0.260
BL_W90_T2.2_D15,61308,95,0.260
BL_W90_T2.2_D15,55790,121,0.126
BL_W90_T2.2_D15,56140,117,0.126
BL_W90_T2.2_D15,62337,89,0.126
BL_W90_T2.2_D15,66894,69,0.050
BL_W90_T2.2_D15,56990,115,0.010
BL_W90_T2.2_D15,63464,83,0.010
BL_W90_T2.2_D20,53540,131,0.340
BL_W90_T2.2_D20,60181,99,0.340
BL_W90_T2.2_D20,54740,125,0.260
BL_W90_T2.2_D20,61308,95,0.260
BL_W90_T2.2_D20,55790,121,0.126
BL_W90_T2.2_D20,56140,117,0.126
BL_W90_T2.2_D20,62337,89,0.126
BL_W90_T2.2_D20,66894,69,0.050
BL_W90_T2.2_D20,56990,115,0.010
BL_W90_T2.2_D20,63464,83,0.010
BL_W90_T2.2_D25,53590,131,0.340
BL_W90_T2.2_D25,60181,99,0.340
BL_W90_T2.2_D25,54740,125,0.260
BL_W90_T2.2_D25,61308,95,0.260
BL_W90_T2.2_D25,55790,121,0.126
BL_W90_T2.2_D25,56140,117,0.126
BL_W90_T2.2_D25,62337,89,0.126
BL_W90_T2.2_D25,66894,69,0.050
BL_W90_T2.2_D25,56990,115,0.010
BL_W90_T2.2_D25,63464,83,0.010
BL_W90_T2.2_D30,53640,131,0.340
BL_W90_T2.2_D30,60181,99,0.340
BL_W90_T2.2_D30,54790,124,0.260
BL_W90_T2.2_D30,61308,95,0.260
BL_W90_T2.2_D30,55790,121,0.126
BL_W90_T2.2_D30,56140,117,0.126
BL_W90_T2.2_D30,62337,89,0.126
BL_W90_T2.2_D30,66894,69,0.050
BL_W90_T2.2_D30,56990,115,0.010
BL_W90_T2.2_D30,63464,83,0.010
BL_W90_T2.2_D40,60181,99,0.340
BL_W90_T2.2_D40,54840,124,0.260
BL_W90_T2.2_D40,61308,95,0.260
BL_W90_T2.2_D40,55790,121,0.126
BL_W90_T2.2_D40,56140,117,0.126
BL_W90_T2.2_D40,62337,89,0.126
BL_W90_T2.2_D40,66894,69,0.050
BL_W90_T2.2_D40,56990,115,0.010
BL_W90_T2.2_D40,63464,83,0.010
BL_W90_T2.4_D2,53490,132,0.340
BL_W90_T2.4_D2,54790,124,0.260
BL_W90_T2.4_D2,55790,121,0.126
BL_W90_T2.4_D2,56140,117,0.126
BL_W90_T2.4_D2,62386,89,0.126
BL_W90_T2.4_D2,66943,68,0.050
BL_W90_T2.4_D2,56990,115,0.010
BL_W90_T2.4_D2,60230,99,0.010
BL_W90_T2.4_D2,63464,83,0.010
BL_W90_T2.4_D4,53440,132,0.340
BL_W90_T2.4_D4,54790,124,0.260
BL_W90_T2.4_D4,55790,121,0.126
BL_W90_T2.4_D4,56140,117,0.126
BL_W90_T2.4_D4,62386,89,0.126
BL_W90_T2.4_D4,66943,68,0.050
BL_W90_T2.4_D4,56990,115,0.010
BL_W90_T2.4_D4,60230,99,0.010
BL_W90_T2.4_D4,63464,83,0.010
BL_W90_T2.4_D6,53490,132,0.340
BL_W90_T2.4_D6,54790,124,0.260
BL_W90_T2.4_D6,55790,121,0.126
BL_W90_T2.4_D6,56140,117,0.126
BL_W90_T2.4_D6,62386,89,0.126
BL_W90_T2.4_D6,66943,68,0.050
BL_W90_T2.4_D6,56990,115,0.010
BL_W90_T2.4_D6,60230,99,0.010
BL_W90_T2.4_D6,63464,83,0.010
BL_W90_T2.4_D8,53490,132,0.340
BL_W90_T2.4_D8,54790,124,0.260
BL_W90_T2.4_D8,55790,121,0.126
BL_W90_T2.4_D8,56140,117,0.126
BL_W90_T2.4_D8,62386,89,0.126
BL_W90_T2.4_D8,66943,68,0.050
BL_W90_T2.4_D8,56990,115,0.010
BL_W90_T2.4_D8,60230,99,0.010
BL_W90_T2.4_D8,63464,83,0.010
BL_W90_T2.4_D10,53490,132,0.340
BL_W90_T2.4_D10,54790,124,0.260
BL_W90_T2.4_D10,55790,121,0.126
BL_W90_T2.4_D10,56140,117,0.126
BL_W90_T2.4_D10,62386,89,0.126
BL_W90_T2.4_D10,66943,68,0.050
BL_W90_T2.4_D10,56990,115,0.010
BL_W90_T2.4_D10,60230,99,0.010
BL_W90_T2.4_D10,63464,83,0.010
BL_W90_T2.4_D15,53540,131,0.340
BL_W90_T2.4_D15,54740,125,0.260
BL_W90_T2.4_D15,55790,121,0.126
BL_W90_T2.4_D15,56140,117,0.126
BL_W90_T2.4_D15,62386,89,0.126
BL_W90_T2.4_D15,66943,68,0.050
BL_W90_T2.4_D15,56990,115,0.010
BL_W90_T2.4_D15,60230,99,0.010
BL_W90_T2.4_D15,63464,83,0.010
BL_W90_T2.4_D20,53540,131,0.340
BL_W90_T2.4_D20,54740,125,0.260
BL_W90_T2.4_D20,55790,121,0.126
BL_W90_T2.4_D20,56140,117,0.126
BL_W90_T2.4_D20,62386,89,0.126
BL_W90_T2.4_D20,66943,68,0.050
BL_W90_T2.4_D20,56990,115,0.010
BL_W90_T2.4_D20,60230,99,0.010
BL_W90_T2.4_D20,63464,83,0.010
BL_W90_T2.4_D25,53590,131,0.340
BL_W90_T2.4_D25,54740,125,0.260
BL_W90_T2.4_D25,55790,121,0.126
BL_W90_T2.4_D25,56140,117,0.126
BL_W90_T2.4_D25,62386,89,0.126
BL_W90_T2.4_D25,66943,68,0.050
BL_W90_T2.4_D25,56990,115,0.010
BL_W90_T2.4_D25,60230,99,0.010
BL_W90_T2.4_D25,63464,83,0.010
BL_W90_T2.4_D30,53640,131,0.340
BL_W90_T2.4_D30,54790,124,0.260
BL_W90_T2.4_D30,55790,121,0.126
BL_W90_T2.4_D30,56140,117,0.126
BL_W90_T2.4_D30,62386,89,0.126
BL_W90_T2.4_D30,66943,68,0.050
BL_W90_T2.4_D30,56990,115,0.010
BL_W90_T2.4_D30,60230,99,0.010
BL_W90_T2.4_D30,63464,83,0.010
BL_W90_T2.4_D40,54840,124,0.260
BL_W90_T2.4_D40,55790,121,0.126
BL_W90_T2.4_D40,56140,117,0.126
BL_W90_T2.4_D40,62386,89,0.126
BL_W90_T2.4_D40,66943,68,0.050
BL_W90_T2.4_D40,56990,115,0.010
BL_W90_T2.4_D40,60230,99,0.010
BL_W90_T2.4_D40,63464,83,0.010
BL_W90_T2.6_D2,53490,132,0.340
BL_W90_T2.6_D2,54790,124,0.260
BL_W90_T2.6_D2,55790,121,0.126
BL_W90_T2.6_D2,56140,117,0.126
BL_W90_T2.6_D2,63513,83,0.050
BL_W90_T2.6_D2,56990,115,0.010
BL_W90_T2.6_D4,53440,132,0.340
BL_W90_T2.6_D4,54790,124,0.260
BL_W90_T2.6_D4,55790,121,0.126
BL_W90_T2.6_D4,56140,117,0.126
BL_W90_T2.6_D4,63513,83,0.050
BL_W90_T2.6_D4,56990,115,0.010
BL_W90_T2.6_D6,53490,132,0.340
BL_W90_T2.6_D6,54790,124,0.260
BL_W90_T2.6_D6,55790,121,0.126
BL_W90_T2.6_D6,56140,117,0.126
BL_W90_T2.6_D6,63513,83,0.050
BL_W90_T2.6_D6,56990,115,0.010
BL_W90_T2.6_D8,53490,132,0.340
BL_W90_T2.6_D8,54790,124,0.260
BL_W90_T2.6_D8,55790,121,0.126
BL_W90_T2.6_D8,56140,117,0.126
BL_W90_T2.6_D8,63513,83,0.050
BL_W90_T2.6_D8,56990,115,0.010
BL_W90_T2.6_D10,53490,132,0.340
BL_W90_T2.6_D10,54790,124,0.260
BL_W90_T2.6_D10,55790,121,0.126
BL_W90_T2.6_D10,56140,117,0.126
BL_W90_T2.6_D10,63513,83,0.050
BL_W90_T2.6_D10,56990,115,0.010
BL_W90_T2.6_D15,53540,131,0.340
BL_W90_T2.6_D15,54740,125,0.260
BL_W90_T2.6_D15,55790,121,0.126
BL_W90_T2.6_D15,56140,117,0.126
BL_W90_T2.6_D15,63513,83,0.050
BL_W90_T2.6_D15,56990,115,0.010
BL_W90_T2.6_D20,53540,131,0.340
BL_W90_T2.6_D20,54740,125,0.260
BL_W90_T2.6_D20,55790,121,0.126
BL_W90_T2.6_D20,56140,117,0.126
BL_W90_T2.6_D20,63513,83,0.050
BL_W90_T2.6_D20,56990,115,0.010
BL_W90_T2.6_D25,53590,131,0.340
BL_W90_T2.6_D25,54740,125,0.260
BL_W90_T2.6_D25,55790,121,0.126
BL_W90_T2.6_D25,56140,117,0.126
BL_W90_T2.6_D25,63513,83,0.050
BL_W90_T2.6_D25,56990,115,0.010
BL_W90_T2.6_D30,53640,131,0.340
BL_W90_T2.6_D30,54790,124,0.260
BL_W90_T2.6_D30,55790,121,0.126
BL_W90_T2.6_D30,56140,117,0.126
BL_W90_T2.6_D30,63513,83,0.050
BL_W90_T2.6_D30,56990,115,0.010
BL_W90_T2.6_D40,54840,124,0.260
BL_W90_T2.6_D40,55790,121,0.126
BL_W90_T2.6_D40,56140,117,0.126
BL_W90_T2.6_D40,63513,83,0.050
BL_W90_T2.6_D40,56990,115,0.010
BL_W90_T2.8_D2,53490,132,0.340
BL_W90_T2.8_D2,54790,124,0.260
BL_W90_T2.8_D2,55790,121,0.126
BL_W90_T2.8_D2,56140,117,0.126
BL_W90_T2.8_D2,57040,114,0.050
BL_W90_T2.8_D4,53440,132,0.340
BL_W90_T2.8_D4,54790,124,0.260
BL_W90_T2.8_D4,55790,121,0.126
BL_W90_T2.8_D4,56140,117,0.126
BL_W90_T2.8_D4,57040,114,0.050
BL_W90_T2.8_D6,53490,132,0.340
BL_W90_T2.8_D6,54790,124,0.260
BL_W90_T2.8_D6,55790,121,0.126
BL_W90_T2.8_D6,56140,117,0.126
BL_W90_T2.8_D6,57040,114,0.050
BL_W90_T2.8_D8,53490,132,0.340
BL_W90_T2.8_D8,54790,124,0.260
BL_W90_T2.8_D8,55790,121,0.126
BL_W90_T2.8_D8,56140,117,0.126
BL_W90_T2.8_D8,57040,114,0.050
BL_W90_T2.8_D10,53490,132,0.340
BL_W90_T2.8_D10,54790,124,0.260
BL_W90_T2.8_D10,55790,121,0.126
BL_W90_T2.8_D10,56140,117,0.126
BL_W90_T2.8_D10,57040,114,0.050
BL_W90_T2.8_D15,53540,131,0.340
BL_W90_T2.8_D15,54740,125,0.260
BL_W90_T2.8_D15,55790,121,0.126
BL_W90_T2.8_D15,56140,117,0.126
BL_W90_T2.8_D15,57040,114,0.050
BL_W90_T2.8_D20,53540,131,0.340
BL_W90_T2.8_D20,54740,125,0.260
BL_W90_T2.8_D20,55790,121,0.126
BL_W90_T2.8_D20,56140,117,0.126
BL_W90_T2.8_D20,57040,114,0.050
BL_W90_T2.8_D25,53590,131,0.340
BL_W90_T2.8_D25,54740,125,0.260
BL_W90_T2.8_D25,55790,121,0.126
BL_W90_T2.8_D25,56140,117,0.126
BL_W90_T2.8_D25,57040,114,0.050
BL_W90_T2.8_D30,53640,131,0.340
BL_W90_T2.8_D30,54790,124,0.260
BL_W90_T2.8_D30,55790,121,0.126
BL_W90_T2.8_D30,56140,117,0.126
BL_W90_T2.8_D30,57040,114,0.050
BL_W90_T2.8_D40,54840,124,0.260
BL_W90_T2.8_D40,55790,121,0.126
BL_W90_T2.8_D40,56140,117,0.126
BL_W90_T2.8_D40,57040,114,0.050
BL_W90_T3.0_D2,53540,131,0.340
BL_W90_T3.0_D2,54790,124,0.260
BL_W90_T3.0_D2,55790,121,0.126
BL_W90_T3.0_D2,56140,117,0.126
BL_W90_T3.0_D2,57040,114,0.050
BL_W90_T3.0_D4,53440,132,0.340
BL_W90_T3.0_D4,54790,124,0.260
BL_W90_T3.0_D4,55790,121,0.126
BL_W90_T3.0_D4,56140,117,0.126
BL_W90_T3.0_D4,57040,114,0.050
BL_W90_T3.0_D6,53490,132,0.340
BL_W90_T3.0_D6,54790,124,0.260
BL_W90_T3.0_D6,55790,121,0.126
BL_W90_T3.0_D6,56140,117,0.126
BL_W90_T3.0_D6,57040,114,0.050
BL_W90_T3.0_D8,53490,132,0.340
BL_W90_T3.0_D8,54790,124,0.260
BL_W90_T3.0_D8,55790,121,0.126
BL_W90_T3.0_D8,56140,117,0.126
BL_W90_T3.0_D8,57040,114,0.050
BL_W90_T3.0_D10,53490,132,0.340
BL_W90_T3.0_D10,54790,124,0.260
BL_W90_T3.0_D10,55790,121,0.126
BL_W90_T3.0_D10,56140,117,0.126
BL_W90_T3.0_D10,57040,114,0.050
BL_W90_T3.0_D15,53540,131,0.340
BL_W90_T3.0_D15,54740,125,0.260
BL_W90_T3.0_D15,55790,121,0.126
BL_W90_T3.0_D15,56140,117,0.126
BL_W90_T3.0_D15,57040,114,0.050
BL_W90_T3.0_D20,53540,131,0.340
BL_W90_T3.0_D20,54740,125,0.260
BL_W90_T3.0_D20,55790,121,0.126
BL_W90_T3.0_D20,56140,117,0.126
BL_W90_T3.0_D20,57040,114,0.050
BL_W90_T3.0_D25,53590,131,0.340
BL_W90_T3.0_D25,54740,125,0.260
BL_W90_T3.0_D25,55790,121,0.126
BL_W90_T3.0_D25,56140,117,0.126
BL_W90_T3.0_D25,57040,114,0.050
BL_W90_T3.0_D30,53640,131,0.340
BL_W90_T3.0_D30,54790,124,0.260
BL_W90_T3.0_D30,55790,121,0.126
BL_W90_T3.0_D30,56140,117,0.126
BL_W90_T3.0_D30,57040,114,0.050
BL_W90_T3.0_D40,54840,124,0.260
BL_W90_T3.0_D40,55790,121,0.126
BL_W90_T3.0_D40,56140,117,0.126
BL_W90_T3.0_D40,57040,114,0.050
BL_W100_T1.0_D2,51540,143,1.200
BL_W100_T1.0_D2,52440,137,1.140
BL_W100_T1.0_D2,53440,132,1.060
BL_W100_T1.0_D2,53790,130,1.060
BL_W100_T1.0_D2,54690,125,0.980
BL_W100_T1.0_D2,55040,123,0.980
BL_W100_T1.0_D2,55740,122,0.900
BL_W100_T1.0_D2,56090,117,0.900
BL_W100_T1.0_D2,56940,116,0.820
BL_W100_T1.0_D2,58040,110,0.740
BL_W100_T1.0_D2,59040,105,0.660
BL_W100_T1.0_D2,60132,100,0.580
BL_W100_T1.0_D2,61210,96,0.500
BL_W100_T1.0_D2,62288,89,0.420
BL_W100_T1.0_D2,63366,84,0.340
BL_W100_T1.0_D2,64640,78,0.260
BL_W100_T1.0_D2,65767,74,0.126
BL_W100_T1.0_D2,66845,69,0.050
BL_W100_T1.0_D4,51540,143,1.200
BL_W100_T1.0_D4,52440,137,1.140
BL_W100_T1.0_D4,53440,132,1.060
BL_W100_T1.0_D4,53790,130,1.060
BL_W100_T1.0_D4,54690,125,0.980
BL_W100_T1.0_D4,55040,123,0.980
BL_W100_T1.0_D4,55740,122,0.900
BL_W100_T1.0_D4,56090,117,0.900
BL_W100_T1.0_D4,56940,116,0.820
BL_W100_T1.0_D4,58040,110,0.740
BL_W100_T1.0_D4,59040,105,0.660
BL_W100_T1.0_D4,60132,100,0.580
BL_W100_T1.0_D4,61210,96,0.500
BL_W100_T1.0_D4,62288,89,0.420
BL_W100_T1.0_D4,63366,84,0.340
BL_W100_T1.0_D4,64640,78,0.260
BL_W100_T1.0_D4,65767,74,0.126
BL_W100_T1.0_D4,66845,69,0.050
BL_W100_T1.0_D6,53490,132,1.060
BL_W100_T1.0_D6,54690,125,0.980
BL_W100_T1.0_D6,55040,123,0.980
BL_W100_T1.0_D6,55740,122,0.900
BL_W100_T1.0_D6,56090,117,0.900
BL_W100_T1.0_D6,56940,116,0.820
BL_W100_T1.0_D6,58040,110,0.740
BL_W100_T1.0_D6,59040,105,0.660
BL_W100_T1.0_D6,60132,100,0.580
BL_W100_T1.0_D6,61210,96,0.500
BL_W100_T1.0_D6,62288,89,0.420
BL_W100_T1.0_D6,63366,84,0.340
BL_W100_T1.0_D6,64640,78,0.260
BL_W100_T1.0_D6,65767,74,0.126
BL_W100_T1.0_D6,66845,69,0.050
BL_W100_T1.0_D8,53490,132,1.060
BL_W100_T1.0_D8,54690,125,0.980
BL_W100_T1.0_D8,55040,123,0.980
BL_W100_T1.0_D8,55740,122,0.900
BL_W100_T1.0_D8,56090,117,0.900
BL_W100_T1.0_D8,56940,116,0.820
BL_W100_T1.0_D8,58040,110,0.740
BL_W100_T1.0_D8,59040,105,0.660
BL_W100_T1.0_D8,60132,100,0.580
BL_W100_T1.0_D8,61210,96,0.500
BL_W100_T1.0_D8,62288,89,0.420
BL_W100_T1.0_D8,63366,84,0.340
BL_W100_T1.0_D8,64640,78,0.260
BL_W100_T1.0_D8,65767,74,0.126
BL_W100_T1.0_D8,66845,69,0.050
BL_W100_T1.0_D10,53490,132,1.060
BL_W100_T1.0_D10,54690,125,0.980
BL_W100_T1.0_D10,55040,123,0.980
BL_W100_T1.0_D10,55740,122,0.900
BL_W100_T1.0_D10,56090,117,0.900
BL_W100_T1.0_D10,56940,116,0.820
BL_W100_T1.0_D10,58040,110,0.740
BL_W100_T1.0_D10,59040,105,0.660
BL_W100_T1.0_D10,60132,100,0.580
BL_W100_T1.0_D10,61210,96,0.500
BL_W100_T1.0_D10,62288,89,0.420
BL_W100_T1.0_D10,63366,84,0.340
BL_W100_T1.0_D10,64640,78,0.260
BL_W100_T1.0_D10,65767,74,0.126
BL_W100_T1.0_D10,66845,69,0.050
BL_W100_T1.0_D15,53540,131,1.060
BL_W100_T1.0_D15,54740,125,0.980
BL_W100_T1.0_D15,55740,122,0.900
BL_W100_T1.0_D15,56090,117,0.900
BL_W100_T1.0_D15,56940,116,0.820
BL_W100_T1.0_D15,58040,110,0.740
BL_W100_T1.0_D15,59040,105,0.660
BL_W100_T1.0_D15,60132,100,0.580
BL_W100_T1.0_D15,61210,96,0.500
BL_W100_T1.0_D15,62288,89,0.420
BL_W100_T1.0_D15,63366,84,0.340
BL_W100_T1.0_D15,64640,78,0.260
BL_W100_T1.0_D15,65767,74,0.126
BL_W100_T1.0_D15,66845,69,0.050
BL_W100_T1.0_D20,53540,131,1.060
BL_W100_T1.0_D20,54740,125,0.980
BL_W100_T1.0_D20,55790,121,0.900
BL_W100_T1.0_D20,56140,117,0.900
BL_W100_T1.0_D20,56940,116,0.820
BL_W100_T1.0_D20,58040,110,0.740
BL_W100_T1.0_D20,59040,105,0.660
BL_W100_T1.0_D20,60132,100,0.580
BL_W100_T1.0_D20,61210,96,0.500
BL_W100_T1.0_D20,62288,89,0.420
BL_W100_T1.0_D20,63366,84,0.340
BL_W100_T1.0_D20,64640,78,0.260
BL_W100_T1.0_D20,65767,74,0.126
BL_W100_T1.0_D20,66845,69,0.050
BL_W100_T1.0_D25,53590,131,1.060
BL_W100_T1.0_D25,54740,125,0.980
BL_W100_T1.0_D25,55790,121,0.900
BL_W100_T1.0_D25,56140,117,0.900
BL_W100_T1.0_D25,56940,116,0.820
BL_W100_T1.0_D25,58040,110,0.740
BL_W100_T1.0_D25,59040,105,0.660
BL_W100_T1.0_D25,60132,100,0.580
BL_W100_T1.0_D25,61210,96,0.500
BL_W100_T1.0_D25,62288,89,0.420
BL_W100_T1.0_D25,63366,84,0.340
BL_W100_T1.0_D25,64640,78,0.260
BL_W100_T1.0_D25,65767,74,0.126
BL_W100_T1.0_D25,66845,69,0.050
BL_W100_T1.0_D30,53640,131,1.060
BL_W100_T1.0_D30,54790,124,0.980
BL_W100_T1.0_D30,55790,121,0.900
BL_W100_T1.0_D30,56140,117,0.900
BL_W100_T1.0_D30,56940,116,0.820
BL_W100_T1.0_D30,58040,110,0.740
BL_W100_T1.0_D30,59040,105,0.660
BL_W100_T1.0_D30,60132,100,0.580
BL_W100_T1.0_D30,61210,96,0.500
BL_W100_T1.0_D30,62288,89,0.420
BL_W100_T1.0_D30,63366,84,0.340
BL_W100_T1.0_D30,64640,78,0.260
BL_W100_T1.0_D30,65767,74,0.126
BL_W100_T1.0_D30,66845,69,0.050
BL_W100_T1.0_D40,54840,124,0.980
BL_W100_T1.0_D40,55790,121,0.900
BL_W100_T1.0_D40,56140,117,0.900
BL_W100_T1.0_D40,56940,116,0.820
BL_W100_T1.0_D40,58040,110,0.740
BL_W100_T1.0_D40,59040,105,0.660
BL_W100_T1.0_D40,60132,100,0.580
BL_W100_T1.0_D40,61210,96,0.500
BL_W100_T1.0_D40,62288,89,0.420
BL_W100_T1.0_D40,63366,84,0.340
BL_W100_T1.0_D40,64640,78,0.260
BL_W100_T1.0_D40,65767,74,0.126
BL_W100_T1.0_D40,66845,69,0.050
BL_W100_T1.2_D2,52440,137,1.140
BL_W100_T1.2_D2,53490,132,1.060
BL_W100_T1.2_D2,54690,125,0.980
BL_W100_T1.2_D2,55040,123,0.980
BL_W100_T1.2_D2,55790,121,0.900
BL_W100_T1.2_D2,56140,117,0.900
BL_W100_T1.2_D2,56940,116,0.820
BL_W100_T1.2_D2,58040,110,0.740
BL_W100_T1.2_D2,59040,105,0.660
BL_W100_T1.2_D2,60132,100,0.580
BL_W100_T1.2_D2,61259,95,0.500
BL_W100_T1.2_D2,62288,89,0.420
BL_W100_T1.2_D2,63366,84,0.340
BL_W100_T1.2_D2,64640,78,0.260
BL_W100_T1.2_D2,65767,74,0.126
BL_W100_T1.2_D2,66845,69,0.050
BL_W100_T1.2_D4,52440,137,1.140
BL_W100_T1.2_D4,53440,132,1.060
BL_W100_T1.2_D4,53790,130,1.060
BL_W100_T1.2_D4,54690,125,0.980
BL_W100_T1.2_D4,55040,123,0.980
BL_W100_T1.2_D4,55790,121,0.900
BL_W100_T1.2_D4,56140,117,0.900
BL_W100_T1.2_D4,56940,116,0.820
BL_W100_T1.2_D4,58040,110,0.740
BL_W100_T1.2_D4,59040,105,0.660
BL_W100_T1.2_D4,60132,100,0.580
BL_W100_T1.2_D4,61259,95,0.500
BL_W100_T1.2_D4,62288,89,0.420
BL_W100_T1.2_D4,63366,84,0.340
BL_W100_T1.2_D4,64640,78,0.260
BL_W100_T1.2_D4,65767,74,0.126
BL_W100_T1.2_D4,66845,69,0.050
BL_W100_T1.2_D6,53490,132,1.060
BL_W100_T1.2_D6,54690,125,0.980
BL_W100_T1.2_D6,55040,123,0.980
BL_W100_T1.2_D6,55790,121,0.900
BL_W100_T1.2_D6,56140,117,0.900
BL_W100_T1.2_D6,56940,116,0.820
BL_W100_T1.2_D6,58040,110,0.740
BL_W100_T1.2_D6,59040,105,0.660
BL_W100_T1.2_D6,60132,100,0.580
BL_W100_T1.2_D6,61259,95,0.500
BL_W100_T1.2_D6,62288,89,0.420
BL_W100_T1.2_D6,63366,84,0.340
BL_W100_T1.2_D6,64640,78,0.260
BL_W100_T1.2_D6,65767,74,0.126
BL_W100_T1.2_D6,66845,69,0.050
BL_W100_T1.2_D8,53490,132,1.060
BL_W100_T1.2_D8,54690,125,0.980
BL_W100_T1.2_D8,55040,123,0.980
BL_W100_T1.2_D8,55790,121,0.900
BL_W100_T1.2_D8,56140,117,0.900
BL_W100_T1.2_D8,56940,116,0.820
BL_W100_T1.2_D8,58040,110,0.740
BL_W100_T1.2_D8,59040,105,0.660
BL_W100_T1.2_D8,60132,100,0.580
BL_W100_T1.2_D8,61259,95,0.500
BL_W100_T1.2_D8,62288,89,0.420
BL_W100_T1.2_D8,63366,84,0.340
BL_W100_T1.2_D8,64640,78,0.260
BL_W100_T1.2_D8,65767,74,0.126
BL_W100_T1.2_D8,66845,69,0.050
BL_W100_T1.2_D10,53490,132,1.060
BL_W100_T1.2_D10,54690,125,0.980
BL_W100_T1.2_D10,55040,123,0.980
BL_W100_T1.2_D10,55790,121,0.900
BL_W100_T1.2_D10,56140,117,0.900
BL_W100_T1.2_D10,56940,116,0.820
BL_W100_T1.2_D10,58040,110,0.740
BL_W100_T1.2_D10,59040,105,0.660
BL_W100_T1.2_D10,60132,100,0.580
BL_W100_T1.2_D10,61259,95,0.500
BL_W100_T1.2_D10,62288,89,0.420
BL_W100_T1.2_D10,63366,84,0.340
BL_W100_T1.2_D10,64640,78,0.260
BL_W100_T1.2_D10,65767,74,0.126
BL_W100_T1.2_D10,66845,69,0.050
BL_W100_T1.2_D15,53540,131,1.060
BL_W100_T1.2_D15,54740,125,0.980
BL_W100_T1.2_D15,55790,121,0.900
BL_W100_T1.2_D15,56140,117,0.900
BL_W100_T1.2_D15,56940,116,0.820
BL_W100_T1.2_D15,58040,110,0.740
BL_W100_T1.2_D15,59040,105,0.660
BL_W100_T1.2_D15,60132,100,0.580
BL_W100_T1.2_D15,61259,95,0.500
BL_W100_T1.2_D15,62288,89,0.420
BL_W100_T1.2_D15,63366,84,0.340
BL_W100_T1.2_D15,64640,78,0.260
BL_W100_T1.2_D15,65767,74,0.126
BL_W100_T1.2_D15,66845,69,0.050
BL_W100_T1.2_D20,53540,131,1.060
BL_W100_T1.2_D20,54740,125,0.980
BL_W100_T1.2_D20,55790,121,0.900
BL_W100_T1.2_D20,56140,117,0.900
BL_W100_T1.2_D20,56940,116,0.820
BL_W100_T1.2_D20,58040,110,0.740
BL_W100_T1.2_D20,59040,105,0.660
BL_W100_T1.2_D20,60132,100,0.580
BL_W100_T1.2_D20,61259,95,0.500
BL_W100_T1.2_D20,62288,89,0.420
BL_W100_T1.2_D20,63366,84,0.340
BL_W100_T1.2_D20,64640,78,0.260
BL_W100_T1.2_D20,65767,74,0.126
BL_W100_T1.2_D20,66845,69,0.050
BL_W100_T1.2_D25,53590,131,1.060
BL_W100_T1.2_D25,54740,125,0.980
BL_W100_T1.2_D25,55790,121,0.900
BL_W100_T1.2_D25,56140,117,0.900
BL_W100_T1.2_D25,56940,116,0.820
BL_W100_T1.2_D25,58040,110,0.740
BL_W100_T1.2_D25,59040,105,0.660
BL_W100_T1.2_D25,60132,100,0.580
BL_W100_T1.2_D25,61259,95,0.500
BL_W100_T1.2_D25,62288,89,0.420
BL_W100_T1.2_D25,63366,84,0.340
BL_W100_T1.2_D25,64640,78,0.260
BL_W100_T1.2_D25,65767,74,0.126
BL_W100_T1.2_D25,66845,69,0.050
BL_W100_T1.2_D30,53640,131,1.060
BL_W100_T1.2_D30,54790,124,0.980
BL_W100_T1.2_D30,55790,121,0.900
BL_W100_T1.2_D30,56140,117,0.900
BL_W100_T1.2_D30,56940,116,0.820
BL_W100_T1.2_D30,58040,110,0.740
BL_W100_T1.2_D30,59040,105,0.660
BL_W100_T1.2_D30,60132,100,0.580
BL_W100_T1.2_D30,61259,95,0.500
BL_W100_T1.2_D30,62288,89,0.420
BL_W100_T1.2_D30,63366,84,0.340
BL_W100_T1.2_D30,64640,78,0.260
BL_W100_T1.2_D30,65767,74,0.126
BL_W100_T1.2_D30,66845,69,0.050
BL_W100_T1.2_D40,54840,124,0.980
BL_W100_T1.2_D40,55790,121,0.900
BL_W100_T1.2_D40,56140,117,0.900
BL_W100_T1.2_D40,56940,116,0.820
BL_W100_T1.2_D40,58040,110,0.740
BL_W100_T1.2_D40,59040,105,0.660
BL_W100_T1.2_D40,60132,100,0.580
BL_W100_T1.2_D40,61259,95,0.500
BL_W100_T1.2_D40,62288,89,0.420
BL_W100_T1.2_D40,63366,84,0.340
BL_W100_T1.2_D40,64640,78,0.260
BL_W100_T1.2_D40,65767,74,0.126
BL_W100_T1.2_D40,66845,69,0.050
BL_W100_T1.4_D2,52490,137,1.140
BL_W100_T1.4_D2,53490,132,1.060
BL_W100_T1.4_D2,54740,125,0.980
BL_W100_T1.4_D2,55790,121,0.900
BL_W100_T1.4_D2,56140,117,0.900
BL_W100_T1.4_D2,56940,116,0.820
BL_W100_T1.4_D2,58090,109,0.740
BL_W100_T1.4_D2,59040,105,0.660
BL_W100_T1.4_D2,60132,100,0.580
BL_W100_T1.4_D2,61259,95,0.500
BL_W100_T1.4_D2,62288,89,0.420
BL_W100_T1.4_D2,63415,83,0.340
BL_W100_T1.4_D2,64640,78,0.260
BL_W100_T1.4_D2,65767,74,0.126
BL_W100_T1.4_D2,66845,69,0.050
BL_W100_T1.4_D4,52440,137,1.140
BL_W100_T1.4_D4,53440,132,1.060
BL_W100_T1.4_D4,53790,130,1.060
BL_W100_T1.4_D4,54740,125,0.980
BL_W100_T1.4_D4,55790,121,0.900
BL_W100_T1.4_D4,56140,117,0.900
BL_W100_T1.4_D4,56940,116,0.820
BL_W100_T1.4_D4,58090,109,0.740
BL_W100_T1.4_D4,59040,105,0.660
BL_W100_T1.4_D4,60132,100,0.580
BL_W100_T1.4_D4,61259,95,0.500
BL_W100_T1.4_D4,62288,89,0.420
BL_W100_T1.4_D4,63415,83,0.340
BL_W100_T1.4_D4,64640,78,0.260
BL_W100_T1.4_D4,65767,74,0.126
BL_W100_T1.4_D4,66845,69,0.050
BL_W100_T1.4_D6,53490,132,1.060
BL_W100_T1.4_D6,54740,125,0.980
BL_W100_T1.4_D6,55790,121,0.900
BL_W100_T1.4_D6,56140,117,0.900
BL_W100_T1.4_D6,56940,116,0.820
BL_W100_T1.4_D6,58090,109,0.740
BL_W100_T1.4_D6,59040,105,0.660
BL_W100_T1.4_D6,60132,100,0.580
BL_W100_T1.4_D6,61259,95,0.500
BL_W100_T1.4_D6,62288,89,0.420
BL_W100_T1.4_D6,63415,83,0.340
BL_W100_T1.4_D6,64640,78,0.260
BL_W100_T1.4_D6,65767,74,0.126
BL_W100_T1.4_D6,66845,69,0.050
BL_W100_T1.4_D8,53490,132,1.060
BL_W100_T1.4_D8,54740,125,0.980
BL_W100_T1.4_D8,55790,121,0.900
BL_W100_T1.4_D8,56140,117,0.900
BL_W100_T1.4_D8,56940,116,0.820
BL_W100_T1.4_D8,58090,109,0.740
BL_W100_T1.4_D8,59040,105,0.660
BL_W100_T1.4_D8,60132,100,0.580
BL_W100_T1.4_D8,61259,95,0.500
BL_W100_T1.4_D8,62288,89,0.420
BL_W100_T1.4_D8,63415,83,0.340
BL_W100_T1.4_D8,64640,78,0.260
BL_W100_T1.4_D8,65767,74,0.126
BL_W100_T1.4_D8,66845,69,0.050
BL_W100_T1.4_D10,53490,132,1.060
BL_W100_T1.4_D10,54740,125,0.980
BL_W100_T1.4_D10,55790,121,0.900
BL_W100_T1.4_D10,56140,117,0.900
BL_W100_T1.4_D10,56940,116,0.820
BL_W100_T1.4_D10,58090,109,0.740
BL_W100_T1.4_D10,59040,105,0.660
BL_W100_T1.4_D10,60132,100,0.580
BL_W100_T1.4_D10,61259,95,0.500
BL_W100_T1.4_D10,62288,89,0.420
BL_W100_T1.4_D10,63415,83,0.340
BL_W100_T1.4_D10,64640,78,0.260
BL_W100_T1.4_D10,65767,74,0.126
BL_W100_T1.4_D10,66845,69,0.050
BL_W100_T1.4_D15,53540,131,1.060
BL_W100_T1.4_D15,54740,125,0.980
BL_W100_T1.4_D15,55790,121,0.900
BL_W100_T1.4_D15,56140,117,0.900
BL_W100_T1.4_D15,56940,116,0.820
BL_W100_T1.4_D15,58090,109,0.740
BL_W100_T1.4_D15,59040,105,0.660
BL_W100_T1.4_D15,60132,100,0.580
BL_W100_T1.4_D15,61259,95,0.500
BL_W100_T1.4_D15,62288,89,0.420
BL_W100_T1.4_D15,63415,83,0.340
BL_W100_T1.4_D15,64640,78,0.260
BL_W100_T1.4_D15,65767,74,0.126
BL_W100_T1.4_D15,66845,69,0.050
BL_W100_T1.4_D20,53540,131,1.060
BL_W100_T1.4_D20,54740,125,0.980
BL_W100_T1.4_D20,55790,121,0.900
BL_W100_T1.4_D20,56140,117,0.900
BL_W100_T1.4_D20,56940,116,0.820
BL_W100_T1.4_D20,58090,109,0.740
BL_W100_T1.4_D20,59040,105,0.660
BL_W100_T1.4_D20,60132,100,0.580
BL_W100_T1.4_D20,61259,95,0.500
BL_W100_T1.4_D20,62288,89,0.420
BL_W100_T1.4_D20,63415,83,0.340
BL_W100_T1.4_D20,64640,78,0.260
BL_W100_T1.4_D20,65767,74,0.126
BL_W100_T1.4_D20,66845,69,0.050
BL_W100_T1.4_D25,53590,131,1.060
BL_W100_T1.4_D25,54740,125,0.980
BL_W100_T1.4_D25,55790,121,0.900
BL_W100_T1.4_D25,56140,117,0.900
BL_W100_T1.4_D25,56940,116,0.820
BL_W100_T1.4_D25,58090,109,0.740
BL_W100_T1.4_D25,59040,105,0.660
BL_W100_T1.4_D25,60132,100,0.580
BL_W100_T1.4_D25,61259,95,0.500
BL_W100_T1.4_D25,62288,89,0.420
BL_W100_T1.4_D25,63415,83,0.340
BL_W100_T1.4_D25,64640,78,0.260
BL_W100_T1.4_D25,65767,74,0.126
BL_W100_T1.4_D25,66845,69,0.050
BL_W100_T1.4_D30,53640,131,1.060
BL_W100_T1.4_D30,54790,124,0.980
BL_W100_T1.4_D30,55790,121,0.900
BL_W100_T1.4_D30,56140,117,0.900
BL_W100_T1.4_D30,56940,116,0.820
BL_W100_T1.4_D30,58090,109,0.740
BL_W100_T1.4_D30,59040,105,0.660
BL_W100_T1.4_D30,60132,100,0.580
BL_W100_T1.4_D30,61259,95,0.500
BL_W100_T1.4_D30,62288,89,0.420
BL_W100_T1.4_D30,63415,83,0.340
BL_W100_T1.4_D30,64640,78,0.260
BL_W100_T1.4_D30,65767,74,0.126
BL_W100_T1.4_D30,66845,69,0.050
BL_W100_T1.4_D40,54840,124,0.980
BL_W100_T1.4_D40,55790,121,0.900
BL_W100_T1.4_D40,56140,117,0.900
BL_W100_T1.4_D40,56940,116,0.820
BL_W100_T1.4_D40,58090,109,0.740
BL_W100_T1.4_D40,59040,105,0.660
BL_W100_T1.4_D40,60132,100,0.580
BL_W100_T1.4_D40,61259,95,0.500
BL_W100_T1.4_D40,62288,89,0.420
BL_W100_T1.4_D40,63415,83,0.340
BL_W100_T1.4_D40,64640,78,0.260
BL_W100_T1.4_D40,65767,74,0.126
BL_W100_T1.4_D40,66845,69,0.050
BL_W100_T1.6_D2,53490,132,1.060
BL_W100_T1.6_D2,54740,125,0.980
BL_W100_T1.6_D2,55790,121,0.900
BL_W100_T1.6_D2,56140,117,0.900
BL_W100_T1.6_D2,56940,116,0.820
BL_W100_T1.6_D2,58090,109,0.740
BL_W100_T1.6_D2,59090,104,0.660
BL_W100_T1.6_D2,60132,100,0.580
BL_W100_T1.6_D2,61259,95,0.500
BL_W100_T1.6_D2,62288,89,0.420
BL_W100_T1.6_D2,63415,83,0.340
BL_W100_T1.6_D2,64640,78,0.260
BL_W100_T1.6_D2,65816,73,0.126
BL_W100_T1.6_D2,66894,69,0.050
BL_W100_T1.6_D4,52440,137,1.140
BL_W100_T1.6_D4,53440,132,1.060
BL_W100_T1.6_D4,53790,130,1.060
BL_W100_T1.6_D4,54740,125,0.980
BL_W100_T1.6_D4,55790,121,0.900
BL_W100_T1.6_D4,56140,117,0.900
BL_W100_T1.6_D4,56940,116,0.820
BL_W100_T1.6_D4,58090,109,0.740
BL_W100_T1.6_D4,59090,104,0.660
BL_W100_T1.6_D4,60132,100,0.580
BL_W100_T1.6_D4,61259,95,0.500
BL_W100_T1.6_D4,62288,89,0.420
BL_W100_T1.6_D4,63415,83,0.340
BL_W100_T1.6_D4,64640,78,0.260
BL_W100_T1.6_D4,65816,73,0.126
BL_W100_T1.6_D4,66894,69,0.050
BL_W100_T1.6_D6,53490,132,1.060
BL_W100_T1.6_D6,54740,125,0.980
BL_W100_T1.6_D6,55790,121,0.900
BL_W100_T1.6_D6,56140,117,0.900
BL_W100_T1.6_D6,56940,116,0.820
BL_W100_T1.6_D6,58090,109,0.740
BL_W100_T1.6_D6,59090,104,0.660
BL_W100_T1.6_D6,60132,100,0.580
BL_W100_T1.6_D6,61259,95,0.500
BL_W100_T1.6_D6,62288,89,0.420
BL_W100_T1.6_D6,63415,83,0.340
BL_W100_T1.6_D6,64640,78,0.260
BL_W100_T1.6_D6,65816,73,0.126
BL_W100_T1.6_D6,66894,69,0.050
BL_W100_T1.6_D8,53490,132,1.060
BL_W100_T1.6_D8,54740,125,0.980
BL_W100_T1.6_D8,55790,121,0.900
BL_W100_T1.6_D8,56140,117,0.900
BL_W100_T1.6_D8,56940,116,0.820
BL_W100_T1.6_D8,58090,109,0.740
BL_W100_T1.6_D8,59090,104,0.660
BL_W100_T1.6_D8,60132,100,0.580
BL_W100_T1.6_D8,61259,95,0.500
BL_W100_T1.6_D8,62288,89,0.420
BL_W100_T1.6_D8,63415,83,0.340
BL_W100_T1.6_D8,64640,78,0.260
BL_W100_T1.6_D8,65816,73,0.126
BL_W100_T1.6_D8,66894,69,0.050
BL_W100_T1.6_D10,53490,132,1.060
BL_W100_T1.6_D10,54740,125,0.980
BL_W100_T1.6_D10,55790,121,0.900
BL_W100_T1.6_D10,56140,117,0.900
BL_W100_T1.6_D10,56940,116,0.820
BL_W100_T1.6_D10,58090,109,0.740
BL_W100_T1.6_D10,59090,104,0.660
BL_W100_T1.6_D10,60132,100,0.580
BL_W100_T1.6_D10,61259,95,0.500
BL_W100_T1.6_D10,62288,89,0.420
BL_W100_T1.6_D10,63415,83,0.340
BL_W100_T1.6_D10,64640,78,0.260
BL_W100_T1.6_D10,65816,73,0.126
BL_W100_T1.6_D10,66894,69,0.050
BL_W100_T1.6_D15,53540,131,1.060
BL_W100_T1.6_D15,54740,125,0.980
BL_W100_T1.6_D15,55790,121,0.900
BL_W100_T1.6_D15,56140,117,0.900
BL_W100_T1.6_D15,56940,116,0.820
BL_W100_T1.6_D15,58090,109,0.740
BL_W100_T1.6_D15,59090,104,0.660
BL_W100_T1.6_D15,60132,100,0.580
BL_W100_T1.6_D15,61259,95,0.500
BL_W100_T1.6_D15,62288,89,0.420
BL_W100_T1.6_D15,63415,83,0.340
BL_W100_T1.6_D15,64640,78,0.260
BL_W100_T1.6_D15,65816,73,0.126
BL_W100_T1.6_D15,66894,69,0.050
BL_W100_T1.6_D20,53540,131,1.060
BL_W100_T1.6_D20,54740,125,0.980
BL_W100_T1.6_D20,55790,121,0.900
BL_W100_T1.6_D20,56140,117,0.900
BL_W100_T1.6_D20,56940,116,0.820
BL_W100_T1.6_D20,58090,109,0.740
BL_W100_T1.6_D20,59090,104,0.660
BL_W100_T1.6_D20,60132,100,0.580
BL_W100_T1.6_D20,61259,95,0.500
BL_W100_T1.6_D20,62288,89,0.420
BL_W100_T1.6_D20,63415,83,0.340
BL_W100_T1.6_D20,64640,78,0.260
BL_W100_T1.6_D20,65816,73,0.126
BL_W100_T1.6_D20,66894,69,0.050
BL_W100_T1.6_D25,53590,131,1.060
BL_W100_T1.6_D25,54740,125,0.980
BL_W100_T1.6_D25,55790,121,0.900
BL_W100_T1.6_D25,56140,117,0.900
BL_W100_T1.6_D25,56940,116,0.820
BL_W100_T1.6_D25,58090,109,0.740
BL_W100_T1.6_D25,59090,104,0.660
BL_W100_T1.6_D25,60132,100,0.580
BL_W100_T1.6_D25,61259,95,0.500
BL_W100_T1.6_D25,62288,89,0.420
BL_W100_T1.6_D25,63415,83,0.340
BL_W100_T1.6_D25,64640,78,0.260
BL_W100_T1.6_D25,65816,73,0.126
BL_W100_T1.6_D25,66894,69,0.050
BL_W100_T1.6_D30,53640,131,1.060
BL_W100_T1.6_D30,54790,124,0.980
BL_W100_T1.6_D30,55790,121,0.900
BL_W100_T1.6_D30,56140,117,0.900
BL_W100_T1.6_D30,56940,116,0.820
BL_W100_T1.6_D30,58090,109,0.740
BL_W100_T1.6_D30,59090,104,0.660
BL_W100_T1.6_D30,60132,100,0.580
BL_W100_T1.6_D30,61259,95,0.500
BL_W100_T1.6_D30,62288,89,0.420
BL_W100_T1.6_D30,63415,83,0.340
BL_W100_T1.6_D30,64640,78,0.260
BL_W100_T1.6_D30,65816,73,0.126
BL_W100_T1.6_D30,66894,69,0.050
BL_W100_T1.6_D40,54840,124,0.980
BL_W100_T1.6_D40,55790,121,0.900
BL_W100_T1.6_D40,56140,117,0.900
BL_W100_T1.6_D40,56940,116,0.820
BL_W100_T1.6_D40,58090,109,0.740
BL_W100_T1.6_D40,59090,104,0.660
BL_W100_T1.6_D40,60132,100,0.580
BL_W100_T1.6_D40,61259,95,0.500
BL_W100_T1.6_D40,62288,89,0.420
BL_W100_T1.6_D40,63415,83,0.340
BL_W100_T1.6_D40,64640,78,0.260
BL_W100_T1.6_D40,65816,73,0.126
BL_W100_T1.6_D40,66894,69,0.050
BL_W100_T1.8_D2,53490,132,1.060
BL_W100_T1.8_D2,54740,125,0.980
BL_W100_T1.8_D2,55790,121,0.900
BL_W100_T1.8_D2,56140,117,0.900
BL_W100_T1.8_D2,56990,115,0.820
BL_W100_T1.8_D2,58090,109,0.740
BL_W100_T1.8_D2,59090,104,0.660
BL_W100_T1.8_D2,60181,99,0.580
BL_W100_T1.8_D2,61259,95,0.500
BL_W100_T1.8_D2,62337,89,0.420
BL_W100_T1.8_D2,63415,83,0.340
BL_W100_T1.8_D2,64689,78,0.260
BL_W100_T1.8_D2,65816,73,0.126
BL_W100_T1.8_D2,66894,69,0.050
BL_W100_T1.8_D4,52440,137,1.140
BL_W100_T1.8_D4,53440,132,1.060
BL_W100_T1.8_D4,53790,130,1.060
BL_W100_T1.8_D4,54740,125,0.980
BL_W100_T1.8_D4,55790,121,0.900
BL_W100_T1.8_D4,56140,117,0.900
BL_W100_T1.8_D4,56990,115,0.820
BL_W100_T1.8_D4,58090,109,0.740
BL_W100_T1.8_D4,59090,104,0.660
BL_W100_T1.8_D4,60181,99,0.580
BL_W100_T1.8_D4,61259,95,0.500
BL_W100_T1.8_D4,62337,89,0.420
BL_W100_T1.8_D4,63415,83,0.340
BL_W100_T1.8_D4,64689,78,0.260
BL_W100_T1.8_D4,65816,73,0.126
BL_W100_T1.8_D4,66894,69,0.050
BL_W100_T1.8_D6,53490,132,1.060
BL_W100_T1.8_D6,54740,125,0.980
BL_W100_T1.8_D6,55790,121,0.900
BL_W100_T1.8_D6,56140,117,0.900
BL_W100_T1.8_D6,56990,115,0.820
BL_W100_T1.8_D6,58090,109,0.740
BL_W100_T1.8_D6,59090,104,0.660
BL_W100_T1.8_D6,60181,99,0.580
BL_W100_T1.8_D6,61259,95,0.500
BL_W100_T1.8_D6,62337,89,0.420
BL_W100_T1.8_D6,63415,83,0.340
BL_W100_T1.8_D6,64689,78,0.260
BL_W100_T1.8_D6,65816,73,0.126
BL_W100_T1.8_D6,66894,69,0.050
BL_W100_T1.8_D8,53490,132,1.060
BL_W100_T1.8_D8,54740,125,0.980
BL_W100_T1.8_D8,55790,121,0.900
BL_W100_T1.8_D8,56140,117,0.900
BL_W100_T1.8_D8,56990,115,0.820
BL_W100_T1.8_D8,58090,109,0.740
BL_W100_T1.8_D8,59090,104,0.660
BL_W100_T1.8_D8,60181,99,0.580
BL_W100_T1.8_D8,61259,95,0.500
BL_W100_T1.8_D8,62337,89,0.420
BL_W100_T1.8_D8,63415,83,0.340
BL_W100_T1.8_D8,64689,78,0.260
BL_W100_T1.8_D8,65816,73,0.126
BL_W100_T1.8_D8,66894,69,0.050
BL_W100_T1.8_D10,53490,132,1.060
BL_W100_T1.8_D10,54740,125,0.980
BL_W100_T1.8_D10,55790,121,0.900
BL_W100_T1.8_D10,56140,117,0.900
BL_W100_T1.8_D10,56990,115,0.820
BL_W100_T1.8_D10,58090,109,0.740
BL_W100_T1.8_D10,59090,104,0.660
BL_W100_T1.8_D10,60181,99,0.580
BL_W100_T1.8_D10,61259,95,0.500
BL_W100_T1.8_D10,62337,89,0.420
BL_W100_T1.8_D10,63415,83,0.340
BL_W100_T1.8_D10,64689,78,0.260
BL_W100_T1.8_D10,65816,73,0.126
BL_W100_T1.8_D10,66894,69,0.050
BL_W100_T1.8_D15,53540,131,1.060
BL_W100_T1.8_D15,54740,125,0.980
BL_W100_T1.8_D15,55790,121,0.900
BL_W100_T1.8_D15,56140,117,0.900
BL_W100_T1.8_D15,56990,115,0.820
BL_W100_T1.8_D15,58090,109,0.740
BL_W100_T1.8_D15,59090,104,0.660
BL_W100_T1.8_D15,60181,99,0.580
BL_W100_T1.8_D15,61259,95,0.500
BL_W100_T1.8_D15,62337,89,0.420
BL_W100_T1.8_D15,63415,83,0.340
BL_W100_T1.8_D15,64689,78,0.260
BL_W100_T1.8_D15,65816,73,0.126
BL_W100_T1.8_D15,66894,69,0.050
BL_W100_T1.8_D20,53540,131,1.060
BL_W100_T1.8_D20,54740,125,0.980
BL_W100_T1.8_D20,55790,121,0.900
BL_W100_T1.8_D20,56140,117,0.900
BL_W100_T1.8_D20,56990,115,0.820
BL_W100_T1.8_D20,58090,109,0.740
BL_W100_T1.8_D20,59090,104,0.660
BL_W100_T1.8_D20,60181,99,0.580
BL_W100_T1.8_D20,61259,95,0.500
BL_W100_T1.8_D20,62337,89,0.420
BL_W100_T1.8_D20,63415,83,0.340
BL_W100_T1.8_D20,64689,78,0.260
BL_W100_T1.8_D20,65816,73,0.126
BL_W100_T1.8_D20,66894,69,0.050
BL_W100_T1.8_D25,53590,131,1.060
BL_W100_T1.8_D25,54740,125,0.980
BL_W100_T1.8_D25,55790,121,0.900
BL_W100_T1.8_D25,56140,117,0.900
BL_W100_T1.8_D25,56990,115,0.820
BL_W100_T1.8_D25,58090,109,0.740
BL_W100_T1.8_D25,59090,104,0.660
BL_W100_T1.8_D25,60181,99,0.580
BL_W100_T1.8_D25,61259,95,0.500
BL_W100_T1.8_D25,62337,89,0.420
BL_W100_T1.8_D25,63415,83,0.340
BL_W100_T1.8_D25,64689,78,0.260
BL_W100_T1.8_D25,65816,73,0.126
BL_W100_T1.8_D25,66894,69,0.050
BL_W100_T1.8_D30,53640,131,1.060
BL_W100_T1.8_D30,54790,124,0.980
BL_W100_T1.8_D30,55790,121,0.900
BL_W100_T1.8_D30,56140,117,0.900
BL_W100_T1.8_D30,56990,115,0.820
BL_W100_T1.8_D30,58090,109,0.740
BL_W100_T1.8_D30,59090,104,0.660
BL_W100_T1.8_D30,60181,99,0.580
BL_W100_T1.8_D30,61259,95,0.500
BL_W100_T1.8_D30,62337,89,0.420
BL_W100_T1.8_D30,63415,83,0.340
BL_W100_T1.8_D30,64689,78,0.260
BL_W100_T1.8_D30,65816,73,0.126
BL_W100_T1.8_D30,66894,69,0.050
BL_W100_T1.8_D40,54840,124,0.980
BL_W100_T1.8_D40,55790,121,0.900
BL_W100_T1.8_D40,56140,117,0.900
BL_W100_T1.8_D40,56990,115,0.820
BL_W100_T1.8_D40,58090,109,0.740
BL_W100_T1.8_D40,59090,104,0.660
BL_W100_T1.8_D40,60181,99,0.580
BL_W100_T1.8_D40,61259,95,0.500
BL_W100_T1.8_D40,62337,89,0.420
BL_W100_T1.8_D40,63415,83,0.340
BL_W100_T1.8_D40,64689,78,0.260
BL_W100_T1.8_D40,65816,73,0.126
BL_W100_T1.8_D40,66894,69,0.050
BL_W100_T2.0_D2,59090,104,0.660
BL_W100_T2.0_D2,60181,99,0.580
BL_W100_T2.0_D2,61259,95,0.500
BL_W100_T2.0_D2,62337,89,0.420
BL_W100_T2.0_D2,53490,132,0.340
BL_W100_T2.0_D2,63464,83,0.340
BL_W100_T2.0_D2,54740,125,0.260
BL_W100_T2.0_D2,64689,78,0.260
BL_W100_T2.0_D2,55790,121,0.126
BL_W100_T2.0_D2,56140,117,0.126
BL_W100_T2.0_D2,65816,73,0.126
BL_W100_T2.0_D2,66894,69,0.050
BL_W100_T2.0_D2,56990,115,0.010
BL_W100_T2.0_D4,59090,104,0.660
BL_W100_T2.0_D4,60181,99,0.580
BL_W100_T2.0_D4,61259,95,0.500
BL_W100_T2.0_D4,52440,137,0.420
BL_W100_T2.0_D4,62337,89,0.420
BL_W100_T2.0_D4,53440,132,0.340
BL_W100_T2.0_D4,53790,130,0.340
BL_W100_T2.0_D4,63464,83,0.340
BL_W100_T2.0_D4,54740,125,0.260
BL_W100_T2.0_D4,64689,78,0.260
BL_W100_T2.0_D4,55790,121,0.126
BL_W100_T2.0_D4,56140,117,0.126
BL_W100_T2.0_D4,65816,73,0.126
BL_W100_T2.0_D4,66894,69,0.050
BL_W100_T2.0_D4,56990,115,0.010
BL_W100_T2.0_D6,59090,104,0.660
BL_W100_T2.0_D6,60181,99,0.580
BL_W100_T2.0_D6,61259,95,0.500
BL_W100_T2.0_D6,62337,89,0.420
BL_W100_T2.0_D6,53490,132,0.340
BL_W100_T2.0_D6,63464,83,0.340
BL_W100_T2.0_D6,54740,125,0.260
BL_W100_T2.0_D6,64689,78,0.260
BL_W100_T2.0_D6,55790,121,0.126
BL_W100_T2.0_D6,56140,117,0.126
BL_W100_T2.0_D6,65816,73,0.126
BL_W100_T2.0_D6,66894,69,0.050
BL_W100_T2.0_D6,56990,115,0.010
BL_W100_T2.0_D8,59090,104,0.660
BL_W100_T2.0_D8,60181,99,0.580
BL_W100_T2.0_D8,61259,95,0.500
BL_W100_T2.0_D8,62337,89,0.420
BL_W100_T2.0_D8,53490,132,0.340
BL_W100_T2.0_D8,63464,83,0.340
BL_W100_T2.0_D8,54740,125,0.260
BL_W100_T2.0_D8,64689,78,0.260
BL_W100_T2.0_D8,55790,121,0.126
BL_W100_T2.0_D8,56140,117,0.126
BL_W100_T2.0_D8,65816,73,0.126
BL_W100_T2.0_D8,66894,69,0.050
BL_W100_T2.0_D8,56990,115,0.010
BL_W100_T2.0_D10,59090,104,0.660
BL_W100_T2.0_D10,60181,99,0.580
BL_W100_T2.0_D10,61259,95,0.500
BL_W100_T2.0_D10,62337,89,0.420
BL_W100_T2.0_D10,53490,132,0.340
BL_W100_T2.0_D10,63464,83,0.340
BL_W100_T2.0_D10,54740,125,0.260
BL_W100_T2.0_D10,64689,78,0.260
BL_W100_T2.0_D10,55790,121,0.126
BL_W100_T2.0_D10,56140,117,0.126
BL_W100_T2.0_D10,65816,73,0.126
BL_W100_T2.0_D10,66894,69,0.050
BL_W100_T2.0_D10,56990,115,0.010
BL_W100_T2.0_D15,59090,104,0.660
BL_W100_T2.0_D15,60181,99,0.580
BL_W100_T2.0_D15,61259,95,0.500
BL_W100_T2.0_D15,62337,89,0.420
BL_W100_T2.0_D15,53540,131,0.340
BL_W100_T2.0_D15,63464,83,0.340
BL_W100_T2.0_D15,54740,125,0.260
BL_W100_T2.0_D15,64689,78,0.260
BL_W100_T2.0_D15,55790,121,0.126
BL_W100_T2.0_D15,56140,117,0.126
BL_W100_T2.0_D15,65816,73,0.126
BL_W100_T2.0_D15,66894,69,0.050
BL_W100_T2.0_D15,56990,115,0.010
BL_W100_T2.0_D20,59090,104,0.660
BL_W100_T2.0_D20,60181,99,0.580
BL_W100_T2.0_D20,61259,95,0.500
BL_W100_T2.0_D20,62337,89,0.420
BL_W100_T2.0_D20,53540,131,0.340
BL_W100_T2.0_D20,63464,83,0.340
BL_W100_T2.0_D20,54740,125,0.260
BL_W100_T2.0_D20,64689,78,0.260
BL_W100_T2.0_D20,55790,121,0.126
BL_W100_T2.0_D20,56140,117,0.126
BL_W100_T2.0_D20,65816,73,0.126
BL_W100_T2.0_D20,66894,69,0.050
BL_W100_T2.0_D20,56990,115,0.010
BL_W100_T2.0_D25,59090,104,0.660
BL_W100_T2.0_D25,60181,99,0.580
BL_W100_T2.0_D25,61259,95,0.500
BL_W100_T2.0_D25,62337,89,0.420
BL_W100_T2.0_D25,53590,131,0.340
BL_W100_T2.0_D25,63464,83,0.340
BL_W100_T2.0_D25,54740,125,0.260
BL_W100_T2.0_D25,64689,78,0.260
BL_W100_T2.0_D25,55790,121,0.126
BL_W100_T2.0_D25,56140,117,0.126
BL_W100_T2.0_D25,65816,73,0.126
BL_W100_T2.0_D25,66894,69,0.050
BL_W100_T2.0_D25,56990,115,0.010
BL_W100_T2.0_D30,59090,104,0.660
BL_W100_T2.0_D30,60181,99,0.580
BL_W100_T2.0_D30,61259,95,0.500
BL_W100_T2.0_D30,62337,89,0.420
BL_W100_T2.0_D30,53640,131,0.340
BL_W100_T2.0_D30,63464,83,0.340
BL_W100_T2.0_D30,54790,124,0.260
BL_W100_T2.0_D30,64689,78,0.260
BL_W100_T2.0_D30,55790,121,0.126
BL_W100_T2.0_D30,56140,117,0.126
BL_W100_T2.0_D30,65816,73,0.126
BL_W100_T2.0_D30,66894,69,0.050
BL_W100_T2.0_D30,56990,115,0.010
BL_W100_T2.0_D40,59090,104,0.660
BL_W100_T2.0_D40,60181,99,0.580
BL_W100_T2.0_D40,61259,95,0.500
BL_W100_T2.0_D40,62337,89,0.420
BL_W100_T2.0_D40,63464,83,0.340
BL_W100_T2.0_D40,54840,124,0.260
BL_W100_T2.0_D40,64689,78,0.260
BL_W100_T2.0_D40,55790,121,0.126
BL_W100_T2.0_D40,56140,117,0.126
BL_W100_T2.0_D40,65816,73,0.126
BL_W100_T2.0_D40,66894,69,0.050
BL_W100_T2.0_D40,56990,115,0.010
BL_W100_T2.2_D2,53490,132,0.340
BL_W100_T2.2_D2,60181,99,0.340
BL_W100_T2.2_D2,54740,125,0.260
BL_W100_T2.2_D2,61308,95,0.260
BL_W100_T2.2_D2,55790,121,0.126
BL_W100_T2.2_D2,56140,117,0.126
BL_W100_T2.2_D2,62337,89,0.126
BL_W100_T2.2_D2,66943,68,0.050
BL_W100_T2.2_D2,56990,115,0.010
BL_W100_T2.2_D2,63464,83,0.010
BL_W100_T2.2_D4,52440,137,0.420
BL_W100_T2.2_D4,53440,132,0.340
BL_W100_T2.2_D4,60181,99,0.340
BL_W100_T2.2_D4,54740,125,0.260
BL_W100_T2.2_D4,61308,95,0.260
BL_W100_T2.2_D4,55790,121,0.126
BL_W100_T2.2_D4,56140,117,0.126
BL_W100_T2.2_D4,62337,89,0.126
BL_W100_T2.2_D4,66943,68,0.050
BL_W100_T2.2_D4,56990,115,0.010
BL_W100_T2.2_D4,63464,83,0.010
BL_W100_T2.2_D6,53490,132,0.340
BL_W100_T2.2_D6,60181,99,0.340
BL_W100_T2.2_D6,54740,125,0.260
BL_W100_T2.2_D6,61308,95,0.260
BL_W100_T2.2_D6,55790,121,0.126
BL_W100_T2.2_D6,56140,117,0.126
BL_W100_T2.2_D6,62337,89,0.126
BL_W100_T2.2_D6,66943,68,0.050
BL_W100_T2.2_D6,56990,115,0.010
BL_W100_T2.2_D6,63464,83,0.010
BL_W100_T2.2_D8,53490,132,0.340
BL_W100_T2.2_D8,60181,99,0.340
BL_W100_T2.2_D8,54740,125,0.260
BL_W100_T2.2_D8,61308,95,0.260
BL_W100_T2.2_D8,55790,121,0.126
BL_W100_T2.2_D8,56140,117,0.126
BL_W100_T2.2_D8,62337,89,0.126
BL_W100_T2.2_D8,66943,68,0.050
BL_W100_T2.2_D8,56990,115,0.010
BL_W100_T2.2_D8,63464,83,0.010
BL_W100_T2.2_D10,53490,132,0.340
BL_W100_T2.2_D10,60181,99,0.340
BL_W100_T2.2_D10,54740,125,0.260
BL_W100_T2.2_D10,61308,95,0.260
BL_W100_T2.2_D10,55790,121,0.126
BL_W100_T2.2_D10,56140,117,0.126
BL_W100_T2.2_D10,62337,89,0.126
BL_W100_T2.2_D10,66943,68,0.050
BL_W100_T2.2_D10,56990,115,0.010
BL_W100_T2.2_D10,63464,83,0.010
BL_W100_T2.2_D15,53540,131,0.340
BL_W100_T2.2_D15,60181,99,0.340
BL_W100_T2.2_D15,54740,125,0.260
BL_W100_T2.2_D15,61308,95,0.260
BL_W100_T2.2_D15,55790,121,0.126
BL_W100_T2.2_D15,56140,117,0.126
BL_W100_T2.2_D15,62337,89,0.126
BL_W100_T2.2_D15,66943,68,0.050
BL_W100_T2.2_D15,56990,115,0.010
BL_W100_T2.2_D15,63464,83,0.010
BL_W100_T2.2_D20,53540,131,0.340
BL_W100_T2.2_D20,60181,99,0.340
BL_W100_T2.2_D20,54740,125,0.260
BL_W100_T2.2_D20,61308,95,0.260
BL_W100_T2.2_D20,55790,121,0.126
BL_W100_T2.2_D20,56140,117,0.126
BL_W100_T2.2_D20,62337,89,0.126
BL_W100_T2.2_D20,66943,68,0.050
BL_W100_T2.2_D20,56990,115,0.010
BL_W100_T2.2_D20,63464,83,0.010
BL_W100_T2.2_D25,53590,131,0.340
BL_W100_T2.2_D25,60181,99,0.340
BL_W100_T2.2_D25,54740,125,0.260
BL_W100_T2.2_D25,61308,95,0.260
BL_W100_T2.2_D25,55790,121,0.126
BL_W100_T2.2_D25,56140,117,0.126
BL_W100_T2.2_D25,62337,89,0.126
BL_W100_T2.2_D25,66943,68,0.050
BL_W100_T2.2_D25,56990,115,0.010
BL_W100_T2.2_D25,63464,83,0.010
BL_W100_T2.2_D30,53640,131,0.340
BL_W100_T2.2_D30,60181,99,0.340
BL_W100_T2.2_D30,54790,124,0.260
BL_W100_T2.2_D30,61308,95,0.260
BL_W100_T2.2_D30,55790,121,0.126
BL_W100_T2.2_D30,56140,117,0.126
BL_W100_T2.2_D30,62337,89,0.126
BL_W100_T2.2_D30,66943,68,0.050
BL_W100_T2.2_D30,56990,115,0.010
BL_W100_T2.2_D30,63464,83,0.010
BL_W100_T2.2_D40,60181,99,0.340
BL_W100_T2.2_D40,54840,124,0.260
BL_W100_T2.2_D40,61308,95,0.260
BL_W100_T2.2_D40,55790,121,0.126
BL_W100_T2.2_D40,56140,117,0.126
BL_W100_T2.2_D40,62337,89,0.126
BL_W100_T2.2_D40,66943,68,0.050
BL_W100_T2.2_D40,56990,115,0.010
BL_W100_T2.2_D40,63464,83,0.010
BL_W100_T2.4_D2,53490,132,0.340
BL_W100_T2.4_D2,60230,99,0.340
BL_W100_T2.4_D2,54740,125,0.260
BL_W100_T2.4_D2,61308,95,0.260
BL_W100_T2.4_D2,55790,121,0.126
BL_W100_T2.4_D2,56140,117,0.126
BL_W100_T2.4_D2,62337,89,0.126
BL_W100_T2.4_D2,63464,83,0.050
BL_W100_T2.4_D2,56990,115,0.010
BL_W100_T2.4_D4,52440,137,0.420
BL_W100_T2.4_D4,53440,132,0.340
BL_W100_T2.4_D4,60230,99,0.340
BL_W100_T2.4_D4,54740,125,0.260
BL_W100_T2.4_D4,61308,95,0.260
BL_W100_T2.4_D4,55790,121,0.126
BL_W100_T2.4_D4,56140,117,0.126
BL_W100_T2.4_D4,62337,89,0.126
BL_W100_T2.4_D4,63464,83,0.050
BL_W100_T2.4_D4,56990,115,0.010
BL_W100_T2.4_D6,53490,132,0.340
BL_W100_T2.4_D6,60230,99,0.340
BL_W100_T2.4_D6,54740,125,0.260
BL_W100_T2.4_D6,61308,95,0.260
BL_W100_T2.4_D6,55790,121,0.126
BL_W100_T2.4_D6,56140,117,0.126
BL_W100_T2.4_D6,62337,89,0.126
BL_W100_T2.4_D6,63464,83,0.050
BL_W100_T2.4_D6,56990,115,0.010
BL_W100_T2.4_D8,53490,132,0.340
BL_W100_T2.4_D8,60230,99,0.340
BL_W100_T2.4_D8,54740,125,0.260
BL_W100_T2.4_D8,61308,95,0.260
BL_W100_T2.4_D8,55790,121,0.126
BL_W100_T2.4_D8,56140,117,0.126
BL_W100_T2.4_D8,62337,89,0.126
BL_W100_T2.4_D8,63464,83,0.050
BL_W100_T2.4_D8,56990,115,0.010
BL_W100_T2.4_D10,53490,132,0.340
BL_W100_T2.4_D10,60230,99,0.340
BL_W100_T2.4_D10,54740,125,0.260
BL_W100_T2.4_D10,61308,95,0.260
BL_W100_T2.4_D10,55790,121,0.126
BL_W100_T2.4_D10,56140,117,0.126
BL_W100_T2.4_D10,62337,89,0.126
BL_W100_T2.4_D10,63464,83,0.050
BL_W100_T2.4_D10,56990,115,0.010
BL_W100_T2.4_D15,53540,131,0.340
BL_W100_T2.4_D15,60230,99,0.340
BL_W100_T2.4_D15,54740,125,0.260
BL_W100_T2.4_D15,61308,95,0.260
BL_W100_T2.4_D15,55790,121,0.126
BL_W100_T2.4_D15,56140,117,0.126
BL_W100_T2.4_D15,62337,89,0.126
BL_W100_T2.4_D15,63464,83,0.050
BL_W100_T2.4_D15,56990,115,0.010
BL_W100_T2.4_D20,53540,131,0.340
BL_W100_T2.4_D20,60230,99,0.340
BL_W100_T2.4_D20,54740,125,0.260
BL_W100_T2.4_D20,61308,95,0.260
BL_W100_T2.4_D20,55790,121,0.126
BL_W100_T2.4_D20,56140,117,0.126
BL_W100_T2.4_D20,62337,89,0.126
BL_W100_T2.4_D20,63464,83,0.050
BL_W100_T2.4_D20,56990,115,0.010
BL_W100_T2.4_D25,53590,131,0.340
BL_W100_T2.4_D25,60230,99,0.340
BL_W100_T2.4_D25,54740,125,0.260
BL_W100_T2.4_D25,61308,95,0.260
BL_W100_T2.4_D25,55790,121,0.126
BL_W100_T2.4_D25,56140,117,0.126
BL_W100_T2.4_D25,62337,89,0.126
BL_W100_T2.4_D25,63464,83,0.050
BL_W100_T2.4_D25,56990,115,0.010
BL_W100_T2.4_D30,53640,131,0.340
BL_W100_T2.4_D30,60230,99,0.340
BL_W100_T2.4_D30,54790,124,0.260
BL_W100_T2.4_D30,61308,95,0.260
BL_W100_T2.4_D30,55790,121,0.126
BL_W100_T2.4_D30,56140,117,0.126
BL_W100_T2.4_D30,62337,89,0.126
BL_W100_T2.4_D30,63464,83,0.050
BL_W100_T2.4_D30,56990,115,0.010
BL_W100_T2.4_D40,60230,99,0.340
BL_W100_T2.4_D40,54840,124,0.260
BL_W100_T2.4_D40,61308,95,0.260
BL_W100_T2.4_D40,55790,121,0.126
BL_W100_T2.4_D40,56140,117,0.126
BL_W100_T2.4_D40,62337,89,0.126
BL_W100_T2.4_D40,63464,83,0.050
BL_W100_T2.4_D40,56990,115,0.010
BL_W100_T2.6_D2,53490,132,0.340
BL_W100_T2.6_D2,54790,124,0.260
BL_W100_T2.6_D2,55790,121,0.126
BL_W100_T2.6_D2,56140,117,0.126
BL_W100_T2.6_D2,62386,89,0.126
BL_W100_T2.6_D2,63513,83,0.050
BL_W100_T2.6_D2,56990,115,0.010
BL_W100_T2.6_D2,60230,99,0.010
BL_W100_T2.6_D4,52440,137,0.420
BL_W100_T2.6_D4,53440,132,0.340
BL_W100_T2.6_D4,54790,124,0.260
BL_W100_T2.6_D4,55790,121,0.126
BL_W100_T2.6_D4,56140,117,0.126
BL_W100_T2.6_D4,62386,89,0.126
BL_W100_T2.6_D4,63513,83,0.050
BL_W100_T2.6_D4,56990,115,0.010
BL_W100_T2.6_D4,60230,99,0.010
BL_W100_T2.6_D6,53490,132,0.340
BL_W100_T2.6_D6,54790,124,0.260
BL_W100_T2.6_D6,55790,121,0.126
BL_W100_T2.6_D6,56140,117,0.126
BL_W100_T2.6_D6,62386,89,0.126
BL_W100_T2.6_D6,63513,83,0.050
BL_W100_T2.6_D6,56990,115,0.010
BL_W100_T2.6_D6,60230,99,0.010
BL_W100_T2.6_D8,53490,132,0.340
BL_W100_T2.6_D8,54790,124,0.260
BL_W100_T2.6_D8,55790,121,0.126
BL_W100_T2.6_D8,56140,117,0.126
BL_W100_T2.6_D8,62386,89,0.126
BL_W100_T2.6_D8,63513,83,0.050
BL_W100_T2.6_D8,56990,115,0.010
BL_W100_T2.6_D8,60230,99,0.010
BL_W100_T2.6_D10,53490,132,0.340
BL_W100_T2.6_D10,54790,124,0.260
BL_W100_T2.6_D10,55790,121,0.126
BL_W100_T2.6_D10,56140,117,0.126
BL_W100_T2.6_D10,62386,89,0.126
BL_W100_T2.6_D10,63513,83,0.050
BL_W100_T2.6_D10,56990,115,0.010
BL_W100_T2.6_D10,60230,99,0.010
BL_W100_T2.6_D15,53540,131,0.340
BL_W100_T2.6_D15,54740,125,0.260
BL_W100_T2.6_D15,55790,121,0.126
BL_W100_T2.6_D15,56140,117,0.126
BL_W100_T2.6_D15,62386,89,0.126
BL_W100_T2.6_D15,63513,83,0.050
BL_W100_T2.6_D15,56990,115,0.010
BL_W100_T2.6_D15,60230,99,0.010
BL_W100_T2.6_D20,53540,131,0.340
BL_W100_T2.6_D20,54740,125,0.260
BL_W100_T2.6_D20,55790,121,0.126
BL_W100_T2.6_D20,56140,117,0.126
BL_W100_T2.6_D20,62386,89,0.126
BL_W100_T2.6_D20,63513,83,0.050
BL_W100_T2.6_D20,56990,115,0.010
BL_W100_T2.6_D20,60230,99,0.010
BL_W100_T2.6_D25,53590,131,0.340
BL_W100_T2.6_D25,54740,125,0.260
BL_W100_T2.6_D25,55790,121,0.126
BL_W100_T2.6_D25,56140,117,0.126
BL_W100_T2.6_D25,62386,89,0.126
BL_W100_T2.6_D25,63513,83,0.050
BL_W100_T2.6_D25,56990,115,0.010
BL_W100_T2.6_D25,60230,99,0.010
BL_W100_T2.6_D30,53640,131,0.340
BL_W100_T2.6_D30,54790,124,0.260
BL_W100_T2.6_D30,55790,121,0.126
BL_W100_T2.6_D30,56140,117,0.126
BL_W100_T2.6_D30,62386,89,0.126
BL_W100_T2.6_D30,63513,83,0.050
BL_W100_T2.6_D30,56990,115,0.010
BL_W100_T2.6_D30,60230,99,0.010
BL_W100_T2.6_D40,54840,124,0.260
BL_W100_T2.6_D40,55790,121,0.126
BL_W100_T2.6_D40,56140,117,0.126
BL_W100_T2.6_D40,62386,89,0.126
BL_W100_T2.6_D40,63513,83,0.050
BL_W100_T2.6_D40,56990,115,0.010
BL_W100_T2.6_D40,60230,99,0.010
BL_W100_T2.8_D2,53490,132,0.340
BL_W100_T2.8_D2,54790,124,0.260
BL_W100_T2.8_D2,55790,121,0.126
BL_W100_T2.8_D2,56140,117,0.126
BL_W100_T2.8_D2,56990,115,0.050
BL_W100_T2.8_D4,52440,137,0.420
BL_W100_T2.8_D4,53440,132,0.340
BL_W100_T2.8_D4,54790,124,0.260
BL_W100_T2.8_D4,55790,121,0.126
BL_W100_T2.8_D4,56140,117,0.126
BL_W100_T2.8_D4,56990,115,0.050
BL_W100_T2.8_D6,53490,132,0.340
BL_W100_T2.8_D6,54790,124,0.260
BL_W100_T2.8_D6,55790,121,0.126
BL_W100_T2.8_D6,56140,117,0.126
BL_W100_T2.8_D6,56990,115,0.050
BL_W100_T2.8_D8,53490,132,0.340
BL_W100_T2.8_D8,54790,124,0.260
BL_W100_T2.8_D8,55790,121,0.126
BL_W100_T2.8_D8,56140,117,0.126
BL_W100_T2.8_D8,56990,115,0.050
BL_W100_T2.8_D10,53490,132,0.340
BL_W100_T2.8_D10,54790,124,0.260
BL_W100_T2.8_D10,55790,121,0.126
BL_W100_T2.8_D10,56140,117,0.126
BL_W100_T2.8_D10,56990,115,0.050
BL_W100_T2.8_D15,53540,131,0.340
BL_W100_T2.8_D15,54740,125,0.260
BL_W100_T2.8_D15,55790,121,0.126
BL_W100_T2.8_D15,56140,117,0.126
BL_W100_T2.8_D15,56990,115,0.050
BL_W100_T2.8_D20,53540,131,0.340
BL_W100_T2.8_D20,54740,125,0.260
BL_W100_T2.8_D20,55790,121,0.126
BL_W100_T2.8_D20,56140,117,0.126
BL_W100_T2.8_D20,56990,115,0.050
BL_W100_T2.8_D25,53590,131,0.340
BL_W100_T2.8_D25,54740,125,0.260
BL_W100_T2.8_D25,55790,121,0.126
BL_W100_T2.8_D25,56140,117,0.126
BL_W100_T2.8_D25,56990,115,0.050
BL_W100_T2.8_D30,53640,131,0.340
BL_W100_T2.8_D30,54790,124,0.260
BL_W100_T2.8_D30,55790,121,0.126
BL_W100_T2.8_D30,56140,117,0.126
BL_W100_T2.8_D30,56990,115,0.050
BL_W100_T2.8_D40,54840,124,0.260
BL_W100_T2.8_D40,55790,121,0.126
BL_W100_T2.8_D40,56140,117,0.126
BL_W100_T2.8_D40,56990,115,0.050
BL_W100_T3.0_D2,53540,131,0.340
BL_W100_T3.0_D2,54790,124,0.260
BL_W100_T3.0_D2,55790,121,0.126
BL_W100_T3.0_D2,56140,117,0.126
BL_W100_T3.0_D2,57040,114,0.050
BL_W100_T3.0_D4,52440,137,0.420
BL_W100_T3.0_D4,53440,132,0.340
BL_W100_T3.0_D4,54790,124,0.260
BL_W100_T3.0_D4,55790,121,0.126
BL_W100_T3.0_D4,56140,117,0.126
BL_W100_T3.0_D4,57040,114,0.050
BL_W100_T3.0_D6,53490,132,0.340
BL_W100_T3.0_D6,54790,124,0.260
BL_W100_T3.0_D6,55790,121,0.126
BL_W100_T3.0_D6,56140,117,0.126
BL_W100_T3.0_D6,57040,114,0.050
BL_W100_T3.0_D8,53490,132,0.340
BL_W100_T3.0_D8,54790,124,0.260
BL_W100_T3.0_D8,55790,121,0.126
BL_W100_T3.0_D8,56140,117,0.126
BL_W100_T3.0_D8,57040,114,0.050
BL_W100_T3.0_D10,53490,132,0.340
BL_W100_T3.0_D10,54790,124,0.260
BL_W100_T3.0_D10,55790,121,0.126
BL_W100_T3.0_D10,56140,117,0.126
BL_W100_T3.0_D10,57040,114,0.050
BL_W100_T3.0_D15,53540,131,0.340
BL_W100_T3.0_D15,54740,125,0.260
BL_W100_T3.0_D15,55790,121,0.126
BL_W100_T3.0_D15,56140,117,0.126
BL_W100_T3.0_D15,57040,114,0.050
BL_W100_T3.0_D20,53540,131,0.340
BL_W100_T3.0_D20,54740,125,0.260
BL_W100_T3.0_D20,55790,121,0.126
BL_W100_T3.0_D20,56140,117,0.126
BL_W100_T3.0_D20,57040,114,0.050
BL_W100_T3.0_D25,53590,131,0.340
BL_W100_T3.0_D25,54740,125,0.260
BL_W100_T3.0_D25,55790,121,0.126
BL_W100_T3.0_D25,56140,117,0.126
BL_W100_T3.0_D25,57040,114,0.050
BL_W100_T3.0_D30,53640,131,0.340
BL_W100_T3.0_D30,54790,124,0.260
BL_W100_T3.0_D30,55790,121,0.126
BL_W100_T3.0_D30,56140,117,0.126
BL_W100_T3.0_D30,57040,114,0.050
BL_W100_T3.0_D40,54840,124,0.260
BL_W100_T3.0_D40,55790,121,0.126
BL_W100_T3.0_D40,56140,117,0.126
BL_W100_T3.0_D40,57040,114,0.050
BL_W110_T1.0_D2,51540,143,1.200
BL_W110_T1.0_D2,52440,137,1.140
BL_W110_T1.0_D2,53440,132,1.060
BL_W110_T1.0_D2,53790,130,1.060
BL_W110_T1.0_D2,54690,125,0.980
BL_W110_T1.0_D2,55040,123,0.980
BL_W110_T1.0_D2,55740,122,0.900
BL_W110_T1.0_D2,56090,117,0.900
BL_W110_T1.0_D2,56940,116,0.820
BL_W110_T1.0_D2,58040,110,0.740
BL_W110_T1.0_D2,59040,105,0.660
BL_W110_T1.0_D2,60132,100,0.580
BL_W110_T1.0_D2,61210,96,0.500
BL_W110_T1.0_D2,62288,89,0.420
BL_W110_T1.0_D2,63366,84,0.340
BL_W110_T1.0_D2,64591,79,0.260
BL_W110_T1.0_D2,65767,74,0.126
BL_W110_T1.0_D2,66845,69,0.050
BL_W110_T1.0_D4,51540,143,1.200
BL_W110_T1.0_D4,52440,137,1.140
BL_W110_T1.0_D4,53440,132,1.060
BL_W110_T1.0_D4,53790,130,1.060
BL_W110_T1.0_D4,54690,125,0.980
BL_W110_T1.0_D4,55040,123,0.980
BL_W110_T1.0_D4,55740,122,0.900
BL_W110_T1.0_D4,56090,117,0.900
BL_W110_T1.0_D4,56940,116,0.820
BL_W110_T1.0_D4,58040,110,0.740
BL_W110_T1.0_D4,59040,105,0.660
BL_W110_T1.0_D4,60132,100,0.580
BL_W110_T1.0_D4,61210,96,0.500
BL_W110_T1.0_D4,62288,89,0.420
BL_W110_T1.0_D4,63366,84,0.340
BL_W110_T1.0_D4,64591,79,0.260
BL_W110_T1.0_D4,65767,74,0.126
BL_W110_T1.0_D4,66845,69,0.050
BL_W110_T1.0_D6,52490,137,1.140
BL_W110_T1.0_D6,53490,132,1.060
BL_W110_T1.0_D6,53840,130,1.060
BL_W110_T1.0_D6,54690,125,0.980
BL_W110_T1.0_D6,55040,123,0.980
BL_W110_T1.0_D6,55740,122,0.900
BL_W110_T1.0_D6,56090,117,0.900
BL_W110_T1.0_D6,56940,116,0.820
BL_W110_T1.0_D6,58040,110,0.740
BL_W110_T1.0_D6,59040,105,0.660
BL_W110_T1.0_D6,60132,100,0.580
BL_W110_T1.0_D6,61210,96,0.500
BL_W110_T1.0_D6,62288,89,0.420
BL_W110_T1.0_D6,63366,84,0.340
BL_W110_T1.0_D6,64591,79,0.260
BL_W110_T1.0_D6,65767,74,0.126
BL_W110_T1.0_D6,66845,69,0.050
BL_W110_T1.0_D8,53490,132,1.060
BL_W110_T1.0_D8,54690,125,0.980
BL_W110_T1.0_D8,55040,123,0.980
BL_W110_T1.0_D8,55740,122,0.900
BL_W110_T1.0_D8,56090,117,0.900
BL_W110_T1.0_D8,56940,116,0.820
BL_W110_T1.0_D8,58040,110,0.740
BL_W110_T1.0_D8,59040,105,0.660
BL_W110_T1.0_D8,60132,100,0.580
BL_W110_T1.0_D8,61210,96,0.500
BL_W110_T1.0_D8,62288,89,0.420
BL_W110_T1.0_D8,63366,84,0.340
BL_W110_T1.0_D8,64591,79,0.260
BL_W110_T1.0_D8,65767,74,0.126
BL_W110_T1.0_D8,66845,69,0.050
BL_W110_T1.0_D10,53490,132,1.060
BL_W110_T1.0_D10,54690,125,0.980
BL_W110_T1.0_D10,55040,123,0.980
BL_W110_T1.0_D10,55740,122,0.900
BL_W110_T1.0_D10,56090,117,0.900
BL_W110_T1.0_D10,56940,116,0.820
BL_W110_T1.0_D10,58040,110,0.740
BL_W110_T1.0_D10,59040,105,0.660
BL_W110_T1.0_D10,60132,100,0.580
BL_W110_T1.0_D10,61210,96,0.500
BL_W110_T1.0_D10,62288,89,0.420
BL_W110_T1.0_D10,63366,84,0.340
BL_W110_T1.0_D10,64591,79,0.260
BL_W110_T1.0_D10,65767,74,0.126
BL_W110_T1.0_D10,66845,69,0.050
BL_W110_T1.0_D15,53540,131,1.060
BL_W110_T1.0_D15,54740,125,0.980
BL_W110_T1.0_D15,55740,122,0.900
BL_W110_T1.0_D15,56090,117,0.900
BL_W110_T1.0_D15,56940,116,0.820
BL_W110_T1.0_D15,58040,110,0.740
BL_W110_T1.0_D15,59040,105,0.660
BL_W110_T1.0_D15,60132,100,0.580
BL_W110_T1.0_D15,61210,96,0.500
BL_W110_T1.0_D15,62288,89,0.420
BL_W110_T1.0_D15,63366,84,0.340
BL_W110_T1.0_D15,64591,79,0.260
BL_W110_T1.0_D15,65767,74,0.126
BL_W110_T1.0_D15,66845,69,0.050
BL_W110_T1.0_D20,53540,131,1.060
BL_W110_T1.0_D20,54740,125,0.980
BL_W110_T1.0_D20,55790,121,0.900
BL_W110_T1.0_D20,56140,117,0.900
BL_W110_T1.0_D20,56940,116,0.820
BL_W110_T1.0_D20,58040,110,0.740
BL_W110_T1.0_D20,59040,105,0.660
BL_W110_T1.0_D20,60132,100,0.580
BL_W110_T1.0_D20,61210,96,0.500
BL_W110_T1.0_D20,62288,89,0.420
BL_W110_T1.0_D20,63366,84,0.340
BL_W110_T1.0_D20,64591,79,0.260
BL_W110_T1.0_D20,65767,74,0.126
BL_W110_T1.0_D20,66845,69,0.050
BL_W110_T1.0_D25,53590,131,1.060
BL_W110_T1.0_D25,54740,125,0.980
BL_W110_T1.0_D25,55790,121,0.900
BL_W110_T1.0_D25,56140,117,0.900
BL_W110_T1.0_D25,56940,116,0.820
BL_W110_T1.0_D25,58040,110,0.740
BL_W110_T1.0_D25,59040,105,0.660
BL_W110_T1.0_D25,60132,100,0.580
BL_W110_T1.0_D25,61210,96,0.500
BL_W110_T1.0_D25,62288,89,0.420
BL_W110_T1.0_D25,63366,84,0.340
BL_W110_T1.0_D25,64591,79,0.260
BL_W110_T1.0_D25,65767,74,0.126
BL_W110_T1.0_D25,66845,69,0.050
BL_W110_T1.0_D30,53640,131,1.060
BL_W110_T1.0_D30,54790,124,0.980
BL_W110_T1.0_D30,55790,121,0.900
BL_W110_T1.0_D30,56140,117,0.900
BL_W110_T1.0_D30,56940,116,0.820
BL_W110_T1.0_D30,58040,110,0.740
BL_W110_T1.0_D30,59040,105,0.660
BL_W110_T1.0_D30,60132,100,0.580
BL_W110_T1.0_D30,61210,96,0.500
BL_W110_T1.0_D30,62288,89,0.420
BL_W110_T1.0_D30,63366,84,0.340
BL_W110_T1.0_D30,64591,79,0.260
BL_W110_T1.0_D30,65767,74,0.126
BL_W110_T1.0_D30,66845,69,0.050
BL_W110_T1.0_D40,54840,124,0.980
BL_W110_T1.0_D40,55790,121,0.900
BL_W110_T1.0_D40,56140,117,0.900
BL_W110_T1.0_D40,56940,116,0.820
BL_W110_T1.0_D40,58040,110,0.740
BL_W110_T1.0_D40,59040,105,0.660
BL_W110_T1.0_D40,60132,100,0.580
BL_W110_T1.0_D40,61210,96,0.500
BL_W110_T1.0_D40,62288,89,0.420
BL_W110_T1.0_D40,63366,84,0.340
BL_W110_T1.0_D40,64591,79,0.260
BL_W110_T1.0_D40,65767,74,0.126
BL_W110_T1.0_D40,66845,69,0.050
BL_W110_T1.2_D2,52440,137,1.140
BL_W110_T1.2_D2,53490,132,1.060
BL_W110_T1.2_D2,54690,125,0.980
BL_W110_T1.2_D2,55040,123,0.980
BL_W110_T1.2_D2,55790,121,0.900
BL_W110_T1.2_D2,56140,117,0.900
BL_W110_T1.2_D2,56940,116,0.820
BL_W110_T1.2_D2,58040,110,0.740
BL_W110_T1.2_D2,59040,105,0.660
BL_W110_T1.2_D2,60132,100,0.580
BL_W110_T1.2_D2,61259,95,0.500
BL_W110_T1.2_D2,62288,89,0.420
BL_W110_T1.2_D2,63415,83,0.340
BL_W110_T1.2_D2,64640,78,0.260
BL_W110_T1.2_D2,65767,74,0.126
BL_W110_T1.2_D2,66845,69,0.050
BL_W110_T1.2_D4,52440,137,1.140
BL_W110_T1.2_D4,53490,132,1.060
BL_W110_T1.2_D4,54690,125,0.980
BL_W110_T1.2_D4,55040,123,0.980
BL_W110_T1.2_D4,55790,121,0.900
BL_W110_T1.2_D4,56140,117,0.900
BL_W110_T1.2_D4,56940,116,0.820
BL_W110_T1.2_D4,58040,110,0.740
BL_W110_T1.2_D4,59040,105,0.660
BL_W110_T1.2_D4,60132,100,0.580
BL_W110_T1.2_D4,61259,95,0.500
BL_W110_T1.2_D4,62288,89,0.420
BL_W110_T1.2_D4,63415,83,0.340
BL_W110_T1.2_D4,64640,78,0.260
BL_W110_T1.2_D4,65767,74,0.126
BL_W110_T1.2_D4,66845,69,0.050
BL_W110_T1.2_D6,52490,137,1.140
BL_W110_T1.2_D6,53490,132,1.060
BL_W110_T1.2_D6,54690,125,0.980
BL_W110_T1.2_D6,55040,123,0.980
BL_W110_T1.2_D6,55790,121,0.900
BL_W110_T1.2_D6,56140,117,0.900
BL_W110_T1.2_D6,56940,116,0.820
BL_W110_T1.2_D6,58040,110,0.740
BL_W110_T1.2_D6,59040,105,0.660
BL_W110_T1.2_D6,60132,100,0.580
BL_W110_T1.2_D6,61259,95,0.500
BL_W110_T1.2_D6,62288,89,0.420
BL_W110_T1.2_D6,63415,83,0.340
BL_W110_T1.2_D6,64640,78,0.260
BL_W110_T1.2_D6,65767,74,0.126
BL_W110_T1.2_D6,66845,69,0.050
BL_W110_T1.2_D8,53490,132,1.060
BL_W110_T1.2_D8,54690,125,0.980
BL_W110_T1.2_D8,55040,123,0.980
BL_W110_T1.2_D8,55790,121,0.900
BL_W110_T1.2_D8,56140,117,0.900
BL_W110_T1.2_D8,56940,116,0.820
BL_W110_T1.2_D8,58040,110,0.740
BL_W110_T1.2_D8,59040,105,0.660
BL_W110_T1.2_D8,60132,100,0.580
BL_W110_T1.2_D8,61259,95,0.500
BL_W110_T1.2_D8,62288,89,0.420
BL_W110_T1.2_D8,63415,83,0.340
BL_W110_T1.2_D8,64640,78,0.260
BL_W110_T1.2_D8,65767,74,0.126
BL_W110_T1.2_D8,66845,69,0.050
BL_W110_T1.2_D10,53490,132,1.060
BL_W110_T1.2_D10,54690,125,0.980
BL_W110_T1.2_D10,55040,123,0.980
BL_W110_T1.2_D10,55790,121,0.900
BL_W110_T1.2_D10,56140,117,0.900
BL_W110_T1.2_D10,56940,116,0.820
BL_W110_T1.2_D10,58040,110,0.740
BL_W110_T1.2_D10,59040,105,0.660
BL_W110_T1.2_D10,60132,100,0.580
BL_W110_T1.2_D10,61259,95,0.500
BL_W110_T1.2_D10,62288,89,0.420
BL_W110_T1.2_D10,63415,83,0.340
BL_W110_T1.2_D10,64640,78,0.260
BL_W110_T1.2_D10,65767,74,0.126
BL_W110_T1.2_D10,66845,69,0.050
BL_W110_T1.2_D15,53540,131,1.060
BL_W110_T1.2_D15,54740,125,0.980
BL_W110_T1.2_D15,55790,121,0.900
BL_W110_T1.2_D15,56140,117,0.900
BL_W110_T1.2_D15,56940,116,0.820
BL_W110_T1.2_D15,58040,110,0.740
BL_W110_T1.2_D15,59040,105,0.660
BL_W110_T1.2_D15,60132,100,0.580
BL_W110_T1.2_D15,61259,95,0.500
BL_W110_T1.2_D15,62288,89,0.420
BL_W110_T1.2_D15,63415,83,0.340
BL_W110_T1.2_D15,64640,78,0.260
BL_W110_T1.2_D15,65767,74,0.126
BL_W110_T1.2_D15,66845,69,0.050
BL_W110_T1.2_D20,53540,131,1.060
BL_W110_T1.2_D20,54740,125,0.980
BL_W110_T1.2_D20,55790,121,0.900
BL_W110_T1.2_D20,56140,117,0.900
BL_W110_T1.2_D20,56940,116,0.820
BL_W110_T1.2_D20,58040,110,0.740
BL_W110_T1.2_D20,59040,105,0.660
BL_W110_T1.2_D20,60132,100,0.580
BL_W110_T1.2_D20,61259,95,0.500
BL_W110_T1.2_D20,62288,89,0.420
BL_W110_T1.2_D20,63415,83,0.340
BL_W110_T1.2_D20,64640,78,0.260
BL_W110_T1.2_D20,65767,74,0.126
BL_W110_T1.2_D20,66845,69,0.050
BL_W110_T1.2_D25,53590,131,1.060
BL_W110_T1.2_D25,54740,125,0.980
BL_W110_T1.2_D25,55790,121,0.900
BL_W110_T1.2_D25,56140,117,0.900
BL_W110_T1.2_D25,56940,116,0.820
BL_W110_T1.2_D25,58040,110,0.740
BL_W110_T1.2_D25,59040,105,0.660
BL_W110_T1.2_D25,60132,100,0.580
BL_W110_T1.2_D25,61259,95,0.500
BL_W110_T1.2_D25,62288,89,0.420
BL_W110_T1.2_D25,63415,83,0.340
BL_W110_T1.2_D25,64640,78,0.260
BL_W110_T1.2_D25,65767,74,0.126
BL_W110_T1.2_D25,66845,69,0.050
BL_W110_T1.2_D30,53640,131,1.060
BL_W110_T1.2_D30,54790,124,0.980
BL_W110_T1.2_D30,55790,121,0.900
BL_W110_T1.2_D30,56140,117,0.900
BL_W110_T1.2_D30,56940,116,0.820
BL_W110_T1.2_D30,58040,110,0.740
BL_W110_T1.2_D30,59040,105,0.660
BL_W110_T1.2_D30,60132,100,0.580
BL_W110_T1.2_D30,61259,95,0.500
BL_W110_T1.2_D30,62288,89,0.420
BL_W110_T1.2_D30,63415,83,0.340
BL_W110_T1.2_D30,64640,78,0.260
BL_W110_T1.2_D30,65767,74,0.126
BL_W110_T1.2_D30,66845,69,0.050
BL_W110_T1.2_D40,54840,124,0.980
BL_W110_T1.2_D40,55790,121,0.900
BL_W110_T1.2_D40,56140,117,0.900
BL_W110_T1.2_D40,56940,116,0.820
BL_W110_T1.2_D40,58040,110,0.740
BL_W110_T1.2_D40,59040,105,0.660
BL_W110_T1.2_D40,60132,100,0.580
BL_W110_T1.2_D40,61259,95,0.500
BL_W110_T1.2_D40,62288,89,0.420
BL_W110_T1.2_D40,63415,83,0.340
BL_W110_T1.2_D40,64640,78,0.260
BL_W110_T1.2_D40,65767,74,0.126
BL_W110_T1.2_D40,66845,69,0.050
BL_W110_T1.4_D2,52490,137,1.140
BL_W110_T1.4_D2,53490,132,1.060
BL_W110_T1.4_D2,54740,125,0.980
BL_W110_T1.4_D2,55790,121,0.900
BL_W110_T1.4_D2,56140,117,0.900
BL_W110_T1.4_D2,56940,116,0.820
BL_W110_T1.4_D2,58090,109,0.740
BL_W110_T1.4_D2,59040,105,0.660
BL_W110_T1.4_D2,60132,100,0.580
BL_W110_T1.4_D2,61259,95,0.500
BL_W110_T1.4_D2,62288,89,0.420
BL_W110_T1.4_D2,63415,83,0.340
BL_W110_T1.4_D2,64640,78,0.260
BL_W110_T1.4_D2,65767,74,0.126
BL_W110_T1.4_D2,66845,69,0.050
BL_W110_T1.4_D4,52440,137,1.140
BL_W110_T1.4_D4,53490,132,1.060
BL_W110_T1.4_D4,54740,125,0.980
BL_W110_T1.4_D4,55790,121,0.900
BL_W110_T1.4_D4,56140,117,0.900
BL_W110_T1.4_D4,56940,116,0.820
BL_W110_T1.4_D4,58090,109,0.740
BL_W110_T1.4_D4,59040,105,0.660
BL_W110_T1.4_D4,60132,100,0.580
BL_W110_T1.4_D4,61259,95,0.500
BL_W110_T1.4_D4,62288,89,0.420
BL_W110_T1.4_D4,63415,83,0.340
BL_W110_T1.4_D4,64640,78,0.260
BL_W110_T1.4_D4,65767,74,0.126
BL_W110_T1.4_D4,66845,69,0.050
BL_W110_T1.4_D6,52490,137,1.140
BL_W110_T1.4_D6,53490,132,1.060
BL_W110_T1.4_D6,54740,125,0.980
BL_W110_T1.4_D6,55790,121,0.900
BL_W110_T1.4_D6,56140,117,0.900
BL_W110_T1.4_D6,56940,116,0.820
BL_W110_T1.4_D6,58090,109,0.740
BL_W110_T1.4_D6,59040,105,0.660
BL_W110_T1.4_D6,60132,100,0.580
BL_W110_T1.4_D6,61259,95,0.500
BL_W110_T1.4_D6,62288,89,0.420
BL_W110_T1.4_D6,63415,83,0.340
BL_W110_T1.4_D6,64640,78,0.260
BL_W110_T1.4_D6,65767,74,0.126
BL_W110_T1.4_D6,66845,69,0.050
BL_W110_T1.4_D8,53490,132,1.060
BL_W110_T1.4_D8,54740,125,0.980
BL_W110_T1.4_D8,55790,121,0.900
BL_W110_T1.4_D8,56140,117,0.900
BL_W110_T1.4_D8,56940,116,0.820
BL_W110_T1.4_D8,58090,109,0.740
BL_W110_T1.4_D8,59040,105,0.660
BL_W110_T1.4_D8,60132,100,0.580
BL_W110_T1.4_D8,61259,95,0.500
BL_W110_T1.4_D8,62288,89,0.420
BL_W110_T1.4_D8,63415,83,0.340
BL_W110_T1.4_D8,64640,78,0.260
BL_W110_T1.4_D8,65767,74,0.126
BL_W110_T1.4_D8,66845,69,0.050
BL_W110_T1.4_D10,53490,132,1.060
BL_W110_T1.4_D10,54740,125,0.980
BL_W110_T1.4_D10,55790,121,0.900
BL_W110_T1.4_D10,56140,117,0.900
BL_W110_T1.4_D10,56940,116,0.820
BL_W110_T1.4_D10,58090,109,0.740
BL_W110_T1.4_D10,59040,105,0.660
BL_W110_T1.4_D10,60132,100,0.580
BL_W110_T1.4_D10,61259,95,0.500
BL_W110_T1.4_D10,62288,89,0.420
BL_W110_T1.4_D10,63415,83,0.340
BL_W110_T1.4_D10,64640,78,0.260
BL_W110_T1.4_D10,65767,74,0.126
BL_W110_T1.4_D10,66845,69,0.050
BL_W110_T1.4_D15,53540,131,1.060
BL_W110_T1.4_D15,54740,125,0.980
BL_W110_T1.4_D15,55790,121,0.900
BL_W110_T1.4_D15,56140,117,0.900
BL_W110_T1.4_D15,56940,116,0.820
BL_W110_T1.4_D15,58090,109,0.740
BL_W110_T1.4_D15,59040,105,0.660
BL_W110_T1.4_D15,60132,100,0.580
BL_W110_T1.4_D15,61259,95,0.500
BL_W110_T1.4_D15,62288,89,0.420
BL_W110_T1.4_D15,63415,83,0.340
BL_W110_T1.4_D15,64640,78,0.260
BL_W110_T1.4_D15,65767,74,0.126
BL_W110_T1.4_D15,66845,69,0.050
BL_W110_T1.4_D20,53540,131,1.060
BL_W110_T1.4_D20,54740,125,0.980
BL_W110_T1.4_D20,55790,121,0.900
BL_W110_T1.4_D20,56140,117,0.900
BL_W110_T1.4_D20,56940,116,0.820
BL_W110_T1.4_D20,58090,109,0.740
BL_W110_T1.4_D20,59040,105,0.660
BL_W110_T1.4_D20,60132,100,0.580
BL_W110_T1.4_D20,61259,95,0.500
BL_W110_T1.4_D20,62288,89,0.420
BL_W110_T1.4_D20,63415,83,0.340
BL_W110_T1.4_D20,64640,78,0.260
BL_W110_T1.4_D20,65767,74,0.126
BL_W110_T1.4_D20,66845,69,0.050
BL_W110_T1.4_D25,53590,131,1.060
BL_W110_T1.4_D25,54740,125,0.980
BL_W110_T1.4_D25,55790,121,0.900
BL_W110_T1.4_D25,56140,117,0.900
BL_W110_T1.4_D25,56940,116,0.820
BL_W110_T1.4_D25,58090,109,0.740
BL_W110_T1.4_D25,59040,105,0.660
BL_W110_T1.4_D25,60132,100,0.580
BL_W110_T1.4_D25,61259,95,0.500
BL_W110_T1.4_D25,62288,89,0.420
BL_W110_T1.4_D25,63415,83,0.340
BL_W110_T1.4_D25,64640,78,0.260
BL_W110_T1.4_D25,65767,74,0.126
BL_W110_T1.4_D25,66845,69,0.050
BL_W110_T1.4_D30,53640,131,1.060
BL_W110_T1.4_D30,54790,124,0.980
BL_W110_T1.4_D30,55790,121,0.900
BL_W110_T1.4_D30,56140,117,0.900
BL_W110_T1.4_D30,56940,116,0.820
BL_W110_T1.4_D30,58090,109,0.740
BL_W110_T1.4_D30,59040,105,0.660
BL_W110_T1.4_D30,60132,100,0.580
BL_W110_T1.4_D30,61259,95,0.500
BL_W110_T1.4_D30,62288,89,0.420
BL_W110_T1.4_D30,63415,83,0.340
BL_W110_T1.4_D30,64640,78,0.260
BL_W110_T1.4_D30,65767,74,0.126
BL_W110_T1.4_D30,66845,69,0.050
BL_W110_T1.4_D40,54840,124,0.980
BL_W110_T1.4_D40,55790,121,0.900
BL_W110_T1.4_D40,56140,117,0.900
BL_W110_T1.4_D40,56940,116,0.820
BL_W110_T1.4_D40,58090,109,0.740
BL_W110_T1.4_D40,59040,105,0.660
BL_W110_T1.4_D40,60132,100,0.580
BL_W110_T1.4_D40,61259,95,0.500
BL_W110_T1.4_D40,62288,89,0.420
BL_W110_T1.4_D40,63415,83,0.340
BL_W110_T1.4_D40,64640,78,0.260
BL_W110_T1.4_D40,65767,74,0.126
BL_W110_T1.4_D40,66845,69,0.050
BL_W110_T1.6_D2,53490,132,1.060
BL_W110_T1.6_D2,54740,125,0.980
BL_W110_T1.6_D2,55790,121,0.900
BL_W110_T1.6_D2,56140,117,0.900
BL_W110_T1.6_D2,56940,116,0.820
BL_W110_T1.6_D2,58090,109,0.740
BL_W110_T1.6_D2,59090,104,0.660
BL_W110_T1.6_D2,60132,100,0.580
BL_W110_T1.6_D2,61259,95,0.500
BL_W110_T1.6_D2,62288,89,0.420
BL_W110_T1.6_D2,63415,83,0.340
BL_W110_T1.6_D2,64640,78,0.260
BL_W110_T1.6_D2,65767,74,0.126
BL_W110_T1.6_D2,66894,69,0.050
BL_W110_T1.6_D4,52440,137,1.140
BL_W110_T1.6_D4,53490,132,1.060
BL_W110_T1.6_D4,54740,125,0.980
BL_W110_T1.6_D4,55790,121,0.900
BL_W110_T1.6_D4,56140,117,0.900
BL_W110_T1.6_D4,56940,116,0.820
BL_W110_T1.6_D4,58090,109,0.740
BL_W110_T1.6_D4,59090,104,0.660
BL_W110_T1.6_D4,60132,100,0.580
BL_W110_T1.6_D4,61259,95,0.500
BL_W110_T1.6_D4,62288,89,0.420
BL_W110_T1.6_D4,63415,83,0.340
BL_W110_T1.6_D4,64640,78,0.260
BL_W110_T1.6_D4,65767,74,0.126
BL_W110_T1.6_D4,66894,69,0.050
BL_W110_T1.6_D6,52490,137,1.140
BL_W110_T1.6_D6,53490,132,1.060
BL_W110_T1.6_D6,54740,125,0.980
BL_W110_T1.6_D6,55790,121,0.900
BL_W110_T1.6_D6,56140,117,0.900
BL_W110_T1.6_D6,56940,116,0.820
BL_W110_T1.6_D6,58090,109,0.740
BL_W110_T1.6_D6,59090,104,0.660
BL_W110_T1.6_D6,60132,100,0.580
BL_W110_T1.6_D6,61259,95,0.500
BL_W110_T1.6_D6,62288,89,0.420
BL_W110_T1.6_D6,63415,83,0.340
BL_W110_T1.6_D6,64640,78,0.260
BL_W110_T1.6_D6,65767,74,0.126
BL_W110_T1.6_D6,66894,69,0.050
BL_W110_T1.6_D8,53490,132,1.060
BL_W110_T1.6_D8,54740,125,0.980
BL_W110_T1.6_D8,55790,121,0.900
BL_W110_T1.6_D8,56140,117,0.900
BL_W110_T1.6_D8,56940,116,0.820
BL_W110_T1.6_D8,58090,109,0.740
BL_W110_T1.6_D8,59090,104,0.660
BL_W110_T1.6_D8,60132,100,0.580
BL_W110_T1.6_D8,61259,95,0.500
BL_W110_T1.6_D8,62288,89,0.420
BL_W110_T1.6_D8,63415,83,0.340
BL_W110_T1.6_D8,64640,78,0.260
BL_W110_T1.6_D8,65767,74,0.126
BL_W110_T1.6_D8,66894,69,0.050
BL_W110_T1.6_D10,53490,132,1.060
BL_W110_T1.6_D10,54740,125,0.980
BL_W110_T1.6_D10,55790,121,0.900
BL_W110_T1.6_D10,56140,117,0.900
BL_W110_T1.6_D10,56940,116,0.820
BL_W110_T1.6_D10,58090,109,0.740
BL_W110_T1.6_D10,59090,104,0.660
BL_W110_T1.6_D10,60132,100,0.580
BL_W110_T1.6_D10,61259,95,0.500
BL_W110_T1.6_D10,62288,89,0.420
BL_W110_T1.6_D10,63415,83,0.340
BL_W110_T1.6_D10,64640,78,0.260
BL_W110_T1.6_D10,65767,74,0.126
BL_W110_T1.6_D10,66894,69,0.050
BL_W110_T1.6_D15,53540,131,1.060
BL_W110_T1.6_D15,54740,125,0.980
BL_W110_T1.6_D15,55790,121,0.900
BL_W110_T1.6_D15,56140,117,0.900
BL_W110_T1.6_D15,56940,116,0.820
BL_W110_T1.6_D15,58090,109,0.740
BL_W110_T1.6_D15,59090,104,0.660
BL_W110_T1.6_D15,60132,100,0.580
BL_W110_T1.6_D15,61259,95,0.500
BL_W110_T1.6_D15,62288,89,0.420
BL_W110_T1.6_D15,63415,83,0.340
BL_W110_T1.6_D15,64640,78,0.260
BL_W110_T1.6_D15,65767,74,0.126
BL_W110_T1.6_D15,66894,69,0.050
BL_W110_T1.6_D20,53540,131,1.060
BL_W110_T1.6_D20,54740,125,0.980
BL_W110_T1.6_D20,55790,121,0.900
BL_W110_T1.6_D20,56140,117,0.900
BL_W110_T1.6_D20,56940,116,0.820
BL_W110_T1.6_D20,58090,109,0.740
BL_W110_T1.6_D20,59090,104,0.660
BL_W110_T1.6_D20,60132,100,0.580
BL_W110_T1.6_D20,61259,95,0.500
BL_W110_T1.6_D20,62288,89,0.420
BL_W110_T1.6_D20,63415,83,0.340
BL_W110_T1.6_D20,64640,78,0.260
BL_W110_T1.6_D20,65767,74,0.126
BL_W110_T1.6_D20,66894,69,0.050
BL_W110_T1.6_D25,53590,131,1.060
BL_W110_T1.6_D25,54740,125,0.980
BL_W110_T1.6_D25,55790,121,0.900
BL_W110_T1.6_D25,56140,117,0.900
BL_W110_T1.6_D25,56940,116,0.820
BL_W110_T1.6_D25,58090,109,0.740
BL_W110_T1.6_D25,59090,104,0.660
BL_W110_T1.6_D25,60132,100,0.580
BL_W110_T1.6_D25,61259,95,0.500
BL_W110_T1.6_D25,62288,89,0.420
BL_W110_T1.6_D25,63415,83,0.340
BL_W110_T1.6_D25,64640,78,0.260
BL_W110_T1.6_D25,65767,74,0.126
BL_W110_T1.6_D25,66894,69,0.050
BL_W110_T1.6_D30,53640,131,1.060
BL_W110_T1.6_D30,54790,124,0.980
BL_W110_T1.6_D30,55790,121,0.900
BL_W110_T1.6_D30,56140,117,0.900
BL_W110_T1.6_D30,56940,116,0.820
BL_W110_T1.6_D30,58090,109,0.740
BL_W110_T1.6_D30,59090,104,0.660
BL_W110_T1.6_D30,60132,100,0.580
BL_W110_T1.6_D30,61259,95,0.500
BL_W110_T1.6_D30,62288,89,0.420
BL_W110_T1.6_D30,63415,83,0.340
BL_W110_T1.6_D30,64640,78,0.260
BL_W110_T1.6_D30,65767,74,0.126
BL_W110_T1.6_D30,66894,69,0.050
BL_W110_T1.6_D40,54840,124,0.980
BL_W110_T1.6_D40,55790,121,0.900
BL_W110_T1.6_D40,56140,117,0.900
BL_W110_T1.6_D40,56940,116,0.820
BL_W110_T1.6_D40,58090,109,0.740
BL_W110_T1.6_D40,59090,104,0.660
BL_W110_T1.6_D40,60132,100,0.580
BL_W110_T1.6_D40,61259,95,0.500
BL_W110_T1.6_D40,62288,89,0.420
BL_W110_T1.6_D40,63415,83,0.340
BL_W110_T1.6_D40,64640,78,0.260
BL_W110_T1.6_D40,65767,74,0.126
BL_W110_T1.6_D40,66894,69,0.050
BL_W110_T1.8_D2,53490,132,1.060
BL_W110_T1.8_D2,54740,125,0.980
BL_W110_T1.8_D2,55790,121,0.900
BL_W110_T1.8_D2,56140,117,0.900
BL_W110_T1.8_D2,56990,115,0.820
BL_W110_T1.8_D2,58090,109,0.740
BL_W110_T1.8_D2,59090,104,0.660
BL_W110_T1.8_D2,60181,99,0.580
BL_W110_T1.8_D2,61259,95,0.500
BL_W110_T1.8_D2,62337,89,0.420
BL_W110_T1.8_D2,63415,83,0.340
BL_W110_T1.8_D2,64689,78,0.260
BL_W110_T1.8_D2,65816,73,0.126
BL_W110_T1.8_D2,66894,69,0.050
BL_W110_T1.8_D4,52440,137,1.140
BL_W110_T1.8_D4,53490,132,1.060
BL_W110_T1.8_D4,54740,125,0.980
BL_W110_T1.8_D4,55790,121,0.900
BL_W110_T1.8_D4,56140,117,0.900
BL_W110_T1.8_D4,56990,115,0.820
BL_W110_T1.8_D4,58090,109,0.740
BL_W110_T1.8_D4,59090,104,0.660
BL_W110_T1.8_D4,60181,99,0.580
BL_W110_T1.8_D4,61259,95,0.500
BL_W110_T1.8_D4,62337,89,0.420
BL_W110_T1.8_D4,63415,83,0.340
BL_W110_T1.8_D4,64689,78,0.260
BL_W110_T1.8_D4,65816,73,0.126
BL_W110_T1.8_D4,66894,69,0.050
BL_W110_T1.8_D6,52490,137,1.140
BL_W110_T1.8_D6,53490,132,1.060
BL_W110_T1.8_D6,54740,125,0.980
BL_W110_T1.8_D6,55790,121,0.900
BL_W110_T1.8_D6,56140,117,0.900
BL_W110_T1.8_D6,56990,115,0.820
BL_W110_T1.8_D6,58090,109,0.740
BL_W110_T1.8_D6,59090,104,0.660
BL_W110_T1.8_D6,60181,99,0.580
BL_W110_T1.8_D6,61259,95,0.500
BL_W110_T1.8_D6,62337,89,0.420
BL_W110_T1.8_D6,63415,83,0.340
BL_W110_T1.8_D6,64689,78,0.260
BL_W110_T1.8_D6,65816,73,0.126
BL_W110_T1.8_D6,66894,69,0.050
BL_W110_T1.8_D8,53490,132,1.060
BL_W110_T1.8_D8,54740,125,0.980
BL_W110_T1.8_D8,55790,121,0.900
BL_W110_T1.8_D8,56140,117,0.900
BL_W110_T1.8_D8,56990,115,0.820
BL_W110_T1.8_D8,58090,109,0.740
BL_W110_T1.8_D8,59090,104,0.660
BL_W110_T1.8_D8,60181,99,0.580
BL_W110_T1.8_D8,61259,95,0.500
BL_W110_T1.8_D8,62337,89,0.420
BL_W110_T1.8_D8,63415,83,0.340
BL_W110_T1.8_D8,64689,78,0.260
BL_W110_T1.8_D8,65816,73,0.126
BL_W110_T1.8_D8,66894,69,0.050
BL_W110_T1.8_D10,53490,132,1.060
BL_W110_T1.8_D10,54740,125,0.980
BL_W110_T1.8_D10,55790,121,0.900
BL_W110_T1.8_D10,56140,117,0.900
BL_W110_T1.8_D10,56990,115,0.820
BL_W110_T1.8_D10,58090,109,0.740
BL_W110_T1.8_D10,59090,104,0.660
BL_W110_T1.8_D10,60181,99,0.580
BL_W110_T1.8_D10,61259,95,0.500
BL_W110_T1.8_D10,62337,89,0.420
BL_W110_T1.8_D10,63415,83,0.340
BL_W110_T1.8_D10,64689,78,0.260
BL_W110_T1.8_D10,65816,73,0.126
BL_W110_T1.8_D10,66894,69,0.050
BL_W110_T1.8_D15,53540,131,1.060
BL_W110_T1.8_D15,54740,125,0.980
BL_W110_T1.8_D15,55790,121,0.900
BL_W110_T1.8_D15,56140,117,0.900
BL_W110_T1.8_D15,56990,115,0.820
BL_W110_T1.8_D15,58090,109,0.740
BL_W110_T1.8_D15,59090,104,0.660
BL_W110_T1.8_D15,60181,99,0.580
BL_W110_T1.8_D15,61259,95,0.500
BL_W110_T1.8_D15,62337,89,0.420
BL_W110_T1.8_D15,63415,83,0.340
BL_W110_T1.8_D15,64689,78,0.260
BL_W110_T1.8_D15,65816,73,0.126
BL_W110_T1.8_D15,66894,69,0.050
BL_W110_T1.8_D20,53540,131,1.060
BL_W110_T1.8_D20,54740,125,0.980
BL_W110_T1.8_D20,55790,121,0.900
BL_W110_T1.8_D20,56140,117,0.900
BL_W110_T1.8_D20,56990,115,0.820
BL_W110_T1.8_D20,58090,109,0.740
BL_W110_T1.8_D20,59090,104,0.660
BL_W110_T1.8_D20,60181,99,0.580
BL_W110_T1.8_D20,61259,95,0.500
BL_W110_T1.8_D20,62337,89,0.420
BL_W110_T1.8_D20,63415,83,0.340
BL_W110_T1.8_D20,64689,78,0.260
BL_W110_T1.8_D20,65816,73,0.126
BL_W110_T1.8_D20,66894,69,0.050
BL_W110_T1.8_D25,53590,131,1.060
BL_W110_T1.8_D25,54740,125,0.980
BL_W110_T1.8_D25,55790,121,0.900
BL_W110_T1.8_D25,56140,117,0.900
BL_W110_T1.8_D25,56990,115,0.820
BL_W110_T1.8_D25,58090,109,0.740
BL_W110_T1.8_D25,59090,104,0.660
BL_W110_T1.8_D25,60181,99,0.580
BL_W110_T1.8_D25,61259,95,0.500
BL_W110_T1.8_D25,62337,89,0.420
BL_W110_T1.8_D25,63415,83,0.340
BL_W110_T1.8_D25,64689,78,0.260
BL_W110_T1.8_D25,65816,73,0.126
BL_W110_T1.8_D25,66894,69,0.050
BL_W110_T1.8_D30,53640,131,1.060
BL_W110_T1.8_D30,54790,124,0.980
BL_W110_T1.8_D30,55790,121,0.900
BL_W110_T1.8_D30,56140,117,0.900
BL_W110_T1.8_D30,56990,115,0.820
BL_W110_T1.8_D30,58090,109,0.740
BL_W110_T1.8_D30,59090,104,0.660
BL_W110_T1.8_D30,60181,99,0.580
BL_W110_T1.8_D30,61259,95,0.500
BL_W110_T1.8_D30,62337,89,0.420
BL_W110_T1.8_D30,63415,83,0.340
BL_W110_T1.8_D30,64689,78,0.260
BL_W110_T1.8_D30,65816,73,0.126
BL_W110_T1.8_D30,66894,69,0.050
BL_W110_T1.8_D40,54840,124,0.980
BL_W110_T1.8_D40,55790,121,0.900
BL_W110_T1.8_D40,56140,117,0.900
BL_W110_T1.8_D40,56990,115,0.820
BL_W110_T1.8_D40,58090,109,0.740
BL_W110_T1.8_D40,59090,104,0.660
BL_W110_T1.8_D40,60181,99,0.580
BL_W110_T1.8_D40,61259,95,0.500
BL_W110_T1.8_D40,62337,89,0.420
BL_W110_T1.8_D40,63415,83,0.340
BL_W110_T1.8_D40,64689,78,0.260
BL_W110_T1.8_D40,65816,73,0.126
BL_W110_T1.8_D40,66894,69,0.050
BL_W110_T2.0_D2,53490,132,1.060
BL_W110_T2.0_D2,54740,125,0.980
BL_W110_T2.0_D2,55790,121,0.900
BL_W110_T2.0_D2,56140,117,0.900
BL_W110_T2.0_D2,56990,115,0.820
BL_W110_T2.0_D2,58140,109,0.740
BL_W110_T2.0_D2,59090,104,0.660
BL_W110_T2.0_D2,60181,99,0.580
BL_W110_T2.0_D2,61308,95,0.500
BL_W110_T2.0_D2,62337,89,0.420
BL_W110_T2.0_D2,63464,83,0.340
BL_W110_T2.0_D2,64689,78,0.260
BL_W110_T2.0_D2,65816,73,0.126
BL_W110_T2.0_D2,66894,69,0.050
BL_W110_T2.0_D4,52440,137,1.140
BL_W110_T2.0_D4,53490,132,1.060
BL_W110_T2.0_D4,54740,125,0.980
BL_W110_T2.0_D4,55790,121,0.900
BL_W110_T2.0_D4,56140,117,0.900
BL_W110_T2.0_D4,56990,115,0.820
BL_W110_T2.0_D4,58140,109,0.740
BL_W110_T2.0_D4,59090,104,0.660
BL_W110_T2.0_D4,60181,99,0.580
BL_W110_T2.0_D4,61308,95,0.500
BL_W110_T2.0_D4,62337,89,0.420
BL_W110_T2.0_D4,63464,83,0.340
BL_W110_T2.0_D4,64689,78,0.260
BL_W110_T2.0_D4,65816,73,0.126
BL_W110_T2.0_D4,66894,69,0.050
BL_W110_T2.0_D6,52490,137,1.140
BL_W110_T2.0_D6,53490,132,1.060
BL_W110_T2.0_D6,54740,125,0.980
BL_W110_T2.0_D6,55790,121,0.900
BL_W110_T2.0_D6,56140,117,0.900
BL_W110_T2.0_D6,56990,115,0.820
BL_W110_T2.0_D6,58140,109,0.740
BL_W110_T2.0_D6,59090,104,0.660
BL_W110_T2.0_D6,60181,99,0.580
BL_W110_T2.0_D6,61308,95,0.500
BL_W110_T2.0_D6,62337,89,0.420
BL_W110_T2.0_D6,63464,83,0.340
BL_W110_T2.0_D6,64689,78,0.260
BL_W110_T2.0_D6,65816,73,0.126
BL_W110_T2.0_D6,66894,69,0.050
BL_W110_T2.0_D8,53490,132,1.060
BL_W110_T2.0_D8,54740,125,0.980
BL_W110_T2.0_D8,55790,121,0.900
BL_W110_T2.0_D8,56140,117,0.900
BL_W110_T2.0_D8,56990,115,0.820
BL_W110_T2.0_D8,58140,109,0.740
BL_W110_T2.0_D8,59090,104,0.660
BL_W110_T2.0_D8,60181,99,0.580
BL_W110_T2.0_D8,61308,95,0.500
BL_W110_T2.0_D8,62337,89,0.420
BL_W110_T2.0_D8,63464,83,0.340
BL_W110_T2.0_D8,64689,78,0.260
BL_W110_T2.0_D8,65816,73,0.126
BL_W110_T2.0_D8,66894,69,0.050
BL_W110_T2.0_D10,53490,132,1.060
BL_W110_T2.0_D10,54740,125,0.980
BL_W110_T2.0_D10,55790,121,0.900
BL_W110_T2.0_D10,56140,117,0.900
BL_W110_T2.0_D10,56990,115,0.820
BL_W110_T2.0_D10,58140,109,0.740
BL_W110_T2.0_D10,59090,104,0.660
BL_W110_T2.0_D10,60181,99,0.580
BL_W110_T2.0_D10,61308,95,0.500
BL_W110_T2.0_D10,62337,89,0.420
BL_W110_T2.0_D10,63464,83,0.340
BL_W110_T2.0_D10,64689,78,0.260
BL_W110_T2.0_D10,65816,73,0.126
BL_W110_T2.0_D10,66894,69,0.050
BL_W110_T2.0_D15,53540,131,1.060
BL_W110_T2.0_D15,54740,125,0.980
BL_W110_T2.0_D15,55790,121,0.900
BL_W110_T2.0_D15,56140,117,0.900
BL_W110_T2.0_D15,56990,115,0.820
BL_W110_T2.0_D15,58140,109,0.740
BL_W110_T2.0_D15,59090,104,0.660
BL_W110_T2.0_D15,60181,99,0.580
BL_W110_T2.0_D15,61308,95,0.500
BL_W110_T2.0_D15,62337,89,0.420
BL_W110_T2.0_D15,63464,83,0.340
BL_W110_T2.0_D15,64689,78,0.260
BL_W110_T2.0_D15,65816,73,0.126
BL_W110_T2.0_D15,66894,69,0.050
BL_W110_T2.0_D20,53540,131,1.060
BL_W110_T2.0_D20,54740,125,0.980
BL_W110_T2.0_D20,55790,121,0.900
BL_W110_T2.0_D20,56140,117,0.900
BL_W110_T2.0_D20,56990,115,0.820
BL_W110_T2.0_D20,58140,109,0.740
BL_W110_T2.0_D20,59090,104,0.660
BL_W110_T2.0_D20,60181,99,0.580
BL_W110_T2.0_D20,61308,95,0.500
BL_W110_T2.0_D20,62337,89,0.420
BL_W110_T2.0_D20,63464,83,0.340
BL_W110_T2.0_D20,64689,78,0.260
BL_W110_T2.0_D20,65816,73,0.126
BL_W110_T2.0_D20,66894,69,0.050
BL_W110_T2.0_D25,53590,131,1.060
BL_W110_T2.0_D25,54740,125,0.980
BL_W110_T2.0_D25,55790,121,0.900
BL_W110_T2.0_D25,56140,117,0.900
BL_W110_T2.0_D25,56990,115,0.820
BL_W110_T2.0_D25,58140,109,0.740
BL_W110_T2.0_D25,59090,104,0.660
BL_W110_T2.0_D25,60181,99,0.580
BL_W110_T2.0_D25,61308,95,0.500
BL_W110_T2.0_D25,62337,89,0.420
BL_W110_T2.0_D25,63464,83,0.340
BL_W110_T2.0_D25,64689,78,0.260
BL_W110_T2.0_D25,65816,73,0.126
BL_W110_T2.0_D25,66894,69,0.050
BL_W110_T2.0_D30,53640,131,1.060
BL_W110_T2.0_D30,54790,124,0.980
BL_W110_T2.0_D30,55790,121,0.900
BL_W110_T2.0_D30,56140,117,0.900
BL_W110_T2.0_D30,56990,115,0.820
BL_W110_T2.0_D30,58140,109,0.740
BL_W110_T2.0_D30,59090,104,0.660
BL_W110_T2.0_D30,60181,99,0.580
BL_W110_T2.0_D30,61308,95,0.500
BL_W110_T2.0_D30,62337,89,0.420
BL_W110_T2.0_D30,63464,83,0.340
BL_W110_T2.0_D30,64689,78,0.260
BL_W110_T2.0_D30,65816,73,0.126
BL_W110_T2.0_D30,66894,69,0.050
BL_W110_T2.0_D40,54840,124,0.980
BL_W110_T2.0_D40,55790,121,0.900
BL_W110_T2.0_D40,56140,117,0.900
BL_W110_T2.0_D40,56990,115,0.820
BL_W110_T2.0_D40,58140,109,0.740
BL_W110_T2.0_D40,59090,104,0.660
BL_W110_T2.0_D40,60181,99,0.580
BL_W110_T2.0_D40,61308,95,0.500
BL_W110_T2.0_D40,62337,89,0.420
BL_W110_T2.0_D40,63464,83,0.340
BL_W110_T2.0_D40,64689,78,0.260
BL_W110_T2.0_D40,65816,73,0.126
BL_W110_T2.0_D40,66894,69,0.050
BL_W110_T2.2_D2,59090,104,0.420
BL_W110_T2.2_D2,53490,132,0.340
BL_W110_T2.2_D2,60181,99,0.340
BL_W110_T2.2_D2,54740,125,0.260
BL_W110_T2.2_D2,61308,95,0.260
BL_W110_T2.2_D2,55790,121,0.126
BL_W110_T2.2_D2,56140,117,0.126
BL_W110_T2.2_D2,62337,89,0.126
BL_W110_T2.2_D2,66894,69,0.050
BL_W110_T2.2_D2,56990,115,0.010
BL_W110_T2.2_D2,63464,83,0.010
BL_W110_T2.2_D4,52440,137,0.420
BL_W110_T2.2_D4,59090,104,0.420
BL_W110_T2.2_D4,53490,132,0.340
BL_W110_T2.2_D4,60181,99,0.340
BL_W110_T2.2_D4,54740,125,0.260
BL_W110_T2.2_D4,61308,95,0.260
BL_W110_T2.2_D4,55790,121,0.126
BL_W110_T2.2_D4,56140,117,0.126
BL_W110_T2.2_D4,62337,89,0.126
BL_W110_T2.2_D4,66894,69,0.050
BL_W110_T2.2_D4,56990,115,0.010
BL_W110_T2.2_D4,63464,83,0.010
BL_W110_T2.2_D6,52490,137,0.420
BL_W110_T2.2_D6,59090,104,0.420
BL_W110_T2.2_D6,53490,132,0.340
BL_W110_T2.2_D6,60181,99,0.340
BL_W110_T2.2_D6,54740,125,0.260
BL_W110_T2.2_D6,61308,95,0.260
BL_W110_T2.2_D6,55790,121,0.126
BL_W110_T2.2_D6,56140,117,0.126
BL_W110_T2.2_D6,62337,89,0.126
BL_W110_T2.2_D6,66894,69,0.050
BL_W110_T2.2_D6,56990,115,0.010
BL_W110_T2.2_D6,63464,83,0.010
BL_W110_T2.2_D8,59090,104,0.420
BL_W110_T2.2_D8,53490,132,0.340
BL_W110_T2.2_D8,60181,99,0.340
BL_W110_T2.2_D8,54740,125,0.260
BL_W110_T2.2_D8,61308,95,0.260
BL_W110_T2.2_D8,55790,121,0.126
BL_W110_T2.2_D8,56140,117,0.126
BL_W110_T2.2_D8,62337,89,0.126
BL_W110_T2.2_D8,66894,69,0.050
BL_W110_T2.2_D8,56990,115,0.010
BL_W110_T2.2_D8,63464,83,0.010
BL_W110_T2.2_D10,59090,104,0.420
BL_W110_T2.2_D10,53490,132,0.340
BL_W110_T2.2_D10,60181,99,0.340
BL_W110_T2.2_D10,54740,125,0.260
BL_W110_T2.2_D10,61308,95,0.260
BL_W110_T2.2_D10,55790,121,0.126
BL_W110_T2.2_D10,56140,117,0.126
BL_W110_T2.2_D10,62337,89,0.126
BL_W110_T2.2_D10,66894,69,0.050
BL_W110_T2.2_D10,56990,115,0.010
BL_W110_T2.2_D10,63464,83,0.010
BL_W110_T2.2_D15,59090,104,0.420
BL_W110_T2.2_D15,53540,131,0.340
BL_W110_T2.2_D15,60181,99,0.340
BL_W110_T2.2_D15,54740,125,0.260
BL_W110_T2.2_D15,61308,95,0.260
BL_W110_T2.2_D15,55790,121,0.126
BL_W110_T2.2_D15,56140,117,0.126
BL_W110_T2.2_D15,62337,89,0.126
BL_W110_T2.2_D15,66894,69,0.050
BL_W110_T2.2_D15,56990,115,0.010
BL_W110_T2.2_D15,63464,83,0.010
BL_W110_T2.2_D20,59090,104,0.420
BL_W110_T2.2_D20,53540,131,0.340
BL_W110_T2.2_D20,60181,99,0.340
BL_W110_T2.2_D20,54740,125,0.260
BL_W110_T2.2_D20,61308,95,0.260
BL_W110_T2.2_D20,55790,121,0.126
BL_W110_T2.2_D20,56140,117,0.126
BL_W110_T2.2_D20,62337,89,0.126
BL_W110_T2.2_D20,66894,69,0.050
BL_W110_T2.2_D20,56990,115,0.010
BL_W110_T2.2_D20,63464,83,0.010
BL_W110_T2.2_D25,59090,104,0.420
BL_W110_T2.2_D25,53590,131,0.340
BL_W110_T2.2_D25,60181,99,0.340
BL_W110_T2.2_D25,54740,125,0.260
BL_W110_T2.2_D25,61308,95,0.260
BL_W110_T2.2_D25,55790,121,0.126
BL_W110_T2.2_D25,56140,117,0.126
BL_W110_T2.2_D25,62337,89,0.126
BL_W110_T2.2_D25,66894,69,0.050
BL_W110_T2.2_D25,56990,115,0.010
BL_W110_T2.2_D25,63464,83,0.010
BL_W110_T2.2_D30,59090,104,0.420
BL_W110_T2.2_D30,53640,131,0.340
BL_W110_T2.2_D30,60181,99,0.340
BL_W110_T2.2_D30,54790,124,0.260
BL_W110_T2.2_D30,61308,95,0.260
BL_W110_T2.2_D30,55790,121,0.126
BL_W110_T2.2_D30,56140,117,0.126
BL_W110_T2.2_D30,62337,89,0.126
BL_W110_T2.2_D30,66894,69,0.050
BL_W110_T2.2_D30,56990,115,0.010
BL_W110_T2.2_D30,63464,83,0.010
BL_W110_T2.2_D40,59090,104,0.420
BL_W110_T2.2_D40,60181,99,0.340
BL_W110_T2.2_D40,54840,124,0.260
BL_W110_T2.2_D40,61308,95,0.260
BL_W110_T2.2_D40,55790,121,0.126
BL_W110_T2.2_D40,56140,117,0.126
BL_W110_T2.2_D40,62337,89,0.126
BL_W110_T2.2_D40,66894,69,0.050
BL_W110_T2.2_D40,56990,115,0.010
BL_W110_T2.2_D40,63464,83,0.010
BL_W110_T2.4_D2,53490,132,0.340
BL_W110_T2.4_D2,54740,125,0.260
BL_W110_T2.4_D2,55790,121,0.126
BL_W110_T2.4_D2,56140,117,0.126
BL_W110_T2.4_D2,62386,89,0.126
BL_W110_T2.4_D2,66943,68,0.050
BL_W110_T2.4_D2,56990,115,0.010
BL_W110_T2.4_D2,60181,99,0.010
BL_W110_T2.4_D2,63464,83,0.010
BL_W110_T2.4_D4,52440,137,0.420
BL_W110_T2.4_D4,53490,132,0.340
BL_W110_T2.4_D4,54740,125,0.260
BL_W110_T2.4_D4,55790,121,0.126
BL_W110_T2.4_D4,56140,117,0.126
BL_W110_T2.4_D4,62386,89,0.126
BL_W110_T2.4_D4,66943,68,0.050
BL_W110_T2.4_D4,56990,115,0.010
BL_W110_T2.4_D4,60181,99,0.010
BL_W110_T2.4_D4,63464,83,0.010
BL_W110_T2.4_D6,52490,137,0.420
BL_W110_T2.4_D6,53490,132,0.340
BL_W110_T2.4_D6,54740,125,0.260
BL_W110_T2.4_D6,55790,121,0.126
BL_W110_T2.4_D6,56140,117,0.126
BL_W110_T2.4_D6,62386,89,0.126
BL_W110_T2.4_D6,66943,68,0.050
BL_W110_T2.4_D6,56990,115,0.010
BL_W110_T2.4_D6,60181,99,0.010
BL_W110_T2.4_D6,63464,83,0.010
BL_W110_T2.4_D8,53490,132,0.340
BL_W110_T2.4_D8,54740,125,0.260
BL_W110_T2.4_D8,55790,121,0.126
BL_W110_T2.4_D8,56140,117,0.126
BL_W110_T2.4_D8,62386,89,0.126
BL_W110_T2.4_D8,66943,68,0.050
BL_W110_T2.4_D8,56990,115,0.010
BL_W110_T2.4_D8,60181,99,0.010
BL_W110_T2.4_D8,63464,83,0.010
BL_W110_T2.4_D10,53490,132,0.340
BL_W110_T2.4_D10,54740,125,0.260
BL_W110_T2.4_D10,55790,121,0.126
BL_W110_T2.4_D10,56140,117,0.126
BL_W110_T2.4_D10,62386,89,0.126
BL_W110_T2.4_D10,66943,68,0.050
BL_W110_T2.4_D10,56990,115,0.010
BL_W110_T2.4_D10,60181,99,0.010
BL_W110_T2.4_D10,63464,83,0.010
BL_W110_T2.4_D15,53540,131,0.340
BL_W110_T2.4_D15,54740,125,0.260
BL_W110_T2.4_D15,55790,121,0.126
BL_W110_T2.4_D15,56140,117,0.126
BL_W110_T2.4_D15,62386,89,0.126
BL_W110_T2.4_D15,66943,68,0.050
BL_W110_T2.4_D15,56990,115,0.010
BL_W110_T2.4_D15,60181,99,0.010
BL_W110_T2.4_D15,63464,83,0.010
BL_W110_T2.4_D20,53540,131,0.340
BL_W110_T2.4_D20,54740,125,0.260
BL_W110_T2.4_D20,55790,121,0.126
BL_W110_T2.4_D20,56140,117,0.126
BL_W110_T2.4_D20,62386,89,0.126
BL_W110_T2.4_D20,66943,68,0.050
BL_W110_T2.4_D20,56990,115,0.010
BL_W110_T2.4_D20,60181,99,0.010
BL_W110_T2.4_D20,63464,83,0.010
BL_W110_T2.4_D25,53590,131,0.340
BL_W110_T2.4_D25,54740,125,0.260
BL_W110_T2.4_D25,55790,121,0.126
BL_W110_T2.4_D25,56140,117,0.126
BL_W110_T2.4_D25,62386,89,0.126
BL_W110_T2.4_D25,66943,68,0.050
BL_W110_T2.4_D25,56990,115,0.010
BL_W110_T2.4_D25,60181,99,0.010
BL_W110_T2.4_D25,63464,83,0.010
BL_W110_T2.4_D30,53640,131,0.340
BL_W110_T2.4_D30,54790,124,0.260
BL_W110_T2.4_D30,55790,121,0.126
BL_W110_T2.4_D30,56140,117,0.126
BL_W110_T2.4_D30,62386,89,0.126
BL_W110_T2.4_D30,66943,68,0.050
BL_W110_T2.4_D30,56990,115,0.010
BL_W110_T2.4_D30,60181,99,0.010
BL_W110_T2.4_D30,63464,83,0.010
BL_W110_T2.4_D40,54840,124,0.260
BL_W110_T2.4_D40,55790,121,0.126
BL_W110_T2.4_D40,56140,117,0.126
BL_W110_T2.4_D40,62386,89,0.126
BL_W110_T2.4_D40,66943,68,0.050
BL_W110_T2.4_D40,56990,115,0.010
BL_W110_T2.4_D40,60181,99,0.010
BL_W110_T2.4_D40,63464,83,0.010
BL_W110_T2.6_D2,53490,132,0.340
BL_W110_T2.6_D2,54790,124,0.260
BL_W110_T2.6_D2,55790,121,0.126
BL_W110_T2.6_D2,56140,117,0.126
BL_W110_T2.6_D2,62386,89,0.126
BL_W110_T2.6_D2,63513,83,0.050
BL_W110_T2.6_D2,56990,115,0.010
BL_W110_T2.6_D2,60230,99,0.010
BL_W110_T2.6_D4,52440,137,0.420
BL_W110_T2.6_D4,53490,132,0.340
BL_W110_T2.6_D4,54790,124,0.260
BL_W110_T2.6_D4,55790,121,0.126
BL_W110_T2.6_D4,56140,117,0.126
BL_W110_T2.6_D4,62386,89,0.126
BL_W110_T2.6_D4,63513,83,0.050
BL_W110_T2.6_D4,56990,115,0.010
BL_W110_T2.6_D4,60230,99,0.010
BL_W110_T2.6_D6,52490,137,0.420
BL_W110_T2.6_D6,53490,132,0.340
BL_W110_T2.6_D6,54790,124,0.260
BL_W110_T2.6_D6,55790,121,0.126
BL_W110_T2.6_D6,56140,117,0.126
BL_W110_T2.6_D6,62386,89,0.126
BL_W110_T2.6_D6,63513,83,0.050
BL_W110_T2.6_D6,56990,115,0.010
BL_W110_T2.6_D6,60230,99,0.010
BL_W110_T2.6_D8,53490,132,0.340
BL_W110_T2.6_D8,54790,124,0.260
BL_W110_T2.6_D8,55790,121,0.126
BL_W110_T2.6_D8,56140,117,0.126
BL_W110_T2.6_D8,62386,89,0.126
BL_W110_T2.6_D8,63513,83,0.050
BL_W110_T2.6_D8,56990,115,0.010
BL_W110_T2.6_D8,60230,99,0.010
BL_W110_T2.6_D10,53490,132,0.340
BL_W110_T2.6_D10,54790,124,0.260
BL_W110_T2.6_D10,55790,121,0.126
BL_W110_T2.6_D10,56140,117,0.126
BL_W110_T2.6_D10,62386,89,0.126
BL_W110_T2.6_D10,63513,83,0.050
BL_W110_T2.6_D10,56990,115,0.010
BL_W110_T2.6_D10,60230,99,0.010
BL_W110_T2.6_D15,53540,131,0.340
BL_W110_T2.6_D15,54740,125,0.260
BL_W110_T2.6_D15,55790,121,0.126
BL_W110_T2.6_D15,56140,117,0.126
BL_W110_T2.6_D15,62386,89,0.126
BL_W110_T2.6_D15,63513,83,0.050
BL_W110_T2.6_D15,56990,115,0.010
BL_W110_T2.6_D15,60230,99,0.010
BL_W110_T2.6_D20,53540,131,0.340
BL_W110_T2.6_D20,54740,125,0.260
BL_W110_T2.6_D20,55790,121,0.126
BL_W110_T2.6_D20,56140,117,0.126
BL_W110_T2.6_D20,62386,89,0.126
BL_W110_T2.6_D20,63513,83,0.050
BL_W110_T2.6_D20,56990,115,0.010
BL_W110_T2.6_D20,60230,99,0.010
BL_W110_T2.6_D25,53590,131,0.340
BL_W110_T2.6_D25,54740,125,0.260
BL_W110_T2.6_D25,55790,121,0.126
BL_W110_T2.6_D25,56140,117,0.126
BL_W110_T2.6_D25,62386,89,0.126
BL_W110_T2.6_D25,63513,83,0.050
BL_W110_T2.6_D25,56990,115,0.010
BL_W110_T2.6_D25,60230,99,0.010
BL_W110_T2.6_D30,53640,131,0.340
BL_W110_T2.6_D30,54790,124,0.260
BL_W110_T2.6_D30,55790,121,0.126
BL_W110_T2.6_D30,56140,117,0.126
BL_W110_T2.6_D30,62386,89,0.126
BL_W110_T2.6_D30,63513,83,0.050
BL_W110_T2.6_D30,56990,115,0.010
BL_W110_T2.6_D30,60230,99,0.010
BL_W110_T2.6_D40,54840,124,0.260
BL_W110_T2.6_D40,55790,121,0.126
BL_W110_T2.6_D40,56140,117,0.126
BL_W110_T2.6_D40,62386,89,0.126
BL_W110_T2.6_D40,63513,83,0.050
BL_W110_T2.6_D40,56990,115,0.010
BL_W110_T2.6_D40,60230,99,0.010
BL_W110_T2.8_D2,53490,132,0.340
BL_W110_T2.8_D2,54790,124,0.260
BL_W110_T2.8_D2,55790,121,0.126
BL_W110_T2.8_D2,56140,117,0.126
BL_W110_T2.8_D2,56990,115,0.050
BL_W110_T2.8_D4,52440,137,0.420
BL_W110_T2.8_D4,53490,132,0.340
BL_W110_T2.8_D4,54790,124,0.260
BL_W110_T2.8_D4,55790,121,0.126
BL_W110_T2.8_D4,56140,117,0.126
BL_W110_T2.8_D4,56990,115,0.050
BL_W110_T2.8_D6,52490,137,0.420
BL_W110_T2.8_D6,53490,132,0.340
BL_W110_T2.8_D6,54790,124,0.260
BL_W110_T2.8_D6,55790,121,0.126
BL_W110_T2.8_D6,56140,117,0.126
BL_W110_T2.8_D6,56990,115,0.050
BL_W110_T2.8_D8,53490,132,0.340
BL_W110_T2.8_D8,54790,124,0.260
BL_W110_T2.8_D8,55790,121,0.126
BL_W110_T2.8_D8,56140,117,0.126
BL_W110_T2.8_D8,56990,115,0.050
BL_W110_T2.8_D10,53490,132,0.340
BL_W110_T2.8_D10,54790,124,0.260
BL_W110_T2.8_D10,55790,121,0.126
BL_W110_T2.8_D10,56140,117,0.126
BL_W110_T2.8_D10,56990,115,0.050
BL_W110_T2.8_D15,53540,131,0.340
BL_W110_T2.8_D15,54740,125,0.260
BL_W110_T2.8_D15,55790,121,0.126
BL_W110_T2.8_D15,56140,117,0.126
BL_W110_T2.8_D15,56990,115,0.050
BL_W110_T2.8_D20,53540,131,0.340
BL_W110_T2.8_D20,54740,125,0.260
BL_W110_T2.8_D20,55790,121,0.126
BL_W110_T2.8_D20,56140,117,0.126
BL_W110_T2.8_D20,56990,115,0.050
BL_W110_T2.8_D25,53590,131,0.340
BL_W110_T2.8_D25,54740,125,0.260
BL_W110_T2.8_D25,55790,121,0.126
BL_W110_T2.8_D25,56140,117,0.126
BL_W110_T2.8_D25,56990,115,0.050
BL_W110_T2.8_D30,53640,131,0.340
BL_W110_T2.8_D30,54790,124,0.260
BL_W110_T2.8_D30,55790,121,0.126
BL_W110_T2.8_D30,56140,117,0.126
BL_W110_T2.8_D30,56990,115,0.050
BL_W110_T2.8_D40,54840,124,0.260
BL_W110_T2.8_D40,55790,121,0.126
BL_W110_T2.8_D40,56140,117,0.126
BL_W110_T2.8_D40,56990,115,0.050
BL_W110_T3.0_D2,53540,131,0.340
BL_W110_T3.0_D2,54790,124,0.260
BL_W110_T3.0_D2,55790,121,0.126
BL_W110_T3.0_D2,56140,117,0.126
BL_W110_T3.0_D2,56990,115,0.050
BL_W110_T3.0_D4,52440,137,0.420
BL_W110_T3.0_D4,53540,131,0.340
BL_W110_T3.0_D4,54790,124,0.260
BL_W110_T3.0_D4,55790,121,0.126
BL_W110_T3.0_D4,56140,117,0.126
BL_W110_T3.0_D4,56990,115,0.050
BL_W110_T3.0_D6,52490,137,0.420
BL_W110_T3.0_D6,53490,132,0.340
BL_W110_T3.0_D6,54790,124,0.260
BL_W110_T3.0_D6,55790,121,0.126
BL_W110_T3.0_D6,56140,117,0.126
BL_W110_T3.0_D6,56990,115,0.050
BL_W110_T3.0_D8,53490,132,0.340
BL_W110_T3.0_D8,54790,124,0.260
BL_W110_T3.0_D8,55790,121,0.126
BL_W110_T3.0_D8,56140,117,0.126
BL_W110_T3.0_D8,56990,115,0.050
BL_W110_T3.0_D10,53490,132,0.340
BL_W110_T3.0_D10,54790,124,0.260
BL_W110_T3.0_D10,55790,121,0.126
BL_W110_T3.0_D10,56140,117,0.126
BL_W110_T3.0_D10,56990,115,0.050
BL_W110_T3.0_D15,53540,131,0.340
BL_W110_T3.0_D15,54740,125,0.260
BL_W110_T3.0_D15,55790,121,0.126
BL_W110_T3.0_D15,56140,117,0.126
BL_W110_T3.0_D15,56990,115,0.050
BL_W110_T3.0_D20,53540,131,0.340
BL_W110_T3.0_D20,54740,125,0.260
BL_W110_T3.0_D20,55790,121,0.126
BL_W110_T3.0_D20,56140,117,0.126
BL_W110_T3.0_D20,56990,115,0.050
BL_W110_T3.0_D25,53590,131,0.340
BL_W110_T3.0_D25,54740,125,0.260
BL_W110_T3.0_D25,55790,121,0.126
BL_W110_T3.0_D25,56140,117,0.126
BL_W110_T3.0_D25,56990,115,0.050
BL_W110_T3.0_D30,53640,131,0.340
BL_W110_T3.0_D30,54790,124,0.260
BL_W110_T3.0_D30,55790,121,0.126
BL_W110_T3.0_D30,56140,117,0.126
BL_W110_T3.0_D30,56990,115,0.050
BL_W110_T3.0_D40,54840,124,0.260
BL_W110_T3.0_D40,55790,121,0.126
BL_W110_T3.0_D40,56140,117,0.126
BL_W110_T3.0_D40,56990,115,0.050
BL_W120_T1.0_D2,51540,143,1.200
BL_W120_T1.0_D2,52440,137,1.140
BL_W120_T1.0_D2,53440,132,1.060
BL_W120_T1.0_D2,53790,130,1.060
BL_W120_T1.0_D2,54690,125,0.980
BL_W120_T1.0_D2,55040,123,0.980
BL_W120_T1.0_D2,55740,122,0.900
BL_W120_T1.0_D2,56090,117,0.900
BL_W120_T1.0_D2,56940,116,0.820
BL_W120_T1.0_D2,58040,110,0.740
BL_W120_T1.0_D2,59040,105,0.660
BL_W120_T1.0_D2,60132,100,0.580
BL_W120_T1.0_D2,61210,96,0.500
BL_W120_T1.0_D2,62288,89,0.420
BL_W120_T1.0_D2,63366,84,0.340
BL_W120_T1.0_D2,64640,78,0.260
BL_W120_T1.0_D2,65767,74,0.126
BL_W120_T1.0_D2,66845,69,0.050
BL_W120_T1.0_D4,51540,143,1.200
BL_W120_T1.0_D4,52440,137,1.140
BL_W120_T1.0_D4,53440,132,1.060
BL_W120_T1.0_D4,53790,130,1.060
BL_W120_T1.0_D4,54690,125,0.980
BL_W120_T1.0_D4,55040,123,0.980
BL_W120_T1.0_D4,55740,122,0.900
BL_W120_T1.0_D4,56090,117,0.900
BL_W120_T1.0_D4,56940,116,0.820
BL_W120_T1.0_D4,58040,110,0.740
BL_W120_T1.0_D4,59040,105,0.660
BL_W120_T1.0_D4,60132,100,0.580
BL_W120_T1.0_D4,61210,96,0.500
BL_W120_T1.0_D4,62288,89,0.420
BL_W120_T1.0_D4,63366,84,0.340
BL_W120_T1.0_D4,64640,78,0.260
BL_W120_T1.0_D4,65767,74,0.126
BL_W120_T1.0_D4,66845,69,0.050
BL_W120_T1.0_D6,52490,137,1.140
BL_W120_T1.0_D6,53490,132,1.060
BL_W120_T1.0_D6,53840,130,1.060
BL_W120_T1.0_D6,54690,125,0.980
BL_W120_T1.0_D6,55040,123,0.980
BL_W120_T1.0_D6,55740,122,0.900
BL_W120_T1.0_D6,56090,117,0.900
BL_W120_T1.0_D6,56940,116,0.820
BL_W120_T1.0_D6,58040,110,0.740
BL_W120_T1.0_D6,59040,105,0.660
BL_W120_T1.0_D6,60132,100,0.580
BL_W120_T1.0_D6,61210,96,0.500
BL_W120_T1.0_D6,62288,89,0.420
BL_W120_T1.0_D6,63366,84,0.340
BL_W120_T1.0_D6,64640,78,0.260
BL_W120_T1.0_D6,65767,74,0.126
BL_W120_T1.0_D6,66845,69,0.050
BL_W120_T1.0_D8,53490,132,1.060
BL_W120_T1.0_D8,54690,125,0.980
BL_W120_T1.0_D8,55040,123,0.980
BL_W120_T1.0_D8,55740,122,0.900
BL_W120_T1.0_D8,56090,117,0.900
BL_W120_T1.0_D8,56940,116,0.820
BL_W120_T1.0_D8,58040,110,0.740
BL_W120_T1.0_D8,59040,105,0.660
BL_W120_T1.0_D8,60132,100,0.580
BL_W120_T1.0_D8,61210,96,0.500
BL_W120_T1.0_D8,62288,89,0.420
BL_W120_T1.0_D8,63366,84,0.340
BL_W120_T1.0_D8,64640,78,0.260
BL_W120_T1.0_D8,65767,74,0.126
BL_W120_T1.0_D8,66845,69,0.050
BL_W120_T1.0_D10,53490,132,1.060
BL_W120_T1.0_D10,54690,125,0.980
BL_W120_T1.0_D10,55040,123,0.980
BL_W120_T1.0_D10,55740,122,0.900
BL_W120_T1.0_D10,56090,117,0.900
BL_W120_T1.0_D10,56940,116,0.820
BL_W120_T1.0_D10,58040,110,0.740
BL_W120_T1.0_D10,59040,105,0.660
BL_W120_T1.0_D10,60132,100,0.580
BL_W120_T1.0_D10,61210,96,0.500
BL_W120_T1.0_D10,62288,89,0.420
BL_W120_T1.0_D10,63366,84,0.340
BL_W120_T1.0_D10,64640,78,0.260
BL_W120_T1.0_D10,65767,74,0.126
BL_W120_T1.0_D10,66845,69,0.050
BL_W120_T1.0_D15,53540,131,1.060
BL_W120_T1.0_D15,54740,125,0.980
BL_W120_T1.0_D15,55740,122,0.900
BL_W120_T1.0_D15,56090,117,0.900
BL_W120_T1.0_D15,56940,116,0.820
BL_W120_T1.0_D15,58040,110,0.740
BL_W120_T1.0_D15,59040,105,0.660
BL_W120_T1.0_D15,60132,100,0.580
BL_W120_T1.0_D15,61210,96,0.500
BL_W120_T1.0_D15,62288,89,0.420
BL_W120_T1.0_D15,63366,84,0.340
BL_W120_T1.0_D15,64640,78,0.260
BL_W120_T1.0_D15,65767,74,0.126
BL_W120_T1.0_D15,66845,69,0.050
BL_W120_T1.0_D20,53540,131,1.060
BL_W120_T1.0_D20,54740,125,0.980
BL_W120_T1.0_D20,55790,121,0.900
BL_W120_T1.0_D20,56140,117,0.900
BL_W120_T1.0_D20,56940,116,0.820
BL_W120_T1.0_D20,58040,110,0.740
BL_W120_T1.0_D20,59040,105,0.660
BL_W120_T1.0_D20,60132,100,0.580
BL_W120_T1.0_D20,61210,96,0.500
BL_W120_T1.0_D20,62288,89,0.420
BL_W120_T1.0_D20,63366,84,0.340
BL_W120_T1.0_D20,64640,78,0.260
BL_W120_T1.0_D20,65767,74,0.126
BL_W120_T1.0_D20,66845,69,0.050
BL_W120_T1.0_D25,53590,131,1.060
BL_W120_T1.0_D25,54740,125,0.980
BL_W120_T1.0_D25,55790,121,0.900
BL_W120_T1.0_D25,56140,117,0.900
BL_W120_T1.0_D25,56940,116,0.820
BL_W120_T1.0_D25,58040,110,0.740
BL_W120_T1.0_D25,59040,105,0.660
BL_W120_T1.0_D25,60132,100,0.580
BL_W120_T1.0_D25,61210,96,0.500
BL_W120_T1.0_D25,62288,89,0.420
BL_W120_T1.0_D25,63366,84,0.340
BL_W120_T1.0_D25,64640,78,0.260
BL_W120_T1.0_D25,65767,74,0.126
BL_W120_T1.0_D25,66845,69,0.050
BL_W120_T1.0_D30,53640,131,1.060
BL_W120_T1.0_D30,54790,124,0.980
BL_W120_T1.0_D30,55790,121,0.900
BL_W120_T1.0_D30,56140,117,0.900
BL_W120_T1.0_D30,56940,116,0.820
BL_W120_T1.0_D30,58040,110,0.740
BL_W120_T1.0_D30,59040,105,0.660
BL_W120_T1.0_D30,60132,100,0.580
BL_W120_T1.0_D30,61210,96,0.500
BL_W120_T1.0_D30,62288,89,0.420
BL_W120_T1.0_D30,63366,84,0.340
BL_W120_T1.0_D30,64640,78,0.260
BL_W120_T1.0_D30,65767,74,0.126
BL_W120_T1.0_D30,66845,69,0.050
BL_W120_T1.0_D40,54840,124,0.980
BL_W120_T1.0_D40,55790,121,0.900
BL_W120_T1.0_D40,56140,117,0.900
BL_W120_T1.0_D40,56940,116,0.820
BL_W120_T1.0_D40,58040,110,0.740
BL_W120_T1.0_D40,59040,105,0.660
BL_W120_T1.0_D40,60132,100,0.580
BL_W120_T1.0_D40,61210,96,0.500
BL_W120_T1.0_D40,62288,89,0.420
BL_W120_T1.0_D40,63366,84,0.340
BL_W120_T1.0_D40,64640,78,0.260
BL_W120_T1.0_D40,65767,74,0.126
BL_W120_T1.0_D40,66845,69,0.050
BL_W120_T1.2_D2,52490,137,1.140
BL_W120_T1.2_D2,53490,132,1.060
BL_W120_T1.2_D2,54690,125,0.980
BL_W120_T1.2_D2,55040,123,0.980
BL_W120_T1.2_D2,55790,121,0.900
BL_W120_T1.2_D2,56140,117,0.900
BL_W120_T1.2_D2,56940,116,0.820
BL_W120_T1.2_D2,58040,110,0.740
BL_W120_T1.2_D2,59040,105,0.660
BL_W120_T1.2_D2,60132,100,0.580
BL_W120_T1.2_D2,61259,95,0.500
BL_W120_T1.2_D2,62288,89,0.420
BL_W120_T1.2_D2,63366,84,0.340
BL_W120_T1.2_D2,64640,78,0.260
BL_W120_T1.2_D2,65767,74,0.126
BL_W120_T1.2_D2,66845,69,0.050
BL_W120_T1.2_D4,52490,137,1.140
BL_W120_T1.2_D4,53440,132,1.060
BL_W120_T1.2_D4,53790,130,1.060
BL_W120_T1.2_D4,54690,125,0.980
BL_W120_T1.2_D4,55040,123,0.980
BL_W120_T1.2_D4,55790,121,0.900
BL_W120_T1.2_D4,56140,117,0.900
BL_W120_T1.2_D4,56940,116,0.820
BL_W120_T1.2_D4,58040,110,0.740
BL_W120_T1.2_D4,59040,105,0.660
BL_W120_T1.2_D4,60132,100,0.580
BL_W120_T1.2_D4,61259,95,0.500
BL_W120_T1.2_D4,62288,89,0.420
BL_W120_T1.2_D4,63366,84,0.340
BL_W120_T1.2_D4,64640,78,0.260
BL_W120_T1.2_D4,65767,74,0.126
BL_W120_T1.2_D4,66845,69,0.050
BL_W120_T1.2_D6,52490,137,1.140
BL_W120_T1.2_D6,53490,132,1.060
BL_W120_T1.2_D6,54690,125,0.980
BL_W120_T1.2_D6,55040,123,0.980
BL_W120_T1.2_D6,55790,121,0.900
BL_W120_T1.2_D6,56140,117,0.900
BL_W120_T1.2_D6,56940,116,0.820
BL_W120_T1.2_D6,58040,110,0.740
BL_W120_T1.2_D6,59040,105,0.660
BL_W120_T1.2_D6,60132,100,0.580
BL_W120_T1.2_D6,61259,95,0.500
BL_W120_T1.2_D6,62288,89,0.420
BL_W120_T1.2_D6,63366,84,0.340
BL_W120_T1.2_D6,64640,78,0.260
BL_W120_T1.2_D6,65767,74,0.126
BL_W120_T1.2_D6,66845,69,0.050
BL_W120_T1.2_D8,53490,132,1.060
BL_W120_T1.2_D8,54690,125,0.980
BL_W120_T1.2_D8,55040,123,0.980
BL_W120_T1.2_D8,55790,121,0.900
BL_W120_T1.2_D8,56140,117,0.900
BL_W120_T1.2_D8,56940,116,0.820
BL_W120_T1.2_D8,58040,110,0.740
BL_W120_T1.2_D8,59040,105,0.660
BL_W120_T1.2_D8,60132,100,0.580
BL_W120_T1.2_D8,61259,95,0.500
BL_W120_T1.2_D8,62288,89,0.420
BL_W120_T1.2_D8,63366,84,0.340
BL_W120_T1.2_D8,64640,78,0.260
BL_W120_T1.2_D8,65767,74,0.126
BL_W120_T1.2_D8,66845,69,0.050
BL_W120_T1.2_D10,53490,132,1.060
BL_W120_T1.2_D10,54690,125,0.980
BL_W120_T1.2_D10,55040,123,0.980
BL_W120_T1.2_D10,55790,121,0.900
BL_W120_T1.2_D10,56140,117,0.900
BL_W120_T1.2_D10,56940,116,0.820
BL_W120_T1.2_D10,58040,110,0.740
BL_W120_T1.2_D10,59040,105,0.660
BL_W120_T1.2_D10,60132,100,0.580
BL_W120_T1.2_D10,61259,95,0.500
BL_W120_T1.2_D10,62288,89,0.420
BL_W120_T1.2_D10,63366,84,0.340
BL_W120_T1.2_D10,64640,78,0.260
BL_W120_T1.2_D10,65767,74,0.126
BL_W120_T1.2_D10,66845,69,0.050
BL_W120_T1.2_D15,53540,131,1.060
BL_W120_T1.2_D15,54740,125,0.980
BL_W120_T1.2_D15,55790,121,0.900
BL_W120_T1.2_D15,56140,117,0.900
BL_W120_T1.2_D15,56940,116,0.820
BL_W120_T1.2_D15,58040,110,0.740
BL_W120_T1.2_D15,59040,105,0.660
BL_W120_T1.2_D15,60132,100,0.580
BL_W120_T1.2_D15,61259,95,0.500
BL_W120_T1.2_D15,62288,89,0.420
BL_W120_T1.2_D15,63366,84,0.340
BL_W120_T1.2_D15,64640,78,0.260
BL_W120_T1.2_D15,65767,74,0.126
BL_W120_T1.2_D15,66845,69,0.050
BL_W120_T1.2_D20,53540,131,1.060
BL_W120_T1.2_D20,54740,125,0.980
BL_W120_T1.2_D20,55790,121,0.900
BL_W120_T1.2_D20,56140,117,0.900
BL_W120_T1.2_D20,56940,116,0.820
BL_W120_T1.2_D20,58040,110,0.740
BL_W120_T1.2_D20,59040,105,0.660
BL_W120_T1.2_D20,60132,100,0.580
BL_W120_T1.2_D20,61259,95,0.500
BL_W120_T1.2_D20,62288,89,0.420
BL_W120_T1.2_D20,63366,84,0.340
BL_W120_T1.2_D20,64640,78,0.260
BL_W120_T1.2_D20,65767,74,0.126
BL_W120_T1.2_D20,66845,69,0.050
BL_W120_T1.2_D25,53590,131,1.060
BL_W120_T1.2_D25,54740,125,0.980
BL_W120_T1.2_D25,55790,121,0.900
BL_W120_T1.2_D25,56140,117,0.900
BL_W120_T1.2_D25,56940,116,0.820
BL_W120_T1.2_D25,58040,110,0.740
BL_W120_T1.2_D25,59040,105,0.660
BL_W120_T1.2_D25,60132,100,0.580
BL_W120_T1.2_D25,61259,95,0.500
BL_W120_T1.2_D25,62288,89,0.420
BL_W120_T1.2_D25,63366,84,0.340
BL_W120_T1.2_D25,64640,78,0.260
BL_W120_T1.2_D25,65767,74,0.126
BL_W120_T1.2_D25,66845,69,0.050
BL_W120_T1.2_D30,53640,131,1.060
BL_W120_T1.2_D30,54790,124,0.980
BL_W120_T1.2_D30,55790,121,0.900
BL_W120_T1.2_D30,56140,117,0.900
BL_W120_T1.2_D30,56940,116,0.820
BL_W120_T1.2_D30,58040,110,0.740
BL_W120_T1.2_D30,59040,105,0.660
BL_W120_T1.2_D30,60132,100,0.580
BL_W120_T1.2_D30,61259,95,0.500
BL_W120_T1.2_D30,62288,89,0.420
BL_W120_T1.2_D30,63366,84,0.340
BL_W120_T1.2_D30,64640,78,0.260
BL_W120_T1.2_D30,65767,74,0.126
BL_W120_T1.2_D30,66845,69,0.050
BL_W120_T1.2_D40,54840,124,0.980
BL_W120_T1.2_D40,55790,121,0.900
BL_W120_T1.2_D40,56140,117,0.900
BL_W120_T1.2_D40,56940,116,0.820
BL_W120_T1.2_D40,58040,110,0.740
BL_W120_T1.2_D40,59040,105,0.660
BL_W120_T1.2_D40,60132,100,0.580
BL_W120_T1.2_D40,61259,95,0.500
BL_W120_T1.2_D40,62288,89,0.420
BL_W120_T1.2_D40,63366,84,0.340
BL_W120_T1.2_D40,64640,78,0.260
BL_W120_T1.2_D40,65767,74,0.126
BL_W120_T1.2_D40,66845,69,0.050
BL_W120_T1.4_D2,52540,136,1.140
BL_W120_T1.4_D2,53490,132,1.060
BL_W120_T1.4_D2,54740,125,0.980
BL_W120_T1.4_D2,55790,121,0.900
BL_W120_T1.4_D2,56140,117,0.900
BL_W120_T1.4_D2,56940,116,0.820
BL_W120_T1.4_D2,58090,109,0.740
BL_W120_T1.4_D2,59040,105,0.660
BL_W120_T1.4_D2,60132,100,0.580
BL_W120_T1.4_D2,61259,95,0.500
BL_W120_T1.4_D2,62288,89,0.420
BL_W120_T1.4_D2,63415,83,0.340
BL_W120_T1.4_D2,64640,78,0.260
BL_W120_T1.4_D2,65767,74,0.126
BL_W120_T1.4_D2,66845,69,0.050
BL_W120_T1.4_D4,52540,136,1.140
BL_W120_T1.4_D4,53440,132,1.060
BL_W120_T1.4_D4,53790,130,1.060
BL_W120_T1.4_D4,54740,125,0.980
BL_W120_T1.4_D4,55790,121,0.900
BL_W120_T1.4_D4,56140,117,0.900
BL_W120_T1.4_D4,56940,116,0.820
BL_W120_T1.4_D4,58090,109,0.740
BL_W120_T1.4_D4,59040,105,0.660
BL_W120_T1.4_D4,60132,100,0.580
BL_W120_T1.4_D4,61259,95,0.500
BL_W120_T1.4_D4,62288,89,0.420
BL_W120_T1.4_D4,63415,83,0.340
BL_W120_T1.4_D4,64640,78,0.260
BL_W120_T1.4_D4,65767,74,0.126
BL_W120_T1.4_D4,66845,69,0.050
BL_W120_T1.4_D6,52490,137,1.140
BL_W120_T1.4_D6,53490,132,1.060
BL_W120_T1.4_D6,54740,125,0.980
BL_W120_T1.4_D6,55790,121,0.900
BL_W120_T1.4_D6,56140,117,0.900
BL_W120_T1.4_D6,56940,116,0.820
BL_W120_T1.4_D6,58090,109,0.740
BL_W120_T1.4_D6,59040,105,0.660
BL_W120_T1.4_D6,60132,100,0.580
BL_W120_T1.4_D6,61259,95,0.500
BL_W120_T1.4_D6,62288,89,0.420
BL_W120_T1.4_D6,63415,83,0.340
BL_W120_T1.4_D6,64640,78,0.260
BL_W120_T1.4_D6,65767,74,0.126
BL_W120_T1.4_D6,66845,69,0.050
BL_W120_T1.4_D8,53490,132,1.060
BL_W120_T1.4_D8,54740,125,0.980
BL_W120_T1.4_D8,55790,121,0.900
BL_W120_T1.4_D8,56140,117,0.900
BL_W120_T1.4_D8,56940,116,0.820
BL_W120_T1.4_D8,58090,109,0.740
BL_W120_T1.4_D8,59040,105,0.660
BL_W120_T1.4_D8,60132,100,0.580
BL_W120_T1.4_D8,61259,95,0.500
BL_W120_T1.4_D8,62288,89,0.420
BL_W120_T1.4_D8,63415,83,0.340
BL_W120_T1.4_D8,64640,78,0.260
BL_W120_T1.4_D8,65767,74,0.126
BL_W120_T1.4_D8,66845,69,0.050
BL_W120_T1.4_D10,53490,132,1.060
BL_W120_T1.4_D10,54740,125,0.980
BL_W120_T1.4_D10,55790,121,0.900
BL_W120_T1.4_D10,56140,117,0.900
BL_W120_T1.4_D10,56940,116,0.820
BL_W120_T1.4_D10,58090,109,0.740
BL_W120_T1.4_D10,59040,105,0.660
BL_W120_T1.4_D10,60132,100,0.580
BL_W120_T1.4_D10,61259,95,0.500
BL_W120_T1.4_D10,62288,89,0.420
BL_W120_T1.4_D10,63415,83,0.340
BL_W120_T1.4_D10,64640,78,0.260
BL_W120_T1.4_D10,65767,74,0.126
BL_W120_T1.4_D10,66845,69,0.050
BL_W120_T1.4_D15,53540,131,1.060
BL_W120_T1.4_D15,54740,125,0.980
BL_W120_T1.4_D15,55790,121,0.900
BL_W120_T1.4_D15,56140,117,0.900
BL_W120_T1.4_D15,56940,116,0.820
BL_W120_T1.4_D15,58090,109,0.740
BL_W120_T1.4_D15,59040,105,0.660
BL_W120_T1.4_D15,60132,100,0.580
BL_W120_T1.4_D15,61259,95,0.500
BL_W120_T1.4_D15,62288,89,0.420
BL_W120_T1.4_D15,63415,83,0.340
BL_W120_T1.4_D15,64640,78,0.260
BL_W120_T1.4_D15,65767,74,0.126
BL_W120_T1.4_D15,66845,69,0.050
BL_W120_T1.4_D20,53540,131,1.060
BL_W120_T1.4_D20,54740,125,0.980
BL_W120_T1.4_D20,55790,121,0.900
BL_W120_T1.4_D20,56140,117,0.900
BL_W120_T1.4_D20,56940,116,0.820
BL_W120_T1.4_D20,58090,109,0.740
BL_W120_T1.4_D20,59040,105,0.660
BL_W120_T1.4_D20,60132,100,0.580
BL_W120_T1.4_D20,61259,95,0.500
BL_W120_T1.4_D20,62288,89,0.420
BL_W120_T1.4_D20,63415,83,0.340
BL_W120_T1.4_D20,64640,78,0.260
BL_W120_T1.4_D20,65767,74,0.126
BL_W120_T1.4_D20,66845,69,0.050
BL_W120_T1.4_D25,53590,131,1.060
BL_W120_T1.4_D25,54740,125,0.980
BL_W120_T1.4_D25,55790,121,0.900
BL_W120_T1.4_D25,56140,117,0.900
BL_W120_T1.4_D25,56940,116,0.820
BL_W120_T1.4_D25,58090,109,0.740
BL_W120_T1.4_D25,59040,105,0.660
BL_W120_T1.4_D25,60132,100,0.580
BL_W120_T1.4_D25,61259,95,0.500
BL_W120_T1.4_D25,62288,89,0.420
BL_W120_T1.4_D25,63415,83,0.340
BL_W120_T1.4_D25,64640,78,0.260
BL_W120_T1.4_D25,65767,74,0.126
BL_W120_T1.4_D25,66845,69,0.050
BL_W120_T1.4_D30,53640,131,1.060
BL_W120_T1.4_D30,54790,124,0.980
BL_W120_T1.4_D30,55790,121,0.900
BL_W120_T1.4_D30,56140,117,0.900
BL_W120_T1.4_D30,56940,116,0.820
BL_W120_T1.4_D30,58090,109,0.740
BL_W120_T1.4_D30,59040,105,0.660
BL_W120_T1.4_D30,60132,100,0.580
BL_W120_T1.4_D30,61259,95,0.500
BL_W120_T1.4_D30,62288,89,0.420
BL_W120_T1.4_D30,63415,83,0.340
BL_W120_T1.4_D30,64640,78,0.260
BL_W120_T1.4_D30,65767,74,0.126
BL_W120_T1.4_D30,66845,69,0.050
BL_W120_T1.4_D40,54840,124,0.980
BL_W120_T1.4_D40,55790,121,0.900
BL_W120_T1.4_D40,56140,117,0.900
BL_W120_T1.4_D40,56940,116,0.820
BL_W120_T1.4_D40,58090,109,0.740
BL_W120_T1.4_D40,59040,105,0.660
BL_W120_T1.4_D40,60132,100,0.580
BL_W120_T1.4_D40,61259,95,0.500
BL_W120_T1.4_D40,62288,89,0.420
BL_W120_T1.4_D40,63415,83,0.340
BL_W120_T1.4_D40,64640,78,0.260
BL_W120_T1.4_D40,65767,74,0.126
BL_W120_T1.4_D40,66845,69,0.050
BL_W120_T1.6_D2,53490,132,1.060
BL_W120_T1.6_D2,54740,125,0.980
BL_W120_T1.6_D2,55790,121,0.900
BL_W120_T1.6_D2,56140,117,0.900
BL_W120_T1.6_D2,56940,116,0.820
BL_W120_T1.6_D2,58090,109,0.740
BL_W120_T1.6_D2,59090,104,0.660
BL_W120_T1.6_D2,60132,100,0.580
BL_W120_T1.6_D2,61259,95,0.500
BL_W120_T1.6_D2,62288,89,0.420
BL_W120_T1.6_D2,63415,83,0.340
BL_W120_T1.6_D2,64640,78,0.260
BL_W120_T1.6_D2,65816,73,0.126
BL_W120_T1.6_D2,66894,69,0.050
BL_W120_T1.6_D4,53440,132,1.060
BL_W120_T1.6_D4,53790,130,1.060
BL_W120_T1.6_D4,54740,125,0.980
BL_W120_T1.6_D4,55790,121,0.900
BL_W120_T1.6_D4,56140,117,0.900
BL_W120_T1.6_D4,56940,116,0.820
BL_W120_T1.6_D4,58090,109,0.740
BL_W120_T1.6_D4,59090,104,0.660
BL_W120_T1.6_D4,60132,100,0.580
BL_W120_T1.6_D4,61259,95,0.500
BL_W120_T1.6_D4,62288,89,0.420
BL_W120_T1.6_D4,63415,83,0.340
BL_W120_T1.6_D4,64640,78,0.260
BL_W120_T1.6_D4,65816,73,0.126
BL_W120_T1.6_D4,66894,69,0.050
BL_W120_T1.6_D6,52490,137,1.140
BL_W120_T1.6_D6,53490,132,1.060
BL_W120_T1.6_D6,54740,125,0.980
BL_W120_T1.6_D6,55790,121,0.900
BL_W120_T1.6_D6,56140,117,0.900
BL_W120_T1.6_D6,56940,116,0.820
BL_W120_T1.6_D6,58090,109,0.740
BL_W120_T1.6_D6,59090,104,0.660
BL_W120_T1.6_D6,60132,100,0.580
BL_W120_T1.6_D6,61259,95,0.500
BL_W120_T1.6_D6,62288,89,0.420
BL_W120_T1.6_D6,63415,83,0.340
BL_W120_T1.6_D6,64640,78,0.260
BL_W120_T1.6_D6,65816,73,0.126
BL_W120_T1.6_D6,66894,69,0.050
BL_W120_T1.6_D8,53490,132,1.060
BL_W120_T1.6_D8,54740,125,0.980
BL_W120_T1.6_D8,55790,121,0.900
BL_W120_T1.6_D8,56140,117,0.900
BL_W120_T1.6_D8,56940,116,0.820
BL_W120_T1.6_D8,58090,109,0.740
BL_W120_T1.6_D8,59090,104,0.660
BL_W120_T1.6_D8,60132,100,0.580
BL_W120_T1.6_D8,61259,95,0.500
BL_W120_T1.6_D8,62288,89,0.420
BL_W120_T1.6_D8,63415,83,0.340
BL_W120_T1.6_D8,64640,78,0.260
BL_W120_T1.6_D8,65816,73,0.126
BL_W120_T1.6_D8,66894,69,0.050
BL_W120_T1.6_D10,53490,132,1.060
BL_W120_T1.6_D10,54740,125,0.980
BL_W120_T1.6_D10,55790,121,0.900
BL_W120_T1.6_D10,56140,117,0.900
BL_W120_T1.6_D10,56940,116,0.820
BL_W120_T1.6_D10,58090,109,0.740
BL_W120_T1.6_D10,59090,104,0.660
BL_W120_T1.6_D10,60132,100,0.580
BL_W120_T1.6_D10,61259,95,0.500
BL_W120_T1.6_D10,62288,89,0.420
BL_W120_T1.6_D10,63415,83,0.340
BL_W120_T1.6_D10,64640,78,0.260
BL_W120_T1.6_D10,65816,73,0.126
BL_W120_T1.6_D10,66894,69,0.050
BL_W120_T1.6_D15,53540,131,1.060
BL_W120_T1.6_D15,54740,125,0.980
BL_W120_T1.6_D15,55790,121,0.900
BL_W120_T1.6_D15,56140,117,0.900
BL_W120_T1.6_D15,56940,116,0.820
BL_W120_T1.6_D15,58090,109,0.740
BL_W120_T1.6_D15,59090,104,0.660
BL_W120_T1.6_D15,60132,100,0.580
BL_W120_T1.6_D15,61259,95,0.500
BL_W120_T1.6_D15,62288,89,0.420
BL_W120_T1.6_D15,63415,83,0.340
BL_W120_T1.6_D15,64640,78,0.260
BL_W120_T1.6_D15,65816,73,0.126
BL_W120_T1.6_D15,66894,69,0.050
BL_W120_T1.6_D20,53540,131,1.060
BL_W120_T1.6_D20,54740,125,0.980
BL_W120_T1.6_D20,55790,121,0.900
BL_W120_T1.6_D20,56140,117,0.900
BL_W120_T1.6_D20,56940,116,0.820
BL_W120_T1.6_D20,58090,109,0.740
BL_W120_T1.6_D20,59090,104,0.660
BL_W120_T1.6_D20,60132,100,0.580
BL_W120_T1.6_D20,61259,95,0.500
BL_W120_T1.6_D20,62288,89,0.420
BL_W120_T1.6_D20,63415,83,0.340
BL_W120_T1.6_D20,64640,78,0.260
BL_W120_T1.6_D20,65816,73,0.126
BL_W120_T1.6_D20,66894,69,0.050
BL_W120_T1.6_D25,53590,131,1.060
BL_W120_T1.6_D25,54740,125,0.980
BL_W120_T1.6_D25,55790,121,0.900
BL_W120_T1.6_D25,56140,117,0.900
BL_W120_T1.6_D25,56940,116,0.820
BL_W120_T1.6_D25,58090,109,0.740
BL_W120_T1.6_D25,59090,104,0.660
BL_W120_T1.6_D25,60132,100,0.580
BL_W120_T1.6_D25,61259,95,0.500
BL_W120_T1.6_D25,62288,89,0.420
BL_W120_T1.6_D25,63415,83,0.340
BL_W120_T1.6_D25,64640,78,0.260
BL_W120_T1.6_D25,65816,73,0.126
BL_W120_T1.6_D25,66894,69,0.050
BL_W120_T1.6_D30,53640,131,1.060
BL_W120_T1.6_D30,54790,124,0.980
BL_W120_T1.6_D30,55790,121,0.900
BL_W120_T1.6_D30,56140,117,0.900
BL_W120_T1.6_D30,56940,116,0.820
BL_W120_T1.6_D30,58090,109,0.740
BL_W120_T1.6_D30,59090,104,0.660
BL_W120_T1.6_D30,60132,100,0.580
BL_W120_T1.6_D30,61259,95,0.500
BL_W120_T1.6_D30,62288,89,0.420
BL_W120_T1.6_D30,63415,83,0.340
BL_W120_T1.6_D30,64640,78,0.260
BL_W120_T1.6_D30,65816,73,0.126
BL_W120_T1.6_D30,66894,69,0.050
BL_W120_T1.6_D40,54840,124,0.980
BL_W120_T1.6_D40,55790,121,0.900
BL_W120_T1.6_D40,56140,117,0.900
BL_W120_T1.6_D40,56940,116,0.820
BL_W120_T1.6_D40,58090,109,0.740
BL_W120_T1.6_D40,59090,104,0.660
BL_W120_T1.6_D40,60132,100,0.580
BL_W120_T1.6_D40,61259,95,0.500
BL_W120_T1.6_D40,62288,89,0.420
BL_W120_T1.6_D40,63415,83,0.340
BL_W120_T1.6_D40,64640,78,0.260
BL_W120_T1.6_D40,65816,73,0.126
BL_W120_T1.6_D40,66894,69,0.050
BL_W120_T1.8_D2,53490,132,1.060
BL_W120_T1.8_D2,54740,125,0.980
BL_W120_T1.8_D2,55790,121,0.900
BL_W120_T1.8_D2,56140,117,0.900
BL_W120_T1.8_D2,56990,115,0.820
BL_W120_T1.8_D2,58090,109,0.740
BL_W120_T1.8_D2,59090,104,0.660
BL_W120_T1.8_D2,60181,99,0.580
BL_W120_T1.8_D2,61259,95,0.500
BL_W120_T1.8_D2,62337,89,0.420
BL_W120_T1.8_D2,63415,83,0.340
BL_W120_T1.8_D2,64689,78,0.260
BL_W120_T1.8_D2,65816,73,0.126
BL_W120_T1.8_D2,66894,69,0.050
BL_W120_T1.8_D4,53440,132,1.060
BL_W120_T1.8_D4,53790,130,1.060
BL_W120_T1.8_D4,54740,125,0.980
BL_W120_T1.8_D4,55790,121,0.900
BL_W120_T1.8_D4,56140,117,0.900
BL_W120_T1.8_D4,56990,115,0.820
BL_W120_T1.8_D4,58090,109,0.740
BL_W120_T1.8_D4,59090,104,0.660
BL_W120_T1.8_D4,60181,99,0.580
BL_W120_T1.8_D4,61259,95,0.500
BL_W120_T1.8_D4,62337,89,0.420
BL_W120_T1.8_D4,63415,83,0.340
BL_W120_T1.8_D4,64689,78,0.260
BL_W120_T1.8_D4,65816,73,0.126
BL_W120_T1.8_D4,66894,69,0.050
BL_W120_T1.8_D6,52490,137,1.140
BL_W120_T1.8_D6,53490,132,1.060
BL_W120_T1.8_D6,54740,125,0.980
BL_W120_T1.8_D6,55790,121,0.900
BL_W120_T1.8_D6,56140,117,0.900
BL_W120_T1.8_D6,56990,115,0.820
BL_W120_T1.8_D6,58090,109,0.740
BL_W120_T1.8_D6,59090,104,0.660
BL_W120_T1.8_D6,60181,99,0.580
BL_W120_T1.8_D6,61259,95,0.500
BL_W120_T1.8_D6,62337,89,0.420
BL_W120_T1.8_D6,63415,83,0.340
BL_W120_T1.8_D6,64689,78,0.260
BL_W120_T1.8_D6,65816,73,0.126
BL_W120_T1.8_D6,66894,69,0.050
BL_W120_T1.8_D8,53490,132,1.060
BL_W120_T1.8_D8,54740,125,0.980
BL_W120_T1.8_D8,55790,121,0.900
BL_W120_T1.8_D8,56140,117,0.900
BL_W120_T1.8_D8,56990,115,0.820
BL_W120_T1.8_D8,58090,109,0.740
BL_W120_T1.8_D8,59090,104,0.660
BL_W120_T1.8_D8,60181,99,0.580
BL_W120_T1.8_D8,61259,95,0.500
BL_W120_T1.8_D8,62337,89,0.420
BL_W120_T1.8_D8,63415,83,0.340
BL_W120_T1.8_D8,64689,78,0.260
BL_W120_T1.8_D8,65816,73,0.126
BL_W120_T1.8_D8,66894,69,0.050
BL_W120_T1.8_D10,53490,132,1.060
BL_W120_T1.8_D10,54740,125,0.980
BL_W120_T1.8_D10,55790,121,0.900
BL_W120_T1.8_D10,56140,117,0.900
BL_W120_T1.8_D10,56990,115,0.820
BL_W120_T1.8_D10,58090,109,0.740
BL_W120_T1.8_D10,59090,104,0.660
BL_W120_T1.8_D10,60181,99,0.580
BL_W120_T1.8_D10,61259,95,0.500
BL_W120_T1.8_D10,62337,89,0.420
BL_W120_T1.8_D10,63415,83,0.340
BL_W120_T1.8_D10,64689,78,0.260
BL_W120_T1.8_D10,65816,73,0.126
BL_W120_T1.8_D10,66894,69,0.050
BL_W120_T1.8_D15,53540,131,1.060
BL_W120_T1.8_D15,54740,125,0.980
BL_W120_T1.8_D15,55790,121,0.900
BL_W120_T1.8_D15,56140,117,0.900
BL_W120_T1.8_D15,56990,115,0.820
BL_W120_T1.8_D15,58090,109,0.740
BL_W120_T1.8_D15,59090,104,0.660
BL_W120_T1.8_D15,60181,99,0.580
BL_W120_T1.8_D15,61259,95,0.500
BL_W120_T1.8_D15,62337,89,0.420
BL_W120_T1.8_D15,63415,83,0.340
BL_W120_T1.8_D15,64689,78,0.260
BL_W120_T1.8_D15,65816,73,0.126
BL_W120_T1.8_D15,66894,69,0.050
BL_W120_T1.8_D20,53540,131,1.060
BL_W120_T1.8_D20,54740,125,0.980
BL_W120_T1.8_D20,55790,121,0.900
BL_W120_T1.8_D20,56140,117,0.900
BL_W120_T1.8_D20,56990,115,0.820
BL_W120_T1.8_D20,58090,109,0.740
BL_W120_T1.8_D20,59090,104,0.660
BL_W120_T1.8_D20,60181,99,0.580
BL_W120_T1.8_D20,61259,95,0.500
BL_W120_T1.8_D20,62337,89,0.420
BL_W120_T1.8_D20,63415,83,0.340
BL_W120_T1.8_D20,64689,78,0.260
BL_W120_T1.8_D20,65816,73,0.126
BL_W120_T1.8_D20,66894,69,0.050
BL_W120_T1.8_D25,53590,131,1.060
BL_W120_T1.8_D25,54740,125,0.980
BL_W120_T1.8_D25,55790,121,0.900
BL_W120_T1.8_D25,56140,117,0.900
BL_W120_T1.8_D25,56990,115,0.820
BL_W120_T1.8_D25,58090,109,0.740
BL_W120_T1.8_D25,59090,104,0.660
BL_W120_T1.8_D25,60181,99,0.580
BL_W120_T1.8_D25,61259,95,0.500
BL_W120_T1.8_D25,62337,89,0.420
BL_W120_T1.8_D25,63415,83,0.340
BL_W120_T1.8_D25,64689,78,0.260
BL_W120_T1.8_D25,65816,73,0.126
BL_W120_T1.8_D25,66894,69,0.050
BL_W120_T1.8_D30,53640,131,1.060
BL_W120_T1.8_D30,54790,124,0.980
BL_W120_T1.8_D30,55790,121,0.900
BL_W120_T1.8_D30,56140,117,0.900
BL_W120_T1.8_D30,56990,115,0.820
BL_W120_T1.8_D30,58090,109,0.740
BL_W120_T1.8_D30,59090,104,0.660
BL_W120_T1.8_D30,60181,99,0.580
BL_W120_T1.8_D30,61259,95,0.500
BL_W120_T1.8_D30,62337,89,0.420
BL_W120_T1.8_D30,63415,83,0.340
BL_W120_T1.8_D30,64689,78,0.260
BL_W120_T1.8_D30,65816,73,0.126
BL_W120_T1.8_D30,66894,69,0.050
BL_W120_T1.8_D40,54840,124,0.980
BL_W120_T1.8_D40,55790,121,0.900
BL_W120_T1.8_D40,56140,117,0.900
BL_W120_T1.8_D40,56990,115,0.820
BL_W120_T1.8_D40,58090,109,0.740
BL_W120_T1.8_D40,59090,104,0.660
BL_W120_T1.8_D40,60181,99,0.580
BL_W120_T1.8_D40,61259,95,0.500
BL_W120_T1.8_D40,62337,89,0.420
BL_W120_T1.8_D40,63415,83,0.340
BL_W120_T1.8_D40,64689,78,0.260
BL_W120_T1.8_D40,65816,73,0.126
BL_W120_T1.8_D40,66894,69,0.050
BL_W120_T2.0_D2,53490,132,1.060
BL_W120_T2.0_D2,54740,125,0.980
BL_W120_T2.0_D2,55790,121,0.900
BL_W120_T2.0_D2,56140,117,0.900
BL_W120_T2.0_D2,56990,115,0.820
BL_W120_T2.0_D2,58090,109,0.740
BL_W120_T2.0_D2,59090,104,0.660
BL_W120_T2.0_D2,60181,99,0.580
BL_W120_T2.0_D2,61308,95,0.500
BL_W120_T2.0_D2,62337,89,0.420
BL_W120_T2.0_D2,63415,83,0.340
BL_W120_T2.0_D2,64689,78,0.260
BL_W120_T2.0_D2,65816,73,0.126
BL_W120_T2.0_D2,66894,69,0.050
BL_W120_T2.0_D4,53440,132,1.060
BL_W120_T2.0_D4,53790,130,1.060
BL_W120_T2.0_D4,54740,125,0.980
BL_W120_T2.0_D4,55790,121,0.900
BL_W120_T2.0_D4,56140,117,0.900
BL_W120_T2.0_D4,56990,115,0.820
BL_W120_T2.0_D4,58090,109,0.740
BL_W120_T2.0_D4,59090,104,0.660
BL_W120_T2.0_D4,60181,99,0.580
BL_W120_T2.0_D4,61308,95,0.500
BL_W120_T2.0_D4,62337,89,0.420
BL_W120_T2.0_D4,63415,83,0.340
BL_W120_T2.0_D4,64689,78,0.260
BL_W120_T2.0_D4,65816,73,0.126
BL_W120_T2.0_D4,66894,69,0.050
BL_W120_T2.0_D6,52490,137,1.140
BL_W120_T2.0_D6,53490,132,1.060
BL_W120_T2.0_D6,54740,125,0.980
BL_W120_T2.0_D6,55790,121,0.900
BL_W120_T2.0_D6,56140,117,0.900
BL_W120_T2.0_D6,56990,115,0.820
BL_W120_T2.0_D6,58090,109,0.740
BL_W120_T2.0_D6,59090,104,0.660
BL_W120_T2.0_D6,60181,99,0.580
BL_W120_T2.0_D6,61308,95,0.500
BL_W120_T2.0_D6,62337,89,0.420
BL_W120_T2.0_D6,63415,83,0.340
BL_W120_T2.0_D6,64689,78,0.260
BL_W120_T2.0_D6,65816,73,0.126
BL_W120_T2.0_D6,66894,69,0.050
BL_W120_T2.0_D8,53490,132,1.060
BL_W120_T2.0_D8,54740,125,0.980
BL_W120_T2.0_D8,55790,121,0.900
BL_W120_T2.0_D8,56140,117,0.900
BL_W120_T2.0_D8,56990,115,0.820
BL_W120_T2.0_D8,58090,109,0.740
BL_W120_T2.0_D8,59090,104,0.660
BL_W120_T2.0_D8,60181,99,0.580
BL_W120_T2.0_D8,61308,95,0.500
BL_W120_T2.0_D8,62337,89,0.420
BL_W120_T2.0_D8,63415,83,0.340
BL_W120_T2.0_D8,64689,78,0.260
BL_W120_T2.0_D8,65816,73,0.126
BL_W120_T2.0_D8,66894,69,0.050
BL_W120_T2.0_D10,53490,132,1.060
BL_W120_T2.0_D10,54740,125,0.980
BL_W120_T2.0_D10,55790,121,0.900
BL_W120_T2.0_D10,56140,117,0.900
BL_W120_T2.0_D10,56990,115,0.820
BL_W120_T2.0_D10,58090,109,0.740
BL_W120_T2.0_D10,59090,104,0.660
BL_W120_T2.0_D10,60181,99,0.580
BL_W120_T2.0_D10,61308,95,0.500
BL_W120_T2.0_D10,62337,89,0.420
BL_W120_T2.0_D10,63415,83,0.340
BL_W120_T2.0_D10,64689,78,0.260
BL_W120_T2.0_D10,65816,73,0.126
BL_W120_T2.0_D10,66894,69,0.050
BL_W120_T2.0_D15,53540,131,1.060
BL_W120_T2.0_D15,54740,125,0.980
BL_W120_T2.0_D15,55790,121,0.900
BL_W120_T2.0_D15,56140,117,0.900
BL_W120_T2.0_D15,56990,115,0.820
BL_W120_T2.0_D15,58090,109,0.740
BL_W120_T2.0_D15,59090,104,0.660
BL_W120_T2.0_D15,60181,99,0.580
BL_W120_T2.0_D15,61308,95,0.500
BL_W120_T2.0_D15,62337,89,0.420
BL_W120_T2.0_D15,63415,83,0.340
BL_W120_T2.0_D15,64689,78,0.260
BL_W120_T2.0_D15,65816,73,0.126
BL_W120_T2.0_D15,66894,69,0.050
BL_W120_T2.0_D20,53540,131,1.060
BL_W120_T2.0_D20,54740,125,0.980
BL_W120_T2.0_D20,55790,121,0.900
BL_W120_T2.0_D20,56140,117,0.900
BL_W120_T2.0_D20,56990,115,0.820
BL_W120_T2.0_D20,58090,109,0.740
BL_W120_T2.0_D20,59090,104,0.660
BL_W120_T2.0_D20,60181,99,0.580
BL_W120_T2.0_D20,61308,95,0.500
BL_W120_T2.0_D20,62337,89,0.420
BL_W120_T2.0_D20,63415,83,0.340
BL_W120_T2.0_D20,64689,78,0.260
BL_W120_T2.0_D20,65816,73,0.126
BL_W120_T2.0_D20,66894,69,0.050
BL_W120_T2.0_D25,53590,131,1.060
BL_W120_T2.0_D25,54740,125,0.980
BL_W120_T2.0_D25,55790,121,0.900
BL_W120_T2.0_D25,56140,117,0.900
BL_W120_T2.0_D25,56990,115,0.820
BL_W120_T2.0_D25,58090,109,0.740
BL_W120_T2.0_D25,59090,104,0.660
BL_W120_T2.0_D25,60181,99,0.580
BL_W120_T2.0_D25,61308,95,0.500
BL_W120_T2.0_D25,62337,89,0.420
BL_W120_T2.0_D25,63415,83,0.340
BL_W120_T2.0_D25,64689,78,0.260
BL_W120_T2.0_D25,65816,73,0.126
BL_W120_T2.0_D25,66894,69,0.050
BL_W120_T2.0_D30,53640,131,1.060
BL_W120_T2.0_D30,54790,124,0.980
BL_W120_T2.0_D30,55790,121,0.900
BL_W120_T2.0_D30,56140,117,0.900
BL_W120_T2.0_D30,56990,115,0.820
BL_W120_T2.0_D30,58090,109,0.740
BL_W120_T2.0_D30,59090,104,0.660
BL_W120_T2.0_D30,60181,99,0.580
BL_W120_T2.0_D30,61308,95,0.500
BL_W120_T2.0_D30,62337,89,0.420
BL_W120_T2.0_D30,63415,83,0.340
BL_W120_T2.0_D30,64689,78,0.260
BL_W120_T2.0_D30,65816,73,0.126
BL_W120_T2.0_D30,66894,69,0.050
BL_W120_T2.0_D40,54840,124,0.980
BL_W120_T2.0_D40,55790,121,0.900
BL_W120_T2.0_D40,56140,117,0.900
BL_W120_T2.0_D40,56990,115,0.820
BL_W120_T2.0_D40,58090,109,0.740
BL_W120_T2.0_D40,59090,104,0.660
BL_W120_T2.0_D40,60181,99,0.580
BL_W120_T2.0_D40,61308,95,0.500
BL_W120_T2.0_D40,62337,89,0.420
BL_W120_T2.0_D40,63415,83,0.340
BL_W120_T2.0_D40,64689,78,0.260
BL_W120_T2.0_D40,65816,73,0.126
BL_W120_T2.0_D40,66894,69,0.050
BL_W120_T2.2_D2,59090,104,0.420
BL_W120_T2.2_D2,53490,132,0.340
BL_W120_T2.2_D2,60181,99,0.340
BL_W120_T2.2_D2,54740,125,0.260
BL_W120_T2.2_D2,61308,95,0.260
BL_W120_T2.2_D2,55790,121,0.126
BL_W120_T2.2_D2,56140,117,0.126
BL_W120_T2.2_D2,62337,89,0.126
BL_W120_T2.2_D2,66943,68,0.050
BL_W120_T2.2_D2,56990,115,0.010
BL_W120_T2.2_D2,63464,83,0.010
BL_W120_T2.2_D4,59090,104,0.420
BL_W120_T2.2_D4,53440,132,0.340
BL_W120_T2.2_D4,53790,130,0.340
BL_W120_T2.2_D4,60181,99,0.340
BL_W120_T2.2_D4,54740,125,0.260
BL_W120_T2.2_D4,61308,95,0.260
BL_W120_T2.2_D4,55790,121,0.126
BL_W120_T2.2_D4,56140,117,0.126
BL_W120_T2.2_D4,62337,89,0.126
BL_W120_T2.2_D4,66943,68,0.050
BL_W120_T2.2_D4,56990,115,0.010
BL_W120_T2.2_D4,63464,83,0.010
BL_W120_T2.2_D6,52490,137,0.420
BL_W120_T2.2_D6,59090,104,0.420
BL_W120_T2.2_D6,53490,132,0.340
BL_W120_T2.2_D6,60181,99,0.340
BL_W120_T2.2_D6,54740,125,0.260
BL_W120_T2.2_D6,61308,95,0.260
BL_W120_T2.2_D6,55790,121,0.126
BL_W120_T2.2_D6,56140,117,0.126
BL_W120_T2.2_D6,62337,89,0.126
BL_W120_T2.2_D6,66943,68,0.050
BL_W120_T2.2_D6,56990,115,0.010
BL_W120_T2.2_D6,63464,83,0.010
BL_W120_T2.2_D8,59090,104,0.420
BL_W120_T2.2_D8,53490,132,0.340
BL_W120_T2.2_D8,60181,99,0.340
BL_W120_T2.2_D8,54740,125,0.260
BL_W120_T2.2_D8,61308,95,0.260
BL_W120_T2.2_D8,55790,121,0.126
BL_W120_T2.2_D8,56140,117,0.126
BL_W120_T2.2_D8,62337,89,0.126
BL_W120_T2.2_D8,66943,68,0.050
BL_W120_T2.2_D8,56990,115,0.010
BL_W120_T2.2_D8,63464,83,0.010
BL_W120_T2.2_D10,59090,104,0.420
BL_W120_T2.2_D10,53490,132,0.340
BL_W120_T2.2_D10,60181,99,0.340
BL_W120_T2.2_D10,54740,125,0.260
BL_W120_T2.2_D10,61308,95,0.260
BL_W120_T2.2_D10,55790,121,0.126
BL_W120_T2.2_D10,56140,117,0.126
BL_W120_T2.2_D10,62337,89,0.126
BL_W120_T2.2_D10,66943,68,0.050
BL_W120_T2.2_D10,56990,115,0.010
BL_W120_T2.2_D10,63464,83,0.010
BL_W120_T2.2_D15,59090,104,0.420
BL_W120_T2.2_D15,53540,131,0.340
BL_W120_T2.2_D15,60181,99,0.340
BL_W120_T2.2_D15,54740,125,0.260
BL_W120_T2.2_D15,61308,95,0.260
BL_W120_T2.2_D15,55790,121,0.126
BL_W120_T2.2_D15,56140,117,0.126
BL_W120_T2.2_D15,62337,89,0.126
BL_W120_T2.2_D15,66943,68,0.050
BL_W120_T2.2_D15,56990,115,0.010
BL_W120_T2.2_D15,63464,83,0.010
BL_W120_T2.2_D20,59090,104,0.420
BL_W120_T2.2_D20,53540,131,0.340
BL_W120_T2.2_D20,60181,99,0.340
BL_W120_T2.2_D20,54740,125,0.260
BL_W120_T2.2_D20,61308,95,0.260
BL_W120_T2.2_D20,55790,121,0.126
BL_W120_T2.2_D20,56140,117,0.126
BL_W120_T2.2_D20,62337,89,0.126
BL_W120_T2.2_D20,66943,68,0.050
BL_W120_T2.2_D20,56990,115,0.010
BL_W120_T2.2_D20,63464,83,0.010
BL_W120_T2.2_D25,59090,104,0.420
BL_W120_T2.2_D25,53590,131,0.340
BL_W120_T2.2_D25,60181,99,0.340
BL_W120_T2.2_D25,54740,125,0.260
BL_W120_T2.2_D25,61308,95,0.260
BL_W120_T2.2_D25,55790,121,0.126
BL_W120_T2.2_D25,56140,117,0.126
BL_W120_T2.2_D25,62337,89,0.126
BL_W120_T2.2_D25,66943,68,0.050
BL_W120_T2.2_D25,56990,115,0.010
BL_W120_T2.2_D25,63464,83,0.010
BL_W120_T2.2_D30,59090,104,0.420
BL_W120_T2.2_D30,53640,131,0.340
BL_W120_T2.2_D30,60181,99,0.340
BL_W120_T2.2_D30,54790,124,0.260
BL_W120_T2.2_D30,61308,95,0.260
BL_W120_T2.2_D30,55790,121,0.126
BL_W120_T2.2_D30,56140,117,0.126
BL_W120_T2.2_D30,62337,89,0.126
BL_W120_T2.2_D30,66943,68,0.050
BL_W120_T2.2_D30,56990,115,0.010
BL_W120_T2.2_D30,63464,83,0.010
BL_W120_T2.2_D40,59090,104,0.420
BL_W120_T2.2_D40,60181,99,0.340
BL_W120_T2.2_D40,54840,124,0.260
BL_W120_T2.2_D40,61308,95,0.260
BL_W120_T2.2_D40,55790,121,0.126
BL_W120_T2.2_D40,56140,117,0.126
BL_W120_T2.2_D40,62337,89,0.126
BL_W120_T2.2_D40,66943,68,0.050
BL_W120_T2.2_D40,56990,115,0.010
BL_W120_T2.2_D40,63464,83,0.010
BL_W120_T2.4_D2,53490,132,0.340
BL_W120_T2.4_D2,60181,99,0.340
BL_W120_T2.4_D2,54740,125,0.260
BL_W120_T2.4_D2,61308,95,0.260
BL_W120_T2.4_D2,55790,121,0.126
BL_W120_T2.4_D2,56140,117,0.126
BL_W120_T2.4_D2,62337,89,0.126
BL_W120_T2.4_D2,66943,68,0.050
BL_W120_T2.4_D2,56990,115,0.010
BL_W120_T2.4_D2,63464,83,0.010
BL_W120_T2.4_D4,53440,132,0.340
BL_W120_T2.4_D4,60181,99,0.340
BL_W120_T2.4_D4,54740,125,0.260
BL_W120_T2.4_D4,61308,95,0.260
BL_W120_T2.4_D4,55790,121,0.126
BL_W120_T2.4_D4,56140,117,0.126
BL_W120_T2.4_D4,62337,89,0.126
BL_W120_T2.4_D4,66943,68,0.050
BL_W120_T2.4_D4,56990,115,0.010
BL_W120_T2.4_D4,63464,83,0.010
BL_W120_T2.4_D6,52490,137,0.420
BL_W120_T2.4_D6,53490,132,0.340
BL_W120_T2.4_D6,60181,99,0.340
BL_W120_T2.4_D6,54740,125,0.260
BL_W120_T2.4_D6,61308,95,0.260
BL_W120_T2.4_D6,55790,121,0.126
BL_W120_T2.4_D6,56140,117,0.126
BL_W120_T2.4_D6,62337,89,0.126
BL_W120_T2.4_D6,66943,68,0.050
BL_W120_T2.4_D6,56990,115,0.010
BL_W120_T2.4_D6,63464,83,0.010
BL_W120_T2.4_D8,53490,132,0.340
BL_W120_T2.4_D8,60181,99,0.340
BL_W120_T2.4_D8,54740,125,0.260
BL_W120_T2.4_D8,61308,95,0.260
BL_W120_T2.4_D8,55790,121,0.126
BL_W120_T2.4_D8,56140,117,0.126
BL_W120_T2.4_D8,62337,89,0.126
BL_W120_T2.4_D8,66943,68,0.050
BL_W120_T2.4_D8,56990,115,0.010
BL_W120_T2.4_D8,63464,83,0.010
BL_W120_T2.4_D10,53490,132,0.340
BL_W120_T2.4_D10,60181,99,0.340
BL_W120_T2.4_D10,54740,125,0.260
BL_W120_T2.4_D10,61308,95,0.260
BL_W120_T2.4_D10,55790,121,0.126
BL_W120_T2.4_D10,56140,117,0.126
BL_W120_T2.4_D10,62337,89,0.126
BL_W120_T2.4_D10,66943,68,0.050
BL_W120_T2.4_D10,56990,115,0.010
BL_W120_T2.4_D10,63464,83,0.010
BL_W120_T2.4_D15,53540,131,0.340
BL_W120_T2.4_D15,60181,99,0.340
BL_W120_T2.4_D15,54740,125,0.260
BL_W120_T2.4_D15,61308,95,0.260
BL_W120_T2.4_D15,55790,121,0.126
BL_W120_T2.4_D15,56140,117,0.126
BL_W120_T2.4_D15,62337,89,0.126
BL_W120_T2.4_D15,66943,68,0.050
BL_W120_T2.4_D15,56990,115,0.010
BL_W120_T2.4_D15,63464,83,0.010
BL_W120_T2.4_D20,53540,131,0.340
BL_W120_T2.4_D20,60181,99,0.340
BL_W120_T2.4_D20,54740,125,0.260
BL_W120_T2.4_D20,61308,95,0.260
BL_W120_T2.4_D20,55790,121,0.126
BL_W120_T2.4_D20,56140,117,0.126
BL_W120_T2.4_D20,62337,89,0.126
BL_W120_T2.4_D20,66943,68,0.050
BL_W120_T2.4_D20,56990,115,0.010
BL_W120_T2.4_D20,63464,83,0.010
BL_W120_T2.4_D25,53590,131,0.340
BL_W120_T2.4_D25,60181,99,0.340
BL_W120_T2.4_D25,54740,125,0.260
BL_W120_T2.4_D25,61308,95,0.260
BL_W120_T2.4_D25,55790,121,0.126
BL_W120_T2.4_D25,56140,117,0.126
BL_W120_T2.4_D25,62337,89,0.126
BL_W120_T2.4_D25,66943,68,0.050
BL_W120_T2.4_D25,56990,115,0.010
BL_W120_T2.4_D25,63464,83,0.010
BL_W120_T2.4_D30,53640,131,0.340
BL_W120_T2.4_D30,60181,99,0.340
BL_W120_T2.4_D30,54790,124,0.260
BL_W120_T2.4_D30,61308,95,0.260
BL_W120_T2.4_D30,55790,121,0.126
BL_W120_T2.4_D30,56140,117,0.126
BL_W120_T2.4_D30,62337,89,0.126
BL_W120_T2.4_D30,66943,68,0.050
BL_W120_T2.4_D30,56990,115,0.010
BL_W120_T2.4_D30,63464,83,0.010
BL_W120_T2.4_D40,60181,99,0.340
BL_W120_T2.4_D40,54840,124,0.260
BL_W120_T2.4_D40,61308,95,0.260
BL_W120_T2.4_D40,55790,121,0.126
BL_W120_T2.4_D40,56140,117,0.126
BL_W120_T2.4_D40,62337,89,0.126
BL_W120_T2.4_D40,66943,68,0.050
BL_W120_T2.4_D40,56990,115,0.010
BL_W120_T2.4_D40,63464,83,0.010
BL_W120_T2.6_D2,53490,132,0.340
BL_W120_T2.6_D2,54740,125,0.260
BL_W120_T2.6_D2,55790,121,0.126
BL_W120_T2.6_D2,56140,117,0.126
BL_W120_T2.6_D2,62386,89,0.126
BL_W120_T2.6_D2,63464,83,0.050
BL_W120_T2.6_D2,56990,115,0.010
BL_W120_T2.6_D2,60230,99,0.010
BL_W120_T2.6_D4,53440,132,0.340
BL_W120_T2.6_D4,54740,125,0.260
BL_W120_T2.6_D4,55790,121,0.126
BL_W120_T2.6_D4,56140,117,0.126
BL_W120_T2.6_D4,62386,89,0.126
BL_W120_T2.6_D4,63464,83,0.050
BL_W120_T2.6_D4,56990,115,0.010
BL_W120_T2.6_D4,60230,99,0.010
BL_W120_T2.6_D6,52490,137,0.420
BL_W120_T2.6_D6,53490,132,0.340
BL_W120_T2.6_D6,54740,125,0.260
BL_W120_T2.6_D6,55790,121,0.126
BL_W120_T2.6_D6,56140,117,0.126
BL_W120_T2.6_D6,62386,89,0.126
BL_W120_T2.6_D6,63464,83,0.050
BL_W120_T2.6_D6,56990,115,0.010
BL_W120_T2.6_D6,60230,99,0.010
BL_W120_T2.6_D8,53490,132,0.340
BL_W120_T2.6_D8,54740,125,0.260
BL_W120_T2.6_D8,55790,121,0.126
BL_W120_T2.6_D8,56140,117,0.126
BL_W120_T2.6_D8,62386,89,0.126
BL_W120_T2.6_D8,63464,83,0.050
BL_W120_T2.6_D8,56990,115,0.010
BL_W120_T2.6_D8,60230,99,0.010
BL_W120_T2.6_D10,53490,132,0.340
BL_W120_T2.6_D10,54740,125,0.260
BL_W120_T2.6_D10,55790,121,0.126
BL_W120_T2.6_D10,56140,117,0.126
BL_W120_T2.6_D10,62386,89,0.126
BL_W120_T2.6_D10,63464,83,0.050
BL_W120_T2.6_D10,56990,115,0.010
BL_W120_T2.6_D10,60230,99,0.010
BL_W120_T2.6_D15,53540,131,0.340
BL_W120_T2.6_D15,54740,125,0.260
BL_W120_T2.6_D15,55790,121,0.126
BL_W120_T2.6_D15,56140,117,0.126
BL_W120_T2.6_D15,62386,89,0.126
BL_W120_T2.6_D15,63464,83,0.050
BL_W120_T2.6_D15,56990,115,0.010
BL_W120_T2.6_D15,60230,99,0.010
BL_W120_T2.6_D20,53540,131,0.340
BL_W120_T2.6_D20,54740,125,0.260
BL_W120_T2.6_D20,55790,121,0.126
BL_W120_T2.6_D20,56140,117,0.126
BL_W120_T2.6_D20,62386,89,0.126
BL_W120_T2.6_D20,63464,83,0.050
BL_W120_T2.6_D20,56990,115,0.010
BL_W120_T2.6_D20,60230,99,0.010
BL_W120_T2.6_D25,53590,131,0.340
BL_W120_T2.6_D25,54740,125,0.260
BL_W120_T2.6_D25,55790,121,0.126
BL_W120_T2.6_D25,56140,117,0.126
BL_W120_T2.6_D25,62386,89,0.126
BL_W120_T2.6_D25,63464,83,0.050
BL_W120_T2.6_D25,56990,115,0.010
BL_W120_T2.6_D25,60230,99,0.010
BL_W120_T2.6_D30,53640,131,0.340
BL_W120_T2.6_D30,54790,124,0.260
BL_W120_T2.6_D30,55790,121,0.126
BL_W120_T2.6_D30,56140,117,0.126
BL_W120_T2.6_D30,62386,89,0.126
BL_W120_T2.6_D30,63464,83,0.050
BL_W120_T2.6_D30,56990,115,0.010
BL_W120_T2.6_D30,60230,99,0.010
BL_W120_T2.6_D40,54840,124,0.260
BL_W120_T2.6_D40,55790,121,0.126
BL_W120_T2.6_D40,56140,117,0.126
BL_W120_T2.6_D40,62386,89,0.126
BL_W120_T2.6_D40,63464,83,0.050
BL_W120_T2.6_D40,56990,115,0.010
BL_W120_T2.6_D40,60230,99,0.010
BL_W120_T2.8_D2,53490,132,0.340
BL_W120_T2.8_D2,54790,124,0.260
BL_W120_T2.8_D2,55790,121,0.126
BL_W120_T2.8_D2,56140,117,0.126
BL_W120_T2.8_D2,63513,83,0.050
BL_W120_T2.8_D2,56990,115,0.010
BL_W120_T2.8_D2,60230,99,0.010
BL_W120_T2.8_D4,53440,132,0.340
BL_W120_T2.8_D4,54790,124,0.260
BL_W120_T2.8_D4,55790,121,0.126
BL_W120_T2.8_D4,56140,117,0.126
BL_W120_T2.8_D4,63513,83,0.050
BL_W120_T2.8_D4,56990,115,0.010
BL_W120_T2.8_D4,60230,99,0.010
BL_W120_T2.8_D6,52490,137,0.420
BL_W120_T2.8_D6,53490,132,0.340
BL_W120_T2.8_D6,54790,124,0.260
BL_W120_T2.8_D6,55790,121,0.126
BL_W120_T2.8_D6,56140,117,0.126
BL_W120_T2.8_D6,63513,83,0.050
BL_W120_T2.8_D6,56990,115,0.010
BL_W120_T2.8_D6,60230,99,0.010
BL_W120_T2.8_D8,53490,132,0.340
BL_W120_T2.8_D8,54790,124,0.260
BL_W120_T2.8_D8,55790,121,0.126
BL_W120_T2.8_D8,56140,117,0.126
BL_W120_T2.8_D8,63513,83,0.050
BL_W120_T2.8_D8,56990,115,0.010
BL_W120_T2.8_D8,60230,99,0.010
BL_W120_T2.8_D10,53490,132,0.340
BL_W120_T2.8_D10,54790,124,0.260
BL_W120_T2.8_D10,55790,121,0.126
BL_W120_T2.8_D10,56140,117,0.126
BL_W120_T2.8_D10,63513,83,0.050
BL_W120_T2.8_D10,56990,115,0.010
BL_W120_T2.8_D10,60230,99,0.010
BL_W120_T2.8_D15,53540,131,0.340
BL_W120_T2.8_D15,54740,125,0.260
BL_W120_T2.8_D15,55790,121,0.126
BL_W120_T2.8_D15,56140,117,0.126
BL_W120_T2.8_D15,63513,83,0.050
BL_W120_T2.8_D15,56990,115,0.010
BL_W120_T2.8_D15,60230,99,0.010
BL_W120_T2.8_D20,53540,131,0.340
BL_W120_T2.8_D20,54740,125,0.260
BL_W120_T2.8_D20,55790,121,0.126
BL_W120_T2.8_D20,56140,117,0.126
BL_W120_T2.8_D20,63513,83,0.050
BL_W120_T2.8_D20,56990,115,0.010
BL_W120_T2.8_D20,60230,99,0.010
BL_W120_T2.8_D25,53590,131,0.340
BL_W120_T2.8_D25,54740,125,0.260
BL_W120_T2.8_D25,55790,121,0.126
BL_W120_T2.8_D25,56140,117,0.126
BL_W120_T2.8_D25,63513,83,0.050
BL_W120_T2.8_D25,56990,115,0.010
BL_W120_T2.8_D25,60230,99,0.010
BL_W120_T2.8_D30,53640,131,0.340
BL_W120_T2.8_D30,54790,124,0.260
BL_W120_T2.8_D30,55790,121,0.126
BL_W120_T2.8_D30,56140,117,0.126
BL_W120_T2.8_D30,63513,83,0.050
BL_W120_T2.8_D30,56990,115,0.010
BL_W120_T2.8_D30,60230,99,0.010
BL_W120_T2.8_D40,54840,124,0.260
BL_W120_T2.8_D40,55790,121,0.126
BL_W120_T2.8_D40,56140,117,0.126
BL_W120_T2.8_D40,63513,83,0.050
BL_W120_T2.8_D40,56990,115,0.010
BL_W120_T2.8_D40,60230,99,0.010
BL_W120_T3.0_D2,53540,131,0.340
BL_W120_T3.0_D2,54790,124,0.260
BL_W120_T3.0_D2,55790,121,0.126
BL_W120_T3.0_D2,56140,117,0.126
BL_W120_T3.0_D2,56990,115,0.050
BL_W120_T3.0_D4,53440,132,0.340
BL_W120_T3.0_D4,54790,124,0.260
BL_W120_T3.0_D4,55790,121,0.126
BL_W120_T3.0_D4,56140,117,0.126
BL_W120_T3.0_D4,56990,115,0.050
BL_W120_T3.0_D6,52490,137,0.420
BL_W120_T3.0_D6,53490,132,0.340
BL_W120_T3.0_D6,54790,124,0.260
BL_W120_T3.0_D6,55790,121,0.126
BL_W120_T3.0_D6,56140,117,0.126
BL_W120_T3.0_D6,56990,115,0.050
BL_W120_T3.0_D8,53490,132,0.340
BL_W120_T3.0_D8,54790,124,0.260
BL_W120_T3.0_D8,55790,121,0.126
BL_W120_T3.0_D8,56140,117,0.126
BL_W120_T3.0_D8,56990,115,0.050
BL_W120_T3.0_D10,53490,132,0.340
BL_W120_T3.0_D10,54790,124,0.260
BL_W120_T3.0_D10,55790,121,0.126
BL_W120_T3.0_D10,56140,117,0.126
BL_W120_T3.0_D10,56990,115,0.050
BL_W120_T3.0_D15,53540,131,0.340
BL_W120_T3.0_D15,54740,125,0.260
BL_W120_T3.0_D15,55790,121,0.126
BL_W120_T3.0_D15,56140,117,0.126
BL_W120_T3.0_D15,56990,115,0.050
BL_W120_T3.0_D20,53540,131,0.340
BL_W120_T3.0_D20,54740,125,0.260
BL_W120_T3.0_D20,55790,121,0.126
BL_W120_T3.0_D20,56140,117,0.126
BL_W120_T3.0_D20,56990,115,0.050
BL_W120_T3.0_D25,53590,131,0.340
BL_W120_T3.0_D25,54740,125,0.260
BL_W120_T3.0_D25,55790,121,0.126
BL_W120_T3.0_D25,56140,117,0.126
BL_W120_T3.0_D25,56990,115,0.050
BL_W120_T3.0_D30,53640,131,0.340
BL_W120_T3.0_D30,54790,124,0.260
BL_W120_T3.0_D30,55790,121,0.126
BL_W120_T3.0_D30,56140,117,0.126
BL_W120_T3.0_D30,56990,115,0.050
BL_W120_T3.0_D40,54840,124,0.260
BL_W120_T3.0_D40,55790,121,0.126
BL_W120_T3.0_D40,56140,117,0.126
BL_W120_T3.0_D40,56990,115,0.050
BL_W130_T1.0_D2,51540,143,1.200
BL_W130_T1.0_D2,52440,137,1.140
BL_W130_T1.0_D2,53440,132,1.060
BL_W130_T1.0_D2,53790,130,1.060
BL_W130_T1.0_D2,54690,125,0.980
BL_W130_T1.0_D2,55040,123,0.980
BL_W130_T1.0_D2,55740,122,0.900
BL_W130_T1.0_D2,56090,117,0.900
BL_W130_T1.0_D2,56940,116,0.820
BL_W130_T1.0_D2,58040,110,0.740
BL_W130_T1.0_D2,59040,105,0.660
BL_W130_T1.0_D2,60132,100,0.580
BL_W130_T1.0_D2,61210,96,0.500
BL_W130_T1.0_D2,62288,89,0.420
BL_W130_T1.0_D2,63366,84,0.340
BL_W130_T1.0_D2,64591,79,0.260
BL_W130_T1.0_D2,65767,74,0.126
BL_W130_T1.0_D2,66845,69,0.050
BL_W130_T1.0_D4,51540,143,1.200
BL_W130_T1.0_D4,52440,137,1.140
BL_W130_T1.0_D4,53440,132,1.060
BL_W130_T1.0_D4,53790,130,1.060
BL_W130_T1.0_D4,54690,125,0.980
BL_W130_T1.0_D4,55040,123,0.980
BL_W130_T1.0_D4,55740,122,0.900
BL_W130_T1.0_D4,56090,117,0.900
BL_W130_T1.0_D4,56940,116,0.820
BL_W130_T1.0_D4,58040,110,0.740
BL_W130_T1.0_D4,59040,105,0.660
BL_W130_T1.0_D4,60132,100,0.580
BL_W130_T1.0_D4,61210,96,0.500
BL_W130_T1.0_D4,62288,89,0.420
BL_W130_T1.0_D4,63366,84,0.340
BL_W130_T1.0_D4,64591,79,0.260
BL_W130_T1.0_D4,65767,74,0.126
BL_W130_T1.0_D4,66845,69,0.050
BL_W130_T1.0_D6,51540,143,1.200
BL_W130_T1.0_D6,52490,137,1.140
BL_W130_T1.0_D6,53490,132,1.060
BL_W130_T1.0_D6,53840,130,1.060
BL_W130_T1.0_D6,54690,125,0.980
BL_W130_T1.0_D6,55040,123,0.980
BL_W130_T1.0_D6,55740,122,0.900
BL_W130_T1.0_D6,56090,117,0.900
BL_W130_T1.0_D6,56940,116,0.820
BL_W130_T1.0_D6,58040,110,0.740
BL_W130_T1.0_D6,59040,105,0.660
BL_W130_T1.0_D6,60132,100,0.580
BL_W130_T1.0_D6,61210,96,0.500
BL_W130_T1.0_D6,62288,89,0.420
BL_W130_T1.0_D6,63366,84,0.340
BL_W130_T1.0_D6,64591,79,0.260
BL_W130_T1.0_D6,65767,74,0.126
BL_W130_T1.0_D6,66845,69,0.050
BL_W130_T1.0_D8,53490,132,1.060
BL_W130_T1.0_D8,54690,125,0.980
BL_W130_T1.0_D8,55040,123,0.980
BL_W130_T1.0_D8,55740,122,0.900
BL_W130_T1.0_D8,56090,117,0.900
BL_W130_T1.0_D8,56940,116,0.820
BL_W130_T1.0_D8,58040,110,0.740
BL_W130_T1.0_D8,59040,105,0.660
BL_W130_T1.0_D8,60132,100,0.580
BL_W130_T1.0_D8,61210,96,0.500
BL_W130_T1.0_D8,62288,89,0.420
BL_W130_T1.0_D8,63366,84,0.340
BL_W130_T1.0_D8,64591,79,0.260
BL_W130_T1.0_D8,65767,74,0.126
BL_W130_T1.0_D8,66845,69,0.050
BL_W130_T1.0_D10,53490,132,1.060
BL_W130_T1.0_D10,54690,125,0.980
BL_W130_T1.0_D10,55040,123,0.980
BL_W130_T1.0_D10,55740,122,0.900
BL_W130_T1.0_D10,56090,117,0.900
BL_W130_T1.0_D10,56940,116,0.820
BL_W130_T1.0_D10,58040,110,0.740
BL_W130_T1.0_D10,59040,105,0.660
BL_W130_T1.0_D10,60132,100,0.580
BL_W130_T1.0_D10,61210,96,0.500
BL_W130_T1.0_D10,62288,89,0.420
BL_W130_T1.0_D10,63366,84,0.340
BL_W130_T1.0_D10,64591,79,0.260
BL_W130_T1.0_D10,65767,74,0.126
BL_W130_T1.0_D10,66845,69,0.050
BL_W130_T1.0_D15,53540,131,1.060
BL_W130_T1.0_D15,54740,125,0.980
BL_W130_T1.0_D15,55740,122,0.900
BL_W130_T1.0_D15,56090,117,0.900
BL_W130_T1.0_D15,56940,116,0.820
BL_W130_T1.0_D15,58040,110,0.740
BL_W130_T1.0_D15,59040,105,0.660
BL_W130_T1.0_D15,60132,100,0.580
BL_W130_T1.0_D15,61210,96,0.500
BL_W130_T1.0_D15,62288,89,0.420
BL_W130_T1.0_D15,63366,84,0.340
BL_W130_T1.0_D15,64591,79,0.260
BL_W130_T1.0_D15,65767,74,0.126
BL_W130_T1.0_D15,66845,69,0.050
BL_W130_T1.0_D20,53540,131,1.060
BL_W130_T1.0_D20,54740,125,0.980
BL_W130_T1.0_D20,55790,121,0.900
BL_W130_T1.0_D20,56140,117,0.900
BL_W130_T1.0_D20,56940,116,0.820
BL_W130_T1.0_D20,58040,110,0.740
BL_W130_T1.0_D20,59040,105,0.660
BL_W130_T1.0_D20,60132,100,0.580
BL_W130_T1.0_D20,61210,96,0.500
BL_W130_T1.0_D20,62288,89,0.420
BL_W130_T1.0_D20,63366,84,0.340
BL_W130_T1.0_D20,64591,79,0.260
BL_W130_T1.0_D20,65767,74,0.126
BL_W130_T1.0_D20,66845,69,0.050
BL_W130_T1.0_D25,53590,131,1.060
BL_W130_T1.0_D25,54740,125,0.980
BL_W130_T1.0_D25,55790,121,0.900
BL_W130_T1.0_D25,56140,117,0.900
BL_W130_T1.0_D25,56940,116,0.820
BL_W130_T1.0_D25,58040,110,0.740
BL_W130_T1.0_D25,59040,105,0.660
BL_W130_T1.0_D25,60132,100,0.580
BL_W130_T1.0_D25,61210,96,0.500
BL_W130_T1.0_D25,62288,89,0.420
BL_W130_T1.0_D25,63366,84,0.340
BL_W130_T1.0_D25,64591,79,0.260
BL_W130_T1.0_D25,65767,74,0.126
BL_W130_T1.0_D25,66845,69,0.050
BL_W130_T1.0_D30,53640,131,1.060
BL_W130_T1.0_D30,54790,124,0.980
BL_W130_T1.0_D30,55790,121,0.900
BL_W130_T1.0_D30,56140,117,0.900
BL_W130_T1.0_D30,56940,116,0.820
BL_W130_T1.0_D30,58040,110,0.740
BL_W130_T1.0_D30,59040,105,0.660
BL_W130_T1.0_D30,60132,100,0.580
BL_W130_T1.0_D30,61210,96,0.500
BL_W130_T1.0_D30,62288,89,0.420
BL_W130_T1.0_D30,63366,84,0.340
BL_W130_T1.0_D30,64591,79,0.260
BL_W130_T1.0_D30,65767,74,0.126
BL_W130_T1.0_D30,66845,69,0.050
BL_W130_T1.0_D40,54840,124,0.980
BL_W130_T1.0_D40,55790,121,0.900
BL_W130_T1.0_D40,56140,117,0.900
BL_W130_T1.0_D40,56940,116,0.820
BL_W130_T1.0_D40,58040,110,0.740
BL_W130_T1.0_D40,59040,105,0.660
BL_W130_T1.0_D40,60132,100,0.580
BL_W130_T1.0_D40,61210,96,0.500
BL_W130_T1.0_D40,62288,89,0.420
BL_W130_T1.0_D40,63366,84,0.340
BL_W130_T1.0_D40,64591,79,0.260
BL_W130_T1.0_D40,65767,74,0.126
BL_W130_T1.0_D40,66845,69,0.050
BL_W130_T1.2_D2,52490,137,1.140
BL_W130_T1.2_D2,53490,132,1.060
BL_W130_T1.2_D2,54690,125,0.980
BL_W130_T1.2_D2,55040,123,0.980
BL_W130_T1.2_D2,55790,121,0.900
BL_W130_T1.2_D2,56140,117,0.900
BL_W130_T1.2_D2,56940,116,0.820
BL_W130_T1.2_D2,58040,110,0.740
BL_W130_T1.2_D2,59040,105,0.660
BL_W130_T1.2_D2,60132,100,0.580
BL_W130_T1.2_D2,61259,95,0.500
BL_W130_T1.2_D2,62288,89,0.420
BL_W130_T1.2_D2,63366,84,0.340
BL_W130_T1.2_D2,64640,78,0.260
BL_W130_T1.2_D2,65767,74,0.126
BL_W130_T1.2_D2,66845,69,0.050
BL_W130_T1.2_D4,52490,137,1.140
BL_W130_T1.2_D4,53490,132,1.060
BL_W130_T1.2_D4,54690,125,0.980
BL_W130_T1.2_D4,55040,123,0.980
BL_W130_T1.2_D4,55790,121,0.900
BL_W130_T1.2_D4,56140,117,0.900
BL_W130_T1.2_D4,56940,116,0.820
BL_W130_T1.2_D4,58040,110,0.740
BL_W130_T1.2_D4,59040,105,0.660
BL_W130_T1.2_D4,60132,100,0.580
BL_W130_T1.2_D4,61259,95,0.500
BL_W130_T1.2_D4,62288,89,0.420
BL_W130_T1.2_D4,63366,84,0.340
BL_W130_T1.2_D4,64640,78,0.260
BL_W130_T1.2_D4,65767,74,0.126
BL_W130_T1.2_D4,66845,69,0.050
BL_W130_T1.2_D6,52490,137,1.140
BL_W130_T1.2_D6,53490,132,1.060
BL_W130_T1.2_D6,54690,125,0.980
BL_W130_T1.2_D6,55040,123,0.980
BL_W130_T1.2_D6,55790,121,0.900
BL_W130_T1.2_D6,56140,117,0.900
BL_W130_T1.2_D6,56940,116,0.820
BL_W130_T1.2_D6,58040,110,0.740
BL_W130_T1.2_D6,59040,105,0.660
BL_W130_T1.2_D6,60132,100,0.580
BL_W130_T1.2_D6,61259,95,0.500
BL_W130_T1.2_D6,62288,89,0.420
BL_W130_T1.2_D6,63366,84,0.340
BL_W130_T1.2_D6,64640,78,0.260
BL_W130_T1.2_D6,65767,74,0.126
BL_W130_T1.2_D6,66845,69,0.050
BL_W130_T1.2_D8,53490,132,1.060
BL_W130_T1.2_D8,54690,125,0.980
BL_W130_T1.2_D8,55040,123,0.980
BL_W130_T1.2_D8,55790,121,0.900
BL_W130_T1.2_D8,56140,117,0.900
BL_W130_T1.2_D8,56940,116,0.820
BL_W130_T1.2_D8,58040,110,0.740
BL_W130_T1.2_D8,59040,105,0.660
BL_W130_T1.2_D8,60132,100,0.580
BL_W130_T1.2_D8,61259,95,0.500
BL_W130_T1.2_D8,62288,89,0.420
BL_W130_T1.2_D8,63366,84,0.340
BL_W130_T1.2_D8,64640,78,0.260
BL_W130_T1.2_D8,65767,74,0.126
BL_W130_T1.2_D8,66845,69,0.050
BL_W130_T1.2_D10,53490,132,1.060
BL_W130_T1.2_D10,54690,125,0.980
BL_W130_T1.2_D10,55040,123,0.980
BL_W130_T1.2_D10,55790,121,0.900
BL_W130_T1.2_D10,56140,117,0.900
BL_W130_T1.2_D10,56940,116,0.820
BL_W130_T1.2_D10,58040,110,0.740
BL_W130_T1.2_D10,59040,105,0.660
BL_W130_T1.2_D10,60132,100,0.580
BL_W130_T1.2_D10,61259,95,0.500
BL_W130_T1.2_D10,62288,89,0.420
BL_W130_T1.2_D10,63366,84,0.340
BL_W130_T1.2_D10,64640,78,0.260
BL_W130_T1.2_D10,65767,74,0.126
BL_W130_T1.2_D10,66845,69,0.050
BL_W130_T1.2_D15,53540,131,1.060
BL_W130_T1.2_D15,54740,125,0.980
BL_W130_T1.2_D15,55790,121,0.900
BL_W130_T1.2_D15,56140,117,0.900
BL_W130_T1.2_D15,56940,116,0.820
BL_W130_T1.2_D15,58040,110,0.740
BL_W130_T1.2_D15,59040,105,0.660
BL_W130_T1.2_D15,60132,100,0.580
BL_W130_T1.2_D15,61259,95,0.500
BL_W130_T1.2_D15,62288,89,0.420
BL_W130_T1.2_D15,63366,84,0.340
BL_W130_T1.2_D15,64640,78,0.260
BL_W130_T1.2_D15,65767,74,0.126
BL_W130_T1.2_D15,66845,69,0.050
BL_W130_T1.2_D20,53540,131,1.060
BL_W130_T1.2_D20,54740,125,0.980
BL_W130_T1.2_D20,55790,121,0.900
BL_W130_T1.2_D20,56140,117,0.900
BL_W130_T1.2_D20,56940,116,0.820
BL_W130_T1.2_D20,58040,110,0.740
BL_W130_T1.2_D20,59040,105,0.660
BL_W130_T1.2_D20,60132,100,0.580
BL_W130_T1.2_D20,61259,95,0.500
BL_W130_T1.2_D20,62288,89,0.420
BL_W130_T1.2_D20,63366,84,0.340
BL_W130_T1.2_D20,64640,78,0.260
BL_W130_T1.2_D20,65767,74,0.126
BL_W130_T1.2_D20,66845,69,0.050
BL_W130_T1.2_D25,53590,131,1.060
BL_W130_T1.2_D25,54740,125,0.980
BL_W130_T1.2_D25,55790,121,0.900
BL_W130_T1.2_D25,56140,117,0.900
BL_W130_T1.2_D25,56940,116,0.820
BL_W130_T1.2_D25,58040,110,0.740
BL_W130_T1.2_D25,59040,105,0.660
BL_W130_T1.2_D25,60132,100,0.580
BL_W130_T1.2_D25,61259,95,0.500
BL_W130_T1.2_D25,62288,89,0.420
BL_W130_T1.2_D25,63366,84,0.340
BL_W130_T1.2_D25,64640,78,0.260
BL_W130_T1.2_D25,65767,74,0.126
BL_W130_T1.2_D25,66845,69,0.050
BL_W130_T1.2_D30,53640,131,1.060
BL_W130_T1.2_D30,54790,124,0.980
BL_W130_T1.2_D30,55790,121,0.900
BL_W130_T1.2_D30,56140,117,0.900
BL_W130_T1.2_D30,56940,116,0.820
BL_W130_T1.2_D30,58040,110,0.740
BL_W130_T1.2_D30,59040,105,0.660
BL_W130_T1.2_D30,60132,100,0.580
BL_W130_T1.2_D30,61259,95,0.500
BL_W130_T1.2_D30,62288,89,0.420
BL_W130_T1.2_D30,63366,84,0.340
BL_W130_T1.2_D30,64640,78,0.260
BL_W130_T1.2_D30,65767,74,0.126
BL_W130_T1.2_D30,66845,69,0.050
BL_W130_T1.2_D40,54840,124,0.980
BL_W130_T1.2_D40,55790,121,0.900
BL_W130_T1.2_D40,56140,117,0.900
BL_W130_T1.2_D40,56940,116,0.820
BL_W130_T1.2_D40,58040,110,0.740
BL_W130_T1.2_D40,59040,105,0.660
BL_W130_T1.2_D40,60132,100,0.580
BL_W130_T1.2_D40,61259,95,0.500
BL_W130_T1.2_D40,62288,89,0.420
BL_W130_T1.2_D40,63366,84,0.340
BL_W130_T1.2_D40,64640,78,0.260
BL_W130_T1.2_D40,65767,74,0.126
BL_W130_T1.2_D40,66845,69,0.050
BL_W130_T1.4_D2,53490,132,1.060
BL_W130_T1.4_D2,54740,125,0.980
BL_W130_T1.4_D2,55790,121,0.900
BL_W130_T1.4_D2,56140,117,0.900
BL_W130_T1.4_D2,56940,116,0.820
BL_W130_T1.4_D2,58090,109,0.740
BL_W130_T1.4_D2,59040,105,0.660
BL_W130_T1.4_D2,60132,100,0.580
BL_W130_T1.4_D2,61259,95,0.500
BL_W130_T1.4_D2,62288,89,0.420
BL_W130_T1.4_D2,63415,83,0.340
BL_W130_T1.4_D2,64640,78,0.260
BL_W130_T1.4_D2,65767,74,0.126
BL_W130_T1.4_D2,66845,69,0.050
BL_W130_T1.4_D4,53490,132,1.060
BL_W130_T1.4_D4,54740,125,0.980
BL_W130_T1.4_D4,55790,121,0.900
BL_W130_T1.4_D4,56140,117,0.900
BL_W130_T1.4_D4,56940,116,0.820
BL_W130_T1.4_D4,58090,109,0.740
BL_W130_T1.4_D4,59040,105,0.660
BL_W130_T1.4_D4,60132,100,0.580
BL_W130_T1.4_D4,61259,95,0.500
BL_W130_T1.4_D4,62288,89,0.420
BL_W130_T1.4_D4,63415,83,0.340
BL_W130_T1.4_D4,64640,78,0.260
BL_W130_T1.4_D4,65767,74,0.126
BL_W130_T1.4_D4,66845,69,0.050
BL_W130_T1.4_D6,52490,137,1.140
BL_W130_T1.4_D6,53490,132,1.060
BL_W130_T1.4_D6,54740,125,0.980
BL_W130_T1.4_D6,55790,121,0.900
BL_W130_T1.4_D6,56140,117,0.900
BL_W130_T1.4_D6,56940,116,0.820
BL_W130_T1.4_D6,58090,109,0.740
BL_W130_T1.4_D6,59040,105,0.660
BL_W130_T1.4_D6,60132,100,0.580
BL_W130_T1.4_D6,61259,95,0.500
BL_W130_T1.4_D6,62288,89,0.420
BL_W130_T1.4_D6,63415,83,0.340
BL_W130_T1.4_D6,64640,78,0.260
BL_W130_T1.4_D6,65767,74,0.126
BL_W130_T1.4_D6,66845,69,0.050
BL_W130_T1.4_D8,53490,132,1.060
BL_W130_T1.4_D8,54740,125,0.980
BL_W130_T1.4_D8,55790,121,0.900
BL_W130_T1.4_D8,56140,117,0.900
BL_W130_T1.4_D8,56940,116,0.820
BL_W130_T1.4_D8,58090,109,0.740
BL_W130_T1.4_D8,59040,105,0.660
BL_W130_T1.4_D8,60132,100,0.580
BL_W130_T1.4_D8,61259,95,0.500
BL_W130_T1.4_D8,62288,89,0.420
BL_W130_T1.4_D8,63415,83,0.340
BL_W130_T1.4_D8,64640,78,0.260
BL_W130_T1.4_D8,65767,74,0.126
BL_W130_T1.4_D8,66845,69,0.050
BL_W130_T1.4_D10,53490,132,1.060
BL_W130_T1.4_D10,54690,125,0.980
BL_W130_T1.4_D10,55040,123,0.980
BL_W130_T1.4_D10,55790,121,0.900
BL_W130_T1.4_D10,56140,117,0.900
BL_W130_T1.4_D10,56940,116,0.820
BL_W130_T1.4_D10,58090,109,0.740
BL_W130_T1.4_D10,59040,105,0.660
BL_W130_T1.4_D10,60132,100,0.580
BL_W130_T1.4_D10,61259,95,0.500
BL_W130_T1.4_D10,62288,89,0.420
BL_W130_T1.4_D10,63415,83,0.340
BL_W130_T1.4_D10,64640,78,0.260
BL_W130_T1.4_D10,65767,74,0.126
BL_W130_T1.4_D10,66845,69,0.050
BL_W130_T1.4_D15,53540,131,1.060
BL_W130_T1.4_D15,54740,125,0.980
BL_W130_T1.4_D15,55790,121,0.900
BL_W130_T1.4_D15,56140,117,0.900
BL_W130_T1.4_D15,56940,116,0.820
BL_W130_T1.4_D15,58090,109,0.740
BL_W130_T1.4_D15,59040,105,0.660
BL_W130_T1.4_D15,60132,100,0.580
BL_W130_T1.4_D15,61259,95,0.500
BL_W130_T1.4_D15,62288,89,0.420
BL_W130_T1.4_D15,63415,83,0.340
BL_W130_T1.4_D15,64640,78,0.260
BL_W130_T1.4_D15,65767,74,0.126
BL_W130_T1.4_D15,66845,69,0.050
BL_W130_T1.4_D20,53540,131,1.060
BL_W130_T1.4_D20,54740,125,0.980
BL_W130_T1.4_D20,55790,121,0.900
BL_W130_T1.4_D20,56140,117,0.900
BL_W130_T1.4_D20,56940,116,0.820
BL_W130_T1.4_D20,58090,109,0.740
BL_W130_T1.4_D20,59040,105,0.660
BL_W130_T1.4_D20,60132,100,0.580
BL_W130_T1.4_D20,61259,95,0.500
BL_W130_T1.4_D20,62288,89,0.420
BL_W130_T1.4_D20,63415,83,0.340
BL_W130_T1.4_D20,64640,78,0.260
BL_W130_T1.4_D20,65767,74,0.126
BL_W130_T1.4_D20,66845,69,0.050
BL_W130_T1.4_D25,53590,131,1.060
BL_W130_T1.4_D25,54740,125,0.980
BL_W130_T1.4_D25,55790,121,0.900
BL_W130_T1.4_D25,56140,117,0.900
BL_W130_T1.4_D25,56940,116,0.820
BL_W130_T1.4_D25,58090,109,0.740
BL_W130_T1.4_D25,59040,105,0.660
BL_W130_T1.4_D25,60132,100,0.580
BL_W130_T1.4_D25,61259,95,0.500
BL_W130_T1.4_D25,62288,89,0.420
BL_W130_T1.4_D25,63415,83,0.340
BL_W130_T1.4_D25,64640,78,0.260
BL_W130_T1.4_D25,65767,74,0.126
BL_W130_T1.4_D25,66845,69,0.050
BL_W130_T1.4_D30,53640,131,1.060
BL_W130_T1.4_D30,54790,124,0.980
BL_W130_T1.4_D30,55790,121,0.900
BL_W130_T1.4_D30,56140,117,0.900
BL_W130_T1.4_D30,56940,116,0.820
BL_W130_T1.4_D30,58090,109,0.740
BL_W130_T1.4_D30,59040,105,0.660
BL_W130_T1.4_D30,60132,100,0.580
BL_W130_T1.4_D30,61259,95,0.500
BL_W130_T1.4_D30,62288,89,0.420
BL_W130_T1.4_D30,63415,83,0.340
BL_W130_T1.4_D30,64640,78,0.260
BL_W130_T1.4_D30,65767,74,0.126
BL_W130_T1.4_D30,66845,69,0.050
BL_W130_T1.4_D40,54840,124,0.980
BL_W130_T1.4_D40,55790,121,0.900
BL_W130_T1.4_D40,56140,117,0.900
BL_W130_T1.4_D40,56940,116,0.820
BL_W130_T1.4_D40,58090,109,0.740
BL_W130_T1.4_D40,59040,105,0.660
BL_W130_T1.4_D40,60132,100,0.580
BL_W130_T1.4_D40,61259,95,0.500
BL_W130_T1.4_D40,62288,89,0.420
BL_W130_T1.4_D40,63415,83,0.340
BL_W130_T1.4_D40,64640,78,0.260
BL_W130_T1.4_D40,65767,74,0.126
BL_W130_T1.4_D40,66845,69,0.050
BL_W130_T1.6_D2,53490,132,1.060
BL_W130_T1.6_D2,54740,125,0.980
BL_W130_T1.6_D2,55790,121,0.900
BL_W130_T1.6_D2,56140,117,0.900
BL_W130_T1.6_D2,56940,116,0.820
BL_W130_T1.6_D2,58090,109,0.740
BL_W130_T1.6_D2,59040,105,0.660
BL_W130_T1.6_D2,60132,100,0.580
BL_W130_T1.6_D2,61259,95,0.500
BL_W130_T1.6_D2,62337,89,0.420
BL_W130_T1.6_D2,63415,83,0.340
BL_W130_T1.6_D2,64640,78,0.260
BL_W130_T1.6_D2,65767,74,0.126
BL_W130_T1.6_D2,66894,69,0.050
BL_W130_T1.6_D4,53490,132,1.060
BL_W130_T1.6_D4,54740,125,0.980
BL_W130_T1.6_D4,55790,121,0.900
BL_W130_T1.6_D4,56140,117,0.900
BL_W130_T1.6_D4,56940,116,0.820
BL_W130_T1.6_D4,58090,109,0.740
BL_W130_T1.6_D4,59040,105,0.660
BL_W130_T1.6_D4,60132,100,0.580
BL_W130_T1.6_D4,61259,95,0.500
BL_W130_T1.6_D4,62337,89,0.420
BL_W130_T1.6_D4,63415,83,0.340
BL_W130_T1.6_D4,64640,78,0.260
BL_W130_T1.6_D4,65767,74,0.126
BL_W130_T1.6_D4,66894,69,0.050
BL_W130_T1.6_D6,52490,137,1.140
BL_W130_T1.6_D6,53490,132,1.060
BL_W130_T1.6_D6,54740,125,0.980
BL_W130_T1.6_D6,55790,121,0.900
BL_W130_T1.6_D6,56140,117,0.900
BL_W130_T1.6_D6,56940,116,0.820
BL_W130_T1.6_D6,58090,109,0.740
BL_W130_T1.6_D6,59040,105,0.660
BL_W130_T1.6_D6,60132,100,0.580
BL_W130_T1.6_D6,61259,95,0.500
BL_W130_T1.6_D6,62337,89,0.420
BL_W130_T1.6_D6,63415,83,0.340
BL_W130_T1.6_D6,64640,78,0.260
BL_W130_T1.6_D6,65767,74,0.126
BL_W130_T1.6_D6,66894,69,0.050
BL_W130_T1.6_D8,53490,132,1.060
BL_W130_T1.6_D8,54740,125,0.980
BL_W130_T1.6_D8,55790,121,0.900
BL_W130_T1.6_D8,56140,117,0.900
BL_W130_T1.6_D8,56940,116,0.820
BL_W130_T1.6_D8,58090,109,0.740
BL_W130_T1.6_D8,59040,105,0.660
BL_W130_T1.6_D8,60132,100,0.580
BL_W130_T1.6_D8,61259,95,0.500
BL_W130_T1.6_D8,62337,89,0.420
BL_W130_T1.6_D8,63415,83,0.340
BL_W130_T1.6_D8,64640,78,0.260
BL_W130_T1.6_D8,65767,74,0.126
BL_W130_T1.6_D8,66894,69,0.050
BL_W130_T1.6_D10,53490,132,1.060
BL_W130_T1.6_D10,54690,125,0.980
BL_W130_T1.6_D10,55040,123,0.980
BL_W130_T1.6_D10,55790,121,0.900
BL_W130_T1.6_D10,56140,117,0.900
BL_W130_T1.6_D10,56940,116,0.820
BL_W130_T1.6_D10,58090,109,0.740
BL_W130_T1.6_D10,59040,105,0.660
BL_W130_T1.6_D10,60132,100,0.580
BL_W130_T1.6_D10,61259,95,0.500
BL_W130_T1.6_D10,62337,89,0.420
BL_W130_T1.6_D10,63415,83,0.340
BL_W130_T1.6_D10,64640,78,0.260
BL_W130_T1.6_D10,65767,74,0.126
BL_W130_T1.6_D10,66894,69,0.050
BL_W130_T1.6_D15,53540,131,1.060
BL_W130_T1.6_D15,54740,125,0.980
BL_W130_T1.6_D15,55790,121,0.900
BL_W130_T1.6_D15,56140,117,0.900
BL_W130_T1.6_D15,56940,116,0.820
BL_W130_T1.6_D15,58090,109,0.740
BL_W130_T1.6_D15,59040,105,0.660
BL_W130_T1.6_D15,60132,100,0.580
BL_W130_T1.6_D15,61259,95,0.500
BL_W130_T1.6_D15,62337,89,0.420
BL_W130_T1.6_D15,63415,83,0.340
BL_W130_T1.6_D15,64640,78,0.260
BL_W130_T1.6_D15,65767,74,0.126
BL_W130_T1.6_D15,66894,69,0.050
BL_W130_T1.6_D20,53540,131,1.060
BL_W130_T1.6_D20,54740,125,0.980
BL_W130_T1.6_D20,55790,121,0.900
BL_W130_T1.6_D20,56140,117,0.900
BL_W130_T1.6_D20,56940,116,0.820
BL_W130_T1.6_D20,58090,109,0.740
BL_W130_T1.6_D20,59040,105,0.660
BL_W130_T1.6_D20,60132,100,0.580
BL_W130_T1.6_D20,61259,95,0.500
BL_W130_T1.6_D20,62337,89,0.420
BL_W130_T1.6_D20,63415,83,0.340
BL_W130_T1.6_D20,64640,78,0.260
BL_W130_T1.6_D20,65767,74,0.126
BL_W130_T1.6_D20,66894,69,0.050
BL_W130_T1.6_D25,53590,131,1.060
BL_W130_T1.6_D25,54740,125,0.980
BL_W130_T1.6_D25,55790,121,0.900
BL_W130_T1.6_D25,56140,117,0.900
BL_W130_T1.6_D25,56940,116,0.820
BL_W130_T1.6_D25,58090,109,0.740
BL_W130_T1.6_D25,59040,105,0.660
BL_W130_T1.6_D25,60132,100,0.580
BL_W130_T1.6_D25,61259,95,0.500
BL_W130_T1.6_D25,62337,89,0.420
BL_W130_T1.6_D25,63415,83,0.340
BL_W130_T1.6_D25,64640,78,0.260
BL_W130_T1.6_D25,65767,74,0.126
BL_W130_T1.6_D25,66894,69,0.050
BL_W130_T1.6_D30,53640,131,1.060
BL_W130_T1.6_D30,54790,124,0.980
BL_W130_T1.6_D30,55790,121,0.900
BL_W130_T1.6_D30,56140,117,0.900
BL_W130_T1.6_D30,56940,116,0.820
BL_W130_T1.6_D30,58090,109,0.740
BL_W130_T1.6_D30,59040,105,0.660
BL_W130_T1.6_D30,60132,100,0.580
BL_W130_T1.6_D30,61259,95,0.500
BL_W130_T1.6_D30,62337,89,0.420
BL_W130_T1.6_D30,63415,83,0.340
BL_W130_T1.6_D30,64640,78,0.260
BL_W130_T1.6_D30,65767,74,0.126
BL_W130_T1.6_D30,66894,69,0.050
BL_W130_T1.6_D40,54840,124,0.980
BL_W130_T1.6_D40,55790,121,0.900
BL_W130_T1.6_D40,56140,117,0.900
BL_W130_T1.6_D40,56940,116,0.820
BL_W130_T1.6_D40,58090,109,0.740
BL_W130_T1.6_D40,59040,105,0.660
BL_W130_T1.6_D40,60132,100,0.580
BL_W130_T1.6_D40,61259,95,0.500
BL_W130_T1.6_D40,62337,89,0.420
BL_W130_T1.6_D40,63415,83,0.340
BL_W130_T1.6_D40,64640,78,0.260
BL_W130_T1.6_D40,65767,74,0.126
BL_W130_T1.6_D40,66894,69,0.050
BL_W130_T1.8_D2,53490,132,1.060
BL_W130_T1.8_D2,54740,125,0.980
BL_W130_T1.8_D2,55790,121,0.900
BL_W130_T1.8_D2,56140,117,0.900
BL_W130_T1.8_D2,56940,116,0.820
BL_W130_T1.8_D2,58090,109,0.740
BL_W130_T1.8_D2,59090,104,0.660
BL_W130_T1.8_D2,60132,100,0.580
BL_W130_T1.8_D2,61259,95,0.500
BL_W130_T1.8_D2,62337,89,0.420
BL_W130_T1.8_D2,63415,83,0.340
BL_W130_T1.8_D2,64689,78,0.260
BL_W130_T1.8_D2,65816,73,0.126
BL_W130_T1.8_D2,66894,69,0.050
BL_W130_T1.8_D4,53490,132,1.060
BL_W130_T1.8_D4,54740,125,0.980
BL_W130_T1.8_D4,55790,121,0.900
BL_W130_T1.8_D4,56140,117,0.900
BL_W130_T1.8_D4,56940,116,0.820
BL_W130_T1.8_D4,58090,109,0.740
BL_W130_T1.8_D4,59090,104,0.660
BL_W130_T1.8_D4,60132,100,0.580
BL_W130_T1.8_D4,61259,95,0.500
BL_W130_T1.8_D4,62337,89,0.420
BL_W130_T1.8_D4,63415,83,0.340
BL_W130_T1.8_D4,64689,78,0.260
BL_W130_T1.8_D4,65816,73,0.126
BL_W130_T1.8_D4,66894,69,0.050
BL_W130_T1.8_D6,52490,137,1.140
BL_W130_T1.8_D6,53490,132,1.060
BL_W130_T1.8_D6,54740,125,0.980
BL_W130_T1.8_D6,55790,121,0.900
BL_W130_T1.8_D6,56140,117,0.900
BL_W130_T1.8_D6,56940,116,0.820
BL_W130_T1.8_D6,58090,109,0.740
BL_W130_T1.8_D6,59090,104,0.660
BL_W130_T1.8_D6,60132,100,0.580
BL_W130_T1.8_D6,61259,95,0.500
BL_W130_T1.8_D6,62337,89,0.420
BL_W130_T1.8_D6,63415,83,0.340
BL_W130_T1.8_D6,64689,78,0.260
BL_W130_T1.8_D6,65816,73,0.126
BL_W130_T1.8_D6,66894,69,0.050
BL_W130_T1.8_D8,53490,132,1.060
BL_W130_T1.8_D8,54740,125,0.980
BL_W130_T1.8_D8,55790,121,0.900
BL_W130_T1.8_D8,56140,117,0.900
BL_W130_T1.8_D8,56940,116,0.820
BL_W130_T1.8_D8,58090,109,0.740
BL_W130_T1.8_D8,59090,104,0.660
BL_W130_T1.8_D8,60132,100,0.580
BL_W130_T1.8_D8,61259,95,0.500
BL_W130_T1.8_D8,62337,89,0.420
BL_W130_T1.8_D8,63415,83,0.340
BL_W130_T1.8_D8,64689,78,0.260
BL_W130_T1.8_D8,65816,73,0.126
BL_W130_T1.8_D8,66894,69,0.050
BL_W130_T1.8_D10,53490,132,1.060
BL_W130_T1.8_D10,54690,125,0.980
BL_W130_T1.8_D10,55790,121,0.900
BL_W130_T1.8_D10,56140,117,0.900
BL_W130_T1.8_D10,56940,116,0.820
BL_W130_T1.8_D10,58090,109,0.740
BL_W130_T1.8_D10,59090,104,0.660
BL_W130_T1.8_D10,60132,100,0.580
BL_W130_T1.8_D10,61259,95,0.500
BL_W130_T1.8_D10,62337,89,0.420
BL_W130_T1.8_D10,63415,83,0.340
BL_W130_T1.8_D10,64689,78,0.260
BL_W130_T1.8_D10,65816,73,0.126
BL_W130_T1.8_D10,66894,69,0.050
BL_W130_T1.8_D15,53540,131,1.060
BL_W130_T1.8_D15,54740,125,0.980
BL_W130_T1.8_D15,55790,121,0.900
BL_W130_T1.8_D15,56140,117,0.900
BL_W130_T1.8_D15,56940,116,0.820
BL_W130_T1.8_D15,58090,109,0.740
BL_W130_T1.8_D15,59090,104,0.660
BL_W130_T1.8_D15,60132,100,0.580
BL_W130_T1.8_D15,61259,95,0.500
BL_W130_T1.8_D15,62337,89,0.420
BL_W130_T1.8_D15,63415,83,0.340
BL_W130_T1.8_D15,64689,78,0.260
BL_W130_T1.8_D15,65816,73,0.126
BL_W130_T1.8_D15,66894,69,0.050
BL_W130_T1.8_D20,53540,131,1.060
BL_W130_T1.8_D20,54740,125,0.980
BL_W130_T1.8_D20,55790,121,0.900
BL_W130_T1.8_D20,56140,117,0.900
BL_W130_T1.8_D20,56940,116,0.820
BL_W130_T1.8_D20,58090,109,0.740
BL_W130_T1.8_D20,59090,104,0.660
BL_W130_T1.8_D20,60132,100,0.580
BL_W130_T1.8_D20,61259,95,0.500
BL_W130_T1.8_D20,62337,89,0.420
BL_W130_T1.8_D20,63415,83,0.340
BL_W130_T1.8_D20,64689,78,0.260
BL_W130_T1.8_D20,65816,73,0.126
BL_W130_T1.8_D20,66894,69,0.050
BL_W130_T1.8_D25,53590,131,1.060
BL_W130_T1.8_D25,54740,125,0.980
BL_W130_T1.8_D25,55790,121,0.900
BL_W130_T1.8_D25,56140,117,0.900
BL_W130_T1.8_D25,56940,116,0.820
BL_W130_T1.8_D25,58090,109,0.740
BL_W130_T1.8_D25,59090,104,0.660
BL_W130_T1.8_D25,60132,100,0.580
BL_W130_T1.8_D25,61259,95,0.500
BL_W130_T1.8_D25,62337,89,0.420
BL_W130_T1.8_D25,63415,83,0.340
BL_W130_T1.8_D25,64689,78,0.260
BL_W130_T1.8_D25,65816,73,0.126
BL_W130_T1.8_D25,66894,69,0.050
BL_W130_T1.8_D30,53640,131,1.060
BL_W130_T1.8_D30,54790,124,0.980
BL_W130_T1.8_D30,55790,121,0.900
BL_W130_T1.8_D30,56140,117,0.900
BL_W130_T1.8_D30,56940,116,0.820
BL_W130_T1.8_D30,58090,109,0.740
BL_W130_T1.8_D30,59090,104,0.660
BL_W130_T1.8_D30,60132,100,0.580
BL_W130_T1.8_D30,61259,95,0.500
BL_W130_T1.8_D30,62337,89,0.420
BL_W130_T1.8_D30,63415,83,0.340
BL_W130_T1.8_D30,64689,78,0.260
BL_W130_T1.8_D30,65816,73,0.126
BL_W130_T1.8_D30,66894,69,0.050
BL_W130_T1.8_D40,54840,124,0.980
BL_W130_T1.8_D40,55790,121,0.900
BL_W130_T1.8_D40,56140,117,0.900
BL_W130_T1.8_D40,56940,116,0.820
BL_W130_T1.8_D40,58090,109,0.740
BL_W130_T1.8_D40,59090,104,0.660
BL_W130_T1.8_D40,60132,100,0.580
BL_W130_T1.8_D40,61259,95,0.500
BL_W130_T1.8_D40,62337,89,0.420
BL_W130_T1.8_D40,63415,83,0.340
BL_W130_T1.8_D40,64689,78,0.260
BL_W130_T1.8_D40,65816,73,0.126
BL_W130_T1.8_D40,66894,69,0.050
BL_W130_T2.0_D2,53490,132,1.060
BL_W130_T2.0_D2,54740,125,0.980
BL_W130_T2.0_D2,55790,121,0.900
BL_W130_T2.0_D2,56140,117,0.900
BL_W130_T2.0_D2,56990,115,0.820
BL_W130_T2.0_D2,58090,109,0.740
BL_W130_T2.0_D2,59090,104,0.660
BL_W130_T2.0_D2,60181,99,0.580
BL_W130_T2.0_D2,61308,95,0.500
BL_W130_T2.0_D2,62337,89,0.420
BL_W130_T2.0_D2,63415,83,0.340
BL_W130_T2.0_D2,64689,78,0.260
BL_W130_T2.0_D2,65816,73,0.126
BL_W130_T2.0_D2,66894,69,0.050
BL_W130_T2.0_D4,53490,132,1.060
BL_W130_T2.0_D4,54740,125,0.980
BL_W130_T2.0_D4,55790,121,0.900
BL_W130_T2.0_D4,56140,117,0.900
BL_W130_T2.0_D4,56990,115,0.820
BL_W130_T2.0_D4,58090,109,0.740
BL_W130_T2.0_D4,59090,104,0.660
BL_W130_T2.0_D4,60181,99,0.580
BL_W130_T2.0_D4,61308,95,0.500
BL_W130_T2.0_D4,62337,89,0.420
BL_W130_T2.0_D4,63415,83,0.340
BL_W130_T2.0_D4,64689,78,0.260
BL_W130_T2.0_D4,65816,73,0.126
BL_W130_T2.0_D4,66894,69,0.050
BL_W130_T2.0_D6,52490,137,1.140
BL_W130_T2.0_D6,53490,132,1.060
BL_W130_T2.0_D6,54740,125,0.980
BL_W130_T2.0_D6,55790,121,0.900
BL_W130_T2.0_D6,56140,117,0.900
BL_W130_T2.0_D6,56990,115,0.820
BL_W130_T2.0_D6,58090,109,0.740
BL_W130_T2.0_D6,59090,104,0.660
BL_W130_T2.0_D6,60181,99,0.580
BL_W130_T2.0_D6,61308,95,0.500
BL_W130_T2.0_D6,62337,89,0.420
BL_W130_T2.0_D6,63415,83,0.340
BL_W130_T2.0_D6,64689,78,0.260
BL_W130_T2.0_D6,65816,73,0.126
BL_W130_T2.0_D6,66894,69,0.050
BL_W130_T2.0_D8,53490,132,1.060
BL_W130_T2.0_D8,54740,125,0.980
BL_W130_T2.0_D8,55790,121,0.900
BL_W130_T2.0_D8,56140,117,0.900
BL_W130_T2.0_D8,56990,115,0.820
BL_W130_T2.0_D8,58090,109,0.740
BL_W130_T2.0_D8,59090,104,0.660
BL_W130_T2.0_D8,60181,99,0.580
BL_W130_T2.0_D8,61308,95,0.500
BL_W130_T2.0_D8,62337,89,0.420
BL_W130_T2.0_D8,63415,83,0.340
BL_W130_T2.0_D8,64689,78,0.260
BL_W130_T2.0_D8,65816,73,0.126
BL_W130_T2.0_D8,66894,69,0.050
BL_W130_T2.0_D10,53490,132,1.060
BL_W130_T2.0_D10,54690,125,0.980
BL_W130_T2.0_D10,55790,121,0.900
BL_W130_T2.0_D10,56140,117,0.900
BL_W130_T2.0_D10,56990,115,0.820
BL_W130_T2.0_D10,58090,109,0.740
BL_W130_T2.0_D10,59090,104,0.660
BL_W130_T2.0_D10,60181,99,0.580
BL_W130_T2.0_D10,61308,95,0.500
BL_W130_T2.0_D10,62337,89,0.420
BL_W130_T2.0_D10,63415,83,0.340
BL_W130_T2.0_D10,64689,78,0.260
BL_W130_T2.0_D10,65816,73,0.126
BL_W130_T2.0_D10,66894,69,0.050
BL_W130_T2.0_D15,53540,131,1.060
BL_W130_T2.0_D15,54740,125,0.980
BL_W130_T2.0_D15,55790,121,0.900
BL_W130_T2.0_D15,56140,117,0.900
BL_W130_T2.0_D15,56990,115,0.820
BL_W130_T2.0_D15,58090,109,0.740
BL_W130_T2.0_D15,59090,104,0.660
BL_W130_T2.0_D15,60181,99,0.580
BL_W130_T2.0_D15,61308,95,0.500
BL_W130_T2.0_D15,62337,89,0.420
BL_W130_T2.0_D15,63415,83,0.340
BL_W130_T2.0_D15,64689,78,0.260
BL_W130_T2.0_D15,65816,73,0.126
BL_W130_T2.0_D15,66894,69,0.050
BL_W130_T2.0_D20,53540,131,1.060
BL_W130_T2.0_D20,54740,125,0.980
BL_W130_T2.0_D20,55790,121,0.900
BL_W130_T2.0_D20,56140,117,0.900
BL_W130_T2.0_D20,56990,115,0.820
BL_W130_T2.0_D20,58090,109,0.740
BL_W130_T2.0_D20,59090,104,0.660
BL_W130_T2.0_D20,60181,99,0.580
BL_W130_T2.0_D20,61308,95,0.500
BL_W130_T2.0_D20,62337,89,0.420
BL_W130_T2.0_D20,63415,83,0.340
BL_W130_T2.0_D20,64689,78,0.260
BL_W130_T2.0_D20,65816,73,0.126
BL_W130_T2.0_D20,66894,69,0.050
BL_W130_T2.0_D25,53590,131,1.060
BL_W130_T2.0_D25,54740,125,0.980
BL_W130_T2.0_D25,55790,121,0.900
BL_W130_T2.0_D25,56140,117,0.900
BL_W130_T2.0_D25,56990,115,0.820
BL_W130_T2.0_D25,58090,109,0.740
BL_W130_T2.0_D25,59090,104,0.660
BL_W130_T2.0_D25,60181,99,0.580
BL_W130_T2.0_D25,61308,95,0.500
BL_W130_T2.0_D25,62337,89,0.420
BL_W130_T2.0_D25,63415,83,0.340
BL_W130_T2.0_D25,64689,78,0.260
BL_W130_T2.0_D25,65816,73,0.126
BL_W130_T2.0_D25,66894,69,0.050
BL_W130_T2.0_D30,53640,131,1.060
BL_W130_T2.0_D30,54790,124,0.980
BL_W130_T2.0_D30,55790,121,0.900
BL_W130_T2.0_D30,56140,117,0.900
BL_W130_T2.0_D30,56990,115,0.820
BL_W130_T2.0_D30,58090,109,0.740
BL_W130_T2.0_D30,59090,104,0.660
BL_W130_T2.0_D30,60181,99,0.580
BL_W130_T2.0_D30,61308,95,0.500
BL_W130_T2.0_D30,62337,89,0.420
BL_W130_T2.0_D30,63415,83,0.340
BL_W130_T2.0_D30,64689,78,0.260
BL_W130_T2.0_D30,65816,73,0.126
BL_W130_T2.0_D30,66894,69,0.050
BL_W130_T2.0_D40,54840,124,0.980
BL_W130_T2.0_D40,55790,121,0.900
BL_W130_T2.0_D40,56140,117,0.900
BL_W130_T2.0_D40,56990,115,0.820
BL_W130_T2.0_D40,58090,109,0.740
BL_W130_T2.0_D40,59090,104,0.660
BL_W130_T2.0_D40,60181,99,0.580
BL_W130_T2.0_D40,61308,95,0.500
BL_W130_T2.0_D40,62337,89,0.420
BL_W130_T2.0_D40,63415,83,0.340
BL_W130_T2.0_D40,64689,78,0.260
BL_W130_T2.0_D40,65816,73,0.126
BL_W130_T2.0_D40,66894,69,0.050
BL_W130_T2.2_D2,53490,132,0.900
BL_W130_T2.2_D2,54740,125,0.820
BL_W130_T2.2_D2,55790,121,0.740
BL_W130_T2.2_D2,56140,117,0.740
BL_W130_T2.2_D2,56990,115,0.660
BL_W130_T2.2_D2,58140,109,0.580
BL_W130_T2.2_D2,59090,104,0.500
BL_W130_T2.2_D2,60181,99,0.420
BL_W130_T2.2_D2,61308,95,0.340
BL_W130_T2.2_D2,62337,89,0.260
BL_W130_T2.2_D2,63464,83,0.126
BL_W130_T2.2_D2,66894,69,0.050
BL_W130_T2.2_D2,64689,78,0.010
BL_W130_T2.2_D4,53490,132,0.900
BL_W130_T2.2_D4,54740,125,0.820
BL_W130_T2.2_D4,55790,121,0.740
BL_W130_T2.2_D4,56140,117,0.740
BL_W130_T2.2_D4,56990,115,0.660
BL_W130_T2.2_D4,58140,109,0.580
BL_W130_T2.2_D4,59090,104,0.500
BL_W130_T2.2_D4,60181,99,0.420
BL_W130_T2.2_D4,61308,95,0.340
BL_W130_T2.2_D4,62337,89,0.260
BL_W130_T2.2_D4,63464,83,0.126
BL_W130_T2.2_D4,66894,69,0.050
BL_W130_T2.2_D4,64689,78,0.010
BL_W130_T2.2_D6,52490,137,0.980
BL_W130_T2.2_D6,53490,132,0.900
BL_W130_T2.2_D6,54740,125,0.820
BL_W130_T2.2_D6,55790,121,0.740
BL_W130_T2.2_D6,56140,117,0.740
BL_W130_T2.2_D6,56990,115,0.660
BL_W130_T2.2_D6,58140,109,0.580
BL_W130_T2.2_D6,59090,104,0.500
BL_W130_T2.2_D6,60181,99,0.420
BL_W130_T2.2_D6,61308,95,0.340
BL_W130_T2.2_D6,62337,89,0.260
BL_W130_T2.2_D6,63464,83,0.126
BL_W130_T2.2_D6,66894,69,0.050
BL_W130_T2.2_D6,64689,78,0.010
BL_W130_T2.2_D8,53490,132,0.900
BL_W130_T2.2_D8,54740,125,0.820
BL_W130_T2.2_D8,55790,121,0.740
BL_W130_T2.2_D8,56140,117,0.740
BL_W130_T2.2_D8,56990,115,0.660
BL_W130_T2.2_D8,58140,109,0.580
BL_W130_T2.2_D8,59090,104,0.500
BL_W130_T2.2_D8,60181,99,0.420
BL_W130_T2.2_D8,61308,95,0.340
BL_W130_T2.2_D8,62337,89,0.260
BL_W130_T2.2_D8,63464,83,0.126
BL_W130_T2.2_D8,66894,69,0.050
BL_W130_T2.2_D8,64689,78,0.010
BL_W130_T2.2_D10,53490,132,0.900
BL_W130_T2.2_D10,54690,125,0.820
BL_W130_T2.2_D10,55790,121,0.740
BL_W130_T2.2_D10,56140,117,0.740
BL_W130_T2.2_D10,56990,115,0.660
BL_W130_T2.2_D10,58140,109,0.580
BL_W130_T2.2_D10,59090,104,0.500
BL_W130_T2.2_D10,60181,99,0.420
BL_W130_T2.2_D10,61308,95,0.340
BL_W130_T2.2_D10,62337,89,0.260
BL_W130_T2.2_D10,63464,83,0.126
BL_W130_T2.2_D10,66894,69,0.050
BL_W130_T2.2_D10,64689,78,0.010
BL_W130_T2.2_D15,53540,131,0.900
BL_W130_T2.2_D15,54740,125,0.820
BL_W130_T2.2_D15,55790,121,0.740
BL_W130_T2.2_D15,56140,117,0.740
BL_W130_T2.2_D15,56990,115,0.660
BL_W130_T2.2_D15,58140,109,0.580
BL_W130_T2.2_D15,59090,104,0.500
BL_W130_T2.2_D15,60181,99,0.420
BL_W130_T2.2_D15,61308,95,0.340
BL_W130_T2.2_D15,62337,89,0.260
BL_W130_T2.2_D15,63464,83,0.126
BL_W130_T2.2_D15,66894,69,0.050
BL_W130_T2.2_D15,64689,78,0.010
BL_W130_T2.2_D20,53540,131,0.900
BL_W130_T2.2_D20,54740,125,0.820
BL_W130_T2.2_D20,55790,121,0.740
BL_W130_T2.2_D20,56140,117,0.740
BL_W130_T2.2_D20,56990,115,0.660
BL_W130_T2.2_D20,58140,109,0.580
BL_W130_T2.2_D20,59090,104,0.500
BL_W130_T2.2_D20,60181,99,0.420
BL_W130_T2.2_D20,61308,95,0.340
BL_W130_T2.2_D20,62337,89,0.260
BL_W130_T2.2_D20,63464,83,0.126
BL_W130_T2.2_D20,66894,69,0.050
BL_W130_T2.2_D20,64689,78,0.010
BL_W130_T2.2_D25,53590,131,0.900
BL_W130_T2.2_D25,54740,125,0.820
BL_W130_T2.2_D25,55790,121,0.740
BL_W130_T2.2_D25,56140,117,0.740
BL_W130_T2.2_D25,56990,115,0.660
BL_W130_T2.2_D25,58140,109,0.580
BL_W130_T2.2_D25,59090,104,0.500
BL_W130_T2.2_D25,60181,99,0.420
BL_W130_T2.2_D25,61308,95,0.340
BL_W130_T2.2_D25,62337,89,0.260
BL_W130_T2.2_D25,63464,83,0.126
BL_W130_T2.2_D25,66894,69,0.050
BL_W130_T2.2_D25,64689,78,0.010
BL_W130_T2.2_D30,53640,131,0.900
BL_W130_T2.2_D30,54790,124,0.820
BL_W130_T2.2_D30,55790,121,0.740
BL_W130_T2.2_D30,56140,117,0.740
BL_W130_T2.2_D30,56990,115,0.660
BL_W130_T2.2_D30,58140,109,0.580
BL_W130_T2.2_D30,59090,104,0.500
BL_W130_T2.2_D30,60181,99,0.420
BL_W130_T2.2_D30,61308,95,0.340
BL_W130_T2.2_D30,62337,89,0.260
BL_W130_T2.2_D30,63464,83,0.126
BL_W130_T2.2_D30,66894,69,0.050
BL_W130_T2.2_D30,64689,78,0.010
BL_W130_T2.2_D40,54840,124,0.820
BL_W130_T2.2_D40,55790,121,0.740
BL_W130_T2.2_D40,56140,117,0.740
BL_W130_T2.2_D40,56990,115,0.660
BL_W130_T2.2_D40,58140,109,0.580
BL_W130_T2.2_D40,59090,104,0.500
BL_W130_T2.2_D40,60181,99,0.420
BL_W130_T2.2_D40,61308,95,0.340
BL_W130_T2.2_D40,62337,89,0.260
BL_W130_T2.2_D40,63464,83,0.126
BL_W130_T2.2_D40,66894,69,0.050
BL_W130_T2.2_D40,64689,78,0.010
BL_W130_T2.4_D2,59090,104,0.420
BL_W130_T2.4_D2,53490,132,0.340
BL_W130_T2.4_D2,60181,99,0.340
BL_W130_T2.4_D2,54740,125,0.260
BL_W130_T2.4_D2,61308,95,0.260
BL_W130_T2.4_D2,55790,121,0.126
BL_W130_T2.4_D2,56140,117,0.126
BL_W130_T2.4_D2,62386,89,0.126
BL_W130_T2.4_D2,66943,68,0.050
BL_W130_T2.4_D2,56990,115,0.010
BL_W130_T2.4_D2,63464,83,0.010
BL_W130_T2.4_D4,59090,104,0.420
BL_W130_T2.4_D4,53490,132,0.340
BL_W130_T2.4_D4,60181,99,0.340
BL_W130_T2.4_D4,54740,125,0.260
BL_W130_T2.4_D4,61308,95,0.260
BL_W130_T2.4_D4,55790,121,0.126
BL_W130_T2.4_D4,56140,117,0.126
BL_W130_T2.4_D4,62386,89,0.126
BL_W130_T2.4_D4,66943,68,0.050
BL_W130_T2.4_D4,56990,115,0.010
BL_W130_T2.4_D4,63464,83,0.010
BL_W130_T2.4_D6,52490,137,0.420
BL_W130_T2.4_D6,59090,104,0.420
BL_W130_T2.4_D6,53490,132,0.340
BL_W130_T2.4_D6,60181,99,0.340
BL_W130_T2.4_D6,54740,125,0.260
BL_W130_T2.4_D6,61308,95,0.260
BL_W130_T2.4_D6,55790,121,0.126
BL_W130_T2.4_D6,56140,117,0.126
BL_W130_T2.4_D6,62386,89,0.126
BL_W130_T2.4_D6,66943,68,0.050
BL_W130_T2.4_D6,56990,115,0.010
BL_W130_T2.4_D6,63464,83,0.010
BL_W130_T2.4_D8,59090,104,0.420
BL_W130_T2.4_D8,53490,132,0.340
BL_W130_T2.4_D8,60181,99,0.340
BL_W130_T2.4_D8,54740,125,0.260
BL_W130_T2.4_D8,61308,95,0.260
BL_W130_T2.4_D8,55790,121,0.126
BL_W130_T2.4_D8,56140,117,0.126
BL_W130_T2.4_D8,62386,89,0.126
BL_W130_T2.4_D8,66943,68,0.050
BL_W130_T2.4_D8,56990,115,0.010
BL_W130_T2.4_D8,63464,83,0.010
BL_W130_T2.4_D10,59090,104,0.420
BL_W130_T2.4_D10,53490,132,0.340
BL_W130_T2.4_D10,60181,99,0.340
BL_W130_T2.4_D10,54690,125,0.260
BL_W130_T2.4_D10,61308,95,0.260
BL_W130_T2.4_D10,55790,121,0.126
BL_W130_T2.4_D10,56140,117,0.126
BL_W130_T2.4_D10,62386,89,0.126
BL_W130_T2.4_D10,66943,68,0.050
BL_W130_T2.4_D10,56990,115,0.010
BL_W130_T2.4_D10,63464,83,0.010
BL_W130_T2.4_D15,59090,104,0.420
BL_W130_T2.4_D15,53540,131,0.340
BL_W130_T2.4_D15,60181,99,0.340
BL_W130_T2.4_D15,54740,125,0.260
BL_W130_T2.4_D15,61308,95,0.260
BL_W130_T2.4_D15,55790,121,0.126
BL_W130_T2.4_D15,56140,117,0.126
BL_W130_T2.4_D15,62386,89,0.126
BL_W130_T2.4_D15,66943,68,0.050
BL_W130_T2.4_D15,56990,115,0.010
BL_W130_T2.4_D15,63464,83,0.010
BL_W130_T2.4_D20,59090,104,0.420
BL_W130_T2.4_D20,53540,131,0.340
BL_W130_T2.4_D20,60181,99,0.340
BL_W130_T2.4_D20,54740,125,0.260
BL_W130_T2.4_D20,61308,95,0.260
BL_W130_T2.4_D20,55790,121,0.126
BL_W130_T2.4_D20,56140,117,0.126
BL_W130_T2.4_D20,62386,89,0.126
BL_W130_T2.4_D20,66943,68,0.050
BL_W130_T2.4_D20,56990,115,0.010
BL_W130_T2.4_D20,63464,83,0.010
BL_W130_T2.4_D25,59090,104,0.420
BL_W130_T2.4_D25,53590,131,0.340
BL_W130_T2.4_D25,60181,99,0.340
BL_W130_T2.4_D25,54740,125,0.260
BL_W130_T2.4_D25,61308,95,0.260
BL_W130_T2.4_D25,55790,121,0.126
BL_W130_T2.4_D25,56140,117,0.126
BL_W130_T2.4_D25,62386,89,0.126
BL_W130_T2.4_D25,66943,68,0.050
BL_W130_T2.4_D25,56990,115,0.010
BL_W130_T2.4_D25,63464,83,0.010
BL_W130_T2.4_D30,59090,104,0.420
BL_W130_T2.4_D30,53640,131,0.340
BL_W130_T2.4_D30,60181,99,0.340
BL_W130_T2.4_D30,54790,124,0.260
BL_W130_T2.4_D30,61308,95,0.260
BL_W130_T2.4_D30,55790,121,0.126
BL_W130_T2.4_D30,56140,117,0.126
BL_W130_T2.4_D30,62386,89,0.126
BL_W130_T2.4_D30,66943,68,0.050
BL_W130_T2.4_D30,56990,115,0.010
BL_W130_T2.4_D30,63464,83,0.010
BL_W130_T2.4_D40,59090,104,0.420
BL_W130_T2.4_D40,60181,99,0.340
BL_W130_T2.4_D40,54840,124,0.260
BL_W130_T2.4_D40,61308,95,0.260
BL_W130_T2.4_D40,55790,121,0.126
BL_W130_T2.4_D40,56140,117,0.126
BL_W130_T2.4_D40,62386,89,0.126
BL_W130_T2.4_D40,66943,68,0.050
BL_W130_T2.4_D40,56990,115,0.010
BL_W130_T2.4_D40,63464,83,0.010
BL_W130_T2.6_D2,53490,132,0.340
BL_W130_T2.6_D2,54740,125,0.260
BL_W130_T2.6_D2,55790,121,0.126
BL_W130_T2.6_D2,56140,117,0.126
BL_W130_T2.6_D2,62386,89,0.126
BL_W130_T2.6_D2,63464,83,0.050
BL_W130_T2.6_D2,56990,115,0.010
BL_W130_T2.6_D2,60181,99,0.010
BL_W130_T2.6_D4,53490,132,0.340
BL_W130_T2.6_D4,54740,125,0.260
BL_W130_T2.6_D4,55790,121,0.126
BL_W130_T2.6_D4,56140,117,0.126
BL_W130_T2.6_D4,62386,89,0.126
BL_W130_T2.6_D4,63464,83,0.050
BL_W130_T2.6_D4,56990,115,0.010
BL_W130_T2.6_D4,60181,99,0.010
BL_W130_T2.6_D6,52490,137,0.420
BL_W130_T2.6_D6,53490,132,0.340
BL_W130_T2.6_D6,54740,125,0.260
BL_W130_T2.6_D6,55790,121,0.126
BL_W130_T2.6_D6,56140,117,0.126
BL_W130_T2.6_D6,62386,89,0.126
BL_W130_T2.6_D6,63464,83,0.050
BL_W130_T2.6_D6,56990,115,0.010
BL_W130_T2.6_D6,60181,99,0.010
BL_W130_T2.6_D8,53490,132,0.340
BL_W130_T2.6_D8,54740,125,0.260
BL_W130_T2.6_D8,55790,121,0.126
BL_W130_T2.6_D8,56140,117,0.126
BL_W130_T2.6_D8,62386,89,0.126
BL_W130_T2.6_D8,63464,83,0.050
BL_W130_T2.6_D8,56990,115,0.010
BL_W130_T2.6_D8,60181,99,0.010
BL_W130_T2.6_D10,53490,132,0.340
BL_W130_T2.6_D10,54690,125,0.260
BL_W130_T2.6_D10,55790,121,0.126
BL_W130_T2.6_D10,56140,117,0.126
BL_W130_T2.6_D10,62386,89,0.126
BL_W130_T2.6_D10,63464,83,0.050
BL_W130_T2.6_D10,56990,115,0.010
BL_W130_T2.6_D10,60181,99,0.010
BL_W130_T2.6_D15,53540,131,0.340
BL_W130_T2.6_D15,54740,125,0.260
BL_W130_T2.6_D15,55790,121,0.126
BL_W130_T2.6_D15,56140,117,0.126
BL_W130_T2.6_D15,62386,89,0.126
BL_W130_T2.6_D15,63464,83,0.050
BL_W130_T2.6_D15,56990,115,0.010
BL_W130_T2.6_D15,60181,99,0.010
BL_W130_T2.6_D20,53540,131,0.340
BL_W130_T2.6_D20,54740,125,0.260
BL_W130_T2.6_D20,55790,121,0.126
BL_W130_T2.6_D20,56140,117,0.126
BL_W130_T2.6_D20,62386,89,0.126
BL_W130_T2.6_D20,63464,83,0.050
BL_W130_T2.6_D20,56990,115,0.010
BL_W130_T2.6_D20,60181,99,0.010
BL_W130_T2.6_D25,53590,131,0.340
BL_W130_T2.6_D25,54740,125,0.260
BL_W130_T2.6_D25,55790,121,0.126
BL_W130_T2.6_D25,56140,117,0.126
BL_W130_T2.6_D25,62386,89,0.126
BL_W130_T2.6_D25,63464,83,0.050
BL_W130_T2.6_D25,56990,115,0.010
BL_W130_T2.6_D25,60181,99,0.010
BL_W130_T2.6_D30,53640,131,0.340
BL_W130_T2.6_D30,54790,124,0.260
BL_W130_T2.6_D30,55790,121,0.126
BL_W130_T2.6_D30,56140,117,0.126
BL_W130_T2.6_D30,62386,89,0.126
BL_W130_T2.6_D30,63464,83,0.050
BL_W130_T2.6_D30,56990,115,0.010
BL_W130_T2.6_D30,60181,99,0.010
BL_W130_T2.6_D40,54840,124,0.260
BL_W130_T2.6_D40,55790,121,0.126
BL_W130_T2.6_D40,56140,117,0.126
BL_W130_T2.6_D40,62386,89,0.126
BL_W130_T2.6_D40,63464,83,0.050
BL_W130_T2.6_D40,56990,115,0.010
BL_W130_T2.6_D40,60181,99,0.010
BL_W130_T2.8_D2,53490,132,0.340
BL_W130_T2.8_D2,54790,124,0.260
BL_W130_T2.8_D2,55790,121,0.126
BL_W130_T2.8_D2,56140,117,0.126
BL_W130_T2.8_D2,63513,83,0.050
BL_W130_T2.8_D2,56990,115,0.010
BL_W130_T2.8_D2,60230,99,0.010
BL_W130_T2.8_D4,53490,132,0.340
BL_W130_T2.8_D4,54790,124,0.260
BL_W130_T2.8_D4,55790,121,0.126
BL_W130_T2.8_D4,56140,117,0.126
BL_W130_T2.8_D4,63513,83,0.050
BL_W130_T2.8_D4,56990,115,0.010
BL_W130_T2.8_D4,60230,99,0.010
BL_W130_T2.8_D6,52490,137,0.420
BL_W130_T2.8_D6,53490,132,0.340
BL_W130_T2.8_D6,54790,124,0.260
BL_W130_T2.8_D6,55790,121,0.126
BL_W130_T2.8_D6,56140,117,0.126
BL_W130_T2.8_D6,63513,83,0.050
BL_W130_T2.8_D6,56990,115,0.010
BL_W130_T2.8_D6,60230,99,0.010
BL_W130_T2.8_D8,53490,132,0.340
BL_W130_T2.8_D8,54790,124,0.260
BL_W130_T2.8_D8,55790,121,0.126
BL_W130_T2.8_D8,56140,117,0.126
BL_W130_T2.8_D8,63513,83,0.050
BL_W130_T2.8_D8,56990,115,0.010
BL_W130_T2.8_D8,60230,99,0.010
BL_W130_T2.8_D10,53490,132,0.340
BL_W130_T2.8_D10,54690,125,0.260
BL_W130_T2.8_D10,55790,121,0.126
BL_W130_T2.8_D10,56140,117,0.126
BL_W130_T2.8_D10,63513,83,0.050
BL_W130_T2.8_D10,56990,115,0.010
BL_W130_T2.8_D10,60230,99,0.010
BL_W130_T2.8_D15,53540,131,0.340
BL_W130_T2.8_D15,54740,125,0.260
BL_W130_T2.8_D15,55790,121,0.126
BL_W130_T2.8_D15,56140,117,0.126
BL_W130_T2.8_D15,63513,83,0.050
BL_W130_T2.8_D15,56990,115,0.010
BL_W130_T2.8_D15,60230,99,0.010
BL_W130_T2.8_D20,53540,131,0.340
BL_W130_T2.8_D20,54740,125,0.260
BL_W130_T2.8_D20,55790,121,0.126
BL_W130_T2.8_D20,56140,117,0.126
BL_W130_T2.8_D20,63513,83,0.050
BL_W130_T2.8_D20,56990,115,0.010
BL_W130_T2.8_D20,60230,99,0.010
BL_W130_T2.8_D25,53590,131,0.340
BL_W130_T2.8_D25,54740,125,0.260
BL_W130_T2.8_D25,55790,121,0.126
BL_W130_T2.8_D25,56140,117,0.126
BL_W130_T2.8_D25,63513,83,0.050
BL_W130_T2.8_D25,56990,115,0.010
BL_W130_T2.8_D25,60230,99,0.010
BL_W130_T2.8_D30,53640,131,0.340
BL_W130_T2.8_D30,54790,124,0.260
BL_W130_T2.8_D30,55790,121,0.126
BL_W130_T2.8_D30,56140,117,0.126
BL_W130_T2.8_D30,63513,83,0.050
BL_W130_T2.8_D30,56990,115,0.010
BL_W130_T2.8_D30,60230,99,0.010
BL_W130_T2.8_D40,54840,124,0.260
BL_W130_T2.8_D40,55790,121,0.126
BL_W130_T2.8_D40,56140,117,0.126
BL_W130_T2.8_D40,63513,83,0.050
BL_W130_T2.8_D40,56990,115,0.010
BL_W130_T2.8_D40,60230,99,0.010
BL_W130_T3.0_D2,53540,131,0.340
BL_W130_T3.0_D2,54790,124,0.260
BL_W130_T3.0_D2,55790,121,0.126
BL_W130_T3.0_D2,56140,117,0.126
BL_W130_T3.0_D2,56990,115,0.050
BL_W130_T3.0_D4,53540,131,0.340
BL_W130_T3.0_D4,54790,124,0.260
BL_W130_T3.0_D4,55790,121,0.126
BL_W130_T3.0_D4,56140,117,0.126
BL_W130_T3.0_D4,56990,115,0.050
BL_W130_T3.0_D6,52490,137,0.420
BL_W130_T3.0_D6,53490,132,0.340
BL_W130_T3.0_D6,54790,124,0.260
BL_W130_T3.0_D6,55790,121,0.126
BL_W130_T3.0_D6,56140,117,0.126
BL_W130_T3.0_D6,56990,115,0.050
BL_W130_T3.0_D8,53490,132,0.340
BL_W130_T3.0_D8,54790,124,0.260
BL_W130_T3.0_D8,55790,121,0.126
BL_W130_T3.0_D8,56140,117,0.126
BL_W130_T3.0_D8,56990,115,0.050
BL_W130_T3.0_D10,53490,132,0.340
BL_W130_T3.0_D10,54690,125,0.260
BL_W130_T3.0_D10,55790,121,0.126
BL_W130_T3.0_D10,56140,117,0.126
BL_W130_T3.0_D10,56990,115,0.050
BL_W130_T3.0_D15,53540,131,0.340
BL_W130_T3.0_D15,54740,125,0.260
BL_W130_T3.0_D15,55790,121,0.126
BL_W130_T3.0_D15,56140,117,0.126
BL_W130_T3.0_D15,56990,115,0.050
BL_W130_T3.0_D20,53540,131,0.340
BL_W130_T3.0_D20,54740,125,0.260
BL_W130_T3.0_D20,55790,121,0.126
BL_W130_T3.0_D20,56140,117,0.126
BL_W130_T3.0_D20,56990,115,0.050
BL_W130_T3.0_D25,53590,131,0.340
BL_W130_T3.0_D25,54740,125,0.260
BL_W130_T3.0_D25,55790,121,0.126
BL_W130_T3.0_D25,56140,117,0.126
BL_W130_T3.0_D25,56990,115,0.050
BL_W130_T3.0_D30,53640,131,0.340
BL_W130_T3.0_D30,54790,124,0.260
BL_W130_T3.0_D30,55790,121,0.126
BL_W130_T3.0_D30,56140,117,0.126
BL_W130_T3.0_D30,56990,115,0.050
BL_W130_T3.0_D40,54840,124,0.260
BL_W130_T3.0_D40,55790,121,0.126
BL_W130_T3.0_D40,56140,117,0.126
BL_W130_T3.0_D40,56990,115,0.050
Ensemble,0,118,0
OscSys,0,125,0
OscMAP,0,103,0
OscDia,0,99,0
EstDia,0,95,0
BPM,0,63,0
#SUMMARY_END
