=== Blood Pressure Measurement Report - Run #1 ===

Baseline HR: 62.3 BPM
Valid interval: 511-1500 ms

*** ENSEMBLE RESULT ***
Ensemble Systolic: 126 mmHg
Confidence: 0.051
95% CI: [123 - 128] mmHg
Agreement: 7702/990 detectors

MAP: 134 mmHg
Est. Diastolic: 138 mmHg
Oscillometric MAP Systolic: -1 mmHg
Oscillometric MAP Diastolic: -1 mmHg

--- DETECTOR PERFORMANCE SUMMARY ---

Detector                           Best        Conf         | Rank  Best        Error       
-----------------------------------------------------------------------------------------------
BL_W110_T1.4_D10                   124         0.980        | 568   124         17.7        
BL_W80_T1.0_D30                    124         0.980        | 574   124         17.7        
BL_W80_T1.0_D25                    124         0.980        | 575   124         17.7        
BL_W80_T1.0_D20                    124         0.980        | 576   124         17.7        
BL_W80_T1.0_D15                    124         0.980        | 577   124         17.7        
BL_W80_T1.0_D10                    124         0.980        | 578   124         17.7        
BL_W80_T1.0_D8                     124         0.980        | 579   124         17.7        
BL_W80_T1.0_D6                     124         0.980        | 580   124         17.7        
BL_W80_T1.0_D4                     124         0.980        | 581   124         17.7        
BL_W80_T1.0_D2                     124         0.980        | 582   124         17.7        
BL_W110_T1.4_D2                    124         0.980        | 535   124         17.7        
BL_W110_T1.4_D4                    124         0.980        | 534   124         17.7        
BL_W110_T1.4_D6                    124         0.980        | 533   124         17.7        
BL_W110_T1.4_D8                    124         0.980        | 567   124         17.7        
BL_W80_T1.0_D40                    124         0.980        | 573   124         17.7        
BL_W110_T1.4_D15                   124         0.980        | 541   124         17.7        
BL_W110_T1.4_D20                   124         0.980        | 542   124         17.7        
BL_W110_T1.4_D25                   124         0.980        | 543   124         17.7        
BL_W110_T1.4_D30                   124         0.980        | 545   124         17.7        
BL_W110_T1.4_D40                   124         0.980        | 537   124         17.7        
BL_W110_T1.6_D2                    124         0.980        | 547   124         17.7        
BL_W110_T1.6_D4                    124         0.980        | 548   124         17.7        
BL_W110_T1.6_D6                    124         0.980        | 549   124         17.7        
BL_W110_T1.6_D8                    124         0.980        | 489   124         17.7        
BL_W110_T1.6_D10                   124         0.980        | 551   124         17.7        
BL_W110_T1.6_D15                   124         0.980        | 552   124         17.7        
BL_W110_T1.6_D20                   124         0.980        | 553   124         17.7        
BL_W80_T1.4_D6                     124         0.980        | 613   124         17.7        
BL_W80_T1.6_D10                    124         0.980        | 797   124         18.4        
BL_W80_T1.6_D8                     124         0.980        | 796   124         18.4        
BL_W80_T1.6_D6                     124         0.980        | 795   124         18.4        
BL_W80_T1.6_D4                     124         0.980        | 794   124         18.4        
BL_W80_T1.6_D2                     124         0.980        | 793   124         18.4        
BL_W80_T1.4_D40                    124         0.980        | 606   124         17.7        
BL_W80_T1.4_D30                    124         0.980        | 607   124         17.7        
BL_W80_T1.4_D25                    124         0.980        | 608   124         17.7        
BL_W80_T1.4_D20                    124         0.980        | 609   124         17.7        
BL_W80_T1.4_D15                    124         0.980        | 610   124         17.7        
BL_W80_T1.4_D10                    124         0.980        | 611   124         17.7        
BL_W80_T1.4_D8                     124         0.980        | 599   124         17.7        
BL_W110_T1.6_D25                   124         0.980        | 554   124         17.7        
BL_W80_T1.4_D4                     124         0.980        | 614   124         17.7        
BL_W80_T1.4_D2                     124         0.980        | 615   124         17.7        
BL_W80_T1.2_D40                    124         0.980        | 616   124         17.7        
BL_W80_T1.2_D30                    124         0.980        | 617   124         17.7        
BL_W80_T1.2_D25                    124         0.980        | 618   124         17.7        
BL_W80_T1.2_D20                    124         0.980        | 619   124         17.7        
BL_W80_T1.2_D15                    124         0.980        | 620   124         17.7        
BL_W80_T1.2_D10                    124         0.980        | 621   124         17.7        
BL_W80_T1.2_D8                     124         0.980        | 622   124         17.7        
BL_W80_T1.2_D6                     124         0.980        | 623   124         17.7        
BL_W80_T1.2_D4                     124         0.980        | 624   124         17.7        
BL_W80_T1.2_D2                     124         0.980        | 586   124         17.7        
BL_W70_T1.0_D20                    124         0.980        | 596   124         17.7        
BL_W70_T1.4_D10                    124         0.980        | 732   124         18.4        
BL_W70_T1.4_D8                     124         0.980        | 731   124         18.4        
BL_W70_T1.2_D40                    124         0.980        | 583   124         17.7        
BL_W70_T1.2_D30                    124         0.980        | 584   124         17.7        
BL_W70_T1.2_D25                    124         0.980        | 585   124         17.7        
BL_W70_T1.2_D20                    124         0.980        | 572   124         17.7        
BL_W70_T1.2_D15                    124         0.980        | 587   124         17.7        
BL_W70_T1.2_D10                    124         0.980        | 588   124         17.7        
BL_W70_T1.2_D8                     124         0.980        | 589   124         17.7        
BL_W70_T1.0_D40                    124         0.980        | 593   124         17.7        
BL_W70_T1.0_D30                    124         0.980        | 594   124         17.7        
BL_W70_T1.0_D25                    124         0.980        | 595   124         17.7        
BL_W70_T1.4_D15                    124         0.980        | 733   124         18.4        
BL_W70_T1.0_D15                    124         0.980        | 597   124         17.7        
BL_W70_T1.0_D10                    124         0.980        | 598   124         17.7        
BL_W70_T1.0_D8                     124         0.980        | 612   124         17.7        
BL_W120_T1.2_D2                    124         0.980        | 492   124         17.7        
BL_W120_T1.2_D4                    124         0.980        | 491   124         17.7        
BL_W120_T1.2_D6                    124         0.980        | 490   124         17.7        
BL_W120_T1.2_D8                    124         0.980        | 458   124         17.7        
BL_W120_T1.2_D10                   124         0.980        | 488   124         17.7        
BL_W120_T1.2_D15                   124         0.980        | 487   124         17.7        
BL_W120_T1.2_D20                   124         0.980        | 486   124         17.7        
BL_W120_T1.2_D25                   124         0.980        | 494   124         17.7        
BL_W120_T1.2_D30                   124         0.980        | 451   124         17.7        
BL_W70_T1.6_D40                    124         0.980        | 748   124         18.4        
BL_W110_T1.6_D30                   124         0.980        | 564   124         17.7        
BL_W110_T1.6_D40                   124         0.980        | 466   124         17.7        
BL_W120_T1.0_D2                    124         0.980        | 522   124         17.7        
BL_W120_T1.0_D4                    124         0.980        | 467   124         17.7        
BL_W120_T1.0_D6                    124         0.980        | 474   124         17.7        
BL_W120_T1.0_D8                    124         0.980        | 473   124         17.7        
BL_W120_T1.0_D10                   124         0.980        | 472   124         17.7        
BL_W120_T1.0_D15                   124         0.980        | 476   124         17.7        
BL_W120_T1.0_D20                   124         0.980        | 501   124         17.7        
BL_W120_T1.0_D25                   124         0.980        | 496   124         17.7        
BL_W120_T1.0_D30                   124         0.980        | 495   124         17.7        
BL_W120_T1.0_D40                   124         0.980        | 485   124         17.7        
BL_W80_T1.6_D15                    124         0.980        | 798   124         18.4        
BL_W70_T1.6_D30                    124         0.980        | 747   124         18.4        
BL_W70_T1.6_D25                    124         0.980        | 746   124         18.4        
BL_W70_T1.6_D20                    124         0.980        | 745   124         18.4        
BL_W70_T1.6_D10                    124         0.980        | 738   124         18.4        
BL_W70_T1.6_D8                     124         0.980        | 743   124         18.4        
BL_W70_T1.6_D6                     124         0.980        | 742   124         18.4        
BL_W70_T1.6_D4                     124         0.980        | 741   124         18.4        
BL_W70_T1.6_D2                     124         0.980        | 740   124         18.4        
BL_W70_T1.4_D40                    124         0.980        | 739   124         18.4        
BL_W70_T1.4_D30                    124         0.980        | 736   124         18.4        
BL_W70_T1.4_D25                    124         0.980        | 735   124         18.4        
BL_W70_T1.4_D20                    124         0.980        | 734   124         18.4        
BL_W90_T1.4_D2                     124         0.980        | 689   124         17.7        
BL_W90_T1.6_D8                     124         0.980        | 820   124         18.4        
BL_W90_T1.6_D6                     124         0.980        | 777   124         18.4        
BL_W90_T1.6_D4                     124         0.980        | 778   124         18.4        
BL_W90_T1.6_D2                     124         0.980        | 779   124         18.4        
BL_W90_T1.4_D40                    124         0.980        | 680   124         17.7        
BL_W90_T1.4_D30                    124         0.980        | 681   124         17.7        
BL_W90_T1.4_D25                    124         0.980        | 682   124         17.7        
BL_W90_T1.4_D20                    124         0.980        | 683   124         17.7        
BL_W90_T1.4_D15                    124         0.980        | 684   124         17.7        
BL_W90_T1.4_D10                    124         0.980        | 685   124         17.7        
BL_W90_T1.4_D8                     124         0.980        | 686   124         17.7        
BL_W90_T1.4_D6                     124         0.980        | 687   124         17.7        
BL_W90_T1.4_D4                     124         0.980        | 678   124         17.7        
BL_W90_T1.6_D10                    124         0.980        | 819   124         18.4        
BL_W90_T1.2_D40                    124         0.980        | 690   124         17.7        
BL_W90_T1.2_D30                    124         0.980        | 691   124         17.7        
BL_W90_T1.2_D25                    124         0.980        | 692   124         17.7        
BL_W90_T1.2_D20                    124         0.980        | 693   124         17.7        
BL_W90_T1.2_D15                    124         0.980        | 694   124         17.7        
BL_W90_T1.2_D10                    124         0.980        | 695   124         17.7        
BL_W90_T1.2_D8                     124         0.980        | 696   124         17.7        
BL_W90_T1.2_D6                     124         0.980        | 697   124         17.7        
BL_W90_T1.2_D4                     124         0.980        | 719   124         17.7        
BL_W90_T1.2_D2                     124         0.980        | 720   124         17.7        
BL_W90_T1.0_D40                    124         0.980        | 721   124         17.7        
BL_W90_T1.0_D30                    124         0.980        | 722   124         17.7        
BL_W100_T1.2_D6                    124         0.980        | 707   124         17.7        
BL_W100_T1.0_D2                    124         0.980        | 679   124         17.7        
BL_W100_T1.0_D4                    124         0.980        | 688   124         17.7        
BL_W100_T1.0_D6                    124         0.980        | 717   124         17.7        
BL_W100_T1.0_D8                    124         0.980        | 716   124         17.7        
BL_W100_T1.0_D10                   124         0.980        | 715   124         17.7        
BL_W100_T1.0_D15                   124         0.980        | 714   124         17.7        
BL_W100_T1.0_D20                   124         0.980        | 713   124         17.7        
BL_W100_T1.0_D25                   124         0.980        | 712   124         17.7        
BL_W100_T1.0_D30                   124         0.980        | 711   124         17.7        
BL_W100_T1.0_D40                   124         0.980        | 710   124         17.7        
BL_W100_T1.2_D2                    124         0.980        | 709   124         17.7        
BL_W100_T1.2_D4                    124         0.980        | 698   124         17.7        
BL_W90_T1.0_D25                    124         0.980        | 708   124         17.7        
BL_W100_T1.2_D8                    124         0.980        | 706   124         17.7        
BL_W100_T1.2_D10                   124         0.980        | 705   124         17.7        
BL_W100_T1.2_D15                   124         0.980        | 704   124         17.7        
BL_W100_T1.2_D20                   124         0.980        | 703   124         17.7        
BL_W100_T1.2_D25                   124         0.980        | 702   124         17.7        
BL_W100_T1.2_D30                   124         0.980        | 701   124         17.7        
BL_W100_T1.2_D40                   124         0.980        | 700   124         17.7        
BL_W90_T1.6_D40                    124         0.980        | 803   124         18.4        
BL_W90_T1.6_D30                    124         0.980        | 815   124         18.4        
BL_W90_T1.6_D25                    124         0.980        | 816   124         18.4        
BL_W90_T1.6_D20                    124         0.980        | 817   124         18.4        
BL_W90_T1.6_D15                    124         0.980        | 818   124         18.4        
BL_W110_T1.2_D4                    124         0.980        | 509   124         17.7        
BL_W100_T1.6_D40                   124         0.980        | 783   124         18.4        
BL_W110_T1.0_D2                    124         0.980        | 529   124         17.7        
BL_W110_T1.0_D4                    124         0.980        | 519   124         17.7        
BL_W110_T1.0_D6                    124         0.980        | 518   124         17.7        
BL_W110_T1.0_D8                    124         0.980        | 517   124         17.7        
BL_W110_T1.0_D10                   124         0.980        | 516   124         17.7        
BL_W110_T1.0_D15                   124         0.980        | 515   124         17.7        
BL_W110_T1.0_D20                   124         0.980        | 514   124         17.7        
BL_W110_T1.0_D25                   124         0.980        | 513   124         17.7        
BL_W110_T1.0_D30                   124         0.980        | 512   124         17.7        
BL_W110_T1.0_D40                   124         0.980        | 502   124         17.7        
BL_W110_T1.2_D2                    124         0.980        | 510   124         17.7        
BL_W100_T1.6_D30                   124         0.980        | 784   124         18.4        
BL_W110_T1.2_D6                    124         0.980        | 508   124         17.7        
BL_W110_T1.2_D8                    124         0.980        | 507   124         17.7        
BL_W110_T1.2_D10                   124         0.980        | 506   124         17.7        
BL_W110_T1.2_D15                   124         0.980        | 505   124         17.7        
BL_W110_T1.2_D20                   124         0.980        | 504   124         17.7        
BL_W110_T1.2_D25                   124         0.980        | 503   124         17.7        
BL_W110_T1.2_D30                   124         0.980        | 511   124         17.7        
BL_W110_T1.2_D40                   124         0.980        | 536   124         17.7        
BL_W80_T1.6_D40                    124         0.980        | 802   124         18.4        
BL_W80_T1.6_D30                    124         0.980        | 801   124         18.4        
BL_W80_T1.6_D25                    124         0.980        | 800   124         18.4        
BL_W80_T1.6_D20                    124         0.980        | 799   124         18.4        
BL_W100_T1.4_D15                   124         0.980        | 481   124         17.7        
BL_W90_T1.0_D20                    124         0.980        | 718   124         17.7        
BL_W90_T1.0_D15                    124         0.980        | 600   124         17.7        
BL_W90_T1.0_D10                    124         0.980        | 601   124         17.7        
BL_W90_T1.0_D8                     124         0.980        | 602   124         17.7        
BL_W90_T1.0_D6                     124         0.980        | 603   124         17.7        
BL_W90_T1.0_D4                     124         0.980        | 604   124         17.7        
BL_W90_T1.0_D2                     124         0.980        | 605   124         17.7        
BL_W100_T1.4_D2                    124         0.980        | 665   124         17.7        
BL_W100_T1.4_D4                    124         0.980        | 699   124         17.7        
BL_W100_T1.4_D6                    124         0.980        | 484   124         17.7        
BL_W100_T1.4_D8                    124         0.980        | 483   124         17.7        
BL_W100_T1.4_D10                   124         0.980        | 482   124         17.7        
BL_W70_T1.6_D15                    124         0.980        | 744   124         18.4        
BL_W100_T1.4_D20                   124         0.980        | 480   124         17.7        
BL_W100_T1.4_D25                   124         0.980        | 479   124         17.7        
BL_W100_T1.4_D30                   124         0.980        | 478   124         17.7        
BL_W100_T1.4_D40                   124         0.980        | 477   124         17.7        
BL_W100_T1.6_D2                    124         0.980        | 792   124         18.4        
BL_W100_T1.6_D4                    124         0.980        | 791   124         18.4        
BL_W100_T1.6_D6                    124         0.980        | 776   124         18.4        
BL_W100_T1.6_D8                    124         0.980        | 789   124         18.4        
BL_W100_T1.6_D10                   124         0.980        | 788   124         18.4        
BL_W100_T1.6_D15                   124         0.980        | 787   124         18.4        
BL_W100_T1.6_D20                   124         0.980        | 786   124         18.4        
BL_W100_T1.6_D25                   124         0.980        | 785   124         18.4        
BL_W130_T1.4_D4                    124         0.980        | 565   124         17.7        
BL_W130_T1.6_D2                    124         0.980        | 544   124         17.7        
BL_W130_T1.4_D40                   124         0.980        | 540   124         17.7        
BL_W130_T1.4_D30                   124         0.980        | 539   124         17.7        
BL_W130_T1.4_D25                   124         0.980        | 538   124         17.7        
BL_W130_T1.4_D20                   124         0.980        | 546   124         17.7        
BL_W130_T1.4_D15                   124         0.980        | 571   124         17.7        
BL_W130_T1.4_D10                   124         0.980        | 570   124         17.7        
BL_W130_T1.4_D8                    124         0.980        | 569   124         17.7        
BL_W130_T1.4_D6                    124         0.980        | 566   124         17.7        
BL_W130_T1.6_D4                    124         0.980        | 493   124         17.7        
BL_W130_T1.4_D2                    124         0.980        | 555   124         17.7        
BL_W130_T1.2_D40                   124         0.980        | 563   124         17.7        
BL_W60_T1.6_D40                    124         0.980        | 761   124         18.4        
BL_W60_T1.6_D30                    124         0.980        | 762   124         18.4        
BL_W60_T1.6_D25                    124         0.980        | 750   124         18.4        
BL_W60_T1.6_D20                    124         0.980        | 764   124         18.4        
BL_W60_T1.6_D15                    124         0.980        | 765   124         18.4        
BL_W60_T1.6_D10                    124         0.980        | 766   124         18.4        
BL_W60_T1.6_D8                     124         0.980        | 767   124         18.4        
BL_W130_T1.8_D2                    124         0.980        | 751   124         18.4        
BL_W50_T1.6_D40                    124         0.980        | 749   124         18.4        
BL_W130_T1.8_D40                   124         0.980        | 760   124         18.4        
BL_W130_T1.8_D30                   124         0.980        | 759   124         18.4        
BL_W130_T1.8_D25                   124         0.980        | 758   124         18.4        
BL_W130_T1.8_D20                   124         0.980        | 757   124         18.4        
BL_W130_T1.8_D15                   124         0.980        | 756   124         18.4        
BL_W130_T1.8_D10                   124         0.980        | 755   124         18.4        
BL_W130_T1.8_D8                    124         0.980        | 754   124         18.4        
BL_W130_T1.8_D6                    124         0.980        | 753   124         18.4        
BL_W60_T1.6_D6                     124         0.980        | 725   124         18.4        
BL_W130_T1.6_D40                   124         0.980        | 471   124         17.7        
BL_W130_T1.6_D30                   124         0.980        | 470   124         17.7        
BL_W130_T1.6_D25                   124         0.980        | 469   124         17.7        
BL_W130_T1.6_D20                   124         0.980        | 468   124         17.7        
BL_W130_T1.6_D15                   124         0.980        | 500   124         17.7        
BL_W130_T1.6_D10                   124         0.980        | 499   124         17.7        
BL_W130_T1.6_D8                    124         0.980        | 498   124         17.7        
BL_W130_T1.6_D6                    124         0.980        | 497   124         17.7        
BL_W130_T1.0_D20                   124         0.980        | 527   124         17.7        
BL_W130_T1.2_D30                   124         0.980        | 562   124         17.7        
BL_W130_T1.2_D25                   124         0.980        | 561   124         17.7        
BL_W130_T1.2_D20                   124         0.980        | 560   124         17.7        
BL_W130_T1.0_D2                    124         0.980        | 521   124         17.7        
BL_W130_T1.0_D4                    124         0.980        | 550   124         17.7        
BL_W130_T1.0_D6                    124         0.980        | 523   124         17.7        
BL_W130_T1.0_D8                    124         0.980        | 524   124         17.7        
BL_W130_T1.0_D10                   124         0.980        | 525   124         17.7        
BL_W130_T1.0_D15                   124         0.980        | 526   124         17.7        
BL_W60_T1.0_D15                    124         0.980        | 627   124         17.7        
BL_W130_T1.0_D25                   124         0.980        | 528   124         17.7        
BL_W130_T1.0_D30                   124         0.980        | 520   124         17.7        
BL_W130_T1.0_D40                   124         0.980        | 530   124         17.7        
BL_W130_T1.2_D2                    124         0.980        | 531   124         17.7        
BL_W130_T1.2_D4                    124         0.980        | 532   124         17.7        
BL_W130_T1.2_D6                    124         0.980        | 556   124         17.7        
BL_W130_T1.2_D8                    124         0.980        | 557   124         17.7        
BL_W130_T1.2_D10                   124         0.980        | 558   124         17.7        
BL_W130_T1.2_D15                   124         0.980        | 559   124         17.7        
BL_W60_T1.2_D40                    124         0.980        | 666   124         17.7        
BL_W60_T1.6_D4                     124         0.980        | 726   124         18.4        
BL_W60_T1.6_D2                     124         0.980        | 727   124         18.4        
BL_W60_T1.4_D40                    124         0.980        | 656   124         17.7        
BL_W60_T1.4_D30                    124         0.980        | 657   124         17.7        
BL_W60_T1.4_D25                    124         0.980        | 658   124         17.7        
BL_W60_T1.4_D20                    124         0.980        | 659   124         17.7        
BL_W60_T1.4_D15                    124         0.980        | 660   124         17.7        
BL_W60_T1.4_D10                    124         0.980        | 661   124         17.7        
BL_W60_T1.4_D8                     124         0.980        | 662   124         17.7        
BL_W130_T1.8_D4                    124         0.980        | 752   124         18.4        
BL_W60_T1.2_D30                    124         0.980        | 667   124         17.7        
BL_W60_T1.2_D25                    124         0.980        | 668   124         17.7        
BL_W60_T1.2_D20                    124         0.980        | 669   124         17.7        
BL_W60_T1.2_D15                    124         0.980        | 670   124         17.7        
BL_W60_T1.0_D40                    124         0.980        | 676   124         17.7        
BL_W60_T1.0_D30                    124         0.980        | 677   124         17.7        
BL_W60_T1.0_D25                    124         0.980        | 639   124         17.7        
BL_W60_T1.0_D20                    124         0.980        | 626   124         17.7        
BL_W120_T1.8_D15                   124         0.980        | 772   124         18.4        
BL_W120_T1.6_D25                   124         0.980        | 463   124         17.7        
BL_W120_T1.6_D30                   124         0.980        | 464   124         17.7        
BL_W120_T1.6_D40                   124         0.980        | 465   124         17.7        
BL_W120_T1.8_D2                    124         0.980        | 724   124         18.4        
BL_W120_T1.8_D4                    124         0.980        | 763   124         18.4        
BL_W120_T1.8_D6                    124         0.980        | 775   124         18.4        
BL_W120_T1.8_D8                    124         0.980        | 774   124         18.4        
BL_W120_T1.8_D10                   124         0.980        | 773   124         18.4        
BL_W120_T1.6_D20                   124         0.980        | 462   124         17.7        
BL_W120_T1.8_D20                   124         0.980        | 771   124         18.4        
BL_W120_T1.8_D25                   124         0.980        | 770   124         18.4        
BL_W120_T1.8_D30                   124         0.980        | 769   124         18.4        
BL_W120_T1.8_D40                   124         0.980        | 768   124         18.4        
BL_W120_T1.2_D40                   124         0.980        | 450   124         17.7        
BL_W50_T1.0_D15                    124         0.980        | 647   124         17.7        
BL_W50_T1.0_D20                    124         0.980        | 646   124         17.7        
BL_W120_T1.4_D30                   124         0.980        | 454   124         17.7        
BL_W120_T1.4_D2                    124         0.980        | 449   124         17.7        
BL_W120_T1.4_D4                    124         0.980        | 448   124         17.7        
BL_W120_T1.4_D6                    124         0.980        | 447   124         17.7        
BL_W120_T1.4_D8                    124         0.980        | 446   124         17.7        
BL_W120_T1.4_D10                   124         0.980        | 444   124         17.7        
BL_W120_T1.4_D15                   124         0.980        | 443   124         17.7        
BL_W120_T1.4_D20                   124         0.980        | 452   124         17.7        
BL_W120_T1.4_D25                   124         0.980        | 453   124         17.7        
BL_W50_T1.6_D25                    124         0.980        | 723   124         18.4        
BL_W120_T1.4_D40                   124         0.980        | 455   124         17.7        
BL_W120_T1.6_D2                    124         0.980        | 456   124         17.7        
BL_W120_T1.6_D4                    124         0.980        | 457   124         17.7        
BL_W120_T1.6_D6                    124         0.980        | 445   124         17.7        
BL_W120_T1.6_D8                    124         0.980        | 459   124         17.7        
BL_W120_T1.6_D10                   124         0.980        | 460   124         17.7        
BL_W120_T1.6_D15                   124         0.980        | 461   124         17.7        
BL_W50_T1.0_D30                    124         0.980        | 644   124         17.7        
BL_W50_T1.6_D30                    124         0.980        | 737   124         18.4        
BL_W50_T1.6_D20                    124         0.980        | 821   124         18.4        
BL_W50_T1.6_D15                    124         0.980        | 790   124         18.4        
BL_W50_T1.6_D6                     124         0.980        | 804   124         18.4        
BL_W50_T1.6_D4                     124         0.980        | 805   124         18.4        
BL_W50_T1.6_D2                     124         0.980        | 806   124         18.4        
BL_W50_T1.4_D40                    124         0.980        | 807   124         18.4        
BL_W50_T1.4_D30                    124         0.980        | 809   124         18.4        
BL_W50_T1.4_D25                    124         0.980        | 810   124         18.4        
BL_W50_T1.4_D20                    124         0.980        | 811   124         18.4        
BL_W50_T1.4_D15                    124         0.980        | 812   124         18.4        
BL_W50_T1.2_D40                    124         0.980        | 633   124         17.7        
BL_W50_T1.2_D30                    124         0.980        | 634   124         17.7        
BL_W50_T1.2_D25                    124         0.980        | 635   124         17.7        
BL_W50_T1.2_D20                    124         0.980        | 636   124         17.7        
BL_W50_T1.0_D25                    124         0.980        | 645   124         17.7        
BL_W50_T1.2_D15                    124         0.980        | 637   124         17.7        
BL_W50_T1.0_D40                    124         0.980        | 643   124         17.7        
BL_W80_T1.8_D6                     120         0.900        | 824   120         22.5        
BL_W50_T1.2_D8                     124         0.900        | 625   124         17.7        
BL_W50_T1.2_D10                    124         0.900        | 638   124         17.7        
BL_W60_T1.4_D6                     124         0.900        | 663   124         17.7        
BL_W50_T1.2_D6                     124         0.900        | 640   124         17.7        
BL_W70_T1.0_D6                     124         0.900        | 653   124         17.7        
BL_W70_T1.0_D4                     124         0.900        | 654   124         17.7        
BL_W70_T1.0_D2                     124         0.900        | 655   124         17.7        
BL_W80_T1.8_D2                     120         0.900        | 826   120         22.5        
BL_W80_T1.8_D4                     120         0.900        | 825   120         22.5        
BL_W50_T1.6_D8                     124         0.900        | 808   124         18.4        
BL_W80_T1.8_D8                     120         0.900        | 829   120         22.5        
BL_W80_T1.8_D10                    120         0.900        | 827   120         22.5        
BL_W80_T1.8_D15                    120         0.900        | 828   120         22.5        
BL_W80_T1.8_D20                    120         0.900        | 830   120         22.5        
BL_W80_T1.8_D25                    120         0.900        | 831   120         22.5        
BL_W80_T1.8_D30                    120         0.900        | 832   120         22.5        
BL_W80_T1.8_D40                    120         0.900        | 823   120         22.5        
BL_W50_T1.6_D10                    124         0.900        | 822   124         18.4        
BL_W50_T1.4_D8                     124         0.900        | 814   124         18.4        
BL_W60_T1.4_D4                     124         0.900        | 664   124         17.7        
BL_W60_T1.4_D2                     124         0.900        | 652   124         17.7        
BL_W70_T1.4_D2                     124         0.900        | 728   124         18.4        
BL_W70_T1.4_D4                     124         0.900        | 729   124         18.4        
BL_W70_T1.4_D6                     124         0.900        | 730   124         18.4        
BL_W50_T1.4_D2                     124         0.900        | 782   124         18.4        
BL_W60_T1.2_D10                    124         0.900        | 671   124         17.7        
BL_W60_T1.2_D8                     124         0.900        | 672   124         17.7        
BL_W50_T1.4_D4                     124         0.900        | 781   124         18.4        
BL_W50_T1.4_D6                     124         0.900        | 780   124         18.4        
BL_W50_T1.4_D10                    124         0.900        | 813   124         18.4        
BL_W70_T1.2_D6                     124         0.900        | 590   124         17.7        
BL_W70_T1.2_D4                     124         0.900        | 591   124         17.7        
BL_W60_T1.0_D10                    124         0.900        | 628   124         17.7        
BL_W70_T1.2_D2                     124         0.900        | 592   124         17.7        
BL_W50_T1.2_D2                     124         0.820        | 642   124         17.7        
BL_W50_T1.0_D10                    124         0.820        | 648   124         17.7        
BL_W50_T1.0_D8                     124         0.820        | 649   124         17.7        
BL_W60_T1.0_D8                     124         0.820        | 629   124         17.7        
BL_W50_T1.0_D6                     124         0.820        | 650   124         17.7        
BL_W50_T1.2_D4                     124         0.820        | 641   124         17.7        
BL_W60_T1.2_D6                     124         0.820        | 673   124         17.7        
BL_W60_T1.2_D4                     124         0.820        | 674   124         17.7        
BL_W60_T1.2_D2                     124         0.820        | 675   124         17.7        
BL_W50_T1.0_D4                     124         0.740        | 475   124         17.7        
BL_W50_T1.0_D2                     124         0.740        | 651   124         17.7        
BL_W60_T1.0_D4                     124         0.740        | 631   124         17.7        
BL_W60_T1.0_D6                     124         0.740        | 630   124         17.7        
BL_W60_T1.0_D2                     124         0.740        | 632   124         17.7        
BL_W60_T2.0_D15                    98          0.500        | 935   98          44.0        
BL_W70_T2.0_D6                     98          0.500        | 928   98          44.0        
BL_W60_T2.0_D20                    98          0.500        | 934   98          44.0        
BL_W60_T2.0_D25                    98          0.500        | 850   98          44.0        
BL_W60_T2.0_D30                    98          0.500        | 951   98          44.0        
BL_W60_T2.0_D40                    98          0.500        | 960   98          44.0        
BL_W120_T2.0_D40                   98          0.500        | 953   98          44.0        
BL_W70_T2.0_D40                    98          0.500        | 921   98          44.0        
BL_W70_T2.0_D30                    98          0.500        | 922   98          44.0        
BL_W70_T2.0_D25                    98          0.500        | 913   98          44.0        
BL_W70_T2.0_D20                    98          0.500        | 924   98          44.0        
BL_W70_T2.0_D15                    98          0.500        | 925   98          44.0        
BL_W70_T2.0_D10                    98          0.500        | 926   98          44.0        
BL_W70_T2.0_D8                     98          0.500        | 927   98          44.0        
BL_W130_T2.0_D40                   98          0.500        | 873   98          44.0        
BL_W60_T2.0_D10                    98          0.500        | 936   98          44.0        
BL_W60_T2.0_D8                     98          0.500        | 937   98          44.0        
BL_W60_T2.0_D6                     98          0.500        | 938   98          44.0        
BL_W60_T2.0_D4                     98          0.500        | 939   98          44.0        
BL_W50_T1.8_D2                     98          0.500        | 862   98          44.0        
BL_W50_T1.8_D4                     98          0.500        | 863   98          44.0        
BL_W50_T1.8_D6                     98          0.500        | 864   98          44.0        
BL_W50_T1.8_D8                     98          0.500        | 865   98          44.0        
BL_W50_T1.8_D10                    98          0.500        | 866   98          44.0        
BL_W50_T1.8_D15                    98          0.500        | 867   98          44.0        
BL_W50_T1.8_D20                    98          0.500        | 868   98          44.0        
BL_W50_T1.8_D25                    98          0.500        | 869   98          44.0        
BL_W50_T1.8_D30                    98          0.500        | 870   98          44.0        
BL_W50_T1.8_D40                    98          0.500        | 871   98          44.0        
BL_W120_T2.0_D2                    98          0.500        | 907   98          44.0        
BL_W70_T1.8_D20                    98          0.500        | 893   98          44.0        
BL_W120_T2.0_D4                    98          0.500        | 908   98          44.0        
BL_W120_T2.0_D6                    98          0.500        | 909   98          44.0        
BL_W120_T2.0_D8                    98          0.500        | 910   98          44.0        
BL_W120_T2.0_D10                   98          0.500        | 911   98          44.0        
BL_W120_T2.0_D15                   98          0.500        | 912   98          44.0        
BL_W120_T2.0_D20                   98          0.500        | 923   98          44.0        
BL_W120_T2.0_D25                   98          0.500        | 942   98          44.0        
BL_W120_T2.0_D30                   98          0.500        | 952   98          44.0        
BL_W70_T1.8_D2                     98          0.500        | 899   98          44.0        
BL_W70_T1.8_D4                     98          0.500        | 898   98          44.0        
BL_W70_T1.8_D6                     98          0.500        | 897   98          44.0        
BL_W70_T1.8_D8                     98          0.500        | 896   98          44.0        
BL_W70_T1.8_D10                    98          0.500        | 895   98          44.0        
BL_W70_T1.8_D15                    98          0.500        | 894   98          44.0        
BL_W70_T2.0_D4                     98          0.500        | 929   98          44.0        
BL_W70_T1.8_D25                    98          0.500        | 903   98          44.0        
BL_W70_T1.8_D30                    98          0.500        | 932   98          44.0        
BL_W70_T1.8_D40                    98          0.500        | 931   98          44.0        
BL_W70_T2.0_D2                     98          0.500        | 930   98          44.0        
BL_W90_T1.8_D40                    98          0.500        | 954   98          44.0        
BL_W90_T1.8_D30                    98          0.500        | 906   98          44.0        
BL_W90_T1.8_D25                    98          0.500        | 905   98          44.0        
BL_W90_T1.8_D20                    98          0.500        | 904   98          44.0        
BL_W90_T1.8_D15                    98          0.500        | 892   98          44.0        
BL_W90_T1.8_D10                    98          0.500        | 902   98          44.0        
BL_W90_T1.8_D8                     98          0.500        | 901   98          44.0        
BL_W90_T1.8_D6                     98          0.500        | 900   98          44.0        
BL_W90_T1.8_D4                     98          0.500        | 920   98          44.0        
BL_W90_T1.8_D2                     98          0.500        | 919   98          44.0        
BL_W100_T2.0_D15                   98          0.500        | 859   98          44.0        
BL_W100_T1.8_D4                    98          0.500        | 876   98          44.0        
BL_W100_T1.8_D6                    98          0.500        | 842   98          44.0        
BL_W100_T1.8_D8                    98          0.500        | 843   98          44.0        
BL_W100_T1.8_D10                   98          0.500        | 844   98          44.0        
BL_W100_T1.8_D15                   98          0.500        | 845   98          44.0        
BL_W100_T1.8_D20                   98          0.500        | 846   98          44.0        
BL_W100_T1.8_D25                   98          0.500        | 847   98          44.0        
BL_W100_T1.8_D30                   98          0.500        | 848   98          44.0        
BL_W100_T1.8_D40                   98          0.500        | 849   98          44.0        
BL_W100_T2.0_D2                    98          0.500        | 852   98          44.0        
BL_W100_T2.0_D4                    98          0.500        | 841   98          44.0        
BL_W100_T2.0_D6                    98          0.500        | 855   98          44.0        
BL_W100_T2.0_D8                    98          0.500        | 854   98          44.0        
BL_W100_T2.0_D10                   98          0.500        | 856   98          44.0        
BL_W100_T1.8_D2                    98          0.500        | 861   98          44.0        
BL_W100_T2.0_D20                   98          0.500        | 853   98          44.0        
BL_W100_T2.0_D25                   98          0.500        | 858   98          44.0        
BL_W100_T2.0_D30                   98          0.500        | 857   98          44.0        
BL_W100_T2.0_D40                   98          0.500        | 851   98          44.0        
BL_W60_T1.8_D40                    98          0.500        | 941   98          44.0        
BL_W60_T1.8_D30                    98          0.500        | 933   98          44.0        
BL_W60_T1.8_D25                    98          0.500        | 943   98          44.0        
BL_W60_T1.8_D20                    98          0.500        | 944   98          44.0        
BL_W60_T1.8_D15                    98          0.500        | 945   98          44.0        
BL_W60_T1.8_D10                    98          0.500        | 946   98          44.0        
BL_W60_T1.8_D8                     98          0.500        | 947   98          44.0        
BL_W60_T1.8_D6                     98          0.500        | 948   98          44.0        
BL_W60_T1.8_D4                     98          0.500        | 949   98          44.0        
BL_W60_T1.8_D2                     98          0.500        | 950   98          44.0        
BL_W60_T2.0_D2                     98          0.500        | 940   98          44.0        
BL_W130_T2.0_D25                   98          0.500        | 875   98          44.0        
BL_W130_T2.0_D20                   98          0.500        | 860   98          44.0        
BL_W130_T2.0_D15                   98          0.500        | 877   98          44.0        
BL_W130_T2.0_D10                   98          0.500        | 878   98          44.0        
BL_W130_T2.0_D8                    98          0.500        | 879   98          44.0        
BL_W130_T2.0_D6                    98          0.500        | 880   98          44.0        
BL_W130_T2.0_D4                    98          0.500        | 881   98          44.0        
BL_W130_T2.0_D2                    98          0.500        | 882   98          44.0        
BL_W110_T1.8_D40                   98          0.500        | 959   98          44.0        
BL_W110_T1.8_D25                   98          0.500        | 957   98          44.0        
BL_W130_T2.0_D30                   98          0.500        | 874   98          44.0        
BL_W110_T1.8_D2                    98          0.500        | 918   98          44.0        
BL_W110_T1.8_D4                    98          0.500        | 917   98          44.0        
BL_W110_T1.8_D6                    98          0.500        | 916   98          44.0        
BL_W110_T1.8_D8                    98          0.500        | 915   98          44.0        
BL_W110_T1.8_D10                   98          0.500        | 914   98          44.0        
BL_W110_T1.8_D15                   98          0.500        | 955   98          44.0        
BL_W110_T1.8_D20                   98          0.500        | 956   98          44.0        
BL_W110_T1.8_D30                   98          0.500        | 958   98          44.0        
BL_W110_T2.0_D25                   94          0.420        | 981   94          47.6        
BL_W110_T2.0_D30                   94          0.420        | 967   94          47.6        
BL_W110_T2.0_D40                   94          0.420        | 972   94          47.6        
BL_W110_T2.0_D20                   94          0.420        | 971   94          47.6        
BL_W110_T2.0_D15                   94          0.420        | 970   94          47.6        
BL_W110_T2.0_D10                   94          0.420        | 969   94          47.6        
BL_W90_T2.0_D15                    94          0.420        | 986   94          47.6        
BL_W110_T2.0_D8                    94          0.420        | 964   94          47.6        
BL_W110_T2.0_D6                    94          0.420        | 963   94          47.6        
BL_W110_T2.0_D4                    94          0.420        | 962   94          47.6        
BL_W110_T2.0_D2                    94          0.420        | 961   94          47.6        
BL_W80_T2.0_D40                    94          0.420        | 968   94          47.6        
BL_W80_T2.0_D2                     94          0.420        | 980   94          47.6        
BL_W80_T2.0_D4                     94          0.420        | 979   94          47.6        
BL_W80_T2.0_D6                     94          0.420        | 978   94          47.6        
BL_W80_T2.0_D8                     94          0.420        | 977   94          47.6        
BL_W80_T2.0_D10                    94          0.420        | 976   94          47.6        
BL_W80_T2.0_D15                    94          0.420        | 975   94          47.6        
BL_W80_T2.0_D20                    94          0.420        | 973   94          47.6        
BL_W80_T2.0_D25                    94          0.420        | 965   94          47.6        
BL_W80_T2.0_D30                    94          0.420        | 966   94          47.6        
BL_W50_T2.0_D2                     98          0.420        | 872   98          44.0        
BL_W90_T2.0_D40                    94          0.420        | 982   94          47.6        
BL_W90_T2.0_D30                    94          0.420        | 974   94          47.6        
BL_W90_T2.0_D25                    94          0.420        | 984   94          47.6        
BL_W90_T2.0_D20                    94          0.420        | 985   94          47.6        
BL_W90_T2.0_D10                    94          0.420        | 987   94          47.6        
BL_W90_T2.0_D8                     94          0.420        | 988   94          47.6        
BL_W90_T2.0_D6                     94          0.420        | 989   94          47.6        
BL_W90_T2.0_D4                     94          0.420        | 990   94          47.6        
BL_W90_T2.0_D2                     94          0.420        | 983   94          47.6        
BL_W50_T2.0_D30                    98          0.420        | 890   98          44.0        
BL_W50_T2.0_D25                    98          0.420        | 889   98          44.0        
BL_W50_T2.0_D4                     98          0.420        | 883   98          44.0        
BL_W50_T2.0_D6                     98          0.420        | 884   98          44.0        
BL_W50_T2.0_D8                     98          0.420        | 885   98          44.0        
BL_W50_T2.0_D10                    98          0.420        | 886   98          44.0        
BL_W50_T2.0_D15                    98          0.420        | 887   98          44.0        
BL_W50_T2.0_D20                    98          0.420        | 888   98          44.0        
BL_W50_T2.0_D40                    98          0.420        | 891   98          44.0        
BL_W110_T2.8_D20                   149         0.340        | 261   149         6.8         
BL_W110_T2.8_D25                   148         0.340        | 180   148         6.3         
BL_W110_T2.8_D15                   149         0.340        | 387   149         7.2         
BL_W110_T2.8_D10                   149         0.340        | 388   149         7.2         
BL_W110_T2.8_D8                    148         0.340        | 179   148         6.3         
BL_W110_T2.8_D6                    148         0.340        | 178   148         6.3         
BL_W110_T2.8_D4                    148         0.340        | 182   148         6.3         
BL_W110_T2.8_D2                    148         0.340        | 188   148         6.3         
BL_W110_T2.6_D25                   148         0.340        | 190   148         6.3         
BL_W110_T2.6_D20                   149         0.340        | 268   149         6.8         
BL_W110_T2.6_D15                   149         0.340        | 306   149         7.2         
BL_W110_T2.6_D10                   149         0.340        | 293   149         7.2         
BL_W110_T2.6_D8                    149         0.340        | 274   149         6.8         
BL_W110_T2.6_D6                    149         0.340        | 245   149         6.8         
BL_W110_T2.6_D4                    149         0.340        | 246   149         6.8         
BL_W70_T2.2_D10                    149         0.340        | 368   149         7.2         
BL_W60_T3.0_D4                     149         0.340        | 435   149         7.5         
BL_W60_T3.0_D6                     149         0.340        | 434   149         7.5         
BL_W60_T3.0_D8                     149         0.340        | 301   149         7.2         
BL_W60_T3.0_D10                    149         0.340        | 297   149         7.2         
BL_W60_T3.0_D15                    149         0.340        | 286   149         6.8         
BL_W60_T3.0_D20                    148         0.340        | 192   148         6.3         
BL_W70_T2.2_D2                     149         0.340        | 372   149         7.2         
BL_W70_T2.2_D4                     149         0.340        | 371   149         7.2         
BL_W70_T2.2_D6                     149         0.340        | 428   149         7.5         
BL_W70_T2.2_D8                     149         0.340        | 369   149         7.2         
BL_W110_T2.4_D10                   149         0.340        | 309   149         7.2         
BL_W70_T2.2_D15                    149         0.340        | 217   149         6.8         
BL_W70_T2.2_D20                    148         0.340        | 194   148         6.3         
BL_W110_T3.0_D25                   148         0.340        | 185   148         6.3         
BL_W110_T3.0_D20                   149         0.340        | 224   149         6.8         
BL_W110_T3.0_D15                   149         0.340        | 302   149         7.2         
BL_W110_T3.0_D10                   149         0.340        | 374   149         7.2         
BL_W110_T3.0_D8                    148         0.340        | 193   148         6.3         
BL_W110_T3.0_D6                    148         0.340        | 181   148         6.3         
BL_W110_T3.0_D4                    148         0.340        | 187   148         6.3         
BL_W110_T3.0_D2                    148         0.340        | 186   148         6.3         
BL_W70_T2.6_D20                    148         0.340        | 197   148         6.3         
BL_W70_T2.4_D4                     149         0.340        | 363   149         7.2         
BL_W70_T2.4_D6                     149         0.340        | 424   149         7.5         
BL_W70_T2.4_D8                     149         0.340        | 361   149         7.2         
BL_W90_T2.4_D6                     149         0.340        | 360   149         7.2         
BL_W70_T2.8_D8                     149         0.340        | 384   149         7.2         
BL_W70_T2.8_D6                     149         0.340        | 433   149         7.5         
BL_W70_T2.8_D4                     149         0.340        | 346   149         7.2         
BL_W70_T2.8_D2                     149         0.340        | 347   149         7.2         
BL_W70_T2.4_D2                     149         0.340        | 364   149         7.2         
BL_W70_T2.6_D15                    149         0.340        | 238   149         6.8         
BL_W70_T2.6_D10                    149         0.340        | 352   149         7.2         
BL_W70_T2.6_D8                     149         0.340        | 353   149         7.2         
BL_W70_T2.4_D10                    149         0.340        | 345   149         7.2         
BL_W70_T2.4_D15                    149         0.340        | 237   149         6.8         
BL_W70_T2.4_D20                    148         0.340        | 198   148         6.3         
BL_W70_T2.6_D2                     149         0.340        | 355   149         7.2         
BL_W70_T2.6_D4                     149         0.340        | 354   149         7.2         
BL_W110_T2.4_D2                    149         0.340        | 258   149         6.8         
BL_W110_T2.4_D25                   148         0.340        | 189   148         6.3         
BL_W110_T2.4_D20                   149         0.340        | 254   149         6.8         
BL_W110_T2.4_D15                   149         0.340        | 310   149         7.2         
BL_W70_T2.6_D6                     149         0.340        | 426   149         7.5         
BL_W110_T2.4_D8                    149         0.340        | 255   149         6.8         
BL_W110_T2.4_D6                    149         0.340        | 256   149         6.8         
BL_W70_T2.8_D10                    149         0.340        | 396   149         7.2         
BL_W110_T2.4_D4                    149         0.340        | 257   149         6.8         
BL_W110_T2.6_D2                    149         0.340        | 247   149         6.8         
BL_W110_T2.2_D25                   148         0.340        | 199   148         6.3         
BL_W110_T2.2_D20                   149         0.340        | 259   149         6.8         
BL_W110_T2.2_D15                   149         0.340        | 298   149         7.2         
BL_W110_T2.2_D10                   149         0.340        | 296   149         7.2         
BL_W110_T2.2_D8                    149         0.340        | 253   149         6.8         
BL_W110_T2.2_D6                    149         0.340        | 252   149         6.8         
BL_W110_T2.2_D4                    149         0.340        | 242   149         6.8         
BL_W110_T2.2_D2                    149         0.340        | 250   149         6.8         
BL_W50_T3.0_D6                     149         0.340        | 340   149         7.2         
BL_W50_T2.6_D20                    148         0.340        | 206   148         6.3         
BL_W50_T2.8_D2                     149         0.340        | 386   149         7.2         
BL_W50_T2.8_D4                     149         0.340        | 402   149         7.5         
BL_W50_T2.8_D6                     149         0.340        | 305   149         7.2         
BL_W50_T2.8_D8                     149         0.340        | 303   149         7.2         
BL_W50_T2.8_D10                    149         0.340        | 313   149         7.2         
BL_W50_T2.8_D15                    149         0.340        | 282   149         6.8         
BL_W50_T2.8_D20                    148         0.340        | 204   148         6.3         
BL_W50_T3.0_D2                     149         0.340        | 341   149         7.2         
BL_W50_T3.0_D4                     149         0.340        | 398   149         7.5         
BL_W50_T2.6_D15                    149         0.340        | 284   149         6.8         
BL_W50_T3.0_D8                     149         0.340        | 339   149         7.2         
BL_W50_T3.0_D10                    149         0.340        | 338   149         7.2         
BL_W50_T3.0_D15                    149         0.340        | 280   149         6.8         
BL_W50_T3.0_D20                    148         0.340        | 201   148         6.3         
BL_W120_T3.0_D20                   148         0.340        | 207   148         6.3         
BL_W120_T3.0_D15                   149         0.340        | 288   149         6.8         
BL_W120_T2.8_D20                   148         0.340        | 208   148         6.3         
BL_W120_T2.8_D15                   149         0.340        | 289   149         6.8         
BL_W120_T2.6_D20                   148         0.340        | 209   148         6.3         
BL_W50_T2.4_D6                     149         0.340        | 397   149         7.2         
BL_W50_T2.2_D2                     149         0.340        | 356   149         7.2         
BL_W50_T2.2_D4                     149         0.340        | 421   149         7.5         
BL_W50_T2.2_D6                     149         0.340        | 351   149         7.2         
BL_W50_T2.2_D8                     149         0.340        | 350   149         7.2         
BL_W50_T2.2_D10                    149         0.340        | 349   149         7.2         
BL_W50_T2.2_D15                    149         0.340        | 279   149         6.8         
BL_W50_T2.2_D20                    148         0.340        | 215   148         6.3         
BL_W50_T2.4_D2                     149         0.340        | 394   149         7.2         
BL_W50_T2.4_D4                     149         0.340        | 411   149         7.5         
BL_W120_T2.6_D15                   149         0.340        | 290   149         6.8         
BL_W50_T2.4_D8                     149         0.340        | 395   149         7.2         
BL_W50_T2.4_D10                    149         0.340        | 377   149         7.2         
BL_W50_T2.4_D15                    149         0.340        | 283   149         6.8         
BL_W50_T2.4_D20                    148         0.340        | 210   148         6.3         
BL_W50_T2.6_D2                     149         0.340        | 380   149         7.2         
BL_W50_T2.6_D4                     149         0.340        | 412   149         7.5         
BL_W50_T2.6_D6                     149         0.340        | 383   149         7.2         
BL_W50_T2.6_D8                     149         0.340        | 375   149         7.2         
BL_W50_T2.6_D10                    149         0.340        | 385   149         7.2         
BL_W60_T2.6_D10                    149         0.340        | 300   149         7.2         
BL_W60_T2.4_D4                     149         0.340        | 422   149         7.5         
BL_W60_T2.4_D6                     149         0.340        | 429   149         7.5         
BL_W60_T2.4_D8                     149         0.340        | 314   149         7.2         
BL_W60_T2.4_D10                    149         0.340        | 331   149         7.2         
BL_W60_T2.4_D15                    149         0.340        | 278   149         6.8         
BL_W60_T2.4_D20                    148         0.340        | 213   148         6.3         
BL_W60_T2.6_D2                     149         0.340        | 294   149         7.2         
BL_W60_T2.6_D4                     149         0.340        | 442   149         7.5         
BL_W60_T2.6_D6                     149         0.340        | 438   149         7.5         
BL_W60_T2.6_D8                     149         0.340        | 299   149         7.2         
BL_W60_T2.4_D2                     149         0.340        | 322   149         7.2         
BL_W60_T2.6_D15                    149         0.340        | 281   149         6.8         
BL_W60_T2.6_D20                    148         0.340        | 212   148         6.3         
BL_W60_T2.8_D2                     149         0.340        | 292   149         7.2         
BL_W60_T2.8_D4                     149         0.340        | 437   149         7.5         
BL_W60_T2.8_D6                     149         0.340        | 436   149         7.5         
BL_W60_T2.8_D8                     149         0.340        | 307   149         7.2         
BL_W60_T2.8_D10                    149         0.340        | 308   149         7.2         
BL_W60_T2.8_D15                    149         0.340        | 277   149         6.8         
BL_W60_T2.8_D20                    148         0.340        | 184   148         6.3         
BL_W120_T2.2_D6                    119         0.340        | 839   119         23.2        
BL_W120_T2.4_D20                   148         0.340        | 195   148         6.3         
BL_W120_T2.4_D15                   149         0.340        | 291   149         6.8         
BL_W120_T2.2_D40                   119         0.340        | 834   119         23.2        
BL_W120_T2.2_D30                   119         0.340        | 835   119         23.2        
BL_W120_T2.2_D25                   119         0.340        | 836   119         23.2        
BL_W120_T2.2_D20                   148         0.340        | 191   148         6.3         
BL_W120_T2.2_D15                   149         0.340        | 287   149         6.8         
BL_W120_T2.2_D10                   119         0.340        | 837   119         23.2        
BL_W120_T2.2_D8                    119         0.340        | 838   119         23.2        
BL_W60_T3.0_D2                     149         0.340        | 312   149         7.2         
BL_W120_T2.2_D4                    119         0.340        | 840   119         23.2        
BL_W120_T2.2_D2                    119         0.340        | 833   119         23.2        
BL_W60_T2.2_D2                     149         0.340        | 315   149         7.2         
BL_W60_T2.2_D4                     149         0.340        | 439   149         7.5         
BL_W60_T2.2_D6                     149         0.340        | 432   149         7.5         
BL_W60_T2.2_D8                     149         0.340        | 320   149         7.2         
BL_W60_T2.2_D10                    149         0.340        | 321   149         7.2         
BL_W60_T2.2_D15                    149         0.340        | 285   149         6.8         
BL_W60_T2.2_D20                    148         0.340        | 211   148         6.3         
BL_W100_T2.2_D4                    149         0.340        | 370   149         7.2         
BL_W90_T2.8_D2                     149         0.340        | 239   149         6.8         
BL_W100_T2.2_D25                   148         0.340        | 214   148         6.3         
BL_W100_T2.2_D20                   149         0.340        | 220   149         6.8         
BL_W100_T2.2_D15                   149         0.340        | 366   149         7.2         
BL_W100_T2.2_D10                   149         0.340        | 410   149         7.5         
BL_W100_T2.2_D8                    149         0.340        | 409   149         7.5         
BL_W100_T2.2_D6                    149         0.340        | 367   149         7.2         
BL_W80_T3.0_D20                    149         0.340        | 270   149         6.8         
BL_W90_T2.8_D4                     149         0.340        | 240   149         6.8         
BL_W100_T2.2_D2                    149         0.340        | 373   149         7.2         
BL_W80_T2.4_D2                     149         0.340        | 328   149         7.2         
BL_W80_T2.4_D4                     149         0.340        | 327   149         7.2         
BL_W80_T2.4_D6                     149         0.340        | 430   149         7.5         
BL_W80_T2.4_D8                     149         0.340        | 431   149         7.5         
BL_W80_T2.4_D10                    149         0.340        | 324   149         7.2         
BL_W90_T2.6_D20                    149         0.340        | 236   149         6.8         
BL_W80_T2.4_D15                    149         0.340        | 323   149         7.2         
BL_W90_T2.8_D6                     149         0.340        | 241   149         6.8         
BL_W100_T2.4_D2                    149         0.340        | 365   149         7.2         
BL_W100_T2.4_D4                    149         0.340        | 362   149         7.2         
BL_W100_T2.4_D6                    149         0.340        | 359   149         7.2         
BL_W100_T2.4_D8                    149         0.340        | 405   149         7.5         
BL_W100_T2.4_D10                   149         0.340        | 404   149         7.5         
BL_W100_T2.4_D15                   149         0.340        | 342   149         7.2         
BL_W90_T2.8_D8                     149         0.340        | 403   149         7.5         
BL_W90_T2.8_D10                    149         0.340        | 393   149         7.2         
BL_W90_T2.8_D15                    149         0.340        | 348   149         7.2         
BL_W100_T2.4_D20                   149         0.340        | 223   149         6.8         
BL_W100_T2.4_D25                   148         0.340        | 203   148         6.3         
BL_W90_T2.8_D20                    149         0.340        | 234   149         6.8         
BL_W100_T2.6_D2                    149         0.340        | 222   149         6.8         
BL_W100_T2.6_D4                    149         0.340        | 221   149         6.8         
BL_W80_T2.8_D10                    149         0.340        | 318   149         7.2         
BL_W80_T3.0_D10                    149         0.340        | 325   149         7.2         
BL_W80_T3.0_D8                     149         0.340        | 400   149         7.5         
BL_W80_T3.0_D6                     149         0.340        | 401   149         7.5         
BL_W90_T2.6_D2                     149         0.340        | 229   149         6.8         
BL_W80_T2.8_D2                     149         0.340        | 276   149         6.8         
BL_W80_T2.8_D4                     149         0.340        | 275   149         6.8         
BL_W80_T2.8_D6                     149         0.340        | 408   149         7.5         
BL_W80_T2.8_D8                     149         0.340        | 407   149         7.5         
BL_W90_T2.4_D20                    149         0.340        | 228   149         6.8         
BL_W80_T2.8_D15                    149         0.340        | 319   149         7.2         
BL_W80_T2.8_D20                    149         0.340        | 273   149         6.8         
BL_W90_T2.6_D4                     149         0.340        | 231   149         6.8         
BL_W90_T2.6_D6                     149         0.340        | 235   149         6.8         
BL_W90_T2.6_D8                     149         0.340        | 413   149         7.5         
BL_W80_T3.0_D2                     149         0.340        | 272   149         6.8         
BL_W80_T3.0_D4                     149         0.340        | 271   149         6.8         
BL_W70_T2.8_D20                    148         0.340        | 196   148         6.3         
BL_W90_T2.4_D15                    149         0.340        | 389   149         7.2         
BL_W80_T2.6_D20                    149         0.340        | 251   149         6.8         
BL_W80_T2.6_D15                    149         0.340        | 316   149         7.2         
BL_W80_T2.6_D10                    149         0.340        | 317   149         7.2         
BL_W80_T2.6_D8                     149         0.340        | 441   149         7.5         
BL_W80_T2.6_D6                     149         0.340        | 440   149         7.5         
BL_W90_T2.4_D10                    149         0.340        | 390   149         7.2         
BL_W90_T2.4_D8                     149         0.340        | 406   149         7.5         
BL_W90_T2.4_D4                     149         0.340        | 391   149         7.2         
BL_W80_T2.6_D4                     149         0.340        | 243   149         6.8         
BL_W80_T2.6_D2                     149         0.340        | 244   149         6.8         
BL_W80_T3.0_D15                    149         0.340        | 326   149         7.2         
BL_W90_T2.6_D10                    149         0.340        | 382   149         7.2         
BL_W90_T2.6_D15                    149         0.340        | 381   149         7.2         
BL_W80_T2.4_D20                    149         0.340        | 248   149         6.8         
BL_W80_T2.2_D8                     149         0.340        | 427   149         7.5         
BL_W100_T3.0_D6                    149         0.340        | 267   149         6.8         
BL_W100_T3.0_D8                    149         0.340        | 420   149         7.5         
BL_W100_T3.0_D10                   149         0.340        | 416   149         7.5         
BL_W100_T3.0_D15                   149         0.340        | 329   149         7.2         
BL_W100_T3.0_D20                   149         0.340        | 260   149         6.8         
BL_W100_T3.0_D25                   148         0.340        | 205   148         6.3         
BL_W90_T3.0_D8                     149         0.340        | 418   149         7.5         
BL_W90_T3.0_D10                    149         0.340        | 357   149         7.2         
BL_W90_T3.0_D15                    149         0.340        | 358   149         7.2         
BL_W90_T3.0_D20                    149         0.340        | 225   149         6.8         
BL_W90_T2.2_D6                     149         0.340        | 330   149         7.2         
BL_W90_T2.2_D8                     149         0.340        | 399   149         7.5         
BL_W80_T2.2_D20                    149         0.340        | 249   149         6.8         
BL_W80_T2.2_D15                    149         0.340        | 332   149         7.2         
BL_W80_T2.2_D10                    149         0.340        | 333   149         7.2         
BL_W100_T2.6_D8                    149         0.340        | 414   149         7.5         
BL_W80_T2.2_D6                     149         0.340        | 423   149         7.5         
BL_W80_T2.2_D4                     149         0.340        | 335   149         7.2         
BL_W80_T2.2_D2                     149         0.340        | 336   149         7.2         
BL_W70_T3.0_D20                    148         0.340        | 183   148         6.3         
BL_W70_T3.0_D15                    149         0.340        | 226   149         6.8         
BL_W70_T3.0_D10                    149         0.340        | 379   149         7.2         
BL_W70_T3.0_D8                     149         0.340        | 378   149         7.2         
BL_W70_T3.0_D6                     149         0.340        | 425   149         7.5         
BL_W70_T3.0_D4                     149         0.340        | 376   149         7.2         
BL_W70_T3.0_D2                     149         0.340        | 392   149         7.2         
BL_W90_T2.2_D10                    149         0.340        | 295   149         7.2         
BL_W90_T2.2_D15                    149         0.340        | 304   149         7.2         
BL_W90_T2.2_D20                    149         0.340        | 227   149         6.8         
BL_W90_T2.4_D2                     149         0.340        | 311   149         7.2         
BL_W70_T2.8_D15                    149         0.340        | 230   149         6.8         
BL_W100_T3.0_D2                    149         0.340        | 265   149         6.8         
BL_W100_T2.6_D6                    149         0.340        | 219   149         6.8         
BL_W100_T2.6_D10                   149         0.340        | 415   149         7.5         
BL_W100_T2.6_D15                   149         0.340        | 337   149         7.2         
BL_W100_T2.6_D20                   149         0.340        | 218   149         6.8         
BL_W100_T2.6_D25                   148         0.340        | 200   148         6.3         
BL_W90_T3.0_D2                     149         0.340        | 233   149         6.8         
BL_W100_T2.8_D2                    149         0.340        | 269   149         6.8         
BL_W100_T2.8_D4                    149         0.340        | 262   149         6.8         
BL_W90_T3.0_D4                     149         0.340        | 232   149         6.8         
BL_W90_T2.2_D2                     149         0.340        | 343   149         7.2         
BL_W100_T2.8_D6                    149         0.340        | 263   149         6.8         
BL_W100_T2.8_D8                    149         0.340        | 417   149         7.5         
BL_W100_T2.8_D10                   149         0.340        | 419   149         7.5         
BL_W100_T2.8_D15                   149         0.340        | 334   149         7.2         
BL_W100_T2.8_D20                   149         0.340        | 264   149         6.8         
BL_W100_T2.8_D25                   148         0.340        | 202   148         6.3         
BL_W90_T2.2_D4                     149         0.340        | 344   149         7.2         
BL_W100_T3.0_D4                    149         0.340        | 266   149         6.8         
BL_W90_T3.0_D6                     149         0.340        | 216   149         6.8         
BL_W90_T2.2_D40                    143         0.260        | 8     143         1.5         
BL_W90_T2.6_D40                    143         0.260        | 13    143         1.5         
BL_W130_T3.0_D40                   143         0.260        | 32    143         1.5         
BL_W90_T2.8_D25                    144         0.260        | 142   144         1.8         
BL_W90_T2.8_D30                    144         0.260        | 125   144         1.8         
BL_W50_T2.4_D40                    143         0.260        | 1     143         1.5         
BL_W50_T2.2_D25                    144         0.260        | 129   144         1.8         
BL_W50_T2.2_D30                    144         0.260        | 130   144         1.8         
BL_W50_T2.4_D30                    144         0.260        | 113   144         1.8         
BL_W50_T2.4_D25                    144         0.260        | 112   144         1.8         
BL_W50_T2.6_D30                    144         0.260        | 111   144         1.8         
BL_W50_T2.6_D25                    144         0.260        | 116   144         1.8         
BL_W90_T2.8_D40                    143         0.260        | 17    143         1.5         
BL_W50_T2.8_D40                    143         0.260        | 6     143         1.5         
BL_W50_T2.8_D30                    144         0.260        | 131   144         1.8         
BL_W50_T2.8_D25                    144         0.260        | 132   144         1.8         
BL_W90_T3.0_D40                    143         0.260        | 18    143         1.5         
BL_W90_T3.0_D30                    144         0.260        | 114   144         1.8         
BL_W90_T3.0_D25                    144         0.260        | 105   144         1.8         
BL_W90_T2.6_D30                    144         0.260        | 106   144         1.8         
BL_W90_T2.6_D25                    144         0.260        | 107   144         1.8         
BL_W50_T2.6_D40                    143         0.260        | 9     143         1.5         
BL_W50_T2.2_D40                    143         0.260        | 15    143         1.5         
BL_W130_T2.8_D20                   144         0.260        | 172   144         2.2         
BL_W130_T2.6_D10                   144         0.260        | 171   144         2.2         
BL_W130_T2.6_D15                   144         0.260        | 170   144         2.2         
BL_W130_T2.6_D20                   144         0.260        | 162   144         2.2         
BL_W130_T2.6_D25                   144         0.260        | 59    144         1.8         
BL_W130_T2.6_D30                   144         0.260        | 70    144         1.8         
BL_W130_T2.6_D40                   143         0.260        | 44    143         1.5         
BL_W130_T2.8_D2                    144         0.260        | 67    144         1.8         
BL_W130_T2.8_D4                    144         0.260        | 65    144         1.8         
BL_W130_T2.8_D6                    144         0.260        | 64    144         1.8         
BL_W130_T2.8_D8                    144         0.260        | 61    144         1.8         
BL_W130_T2.8_D10                   144         0.260        | 165   144         2.2         
BL_W130_T2.8_D15                   144         0.260        | 169   144         2.2         
BL_W130_T2.6_D8                    144         0.260        | 133   144         1.8         
BL_W130_T2.8_D25                   144         0.260        | 52    144         1.8         
BL_W130_T2.8_D30                   144         0.260        | 45    144         1.8         
BL_W130_T2.8_D40                   143         0.260        | 42    143         1.5         
BL_W130_T3.0_D2                    144         0.260        | 99    144         1.8         
BL_W130_T3.0_D4                    144         0.260        | 95    144         1.8         
BL_W130_T3.0_D6                    144         0.260        | 92    144         1.8         
BL_W130_T3.0_D8                    144         0.260        | 87    144         1.8         
BL_W130_T3.0_D10                   144         0.260        | 151   144         2.2         
BL_W130_T3.0_D15                   144         0.260        | 152   144         2.2         
BL_W130_T3.0_D20                   144         0.260        | 154   144         2.2         
BL_W130_T3.0_D25                   144         0.260        | 81    144         1.8         
BL_W130_T3.0_D30                   144         0.260        | 78    144         1.8         
BL_W130_T2.4_D2                    144         0.260        | 149   144         2.2         
BL_W90_T2.4_D30                    144         0.260        | 120   144         1.8         
BL_W90_T2.4_D25                    144         0.260        | 109   144         1.8         
BL_W130_T2.2_D2                    144         0.260        | 155   144         2.2         
BL_W130_T2.2_D4                    144         0.260        | 156   144         2.2         
BL_W130_T2.2_D6                    144         0.260        | 157   144         2.2         
BL_W130_T2.2_D8                    144         0.260        | 158   144         2.2         
BL_W130_T2.2_D10                   144         0.260        | 159   144         2.2         
BL_W130_T2.2_D15                   144         0.260        | 160   144         2.2         
BL_W130_T2.2_D20                   144         0.260        | 161   144         2.2         
BL_W130_T2.2_D25                   144         0.260        | 138   144         1.8         
BL_W130_T2.2_D30                   144         0.260        | 73    144         1.8         
BL_W130_T2.2_D40                   143         0.260        | 21    143         1.5         
BL_W90_T2.4_D40                    143         0.260        | 10    143         1.5         
BL_W130_T2.4_D4                    144         0.260        | 153   144         2.2         
BL_W130_T2.4_D6                    144         0.260        | 150   144         2.2         
BL_W130_T2.4_D8                    144         0.260        | 146   144         2.2         
BL_W130_T2.4_D10                   144         0.260        | 148   144         2.2         
BL_W130_T2.4_D15                   144         0.260        | 163   144         2.2         
BL_W130_T2.4_D20                   144         0.260        | 173   144         2.2         
BL_W130_T2.4_D25                   144         0.260        | 136   144         1.8         
BL_W130_T2.4_D30                   144         0.260        | 137   144         1.8         
BL_W130_T2.4_D40                   143         0.260        | 43    143         1.5         
BL_W130_T2.6_D2                    144         0.260        | 123   144         1.8         
BL_W130_T2.6_D4                    144         0.260        | 122   144         1.8         
BL_W130_T2.6_D6                    144         0.260        | 110   144         1.8         
BL_W60_T3.0_D40                    143         0.260        | 31    143         1.5         
BL_W100_T2.6_D40                   143         0.260        | 12    143         1.5         
BL_W100_T2.6_D30                   144         0.260        | 68    144         1.8         
BL_W110_T2.8_D30                   144         0.260        | 69    144         1.8         
BL_W110_T2.8_D40                   143         0.260        | 2     143         1.5         
BL_W100_T2.4_D40                   143         0.260        | 5     143         1.5         
BL_W100_T2.4_D30                   144         0.260        | 126   144         1.8         
BL_W110_T3.0_D30                   144         0.260        | 139   144         1.8         
BL_W110_T3.0_D40                   143         0.260        | 20    143         1.5         
BL_W70_T2.2_D40                    143         0.260        | 16    143         1.5         
BL_W70_T2.2_D30                    144         0.260        | 119   144         1.8         
BL_W70_T2.2_D25                    144         0.260        | 118   144         1.8         
BL_W100_T2.2_D40                   143         0.260        | 19    143         1.5         
BL_W110_T2.6_D40                   143         0.260        | 40    143         1.5         
BL_W60_T3.0_D30                    144         0.260        | 94    144         1.8         
BL_W60_T3.0_D25                    144         0.260        | 93    144         1.8         
BL_W100_T2.2_D30                   144         0.260        | 115   144         1.8         
BL_W60_T2.8_D40                    143         0.260        | 26    143         1.5         
BL_W60_T2.8_D30                    144         0.260        | 80    144         1.8         
BL_W60_T2.8_D25                    144         0.260        | 79    144         1.8         
BL_W60_T2.6_D40                    143         0.260        | 23    143         1.5         
BL_W60_T2.6_D30                    144         0.260        | 76    144         1.8         
BL_W60_T2.6_D25                    144         0.260        | 75    144         1.8         
BL_W80_T2.4_D25                    144         0.260        | 74    144         1.8         
BL_W80_T2.4_D30                    144         0.260        | 91    144         1.8         
BL_W80_T2.4_D40                    143         0.260        | 30    143         1.5         
BL_W80_T2.2_D25                    144         0.260        | 85    144         1.8         
BL_W70_T2.8_D25                    144         0.260        | 117   144         1.8         
BL_W70_T2.8_D30                    144         0.260        | 108   144         1.8         
BL_W70_T2.8_D40                    143         0.260        | 7     143         1.5         
BL_W70_T2.6_D40                    143         0.260        | 11    143         1.5         
BL_W70_T2.6_D30                    144         0.260        | 124   144         1.8         
BL_W70_T2.6_D25                    144         0.260        | 121   144         1.8         
BL_W70_T2.4_D40                    143         0.260        | 14    143         1.5         
BL_W70_T2.4_D30                    144         0.260        | 135   144         1.8         
BL_W70_T2.4_D25                    144         0.260        | 134   144         1.8         
BL_W70_T3.0_D25                    144         0.260        | 128   144         1.8         
BL_W70_T3.0_D30                    144         0.260        | 127   144         1.8         
BL_W70_T3.0_D40                    143         0.260        | 4     143         1.5         
BL_W60_T2.4_D40                    143         0.260        | 25    143         1.5         
BL_W80_T2.2_D30                    144         0.260        | 86    144         1.8         
BL_W80_T2.2_D40                    143         0.260        | 27    143         1.5         
BL_W100_T3.0_D40                   143         0.260        | 39    143         1.5         
BL_W100_T3.0_D30                   144         0.260        | 62    144         1.8         
BL_W110_T2.2_D30                   144         0.260        | 77    144         1.8         
BL_W110_T2.2_D40                   143         0.260        | 24    143         1.5         
BL_W110_T2.4_D30                   144         0.260        | 84    144         1.8         
BL_W110_T2.4_D40                   143         0.260        | 28    143         1.5         
BL_W100_T2.8_D40                   143         0.260        | 41    143         1.5         
BL_W100_T2.8_D30                   144         0.260        | 66    144         1.8         
BL_W110_T2.6_D30                   144         0.260        | 63    144         1.8         
BL_W120_T2.8_D40                   143         0.260        | 34    143         1.5         
BL_W80_T3.0_D30                    144         0.260        | 60    144         1.8         
BL_W80_T3.0_D40                    143         0.260        | 38    143         1.5         
BL_W120_T2.6_D25                   144         0.260        | 97    144         1.8         
BL_W120_T2.6_D30                   144         0.260        | 98    144         1.8         
BL_W120_T2.6_D40                   143         0.260        | 22    143         1.5         
BL_W120_T2.8_D2                    144         0.260        | 100   144         1.8         
BL_W120_T2.8_D4                    144         0.260        | 101   144         1.8         
BL_W120_T2.8_D6                    144         0.260        | 102   144         1.8         
BL_W120_T2.8_D8                    144         0.260        | 103   144         1.8         
BL_W120_T2.8_D10                   144         0.260        | 177   144         2.5         
BL_W120_T2.8_D25                   144         0.260        | 90    144         1.8         
BL_W120_T2.8_D30                   144         0.260        | 47    144         1.8         
BL_W120_T2.6_D10                   144         0.260        | 176   144         2.5         
BL_W120_T3.0_D2                    144         0.260        | 46    144         1.8         
BL_W120_T3.0_D4                    144         0.260        | 48    144         1.8         
BL_W120_T3.0_D6                    144         0.260        | 49    144         1.8         
BL_W120_T3.0_D8                    144         0.260        | 51    144         1.8         
BL_W120_T3.0_D10                   144         0.260        | 175   144         2.5         
BL_W120_T3.0_D25                   144         0.260        | 54    144         1.8         
BL_W120_T3.0_D30                   144         0.260        | 55    144         1.8         
BL_W120_T3.0_D40                   143         0.260        | 36    143         1.5         
BL_W50_T3.0_D40                    143         0.260        | 3     143         1.5         
BL_W50_T3.0_D30                    144         0.260        | 71    144         1.8         
BL_W50_T3.0_D25                    144         0.260        | 72    144         1.8         
BL_W90_T2.2_D25                    144         0.260        | 140   144         1.8         
BL_W120_T2.4_D4                    144         0.260        | 166   144         2.2         
BL_W60_T2.4_D30                    144         0.260        | 82    144         1.8         
BL_W60_T2.4_D25                    144         0.260        | 83    144         1.8         
BL_W80_T2.6_D25                    144         0.260        | 96    144         1.8         
BL_W80_T2.6_D30                    144         0.260        | 104   144         1.8         
BL_W60_T2.2_D40                    143         0.260        | 29    143         1.5         
BL_W60_T2.2_D30                    144         0.260        | 88    144         1.8         
BL_W60_T2.2_D25                    144         0.260        | 89    144         1.8         
BL_W80_T2.6_D40                    143         0.260        | 35    143         1.5         
BL_W80_T2.8_D25                    144         0.260        | 57    144         1.8         
BL_W80_T2.8_D30                    144         0.260        | 58    144         1.8         
BL_W80_T2.8_D40                    143         0.260        | 37    143         1.5         
BL_W120_T2.4_D2                    144         0.260        | 164   144         2.2         
BL_W90_T2.2_D30                    144         0.260        | 141   144         1.8         
BL_W120_T2.4_D6                    144         0.260        | 167   144         2.2         
BL_W120_T2.4_D8                    144         0.260        | 168   144         2.2         
BL_W120_T2.4_D10                   144         0.260        | 174   144         2.5         
BL_W80_T3.0_D25                    144         0.260        | 50    144         1.8         
BL_W120_T2.4_D25                   144         0.260        | 56    144         1.8         
BL_W120_T2.4_D30                   144         0.260        | 53    144         1.8         
BL_W120_T2.4_D40                   143         0.260        | 33    143         1.5         
BL_W120_T2.6_D2                    144         0.260        | 143   144         2.2         
BL_W120_T2.6_D4                    144         0.260        | 147   144         2.2         
BL_W120_T2.6_D6                    144         0.260        | 144   144         2.2         
BL_W120_T2.6_D8                    144         0.260        | 145   144         2.2         


=== DETAILED DETECTOR RESULTS ===

Detector: BL_W50_T1.0_D2
Best Detection: 124 mmHg (confidence: 0.740)
Top 10 readings:
  Rank  Pressure    Confidence  
  ------------------------------
  1     124         0.740
  2     121         0.660
  3     116         0.580
  4     111         0.500
  5     106         0.420
  6     149         0.340
  7     147         0.340
  8     102         0.340
  9     144         0.260
  10    99          0.260

Detector: BL_W50_T1.0_D4
Best Detection: 124 mmHg (confidence: 0.740)
Top 10 readings:
  Rank  Pressure    Confidence  
  ------------------------------
  1     124         0.740
  2     121         0.660
  3     116         0.580
  4     111         0.500
  5     106         0.420
  6     149         0.340
  7     147         0.340
  8     102         0.340
  9     144         0.260
  10    99          0.260

Detector: BL_W50_T1.0_D6
Best Detection: 124 mmHg (confidence: 0.820)
Top 10 readings:
  Rank  Pressure    Confidence  
  ------------------------------
  1     124         0.820
  2     121         0.740
  3     116         0.660
  4     111         0.580
  5     106         0.500
  6     102         0.420
  7     149         0.340
  8     99          0.340
  9     144         0.260
  10    95          0.260

Detector: BL_W50_T1.0_D8
Best Detection: 124 mmHg (confidence: 0.820)
Top 10 readings:
  Rank  Pressure    Confidence  
  ------------------------------
  1     124         0.820
  2     121         0.740
  3     116         0.660
  4     111         0.580
  5     106         0.500
  6     102         0.420
  7     149         0.340
  8     99          0.340
  9     144         0.260
  10    95          0.260

Detector: BL_W50_T1.0_D10
Best Detection: 124 mmHg (confidence: 0.820)
Top 10 readings:
  Rank  Pressure    Confidence  
  ------------------------------
  1     124         0.820
  2     121         0.740
  3     116         0.660
  4     111         0.580
  5     106         0.500
  6     102         0.420
  7     149         0.340
  8     99          0.340
  9     144         0.260
  10    95          0.260

Detector: BL_W50_T1.0_D15
Best Detection: 124 mmHg (confidence: 0.980)
Top 10 readings:
  Rank  Pressure    Confidence  
  ------------------------------
  1     124         0.980
  2     121         0.900
  3     116         0.820
  4     111         0.740
  5     106         0.660
  6     102         0.580
  7     99          0.500
  8     95          0.420
  9     149         0.340
  10    91          0.340

Detector: BL_W50_T1.0_D20
Best Detection: 124 mmHg (confidence: 0.980)
Top 10 readings:
  Rank  Pressure    Confidence  
  ------------------------------
  1     124         0.980
  2     121         0.900
  3     116         0.820
  4     111         0.740
  5     106         0.660
  6     102         0.580
  7     99          0.500
  8     95          0.420
  9     148         0.340
  10    91          0.340

Detector: BL_W50_T1.0_D25
Best Detection: 124 mmHg (confidence: 0.980)
Top 10 readings:
  Rank  Pressure    Confidence  
  ------------------------------
  1     124         0.980
  2     121         0.900
  3     116         0.820
  4     111         0.740
  5     106         0.660
  6     102         0.580
  7     99          0.500
  8     95          0.420
  9     91          0.340
  10    144         0.260

Detector: BL_W50_T1.0_D30
Best Detection: 124 mmHg (confidence: 0.980)
Top 10 readings:
  Rank  Pressure    Confidence  
  ------------------------------
  1     124         0.980
  2     121         0.900
  3     116         0.820
  4     111         0.740
  5     106         0.660
  6     102         0.580
  7     99          0.500
  8     95          0.420
  9     91          0.340
  10    144         0.260

Detector: BL_W50_T1.0_D40
Best Detection: 124 mmHg (confidence: 0.980)
Top 10 readings:
  Rank  Pressure    Confidence  
  ------------------------------
  1     124         0.980
  2     121         0.900
  3     116         0.820
  4     111         0.740
  5     106         0.660
  6     102         0.580
  7     99          0.500
  8     95          0.420
  9     91          0.340
  10    143         0.260

Detector: BL_W50_T1.2_D2
Best Detection: 124 mmHg (confidence: 0.820)
Top 10 readings:
  Rank  Pressure    Confidence  
  ------------------------------
  1     124         0.820
  2     121         0.740
  3     115         0.660
  4     110         0.580
  5     106         0.500
  6     102         0.420
  7     149         0.340
  8     147         0.340
  9     98          0.340
  10    144         0.260

Detector: BL_W50_T1.2_D4
Best Detection: 124 mmHg (confidence: 0.820)
Top 10 readings:
  Rank  Pressure    Confidence  
  ------------------------------
  1     124         0.820
  2     121         0.740
  3     115         0.660
  4     110         0.580
  5     106         0.500
  6     102         0.420
  7     149         0.340
  8     147         0.340
  9     98          0.340
  10    144         0.260

Detector: BL_W50_T1.2_D6
Best Detection: 124 mmHg (confidence: 0.900)
Top 10 readings:
  Rank  Pressure    Confidence  
  ------------------------------
  1     124         0.900
  2     121         0.820
  3     115         0.740
  4     110         0.660
  5     106         0.580
  6     102         0.500
  7     98          0.420
  8     149         0.340
  9     95          0.340
  10    144         0.260

Detector: BL_W50_T1.2_D8
Best Detection: 124 mmHg (confidence: 0.900)
Top 10 readings:
  Rank  Pressure    Confidence  
  ------------------------------
  1     124         0.900
  2     121         0.820
  3     115         0.740
  4     110         0.660
  5     106         0.580
  6     102         0.500
  7     98          0.420
  8     149         0.340
  9     95          0.340
  10    144         0.260

Detector: BL_W50_T1.2_D10
Best Detection: 124 mmHg (confidence: 0.900)
Top 10 readings:
  Rank  Pressure    Confidence  
  ------------------------------
  1     124         0.900
  2     121         0.820
  3     115         0.740
  4     110         0.660
  5     106         0.580
  6     102         0.500
  7     98          0.420
  8     149         0.340
  9     95          0.340
  10    144         0.260

Detector: BL_W50_T1.2_D15
Best Detection: 124 mmHg (confidence: 0.980)
Top 10 readings:
  Rank  Pressure    Confidence  
  ------------------------------
  1     124         0.980
  2     121         0.900
  3     115         0.820
  4     110         0.740
  5     106         0.660
  6     102         0.580
  7     98          0.500
  8     95          0.420
  9     149         0.340
  10    91          0.340

Detector: BL_W50_T1.2_D20
Best Detection: 124 mmHg (confidence: 0.980)
Top 10 readings:
  Rank  Pressure    Confidence  
  ------------------------------
  1     124         0.980
  2     121         0.900
  3     115         0.820
  4     110         0.740
  5     106         0.660
  6     102         0.580
  7     98          0.500
  8     95          0.420
  9     148         0.340
  10    91          0.340

Detector: BL_W50_T1.2_D25
Best Detection: 124 mmHg (confidence: 0.980)
Top 10 readings:
  Rank  Pressure    Confidence  
  ------------------------------
  1     124         0.980
  2     121         0.900
  3     115         0.820
  4     110         0.740
  5     106         0.660
  6     102         0.580
  7     98          0.500
  8     95          0.420
  9     91          0.340
  10    144         0.260

Detector: BL_W50_T1.2_D30
Best Detection: 124 mmHg (confidence: 0.980)
Top 10 readings:
  Rank  Pressure    Confidence  
  ------------------------------
  1     124         0.980
  2     121         0.900
  3     115         0.820
  4     110         0.740
  5     106         0.660
  6     102         0.580
  7     98          0.500
  8     95          0.420
  9     91          0.340
  10    144         0.260

Detector: BL_W50_T1.2_D40
Best Detection: 124 mmHg (confidence: 0.980)
Top 10 readings:
  Rank  Pressure    Confidence  
  ------------------------------
  1     124         0.980
  2     121         0.900
  3     115         0.820
  4     110         0.740
  5     106         0.660
  6     102         0.580
  7     98          0.500
  8     95          0.420
  9     91          0.340
  10    143         0.260

Detector: BL_W50_T1.4_D2
Best Detection: 124 mmHg (confidence: 0.900)
Top 10 readings:
  Rank  Pressure    Confidence  
  ------------------------------
  1     124         0.900
  2     120         0.820
  3     115         0.740
  4     110         0.660
  5     106         0.580
  6     102         0.500
  7     98          0.420
  8     149         0.340
  9     95          0.340
  10    144         0.260

Detector: BL_W50_T1.4_D4
Best Detection: 124 mmHg (confidence: 0.900)
Top 10 readings:
  Rank  Pressure    Confidence  
  ------------------------------
  1     124         0.900
  2     120         0.820
  3     115         0.740
  4     110         0.660
  5     106         0.580
  6     102         0.500
  7     98          0.420
  8     149         0.340
  9     95          0.340
  10    144         0.260

Detector: BL_W50_T1.4_D6
Best Detection: 124 mmHg (confidence: 0.900)
Top 10 readings:
  Rank  Pressure    Confidence  
  ------------------------------
  1     124         0.900
  2     120         0.820
  3     115         0.740
  4     110         0.660
  5     106         0.580
  6     102         0.500
  7     98          0.420
  8     149         0.340
  9     95          0.340
  10    144         0.260

Detector: BL_W50_T1.4_D8
Best Detection: 124 mmHg (confidence: 0.900)
Top 10 readings:
  Rank  Pressure    Confidence  
  ------------------------------
  1     124         0.900
  2     120         0.820
  3     115         0.740
  4     110         0.660
  5     106         0.580
  6     102         0.500
  7     98          0.420
  8     149         0.340
  9     95          0.340
  10    144         0.260

Detector: BL_W50_T1.4_D10
Best Detection: 124 mmHg (confidence: 0.900)
Top 10 readings:
  Rank  Pressure    Confidence  
  ------------------------------
  1     124         0.900
  2     120         0.820
  3     115         0.740
  4     110         0.660
  5     106         0.580
  6     102         0.500
  7     98          0.420
  8     149         0.340
  9     95          0.340
  10    144         0.260

Detector: BL_W50_T1.4_D15
Best Detection: 124 mmHg (confidence: 0.980)
Top 10 readings:
  Rank  Pressure    Confidence  
  ------------------------------
  1     124         0.980
  2     120         0.900
  3     115         0.820
  4     110         0.740
  5     106         0.660
  6     102         0.580
  7     98          0.500
  8     95          0.420
  9     149         0.340
  10    91          0.340

Detector: BL_W50_T1.4_D20
Best Detection: 124 mmHg (confidence: 0.980)
Top 10 readings:
  Rank  Pressure    Confidence  
  ------------------------------
  1     124         0.980
  2     120         0.900
  3     115         0.820
  4     110         0.740
  5     106         0.660
  6     102         0.580
  7     98          0.500
  8     95          0.420
  9     148         0.340
  10    91          0.340

Detector: BL_W50_T1.4_D25
Best Detection: 124 mmHg (confidence: 0.980)
Top 10 readings:
  Rank  Pressure    Confidence  
  ------------------------------
  1     124         0.980
  2     120         0.900
  3     115         0.820
  4     110         0.740
  5     106         0.660
  6     102         0.580
  7     98          0.500
  8     95          0.420
  9     91          0.340
  10    144         0.260

Detector: BL_W50_T1.4_D30
Best Detection: 124 mmHg (confidence: 0.980)
Top 10 readings:
  Rank  Pressure    Confidence  
  ------------------------------
  1     124         0.980
  2     120         0.900
  3     115         0.820
  4     110         0.740
  5     106         0.660
  6     102         0.580
  7     98          0.500
  8     95          0.420
  9     91          0.340
  10    144         0.260

Detector: BL_W50_T1.4_D40
Best Detection: 124 mmHg (confidence: 0.980)
Top 10 readings:
  Rank  Pressure    Confidence  
  ------------------------------
  1     124         0.980
  2     120         0.900
  3     115         0.820
  4     110         0.740
  5     106         0.660
  6     102         0.580
  7     98          0.500
  8     95          0.420
  9     91          0.340
  10    143         0.260

Detector: BL_W50_T1.6_D2
Best Detection: 124 mmHg (confidence: 0.980)
Top 10 readings:
  Rank  Pressure    Confidence  
  ------------------------------
  1     124         0.980
  2     120         0.900
  3     115         0.820
  4     110         0.740
  5     106         0.660
  6     102         0.580
  7     98          0.500
  8     95          0.420
  9     149         0.340
  10    91          0.340

Detector: BL_W50_T1.6_D4
Best Detection: 124 mmHg (confidence: 0.980)
Top 10 readings:
  Rank  Pressure    Confidence  
  ------------------------------
  1     124         0.980
  2     120         0.900
  3     115         0.820
  4     110         0.740
  5     106         0.660
  6     102         0.580
  7     98          0.500
  8     95          0.420
  9     149         0.340
  10    91          0.340

Detector: BL_W50_T1.6_D6
Best Detection: 124 mmHg (confidence: 0.980)
Top 10 readings:
  Rank  Pressure    Confidence  
  ------------------------------
  1     124         0.980
  2     120         0.900
  3     115         0.820
  4     110         0.740
  5     106         0.660
  6     102         0.580
  7     98          0.500
  8     95          0.420
  9     149         0.340
  10    91          0.340

Detector: BL_W50_T1.6_D8
Best Detection: 124 mmHg (confidence: 0.900)
Top 10 readings:
  Rank  Pressure    Confidence  
  ------------------------------
  1     124         0.900
  2     120         0.820
  3     115         0.740
  4     110         0.660
  5     106         0.580
  6     102         0.500
  7     98          0.420
  8     149         0.340
  9     95          0.340
  10    144         0.260

Detector: BL_W50_T1.6_D10
Best Detection: 124 mmHg (confidence: 0.900)
Top 10 readings:
  Rank  Pressure    Confidence  
  ------------------------------
  1     124         0.900
  2     120         0.820
  3     115         0.740
  4     110         0.660
  5     106         0.580
  6     102         0.500
  7     98          0.420
  8     149         0.340
  9     95          0.340
  10    144         0.260

Detector: BL_W50_T1.6_D15
Best Detection: 124 mmHg (confidence: 0.980)
Top 10 readings:
  Rank  Pressure    Confidence  
  ------------------------------
  1     124         0.980
  2     120         0.900
  3     115         0.820
  4     110         0.740
  5     106         0.660
  6     102         0.580
  7     98          0.500
  8     95          0.420
  9     149         0.340
  10    91          0.340

Detector: BL_W50_T1.6_D20
Best Detection: 124 mmHg (confidence: 0.980)
Top 10 readings:
  Rank  Pressure    Confidence  
  ------------------------------
  1     124         0.980
  2     120         0.900
  3     115         0.820
  4     110         0.740
  5     106         0.660
  6     102         0.580
  7     98          0.500
  8     95          0.420
  9     148         0.340
  10    91          0.340

Detector: BL_W50_T1.6_D25
Best Detection: 124 mmHg (confidence: 0.980)
Top 10 readings:
  Rank  Pressure    Confidence  
  ------------------------------
  1     124         0.980
  2     120         0.900
  3     115         0.820
  4     110         0.740
  5     106         0.660
  6     102         0.580
  7     98          0.500
  8     95          0.420
  9     91          0.340
  10    144         0.260

Detector: BL_W50_T1.6_D30
Best Detection: 124 mmHg (confidence: 0.980)
Top 10 readings:
  Rank  Pressure    Confidence  
  ------------------------------
  1     124         0.980
  2     120         0.900
  3     115         0.820
  4     110         0.740
  5     106         0.660
  6     102         0.580
  7     98          0.500
  8     95          0.420
  9     91          0.340
  10    144         0.260

Detector: BL_W50_T1.6_D40
Best Detection: 124 mmHg (confidence: 0.980)
Top 10 readings:
  Rank  Pressure    Confidence  
  ------------------------------
  1     124         0.980
  2     120         0.900
  3     115         0.820
  4     110         0.740
  5     106         0.660
  6     102         0.580
  7     98          0.500
  8     95          0.420
  9     91          0.340
  10    143         0.260

Detector: BL_W50_T1.8_D2
Best Detection: 98 mmHg (confidence: 0.500)
Top 10 readings:
  Rank  Pressure    Confidence  
  ------------------------------
  1     98          0.500
  2     94          0.420
  3     149         0.340
  4     120         0.340
  5     91          0.340
  6     144         0.260
  7     114         0.260
  8     87          0.260
  9     140         0.126
  10    137         0.126

Detector: BL_W50_T1.8_D4
Best Detection: 98 mmHg (confidence: 0.500)
Top 10 readings:
  Rank  Pressure    Confidence  
  ------------------------------
  1     98          0.500
  2     94          0.420
  3     149         0.340
  4     120         0.340
  5     91          0.340
  6     144         0.260
  7     114         0.260
  8     87          0.260
  9     140         0.126
  10    137         0.126

Detector: BL_W50_T1.8_D6
Best Detection: 98 mmHg (confidence: 0.500)
Top 10 readings:
  Rank  Pressure    Confidence  
  ------------------------------
  1     98          0.500
  2     94          0.420
  3     149         0.340
  4     120         0.340
  5     91          0.340
  6     144         0.260
  7     114         0.260
  8     87          0.260
  9     140         0.126
  10    137         0.126

Detector: BL_W50_T1.8_D8
Best Detection: 98 mmHg (confidence: 0.500)
Top 10 readings:
  Rank  Pressure    Confidence  
  ------------------------------
  1     98          0.500
  2     94          0.420
  3     149         0.340
  4     120         0.340
  5     91          0.340
  6     144         0.260
  7     114         0.260
  8     87          0.260
  9     163         0.126
  10    140         0.126

Detector: BL_W50_T1.8_D10
Best Detection: 98 mmHg (confidence: 0.500)
Top 10 readings:
  Rank  Pressure    Confidence  
  ------------------------------
  1     98          0.500
  2     94          0.420
  3     149         0.340
  4     120         0.340
  5     91          0.340
  6     144         0.260
  7     114         0.260
  8     87          0.260
  9     163         0.126
  10    140         0.126

Detector: BL_W50_T1.8_D15
Best Detection: 98 mmHg (confidence: 0.500)
Top 10 readings:
  Rank  Pressure    Confidence  
  ------------------------------
  1     98          0.500
  2     94          0.420
  3     149         0.340
  4     120         0.340
  5     91          0.340
  6     144         0.260
  7     114         0.260
  8     87          0.260
  9     140         0.126
  10    137         0.126

Detector: BL_W50_T1.8_D20
Best Detection: 98 mmHg (confidence: 0.500)
Top 10 readings:
  Rank  Pressure    Confidence  
  ------------------------------
  1     98          0.500
  2     94          0.420
  3     148         0.340
  4     120         0.340
  5     91          0.340
  6     144         0.260
  7     114         0.260
  8     87          0.260
  9     140         0.126
  10    137         0.126

Detector: BL_W50_T1.8_D25
Best Detection: 98 mmHg (confidence: 0.500)
Top 10 readings:
  Rank  Pressure    Confidence  
  ------------------------------
  1     98          0.500
  2     94          0.420
  3     120         0.340
  4     91          0.340
  5     144         0.260
  6     114         0.260
  7     87          0.260
  8     140         0.126
  9     137         0.126
  10    110         0.126

Detector: BL_W50_T1.8_D30
Best Detection: 98 mmHg (confidence: 0.500)
Top 10 readings:
  Rank  Pressure    Confidence  
  ------------------------------
  1     98          0.500
  2     94          0.420
  3     120         0.340
  4     91          0.340
  5     144         0.260
  6     114         0.260
  7     87          0.260
  8     140         0.126
  9     137         0.126
  10    110         0.126

Detector: BL_W50_T1.8_D40
Best Detection: 98 mmHg (confidence: 0.500)
Top 10 readings:
  Rank  Pressure    Confidence  
  ------------------------------
  1     98          0.500
  2     94          0.420
  3     120         0.340
  4     91          0.340
  5     143         0.260
  6     114         0.260
  7     87          0.260
  8     140         0.126
  9     137         0.126
  10    110         0.126

Detector: BL_W50_T2.0_D2
Best Detection: 98 mmHg (confidence: 0.420)
Top 10 readings:
  Rank  Pressure    Confidence  
  ------------------------------
  1     98          0.420
  2     149         0.340
  3     94          0.340
  4     144         0.260
  5     120         0.260
  6     91          0.260
  7     140         0.126
  8     137         0.126
  9     114         0.126
  10    87          0.126

Detector: BL_W50_T2.0_D4
Best Detection: 98 mmHg (confidence: 0.420)
Top 10 readings:
  Rank  Pressure    Confidence  
  ------------------------------
  1     98          0.420
  2     149         0.340
  3     94          0.340
  4     144         0.260
  5     120         0.260
  6     91          0.260
  7     140         0.126
  8     137         0.126
  9     114         0.126
  10    87          0.126

Detector: BL_W50_T2.0_D6
Best Detection: 98 mmHg (confidence: 0.420)
Top 10 readings:
  Rank  Pressure    Confidence  
  ------------------------------
  1     98          0.420
  2     149         0.340
  3     94          0.340
  4     144         0.260
  5     120         0.260
  6     91          0.260
  7     140         0.126
  8     137         0.126
  9     114         0.126
  10    87          0.126

Detector: BL_W50_T2.0_D8
Best Detection: 98 mmHg (confidence: 0.420)
Top 10 readings:
  Rank  Pressure    Confidence  
  ------------------------------
  1     98          0.420
  2     149         0.340
  3     94          0.340
  4     144         0.260
  5     120         0.260
  6     91          0.260
  7     163         0.126
  8     140         0.126
  9     137         0.126
  10    114         0.126

Detector: BL_W50_T2.0_D10
Best Detection: 98 mmHg (confidence: 0.420)
Top 10 readings:
  Rank  Pressure    Confidence  
  ------------------------------
  1     98          0.420
  2     149         0.340
  3     94          0.340
  4     144         0.260
  5     120         0.260
  6     91          0.260
  7     163         0.126
  8     140         0.126
  9     137         0.126
  10    114         0.126

Detector: BL_W50_T2.0_D15
Best Detection: 98 mmHg (confidence: 0.420)
Top 10 readings:
  Rank  Pressure    Confidence  
  ------------------------------
  1     98          0.420
  2     149         0.340
  3     94          0.340
  4     144         0.260
  5     120         0.260
  6     91          0.260
  7     140         0.126
  8     137         0.126
  9     114         0.126
  10    87          0.126

Detector: BL_W50_T2.0_D20
Best Detection: 98 mmHg (confidence: 0.420)
Top 10 readings:
  Rank  Pressure    Confidence  
  ------------------------------
  1     98          0.420
  2     148         0.340
  3     94          0.340
  4     144         0.260
  5     120         0.260
  6     91          0.260
  7     140         0.126
  8     137         0.126
  9     114         0.126
  10    87          0.126

Detector: BL_W50_T2.0_D25
Best Detection: 98 mmHg (confidence: 0.420)
Top 10 readings:
  Rank  Pressure    Confidence  
  ------------------------------
  1     98          0.420
  2     94          0.340
  3     144         0.260
  4     120         0.260
  5     91          0.260
  6     140         0.126
  7     137         0.126
  8     114         0.126
  9     87          0.126
  10    83          0.050

Detector: BL_W50_T2.0_D30
Best Detection: 98 mmHg (confidence: 0.420)
Top 10 readings:
  Rank  Pressure    Confidence  
  ------------------------------
  1     98          0.420
  2     94          0.340
  3     144         0.260
  4     120         0.260
  5     91          0.260
  6     140         0.126
  7     137         0.126
  8     114         0.126
  9     87          0.126
  10    83          0.050

Detector: BL_W50_T2.0_D40
Best Detection: 98 mmHg (confidence: 0.420)
Top 10 readings:
  Rank  Pressure    Confidence  
  ------------------------------
  1     98          0.420
  2     94          0.340
  3     143         0.260
  4     120         0.260
  5     91          0.260
  6     140         0.126
  7     137         0.126
  8     114         0.126
  9     87          0.126
  10    83          0.050

Detector: BL_W50_T2.2_D2
Best Detection: 149 mmHg (confidence: 0.340)
Top 10 readings:
  Rank  Pressure    Confidence  
  ------------------------------
  1     149         0.340
  2     144         0.260
  3     140         0.126
  4     137         0.126
  5     120         0.126
  6     94          0.050
  7     134         0.010
  8     114         0.010

Detector: BL_W50_T2.2_D4
Best Detection: 149 mmHg (confidence: 0.340)
Top 10 readings:
  Rank  Pressure    Confidence  
  ------------------------------
  1     149         0.340
  2     144         0.260
  3     140         0.126
  4     137         0.126
  5     120         0.126
  6     94          0.050
  7     134         0.010
  8     114         0.010

Detector: BL_W50_T2.2_D6
Best Detection: 149 mmHg (confidence: 0.340)
Top 10 readings:
  Rank  Pressure    Confidence  
  ------------------------------
  1     149         0.340
  2     144         0.260
  3     140         0.126
  4     137         0.126
  5     120         0.126
  6     94          0.050
  7     134         0.010
  8     114         0.010

Detector: BL_W50_T2.2_D8
Best Detection: 149 mmHg (confidence: 0.340)
Top 10 readings:
  Rank  Pressure    Confidence  
  ------------------------------
  1     149         0.340
  2     144         0.260
  3     163         0.126
  4     140         0.126
  5     137         0.126
  6     120         0.126
  7     94          0.050
  8     160         0.010
  9     158         0.010
  10    134         0.010

Detector: BL_W50_T2.2_D10
Best Detection: 149 mmHg (confidence: 0.340)
Top 10 readings:
  Rank  Pressure    Confidence  
  ------------------------------
  1     149         0.340
  2     144         0.260
  3     163         0.126
  4     140         0.126
  5     137         0.126
  6     120         0.126
  7     94          0.050
  8     160         0.010
  9     158         0.010
  10    134         0.010

Detector: BL_W50_T2.2_D15
Best Detection: 149 mmHg (confidence: 0.340)
Top 10 readings:
  Rank  Pressure    Confidence  
  ------------------------------
  1     149         0.340
  2     144         0.260
  3     140         0.126
  4     137         0.126
  5     120         0.126
  6     94          0.050
  7     134         0.010
  8     114         0.010

Detector: BL_W50_T2.2_D20
Best Detection: 148 mmHg (confidence: 0.340)
Top 10 readings:
  Rank  Pressure    Confidence  
  ------------------------------
  1     148         0.340
  2     144         0.260
  3     140         0.126
  4     137         0.126
  5     120         0.126
  6     94          0.050
  7     134         0.010
  8     114         0.010

Detector: BL_W50_T2.2_D25
Best Detection: 144 mmHg (confidence: 0.260)
Top 10 readings:
  Rank  Pressure    Confidence  
  ------------------------------
  1     144         0.260
  2     140         0.126
  3     137         0.126
  4     120         0.126
  5     94          0.050
  6     134         0.010
  7     114         0.010

Detector: BL_W50_T2.2_D30
Best Detection: 144 mmHg (confidence: 0.260)
Top 10 readings:
  Rank  Pressure    Confidence  
  ------------------------------
  1     144         0.260
  2     140         0.126
  3     137         0.126
  4     120         0.126
  5     94          0.050
  6     134         0.010
  7     114         0.010

Detector: BL_W50_T2.2_D40
Best Detection: 143 mmHg (confidence: 0.260)
Top 10 readings:
  Rank  Pressure    Confidence  
  ------------------------------
  1     143         0.260
  2     140         0.126
  3     137         0.126
  4     120         0.126
  5     94          0.050
  6     134         0.010
  7     114         0.010

Detector: BL_W50_T2.4_D2
Best Detection: 149 mmHg (confidence: 0.340)
Top 10 readings:
  Rank  Pressure    Confidence  
  ------------------------------
  1     149         0.340
  2     144         0.260
  3     139         0.126
  4     94          0.050
  5     134         0.010
  6     120         0.010

Detector: BL_W50_T2.4_D4
Best Detection: 149 mmHg (confidence: 0.340)
Top 10 readings:
  Rank  Pressure    Confidence  
  ------------------------------
  1     149         0.340
  2     144         0.260
  3     139         0.126
  4     94          0.050
  5     134         0.010
  6     120         0.010

Detector: BL_W50_T2.4_D6
Best Detection: 149 mmHg (confidence: 0.340)
Top 10 readings:
  Rank  Pressure    Confidence  
  ------------------------------
  1     149         0.340
  2     144         0.260
  3     139         0.126
  4     94          0.050
  5     134         0.010
  6     120         0.010

Detector: BL_W50_T2.4_D8
Best Detection: 149 mmHg (confidence: 0.340)
Top 10 readings:
  Rank  Pressure    Confidence  
  ------------------------------
  1     149         0.340
  2     144         0.260
  3     163         0.126
  4     139         0.126
  5     94          0.050
  6     160         0.010
  7     158         0.010
  8     134         0.010
  9     120         0.010

Detector: BL_W50_T2.4_D10
Best Detection: 149 mmHg (confidence: 0.340)
Top 10 readings:
  Rank  Pressure    Confidence  
  ------------------------------
  1     149         0.340
  2     144         0.260
  3     163         0.126
  4     139         0.126
  5     94          0.050
  6     160         0.010
  7     158         0.010
  8     134         0.010
  9     120         0.010

Detector: BL_W50_T2.4_D15
Best Detection: 149 mmHg (confidence: 0.340)
Top 10 readings:
  Rank  Pressure    Confidence  
  ------------------------------
  1     149         0.340
  2     144         0.260
  3     139         0.126
  4     94          0.050
  5     134         0.010
  6     120         0.010

Detector: BL_W50_T2.4_D20
Best Detection: 148 mmHg (confidence: 0.340)
Top 10 readings:
  Rank  Pressure    Confidence  
  ------------------------------
  1     148         0.340
  2     144         0.260
  3     139         0.126
  4     94          0.050
  5     134         0.010
  6     120         0.010

Detector: BL_W50_T2.4_D25
Best Detection: 144 mmHg (confidence: 0.260)
Top 10 readings:
  Rank  Pressure    Confidence  
  ------------------------------
  1     144         0.260
  2     140         0.126
  3     94          0.050
  4     134         0.010
  5     120         0.010

Detector: BL_W50_T2.4_D30
Best Detection: 144 mmHg (confidence: 0.260)
Top 10 readings:
  Rank  Pressure    Confidence  
  ------------------------------
  1     144         0.260
  2     140         0.126
  3     94          0.050
  4     134         0.010
  5     120         0.010

Detector: BL_W50_T2.4_D40
Best Detection: 143 mmHg (confidence: 0.260)
Top 10 readings:
  Rank  Pressure    Confidence  
  ------------------------------
  1     143         0.260
  2     140         0.126
  3     94          0.050
  4     134         0.010
  5     120         0.010

Detector: BL_W50_T2.6_D2
Best Detection: 149 mmHg (confidence: 0.340)
Top 10 readings:
  Rank  Pressure    Confidence  
  ------------------------------
  1     149         0.340
  2     144         0.260
  3     139         0.126
  4     119         0.050
  5     134         0.010

Detector: BL_W50_T2.6_D4
Best Detection: 149 mmHg (confidence: 0.340)
Top 10 readings:
  Rank  Pressure    Confidence  
  ------------------------------
  1     149         0.340
  2     144         0.260
  3     139         0.126
  4     119         0.050
  5     134         0.010

Detector: BL_W50_T2.6_D6
Best Detection: 149 mmHg (confidence: 0.340)
Top 10 readings:
  Rank  Pressure    Confidence  
  ------------------------------
  1     149         0.340
  2     144         0.260
  3     139         0.126
  4     119         0.050
  5     134         0.010

Detector: BL_W50_T2.6_D8
Best Detection: 149 mmHg (confidence: 0.340)
Top 10 readings:
  Rank  Pressure    Confidence  
  ------------------------------
  1     149         0.340
  2     144         0.260
  3     163         0.126
  4     139         0.126
  5     119         0.050
  6     160         0.010
  7     158         0.010
  8     134         0.010

Detector: BL_W50_T2.6_D10
Best Detection: 149 mmHg (confidence: 0.340)
Top 10 readings:
  Rank  Pressure    Confidence  
  ------------------------------
  1     149         0.340
  2     144         0.260
  3     163         0.126
  4     139         0.126
  5     119         0.050
  6     160         0.010
  7     158         0.010
  8     134         0.010

Detector: BL_W50_T2.6_D15
Best Detection: 149 mmHg (confidence: 0.340)
Top 10 readings:
  Rank  Pressure    Confidence  
  ------------------------------
  1     149         0.340
  2     144         0.260
  3     139         0.126
  4     119         0.050
  5     134         0.010

Detector: BL_W50_T2.6_D20
Best Detection: 148 mmHg (confidence: 0.340)
Top 10 readings:
  Rank  Pressure    Confidence  
  ------------------------------
  1     148         0.340
  2     144         0.260
  3     139         0.126
  4     119         0.050
  5     134         0.010

Detector: BL_W50_T2.6_D25
Best Detection: 144 mmHg (confidence: 0.260)
Top 10 readings:
  Rank  Pressure    Confidence  
  ------------------------------
  1     144         0.260
  2     140         0.126
  3     119         0.050
  4     134         0.010

Detector: BL_W50_T2.6_D30
Best Detection: 144 mmHg (confidence: 0.260)
Top 10 readings:
  Rank  Pressure    Confidence  
  ------------------------------
  1     144         0.260
  2     140         0.126
  3     119         0.050
  4     134         0.010

Detector: BL_W50_T2.6_D40
Best Detection: 143 mmHg (confidence: 0.260)
Top 10 readings:
  Rank  Pressure    Confidence  
  ------------------------------
  1     143         0.260
  2     140         0.126
  3     119         0.050
  4     134         0.010

Detector: BL_W50_T2.8_D2
Best Detection: 149 mmHg (confidence: 0.340)
Top 10 readings:
  Rank  Pressure    Confidence  
  ------------------------------
  1     149         0.340
  2     144         0.260
  3     139         0.126
  4     119         0.050
  5     134         0.010

Detector: BL_W50_T2.8_D4
Best Detection: 149 mmHg (confidence: 0.340)
Top 10 readings:
  Rank  Pressure    Confidence  
  ------------------------------
  1     149         0.340
  2     144         0.260
  3     139         0.126
  4     119         0.050
  5     134         0.010

Detector: BL_W50_T2.8_D6
Best Detection: 149 mmHg (confidence: 0.340)
Top 10 readings:
  Rank  Pressure    Confidence  
  ------------------------------
  1     149         0.340
  2     144         0.260
  3     139         0.126
  4     119         0.050
  5     134         0.010

Detector: BL_W50_T2.8_D8
Best Detection: 149 mmHg (confidence: 0.340)
Top 10 readings:
  Rank  Pressure    Confidence  
  ------------------------------
  1     149         0.340
  2     144         0.260
  3     163         0.126
  4     139         0.126
  5     119         0.050
  6     160         0.010
  7     158         0.010
  8     134         0.010

Detector: BL_W50_T2.8_D10
Best Detection: 149 mmHg (confidence: 0.340)
Top 10 readings:
  Rank  Pressure    Confidence  
  ------------------------------
  1     149         0.340
  2     144         0.260
  3     163         0.126
  4     139         0.126
  5     119         0.050
  6     160         0.010
  7     158         0.010
  8     134         0.010

Detector: BL_W50_T2.8_D15
Best Detection: 149 mmHg (confidence: 0.340)
Top 10 readings:
  Rank  Pressure    Confidence  
  ------------------------------
  1     149         0.340
  2     144         0.260
  3     139         0.126
  4     119         0.050
  5     134         0.010

Detector: BL_W50_T2.8_D20
Best Detection: 148 mmHg (confidence: 0.340)
Top 10 readings:
  Rank  Pressure    Confidence  
  ------------------------------
  1     148         0.340
  2     144         0.260
  3     139         0.126
  4     119         0.050
  5     134         0.010

Detector: BL_W50_T2.8_D25
Best Detection: 144 mmHg (confidence: 0.260)
Top 10 readings:
  Rank  Pressure    Confidence  
  ------------------------------
  1     144         0.260
  2     140         0.126
  3     119         0.050
  4     134         0.010

Detector: BL_W50_T2.8_D30
Best Detection: 144 mmHg (confidence: 0.260)
Top 10 readings:
  Rank  Pressure    Confidence  
  ------------------------------
  1     144         0.260
  2     140         0.126
  3     119         0.050
  4     134         0.010

Detector: BL_W50_T2.8_D40
Best Detection: 143 mmHg (confidence: 0.260)
Top 10 readings:
  Rank  Pressure    Confidence  
  ------------------------------
  1     143         0.260
  2     140         0.126
  3     119         0.050
  4     134         0.010

Detector: BL_W50_T3.0_D2
Best Detection: 149 mmHg (confidence: 0.340)
Top 10 readings:
  Rank  Pressure    Confidence  
  ------------------------------
  1     149         0.340
  2     144         0.260
  3     139         0.126
  4     134         0.050

Detector: BL_W50_T3.0_D4
Best Detection: 149 mmHg (confidence: 0.340)
Top 10 readings:
  Rank  Pressure    Confidence  
  ------------------------------
  1     149         0.340
  2     144         0.260
  3     139         0.126
  4     134         0.050

Detector: BL_W50_T3.0_D6
Best Detection: 149 mmHg (confidence: 0.340)
Top 10 readings:
  Rank  Pressure    Confidence  
  ------------------------------
  1     149         0.340
  2     144         0.260
  3     139         0.126
  4     134         0.050

Detector: BL_W50_T3.0_D8
Best Detection: 149 mmHg (confidence: 0.340)
Top 10 readings:
  Rank  Pressure    Confidence  
  ------------------------------
  1     149         0.340
  2     144         0.260
  3     163         0.126
  4     139         0.126
  5     134         0.050
  6     160         0.010
  7     158         0.010

Detector: BL_W50_T3.0_D10
Best Detection: 149 mmHg (confidence: 0.340)
Top 10 readings:
  Rank  Pressure    Confidence  
  ------------------------------
  1     149         0.340
  2     144         0.260
  3     163         0.126
  4     139         0.126
  5     134         0.050
  6     160         0.010
  7     158         0.010

Detector: BL_W50_T3.0_D15
Best Detection: 149 mmHg (confidence: 0.340)
Top 10 readings:
  Rank  Pressure    Confidence  
  ------------------------------
  1     149         0.340
  2     144         0.260
  3     139         0.126
  4     134         0.050

Detector: BL_W50_T3.0_D20
Best Detection: 148 mmHg (confidence: 0.340)
Top 10 readings:
  Rank  Pressure    Confidence  
  ------------------------------
  1     148         0.340
  2     144         0.260
  3     139         0.126
  4     134         0.050

Detector: BL_W50_T3.0_D25
Best Detection: 144 mmHg (confidence: 0.260)
Top 10 readings:
  Rank  Pressure    Confidence  
  ------------------------------
  1     144         0.260
  2     140         0.126
  3     134         0.050

Detector: BL_W50_T3.0_D30
Best Detection: 144 mmHg (confidence: 0.260)
Top 10 readings:
  Rank  Pressure    Confidence  
  ------------------------------
  1     144         0.260
  2     140         0.126
  3     134         0.050

Detector: BL_W50_T3.0_D40
Best Detection: 143 mmHg (confidence: 0.260)
Top 10 readings:
  Rank  Pressure    Confidence  
  ------------------------------
  1     143         0.260
  2     140         0.126
  3     134         0.050

Detector: BL_W60_T1.0_D2
Best Detection: 124 mmHg (confidence: 0.740)
Top 10 readings:
  Rank  Pressure    Confidence  
  ------------------------------
  1     124         0.740
  2     120         0.660
  3     116         0.580
  4     111         0.500
  5     106         0.420
  6     149         0.340
  7     147         0.340
  8     102         0.340
  9     144         0.260
  10    98          0.260

Detector: BL_W60_T1.0_D4
Best Detection: 124 mmHg (confidence: 0.740)
Top 10 readings:
  Rank  Pressure    Confidence  
  ------------------------------
  1     124         0.740
  2     120         0.660
  3     116         0.580
  4     111         0.500
  5     106         0.420
  6     149         0.340
  7     147         0.340
  8     102         0.340
  9     144         0.260
  10    98          0.260

Detector: BL_W60_T1.0_D6
Best Detection: 124 mmHg (confidence: 0.740)
Top 10 readings:
  Rank  Pressure    Confidence  
  ------------------------------
  1     124         0.740
  2     120         0.660
  3     116         0.580
  4     111         0.500
  5     106         0.420
  6     149         0.340
  7     147         0.340
  8     102         0.340
  9     144         0.260
  10    98          0.260

Detector: BL_W60_T1.0_D8
Best Detection: 124 mmHg (confidence: 0.820)
Top 10 readings:
  Rank  Pressure    Confidence  
  ------------------------------
  1     124         0.820
  2     120         0.740
  3     116         0.660
  4     111         0.580
  5     106         0.500
  6     102         0.420
  7     149         0.340
  8     98          0.340
  9     144         0.260
  10    95          0.260

Detector: BL_W60_T1.0_D10
Best Detection: 124 mmHg (confidence: 0.900)
Top 10 readings:
  Rank  Pressure    Confidence  
  ------------------------------
  1     124         0.900
  2     120         0.820
  3     116         0.740
  4     111         0.660
  5     106         0.580
  6     102         0.500
  7     98          0.420
  8     149         0.340
  9     95          0.340
  10    144         0.260

Detector: BL_W60_T1.0_D15
Best Detection: 124 mmHg (confidence: 0.980)
Top 10 readings:
  Rank  Pressure    Confidence  
  ------------------------------
  1     124         0.980
  2     120         0.900
  3     116         0.820
  4     111         0.740
  5     106         0.660
  6     102         0.580
  7     98          0.500
  8     95          0.420
  9     149         0.340
  10    91          0.340

Detector: BL_W60_T1.0_D20
Best Detection: 124 mmHg (confidence: 0.980)
Top 10 readings:
  Rank  Pressure    Confidence  
  ------------------------------
  1     124         0.980
  2     120         0.900
  3     116         0.820
  4     111         0.740
  5     106         0.660
  6     102         0.580
  7     98          0.500
  8     95          0.420
  9     148         0.340
  10    91          0.340

Detector: BL_W60_T1.0_D25
Best Detection: 124 mmHg (confidence: 0.980)
Top 10 readings:
  Rank  Pressure    Confidence  
  ------------------------------
  1     124         0.980
  2     120         0.900
  3     116         0.820
  4     111         0.740
  5     106         0.660
  6     102         0.580
  7     98          0.500
  8     95          0.420
  9     91          0.340
  10    144         0.260

Detector: BL_W60_T1.0_D30
Best Detection: 124 mmHg (confidence: 0.980)
Top 10 readings:
  Rank  Pressure    Confidence  
  ------------------------------
  1     124         0.980
  2     120         0.900
  3     116         0.820
  4     111         0.740
  5     106         0.660
  6     102         0.580
  7     98          0.500
  8     95          0.420
  9     91          0.340
  10    144         0.260

Detector: BL_W60_T1.0_D40
Best Detection: 124 mmHg (confidence: 0.980)
Top 10 readings:
  Rank  Pressure    Confidence  
  ------------------------------
  1     124         0.980
  2     120         0.900
  3     116         0.820
  4     111         0.740
  5     106         0.660
  6     102         0.580
  7     98          0.500
  8     95          0.420
  9     91          0.340
  10    143         0.260

Detector: BL_W60_T1.2_D2
Best Detection: 124 mmHg (confidence: 0.820)
Top 10 readings:
  Rank  Pressure    Confidence  
  ------------------------------
  1     124         0.820
  2     120         0.740
  3     116         0.660
  4     111         0.580
  5     106         0.500
  6     102         0.420
  7     149         0.340
  8     147         0.340
  9     98          0.340
  10    144         0.260

Detector: BL_W60_T1.2_D4
Best Detection: 124 mmHg (confidence: 0.820)
Top 10 readings:
  Rank  Pressure    Confidence  
  ------------------------------
  1     124         0.820
  2     120         0.740
  3     116         0.660
  4     111         0.580
  5     106         0.500
  6     102         0.420
  7     149         0.340
  8     147         0.340
  9     98          0.340
  10    144         0.260

Detector: BL_W60_T1.2_D6
Best Detection: 124 mmHg (confidence: 0.820)
Top 10 readings:
  Rank  Pressure    Confidence  
  ------------------------------
  1     124         0.820
  2     120         0.740
  3     116         0.660
  4     111         0.580
  5     106         0.500
  6     102         0.420
  7     149         0.340
  8     147         0.340
  9     98          0.340
  10    144         0.260

Detector: BL_W60_T1.2_D8
Best Detection: 124 mmHg (confidence: 0.900)
Top 10 readings:
  Rank  Pressure    Confidence  
  ------------------------------
  1     124         0.900
  2     120         0.820
  3     116         0.740
  4     111         0.660
  5     106         0.580
  6     102         0.500
  7     98          0.420
  8     149         0.340
  9     95          0.340
  10    144         0.260

Detector: BL_W60_T1.2_D10
Best Detection: 124 mmHg (confidence: 0.900)
Top 10 readings:
  Rank  Pressure    Confidence  
  ------------------------------
  1     124         0.900
  2     120         0.820
  3     116         0.740
  4     111         0.660
  5     106         0.580
  6     102         0.500
  7     98          0.420
  8     149         0.340
  9     95          0.340
  10    144         0.260

Detector: BL_W60_T1.2_D15
Best Detection: 124 mmHg (confidence: 0.980)
Top 10 readings:
  Rank  Pressure    Confidence  
  ------------------------------
  1     124         0.980
  2     120         0.900
  3     116         0.820
  4     111         0.740
  5     106         0.660
  6     102         0.580
  7     98          0.500
  8     95          0.420
  9     149         0.340
  10    91          0.340

Detector: BL_W60_T1.2_D20
Best Detection: 124 mmHg (confidence: 0.980)
Top 10 readings:
  Rank  Pressure    Confidence  
  ------------------------------
  1     124         0.980
  2     120         0.900
  3     116         0.820
  4     111         0.740
  5     106         0.660
  6     102         0.580
  7     98          0.500
  8     95          0.420
  9     148         0.340
  10    91          0.340

Detector: BL_W60_T1.2_D25
Best Detection: 124 mmHg (confidence: 0.980)
Top 10 readings:
  Rank  Pressure    Confidence  
  ------------------------------
  1     124         0.980
  2     120         0.900
  3     116         0.820
  4     111         0.740
  5     106         0.660
  6     102         0.580
  7     98          0.500
  8     95          0.420
  9     91          0.340
  10    144         0.260

Detector: BL_W60_T1.2_D30
Best Detection: 124 mmHg (confidence: 0.980)
Top 10 readings:
  Rank  Pressure    Confidence  
  ------------------------------
  1     124         0.980
  2     120         0.900
  3     116         0.820
  4     111         0.740
  5     106         0.660
  6     102         0.580
  7     98          0.500
  8     95          0.420
  9     91          0.340
  10    144         0.260

Detector: BL_W60_T1.2_D40
Best Detection: 124 mmHg (confidence: 0.980)
Top 10 readings:
  Rank  Pressure    Confidence  
  ------------------------------
  1     124         0.980
  2     120         0.900
  3     116         0.820
  4     111         0.740
  5     106         0.660
  6     102         0.580
  7     98          0.500
  8     95          0.420
  9     91          0.340
  10    143         0.260

Detector: BL_W60_T1.4_D2
Best Detection: 124 mmHg (confidence: 0.900)
Top 10 readings:
  Rank  Pressure    Confidence  
  ------------------------------
  1     124         0.900
  2     120         0.820
  3     115         0.740
  4     110         0.660
  5     106         0.580
  6     102         0.500
  7     98          0.420
  8     149         0.340
  9     147         0.340
  10    95          0.340

Detector: BL_W60_T1.4_D4
Best Detection: 124 mmHg (confidence: 0.900)
Top 10 readings:
  Rank  Pressure    Confidence  
  ------------------------------
  1     124         0.900
  2     120         0.820
  3     115         0.740
  4     110         0.660
  5     106         0.580
  6     102         0.500
  7     98          0.420
  8     149         0.340
  9     147         0.340
  10    95          0.340

Detector: BL_W60_T1.4_D6
Best Detection: 124 mmHg (confidence: 0.900)
Top 10 readings:
  Rank  Pressure    Confidence  
  ------------------------------
  1     124         0.900
  2     120         0.820
  3     115         0.740
  4     110         0.660
  5     106         0.580
  6     102         0.500
  7     98          0.420
  8     149         0.340
  9     147         0.340
  10    95          0.340

Detector: BL_W60_T1.4_D8
Best Detection: 124 mmHg (confidence: 0.980)
Top 10 readings:
  Rank  Pressure    Confidence  
  ------------------------------
  1     124         0.980
  2     120         0.900
  3     115         0.820
  4     110         0.740
  5     106         0.660
  6     102         0.580
  7     98          0.500
  8     95          0.420
  9     149         0.340
  10    91          0.340

Detector: BL_W60_T1.4_D10
Best Detection: 124 mmHg (confidence: 0.980)
Top 10 readings:
  Rank  Pressure    Confidence  
  ------------------------------
  1     124         0.980
  2     120         0.900
  3     115         0.820
  4     110         0.740
  5     106         0.660
  6     102         0.580
  7     98          0.500
  8     95          0.420
  9     149         0.340
  10    91          0.340

Detector: BL_W60_T1.4_D15
Best Detection: 124 mmHg (confidence: 0.980)
Top 10 readings:
  Rank  Pressure    Confidence  
  ------------------------------
  1     124         0.980
  2     120         0.900
  3     115         0.820
  4     110         0.740
  5     106         0.660
  6     102         0.580
  7     98          0.500
  8     95          0.420
  9     149         0.340
  10    91          0.340

Detector: BL_W60_T1.4_D20
Best Detection: 124 mmHg (confidence: 0.980)
Top 10 readings:
  Rank  Pressure    Confidence  
  ------------------------------
  1     124         0.980
  2     120         0.900
  3     115         0.820
  4     110         0.740
  5     106         0.660
  6     102         0.580
  7     98          0.500
  8     95          0.420
  9     148         0.340
  10    91          0.340

Detector: BL_W60_T1.4_D25
Best Detection: 124 mmHg (confidence: 0.980)
Top 10 readings:
  Rank  Pressure    Confidence  
  ------------------------------
  1     124         0.980
  2     120         0.900
  3     115         0.820
  4     110         0.740
  5     106         0.660
  6     102         0.580
  7     98          0.500
  8     95          0.420
  9     91          0.340
  10    144         0.260

Detector: BL_W60_T1.4_D30
Best Detection: 124 mmHg (confidence: 0.980)
Top 10 readings:
  Rank  Pressure    Confidence  
  ------------------------------
  1     124         0.980
  2     120         0.900
  3     115         0.820
  4     110         0.740
  5     106         0.660
  6     102         0.580
  7     98          0.500
  8     95          0.420
  9     91          0.340
  10    144         0.260

Detector: BL_W60_T1.4_D40
Best Detection: 124 mmHg (confidence: 0.980)
Top 10 readings:
  Rank  Pressure    Confidence  
  ------------------------------
  1     124         0.980
  2     120         0.900
  3     115         0.820
  4     110         0.740
  5     106         0.660
  6     102         0.580
  7     98          0.500
  8     95          0.420
  9     91          0.340
  10    143         0.260

Detector: BL_W60_T1.6_D2
Best Detection: 124 mmHg (confidence: 0.980)
Top 10 readings:
  Rank  Pressure    Confidence  
  ------------------------------
  1     124         0.980
  2     120         0.900
  3     115         0.820
  4     110         0.740
  5     106         0.660
  6     102         0.580
  7     98          0.500
  8     94          0.420
  9     149         0.340
  10    91          0.340

Detector: BL_W60_T1.6_D4
Best Detection: 124 mmHg (confidence: 0.980)
Top 10 readings:
  Rank  Pressure    Confidence  
  ------------------------------
  1     124         0.980
  2     120         0.900
  3     115         0.820
  4     110         0.740
  5     106         0.660
  6     102         0.580
  7     98          0.500
  8     94          0.420
  9     149         0.340
  10    91          0.340

Detector: BL_W60_T1.6_D6
Best Detection: 124 mmHg (confidence: 0.980)
Top 10 readings:
  Rank  Pressure    Confidence  
  ------------------------------
  1     124         0.980
  2     120         0.900
  3     115         0.820
  4     110         0.740
  5     106         0.660
  6     102         0.580
  7     98          0.500
  8     94          0.420
  9     149         0.340
  10    91          0.340

Detector: BL_W60_T1.6_D8
Best Detection: 124 mmHg (confidence: 0.980)
Top 10 readings:
  Rank  Pressure    Confidence  
  ------------------------------
  1     124         0.980
  2     120         0.900
  3     115         0.820
  4     110         0.740
  5     106         0.660
  6     102         0.580
  7     98          0.500
  8     94          0.420
  9     149         0.340
  10    91          0.340

Detector: BL_W60_T1.6_D10
Best Detection: 124 mmHg (confidence: 0.980)
Top 10 readings:
  Rank  Pressure    Confidence  
  ------------------------------
  1     124         0.980
  2     120         0.900
  3     115         0.820
  4     110         0.740
  5     106         0.660
  6     102         0.580
  7     98          0.500
  8     94          0.420
  9     149         0.340
  10    91          0.340

Detector: BL_W60_T1.6_D15
Best Detection: 124 mmHg (confidence: 0.980)
Top 10 readings:
  Rank  Pressure    Confidence  
  ------------------------------
  1     124         0.980
  2     120         0.900
  3     115         0.820
  4     110         0.740
  5     106         0.660
  6     102         0.580
  7     98          0.500
  8     94          0.420
  9     149         0.340
  10    91          0.340

Detector: BL_W60_T1.6_D20
Best Detection: 124 mmHg (confidence: 0.980)
Top 10 readings:
  Rank  Pressure    Confidence  
  ------------------------------
  1     124         0.980
  2     120         0.900
  3     115         0.820
  4     110         0.740
  5     106         0.660
  6     102         0.580
  7     98          0.500
  8     94          0.420
  9     148         0.340
  10    91          0.340

Detector: BL_W60_T1.6_D25
Best Detection: 124 mmHg (confidence: 0.980)
Top 10 readings:
  Rank  Pressure    Confidence  
  ------------------------------
  1     124         0.980
  2     120         0.900
  3     115         0.820
  4     110         0.740
  5     106         0.660
  6     102         0.580
  7     98          0.500
  8     94          0.420
  9     91          0.340
  10    144         0.260

Detector: BL_W60_T1.6_D30
Best Detection: 124 mmHg (confidence: 0.980)
Top 10 readings:
  Rank  Pressure    Confidence  
  ------------------------------
  1     124         0.980
  2     120         0.900
  3     115         0.820
  4     110         0.740
  5     106         0.660
  6     102         0.580
  7     98          0.500
  8     94          0.420
  9     91          0.340
  10    144         0.260

Detector: BL_W60_T1.6_D40
Best Detection: 124 mmHg (confidence: 0.980)
Top 10 readings:
  Rank  Pressure    Confidence  
  ------------------------------
  1     124         0.980
  2     120         0.900
  3     115         0.820
  4     110         0.740
  5     106         0.660
  6     102         0.580
  7     98          0.500
  8     94          0.420
  9     91          0.340
  10    143         0.260

Detector: BL_W60_T1.8_D2
Best Detection: 98 mmHg (confidence: 0.500)
Top 10 readings:
  Rank  Pressure    Confidence  
  ------------------------------
  1     98          0.500
  2     94          0.420
  3     149         0.340
  4     120         0.340
  5     91          0.340
  6     144         0.260
  7     115         0.260
  8     87          0.260
  9     140         0.126
  10    137         0.126

Detector: BL_W60_T1.8_D4
Best Detection: 98 mmHg (confidence: 0.500)
Top 10 readings:
  Rank  Pressure    Confidence  
  ------------------------------
  1     98          0.500
  2     94          0.420
  3     149         0.340
  4     120         0.340
  5     91          0.340
  6     144         0.260
  7     115         0.260
  8     87          0.260
  9     140         0.126
  10    137         0.126

Detector: BL_W60_T1.8_D6
Best Detection: 98 mmHg (confidence: 0.500)
Top 10 readings:
  Rank  Pressure    Confidence  
  ------------------------------
  1     98          0.500
  2     94          0.420
  3     149         0.340
  4     120         0.340
  5     91          0.340
  6     144         0.260
  7     115         0.260
  8     87          0.260
  9     140         0.126
  10    137         0.126

Detector: BL_W60_T1.8_D8
Best Detection: 98 mmHg (confidence: 0.500)
Top 10 readings:
  Rank  Pressure    Confidence  
  ------------------------------
  1     98          0.500
  2     94          0.420
  3     149         0.340
  4     120         0.340
  5     91          0.340
  6     144         0.260
  7     115         0.260
  8     87          0.260
  9     140         0.126
  10    137         0.126

Detector: BL_W60_T1.8_D10
Best Detection: 98 mmHg (confidence: 0.500)
Top 10 readings:
  Rank  Pressure    Confidence  
  ------------------------------
  1     98          0.500
  2     94          0.420
  3     149         0.340
  4     120         0.340
  5     91          0.340
  6     144         0.260
  7     115         0.260
  8     87          0.260
  9     140         0.126
  10    137         0.126

Detector: BL_W60_T1.8_D15
Best Detection: 98 mmHg (confidence: 0.500)
Top 10 readings:
  Rank  Pressure    Confidence  
  ------------------------------
  1     98          0.500
  2     94          0.420
  3     149         0.340
  4     120         0.340
  5     91          0.340
  6     144         0.260
  7     115         0.260
  8     87          0.260
  9     142         0.208
  10    140         0.126

Detector: BL_W60_T1.8_D20
Best Detection: 98 mmHg (confidence: 0.500)
Top 10 readings:
  Rank  Pressure    Confidence  
  ------------------------------
  1     98          0.500
  2     94          0.420
  3     148         0.340
  4     120         0.340
  5     91          0.340
  6     144         0.260
  7     115         0.260
  8     87          0.260
  9     140         0.126
  10    137         0.126

Detector: BL_W60_T1.8_D25
Best Detection: 98 mmHg (confidence: 0.500)
Top 10 readings:
  Rank  Pressure    Confidence  
  ------------------------------
  1     98          0.500
  2     94          0.420
  3     120         0.340
  4     91          0.340
  5     144         0.260
  6     115         0.260
  7     87          0.260
  8     140         0.126
  9     137         0.126
  10    110         0.126

Detector: BL_W60_T1.8_D30
Best Detection: 98 mmHg (confidence: 0.500)
Top 10 readings:
  Rank  Pressure    Confidence  
  ------------------------------
  1     98          0.500
  2     94          0.420
  3     120         0.340
  4     91          0.340
  5     144         0.260
  6     115         0.260
  7     87          0.260
  8     140         0.126
  9     137         0.126
  10    110         0.126

Detector: BL_W60_T1.8_D40
Best Detection: 98 mmHg (confidence: 0.500)
Top 10 readings:
  Rank  Pressure    Confidence  
  ------------------------------
  1     98          0.500
  2     94          0.420
  3     120         0.340
  4     91          0.340
  5     143         0.260
  6     115         0.260
  7     87          0.260
  8     140         0.126
  9     137         0.126
  10    110         0.126

Detector: BL_W60_T2.0_D2
Best Detection: 98 mmHg (confidence: 0.500)
Top 10 readings:
  Rank  Pressure    Confidence  
  ------------------------------
  1     98          0.500
  2     94          0.420
  3     149         0.340
  4     120         0.340
  5     91          0.340
  6     144         0.260
  7     114         0.260
  8     87          0.260
  9     140         0.126
  10    137         0.126

Detector: BL_W60_T2.0_D4
Best Detection: 98 mmHg (confidence: 0.500)
Top 10 readings:
  Rank  Pressure    Confidence  
  ------------------------------
  1     98          0.500
  2     94          0.420
  3     149         0.340
  4     120         0.340
  5     91          0.340
  6     144         0.260
  7     114         0.260
  8     87          0.260
  9     140         0.126
  10    137         0.126

Detector: BL_W60_T2.0_D6
Best Detection: 98 mmHg (confidence: 0.500)
Top 10 readings:
  Rank  Pressure    Confidence  
  ------------------------------
  1     98          0.500
  2     94          0.420
  3     149         0.340
  4     120         0.340
  5     91          0.340
  6     144         0.260
  7     114         0.260
  8     87          0.260
  9     140         0.126
  10    137         0.126

Detector: BL_W60_T2.0_D8
Best Detection: 98 mmHg (confidence: 0.500)
Top 10 readings:
  Rank  Pressure    Confidence  
  ------------------------------
  1     98          0.500
  2     94          0.420
  3     149         0.340
  4     120         0.340
  5     91          0.340
  6     144         0.260
  7     114         0.260
  8     87          0.260
  9     140         0.126
  10    137         0.126

Detector: BL_W60_T2.0_D10
Best Detection: 98 mmHg (confidence: 0.500)
Top 10 readings:
  Rank  Pressure    Confidence  
  ------------------------------
  1     98          0.500
  2     94          0.420
  3     149         0.340
  4     120         0.340
  5     91          0.340
  6     144         0.260
  7     114         0.260
  8     87          0.260
  9     140         0.126
  10    137         0.126

Detector: BL_W60_T2.0_D15
Best Detection: 98 mmHg (confidence: 0.500)
Top 10 readings:
  Rank  Pressure    Confidence  
  ------------------------------
  1     98          0.500
  2     94          0.420
  3     149         0.340
  4     120         0.340
  5     91          0.340
  6     144         0.260
  7     114         0.260
  8     87          0.260
  9     142         0.208
  10    140         0.126

Detector: BL_W60_T2.0_D20
Best Detection: 98 mmHg (confidence: 0.500)
Top 10 readings:
  Rank  Pressure    Confidence  
  ------------------------------
  1     98          0.500
  2     94          0.420
  3     148         0.340
  4     120         0.340
  5     91          0.340
  6     144         0.260
  7     114         0.260
  8     87          0.260
  9     140         0.126
  10    137         0.126

Detector: BL_W60_T2.0_D25
Best Detection: 98 mmHg (confidence: 0.500)
Top 10 readings:
  Rank  Pressure    Confidence  
  ------------------------------
  1     98          0.500
  2     94          0.420
  3     120         0.340
  4     91          0.340
  5     144         0.260
  6     114         0.260
  7     87          0.260
  8     140         0.126
  9     137         0.126
  10    110         0.126

Detector: BL_W60_T2.0_D30
Best Detection: 98 mmHg (confidence: 0.500)
Top 10 readings:
  Rank  Pressure    Confidence  
  ------------------------------
  1     98          0.500
  2     94          0.420
  3     120         0.340
  4     91          0.340
  5     144         0.260
  6     114         0.260
  7     87          0.260
  8     140         0.126
  9     137         0.126
  10    110         0.126

Detector: BL_W60_T2.0_D40
Best Detection: 98 mmHg (confidence: 0.500)
Top 10 readings:
  Rank  Pressure    Confidence  
  ------------------------------
  1     98          0.500
  2     94          0.420
  3     120         0.340
  4     91          0.340
  5     143         0.260
  6     114         0.260
  7     87          0.260
  8     140         0.126
  9     137         0.126
  10    110         0.126

Detector: BL_W60_T2.2_D2
Best Detection: 149 mmHg (confidence: 0.340)
Top 10 readings:
  Rank  Pressure    Confidence  
  ------------------------------
  1     149         0.340
  2     144         0.260
  3     140         0.126
  4     137         0.126
  5     120         0.126
  6     87          0.126
  7     83          0.050
  8     135         0.010
  9     114         0.010
  10    94          0.010

Detector: BL_W60_T2.2_D4
Best Detection: 149 mmHg (confidence: 0.340)
Top 10 readings:
  Rank  Pressure    Confidence  
  ------------------------------
  1     149         0.340
  2     144         0.260
  3     140         0.126
  4     137         0.126
  5     120         0.126
  6     87          0.126
  7     83          0.050
  8     135         0.010
  9     114         0.010
  10    94          0.010

Detector: BL_W60_T2.2_D6
Best Detection: 149 mmHg (confidence: 0.340)
Top 10 readings:
  Rank  Pressure    Confidence  
  ------------------------------
  1     149         0.340
  2     144         0.260
  3     140         0.126
  4     137         0.126
  5     120         0.126
  6     87          0.126
  7     83          0.050
  8     135         0.010
  9     114         0.010
  10    94          0.010

Detector: BL_W60_T2.2_D8
Best Detection: 149 mmHg (confidence: 0.340)
Top 10 readings:
  Rank  Pressure    Confidence  
  ------------------------------
  1     149         0.340
  2     144         0.260
  3     140         0.126
  4     137         0.126
  5     120         0.126
  6     87          0.126
  7     83          0.050
  8     161         0.010
  9     159         0.010
  10    135         0.010

Detector: BL_W60_T2.2_D10
Best Detection: 149 mmHg (confidence: 0.340)
Top 10 readings:
  Rank  Pressure    Confidence  
  ------------------------------
  1     149         0.340
  2     144         0.260
  3     140         0.126
  4     137         0.126
  5     120         0.126
  6     87          0.126
  7     83          0.050
  8     161         0.010
  9     159         0.010
  10    135         0.010

Detector: BL_W60_T2.2_D15
Best Detection: 149 mmHg (confidence: 0.340)
Top 10 readings:
  Rank  Pressure    Confidence  
  ------------------------------
  1     149         0.340
  2     144         0.260
  3     142         0.208
  4     140         0.126
  5     137         0.126
  6     120         0.126
  7     87          0.126
  8     83          0.050
  9     135         0.010
  10    114         0.010

Detector: BL_W60_T2.2_D20
Best Detection: 148 mmHg (confidence: 0.340)
Top 10 readings:
  Rank  Pressure    Confidence  
  ------------------------------
  1     148         0.340
  2     144         0.260
  3     140         0.126
  4     137         0.126
  5     120         0.126
  6     87          0.126
  7     83          0.050
  8     135         0.010
  9     114         0.010
  10    94          0.010

Detector: BL_W60_T2.2_D25
Best Detection: 144 mmHg (confidence: 0.260)
Top 10 readings:
  Rank  Pressure    Confidence  
  ------------------------------
  1     144         0.260
  2     140         0.126
  3     137         0.126
  4     120         0.126
  5     87          0.126
  6     83          0.050
  7     135         0.010
  8     114         0.010
  9     94          0.010

Detector: BL_W60_T2.2_D30
Best Detection: 144 mmHg (confidence: 0.260)
Top 10 readings:
  Rank  Pressure    Confidence  
  ------------------------------
  1     144         0.260
  2     140         0.126
  3     137         0.126
  4     120         0.126
  5     87          0.126
  6     83          0.050
  7     135         0.010
  8     114         0.010
  9     94          0.010

Detector: BL_W60_T2.2_D40
Best Detection: 143 mmHg (confidence: 0.260)
Top 10 readings:
  Rank  Pressure    Confidence  
  ------------------------------
  1     143         0.260
  2     140         0.126
  3     137         0.126
  4     120         0.126
  5     87          0.126
  6     83          0.050
  7     135         0.010
  8     114         0.010
  9     94          0.010

Detector: BL_W60_T2.4_D2
Best Detection: 149 mmHg (confidence: 0.340)
Top 10 readings:
  Rank  Pressure    Confidence  
  ------------------------------
  1     149         0.340
  2     144         0.260
  3     140         0.126
  4     137         0.126
  5     120         0.126
  6     94          0.050
  7     134         0.010
  8     114         0.010

Detector: BL_W60_T2.4_D4
Best Detection: 149 mmHg (confidence: 0.340)
Top 10 readings:
  Rank  Pressure    Confidence  
  ------------------------------
  1     149         0.340
  2     144         0.260
  3     140         0.126
  4     137         0.126
  5     120         0.126
  6     94          0.050
  7     134         0.010
  8     114         0.010

Detector: BL_W60_T2.4_D6
Best Detection: 149 mmHg (confidence: 0.340)
Top 10 readings:
  Rank  Pressure    Confidence  
  ------------------------------
  1     149         0.340
  2     144         0.260
  3     140         0.126
  4     137         0.126
  5     120         0.126
  6     94          0.050
  7     134         0.010
  8     114         0.010

Detector: BL_W60_T2.4_D8
Best Detection: 149 mmHg (confidence: 0.340)
Top 10 readings:
  Rank  Pressure    Confidence  
  ------------------------------
  1     149         0.340
  2     144         0.260
  3     140         0.126
  4     137         0.126
  5     120         0.126
  6     94          0.050
  7     161         0.010
  8     159         0.010
  9     134         0.010
  10    114         0.010

Detector: BL_W60_T2.4_D10
Best Detection: 149 mmHg (confidence: 0.340)
Top 10 readings:
  Rank  Pressure    Confidence  
  ------------------------------
  1     149         0.340
  2     144         0.260
  3     140         0.126
  4     137         0.126
  5     120         0.126
  6     94          0.050
  7     161         0.010
  8     159         0.010
  9     134         0.010
  10    114         0.010

Detector: BL_W60_T2.4_D15
Best Detection: 149 mmHg (confidence: 0.340)
Top 10 readings:
  Rank  Pressure    Confidence  
  ------------------------------
  1     149         0.340
  2     144         0.260
  3     142         0.208
  4     140         0.126
  5     137         0.126
  6     120         0.126
  7     94          0.050
  8     134         0.010
  9     114         0.010

Detector: BL_W60_T2.4_D20
Best Detection: 148 mmHg (confidence: 0.340)
Top 10 readings:
  Rank  Pressure    Confidence  
  ------------------------------
  1     148         0.340
  2     144         0.260
  3     140         0.126
  4     137         0.126
  5     120         0.126
  6     94          0.050
  7     134         0.010
  8     114         0.010

Detector: BL_W60_T2.4_D25
Best Detection: 144 mmHg (confidence: 0.260)
Top 10 readings:
  Rank  Pressure    Confidence  
  ------------------------------
  1     144         0.260
  2     140         0.126
  3     137         0.126
  4     120         0.126
  5     94          0.050
  6     134         0.010
  7     114         0.010

Detector: BL_W60_T2.4_D30
Best Detection: 144 mmHg (confidence: 0.260)
Top 10 readings:
  Rank  Pressure    Confidence  
  ------------------------------
  1     144         0.260
  2     140         0.126
  3     137         0.126
  4     120         0.126
  5     94          0.050
  6     134         0.010
  7     114         0.010

Detector: BL_W60_T2.4_D40
Best Detection: 143 mmHg (confidence: 0.260)
Top 10 readings:
  Rank  Pressure    Confidence  
  ------------------------------
  1     143         0.260
  2     140         0.126
  3     137         0.126
  4     120         0.126
  5     94          0.050
  6     134         0.010
  7     114         0.010

Detector: BL_W60_T2.6_D2
Best Detection: 149 mmHg (confidence: 0.340)
Top 10 readings:
  Rank  Pressure    Confidence  
  ------------------------------
  1     149         0.340
  2     144         0.260
  3     139         0.126
  4     119         0.050
  5     134         0.010

Detector: BL_W60_T2.6_D4
Best Detection: 149 mmHg (confidence: 0.340)
Top 10 readings:
  Rank  Pressure    Confidence  
  ------------------------------
  1     149         0.340
  2     144         0.260
  3     139         0.126
  4     119         0.050
  5     134         0.010

Detector: BL_W60_T2.6_D6
Best Detection: 149 mmHg (confidence: 0.340)
Top 10 readings:
  Rank  Pressure    Confidence  
  ------------------------------
  1     149         0.340
  2     144         0.260
  3     139         0.126
  4     119         0.050
  5     134         0.010

Detector: BL_W60_T2.6_D8
Best Detection: 149 mmHg (confidence: 0.340)
Top 10 readings:
  Rank  Pressure    Confidence  
  ------------------------------
  1     149         0.340
  2     144         0.260
  3     139         0.126
  4     119         0.050
  5     161         0.010
  6     159         0.010
  7     134         0.010

Detector: BL_W60_T2.6_D10
Best Detection: 149 mmHg (confidence: 0.340)
Top 10 readings:
  Rank  Pressure    Confidence  
  ------------------------------
  1     149         0.340
  2     144         0.260
  3     139         0.126
  4     119         0.050
  5     161         0.010
  6     159         0.010
  7     134         0.010

Detector: BL_W60_T2.6_D15
Best Detection: 149 mmHg (confidence: 0.340)
Top 10 readings:
  Rank  Pressure    Confidence  
  ------------------------------
  1     149         0.340
  2     144         0.260
  3     142         0.260
  4     139         0.126
  5     119         0.050
  6     134         0.010

Detector: BL_W60_T2.6_D20
Best Detection: 148 mmHg (confidence: 0.340)
Top 10 readings:
  Rank  Pressure    Confidence  
  ------------------------------
  1     148         0.340
  2     144         0.260
  3     140         0.126
  4     119         0.050
  5     134         0.010

Detector: BL_W60_T2.6_D25
Best Detection: 144 mmHg (confidence: 0.260)
Top 10 readings:
  Rank  Pressure    Confidence  
  ------------------------------
  1     144         0.260
  2     140         0.126
  3     119         0.050
  4     134         0.010

Detector: BL_W60_T2.6_D30
Best Detection: 144 mmHg (confidence: 0.260)
Top 10 readings:
  Rank  Pressure    Confidence  
  ------------------------------
  1     144         0.260
  2     140         0.126
  3     119         0.050
  4     134         0.010

Detector: BL_W60_T2.6_D40
Best Detection: 143 mmHg (confidence: 0.260)
Top 10 readings:
  Rank  Pressure    Confidence  
  ------------------------------
  1     143         0.260
  2     140         0.126
  3     119         0.050
  4     134         0.010

Detector: BL_W60_T2.8_D2
Best Detection: 149 mmHg (confidence: 0.340)
Top 10 readings:
  Rank  Pressure    Confidence  
  ------------------------------
  1     149         0.340
  2     144         0.260
  3     139         0.126
  4     119         0.050
  5     134         0.010

Detector: BL_W60_T2.8_D4
Best Detection: 149 mmHg (confidence: 0.340)
Top 10 readings:
  Rank  Pressure    Confidence  
  ------------------------------
  1     149         0.340
  2     144         0.260
  3     139         0.126
  4     119         0.050
  5     134         0.010

Detector: BL_W60_T2.8_D6
Best Detection: 149 mmHg (confidence: 0.340)
Top 10 readings:
  Rank  Pressure    Confidence  
  ------------------------------
  1     149         0.340
  2     144         0.260
  3     139         0.126
  4     119         0.050
  5     134         0.010

Detector: BL_W60_T2.8_D8
Best Detection: 149 mmHg (confidence: 0.340)
Top 10 readings:
  Rank  Pressure    Confidence  
  ------------------------------
  1     149         0.340
  2     144         0.260
  3     139         0.126
  4     119         0.050
  5     161         0.010
  6     159         0.010
  7     134         0.010

Detector: BL_W60_T2.8_D10
Best Detection: 149 mmHg (confidence: 0.340)
Top 10 readings:
  Rank  Pressure    Confidence  
  ------------------------------
  1     149         0.340
  2     144         0.260
  3     139         0.126
  4     119         0.050
  5     161         0.010
  6     159         0.010
  7     134         0.010

Detector: BL_W60_T2.8_D15
Best Detection: 149 mmHg (confidence: 0.340)
Top 10 readings:
  Rank  Pressure    Confidence  
  ------------------------------
  1     149         0.340
  2     144         0.260
  3     142         0.260
  4     139         0.126
  5     119         0.050
  6     134         0.010

Detector: BL_W60_T2.8_D20
Best Detection: 148 mmHg (confidence: 0.340)
Top 10 readings:
  Rank  Pressure    Confidence  
  ------------------------------
  1     148         0.340
  2     144         0.260
  3     140         0.126
  4     119         0.050
  5     134         0.010

Detector: BL_W60_T2.8_D25
Best Detection: 144 mmHg (confidence: 0.260)
Top 10 readings:
  Rank  Pressure    Confidence  
  ------------------------------
  1     144         0.260
  2     140         0.126
  3     119         0.050
  4     134         0.010

Detector: BL_W60_T2.8_D30
Best Detection: 144 mmHg (confidence: 0.260)
Top 10 readings:
  Rank  Pressure    Confidence  
  ------------------------------
  1     144         0.260
  2     140         0.126
  3     119         0.050
  4     134         0.010

Detector: BL_W60_T2.8_D40
Best Detection: 143 mmHg (confidence: 0.260)
Top 10 readings:
  Rank  Pressure    Confidence  
  ------------------------------
  1     143         0.260
  2     140         0.126
  3     119         0.050
  4     134         0.010

Detector: BL_W60_T3.0_D2
Best Detection: 149 mmHg (confidence: 0.340)
Top 10 readings:
  Rank  Pressure    Confidence  
  ------------------------------
  1     149         0.340
  2     144         0.260
  3     139         0.126
  4     134         0.050

Detector: BL_W60_T3.0_D4
Best Detection: 149 mmHg (confidence: 0.340)
Top 10 readings:
  Rank  Pressure    Confidence  
  ------------------------------
  1     149         0.340
  2     144         0.260
  3     139         0.126
  4     134         0.050

Detector: BL_W60_T3.0_D6
Best Detection: 149 mmHg (confidence: 0.340)
Top 10 readings:
  Rank  Pressure    Confidence  
  ------------------------------
  1     149         0.340
  2     144         0.260
  3     139         0.126
  4     134         0.050

Detector: BL_W60_T3.0_D8
Best Detection: 149 mmHg (confidence: 0.340)
Top 10 readings:
  Rank  Pressure    Confidence  
  ------------------------------
  1     149         0.340
  2     144         0.260
  3     139         0.126
  4     134         0.050
  5     161         0.010
  6     159         0.010

Detector: BL_W60_T3.0_D10
Best Detection: 149 mmHg (confidence: 0.340)
Top 10 readings:
  Rank  Pressure    Confidence  
  ------------------------------
  1     149         0.340
  2     144         0.260
  3     139         0.126
  4     134         0.050
  5     161         0.010
  6     159         0.010

Detector: BL_W60_T3.0_D15
Best Detection: 149 mmHg (confidence: 0.340)
Top 10 readings:
  Rank  Pressure    Confidence  
  ------------------------------
  1     149         0.340
  2     144         0.260
  3     142         0.260
  4     139         0.126
  5     134         0.050

Detector: BL_W60_T3.0_D20
Best Detection: 148 mmHg (confidence: 0.340)
Top 10 readings:
  Rank  Pressure    Confidence  
  ------------------------------
  1     148         0.340
  2     144         0.260
  3     140         0.126
  4     134         0.050

Detector: BL_W60_T3.0_D25
Best Detection: 144 mmHg (confidence: 0.260)
Top 10 readings:
  Rank  Pressure    Confidence  
  ------------------------------
  1     144         0.260
  2     140         0.126
  3     134         0.050

Detector: BL_W60_T3.0_D30
Best Detection: 144 mmHg (confidence: 0.260)
Top 10 readings:
  Rank  Pressure    Confidence  
  ------------------------------
  1     144         0.260
  2     140         0.126
  3     134         0.050

Detector: BL_W60_T3.0_D40
Best Detection: 143 mmHg (confidence: 0.260)
Top 10 readings:
  Rank  Pressure    Confidence  
  ------------------------------
  1     143         0.260
  2     140         0.126
  3     134         0.050

Detector: BL_W70_T1.0_D2
Best Detection: 124 mmHg (confidence: 0.900)
Top 10 readings:
  Rank  Pressure    Confidence  
  ------------------------------
  1     124         0.900
  2     120         0.820
  3     116         0.740
  4     111         0.660
  5     106         0.580
  6     102         0.500
  7     98          0.420
  8     149         0.340
  9     147         0.340
  10    95          0.340

Detector: BL_W70_T1.0_D4
Best Detection: 124 mmHg (confidence: 0.900)
Top 10 readings:
  Rank  Pressure    Confidence  
  ------------------------------
  1     124         0.900
  2     120         0.820
  3     116         0.740
  4     111         0.660
  5     106         0.580
  6     102         0.500
  7     98          0.420
  8     149         0.340
  9     147         0.340
  10    95          0.340

Detector: BL_W70_T1.0_D6
Best Detection: 124 mmHg (confidence: 0.900)
Top 10 readings:
  Rank  Pressure    Confidence  
  ------------------------------
  1     124         0.900
  2     120         0.820
  3     116         0.740
  4     111         0.660
  5     106         0.580
  6     102         0.500
  7     98          0.420
  8     149         0.340
  9     147         0.340
  10    95          0.340

Detector: BL_W70_T1.0_D8
Best Detection: 124 mmHg (confidence: 0.980)
Top 10 readings:
  Rank  Pressure    Confidence  
  ------------------------------
  1     124         0.980
  2     120         0.900
  3     116         0.820
  4     111         0.740
  5     106         0.660
  6     102         0.580
  7     98          0.500
  8     95          0.420
  9     149         0.340
  10    91          0.340

Detector: BL_W70_T1.0_D10
Best Detection: 124 mmHg (confidence: 0.980)
Top 10 readings:
  Rank  Pressure    Confidence  
  ------------------------------
  1     124         0.980
  2     120         0.900
  3     116         0.820
  4     111         0.740
  5     106         0.660
  6     102         0.580
  7     98          0.500
  8     95          0.420
  9     149         0.340
  10    91          0.340

Detector: BL_W70_T1.0_D15
Best Detection: 124 mmHg (confidence: 0.980)
Top 10 readings:
  Rank  Pressure    Confidence  
  ------------------------------
  1     124         0.980
  2     120         0.900
  3     116         0.820
  4     111         0.740
  5     106         0.660
  6     102         0.580
  7     98          0.500
  8     95          0.420
  9     149         0.340
  10    91          0.340

Detector: BL_W70_T1.0_D20
Best Detection: 124 mmHg (confidence: 0.980)
Top 10 readings:
  Rank  Pressure    Confidence  
  ------------------------------
  1     124         0.980
  2     120         0.900
  3     116         0.820
  4     111         0.740
  5     106         0.660
  6     102         0.580
  7     98          0.500
  8     95          0.420
  9     148         0.340
  10    91          0.340

Detector: BL_W70_T1.0_D25
Best Detection: 124 mmHg (confidence: 0.980)
Top 10 readings:
  Rank  Pressure    Confidence  
  ------------------------------
  1     124         0.980
  2     120         0.900
  3     116         0.820
  4     111         0.740
  5     106         0.660
  6     102         0.580
  7     98          0.500
  8     95          0.420
  9     91          0.340
  10    144         0.260

Detector: BL_W70_T1.0_D30
Best Detection: 124 mmHg (confidence: 0.980)
Top 10 readings:
  Rank  Pressure    Confidence  
  ------------------------------
  1     124         0.980
  2     120         0.900
  3     116         0.820
  4     111         0.740
  5     106         0.660
  6     102         0.580
  7     98          0.500
  8     95          0.420
  9     91          0.340
  10    144         0.260

Detector: BL_W70_T1.0_D40
Best Detection: 124 mmHg (confidence: 0.980)
Top 10 readings:
  Rank  Pressure    Confidence  
  ------------------------------
  1     124         0.980
  2     120         0.900
  3     116         0.820
  4     111         0.740
  5     106         0.660
  6     102         0.580
  7     98          0.500
  8     95          0.420
  9     91          0.340
  10    143         0.260

Detector: BL_W70_T1.2_D2
Best Detection: 124 mmHg (confidence: 0.900)
Top 10 readings:
  Rank  Pressure    Confidence  
  ------------------------------
  1     124         0.900
  2     120         0.820
  3     116         0.740
  4     111         0.660
  5     106         0.580
  6     102         0.500
  7     98          0.420
  8     149         0.340
  9     147         0.340
  10    95          0.340

Detector: BL_W70_T1.2_D4
Best Detection: 124 mmHg (confidence: 0.900)
Top 10 readings:
  Rank  Pressure    Confidence  
  ------------------------------
  1     124         0.900
  2     120         0.820
  3     116         0.740
  4     111         0.660
  5     106         0.580
  6     102         0.500
  7     98          0.420
  8     149         0.340
  9     147         0.340
  10    95          0.340

Detector: BL_W70_T1.2_D6
Best Detection: 124 mmHg (confidence: 0.900)
Top 10 readings:
  Rank  Pressure    Confidence  
  ------------------------------
  1     124         0.900
  2     120         0.820
  3     116         0.740
  4     111         0.660
  5     106         0.580
  6     102         0.500
  7     98          0.420
  8     149         0.340
  9     147         0.340
  10    95          0.340

Detector: BL_W70_T1.2_D8
Best Detection: 124 mmHg (confidence: 0.980)
Top 10 readings:
  Rank  Pressure    Confidence  
  ------------------------------
  1     124         0.980
  2     120         0.900
  3     116         0.820
  4     111         0.740
  5     106         0.660
  6     102         0.580
  7     98          0.500
  8     95          0.420
  9     149         0.340
  10    91          0.340

Detector: BL_W70_T1.2_D10
Best Detection: 124 mmHg (confidence: 0.980)
Top 10 readings:
  Rank  Pressure    Confidence  
  ------------------------------
  1     124         0.980
  2     120         0.900
  3     116         0.820
  4     111         0.740
  5     106         0.660
  6     102         0.580
  7     98          0.500
  8     95          0.420
  9     149         0.340
  10    91          0.340

Detector: BL_W70_T1.2_D15
Best Detection: 124 mmHg (confidence: 0.980)
Top 10 readings:
  Rank  Pressure    Confidence  
  ------------------------------
  1     124         0.980
  2     120         0.900
  3     116         0.820
  4     111         0.740
  5     106         0.660
  6     102         0.580
  7     98          0.500
  8     95          0.420
  9     149         0.340
  10    91          0.340

Detector: BL_W70_T1.2_D20
Best Detection: 124 mmHg (confidence: 0.980)
Top 10 readings:
  Rank  Pressure    Confidence  
  ------------------------------
  1     124         0.980
  2     120         0.900
  3     116         0.820
  4     111         0.740
  5     106         0.660
  6     102         0.580
  7     98          0.500
  8     95          0.420
  9     148         0.340
  10    91          0.340

Detector: BL_W70_T1.2_D25
Best Detection: 124 mmHg (confidence: 0.980)
Top 10 readings:
  Rank  Pressure    Confidence  
  ------------------------------
  1     124         0.980
  2     120         0.900
  3     116         0.820
  4     111         0.740
  5     106         0.660
  6     102         0.580
  7     98          0.500
  8     95          0.420
  9     91          0.340
  10    144         0.260

Detector: BL_W70_T1.2_D30
Best Detection: 124 mmHg (confidence: 0.980)
Top 10 readings:
  Rank  Pressure    Confidence  
  ------------------------------
  1     124         0.980
  2     120         0.900
  3     116         0.820
  4     111         0.740
  5     106         0.660
  6     102         0.580
  7     98          0.500
  8     95          0.420
  9     91          0.340
  10    144         0.260

Detector: BL_W70_T1.2_D40
Best Detection: 124 mmHg (confidence: 0.980)
Top 10 readings:
  Rank  Pressure    Confidence  
  ------------------------------
  1     124         0.980
  2     120         0.900
  3     116         0.820
  4     111         0.740
  5     106         0.660
  6     102         0.580
  7     98          0.500
  8     95          0.420
  9     91          0.340
  10    143         0.260

Detector: BL_W70_T1.4_D2
Best Detection: 124 mmHg (confidence: 0.900)
Top 10 readings:
  Rank  Pressure    Confidence  
  ------------------------------
  1     124         0.900
  2     120         0.820
  3     115         0.740
  4     110         0.660
  5     106         0.580
  6     102         0.500
  7     98          0.420
  8     149         0.340
  9     147         0.340
  10    95          0.340

Detector: BL_W70_T1.4_D4
Best Detection: 124 mmHg (confidence: 0.900)
Top 10 readings:
  Rank  Pressure    Confidence  
  ------------------------------
  1     124         0.900
  2     120         0.820
  3     115         0.740
  4     110         0.660
  5     106         0.580
  6     102         0.500
  7     98          0.420
  8     149         0.340
  9     147         0.340
  10    95          0.340

Detector: BL_W70_T1.4_D6
Best Detection: 124 mmHg (confidence: 0.900)
Top 10 readings:
  Rank  Pressure    Confidence  
  ------------------------------
  1     124         0.900
  2     120         0.820
  3     115         0.740
  4     110         0.660
  5     106         0.580
  6     102         0.500
  7     98          0.420
  8     149         0.340
  9     147         0.340
  10    95          0.340

Detector: BL_W70_T1.4_D8
Best Detection: 124 mmHg (confidence: 0.980)
Top 10 readings:
  Rank  Pressure    Confidence  
  ------------------------------
  1     124         0.980
  2     120         0.900
  3     115         0.820
  4     110         0.740
  5     106         0.660
  6     102         0.580
  7     98          0.500
  8     95          0.420
  9     149         0.340
  10    91          0.340

Detector: BL_W70_T1.4_D10
Best Detection: 124 mmHg (confidence: 0.980)
Top 10 readings:
  Rank  Pressure    Confidence  
  ------------------------------
  1     124         0.980
  2     120         0.900
  3     115         0.820
  4     110         0.740
  5     106         0.660
  6     102         0.580
  7     98          0.500
  8     95          0.420
  9     149         0.340
  10    91          0.340

Detector: BL_W70_T1.4_D15
Best Detection: 124 mmHg (confidence: 0.980)
Top 10 readings:
  Rank  Pressure    Confidence  
  ------------------------------
  1     124         0.980
  2     120         0.900
  3     115         0.820
  4     110         0.740
  5     106         0.660
  6     102         0.580
  7     98          0.500
  8     95          0.420
  9     149         0.340
  10    91          0.340

Detector: BL_W70_T1.4_D20
Best Detection: 124 mmHg (confidence: 0.980)
Top 10 readings:
  Rank  Pressure    Confidence  
  ------------------------------
  1     124         0.980
  2     120         0.900
  3     115         0.820
  4     110         0.740
  5     106         0.660
  6     102         0.580
  7     98          0.500
  8     95          0.420
  9     148         0.340
  10    91          0.340

Detector: BL_W70_T1.4_D25
Best Detection: 124 mmHg (confidence: 0.980)
Top 10 readings:
  Rank  Pressure    Confidence  
  ------------------------------
  1     124         0.980
  2     120         0.900
  3     115         0.820
  4     110         0.740
  5     106         0.660
  6     102         0.580
  7     98          0.500
  8     95          0.420
  9     91          0.340
  10    144         0.260

Detector: BL_W70_T1.4_D30
Best Detection: 124 mmHg (confidence: 0.980)
Top 10 readings:
  Rank  Pressure    Confidence  
  ------------------------------
  1     124         0.980
  2     120         0.900
  3     115         0.820
  4     110         0.740
  5     106         0.660
  6     102         0.580
  7     98          0.500
  8     95          0.420
  9     91          0.340
  10    144         0.260

Detector: BL_W70_T1.4_D40
Best Detection: 124 mmHg (confidence: 0.980)
Top 10 readings:
  Rank  Pressure    Confidence  
  ------------------------------
  1     124         0.980
  2     120         0.900
  3     115         0.820
  4     110         0.740
  5     106         0.660
  6     102         0.580
  7     98          0.500
  8     95          0.420
  9     91          0.340
  10    143         0.260

Detector: BL_W70_T1.6_D2
Best Detection: 124 mmHg (confidence: 0.980)
Top 10 readings:
  Rank  Pressure    Confidence  
  ------------------------------
  1     124         0.980
  2     120         0.900
  3     115         0.820
  4     110         0.740
  5     106         0.660
  6     102         0.580
  7     98          0.500
  8     95          0.420
  9     149         0.340
  10    91          0.340

Detector: BL_W70_T1.6_D4
Best Detection: 124 mmHg (confidence: 0.980)
Top 10 readings:
  Rank  Pressure    Confidence  
  ------------------------------
  1     124         0.980
  2     120         0.900
  3     115         0.820
  4     110         0.740
  5     106         0.660
  6     102         0.580
  7     98          0.500
  8     95          0.420
  9     149         0.340
  10    91          0.340

Detector: BL_W70_T1.6_D6
Best Detection: 124 mmHg (confidence: 0.980)
Top 10 readings:
  Rank  Pressure    Confidence  
  ------------------------------
  1     124         0.980
  2     120         0.900
  3     115         0.820
  4     110         0.740
  5     106         0.660
  6     102         0.580
  7     98          0.500
  8     95          0.420
  9     149         0.340
  10    91          0.340

Detector: BL_W70_T1.6_D8
Best Detection: 124 mmHg (confidence: 0.980)
Top 10 readings:
  Rank  Pressure    Confidence  
  ------------------------------
  1     124         0.980
  2     120         0.900
  3     115         0.820
  4     110         0.740
  5     106         0.660
  6     102         0.580
  7     98          0.500
  8     95          0.420
  9     149         0.340
  10    91          0.340

Detector: BL_W70_T1.6_D10
Best Detection: 124 mmHg (confidence: 0.980)
Top 10 readings:
  Rank  Pressure    Confidence  
  ------------------------------
  1     124         0.980
  2     120         0.900
  3     115         0.820
  4     110         0.740
  5     106         0.660
  6     102         0.580
  7     98          0.500
  8     95          0.420
  9     149         0.340
  10    91          0.340

Detector: BL_W70_T1.6_D15
Best Detection: 124 mmHg (confidence: 0.980)
Top 10 readings:
  Rank  Pressure    Confidence  
  ------------------------------
  1     124         0.980
  2     120         0.900
  3     115         0.820
  4     110         0.740
  5     106         0.660
  6     102         0.580
  7     98          0.500
  8     95          0.420
  9     149         0.340
  10    91          0.340

Detector: BL_W70_T1.6_D20
Best Detection: 124 mmHg (confidence: 0.980)
Top 10 readings:
  Rank  Pressure    Confidence  
  ------------------------------
  1     124         0.980
  2     120         0.900
  3     115         0.820
  4     110         0.740
  5     106         0.660
  6     102         0.580
  7     98          0.500
  8     95          0.420
  9     148         0.340
  10    91          0.340

Detector: BL_W70_T1.6_D25
Best Detection: 124 mmHg (confidence: 0.980)
Top 10 readings:
  Rank  Pressure    Confidence  
  ------------------------------
  1     124         0.980
  2     120         0.900
  3     115         0.820
  4     110         0.740
  5     106         0.660
  6     102         0.580
  7     98          0.500
  8     95          0.420
  9     91          0.340
  10    144         0.260

Detector: BL_W70_T1.6_D30
Best Detection: 124 mmHg (confidence: 0.980)
Top 10 readings:
  Rank  Pressure    Confidence  
  ------------------------------
  1     124         0.980
  2     120         0.900
  3     115         0.820
  4     110         0.740
  5     106         0.660
  6     102         0.580
  7     98          0.500
  8     95          0.420
  9     91          0.340
  10    144         0.260

Detector: BL_W70_T1.6_D40
Best Detection: 124 mmHg (confidence: 0.980)
Top 10 readings:
  Rank  Pressure    Confidence  
  ------------------------------
  1     124         0.980
  2     120         0.900
  3     115         0.820
  4     110         0.740
  5     106         0.660
  6     102         0.580
  7     98          0.500
  8     95          0.420
  9     91          0.340
  10    143         0.260

Detector: BL_W70_T1.8_D2
Best Detection: 98 mmHg (confidence: 0.500)
Top 10 readings:
  Rank  Pressure    Confidence  
  ------------------------------
  1     98          0.500
  2     94          0.420
  3     149         0.340
  4     119         0.340
  5     91          0.340
  6     144         0.260
  7     115         0.260
  8     87          0.260
  9     140         0.126
  10    137         0.126

Detector: BL_W70_T1.8_D4
Best Detection: 98 mmHg (confidence: 0.500)
Top 10 readings:
  Rank  Pressure    Confidence  
  ------------------------------
  1     98          0.500
  2     94          0.420
  3     149         0.340
  4     119         0.340
  5     91          0.340
  6     144         0.260
  7     115         0.260
  8     87          0.260
  9     140         0.126
  10    137         0.126

Detector: BL_W70_T1.8_D6
Best Detection: 98 mmHg (confidence: 0.500)
Top 10 readings:
  Rank  Pressure    Confidence  
  ------------------------------
  1     98          0.500
  2     94          0.420
  3     149         0.340
  4     119         0.340
  5     91          0.340
  6     144         0.260
  7     115         0.260
  8     87          0.260
  9     140         0.126
  10    137         0.126

Detector: BL_W70_T1.8_D8
Best Detection: 98 mmHg (confidence: 0.500)
Top 10 readings:
  Rank  Pressure    Confidence  
  ------------------------------
  1     98          0.500
  2     94          0.420
  3     149         0.340
  4     119         0.340
  5     91          0.340
  6     144         0.260
  7     115         0.260
  8     87          0.260
  9     140         0.126
  10    137         0.126

Detector: BL_W70_T1.8_D10
Best Detection: 98 mmHg (confidence: 0.500)
Top 10 readings:
  Rank  Pressure    Confidence  
  ------------------------------
  1     98          0.500
  2     94          0.420
  3     149         0.340
  4     119         0.340
  5     91          0.340
  6     144         0.260
  7     115         0.260
  8     87          0.260
  9     140         0.126
  10    137         0.126

Detector: BL_W70_T1.8_D15
Best Detection: 98 mmHg (confidence: 0.500)
Top 10 readings:
  Rank  Pressure    Confidence  
  ------------------------------
  1     98          0.500
  2     94          0.420
  3     149         0.340
  4     119         0.340
  5     91          0.340
  6     144         0.260
  7     115         0.260
  8     87          0.260
  9     142         0.208
  10    140         0.126

Detector: BL_W70_T1.8_D20
Best Detection: 98 mmHg (confidence: 0.500)
Top 10 readings:
  Rank  Pressure    Confidence  
  ------------------------------
  1     98          0.500
  2     94          0.420
  3     148         0.340
  4     119         0.340
  5     91          0.340
  6     144         0.260
  7     115         0.260
  8     87          0.260
  9     140         0.126
  10    137         0.126

Detector: BL_W70_T1.8_D25
Best Detection: 98 mmHg (confidence: 0.500)
Top 10 readings:
  Rank  Pressure    Confidence  
  ------------------------------
  1     98          0.500
  2     94          0.420
  3     119         0.340
  4     91          0.340
  5     144         0.260
  6     115         0.260
  7     87          0.260
  8     140         0.126
  9     137         0.126
  10    110         0.126

Detector: BL_W70_T1.8_D30
Best Detection: 98 mmHg (confidence: 0.500)
Top 10 readings:
  Rank  Pressure    Confidence  
  ------------------------------
  1     98          0.500
  2     94          0.420
  3     119         0.340
  4     91          0.340
  5     144         0.260
  6     115         0.260
  7     87          0.260
  8     140         0.126
  9     137         0.126
  10    110         0.126

Detector: BL_W70_T1.8_D40
Best Detection: 98 mmHg (confidence: 0.500)
Top 10 readings:
  Rank  Pressure    Confidence  
  ------------------------------
  1     98          0.500
  2     94          0.420
  3     119         0.340
  4     91          0.340
  5     143         0.260
  6     115         0.260
  7     87          0.260
  8     140         0.126
  9     137         0.126
  10    110         0.126

Detector: BL_W70_T2.0_D2
Best Detection: 98 mmHg (confidence: 0.500)
Top 10 readings:
  Rank  Pressure    Confidence  
  ------------------------------
  1     98          0.500
  2     94          0.420
  3     149         0.340
  4     91          0.340
  5     144         0.260
  6     119         0.260
  7     87          0.260
  8     140         0.126
  9     137         0.126
  10    114         0.126

Detector: BL_W70_T2.0_D4
Best Detection: 98 mmHg (confidence: 0.500)
Top 10 readings:
  Rank  Pressure    Confidence  
  ------------------------------
  1     98          0.500
  2     94          0.420
  3     149         0.340
  4     91          0.340
  5     144         0.260
  6     119         0.260
  7     87          0.260
  8     140         0.126
  9     137         0.126
  10    114         0.126

Detector: BL_W70_T2.0_D6
Best Detection: 98 mmHg (confidence: 0.500)
Top 10 readings:
  Rank  Pressure    Confidence  
  ------------------------------
  1     98          0.500
  2     94          0.420
  3     149         0.340
  4     91          0.340
  5     144         0.260
  6     119         0.260
  7     87          0.260
  8     140         0.126
  9     137         0.126
  10    114         0.126

Detector: BL_W70_T2.0_D8
Best Detection: 98 mmHg (confidence: 0.500)
Top 10 readings:
  Rank  Pressure    Confidence  
  ------------------------------
  1     98          0.500
  2     94          0.420
  3     149         0.340
  4     91          0.340
  5     144         0.260
  6     119         0.260
  7     87          0.260
  8     140         0.126
  9     137         0.126
  10    114         0.126

Detector: BL_W70_T2.0_D10
Best Detection: 98 mmHg (confidence: 0.500)
Top 10 readings:
  Rank  Pressure    Confidence  
  ------------------------------
  1     98          0.500
  2     94          0.420
  3     149         0.340
  4     91          0.340
  5     144         0.260
  6     119         0.260
  7     87          0.260
  8     140         0.126
  9     137         0.126
  10    114         0.126

Detector: BL_W70_T2.0_D15
Best Detection: 98 mmHg (confidence: 0.500)
Top 10 readings:
  Rank  Pressure    Confidence  
  ------------------------------
  1     98          0.500
  2     94          0.420
  3     149         0.340
  4     91          0.340
  5     144         0.260
  6     119         0.260
  7     87          0.260
  8     142         0.208
  9     140         0.126
  10    137         0.126

Detector: BL_W70_T2.0_D20
Best Detection: 98 mmHg (confidence: 0.500)
Top 10 readings:
  Rank  Pressure    Confidence  
  ------------------------------
  1     98          0.500
  2     94          0.420
  3     148         0.340
  4     91          0.340
  5     144         0.260
  6     119         0.260
  7     87          0.260
  8     140         0.126
  9     137         0.126
  10    114         0.126

Detector: BL_W70_T2.0_D25
Best Detection: 98 mmHg (confidence: 0.500)
Top 10 readings:
  Rank  Pressure    Confidence  
  ------------------------------
  1     98          0.500
  2     94          0.420
  3     91          0.340
  4     144         0.260
  5     119         0.260
  6     87          0.260
  7     140         0.126
  8     137         0.126
  9     114         0.126
  10    83          0.126

Detector: BL_W70_T2.0_D30
Best Detection: 98 mmHg (confidence: 0.500)
Top 10 readings:
  Rank  Pressure    Confidence  
  ------------------------------
  1     98          0.500
  2     94          0.420
  3     91          0.340
  4     144         0.260
  5     119         0.260
  6     87          0.260
  7     140         0.126
  8     137         0.126
  9     114         0.126
  10    83          0.126

Detector: BL_W70_T2.0_D40
Best Detection: 98 mmHg (confidence: 0.500)
Top 10 readings:
  Rank  Pressure    Confidence  
  ------------------------------
  1     98          0.500
  2     94          0.420
  3     91          0.340
  4     143         0.260
  5     119         0.260
  6     87          0.260
  7     140         0.126
  8     137         0.126
  9     114         0.126
  10    83          0.126

Detector: BL_W70_T2.2_D2
Best Detection: 149 mmHg (confidence: 0.340)
Top 10 readings:
  Rank  Pressure    Confidence  
  ------------------------------
  1     149         0.340
  2     144         0.260
  3     140         0.126
  4     137         0.126
  5     87          0.050
  6     135         0.010
  7     114         0.010
  8     94          0.010

Detector: BL_W70_T2.2_D4
Best Detection: 149 mmHg (confidence: 0.340)
Top 10 readings:
  Rank  Pressure    Confidence  
  ------------------------------
  1     149         0.340
  2     144         0.260
  3     140         0.126
  4     137         0.126
  5     87          0.050
  6     135         0.010
  7     114         0.010
  8     94          0.010

Detector: BL_W70_T2.2_D6
Best Detection: 149 mmHg (confidence: 0.340)
Top 10 readings:
  Rank  Pressure    Confidence  
  ------------------------------
  1     149         0.340
  2     144         0.260
  3     140         0.126
  4     137         0.126
  5     87          0.050
  6     135         0.010
  7     114         0.010
  8     94          0.010

Detector: BL_W70_T2.2_D8
Best Detection: 149 mmHg (confidence: 0.340)
Top 10 readings:
  Rank  Pressure    Confidence  
  ------------------------------
  1     149         0.340
  2     144         0.260
  3     140         0.126
  4     137         0.126
  5     87          0.050
  6     159         0.010
  7     135         0.010
  8     114         0.010
  9     94          0.010

Detector: BL_W70_T2.2_D10
Best Detection: 149 mmHg (confidence: 0.340)
Top 10 readings:
  Rank  Pressure    Confidence  
  ------------------------------
  1     149         0.340
  2     144         0.260
  3     140         0.126
  4     137         0.126
  5     87          0.050
  6     159         0.010
  7     135         0.010
  8     114         0.010
  9     94          0.010

Detector: BL_W70_T2.2_D15
Best Detection: 149 mmHg (confidence: 0.340)
Top 10 readings:
  Rank  Pressure    Confidence  
  ------------------------------
  1     149         0.340
  2     144         0.260
  3     142         0.208
  4     140         0.126
  5     137         0.126
  6     87          0.050
  7     135         0.010
  8     114         0.010
  9     94          0.010

Detector: BL_W70_T2.2_D20
Best Detection: 148 mmHg (confidence: 0.340)
Top 10 readings:
  Rank  Pressure    Confidence  
  ------------------------------
  1     148         0.340
  2     144         0.260
  3     140         0.126
  4     137         0.126
  5     87          0.050
  6     135         0.010
  7     114         0.010
  8     94          0.010

Detector: BL_W70_T2.2_D25
Best Detection: 144 mmHg (confidence: 0.260)
Top 10 readings:
  Rank  Pressure    Confidence  
  ------------------------------
  1     144         0.260
  2     140         0.126
  3     137         0.126
  4     87          0.050
  5     135         0.010
  6     114         0.010
  7     94          0.010

Detector: BL_W70_T2.2_D30
Best Detection: 144 mmHg (confidence: 0.260)
Top 10 readings:
  Rank  Pressure    Confidence  
  ------------------------------
  1     144         0.260
  2     140         0.126
  3     137         0.126
  4     87          0.050
  5     135         0.010
  6     114         0.010
  7     94          0.010

Detector: BL_W70_T2.2_D40
Best Detection: 143 mmHg (confidence: 0.260)
Top 10 readings:
  Rank  Pressure    Confidence  
  ------------------------------
  1     143         0.260
  2     140         0.126
  3     137         0.126
  4     87          0.050
  5     135         0.010
  6     114         0.010
  7     94          0.010

Detector: BL_W70_T2.4_D2
Best Detection: 149 mmHg (confidence: 0.340)
Top 10 readings:
  Rank  Pressure    Confidence  
  ------------------------------
  1     149         0.340
  2     144         0.260
  3     140         0.126
  4     137         0.126
  5     94          0.050
  6     135         0.010
  7     114         0.010

Detector: BL_W70_T2.4_D4
Best Detection: 149 mmHg (confidence: 0.340)
Top 10 readings:
  Rank  Pressure    Confidence  
  ------------------------------
  1     149         0.340
  2     144         0.260
  3     140         0.126
  4     137         0.126
  5     94          0.050
  6     135         0.010
  7     114         0.010

Detector: BL_W70_T2.4_D6
Best Detection: 149 mmHg (confidence: 0.340)
Top 10 readings:
  Rank  Pressure    Confidence  
  ------------------------------
  1     149         0.340
  2     144         0.260
  3     140         0.126
  4     137         0.126
  5     94          0.050
  6     135         0.010
  7     114         0.010

Detector: BL_W70_T2.4_D8
Best Detection: 149 mmHg (confidence: 0.340)
Top 10 readings:
  Rank  Pressure    Confidence  
  ------------------------------
  1     149         0.340
  2     144         0.260
  3     140         0.126
  4     137         0.126
  5     94          0.050
  6     159         0.010
  7     135         0.010
  8     114         0.010

Detector: BL_W70_T2.4_D10
Best Detection: 149 mmHg (confidence: 0.340)
Top 10 readings:
  Rank  Pressure    Confidence  
  ------------------------------
  1     149         0.340
  2     144         0.260
  3     140         0.126
  4     137         0.126
  5     94          0.050
  6     159         0.010
  7     135         0.010
  8     114         0.010

Detector: BL_W70_T2.4_D15
Best Detection: 149 mmHg (confidence: 0.340)
Top 10 readings:
  Rank  Pressure    Confidence  
  ------------------------------
  1     149         0.340
  2     144         0.260
  3     142         0.208
  4     140         0.126
  5     137         0.126
  6     94          0.050
  7     135         0.010
  8     114         0.010

Detector: BL_W70_T2.4_D20
Best Detection: 148 mmHg (confidence: 0.340)
Top 10 readings:
  Rank  Pressure    Confidence  
  ------------------------------
  1     148         0.340
  2     144         0.260
  3     140         0.126
  4     137         0.126
  5     94          0.050
  6     135         0.010
  7     114         0.010

Detector: BL_W70_T2.4_D25
Best Detection: 144 mmHg (confidence: 0.260)
Top 10 readings:
  Rank  Pressure    Confidence  
  ------------------------------
  1     144         0.260
  2     140         0.126
  3     137         0.126
  4     94          0.050
  5     135         0.010
  6     114         0.010

Detector: BL_W70_T2.4_D30
Best Detection: 144 mmHg (confidence: 0.260)
Top 10 readings:
  Rank  Pressure    Confidence  
  ------------------------------
  1     144         0.260
  2     140         0.126
  3     137         0.126
  4     94          0.050
  5     135         0.010
  6     114         0.010

Detector: BL_W70_T2.4_D40
Best Detection: 143 mmHg (confidence: 0.260)
Top 10 readings:
  Rank  Pressure    Confidence  
  ------------------------------
  1     143         0.260
  2     140         0.126
  3     137         0.126
  4     94          0.050
  5     135         0.010
  6     114         0.010

Detector: BL_W70_T2.6_D2
Best Detection: 149 mmHg (confidence: 0.340)
Top 10 readings:
  Rank  Pressure    Confidence  
  ------------------------------
  1     149         0.340
  2     144         0.260
  3     140         0.126
  4     137         0.126
  5     134         0.050

Detector: BL_W70_T2.6_D4
Best Detection: 149 mmHg (confidence: 0.340)
Top 10 readings:
  Rank  Pressure    Confidence  
  ------------------------------
  1     149         0.340
  2     144         0.260
  3     140         0.126
  4     137         0.126
  5     134         0.050

Detector: BL_W70_T2.6_D6
Best Detection: 149 mmHg (confidence: 0.340)
Top 10 readings:
  Rank  Pressure    Confidence  
  ------------------------------
  1     149         0.340
  2     144         0.260
  3     140         0.126
  4     137         0.126
  5     134         0.050

Detector: BL_W70_T2.6_D8
Best Detection: 149 mmHg (confidence: 0.340)
Top 10 readings:
  Rank  Pressure    Confidence  
  ------------------------------
  1     149         0.340
  2     144         0.260
  3     140         0.126
  4     137         0.126
  5     134         0.050
  6     159         0.010

Detector: BL_W70_T2.6_D10
Best Detection: 149 mmHg (confidence: 0.340)
Top 10 readings:
  Rank  Pressure    Confidence  
  ------------------------------
  1     149         0.340
  2     144         0.260
  3     140         0.126
  4     137         0.126
  5     134         0.050
  6     159         0.010

Detector: BL_W70_T2.6_D15
Best Detection: 149 mmHg (confidence: 0.340)
Top 10 readings:
  Rank  Pressure    Confidence  
  ------------------------------
  1     149         0.340
  2     144         0.260
  3     142         0.208
  4     140         0.126
  5     137         0.126
  6     134         0.050

Detector: BL_W70_T2.6_D20
Best Detection: 148 mmHg (confidence: 0.340)
Top 10 readings:
  Rank  Pressure    Confidence  
  ------------------------------
  1     148         0.340
  2     144         0.260
  3     140         0.126
  4     137         0.126
  5     134         0.050

Detector: BL_W70_T2.6_D25
Best Detection: 144 mmHg (confidence: 0.260)
Top 10 readings:
  Rank  Pressure    Confidence  
  ------------------------------
  1     144         0.260
  2     140         0.126
  3     137         0.126
  4     134         0.050

Detector: BL_W70_T2.6_D30
Best Detection: 144 mmHg (confidence: 0.260)
Top 10 readings:
  Rank  Pressure    Confidence  
  ------------------------------
  1     144         0.260
  2     140         0.126
  3     137         0.126
  4     134         0.050

Detector: BL_W70_T2.6_D40
Best Detection: 143 mmHg (confidence: 0.260)
Top 10 readings:
  Rank  Pressure    Confidence  
  ------------------------------
  1     143         0.260
  2     140         0.126
  3     137         0.126
  4     134         0.050

Detector: BL_W70_T2.8_D2
Best Detection: 149 mmHg (confidence: 0.340)
Top 10 readings:
  Rank  Pressure    Confidence  
  ------------------------------
  1     149         0.340
  2     144         0.260
  3     139         0.126
  4     134         0.050

Detector: BL_W70_T2.8_D4
Best Detection: 149 mmHg (confidence: 0.340)
Top 10 readings:
  Rank  Pressure    Confidence  
  ------------------------------
  1     149         0.340
  2     144         0.260
  3     139         0.126
  4     134         0.050

Detector: BL_W70_T2.8_D6
Best Detection: 149 mmHg (confidence: 0.340)
Top 10 readings:
  Rank  Pressure    Confidence  
  ------------------------------
  1     149         0.340
  2     144         0.260
  3     139         0.126
  4     134         0.050

Detector: BL_W70_T2.8_D8
Best Detection: 149 mmHg (confidence: 0.340)
Top 10 readings:
  Rank  Pressure    Confidence  
  ------------------------------
  1     149         0.340
  2     144         0.260
  3     139         0.126
  4     134         0.050
  5     159         0.010

Detector: BL_W70_T2.8_D10
Best Detection: 149 mmHg (confidence: 0.340)
Top 10 readings:
  Rank  Pressure    Confidence  
  ------------------------------
  1     149         0.340
  2     144         0.260
  3     139         0.126
  4     134         0.050
  5     159         0.010

Detector: BL_W70_T2.8_D15
Best Detection: 149 mmHg (confidence: 0.340)
Top 10 readings:
  Rank  Pressure    Confidence  
  ------------------------------
  1     149         0.340
  2     144         0.260
  3     142         0.260
  4     139         0.126
  5     134         0.050

Detector: BL_W70_T2.8_D20
Best Detection: 148 mmHg (confidence: 0.340)
Top 10 readings:
  Rank  Pressure    Confidence  
  ------------------------------
  1     148         0.340
  2     144         0.260
  3     140         0.126
  4     134         0.050

Detector: BL_W70_T2.8_D25
Best Detection: 144 mmHg (confidence: 0.260)
Top 10 readings:
  Rank  Pressure    Confidence  
  ------------------------------
  1     144         0.260
  2     140         0.126
  3     134         0.050

Detector: BL_W70_T2.8_D30
Best Detection: 144 mmHg (confidence: 0.260)
Top 10 readings:
  Rank  Pressure    Confidence  
  ------------------------------
  1     144         0.260
  2     140         0.126
  3     134         0.050

Detector: BL_W70_T2.8_D40
Best Detection: 143 mmHg (confidence: 0.260)
Top 10 readings:
  Rank  Pressure    Confidence  
  ------------------------------
  1     143         0.260
  2     140         0.126
  3     134         0.050

Detector: BL_W70_T3.0_D2
Best Detection: 149 mmHg (confidence: 0.340)
Top 10 readings:
  Rank  Pressure    Confidence  
  ------------------------------
  1     149         0.340
  2     144         0.260
  3     139         0.126
  4     134         0.050

Detector: BL_W70_T3.0_D4
Best Detection: 149 mmHg (confidence: 0.340)
Top 10 readings:
  Rank  Pressure    Confidence  
  ------------------------------
  1     149         0.340
  2     144         0.260
  3     139         0.126
  4     134         0.050

Detector: BL_W70_T3.0_D6
Best Detection: 149 mmHg (confidence: 0.340)
Top 10 readings:
  Rank  Pressure    Confidence  
  ------------------------------
  1     149         0.340
  2     144         0.260
  3     139         0.126
  4     134         0.050

Detector: BL_W70_T3.0_D8
Best Detection: 149 mmHg (confidence: 0.340)
Top 10 readings:
  Rank  Pressure    Confidence  
  ------------------------------
  1     149         0.340
  2     144         0.260
  3     139         0.126
  4     134         0.050
  5     159         0.010

Detector: BL_W70_T3.0_D10
Best Detection: 149 mmHg (confidence: 0.340)
Top 10 readings:
  Rank  Pressure    Confidence  
  ------------------------------
  1     149         0.340
  2     144         0.260
  3     139         0.126
  4     134         0.050
  5     159         0.010

Detector: BL_W70_T3.0_D15
Best Detection: 149 mmHg (confidence: 0.340)
Top 10 readings:
  Rank  Pressure    Confidence  
  ------------------------------
  1     149         0.340
  2     144         0.260
  3     142         0.260
  4     139         0.126
  5     134         0.050

Detector: BL_W70_T3.0_D20
Best Detection: 148 mmHg (confidence: 0.340)
Top 10 readings:
  Rank  Pressure    Confidence  
  ------------------------------
  1     148         0.340
  2     144         0.260
  3     140         0.126
  4     134         0.050

Detector: BL_W70_T3.0_D25
Best Detection: 144 mmHg (confidence: 0.260)
Top 10 readings:
  Rank  Pressure    Confidence  
  ------------------------------
  1     144         0.260
  2     140         0.126
  3     134         0.050

Detector: BL_W70_T3.0_D30
Best Detection: 144 mmHg (confidence: 0.260)
Top 10 readings:
  Rank  Pressure    Confidence  
  ------------------------------
  1     144         0.260
  2     140         0.126
  3     134         0.050

Detector: BL_W70_T3.0_D40
Best Detection: 143 mmHg (confidence: 0.260)
Top 10 readings:
  Rank  Pressure    Confidence  
  ------------------------------
  1     143         0.260
  2     140         0.126
  3     134         0.050

Detector: BL_W80_T1.0_D2
Best Detection: 124 mmHg (confidence: 0.980)
Top 10 readings:
  Rank  Pressure    Confidence  
  ------------------------------
  1     124         0.980
  2     120         0.900
  3     116         0.820
  4     111         0.740
  5     106         0.660
  6     102         0.580
  7     98          0.500
  8     95          0.420
  9     149         0.340
  10    147         0.340

Detector: BL_W80_T1.0_D4
Best Detection: 124 mmHg (confidence: 0.980)
Top 10 readings:
  Rank  Pressure    Confidence  
  ------------------------------
  1     124         0.980
  2     120         0.900
  3     116         0.820
  4     111         0.740
  5     106         0.660
  6     102         0.580
  7     98          0.500
  8     95          0.420
  9     149         0.340
  10    147         0.340

Detector: BL_W80_T1.0_D6
Best Detection: 124 mmHg (confidence: 0.980)
Top 10 readings:
  Rank  Pressure    Confidence  
  ------------------------------
  1     124         0.980
  2     120         0.900
  3     116         0.820
  4     111         0.740
  5     106         0.660
  6     102         0.580
  7     98          0.500
  8     95          0.420
  9     149         0.340
  10    147         0.340

Detector: BL_W80_T1.0_D8
Best Detection: 124 mmHg (confidence: 0.980)
Top 10 readings:
  Rank  Pressure    Confidence  
  ------------------------------
  1     124         0.980
  2     120         0.900
  3     116         0.820
  4     111         0.740
  5     106         0.660
  6     102         0.580
  7     98          0.500
  8     95          0.420
  9     149         0.340
  10    147         0.340

Detector: BL_W80_T1.0_D10
Best Detection: 124 mmHg (confidence: 0.980)
Top 10 readings:
  Rank  Pressure    Confidence  
  ------------------------------
  1     124         0.980
  2     120         0.900
  3     116         0.820
  4     111         0.740
  5     106         0.660
  6     102         0.580
  7     98          0.500
  8     95          0.420
  9     149         0.340
  10    91          0.340

Detector: BL_W80_T1.0_D15
Best Detection: 124 mmHg (confidence: 0.980)
Top 10 readings:
  Rank  Pressure    Confidence  
  ------------------------------
  1     124         0.980
  2     120         0.900
  3     116         0.820
  4     111         0.740
  5     106         0.660
  6     102         0.580
  7     98          0.500
  8     95          0.420
  9     149         0.340
  10    91          0.340

Detector: BL_W80_T1.0_D20
Best Detection: 124 mmHg (confidence: 0.980)
Top 10 readings:
  Rank  Pressure    Confidence  
  ------------------------------
  1     124         0.980
  2     120         0.900
  3     116         0.820
  4     111         0.740
  5     106         0.660
  6     102         0.580
  7     98          0.500
  8     95          0.420
  9     149         0.340
  10    91          0.340

Detector: BL_W80_T1.0_D25
Best Detection: 124 mmHg (confidence: 0.980)
Top 10 readings:
  Rank  Pressure    Confidence  
  ------------------------------
  1     124         0.980
  2     120         0.900
  3     116         0.820
  4     111         0.740
  5     106         0.660
  6     102         0.580
  7     98          0.500
  8     95          0.420
  9     91          0.340
  10    144         0.260

Detector: BL_W80_T1.0_D30
Best Detection: 124 mmHg (confidence: 0.980)
Top 10 readings:
  Rank  Pressure    Confidence  
  ------------------------------
  1     124         0.980
  2     120         0.900
  3     116         0.820
  4     111         0.740
  5     106         0.660
  6     102         0.580
  7     98          0.500
  8     95          0.420
  9     91          0.340
  10    144         0.260

Detector: BL_W80_T1.0_D40
Best Detection: 124 mmHg (confidence: 0.980)
Top 10 readings:
  Rank  Pressure    Confidence  
  ------------------------------
  1     124         0.980
  2     120         0.900
  3     116         0.820
  4     111         0.740
  5     106         0.660
  6     102         0.580
  7     98          0.500
  8     95          0.420
  9     91          0.340
  10    143         0.260

Detector: BL_W80_T1.2_D2
Best Detection: 124 mmHg (confidence: 0.980)
Top 10 readings:
  Rank  Pressure    Confidence  
  ------------------------------
  1     124         0.980
  2     120         0.900
  3     116         0.820
  4     111         0.740
  5     106         0.660
  6     102         0.580
  7     98          0.500
  8     95          0.420
  9     149         0.340
  10    147         0.340

Detector: BL_W80_T1.2_D4
Best Detection: 124 mmHg (confidence: 0.980)
Top 10 readings:
  Rank  Pressure    Confidence  
  ------------------------------
  1     124         0.980
  2     120         0.900
  3     116         0.820
  4     111         0.740
  5     106         0.660
  6     102         0.580
  7     98          0.500
  8     95          0.420
  9     149         0.340
  10    147         0.340

Detector: BL_W80_T1.2_D6
Best Detection: 124 mmHg (confidence: 0.980)
Top 10 readings:
  Rank  Pressure    Confidence  
  ------------------------------
  1     124         0.980
  2     120         0.900
  3     116         0.820
  4     111         0.740
  5     106         0.660
  6     102         0.580
  7     98          0.500
  8     95          0.420
  9     149         0.340
  10    147         0.340

Detector: BL_W80_T1.2_D8
Best Detection: 124 mmHg (confidence: 0.980)
Top 10 readings:
  Rank  Pressure    Confidence  
  ------------------------------
  1     124         0.980
  2     120         0.900
  3     116         0.820
  4     111         0.740
  5     106         0.660
  6     102         0.580
  7     98          0.500
  8     95          0.420
  9     149         0.340
  10    147         0.340

Detector: BL_W80_T1.2_D10
Best Detection: 124 mmHg (confidence: 0.980)
Top 10 readings:
  Rank  Pressure    Confidence  
  ------------------------------
  1     124         0.980
  2     120         0.900
  3     116         0.820
  4     111         0.740
  5     106         0.660
  6     102         0.580
  7     98          0.500
  8     95          0.420
  9     149         0.340
  10    91          0.340

Detector: BL_W80_T1.2_D15
Best Detection: 124 mmHg (confidence: 0.980)
Top 10 readings:
  Rank  Pressure    Confidence  
  ------------------------------
  1     124         0.980
  2     120         0.900
  3     116         0.820
  4     111         0.740
  5     106         0.660
  6     102         0.580
  7     98          0.500
  8     95          0.420
  9     149         0.340
  10    91          0.340

Detector: BL_W80_T1.2_D20
Best Detection: 124 mmHg (confidence: 0.980)
Top 10 readings:
  Rank  Pressure    Confidence  
  ------------------------------
  1     124         0.980
  2     120         0.900
  3     116         0.820
  4     111         0.740
  5     106         0.660
  6     102         0.580
  7     98          0.500
  8     95          0.420
  9     149         0.340
  10    91          0.340

Detector: BL_W80_T1.2_D25
Best Detection: 124 mmHg (confidence: 0.980)
Top 10 readings:
  Rank  Pressure    Confidence  
  ------------------------------
  1     124         0.980
  2     120         0.900
  3     116         0.820
  4     111         0.740
  5     106         0.660
  6     102         0.580
  7     98          0.500
  8     95          0.420
  9     91          0.340
  10    144         0.260

Detector: BL_W80_T1.2_D30
Best Detection: 124 mmHg (confidence: 0.980)
Top 10 readings:
  Rank  Pressure    Confidence  
  ------------------------------
  1     124         0.980
  2     120         0.900
  3     116         0.820
  4     111         0.740
  5     106         0.660
  6     102         0.580
  7     98          0.500
  8     95          0.420
  9     91          0.340
  10    144         0.260

Detector: BL_W80_T1.2_D40
Best Detection: 124 mmHg (confidence: 0.980)
Top 10 readings:
  Rank  Pressure    Confidence  
  ------------------------------
  1     124         0.980
  2     120         0.900
  3     116         0.820
  4     111         0.740
  5     106         0.660
  6     102         0.580
  7     98          0.500
  8     95          0.420
  9     91          0.340
  10    143         0.260

Detector: BL_W80_T1.4_D2
Best Detection: 124 mmHg (confidence: 0.980)
Top 10 readings:
  Rank  Pressure    Confidence  
  ------------------------------
  1     124         0.980
  2     120         0.900
  3     115         0.820
  4     111         0.740
  5     106         0.660
  6     102         0.580
  7     98          0.500
  8     95          0.420
  9     149         0.340
  10    147         0.340

Detector: BL_W80_T1.4_D4
Best Detection: 124 mmHg (confidence: 0.980)
Top 10 readings:
  Rank  Pressure    Confidence  
  ------------------------------
  1     124         0.980
  2     120         0.900
  3     115         0.820
  4     111         0.740
  5     106         0.660
  6     102         0.580
  7     98          0.500
  8     95          0.420
  9     149         0.340
  10    147         0.340

Detector: BL_W80_T1.4_D6
Best Detection: 124 mmHg (confidence: 0.980)
Top 10 readings:
  Rank  Pressure    Confidence  
  ------------------------------
  1     124         0.980
  2     120         0.900
  3     115         0.820
  4     111         0.740
  5     106         0.660
  6     102         0.580
  7     98          0.500
  8     95          0.420
  9     149         0.340
  10    147         0.340

Detector: BL_W80_T1.4_D8
Best Detection: 124 mmHg (confidence: 0.980)
Top 10 readings:
  Rank  Pressure    Confidence  
  ------------------------------
  1     124         0.980
  2     120         0.900
  3     115         0.820
  4     111         0.740
  5     106         0.660
  6     102         0.580
  7     98          0.500
  8     95          0.420
  9     149         0.340
  10    147         0.340

Detector: BL_W80_T1.4_D10
Best Detection: 124 mmHg (confidence: 0.980)
Top 10 readings:
  Rank  Pressure    Confidence  
  ------------------------------
  1     124         0.980
  2     120         0.900
  3     115         0.820
  4     111         0.740
  5     106         0.660
  6     102         0.580
  7     98          0.500
  8     95          0.420
  9     149         0.340
  10    91          0.340

Detector: BL_W80_T1.4_D15
Best Detection: 124 mmHg (confidence: 0.980)
Top 10 readings:
  Rank  Pressure    Confidence  
  ------------------------------
  1     124         0.980
  2     120         0.900
  3     115         0.820
  4     111         0.740
  5     106         0.660
  6     102         0.580
  7     98          0.500
  8     95          0.420
  9     149         0.340
  10    91          0.340

Detector: BL_W80_T1.4_D20
Best Detection: 124 mmHg (confidence: 0.980)
Top 10 readings:
  Rank  Pressure    Confidence  
  ------------------------------
  1     124         0.980
  2     120         0.900
  3     115         0.820
  4     111         0.740
  5     106         0.660
  6     102         0.580
  7     98          0.500
  8     95          0.420
  9     149         0.340
  10    91          0.340

Detector: BL_W80_T1.4_D25
Best Detection: 124 mmHg (confidence: 0.980)
Top 10 readings:
  Rank  Pressure    Confidence  
  ------------------------------
  1     124         0.980
  2     120         0.900
  3     115         0.820
  4     111         0.740
  5     106         0.660
  6     102         0.580
  7     98          0.500
  8     95          0.420
  9     91          0.340
  10    144         0.260

Detector: BL_W80_T1.4_D30
Best Detection: 124 mmHg (confidence: 0.980)
Top 10 readings:
  Rank  Pressure    Confidence  
  ------------------------------
  1     124         0.980
  2     120         0.900
  3     115         0.820
  4     111         0.740
  5     106         0.660
  6     102         0.580
  7     98          0.500
  8     95          0.420
  9     91          0.340
  10    144         0.260

Detector: BL_W80_T1.4_D40
Best Detection: 124 mmHg (confidence: 0.980)
Top 10 readings:
  Rank  Pressure    Confidence  
  ------------------------------
  1     124         0.980
  2     120         0.900
  3     115         0.820
  4     111         0.740
  5     106         0.660
  6     102         0.580
  7     98          0.500
  8     95          0.420
  9     91          0.340
  10    143         0.260

Detector: BL_W80_T1.6_D2
Best Detection: 124 mmHg (confidence: 0.980)
Top 10 readings:
  Rank  Pressure    Confidence  
  ------------------------------
  1     124         0.980
  2     120         0.900
  3     115         0.820
  4     110         0.740
  5     106         0.660
  6     102         0.580
  7     98          0.500
  8     94          0.420
  9     149         0.340
  10    91          0.340

Detector: BL_W80_T1.6_D4
Best Detection: 124 mmHg (confidence: 0.980)
Top 10 readings:
  Rank  Pressure    Confidence  
  ------------------------------
  1     124         0.980
  2     120         0.900
  3     115         0.820
  4     110         0.740
  5     106         0.660
  6     102         0.580
  7     98          0.500
  8     94          0.420
  9     149         0.340
  10    91          0.340

Detector: BL_W80_T1.6_D6
Best Detection: 124 mmHg (confidence: 0.980)
Top 10 readings:
  Rank  Pressure    Confidence  
  ------------------------------
  1     124         0.980
  2     120         0.900
  3     115         0.820
  4     110         0.740
  5     106         0.660
  6     102         0.580
  7     98          0.500
  8     94          0.420
  9     149         0.340
  10    147         0.340

Detector: BL_W80_T1.6_D8
Best Detection: 124 mmHg (confidence: 0.980)
Top 10 readings:
  Rank  Pressure    Confidence  
  ------------------------------
  1     124         0.980
  2     120         0.900
  3     115         0.820
  4     110         0.740
  5     106         0.660
  6     102         0.580
  7     98          0.500
  8     94          0.420
  9     149         0.340
  10    147         0.340

Detector: BL_W80_T1.6_D10
Best Detection: 124 mmHg (confidence: 0.980)
Top 10 readings:
  Rank  Pressure    Confidence  
  ------------------------------
  1     124         0.980
  2     120         0.900
  3     115         0.820
  4     110         0.740
  5     106         0.660
  6     102         0.580
  7     98          0.500
  8     94          0.420
  9     149         0.340
  10    91          0.340

Detector: BL_W80_T1.6_D15
Best Detection: 124 mmHg (confidence: 0.980)
Top 10 readings:
  Rank  Pressure    Confidence  
  ------------------------------
  1     124         0.980
  2     120         0.900
  3     115         0.820
  4     110         0.740
  5     106         0.660
  6     102         0.580
  7     98          0.500
  8     94          0.420
  9     149         0.340
  10    91          0.340

Detector: BL_W80_T1.6_D20
Best Detection: 124 mmHg (confidence: 0.980)
Top 10 readings:
  Rank  Pressure    Confidence  
  ------------------------------
  1     124         0.980
  2     120         0.900
  3     115         0.820
  4     110         0.740
  5     106         0.660
  6     102         0.580
  7     98          0.500
  8     94          0.420
  9     149         0.340
  10    91          0.340

Detector: BL_W80_T1.6_D25
Best Detection: 124 mmHg (confidence: 0.980)
Top 10 readings:
  Rank  Pressure    Confidence  
  ------------------------------
  1     124         0.980
  2     120         0.900
  3     115         0.820
  4     110         0.740
  5     106         0.660
  6     102         0.580
  7     98          0.500
  8     94          0.420
  9     91          0.340
  10    144         0.260

Detector: BL_W80_T1.6_D30
Best Detection: 124 mmHg (confidence: 0.980)
Top 10 readings:
  Rank  Pressure    Confidence  
  ------------------------------
  1     124         0.980
  2     120         0.900
  3     115         0.820
  4     110         0.740
  5     106         0.660
  6     102         0.580
  7     98          0.500
  8     94          0.420
  9     91          0.340
  10    144         0.260

Detector: BL_W80_T1.6_D40
Best Detection: 124 mmHg (confidence: 0.980)
Top 10 readings:
  Rank  Pressure    Confidence  
  ------------------------------
  1     124         0.980
  2     120         0.900
  3     115         0.820
  4     110         0.740
  5     106         0.660
  6     102         0.580
  7     98          0.500
  8     94          0.420
  9     91          0.340
  10    143         0.260

Detector: BL_W80_T1.8_D2
Best Detection: 120 mmHg (confidence: 0.900)
Top 10 readings:
  Rank  Pressure    Confidence  
  ------------------------------
  1     120         0.900
  2     115         0.820
  3     110         0.740
  4     106         0.660
  5     102         0.580
  6     98          0.500
  7     94          0.420
  8     149         0.340
  9     91          0.340
  10    144         0.260

Detector: BL_W80_T1.8_D4
Best Detection: 120 mmHg (confidence: 0.900)
Top 10 readings:
  Rank  Pressure    Confidence  
  ------------------------------
  1     120         0.900
  2     115         0.820
  3     110         0.740
  4     106         0.660
  5     102         0.580
  6     98          0.500
  7     94          0.420
  8     149         0.340
  9     91          0.340
  10    144         0.260

Detector: BL_W80_T1.8_D6
Best Detection: 120 mmHg (confidence: 0.900)
Top 10 readings:
  Rank  Pressure    Confidence  
  ------------------------------
  1     120         0.900
  2     115         0.820
  3     110         0.740
  4     106         0.660
  5     102         0.580
  6     98          0.500
  7     94          0.420
  8     149         0.340
  9     91          0.340
  10    144         0.260

Detector: BL_W80_T1.8_D8
Best Detection: 120 mmHg (confidence: 0.900)
Top 10 readings:
  Rank  Pressure    Confidence  
  ------------------------------
  1     120         0.900
  2     115         0.820
  3     110         0.740
  4     106         0.660
  5     102         0.580
  6     98          0.500
  7     94          0.420
  8     149         0.340
  9     147         0.340
  10    91          0.340

Detector: BL_W80_T1.8_D10
Best Detection: 120 mmHg (confidence: 0.900)
Top 10 readings:
  Rank  Pressure    Confidence  
  ------------------------------
  1     120         0.900
  2     115         0.820
  3     110         0.740
  4     106         0.660
  5     102         0.580
  6     98          0.500
  7     94          0.420
  8     149         0.340
  9     91          0.340
  10    144         0.260

Detector: BL_W80_T1.8_D15
Best Detection: 120 mmHg (confidence: 0.900)
Top 10 readings:
  Rank  Pressure    Confidence  
  ------------------------------
  1     120         0.900
  2     115         0.820
  3     110         0.740
  4     106         0.660
  5     102         0.580
  6     98          0.500
  7     94          0.420
  8     149         0.340
  9     91          0.340
  10    144         0.260

Detector: BL_W80_T1.8_D20
Best Detection: 120 mmHg (confidence: 0.900)
Top 10 readings:
  Rank  Pressure    Confidence  
  ------------------------------
  1     120         0.900
  2     115         0.820
  3     110         0.740
  4     106         0.660
  5     102         0.580
  6     98          0.500
  7     94          0.420
  8     149         0.340
  9     91          0.340
  10    144         0.260

Detector: BL_W80_T1.8_D25
Best Detection: 120 mmHg (confidence: 0.900)
Top 10 readings:
  Rank  Pressure    Confidence  
  ------------------------------
  1     120         0.900
  2     115         0.820
  3     110         0.740
  4     106         0.660
  5     102         0.580
  6     98          0.500
  7     94          0.420
  8     91          0.340
  9     144         0.260
  10    87          0.260

Detector: BL_W80_T1.8_D30
Best Detection: 120 mmHg (confidence: 0.900)
Top 10 readings:
  Rank  Pressure    Confidence  
  ------------------------------
  1     120         0.900
  2     115         0.820
  3     110         0.740
  4     106         0.660
  5     102         0.580
  6     98          0.500
  7     94          0.420
  8     91          0.340
  9     144         0.260
  10    87          0.260

Detector: BL_W80_T1.8_D40
Best Detection: 120 mmHg (confidence: 0.900)
Top 10 readings:
  Rank  Pressure    Confidence  
  ------------------------------
  1     120         0.900
  2     115         0.820
  3     110         0.740
  4     106         0.660
  5     102         0.580
  6     98          0.500
  7     94          0.420
  8     91          0.340
  9     143         0.260
  10    87          0.260

Detector: BL_W80_T2.0_D2
Best Detection: 94 mmHg (confidence: 0.420)
Top 10 readings:
  Rank  Pressure    Confidence  
  ------------------------------
  1     94          0.420
  2     149         0.340
  3     119         0.340
  4     91          0.340
  5     144         0.260
  6     115         0.260
  7     87          0.260
  8     140         0.126
  9     137         0.126
  10    110         0.126

Detector: BL_W80_T2.0_D4
Best Detection: 94 mmHg (confidence: 0.420)
Top 10 readings:
  Rank  Pressure    Confidence  
  ------------------------------
  1     94          0.420
  2     149         0.340
  3     119         0.340
  4     91          0.340
  5     144         0.260
  6     115         0.260
  7     87          0.260
  8     140         0.126
  9     137         0.126
  10    110         0.126

Detector: BL_W80_T2.0_D6
Best Detection: 94 mmHg (confidence: 0.420)
Top 10 readings:
  Rank  Pressure    Confidence  
  ------------------------------
  1     94          0.420
  2     149         0.340
  3     119         0.340
  4     91          0.340
  5     144         0.260
  6     115         0.260
  7     87          0.260
  8     140         0.126
  9     137         0.126
  10    110         0.126

Detector: BL_W80_T2.0_D8
Best Detection: 94 mmHg (confidence: 0.420)
Top 10 readings:
  Rank  Pressure    Confidence  
  ------------------------------
  1     94          0.420
  2     149         0.340
  3     147         0.340
  4     119         0.340
  5     91          0.340
  6     144         0.260
  7     115         0.260
  8     87          0.260
  9     140         0.126
  10    137         0.126

Detector: BL_W80_T2.0_D10
Best Detection: 94 mmHg (confidence: 0.420)
Top 10 readings:
  Rank  Pressure    Confidence  
  ------------------------------
  1     94          0.420
  2     149         0.340
  3     119         0.340
  4     91          0.340
  5     144         0.260
  6     115         0.260
  7     87          0.260
  8     140         0.126
  9     137         0.126
  10    110         0.126

Detector: BL_W80_T2.0_D15
Best Detection: 94 mmHg (confidence: 0.420)
Top 10 readings:
  Rank  Pressure    Confidence  
  ------------------------------
  1     94          0.420
  2     149         0.340
  3     119         0.340
  4     91          0.340
  5     144         0.260
  6     115         0.260
  7     87          0.260
  8     142         0.208
  9     140         0.126
  10    137         0.126

Detector: BL_W80_T2.0_D20
Best Detection: 94 mmHg (confidence: 0.420)
Top 10 readings:
  Rank  Pressure    Confidence  
  ------------------------------
  1     94          0.420
  2     149         0.340
  3     119         0.340
  4     91          0.340
  5     144         0.260
  6     115         0.260
  7     87          0.260
  8     140         0.126
  9     137         0.126
  10    110         0.126

Detector: BL_W80_T2.0_D25
Best Detection: 94 mmHg (confidence: 0.420)
Top 10 readings:
  Rank  Pressure    Confidence  
  ------------------------------
  1     94          0.420
  2     119         0.340
  3     91          0.340
  4     144         0.260
  5     115         0.260
  6     87          0.260
  7     140         0.126
  8     137         0.126
  9     110         0.126
  10    83          0.126

Detector: BL_W80_T2.0_D30
Best Detection: 94 mmHg (confidence: 0.420)
Top 10 readings:
  Rank  Pressure    Confidence  
  ------------------------------
  1     94          0.420
  2     119         0.340
  3     91          0.340
  4     144         0.260
  5     115         0.260
  6     87          0.260
  7     140         0.126
  8     137         0.126
  9     110         0.126
  10    83          0.126

Detector: BL_W80_T2.0_D40
Best Detection: 94 mmHg (confidence: 0.420)
Top 10 readings:
  Rank  Pressure    Confidence  
  ------------------------------
  1     94          0.420
  2     119         0.340
  3     91          0.340
  4     143         0.260
  5     115         0.260
  6     87          0.260
  7     140         0.126
  8     137         0.126
  9     110         0.126
  10    83          0.126

Detector: BL_W80_T2.2_D2
Best Detection: 149 mmHg (confidence: 0.340)
Top 10 readings:
  Rank  Pressure    Confidence  
  ------------------------------
  1     149         0.340
  2     144         0.260
  3     119         0.260
  4     87          0.260
  5     140         0.126
  6     137         0.126
  7     114         0.126
  8     83          0.126
  9     80          0.050
  10    135         0.010

Detector: BL_W80_T2.2_D4
Best Detection: 149 mmHg (confidence: 0.340)
Top 10 readings:
  Rank  Pressure    Confidence  
  ------------------------------
  1     149         0.340
  2     144         0.260
  3     119         0.260
  4     87          0.260
  5     140         0.126
  6     137         0.126
  7     114         0.126
  8     83          0.126
  9     80          0.050
  10    135         0.010

Detector: BL_W80_T2.2_D6
Best Detection: 149 mmHg (confidence: 0.340)
Top 10 readings:
  Rank  Pressure    Confidence  
  ------------------------------
  1     149         0.340
  2     144         0.260
  3     119         0.260
  4     87          0.260
  5     140         0.126
  6     137         0.126
  7     114         0.126
  8     83          0.126
  9     80          0.050
  10    135         0.010

Detector: BL_W80_T2.2_D8
Best Detection: 149 mmHg (confidence: 0.340)
Top 10 readings:
  Rank  Pressure    Confidence  
  ------------------------------
  1     149         0.340
  2     147         0.340
  3     144         0.260
  4     119         0.260
  5     87          0.260
  6     140         0.126
  7     137         0.126
  8     114         0.126
  9     83          0.126
  10    80          0.050

Detector: BL_W80_T2.2_D10
Best Detection: 149 mmHg (confidence: 0.340)
Top 10 readings:
  Rank  Pressure    Confidence  
  ------------------------------
  1     149         0.340
  2     144         0.260
  3     119         0.260
  4     87          0.260
  5     140         0.126
  6     137         0.126
  7     114         0.126
  8     83          0.126
  9     80          0.050
  10    135         0.010

Detector: BL_W80_T2.2_D15
Best Detection: 149 mmHg (confidence: 0.340)
Top 10 readings:
  Rank  Pressure    Confidence  
  ------------------------------
  1     149         0.340
  2     144         0.260
  3     119         0.260
  4     87          0.260
  5     142         0.208
  6     140         0.126
  7     137         0.126
  8     114         0.126
  9     83          0.126
  10    80          0.050

Detector: BL_W80_T2.2_D20
Best Detection: 149 mmHg (confidence: 0.340)
Top 10 readings:
  Rank  Pressure    Confidence  
  ------------------------------
  1     149         0.340
  2     144         0.260
  3     119         0.260
  4     87          0.260
  5     140         0.126
  6     137         0.126
  7     114         0.126
  8     83          0.126
  9     80          0.050
  10    135         0.010

Detector: BL_W80_T2.2_D25
Best Detection: 144 mmHg (confidence: 0.260)
Top 10 readings:
  Rank  Pressure    Confidence  
  ------------------------------
  1     144         0.260
  2     119         0.260
  3     87          0.260
  4     140         0.126
  5     137         0.126
  6     114         0.126
  7     83          0.126
  8     80          0.050
  9     135         0.010
  10    132         0.010

Detector: BL_W80_T2.2_D30
Best Detection: 144 mmHg (confidence: 0.260)
Top 10 readings:
  Rank  Pressure    Confidence  
  ------------------------------
  1     144         0.260
  2     119         0.260
  3     87          0.260
  4     140         0.126
  5     137         0.126
  6     114         0.126
  7     83          0.126
  8     80          0.050
  9     135         0.010
  10    132         0.010

Detector: BL_W80_T2.2_D40
Best Detection: 143 mmHg (confidence: 0.260)
Top 10 readings:
  Rank  Pressure    Confidence  
  ------------------------------
  1     143         0.260
  2     119         0.260
  3     87          0.260
  4     140         0.126
  5     137         0.126
  6     114         0.126
  7     83          0.126
  8     80          0.050
  9     135         0.010
  10    132         0.010

Detector: BL_W80_T2.4_D2
Best Detection: 149 mmHg (confidence: 0.340)
Top 10 readings:
  Rank  Pressure    Confidence  
  ------------------------------
  1     149         0.340
  2     144         0.260
  3     140         0.126
  4     137         0.126
  5     94          0.050
  6     135         0.010
  7     114         0.010

Detector: BL_W80_T2.4_D4
Best Detection: 149 mmHg (confidence: 0.340)
Top 10 readings:
  Rank  Pressure    Confidence  
  ------------------------------
  1     149         0.340
  2     144         0.260
  3     140         0.126
  4     137         0.126
  5     94          0.050
  6     135         0.010
  7     114         0.010

Detector: BL_W80_T2.4_D6
Best Detection: 149 mmHg (confidence: 0.340)
Top 10 readings:
  Rank  Pressure    Confidence  
  ------------------------------
  1     149         0.340
  2     144         0.260
  3     140         0.126
  4     137         0.126
  5     94          0.050
  6     135         0.010
  7     114         0.010

Detector: BL_W80_T2.4_D8
Best Detection: 149 mmHg (confidence: 0.340)
Top 10 readings:
  Rank  Pressure    Confidence  
  ------------------------------
  1     149         0.340
  2     147         0.340
  3     144         0.260
  4     140         0.126
  5     137         0.126
  6     94          0.050
  7     135         0.010
  8     114         0.010

Detector: BL_W80_T2.4_D10
Best Detection: 149 mmHg (confidence: 0.340)
Top 10 readings:
  Rank  Pressure    Confidence  
  ------------------------------
  1     149         0.340
  2     144         0.260
  3     140         0.126
  4     137         0.126
  5     94          0.050
  6     135         0.010
  7     114         0.010

Detector: BL_W80_T2.4_D15
Best Detection: 149 mmHg (confidence: 0.340)
Top 10 readings:
  Rank  Pressure    Confidence  
  ------------------------------
  1     149         0.340
  2     144         0.260
  3     142         0.208
  4     140         0.126
  5     137         0.126
  6     94          0.050
  7     135         0.010
  8     114         0.010

Detector: BL_W80_T2.4_D20
Best Detection: 149 mmHg (confidence: 0.340)
Top 10 readings:
  Rank  Pressure    Confidence  
  ------------------------------
  1     149         0.340
  2     144         0.260
  3     140         0.126
  4     137         0.126
  5     94          0.050
  6     135         0.010
  7     114         0.010

Detector: BL_W80_T2.4_D25
Best Detection: 144 mmHg (confidence: 0.260)
Top 10 readings:
  Rank  Pressure    Confidence  
  ------------------------------
  1     144         0.260
  2     140         0.126
  3     137         0.126
  4     94          0.050
  5     135         0.010
  6     114         0.010

Detector: BL_W80_T2.4_D30
Best Detection: 144 mmHg (confidence: 0.260)
Top 10 readings:
  Rank  Pressure    Confidence  
  ------------------------------
  1     144         0.260
  2     140         0.126
  3     137         0.126
  4     94          0.050
  5     135         0.010
  6     114         0.010

Detector: BL_W80_T2.4_D40
Best Detection: 143 mmHg (confidence: 0.260)
Top 10 readings:
  Rank  Pressure    Confidence  
  ------------------------------
  1     143         0.260
  2     140         0.126
  3     137         0.126
  4     94          0.050
  5     135         0.010
  6     114         0.010

Detector: BL_W80_T2.6_D2
Best Detection: 149 mmHg (confidence: 0.340)
Top 10 readings:
  Rank  Pressure    Confidence  
  ------------------------------
  1     149         0.340
  2     144         0.260
  3     140         0.126
  4     137         0.126
  5     114         0.050
  6     135         0.010

Detector: BL_W80_T2.6_D4
Best Detection: 149 mmHg (confidence: 0.340)
Top 10 readings:
  Rank  Pressure    Confidence  
  ------------------------------
  1     149         0.340
  2     144         0.260
  3     140         0.126
  4     137         0.126
  5     114         0.050
  6     135         0.010

Detector: BL_W80_T2.6_D6
Best Detection: 149 mmHg (confidence: 0.340)
Top 10 readings:
  Rank  Pressure    Confidence  
  ------------------------------
  1     149         0.340
  2     144         0.260
  3     140         0.126
  4     137         0.126
  5     114         0.050
  6     135         0.010

Detector: BL_W80_T2.6_D8
Best Detection: 149 mmHg (confidence: 0.340)
Top 10 readings:
  Rank  Pressure    Confidence  
  ------------------------------
  1     149         0.340
  2     147         0.340
  3     144         0.260
  4     140         0.126
  5     137         0.126
  6     114         0.050
  7     135         0.010

Detector: BL_W80_T2.6_D10
Best Detection: 149 mmHg (confidence: 0.340)
Top 10 readings:
  Rank  Pressure    Confidence  
  ------------------------------
  1     149         0.340
  2     144         0.260
  3     140         0.126
  4     137         0.126
  5     114         0.050
  6     135         0.010

Detector: BL_W80_T2.6_D15
Best Detection: 149 mmHg (confidence: 0.340)
Top 10 readings:
  Rank  Pressure    Confidence  
  ------------------------------
  1     149         0.340
  2     144         0.260
  3     142         0.208
  4     140         0.126
  5     137         0.126
  6     114         0.050
  7     135         0.010

Detector: BL_W80_T2.6_D20
Best Detection: 149 mmHg (confidence: 0.340)
Top 10 readings:
  Rank  Pressure    Confidence  
  ------------------------------
  1     149         0.340
  2     144         0.260
  3     140         0.126
  4     137         0.126
  5     114         0.050
  6     135         0.010

Detector: BL_W80_T2.6_D25
Best Detection: 144 mmHg (confidence: 0.260)
Top 10 readings:
  Rank  Pressure    Confidence  
  ------------------------------
  1     144         0.260
  2     140         0.126
  3     137         0.126
  4     114         0.050
  5     135         0.010

Detector: BL_W80_T2.6_D30
Best Detection: 144 mmHg (confidence: 0.260)
Top 10 readings:
  Rank  Pressure    Confidence  
  ------------------------------
  1     144         0.260
  2     140         0.126
  3     137         0.126
  4     114         0.050
  5     135         0.010

Detector: BL_W80_T2.6_D40
Best Detection: 143 mmHg (confidence: 0.260)
Top 10 readings:
  Rank  Pressure    Confidence  
  ------------------------------
  1     143         0.260
  2     140         0.126
  3     137         0.126
  4     114         0.050
  5     135         0.010

Detector: BL_W80_T2.8_D2
Best Detection: 149 mmHg (confidence: 0.340)
Top 10 readings:
  Rank  Pressure    Confidence  
  ------------------------------
  1     149         0.340
  2     144         0.260
  3     140         0.126
  4     137         0.126
  5     135         0.050

Detector: BL_W80_T2.8_D4
Best Detection: 149 mmHg (confidence: 0.340)
Top 10 readings:
  Rank  Pressure    Confidence  
  ------------------------------
  1     149         0.340
  2     144         0.260
  3     140         0.126
  4     137         0.126
  5     135         0.050

Detector: BL_W80_T2.8_D6
Best Detection: 149 mmHg (confidence: 0.340)
Top 10 readings:
  Rank  Pressure    Confidence  
  ------------------------------
  1     149         0.340
  2     144         0.260
  3     140         0.126
  4     137         0.126
  5     135         0.050

Detector: BL_W80_T2.8_D8
Best Detection: 149 mmHg (confidence: 0.340)
Top 10 readings:
  Rank  Pressure    Confidence  
  ------------------------------
  1     149         0.340
  2     147         0.340
  3     144         0.260
  4     140         0.126
  5     137         0.126
  6     135         0.050

Detector: BL_W80_T2.8_D10
Best Detection: 149 mmHg (confidence: 0.340)
Top 10 readings:
  Rank  Pressure    Confidence  
  ------------------------------
  1     149         0.340
  2     144         0.260
  3     140         0.126
  4     137         0.126
  5     135         0.050

Detector: BL_W80_T2.8_D15
Best Detection: 149 mmHg (confidence: 0.340)
Top 10 readings:
  Rank  Pressure    Confidence  
  ------------------------------
  1     149         0.340
  2     144         0.260
  3     142         0.208
  4     140         0.126
  5     137         0.126
  6     135         0.050

Detector: BL_W80_T2.8_D20
Best Detection: 149 mmHg (confidence: 0.340)
Top 10 readings:
  Rank  Pressure    Confidence  
  ------------------------------
  1     149         0.340
  2     144         0.260
  3     140         0.126
  4     137         0.126
  5     135         0.050

Detector: BL_W80_T2.8_D25
Best Detection: 144 mmHg (confidence: 0.260)
Top 10 readings:
  Rank  Pressure    Confidence  
  ------------------------------
  1     144         0.260
  2     140         0.126
  3     137         0.126
  4     135         0.050

Detector: BL_W80_T2.8_D30
Best Detection: 144 mmHg (confidence: 0.260)
Top 10 readings:
  Rank  Pressure    Confidence  
  ------------------------------
  1     144         0.260
  2     140         0.126
  3     137         0.126
  4     135         0.050

Detector: BL_W80_T2.8_D40
Best Detection: 143 mmHg (confidence: 0.260)
Top 10 readings:
  Rank  Pressure    Confidence  
  ------------------------------
  1     143         0.260
  2     140         0.126
  3     137         0.126
  4     135         0.050

Detector: BL_W80_T3.0_D2
Best Detection: 149 mmHg (confidence: 0.340)
Top 10 readings:
  Rank  Pressure    Confidence  
  ------------------------------
  1     149         0.340
  2     144         0.260
  3     139         0.126
  4     134         0.050

Detector: BL_W80_T3.0_D4
Best Detection: 149 mmHg (confidence: 0.340)
Top 10 readings:
  Rank  Pressure    Confidence  
  ------------------------------
  1     149         0.340
  2     144         0.260
  3     139         0.126
  4     134         0.050

Detector: BL_W80_T3.0_D6
Best Detection: 149 mmHg (confidence: 0.340)
Top 10 readings:
  Rank  Pressure    Confidence  
  ------------------------------
  1     149         0.340
  2     144         0.260
  3     139         0.126
  4     134         0.050

Detector: BL_W80_T3.0_D8
Best Detection: 149 mmHg (confidence: 0.340)
Top 10 readings:
  Rank  Pressure    Confidence  
  ------------------------------
  1     149         0.340
  2     147         0.340
  3     144         0.260
  4     139         0.126
  5     134         0.050

Detector: BL_W80_T3.0_D10
Best Detection: 149 mmHg (confidence: 0.340)
Top 10 readings:
  Rank  Pressure    Confidence  
  ------------------------------
  1     149         0.340
  2     144         0.260
  3     139         0.126
  4     134         0.050

Detector: BL_W80_T3.0_D15
Best Detection: 149 mmHg (confidence: 0.340)
Top 10 readings:
  Rank  Pressure    Confidence  
  ------------------------------
  1     149         0.340
  2     144         0.260
  3     142         0.260
  4     139         0.126
  5     134         0.050

Detector: BL_W80_T3.0_D20
Best Detection: 149 mmHg (confidence: 0.340)
Top 10 readings:
  Rank  Pressure    Confidence  
  ------------------------------
  1     149         0.340
  2     144         0.260
  3     140         0.126
  4     134         0.050

Detector: BL_W80_T3.0_D25
Best Detection: 144 mmHg (confidence: 0.260)
Top 10 readings:
  Rank  Pressure    Confidence  
  ------------------------------
  1     144         0.260
  2     140         0.126
  3     134         0.050

Detector: BL_W80_T3.0_D30
Best Detection: 144 mmHg (confidence: 0.260)
Top 10 readings:
  Rank  Pressure    Confidence  
  ------------------------------
  1     144         0.260
  2     140         0.126
  3     134         0.050

Detector: BL_W80_T3.0_D40
Best Detection: 143 mmHg (confidence: 0.260)
Top 10 readings:
  Rank  Pressure    Confidence  
  ------------------------------
  1     143         0.260
  2     140         0.126
  3     134         0.050

Detector: BL_W90_T1.0_D2
Best Detection: 124 mmHg (confidence: 0.980)
Top 10 readings:
  Rank  Pressure    Confidence  
  ------------------------------
  1     124         0.980
  2     120         0.900
  3     116         0.820
  4     111         0.740
  5     106         0.660
  6     102         0.580
  7     98          0.500
  8     95          0.420
  9     149         0.340
  10    147         0.340

Detector: BL_W90_T1.0_D4
Best Detection: 124 mmHg (confidence: 0.980)
Top 10 readings:
  Rank  Pressure    Confidence  
  ------------------------------
  1     124         0.980
  2     120         0.900
  3     116         0.820
  4     111         0.740
  5     106         0.660
  6     102         0.580
  7     98          0.500
  8     95          0.420
  9     149         0.340
  10    147         0.340

Detector: BL_W90_T1.0_D6
Best Detection: 124 mmHg (confidence: 0.980)
Top 10 readings:
  Rank  Pressure    Confidence  
  ------------------------------
  1     124         0.980
  2     120         0.900
  3     116         0.820
  4     111         0.740
  5     106         0.660
  6     102         0.580
  7     98          0.500
  8     95          0.420
  9     149         0.340
  10    147         0.340

Detector: BL_W90_T1.0_D8
Best Detection: 124 mmHg (confidence: 0.980)
Top 10 readings:
  Rank  Pressure    Confidence  
  ------------------------------
  1     124         0.980
  2     120         0.900
  3     116         0.820
  4     111         0.740
  5     106         0.660
  6     102         0.580
  7     98          0.500
  8     95          0.420
  9     149         0.340
  10    147         0.340

Detector: BL_W90_T1.0_D10
Best Detection: 124 mmHg (confidence: 0.980)
Top 10 readings:
  Rank  Pressure    Confidence  
  ------------------------------
  1     124         0.980
  2     120         0.900
  3     116         0.820
  4     111         0.740
  5     106         0.660
  6     102         0.580
  7     98          0.500
  8     95          0.420
  9     149         0.340
  10    147         0.340

Detector: BL_W90_T1.0_D15
Best Detection: 124 mmHg (confidence: 0.980)
Top 10 readings:
  Rank  Pressure    Confidence  
  ------------------------------
  1     124         0.980
  2     120         0.900
  3     116         0.820
  4     111         0.740
  5     106         0.660
  6     102         0.580
  7     98          0.500
  8     95          0.420
  9     149         0.340
  10    91          0.340

Detector: BL_W90_T1.0_D20
Best Detection: 124 mmHg (confidence: 0.980)
Top 10 readings:
  Rank  Pressure    Confidence  
  ------------------------------
  1     124         0.980
  2     120         0.900
  3     116         0.820
  4     111         0.740
  5     106         0.660
  6     102         0.580
  7     98          0.500
  8     95          0.420
  9     149         0.340
  10    91          0.340

Detector: BL_W90_T1.0_D25
Best Detection: 124 mmHg (confidence: 0.980)
Top 10 readings:
  Rank  Pressure    Confidence  
  ------------------------------
  1     124         0.980
  2     120         0.900
  3     116         0.820
  4     111         0.740
  5     106         0.660
  6     102         0.580
  7     98          0.500
  8     95          0.420
  9     91          0.340
  10    144         0.260

Detector: BL_W90_T1.0_D30
Best Detection: 124 mmHg (confidence: 0.980)
Top 10 readings:
  Rank  Pressure    Confidence  
  ------------------------------
  1     124         0.980
  2     120         0.900
  3     116         0.820
  4     111         0.740
  5     106         0.660
  6     102         0.580
  7     98          0.500
  8     95          0.420
  9     91          0.340
  10    144         0.260

Detector: BL_W90_T1.0_D40
Best Detection: 124 mmHg (confidence: 0.980)
Top 10 readings:
  Rank  Pressure    Confidence  
  ------------------------------
  1     124         0.980
  2     120         0.900
  3     116         0.820
  4     111         0.740
  5     106         0.660
  6     102         0.580
  7     98          0.500
  8     95          0.420
  9     91          0.340
  10    143         0.260

Detector: BL_W90_T1.2_D2
Best Detection: 124 mmHg (confidence: 0.980)
Top 10 readings:
  Rank  Pressure    Confidence  
  ------------------------------
  1     124         0.980
  2     120         0.900
  3     115         0.820
  4     111         0.740
  5     106         0.660
  6     102         0.580
  7     98          0.500
  8     95          0.420
  9     149         0.340
  10    147         0.340

Detector: BL_W90_T1.2_D4
Best Detection: 124 mmHg (confidence: 0.980)
Top 10 readings:
  Rank  Pressure    Confidence  
  ------------------------------
  1     124         0.980
  2     120         0.900
  3     115         0.820
  4     111         0.740
  5     106         0.660
  6     102         0.580
  7     98          0.500
  8     95          0.420
  9     149         0.340
  10    147         0.340

Detector: BL_W90_T1.2_D6
Best Detection: 124 mmHg (confidence: 0.980)
Top 10 readings:
  Rank  Pressure    Confidence  
  ------------------------------
  1     124         0.980
  2     120         0.900
  3     115         0.820
  4     111         0.740
  5     106         0.660
  6     102         0.580
  7     98          0.500
  8     95          0.420
  9     149         0.340
  10    147         0.340

Detector: BL_W90_T1.2_D8
Best Detection: 124 mmHg (confidence: 0.980)
Top 10 readings:
  Rank  Pressure    Confidence  
  ------------------------------
  1     124         0.980
  2     120         0.900
  3     115         0.820
  4     111         0.740
  5     106         0.660
  6     102         0.580
  7     98          0.500
  8     95          0.420
  9     149         0.340
  10    147         0.340

Detector: BL_W90_T1.2_D10
Best Detection: 124 mmHg (confidence: 0.980)
Top 10 readings:
  Rank  Pressure    Confidence  
  ------------------------------
  1     124         0.980
  2     120         0.900
  3     115         0.820
  4     111         0.740
  5     106         0.660
  6     102         0.580
  7     98          0.500
  8     95          0.420
  9     149         0.340
  10    147         0.340

Detector: BL_W90_T1.2_D15
Best Detection: 124 mmHg (confidence: 0.980)
Top 10 readings:
  Rank  Pressure    Confidence  
  ------------------------------
  1     124         0.980
  2     120         0.900
  3     115         0.820
  4     111         0.740
  5     106         0.660
  6     102         0.580
  7     98          0.500
  8     95          0.420
  9     149         0.340
  10    91          0.340

Detector: BL_W90_T1.2_D20
Best Detection: 124 mmHg (confidence: 0.980)
Top 10 readings:
  Rank  Pressure    Confidence  
  ------------------------------
  1     124         0.980
  2     120         0.900
  3     115         0.820
  4     111         0.740
  5     106         0.660
  6     102         0.580
  7     98          0.500
  8     95          0.420
  9     149         0.340
  10    91          0.340

Detector: BL_W90_T1.2_D25
Best Detection: 124 mmHg (confidence: 0.980)
Top 10 readings:
  Rank  Pressure    Confidence  
  ------------------------------
  1     124         0.980
  2     120         0.900
  3     115         0.820
  4     111         0.740
  5     106         0.660
  6     102         0.580
  7     98          0.500
  8     95          0.420
  9     91          0.340
  10    144         0.260

Detector: BL_W90_T1.2_D30
Best Detection: 124 mmHg (confidence: 0.980)
Top 10 readings:
  Rank  Pressure    Confidence  
  ------------------------------
  1     124         0.980
  2     120         0.900
  3     115         0.820
  4     111         0.740
  5     106         0.660
  6     102         0.580
  7     98          0.500
  8     95          0.420
  9     91          0.340
  10    144         0.260

Detector: BL_W90_T1.2_D40
Best Detection: 124 mmHg (confidence: 0.980)
Top 10 readings:
  Rank  Pressure    Confidence  
  ------------------------------
  1     124         0.980
  2     120         0.900
  3     115         0.820
  4     111         0.740
  5     106         0.660
  6     102         0.580
  7     98          0.500
  8     95          0.420
  9     91          0.340
  10    143         0.260

Detector: BL_W90_T1.4_D2
Best Detection: 124 mmHg (confidence: 0.980)
Top 10 readings:
  Rank  Pressure    Confidence  
  ------------------------------
  1     124         0.980
  2     120         0.900
  3     115         0.820
  4     111         0.740
  5     106         0.660
  6     102         0.580
  7     98          0.500
  8     95          0.420
  9     149         0.340
  10    147         0.340

Detector: BL_W90_T1.4_D4
Best Detection: 124 mmHg (confidence: 0.980)
Top 10 readings:
  Rank  Pressure    Confidence  
  ------------------------------
  1     124         0.980
  2     120         0.900
  3     115         0.820
  4     111         0.740
  5     106         0.660
  6     102         0.580
  7     98          0.500
  8     95          0.420
  9     149         0.340
  10    147         0.340

Detector: BL_W90_T1.4_D6
Best Detection: 124 mmHg (confidence: 0.980)
Top 10 readings:
  Rank  Pressure    Confidence  
  ------------------------------
  1     124         0.980
  2     120         0.900
  3     115         0.820
  4     111         0.740
  5     106         0.660
  6     102         0.580
  7     98          0.500
  8     95          0.420
  9     149         0.340
  10    147         0.340

Detector: BL_W90_T1.4_D8
Best Detection: 124 mmHg (confidence: 0.980)
Top 10 readings:
  Rank  Pressure    Confidence  
  ------------------------------
  1     124         0.980
  2     120         0.900
  3     115         0.820
  4     111         0.740
  5     106         0.660
  6     102         0.580
  7     98          0.500
  8     95          0.420
  9     149         0.340
  10    147         0.340

Detector: BL_W90_T1.4_D10
Best Detection: 124 mmHg (confidence: 0.980)
Top 10 readings:
  Rank  Pressure    Confidence  
  ------------------------------
  1     124         0.980
  2     120         0.900
  3     115         0.820
  4     111         0.740
  5     106         0.660
  6     102         0.580
  7     98          0.500
  8     95          0.420
  9     149         0.340
  10    147         0.340

Detector: BL_W90_T1.4_D15
Best Detection: 124 mmHg (confidence: 0.980)
Top 10 readings:
  Rank  Pressure    Confidence  
  ------------------------------
  1     124         0.980
  2     120         0.900
  3     115         0.820
  4     111         0.740
  5     106         0.660
  6     102         0.580
  7     98          0.500
  8     95          0.420
  9     149         0.340
  10    91          0.340

Detector: BL_W90_T1.4_D20
Best Detection: 124 mmHg (confidence: 0.980)
Top 10 readings:
  Rank  Pressure    Confidence  
  ------------------------------
  1     124         0.980
  2     120         0.900
  3     115         0.820
  4     111         0.740
  5     106         0.660
  6     102         0.580
  7     98          0.500
  8     95          0.420
  9     149         0.340
  10    91          0.340

Detector: BL_W90_T1.4_D25
Best Detection: 124 mmHg (confidence: 0.980)
Top 10 readings:
  Rank  Pressure    Confidence  
  ------------------------------
  1     124         0.980
  2     120         0.900
  3     115         0.820
  4     111         0.740
  5     106         0.660
  6     102         0.580
  7     98          0.500
  8     95          0.420
  9     91          0.340
  10    144         0.260

Detector: BL_W90_T1.4_D30
Best Detection: 124 mmHg (confidence: 0.980)
Top 10 readings:
  Rank  Pressure    Confidence  
  ------------------------------
  1     124         0.980
  2     120         0.900
  3     115         0.820
  4     111         0.740
  5     106         0.660
  6     102         0.580
  7     98          0.500
  8     95          0.420
  9     91          0.340
  10    144         0.260

Detector: BL_W90_T1.4_D40
Best Detection: 124 mmHg (confidence: 0.980)
Top 10 readings:
  Rank  Pressure    Confidence  
  ------------------------------
  1     124         0.980
  2     120         0.900
  3     115         0.820
  4     111         0.740
  5     106         0.660
  6     102         0.580
  7     98          0.500
  8     95          0.420
  9     91          0.340
  10    143         0.260

Detector: BL_W90_T1.6_D2
Best Detection: 124 mmHg (confidence: 0.980)
Top 10 readings:
  Rank  Pressure    Confidence  
  ------------------------------
  1     124         0.980
  2     120         0.900
  3     114         0.820
  4     110         0.740
  5     106         0.660
  6     102         0.580
  7     98          0.500
  8     94          0.420
  9     149         0.340
  10    91          0.340

Detector: BL_W90_T1.6_D4
Best Detection: 124 mmHg (confidence: 0.980)
Top 10 readings:
  Rank  Pressure    Confidence  
  ------------------------------
  1     124         0.980
  2     120         0.900
  3     114         0.820
  4     110         0.740
  5     106         0.660
  6     102         0.580
  7     98          0.500
  8     94          0.420
  9     149         0.340
  10    91          0.340

Detector: BL_W90_T1.6_D6
Best Detection: 124 mmHg (confidence: 0.980)
Top 10 readings:
  Rank  Pressure    Confidence  
  ------------------------------
  1     124         0.980
  2     120         0.900
  3     114         0.820
  4     110         0.740
  5     106         0.660
  6     102         0.580
  7     98          0.500
  8     94          0.420
  9     149         0.340
  10    91          0.340

Detector: BL_W90_T1.6_D8
Best Detection: 124 mmHg (confidence: 0.980)
Top 10 readings:
  Rank  Pressure    Confidence  
  ------------------------------
  1     124         0.980
  2     120         0.900
  3     114         0.820
  4     110         0.740
  5     106         0.660
  6     102         0.580
  7     98          0.500
  8     94          0.420
  9     149         0.340
  10    147         0.340

Detector: BL_W90_T1.6_D10
Best Detection: 124 mmHg (confidence: 0.980)
Top 10 readings:
  Rank  Pressure    Confidence  
  ------------------------------
  1     124         0.980
  2     120         0.900
  3     114         0.820
  4     110         0.740
  5     106         0.660
  6     102         0.580
  7     98          0.500
  8     94          0.420
  9     149         0.340
  10    147         0.340

Detector: BL_W90_T1.6_D15
Best Detection: 124 mmHg (confidence: 0.980)
Top 10 readings:
  Rank  Pressure    Confidence  
  ------------------------------
  1     124         0.980
  2     120         0.900
  3     114         0.820
  4     110         0.740
  5     106         0.660
  6     102         0.580
  7     98          0.500
  8     94          0.420
  9     149         0.340
  10    91          0.340

Detector: BL_W90_T1.6_D20
Best Detection: 124 mmHg (confidence: 0.980)
Top 10 readings:
  Rank  Pressure    Confidence  
  ------------------------------
  1     124         0.980
  2     120         0.900
  3     114         0.820
  4     110         0.740
  5     106         0.660
  6     102         0.580
  7     98          0.500
  8     94          0.420
  9     149         0.340
  10    91          0.340

Detector: BL_W90_T1.6_D25
Best Detection: 124 mmHg (confidence: 0.980)
Top 10 readings:
  Rank  Pressure    Confidence  
  ------------------------------
  1     124         0.980
  2     120         0.900
  3     114         0.820
  4     110         0.740
  5     106         0.660
  6     102         0.580
  7     98          0.500
  8     94          0.420
  9     91          0.340
  10    144         0.260

Detector: BL_W90_T1.6_D30
Best Detection: 124 mmHg (confidence: 0.980)
Top 10 readings:
  Rank  Pressure    Confidence  
  ------------------------------
  1     124         0.980
  2     120         0.900
  3     114         0.820
  4     110         0.740
  5     106         0.660
  6     102         0.580
  7     98          0.500
  8     94          0.420
  9     91          0.340
  10    144         0.260

Detector: BL_W90_T1.6_D40
Best Detection: 124 mmHg (confidence: 0.980)
Top 10 readings:
  Rank  Pressure    Confidence  
  ------------------------------
  1     124         0.980
  2     120         0.900
  3     114         0.820
  4     110         0.740
  5     106         0.660
  6     102         0.580
  7     98          0.500
  8     94          0.420
  9     91          0.340
  10    143         0.260

Detector: BL_W90_T1.8_D2
Best Detection: 98 mmHg (confidence: 0.500)
Top 10 readings:
  Rank  Pressure    Confidence  
  ------------------------------
  1     98          0.500
  2     124         0.420
  3     94          0.420
  4     149         0.340
  5     119         0.340
  6     91          0.340
  7     144         0.260
  8     114         0.260
  9     87          0.260
  10    140         0.126

Detector: BL_W90_T1.8_D4
Best Detection: 98 mmHg (confidence: 0.500)
Top 10 readings:
  Rank  Pressure    Confidence  
  ------------------------------
  1     98          0.500
  2     124         0.420
  3     94          0.420
  4     149         0.340
  5     119         0.340
  6     91          0.340
  7     144         0.260
  8     114         0.260
  9     87          0.260
  10    140         0.126

Detector: BL_W90_T1.8_D6
Best Detection: 98 mmHg (confidence: 0.500)
Top 10 readings:
  Rank  Pressure    Confidence  
  ------------------------------
  1     98          0.500
  2     124         0.420
  3     94          0.420
  4     149         0.340
  5     119         0.340
  6     91          0.340
  7     144         0.260
  8     114         0.260
  9     87          0.260
  10    140         0.126

Detector: BL_W90_T1.8_D8
Best Detection: 98 mmHg (confidence: 0.500)
Top 10 readings:
  Rank  Pressure    Confidence  
  ------------------------------
  1     98          0.500
  2     124         0.420
  3     94          0.420
  4     149         0.340
  5     119         0.340
  6     91          0.340
  7     144         0.260
  8     114         0.260
  9     87          0.260
  10    140         0.126

Detector: BL_W90_T1.8_D10
Best Detection: 98 mmHg (confidence: 0.500)
Top 10 readings:
  Rank  Pressure    Confidence  
  ------------------------------
  1     98          0.500
  2     124         0.420
  3     94          0.420
  4     149         0.340
  5     147         0.340
  6     119         0.340
  7     91          0.340
  8     144         0.260
  9     114         0.260
  10    87          0.260

Detector: BL_W90_T1.8_D15
Best Detection: 98 mmHg (confidence: 0.500)
Top 10 readings:
  Rank  Pressure    Confidence  
  ------------------------------
  1     98          0.500
  2     124         0.420
  3     94          0.420
  4     149         0.340
  5     119         0.340
  6     91          0.340
  7     144         0.260
  8     114         0.260
  9     87          0.260
  10    142         0.208

Detector: BL_W90_T1.8_D20
Best Detection: 98 mmHg (confidence: 0.500)
Top 10 readings:
  Rank  Pressure    Confidence  
  ------------------------------
  1     98          0.500
  2     124         0.420
  3     94          0.420
  4     149         0.340
  5     119         0.340
  6     91          0.340
  7     144         0.260
  8     114         0.260
  9     87          0.260
  10    142         0.208

Detector: BL_W90_T1.8_D25
Best Detection: 98 mmHg (confidence: 0.500)
Top 10 readings:
  Rank  Pressure    Confidence  
  ------------------------------
  1     98          0.500
  2     124         0.420
  3     94          0.420
  4     119         0.340
  5     91          0.340
  6     144         0.260
  7     114         0.260
  8     87          0.260
  9     140         0.126
  10    137         0.126

Detector: BL_W90_T1.8_D30
Best Detection: 98 mmHg (confidence: 0.500)
Top 10 readings:
  Rank  Pressure    Confidence  
  ------------------------------
  1     98          0.500
  2     124         0.420
  3     94          0.420
  4     119         0.340
  5     91          0.340
  6     144         0.260
  7     114         0.260
  8     87          0.260
  9     140         0.126
  10    137         0.126

Detector: BL_W90_T1.8_D40
Best Detection: 98 mmHg (confidence: 0.500)
Top 10 readings:
  Rank  Pressure    Confidence  
  ------------------------------
  1     98          0.500
  2     124         0.420
  3     94          0.420
  4     119         0.340
  5     91          0.340
  6     143         0.260
  7     114         0.260
  8     87          0.260
  9     140         0.126
  10    137         0.126

Detector: BL_W90_T2.0_D2
Best Detection: 94 mmHg (confidence: 0.420)
Top 10 readings:
  Rank  Pressure    Confidence  
  ------------------------------
  1     94          0.420
  2     149         0.340
  3     119         0.340
  4     91          0.340
  5     144         0.260
  6     114         0.260
  7     87          0.260
  8     140         0.126
  9     137         0.126
  10    110         0.126

Detector: BL_W90_T2.0_D4
Best Detection: 94 mmHg (confidence: 0.420)
Top 10 readings:
  Rank  Pressure    Confidence  
  ------------------------------
  1     94          0.420
  2     149         0.340
  3     119         0.340
  4     91          0.340
  5     144         0.260
  6     114         0.260
  7     87          0.260
  8     140         0.126
  9     137         0.126
  10    110         0.126

Detector: BL_W90_T2.0_D6
Best Detection: 94 mmHg (confidence: 0.420)
Top 10 readings:
  Rank  Pressure    Confidence  
  ------------------------------
  1     94          0.420
  2     149         0.340
  3     119         0.340
  4     91          0.340
  5     144         0.260
  6     114         0.260
  7     87          0.260
  8     140         0.126
  9     137         0.126
  10    110         0.126

Detector: BL_W90_T2.0_D8
Best Detection: 94 mmHg (confidence: 0.420)
Top 10 readings:
  Rank  Pressure    Confidence  
  ------------------------------
  1     94          0.420
  2     149         0.340
  3     119         0.340
  4     91          0.340
  5     144         0.260
  6     114         0.260
  7     87          0.260
  8     140         0.126
  9     137         0.126
  10    110         0.126

Detector: BL_W90_T2.0_D10
Best Detection: 94 mmHg (confidence: 0.420)
Top 10 readings:
  Rank  Pressure    Confidence  
  ------------------------------
  1     94          0.420
  2     149         0.340
  3     147         0.340
  4     119         0.340
  5     91          0.340
  6     144         0.260
  7     114         0.260
  8     87          0.260
  9     140         0.126
  10    137         0.126

Detector: BL_W90_T2.0_D15
Best Detection: 94 mmHg (confidence: 0.420)
Top 10 readings:
  Rank  Pressure    Confidence  
  ------------------------------
  1     94          0.420
  2     149         0.340
  3     119         0.340
  4     91          0.340
  5     144         0.260
  6     114         0.260
  7     87          0.260
  8     142         0.208
  9     140         0.126
  10    137         0.126

Detector: BL_W90_T2.0_D20
Best Detection: 94 mmHg (confidence: 0.420)
Top 10 readings:
  Rank  Pressure    Confidence  
  ------------------------------
  1     94          0.420
  2     149         0.340
  3     119         0.340
  4     91          0.340
  5     144         0.260
  6     114         0.260
  7     87          0.260
  8     142         0.208
  9     140         0.126
  10    137         0.126

Detector: BL_W90_T2.0_D25
Best Detection: 94 mmHg (confidence: 0.420)
Top 10 readings:
  Rank  Pressure    Confidence  
  ------------------------------
  1     94          0.420
  2     119         0.340
  3     91          0.340
  4     144         0.260
  5     114         0.260
  6     87          0.260
  7     140         0.126
  8     137         0.126
  9     110         0.126
  10    83          0.126

Detector: BL_W90_T2.0_D30
Best Detection: 94 mmHg (confidence: 0.420)
Top 10 readings:
  Rank  Pressure    Confidence  
  ------------------------------
  1     94          0.420
  2     119         0.340
  3     91          0.340
  4     144         0.260
  5     114         0.260
  6     87          0.260
  7     140         0.126
  8     137         0.126
  9     110         0.126
  10    83          0.126

Detector: BL_W90_T2.0_D40
Best Detection: 94 mmHg (confidence: 0.420)
Top 10 readings:
  Rank  Pressure    Confidence  
  ------------------------------
  1     94          0.420
  2     119         0.340
  3     91          0.340
  4     143         0.260
  5     114         0.260
  6     87          0.260
  7     140         0.126
  8     137         0.126
  9     110         0.126
  10    83          0.126

Detector: BL_W90_T2.2_D2
Best Detection: 149 mmHg (confidence: 0.340)
Top 10 readings:
  Rank  Pressure    Confidence  
  ------------------------------
  1     149         0.340
  2     144         0.260
  3     119         0.260
  4     140         0.126
  5     137         0.126
  6     114         0.126
  7     87          0.126
  8     83          0.050
  9     135         0.010
  10    132         0.010

Detector: BL_W90_T2.2_D4
Best Detection: 149 mmHg (confidence: 0.340)
Top 10 readings:
  Rank  Pressure    Confidence  
  ------------------------------
  1     149         0.340
  2     144         0.260
  3     119         0.260
  4     140         0.126
  5     137         0.126
  6     114         0.126
  7     87          0.126
  8     83          0.050
  9     135         0.010
  10    132         0.010

Detector: BL_W90_T2.2_D6
Best Detection: 149 mmHg (confidence: 0.340)
Top 10 readings:
  Rank  Pressure    Confidence  
  ------------------------------
  1     149         0.340
  2     144         0.260
  3     119         0.260
  4     140         0.126
  5     137         0.126
  6     114         0.126
  7     87          0.126
  8     83          0.050
  9     135         0.010
  10    132         0.010

Detector: BL_W90_T2.2_D8
Best Detection: 149 mmHg (confidence: 0.340)
Top 10 readings:
  Rank  Pressure    Confidence  
  ------------------------------
  1     149         0.340
  2     144         0.260
  3     119         0.260
  4     140         0.126
  5     137         0.126
  6     114         0.126
  7     87          0.126
  8     83          0.050
  9     135         0.010
  10    132         0.010

Detector: BL_W90_T2.2_D10
Best Detection: 149 mmHg (confidence: 0.340)
Top 10 readings:
  Rank  Pressure    Confidence  
  ------------------------------
  1     149         0.340
  2     147         0.340
  3     144         0.260
  4     119         0.260
  5     140         0.126
  6     137         0.126
  7     114         0.126
  8     87          0.126
  9     83          0.050
  10    135         0.010

Detector: BL_W90_T2.2_D15
Best Detection: 149 mmHg (confidence: 0.340)
Top 10 readings:
  Rank  Pressure    Confidence  
  ------------------------------
  1     149         0.340
  2     144         0.260
  3     119         0.260
  4     142         0.208
  5     140         0.126
  6     137         0.126
  7     114         0.126
  8     87          0.126
  9     83          0.050
  10    135         0.010

Detector: BL_W90_T2.2_D20
Best Detection: 149 mmHg (confidence: 0.340)
Top 10 readings:
  Rank  Pressure    Confidence  
  ------------------------------
  1     149         0.340
  2     144         0.260
  3     119         0.260
  4     142         0.208
  5     140         0.126
  6     137         0.126
  7     114         0.126
  8     87          0.126
  9     83          0.050
  10    135         0.010

Detector: BL_W90_T2.2_D25
Best Detection: 144 mmHg (confidence: 0.260)
Top 10 readings:
  Rank  Pressure    Confidence  
  ------------------------------
  1     144         0.260
  2     119         0.260
  3     140         0.126
  4     137         0.126
  5     114         0.126
  6     87          0.126
  7     83          0.050
  8     135         0.010
  9     132         0.010
  10    110         0.010

Detector: BL_W90_T2.2_D30
Best Detection: 144 mmHg (confidence: 0.260)
Top 10 readings:
  Rank  Pressure    Confidence  
  ------------------------------
  1     144         0.260
  2     119         0.260
  3     140         0.126
  4     137         0.126
  5     114         0.126
  6     87          0.126
  7     83          0.050
  8     135         0.010
  9     132         0.010
  10    110         0.010

Detector: BL_W90_T2.2_D40
Best Detection: 143 mmHg (confidence: 0.260)
Top 10 readings:
  Rank  Pressure    Confidence  
  ------------------------------
  1     143         0.260
  2     119         0.260
  3     140         0.126
  4     137         0.126
  5     114         0.126
  6     87          0.126
  7     83          0.050
  8     135         0.010
  9     132         0.010
  10    110         0.010

Detector: BL_W90_T2.4_D2
Best Detection: 149 mmHg (confidence: 0.340)
Top 10 readings:
  Rank  Pressure    Confidence  
  ------------------------------
  1     149         0.340
  2     144         0.260
  3     140         0.126
  4     137         0.126
  5     94          0.050
  6     135         0.010
  7     132         0.010

Detector: BL_W90_T2.4_D4
Best Detection: 149 mmHg (confidence: 0.340)
Top 10 readings:
  Rank  Pressure    Confidence  
  ------------------------------
  1     149         0.340
  2     144         0.260
  3     140         0.126
  4     137         0.126
  5     94          0.050
  6     135         0.010
  7     132         0.010

Detector: BL_W90_T2.4_D6
Best Detection: 149 mmHg (confidence: 0.340)
Top 10 readings:
  Rank  Pressure    Confidence  
  ------------------------------
  1     149         0.340
  2     144         0.260
  3     140         0.126
  4     137         0.126
  5     94          0.050
  6     135         0.010
  7     132         0.010

Detector: BL_W90_T2.4_D8
Best Detection: 149 mmHg (confidence: 0.340)
Top 10 readings:
  Rank  Pressure    Confidence  
  ------------------------------
  1     149         0.340
  2     144         0.260
  3     140         0.126
  4     137         0.126
  5     94          0.050
  6     135         0.010
  7     132         0.010

Detector: BL_W90_T2.4_D10
Best Detection: 149 mmHg (confidence: 0.340)
Top 10 readings:
  Rank  Pressure    Confidence  
  ------------------------------
  1     149         0.340
  2     147         0.340
  3     144         0.260
  4     140         0.126
  5     137         0.126
  6     94          0.050
  7     135         0.010
  8     132         0.010

Detector: BL_W90_T2.4_D15
Best Detection: 149 mmHg (confidence: 0.340)
Top 10 readings:
  Rank  Pressure    Confidence  
  ------------------------------
  1     149         0.340
  2     144         0.260
  3     142         0.208
  4     140         0.126
  5     137         0.126
  6     94          0.050
  7     135         0.010
  8     132         0.010

Detector: BL_W90_T2.4_D20
Best Detection: 149 mmHg (confidence: 0.340)
Top 10 readings:
  Rank  Pressure    Confidence  
  ------------------------------
  1     149         0.340
  2     144         0.260
  3     142         0.208
  4     140         0.126
  5     137         0.126
  6     94          0.050
  7     135         0.010
  8     132         0.010

Detector: BL_W90_T2.4_D25
Best Detection: 144 mmHg (confidence: 0.260)
Top 10 readings:
  Rank  Pressure    Confidence  
  ------------------------------
  1     144         0.260
  2     140         0.126
  3     137         0.126
  4     94          0.050
  5     135         0.010
  6     132         0.010

Detector: BL_W90_T2.4_D30
Best Detection: 144 mmHg (confidence: 0.260)
Top 10 readings:
  Rank  Pressure    Confidence  
  ------------------------------
  1     144         0.260
  2     140         0.126
  3     137         0.126
  4     94          0.050
  5     135         0.010
  6     132         0.010

Detector: BL_W90_T2.4_D40
Best Detection: 143 mmHg (confidence: 0.260)
Top 10 readings:
  Rank  Pressure    Confidence  
  ------------------------------
  1     143         0.260
  2     140         0.126
  3     137         0.126
  4     94          0.050
  5     135         0.010
  6     132         0.010

Detector: BL_W90_T2.6_D2
Best Detection: 149 mmHg (confidence: 0.340)
Top 10 readings:
  Rank  Pressure    Confidence  
  ------------------------------
  1     149         0.340
  2     144         0.260
  3     140         0.126
  4     137         0.126
  5     135         0.050

Detector: BL_W90_T2.6_D4
Best Detection: 149 mmHg (confidence: 0.340)
Top 10 readings:
  Rank  Pressure    Confidence  
  ------------------------------
  1     149         0.340
  2     144         0.260
  3     140         0.126
  4     137         0.126
  5     135         0.050

Detector: BL_W90_T2.6_D6
Best Detection: 149 mmHg (confidence: 0.340)
Top 10 readings:
  Rank  Pressure    Confidence  
  ------------------------------
  1     149         0.340
  2     144         0.260
  3     140         0.126
  4     137         0.126
  5     135         0.050

Detector: BL_W90_T2.6_D8
Best Detection: 149 mmHg (confidence: 0.340)
Top 10 readings:
  Rank  Pressure    Confidence  
  ------------------------------
  1     149         0.340
  2     144         0.260
  3     140         0.126
  4     137         0.126
  5     135         0.050

Detector: BL_W90_T2.6_D10
Best Detection: 149 mmHg (confidence: 0.340)
Top 10 readings:
  Rank  Pressure    Confidence  
  ------------------------------
  1     149         0.340
  2     147         0.340
  3     144         0.260
  4     140         0.126
  5     137         0.126
  6     135         0.050

Detector: BL_W90_T2.6_D15
Best Detection: 149 mmHg (confidence: 0.340)
Top 10 readings:
  Rank  Pressure    Confidence  
  ------------------------------
  1     149         0.340
  2     144         0.260
  3     142         0.208
  4     140         0.126
  5     137         0.126
  6     135         0.050

Detector: BL_W90_T2.6_D20
Best Detection: 149 mmHg (confidence: 0.340)
Top 10 readings:
  Rank  Pressure    Confidence  
  ------------------------------
  1     149         0.340
  2     144         0.260
  3     142         0.208
  4     140         0.126
  5     137         0.126
  6     135         0.050

Detector: BL_W90_T2.6_D25
Best Detection: 144 mmHg (confidence: 0.260)
Top 10 readings:
  Rank  Pressure    Confidence  
  ------------------------------
  1     144         0.260
  2     140         0.126
  3     137         0.126
  4     135         0.050

Detector: BL_W90_T2.6_D30
Best Detection: 144 mmHg (confidence: 0.260)
Top 10 readings:
  Rank  Pressure    Confidence  
  ------------------------------
  1     144         0.260
  2     140         0.126
  3     137         0.126
  4     135         0.050

Detector: BL_W90_T2.6_D40
Best Detection: 143 mmHg (confidence: 0.260)
Top 10 readings:
  Rank  Pressure    Confidence  
  ------------------------------
  1     143         0.260
  2     140         0.126
  3     137         0.126
  4     135         0.050

Detector: BL_W90_T2.8_D2
Best Detection: 149 mmHg (confidence: 0.340)
Top 10 readings:
  Rank  Pressure    Confidence  
  ------------------------------
  1     149         0.340
  2     144         0.260
  3     140         0.126
  4     137         0.126
  5     135         0.050

Detector: BL_W90_T2.8_D4
Best Detection: 149 mmHg (confidence: 0.340)
Top 10 readings:
  Rank  Pressure    Confidence  
  ------------------------------
  1     149         0.340
  2     144         0.260
  3     140         0.126
  4     137         0.126
  5     135         0.050

Detector: BL_W90_T2.8_D6
Best Detection: 149 mmHg (confidence: 0.340)
Top 10 readings:
  Rank  Pressure    Confidence  
  ------------------------------
  1     149         0.340
  2     144         0.260
  3     140         0.126
  4     137         0.126
  5     135         0.050

Detector: BL_W90_T2.8_D8
Best Detection: 149 mmHg (confidence: 0.340)
Top 10 readings:
  Rank  Pressure    Confidence  
  ------------------------------
  1     149         0.340
  2     144         0.260
  3     140         0.126
  4     137         0.126
  5     135         0.050

Detector: BL_W90_T2.8_D10
Best Detection: 149 mmHg (confidence: 0.340)
Top 10 readings:
  Rank  Pressure    Confidence  
  ------------------------------
  1     149         0.340
  2     147         0.340
  3     144         0.260
  4     140         0.126
  5     137         0.126
  6     135         0.050

Detector: BL_W90_T2.8_D15
Best Detection: 149 mmHg (confidence: 0.340)
Top 10 readings:
  Rank  Pressure    Confidence  
  ------------------------------
  1     149         0.340
  2     144         0.260
  3     142         0.208
  4     140         0.126
  5     137         0.126
  6     135         0.050

Detector: BL_W90_T2.8_D20
Best Detection: 149 mmHg (confidence: 0.340)
Top 10 readings:
  Rank  Pressure    Confidence  
  ------------------------------
  1     149         0.340
  2     144         0.260
  3     142         0.208
  4     140         0.126
  5     137         0.126
  6     135         0.050

Detector: BL_W90_T2.8_D25
Best Detection: 144 mmHg (confidence: 0.260)
Top 10 readings:
  Rank  Pressure    Confidence  
  ------------------------------
  1     144         0.260
  2     140         0.126
  3     137         0.126
  4     135         0.050

Detector: BL_W90_T2.8_D30
Best Detection: 144 mmHg (confidence: 0.260)
Top 10 readings:
  Rank  Pressure    Confidence  
  ------------------------------
  1     144         0.260
  2     140         0.126
  3     137         0.126
  4     135         0.050

Detector: BL_W90_T2.8_D40
Best Detection: 143 mmHg (confidence: 0.260)
Top 10 readings:
  Rank  Pressure    Confidence  
  ------------------------------
  1     143         0.260
  2     140         0.126
  3     137         0.126
  4     135         0.050

Detector: BL_W90_T3.0_D2
Best Detection: 149 mmHg (confidence: 0.340)
Top 10 readings:
  Rank  Pressure    Confidence  
  ------------------------------
  1     149         0.340
  2     144         0.260
  3     140         0.126
  4     137         0.126
  5     134         0.050

Detector: BL_W90_T3.0_D4
Best Detection: 149 mmHg (confidence: 0.340)
Top 10 readings:
  Rank  Pressure    Confidence  
  ------------------------------
  1     149         0.340
  2     144         0.260
  3     140         0.126
  4     137         0.126
  5     134         0.050

Detector: BL_W90_T3.0_D6
Best Detection: 149 mmHg (confidence: 0.340)
Top 10 readings:
  Rank  Pressure    Confidence  
  ------------------------------
  1     149         0.340
  2     144         0.260
  3     140         0.126
  4     137         0.126
  5     134         0.050

Detector: BL_W90_T3.0_D8
Best Detection: 149 mmHg (confidence: 0.340)
Top 10 readings:
  Rank  Pressure    Confidence  
  ------------------------------
  1     149         0.340
  2     144         0.260
  3     140         0.126
  4     137         0.126
  5     134         0.050

Detector: BL_W90_T3.0_D10
Best Detection: 149 mmHg (confidence: 0.340)
Top 10 readings:
  Rank  Pressure    Confidence  
  ------------------------------
  1     149         0.340
  2     147         0.340
  3     144         0.260
  4     140         0.126
  5     137         0.126
  6     134         0.050

Detector: BL_W90_T3.0_D15
Best Detection: 149 mmHg (confidence: 0.340)
Top 10 readings:
  Rank  Pressure    Confidence  
  ------------------------------
  1     149         0.340
  2     144         0.260
  3     142         0.208
  4     140         0.126
  5     137         0.126
  6     134         0.050

Detector: BL_W90_T3.0_D20
Best Detection: 149 mmHg (confidence: 0.340)
Top 10 readings:
  Rank  Pressure    Confidence  
  ------------------------------
  1     149         0.340
  2     144         0.260
  3     142         0.208
  4     140         0.126
  5     137         0.126
  6     134         0.050

Detector: BL_W90_T3.0_D25
Best Detection: 144 mmHg (confidence: 0.260)
Top 10 readings:
  Rank  Pressure    Confidence  
  ------------------------------
  1     144         0.260
  2     140         0.126
  3     137         0.126
  4     134         0.050

Detector: BL_W90_T3.0_D30
Best Detection: 144 mmHg (confidence: 0.260)
Top 10 readings:
  Rank  Pressure    Confidence  
  ------------------------------
  1     144         0.260
  2     140         0.126
  3     137         0.126
  4     134         0.050

Detector: BL_W90_T3.0_D40
Best Detection: 143 mmHg (confidence: 0.260)
Top 10 readings:
  Rank  Pressure    Confidence  
  ------------------------------
  1     143         0.260
  2     140         0.126
  3     137         0.126
  4     134         0.050

Detector: BL_W100_T1.0_D2
Best Detection: 124 mmHg (confidence: 0.980)
Top 10 readings:
  Rank  Pressure    Confidence  
  ------------------------------
  1     124         0.980
  2     120         0.900
  3     116         0.820
  4     111         0.740
  5     106         0.660
  6     102         0.580
  7     98          0.500
  8     95          0.420
  9     149         0.340
  10    147         0.340

Detector: BL_W100_T1.0_D4
Best Detection: 124 mmHg (confidence: 0.980)
Top 10 readings:
  Rank  Pressure    Confidence  
  ------------------------------
  1     124         0.980
  2     120         0.900
  3     116         0.820
  4     111         0.740
  5     106         0.660
  6     102         0.580
  7     98          0.500
  8     95          0.420
  9     149         0.340
  10    147         0.340

Detector: BL_W100_T1.0_D6
Best Detection: 124 mmHg (confidence: 0.980)
Top 10 readings:
  Rank  Pressure    Confidence  
  ------------------------------
  1     124         0.980
  2     120         0.900
  3     116         0.820
  4     111         0.740
  5     106         0.660
  6     102         0.580
  7     98          0.500
  8     95          0.420
  9     149         0.340
  10    147         0.340

Detector: BL_W100_T1.0_D8
Best Detection: 124 mmHg (confidence: 0.980)
Top 10 readings:
  Rank  Pressure    Confidence  
  ------------------------------
  1     124         0.980
  2     120         0.900
  3     116         0.820
  4     111         0.740
  5     106         0.660
  6     102         0.580
  7     98          0.500
  8     95          0.420
  9     149         0.340
  10    147         0.340

Detector: BL_W100_T1.0_D10
Best Detection: 124 mmHg (confidence: 0.980)
Top 10 readings:
  Rank  Pressure    Confidence  
  ------------------------------
  1     124         0.980
  2     120         0.900
  3     116         0.820
  4     111         0.740
  5     106         0.660
  6     102         0.580
  7     98          0.500
  8     95          0.420
  9     149         0.340
  10    147         0.340

Detector: BL_W100_T1.0_D15
Best Detection: 124 mmHg (confidence: 0.980)
Top 10 readings:
  Rank  Pressure    Confidence  
  ------------------------------
  1     124         0.980
  2     120         0.900
  3     116         0.820
  4     111         0.740
  5     106         0.660
  6     102         0.580
  7     98          0.500
  8     95          0.420
  9     149         0.340
  10    91          0.340

Detector: BL_W100_T1.0_D20
Best Detection: 124 mmHg (confidence: 0.980)
Top 10 readings:
  Rank  Pressure    Confidence  
  ------------------------------
  1     124         0.980
  2     120         0.900
  3     116         0.820
  4     111         0.740
  5     106         0.660
  6     102         0.580
  7     98          0.500
  8     95          0.420
  9     149         0.340
  10    91          0.340

Detector: BL_W100_T1.0_D25
Best Detection: 124 mmHg (confidence: 0.980)
Top 10 readings:
  Rank  Pressure    Confidence  
  ------------------------------
  1     124         0.980
  2     120         0.900
  3     116         0.820
  4     111         0.740
  5     106         0.660
  6     102         0.580
  7     98          0.500
  8     95          0.420
  9     148         0.340
  10    91          0.340

Detector: BL_W100_T1.0_D30
Best Detection: 124 mmHg (confidence: 0.980)
Top 10 readings:
  Rank  Pressure    Confidence  
  ------------------------------
  1     124         0.980
  2     120         0.900
  3     116         0.820
  4     111         0.740
  5     106         0.660
  6     102         0.580
  7     98          0.500
  8     95          0.420
  9     91          0.340
  10    144         0.260

Detector: BL_W100_T1.0_D40
Best Detection: 124 mmHg (confidence: 0.980)
Top 10 readings:
  Rank  Pressure    Confidence  
  ------------------------------
  1     124         0.980
  2     120         0.900
  3     116         0.820
  4     111         0.740
  5     106         0.660
  6     102         0.580
  7     98          0.500
  8     95          0.420
  9     91          0.340
  10    143         0.260

Detector: BL_W100_T1.2_D2
Best Detection: 124 mmHg (confidence: 0.980)
Top 10 readings:
  Rank  Pressure    Confidence  
  ------------------------------
  1     124         0.980
  2     120         0.900
  3     115         0.820
  4     111         0.740
  5     106         0.660
  6     102         0.580
  7     98          0.500
  8     95          0.420
  9     149         0.340
  10    147         0.340

Detector: BL_W100_T1.2_D4
Best Detection: 124 mmHg (confidence: 0.980)
Top 10 readings:
  Rank  Pressure    Confidence  
  ------------------------------
  1     124         0.980
  2     120         0.900
  3     115         0.820
  4     111         0.740
  5     106         0.660
  6     102         0.580
  7     98          0.500
  8     95          0.420
  9     149         0.340
  10    147         0.340

Detector: BL_W100_T1.2_D6
Best Detection: 124 mmHg (confidence: 0.980)
Top 10 readings:
  Rank  Pressure    Confidence  
  ------------------------------
  1     124         0.980
  2     120         0.900
  3     115         0.820
  4     111         0.740
  5     106         0.660
  6     102         0.580
  7     98          0.500
  8     95          0.420
  9     149         0.340
  10    147         0.340

Detector: BL_W100_T1.2_D8
Best Detection: 124 mmHg (confidence: 0.980)
Top 10 readings:
  Rank  Pressure    Confidence  
  ------------------------------
  1     124         0.980
  2     120         0.900
  3     115         0.820
  4     111         0.740
  5     106         0.660
  6     102         0.580
  7     98          0.500
  8     95          0.420
  9     149         0.340
  10    147         0.340

Detector: BL_W100_T1.2_D10
Best Detection: 124 mmHg (confidence: 0.980)
Top 10 readings:
  Rank  Pressure    Confidence  
  ------------------------------
  1     124         0.980
  2     120         0.900
  3     115         0.820
  4     111         0.740
  5     106         0.660
  6     102         0.580
  7     98          0.500
  8     95          0.420
  9     149         0.340
  10    147         0.340

Detector: BL_W100_T1.2_D15
Best Detection: 124 mmHg (confidence: 0.980)
Top 10 readings:
  Rank  Pressure    Confidence  
  ------------------------------
  1     124         0.980
  2     120         0.900
  3     115         0.820
  4     111         0.740
  5     106         0.660
  6     102         0.580
  7     98          0.500
  8     95          0.420
  9     149         0.340
  10    91          0.340

Detector: BL_W100_T1.2_D20
Best Detection: 124 mmHg (confidence: 0.980)
Top 10 readings:
  Rank  Pressure    Confidence  
  ------------------------------
  1     124         0.980
  2     120         0.900
  3     115         0.820
  4     111         0.740
  5     106         0.660
  6     102         0.580
  7     98          0.500
  8     95          0.420
  9     149         0.340
  10    91          0.340

Detector: BL_W100_T1.2_D25
Best Detection: 124 mmHg (confidence: 0.980)
Top 10 readings:
  Rank  Pressure    Confidence  
  ------------------------------
  1     124         0.980
  2     120         0.900
  3     115         0.820
  4     111         0.740
  5     106         0.660
  6     102         0.580
  7     98          0.500
  8     95          0.420
  9     148         0.340
  10    91          0.340

Detector: BL_W100_T1.2_D30
Best Detection: 124 mmHg (confidence: 0.980)
Top 10 readings:
  Rank  Pressure    Confidence  
  ------------------------------
  1     124         0.980
  2     120         0.900
  3     115         0.820
  4     111         0.740
  5     106         0.660
  6     102         0.580
  7     98          0.500
  8     95          0.420
  9     91          0.340
  10    144         0.260

Detector: BL_W100_T1.2_D40
Best Detection: 124 mmHg (confidence: 0.980)
Top 10 readings:
  Rank  Pressure    Confidence  
  ------------------------------
  1     124         0.980
  2     120         0.900
  3     115         0.820
  4     111         0.740
  5     106         0.660
  6     102         0.580
  7     98          0.500
  8     95          0.420
  9     91          0.340
  10    143         0.260

Detector: BL_W100_T1.4_D2
Best Detection: 124 mmHg (confidence: 0.980)
Top 10 readings:
  Rank  Pressure    Confidence  
  ------------------------------
  1     124         0.980
  2     120         0.900
  3     115         0.820
  4     111         0.740
  5     106         0.660
  6     102         0.580
  7     98          0.500
  8     94          0.420
  9     149         0.340
  10    147         0.340

Detector: BL_W100_T1.4_D4
Best Detection: 124 mmHg (confidence: 0.980)
Top 10 readings:
  Rank  Pressure    Confidence  
  ------------------------------
  1     124         0.980
  2     120         0.900
  3     115         0.820
  4     111         0.740
  5     106         0.660
  6     102         0.580
  7     98          0.500
  8     94          0.420
  9     149         0.340
  10    147         0.340

Detector: BL_W100_T1.4_D6
Best Detection: 124 mmHg (confidence: 0.980)
Top 10 readings:
  Rank  Pressure    Confidence  
  ------------------------------
  1     124         0.980
  2     120         0.900
  3     115         0.820
  4     111         0.740
  5     106         0.660
  6     102         0.580
  7     98          0.500
  8     94          0.420
  9     149         0.340
  10    147         0.340

Detector: BL_W100_T1.4_D8
Best Detection: 124 mmHg (confidence: 0.980)
Top 10 readings:
  Rank  Pressure    Confidence  
  ------------------------------
  1     124         0.980
  2     120         0.900
  3     115         0.820
  4     111         0.740
  5     106         0.660
  6     102         0.580
  7     98          0.500
  8     94          0.420
  9     149         0.340
  10    147         0.340

Detector: BL_W100_T1.4_D10
Best Detection: 124 mmHg (confidence: 0.980)
Top 10 readings:
  Rank  Pressure    Confidence  
  ------------------------------
  1     124         0.980
  2     120         0.900
  3     115         0.820
  4     111         0.740
  5     106         0.660
  6     102         0.580
  7     98          0.500
  8     94          0.420
  9     149         0.340
  10    147         0.340

Detector: BL_W100_T1.4_D15
Best Detection: 124 mmHg (confidence: 0.980)
Top 10 readings:
  Rank  Pressure    Confidence  
  ------------------------------
  1     124         0.980
  2     120         0.900
  3     115         0.820
  4     111         0.740
  5     106         0.660
  6     102         0.580
  7     98          0.500
  8     94          0.420
  9     149         0.340
  10    91          0.340

Detector: BL_W100_T1.4_D20
Best Detection: 124 mmHg (confidence: 0.980)
Top 10 readings:
  Rank  Pressure    Confidence  
  ------------------------------
  1     124         0.980
  2     120         0.900
  3     115         0.820
  4     111         0.740
  5     106         0.660
  6     102         0.580
  7     98          0.500
  8     94          0.420
  9     149         0.340
  10    91          0.340

Detector: BL_W100_T1.4_D25
Best Detection: 124 mmHg (confidence: 0.980)
Top 10 readings:
  Rank  Pressure    Confidence  
  ------------------------------
  1     124         0.980
  2     120         0.900
  3     115         0.820
  4     111         0.740
  5     106         0.660
  6     102         0.580
  7     98          0.500
  8     94          0.420
  9     148         0.340
  10    91          0.340

Detector: BL_W100_T1.4_D30
Best Detection: 124 mmHg (confidence: 0.980)
Top 10 readings:
  Rank  Pressure    Confidence  
  ------------------------------
  1     124         0.980
  2     120         0.900
  3     115         0.820
  4     111         0.740
  5     106         0.660
  6     102         0.580
  7     98          0.500
  8     94          0.420
  9     91          0.340
  10    144         0.260

Detector: BL_W100_T1.4_D40
Best Detection: 124 mmHg (confidence: 0.980)
Top 10 readings:
  Rank  Pressure    Confidence  
  ------------------------------
  1     124         0.980
  2     120         0.900
  3     115         0.820
  4     111         0.740
  5     106         0.660
  6     102         0.580
  7     98          0.500
  8     94          0.420
  9     91          0.340
  10    143         0.260

Detector: BL_W100_T1.6_D2
Best Detection: 124 mmHg (confidence: 0.980)
Top 10 readings:
  Rank  Pressure    Confidence  
  ------------------------------
  1     124         0.980
  2     120         0.900
  3     115         0.820
  4     110         0.740
  5     106         0.660
  6     102         0.580
  7     98          0.500
  8     94          0.420
  9     149         0.340
  10    91          0.340

Detector: BL_W100_T1.6_D4
Best Detection: 124 mmHg (confidence: 0.980)
Top 10 readings:
  Rank  Pressure    Confidence  
  ------------------------------
  1     124         0.980
  2     120         0.900
  3     115         0.820
  4     110         0.740
  5     106         0.660
  6     102         0.580
  7     98          0.500
  8     94          0.420
  9     149         0.340
  10    91          0.340

Detector: BL_W100_T1.6_D6
Best Detection: 124 mmHg (confidence: 0.980)
Top 10 readings:
  Rank  Pressure    Confidence  
  ------------------------------
  1     124         0.980
  2     120         0.900
  3     115         0.820
  4     110         0.740
  5     106         0.660
  6     102         0.580
  7     98          0.500
  8     94          0.420
  9     149         0.340
  10    91          0.340

Detector: BL_W100_T1.6_D8
Best Detection: 124 mmHg (confidence: 0.980)
Top 10 readings:
  Rank  Pressure    Confidence  
  ------------------------------
  1     124         0.980
  2     120         0.900
  3     115         0.820
  4     110         0.740
  5     106         0.660
  6     102         0.580
  7     98          0.500
  8     94          0.420
  9     149         0.340
  10    147         0.340

Detector: BL_W100_T1.6_D10
Best Detection: 124 mmHg (confidence: 0.980)
Top 10 readings:
  Rank  Pressure    Confidence  
  ------------------------------
  1     124         0.980
  2     120         0.900
  3     115         0.820
  4     110         0.740
  5     106         0.660
  6     102         0.580
  7     98          0.500
  8     94          0.420
  9     149         0.340
  10    147         0.340

Detector: BL_W100_T1.6_D15
Best Detection: 124 mmHg (confidence: 0.980)
Top 10 readings:
  Rank  Pressure    Confidence  
  ------------------------------
  1     124         0.980
  2     120         0.900
  3     115         0.820
  4     110         0.740
  5     106         0.660
  6     102         0.580
  7     98          0.500
  8     94          0.420
  9     149         0.340
  10    91          0.340

Detector: BL_W100_T1.6_D20
Best Detection: 124 mmHg (confidence: 0.980)
Top 10 readings:
  Rank  Pressure    Confidence  
  ------------------------------
  1     124         0.980
  2     120         0.900
  3     115         0.820
  4     110         0.740
  5     106         0.660
  6     102         0.580
  7     98          0.500
  8     94          0.420
  9     149         0.340
  10    91          0.340

Detector: BL_W100_T1.6_D25
Best Detection: 124 mmHg (confidence: 0.980)
Top 10 readings:
  Rank  Pressure    Confidence  
  ------------------------------
  1     124         0.980
  2     120         0.900
  3     115         0.820
  4     110         0.740
  5     106         0.660
  6     102         0.580
  7     98          0.500
  8     94          0.420
  9     148         0.340
  10    91          0.340

Detector: BL_W100_T1.6_D30
Best Detection: 124 mmHg (confidence: 0.980)
Top 10 readings:
  Rank  Pressure    Confidence  
  ------------------------------
  1     124         0.980
  2     120         0.900
  3     115         0.820
  4     110         0.740
  5     106         0.660
  6     102         0.580
  7     98          0.500
  8     94          0.420
  9     91          0.340
  10    144         0.260

Detector: BL_W100_T1.6_D40
Best Detection: 124 mmHg (confidence: 0.980)
Top 10 readings:
  Rank  Pressure    Confidence  
  ------------------------------
  1     124         0.980
  2     120         0.900
  3     115         0.820
  4     110         0.740
  5     106         0.660
  6     102         0.580
  7     98          0.500
  8     94          0.420
  9     91          0.340
  10    143         0.260

Detector: BL_W100_T1.8_D2
Best Detection: 98 mmHg (confidence: 0.500)
Top 10 readings:
  Rank  Pressure    Confidence  
  ------------------------------
  1     98          0.500
  2     124         0.420
  3     94          0.420
  4     149         0.340
  5     120         0.340
  6     91          0.340
  7     144         0.260
  8     114         0.260
  9     87          0.260
  10    142         0.208

Detector: BL_W100_T1.8_D4
Best Detection: 98 mmHg (confidence: 0.500)
Top 10 readings:
  Rank  Pressure    Confidence  
  ------------------------------
  1     98          0.500
  2     124         0.420
  3     94          0.420
  4     149         0.340
  5     120         0.340
  6     91          0.340
  7     144         0.260
  8     114         0.260
  9     87          0.260
  10    142         0.208

Detector: BL_W100_T1.8_D6
Best Detection: 98 mmHg (confidence: 0.500)
Top 10 readings:
  Rank  Pressure    Confidence  
  ------------------------------
  1     98          0.500
  2     124         0.420
  3     94          0.420
  4     149         0.340
  5     120         0.340
  6     91          0.340
  7     144         0.260
  8     114         0.260
  9     87          0.260
  10    142         0.208

Detector: BL_W100_T1.8_D8
Best Detection: 98 mmHg (confidence: 0.500)
Top 10 readings:
  Rank  Pressure    Confidence  
  ------------------------------
  1     98          0.500
  2     124         0.420
  3     94          0.420
  4     149         0.340
  5     120         0.340
  6     91          0.340
  7     144         0.260
  8     142         0.260
  9     114         0.260
  10    87          0.260

Detector: BL_W100_T1.8_D10
Best Detection: 98 mmHg (confidence: 0.500)
Top 10 readings:
  Rank  Pressure    Confidence  
  ------------------------------
  1     98          0.500
  2     124         0.420
  3     94          0.420
  4     149         0.340
  5     147         0.340
  6     120         0.340
  7     91          0.340
  8     144         0.260
  9     114         0.260
  10    87          0.260

Detector: BL_W100_T1.8_D15
Best Detection: 98 mmHg (confidence: 0.500)
Top 10 readings:
  Rank  Pressure    Confidence  
  ------------------------------
  1     98          0.500
  2     124         0.420
  3     94          0.420
  4     149         0.340
  5     120         0.340
  6     91          0.340
  7     144         0.260
  8     114         0.260
  9     87          0.260
  10    142         0.208

Detector: BL_W100_T1.8_D20
Best Detection: 98 mmHg (confidence: 0.500)
Top 10 readings:
  Rank  Pressure    Confidence  
  ------------------------------
  1     98          0.500
  2     124         0.420
  3     94          0.420
  4     149         0.340
  5     120         0.340
  6     91          0.340
  7     144         0.260
  8     114         0.260
  9     87          0.260
  10    142         0.208

Detector: BL_W100_T1.8_D25
Best Detection: 98 mmHg (confidence: 0.500)
Top 10 readings:
  Rank  Pressure    Confidence  
  ------------------------------
  1     98          0.500
  2     124         0.420
  3     94          0.420
  4     148         0.340
  5     120         0.340
  6     91          0.340
  7     144         0.260
  8     114         0.260
  9     87          0.260
  10    140         0.126

Detector: BL_W100_T1.8_D30
Best Detection: 98 mmHg (confidence: 0.500)
Top 10 readings:
  Rank  Pressure    Confidence  
  ------------------------------
  1     98          0.500
  2     124         0.420
  3     94          0.420
  4     120         0.340
  5     91          0.340
  6     144         0.260
  7     114         0.260
  8     87          0.260
  9     140         0.126
  10    137         0.126

Detector: BL_W100_T1.8_D40
Best Detection: 98 mmHg (confidence: 0.500)
Top 10 readings:
  Rank  Pressure    Confidence  
  ------------------------------
  1     98          0.500
  2     124         0.420
  3     94          0.420
  4     120         0.340
  5     91          0.340
  6     143         0.260
  7     114         0.260
  8     87          0.260
  9     140         0.126
  10    137         0.126

Detector: BL_W100_T2.0_D2
Best Detection: 98 mmHg (confidence: 0.500)
Top 10 readings:
  Rank  Pressure    Confidence  
  ------------------------------
  1     98          0.500
  2     94          0.420
  3     149         0.340
  4     119         0.340
  5     91          0.340
  6     144         0.260
  7     114         0.260
  8     87          0.260
  9     140         0.126
  10    137         0.126

Detector: BL_W100_T2.0_D4
Best Detection: 98 mmHg (confidence: 0.500)
Top 10 readings:
  Rank  Pressure    Confidence  
  ------------------------------
  1     98          0.500
  2     94          0.420
  3     149         0.340
  4     119         0.340
  5     91          0.340
  6     144         0.260
  7     114         0.260
  8     87          0.260
  9     140         0.126
  10    137         0.126

Detector: BL_W100_T2.0_D6
Best Detection: 98 mmHg (confidence: 0.500)
Top 10 readings:
  Rank  Pressure    Confidence  
  ------------------------------
  1     98          0.500
  2     94          0.420
  3     149         0.340
  4     119         0.340
  5     91          0.340
  6     144         0.260
  7     114         0.260
  8     87          0.260
  9     140         0.126
  10    137         0.126

Detector: BL_W100_T2.0_D8
Best Detection: 98 mmHg (confidence: 0.500)
Top 10 readings:
  Rank  Pressure    Confidence  
  ------------------------------
  1     98          0.500
  2     94          0.420
  3     149         0.340
  4     119         0.340
  5     91          0.340
  6     144         0.260
  7     142         0.260
  8     114         0.260
  9     87          0.260
  10    140         0.126

Detector: BL_W100_T2.0_D10
Best Detection: 98 mmHg (confidence: 0.500)
Top 10 readings:
  Rank  Pressure    Confidence  
  ------------------------------
  1     98          0.500
  2     94          0.420
  3     149         0.340
  4     147         0.340
  5     119         0.340
  6     91          0.340
  7     144         0.260
  8     114         0.260
  9     87          0.260
  10    140         0.126

Detector: BL_W100_T2.0_D15
Best Detection: 98 mmHg (confidence: 0.500)
Top 10 readings:
  Rank  Pressure    Confidence  
  ------------------------------
  1     98          0.500
  2     94          0.420
  3     149         0.340
  4     119         0.340
  5     91          0.340
  6     144         0.260
  7     114         0.260
  8     87          0.260
  9     142         0.208
  10    140         0.126

Detector: BL_W100_T2.0_D20
Best Detection: 98 mmHg (confidence: 0.500)
Top 10 readings:
  Rank  Pressure    Confidence  
  ------------------------------
  1     98          0.500
  2     94          0.420
  3     149         0.340
  4     119         0.340
  5     91          0.340
  6     144         0.260
  7     114         0.260
  8     87          0.260
  9     142         0.208
  10    140         0.126

Detector: BL_W100_T2.0_D25
Best Detection: 98 mmHg (confidence: 0.500)
Top 10 readings:
  Rank  Pressure    Confidence  
  ------------------------------
  1     98          0.500
  2     94          0.420
  3     148         0.340
  4     119         0.340
  5     91          0.340
  6     144         0.260
  7     114         0.260
  8     87          0.260
  9     140         0.126
  10    137         0.126

Detector: BL_W100_T2.0_D30
Best Detection: 98 mmHg (confidence: 0.500)
Top 10 readings:
  Rank  Pressure    Confidence  
  ------------------------------
  1     98          0.500
  2     94          0.420
  3     119         0.340
  4     91          0.340
  5     144         0.260
  6     114         0.260
  7     87          0.260
  8     140         0.126
  9     137         0.126
  10    110         0.126

Detector: BL_W100_T2.0_D40
Best Detection: 98 mmHg (confidence: 0.500)
Top 10 readings:
  Rank  Pressure    Confidence  
  ------------------------------
  1     98          0.500
  2     94          0.420
  3     119         0.340
  4     91          0.340
  5     143         0.260
  6     114         0.260
  7     87          0.260
  8     140         0.126
  9     137         0.126
  10    110         0.126

Detector: BL_W100_T2.2_D2
Best Detection: 149 mmHg (confidence: 0.340)
Top 10 readings:
  Rank  Pressure    Confidence  
  ------------------------------
  1     149         0.340
  2     144         0.260
  3     119         0.260
  4     87          0.260
  5     140         0.126
  6     137         0.126
  7     114         0.126
  8     83          0.126
  9     80          0.050
  10    135         0.010

Detector: BL_W100_T2.2_D4
Best Detection: 149 mmHg (confidence: 0.340)
Top 10 readings:
  Rank  Pressure    Confidence  
  ------------------------------
  1     149         0.340
  2     144         0.260
  3     119         0.260
  4     87          0.260
  5     140         0.126
  6     137         0.126
  7     114         0.126
  8     83          0.126
  9     80          0.050
  10    135         0.010

Detector: BL_W100_T2.2_D6
Best Detection: 149 mmHg (confidence: 0.340)
Top 10 readings:
  Rank  Pressure    Confidence  
  ------------------------------
  1     149         0.340
  2     144         0.260
  3     119         0.260
  4     87          0.260
  5     140         0.126
  6     137         0.126
  7     114         0.126
  8     83          0.126
  9     80          0.050
  10    135         0.010

Detector: BL_W100_T2.2_D8
Best Detection: 149 mmHg (confidence: 0.340)
Top 10 readings:
  Rank  Pressure    Confidence  
  ------------------------------
  1     149         0.340
  2     144         0.260
  3     142         0.260
  4     119         0.260
  5     87          0.260
  6     140         0.126
  7     137         0.126
  8     114         0.126
  9     83          0.126
  10    80          0.050

Detector: BL_W100_T2.2_D10
Best Detection: 149 mmHg (confidence: 0.340)
Top 10 readings:
  Rank  Pressure    Confidence  
  ------------------------------
  1     149         0.340
  2     147         0.340
  3     144         0.260
  4     119         0.260
  5     87          0.260
  6     140         0.126
  7     137         0.126
  8     114         0.126
  9     83          0.126
  10    80          0.050

Detector: BL_W100_T2.2_D15
Best Detection: 149 mmHg (confidence: 0.340)
Top 10 readings:
  Rank  Pressure    Confidence  
  ------------------------------
  1     149         0.340
  2     144         0.260
  3     119         0.260
  4     87          0.260
  5     142         0.208
  6     140         0.126
  7     137         0.126
  8     114         0.126
  9     83          0.126
  10    80          0.050

Detector: BL_W100_T2.2_D20
Best Detection: 149 mmHg (confidence: 0.340)
Top 10 readings:
  Rank  Pressure    Confidence  
  ------------------------------
  1     149         0.340
  2     144         0.260
  3     119         0.260
  4     87          0.260
  5     142         0.208
  6     140         0.126
  7     137         0.126
  8     114         0.126
  9     83          0.126
  10    80          0.050

Detector: BL_W100_T2.2_D25
Best Detection: 148 mmHg (confidence: 0.340)
Top 10 readings:
  Rank  Pressure    Confidence  
  ------------------------------
  1     148         0.340
  2     144         0.260
  3     119         0.260
  4     87          0.260
  5     140         0.126
  6     137         0.126
  7     114         0.126
  8     83          0.126
  9     80          0.050
  10    135         0.010

Detector: BL_W100_T2.2_D30
Best Detection: 144 mmHg (confidence: 0.260)
Top 10 readings:
  Rank  Pressure    Confidence  
  ------------------------------
  1     144         0.260
  2     119         0.260
  3     87          0.260
  4     140         0.126
  5     137         0.126
  6     114         0.126
  7     83          0.126
  8     80          0.050
  9     135         0.010
  10    132         0.010

Detector: BL_W100_T2.2_D40
Best Detection: 143 mmHg (confidence: 0.260)
Top 10 readings:
  Rank  Pressure    Confidence  
  ------------------------------
  1     143         0.260
  2     119         0.260
  3     87          0.260
  4     140         0.126
  5     137         0.126
  6     114         0.126
  7     83          0.126
  8     80          0.050
  9     135         0.010
  10    132         0.010

Detector: BL_W100_T2.4_D2
Best Detection: 149 mmHg (confidence: 0.340)
Top 10 readings:
  Rank  Pressure    Confidence  
  ------------------------------
  1     149         0.340
  2     144         0.260
  3     140         0.126
  4     137         0.126
  5     94          0.050
  6     135         0.010
  7     132         0.010
  8     110         0.010

Detector: BL_W100_T2.4_D4
Best Detection: 149 mmHg (confidence: 0.340)
Top 10 readings:
  Rank  Pressure    Confidence  
  ------------------------------
  1     149         0.340
  2     144         0.260
  3     140         0.126
  4     137         0.126
  5     94          0.050
  6     135         0.010
  7     132         0.010
  8     110         0.010

Detector: BL_W100_T2.4_D6
Best Detection: 149 mmHg (confidence: 0.340)
Top 10 readings:
  Rank  Pressure    Confidence  
  ------------------------------
  1     149         0.340
  2     144         0.260
  3     140         0.126
  4     137         0.126
  5     94          0.050
  6     135         0.010
  7     132         0.010
  8     110         0.010

Detector: BL_W100_T2.4_D8
Best Detection: 149 mmHg (confidence: 0.340)
Top 10 readings:
  Rank  Pressure    Confidence  
  ------------------------------
  1     149         0.340
  2     144         0.260
  3     142         0.260
  4     140         0.126
  5     137         0.126
  6     94          0.050
  7     135         0.010
  8     132         0.010
  9     110         0.010

Detector: BL_W100_T2.4_D10
Best Detection: 149 mmHg (confidence: 0.340)
Top 10 readings:
  Rank  Pressure    Confidence  
  ------------------------------
  1     149         0.340
  2     147         0.340
  3     144         0.260
  4     140         0.126
  5     137         0.126
  6     94          0.050
  7     135         0.010
  8     132         0.010
  9     110         0.010

Detector: BL_W100_T2.4_D15
Best Detection: 149 mmHg (confidence: 0.340)
Top 10 readings:
  Rank  Pressure    Confidence  
  ------------------------------
  1     149         0.340
  2     144         0.260
  3     142         0.208
  4     140         0.126
  5     137         0.126
  6     94          0.050
  7     135         0.010
  8     132         0.010
  9     110         0.010

Detector: BL_W100_T2.4_D20
Best Detection: 149 mmHg (confidence: 0.340)
Top 10 readings:
  Rank  Pressure    Confidence  
  ------------------------------
  1     149         0.340
  2     144         0.260
  3     142         0.208
  4     140         0.126
  5     137         0.126
  6     94          0.050
  7     135         0.010
  8     132         0.010
  9     110         0.010

Detector: BL_W100_T2.4_D25
Best Detection: 148 mmHg (confidence: 0.340)
Top 10 readings:
  Rank  Pressure    Confidence  
  ------------------------------
  1     148         0.340
  2     144         0.260
  3     140         0.126
  4     137         0.126
  5     94          0.050
  6     135         0.010
  7     132         0.010
  8     110         0.010

Detector: BL_W100_T2.4_D30
Best Detection: 144 mmHg (confidence: 0.260)
Top 10 readings:
  Rank  Pressure    Confidence  
  ------------------------------
  1     144         0.260
  2     140         0.126
  3     137         0.126
  4     94          0.050
  5     135         0.010
  6     132         0.010
  7     110         0.010

Detector: BL_W100_T2.4_D40
Best Detection: 143 mmHg (confidence: 0.260)
Top 10 readings:
  Rank  Pressure    Confidence  
  ------------------------------
  1     143         0.260
  2     140         0.126
  3     137         0.126
  4     94          0.050
  5     135         0.010
  6     132         0.010
  7     110         0.010

Detector: BL_W100_T2.6_D2
Best Detection: 149 mmHg (confidence: 0.340)
Top 10 readings:
  Rank  Pressure    Confidence  
  ------------------------------
  1     149         0.340
  2     144         0.260
  3     140         0.126
  4     137         0.126
  5     132         0.050
  6     135         0.010

Detector: BL_W100_T2.6_D4
Best Detection: 149 mmHg (confidence: 0.340)
Top 10 readings:
  Rank  Pressure    Confidence  
  ------------------------------
  1     149         0.340
  2     144         0.260
  3     140         0.126
  4     137         0.126
  5     132         0.050
  6     135         0.010

Detector: BL_W100_T2.6_D6
Best Detection: 149 mmHg (confidence: 0.340)
Top 10 readings:
  Rank  Pressure    Confidence  
  ------------------------------
  1     149         0.340
  2     144         0.260
  3     140         0.126
  4     137         0.126
  5     132         0.050
  6     135         0.010

Detector: BL_W100_T2.6_D8
Best Detection: 149 mmHg (confidence: 0.340)
Top 10 readings:
  Rank  Pressure    Confidence  
  ------------------------------
  1     149         0.340
  2     144         0.260
  3     142         0.260
  4     140         0.126
  5     137         0.126
  6     132         0.050
  7     135         0.010

Detector: BL_W100_T2.6_D10
Best Detection: 149 mmHg (confidence: 0.340)
Top 10 readings:
  Rank  Pressure    Confidence  
  ------------------------------
  1     149         0.340
  2     147         0.340
  3     144         0.260
  4     140         0.126
  5     137         0.126
  6     132         0.050
  7     135         0.010

Detector: BL_W100_T2.6_D15
Best Detection: 149 mmHg (confidence: 0.340)
Top 10 readings:
  Rank  Pressure    Confidence  
  ------------------------------
  1     149         0.340
  2     144         0.260
  3     142         0.208
  4     140         0.126
  5     137         0.126
  6     132         0.050
  7     135         0.010

Detector: BL_W100_T2.6_D20
Best Detection: 149 mmHg (confidence: 0.340)
Top 10 readings:
  Rank  Pressure    Confidence  
  ------------------------------
  1     149         0.340
  2     144         0.260
  3     142         0.208
  4     140         0.126
  5     137         0.126
  6     132         0.050
  7     135         0.010

Detector: BL_W100_T2.6_D25
Best Detection: 148 mmHg (confidence: 0.340)
Top 10 readings:
  Rank  Pressure    Confidence  
  ------------------------------
  1     148         0.340
  2     144         0.260
  3     140         0.126
  4     137         0.126
  5     132         0.050
  6     135         0.010

Detector: BL_W100_T2.6_D30
Best Detection: 144 mmHg (confidence: 0.260)
Top 10 readings:
  Rank  Pressure    Confidence  
  ------------------------------
  1     144         0.260
  2     140         0.126
  3     137         0.126
  4     132         0.050
  5     135         0.010

Detector: BL_W100_T2.6_D40
Best Detection: 143 mmHg (confidence: 0.260)
Top 10 readings:
  Rank  Pressure    Confidence  
  ------------------------------
  1     143         0.260
  2     140         0.126
  3     137         0.126
  4     132         0.050
  5     135         0.010

Detector: BL_W100_T2.8_D2
Best Detection: 149 mmHg (confidence: 0.340)
Top 10 readings:
  Rank  Pressure    Confidence  
  ------------------------------
  1     149         0.340
  2     144         0.260
  3     140         0.126
  4     137         0.126
  5     135         0.050

Detector: BL_W100_T2.8_D4
Best Detection: 149 mmHg (confidence: 0.340)
Top 10 readings:
  Rank  Pressure    Confidence  
  ------------------------------
  1     149         0.340
  2     144         0.260
  3     140         0.126
  4     137         0.126
  5     135         0.050

Detector: BL_W100_T2.8_D6
Best Detection: 149 mmHg (confidence: 0.340)
Top 10 readings:
  Rank  Pressure    Confidence  
  ------------------------------
  1     149         0.340
  2     144         0.260
  3     140         0.126
  4     137         0.126
  5     135         0.050

Detector: BL_W100_T2.8_D8
Best Detection: 149 mmHg (confidence: 0.340)
Top 10 readings:
  Rank  Pressure    Confidence  
  ------------------------------
  1     149         0.340
  2     144         0.260
  3     140         0.126
  4     137         0.126
  5     135         0.050

Detector: BL_W100_T2.8_D10
Best Detection: 149 mmHg (confidence: 0.340)
Top 10 readings:
  Rank  Pressure    Confidence  
  ------------------------------
  1     149         0.340
  2     147         0.340
  3     144         0.260
  4     140         0.126
  5     137         0.126
  6     135         0.050

Detector: BL_W100_T2.8_D15
Best Detection: 149 mmHg (confidence: 0.340)
Top 10 readings:
  Rank  Pressure    Confidence  
  ------------------------------
  1     149         0.340
  2     144         0.260
  3     142         0.208
  4     140         0.126
  5     137         0.126
  6     135         0.050

Detector: BL_W100_T2.8_D20
Best Detection: 149 mmHg (confidence: 0.340)
Top 10 readings:
  Rank  Pressure    Confidence  
  ------------------------------
  1     149         0.340
  2     144         0.260
  3     142         0.208
  4     140         0.126
  5     137         0.126
  6     135         0.050

Detector: BL_W100_T2.8_D25
Best Detection: 148 mmHg (confidence: 0.340)
Top 10 readings:
  Rank  Pressure    Confidence  
  ------------------------------
  1     148         0.340
  2     144         0.260
  3     140         0.126
  4     137         0.126
  5     135         0.050

Detector: BL_W100_T2.8_D30
Best Detection: 144 mmHg (confidence: 0.260)
Top 10 readings:
  Rank  Pressure    Confidence  
  ------------------------------
  1     144         0.260
  2     140         0.126
  3     137         0.126
  4     135         0.050

Detector: BL_W100_T2.8_D40
Best Detection: 143 mmHg (confidence: 0.260)
Top 10 readings:
  Rank  Pressure    Confidence  
  ------------------------------
  1     143         0.260
  2     140         0.126
  3     137         0.126
  4     135         0.050

Detector: BL_W100_T3.0_D2
Best Detection: 149 mmHg (confidence: 0.340)
Top 10 readings:
  Rank  Pressure    Confidence  
  ------------------------------
  1     149         0.340
  2     144         0.260
  3     140         0.126
  4     137         0.126
  5     135         0.050

Detector: BL_W100_T3.0_D4
Best Detection: 149 mmHg (confidence: 0.340)
Top 10 readings:
  Rank  Pressure    Confidence  
  ------------------------------
  1     149         0.340
  2     144         0.260
  3     140         0.126
  4     137         0.126
  5     135         0.050

Detector: BL_W100_T3.0_D6
Best Detection: 149 mmHg (confidence: 0.340)
Top 10 readings:
  Rank  Pressure    Confidence  
  ------------------------------
  1     149         0.340
  2     144         0.260
  3     140         0.126
  4     137         0.126
  5     135         0.050

Detector: BL_W100_T3.0_D8
Best Detection: 149 mmHg (confidence: 0.340)
Top 10 readings:
  Rank  Pressure    Confidence  
  ------------------------------
  1     149         0.340
  2     144         0.260
  3     140         0.126
  4     137         0.126
  5     135         0.050

Detector: BL_W100_T3.0_D10
Best Detection: 149 mmHg (confidence: 0.340)
Top 10 readings:
  Rank  Pressure    Confidence  
  ------------------------------
  1     149         0.340
  2     147         0.340
  3     144         0.260
  4     140         0.126
  5     137         0.126
  6     135         0.050

Detector: BL_W100_T3.0_D15
Best Detection: 149 mmHg (confidence: 0.340)
Top 10 readings:
  Rank  Pressure    Confidence  
  ------------------------------
  1     149         0.340
  2     144         0.260
  3     142         0.208
  4     140         0.126
  5     137         0.126
  6     135         0.050

Detector: BL_W100_T3.0_D20
Best Detection: 149 mmHg (confidence: 0.340)
Top 10 readings:
  Rank  Pressure    Confidence  
  ------------------------------
  1     149         0.340
  2     144         0.260
  3     142         0.208
  4     140         0.126
  5     137         0.126
  6     135         0.050

Detector: BL_W100_T3.0_D25
Best Detection: 148 mmHg (confidence: 0.340)
Top 10 readings:
  Rank  Pressure    Confidence  
  ------------------------------
  1     148         0.340
  2     144         0.260
  3     140         0.126
  4     137         0.126
  5     135         0.050

Detector: BL_W100_T3.0_D30
Best Detection: 144 mmHg (confidence: 0.260)
Top 10 readings:
  Rank  Pressure    Confidence  
  ------------------------------
  1     144         0.260
  2     140         0.126
  3     137         0.126
  4     135         0.050

Detector: BL_W100_T3.0_D40
Best Detection: 143 mmHg (confidence: 0.260)
Top 10 readings:
  Rank  Pressure    Confidence  
  ------------------------------
  1     143         0.260
  2     140         0.126
  3     137         0.126
  4     135         0.050

Detector: BL_W110_T1.0_D2
Best Detection: 124 mmHg (confidence: 0.980)
Top 10 readings:
  Rank  Pressure    Confidence  
  ------------------------------
  1     124         0.980
  2     120         0.900
  3     116         0.820
  4     111         0.740
  5     106         0.660
  6     102         0.580
  7     98          0.500
  8     95          0.420
  9     149         0.340
  10    147         0.340

Detector: BL_W110_T1.0_D4
Best Detection: 124 mmHg (confidence: 0.980)
Top 10 readings:
  Rank  Pressure    Confidence  
  ------------------------------
  1     124         0.980
  2     120         0.900
  3     116         0.820
  4     111         0.740
  5     106         0.660
  6     102         0.580
  7     98          0.500
  8     95          0.420
  9     149         0.340
  10    147         0.340

Detector: BL_W110_T1.0_D6
Best Detection: 124 mmHg (confidence: 0.980)
Top 10 readings:
  Rank  Pressure    Confidence  
  ------------------------------
  1     124         0.980
  2     120         0.900
  3     116         0.820
  4     111         0.740
  5     106         0.660
  6     102         0.580
  7     98          0.500
  8     95          0.420
  9     149         0.340
  10    147         0.340

Detector: BL_W110_T1.0_D8
Best Detection: 124 mmHg (confidence: 0.980)
Top 10 readings:
  Rank  Pressure    Confidence  
  ------------------------------
  1     124         0.980
  2     120         0.900
  3     116         0.820
  4     111         0.740
  5     106         0.660
  6     102         0.580
  7     98          0.500
  8     95          0.420
  9     149         0.340
  10    147         0.340

Detector: BL_W110_T1.0_D10
Best Detection: 124 mmHg (confidence: 0.980)
Top 10 readings:
  Rank  Pressure    Confidence  
  ------------------------------
  1     124         0.980
  2     120         0.900
  3     116         0.820
  4     111         0.740
  5     106         0.660
  6     102         0.580
  7     98          0.500
  8     95          0.420
  9     149         0.340
  10    147         0.340

Detector: BL_W110_T1.0_D15
Best Detection: 124 mmHg (confidence: 0.980)
Top 10 readings:
  Rank  Pressure    Confidence  
  ------------------------------
  1     124         0.980
  2     120         0.900
  3     116         0.820
  4     111         0.740
  5     106         0.660
  6     102         0.580
  7     98          0.500
  8     95          0.420
  9     149         0.340
  10    91          0.340

Detector: BL_W110_T1.0_D20
Best Detection: 124 mmHg (confidence: 0.980)
Top 10 readings:
  Rank  Pressure    Confidence  
  ------------------------------
  1     124         0.980
  2     120         0.900
  3     116         0.820
  4     111         0.740
  5     106         0.660
  6     102         0.580
  7     98          0.500
  8     95          0.420
  9     149         0.340
  10    91          0.340

Detector: BL_W110_T1.0_D25
Best Detection: 124 mmHg (confidence: 0.980)
Top 10 readings:
  Rank  Pressure    Confidence  
  ------------------------------
  1     124         0.980
  2     120         0.900
  3     116         0.820
  4     111         0.740
  5     106         0.660
  6     102         0.580
  7     98          0.500
  8     95          0.420
  9     148         0.340
  10    91          0.340

Detector: BL_W110_T1.0_D30
Best Detection: 124 mmHg (confidence: 0.980)
Top 10 readings:
  Rank  Pressure    Confidence  
  ------------------------------
  1     124         0.980
  2     120         0.900
  3     116         0.820
  4     111         0.740
  5     106         0.660
  6     102         0.580
  7     98          0.500
  8     95          0.420
  9     91          0.340
  10    144         0.260

Detector: BL_W110_T1.0_D40
Best Detection: 124 mmHg (confidence: 0.980)
Top 10 readings:
  Rank  Pressure    Confidence  
  ------------------------------
  1     124         0.980
  2     120         0.900
  3     116         0.820
  4     111         0.740
  5     106         0.660
  6     102         0.580
  7     98          0.500
  8     95          0.420
  9     91          0.340
  10    143         0.260

Detector: BL_W110_T1.2_D2
Best Detection: 124 mmHg (confidence: 0.980)
Top 10 readings:
  Rank  Pressure    Confidence  
  ------------------------------
  1     124         0.980
  2     120         0.900
  3     115         0.820
  4     111         0.740
  5     106         0.660
  6     102         0.580
  7     98          0.500
  8     95          0.420
  9     149         0.340
  10    147         0.340

Detector: BL_W110_T1.2_D4
Best Detection: 124 mmHg (confidence: 0.980)
Top 10 readings:
  Rank  Pressure    Confidence  
  ------------------------------
  1     124         0.980
  2     120         0.900
  3     115         0.820
  4     111         0.740
  5     106         0.660
  6     102         0.580
  7     98          0.500
  8     95          0.420
  9     149         0.340
  10    147         0.340

Detector: BL_W110_T1.2_D6
Best Detection: 124 mmHg (confidence: 0.980)
Top 10 readings:
  Rank  Pressure    Confidence  
  ------------------------------
  1     124         0.980
  2     120         0.900
  3     115         0.820
  4     111         0.740
  5     106         0.660
  6     102         0.580
  7     98          0.500
  8     95          0.420
  9     149         0.340
  10    147         0.340

Detector: BL_W110_T1.2_D8
Best Detection: 124 mmHg (confidence: 0.980)
Top 10 readings:
  Rank  Pressure    Confidence  
  ------------------------------
  1     124         0.980
  2     120         0.900
  3     115         0.820
  4     111         0.740
  5     106         0.660
  6     102         0.580
  7     98          0.500
  8     95          0.420
  9     149         0.340
  10    147         0.340

Detector: BL_W110_T1.2_D10
Best Detection: 124 mmHg (confidence: 0.980)
Top 10 readings:
  Rank  Pressure    Confidence  
  ------------------------------
  1     124         0.980
  2     120         0.900
  3     115         0.820
  4     111         0.740
  5     106         0.660
  6     102         0.580
  7     98          0.500
  8     95          0.420
  9     149         0.340
  10    147         0.340

Detector: BL_W110_T1.2_D15
Best Detection: 124 mmHg (confidence: 0.980)
Top 10 readings:
  Rank  Pressure    Confidence  
  ------------------------------
  1     124         0.980
  2     120         0.900
  3     115         0.820
  4     111         0.740
  5     106         0.660
  6     102         0.580
  7     98          0.500
  8     95          0.420
  9     149         0.340
  10    91          0.340

Detector: BL_W110_T1.2_D20
Best Detection: 124 mmHg (confidence: 0.980)
Top 10 readings:
  Rank  Pressure    Confidence  
  ------------------------------
  1     124         0.980
  2     120         0.900
  3     115         0.820
  4     111         0.740
  5     106         0.660
  6     102         0.580
  7     98          0.500
  8     95          0.420
  9     149         0.340
  10    91          0.340

Detector: BL_W110_T1.2_D25
Best Detection: 124 mmHg (confidence: 0.980)
Top 10 readings:
  Rank  Pressure    Confidence  
  ------------------------------
  1     124         0.980
  2     120         0.900
  3     115         0.820
  4     111         0.740
  5     106         0.660
  6     102         0.580
  7     98          0.500
  8     95          0.420
  9     148         0.340
  10    91          0.340

Detector: BL_W110_T1.2_D30
Best Detection: 124 mmHg (confidence: 0.980)
Top 10 readings:
  Rank  Pressure    Confidence  
  ------------------------------
  1     124         0.980
  2     120         0.900
  3     115         0.820
  4     111         0.740
  5     106         0.660
  6     102         0.580
  7     98          0.500
  8     95          0.420
  9     91          0.340
  10    144         0.260

Detector: BL_W110_T1.2_D40
Best Detection: 124 mmHg (confidence: 0.980)
Top 10 readings:
  Rank  Pressure    Confidence  
  ------------------------------
  1     124         0.980
  2     120         0.900
  3     115         0.820
  4     111         0.740
  5     106         0.660
  6     102         0.580
  7     98          0.500
  8     95          0.420
  9     91          0.340
  10    143         0.260

Detector: BL_W110_T1.4_D2
Best Detection: 124 mmHg (confidence: 0.980)
Top 10 readings:
  Rank  Pressure    Confidence  
  ------------------------------
  1     124         0.980
  2     120         0.900
  3     115         0.820
  4     110         0.740
  5     106         0.660
  6     102         0.580
  7     98          0.500
  8     95          0.420
  9     149         0.340
  10    91          0.340

Detector: BL_W110_T1.4_D4
Best Detection: 124 mmHg (confidence: 0.980)
Top 10 readings:
  Rank  Pressure    Confidence  
  ------------------------------
  1     124         0.980
  2     120         0.900
  3     115         0.820
  4     110         0.740
  5     106         0.660
  6     102         0.580
  7     98          0.500
  8     95          0.420
  9     149         0.340
  10    91          0.340

Detector: BL_W110_T1.4_D6
Best Detection: 124 mmHg (confidence: 0.980)
Top 10 readings:
  Rank  Pressure    Confidence  
  ------------------------------
  1     124         0.980
  2     120         0.900
  3     115         0.820
  4     110         0.740
  5     106         0.660
  6     102         0.580
  7     98          0.500
  8     95          0.420
  9     149         0.340
  10    91          0.340

Detector: BL_W110_T1.4_D8
Best Detection: 124 mmHg (confidence: 0.980)
Top 10 readings:
  Rank  Pressure    Confidence  
  ------------------------------
  1     124         0.980
  2     120         0.900
  3     115         0.820
  4     110         0.740
  5     106         0.660
  6     102         0.580
  7     98          0.500
  8     95          0.420
  9     149         0.340
  10    91          0.340

Detector: BL_W110_T1.4_D10
Best Detection: 124 mmHg (confidence: 0.980)
Top 10 readings:
  Rank  Pressure    Confidence  
  ------------------------------
  1     124         0.980
  2     120         0.900
  3     115         0.820
  4     110         0.740
  5     106         0.660
  6     102         0.580
  7     98          0.500
  8     95          0.420
  9     149         0.340
  10    147         0.340

Detector: BL_W110_T1.4_D15
Best Detection: 124 mmHg (confidence: 0.980)
Top 10 readings:
  Rank  Pressure    Confidence  
  ------------------------------
  1     124         0.980
  2     120         0.900
  3     115         0.820
  4     110         0.740
  5     106         0.660
  6     102         0.580
  7     98          0.500
  8     95          0.420
  9     149         0.340
  10    91          0.340

Detector: BL_W110_T1.4_D20
Best Detection: 124 mmHg (confidence: 0.980)
Top 10 readings:
  Rank  Pressure    Confidence  
  ------------------------------
  1     124         0.980
  2     120         0.900
  3     115         0.820
  4     110         0.740
  5     106         0.660
  6     102         0.580
  7     98          0.500
  8     95          0.420
  9     149         0.340
  10    91          0.340

Detector: BL_W110_T1.4_D25
Best Detection: 124 mmHg (confidence: 0.980)
Top 10 readings:
  Rank  Pressure    Confidence  
  ------------------------------
  1     124         0.980
  2     120         0.900
  3     115         0.820
  4     110         0.740
  5     106         0.660
  6     102         0.580
  7     98          0.500
  8     95          0.420
  9     148         0.340
  10    91          0.340

Detector: BL_W110_T1.4_D30
Best Detection: 124 mmHg (confidence: 0.980)
Top 10 readings:
  Rank  Pressure    Confidence  
  ------------------------------
  1     124         0.980
  2     120         0.900
  3     115         0.820
  4     110         0.740
  5     106         0.660
  6     102         0.580
  7     98          0.500
  8     95          0.420
  9     91          0.340
  10    144         0.260

Detector: BL_W110_T1.4_D40
Best Detection: 124 mmHg (confidence: 0.980)
Top 10 readings:
  Rank  Pressure    Confidence  
  ------------------------------
  1     124         0.980
  2     120         0.900
  3     115         0.820
  4     110         0.740
  5     106         0.660
  6     102         0.580
  7     98          0.500
  8     95          0.420
  9     91          0.340
  10    143         0.260

Detector: BL_W110_T1.6_D2
Best Detection: 124 mmHg (confidence: 0.980)
Top 10 readings:
  Rank  Pressure    Confidence  
  ------------------------------
  1     124         0.980
  2     120         0.900
  3     114         0.820
  4     110         0.740
  5     106         0.660
  6     102         0.580
  7     98          0.500
  8     94          0.420
  9     149         0.340
  10    91          0.340

Detector: BL_W110_T1.6_D4
Best Detection: 124 mmHg (confidence: 0.980)
Top 10 readings:
  Rank  Pressure    Confidence  
  ------------------------------
  1     124         0.980
  2     120         0.900
  3     114         0.820
  4     110         0.740
  5     106         0.660
  6     102         0.580
  7     98          0.500
  8     94          0.420
  9     149         0.340
  10    91          0.340

Detector: BL_W110_T1.6_D6
Best Detection: 124 mmHg (confidence: 0.980)
Top 10 readings:
  Rank  Pressure    Confidence  
  ------------------------------
  1     124         0.980
  2     120         0.900
  3     114         0.820
  4     110         0.740
  5     106         0.660
  6     102         0.580
  7     98          0.500
  8     94          0.420
  9     149         0.340
  10    91          0.340

Detector: BL_W110_T1.6_D8
Best Detection: 124 mmHg (confidence: 0.980)
Top 10 readings:
  Rank  Pressure    Confidence  
  ------------------------------
  1     124         0.980
  2     120         0.900
  3     114         0.820
  4     110         0.740
  5     106         0.660
  6     102         0.580
  7     98          0.500
  8     94          0.420
  9     149         0.340
  10    91          0.340

Detector: BL_W110_T1.6_D10
Best Detection: 124 mmHg (confidence: 0.980)
Top 10 readings:
  Rank  Pressure    Confidence  
  ------------------------------
  1     124         0.980
  2     120         0.900
  3     114         0.820
  4     110         0.740
  5     106         0.660
  6     102         0.580
  7     98          0.500
  8     94          0.420
  9     149         0.340
  10    147         0.340

Detector: BL_W110_T1.6_D15
Best Detection: 124 mmHg (confidence: 0.980)
Top 10 readings:
  Rank  Pressure    Confidence  
  ------------------------------
  1     124         0.980
  2     120         0.900
  3     114         0.820
  4     110         0.740
  5     106         0.660
  6     102         0.580
  7     98          0.500
  8     94          0.420
  9     149         0.340
  10    91          0.340

Detector: BL_W110_T1.6_D20
Best Detection: 124 mmHg (confidence: 0.980)
Top 10 readings:
  Rank  Pressure    Confidence  
  ------------------------------
  1     124         0.980
  2     120         0.900
  3     114         0.820
  4     110         0.740
  5     106         0.660
  6     102         0.580
  7     98          0.500
  8     94          0.420
  9     149         0.340
  10    91          0.340

Detector: BL_W110_T1.6_D25
Best Detection: 124 mmHg (confidence: 0.980)
Top 10 readings:
  Rank  Pressure    Confidence  
  ------------------------------
  1     124         0.980
  2     120         0.900
  3     114         0.820
  4     110         0.740
  5     106         0.660
  6     102         0.580
  7     98          0.500
  8     94          0.420
  9     148         0.340
  10    91          0.340

Detector: BL_W110_T1.6_D30
Best Detection: 124 mmHg (confidence: 0.980)
Top 10 readings:
  Rank  Pressure    Confidence  
  ------------------------------
  1     124         0.980
  2     120         0.900
  3     114         0.820
  4     110         0.740
  5     106         0.660
  6     102         0.580
  7     98          0.500
  8     94          0.420
  9     91          0.340
  10    144         0.260

Detector: BL_W110_T1.6_D40
Best Detection: 124 mmHg (confidence: 0.980)
Top 10 readings:
  Rank  Pressure    Confidence  
  ------------------------------
  1     124         0.980
  2     120         0.900
  3     114         0.820
  4     110         0.740
  5     106         0.660
  6     102         0.580
  7     98          0.500
  8     94          0.420
  9     91          0.340
  10    143         0.260

Detector: BL_W110_T1.8_D2
Best Detection: 98 mmHg (confidence: 0.500)
Top 10 readings:
  Rank  Pressure    Confidence  
  ------------------------------
  1     98          0.500
  2     124         0.420
  3     94          0.420
  4     149         0.340
  5     120         0.340
  6     91          0.340
  7     144         0.260
  8     114         0.260
  9     87          0.260
  10    142         0.208

Detector: BL_W110_T1.8_D4
Best Detection: 98 mmHg (confidence: 0.500)
Top 10 readings:
  Rank  Pressure    Confidence  
  ------------------------------
  1     98          0.500
  2     124         0.420
  3     94          0.420
  4     149         0.340
  5     120         0.340
  6     91          0.340
  7     144         0.260
  8     114         0.260
  9     87          0.260
  10    142         0.208

Detector: BL_W110_T1.8_D6
Best Detection: 98 mmHg (confidence: 0.500)
Top 10 readings:
  Rank  Pressure    Confidence  
  ------------------------------
  1     98          0.500
  2     124         0.420
  3     94          0.420
  4     149         0.340
  5     120         0.340
  6     91          0.340
  7     144         0.260
  8     114         0.260
  9     87          0.260
  10    142         0.208

Detector: BL_W110_T1.8_D8
Best Detection: 98 mmHg (confidence: 0.500)
Top 10 readings:
  Rank  Pressure    Confidence  
  ------------------------------
  1     98          0.500
  2     124         0.420
  3     94          0.420
  4     149         0.340
  5     120         0.340
  6     91          0.340
  7     144         0.260
  8     114         0.260
  9     87          0.260
  10    142         0.208

Detector: BL_W110_T1.8_D10
Best Detection: 98 mmHg (confidence: 0.500)
Top 10 readings:
  Rank  Pressure    Confidence  
  ------------------------------
  1     98          0.500
  2     124         0.420
  3     94          0.420
  4     149         0.340
  5     147         0.340
  6     120         0.340
  7     91          0.340
  8     144         0.260
  9     114         0.260
  10    87          0.260

Detector: BL_W110_T1.8_D15
Best Detection: 98 mmHg (confidence: 0.500)
Top 10 readings:
  Rank  Pressure    Confidence  
  ------------------------------
  1     98          0.500
  2     124         0.420
  3     94          0.420
  4     149         0.340
  5     120         0.340
  6     91          0.340
  7     144         0.260
  8     114         0.260
  9     87          0.260
  10    142         0.208

Detector: BL_W110_T1.8_D20
Best Detection: 98 mmHg (confidence: 0.500)
Top 10 readings:
  Rank  Pressure    Confidence  
  ------------------------------
  1     98          0.500
  2     124         0.420
  3     94          0.420
  4     149         0.340
  5     120         0.340
  6     91          0.340
  7     144         0.260
  8     114         0.260
  9     87          0.260
  10    142         0.208

Detector: BL_W110_T1.8_D25
Best Detection: 98 mmHg (confidence: 0.500)
Top 10 readings:
  Rank  Pressure    Confidence  
  ------------------------------
  1     98          0.500
  2     124         0.420
  3     94          0.420
  4     148         0.340
  5     120         0.340
  6     91          0.340
  7     144         0.260
  8     114         0.260
  9     87          0.260
  10    140         0.126

Detector: BL_W110_T1.8_D30
Best Detection: 98 mmHg (confidence: 0.500)
Top 10 readings:
  Rank  Pressure    Confidence  
  ------------------------------
  1     98          0.500
  2     124         0.420
  3     94          0.420
  4     120         0.340
  5     91          0.340
  6     144         0.260
  7     114         0.260
  8     87          0.260
  9     140         0.126
  10    137         0.126

Detector: BL_W110_T1.8_D40
Best Detection: 98 mmHg (confidence: 0.500)
Top 10 readings:
  Rank  Pressure    Confidence  
  ------------------------------
  1     98          0.500
  2     124         0.420
  3     94          0.420
  4     120         0.340
  5     91          0.340
  6     143         0.260
  7     114         0.260
  8     87          0.260
  9     140         0.126
  10    137         0.126

Detector: BL_W110_T2.0_D2
Best Detection: 94 mmHg (confidence: 0.420)
Top 10 readings:
  Rank  Pressure    Confidence  
  ------------------------------
  1     94          0.420
  2     149         0.340
  3     119         0.340
  4     91          0.340
  5     144         0.260
  6     114         0.260
  7     87          0.260
  8     140         0.126
  9     137         0.126
  10    110         0.126

Detector: BL_W110_T2.0_D4
Best Detection: 94 mmHg (confidence: 0.420)
Top 10 readings:
  Rank  Pressure    Confidence  
  ------------------------------
  1     94          0.420
  2     149         0.340
  3     119         0.340
  4     91          0.340
  5     144         0.260
  6     114         0.260
  7     87          0.260
  8     140         0.126
  9     137         0.126
  10    110         0.126

Detector: BL_W110_T2.0_D6
Best Detection: 94 mmHg (confidence: 0.420)
Top 10 readings:
  Rank  Pressure    Confidence  
  ------------------------------
  1     94          0.420
  2     149         0.340
  3     119         0.340
  4     91          0.340
  5     144         0.260
  6     114         0.260
  7     87          0.260
  8     140         0.126
  9     137         0.126
  10    110         0.126

Detector: BL_W110_T2.0_D8
Best Detection: 94 mmHg (confidence: 0.420)
Top 10 readings:
  Rank  Pressure    Confidence  
  ------------------------------
  1     94          0.420
  2     149         0.340
  3     119         0.340
  4     91          0.340
  5     144         0.260
  6     114         0.260
  7     87          0.260
  8     140         0.126
  9     137         0.126
  10    110         0.126

Detector: BL_W110_T2.0_D10
Best Detection: 94 mmHg (confidence: 0.420)
Top 10 readings:
  Rank  Pressure    Confidence  
  ------------------------------
  1     94          0.420
  2     149         0.340
  3     147         0.340
  4     119         0.340
  5     91          0.340
  6     144         0.260
  7     114         0.260
  8     87          0.260
  9     140         0.126
  10    137         0.126

Detector: BL_W110_T2.0_D15
Best Detection: 94 mmHg (confidence: 0.420)
Top 10 readings:
  Rank  Pressure    Confidence  
  ------------------------------
  1     94          0.420
  2     149         0.340
  3     119         0.340
  4     91          0.340
  5     144         0.260
  6     114         0.260
  7     87          0.260
  8     142         0.208
  9     140         0.126
  10    137         0.126

Detector: BL_W110_T2.0_D20
Best Detection: 94 mmHg (confidence: 0.420)
Top 10 readings:
  Rank  Pressure    Confidence  
  ------------------------------
  1     94          0.420
  2     149         0.340
  3     119         0.340
  4     91          0.340
  5     144         0.260
  6     114         0.260
  7     87          0.260
  8     142         0.208
  9     140         0.126
  10    137         0.126

Detector: BL_W110_T2.0_D25
Best Detection: 94 mmHg (confidence: 0.420)
Top 10 readings:
  Rank  Pressure    Confidence  
  ------------------------------
  1     94          0.420
  2     148         0.340
  3     119         0.340
  4     91          0.340
  5     144         0.260
  6     114         0.260
  7     87          0.260
  8     140         0.126
  9     137         0.126
  10    110         0.126

Detector: BL_W110_T2.0_D30
Best Detection: 94 mmHg (confidence: 0.420)
Top 10 readings:
  Rank  Pressure    Confidence  
  ------------------------------
  1     94          0.420
  2     119         0.340
  3     91          0.340
  4     144         0.260
  5     114         0.260
  6     87          0.260
  7     140         0.126
  8     137         0.126
  9     110         0.126
  10    83          0.126

Detector: BL_W110_T2.0_D40
Best Detection: 94 mmHg (confidence: 0.420)
Top 10 readings:
  Rank  Pressure    Confidence  
  ------------------------------
  1     94          0.420
  2     119         0.340
  3     91          0.340
  4     143         0.260
  5     114         0.260
  6     87          0.260
  7     140         0.126
  8     137         0.126
  9     110         0.126
  10    83          0.126

Detector: BL_W110_T2.2_D2
Best Detection: 149 mmHg (confidence: 0.340)
Top 10 readings:
  Rank  Pressure    Confidence  
  ------------------------------
  1     149         0.340
  2     144         0.260
  3     140         0.126
  4     137         0.126
  5     119         0.126
  6     87          0.126
  7     83          0.050
  8     135         0.010
  9     132         0.010
  10    114         0.010

Detector: BL_W110_T2.2_D4
Best Detection: 149 mmHg (confidence: 0.340)
Top 10 readings:
  Rank  Pressure    Confidence  
  ------------------------------
  1     149         0.340
  2     144         0.260
  3     140         0.126
  4     137         0.126
  5     119         0.126
  6     87          0.126
  7     83          0.050
  8     135         0.010
  9     132         0.010
  10    114         0.010

Detector: BL_W110_T2.2_D6
Best Detection: 149 mmHg (confidence: 0.340)
Top 10 readings:
  Rank  Pressure    Confidence  
  ------------------------------
  1     149         0.340
  2     144         0.260
  3     140         0.126
  4     137         0.126
  5     119         0.126
  6     87          0.126
  7     83          0.050
  8     135         0.010
  9     132         0.010
  10    114         0.010

Detector: BL_W110_T2.2_D8
Best Detection: 149 mmHg (confidence: 0.340)
Top 10 readings:
  Rank  Pressure    Confidence  
  ------------------------------
  1     149         0.340
  2     144         0.260
  3     140         0.126
  4     137         0.126
  5     119         0.126
  6     87          0.126
  7     83          0.050
  8     135         0.010
  9     132         0.010
  10    114         0.010

Detector: BL_W110_T2.2_D10
Best Detection: 149 mmHg (confidence: 0.340)
Top 10 readings:
  Rank  Pressure    Confidence  
  ------------------------------
  1     149         0.340
  2     147         0.340
  3     144         0.260
  4     140         0.126
  5     137         0.126
  6     119         0.126
  7     87          0.126
  8     83          0.050
  9     135         0.010
  10    132         0.010

Detector: BL_W110_T2.2_D15
Best Detection: 149 mmHg (confidence: 0.340)
Top 10 readings:
  Rank  Pressure    Confidence  
  ------------------------------
  1     149         0.340
  2     144         0.260
  3     142         0.208
  4     140         0.126
  5     137         0.126
  6     119         0.126
  7     87          0.126
  8     83          0.050
  9     135         0.010
  10    132         0.010

Detector: BL_W110_T2.2_D20
Best Detection: 149 mmHg (confidence: 0.340)
Top 10 readings:
  Rank  Pressure    Confidence  
  ------------------------------
  1     149         0.340
  2     144         0.260
  3     142         0.208
  4     140         0.126
  5     137         0.126
  6     119         0.126
  7     87          0.126
  8     83          0.050
  9     135         0.010
  10    132         0.010

Detector: BL_W110_T2.2_D25
Best Detection: 148 mmHg (confidence: 0.340)
Top 10 readings:
  Rank  Pressure    Confidence  
  ------------------------------
  1     148         0.340
  2     144         0.260
  3     140         0.126
  4     137         0.126
  5     119         0.126
  6     87          0.126
  7     83          0.050
  8     135         0.010
  9     132         0.010
  10    114         0.010

Detector: BL_W110_T2.2_D30
Best Detection: 144 mmHg (confidence: 0.260)
Top 10 readings:
  Rank  Pressure    Confidence  
  ------------------------------
  1     144         0.260
  2     140         0.126
  3     137         0.126
  4     119         0.126
  5     87          0.126
  6     83          0.050
  7     135         0.010
  8     132         0.010
  9     114         0.010
  10    106         0.010

Detector: BL_W110_T2.2_D40
Best Detection: 143 mmHg (confidence: 0.260)
Top 10 readings:
  Rank  Pressure    Confidence  
  ------------------------------
  1     143         0.260
  2     140         0.126
  3     137         0.126
  4     119         0.126
  5     87          0.126
  6     83          0.050
  7     135         0.010
  8     132         0.010
  9     114         0.010
  10    106         0.010

Detector: BL_W110_T2.4_D2
Best Detection: 149 mmHg (confidence: 0.340)
Top 10 readings:
  Rank  Pressure    Confidence  
  ------------------------------
  1     149         0.340
  2     144         0.260
  3     140         0.126
  4     137         0.126
  5     87          0.050
  6     135         0.010
  7     132         0.010
  8     94          0.010

Detector: BL_W110_T2.4_D4
Best Detection: 149 mmHg (confidence: 0.340)
Top 10 readings:
  Rank  Pressure    Confidence  
  ------------------------------
  1     149         0.340
  2     144         0.260
  3     140         0.126
  4     137         0.126
  5     87          0.050
  6     135         0.010
  7     132         0.010
  8     94          0.010

Detector: BL_W110_T2.4_D6
Best Detection: 149 mmHg (confidence: 0.340)
Top 10 readings:
  Rank  Pressure    Confidence  
  ------------------------------
  1     149         0.340
  2     144         0.260
  3     140         0.126
  4     137         0.126
  5     87          0.050
  6     135         0.010
  7     132         0.010
  8     94          0.010

Detector: BL_W110_T2.4_D8
Best Detection: 149 mmHg (confidence: 0.340)
Top 10 readings:
  Rank  Pressure    Confidence  
  ------------------------------
  1     149         0.340
  2     144         0.260
  3     140         0.126
  4     137         0.126
  5     87          0.050
  6     135         0.010
  7     132         0.010
  8     94          0.010

Detector: BL_W110_T2.4_D10
Best Detection: 149 mmHg (confidence: 0.340)
Top 10 readings:
  Rank  Pressure    Confidence  
  ------------------------------
  1     149         0.340
  2     147         0.340
  3     144         0.260
  4     140         0.126
  5     137         0.126
  6     87          0.050
  7     135         0.010
  8     132         0.010
  9     94          0.010

Detector: BL_W110_T2.4_D15
Best Detection: 149 mmHg (confidence: 0.340)
Top 10 readings:
  Rank  Pressure    Confidence  
  ------------------------------
  1     149         0.340
  2     144         0.260
  3     142         0.208
  4     140         0.126
  5     137         0.126
  6     87          0.050
  7     135         0.010
  8     132         0.010
  9     94          0.010

Detector: BL_W110_T2.4_D20
Best Detection: 149 mmHg (confidence: 0.340)
Top 10 readings:
  Rank  Pressure    Confidence  
  ------------------------------
  1     149         0.340
  2     144         0.260
  3     142         0.208
  4     140         0.126
  5     137         0.126
  6     87          0.050
  7     135         0.010
  8     132         0.010
  9     94          0.010

Detector: BL_W110_T2.4_D25
Best Detection: 148 mmHg (confidence: 0.340)
Top 10 readings:
  Rank  Pressure    Confidence  
  ------------------------------
  1     148         0.340
  2     144         0.260
  3     140         0.126
  4     137         0.126
  5     87          0.050
  6     135         0.010
  7     132         0.010
  8     94          0.010

Detector: BL_W110_T2.4_D30
Best Detection: 144 mmHg (confidence: 0.260)
Top 10 readings:
  Rank  Pressure    Confidence  
  ------------------------------
  1     144         0.260
  2     140         0.126
  3     137         0.126
  4     87          0.050
  5     135         0.010
  6     132         0.010
  7     94          0.010

Detector: BL_W110_T2.4_D40
Best Detection: 143 mmHg (confidence: 0.260)
Top 10 readings:
  Rank  Pressure    Confidence  
  ------------------------------
  1     143         0.260
  2     140         0.126
  3     137         0.126
  4     87          0.050
  5     135         0.010
  6     132         0.010
  7     94          0.010

Detector: BL_W110_T2.6_D2
Best Detection: 149 mmHg (confidence: 0.340)
Top 10 readings:
  Rank  Pressure    Confidence  
  ------------------------------
  1     149         0.340
  2     144         0.260
  3     140         0.126
  4     137         0.126
  5     132         0.050
  6     135         0.010

Detector: BL_W110_T2.6_D4
Best Detection: 149 mmHg (confidence: 0.340)
Top 10 readings:
  Rank  Pressure    Confidence  
  ------------------------------
  1     149         0.340
  2     144         0.260
  3     140         0.126
  4     137         0.126
  5     132         0.050
  6     135         0.010

Detector: BL_W110_T2.6_D6
Best Detection: 149 mmHg (confidence: 0.340)
Top 10 readings:
  Rank  Pressure    Confidence  
  ------------------------------
  1     149         0.340
  2     144         0.260
  3     140         0.126
  4     137         0.126
  5     132         0.050
  6     135         0.010

Detector: BL_W110_T2.6_D8
Best Detection: 149 mmHg (confidence: 0.340)
Top 10 readings:
  Rank  Pressure    Confidence  
  ------------------------------
  1     149         0.340
  2     144         0.260
  3     140         0.126
  4     137         0.126
  5     132         0.050
  6     135         0.010

Detector: BL_W110_T2.6_D10
Best Detection: 149 mmHg (confidence: 0.340)
Top 10 readings:
  Rank  Pressure    Confidence  
  ------------------------------
  1     149         0.340
  2     147         0.340
  3     144         0.260
  4     140         0.126
  5     137         0.126
  6     132         0.050
  7     135         0.010

Detector: BL_W110_T2.6_D15
Best Detection: 149 mmHg (confidence: 0.340)
Top 10 readings:
  Rank  Pressure    Confidence  
  ------------------------------
  1     149         0.340
  2     144         0.260
  3     142         0.208
  4     140         0.126
  5     137         0.126
  6     132         0.050
  7     135         0.010

Detector: BL_W110_T2.6_D20
Best Detection: 149 mmHg (confidence: 0.340)
Top 10 readings:
  Rank  Pressure    Confidence  
  ------------------------------
  1     149         0.340
  2     144         0.260
  3     142         0.208
  4     140         0.126
  5     137         0.126
  6     132         0.050
  7     135         0.010

Detector: BL_W110_T2.6_D25
Best Detection: 148 mmHg (confidence: 0.340)
Top 10 readings:
  Rank  Pressure    Confidence  
  ------------------------------
  1     148         0.340
  2     144         0.260
  3     140         0.126
  4     137         0.126
  5     132         0.050
  6     135         0.010

Detector: BL_W110_T2.6_D30
Best Detection: 144 mmHg (confidence: 0.260)
Top 10 readings:
  Rank  Pressure    Confidence  
  ------------------------------
  1     144         0.260
  2     140         0.126
  3     137         0.126
  4     132         0.050
  5     135         0.010

Detector: BL_W110_T2.6_D40
Best Detection: 143 mmHg (confidence: 0.260)
Top 10 readings:
  Rank  Pressure    Confidence  
  ------------------------------
  1     143         0.260
  2     140         0.126
  3     137         0.126
  4     132         0.050
  5     135         0.010

Detector: BL_W110_T2.8_D2
Best Detection: 148 mmHg (confidence: 0.340)
Top 10 readings:
  Rank  Pressure    Confidence  
  ------------------------------
  1     148         0.340
  2     144         0.260
  3     140         0.126
  4     137         0.126
  5     135         0.050

Detector: BL_W110_T2.8_D4
Best Detection: 148 mmHg (confidence: 0.340)
Top 10 readings:
  Rank  Pressure    Confidence  
  ------------------------------
  1     148         0.340
  2     144         0.260
  3     140         0.126
  4     137         0.126
  5     135         0.050

Detector: BL_W110_T2.8_D6
Best Detection: 148 mmHg (confidence: 0.340)
Top 10 readings:
  Rank  Pressure    Confidence  
  ------------------------------
  1     148         0.340
  2     144         0.260
  3     140         0.126
  4     137         0.126
  5     135         0.050

Detector: BL_W110_T2.8_D8
Best Detection: 148 mmHg (confidence: 0.340)
Top 10 readings:
  Rank  Pressure    Confidence  
  ------------------------------
  1     148         0.340
  2     144         0.260
  3     140         0.126
  4     137         0.126
  5     135         0.050

Detector: BL_W110_T2.8_D10
Best Detection: 149 mmHg (confidence: 0.340)
Top 10 readings:
  Rank  Pressure    Confidence  
  ------------------------------
  1     149         0.340
  2     147         0.340
  3     144         0.260
  4     140         0.126
  5     137         0.126
  6     135         0.050

Detector: BL_W110_T2.8_D15
Best Detection: 149 mmHg (confidence: 0.340)
Top 10 readings:
  Rank  Pressure    Confidence  
  ------------------------------
  1     149         0.340
  2     144         0.260
  3     142         0.208
  4     140         0.126
  5     137         0.126
  6     135         0.050

Detector: BL_W110_T2.8_D20
Best Detection: 149 mmHg (confidence: 0.340)
Top 10 readings:
  Rank  Pressure    Confidence  
  ------------------------------
  1     149         0.340
  2     144         0.260
  3     142         0.208
  4     140         0.126
  5     137         0.126
  6     135         0.050

Detector: BL_W110_T2.8_D25
Best Detection: 148 mmHg (confidence: 0.340)
Top 10 readings:
  Rank  Pressure    Confidence  
  ------------------------------
  1     148         0.340
  2     144         0.260
  3     140         0.126
  4     137         0.126
  5     135         0.050

Detector: BL_W110_T2.8_D30
Best Detection: 144 mmHg (confidence: 0.260)
Top 10 readings:
  Rank  Pressure    Confidence  
  ------------------------------
  1     144         0.260
  2     140         0.126
  3     137         0.126
  4     135         0.050

Detector: BL_W110_T2.8_D40
Best Detection: 143 mmHg (confidence: 0.260)
Top 10 readings:
  Rank  Pressure    Confidence  
  ------------------------------
  1     143         0.260
  2     140         0.126
  3     137         0.126
  4     135         0.050

Detector: BL_W110_T3.0_D2
Best Detection: 148 mmHg (confidence: 0.340)
Top 10 readings:
  Rank  Pressure    Confidence  
  ------------------------------
  1     148         0.340
  2     144         0.260
  3     140         0.126
  4     137         0.126
  5     135         0.050

Detector: BL_W110_T3.0_D4
Best Detection: 148 mmHg (confidence: 0.340)
Top 10 readings:
  Rank  Pressure    Confidence  
  ------------------------------
  1     148         0.340
  2     144         0.260
  3     140         0.126
  4     137         0.126
  5     135         0.050

Detector: BL_W110_T3.0_D6
Best Detection: 148 mmHg (confidence: 0.340)
Top 10 readings:
  Rank  Pressure    Confidence  
  ------------------------------
  1     148         0.340
  2     144         0.260
  3     140         0.126
  4     137         0.126
  5     135         0.050

Detector: BL_W110_T3.0_D8
Best Detection: 148 mmHg (confidence: 0.340)
Top 10 readings:
  Rank  Pressure    Confidence  
  ------------------------------
  1     148         0.340
  2     144         0.260
  3     140         0.126
  4     137         0.126
  5     135         0.050

Detector: BL_W110_T3.0_D10
Best Detection: 149 mmHg (confidence: 0.340)
Top 10 readings:
  Rank  Pressure    Confidence  
  ------------------------------
  1     149         0.340
  2     147         0.340
  3     144         0.260
  4     140         0.126
  5     137         0.126
  6     135         0.050

Detector: BL_W110_T3.0_D15
Best Detection: 149 mmHg (confidence: 0.340)
Top 10 readings:
  Rank  Pressure    Confidence  
  ------------------------------
  1     149         0.340
  2     144         0.260
  3     142         0.208
  4     140         0.126
  5     137         0.126
  6     135         0.050

Detector: BL_W110_T3.0_D20
Best Detection: 149 mmHg (confidence: 0.340)
Top 10 readings:
  Rank  Pressure    Confidence  
  ------------------------------
  1     149         0.340
  2     144         0.260
  3     142         0.208
  4     140         0.126
  5     137         0.126
  6     135         0.050

Detector: BL_W110_T3.0_D25
Best Detection: 148 mmHg (confidence: 0.340)
Top 10 readings:
  Rank  Pressure    Confidence  
  ------------------------------
  1     148         0.340
  2     144         0.260
  3     140         0.126
  4     137         0.126
  5     135         0.050

Detector: BL_W110_T3.0_D30
Best Detection: 144 mmHg (confidence: 0.260)
Top 10 readings:
  Rank  Pressure    Confidence  
  ------------------------------
  1     144         0.260
  2     140         0.126
  3     137         0.126
  4     135         0.050

Detector: BL_W110_T3.0_D40
Best Detection: 143 mmHg (confidence: 0.260)
Top 10 readings:
  Rank  Pressure    Confidence  
  ------------------------------
  1     143         0.260
  2     140         0.126
  3     137         0.126
  4     135         0.050

Detector: BL_W120_T1.0_D2
Best Detection: 124 mmHg (confidence: 0.980)
Top 10 readings:
  Rank  Pressure    Confidence  
  ------------------------------
  1     124         0.980
  2     120         0.900
  3     116         0.820
  4     111         0.740
  5     106         0.660
  6     102         0.580
  7     98          0.500
  8     95          0.420
  9     149         0.340
  10    91          0.340

Detector: BL_W120_T1.0_D4
Best Detection: 124 mmHg (confidence: 0.980)
Top 10 readings:
  Rank  Pressure    Confidence  
  ------------------------------
  1     124         0.980
  2     120         0.900
  3     116         0.820
  4     111         0.740
  5     106         0.660
  6     102         0.580
  7     98          0.500
  8     95          0.420
  9     149         0.340
  10    91          0.340

Detector: BL_W120_T1.0_D6
Best Detection: 124 mmHg (confidence: 0.980)
Top 10 readings:
  Rank  Pressure    Confidence  
  ------------------------------
  1     124         0.980
  2     120         0.900
  3     116         0.820
  4     111         0.740
  5     106         0.660
  6     102         0.580
  7     98          0.500
  8     95          0.420
  9     149         0.340
  10    91          0.340

Detector: BL_W120_T1.0_D8
Best Detection: 124 mmHg (confidence: 0.980)
Top 10 readings:
  Rank  Pressure    Confidence  
  ------------------------------
  1     124         0.980
  2     120         0.900
  3     116         0.820
  4     111         0.740
  5     106         0.660
  6     102         0.580
  7     98          0.500
  8     95          0.420
  9     149         0.340
  10    91          0.340

Detector: BL_W120_T1.0_D10
Best Detection: 124 mmHg (confidence: 0.980)
Top 10 readings:
  Rank  Pressure    Confidence  
  ------------------------------
  1     124         0.980
  2     120         0.900
  3     116         0.820
  4     111         0.740
  5     106         0.660
  6     102         0.580
  7     98          0.500
  8     95          0.420
  9     149         0.340
  10    91          0.340

Detector: BL_W120_T1.0_D15
Best Detection: 124 mmHg (confidence: 0.980)
Top 10 readings:
  Rank  Pressure    Confidence  
  ------------------------------
  1     124         0.980
  2     120         0.900
  3     116         0.820
  4     111         0.740
  5     106         0.660
  6     102         0.580
  7     98          0.500
  8     95          0.420
  9     149         0.340
  10    91          0.340

Detector: BL_W120_T1.0_D20
Best Detection: 124 mmHg (confidence: 0.980)
Top 10 readings:
  Rank  Pressure    Confidence  
  ------------------------------
  1     124         0.980
  2     120         0.900
  3     116         0.820
  4     111         0.740
  5     106         0.660
  6     102         0.580
  7     98          0.500
  8     95          0.420
  9     148         0.340
  10    91          0.340

Detector: BL_W120_T1.0_D25
Best Detection: 124 mmHg (confidence: 0.980)
Top 10 readings:
  Rank  Pressure    Confidence  
  ------------------------------
  1     124         0.980
  2     120         0.900
  3     116         0.820
  4     111         0.740
  5     106         0.660
  6     102         0.580
  7     98          0.500
  8     95          0.420
  9     91          0.340
  10    144         0.260

Detector: BL_W120_T1.0_D30
Best Detection: 124 mmHg (confidence: 0.980)
Top 10 readings:
  Rank  Pressure    Confidence  
  ------------------------------
  1     124         0.980
  2     120         0.900
  3     116         0.820
  4     111         0.740
  5     106         0.660
  6     102         0.580
  7     98          0.500
  8     95          0.420
  9     91          0.340
  10    144         0.260

Detector: BL_W120_T1.0_D40
Best Detection: 124 mmHg (confidence: 0.980)
Top 10 readings:
  Rank  Pressure    Confidence  
  ------------------------------
  1     124         0.980
  2     120         0.900
  3     116         0.820
  4     111         0.740
  5     106         0.660
  6     102         0.580
  7     98          0.500
  8     95          0.420
  9     91          0.340
  10    143         0.260

Detector: BL_W120_T1.2_D2
Best Detection: 124 mmHg (confidence: 0.980)
Top 10 readings:
  Rank  Pressure    Confidence  
  ------------------------------
  1     124         0.980
  2     120         0.900
  3     115         0.820
  4     111         0.740
  5     106         0.660
  6     102         0.580
  7     98          0.500
  8     95          0.420
  9     149         0.340
  10    91          0.340

Detector: BL_W120_T1.2_D4
Best Detection: 124 mmHg (confidence: 0.980)
Top 10 readings:
  Rank  Pressure    Confidence  
  ------------------------------
  1     124         0.980
  2     120         0.900
  3     115         0.820
  4     111         0.740
  5     106         0.660
  6     102         0.580
  7     98          0.500
  8     95          0.420
  9     149         0.340
  10    91          0.340

Detector: BL_W120_T1.2_D6
Best Detection: 124 mmHg (confidence: 0.980)
Top 10 readings:
  Rank  Pressure    Confidence  
  ------------------------------
  1     124         0.980
  2     120         0.900
  3     115         0.820
  4     111         0.740
  5     106         0.660
  6     102         0.580
  7     98          0.500
  8     95          0.420
  9     149         0.340
  10    91          0.340

Detector: BL_W120_T1.2_D8
Best Detection: 124 mmHg (confidence: 0.980)
Top 10 readings:
  Rank  Pressure    Confidence  
  ------------------------------
  1     124         0.980
  2     120         0.900
  3     115         0.820
  4     111         0.740
  5     106         0.660
  6     102         0.580
  7     98          0.500
  8     95          0.420
  9     149         0.340
  10    91          0.340

Detector: BL_W120_T1.2_D10
Best Detection: 124 mmHg (confidence: 0.980)
Top 10 readings:
  Rank  Pressure    Confidence  
  ------------------------------
  1     124         0.980
  2     120         0.900
  3     115         0.820
  4     111         0.740
  5     106         0.660
  6     102         0.580
  7     98          0.500
  8     95          0.420
  9     149         0.340
  10    91          0.340

Detector: BL_W120_T1.2_D15
Best Detection: 124 mmHg (confidence: 0.980)
Top 10 readings:
  Rank  Pressure    Confidence  
  ------------------------------
  1     124         0.980
  2     120         0.900
  3     115         0.820
  4     111         0.740
  5     106         0.660
  6     102         0.580
  7     98          0.500
  8     95          0.420
  9     149         0.340
  10    91          0.340

Detector: BL_W120_T1.2_D20
Best Detection: 124 mmHg (confidence: 0.980)
Top 10 readings:
  Rank  Pressure    Confidence  
  ------------------------------
  1     124         0.980
  2     120         0.900
  3     115         0.820
  4     111         0.740
  5     106         0.660
  6     102         0.580
  7     98          0.500
  8     95          0.420
  9     148         0.340
  10    91          0.340

Detector: BL_W120_T1.2_D25
Best Detection: 124 mmHg (confidence: 0.980)
Top 10 readings:
  Rank  Pressure    Confidence  
  ------------------------------
  1     124         0.980
  2     120         0.900
  3     115         0.820
  4     111         0.740
  5     106         0.660
  6     102         0.580
  7     98          0.500
  8     95          0.420
  9     91          0.340
  10    144         0.260

Detector: BL_W120_T1.2_D30
Best Detection: 124 mmHg (confidence: 0.980)
Top 10 readings:
  Rank  Pressure    Confidence  
  ------------------------------
  1     124         0.980
  2     120         0.900
  3     115         0.820
  4     111         0.740
  5     106         0.660
  6     102         0.580
  7     98          0.500
  8     95          0.420
  9     91          0.340
  10    144         0.260

Detector: BL_W120_T1.2_D40
Best Detection: 124 mmHg (confidence: 0.980)
Top 10 readings:
  Rank  Pressure    Confidence  
  ------------------------------
  1     124         0.980
  2     120         0.900
  3     115         0.820
  4     111         0.740
  5     106         0.660
  6     102         0.580
  7     98          0.500
  8     95          0.420
  9     91          0.340
  10    143         0.260

Detector: BL_W120_T1.4_D2
Best Detection: 124 mmHg (confidence: 0.980)
Top 10 readings:
  Rank  Pressure    Confidence  
  ------------------------------
  1     124         0.980
  2     120         0.900
  3     115         0.820
  4     110         0.740
  5     106         0.660
  6     102         0.580
  7     98          0.500
  8     94          0.420
  9     149         0.340
  10    91          0.340

Detector: BL_W120_T1.4_D4
Best Detection: 124 mmHg (confidence: 0.980)
Top 10 readings:
  Rank  Pressure    Confidence  
  ------------------------------
  1     124         0.980
  2     120         0.900
  3     115         0.820
  4     110         0.740
  5     106         0.660
  6     102         0.580
  7     98          0.500
  8     94          0.420
  9     149         0.340
  10    91          0.340

Detector: BL_W120_T1.4_D6
Best Detection: 124 mmHg (confidence: 0.980)
Top 10 readings:
  Rank  Pressure    Confidence  
  ------------------------------
  1     124         0.980
  2     120         0.900
  3     115         0.820
  4     110         0.740
  5     106         0.660
  6     102         0.580
  7     98          0.500
  8     94          0.420
  9     149         0.340
  10    91          0.340

Detector: BL_W120_T1.4_D8
Best Detection: 124 mmHg (confidence: 0.980)
Top 10 readings:
  Rank  Pressure    Confidence  
  ------------------------------
  1     124         0.980
  2     120         0.900
  3     115         0.820
  4     110         0.740
  5     106         0.660
  6     102         0.580
  7     98          0.500
  8     94          0.420
  9     149         0.340
  10    91          0.340

Detector: BL_W120_T1.4_D10
Best Detection: 124 mmHg (confidence: 0.980)
Top 10 readings:
  Rank  Pressure    Confidence  
  ------------------------------
  1     124         0.980
  2     120         0.900
  3     115         0.820
  4     110         0.740
  5     106         0.660
  6     102         0.580
  7     98          0.500
  8     94          0.420
  9     149         0.340
  10    91          0.340

Detector: BL_W120_T1.4_D15
Best Detection: 124 mmHg (confidence: 0.980)
Top 10 readings:
  Rank  Pressure    Confidence  
  ------------------------------
  1     124         0.980
  2     120         0.900
  3     115         0.820
  4     110         0.740
  5     106         0.660
  6     102         0.580
  7     98          0.500
  8     94          0.420
  9     149         0.340
  10    91          0.340

Detector: BL_W120_T1.4_D20
Best Detection: 124 mmHg (confidence: 0.980)
Top 10 readings:
  Rank  Pressure    Confidence  
  ------------------------------
  1     124         0.980
  2     120         0.900
  3     115         0.820
  4     110         0.740
  5     106         0.660
  6     102         0.580
  7     98          0.500
  8     94          0.420
  9     148         0.340
  10    91          0.340

Detector: BL_W120_T1.4_D25
Best Detection: 124 mmHg (confidence: 0.980)
Top 10 readings:
  Rank  Pressure    Confidence  
  ------------------------------
  1     124         0.980
  2     120         0.900
  3     115         0.820
  4     110         0.740
  5     106         0.660
  6     102         0.580
  7     98          0.500
  8     94          0.420
  9     91          0.340
  10    144         0.260

Detector: BL_W120_T1.4_D30
Best Detection: 124 mmHg (confidence: 0.980)
Top 10 readings:
  Rank  Pressure    Confidence  
  ------------------------------
  1     124         0.980
  2     120         0.900
  3     115         0.820
  4     110         0.740
  5     106         0.660
  6     102         0.580
  7     98          0.500
  8     94          0.420
  9     91          0.340
  10    144         0.260

Detector: BL_W120_T1.4_D40
Best Detection: 124 mmHg (confidence: 0.980)
Top 10 readings:
  Rank  Pressure    Confidence  
  ------------------------------
  1     124         0.980
  2     120         0.900
  3     115         0.820
  4     110         0.740
  5     106         0.660
  6     102         0.580
  7     98          0.500
  8     94          0.420
  9     91          0.340
  10    143         0.260

Detector: BL_W120_T1.6_D2
Best Detection: 124 mmHg (confidence: 0.980)
Top 10 readings:
  Rank  Pressure    Confidence  
  ------------------------------
  1     124         0.980
  2     120         0.900
  3     115         0.820
  4     110         0.740
  5     106         0.660
  6     102         0.580
  7     98          0.500
  8     94          0.420
  9     149         0.340
  10    91          0.340

Detector: BL_W120_T1.6_D4
Best Detection: 124 mmHg (confidence: 0.980)
Top 10 readings:
  Rank  Pressure    Confidence  
  ------------------------------
  1     124         0.980
  2     120         0.900
  3     115         0.820
  4     110         0.740
  5     106         0.660
  6     102         0.580
  7     98          0.500
  8     94          0.420
  9     149         0.340
  10    91          0.340

Detector: BL_W120_T1.6_D6
Best Detection: 124 mmHg (confidence: 0.980)
Top 10 readings:
  Rank  Pressure    Confidence  
  ------------------------------
  1     124         0.980
  2     120         0.900
  3     115         0.820
  4     110         0.740
  5     106         0.660
  6     102         0.580
  7     98          0.500
  8     94          0.420
  9     149         0.340
  10    91          0.340

Detector: BL_W120_T1.6_D8
Best Detection: 124 mmHg (confidence: 0.980)
Top 10 readings:
  Rank  Pressure    Confidence  
  ------------------------------
  1     124         0.980
  2     120         0.900
  3     115         0.820
  4     110         0.740
  5     106         0.660
  6     102         0.580
  7     98          0.500
  8     94          0.420
  9     149         0.340
  10    91          0.340

Detector: BL_W120_T1.6_D10
Best Detection: 124 mmHg (confidence: 0.980)
Top 10 readings:
  Rank  Pressure    Confidence  
  ------------------------------
  1     124         0.980
  2     120         0.900
  3     115         0.820
  4     110         0.740
  5     106         0.660
  6     102         0.580
  7     98          0.500
  8     94          0.420
  9     149         0.340
  10    91          0.340

Detector: BL_W120_T1.6_D15
Best Detection: 124 mmHg (confidence: 0.980)
Top 10 readings:
  Rank  Pressure    Confidence  
  ------------------------------
  1     124         0.980
  2     120         0.900
  3     115         0.820
  4     110         0.740
  5     106         0.660
  6     102         0.580
  7     98          0.500
  8     94          0.420
  9     149         0.340
  10    91          0.340

Detector: BL_W120_T1.6_D20
Best Detection: 124 mmHg (confidence: 0.980)
Top 10 readings:
  Rank  Pressure    Confidence  
  ------------------------------
  1     124         0.980
  2     120         0.900
  3     115         0.820
  4     110         0.740
  5     106         0.660
  6     102         0.580
  7     98          0.500
  8     94          0.420
  9     148         0.340
  10    91          0.340

Detector: BL_W120_T1.6_D25
Best Detection: 124 mmHg (confidence: 0.980)
Top 10 readings:
  Rank  Pressure    Confidence  
  ------------------------------
  1     124         0.980
  2     120         0.900
  3     115         0.820
  4     110         0.740
  5     106         0.660
  6     102         0.580
  7     98          0.500
  8     94          0.420
  9     91          0.340
  10    144         0.260

Detector: BL_W120_T1.6_D30
Best Detection: 124 mmHg (confidence: 0.980)
Top 10 readings:
  Rank  Pressure    Confidence  
  ------------------------------
  1     124         0.980
  2     120         0.900
  3     115         0.820
  4     110         0.740
  5     106         0.660
  6     102         0.580
  7     98          0.500
  8     94          0.420
  9     91          0.340
  10    144         0.260

Detector: BL_W120_T1.6_D40
Best Detection: 124 mmHg (confidence: 0.980)
Top 10 readings:
  Rank  Pressure    Confidence  
  ------------------------------
  1     124         0.980
  2     120         0.900
  3     115         0.820
  4     110         0.740
  5     106         0.660
  6     102         0.580
  7     98          0.500
  8     94          0.420
  9     91          0.340
  10    143         0.260

Detector: BL_W120_T1.8_D2
Best Detection: 124 mmHg (confidence: 0.980)
Top 10 readings:
  Rank  Pressure    Confidence  
  ------------------------------
  1     124         0.980
  2     120         0.900
  3     114         0.820
  4     110         0.740
  5     106         0.660
  6     102         0.580
  7     98          0.500
  8     94          0.420
  9     148         0.340
  10    91          0.340

Detector: BL_W120_T1.8_D4
Best Detection: 124 mmHg (confidence: 0.980)
Top 10 readings:
  Rank  Pressure    Confidence  
  ------------------------------
  1     124         0.980
  2     120         0.900
  3     114         0.820
  4     110         0.740
  5     106         0.660
  6     102         0.580
  7     98          0.500
  8     94          0.420
  9     148         0.340
  10    91          0.340

Detector: BL_W120_T1.8_D6
Best Detection: 124 mmHg (confidence: 0.980)
Top 10 readings:
  Rank  Pressure    Confidence  
  ------------------------------
  1     124         0.980
  2     120         0.900
  3     114         0.820
  4     110         0.740
  5     106         0.660
  6     102         0.580
  7     98          0.500
  8     94          0.420
  9     148         0.340
  10    91          0.340

Detector: BL_W120_T1.8_D8
Best Detection: 124 mmHg (confidence: 0.980)
Top 10 readings:
  Rank  Pressure    Confidence  
  ------------------------------
  1     124         0.980
  2     120         0.900
  3     114         0.820
  4     110         0.740
  5     106         0.660
  6     102         0.580
  7     98          0.500
  8     94          0.420
  9     148         0.340
  10    91          0.340

Detector: BL_W120_T1.8_D10
Best Detection: 124 mmHg (confidence: 0.980)
Top 10 readings:
  Rank  Pressure    Confidence  
  ------------------------------
  1     124         0.980
  2     120         0.900
  3     114         0.820
  4     110         0.740
  5     106         0.660
  6     102         0.580
  7     98          0.500
  8     94          0.420
  9     148         0.340
  10    91          0.340

Detector: BL_W120_T1.8_D15
Best Detection: 124 mmHg (confidence: 0.980)
Top 10 readings:
  Rank  Pressure    Confidence  
  ------------------------------
  1     124         0.980
  2     120         0.900
  3     114         0.820
  4     110         0.740
  5     106         0.660
  6     102         0.580
  7     98          0.500
  8     94          0.420
  9     149         0.340
  10    91          0.340

Detector: BL_W120_T1.8_D20
Best Detection: 124 mmHg (confidence: 0.980)
Top 10 readings:
  Rank  Pressure    Confidence  
  ------------------------------
  1     124         0.980
  2     120         0.900
  3     114         0.820
  4     110         0.740
  5     106         0.660
  6     102         0.580
  7     98          0.500
  8     94          0.420
  9     148         0.340
  10    91          0.340

Detector: BL_W120_T1.8_D25
Best Detection: 124 mmHg (confidence: 0.980)
Top 10 readings:
  Rank  Pressure    Confidence  
  ------------------------------
  1     124         0.980
  2     120         0.900
  3     114         0.820
  4     110         0.740
  5     106         0.660
  6     102         0.580
  7     98          0.500
  8     94          0.420
  9     91          0.340
  10    144         0.260

Detector: BL_W120_T1.8_D30
Best Detection: 124 mmHg (confidence: 0.980)
Top 10 readings:
  Rank  Pressure    Confidence  
  ------------------------------
  1     124         0.980
  2     120         0.900
  3     114         0.820
  4     110         0.740
  5     106         0.660
  6     102         0.580
  7     98          0.500
  8     94          0.420
  9     91          0.340
  10    144         0.260

Detector: BL_W120_T1.8_D40
Best Detection: 124 mmHg (confidence: 0.980)
Top 10 readings:
  Rank  Pressure    Confidence  
  ------------------------------
  1     124         0.980
  2     120         0.900
  3     114         0.820
  4     110         0.740
  5     106         0.660
  6     102         0.580
  7     98          0.500
  8     94          0.420
  9     91          0.340
  10    143         0.260

Detector: BL_W120_T2.0_D2
Best Detection: 98 mmHg (confidence: 0.500)
Top 10 readings:
  Rank  Pressure    Confidence  
  ------------------------------
  1     98          0.500
  2     124         0.420
  3     94          0.420
  4     148         0.340
  5     119         0.340
  6     91          0.340
  7     144         0.260
  8     114         0.260
  9     87          0.260
  10    140         0.126

Detector: BL_W120_T2.0_D4
Best Detection: 98 mmHg (confidence: 0.500)
Top 10 readings:
  Rank  Pressure    Confidence  
  ------------------------------
  1     98          0.500
  2     124         0.420
  3     94          0.420
  4     148         0.340
  5     119         0.340
  6     91          0.340
  7     144         0.260
  8     114         0.260
  9     87          0.260
  10    140         0.126

Detector: BL_W120_T2.0_D6
Best Detection: 98 mmHg (confidence: 0.500)
Top 10 readings:
  Rank  Pressure    Confidence  
  ------------------------------
  1     98          0.500
  2     124         0.420
  3     94          0.420
  4     148         0.340
  5     119         0.340
  6     91          0.340
  7     144         0.260
  8     114         0.260
  9     87          0.260
  10    140         0.126

Detector: BL_W120_T2.0_D8
Best Detection: 98 mmHg (confidence: 0.500)
Top 10 readings:
  Rank  Pressure    Confidence  
  ------------------------------
  1     98          0.500
  2     124         0.420
  3     94          0.420
  4     148         0.340
  5     119         0.340
  6     91          0.340
  7     144         0.260
  8     114         0.260
  9     87          0.260
  10    140         0.126

Detector: BL_W120_T2.0_D10
Best Detection: 98 mmHg (confidence: 0.500)
Top 10 readings:
  Rank  Pressure    Confidence  
  ------------------------------
  1     98          0.500
  2     124         0.420
  3     94          0.420
  4     148         0.340
  5     119         0.340
  6     91          0.340
  7     144         0.260
  8     142         0.260
  9     114         0.260
  10    87          0.260

Detector: BL_W120_T2.0_D15
Best Detection: 98 mmHg (confidence: 0.500)
Top 10 readings:
  Rank  Pressure    Confidence  
  ------------------------------
  1     98          0.500
  2     124         0.420
  3     94          0.420
  4     149         0.340
  5     119         0.340
  6     91          0.340
  7     144         0.260
  8     114         0.260
  9     87          0.260
  10    142         0.208

Detector: BL_W120_T2.0_D20
Best Detection: 98 mmHg (confidence: 0.500)
Top 10 readings:
  Rank  Pressure    Confidence  
  ------------------------------
  1     98          0.500
  2     124         0.420
  3     94          0.420
  4     148         0.340
  5     119         0.340
  6     91          0.340
  7     144         0.260
  8     114         0.260
  9     87          0.260
  10    142         0.208

Detector: BL_W120_T2.0_D25
Best Detection: 98 mmHg (confidence: 0.500)
Top 10 readings:
  Rank  Pressure    Confidence  
  ------------------------------
  1     98          0.500
  2     124         0.420
  3     94          0.420
  4     119         0.340
  5     91          0.340
  6     144         0.260
  7     114         0.260
  8     87          0.260
  9     140         0.126
  10    137         0.126

Detector: BL_W120_T2.0_D30
Best Detection: 98 mmHg (confidence: 0.500)
Top 10 readings:
  Rank  Pressure    Confidence  
  ------------------------------
  1     98          0.500
  2     124         0.420
  3     94          0.420
  4     119         0.340
  5     91          0.340
  6     144         0.260
  7     114         0.260
  8     87          0.260
  9     140         0.126
  10    137         0.126

Detector: BL_W120_T2.0_D40
Best Detection: 98 mmHg (confidence: 0.500)
Top 10 readings:
  Rank  Pressure    Confidence  
  ------------------------------
  1     98          0.500
  2     124         0.420
  3     94          0.420
  4     119         0.340
  5     91          0.340
  6     143         0.260
  7     114         0.260
  8     87          0.260
  9     140         0.126
  10    137         0.126

Detector: BL_W120_T2.2_D2
Best Detection: 119 mmHg (confidence: 0.340)
Top 10 readings:
  Rank  Pressure    Confidence  
  ------------------------------
  1     119         0.340
  2     144         0.260
  3     114         0.260
  4     87          0.260
  5     140         0.126
  6     137         0.126
  7     110         0.126
  8     83          0.126
  9     80          0.050
  10    135         0.010

Detector: BL_W120_T2.2_D4
Best Detection: 119 mmHg (confidence: 0.340)
Top 10 readings:
  Rank  Pressure    Confidence  
  ------------------------------
  1     119         0.340
  2     144         0.260
  3     114         0.260
  4     87          0.260
  5     140         0.126
  6     137         0.126
  7     110         0.126
  8     83          0.126
  9     80          0.050
  10    135         0.010

Detector: BL_W120_T2.2_D6
Best Detection: 119 mmHg (confidence: 0.340)
Top 10 readings:
  Rank  Pressure    Confidence  
  ------------------------------
  1     119         0.340
  2     144         0.260
  3     114         0.260
  4     87          0.260
  5     140         0.126
  6     137         0.126
  7     110         0.126
  8     83          0.126
  9     80          0.050
  10    135         0.010

Detector: BL_W120_T2.2_D8
Best Detection: 119 mmHg (confidence: 0.340)
Top 10 readings:
  Rank  Pressure    Confidence  
  ------------------------------
  1     119         0.340
  2     144         0.260
  3     114         0.260
  4     87          0.260
  5     140         0.126
  6     137         0.126
  7     110         0.126
  8     83          0.126
  9     80          0.050
  10    135         0.010

Detector: BL_W120_T2.2_D10
Best Detection: 119 mmHg (confidence: 0.340)
Top 10 readings:
  Rank  Pressure    Confidence  
  ------------------------------
  1     119         0.340
  2     144         0.260
  3     142         0.260
  4     114         0.260
  5     87          0.260
  6     140         0.126
  7     137         0.126
  8     110         0.126
  9     83          0.126
  10    80          0.050

Detector: BL_W120_T2.2_D15
Best Detection: 149 mmHg (confidence: 0.340)
Top 10 readings:
  Rank  Pressure    Confidence  
  ------------------------------
  1     149         0.340
  2     119         0.340
  3     144         0.260
  4     114         0.260
  5     87          0.260
  6     142         0.208
  7     140         0.126
  8     137         0.126
  9     110         0.126
  10    83          0.126

Detector: BL_W120_T2.2_D20
Best Detection: 148 mmHg (confidence: 0.340)
Top 10 readings:
  Rank  Pressure    Confidence  
  ------------------------------
  1     148         0.340
  2     119         0.340
  3     144         0.260
  4     114         0.260
  5     87          0.260
  6     142         0.208
  7     140         0.126
  8     137         0.126
  9     110         0.126
  10    83          0.126

Detector: BL_W120_T2.2_D25
Best Detection: 119 mmHg (confidence: 0.340)
Top 10 readings:
  Rank  Pressure    Confidence  
  ------------------------------
  1     119         0.340
  2     144         0.260
  3     114         0.260
  4     87          0.260
  5     140         0.126
  6     137         0.126
  7     110         0.126
  8     83          0.126
  9     80          0.050
  10    135         0.010

Detector: BL_W120_T2.2_D30
Best Detection: 119 mmHg (confidence: 0.340)
Top 10 readings:
  Rank  Pressure    Confidence  
  ------------------------------
  1     119         0.340
  2     144         0.260
  3     114         0.260
  4     87          0.260
  5     140         0.126
  6     137         0.126
  7     110         0.126
  8     83          0.126
  9     80          0.050
  10    135         0.010

Detector: BL_W120_T2.2_D40
Best Detection: 119 mmHg (confidence: 0.340)
Top 10 readings:
  Rank  Pressure    Confidence  
  ------------------------------
  1     119         0.340
  2     143         0.260
  3     114         0.260
  4     87          0.260
  5     140         0.126
  6     137         0.126
  7     110         0.126
  8     83          0.126
  9     80          0.050
  10    135         0.010

Detector: BL_W120_T2.4_D2
Best Detection: 144 mmHg (confidence: 0.260)
Top 10 readings:
  Rank  Pressure    Confidence  
  ------------------------------
  1     144         0.260
  2     140         0.126
  3     137         0.126
  4     119         0.126
  5     87          0.126
  6     83          0.050
  7     135         0.010
  8     132         0.010
  9     114         0.010
  10    94          0.010

Detector: BL_W120_T2.4_D4
Best Detection: 144 mmHg (confidence: 0.260)
Top 10 readings:
  Rank  Pressure    Confidence  
  ------------------------------
  1     144         0.260
  2     140         0.126
  3     137         0.126
  4     119         0.126
  5     87          0.126
  6     83          0.050
  7     135         0.010
  8     132         0.010
  9     114         0.010
  10    94          0.010

Detector: BL_W120_T2.4_D6
Best Detection: 144 mmHg (confidence: 0.260)
Top 10 readings:
  Rank  Pressure    Confidence  
  ------------------------------
  1     144         0.260
  2     140         0.126
  3     137         0.126
  4     119         0.126
  5     87          0.126
  6     83          0.050
  7     135         0.010
  8     132         0.010
  9     114         0.010
  10    94          0.010

Detector: BL_W120_T2.4_D8
Best Detection: 144 mmHg (confidence: 0.260)
Top 10 readings:
  Rank  Pressure    Confidence  
  ------------------------------
  1     144         0.260
  2     140         0.126
  3     137         0.126
  4     119         0.126
  5     87          0.126
  6     83          0.050
  7     135         0.010
  8     132         0.010
  9     114         0.010
  10    94          0.010

Detector: BL_W120_T2.4_D10
Best Detection: 144 mmHg (confidence: 0.260)
Top 10 readings:
  Rank  Pressure    Confidence  
  ------------------------------
  1     144         0.260
  2     142         0.260
  3     140         0.126
  4     137         0.126
  5     119         0.126
  6     87          0.126
  7     83          0.050
  8     135         0.010
  9     132         0.010
  10    114         0.010

Detector: BL_W120_T2.4_D15
Best Detection: 149 mmHg (confidence: 0.340)
Top 10 readings:
  Rank  Pressure    Confidence  
  ------------------------------
  1     149         0.340
  2     144         0.260
  3     142         0.208
  4     140         0.126
  5     137         0.126
  6     119         0.126
  7     87          0.126
  8     83          0.050
  9     135         0.010
  10    132         0.010

Detector: BL_W120_T2.4_D20
Best Detection: 148 mmHg (confidence: 0.340)
Top 10 readings:
  Rank  Pressure    Confidence  
  ------------------------------
  1     148         0.340
  2     144         0.260
  3     142         0.208
  4     140         0.126
  5     137         0.126
  6     119         0.126
  7     87          0.126
  8     83          0.050
  9     135         0.010
  10    132         0.010

Detector: BL_W120_T2.4_D25
Best Detection: 144 mmHg (confidence: 0.260)
Top 10 readings:
  Rank  Pressure    Confidence  
  ------------------------------
  1     144         0.260
  2     140         0.126
  3     137         0.126
  4     119         0.126
  5     87          0.126
  6     83          0.050
  7     135         0.010
  8     132         0.010
  9     114         0.010
  10    94          0.010

Detector: BL_W120_T2.4_D30
Best Detection: 144 mmHg (confidence: 0.260)
Top 10 readings:
  Rank  Pressure    Confidence  
  ------------------------------
  1     144         0.260
  2     140         0.126
  3     137         0.126
  4     119         0.126
  5     87          0.126
  6     83          0.050
  7     135         0.010
  8     132         0.010
  9     114         0.010
  10    94          0.010

Detector: BL_W120_T2.4_D40
Best Detection: 143 mmHg (confidence: 0.260)
Top 10 readings:
  Rank  Pressure    Confidence  
  ------------------------------
  1     143         0.260
  2     140         0.126
  3     137         0.126
  4     119         0.126
  5     87          0.126
  6     83          0.050
  7     135         0.010
  8     132         0.010
  9     114         0.010
  10    94          0.010

Detector: BL_W120_T2.6_D2
Best Detection: 144 mmHg (confidence: 0.260)
Top 10 readings:
  Rank  Pressure    Confidence  
  ------------------------------
  1     144         0.260
  2     140         0.126
  3     137         0.126
  4     132         0.050
  5     135         0.010

Detector: BL_W120_T2.6_D4
Best Detection: 144 mmHg (confidence: 0.260)
Top 10 readings:
  Rank  Pressure    Confidence  
  ------------------------------
  1     144         0.260
  2     140         0.126
  3     137         0.126
  4     132         0.050
  5     135         0.010

Detector: BL_W120_T2.6_D6
Best Detection: 144 mmHg (confidence: 0.260)
Top 10 readings:
  Rank  Pressure    Confidence  
  ------------------------------
  1     144         0.260
  2     140         0.126
  3     137         0.126
  4     132         0.050
  5     135         0.010

Detector: BL_W120_T2.6_D8
Best Detection: 144 mmHg (confidence: 0.260)
Top 10 readings:
  Rank  Pressure    Confidence  
  ------------------------------
  1     144         0.260
  2     140         0.126
  3     137         0.126
  4     132         0.050
  5     135         0.010

Detector: BL_W120_T2.6_D10
Best Detection: 144 mmHg (confidence: 0.260)
Top 10 readings:
  Rank  Pressure    Confidence  
  ------------------------------
  1     144         0.260
  2     142         0.260
  3     140         0.126
  4     137         0.126
  5     132         0.050
  6     135         0.010

Detector: BL_W120_T2.6_D15
Best Detection: 149 mmHg (confidence: 0.340)
Top 10 readings:
  Rank  Pressure    Confidence  
  ------------------------------
  1     149         0.340
  2     144         0.260
  3     142         0.208
  4     140         0.126
  5     137         0.126
  6     132         0.050
  7     135         0.010

Detector: BL_W120_T2.6_D20
Best Detection: 148 mmHg (confidence: 0.340)
Top 10 readings:
  Rank  Pressure    Confidence  
  ------------------------------
  1     148         0.340
  2     144         0.260
  3     142         0.208
  4     140         0.126
  5     137         0.126
  6     132         0.050
  7     135         0.010

Detector: BL_W120_T2.6_D25
Best Detection: 144 mmHg (confidence: 0.260)
Top 10 readings:
  Rank  Pressure    Confidence  
  ------------------------------
  1     144         0.260
  2     140         0.126
  3     137         0.126
  4     132         0.050
  5     135         0.010

Detector: BL_W120_T2.6_D30
Best Detection: 144 mmHg (confidence: 0.260)
Top 10 readings:
  Rank  Pressure    Confidence  
  ------------------------------
  1     144         0.260
  2     140         0.126
  3     137         0.126
  4     132         0.050
  5     135         0.010

Detector: BL_W120_T2.6_D40
Best Detection: 143 mmHg (confidence: 0.260)
Top 10 readings:
  Rank  Pressure    Confidence  
  ------------------------------
  1     143         0.260
  2     140         0.126
  3     137         0.126
  4     132         0.050
  5     135         0.010

Detector: BL_W120_T2.8_D2
Best Detection: 144 mmHg (confidence: 0.260)
Top 10 readings:
  Rank  Pressure    Confidence  
  ------------------------------
  1     144         0.260
  2     140         0.126
  3     137         0.126
  4     132         0.050
  5     135         0.010

Detector: BL_W120_T2.8_D4
Best Detection: 144 mmHg (confidence: 0.260)
Top 10 readings:
  Rank  Pressure    Confidence  
  ------------------------------
  1     144         0.260
  2     140         0.126
  3     137         0.126
  4     132         0.050
  5     135         0.010

Detector: BL_W120_T2.8_D6
Best Detection: 144 mmHg (confidence: 0.260)
Top 10 readings:
  Rank  Pressure    Confidence  
  ------------------------------
  1     144         0.260
  2     140         0.126
  3     137         0.126
  4     132         0.050
  5     135         0.010

Detector: BL_W120_T2.8_D8
Best Detection: 144 mmHg (confidence: 0.260)
Top 10 readings:
  Rank  Pressure    Confidence  
  ------------------------------
  1     144         0.260
  2     140         0.126
  3     137         0.126
  4     132         0.050
  5     135         0.010

Detector: BL_W120_T2.8_D10
Best Detection: 144 mmHg (confidence: 0.260)
Top 10 readings:
  Rank  Pressure    Confidence  
  ------------------------------
  1     144         0.260
  2     140         0.126
  3     137         0.126
  4     132         0.050
  5     135         0.010

Detector: BL_W120_T2.8_D15
Best Detection: 149 mmHg (confidence: 0.340)
Top 10 readings:
  Rank  Pressure    Confidence  
  ------------------------------
  1     149         0.340
  2     144         0.260
  3     142         0.208
  4     140         0.126
  5     137         0.126
  6     132         0.050
  7     135         0.010

Detector: BL_W120_T2.8_D20
Best Detection: 148 mmHg (confidence: 0.340)
Top 10 readings:
  Rank  Pressure    Confidence  
  ------------------------------
  1     148         0.340
  2     144         0.260
  3     142         0.208
  4     140         0.126
  5     137         0.126
  6     132         0.050
  7     135         0.010

Detector: BL_W120_T2.8_D25
Best Detection: 144 mmHg (confidence: 0.260)
Top 10 readings:
  Rank  Pressure    Confidence  
  ------------------------------
  1     144         0.260
  2     140         0.126
  3     137         0.126
  4     132         0.050
  5     135         0.010

Detector: BL_W120_T2.8_D30
Best Detection: 144 mmHg (confidence: 0.260)
Top 10 readings:
  Rank  Pressure    Confidence  
  ------------------------------
  1     144         0.260
  2     140         0.126
  3     137         0.126
  4     132         0.050
  5     135         0.010

Detector: BL_W120_T2.8_D40
Best Detection: 143 mmHg (confidence: 0.260)
Top 10 readings:
  Rank  Pressure    Confidence  
  ------------------------------
  1     143         0.260
  2     140         0.126
  3     137         0.126
  4     132         0.050
  5     135         0.010

Detector: BL_W120_T3.0_D2
Best Detection: 144 mmHg (confidence: 0.260)
Top 10 readings:
  Rank  Pressure    Confidence  
  ------------------------------
  1     144         0.260
  2     140         0.126
  3     137         0.126
  4     135         0.050

Detector: BL_W120_T3.0_D4
Best Detection: 144 mmHg (confidence: 0.260)
Top 10 readings:
  Rank  Pressure    Confidence  
  ------------------------------
  1     144         0.260
  2     140         0.126
  3     137         0.126
  4     135         0.050

Detector: BL_W120_T3.0_D6
Best Detection: 144 mmHg (confidence: 0.260)
Top 10 readings:
  Rank  Pressure    Confidence  
  ------------------------------
  1     144         0.260
  2     140         0.126
  3     137         0.126
  4     135         0.050

Detector: BL_W120_T3.0_D8
Best Detection: 144 mmHg (confidence: 0.260)
Top 10 readings:
  Rank  Pressure    Confidence  
  ------------------------------
  1     144         0.260
  2     140         0.126
  3     137         0.126
  4     135         0.050

Detector: BL_W120_T3.0_D10
Best Detection: 144 mmHg (confidence: 0.260)
Top 10 readings:
  Rank  Pressure    Confidence  
  ------------------------------
  1     144         0.260
  2     140         0.126
  3     137         0.126
  4     135         0.050

Detector: BL_W120_T3.0_D15
Best Detection: 149 mmHg (confidence: 0.340)
Top 10 readings:
  Rank  Pressure    Confidence  
  ------------------------------
  1     149         0.340
  2     144         0.260
  3     142         0.208
  4     140         0.126
  5     137         0.126
  6     135         0.050

Detector: BL_W120_T3.0_D20
Best Detection: 148 mmHg (confidence: 0.340)
Top 10 readings:
  Rank  Pressure    Confidence  
  ------------------------------
  1     148         0.340
  2     144         0.260
  3     142         0.208
  4     140         0.126
  5     137         0.126
  6     135         0.050

Detector: BL_W120_T3.0_D25
Best Detection: 144 mmHg (confidence: 0.260)
Top 10 readings:
  Rank  Pressure    Confidence  
  ------------------------------
  1     144         0.260
  2     140         0.126
  3     137         0.126
  4     135         0.050

Detector: BL_W120_T3.0_D30
Best Detection: 144 mmHg (confidence: 0.260)
Top 10 readings:
  Rank  Pressure    Confidence  
  ------------------------------
  1     144         0.260
  2     140         0.126
  3     137         0.126
  4     135         0.050

Detector: BL_W120_T3.0_D40
Best Detection: 143 mmHg (confidence: 0.260)
Top 10 readings:
  Rank  Pressure    Confidence  
  ------------------------------
  1     143         0.260
  2     140         0.126
  3     137         0.126
  4     135         0.050

Detector: BL_W130_T1.0_D2
Best Detection: 124 mmHg (confidence: 0.980)
Top 10 readings:
  Rank  Pressure    Confidence  
  ------------------------------
  1     124         0.980
  2     120         0.900
  3     116         0.820
  4     111         0.740
  5     106         0.660
  6     102         0.580
  7     98          0.500
  8     95          0.420
  9     148         0.340
  10    91          0.340

Detector: BL_W130_T1.0_D4
Best Detection: 124 mmHg (confidence: 0.980)
Top 10 readings:
  Rank  Pressure    Confidence  
  ------------------------------
  1     124         0.980
  2     120         0.900
  3     116         0.820
  4     111         0.740
  5     106         0.660
  6     102         0.580
  7     98          0.500
  8     95          0.420
  9     148         0.340
  10    91          0.340

Detector: BL_W130_T1.0_D6
Best Detection: 124 mmHg (confidence: 0.980)
Top 10 readings:
  Rank  Pressure    Confidence  
  ------------------------------
  1     124         0.980
  2     120         0.900
  3     116         0.820
  4     111         0.740
  5     106         0.660
  6     102         0.580
  7     98          0.500
  8     95          0.420
  9     148         0.340
  10    91          0.340

Detector: BL_W130_T1.0_D8
Best Detection: 124 mmHg (confidence: 0.980)
Top 10 readings:
  Rank  Pressure    Confidence  
  ------------------------------
  1     124         0.980
  2     120         0.900
  3     116         0.820
  4     111         0.740
  5     106         0.660
  6     102         0.580
  7     98          0.500
  8     95          0.420
  9     148         0.340
  10    91          0.340

Detector: BL_W130_T1.0_D10
Best Detection: 124 mmHg (confidence: 0.980)
Top 10 readings:
  Rank  Pressure    Confidence  
  ------------------------------
  1     124         0.980
  2     120         0.900
  3     116         0.820
  4     111         0.740
  5     106         0.660
  6     102         0.580
  7     98          0.500
  8     95          0.420
  9     148         0.340
  10    91          0.340

Detector: BL_W130_T1.0_D15
Best Detection: 124 mmHg (confidence: 0.980)
Top 10 readings:
  Rank  Pressure    Confidence  
  ------------------------------
  1     124         0.980
  2     120         0.900
  3     116         0.820
  4     111         0.740
  5     106         0.660
  6     102         0.580
  7     98          0.500
  8     95          0.420
  9     148         0.340
  10    91          0.340

Detector: BL_W130_T1.0_D20
Best Detection: 124 mmHg (confidence: 0.980)
Top 10 readings:
  Rank  Pressure    Confidence  
  ------------------------------
  1     124         0.980
  2     120         0.900
  3     116         0.820
  4     111         0.740
  5     106         0.660
  6     102         0.580
  7     98          0.500
  8     95          0.420
  9     91          0.340
  10    144         0.260

Detector: BL_W130_T1.0_D25
Best Detection: 124 mmHg (confidence: 0.980)
Top 10 readings:
  Rank  Pressure    Confidence  
  ------------------------------
  1     124         0.980
  2     120         0.900
  3     116         0.820
  4     111         0.740
  5     106         0.660
  6     102         0.580
  7     98          0.500
  8     95          0.420
  9     91          0.340
  10    144         0.260

Detector: BL_W130_T1.0_D30
Best Detection: 124 mmHg (confidence: 0.980)
Top 10 readings:
  Rank  Pressure    Confidence  
  ------------------------------
  1     124         0.980
  2     120         0.900
  3     116         0.820
  4     111         0.740
  5     106         0.660
  6     102         0.580
  7     98          0.500
  8     95          0.420
  9     91          0.340
  10    144         0.260

Detector: BL_W130_T1.0_D40
Best Detection: 124 mmHg (confidence: 0.980)
Top 10 readings:
  Rank  Pressure    Confidence  
  ------------------------------
  1     124         0.980
  2     120         0.900
  3     116         0.820
  4     111         0.740
  5     106         0.660
  6     102         0.580
  7     98          0.500
  8     95          0.420
  9     91          0.340
  10    143         0.260

Detector: BL_W130_T1.2_D2
Best Detection: 124 mmHg (confidence: 0.980)
Top 10 readings:
  Rank  Pressure    Confidence  
  ------------------------------
  1     124         0.980
  2     120         0.900
  3     115         0.820
  4     111         0.740
  5     106         0.660
  6     102         0.580
  7     98          0.500
  8     95          0.420
  9     91          0.340
  10    144         0.260

Detector: BL_W130_T1.2_D4
Best Detection: 124 mmHg (confidence: 0.980)
Top 10 readings:
  Rank  Pressure    Confidence  
  ------------------------------
  1     124         0.980
  2     120         0.900
  3     115         0.820
  4     111         0.740
  5     106         0.660
  6     102         0.580
  7     98          0.500
  8     95          0.420
  9     91          0.340
  10    144         0.260

Detector: BL_W130_T1.2_D6
Best Detection: 124 mmHg (confidence: 0.980)
Top 10 readings:
  Rank  Pressure    Confidence  
  ------------------------------
  1     124         0.980
  2     120         0.900
  3     115         0.820
  4     111         0.740
  5     106         0.660
  6     102         0.580
  7     98          0.500
  8     95          0.420
  9     91          0.340
  10    144         0.260

Detector: BL_W130_T1.2_D8
Best Detection: 124 mmHg (confidence: 0.980)
Top 10 readings:
  Rank  Pressure    Confidence  
  ------------------------------
  1     124         0.980
  2     120         0.900
  3     115         0.820
  4     111         0.740
  5     106         0.660
  6     102         0.580
  7     98          0.500
  8     95          0.420
  9     91          0.340
  10    144         0.260

Detector: BL_W130_T1.2_D10
Best Detection: 124 mmHg (confidence: 0.980)
Top 10 readings:
  Rank  Pressure    Confidence  
  ------------------------------
  1     124         0.980
  2     120         0.900
  3     115         0.820
  4     111         0.740
  5     106         0.660
  6     102         0.580
  7     98          0.500
  8     95          0.420
  9     91          0.340
  10    144         0.260

Detector: BL_W130_T1.2_D15
Best Detection: 124 mmHg (confidence: 0.980)
Top 10 readings:
  Rank  Pressure    Confidence  
  ------------------------------
  1     124         0.980
  2     120         0.900
  3     115         0.820
  4     111         0.740
  5     106         0.660
  6     102         0.580
  7     98          0.500
  8     95          0.420
  9     91          0.340
  10    144         0.260

Detector: BL_W130_T1.2_D20
Best Detection: 124 mmHg (confidence: 0.980)
Top 10 readings:
  Rank  Pressure    Confidence  
  ------------------------------
  1     124         0.980
  2     120         0.900
  3     115         0.820
  4     111         0.740
  5     106         0.660
  6     102         0.580
  7     98          0.500
  8     95          0.420
  9     91          0.340
  10    144         0.260

Detector: BL_W130_T1.2_D25
Best Detection: 124 mmHg (confidence: 0.980)
Top 10 readings:
  Rank  Pressure    Confidence  
  ------------------------------
  1     124         0.980
  2     120         0.900
  3     115         0.820
  4     111         0.740
  5     106         0.660
  6     102         0.580
  7     98          0.500
  8     95          0.420
  9     91          0.340
  10    144         0.260

Detector: BL_W130_T1.2_D30
Best Detection: 124 mmHg (confidence: 0.980)
Top 10 readings:
  Rank  Pressure    Confidence  
  ------------------------------
  1     124         0.980
  2     120         0.900
  3     115         0.820
  4     111         0.740
  5     106         0.660
  6     102         0.580
  7     98          0.500
  8     95          0.420
  9     91          0.340
  10    144         0.260

Detector: BL_W130_T1.2_D40
Best Detection: 124 mmHg (confidence: 0.980)
Top 10 readings:
  Rank  Pressure    Confidence  
  ------------------------------
  1     124         0.980
  2     120         0.900
  3     115         0.820
  4     111         0.740
  5     106         0.660
  6     102         0.580
  7     98          0.500
  8     95          0.420
  9     91          0.340
  10    143         0.260

Detector: BL_W130_T1.4_D2
Best Detection: 124 mmHg (confidence: 0.980)
Top 10 readings:
  Rank  Pressure    Confidence  
  ------------------------------
  1     124         0.980
  2     120         0.900
  3     115         0.820
  4     110         0.740
  5     106         0.660
  6     102         0.580
  7     98          0.500
  8     95          0.420
  9     91          0.340
  10    144         0.260

Detector: BL_W130_T1.4_D4
Best Detection: 124 mmHg (confidence: 0.980)
Top 10 readings:
  Rank  Pressure    Confidence  
  ------------------------------
  1     124         0.980
  2     120         0.900
  3     115         0.820
  4     110         0.740
  5     106         0.660
  6     102         0.580
  7     98          0.500
  8     95          0.420
  9     91          0.340
  10    144         0.260

Detector: BL_W130_T1.4_D6
Best Detection: 124 mmHg (confidence: 0.980)
Top 10 readings:
  Rank  Pressure    Confidence  
  ------------------------------
  1     124         0.980
  2     120         0.900
  3     115         0.820
  4     110         0.740
  5     106         0.660
  6     102         0.580
  7     98          0.500
  8     95          0.420
  9     91          0.340
  10    144         0.260

Detector: BL_W130_T1.4_D8
Best Detection: 124 mmHg (confidence: 0.980)
Top 10 readings:
  Rank  Pressure    Confidence  
  ------------------------------
  1     124         0.980
  2     120         0.900
  3     115         0.820
  4     110         0.740
  5     106         0.660
  6     102         0.580
  7     98          0.500
  8     95          0.420
  9     91          0.340
  10    144         0.260

Detector: BL_W130_T1.4_D10
Best Detection: 124 mmHg (confidence: 0.980)
Top 10 readings:
  Rank  Pressure    Confidence  
  ------------------------------
  1     124         0.980
  2     120         0.900
  3     115         0.820
  4     110         0.740
  5     106         0.660
  6     102         0.580
  7     98          0.500
  8     95          0.420
  9     91          0.340
  10    144         0.260

Detector: BL_W130_T1.4_D15
Best Detection: 124 mmHg (confidence: 0.980)
Top 10 readings:
  Rank  Pressure    Confidence  
  ------------------------------
  1     124         0.980
  2     120         0.900
  3     115         0.820
  4     110         0.740
  5     106         0.660
  6     102         0.580
  7     98          0.500
  8     95          0.420
  9     91          0.340
  10    144         0.260

Detector: BL_W130_T1.4_D20
Best Detection: 124 mmHg (confidence: 0.980)
Top 10 readings:
  Rank  Pressure    Confidence  
  ------------------------------
  1     124         0.980
  2     120         0.900
  3     115         0.820
  4     110         0.740
  5     106         0.660
  6     102         0.580
  7     98          0.500
  8     95          0.420
  9     91          0.340
  10    144         0.260

Detector: BL_W130_T1.4_D25
Best Detection: 124 mmHg (confidence: 0.980)
Top 10 readings:
  Rank  Pressure    Confidence  
  ------------------------------
  1     124         0.980
  2     120         0.900
  3     115         0.820
  4     110         0.740
  5     106         0.660
  6     102         0.580
  7     98          0.500
  8     95          0.420
  9     91          0.340
  10    144         0.260

Detector: BL_W130_T1.4_D30
Best Detection: 124 mmHg (confidence: 0.980)
Top 10 readings:
  Rank  Pressure    Confidence  
  ------------------------------
  1     124         0.980
  2     120         0.900
  3     115         0.820
  4     110         0.740
  5     106         0.660
  6     102         0.580
  7     98          0.500
  8     95          0.420
  9     91          0.340
  10    144         0.260

Detector: BL_W130_T1.4_D40
Best Detection: 124 mmHg (confidence: 0.980)
Top 10 readings:
  Rank  Pressure    Confidence  
  ------------------------------
  1     124         0.980
  2     120         0.900
  3     115         0.820
  4     110         0.740
  5     106         0.660
  6     102         0.580
  7     98          0.500
  8     95          0.420
  9     91          0.340
  10    143         0.260

Detector: BL_W130_T1.6_D2
Best Detection: 124 mmHg (confidence: 0.980)
Top 10 readings:
  Rank  Pressure    Confidence  
  ------------------------------
  1     124         0.980
  2     120         0.900
  3     115         0.820
  4     110         0.740
  5     106         0.660
  6     102         0.580
  7     98          0.500
  8     94          0.420
  9     91          0.340
  10    144         0.260

Detector: BL_W130_T1.6_D4
Best Detection: 124 mmHg (confidence: 0.980)
Top 10 readings:
  Rank  Pressure    Confidence  
  ------------------------------
  1     124         0.980
  2     120         0.900
  3     115         0.820
  4     110         0.740
  5     106         0.660
  6     102         0.580
  7     98          0.500
  8     94          0.420
  9     91          0.340
  10    144         0.260

Detector: BL_W130_T1.6_D6
Best Detection: 124 mmHg (confidence: 0.980)
Top 10 readings:
  Rank  Pressure    Confidence  
  ------------------------------
  1     124         0.980
  2     120         0.900
  3     115         0.820
  4     110         0.740
  5     106         0.660
  6     102         0.580
  7     98          0.500
  8     94          0.420
  9     91          0.340
  10    144         0.260

Detector: BL_W130_T1.6_D8
Best Detection: 124 mmHg (confidence: 0.980)
Top 10 readings:
  Rank  Pressure    Confidence  
  ------------------------------
  1     124         0.980
  2     120         0.900
  3     115         0.820
  4     110         0.740
  5     106         0.660
  6     102         0.580
  7     98          0.500
  8     94          0.420
  9     91          0.340
  10    144         0.260

Detector: BL_W130_T1.6_D10
Best Detection: 124 mmHg (confidence: 0.980)
Top 10 readings:
  Rank  Pressure    Confidence  
  ------------------------------
  1     124         0.980
  2     120         0.900
  3     115         0.820
  4     110         0.740
  5     106         0.660
  6     102         0.580
  7     98          0.500
  8     94          0.420
  9     91          0.340
  10    144         0.260

Detector: BL_W130_T1.6_D15
Best Detection: 124 mmHg (confidence: 0.980)
Top 10 readings:
  Rank  Pressure    Confidence  
  ------------------------------
  1     124         0.980
  2     120         0.900
  3     115         0.820
  4     110         0.740
  5     106         0.660
  6     102         0.580
  7     98          0.500
  8     94          0.420
  9     91          0.340
  10    144         0.260

Detector: BL_W130_T1.6_D20
Best Detection: 124 mmHg (confidence: 0.980)
Top 10 readings:
  Rank  Pressure    Confidence  
  ------------------------------
  1     124         0.980
  2     120         0.900
  3     115         0.820
  4     110         0.740
  5     106         0.660
  6     102         0.580
  7     98          0.500
  8     94          0.420
  9     91          0.340
  10    144         0.260

Detector: BL_W130_T1.6_D25
Best Detection: 124 mmHg (confidence: 0.980)
Top 10 readings:
  Rank  Pressure    Confidence  
  ------------------------------
  1     124         0.980
  2     120         0.900
  3     115         0.820
  4     110         0.740
  5     106         0.660
  6     102         0.580
  7     98          0.500
  8     94          0.420
  9     91          0.340
  10    144         0.260

Detector: BL_W130_T1.6_D30
Best Detection: 124 mmHg (confidence: 0.980)
Top 10 readings:
  Rank  Pressure    Confidence  
  ------------------------------
  1     124         0.980
  2     120         0.900
  3     115         0.820
  4     110         0.740
  5     106         0.660
  6     102         0.580
  7     98          0.500
  8     94          0.420
  9     91          0.340
  10    144         0.260

Detector: BL_W130_T1.6_D40
Best Detection: 124 mmHg (confidence: 0.980)
Top 10 readings:
  Rank  Pressure    Confidence  
  ------------------------------
  1     124         0.980
  2     120         0.900
  3     115         0.820
  4     110         0.740
  5     106         0.660
  6     102         0.580
  7     98          0.500
  8     94          0.420
  9     91          0.340
  10    143         0.260

Detector: BL_W130_T1.8_D2
Best Detection: 124 mmHg (confidence: 0.980)
Top 10 readings:
  Rank  Pressure    Confidence  
  ------------------------------
  1     124         0.980
  2     120         0.900
  3     114         0.820
  4     110         0.740
  5     106         0.660
  6     102         0.580
  7     98          0.500
  8     94          0.420
  9     91          0.340
  10    144         0.260

Detector: BL_W130_T1.8_D4
Best Detection: 124 mmHg (confidence: 0.980)
Top 10 readings:
  Rank  Pressure    Confidence  
  ------------------------------
  1     124         0.980
  2     120         0.900
  3     114         0.820
  4     110         0.740
  5     106         0.660
  6     102         0.580
  7     98          0.500
  8     94          0.420
  9     91          0.340
  10    144         0.260

Detector: BL_W130_T1.8_D6
Best Detection: 124 mmHg (confidence: 0.980)
Top 10 readings:
  Rank  Pressure    Confidence  
  ------------------------------
  1     124         0.980
  2     120         0.900
  3     114         0.820
  4     110         0.740
  5     106         0.660
  6     102         0.580
  7     98          0.500
  8     94          0.420
  9     91          0.340
  10    144         0.260

Detector: BL_W130_T1.8_D8
Best Detection: 124 mmHg (confidence: 0.980)
Top 10 readings:
  Rank  Pressure    Confidence  
  ------------------------------
  1     124         0.980
  2     120         0.900
  3     114         0.820
  4     110         0.740
  5     106         0.660
  6     102         0.580
  7     98          0.500
  8     94          0.420
  9     91          0.340
  10    144         0.260

Detector: BL_W130_T1.8_D10
Best Detection: 124 mmHg (confidence: 0.980)
Top 10 readings:
  Rank  Pressure    Confidence  
  ------------------------------
  1     124         0.980
  2     120         0.900
  3     114         0.820
  4     110         0.740
  5     106         0.660
  6     102         0.580
  7     98          0.500
  8     94          0.420
  9     91          0.340
  10    144         0.260

Detector: BL_W130_T1.8_D15
Best Detection: 124 mmHg (confidence: 0.980)
Top 10 readings:
  Rank  Pressure    Confidence  
  ------------------------------
  1     124         0.980
  2     120         0.900
  3     114         0.820
  4     110         0.740
  5     106         0.660
  6     102         0.580
  7     98          0.500
  8     94          0.420
  9     91          0.340
  10    144         0.260

Detector: BL_W130_T1.8_D20
Best Detection: 124 mmHg (confidence: 0.980)
Top 10 readings:
  Rank  Pressure    Confidence  
  ------------------------------
  1     124         0.980
  2     120         0.900
  3     114         0.820
  4     110         0.740
  5     106         0.660
  6     102         0.580
  7     98          0.500
  8     94          0.420
  9     91          0.340
  10    144         0.260

Detector: BL_W130_T1.8_D25
Best Detection: 124 mmHg (confidence: 0.980)
Top 10 readings:
  Rank  Pressure    Confidence  
  ------------------------------
  1     124         0.980
  2     120         0.900
  3     114         0.820
  4     110         0.740
  5     106         0.660
  6     102         0.580
  7     98          0.500
  8     94          0.420
  9     91          0.340
  10    144         0.260

Detector: BL_W130_T1.8_D30
Best Detection: 124 mmHg (confidence: 0.980)
Top 10 readings:
  Rank  Pressure    Confidence  
  ------------------------------
  1     124         0.980
  2     120         0.900
  3     114         0.820
  4     110         0.740
  5     106         0.660
  6     102         0.580
  7     98          0.500
  8     94          0.420
  9     91          0.340
  10    144         0.260

Detector: BL_W130_T1.8_D40
Best Detection: 124 mmHg (confidence: 0.980)
Top 10 readings:
  Rank  Pressure    Confidence  
  ------------------------------
  1     124         0.980
  2     120         0.900
  3     114         0.820
  4     110         0.740
  5     106         0.660
  6     102         0.580
  7     98          0.500
  8     94          0.420
  9     91          0.340
  10    143         0.260

Detector: BL_W130_T2.0_D2
Best Detection: 98 mmHg (confidence: 0.500)
Top 10 readings:
  Rank  Pressure    Confidence  
  ------------------------------
  1     98          0.500
  2     124         0.420
  3     94          0.420
  4     120         0.340
  5     91          0.340
  6     144         0.260
  7     114         0.260
  8     87          0.260
  9     142         0.208
  10    140         0.126

Detector: BL_W130_T2.0_D4
Best Detection: 98 mmHg (confidence: 0.500)
Top 10 readings:
  Rank  Pressure    Confidence  
  ------------------------------
  1     98          0.500
  2     124         0.420
  3     94          0.420
  4     120         0.340
  5     91          0.340
  6     144         0.260
  7     114         0.260
  8     87          0.260
  9     142         0.208
  10    140         0.126

Detector: BL_W130_T2.0_D6
Best Detection: 98 mmHg (confidence: 0.500)
Top 10 readings:
  Rank  Pressure    Confidence  
  ------------------------------
  1     98          0.500
  2     124         0.420
  3     94          0.420
  4     120         0.340
  5     91          0.340
  6     144         0.260
  7     114         0.260
  8     87          0.260
  9     142         0.208
  10    140         0.126

Detector: BL_W130_T2.0_D8
Best Detection: 98 mmHg (confidence: 0.500)
Top 10 readings:
  Rank  Pressure    Confidence  
  ------------------------------
  1     98          0.500
  2     124         0.420
  3     94          0.420
  4     120         0.340
  5     91          0.340
  6     144         0.260
  7     114         0.260
  8     87          0.260
  9     142         0.208
  10    140         0.126

Detector: BL_W130_T2.0_D10
Best Detection: 98 mmHg (confidence: 0.500)
Top 10 readings:
  Rank  Pressure    Confidence  
  ------------------------------
  1     98          0.500
  2     124         0.420
  3     94          0.420
  4     120         0.340
  5     91          0.340
  6     144         0.260
  7     114         0.260
  8     87          0.260
  9     142         0.208
  10    140         0.126

Detector: BL_W130_T2.0_D15
Best Detection: 98 mmHg (confidence: 0.500)
Top 10 readings:
  Rank  Pressure    Confidence  
  ------------------------------
  1     98          0.500
  2     124         0.420
  3     94          0.420
  4     120         0.340
  5     91          0.340
  6     144         0.260
  7     114         0.260
  8     87          0.260
  9     142         0.208
  10    140         0.126

Detector: BL_W130_T2.0_D20
Best Detection: 98 mmHg (confidence: 0.500)
Top 10 readings:
  Rank  Pressure    Confidence  
  ------------------------------
  1     98          0.500
  2     124         0.420
  3     94          0.420
  4     120         0.340
  5     91          0.340
  6     144         0.260
  7     114         0.260
  8     87          0.260
  9     142         0.208
  10    140         0.126

Detector: BL_W130_T2.0_D25
Best Detection: 98 mmHg (confidence: 0.500)
Top 10 readings:
  Rank  Pressure    Confidence  
  ------------------------------
  1     98          0.500
  2     124         0.420
  3     94          0.420
  4     120         0.340
  5     91          0.340
  6     144         0.260
  7     114         0.260
  8     87          0.260
  9     140         0.126
  10    137         0.126

Detector: BL_W130_T2.0_D30
Best Detection: 98 mmHg (confidence: 0.500)
Top 10 readings:
  Rank  Pressure    Confidence  
  ------------------------------
  1     98          0.500
  2     124         0.420
  3     94          0.420
  4     120         0.340
  5     91          0.340
  6     144         0.260
  7     114         0.260
  8     87          0.260
  9     140         0.126
  10    137         0.126

Detector: BL_W130_T2.0_D40
Best Detection: 98 mmHg (confidence: 0.500)
Top 10 readings:
  Rank  Pressure    Confidence  
  ------------------------------
  1     98          0.500
  2     124         0.420
  3     94          0.420
  4     120         0.340
  5     91          0.340
  6     143         0.260
  7     114         0.260
  8     87          0.260
  9     140         0.126
  10    137         0.126

Detector: BL_W130_T2.2_D2
Best Detection: 144 mmHg (confidence: 0.260)
Top 10 readings:
  Rank  Pressure    Confidence  
  ------------------------------
  1     144         0.260
  2     119         0.260
  3     87          0.260
  4     140         0.126
  5     137         0.126
  6     114         0.126
  7     83          0.126
  8     80          0.050
  9     135         0.010
  10    132         0.010

Detector: BL_W130_T2.2_D4
Best Detection: 144 mmHg (confidence: 0.260)
Top 10 readings:
  Rank  Pressure    Confidence  
  ------------------------------
  1     144         0.260
  2     119         0.260
  3     87          0.260
  4     140         0.126
  5     137         0.126
  6     114         0.126
  7     83          0.126
  8     80          0.050
  9     135         0.010
  10    132         0.010

Detector: BL_W130_T2.2_D6
Best Detection: 144 mmHg (confidence: 0.260)
Top 10 readings:
  Rank  Pressure    Confidence  
  ------------------------------
  1     144         0.260
  2     119         0.260
  3     87          0.260
  4     140         0.126
  5     137         0.126
  6     114         0.126
  7     83          0.126
  8     80          0.050
  9     135         0.010
  10    132         0.010

Detector: BL_W130_T2.2_D8
Best Detection: 144 mmHg (confidence: 0.260)
Top 10 readings:
  Rank  Pressure    Confidence  
  ------------------------------
  1     144         0.260
  2     119         0.260
  3     87          0.260
  4     140         0.126
  5     137         0.126
  6     114         0.126
  7     83          0.126
  8     80          0.050
  9     135         0.010
  10    132         0.010

Detector: BL_W130_T2.2_D10
Best Detection: 144 mmHg (confidence: 0.260)
Top 10 readings:
  Rank  Pressure    Confidence  
  ------------------------------
  1     144         0.260
  2     119         0.260
  3     87          0.260
  4     140         0.126
  5     137         0.126
  6     114         0.126
  7     83          0.126
  8     80          0.050
  9     135         0.010
  10    132         0.010

Detector: BL_W130_T2.2_D15
Best Detection: 144 mmHg (confidence: 0.260)
Top 10 readings:
  Rank  Pressure    Confidence  
  ------------------------------
  1     144         0.260
  2     119         0.260
  3     87          0.260
  4     142         0.208
  5     140         0.126
  6     137         0.126
  7     114         0.126
  8     83          0.126
  9     80          0.050
  10    135         0.010

Detector: BL_W130_T2.2_D20
Best Detection: 144 mmHg (confidence: 0.260)
Top 10 readings:
  Rank  Pressure    Confidence  
  ------------------------------
  1     144         0.260
  2     119         0.260
  3     87          0.260
  4     142         0.208
  5     140         0.126
  6     137         0.126
  7     114         0.126
  8     83          0.126
  9     80          0.050
  10    135         0.010

Detector: BL_W130_T2.2_D25
Best Detection: 144 mmHg (confidence: 0.260)
Top 10 readings:
  Rank  Pressure    Confidence  
  ------------------------------
  1     144         0.260
  2     119         0.260
  3     87          0.260
  4     140         0.126
  5     137         0.126
  6     114         0.126
  7     83          0.126
  8     80          0.050
  9     135         0.010
  10    132         0.010

Detector: BL_W130_T2.2_D30
Best Detection: 144 mmHg (confidence: 0.260)
Top 10 readings:
  Rank  Pressure    Confidence  
  ------------------------------
  1     144         0.260
  2     119         0.260
  3     87          0.260
  4     140         0.126
  5     137         0.126
  6     114         0.126
  7     83          0.126
  8     80          0.050
  9     135         0.010
  10    132         0.010

Detector: BL_W130_T2.2_D40
Best Detection: 143 mmHg (confidence: 0.260)
Top 10 readings:
  Rank  Pressure    Confidence  
  ------------------------------
  1     143         0.260
  2     119         0.260
  3     87          0.260
  4     140         0.126
  5     137         0.126
  6     114         0.126
  7     83          0.126
  8     80          0.050
  9     135         0.010
  10    132         0.010

Detector: BL_W130_T2.4_D2
Best Detection: 144 mmHg (confidence: 0.260)
Top 10 readings:
  Rank  Pressure    Confidence  
  ------------------------------
  1     144         0.260
  2     140         0.126
  3     137         0.126
  4     119         0.126
  5     87          0.126
  6     83          0.050
  7     135         0.010
  8     132         0.010
  9     114         0.010
  10    94          0.010

Detector: BL_W130_T2.4_D4
Best Detection: 144 mmHg (confidence: 0.260)
Top 10 readings:
  Rank  Pressure    Confidence  
  ------------------------------
  1     144         0.260
  2     140         0.126
  3     137         0.126
  4     119         0.126
  5     87          0.126
  6     83          0.050
  7     135         0.010
  8     132         0.010
  9     114         0.010
  10    94          0.010

Detector: BL_W130_T2.4_D6
Best Detection: 144 mmHg (confidence: 0.260)
Top 10 readings:
  Rank  Pressure    Confidence  
  ------------------------------
  1     144         0.260
  2     140         0.126
  3     137         0.126
  4     119         0.126
  5     87          0.126
  6     83          0.050
  7     135         0.010
  8     132         0.010
  9     114         0.010
  10    94          0.010

Detector: BL_W130_T2.4_D8
Best Detection: 144 mmHg (confidence: 0.260)
Top 10 readings:
  Rank  Pressure    Confidence  
  ------------------------------
  1     144         0.260
  2     140         0.126
  3     137         0.126
  4     119         0.126
  5     87          0.126
  6     83          0.050
  7     135         0.010
  8     132         0.010
  9     114         0.010
  10    94          0.010

Detector: BL_W130_T2.4_D10
Best Detection: 144 mmHg (confidence: 0.260)
Top 10 readings:
  Rank  Pressure    Confidence  
  ------------------------------
  1     144         0.260
  2     140         0.126
  3     137         0.126
  4     119         0.126
  5     87          0.126
  6     83          0.050
  7     135         0.010
  8     132         0.010
  9     114         0.010
  10    94          0.010

Detector: BL_W130_T2.4_D15
Best Detection: 144 mmHg (confidence: 0.260)
Top 10 readings:
  Rank  Pressure    Confidence  
  ------------------------------
  1     144         0.260
  2     142         0.208
  3     140         0.126
  4     137         0.126
  5     119         0.126
  6     87          0.126
  7     83          0.050
  8     135         0.010
  9     132         0.010
  10    114         0.010

Detector: BL_W130_T2.4_D20
Best Detection: 144 mmHg (confidence: 0.260)
Top 10 readings:
  Rank  Pressure    Confidence  
  ------------------------------
  1     144         0.260
  2     142         0.208
  3     140         0.126
  4     137         0.126
  5     119         0.126
  6     87          0.126
  7     83          0.050
  8     135         0.010
  9     132         0.010
  10    114         0.010

Detector: BL_W130_T2.4_D25
Best Detection: 144 mmHg (confidence: 0.260)
Top 10 readings:
  Rank  Pressure    Confidence  
  ------------------------------
  1     144         0.260
  2     140         0.126
  3     137         0.126
  4     119         0.126
  5     87          0.126
  6     83          0.050
  7     135         0.010
  8     132         0.010
  9     114         0.010
  10    94          0.010

Detector: BL_W130_T2.4_D30
Best Detection: 144 mmHg (confidence: 0.260)
Top 10 readings:
  Rank  Pressure    Confidence  
  ------------------------------
  1     144         0.260
  2     140         0.126
  3     137         0.126
  4     119         0.126
  5     87          0.126
  6     83          0.050
  7     135         0.010
  8     132         0.010
  9     114         0.010
  10    94          0.010

Detector: BL_W130_T2.4_D40
Best Detection: 143 mmHg (confidence: 0.260)
Top 10 readings:
  Rank  Pressure    Confidence  
  ------------------------------
  1     143         0.260
  2     140         0.126
  3     137         0.126
  4     119         0.126
  5     87          0.126
  6     83          0.050
  7     135         0.010
  8     132         0.010
  9     114         0.010
  10    94          0.010

Detector: BL_W130_T2.6_D2
Best Detection: 144 mmHg (confidence: 0.260)
Top 10 readings:
  Rank  Pressure    Confidence  
  ------------------------------
  1     144         0.260
  2     140         0.126
  3     137         0.126
  4     132         0.050
  5     135         0.010

Detector: BL_W130_T2.6_D4
Best Detection: 144 mmHg (confidence: 0.260)
Top 10 readings:
  Rank  Pressure    Confidence  
  ------------------------------
  1     144         0.260
  2     140         0.126
  3     137         0.126
  4     132         0.050
  5     135         0.010

Detector: BL_W130_T2.6_D6
Best Detection: 144 mmHg (confidence: 0.260)
Top 10 readings:
  Rank  Pressure    Confidence  
  ------------------------------
  1     144         0.260
  2     140         0.126
  3     137         0.126
  4     132         0.050
  5     135         0.010

Detector: BL_W130_T2.6_D8
Best Detection: 144 mmHg (confidence: 0.260)
Top 10 readings:
  Rank  Pressure    Confidence  
  ------------------------------
  1     144         0.260
  2     140         0.126
  3     137         0.126
  4     132         0.050
  5     135         0.010

Detector: BL_W130_T2.6_D10
Best Detection: 144 mmHg (confidence: 0.260)
Top 10 readings:
  Rank  Pressure    Confidence  
  ------------------------------
  1     144         0.260
  2     140         0.126
  3     137         0.126
  4     132         0.050
  5     135         0.010

Detector: BL_W130_T2.6_D15
Best Detection: 144 mmHg (confidence: 0.260)
Top 10 readings:
  Rank  Pressure    Confidence  
  ------------------------------
  1     144         0.260
  2     142         0.208
  3     140         0.126
  4     137         0.126
  5     132         0.050
  6     135         0.010

Detector: BL_W130_T2.6_D20
Best Detection: 144 mmHg (confidence: 0.260)
Top 10 readings:
  Rank  Pressure    Confidence  
  ------------------------------
  1     144         0.260
  2     142         0.208
  3     140         0.126
  4     137         0.126
  5     132         0.050
  6     135         0.010

Detector: BL_W130_T2.6_D25
Best Detection: 144 mmHg (confidence: 0.260)
Top 10 readings:
  Rank  Pressure    Confidence  
  ------------------------------
  1     144         0.260
  2     140         0.126
  3     137         0.126
  4     132         0.050
  5     135         0.010

Detector: BL_W130_T2.6_D30
Best Detection: 144 mmHg (confidence: 0.260)
Top 10 readings:
  Rank  Pressure    Confidence  
  ------------------------------
  1     144         0.260
  2     140         0.126
  3     137         0.126
  4     132         0.050
  5     135         0.010

Detector: BL_W130_T2.6_D40
Best Detection: 143 mmHg (confidence: 0.260)
Top 10 readings:
  Rank  Pressure    Confidence  
  ------------------------------
  1     143         0.260
  2     140         0.126
  3     137         0.126
  4     132         0.050
  5     135         0.010

Detector: BL_W130_T2.8_D2
Best Detection: 144 mmHg (confidence: 0.260)
Top 10 readings:
  Rank  Pressure    Confidence  
  ------------------------------
  1     144         0.260
  2     140         0.126
  3     137         0.126
  4     132         0.050
  5     135         0.010

Detector: BL_W130_T2.8_D4
Best Detection: 144 mmHg (confidence: 0.260)
Top 10 readings:
  Rank  Pressure    Confidence  
  ------------------------------
  1     144         0.260
  2     140         0.126
  3     137         0.126
  4     132         0.050
  5     135         0.010

Detector: BL_W130_T2.8_D6
Best Detection: 144 mmHg (confidence: 0.260)
Top 10 readings:
  Rank  Pressure    Confidence  
  ------------------------------
  1     144         0.260
  2     140         0.126
  3     137         0.126
  4     132         0.050
  5     135         0.010

Detector: BL_W130_T2.8_D8
Best Detection: 144 mmHg (confidence: 0.260)
Top 10 readings:
  Rank  Pressure    Confidence  
  ------------------------------
  1     144         0.260
  2     140         0.126
  3     137         0.126
  4     132         0.050
  5     135         0.010

Detector: BL_W130_T2.8_D10
Best Detection: 144 mmHg (confidence: 0.260)
Top 10 readings:
  Rank  Pressure    Confidence  
  ------------------------------
  1     144         0.260
  2     140         0.126
  3     137         0.126
  4     132         0.050
  5     135         0.010

Detector: BL_W130_T2.8_D15
Best Detection: 144 mmHg (confidence: 0.260)
Top 10 readings:
  Rank  Pressure    Confidence  
  ------------------------------
  1     144         0.260
  2     142         0.208
  3     140         0.126
  4     137         0.126
  5     132         0.050
  6     135         0.010

Detector: BL_W130_T2.8_D20
Best Detection: 144 mmHg (confidence: 0.260)
Top 10 readings:
  Rank  Pressure    Confidence  
  ------------------------------
  1     144         0.260
  2     142         0.208
  3     140         0.126
  4     137         0.126
  5     132         0.050
  6     135         0.010

Detector: BL_W130_T2.8_D25
Best Detection: 144 mmHg (confidence: 0.260)
Top 10 readings:
  Rank  Pressure    Confidence  
  ------------------------------
  1     144         0.260
  2     140         0.126
  3     137         0.126
  4     132         0.050
  5     135         0.010

Detector: BL_W130_T2.8_D30
Best Detection: 144 mmHg (confidence: 0.260)
Top 10 readings:
  Rank  Pressure    Confidence  
  ------------------------------
  1     144         0.260
  2     140         0.126
  3     137         0.126
  4     132         0.050
  5     135         0.010

Detector: BL_W130_T2.8_D40
Best Detection: 143 mmHg (confidence: 0.260)
Top 10 readings:
  Rank  Pressure    Confidence  
  ------------------------------
  1     143         0.260
  2     140         0.126
  3     137         0.126
  4     132         0.050
  5     135         0.010

Detector: BL_W130_T3.0_D2
Best Detection: 144 mmHg (confidence: 0.260)
Top 10 readings:
  Rank  Pressure    Confidence  
  ------------------------------
  1     144         0.260
  2     140         0.126
  3     137         0.126
  4     132         0.050
  5     135         0.010

Detector: BL_W130_T3.0_D4
Best Detection: 144 mmHg (confidence: 0.260)
Top 10 readings:
  Rank  Pressure    Confidence  
  ------------------------------
  1     144         0.260
  2     140         0.126
  3     137         0.126
  4     132         0.050
  5     135         0.010

Detector: BL_W130_T3.0_D6
Best Detection: 144 mmHg (confidence: 0.260)
Top 10 readings:
  Rank  Pressure    Confidence  
  ------------------------------
  1     144         0.260
  2     140         0.126
  3     137         0.126
  4     132         0.050
  5     135         0.010

Detector: BL_W130_T3.0_D8
Best Detection: 144 mmHg (confidence: 0.260)
Top 10 readings:
  Rank  Pressure    Confidence  
  ------------------------------
  1     144         0.260
  2     140         0.126
  3     137         0.126
  4     132         0.050
  5     135         0.010

Detector: BL_W130_T3.0_D10
Best Detection: 144 mmHg (confidence: 0.260)
Top 10 readings:
  Rank  Pressure    Confidence  
  ------------------------------
  1     144         0.260
  2     140         0.126
  3     137         0.126
  4     132         0.050
  5     135         0.010

Detector: BL_W130_T3.0_D15
Best Detection: 144 mmHg (confidence: 0.260)
Top 10 readings:
  Rank  Pressure    Confidence  
  ------------------------------
  1     144         0.260
  2     142         0.208
  3     140         0.126
  4     137         0.126
  5     132         0.050
  6     135         0.010

Detector: BL_W130_T3.0_D20
Best Detection: 144 mmHg (confidence: 0.260)
Top 10 readings:
  Rank  Pressure    Confidence  
  ------------------------------
  1     144         0.260
  2     142         0.208
  3     140         0.126
  4     137         0.126
  5     132         0.050
  6     135         0.010

Detector: BL_W130_T3.0_D25
Best Detection: 144 mmHg (confidence: 0.260)
Top 10 readings:
  Rank  Pressure    Confidence  
  ------------------------------
  1     144         0.260
  2     140         0.126
  3     137         0.126
  4     132         0.050
  5     135         0.010

Detector: BL_W130_T3.0_D30
Best Detection: 144 mmHg (confidence: 0.260)
Top 10 readings:
  Rank  Pressure    Confidence  
  ------------------------------
  1     144         0.260
  2     140         0.126
  3     137         0.126
  4     132         0.050
  5     135         0.010

Detector: BL_W130_T3.0_D40
Best Detection: 143 mmHg (confidence: 0.260)
Top 10 readings:
  Rank  Pressure    Confidence  
  ------------------------------
  1     143         0.260
  2     140         0.126
  3     137         0.126
  4     132         0.050
  5     135         0.010

