=== Blood Pressure Measurement Report - Run #1 ===

Baseline HR: 105.6 BPM
Valid interval: 337-914 ms

*** ENSEMBLE RESULT ***
Ensemble Systolic: 110 mmHg
Confidence: 0.079
95% CI: [108 - 112] mmHg
Agreement: 3380/990 detectors

MAP: 88 mmHg
Est. Diastolic: 77 mmHg
Oscillometric MAP Systolic: -1 mmHg
Oscillometric MAP Diastolic: -1 mmHg

--- DETECTOR PERFORMANCE SUMMARY ---

Detector                           Best        Conf         | Rank  Best        Error       
-----------------------------------------------------------------------------------------------
BL_W120_T1.0_D15                   112         1.200        | 329   112         22.6        
BL_W60_T1.0_D8                     124         1.200        | 45    124         11.4        
BL_W60_T1.0_D10                    124         1.200        | 44    124         11.4        
BL_W60_T1.0_D15                    124         1.200        | 43    124         11.4        
BL_W60_T1.0_D20                    124         1.200        | 42    124         11.4        
BL_W60_T1.0_D25                    124         1.200        | 28    124         11.4        
BL_W60_T1.0_D30                    124         1.200        | 35    124         11.4        
BL_W60_T1.0_D40                    124         1.200        | 31    124         11.4        
BL_W120_T1.0_D40                   112         1.200        | 325   112         22.6        
BL_W120_T1.0_D30                   112         1.200        | 326   112         22.6        
BL_W120_T1.0_D25                   112         1.200        | 327   112         22.6        
BL_W120_T1.0_D20                   112         1.200        | 328   112         22.6        
BL_W60_T1.0_D6                     124         1.200        | 46    124         11.4        
BL_W120_T1.0_D10                   112         1.200        | 330   112         22.6        
BL_W120_T1.0_D8                    112         1.200        | 324   112         22.6        
BL_W120_T1.0_D6                    112         1.200        | 331   112         22.6        
BL_W120_T1.0_D4                    112         1.200        | 332   112         22.6        
BL_W120_T1.0_D2                    112         1.200        | 333   112         22.6        
BL_W90_T1.0_D2                     119         1.200        | 204   119         16.2        
BL_W90_T1.0_D4                     119         1.200        | 215   119         16.2        
BL_W90_T1.0_D6                     119         1.200        | 214   119         16.2        
BL_W90_T1.0_D8                     119         1.200        | 213   119         16.2        
BL_W90_T1.0_D10                    119         1.200        | 212   119         16.2        
BL_W80_T1.0_D30                    119         1.200        | 152   119         15.8        
BL_W110_T1.2_D4                    115         1.200        | 297   115         20.4        
BL_W110_T1.2_D6                    115         1.200        | 296   115         20.4        
BL_W110_T1.2_D8                    115         1.200        | 295   115         20.4        
BL_W110_T1.2_D10                   115         1.200        | 294   115         20.4        
BL_W110_T1.2_D15                   115         1.200        | 314   115         20.4        
BL_W110_T1.2_D20                   115         1.200        | 309   115         20.4        
BL_W110_T1.2_D25                   115         1.200        | 322   115         20.4        
BL_W110_T1.2_D30                   115         1.200        | 321   115         20.4        
BL_W110_T1.2_D40                   115         1.200        | 320   115         20.4        
BL_W110_T1.4_D2                    115         1.200        | 319   115         20.4        
BL_W90_T1.0_D15                    119         1.200        | 211   119         16.2        
BL_W80_T1.0_D25                    119         1.200        | 145   119         15.8        
BL_W80_T1.0_D20                    119         1.200        | 151   119         15.8        
BL_W80_T1.0_D15                    119         1.200        | 150   119         15.8        
BL_W80_T1.0_D10                    119         1.200        | 149   119         15.8        
BL_W80_T1.0_D8                     119         1.200        | 148   119         15.8        
BL_W80_T1.0_D6                     119         1.200        | 147   119         15.8        
BL_W80_T1.0_D4                     119         1.200        | 146   119         15.8        
BL_W80_T1.0_D2                     119         1.200        | 144   119         15.8        
BL_W60_T1.0_D2                     124         1.200        | 48    124         11.4        
BL_W60_T1.0_D4                     124         1.200        | 47    124         11.4        
BL_W70_T1.2_D2                     121         1.200        | 136   121         14.0        
BL_W90_T1.2_D40                    119         1.200        | 223   119         16.2        
BL_W50_T1.0_D2                     127         1.200        | 10    127         8.2         
BL_W70_T1.2_D40                    121         1.200        | 127   121         14.0        
BL_W70_T1.2_D30                    121         1.200        | 128   121         14.0        
BL_W70_T1.2_D25                    121         1.200        | 129   121         14.0        
BL_W70_T1.2_D20                    121         1.200        | 130   121         14.0        
BL_W70_T1.2_D15                    121         1.200        | 131   121         14.0        
BL_W70_T1.2_D10                    121         1.200        | 132   121         14.0        
BL_W70_T1.2_D8                     121         1.200        | 133   121         14.0        
BL_W70_T1.2_D6                     121         1.200        | 134   121         14.0        
BL_W70_T1.2_D4                     121         1.200        | 135   121         14.0        
BL_W90_T1.2_D30                    119         1.200        | 222   119         16.2        
BL_W70_T1.0_D40                    121         1.200        | 137   121         14.0        
BL_W70_T1.0_D30                    121         1.200        | 138   121         14.0        
BL_W70_T1.0_D25                    121         1.200        | 123   121         14.0        
BL_W70_T1.0_D20                    121         1.200        | 85    121         14.0        
BL_W70_T1.0_D15                    121         1.200        | 94    121         14.0        
BL_W70_T1.0_D10                    121         1.200        | 93    121         14.0        
BL_W70_T1.0_D8                     121         1.200        | 92    121         14.0        
BL_W70_T1.0_D6                     121         1.200        | 91    121         14.0        
BL_W70_T1.0_D4                     121         1.200        | 90    121         14.0        
BL_W70_T1.0_D2                     121         1.200        | 89    121         14.0        
BL_W110_T1.4_D25                   115         1.200        | 312   115         20.4        
BL_W90_T1.0_D20                    119         1.200        | 210   119         16.2        
BL_W90_T1.0_D25                    119         1.200        | 209   119         16.2        
BL_W90_T1.0_D30                    119         1.200        | 208   119         16.2        
BL_W90_T1.0_D40                    119         1.200        | 207   119         16.2        
BL_W110_T1.4_D4                    115         1.200        | 318   115         20.4        
BL_W110_T1.4_D6                    115         1.200        | 317   115         20.4        
BL_W110_T1.4_D8                    115         1.200        | 323   115         20.4        
BL_W110_T1.4_D10                   115         1.200        | 316   115         20.4        
BL_W110_T1.4_D15                   115         1.200        | 315   115         20.4        
BL_W110_T1.4_D20                   115         1.200        | 313   115         20.4        
BL_W50_T1.0_D4                     127         1.200        | 1     127         8.2         
BL_W110_T1.4_D30                   115         1.200        | 311   115         20.4        
BL_W110_T1.4_D40                   115         1.200        | 310   115         20.4        
BL_W90_T1.2_D2                     119         1.200        | 206   119         16.2        
BL_W90_T1.2_D4                     119         1.200        | 205   119         16.2        
BL_W90_T1.2_D6                     119         1.200        | 216   119         16.2        
BL_W90_T1.2_D8                     119         1.200        | 217   119         16.2        
BL_W90_T1.2_D10                    119         1.200        | 218   119         16.2        
BL_W90_T1.2_D15                    119         1.200        | 219   119         16.2        
BL_W90_T1.2_D20                    119         1.200        | 220   119         16.2        
BL_W90_T1.2_D25                    119         1.200        | 221   119         16.2        
BL_W80_T1.2_D6                     119         1.200        | 156   119         15.8        
BL_W110_T1.2_D2                    115         1.200        | 298   115         20.4        
BL_W80_T1.2_D40                    119         1.200        | 163   119         15.8        
BL_W80_T1.2_D30                    119         1.200        | 162   119         15.8        
BL_W80_T1.2_D25                    119         1.200        | 161   119         15.8        
BL_W80_T1.2_D20                    119         1.200        | 160   119         15.8        
BL_W80_T1.2_D15                    119         1.200        | 159   119         15.8        
BL_W80_T1.2_D10                    119         1.200        | 158   119         15.8        
BL_W80_T1.2_D8                     119         1.200        | 157   119         15.8        
BL_W120_T1.2_D2                    112         1.200        | 335   112         23.2        
BL_W80_T1.2_D4                     119         1.200        | 155   119         15.8        
BL_W80_T1.2_D2                     119         1.200        | 154   119         15.8        
BL_W80_T1.0_D40                    119         1.200        | 153   119         15.8        
BL_W100_T1.4_D40                   117         1.200        | 239   117         18.4        
BL_W100_T1.4_D30                   117         1.200        | 238   117         18.4        
BL_W100_T1.4_D25                   117         1.200        | 237   117         18.4        
BL_W100_T1.4_D20                   117         1.200        | 224   117         18.4        
BL_W100_T1.4_D15                   117         1.200        | 225   117         18.4        
BL_W50_T1.0_D10                    127         1.200        | 16    127         8.2         
BL_W120_T1.2_D30                   112         1.200        | 342   112         23.2        
BL_W120_T1.2_D40                   112         1.200        | 343   112         23.2        
BL_W50_T1.0_D40                    127         1.200        | 11    127         8.2         
BL_W50_T1.0_D30                    127         1.200        | 14    127         8.2         
BL_W120_T1.2_D25                   112         1.200        | 334   112         23.2        
BL_W50_T1.0_D25                    127         1.200        | 12    127         8.2         
BL_W50_T1.0_D20                    127         1.200        | 13    127         8.2         
BL_W50_T1.0_D15                    127         1.200        | 15    127         8.2         
BL_W110_T1.0_D40                   115         1.200        | 299   115         20.4        
BL_W50_T1.0_D8                     127         1.200        | 17    127         8.2         
BL_W50_T1.0_D6                     127         1.200        | 18    127         8.2         
BL_W120_T1.2_D20                   112         1.200        | 340   112         23.2        
BL_W120_T1.2_D15                   112         1.200        | 339   112         23.2        
BL_W120_T1.2_D10                   112         1.200        | 341   112         23.2        
BL_W120_T1.2_D8                    112         1.200        | 338   112         23.2        
BL_W120_T1.2_D6                    112         1.200        | 337   112         23.2        
BL_W120_T1.2_D4                    112         1.200        | 336   112         23.2        
BL_W110_T1.0_D2                    115         1.200        | 307   115         20.4        
BL_W100_T1.0_D25                   117         1.200        | 255   117         18.4        
BL_W100_T1.0_D20                   117         1.200        | 256   117         18.4        
BL_W100_T1.0_D15                   117         1.200        | 257   117         18.4        
BL_W100_T1.0_D10                   117         1.200        | 258   117         18.4        
BL_W100_T1.0_D8                    117         1.200        | 259   117         18.4        
BL_W100_T1.0_D6                    117         1.200        | 260   117         18.4        
BL_W100_T1.0_D4                    117         1.200        | 236   117         18.4        
BL_W100_T1.0_D2                    117         1.200        | 271   117         18.4        
BL_W100_T1.4_D8                    117         1.200        | 228   117         18.4        
BL_W110_T1.0_D4                    115         1.200        | 306   115         20.4        
BL_W110_T1.0_D6                    115         1.200        | 305   115         20.4        
BL_W110_T1.0_D8                    115         1.200        | 304   115         20.4        
BL_W110_T1.0_D10                   115         1.200        | 308   115         20.4        
BL_W110_T1.0_D15                   115         1.200        | 303   115         20.4        
BL_W110_T1.0_D20                   115         1.200        | 302   115         20.4        
BL_W110_T1.0_D25                   115         1.200        | 301   115         20.4        
BL_W110_T1.0_D30                   115         1.200        | 300   115         20.4        
BL_W100_T1.0_D30                   117         1.200        | 254   117         18.4        
BL_W100_T1.2_D25                   117         1.200        | 279   117         18.4        
BL_W100_T1.2_D20                   117         1.200        | 280   117         18.4        
BL_W100_T1.2_D15                   117         1.200        | 281   117         18.4        
BL_W100_T1.2_D10                   117         1.200        | 282   117         18.4        
BL_W100_T1.2_D8                    117         1.200        | 284   117         18.4        
BL_W100_T1.2_D6                    117         1.200        | 283   117         18.4        
BL_W100_T1.2_D4                    117         1.200        | 293   117         18.4        
BL_W100_T1.2_D2                    117         1.200        | 292   117         18.4        
BL_W100_T1.0_D40                   117         1.200        | 291   117         18.4        
BL_W100_T1.2_D30                   117         1.200        | 278   117         18.4        
BL_W100_T1.2_D40                   117         1.200        | 232   117         18.4        
BL_W100_T1.4_D2                    117         1.200        | 231   117         18.4        
BL_W100_T1.4_D4                    117         1.200        | 230   117         18.4        
BL_W100_T1.4_D6                    117         1.200        | 229   117         18.4        
BL_W100_T1.4_D10                   117         1.200        | 227   117         18.4        
BL_W120_T1.4_D8                    111         1.140        | 359   111         24.2        
BL_W120_T1.4_D10                   111         1.140        | 358   111         24.2        
BL_W70_T1.4_D2                     110         1.140        | 477   110         24.6        
BL_W120_T1.4_D15                   111         1.140        | 357   111         24.2        
BL_W120_T1.4_D20                   111         1.140        | 356   111         24.2        
BL_W120_T1.4_D25                   111         1.140        | 355   111         24.2        
BL_W120_T1.4_D30                   111         1.140        | 354   111         24.2        
BL_W120_T1.4_D40                   111         1.140        | 351   111         24.2        
BL_W130_T1.0_D40                   111         1.140        | 364   111         24.2        
BL_W130_T1.0_D25                   111         1.140        | 366   111         24.2        
BL_W120_T1.4_D6                    111         1.140        | 360   111         24.2        
BL_W120_T1.4_D4                    111         1.140        | 361   111         24.2        
BL_W130_T1.0_D30                   111         1.140        | 365   111         24.2        
BL_W120_T1.4_D2                    111         1.140        | 362   111         24.2        
BL_W130_T1.0_D4                    111         1.140        | 371   111         24.2        
BL_W130_T1.0_D6                    111         1.140        | 370   111         24.2        
BL_W130_T1.0_D8                    111         1.140        | 373   111         24.2        
BL_W130_T1.0_D10                   111         1.140        | 369   111         24.2        
BL_W130_T1.0_D15                   111         1.140        | 368   111         24.2        
BL_W130_T1.0_D20                   111         1.140        | 367   111         24.2        
BL_W90_T1.4_D8                     110         1.140        | 528   110         24.6        
BL_W80_T1.4_D2                     110         1.140        | 455   110         24.6        
BL_W80_T1.4_D4                     110         1.140        | 454   110         24.6        
BL_W80_T1.4_D6                     110         1.140        | 453   110         24.6        
BL_W80_T1.4_D8                     110         1.140        | 452   110         24.6        
BL_W80_T1.4_D10                    110         1.140        | 451   110         24.6        
BL_W80_T1.4_D15                    110         1.140        | 450   110         24.6        
BL_W80_T1.4_D20                    110         1.140        | 449   110         24.6        
BL_W80_T1.4_D25                    110         1.140        | 448   110         24.6        
BL_W80_T1.4_D30                    110         1.140        | 447   110         24.6        
BL_W80_T1.4_D40                    110         1.140        | 436   110         24.6        
BL_W130_T1.0_D2                    111         1.140        | 372   111         24.2        
BL_W90_T1.4_D2                     110         1.140        | 525   110         24.6        
BL_W90_T1.4_D4                     110         1.140        | 526   110         24.6        
BL_W90_T1.4_D6                     110         1.140        | 527   110         24.6        
BL_W70_T1.4_D4                     110         1.140        | 478   110         24.6        
BL_W90_T1.4_D10                    110         1.140        | 529   110         24.6        
BL_W90_T1.4_D15                    110         1.140        | 515   110         24.6        
BL_W90_T1.4_D20                    110         1.140        | 531   110         24.6        
BL_W90_T1.4_D25                    110         1.140        | 532   110         24.6        
BL_W90_T1.4_D30                    110         1.140        | 533   110         24.6        
BL_W90_T1.4_D40                    110         1.140        | 534   110         24.6        
BL_W70_T1.4_D40                    110         1.140        | 476   110         24.6        
BL_W70_T1.4_D30                    110         1.140        | 485   110         24.6        
BL_W70_T1.4_D25                    110         1.140        | 484   110         24.6        
BL_W70_T1.4_D20                    110         1.140        | 483   110         24.6        
BL_W70_T1.4_D15                    110         1.140        | 482   110         24.6        
BL_W70_T1.4_D10                    110         1.140        | 481   110         24.6        
BL_W70_T1.4_D8                     110         1.140        | 480   110         24.6        
BL_W70_T1.4_D6                     110         1.140        | 479   110         24.6        
BL_W60_T1.4_D2                     110         1.140        | 496   110         24.6        
BL_W60_T1.2_D2                     110         1.140        | 466   110         24.6        
BL_W60_T1.2_D4                     110         1.140        | 497   110         24.6        
BL_W60_T1.2_D6                     110         1.140        | 498   110         24.6        
BL_W60_T1.2_D8                     110         1.140        | 499   110         24.6        
BL_W60_T1.2_D10                    110         1.140        | 500   110         24.6        
BL_W60_T1.2_D15                    110         1.140        | 501   110         24.6        
BL_W60_T1.2_D20                    110         1.140        | 502   110         24.6        
BL_W60_T1.2_D25                    110         1.140        | 503   110         24.6        
BL_W60_T1.2_D30                    110         1.140        | 504   110         24.6        
BL_W60_T1.2_D40                    110         1.140        | 505   110         24.6        
BL_W50_T1.4_D40                    110         1.140        | 475   110         24.6        
BL_W60_T1.4_D4                     110         1.140        | 507   110         24.6        
BL_W60_T1.4_D6                     110         1.140        | 508   110         24.6        
BL_W60_T1.4_D8                     110         1.140        | 509   110         24.6        
BL_W60_T1.4_D10                    110         1.140        | 510   110         24.6        
BL_W60_T1.4_D15                    110         1.140        | 511   110         24.6        
BL_W60_T1.4_D20                    110         1.140        | 512   110         24.6        
BL_W60_T1.4_D25                    110         1.140        | 513   110         24.6        
BL_W60_T1.4_D30                    110         1.140        | 514   110         24.6        
BL_W60_T1.4_D40                    110         1.140        | 486   110         24.6        
BL_W50_T1.2_D40                    110         1.140        | 465   110         24.6        
BL_W50_T1.2_D2                     110         1.140        | 555   110         24.6        
BL_W50_T1.2_D4                     110         1.140        | 457   110         24.6        
BL_W50_T1.2_D6                     110         1.140        | 458   110         24.6        
BL_W50_T1.2_D8                     110         1.140        | 459   110         24.6        
BL_W50_T1.2_D10                    110         1.140        | 460   110         24.6        
BL_W50_T1.2_D15                    110         1.140        | 461   110         24.6        
BL_W50_T1.2_D20                    110         1.140        | 462   110         24.6        
BL_W50_T1.2_D25                    110         1.140        | 463   110         24.6        
BL_W50_T1.2_D30                    110         1.140        | 464   110         24.6        
BL_W130_T1.2_D4                    111         1.140        | 345   111         24.2        
BL_W50_T1.4_D2                     110         1.140        | 456   110         24.6        
BL_W50_T1.4_D4                     110         1.140        | 467   110         24.6        
BL_W50_T1.4_D6                     110         1.140        | 468   110         24.6        
BL_W50_T1.4_D8                     110         1.140        | 469   110         24.6        
BL_W50_T1.4_D10                    110         1.140        | 470   110         24.6        
BL_W50_T1.4_D15                    110         1.140        | 506   110         24.6        
BL_W50_T1.4_D20                    110         1.140        | 472   110         24.6        
BL_W50_T1.4_D25                    110         1.140        | 473   110         24.6        
BL_W50_T1.4_D30                    110         1.140        | 474   110         24.6        
BL_W130_T1.2_D40                   111         1.140        | 353   111         24.2        
BL_W130_T1.4_D2                    110         1.140        | 408   110         24.6        
BL_W130_T1.4_D4                    110         1.140        | 471   110         24.6        
BL_W130_T1.4_D6                    110         1.140        | 530   110         24.6        
BL_W130_T1.4_D8                    110         1.140        | 546   110         24.6        
BL_W130_T1.4_D10                   110         1.140        | 547   110         24.6        
BL_W130_T1.4_D15                   110         1.140        | 548   110         24.6        
BL_W130_T1.4_D20                   110         1.140        | 549   110         24.6        
BL_W130_T1.4_D25                   110         1.140        | 550   110         24.6        
BL_W130_T1.4_D30                   110         1.140        | 551   110         24.6        
BL_W130_T1.2_D2                    111         1.140        | 344   111         24.2        
BL_W130_T1.2_D6                    111         1.140        | 346   111         24.2        
BL_W130_T1.2_D8                    111         1.140        | 347   111         24.2        
BL_W130_T1.2_D10                   111         1.140        | 348   111         24.2        
BL_W130_T1.2_D15                   111         1.140        | 349   111         24.2        
BL_W130_T1.2_D20                   111         1.140        | 350   111         24.2        
BL_W130_T1.2_D25                   111         1.140        | 363   111         24.2        
BL_W130_T1.2_D30                   111         1.140        | 352   111         24.2        
BL_W130_T1.4_D40                   110         1.140        | 552   110         24.6        
BL_W130_T1.6_D8                    110         0.980        | 557   110         24.6        
BL_W130_T1.6_D2                    110         0.980        | 553   110         24.6        
BL_W130_T1.6_D40                   110         0.980        | 562   110         24.6        
BL_W130_T1.6_D30                   110         0.980        | 561   110         24.6        
BL_W130_T1.6_D25                   110         0.980        | 560   110         24.6        
BL_W130_T1.6_D20                   110         0.980        | 563   110         24.6        
BL_W130_T1.6_D10                   110         0.980        | 558   110         24.6        
BL_W130_T1.6_D6                    110         0.980        | 556   110         24.6        
BL_W130_T1.6_D4                    110         0.980        | 554   110         24.6        
BL_W100_T1.6_D2                    110         0.980        | 423   110         24.6        
BL_W100_T1.6_D4                    110         0.980        | 424   110         24.6        
BL_W130_T1.6_D15                   110         0.980        | 559   110         24.6        
BL_W100_T1.6_D6                    110         0.980        | 425   110         24.6        
BL_W100_T1.6_D8                    110         0.980        | 426   110         24.6        
BL_W100_T1.6_D10                   110         0.980        | 427   110         24.6        
BL_W100_T1.6_D15                   110         0.980        | 419   110         24.6        
BL_W100_T1.6_D20                   110         0.980        | 429   110         24.6        
BL_W100_T1.6_D25                   110         0.980        | 430   110         24.6        
BL_W100_T1.6_D30                   110         0.980        | 431   110         24.6        
BL_W100_T1.6_D40                   110         0.980        | 432   110         24.6        
BL_W90_T1.6_D15                    110         0.900        | 540   110         24.6        
BL_W120_T1.6_D40                   110         0.900        | 422   110         24.6        
BL_W120_T1.6_D30                   110         0.900        | 421   110         24.6        
BL_W120_T1.6_D25                   110         0.900        | 420   110         24.6        
BL_W120_T1.6_D20                   110         0.900        | 428   110         24.6        
BL_W110_T1.6_D2                    110         0.900        | 398   110         24.6        
BL_W120_T1.6_D10                   110         0.900        | 386   110         24.6        
BL_W120_T1.6_D8                    110         0.900        | 384   110         24.6        
BL_W120_T1.6_D6                    110         0.900        | 383   110         24.6        
BL_W120_T1.6_D4                    110         0.900        | 382   110         24.6        
BL_W90_T1.6_D2                     110         0.900        | 535   110         24.6        
BL_W90_T1.6_D4                     110         0.900        | 536   110         24.6        
BL_W90_T1.6_D6                     110         0.900        | 537   110         24.6        
BL_W90_T1.6_D8                     110         0.900        | 538   110         24.6        
BL_W90_T1.6_D10                    110         0.900        | 539   110         24.6        
BL_W120_T1.6_D15                   110         0.900        | 392   110         24.6        
BL_W90_T1.6_D20                    110         0.900        | 541   110         24.6        
BL_W90_T1.6_D25                    110         0.900        | 542   110         24.6        
BL_W90_T1.6_D30                    110         0.900        | 543   110         24.6        
BL_W80_T1.6_D40                    110         0.900        | 446   110         24.6        
BL_W80_T1.6_D30                    110         0.900        | 437   110         24.6        
BL_W80_T1.6_D25                    110         0.900        | 438   110         24.6        
BL_W80_T1.6_D20                    110         0.900        | 439   110         24.6        
BL_W80_T1.6_D15                    110         0.900        | 440   110         24.6        
BL_W80_T1.6_D10                    110         0.900        | 441   110         24.6        
BL_W80_T1.6_D8                     110         0.900        | 442   110         24.6        
BL_W80_T1.6_D6                     110         0.900        | 443   110         24.6        
BL_W80_T1.6_D4                     110         0.900        | 444   110         24.6        
BL_W90_T1.6_D40                    110         0.900        | 544   110         24.6        
BL_W80_T1.6_D2                     110         0.900        | 445   110         24.6        
BL_W120_T1.6_D2                    110         0.900        | 399   110         24.6        
BL_W110_T1.6_D4                    110         0.900        | 397   110         24.6        
BL_W110_T1.6_D6                    110         0.900        | 396   110         24.6        
BL_W110_T1.6_D8                    110         0.900        | 395   110         24.6        
BL_W110_T1.6_D10                   110         0.900        | 394   110         24.6        
BL_W110_T1.6_D15                   110         0.900        | 393   110         24.6        
BL_W110_T1.6_D20                   110         0.900        | 385   110         24.6        
BL_W110_T1.6_D25                   110         0.900        | 391   110         24.6        
BL_W110_T1.6_D30                   110         0.900        | 390   110         24.6        
BL_W110_T1.6_D40                   110         0.900        | 389   110         24.6        
BL_W120_T1.8_D4                    110         0.820        | 417   110         24.6        
BL_W130_T1.8_D2                    110         0.820        | 545   110         24.6        
BL_W130_T1.8_D40                   110         0.820        | 524   110         24.6        
BL_W130_T1.8_D30                   110         0.820        | 523   110         24.6        
BL_W130_T1.8_D25                   110         0.820        | 522   110         24.6        
BL_W130_T1.8_D15                   110         0.820        | 520   110         24.6        
BL_W120_T1.8_D2                    110         0.820        | 418   110         24.6        
BL_W120_T1.8_D6                    110         0.820        | 416   110         24.6        
BL_W120_T1.8_D8                    110         0.820        | 415   110         24.6        
BL_W120_T1.8_D10                   110         0.820        | 414   110         24.6        
BL_W120_T1.8_D15                   110         0.820        | 413   110         24.6        
BL_W120_T1.8_D20                   110         0.820        | 412   110         24.6        
BL_W120_T1.8_D25                   110         0.820        | 411   110         24.6        
BL_W120_T1.8_D30                   110         0.820        | 401   110         24.6        
BL_W120_T1.8_D40                   110         0.820        | 409   110         24.6        
BL_W130_T1.8_D4                    110         0.820        | 516   110         24.6        
BL_W130_T1.8_D6                    110         0.820        | 517   110         24.6        
BL_W130_T1.8_D8                    110         0.820        | 518   110         24.6        
BL_W130_T1.8_D10                   110         0.820        | 519   110         24.6        
BL_W130_T1.8_D20                   110         0.820        | 521   110         24.6        
BL_W110_T1.8_D6                    110         0.740        | 374   110         24.6        
BL_W110_T1.8_D4                    110         0.740        | 387   110         24.6        
BL_W110_T1.8_D2                    110         0.740        | 388   110         24.6        
BL_W110_T1.8_D8                    110         0.740        | 375   110         24.6        
BL_W110_T1.8_D10                   110         0.740        | 376   110         24.6        
BL_W110_T1.8_D15                   110         0.740        | 377   110         24.6        
BL_W110_T1.8_D20                   110         0.740        | 378   110         24.6        
BL_W110_T1.8_D25                   110         0.740        | 379   110         24.6        
BL_W110_T1.8_D40                   110         0.740        | 381   110         24.6        
BL_W110_T1.8_D30                   110         0.740        | 380   110         24.6        
BL_W70_T1.6_D6                     110         0.500        | 489   110         24.6        
BL_W100_T1.8_D40                   110         0.500        | 407   110         24.6        
BL_W70_T1.6_D2                     110         0.500        | 487   110         24.6        
BL_W70_T1.6_D40                    110         0.500        | 400   110         24.6        
BL_W70_T1.6_D30                    110         0.500        | 495   110         24.6        
BL_W70_T1.6_D25                    110         0.500        | 494   110         24.6        
BL_W70_T1.6_D20                    110         0.500        | 493   110         24.6        
BL_W70_T1.6_D15                    110         0.500        | 492   110         24.6        
BL_W70_T1.6_D10                    110         0.500        | 491   110         24.6        
BL_W70_T1.6_D8                     110         0.500        | 490   110         24.6        
BL_W70_T1.6_D4                     110         0.500        | 488   110         24.6        
BL_W100_T1.8_D2                    110         0.500        | 433   110         24.6        
BL_W100_T1.8_D4                    110         0.500        | 434   110         24.6        
BL_W100_T1.8_D6                    110         0.500        | 435   110         24.6        
BL_W100_T1.8_D8                    110         0.500        | 410   110         24.6        
BL_W100_T1.8_D10                   110         0.500        | 402   110         24.6        
BL_W100_T1.8_D15                   110         0.500        | 403   110         24.6        
BL_W100_T1.8_D20                   110         0.500        | 404   110         24.6        
BL_W100_T1.8_D25                   110         0.500        | 405   110         24.6        
BL_W100_T1.8_D30                   110         0.500        | 406   110         24.6        
BL_W120_T2.0_D15                   108         0.420        | 632   108         26.5        
BL_W90_T1.8_D40                    108         0.420        | 703   108         26.5        
BL_W90_T1.8_D30                    108         0.420        | 704   108         26.5        
BL_W90_T1.8_D25                    108         0.420        | 705   108         26.5        
BL_W90_T1.8_D20                    108         0.420        | 706   108         26.5        
BL_W90_T1.8_D15                    108         0.420        | 698   108         26.5        
BL_W90_T1.8_D10                    108         0.420        | 708   108         26.5        
BL_W90_T1.8_D8                     108         0.420        | 709   108         26.5        
BL_W90_T1.8_D6                     108         0.420        | 710   108         26.5        
BL_W90_T1.8_D4                     108         0.420        | 711   108         26.5        
BL_W90_T1.8_D2                     108         0.420        | 712   108         26.5        
BL_W130_T2.0_D2                    108         0.420        | 579   108         26.5        
BL_W50_T1.8_D40                    127         0.420        | 8     127         8.2         
BL_W50_T2.0_D40                    127         0.420        | 7     127         8.2         
BL_W130_T2.0_D40                   108         0.420        | 573   108         26.5        
BL_W130_T2.0_D30                   108         0.420        | 574   108         26.5        
BL_W130_T2.0_D25                   108         0.420        | 575   108         26.5        
BL_W130_T2.0_D20                   108         0.420        | 576   108         26.5        
BL_W130_T2.0_D15                   108         0.420        | 566   108         26.5        
BL_W130_T2.0_D10                   108         0.420        | 565   108         26.5        
BL_W130_T2.0_D8                    108         0.420        | 564   108         26.5        
BL_W130_T2.0_D6                    108         0.420        | 577   108         26.5        
BL_W130_T2.0_D4                    108         0.420        | 578   108         26.5        
BL_W50_T1.6_D2                     126         0.420        | 19    126         8.6         
BL_W60_T1.6_D2                     108         0.420        | 697   108         26.5        
BL_W60_T1.6_D4                     108         0.420        | 696   108         26.5        
BL_W60_T1.6_D6                     108         0.420        | 695   108         26.5        
BL_W60_T1.6_D8                     108         0.420        | 694   108         26.5        
BL_W60_T1.6_D10                    108         0.420        | 693   108         26.5        
BL_W60_T1.6_D15                    108         0.420        | 692   108         26.5        
BL_W60_T1.6_D20                    108         0.420        | 691   108         26.5        
BL_W60_T1.6_D25                    108         0.420        | 690   108         26.5        
BL_W60_T1.6_D30                    108         0.420        | 680   108         26.5        
BL_W60_T1.6_D40                    108         0.420        | 688   108         26.5        
BL_W50_T1.6_D10                    126         0.420        | 23    126         8.6         
BL_W120_T2.0_D2                    108         0.420        | 571   108         26.5        
BL_W120_T2.0_D4                    108         0.420        | 570   108         26.5        
BL_W120_T2.0_D6                    108         0.420        | 569   108         26.5        
BL_W120_T2.0_D8                    108         0.420        | 568   108         26.5        
BL_W120_T2.0_D10                   108         0.420        | 567   108         26.5        
BL_W50_T1.6_D40                    127         0.420        | 9     127         8.2         
BL_W120_T2.0_D20                   108         0.420        | 619   108         26.5        
BL_W120_T2.0_D25                   108         0.420        | 620   108         26.5        
BL_W120_T2.0_D30                   108         0.420        | 621   108         26.5        
BL_W120_T2.0_D40                   108         0.420        | 622   108         26.5        
BL_W50_T1.6_D30                    126         0.420        | 27    126         8.6         
BL_W50_T1.6_D25                    126         0.420        | 26    126         8.6         
BL_W50_T1.6_D20                    126         0.420        | 25    126         8.6         
BL_W50_T1.6_D15                    126         0.420        | 24    126         8.6         
BL_W50_T1.6_D8                     126         0.420        | 22    126         8.6         
BL_W50_T1.6_D6                     126         0.420        | 21    126         8.6         
BL_W50_T1.6_D4                     126         0.420        | 20    126         8.6         
BL_W50_T1.8_D10                    124         0.340        | 59    124         11.4        
BL_W60_T1.8_D2                     123         0.340        | 83    123         11.8        
BL_W60_T1.8_D4                     123         0.340        | 68    123         11.8        
BL_W60_T1.8_D6                     123         0.340        | 69    123         11.8        
BL_W60_T1.8_D8                     123         0.340        | 70    123         11.8        
BL_W60_T1.8_D10                    123         0.340        | 71    123         11.8        
BL_W60_T1.8_D15                    123         0.340        | 72    123         11.8        
BL_W60_T1.8_D20                    123         0.340        | 73    123         11.8        
BL_W60_T1.8_D25                    123         0.340        | 74    123         11.8        
BL_W60_T1.8_D30                    123         0.340        | 75    123         11.8        
BL_W60_T1.8_D40                    123         0.340        | 76    123         11.8        
BL_W50_T2.0_D6                     124         0.340        | 54    124         11.4        
BL_W50_T1.8_D2                     124         0.340        | 55    124         11.4        
BL_W50_T1.8_D8                     124         0.340        | 58    124         11.4        
BL_W50_T1.8_D15                    124         0.340        | 61    124         11.4        
BL_W50_T1.8_D20                    124         0.340        | 60    124         11.4        
BL_W50_T1.8_D25                    124         0.340        | 62    124         11.4        
BL_W50_T1.8_D30                    124         0.340        | 63    124         11.4        
BL_W50_T1.8_D6                     124         0.340        | 57    124         11.4        
BL_W50_T2.0_D2                     124         0.340        | 64    124         11.4        
BL_W50_T2.0_D4                     124         0.340        | 53    124         11.4        
BL_W50_T2.0_D8                     124         0.340        | 29    124         11.4        
BL_W50_T2.0_D10                    124         0.340        | 30    124         11.4        
BL_W50_T2.0_D15                    124         0.340        | 32    124         11.4        
BL_W50_T2.0_D20                    124         0.340        | 33    124         11.4        
BL_W50_T2.0_D25                    124         0.340        | 49    124         11.4        
BL_W50_T2.0_D30                    124         0.340        | 34    124         11.4        
BL_W50_T1.8_D4                     124         0.340        | 56    124         11.4        
BL_W60_T2.2_D6                     121         0.260        | 102   121         14.0        
BL_W60_T2.2_D4                     121         0.260        | 103   121         14.0        
BL_W60_T2.0_D40                    121         0.260        | 99    121         14.0        
BL_W60_T2.2_D2                     121         0.260        | 104   121         14.0        
BL_W110_T2.0_D2                    108         0.260        | 727   108         26.5        
BL_W60_T2.0_D2                     121         0.260        | 142   121         14.0        
BL_W60_T2.2_D8                     121         0.260        | 101   121         14.0        
BL_W60_T2.2_D10                    121         0.260        | 105   121         14.0        
BL_W60_T2.2_D15                    121         0.260        | 95    121         14.0        
BL_W60_T2.2_D20                    121         0.260        | 84    121         14.0        
BL_W60_T2.2_D25                    121         0.260        | 86    121         14.0        
BL_W60_T2.0_D30                    121         0.260        | 98    121         14.0        
BL_W60_T2.0_D25                    121         0.260        | 97    121         14.0        
BL_W60_T2.0_D20                    121         0.260        | 96    121         14.0        
BL_W60_T2.0_D15                    121         0.260        | 100   121         14.0        
BL_W60_T2.0_D10                    121         0.260        | 143   121         14.0        
BL_W60_T2.0_D8                     121         0.260        | 139   121         14.0        
BL_W60_T2.0_D6                     121         0.260        | 140   121         14.0        
BL_W60_T2.0_D4                     121         0.260        | 141   121         14.0        
BL_W80_T1.8_D30                    108         0.260        | 714   108         26.5        
BL_W50_T2.2_D40                    127         0.260        | 6     127         8.2         
BL_W80_T1.8_D2                     108         0.260        | 687   108         26.5        
BL_W70_T2.0_D40                    121         0.260        | 125   121         14.0        
BL_W60_T2.2_D30                    121         0.260        | 87    121         14.0        
BL_W80_T1.8_D40                    108         0.260        | 713   108         26.5        
BL_W80_T1.8_D25                    108         0.260        | 689   108         26.5        
BL_W80_T1.8_D20                    108         0.260        | 681   108         26.5        
BL_W80_T1.8_D15                    108         0.260        | 682   108         26.5        
BL_W80_T1.8_D10                    108         0.260        | 683   108         26.5        
BL_W80_T1.8_D8                     108         0.260        | 684   108         26.5        
BL_W80_T1.8_D6                     108         0.260        | 685   108         26.5        
BL_W80_T1.8_D4                     108         0.260        | 686   108         26.5        
BL_W110_T2.0_D4                    108         0.260        | 726   108         26.5        
BL_W110_T2.0_D6                    108         0.260        | 725   108         26.5        
BL_W110_T2.0_D8                    108         0.260        | 715   108         26.5        
BL_W110_T2.0_D10                   108         0.260        | 723   108         26.5        
BL_W110_T2.0_D15                   108         0.260        | 722   108         26.5        
BL_W110_T2.0_D20                   108         0.260        | 721   108         26.5        
BL_W110_T2.0_D25                   108         0.260        | 720   108         26.5        
BL_W110_T2.0_D30                   108         0.260        | 719   108         26.5        
BL_W110_T2.0_D40                   108         0.260        | 718   108         26.5        
BL_W70_T2.0_D25                    121         0.260        | 115   121         14.0        
BL_W60_T2.2_D40                    121         0.260        | 88    121         14.0        
BL_W70_T1.8_D2                     121         0.260        | 126   121         14.0        
BL_W70_T1.8_D4                     121         0.260        | 122   121         14.0        
BL_W70_T1.8_D6                     121         0.260        | 121   121         14.0        
BL_W70_T1.8_D8                     121         0.260        | 120   121         14.0        
BL_W70_T1.8_D10                    121         0.260        | 119   121         14.0        
BL_W70_T1.8_D15                    121         0.260        | 118   121         14.0        
BL_W70_T1.8_D20                    121         0.260        | 117   121         14.0        
BL_W70_T1.8_D25                    121         0.260        | 116   121         14.0        
BL_W70_T1.8_D30                    121         0.260        | 106   121         14.0        
BL_W70_T1.8_D40                    121         0.260        | 114   121         14.0        
BL_W70_T2.0_D2                     121         0.260        | 113   121         14.0        
BL_W70_T2.0_D4                     121         0.260        | 112   121         14.0        
BL_W70_T2.0_D6                     121         0.260        | 111   121         14.0        
BL_W70_T2.0_D10                    121         0.260        | 109   121         14.0        
BL_W70_T2.0_D30                    121         0.260        | 124   121         14.0        
BL_W70_T2.0_D20                    121         0.260        | 107   121         14.0        
BL_W70_T2.0_D8                     121         0.260        | 110   121         14.0        
BL_W70_T2.0_D15                    121         0.260        | 108   121         14.0        
BL_W110_T2.2_D4                    108         0.126        | 716   108         26.5        
BL_W110_T2.4_D2                    108         0.126        | 735   108         26.5        
BL_W110_T2.2_D40                   108         0.126        | 734   108         26.5        
BL_W110_T2.2_D30                   108         0.126        | 744   108         26.5        
BL_W110_T2.2_D25                   108         0.126        | 745   108         26.5        
BL_W110_T2.2_D20                   108         0.126        | 746   108         26.5        
BL_W110_T2.2_D15                   108         0.126        | 747   108         26.5        
BL_W110_T2.2_D10                   108         0.126        | 748   108         26.5        
BL_W110_T2.2_D8                    108         0.126        | 749   108         26.5        
BL_W110_T2.2_D6                    108         0.126        | 724   108         26.5        
BL_W130_T2.6_D6                    108         0.126        | 582   108         26.5        
BL_W110_T2.4_D4                    108         0.126        | 736   108         26.5        
BL_W110_T2.2_D2                    108         0.126        | 717   108         26.5        
BL_W130_T2.6_D40                   108         0.126        | 589   108         26.5        
BL_W130_T2.6_D30                   108         0.126        | 588   108         26.5        
BL_W130_T2.6_D25                   108         0.126        | 587   108         26.5        
BL_W130_T2.6_D20                   108         0.126        | 586   108         26.5        
BL_W130_T2.6_D15                   108         0.126        | 585   108         26.5        
BL_W130_T2.6_D10                   108         0.126        | 584   108         26.5        
BL_W130_T2.6_D8                    108         0.126        | 583   108         26.5        
BL_W100_T2.2_D6                    108         0.126        | 671   108         26.5        
BL_W100_T2.4_D2                    108         0.126        | 751   108         26.5        
BL_W100_T2.2_D4                    108         0.126        | 663   108         26.5        
BL_W100_T2.2_D40                   108         0.126        | 664   108         26.5        
BL_W100_T2.2_D30                   108         0.126        | 665   108         26.5        
BL_W100_T2.2_D25                   108         0.126        | 666   108         26.5        
BL_W100_T2.2_D20                   108         0.126        | 667   108         26.5        
BL_W100_T2.2_D15                   108         0.126        | 668   108         26.5        
BL_W100_T2.2_D10                   108         0.126        | 669   108         26.5        
BL_W100_T2.2_D8                    108         0.126        | 670   108         26.5        
BL_W100_T2.4_D4                    108         0.126        | 752   108         26.5        
BL_W90_T2.0_D15                    108         0.126        | 662   108         26.5        
BL_W110_T2.4_D40                   108         0.126        | 728   108         26.5        
BL_W110_T2.4_D30                   108         0.126        | 743   108         26.5        
BL_W110_T2.4_D25                   108         0.126        | 733   108         26.5        
BL_W110_T2.4_D20                   108         0.126        | 741   108         26.5        
BL_W110_T2.4_D15                   108         0.126        | 740   108         26.5        
BL_W110_T2.4_D10                   108         0.126        | 739   108         26.5        
BL_W110_T2.4_D8                    108         0.126        | 738   108         26.5        
BL_W110_T2.4_D6                    108         0.126        | 737   108         26.5        
BL_W120_T2.2_D30                   108         0.126        | 631   108         26.5        
BL_W130_T2.2_D8                    108         0.126        | 592   108         26.5        
BL_W130_T2.2_D6                    108         0.126        | 591   108         26.5        
BL_W130_T2.2_D4                    108         0.126        | 604   108         26.5        
BL_W130_T2.2_D2                    108         0.126        | 644   108         26.5        
BL_W120_T2.2_D2                    108         0.126        | 623   108         26.5        
BL_W120_T2.2_D4                    108         0.126        | 624   108         26.5        
BL_W120_T2.2_D6                    108         0.126        | 625   108         26.5        
BL_W120_T2.2_D8                    108         0.126        | 626   108         26.5        
BL_W120_T2.2_D10                   108         0.126        | 572   108         26.5        
BL_W120_T2.2_D15                   108         0.126        | 628   108         26.5        
BL_W120_T2.2_D20                   108         0.126        | 629   108         26.5        
BL_W120_T2.2_D25                   108         0.126        | 630   108         26.5        
BL_W130_T2.2_D10                   108         0.126        | 593   108         26.5        
BL_W120_T2.2_D40                   108         0.126        | 618   108         26.5        
BL_W120_T2.4_D2                    108         0.126        | 633   108         26.5        
BL_W120_T2.4_D4                    108         0.126        | 610   108         26.5        
BL_W120_T2.4_D6                    108         0.126        | 611   108         26.5        
BL_W120_T2.4_D8                    108         0.126        | 612   108         26.5        
BL_W120_T2.4_D10                   108         0.126        | 613   108         26.5        
BL_W120_T2.4_D15                   108         0.126        | 614   108         26.5        
BL_W120_T2.4_D20                   108         0.126        | 615   108         26.5        
BL_W120_T2.4_D25                   108         0.126        | 616   108         26.5        
BL_W120_T2.4_D30                   108         0.126        | 617   108         26.5        
BL_W120_T2.4_D40                   108         0.126        | 627   108         26.5        
BL_W100_T2.4_D10                   108         0.126        | 755   108         26.5        
BL_W130_T2.6_D2                    108         0.126        | 580   108         26.5        
BL_W130_T2.4_D40                   108         0.126        | 634   108         26.5        
BL_W130_T2.4_D30                   108         0.126        | 635   108         26.5        
BL_W130_T2.4_D25                   108         0.126        | 636   108         26.5        
BL_W130_T2.4_D20                   108         0.126        | 637   108         26.5        
BL_W130_T2.4_D15                   108         0.126        | 638   108         26.5        
BL_W130_T2.4_D10                   108         0.126        | 639   108         26.5        
BL_W130_T2.4_D8                    108         0.126        | 640   108         26.5        
BL_W130_T2.4_D6                    108         0.126        | 641   108         26.5        
BL_W130_T2.4_D4                    108         0.126        | 642   108         26.5        
BL_W100_T2.4_D6                    108         0.126        | 753   108         26.5        
BL_W100_T2.4_D8                    108         0.126        | 754   108         26.5        
BL_W130_T2.6_D4                    108         0.126        | 581   108         26.5        
BL_W100_T2.4_D15                   108         0.126        | 756   108         26.5        
BL_W100_T2.4_D20                   108         0.126        | 757   108         26.5        
BL_W100_T2.4_D25                   108         0.126        | 750   108         26.5        
BL_W100_T2.4_D30                   108         0.126        | 758   108         26.5        
BL_W100_T2.4_D40                   108         0.126        | 759   108         26.5        
BL_W130_T2.4_D2                    108         0.126        | 643   108         26.5        
BL_W130_T2.2_D40                   108         0.126        | 609   108         26.5        
BL_W130_T2.2_D30                   108         0.126        | 597   108         26.5        
BL_W130_T2.2_D25                   108         0.126        | 596   108         26.5        
BL_W130_T2.2_D20                   108         0.126        | 595   108         26.5        
BL_W130_T2.2_D15                   108         0.126        | 594   108         26.5        
BL_W80_T2.2_D4                     119         0.126        | 175   119         16.0        
BL_W90_T2.0_D2                     108         0.126        | 702   108         26.5        
BL_W80_T2.2_D40                    119         0.126        | 183   119         16.0        
BL_W80_T2.2_D30                    119         0.126        | 182   119         16.0        
BL_W80_T2.2_D25                    119         0.126        | 181   119         16.0        
BL_W80_T2.2_D20                    119         0.126        | 180   119         16.0        
BL_W80_T2.2_D15                    119         0.126        | 179   119         16.0        
BL_W80_T2.2_D10                    119         0.126        | 178   119         16.0        
BL_W80_T2.2_D8                     119         0.126        | 177   119         16.0        
BL_W80_T2.2_D6                     119         0.126        | 176   119         16.0        
BL_W90_T2.0_D4                     108         0.126        | 701   108         26.5        
BL_W80_T2.2_D2                     119         0.126        | 164   119         16.0        
BL_W80_T2.0_D40                    119         0.126        | 173   119         16.0        
BL_W80_T2.0_D30                    119         0.126        | 172   119         16.0        
BL_W80_T2.0_D25                    119         0.126        | 171   119         16.0        
BL_W80_T2.0_D20                    119         0.126        | 170   119         16.0        
BL_W80_T2.0_D15                    119         0.126        | 169   119         16.0        
BL_W80_T2.0_D10                    119         0.126        | 168   119         16.0        
BL_W80_T2.0_D8                     119         0.126        | 167   119         16.0        
BL_W90_T2.2_D4                     108         0.126        | 656   108         26.5        
BL_W90_T2.2_D40                    108         0.126        | 649   108         26.5        
BL_W90_T2.2_D30                    108         0.126        | 608   108         26.5        
BL_W90_T2.2_D25                    108         0.126        | 650   108         26.5        
BL_W90_T2.2_D20                    108         0.126        | 651   108         26.5        
BL_W90_T2.2_D15                    108         0.126        | 652   108         26.5        
BL_W90_T2.2_D10                    108         0.126        | 653   108         26.5        
BL_W90_T2.2_D8                     108         0.126        | 645   108         26.5        
BL_W90_T2.2_D6                     108         0.126        | 655   108         26.5        
BL_W80_T2.0_D6                     119         0.126        | 166   119         16.0        
BL_W90_T2.2_D2                     108         0.126        | 657   108         26.5        
BL_W90_T2.0_D40                    108         0.126        | 658   108         26.5        
BL_W90_T2.0_D30                    108         0.126        | 659   108         26.5        
BL_W90_T2.0_D25                    108         0.126        | 660   108         26.5        
BL_W90_T2.0_D20                    108         0.126        | 661   108         26.5        
BL_W90_T2.0_D10                    108         0.126        | 672   108         26.5        
BL_W90_T2.0_D8                     108         0.126        | 699   108         26.5        
BL_W90_T2.0_D6                     108         0.126        | 700   108         26.5        
BL_W50_T2.2_D30                    124         0.126        | 50    124         11.4        
BL_W70_T2.2_D8                     119         0.126        | 187   119         16.0        
BL_W70_T2.2_D6                     119         0.126        | 186   119         16.0        
BL_W70_T2.2_D4                     119         0.126        | 185   119         16.0        
BL_W70_T2.2_D2                     119         0.126        | 194   119         16.0        
BL_W50_T3.0_D40                    127         0.126        | 2     127         8.2         
BL_W50_T2.8_D40                    127         0.126        | 3     127         8.2         
BL_W50_T2.6_D40                    127         0.126        | 4     127         8.2         
BL_W50_T2.4_D40                    127         0.126        | 5     127         8.2         
BL_W70_T2.2_D10                    119         0.126        | 188   119         16.0        
BL_W50_T2.2_D25                    124         0.126        | 41    124         11.4        
BL_W50_T2.2_D20                    124         0.126        | 52    124         11.4        
BL_W50_T2.2_D15                    124         0.126        | 51    124         11.4        
BL_W50_T2.2_D10                    124         0.126        | 40    124         11.4        
BL_W50_T2.2_D8                     124         0.126        | 39    124         11.4        
BL_W50_T2.2_D6                     124         0.126        | 38    124         11.4        
BL_W50_T2.2_D4                     124         0.126        | 37    124         11.4        
BL_W50_T2.2_D2                     124         0.126        | 36    124         11.4        
BL_W70_T2.4_D8                     119         0.126        | 200   119         16.0        
BL_W80_T2.0_D4                     119         0.126        | 165   119         16.0        
BL_W80_T2.0_D2                     119         0.126        | 174   119         16.0        
BL_W70_T2.4_D40                    119         0.126        | 184   119         16.0        
BL_W70_T2.4_D30                    119         0.126        | 195   119         16.0        
BL_W70_T2.4_D25                    119         0.126        | 196   119         16.0        
BL_W70_T2.4_D20                    119         0.126        | 197   119         16.0        
BL_W70_T2.4_D15                    119         0.126        | 198   119         16.0        
BL_W70_T2.4_D10                    119         0.126        | 199   119         16.0        
BL_W100_T2.0_D40                   108         0.126        | 674   108         26.5        
BL_W70_T2.4_D6                     119         0.126        | 201   119         16.0        
BL_W70_T2.4_D4                     119         0.126        | 202   119         16.0        
BL_W70_T2.4_D2                     119         0.126        | 203   119         16.0        
BL_W70_T2.2_D40                    119         0.126        | 193   119         16.0        
BL_W70_T2.2_D30                    119         0.126        | 192   119         16.0        
BL_W70_T2.2_D25                    119         0.126        | 191   119         16.0        
BL_W70_T2.2_D20                    119         0.126        | 190   119         16.0        
BL_W70_T2.2_D15                    119         0.126        | 189   119         16.0        
BL_W100_T2.0_D4                    108         0.126        | 647   108         26.5        
BL_W100_T2.0_D6                    108         0.126        | 646   108         26.5        
BL_W100_T2.0_D8                    108         0.126        | 654   108         26.5        
BL_W100_T2.0_D10                   108         0.126        | 679   108         26.5        
BL_W100_T2.0_D15                   108         0.126        | 678   108         26.5        
BL_W100_T2.0_D20                   108         0.126        | 677   108         26.5        
BL_W100_T2.0_D25                   108         0.126        | 676   108         26.5        
BL_W100_T2.0_D30                   108         0.126        | 675   108         26.5        
BL_W100_T2.2_D2                    108         0.126        | 673   108         26.5        
BL_W100_T2.0_D2                    108         0.126        | 648   108         26.5        
BL_W120_T2.6_D10                   108         0.050        | 603   108         26.5        
BL_W100_T2.6_D4                    108         0.050        | 822   108         27.0        
BL_W100_T2.6_D2                    108         0.050        | 823   108         27.0        
BL_W120_T2.6_D2                    108         0.050        | 607   108         26.5        
BL_W120_T2.6_D4                    108         0.050        | 606   108         26.5        
BL_W120_T2.6_D6                    108         0.050        | 605   108         26.5        
BL_W120_T2.6_D8                    108         0.050        | 590   108         26.5        
BL_W120_T2.8_D25                   108         0.050        | 801   108         27.0        
BL_W120_T2.6_D15                   108         0.050        | 602   108         26.5        
BL_W120_T2.6_D20                   108         0.050        | 601   108         26.5        
BL_W120_T2.6_D25                   108         0.050        | 600   108         26.5        
BL_W120_T2.6_D30                   108         0.050        | 599   108         26.5        
BL_W120_T2.6_D40                   108         0.050        | 598   108         26.5        
BL_W120_T2.8_D2                    108         0.050        | 784   108         27.0        
BL_W120_T2.8_D4                    108         0.050        | 795   108         27.0        
BL_W120_T2.8_D6                    108         0.050        | 796   108         27.0        
BL_W120_T2.8_D8                    108         0.050        | 797   108         27.0        
BL_W120_T2.8_D10                   108         0.050        | 798   108         27.0        
BL_W120_T2.8_D15                   108         0.050        | 799   108         27.0        
BL_W120_T2.8_D20                   108         0.050        | 800   108         27.0        
BL_W60_T2.4_D20                    117         0.050        | 285   117         18.4        
BL_W70_T2.6_D6                     117         0.050        | 275   117         18.4        
BL_W80_T2.4_D6                     108         0.050        | 806   108         27.0        
BL_W80_T2.4_D4                     108         0.050        | 805   108         27.0        
BL_W80_T2.4_D2                     108         0.050        | 814   108         27.0        
BL_W70_T2.6_D40                    117         0.050        | 233   117         18.4        
BL_W70_T2.6_D30                    117         0.050        | 234   117         18.4        
BL_W70_T2.6_D25                    117         0.050        | 235   117         18.4        
BL_W70_T2.6_D20                    117         0.050        | 226   117         18.4        
BL_W70_T2.6_D15                    117         0.050        | 273   117         18.4        
BL_W70_T2.6_D10                    117         0.050        | 261   117         18.4        
BL_W70_T2.6_D8                     117         0.050        | 274   117         18.4        
BL_W100_T2.6_D6                    108         0.050        | 821   108         27.0        
BL_W70_T2.6_D4                     117         0.050        | 276   117         18.4        
BL_W70_T2.6_D2                     117         0.050        | 277   117         18.4        
BL_W100_T2.6_D40                   108         0.050        | 804   108         27.0        
BL_W90_T2.4_D25                    108         0.050        | 791   108         27.0        
BL_W100_T2.6_D25                   108         0.050        | 816   108         27.0        
BL_W100_T2.6_D20                   108         0.050        | 817   108         27.0        
BL_W100_T2.6_D15                   108         0.050        | 818   108         27.0        
BL_W100_T2.6_D10                   108         0.050        | 819   108         27.0        
BL_W100_T2.6_D8                    108         0.050        | 820   108         27.0        
BL_W130_T3.0_D2                    108         0.050        | 764   108         27.0        
BL_W130_T2.8_D2                    108         0.050        | 778   108         27.0        
BL_W130_T2.8_D4                    108         0.050        | 779   108         27.0        
BL_W130_T2.8_D6                    108         0.050        | 780   108         27.0        
BL_W130_T2.8_D8                    108         0.050        | 782   108         27.0        
BL_W130_T2.8_D10                   108         0.050        | 783   108         27.0        
BL_W130_T2.8_D15                   108         0.050        | 776   108         27.0        
BL_W130_T2.8_D20                   108         0.050        | 765   108         27.0        
BL_W130_T2.8_D25                   108         0.050        | 775   108         27.0        
BL_W130_T2.8_D30                   108         0.050        | 777   108         27.0        
BL_W130_T2.8_D40                   108         0.050        | 774   108         27.0        
BL_W50_T2.4_D2                     123         0.050        | 81    123         11.8        
BL_W130_T3.0_D4                    108         0.050        | 773   108         27.0        
BL_W130_T3.0_D6                    108         0.050        | 772   108         27.0        
BL_W130_T3.0_D8                    108         0.050        | 771   108         27.0        
BL_W130_T3.0_D10                   108         0.050        | 770   108         27.0        
BL_W130_T3.0_D15                   108         0.050        | 769   108         27.0        
BL_W130_T3.0_D20                   108         0.050        | 768   108         27.0        
BL_W130_T3.0_D25                   108         0.050        | 767   108         27.0        
BL_W130_T3.0_D30                   108         0.050        | 766   108         27.0        
BL_W130_T3.0_D40                   108         0.050        | 781   108         27.0        
BL_W60_T2.4_D4                     117         0.050        | 289   117         18.4        
BL_W120_T2.8_D40                   108         0.050        | 803   108         27.0        
BL_W60_T2.4_D40                    117         0.050        | 253   117         18.4        
BL_W60_T2.4_D30                    117         0.050        | 252   117         18.4        
BL_W60_T2.4_D25                    117         0.050        | 251   117         18.4        
BL_W100_T2.6_D30                   108         0.050        | 815   108         27.0        
BL_W60_T2.4_D15                    117         0.050        | 272   117         18.4        
BL_W60_T2.4_D10                    117         0.050        | 286   117         18.4        
BL_W60_T2.4_D8                     117         0.050        | 287   117         18.4        
BL_W60_T2.4_D6                     117         0.050        | 288   117         18.4        
BL_W120_T2.8_D30                   108         0.050        | 802   108         27.0        
BL_W60_T2.4_D2                     117         0.050        | 290   117         18.4        
BL_W50_T2.4_D30                    123         0.050        | 67    123         11.8        
BL_W50_T2.4_D25                    123         0.050        | 66    123         11.8        
BL_W50_T2.4_D20                    123         0.050        | 65    123         11.8        
BL_W50_T2.4_D15                    123         0.050        | 82    123         11.8        
BL_W50_T2.4_D10                    123         0.050        | 77    123         11.8        
BL_W50_T2.4_D8                     123         0.050        | 78    123         11.8        
BL_W50_T2.4_D6                     123         0.050        | 79    123         11.8        
BL_W50_T2.4_D4                     123         0.050        | 80    123         11.8        
BL_W110_T2.6_D8                    108         0.050        | 732   108         26.5        
BL_W80_T2.6_D25                    117         0.050        | 242   117         18.4        
BL_W80_T2.6_D20                    117         0.050        | 243   117         18.4        
BL_W80_T2.6_D15                    117         0.050        | 244   117         18.4        
BL_W80_T2.6_D10                    117         0.050        | 245   117         18.4        
BL_W80_T2.6_D8                     117         0.050        | 246   117         18.4        
BL_W80_T2.6_D6                     117         0.050        | 247   117         18.4        
BL_W80_T2.6_D4                     117         0.050        | 248   117         18.4        
BL_W110_T2.6_D2                    108         0.050        | 729   108         26.5        
BL_W110_T2.6_D4                    108         0.050        | 730   108         26.5        
BL_W110_T2.6_D6                    108         0.050        | 731   108         26.5        
BL_W80_T2.6_D30                    117         0.050        | 241   117         18.4        
BL_W110_T2.6_D10                   108         0.050        | 742   108         26.5        
BL_W110_T2.6_D15                   108         0.050        | 761   108         26.5        
BL_W110_T2.6_D20                   108         0.050        | 762   108         26.5        
BL_W110_T2.6_D25                   108         0.050        | 760   108         26.5        
BL_W110_T2.6_D30                   108         0.050        | 707   108         26.5        
BL_W110_T2.6_D40                   108         0.050        | 763   108         26.5        
BL_W80_T2.6_D2                     117         0.050        | 249   117         18.4        
BL_W80_T2.4_D40                    108         0.050        | 813   108         27.0        
BL_W80_T2.4_D30                    108         0.050        | 812   108         27.0        
BL_W80_T2.4_D25                    108         0.050        | 811   108         27.0        
BL_W90_T2.6_D4                     117         0.050        | 262   117         18.4        
BL_W90_T2.4_D20                    108         0.050        | 790   108         27.0        
BL_W90_T2.4_D15                    108         0.050        | 789   108         27.0        
BL_W90_T2.4_D10                    108         0.050        | 788   108         27.0        
BL_W90_T2.4_D8                     108         0.050        | 787   108         27.0        
BL_W90_T2.4_D6                     108         0.050        | 786   108         27.0        
BL_W90_T2.4_D4                     108         0.050        | 785   108         27.0        
BL_W90_T2.4_D2                     108         0.050        | 794   108         27.0        
BL_W90_T2.4_D30                    108         0.050        | 792   108         27.0        
BL_W90_T2.4_D40                    108         0.050        | 793   108         27.0        
BL_W90_T2.6_D2                     117         0.050        | 250   117         18.4        
BL_W80_T2.4_D10                    108         0.050        | 808   108         27.0        
BL_W90_T2.6_D6                     117         0.050        | 263   117         18.4        
BL_W90_T2.6_D8                     117         0.050        | 264   117         18.4        
BL_W90_T2.6_D10                    117         0.050        | 265   117         18.4        
BL_W90_T2.6_D15                    117         0.050        | 266   117         18.4        
BL_W90_T2.6_D20                    117         0.050        | 267   117         18.4        
BL_W90_T2.6_D25                    117         0.050        | 268   117         18.4        
BL_W90_T2.6_D30                    117         0.050        | 269   117         18.4        
BL_W90_T2.6_D40                    117         0.050        | 270   117         18.4        
BL_W80_T2.6_D40                    117         0.050        | 240   117         18.4        
BL_W80_T2.4_D8                     108         0.050        | 807   108         27.0        
BL_W80_T2.4_D15                    108         0.050        | 809   108         27.0        
BL_W80_T2.4_D20                    108         0.050        | 810   108         27.0        
BL_W50_T3.0_D10                    0           0.000        | -     -           -           
BL_W50_T2.6_D15                    0           0.000        | -     -           -           
BL_W50_T3.0_D8                     0           0.000        | -     -           -           
BL_W50_T3.0_D6                     0           0.000        | -     -           -           
BL_W50_T3.0_D4                     0           0.000        | -     -           -           
BL_W50_T3.0_D2                     0           0.000        | -     -           -           
BL_W90_T3.0_D30                    0           0.000        | -     -           -           
BL_W50_T2.8_D30                    0           0.000        | -     -           -           
BL_W50_T2.8_D25                    0           0.000        | -     -           -           
BL_W50_T2.8_D20                    0           0.000        | -     -           -           
BL_W50_T2.8_D15                    0           0.000        | -     -           -           
BL_W50_T2.8_D10                    0           0.000        | -     -           -           
BL_W50_T2.8_D8                     0           0.000        | -     -           -           
BL_W50_T2.8_D6                     0           0.000        | -     -           -           
BL_W50_T2.8_D4                     0           0.000        | -     -           -           
BL_W50_T2.8_D2                     0           0.000        | -     -           -           
BL_W90_T3.0_D40                    0           0.000        | -     -           -           
BL_W50_T2.6_D30                    0           0.000        | -     -           -           
BL_W50_T2.6_D25                    0           0.000        | -     -           -           
BL_W50_T2.6_D20                    0           0.000        | -     -           -           
BL_W60_T2.6_D10                    0           0.000        | -     -           -           
BL_W80_T2.8_D4                     0           0.000        | -     -           -           
BL_W60_T2.6_D15                    0           0.000        | -     -           -           
BL_W60_T2.6_D8                     0           0.000        | -     -           -           
BL_W60_T2.6_D6                     0           0.000        | -     -           -           
BL_W60_T2.6_D4                     0           0.000        | -     -           -           
BL_W60_T2.6_D2                     0           0.000        | -     -           -           
BL_W100_T2.8_D20                   0           0.000        | -     -           -           
BL_W100_T2.8_D25                   0           0.000        | -     -           -           
BL_W100_T2.8_D30                   0           0.000        | -     -           -           
BL_W80_T2.8_D2                     0           0.000        | -     -           -           
BL_W50_T3.0_D15                    0           0.000        | -     -           -           
BL_W80_T2.8_D6                     0           0.000        | -     -           -           
BL_W80_T2.8_D8                     0           0.000        | -     -           -           
BL_W80_T2.8_D10                    0           0.000        | -     -           -           
BL_W80_T2.8_D15                    0           0.000        | -     -           -           
BL_W80_T2.8_D20                    0           0.000        | -     -           -           
BL_W90_T3.0_D25                    0           0.000        | -     -           -           
BL_W50_T3.0_D30                    0           0.000        | -     -           -           
BL_W50_T3.0_D25                    0           0.000        | -     -           -           
BL_W50_T3.0_D20                    0           0.000        | -     -           -           
BL_W100_T3.0_D15                   0           0.000        | -     -           -           
BL_W90_T2.8_D8                     0           0.000        | -     -           -           
BL_W90_T2.8_D6                     0           0.000        | -     -           -           
BL_W90_T2.8_D4                     0           0.000        | -     -           -           
BL_W90_T2.8_D2                     0           0.000        | -     -           -           
BL_W100_T2.8_D40                   0           0.000        | -     -           -           
BL_W100_T3.0_D2                    0           0.000        | -     -           -           
BL_W100_T3.0_D4                    0           0.000        | -     -           -           
BL_W100_T3.0_D6                    0           0.000        | -     -           -           
BL_W100_T3.0_D8                    0           0.000        | -     -           -           
BL_W100_T3.0_D10                   0           0.000        | -     -           -           
BL_W90_T2.8_D10                    0           0.000        | -     -           -           
BL_W100_T3.0_D20                   0           0.000        | -     -           -           
BL_W100_T3.0_D25                   0           0.000        | -     -           -           
BL_W100_T3.0_D30                   0           0.000        | -     -           -           
BL_W100_T3.0_D40                   0           0.000        | -     -           -           
BL_W90_T3.0_D4                     0           0.000        | -     -           -           
BL_W90_T3.0_D2                     0           0.000        | -     -           -           
BL_W90_T2.8_D40                    0           0.000        | -     -           -           
BL_W90_T2.8_D30                    0           0.000        | -     -           -           
BL_W90_T2.8_D25                    0           0.000        | -     -           -           
BL_W80_T3.0_D6                     0           0.000        | -     -           -           
BL_W50_T2.6_D8                     0           0.000        | -     -           -           
BL_W50_T2.6_D6                     0           0.000        | -     -           -           
BL_W50_T2.6_D4                     0           0.000        | -     -           -           
BL_W50_T2.6_D2                     0           0.000        | -     -           -           
BL_W80_T2.8_D25                    0           0.000        | -     -           -           
BL_W80_T2.8_D30                    0           0.000        | -     -           -           
BL_W80_T2.8_D40                    0           0.000        | -     -           -           
BL_W80_T3.0_D2                     0           0.000        | -     -           -           
BL_W80_T3.0_D4                     0           0.000        | -     -           -           
BL_W50_T2.6_D10                    0           0.000        | -     -           -           
BL_W80_T3.0_D8                     0           0.000        | -     -           -           
BL_W80_T3.0_D10                    0           0.000        | -     -           -           
BL_W80_T3.0_D15                    0           0.000        | -     -           -           
BL_W80_T3.0_D20                    0           0.000        | -     -           -           
BL_W80_T3.0_D25                    0           0.000        | -     -           -           
BL_W80_T3.0_D30                    0           0.000        | -     -           -           
BL_W80_T3.0_D40                    0           0.000        | -     -           -           
BL_W90_T2.8_D20                    0           0.000        | -     -           -           
BL_W90_T2.8_D15                    0           0.000        | -     -           -           
BL_W110_T2.8_D4                    0           0.000        | -     -           -           
BL_W110_T2.8_D25                   0           0.000        | -     -           -           
BL_W110_T2.8_D20                   0           0.000        | -     -           -           
BL_W110_T2.8_D15                   0           0.000        | -     -           -           
BL_W110_T2.8_D10                   0           0.000        | -     -           -           
BL_W90_T3.0_D6                     0           0.000        | -     -           -           
BL_W90_T3.0_D8                     0           0.000        | -     -           -           
BL_W90_T3.0_D10                    0           0.000        | -     -           -           
BL_W90_T3.0_D15                    0           0.000        | -     -           -           
BL_W110_T2.8_D8                    0           0.000        | -     -           -           
BL_W110_T2.8_D6                    0           0.000        | -     -           -           
BL_W110_T2.8_D30                   0           0.000        | -     -           -           
BL_W110_T2.8_D2                    0           0.000        | -     -           -           
BL_W70_T2.8_D15                    0           0.000        | -     -           -           
BL_W70_T2.8_D20                    0           0.000        | -     -           -           
BL_W70_T2.8_D25                    0           0.000        | -     -           -           
BL_W70_T2.8_D30                    0           0.000        | -     -           -           
BL_W70_T2.8_D40                    0           0.000        | -     -           -           
BL_W70_T3.0_D2                     0           0.000        | -     -           -           
BL_W70_T3.0_D4                     0           0.000        | -     -           -           
BL_W70_T3.0_D6                     0           0.000        | -     -           -           
BL_W70_T3.0_D8                     0           0.000        | -     -           -           
BL_W100_T2.8_D10                   0           0.000        | -     -           -           
BL_W70_T2.8_D4                     0           0.000        | -     -           -           
BL_W70_T2.8_D6                     0           0.000        | -     -           -           
BL_W70_T2.8_D8                     0           0.000        | -     -           -           
BL_W70_T2.8_D10                    0           0.000        | -     -           -           
BL_W110_T3.0_D40                   0           0.000        | -     -           -           
BL_W110_T3.0_D30                   0           0.000        | -     -           -           
BL_W110_T3.0_D25                   0           0.000        | -     -           -           
BL_W110_T3.0_D20                   0           0.000        | -     -           -           
BL_W110_T3.0_D15                   0           0.000        | -     -           -           
BL_W110_T3.0_D10                   0           0.000        | -     -           -           
BL_W70_T3.0_D10                    0           0.000        | -     -           -           
BL_W100_T2.8_D8                    0           0.000        | -     -           -           
BL_W100_T2.8_D6                    0           0.000        | -     -           -           
BL_W100_T2.8_D4                    0           0.000        | -     -           -           
BL_W100_T2.8_D2                    0           0.000        | -     -           -           
BL_W110_T3.0_D8                    0           0.000        | -     -           -           
BL_W110_T3.0_D6                    0           0.000        | -     -           -           
BL_W110_T3.0_D4                    0           0.000        | -     -           -           
BL_W110_T3.0_D2                    0           0.000        | -     -           -           
BL_W110_T2.8_D40                   0           0.000        | -     -           -           
BL_W60_T2.8_D15                    0           0.000        | -     -           -           
BL_W60_T3.0_D15                    0           0.000        | -     -           -           
BL_W60_T3.0_D10                    0           0.000        | -     -           -           
BL_W60_T3.0_D8                     0           0.000        | -     -           -           
BL_W60_T3.0_D6                     0           0.000        | -     -           -           
BL_W60_T3.0_D4                     0           0.000        | -     -           -           
BL_W60_T3.0_D2                     0           0.000        | -     -           -           
BL_W60_T2.8_D40                    0           0.000        | -     -           -           
BL_W60_T2.8_D30                    0           0.000        | -     -           -           
BL_W60_T2.8_D25                    0           0.000        | -     -           -           
BL_W60_T2.8_D20                    0           0.000        | -     -           -           
BL_W60_T3.0_D20                    0           0.000        | -     -           -           
BL_W60_T2.8_D10                    0           0.000        | -     -           -           
BL_W60_T2.8_D8                     0           0.000        | -     -           -           
BL_W60_T2.8_D6                     0           0.000        | -     -           -           
BL_W60_T2.8_D4                     0           0.000        | -     -           -           
BL_W60_T2.8_D2                     0           0.000        | -     -           -           
BL_W60_T2.6_D40                    0           0.000        | -     -           -           
BL_W60_T2.6_D30                    0           0.000        | -     -           -           
BL_W60_T2.6_D25                    0           0.000        | -     -           -           
BL_W60_T2.6_D20                    0           0.000        | -     -           -           
BL_W120_T3.0_D10                   0           0.000        | -     -           -           
BL_W70_T3.0_D15                    0           0.000        | -     -           -           
BL_W70_T3.0_D20                    0           0.000        | -     -           -           
BL_W70_T3.0_D25                    0           0.000        | -     -           -           
BL_W70_T3.0_D30                    0           0.000        | -     -           -           
BL_W70_T3.0_D40                    0           0.000        | -     -           -           
BL_W100_T2.8_D15                   0           0.000        | -     -           -           
BL_W120_T3.0_D2                    0           0.000        | -     -           -           
BL_W120_T3.0_D4                    0           0.000        | -     -           -           
BL_W120_T3.0_D6                    0           0.000        | -     -           -           
BL_W120_T3.0_D8                    0           0.000        | -     -           -           
BL_W70_T2.8_D2                     0           0.000        | -     -           -           
BL_W120_T3.0_D15                   0           0.000        | -     -           -           
BL_W120_T3.0_D20                   0           0.000        | -     -           -           
BL_W120_T3.0_D25                   0           0.000        | -     -           -           
BL_W120_T3.0_D30                   0           0.000        | -     -           -           
BL_W120_T3.0_D40                   0           0.000        | -     -           -           
BL_W90_T3.0_D20                    0           0.000        | -     -           -           
BL_W60_T3.0_D40                    0           0.000        | -     -           -           
BL_W60_T3.0_D30                    0           0.000        | -     -           -           
BL_W60_T3.0_D25                    0           0.000        | -     -           -           


=== DETAILED DETECTOR RESULTS ===

Detector: BL_W50_T1.0_D2
Best Detection: 127 mmHg (confidence: 1.200)
Top 10 readings:
  Rank  Pressure    Confidence  
  ------------------------------
  1     127         1.200
  2     124         1.200
  3     121         1.200
  4     119         1.200
  5     117         1.200
  6     115         1.200
  7     112         1.140
  8     111         1.060
  9     109         0.980
  10    106         0.900

Detector: BL_W50_T1.0_D4
Best Detection: 127 mmHg (confidence: 1.200)
Top 10 readings:
  Rank  Pressure    Confidence  
  ------------------------------
  1     127         1.200
  2     124         1.200
  3     121         1.200
  4     119         1.200
  5     117         1.200
  6     115         1.200
  7     112         1.140
  8     111         1.060
  9     109         0.980
  10    106         0.900

Detector: BL_W50_T1.0_D6
Best Detection: 127 mmHg (confidence: 1.200)
Top 10 readings:
  Rank  Pressure    Confidence  
  ------------------------------
  1     127         1.200
  2     124         1.200
  3     121         1.200
  4     119         1.200
  5     117         1.200
  6     115         1.200
  7     112         1.140
  8     111         1.060
  9     109         0.980
  10    106         0.900

Detector: BL_W50_T1.0_D8
Best Detection: 127 mmHg (confidence: 1.200)
Top 10 readings:
  Rank  Pressure    Confidence  
  ------------------------------
  1     127         1.200
  2     124         1.200
  3     121         1.200
  4     119         1.200
  5     117         1.200
  6     115         1.200
  7     112         1.140
  8     111         1.060
  9     109         0.980
  10    106         0.900

Detector: BL_W50_T1.0_D10
Best Detection: 127 mmHg (confidence: 1.200)
Top 10 readings:
  Rank  Pressure    Confidence  
  ------------------------------
  1     127         1.200
  2     124         1.200
  3     121         1.200
  4     119         1.200
  5     117         1.200
  6     115         1.200
  7     112         1.140
  8     111         1.060
  9     109         0.980
  10    106         0.900

Detector: BL_W50_T1.0_D15
Best Detection: 127 mmHg (confidence: 1.200)
Top 10 readings:
  Rank  Pressure    Confidence  
  ------------------------------
  1     127         1.200
  2     124         1.200
  3     121         1.200
  4     119         1.200
  5     117         1.200
  6     115         1.200
  7     112         1.140
  8     111         1.060
  9     109         0.980
  10    106         0.900

Detector: BL_W50_T1.0_D20
Best Detection: 127 mmHg (confidence: 1.200)
Top 10 readings:
  Rank  Pressure    Confidence  
  ------------------------------
  1     127         1.200
  2     124         1.200
  3     121         1.200
  4     119         1.200
  5     117         1.200
  6     115         1.200
  7     112         1.140
  8     111         1.060
  9     109         0.980
  10    106         0.900

Detector: BL_W50_T1.0_D25
Best Detection: 127 mmHg (confidence: 1.200)
Top 10 readings:
  Rank  Pressure    Confidence  
  ------------------------------
  1     127         1.200
  2     124         1.200
  3     121         1.200
  4     119         1.200
  5     117         1.200
  6     115         1.200
  7     112         1.140
  8     111         1.060
  9     109         0.980
  10    106         0.900

Detector: BL_W50_T1.0_D30
Best Detection: 127 mmHg (confidence: 1.200)
Top 10 readings:
  Rank  Pressure    Confidence  
  ------------------------------
  1     127         1.200
  2     124         1.200
  3     121         1.200
  4     119         1.200
  5     117         1.200
  6     115         1.200
  7     112         1.140
  8     111         1.060
  9     109         0.980
  10    106         0.900

Detector: BL_W50_T1.0_D40
Best Detection: 127 mmHg (confidence: 1.200)
Top 10 readings:
  Rank  Pressure    Confidence  
  ------------------------------
  1     127         1.200
  2     124         1.200
  3     121         1.200
  4     119         1.200
  5     117         1.200
  6     115         1.200
  7     112         1.140
  8     111         1.060
  9     109         0.980
  10    106         0.900

Detector: BL_W50_T1.2_D2
Best Detection: 110 mmHg (confidence: 1.140)
Top 10 readings:
  Rank  Pressure    Confidence  
  ------------------------------
  1     110         1.140
  2     109         1.060
  3     106         0.980
  4     104         0.900
  5     102         0.820
  6     100         0.740
  7     98          0.660
  8     96          0.580
  9     127         0.500
  10    94          0.500

Detector: BL_W50_T1.2_D4
Best Detection: 110 mmHg (confidence: 1.140)
Top 10 readings:
  Rank  Pressure    Confidence  
  ------------------------------
  1     110         1.140
  2     109         1.060
  3     106         0.980
  4     104         0.900
  5     102         0.820
  6     100         0.740
  7     98          0.660
  8     96          0.580
  9     127         0.500
  10    94          0.500

Detector: BL_W50_T1.2_D6
Best Detection: 110 mmHg (confidence: 1.140)
Top 10 readings:
  Rank  Pressure    Confidence  
  ------------------------------
  1     110         1.140
  2     109         1.060
  3     106         0.980
  4     104         0.900
  5     102         0.820
  6     100         0.740
  7     98          0.660
  8     96          0.580
  9     127         0.500
  10    94          0.500

Detector: BL_W50_T1.2_D8
Best Detection: 110 mmHg (confidence: 1.140)
Top 10 readings:
  Rank  Pressure    Confidence  
  ------------------------------
  1     110         1.140
  2     109         1.060
  3     106         0.980
  4     104         0.900
  5     102         0.820
  6     100         0.740
  7     98          0.660
  8     96          0.580
  9     127         0.500
  10    94          0.500

Detector: BL_W50_T1.2_D10
Best Detection: 110 mmHg (confidence: 1.140)
Top 10 readings:
  Rank  Pressure    Confidence  
  ------------------------------
  1     110         1.140
  2     109         1.060
  3     106         0.980
  4     104         0.900
  5     102         0.820
  6     100         0.740
  7     98          0.660
  8     96          0.580
  9     127         0.500
  10    94          0.500

Detector: BL_W50_T1.2_D15
Best Detection: 110 mmHg (confidence: 1.140)
Top 10 readings:
  Rank  Pressure    Confidence  
  ------------------------------
  1     110         1.140
  2     109         1.060
  3     106         0.980
  4     104         0.900
  5     102         0.820
  6     100         0.740
  7     98          0.660
  8     96          0.580
  9     127         0.500
  10    94          0.500

Detector: BL_W50_T1.2_D20
Best Detection: 110 mmHg (confidence: 1.140)
Top 10 readings:
  Rank  Pressure    Confidence  
  ------------------------------
  1     110         1.140
  2     109         1.060
  3     106         0.980
  4     104         0.900
  5     102         0.820
  6     100         0.740
  7     98          0.660
  8     96          0.580
  9     127         0.500
  10    94          0.500

Detector: BL_W50_T1.2_D25
Best Detection: 110 mmHg (confidence: 1.140)
Top 10 readings:
  Rank  Pressure    Confidence  
  ------------------------------
  1     110         1.140
  2     109         1.060
  3     106         0.980
  4     104         0.900
  5     102         0.820
  6     100         0.740
  7     98          0.660
  8     96          0.580
  9     127         0.500
  10    94          0.500

Detector: BL_W50_T1.2_D30
Best Detection: 110 mmHg (confidence: 1.140)
Top 10 readings:
  Rank  Pressure    Confidence  
  ------------------------------
  1     110         1.140
  2     109         1.060
  3     106         0.980
  4     104         0.900
  5     102         0.820
  6     100         0.740
  7     98          0.660
  8     96          0.580
  9     127         0.500
  10    94          0.500

Detector: BL_W50_T1.2_D40
Best Detection: 110 mmHg (confidence: 1.140)
Top 10 readings:
  Rank  Pressure    Confidence  
  ------------------------------
  1     110         1.140
  2     109         1.060
  3     106         0.980
  4     104         0.900
  5     102         0.820
  6     100         0.740
  7     98          0.660
  8     96          0.580
  9     127         0.500
  10    94          0.500

Detector: BL_W50_T1.4_D2
Best Detection: 110 mmHg (confidence: 1.140)
Top 10 readings:
  Rank  Pressure    Confidence  
  ------------------------------
  1     110         1.140
  2     108         1.060
  3     106         0.980
  4     104         0.900
  5     102         0.820
  6     100         0.740
  7     98          0.660
  8     96          0.580
  9     126         0.500
  10    93          0.500

Detector: BL_W50_T1.4_D4
Best Detection: 110 mmHg (confidence: 1.140)
Top 10 readings:
  Rank  Pressure    Confidence  
  ------------------------------
  1     110         1.140
  2     108         1.060
  3     106         0.980
  4     104         0.900
  5     102         0.820
  6     100         0.740
  7     98          0.660
  8     96          0.580
  9     126         0.500
  10    93          0.500

Detector: BL_W50_T1.4_D6
Best Detection: 110 mmHg (confidence: 1.140)
Top 10 readings:
  Rank  Pressure    Confidence  
  ------------------------------
  1     110         1.140
  2     108         1.060
  3     106         0.980
  4     104         0.900
  5     102         0.820
  6     100         0.740
  7     98          0.660
  8     96          0.580
  9     126         0.500
  10    93          0.500

Detector: BL_W50_T1.4_D8
Best Detection: 110 mmHg (confidence: 1.140)
Top 10 readings:
  Rank  Pressure    Confidence  
  ------------------------------
  1     110         1.140
  2     108         1.060
  3     106         0.980
  4     104         0.900
  5     102         0.820
  6     100         0.740
  7     98          0.660
  8     96          0.580
  9     126         0.500
  10    93          0.500

Detector: BL_W50_T1.4_D10
Best Detection: 110 mmHg (confidence: 1.140)
Top 10 readings:
  Rank  Pressure    Confidence  
  ------------------------------
  1     110         1.140
  2     108         1.060
  3     106         0.980
  4     104         0.900
  5     102         0.820
  6     100         0.740
  7     98          0.660
  8     96          0.580
  9     126         0.500
  10    93          0.500

Detector: BL_W50_T1.4_D15
Best Detection: 110 mmHg (confidence: 1.140)
Top 10 readings:
  Rank  Pressure    Confidence  
  ------------------------------
  1     110         1.140
  2     108         1.060
  3     106         0.980
  4     104         0.900
  5     102         0.820
  6     100         0.740
  7     98          0.660
  8     96          0.580
  9     126         0.500
  10    93          0.500

Detector: BL_W50_T1.4_D20
Best Detection: 110 mmHg (confidence: 1.140)
Top 10 readings:
  Rank  Pressure    Confidence  
  ------------------------------
  1     110         1.140
  2     108         1.060
  3     106         0.980
  4     104         0.900
  5     102         0.820
  6     100         0.740
  7     98          0.660
  8     96          0.580
  9     126         0.500
  10    93          0.500

Detector: BL_W50_T1.4_D25
Best Detection: 110 mmHg (confidence: 1.140)
Top 10 readings:
  Rank  Pressure    Confidence  
  ------------------------------
  1     110         1.140
  2     108         1.060
  3     106         0.980
  4     104         0.900
  5     102         0.820
  6     100         0.740
  7     98          0.660
  8     96          0.580
  9     126         0.500
  10    93          0.500

Detector: BL_W50_T1.4_D30
Best Detection: 110 mmHg (confidence: 1.140)
Top 10 readings:
  Rank  Pressure    Confidence  
  ------------------------------
  1     110         1.140
  2     108         1.060
  3     106         0.980
  4     104         0.900
  5     102         0.820
  6     100         0.740
  7     98          0.660
  8     96          0.580
  9     126         0.500
  10    93          0.500

Detector: BL_W50_T1.4_D40
Best Detection: 110 mmHg (confidence: 1.140)
Top 10 readings:
  Rank  Pressure    Confidence  
  ------------------------------
  1     110         1.140
  2     108         1.060
  3     106         0.980
  4     104         0.900
  5     102         0.820
  6     100         0.740
  7     98          0.660
  8     96          0.580
  9     127         0.500
  10    93          0.500

Detector: BL_W50_T1.6_D2
Best Detection: 126 mmHg (confidence: 0.420)
Top 10 readings:
  Rank  Pressure    Confidence  
  ------------------------------
  1     126         0.420
  2     124         0.340
  3     121         0.260
  4     108         0.260
  5     119         0.126
  6     106         0.126
  7     96          0.126
  8     89          0.050
  9     117         0.010
  10    104         0.010

Detector: BL_W50_T1.6_D4
Best Detection: 126 mmHg (confidence: 0.420)
Top 10 readings:
  Rank  Pressure    Confidence  
  ------------------------------
  1     126         0.420
  2     124         0.340
  3     121         0.260
  4     108         0.260
  5     119         0.126
  6     106         0.126
  7     96          0.126
  8     89          0.050
  9     117         0.010
  10    104         0.010

Detector: BL_W50_T1.6_D6
Best Detection: 126 mmHg (confidence: 0.420)
Top 10 readings:
  Rank  Pressure    Confidence  
  ------------------------------
  1     126         0.420
  2     124         0.340
  3     121         0.260
  4     108         0.260
  5     119         0.126
  6     106         0.126
  7     96          0.126
  8     89          0.050
  9     117         0.010
  10    104         0.010

Detector: BL_W50_T1.6_D8
Best Detection: 126 mmHg (confidence: 0.420)
Top 10 readings:
  Rank  Pressure    Confidence  
  ------------------------------
  1     126         0.420
  2     124         0.340
  3     121         0.260
  4     108         0.260
  5     119         0.126
  6     106         0.126
  7     96          0.126
  8     89          0.050
  9     117         0.010
  10    104         0.010

Detector: BL_W50_T1.6_D10
Best Detection: 126 mmHg (confidence: 0.420)
Top 10 readings:
  Rank  Pressure    Confidence  
  ------------------------------
  1     126         0.420
  2     124         0.340
  3     121         0.260
  4     108         0.260
  5     119         0.126
  6     106         0.126
  7     96          0.126
  8     89          0.050
  9     117         0.010
  10    104         0.010

Detector: BL_W50_T1.6_D15
Best Detection: 126 mmHg (confidence: 0.420)
Top 10 readings:
  Rank  Pressure    Confidence  
  ------------------------------
  1     126         0.420
  2     124         0.340
  3     121         0.260
  4     108         0.260
  5     119         0.126
  6     106         0.126
  7     96          0.126
  8     89          0.050
  9     117         0.010
  10    104         0.010

Detector: BL_W50_T1.6_D20
Best Detection: 126 mmHg (confidence: 0.420)
Top 10 readings:
  Rank  Pressure    Confidence  
  ------------------------------
  1     126         0.420
  2     124         0.340
  3     121         0.260
  4     108         0.260
  5     119         0.126
  6     106         0.126
  7     96          0.126
  8     89          0.050
  9     117         0.010
  10    104         0.010

Detector: BL_W50_T1.6_D25
Best Detection: 126 mmHg (confidence: 0.420)
Top 10 readings:
  Rank  Pressure    Confidence  
  ------------------------------
  1     126         0.420
  2     124         0.340
  3     121         0.260
  4     108         0.260
  5     119         0.126
  6     106         0.126
  7     96          0.126
  8     89          0.050
  9     117         0.010
  10    104         0.010

Detector: BL_W50_T1.6_D30
Best Detection: 126 mmHg (confidence: 0.420)
Top 10 readings:
  Rank  Pressure    Confidence  
  ------------------------------
  1     126         0.420
  2     124         0.340
  3     121         0.260
  4     108         0.260
  5     119         0.126
  6     106         0.126
  7     96          0.126
  8     89          0.050
  9     117         0.010
  10    104         0.010

Detector: BL_W50_T1.6_D40
Best Detection: 127 mmHg (confidence: 0.420)
Top 10 readings:
  Rank  Pressure    Confidence  
  ------------------------------
  1     127         0.420
  2     124         0.340
  3     121         0.260
  4     108         0.260
  5     119         0.126
  6     106         0.126
  7     96          0.126
  8     89          0.050
  9     117         0.010
  10    104         0.010

Detector: BL_W50_T1.8_D2
Best Detection: 124 mmHg (confidence: 0.340)
Top 10 readings:
  Rank  Pressure    Confidence  
  ------------------------------
  1     124         0.340
  2     121         0.260
  3     119         0.126
  4     108         0.126
  5     106         0.050
  6     117         0.010

Detector: BL_W50_T1.8_D4
Best Detection: 124 mmHg (confidence: 0.340)
Top 10 readings:
  Rank  Pressure    Confidence  
  ------------------------------
  1     124         0.340
  2     121         0.260
  3     119         0.126
  4     108         0.126
  5     106         0.050
  6     117         0.010

Detector: BL_W50_T1.8_D6
Best Detection: 124 mmHg (confidence: 0.340)
Top 10 readings:
  Rank  Pressure    Confidence  
  ------------------------------
  1     124         0.340
  2     121         0.260
  3     119         0.126
  4     108         0.126
  5     106         0.050
  6     117         0.010

Detector: BL_W50_T1.8_D8
Best Detection: 124 mmHg (confidence: 0.340)
Top 10 readings:
  Rank  Pressure    Confidence  
  ------------------------------
  1     124         0.340
  2     121         0.260
  3     119         0.126
  4     108         0.126
  5     106         0.050
  6     117         0.010

Detector: BL_W50_T1.8_D10
Best Detection: 124 mmHg (confidence: 0.340)
Top 10 readings:
  Rank  Pressure    Confidence  
  ------------------------------
  1     124         0.340
  2     121         0.260
  3     119         0.126
  4     108         0.126
  5     106         0.050
  6     117         0.010

Detector: BL_W50_T1.8_D15
Best Detection: 124 mmHg (confidence: 0.340)
Top 10 readings:
  Rank  Pressure    Confidence  
  ------------------------------
  1     124         0.340
  2     121         0.260
  3     119         0.126
  4     108         0.126
  5     106         0.050
  6     117         0.010

Detector: BL_W50_T1.8_D20
Best Detection: 124 mmHg (confidence: 0.340)
Top 10 readings:
  Rank  Pressure    Confidence  
  ------------------------------
  1     124         0.340
  2     121         0.260
  3     119         0.126
  4     108         0.126
  5     106         0.050
  6     117         0.010

Detector: BL_W50_T1.8_D25
Best Detection: 124 mmHg (confidence: 0.340)
Top 10 readings:
  Rank  Pressure    Confidence  
  ------------------------------
  1     124         0.340
  2     121         0.260
  3     119         0.126
  4     108         0.126
  5     106         0.050
  6     117         0.010

Detector: BL_W50_T1.8_D30
Best Detection: 124 mmHg (confidence: 0.340)
Top 10 readings:
  Rank  Pressure    Confidence  
  ------------------------------
  1     124         0.340
  2     121         0.260
  3     119         0.126
  4     108         0.126
  5     106         0.050
  6     117         0.010

Detector: BL_W50_T1.8_D40
Best Detection: 127 mmHg (confidence: 0.420)
Top 10 readings:
  Rank  Pressure    Confidence  
  ------------------------------
  1     127         0.420
  2     124         0.340
  3     121         0.260
  4     119         0.126
  5     108         0.126
  6     106         0.050
  7     117         0.010

Detector: BL_W50_T2.0_D2
Best Detection: 124 mmHg (confidence: 0.340)
Top 10 readings:
  Rank  Pressure    Confidence  
  ------------------------------
  1     124         0.340
  2     121         0.260
  3     119         0.126
  4     108         0.126
  5     106         0.050
  6     117         0.010

Detector: BL_W50_T2.0_D4
Best Detection: 124 mmHg (confidence: 0.340)
Top 10 readings:
  Rank  Pressure    Confidence  
  ------------------------------
  1     124         0.340
  2     121         0.260
  3     119         0.126
  4     108         0.126
  5     106         0.050
  6     117         0.010

Detector: BL_W50_T2.0_D6
Best Detection: 124 mmHg (confidence: 0.340)
Top 10 readings:
  Rank  Pressure    Confidence  
  ------------------------------
  1     124         0.340
  2     121         0.260
  3     119         0.126
  4     108         0.126
  5     106         0.050
  6     117         0.010

Detector: BL_W50_T2.0_D8
Best Detection: 124 mmHg (confidence: 0.340)
Top 10 readings:
  Rank  Pressure    Confidence  
  ------------------------------
  1     124         0.340
  2     121         0.260
  3     119         0.126
  4     108         0.126
  5     106         0.050
  6     117         0.010

Detector: BL_W50_T2.0_D10
Best Detection: 124 mmHg (confidence: 0.340)
Top 10 readings:
  Rank  Pressure    Confidence  
  ------------------------------
  1     124         0.340
  2     121         0.260
  3     119         0.126
  4     108         0.126
  5     106         0.050
  6     117         0.010

Detector: BL_W50_T2.0_D15
Best Detection: 124 mmHg (confidence: 0.340)
Top 10 readings:
  Rank  Pressure    Confidence  
  ------------------------------
  1     124         0.340
  2     121         0.260
  3     119         0.126
  4     108         0.126
  5     106         0.050
  6     117         0.010

Detector: BL_W50_T2.0_D20
Best Detection: 124 mmHg (confidence: 0.340)
Top 10 readings:
  Rank  Pressure    Confidence  
  ------------------------------
  1     124         0.340
  2     121         0.260
  3     119         0.126
  4     108         0.126
  5     106         0.050
  6     117         0.010

Detector: BL_W50_T2.0_D25
Best Detection: 124 mmHg (confidence: 0.340)
Top 10 readings:
  Rank  Pressure    Confidence  
  ------------------------------
  1     124         0.340
  2     121         0.260
  3     119         0.126
  4     108         0.126
  5     106         0.050
  6     117         0.010

Detector: BL_W50_T2.0_D30
Best Detection: 124 mmHg (confidence: 0.340)
Top 10 readings:
  Rank  Pressure    Confidence  
  ------------------------------
  1     124         0.340
  2     121         0.260
  3     119         0.126
  4     108         0.126
  5     106         0.050
  6     117         0.010

Detector: BL_W50_T2.0_D40
Best Detection: 127 mmHg (confidence: 0.420)
Top 10 readings:
  Rank  Pressure    Confidence  
  ------------------------------
  1     127         0.420
  2     124         0.340
  3     121         0.260
  4     119         0.126
  5     108         0.126
  6     106         0.050
  7     117         0.010

Detector: BL_W50_T2.2_D2
Best Detection: 124 mmHg (confidence: 0.126)
Top 10 readings:
  Rank  Pressure    Confidence  
  ------------------------------
  1     124         0.126
  2     117         0.050
  3     121         0.010

Detector: BL_W50_T2.2_D4
Best Detection: 124 mmHg (confidence: 0.126)
Top 10 readings:
  Rank  Pressure    Confidence  
  ------------------------------
  1     124         0.126
  2     117         0.050
  3     121         0.010

Detector: BL_W50_T2.2_D6
Best Detection: 124 mmHg (confidence: 0.126)
Top 10 readings:
  Rank  Pressure    Confidence  
  ------------------------------
  1     124         0.126
  2     117         0.050
  3     121         0.010

Detector: BL_W50_T2.2_D8
Best Detection: 124 mmHg (confidence: 0.126)
Top 10 readings:
  Rank  Pressure    Confidence  
  ------------------------------
  1     124         0.126
  2     117         0.050
  3     121         0.010

Detector: BL_W50_T2.2_D10
Best Detection: 124 mmHg (confidence: 0.126)
Top 10 readings:
  Rank  Pressure    Confidence  
  ------------------------------
  1     124         0.126
  2     117         0.050
  3     121         0.010

Detector: BL_W50_T2.2_D15
Best Detection: 124 mmHg (confidence: 0.126)
Top 10 readings:
  Rank  Pressure    Confidence  
  ------------------------------
  1     124         0.126
  2     117         0.050
  3     121         0.010

Detector: BL_W50_T2.2_D20
Best Detection: 124 mmHg (confidence: 0.126)
Top 10 readings:
  Rank  Pressure    Confidence  
  ------------------------------
  1     124         0.126
  2     117         0.050
  3     121         0.010

Detector: BL_W50_T2.2_D25
Best Detection: 124 mmHg (confidence: 0.126)
Top 10 readings:
  Rank  Pressure    Confidence  
  ------------------------------
  1     124         0.126
  2     117         0.050
  3     121         0.010

Detector: BL_W50_T2.2_D30
Best Detection: 124 mmHg (confidence: 0.126)
Top 10 readings:
  Rank  Pressure    Confidence  
  ------------------------------
  1     124         0.126
  2     117         0.050
  3     121         0.010

Detector: BL_W50_T2.2_D40
Best Detection: 127 mmHg (confidence: 0.260)
Top 10 readings:
  Rank  Pressure    Confidence  
  ------------------------------
  1     127         0.260
  2     124         0.126
  3     117         0.050
  4     121         0.010

Detector: BL_W50_T2.4_D2
Best Detection: 123 mmHg (confidence: 0.050)
Top 10 readings:
  Rank  Pressure    Confidence  
  ------------------------------
  1     123         0.050

Detector: BL_W50_T2.4_D4
Best Detection: 123 mmHg (confidence: 0.050)
Top 10 readings:
  Rank  Pressure    Confidence  
  ------------------------------
  1     123         0.050

Detector: BL_W50_T2.4_D6
Best Detection: 123 mmHg (confidence: 0.050)
Top 10 readings:
  Rank  Pressure    Confidence  
  ------------------------------
  1     123         0.050

Detector: BL_W50_T2.4_D8
Best Detection: 123 mmHg (confidence: 0.050)
Top 10 readings:
  Rank  Pressure    Confidence  
  ------------------------------
  1     123         0.050

Detector: BL_W50_T2.4_D10
Best Detection: 123 mmHg (confidence: 0.050)
Top 10 readings:
  Rank  Pressure    Confidence  
  ------------------------------
  1     123         0.050

Detector: BL_W50_T2.4_D15
Best Detection: 123 mmHg (confidence: 0.050)
Top 10 readings:
  Rank  Pressure    Confidence  
  ------------------------------
  1     123         0.050

Detector: BL_W50_T2.4_D20
Best Detection: 123 mmHg (confidence: 0.050)
Top 10 readings:
  Rank  Pressure    Confidence  
  ------------------------------
  1     123         0.050

Detector: BL_W50_T2.4_D25
Best Detection: 123 mmHg (confidence: 0.050)
Top 10 readings:
  Rank  Pressure    Confidence  
  ------------------------------
  1     123         0.050

Detector: BL_W50_T2.4_D30
Best Detection: 123 mmHg (confidence: 0.050)
Top 10 readings:
  Rank  Pressure    Confidence  
  ------------------------------
  1     123         0.050

Detector: BL_W50_T2.4_D40
Best Detection: 127 mmHg (confidence: 0.126)
Top 10 readings:
  Rank  Pressure    Confidence  
  ------------------------------
  1     127         0.126
  2     124         0.050

Detector: BL_W50_T2.6_D40
Best Detection: 127 mmHg (confidence: 0.126)
Top 10 readings:
  Rank  Pressure    Confidence  
  ------------------------------
  1     127         0.126
  2     124         0.050

Detector: BL_W50_T2.8_D40
Best Detection: 127 mmHg (confidence: 0.126)
Top 10 readings:
  Rank  Pressure    Confidence  
  ------------------------------
  1     127         0.126
  2     124         0.050

Detector: BL_W50_T3.0_D40
Best Detection: 127 mmHg (confidence: 0.126)
Top 10 readings:
  Rank  Pressure    Confidence  
  ------------------------------
  1     127         0.126
  2     124         0.050

Detector: BL_W60_T1.0_D2
Best Detection: 124 mmHg (confidence: 1.200)
Top 10 readings:
  Rank  Pressure    Confidence  
  ------------------------------
  1     124         1.200
  2     121         1.200
  3     119         1.200
  4     117         1.200
  5     115         1.200
  6     112         1.200
  7     111         1.140
  8     109         1.060
  9     106         0.980
  10    104         0.900

Detector: BL_W60_T1.0_D4
Best Detection: 124 mmHg (confidence: 1.200)
Top 10 readings:
  Rank  Pressure    Confidence  
  ------------------------------
  1     124         1.200
  2     121         1.200
  3     119         1.200
  4     117         1.200
  5     115         1.200
  6     112         1.200
  7     111         1.140
  8     109         1.060
  9     106         0.980
  10    104         0.900

Detector: BL_W60_T1.0_D6
Best Detection: 124 mmHg (confidence: 1.200)
Top 10 readings:
  Rank  Pressure    Confidence  
  ------------------------------
  1     124         1.200
  2     121         1.200
  3     119         1.200
  4     117         1.200
  5     115         1.200
  6     112         1.200
  7     111         1.140
  8     109         1.060
  9     106         0.980
  10    104         0.900

Detector: BL_W60_T1.0_D8
Best Detection: 124 mmHg (confidence: 1.200)
Top 10 readings:
  Rank  Pressure    Confidence  
  ------------------------------
  1     124         1.200
  2     121         1.200
  3     119         1.200
  4     117         1.200
  5     115         1.200
  6     112         1.200
  7     111         1.140
  8     109         1.060
  9     106         0.980
  10    104         0.900

Detector: BL_W60_T1.0_D10
Best Detection: 124 mmHg (confidence: 1.200)
Top 10 readings:
  Rank  Pressure    Confidence  
  ------------------------------
  1     124         1.200
  2     121         1.200
  3     119         1.200
  4     117         1.200
  5     115         1.200
  6     112         1.200
  7     111         1.140
  8     109         1.060
  9     106         0.980
  10    104         0.900

Detector: BL_W60_T1.0_D15
Best Detection: 124 mmHg (confidence: 1.200)
Top 10 readings:
  Rank  Pressure    Confidence  
  ------------------------------
  1     124         1.200
  2     121         1.200
  3     119         1.200
  4     117         1.200
  5     115         1.200
  6     112         1.200
  7     111         1.140
  8     109         1.060
  9     106         0.980
  10    104         0.900

Detector: BL_W60_T1.0_D20
Best Detection: 124 mmHg (confidence: 1.200)
Top 10 readings:
  Rank  Pressure    Confidence  
  ------------------------------
  1     124         1.200
  2     121         1.200
  3     119         1.200
  4     117         1.200
  5     115         1.200
  6     112         1.200
  7     111         1.140
  8     109         1.060
  9     106         0.980
  10    104         0.900

Detector: BL_W60_T1.0_D25
Best Detection: 124 mmHg (confidence: 1.200)
Top 10 readings:
  Rank  Pressure    Confidence  
  ------------------------------
  1     124         1.200
  2     121         1.200
  3     119         1.200
  4     117         1.200
  5     115         1.200
  6     112         1.200
  7     111         1.140
  8     109         1.060
  9     106         0.980
  10    104         0.900

Detector: BL_W60_T1.0_D30
Best Detection: 124 mmHg (confidence: 1.200)
Top 10 readings:
  Rank  Pressure    Confidence  
  ------------------------------
  1     124         1.200
  2     121         1.200
  3     119         1.200
  4     117         1.200
  5     115         1.200
  6     112         1.200
  7     111         1.140
  8     109         1.060
  9     106         0.980
  10    104         0.900

Detector: BL_W60_T1.0_D40
Best Detection: 124 mmHg (confidence: 1.200)
Top 10 readings:
  Rank  Pressure    Confidence  
  ------------------------------
  1     124         1.200
  2     121         1.200
  3     119         1.200
  4     117         1.200
  5     115         1.200
  6     112         1.200
  7     111         1.140
  8     109         1.060
  9     106         0.980
  10    104         0.900

Detector: BL_W60_T1.2_D2
Best Detection: 110 mmHg (confidence: 1.140)
Top 10 readings:
  Rank  Pressure    Confidence  
  ------------------------------
  1     110         1.140
  2     109         1.060
  3     106         0.980
  4     104         0.900
  5     103         0.820
  6     100         0.740
  7     98          0.660
  8     96          0.580
  9     94          0.500
  10    124         0.420

Detector: BL_W60_T1.2_D4
Best Detection: 110 mmHg (confidence: 1.140)
Top 10 readings:
  Rank  Pressure    Confidence  
  ------------------------------
  1     110         1.140
  2     109         1.060
  3     106         0.980
  4     104         0.900
  5     103         0.820
  6     100         0.740
  7     98          0.660
  8     96          0.580
  9     94          0.500
  10    124         0.420

Detector: BL_W60_T1.2_D6
Best Detection: 110 mmHg (confidence: 1.140)
Top 10 readings:
  Rank  Pressure    Confidence  
  ------------------------------
  1     110         1.140
  2     109         1.060
  3     106         0.980
  4     104         0.900
  5     103         0.820
  6     100         0.740
  7     98          0.660
  8     96          0.580
  9     94          0.500
  10    124         0.420

Detector: BL_W60_T1.2_D8
Best Detection: 110 mmHg (confidence: 1.140)
Top 10 readings:
  Rank  Pressure    Confidence  
  ------------------------------
  1     110         1.140
  2     109         1.060
  3     106         0.980
  4     104         0.900
  5     103         0.820
  6     100         0.740
  7     98          0.660
  8     96          0.580
  9     94          0.500
  10    124         0.420

Detector: BL_W60_T1.2_D10
Best Detection: 110 mmHg (confidence: 1.140)
Top 10 readings:
  Rank  Pressure    Confidence  
  ------------------------------
  1     110         1.140
  2     109         1.060
  3     106         0.980
  4     104         0.900
  5     103         0.820
  6     100         0.740
  7     98          0.660
  8     96          0.580
  9     94          0.500
  10    124         0.420

Detector: BL_W60_T1.2_D15
Best Detection: 110 mmHg (confidence: 1.140)
Top 10 readings:
  Rank  Pressure    Confidence  
  ------------------------------
  1     110         1.140
  2     109         1.060
  3     106         0.980
  4     104         0.900
  5     103         0.820
  6     100         0.740
  7     98          0.660
  8     96          0.580
  9     94          0.500
  10    124         0.420

Detector: BL_W60_T1.2_D20
Best Detection: 110 mmHg (confidence: 1.140)
Top 10 readings:
  Rank  Pressure    Confidence  
  ------------------------------
  1     110         1.140
  2     109         1.060
  3     106         0.980
  4     104         0.900
  5     103         0.820
  6     100         0.740
  7     98          0.660
  8     96          0.580
  9     94          0.500
  10    124         0.420

Detector: BL_W60_T1.2_D25
Best Detection: 110 mmHg (confidence: 1.140)
Top 10 readings:
  Rank  Pressure    Confidence  
  ------------------------------
  1     110         1.140
  2     109         1.060
  3     106         0.980
  4     104         0.900
  5     103         0.820
  6     100         0.740
  7     98          0.660
  8     96          0.580
  9     94          0.500
  10    124         0.420

Detector: BL_W60_T1.2_D30
Best Detection: 110 mmHg (confidence: 1.140)
Top 10 readings:
  Rank  Pressure    Confidence  
  ------------------------------
  1     110         1.140
  2     109         1.060
  3     106         0.980
  4     104         0.900
  5     103         0.820
  6     100         0.740
  7     98          0.660
  8     96          0.580
  9     94          0.500
  10    124         0.420

Detector: BL_W60_T1.2_D40
Best Detection: 110 mmHg (confidence: 1.140)
Top 10 readings:
  Rank  Pressure    Confidence  
  ------------------------------
  1     110         1.140
  2     109         1.060
  3     106         0.980
  4     104         0.900
  5     103         0.820
  6     100         0.740
  7     98          0.660
  8     96          0.580
  9     94          0.500
  10    124         0.420

Detector: BL_W60_T1.4_D2
Best Detection: 110 mmHg (confidence: 1.140)
Top 10 readings:
  Rank  Pressure    Confidence  
  ------------------------------
  1     110         1.140
  2     108         1.060
  3     106         0.980
  4     104         0.900
  5     102         0.820
  6     100         0.740
  7     98          0.660
  8     96          0.580
  9     93          0.500
  10    124         0.420

Detector: BL_W60_T1.4_D4
Best Detection: 110 mmHg (confidence: 1.140)
Top 10 readings:
  Rank  Pressure    Confidence  
  ------------------------------
  1     110         1.140
  2     108         1.060
  3     106         0.980
  4     104         0.900
  5     102         0.820
  6     100         0.740
  7     98          0.660
  8     96          0.580
  9     93          0.500
  10    124         0.420

Detector: BL_W60_T1.4_D6
Best Detection: 110 mmHg (confidence: 1.140)
Top 10 readings:
  Rank  Pressure    Confidence  
  ------------------------------
  1     110         1.140
  2     108         1.060
  3     106         0.980
  4     104         0.900
  5     102         0.820
  6     100         0.740
  7     98          0.660
  8     96          0.580
  9     93          0.500
  10    124         0.420

Detector: BL_W60_T1.4_D8
Best Detection: 110 mmHg (confidence: 1.140)
Top 10 readings:
  Rank  Pressure    Confidence  
  ------------------------------
  1     110         1.140
  2     108         1.060
  3     106         0.980
  4     104         0.900
  5     102         0.820
  6     100         0.740
  7     98          0.660
  8     96          0.580
  9     93          0.500
  10    124         0.420

Detector: BL_W60_T1.4_D10
Best Detection: 110 mmHg (confidence: 1.140)
Top 10 readings:
  Rank  Pressure    Confidence  
  ------------------------------
  1     110         1.140
  2     108         1.060
  3     106         0.980
  4     104         0.900
  5     102         0.820
  6     100         0.740
  7     98          0.660
  8     96          0.580
  9     93          0.500
  10    124         0.420

Detector: BL_W60_T1.4_D15
Best Detection: 110 mmHg (confidence: 1.140)
Top 10 readings:
  Rank  Pressure    Confidence  
  ------------------------------
  1     110         1.140
  2     108         1.060
  3     106         0.980
  4     104         0.900
  5     102         0.820
  6     100         0.740
  7     98          0.660
  8     96          0.580
  9     93          0.500
  10    124         0.420

Detector: BL_W60_T1.4_D20
Best Detection: 110 mmHg (confidence: 1.140)
Top 10 readings:
  Rank  Pressure    Confidence  
  ------------------------------
  1     110         1.140
  2     108         1.060
  3     106         0.980
  4     104         0.900
  5     102         0.820
  6     100         0.740
  7     98          0.660
  8     96          0.580
  9     93          0.500
  10    124         0.420

Detector: BL_W60_T1.4_D25
Best Detection: 110 mmHg (confidence: 1.140)
Top 10 readings:
  Rank  Pressure    Confidence  
  ------------------------------
  1     110         1.140
  2     108         1.060
  3     106         0.980
  4     104         0.900
  5     102         0.820
  6     100         0.740
  7     98          0.660
  8     96          0.580
  9     93          0.500
  10    124         0.420

Detector: BL_W60_T1.4_D30
Best Detection: 110 mmHg (confidence: 1.140)
Top 10 readings:
  Rank  Pressure    Confidence  
  ------------------------------
  1     110         1.140
  2     108         1.060
  3     106         0.980
  4     104         0.900
  5     102         0.820
  6     100         0.740
  7     98          0.660
  8     96          0.580
  9     93          0.500
  10    124         0.420

Detector: BL_W60_T1.4_D40
Best Detection: 110 mmHg (confidence: 1.140)
Top 10 readings:
  Rank  Pressure    Confidence  
  ------------------------------
  1     110         1.140
  2     108         1.060
  3     106         0.980
  4     104         0.900
  5     102         0.820
  6     100         0.740
  7     98          0.660
  8     96          0.580
  9     93          0.500
  10    124         0.420

Detector: BL_W60_T1.6_D2
Best Detection: 108 mmHg (confidence: 0.420)
Top 10 readings:
  Rank  Pressure    Confidence  
  ------------------------------
  1     108         0.420
  2     124         0.340
  3     106         0.340
  4     96          0.340
  5     121         0.260
  6     104         0.260
  7     93          0.260
  8     119         0.126
  9     102         0.126
  10    91          0.126

Detector: BL_W60_T1.6_D4
Best Detection: 108 mmHg (confidence: 0.420)
Top 10 readings:
  Rank  Pressure    Confidence  
  ------------------------------
  1     108         0.420
  2     124         0.340
  3     106         0.340
  4     96          0.340
  5     121         0.260
  6     104         0.260
  7     93          0.260
  8     119         0.126
  9     102         0.126
  10    91          0.126

Detector: BL_W60_T1.6_D6
Best Detection: 108 mmHg (confidence: 0.420)
Top 10 readings:
  Rank  Pressure    Confidence  
  ------------------------------
  1     108         0.420
  2     124         0.340
  3     106         0.340
  4     96          0.340
  5     121         0.260
  6     104         0.260
  7     93          0.260
  8     119         0.126
  9     102         0.126
  10    91          0.126

Detector: BL_W60_T1.6_D8
Best Detection: 108 mmHg (confidence: 0.420)
Top 10 readings:
  Rank  Pressure    Confidence  
  ------------------------------
  1     108         0.420
  2     124         0.340
  3     106         0.340
  4     96          0.340
  5     121         0.260
  6     104         0.260
  7     93          0.260
  8     119         0.126
  9     102         0.126
  10    91          0.126

Detector: BL_W60_T1.6_D10
Best Detection: 108 mmHg (confidence: 0.420)
Top 10 readings:
  Rank  Pressure    Confidence  
  ------------------------------
  1     108         0.420
  2     124         0.340
  3     106         0.340
  4     96          0.340
  5     121         0.260
  6     104         0.260
  7     93          0.260
  8     119         0.126
  9     102         0.126
  10    91          0.126

Detector: BL_W60_T1.6_D15
Best Detection: 108 mmHg (confidence: 0.420)
Top 10 readings:
  Rank  Pressure    Confidence  
  ------------------------------
  1     108         0.420
  2     124         0.340
  3     106         0.340
  4     96          0.340
  5     121         0.260
  6     104         0.260
  7     93          0.260
  8     119         0.126
  9     102         0.126
  10    91          0.126

Detector: BL_W60_T1.6_D20
Best Detection: 108 mmHg (confidence: 0.420)
Top 10 readings:
  Rank  Pressure    Confidence  
  ------------------------------
  1     108         0.420
  2     124         0.340
  3     106         0.340
  4     96          0.340
  5     121         0.260
  6     104         0.260
  7     93          0.260
  8     119         0.126
  9     102         0.126
  10    91          0.126

Detector: BL_W60_T1.6_D25
Best Detection: 108 mmHg (confidence: 0.420)
Top 10 readings:
  Rank  Pressure    Confidence  
  ------------------------------
  1     108         0.420
  2     124         0.340
  3     106         0.340
  4     96          0.340
  5     121         0.260
  6     104         0.260
  7     93          0.260
  8     119         0.126
  9     102         0.126
  10    91          0.126

Detector: BL_W60_T1.6_D30
Best Detection: 108 mmHg (confidence: 0.420)
Top 10 readings:
  Rank  Pressure    Confidence  
  ------------------------------
  1     108         0.420
  2     124         0.340
  3     106         0.340
  4     96          0.340
  5     121         0.260
  6     104         0.260
  7     93          0.260
  8     119         0.126
  9     102         0.126
  10    91          0.126

Detector: BL_W60_T1.6_D40
Best Detection: 108 mmHg (confidence: 0.420)
Top 10 readings:
  Rank  Pressure    Confidence  
  ------------------------------
  1     108         0.420
  2     124         0.340
  3     106         0.340
  4     96          0.340
  5     121         0.260
  6     104         0.260
  7     93          0.260
  8     119         0.126
  9     102         0.126
  10    91          0.126

Detector: BL_W60_T1.8_D2
Best Detection: 123 mmHg (confidence: 0.340)
Top 10 readings:
  Rank  Pressure    Confidence  
  ------------------------------
  1     123         0.340
  2     121         0.260
  3     119         0.126
  4     108         0.126
  5     106         0.050
  6     117         0.010

Detector: BL_W60_T1.8_D4
Best Detection: 123 mmHg (confidence: 0.340)
Top 10 readings:
  Rank  Pressure    Confidence  
  ------------------------------
  1     123         0.340
  2     121         0.260
  3     119         0.126
  4     108         0.126
  5     106         0.050
  6     117         0.010

Detector: BL_W60_T1.8_D6
Best Detection: 123 mmHg (confidence: 0.340)
Top 10 readings:
  Rank  Pressure    Confidence  
  ------------------------------
  1     123         0.340
  2     121         0.260
  3     119         0.126
  4     108         0.126
  5     106         0.050
  6     117         0.010

Detector: BL_W60_T1.8_D8
Best Detection: 123 mmHg (confidence: 0.340)
Top 10 readings:
  Rank  Pressure    Confidence  
  ------------------------------
  1     123         0.340
  2     121         0.260
  3     119         0.126
  4     108         0.126
  5     106         0.050
  6     117         0.010

Detector: BL_W60_T1.8_D10
Best Detection: 123 mmHg (confidence: 0.340)
Top 10 readings:
  Rank  Pressure    Confidence  
  ------------------------------
  1     123         0.340
  2     121         0.260
  3     119         0.126
  4     108         0.126
  5     106         0.050
  6     117         0.010

Detector: BL_W60_T1.8_D15
Best Detection: 123 mmHg (confidence: 0.340)
Top 10 readings:
  Rank  Pressure    Confidence  
  ------------------------------
  1     123         0.340
  2     121         0.260
  3     119         0.126
  4     108         0.126
  5     106         0.050
  6     117         0.010

Detector: BL_W60_T1.8_D20
Best Detection: 123 mmHg (confidence: 0.340)
Top 10 readings:
  Rank  Pressure    Confidence  
  ------------------------------
  1     123         0.340
  2     121         0.260
  3     119         0.126
  4     108         0.126
  5     106         0.050
  6     117         0.010

Detector: BL_W60_T1.8_D25
Best Detection: 123 mmHg (confidence: 0.340)
Top 10 readings:
  Rank  Pressure    Confidence  
  ------------------------------
  1     123         0.340
  2     121         0.260
  3     119         0.126
  4     108         0.126
  5     106         0.050
  6     117         0.010

Detector: BL_W60_T1.8_D30
Best Detection: 123 mmHg (confidence: 0.340)
Top 10 readings:
  Rank  Pressure    Confidence  
  ------------------------------
  1     123         0.340
  2     121         0.260
  3     119         0.126
  4     108         0.126
  5     106         0.050
  6     117         0.010

Detector: BL_W60_T1.8_D40
Best Detection: 123 mmHg (confidence: 0.340)
Top 10 readings:
  Rank  Pressure    Confidence  
  ------------------------------
  1     123         0.340
  2     121         0.260
  3     119         0.126
  4     108         0.126
  5     106         0.050
  6     117         0.010

Detector: BL_W60_T2.0_D2
Best Detection: 121 mmHg (confidence: 0.260)
Top 10 readings:
  Rank  Pressure    Confidence  
  ------------------------------
  1     121         0.260
  2     119         0.126
  3     108         0.126
  4     106         0.050
  5     117         0.010

Detector: BL_W60_T2.0_D4
Best Detection: 121 mmHg (confidence: 0.260)
Top 10 readings:
  Rank  Pressure    Confidence  
  ------------------------------
  1     121         0.260
  2     119         0.126
  3     108         0.126
  4     106         0.050
  5     117         0.010

Detector: BL_W60_T2.0_D6
Best Detection: 121 mmHg (confidence: 0.260)
Top 10 readings:
  Rank  Pressure    Confidence  
  ------------------------------
  1     121         0.260
  2     119         0.126
  3     108         0.126
  4     106         0.050
  5     117         0.010

Detector: BL_W60_T2.0_D8
Best Detection: 121 mmHg (confidence: 0.260)
Top 10 readings:
  Rank  Pressure    Confidence  
  ------------------------------
  1     121         0.260
  2     119         0.126
  3     108         0.126
  4     106         0.050
  5     117         0.010

Detector: BL_W60_T2.0_D10
Best Detection: 121 mmHg (confidence: 0.260)
Top 10 readings:
  Rank  Pressure    Confidence  
  ------------------------------
  1     121         0.260
  2     119         0.126
  3     108         0.126
  4     106         0.050
  5     117         0.010

Detector: BL_W60_T2.0_D15
Best Detection: 121 mmHg (confidence: 0.260)
Top 10 readings:
  Rank  Pressure    Confidence  
  ------------------------------
  1     121         0.260
  2     119         0.126
  3     108         0.126
  4     106         0.050
  5     117         0.010

Detector: BL_W60_T2.0_D20
Best Detection: 121 mmHg (confidence: 0.260)
Top 10 readings:
  Rank  Pressure    Confidence  
  ------------------------------
  1     121         0.260
  2     119         0.126
  3     108         0.126
  4     106         0.050
  5     117         0.010

Detector: BL_W60_T2.0_D25
Best Detection: 121 mmHg (confidence: 0.260)
Top 10 readings:
  Rank  Pressure    Confidence  
  ------------------------------
  1     121         0.260
  2     119         0.126
  3     108         0.126
  4     106         0.050
  5     117         0.010

Detector: BL_W60_T2.0_D30
Best Detection: 121 mmHg (confidence: 0.260)
Top 10 readings:
  Rank  Pressure    Confidence  
  ------------------------------
  1     121         0.260
  2     119         0.126
  3     108         0.126
  4     106         0.050
  5     117         0.010

Detector: BL_W60_T2.0_D40
Best Detection: 121 mmHg (confidence: 0.260)
Top 10 readings:
  Rank  Pressure    Confidence  
  ------------------------------
  1     121         0.260
  2     119         0.126
  3     108         0.126
  4     106         0.050
  5     117         0.010

Detector: BL_W60_T2.2_D2
Best Detection: 121 mmHg (confidence: 0.260)
Top 10 readings:
  Rank  Pressure    Confidence  
  ------------------------------
  1     121         0.260
  2     119         0.126
  3     108         0.050
  4     117         0.010

Detector: BL_W60_T2.2_D4
Best Detection: 121 mmHg (confidence: 0.260)
Top 10 readings:
  Rank  Pressure    Confidence  
  ------------------------------
  1     121         0.260
  2     119         0.126
  3     108         0.050
  4     117         0.010

Detector: BL_W60_T2.2_D6
Best Detection: 121 mmHg (confidence: 0.260)
Top 10 readings:
  Rank  Pressure    Confidence  
  ------------------------------
  1     121         0.260
  2     119         0.126
  3     108         0.050
  4     117         0.010

Detector: BL_W60_T2.2_D8
Best Detection: 121 mmHg (confidence: 0.260)
Top 10 readings:
  Rank  Pressure    Confidence  
  ------------------------------
  1     121         0.260
  2     119         0.126
  3     108         0.050
  4     117         0.010

Detector: BL_W60_T2.2_D10
Best Detection: 121 mmHg (confidence: 0.260)
Top 10 readings:
  Rank  Pressure    Confidence  
  ------------------------------
  1     121         0.260
  2     119         0.126
  3     108         0.050
  4     117         0.010

Detector: BL_W60_T2.2_D15
Best Detection: 121 mmHg (confidence: 0.260)
Top 10 readings:
  Rank  Pressure    Confidence  
  ------------------------------
  1     121         0.260
  2     119         0.126
  3     108         0.050
  4     117         0.010

Detector: BL_W60_T2.2_D20
Best Detection: 121 mmHg (confidence: 0.260)
Top 10 readings:
  Rank  Pressure    Confidence  
  ------------------------------
  1     121         0.260
  2     119         0.126
  3     108         0.050
  4     117         0.010

Detector: BL_W60_T2.2_D25
Best Detection: 121 mmHg (confidence: 0.260)
Top 10 readings:
  Rank  Pressure    Confidence  
  ------------------------------
  1     121         0.260
  2     119         0.126
  3     108         0.050
  4     117         0.010

Detector: BL_W60_T2.2_D30
Best Detection: 121 mmHg (confidence: 0.260)
Top 10 readings:
  Rank  Pressure    Confidence  
  ------------------------------
  1     121         0.260
  2     119         0.126
  3     108         0.050
  4     117         0.010

Detector: BL_W60_T2.2_D40
Best Detection: 121 mmHg (confidence: 0.260)
Top 10 readings:
  Rank  Pressure    Confidence  
  ------------------------------
  1     121         0.260
  2     119         0.126
  3     108         0.050
  4     117         0.010

Detector: BL_W60_T2.4_D2
Best Detection: 117 mmHg (confidence: 0.050)
Top 10 readings:
  Rank  Pressure    Confidence  
  ------------------------------
  1     117         0.050

Detector: BL_W60_T2.4_D4
Best Detection: 117 mmHg (confidence: 0.050)
Top 10 readings:
  Rank  Pressure    Confidence  
  ------------------------------
  1     117         0.050

Detector: BL_W60_T2.4_D6
Best Detection: 117 mmHg (confidence: 0.050)
Top 10 readings:
  Rank  Pressure    Confidence  
  ------------------------------
  1     117         0.050

Detector: BL_W60_T2.4_D8
Best Detection: 117 mmHg (confidence: 0.050)
Top 10 readings:
  Rank  Pressure    Confidence  
  ------------------------------
  1     117         0.050

Detector: BL_W60_T2.4_D10
Best Detection: 117 mmHg (confidence: 0.050)
Top 10 readings:
  Rank  Pressure    Confidence  
  ------------------------------
  1     117         0.050

Detector: BL_W60_T2.4_D15
Best Detection: 117 mmHg (confidence: 0.050)
Top 10 readings:
  Rank  Pressure    Confidence  
  ------------------------------
  1     117         0.050

Detector: BL_W60_T2.4_D20
Best Detection: 117 mmHg (confidence: 0.050)
Top 10 readings:
  Rank  Pressure    Confidence  
  ------------------------------
  1     117         0.050

Detector: BL_W60_T2.4_D25
Best Detection: 117 mmHg (confidence: 0.050)
Top 10 readings:
  Rank  Pressure    Confidence  
  ------------------------------
  1     117         0.050

Detector: BL_W60_T2.4_D30
Best Detection: 117 mmHg (confidence: 0.050)
Top 10 readings:
  Rank  Pressure    Confidence  
  ------------------------------
  1     117         0.050

Detector: BL_W60_T2.4_D40
Best Detection: 117 mmHg (confidence: 0.050)
Top 10 readings:
  Rank  Pressure    Confidence  
  ------------------------------
  1     117         0.050

Detector: BL_W70_T1.0_D2
Best Detection: 121 mmHg (confidence: 1.200)
Top 10 readings:
  Rank  Pressure    Confidence  
  ------------------------------
  1     121         1.200
  2     119         1.200
  3     117         1.200
  4     115         1.200
  5     112         1.200
  6     111         1.140
  7     109         1.060
  8     106         0.980
  9     104         0.900
  10    103         0.820

Detector: BL_W70_T1.0_D4
Best Detection: 121 mmHg (confidence: 1.200)
Top 10 readings:
  Rank  Pressure    Confidence  
  ------------------------------
  1     121         1.200
  2     119         1.200
  3     117         1.200
  4     115         1.200
  5     112         1.200
  6     111         1.140
  7     109         1.060
  8     106         0.980
  9     104         0.900
  10    103         0.820

Detector: BL_W70_T1.0_D6
Best Detection: 121 mmHg (confidence: 1.200)
Top 10 readings:
  Rank  Pressure    Confidence  
  ------------------------------
  1     121         1.200
  2     119         1.200
  3     117         1.200
  4     115         1.200
  5     112         1.200
  6     111         1.140
  7     109         1.060
  8     106         0.980
  9     104         0.900
  10    103         0.820

Detector: BL_W70_T1.0_D8
Best Detection: 121 mmHg (confidence: 1.200)
Top 10 readings:
  Rank  Pressure    Confidence  
  ------------------------------
  1     121         1.200
  2     119         1.200
  3     117         1.200
  4     115         1.200
  5     112         1.200
  6     111         1.140
  7     109         1.060
  8     106         0.980
  9     104         0.900
  10    103         0.820

Detector: BL_W70_T1.0_D10
Best Detection: 121 mmHg (confidence: 1.200)
Top 10 readings:
  Rank  Pressure    Confidence  
  ------------------------------
  1     121         1.200
  2     119         1.200
  3     117         1.200
  4     115         1.200
  5     112         1.200
  6     111         1.140
  7     109         1.060
  8     106         0.980
  9     104         0.900
  10    103         0.820

Detector: BL_W70_T1.0_D15
Best Detection: 121 mmHg (confidence: 1.200)
Top 10 readings:
  Rank  Pressure    Confidence  
  ------------------------------
  1     121         1.200
  2     119         1.200
  3     117         1.200
  4     115         1.200
  5     112         1.200
  6     111         1.140
  7     109         1.060
  8     106         0.980
  9     104         0.900
  10    103         0.820

Detector: BL_W70_T1.0_D20
Best Detection: 121 mmHg (confidence: 1.200)
Top 10 readings:
  Rank  Pressure    Confidence  
  ------------------------------
  1     121         1.200
  2     119         1.200
  3     117         1.200
  4     115         1.200
  5     112         1.200
  6     111         1.140
  7     109         1.060
  8     106         0.980
  9     104         0.900
  10    103         0.820

Detector: BL_W70_T1.0_D25
Best Detection: 121 mmHg (confidence: 1.200)
Top 10 readings:
  Rank  Pressure    Confidence  
  ------------------------------
  1     121         1.200
  2     119         1.200
  3     117         1.200
  4     115         1.200
  5     112         1.200
  6     111         1.140
  7     109         1.060
  8     106         0.980
  9     104         0.900
  10    103         0.820

Detector: BL_W70_T1.0_D30
Best Detection: 121 mmHg (confidence: 1.200)
Top 10 readings:
  Rank  Pressure    Confidence  
  ------------------------------
  1     121         1.200
  2     119         1.200
  3     117         1.200
  4     115         1.200
  5     112         1.200
  6     111         1.140
  7     109         1.060
  8     106         0.980
  9     104         0.900
  10    103         0.820

Detector: BL_W70_T1.0_D40
Best Detection: 121 mmHg (confidence: 1.200)
Top 10 readings:
  Rank  Pressure    Confidence  
  ------------------------------
  1     121         1.200
  2     119         1.200
  3     117         1.200
  4     115         1.200
  5     112         1.200
  6     111         1.140
  7     109         1.060
  8     106         0.980
  9     104         0.900
  10    103         0.820

Detector: BL_W70_T1.2_D2
Best Detection: 121 mmHg (confidence: 1.200)
Top 10 readings:
  Rank  Pressure    Confidence  
  ------------------------------
  1     121         1.200
  2     119         1.200
  3     117         1.200
  4     115         1.200
  5     112         1.200
  6     111         1.140
  7     109         1.060
  8     106         0.980
  9     104         0.900
  10    103         0.820

Detector: BL_W70_T1.2_D4
Best Detection: 121 mmHg (confidence: 1.200)
Top 10 readings:
  Rank  Pressure    Confidence  
  ------------------------------
  1     121         1.200
  2     119         1.200
  3     117         1.200
  4     115         1.200
  5     112         1.200
  6     111         1.140
  7     109         1.060
  8     106         0.980
  9     104         0.900
  10    103         0.820

Detector: BL_W70_T1.2_D6
Best Detection: 121 mmHg (confidence: 1.200)
Top 10 readings:
  Rank  Pressure    Confidence  
  ------------------------------
  1     121         1.200
  2     119         1.200
  3     117         1.200
  4     115         1.200
  5     112         1.200
  6     111         1.140
  7     109         1.060
  8     106         0.980
  9     104         0.900
  10    103         0.820

Detector: BL_W70_T1.2_D8
Best Detection: 121 mmHg (confidence: 1.200)
Top 10 readings:
  Rank  Pressure    Confidence  
  ------------------------------
  1     121         1.200
  2     119         1.200
  3     117         1.200
  4     115         1.200
  5     112         1.200
  6     111         1.140
  7     109         1.060
  8     106         0.980
  9     104         0.900
  10    103         0.820

Detector: BL_W70_T1.2_D10
Best Detection: 121 mmHg (confidence: 1.200)
Top 10 readings:
  Rank  Pressure    Confidence  
  ------------------------------
  1     121         1.200
  2     119         1.200
  3     117         1.200
  4     115         1.200
  5     112         1.200
  6     111         1.140
  7     109         1.060
  8     106         0.980
  9     104         0.900
  10    103         0.820

Detector: BL_W70_T1.2_D15
Best Detection: 121 mmHg (confidence: 1.200)
Top 10 readings:
  Rank  Pressure    Confidence  
  ------------------------------
  1     121         1.200
  2     119         1.200
  3     117         1.200
  4     115         1.200
  5     112         1.200
  6     111         1.140
  7     109         1.060
  8     106         0.980
  9     104         0.900
  10    103         0.820

Detector: BL_W70_T1.2_D20
Best Detection: 121 mmHg (confidence: 1.200)
Top 10 readings:
  Rank  Pressure    Confidence  
  ------------------------------
  1     121         1.200
  2     119         1.200
  3     117         1.200
  4     115         1.200
  5     112         1.200
  6     111         1.140
  7     109         1.060
  8     106         0.980
  9     104         0.900
  10    103         0.820

Detector: BL_W70_T1.2_D25
Best Detection: 121 mmHg (confidence: 1.200)
Top 10 readings:
  Rank  Pressure    Confidence  
  ------------------------------
  1     121         1.200
  2     119         1.200
  3     117         1.200
  4     115         1.200
  5     112         1.200
  6     111         1.140
  7     109         1.060
  8     106         0.980
  9     104         0.900
  10    103         0.820

Detector: BL_W70_T1.2_D30
Best Detection: 121 mmHg (confidence: 1.200)
Top 10 readings:
  Rank  Pressure    Confidence  
  ------------------------------
  1     121         1.200
  2     119         1.200
  3     117         1.200
  4     115         1.200
  5     112         1.200
  6     111         1.140
  7     109         1.060
  8     106         0.980
  9     104         0.900
  10    103         0.820

Detector: BL_W70_T1.2_D40
Best Detection: 121 mmHg (confidence: 1.200)
Top 10 readings:
  Rank  Pressure    Confidence  
  ------------------------------
  1     121         1.200
  2     119         1.200
  3     117         1.200
  4     115         1.200
  5     112         1.200
  6     111         1.140
  7     109         1.060
  8     106         0.980
  9     104         0.900
  10    103         0.820

Detector: BL_W70_T1.4_D2
Best Detection: 110 mmHg (confidence: 1.140)
Top 10 readings:
  Rank  Pressure    Confidence  
  ------------------------------
  1     110         1.140
  2     108         1.060
  3     106         0.980
  4     104         0.900
  5     102         0.820
  6     100         0.740
  7     98          0.660
  8     96          0.580
  9     93          0.500
  10    91          0.420

Detector: BL_W70_T1.4_D4
Best Detection: 110 mmHg (confidence: 1.140)
Top 10 readings:
  Rank  Pressure    Confidence  
  ------------------------------
  1     110         1.140
  2     108         1.060
  3     106         0.980
  4     104         0.900
  5     102         0.820
  6     100         0.740
  7     98          0.660
  8     96          0.580
  9     93          0.500
  10    91          0.420

Detector: BL_W70_T1.4_D6
Best Detection: 110 mmHg (confidence: 1.140)
Top 10 readings:
  Rank  Pressure    Confidence  
  ------------------------------
  1     110         1.140
  2     108         1.060
  3     106         0.980
  4     104         0.900
  5     102         0.820
  6     100         0.740
  7     98          0.660
  8     96          0.580
  9     93          0.500
  10    91          0.420

Detector: BL_W70_T1.4_D8
Best Detection: 110 mmHg (confidence: 1.140)
Top 10 readings:
  Rank  Pressure    Confidence  
  ------------------------------
  1     110         1.140
  2     108         1.060
  3     106         0.980
  4     104         0.900
  5     102         0.820
  6     100         0.740
  7     98          0.660
  8     96          0.580
  9     93          0.500
  10    91          0.420

Detector: BL_W70_T1.4_D10
Best Detection: 110 mmHg (confidence: 1.140)
Top 10 readings:
  Rank  Pressure    Confidence  
  ------------------------------
  1     110         1.140
  2     108         1.060
  3     106         0.980
  4     104         0.900
  5     102         0.820
  6     100         0.740
  7     98          0.660
  8     96          0.580
  9     93          0.500
  10    91          0.420

Detector: BL_W70_T1.4_D15
Best Detection: 110 mmHg (confidence: 1.140)
Top 10 readings:
  Rank  Pressure    Confidence  
  ------------------------------
  1     110         1.140
  2     108         1.060
  3     106         0.980
  4     104         0.900
  5     102         0.820
  6     100         0.740
  7     98          0.660
  8     96          0.580
  9     93          0.500
  10    91          0.420

Detector: BL_W70_T1.4_D20
Best Detection: 110 mmHg (confidence: 1.140)
Top 10 readings:
  Rank  Pressure    Confidence  
  ------------------------------
  1     110         1.140
  2     108         1.060
  3     106         0.980
  4     104         0.900
  5     102         0.820
  6     100         0.740
  7     98          0.660
  8     96          0.580
  9     93          0.500
  10    91          0.420

Detector: BL_W70_T1.4_D25
Best Detection: 110 mmHg (confidence: 1.140)
Top 10 readings:
  Rank  Pressure    Confidence  
  ------------------------------
  1     110         1.140
  2     108         1.060
  3     106         0.980
  4     104         0.900
  5     102         0.820
  6     100         0.740
  7     98          0.660
  8     96          0.580
  9     93          0.500
  10    91          0.420

Detector: BL_W70_T1.4_D30
Best Detection: 110 mmHg (confidence: 1.140)
Top 10 readings:
  Rank  Pressure    Confidence  
  ------------------------------
  1     110         1.140
  2     108         1.060
  3     106         0.980
  4     104         0.900
  5     102         0.820
  6     100         0.740
  7     98          0.660
  8     96          0.580
  9     93          0.500
  10    91          0.420

Detector: BL_W70_T1.4_D40
Best Detection: 110 mmHg (confidence: 1.140)
Top 10 readings:
  Rank  Pressure    Confidence  
  ------------------------------
  1     110         1.140
  2     108         1.060
  3     106         0.980
  4     104         0.900
  5     102         0.820
  6     100         0.740
  7     98          0.660
  8     96          0.580
  9     93          0.500
  10    91          0.420

Detector: BL_W70_T1.6_D2
Best Detection: 110 mmHg (confidence: 0.500)
Top 10 readings:
  Rank  Pressure    Confidence  
  ------------------------------
  1     110         0.500
  2     108         0.420
  3     96          0.420
  4     121         0.340
  5     106         0.340
  6     93          0.340
  7     119         0.260
  8     104         0.260
  9     91          0.260
  10    117         0.126

Detector: BL_W70_T1.6_D4
Best Detection: 110 mmHg (confidence: 0.500)
Top 10 readings:
  Rank  Pressure    Confidence  
  ------------------------------
  1     110         0.500
  2     108         0.420
  3     96          0.420
  4     121         0.340
  5     106         0.340
  6     93          0.340
  7     119         0.260
  8     104         0.260
  9     91          0.260
  10    117         0.126

Detector: BL_W70_T1.6_D6
Best Detection: 110 mmHg (confidence: 0.500)
Top 10 readings:
  Rank  Pressure    Confidence  
  ------------------------------
  1     110         0.500
  2     108         0.420
  3     96          0.420
  4     121         0.340
  5     106         0.340
  6     93          0.340
  7     119         0.260
  8     104         0.260
  9     91          0.260
  10    117         0.126

Detector: BL_W70_T1.6_D8
Best Detection: 110 mmHg (confidence: 0.500)
Top 10 readings:
  Rank  Pressure    Confidence  
  ------------------------------
  1     110         0.500
  2     108         0.420
  3     96          0.420
  4     121         0.340
  5     106         0.340
  6     93          0.340
  7     119         0.260
  8     104         0.260
  9     91          0.260
  10    117         0.126

Detector: BL_W70_T1.6_D10
Best Detection: 110 mmHg (confidence: 0.500)
Top 10 readings:
  Rank  Pressure    Confidence  
  ------------------------------
  1     110         0.500
  2     108         0.420
  3     96          0.420
  4     121         0.340
  5     106         0.340
  6     93          0.340
  7     119         0.260
  8     104         0.260
  9     91          0.260
  10    117         0.126

Detector: BL_W70_T1.6_D15
Best Detection: 110 mmHg (confidence: 0.500)
Top 10 readings:
  Rank  Pressure    Confidence  
  ------------------------------
  1     110         0.500
  2     108         0.420
  3     96          0.420
  4     121         0.340
  5     106         0.340
  6     93          0.340
  7     119         0.260
  8     104         0.260
  9     91          0.260
  10    117         0.126

Detector: BL_W70_T1.6_D20
Best Detection: 110 mmHg (confidence: 0.500)
Top 10 readings:
  Rank  Pressure    Confidence  
  ------------------------------
  1     110         0.500
  2     108         0.420
  3     96          0.420
  4     121         0.340
  5     106         0.340
  6     93          0.340
  7     119         0.260
  8     104         0.260
  9     91          0.260
  10    117         0.126

Detector: BL_W70_T1.6_D25
Best Detection: 110 mmHg (confidence: 0.500)
Top 10 readings:
  Rank  Pressure    Confidence  
  ------------------------------
  1     110         0.500
  2     108         0.420
  3     96          0.420
  4     121         0.340
  5     106         0.340
  6     93          0.340
  7     119         0.260
  8     104         0.260
  9     91          0.260
  10    117         0.126

Detector: BL_W70_T1.6_D30
Best Detection: 110 mmHg (confidence: 0.500)
Top 10 readings:
  Rank  Pressure    Confidence  
  ------------------------------
  1     110         0.500
  2     108         0.420
  3     96          0.420
  4     121         0.340
  5     106         0.340
  6     93          0.340
  7     119         0.260
  8     104         0.260
  9     91          0.260
  10    117         0.126

Detector: BL_W70_T1.6_D40
Best Detection: 110 mmHg (confidence: 0.500)
Top 10 readings:
  Rank  Pressure    Confidence  
  ------------------------------
  1     110         0.500
  2     108         0.420
  3     96          0.420
  4     121         0.340
  5     106         0.340
  6     93          0.340
  7     119         0.260
  8     104         0.260
  9     91          0.260
  10    117         0.126

Detector: BL_W70_T1.8_D2
Best Detection: 121 mmHg (confidence: 0.260)
Top 10 readings:
  Rank  Pressure    Confidence  
  ------------------------------
  1     121         0.260
  2     119         0.126
  3     108         0.126
  4     93          0.050
  5     117         0.010
  6     106         0.010
  7     100         0.010

Detector: BL_W70_T1.8_D4
Best Detection: 121 mmHg (confidence: 0.260)
Top 10 readings:
  Rank  Pressure    Confidence  
  ------------------------------
  1     121         0.260
  2     119         0.126
  3     108         0.126
  4     93          0.050
  5     117         0.010
  6     106         0.010
  7     100         0.010

Detector: BL_W70_T1.8_D6
Best Detection: 121 mmHg (confidence: 0.260)
Top 10 readings:
  Rank  Pressure    Confidence  
  ------------------------------
  1     121         0.260
  2     119         0.126
  3     108         0.126
  4     93          0.050
  5     117         0.010
  6     106         0.010
  7     100         0.010

Detector: BL_W70_T1.8_D8
Best Detection: 121 mmHg (confidence: 0.260)
Top 10 readings:
  Rank  Pressure    Confidence  
  ------------------------------
  1     121         0.260
  2     119         0.126
  3     108         0.126
  4     93          0.050
  5     117         0.010
  6     106         0.010
  7     100         0.010

Detector: BL_W70_T1.8_D10
Best Detection: 121 mmHg (confidence: 0.260)
Top 10 readings:
  Rank  Pressure    Confidence  
  ------------------------------
  1     121         0.260
  2     119         0.126
  3     108         0.126
  4     93          0.050
  5     117         0.010
  6     106         0.010
  7     100         0.010

Detector: BL_W70_T1.8_D15
Best Detection: 121 mmHg (confidence: 0.260)
Top 10 readings:
  Rank  Pressure    Confidence  
  ------------------------------
  1     121         0.260
  2     119         0.126
  3     108         0.126
  4     93          0.050
  5     117         0.010
  6     106         0.010
  7     100         0.010

Detector: BL_W70_T1.8_D20
Best Detection: 121 mmHg (confidence: 0.260)
Top 10 readings:
  Rank  Pressure    Confidence  
  ------------------------------
  1     121         0.260
  2     119         0.126
  3     108         0.126
  4     93          0.050
  5     117         0.010
  6     106         0.010
  7     100         0.010

Detector: BL_W70_T1.8_D25
Best Detection: 121 mmHg (confidence: 0.260)
Top 10 readings:
  Rank  Pressure    Confidence  
  ------------------------------
  1     121         0.260
  2     119         0.126
  3     108         0.126
  4     93          0.050
  5     117         0.010
  6     106         0.010
  7     100         0.010

Detector: BL_W70_T1.8_D30
Best Detection: 121 mmHg (confidence: 0.260)
Top 10 readings:
  Rank  Pressure    Confidence  
  ------------------------------
  1     121         0.260
  2     119         0.126
  3     108         0.126
  4     93          0.050
  5     117         0.010
  6     106         0.010
  7     100         0.010

Detector: BL_W70_T1.8_D40
Best Detection: 121 mmHg (confidence: 0.260)
Top 10 readings:
  Rank  Pressure    Confidence  
  ------------------------------
  1     121         0.260
  2     119         0.126
  3     108         0.126
  4     93          0.050
  5     117         0.010
  6     106         0.010
  7     100         0.010

Detector: BL_W70_T2.0_D2
Best Detection: 121 mmHg (confidence: 0.260)
Top 10 readings:
  Rank  Pressure    Confidence  
  ------------------------------
  1     121         0.260
  2     119         0.126
  3     108         0.126
  4     106         0.050
  5     117         0.010

Detector: BL_W70_T2.0_D4
Best Detection: 121 mmHg (confidence: 0.260)
Top 10 readings:
  Rank  Pressure    Confidence  
  ------------------------------
  1     121         0.260
  2     119         0.126
  3     108         0.126
  4     106         0.050
  5     117         0.010

Detector: BL_W70_T2.0_D6
Best Detection: 121 mmHg (confidence: 0.260)
Top 10 readings:
  Rank  Pressure    Confidence  
  ------------------------------
  1     121         0.260
  2     119         0.126
  3     108         0.126
  4     106         0.050
  5     117         0.010

Detector: BL_W70_T2.0_D8
Best Detection: 121 mmHg (confidence: 0.260)
Top 10 readings:
  Rank  Pressure    Confidence  
  ------------------------------
  1     121         0.260
  2     119         0.126
  3     108         0.126
  4     106         0.050
  5     117         0.010

Detector: BL_W70_T2.0_D10
Best Detection: 121 mmHg (confidence: 0.260)
Top 10 readings:
  Rank  Pressure    Confidence  
  ------------------------------
  1     121         0.260
  2     119         0.126
  3     108         0.126
  4     106         0.050
  5     117         0.010

Detector: BL_W70_T2.0_D15
Best Detection: 121 mmHg (confidence: 0.260)
Top 10 readings:
  Rank  Pressure    Confidence  
  ------------------------------
  1     121         0.260
  2     119         0.126
  3     108         0.126
  4     106         0.050
  5     117         0.010

Detector: BL_W70_T2.0_D20
Best Detection: 121 mmHg (confidence: 0.260)
Top 10 readings:
  Rank  Pressure    Confidence  
  ------------------------------
  1     121         0.260
  2     119         0.126
  3     108         0.126
  4     106         0.050
  5     117         0.010

Detector: BL_W70_T2.0_D25
Best Detection: 121 mmHg (confidence: 0.260)
Top 10 readings:
  Rank  Pressure    Confidence  
  ------------------------------
  1     121         0.260
  2     119         0.126
  3     108         0.126
  4     106         0.050
  5     117         0.010

Detector: BL_W70_T2.0_D30
Best Detection: 121 mmHg (confidence: 0.260)
Top 10 readings:
  Rank  Pressure    Confidence  
  ------------------------------
  1     121         0.260
  2     119         0.126
  3     108         0.126
  4     106         0.050
  5     117         0.010

Detector: BL_W70_T2.0_D40
Best Detection: 121 mmHg (confidence: 0.260)
Top 10 readings:
  Rank  Pressure    Confidence  
  ------------------------------
  1     121         0.260
  2     119         0.126
  3     108         0.126
  4     106         0.050
  5     117         0.010

Detector: BL_W70_T2.2_D2
Best Detection: 119 mmHg (confidence: 0.126)
Top 10 readings:
  Rank  Pressure    Confidence  
  ------------------------------
  1     119         0.126
  2     108         0.050
  3     117         0.010

Detector: BL_W70_T2.2_D4
Best Detection: 119 mmHg (confidence: 0.126)
Top 10 readings:
  Rank  Pressure    Confidence  
  ------------------------------
  1     119         0.126
  2     108         0.050
  3     117         0.010

Detector: BL_W70_T2.2_D6
Best Detection: 119 mmHg (confidence: 0.126)
Top 10 readings:
  Rank  Pressure    Confidence  
  ------------------------------
  1     119         0.126
  2     108         0.050
  3     117         0.010

Detector: BL_W70_T2.2_D8
Best Detection: 119 mmHg (confidence: 0.126)
Top 10 readings:
  Rank  Pressure    Confidence  
  ------------------------------
  1     119         0.126
  2     108         0.050
  3     117         0.010

Detector: BL_W70_T2.2_D10
Best Detection: 119 mmHg (confidence: 0.126)
Top 10 readings:
  Rank  Pressure    Confidence  
  ------------------------------
  1     119         0.126
  2     108         0.050
  3     117         0.010

Detector: BL_W70_T2.2_D15
Best Detection: 119 mmHg (confidence: 0.126)
Top 10 readings:
  Rank  Pressure    Confidence  
  ------------------------------
  1     119         0.126
  2     108         0.050
  3     117         0.010

Detector: BL_W70_T2.2_D20
Best Detection: 119 mmHg (confidence: 0.126)
Top 10 readings:
  Rank  Pressure    Confidence  
  ------------------------------
  1     119         0.126
  2     108         0.050
  3     117         0.010

Detector: BL_W70_T2.2_D25
Best Detection: 119 mmHg (confidence: 0.126)
Top 10 readings:
  Rank  Pressure    Confidence  
  ------------------------------
  1     119         0.126
  2     108         0.050
  3     117         0.010

Detector: BL_W70_T2.2_D30
Best Detection: 119 mmHg (confidence: 0.126)
Top 10 readings:
  Rank  Pressure    Confidence  
  ------------------------------
  1     119         0.126
  2     108         0.050
  3     117         0.010

Detector: BL_W70_T2.2_D40
Best Detection: 119 mmHg (confidence: 0.126)
Top 10 readings:
  Rank  Pressure    Confidence  
  ------------------------------
  1     119         0.126
  2     108         0.050
  3     117         0.010

Detector: BL_W70_T2.4_D2
Best Detection: 119 mmHg (confidence: 0.126)
Top 10 readings:
  Rank  Pressure    Confidence  
  ------------------------------
  1     119         0.126
  2     117         0.050

Detector: BL_W70_T2.4_D4
Best Detection: 119 mmHg (confidence: 0.126)
Top 10 readings:
  Rank  Pressure    Confidence  
  ------------------------------
  1     119         0.126
  2     117         0.050

Detector: BL_W70_T2.4_D6
Best Detection: 119 mmHg (confidence: 0.126)
Top 10 readings:
  Rank  Pressure    Confidence  
  ------------------------------
  1     119         0.126
  2     117         0.050

Detector: BL_W70_T2.4_D8
Best Detection: 119 mmHg (confidence: 0.126)
Top 10 readings:
  Rank  Pressure    Confidence  
  ------------------------------
  1     119         0.126
  2     117         0.050

Detector: BL_W70_T2.4_D10
Best Detection: 119 mmHg (confidence: 0.126)
Top 10 readings:
  Rank  Pressure    Confidence  
  ------------------------------
  1     119         0.126
  2     117         0.050

Detector: BL_W70_T2.4_D15
Best Detection: 119 mmHg (confidence: 0.126)
Top 10 readings:
  Rank  Pressure    Confidence  
  ------------------------------
  1     119         0.126
  2     117         0.050

Detector: BL_W70_T2.4_D20
Best Detection: 119 mmHg (confidence: 0.126)
Top 10 readings:
  Rank  Pressure    Confidence  
  ------------------------------
  1     119         0.126
  2     117         0.050

Detector: BL_W70_T2.4_D25
Best Detection: 119 mmHg (confidence: 0.126)
Top 10 readings:
  Rank  Pressure    Confidence  
  ------------------------------
  1     119         0.126
  2     117         0.050

Detector: BL_W70_T2.4_D30
Best Detection: 119 mmHg (confidence: 0.126)
Top 10 readings:
  Rank  Pressure    Confidence  
  ------------------------------
  1     119         0.126
  2     117         0.050

Detector: BL_W70_T2.4_D40
Best Detection: 119 mmHg (confidence: 0.126)
Top 10 readings:
  Rank  Pressure    Confidence  
  ------------------------------
  1     119         0.126
  2     117         0.050

Detector: BL_W70_T2.6_D2
Best Detection: 117 mmHg (confidence: 0.050)
Top 10 readings:
  Rank  Pressure    Confidence  
  ------------------------------
  1     117         0.050

Detector: BL_W70_T2.6_D4
Best Detection: 117 mmHg (confidence: 0.050)
Top 10 readings:
  Rank  Pressure    Confidence  
  ------------------------------
  1     117         0.050

Detector: BL_W70_T2.6_D6
Best Detection: 117 mmHg (confidence: 0.050)
Top 10 readings:
  Rank  Pressure    Confidence  
  ------------------------------
  1     117         0.050

Detector: BL_W70_T2.6_D8
Best Detection: 117 mmHg (confidence: 0.050)
Top 10 readings:
  Rank  Pressure    Confidence  
  ------------------------------
  1     117         0.050

Detector: BL_W70_T2.6_D10
Best Detection: 117 mmHg (confidence: 0.050)
Top 10 readings:
  Rank  Pressure    Confidence  
  ------------------------------
  1     117         0.050

Detector: BL_W70_T2.6_D15
Best Detection: 117 mmHg (confidence: 0.050)
Top 10 readings:
  Rank  Pressure    Confidence  
  ------------------------------
  1     117         0.050

Detector: BL_W70_T2.6_D20
Best Detection: 117 mmHg (confidence: 0.050)
Top 10 readings:
  Rank  Pressure    Confidence  
  ------------------------------
  1     117         0.050

Detector: BL_W70_T2.6_D25
Best Detection: 117 mmHg (confidence: 0.050)
Top 10 readings:
  Rank  Pressure    Confidence  
  ------------------------------
  1     117         0.050

Detector: BL_W70_T2.6_D30
Best Detection: 117 mmHg (confidence: 0.050)
Top 10 readings:
  Rank  Pressure    Confidence  
  ------------------------------
  1     117         0.050

Detector: BL_W70_T2.6_D40
Best Detection: 117 mmHg (confidence: 0.050)
Top 10 readings:
  Rank  Pressure    Confidence  
  ------------------------------
  1     117         0.050

Detector: BL_W80_T1.0_D2
Best Detection: 119 mmHg (confidence: 1.200)
Top 10 readings:
  Rank  Pressure    Confidence  
  ------------------------------
  1     119         1.200
  2     117         1.200
  3     115         1.200
  4     112         1.200
  5     111         1.140
  6     109         1.060
  7     106         0.980
  8     104         0.900
  9     103         0.820
  10    101         0.740

Detector: BL_W80_T1.0_D4
Best Detection: 119 mmHg (confidence: 1.200)
Top 10 readings:
  Rank  Pressure    Confidence  
  ------------------------------
  1     119         1.200
  2     117         1.200
  3     115         1.200
  4     112         1.200
  5     111         1.140
  6     109         1.060
  7     106         0.980
  8     104         0.900
  9     103         0.820
  10    101         0.740

Detector: BL_W80_T1.0_D6
Best Detection: 119 mmHg (confidence: 1.200)
Top 10 readings:
  Rank  Pressure    Confidence  
  ------------------------------
  1     119         1.200
  2     117         1.200
  3     115         1.200
  4     112         1.200
  5     111         1.140
  6     109         1.060
  7     106         0.980
  8     104         0.900
  9     103         0.820
  10    101         0.740

Detector: BL_W80_T1.0_D8
Best Detection: 119 mmHg (confidence: 1.200)
Top 10 readings:
  Rank  Pressure    Confidence  
  ------------------------------
  1     119         1.200
  2     117         1.200
  3     115         1.200
  4     112         1.200
  5     111         1.140
  6     109         1.060
  7     106         0.980
  8     104         0.900
  9     103         0.820
  10    101         0.740

Detector: BL_W80_T1.0_D10
Best Detection: 119 mmHg (confidence: 1.200)
Top 10 readings:
  Rank  Pressure    Confidence  
  ------------------------------
  1     119         1.200
  2     117         1.200
  3     115         1.200
  4     112         1.200
  5     111         1.140
  6     109         1.060
  7     106         0.980
  8     104         0.900
  9     103         0.820
  10    101         0.740

Detector: BL_W80_T1.0_D15
Best Detection: 119 mmHg (confidence: 1.200)
Top 10 readings:
  Rank  Pressure    Confidence  
  ------------------------------
  1     119         1.200
  2     117         1.200
  3     115         1.200
  4     112         1.200
  5     111         1.140
  6     109         1.060
  7     106         0.980
  8     104         0.900
  9     103         0.820
  10    101         0.740

Detector: BL_W80_T1.0_D20
Best Detection: 119 mmHg (confidence: 1.200)
Top 10 readings:
  Rank  Pressure    Confidence  
  ------------------------------
  1     119         1.200
  2     117         1.200
  3     115         1.200
  4     112         1.200
  5     111         1.140
  6     109         1.060
  7     106         0.980
  8     104         0.900
  9     103         0.820
  10    101         0.740

Detector: BL_W80_T1.0_D25
Best Detection: 119 mmHg (confidence: 1.200)
Top 10 readings:
  Rank  Pressure    Confidence  
  ------------------------------
  1     119         1.200
  2     117         1.200
  3     115         1.200
  4     112         1.200
  5     111         1.140
  6     109         1.060
  7     106         0.980
  8     104         0.900
  9     103         0.820
  10    101         0.740

Detector: BL_W80_T1.0_D30
Best Detection: 119 mmHg (confidence: 1.200)
Top 10 readings:
  Rank  Pressure    Confidence  
  ------------------------------
  1     119         1.200
  2     117         1.200
  3     115         1.200
  4     112         1.200
  5     111         1.140
  6     109         1.060
  7     106         0.980
  8     104         0.900
  9     103         0.820
  10    101         0.740

Detector: BL_W80_T1.0_D40
Best Detection: 119 mmHg (confidence: 1.200)
Top 10 readings:
  Rank  Pressure    Confidence  
  ------------------------------
  1     119         1.200
  2     117         1.200
  3     115         1.200
  4     112         1.200
  5     111         1.140
  6     109         1.060
  7     106         0.980
  8     104         0.900
  9     103         0.820
  10    101         0.740

Detector: BL_W80_T1.2_D2
Best Detection: 119 mmHg (confidence: 1.200)
Top 10 readings:
  Rank  Pressure    Confidence  
  ------------------------------
  1     119         1.200
  2     117         1.200
  3     115         1.200
  4     112         1.200
  5     111         1.140
  6     109         1.060
  7     106         0.980
  8     104         0.900
  9     103         0.820
  10    100         0.740

Detector: BL_W80_T1.2_D4
Best Detection: 119 mmHg (confidence: 1.200)
Top 10 readings:
  Rank  Pressure    Confidence  
  ------------------------------
  1     119         1.200
  2     117         1.200
  3     115         1.200
  4     112         1.200
  5     111         1.140
  6     109         1.060
  7     106         0.980
  8     104         0.900
  9     103         0.820
  10    100         0.740

Detector: BL_W80_T1.2_D6
Best Detection: 119 mmHg (confidence: 1.200)
Top 10 readings:
  Rank  Pressure    Confidence  
  ------------------------------
  1     119         1.200
  2     117         1.200
  3     115         1.200
  4     112         1.200
  5     111         1.140
  6     109         1.060
  7     106         0.980
  8     104         0.900
  9     103         0.820
  10    100         0.740

Detector: BL_W80_T1.2_D8
Best Detection: 119 mmHg (confidence: 1.200)
Top 10 readings:
  Rank  Pressure    Confidence  
  ------------------------------
  1     119         1.200
  2     117         1.200
  3     115         1.200
  4     112         1.200
  5     111         1.140
  6     109         1.060
  7     106         0.980
  8     104         0.900
  9     103         0.820
  10    100         0.740

Detector: BL_W80_T1.2_D10
Best Detection: 119 mmHg (confidence: 1.200)
Top 10 readings:
  Rank  Pressure    Confidence  
  ------------------------------
  1     119         1.200
  2     117         1.200
  3     115         1.200
  4     112         1.200
  5     111         1.140
  6     109         1.060
  7     106         0.980
  8     104         0.900
  9     103         0.820
  10    100         0.740

Detector: BL_W80_T1.2_D15
Best Detection: 119 mmHg (confidence: 1.200)
Top 10 readings:
  Rank  Pressure    Confidence  
  ------------------------------
  1     119         1.200
  2     117         1.200
  3     115         1.200
  4     112         1.200
  5     111         1.140
  6     109         1.060
  7     106         0.980
  8     104         0.900
  9     103         0.820
  10    100         0.740

Detector: BL_W80_T1.2_D20
Best Detection: 119 mmHg (confidence: 1.200)
Top 10 readings:
  Rank  Pressure    Confidence  
  ------------------------------
  1     119         1.200
  2     117         1.200
  3     115         1.200
  4     112         1.200
  5     111         1.140
  6     109         1.060
  7     106         0.980
  8     104         0.900
  9     103         0.820
  10    100         0.740

Detector: BL_W80_T1.2_D25
Best Detection: 119 mmHg (confidence: 1.200)
Top 10 readings:
  Rank  Pressure    Confidence  
  ------------------------------
  1     119         1.200
  2     117         1.200
  3     115         1.200
  4     112         1.200
  5     111         1.140
  6     109         1.060
  7     106         0.980
  8     104         0.900
  9     103         0.820
  10    100         0.740

Detector: BL_W80_T1.2_D30
Best Detection: 119 mmHg (confidence: 1.200)
Top 10 readings:
  Rank  Pressure    Confidence  
  ------------------------------
  1     119         1.200
  2     117         1.200
  3     115         1.200
  4     112         1.200
  5     111         1.140
  6     109         1.060
  7     106         0.980
  8     104         0.900
  9     103         0.820
  10    100         0.740

Detector: BL_W80_T1.2_D40
Best Detection: 119 mmHg (confidence: 1.200)
Top 10 readings:
  Rank  Pressure    Confidence  
  ------------------------------
  1     119         1.200
  2     117         1.200
  3     115         1.200
  4     112         1.200
  5     111         1.140
  6     109         1.060
  7     106         0.980
  8     104         0.900
  9     103         0.820
  10    100         0.740

Detector: BL_W80_T1.4_D2
Best Detection: 110 mmHg (confidence: 1.140)
Top 10 readings:
  Rank  Pressure    Confidence  
  ------------------------------
  1     110         1.140
  2     108         1.060
  3     106         0.980
  4     104         0.900
  5     102         0.820
  6     100         0.740
  7     98          0.660
  8     96          0.580
  9     93          0.500
  10    91          0.420

Detector: BL_W80_T1.4_D4
Best Detection: 110 mmHg (confidence: 1.140)
Top 10 readings:
  Rank  Pressure    Confidence  
  ------------------------------
  1     110         1.140
  2     108         1.060
  3     106         0.980
  4     104         0.900
  5     102         0.820
  6     100         0.740
  7     98          0.660
  8     96          0.580
  9     93          0.500
  10    91          0.420

Detector: BL_W80_T1.4_D6
Best Detection: 110 mmHg (confidence: 1.140)
Top 10 readings:
  Rank  Pressure    Confidence  
  ------------------------------
  1     110         1.140
  2     108         1.060
  3     106         0.980
  4     104         0.900
  5     102         0.820
  6     100         0.740
  7     98          0.660
  8     96          0.580
  9     93          0.500
  10    91          0.420

Detector: BL_W80_T1.4_D8
Best Detection: 110 mmHg (confidence: 1.140)
Top 10 readings:
  Rank  Pressure    Confidence  
  ------------------------------
  1     110         1.140
  2     108         1.060
  3     106         0.980
  4     104         0.900
  5     102         0.820
  6     100         0.740
  7     98          0.660
  8     96          0.580
  9     93          0.500
  10    91          0.420

Detector: BL_W80_T1.4_D10
Best Detection: 110 mmHg (confidence: 1.140)
Top 10 readings:
  Rank  Pressure    Confidence  
  ------------------------------
  1     110         1.140
  2     108         1.060
  3     106         0.980
  4     104         0.900
  5     102         0.820
  6     100         0.740
  7     98          0.660
  8     96          0.580
  9     93          0.500
  10    91          0.420

Detector: BL_W80_T1.4_D15
Best Detection: 110 mmHg (confidence: 1.140)
Top 10 readings:
  Rank  Pressure    Confidence  
  ------------------------------
  1     110         1.140
  2     108         1.060
  3     106         0.980
  4     104         0.900
  5     102         0.820
  6     100         0.740
  7     98          0.660
  8     96          0.580
  9     93          0.500
  10    91          0.420

Detector: BL_W80_T1.4_D20
Best Detection: 110 mmHg (confidence: 1.140)
Top 10 readings:
  Rank  Pressure    Confidence  
  ------------------------------
  1     110         1.140
  2     108         1.060
  3     106         0.980
  4     104         0.900
  5     102         0.820
  6     100         0.740
  7     98          0.660
  8     96          0.580
  9     93          0.500
  10    91          0.420

Detector: BL_W80_T1.4_D25
Best Detection: 110 mmHg (confidence: 1.140)
Top 10 readings:
  Rank  Pressure    Confidence  
  ------------------------------
  1     110         1.140
  2     108         1.060
  3     106         0.980
  4     104         0.900
  5     102         0.820
  6     100         0.740
  7     98          0.660
  8     96          0.580
  9     93          0.500
  10    91          0.420

Detector: BL_W80_T1.4_D30
Best Detection: 110 mmHg (confidence: 1.140)
Top 10 readings:
  Rank  Pressure    Confidence  
  ------------------------------
  1     110         1.140
  2     108         1.060
  3     106         0.980
  4     104         0.900
  5     102         0.820
  6     100         0.740
  7     98          0.660
  8     96          0.580
  9     93          0.500
  10    91          0.420

Detector: BL_W80_T1.4_D40
Best Detection: 110 mmHg (confidence: 1.140)
Top 10 readings:
  Rank  Pressure    Confidence  
  ------------------------------
  1     110         1.140
  2     108         1.060
  3     106         0.980
  4     104         0.900
  5     102         0.820
  6     100         0.740
  7     98          0.660
  8     96          0.580
  9     93          0.500
  10    91          0.420

Detector: BL_W80_T1.6_D2
Best Detection: 110 mmHg (confidence: 0.900)
Top 10 readings:
  Rank  Pressure    Confidence  
  ------------------------------
  1     110         0.900
  2     108         0.820
  3     106         0.740
  4     104         0.660
  5     102         0.580
  6     100         0.500
  7     98          0.420
  8     96          0.340
  9     119         0.260
  10    93          0.260

Detector: BL_W80_T1.6_D4
Best Detection: 110 mmHg (confidence: 0.900)
Top 10 readings:
  Rank  Pressure    Confidence  
  ------------------------------
  1     110         0.900
  2     108         0.820
  3     106         0.740
  4     104         0.660
  5     102         0.580
  6     100         0.500
  7     98          0.420
  8     96          0.340
  9     119         0.260
  10    93          0.260

Detector: BL_W80_T1.6_D6
Best Detection: 110 mmHg (confidence: 0.900)
Top 10 readings:
  Rank  Pressure    Confidence  
  ------------------------------
  1     110         0.900
  2     108         0.820
  3     106         0.740
  4     104         0.660
  5     102         0.580
  6     100         0.500
  7     98          0.420
  8     96          0.340
  9     119         0.260
  10    93          0.260

Detector: BL_W80_T1.6_D8
Best Detection: 110 mmHg (confidence: 0.900)
Top 10 readings:
  Rank  Pressure    Confidence  
  ------------------------------
  1     110         0.900
  2     108         0.820
  3     106         0.740
  4     104         0.660
  5     102         0.580
  6     100         0.500
  7     98          0.420
  8     96          0.340
  9     119         0.260
  10    93          0.260

Detector: BL_W80_T1.6_D10
Best Detection: 110 mmHg (confidence: 0.900)
Top 10 readings:
  Rank  Pressure    Confidence  
  ------------------------------
  1     110         0.900
  2     108         0.820
  3     106         0.740
  4     104         0.660
  5     102         0.580
  6     100         0.500
  7     98          0.420
  8     96          0.340
  9     119         0.260
  10    93          0.260

Detector: BL_W80_T1.6_D15
Best Detection: 110 mmHg (confidence: 0.900)
Top 10 readings:
  Rank  Pressure    Confidence  
  ------------------------------
  1     110         0.900
  2     108         0.820
  3     106         0.740
  4     104         0.660
  5     102         0.580
  6     100         0.500
  7     98          0.420
  8     96          0.340
  9     119         0.260
  10    93          0.260

Detector: BL_W80_T1.6_D20
Best Detection: 110 mmHg (confidence: 0.900)
Top 10 readings:
  Rank  Pressure    Confidence  
  ------------------------------
  1     110         0.900
  2     108         0.820
  3     106         0.740
  4     104         0.660
  5     102         0.580
  6     100         0.500
  7     98          0.420
  8     96          0.340
  9     119         0.260
  10    93          0.260

Detector: BL_W80_T1.6_D25
Best Detection: 110 mmHg (confidence: 0.900)
Top 10 readings:
  Rank  Pressure    Confidence  
  ------------------------------
  1     110         0.900
  2     108         0.820
  3     106         0.740
  4     104         0.660
  5     102         0.580
  6     100         0.500
  7     98          0.420
  8     96          0.340
  9     119         0.260
  10    93          0.260

Detector: BL_W80_T1.6_D30
Best Detection: 110 mmHg (confidence: 0.900)
Top 10 readings:
  Rank  Pressure    Confidence  
  ------------------------------
  1     110         0.900
  2     108         0.820
  3     106         0.740
  4     104         0.660
  5     102         0.580
  6     100         0.500
  7     98          0.420
  8     96          0.340
  9     119         0.260
  10    93          0.260

Detector: BL_W80_T1.6_D40
Best Detection: 110 mmHg (confidence: 0.900)
Top 10 readings:
  Rank  Pressure    Confidence  
  ------------------------------
  1     110         0.900
  2     108         0.820
  3     106         0.740
  4     104         0.660
  5     102         0.580
  6     100         0.500
  7     98          0.420
  8     96          0.340
  9     119         0.260
  10    93          0.260

Detector: BL_W80_T1.8_D2
Best Detection: 108 mmHg (confidence: 0.260)
Top 10 readings:
  Rank  Pressure    Confidence  
  ------------------------------
  1     108         0.260
  2     119         0.126
  3     106         0.126
  4     93          0.050
  5     117         0.010
  6     104         0.010
  7     100         0.010

Detector: BL_W80_T1.8_D4
Best Detection: 108 mmHg (confidence: 0.260)
Top 10 readings:
  Rank  Pressure    Confidence  
  ------------------------------
  1     108         0.260
  2     119         0.126
  3     106         0.126
  4     93          0.050
  5     117         0.010
  6     104         0.010
  7     100         0.010

Detector: BL_W80_T1.8_D6
Best Detection: 108 mmHg (confidence: 0.260)
Top 10 readings:
  Rank  Pressure    Confidence  
  ------------------------------
  1     108         0.260
  2     119         0.126
  3     106         0.126
  4     93          0.050
  5     117         0.010
  6     104         0.010
  7     100         0.010

Detector: BL_W80_T1.8_D8
Best Detection: 108 mmHg (confidence: 0.260)
Top 10 readings:
  Rank  Pressure    Confidence  
  ------------------------------
  1     108         0.260
  2     119         0.126
  3     106         0.126
  4     93          0.050
  5     117         0.010
  6     104         0.010
  7     100         0.010

Detector: BL_W80_T1.8_D10
Best Detection: 108 mmHg (confidence: 0.260)
Top 10 readings:
  Rank  Pressure    Confidence  
  ------------------------------
  1     108         0.260
  2     119         0.126
  3     106         0.126
  4     93          0.050
  5     117         0.010
  6     104         0.010
  7     100         0.010

Detector: BL_W80_T1.8_D15
Best Detection: 108 mmHg (confidence: 0.260)
Top 10 readings:
  Rank  Pressure    Confidence  
  ------------------------------
  1     108         0.260
  2     119         0.126
  3     106         0.126
  4     93          0.050
  5     117         0.010
  6     104         0.010
  7     100         0.010

Detector: BL_W80_T1.8_D20
Best Detection: 108 mmHg (confidence: 0.260)
Top 10 readings:
  Rank  Pressure    Confidence  
  ------------------------------
  1     108         0.260
  2     119         0.126
  3     106         0.126
  4     93          0.050
  5     117         0.010
  6     104         0.010
  7     100         0.010

Detector: BL_W80_T1.8_D25
Best Detection: 108 mmHg (confidence: 0.260)
Top 10 readings:
  Rank  Pressure    Confidence  
  ------------------------------
  1     108         0.260
  2     119         0.126
  3     106         0.126
  4     93          0.050
  5     117         0.010
  6     104         0.010
  7     100         0.010

Detector: BL_W80_T1.8_D30
Best Detection: 108 mmHg (confidence: 0.260)
Top 10 readings:
  Rank  Pressure    Confidence  
  ------------------------------
  1     108         0.260
  2     119         0.126
  3     106         0.126
  4     93          0.050
  5     117         0.010
  6     104         0.010
  7     100         0.010

Detector: BL_W80_T1.8_D40
Best Detection: 108 mmHg (confidence: 0.260)
Top 10 readings:
  Rank  Pressure    Confidence  
  ------------------------------
  1     108         0.260
  2     119         0.126
  3     106         0.126
  4     93          0.050
  5     117         0.010
  6     104         0.010
  7     100         0.010

Detector: BL_W80_T2.0_D2
Best Detection: 119 mmHg (confidence: 0.126)
Top 10 readings:
  Rank  Pressure    Confidence  
  ------------------------------
  1     119         0.126
  2     108         0.126
  3     106         0.050
  4     117         0.010

Detector: BL_W80_T2.0_D4
Best Detection: 119 mmHg (confidence: 0.126)
Top 10 readings:
  Rank  Pressure    Confidence  
  ------------------------------
  1     119         0.126
  2     108         0.126
  3     106         0.050
  4     117         0.010

Detector: BL_W80_T2.0_D6
Best Detection: 119 mmHg (confidence: 0.126)
Top 10 readings:
  Rank  Pressure    Confidence  
  ------------------------------
  1     119         0.126
  2     108         0.126
  3     106         0.050
  4     117         0.010

Detector: BL_W80_T2.0_D8
Best Detection: 119 mmHg (confidence: 0.126)
Top 10 readings:
  Rank  Pressure    Confidence  
  ------------------------------
  1     119         0.126
  2     108         0.126
  3     106         0.050
  4     117         0.010

Detector: BL_W80_T2.0_D10
Best Detection: 119 mmHg (confidence: 0.126)
Top 10 readings:
  Rank  Pressure    Confidence  
  ------------------------------
  1     119         0.126
  2     108         0.126
  3     106         0.050
  4     117         0.010

Detector: BL_W80_T2.0_D15
Best Detection: 119 mmHg (confidence: 0.126)
Top 10 readings:
  Rank  Pressure    Confidence  
  ------------------------------
  1     119         0.126
  2     108         0.126
  3     106         0.050
  4     117         0.010

Detector: BL_W80_T2.0_D20
Best Detection: 119 mmHg (confidence: 0.126)
Top 10 readings:
  Rank  Pressure    Confidence  
  ------------------------------
  1     119         0.126
  2     108         0.126
  3     106         0.050
  4     117         0.010

Detector: BL_W80_T2.0_D25
Best Detection: 119 mmHg (confidence: 0.126)
Top 10 readings:
  Rank  Pressure    Confidence  
  ------------------------------
  1     119         0.126
  2     108         0.126
  3     106         0.050
  4     117         0.010

Detector: BL_W80_T2.0_D30
Best Detection: 119 mmHg (confidence: 0.126)
Top 10 readings:
  Rank  Pressure    Confidence  
  ------------------------------
  1     119         0.126
  2     108         0.126
  3     106         0.050
  4     117         0.010

Detector: BL_W80_T2.0_D40
Best Detection: 119 mmHg (confidence: 0.126)
Top 10 readings:
  Rank  Pressure    Confidence  
  ------------------------------
  1     119         0.126
  2     108         0.126
  3     106         0.050
  4     117         0.010

Detector: BL_W80_T2.2_D2
Best Detection: 119 mmHg (confidence: 0.126)
Top 10 readings:
  Rank  Pressure    Confidence  
  ------------------------------
  1     119         0.126
  2     108         0.050
  3     117         0.010

Detector: BL_W80_T2.2_D4
Best Detection: 119 mmHg (confidence: 0.126)
Top 10 readings:
  Rank  Pressure    Confidence  
  ------------------------------
  1     119         0.126
  2     108         0.050
  3     117         0.010

Detector: BL_W80_T2.2_D6
Best Detection: 119 mmHg (confidence: 0.126)
Top 10 readings:
  Rank  Pressure    Confidence  
  ------------------------------
  1     119         0.126
  2     108         0.050
  3     117         0.010

Detector: BL_W80_T2.2_D8
Best Detection: 119 mmHg (confidence: 0.126)
Top 10 readings:
  Rank  Pressure    Confidence  
  ------------------------------
  1     119         0.126
  2     108         0.050
  3     117         0.010

Detector: BL_W80_T2.2_D10
Best Detection: 119 mmHg (confidence: 0.126)
Top 10 readings:
  Rank  Pressure    Confidence  
  ------------------------------
  1     119         0.126
  2     108         0.050
  3     117         0.010

Detector: BL_W80_T2.2_D15
Best Detection: 119 mmHg (confidence: 0.126)
Top 10 readings:
  Rank  Pressure    Confidence  
  ------------------------------
  1     119         0.126
  2     108         0.050
  3     117         0.010

Detector: BL_W80_T2.2_D20
Best Detection: 119 mmHg (confidence: 0.126)
Top 10 readings:
  Rank  Pressure    Confidence  
  ------------------------------
  1     119         0.126
  2     108         0.050
  3     117         0.010

Detector: BL_W80_T2.2_D25
Best Detection: 119 mmHg (confidence: 0.126)
Top 10 readings:
  Rank  Pressure    Confidence  
  ------------------------------
  1     119         0.126
  2     108         0.050
  3     117         0.010

Detector: BL_W80_T2.2_D30
Best Detection: 119 mmHg (confidence: 0.126)
Top 10 readings:
  Rank  Pressure    Confidence  
  ------------------------------
  1     119         0.126
  2     108         0.050
  3     117         0.010

Detector: BL_W80_T2.2_D40
Best Detection: 119 mmHg (confidence: 0.126)
Top 10 readings:
  Rank  Pressure    Confidence  
  ------------------------------
  1     119         0.126
  2     108         0.050
  3     117         0.010

Detector: BL_W80_T2.4_D2
Best Detection: 108 mmHg (confidence: 0.050)
Top 10 readings:
  Rank  Pressure    Confidence  
  ------------------------------
  1     108         0.050
  2     117         0.010

Detector: BL_W80_T2.4_D4
Best Detection: 108 mmHg (confidence: 0.050)
Top 10 readings:
  Rank  Pressure    Confidence  
  ------------------------------
  1     108         0.050
  2     117         0.010

Detector: BL_W80_T2.4_D6
Best Detection: 108 mmHg (confidence: 0.050)
Top 10 readings:
  Rank  Pressure    Confidence  
  ------------------------------
  1     108         0.050
  2     117         0.010

Detector: BL_W80_T2.4_D8
Best Detection: 108 mmHg (confidence: 0.050)
Top 10 readings:
  Rank  Pressure    Confidence  
  ------------------------------
  1     108         0.050
  2     117         0.010

Detector: BL_W80_T2.4_D10
Best Detection: 108 mmHg (confidence: 0.050)
Top 10 readings:
  Rank  Pressure    Confidence  
  ------------------------------
  1     108         0.050
  2     117         0.010

Detector: BL_W80_T2.4_D15
Best Detection: 108 mmHg (confidence: 0.050)
Top 10 readings:
  Rank  Pressure    Confidence  
  ------------------------------
  1     108         0.050
  2     117         0.010

Detector: BL_W80_T2.4_D20
Best Detection: 108 mmHg (confidence: 0.050)
Top 10 readings:
  Rank  Pressure    Confidence  
  ------------------------------
  1     108         0.050
  2     117         0.010

Detector: BL_W80_T2.4_D25
Best Detection: 108 mmHg (confidence: 0.050)
Top 10 readings:
  Rank  Pressure    Confidence  
  ------------------------------
  1     108         0.050
  2     117         0.010

Detector: BL_W80_T2.4_D30
Best Detection: 108 mmHg (confidence: 0.050)
Top 10 readings:
  Rank  Pressure    Confidence  
  ------------------------------
  1     108         0.050
  2     117         0.010

Detector: BL_W80_T2.4_D40
Best Detection: 108 mmHg (confidence: 0.050)
Top 10 readings:
  Rank  Pressure    Confidence  
  ------------------------------
  1     108         0.050
  2     117         0.010

Detector: BL_W80_T2.6_D2
Best Detection: 117 mmHg (confidence: 0.050)
Top 10 readings:
  Rank  Pressure    Confidence  
  ------------------------------
  1     117         0.050

Detector: BL_W80_T2.6_D4
Best Detection: 117 mmHg (confidence: 0.050)
Top 10 readings:
  Rank  Pressure    Confidence  
  ------------------------------
  1     117         0.050

Detector: BL_W80_T2.6_D6
Best Detection: 117 mmHg (confidence: 0.050)
Top 10 readings:
  Rank  Pressure    Confidence  
  ------------------------------
  1     117         0.050

Detector: BL_W80_T2.6_D8
Best Detection: 117 mmHg (confidence: 0.050)
Top 10 readings:
  Rank  Pressure    Confidence  
  ------------------------------
  1     117         0.050

Detector: BL_W80_T2.6_D10
Best Detection: 117 mmHg (confidence: 0.050)
Top 10 readings:
  Rank  Pressure    Confidence  
  ------------------------------
  1     117         0.050

Detector: BL_W80_T2.6_D15
Best Detection: 117 mmHg (confidence: 0.050)
Top 10 readings:
  Rank  Pressure    Confidence  
  ------------------------------
  1     117         0.050

Detector: BL_W80_T2.6_D20
Best Detection: 117 mmHg (confidence: 0.050)
Top 10 readings:
  Rank  Pressure    Confidence  
  ------------------------------
  1     117         0.050

Detector: BL_W80_T2.6_D25
Best Detection: 117 mmHg (confidence: 0.050)
Top 10 readings:
  Rank  Pressure    Confidence  
  ------------------------------
  1     117         0.050

Detector: BL_W80_T2.6_D30
Best Detection: 117 mmHg (confidence: 0.050)
Top 10 readings:
  Rank  Pressure    Confidence  
  ------------------------------
  1     117         0.050

Detector: BL_W80_T2.6_D40
Best Detection: 117 mmHg (confidence: 0.050)
Top 10 readings:
  Rank  Pressure    Confidence  
  ------------------------------
  1     117         0.050

Detector: BL_W90_T1.0_D2
Best Detection: 119 mmHg (confidence: 1.200)
Top 10 readings:
  Rank  Pressure    Confidence  
  ------------------------------
  1     119         1.200
  2     117         1.200
  3     115         1.200
  4     112         1.200
  5     111         1.140
  6     109         1.060
  7     106         0.980
  8     104         0.900
  9     103         0.820
  10    101         0.740

Detector: BL_W90_T1.0_D4
Best Detection: 119 mmHg (confidence: 1.200)
Top 10 readings:
  Rank  Pressure    Confidence  
  ------------------------------
  1     119         1.200
  2     117         1.200
  3     115         1.200
  4     112         1.200
  5     111         1.140
  6     109         1.060
  7     106         0.980
  8     104         0.900
  9     103         0.820
  10    101         0.740

Detector: BL_W90_T1.0_D6
Best Detection: 119 mmHg (confidence: 1.200)
Top 10 readings:
  Rank  Pressure    Confidence  
  ------------------------------
  1     119         1.200
  2     117         1.200
  3     115         1.200
  4     112         1.200
  5     111         1.140
  6     109         1.060
  7     106         0.980
  8     104         0.900
  9     103         0.820
  10    101         0.740

Detector: BL_W90_T1.0_D8
Best Detection: 119 mmHg (confidence: 1.200)
Top 10 readings:
  Rank  Pressure    Confidence  
  ------------------------------
  1     119         1.200
  2     117         1.200
  3     115         1.200
  4     112         1.200
  5     111         1.140
  6     109         1.060
  7     106         0.980
  8     104         0.900
  9     103         0.820
  10    101         0.740

Detector: BL_W90_T1.0_D10
Best Detection: 119 mmHg (confidence: 1.200)
Top 10 readings:
  Rank  Pressure    Confidence  
  ------------------------------
  1     119         1.200
  2     117         1.200
  3     115         1.200
  4     112         1.200
  5     111         1.140
  6     109         1.060
  7     106         0.980
  8     104         0.900
  9     103         0.820
  10    101         0.740

Detector: BL_W90_T1.0_D15
Best Detection: 119 mmHg (confidence: 1.200)
Top 10 readings:
  Rank  Pressure    Confidence  
  ------------------------------
  1     119         1.200
  2     117         1.200
  3     115         1.200
  4     112         1.200
  5     111         1.140
  6     109         1.060
  7     106         0.980
  8     104         0.900
  9     103         0.820
  10    101         0.740

Detector: BL_W90_T1.0_D20
Best Detection: 119 mmHg (confidence: 1.200)
Top 10 readings:
  Rank  Pressure    Confidence  
  ------------------------------
  1     119         1.200
  2     117         1.200
  3     115         1.200
  4     112         1.200
  5     111         1.140
  6     109         1.060
  7     106         0.980
  8     104         0.900
  9     103         0.820
  10    101         0.740

Detector: BL_W90_T1.0_D25
Best Detection: 119 mmHg (confidence: 1.200)
Top 10 readings:
  Rank  Pressure    Confidence  
  ------------------------------
  1     119         1.200
  2     117         1.200
  3     115         1.200
  4     112         1.200
  5     111         1.140
  6     109         1.060
  7     106         0.980
  8     104         0.900
  9     103         0.820
  10    101         0.740

Detector: BL_W90_T1.0_D30
Best Detection: 119 mmHg (confidence: 1.200)
Top 10 readings:
  Rank  Pressure    Confidence  
  ------------------------------
  1     119         1.200
  2     117         1.200
  3     115         1.200
  4     112         1.200
  5     111         1.140
  6     109         1.060
  7     106         0.980
  8     104         0.900
  9     103         0.820
  10    101         0.740

Detector: BL_W90_T1.0_D40
Best Detection: 119 mmHg (confidence: 1.200)
Top 10 readings:
  Rank  Pressure    Confidence  
  ------------------------------
  1     119         1.200
  2     117         1.200
  3     115         1.200
  4     112         1.200
  5     111         1.140
  6     109         1.060
  7     106         0.980
  8     104         0.900
  9     103         0.820
  10    101         0.740

Detector: BL_W90_T1.2_D2
Best Detection: 119 mmHg (confidence: 1.200)
Top 10 readings:
  Rank  Pressure    Confidence  
  ------------------------------
  1     119         1.200
  2     117         1.200
  3     115         1.200
  4     112         1.200
  5     111         1.140
  6     109         1.060
  7     106         0.980
  8     104         0.900
  9     103         0.820
  10    100         0.740

Detector: BL_W90_T1.2_D4
Best Detection: 119 mmHg (confidence: 1.200)
Top 10 readings:
  Rank  Pressure    Confidence  
  ------------------------------
  1     119         1.200
  2     117         1.200
  3     115         1.200
  4     112         1.200
  5     111         1.140
  6     109         1.060
  7     106         0.980
  8     104         0.900
  9     103         0.820
  10    100         0.740

Detector: BL_W90_T1.2_D6
Best Detection: 119 mmHg (confidence: 1.200)
Top 10 readings:
  Rank  Pressure    Confidence  
  ------------------------------
  1     119         1.200
  2     117         1.200
  3     115         1.200
  4     112         1.200
  5     111         1.140
  6     109         1.060
  7     106         0.980
  8     104         0.900
  9     103         0.820
  10    100         0.740

Detector: BL_W90_T1.2_D8
Best Detection: 119 mmHg (confidence: 1.200)
Top 10 readings:
  Rank  Pressure    Confidence  
  ------------------------------
  1     119         1.200
  2     117         1.200
  3     115         1.200
  4     112         1.200
  5     111         1.140
  6     109         1.060
  7     106         0.980
  8     104         0.900
  9     103         0.820
  10    100         0.740

Detector: BL_W90_T1.2_D10
Best Detection: 119 mmHg (confidence: 1.200)
Top 10 readings:
  Rank  Pressure    Confidence  
  ------------------------------
  1     119         1.200
  2     117         1.200
  3     115         1.200
  4     112         1.200
  5     111         1.140
  6     109         1.060
  7     106         0.980
  8     104         0.900
  9     103         0.820
  10    100         0.740

Detector: BL_W90_T1.2_D15
Best Detection: 119 mmHg (confidence: 1.200)
Top 10 readings:
  Rank  Pressure    Confidence  
  ------------------------------
  1     119         1.200
  2     117         1.200
  3     115         1.200
  4     112         1.200
  5     111         1.140
  6     109         1.060
  7     106         0.980
  8     104         0.900
  9     103         0.820
  10    100         0.740

Detector: BL_W90_T1.2_D20
Best Detection: 119 mmHg (confidence: 1.200)
Top 10 readings:
  Rank  Pressure    Confidence  
  ------------------------------
  1     119         1.200
  2     117         1.200
  3     115         1.200
  4     112         1.200
  5     111         1.140
  6     109         1.060
  7     106         0.980
  8     104         0.900
  9     103         0.820
  10    100         0.740

Detector: BL_W90_T1.2_D25
Best Detection: 119 mmHg (confidence: 1.200)
Top 10 readings:
  Rank  Pressure    Confidence  
  ------------------------------
  1     119         1.200
  2     117         1.200
  3     115         1.200
  4     112         1.200
  5     111         1.140
  6     109         1.060
  7     106         0.980
  8     104         0.900
  9     103         0.820
  10    100         0.740

Detector: BL_W90_T1.2_D30
Best Detection: 119 mmHg (confidence: 1.200)
Top 10 readings:
  Rank  Pressure    Confidence  
  ------------------------------
  1     119         1.200
  2     117         1.200
  3     115         1.200
  4     112         1.200
  5     111         1.140
  6     109         1.060
  7     106         0.980
  8     104         0.900
  9     103         0.820
  10    100         0.740

Detector: BL_W90_T1.2_D40
Best Detection: 119 mmHg (confidence: 1.200)
Top 10 readings:
  Rank  Pressure    Confidence  
  ------------------------------
  1     119         1.200
  2     117         1.200
  3     115         1.200
  4     112         1.200
  5     111         1.140
  6     109         1.060
  7     106         0.980
  8     104         0.900
  9     103         0.820
  10    100         0.740

Detector: BL_W90_T1.4_D2
Best Detection: 110 mmHg (confidence: 1.140)
Top 10 readings:
  Rank  Pressure    Confidence  
  ------------------------------
  1     110         1.140
  2     108         1.060
  3     106         0.980
  4     104         0.900
  5     102         0.820
  6     100         0.740
  7     98          0.660
  8     96          0.580
  9     93          0.500
  10    91          0.420

Detector: BL_W90_T1.4_D4
Best Detection: 110 mmHg (confidence: 1.140)
Top 10 readings:
  Rank  Pressure    Confidence  
  ------------------------------
  1     110         1.140
  2     108         1.060
  3     106         0.980
  4     104         0.900
  5     102         0.820
  6     100         0.740
  7     98          0.660
  8     96          0.580
  9     93          0.500
  10    91          0.420

Detector: BL_W90_T1.4_D6
Best Detection: 110 mmHg (confidence: 1.140)
Top 10 readings:
  Rank  Pressure    Confidence  
  ------------------------------
  1     110         1.140
  2     108         1.060
  3     106         0.980
  4     104         0.900
  5     102         0.820
  6     100         0.740
  7     98          0.660
  8     96          0.580
  9     93          0.500
  10    91          0.420

Detector: BL_W90_T1.4_D8
Best Detection: 110 mmHg (confidence: 1.140)
Top 10 readings:
  Rank  Pressure    Confidence  
  ------------------------------
  1     110         1.140
  2     108         1.060
  3     106         0.980
  4     104         0.900
  5     102         0.820
  6     100         0.740
  7     98          0.660
  8     96          0.580
  9     93          0.500
  10    91          0.420

Detector: BL_W90_T1.4_D10
Best Detection: 110 mmHg (confidence: 1.140)
Top 10 readings:
  Rank  Pressure    Confidence  
  ------------------------------
  1     110         1.140
  2     108         1.060
  3     106         0.980
  4     104         0.900
  5     102         0.820
  6     100         0.740
  7     98          0.660
  8     96          0.580
  9     93          0.500
  10    91          0.420

Detector: BL_W90_T1.4_D15
Best Detection: 110 mmHg (confidence: 1.140)
Top 10 readings:
  Rank  Pressure    Confidence  
  ------------------------------
  1     110         1.140
  2     108         1.060
  3     106         0.980
  4     104         0.900
  5     102         0.820
  6     100         0.740
  7     98          0.660
  8     96          0.580
  9     93          0.500
  10    91          0.420

Detector: BL_W90_T1.4_D20
Best Detection: 110 mmHg (confidence: 1.140)
Top 10 readings:
  Rank  Pressure    Confidence  
  ------------------------------
  1     110         1.140
  2     108         1.060
  3     106         0.980
  4     104         0.900
  5     102         0.820
  6     100         0.740
  7     98          0.660
  8     96          0.580
  9     93          0.500
  10    91          0.420

Detector: BL_W90_T1.4_D25
Best Detection: 110 mmHg (confidence: 1.140)
Top 10 readings:
  Rank  Pressure    Confidence  
  ------------------------------
  1     110         1.140
  2     108         1.060
  3     106         0.980
  4     104         0.900
  5     102         0.820
  6     100         0.740
  7     98          0.660
  8     96          0.580
  9     93          0.500
  10    91          0.420

Detector: BL_W90_T1.4_D30
Best Detection: 110 mmHg (confidence: 1.140)
Top 10 readings:
  Rank  Pressure    Confidence  
  ------------------------------
  1     110         1.140
  2     108         1.060
  3     106         0.980
  4     104         0.900
  5     102         0.820
  6     100         0.740
  7     98          0.660
  8     96          0.580
  9     93          0.500
  10    91          0.420

Detector: BL_W90_T1.4_D40
Best Detection: 110 mmHg (confidence: 1.140)
Top 10 readings:
  Rank  Pressure    Confidence  
  ------------------------------
  1     110         1.140
  2     108         1.060
  3     106         0.980
  4     104         0.900
  5     102         0.820
  6     100         0.740
  7     98          0.660
  8     96          0.580
  9     93          0.500
  10    91          0.420

Detector: BL_W90_T1.6_D2
Best Detection: 110 mmHg (confidence: 0.900)
Top 10 readings:
  Rank  Pressure    Confidence  
  ------------------------------
  1     110         0.900
  2     108         0.820
  3     106         0.740
  4     104         0.660
  5     102         0.580
  6     100         0.500
  7     98          0.420
  8     96          0.340
  9     119         0.260
  10    93          0.260

Detector: BL_W90_T1.6_D4
Best Detection: 110 mmHg (confidence: 0.900)
Top 10 readings:
  Rank  Pressure    Confidence  
  ------------------------------
  1     110         0.900
  2     108         0.820
  3     106         0.740
  4     104         0.660
  5     102         0.580
  6     100         0.500
  7     98          0.420
  8     96          0.340
  9     119         0.260
  10    93          0.260

Detector: BL_W90_T1.6_D6
Best Detection: 110 mmHg (confidence: 0.900)
Top 10 readings:
  Rank  Pressure    Confidence  
  ------------------------------
  1     110         0.900
  2     108         0.820
  3     106         0.740
  4     104         0.660
  5     102         0.580
  6     100         0.500
  7     98          0.420
  8     96          0.340
  9     119         0.260
  10    93          0.260

Detector: BL_W90_T1.6_D8
Best Detection: 110 mmHg (confidence: 0.900)
Top 10 readings:
  Rank  Pressure    Confidence  
  ------------------------------
  1     110         0.900
  2     108         0.820
  3     106         0.740
  4     104         0.660
  5     102         0.580
  6     100         0.500
  7     98          0.420
  8     96          0.340
  9     119         0.260
  10    93          0.260

Detector: BL_W90_T1.6_D10
Best Detection: 110 mmHg (confidence: 0.900)
Top 10 readings:
  Rank  Pressure    Confidence  
  ------------------------------
  1     110         0.900
  2     108         0.820
  3     106         0.740
  4     104         0.660
  5     102         0.580
  6     100         0.500
  7     98          0.420
  8     96          0.340
  9     119         0.260
  10    93          0.260

Detector: BL_W90_T1.6_D15
Best Detection: 110 mmHg (confidence: 0.900)
Top 10 readings:
  Rank  Pressure    Confidence  
  ------------------------------
  1     110         0.900
  2     108         0.820
  3     106         0.740
  4     104         0.660
  5     102         0.580
  6     100         0.500
  7     98          0.420
  8     96          0.340
  9     119         0.260
  10    93          0.260

Detector: BL_W90_T1.6_D20
Best Detection: 110 mmHg (confidence: 0.900)
Top 10 readings:
  Rank  Pressure    Confidence  
  ------------------------------
  1     110         0.900
  2     108         0.820
  3     106         0.740
  4     104         0.660
  5     102         0.580
  6     100         0.500
  7     98          0.420
  8     96          0.340
  9     119         0.260
  10    93          0.260

Detector: BL_W90_T1.6_D25
Best Detection: 110 mmHg (confidence: 0.900)
Top 10 readings:
  Rank  Pressure    Confidence  
  ------------------------------
  1     110         0.900
  2     108         0.820
  3     106         0.740
  4     104         0.660
  5     102         0.580
  6     100         0.500
  7     98          0.420
  8     96          0.340
  9     119         0.260
  10    93          0.260

Detector: BL_W90_T1.6_D30
Best Detection: 110 mmHg (confidence: 0.900)
Top 10 readings:
  Rank  Pressure    Confidence  
  ------------------------------
  1     110         0.900
  2     108         0.820
  3     106         0.740
  4     104         0.660
  5     102         0.580
  6     100         0.500
  7     98          0.420
  8     96          0.340
  9     119         0.260
  10    93          0.260

Detector: BL_W90_T1.6_D40
Best Detection: 110 mmHg (confidence: 0.900)
Top 10 readings:
  Rank  Pressure    Confidence  
  ------------------------------
  1     110         0.900
  2     108         0.820
  3     106         0.740
  4     104         0.660
  5     102         0.580
  6     100         0.500
  7     98          0.420
  8     96          0.340
  9     119         0.260
  10    93          0.260

Detector: BL_W90_T1.8_D2
Best Detection: 108 mmHg (confidence: 0.420)
Top 10 readings:
  Rank  Pressure    Confidence  
  ------------------------------
  1     108         0.420
  2     106         0.340
  3     104         0.260
  4     117         0.126
  5     102         0.126
  6     93          0.050
  7     114         0.010
  8     100         0.010

Detector: BL_W90_T1.8_D4
Best Detection: 108 mmHg (confidence: 0.420)
Top 10 readings:
  Rank  Pressure    Confidence  
  ------------------------------
  1     108         0.420
  2     106         0.340
  3     104         0.260
  4     117         0.126
  5     102         0.126
  6     93          0.050
  7     114         0.010
  8     100         0.010

Detector: BL_W90_T1.8_D6
Best Detection: 108 mmHg (confidence: 0.420)
Top 10 readings:
  Rank  Pressure    Confidence  
  ------------------------------
  1     108         0.420
  2     106         0.340
  3     104         0.260
  4     117         0.126
  5     102         0.126
  6     93          0.050
  7     114         0.010
  8     100         0.010

Detector: BL_W90_T1.8_D8
Best Detection: 108 mmHg (confidence: 0.420)
Top 10 readings:
  Rank  Pressure    Confidence  
  ------------------------------
  1     108         0.420
  2     106         0.340
  3     104         0.260
  4     117         0.126
  5     102         0.126
  6     93          0.050
  7     114         0.010
  8     100         0.010

Detector: BL_W90_T1.8_D10
Best Detection: 108 mmHg (confidence: 0.420)
Top 10 readings:
  Rank  Pressure    Confidence  
  ------------------------------
  1     108         0.420
  2     106         0.340
  3     104         0.260
  4     117         0.126
  5     102         0.126
  6     93          0.050
  7     114         0.010
  8     100         0.010

Detector: BL_W90_T1.8_D15
Best Detection: 108 mmHg (confidence: 0.420)
Top 10 readings:
  Rank  Pressure    Confidence  
  ------------------------------
  1     108         0.420
  2     106         0.340
  3     104         0.260
  4     117         0.126
  5     102         0.126
  6     93          0.050
  7     114         0.010
  8     100         0.010

Detector: BL_W90_T1.8_D20
Best Detection: 108 mmHg (confidence: 0.420)
Top 10 readings:
  Rank  Pressure    Confidence  
  ------------------------------
  1     108         0.420
  2     106         0.340
  3     104         0.260
  4     117         0.126
  5     102         0.126
  6     93          0.050
  7     114         0.010
  8     100         0.010

Detector: BL_W90_T1.8_D25
Best Detection: 108 mmHg (confidence: 0.420)
Top 10 readings:
  Rank  Pressure    Confidence  
  ------------------------------
  1     108         0.420
  2     106         0.340
  3     104         0.260
  4     117         0.126
  5     102         0.126
  6     93          0.050
  7     114         0.010
  8     100         0.010

Detector: BL_W90_T1.8_D30
Best Detection: 108 mmHg (confidence: 0.420)
Top 10 readings:
  Rank  Pressure    Confidence  
  ------------------------------
  1     108         0.420
  2     106         0.340
  3     104         0.260
  4     117         0.126
  5     102         0.126
  6     93          0.050
  7     114         0.010
  8     100         0.010

Detector: BL_W90_T1.8_D40
Best Detection: 108 mmHg (confidence: 0.420)
Top 10 readings:
  Rank  Pressure    Confidence  
  ------------------------------
  1     108         0.420
  2     106         0.340
  3     104         0.260
  4     117         0.126
  5     102         0.126
  6     93          0.050
  7     114         0.010
  8     100         0.010

Detector: BL_W90_T2.0_D2
Best Detection: 108 mmHg (confidence: 0.126)
Top 10 readings:
  Rank  Pressure    Confidence  
  ------------------------------
  1     108         0.126
  2     106         0.050
  3     117         0.010

Detector: BL_W90_T2.0_D4
Best Detection: 108 mmHg (confidence: 0.126)
Top 10 readings:
  Rank  Pressure    Confidence  
  ------------------------------
  1     108         0.126
  2     106         0.050
  3     117         0.010

Detector: BL_W90_T2.0_D6
Best Detection: 108 mmHg (confidence: 0.126)
Top 10 readings:
  Rank  Pressure    Confidence  
  ------------------------------
  1     108         0.126
  2     106         0.050
  3     117         0.010

Detector: BL_W90_T2.0_D8
Best Detection: 108 mmHg (confidence: 0.126)
Top 10 readings:
  Rank  Pressure    Confidence  
  ------------------------------
  1     108         0.126
  2     106         0.050
  3     117         0.010

Detector: BL_W90_T2.0_D10
Best Detection: 108 mmHg (confidence: 0.126)
Top 10 readings:
  Rank  Pressure    Confidence  
  ------------------------------
  1     108         0.126
  2     106         0.050
  3     117         0.010

Detector: BL_W90_T2.0_D15
Best Detection: 108 mmHg (confidence: 0.126)
Top 10 readings:
  Rank  Pressure    Confidence  
  ------------------------------
  1     108         0.126
  2     106         0.050
  3     117         0.010

Detector: BL_W90_T2.0_D20
Best Detection: 108 mmHg (confidence: 0.126)
Top 10 readings:
  Rank  Pressure    Confidence  
  ------------------------------
  1     108         0.126
  2     106         0.050
  3     117         0.010

Detector: BL_W90_T2.0_D25
Best Detection: 108 mmHg (confidence: 0.126)
Top 10 readings:
  Rank  Pressure    Confidence  
  ------------------------------
  1     108         0.126
  2     106         0.050
  3     117         0.010

Detector: BL_W90_T2.0_D30
Best Detection: 108 mmHg (confidence: 0.126)
Top 10 readings:
  Rank  Pressure    Confidence  
  ------------------------------
  1     108         0.126
  2     106         0.050
  3     117         0.010

Detector: BL_W90_T2.0_D40
Best Detection: 108 mmHg (confidence: 0.126)
Top 10 readings:
  Rank  Pressure    Confidence  
  ------------------------------
  1     108         0.126
  2     106         0.050
  3     117         0.010

Detector: BL_W90_T2.2_D2
Best Detection: 108 mmHg (confidence: 0.126)
Top 10 readings:
  Rank  Pressure    Confidence  
  ------------------------------
  1     108         0.126
  2     106         0.050
  3     117         0.010

Detector: BL_W90_T2.2_D4
Best Detection: 108 mmHg (confidence: 0.126)
Top 10 readings:
  Rank  Pressure    Confidence  
  ------------------------------
  1     108         0.126
  2     106         0.050
  3     117         0.010

Detector: BL_W90_T2.2_D6
Best Detection: 108 mmHg (confidence: 0.126)
Top 10 readings:
  Rank  Pressure    Confidence  
  ------------------------------
  1     108         0.126
  2     106         0.050
  3     117         0.010

Detector: BL_W90_T2.2_D8
Best Detection: 108 mmHg (confidence: 0.126)
Top 10 readings:
  Rank  Pressure    Confidence  
  ------------------------------
  1     108         0.126
  2     106         0.050
  3     117         0.010

Detector: BL_W90_T2.2_D10
Best Detection: 108 mmHg (confidence: 0.126)
Top 10 readings:
  Rank  Pressure    Confidence  
  ------------------------------
  1     108         0.126
  2     106         0.050
  3     117         0.010

Detector: BL_W90_T2.2_D15
Best Detection: 108 mmHg (confidence: 0.126)
Top 10 readings:
  Rank  Pressure    Confidence  
  ------------------------------
  1     108         0.126
  2     106         0.050
  3     117         0.010

Detector: BL_W90_T2.2_D20
Best Detection: 108 mmHg (confidence: 0.126)
Top 10 readings:
  Rank  Pressure    Confidence  
  ------------------------------
  1     108         0.126
  2     106         0.050
  3     117         0.010

Detector: BL_W90_T2.2_D25
Best Detection: 108 mmHg (confidence: 0.126)
Top 10 readings:
  Rank  Pressure    Confidence  
  ------------------------------
  1     108         0.126
  2     106         0.050
  3     117         0.010

Detector: BL_W90_T2.2_D30
Best Detection: 108 mmHg (confidence: 0.126)
Top 10 readings:
  Rank  Pressure    Confidence  
  ------------------------------
  1     108         0.126
  2     106         0.050
  3     117         0.010

Detector: BL_W90_T2.2_D40
Best Detection: 108 mmHg (confidence: 0.126)
Top 10 readings:
  Rank  Pressure    Confidence  
  ------------------------------
  1     108         0.126
  2     106         0.050
  3     117         0.010

Detector: BL_W90_T2.4_D2
Best Detection: 108 mmHg (confidence: 0.050)
Top 10 readings:
  Rank  Pressure    Confidence  
  ------------------------------
  1     108         0.050
  2     117         0.010

Detector: BL_W90_T2.4_D4
Best Detection: 108 mmHg (confidence: 0.050)
Top 10 readings:
  Rank  Pressure    Confidence  
  ------------------------------
  1     108         0.050
  2     117         0.010

Detector: BL_W90_T2.4_D6
Best Detection: 108 mmHg (confidence: 0.050)
Top 10 readings:
  Rank  Pressure    Confidence  
  ------------------------------
  1     108         0.050
  2     117         0.010

Detector: BL_W90_T2.4_D8
Best Detection: 108 mmHg (confidence: 0.050)
Top 10 readings:
  Rank  Pressure    Confidence  
  ------------------------------
  1     108         0.050
  2     117         0.010

Detector: BL_W90_T2.4_D10
Best Detection: 108 mmHg (confidence: 0.050)
Top 10 readings:
  Rank  Pressure    Confidence  
  ------------------------------
  1     108         0.050
  2     117         0.010

Detector: BL_W90_T2.4_D15
Best Detection: 108 mmHg (confidence: 0.050)
Top 10 readings:
  Rank  Pressure    Confidence  
  ------------------------------
  1     108         0.050
  2     117         0.010

Detector: BL_W90_T2.4_D20
Best Detection: 108 mmHg (confidence: 0.050)
Top 10 readings:
  Rank  Pressure    Confidence  
  ------------------------------
  1     108         0.050
  2     117         0.010

Detector: BL_W90_T2.4_D25
Best Detection: 108 mmHg (confidence: 0.050)
Top 10 readings:
  Rank  Pressure    Confidence  
  ------------------------------
  1     108         0.050
  2     117         0.010

Detector: BL_W90_T2.4_D30
Best Detection: 108 mmHg (confidence: 0.050)
Top 10 readings:
  Rank  Pressure    Confidence  
  ------------------------------
  1     108         0.050
  2     117         0.010

Detector: BL_W90_T2.4_D40
Best Detection: 108 mmHg (confidence: 0.050)
Top 10 readings:
  Rank  Pressure    Confidence  
  ------------------------------
  1     108         0.050
  2     117         0.010

Detector: BL_W90_T2.6_D2
Best Detection: 117 mmHg (confidence: 0.050)
Top 10 readings:
  Rank  Pressure    Confidence  
  ------------------------------
  1     117         0.050

Detector: BL_W90_T2.6_D4
Best Detection: 117 mmHg (confidence: 0.050)
Top 10 readings:
  Rank  Pressure    Confidence  
  ------------------------------
  1     117         0.050

Detector: BL_W90_T2.6_D6
Best Detection: 117 mmHg (confidence: 0.050)
Top 10 readings:
  Rank  Pressure    Confidence  
  ------------------------------
  1     117         0.050

Detector: BL_W90_T2.6_D8
Best Detection: 117 mmHg (confidence: 0.050)
Top 10 readings:
  Rank  Pressure    Confidence  
  ------------------------------
  1     117         0.050

Detector: BL_W90_T2.6_D10
Best Detection: 117 mmHg (confidence: 0.050)
Top 10 readings:
  Rank  Pressure    Confidence  
  ------------------------------
  1     117         0.050

Detector: BL_W90_T2.6_D15
Best Detection: 117 mmHg (confidence: 0.050)
Top 10 readings:
  Rank  Pressure    Confidence  
  ------------------------------
  1     117         0.050

Detector: BL_W90_T2.6_D20
Best Detection: 117 mmHg (confidence: 0.050)
Top 10 readings:
  Rank  Pressure    Confidence  
  ------------------------------
  1     117         0.050

Detector: BL_W90_T2.6_D25
Best Detection: 117 mmHg (confidence: 0.050)
Top 10 readings:
  Rank  Pressure    Confidence  
  ------------------------------
  1     117         0.050

Detector: BL_W90_T2.6_D30
Best Detection: 117 mmHg (confidence: 0.050)
Top 10 readings:
  Rank  Pressure    Confidence  
  ------------------------------
  1     117         0.050

Detector: BL_W90_T2.6_D40
Best Detection: 117 mmHg (confidence: 0.050)
Top 10 readings:
  Rank  Pressure    Confidence  
  ------------------------------
  1     117         0.050

Detector: BL_W100_T1.0_D2
Best Detection: 117 mmHg (confidence: 1.200)
Top 10 readings:
  Rank  Pressure    Confidence  
  ------------------------------
  1     117         1.200
  2     115         1.200
  3     112         1.200
  4     111         1.140
  5     109         1.060
  6     106         0.980
  7     104         0.900
  8     103         0.820
  9     101         0.740
  10    98          0.660

Detector: BL_W100_T1.0_D4
Best Detection: 117 mmHg (confidence: 1.200)
Top 10 readings:
  Rank  Pressure    Confidence  
  ------------------------------
  1     117         1.200
  2     115         1.200
  3     112         1.200
  4     111         1.140
  5     109         1.060
  6     106         0.980
  7     104         0.900
  8     103         0.820
  9     101         0.740
  10    98          0.660

Detector: BL_W100_T1.0_D6
Best Detection: 117 mmHg (confidence: 1.200)
Top 10 readings:
  Rank  Pressure    Confidence  
  ------------------------------
  1     117         1.200
  2     115         1.200
  3     112         1.200
  4     111         1.140
  5     109         1.060
  6     106         0.980
  7     104         0.900
  8     103         0.820
  9     101         0.740
  10    98          0.660

Detector: BL_W100_T1.0_D8
Best Detection: 117 mmHg (confidence: 1.200)
Top 10 readings:
  Rank  Pressure    Confidence  
  ------------------------------
  1     117         1.200
  2     115         1.200
  3     112         1.200
  4     111         1.140
  5     109         1.060
  6     106         0.980
  7     104         0.900
  8     103         0.820
  9     101         0.740
  10    98          0.660

Detector: BL_W100_T1.0_D10
Best Detection: 117 mmHg (confidence: 1.200)
Top 10 readings:
  Rank  Pressure    Confidence  
  ------------------------------
  1     117         1.200
  2     115         1.200
  3     112         1.200
  4     111         1.140
  5     109         1.060
  6     106         0.980
  7     104         0.900
  8     103         0.820
  9     101         0.740
  10    98          0.660

Detector: BL_W100_T1.0_D15
Best Detection: 117 mmHg (confidence: 1.200)
Top 10 readings:
  Rank  Pressure    Confidence  
  ------------------------------
  1     117         1.200
  2     115         1.200
  3     112         1.200
  4     111         1.140
  5     109         1.060
  6     106         0.980
  7     104         0.900
  8     103         0.820
  9     101         0.740
  10    98          0.660

Detector: BL_W100_T1.0_D20
Best Detection: 117 mmHg (confidence: 1.200)
Top 10 readings:
  Rank  Pressure    Confidence  
  ------------------------------
  1     117         1.200
  2     115         1.200
  3     112         1.200
  4     111         1.140
  5     109         1.060
  6     106         0.980
  7     104         0.900
  8     103         0.820
  9     101         0.740
  10    98          0.660

Detector: BL_W100_T1.0_D25
Best Detection: 117 mmHg (confidence: 1.200)
Top 10 readings:
  Rank  Pressure    Confidence  
  ------------------------------
  1     117         1.200
  2     115         1.200
  3     112         1.200
  4     111         1.140
  5     109         1.060
  6     106         0.980
  7     104         0.900
  8     103         0.820
  9     101         0.740
  10    98          0.660

Detector: BL_W100_T1.0_D30
Best Detection: 117 mmHg (confidence: 1.200)
Top 10 readings:
  Rank  Pressure    Confidence  
  ------------------------------
  1     117         1.200
  2     115         1.200
  3     112         1.200
  4     111         1.140
  5     109         1.060
  6     106         0.980
  7     104         0.900
  8     103         0.820
  9     101         0.740
  10    98          0.660

Detector: BL_W100_T1.0_D40
Best Detection: 117 mmHg (confidence: 1.200)
Top 10 readings:
  Rank  Pressure    Confidence  
  ------------------------------
  1     117         1.200
  2     115         1.200
  3     112         1.200
  4     111         1.140
  5     109         1.060
  6     106         0.980
  7     104         0.900
  8     103         0.820
  9     101         0.740
  10    98          0.660

Detector: BL_W100_T1.2_D2
Best Detection: 117 mmHg (confidence: 1.200)
Top 10 readings:
  Rank  Pressure    Confidence  
  ------------------------------
  1     117         1.200
  2     115         1.200
  3     112         1.200
  4     111         1.140
  5     109         1.060
  6     106         0.980
  7     104         0.900
  8     103         0.820
  9     100         0.740
  10    98          0.660

Detector: BL_W100_T1.2_D4
Best Detection: 117 mmHg (confidence: 1.200)
Top 10 readings:
  Rank  Pressure    Confidence  
  ------------------------------
  1     117         1.200
  2     115         1.200
  3     112         1.200
  4     111         1.140
  5     109         1.060
  6     106         0.980
  7     104         0.900
  8     103         0.820
  9     100         0.740
  10    98          0.660

Detector: BL_W100_T1.2_D6
Best Detection: 117 mmHg (confidence: 1.200)
Top 10 readings:
  Rank  Pressure    Confidence  
  ------------------------------
  1     117         1.200
  2     115         1.200
  3     112         1.200
  4     111         1.140
  5     109         1.060
  6     106         0.980
  7     104         0.900
  8     103         0.820
  9     100         0.740
  10    98          0.660

Detector: BL_W100_T1.2_D8
Best Detection: 117 mmHg (confidence: 1.200)
Top 10 readings:
  Rank  Pressure    Confidence  
  ------------------------------
  1     117         1.200
  2     115         1.200
  3     112         1.200
  4     111         1.140
  5     109         1.060
  6     106         0.980
  7     104         0.900
  8     103         0.820
  9     100         0.740
  10    98          0.660

Detector: BL_W100_T1.2_D10
Best Detection: 117 mmHg (confidence: 1.200)
Top 10 readings:
  Rank  Pressure    Confidence  
  ------------------------------
  1     117         1.200
  2     115         1.200
  3     112         1.200
  4     111         1.140
  5     109         1.060
  6     106         0.980
  7     104         0.900
  8     103         0.820
  9     100         0.740
  10    98          0.660

Detector: BL_W100_T1.2_D15
Best Detection: 117 mmHg (confidence: 1.200)
Top 10 readings:
  Rank  Pressure    Confidence  
  ------------------------------
  1     117         1.200
  2     115         1.200
  3     112         1.200
  4     111         1.140
  5     109         1.060
  6     106         0.980
  7     104         0.900
  8     103         0.820
  9     100         0.740
  10    98          0.660

Detector: BL_W100_T1.2_D20
Best Detection: 117 mmHg (confidence: 1.200)
Top 10 readings:
  Rank  Pressure    Confidence  
  ------------------------------
  1     117         1.200
  2     115         1.200
  3     112         1.200
  4     111         1.140
  5     109         1.060
  6     106         0.980
  7     104         0.900
  8     103         0.820
  9     100         0.740
  10    98          0.660

Detector: BL_W100_T1.2_D25
Best Detection: 117 mmHg (confidence: 1.200)
Top 10 readings:
  Rank  Pressure    Confidence  
  ------------------------------
  1     117         1.200
  2     115         1.200
  3     112         1.200
  4     111         1.140
  5     109         1.060
  6     106         0.980
  7     104         0.900
  8     103         0.820
  9     100         0.740
  10    98          0.660

Detector: BL_W100_T1.2_D30
Best Detection: 117 mmHg (confidence: 1.200)
Top 10 readings:
  Rank  Pressure    Confidence  
  ------------------------------
  1     117         1.200
  2     115         1.200
  3     112         1.200
  4     111         1.140
  5     109         1.060
  6     106         0.980
  7     104         0.900
  8     103         0.820
  9     100         0.740
  10    98          0.660

Detector: BL_W100_T1.2_D40
Best Detection: 117 mmHg (confidence: 1.200)
Top 10 readings:
  Rank  Pressure    Confidence  
  ------------------------------
  1     117         1.200
  2     115         1.200
  3     112         1.200
  4     111         1.140
  5     109         1.060
  6     106         0.980
  7     104         0.900
  8     103         0.820
  9     100         0.740
  10    98          0.660

Detector: BL_W100_T1.4_D2
Best Detection: 117 mmHg (confidence: 1.200)
Top 10 readings:
  Rank  Pressure    Confidence  
  ------------------------------
  1     117         1.200
  2     115         1.200
  3     112         1.200
  4     110         1.140
  5     109         1.060
  6     106         0.980
  7     104         0.900
  8     102         0.820
  9     100         0.740
  10    98          0.660

Detector: BL_W100_T1.4_D4
Best Detection: 117 mmHg (confidence: 1.200)
Top 10 readings:
  Rank  Pressure    Confidence  
  ------------------------------
  1     117         1.200
  2     115         1.200
  3     112         1.200
  4     110         1.140
  5     109         1.060
  6     106         0.980
  7     104         0.900
  8     102         0.820
  9     100         0.740
  10    98          0.660

Detector: BL_W100_T1.4_D6
Best Detection: 117 mmHg (confidence: 1.200)
Top 10 readings:
  Rank  Pressure    Confidence  
  ------------------------------
  1     117         1.200
  2     115         1.200
  3     112         1.200
  4     110         1.140
  5     109         1.060
  6     106         0.980
  7     104         0.900
  8     102         0.820
  9     100         0.740
  10    98          0.660

Detector: BL_W100_T1.4_D8
Best Detection: 117 mmHg (confidence: 1.200)
Top 10 readings:
  Rank  Pressure    Confidence  
  ------------------------------
  1     117         1.200
  2     115         1.200
  3     112         1.200
  4     110         1.140
  5     109         1.060
  6     106         0.980
  7     104         0.900
  8     102         0.820
  9     100         0.740
  10    98          0.660

Detector: BL_W100_T1.4_D10
Best Detection: 117 mmHg (confidence: 1.200)
Top 10 readings:
  Rank  Pressure    Confidence  
  ------------------------------
  1     117         1.200
  2     115         1.200
  3     112         1.200
  4     110         1.140
  5     109         1.060
  6     106         0.980
  7     104         0.900
  8     102         0.820
  9     100         0.740
  10    98          0.660

Detector: BL_W100_T1.4_D15
Best Detection: 117 mmHg (confidence: 1.200)
Top 10 readings:
  Rank  Pressure    Confidence  
  ------------------------------
  1     117         1.200
  2     115         1.200
  3     112         1.200
  4     110         1.140
  5     109         1.060
  6     106         0.980
  7     104         0.900
  8     102         0.820
  9     100         0.740
  10    98          0.660

Detector: BL_W100_T1.4_D20
Best Detection: 117 mmHg (confidence: 1.200)
Top 10 readings:
  Rank  Pressure    Confidence  
  ------------------------------
  1     117         1.200
  2     115         1.200
  3     112         1.200
  4     110         1.140
  5     109         1.060
  6     106         0.980
  7     104         0.900
  8     102         0.820
  9     100         0.740
  10    98          0.660

Detector: BL_W100_T1.4_D25
Best Detection: 117 mmHg (confidence: 1.200)
Top 10 readings:
  Rank  Pressure    Confidence  
  ------------------------------
  1     117         1.200
  2     115         1.200
  3     112         1.200
  4     110         1.140
  5     109         1.060
  6     106         0.980
  7     104         0.900
  8     102         0.820
  9     100         0.740
  10    98          0.660

Detector: BL_W100_T1.4_D30
Best Detection: 117 mmHg (confidence: 1.200)
Top 10 readings:
  Rank  Pressure    Confidence  
  ------------------------------
  1     117         1.200
  2     115         1.200
  3     112         1.200
  4     110         1.140
  5     109         1.060
  6     106         0.980
  7     104         0.900
  8     102         0.820
  9     100         0.740
  10    98          0.660

Detector: BL_W100_T1.4_D40
Best Detection: 117 mmHg (confidence: 1.200)
Top 10 readings:
  Rank  Pressure    Confidence  
  ------------------------------
  1     117         1.200
  2     115         1.200
  3     112         1.200
  4     110         1.140
  5     109         1.060
  6     106         0.980
  7     104         0.900
  8     102         0.820
  9     100         0.740
  10    98          0.660

Detector: BL_W100_T1.6_D2
Best Detection: 110 mmHg (confidence: 0.980)
Top 10 readings:
  Rank  Pressure    Confidence  
  ------------------------------
  1     110         0.980
  2     108         0.900
  3     106         0.820
  4     104         0.740
  5     102         0.660
  6     100         0.580
  7     98          0.500
  8     96          0.420
  9     93          0.340
  10    91          0.260

Detector: BL_W100_T1.6_D4
Best Detection: 110 mmHg (confidence: 0.980)
Top 10 readings:
  Rank  Pressure    Confidence  
  ------------------------------
  1     110         0.980
  2     108         0.900
  3     106         0.820
  4     104         0.740
  5     102         0.660
  6     100         0.580
  7     98          0.500
  8     96          0.420
  9     93          0.340
  10    91          0.260

Detector: BL_W100_T1.6_D6
Best Detection: 110 mmHg (confidence: 0.980)
Top 10 readings:
  Rank  Pressure    Confidence  
  ------------------------------
  1     110         0.980
  2     108         0.900
  3     106         0.820
  4     104         0.740
  5     102         0.660
  6     100         0.580
  7     98          0.500
  8     96          0.420
  9     93          0.340
  10    91          0.260

Detector: BL_W100_T1.6_D8
Best Detection: 110 mmHg (confidence: 0.980)
Top 10 readings:
  Rank  Pressure    Confidence  
  ------------------------------
  1     110         0.980
  2     108         0.900
  3     106         0.820
  4     104         0.740
  5     102         0.660
  6     100         0.580
  7     98          0.500
  8     96          0.420
  9     93          0.340
  10    91          0.260

Detector: BL_W100_T1.6_D10
Best Detection: 110 mmHg (confidence: 0.980)
Top 10 readings:
  Rank  Pressure    Confidence  
  ------------------------------
  1     110         0.980
  2     108         0.900
  3     106         0.820
  4     104         0.740
  5     102         0.660
  6     100         0.580
  7     98          0.500
  8     96          0.420
  9     93          0.340
  10    91          0.260

Detector: BL_W100_T1.6_D15
Best Detection: 110 mmHg (confidence: 0.980)
Top 10 readings:
  Rank  Pressure    Confidence  
  ------------------------------
  1     110         0.980
  2     108         0.900
  3     106         0.820
  4     104         0.740
  5     102         0.660
  6     100         0.580
  7     98          0.500
  8     96          0.420
  9     93          0.340
  10    91          0.260

Detector: BL_W100_T1.6_D20
Best Detection: 110 mmHg (confidence: 0.980)
Top 10 readings:
  Rank  Pressure    Confidence  
  ------------------------------
  1     110         0.980
  2     108         0.900
  3     106         0.820
  4     104         0.740
  5     102         0.660
  6     100         0.580
  7     98          0.500
  8     96          0.420
  9     93          0.340
  10    91          0.260

Detector: BL_W100_T1.6_D25
Best Detection: 110 mmHg (confidence: 0.980)
Top 10 readings:
  Rank  Pressure    Confidence  
  ------------------------------
  1     110         0.980
  2     108         0.900
  3     106         0.820
  4     104         0.740
  5     102         0.660
  6     100         0.580
  7     98          0.500
  8     96          0.420
  9     93          0.340
  10    91          0.260

Detector: BL_W100_T1.6_D30
Best Detection: 110 mmHg (confidence: 0.980)
Top 10 readings:
  Rank  Pressure    Confidence  
  ------------------------------
  1     110         0.980
  2     108         0.900
  3     106         0.820
  4     104         0.740
  5     102         0.660
  6     100         0.580
  7     98          0.500
  8     96          0.420
  9     93          0.340
  10    91          0.260

Detector: BL_W100_T1.6_D40
Best Detection: 110 mmHg (confidence: 0.980)
Top 10 readings:
  Rank  Pressure    Confidence  
  ------------------------------
  1     110         0.980
  2     108         0.900
  3     106         0.820
  4     104         0.740
  5     102         0.660
  6     100         0.580
  7     98          0.500
  8     96          0.420
  9     93          0.340
  10    91          0.260

Detector: BL_W100_T1.8_D2
Best Detection: 110 mmHg (confidence: 0.500)
Top 10 readings:
  Rank  Pressure    Confidence  
  ------------------------------
  1     110         0.500
  2     108         0.420
  3     106         0.340
  4     104         0.260
  5     117         0.126
  6     102         0.126
  7     96          0.126
  8     93          0.050
  9     114         0.010
  10    100         0.010

Detector: BL_W100_T1.8_D4
Best Detection: 110 mmHg (confidence: 0.500)
Top 10 readings:
  Rank  Pressure    Confidence  
  ------------------------------
  1     110         0.500
  2     108         0.420
  3     106         0.340
  4     104         0.260
  5     117         0.126
  6     102         0.126
  7     96          0.126
  8     93          0.050
  9     114         0.010
  10    100         0.010

Detector: BL_W100_T1.8_D6
Best Detection: 110 mmHg (confidence: 0.500)
Top 10 readings:
  Rank  Pressure    Confidence  
  ------------------------------
  1     110         0.500
  2     108         0.420
  3     106         0.340
  4     104         0.260
  5     117         0.126
  6     102         0.126
  7     96          0.126
  8     93          0.050
  9     114         0.010
  10    100         0.010

Detector: BL_W100_T1.8_D8
Best Detection: 110 mmHg (confidence: 0.500)
Top 10 readings:
  Rank  Pressure    Confidence  
  ------------------------------
  1     110         0.500
  2     108         0.420
  3     106         0.340
  4     104         0.260
  5     117         0.126
  6     102         0.126
  7     96          0.126
  8     93          0.050
  9     114         0.010
  10    100         0.010

Detector: BL_W100_T1.8_D10
Best Detection: 110 mmHg (confidence: 0.500)
Top 10 readings:
  Rank  Pressure    Confidence  
  ------------------------------
  1     110         0.500
  2     108         0.420
  3     106         0.340
  4     104         0.260
  5     117         0.126
  6     102         0.126
  7     96          0.126
  8     93          0.050
  9     114         0.010
  10    100         0.010

Detector: BL_W100_T1.8_D15
Best Detection: 110 mmHg (confidence: 0.500)
Top 10 readings:
  Rank  Pressure    Confidence  
  ------------------------------
  1     110         0.500
  2     108         0.420
  3     106         0.340
  4     104         0.260
  5     117         0.126
  6     102         0.126
  7     96          0.126
  8     93          0.050
  9     114         0.010
  10    100         0.010

Detector: BL_W100_T1.8_D20
Best Detection: 110 mmHg (confidence: 0.500)
Top 10 readings:
  Rank  Pressure    Confidence  
  ------------------------------
  1     110         0.500
  2     108         0.420
  3     106         0.340
  4     104         0.260
  5     117         0.126
  6     102         0.126
  7     96          0.126
  8     93          0.050
  9     114         0.010
  10    100         0.010

Detector: BL_W100_T1.8_D25
Best Detection: 110 mmHg (confidence: 0.500)
Top 10 readings:
  Rank  Pressure    Confidence  
  ------------------------------
  1     110         0.500
  2     108         0.420
  3     106         0.340
  4     104         0.260
  5     117         0.126
  6     102         0.126
  7     96          0.126
  8     93          0.050
  9     114         0.010
  10    100         0.010

Detector: BL_W100_T1.8_D30
Best Detection: 110 mmHg (confidence: 0.500)
Top 10 readings:
  Rank  Pressure    Confidence  
  ------------------------------
  1     110         0.500
  2     108         0.420
  3     106         0.340
  4     104         0.260
  5     117         0.126
  6     102         0.126
  7     96          0.126
  8     93          0.050
  9     114         0.010
  10    100         0.010

Detector: BL_W100_T1.8_D40
Best Detection: 110 mmHg (confidence: 0.500)
Top 10 readings:
  Rank  Pressure    Confidence  
  ------------------------------
  1     110         0.500
  2     108         0.420
  3     106         0.340
  4     104         0.260
  5     117         0.126
  6     102         0.126
  7     96          0.126
  8     93          0.050
  9     114         0.010
  10    100         0.010

Detector: BL_W100_T2.0_D2
Best Detection: 108 mmHg (confidence: 0.126)
Top 10 readings:
  Rank  Pressure    Confidence  
  ------------------------------
  1     108         0.126
  2     100         0.050
  3     117         0.010
  4     106         0.010

Detector: BL_W100_T2.0_D4
Best Detection: 108 mmHg (confidence: 0.126)
Top 10 readings:
  Rank  Pressure    Confidence  
  ------------------------------
  1     108         0.126
  2     100         0.050
  3     117         0.010
  4     106         0.010

Detector: BL_W100_T2.0_D6
Best Detection: 108 mmHg (confidence: 0.126)
Top 10 readings:
  Rank  Pressure    Confidence  
  ------------------------------
  1     108         0.126
  2     100         0.050
  3     117         0.010
  4     106         0.010

Detector: BL_W100_T2.0_D8
Best Detection: 108 mmHg (confidence: 0.126)
Top 10 readings:
  Rank  Pressure    Confidence  
  ------------------------------
  1     108         0.126
  2     100         0.050
  3     117         0.010
  4     106         0.010

Detector: BL_W100_T2.0_D10
Best Detection: 108 mmHg (confidence: 0.126)
Top 10 readings:
  Rank  Pressure    Confidence  
  ------------------------------
  1     108         0.126
  2     100         0.050
  3     117         0.010
  4     106         0.010

Detector: BL_W100_T2.0_D15
Best Detection: 108 mmHg (confidence: 0.126)
Top 10 readings:
  Rank  Pressure    Confidence  
  ------------------------------
  1     108         0.126
  2     100         0.050
  3     117         0.010
  4     106         0.010

Detector: BL_W100_T2.0_D20
Best Detection: 108 mmHg (confidence: 0.126)
Top 10 readings:
  Rank  Pressure    Confidence  
  ------------------------------
  1     108         0.126
  2     100         0.050
  3     117         0.010
  4     106         0.010

Detector: BL_W100_T2.0_D25
Best Detection: 108 mmHg (confidence: 0.126)
Top 10 readings:
  Rank  Pressure    Confidence  
  ------------------------------
  1     108         0.126
  2     100         0.050
  3     117         0.010
  4     106         0.010

Detector: BL_W100_T2.0_D30
Best Detection: 108 mmHg (confidence: 0.126)
Top 10 readings:
  Rank  Pressure    Confidence  
  ------------------------------
  1     108         0.126
  2     100         0.050
  3     117         0.010
  4     106         0.010

Detector: BL_W100_T2.0_D40
Best Detection: 108 mmHg (confidence: 0.126)
Top 10 readings:
  Rank  Pressure    Confidence  
  ------------------------------
  1     108         0.126
  2     100         0.050
  3     117         0.010
  4     106         0.010

Detector: BL_W100_T2.2_D2
Best Detection: 108 mmHg (confidence: 0.126)
Top 10 readings:
  Rank  Pressure    Confidence  
  ------------------------------
  1     108         0.126
  2     106         0.050
  3     117         0.010

Detector: BL_W100_T2.2_D4
Best Detection: 108 mmHg (confidence: 0.126)
Top 10 readings:
  Rank  Pressure    Confidence  
  ------------------------------
  1     108         0.126
  2     106         0.050
  3     117         0.010

Detector: BL_W100_T2.2_D6
Best Detection: 108 mmHg (confidence: 0.126)
Top 10 readings:
  Rank  Pressure    Confidence  
  ------------------------------
  1     108         0.126
  2     106         0.050
  3     117         0.010

Detector: BL_W100_T2.2_D8
Best Detection: 108 mmHg (confidence: 0.126)
Top 10 readings:
  Rank  Pressure    Confidence  
  ------------------------------
  1     108         0.126
  2     106         0.050
  3     117         0.010

Detector: BL_W100_T2.2_D10
Best Detection: 108 mmHg (confidence: 0.126)
Top 10 readings:
  Rank  Pressure    Confidence  
  ------------------------------
  1     108         0.126
  2     106         0.050
  3     117         0.010

Detector: BL_W100_T2.2_D15
Best Detection: 108 mmHg (confidence: 0.126)
Top 10 readings:
  Rank  Pressure    Confidence  
  ------------------------------
  1     108         0.126
  2     106         0.050
  3     117         0.010

Detector: BL_W100_T2.2_D20
Best Detection: 108 mmHg (confidence: 0.126)
Top 10 readings:
  Rank  Pressure    Confidence  
  ------------------------------
  1     108         0.126
  2     106         0.050
  3     117         0.010

Detector: BL_W100_T2.2_D25
Best Detection: 108 mmHg (confidence: 0.126)
Top 10 readings:
  Rank  Pressure    Confidence  
  ------------------------------
  1     108         0.126
  2     106         0.050
  3     117         0.010

Detector: BL_W100_T2.2_D30
Best Detection: 108 mmHg (confidence: 0.126)
Top 10 readings:
  Rank  Pressure    Confidence  
  ------------------------------
  1     108         0.126
  2     106         0.050
  3     117         0.010

Detector: BL_W100_T2.2_D40
Best Detection: 108 mmHg (confidence: 0.126)
Top 10 readings:
  Rank  Pressure    Confidence  
  ------------------------------
  1     108         0.126
  2     106         0.050
  3     117         0.010

Detector: BL_W100_T2.4_D2
Best Detection: 108 mmHg (confidence: 0.126)
Top 10 readings:
  Rank  Pressure    Confidence  
  ------------------------------
  1     108         0.126
  2     106         0.050
  3     117         0.010

Detector: BL_W100_T2.4_D4
Best Detection: 108 mmHg (confidence: 0.126)
Top 10 readings:
  Rank  Pressure    Confidence  
  ------------------------------
  1     108         0.126
  2     106         0.050
  3     117         0.010

Detector: BL_W100_T2.4_D6
Best Detection: 108 mmHg (confidence: 0.126)
Top 10 readings:
  Rank  Pressure    Confidence  
  ------------------------------
  1     108         0.126
  2     106         0.050
  3     117         0.010

Detector: BL_W100_T2.4_D8
Best Detection: 108 mmHg (confidence: 0.126)
Top 10 readings:
  Rank  Pressure    Confidence  
  ------------------------------
  1     108         0.126
  2     106         0.050
  3     117         0.010

Detector: BL_W100_T2.4_D10
Best Detection: 108 mmHg (confidence: 0.126)
Top 10 readings:
  Rank  Pressure    Confidence  
  ------------------------------
  1     108         0.126
  2     106         0.050
  3     117         0.010

Detector: BL_W100_T2.4_D15
Best Detection: 108 mmHg (confidence: 0.126)
Top 10 readings:
  Rank  Pressure    Confidence  
  ------------------------------
  1     108         0.126
  2     106         0.050
  3     117         0.010

Detector: BL_W100_T2.4_D20
Best Detection: 108 mmHg (confidence: 0.126)
Top 10 readings:
  Rank  Pressure    Confidence  
  ------------------------------
  1     108         0.126
  2     106         0.050
  3     117         0.010

Detector: BL_W100_T2.4_D25
Best Detection: 108 mmHg (confidence: 0.126)
Top 10 readings:
  Rank  Pressure    Confidence  
  ------------------------------
  1     108         0.126
  2     106         0.050
  3     117         0.010

Detector: BL_W100_T2.4_D30
Best Detection: 108 mmHg (confidence: 0.126)
Top 10 readings:
  Rank  Pressure    Confidence  
  ------------------------------
  1     108         0.126
  2     106         0.050
  3     117         0.010

Detector: BL_W100_T2.4_D40
Best Detection: 108 mmHg (confidence: 0.126)
Top 10 readings:
  Rank  Pressure    Confidence  
  ------------------------------
  1     108         0.126
  2     106         0.050
  3     117         0.010

Detector: BL_W100_T2.6_D2
Best Detection: 108 mmHg (confidence: 0.050)
Top 10 readings:
  Rank  Pressure    Confidence  
  ------------------------------
  1     108         0.050
  2     117         0.010

Detector: BL_W100_T2.6_D4
Best Detection: 108 mmHg (confidence: 0.050)
Top 10 readings:
  Rank  Pressure    Confidence  
  ------------------------------
  1     108         0.050
  2     117         0.010

Detector: BL_W100_T2.6_D6
Best Detection: 108 mmHg (confidence: 0.050)
Top 10 readings:
  Rank  Pressure    Confidence  
  ------------------------------
  1     108         0.050
  2     117         0.010

Detector: BL_W100_T2.6_D8
Best Detection: 108 mmHg (confidence: 0.050)
Top 10 readings:
  Rank  Pressure    Confidence  
  ------------------------------
  1     108         0.050
  2     117         0.010

Detector: BL_W100_T2.6_D10
Best Detection: 108 mmHg (confidence: 0.050)
Top 10 readings:
  Rank  Pressure    Confidence  
  ------------------------------
  1     108         0.050
  2     117         0.010

Detector: BL_W100_T2.6_D15
Best Detection: 108 mmHg (confidence: 0.050)
Top 10 readings:
  Rank  Pressure    Confidence  
  ------------------------------
  1     108         0.050
  2     117         0.010

Detector: BL_W100_T2.6_D20
Best Detection: 108 mmHg (confidence: 0.050)
Top 10 readings:
  Rank  Pressure    Confidence  
  ------------------------------
  1     108         0.050
  2     117         0.010

Detector: BL_W100_T2.6_D25
Best Detection: 108 mmHg (confidence: 0.050)
Top 10 readings:
  Rank  Pressure    Confidence  
  ------------------------------
  1     108         0.050
  2     117         0.010

Detector: BL_W100_T2.6_D30
Best Detection: 108 mmHg (confidence: 0.050)
Top 10 readings:
  Rank  Pressure    Confidence  
  ------------------------------
  1     108         0.050
  2     117         0.010

Detector: BL_W100_T2.6_D40
Best Detection: 108 mmHg (confidence: 0.050)
Top 10 readings:
  Rank  Pressure    Confidence  
  ------------------------------
  1     108         0.050
  2     117         0.010

Detector: BL_W110_T1.0_D2
Best Detection: 115 mmHg (confidence: 1.200)
Top 10 readings:
  Rank  Pressure    Confidence  
  ------------------------------
  1     115         1.200
  2     112         1.200
  3     111         1.140
  4     109         1.060
  5     106         0.980
  6     104         0.900
  7     103         0.820
  8     101         0.740
  9     98          0.660
  10    96          0.580

Detector: BL_W110_T1.0_D4
Best Detection: 115 mmHg (confidence: 1.200)
Top 10 readings:
  Rank  Pressure    Confidence  
  ------------------------------
  1     115         1.200
  2     112         1.200
  3     111         1.140
  4     109         1.060
  5     106         0.980
  6     104         0.900
  7     103         0.820
  8     101         0.740
  9     98          0.660
  10    96          0.580

Detector: BL_W110_T1.0_D6
Best Detection: 115 mmHg (confidence: 1.200)
Top 10 readings:
  Rank  Pressure    Confidence  
  ------------------------------
  1     115         1.200
  2     112         1.200
  3     111         1.140
  4     109         1.060
  5     106         0.980
  6     104         0.900
  7     103         0.820
  8     101         0.740
  9     98          0.660
  10    96          0.580

Detector: BL_W110_T1.0_D8
Best Detection: 115 mmHg (confidence: 1.200)
Top 10 readings:
  Rank  Pressure    Confidence  
  ------------------------------
  1     115         1.200
  2     112         1.200
  3     111         1.140
  4     109         1.060
  5     106         0.980
  6     104         0.900
  7     103         0.820
  8     101         0.740
  9     98          0.660
  10    96          0.580

Detector: BL_W110_T1.0_D10
Best Detection: 115 mmHg (confidence: 1.200)
Top 10 readings:
  Rank  Pressure    Confidence  
  ------------------------------
  1     115         1.200
  2     112         1.200
  3     111         1.140
  4     109         1.060
  5     106         0.980
  6     104         0.900
  7     103         0.820
  8     101         0.740
  9     98          0.660
  10    96          0.580

Detector: BL_W110_T1.0_D15
Best Detection: 115 mmHg (confidence: 1.200)
Top 10 readings:
  Rank  Pressure    Confidence  
  ------------------------------
  1     115         1.200
  2     112         1.200
  3     111         1.140
  4     109         1.060
  5     106         0.980
  6     104         0.900
  7     103         0.820
  8     101         0.740
  9     98          0.660
  10    96          0.580

Detector: BL_W110_T1.0_D20
Best Detection: 115 mmHg (confidence: 1.200)
Top 10 readings:
  Rank  Pressure    Confidence  
  ------------------------------
  1     115         1.200
  2     112         1.200
  3     111         1.140
  4     109         1.060
  5     106         0.980
  6     104         0.900
  7     103         0.820
  8     101         0.740
  9     98          0.660
  10    96          0.580

Detector: BL_W110_T1.0_D25
Best Detection: 115 mmHg (confidence: 1.200)
Top 10 readings:
  Rank  Pressure    Confidence  
  ------------------------------
  1     115         1.200
  2     112         1.200
  3     111         1.140
  4     109         1.060
  5     106         0.980
  6     104         0.900
  7     103         0.820
  8     101         0.740
  9     98          0.660
  10    96          0.580

Detector: BL_W110_T1.0_D30
Best Detection: 115 mmHg (confidence: 1.200)
Top 10 readings:
  Rank  Pressure    Confidence  
  ------------------------------
  1     115         1.200
  2     112         1.200
  3     111         1.140
  4     109         1.060
  5     106         0.980
  6     104         0.900
  7     103         0.820
  8     101         0.740
  9     98          0.660
  10    96          0.580

Detector: BL_W110_T1.0_D40
Best Detection: 115 mmHg (confidence: 1.200)
Top 10 readings:
  Rank  Pressure    Confidence  
  ------------------------------
  1     115         1.200
  2     112         1.200
  3     111         1.140
  4     109         1.060
  5     106         0.980
  6     104         0.900
  7     103         0.820
  8     101         0.740
  9     98          0.660
  10    96          0.580

Detector: BL_W110_T1.2_D2
Best Detection: 115 mmHg (confidence: 1.200)
Top 10 readings:
  Rank  Pressure    Confidence  
  ------------------------------
  1     115         1.200
  2     112         1.200
  3     111         1.140
  4     109         1.060
  5     106         0.980
  6     104         0.900
  7     103         0.820
  8     101         0.740
  9     98          0.660
  10    96          0.580

Detector: BL_W110_T1.2_D4
Best Detection: 115 mmHg (confidence: 1.200)
Top 10 readings:
  Rank  Pressure    Confidence  
  ------------------------------
  1     115         1.200
  2     112         1.200
  3     111         1.140
  4     109         1.060
  5     106         0.980
  6     104         0.900
  7     103         0.820
  8     101         0.740
  9     98          0.660
  10    96          0.580

Detector: BL_W110_T1.2_D6
Best Detection: 115 mmHg (confidence: 1.200)
Top 10 readings:
  Rank  Pressure    Confidence  
  ------------------------------
  1     115         1.200
  2     112         1.200
  3     111         1.140
  4     109         1.060
  5     106         0.980
  6     104         0.900
  7     103         0.820
  8     101         0.740
  9     98          0.660
  10    96          0.580

Detector: BL_W110_T1.2_D8
Best Detection: 115 mmHg (confidence: 1.200)
Top 10 readings:
  Rank  Pressure    Confidence  
  ------------------------------
  1     115         1.200
  2     112         1.200
  3     111         1.140
  4     109         1.060
  5     106         0.980
  6     104         0.900
  7     103         0.820
  8     101         0.740
  9     98          0.660
  10    96          0.580

Detector: BL_W110_T1.2_D10
Best Detection: 115 mmHg (confidence: 1.200)
Top 10 readings:
  Rank  Pressure    Confidence  
  ------------------------------
  1     115         1.200
  2     112         1.200
  3     111         1.140
  4     109         1.060
  5     106         0.980
  6     104         0.900
  7     103         0.820
  8     101         0.740
  9     98          0.660
  10    96          0.580

Detector: BL_W110_T1.2_D15
Best Detection: 115 mmHg (confidence: 1.200)
Top 10 readings:
  Rank  Pressure    Confidence  
  ------------------------------
  1     115         1.200
  2     112         1.200
  3     111         1.140
  4     109         1.060
  5     106         0.980
  6     104         0.900
  7     103         0.820
  8     101         0.740
  9     98          0.660
  10    96          0.580

Detector: BL_W110_T1.2_D20
Best Detection: 115 mmHg (confidence: 1.200)
Top 10 readings:
  Rank  Pressure    Confidence  
  ------------------------------
  1     115         1.200
  2     112         1.200
  3     111         1.140
  4     109         1.060
  5     106         0.980
  6     104         0.900
  7     103         0.820
  8     101         0.740
  9     98          0.660
  10    96          0.580

Detector: BL_W110_T1.2_D25
Best Detection: 115 mmHg (confidence: 1.200)
Top 10 readings:
  Rank  Pressure    Confidence  
  ------------------------------
  1     115         1.200
  2     112         1.200
  3     111         1.140
  4     109         1.060
  5     106         0.980
  6     104         0.900
  7     103         0.820
  8     101         0.740
  9     98          0.660
  10    96          0.580

Detector: BL_W110_T1.2_D30
Best Detection: 115 mmHg (confidence: 1.200)
Top 10 readings:
  Rank  Pressure    Confidence  
  ------------------------------
  1     115         1.200
  2     112         1.200
  3     111         1.140
  4     109         1.060
  5     106         0.980
  6     104         0.900
  7     103         0.820
  8     101         0.740
  9     98          0.660
  10    96          0.580

Detector: BL_W110_T1.2_D40
Best Detection: 115 mmHg (confidence: 1.200)
Top 10 readings:
  Rank  Pressure    Confidence  
  ------------------------------
  1     115         1.200
  2     112         1.200
  3     111         1.140
  4     109         1.060
  5     106         0.980
  6     104         0.900
  7     103         0.820
  8     101         0.740
  9     98          0.660
  10    96          0.580

Detector: BL_W110_T1.4_D2
Best Detection: 115 mmHg (confidence: 1.200)
Top 10 readings:
  Rank  Pressure    Confidence  
  ------------------------------
  1     115         1.200
  2     112         1.200
  3     111         1.140
  4     109         1.060
  5     106         0.980
  6     104         0.900
  7     103         0.820
  8     100         0.740
  9     98          0.660
  10    96          0.580

Detector: BL_W110_T1.4_D4
Best Detection: 115 mmHg (confidence: 1.200)
Top 10 readings:
  Rank  Pressure    Confidence  
  ------------------------------
  1     115         1.200
  2     112         1.200
  3     111         1.140
  4     109         1.060
  5     106         0.980
  6     104         0.900
  7     103         0.820
  8     100         0.740
  9     98          0.660
  10    96          0.580

Detector: BL_W110_T1.4_D6
Best Detection: 115 mmHg (confidence: 1.200)
Top 10 readings:
  Rank  Pressure    Confidence  
  ------------------------------
  1     115         1.200
  2     112         1.200
  3     111         1.140
  4     109         1.060
  5     106         0.980
  6     104         0.900
  7     103         0.820
  8     100         0.740
  9     98          0.660
  10    96          0.580

Detector: BL_W110_T1.4_D8
Best Detection: 115 mmHg (confidence: 1.200)
Top 10 readings:
  Rank  Pressure    Confidence  
  ------------------------------
  1     115         1.200
  2     112         1.200
  3     111         1.140
  4     109         1.060
  5     106         0.980
  6     104         0.900
  7     103         0.820
  8     100         0.740
  9     98          0.660
  10    96          0.580

Detector: BL_W110_T1.4_D10
Best Detection: 115 mmHg (confidence: 1.200)
Top 10 readings:
  Rank  Pressure    Confidence  
  ------------------------------
  1     115         1.200
  2     112         1.200
  3     111         1.140
  4     109         1.060
  5     106         0.980
  6     104         0.900
  7     103         0.820
  8     100         0.740
  9     98          0.660
  10    96          0.580

Detector: BL_W110_T1.4_D15
Best Detection: 115 mmHg (confidence: 1.200)
Top 10 readings:
  Rank  Pressure    Confidence  
  ------------------------------
  1     115         1.200
  2     112         1.200
  3     111         1.140
  4     109         1.060
  5     106         0.980
  6     104         0.900
  7     103         0.820
  8     100         0.740
  9     98          0.660
  10    96          0.580

Detector: BL_W110_T1.4_D20
Best Detection: 115 mmHg (confidence: 1.200)
Top 10 readings:
  Rank  Pressure    Confidence  
  ------------------------------
  1     115         1.200
  2     112         1.200
  3     111         1.140
  4     109         1.060
  5     106         0.980
  6     104         0.900
  7     103         0.820
  8     100         0.740
  9     98          0.660
  10    96          0.580

Detector: BL_W110_T1.4_D25
Best Detection: 115 mmHg (confidence: 1.200)
Top 10 readings:
  Rank  Pressure    Confidence  
  ------------------------------
  1     115         1.200
  2     112         1.200
  3     111         1.140
  4     109         1.060
  5     106         0.980
  6     104         0.900
  7     103         0.820
  8     100         0.740
  9     98          0.660
  10    96          0.580

Detector: BL_W110_T1.4_D30
Best Detection: 115 mmHg (confidence: 1.200)
Top 10 readings:
  Rank  Pressure    Confidence  
  ------------------------------
  1     115         1.200
  2     112         1.200
  3     111         1.140
  4     109         1.060
  5     106         0.980
  6     104         0.900
  7     103         0.820
  8     100         0.740
  9     98          0.660
  10    96          0.580

Detector: BL_W110_T1.4_D40
Best Detection: 115 mmHg (confidence: 1.200)
Top 10 readings:
  Rank  Pressure    Confidence  
  ------------------------------
  1     115         1.200
  2     112         1.200
  3     111         1.140
  4     109         1.060
  5     106         0.980
  6     104         0.900
  7     103         0.820
  8     100         0.740
  9     98          0.660
  10    96          0.580

Detector: BL_W110_T1.6_D2
Best Detection: 110 mmHg (confidence: 0.900)
Top 10 readings:
  Rank  Pressure    Confidence  
  ------------------------------
  1     110         0.900
  2     108         0.820
  3     106         0.740
  4     104         0.660
  5     102         0.580
  6     100         0.500
  7     98          0.420
  8     96          0.340
  9     93          0.260
  10    91          0.126

Detector: BL_W110_T1.6_D4
Best Detection: 110 mmHg (confidence: 0.900)
Top 10 readings:
  Rank  Pressure    Confidence  
  ------------------------------
  1     110         0.900
  2     108         0.820
  3     106         0.740
  4     104         0.660
  5     102         0.580
  6     100         0.500
  7     98          0.420
  8     96          0.340
  9     93          0.260
  10    91          0.126

Detector: BL_W110_T1.6_D6
Best Detection: 110 mmHg (confidence: 0.900)
Top 10 readings:
  Rank  Pressure    Confidence  
  ------------------------------
  1     110         0.900
  2     108         0.820
  3     106         0.740
  4     104         0.660
  5     102         0.580
  6     100         0.500
  7     98          0.420
  8     96          0.340
  9     93          0.260
  10    91          0.126

Detector: BL_W110_T1.6_D8
Best Detection: 110 mmHg (confidence: 0.900)
Top 10 readings:
  Rank  Pressure    Confidence  
  ------------------------------
  1     110         0.900
  2     108         0.820
  3     106         0.740
  4     104         0.660
  5     102         0.580
  6     100         0.500
  7     98          0.420
  8     96          0.340
  9     93          0.260
  10    91          0.126

Detector: BL_W110_T1.6_D10
Best Detection: 110 mmHg (confidence: 0.900)
Top 10 readings:
  Rank  Pressure    Confidence  
  ------------------------------
  1     110         0.900
  2     108         0.820
  3     106         0.740
  4     104         0.660
  5     102         0.580
  6     100         0.500
  7     98          0.420
  8     96          0.340
  9     93          0.260
  10    91          0.126

Detector: BL_W110_T1.6_D15
Best Detection: 110 mmHg (confidence: 0.900)
Top 10 readings:
  Rank  Pressure    Confidence  
  ------------------------------
  1     110         0.900
  2     108         0.820
  3     106         0.740
  4     104         0.660
  5     102         0.580
  6     100         0.500
  7     98          0.420
  8     96          0.340
  9     93          0.260
  10    91          0.126

Detector: BL_W110_T1.6_D20
Best Detection: 110 mmHg (confidence: 0.900)
Top 10 readings:
  Rank  Pressure    Confidence  
  ------------------------------
  1     110         0.900
  2     108         0.820
  3     106         0.740
  4     104         0.660
  5     102         0.580
  6     100         0.500
  7     98          0.420
  8     96          0.340
  9     93          0.260
  10    91          0.126

Detector: BL_W110_T1.6_D25
Best Detection: 110 mmHg (confidence: 0.900)
Top 10 readings:
  Rank  Pressure    Confidence  
  ------------------------------
  1     110         0.900
  2     108         0.820
  3     106         0.740
  4     104         0.660
  5     102         0.580
  6     100         0.500
  7     98          0.420
  8     96          0.340
  9     93          0.260
  10    91          0.126

Detector: BL_W110_T1.6_D30
Best Detection: 110 mmHg (confidence: 0.900)
Top 10 readings:
  Rank  Pressure    Confidence  
  ------------------------------
  1     110         0.900
  2     108         0.820
  3     106         0.740
  4     104         0.660
  5     102         0.580
  6     100         0.500
  7     98          0.420
  8     96          0.340
  9     93          0.260
  10    91          0.126

Detector: BL_W110_T1.6_D40
Best Detection: 110 mmHg (confidence: 0.900)
Top 10 readings:
  Rank  Pressure    Confidence  
  ------------------------------
  1     110         0.900
  2     108         0.820
  3     106         0.740
  4     104         0.660
  5     102         0.580
  6     100         0.500
  7     98          0.420
  8     96          0.340
  9     93          0.260
  10    91          0.126

Detector: BL_W110_T1.8_D2
Best Detection: 110 mmHg (confidence: 0.740)
Top 10 readings:
  Rank  Pressure    Confidence  
  ------------------------------
  1     110         0.740
  2     108         0.660
  3     106         0.580
  4     104         0.500
  5     102         0.420
  6     100         0.340
  7     98          0.260
  8     96          0.126
  9     93          0.050
  10    114         0.010

Detector: BL_W110_T1.8_D4
Best Detection: 110 mmHg (confidence: 0.740)
Top 10 readings:
  Rank  Pressure    Confidence  
  ------------------------------
  1     110         0.740
  2     108         0.660
  3     106         0.580
  4     104         0.500
  5     102         0.420
  6     100         0.340
  7     98          0.260
  8     96          0.126
  9     93          0.050
  10    114         0.010

Detector: BL_W110_T1.8_D6
Best Detection: 110 mmHg (confidence: 0.740)
Top 10 readings:
  Rank  Pressure    Confidence  
  ------------------------------
  1     110         0.740
  2     108         0.660
  3     106         0.580
  4     104         0.500
  5     102         0.420
  6     100         0.340
  7     98          0.260
  8     96          0.126
  9     93          0.050
  10    114         0.010

Detector: BL_W110_T1.8_D8
Best Detection: 110 mmHg (confidence: 0.740)
Top 10 readings:
  Rank  Pressure    Confidence  
  ------------------------------
  1     110         0.740
  2     108         0.660
  3     106         0.580
  4     104         0.500
  5     102         0.420
  6     100         0.340
  7     98          0.260
  8     96          0.126
  9     93          0.050
  10    114         0.010

Detector: BL_W110_T1.8_D10
Best Detection: 110 mmHg (confidence: 0.740)
Top 10 readings:
  Rank  Pressure    Confidence  
  ------------------------------
  1     110         0.740
  2     108         0.660
  3     106         0.580
  4     104         0.500
  5     102         0.420
  6     100         0.340
  7     98          0.260
  8     96          0.126
  9     93          0.050
  10    114         0.010

Detector: BL_W110_T1.8_D15
Best Detection: 110 mmHg (confidence: 0.740)
Top 10 readings:
  Rank  Pressure    Confidence  
  ------------------------------
  1     110         0.740
  2     108         0.660
  3     106         0.580
  4     104         0.500
  5     102         0.420
  6     100         0.340
  7     98          0.260
  8     96          0.126
  9     93          0.050
  10    114         0.010

Detector: BL_W110_T1.8_D20
Best Detection: 110 mmHg (confidence: 0.740)
Top 10 readings:
  Rank  Pressure    Confidence  
  ------------------------------
  1     110         0.740
  2     108         0.660
  3     106         0.580
  4     104         0.500
  5     102         0.420
  6     100         0.340
  7     98          0.260
  8     96          0.126
  9     93          0.050
  10    114         0.010

Detector: BL_W110_T1.8_D25
Best Detection: 110 mmHg (confidence: 0.740)
Top 10 readings:
  Rank  Pressure    Confidence  
  ------------------------------
  1     110         0.740
  2     108         0.660
  3     106         0.580
  4     104         0.500
  5     102         0.420
  6     100         0.340
  7     98          0.260
  8     96          0.126
  9     93          0.050
  10    114         0.010

Detector: BL_W110_T1.8_D30
Best Detection: 110 mmHg (confidence: 0.740)
Top 10 readings:
  Rank  Pressure    Confidence  
  ------------------------------
  1     110         0.740
  2     108         0.660
  3     106         0.580
  4     104         0.500
  5     102         0.420
  6     100         0.340
  7     98          0.260
  8     96          0.126
  9     93          0.050
  10    114         0.010

Detector: BL_W110_T1.8_D40
Best Detection: 110 mmHg (confidence: 0.740)
Top 10 readings:
  Rank  Pressure    Confidence  
  ------------------------------
  1     110         0.740
  2     108         0.660
  3     106         0.580
  4     104         0.500
  5     102         0.420
  6     100         0.340
  7     98          0.260
  8     96          0.126
  9     93          0.050
  10    114         0.010

Detector: BL_W110_T2.0_D2
Best Detection: 108 mmHg (confidence: 0.260)
Top 10 readings:
  Rank  Pressure    Confidence  
  ------------------------------
  1     108         0.260
  2     106         0.126
  3     100         0.050
  4     104         0.010

Detector: BL_W110_T2.0_D4
Best Detection: 108 mmHg (confidence: 0.260)
Top 10 readings:
  Rank  Pressure    Confidence  
  ------------------------------
  1     108         0.260
  2     106         0.126
  3     100         0.050
  4     104         0.010

Detector: BL_W110_T2.0_D6
Best Detection: 108 mmHg (confidence: 0.260)
Top 10 readings:
  Rank  Pressure    Confidence  
  ------------------------------
  1     108         0.260
  2     106         0.126
  3     100         0.050
  4     104         0.010

Detector: BL_W110_T2.0_D8
Best Detection: 108 mmHg (confidence: 0.260)
Top 10 readings:
  Rank  Pressure    Confidence  
  ------------------------------
  1     108         0.260
  2     106         0.126
  3     100         0.050
  4     104         0.010

Detector: BL_W110_T2.0_D10
Best Detection: 108 mmHg (confidence: 0.260)
Top 10 readings:
  Rank  Pressure    Confidence  
  ------------------------------
  1     108         0.260
  2     106         0.126
  3     100         0.050
  4     104         0.010

Detector: BL_W110_T2.0_D15
Best Detection: 108 mmHg (confidence: 0.260)
Top 10 readings:
  Rank  Pressure    Confidence  
  ------------------------------
  1     108         0.260
  2     106         0.126
  3     100         0.050
  4     104         0.010

Detector: BL_W110_T2.0_D20
Best Detection: 108 mmHg (confidence: 0.260)
Top 10 readings:
  Rank  Pressure    Confidence  
  ------------------------------
  1     108         0.260
  2     106         0.126
  3     100         0.050
  4     104         0.010

Detector: BL_W110_T2.0_D25
Best Detection: 108 mmHg (confidence: 0.260)
Top 10 readings:
  Rank  Pressure    Confidence  
  ------------------------------
  1     108         0.260
  2     106         0.126
  3     100         0.050
  4     104         0.010

Detector: BL_W110_T2.0_D30
Best Detection: 108 mmHg (confidence: 0.260)
Top 10 readings:
  Rank  Pressure    Confidence  
  ------------------------------
  1     108         0.260
  2     106         0.126
  3     100         0.050
  4     104         0.010

Detector: BL_W110_T2.0_D40
Best Detection: 108 mmHg (confidence: 0.260)
Top 10 readings:
  Rank  Pressure    Confidence  
  ------------------------------
  1     108         0.260
  2     106         0.126
  3     100         0.050
  4     104         0.010

Detector: BL_W110_T2.2_D2
Best Detection: 108 mmHg (confidence: 0.126)
Top 10 readings:
  Rank  Pressure    Confidence  
  ------------------------------
  1     108         0.126
  2     106         0.050

Detector: BL_W110_T2.2_D4
Best Detection: 108 mmHg (confidence: 0.126)
Top 10 readings:
  Rank  Pressure    Confidence  
  ------------------------------
  1     108         0.126
  2     106         0.050

Detector: BL_W110_T2.2_D6
Best Detection: 108 mmHg (confidence: 0.126)
Top 10 readings:
  Rank  Pressure    Confidence  
  ------------------------------
  1     108         0.126
  2     106         0.050

Detector: BL_W110_T2.2_D8
Best Detection: 108 mmHg (confidence: 0.126)
Top 10 readings:
  Rank  Pressure    Confidence  
  ------------------------------
  1     108         0.126
  2     106         0.050

Detector: BL_W110_T2.2_D10
Best Detection: 108 mmHg (confidence: 0.126)
Top 10 readings:
  Rank  Pressure    Confidence  
  ------------------------------
  1     108         0.126
  2     106         0.050

Detector: BL_W110_T2.2_D15
Best Detection: 108 mmHg (confidence: 0.126)
Top 10 readings:
  Rank  Pressure    Confidence  
  ------------------------------
  1     108         0.126
  2     106         0.050

Detector: BL_W110_T2.2_D20
Best Detection: 108 mmHg (confidence: 0.126)
Top 10 readings:
  Rank  Pressure    Confidence  
  ------------------------------
  1     108         0.126
  2     106         0.050

Detector: BL_W110_T2.2_D25
Best Detection: 108 mmHg (confidence: 0.126)
Top 10 readings:
  Rank  Pressure    Confidence  
  ------------------------------
  1     108         0.126
  2     106         0.050

Detector: BL_W110_T2.2_D30
Best Detection: 108 mmHg (confidence: 0.126)
Top 10 readings:
  Rank  Pressure    Confidence  
  ------------------------------
  1     108         0.126
  2     106         0.050

Detector: BL_W110_T2.2_D40
Best Detection: 108 mmHg (confidence: 0.126)
Top 10 readings:
  Rank  Pressure    Confidence  
  ------------------------------
  1     108         0.126
  2     106         0.050

Detector: BL_W110_T2.4_D2
Best Detection: 108 mmHg (confidence: 0.126)
Top 10 readings:
  Rank  Pressure    Confidence  
  ------------------------------
  1     108         0.126
  2     106         0.050

Detector: BL_W110_T2.4_D4
Best Detection: 108 mmHg (confidence: 0.126)
Top 10 readings:
  Rank  Pressure    Confidence  
  ------------------------------
  1     108         0.126
  2     106         0.050

Detector: BL_W110_T2.4_D6
Best Detection: 108 mmHg (confidence: 0.126)
Top 10 readings:
  Rank  Pressure    Confidence  
  ------------------------------
  1     108         0.126
  2     106         0.050

Detector: BL_W110_T2.4_D8
Best Detection: 108 mmHg (confidence: 0.126)
Top 10 readings:
  Rank  Pressure    Confidence  
  ------------------------------
  1     108         0.126
  2     106         0.050

Detector: BL_W110_T2.4_D10
Best Detection: 108 mmHg (confidence: 0.126)
Top 10 readings:
  Rank  Pressure    Confidence  
  ------------------------------
  1     108         0.126
  2     106         0.050

Detector: BL_W110_T2.4_D15
Best Detection: 108 mmHg (confidence: 0.126)
Top 10 readings:
  Rank  Pressure    Confidence  
  ------------------------------
  1     108         0.126
  2     106         0.050

Detector: BL_W110_T2.4_D20
Best Detection: 108 mmHg (confidence: 0.126)
Top 10 readings:
  Rank  Pressure    Confidence  
  ------------------------------
  1     108         0.126
  2     106         0.050

Detector: BL_W110_T2.4_D25
Best Detection: 108 mmHg (confidence: 0.126)
Top 10 readings:
  Rank  Pressure    Confidence  
  ------------------------------
  1     108         0.126
  2     106         0.050

Detector: BL_W110_T2.4_D30
Best Detection: 108 mmHg (confidence: 0.126)
Top 10 readings:
  Rank  Pressure    Confidence  
  ------------------------------
  1     108         0.126
  2     106         0.050

Detector: BL_W110_T2.4_D40
Best Detection: 108 mmHg (confidence: 0.126)
Top 10 readings:
  Rank  Pressure    Confidence  
  ------------------------------
  1     108         0.126
  2     106         0.050

Detector: BL_W110_T2.6_D2
Best Detection: 108 mmHg (confidence: 0.050)
Top 10 readings:
  Rank  Pressure    Confidence  
  ------------------------------
  1     108         0.050

Detector: BL_W110_T2.6_D4
Best Detection: 108 mmHg (confidence: 0.050)
Top 10 readings:
  Rank  Pressure    Confidence  
  ------------------------------
  1     108         0.050

Detector: BL_W110_T2.6_D6
Best Detection: 108 mmHg (confidence: 0.050)
Top 10 readings:
  Rank  Pressure    Confidence  
  ------------------------------
  1     108         0.050

Detector: BL_W110_T2.6_D8
Best Detection: 108 mmHg (confidence: 0.050)
Top 10 readings:
  Rank  Pressure    Confidence  
  ------------------------------
  1     108         0.050

Detector: BL_W110_T2.6_D10
Best Detection: 108 mmHg (confidence: 0.050)
Top 10 readings:
  Rank  Pressure    Confidence  
  ------------------------------
  1     108         0.050

Detector: BL_W110_T2.6_D15
Best Detection: 108 mmHg (confidence: 0.050)
Top 10 readings:
  Rank  Pressure    Confidence  
  ------------------------------
  1     108         0.050

Detector: BL_W110_T2.6_D20
Best Detection: 108 mmHg (confidence: 0.050)
Top 10 readings:
  Rank  Pressure    Confidence  
  ------------------------------
  1     108         0.050

Detector: BL_W110_T2.6_D25
Best Detection: 108 mmHg (confidence: 0.050)
Top 10 readings:
  Rank  Pressure    Confidence  
  ------------------------------
  1     108         0.050

Detector: BL_W110_T2.6_D30
Best Detection: 108 mmHg (confidence: 0.050)
Top 10 readings:
  Rank  Pressure    Confidence  
  ------------------------------
  1     108         0.050

Detector: BL_W110_T2.6_D40
Best Detection: 108 mmHg (confidence: 0.050)
Top 10 readings:
  Rank  Pressure    Confidence  
  ------------------------------
  1     108         0.050

Detector: BL_W120_T1.0_D2
Best Detection: 112 mmHg (confidence: 1.200)
Top 10 readings:
  Rank  Pressure    Confidence  
  ------------------------------
  1     112         1.200
  2     111         1.140
  3     109         1.060
  4     106         0.980
  5     104         0.900
  6     103         0.820
  7     101         0.740
  8     98          0.660
  9     96          0.580
  10    94          0.500

Detector: BL_W120_T1.0_D4
Best Detection: 112 mmHg (confidence: 1.200)
Top 10 readings:
  Rank  Pressure    Confidence  
  ------------------------------
  1     112         1.200
  2     111         1.140
  3     109         1.060
  4     106         0.980
  5     104         0.900
  6     103         0.820
  7     101         0.740
  8     98          0.660
  9     96          0.580
  10    94          0.500

Detector: BL_W120_T1.0_D6
Best Detection: 112 mmHg (confidence: 1.200)
Top 10 readings:
  Rank  Pressure    Confidence  
  ------------------------------
  1     112         1.200
  2     111         1.140
  3     109         1.060
  4     106         0.980
  5     104         0.900
  6     103         0.820
  7     101         0.740
  8     98          0.660
  9     96          0.580
  10    94          0.500

Detector: BL_W120_T1.0_D8
Best Detection: 112 mmHg (confidence: 1.200)
Top 10 readings:
  Rank  Pressure    Confidence  
  ------------------------------
  1     112         1.200
  2     111         1.140
  3     109         1.060
  4     106         0.980
  5     104         0.900
  6     103         0.820
  7     101         0.740
  8     98          0.660
  9     96          0.580
  10    94          0.500

Detector: BL_W120_T1.0_D10
Best Detection: 112 mmHg (confidence: 1.200)
Top 10 readings:
  Rank  Pressure    Confidence  
  ------------------------------
  1     112         1.200
  2     111         1.140
  3     109         1.060
  4     106         0.980
  5     104         0.900
  6     103         0.820
  7     101         0.740
  8     98          0.660
  9     96          0.580
  10    94          0.500

Detector: BL_W120_T1.0_D15
Best Detection: 112 mmHg (confidence: 1.200)
Top 10 readings:
  Rank  Pressure    Confidence  
  ------------------------------
  1     112         1.200
  2     111         1.140
  3     109         1.060
  4     106         0.980
  5     104         0.900
  6     103         0.820
  7     101         0.740
  8     98          0.660
  9     96          0.580
  10    94          0.500

Detector: BL_W120_T1.0_D20
Best Detection: 112 mmHg (confidence: 1.200)
Top 10 readings:
  Rank  Pressure    Confidence  
  ------------------------------
  1     112         1.200
  2     111         1.140
  3     109         1.060
  4     106         0.980
  5     104         0.900
  6     103         0.820
  7     101         0.740
  8     98          0.660
  9     96          0.580
  10    94          0.500

Detector: BL_W120_T1.0_D25
Best Detection: 112 mmHg (confidence: 1.200)
Top 10 readings:
  Rank  Pressure    Confidence  
  ------------------------------
  1     112         1.200
  2     111         1.140
  3     109         1.060
  4     106         0.980
  5     104         0.900
  6     103         0.820
  7     101         0.740
  8     98          0.660
  9     96          0.580
  10    94          0.500

Detector: BL_W120_T1.0_D30
Best Detection: 112 mmHg (confidence: 1.200)
Top 10 readings:
  Rank  Pressure    Confidence  
  ------------------------------
  1     112         1.200
  2     111         1.140
  3     109         1.060
  4     106         0.980
  5     104         0.900
  6     103         0.820
  7     101         0.740
  8     98          0.660
  9     96          0.580
  10    94          0.500

Detector: BL_W120_T1.0_D40
Best Detection: 112 mmHg (confidence: 1.200)
Top 10 readings:
  Rank  Pressure    Confidence  
  ------------------------------
  1     112         1.200
  2     111         1.140
  3     109         1.060
  4     106         0.980
  5     104         0.900
  6     103         0.820
  7     101         0.740
  8     98          0.660
  9     96          0.580
  10    94          0.500

Detector: BL_W120_T1.2_D2
Best Detection: 112 mmHg (confidence: 1.200)
Top 10 readings:
  Rank  Pressure    Confidence  
  ------------------------------
  1     112         1.200
  2     111         1.140
  3     109         1.060
  4     106         0.980
  5     104         0.900
  6     103         0.820
  7     101         0.740
  8     98          0.660
  9     96          0.580
  10    94          0.500

Detector: BL_W120_T1.2_D4
Best Detection: 112 mmHg (confidence: 1.200)
Top 10 readings:
  Rank  Pressure    Confidence  
  ------------------------------
  1     112         1.200
  2     111         1.140
  3     109         1.060
  4     106         0.980
  5     104         0.900
  6     103         0.820
  7     101         0.740
  8     98          0.660
  9     96          0.580
  10    94          0.500

Detector: BL_W120_T1.2_D6
Best Detection: 112 mmHg (confidence: 1.200)
Top 10 readings:
  Rank  Pressure    Confidence  
  ------------------------------
  1     112         1.200
  2     111         1.140
  3     109         1.060
  4     106         0.980
  5     104         0.900
  6     103         0.820
  7     101         0.740
  8     98          0.660
  9     96          0.580
  10    94          0.500

Detector: BL_W120_T1.2_D8
Best Detection: 112 mmHg (confidence: 1.200)
Top 10 readings:
  Rank  Pressure    Confidence  
  ------------------------------
  1     112         1.200
  2     111         1.140
  3     109         1.060
  4     106         0.980
  5     104         0.900
  6     103         0.820
  7     101         0.740
  8     98          0.660
  9     96          0.580
  10    94          0.500

Detector: BL_W120_T1.2_D10
Best Detection: 112 mmHg (confidence: 1.200)
Top 10 readings:
  Rank  Pressure    Confidence  
  ------------------------------
  1     112         1.200
  2     111         1.140
  3     109         1.060
  4     106         0.980
  5     104         0.900
  6     103         0.820
  7     101         0.740
  8     98          0.660
  9     96          0.580
  10    94          0.500

Detector: BL_W120_T1.2_D15
Best Detection: 112 mmHg (confidence: 1.200)
Top 10 readings:
  Rank  Pressure    Confidence  
  ------------------------------
  1     112         1.200
  2     111         1.140
  3     109         1.060
  4     106         0.980
  5     104         0.900
  6     103         0.820
  7     101         0.740
  8     98          0.660
  9     96          0.580
  10    94          0.500

Detector: BL_W120_T1.2_D20
Best Detection: 112 mmHg (confidence: 1.200)
Top 10 readings:
  Rank  Pressure    Confidence  
  ------------------------------
  1     112         1.200
  2     111         1.140
  3     109         1.060
  4     106         0.980
  5     104         0.900
  6     103         0.820
  7     101         0.740
  8     98          0.660
  9     96          0.580
  10    94          0.500

Detector: BL_W120_T1.2_D25
Best Detection: 112 mmHg (confidence: 1.200)
Top 10 readings:
  Rank  Pressure    Confidence  
  ------------------------------
  1     112         1.200
  2     111         1.140
  3     109         1.060
  4     106         0.980
  5     104         0.900
  6     103         0.820
  7     101         0.740
  8     98          0.660
  9     96          0.580
  10    94          0.500

Detector: BL_W120_T1.2_D30
Best Detection: 112 mmHg (confidence: 1.200)
Top 10 readings:
  Rank  Pressure    Confidence  
  ------------------------------
  1     112         1.200
  2     111         1.140
  3     109         1.060
  4     106         0.980
  5     104         0.900
  6     103         0.820
  7     101         0.740
  8     98          0.660
  9     96          0.580
  10    94          0.500

Detector: BL_W120_T1.2_D40
Best Detection: 112 mmHg (confidence: 1.200)
Top 10 readings:
  Rank  Pressure    Confidence  
  ------------------------------
  1     112         1.200
  2     111         1.140
  3     109         1.060
  4     106         0.980
  5     104         0.900
  6     103         0.820
  7     101         0.740
  8     98          0.660
  9     96          0.580
  10    94          0.500

Detector: BL_W120_T1.4_D2
Best Detection: 111 mmHg (confidence: 1.140)
Top 10 readings:
  Rank  Pressure    Confidence  
  ------------------------------
  1     111         1.140
  2     109         1.060
  3     106         0.980
  4     104         0.900
  5     103         0.820
  6     100         0.740
  7     98          0.660
  8     96          0.580
  9     93          0.500
  10    91          0.420

Detector: BL_W120_T1.4_D4
Best Detection: 111 mmHg (confidence: 1.140)
Top 10 readings:
  Rank  Pressure    Confidence  
  ------------------------------
  1     111         1.140
  2     109         1.060
  3     106         0.980
  4     104         0.900
  5     103         0.820
  6     100         0.740
  7     98          0.660
  8     96          0.580
  9     93          0.500
  10    91          0.420

Detector: BL_W120_T1.4_D6
Best Detection: 111 mmHg (confidence: 1.140)
Top 10 readings:
  Rank  Pressure    Confidence  
  ------------------------------
  1     111         1.140
  2     109         1.060
  3     106         0.980
  4     104         0.900
  5     103         0.820
  6     100         0.740
  7     98          0.660
  8     96          0.580
  9     93          0.500
  10    91          0.420

Detector: BL_W120_T1.4_D8
Best Detection: 111 mmHg (confidence: 1.140)
Top 10 readings:
  Rank  Pressure    Confidence  
  ------------------------------
  1     111         1.140
  2     109         1.060
  3     106         0.980
  4     104         0.900
  5     103         0.820
  6     100         0.740
  7     98          0.660
  8     96          0.580
  9     93          0.500
  10    91          0.420

Detector: BL_W120_T1.4_D10
Best Detection: 111 mmHg (confidence: 1.140)
Top 10 readings:
  Rank  Pressure    Confidence  
  ------------------------------
  1     111         1.140
  2     109         1.060
  3     106         0.980
  4     104         0.900
  5     103         0.820
  6     100         0.740
  7     98          0.660
  8     96          0.580
  9     93          0.500
  10    91          0.420

Detector: BL_W120_T1.4_D15
Best Detection: 111 mmHg (confidence: 1.140)
Top 10 readings:
  Rank  Pressure    Confidence  
  ------------------------------
  1     111         1.140
  2     109         1.060
  3     106         0.980
  4     104         0.900
  5     103         0.820
  6     100         0.740
  7     98          0.660
  8     96          0.580
  9     93          0.500
  10    91          0.420

Detector: BL_W120_T1.4_D20
Best Detection: 111 mmHg (confidence: 1.140)
Top 10 readings:
  Rank  Pressure    Confidence  
  ------------------------------
  1     111         1.140
  2     109         1.060
  3     106         0.980
  4     104         0.900
  5     103         0.820
  6     100         0.740
  7     98          0.660
  8     96          0.580
  9     93          0.500
  10    91          0.420

Detector: BL_W120_T1.4_D25
Best Detection: 111 mmHg (confidence: 1.140)
Top 10 readings:
  Rank  Pressure    Confidence  
  ------------------------------
  1     111         1.140
  2     109         1.060
  3     106         0.980
  4     104         0.900
  5     103         0.820
  6     100         0.740
  7     98          0.660
  8     96          0.580
  9     93          0.500
  10    91          0.420

Detector: BL_W120_T1.4_D30
Best Detection: 111 mmHg (confidence: 1.140)
Top 10 readings:
  Rank  Pressure    Confidence  
  ------------------------------
  1     111         1.140
  2     109         1.060
  3     106         0.980
  4     104         0.900
  5     103         0.820
  6     100         0.740
  7     98          0.660
  8     96          0.580
  9     93          0.500
  10    91          0.420

Detector: BL_W120_T1.4_D40
Best Detection: 111 mmHg (confidence: 1.140)
Top 10 readings:
  Rank  Pressure    Confidence  
  ------------------------------
  1     111         1.140
  2     109         1.060
  3     106         0.980
  4     104         0.900
  5     103         0.820
  6     100         0.740
  7     98          0.660
  8     96          0.580
  9     93          0.500
  10    91          0.420

Detector: BL_W120_T1.6_D2
Best Detection: 110 mmHg (confidence: 0.900)
Top 10 readings:
  Rank  Pressure    Confidence  
  ------------------------------
  1     110         0.900
  2     108         0.820
  3     106         0.740
  4     104         0.660
  5     102         0.580
  6     100         0.500
  7     98          0.420
  8     96          0.340
  9     93          0.260
  10    91          0.126

Detector: BL_W120_T1.6_D4
Best Detection: 110 mmHg (confidence: 0.900)
Top 10 readings:
  Rank  Pressure    Confidence  
  ------------------------------
  1     110         0.900
  2     108         0.820
  3     106         0.740
  4     104         0.660
  5     102         0.580
  6     100         0.500
  7     98          0.420
  8     96          0.340
  9     93          0.260
  10    91          0.126

Detector: BL_W120_T1.6_D6
Best Detection: 110 mmHg (confidence: 0.900)
Top 10 readings:
  Rank  Pressure    Confidence  
  ------------------------------
  1     110         0.900
  2     108         0.820
  3     106         0.740
  4     104         0.660
  5     102         0.580
  6     100         0.500
  7     98          0.420
  8     96          0.340
  9     93          0.260
  10    91          0.126

Detector: BL_W120_T1.6_D8
Best Detection: 110 mmHg (confidence: 0.900)
Top 10 readings:
  Rank  Pressure    Confidence  
  ------------------------------
  1     110         0.900
  2     108         0.820
  3     106         0.740
  4     104         0.660
  5     102         0.580
  6     100         0.500
  7     98          0.420
  8     96          0.340
  9     93          0.260
  10    91          0.126

Detector: BL_W120_T1.6_D10
Best Detection: 110 mmHg (confidence: 0.900)
Top 10 readings:
  Rank  Pressure    Confidence  
  ------------------------------
  1     110         0.900
  2     108         0.820
  3     106         0.740
  4     104         0.660
  5     102         0.580
  6     100         0.500
  7     98          0.420
  8     96          0.340
  9     93          0.260
  10    91          0.126

Detector: BL_W120_T1.6_D15
Best Detection: 110 mmHg (confidence: 0.900)
Top 10 readings:
  Rank  Pressure    Confidence  
  ------------------------------
  1     110         0.900
  2     108         0.820
  3     106         0.740
  4     104         0.660
  5     102         0.580
  6     100         0.500
  7     98          0.420
  8     96          0.340
  9     93          0.260
  10    91          0.126

Detector: BL_W120_T1.6_D20
Best Detection: 110 mmHg (confidence: 0.900)
Top 10 readings:
  Rank  Pressure    Confidence  
  ------------------------------
  1     110         0.900
  2     108         0.820
  3     106         0.740
  4     104         0.660
  5     102         0.580
  6     100         0.500
  7     98          0.420
  8     96          0.340
  9     93          0.260
  10    91          0.126

Detector: BL_W120_T1.6_D25
Best Detection: 110 mmHg (confidence: 0.900)
Top 10 readings:
  Rank  Pressure    Confidence  
  ------------------------------
  1     110         0.900
  2     108         0.820
  3     106         0.740
  4     104         0.660
  5     102         0.580
  6     100         0.500
  7     98          0.420
  8     96          0.340
  9     93          0.260
  10    91          0.126

Detector: BL_W120_T1.6_D30
Best Detection: 110 mmHg (confidence: 0.900)
Top 10 readings:
  Rank  Pressure    Confidence  
  ------------------------------
  1     110         0.900
  2     108         0.820
  3     106         0.740
  4     104         0.660
  5     102         0.580
  6     100         0.500
  7     98          0.420
  8     96          0.340
  9     93          0.260
  10    91          0.126

Detector: BL_W120_T1.6_D40
Best Detection: 110 mmHg (confidence: 0.900)
Top 10 readings:
  Rank  Pressure    Confidence  
  ------------------------------
  1     110         0.900
  2     108         0.820
  3     106         0.740
  4     104         0.660
  5     102         0.580
  6     100         0.500
  7     98          0.420
  8     96          0.340
  9     93          0.260
  10    91          0.126

Detector: BL_W120_T1.8_D2
Best Detection: 110 mmHg (confidence: 0.820)
Top 10 readings:
  Rank  Pressure    Confidence  
  ------------------------------
  1     110         0.820
  2     108         0.740
  3     106         0.660
  4     104         0.580
  5     102         0.500
  6     100         0.420
  7     98          0.340
  8     96          0.260
  9     93          0.126
  10    91          0.050

Detector: BL_W120_T1.8_D4
Best Detection: 110 mmHg (confidence: 0.820)
Top 10 readings:
  Rank  Pressure    Confidence  
  ------------------------------
  1     110         0.820
  2     108         0.740
  3     106         0.660
  4     104         0.580
  5     102         0.500
  6     100         0.420
  7     98          0.340
  8     96          0.260
  9     93          0.126
  10    91          0.050

Detector: BL_W120_T1.8_D6
Best Detection: 110 mmHg (confidence: 0.820)
Top 10 readings:
  Rank  Pressure    Confidence  
  ------------------------------
  1     110         0.820
  2     108         0.740
  3     106         0.660
  4     104         0.580
  5     102         0.500
  6     100         0.420
  7     98          0.340
  8     96          0.260
  9     93          0.126
  10    91          0.050

Detector: BL_W120_T1.8_D8
Best Detection: 110 mmHg (confidence: 0.820)
Top 10 readings:
  Rank  Pressure    Confidence  
  ------------------------------
  1     110         0.820
  2     108         0.740
  3     106         0.660
  4     104         0.580
  5     102         0.500
  6     100         0.420
  7     98          0.340
  8     96          0.260
  9     93          0.126
  10    91          0.050

Detector: BL_W120_T1.8_D10
Best Detection: 110 mmHg (confidence: 0.820)
Top 10 readings:
  Rank  Pressure    Confidence  
  ------------------------------
  1     110         0.820
  2     108         0.740
  3     106         0.660
  4     104         0.580
  5     102         0.500
  6     100         0.420
  7     98          0.340
  8     96          0.260
  9     93          0.126
  10    91          0.050

Detector: BL_W120_T1.8_D15
Best Detection: 110 mmHg (confidence: 0.820)
Top 10 readings:
  Rank  Pressure    Confidence  
  ------------------------------
  1     110         0.820
  2     108         0.740
  3     106         0.660
  4     104         0.580
  5     102         0.500
  6     100         0.420
  7     98          0.340
  8     96          0.260
  9     93          0.126
  10    91          0.050

Detector: BL_W120_T1.8_D20
Best Detection: 110 mmHg (confidence: 0.820)
Top 10 readings:
  Rank  Pressure    Confidence  
  ------------------------------
  1     110         0.820
  2     108         0.740
  3     106         0.660
  4     104         0.580
  5     102         0.500
  6     100         0.420
  7     98          0.340
  8     96          0.260
  9     93          0.126
  10    91          0.050

Detector: BL_W120_T1.8_D25
Best Detection: 110 mmHg (confidence: 0.820)
Top 10 readings:
  Rank  Pressure    Confidence  
  ------------------------------
  1     110         0.820
  2     108         0.740
  3     106         0.660
  4     104         0.580
  5     102         0.500
  6     100         0.420
  7     98          0.340
  8     96          0.260
  9     93          0.126
  10    91          0.050

Detector: BL_W120_T1.8_D30
Best Detection: 110 mmHg (confidence: 0.820)
Top 10 readings:
  Rank  Pressure    Confidence  
  ------------------------------
  1     110         0.820
  2     108         0.740
  3     106         0.660
  4     104         0.580
  5     102         0.500
  6     100         0.420
  7     98          0.340
  8     96          0.260
  9     93          0.126
  10    91          0.050

Detector: BL_W120_T1.8_D40
Best Detection: 110 mmHg (confidence: 0.820)
Top 10 readings:
  Rank  Pressure    Confidence  
  ------------------------------
  1     110         0.820
  2     108         0.740
  3     106         0.660
  4     104         0.580
  5     102         0.500
  6     100         0.420
  7     98          0.340
  8     96          0.260
  9     93          0.126
  10    91          0.050

Detector: BL_W120_T2.0_D2
Best Detection: 108 mmHg (confidence: 0.420)
Top 10 readings:
  Rank  Pressure    Confidence  
  ------------------------------
  1     108         0.420
  2     106         0.340
  3     104         0.260
  4     102         0.126
  5     100         0.050

Detector: BL_W120_T2.0_D4
Best Detection: 108 mmHg (confidence: 0.420)
Top 10 readings:
  Rank  Pressure    Confidence  
  ------------------------------
  1     108         0.420
  2     106         0.340
  3     104         0.260
  4     102         0.126
  5     100         0.050

Detector: BL_W120_T2.0_D6
Best Detection: 108 mmHg (confidence: 0.420)
Top 10 readings:
  Rank  Pressure    Confidence  
  ------------------------------
  1     108         0.420
  2     106         0.340
  3     104         0.260
  4     102         0.126
  5     100         0.050

Detector: BL_W120_T2.0_D8
Best Detection: 108 mmHg (confidence: 0.420)
Top 10 readings:
  Rank  Pressure    Confidence  
  ------------------------------
  1     108         0.420
  2     106         0.340
  3     104         0.260
  4     102         0.126
  5     100         0.050

Detector: BL_W120_T2.0_D10
Best Detection: 108 mmHg (confidence: 0.420)
Top 10 readings:
  Rank  Pressure    Confidence  
  ------------------------------
  1     108         0.420
  2     106         0.340
  3     104         0.260
  4     102         0.126
  5     100         0.050

Detector: BL_W120_T2.0_D15
Best Detection: 108 mmHg (confidence: 0.420)
Top 10 readings:
  Rank  Pressure    Confidence  
  ------------------------------
  1     108         0.420
  2     106         0.340
  3     104         0.260
  4     102         0.126
  5     100         0.050

Detector: BL_W120_T2.0_D20
Best Detection: 108 mmHg (confidence: 0.420)
Top 10 readings:
  Rank  Pressure    Confidence  
  ------------------------------
  1     108         0.420
  2     106         0.340
  3     104         0.260
  4     102         0.126
  5     100         0.050

Detector: BL_W120_T2.0_D25
Best Detection: 108 mmHg (confidence: 0.420)
Top 10 readings:
  Rank  Pressure    Confidence  
  ------------------------------
  1     108         0.420
  2     106         0.340
  3     104         0.260
  4     102         0.126
  5     100         0.050

Detector: BL_W120_T2.0_D30
Best Detection: 108 mmHg (confidence: 0.420)
Top 10 readings:
  Rank  Pressure    Confidence  
  ------------------------------
  1     108         0.420
  2     106         0.340
  3     104         0.260
  4     102         0.126
  5     100         0.050

Detector: BL_W120_T2.0_D40
Best Detection: 108 mmHg (confidence: 0.420)
Top 10 readings:
  Rank  Pressure    Confidence  
  ------------------------------
  1     108         0.420
  2     106         0.340
  3     104         0.260
  4     102         0.126
  5     100         0.050

Detector: BL_W120_T2.2_D2
Best Detection: 108 mmHg (confidence: 0.126)
Top 10 readings:
  Rank  Pressure    Confidence  
  ------------------------------
  1     108         0.126
  2     106         0.050

Detector: BL_W120_T2.2_D4
Best Detection: 108 mmHg (confidence: 0.126)
Top 10 readings:
  Rank  Pressure    Confidence  
  ------------------------------
  1     108         0.126
  2     106         0.050

Detector: BL_W120_T2.2_D6
Best Detection: 108 mmHg (confidence: 0.126)
Top 10 readings:
  Rank  Pressure    Confidence  
  ------------------------------
  1     108         0.126
  2     106         0.050

Detector: BL_W120_T2.2_D8
Best Detection: 108 mmHg (confidence: 0.126)
Top 10 readings:
  Rank  Pressure    Confidence  
  ------------------------------
  1     108         0.126
  2     106         0.050

Detector: BL_W120_T2.2_D10
Best Detection: 108 mmHg (confidence: 0.126)
Top 10 readings:
  Rank  Pressure    Confidence  
  ------------------------------
  1     108         0.126
  2     106         0.050

Detector: BL_W120_T2.2_D15
Best Detection: 108 mmHg (confidence: 0.126)
Top 10 readings:
  Rank  Pressure    Confidence  
  ------------------------------
  1     108         0.126
  2     106         0.050

Detector: BL_W120_T2.2_D20
Best Detection: 108 mmHg (confidence: 0.126)
Top 10 readings:
  Rank  Pressure    Confidence  
  ------------------------------
  1     108         0.126
  2     106         0.050

Detector: BL_W120_T2.2_D25
Best Detection: 108 mmHg (confidence: 0.126)
Top 10 readings:
  Rank  Pressure    Confidence  
  ------------------------------
  1     108         0.126
  2     106         0.050

Detector: BL_W120_T2.2_D30
Best Detection: 108 mmHg (confidence: 0.126)
Top 10 readings:
  Rank  Pressure    Confidence  
  ------------------------------
  1     108         0.126
  2     106         0.050

Detector: BL_W120_T2.2_D40
Best Detection: 108 mmHg (confidence: 0.126)
Top 10 readings:
  Rank  Pressure    Confidence  
  ------------------------------
  1     108         0.126
  2     106         0.050

Detector: BL_W120_T2.4_D2
Best Detection: 108 mmHg (confidence: 0.126)
Top 10 readings:
  Rank  Pressure    Confidence  
  ------------------------------
  1     108         0.126
  2     106         0.050

Detector: BL_W120_T2.4_D4
Best Detection: 108 mmHg (confidence: 0.126)
Top 10 readings:
  Rank  Pressure    Confidence  
  ------------------------------
  1     108         0.126
  2     106         0.050

Detector: BL_W120_T2.4_D6
Best Detection: 108 mmHg (confidence: 0.126)
Top 10 readings:
  Rank  Pressure    Confidence  
  ------------------------------
  1     108         0.126
  2     106         0.050

Detector: BL_W120_T2.4_D8
Best Detection: 108 mmHg (confidence: 0.126)
Top 10 readings:
  Rank  Pressure    Confidence  
  ------------------------------
  1     108         0.126
  2     106         0.050

Detector: BL_W120_T2.4_D10
Best Detection: 108 mmHg (confidence: 0.126)
Top 10 readings:
  Rank  Pressure    Confidence  
  ------------------------------
  1     108         0.126
  2     106         0.050

Detector: BL_W120_T2.4_D15
Best Detection: 108 mmHg (confidence: 0.126)
Top 10 readings:
  Rank  Pressure    Confidence  
  ------------------------------
  1     108         0.126
  2     106         0.050

Detector: BL_W120_T2.4_D20
Best Detection: 108 mmHg (confidence: 0.126)
Top 10 readings:
  Rank  Pressure    Confidence  
  ------------------------------
  1     108         0.126
  2     106         0.050

Detector: BL_W120_T2.4_D25
Best Detection: 108 mmHg (confidence: 0.126)
Top 10 readings:
  Rank  Pressure    Confidence  
  ------------------------------
  1     108         0.126
  2     106         0.050

Detector: BL_W120_T2.4_D30
Best Detection: 108 mmHg (confidence: 0.126)
Top 10 readings:
  Rank  Pressure    Confidence  
  ------------------------------
  1     108         0.126
  2     106         0.050

Detector: BL_W120_T2.4_D40
Best Detection: 108 mmHg (confidence: 0.126)
Top 10 readings:
  Rank  Pressure    Confidence  
  ------------------------------
  1     108         0.126
  2     106         0.050

Detector: BL_W120_T2.6_D2
Best Detection: 108 mmHg (confidence: 0.050)
Top 10 readings:
  Rank  Pressure    Confidence  
  ------------------------------
  1     108         0.050

Detector: BL_W120_T2.6_D4
Best Detection: 108 mmHg (confidence: 0.050)
Top 10 readings:
  Rank  Pressure    Confidence  
  ------------------------------
  1     108         0.050

Detector: BL_W120_T2.6_D6
Best Detection: 108 mmHg (confidence: 0.050)
Top 10 readings:
  Rank  Pressure    Confidence  
  ------------------------------
  1     108         0.050

Detector: BL_W120_T2.6_D8
Best Detection: 108 mmHg (confidence: 0.050)
Top 10 readings:
  Rank  Pressure    Confidence  
  ------------------------------
  1     108         0.050

Detector: BL_W120_T2.6_D10
Best Detection: 108 mmHg (confidence: 0.050)
Top 10 readings:
  Rank  Pressure    Confidence  
  ------------------------------
  1     108         0.050

Detector: BL_W120_T2.6_D15
Best Detection: 108 mmHg (confidence: 0.050)
Top 10 readings:
  Rank  Pressure    Confidence  
  ------------------------------
  1     108         0.050

Detector: BL_W120_T2.6_D20
Best Detection: 108 mmHg (confidence: 0.050)
Top 10 readings:
  Rank  Pressure    Confidence  
  ------------------------------
  1     108         0.050

Detector: BL_W120_T2.6_D25
Best Detection: 108 mmHg (confidence: 0.050)
Top 10 readings:
  Rank  Pressure    Confidence  
  ------------------------------
  1     108         0.050

Detector: BL_W120_T2.6_D30
Best Detection: 108 mmHg (confidence: 0.050)
Top 10 readings:
  Rank  Pressure    Confidence  
  ------------------------------
  1     108         0.050

Detector: BL_W120_T2.6_D40
Best Detection: 108 mmHg (confidence: 0.050)
Top 10 readings:
  Rank  Pressure    Confidence  
  ------------------------------
  1     108         0.050

Detector: BL_W120_T2.8_D2
Best Detection: 108 mmHg (confidence: 0.050)
Top 10 readings:
  Rank  Pressure    Confidence  
  ------------------------------
  1     108         0.050

Detector: BL_W120_T2.8_D4
Best Detection: 108 mmHg (confidence: 0.050)
Top 10 readings:
  Rank  Pressure    Confidence  
  ------------------------------
  1     108         0.050

Detector: BL_W120_T2.8_D6
Best Detection: 108 mmHg (confidence: 0.050)
Top 10 readings:
  Rank  Pressure    Confidence  
  ------------------------------
  1     108         0.050

Detector: BL_W120_T2.8_D8
Best Detection: 108 mmHg (confidence: 0.050)
Top 10 readings:
  Rank  Pressure    Confidence  
  ------------------------------
  1     108         0.050

Detector: BL_W120_T2.8_D10
Best Detection: 108 mmHg (confidence: 0.050)
Top 10 readings:
  Rank  Pressure    Confidence  
  ------------------------------
  1     108         0.050

Detector: BL_W120_T2.8_D15
Best Detection: 108 mmHg (confidence: 0.050)
Top 10 readings:
  Rank  Pressure    Confidence  
  ------------------------------
  1     108         0.050

Detector: BL_W120_T2.8_D20
Best Detection: 108 mmHg (confidence: 0.050)
Top 10 readings:
  Rank  Pressure    Confidence  
  ------------------------------
  1     108         0.050

Detector: BL_W120_T2.8_D25
Best Detection: 108 mmHg (confidence: 0.050)
Top 10 readings:
  Rank  Pressure    Confidence  
  ------------------------------
  1     108         0.050

Detector: BL_W120_T2.8_D30
Best Detection: 108 mmHg (confidence: 0.050)
Top 10 readings:
  Rank  Pressure    Confidence  
  ------------------------------
  1     108         0.050

Detector: BL_W120_T2.8_D40
Best Detection: 108 mmHg (confidence: 0.050)
Top 10 readings:
  Rank  Pressure    Confidence  
  ------------------------------
  1     108         0.050

Detector: BL_W130_T1.0_D2
Best Detection: 111 mmHg (confidence: 1.140)
Top 10 readings:
  Rank  Pressure    Confidence  
  ------------------------------
  1     111         1.140
  2     109         1.060
  3     106         0.980
  4     104         0.900
  5     103         0.820
  6     101         0.740
  7     98          0.660
  8     96          0.580
  9     94          0.500
  10    91          0.420

Detector: BL_W130_T1.0_D4
Best Detection: 111 mmHg (confidence: 1.140)
Top 10 readings:
  Rank  Pressure    Confidence  
  ------------------------------
  1     111         1.140
  2     109         1.060
  3     106         0.980
  4     104         0.900
  5     103         0.820
  6     101         0.740
  7     98          0.660
  8     96          0.580
  9     94          0.500
  10    91          0.420

Detector: BL_W130_T1.0_D6
Best Detection: 111 mmHg (confidence: 1.140)
Top 10 readings:
  Rank  Pressure    Confidence  
  ------------------------------
  1     111         1.140
  2     109         1.060
  3     106         0.980
  4     104         0.900
  5     103         0.820
  6     101         0.740
  7     98          0.660
  8     96          0.580
  9     94          0.500
  10    91          0.420

Detector: BL_W130_T1.0_D8
Best Detection: 111 mmHg (confidence: 1.140)
Top 10 readings:
  Rank  Pressure    Confidence  
  ------------------------------
  1     111         1.140
  2     109         1.060
  3     106         0.980
  4     104         0.900
  5     103         0.820
  6     101         0.740
  7     98          0.660
  8     96          0.580
  9     94          0.500
  10    91          0.420

Detector: BL_W130_T1.0_D10
Best Detection: 111 mmHg (confidence: 1.140)
Top 10 readings:
  Rank  Pressure    Confidence  
  ------------------------------
  1     111         1.140
  2     109         1.060
  3     106         0.980
  4     104         0.900
  5     103         0.820
  6     101         0.740
  7     98          0.660
  8     96          0.580
  9     94          0.500
  10    91          0.420

Detector: BL_W130_T1.0_D15
Best Detection: 111 mmHg (confidence: 1.140)
Top 10 readings:
  Rank  Pressure    Confidence  
  ------------------------------
  1     111         1.140
  2     109         1.060
  3     106         0.980
  4     104         0.900
  5     103         0.820
  6     101         0.740
  7     98          0.660
  8     96          0.580
  9     94          0.500
  10    91          0.420

Detector: BL_W130_T1.0_D20
Best Detection: 111 mmHg (confidence: 1.140)
Top 10 readings:
  Rank  Pressure    Confidence  
  ------------------------------
  1     111         1.140
  2     109         1.060
  3     106         0.980
  4     104         0.900
  5     103         0.820
  6     101         0.740
  7     98          0.660
  8     96          0.580
  9     94          0.500
  10    91          0.420

Detector: BL_W130_T1.0_D25
Best Detection: 111 mmHg (confidence: 1.140)
Top 10 readings:
  Rank  Pressure    Confidence  
  ------------------------------
  1     111         1.140
  2     109         1.060
  3     106         0.980
  4     104         0.900
  5     103         0.820
  6     101         0.740
  7     98          0.660
  8     96          0.580
  9     94          0.500
  10    91          0.420

Detector: BL_W130_T1.0_D30
Best Detection: 111 mmHg (confidence: 1.140)
Top 10 readings:
  Rank  Pressure    Confidence  
  ------------------------------
  1     111         1.140
  2     109         1.060
  3     106         0.980
  4     104         0.900
  5     103         0.820
  6     101         0.740
  7     98          0.660
  8     96          0.580
  9     94          0.500
  10    91          0.420

Detector: BL_W130_T1.0_D40
Best Detection: 111 mmHg (confidence: 1.140)
Top 10 readings:
  Rank  Pressure    Confidence  
  ------------------------------
  1     111         1.140
  2     109         1.060
  3     106         0.980
  4     104         0.900
  5     103         0.820
  6     101         0.740
  7     98          0.660
  8     96          0.580
  9     94          0.500
  10    91          0.420

Detector: BL_W130_T1.2_D2
Best Detection: 111 mmHg (confidence: 1.140)
Top 10 readings:
  Rank  Pressure    Confidence  
  ------------------------------
  1     111         1.140
  2     109         1.060
  3     106         0.980
  4     104         0.900
  5     103         0.820
  6     101         0.740
  7     98          0.660
  8     96          0.580
  9     94          0.500
  10    91          0.420

Detector: BL_W130_T1.2_D4
Best Detection: 111 mmHg (confidence: 1.140)
Top 10 readings:
  Rank  Pressure    Confidence  
  ------------------------------
  1     111         1.140
  2     109         1.060
  3     106         0.980
  4     104         0.900
  5     103         0.820
  6     101         0.740
  7     98          0.660
  8     96          0.580
  9     94          0.500
  10    91          0.420

Detector: BL_W130_T1.2_D6
Best Detection: 111 mmHg (confidence: 1.140)
Top 10 readings:
  Rank  Pressure    Confidence  
  ------------------------------
  1     111         1.140
  2     109         1.060
  3     106         0.980
  4     104         0.900
  5     103         0.820
  6     101         0.740
  7     98          0.660
  8     96          0.580
  9     94          0.500
  10    91          0.420

Detector: BL_W130_T1.2_D8
Best Detection: 111 mmHg (confidence: 1.140)
Top 10 readings:
  Rank  Pressure    Confidence  
  ------------------------------
  1     111         1.140
  2     109         1.060
  3     106         0.980
  4     104         0.900
  5     103         0.820
  6     101         0.740
  7     98          0.660
  8     96          0.580
  9     94          0.500
  10    91          0.420

Detector: BL_W130_T1.2_D10
Best Detection: 111 mmHg (confidence: 1.140)
Top 10 readings:
  Rank  Pressure    Confidence  
  ------------------------------
  1     111         1.140
  2     109         1.060
  3     106         0.980
  4     104         0.900
  5     103         0.820
  6     101         0.740
  7     98          0.660
  8     96          0.580
  9     94          0.500
  10    91          0.420

Detector: BL_W130_T1.2_D15
Best Detection: 111 mmHg (confidence: 1.140)
Top 10 readings:
  Rank  Pressure    Confidence  
  ------------------------------
  1     111         1.140
  2     109         1.060
  3     106         0.980
  4     104         0.900
  5     103         0.820
  6     101         0.740
  7     98          0.660
  8     96          0.580
  9     94          0.500
  10    91          0.420

Detector: BL_W130_T1.2_D20
Best Detection: 111 mmHg (confidence: 1.140)
Top 10 readings:
  Rank  Pressure    Confidence  
  ------------------------------
  1     111         1.140
  2     109         1.060
  3     106         0.980
  4     104         0.900
  5     103         0.820
  6     101         0.740
  7     98          0.660
  8     96          0.580
  9     94          0.500
  10    91          0.420

Detector: BL_W130_T1.2_D25
Best Detection: 111 mmHg (confidence: 1.140)
Top 10 readings:
  Rank  Pressure    Confidence  
  ------------------------------
  1     111         1.140
  2     109         1.060
  3     106         0.980
  4     104         0.900
  5     103         0.820
  6     101         0.740
  7     98          0.660
  8     96          0.580
  9     94          0.500
  10    91          0.420

Detector: BL_W130_T1.2_D30
Best Detection: 111 mmHg (confidence: 1.140)
Top 10 readings:
  Rank  Pressure    Confidence  
  ------------------------------
  1     111         1.140
  2     109         1.060
  3     106         0.980
  4     104         0.900
  5     103         0.820
  6     101         0.740
  7     98          0.660
  8     96          0.580
  9     94          0.500
  10    91          0.420

Detector: BL_W130_T1.2_D40
Best Detection: 111 mmHg (confidence: 1.140)
Top 10 readings:
  Rank  Pressure    Confidence  
  ------------------------------
  1     111         1.140
  2     109         1.060
  3     106         0.980
  4     104         0.900
  5     103         0.820
  6     101         0.740
  7     98          0.660
  8     96          0.580
  9     94          0.500
  10    91          0.420

Detector: BL_W130_T1.4_D2
Best Detection: 110 mmHg (confidence: 1.140)
Top 10 readings:
  Rank  Pressure    Confidence  
  ------------------------------
  1     110         1.140
  2     109         1.060
  3     106         0.980
  4     104         0.900
  5     103         0.820
  6     100         0.740
  7     98          0.660
  8     96          0.580
  9     93          0.500
  10    91          0.420

Detector: BL_W130_T1.4_D4
Best Detection: 110 mmHg (confidence: 1.140)
Top 10 readings:
  Rank  Pressure    Confidence  
  ------------------------------
  1     110         1.140
  2     109         1.060
  3     106         0.980
  4     104         0.900
  5     103         0.820
  6     100         0.740
  7     98          0.660
  8     96          0.580
  9     93          0.500
  10    91          0.420

Detector: BL_W130_T1.4_D6
Best Detection: 110 mmHg (confidence: 1.140)
Top 10 readings:
  Rank  Pressure    Confidence  
  ------------------------------
  1     110         1.140
  2     109         1.060
  3     106         0.980
  4     104         0.900
  5     103         0.820
  6     100         0.740
  7     98          0.660
  8     96          0.580
  9     93          0.500
  10    91          0.420

Detector: BL_W130_T1.4_D8
Best Detection: 110 mmHg (confidence: 1.140)
Top 10 readings:
  Rank  Pressure    Confidence  
  ------------------------------
  1     110         1.140
  2     109         1.060
  3     106         0.980
  4     104         0.900
  5     103         0.820
  6     100         0.740
  7     98          0.660
  8     96          0.580
  9     93          0.500
  10    91          0.420

Detector: BL_W130_T1.4_D10
Best Detection: 110 mmHg (confidence: 1.140)
Top 10 readings:
  Rank  Pressure    Confidence  
  ------------------------------
  1     110         1.140
  2     109         1.060
  3     106         0.980
  4     104         0.900
  5     103         0.820
  6     100         0.740
  7     98          0.660
  8     96          0.580
  9     93          0.500
  10    91          0.420

Detector: BL_W130_T1.4_D15
Best Detection: 110 mmHg (confidence: 1.140)
Top 10 readings:
  Rank  Pressure    Confidence  
  ------------------------------
  1     110         1.140
  2     109         1.060
  3     106         0.980
  4     104         0.900
  5     103         0.820
  6     100         0.740
  7     98          0.660
  8     96          0.580
  9     93          0.500
  10    91          0.420

Detector: BL_W130_T1.4_D20
Best Detection: 110 mmHg (confidence: 1.140)
Top 10 readings:
  Rank  Pressure    Confidence  
  ------------------------------
  1     110         1.140
  2     109         1.060
  3     106         0.980
  4     104         0.900
  5     103         0.820
  6     100         0.740
  7     98          0.660
  8     96          0.580
  9     93          0.500
  10    91          0.420

Detector: BL_W130_T1.4_D25
Best Detection: 110 mmHg (confidence: 1.140)
Top 10 readings:
  Rank  Pressure    Confidence  
  ------------------------------
  1     110         1.140
  2     109         1.060
  3     106         0.980
  4     104         0.900
  5     103         0.820
  6     100         0.740
  7     98          0.660
  8     96          0.580
  9     93          0.500
  10    91          0.420

Detector: BL_W130_T1.4_D30
Best Detection: 110 mmHg (confidence: 1.140)
Top 10 readings:
  Rank  Pressure    Confidence  
  ------------------------------
  1     110         1.140
  2     109         1.060
  3     106         0.980
  4     104         0.900
  5     103         0.820
  6     100         0.740
  7     98          0.660
  8     96          0.580
  9     93          0.500
  10    91          0.420

Detector: BL_W130_T1.4_D40
Best Detection: 110 mmHg (confidence: 1.140)
Top 10 readings:
  Rank  Pressure    Confidence  
  ------------------------------
  1     110         1.140
  2     109         1.060
  3     106         0.980
  4     104         0.900
  5     103         0.820
  6     100         0.740
  7     98          0.660
  8     96          0.580
  9     93          0.500
  10    91          0.420

Detector: BL_W130_T1.6_D2
Best Detection: 110 mmHg (confidence: 0.980)
Top 10 readings:
  Rank  Pressure    Confidence  
  ------------------------------
  1     110         0.980
  2     108         0.900
  3     106         0.820
  4     104         0.740
  5     102         0.660
  6     100         0.580
  7     98          0.500
  8     96          0.420
  9     93          0.340
  10    91          0.260

Detector: BL_W130_T1.6_D4
Best Detection: 110 mmHg (confidence: 0.980)
Top 10 readings:
  Rank  Pressure    Confidence  
  ------------------------------
  1     110         0.980
  2     108         0.900
  3     106         0.820
  4     104         0.740
  5     102         0.660
  6     100         0.580
  7     98          0.500
  8     96          0.420
  9     93          0.340
  10    91          0.260

Detector: BL_W130_T1.6_D6
Best Detection: 110 mmHg (confidence: 0.980)
Top 10 readings:
  Rank  Pressure    Confidence  
  ------------------------------
  1     110         0.980
  2     108         0.900
  3     106         0.820
  4     104         0.740
  5     102         0.660
  6     100         0.580
  7     98          0.500
  8     96          0.420
  9     93          0.340
  10    91          0.260

Detector: BL_W130_T1.6_D8
Best Detection: 110 mmHg (confidence: 0.980)
Top 10 readings:
  Rank  Pressure    Confidence  
  ------------------------------
  1     110         0.980
  2     108         0.900
  3     106         0.820
  4     104         0.740
  5     102         0.660
  6     100         0.580
  7     98          0.500
  8     96          0.420
  9     93          0.340
  10    91          0.260

Detector: BL_W130_T1.6_D10
Best Detection: 110 mmHg (confidence: 0.980)
Top 10 readings:
  Rank  Pressure    Confidence  
  ------------------------------
  1     110         0.980
  2     108         0.900
  3     106         0.820
  4     104         0.740
  5     102         0.660
  6     100         0.580
  7     98          0.500
  8     96          0.420
  9     93          0.340
  10    91          0.260

Detector: BL_W130_T1.6_D15
Best Detection: 110 mmHg (confidence: 0.980)
Top 10 readings:
  Rank  Pressure    Confidence  
  ------------------------------
  1     110         0.980
  2     108         0.900
  3     106         0.820
  4     104         0.740
  5     102         0.660
  6     100         0.580
  7     98          0.500
  8     96          0.420
  9     93          0.340
  10    91          0.260

Detector: BL_W130_T1.6_D20
Best Detection: 110 mmHg (confidence: 0.980)
Top 10 readings:
  Rank  Pressure    Confidence  
  ------------------------------
  1     110         0.980
  2     108         0.900
  3     106         0.820
  4     104         0.740
  5     102         0.660
  6     100         0.580
  7     98          0.500
  8     96          0.420
  9     93          0.340
  10    91          0.260

Detector: BL_W130_T1.6_D25
Best Detection: 110 mmHg (confidence: 0.980)
Top 10 readings:
  Rank  Pressure    Confidence  
  ------------------------------
  1     110         0.980
  2     108         0.900
  3     106         0.820
  4     104         0.740
  5     102         0.660
  6     100         0.580
  7     98          0.500
  8     96          0.420
  9     93          0.340
  10    91          0.260

Detector: BL_W130_T1.6_D30
Best Detection: 110 mmHg (confidence: 0.980)
Top 10 readings:
  Rank  Pressure    Confidence  
  ------------------------------
  1     110         0.980
  2     108         0.900
  3     106         0.820
  4     104         0.740
  5     102         0.660
  6     100         0.580
  7     98          0.500
  8     96          0.420
  9     93          0.340
  10    91          0.260

Detector: BL_W130_T1.6_D40
Best Detection: 110 mmHg (confidence: 0.980)
Top 10 readings:
  Rank  Pressure    Confidence  
  ------------------------------
  1     110         0.980
  2     108         0.900
  3     106         0.820
  4     104         0.740
  5     102         0.660
  6     100         0.580
  7     98          0.500
  8     96          0.420
  9     93          0.340
  10    91          0.260

Detector: BL_W130_T1.8_D2
Best Detection: 110 mmHg (confidence: 0.820)
Top 10 readings:
  Rank  Pressure    Confidence  
  ------------------------------
  1     110         0.820
  2     108         0.740
  3     106         0.660
  4     104         0.580
  5     102         0.500
  6     100         0.420
  7     98          0.340
  8     96          0.260
  9     93          0.126
  10    91          0.050

Detector: BL_W130_T1.8_D4
Best Detection: 110 mmHg (confidence: 0.820)
Top 10 readings:
  Rank  Pressure    Confidence  
  ------------------------------
  1     110         0.820
  2     108         0.740
  3     106         0.660
  4     104         0.580
  5     102         0.500
  6     100         0.420
  7     98          0.340
  8     96          0.260
  9     93          0.126
  10    91          0.050

Detector: BL_W130_T1.8_D6
Best Detection: 110 mmHg (confidence: 0.820)
Top 10 readings:
  Rank  Pressure    Confidence  
  ------------------------------
  1     110         0.820
  2     108         0.740
  3     106         0.660
  4     104         0.580
  5     102         0.500
  6     100         0.420
  7     98          0.340
  8     96          0.260
  9     93          0.126
  10    91          0.050

Detector: BL_W130_T1.8_D8
Best Detection: 110 mmHg (confidence: 0.820)
Top 10 readings:
  Rank  Pressure    Confidence  
  ------------------------------
  1     110         0.820
  2     108         0.740
  3     106         0.660
  4     104         0.580
  5     102         0.500
  6     100         0.420
  7     98          0.340
  8     96          0.260
  9     93          0.126
  10    91          0.050

Detector: BL_W130_T1.8_D10
Best Detection: 110 mmHg (confidence: 0.820)
Top 10 readings:
  Rank  Pressure    Confidence  
  ------------------------------
  1     110         0.820
  2     108         0.740
  3     106         0.660
  4     104         0.580
  5     102         0.500
  6     100         0.420
  7     98          0.340
  8     96          0.260
  9     93          0.126
  10    91          0.050

Detector: BL_W130_T1.8_D15
Best Detection: 110 mmHg (confidence: 0.820)
Top 10 readings:
  Rank  Pressure    Confidence  
  ------------------------------
  1     110         0.820
  2     108         0.740
  3     106         0.660
  4     104         0.580
  5     102         0.500
  6     100         0.420
  7     98          0.340
  8     96          0.260
  9     93          0.126
  10    91          0.050

Detector: BL_W130_T1.8_D20
Best Detection: 110 mmHg (confidence: 0.820)
Top 10 readings:
  Rank  Pressure    Confidence  
  ------------------------------
  1     110         0.820
  2     108         0.740
  3     106         0.660
  4     104         0.580
  5     102         0.500
  6     100         0.420
  7     98          0.340
  8     96          0.260
  9     93          0.126
  10    91          0.050

Detector: BL_W130_T1.8_D25
Best Detection: 110 mmHg (confidence: 0.820)
Top 10 readings:
  Rank  Pressure    Confidence  
  ------------------------------
  1     110         0.820
  2     108         0.740
  3     106         0.660
  4     104         0.580
  5     102         0.500
  6     100         0.420
  7     98          0.340
  8     96          0.260
  9     93          0.126
  10    91          0.050

Detector: BL_W130_T1.8_D30
Best Detection: 110 mmHg (confidence: 0.820)
Top 10 readings:
  Rank  Pressure    Confidence  
  ------------------------------
  1     110         0.820
  2     108         0.740
  3     106         0.660
  4     104         0.580
  5     102         0.500
  6     100         0.420
  7     98          0.340
  8     96          0.260
  9     93          0.126
  10    91          0.050

Detector: BL_W130_T1.8_D40
Best Detection: 110 mmHg (confidence: 0.820)
Top 10 readings:
  Rank  Pressure    Confidence  
  ------------------------------
  1     110         0.820
  2     108         0.740
  3     106         0.660
  4     104         0.580
  5     102         0.500
  6     100         0.420
  7     98          0.340
  8     96          0.260
  9     93          0.126
  10    91          0.050

Detector: BL_W130_T2.0_D2
Best Detection: 108 mmHg (confidence: 0.420)
Top 10 readings:
  Rank  Pressure    Confidence  
  ------------------------------
  1     108         0.420
  2     106         0.340
  3     104         0.260
  4     102         0.126
  5     100         0.050

Detector: BL_W130_T2.0_D4
Best Detection: 108 mmHg (confidence: 0.420)
Top 10 readings:
  Rank  Pressure    Confidence  
  ------------------------------
  1     108         0.420
  2     106         0.340
  3     104         0.260
  4     102         0.126
  5     100         0.050

Detector: BL_W130_T2.0_D6
Best Detection: 108 mmHg (confidence: 0.420)
Top 10 readings:
  Rank  Pressure    Confidence  
  ------------------------------
  1     108         0.420
  2     106         0.340
  3     104         0.260
  4     102         0.126
  5     100         0.050

Detector: BL_W130_T2.0_D8
Best Detection: 108 mmHg (confidence: 0.420)
Top 10 readings:
  Rank  Pressure    Confidence  
  ------------------------------
  1     108         0.420
  2     106         0.340
  3     104         0.260
  4     102         0.126
  5     100         0.050

Detector: BL_W130_T2.0_D10
Best Detection: 108 mmHg (confidence: 0.420)
Top 10 readings:
  Rank  Pressure    Confidence  
  ------------------------------
  1     108         0.420
  2     106         0.340
  3     104         0.260
  4     102         0.126
  5     100         0.050

Detector: BL_W130_T2.0_D15
Best Detection: 108 mmHg (confidence: 0.420)
Top 10 readings:
  Rank  Pressure    Confidence  
  ------------------------------
  1     108         0.420
  2     106         0.340
  3     104         0.260
  4     102         0.126
  5     100         0.050

Detector: BL_W130_T2.0_D20
Best Detection: 108 mmHg (confidence: 0.420)
Top 10 readings:
  Rank  Pressure    Confidence  
  ------------------------------
  1     108         0.420
  2     106         0.340
  3     104         0.260
  4     102         0.126
  5     100         0.050

Detector: BL_W130_T2.0_D25
Best Detection: 108 mmHg (confidence: 0.420)
Top 10 readings:
  Rank  Pressure    Confidence  
  ------------------------------
  1     108         0.420
  2     106         0.340
  3     104         0.260
  4     102         0.126
  5     100         0.050

Detector: BL_W130_T2.0_D30
Best Detection: 108 mmHg (confidence: 0.420)
Top 10 readings:
  Rank  Pressure    Confidence  
  ------------------------------
  1     108         0.420
  2     106         0.340
  3     104         0.260
  4     102         0.126
  5     100         0.050

Detector: BL_W130_T2.0_D40
Best Detection: 108 mmHg (confidence: 0.420)
Top 10 readings:
  Rank  Pressure    Confidence  
  ------------------------------
  1     108         0.420
  2     106         0.340
  3     104         0.260
  4     102         0.126
  5     100         0.050

Detector: BL_W130_T2.2_D2
Best Detection: 108 mmHg (confidence: 0.126)
Top 10 readings:
  Rank  Pressure    Confidence  
  ------------------------------
  1     108         0.126
  2     100         0.050
  3     106         0.010

Detector: BL_W130_T2.2_D4
Best Detection: 108 mmHg (confidence: 0.126)
Top 10 readings:
  Rank  Pressure    Confidence  
  ------------------------------
  1     108         0.126
  2     100         0.050
  3     106         0.010

Detector: BL_W130_T2.2_D6
Best Detection: 108 mmHg (confidence: 0.126)
Top 10 readings:
  Rank  Pressure    Confidence  
  ------------------------------
  1     108         0.126
  2     100         0.050
  3     106         0.010

Detector: BL_W130_T2.2_D8
Best Detection: 108 mmHg (confidence: 0.126)
Top 10 readings:
  Rank  Pressure    Confidence  
  ------------------------------
  1     108         0.126
  2     100         0.050
  3     106         0.010

Detector: BL_W130_T2.2_D10
Best Detection: 108 mmHg (confidence: 0.126)
Top 10 readings:
  Rank  Pressure    Confidence  
  ------------------------------
  1     108         0.126
  2     100         0.050
  3     106         0.010

Detector: BL_W130_T2.2_D15
Best Detection: 108 mmHg (confidence: 0.126)
Top 10 readings:
  Rank  Pressure    Confidence  
  ------------------------------
  1     108         0.126
  2     100         0.050
  3     106         0.010

Detector: BL_W130_T2.2_D20
Best Detection: 108 mmHg (confidence: 0.126)
Top 10 readings:
  Rank  Pressure    Confidence  
  ------------------------------
  1     108         0.126
  2     100         0.050
  3     106         0.010

Detector: BL_W130_T2.2_D25
Best Detection: 108 mmHg (confidence: 0.126)
Top 10 readings:
  Rank  Pressure    Confidence  
  ------------------------------
  1     108         0.126
  2     100         0.050
  3     106         0.010

Detector: BL_W130_T2.2_D30
Best Detection: 108 mmHg (confidence: 0.126)
Top 10 readings:
  Rank  Pressure    Confidence  
  ------------------------------
  1     108         0.126
  2     100         0.050
  3     106         0.010

Detector: BL_W130_T2.2_D40
Best Detection: 108 mmHg (confidence: 0.126)
Top 10 readings:
  Rank  Pressure    Confidence  
  ------------------------------
  1     108         0.126
  2     100         0.050
  3     106         0.010

Detector: BL_W130_T2.4_D2
Best Detection: 108 mmHg (confidence: 0.126)
Top 10 readings:
  Rank  Pressure    Confidence  
  ------------------------------
  1     108         0.126
  2     106         0.050

Detector: BL_W130_T2.4_D4
Best Detection: 108 mmHg (confidence: 0.126)
Top 10 readings:
  Rank  Pressure    Confidence  
  ------------------------------
  1     108         0.126
  2     106         0.050

Detector: BL_W130_T2.4_D6
Best Detection: 108 mmHg (confidence: 0.126)
Top 10 readings:
  Rank  Pressure    Confidence  
  ------------------------------
  1     108         0.126
  2     106         0.050

Detector: BL_W130_T2.4_D8
Best Detection: 108 mmHg (confidence: 0.126)
Top 10 readings:
  Rank  Pressure    Confidence  
  ------------------------------
  1     108         0.126
  2     106         0.050

Detector: BL_W130_T2.4_D10
Best Detection: 108 mmHg (confidence: 0.126)
Top 10 readings:
  Rank  Pressure    Confidence  
  ------------------------------
  1     108         0.126
  2     106         0.050

Detector: BL_W130_T2.4_D15
Best Detection: 108 mmHg (confidence: 0.126)
Top 10 readings:
  Rank  Pressure    Confidence  
  ------------------------------
  1     108         0.126
  2     106         0.050

Detector: BL_W130_T2.4_D20
Best Detection: 108 mmHg (confidence: 0.126)
Top 10 readings:
  Rank  Pressure    Confidence  
  ------------------------------
  1     108         0.126
  2     106         0.050

Detector: BL_W130_T2.4_D25
Best Detection: 108 mmHg (confidence: 0.126)
Top 10 readings:
  Rank  Pressure    Confidence  
  ------------------------------
  1     108         0.126
  2     106         0.050

Detector: BL_W130_T2.4_D30
Best Detection: 108 mmHg (confidence: 0.126)
Top 10 readings:
  Rank  Pressure    Confidence  
  ------------------------------
  1     108         0.126
  2     106         0.050

Detector: BL_W130_T2.4_D40
Best Detection: 108 mmHg (confidence: 0.126)
Top 10 readings:
  Rank  Pressure    Confidence  
  ------------------------------
  1     108         0.126
  2     106         0.050

Detector: BL_W130_T2.6_D2
Best Detection: 108 mmHg (confidence: 0.126)
Top 10 readings:
  Rank  Pressure    Confidence  
  ------------------------------
  1     108         0.126
  2     106         0.050

Detector: BL_W130_T2.6_D4
Best Detection: 108 mmHg (confidence: 0.126)
Top 10 readings:
  Rank  Pressure    Confidence  
  ------------------------------
  1     108         0.126
  2     106         0.050

Detector: BL_W130_T2.6_D6
Best Detection: 108 mmHg (confidence: 0.126)
Top 10 readings:
  Rank  Pressure    Confidence  
  ------------------------------
  1     108         0.126
  2     106         0.050

Detector: BL_W130_T2.6_D8
Best Detection: 108 mmHg (confidence: 0.126)
Top 10 readings:
  Rank  Pressure    Confidence  
  ------------------------------
  1     108         0.126
  2     106         0.050

Detector: BL_W130_T2.6_D10
Best Detection: 108 mmHg (confidence: 0.126)
Top 10 readings:
  Rank  Pressure    Confidence  
  ------------------------------
  1     108         0.126
  2     106         0.050

Detector: BL_W130_T2.6_D15
Best Detection: 108 mmHg (confidence: 0.126)
Top 10 readings:
  Rank  Pressure    Confidence  
  ------------------------------
  1     108         0.126
  2     106         0.050

Detector: BL_W130_T2.6_D20
Best Detection: 108 mmHg (confidence: 0.126)
Top 10 readings:
  Rank  Pressure    Confidence  
  ------------------------------
  1     108         0.126
  2     106         0.050

Detector: BL_W130_T2.6_D25
Best Detection: 108 mmHg (confidence: 0.126)
Top 10 readings:
  Rank  Pressure    Confidence  
  ------------------------------
  1     108         0.126
  2     106         0.050

Detector: BL_W130_T2.6_D30
Best Detection: 108 mmHg (confidence: 0.126)
Top 10 readings:
  Rank  Pressure    Confidence  
  ------------------------------
  1     108         0.126
  2     106         0.050

Detector: BL_W130_T2.6_D40
Best Detection: 108 mmHg (confidence: 0.126)
Top 10 readings:
  Rank  Pressure    Confidence  
  ------------------------------
  1     108         0.126
  2     106         0.050

Detector: BL_W130_T2.8_D2
Best Detection: 108 mmHg (confidence: 0.050)
Top 10 readings:
  Rank  Pressure    Confidence  
  ------------------------------
  1     108         0.050

Detector: BL_W130_T2.8_D4
Best Detection: 108 mmHg (confidence: 0.050)
Top 10 readings:
  Rank  Pressure    Confidence  
  ------------------------------
  1     108         0.050

Detector: BL_W130_T2.8_D6
Best Detection: 108 mmHg (confidence: 0.050)
Top 10 readings:
  Rank  Pressure    Confidence  
  ------------------------------
  1     108         0.050

Detector: BL_W130_T2.8_D8
Best Detection: 108 mmHg (confidence: 0.050)
Top 10 readings:
  Rank  Pressure    Confidence  
  ------------------------------
  1     108         0.050

Detector: BL_W130_T2.8_D10
Best Detection: 108 mmHg (confidence: 0.050)
Top 10 readings:
  Rank  Pressure    Confidence  
  ------------------------------
  1     108         0.050

Detector: BL_W130_T2.8_D15
Best Detection: 108 mmHg (confidence: 0.050)
Top 10 readings:
  Rank  Pressure    Confidence  
  ------------------------------
  1     108         0.050

Detector: BL_W130_T2.8_D20
Best Detection: 108 mmHg (confidence: 0.050)
Top 10 readings:
  Rank  Pressure    Confidence  
  ------------------------------
  1     108         0.050

Detector: BL_W130_T2.8_D25
Best Detection: 108 mmHg (confidence: 0.050)
Top 10 readings:
  Rank  Pressure    Confidence  
  ------------------------------
  1     108         0.050

Detector: BL_W130_T2.8_D30
Best Detection: 108 mmHg (confidence: 0.050)
Top 10 readings:
  Rank  Pressure    Confidence  
  ------------------------------
  1     108         0.050

Detector: BL_W130_T2.8_D40
Best Detection: 108 mmHg (confidence: 0.050)
Top 10 readings:
  Rank  Pressure    Confidence  
  ------------------------------
  1     108         0.050

Detector: BL_W130_T3.0_D2
Best Detection: 108 mmHg (confidence: 0.050)
Top 10 readings:
  Rank  Pressure    Confidence  
  ------------------------------
  1     108         0.050

Detector: BL_W130_T3.0_D4
Best Detection: 108 mmHg (confidence: 0.050)
Top 10 readings:
  Rank  Pressure    Confidence  
  ------------------------------
  1     108         0.050

Detector: BL_W130_T3.0_D6
Best Detection: 108 mmHg (confidence: 0.050)
Top 10 readings:
  Rank  Pressure    Confidence  
  ------------------------------
  1     108         0.050

Detector: BL_W130_T3.0_D8
Best Detection: 108 mmHg (confidence: 0.050)
Top 10 readings:
  Rank  Pressure    Confidence  
  ------------------------------
  1     108         0.050

Detector: BL_W130_T3.0_D10
Best Detection: 108 mmHg (confidence: 0.050)
Top 10 readings:
  Rank  Pressure    Confidence  
  ------------------------------
  1     108         0.050

Detector: BL_W130_T3.0_D15
Best Detection: 108 mmHg (confidence: 0.050)
Top 10 readings:
  Rank  Pressure    Confidence  
  ------------------------------
  1     108         0.050

Detector: BL_W130_T3.0_D20
Best Detection: 108 mmHg (confidence: 0.050)
Top 10 readings:
  Rank  Pressure    Confidence  
  ------------------------------
  1     108         0.050

Detector: BL_W130_T3.0_D25
Best Detection: 108 mmHg (confidence: 0.050)
Top 10 readings:
  Rank  Pressure    Confidence  
  ------------------------------
  1     108         0.050

Detector: BL_W130_T3.0_D30
Best Detection: 108 mmHg (confidence: 0.050)
Top 10 readings:
  Rank  Pressure    Confidence  
  ------------------------------
  1     108         0.050

Detector: BL_W130_T3.0_D40
Best Detection: 108 mmHg (confidence: 0.050)
Top 10 readings:
  Rank  Pressure    Confidence  
  ------------------------------
  1     108         0.050

